vehicle_number,device_id,speed,total_distance,fuel,data_received,latitude,longitude,location_text,scraped_at
TN12AU6687,353201357706339,0.0,0.0,87.0,03/09/2025 18:27:02,13.1179083,80.262915,262915,2025-09-04T23:29:43.102597
TN12AU6687,353201357706339,0.0,0.0,87.0,03/09/2025 18:26:32,13.1179083,80.262915,262915,2025-09-04T23:29:43.102846
TN12AU6687,353201357706339,0.0,0.0,87.0,03/09/2025 18:26:02,13.1179083,80.262915,262915,2025-09-04T23:29:43.103058
TN12AU6687,353201357706339,0.0,0.0,87.0,03/09/2025 18:25:32,13.1179083,80.262915,262915,2025-09-04T23:29:43.103246
TN12AU6687,353201357706339,0.0,0.0,87.0,03/09/2025 18:25:02,13.1179083,80.262915,262915,2025-09-04T23:29:43.103484
TN12AU6687,353201357706339,0.0,0.0,87.0,03/09/2025 18:24:32,13.1179083,80.262915,262915,2025-09-04T23:29:43.103717
TN12AU6687,353201357706339,0.0,0.0,87.0,03/09/2025 18:24:02,13.1179083,80.262915,262915,2025-09-04T23:29:43.103962
TN12AU6687,353201357706339,0.0,0.0,87.0,03/09/2025 18:23:32,13.1179083,80.262915,262915,2025-09-04T23:29:43.104161
TN12AU6687,353201357706339,0.0,0.0,87.0,03/09/2025 18:23:02,13.1179083,80.262915,262915,2025-09-04T23:29:43.104351
TN12AU6687,353201357706339,0.0,0.0,87.0,03/09/2025 18:22:32,13.1179083,80.262915,262915,2025-09-04T23:29:43.104585
TN12AU6687,353201357706339,0.0,0.0,87.0,03/09/2025 18:22:02,13.1179083,80.262915,262915,2025-09-04T23:29:43.104811
TN12AU6687,353201357706339,0.0,0.0,87.0,03/09/2025 18:21:32,13.1179083,80.262915,262915,2025-09-04T23:29:43.105039
TN12AU6687,353201357706339,0.0,0.0,87.0,03/09/2025 18:21:02,13.1179083,80.262915,262915,2025-09-04T23:29:43.105250
TN12AU6687,353201357706339,0.0,0.0,87.0,03/09/2025 18:20:32,13.1179083,80.262915,262915,2025-09-04T23:29:43.105474
TN12AU6687,353201357706339,0.0,0.0,87.0,03/09/2025 18:20:02,13.1179083,80.262915,262915,2025-09-04T23:29:43.105694
TN12AU6687,353201357706339,0.0,0.0,87.0,03/09/2025 18:19:32,13.1179083,80.262915,262915,2025-09-04T23:29:43.105892
TN12AU6687,353201357706339,0.0,0.0,87.0,03/09/2025 18:19:02,13.1179083,80.262915,262915,2025-09-04T23:29:43.106094
TN12AU6687,353201357706339,0.0,0.0,87.0,03/09/2025 18:18:32,13.1179083,80.262915,262915,2025-09-04T23:29:43.106285
TN12AU6687,353201357706339,0.0,0.0,87.0,03/09/2025 18:18:02,13.1179083,80.262915,262915,2025-09-04T23:29:43.106501
TN12AU6687,353201357706339,0.0,0.0,87.0,03/09/2025 18:17:32,13.1179083,80.262915,262915,2025-09-04T23:29:43.106691
TN12AU6687,353201357706339,0.0,0.0,87.0,03/09/2025 18:17:02,13.1179083,80.262915,262915,2025-09-04T23:29:43.106869
TN12AU6687,353201357706339,0.0,0.0,87.0,03/09/2025 18:16:32,13.1179083,80.262915,262915,2025-09-04T23:29:43.107027
TN12AU6687,353201357706339,0.0,0.0,87.0,03/09/2025 18:16:02,13.1179083,80.262915,262915,2025-09-04T23:29:43.107229
TN12AU6687,353201357706339,0.0,0.0,87.0,03/09/2025 18:15:32,13.1179083,80.262915,262915,2025-09-04T23:29:43.107426
TN12AU6687,353201357706339,0.0,0.0,87.0,03/09/2025 18:15:02,13.1179083,80.262915,262915,2025-09-04T23:29:43.107636
TN12AU6687,353201357706339,0.0,0.0,87.0,03/09/2025 18:14:32,13.1179083,80.262915,262915,2025-09-04T23:29:43.107850
TN12AU6687,353201357706339,0.0,0.0,87.0,03/09/2025 18:14:02,13.1179083,80.262915,262915,2025-09-04T23:29:43.108054
TN12AU6687,353201357706339,0.0,0.0,87.0,03/09/2025 18:13:32,13.1179083,80.262915,262915,2025-09-04T23:29:43.108272
TN12AU6687,353201357706339,0.0,0.0,87.0,03/09/2025 18:13:02,13.1179083,80.262915,262915,2025-09-04T23:29:43.108470
TN12AU6687,353201357706339,0.0,0.0,87.0,03/09/2025 18:12:32,13.1179083,80.262915,262915,2025-09-04T23:29:43.108643
TN12AU6687,353201357706339,0.0,0.0,87.0,03/09/2025 18:12:02,13.1179083,80.262915,262915,2025-09-04T23:29:43.108827
TN12AU6687,353201357706339,0.0,0.0,87.0,03/09/2025 18:11:32,13.1179083,80.262915,262915,2025-09-04T23:29:43.109028
TN12AU6687,353201357706339,0.0,0.0,87.0,03/09/2025 18:11:02,13.1179083,80.262915,262915,2025-09-04T23:29:43.109220
TN12AU6687,353201357706339,0.0,0.0,87.0,03/09/2025 18:10:32,13.1179083,80.262915,262915,2025-09-04T23:29:43.109411
TN12AU6687,353201357706339,0.0,0.0,87.0,03/09/2025 18:10:02,13.1179083,80.262915,262915,2025-09-04T23:29:43.109582
TN12AU6687,353201357706339,0.0,0.0,87.0,03/09/2025 18:09:32,13.1179083,80.262915,262915,2025-09-04T23:29:43.109755
TN12AU6687,353201357706339,0.0,0.0,87.0,03/09/2025 18:09:02,13.1179083,80.262915,262915,2025-09-04T23:29:43.109913
TN12AU6687,353201357706339,0.0,0.0,87.0,03/09/2025 18:08:32,13.1179083,80.262915,262915,2025-09-04T23:29:43.110078
TN12AU6687,353201357706339,0.0,0.0,87.0,03/09/2025 18:08:02,13.1179083,80.262915,262915,2025-09-04T23:29:43.110240
TN12AU6687,353201357706339,0.0,0.0,87.0,03/09/2025 18:07:32,13.1179083,80.262915,262915,2025-09-04T23:29:43.110399
TN12AU6687,353201357706339,0.0,0.0,87.0,03/09/2025 18:07:02,13.1179083,80.262915,262915,2025-09-04T23:29:43.110578
TN12AU6687,353201357706339,0.0,0.0,86.0,03/09/2025 18:06:32,13.1179083,80.262915,262915,2025-09-04T23:29:43.110751
TN12AU6687,353201357706339,0.0,0.0,85.0,03/09/2025 18:06:02,13.1179083,80.262915,262915,2025-09-04T23:29:43.110917
TN12AU6687,353201357706339,0.0,0.0,83.0,03/09/2025 18:05:32,13.1179083,80.262915,262915,2025-09-04T23:29:43.111083
TN12AU6687,353201357706339,0.0,0.0,83.0,03/09/2025 18:05:30,13.1179083,80.262915,262915,2025-09-04T23:29:43.111241
TN12AU6687,353201357706339,0.0,0.0,83.0,03/09/2025 18:05:29,13.1179083,80.262915,262915,2025-09-04T23:29:43.111397
TN12AU6687,353201357706339,0.0,0.0,83.0,03/09/2025 18:05:24,13.1179083,80.262915,262915,2025-09-04T23:29:43.111565
TN12AU6687,353201357706339,0.0,0.0,83.0,03/09/2025 18:05:19,13.1179083,80.262915,262915,2025-09-04T23:29:43.111722
TN12AU6687,353201357706339,0.0,0.0,83.0,03/09/2025 18:05:14,13.1179083,80.262915,262915,2025-09-04T23:29:43.111897
TN12AU6687,353201357706339,0.0,0.0,80.0,03/09/2025 18:05:09,13.1179083,80.262915,262915,2025-09-04T23:29:43.112112
TN12AU6687,353201357706339,0.0,0.0,80.0,03/09/2025 18:05:04,13.1179083,80.262915,262915,2025-09-04T23:29:43.112377
TN12AU6687,353201357706339,0.0,0.0,80.0,03/09/2025 18:04:59,13.1179083,80.262915,262915,2025-09-04T23:29:43.112566
TN12AU6687,353201357706339,0.0,0.0,80.0,03/09/2025 18:04:54,13.1179083,80.262915,262915,2025-09-04T23:29:43.112758
TN12AU6687,353201357706339,0.0,0.0,80.0,03/09/2025 18:04:49,13.1179083,80.262915,262915,2025-09-04T23:29:43.112962
TN12AU6687,353201357706339,0.0,0.0,80.0,03/09/2025 18:04:44,13.1179083,80.262915,262915,2025-09-04T23:29:43.113166
TN12AU6687,353201357706339,0.0,0.0,77.0,03/09/2025 18:04:39,13.1179083,80.262915,262915,2025-09-04T23:29:43.113408
TN12AU6687,353201357706339,0.0,0.0,77.0,03/09/2025 18:04:34,13.1179083,80.262915,262915,2025-09-04T23:29:43.113624
TN12AU6687,353201357706339,0.0,0.0,77.0,03/09/2025 18:04:29,13.1179083,80.262915,262915,2025-09-04T23:29:43.113850
TN12AU6687,353201357706339,0.0,0.0,77.0,03/09/2025 18:04:27,13.1179083,80.262915,262915,2025-09-04T23:29:43.114071
TN12AU6687,353201357706339,0.0,0.0,77.0,03/09/2025 18:04:10,13.1179083,80.262915,262915,2025-09-04T23:29:43.114298
TN12AU6687,353201357706339,0.0,0.0,75.0,03/09/2025 18:03:40,13.1179083,80.262915,262915,2025-09-04T23:29:43.114494
TN12AU6687,353201357706339,0.0,0.0,75.0,03/09/2025 18:03:39,13.1179083,80.262915,262915,2025-09-04T23:29:43.114696
TN12AU6687,353201357706339,0.0,0.0,75.0,03/09/2025 18:03:39,13.1179083,80.262915,262915,2025-09-04T23:29:43.114893
TN12AU6687,353201357706339,0.0,0.0,75.0,03/09/2025 18:03:34,13.1179083,80.262915,262915,2025-09-04T23:29:43.115085
TN12AU6687,353201357706339,0.0,0.0,75.0,03/09/2025 18:03:29,13.1179083,80.262915,262915,2025-09-04T23:29:43.115259
TN12AU6687,353201357706339,0.0,0.0,75.0,03/09/2025 18:03:24,13.1179083,80.262915,262915,2025-09-04T23:29:43.115444
TN12AU6687,353201357706339,0.0,0.0,75.0,03/09/2025 18:03:19,13.1179083,80.262915,262915,2025-09-04T23:29:43.115614
TN12AU6687,353201357706339,0.0,0.0,75.0,03/09/2025 18:03:14,13.1179083,80.262915,262915,2025-09-04T23:29:43.115764
TN12AU6687,353201357706339,0.0,0.0,75.0,03/09/2025 18:03:09,13.1179083,80.262915,262915,2025-09-04T23:29:43.115979
TN12AU6687,353201357706339,0.0,0.0,75.0,03/09/2025 18:03:04,13.1179083,80.262915,262915,2025-09-04T23:29:43.116164
TN12AU6687,353201357706339,0.0,0.0,75.0,03/09/2025 18:02:59,13.1179083,80.262915,262915,2025-09-04T23:29:43.116339
TN12AU6687,353201357706339,0.0,0.0,75.0,03/09/2025 18:02:54,13.1179083,80.262915,262915,2025-09-04T23:29:43.116494
TN12AU6687,353201357706339,0.0,0.0,75.0,03/09/2025 18:02:49,13.1179083,80.262915,262915,2025-09-04T23:29:43.116656
TN12AU6687,353201357706339,0.0,0.0,75.0,03/09/2025 18:02:44,13.1179083,80.262915,262915,2025-09-04T23:29:43.116833
TN12AU6687,353201357706339,0.0,0.0,75.0,03/09/2025 18:02:39,13.1179083,80.262915,262915,2025-09-04T23:29:43.117013
TN12AU6687,353201357706339,0.0,0.0,74.0,03/09/2025 18:02:34,13.1179083,80.262915,262915,2025-09-04T23:29:43.117203
TN12AU6687,353201357706339,0.0,0.0,74.0,03/09/2025 18:02:29,13.1179083,80.262915,262915,2025-09-04T23:29:43.117391
TN12AU6687,353201357706339,0.0,0.0,74.0,03/09/2025 18:02:24,13.1179083,80.262915,262915,2025-09-04T23:29:43.117566
TN12AU6687,353201357706339,0.0,0.0,74.0,03/09/2025 18:02:19,13.1179083,80.262915,262915,2025-09-04T23:29:43.117767
TN12AU6687,353201357706339,0.0,0.0,74.0,03/09/2025 18:02:14,13.1179083,80.262915,262915,2025-09-04T23:29:43.117970
TN12AU6687,353201357706339,0.0,0.0,74.0,03/09/2025 18:02:09,13.1179083,80.262915,262915,2025-09-04T23:29:43.118172
TN12AU6687,353201357706339,0.0,0.0,73.0,03/09/2025 18:02:04,13.1179083,80.262915,262915,2025-09-04T23:29:43.118332
TN12AU6687,353201357706339,0.0,0.0,73.0,03/09/2025 18:01:59,13.11791,80.262915,262915,2025-09-04T23:29:43.118519
TN12AU6687,353201357706339,0.0,0.0,73.0,03/09/2025 18:01:54,13.1179583,80.2628366,2628366,2025-09-04T23:29:43.118700
TN12AU6687,353201357706339,0.0,0.0,73.0,03/09/2025 18:01:49,13.1179583,80.2628366,2628366,2025-09-04T23:29:43.118899
TN12AU6687,353201357706339,0.0,0.0,73.0,03/09/2025 18:01:44,13.1179583,80.2628366,2628366,2025-09-04T23:29:43.119076
TN12AU6687,353201357706339,0.0,0.0,73.0,03/09/2025 18:01:39,13.1179583,80.2628366,2628366,2025-09-04T23:29:43.119248
TN12AU6687,353201357706339,0.0,0.0,73.0,03/09/2025 18:01:34,13.1179583,80.2628366,2628366,2025-09-04T23:29:43.119663
TN12AU6687,353201357706339,0.0,0.0,73.0,03/09/2025 18:01:29,13.1179583,80.2628366,2628366,2025-09-04T23:29:43.119875
TN12AU6687,353201357706339,0.0,0.0,73.0,03/09/2025 18:01:24,13.1179583,80.2628366,2628366,2025-09-04T23:29:43.120062
TN12AU6687,353201357706339,0.0,0.0,73.0,03/09/2025 18:01:19,13.1179583,80.2628366,2628366,2025-09-04T23:29:43.120245
TN12AU6687,353201357706339,0.0,0.0,73.0,03/09/2025 18:01:14,13.1179583,80.2628366,2628366,2025-09-04T23:29:43.120391
TN12AU6687,353201357706339,0.0,0.0,73.0,03/09/2025 18:01:09,13.1179583,80.2628366,2628366,2025-09-04T23:29:43.120518
TN12AU6687,353201357706339,0.0,0.0,73.0,03/09/2025 18:01:04,13.1179583,80.2628366,2628366,2025-09-04T23:29:43.120655
TN12AU6687,353201357706339,0.0,0.0,73.0,03/09/2025 18:00:59,13.1179583,80.2628366,2628366,2025-09-04T23:29:43.120797
TN12AU6687,353201357706339,0.0,0.0,73.0,03/09/2025 18:00:54,13.1179583,80.2628366,2628366,2025-09-04T23:29:43.120966
TN12AU6687,353201357706339,4.0,0.01,73.0,03/09/2025 18:00:49,13.1179633,80.26287,26287,2025-09-04T23:29:43.121114
TN12AU6687,353201357706339,0.0,0.01,73.0,03/09/2025 18:00:44,13.1179533,80.2629733,2629733,2025-09-04T23:29:43.121252
TN12AU6687,353201357706339,0.0,0.01,73.0,03/09/2025 18:00:39,13.1179533,80.2629733,2629733,2025-09-04T23:29:43.121389
TN12AU6687,353201357706339,0.0,0.01,73.0,03/09/2025 18:00:34,13.1179533,80.2629733,2629733,2025-09-04T23:29:43.121544
TN12AU6687,353201357706339,0.0,0.01,73.0,03/09/2025 18:00:29,13.1179533,80.2629733,2629733,2025-09-04T23:29:43.121675
TN12AU6687,353201357706339,5.0,0.02,73.0,03/09/2025 18:00:24,13.1179366,80.2629966,2629966,2025-09-04T23:29:43.121810
TN12AU6687,353201357706339,5.0,0.03,73.0,03/09/2025 18:00:19,13.1178766,80.2630116,2630116,2025-09-04T23:29:43.121938
TN12AU6687,353201357706339,7.0,0.03,73.0,03/09/2025 18:00:14,13.1177849,80.2630299,2630299,2025-09-04T23:29:43.122071
TN12AU6687,353201357706339,7.0,0.04,73.0,03/09/2025 18:00:13,13.117765,80.2630283,2630283,2025-09-04T23:29:43.122222
TN12AU6687,353201357706339,8.0,0.04,73.0,03/09/2025 18:00:09,13.11768,80.2629783,2629783,2025-09-04T23:29:43.122352
TN12AU6687,353201357706339,9.0,0.05,74.0,03/09/2025 18:00:08,13.1176616,80.2629616,2629616,2025-09-04T23:29:43.122498
TN12AU6687,353201357706339,11.0,0.05,74.0,03/09/2025 18:00:07,13.1176466,80.2629433,2629433,2025-09-04T23:29:43.122693
TN12AU6687,353201357706339,9.0,0.06,74.0,03/09/2025 18:00:05,13.1176283,80.2628866,2628866,2025-09-04T23:29:43.122875
TN12AU6687,353201357706339,12.0,0.07,74.0,03/09/2025 18:00:02,13.11763,80.2628033,2628033,2025-09-04T23:29:43.123103
TN12AU6687,353201357706339,13.0,0.08,74.0,03/09/2025 17:59:59,13.1176433,80.2627016,2627016,2025-09-04T23:29:43.123292
TN12AU6687,353201357706339,11.0,0.09,74.0,03/09/2025 17:59:57,13.11763,80.2626366,2626366,2025-09-04T23:29:43.123476
TN12AU6687,353201357706339,11.0,0.1,74.0,03/09/2025 17:59:55,13.1176016,80.262585,262585,2025-09-04T23:29:43.123667
TN12AU6687,353201357706339,9.0,0.11,74.0,03/09/2025 17:59:50,13.1175066,80.2624633,2624633,2025-09-04T23:29:43.123830
TN12AU6687,353201357706339,6.0,0.11,74.0,03/09/2025 17:59:48,13.1174816,80.262415,262415,2025-09-04T23:29:43.124010
TN12AU6687,353201357706339,6.0,0.11,74.0,03/09/2025 17:59:47,13.1174766,80.2623983,2623983,2025-09-04T23:29:43.124155
TN12AU6687,353201357706339,7.0,0.12,74.0,03/09/2025 17:59:46,13.117475,80.2623799,2623799,2025-09-04T23:29:43.124296
TN12AU6687,353201357706339,0.0,0.12,74.0,03/09/2025 17:59:41,13.1174566,80.2623166,2623166,2025-09-04T23:29:43.124491
TN12AU6687,353201357706339,0.0,0.12,74.0,03/09/2025 17:59:36,13.1174516,80.2623066,2623066,2025-09-04T23:29:43.124673
TN12AU6687,353201357706339,5.0,0.13,74.0,03/09/2025 17:59:31,13.1174166,80.26224,26224,2025-09-04T23:29:43.124859
TN12AU6687,353201357706339,5.0,0.14,74.0,03/09/2025 17:59:26,13.117435,80.2621783,2621783,2025-09-04T23:29:43.125051
TN12AU6687,353201357706339,7.0,0.15,74.0,03/09/2025 17:59:21,13.1175083,80.2621533,2621533,2025-09-04T23:29:43.125207
TN12AU6687,353201357706339,6.0,0.15,74.0,03/09/2025 17:59:16,13.1175933,80.2621033,2621033,2025-09-04T23:29:43.125448
TN12AU6687,353201357706339,0.0,0.15,74.0,03/09/2025 17:59:11,13.11765,80.2620683,2620683,2025-09-04T23:29:43.125654
TN12AU6687,353201357706339,0.0,0.15,74.0,03/09/2025 17:59:06,13.1176516,80.262065,262065,2025-09-04T23:29:43.125836
TN12AU6687,353201357706339,5.0,0.16,74.0,03/09/2025 17:59:01,13.1177166,80.2620233,2620233,2025-09-04T23:29:43.126048
TN12AU6687,353201357706339,8.0,0.17,74.0,03/09/2025 17:58:56,13.1177749,80.2619616,2619616,2025-09-04T23:29:43.126265
TN12AU6687,353201357706339,4.0,0.18,74.0,03/09/2025 17:58:52,13.117815,80.2619033,2619033,2025-09-04T23:29:43.126485
TN12AU6687,353201357706339,7.0,0.19,74.0,03/09/2025 17:58:47,13.1178783,80.2618299,2618299,2025-09-04T23:29:43.126719
TN12AU6687,353201357706339,11.0,0.21,74.0,03/09/2025 17:58:44,13.11792,80.2617666,2617666,2025-09-04T23:29:43.126919
TN12AU6687,353201357706339,18.0,0.23,74.0,03/09/2025 17:58:39,13.1180166,80.2615849,2615849,2025-09-04T23:29:43.127119
TN12AU6687,353201357706339,22.0,0.26,74.0,03/09/2025 17:58:35,13.1180866,80.26143,26143,2025-09-04T23:29:43.127317
TN12AU6687,353201357706339,36.0,0.32,74.0,03/09/2025 17:58:31,13.11816,80.2611416,2611416,2025-09-04T23:29:43.127518
TN12AU6687,353201357706339,33.0,0.36,74.0,03/09/2025 17:58:26,13.1182333,80.2606633,2606633,2025-09-04T23:29:43.127721
TN12AU6687,353201357706339,28.0,0.4,74.0,03/09/2025 17:58:21,13.11828,80.260285,260285,2025-09-04T23:29:43.127898
TN12AU6687,353201357706339,25.0,0.43,74.0,03/09/2025 17:58:16,13.118345,80.2599116,2599116,2025-09-04T23:29:43.128064
TN12AU6687,353201357706339,15.0,0.43,72.0,03/09/2025 17:58:11,13.1183649,80.259625,259625,2025-09-04T23:29:43.128264
TN12AU6687,353201357706339,13.0,0.44,72.0,03/09/2025 17:58:10,13.1183766,80.25959,25959,2025-09-04T23:29:43.128468
TN12AU6687,353201357706339,11.0,0.44,72.0,03/09/2025 17:58:09,13.1183966,80.2595633,2595633,2025-09-04T23:29:43.128654
TN12AU6687,353201357706339,8.0,0.45,72.0,03/09/2025 17:58:07,13.11844,80.25954,25954,2025-09-04T23:29:43.128819
TN12AU6687,353201357706339,8.0,0.45,72.0,03/09/2025 17:58:05,13.1184883,80.2595516,2595516,2025-09-04T23:29:43.128966
TN12AU6687,353201357706339,13.0,0.47,72.0,03/09/2025 17:58:03,13.1185416,80.2595516,2595516,2025-09-04T23:29:43.129108
TN12AU6687,353201357706339,10.0,0.49,72.0,03/09/2025 17:57:58,13.1187099,80.2595483,2595483,2025-09-04T23:29:43.129241
TN12AU6687,353201357706339,0.0,0.49,72.0,03/09/2025 17:57:53,13.1189033,80.25952,25952,2025-09-04T23:29:43.129395
TN12AU6687,353201357706339,0.0,0.49,71.0,03/09/2025 17:57:37,13.1189033,80.25952,25952,2025-09-04T23:29:43.129540
TN12AU6687,353201357706339,0.0,0.49,71.0,03/09/2025 17:57:07,13.1189033,80.25952,25952,2025-09-04T23:29:43.129684
TN12AU6687,353201357706339,0.0,0.49,71.0,03/09/2025 17:57:03,13.1189033,80.25952,25952,2025-09-04T23:29:43.129842
TN12AU6687,353201357706339,0.0,0.49,71.0,03/09/2025 17:56:58,13.1189033,80.25952,25952,2025-09-04T23:29:43.129973
TN12AU6687,353201357706339,0.0,0.49,71.0,03/09/2025 17:56:53,13.1189033,80.25952,25952,2025-09-04T23:29:43.130122
TN12AU6687,353201357706339,0.0,0.49,71.0,03/09/2025 17:56:48,13.1189033,80.25952,25952,2025-09-04T23:29:43.130294
TN12AU6687,353201357706339,0.0,0.49,71.0,03/09/2025 17:56:43,13.1189033,80.25952,25952,2025-09-04T23:29:43.130434
TN12AU6687,353201357706339,0.0,0.49,71.0,03/09/2025 17:56:38,13.1189033,80.25952,25952,2025-09-04T23:29:43.130570
TN12AU6687,353201357706339,0.0,0.49,71.0,03/09/2025 17:56:33,13.1189033,80.25952,25952,2025-09-04T23:29:43.130702
TN12AU6687,353201357706339,0.0,0.49,71.0,03/09/2025 17:56:28,13.1189033,80.25952,25952,2025-09-04T23:29:43.130831
TN12AU6687,353201357706339,0.0,0.49,71.0,03/09/2025 17:56:23,13.1189033,80.25952,25952,2025-09-04T23:29:43.130987
TN12AU6687,353201357706339,0.0,0.49,71.0,03/09/2025 17:56:18,13.1189033,80.25952,25952,2025-09-04T23:29:43.131126
TN12AU6687,353201357706339,0.0,0.49,71.0,03/09/2025 17:56:13,13.1189033,80.25952,25952,2025-09-04T23:29:43.131282
TN12AU6687,353201357706339,0.0,0.49,72.0,03/09/2025 17:56:08,13.1189033,80.25952,25952,2025-09-04T23:29:43.131454
TN12AU6687,353201357706339,0.0,0.49,72.0,03/09/2025 17:56:03,13.1189033,80.25952,25952,2025-09-04T23:29:43.131683
TN12AU6687,353201357706339,0.0,0.49,72.0,03/09/2025 17:55:58,13.1189033,80.25952,25952,2025-09-04T23:29:43.131875
TN12AU6687,353201357706339,0.0,0.49,72.0,03/09/2025 17:55:53,13.1189083,80.2595216,2595216,2025-09-04T23:29:43.132080
TN12AU6687,353201357706339,12.0,0.52,72.0,03/09/2025 17:55:48,13.1190116,80.2594916,2594916,2025-09-04T23:29:43.132276
TN12AU6687,353201357706339,11.0,0.54,72.0,03/09/2025 17:55:43,13.1192083,80.2595016,2595016,2025-09-04T23:29:43.132464
TN12AU6687,353201357706339,16.0,0.55,73.0,03/09/2025 17:55:38,13.1194033,80.2595183,2595183,2025-09-04T23:29:43.132668
TN12AU6687,353201357706339,6.0,0.56,73.0,03/09/2025 17:55:34,13.119545,80.2595116,2595116,2025-09-04T23:29:43.132850
TN12AU6687,353201357706339,0.0,0.56,73.0,03/09/2025 17:55:30,13.1195683,80.259505,259505,2025-09-04T23:29:43.133041
TN12AU6687,353201357706339,0.0,0.56,73.0,03/09/2025 17:55:25,13.1195683,80.259505,259505,2025-09-04T23:29:43.133221
TN12AU6687,353201357706339,9.0,0.57,73.0,03/09/2025 17:55:20,13.1195783,80.2595066,2595066,2025-09-04T23:29:43.133396
TN12AU6687,353201357706339,15.0,0.59,73.0,03/09/2025 17:55:16,13.1197033,80.2595016,2595016,2025-09-04T23:29:43.133562
TN12AU6687,353201357706339,14.0,0.62,73.0,03/09/2025 17:55:11,13.1198866,80.2594666,2594666,2025-09-04T23:29:43.133737
TN12AU6687,353201357706339,23.0,0.66,73.0,03/09/2025 17:55:06,13.1201316,80.2594549,2594549,2025-09-04T23:29:43.133907
TN12AU6687,353201357706339,27.0,0.69,73.0,03/09/2025 17:55:01,13.1204816,80.25943,25943,2025-09-04T23:29:43.134075
TN12AU6687,353201357706339,23.0,0.73,73.0,03/09/2025 17:54:56,13.1208066,80.2594216,2594216,2025-09-04T23:29:43.134238
TN12AU6687,353201357706339,24.0,0.76,73.0,03/09/2025 17:54:51,13.1210916,80.2594099,2594099,2025-09-04T23:29:43.134403
TN12AU6687,353201357706339,20.0,0.79,73.0,03/09/2025 17:54:46,13.1213933,80.2594183,2594183,2025-09-04T23:29:43.134567
TN12AU6687,353201357706339,23.0,0.8,73.0,03/09/2025 17:54:42,13.121645,80.2594333,2594333,2025-09-04T23:29:43.134738
TN12AU6687,353201357706339,19.0,0.82,74.0,03/09/2025 17:54:40,13.1217633,80.2594266,2594266,2025-09-04T23:29:43.134900
TN12AU6687,353201357706339,8.0,0.82,74.0,03/09/2025 17:54:36,13.1219116,80.2594099,2594099,2025-09-04T23:29:43.135068
TN12AU6687,353201357706339,8.0,0.84,74.0,03/09/2025 17:54:34,13.1219566,80.2594016,2594016,2025-09-04T23:29:43.135252
TN12AU6687,353201357706339,18.0,0.87,74.0,03/09/2025 17:54:30,13.1220916,80.259385,259385,2025-09-04T23:29:43.135406
TN12AU6687,353201357706339,14.0,0.88,74.0,03/09/2025 17:54:25,13.1223583,80.259395,259395,2025-09-04T23:29:43.135560
TN12AU6687,353201357706339,16.0,0.9,74.0,03/09/2025 17:54:22,13.1224766,80.259395,259395,2025-09-04T23:29:43.135775
TN12AU6687,353201357706339,9.0,0.9,74.0,03/09/2025 17:54:17,13.1226466,80.25935,25935,2025-09-04T23:29:43.135963
TN12AU6687,353201357706339,9.0,0.91,74.0,03/09/2025 17:54:16,13.1226716,80.2593416,2593416,2025-09-04T23:29:43.136132
TN12AU6687,353201357706339,9.0,0.92,74.0,03/09/2025 17:54:13,13.1227516,80.2593316,2593316,2025-09-04T23:29:43.136326
TN12AU6687,353201357706339,13.0,0.94,74.0,03/09/2025 17:54:11,13.1228149,80.2593316,2593316,2025-09-04T23:29:43.136524
TN12AU6687,353201357706339,6.0,0.94,75.0,03/09/2025 17:54:06,13.1229633,80.259325,259325,2025-09-04T23:29:43.136737
TN12AU6687,353201357706339,6.0,0.94,75.0,03/09/2025 17:54:05,13.1229833,80.2593266,2593266,2025-09-04T23:29:43.136959
TN12AU6687,353201357706339,6.0,0.94,75.0,03/09/2025 17:54:04,13.1230033,80.259325,259325,2025-09-04T23:29:43.137180
TN12AU6687,353201357706339,7.0,0.96,75.0,03/09/2025 17:54:02,13.1230416,80.2593283,2593283,2025-09-04T23:29:43.137400
TN12AU6687,353201357706339,13.0,0.98,75.0,03/09/2025 17:53:57,13.1231533,80.2593283,2593283,2025-09-04T23:29:43.137630
TN12AU6687,353201357706339,28.0,1.02,75.0,03/09/2025 17:53:53,13.1233733,80.2593166,2593166,2025-09-04T23:29:43.137842
TN12AU6687,353201357706339,23.0,1.05,75.0,03/09/2025 17:53:48,13.123715,80.2593016,2593016,2025-09-04T23:29:43.138032
TN12AU6687,353201357706339,21.0,1.07,75.0,03/09/2025 17:53:43,13.124005,80.2592849,2592849,2025-09-04T23:29:43.138233
TN12AU6687,353201357706339,16.0,1.09,75.0,03/09/2025 17:53:38,13.124215,80.2592566,2592566,2025-09-04T23:29:43.138429
TN12AU6687,353201357706339,6.0,1.1,75.0,03/09/2025 17:53:35,13.1243183,80.2592516,2592516,2025-09-04T23:29:43.138599
TN12AU6687,353201357706339,0.0,1.1,75.0,03/09/2025 17:53:31,13.1244033,80.259265,259265,2025-09-04T23:29:43.138921
TN12AU6687,353201357706339,0.0,1.1,75.0,03/09/2025 17:53:26,13.1244033,80.259265,259265,2025-09-04T23:29:43.139126
TN12AU6687,353201357706339,6.0,1.11,75.0,03/09/2025 17:53:21,13.1244183,80.2592733,2592733,2025-09-04T23:29:43.139315
TN12AU6687,353201357706339,16.0,1.13,75.0,03/09/2025 17:53:18,13.1245183,80.259255,259255,2025-09-04T23:29:43.139542
TN12AU6687,353201357706339,13.0,1.15,75.0,03/09/2025 17:53:13,13.1247116,80.2592316,2592316,2025-09-04T23:29:43.139769
TN12AU6687,353201357706339,10.0,1.16,75.0,03/09/2025 17:53:08,13.124905,80.259225,259225,2025-09-04T23:29:43.139970
TN12AU6687,353201357706339,0.0,1.16,75.0,03/09/2025 17:53:06,13.1249899,80.2592116,2592116,2025-09-04T23:29:43.140163
TN12AU6687,353201357706339,0.0,1.16,75.0,03/09/2025 17:53:01,13.1249899,80.2592116,2592116,2025-09-04T23:29:43.140374
TN12AU6687,353201357706339,0.0,1.16,75.0,03/09/2025 17:52:56,13.1250049,80.2592066,2592066,2025-09-04T23:29:43.140590
TN12AU6687,353201357706339,13.0,1.18,75.0,03/09/2025 17:52:52,13.1250966,80.2591983,2591983,2025-09-04T23:29:43.140814
TN12AU6687,353201357706339,21.0,1.21,75.0,03/09/2025 17:52:47,13.1253066,80.2591783,2591783,2025-09-04T23:29:43.141025
TN12AU6687,353201357706339,21.0,1.24,75.0,03/09/2025 17:52:42,13.1255916,80.259165,259165,2025-09-04T23:29:43.141216
TN12AU6687,353201357706339,21.0,1.27,73.0,03/09/2025 17:52:37,13.12585,80.2591483,2591483,2025-09-04T23:29:43.141374
TN12AU6687,353201357706339,15.0,1.28,73.0,03/09/2025 17:52:32,13.1260916,80.2591566,2591566,2025-09-04T23:29:43.141553
TN12AU6687,353201357706339,0.0,1.28,73.0,03/09/2025 17:52:28,13.1261816,80.2591516,2591516,2025-09-04T23:29:43.141748
TN12AU6687,353201357706339,3.0,1.29,73.0,03/09/2025 17:52:23,13.1261933,80.2591633,2591633,2025-09-04T23:29:43.141940
TN12AU6687,353201357706339,17.0,1.32,73.0,03/09/2025 17:52:21,13.1262466,80.2591633,2591633,2025-09-04T23:29:43.142107
TN12AU6687,353201357706339,23.0,1.35,73.0,03/09/2025 17:52:16,13.126525,80.2591616,2591616,2025-09-04T23:29:43.142300
TN12AU6687,353201357706339,21.0,1.36,73.0,03/09/2025 17:52:11,13.1268166,80.259195,259195,2025-09-04T23:29:43.142486
TN12AU6687,353201357706339,22.0,1.39,73.0,03/09/2025 17:52:09,13.1269233,80.259195,259195,2025-09-04T23:29:43.142650
TN12AU6687,353201357706339,28.0,1.43,72.0,03/09/2025 17:52:05,13.1271633,80.2591416,2591416,2025-09-04T23:29:43.142847
TN12AU6687,353201357706339,29.0,1.47,72.0,03/09/2025 17:52:00,13.1275216,80.25912,25912,2025-09-04T23:29:43.143012
TN12AU6687,353201357706339,20.0,1.49,72.0,03/09/2025 17:51:55,13.1278683,80.2591233,2591233,2025-09-04T23:29:43.143179
TN12AU6687,353201357706339,14.0,1.52,72.0,03/09/2025 17:51:50,13.1280916,80.2590799,2590799,2025-09-04T23:29:43.143376
TN12AU6687,353201357706339,18.0,1.54,72.0,03/09/2025 17:51:45,13.12835,80.2590733,2590733,2025-09-04T23:29:43.143574
TN12AU6687,353201357706339,14.0,1.54,72.0,03/09/2025 17:51:42,13.12848,80.2590783,2590783,2025-09-04T23:29:43.143748
TN12AU6687,353201357706339,13.0,1.55,72.0,03/09/2025 17:51:41,13.1285183,80.2590783,2590783,2025-09-04T23:29:43.143923
TN12AU6687,353201357706339,10.0,1.55,72.0,03/09/2025 17:51:38,13.128605,80.259055,259055,2025-09-04T23:29:43.144115
TN12AU6687,353201357706339,8.0,1.56,72.0,03/09/2025 17:51:37,13.1286299,80.2590516,2590516,2025-09-04T23:29:43.144295
TN12AU6687,353201357706339,11.0,1.56,72.0,03/09/2025 17:51:36,13.1286549,80.259055,259055,2025-09-04T23:29:43.144464
TN12AU6687,353201357706339,19.0,1.6,72.0,03/09/2025 17:51:34,13.1287283,80.2590566,2590566,2025-09-04T23:29:43.144668
TN12AU6687,353201357706339,19.0,1.62,72.0,03/09/2025 17:51:29,13.129025,80.2590283,2590283,2025-09-04T23:29:43.144854
TN12AU6687,353201357706339,9.0,1.62,72.0,03/09/2025 17:51:25,13.1292599,80.2590049,2590049,2025-09-04T23:29:43.145021
TN12AU6687,353201357706339,0.0,1.62,72.0,03/09/2025 17:51:24,13.1292599,80.2590049,2590049,2025-09-04T23:29:43.145178
TN12AU6687,353201357706339,6.0,1.62,72.0,03/09/2025 17:51:19,13.1292683,80.2590016,2590016,2025-09-04T23:29:43.145343
TN12AU6687,353201357706339,13.0,1.63,72.0,03/09/2025 17:51:18,13.1292783,80.2589916,2589916,2025-09-04T23:29:43.145538
TN12AU6687,353201357706339,23.0,1.67,72.0,03/09/2025 17:51:16,13.1293683,80.2589866,2589866,2025-09-04T23:29:43.145706
TN12AU6687,353201357706339,21.0,1.71,72.0,03/09/2025 17:51:11,13.1296733,80.2589883,2589883,2025-09-04T23:29:43.145903
TN12AU6687,353201357706339,28.0,1.74,72.0,03/09/2025 17:51:06,13.1300116,80.2589733,2589733,2025-09-04T23:29:43.146082
TN12AU6687,353201357706339,17.0,1.75,72.0,03/09/2025 17:51:01,13.130295,80.2589816,2589816,2025-09-04T23:29:43.146255
TN12AU6687,353201357706339,15.0,1.76,72.0,03/09/2025 17:50:58,13.1304233,80.2589733,2589733,2025-09-04T23:29:43.146409
TN12AU6687,353201357706339,14.0,1.77,72.0,03/09/2025 17:50:55,13.1305366,80.2589833,2589833,2025-09-04T23:29:43.146568
TN12AU6687,353201357706339,9.0,1.78,72.0,03/09/2025 17:50:53,13.1305983,80.25898,25898,2025-09-04T23:29:43.146732
TN12AU6687,353201357706339,6.0,1.79,72.0,03/09/2025 17:50:48,13.1306816,80.2589599,2589599,2025-09-04T23:29:43.146901
TN12AU6687,353201357706339,12.0,1.81,72.0,03/09/2025 17:50:45,13.1307516,80.258955,258955,2025-09-04T23:29:43.147064
TN12AU6687,353201357706339,15.0,1.83,73.0,03/09/2025 17:50:40,13.1309099,80.2589483,2589483,2025-09-04T23:29:43.147226
TN12AU6687,353201357706339,11.0,1.84,73.0,03/09/2025 17:50:35,13.1311133,80.258915,258915,2025-09-04T23:29:43.147385
TN12AU6687,353201357706339,8.0,1.84,73.0,03/09/2025 17:50:32,13.1312,80.2589099,2589099,2025-09-04T23:29:43.147557
TN12AU6687,353201357706339,8.0,1.86,73.0,03/09/2025 17:50:31,13.1312233,80.258905,258905,2025-09-04T23:29:43.147731
TN12AU6687,353201357706339,8.0,1.87,73.0,03/09/2025 17:50:26,13.1313633,80.25886,25886,2025-09-04T23:29:43.147873
TN12AU6687,353201357706339,8.0,1.87,73.0,03/09/2025 17:50:24,13.131425,80.2588416,2588416,2025-09-04T23:29:43.148026
TN12AU6687,353201357706339,7.0,1.87,73.0,03/09/2025 17:50:23,13.1314533,80.2588416,2588416,2025-09-04T23:29:43.148207
TN12AU6687,353201357706339,0.0,1.87,73.0,03/09/2025 17:50:19,13.13151,80.25885,25885,2025-09-04T23:29:43.148362
TN12AU6687,353201357706339,8.0,1.88,73.0,03/09/2025 17:50:14,13.1316166,80.25886,25886,2025-09-04T23:29:43.148511
TN12AU6687,353201357706339,13.0,1.91,73.0,03/09/2025 17:50:12,13.1316949,80.2588583,2588583,2025-09-04T23:29:43.148698
TN12AU6687,353201357706339,17.0,1.94,74.0,03/09/2025 17:50:07,13.1319466,80.2588683,2588683,2025-09-04T23:29:43.148916
TN12AU6687,353201357706339,19.0,1.97,74.0,03/09/2025 17:50:02,13.1321916,80.2588666,2588666,2025-09-04T23:29:43.149089
TN12AU6687,353201357706339,15.0,1.99,74.0,03/09/2025 17:49:57,13.1324449,80.25885,25885,2025-09-04T23:29:43.149249
TN12AU6687,353201357706339,19.0,2.03,74.0,03/09/2025 17:49:52,13.1326483,80.2588249,2588249,2025-09-04T23:29:43.149423
TN12AU6687,353201357706339,15.0,2.04,74.0,03/09/2025 17:49:47,13.1329766,80.25884,25884,2025-09-04T23:29:43.149589
TN12AU6687,353201357706339,12.0,2.05,74.0,03/09/2025 17:49:42,13.1331383,80.2588433,2588433,2025-09-04T23:29:43.149763
TN12AU6687,353201357706339,17.0,2.07,74.0,03/09/2025 17:49:40,13.1332183,80.2588366,2588366,2025-09-04T23:29:43.149924
TN12AU6687,353201357706339,22.0,2.1,74.0,03/09/2025 17:49:37,13.1333683,80.2588066,2588066,2025-09-04T23:29:43.150102
TN12AU6687,353201357706339,22.0,2.13,74.0,03/09/2025 17:49:32,13.1336533,80.2587466,2587466,2025-09-04T23:29:43.150274
TN12AU6687,353201357706339,29.0,2.17,74.0,03/09/2025 17:49:27,13.1339216,80.2587316,2587316,2025-09-04T23:29:43.150438
TN12AU6687,353201357706339,29.0,2.22,74.0,03/09/2025 17:49:22,13.1343016,80.2587366,2587366,2025-09-04T23:29:43.150601
TN12AU6687,353201357706339,32.0,2.26,74.0,03/09/2025 17:49:17,13.1346983,80.2586733,2586733,2025-09-04T23:29:43.150773
TN12AU6687,353201357706339,26.0,2.31,74.0,03/09/2025 17:49:12,13.1350933,80.2586766,2586766,2025-09-04T23:29:43.150938
TN12AU6687,353201357706339,27.0,2.33,73.0,03/09/2025 17:49:07,13.1354833,80.2586566,2586566,2025-09-04T23:29:43.151101
TN12AU6687,353201357706339,16.0,2.35,73.0,03/09/2025 17:49:03,13.1357049,80.2586416,2586416,2025-09-04T23:29:43.151265
TN12AU6687,353201357706339,13.0,2.36,73.0,03/09/2025 17:48:58,13.1358616,80.2586566,2586566,2025-09-04T23:29:43.151429
TN12AU6687,353201357706339,10.0,2.37,73.0,03/09/2025 17:48:54,13.1359783,80.2586599,2586599,2025-09-04T23:29:43.151588
TN12AU6687,353201357706339,12.0,2.37,73.0,03/09/2025 17:48:52,13.136035,80.2586383,2586383,2025-09-04T23:29:43.152166
TN12AU6687,353201357706339,11.0,2.38,73.0,03/09/2025 17:48:51,13.1360633,80.2586216,2586216,2025-09-04T23:29:43.152467
TN12AU6687,353201357706339,7.0,2.39,73.0,03/09/2025 17:48:47,13.136125,80.2585633,2585633,2025-09-04T23:29:43.152702
TN12AU6687,353201357706339,17.0,2.41,73.0,03/09/2025 17:48:43,13.1361866,80.2584799,2584799,2025-09-04T23:29:43.152897
TN12AU6687,353201357706339,25.0,2.45,73.0,03/09/2025 17:48:40,13.1362383,80.2583333,2583333,2025-09-04T23:29:43.153084
TN12AU6687,353201357706339,30.0,2.49,73.0,03/09/2025 17:48:35,13.13634,80.2579499,2579499,2025-09-04T23:29:43.153436
TN12AU6687,353201357706339,24.0,2.52,73.0,03/09/2025 17:48:30,13.1364349,80.2576133,2576133,2025-09-04T23:29:43.153758
TN12AU6687,353201357706339,20.0,2.55,73.0,03/09/2025 17:48:25,13.136485,80.2573216,2573216,2025-09-04T23:29:43.153967
TN12AU6687,353201357706339,13.0,2.57,73.0,03/09/2025 17:48:20,13.136515,80.2570799,2570799,2025-09-04T23:29:43.154175
TN12AU6687,353201357706339,7.0,2.57,73.0,03/09/2025 17:48:15,13.1365466,80.2569216,2569216,2025-09-04T23:29:43.154378
TN12AU6687,353201357706339,0.0,2.57,73.0,03/09/2025 17:48:10,13.1365466,80.2569216,2569216,2025-09-04T23:29:43.154566
TN12AU6687,353201357706339,0.0,2.57,73.0,03/09/2025 17:48:05,13.1365466,80.2569233,2569233,2025-09-04T23:29:43.154777
TN12AU6687,353201357706339,10.0,2.58,73.0,03/09/2025 17:48:03,13.1365466,80.2568983,2568983,2025-09-04T23:29:43.154937
TN12AU6687,353201357706339,23.0,2.61,73.0,03/09/2025 17:48:00,13.13656,80.2567616,2567616,2025-09-04T23:29:43.155089
TN12AU6687,353201357706339,24.0,2.64,73.0,03/09/2025 17:47:55,13.13659,80.2564566,2564566,2025-09-04T23:29:43.155255
TN12AU6687,353201357706339,21.0,2.67,73.0,03/09/2025 17:47:50,13.136605,80.2561733,2561733,2025-09-04T23:29:43.155440
TN12AU6687,353201357706339,11.0,2.69,73.0,03/09/2025 17:47:45,13.1366166,80.2559616,2559616,2025-09-04T23:29:43.155627
TN12AU6687,353201357706339,11.0,2.69,72.0,03/09/2025 17:47:40,13.1366283,80.2558,2558,2025-09-04T23:29:43.155813
TN12AU6687,353201357706339,0.0,2.69,72.0,03/09/2025 17:47:36,13.1366383,80.2557183,2557183,2025-09-04T23:29:43.155986
TN12AU6687,353201357706339,0.0,2.69,72.0,03/09/2025 17:47:31,13.1366383,80.2557183,2557183,2025-09-04T23:29:43.156159
TN12AU6687,353201357706339,6.0,2.7,72.0,03/09/2025 17:47:26,13.1366433,80.2557166,2557166,2025-09-04T23:29:43.156309
TN12AU6687,353201357706339,0.0,2.7,72.0,03/09/2025 17:47:21,13.1366299,80.2556149,2556149,2025-09-04T23:29:43.156442
TN12AU6687,353201357706339,3.0,2.71,72.0,03/09/2025 17:47:16,13.136625,80.2556016,2556016,2025-09-04T23:29:43.156571
TN12AU6687,353201357706339,15.0,2.72,72.0,03/09/2025 17:47:12,13.1365866,80.2555149,2555149,2025-09-04T23:29:43.156703
TN12AU6687,353201357706339,16.0,2.74,72.0,03/09/2025 17:47:10,13.136555,80.2554383,2554383,2025-09-04T23:29:43.156868
TN12AU6687,353201357706339,15.0,2.75,72.0,03/09/2025 17:47:07,13.1364766,80.2553283,2553283,2025-09-04T23:29:43.157065
TN12AU6687,353201357706339,8.0,2.76,72.0,03/09/2025 17:47:02,13.1363683,80.2552283,2552283,2025-09-04T23:29:43.157245
TN12AU6687,353201357706339,11.0,2.78,72.0,03/09/2025 17:46:59,13.1363099,80.255185,255185,2025-09-04T23:29:43.157443
TN12AU6687,353201357706339,8.0,2.79,72.0,03/09/2025 17:46:54,13.1362183,80.2551216,2551216,2025-09-04T23:29:43.157633
TN12AU6687,353201357706339,13.0,2.82,72.0,03/09/2025 17:46:49,13.1360983,80.2550349,2550349,2025-09-04T23:29:43.157831
TN12AU6687,353201357706339,25.0,2.84,72.0,03/09/2025 17:46:44,13.1358833,80.2548833,2548833,2025-09-04T23:29:43.158001
TN12AU6687,353201357706339,14.0,2.86,72.0,03/09/2025 17:46:40,13.1357199,80.2547566,2547566,2025-09-04T23:29:43.158180
TN12AU6687,353201357706339,25.0,2.9,72.0,03/09/2025 17:46:37,13.1356016,80.2546433,2546433,2025-09-04T23:29:43.158382
TN12AU6687,353201357706339,19.0,2.92,72.0,03/09/2025 17:46:32,13.135365,80.2544366,2544366,2025-09-04T23:29:43.158569
TN12AU6687,353201357706339,13.0,2.93,72.0,03/09/2025 17:46:27,13.1351916,80.2543,2543,2025-09-04T23:29:43.158771
TN12AU6687,353201357706339,8.0,2.95,72.0,03/09/2025 17:46:22,13.1350833,80.2542383,2542383,2025-09-04T23:29:43.158946
TN12AU6687,353201357706339,8.0,2.96,72.0,03/09/2025 17:46:17,13.1349799,80.2541633,2541633,2025-09-04T23:29:43.159139
TN12AU6687,353201357706339,9.0,2.98,72.0,03/09/2025 17:46:12,13.1348833,80.2540683,2540683,2025-09-04T23:29:43.159337
TN12AU6687,353201357706339,9.0,2.99,72.0,03/09/2025 17:46:07,13.1347633,80.2539933,2539933,2025-09-04T23:29:43.159525
TN12AU6687,353201357706339,11.0,3.0,72.0,03/09/2025 17:46:04,13.1347,80.2539616,2539616,2025-09-04T23:29:43.159701
TN12AU6687,353201357706339,18.0,3.03,72.0,03/09/2025 17:46:00,13.1345583,80.2538833,2538833,2025-09-04T23:29:43.159849
TN12AU6687,353201357706339,18.0,3.05,72.0,03/09/2025 17:45:55,13.1343583,80.2537916,2537916,2025-09-04T23:29:43.160032
TN12AU6687,353201357706339,15.0,3.08,72.0,03/09/2025 17:45:50,13.1341399,80.253705,253705,2025-09-04T23:29:43.160224
TN12AU6687,353201357706339,13.0,3.09,72.0,03/09/2025 17:45:45,13.13396,80.2536516,2536516,2025-09-04T23:29:43.160416
TN12AU6687,353201357706339,14.0,3.09,72.0,03/09/2025 17:45:42,13.1338566,80.2536366,2536366,2025-09-04T23:29:43.160591
TN12AU6687,353201357706339,14.0,3.11,72.0,03/09/2025 17:45:41,13.1338166,80.2536333,2536333,2025-09-04T23:29:43.160790
TN12AU6687,353201357706339,14.0,3.13,72.0,03/09/2025 17:45:36,13.1336199,80.2536066,2536066,2025-09-04T23:29:43.160970
TN12AU6687,353201357706339,18.0,3.16,72.0,03/09/2025 17:45:31,13.1334433,80.253595,253595,2025-09-04T23:29:43.161133
TN12AU6687,353201357706339,16.0,3.18,72.0,03/09/2025 17:45:26,13.1332366,80.2535916,2535916,2025-09-04T23:29:43.161297
TN12AU6687,353201357706339,12.0,3.19,72.0,03/09/2025 17:45:21,13.1330566,80.253575,253575,2025-09-04T23:29:43.161456
TN12AU6687,353201357706339,4.0,3.19,72.0,03/09/2025 17:45:16,13.1329749,80.2535566,2535566,2025-09-04T23:29:43.161619
TN12AU6687,353201357706339,6.0,3.2,72.0,03/09/2025 17:45:11,13.1328966,80.2535566,2535566,2025-09-04T23:29:43.161793
TN12AU6687,353201357706339,10.0,3.21,73.0,03/09/2025 17:45:09,13.132855,80.25355,25355,2025-09-04T23:29:43.161943
TN12AU6687,353201357706339,11.0,3.21,73.0,03/09/2025 17:45:07,13.1327983,80.2535349,2535349,2025-09-04T23:29:43.162099
TN12AU6687,353201357706339,6.0,3.22,73.0,03/09/2025 17:45:06,13.132775,80.25353,25353,2025-09-04T23:29:43.162266
TN12AU6687,353201357706339,9.0,3.23,73.0,03/09/2025 17:45:02,13.1327066,80.2535266,2535266,2025-09-04T23:29:43.162418
TN12AU6687,353201357706339,11.0,3.24,73.0,03/09/2025 17:44:58,13.1325916,80.2534916,2534916,2025-09-04T23:29:43.162556
TN12AU6687,353201357706339,4.0,3.25,73.0,03/09/2025 17:44:53,13.1325216,80.253465,253465,2025-09-04T23:29:43.162742
TN12AU6687,353201357706339,15.0,3.27,73.0,03/09/2025 17:44:49,13.1324066,80.2534199,2534199,2025-09-04T23:29:43.162933
TN12AU6687,353201357706339,23.0,3.28,73.0,03/09/2025 17:44:46,13.1322583,80.2533533,2533533,2025-09-04T23:29:43.163123
TN12AU6687,353201357706339,24.0,3.31,73.0,03/09/2025 17:44:44,13.1321516,80.2532716,2532716,2025-09-04T23:29:43.163277
TN12AU6687,353201357706339,17.0,3.33,73.0,03/09/2025 17:44:39,13.1320033,80.2530566,2530566,2025-09-04T23:29:43.163422
TN12AU6687,353201357706339,10.0,3.34,74.0,03/09/2025 17:44:34,13.1319183,80.2529233,2529233,2025-09-04T23:29:43.163626
TN12AU6687,353201357706339,17.0,3.36,74.0,03/09/2025 17:44:30,13.1318466,80.2528149,2528149,2025-09-04T23:29:43.163792
TN12AU6687,353201357706339,13.0,3.38,74.0,03/09/2025 17:44:25,13.1317433,80.2526666,2526666,2025-09-04T23:29:43.163956
TN12AU6687,353201357706339,4.0,3.38,74.0,03/09/2025 17:44:20,13.1316766,80.2525633,2525633,2025-09-04T23:29:43.164091
TN12AU6687,353201357706339,0.0,3.38,74.0,03/09/2025 17:44:15,13.1316766,80.2525633,2525633,2025-09-04T23:29:43.164224
TN12AU6687,353201357706339,0.0,3.38,74.0,03/09/2025 17:44:10,13.1316766,80.2525633,2525633,2025-09-04T23:29:43.164372
TN12AU6687,353201357706339,0.0,3.38,75.0,03/09/2025 17:44:05,13.1316766,80.2525633,2525633,2025-09-04T23:29:43.164535
TN12AU6687,353201357706339,0.0,3.38,75.0,03/09/2025 17:44:00,13.1316766,80.2525633,2525633,2025-09-04T23:29:43.164697
TN12AU6687,353201357706339,8.0,3.39,75.0,03/09/2025 17:43:55,13.13167,80.2525333,2525333,2025-09-04T23:29:43.164895
TN12AU6687,353201357706339,10.0,3.41,75.0,03/09/2025 17:43:50,13.1316,80.252415,252415,2025-09-04T23:29:43.165039
TN12AU6687,353201357706339,22.0,3.44,75.0,03/09/2025 17:43:47,13.1315216,80.25232,25232,2025-09-04T23:29:43.165187
TN12AU6687,353201357706339,24.0,3.48,75.0,03/09/2025 17:43:42,13.13137,80.2520766,2520766,2025-09-04T23:29:43.165341
TN12AU6687,353201357706339,32.0,3.52,75.0,03/09/2025 17:43:37,13.1311633,80.251775,251775,2025-09-04T23:29:43.165591
TN12AU6687,353201357706339,28.0,3.55,75.0,03/09/2025 17:43:32,13.1309766,80.25146,25146,2025-09-04T23:29:43.165814
TN12AU6687,353201357706339,25.0,3.59,75.0,03/09/2025 17:43:27,13.1307983,80.2511866,2511866,2025-09-04T23:29:43.166027
TN12AU6687,353201357706339,21.0,3.62,75.0,03/09/2025 17:43:22,13.1306233,80.250925,250925,2025-09-04T23:29:43.166224
TN12AU6687,353201357706339,18.0,3.64,75.0,03/09/2025 17:43:17,13.130475,80.2506966,2506966,2025-09-04T23:29:43.166445
TN12AU6687,353201357706339,17.0,3.64,75.0,03/09/2025 17:43:12,13.1303499,80.250525,250525,2025-09-04T23:29:43.166755
TN12AU6687,353201357706339,17.0,3.67,75.0,03/09/2025 17:43:11,13.130325,80.2504866,2504866,2025-09-04T23:29:43.167048
TN12AU6687,353201357706339,18.0,3.69,75.0,03/09/2025 17:43:06,13.1302533,80.250305,250305,2025-09-04T23:29:43.167254
TN12AU6687,353201357706339,19.0,3.72,75.0,03/09/2025 17:43:01,13.1301416,80.2500616,2500616,2025-09-04T23:29:43.167477
TN12AU6687,353201357706339,12.0,3.72,75.0,03/09/2025 17:42:56,13.130065,80.24988,24988,2025-09-04T23:29:43.167714
TN12AU6687,353201357706339,11.0,3.73,75.0,03/09/2025 17:42:55,13.13005,80.2498516,2498516,2025-09-04T23:29:43.167922
TN12AU6687,353201357706339,9.0,3.73,75.0,03/09/2025 17:42:53,13.1300066,80.24981,24981,2025-09-04T23:29:43.168124
TN12AU6687,353201357706339,8.0,3.74,75.0,03/09/2025 17:42:52,13.12998,80.2497983,2497983,2025-09-04T23:29:43.168332
TN12AU6687,353201357706339,13.0,3.76,75.0,03/09/2025 17:42:50,13.1299183,80.2497933,2497933,2025-09-04T23:29:43.168515
TN12AU6687,353201357706339,15.0,3.78,75.0,03/09/2025 17:42:45,13.1297183,80.2498233,2498233,2025-09-04T23:29:43.168683
TN12AU6687,353201357706339,11.0,3.79,75.0,03/09/2025 17:42:41,13.1295566,80.2498733,2498733,2025-09-04T23:29:43.168836
TN12AU6687,353201357706339,13.0,3.8,75.0,03/09/2025 17:42:38,13.129465,80.2498866,2498866,2025-09-04T23:29:43.168974
TN12AU6687,353201357706339,10.0,3.82,75.0,03/09/2025 17:42:33,13.1293283,80.24988,24988,2025-09-04T23:29:43.169110
TN12AU6687,353201357706339,5.0,3.82,75.0,03/09/2025 17:42:28,13.1292083,80.2498683,2498683,2025-09-04T23:29:43.169243
TN12AU6687,353201357706339,6.0,3.84,75.0,03/09/2025 17:42:23,13.1291366,80.2498716,2498716,2025-09-04T23:29:43.169385
TN12AU6687,353201357706339,8.0,3.86,75.0,03/09/2025 17:42:18,13.1290266,80.2498766,2498766,2025-09-04T23:29:43.169545
TN12AU6687,353201357706339,6.0,3.86,75.0,03/09/2025 17:42:13,13.1288433,80.2498933,2498933,2025-09-04T23:29:43.169689
TN12AU6687,353201357706339,0.0,3.86,75.0,03/09/2025 17:42:10,13.1288433,80.2498933,2498933,2025-09-04T23:29:43.169849
TN12AU6687,353201357706339,0.0,3.86,76.0,03/09/2025 17:42:05,13.12884,80.2498916,2498916,2025-09-04T23:29:43.169988
TN12AU6687,353201357706339,0.0,3.86,76.0,03/09/2025 17:42:00,13.128765,80.2499,2499,2025-09-04T23:29:43.170128
TN12AU6687,353201357706339,0.0,3.86,76.0,03/09/2025 17:41:55,13.128765,80.2499,2499,2025-09-04T23:29:43.170266
TN12AU6687,353201357706339,0.0,3.86,76.0,03/09/2025 17:41:50,13.1287533,80.2498983,2498983,2025-09-04T23:29:43.170399
TN12AU6687,353201357706339,6.0,3.86,76.0,03/09/2025 17:41:45,13.1286716,80.2499183,2499183,2025-09-04T23:29:43.170537
TN12AU6687,353201357706339,10.0,3.88,76.0,03/09/2025 17:41:43,13.1286166,80.2499299,2499299,2025-09-04T23:29:43.170695
TN12AU6687,353201357706339,15.0,3.9,76.0,03/09/2025 17:41:38,13.1284416,80.2499233,2499233,2025-09-04T23:29:43.170831
TN12AU6687,353201357706339,18.0,3.93,76.0,03/09/2025 17:41:34,13.1282666,80.2499066,2499066,2025-09-04T23:29:43.170970
TN12AU6687,353201357706339,16.0,3.94,76.0,03/09/2025 17:41:29,13.1280516,80.2498449,2498449,2025-09-04T23:29:43.171122
TN12AU6687,353201357706339,10.0,3.95,76.0,03/09/2025 17:41:24,13.12791,80.249805,249805,2025-09-04T23:29:43.171255
TN12AU6687,353201357706339,0.0,3.95,76.0,03/09/2025 17:41:20,13.1278599,80.2497916,2497916,2025-09-04T23:29:43.171385
TN12AU6687,353201357706339,0.0,3.95,76.0,03/09/2025 17:41:15,13.1278516,80.2497899,2497899,2025-09-04T23:29:43.171517
TN12AU6687,353201357706339,11.0,3.96,76.0,03/09/2025 17:41:12,13.1277933,80.2497783,2497783,2025-09-04T23:29:43.171695
TN12AU6687,353201357706339,6.0,3.97,76.0,03/09/2025 17:41:07,13.1277,80.2497466,2497466,2025-09-04T23:29:43.171910
TN12AU6687,353201357706339,8.0,3.99,76.0,03/09/2025 17:41:04,13.1276566,80.2497266,2497266,2025-09-04T23:29:43.172114
TN12AU6687,353201357706339,20.0,4.02,77.0,03/09/2025 17:40:59,13.1274833,80.2496433,2496433,2025-09-04T23:29:43.172315
TN12AU6687,353201357706339,29.0,4.06,77.0,03/09/2025 17:40:54,13.1271933,80.24955,24955,2025-09-04T23:29:43.172510
TN12AU6687,353201357706339,27.0,4.1,77.0,03/09/2025 17:40:49,13.1268333,80.2494133,2494133,2025-09-04T23:29:43.172697
TN12AU6687,353201357706339,21.0,4.13,77.0,03/09/2025 17:40:44,13.12654,80.2492916,2492916,2025-09-04T23:29:43.172880
TN12AU6687,353201357706339,21.0,4.16,77.0,03/09/2025 17:40:39,13.1262566,80.2492283,2492283,2025-09-04T23:29:43.173074
TN12AU6687,353201357706339,19.0,4.19,77.0,03/09/2025 17:40:34,13.1260033,80.2491433,2491433,2025-09-04T23:29:43.173252
TN12AU6687,353201357706339,20.0,4.22,77.0,03/09/2025 17:40:29,13.1257683,80.249035,249035,2025-09-04T23:29:43.173415
TN12AU6687,353201357706339,13.0,4.24,77.0,03/09/2025 17:40:24,13.1255366,80.2489616,2489616,2025-09-04T23:29:43.173600
TN12AU6687,353201357706339,19.0,4.25,77.0,03/09/2025 17:40:19,13.1253066,80.2488933,2488933,2025-09-04T23:29:43.173794
TN12AU6687,353201357706339,9.0,4.26,77.0,03/09/2025 17:40:16,13.1251966,80.2488616,2488616,2025-09-04T23:29:43.173977
TN12AU6687,353201357706339,12.0,4.26,77.0,03/09/2025 17:40:15,13.1251816,80.2488566,2488566,2025-09-04T23:29:43.174148
TN12AU6687,353201357706339,27.0,4.31,77.0,03/09/2025 17:40:13,13.1251266,80.24881,24881,2025-09-04T23:29:43.174321
TN12AU6687,353201357706339,36.0,4.36,77.0,03/09/2025 17:40:08,13.1247016,80.24869,24869,2025-09-04T23:29:43.174469
TN12AU6687,353201357706339,30.0,4.4,77.0,03/09/2025 17:40:03,13.1242983,80.2485733,2485733,2025-09-04T23:29:43.174646
TN12AU6687,353201357706339,19.0,4.41,77.0,03/09/2025 17:39:58,13.1239866,80.248475,248475,2025-09-04T23:29:43.174825
TN12AU6687,353201357706339,14.0,4.42,77.0,03/09/2025 17:39:55,13.1238666,80.24843,24843,2025-09-04T23:29:43.175039
TN12AU6687,353201357706339,5.0,4.43,77.0,03/09/2025 17:39:52,13.1237816,80.2484,2484,2025-09-04T23:29:43.175210
TN12AU6687,353201357706339,4.0,4.44,77.0,03/09/2025 17:39:47,13.1237283,80.2483616,2483616,2025-09-04T23:29:43.175392
TN12AU6687,353201357706339,7.0,4.44,77.0,03/09/2025 17:39:42,13.1237183,80.2482733,2482733,2025-09-04T23:29:43.175569
TN12AU6687,353201357706339,8.0,4.45,77.0,03/09/2025 17:39:39,13.1237516,80.2482149,2482149,2025-09-04T23:29:43.175735
TN12AU6687,353201357706339,7.0,4.45,77.0,03/09/2025 17:39:38,13.1237666,80.2482033,2482033,2025-09-04T23:29:43.175882
TN12AU6687,353201357706339,6.0,4.46,77.0,03/09/2025 17:39:37,13.1237816,80.2481916,2481916,2025-09-04T23:29:43.176033
TN12AU6687,353201357706339,6.0,4.47,78.0,03/09/2025 17:39:32,13.1238383,80.248145,248145,2025-09-04T23:29:43.176219
TN12AU6687,353201357706339,7.0,4.48,78.0,03/09/2025 17:39:27,13.1239016,80.24809,24809,2025-09-04T23:29:43.176389
TN12AU6687,353201357706339,4.0,4.48,78.0,03/09/2025 17:39:22,13.1239916,80.2480016,2480016,2025-09-04T23:29:43.176547
TN12AU6687,353201357706339,0.0,4.48,78.0,03/09/2025 17:39:17,13.1239916,80.2480016,2480016,2025-09-04T23:29:43.176713
TN12AU6687,353201357706339,4.0,4.49,78.0,03/09/2025 17:39:12,13.1240083,80.24797,24797,2025-09-04T23:29:43.176875
TN12AU6687,353201357706339,7.0,4.49,78.0,03/09/2025 17:39:07,13.1240549,80.2479016,2479016,2025-09-04T23:29:43.177028
TN12AU6687,353201357706339,7.0,4.51,78.0,03/09/2025 17:39:05,13.1240833,80.2478766,2478766,2025-09-04T23:29:43.177170
TN12AU6687,353201357706339,9.0,4.52,78.0,03/09/2025 17:39:00,13.1241583,80.2477883,2477883,2025-09-04T23:29:43.177351
TN12AU6687,353201357706339,8.0,4.53,78.0,03/09/2025 17:38:55,13.12423,80.2477083,2477083,2025-09-04T23:29:43.177519
TN12AU6687,353201357706339,7.0,4.54,78.0,03/09/2025 17:38:50,13.1242816,80.24766,24766,2025-09-04T23:29:43.177720
TN12AU6687,353201357706339,0.0,4.54,78.0,03/09/2025 17:38:45,13.1243616,80.247585,247585,2025-09-04T23:29:43.177928
TN12AU6687,353201357706339,0.0,4.54,78.0,03/09/2025 17:38:40,13.1243616,80.247585,247585,2025-09-04T23:29:43.178122
TN12AU6687,353201357706339,0.0,4.54,78.0,03/09/2025 17:38:35,13.1243616,80.247585,247585,2025-09-04T23:29:43.178319
TN12AU6687,353201357706339,0.0,4.54,78.0,03/09/2025 17:38:30,13.1243616,80.247585,247585,2025-09-04T23:29:43.178843
TN12AU6687,353201357706339,0.0,4.54,78.0,03/09/2025 17:38:25,13.1243616,80.247585,247585,2025-09-04T23:29:43.179067
TN12AU6687,353201357706339,0.0,4.54,78.0,03/09/2025 17:38:20,13.1243616,80.247585,247585,2025-09-04T23:29:43.179258
TN12AU6687,353201357706339,0.0,4.54,78.0,03/09/2025 17:38:15,13.1243616,80.247585,247585,2025-09-04T23:29:43.179430
TN12AU6687,353201357706339,0.0,4.54,78.0,03/09/2025 17:38:10,13.1243616,80.247585,247585,2025-09-04T23:29:43.179597
TN12AU6687,353201357706339,0.0,4.54,78.0,03/09/2025 17:38:05,13.1243616,80.247585,247585,2025-09-04T23:29:43.179794
TN12AU6687,353201357706339,0.0,4.54,78.0,03/09/2025 17:38:00,13.1243616,80.247585,247585,2025-09-04T23:29:43.180037
TN12AU6687,353201357706339,0.0,4.54,78.0,03/09/2025 17:37:55,13.1243616,80.247585,247585,2025-09-04T23:29:43.180268
TN12AU6687,353201357706339,0.0,4.54,78.0,03/09/2025 17:37:50,13.1243616,80.247585,247585,2025-09-04T23:29:43.180496
TN12AU6687,353201357706339,0.0,4.54,78.0,03/09/2025 17:37:45,13.1243616,80.247585,247585,2025-09-04T23:29:43.180724
TN12AU6687,353201357706339,0.0,4.54,78.0,03/09/2025 17:37:40,13.1243616,80.247585,247585,2025-09-04T23:29:43.180936
TN12AU6687,353201357706339,0.0,4.54,78.0,03/09/2025 17:37:35,13.1243616,80.247585,247585,2025-09-04T23:29:43.181126
TN12AU6687,353201357706339,0.0,4.54,77.0,03/09/2025 17:37:30,13.1243616,80.247585,247585,2025-09-04T23:29:43.181293
TN12AU6687,353201357706339,0.0,4.54,77.0,03/09/2025 17:37:25,13.1243616,80.247585,247585,2025-09-04T23:29:43.181467
TN12AU6687,353201357706339,0.0,4.54,77.0,03/09/2025 17:37:20,13.1243616,80.247585,247585,2025-09-04T23:29:43.181641
TN12AU6687,353201357706339,0.0,4.54,77.0,03/09/2025 17:37:15,13.1243616,80.247585,247585,2025-09-04T23:29:43.181817
TN12AU6687,353201357706339,0.0,4.54,77.0,03/09/2025 17:37:10,13.1243616,80.247585,247585,2025-09-04T23:29:43.181972
TN12AU6687,353201357706339,0.0,4.54,77.0,03/09/2025 17:37:05,13.1243616,80.247585,247585,2025-09-04T23:29:43.182107
TN12AU6687,353201357706339,0.0,4.54,76.0,03/09/2025 17:37:00,13.1243616,80.247585,247585,2025-09-04T23:29:43.182265
TN12AU6687,353201357706339,0.0,4.54,76.0,03/09/2025 17:36:55,13.1243616,80.247585,247585,2025-09-04T23:29:43.182419
TN12AU6687,353201357706339,0.0,4.54,76.0,03/09/2025 17:36:50,13.1243616,80.247585,247585,2025-09-04T23:29:43.182650
TN12AU6687,353201357706339,0.0,4.54,76.0,03/09/2025 17:36:45,13.1243616,80.247585,247585,2025-09-04T23:29:43.182869
TN12AU6687,353201357706339,0.0,4.54,76.0,03/09/2025 17:36:40,13.1243616,80.247585,247585,2025-09-04T23:29:43.183055
TN12AU6687,353201357706339,0.0,4.54,76.0,03/09/2025 17:36:35,13.1243616,80.247585,247585,2025-09-04T23:29:43.183251
TN12AU6687,353201357706339,0.0,4.54,75.0,03/09/2025 17:36:30,13.1243616,80.247585,247585,2025-09-04T23:29:43.183447
TN12AU6687,353201357706339,0.0,4.54,75.0,03/09/2025 17:36:25,13.1243616,80.247585,247585,2025-09-04T23:29:43.183638
TN12AU6687,353201357706339,0.0,4.54,75.0,03/09/2025 17:36:20,13.1243616,80.247585,247585,2025-09-04T23:29:43.183829
TN12AU6687,353201357706339,0.0,4.54,75.0,03/09/2025 17:36:15,13.1243616,80.247585,247585,2025-09-04T23:29:43.184010
TN12AU6687,353201357706339,0.0,4.54,75.0,03/09/2025 17:36:10,13.1243616,80.247585,247585,2025-09-04T23:29:43.184197
TN12AU6687,353201357706339,0.0,4.54,75.0,03/09/2025 17:36:05,13.1243616,80.247585,247585,2025-09-04T23:29:43.184385
TN12AU6687,353201357706339,7.0,4.55,74.0,03/09/2025 17:36:00,13.1243833,80.2475533,2475533,2025-09-04T23:29:43.184571
TN12AU6687,353201357706339,10.0,4.56,74.0,03/09/2025 17:35:55,13.124445,80.2474466,2474466,2025-09-04T23:29:43.184764
TN12AU6687,353201357706339,10.0,4.57,74.0,03/09/2025 17:35:50,13.12453,80.2473516,2473516,2025-09-04T23:29:43.184952
TN12AU6687,353201357706339,0.0,4.57,74.0,03/09/2025 17:35:45,13.1245833,80.247275,247275,2025-09-04T23:29:43.185135
TN12AU6687,353201357706339,0.0,4.57,74.0,03/09/2025 17:35:40,13.1245833,80.247275,247275,2025-09-04T23:29:43.185346
TN12AU6687,353201357706339,0.0,4.57,74.0,03/09/2025 17:35:35,13.1245833,80.247275,247275,2025-09-04T23:29:43.185541
TN12AU6687,353201357706339,7.0,4.6,74.0,03/09/2025 17:35:30,13.1246166,80.247225,247225,2025-09-04T23:29:43.185731
TN12AU6687,353201357706339,15.0,4.62,74.0,03/09/2025 17:35:25,13.1247316,80.2470783,2470783,2025-09-04T23:29:43.185931
TN12AU6687,353201357706339,12.0,4.64,74.0,03/09/2025 17:35:20,13.1248583,80.2469199,2469199,2025-09-04T23:29:43.186128
TN12AU6687,353201357706339,6.0,4.64,74.0,03/09/2025 17:35:15,13.1249933,80.2467816,2467816,2025-09-04T23:29:43.186402
TN12AU6687,353201357706339,0.0,4.64,74.0,03/09/2025 17:35:12,13.1250016,80.24677,24677,2025-09-04T23:29:43.186591
TN12AU6687,353201357706339,0.0,4.64,74.0,03/09/2025 17:35:07,13.1250883,80.24671,24671,2025-09-04T23:29:43.186802
TN12AU6687,353201357706339,0.0,4.64,74.0,03/09/2025 17:35:02,13.125125,80.2466633,2466633,2025-09-04T23:29:43.187004
TN12AU6687,353201357706339,4.0,4.65,74.0,03/09/2025 17:34:57,13.1251516,80.246625,246625,2025-09-04T23:29:43.187217
TN12AU6687,353201357706339,5.0,4.66,74.0,03/09/2025 17:34:52,13.1252183,80.2465649,2465649,2025-09-04T23:29:43.187408
TN12AU6687,353201357706339,12.0,4.68,74.0,03/09/2025 17:34:47,13.1252899,80.2464833,2464833,2025-09-04T23:29:43.187595
TN12AU6687,353201357706339,10.0,4.68,74.0,03/09/2025 17:34:43,13.12541,80.2463583,2463583,2025-09-04T23:29:43.187798
TN12AU6687,353201357706339,7.0,4.69,74.0,03/09/2025 17:34:42,13.1254333,80.246335,246335,2025-09-04T23:29:43.187982
TN12AU6687,353201357706339,5.0,4.7,74.0,03/09/2025 17:34:40,13.12547,80.2462999,2462999,2025-09-04T23:29:43.188174
TN12AU6687,353201357706339,0.0,4.7,74.0,03/09/2025 17:34:35,13.1254983,80.2462616,2462616,2025-09-04T23:29:43.188383
TN12AU6687,353201357706339,0.0,4.7,74.0,03/09/2025 17:34:30,13.1254983,80.2462616,2462616,2025-09-04T23:29:43.188596
TN12AU6687,353201357706339,1.0,4.71,74.0,03/09/2025 17:34:25,13.1255016,80.2462566,2462566,2025-09-04T23:29:43.188794
TN12AU6687,353201357706339,0.0,4.71,74.0,03/09/2025 17:34:20,13.1255666,80.2461916,2461916,2025-09-04T23:29:43.188978
TN12AU6687,353201357706339,0.0,4.71,74.0,03/09/2025 17:34:15,13.1255666,80.2461916,2461916,2025-09-04T23:29:43.189151
TN12AU6687,353201357706339,0.0,4.71,74.0,03/09/2025 17:34:10,13.1255666,80.2461916,2461916,2025-09-04T23:29:43.189329
TN12AU6687,353201357706339,0.0,4.71,74.0,03/09/2025 17:34:05,13.1255666,80.2461916,2461916,2025-09-04T23:29:43.189496
TN12AU6687,353201357706339,0.0,4.71,74.0,03/09/2025 17:34:00,13.1255666,80.2461916,2461916,2025-09-04T23:29:43.189671
TN12AU6687,353201357706339,0.0,4.71,74.0,03/09/2025 17:33:55,13.1255666,80.2461916,2461916,2025-09-04T23:29:43.189846
TN12AU6687,353201357706339,0.0,4.71,74.0,03/09/2025 17:33:50,13.1255666,80.2461916,2461916,2025-09-04T23:29:43.190013
TN12AU6687,353201357706339,0.0,4.71,74.0,03/09/2025 17:33:45,13.1255666,80.2461916,2461916,2025-09-04T23:29:43.190178
TN12AU6687,353201357706339,0.0,4.71,74.0,03/09/2025 17:33:40,13.1255666,80.2461916,2461916,2025-09-04T23:29:43.190333
TN12AU6687,353201357706339,0.0,4.71,74.0,03/09/2025 17:33:35,13.1255666,80.2461916,2461916,2025-09-04T23:29:43.190483
TN12AU6687,353201357706339,0.0,4.71,75.0,03/09/2025 17:33:30,13.1255666,80.2461916,2461916,2025-09-04T23:29:43.190659
TN12AU6687,353201357706339,0.0,4.71,75.0,03/09/2025 17:33:25,13.1255666,80.2461916,2461916,2025-09-04T23:29:43.190832
TN12AU6687,353201357706339,0.0,4.71,75.0,03/09/2025 17:33:20,13.1255666,80.2461916,2461916,2025-09-04T23:29:43.191018
TN12AU6687,353201357706339,0.0,4.71,75.0,03/09/2025 17:33:15,13.1255666,80.2461916,2461916,2025-09-04T23:29:43.191192
TN12AU6687,353201357706339,0.0,4.71,75.0,03/09/2025 17:33:10,13.1255666,80.2461916,2461916,2025-09-04T23:29:43.191364
TN12AU6687,353201357706339,0.0,4.71,75.0,03/09/2025 17:33:05,13.1255666,80.2461916,2461916,2025-09-04T23:29:43.191529
TN12AU6687,353201357706339,0.0,4.71,75.0,03/09/2025 17:33:00,13.1255666,80.2461916,2461916,2025-09-04T23:29:43.191709
TN12AU6687,353201357706339,0.0,4.71,75.0,03/09/2025 17:32:55,13.1255666,80.2461916,2461916,2025-09-04T23:29:43.191895
TN12AU6687,353201357706339,0.0,4.71,75.0,03/09/2025 17:32:50,13.1255666,80.2461916,2461916,2025-09-04T23:29:43.192084
TN12AU6687,353201357706339,0.0,4.71,75.0,03/09/2025 17:32:45,13.1255666,80.2461916,2461916,2025-09-04T23:29:43.192315
TN12AU6687,353201357706339,0.0,4.71,75.0,03/09/2025 17:32:40,13.1255666,80.2461916,2461916,2025-09-04T23:29:43.192533
TN12AU6687,353201357706339,8.0,4.73,75.0,03/09/2025 17:32:35,13.1255783,80.2461816,2461816,2025-09-04T23:29:43.192776
TN12AU6687,353201357706339,21.0,4.75,75.0,03/09/2025 17:32:30,13.1256883,80.246025,246025,2025-09-04T23:29:43.193004
TN12AU6687,353201357706339,11.0,4.76,75.0,03/09/2025 17:32:25,13.125825,80.245855,245855,2025-09-04T23:29:43.193221
TN12AU6687,353201357706339,14.0,4.78,75.0,03/09/2025 17:32:20,13.12591,80.2457566,2457566,2025-09-04T23:29:43.193456
TN12AU6687,353201357706339,28.0,4.81,75.0,03/09/2025 17:32:17,13.1260066,80.2456233,2456233,2025-09-04T23:29:43.193735
TN12AU6687,353201357706339,38.0,4.87,75.0,03/09/2025 17:32:14,13.1261783,80.245405,245405,2025-09-04T23:29:43.193956
TN12AU6687,353201357706339,35.0,4.91,75.0,03/09/2025 17:32:09,13.1264566,80.2450049,2450049,2025-09-04T23:29:43.194475
TN12AU6687,353201357706339,28.0,4.94,75.0,03/09/2025 17:32:04,13.126705,80.244685,244685,2025-09-04T23:29:43.194686
TN12AU6687,353201357706339,22.0,4.97,75.0,03/09/2025 17:31:59,13.1269016,80.2444449,2444449,2025-09-04T23:29:43.194885
TN12AU6687,353201357706339,21.0,5.01,75.0,03/09/2025 17:31:54,13.1270816,80.24423,24423,2025-09-04T23:29:43.195041
TN12AU6687,353201357706339,27.0,5.05,75.0,03/09/2025 17:31:49,13.127295,80.2440083,2440083,2025-09-04T23:29:43.195219
TN12AU6687,353201357706339,26.0,5.08,75.0,03/09/2025 17:31:44,13.1275066,80.2437466,2437466,2025-09-04T23:29:43.195395
TN12AU6687,353201357706339,23.0,5.11,75.0,03/09/2025 17:31:39,13.127695,80.243505,243505,2025-09-04T23:29:43.195585
TN12AU6687,353201357706339,26.0,5.15,75.0,03/09/2025 17:31:34,13.1278816,80.2432733,2432733,2025-09-04T23:29:43.195761
TN12AU6687,353201357706339,27.0,5.19,75.0,03/09/2025 17:31:29,13.1281,80.2430216,2430216,2025-09-04T23:29:43.195925
TN12AU6687,353201357706339,25.0,5.22,75.0,03/09/2025 17:31:24,13.1283033,80.24274,24274,2025-09-04T23:29:43.196070
TN12AU6687,353201357706339,16.0,5.24,75.0,03/09/2025 17:31:19,13.12847,80.2425083,2425083,2025-09-04T23:29:43.196223
TN12AU6687,353201357706339,13.0,5.25,75.0,03/09/2025 17:31:14,13.1286133,80.2423449,2423449,2025-09-04T23:29:43.196380
TN12AU6687,353201357706339,8.0,5.26,75.0,03/09/2025 17:31:09,13.1286616,80.24226,24226,2025-09-04T23:29:43.196557
TN12AU6687,353201357706339,11.0,5.26,75.0,03/09/2025 17:31:06,13.12868,80.24218,24218,2025-09-04T23:29:43.196728
TN12AU6687,353201357706339,11.0,5.28,75.0,03/09/2025 17:31:05,13.128685,80.24215,24215,2025-09-04T23:29:43.196926
TN12AU6687,353201357706339,9.0,5.29,74.0,03/09/2025 17:31:01,13.1287366,80.242055,242055,2025-09-04T23:29:43.197088
TN12AU6687,353201357706339,10.0,5.31,74.0,03/09/2025 17:30:56,13.1287916,80.2419366,2419366,2025-09-04T23:29:43.197237
TN12AU6687,353201357706339,15.0,5.32,74.0,03/09/2025 17:30:51,13.128895,80.2418116,2418116,2025-09-04T23:29:43.197410
TN12AU6687,353201357706339,12.0,5.35,74.0,03/09/2025 17:30:46,13.12899,80.241685,241685,2025-09-04T23:29:43.197593
TN12AU6687,353201357706339,12.0,5.36,74.0,03/09/2025 17:30:41,13.12912,80.241525,241525,2025-09-04T23:29:43.197785
TN12AU6687,353201357706339,6.0,5.36,74.0,03/09/2025 17:30:36,13.1291766,80.2414583,2414583,2025-09-04T23:29:43.197979
TN12AU6687,353201357706339,6.0,5.37,74.0,03/09/2025 17:30:32,13.1292016,80.2413983,2413983,2025-09-04T23:29:43.198167
TN12AU6687,353201357706339,6.0,5.38,74.0,03/09/2025 17:30:29,13.1292183,80.241355,241355,2025-09-04T23:29:43.198337
TN12AU6687,353201357706339,0.0,5.38,74.0,03/09/2025 17:30:25,13.1292683,80.24126,24126,2025-09-04T23:29:43.198508
TN12AU6687,353201357706339,0.0,5.38,74.0,03/09/2025 17:30:20,13.1292683,80.24126,24126,2025-09-04T23:29:43.198665
TN12AU6687,353201357706339,4.0,5.39,74.0,03/09/2025 17:30:15,13.12928,80.2412233,2412233,2025-09-04T23:29:43.198961
TN12AU6687,353201357706339,4.0,5.4,74.0,03/09/2025 17:30:10,13.1292933,80.2411533,2411533,2025-09-04T23:29:43.199169
TN12AU6687,353201357706339,7.0,5.4,74.0,03/09/2025 17:30:05,13.1292466,80.24109,24109,2025-09-04T23:29:43.199327
TN12AU6687,353201357706339,10.0,5.41,74.0,03/09/2025 17:30:04,13.1292333,80.2410533,2410533,2025-09-04T23:29:43.199500
TN12AU6687,353201357706339,11.0,5.41,74.0,03/09/2025 17:30:03,13.129215,80.2409983,2409983,2025-09-04T23:29:43.199701
TN12AU6687,353201357706339,11.0,5.41,74.0,03/09/2025 17:30:02,13.1292066,80.2409633,2409633,2025-09-04T23:29:43.199898
TN12AU6687,353201357706339,10.0,5.42,74.0,03/09/2025 17:30:01,13.1291816,80.24095,24095,2025-09-04T23:29:43.200093
TN12AU6687,353201357706339,10.0,5.42,74.0,03/09/2025 17:30:00,13.1291549,80.2409483,2409483,2025-09-04T23:29:43.200282
TN12AU6687,353201357706339,11.0,5.43,74.0,03/09/2025 17:29:59,13.1291333,80.2409583,2409583,2025-09-04T23:29:43.200457
TN12AU6687,353201357706339,16.0,5.45,74.0,03/09/2025 17:29:57,13.129085,80.241015,241015,2025-09-04T23:29:43.200636
TN12AU6687,353201357706339,16.0,5.48,74.0,03/09/2025 17:29:52,13.1289866,80.2412166,2412166,2025-09-04T23:29:43.200816
TN12AU6687,353201357706339,12.0,5.48,74.0,03/09/2025 17:29:47,13.1288966,80.2413983,2413983,2025-09-04T23:29:43.200991
TN12AU6687,353201357706339,12.0,5.49,74.0,03/09/2025 17:29:45,13.1288583,80.24145,24145,2025-09-04T23:29:43.201134
TN12AU6687,353201357706339,8.0,5.5,74.0,03/09/2025 17:29:43,13.1288116,80.2414699,2414699,2025-09-04T23:29:43.201301
TN12AU6687,353201357706339,4.0,5.51,74.0,03/09/2025 17:29:38,13.1287349,80.2414883,2414883,2025-09-04T23:29:43.201453
TN12AU6687,353201357706339,11.0,5.53,74.0,03/09/2025 17:29:33,13.1286366,80.2414716,2414716,2025-09-04T23:29:43.201615
TN12AU6687,353201357706339,11.0,5.54,74.0,03/09/2025 17:29:28,13.12848,80.2414316,2414316,2025-09-04T23:29:43.201777
TN12AU6687,353201357706339,8.0,5.56,74.0,03/09/2025 17:29:23,13.12835,80.2414183,2414183,2025-09-04T23:29:43.201949
TN12AU6687,353201357706339,17.0,5.59,74.0,03/09/2025 17:29:19,13.1281983,80.2414116,2414116,2025-09-04T23:29:43.202105
TN12AU6687,353201357706339,20.0,5.61,74.0,03/09/2025 17:29:14,13.127945,80.2414333,2414333,2025-09-04T23:29:43.202254
TN12AU6687,353201357706339,21.0,5.65,74.0,03/09/2025 17:29:09,13.1276883,80.2414316,2414316,2025-09-04T23:29:43.202430
TN12AU6687,353201357706339,24.0,5.68,74.0,03/09/2025 17:29:04,13.1273983,80.2414316,2414316,2025-09-04T23:29:43.202623
TN12AU6687,353201357706339,24.0,5.71,75.0,03/09/2025 17:28:59,13.1270999,80.2414533,2414533,2025-09-04T23:29:43.202811
TN12AU6687,353201357706339,22.0,5.75,75.0,03/09/2025 17:28:54,13.1267933,80.2415016,2415016,2025-09-04T23:29:43.203030
TN12AU6687,353201357706339,26.0,5.78,75.0,03/09/2025 17:28:49,13.1264933,80.24155,24155,2025-09-04T23:29:43.203225
TN12AU6687,353201357706339,23.0,5.81,75.0,03/09/2025 17:28:44,13.12617,80.24162,24162,2025-09-04T23:29:43.203437
TN12AU6687,353201357706339,19.0,5.84,75.0,03/09/2025 17:28:39,13.12591,80.2416683,2416683,2025-09-04T23:29:43.203636
TN12AU6687,353201357706339,9.0,5.84,75.0,03/09/2025 17:28:34,13.1257133,80.2417033,2417033,2025-09-04T23:29:43.203821
TN12AU6687,353201357706339,10.0,5.86,76.0,03/09/2025 17:28:31,13.1256433,80.2417266,2417266,2025-09-04T23:29:43.204011
TN12AU6687,353201357706339,18.0,5.89,76.0,03/09/2025 17:28:26,13.1254716,80.241765,241765,2025-09-04T23:29:43.204186
TN12AU6687,353201357706339,21.0,5.92,76.0,03/09/2025 17:28:21,13.1252366,80.2418266,2418266,2025-09-04T23:29:43.204351
TN12AU6687,353201357706339,23.0,5.96,76.0,03/09/2025 17:28:16,13.1250083,80.241865,241865,2025-09-04T23:29:43.204510
TN12AU6687,353201357706339,29.0,6.0,76.0,03/09/2025 17:28:11,13.12465,80.2419466,2419466,2025-09-04T23:29:43.204698
TN12AU6687,353201357706339,29.0,6.04,76.0,03/09/2025 17:28:06,13.1242816,80.2420183,2420183,2025-09-04T23:29:43.204898
TN12AU6687,353201357706339,25.0,6.07,76.0,03/09/2025 17:28:01,13.1239366,80.24206,24206,2025-09-04T23:29:43.205064
TN12AU6687,353201357706339,16.0,6.09,76.0,03/09/2025 17:27:56,13.1236666,80.24213,24213,2025-09-04T23:29:43.205220
TN12AU6687,353201357706339,10.0,6.09,76.0,03/09/2025 17:27:51,13.1234983,80.2421449,2421449,2025-09-04T23:29:43.205732
TN12AU6687,353201357706339,8.0,6.09,76.0,03/09/2025 17:27:50,13.1234733,80.2421383,2421383,2025-09-04T23:29:43.205908
TN12AU6687,353201357706339,6.0,6.1,76.0,03/09/2025 17:27:49,13.1234516,80.242125,242125,2025-09-04T23:29:43.206072
TN12AU6687,353201357706339,7.0,6.11,76.0,03/09/2025 17:27:47,13.1234166,80.2420966,2420966,2025-09-04T23:29:43.206273
TN12AU6687,353201357706339,11.0,6.11,76.0,03/09/2025 17:27:42,13.12331,80.2420266,2420266,2025-09-04T23:29:43.206493
TN12AU6687,353201357706339,11.0,6.12,76.0,03/09/2025 17:27:41,13.1232816,80.2420116,2420116,2025-09-04T23:29:43.206724
TN12AU6687,353201357706339,12.0,6.13,76.0,03/09/2025 17:27:39,13.1232233,80.2419966,2419966,2025-09-04T23:29:43.206941
TN12AU6687,353201357706339,15.0,6.16,76.0,03/09/2025 17:27:36,13.1231166,80.242015,242015,2025-09-04T23:29:43.207143
TN12AU6687,353201357706339,19.0,6.19,76.0,03/09/2025 17:27:31,13.1229233,80.2420833,2420833,2025-09-04T23:29:43.207319
TN12AU6687,353201357706339,21.0,6.22,76.0,03/09/2025 17:27:26,13.12268,80.24217,24217,2025-09-04T23:29:43.207528
TN12AU6687,353201357706339,22.0,6.24,76.0,03/09/2025 17:27:21,13.1223916,80.24226,24226,2025-09-04T23:29:43.207714
TN12AU6687,353201357706339,14.0,6.26,76.0,03/09/2025 17:27:16,13.1221933,80.2423916,2423916,2025-09-04T23:29:43.207912
TN12AU6687,353201357706339,10.0,6.28,76.0,03/09/2025 17:27:12,13.1220533,80.242395,242395,2025-09-04T23:29:43.208089
TN12AU6687,353201357706339,13.0,6.29,76.0,03/09/2025 17:27:07,13.1219133,80.2424183,2424183,2025-09-04T23:29:43.208297
TN12AU6687,353201357706339,13.0,6.31,75.0,03/09/2025 17:27:02,13.12177,80.2424716,2424716,2025-09-04T23:29:43.208520
TN12AU6687,353201357706339,8.0,6.32,75.0,03/09/2025 17:26:57,13.1216399,80.2425016,2425016,2025-09-04T23:29:43.208711
TN12AU6687,353201357706339,5.0,6.32,75.0,03/09/2025 17:26:52,13.1215766,80.242545,242545,2025-09-04T23:29:43.208906
TN12AU6687,353201357706339,3.0,6.33,75.0,03/09/2025 17:26:47,13.1215099,80.2425699,2425699,2025-09-04T23:29:43.209089
TN12AU6687,353201357706339,3.0,6.33,75.0,03/09/2025 17:26:42,13.121495,80.2425833,2425833,2025-09-04T23:29:43.209272
TN12AU6687,353201357706339,5.0,6.34,75.0,03/09/2025 17:26:37,13.1214366,80.2426233,2426233,2025-09-04T23:29:43.209457
TN12AU6687,353201357706339,0.0,6.34,74.0,03/09/2025 17:26:32,13.121375,80.2426799,2426799,2025-09-04T23:29:43.209621
TN12AU6687,353201357706339,0.0,6.34,74.0,03/09/2025 17:26:27,13.1213733,80.2426816,2426816,2025-09-04T23:29:43.209771
TN12AU6687,353201357706339,8.0,6.35,74.0,03/09/2025 17:26:22,13.1213066,80.2427183,2427183,2025-09-04T23:29:43.209944
TN12AU6687,353201357706339,6.0,6.36,74.0,03/09/2025 17:26:19,13.121245,80.24273,24273,2025-09-04T23:29:43.210112
TN12AU6687,353201357706339,0.0,6.36,74.0,03/09/2025 17:26:16,13.1211816,80.2427283,2427283,2025-09-04T23:29:43.210294
TN12AU6687,353201357706339,0.0,6.36,74.0,03/09/2025 17:26:11,13.1211366,80.2427333,2427333,2025-09-04T23:29:43.210445
TN12AU6687,353201357706339,8.0,6.37,74.0,03/09/2025 17:26:06,13.1210716,80.242735,242735,2025-09-04T23:29:43.210621
TN12AU6687,353201357706339,22.0,6.41,74.0,03/09/2025 17:26:03,13.1209466,80.2427383,2427383,2025-09-04T23:29:43.210793
TN12AU6687,353201357706339,21.0,6.43,74.0,03/09/2025 17:25:58,13.1206283,80.2427233,2427233,2025-09-04T23:29:43.210970
TN12AU6687,353201357706339,12.0,6.45,74.0,03/09/2025 17:25:53,13.1204083,80.2427183,2427183,2025-09-04T23:29:43.211138
TN12AU6687,353201357706339,18.0,6.47,74.0,03/09/2025 17:25:48,13.120215,80.2427283,2427283,2025-09-04T23:29:43.211301
TN12AU6687,353201357706339,13.0,6.5,74.0,03/09/2025 17:25:43,13.1200199,80.24273,24273,2025-09-04T23:29:43.211469
TN12AU6687,353201357706339,16.0,6.52,74.0,03/09/2025 17:25:38,13.1198216,80.2426766,2426766,2025-09-04T23:29:43.211629
TN12AU6687,353201357706339,15.0,6.54,74.0,03/09/2025 17:25:33,13.1196233,80.24269,24269,2025-09-04T23:29:43.211806
TN12AU6687,353201357706339,12.0,6.56,74.0,03/09/2025 17:25:28,13.11944,80.2426883,2426883,2025-09-04T23:29:43.211998
TN12AU6687,353201357706339,11.0,6.57,74.0,03/09/2025 17:25:23,13.11929,80.2426733,2426733,2025-09-04T23:29:43.212166
TN12AU6687,353201357706339,6.0,6.57,74.0,03/09/2025 17:25:20,13.1192133,80.2426716,2426716,2025-09-04T23:29:43.212344
TN12AU6687,353201357706339,0.0,6.57,74.0,03/09/2025 17:25:18,13.1191733,80.2426733,2426733,2025-09-04T23:29:43.212534
TN12AU6687,353201357706339,0.0,6.57,74.0,03/09/2025 17:25:13,13.11917,80.2426733,2426733,2025-09-04T23:29:43.212748
TN12AU6687,353201357706339,0.0,6.57,74.0,03/09/2025 17:25:08,13.1191,80.24263,24263,2025-09-04T23:29:43.212932
TN12AU6687,353201357706339,0.0,6.57,74.0,03/09/2025 17:25:03,13.11902,80.2426066,2426066,2025-09-04T23:29:43.213099
TN12AU6687,353201357706339,5.0,6.58,75.0,03/09/2025 17:24:58,13.119,80.2426083,2426083,2025-09-04T23:29:43.213282
TN12AU6687,353201357706339,8.0,6.59,75.0,03/09/2025 17:24:53,13.118885,80.2425916,2425916,2025-09-04T23:29:43.213453
TN12AU6687,353201357706339,6.0,6.6,75.0,03/09/2025 17:24:52,13.1188616,80.2425849,2425849,2025-09-04T23:29:43.213635
TN12AU6687,353201357706339,12.0,6.62,75.0,03/09/2025 17:24:47,13.1187633,80.2425699,2425699,2025-09-04T23:29:43.213817
TN12AU6687,353201357706339,14.0,6.64,75.0,03/09/2025 17:24:42,13.1185916,80.2425399,2425399,2025-09-04T23:29:43.213974
TN12AU6687,353201357706339,16.0,6.65,75.0,03/09/2025 17:24:37,13.1184049,80.2425283,2425283,2025-09-04T23:29:43.214124
TN12AU6687,353201357706339,17.0,6.67,75.0,03/09/2025 17:24:35,13.1183216,80.242505,242505,2025-09-04T23:29:43.214301
TN12AU6687,353201357706339,14.0,6.69,75.0,03/09/2025 17:24:30,13.118135,80.2424666,2424666,2025-09-04T23:29:43.214455
TN12AU6687,353201357706339,18.0,6.72,75.0,03/09/2025 17:24:25,13.11791,80.24246,24246,2025-09-04T23:29:43.214639
TN12AU6687,353201357706339,19.0,6.74,75.0,03/09/2025 17:24:20,13.1176566,80.2424433,2424433,2025-09-04T23:29:43.214868
TN12AU6687,353201357706339,11.0,6.76,75.0,03/09/2025 17:24:15,13.1174683,80.242415,242415,2025-09-04T23:29:43.215094
TN12AU6687,353201357706339,13.0,6.78,75.0,03/09/2025 17:24:11,13.1173349,80.2424083,2424083,2025-09-04T23:29:43.215287
TN12AU6687,353201357706339,16.0,6.8,75.0,03/09/2025 17:24:06,13.1171616,80.2424366,2424366,2025-09-04T23:29:43.215470
TN12AU6687,353201357706339,15.0,6.83,75.0,03/09/2025 17:24:01,13.1169516,80.2424833,2424833,2025-09-04T23:29:43.215618
TN12AU6687,353201357706339,18.0,6.85,75.0,03/09/2025 17:23:56,13.1167333,80.242555,242555,2025-09-04T23:29:43.215786
TN12AU6687,353201357706339,12.0,6.86,75.0,03/09/2025 17:23:51,13.1165499,80.2425916,2425916,2025-09-04T23:29:43.215958
TN12AU6687,353201357706339,9.0,6.88,75.0,03/09/2025 17:23:46,13.1163983,80.2425783,2425783,2025-09-04T23:29:43.216092
TN12AU6687,353201357706339,4.0,6.89,75.0,03/09/2025 17:23:41,13.116285,80.2425983,2425983,2025-09-04T23:29:43.216235
TN12AU6687,353201357706339,8.0,6.9,75.0,03/09/2025 17:23:36,13.1161833,80.2425916,2425916,2025-09-04T23:29:43.216394
TN12AU6687,353201357706339,0.0,6.9,75.0,03/09/2025 17:23:31,13.1161016,80.2426133,2426133,2025-09-04T23:29:43.216529
TN12AU6687,353201357706339,9.0,6.9,75.0,03/09/2025 17:23:26,13.11605,80.2426383,2426383,2025-09-04T23:29:43.216674
TN12AU6687,353201357706339,9.0,6.91,75.0,03/09/2025 17:23:25,13.1160266,80.2426616,2426616,2025-09-04T23:29:43.216837
TN12AU6687,353201357706339,14.0,6.93,75.0,03/09/2025 17:23:22,13.1159866,80.24276,24276,2025-09-04T23:29:43.217001
TN12AU6687,353201357706339,15.0,6.96,75.0,03/09/2025 17:23:17,13.115935,80.2429499,2429499,2025-09-04T23:29:43.217172
TN12AU6687,353201357706339,18.0,6.98,75.0,03/09/2025 17:23:12,13.11591,80.2431733,2431733,2025-09-04T23:29:43.217306
TN12AU6687,353201357706339,16.0,7.0,75.0,03/09/2025 17:23:07,13.11586,80.24339,24339,2025-09-04T23:29:43.217437
TN12AU6687,353201357706339,10.0,7.01,74.0,03/09/2025 17:23:02,13.1158266,80.24358,24358,2025-09-04T23:29:43.217615
TN12AU6687,353201357706339,0.0,7.01,74.0,03/09/2025 17:23:00,13.1158166,80.2436333,2436333,2025-09-04T23:29:43.217814
TN12AU6687,353201357706339,6.0,7.03,74.0,03/09/2025 17:22:55,13.1158133,80.2436766,2436766,2025-09-04T23:29:43.218016
TN12AU6687,353201357706339,13.0,7.05,74.0,03/09/2025 17:22:50,13.1157933,80.2438449,2438449,2025-09-04T23:29:43.218231
TN12AU6687,353201357706339,8.0,7.05,74.0,03/09/2025 17:22:45,13.1157583,80.2440033,2440033,2025-09-04T23:29:43.218404
TN12AU6687,353201357706339,4.0,7.06,74.0,03/09/2025 17:22:41,13.115755,80.24406,24406,2025-09-04T23:29:43.218597
TN12AU6687,353201357706339,6.0,7.07,74.0,03/09/2025 17:22:36,13.1157433,80.2441449,2441449,2025-09-04T23:29:43.218772
TN12AU6687,353201357706339,5.0,7.07,74.0,03/09/2025 17:22:33,13.1156983,80.2441916,2441916,2025-09-04T23:29:43.219045
TN12AU6687,353201357706339,9.0,7.08,74.0,03/09/2025 17:22:28,13.115655,80.244225,244225,2025-09-04T23:29:43.219271
TN12AU6687,353201357706339,9.0,7.09,74.0,03/09/2025 17:22:27,13.1156183,80.2442316,2442316,2025-09-04T23:29:43.219783
TN12AU6687,353201357706339,6.0,7.09,74.0,03/09/2025 17:22:24,13.1155549,80.2442133,2442133,2025-09-04T23:29:43.220018
TN12AU6687,353201357706339,0.0,7.09,74.0,03/09/2025 17:22:21,13.1155266,80.2441999,2441999,2025-09-04T23:29:43.220221
TN12AU6687,353201357706339,0.0,7.09,74.0,03/09/2025 17:22:16,13.1155266,80.2441999,2441999,2025-09-04T23:29:43.220407
TN12AU6687,353201357706339,6.0,7.11,74.0,03/09/2025 17:22:11,13.1155049,80.2441983,2441983,2025-09-04T23:29:43.220555
TN12AU6687,353201357706339,13.0,7.13,74.0,03/09/2025 17:22:06,13.1153666,80.2441516,2441516,2025-09-04T23:29:43.220716
TN12AU6687,353201357706339,24.0,7.17,75.0,03/09/2025 17:22:01,13.1151166,80.244085,244085,2025-09-04T23:29:43.220925
TN12AU6687,353201357706339,24.0,7.2,75.0,03/09/2025 17:21:56,13.1148133,80.2439633,2439633,2025-09-04T23:29:43.221079
TN12AU6687,353201357706339,23.0,7.23,75.0,03/09/2025 17:21:51,13.1145166,80.243905,243905,2025-09-04T23:29:43.221241
TN12AU6687,353201357706339,13.0,7.25,75.0,03/09/2025 17:21:46,13.1142866,80.2438516,2438516,2025-09-04T23:29:43.221410
TN12AU6687,353201357706339,9.0,7.26,75.0,03/09/2025 17:21:41,13.11413,80.2437883,2437883,2025-09-04T23:29:43.221590
TN12AU6687,353201357706339,10.0,7.26,75.0,03/09/2025 17:21:36,13.1140149,80.2437516,2437516,2025-09-04T23:29:43.221756
TN12AU6687,353201357706339,10.0,7.28,75.0,03/09/2025 17:21:35,13.1139916,80.2437366,2437366,2025-09-04T23:29:43.221923
TN12AU6687,353201357706339,13.0,7.28,76.0,03/09/2025 17:21:30,13.1138533,80.24372,24372,2025-09-04T23:29:43.222082
TN12AU6687,353201357706339,14.0,7.29,76.0,03/09/2025 17:21:29,13.1138166,80.2437216,2437216,2025-09-04T23:29:43.222252
TN12AU6687,353201357706339,15.0,7.32,76.0,03/09/2025 17:21:27,13.1137433,80.24369,24369,2025-09-04T23:29:43.222425
TN12AU6687,353201357706339,15.0,7.34,76.0,03/09/2025 17:21:22,13.113515,80.2436549,2436549,2025-09-04T23:29:43.222616
TN12AU6687,353201357706339,15.0,7.34,76.0,03/09/2025 17:21:18,13.11336,80.2436166,2436166,2025-09-04T23:29:43.222826
TN12AU6687,353201357706339,16.0,7.36,76.0,03/09/2025 17:21:17,13.1133216,80.2435999,2435999,2025-09-04T23:29:43.223005
TN12AU6687,353201357706339,10.0,7.37,76.0,03/09/2025 17:21:12,13.1131516,80.2435816,2435816,2025-09-04T23:29:43.223206
TN12AU6687,353201357706339,0.0,7.37,76.0,03/09/2025 17:21:09,13.1130599,80.2435833,2435833,2025-09-04T23:29:43.223402
TN12AU6687,353201357706339,0.0,7.37,76.0,03/09/2025 17:21:04,13.113055,80.2435866,2435866,2025-09-04T23:29:43.223587
TN12AU6687,353201357706339,12.0,7.39,76.0,03/09/2025 17:20:59,13.1129549,80.24359,24359,2025-09-04T23:29:43.223774
TN12AU6687,353201357706339,19.0,7.42,76.0,03/09/2025 17:20:54,13.1127449,80.2435716,2435716,2025-09-04T23:29:43.223962
TN12AU6687,353201357706339,17.0,7.45,76.0,03/09/2025 17:20:49,13.1124933,80.2435683,2435683,2025-09-04T23:29:43.224137
TN12AU6687,353201357706339,17.0,7.46,76.0,03/09/2025 17:20:44,13.1122466,80.2435833,2435833,2025-09-04T23:29:43.224302
TN12AU6687,353201357706339,12.0,7.48,76.0,03/09/2025 17:20:41,13.1121066,80.2435733,2435733,2025-09-04T23:29:43.224463
TN12AU6687,353201357706339,9.0,7.5,76.0,03/09/2025 17:20:36,13.11196,80.2435433,2435433,2025-09-04T23:29:43.224678
TN12AU6687,353201357706339,11.0,7.51,76.0,03/09/2025 17:20:31,13.1118016,80.2435716,2435716,2025-09-04T23:29:43.224884
TN12AU6687,353201357706339,0.0,7.51,76.0,03/09/2025 17:20:26,13.1117116,80.2435733,2435733,2025-09-04T23:29:43.225073
TN12AU6687,353201357706339,9.0,7.52,76.0,03/09/2025 17:20:21,13.1116633,80.243585,243585,2025-09-04T23:29:43.225258
TN12AU6687,353201357706339,13.0,7.54,76.0,03/09/2025 17:20:16,13.11153,80.2435916,2435916,2025-09-04T23:29:43.225460
TN12AU6687,353201357706339,8.0,7.56,76.0,03/09/2025 17:20:11,13.1113883,80.24359,24359,2025-09-04T23:29:43.225676
TN12AU6687,353201357706339,16.0,7.58,76.0,03/09/2025 17:20:06,13.1112166,80.2435966,2435966,2025-09-04T23:29:43.225851
TN12AU6687,353201357706339,10.0,7.59,75.0,03/09/2025 17:20:01,13.1110183,80.2435583,2435583,2025-09-04T23:29:43.226036
TN12AU6687,353201357706339,4.0,7.59,75.0,03/09/2025 17:19:59,13.1109416,80.2435666,2435666,2025-09-04T23:29:43.226209
TN12AU6687,353201357706339,4.0,7.61,75.0,03/09/2025 17:19:54,13.11092,80.2435616,2435616,2025-09-04T23:29:43.226381
TN12AU6687,353201357706339,14.0,7.64,75.0,03/09/2025 17:19:49,13.110755,80.2435483,2435483,2025-09-04T23:29:43.226536
TN12AU6687,353201357706339,13.0,7.64,75.0,03/09/2025 17:19:44,13.1105166,80.2435366,2435366,2025-09-04T23:29:43.226706
TN12AU6687,353201357706339,8.0,7.66,75.0,03/09/2025 17:19:42,13.11046,80.243555,243555,2025-09-04T23:29:43.226876
TN12AU6687,353201357706339,11.0,7.68,75.0,03/09/2025 17:19:38,13.1103583,80.2435999,2435999,2025-09-04T23:29:43.227035
TN12AU6687,353201357706339,4.0,7.68,73.0,03/09/2025 17:19:33,13.1102049,80.2436883,2436883,2025-09-04T23:29:43.227198
TN12AU6687,353201357706339,0.0,7.68,73.0,03/09/2025 17:19:28,13.1102049,80.2436883,2436883,2025-09-04T23:29:43.227363
TN12AU6687,353201357706339,0.0,7.68,73.0,03/09/2025 17:19:23,13.1102049,80.2436883,2436883,2025-09-04T23:29:43.227515
TN12AU6687,353201357706339,0.0,7.68,73.0,03/09/2025 17:19:18,13.1102049,80.24369,24369,2025-09-04T23:29:43.227706
TN12AU6687,353201357706339,11.0,7.7,73.0,03/09/2025 17:19:15,13.1101633,80.2437333,2437333,2025-09-04T23:29:43.227892
TN12AU6687,353201357706339,13.0,7.71,73.0,03/09/2025 17:19:10,13.1100266,80.2438483,2438483,2025-09-04T23:29:43.228071
TN12AU6687,353201357706339,6.0,7.72,73.0,03/09/2025 17:19:05,13.1099516,80.2439183,2439183,2025-09-04T23:29:43.228260
TN12AU6687,353201357706339,3.0,7.72,73.0,03/09/2025 17:19:02,13.1098533,80.243905,243905,2025-09-04T23:29:43.228429
TN12AU6687,353201357706339,0.0,7.72,73.0,03/09/2025 17:18:57,13.1098533,80.243905,243905,2025-09-04T23:29:43.228619
TN12AU6687,353201357706339,0.0,7.72,73.0,03/09/2025 17:18:52,13.1098533,80.243905,243905,2025-09-04T23:29:43.228811
TN12AU6687,353201357706339,0.0,7.72,73.0,03/09/2025 17:18:47,13.1098466,80.2439016,2439016,2025-09-04T23:29:43.229008
TN12AU6687,353201357706339,10.0,7.73,73.0,03/09/2025 17:18:43,13.1098199,80.24383,24383,2025-09-04T23:29:43.229179
TN12AU6687,353201357706339,11.0,7.75,73.0,03/09/2025 17:18:40,13.1098,80.2437249,2437249,2025-09-04T23:29:43.229346
TN12AU6687,353201357706339,15.0,7.77,73.0,03/09/2025 17:18:35,13.1097766,80.2435033,2435033,2025-09-04T23:29:43.229513
TN12AU6687,353201357706339,15.0,7.8,74.0,03/09/2025 17:18:30,13.1097783,80.2433199,2433199,2025-09-04T23:29:43.229678
TN12AU6687,353201357706339,23.0,7.84,74.0,03/09/2025 17:18:25,13.1097383,80.2430433,2430433,2025-09-04T23:29:43.229900
TN12AU6687,353201357706339,23.0,7.87,74.0,03/09/2025 17:18:20,13.1097016,80.2427549,2427549,2025-09-04T23:29:43.230096
TN12AU6687,353201357706339,18.0,7.89,74.0,03/09/2025 17:18:15,13.1096416,80.2424666,2424666,2025-09-04T23:29:43.230270
TN12AU6687,353201357706339,18.0,7.91,74.0,03/09/2025 17:18:10,13.1096083,80.2422466,2422466,2025-09-04T23:29:43.230460
TN12AU6687,353201357706339,22.0,7.94,74.0,03/09/2025 17:18:06,13.10965,80.2420416,2420416,2025-09-04T23:29:43.230628
TN12AU6687,353201357706339,16.0,7.96,75.0,03/09/2025 17:18:01,13.1097666,80.24181,24181,2025-09-04T23:29:43.230802
TN12AU6687,353201357706339,9.0,7.97,75.0,03/09/2025 17:17:56,13.1098583,80.241635,241635,2025-09-04T23:29:43.230964
TN12AU6687,353201357706339,7.0,7.97,75.0,03/09/2025 17:17:55,13.1098649,80.24161,24161,2025-09-04T23:29:43.231153
TN12AU6687,353201357706339,0.0,7.97,75.0,03/09/2025 17:17:50,13.1098933,80.2415516,2415516,2025-09-04T23:29:43.231327
TN12AU6687,353201357706339,9.0,7.98,75.0,03/09/2025 17:17:45,13.10995,80.24146,24146,2025-09-04T23:29:43.231498
TN12AU6687,353201357706339,10.0,8.0,75.0,03/09/2025 17:17:40,13.1099916,80.2413633,2413633,2025-09-04T23:29:43.231670
TN12AU6687,353201357706339,13.0,8.02,75.0,03/09/2025 17:17:35,13.1100699,80.24123,24123,2025-09-04T23:29:43.231847
TN12AU6687,353201357706339,11.0,8.03,75.0,03/09/2025 17:17:30,13.110155,80.2411,2411,2025-09-04T23:29:43.232008
TN12AU6687,353201357706339,7.0,8.05,75.0,03/09/2025 17:17:25,13.1102233,80.2410083,2410083,2025-09-04T23:29:43.232158
TN12AU6687,353201357706339,11.0,8.06,75.0,03/09/2025 17:17:20,13.1103066,80.240895,240895,2025-09-04T23:29:43.232435
TN12AU6687,353201357706339,8.0,8.07,75.0,03/09/2025 17:17:15,13.11037,80.2407716,2407716,2025-09-04T23:29:43.232725
TN12AU6687,353201357706339,9.0,8.08,75.0,03/09/2025 17:17:13,13.1103966,80.2407333,2407333,2025-09-04T23:29:43.232944
TN12AU6687,353201357706339,7.0,8.1,75.0,03/09/2025 17:17:08,13.1104616,80.2406233,2406233,2025-09-04T23:29:43.233183
TN12AU6687,353201357706339,12.0,8.11,75.0,03/09/2025 17:17:03,13.1105283,80.2404933,2404933,2025-09-04T23:29:43.233447
TN12AU6687,353201357706339,11.0,8.13,75.0,03/09/2025 17:16:58,13.1106166,80.2403666,2403666,2025-09-04T23:29:43.233707
TN12AU6687,353201357706339,22.0,8.17,75.0,03/09/2025 17:16:54,13.1107266,80.24021,24021,2025-09-04T23:29:43.233905
TN12AU6687,353201357706339,22.0,8.2,75.0,03/09/2025 17:16:49,13.1108749,80.239955,239955,2025-09-04T23:29:43.234122
TN12AU6687,353201357706339,21.0,8.23,75.0,03/09/2025 17:16:44,13.1110333,80.2397066,2397066,2025-09-04T23:29:43.234304
TN12AU6687,353201357706339,29.0,8.28,75.0,03/09/2025 17:16:39,13.111205,80.2394449,2394449,2025-09-04T23:29:43.234476
TN12AU6687,353201357706339,34.0,8.33,75.0,03/09/2025 17:16:34,13.1114233,80.2390733,2390733,2025-09-04T23:29:43.234672
TN12AU6687,353201357706339,34.0,8.37,75.0,03/09/2025 17:16:29,13.1116633,80.2386749,2386749,2025-09-04T23:29:43.234867
TN12AU6687,353201357706339,27.0,8.41,75.0,03/09/2025 17:16:24,13.1118866,80.23835,23835,2025-09-04T23:29:43.235039
TN12AU6687,353201357706339,24.0,8.44,75.0,03/09/2025 17:16:19,13.1120683,80.2380933,2380933,2025-09-04T23:29:43.235208
TN12AU6687,353201357706339,18.0,8.46,75.0,03/09/2025 17:16:14,13.1122166,80.2378516,2378516,2025-09-04T23:29:43.235375
TN12AU6687,353201357706339,15.0,8.48,75.0,03/09/2025 17:16:09,13.11235,80.2376733,2376733,2025-09-04T23:29:43.235534
TN12AU6687,353201357706339,6.0,8.49,75.0,03/09/2025 17:16:04,13.1124166,80.2375166,2375166,2025-09-04T23:29:43.235698
TN12AU6687,353201357706339,6.0,8.49,74.0,03/09/2025 17:16:01,13.1124383,80.2374533,2374533,2025-09-04T23:29:43.235902
TN12AU6687,353201357706339,6.0,8.5,74.0,03/09/2025 17:15:59,13.1124599,80.2374183,2374183,2025-09-04T23:29:43.236053
TN12AU6687,353201357706339,5.0,8.51,74.0,03/09/2025 17:15:58,13.1124683,80.237405,237405,2025-09-04T23:29:43.236223
TN12AU6687,353201357706339,0.0,8.51,74.0,03/09/2025 17:15:53,13.1125433,80.2373216,2373216,2025-09-04T23:29:43.236397
TN12AU6687,353201357706339,0.0,8.51,74.0,03/09/2025 17:15:48,13.1125433,80.2373216,2373216,2025-09-04T23:29:43.236565
TN12AU6687,353201357706339,0.0,8.51,74.0,03/09/2025 17:15:43,13.1125433,80.2373216,2373216,2025-09-04T23:29:43.236719
TN12AU6687,353201357706339,0.0,8.51,74.0,03/09/2025 17:15:38,13.1125433,80.2373216,2373216,2025-09-04T23:29:43.236902
TN12AU6687,353201357706339,0.0,8.51,74.0,03/09/2025 17:15:33,13.1125433,80.2373216,2373216,2025-09-04T23:29:43.237079
TN12AU6687,353201357706339,0.0,8.51,74.0,03/09/2025 17:15:28,13.1125433,80.2373216,2373216,2025-09-04T23:29:43.237238
TN12AU6687,353201357706339,4.0,8.52,74.0,03/09/2025 17:15:23,13.11256,80.2372983,2372983,2025-09-04T23:29:43.237395
TN12AU6687,353201357706339,0.0,8.52,74.0,03/09/2025 17:15:18,13.1126216,80.2372033,2372033,2025-09-04T23:29:43.237558
TN12AU6687,353201357706339,0.0,8.52,74.0,03/09/2025 17:15:13,13.1126216,80.2372033,2372033,2025-09-04T23:29:43.237742
TN12AU6687,353201357706339,0.0,8.52,74.0,03/09/2025 17:15:08,13.1126216,80.2372033,2372033,2025-09-04T23:29:43.237891
TN12AU6687,353201357706339,0.0,8.52,75.0,03/09/2025 17:15:03,13.1126216,80.2372033,2372033,2025-09-04T23:29:43.238065
TN12AU6687,353201357706339,0.0,8.52,75.0,03/09/2025 17:14:58,13.1126216,80.2372033,2372033,2025-09-04T23:29:43.238249
TN12AU6687,353201357706339,7.0,8.53,75.0,03/09/2025 17:14:53,13.1126416,80.2371766,2371766,2025-09-04T23:29:43.238433
TN12AU6687,353201357706339,13.0,8.56,75.0,03/09/2025 17:14:48,13.1127133,80.2370516,2370516,2025-09-04T23:29:43.238600
TN12AU6687,353201357706339,15.0,8.58,75.0,03/09/2025 17:14:43,13.1128066,80.2368683,2368683,2025-09-04T23:29:43.238792
TN12AU6687,353201357706339,12.0,8.6,75.0,03/09/2025 17:14:38,13.1128866,80.2366916,2366916,2025-09-04T23:29:43.238999
TN12AU6687,353201357706339,16.0,8.62,75.0,03/09/2025 17:14:33,13.1129716,80.2365266,2365266,2025-09-04T23:29:43.239188
TN12AU6687,353201357706339,11.0,8.64,75.0,03/09/2025 17:14:28,13.113045,80.23636,23636,2025-09-04T23:29:43.239361
TN12AU6687,353201357706339,13.0,8.66,75.0,03/09/2025 17:14:23,13.1131133,80.2362033,2362033,2025-09-04T23:29:43.239544
TN12AU6687,353201357706339,18.0,8.69,75.0,03/09/2025 17:14:18,13.1132283,80.2360333,2360333,2025-09-04T23:29:43.239713
TN12AU6687,353201357706339,19.0,8.71,75.0,03/09/2025 17:14:13,13.1133683,80.2358299,2358299,2025-09-04T23:29:43.239921
TN12AU6687,353201357706339,15.0,8.73,75.0,03/09/2025 17:14:08,13.1135016,80.2356666,2356666,2025-09-04T23:29:43.240107
TN12AU6687,353201357706339,13.0,8.75,76.0,03/09/2025 17:14:03,13.1136183,80.2355183,2355183,2025-09-04T23:29:43.240315
TN12AU6687,353201357706339,10.0,8.75,76.0,03/09/2025 17:13:58,13.1137216,80.2353733,2353733,2025-09-04T23:29:43.240502
TN12AU6687,353201357706339,8.0,8.76,76.0,03/09/2025 17:13:57,13.11374,80.2353566,2353566,2025-09-04T23:29:43.240673
TN12AU6687,353201357706339,0.0,8.76,76.0,03/09/2025 17:13:54,13.1137783,80.23533,23533,2025-09-04T23:29:43.240835
TN12AU6687,353201357706339,0.0,8.76,76.0,03/09/2025 17:13:49,13.11378,80.2353216,2353216,2025-09-04T23:29:43.240986
TN12AU6687,353201357706339,13.0,8.78,76.0,03/09/2025 17:13:47,13.1138166,80.2352866,2352866,2025-09-04T23:29:43.241154
TN12AU6687,353201357706339,15.0,8.8,76.0,03/09/2025 17:13:42,13.1139716,80.2350833,2350833,2025-09-04T23:29:43.241334
TN12AU6687,353201357706339,14.0,8.83,76.0,03/09/2025 17:13:37,13.1140749,80.23494,23494,2025-09-04T23:29:43.241503
TN12AU6687,353201357706339,15.0,8.85,76.0,03/09/2025 17:13:32,13.1141933,80.2347816,2347816,2025-09-04T23:29:43.241673
TN12AU6687,353201357706339,14.0,8.87,76.0,03/09/2025 17:13:28,13.11427,80.2346083,2346083,2025-09-04T23:29:43.241840
TN12AU6687,353201357706339,7.0,8.87,76.0,03/09/2025 17:13:23,13.114335,80.23444,23444,2025-09-04T23:29:43.242016
TN12AU6687,353201357706339,6.0,8.88,76.0,03/09/2025 17:13:21,13.11434,80.2344116,2344116,2025-09-04T23:29:43.242172
TN12AU6687,353201357706339,15.0,8.9,76.0,03/09/2025 17:13:17,13.11438,80.234315,234315,2025-09-04T23:29:43.242314
TN12AU6687,353201357706339,18.0,8.93,76.0,03/09/2025 17:13:13,13.1144383,80.2341433,2341433,2025-09-04T23:29:43.242475
TN12AU6687,353201357706339,19.0,8.96,76.0,03/09/2025 17:13:08,13.1144966,80.2339016,2339016,2025-09-04T23:29:43.242668
TN12AU6687,353201357706339,22.0,8.99,76.0,03/09/2025 17:13:03,13.1145733,80.2336166,2336166,2025-09-04T23:29:43.242843
TN12AU6687,353201357706339,20.0,9.02,75.0,03/09/2025 17:12:58,13.1146583,80.23334,23334,2025-09-04T23:29:43.243031
TN12AU6687,353201357706339,17.0,9.05,75.0,03/09/2025 17:12:53,13.1147316,80.2330983,2330983,2025-09-04T23:29:43.243218
TN12AU6687,353201357706339,19.0,9.05,75.0,03/09/2025 17:12:48,13.11482,80.2328599,2328599,2025-09-04T23:29:43.243391
TN12AU6687,353201357706339,19.0,9.06,75.0,03/09/2025 17:12:47,13.1148533,80.232815,232815,2025-09-04T23:29:43.243557
TN12AU6687,353201357706339,17.0,9.07,75.0,03/09/2025 17:12:46,13.1148916,80.2327783,2327783,2025-09-04T23:29:43.243734
TN12AU6687,353201357706339,15.0,9.08,75.0,03/09/2025 17:12:44,13.1149683,80.2327366,2327366,2025-09-04T23:29:43.243904
TN12AU6687,353201357706339,14.0,9.08,75.0,03/09/2025 17:12:42,13.115045,80.2327183,2327183,2025-09-04T23:29:43.244077
TN12AU6687,353201357706339,13.0,9.11,75.0,03/09/2025 17:12:40,13.1151216,80.2327099,2327099,2025-09-04T23:29:43.244239
TN12AU6687,353201357706339,13.0,9.11,75.0,03/09/2025 17:12:35,13.1153183,80.2327016,2327016,2025-09-04T23:29:43.244403
TN12AU6687,353201357706339,12.0,9.12,75.0,03/09/2025 17:12:34,13.1153483,80.232695,232695,2025-09-04T23:29:43.244574
TN12AU6687,353201357706339,10.0,9.13,75.0,03/09/2025 17:12:31,13.1154099,80.2326499,2326499,2025-09-04T23:29:43.244765
TN12AU6687,353201357706339,13.0,9.14,75.0,03/09/2025 17:12:28,13.11547,80.2325816,2325816,2025-09-04T23:29:43.244955
TN12AU6687,353201357706339,17.0,9.17,75.0,03/09/2025 17:12:25,13.1155333,80.2324849,2324849,2025-09-04T23:29:43.245092
TN12AU6687,353201357706339,17.0,9.18,75.0,03/09/2025 17:12:20,13.1156483,80.2322866,2322866,2025-09-04T23:29:43.245266
TN12AU6687,353201357706339,12.0,9.2,75.0,03/09/2025 17:12:15,13.1157283,80.2321333,2321333,2025-09-04T23:29:43.245405
TN12AU6687,353201357706339,4.0,9.21,75.0,03/09/2025 17:12:10,13.1157933,80.23202,23202,2025-09-04T23:29:43.245691
TN12AU6687,353201357706339,9.0,9.22,75.0,03/09/2025 17:12:05,13.1158516,80.2319133,2319133,2025-09-04T23:29:43.245925
TN12AU6687,353201357706339,0.0,9.22,74.0,03/09/2025 17:12:00,13.1159116,80.2318366,2318366,2025-09-04T23:29:43.246141
TN12AU6687,353201357706339,6.0,9.24,74.0,03/09/2025 17:11:55,13.1159333,80.2318216,2318216,2025-09-04T23:29:43.246340
TN12AU6687,353201357706339,9.0,9.25,74.0,03/09/2025 17:11:50,13.1160149,80.2317349,2317349,2025-09-04T23:29:43.246491
TN12AU6687,353201357706339,10.0,9.27,74.0,03/09/2025 17:11:45,13.1160799,80.2316216,2316216,2025-09-04T23:29:43.246694
TN12AU6687,353201357706339,0.0,9.27,74.0,03/09/2025 17:11:43,13.1162016,80.231465,231465,2025-09-04T23:29:43.246930
TN12AU6687,353201357706339,0.0,9.27,74.0,03/09/2025 17:11:35,13.1162016,80.231465,231465,2025-09-04T23:29:43.247156
TN12AU6687,353201357706339,0.0,9.27,74.0,03/09/2025 17:11:05,13.1162016,80.231465,231465,2025-09-04T23:29:43.247378
TN12AU6687,353201357706339,0.0,9.27,74.0,03/09/2025 17:11:03,13.1162016,80.231465,231465,2025-09-04T23:29:43.247576
TN12AU6687,353201357706339,0.0,9.27,74.0,03/09/2025 17:10:58,13.1162016,80.231465,231465,2025-09-04T23:29:43.247756
TN12AU6687,353201357706339,0.0,9.27,74.0,03/09/2025 17:10:53,13.1162016,80.231465,231465,2025-09-04T23:29:43.247919
TN12AU6687,353201357706339,0.0,9.27,74.0,03/09/2025 17:10:48,13.1162016,80.231465,231465,2025-09-04T23:29:43.248090
TN12AU6687,353201357706339,0.0,9.27,74.0,03/09/2025 17:10:43,13.1162016,80.231465,231465,2025-09-04T23:29:43.248296
TN12AU6687,353201357706339,0.0,9.27,74.0,03/09/2025 17:10:38,13.1162016,80.231465,231465,2025-09-04T23:29:43.248501
TN12AU6687,353201357706339,0.0,9.27,74.0,03/09/2025 17:10:33,13.1162016,80.231465,231465,2025-09-04T23:29:43.248692
TN12AU6687,353201357706339,0.0,9.27,74.0,03/09/2025 17:10:28,13.1162016,80.231465,231465,2025-09-04T23:29:43.248875
TN12AU6687,353201357706339,0.0,9.27,74.0,03/09/2025 17:10:23,13.1162016,80.231465,231465,2025-09-04T23:29:43.249044
TN12AU6687,353201357706339,0.0,9.27,74.0,03/09/2025 17:10:18,13.1162016,80.231465,231465,2025-09-04T23:29:43.249194
TN12AU6687,353201357706339,0.0,9.27,74.0,03/09/2025 17:10:13,13.1162016,80.231465,231465,2025-09-04T23:29:43.249344
TN12AU6687,353201357706339,0.0,9.27,74.0,03/09/2025 17:10:08,13.1162016,80.231465,231465,2025-09-04T23:29:43.249496
TN12AU6687,353201357706339,0.0,9.27,74.0,03/09/2025 17:10:03,13.1162016,80.231465,231465,2025-09-04T23:29:43.249663
TN12AU6687,353201357706339,9.0,9.29,74.0,03/09/2025 17:09:58,13.1162183,80.2314266,2314266,2025-09-04T23:29:43.249848
TN12AU6687,353201357706339,10.0,9.3,74.0,03/09/2025 17:09:53,13.116285,80.2313066,2313066,2025-09-04T23:29:43.250026
TN12AU6687,353201357706339,10.0,9.31,74.0,03/09/2025 17:09:48,13.1163466,80.2311866,2311866,2025-09-04T23:29:43.250190
TN12AU6687,353201357706339,6.0,9.33,74.0,03/09/2025 17:09:43,13.116405,80.2310966,2310966,2025-09-04T23:29:43.250360
TN12AU6687,353201357706339,7.0,9.34,74.0,03/09/2025 17:09:38,13.1164616,80.231005,231005,2025-09-04T23:29:43.250547
TN12AU6687,353201357706339,6.0,9.34,74.0,03/09/2025 17:09:33,13.1165083,80.2309183,2309183,2025-09-04T23:29:43.250700
TN12AU6687,353201357706339,4.0,9.34,74.0,03/09/2025 17:09:32,13.1165133,80.2309,2309,2025-09-04T23:29:43.250860
TN12AU6687,353201357706339,0.0,9.34,74.0,03/09/2025 17:09:27,13.1165383,80.2308416,2308416,2025-09-04T23:29:43.251019
TN12AU6687,353201357706339,0.0,9.34,74.0,03/09/2025 17:09:22,13.1165383,80.2308416,2308416,2025-09-04T23:29:43.251177
TN12AU6687,353201357706339,6.0,9.35,73.0,03/09/2025 17:09:17,13.116565,80.2308166,2308166,2025-09-04T23:29:43.251337
TN12AU6687,353201357706339,6.0,9.36,73.0,03/09/2025 17:09:16,13.1165733,80.2307983,2307983,2025-09-04T23:29:43.251508
TN12AU6687,353201357706339,8.0,9.36,73.0,03/09/2025 17:09:11,13.116635,80.2306983,2306983,2025-09-04T23:29:43.251672
TN12AU6687,353201357706339,6.0,9.37,73.0,03/09/2025 17:09:10,13.1166483,80.2306799,2306799,2025-09-04T23:29:43.251831
TN12AU6687,353201357706339,11.0,9.4,73.0,03/09/2025 17:09:06,13.11669,80.230605,230605,2025-09-04T23:29:43.251990
TN12AU6687,353201357706339,16.0,9.41,73.0,03/09/2025 17:09:01,13.116805,80.2304183,2304183,2025-09-04T23:29:43.252155
TN12AU6687,353201357706339,15.0,9.43,73.0,03/09/2025 17:08:58,13.11686,80.2303066,2303066,2025-09-04T23:29:43.252307
TN12AU6687,353201357706339,12.0,9.45,73.0,03/09/2025 17:08:53,13.1169583,80.2301299,2301299,2025-09-04T23:29:43.252472
TN12AU6687,353201357706339,20.0,9.48,73.0,03/09/2025 17:08:48,13.1170349,80.2299783,2299783,2025-09-04T23:29:43.252655
TN12AU6687,353201357706339,31.0,9.53,73.0,03/09/2025 17:08:44,13.11719,80.2297183,2297183,2025-09-04T23:29:43.252835
TN12AU6687,353201357706339,23.0,9.55,73.0,03/09/2025 17:08:39,13.11739,80.22938,22938,2025-09-04T23:29:43.253035
TN12AU6687,353201357706339,16.0,9.57,73.0,03/09/2025 17:08:34,13.11751,80.2291383,2291383,2025-09-04T23:29:43.253219
TN12AU6687,353201357706339,7.0,9.58,73.0,03/09/2025 17:08:29,13.1175599,80.2290083,2290083,2025-09-04T23:29:43.253422
TN12AU6687,353201357706339,13.0,9.61,73.0,03/09/2025 17:08:25,13.1176249,80.2289099,2289099,2025-09-04T23:29:43.253604
TN12AU6687,353201357706339,18.0,9.62,73.0,03/09/2025 17:08:20,13.1177083,80.2287149,2287149,2025-09-04T23:29:43.253777
TN12AU6687,353201357706339,21.0,9.65,73.0,03/09/2025 17:08:17,13.1177483,80.2285883,2285883,2025-09-04T23:29:43.253984
TN12AU6687,353201357706339,24.0,9.68,73.0,03/09/2025 17:08:13,13.1178016,80.2283449,2283449,2025-09-04T23:29:43.254177
TN12AU6687,353201357706339,18.0,9.71,73.0,03/09/2025 17:08:08,13.1179033,80.2280133,2280133,2025-09-04T23:29:43.254351
TN12AU6687,353201357706339,16.0,9.74,73.0,03/09/2025 17:08:03,13.11798,80.2277983,2277983,2025-09-04T23:29:43.254543
TN12AU6687,353201357706339,17.0,9.76,73.0,03/09/2025 17:07:58,13.1180583,80.2275683,2275683,2025-09-04T23:29:43.254739
TN12AU6687,353201357706339,15.0,9.78,73.0,03/09/2025 17:07:53,13.118145,80.2273599,2273599,2025-09-04T23:29:43.254895
TN12AU6687,353201357706339,18.0,9.82,73.0,03/09/2025 17:07:48,13.1182399,80.2271566,2271566,2025-09-04T23:29:43.255052
TN12AU6687,353201357706339,21.0,9.85,73.0,03/09/2025 17:07:43,13.1182716,80.22685,22685,2025-09-04T23:29:43.255216
TN12AU6687,353201357706339,14.0,9.87,73.0,03/09/2025 17:07:38,13.1183683,80.2265883,2265883,2025-09-04T23:29:43.255369
TN12AU6687,353201357706339,22.0,9.9,74.0,03/09/2025 17:07:33,13.118445,80.2263766,2263766,2025-09-04T23:29:43.255536
TN12AU6687,353201357706339,18.0,9.92,74.0,03/09/2025 17:07:28,13.11855,80.2261316,2261316,2025-09-04T23:29:43.255693
TN12AU6687,353201357706339,7.0,9.92,74.0,03/09/2025 17:07:24,13.1186116,80.2260066,2260066,2025-09-04T23:29:43.255852
TN12AU6687,353201357706339,6.0,9.94,74.0,03/09/2025 17:07:19,13.11864,80.225945,225945,2025-09-04T23:29:43.256038
TN12AU6687,353201357706339,9.0,9.96,74.0,03/09/2025 17:07:14,13.118735,80.2258399,2258399,2025-09-04T23:29:43.256217
TN12AU6687,353201357706339,12.0,9.97,74.0,03/09/2025 17:07:09,13.1188299,80.2257399,2257399,2025-09-04T23:29:43.256398
TN12AU6687,353201357706339,0.0,9.97,74.0,03/09/2025 17:07:05,13.1189333,80.22565,22565,2025-09-04T23:29:43.256572
TN12AU6687,353201357706339,6.0,9.98,75.0,03/09/2025 17:07:00,13.1189483,80.225635,225635,2025-09-04T23:29:43.256740
TN12AU6687,353201357706339,17.0,10.0,75.0,03/09/2025 17:06:58,13.1189933,80.2255916,2255916,2025-09-04T23:29:43.256912
TN12AU6687,353201357706339,18.0,10.03,75.0,03/09/2025 17:06:53,13.1191483,80.2254399,2254399,2025-09-04T23:29:43.257096
TN12AU6687,353201357706339,19.0,10.05,75.0,03/09/2025 17:06:48,13.1193333,80.22527,22527,2025-09-04T23:29:43.257260
TN12AU6687,353201357706339,15.0,10.08,75.0,03/09/2025 17:06:43,13.1194966,80.2251199,2251199,2025-09-04T23:29:43.257438
TN12AU6687,353201357706339,19.0,10.1,75.0,03/09/2025 17:06:38,13.1196483,80.2249583,2249583,2025-09-04T23:29:43.257621
TN12AU6687,353201357706339,19.0,10.13,75.0,03/09/2025 17:06:33,13.1198433,80.2248016,2248016,2025-09-04T23:29:43.257819
TN12AU6687,353201357706339,17.0,10.15,76.0,03/09/2025 17:06:28,13.1199983,80.2246483,2246483,2025-09-04T23:29:43.258005
TN12AU6687,353201357706339,15.0,10.17,76.0,03/09/2025 17:06:23,13.1201433,80.2244783,2244783,2025-09-04T23:29:43.258199
TN12AU6687,353201357706339,10.0,10.19,76.0,03/09/2025 17:06:18,13.12029,80.224345,224345,2025-09-04T23:29:43.258391
TN12AU6687,353201357706339,0.0,10.19,76.0,03/09/2025 17:06:15,13.1203716,80.224305,224305,2025-09-04T23:29:43.258553
TN12AU6687,353201357706339,0.0,10.19,76.0,03/09/2025 17:06:10,13.1203766,80.2243033,2243033,2025-09-04T23:29:43.258689
TN12AU6687,353201357706339,13.0,10.21,76.0,03/09/2025 17:06:05,13.120495,80.2242466,2242466,2025-09-04T23:29:43.258801
TN12AU6687,353201357706339,16.0,10.22,76.0,03/09/2025 17:06:00,13.1206733,80.2241683,2241683,2025-09-04T23:29:43.259050
TN12AU6687,353201357706339,16.0,10.24,76.0,03/09/2025 17:05:57,13.1207866,80.2241283,2241283,2025-09-04T23:29:43.259276
TN12AU6687,353201357706339,9.0,10.25,76.0,03/09/2025 17:05:52,13.1209566,80.2240766,2240766,2025-09-04T23:29:43.259498
TN12AU6687,353201357706339,8.0,10.27,76.0,03/09/2025 17:05:47,13.1210799,80.2240416,2240416,2025-09-04T23:29:43.259724
TN12AU6687,353201357706339,5.0,10.27,76.0,03/09/2025 17:05:42,13.12119,80.224005,224005,2025-09-04T23:29:43.259977
TN12AU6687,353201357706339,4.0,10.29,76.0,03/09/2025 17:05:37,13.1212433,80.2239716,2239716,2025-09-04T23:29:43.260219
TN12AU6687,353201357706339,9.0,10.29,76.0,03/09/2025 17:05:32,13.1213416,80.2239399,2239399,2025-09-04T23:29:43.260444
TN12AU6687,353201357706339,6.0,10.29,76.0,03/09/2025 17:05:30,13.1213916,80.2239333,2239333,2025-09-04T23:29:43.260646
TN12AU6687,353201357706339,6.0,10.3,76.0,03/09/2025 17:05:28,13.1214283,80.2239266,2239266,2025-09-04T23:29:43.260891
TN12AU6687,353201357706339,4.0,10.31,76.0,03/09/2025 17:05:23,13.1214983,80.2239016,2239016,2025-09-04T23:29:43.261089
TN12AU6687,353201357706339,6.0,10.32,76.0,03/09/2025 17:05:18,13.1215716,80.22388,22388,2025-09-04T23:29:43.261265
TN12AU6687,353201357706339,4.0,10.33,76.0,03/09/2025 17:05:13,13.1216766,80.2238433,2238433,2025-09-04T23:29:43.261417
TN12AU6687,353201357706339,0.0,10.33,76.0,03/09/2025 17:05:08,13.1216916,80.22384,22384,2025-09-04T23:29:43.261568
TN12AU6687,353201357706339,10.0,10.33,75.0,03/09/2025 17:05:03,13.121775,80.2238133,2238133,2025-09-04T23:29:43.261723
TN12AU6687,353201357706339,10.0,10.35,75.0,03/09/2025 17:05:01,13.1218266,80.2237983,2237983,2025-09-04T23:29:43.261893
TN12AU6687,353201357706339,17.0,10.38,75.0,03/09/2025 17:04:56,13.1219699,80.223735,223735,2025-09-04T23:29:43.262045
TN12AU6687,353201357706339,22.0,10.41,75.0,03/09/2025 17:04:51,13.1222033,80.2236333,2236333,2025-09-04T23:29:43.262213
TN12AU6687,353201357706339,22.0,10.44,75.0,03/09/2025 17:04:46,13.1224533,80.2235083,2235083,2025-09-04T23:29:43.262378
TN12AU6687,353201357706339,15.0,10.45,75.0,03/09/2025 17:04:41,13.1226716,80.2233966,2233966,2025-09-04T23:29:43.262562
TN12AU6687,353201357706339,12.0,10.48,75.0,03/09/2025 17:04:36,13.1227933,80.2233216,2233216,2025-09-04T23:29:43.262763
TN12AU6687,353201357706339,22.0,10.51,75.0,03/09/2025 17:04:31,13.1230049,80.2231366,2231366,2025-09-04T23:29:43.262939
TN12AU6687,353201357706339,19.0,10.54,75.0,03/09/2025 17:04:26,13.1232166,80.2229633,2229633,2025-09-04T23:29:43.263132
TN12AU6687,353201357706339,17.0,10.56,75.0,03/09/2025 17:04:21,13.123415,80.22282,22282,2025-09-04T23:29:43.263300
TN12AU6687,353201357706339,17.0,10.58,75.0,03/09/2025 17:04:16,13.1235766,80.2226783,2226783,2025-09-04T23:29:43.263489
TN12AU6687,353201357706339,14.0,10.6,75.0,03/09/2025 17:04:11,13.1237216,80.2225533,2225533,2025-09-04T23:29:43.263696
TN12AU6687,353201357706339,13.0,10.6,75.0,03/09/2025 17:04:07,13.1238183,80.2224466,2224466,2025-09-04T23:29:43.263859
TN12AU6687,353201357706339,14.0,10.62,75.0,03/09/2025 17:04:06,13.1238416,80.222415,222415,2025-09-04T23:29:43.264001
TN12AU6687,353201357706339,13.0,10.64,75.0,03/09/2025 17:04:01,13.12393,80.2222516,2222516,2025-09-04T23:29:43.264154
TN12AU6687,353201357706339,12.0,10.66,75.0,03/09/2025 17:03:56,13.1240166,80.2221216,2221216,2025-09-04T23:29:43.264318
TN12AU6687,353201357706339,10.0,10.67,75.0,03/09/2025 17:03:51,13.1241083,80.22199,22199,2025-09-04T23:29:43.264459
TN12AU6687,353201357706339,0.0,10.67,75.0,03/09/2025 17:03:46,13.1241516,80.22192,22192,2025-09-04T23:29:43.264624
TN12AU6687,353201357706339,0.0,10.67,75.0,03/09/2025 17:03:41,13.1241516,80.22192,22192,2025-09-04T23:29:43.264782
TN12AU6687,353201357706339,0.0,10.67,75.0,03/09/2025 17:03:36,13.1241516,80.22192,22192,2025-09-04T23:29:43.264933
TN12AU6687,353201357706339,0.0,10.67,75.0,03/09/2025 17:03:31,13.1241633,80.2219016,2219016,2025-09-04T23:29:43.265111
TN12AU6687,353201357706339,4.0,10.68,75.0,03/09/2025 17:03:26,13.12421,80.22185,22185,2025-09-04T23:29:43.265291
TN12AU6687,353201357706339,7.0,10.69,75.0,03/09/2025 17:03:21,13.1242516,80.2217866,2217866,2025-09-04T23:29:43.265484
TN12AU6687,353201357706339,8.0,10.69,75.0,03/09/2025 17:03:16,13.12432,80.2217016,2217016,2025-09-04T23:29:43.265682
TN12AU6687,353201357706339,7.0,10.7,75.0,03/09/2025 17:03:13,13.1243483,80.2216466,2216466,2025-09-04T23:29:43.265864
TN12AU6687,353201357706339,9.0,10.72,75.0,03/09/2025 17:03:11,13.1243716,80.2216066,2216066,2025-09-04T23:29:43.266011
TN12AU6687,353201357706339,13.0,10.74,75.0,03/09/2025 17:03:06,13.1244749,80.2214683,2214683,2025-09-04T23:29:43.266161
TN12AU6687,353201357706339,10.0,10.75,75.0,03/09/2025 17:03:01,13.12458,80.2213333,2213333,2025-09-04T23:29:43.266326
TN12AU6687,353201357706339,8.0,10.76,75.0,03/09/2025 17:02:56,13.1246483,80.22123,22123,2025-09-04T23:29:43.266463
TN12AU6687,353201357706339,0.0,10.76,75.0,03/09/2025 17:02:51,13.1246916,80.2211766,2211766,2025-09-04T23:29:43.266606
TN12AU6687,353201357706339,0.0,10.76,75.0,03/09/2025 17:02:46,13.1246916,80.2211766,2211766,2025-09-04T23:29:43.266765
TN12AU6687,353201357706339,0.0,10.76,75.0,03/09/2025 17:02:41,13.1246916,80.2211766,2211766,2025-09-04T23:29:43.266911
TN12AU6687,353201357706339,0.0,10.76,75.0,03/09/2025 17:02:36,13.1246933,80.2211766,2211766,2025-09-04T23:29:43.267053
TN12AU6687,353201357706339,4.0,10.77,75.0,03/09/2025 17:02:31,13.1247199,80.2211366,2211366,2025-09-04T23:29:43.267205
TN12AU6687,353201357706339,7.0,10.78,75.0,03/09/2025 17:02:26,13.1247616,80.22108,22108,2025-09-04T23:29:43.267354
TN12AU6687,353201357706339,5.0,10.78,75.0,03/09/2025 17:02:21,13.1248266,80.221015,221015,2025-09-04T23:29:43.267557
TN12AU6687,353201357706339,5.0,10.79,75.0,03/09/2025 17:02:16,13.1248716,80.220955,220955,2025-09-04T23:29:43.267725
TN12AU6687,353201357706339,5.0,10.8,75.0,03/09/2025 17:02:11,13.1249149,80.2208899,2208899,2025-09-04T23:29:43.267897
TN12AU6687,353201357706339,0.0,10.8,75.0,03/09/2025 17:02:06,13.1249316,80.220865,220865,2025-09-04T23:29:43.268077
TN12AU6687,353201357706339,0.0,10.8,75.0,03/09/2025 17:02:01,13.1249316,80.2208633,2208633,2025-09-04T23:29:43.268263
TN12AU6687,353201357706339,9.0,10.81,75.0,03/09/2025 17:01:56,13.1249716,80.22082,22082,2025-09-04T23:29:43.268440
TN12AU6687,353201357706339,9.0,10.83,75.0,03/09/2025 17:01:51,13.1250533,80.2207133,2207133,2025-09-04T23:29:43.268587
TN12AU6687,353201357706339,13.0,10.85,75.0,03/09/2025 17:01:46,13.125145,80.220565,220565,2025-09-04T23:29:43.268765
TN12AU6687,353201357706339,11.0,10.85,75.0,03/09/2025 17:01:41,13.1252533,80.2204166,2204166,2025-09-04T23:29:43.268933
TN12AU6687,353201357706339,11.0,10.87,75.0,03/09/2025 17:01:40,13.1252716,80.220385,220385,2025-09-04T23:29:43.269079
TN12AU6687,353201357706339,5.0,10.88,75.0,03/09/2025 17:01:36,13.1253583,80.2202766,2202766,2025-09-04T23:29:43.269231
TN12AU6687,353201357706339,0.0,10.88,75.0,03/09/2025 17:01:31,13.1254433,80.22022,22022,2025-09-04T23:29:43.269388
TN12AU6687,353201357706339,4.0,10.89,76.0,03/09/2025 17:01:26,13.1254766,80.2201966,2201966,2025-09-04T23:29:43.269543
TN12AU6687,353201357706339,4.0,10.9,76.0,03/09/2025 17:01:21,13.12553,80.2201383,2201383,2025-09-04T23:29:43.269720
TN12AU6687,353201357706339,9.0,10.92,76.0,03/09/2025 17:01:16,13.1255966,80.2200516,2200516,2025-09-04T23:29:43.269874
TN12AU6687,353201357706339,11.0,10.93,76.0,03/09/2025 17:01:11,13.1256983,80.2199383,2199383,2025-09-04T23:29:43.270045
TN12AU6687,353201357706339,10.0,10.94,76.0,03/09/2025 17:01:08,13.1257516,80.2198716,2198716,2025-09-04T23:29:43.270191
TN12AU6687,353201357706339,8.0,10.95,76.0,03/09/2025 17:01:03,13.1258349,80.2197566,2197566,2025-09-04T23:29:43.270357
TN12AU6687,353201357706339,9.0,10.96,76.0,03/09/2025 17:01:01,13.1258716,80.2197066,2197066,2025-09-04T23:29:43.270498
TN12AU6687,353201357706339,9.0,10.98,76.0,03/09/2025 17:00:58,13.1259216,80.21964,21964,2025-09-04T23:29:43.270653
TN12AU6687,353201357706339,8.0,10.98,76.0,03/09/2025 17:00:53,13.1260066,80.2195116,2195116,2025-09-04T23:29:43.270816
TN12AU6687,353201357706339,8.0,10.99,76.0,03/09/2025 17:00:51,13.1260316,80.2194683,2194683,2025-09-04T23:29:43.270962
TN12AU6687,353201357706339,4.0,10.99,76.0,03/09/2025 17:00:49,13.1260616,80.219405,219405,2025-09-04T23:29:43.271137
TN12AU6687,353201357706339,0.0,10.99,76.0,03/09/2025 17:00:44,13.1260616,80.219405,219405,2025-09-04T23:29:43.271301
TN12AU6687,353201357706339,0.0,10.99,76.0,03/09/2025 17:00:39,13.1260616,80.219405,219405,2025-09-04T23:29:43.271467
TN12AU6687,353201357706339,0.0,10.99,76.0,03/09/2025 17:00:34,13.1260616,80.219405,219405,2025-09-04T23:29:43.271620
TN12AU6687,353201357706339,0.0,10.99,76.0,03/09/2025 17:00:29,13.1260616,80.219405,219405,2025-09-04T23:29:43.271787
TN12AU6687,353201357706339,0.0,10.99,76.0,03/09/2025 17:00:24,13.1260616,80.219405,219405,2025-09-04T23:29:43.271933
TN12AU6687,353201357706339,0.0,10.99,76.0,03/09/2025 17:00:19,13.1260766,80.2193816,2193816,2025-09-04T23:29:43.272114
TN12AU6687,353201357706339,4.0,11.0,76.0,03/09/2025 17:00:14,13.1261066,80.2193416,2193416,2025-09-04T23:29:43.272315
TN12AU6687,353201357706339,5.0,11.01,76.0,03/09/2025 17:00:09,13.1261633,80.2192816,2192816,2025-09-04T23:29:43.272591
TN12AU6687,353201357706339,0.0,11.01,76.0,03/09/2025 17:00:04,13.1262433,80.2191616,2191616,2025-09-04T23:29:43.272899
TN12AU6687,353201357706339,0.0,11.01,76.0,03/09/2025 16:59:59,13.1262433,80.2191616,2191616,2025-09-04T23:29:43.273156
TN12AU6687,353201357706339,0.0,11.01,76.0,03/09/2025 16:59:54,13.1262433,80.2191616,2191616,2025-09-04T23:29:43.273349
TN12AU6687,353201357706339,0.0,11.01,76.0,03/09/2025 16:59:49,13.1262483,80.219155,219155,2025-09-04T23:29:43.273550
TN12AU6687,353201357706339,0.0,11.01,76.0,03/09/2025 16:59:44,13.1262883,80.2190633,2190633,2025-09-04T23:29:43.273758
TN12AU6687,353201357706339,0.0,11.01,76.0,03/09/2025 16:59:39,13.1262883,80.2190633,2190633,2025-09-04T23:29:43.273987
TN12AU6687,353201357706339,0.0,11.01,76.0,03/09/2025 16:59:34,13.1263649,80.2189883,2189883,2025-09-04T23:29:43.274173
TN12AU6687,353201357706339,0.0,11.01,76.0,03/09/2025 16:59:29,13.1263649,80.2189883,2189883,2025-09-04T23:29:43.274363
TN12AU6687,353201357706339,0.0,11.01,76.0,03/09/2025 16:59:24,13.1263649,80.2189883,2189883,2025-09-04T23:29:43.274564
TN12AU6687,353201357706339,0.0,11.01,76.0,03/09/2025 16:59:19,13.1263649,80.2189883,2189883,2025-09-04T23:29:43.274763
TN12AU6687,353201357706339,0.0,11.01,76.0,03/09/2025 16:59:14,13.1263649,80.2189883,2189883,2025-09-04T23:29:43.274968
TN12AU6687,353201357706339,0.0,11.01,76.0,03/09/2025 16:59:09,13.12637,80.2189749,2189749,2025-09-04T23:29:43.275179
TN12AU6687,353201357706339,8.0,11.02,76.0,03/09/2025 16:59:04,13.1264433,80.2188733,2188733,2025-09-04T23:29:43.275372
TN12AU6687,353201357706339,0.0,11.02,76.0,03/09/2025 16:58:59,13.1264783,80.2188233,2188233,2025-09-04T23:29:43.275555
TN12AU6687,353201357706339,0.0,11.02,76.0,03/09/2025 16:58:54,13.1264783,80.2188233,2188233,2025-09-04T23:29:43.275736
TN12AU6687,353201357706339,0.0,11.02,76.0,03/09/2025 16:58:49,13.1264783,80.2188233,2188233,2025-09-04T23:29:43.275914
TN12AU6687,353201357706339,0.0,11.02,76.0,03/09/2025 16:58:44,13.1264783,80.2188233,2188233,2025-09-04T23:29:43.276105
TN12AU6687,353201357706339,0.0,11.02,76.0,03/09/2025 16:58:39,13.1264783,80.2188233,2188233,2025-09-04T23:29:43.276283
TN12AU6687,353201357706339,0.0,11.02,76.0,03/09/2025 16:58:34,13.1264783,80.2188233,2188233,2025-09-04T23:29:43.276451
TN12AU6687,353201357706339,0.0,11.02,76.0,03/09/2025 16:58:29,13.1264783,80.2188233,2188233,2025-09-04T23:29:43.276599
TN12AU6687,353201357706339,4.0,11.03,76.0,03/09/2025 16:58:24,13.1264966,80.2188049,2188049,2025-09-04T23:29:43.276795
TN12AU6687,353201357706339,11.0,11.04,76.0,03/09/2025 16:58:19,13.1265633,80.2187616,2187616,2025-09-04T23:29:43.277006
TN12AU6687,353201357706339,5.0,11.05,76.0,03/09/2025 16:58:16,13.1266033,80.2187066,2187066,2025-09-04T23:29:43.277186
TN12AU6687,353201357706339,0.0,11.05,76.0,03/09/2025 16:58:11,13.1266516,80.2186333,2186333,2025-09-04T23:29:43.277365
TN12AU6687,353201357706339,0.0,11.05,76.0,03/09/2025 16:58:06,13.1266516,80.2186333,2186333,2025-09-04T23:29:43.277542
TN12AU6687,353201357706339,0.0,11.05,76.0,03/09/2025 16:58:01,13.1266516,80.2186333,2186333,2025-09-04T23:29:43.277715
TN12AU6687,353201357706339,0.0,11.05,76.0,03/09/2025 16:57:56,13.1266516,80.2186333,2186333,2025-09-04T23:29:43.277883
TN12AU6687,353201357706339,0.0,11.05,76.0,03/09/2025 16:57:51,13.1266516,80.2186333,2186333,2025-09-04T23:29:43.278068
TN12AU6687,353201357706339,0.0,11.05,76.0,03/09/2025 16:57:46,13.1266516,80.2186333,2186333,2025-09-04T23:29:43.278253
TN12AU6687,353201357706339,0.0,11.05,76.0,03/09/2025 16:57:41,13.1266516,80.2186333,2186333,2025-09-04T23:29:43.278416
TN12AU6687,353201357706339,0.0,11.05,76.0,03/09/2025 16:57:36,13.1266516,80.2186333,2186333,2025-09-04T23:29:43.278587
TN12AU6687,353201357706339,0.0,11.05,76.0,03/09/2025 16:57:31,13.1266516,80.2186333,2186333,2025-09-04T23:29:43.278747
TN12AU6687,353201357706339,0.0,11.05,76.0,03/09/2025 16:57:26,13.1266516,80.2186333,2186333,2025-09-04T23:29:43.278904
TN12AU6687,353201357706339,0.0,11.05,76.0,03/09/2025 16:57:21,13.1267266,80.2185666,2185666,2025-09-04T23:29:43.279054
TN12AU6687,353201357706339,0.0,11.05,76.0,03/09/2025 16:57:16,13.1267266,80.2185666,2185666,2025-09-04T23:29:43.279223
TN12AU6687,353201357706339,0.0,11.05,76.0,03/09/2025 16:57:11,13.1267266,80.2185666,2185666,2025-09-04T23:29:43.279406
TN12AU6687,353201357706339,0.0,11.05,76.0,03/09/2025 16:57:06,13.1267266,80.2185666,2185666,2025-09-04T23:29:43.279567
TN12AU6687,353201357706339,0.0,11.05,76.0,03/09/2025 16:57:01,13.1267266,80.2185666,2185666,2025-09-04T23:29:43.279726
TN12AU6687,353201357706339,0.0,11.05,76.0,03/09/2025 16:56:56,13.1267266,80.2185666,2185666,2025-09-04T23:29:43.279910
TN12AU6687,353201357706339,0.0,11.05,76.0,03/09/2025 16:56:51,13.1267816,80.2184716,2184716,2025-09-04T23:29:43.280097
TN12AU6687,353201357706339,0.0,11.05,76.0,03/09/2025 16:56:46,13.1267816,80.2184716,2184716,2025-09-04T23:29:43.280288
TN12AU6687,353201357706339,0.0,11.05,76.0,03/09/2025 16:56:41,13.1267816,80.2184716,2184716,2025-09-04T23:29:43.280473
TN12AU6687,353201357706339,0.0,11.05,76.0,03/09/2025 16:56:36,13.1268416,80.2183816,2183816,2025-09-04T23:29:43.280649
TN12AU6687,353201357706339,0.0,11.05,76.0,03/09/2025 16:56:31,13.1268416,80.2183816,2183816,2025-09-04T23:29:43.280811
TN12AU6687,353201357706339,0.0,11.05,75.0,03/09/2025 16:56:26,13.1268416,80.2183816,2183816,2025-09-04T23:29:43.280971
TN12AU6687,353201357706339,7.0,11.06,75.0,03/09/2025 16:56:21,13.1268766,80.2183133,2183133,2025-09-04T23:29:43.281125
TN12AU6687,353201357706339,3.0,11.06,75.0,03/09/2025 16:56:19,13.1269216,80.218235,218235,2025-09-04T23:29:43.281271
TN12AU6687,353201357706339,0.0,11.06,75.0,03/09/2025 16:56:14,13.1269216,80.218235,218235,2025-09-04T23:29:43.281432
TN12AU6687,353201357706339,0.0,11.06,75.0,03/09/2025 16:56:09,13.1269216,80.218235,218235,2025-09-04T23:29:43.281586
TN12AU6687,353201357706339,4.0,11.06,75.0,03/09/2025 16:56:04,13.1269499,80.21819,21819,2025-09-04T23:29:43.281777
TN12AU6687,353201357706339,0.0,11.06,75.0,03/09/2025 16:55:59,13.1270016,80.2181433,2181433,2025-09-04T23:29:43.281955
TN12AU6687,353201357706339,0.0,11.06,75.0,03/09/2025 16:55:54,13.1270016,80.2181433,2181433,2025-09-04T23:29:43.282151
TN12AU6687,353201357706339,1.0,11.07,75.0,03/09/2025 16:55:49,13.1270049,80.2181416,2181416,2025-09-04T23:29:43.282345
TN12AU6687,353201357706339,0.0,11.07,75.0,03/09/2025 16:55:44,13.12707,80.2180733,2180733,2025-09-04T23:29:43.282514
TN12AU6687,353201357706339,0.0,11.07,75.0,03/09/2025 16:55:39,13.12707,80.2180733,2180733,2025-09-04T23:29:43.282704
TN12AU6687,353201357706339,0.0,11.07,75.0,03/09/2025 16:55:34,13.12707,80.2180733,2180733,2025-09-04T23:29:43.282872
TN12AU6687,353201357706339,0.0,11.07,75.0,03/09/2025 16:55:29,13.12707,80.2180733,2180733,2025-09-04T23:29:43.283053
TN12AU6687,353201357706339,3.0,11.07,75.0,03/09/2025 16:55:24,13.12707,80.2180733,2180733,2025-09-04T23:29:43.283258
TN12AU6687,353201357706339,0.0,11.07,75.0,03/09/2025 16:55:19,13.12707,80.2180733,2180733,2025-09-04T23:29:43.283435
TN12AU6687,353201357706339,6.0,11.08,75.0,03/09/2025 16:55:14,13.1270933,80.2180383,2180383,2025-09-04T23:29:43.283622
TN12AU6687,353201357706339,9.0,11.1,75.0,03/09/2025 16:55:09,13.1271499,80.2179683,2179683,2025-09-04T23:29:43.283795
TN12AU6687,353201357706339,6.0,11.1,75.0,03/09/2025 16:55:04,13.127205,80.2178866,2178866,2025-09-04T23:29:43.283978
TN12AU6687,353201357706339,4.0,11.11,75.0,03/09/2025 16:54:59,13.1272483,80.2178383,2178383,2025-09-04T23:29:43.284150
TN12AU6687,353201357706339,0.0,11.11,75.0,03/09/2025 16:54:54,13.1272983,80.2177983,2177983,2025-09-04T23:29:43.284320
TN12AU6687,353201357706339,3.0,11.11,75.0,03/09/2025 16:54:49,13.1273366,80.2177216,2177216,2025-09-04T23:29:43.284494
TN12AU6687,353201357706339,0.0,11.11,75.0,03/09/2025 16:54:44,13.1273366,80.2177216,2177216,2025-09-04T23:29:43.284631
TN12AU6687,353201357706339,0.0,11.11,75.0,03/09/2025 16:54:39,13.1274066,80.2176783,2176783,2025-09-04T23:29:43.284815
TN12AU6687,353201357706339,0.0,11.11,75.0,03/09/2025 16:54:34,13.1274066,80.2176783,2176783,2025-09-04T23:29:43.285009
TN12AU6687,353201357706339,3.0,11.12,75.0,03/09/2025 16:54:29,13.127415,80.2176449,2176449,2025-09-04T23:29:43.285165
TN12AU6687,353201357706339,6.0,11.12,75.0,03/09/2025 16:54:24,13.1274366,80.21756,21756,2025-09-04T23:29:43.285301
TN12AU6687,353201357706339,6.0,11.12,75.0,03/09/2025 16:54:23,13.1274466,80.2175466,2175466,2025-09-04T23:29:43.285418
TN12AU6687,353201357706339,6.0,11.12,75.0,03/09/2025 16:54:22,13.127455,80.217535,217535,2025-09-04T23:29:43.285562
TN12AU6687,353201357706339,7.0,11.13,75.0,03/09/2025 16:54:21,13.1274649,80.2175216,2175216,2025-09-04T23:29:43.285858
TN12AU6687,353201357706339,8.0,11.15,75.0,03/09/2025 16:54:16,13.1275233,80.2174516,2174516,2025-09-04T23:29:43.286055
TN12AU6687,353201357706339,12.0,11.16,75.0,03/09/2025 16:54:11,13.127585,80.217355,217355,2025-09-04T23:29:43.286458
TN12AU6687,353201357706339,6.0,11.17,75.0,03/09/2025 16:54:06,13.1276516,80.2172666,2172666,2025-09-04T23:29:43.286634
TN12AU6687,353201357706339,0.0,11.17,75.0,03/09/2025 16:54:02,13.12769,80.2172116,2172116,2025-09-04T23:29:43.286812
TN12AU6687,353201357706339,0.0,11.17,76.0,03/09/2025 16:53:57,13.12769,80.2172116,2172116,2025-09-04T23:29:43.287024
TN12AU6687,353201357706339,0.0,11.17,76.0,03/09/2025 16:53:52,13.12769,80.2172116,2172116,2025-09-04T23:29:43.287243
TN12AU6687,353201357706339,0.0,11.17,76.0,03/09/2025 16:53:47,13.12769,80.2172116,2172116,2025-09-04T23:29:43.287452
TN12AU6687,353201357706339,0.0,11.17,76.0,03/09/2025 16:53:42,13.12769,80.2172116,2172116,2025-09-04T23:29:43.287658
TN12AU6687,353201357706339,0.0,11.17,76.0,03/09/2025 16:53:37,13.12769,80.2172116,2172116,2025-09-04T23:29:43.287852
TN12AU6687,353201357706339,0.0,11.17,76.0,03/09/2025 16:53:32,13.12769,80.2172116,2172116,2025-09-04T23:29:43.288073
TN12AU6687,353201357706339,0.0,11.17,76.0,03/09/2025 16:53:27,13.12769,80.2172116,2172116,2025-09-04T23:29:43.288300
TN12AU6687,353201357706339,0.0,11.17,76.0,03/09/2025 16:53:22,13.12769,80.2172116,2172116,2025-09-04T23:29:43.288498
TN12AU6687,353201357706339,0.0,11.17,76.0,03/09/2025 16:53:17,13.12769,80.2172116,2172116,2025-09-04T23:29:43.288690
TN12AU6687,353201357706339,0.0,11.17,76.0,03/09/2025 16:53:12,13.127735,80.2171666,2171666,2025-09-04T23:29:43.288905
TN12AU6687,353201357706339,0.0,11.17,76.0,03/09/2025 16:53:07,13.127735,80.2171666,2171666,2025-09-04T23:29:43.289104
TN12AU6687,353201357706339,0.0,11.17,76.0,03/09/2025 16:53:02,13.127735,80.2171666,2171666,2025-09-04T23:29:43.289296
TN12AU6687,353201357706339,4.0,11.18,76.0,03/09/2025 16:52:57,13.1277483,80.2171566,2171566,2025-09-04T23:29:43.289486
TN12AU6687,353201357706339,11.0,11.2,76.0,03/09/2025 16:52:52,13.1278133,80.2170683,2170683,2025-09-04T23:29:43.289689
TN12AU6687,353201357706339,14.0,11.21,76.0,03/09/2025 16:52:47,13.1279133,80.2169366,2169366,2025-09-04T23:29:43.289893
TN12AU6687,353201357706339,12.0,11.23,76.0,03/09/2025 16:52:42,13.1280033,80.2167999,2167999,2025-09-04T23:29:43.290083
TN12AU6687,353201357706339,8.0,11.24,76.0,03/09/2025 16:52:37,13.12809,80.2166983,2166983,2025-09-04T23:29:43.290279
TN12AU6687,353201357706339,3.0,11.24,76.0,03/09/2025 16:52:32,13.1281583,80.2166116,2166116,2025-09-04T23:29:43.290468
TN12AU6687,353201357706339,0.0,11.24,76.0,03/09/2025 16:52:27,13.1281583,80.2166116,2166116,2025-09-04T23:29:43.290637
TN12AU6687,353201357706339,0.0,11.24,76.0,03/09/2025 16:52:22,13.1281583,80.2166116,2166116,2025-09-04T23:29:43.290809
TN12AU6687,353201357706339,0.0,11.24,76.0,03/09/2025 16:52:17,13.1281583,80.2166116,2166116,2025-09-04T23:29:43.290981
TN12AU6687,353201357706339,0.0,11.24,76.0,03/09/2025 16:52:12,13.1281583,80.2166116,2166116,2025-09-04T23:29:43.291154
TN12AU6687,353201357706339,0.0,11.24,76.0,03/09/2025 16:52:07,13.1281583,80.2166116,2166116,2025-09-04T23:29:43.291331
TN12AU6687,353201357706339,0.0,11.24,76.0,03/09/2025 16:52:02,13.1281583,80.2166116,2166116,2025-09-04T23:29:43.291502
TN12AU6687,353201357706339,0.0,11.24,76.0,03/09/2025 16:51:57,13.1281583,80.2166116,2166116,2025-09-04T23:29:43.291642
TN12AU6687,353201357706339,0.0,11.24,76.0,03/09/2025 16:51:52,13.1281583,80.2166116,2166116,2025-09-04T23:29:43.291849
TN12AU6687,353201357706339,0.0,11.24,76.0,03/09/2025 16:51:47,13.1281583,80.2166116,2166116,2025-09-04T23:29:43.292043
TN12AU6687,353201357706339,0.0,11.24,76.0,03/09/2025 16:51:42,13.1281583,80.2166116,2166116,2025-09-04T23:29:43.292218
TN12AU6687,353201357706339,0.0,11.24,76.0,03/09/2025 16:51:37,13.1281583,80.2166116,2166116,2025-09-04T23:29:43.292384
TN12AU6687,353201357706339,0.0,11.24,77.0,03/09/2025 16:51:32,13.1281583,80.2166116,2166116,2025-09-04T23:29:43.292538
TN12AU6687,353201357706339,0.0,11.24,77.0,03/09/2025 16:51:27,13.1281583,80.2166116,2166116,2025-09-04T23:29:43.292709
TN12AU6687,353201357706339,0.0,11.24,77.0,03/09/2025 16:51:22,13.1281583,80.2166116,2166116,2025-09-04T23:29:43.292913
TN12AU6687,353201357706339,0.0,11.24,77.0,03/09/2025 16:51:17,13.1281583,80.2166116,2166116,2025-09-04T23:29:43.293117
TN12AU6687,353201357706339,0.0,11.24,77.0,03/09/2025 16:51:12,13.1281583,80.2166116,2166116,2025-09-04T23:29:43.293306
TN12AU6687,353201357706339,0.0,11.24,77.0,03/09/2025 16:51:07,13.1281583,80.2166116,2166116,2025-09-04T23:29:43.293489
TN12AU6687,353201357706339,0.0,11.24,77.0,03/09/2025 16:51:02,13.1281583,80.2166116,2166116,2025-09-04T23:29:43.293684
TN12AU6687,353201357706339,0.0,11.24,78.0,03/09/2025 16:50:57,13.1281583,80.2166116,2166116,2025-09-04T23:29:43.293865
TN12AU6687,353201357706339,0.0,11.24,78.0,03/09/2025 16:50:52,13.1281583,80.2166116,2166116,2025-09-04T23:29:43.294040
TN12AU6687,353201357706339,0.0,11.24,78.0,03/09/2025 16:50:47,13.1281583,80.2166116,2166116,2025-09-04T23:29:43.294202
TN12AU6687,353201357706339,0.0,11.24,78.0,03/09/2025 16:50:42,13.1281583,80.2166116,2166116,2025-09-04T23:29:43.294369
TN12AU6687,353201357706339,6.0,11.25,78.0,03/09/2025 16:50:37,13.1281816,80.2165933,2165933,2025-09-04T23:29:43.294535
TN12AU6687,353201357706339,0.0,11.25,78.0,03/09/2025 16:50:33,13.1282283,80.2165516,2165516,2025-09-04T23:29:43.294709
TN12AU6687,353201357706339,0.0,11.25,78.0,03/09/2025 16:50:28,13.1282283,80.2165516,2165516,2025-09-04T23:29:43.294879
TN12AU6687,353201357706339,0.0,11.25,78.0,03/09/2025 16:50:23,13.1282283,80.2165516,2165516,2025-09-04T23:29:43.295048
TN12AU6687,353201357706339,0.0,11.25,78.0,03/09/2025 16:50:18,13.1282283,80.2165516,2165516,2025-09-04T23:29:43.295243
TN12AU6687,353201357706339,0.0,11.25,78.0,03/09/2025 16:50:13,13.1282283,80.2165516,2165516,2025-09-04T23:29:43.295425
TN12AU6687,353201357706339,0.0,11.25,78.0,03/09/2025 16:50:08,13.1282283,80.2165516,2165516,2025-09-04T23:29:43.295600
TN12AU6687,353201357706339,0.0,11.25,78.0,03/09/2025 16:50:03,13.1282283,80.2165516,2165516,2025-09-04T23:29:43.295785
TN12AU6687,353201357706339,0.0,11.25,79.0,03/09/2025 16:49:58,13.1282283,80.2165516,2165516,2025-09-04T23:29:43.295973
TN12AU6687,353201357706339,0.0,11.25,79.0,03/09/2025 16:49:53,13.1282316,80.2165466,2165466,2025-09-04T23:29:43.296185
TN12AU6687,353201357706339,0.0,11.25,79.0,03/09/2025 16:49:48,13.1282866,80.216475,216475,2025-09-04T23:29:43.296348
TN12AU6687,353201357706339,0.0,11.25,79.0,03/09/2025 16:49:43,13.1282866,80.216475,216475,2025-09-04T23:29:43.296498
TN12AU6687,353201357706339,0.0,11.25,79.0,03/09/2025 16:49:38,13.1282866,80.216475,216475,2025-09-04T23:29:43.296660
TN12AU6687,353201357706339,0.0,11.25,79.0,03/09/2025 16:49:33,13.1282866,80.216475,216475,2025-09-04T23:29:43.296794
TN12AU6687,353201357706339,0.0,11.25,79.0,03/09/2025 16:49:28,13.1282866,80.216475,216475,2025-09-04T23:29:43.296938
TN12AU6687,353201357706339,0.0,11.25,79.0,03/09/2025 16:49:23,13.1282866,80.216475,216475,2025-09-04T23:29:43.297107
TN12AU6687,353201357706339,7.0,11.25,79.0,03/09/2025 16:49:18,13.1283083,80.2164583,2164583,2025-09-04T23:29:43.297241
TN12AU6687,353201357706339,10.0,11.26,79.0,03/09/2025 16:49:16,13.1283416,80.21642,21642,2025-09-04T23:29:43.297374
TN12AU6687,353201357706339,7.0,11.27,79.0,03/09/2025 16:49:11,13.1283966,80.216335,216335,2025-09-04T23:29:43.297501
TN12AU6687,353201357706339,6.0,11.28,79.0,03/09/2025 16:49:06,13.1284483,80.21627,21627,2025-09-04T23:29:43.297675
TN12AU6687,353201357706339,6.0,11.29,79.0,03/09/2025 16:49:01,13.1285033,80.2161866,2161866,2025-09-04T23:29:43.297832
TN12AU6687,353201357706339,7.0,11.31,79.0,03/09/2025 16:48:56,13.12855,80.2161066,2161066,2025-09-04T23:29:43.298017
TN12AU6687,353201357706339,10.0,11.32,79.0,03/09/2025 16:48:51,13.128615,80.2159883,2159883,2025-09-04T23:29:43.298221
TN12AU6687,353201357706339,6.0,11.32,79.0,03/09/2025 16:48:48,13.1286733,80.2159366,2159366,2025-09-04T23:29:43.298418
TN12AU6687,353201357706339,7.0,11.33,79.0,03/09/2025 16:48:46,13.1287166,80.215915,215915,2025-09-04T23:29:43.298619
TN12AU6687,353201357706339,0.0,11.33,79.0,03/09/2025 16:48:42,13.1287433,80.2158583,2158583,2025-09-04T23:29:43.298811
TN12AU6687,353201357706339,3.0,11.33,79.0,03/09/2025 16:48:37,13.1288016,80.215755,215755,2025-09-04T23:29:43.299011
TN12AU6687,353201357706339,0.0,11.33,80.0,03/09/2025 16:48:32,13.1288016,80.215755,215755,2025-09-04T23:29:43.299264
TN12AU6687,353201357706339,0.0,11.33,80.0,03/09/2025 16:48:27,13.1288016,80.215755,215755,2025-09-04T23:29:43.299670
TN12AU6687,353201357706339,0.0,11.33,80.0,03/09/2025 16:48:22,13.1288016,80.215755,215755,2025-09-04T23:29:43.299888
TN12AU6687,353201357706339,0.0,11.33,80.0,03/09/2025 16:48:17,13.1288016,80.215755,215755,2025-09-04T23:29:43.300104
TN12AU6687,353201357706339,0.0,11.33,80.0,03/09/2025 16:48:12,13.1288016,80.215755,215755,2025-09-04T23:29:43.300312
TN12AU6687,353201357706339,0.0,11.33,80.0,03/09/2025 16:48:07,13.1288016,80.215755,215755,2025-09-04T23:29:43.300578
TN12AU6687,353201357706339,0.0,11.33,80.0,03/09/2025 16:48:02,13.1288016,80.215755,215755,2025-09-04T23:29:43.300830
TN12AU6687,353201357706339,0.0,11.33,80.0,03/09/2025 16:47:57,13.1288016,80.215755,215755,2025-09-04T23:29:43.301135
TN12AU6687,353201357706339,0.0,11.33,80.0,03/09/2025 16:47:52,13.1288016,80.215755,215755,2025-09-04T23:29:43.301412
TN12AU6687,353201357706339,0.0,11.33,80.0,03/09/2025 16:47:47,13.1288016,80.215755,215755,2025-09-04T23:29:43.301585
TN12AU6687,353201357706339,0.0,11.33,80.0,03/09/2025 16:47:42,13.1288016,80.215755,215755,2025-09-04T23:29:43.301757
TN12AU6687,353201357706339,0.0,11.33,80.0,03/09/2025 16:47:37,13.1288016,80.215755,215755,2025-09-04T23:29:43.301931
TN12AU6687,353201357706339,0.0,11.33,79.0,03/09/2025 16:47:32,13.1288016,80.215755,215755,2025-09-04T23:29:43.302128
TN12AU6687,353201357706339,0.0,11.33,79.0,03/09/2025 16:47:27,13.1288016,80.215755,215755,2025-09-04T23:29:43.302326
TN12AU6687,353201357706339,0.0,11.33,79.0,03/09/2025 16:47:22,13.1288016,80.215755,215755,2025-09-04T23:29:43.302500
TN12AU6687,353201357706339,0.0,11.33,79.0,03/09/2025 16:47:17,13.1288016,80.215755,215755,2025-09-04T23:29:43.302673
TN12AU6687,353201357706339,5.0,11.34,79.0,03/09/2025 16:47:12,13.128815,80.2157366,2157366,2025-09-04T23:29:43.302866
TN12AU6687,353201357706339,5.0,11.35,79.0,03/09/2025 16:47:07,13.1288583,80.2156799,2156799,2025-09-04T23:29:43.303056
TN12AU6687,353201357706339,0.0,11.35,79.0,03/09/2025 16:47:02,13.1289149,80.2155949,2155949,2025-09-04T23:29:43.303224
TN12AU6687,353201357706339,0.0,11.35,78.0,03/09/2025 16:46:57,13.1289149,80.2155949,2155949,2025-09-04T23:29:43.303376
TN12AU6687,353201357706339,0.0,11.35,78.0,03/09/2025 16:46:52,13.1289149,80.2155949,2155949,2025-09-04T23:29:43.303575
TN12AU6687,353201357706339,0.0,11.35,78.0,03/09/2025 16:46:47,13.1289149,80.2155949,2155949,2025-09-04T23:29:43.303764
TN12AU6687,353201357706339,0.0,11.35,78.0,03/09/2025 16:46:42,13.1289149,80.2155949,2155949,2025-09-04T23:29:43.303937
TN12AU6687,353201357706339,0.0,11.35,78.0,03/09/2025 16:46:37,13.1289149,80.2155949,2155949,2025-09-04T23:29:43.304084
TN12AU6687,353201357706339,0.0,11.35,77.0,03/09/2025 16:46:32,13.1289149,80.2155949,2155949,2025-09-04T23:29:43.304251
TN12AU6687,353201357706339,0.0,11.35,77.0,03/09/2025 16:46:27,13.1289149,80.2155949,2155949,2025-09-04T23:29:43.304411
TN12AU6687,353201357706339,7.0,11.36,77.0,03/09/2025 16:46:22,13.1289283,80.215555,215555,2025-09-04T23:29:43.304605
TN12AU6687,353201357706339,0.0,11.36,77.0,03/09/2025 16:46:17,13.1289766,80.2154883,2154883,2025-09-04T23:29:43.304775
TN12AU6687,353201357706339,6.0,11.37,77.0,03/09/2025 16:46:12,13.1290149,80.2154133,2154133,2025-09-04T23:29:43.304944
TN12AU6687,353201357706339,9.0,11.39,77.0,03/09/2025 16:46:07,13.1291049,80.21534,21534,2025-09-04T23:29:43.305125
TN12AU6687,353201357706339,11.0,11.39,77.0,03/09/2025 16:46:02,13.1291866,80.21522,21522,2025-09-04T23:29:43.305289
TN12AU6687,353201357706339,0.0,11.39,77.0,03/09/2025 16:45:59,13.1296583,80.2146316,2146316,2025-09-04T23:29:43.305460
TN12AU6687,353201357706339,7.0,11.47,77.0,03/09/2025 16:45:59,13.1292316,80.2151833,2151833,2025-09-04T23:29:43.305653
TN12AU6687,353201357706339,0.0,11.47,77.0,03/09/2025 16:45:45,13.1296583,80.2146316,2146316,2025-09-04T23:29:43.305835
TN12AU6687,353201357706339,0.0,11.47,76.0,03/09/2025 16:45:15,13.1296583,80.2146316,2146316,2025-09-04T23:29:43.306001
TN12AU6687,353201357706339,4.0,11.48,76.0,03/09/2025 16:45:10,13.1296766,80.2145983,2145983,2025-09-04T23:29:43.306201
TN12AU6687,353201357706339,6.0,11.48,76.0,03/09/2025 16:45:05,13.1297266,80.2145549,2145549,2025-09-04T23:29:43.306372
TN12AU6687,353201357706339,8.0,11.49,76.0,03/09/2025 16:45:02,13.1297866,80.2145133,2145133,2025-09-04T23:29:43.306521
TN12AU6687,353201357706339,6.0,11.5,76.0,03/09/2025 16:44:59,13.1298299,80.2144683,2144683,2025-09-04T23:29:43.306701
TN12AU6687,353201357706339,0.0,11.5,76.0,03/09/2025 16:44:55,13.1298933,80.2144166,2144166,2025-09-04T23:29:43.306878
TN12AU6687,353201357706339,0.0,11.5,76.0,03/09/2025 16:44:50,13.1298933,80.2144166,2144166,2025-09-04T23:29:43.307047
TN12AU6687,353201357706339,0.0,11.5,76.0,03/09/2025 16:44:45,13.1298933,80.2144166,2144166,2025-09-04T23:29:43.307216
TN12AU6687,353201357706339,0.0,11.5,76.0,03/09/2025 16:44:40,13.1298933,80.2144166,2144166,2025-09-04T23:29:43.307366
TN12AU6687,353201357706339,0.0,11.5,76.0,03/09/2025 16:44:35,13.1298933,80.2144166,2144166,2025-09-04T23:29:43.307545
TN12AU6687,353201357706339,5.0,11.51,76.0,03/09/2025 16:44:30,13.1299233,80.214375,214375,2025-09-04T23:29:43.307732
TN12AU6687,353201357706339,5.0,11.52,76.0,03/09/2025 16:44:25,13.1299699,80.214315,214315,2025-09-04T23:29:43.307953
TN12AU6687,353201357706339,0.0,11.52,76.0,03/09/2025 16:44:20,13.1300333,80.2142299,2142299,2025-09-04T23:29:43.308163
TN12AU6687,353201357706339,0.0,11.52,76.0,03/09/2025 16:44:15,13.1300333,80.2142299,2142299,2025-09-04T23:29:43.308386
TN12AU6687,353201357706339,0.0,11.52,76.0,03/09/2025 16:44:10,13.1300333,80.2142299,2142299,2025-09-04T23:29:43.308626
TN12AU6687,353201357706339,0.0,11.52,76.0,03/09/2025 16:44:05,13.130075,80.2141833,2141833,2025-09-04T23:29:43.308891
TN12AU6687,353201357706339,0.0,11.52,76.0,03/09/2025 16:44:00,13.1300783,80.21418,21418,2025-09-04T23:29:43.309086
TN12AU6687,353201357706339,6.0,11.53,77.0,03/09/2025 16:43:55,13.1301033,80.2141433,2141433,2025-09-04T23:29:43.309294
TN12AU6687,353201357706339,8.0,11.54,77.0,03/09/2025 16:43:53,13.1301133,80.2140983,2140983,2025-09-04T23:29:43.309501
TN12AU6687,353201357706339,9.0,11.55,77.0,03/09/2025 16:43:50,13.1301383,80.21401,21401,2025-09-04T23:29:43.309698
TN12AU6687,353201357706339,10.0,11.56,77.0,03/09/2025 16:43:46,13.1301199,80.213895,213895,2025-09-04T23:29:43.309867
TN12AU6687,353201357706339,9.0,11.57,77.0,03/09/2025 16:43:41,13.130075,80.2137516,2137516,2025-09-04T23:29:43.310013
TN12AU6687,353201357706339,0.0,11.57,77.0,03/09/2025 16:43:40,13.1300633,80.21372,21372,2025-09-04T23:29:43.310167
TN12AU6687,353201357706339,0.0,11.57,77.0,03/09/2025 16:43:35,13.1300583,80.21366,21366,2025-09-04T23:29:43.310330
TN12AU6687,353201357706339,13.0,11.59,77.0,03/09/2025 16:43:32,13.13002,80.2135983,2135983,2025-09-04T23:29:43.310472
TN12AU6687,353201357706339,23.0,11.61,77.0,03/09/2025 16:43:28,13.1299183,80.2134516,2134516,2025-09-04T23:29:43.310629
TN12AU6687,353201357706339,33.0,11.66,77.0,03/09/2025 16:43:25,13.1297866,80.2132916,2132916,2025-09-04T23:29:43.310773
TN12AU6687,353201357706339,33.0,11.7,77.0,03/09/2025 16:43:20,13.1295333,80.2129433,2129433,2025-09-04T23:29:43.310963
TN12AU6687,353201357706339,33.0,11.75,77.0,03/09/2025 16:43:15,13.1293183,80.2125733,2125733,2025-09-04T23:29:43.311126
TN12AU6687,353201357706339,35.0,11.8,77.0,03/09/2025 16:43:10,13.1291133,80.2121883,2121883,2025-09-04T23:29:43.311303
TN12AU6687,353201357706339,35.0,11.85,77.0,03/09/2025 16:43:05,13.1289066,80.2117766,2117766,2025-09-04T23:29:43.311480
TN12AU6687,353201357706339,35.0,11.9,77.0,03/09/2025 16:43:00,13.1287133,80.2113849,2113849,2025-09-04T23:29:43.311648
TN12AU6687,353201357706339,33.0,11.94,78.0,03/09/2025 16:42:55,13.12848,80.2110033,2110033,2025-09-04T23:29:43.311814
TN12AU6687,353201357706339,35.0,12.0,78.0,03/09/2025 16:42:50,13.1282916,80.2106133,2106133,2025-09-04T23:29:43.311976
TN12AU6687,353201357706339,36.0,12.04,78.0,03/09/2025 16:42:45,13.1280716,80.210195,210195,2025-09-04T23:29:43.312139
TN12AU6687,353201357706339,33.0,12.09,78.0,03/09/2025 16:42:40,13.12787,80.2098016,2098016,2025-09-04T23:29:43.312387
TN12AU6687,353201357706339,31.0,12.13,78.0,03/09/2025 16:42:35,13.1276749,80.209445,209445,2025-09-04T23:29:43.312608
TN12AU6687,353201357706339,33.0,12.18,78.0,03/09/2025 16:42:30,13.1274883,80.2090883,2090883,2025-09-04T23:29:43.312867
TN12AU6687,353201357706339,35.0,12.22,78.0,03/09/2025 16:42:25,13.1272766,80.2086999,2086999,2025-09-04T23:29:43.313113
TN12AU6687,353201357706339,30.0,12.27,78.0,03/09/2025 16:42:20,13.1270849,80.208355,208355,2025-09-04T23:29:43.313324
TN12AU6687,353201357706339,35.0,12.32,78.0,03/09/2025 16:42:15,13.1268916,80.2079716,2079716,2025-09-04T23:29:43.313574
TN12AU6687,353201357706339,39.0,12.37,78.0,03/09/2025 16:42:10,13.1266566,80.2075316,2075316,2025-09-04T23:29:43.313790
TN12AU6687,353201357706339,34.0,12.42,78.0,03/09/2025 16:42:05,13.1264216,80.20716,20716,2025-09-04T23:29:43.314005
TN12AU6687,353201357706339,39.0,12.48,78.0,03/09/2025 16:42:00,13.1261799,80.20675,20675,2025-09-04T23:29:43.314207
TN12AU6687,353201357706339,43.0,12.54,77.0,03/09/2025 16:41:55,13.1259116,80.2063066,2063066,2025-09-04T23:29:43.314378
TN12AU6687,353201357706339,34.0,12.58,77.0,03/09/2025 16:41:50,13.1256583,80.2058383,2058383,2025-09-04T23:29:43.314557
TN12AU6687,353201357706339,28.0,12.62,77.0,03/09/2025 16:41:45,13.1255066,80.2054883,2054883,2025-09-04T23:29:43.314748
TN12AU6687,353201357706339,25.0,12.66,77.0,03/09/2025 16:41:40,13.1253283,80.2052033,2052033,2025-09-04T23:29:43.314919
TN12AU6687,353201357706339,31.0,12.7,77.0,03/09/2025 16:41:35,13.12513,80.2048883,2048883,2025-09-04T23:29:43.315087
TN12AU6687,353201357706339,29.0,12.74,77.0,03/09/2025 16:41:30,13.1249483,80.20453,20453,2025-09-04T23:29:43.315258
TN12AU6687,353201357706339,30.0,12.78,76.0,03/09/2025 16:41:25,13.1247716,80.2042166,2042166,2025-09-04T23:29:43.315451
TN12AU6687,353201357706339,31.0,12.83,76.0,03/09/2025 16:41:20,13.1245533,80.2039016,2039016,2025-09-04T23:29:43.315629
TN12AU6687,353201357706339,32.0,12.88,76.0,03/09/2025 16:41:15,13.1243333,80.2035499,2035499,2025-09-04T23:29:43.315804
TN12AU6687,353201357706339,36.0,12.93,76.0,03/09/2025 16:41:10,13.1241083,80.20317,20317,2025-09-04T23:29:43.315949
TN12AU6687,353201357706339,39.0,12.99,76.0,03/09/2025 16:41:05,13.1238733,80.202725,202725,2025-09-04T23:29:43.316096
TN12AU6687,353201357706339,35.0,13.03,76.0,03/09/2025 16:41:00,13.1236383,80.2022833,2022833,2025-09-04T23:29:43.316245
TN12AU6687,353201357706339,28.0,13.06,76.0,03/09/2025 16:40:55,13.1234216,80.2019083,2019083,2025-09-04T23:29:43.316412
TN12AU6687,353201357706339,17.0,13.08,76.0,03/09/2025 16:40:51,13.123335,80.2016783,2016783,2025-09-04T23:29:43.316556
TN12AU6687,353201357706339,11.0,13.1,76.0,03/09/2025 16:40:46,13.1232816,80.2014866,2014866,2025-09-04T23:29:43.316703
TN12AU6687,353201357706339,6.0,13.1,75.0,03/09/2025 16:40:41,13.12328,80.20135,20135,2025-09-04T23:29:43.316858
TN12AU6687,353201357706339,0.0,13.1,75.0,03/09/2025 16:40:37,13.1232233,80.2013133,2013133,2025-09-04T23:29:43.316997
TN12AU6687,353201357706339,0.0,13.1,75.0,03/09/2025 16:40:32,13.1232233,80.2013133,2013133,2025-09-04T23:29:43.317147
TN12AU6687,353201357706339,0.0,13.1,75.0,03/09/2025 16:40:27,13.1232233,80.2013133,2013133,2025-09-04T23:29:43.317310
TN12AU6687,353201357706339,0.0,13.1,75.0,03/09/2025 16:40:22,13.1232233,80.2013133,2013133,2025-09-04T23:29:43.317439
TN12AU6687,353201357706339,0.0,13.1,75.0,03/09/2025 16:40:17,13.1232233,80.2013133,2013133,2025-09-04T23:29:43.317625
TN12AU6687,353201357706339,0.0,13.1,75.0,03/09/2025 16:40:12,13.1232233,80.2013133,2013133,2025-09-04T23:29:43.317817
TN12AU6687,353201357706339,0.0,13.1,75.0,03/09/2025 16:40:07,13.1232233,80.2013133,2013133,2025-09-04T23:29:43.318003
TN12AU6687,353201357706339,0.0,13.1,75.0,03/09/2025 16:40:02,13.1232233,80.2013133,2013133,2025-09-04T23:29:43.318205
TN12AU6687,353201357706339,0.0,13.1,74.0,03/09/2025 16:39:57,13.1232233,80.2013133,2013133,2025-09-04T23:29:43.318388
TN12AU6687,353201357706339,0.0,13.1,74.0,03/09/2025 16:39:52,13.1232233,80.2013133,2013133,2025-09-04T23:29:43.318563
TN12AU6687,353201357706339,0.0,13.1,74.0,03/09/2025 16:39:47,13.1232233,80.2013133,2013133,2025-09-04T23:29:43.318742
TN12AU6687,353201357706339,0.0,13.1,74.0,03/09/2025 16:39:42,13.1232233,80.2013133,2013133,2025-09-04T23:29:43.318919
TN12AU6687,353201357706339,0.0,13.1,74.0,03/09/2025 16:39:37,13.1232233,80.2013133,2013133,2025-09-04T23:29:43.319083
TN12AU6687,353201357706339,7.0,13.12,74.0,03/09/2025 16:39:32,13.1231716,80.20128,20128,2025-09-04T23:29:43.319251
TN12AU6687,353201357706339,17.0,13.15,73.0,03/09/2025 16:39:27,13.12305,80.2011683,2011683,2025-09-04T23:29:43.319471
TN12AU6687,353201357706339,26.0,13.18,73.0,03/09/2025 16:39:22,13.1228716,80.2009633,2009633,2025-09-04T23:29:43.319710
TN12AU6687,353201357706339,37.0,13.23,73.0,03/09/2025 16:39:19,13.1227216,80.2007816,2007816,2025-09-04T23:29:43.319913
TN12AU6687,353201357706339,41.0,13.29,73.0,03/09/2025 16:39:14,13.122355,80.2004733,2004733,2025-09-04T23:29:43.320109
TN12AU6687,353201357706339,43.0,13.35,73.0,03/09/2025 16:39:09,13.1219383,80.20015,20015,2025-09-04T23:29:43.320298
TN12AU6687,353201357706339,37.0,13.39,73.0,03/09/2025 16:39:04,13.1214766,80.1998733,1998733,2025-09-04T23:29:43.320473
TN12AU6687,353201357706339,36.0,13.45,73.0,03/09/2025 16:38:59,13.1210933,80.1996783,1996783,2025-09-04T23:29:43.320623
TN12AU6687,353201357706339,37.0,13.5,73.0,03/09/2025 16:38:54,13.1206683,80.199495,199495,2025-09-04T23:29:43.320820
TN12AU6687,353201357706339,31.0,13.54,73.0,03/09/2025 16:38:49,13.12026,80.199305,199305,2025-09-04T23:29:43.320997
TN12AU6687,353201357706339,32.0,13.58,73.0,03/09/2025 16:38:44,13.1199133,80.199125,199125,2025-09-04T23:29:43.321179
TN12AU6687,353201357706339,34.0,13.63,73.0,03/09/2025 16:38:39,13.1195616,80.1989183,1989183,2025-09-04T23:29:43.321350
TN12AU6687,353201357706339,35.0,13.68,73.0,03/09/2025 16:38:34,13.11918,80.198705,198705,2025-09-04T23:29:43.321518
TN12AU6687,353201357706339,28.0,13.71,73.0,03/09/2025 16:38:29,13.11882,80.1984983,1984983,2025-09-04T23:29:43.321685
TN12AU6687,353201357706339,17.0,13.73,73.0,03/09/2025 16:38:24,13.1185733,80.1983633,1983633,2025-09-04T23:29:43.321859
TN12AU6687,353201357706339,10.0,13.74,73.0,03/09/2025 16:38:19,13.1183933,80.1982816,1982816,2025-09-04T23:29:43.322016
TN12AU6687,353201357706339,0.0,13.74,73.0,03/09/2025 16:38:16,13.1183416,80.1982566,1982566,2025-09-04T23:29:43.322183
TN12AU6687,353201357706339,0.0,13.74,73.0,03/09/2025 16:38:11,13.1183416,80.1982566,1982566,2025-09-04T23:29:43.322353
TN12AU6687,353201357706339,0.0,13.74,73.0,03/09/2025 16:38:06,13.1183416,80.1982566,1982566,2025-09-04T23:29:43.322526
TN12AU6687,353201357706339,0.0,13.74,73.0,03/09/2025 16:38:01,13.1183416,80.1982566,1982566,2025-09-04T23:29:43.322756
TN12AU6687,353201357706339,0.0,13.74,74.0,03/09/2025 16:37:56,13.1183416,80.1982566,1982566,2025-09-04T23:29:43.322952
TN12AU6687,353201357706339,0.0,13.74,74.0,03/09/2025 16:37:51,13.1183416,80.1982566,1982566,2025-09-04T23:29:43.323133
TN12AU6687,353201357706339,0.0,13.74,74.0,03/09/2025 16:37:46,13.1183416,80.1982566,1982566,2025-09-04T23:29:43.323293
TN12AU6687,353201357706339,0.0,13.74,74.0,03/09/2025 16:37:41,13.1183416,80.1982566,1982566,2025-09-04T23:29:43.323461
TN12AU6687,353201357706339,8.0,13.74,74.0,03/09/2025 16:37:36,13.118305,80.1982333,1982333,2025-09-04T23:29:43.323660
TN12AU6687,353201357706339,19.0,13.77,74.0,03/09/2025 16:37:34,13.118245,80.1982033,1982033,2025-09-04T23:29:43.323838
TN12AU6687,353201357706339,31.0,13.81,74.0,03/09/2025 16:37:31,13.1180716,80.1981283,1981283,2025-09-04T23:29:43.324044
TN12AU6687,353201357706339,42.0,13.84,74.0,03/09/2025 16:37:27,13.1177433,80.19798,19798,2025-09-04T23:29:43.324243
TN12AU6687,353201357706339,56.0,13.93,74.0,03/09/2025 16:37:24,13.1174066,80.1978616,1978616,2025-09-04T23:29:43.324429
TN12AU6687,353201357706339,59.0,14.01,74.0,03/09/2025 16:37:19,13.1166966,80.1977266,1977266,2025-09-04T23:29:43.324611
TN12AU6687,353201357706339,57.0,14.09,74.0,03/09/2025 16:37:14,13.1159666,80.197655,197655,2025-09-04T23:29:43.324800
TN12AU6687,353201357706339,57.0,14.17,74.0,03/09/2025 16:37:09,13.1152383,80.1975699,1975699,2025-09-04T23:29:43.324991
TN12AU6687,353201357706339,51.0,14.23,74.0,03/09/2025 16:37:04,13.1145416,80.197475,197475,2025-09-04T23:29:43.325166
TN12AU6687,353201357706339,41.0,14.3,75.0,03/09/2025 16:36:59,13.113945,80.1974,1974,2025-09-04T23:29:43.325313
TN12AU6687,353201357706339,36.0,14.34,75.0,03/09/2025 16:36:54,13.113375,80.1973183,1973183,2025-09-04T23:29:43.325448
TN12AU6687,353201357706339,44.0,14.4,75.0,03/09/2025 16:36:49,13.1129899,80.1972533,1972533,2025-09-04T23:29:43.325646
TN12AU6687,353201357706339,46.0,14.47,75.0,03/09/2025 16:36:44,13.1124133,80.1971933,1971933,2025-09-04T23:29:43.325890
TN12AU6687,353201357706339,41.0,14.53,75.0,03/09/2025 16:36:39,13.1118666,80.1971349,1971349,2025-09-04T23:29:43.326299
TN12AU6687,353201357706339,40.0,14.58,75.0,03/09/2025 16:36:34,13.1112616,80.1970833,1970833,2025-09-04T23:29:43.326541
TN12AU6687,353201357706339,40.0,14.64,75.0,03/09/2025 16:36:29,13.1108666,80.1970266,1970266,2025-09-04T23:29:43.326751
TN12AU6687,353201357706339,41.0,14.69,75.0,03/09/2025 16:36:24,13.1103466,80.1969716,1969716,2025-09-04T23:29:43.326967
TN12AU6687,353201357706339,40.0,14.75,75.0,03/09/2025 16:36:19,13.10984,80.19684,19684,2025-09-04T23:29:43.327193
TN12AU6687,353201357706339,38.0,14.8,75.0,03/09/2025 16:36:14,13.10939,80.1966216,1966216,2025-09-04T23:29:43.327395
TN12AU6687,353201357706339,41.0,14.87,75.0,03/09/2025 16:36:09,13.10895,80.1963816,1963816,2025-09-04T23:29:43.327580
TN12AU6687,353201357706339,44.0,14.92,75.0,03/09/2025 16:36:04,13.1084683,80.1961149,1961149,2025-09-04T23:29:43.327752
TN12AU6687,353201357706339,42.0,14.98,76.0,03/09/2025 16:35:59,13.1080049,80.1958699,1958699,2025-09-04T23:29:43.327938
TN12AU6687,353201357706339,33.0,15.02,76.0,03/09/2025 16:35:54,13.1075766,80.1956166,1956166,2025-09-04T23:29:43.328118
TN12AU6687,353201357706339,26.0,15.05,76.0,03/09/2025 16:35:49,13.107255,80.1954333,1954333,2025-09-04T23:29:43.328304
TN12AU6687,353201357706339,19.0,15.08,76.0,03/09/2025 16:35:44,13.1070066,80.19529,19529,2025-09-04T23:29:43.328511
TN12AU6687,353201357706339,28.0,15.13,76.0,03/09/2025 16:35:39,13.1067716,80.19516,19516,2025-09-04T23:29:43.328704
TN12AU6687,353201357706339,39.0,15.19,76.0,03/09/2025 16:35:34,13.1063766,80.1949616,1949616,2025-09-04T23:29:43.328859
TN12AU6687,353201357706339,39.0,15.24,76.0,03/09/2025 16:35:29,13.1059183,80.19474,19474,2025-09-04T23:29:43.329015
TN12AU6687,353201357706339,43.0,15.3,76.0,03/09/2025 16:35:24,13.1054433,80.194645,194645,2025-09-04T23:29:43.329192
TN12AU6687,353201357706339,44.0,15.36,76.0,03/09/2025 16:35:19,13.104885,80.1946066,1946066,2025-09-04T23:29:43.329364
TN12AU6687,353201357706339,41.0,15.42,76.0,03/09/2025 16:35:14,13.10436,80.1945483,1945483,2025-09-04T23:29:43.329505
TN12AU6687,353201357706339,38.0,15.47,76.0,03/09/2025 16:35:09,13.103855,80.1945266,1945266,2025-09-04T23:29:43.329641
TN12AU6687,353201357706339,36.0,15.52,76.0,03/09/2025 16:35:04,13.1033883,80.1944866,1944866,2025-09-04T23:29:43.329776
TN12AU6687,353201357706339,30.0,15.56,76.0,03/09/2025 16:34:59,13.1029566,80.19445,19445,2025-09-04T23:29:43.329904
TN12AU6687,353201357706339,23.0,15.57,76.0,03/09/2025 16:34:54,13.1025766,80.1944149,1944149,2025-09-04T23:29:43.330035
TN12AU6687,353201357706339,19.0,15.58,76.0,03/09/2025 16:34:52,13.1024666,80.1943883,1943883,2025-09-04T23:29:43.330165
TN12AU6687,353201357706339,17.0,15.58,76.0,03/09/2025 16:34:51,13.1024066,80.1943699,1943699,2025-09-04T23:29:43.330310
TN12AU6687,353201357706339,16.0,15.59,76.0,03/09/2025 16:34:50,13.102365,80.1943616,1943616,2025-09-04T23:29:43.330476
TN12AU6687,353201357706339,18.0,15.6,76.0,03/09/2025 16:34:49,13.1023316,80.19433,19433,2025-09-04T23:29:43.330631
TN12AU6687,353201357706339,19.0,15.63,76.0,03/09/2025 16:34:47,13.10229,80.1942433,1942433,2025-09-04T23:29:43.330773
TN12AU6687,353201357706339,17.0,15.65,76.0,03/09/2025 16:34:42,13.1021983,80.1940083,1940083,2025-09-04T23:29:43.330906
TN12AU6687,353201357706339,11.0,15.66,76.0,03/09/2025 16:34:37,13.102115,80.19381,19381,2025-09-04T23:29:43.331057
TN12AU6687,353201357706339,7.0,15.66,76.0,03/09/2025 16:34:34,13.1021016,80.1937483,1937483,2025-09-04T23:29:43.331245
TN12AU6687,353201357706339,9.0,15.67,76.0,03/09/2025 16:34:32,13.1020999,80.1937183,1937183,2025-09-04T23:29:43.331423
TN12AU6687,353201357706339,21.0,15.69,76.0,03/09/2025 16:34:30,13.10208,80.1936483,1936483,2025-09-04T23:29:43.331614
TN12AU6687,353201357706339,23.0,15.72,76.0,03/09/2025 16:34:27,13.101975,80.1934916,1934916,2025-09-04T23:29:43.331778
TN12AU6687,353201357706339,17.0,15.74,76.0,03/09/2025 16:34:22,13.10192,80.1932233,1932233,2025-09-04T23:29:43.331947
TN12AU6687,353201357706339,15.0,15.75,76.0,03/09/2025 16:34:17,13.1018899,80.1930366,1930366,2025-09-04T23:29:43.332092
TN12AU6687,353201357706339,26.0,15.79,76.0,03/09/2025 16:34:15,13.1018883,80.1929383,1929383,2025-09-04T23:29:43.332249
TN12AU6687,353201357706339,37.0,15.84,76.0,03/09/2025 16:34:11,13.1018449,80.1925666,1925666,2025-09-04T23:29:43.332425
TN12AU6687,353201357706339,38.0,15.89,77.0,03/09/2025 16:34:06,13.101785,80.192085,192085,2025-09-04T23:29:43.332652
TN12AU6687,353201357706339,37.0,15.94,77.0,03/09/2025 16:34:01,13.10172,80.1915983,1915983,2025-09-04T23:29:43.332881
TN12AU6687,353201357706339,29.0,15.98,77.0,03/09/2025 16:33:56,13.1016333,80.191175,191175,2025-09-04T23:29:43.333084
TN12AU6687,353201357706339,30.0,16.03,77.0,03/09/2025 16:33:51,13.1015616,80.1907916,1907916,2025-09-04T23:29:43.333274
TN12AU6687,353201357706339,29.0,16.07,77.0,03/09/2025 16:33:46,13.1014383,80.1904183,1904183,2025-09-04T23:29:43.333469
TN12AU6687,353201357706339,31.0,16.12,77.0,03/09/2025 16:33:41,13.1013083,80.190035,190035,2025-09-04T23:29:43.333679
TN12AU6687,353201357706339,30.0,16.14,77.0,03/09/2025 16:33:36,13.101175,80.1896333,1896333,2025-09-04T23:29:43.333868
TN12AU6687,353201357706339,27.0,16.18,77.0,03/09/2025 16:33:33,13.1010683,80.1894499,1894499,2025-09-04T23:29:43.334053
TN12AU6687,353201357706339,25.0,16.21,77.0,03/09/2025 16:33:28,13.1008183,80.1891966,1891966,2025-09-04T23:29:43.334224
TN12AU6687,353201357706339,16.0,16.23,77.0,03/09/2025 16:33:23,13.1006033,80.18902,18902,2025-09-04T23:29:43.334386
TN12AU6687,353201357706339,17.0,16.26,77.0,03/09/2025 16:33:18,13.1004799,80.188855,188855,2025-09-04T23:29:43.334561
TN12AU6687,353201357706339,21.0,16.29,77.0,03/09/2025 16:33:13,13.1003866,80.18864,18864,2025-09-04T23:29:43.334727
TN12AU6687,353201357706339,29.0,16.33,77.0,03/09/2025 16:33:08,13.1002683,80.1883466,1883466,2025-09-04T23:29:43.334890
TN12AU6687,353201357706339,32.0,16.38,77.0,03/09/2025 16:33:03,13.100135,80.1879699,1879699,2025-09-04T23:29:43.335047
TN12AU6687,353201357706339,28.0,16.41,77.0,03/09/2025 16:32:58,13.10001,80.187585,187585,2025-09-04T23:29:43.335204
TN12AU6687,353201357706339,19.0,16.44,77.0,03/09/2025 16:32:53,13.09994,80.1872733,1872733,2025-09-04T23:29:43.335355
TN12AU6687,353201357706339,12.0,16.45,77.0,03/09/2025 16:32:48,13.0998766,80.1870483,1870483,2025-09-04T23:29:43.335515
TN12AU6687,353201357706339,15.0,16.46,77.0,03/09/2025 16:32:46,13.0998583,80.1869716,1869716,2025-09-04T23:29:43.335686
TN12AU6687,353201357706339,9.0,16.49,77.0,03/09/2025 16:32:41,13.0998416,80.186825,186825,2025-09-04T23:29:43.335858
TN12AU6687,353201357706339,15.0,16.51,77.0,03/09/2025 16:32:36,13.0997916,80.1866216,1866216,2025-09-04T23:29:43.336019
TN12AU6687,353201357706339,12.0,16.53,77.0,03/09/2025 16:32:31,13.0997483,80.186415,186415,2025-09-04T23:29:43.336187
TN12AU6687,353201357706339,13.0,16.55,77.0,03/09/2025 16:32:26,13.0997133,80.1862383,1862383,2025-09-04T23:29:43.336344
TN12AU6687,353201357706339,7.0,16.55,77.0,03/09/2025 16:32:21,13.09967,80.1860433,1860433,2025-09-04T23:29:43.336509
TN12AU6687,353201357706339,0.0,16.55,77.0,03/09/2025 16:32:16,13.09967,80.1860433,1860433,2025-09-04T23:29:43.336665
TN12AU6687,353201357706339,3.0,16.56,77.0,03/09/2025 16:32:11,13.0996583,80.1860299,1860299,2025-09-04T23:29:43.336812
TN12AU6687,353201357706339,14.0,16.59,77.0,03/09/2025 16:32:06,13.0995949,80.1859233,1859233,2025-09-04T23:29:43.336966
TN12AU6687,353201357706339,24.0,16.63,77.0,03/09/2025 16:32:01,13.099515,80.1856766,1856766,2025-09-04T23:29:43.337115
TN12AU6687,353201357706339,27.0,16.67,78.0,03/09/2025 16:31:56,13.09945,80.1853583,1853583,2025-09-04T23:29:43.337264
TN12AU6687,353201357706339,30.0,16.71,78.0,03/09/2025 16:31:51,13.0993633,80.1850083,1850083,2025-09-04T23:29:43.337431
TN12AU6687,353201357706339,30.0,16.75,78.0,03/09/2025 16:31:46,13.0992583,80.18464,18464,2025-09-04T23:29:43.337617
TN12AU6687,353201357706339,30.0,16.79,78.0,03/09/2025 16:31:41,13.0991266,80.1842733,1842733,2025-09-04T23:29:43.337815
TN12AU6687,353201357706339,30.0,16.83,78.0,03/09/2025 16:31:36,13.0990066,80.1839099,1839099,2025-09-04T23:29:43.337980
TN12AU6687,353201357706339,29.0,16.87,78.0,03/09/2025 16:31:31,13.0989049,80.1835316,1835316,2025-09-04T23:29:43.338206
TN12AU6687,353201357706339,27.0,16.92,78.0,03/09/2025 16:31:26,13.0988,80.1831716,1831716,2025-09-04T23:29:43.338393
TN12AU6687,353201357706339,27.0,16.96,78.0,03/09/2025 16:31:21,13.0986916,80.1827883,1827883,2025-09-04T23:29:43.338584
TN12AU6687,353201357706339,27.0,16.99,78.0,03/09/2025 16:31:16,13.0986166,80.1824416,1824416,2025-09-04T23:29:43.338750
TN12AU6687,353201357706339,26.0,17.02,78.0,03/09/2025 16:31:11,13.0985366,80.1821066,1821066,2025-09-04T23:29:43.338892
TN12AU6687,353201357706339,19.0,17.05,78.0,03/09/2025 16:31:06,13.0984749,80.1818216,1818216,2025-09-04T23:29:43.339131
TN12AU6687,353201357706339,20.0,17.08,78.0,03/09/2025 16:31:01,13.0984133,80.1815666,1815666,2025-09-04T23:29:43.339381
TN12AU6687,353201357706339,17.0,17.1,78.0,03/09/2025 16:30:56,13.098365,80.1812966,1812966,2025-09-04T23:29:43.339966
TN12AU6687,353201357706339,12.0,17.11,78.0,03/09/2025 16:30:51,13.0983266,80.1811133,1811133,2025-09-04T23:29:43.340229
TN12AU6687,353201357706339,4.0,17.12,78.0,03/09/2025 16:30:46,13.0983133,80.181005,181005,2025-09-04T23:29:43.340516
TN12AU6687,353201357706339,0.0,17.12,78.0,03/09/2025 16:30:41,13.0983133,80.180995,180995,2025-09-04T23:29:43.340731
TN12AU6687,353201357706339,0.0,17.12,78.0,03/09/2025 16:30:36,13.0983016,80.18094,18094,2025-09-04T23:29:43.340993
TN12AU6687,353201357706339,8.0,17.14,78.0,03/09/2025 16:30:31,13.0982816,80.180885,180885,2025-09-04T23:29:43.341198
TN12AU6687,353201357706339,21.0,17.17,78.0,03/09/2025 16:30:27,13.0982433,80.1807183,1807183,2025-09-04T23:29:43.341419
TN12AU6687,353201357706339,28.0,17.21,78.0,03/09/2025 16:30:22,13.0981633,80.1804266,1804266,2025-09-04T23:29:43.341627
TN12AU6687,353201357706339,32.0,17.25,78.0,03/09/2025 16:30:17,13.0980683,80.1800549,1800549,2025-09-04T23:29:43.341823
TN12AU6687,353201357706339,33.0,17.3,78.0,03/09/2025 16:30:12,13.0979649,80.1796583,1796583,2025-09-04T23:29:43.342041
TN12AU6687,353201357706339,31.0,17.34,78.0,03/09/2025 16:30:07,13.0978916,80.1792416,1792416,2025-09-04T23:29:43.342231
TN12AU6687,353201357706339,28.0,17.38,78.0,03/09/2025 16:30:02,13.0978566,80.1788633,1788633,2025-09-04T23:29:43.342396
TN12AU6687,353201357706339,31.0,17.42,78.0,03/09/2025 16:29:57,13.0978483,80.1784816,1784816,2025-09-04T23:29:43.342631
TN12AU6687,353201357706339,28.0,17.46,78.0,03/09/2025 16:29:52,13.0978533,80.178095,178095,2025-09-04T23:29:43.342835
TN12AU6687,353201357706339,29.0,17.5,78.0,03/09/2025 16:29:47,13.0978716,80.1777183,1777183,2025-09-04T23:29:43.343023
TN12AU6687,353201357706339,24.0,17.53,78.0,03/09/2025 16:29:42,13.0979049,80.1773766,1773766,2025-09-04T23:29:43.343228
TN12AU6687,353201357706339,19.0,17.56,78.0,03/09/2025 16:29:37,13.0979533,80.1770766,1770766,2025-09-04T23:29:43.343413
TN12AU6687,353201357706339,17.0,17.57,78.0,03/09/2025 16:29:32,13.0979983,80.1768383,1768383,2025-09-04T23:29:43.343621
TN12AU6687,353201357706339,13.0,17.59,78.0,03/09/2025 16:29:30,13.098015,80.1767633,1767633,2025-09-04T23:29:43.343823
TN12AU6687,353201357706339,8.0,17.6,77.0,03/09/2025 16:29:25,13.0980483,80.176595,176595,2025-09-04T23:29:43.344033
TN12AU6687,353201357706339,9.0,17.62,77.0,03/09/2025 16:29:20,13.0980583,80.1764683,1764683,2025-09-04T23:29:43.344232
TN12AU6687,353201357706339,8.0,17.63,77.0,03/09/2025 16:29:15,13.0980716,80.17632,17632,2025-09-04T23:29:43.344429
TN12AU6687,353201357706339,4.0,17.64,77.0,03/09/2025 16:29:10,13.0980866,80.1762133,1762133,2025-09-04T23:29:43.344628
TN12AU6687,353201357706339,4.0,17.65,77.0,03/09/2025 16:29:05,13.0980916,80.1761616,1761616,2025-09-04T23:29:43.344821
TN12AU6687,353201357706339,10.0,17.66,77.0,03/09/2025 16:29:00,13.0981133,80.1760383,1760383,2025-09-04T23:29:43.344984
TN12AU6687,353201357706339,10.0,17.67,77.0,03/09/2025 16:28:58,13.0981233,80.1759833,1759833,2025-09-04T23:29:43.345145
TN12AU6687,353201357706339,8.0,17.68,77.0,03/09/2025 16:28:53,13.09814,80.175865,175865,2025-09-04T23:29:43.345324
TN12AU6687,353201357706339,8.0,17.69,77.0,03/09/2025 16:28:48,13.0981583,80.1757566,1757566,2025-09-04T23:29:43.345573
TN12AU6687,353201357706339,11.0,17.71,77.0,03/09/2025 16:28:43,13.0981649,80.1756233,1756233,2025-09-04T23:29:43.345746
TN12AU6687,353201357706339,11.0,17.73,77.0,03/09/2025 16:28:38,13.0981816,80.175445,175445,2025-09-04T23:29:43.345905
TN12AU6687,353201357706339,7.0,17.73,77.0,03/09/2025 16:28:33,13.098185,80.17533,17533,2025-09-04T23:29:43.346068
TN12AU6687,353201357706339,10.0,17.75,77.0,03/09/2025 16:28:31,13.0981916,80.17528,17528,2025-09-04T23:29:43.346232
TN12AU6687,353201357706339,7.0,17.76,77.0,03/09/2025 16:28:26,13.0982083,80.1751366,1751366,2025-09-04T23:29:43.346375
TN12AU6687,353201357706339,11.0,17.78,77.0,03/09/2025 16:28:21,13.0982249,80.175025,175025,2025-09-04T23:29:43.346539
TN12AU6687,353201357706339,11.0,17.78,77.0,03/09/2025 16:28:21,13.0982249,80.175025,175025,2025-09-04T23:29:43.346736
TN12AU6687,353201357706339,16.0,17.79,77.0,03/09/2025 16:28:16,13.0982633,80.1748516,1748516,2025-09-04T23:29:43.346923
TN12AU6687,353201357706339,6.0,17.8,77.0,03/09/2025 16:28:12,13.0983116,80.1747149,1747149,2025-09-04T23:29:43.347112
TN12AU6687,353201357706339,7.0,17.82,77.0,03/09/2025 16:28:07,13.0983116,80.174645,174645,2025-09-04T23:29:43.347295
TN12AU6687,353201357706339,6.0,17.83,77.0,03/09/2025 16:28:02,13.0983483,80.1745216,1745216,2025-09-04T23:29:43.347473
TN12AU6687,353201357706339,6.0,17.83,77.0,03/09/2025 16:27:59,13.0983783,80.174425,174425,2025-09-04T23:29:43.347669
TN12AU6687,353201357706339,0.0,17.83,77.0,03/09/2025 16:27:58,13.0983783,80.174425,174425,2025-09-04T23:29:43.347839
TN12AU6687,353201357706339,0.0,17.83,77.0,03/09/2025 16:27:53,13.0983783,80.174425,174425,2025-09-04T23:29:43.347982
TN12AU6687,353201357706339,0.0,17.83,77.0,03/09/2025 16:27:48,13.0983816,80.1744233,1744233,2025-09-04T23:29:43.348167
TN12AU6687,353201357706339,6.0,17.83,77.0,03/09/2025 16:27:43,13.09841,80.1743666,1743666,2025-09-04T23:29:43.348345
TN12AU6687,353201357706339,0.0,17.83,77.0,03/09/2025 16:27:38,13.09843,80.1743233,1743233,2025-09-04T23:29:43.348524
TN12AU6687,353201357706339,0.0,17.83,77.0,03/09/2025 16:27:33,13.0984416,80.1742666,1742666,2025-09-04T23:29:43.348696
TN12AU6687,353201357706339,10.0,17.85,77.0,03/09/2025 16:27:29,13.0984749,80.1742016,1742016,2025-09-04T23:29:43.348872
TN12AU6687,353201357706339,12.0,17.86,77.0,03/09/2025 16:27:24,13.0985383,80.1740483,1740483,2025-09-04T23:29:43.349054
TN12AU6687,353201357706339,5.0,17.87,77.0,03/09/2025 16:27:19,13.0985733,80.1739616,1739616,2025-09-04T23:29:43.349222
TN12AU6687,353201357706339,6.0,17.88,77.0,03/09/2025 16:27:14,13.0985866,80.1738666,1738666,2025-09-04T23:29:43.349376
TN12AU6687,353201357706339,9.0,17.89,77.0,03/09/2025 16:27:09,13.0986366,80.1737666,1737666,2025-09-04T23:29:43.349559
TN12AU6687,353201357706339,8.0,17.91,78.0,03/09/2025 16:27:04,13.0986899,80.1736833,1736833,2025-09-04T23:29:43.349725
TN12AU6687,353201357706339,7.0,17.91,78.0,03/09/2025 16:26:59,13.0987416,80.1735899,1735899,2025-09-04T23:29:43.349883
TN12AU6687,353201357706339,0.0,17.91,78.0,03/09/2025 16:26:55,13.0987633,80.17353,17353,2025-09-04T23:29:43.350042
TN12AU6687,353201357706339,7.0,17.92,78.0,03/09/2025 16:26:50,13.0987833,80.1734766,1734766,2025-09-04T23:29:43.350209
TN12AU6687,353201357706339,6.0,17.93,78.0,03/09/2025 16:26:45,13.0988249,80.1733883,1733883,2025-09-04T23:29:43.350378
TN12AU6687,353201357706339,0.0,17.93,78.0,03/09/2025 16:26:40,13.0988366,80.1733366,1733366,2025-09-04T23:29:43.350525
TN12AU6687,353201357706339,0.0,17.93,78.0,03/09/2025 16:26:35,13.0988416,80.1733316,1733316,2025-09-04T23:29:43.350686
TN12AU6687,353201357706339,9.0,17.94,78.0,03/09/2025 16:26:30,13.098885,80.1732416,1732416,2025-09-04T23:29:43.350838
TN12AU6687,353201357706339,13.0,17.96,78.0,03/09/2025 16:26:25,13.09893,80.1731133,1731133,2025-09-04T23:29:43.350998
TN12AU6687,353201357706339,7.0,17.96,78.0,03/09/2025 16:26:20,13.0989716,80.1729766,1729766,2025-09-04T23:29:43.351168
TN12AU6687,353201357706339,0.0,17.96,78.0,03/09/2025 16:26:16,13.0989849,80.1729583,1729583,2025-09-04T23:29:43.351342
TN12AU6687,353201357706339,0.0,17.96,78.0,03/09/2025 16:26:11,13.0989916,80.1729533,1729533,2025-09-04T23:29:43.351520
TN12AU6687,353201357706339,8.0,17.98,78.0,03/09/2025 16:26:06,13.0990499,80.1728816,1728816,2025-09-04T23:29:43.351689
TN12AU6687,353201357706339,11.0,17.99,78.0,03/09/2025 16:26:01,13.0991166,80.17277,17277,2025-09-04T23:29:43.351857
TN12AU6687,353201357706339,11.0,18.01,78.0,03/09/2025 16:25:56,13.0991749,80.17261,17261,2025-09-04T23:29:43.352021
TN12AU6687,353201357706339,5.0,18.02,78.0,03/09/2025 16:25:51,13.0992016,80.1724866,1724866,2025-09-04T23:29:43.352182
TN12AU6687,353201357706339,4.0,18.02,78.0,03/09/2025 16:25:46,13.0992116,80.17241,17241,2025-09-04T23:29:43.352578
TN12AU6687,353201357706339,10.0,18.05,78.0,03/09/2025 16:25:41,13.09923,80.1723399,1723399,2025-09-04T23:29:43.352833
TN12AU6687,353201357706339,19.0,18.07,78.0,03/09/2025 16:25:36,13.0992966,80.17215,17215,2025-09-04T23:29:43.353206
TN12AU6687,353201357706339,21.0,18.1,78.0,03/09/2025 16:25:31,13.0993816,80.1719233,1719233,2025-09-04T23:29:43.353414
TN12AU6687,353201357706339,14.0,18.12,78.0,03/09/2025 16:25:26,13.0994599,80.1717183,1717183,2025-09-04T23:29:43.353676
TN12AU6687,353201357706339,13.0,18.14,78.0,03/09/2025 16:25:21,13.0995049,80.1715333,1715333,2025-09-04T23:29:43.353886
TN12AU6687,353201357706339,13.0,18.15,78.0,03/09/2025 16:25:16,13.0995433,80.1713466,1713466,2025-09-04T23:29:43.354116
TN12AU6687,353201357706339,7.0,18.17,78.0,03/09/2025 16:25:11,13.0995733,80.1712066,1712066,2025-09-04T23:29:43.354334
TN12AU6687,353201357706339,6.0,18.18,78.0,03/09/2025 16:25:06,13.0996166,80.1710849,1710849,2025-09-04T23:29:43.354580
TN12AU6687,353201357706339,0.0,18.18,79.0,03/09/2025 16:25:02,13.0996416,80.1710083,1710083,2025-09-04T23:29:43.354790
TN12AU6687,353201357706339,0.0,18.18,79.0,03/09/2025 16:24:57,13.0996416,80.1710083,1710083,2025-09-04T23:29:43.354971
TN12AU6687,353201357706339,0.0,18.18,79.0,03/09/2025 16:24:52,13.0996416,80.1710083,1710083,2025-09-04T23:29:43.355171
TN12AU6687,353201357706339,0.0,18.18,79.0,03/09/2025 16:24:47,13.0996433,80.1710033,1710033,2025-09-04T23:29:43.355352
TN12AU6687,353201357706339,4.0,18.18,79.0,03/09/2025 16:24:42,13.0996716,80.1709599,1709599,2025-09-04T23:29:43.355521
TN12AU6687,353201357706339,6.0,18.19,79.0,03/09/2025 16:24:37,13.099695,80.1708916,1708916,2025-09-04T23:29:43.355697
TN12AU6687,353201357706339,5.0,18.2,78.0,03/09/2025 16:24:32,13.0997116,80.170805,170805,2025-09-04T23:29:43.355875
TN12AU6687,353201357706339,0.0,18.2,78.0,03/09/2025 16:24:27,13.0997266,80.170745,170745,2025-09-04T23:29:43.356036
TN12AU6687,353201357706339,7.0,18.21,78.0,03/09/2025 16:24:22,13.0997383,80.1706633,1706633,2025-09-04T23:29:43.356197
TN12AU6687,353201357706339,6.0,18.22,78.0,03/09/2025 16:24:17,13.0997583,80.1705699,1705699,2025-09-04T23:29:43.356360
TN12AU6687,353201357706339,5.0,18.23,78.0,03/09/2025 16:24:12,13.0997666,80.17049,17049,2025-09-04T23:29:43.356518
TN12AU6687,353201357706339,0.0,18.23,78.0,03/09/2025 16:24:07,13.099765,80.1704216,1704216,2025-09-04T23:29:43.356677
TN12AU6687,353201357706339,4.0,18.24,78.0,03/09/2025 16:24:02,13.0997683,80.1703733,1703733,2025-09-04T23:29:43.356858
TN12AU6687,353201357706339,0.0,18.24,78.0,03/09/2025 16:23:57,13.099785,80.17029,17029,2025-09-04T23:29:43.357040
TN12AU6687,353201357706339,0.0,18.24,78.0,03/09/2025 16:23:52,13.099785,80.17029,17029,2025-09-04T23:29:43.357215
TN12AU6687,353201357706339,5.0,18.24,78.0,03/09/2025 16:23:47,13.0997833,80.1702666,1702666,2025-09-04T23:29:43.357391
TN12AU6687,353201357706339,8.0,18.25,78.0,03/09/2025 16:23:42,13.0997866,80.1701783,1701783,2025-09-04T23:29:43.357603
TN12AU6687,353201357706339,6.0,18.26,77.0,03/09/2025 16:23:37,13.0997933,80.1700883,1700883,2025-09-04T23:29:43.357804
TN12AU6687,353201357706339,7.0,18.27,77.0,03/09/2025 16:23:32,13.0998083,80.1700166,1700166,2025-09-04T23:29:43.357991
TN12AU6687,353201357706339,6.0,18.29,77.0,03/09/2025 16:23:27,13.0998049,80.169925,169925,2025-09-04T23:29:43.358184
TN12AU6687,353201357706339,11.0,18.31,77.0,03/09/2025 16:23:22,13.099815,80.1697683,1697683,2025-09-04T23:29:43.358356
TN12AU6687,353201357706339,20.0,18.34,77.0,03/09/2025 16:23:17,13.0998433,80.16956,16956,2025-09-04T23:29:43.358574
TN12AU6687,353201357706339,23.0,18.37,77.0,03/09/2025 16:23:12,13.0998883,80.1692816,1692816,2025-09-04T23:29:43.358786
TN12AU6687,353201357706339,21.0,18.41,77.0,03/09/2025 16:23:07,13.099925,80.1689933,1689933,2025-09-04T23:29:43.358990
TN12AU6687,353201357706339,22.0,18.44,77.0,03/09/2025 16:23:02,13.0999483,80.1687016,1687016,2025-09-04T23:29:43.359174
TN12AU6687,353201357706339,20.0,18.46,77.0,03/09/2025 16:22:57,13.099955,80.1684033,1684033,2025-09-04T23:29:43.359362
TN12AU6687,353201357706339,17.0,18.48,77.0,03/09/2025 16:22:52,13.099985,80.1681666,1681666,2025-09-04T23:29:43.359559
TN12AU6687,353201357706339,12.0,18.49,77.0,03/09/2025 16:22:48,13.1000416,80.168015,168015,2025-09-04T23:29:43.359755
TN12AU6687,353201357706339,11.0,18.49,77.0,03/09/2025 16:22:47,13.10005,80.1679833,1679833,2025-09-04T23:29:43.359937
TN12AU6687,353201357706339,9.0,18.49,77.0,03/09/2025 16:22:45,13.1000366,80.16793,16793,2025-09-04T23:29:43.360144
TN12AU6687,353201357706339,8.0,18.5,77.0,03/09/2025 16:22:44,13.100025,80.1679066,1679066,2025-09-04T23:29:43.360354
TN12AU6687,353201357706339,7.0,18.5,77.0,03/09/2025 16:22:43,13.1000066,80.1678866,1678866,2025-09-04T23:29:43.360534
TN12AU6687,353201357706339,6.0,18.51,77.0,03/09/2025 16:22:42,13.0999833,80.1678733,1678733,2025-09-04T23:29:43.360708
TN12AU6687,353201357706339,3.0,18.51,77.0,03/09/2025 16:22:39,13.0999383,80.1678649,1678649,2025-09-04T23:29:43.360878
TN12AU6687,353201357706339,0.0,18.51,77.0,03/09/2025 16:22:34,13.0998699,80.1678949,1678949,2025-09-04T23:29:43.361046
TN12AU6687,353201357706339,0.0,18.51,77.0,03/09/2025 16:22:29,13.0998699,80.1678949,1678949,2025-09-04T23:29:43.361216
TN12AU6687,353201357706339,0.0,18.51,77.0,03/09/2025 16:22:24,13.0998699,80.1678949,1678949,2025-09-04T23:29:43.361384
TN12AU6687,353201357706339,5.0,18.53,77.0,03/09/2025 16:22:19,13.0998466,80.1679283,1679283,2025-09-04T23:29:43.361557
TN12AU6687,353201357706339,15.0,18.55,77.0,03/09/2025 16:22:14,13.0998716,80.1680516,1680516,2025-09-04T23:29:43.361727
TN12AU6687,353201357706339,13.0,18.55,77.0,03/09/2025 16:22:09,13.0999283,80.1682183,1682183,2025-09-04T23:29:43.361882
TN12AU6687,353201357706339,12.0,18.57,77.0,03/09/2025 16:22:07,13.09993,80.1682833,1682833,2025-09-04T23:29:43.362033
TN12AU6687,353201357706339,22.0,18.61,77.0,03/09/2025 16:22:04,13.09991,80.1684316,1684316,2025-09-04T23:29:43.362212
TN12AU6687,353201357706339,34.0,18.65,77.0,03/09/2025 16:21:59,13.0998683,80.1688133,1688133,2025-09-04T23:29:43.362373
TN12AU6687,353201357706339,29.0,18.7,77.0,03/09/2025 16:21:54,13.0998216,80.1692066,1692066,2025-09-04T23:29:43.362557
TN12AU6687,353201357706339,28.0,18.73,77.0,03/09/2025 16:21:49,13.0997733,80.1695833,1695833,2025-09-04T23:29:43.362790
TN12AU6687,353201357706339,17.0,18.74,77.0,03/09/2025 16:21:44,13.0997483,80.1698766,1698766,2025-09-04T23:29:43.363002
TN12AU6687,353201357706339,9.0,18.74,77.0,03/09/2025 16:21:40,13.0997299,80.17,17,2025-09-04T23:29:43.363198
TN12AU6687,353201357706339,10.0,18.75,77.0,03/09/2025 16:21:39,13.0997166,80.1700149,1700149,2025-09-04T23:29:43.363370
TN12AU6687,353201357706339,12.0,18.75,78.0,03/09/2025 16:21:38,13.0996966,80.170035,170035,2025-09-04T23:29:43.363566
TN12AU6687,353201357706339,15.0,18.75,78.0,03/09/2025 16:21:37,13.0996683,80.17005,17005,2025-09-04T23:29:43.363756
TN12AU6687,353201357706339,16.0,18.77,78.0,03/09/2025 16:21:36,13.09963,80.170065,170065,2025-09-04T23:29:43.363941
TN12AU6687,353201357706339,29.0,18.82,78.0,03/09/2025 16:21:33,13.099455,80.1700683,1700683,2025-09-04T23:29:43.364114
TN12AU6687,353201357706339,33.0,18.87,78.0,03/09/2025 16:21:28,13.0990499,80.1700599,1700599,2025-09-04T23:29:43.364292
TN12AU6687,353201357706339,36.0,18.92,78.0,03/09/2025 16:21:23,13.0986033,80.170075,170075,2025-09-04T23:29:43.364458
TN12AU6687,353201357706339,32.0,18.96,78.0,03/09/2025 16:21:18,13.0981683,80.1700483,1700483,2025-09-04T23:29:43.364639
TN12AU6687,353201357706339,38.0,19.02,78.0,03/09/2025 16:21:13,13.0977433,80.17005,17005,2025-09-04T23:29:43.364827
TN12AU6687,353201357706339,38.0,19.07,78.0,03/09/2025 16:21:08,13.0972683,80.1699883,1699883,2025-09-04T23:29:43.365041
TN12AU6687,353201357706339,37.0,19.12,78.0,03/09/2025 16:21:03,13.0967916,80.16996,16996,2025-09-04T23:29:43.365260
TN12AU6687,353201357706339,38.0,19.17,78.0,03/09/2025 16:20:58,13.0963116,80.1699199,1699199,2025-09-04T23:29:43.365468
TN12AU6687,353201357706339,34.0,19.22,78.0,03/09/2025 16:20:53,13.0958516,80.1698883,1698883,2025-09-04T23:29:43.365804
TN12AU6687,353201357706339,26.0,19.25,78.0,03/09/2025 16:20:48,13.095465,80.1698733,1698733,2025-09-04T23:29:43.366088
TN12AU6687,353201357706339,23.0,19.28,78.0,03/09/2025 16:20:43,13.0951316,80.1698633,1698633,2025-09-04T23:29:43.366417
TN12AU6687,353201357706339,17.0,19.29,78.0,03/09/2025 16:20:38,13.0948933,80.16987,16987,2025-09-04T23:29:43.366636
TN12AU6687,353201357706339,7.0,19.3,78.0,03/09/2025 16:20:35,13.0947966,80.1698766,1698766,2025-09-04T23:29:43.366844
TN12AU6687,353201357706339,4.0,19.3,78.0,03/09/2025 16:20:33,13.0947599,80.1698816,1698816,2025-09-04T23:29:43.367097
TN12AU6687,353201357706339,14.0,19.33,78.0,03/09/2025 16:20:30,13.0947033,80.1698749,1698749,2025-09-04T23:29:43.367318
TN12AU6687,353201357706339,28.0,19.38,78.0,03/09/2025 16:20:25,13.0944449,80.16984,16984,2025-09-04T23:29:43.367540
TN12AU6687,353201357706339,32.0,19.42,78.0,03/09/2025 16:20:20,13.094035,80.1698183,1698183,2025-09-04T23:29:43.367718
TN12AU6687,353201357706339,31.0,19.47,78.0,03/09/2025 16:20:15,13.09364,80.1697766,1697766,2025-09-04T23:29:43.367939
TN12AU6687,353201357706339,34.0,19.52,78.0,03/09/2025 16:20:10,13.0932366,80.169755,169755,2025-09-04T23:29:43.368135
TN12AU6687,353201357706339,35.0,19.57,78.0,03/09/2025 16:20:05,13.09278,80.1697316,1697316,2025-09-04T23:29:43.368298
TN12AU6687,353201357706339,34.0,19.61,78.0,03/09/2025 16:20:00,13.0923416,80.169715,169715,2025-09-04T23:29:43.368462
TN12AU6687,353201357706339,32.0,19.66,78.0,03/09/2025 16:19:55,13.0919083,80.1696733,1696733,2025-09-04T23:29:43.368644
TN12AU6687,353201357706339,28.0,19.7,78.0,03/09/2025 16:19:50,13.09154,80.1696516,1696516,2025-09-04T23:29:43.368819
TN12AU6687,353201357706339,32.0,19.74,78.0,03/09/2025 16:19:45,13.0911633,80.1696316,1696316,2025-09-04T23:29:43.368975
TN12AU6687,353201357706339,32.0,19.79,78.0,03/09/2025 16:19:40,13.09077,80.1696183,1696183,2025-09-04T23:29:43.369165
TN12AU6687,353201357706339,31.0,19.83,78.0,03/09/2025 16:19:35,13.0903483,80.169585,169585,2025-09-04T23:29:43.369324
TN12AU6687,353201357706339,28.0,19.87,78.0,03/09/2025 16:19:30,13.0899666,80.1695716,1695716,2025-09-04T23:29:43.369499
TN12AU6687,353201357706339,26.0,19.9,78.0,03/09/2025 16:19:25,13.0896133,80.1695333,1695333,2025-09-04T23:29:43.369667
TN12AU6687,353201357706339,17.0,19.93,78.0,03/09/2025 16:19:20,13.089305,80.1695233,1695233,2025-09-04T23:29:43.369832
TN12AU6687,353201357706339,9.0,19.94,78.0,03/09/2025 16:19:15,13.0891133,80.1695133,1695133,2025-09-04T23:29:43.369990
TN12AU6687,353201357706339,0.0,19.94,78.0,03/09/2025 16:19:10,13.0890183,80.1695199,1695199,2025-09-04T23:29:43.370154
TN12AU6687,353201357706339,7.0,19.94,78.0,03/09/2025 16:19:05,13.0889933,80.169535,169535,2025-09-04T23:29:43.370326
TN12AU6687,353201357706339,9.0,19.94,78.0,03/09/2025 16:19:04,13.0889699,80.1695416,1695416,2025-09-04T23:29:43.370494
TN12AU6687,353201357706339,8.0,19.95,78.0,03/09/2025 16:19:03,13.0889466,80.169545,169545,2025-09-04T23:29:43.370703
TN12AU6687,353201357706339,7.0,19.95,78.0,03/09/2025 16:19:01,13.0889033,80.1695483,1695483,2025-09-04T23:29:43.370889
TN12AU6687,353201357706339,6.0,19.95,78.0,03/09/2025 16:19:00,13.0888833,80.1695466,1695466,2025-09-04T23:29:43.371061
TN12AU6687,353201357706339,10.0,19.96,78.0,03/09/2025 16:18:58,13.088845,80.1695266,1695266,2025-09-04T23:29:43.371225
TN12AU6687,353201357706339,11.0,19.97,77.0,03/09/2025 16:18:56,13.0888066,80.16949,16949,2025-09-04T23:29:43.371403
TN12AU6687,353201357706339,13.0,19.98,77.0,03/09/2025 16:18:54,13.08878,80.1694333,1694333,2025-09-04T23:29:43.371555
TN12AU6687,353201357706339,14.0,20.0,77.0,03/09/2025 16:18:51,13.0887683,80.1693183,1693183,2025-09-04T23:29:43.371720
TN12AU6687,353201357706339,8.0,20.01,77.0,03/09/2025 16:18:46,13.0887583,80.16915,16915,2025-09-04T23:29:43.371881
TN12AU6687,353201357706339,0.0,20.01,77.0,03/09/2025 16:18:41,13.0887616,80.1690316,1690316,2025-09-04T23:29:43.372044
TN12AU6687,353201357706339,0.0,20.01,77.0,03/09/2025 16:18:36,13.0887616,80.1690316,1690316,2025-09-04T23:29:43.372226
TN12AU6687,353201357706339,0.0,20.01,77.0,03/09/2025 16:18:31,13.0887616,80.1690316,1690316,2025-09-04T23:29:43.372395
TN12AU6687,353201357706339,0.0,20.01,77.0,03/09/2025 16:18:26,13.0887616,80.1690316,1690316,2025-09-04T23:29:43.372580
TN12AU6687,353201357706339,0.0,20.01,77.0,03/09/2025 16:18:21,13.0887616,80.1690316,1690316,2025-09-04T23:29:43.372765
TN12AU6687,353201357706339,0.0,20.01,77.0,03/09/2025 16:18:16,13.0887616,80.1690316,1690316,2025-09-04T23:29:43.372983
TN12AU6687,353201357706339,0.0,20.01,77.0,03/09/2025 16:18:11,13.0887616,80.1690316,1690316,2025-09-04T23:29:43.373199
TN12AU6687,353201357706339,0.0,20.01,77.0,03/09/2025 16:18:06,13.0887616,80.1690316,1690316,2025-09-04T23:29:43.373372
TN12AU6687,353201357706339,0.0,20.01,76.0,03/09/2025 16:18:01,13.0887616,80.1690316,1690316,2025-09-04T23:29:43.373560
TN12AU6687,353201357706339,0.0,20.01,76.0,03/09/2025 16:17:56,13.0887616,80.1690316,1690316,2025-09-04T23:29:43.373790
TN12AU6687,353201357706339,0.0,20.01,76.0,03/09/2025 16:17:51,13.0887616,80.1690316,1690316,2025-09-04T23:29:43.374003
TN12AU6687,353201357706339,0.0,20.01,76.0,03/09/2025 16:17:46,13.0887616,80.1690316,1690316,2025-09-04T23:29:43.374164
TN12AU6687,353201357706339,0.0,20.01,76.0,03/09/2025 16:17:41,13.0887616,80.1690316,1690316,2025-09-04T23:29:43.374317
TN12AU6687,353201357706339,0.0,20.01,76.0,03/09/2025 16:17:36,13.0887616,80.1690316,1690316,2025-09-04T23:29:43.374471
TN12AU6687,353201357706339,0.0,20.01,76.0,03/09/2025 16:17:31,13.0887616,80.1690316,1690316,2025-09-04T23:29:43.374660
TN12AU6687,353201357706339,0.0,20.01,77.0,03/09/2025 16:17:26,13.0887616,80.1690316,1690316,2025-09-04T23:29:43.374850
TN12AU6687,353201357706339,0.0,20.01,77.0,03/09/2025 16:17:21,13.0887616,80.1690316,1690316,2025-09-04T23:29:43.375026
TN12AU6687,353201357706339,0.0,20.01,77.0,03/09/2025 16:17:16,13.0887616,80.1690316,1690316,2025-09-04T23:29:43.375233
TN12AU6687,353201357706339,0.0,20.01,77.0,03/09/2025 16:17:11,13.0887616,80.1690316,1690316,2025-09-04T23:29:43.375410
TN12AU6687,353201357706339,0.0,20.01,77.0,03/09/2025 16:17:06,13.0887616,80.1690316,1690316,2025-09-04T23:29:43.375586
TN12AU6687,353201357706339,0.0,20.01,77.0,03/09/2025 16:17:01,13.0887616,80.1690316,1690316,2025-09-04T23:29:43.375750
TN12AU6687,353201357706339,0.0,20.01,77.0,03/09/2025 16:16:56,13.0887616,80.1690316,1690316,2025-09-04T23:29:43.375911
TN12AU6687,353201357706339,0.0,20.01,77.0,03/09/2025 16:16:51,13.0887616,80.1690316,1690316,2025-09-04T23:29:43.376070
TN12AU6687,353201357706339,4.0,20.02,77.0,03/09/2025 16:16:46,13.0887633,80.1689949,1689949,2025-09-04T23:29:43.376233
TN12AU6687,353201357706339,13.0,20.04,77.0,03/09/2025 16:16:41,13.0887633,80.16888,16888,2025-09-04T23:29:43.376388
TN12AU6687,353201357706339,10.0,20.06,77.0,03/09/2025 16:16:36,13.0887783,80.1687099,1687099,2025-09-04T23:29:43.376531
TN12AU6687,353201357706339,9.0,20.07,79.0,03/09/2025 16:16:31,13.0887966,80.1685566,1685566,2025-09-04T23:29:43.376712
TN12AU6687,353201357706339,14.0,20.09,79.0,03/09/2025 16:16:26,13.08881,80.1684116,1684116,2025-09-04T23:29:43.376879
TN12AU6687,353201357706339,10.0,20.11,79.0,03/09/2025 16:16:21,13.0888199,80.1682333,1682333,2025-09-04T23:29:43.377045
TN12AU6687,353201357706339,4.0,20.11,79.0,03/09/2025 16:16:16,13.0888183,80.1681066,1681066,2025-09-04T23:29:43.377217
TN12AU6687,353201357706339,0.0,20.11,79.0,03/09/2025 16:16:11,13.0888183,80.1681066,1681066,2025-09-04T23:29:43.377358
TN12AU6687,353201357706339,0.0,20.11,79.0,03/09/2025 16:16:06,13.0888183,80.1681066,1681066,2025-09-04T23:29:43.377539
TN12AU6687,353201357706339,0.0,20.11,79.0,03/09/2025 16:16:01,13.0888183,80.1681066,1681066,2025-09-04T23:29:43.377742
TN12AU6687,353201357706339,0.0,20.11,79.0,03/09/2025 16:15:56,13.0888183,80.1681066,1681066,2025-09-04T23:29:43.377930
TN12AU6687,353201357706339,0.0,20.11,79.0,03/09/2025 16:15:51,13.0888183,80.1681066,1681066,2025-09-04T23:29:43.378123
TN12AU6687,353201357706339,4.0,20.11,79.0,03/09/2025 16:15:46,13.0888166,80.1680949,1680949,2025-09-04T23:29:43.378326
TN12AU6687,353201357706339,15.0,20.14,79.0,03/09/2025 16:15:43,13.0888133,80.168015,168015,2025-09-04T23:29:43.378501
TN12AU6687,353201357706339,20.0,20.17,79.0,03/09/2025 16:15:38,13.08883,80.1677783,1677783,2025-09-04T23:29:43.378653
TN12AU6687,353201357706339,27.0,20.21,79.0,03/09/2025 16:15:33,13.0888366,80.1675016,1675016,2025-09-04T23:29:43.378835
TN12AU6687,353201357706339,22.0,20.23,79.0,03/09/2025 16:15:28,13.0888483,80.1671766,1671766,2025-09-04T23:29:43.379078
TN12AU6687,353201357706339,32.0,20.28,79.0,03/09/2025 16:15:25,13.0888616,80.16698,16698,2025-09-04T23:29:43.379373
TN12AU6687,353201357706339,34.0,20.33,79.0,03/09/2025 16:15:20,13.088885,80.1665366,1665366,2025-09-04T23:29:43.379593
TN12AU6687,353201357706339,41.0,20.38,79.0,03/09/2025 16:15:15,13.088915,80.166045,166045,2025-09-04T23:29:43.379816
TN12AU6687,353201357706339,33.0,20.42,79.0,03/09/2025 16:15:10,13.0889383,80.16555,16555,2025-09-04T23:29:43.380023
TN12AU6687,353201357706339,23.0,20.45,79.0,03/09/2025 16:15:05,13.0889433,80.1651833,1651833,2025-09-04T23:29:43.380259
TN12AU6687,353201357706339,19.0,20.48,79.0,03/09/2025 16:15:00,13.0889583,80.1649266,1649266,2025-09-04T23:29:43.380495
TN12AU6687,353201357706339,23.0,20.51,78.0,03/09/2025 16:14:55,13.08899,80.1646633,1646633,2025-09-04T23:29:43.380708
TN12AU6687,353201357706339,30.0,20.56,78.0,03/09/2025 16:14:50,13.0890149,80.164335,164335,2025-09-04T23:29:43.380939
TN12AU6687,353201357706339,37.0,20.62,78.0,03/09/2025 16:14:45,13.08905,80.163905,163905,2025-09-04T23:29:43.381135
TN12AU6687,353201357706339,37.0,20.67,78.0,03/09/2025 16:14:40,13.0890716,80.1634016,1634016,2025-09-04T23:29:43.381312
TN12AU6687,353201357706339,35.0,20.71,78.0,03/09/2025 16:14:35,13.089095,80.1629283,1629283,2025-09-04T23:29:43.381461
TN12AU6687,353201357706339,31.0,20.75,78.0,03/09/2025 16:14:30,13.0891166,80.1624983,1624983,2025-09-04T23:29:43.381597
TN12AU6687,353201357706339,29.0,20.79,78.0,03/09/2025 16:14:25,13.08913,80.162115,162115,2025-09-04T23:29:43.381752
TN12AU6687,353201357706339,22.0,20.82,78.0,03/09/2025 16:14:20,13.089145,80.1617416,1617416,2025-09-04T23:29:43.381924
TN12AU6687,353201357706339,9.0,20.83,78.0,03/09/2025 16:14:15,13.0891433,80.1615466,1615466,2025-09-04T23:29:43.382059
TN12AU6687,353201357706339,9.0,20.83,78.0,03/09/2025 16:14:11,13.0891366,80.16144,16144,2025-09-04T23:29:43.382196
TN12AU6687,353201357706339,9.0,20.83,78.0,03/09/2025 16:14:10,13.0891366,80.1614166,1614166,2025-09-04T23:29:43.382339
TN12AU6687,353201357706339,11.0,20.84,78.0,03/09/2025 16:14:08,13.089125,80.1613749,1613749,2025-09-04T23:29:43.382508
TN12AU6687,353201357706339,12.0,20.84,78.0,03/09/2025 16:14:07,13.0891083,80.1613483,1613483,2025-09-04T23:29:43.382706
TN12AU6687,353201357706339,13.0,20.85,78.0,03/09/2025 16:14:06,13.0890816,80.1613216,1613216,2025-09-04T23:29:43.382905
TN12AU6687,353201357706339,13.0,20.86,78.0,03/09/2025 16:14:04,13.0890133,80.161295,161295,2025-09-04T23:29:43.383070
TN12AU6687,353201357706339,12.0,20.87,78.0,03/09/2025 16:14:00,13.0888899,80.1612799,1612799,2025-09-04T23:29:43.383217
TN12AU6687,353201357706339,11.0,20.88,78.0,03/09/2025 16:13:58,13.0888333,80.1612783,1612783,2025-09-04T23:29:43.383358
TN12AU6687,353201357706339,21.0,20.92,78.0,03/09/2025 16:13:55,13.0887266,80.1612733,1612733,2025-09-04T23:29:43.383553
TN12AU6687,353201357706339,35.0,20.97,78.0,03/09/2025 16:13:51,13.088385,80.161265,161265,2025-09-04T23:29:43.383727
TN12AU6687,353201357706339,27.0,20.98,78.0,03/09/2025 16:13:46,13.0879516,80.1612233,1612233,2025-09-04T23:29:43.383905
TN12AU6687,353201357706339,26.0,21.0,78.0,03/09/2025 16:13:45,13.08788,80.161215,161215,2025-09-04T23:29:43.384042
TN12AU6687,353201357706339,21.0,21.01,78.0,03/09/2025 16:13:42,13.0877166,80.16112,16112,2025-09-04T23:29:43.384184
TN12AU6687,353201357706339,21.0,21.02,78.0,03/09/2025 16:13:40,13.0876249,80.16107,16107,2025-09-04T23:29:43.384351
TN12AU6687,353201357706339,25.0,21.06,78.0,03/09/2025 16:13:39,13.0875683,80.16106,16106,2025-09-04T23:29:43.384488
TN12AU6687,353201357706339,34.0,21.11,78.0,03/09/2025 16:13:34,13.0871899,80.1610983,1610983,2025-09-04T23:29:43.384666
TN12AU6687,353201357706339,34.0,21.16,76.0,03/09/2025 16:13:29,13.0867566,80.1611516,1611516,2025-09-04T23:29:43.384834
TN12AU6687,353201357706339,34.0,21.2,76.0,03/09/2025 16:13:24,13.08632,80.1612266,1612266,2025-09-04T23:29:43.384984
TN12AU6687,353201357706339,32.0,21.25,76.0,03/09/2025 16:13:19,13.0858966,80.161285,161285,2025-09-04T23:29:43.385135
TN12AU6687,353201357706339,30.0,21.29,76.0,03/09/2025 16:13:14,13.0855016,80.1613433,1613433,2025-09-04T23:29:43.385302
TN12AU6687,353201357706339,29.0,21.33,76.0,03/09/2025 16:13:09,13.0851216,80.1613816,1613816,2025-09-04T23:29:43.385477
TN12AU6687,353201357706339,26.0,21.36,76.0,03/09/2025 16:13:04,13.08476,80.1613783,1613783,2025-09-04T23:29:43.385649
TN12AU6687,353201357706339,21.0,21.39,76.0,03/09/2025 16:12:59,13.0844616,80.16136,16136,2025-09-04T23:29:43.385865
TN12AU6687,353201357706339,18.0,21.41,76.0,03/09/2025 16:12:55,13.084255,80.1613749,1613749,2025-09-04T23:29:43.386049
TN12AU6687,353201357706339,11.0,21.42,76.0,03/09/2025 16:12:50,13.084055,80.1614316,1614316,2025-09-04T23:29:43.386201
TN12AU6687,353201357706339,11.0,21.43,76.0,03/09/2025 16:12:45,13.0839716,80.1614499,1614499,2025-09-04T23:29:43.386360
TN12AU6687,353201357706339,24.0,21.48,76.0,03/09/2025 16:12:42,13.0838383,80.1614716,1614716,2025-09-04T23:29:43.386505
TN12AU6687,353201357706339,36.0,21.52,76.0,03/09/2025 16:12:37,13.0834433,80.161465,161465,2025-09-04T23:29:43.386645
TN12AU6687,353201357706339,47.0,21.57,75.0,03/09/2025 16:12:33,13.0830383,80.161465,161465,2025-09-04T23:29:43.386772
TN12AU6687,353201357706339,58.0,21.65,75.0,03/09/2025 16:12:30,13.0826466,80.161445,161445,2025-09-04T23:29:43.386921
TN12AU6687,353201357706339,57.0,21.72,75.0,03/09/2025 16:12:25,13.0819166,80.1613966,1613966,2025-09-04T23:29:43.387054
TN12AU6687,353201357706339,52.0,21.8,75.0,03/09/2025 16:12:20,13.0812333,80.1613516,1613516,2025-09-04T23:29:43.387193
TN12AU6687,353201357706339,50.0,21.87,75.0,03/09/2025 16:12:15,13.080575,80.1613233,1613233,2025-09-04T23:29:43.387327
TN12AU6687,353201357706339,51.0,21.94,75.0,03/09/2025 16:12:10,13.0799566,80.1612866,1612866,2025-09-04T23:29:43.387462
TN12AU6687,353201357706339,52.0,22.03,75.0,03/09/2025 16:12:05,13.0793199,80.1612466,1612466,2025-09-04T23:29:43.387699
TN12AU6687,353201357706339,57.0,22.1,75.0,03/09/2025 16:12:00,13.0784899,80.1612033,1612033,2025-09-04T23:29:43.387880
TN12AU6687,353201357706339,58.0,22.18,75.0,03/09/2025 16:11:55,13.0778966,80.1611833,1611833,2025-09-04T23:29:43.388081
TN12AU6687,353201357706339,56.0,22.25,75.0,03/09/2025 16:11:50,13.0771716,80.1611633,1611633,2025-09-04T23:29:43.388269
TN12AU6687,353201357706339,55.0,22.33,75.0,03/09/2025 16:11:45,13.0764649,80.1611383,1611383,2025-09-04T23:29:43.388438
TN12AU6687,353201357706339,54.0,22.41,75.0,03/09/2025 16:11:40,13.0757783,80.161135,161135,2025-09-04T23:29:43.388635
TN12AU6687,353201357706339,56.0,22.49,75.0,03/09/2025 16:11:35,13.0750766,80.1611116,1611116,2025-09-04T23:29:43.388822
TN12AU6687,353201357706339,55.0,22.56,75.0,03/09/2025 16:11:30,13.0743733,80.1610816,1610816,2025-09-04T23:29:43.389001
TN12AU6687,353201357706339,56.0,22.64,75.0,03/09/2025 16:11:25,13.0736733,80.1610733,1610733,2025-09-04T23:29:43.389141
TN12AU6687,353201357706339,57.0,22.72,75.0,03/09/2025 16:11:20,13.0729633,80.1610566,1610566,2025-09-04T23:29:43.389286
TN12AU6687,353201357706339,57.0,22.8,75.0,03/09/2025 16:11:15,13.0722416,80.1610283,1610283,2025-09-04T23:29:43.389451
TN12AU6687,353201357706339,54.0,22.88,75.0,03/09/2025 16:11:10,13.0715433,80.160995,160995,2025-09-04T23:29:43.389591
TN12AU6687,353201357706339,52.0,22.95,75.0,03/09/2025 16:11:05,13.0708699,80.1609866,1609866,2025-09-04T23:29:43.389737
TN12AU6687,353201357706339,52.0,23.02,77.0,03/09/2025 16:11:00,13.0702349,80.1609616,1609616,2025-09-04T23:29:43.389907
TN12AU6687,353201357706339,54.0,23.1,77.0,03/09/2025 16:10:55,13.0695783,80.1609833,1609833,2025-09-04T23:29:43.390044
TN12AU6687,353201357706339,56.0,23.19,77.0,03/09/2025 16:10:50,13.0688749,80.16098,16098,2025-09-04T23:29:43.390191
TN12AU6687,353201357706339,55.0,23.25,77.0,03/09/2025 16:10:45,13.0680116,80.1609733,1609733,2025-09-04T23:29:43.390341
TN12AU6687,353201357706339,52.0,23.35,77.0,03/09/2025 16:10:40,13.067475,80.160965,160965,2025-09-04T23:29:43.390493
TN12AU6687,353201357706339,55.0,23.41,77.0,03/09/2025 16:10:35,13.0666383,80.160995,160995,2025-09-04T23:29:43.390652
TN12AU6687,353201357706339,55.0,23.48,77.0,03/09/2025 16:10:30,13.0660783,80.1610016,1610016,2025-09-04T23:29:43.390832
TN12AU6687,353201357706339,52.0,23.57,79.0,03/09/2025 16:10:25,13.0653999,80.1610116,1610116,2025-09-04T23:29:43.391029
TN12AU6687,353201357706339,48.0,23.62,79.0,03/09/2025 16:10:20,13.0646333,80.1610183,1610183,2025-09-04T23:29:43.391196
TN12AU6687,353201357706339,44.0,23.68,79.0,03/09/2025 16:10:15,13.0641583,80.1610133,1610133,2025-09-04T23:29:43.391364
TN12AU6687,353201357706339,40.0,23.73,79.0,03/09/2025 16:10:10,13.0636266,80.1610199,1610199,2025-09-04T23:29:43.391533
TN12AU6687,353201357706339,30.0,23.77,79.0,03/09/2025 16:10:05,13.0631499,80.1610299,1610299,2025-09-04T23:29:43.391706
TN12AU6687,353201357706339,19.0,23.78,79.0,03/09/2025 16:10:00,13.062845,80.1610166,1610166,2025-09-04T23:29:43.391879
TN12AU6687,353201357706339,16.0,23.79,79.0,03/09/2025 16:09:58,13.0627583,80.1610016,1610016,2025-09-04T23:29:43.392516
TN12AU6687,353201357706339,16.0,23.8,79.0,03/09/2025 16:09:56,13.062685,80.1609749,1609749,2025-09-04T23:29:43.392787
TN12AU6687,353201357706339,20.0,23.81,79.0,03/09/2025 16:09:54,13.06261,80.1609249,1609249,2025-09-04T23:29:43.393048
TN12AU6687,353201357706339,20.0,23.82,79.0,03/09/2025 16:09:52,13.0625416,80.1608516,1608516,2025-09-04T23:29:43.393299
TN12AU6687,353201357706339,21.0,23.85,79.0,03/09/2025 16:09:50,13.0624983,80.160755,160755,2025-09-04T23:29:43.393534
TN12AU6687,353201357706339,25.0,23.87,79.0,03/09/2025 16:09:45,13.0624749,80.1604616,1604616,2025-09-04T23:29:43.393775
TN12AU6687,353201357706339,27.0,23.88,79.0,03/09/2025 16:09:43,13.0624533,80.1603316,1603316,2025-09-04T23:29:43.394039
TN12AU6687,353201357706339,27.0,23.9,79.0,03/09/2025 16:09:41,13.0623966,80.1602049,1602049,2025-09-04T23:29:43.394266
TN12AU6687,353201357706339,27.0,23.91,79.0,03/09/2025 16:09:39,13.0623133,80.1600916,1600916,2025-09-04T23:29:43.394460
TN12AU6687,353201357706339,26.0,23.94,79.0,03/09/2025 16:09:37,13.0622049,80.1600083,1600083,2025-09-04T23:29:43.394677
TN12AU6687,353201357706339,24.0,23.95,79.0,03/09/2025 16:09:33,13.061965,80.1599283,1599283,2025-09-04T23:29:43.394887
TN12AU6687,353201357706339,23.0,23.97,79.0,03/09/2025 16:09:31,13.0618416,80.1598966,1598966,2025-09-04T23:29:43.395069
TN12AU6687,353201357706339,27.0,23.98,79.0,03/09/2025 16:09:28,13.06168,80.1597966,1597966,2025-09-04T23:29:43.395263
TN12AU6687,353201357706339,27.0,23.99,79.0,03/09/2025 16:09:27,13.0616299,80.159745,159745,2025-09-04T23:29:43.395442
TN12AU6687,353201357706339,27.0,24.01,79.0,03/09/2025 16:09:26,13.0615949,80.1596833,1596833,2025-09-04T23:29:43.395618
TN12AU6687,353201357706339,28.0,24.04,79.0,03/09/2025 16:09:24,13.06157,80.15954,15954,2025-09-04T23:29:43.395791
TN12AU6687,353201357706339,29.0,24.09,79.0,03/09/2025 16:09:20,13.0615999,80.1591766,1591766,2025-09-04T23:29:43.395956
TN12AU6687,353201357706339,38.0,24.14,79.0,03/09/2025 16:09:15,13.0616916,80.1587483,1587483,2025-09-04T23:29:43.396129
TN12AU6687,353201357706339,36.0,24.18,79.0,03/09/2025 16:09:10,13.0617416,80.1583549,1583549,2025-09-04T23:29:43.396297
TN12AU6687,353201357706339,30.0,24.21,79.0,03/09/2025 16:09:05,13.0617516,80.1579416,1579416,2025-09-04T23:29:43.396459
TN12AU6687,353201357706339,24.0,24.24,79.0,03/09/2025 16:09:01,13.06171,80.1576583,1576583,2025-09-04T23:29:43.396626
TN12AU6687,353201357706339,23.0,24.26,79.0,03/09/2025 16:08:56,13.0616299,80.1573983,1573983,2025-09-04T23:29:43.396783
TN12AU6687,353201357706339,33.0,24.31,79.0,03/09/2025 16:08:54,13.0615833,80.1572716,1572716,2025-09-04T23:29:43.396958
TN12AU6687,353201357706339,38.0,24.36,79.0,03/09/2025 16:08:49,13.0613716,80.1568466,1568466,2025-09-04T23:29:43.397126
TN12AU6687,353201357706339,28.0,24.39,79.0,03/09/2025 16:08:44,13.0611599,80.156455,156455,2025-09-04T23:29:43.397293
TN12AU6687,353201357706339,20.0,24.41,79.0,03/09/2025 16:08:39,13.0610116,80.1561849,1561849,2025-09-04T23:29:43.397457
TN12AU6687,353201357706339,16.0,24.44,79.0,03/09/2025 16:08:34,13.0608899,80.1559899,1559899,2025-09-04T23:29:43.397664
TN12AU6687,353201357706339,19.0,24.47,78.0,03/09/2025 16:08:29,13.0607999,80.1558016,1558016,2025-09-04T23:29:43.397849
TN12AU6687,353201357706339,29.0,24.51,78.0,03/09/2025 16:08:24,13.0607116,80.1554833,1554833,2025-09-04T23:29:43.398041
TN12AU6687,353201357706339,28.0,24.54,78.0,03/09/2025 16:08:19,13.0606683,80.1550999,1550999,2025-09-04T23:29:43.398253
TN12AU6687,353201357706339,18.0,24.56,78.0,03/09/2025 16:08:15,13.0606633,80.1548583,1548583,2025-09-04T23:29:43.398430
TN12AU6687,353201357706339,13.0,24.57,78.0,03/09/2025 16:08:10,13.0606916,80.1546416,1546416,2025-09-04T23:29:43.398595
TN12AU6687,353201357706339,0.0,24.57,78.0,03/09/2025 16:08:05,13.0607166,80.15456,15456,2025-09-04T23:29:43.398793
TN12AU6687,353201357706339,0.0,24.57,78.0,03/09/2025 16:08:00,13.0607249,80.154515,154515,2025-09-04T23:29:43.398977
TN12AU6687,353201357706339,0.0,24.57,78.0,03/09/2025 16:07:55,13.0607316,80.1544733,1544733,2025-09-04T23:29:43.399186
TN12AU6687,353201357706339,0.0,24.57,78.0,03/09/2025 16:07:50,13.0607399,80.1544183,1544183,2025-09-04T23:29:43.399398
TN12AU6687,353201357706339,5.0,24.59,78.0,03/09/2025 16:07:45,13.06075,80.154355,154355,2025-09-04T23:29:43.399564
TN12AU6687,353201357706339,12.0,24.61,78.0,03/09/2025 16:07:40,13.0607533,80.1542533,1542533,2025-09-04T23:29:43.399738
TN12AU6687,353201357706339,19.0,24.63,78.0,03/09/2025 16:07:35,13.0607516,80.1540599,1540599,2025-09-04T23:29:43.399897
TN12AU6687,353201357706339,29.0,24.67,78.0,03/09/2025 16:07:32,13.0607733,80.1538766,1538766,2025-09-04T23:29:43.400066
TN12AU6687,353201357706339,28.0,24.7,78.0,03/09/2025 16:07:27,13.0608449,80.1535016,1535016,2025-09-04T23:29:43.400229
TN12AU6687,353201357706339,18.0,24.73,78.0,03/09/2025 16:07:22,13.0609033,80.1532083,1532083,2025-09-04T23:29:43.400390
TN12AU6687,353201357706339,17.0,24.75,78.0,03/09/2025 16:07:17,13.0609583,80.152965,152965,2025-09-04T23:29:43.400539
TN12AU6687,353201357706339,12.0,24.77,78.0,03/09/2025 16:07:12,13.0610033,80.1527966,1527966,2025-09-04T23:29:43.400704
TN12AU6687,353201357706339,14.0,24.79,78.0,03/09/2025 16:07:07,13.0610816,80.15261,15261,2025-09-04T23:29:43.400921
TN12AU6687,353201357706339,18.0,24.81,78.0,03/09/2025 16:07:02,13.0611566,80.1524266,1524266,2025-09-04T23:29:43.401118
TN12AU6687,353201357706339,21.0,24.85,78.0,03/09/2025 16:06:57,13.0612366,80.152225,152225,2025-09-04T23:29:43.401276
TN12AU6687,353201357706339,16.0,24.86,78.0,03/09/2025 16:06:52,13.0613783,80.1519333,1519333,2025-09-04T23:29:43.401445
TN12AU6687,353201357706339,14.0,24.88,78.0,03/09/2025 16:06:47,13.0614433,80.1518066,1518066,2025-09-04T23:29:43.401611
TN12AU6687,353201357706339,10.0,24.89,78.0,03/09/2025 16:06:42,13.0615083,80.1516616,1516616,2025-09-04T23:29:43.401779
TN12AU6687,353201357706339,0.0,24.89,78.0,03/09/2025 16:06:37,13.061545,80.1515766,1515766,2025-09-04T23:29:43.401957
TN12AU6687,353201357706339,5.0,24.91,78.0,03/09/2025 16:06:32,13.0615849,80.1515183,1515183,2025-09-04T23:29:43.402109
TN12AU6687,353201357706339,10.0,24.93,79.0,03/09/2025 16:06:27,13.0616383,80.1513816,1513816,2025-09-04T23:29:43.402256
TN12AU6687,353201357706339,21.0,24.96,79.0,03/09/2025 16:06:23,13.06172,80.1512349,1512349,2025-09-04T23:29:43.402409
TN12AU6687,353201357706339,22.0,24.99,79.0,03/09/2025 16:06:18,13.0618583,80.1509799,1509799,2025-09-04T23:29:43.402597
TN12AU6687,353201357706339,21.0,25.02,79.0,03/09/2025 16:06:13,13.0619933,80.150675,150675,2025-09-04T23:29:43.402800
TN12AU6687,353201357706339,28.0,25.06,79.0,03/09/2025 16:06:08,13.0620916,80.1504616,1504616,2025-09-04T23:29:43.402977
TN12AU6687,353201357706339,36.0,25.11,79.0,03/09/2025 16:06:04,13.062095,80.1501316,1501316,2025-09-04T23:29:43.403181
TN12AU6687,353201357706339,44.0,25.18,79.0,03/09/2025 16:05:59,13.0621066,80.1496266,1496266,2025-09-04T23:29:43.403376
TN12AU6687,353201357706339,41.0,25.24,79.0,03/09/2025 16:05:54,13.0620516,80.148945,148945,2025-09-04T23:29:43.403583
TN12AU6687,353201357706339,32.0,25.28,79.0,03/09/2025 16:05:49,13.0620649,80.1484616,1484616,2025-09-04T23:29:43.403825
TN12AU6687,353201357706339,29.0,25.31,79.0,03/09/2025 16:05:44,13.0620766,80.1480733,1480733,2025-09-04T23:29:43.404010
TN12AU6687,353201357706339,36.0,25.37,79.0,03/09/2025 16:05:39,13.0620866,80.1477516,1477516,2025-09-04T23:29:43.404186
TN12AU6687,353201357706339,41.0,25.43,79.0,03/09/2025 16:05:34,13.0620483,80.1472583,1472583,2025-09-04T23:29:43.404378
TN12AU6687,353201357706339,47.0,25.5,79.0,03/09/2025 16:05:29,13.062,80.1466816,1466816,2025-09-04T23:29:43.404580
TN12AU6687,353201357706339,43.0,25.55,79.0,03/09/2025 16:05:24,13.0619183,80.145995,145995,2025-09-04T23:29:43.404764
TN12AU6687,353201357706339,39.0,25.61,79.0,03/09/2025 16:05:19,13.06187,80.1455516,1455516,2025-09-04T23:29:43.404930
TN12AU6687,353201357706339,33.0,25.65,79.0,03/09/2025 16:05:14,13.061815,80.1449849,1449849,2025-09-04T23:29:43.405108
TN12AU6687,353201357706339,34.0,25.71,79.0,03/09/2025 16:05:09,13.061785,80.1446433,1446433,2025-09-04T23:29:43.405312
TN12AU6687,353201357706339,33.0,25.75,79.0,03/09/2025 16:05:04,13.0617133,80.144105,144105,2025-09-04T23:29:43.405504
TN12AU6687,353201357706339,30.0,25.77,77.0,03/09/2025 16:04:59,13.06167,80.1437699,1437699,2025-09-04T23:29:43.405776
TN12AU6687,353201357706339,20.0,25.79,77.0,03/09/2025 16:04:56,13.0616566,80.143575,143575,2025-09-04T23:29:43.406077
TN12AU6687,353201357706339,13.0,25.82,77.0,03/09/2025 16:04:51,13.0616416,80.143375,143375,2025-09-04T23:29:43.406531
TN12AU6687,353201357706339,22.0,25.85,77.0,03/09/2025 16:04:46,13.0616283,80.1431366,1431366,2025-09-04T23:29:43.406787
TN12AU6687,353201357706339,33.0,25.91,77.0,03/09/2025 16:04:41,13.0616133,80.1427783,1427783,2025-09-04T23:29:43.407004
TN12AU6687,353201357706339,35.0,25.96,77.0,03/09/2025 16:04:36,13.0615683,80.1422933,1422933,2025-09-04T23:29:43.407230
TN12AU6687,353201357706339,30.0,25.99,77.0,03/09/2025 16:04:31,13.0615366,80.1417933,1417933,2025-09-04T23:29:43.407437
TN12AU6687,353201357706339,34.0,26.04,77.0,03/09/2025 16:04:26,13.0615116,80.1414866,1414866,2025-09-04T23:29:43.407660
TN12AU6687,353201357706339,36.0,26.1,77.0,03/09/2025 16:04:21,13.0614583,80.14104,14104,2025-09-04T23:29:43.407929
TN12AU6687,353201357706339,39.0,26.16,77.0,03/09/2025 16:04:16,13.06143,80.1405516,1405516,2025-09-04T23:29:43.408157
TN12AU6687,353201357706339,35.0,26.21,77.0,03/09/2025 16:04:11,13.0613899,80.1399516,1399516,2025-09-04T23:29:43.408474
TN12AU6687,353201357706339,30.0,26.24,77.0,03/09/2025 16:04:06,13.0613666,80.1395199,1395199,2025-09-04T23:29:43.408767
TN12AU6687,353201357706339,27.0,26.28,77.0,03/09/2025 16:04:01,13.0613466,80.1392149,1392149,2025-09-04T23:29:43.408987
TN12AU6687,353201357706339,21.0,26.31,77.0,03/09/2025 16:03:56,13.0613216,80.1388783,1388783,2025-09-04T23:29:43.409204
TN12AU6687,353201357706339,14.0,26.32,77.0,03/09/2025 16:03:51,13.0613266,80.1386216,1386216,2025-09-04T23:29:43.409399
TN12AU6687,353201357706339,11.0,26.33,77.0,03/09/2025 16:03:46,13.061335,80.1384816,1384816,2025-09-04T23:29:43.409604
TN12AU6687,353201357706339,7.0,26.34,77.0,03/09/2025 16:03:41,13.0613583,80.13836,13836,2025-09-04T23:29:43.409806
TN12AU6687,353201357706339,0.0,26.34,77.0,03/09/2025 16:03:38,13.061365,80.1383166,1383166,2025-09-04T23:29:43.410017
TN12AU6687,353201357706339,0.0,26.34,77.0,03/09/2025 16:03:33,13.061365,80.1383166,1383166,2025-09-04T23:29:43.410220
TN12AU6687,353201357706339,0.0,26.34,79.0,03/09/2025 16:03:28,13.061365,80.1383166,1383166,2025-09-04T23:29:43.410421
TN12AU6687,353201357706339,0.0,26.34,79.0,03/09/2025 16:03:23,13.061365,80.1383166,1383166,2025-09-04T23:29:43.410631
TN12AU6687,353201357706339,0.0,26.34,79.0,03/09/2025 16:03:18,13.061365,80.1383166,1383166,2025-09-04T23:29:43.410846
TN12AU6687,353201357706339,0.0,26.34,79.0,03/09/2025 16:03:13,13.061365,80.1383166,1383166,2025-09-04T23:29:43.411037
TN12AU6687,353201357706339,0.0,26.34,79.0,03/09/2025 16:03:08,13.061365,80.1383166,1383166,2025-09-04T23:29:43.411233
TN12AU6687,353201357706339,0.0,26.34,79.0,03/09/2025 16:03:03,13.061365,80.1383166,1383166,2025-09-04T23:29:43.411428
TN12AU6687,353201357706339,0.0,26.34,79.0,03/09/2025 16:02:58,13.061365,80.1383166,1383166,2025-09-04T23:29:43.411638
TN12AU6687,353201357706339,0.0,26.34,80.0,03/09/2025 16:02:53,13.061365,80.1383166,1383166,2025-09-04T23:29:43.411834
TN12AU6687,353201357706339,0.0,26.34,80.0,03/09/2025 16:02:48,13.061365,80.1383166,1383166,2025-09-04T23:29:43.412011
TN12AU6687,353201357706339,0.0,26.34,80.0,03/09/2025 16:02:43,13.061365,80.1383166,1383166,2025-09-04T23:29:43.412191
TN12AU6687,353201357706339,3.0,26.34,80.0,03/09/2025 16:02:38,13.0613699,80.13829,13829,2025-09-04T23:29:43.412373
TN12AU6687,353201357706339,4.0,26.36,80.0,03/09/2025 16:02:33,13.0613699,80.1382483,1382483,2025-09-04T23:29:43.412582
TN12AU6687,353201357706339,11.0,26.38,80.0,03/09/2025 16:02:28,13.0613666,80.1381483,1381483,2025-09-04T23:29:43.412793
TN12AU6687,353201357706339,21.0,26.41,80.0,03/09/2025 16:02:23,13.061355,80.1379016,1379016,2025-09-04T23:29:43.413018
TN12AU6687,353201357706339,22.0,26.45,80.0,03/09/2025 16:02:18,13.0613483,80.1376216,1376216,2025-09-04T23:29:43.413228
TN12AU6687,353201357706339,25.0,26.48,80.0,03/09/2025 16:02:13,13.0613299,80.137285,137285,2025-09-04T23:29:43.413415
TN12AU6687,353201357706339,20.0,26.52,80.0,03/09/2025 16:02:08,13.0612933,80.1369583,1369583,2025-09-04T23:29:43.413632
TN12AU6687,353201357706339,30.0,26.55,80.0,03/09/2025 16:02:03,13.061245,80.13664,13664,2025-09-04T23:29:43.413849
TN12AU6687,353201357706339,32.0,26.6,80.0,03/09/2025 16:01:58,13.06119,80.1363233,1363233,2025-09-04T23:29:43.414062
TN12AU6687,353201357706339,27.0,26.63,80.0,03/09/2025 16:01:53,13.0610816,80.135865,135865,2025-09-04T23:29:43.414258
TN12AU6687,353201357706339,26.0,26.67,80.0,03/09/2025 16:01:48,13.0610016,80.13561,13561,2025-09-04T23:29:43.414444
TN12AU6687,353201357706339,24.0,26.7,80.0,03/09/2025 16:01:43,13.0608983,80.1352883,1352883,2025-09-04T23:29:43.414637
TN12AU6687,353201357706339,20.0,26.73,80.0,03/09/2025 16:01:38,13.0607949,80.13501,13501,2025-09-04T23:29:43.414833
TN12AU6687,353201357706339,16.0,26.75,80.0,03/09/2025 16:01:33,13.0606816,80.1348216,1348216,2025-09-04T23:29:43.415026
TN12AU6687,353201357706339,13.0,26.77,80.0,03/09/2025 16:01:28,13.06061,80.1346316,1346316,2025-09-04T23:29:43.415216
TN12AU6687,353201357706339,10.0,26.78,80.0,03/09/2025 16:01:23,13.0605583,80.134475,134475,2025-09-04T23:29:43.415405
TN12AU6687,353201357706339,6.0,26.79,80.0,03/09/2025 16:01:18,13.0605183,80.1343733,1343733,2025-09-04T23:29:43.415601
TN12AU6687,353201357706339,4.0,26.8,81.0,03/09/2025 16:01:13,13.0604933,80.1343033,1343033,2025-09-04T23:29:43.415783
TN12AU6687,353201357706339,0.0,26.8,81.0,03/09/2025 16:01:08,13.060445,80.1342083,1342083,2025-09-04T23:29:43.415967
TN12AU6687,353201357706339,0.0,26.8,81.0,03/09/2025 16:01:03,13.060445,80.1342083,1342083,2025-09-04T23:29:43.416171
TN12AU6687,353201357706339,0.0,26.8,81.0,03/09/2025 16:00:58,13.060445,80.1342083,1342083,2025-09-04T23:29:43.416365
TN12AU6687,353201357706339,0.0,26.8,81.0,03/09/2025 16:00:53,13.060445,80.1342083,1342083,2025-09-04T23:29:43.416591
TN12AU6687,353201357706339,0.0,26.8,81.0,03/09/2025 16:00:48,13.060445,80.1342083,1342083,2025-09-04T23:29:43.416800
TN12AU6687,353201357706339,0.0,26.8,81.0,03/09/2025 16:00:43,13.060445,80.1342083,1342083,2025-09-04T23:29:43.416983
TN12AU6687,353201357706339,0.0,26.8,81.0,03/09/2025 16:00:38,13.060445,80.1342083,1342083,2025-09-04T23:29:43.417173
TN12AU6687,353201357706339,0.0,26.8,81.0,03/09/2025 16:00:33,13.0604416,80.1342016,1342016,2025-09-04T23:29:43.417366
TN12AU6687,353201357706339,5.0,26.8,81.0,03/09/2025 16:00:28,13.0604233,80.1341533,1341533,2025-09-04T23:29:43.417640
TN12AU6687,353201357706339,0.0,26.8,81.0,03/09/2025 16:00:23,13.0604149,80.1341116,1341116,2025-09-04T23:29:43.417832
TN12AU6687,353201357706339,8.0,26.81,81.0,03/09/2025 16:00:18,13.0603966,80.1340583,1340583,2025-09-04T23:29:43.418036
TN12AU6687,353201357706339,7.0,26.82,81.0,03/09/2025 16:00:13,13.0603366,80.1339616,1339616,2025-09-04T23:29:43.418243
TN12AU6687,353201357706339,6.0,26.83,81.0,03/09/2025 16:00:08,13.060295,80.1338883,1338883,2025-09-04T23:29:43.418439
TN12AU6687,353201357706339,6.0,26.84,81.0,03/09/2025 16:00:03,13.06026,80.1338249,1338249,2025-09-04T23:29:43.418609
TN12AU6687,353201357706339,6.0,26.85,80.0,03/09/2025 15:59:58,13.0602183,80.1337299,1337299,2025-09-04T23:29:43.418773
TN12AU6687,353201357706339,5.0,26.86,80.0,03/09/2025 15:59:53,13.0601899,80.1336633,1336633,2025-09-04T23:29:43.418903
TN12AU6687,353201357706339,8.0,26.87,80.0,03/09/2025 15:59:48,13.0601516,80.133585,133585,2025-09-04T23:29:43.419212
TN12AU6687,353201357706339,0.0,26.87,80.0,03/09/2025 15:59:43,13.0601116,80.1334966,1334966,2025-09-04T23:29:43.419442
TN12AU6687,353201357706339,0.0,26.87,80.0,03/09/2025 15:59:38,13.0601116,80.1334966,1334966,2025-09-04T23:29:43.419693
TN12AU6687,353201357706339,0.0,26.87,80.0,03/09/2025 15:59:33,13.0600916,80.1334433,1334433,2025-09-04T23:29:43.419914
TN12AU6687,353201357706339,0.0,26.87,80.0,03/09/2025 15:59:28,13.0600883,80.1334383,1334383,2025-09-04T23:29:43.420242
TN12AU6687,353201357706339,6.0,26.88,80.0,03/09/2025 15:59:23,13.0600383,80.1333366,1333366,2025-09-04T23:29:43.420471
TN12AU6687,353201357706339,0.0,26.88,80.0,03/09/2025 15:59:18,13.0600266,80.1333016,1333016,2025-09-04T23:29:43.420723
TN12AU6687,353201357706339,0.0,26.88,80.0,03/09/2025 15:59:13,13.0600266,80.1333016,1333016,2025-09-04T23:29:43.420923
TN12AU6687,353201357706339,4.0,26.88,80.0,03/09/2025 15:59:08,13.060015,80.1332616,1332616,2025-09-04T23:29:43.421177
TN12AU6687,353201357706339,4.0,26.88,80.0,03/09/2025 15:59:03,13.0600066,80.1332383,1332383,2025-09-04T23:29:43.421366
TN12AU6687,353201357706339,6.0,26.89,80.0,03/09/2025 15:58:58,13.0599999,80.13319,13319,2025-09-04T23:29:43.421556
TN12AU6687,353201357706339,6.0,26.9,81.0,03/09/2025 15:58:53,13.0599783,80.1331116,1331116,2025-09-04T23:29:43.421763
TN12AU6687,353201357706339,5.0,26.91,81.0,03/09/2025 15:58:48,13.059935,80.1330316,1330316,2025-09-04T23:29:43.421943
TN12AU6687,353201357706339,6.0,26.92,81.0,03/09/2025 15:58:43,13.0599049,80.132975,132975,2025-09-04T23:29:43.422109
TN12AU6687,353201357706339,0.0,26.92,81.0,03/09/2025 15:58:38,13.05984,80.1328733,1328733,2025-09-04T23:29:43.422309
TN12AU6687,353201357706339,0.0,26.92,81.0,03/09/2025 15:58:33,13.05984,80.1328733,1328733,2025-09-04T23:29:43.422528
TN12AU6687,353201357706339,0.0,26.92,81.0,03/09/2025 15:58:28,13.05984,80.1328733,1328733,2025-09-04T23:29:43.422766
TN12AU6687,353201357706339,0.0,26.92,81.0,03/09/2025 15:58:23,13.05984,80.1328733,1328733,2025-09-04T23:29:43.422983
TN12AU6687,353201357706339,0.0,26.92,81.0,03/09/2025 15:58:18,13.05984,80.1328733,1328733,2025-09-04T23:29:43.423189
TN12AU6687,353201357706339,0.0,26.92,81.0,03/09/2025 15:58:13,13.05984,80.1328733,1328733,2025-09-04T23:29:43.423400
TN12AU6687,353201357706339,0.0,26.92,81.0,03/09/2025 15:58:08,13.05984,80.1328733,1328733,2025-09-04T23:29:43.423637
TN12AU6687,353201357706339,0.0,26.92,81.0,03/09/2025 15:58:03,13.05984,80.1328733,1328733,2025-09-04T23:29:43.423857
TN12AU6687,353201357706339,0.0,26.92,81.0,03/09/2025 15:57:58,13.05984,80.1328733,1328733,2025-09-04T23:29:43.424035
TN12AU6687,353201357706339,0.0,26.92,81.0,03/09/2025 15:57:53,13.05984,80.1328733,1328733,2025-09-04T23:29:43.424244
TN12AU6687,353201357706339,0.0,26.92,81.0,03/09/2025 15:57:48,13.05984,80.1328733,1328733,2025-09-04T23:29:43.424476
TN12AU6687,353201357706339,0.0,26.92,81.0,03/09/2025 15:57:43,13.05984,80.1328733,1328733,2025-09-04T23:29:43.424679
TN12AU6687,353201357706339,0.0,26.92,81.0,03/09/2025 15:57:38,13.05984,80.1328733,1328733,2025-09-04T23:29:43.424864
TN12AU6687,353201357706339,0.0,26.92,81.0,03/09/2025 15:57:33,13.05984,80.1328733,1328733,2025-09-04T23:29:43.425065
TN12AU6687,353201357706339,6.0,26.93,81.0,03/09/2025 15:57:28,13.059825,80.1328299,1328299,2025-09-04T23:29:43.425258
TN12AU6687,353201357706339,5.0,26.93,81.0,03/09/2025 15:57:25,13.0598099,80.1328033,1328033,2025-09-04T23:29:43.425454
TN12AU6687,353201357706339,0.0,26.93,81.0,03/09/2025 15:57:20,13.0597933,80.1327833,1327833,2025-09-04T23:29:43.425666
TN12AU6687,353201357706339,0.0,26.93,81.0,03/09/2025 15:57:15,13.0597933,80.1327833,1327833,2025-09-04T23:29:43.425870
TN12AU6687,353201357706339,8.0,26.94,81.0,03/09/2025 15:57:10,13.0597716,80.1327466,1327466,2025-09-04T23:29:43.426072
TN12AU6687,353201357706339,20.0,26.98,81.0,03/09/2025 15:57:06,13.059705,80.13262,13262,2025-09-04T23:29:43.426271
TN12AU6687,353201357706339,23.0,27.01,81.0,03/09/2025 15:57:01,13.0595783,80.13231,13231,2025-09-04T23:29:43.426479
TN12AU6687,353201357706339,20.0,27.03,81.0,03/09/2025 15:56:56,13.0594816,80.1320966,1320966,2025-09-04T23:29:43.426685
TN12AU6687,353201357706339,18.0,27.06,80.0,03/09/2025 15:56:51,13.0593983,80.1318966,1318966,2025-09-04T23:29:43.426896
TN12AU6687,353201357706339,28.0,27.09,80.0,03/09/2025 15:56:47,13.0593049,80.1316783,1316783,2025-09-04T23:29:43.427105
TN12AU6687,353201357706339,26.0,27.13,80.0,03/09/2025 15:56:42,13.05916,80.13135,13135,2025-09-04T23:29:43.427302
TN12AU6687,353201357706339,22.0,27.16,80.0,03/09/2025 15:56:37,13.05903,80.1310683,1310683,2025-09-04T23:29:43.427504
TN12AU6687,353201357706339,14.0,27.17,80.0,03/09/2025 15:56:32,13.0589266,80.13081,13081,2025-09-04T23:29:43.427713
TN12AU6687,353201357706339,15.0,27.2,80.0,03/09/2025 15:56:27,13.0588616,80.1306783,1306783,2025-09-04T23:29:43.427908
TN12AU6687,353201357706339,22.0,27.23,79.0,03/09/2025 15:56:22,13.0587766,80.1304833,1304833,2025-09-04T23:29:43.428126
TN12AU6687,353201357706339,15.0,27.24,79.0,03/09/2025 15:56:17,13.05867,80.1302466,1302466,2025-09-04T23:29:43.428331
TN12AU6687,353201357706339,7.0,27.25,79.0,03/09/2025 15:56:12,13.0586116,80.1301249,1301249,2025-09-04T23:29:43.428532
TN12AU6687,353201357706339,18.0,27.28,79.0,03/09/2025 15:56:09,13.0585816,80.13005,13005,2025-09-04T23:29:43.428749
TN12AU6687,353201357706339,25.0,27.33,79.0,03/09/2025 15:56:04,13.0584766,80.1298016,1298016,2025-09-04T23:29:43.428939
TN12AU6687,353201357706339,30.0,27.36,79.0,03/09/2025 15:55:59,13.05827,80.1293416,1293416,2025-09-04T23:29:43.429132
TN12AU6687,353201357706339,24.0,27.38,79.0,03/09/2025 15:55:54,13.0581483,80.12908,12908,2025-09-04T23:29:43.429312
TN12AU6687,353201357706339,14.0,27.4,77.0,03/09/2025 15:55:51,13.0580866,80.1289516,1289516,2025-09-04T23:29:43.429495
TN12AU6687,353201357706339,19.0,27.42,77.0,03/09/2025 15:55:46,13.058015,80.1287966,1287966,2025-09-04T23:29:43.429673
TN12AU6687,353201357706339,12.0,27.43,77.0,03/09/2025 15:55:41,13.0579416,80.1285933,1285933,2025-09-04T23:29:43.429849
TN12AU6687,353201357706339,11.0,27.43,77.0,03/09/2025 15:55:40,13.0579266,80.12857,12857,2025-09-04T23:29:43.430041
TN12AU6687,353201357706339,10.0,27.45,77.0,03/09/2025 15:55:37,13.0578766,80.1285133,1285133,2025-09-04T23:29:43.430223
TN12AU6687,353201357706339,11.0,27.47,77.0,03/09/2025 15:55:32,13.05778,80.1284283,1284283,2025-09-04T23:29:43.430422
TN12AU6687,353201357706339,23.0,27.5,77.0,03/09/2025 15:55:29,13.0576749,80.1282983,1282983,2025-09-04T23:29:43.430611
TN12AU6687,353201357706339,29.0,27.54,75.0,03/09/2025 15:55:24,13.0574499,80.1280233,1280233,2025-09-04T23:29:43.430799
TN12AU6687,353201357706339,34.0,27.6,75.0,03/09/2025 15:55:19,13.0572533,80.1277966,1277966,2025-09-04T23:29:43.430969
TN12AU6687,353201357706339,44.0,27.67,75.0,03/09/2025 15:55:14,13.0569149,80.127385,127385,2025-09-04T23:29:43.431154
TN12AU6687,353201357706339,51.0,27.73,75.0,03/09/2025 15:55:09,13.056525,80.1268849,1268849,2025-09-04T23:29:43.431346
TN12AU6687,353201357706339,47.0,27.81,75.0,03/09/2025 15:55:04,13.0561266,80.1263933,1263933,2025-09-04T23:29:43.431525
TN12AU6687,353201357706339,42.0,27.86,75.0,03/09/2025 15:54:59,13.0556766,80.1258483,1258483,2025-09-04T23:29:43.431759
TN12AU6687,353201357706339,36.0,27.9,75.0,03/09/2025 15:54:54,13.0554416,80.1255166,1255166,2025-09-04T23:29:43.431961
TN12AU6687,353201357706339,35.0,27.95,75.0,03/09/2025 15:54:49,13.0552183,80.1251333,1251333,2025-09-04T23:29:43.432151
TN12AU6687,353201357706339,28.0,27.98,75.0,03/09/2025 15:54:45,13.0550666,80.1247333,1247333,2025-09-04T23:29:43.432475
TN12AU6687,353201357706339,26.0,28.02,75.0,03/09/2025 15:54:40,13.0549849,80.1244699,1244699,2025-09-04T23:29:43.432716
TN12AU6687,353201357706339,22.0,28.04,75.0,03/09/2025 15:54:35,13.054905,80.1241416,1241416,2025-09-04T23:29:43.432944
TN12AU6687,353201357706339,19.0,28.07,75.0,03/09/2025 15:54:30,13.0548516,80.1239049,1239049,2025-09-04T23:29:43.433158
TN12AU6687,353201357706339,23.0,28.11,75.0,03/09/2025 15:54:25,13.054795,80.1236416,1236416,2025-09-04T23:29:43.433384
TN12AU6687,353201357706339,19.0,28.13,76.0,03/09/2025 15:54:20,13.0547283,80.123355,123355,2025-09-04T23:29:43.433614
TN12AU6687,353201357706339,26.0,28.17,76.0,03/09/2025 15:54:15,13.0547016,80.12315,12315,2025-09-04T23:29:43.433831
TN12AU6687,353201357706339,33.0,28.22,76.0,03/09/2025 15:54:10,13.0546883,80.12277,12277,2025-09-04T23:29:43.434039
TN12AU6687,353201357706339,35.0,28.25,76.0,03/09/2025 15:54:05,13.05473,80.12232,12232,2025-09-04T23:29:43.434240
TN12AU6687,353201357706339,46.0,28.32,76.0,03/09/2025 15:54:02,13.0548066,80.1220149,1220149,2025-09-04T23:29:43.434408
TN12AU6687,353201357706339,52.0,28.39,76.0,03/09/2025 15:53:57,13.0549666,80.1214149,1214149,2025-09-04T23:29:43.434555
TN12AU6687,353201357706339,49.0,28.47,77.0,03/09/2025 15:53:52,13.0551566,80.1207783,1207783,2025-09-04T23:29:43.434698
TN12AU6687,353201357706339,46.0,28.52,77.0,03/09/2025 15:53:47,13.0553866,80.12006,12006,2025-09-04T23:29:43.434830
TN12AU6687,353201357706339,43.0,28.58,77.0,03/09/2025 15:53:42,13.05552,80.1196183,1196183,2025-09-04T23:29:43.434965
TN12AU6687,353201357706339,42.0,28.64,77.0,03/09/2025 15:53:37,13.05567,80.1190966,1190966,2025-09-04T23:29:43.435096
TN12AU6687,353201357706339,43.0,28.7,77.0,03/09/2025 15:53:32,13.0558433,80.1185716,1185716,2025-09-04T23:29:43.435277
TN12AU6687,353201357706339,45.0,28.77,77.0,03/09/2025 15:53:27,13.0560183,80.1180349,1180349,2025-09-04T23:29:43.435435
TN12AU6687,353201357706339,54.0,28.82,77.0,03/09/2025 15:53:22,13.056215,80.1174383,1174383,2025-09-04T23:29:43.435577
TN12AU6687,353201357706339,65.0,28.91,79.0,03/09/2025 15:53:19,13.0563216,80.1170083,1170083,2025-09-04T23:29:43.435767
TN12AU6687,353201357706339,70.0,29.03,79.0,03/09/2025 15:53:14,13.0565783,80.1161833,1161833,2025-09-04T23:29:43.435938
TN12AU6687,353201357706339,68.0,29.1,79.0,03/09/2025 15:53:09,13.0568216,80.1150983,1150983,2025-09-04T23:29:43.436095
TN12AU6687,353201357706339,61.0,29.19,79.0,03/09/2025 15:53:04,13.0569016,80.1144599,1144599,2025-09-04T23:29:43.436248
TN12AU6687,353201357706339,57.0,29.27,79.0,03/09/2025 15:52:59,13.0569049,80.1136833,1136833,2025-09-04T23:29:43.436386
TN12AU6687,353201357706339,55.0,29.35,79.0,03/09/2025 15:52:54,13.0568566,80.1129616,1129616,2025-09-04T23:29:43.436515
TN12AU6687,353201357706339,52.0,29.41,80.0,03/09/2025 15:52:49,13.0568316,80.1121383,1121383,2025-09-04T23:29:43.436650
TN12AU6687,353201357706339,52.0,29.48,80.0,03/09/2025 15:52:44,13.0568449,80.1116016,1116016,2025-09-04T23:29:43.436788
TN12AU6687,353201357706339,52.0,29.53,80.0,03/09/2025 15:52:39,13.0568333,80.110985,110985,2025-09-04T23:29:43.436962
TN12AU6687,353201357706339,63.0,29.64,80.0,03/09/2025 15:52:36,13.0568516,80.110545,110545,2025-09-04T23:29:43.437133
TN12AU6687,353201357706339,64.0,29.73,82.0,03/09/2025 15:52:31,13.0569049,80.1095233,1095233,2025-09-04T23:29:43.437281
TN12AU6687,353201357706339,60.0,29.81,82.0,03/09/2025 15:52:26,13.0569166,80.1087166,1087166,2025-09-04T23:29:43.437422
TN12AU6687,353201357706339,58.0,29.87,82.0,03/09/2025 15:52:21,13.05697,80.1079333,1079333,2025-09-04T23:29:43.437573
TN12AU6687,353201357706339,55.0,29.95,82.0,03/09/2025 15:52:16,13.0570483,80.1073583,1073583,2025-09-04T23:29:43.437770
TN12AU6687,353201357706339,50.0,30.03,82.0,03/09/2025 15:52:11,13.0571166,80.1066716,1066716,2025-09-04T23:29:43.437931
TN12AU6687,353201357706339,47.0,30.08,82.0,03/09/2025 15:52:06,13.0572,80.1059233,1059233,2025-09-04T23:29:43.438098
TN12AU6687,353201357706339,45.0,30.15,82.0,03/09/2025 15:52:01,13.0572566,80.1054666,1054666,2025-09-04T23:29:43.438254
TN12AU6687,353201357706339,35.0,30.18,82.0,03/09/2025 15:51:56,13.0572933,80.1048516,1048516,2025-09-04T23:29:43.438392
TN12AU6687,353201357706339,35.0,30.23,82.0,03/09/2025 15:51:51,13.057315,80.1045099,1045099,2025-09-04T23:29:43.438529
TN12AU6687,353201357706339,46.0,30.28,82.0,03/09/2025 15:51:48,13.0573516,80.104095,104095,2025-09-04T23:29:43.438718
TN12AU6687,353201357706339,55.0,30.36,82.0,03/09/2025 15:51:43,13.05738,80.1035766,1035766,2025-09-04T23:29:43.438871
TN12AU6687,353201357706339,51.0,30.43,82.0,03/09/2025 15:51:38,13.0574116,80.102845,102845,2025-09-04T23:29:43.439004
TN12AU6687,353201357706339,47.0,30.51,82.0,03/09/2025 15:51:33,13.0573966,80.102205,102205,2025-09-04T23:29:43.439159
TN12AU6687,353201357706339,53.0,30.57,82.0,03/09/2025 15:51:28,13.0573933,80.1014749,1014749,2025-09-04T23:29:43.439327
TN12AU6687,353201357706339,53.0,30.65,82.0,03/09/2025 15:51:23,13.0572966,80.10092,10092,2025-09-04T23:29:43.439458
TN12AU6687,353201357706339,48.0,30.71,81.0,03/09/2025 15:51:18,13.0571466,80.1002649,1002649,2025-09-04T23:29:43.439611
TN12AU6687,353201357706339,45.0,30.77,81.0,03/09/2025 15:51:13,13.0570183,80.0996783,0996783,2025-09-04T23:29:43.439774
TN12AU6687,353201357706339,43.0,30.83,81.0,03/09/2025 15:51:08,13.0568883,80.09915,09915,2025-09-04T23:29:43.439936
TN12AU6687,353201357706339,34.0,30.87,81.0,03/09/2025 15:51:03,13.0567866,80.0986433,0986433,2025-09-04T23:29:43.440074
TN12AU6687,353201357706339,29.0,30.9,81.0,03/09/2025 15:50:58,13.0567049,80.0982516,0982516,2025-09-04T23:29:43.440205
TN12AU6687,353201357706339,19.0,30.92,81.0,03/09/2025 15:50:55,13.0566616,80.098005,098005,2025-09-04T23:29:43.440333
TN12AU6687,353201357706339,15.0,30.94,81.0,03/09/2025 15:50:50,13.0566333,80.097835,097835,2025-09-04T23:29:43.440477
TN12AU6687,353201357706339,11.0,30.95,81.0,03/09/2025 15:50:45,13.0566016,80.0976516,0976516,2025-09-04T23:29:43.440637
TN12AU6687,353201357706339,7.0,30.96,81.0,03/09/2025 15:50:40,13.056585,80.0975366,0975366,2025-09-04T23:29:43.440792
TN12AU6687,353201357706339,7.0,30.98,81.0,03/09/2025 15:50:35,13.0565616,80.0974333,0974333,2025-09-04T23:29:43.440924
TN12AU6687,353201357706339,10.0,30.99,81.0,03/09/2025 15:50:30,13.0565416,80.09729,09729,2025-09-04T23:29:43.441051
TN12AU6687,353201357706339,7.0,30.99,81.0,03/09/2025 15:50:25,13.0565366,80.0971733,0971733,2025-09-04T23:29:43.441204
TN12AU6687,353201357706339,4.0,31.0,81.0,03/09/2025 15:50:24,13.0565349,80.0971433,0971433,2025-09-04T23:29:43.441424
TN12AU6687,353201357706339,4.0,31.01,81.0,03/09/2025 15:50:19,13.0565383,80.0971033,0971033,2025-09-04T23:29:43.441640
TN12AU6687,353201357706339,10.0,31.02,81.0,03/09/2025 15:50:14,13.0565416,80.0969433,0969433,2025-09-04T23:29:43.441832
TN12AU6687,353201357706339,0.0,31.02,81.0,03/09/2025 15:50:12,13.0565366,80.09691,09691,2025-09-04T23:29:43.442048
TN12AU6687,353201357706339,0.0,31.02,81.0,03/09/2025 15:50:07,13.0565366,80.09691,09691,2025-09-04T23:29:43.442300
TN12AU6687,353201357706339,0.0,31.02,81.0,03/09/2025 15:50:02,13.0565366,80.09691,09691,2025-09-04T23:29:43.442511
TN12AU6687,353201357706339,0.0,31.02,81.0,03/09/2025 15:49:57,13.0565366,80.09691,09691,2025-09-04T23:29:43.442718
TN12AU6687,353201357706339,0.0,31.02,81.0,03/09/2025 15:49:52,13.0565366,80.09691,09691,2025-09-04T23:29:43.442862
TN12AU6687,353201357706339,0.0,31.02,81.0,03/09/2025 15:49:47,13.0565366,80.09691,09691,2025-09-04T23:29:43.443044
TN12AU6687,353201357706339,0.0,31.02,81.0,03/09/2025 15:49:42,13.0565366,80.09691,09691,2025-09-04T23:29:43.443229
TN12AU6687,353201357706339,0.0,31.02,81.0,03/09/2025 15:49:37,13.0565366,80.09691,09691,2025-09-04T23:29:43.443398
TN12AU6687,353201357706339,0.0,31.02,81.0,03/09/2025 15:49:32,13.0565366,80.09691,09691,2025-09-04T23:29:43.443554
TN12AU6687,353201357706339,0.0,31.02,81.0,03/09/2025 15:49:27,13.0565366,80.09691,09691,2025-09-04T23:29:43.443730
TN12AU6687,353201357706339,0.0,31.02,81.0,03/09/2025 15:49:22,13.0565366,80.09691,09691,2025-09-04T23:29:43.443890
TN12AU6687,353201357706339,0.0,31.02,81.0,03/09/2025 15:49:17,13.0565366,80.09691,09691,2025-09-04T23:29:43.444053
TN12AU6687,353201357706339,0.0,31.02,81.0,03/09/2025 15:49:12,13.0565366,80.0969083,0969083,2025-09-04T23:29:43.444218
TN12AU6687,353201357706339,8.0,31.03,80.0,03/09/2025 15:49:07,13.056525,80.0968416,0968416,2025-09-04T23:29:43.444395
TN12AU6687,353201357706339,8.0,31.04,80.0,03/09/2025 15:49:02,13.0565066,80.0967033,0967033,2025-09-04T23:29:43.444585
TN12AU6687,353201357706339,7.0,31.05,80.0,03/09/2025 15:48:57,13.0565016,80.0966099,0966099,2025-09-04T23:29:43.444811
TN12AU6687,353201357706339,0.0,31.05,80.0,03/09/2025 15:48:52,13.05649,80.0965583,0965583,2025-09-04T23:29:43.444987
TN12AU6687,353201357706339,7.0,31.06,80.0,03/09/2025 15:48:47,13.056485,80.0964866,0964866,2025-09-04T23:29:43.445143
TN12AU6687,353201357706339,0.0,31.06,80.0,03/09/2025 15:48:42,13.0564733,80.0963883,0963883,2025-09-04T23:29:43.445312
TN12AU6687,353201357706339,0.0,31.06,80.0,03/09/2025 15:48:37,13.0564733,80.0963883,0963883,2025-09-04T23:29:43.445477
TN12AU6687,353201357706339,5.0,31.07,80.0,03/09/2025 15:48:32,13.0564749,80.0963816,0963816,2025-09-04T23:29:43.445746
TN12AU6687,353201357706339,19.0,31.1,80.0,03/09/2025 15:48:29,13.0564533,80.0962833,0962833,2025-09-04T23:29:43.445981
TN12AU6687,353201357706339,32.0,31.15,80.0,03/09/2025 15:48:25,13.05643,80.0960166,0960166,2025-09-04T23:29:43.446193
TN12AU6687,353201357706339,35.0,31.21,80.0,03/09/2025 15:48:20,13.0563516,80.0955866,0955866,2025-09-04T23:29:43.446408
TN12AU6687,353201357706339,46.0,31.26,80.0,03/09/2025 15:48:15,13.0562516,80.0949749,0949749,2025-09-04T23:29:43.446617
TN12AU6687,353201357706339,50.0,31.33,80.0,03/09/2025 15:48:10,13.0561199,80.0945216,0945216,2025-09-04T23:29:43.446839
TN12AU6687,353201357706339,53.0,31.41,80.0,03/09/2025 15:48:05,13.0559,80.0939083,0939083,2025-09-04T23:29:43.447052
TN12AU6687,353201357706339,52.0,31.48,80.0,03/09/2025 15:48:00,13.0556116,80.0932866,0932866,2025-09-04T23:29:43.447248
TN12AU6687,353201357706339,50.0,31.56,80.0,03/09/2025 15:47:55,13.0553666,80.0926716,0926716,2025-09-04T23:29:43.447449
TN12AU6687,353201357706339,47.0,31.62,80.0,03/09/2025 15:47:50,13.0550366,80.0920016,0920016,2025-09-04T23:29:43.447694
TN12AU6687,353201357706339,45.0,31.68,81.0,03/09/2025 15:47:45,13.054775,80.0915833,0915833,2025-09-04T23:29:43.448078
TN12AU6687,353201357706339,41.0,31.74,81.0,03/09/2025 15:47:40,13.0544316,80.0911466,0911466,2025-09-04T23:29:43.448282
TN12AU6687,353201357706339,40.0,31.79,81.0,03/09/2025 15:47:35,13.0540083,80.0908133,0908133,2025-09-04T23:29:43.448479
TN12AU6687,353201357706339,38.0,31.84,81.0,03/09/2025 15:47:30,13.0536149,80.0905116,0905116,2025-09-04T23:29:43.448687
TN12AU6687,353201357706339,36.0,31.9,81.0,03/09/2025 15:47:25,13.053195,80.0902866,0902866,2025-09-04T23:29:43.448869
TN12AU6687,353201357706339,32.0,31.95,81.0,03/09/2025 15:47:20,13.0527183,80.0900533,0900533,2025-09-04T23:29:43.449063
TN12AU6687,353201357706339,30.0,31.98,81.0,03/09/2025 15:47:15,13.0523533,80.0898649,0898649,2025-09-04T23:29:43.449250
TN12AU6687,353201357706339,25.0,32.01,81.0,03/09/2025 15:47:10,13.0521033,80.089735,089735,2025-09-04T23:29:43.449434
TN12AU6687,353201357706339,22.0,32.04,81.0,03/09/2025 15:47:05,13.0518116,80.08959,08959,2025-09-04T23:29:43.449603
TN12AU6687,353201357706339,17.0,32.05,81.0,03/09/2025 15:47:00,13.0516,80.0894883,0894883,2025-09-04T23:29:43.449770
TN12AU6687,353201357706339,5.0,32.06,81.0,03/09/2025 15:46:56,13.0515066,80.0894449,0894449,2025-09-04T23:29:43.449917
TN12AU6687,353201357706339,7.0,32.08,81.0,03/09/2025 15:46:51,13.0514249,80.0894033,0894033,2025-09-04T23:29:43.450063
TN12AU6687,353201357706339,5.0,32.08,82.0,03/09/2025 15:46:46,13.0513016,80.0893499,0893499,2025-09-04T23:29:43.450246
TN12AU6687,353201357706339,0.0,32.08,82.0,03/09/2025 15:46:41,13.0513016,80.0893499,0893499,2025-09-04T23:29:43.450408
TN12AU6687,353201357706339,0.0,32.08,82.0,03/09/2025 15:46:36,13.0513016,80.0893499,0893499,2025-09-04T23:29:43.450601
TN12AU6687,353201357706339,0.0,32.08,82.0,03/09/2025 15:46:31,13.0513016,80.0893499,0893499,2025-09-04T23:29:43.450813
TN12AU6687,353201357706339,0.0,32.08,82.0,03/09/2025 15:46:26,13.0513016,80.0893499,0893499,2025-09-04T23:29:43.450990
TN12AU6687,353201357706339,0.0,32.08,82.0,03/09/2025 15:46:21,13.0513016,80.0893499,0893499,2025-09-04T23:29:43.451158
TN12AU6687,353201357706339,0.0,32.08,82.0,03/09/2025 15:46:16,13.0513016,80.0893499,0893499,2025-09-04T23:29:43.451327
TN12AU6687,353201357706339,5.0,32.08,82.0,03/09/2025 15:46:11,13.0512733,80.0893416,0893416,2025-09-04T23:29:43.451500
TN12AU6687,353201357706339,16.0,32.1,82.0,03/09/2025 15:46:08,13.0512083,80.089315,089315,2025-09-04T23:29:43.451673
TN12AU6687,353201357706339,26.0,32.15,82.0,03/09/2025 15:46:06,13.0511199,80.08928,08928,2025-09-04T23:29:43.451843
TN12AU6687,353201357706339,37.0,32.2,82.0,03/09/2025 15:46:01,13.0507216,80.0890766,0890766,2025-09-04T23:29:43.452002
TN12AU6687,353201357706339,39.0,32.26,82.0,03/09/2025 15:45:56,13.0502883,80.0888233,0888233,2025-09-04T23:29:43.452169
TN12AU6687,353201357706339,41.0,32.3,83.0,03/09/2025 15:45:51,13.0498716,80.0885233,0885233,2025-09-04T23:29:43.452360
TN12AU6687,353201357706339,42.0,32.35,83.0,03/09/2025 15:45:47,13.0495733,80.0882166,0882166,2025-09-04T23:29:43.452557
TN12AU6687,353201357706339,52.0,32.45,83.0,03/09/2025 15:45:43,13.0493816,80.0878066,0878066,2025-09-04T23:29:43.452781
TN12AU6687,353201357706339,58.0,32.51,83.0,03/09/2025 15:45:38,13.0491583,80.08693,08693,2025-09-04T23:29:43.452981
TN12AU6687,353201357706339,53.0,32.58,83.0,03/09/2025 15:45:33,13.0490733,80.0863783,0863783,2025-09-04T23:29:43.453185
TN12AU6687,353201357706339,47.0,32.66,83.0,03/09/2025 15:45:28,13.0490016,80.08572,08572,2025-09-04T23:29:43.453364
TN12AU6687,353201357706339,38.0,32.69,83.0,03/09/2025 15:45:23,13.0488849,80.0850683,0850683,2025-09-04T23:29:43.453521
TN12AU6687,353201357706339,33.0,32.74,83.0,03/09/2025 15:45:18,13.0487833,80.0847233,0847233,2025-09-04T23:29:43.453718
TN12AU6687,353201357706339,32.0,32.78,83.0,03/09/2025 15:45:13,13.04863,80.0843166,0843166,2025-09-04T23:29:43.453891
TN12AU6687,353201357706339,23.0,32.81,83.0,03/09/2025 15:45:08,13.04848,80.0840116,0840116,2025-09-04T23:29:43.454085
TN12AU6687,353201357706339,28.0,32.86,83.0,03/09/2025 15:45:03,13.0483633,80.0836999,0836999,2025-09-04T23:29:43.454259
TN12AU6687,353201357706339,28.0,32.91,83.0,03/09/2025 15:44:58,13.0481933,80.0832766,0832766,2025-09-04T23:29:43.454429
TN12AU6687,353201357706339,32.0,32.94,83.0,03/09/2025 15:44:53,13.0480433,80.0829183,0829183,2025-09-04T23:29:43.454655
TN12AU6687,353201357706339,35.0,32.99,83.0,03/09/2025 15:44:48,13.0479216,80.0825933,0825933,2025-09-04T23:29:43.454853
TN12AU6687,353201357706339,30.0,33.03,83.0,03/09/2025 15:44:43,13.047785,80.0821916,0821916,2025-09-04T23:29:43.455022
TN12AU6687,353201357706339,22.0,33.06,83.0,03/09/2025 15:44:38,13.047665,80.0818049,0818049,2025-09-04T23:29:43.455187
TN12AU6687,353201357706339,17.0,33.08,83.0,03/09/2025 15:44:33,13.0476066,80.0815866,0815866,2025-09-04T23:29:43.455339
TN12AU6687,353201357706339,18.0,33.11,83.0,03/09/2025 15:44:28,13.0475616,80.0814116,0814116,2025-09-04T23:29:43.455502
TN12AU6687,353201357706339,25.0,33.14,83.0,03/09/2025 15:44:23,13.0474766,80.0811616,0811616,2025-09-04T23:29:43.455665
TN12AU6687,353201357706339,20.0,33.17,83.0,03/09/2025 15:44:18,13.047405,80.0808466,0808466,2025-09-04T23:29:43.455827
TN12AU6687,353201357706339,20.0,33.19,83.0,03/09/2025 15:44:13,13.0473466,80.0805833,0805833,2025-09-04T23:29:43.455987
TN12AU6687,353201357706339,13.0,33.21,83.0,03/09/2025 15:44:08,13.0473,80.080375,080375,2025-09-04T23:29:43.456146
TN12AU6687,353201357706339,15.0,33.22,83.0,03/09/2025 15:44:03,13.0472666,80.0802266,0802266,2025-09-04T23:29:43.456297
TN12AU6687,353201357706339,6.0,33.24,83.0,03/09/2025 15:43:58,13.0472516,80.0801083,0801083,2025-09-04T23:29:43.456453
TN12AU6687,353201357706339,0.0,33.24,83.0,03/09/2025 15:43:53,13.0472266,80.0799866,0799866,2025-09-04T23:29:43.456630
TN12AU6687,353201357706339,0.0,33.24,83.0,03/09/2025 15:43:48,13.0472266,80.0799866,0799866,2025-09-04T23:29:43.456802
TN12AU6687,353201357706339,5.0,33.25,83.0,03/09/2025 15:43:43,13.0472166,80.0799483,0799483,2025-09-04T23:29:43.456982
TN12AU6687,353201357706339,13.0,33.27,83.0,03/09/2025 15:43:38,13.0471966,80.079815,079815,2025-09-04T23:29:43.457147
TN12AU6687,353201357706339,20.0,33.3,83.0,03/09/2025 15:43:33,13.0471683,80.0796466,0796466,2025-09-04T23:29:43.457316
TN12AU6687,353201357706339,20.0,33.33,83.0,03/09/2025 15:43:28,13.0471433,80.079365,079365,2025-09-04T23:29:43.457478
TN12AU6687,353201357706339,14.0,33.35,83.0,03/09/2025 15:43:23,13.0471383,80.079135,079135,2025-09-04T23:29:43.457704
TN12AU6687,353201357706339,14.0,33.36,83.0,03/09/2025 15:43:18,13.047125,80.078945,078945,2025-09-04T23:29:43.457901
TN12AU6687,353201357706339,9.0,33.37,83.0,03/09/2025 15:43:13,13.0471183,80.0788233,0788233,2025-09-04T23:29:43.458072
TN12AU6687,353201357706339,9.0,33.39,83.0,03/09/2025 15:43:08,13.0471133,80.0786916,0786916,2025-09-04T23:29:43.458269
TN12AU6687,353201357706339,4.0,33.39,83.0,03/09/2025 15:43:03,13.0471116,80.0785049,0785049,2025-09-04T23:29:43.458471
TN12AU6687,353201357706339,0.0,33.39,83.0,03/09/2025 15:42:58,13.0471116,80.0785049,0785049,2025-09-04T23:29:43.458645
TN12AU6687,353201357706339,0.0,33.39,83.0,03/09/2025 15:42:53,13.0471116,80.0785049,0785049,2025-09-04T23:29:43.458804
TN12AU6687,353201357706339,0.0,33.39,83.0,03/09/2025 15:42:48,13.0471116,80.0785049,0785049,2025-09-04T23:29:43.458941
TN12AU6687,353201357706339,0.0,33.39,83.0,03/09/2025 15:42:43,13.0471116,80.0785049,0785049,2025-09-04T23:29:43.459223
TN12AU6687,353201357706339,0.0,33.39,83.0,03/09/2025 15:42:38,13.0471116,80.0785049,0785049,2025-09-04T23:29:43.459441
TN12AU6687,353201357706339,0.0,33.39,83.0,03/09/2025 15:42:33,13.0471116,80.0785049,0785049,2025-09-04T23:29:43.459633
TN12AU6687,353201357706339,0.0,33.39,83.0,03/09/2025 15:42:28,13.0471116,80.0785049,0785049,2025-09-04T23:29:43.459831
TN12AU6687,353201357706339,0.0,33.39,82.0,03/09/2025 15:42:23,13.0471116,80.0785049,0785049,2025-09-04T23:29:43.460041
TN12AU6687,353201357706339,0.0,33.39,82.0,03/09/2025 15:42:18,13.0471116,80.0785049,0785049,2025-09-04T23:29:43.460272
TN12AU6687,353201357706339,0.0,33.39,82.0,03/09/2025 15:42:13,13.0471116,80.0785049,0785049,2025-09-04T23:29:43.460486
TN12AU6687,353201357706339,0.0,33.39,82.0,03/09/2025 15:42:08,13.0471116,80.0785049,0785049,2025-09-04T23:29:43.460697
TN12AU6687,353201357706339,4.0,33.4,82.0,03/09/2025 15:42:03,13.04711,80.0784816,0784816,2025-09-04T23:29:43.460951
TN12AU6687,353201357706339,0.0,33.4,82.0,03/09/2025 15:41:58,13.04711,80.078385,078385,2025-09-04T23:29:43.461119
TN12AU6687,353201357706339,0.0,33.4,81.0,03/09/2025 15:41:53,13.0471083,80.0783783,0783783,2025-09-04T23:29:43.461344
TN12AU6687,353201357706339,9.0,33.42,81.0,03/09/2025 15:41:48,13.0471066,80.0783166,0783166,2025-09-04T23:29:43.461506
TN12AU6687,353201357706339,12.0,33.44,81.0,03/09/2025 15:41:43,13.0471016,80.0781466,0781466,2025-09-04T23:29:43.461700
TN12AU6687,353201357706339,13.0,33.45,81.0,03/09/2025 15:41:38,13.0470866,80.0780133,0780133,2025-09-04T23:29:43.461880
TN12AU6687,353201357706339,6.0,33.47,81.0,03/09/2025 15:41:33,13.0470816,80.07789,07789,2025-09-04T23:29:43.462070
TN12AU6687,353201357706339,18.0,33.5,81.0,03/09/2025 15:41:28,13.0470816,80.077685,077685,2025-09-04T23:29:43.462232
TN12AU6687,353201357706339,17.0,33.53,81.0,03/09/2025 15:41:23,13.0470733,80.0774283,0774283,2025-09-04T23:29:43.462370
TN12AU6687,353201357706339,21.0,33.55,81.0,03/09/2025 15:41:18,13.0470733,80.0771166,0771166,2025-09-04T23:29:43.462547
TN12AU6687,353201357706339,20.0,33.58,80.0,03/09/2025 15:41:13,13.047075,80.0769683,0769683,2025-09-04T23:29:43.462732
TN12AU6687,353201357706339,19.0,33.61,80.0,03/09/2025 15:41:08,13.04708,80.0766683,0766683,2025-09-04T23:29:43.462916
TN12AU6687,353201357706339,17.0,33.63,80.0,03/09/2025 15:41:03,13.0470766,80.0764216,0764216,2025-09-04T23:29:43.463087
TN12AU6687,353201357706339,6.0,33.63,80.0,03/09/2025 15:41:00,13.047065,80.07628,07628,2025-09-04T23:29:43.463237
TN12AU6687,353201357706339,0.0,33.63,80.0,03/09/2025 15:40:55,13.047065,80.07628,07628,2025-09-04T23:29:43.463445
TN12AU6687,353201357706339,0.0,33.63,80.0,03/09/2025 15:40:50,13.047065,80.07628,07628,2025-09-04T23:29:43.463665
TN12AU6687,353201357706339,0.0,33.63,80.0,03/09/2025 15:40:45,13.047065,80.07628,07628,2025-09-04T23:29:43.463850
TN12AU6687,353201357706339,0.0,33.63,80.0,03/09/2025 15:40:40,13.047065,80.07628,07628,2025-09-04T23:29:43.464011
TN12AU6687,353201357706339,0.0,33.63,80.0,03/09/2025 15:40:35,13.047065,80.07628,07628,2025-09-04T23:29:43.464201
TN12AU6687,353201357706339,0.0,33.63,80.0,03/09/2025 15:40:30,13.047065,80.07628,07628,2025-09-04T23:29:43.464381
TN12AU6687,353201357706339,0.0,33.63,80.0,03/09/2025 15:40:25,13.047065,80.07628,07628,2025-09-04T23:29:43.464568
TN12AU6687,353201357706339,0.0,33.63,80.0,03/09/2025 15:40:20,13.047065,80.07628,07628,2025-09-04T23:29:43.464749
TN12AU6687,353201357706339,0.0,33.63,81.0,03/09/2025 15:40:15,13.047065,80.07628,07628,2025-09-04T23:29:43.464928
TN12AU6687,353201357706339,4.0,33.63,81.0,03/09/2025 15:40:10,13.0470633,80.07625,07625,2025-09-04T23:29:43.465107
TN12AU6687,353201357706339,0.0,33.63,81.0,03/09/2025 15:40:05,13.0470616,80.0761883,0761883,2025-09-04T23:29:43.465287
TN12AU6687,353201357706339,0.0,33.63,81.0,03/09/2025 15:40:00,13.0470616,80.0761883,0761883,2025-09-04T23:29:43.465465
TN12AU6687,353201357706339,4.0,33.65,81.0,03/09/2025 15:39:55,13.0470616,80.0761666,0761666,2025-09-04T23:29:43.465624
TN12AU6687,353201357706339,6.0,33.65,82.0,03/09/2025 15:39:50,13.04707,80.0760416,0760416,2025-09-04T23:29:43.465806
TN12AU6687,353201357706339,5.0,33.66,82.0,03/09/2025 15:39:45,13.0470683,80.0760099,0760099,2025-09-04T23:29:43.465972
TN12AU6687,353201357706339,17.0,33.69,82.0,03/09/2025 15:39:41,13.0470583,80.0758833,0758833,2025-09-04T23:29:43.466124
TN12AU6687,353201357706339,17.0,33.72,82.0,03/09/2025 15:39:36,13.0470383,80.0756616,0756616,2025-09-04T23:29:43.466274
TN12AU6687,353201357706339,19.0,33.74,82.0,03/09/2025 15:39:31,13.0470333,80.0753766,0753766,2025-09-04T23:29:43.466446
TN12AU6687,353201357706339,16.0,33.76,82.0,03/09/2025 15:39:26,13.0470066,80.07515,07515,2025-09-04T23:29:43.466600
TN12AU6687,353201357706339,11.0,33.77,84.0,03/09/2025 15:39:21,13.0469883,80.0749966,0749966,2025-09-04T23:29:43.466773
TN12AU6687,353201357706339,0.0,33.77,84.0,03/09/2025 15:39:17,13.0469683,80.0748866,0748866,2025-09-04T23:29:43.466934
TN12AU6687,353201357706339,0.0,33.77,84.0,03/09/2025 15:39:12,13.0469683,80.0748866,0748866,2025-09-04T23:29:43.467103
TN12AU6687,353201357706339,0.0,33.77,84.0,03/09/2025 15:39:07,13.0469683,80.0748866,0748866,2025-09-04T23:29:43.467266
TN12AU6687,353201357706339,8.0,33.79,84.0,03/09/2025 15:39:02,13.0469583,80.0748549,0748549,2025-09-04T23:29:43.467441
TN12AU6687,353201357706339,18.0,33.81,84.0,03/09/2025 15:38:57,13.0469083,80.074705,074705,2025-09-04T23:29:43.467626
TN12AU6687,353201357706339,18.0,33.82,84.0,03/09/2025 15:38:52,13.0468366,80.0745333,0745333,2025-09-04T23:29:43.467870
TN12AU6687,353201357706339,7.0,33.84,84.0,03/09/2025 15:38:48,13.046795,80.0744083,0744083,2025-09-04T23:29:43.468094
TN12AU6687,353201357706339,17.0,33.86,84.0,03/09/2025 15:38:43,13.0467283,80.0742833,0742833,2025-09-04T23:29:43.468333
TN12AU6687,353201357706339,17.0,33.89,84.0,03/09/2025 15:38:38,13.0466183,80.0740583,0740583,2025-09-04T23:29:43.468530
TN12AU6687,353201357706339,10.0,33.89,84.0,03/09/2025 15:38:33,13.0465133,80.0738383,0738383,2025-09-04T23:29:43.468715
TN12AU6687,353201357706339,0.0,33.89,84.0,03/09/2025 15:38:30,13.0465033,80.0738083,0738083,2025-09-04T23:29:43.468898
TN12AU6687,353201357706339,4.0,33.9,84.0,03/09/2025 15:38:25,13.046495,80.073795,073795,2025-09-04T23:29:43.469082
TN12AU6687,353201357706339,17.0,33.92,84.0,03/09/2025 15:38:22,13.0464666,80.0737316,0737316,2025-09-04T23:29:43.469269
TN12AU6687,353201357706339,30.0,33.95,84.0,03/09/2025 15:38:18,13.0464,80.0735733,0735733,2025-09-04T23:29:43.469460
TN12AU6687,353201357706339,41.0,34.0,84.0,03/09/2025 15:38:15,13.0462683,80.07332,07332,2025-09-04T23:29:43.469641
TN12AU6687,353201357706339,41.0,34.05,84.0,03/09/2025 15:38:12,13.0461483,80.0729083,0729083,2025-09-04T23:29:43.469814
TN12AU6687,353201357706339,38.0,34.1,84.0,03/09/2025 15:38:07,13.0460916,80.0724033,0724033,2025-09-04T23:29:43.469973
TN12AU6687,353201357706339,45.0,34.16,84.0,03/09/2025 15:38:02,13.0460666,80.0719716,0719716,2025-09-04T23:29:43.470160
TN12AU6687,353201357706339,38.0,34.21,84.0,03/09/2025 15:37:57,13.0459816,80.0714183,0714183,2025-09-04T23:29:43.470353
TN12AU6687,353201357706339,29.0,34.25,84.0,03/09/2025 15:37:52,13.0458766,80.070995,070995,2025-09-04T23:29:43.470542
TN12AU6687,353201357706339,25.0,34.29,84.0,03/09/2025 15:37:47,13.0457666,80.0705766,0705766,2025-09-04T23:29:43.470725
TN12AU6687,353201357706339,24.0,34.32,82.0,03/09/2025 15:37:42,13.0456883,80.07028,07028,2025-09-04T23:29:43.470875
TN12AU6687,353201357706339,21.0,34.34,82.0,03/09/2025 15:37:37,13.0456116,80.070005,070005,2025-09-04T23:29:43.471043
TN12AU6687,353201357706339,16.0,34.37,82.0,03/09/2025 15:37:32,13.0455483,80.069785,069785,2025-09-04T23:29:43.471241
TN12AU6687,353201357706339,20.0,34.38,82.0,03/09/2025 15:37:27,13.0454983,80.0695966,0695966,2025-09-04T23:29:43.471456
TN12AU6687,353201357706339,10.0,34.39,82.0,03/09/2025 15:37:23,13.0454516,80.0694233,0694233,2025-09-04T23:29:43.471638
TN12AU6687,353201357706339,0.0,34.39,82.0,03/09/2025 15:37:21,13.0454433,80.06939,06939,2025-09-04T23:29:43.471812
TN12AU6687,353201357706339,0.0,34.39,82.0,03/09/2025 15:37:16,13.0454433,80.06939,06939,2025-09-04T23:29:43.471975
TN12AU6687,353201357706339,0.0,34.39,82.0,03/09/2025 15:37:11,13.0454433,80.06939,06939,2025-09-04T23:29:43.472143
TN12AU6687,353201357706339,0.0,34.39,82.0,03/09/2025 15:37:06,13.0454433,80.06939,06939,2025-09-04T23:29:43.472283
TN12AU6687,353201357706339,0.0,34.39,82.0,03/09/2025 15:37:01,13.0454433,80.06939,06939,2025-09-04T23:29:43.472420
TN12AU6687,353201357706339,0.0,34.39,82.0,03/09/2025 15:36:56,13.0454433,80.06939,06939,2025-09-04T23:29:43.472749
TN12AU6687,353201357706339,0.0,34.39,80.0,03/09/2025 15:36:51,13.0454433,80.06939,06939,2025-09-04T23:29:43.472955
TN12AU6687,353201357706339,0.0,34.39,80.0,03/09/2025 15:36:46,13.0454433,80.06939,06939,2025-09-04T23:29:43.473168
TN12AU6687,353201357706339,0.0,34.39,80.0,03/09/2025 15:36:41,13.0454433,80.06939,06939,2025-09-04T23:29:43.473357
TN12AU6687,353201357706339,5.0,34.4,80.0,03/09/2025 15:36:36,13.0454283,80.06935,06935,2025-09-04T23:29:43.473583
TN12AU6687,353201357706339,7.0,34.41,80.0,03/09/2025 15:36:31,13.0454149,80.0692783,0692783,2025-09-04T23:29:43.473776
TN12AU6687,353201357706339,17.0,34.45,80.0,03/09/2025 15:36:27,13.0453833,80.0691466,0691466,2025-09-04T23:29:43.473980
TN12AU6687,353201357706339,30.0,34.49,80.0,03/09/2025 15:36:22,13.04528,80.0688116,0688116,2025-09-04T23:29:43.474176
TN12AU6687,353201357706339,26.0,34.52,80.0,03/09/2025 15:36:17,13.0451699,80.0684316,0684316,2025-09-04T23:29:43.474369
TN12AU6687,353201357706339,17.0,34.53,80.0,03/09/2025 15:36:12,13.0450883,80.06817,06817,2025-09-04T23:29:43.474856
TN12AU6687,353201357706339,7.0,34.55,80.0,03/09/2025 15:36:07,13.0450516,80.0680583,0680583,2025-09-04T23:29:43.475062
TN12AU6687,353201357706339,6.0,34.56,80.0,03/09/2025 15:36:02,13.0450183,80.0679383,0679383,2025-09-04T23:29:43.475264
TN12AU6687,353201357706339,0.0,34.56,80.0,03/09/2025 15:35:57,13.045,80.0678716,0678716,2025-09-04T23:29:43.475466
TN12AU6687,353201357706339,7.0,34.57,80.0,03/09/2025 15:35:52,13.0449866,80.0678316,0678316,2025-09-04T23:29:43.475652
TN12AU6687,353201357706339,16.0,34.6,80.0,03/09/2025 15:35:47,13.0449616,80.0677149,0677149,2025-09-04T23:29:43.475824
TN12AU6687,353201357706339,28.0,34.64,80.0,03/09/2025 15:35:43,13.0448883,80.0674283,0674283,2025-09-04T23:29:43.475983
TN12AU6687,353201357706339,38.0,34.69,80.0,03/09/2025 15:35:39,13.04478,80.0671,0671,2025-09-04T23:29:43.476146
TN12AU6687,353201357706339,44.0,34.75,80.0,03/09/2025 15:35:34,13.0446266,80.0666933,0666933,2025-09-04T23:29:43.476311
TN12AU6687,353201357706339,43.0,34.82,80.0,03/09/2025 15:35:29,13.0444416,80.0660883,0660883,2025-09-04T23:29:43.476472
TN12AU6687,353201357706339,45.0,34.88,80.0,03/09/2025 15:35:24,13.0442799,80.0655366,0655366,2025-09-04T23:29:43.476637
TN12AU6687,353201357706339,46.0,34.94,80.0,03/09/2025 15:35:19,13.0441133,80.06501,06501,2025-09-04T23:29:43.476791
TN12AU6687,353201357706339,41.0,35.0,80.0,03/09/2025 15:35:14,13.0439283,80.0644583,0644583,2025-09-04T23:29:43.476970
TN12AU6687,353201357706339,39.0,35.05,80.0,03/09/2025 15:35:09,13.0438033,80.063935,063935,2025-09-04T23:29:43.477162
TN12AU6687,353201357706339,43.0,35.1,80.0,03/09/2025 15:35:04,13.0436366,80.0634516,0634516,2025-09-04T23:29:43.477324
TN12AU6687,353201357706339,42.0,35.17,80.0,03/09/2025 15:34:59,13.0434233,80.063085,063085,2025-09-04T23:29:43.477457
TN12AU6687,353201357706339,41.0,35.21,80.0,03/09/2025 15:34:54,13.043145,80.06251,06251,2025-09-04T23:29:43.477634
TN12AU6687,353201357706339,41.0,35.28,80.0,03/09/2025 15:34:49,13.0429583,80.0621333,0621333,2025-09-04T23:29:43.477836
TN12AU6687,353201357706339,41.0,35.34,80.0,03/09/2025 15:34:44,13.0426866,80.0615616,0615616,2025-09-04T23:29:43.478018
TN12AU6687,353201357706339,42.0,35.4,80.0,03/09/2025 15:34:39,13.0424316,80.0611166,0611166,2025-09-04T23:29:43.478209
TN12AU6687,353201357706339,45.0,35.45,80.0,03/09/2025 15:34:34,13.0421316,80.0606133,0606133,2025-09-04T23:29:43.478432
TN12AU6687,353201357706339,49.0,35.54,81.0,03/09/2025 15:34:29,13.0419116,80.0602033,0602033,2025-09-04T23:29:43.478608
TN12AU6687,353201357706339,49.0,35.59,81.0,03/09/2025 15:34:24,13.0415866,80.0595033,0595033,2025-09-04T23:29:43.478899
TN12AU6687,353201357706339,46.0,35.67,81.0,03/09/2025 15:34:19,13.0414166,80.0590216,0590216,2025-09-04T23:29:43.479126
TN12AU6687,353201357706339,44.0,35.73,81.0,03/09/2025 15:34:14,13.0411749,80.0583966,0583966,2025-09-04T23:29:43.479326
TN12AU6687,353201357706339,44.0,35.79,81.0,03/09/2025 15:34:09,13.040975,80.05787,05787,2025-09-04T23:29:43.479530
TN12AU6687,353201357706339,45.0,35.84,81.0,03/09/2025 15:34:04,13.0407716,80.057325,057325,2025-09-04T23:29:43.479740
TN12AU6687,353201357706339,43.0,35.9,81.0,03/09/2025 15:33:59,13.0406066,80.056905,056905,2025-09-04T23:29:43.479929
TN12AU6687,353201357706339,43.0,35.97,81.0,03/09/2025 15:33:54,13.0404133,80.0563916,0563916,2025-09-04T23:29:43.480102
TN12AU6687,353201357706339,40.0,36.03,81.0,03/09/2025 15:33:49,13.040155,80.0558049,0558049,2025-09-04T23:29:43.480276
TN12AU6687,353201357706339,40.0,36.08,81.0,03/09/2025 15:33:44,13.0399649,80.0553216,0553216,2025-09-04T23:29:43.480450
TN12AU6687,353201357706339,38.0,36.14,81.0,03/09/2025 15:33:39,13.0397566,80.05485,05485,2025-09-04T23:29:43.480615
TN12AU6687,353201357706339,41.0,36.19,81.0,03/09/2025 15:33:34,13.039565,80.0543816,0543816,2025-09-04T23:29:43.480769
TN12AU6687,353201357706339,40.0,36.25,81.0,03/09/2025 15:33:29,13.03938,80.0539083,0539083,2025-09-04T23:29:43.480924
TN12AU6687,353201357706339,38.0,36.3,81.0,03/09/2025 15:33:24,13.0391833,80.0534366,0534366,2025-09-04T23:29:43.481088
TN12AU6687,353201357706339,37.0,36.34,82.0,03/09/2025 15:33:19,13.0390299,80.05297,05297,2025-09-04T23:29:43.481249
TN12AU6687,353201357706339,36.0,36.39,82.0,03/09/2025 15:33:14,13.0388533,80.0526433,0526433,2025-09-04T23:29:43.481420
TN12AU6687,353201357706339,37.0,36.45,82.0,03/09/2025 15:33:09,13.0386999,80.0522166,0522166,2025-09-04T23:29:43.481576
TN12AU6687,353201357706339,45.0,36.52,82.0,03/09/2025 15:33:04,13.0385166,80.0517133,0517133,2025-09-04T23:29:43.481712
TN12AU6687,353201357706339,44.0,36.57,82.0,03/09/2025 15:32:59,13.0382749,80.0510833,0510833,2025-09-04T23:29:43.481883
TN12AU6687,353201357706339,46.0,36.63,82.0,03/09/2025 15:32:54,13.0381249,80.050655,050655,2025-09-04T23:29:43.482049
TN12AU6687,353201357706339,47.0,36.7,82.0,03/09/2025 15:32:49,13.0379233,80.0501083,0501083,2025-09-04T23:29:43.482212
TN12AU6687,353201357706339,46.0,36.77,83.0,03/09/2025 15:32:44,13.0377266,80.0494983,0494983,2025-09-04T23:29:43.482370
TN12AU6687,353201357706339,43.0,36.83,83.0,03/09/2025 15:32:39,13.0375683,80.0489333,0489333,2025-09-04T23:29:43.482566
TN12AU6687,353201357706339,42.0,36.88,83.0,03/09/2025 15:32:34,13.0374283,80.0484,0484,2025-09-04T23:29:43.482763
TN12AU6687,353201357706339,38.0,36.94,83.0,03/09/2025 15:32:29,13.0373166,80.0478783,0478783,2025-09-04T23:29:43.482959
TN12AU6687,353201357706339,36.0,37.0,83.0,03/09/2025 15:32:24,13.0371916,80.0474166,0474166,2025-09-04T23:29:43.483151
TN12AU6687,353201357706339,34.0,37.05,83.0,03/09/2025 15:32:19,13.037075,80.0468766,0468766,2025-09-04T23:29:43.483324
TN12AU6687,353201357706339,34.0,37.08,83.0,03/09/2025 15:32:14,13.0369583,80.0464383,0464383,2025-09-04T23:29:43.483494
TN12AU6687,353201357706339,32.0,37.13,83.0,03/09/2025 15:32:09,13.0368699,80.0460983,0460983,2025-09-04T23:29:43.483690
TN12AU6687,353201357706339,32.0,37.18,83.0,03/09/2025 15:32:04,13.0367566,80.0456866,0456866,2025-09-04T23:29:43.483857
TN12AU6687,353201357706339,31.0,37.22,83.0,03/09/2025 15:31:59,13.03664,80.0452866,0452866,2025-09-04T23:29:43.484043
TN12AU6687,353201357706339,27.0,37.25,83.0,03/09/2025 15:31:54,13.0365333,80.0449166,0449166,2025-09-04T23:29:43.484242
TN12AU6687,353201357706339,25.0,37.28,83.0,03/09/2025 15:31:49,13.0364366,80.0445983,0445983,2025-09-04T23:29:43.484426
TN12AU6687,353201357706339,20.0,37.31,83.0,03/09/2025 15:31:44,13.0363533,80.0443266,0443266,2025-09-04T23:29:43.484634
TN12AU6687,353201357706339,18.0,37.34,83.0,03/09/2025 15:31:39,13.0362816,80.0441016,0441016,2025-09-04T23:29:43.484864
TN12AU6687,353201357706339,17.0,37.35,83.0,03/09/2025 15:31:34,13.0362,80.0438816,0438816,2025-09-04T23:29:43.485057
TN12AU6687,353201357706339,11.0,37.35,83.0,03/09/2025 15:31:32,13.0361816,80.04378,04378,2025-09-04T23:29:43.485238
TN12AU6687,353201357706339,7.0,37.36,83.0,03/09/2025 15:31:29,13.0361816,80.04373,04373,2025-09-04T23:29:43.485399
TN12AU6687,353201357706339,6.0,37.36,83.0,03/09/2025 15:31:27,13.0361866,80.0436916,0436916,2025-09-04T23:29:43.485544
TN12AU6687,353201357706339,8.0,37.37,83.0,03/09/2025 15:31:25,13.0362066,80.043655,043655,2025-09-04T23:29:43.485874
TN12AU6687,353201357706339,7.0,37.38,83.0,03/09/2025 15:31:23,13.0362383,80.0436233,0436233,2025-09-04T23:29:43.486122
TN12AU6687,353201357706339,10.0,37.38,83.0,03/09/2025 15:31:20,13.03632,80.043605,043605,2025-09-04T23:29:43.486304
TN12AU6687,353201357706339,13.0,37.39,83.0,03/09/2025 15:31:18,13.0363816,80.0436066,0436066,2025-09-04T23:29:43.486488
TN12AU6687,353201357706339,10.0,37.4,83.0,03/09/2025 15:31:15,13.036475,80.0436316,0436316,2025-09-04T23:29:43.486646
TN12AU6687,353201357706339,8.0,37.41,83.0,03/09/2025 15:31:13,13.03652,80.0436366,0436366,2025-09-04T23:29:43.486851
TN12AU6687,353201357706339,6.0,37.41,83.0,03/09/2025 15:31:08,13.0366016,80.04365,04365,2025-09-04T23:29:43.487062
TN12AU6687,353201357706339,9.0,37.42,83.0,03/09/2025 15:31:07,13.0366199,80.043655,043655,2025-09-04T23:29:43.487271
TN12AU6687,353201357706339,11.0,37.42,83.0,03/09/2025 15:31:04,13.0366866,80.0436783,0436783,2025-09-04T23:29:43.487485
TN12AU6687,353201357706339,0.0,37.42,83.0,03/09/2025 15:31:01,13.0367566,80.0436833,0436833,2025-09-04T23:29:43.487682
TN12AU6687,353201357706339,0.0,37.42,83.0,03/09/2025 15:30:56,13.0367633,80.043685,043685,2025-09-04T23:29:43.487886
TN12AU6687,353201357706339,11.0,37.45,83.0,03/09/2025 15:30:52,13.036815,80.0437033,0437033,2025-09-04T23:29:43.488125
TN12AU6687,353201357706339,22.0,37.48,83.0,03/09/2025 15:30:47,13.0370166,80.0437883,0437883,2025-09-04T23:29:43.488298
TN12AU6687,353201357706339,25.0,37.52,83.0,03/09/2025 15:30:42,13.0372983,80.0439,0439,2025-09-04T23:29:43.488491
TN12AU6687,353201357706339,15.0,37.53,83.0,03/09/2025 15:30:37,13.0375716,80.04403,04403,2025-09-04T23:29:43.488642
TN12AU6687,353201357706339,11.0,37.54,83.0,03/09/2025 15:30:32,13.0377116,80.0440733,0440733,2025-09-04T23:29:43.488814
TN12AU6687,353201357706339,11.0,37.54,83.0,03/09/2025 15:30:31,13.0377616,80.0440949,0440949,2025-09-04T23:29:43.488977
TN12AU6687,353201357706339,10.0,37.55,83.0,03/09/2025 15:30:29,13.0377833,80.0441133,0441133,2025-09-04T23:29:43.489148
TN12AU6687,353201357706339,9.0,37.55,83.0,03/09/2025 15:30:27,13.0378116,80.0441566,0441566,2025-09-04T23:29:43.489294
TN12AU6687,353201357706339,9.0,37.55,83.0,03/09/2025 15:30:26,13.0378199,80.04418,04418,2025-09-04T23:29:43.489497
TN12AU6687,353201357706339,8.0,37.56,83.0,03/09/2025 15:30:25,13.0378216,80.0442033,0442033,2025-09-04T23:29:43.489674
TN12AU6687,353201357706339,9.0,37.57,83.0,03/09/2025 15:30:24,13.0378116,80.0442466,0442466,2025-09-04T23:29:43.489815
TN12AU6687,353201357706339,9.0,37.58,83.0,03/09/2025 15:30:19,13.0377566,80.0443483,0443483,2025-09-04T23:29:43.489974
TN12AU6687,353201357706339,5.0,37.59,83.0,03/09/2025 15:30:14,13.0377116,80.0444383,0444383,2025-09-04T23:29:43.490108
TN12AU6687,353201357706339,5.0,37.6,83.0,03/09/2025 15:30:09,13.0376699,80.044535,044535,2025-09-04T23:29:43.490253
TN12AU6687,353201357706339,5.0,37.61,83.0,03/09/2025 15:30:04,13.0376366,80.0446083,0446083,2025-09-04T23:29:43.490403
TN12AU6687,353201357706339,0.0,37.61,83.0,03/09/2025 15:29:59,13.0376066,80.0446883,0446883,2025-09-04T23:29:43.490589
TN12AU6687,353201357706339,0.0,37.61,83.0,03/09/2025 15:29:54,13.0376033,80.0446933,0446933,2025-09-04T23:29:43.490754
TN12AU6687,353201357706339,8.0,37.62,83.0,03/09/2025 15:29:49,13.0375799,80.0447483,0447483,2025-09-04T23:29:43.490921
TN12AU6687,353201357706339,13.0,37.64,83.0,03/09/2025 15:29:44,13.0375333,80.04487,04487,2025-09-04T23:29:43.491056
TN12AU6687,353201357706339,8.0,37.65,83.0,03/09/2025 15:29:39,13.0374733,80.0450149,0450149,2025-09-04T23:29:43.491189
TN12AU6687,353201357706339,7.0,37.65,83.0,03/09/2025 15:29:36,13.0374433,80.04507,04507,2025-09-04T23:29:43.491336
TN12AU6687,353201357706339,6.0,37.65,83.0,03/09/2025 15:29:35,13.0374383,80.0450883,0450883,2025-09-04T23:29:43.491501
TN12AU6687,353201357706339,6.0,37.66,83.0,03/09/2025 15:29:33,13.0374449,80.0451216,0451216,2025-09-04T23:29:43.491653
TN12AU6687,353201357706339,7.0,37.66,83.0,03/09/2025 15:29:32,13.0374516,80.0451383,0451383,2025-09-04T23:29:43.491825
TN12AU6687,353201357706339,7.0,37.66,83.0,03/09/2025 15:29:30,13.0374783,80.0451666,0451666,2025-09-04T23:29:43.491959
TN12AU6687,353201357706339,7.0,37.66,83.0,03/09/2025 15:29:29,13.0374933,80.04518,04518,2025-09-04T23:29:43.492096
TN12AU6687,353201357706339,6.0,37.67,83.0,03/09/2025 15:29:28,13.0375149,80.0451883,0451883,2025-09-04T23:29:43.492251
TN12AU6687,353201357706339,5.0,37.68,83.0,03/09/2025 15:29:26,13.0375566,80.0451916,0451916,2025-09-04T23:29:43.492433
TN12AU6687,353201357706339,0.0,37.68,83.0,03/09/2025 15:29:21,13.0376666,80.0451533,0451533,2025-09-04T23:29:43.492619
TN12AU6687,353201357706339,0.0,37.68,83.0,03/09/2025 15:29:16,13.0376666,80.0451533,0451533,2025-09-04T23:29:43.492820
TN12AU6687,353201357706339,0.0,37.68,83.0,03/09/2025 15:29:11,13.0376716,80.045155,045155,2025-09-04T23:29:43.493038
TN12AU6687,353201357706339,6.0,37.69,83.0,03/09/2025 15:29:06,13.03772,80.0451716,0451716,2025-09-04T23:29:43.493235
TN12AU6687,353201357706339,6.0,37.69,83.0,03/09/2025 15:29:03,13.0377583,80.0451683,0451683,2025-09-04T23:29:43.493417
TN12AU6687,353201357706339,5.0,37.7,83.0,03/09/2025 15:29:02,13.0377733,80.0451616,0451616,2025-09-04T23:29:43.493614
TN12AU6687,353201357706339,0.0,37.7,83.0,03/09/2025 15:28:57,13.0378533,80.0451516,0451516,2025-09-04T23:29:43.493792
TN12AU6687,353201357706339,0.0,37.7,83.0,03/09/2025 15:28:52,13.0378533,80.0451516,0451516,2025-09-04T23:29:43.493960
TN12AU6687,353201357706339,6.0,37.71,83.0,03/09/2025 15:28:47,13.0379066,80.04516,04516,2025-09-04T23:29:43.494130
TN12AU6687,353201357706339,6.0,37.72,83.0,03/09/2025 15:28:42,13.0380083,80.0452,0452,2025-09-04T23:29:43.494292
TN12AU6687,353201357706339,0.0,37.72,83.0,03/09/2025 15:28:37,13.0380733,80.0452133,0452133,2025-09-04T23:29:43.494456
TN12AU6687,353201357706339,0.0,37.72,83.0,03/09/2025 15:28:32,13.0380733,80.0452133,0452133,2025-09-04T23:29:43.494634
TN12AU6687,353201357706339,0.0,37.72,83.0,03/09/2025 15:28:27,13.0380733,80.0452133,0452133,2025-09-04T23:29:43.494856
TN12AU6687,353201357706339,6.0,37.73,83.0,03/09/2025 15:28:22,13.0381083,80.0452083,0452083,2025-09-04T23:29:43.495035
TN12AU6687,353201357706339,0.0,37.73,83.0,03/09/2025 15:28:18,13.0381933,80.045195,045195,2025-09-04T23:29:43.495258
TN12AU6687,353201357706339,0.0,37.73,83.0,03/09/2025 15:28:13,13.0381933,80.045195,045195,2025-09-04T23:29:43.495445
TN12AU6687,353201357706339,0.0,37.73,83.0,03/09/2025 15:28:08,13.0381933,80.045195,045195,2025-09-04T23:29:43.495625
TN12AU6687,353201357706339,0.0,37.73,83.0,03/09/2025 15:28:03,13.0381933,80.045195,045195,2025-09-04T23:29:43.495811
TN12AU6687,353201357706339,0.0,37.73,83.0,03/09/2025 15:27:58,13.0381933,80.045195,045195,2025-09-04T23:29:43.495992
TN12AU6687,353201357706339,6.0,37.74,83.0,03/09/2025 15:27:53,13.038225,80.0451833,0451833,2025-09-04T23:29:43.496154
TN12AU6687,353201357706339,13.0,37.75,83.0,03/09/2025 15:27:49,13.0383516,80.0451649,0451649,2025-09-04T23:29:43.496309
TN12AU6687,353201357706339,7.0,37.76,83.0,03/09/2025 15:27:44,13.0384683,80.0451583,0451583,2025-09-04T23:29:43.496477
TN12AU6687,353201357706339,7.0,37.76,83.0,03/09/2025 15:27:43,13.03849,80.0451566,0451566,2025-09-04T23:29:43.496666
TN12AU6687,353201357706339,0.0,37.76,83.0,03/09/2025 15:27:38,13.03854,80.0451566,0451566,2025-09-04T23:29:43.496842
TN12AU6687,353201357706339,7.0,37.77,83.0,03/09/2025 15:27:33,13.0385766,80.0451583,0451583,2025-09-04T23:29:43.497005
TN12AU6687,353201357706339,16.0,37.79,83.0,03/09/2025 15:27:30,13.0386716,80.0451716,0451716,2025-09-04T23:29:43.497170
TN12AU6687,353201357706339,9.0,37.84,83.0,03/09/2025 15:27:25,13.0388216,80.0452116,0452116,2025-09-04T23:29:43.497357
TN12AU6687,353201357706339,0.0,37.84,83.0,03/09/2025 15:27:13,13.0389849,80.045645,045645,2025-09-04T23:29:43.497545
TN12AU6687,353201357706339,0.0,37.84,83.0,03/09/2025 15:26:43,13.0389849,80.045645,045645,2025-09-04T23:29:43.497748
TN12AU6687,353201357706339,0.0,37.84,83.0,03/09/2025 15:26:13,13.0389849,80.045645,045645,2025-09-04T23:29:43.497939
TN12AU6687,353201357706339,0.0,37.84,83.0,03/09/2025 15:25:43,13.0389849,80.045645,045645,2025-09-04T23:29:43.498149
TN12AU6687,353201357706339,0.0,37.84,83.0,03/09/2025 15:25:13,13.0389849,80.045645,045645,2025-09-04T23:29:43.498330
TN12AU6687,353201357706339,0.0,37.84,83.0,03/09/2025 15:24:43,13.0389849,80.045645,045645,2025-09-04T23:29:43.498526
TN12AU6687,353201357706339,0.0,37.84,83.0,03/09/2025 15:24:13,13.0389849,80.045645,045645,2025-09-04T23:29:43.498717
TN12AU6687,353201357706339,0.0,37.84,83.0,03/09/2025 15:23:43,13.0389849,80.045645,045645,2025-09-04T23:29:43.498884
TN12AU6687,353201357706339,0.0,37.84,83.0,03/09/2025 15:23:13,13.0389849,80.045645,045645,2025-09-04T23:29:43.499112
TN12AU6687,353201357706339,0.0,37.84,83.0,03/09/2025 15:22:43,13.0389849,80.045645,045645,2025-09-04T23:29:43.499333
TN12AU6687,353201357706339,0.0,37.84,83.0,03/09/2025 15:22:13,13.0389849,80.045645,045645,2025-09-04T23:29:43.499552
TN12AU6687,353201357706339,0.0,37.84,83.0,03/09/2025 15:21:43,13.0389849,80.045645,045645,2025-09-04T23:29:43.499733
TN12AU6687,353201357706339,0.0,37.84,83.0,03/09/2025 15:21:13,13.0389849,80.045645,045645,2025-09-04T23:29:43.499925
TN12AU6687,353201357706339,0.0,37.84,83.0,03/09/2025 15:20:43,13.0389849,80.045645,045645,2025-09-04T23:29:43.500095
TN12AU6687,353201357706339,0.0,37.84,83.0,03/09/2025 15:20:13,13.0389849,80.045645,045645,2025-09-04T23:29:43.500288
TN12AU6687,353201357706339,0.0,37.84,83.0,03/09/2025 15:19:43,13.0389849,80.045645,045645,2025-09-04T23:29:43.500574
TN12AU6687,353201357706339,0.0,37.84,83.0,03/09/2025 15:19:13,13.0389849,80.045645,045645,2025-09-04T23:29:43.500794
TN12AU6687,353201357706339,0.0,37.84,84.0,03/09/2025 15:18:43,13.0389849,80.045645,045645,2025-09-04T23:29:43.501008
TN12AU6687,353201357706339,0.0,37.84,85.0,03/09/2025 15:18:13,13.0389849,80.045645,045645,2025-09-04T23:29:43.501179
TN12AU6687,353201357706339,0.0,37.84,85.0,03/09/2025 15:17:43,13.0389849,80.045645,045645,2025-09-04T23:29:43.501360
TN12AU6687,353201357706339,0.0,37.84,85.0,03/09/2025 15:17:13,13.0389849,80.045645,045645,2025-09-04T23:29:43.501534
TN12AU6687,353201357706339,0.0,37.84,86.0,03/09/2025 15:16:43,13.0389849,80.045645,045645,2025-09-04T23:29:43.501725
TN12AU6687,353201357706339,0.0,37.84,86.0,03/09/2025 15:16:13,13.0389849,80.045645,045645,2025-09-04T23:29:43.501912
TN12AU6687,353201357706339,0.0,37.84,86.0,03/09/2025 15:15:43,13.0389849,80.045645,045645,2025-09-04T23:29:43.502075
TN12AU6687,353201357706339,0.0,37.84,86.0,03/09/2025 15:15:13,13.0389849,80.045645,045645,2025-09-04T23:29:43.502277
TN12AU6687,353201357706339,0.0,37.84,86.0,03/09/2025 15:14:43,13.0389849,80.045645,045645,2025-09-04T23:29:43.502475
TN12AU6687,353201357706339,0.0,37.84,0.0,03/09/2025 15:14:13,13.0389849,80.045645,045645,2025-09-04T23:29:43.502670
TN12AU6687,353201357706339,0.0,37.84,86.0,03/09/2025 13:39:25,13.0392066,80.045195,045195,2025-09-04T23:29:43.502837
TN12AU6687,353201357706339,0.0,37.84,86.0,03/09/2025 13:38:55,13.0392066,80.045195,045195,2025-09-04T23:29:43.503013
TN12AU6687,353201357706339,0.0,37.84,86.0,03/09/2025 13:38:25,13.0392066,80.045195,045195,2025-09-04T23:29:43.503157
TN12AU6687,353201357706339,0.0,37.84,86.0,03/09/2025 13:37:55,13.0392066,80.045195,045195,2025-09-04T23:29:43.503304
TN12AU6687,353201357706339,0.0,37.84,86.0,03/09/2025 13:37:25,13.0392066,80.045195,045195,2025-09-04T23:29:43.503445
TN12AU6687,353201357706339,0.0,37.84,86.0,03/09/2025 13:36:55,13.0392066,80.045195,045195,2025-09-04T23:29:43.503614
TN12AU6687,353201357706339,0.0,37.84,86.0,03/09/2025 13:36:25,13.0392066,80.045195,045195,2025-09-04T23:29:43.503747
TN12AU6687,353201357706339,0.0,37.84,86.0,03/09/2025 13:35:55,13.0392066,80.045195,045195,2025-09-04T23:29:43.503898
TN12AU6687,353201357706339,0.0,37.84,86.0,03/09/2025 13:35:25,13.0392066,80.045195,045195,2025-09-04T23:29:43.504064
TN12AU6687,353201357706339,0.0,37.84,86.0,03/09/2025 13:34:55,13.0392066,80.045195,045195,2025-09-04T23:29:43.504199
TN12AU6687,353201357706339,0.0,37.84,86.0,03/09/2025 13:34:25,13.0392066,80.045195,045195,2025-09-04T23:29:43.504343
TN12AU6687,353201357706339,0.0,37.84,86.0,03/09/2025 13:33:55,13.0392066,80.045195,045195,2025-09-04T23:29:43.504502
TN12AU6687,353201357706339,0.0,37.84,86.0,03/09/2025 13:33:25,13.0392066,80.045195,045195,2025-09-04T23:29:43.504673
TN12AU6687,353201357706339,0.0,37.84,86.0,03/09/2025 13:32:55,13.0392066,80.045195,045195,2025-09-04T23:29:43.504867
TN12AU6687,353201357706339,0.0,37.84,86.0,03/09/2025 13:32:25,13.0392066,80.045195,045195,2025-09-04T23:29:43.505038
TN12AU6687,353201357706339,0.0,37.84,86.0,03/09/2025 13:31:55,13.0392066,80.045195,045195,2025-09-04T23:29:43.505209
TN12AU6687,353201357706339,0.0,37.84,86.0,03/09/2025 13:31:53,13.0392066,80.045195,045195,2025-09-04T23:29:43.505375
TN12AU6687,353201357706339,0.0,37.84,86.0,03/09/2025 13:31:51,13.0392066,80.045195,045195,2025-09-04T23:29:43.505535
TN12AU6687,353201357706339,0.0,37.84,86.0,03/09/2025 13:31:46,13.0392066,80.045195,045195,2025-09-04T23:29:43.505696
TN12AU6687,353201357706339,0.0,37.84,86.0,03/09/2025 13:31:41,13.0392066,80.045195,045195,2025-09-04T23:29:43.505880
TN12AU6687,353201357706339,0.0,37.84,86.0,03/09/2025 13:31:36,13.0392066,80.045195,045195,2025-09-04T23:29:43.506055
TN12AU6687,353201357706339,0.0,37.84,86.0,03/09/2025 13:31:31,13.0392066,80.045195,045195,2025-09-04T23:29:43.506207
TN12AU6687,353201357706339,0.0,37.84,86.0,03/09/2025 13:31:26,13.0392066,80.045195,045195,2025-09-04T23:29:43.506380
TN12AU6687,353201357706339,0.0,37.84,86.0,03/09/2025 13:31:21,13.0392066,80.045195,045195,2025-09-04T23:29:43.506564
TN12AU6687,353201357706339,0.0,37.84,86.0,03/09/2025 13:31:16,13.0392066,80.045195,045195,2025-09-04T23:29:43.506729
TN12AU6687,353201357706339,0.0,37.84,86.0,03/09/2025 13:31:11,13.0392066,80.045195,045195,2025-09-04T23:29:43.506896
TN12AU6687,353201357706339,0.0,37.84,86.0,03/09/2025 13:31:06,13.0392066,80.045195,045195,2025-09-04T23:29:43.507051
TN12AU6687,353201357706339,0.0,37.84,86.0,03/09/2025 13:31:01,13.0392066,80.045195,045195,2025-09-04T23:29:43.507216
TN12AU6687,353201357706339,0.0,37.84,86.0,03/09/2025 13:30:56,13.0392066,80.045195,045195,2025-09-04T23:29:43.507376
TN12AU6687,353201357706339,0.0,37.84,86.0,03/09/2025 13:30:51,13.0392066,80.045195,045195,2025-09-04T23:29:43.507545
TN12AU6687,353201357706339,0.0,37.84,86.0,03/09/2025 13:30:46,13.0392066,80.045195,045195,2025-09-04T23:29:43.507742
TN12AU6687,353201357706339,0.0,37.84,86.0,03/09/2025 13:30:41,13.0392066,80.045195,045195,2025-09-04T23:29:43.507972
TN12AU6687,353201357706339,0.0,37.84,86.0,03/09/2025 13:30:36,13.0392066,80.045195,045195,2025-09-04T23:29:43.508233
TN12AU6687,353201357706339,0.0,37.84,86.0,03/09/2025 13:30:31,13.0392066,80.045195,045195,2025-09-04T23:29:43.508463
TN12AU6687,353201357706339,0.0,37.84,86.0,03/09/2025 13:30:26,13.0392066,80.045195,045195,2025-09-04T23:29:43.508663
TN12AU6687,353201357706339,0.0,37.84,86.0,03/09/2025 13:30:21,13.0392066,80.045195,045195,2025-09-04T23:29:43.508874
TN12AU6687,353201357706339,0.0,37.84,86.0,03/09/2025 13:30:16,13.0392066,80.045195,045195,2025-09-04T23:29:43.509044
TN12AU6687,353201357706339,0.0,37.84,86.0,03/09/2025 13:30:11,13.0392066,80.045195,045195,2025-09-04T23:29:43.509213
TN12AU6687,353201357706339,0.0,37.84,86.0,03/09/2025 13:30:06,13.0392066,80.045195,045195,2025-09-04T23:29:43.509381
TN12AU6687,353201357706339,0.0,37.84,86.0,03/09/2025 13:30:01,13.0392066,80.045195,045195,2025-09-04T23:29:43.509553
TN12AU6687,353201357706339,0.0,37.84,86.0,03/09/2025 13:29:39,13.0392066,80.045195,045195,2025-09-04T23:29:43.509720
TN12AU6687,353201357706339,0.0,37.84,86.0,03/09/2025 13:29:37,13.0392066,80.045195,045195,2025-09-04T23:29:43.509885
TN12AU6687,353201357706339,0.0,37.84,86.0,03/09/2025 13:29:32,13.0392066,80.045195,045195,2025-09-04T23:29:43.510051
TN12AU6687,353201357706339,0.0,37.84,86.0,03/09/2025 13:29:27,13.0392983,80.0451866,0451866,2025-09-04T23:29:43.510220
TN12AU6687,353201357706339,0.0,37.84,86.0,03/09/2025 13:29:22,13.0392983,80.0451866,0451866,2025-09-04T23:29:43.510397
TN12AU6687,353201357706339,0.0,37.84,86.0,03/09/2025 13:29:17,13.0392983,80.0451866,0451866,2025-09-04T23:29:43.510607
TN12AU6687,353201357706339,0.0,37.84,86.0,03/09/2025 13:29:12,13.0392983,80.0451866,0451866,2025-09-04T23:29:43.510800
TN12AU6687,353201357706339,0.0,37.84,86.0,03/09/2025 13:29:07,13.0392983,80.0451866,0451866,2025-09-04T23:29:43.510981
TN12AU6687,353201357706339,0.0,37.84,86.0,03/09/2025 13:29:02,13.0392983,80.0451866,0451866,2025-09-04T23:29:43.511158
TN12AU6687,353201357706339,0.0,37.84,86.0,03/09/2025 13:28:57,13.0392983,80.0451866,0451866,2025-09-04T23:29:43.511349
TN12AU6687,353201357706339,0.0,37.84,86.0,03/09/2025 13:28:52,13.0392983,80.0451866,0451866,2025-09-04T23:29:43.511525
TN12AU6687,353201357706339,0.0,37.84,86.0,03/09/2025 13:28:47,13.0392983,80.0451866,0451866,2025-09-04T23:29:43.511691
TN12AU6687,353201357706339,0.0,37.84,86.0,03/09/2025 13:28:42,13.0392983,80.0451866,0451866,2025-09-04T23:29:43.511843
TN12AU6687,353201357706339,0.0,37.84,86.0,03/09/2025 13:28:37,13.0392983,80.0451866,0451866,2025-09-04T23:29:43.511988
TN12AU6687,353201357706339,0.0,37.84,86.0,03/09/2025 13:28:32,13.0393016,80.045185,045185,2025-09-04T23:29:43.512105
TN12AU6687,353201357706339,0.0,37.84,86.0,03/09/2025 13:28:27,13.0393916,80.045225,045225,2025-09-04T23:29:43.512213
TN12AU6687,353201357706339,0.0,37.84,86.0,03/09/2025 13:28:22,13.0393916,80.045225,045225,2025-09-04T23:29:43.512461
TN12AU6687,353201357706339,0.0,37.84,86.0,03/09/2025 13:28:17,13.0393916,80.045225,045225,2025-09-04T23:29:43.512670
TN12AU6687,353201357706339,0.0,37.84,86.0,03/09/2025 13:28:12,13.0393916,80.045225,045225,2025-09-04T23:29:43.513035
TN12AU6687,353201357706339,0.0,37.84,86.0,03/09/2025 13:28:07,13.0393916,80.045225,045225,2025-09-04T23:29:43.513225
TN12AU6687,353201357706339,0.0,37.84,86.0,03/09/2025 13:28:02,13.0393916,80.045225,045225,2025-09-04T23:29:43.513434
TN12AU6687,353201357706339,2.0,37.85,86.0,03/09/2025 13:27:57,13.0394033,80.0452133,0452133,2025-09-04T23:29:43.513675
TN12AU6687,353201357706339,0.0,37.85,86.0,03/09/2025 13:27:52,13.0394916,80.0452316,0452316,2025-09-04T23:29:43.513905
TN12AU6687,353201357706339,0.0,37.85,86.0,03/09/2025 13:27:47,13.0394916,80.0452316,0452316,2025-09-04T23:29:43.514137
TN12AU6687,353201357706339,0.0,37.85,86.0,03/09/2025 13:27:42,13.0394916,80.0452316,0452316,2025-09-04T23:29:43.514321
TN12AU6687,353201357706339,0.0,37.85,86.0,03/09/2025 13:27:37,13.0394916,80.0452316,0452316,2025-09-04T23:29:43.514483
TN12AU6687,353201357706339,0.0,37.85,86.0,03/09/2025 13:27:32,13.0394916,80.0452316,0452316,2025-09-04T23:29:43.514655
TN12AU6687,353201357706339,0.0,37.85,86.0,03/09/2025 13:27:27,13.0394783,80.0452316,0452316,2025-09-04T23:29:43.514932
TN12AU6687,353201357706339,8.0,37.86,86.0,03/09/2025 13:27:22,13.03937,80.0452233,0452233,2025-09-04T23:29:43.515094
TN12AU6687,353201357706339,9.0,37.87,86.0,03/09/2025 13:27:19,13.0392966,80.04521,04521,2025-09-04T23:29:43.515266
TN12AU6687,353201357706339,7.0,37.88,86.0,03/09/2025 13:27:14,13.0391649,80.0451683,0451683,2025-09-04T23:29:43.515462
TN12AU6687,353201357706339,7.0,37.89,86.0,03/09/2025 13:27:12,13.0391216,80.0451566,0451566,2025-09-04T23:29:43.515650
TN12AU6687,353201357706339,7.0,37.9,86.0,03/09/2025 13:27:07,13.0389949,80.0451583,0451583,2025-09-04T23:29:43.515818
TN12AU6687,353201357706339,7.0,37.91,86.0,03/09/2025 13:27:03,13.038895,80.0451583,0451583,2025-09-04T23:29:43.515992
TN12AU6687,353201357706339,0.0,37.91,86.0,03/09/2025 13:27:00,13.0388483,80.0451583,0451583,2025-09-04T23:29:43.516179
TN12AU6687,353201357706339,0.0,37.91,86.0,03/09/2025 13:26:55,13.0388483,80.0451583,0451583,2025-09-04T23:29:43.516338
TN12AU6687,353201357706339,0.0,37.91,86.0,03/09/2025 13:26:50,13.0388483,80.0451533,0451533,2025-09-04T23:29:43.516528
TN12AU6687,353201357706339,6.0,37.92,86.0,03/09/2025 13:26:45,13.0387916,80.04515,04515,2025-09-04T23:29:43.516707
TN12AU6687,353201357706339,6.0,37.92,86.0,03/09/2025 13:26:40,13.0386983,80.0451483,0451483,2025-09-04T23:29:43.516867
TN12AU6687,353201357706339,7.0,37.94,86.0,03/09/2025 13:26:38,13.038655,80.0451466,0451466,2025-09-04T23:29:43.517046
TN12AU6687,353201357706339,7.0,37.94,86.0,03/09/2025 13:26:33,13.0385483,80.0451416,0451416,2025-09-04T23:29:43.517207
TN12AU6687,353201357706339,6.0,37.96,86.0,03/09/2025 13:26:31,13.0385016,80.0451433,0451433,2025-09-04T23:29:43.517380
TN12AU6687,353201357706339,5.0,37.97,86.0,03/09/2025 13:26:26,13.0383783,80.0451366,0451366,2025-09-04T23:29:43.517576
TN12AU6687,353201357706339,5.0,37.98,86.0,03/09/2025 13:26:21,13.0382783,80.0451333,0451333,2025-09-04T23:29:43.517776
TN12AU6687,353201357706339,6.0,37.98,86.0,03/09/2025 13:26:16,13.0381666,80.045155,045155,2025-09-04T23:29:43.517979
TN12AU6687,353201357706339,6.0,37.99,86.0,03/09/2025 13:26:15,13.0381483,80.0451566,0451566,2025-09-04T23:29:43.518154
TN12AU6687,353201357706339,6.0,38.0,86.0,03/09/2025 13:26:10,13.0380483,80.0451783,0451783,2025-09-04T23:29:43.518325
TN12AU6687,353201357706339,7.0,38.0,86.0,03/09/2025 13:26:09,13.038,80.045185,045185,2025-09-04T23:29:43.518516
TN12AU6687,353201357706339,7.0,38.01,86.0,03/09/2025 13:26:07,13.0379616,80.045195,045195,2025-09-04T23:29:43.518701
TN12AU6687,353201357706339,5.0,38.02,86.0,03/09/2025 13:26:02,13.037865,80.045205,045205,2025-09-04T23:29:43.518889
TN12AU6687,353201357706339,3.0,38.03,86.0,03/09/2025 13:25:57,13.0377883,80.04521,04521,2025-09-04T23:29:43.519076
TN12AU6687,353201357706339,4.0,38.04,86.0,03/09/2025 13:25:52,13.0377083,80.0452283,0452283,2025-09-04T23:29:43.519267
TN12AU6687,353201357706339,4.0,38.05,86.0,03/09/2025 13:25:47,13.03762,80.0452516,0452516,2025-09-04T23:29:43.519443
TN12AU6687,353201357706339,2.0,38.05,86.0,03/09/2025 13:25:42,13.03757,80.04527,04527,2025-09-04T23:29:43.519616
TN12AU6687,353201357706339,2.0,38.05,86.0,03/09/2025 13:25:37,13.0375283,80.04527,04527,2025-09-04T23:29:43.519784
TN12AU6687,353201357706339,1.0,38.06,86.0,03/09/2025 13:25:32,13.0375016,80.0452666,0452666,2025-09-04T23:29:43.519955
TN12AU6687,353201357706339,2.0,38.08,0.0,03/09/2025 13:25:27,13.03749,80.04526,04526,2025-09-04T23:29:43.520111
TN12AU6687,353201357706339,3.0,38.1,0.0,03/09/2025 13:25:22,13.0373716,80.0450516,0450516,2025-09-04T23:29:43.520273
TN12AU6687,353201357706339,0.0,38.1,0.0,03/09/2025 13:25:21,13.0375483,80.0449933,0449933,2025-09-04T23:29:43.520444
TN12AU6687,353201357706339,0.0,38.1,0.0,03/09/2025 13:25:16,13.0375483,80.0449933,0449933,2025-09-04T23:29:43.520597
TN12AU6687,353201357706339,0.0,38.1,0.0,03/09/2025 11:45:24,13.0375483,80.0449933,0449933,2025-09-04T23:29:43.520754
TN12AU6687,353201357706339,0.0,38.1,0.0,03/09/2025 11:45:19,13.0375483,80.0449933,0449933,2025-09-04T23:29:43.520918
TN12AU6687,353201357706339,0.0,38.1,0.0,03/09/2025 11:45:14,13.0375483,80.0449933,0449933,2025-09-04T23:29:43.521102
TN12AU6687,353201357706339,0.0,38.1,86.0,03/09/2025 08:45:09,13.0375483,80.0449933,0449933,2025-09-04T23:29:43.521275
TN12AU6687,353201357706339,0.0,38.1,86.0,03/09/2025 08:44:39,13.0375483,80.0449933,0449933,2025-09-04T23:29:43.521442
TN12AU6687,353201357706339,0.0,38.1,86.0,03/09/2025 08:44:09,13.0375483,80.0449933,0449933,2025-09-04T23:29:43.521600
TN12AU6687,353201357706339,0.0,38.1,86.0,03/09/2025 08:43:39,13.0375483,80.0449933,0449933,2025-09-04T23:29:43.521752
TN12AU6687,353201357706339,0.0,38.1,86.0,03/09/2025 08:43:09,13.0375483,80.0449933,0449933,2025-09-04T23:29:43.521937
TN12AU6687,353201357706339,0.0,38.1,86.0,03/09/2025 08:42:39,13.0375483,80.0449933,0449933,2025-09-04T23:29:43.522113
TN12AU6687,353201357706339,0.0,38.1,86.0,03/09/2025 08:42:09,13.0375483,80.0449933,0449933,2025-09-04T23:29:43.522248
TN12AU6687,353201357706339,0.0,38.1,86.0,03/09/2025 08:41:39,13.0375483,80.0449933,0449933,2025-09-04T23:29:43.522398
TN12AU6687,353201357706339,0.0,38.1,87.0,03/09/2025 08:41:09,13.0375483,80.0449933,0449933,2025-09-04T23:29:43.522593
TN12AU6687,353201357706339,0.0,38.1,87.0,03/09/2025 08:40:39,13.0375483,80.0449933,0449933,2025-09-04T23:29:43.522805
TN12AU6687,353201357706339,0.0,38.1,87.0,03/09/2025 08:40:38,13.0375483,80.0449933,0449933,2025-09-04T23:29:43.523017
TN12AU6687,353201357706339,0.0,38.1,87.0,03/09/2025 08:40:35,13.0375483,80.0449933,0449933,2025-09-04T23:29:43.523212
TN12AU6687,353201357706339,0.0,38.1,87.0,03/09/2025 08:40:30,13.0375483,80.0449933,0449933,2025-09-04T23:29:43.523381
TN12AU6687,353201357706339,0.0,38.1,87.0,03/09/2025 08:40:25,13.0375483,80.0449933,0449933,2025-09-04T23:29:43.523644
TN12AU6687,353201357706339,0.0,38.1,87.0,03/09/2025 08:40:20,13.0375483,80.0449933,0449933,2025-09-04T23:29:43.523839
TN12AU6687,353201357706339,0.0,38.1,88.0,03/09/2025 08:40:15,13.0375483,80.0449933,0449933,2025-09-04T23:29:43.524048
TN12AU6687,353201357706339,0.0,38.1,88.0,03/09/2025 08:40:10,13.0375483,80.0449933,0449933,2025-09-04T23:29:43.524236
TN12AU6687,353201357706339,0.0,38.1,88.0,03/09/2025 08:40:05,13.0375483,80.0449933,0449933,2025-09-04T23:29:43.524449
TN12AU6687,353201357706339,0.0,38.1,88.0,03/09/2025 08:40:00,13.0375483,80.0449933,0449933,2025-09-04T23:29:43.524661
TN12AU6687,353201357706339,0.0,38.1,88.0,03/09/2025 08:39:55,13.0375483,80.0449933,0449933,2025-09-04T23:29:43.524876
TN12AU6687,353201357706339,0.0,38.1,88.0,03/09/2025 08:39:50,13.0375483,80.0449933,0449933,2025-09-04T23:29:43.525074
TN12AU6687,353201357706339,0.0,38.1,88.0,03/09/2025 08:39:45,13.0375483,80.0449933,0449933,2025-09-04T23:29:43.525272
TN12AU6687,353201357706339,0.0,38.1,88.0,03/09/2025 08:39:40,13.0375483,80.0449933,0449933,2025-09-04T23:29:43.525450
TN12AU6687,353201357706339,0.0,38.1,88.0,03/09/2025 08:39:35,13.0375483,80.0449933,0449933,2025-09-04T23:29:43.525608
TN12AU6687,353201357706339,0.0,38.1,88.0,03/09/2025 08:39:30,13.0375483,80.0449933,0449933,2025-09-04T23:29:43.525993
TN12AU6687,353201357706339,0.0,38.1,88.0,03/09/2025 08:39:25,13.0375483,80.0449933,0449933,2025-09-04T23:29:43.526197
TN12AU6687,353201357706339,0.0,38.1,88.0,03/09/2025 08:39:20,13.0375483,80.0449933,0449933,2025-09-04T23:29:43.526408
TN12AU6687,353201357706339,0.0,38.1,87.0,03/09/2025 08:39:15,13.0375483,80.0449933,0449933,2025-09-04T23:29:43.526615
TN12AU6687,353201357706339,0.0,38.1,87.0,03/09/2025 08:39:10,13.0375483,80.0449933,0449933,2025-09-04T23:29:43.526790
TN12AU6687,353201357706339,0.0,38.1,87.0,03/09/2025 08:39:05,13.0375483,80.0449933,0449933,2025-09-04T23:29:43.526975
TN12AU6687,353201357706339,0.0,38.1,87.0,03/09/2025 08:39:05,13.0375483,80.0449933,0449933,2025-09-04T23:29:43.527188
TN12AU6687,353201357706339,0.0,38.1,87.0,03/09/2025 08:38:50,13.0375483,80.0449933,0449933,2025-09-04T23:29:43.527395
TN12AU6687,353201357706339,0.0,38.1,86.0,03/09/2025 08:38:48,13.0375483,80.0449933,0449933,2025-09-04T23:29:43.527591
TN12AU6687,353201357706339,0.0,38.1,86.0,03/09/2025 08:38:43,13.0375483,80.0449933,0449933,2025-09-04T23:29:43.527777
TN12AU6687,353201357706339,0.0,38.1,86.0,03/09/2025 08:38:38,13.0375483,80.0449933,0449933,2025-09-04T23:29:43.527940
TN12AU6687,353201357706339,0.0,38.1,86.0,03/09/2025 08:38:33,13.0375483,80.0449933,0449933,2025-09-04T23:29:43.528129
TN12AU6687,353201357706339,0.0,38.1,86.0,03/09/2025 08:38:28,13.0375483,80.0449933,0449933,2025-09-04T23:29:43.528331
TN12AU6687,353201357706339,0.0,38.1,86.0,03/09/2025 08:38:23,13.0375483,80.0449933,0449933,2025-09-04T23:29:43.528521
TN12AU6687,353201357706339,0.0,38.1,86.0,03/09/2025 08:38:18,13.0375483,80.0449933,0449933,2025-09-04T23:29:43.528694
TN12AU6687,353201357706339,0.0,38.1,85.0,03/09/2025 08:38:13,13.0375483,80.0449933,0449933,2025-09-04T23:29:43.528866
TN12AU6687,353201357706339,0.0,38.1,85.0,03/09/2025 08:38:08,13.0375483,80.0449933,0449933,2025-09-04T23:29:43.529034
TN12AU6687,353201357706339,0.0,38.1,85.0,03/09/2025 08:38:03,13.0375483,80.0449933,0449933,2025-09-04T23:29:43.529206
TN12AU6687,353201357706339,0.0,38.1,85.0,03/09/2025 08:37:58,13.0375483,80.0449933,0449933,2025-09-04T23:29:43.529403
TN12AU6687,353201357706339,0.0,38.1,85.0,03/09/2025 08:37:53,13.0375483,80.0449933,0449933,2025-09-04T23:29:43.529595
TN12AU6687,353201357706339,0.0,38.1,85.0,03/09/2025 08:37:48,13.0375483,80.0449933,0449933,2025-09-04T23:29:43.529780
TN12AU6687,353201357706339,0.0,38.1,85.0,03/09/2025 08:37:43,13.0375483,80.0449933,0449933,2025-09-04T23:29:43.529943
TN12AU6687,353201357706339,0.0,38.1,85.0,03/09/2025 08:37:38,13.0375483,80.0449933,0449933,2025-09-04T23:29:43.530113
TN12AU6687,353201357706339,0.0,38.1,85.0,03/09/2025 08:37:33,13.0375483,80.0449933,0449933,2025-09-04T23:29:43.530280
TN12AU6687,353201357706339,0.0,38.1,85.0,03/09/2025 08:37:28,13.0375483,80.0449933,0449933,2025-09-04T23:29:43.530454
TN12AU6687,353201357706339,0.0,38.1,85.0,03/09/2025 08:37:23,13.0375483,80.0449933,0449933,2025-09-04T23:29:43.530617
TN12AU6687,353201357706339,0.0,38.1,85.0,03/09/2025 08:37:18,13.0375483,80.0449933,0449933,2025-09-04T23:29:43.530814
TN12AU6687,353201357706339,0.0,38.1,85.0,03/09/2025 08:37:13,13.0375483,80.0449933,0449933,2025-09-04T23:29:43.530995
TN12AU6687,353201357706339,0.0,38.1,85.0,03/09/2025 08:37:08,13.0375483,80.0449933,0449933,2025-09-04T23:29:43.531157
TN12AU6687,353201357706339,0.0,38.1,85.0,03/09/2025 08:37:03,13.0375483,80.0449933,0449933,2025-09-04T23:29:43.531330
TN12AU6687,353201357706339,0.0,38.1,85.0,03/09/2025 08:36:58,13.0375483,80.0449933,0449933,2025-09-04T23:29:43.531494
TN12AU6687,353201357706339,0.0,38.1,85.0,03/09/2025 08:36:53,13.0375483,80.0449933,0449933,2025-09-04T23:29:43.531676
TN12AU6687,353201357706339,0.0,38.1,85.0,03/09/2025 08:36:48,13.0375516,80.04499,04499,2025-09-04T23:29:43.531833
TN12AU6687,353201357706339,7.0,38.12,86.0,03/09/2025 08:36:43,13.0375816,80.044935,044935,2025-09-04T23:29:43.532017
TN12AU6687,353201357706339,10.0,38.13,86.0,03/09/2025 08:36:38,13.037625,80.0448133,0448133,2025-09-04T23:29:43.532179
TN12AU6687,353201357706339,10.0,38.15,86.0,03/09/2025 08:36:33,13.037675,80.0446783,0446783,2025-09-04T23:29:43.532335
TN12AU6687,353201357706339,14.0,38.17,86.0,03/09/2025 08:36:28,13.0377533,80.044525,044525,2025-09-04T23:29:43.532514
TN12AU6687,353201357706339,12.0,38.18,86.0,03/09/2025 08:36:23,13.0378533,80.0443633,0443633,2025-09-04T23:29:43.532726
TN12AU6687,353201357706339,11.0,38.18,86.0,03/09/2025 08:36:21,13.0378933,80.0443116,0443116,2025-09-04T23:29:43.532921
TN12AU6687,353201357706339,11.0,38.19,86.0,03/09/2025 08:36:20,13.0379033,80.0442816,0442816,2025-09-04T23:29:43.533110
TN12AU6687,353201357706339,10.0,38.19,86.0,03/09/2025 08:36:19,13.037905,80.04425,04425,2025-09-04T23:29:43.533307
TN12AU6687,353201357706339,10.0,38.2,86.0,03/09/2025 08:36:18,13.0378999,80.0442216,0442216,2025-09-04T23:29:43.533499
TN12AU6687,353201357706339,10.0,38.2,86.0,03/09/2025 08:36:16,13.0378716,80.044175,044175,2025-09-04T23:29:43.533720
TN12AU6687,353201357706339,11.0,38.21,86.0,03/09/2025 08:36:15,13.0378516,80.0441583,0441583,2025-09-04T23:29:43.533913
TN12AU6687,353201357706339,16.0,38.24,86.0,03/09/2025 08:36:13,13.03779,80.0441233,0441233,2025-09-04T23:29:43.534074
TN12AU6687,353201357706339,21.0,38.27,86.0,03/09/2025 08:36:08,13.037545,80.0440183,0440183,2025-09-04T23:29:43.534257
TN12AU6687,353201357706339,20.0,38.3,86.0,03/09/2025 08:36:03,13.0373083,80.0438933,0438933,2025-09-04T23:29:43.534444
TN12AU6687,353201357706339,22.0,38.33,86.0,03/09/2025 08:35:58,13.0370316,80.0437583,0437583,2025-09-04T23:29:43.534617
TN12AU6687,353201357706339,19.0,38.36,86.0,03/09/2025 08:35:53,13.0367666,80.0436616,0436616,2025-09-04T23:29:43.534804
TN12AU6687,353201357706339,15.0,38.38,86.0,03/09/2025 08:35:48,13.036515,80.0436133,0436133,2025-09-04T23:29:43.535006
TN12AU6687,353201357706339,9.0,38.4,86.0,03/09/2025 08:35:43,13.0363033,80.0435899,0435899,2025-09-04T23:29:43.535178
TN12AU6687,353201357706339,7.0,38.4,86.0,03/09/2025 08:35:41,13.0361716,80.0435283,0435283,2025-09-04T23:29:43.535331
TN12AU6687,353201357706339,0.0,38.4,86.0,03/09/2025 08:35:36,13.0361716,80.0435283,0435283,2025-09-04T23:29:43.535488
TN12AU6687,353201357706339,0.0,38.4,86.0,03/09/2025 08:35:31,13.0361716,80.0435283,0435283,2025-09-04T23:29:43.535649
TN12AU6687,353201357706339,0.0,38.4,86.0,03/09/2025 08:35:26,13.0361716,80.0435283,0435283,2025-09-04T23:29:43.535804
TN12AU6687,353201357706339,0.0,38.4,86.0,03/09/2025 08:35:21,13.0361716,80.0435283,0435283,2025-09-04T23:29:43.535944
TN12AU6687,353201357706339,0.0,38.4,86.0,03/09/2025 08:35:16,13.0361716,80.0435283,0435283,2025-09-04T23:29:43.536128
TN12AU6687,353201357706339,0.0,38.4,86.0,03/09/2025 08:35:11,13.0361716,80.0435283,0435283,2025-09-04T23:29:43.536305
TN12AU6687,353201357706339,0.0,38.4,86.0,03/09/2025 08:35:06,13.0361716,80.0435283,0435283,2025-09-04T23:29:43.536469
TN12AU6687,353201357706339,6.0,38.4,86.0,03/09/2025 08:35:01,13.03621,80.043575,043575,2025-09-04T23:29:43.536636
TN12AU6687,353201357706339,8.0,38.41,86.0,03/09/2025 08:35:00,13.0362183,80.0435933,0435933,2025-09-04T23:29:43.536809
TN12AU6687,353201357706339,0.0,38.41,86.0,03/09/2025 08:34:56,13.0362666,80.0436149,0436149,2025-09-04T23:29:43.536961
TN12AU6687,353201357706339,7.0,38.42,86.0,03/09/2025 08:34:51,13.0363316,80.04363,04363,2025-09-04T23:29:43.537126
TN12AU6687,353201357706339,7.0,38.42,86.0,03/09/2025 08:34:47,13.0364116,80.0436266,0436266,2025-09-04T23:29:43.537293
TN12AU6687,353201357706339,7.0,38.43,86.0,03/09/2025 08:34:44,13.0364716,80.04363,04363,2025-09-04T23:29:43.537461
TN12AU6687,353201357706339,7.0,38.43,86.0,03/09/2025 08:34:42,13.0365116,80.0436416,0436416,2025-09-04T23:29:43.537671
TN12AU6687,353201357706339,7.0,38.44,86.0,03/09/2025 08:34:41,13.03653,80.0436449,0436449,2025-09-04T23:29:43.537868
TN12AU6687,353201357706339,9.0,38.46,86.0,03/09/2025 08:34:37,13.0366233,80.0436566,0436566,2025-09-04T23:29:43.538055
TN12AU6687,353201357706339,21.0,38.49,86.0,03/09/2025 08:34:32,13.0368333,80.043715,043715,2025-09-04T23:29:43.538216
TN12AU6687,353201357706339,22.0,38.52,86.0,03/09/2025 08:34:27,13.0370933,80.0438083,0438083,2025-09-04T23:29:43.538408
TN12AU6687,353201357706339,19.0,38.54,86.0,03/09/2025 08:34:22,13.0373249,80.0439216,0439216,2025-09-04T23:29:43.538591
TN12AU6687,353201357706339,10.0,38.56,86.0,03/09/2025 08:34:17,13.0374966,80.0440066,0440066,2025-09-04T23:29:43.538767
TN12AU6687,353201357706339,6.0,38.57,86.0,03/09/2025 08:34:12,13.037585,80.04407,04407,2025-09-04T23:29:43.538932
TN12AU6687,353201357706339,3.0,38.57,86.0,03/09/2025 08:34:07,13.03768,80.0440866,0440866,2025-09-04T23:29:43.539256
TN12AU6687,353201357706339,0.0,38.57,86.0,03/09/2025 08:34:02,13.03768,80.0440866,0440866,2025-09-04T23:29:43.539485
TN12AU6687,353201357706339,0.0,38.57,86.0,03/09/2025 08:33:57,13.03768,80.0440866,0440866,2025-09-04T23:29:43.539684
TN12AU6687,353201357706339,4.0,38.57,86.0,03/09/2025 08:33:52,13.0376933,80.0440933,0440933,2025-09-04T23:29:43.539856
TN12AU6687,353201357706339,0.0,38.57,86.0,03/09/2025 08:33:47,13.0377383,80.04411,04411,2025-09-04T23:29:43.540014
TN12AU6687,353201357706339,0.0,38.57,86.0,03/09/2025 08:33:42,13.0377433,80.04411,04411,2025-09-04T23:29:43.540203
TN12AU6687,353201357706339,6.0,38.58,86.0,03/09/2025 08:33:37,13.037815,80.0441216,0441216,2025-09-04T23:29:43.540407
TN12AU6687,353201357706339,6.0,38.58,86.0,03/09/2025 08:33:35,13.0378433,80.044135,044135,2025-09-04T23:29:43.540634
TN12AU6687,353201357706339,5.0,38.59,86.0,03/09/2025 08:33:32,13.0378766,80.044165,044165,2025-09-04T23:29:43.540836
TN12AU6687,353201357706339,0.0,38.59,86.0,03/09/2025 08:33:27,13.0378949,80.04421,04421,2025-09-04T23:29:43.541011
TN12AU6687,353201357706339,5.0,38.59,86.0,03/09/2025 08:33:22,13.037885,80.044255,044255,2025-09-04T23:29:43.541205
TN12AU6687,353201357706339,5.0,38.6,86.0,03/09/2025 08:33:17,13.0378583,80.04433,04433,2025-09-04T23:29:43.541425
TN12AU6687,353201357706339,5.0,38.61,85.0,03/09/2025 08:33:12,13.0378183,80.0443933,0443933,2025-09-04T23:29:43.541636
TN12AU6687,353201357706339,6.0,38.62,85.0,03/09/2025 08:33:07,13.0377683,80.0444533,0444533,2025-09-04T23:29:43.541815
TN12AU6687,353201357706339,6.0,38.62,85.0,03/09/2025 08:33:02,13.0377116,80.0445149,0445149,2025-09-04T23:29:43.541994
TN12AU6687,353201357706339,0.0,38.62,85.0,03/09/2025 08:32:59,13.0376816,80.0445283,0445283,2025-09-04T23:29:43.542183
TN12AU6687,353201357706339,0.0,38.62,85.0,03/09/2025 08:32:54,13.0376816,80.0445283,0445283,2025-09-04T23:29:43.542380
TN12AU6687,353201357706339,0.0,38.62,85.0,03/09/2025 08:32:49,13.0376816,80.0445283,0445283,2025-09-04T23:29:43.542594
TN12AU6687,353201357706339,0.0,38.62,85.0,03/09/2025 08:32:44,13.0376816,80.0445283,0445283,2025-09-04T23:29:43.542794
TN12AU6687,353201357706339,0.0,38.62,85.0,03/09/2025 08:32:39,13.0376816,80.0445283,0445283,2025-09-04T23:29:43.542993
TN12AU6687,353201357706339,0.0,38.62,85.0,03/09/2025 08:32:34,13.0376816,80.0445283,0445283,2025-09-04T23:29:43.543175
TN12AU6687,353201357706339,0.0,38.62,85.0,03/09/2025 08:32:29,13.0376816,80.0445283,0445283,2025-09-04T23:29:43.543360
TN12AU6687,353201357706339,0.0,38.62,85.0,03/09/2025 08:32:24,13.0376816,80.0445283,0445283,2025-09-04T23:29:43.543556
TN12AU6687,353201357706339,0.0,38.62,85.0,03/09/2025 08:32:19,13.0376816,80.0445283,0445283,2025-09-04T23:29:43.543734
TN12AU6687,353201357706339,0.0,38.62,85.0,03/09/2025 08:32:14,13.0376816,80.0445283,0445283,2025-09-04T23:29:43.543919
TN12AU6687,353201357706339,0.0,38.62,85.0,03/09/2025 08:32:09,13.0376816,80.0445283,0445283,2025-09-04T23:29:43.544094
TN12AU6687,353201357706339,0.0,38.62,85.0,03/09/2025 08:32:04,13.0376816,80.0445283,0445283,2025-09-04T23:29:43.544302
TN12AU6687,353201357706339,0.0,38.62,85.0,03/09/2025 08:31:59,13.0376816,80.0445283,0445283,2025-09-04T23:29:43.544489
TN12AU6687,353201357706339,0.0,38.62,85.0,03/09/2025 08:31:54,13.0376816,80.0445283,0445283,2025-09-04T23:29:43.544665
TN12AU6687,353201357706339,0.0,38.62,85.0,03/09/2025 08:31:49,13.0376816,80.0445283,0445283,2025-09-04T23:29:43.544831
TN12AU6687,353201357706339,0.0,38.62,85.0,03/09/2025 08:31:44,13.0376816,80.0445283,0445283,2025-09-04T23:29:43.544995
TN12AU6687,353201357706339,0.0,38.62,85.0,03/09/2025 08:31:43,13.0376816,80.0445283,0445283,2025-09-04T23:29:43.545169
TN12AU6687,353201357706339,0.0,38.62,85.0,03/09/2025 08:31:43,13.0376816,80.0445283,0445283,2025-09-04T23:29:43.545358
TN12AU6687,353201357706339,0.0,38.62,85.0,03/09/2025 08:31:30,13.0376816,80.0445283,0445283,2025-09-04T23:29:43.545539
TN12AU6687,353201357706339,0.0,38.62,85.0,03/09/2025 08:31:29,13.0376816,80.0445283,0445283,2025-09-04T23:29:43.545726
TN12AU6687,353201357706339,0.0,38.62,85.0,03/09/2025 08:31:25,13.0376816,80.0445283,0445283,2025-09-04T23:29:43.545898
TN12AU6687,353201357706339,0.0,38.62,85.0,03/09/2025 08:31:20,13.0376816,80.0445283,0445283,2025-09-04T23:29:43.546060
TN12AU6687,353201357706339,0.0,38.62,85.0,03/09/2025 08:31:15,13.0376816,80.0445283,0445283,2025-09-04T23:29:43.546228
TN12AU6687,353201357706339,0.0,38.62,85.0,03/09/2025 08:31:10,13.0376816,80.0445283,0445283,2025-09-04T23:29:43.546389
TN12AU6687,353201357706339,0.0,38.62,85.0,03/09/2025 08:31:05,13.0376816,80.0445283,0445283,2025-09-04T23:29:43.546558
TN12AU6687,353201357706339,0.0,38.62,85.0,03/09/2025 08:31:00,13.0376816,80.0445283,0445283,2025-09-04T23:29:43.546726
TN12AU6687,353201357706339,0.0,38.62,85.0,03/09/2025 08:30:55,13.0376816,80.0445283,0445283,2025-09-04T23:29:43.546900
TN12AU6687,353201357706339,0.0,38.62,85.0,03/09/2025 08:30:50,13.0376816,80.0445283,0445283,2025-09-04T23:29:43.547068
TN12AU6687,353201357706339,0.0,38.62,85.0,03/09/2025 08:30:45,13.0376816,80.0445283,0445283,2025-09-04T23:29:43.547237
TN12AU6687,353201357706339,0.0,38.62,85.0,03/09/2025 08:30:40,13.0376816,80.0445283,0445283,2025-09-04T23:29:43.547405
TN12AU6687,353201357706339,0.0,38.62,85.0,03/09/2025 08:30:35,13.0376816,80.0445283,0445283,2025-09-04T23:29:43.547567
TN12AU6687,353201357706339,0.0,38.62,85.0,03/09/2025 08:30:30,13.0376816,80.0445283,0445283,2025-09-04T23:29:43.547744
TN12AU6687,353201357706339,0.0,38.62,85.0,03/09/2025 08:30:25,13.0376816,80.0445283,0445283,2025-09-04T23:29:43.547931
TN12AU6687,353201357706339,0.0,38.62,85.0,03/09/2025 08:30:20,13.0376816,80.0445283,0445283,2025-09-04T23:29:43.548112
TN12AU6687,353201357706339,0.0,38.62,85.0,03/09/2025 08:30:15,13.0376816,80.0445283,0445283,2025-09-04T23:29:43.548301
TN12AU6687,353201357706339,0.0,38.62,85.0,03/09/2025 08:30:10,13.0376816,80.0445283,0445283,2025-09-04T23:29:43.548470
TN12AU6687,353201357706339,0.0,38.62,85.0,03/09/2025 08:30:05,13.0376816,80.0445283,0445283,2025-09-04T23:29:43.548653
TN12AU6687,353201357706339,0.0,38.62,85.0,03/09/2025 08:30:00,13.0376816,80.0445283,0445283,2025-09-04T23:29:43.548830
TN12AU6687,353201357706339,0.0,38.62,85.0,03/09/2025 08:29:55,13.0376816,80.0445283,0445283,2025-09-04T23:29:43.549001
TN12AU6687,353201357706339,0.0,38.62,85.0,03/09/2025 08:29:50,13.0376816,80.0445283,0445283,2025-09-04T23:29:43.549173
TN12AU6687,353201357706339,0.0,38.62,85.0,03/09/2025 08:29:45,13.0376816,80.0445283,0445283,2025-09-04T23:29:43.549353
TN12AU6687,353201357706339,0.0,38.62,85.0,03/09/2025 08:29:40,13.0376816,80.0445283,0445283,2025-09-04T23:29:43.549534
TN12AU6687,353201357706339,0.0,38.62,85.0,03/09/2025 08:29:37,13.03765,80.0446133,0446133,2025-09-04T23:29:43.549701
TN12AU6687,353201357706339,0.0,38.62,85.0,03/09/2025 08:29:36,13.03765,80.0446133,0446133,2025-09-04T23:29:43.549912
TN12AU6687,353201357706339,0.0,38.62,85.0,03/09/2025 08:29:32,13.03765,80.0446133,0446133,2025-09-04T23:29:43.550099
TN12AU6687,353201357706339,0.0,38.62,85.0,03/09/2025 08:29:25,13.03765,80.0446133,0446133,2025-09-04T23:29:43.550262
TN12AU6687,353201357706339,0.0,38.62,85.0,03/09/2025 08:28:55,13.03765,80.0446133,0446133,2025-09-04T23:29:43.550433
TN12AU6687,353201357706339,0.0,38.62,85.0,03/09/2025 08:28:25,13.03765,80.0446133,0446133,2025-09-04T23:29:43.550599
TN12AU6687,353201357706339,0.0,38.62,85.0,03/09/2025 08:27:55,13.03765,80.0446133,0446133,2025-09-04T23:29:43.550764
TN12AU6687,353201357706339,0.0,38.62,85.0,03/09/2025 08:27:25,13.03765,80.0446133,0446133,2025-09-04T23:29:43.550916
TN12AU6687,353201357706339,0.0,38.62,85.0,03/09/2025 08:26:55,13.03765,80.0446133,0446133,2025-09-04T23:29:43.551080
TN12AU6687,353201357706339,0.0,38.62,86.0,03/09/2025 08:26:25,13.03765,80.0446133,0446133,2025-09-04T23:29:43.551245
TN12AU6687,353201357706339,0.0,38.62,86.0,03/09/2025 08:25:55,13.03765,80.0446133,0446133,2025-09-04T23:29:43.551393
TN12AU6687,353201357706339,0.0,38.62,86.0,03/09/2025 08:25:25,13.03765,80.0446133,0446133,2025-09-04T23:29:43.551549
TN12AU6687,353201357706339,0.0,38.62,86.0,03/09/2025 08:25:24,13.03765,80.0446133,0446133,2025-09-04T23:29:43.551719
TN12AU6687,353201357706339,0.0,38.62,86.0,03/09/2025 08:25:22,13.03765,80.0446133,0446133,2025-09-04T23:29:43.551864
TN12AU6687,353201357706339,0.0,38.62,86.0,03/09/2025 08:25:17,13.03765,80.0446133,0446133,2025-09-04T23:29:43.552010
TN12AU6687,353201357706339,0.0,38.62,86.0,03/09/2025 08:25:12,13.03765,80.0446133,0446133,2025-09-04T23:29:43.552147
TN12AU6687,353201357706339,0.0,38.62,86.0,03/09/2025 08:25:07,13.03765,80.0446133,0446133,2025-09-04T23:29:43.552281
TN12AU6687,353201357706339,0.0,38.62,86.0,03/09/2025 08:25:02,13.03765,80.0446133,0446133,2025-09-04T23:29:43.552469
TN12AU6687,353201357706339,0.0,38.62,86.0,03/09/2025 08:24:57,13.03765,80.0446133,0446133,2025-09-04T23:29:43.552745
TN12AU6687,353201357706339,0.0,38.62,86.0,03/09/2025 08:24:52,13.03765,80.0446133,0446133,2025-09-04T23:29:43.552956
TN12AU6687,353201357706339,0.0,38.62,86.0,03/09/2025 08:24:47,13.03765,80.0446133,0446133,2025-09-04T23:29:43.553197
TN12AU6687,353201357706339,0.0,38.62,86.0,03/09/2025 08:24:42,13.03765,80.0446133,0446133,2025-09-04T23:29:43.553402
TN12AU6687,353201357706339,0.0,38.62,86.0,03/09/2025 08:24:37,13.03765,80.0446133,0446133,2025-09-04T23:29:43.553666
TN12AU6687,353201357706339,0.0,38.62,86.0,03/09/2025 08:24:32,13.03765,80.0446133,0446133,2025-09-04T23:29:43.553901
TN12AU6687,353201357706339,0.0,38.62,86.0,03/09/2025 08:24:27,13.03765,80.0446133,0446133,2025-09-04T23:29:43.554137
TN12AU6687,353201357706339,0.0,38.62,86.0,03/09/2025 08:24:22,13.03765,80.0446133,0446133,2025-09-04T23:29:43.554350
TN12AU6687,353201357706339,0.0,38.62,86.0,03/09/2025 08:24:17,13.03765,80.0446133,0446133,2025-09-04T23:29:43.554556
TN12AU6687,353201357706339,0.0,38.62,86.0,03/09/2025 08:24:12,13.03765,80.0446133,0446133,2025-09-04T23:29:43.554745
TN12AU6687,353201357706339,0.0,38.62,86.0,03/09/2025 08:24:07,13.03765,80.0446133,0446133,2025-09-04T23:29:43.554933
TN12AU6687,353201357706339,0.0,38.62,86.0,03/09/2025 08:24:02,13.03765,80.0446133,0446133,2025-09-04T23:29:43.555107
TN12AU6687,353201357706339,0.0,38.62,86.0,03/09/2025 08:23:57,13.03765,80.0446133,0446133,2025-09-04T23:29:43.555275
TN12AU6687,353201357706339,0.0,38.62,86.0,03/09/2025 08:23:52,13.03765,80.0446133,0446133,2025-09-04T23:29:43.555448
TN12AU6687,353201357706339,0.0,38.62,86.0,03/09/2025 08:23:47,13.03765,80.0446133,0446133,2025-09-04T23:29:43.555620
TN12AU6687,353201357706339,0.0,38.62,86.0,03/09/2025 08:23:42,13.03765,80.0446133,0446133,2025-09-04T23:29:43.555796
TN12AU6687,353201357706339,0.0,38.62,86.0,03/09/2025 08:23:37,13.03765,80.0446133,0446133,2025-09-04T23:29:43.555970
TN12AU6687,353201357706339,0.0,38.62,86.0,03/09/2025 08:23:32,13.03765,80.0446133,0446133,2025-09-04T23:29:43.556160
TN12AU6687,353201357706339,0.0,38.62,86.0,03/09/2025 08:23:27,13.03765,80.0446133,0446133,2025-09-04T23:29:43.556323
TN12AU6687,353201357706339,0.0,38.62,86.0,03/09/2025 08:23:22,13.03765,80.0446133,0446133,2025-09-04T23:29:43.556650
TN12AU6687,353201357706339,0.0,38.62,86.0,03/09/2025 08:23:17,13.03765,80.0446133,0446133,2025-09-04T23:29:43.556879
TN12AU6687,353201357706339,0.0,38.62,86.0,03/09/2025 08:23:12,13.03765,80.0446133,0446133,2025-09-04T23:29:43.557051
TN12AU6687,353201357706339,0.0,38.62,86.0,03/09/2025 08:23:07,13.03765,80.0446133,0446133,2025-09-04T23:29:43.557244
TN12AU6687,353201357706339,0.0,38.62,86.0,03/09/2025 08:23:02,13.03765,80.0446133,0446133,2025-09-04T23:29:43.557420
TN12AU6687,353201357706339,0.0,38.62,86.0,03/09/2025 08:22:57,13.03765,80.0446133,0446133,2025-09-04T23:29:43.557618
TN12AU6687,353201357706339,0.0,38.62,86.0,03/09/2025 08:22:52,13.03765,80.0446133,0446133,2025-09-04T23:29:43.557811
TN12AU6687,353201357706339,0.0,38.62,86.0,03/09/2025 08:22:47,13.03765,80.0446133,0446133,2025-09-04T23:29:43.558006
TN12AU6687,353201357706339,0.0,38.62,86.0,03/09/2025 08:22:42,13.03765,80.0446133,0446133,2025-09-04T23:29:43.558206
TN12AU6687,353201357706339,0.0,38.62,86.0,03/09/2025 08:22:37,13.03765,80.0446133,0446133,2025-09-04T23:29:43.558373
TN12AU6687,353201357706339,0.0,38.62,86.0,03/09/2025 08:22:32,13.03765,80.0446133,0446133,2025-09-04T23:29:43.558568
TN12AU6687,353201357706339,0.0,38.62,86.0,03/09/2025 08:22:27,13.03765,80.0446133,0446133,2025-09-04T23:29:43.558749
TN12AU6687,353201357706339,0.0,38.62,86.0,03/09/2025 08:22:22,13.03765,80.0446133,0446133,2025-09-04T23:29:43.558932
TN12AU6687,353201357706339,0.0,38.62,86.0,03/09/2025 08:22:17,13.03765,80.0446133,0446133,2025-09-04T23:29:43.559112
TN12AU6687,353201357706339,0.0,38.62,86.0,03/09/2025 08:22:12,13.03765,80.0446133,0446133,2025-09-04T23:29:43.559305
TN12AU6687,353201357706339,3.0,38.63,86.0,03/09/2025 08:22:07,13.0376416,80.04467,04467,2025-09-04T23:29:43.559504
TN12AU6687,353201357706339,0.0,38.63,86.0,03/09/2025 08:22:02,13.03762,80.044745,044745,2025-09-04T23:29:43.559688
TN12AU6687,353201357706339,4.0,38.64,86.0,03/09/2025 08:21:57,13.0376166,80.04476,04476,2025-09-04T23:29:43.559893
TN12AU6687,353201357706339,6.0,38.65,86.0,03/09/2025 08:21:52,13.0375949,80.0448333,0448333,2025-09-04T23:29:43.560087
TN12AU6687,353201357706339,7.0,38.66,86.0,03/09/2025 08:21:50,13.0375816,80.0448683,0448683,2025-09-04T23:29:43.560288
TN12AU6687,353201357706339,6.0,38.67,86.0,03/09/2025 08:21:45,13.0375233,80.0449616,0449616,2025-09-04T23:29:43.560470
TN12AU6687,353201357706339,4.0,38.68,86.0,03/09/2025 08:21:40,13.037495,80.0450366,0450366,2025-09-04T23:29:43.560657
TN12AU6687,353201357706339,6.0,38.69,86.0,03/09/2025 08:21:35,13.037485,80.04512,04512,2025-09-04T23:29:43.560862
TN12AU6687,353201357706339,0.0,38.69,86.0,03/09/2025 08:21:30,13.037525,80.0452016,0452016,2025-09-04T23:29:43.561048
TN12AU6687,353201357706339,0.0,38.69,86.0,03/09/2025 08:21:25,13.0375233,80.0452,0452,2025-09-04T23:29:43.561246
TN12AU6687,353201357706339,5.0,38.7,86.0,03/09/2025 08:21:20,13.0375766,80.0452216,0452216,2025-09-04T23:29:43.561447
TN12AU6687,353201357706339,6.0,38.7,86.0,03/09/2025 08:21:15,13.0376816,80.0452416,0452416,2025-09-04T23:29:43.561619
TN12AU6687,353201357706339,0.0,38.7,86.0,03/09/2025 08:21:10,13.0377333,80.0452433,0452433,2025-09-04T23:29:43.561788
TN12AU6687,353201357706339,0.0,38.7,86.0,03/09/2025 08:21:05,13.0377316,80.0452433,0452433,2025-09-04T23:29:43.561977
TN12AU6687,353201357706339,10.0,38.72,86.0,03/09/2025 08:21:00,13.037845,80.045225,045225,2025-09-04T23:29:43.562204
TN12AU6687,353201357706339,12.0,38.74,86.0,03/09/2025 08:20:55,13.0379783,80.0452233,0452233,2025-09-04T23:29:43.562428
TN12AU6687,353201357706339,15.0,38.76,86.0,03/09/2025 08:20:50,13.038175,80.0452316,0452316,2025-09-04T23:29:43.562637
TN12AU6687,353201357706339,15.0,38.79,86.0,03/09/2025 08:20:45,13.03838,80.04523,04523,2025-09-04T23:29:43.562836
TN12AU6687,353201357706339,15.0,38.81,85.0,03/09/2025 08:20:40,13.0385866,80.0451916,0451916,2025-09-04T23:29:43.563063
TN12AU6687,353201357706339,14.0,38.83,85.0,03/09/2025 08:20:35,13.0388049,80.0451616,0451616,2025-09-04T23:29:43.563279
TN12AU6687,353201357706339,7.0,38.85,85.0,03/09/2025 08:20:30,13.0389699,80.0451733,0451733,2025-09-04T23:29:43.563472
TN12AU6687,353201357706339,4.0,38.85,85.0,03/09/2025 08:20:25,13.0391216,80.0451883,0451883,2025-09-04T23:29:43.563683
TN12AU6687,353201357706339,0.0,38.85,85.0,03/09/2025 08:20:20,13.0391216,80.0451883,0451883,2025-09-04T23:29:43.563850
TN12AU6687,353201357706339,0.0,38.85,85.0,03/09/2025 08:20:15,13.0391216,80.0451883,0451883,2025-09-04T23:29:43.564036
TN12AU6687,353201357706339,0.0,38.85,85.0,03/09/2025 08:20:10,13.0391216,80.0451883,0451883,2025-09-04T23:29:43.564212
TN12AU6687,353201357706339,4.0,38.85,85.0,03/09/2025 08:20:05,13.0391649,80.0451833,0451833,2025-09-04T23:29:43.564389
TN12AU6687,353201357706339,5.0,38.86,85.0,03/09/2025 08:20:00,13.0392333,80.0451633,0451633,2025-09-04T23:29:43.564593
TN12AU6687,353201357706339,4.0,38.87,85.0,03/09/2025 08:19:55,13.0392949,80.045155,045155,2025-09-04T23:29:43.564784
TN12AU6687,353201357706339,6.0,38.87,85.0,03/09/2025 08:19:50,13.0393566,80.0451649,0451649,2025-09-04T23:29:43.564989
TN12AU6687,353201357706339,6.0,38.88,85.0,03/09/2025 08:19:48,13.0393783,80.0451933,0451933,2025-09-04T23:29:43.565183
TN12AU6687,353201357706339,5.0,38.88,85.0,03/09/2025 08:19:45,13.039415,80.045235,045235,2025-09-04T23:29:43.565756
TN12AU6687,353201357706339,4.0,38.89,85.0,03/09/2025 08:19:40,13.0394233,80.0453033,0453033,2025-09-04T23:29:43.565973
TN12AU6687,353201357706339,6.0,38.9,85.0,03/09/2025 08:19:35,13.0394083,80.0453966,0453966,2025-09-04T23:29:43.566180
TN12AU6687,353201357706339,6.0,38.91,85.0,03/09/2025 08:19:32,13.0394016,80.0454766,0454766,2025-09-04T23:29:43.566378
TN12AU6687,353201357706339,4.0,38.92,85.0,03/09/2025 08:19:30,13.0394083,80.045525,045525,2025-09-04T23:29:43.566601
TN12AU6687,353201357706339,6.0,38.92,85.0,03/09/2025 08:19:25,13.0394816,80.0455433,0455433,2025-09-04T23:29:43.566789
TN12AU6687,353201357706339,7.0,38.92,85.0,03/09/2025 08:19:24,13.0394966,80.04555,04555,2025-09-04T23:29:43.567011
TN12AU6687,353201357706339,7.0,38.94,85.0,03/09/2025 08:19:22,13.0395316,80.0455633,0455633,2025-09-04T23:29:43.567232
TN12AU6687,353201357706339,10.0,38.95,85.0,03/09/2025 08:19:17,13.0396499,80.0455666,0455666,2025-09-04T23:29:43.567446
TN12AU6687,353201357706339,8.0,38.96,85.0,03/09/2025 08:19:12,13.0397933,80.0455949,0455949,2025-09-04T23:29:43.567635
TN12AU6687,353201357706339,5.0,38.97,85.0,03/09/2025 08:19:07,13.0398683,80.0456233,0456233,2025-09-04T23:29:43.567816
TN12AU6687,353201357706339,4.0,38.98,85.0,03/09/2025 08:19:02,13.039925,80.0456483,0456483,2025-09-04T23:29:43.568000
TN12AU6687,353201357706339,4.0,38.98,85.0,03/09/2025 08:18:57,13.03999,80.0456766,0456766,2025-09-04T23:29:43.568174
TN12AU6687,353201357706339,0.0,38.98,85.0,03/09/2025 08:18:52,13.0400549,80.0456566,0456566,2025-09-04T23:29:43.568356
TN12AU6687,353201357706339,0.0,38.98,85.0,03/09/2025 08:18:47,13.0400549,80.0456566,0456566,2025-09-04T23:29:43.568552
TN12AU6687,353201357706339,0.0,38.98,85.0,03/09/2025 08:18:42,13.0400549,80.0456566,0456566,2025-09-04T23:29:43.568749
TN12AU6687,353201357706339,0.0,38.98,85.0,03/09/2025 08:18:37,13.0399683,80.0457066,0457066,2025-09-04T23:29:43.568906
TN12AU6687,353201357706339,0.0,38.98,85.0,03/09/2025 08:18:32,13.0399683,80.0457066,0457066,2025-09-04T23:29:43.569094
TN12AU6687,353201357706339,0.0,38.98,85.0,03/09/2025 08:18:27,13.0399683,80.0457066,0457066,2025-09-04T23:29:43.569281
TN12AU6687,353201357706339,0.0,38.98,85.0,03/09/2025 08:18:26,13.0399683,80.0457066,0457066,2025-09-04T23:29:43.569478
TN12AU6687,353201357706339,0.0,38.98,85.0,03/09/2025 08:18:26,13.0399683,80.0457066,0457066,2025-09-04T23:29:43.569682
TN12AU6687,353201357706339,0.0,38.98,85.0,03/09/2025 08:18:00,13.0399683,80.0457066,0457066,2025-09-04T23:29:43.569861
TN12AU6687,353201357706339,0.0,38.98,85.0,03/09/2025 08:17:30,13.0399683,80.0457066,0457066,2025-09-04T23:29:43.570038
TN12AU6687,353201357706339,0.0,38.98,85.0,03/09/2025 08:17:00,13.0399683,80.0457066,0457066,2025-09-04T23:29:43.570213
TN12AU6687,353201357706339,0.0,38.98,85.0,03/09/2025 08:16:30,13.0399683,80.0457066,0457066,2025-09-04T23:29:43.570405
TN12AU6687,353201357706339,0.0,38.98,85.0,03/09/2025 08:16:00,13.0399683,80.0457066,0457066,2025-09-04T23:29:43.570582
TN12AU6687,353201357706339,0.0,38.98,85.0,03/09/2025 08:15:30,13.0399683,80.0457066,0457066,2025-09-04T23:29:43.570786
TN12AU6687,353201357706339,0.0,38.98,85.0,03/09/2025 08:15:00,13.0399683,80.0457066,0457066,2025-09-04T23:29:43.570982
TN12AU6687,353201357706339,0.0,38.98,85.0,03/09/2025 08:14:30,13.0399683,80.0457066,0457066,2025-09-04T23:29:43.571169
TN12AU6687,353201357706339,0.0,38.98,85.0,03/09/2025 08:14:00,13.0399683,80.0457066,0457066,2025-09-04T23:29:43.571337
TN12AU6687,353201357706339,0.0,38.98,85.0,03/09/2025 08:13:30,13.0399683,80.0457066,0457066,2025-09-04T23:29:43.571527
TN12AU6687,353201357706339,0.0,38.98,85.0,03/09/2025 08:13:00,13.0399683,80.0457066,0457066,2025-09-04T23:29:43.571711
TN12AU6687,353201357706339,0.0,38.98,85.0,03/09/2025 08:12:30,13.0399683,80.0457066,0457066,2025-09-04T23:29:43.571882
TN12AU6687,353201357706339,0.0,38.98,85.0,03/09/2025 08:12:00,13.0399683,80.0457066,0457066,2025-09-04T23:29:43.572047
TN12AU6687,353201357706339,0.0,38.98,85.0,03/09/2025 08:11:30,13.0399683,80.0457066,0457066,2025-09-04T23:29:43.572190
TN12AU6687,353201357706339,0.0,38.98,85.0,03/09/2025 08:11:00,13.0399683,80.0457066,0457066,2025-09-04T23:29:43.572376
TN12AU6687,353201357706339,0.0,38.98,85.0,03/09/2025 08:10:30,13.0399683,80.0457066,0457066,2025-09-04T23:29:43.572629
TN12AU6687,353201357706339,0.0,38.98,85.0,03/09/2025 08:10:00,13.0399683,80.0457066,0457066,2025-09-04T23:29:43.572851
TN12AU6687,353201357706339,0.0,38.98,85.0,03/09/2025 08:09:30,13.0399683,80.0457066,0457066,2025-09-04T23:29:43.573066
TN12AU6687,353201357706339,0.0,38.98,85.0,03/09/2025 08:09:00,13.0399683,80.0457066,0457066,2025-09-04T23:29:43.573261
TN12AU6687,353201357706339,0.0,38.98,85.0,03/09/2025 08:08:30,13.0399683,80.0457066,0457066,2025-09-04T23:29:43.573457
TN12AU6687,353201357706339,0.0,38.98,85.0,03/09/2025 08:08:00,13.0399683,80.0457066,0457066,2025-09-04T23:29:43.573679
TN12AU6687,353201357706339,0.0,38.98,85.0,03/09/2025 08:07:30,13.0399683,80.0457066,0457066,2025-09-04T23:29:43.573841
TN12AU6687,353201357706339,0.0,38.98,85.0,03/09/2025 08:07:00,13.0399683,80.0457066,0457066,2025-09-04T23:29:43.573992
TN12AU6687,353201357706339,0.0,38.98,85.0,03/09/2025 08:06:30,13.0399683,80.0457066,0457066,2025-09-04T23:29:43.574163
TN12AU6687,353201357706339,0.0,38.98,85.0,03/09/2025 08:06:00,13.0399683,80.0457066,0457066,2025-09-04T23:29:43.574348
TN12AU6687,353201357706339,0.0,38.98,85.0,03/09/2025 08:05:30,13.0399683,80.0457066,0457066,2025-09-04T23:29:43.574545
TN12AU6687,353201357706339,0.0,38.98,85.0,03/09/2025 08:05:00,13.0399683,80.0457066,0457066,2025-09-04T23:29:43.574754
TN12AU6687,353201357706339,0.0,38.98,85.0,03/09/2025 08:04:30,13.0399683,80.0457066,0457066,2025-09-04T23:29:43.574924
TN12AU6687,353201357706339,0.0,38.98,85.0,03/09/2025 08:04:00,13.0399683,80.0457066,0457066,2025-09-04T23:29:43.575118
TN12AU6687,353201357706339,0.0,38.98,85.0,03/09/2025 08:03:30,13.0399683,80.0457066,0457066,2025-09-04T23:29:43.575359
TN12AU6687,353201357706339,0.0,38.98,85.0,03/09/2025 08:03:00,13.0399683,80.0457066,0457066,2025-09-04T23:29:43.575548
TN12AU6687,353201357706339,0.0,38.98,85.0,03/09/2025 08:02:30,13.0399683,80.0457066,0457066,2025-09-04T23:29:43.575724
TN12AU6687,353201357706339,0.0,38.98,85.0,03/09/2025 08:02:00,13.0399683,80.0457066,0457066,2025-09-04T23:29:43.575954
TN12AU6687,353201357706339,0.0,38.98,85.0,03/09/2025 08:01:30,13.0399683,80.0457066,0457066,2025-09-04T23:29:43.576178
TN12AU6687,353201357706339,0.0,38.98,85.0,03/09/2025 08:01:00,13.0399683,80.0457066,0457066,2025-09-04T23:29:43.576369
TN12AU6687,353201357706339,0.0,38.98,85.0,03/09/2025 08:00:30,13.0399683,80.0457066,0457066,2025-09-04T23:29:43.576589
TN12AU6687,353201357706339,0.0,38.98,85.0,03/09/2025 08:00:00,13.0399683,80.0457066,0457066,2025-09-04T23:29:43.576793
TN12AU6687,353201357706339,0.0,38.98,85.0,03/09/2025 07:59:30,13.0399683,80.0457066,0457066,2025-09-04T23:29:43.576976
TN12AU6687,353201357706339,0.0,38.98,85.0,03/09/2025 07:59:00,13.0399683,80.0457066,0457066,2025-09-04T23:29:43.577183
TN12AU6687,353201357706339,0.0,38.98,85.0,03/09/2025 07:58:30,13.0399683,80.0457066,0457066,2025-09-04T23:29:43.577378
TN12AU6687,353201357706339,0.0,38.98,85.0,03/09/2025 07:58:00,13.0399683,80.0457066,0457066,2025-09-04T23:29:43.577585
TN12AU6687,353201357706339,0.0,38.98,85.0,03/09/2025 07:57:30,13.0399683,80.0457066,0457066,2025-09-04T23:29:43.577797
TN12AU6687,353201357706339,0.0,38.98,85.0,03/09/2025 07:57:00,13.0399683,80.0457066,0457066,2025-09-04T23:29:43.577979
TN12AU6687,353201357706339,0.0,38.98,85.0,03/09/2025 07:56:30,13.0399683,80.0457066,0457066,2025-09-04T23:29:43.578155
TN12AU6687,353201357706339,0.0,38.98,85.0,03/09/2025 07:56:00,13.0399683,80.0457066,0457066,2025-09-04T23:29:43.578362
TN12AU6687,353201357706339,0.0,38.98,85.0,03/09/2025 07:55:30,13.0399683,80.0457066,0457066,2025-09-04T23:29:43.578540
TN12AU6687,353201357706339,0.0,38.98,85.0,03/09/2025 07:55:00,13.0399683,80.0457066,0457066,2025-09-04T23:29:43.578720
TN12AU6687,353201357706339,0.0,38.98,85.0,03/09/2025 07:54:30,13.0399683,80.0457066,0457066,2025-09-04T23:29:43.578917
TN12AU6687,353201357706339,0.0,38.98,85.0,03/09/2025 07:54:00,13.0399683,80.0457066,0457066,2025-09-04T23:29:43.579205
TN12AU6687,353201357706339,0.0,38.98,84.0,03/09/2025 07:53:30,13.0399683,80.0457066,0457066,2025-09-04T23:29:43.579433
TN12AU6687,353201357706339,0.0,38.98,84.0,03/09/2025 07:53:00,13.0399683,80.0457066,0457066,2025-09-04T23:29:43.579822
TN12AU6687,353201357706339,0.0,38.98,84.0,03/09/2025 07:52:30,13.0399683,80.0457066,0457066,2025-09-04T23:29:43.580014
TN12AU6687,353201357706339,0.0,38.98,84.0,03/09/2025 07:52:29,13.0399683,80.0457066,0457066,2025-09-04T23:29:43.580256
TN12AU6687,353201357706339,0.0,38.98,84.0,03/09/2025 07:52:25,13.0399683,80.0457066,0457066,2025-09-04T23:29:43.580503
TN12AU6687,353201357706339,0.0,38.98,84.0,03/09/2025 07:52:20,13.0399683,80.0457066,0457066,2025-09-04T23:29:43.580783
TN12AU6687,353201357706339,0.0,38.98,84.0,03/09/2025 07:52:15,13.0399683,80.0457066,0457066,2025-09-04T23:29:43.580992
TN12AU6687,353201357706339,0.0,38.98,83.0,03/09/2025 07:52:10,13.0399683,80.0457066,0457066,2025-09-04T23:29:43.581188
TN12AU6687,353201357706339,0.0,38.98,83.0,03/09/2025 07:52:05,13.0399683,80.0457066,0457066,2025-09-04T23:29:43.581377
TN12AU6687,353201357706339,0.0,38.98,83.0,03/09/2025 07:52:00,13.0399683,80.045705,045705,2025-09-04T23:29:43.581549
TN12AU6687,353201357706339,0.0,38.98,83.0,03/09/2025 07:51:55,13.0398783,80.0457,0457,2025-09-04T23:29:43.581721
TN12AU6687,353201357706339,0.0,38.98,83.0,03/09/2025 07:51:50,13.0398783,80.0457,0457,2025-09-04T23:29:43.581925
TN12AU6687,353201357706339,0.0,38.98,83.0,03/09/2025 07:51:45,13.0398783,80.0457,0457,2025-09-04T23:29:43.582111
TN12AU6687,353201357706339,0.0,38.98,83.0,03/09/2025 07:51:40,13.0398783,80.0457,0457,2025-09-04T23:29:43.582283
TN12AU6687,353201357706339,0.0,38.98,83.0,03/09/2025 07:51:35,13.0398783,80.0457,0457,2025-09-04T23:29:43.582446
TN12AU6687,353201357706339,0.0,38.98,83.0,03/09/2025 07:51:30,13.0398783,80.0457,0457,2025-09-04T23:29:43.582664
TN12AU6687,353201357706339,0.0,38.98,83.0,03/09/2025 07:51:25,13.0398783,80.0457,0457,2025-09-04T23:29:43.582891
TN12AU6687,353201357706339,0.0,38.98,83.0,03/09/2025 07:51:20,13.0398783,80.0457,0457,2025-09-04T23:29:43.583094
TN12AU6687,353201357706339,0.0,38.98,83.0,03/09/2025 07:51:15,13.0398783,80.0457,0457,2025-09-04T23:29:43.583263
TN12AU6687,353201357706339,0.0,38.98,83.0,03/09/2025 07:51:10,13.0398783,80.0457,0457,2025-09-04T23:29:43.583473
TN12AU6687,353201357706339,0.0,38.98,83.0,03/09/2025 07:51:05,13.0398783,80.0457,0457,2025-09-04T23:29:43.583692
TN12AU6687,353201357706339,0.0,38.98,83.0,03/09/2025 07:51:00,13.0398783,80.0457,0457,2025-09-04T23:29:43.583882
TN12AU6687,353201357706339,0.0,38.98,83.0,03/09/2025 07:50:55,13.0398783,80.0457,0457,2025-09-04T23:29:43.584072
TN12AU6687,353201357706339,0.0,38.98,83.0,03/09/2025 07:50:50,13.0398783,80.0457,0457,2025-09-04T23:29:43.584252
TN12AU6687,353201357706339,0.0,38.98,83.0,03/09/2025 07:50:45,13.0398783,80.0457,0457,2025-09-04T23:29:43.584422
TN12AU6687,353201357706339,0.0,38.98,84.0,03/09/2025 07:50:40,13.0398783,80.0457,0457,2025-09-04T23:29:43.584653
TN12AU6687,353201357706339,0.0,38.98,84.0,03/09/2025 07:50:35,13.0398783,80.0457,0457,2025-09-04T23:29:43.584840
TN12AU6687,353201357706339,0.0,38.98,84.0,03/09/2025 07:50:30,13.0398783,80.0457,0457,2025-09-04T23:29:43.585031
TN12AU6687,353201357706339,0.0,38.98,84.0,03/09/2025 07:50:25,13.0398783,80.0457,0457,2025-09-04T23:29:43.585205
TN12AU6687,353201357706339,0.0,38.98,84.0,03/09/2025 07:50:20,13.0398783,80.0457,0457,2025-09-04T23:29:43.585390
TN12AU6687,353201357706339,0.0,38.98,84.0,03/09/2025 07:50:15,13.0398783,80.0457,0457,2025-09-04T23:29:43.585573
TN12AU6687,353201357706339,0.0,38.98,84.0,03/09/2025 07:50:10,13.0398633,80.0456966,0456966,2025-09-04T23:29:43.585736
TN12AU6687,353201357706339,0.0,38.98,84.0,03/09/2025 07:50:05,13.0397666,80.045665,045665,2025-09-04T23:29:43.585893
TN12AU6687,353201357706339,0.0,38.98,84.0,03/09/2025 07:50:00,13.0397666,80.045665,045665,2025-09-04T23:29:43.586077
TN12AU6687,353201357706339,0.0,38.98,84.0,03/09/2025 07:49:55,13.0397583,80.0456616,0456616,2025-09-04T23:29:43.586247
TN12AU6687,353201357706339,0.0,38.98,84.0,03/09/2025 07:49:50,13.0396533,80.04565,04565,2025-09-04T23:29:43.586412
TN12AU6687,353201357706339,0.0,38.98,84.0,03/09/2025 07:49:45,13.0396533,80.04565,04565,2025-09-04T23:29:43.586597
TN12AU6687,353201357706339,0.0,38.98,84.0,03/09/2025 07:49:40,13.0396533,80.04565,04565,2025-09-04T23:29:43.586773
TN12AU6687,353201357706339,0.0,38.98,84.0,03/09/2025 07:49:35,13.0396533,80.04565,04565,2025-09-04T23:29:43.586941
TN12AU6687,353201357706339,0.0,38.98,84.0,03/09/2025 07:49:30,13.0396533,80.04565,04565,2025-09-04T23:29:43.587107
TN12AU6687,353201357706339,0.0,38.98,84.0,03/09/2025 07:49:25,13.0396466,80.0456433,0456433,2025-09-04T23:29:43.587273
TN12AU6687,353201357706339,0.0,38.98,84.0,03/09/2025 07:49:20,13.0395516,80.0455849,0455849,2025-09-04T23:29:43.587448
TN12AU6687,353201357706339,0.0,38.98,84.0,03/09/2025 07:49:15,13.0395516,80.0455849,0455849,2025-09-04T23:29:43.587646
TN12AU6687,353201357706339,0.0,38.98,84.0,03/09/2025 07:49:10,13.0395383,80.0455816,0455816,2025-09-04T23:29:43.587823
TN12AU6687,353201357706339,0.0,38.98,84.0,03/09/2025 07:49:05,13.0394683,80.0454999,0454999,2025-09-04T23:29:43.588029
TN12AU6687,353201357706339,0.0,38.98,84.0,03/09/2025 07:49:00,13.0394683,80.0454999,0454999,2025-09-04T23:29:43.588232
TN12AU6687,353201357706339,4.0,38.99,84.0,03/09/2025 07:48:55,13.0394483,80.0454633,0454633,2025-09-04T23:29:43.588434
TN12AU6687,353201357706339,5.0,39.0,84.0,03/09/2025 07:48:50,13.03942,80.0453933,0453933,2025-09-04T23:29:43.588646
TN12AU6687,353201357706339,0.0,39.0,84.0,03/09/2025 07:48:45,13.0394583,80.0453083,0453083,2025-09-04T23:29:43.588844
TN12AU6687,353201357706339,0.0,39.0,84.0,03/09/2025 07:48:40,13.0394999,80.045195,045195,2025-09-04T23:29:43.589016
TN12AU6687,353201357706339,0.0,39.0,84.0,03/09/2025 07:48:35,13.0394999,80.045195,045195,2025-09-04T23:29:43.589170
TN12AU6687,353201357706339,0.0,39.0,84.0,03/09/2025 07:48:30,13.0394999,80.045195,045195,2025-09-04T23:29:43.589317
TN12AU6687,353201357706339,0.0,39.0,84.0,03/09/2025 07:48:25,13.0395033,80.0451816,0451816,2025-09-04T23:29:43.589480
TN12AU6687,353201357706339,3.0,39.0,84.0,03/09/2025 07:48:20,13.039525,80.0451783,0451783,2025-09-04T23:29:43.589678
TN12AU6687,353201357706339,0.0,39.0,84.0,03/09/2025 07:48:15,13.0395483,80.04518,04518,2025-09-04T23:29:43.590949
TN12AU6687,353201357706339,0.0,39.0,84.0,03/09/2025 07:48:10,13.0395683,80.0452033,0452033,2025-09-04T23:29:43.591129
TN12AU6687,353201357706339,9.0,39.01,84.0,03/09/2025 07:48:05,13.0395466,80.0452033,0452033,2025-09-04T23:29:43.591303
TN12AU6687,353201357706339,23.0,39.03,84.0,03/09/2025 07:48:03,13.0394566,80.0452066,0452066,2025-09-04T23:29:43.591496
TN12AU6687,353201357706339,21.0,39.05,84.0,03/09/2025 07:48:01,13.039335,80.0451866,0451866,2025-09-04T23:29:43.591699
TN12AU6687,353201357706339,11.0,39.06,84.0,03/09/2025 07:47:57,13.0391499,80.0451666,0451666,2025-09-04T23:29:43.591887
TN12AU6687,353201357706339,0.0,39.06,84.0,03/09/2025 07:47:53,13.0390983,80.0451466,0451466,2025-09-04T23:29:43.592060
TN12AU6687,353201357706339,0.0,39.06,84.0,03/09/2025 07:47:48,13.0390983,80.0451466,0451466,2025-09-04T23:29:43.592224
TN12AU6687,353201357706339,0.0,39.06,85.0,03/09/2025 07:47:43,13.0390983,80.0451466,0451466,2025-09-04T23:29:43.592521
TN12AU6687,353201357706339,0.0,39.06,85.0,03/09/2025 07:47:38,13.0390933,80.04514,04514,2025-09-04T23:29:43.592779
TN12AU6687,353201357706339,14.0,39.08,85.0,03/09/2025 07:47:33,13.0389583,80.0451349,0451349,2025-09-04T23:29:43.593011
TN12AU6687,353201357706339,13.0,39.09,85.0,03/09/2025 07:47:28,13.0387699,80.0451183,0451183,2025-09-04T23:29:43.593336
TN12AU6687,353201357706339,13.0,39.11,85.0,03/09/2025 07:47:23,13.0386033,80.0451266,0451266,2025-09-04T23:29:43.593677
TN12AU6687,353201357706339,4.0,39.12,85.0,03/09/2025 07:47:18,13.0384766,80.0451316,0451316,2025-09-04T23:29:43.594197
TN12AU6687,353201357706339,5.0,39.12,85.0,03/09/2025 07:47:13,13.038385,80.04513,04513,2025-09-04T23:29:43.594406
TN12AU6687,353201357706339,0.0,39.12,85.0,03/09/2025 07:47:08,13.038385,80.04513,04513,2025-09-04T23:29:43.594634
TN12AU6687,353201357706339,0.0,39.12,85.0,03/09/2025 07:47:03,13.038385,80.04513,04513,2025-09-04T23:29:43.594857
TN12AU6687,353201357706339,0.0,39.12,85.0,03/09/2025 07:46:58,13.038385,80.04513,04513,2025-09-04T23:29:43.595042
TN12AU6687,353201357706339,0.0,39.12,85.0,03/09/2025 07:46:53,13.0383783,80.0451283,0451283,2025-09-04T23:29:43.595231
TN12AU6687,353201357706339,12.0,39.14,85.0,03/09/2025 07:46:48,13.0382616,80.045125,045125,2025-09-04T23:29:43.595401
TN12AU6687,353201357706339,17.0,39.17,85.0,03/09/2025 07:46:43,13.0380633,80.0451416,0451416,2025-09-04T23:29:43.595568
TN12AU6687,353201357706339,15.0,39.18,85.0,03/09/2025 07:46:38,13.0378466,80.045175,045175,2025-09-04T23:29:43.595741
TN12AU6687,353201357706339,8.0,39.19,85.0,03/09/2025 07:46:33,13.0377016,80.0451983,0451983,2025-09-04T23:29:43.595904
TN12AU6687,353201357706339,10.0,39.2,85.0,03/09/2025 07:46:28,13.0375966,80.0452133,0452133,2025-09-04T23:29:43.596089
TN12AU6687,353201357706339,11.0,39.2,85.0,03/09/2025 07:46:26,13.0375433,80.0451983,0451983,2025-09-04T23:29:43.596276
TN12AU6687,353201357706339,10.0,39.21,85.0,03/09/2025 07:46:25,13.0375233,80.04518,04518,2025-09-04T23:29:43.596443
TN12AU6687,353201357706339,8.0,39.21,85.0,03/09/2025 07:46:23,13.0375066,80.0451283,0451283,2025-09-04T23:29:43.596603
TN12AU6687,353201357706339,8.0,39.21,85.0,03/09/2025 07:46:22,13.0375066,80.0451033,0451033,2025-09-04T23:29:43.596795
TN12AU6687,353201357706339,9.0,39.22,85.0,03/09/2025 07:46:21,13.03751,80.0450783,0450783,2025-09-04T23:29:43.596986
TN12AU6687,353201357706339,13.0,39.25,84.0,03/09/2025 07:46:18,13.037545,80.04499,04499,2025-09-04T23:29:43.597158
TN12AU6687,353201357706339,19.0,39.27,84.0,03/09/2025 07:46:13,13.0376316,80.0448016,0448016,2025-09-04T23:29:43.597324
TN12AU6687,353201357706339,18.0,39.3,84.0,03/09/2025 07:46:08,13.0376983,80.0445966,0445966,2025-09-04T23:29:43.597487
TN12AU6687,353201357706339,17.0,39.31,84.0,03/09/2025 07:46:03,13.0378199,80.044375,044375,2025-09-04T23:29:43.597694
TN12AU6687,353201357706339,12.0,39.31,84.0,03/09/2025 07:46:00,13.0378783,80.0442733,0442733,2025-09-04T23:29:43.597888
TN12AU6687,353201357706339,12.0,39.32,84.0,03/09/2025 07:45:59,13.0378899,80.0442433,0442433,2025-09-04T23:29:43.598080
TN12AU6687,353201357706339,10.0,39.32,84.0,03/09/2025 07:45:58,13.0378949,80.0442116,0442116,2025-09-04T23:29:43.598264
TN12AU6687,353201357706339,10.0,39.33,84.0,03/09/2025 07:45:56,13.0378733,80.0441616,0441616,2025-09-04T23:29:43.598433
TN12AU6687,353201357706339,10.0,39.34,84.0,03/09/2025 07:45:55,13.0378566,80.0441416,0441416,2025-09-04T23:29:43.598591
TN12AU6687,353201357706339,21.0,39.38,84.0,03/09/2025 07:45:52,13.0377616,80.0440866,0440866,2025-09-04T23:29:43.598741
TN12AU6687,353201357706339,34.0,39.43,84.0,03/09/2025 07:45:47,13.0374266,80.04393,04393,2025-09-04T23:29:43.598906
TN12AU6687,353201357706339,31.0,39.47,83.0,03/09/2025 07:45:42,13.03703,80.0437516,0437516,2025-09-04T23:29:43.599092
TN12AU6687,353201357706339,24.0,39.49,83.0,03/09/2025 07:45:37,13.036675,80.0436266,0436266,2025-09-04T23:29:43.599239
TN12AU6687,353201357706339,13.0,39.51,83.0,03/09/2025 07:45:33,13.0364633,80.0435916,0435916,2025-09-04T23:29:43.599386
TN12AU6687,353201357706339,15.0,39.52,83.0,03/09/2025 07:45:28,13.036305,80.0435666,0435666,2025-09-04T23:29:43.599546
TN12AU6687,353201357706339,16.0,39.53,83.0,03/09/2025 07:45:27,13.0362633,80.0435599,0435599,2025-09-04T23:29:43.599730
TN12AU6687,353201357706339,13.0,39.54,83.0,03/09/2025 07:45:24,13.0361383,80.0435566,0435566,2025-09-04T23:29:43.599902
TN12AU6687,353201357706339,13.0,39.54,83.0,03/09/2025 07:45:22,13.03607,80.0435833,0435833,2025-09-04T23:29:43.600103
TN12AU6687,353201357706339,11.0,39.54,83.0,03/09/2025 07:45:21,13.0360383,80.0435966,0435966,2025-09-04T23:29:43.600292
TN12AU6687,353201357706339,9.0,39.55,83.0,03/09/2025 07:45:20,13.0360183,80.0436166,0436166,2025-09-04T23:29:43.600477
TN12AU6687,353201357706339,8.0,39.55,83.0,03/09/2025 07:45:19,13.0360066,80.0436333,0436333,2025-09-04T23:29:43.600652
TN12AU6687,353201357706339,8.0,39.55,83.0,03/09/2025 07:45:18,13.036,80.043655,043655,2025-09-04T23:29:43.600814
TN12AU6687,353201357706339,4.0,39.57,83.0,03/09/2025 07:45:15,13.0359983,80.0437099,0437099,2025-09-04T23:29:43.600981
TN12AU6687,353201357706339,8.0,39.57,83.0,03/09/2025 07:45:10,13.0360316,80.0438183,0438183,2025-09-04T23:29:43.601143
TN12AU6687,353201357706339,0.0,39.57,83.0,03/09/2025 07:45:05,13.0360516,80.0438566,0438566,2025-09-04T23:29:43.601311
TN12AU6687,353201357706339,0.0,39.57,83.0,03/09/2025 07:45:00,13.0360516,80.0438566,0438566,2025-09-04T23:29:43.601483
TN12AU6687,353201357706339,0.0,39.57,83.0,03/09/2025 07:44:55,13.0360516,80.0438566,0438566,2025-09-04T23:29:43.601652
TN12AU6687,353201357706339,0.0,39.57,83.0,03/09/2025 07:44:50,13.0360516,80.0438566,0438566,2025-09-04T23:29:43.601853
TN12AU6687,353201357706339,0.0,39.57,83.0,03/09/2025 07:44:45,13.0360516,80.0438566,0438566,2025-09-04T23:29:43.602074
TN12AU6687,353201357706339,0.0,39.57,84.0,03/09/2025 07:44:40,13.0360516,80.0438566,0438566,2025-09-04T23:29:43.602260
TN12AU6687,353201357706339,0.0,39.57,84.0,03/09/2025 07:44:35,13.0360516,80.0438566,0438566,2025-09-04T23:29:43.602457
TN12AU6687,353201357706339,0.0,39.57,84.0,03/09/2025 07:44:30,13.0360516,80.0438566,0438566,2025-09-04T23:29:43.602670
TN12AU6687,353201357706339,0.0,39.57,84.0,03/09/2025 07:44:25,13.0360516,80.0438566,0438566,2025-09-04T23:29:43.602835
TN12AU6687,353201357706339,0.0,39.57,84.0,03/09/2025 07:44:20,13.0360516,80.0438566,0438566,2025-09-04T23:29:43.603012
TN12AU6687,353201357706339,5.0,39.58,84.0,03/09/2025 07:44:15,13.0360483,80.0438583,0438583,2025-09-04T23:29:43.603219
TN12AU6687,353201357706339,0.0,39.58,84.0,03/09/2025 07:44:10,13.03607,80.0439316,0439316,2025-09-04T23:29:43.603562
TN12AU6687,353201357706339,0.0,39.58,84.0,03/09/2025 07:44:05,13.0360816,80.04397,04397,2025-09-04T23:29:43.603794
TN12AU6687,353201357706339,9.0,39.6,84.0,03/09/2025 07:44:00,13.0360966,80.0440133,0440133,2025-09-04T23:29:43.603984
TN12AU6687,353201357706339,17.0,39.63,84.0,03/09/2025 07:43:55,13.0361516,80.0441933,0441933,2025-09-04T23:29:43.604168
TN12AU6687,353201357706339,24.0,39.67,84.0,03/09/2025 07:43:50,13.0362216,80.0444233,0444233,2025-09-04T23:29:43.604350
TN12AU6687,353201357706339,33.0,39.72,84.0,03/09/2025 07:43:45,13.0363283,80.044785,044785,2025-09-04T23:29:43.604519
TN12AU6687,353201357706339,39.0,39.78,82.0,03/09/2025 07:43:40,13.036455,80.04523,04523,2025-09-04T23:29:43.604693
TN12AU6687,353201357706339,45.0,39.84,82.0,03/09/2025 07:43:35,13.0366133,80.0457516,0457516,2025-09-04T23:29:43.604901
TN12AU6687,353201357706339,45.0,39.91,82.0,03/09/2025 07:43:30,13.036785,80.0463233,0463233,2025-09-04T23:29:43.605092
TN12AU6687,353201357706339,49.0,39.98,82.0,03/09/2025 07:43:25,13.0369266,80.0469133,0469133,2025-09-04T23:29:43.605262
TN12AU6687,353201357706339,51.0,40.06,82.0,03/09/2025 07:43:20,13.0370733,80.04754,04754,2025-09-04T23:29:43.605446
TN12AU6687,353201357706339,62.0,40.15,82.0,03/09/2025 07:43:15,13.0372716,80.0482583,0482583,2025-09-04T23:29:43.605598
TN12AU6687,353201357706339,71.0,40.25,81.0,03/09/2025 07:43:10,13.0374866,80.0490983,0490983,2025-09-04T23:29:43.605905
TN12AU6687,353201357706339,69.0,40.34,81.0,03/09/2025 07:43:05,13.037765,80.0499666,0499666,2025-09-04T23:29:43.606117
TN12AU6687,353201357706339,64.0,40.43,81.0,03/09/2025 07:43:00,13.038025,80.05078,05078,2025-09-04T23:29:43.606339
TN12AU6687,353201357706339,59.0,40.51,81.0,03/09/2025 07:42:55,13.0382666,80.0515283,0515283,2025-09-04T23:29:43.606535
TN12AU6687,353201357706339,55.0,40.58,81.0,03/09/2025 07:42:50,13.0385116,80.0522166,0522166,2025-09-04T23:29:43.606710
TN12AU6687,353201357706339,55.0,40.66,81.0,03/09/2025 07:42:45,13.0387633,80.0528683,0528683,2025-09-04T23:29:43.606944
TN12AU6687,353201357706339,50.0,40.72,81.0,03/09/2025 07:42:40,13.0390316,80.0534883,0534883,2025-09-04T23:29:43.607187
TN12AU6687,353201357706339,44.0,40.79,81.0,03/09/2025 07:42:35,13.0392733,80.0540466,0540466,2025-09-04T23:29:43.607406
TN12AU6687,353201357706339,42.0,40.84,81.0,03/09/2025 07:42:30,13.039505,80.0545766,0545766,2025-09-04T23:29:43.607572
TN12AU6687,353201357706339,38.0,40.89,81.0,03/09/2025 07:42:25,13.0397033,80.05506,05506,2025-09-04T23:29:43.607822
TN12AU6687,353201357706339,32.0,40.93,81.0,03/09/2025 07:42:20,13.0398833,80.0554933,0554933,2025-09-04T23:29:43.608080
TN12AU6687,353201357706339,24.0,40.96,81.0,03/09/2025 07:42:15,13.0400383,80.055815,055815,2025-09-04T23:29:43.608502
TN12AU6687,353201357706339,22.0,40.99,81.0,03/09/2025 07:42:10,13.0401616,80.0560833,0560833,2025-09-04T23:29:43.608715
TN12AU6687,353201357706339,16.0,41.01,81.0,03/09/2025 07:42:05,13.0402516,80.0563183,0563183,2025-09-04T23:29:43.608901
TN12AU6687,353201357706339,10.0,41.02,81.0,03/09/2025 07:42:00,13.0403216,80.0565016,0565016,2025-09-04T23:29:43.609125
TN12AU6687,353201357706339,10.0,41.03,81.0,03/09/2025 07:41:58,13.0403416,80.0565566,0565566,2025-09-04T23:29:43.609347
TN12AU6687,353201357706339,0.0,41.03,81.0,03/09/2025 07:41:55,13.0403566,80.0566166,0566166,2025-09-04T23:29:43.609556
TN12AU6687,353201357706339,0.0,41.03,81.0,03/09/2025 07:41:50,13.0403566,80.0566166,0566166,2025-09-04T23:29:43.609738
TN12AU6687,353201357706339,0.0,41.03,81.0,03/09/2025 07:41:45,13.0403566,80.0566166,0566166,2025-09-04T23:29:43.609917
TN12AU6687,353201357706339,0.0,41.03,81.0,03/09/2025 07:41:40,13.0403566,80.0566166,0566166,2025-09-04T23:29:43.610094
TN12AU6687,353201357706339,0.0,41.03,81.0,03/09/2025 07:41:35,13.0403816,80.05668,05668,2025-09-04T23:29:43.610265
TN12AU6687,353201357706339,0.0,41.03,81.0,03/09/2025 07:41:30,13.0403816,80.05668,05668,2025-09-04T23:29:43.610440
TN12AU6687,353201357706339,6.0,41.04,81.0,03/09/2025 07:41:25,13.0403883,80.0566916,0566916,2025-09-04T23:29:43.610614
TN12AU6687,353201357706339,16.0,41.07,81.0,03/09/2025 07:41:21,13.0404349,80.0568216,0568216,2025-09-04T23:29:43.610794
TN12AU6687,353201357706339,23.0,41.11,81.0,03/09/2025 07:41:16,13.0405216,80.057065,057065,2025-09-04T23:29:43.610979
TN12AU6687,353201357706339,31.0,41.15,81.0,03/09/2025 07:41:11,13.0406583,80.0573799,0573799,2025-09-04T23:29:43.611164
TN12AU6687,353201357706339,39.0,41.22,80.0,03/09/2025 07:41:06,13.040825,80.0577816,0577816,2025-09-04T23:29:43.611321
TN12AU6687,353201357706339,46.0,41.28,80.0,03/09/2025 07:41:01,13.0410233,80.0583166,0583166,2025-09-04T23:29:43.611476
TN12AU6687,353201357706339,44.0,41.35,80.0,03/09/2025 07:40:56,13.0412299,80.0588416,0588416,2025-09-04T23:29:43.611647
TN12AU6687,353201357706339,50.0,41.42,80.0,03/09/2025 07:40:51,13.0414983,80.0594483,0594483,2025-09-04T23:29:43.611802
TN12AU6687,353201357706339,56.0,41.5,80.0,03/09/2025 07:40:46,13.0417766,80.0600433,0600433,2025-09-04T23:29:43.611952
TN12AU6687,353201357706339,55.0,41.57,80.0,03/09/2025 07:40:41,13.0421083,80.0606683,0606683,2025-09-04T23:29:43.612100
TN12AU6687,353201357706339,51.0,41.64,80.0,03/09/2025 07:40:36,13.0424399,80.061275,061275,2025-09-04T23:29:43.612251
TN12AU6687,353201357706339,47.0,41.71,80.0,03/09/2025 07:40:31,13.0427433,80.0618366,0618366,2025-09-04T23:29:43.612408
TN12AU6687,353201357706339,47.0,41.78,80.0,03/09/2025 07:40:26,13.0430183,80.06238,06238,2025-09-04T23:29:43.612578
TN12AU6687,353201357706339,47.0,41.85,80.0,03/09/2025 07:40:21,13.043265,80.0629499,0629499,2025-09-04T23:29:43.612726
TN12AU6687,353201357706339,56.0,41.93,80.0,03/09/2025 07:40:16,13.0435233,80.0635266,0635266,2025-09-04T23:29:43.612877
TN12AU6687,353201357706339,56.0,42.0,81.0,03/09/2025 07:40:11,13.0437816,80.0642249,0642249,2025-09-04T23:29:43.613045
TN12AU6687,353201357706339,54.0,42.07,81.0,03/09/2025 07:40:06,13.0439816,80.0649066,0649066,2025-09-04T23:29:43.613214
TN12AU6687,353201357706339,49.0,42.14,81.0,03/09/2025 07:40:01,13.0441666,80.0655383,0655383,2025-09-04T23:29:43.613397
TN12AU6687,353201357706339,44.0,42.2,81.0,03/09/2025 07:39:56,13.0443466,80.0661066,0661066,2025-09-04T23:29:43.613607
TN12AU6687,353201357706339,45.0,42.27,81.0,03/09/2025 07:39:51,13.0444966,80.0666633,0666633,2025-09-04T23:29:43.613793
TN12AU6687,353201357706339,46.0,42.33,81.0,03/09/2025 07:39:46,13.0446816,80.0672249,0672249,2025-09-04T23:29:43.613982
TN12AU6687,353201357706339,45.0,42.39,81.0,03/09/2025 07:39:41,13.0448366,80.0677966,0677966,2025-09-04T23:29:43.614169
TN12AU6687,353201357706339,42.0,42.45,81.0,03/09/2025 07:39:36,13.0450083,80.0683266,0683266,2025-09-04T23:29:43.614349
TN12AU6687,353201357706339,36.0,42.49,81.0,03/09/2025 07:39:31,13.0451433,80.0688233,0688233,2025-09-04T23:29:43.614500
TN12AU6687,353201357706339,29.0,42.53,81.0,03/09/2025 07:39:26,13.0452816,80.0692266,0692266,2025-09-04T23:29:43.614642
TN12AU6687,353201357706339,30.0,42.57,81.0,03/09/2025 07:39:21,13.0453949,80.06958,06958,2025-09-04T23:29:43.614773
TN12AU6687,353201357706339,21.0,42.6,81.0,03/09/2025 07:39:16,13.045485,80.0699283,0699283,2025-09-04T23:29:43.614917
TN12AU6687,353201357706339,11.0,42.61,81.0,03/09/2025 07:39:11,13.0455349,80.0701366,0701366,2025-09-04T23:29:43.615084
TN12AU6687,353201357706339,12.0,42.63,82.0,03/09/2025 07:39:06,13.045565,80.0702483,0702483,2025-09-04T23:29:43.615219
TN12AU6687,353201357706339,17.0,42.66,82.0,03/09/2025 07:39:01,13.04563,80.0704616,0704616,2025-09-04T23:29:43.615373
TN12AU6687,353201357706339,15.0,42.68,82.0,03/09/2025 07:38:56,13.0456983,80.070685,070685,2025-09-04T23:29:43.615553
TN12AU6687,353201357706339,11.0,42.69,82.0,03/09/2025 07:38:51,13.0457466,80.070855,070855,2025-09-04T23:29:43.615734
TN12AU6687,353201357706339,8.0,42.7,82.0,03/09/2025 07:38:46,13.0457833,80.0709983,0709983,2025-09-04T23:29:43.615905
TN12AU6687,353201357706339,0.0,42.7,82.0,03/09/2025 07:38:41,13.0458066,80.0710716,0710716,2025-09-04T23:29:43.616054
TN12AU6687,353201357706339,4.0,42.71,83.0,03/09/2025 07:38:36,13.0458183,80.0711083,0711083,2025-09-04T23:29:43.616211
TN12AU6687,353201357706339,7.0,42.72,83.0,03/09/2025 07:38:31,13.0458399,80.0711599,0711599,2025-09-04T23:29:43.616352
TN12AU6687,353201357706339,11.0,42.73,83.0,03/09/2025 07:38:26,13.0458866,80.0712833,0712833,2025-09-04T23:29:43.616494
TN12AU6687,353201357706339,14.0,42.75,83.0,03/09/2025 07:38:21,13.04592,80.0713849,0713849,2025-09-04T23:29:43.616641
TN12AU6687,353201357706339,29.0,42.78,83.0,03/09/2025 07:38:18,13.0459483,80.0715433,0715433,2025-09-04T23:29:43.616791
TN12AU6687,353201357706339,39.0,42.85,82.0,03/09/2025 07:38:15,13.0459749,80.071825,071825,2025-09-04T23:29:43.616939
TN12AU6687,353201357706339,49.0,42.91,82.0,03/09/2025 07:38:10,13.0460183,80.0724433,0724433,2025-09-04T23:29:43.617080
TN12AU6687,353201357706339,42.0,42.97,82.0,03/09/2025 07:38:05,13.04611,80.0730166,0730166,2025-09-04T23:29:43.617221
TN12AU6687,353201357706339,37.0,43.02,82.0,03/09/2025 07:38:00,13.0462583,80.0735166,0735166,2025-09-04T23:29:43.617363
TN12AU6687,353201357706339,34.0,43.07,82.0,03/09/2025 07:37:55,13.046415,80.0739433,0739433,2025-09-04T23:29:43.617564
TN12AU6687,353201357706339,36.0,43.12,82.0,03/09/2025 07:37:50,13.0466016,80.0743599,0743599,2025-09-04T23:29:43.617753
TN12AU6687,353201357706339,42.0,43.18,82.0,03/09/2025 07:37:45,13.0467299,80.0748183,0748183,2025-09-04T23:29:43.617937
TN12AU6687,353201357706339,46.0,43.24,82.0,03/09/2025 07:37:40,13.046835,80.0754033,0754033,2025-09-04T23:29:43.618095
TN12AU6687,353201357706339,40.0,43.3,82.0,03/09/2025 07:37:35,13.0468716,80.0759566,0759566,2025-09-04T23:29:43.618264
TN12AU6687,353201357706339,30.0,43.33,82.0,03/09/2025 07:37:30,13.0469,80.0764533,0764533,2025-09-04T23:29:43.618398
TN12AU6687,353201357706339,24.0,43.36,82.0,03/09/2025 07:37:25,13.0469083,80.0767983,0767983,2025-09-04T23:29:43.618558
TN12AU6687,353201357706339,19.0,43.39,82.0,03/09/2025 07:37:20,13.0469116,80.0770766,0770766,2025-09-04T23:29:43.618750
TN12AU6687,353201357706339,22.0,43.41,82.0,03/09/2025 07:37:15,13.0468966,80.07732,07732,2025-09-04T23:29:43.618965
TN12AU6687,353201357706339,32.0,43.44,82.0,03/09/2025 07:37:12,13.0469,80.0775099,0775099,2025-09-04T23:29:43.619294
TN12AU6687,353201357706339,43.0,43.5,82.0,03/09/2025 07:37:09,13.0469166,80.0777983,0777983,2025-09-04T23:29:43.619517
TN12AU6687,353201357706339,42.0,43.56,82.0,03/09/2025 07:37:04,13.0469216,80.0783616,0783616,2025-09-04T23:29:43.619722
TN12AU6687,353201357706339,41.0,43.62,82.0,03/09/2025 07:36:59,13.0469333,80.07889,07889,2025-09-04T23:29:43.619932
TN12AU6687,353201357706339,35.0,43.66,82.0,03/09/2025 07:36:54,13.047025,80.0793866,0793866,2025-09-04T23:29:43.620115
TN12AU6687,353201357706339,30.0,43.7,82.0,03/09/2025 07:36:49,13.0471049,80.07981,07981,2025-09-04T23:29:43.620285
TN12AU6687,353201357706339,23.0,43.73,82.0,03/09/2025 07:36:44,13.0471883,80.0801683,0801683,2025-09-04T23:29:43.620480
TN12AU6687,353201357706339,14.0,43.75,83.0,03/09/2025 07:36:39,13.04725,80.08039,08039,2025-09-04T23:29:43.620690
TN12AU6687,353201357706339,10.0,43.76,83.0,03/09/2025 07:36:34,13.0472966,80.0805649,0805649,2025-09-04T23:29:43.620903
TN12AU6687,353201357706339,10.0,43.77,83.0,03/09/2025 07:36:29,13.0473349,80.08069,08069,2025-09-04T23:29:43.621104
TN12AU6687,353201357706339,10.0,43.79,83.0,03/09/2025 07:36:24,13.0473566,80.0808199,0808199,2025-09-04T23:29:43.621297
TN12AU6687,353201357706339,12.0,43.81,83.0,03/09/2025 07:36:19,13.0473899,80.0809549,0809549,2025-09-04T23:29:43.621487
TN12AU6687,353201357706339,14.0,43.83,83.0,03/09/2025 07:36:14,13.0474416,80.081115,081115,2025-09-04T23:29:43.621654
TN12AU6687,353201357706339,13.0,43.85,83.0,03/09/2025 07:36:09,13.04749,80.0812799,0812799,2025-09-04T23:29:43.621800
TN12AU6687,353201357706339,16.0,43.88,83.0,03/09/2025 07:36:04,13.047565,80.0814716,0814716,2025-09-04T23:29:43.621940
TN12AU6687,353201357706339,17.0,43.9,83.0,03/09/2025 07:35:59,13.0476183,80.0817133,0817133,2025-09-04T23:29:43.622075
TN12AU6687,353201357706339,13.0,43.91,83.0,03/09/2025 07:35:54,13.047665,80.08191,08191,2025-09-04T23:29:43.622206
TN12AU6687,353201357706339,8.0,43.93,83.0,03/09/2025 07:35:49,13.0477166,80.082025,082025,2025-09-04T23:29:43.622351
TN12AU6687,353201357706339,8.0,43.93,84.0,03/09/2025 07:35:44,13.0477549,80.08215,08215,2025-09-04T23:29:43.622514
TN12AU6687,353201357706339,4.0,43.94,84.0,03/09/2025 07:35:39,13.0477816,80.082215,082215,2025-09-04T23:29:43.622715
TN12AU6687,353201357706339,0.0,43.94,84.0,03/09/2025 07:35:34,13.0477983,80.082245,082245,2025-09-04T23:29:43.622915
TN12AU6687,353201357706339,0.0,43.94,84.0,03/09/2025 07:35:29,13.0478016,80.0822516,0822516,2025-09-04T23:29:43.623086
TN12AU6687,353201357706339,6.0,43.94,84.0,03/09/2025 07:35:24,13.0478366,80.0823566,0823566,2025-09-04T23:29:43.623278
TN12AU6687,353201357706339,0.0,43.94,84.0,03/09/2025 07:35:19,13.0478449,80.082385,082385,2025-09-04T23:29:43.623427
TN12AU6687,353201357706339,0.0,43.94,84.0,03/09/2025 07:35:14,13.0478483,80.0823949,0823949,2025-09-04T23:29:43.623606
TN12AU6687,353201357706339,0.0,43.94,84.0,03/09/2025 07:35:09,13.0478583,80.0824233,0824233,2025-09-04T23:29:43.623805
TN12AU6687,353201357706339,7.0,43.95,84.0,03/09/2025 07:35:04,13.0478733,80.0824883,0824883,2025-09-04T23:29:43.623982
TN12AU6687,353201357706339,13.0,43.97,84.0,03/09/2025 07:34:59,13.047915,80.0826133,0826133,2025-09-04T23:29:43.624127
TN12AU6687,353201357706339,23.0,44.02,84.0,03/09/2025 07:34:55,13.0479766,80.08279,08279,2025-09-04T23:29:43.624273
TN12AU6687,353201357706339,34.0,44.07,84.0,03/09/2025 07:34:50,13.0481266,80.0831483,0831483,2025-09-04T23:29:43.624413
TN12AU6687,353201357706339,45.0,44.14,84.0,03/09/2025 07:34:45,13.048295,80.0836533,0836533,2025-09-04T23:29:43.624579
TN12AU6687,353201357706339,47.0,44.21,82.0,03/09/2025 07:34:40,13.0485099,80.0842333,0842333,2025-09-04T23:29:43.624777
TN12AU6687,353201357706339,44.0,44.27,82.0,03/09/2025 07:34:35,13.04868,80.0847966,0847966,2025-09-04T23:29:43.624958
TN12AU6687,353201357706339,45.0,44.33,82.0,03/09/2025 07:34:30,13.0488183,80.085335,085335,2025-09-04T23:29:43.625108
TN12AU6687,353201357706339,42.0,44.39,82.0,03/09/2025 07:34:25,13.0488916,80.0859083,0859083,2025-09-04T23:29:43.625249
TN12AU6687,353201357706339,40.0,44.44,82.0,03/09/2025 07:34:20,13.0489333,80.086445,086445,2025-09-04T23:29:43.625406
TN12AU6687,353201357706339,32.0,44.49,82.0,03/09/2025 07:34:15,13.0490066,80.0869366,0869366,2025-09-04T23:29:43.625594
TN12AU6687,353201357706339,33.0,44.53,82.0,03/09/2025 07:34:10,13.049075,80.0873483,0873483,2025-09-04T23:29:43.625787
TN12AU6687,353201357706339,26.0,44.55,81.0,03/09/2025 07:34:05,13.0491633,80.0877216,0877216,2025-09-04T23:29:43.625959
TN12AU6687,353201357706339,22.0,44.59,81.0,03/09/2025 07:34:01,13.0492499,80.0879333,0879333,2025-09-04T23:29:43.626139
TN12AU6687,353201357706339,27.0,44.62,81.0,03/09/2025 07:33:56,13.0494149,80.0882366,0882366,2025-09-04T23:29:43.626331
TN12AU6687,353201357706339,16.0,44.64,81.0,03/09/2025 07:33:51,13.0495866,80.0884499,0884499,2025-09-04T23:29:43.626498
TN12AU6687,353201357706339,4.0,44.64,81.0,03/09/2025 07:33:47,13.0496966,80.0885666,0885666,2025-09-04T23:29:43.626675
TN12AU6687,353201357706339,0.0,44.64,81.0,03/09/2025 07:33:42,13.0497049,80.0885783,0885783,2025-09-04T23:29:43.626867
TN12AU6687,353201357706339,11.0,44.65,80.0,03/09/2025 07:33:37,13.0497933,80.0886816,0886816,2025-09-04T23:29:43.627060
TN12AU6687,353201357706339,0.0,44.65,80.0,03/09/2025 07:33:33,13.0498583,80.0887483,0887483,2025-09-04T23:29:43.627297
TN12AU6687,353201357706339,5.0,44.66,80.0,03/09/2025 07:33:28,13.0498716,80.0887566,0887566,2025-09-04T23:29:43.627465
TN12AU6687,353201357706339,0.0,44.66,80.0,03/09/2025 07:33:23,13.0499766,80.0888116,0888116,2025-09-04T23:29:43.627676
TN12AU6687,353201357706339,0.0,44.66,80.0,03/09/2025 07:33:18,13.0499766,80.0888116,0888116,2025-09-04T23:29:43.627867
TN12AU6687,353201357706339,0.0,44.66,80.0,03/09/2025 07:33:13,13.04998,80.0888133,0888133,2025-09-04T23:29:43.628040
TN12AU6687,353201357706339,0.0,44.66,80.0,03/09/2025 07:33:08,13.05006,80.08886,08886,2025-09-04T23:29:43.628232
TN12AU6687,353201357706339,0.0,44.66,80.0,03/09/2025 07:33:03,13.05006,80.08886,08886,2025-09-04T23:29:43.628441
TN12AU6687,353201357706339,0.0,44.66,81.0,03/09/2025 07:32:58,13.05006,80.08886,08886,2025-09-04T23:29:43.628628
TN12AU6687,353201357706339,0.0,44.66,81.0,03/09/2025 07:32:53,13.0500616,80.08886,08886,2025-09-04T23:29:43.628831
TN12AU6687,353201357706339,0.0,44.66,81.0,03/09/2025 07:32:48,13.0500933,80.0888916,0888916,2025-09-04T23:29:43.629009
TN12AU6687,353201357706339,0.0,44.66,81.0,03/09/2025 07:32:43,13.0500966,80.0888933,0888933,2025-09-04T23:29:43.629170
TN12AU6687,353201357706339,5.0,44.67,81.0,03/09/2025 07:32:38,13.050145,80.08892,08892,2025-09-04T23:29:43.629320
TN12AU6687,353201357706339,8.0,44.68,85.0,03/09/2025 07:32:33,13.0502133,80.088965,088965,2025-09-04T23:29:43.629467
TN12AU6687,353201357706339,7.0,44.69,85.0,03/09/2025 07:32:28,13.0503116,80.0890333,0890333,2025-09-04T23:29:43.629606
TN12AU6687,353201357706339,0.0,44.69,85.0,03/09/2025 07:32:23,13.050355,80.0890566,0890566,2025-09-04T23:29:43.629752
TN12AU6687,353201357706339,0.0,44.69,85.0,03/09/2025 07:32:18,13.050355,80.0890566,0890566,2025-09-04T23:29:43.629897
TN12AU6687,353201357706339,5.0,44.69,85.0,03/09/2025 07:32:13,13.050385,80.08908,08908,2025-09-04T23:29:43.630034
TN12AU6687,353201357706339,4.0,44.7,85.0,03/09/2025 07:32:08,13.050425,80.0891066,0891066,2025-09-04T23:29:43.630175
TN12AU6687,353201357706339,14.0,44.73,85.0,03/09/2025 07:32:04,13.0504933,80.0891466,0891466,2025-09-04T23:29:43.630326
TN12AU6687,353201357706339,27.0,44.77,85.0,03/09/2025 07:32:00,13.0507083,80.0892566,0892566,2025-09-04T23:29:43.630511
TN12AU6687,353201357706339,25.0,44.8,85.0,03/09/2025 07:31:55,13.0510166,80.0893849,0893849,2025-09-04T23:29:43.630693
TN12AU6687,353201357706339,19.0,44.82,85.0,03/09/2025 07:31:50,13.0512816,80.08951,08951,2025-09-04T23:29:43.630847
TN12AU6687,353201357706339,13.0,44.84,85.0,03/09/2025 07:31:45,13.0514616,80.0895949,0895949,2025-09-04T23:29:43.630989
TN12AU6687,353201357706339,9.0,44.84,85.0,03/09/2025 07:31:40,13.051585,80.0896483,0896483,2025-09-04T23:29:43.631131
TN12AU6687,353201357706339,7.0,44.85,86.0,03/09/2025 07:31:37,13.05164,80.0896783,0896783,2025-09-04T23:29:43.631271
TN12AU6687,353201357706339,4.0,44.86,86.0,03/09/2025 07:31:32,13.0517083,80.0897233,0897233,2025-09-04T23:29:43.631453
TN12AU6687,353201357706339,5.0,44.87,86.0,03/09/2025 07:31:27,13.0517666,80.0897633,0897633,2025-09-04T23:29:43.631633
TN12AU6687,353201357706339,7.0,44.88,86.0,03/09/2025 07:31:22,13.0518333,80.08981,08981,2025-09-04T23:29:43.631785
TN12AU6687,353201357706339,9.0,44.89,86.0,03/09/2025 07:31:18,13.0519166,80.0898533,0898533,2025-09-04T23:29:43.631927
TN12AU6687,353201357706339,7.0,44.9,88.0,03/09/2025 07:31:14,13.0519916,80.0898983,0898983,2025-09-04T23:29:43.632114
TN12AU6687,353201357706339,3.0,44.91,88.0,03/09/2025 07:31:09,13.0520433,80.089935,089935,2025-09-04T23:29:43.632282
TN12AU6687,353201357706339,14.0,44.92,88.0,03/09/2025 07:31:04,13.0521233,80.089955,089955,2025-09-04T23:29:43.632614
TN12AU6687,353201357706339,26.0,44.93,88.0,03/09/2025 07:31:02,13.0522066,80.089985,089985,2025-09-04T23:29:43.632829
TN12AU6687,353201357706339,39.0,44.96,88.0,03/09/2025 07:31:00,13.0523533,80.0900566,0900566,2025-09-04T23:29:43.633046
TN12AU6687,353201357706339,52.0,45.04,88.0,03/09/2025 07:30:58,13.0525416,80.0901583,0901583,2025-09-04T23:29:43.633219
TN12AU6687,353201357706339,59.0,45.12,88.0,03/09/2025 07:30:53,13.0531916,80.0904866,0904866,2025-09-04T23:29:43.633408
TN12AU6687,353201357706339,55.0,45.19,88.0,03/09/2025 07:30:48,13.0538066,80.0908833,0908833,2025-09-04T23:29:43.633588
TN12AU6687,353201357706339,49.0,45.26,88.0,03/09/2025 07:30:43,13.0543066,80.0913116,0913116,2025-09-04T23:29:43.633797
TN12AU6687,353201357706339,45.0,45.32,87.0,03/09/2025 07:30:38,13.054705,80.0917866,0917866,2025-09-04T23:29:43.634156
TN12AU6687,353201357706339,34.0,45.36,87.0,03/09/2025 07:30:33,13.0549783,80.0922333,0922333,2025-09-04T23:29:43.634372
TN12AU6687,353201357706339,26.0,45.38,87.0,03/09/2025 07:30:28,13.0551433,80.0925833,0925833,2025-09-04T23:29:43.634565
TN12AU6687,353201357706339,14.0,45.4,87.0,03/09/2025 07:30:23,13.05524,80.0928116,0928116,2025-09-04T23:29:43.634755
TN12AU6687,353201357706339,17.0,45.41,87.0,03/09/2025 07:30:18,13.0552966,80.0929566,0929566,2025-09-04T23:29:43.634936
TN12AU6687,353201357706339,30.0,45.47,87.0,03/09/2025 07:30:16,13.0553416,80.093055,093055,2025-09-04T23:29:43.635121
TN12AU6687,353201357706339,43.0,45.51,87.0,03/09/2025 07:30:11,13.055535,80.0935116,0935116,2025-09-04T23:29:43.635313
TN12AU6687,353201357706339,55.0,45.58,86.0,03/09/2025 07:30:08,13.0556733,80.093845,093845,2025-09-04T23:29:43.635519
TN12AU6687,353201357706339,54.0,45.65,86.0,03/09/2025 07:30:03,13.0559316,80.09448,09448,2025-09-04T23:29:43.635710
TN12AU6687,353201357706339,47.0,45.72,86.0,03/09/2025 07:29:58,13.0561216,80.0951233,0951233,2025-09-04T23:29:43.635896
TN12AU6687,353201357706339,40.0,45.75,86.0,03/09/2025 07:29:53,13.0561866,80.095705,095705,2025-09-04T23:29:43.636086
TN12AU6687,353201357706339,36.0,45.79,86.0,03/09/2025 07:29:50,13.0562483,80.0959966,0959966,2025-09-04T23:29:43.636237
TN12AU6687,353201357706339,41.0,45.85,86.0,03/09/2025 07:29:46,13.0563566,80.0963549,0963549,2025-09-04T23:29:43.636372
TN12AU6687,353201357706339,35.0,45.9,86.0,03/09/2025 07:29:41,13.0564083,80.0969,0969,2025-09-04T23:29:43.636509
TN12AU6687,353201357706339,26.0,45.92,85.0,03/09/2025 07:29:36,13.056445,80.0973283,0973283,2025-09-04T23:29:43.636646
TN12AU6687,353201357706339,14.0,45.95,85.0,03/09/2025 07:29:31,13.0564749,80.0975933,0975933,2025-09-04T23:29:43.636788
TN12AU6687,353201357706339,15.0,45.96,85.0,03/09/2025 07:29:26,13.056495,80.097785,097785,2025-09-04T23:29:43.637005
TN12AU6687,353201357706339,10.0,45.97,85.0,03/09/2025 07:29:21,13.0565166,80.097955,097955,2025-09-04T23:29:43.637177
TN12AU6687,353201357706339,0.0,45.97,85.0,03/09/2025 07:29:19,13.0565216,80.097995,097995,2025-09-04T23:29:43.637352
TN12AU6687,353201357706339,0.0,45.97,85.0,03/09/2025 07:29:14,13.0565216,80.097995,097995,2025-09-04T23:29:43.637520
TN12AU6687,353201357706339,0.0,45.97,85.0,03/09/2025 07:29:09,13.0565216,80.097995,097995,2025-09-04T23:29:43.637717
TN12AU6687,353201357706339,0.0,45.97,85.0,03/09/2025 07:29:04,13.0565216,80.097995,097995,2025-09-04T23:29:43.637905
TN12AU6687,353201357706339,0.0,45.97,85.0,03/09/2025 07:28:59,13.0565216,80.097995,097995,2025-09-04T23:29:43.638108
TN12AU6687,353201357706339,0.0,45.97,85.0,03/09/2025 07:28:54,13.0565216,80.097995,097995,2025-09-04T23:29:43.638295
TN12AU6687,353201357706339,0.0,45.97,85.0,03/09/2025 07:28:49,13.0565216,80.097995,097995,2025-09-04T23:29:43.638475
TN12AU6687,353201357706339,0.0,45.97,85.0,03/09/2025 07:28:44,13.0565216,80.097995,097995,2025-09-04T23:29:43.638651
TN12AU6687,353201357706339,0.0,45.97,85.0,03/09/2025 07:28:39,13.0565216,80.097995,097995,2025-09-04T23:29:43.638828
TN12AU6687,353201357706339,3.0,45.98,85.0,03/09/2025 07:28:34,13.0565233,80.0980033,0980033,2025-09-04T23:29:43.639000
TN12AU6687,353201357706339,13.0,46.0,85.0,03/09/2025 07:28:31,13.0565349,80.0980683,0980683,2025-09-04T23:29:43.639173
TN12AU6687,353201357706339,15.0,46.02,85.0,03/09/2025 07:28:26,13.05658,80.0982683,0982683,2025-09-04T23:29:43.639346
TN12AU6687,353201357706339,17.0,46.05,85.0,03/09/2025 07:28:21,13.0566216,80.0984666,0984666,2025-09-04T23:29:43.639521
TN12AU6687,353201357706339,20.0,46.08,85.0,03/09/2025 07:28:16,13.0566683,80.09871,09871,2025-09-04T23:29:43.639722
TN12AU6687,353201357706339,24.0,46.11,85.0,03/09/2025 07:28:11,13.0567266,80.0989933,0989933,2025-09-04T23:29:43.639915
TN12AU6687,353201357706339,25.0,46.15,85.0,03/09/2025 07:28:06,13.056795,80.0993216,0993216,2025-09-04T23:29:43.640127
TN12AU6687,353201357706339,26.0,46.19,85.0,03/09/2025 07:28:01,13.056875,80.0996399,0996399,2025-09-04T23:29:43.640320
TN12AU6687,353201357706339,23.0,46.22,85.0,03/09/2025 07:27:56,13.0569616,80.0999783,0999783,2025-09-04T23:29:43.640485
TN12AU6687,353201357706339,17.0,46.24,83.0,03/09/2025 07:27:51,13.05703,80.1002283,1002283,2025-09-04T23:29:43.640678
TN12AU6687,353201357706339,14.0,46.26,83.0,03/09/2025 07:27:46,13.0570799,80.1004099,1004099,2025-09-04T23:29:43.640865
TN12AU6687,353201357706339,14.0,46.27,83.0,03/09/2025 07:27:41,13.0571166,80.1005749,1005749,2025-09-04T23:29:43.641031
TN12AU6687,353201357706339,24.0,46.3,83.0,03/09/2025 07:27:38,13.05716,80.1006983,1006983,2025-09-04T23:29:43.641228
TN12AU6687,353201357706339,37.0,46.36,83.0,03/09/2025 07:27:35,13.0572166,80.1009433,1009433,2025-09-04T23:29:43.641408
TN12AU6687,353201357706339,45.0,46.43,83.0,03/09/2025 07:27:30,13.05727,80.1015,1015,2025-09-04T23:29:43.641600
TN12AU6687,353201357706339,51.0,46.5,83.0,03/09/2025 07:27:25,13.057285,80.10214,10214,2025-09-04T23:29:43.641794
TN12AU6687,353201357706339,57.0,46.58,83.0,03/09/2025 07:27:20,13.0572533,80.1028316,1028316,2025-09-04T23:29:43.641959
TN12AU6687,353201357706339,62.0,46.67,83.0,03/09/2025 07:27:15,13.0572316,80.1035799,1035799,2025-09-04T23:29:43.642124
TN12AU6687,353201357706339,65.0,46.76,83.0,03/09/2025 07:27:10,13.05718,80.1043916,1043916,2025-09-04T23:29:43.642272
TN12AU6687,353201357706339,67.0,46.86,81.0,03/09/2025 07:27:05,13.057165,80.105255,105255,2025-09-04T23:29:43.642430
TN12AU6687,353201357706339,72.0,46.96,81.0,03/09/2025 07:27:00,13.0571016,80.1061299,1061299,2025-09-04T23:29:43.642584
TN12AU6687,353201357706339,68.0,47.05,81.0,03/09/2025 07:26:55,13.0570116,80.107035,107035,2025-09-04T23:29:43.642754
TN12AU6687,353201357706339,62.0,47.13,81.0,03/09/2025 07:26:50,13.0569283,80.1078766,1078766,2025-09-04T23:29:43.642926
TN12AU6687,353201357706339,57.0,47.21,81.0,03/09/2025 07:26:45,13.056865,80.1086683,1086683,2025-09-04T23:29:43.643105
TN12AU6687,353201357706339,52.0,47.28,81.0,03/09/2025 07:26:40,13.0567999,80.1093683,1093683,2025-09-04T23:29:43.643247
TN12AU6687,353201357706339,48.0,47.35,81.0,03/09/2025 07:26:35,13.0567683,80.110015,110015,2025-09-04T23:29:43.643391
TN12AU6687,353201357706339,45.0,47.41,81.0,03/09/2025 07:26:30,13.0567183,80.1106166,1106166,2025-09-04T23:29:43.643582
TN12AU6687,353201357706339,47.0,47.48,81.0,03/09/2025 07:26:25,13.0566916,80.1112183,1112183,2025-09-04T23:29:43.643760
TN12AU6687,353201357706339,47.0,47.54,81.0,03/09/2025 07:26:20,13.0566949,80.11182,11182,2025-09-04T23:29:43.643895
TN12AU6687,353201357706339,46.0,47.61,81.0,03/09/2025 07:26:15,13.0567133,80.1124233,1124233,2025-09-04T23:29:43.644041
TN12AU6687,353201357706339,46.0,47.67,82.0,03/09/2025 07:26:10,13.0567633,80.1130466,1130466,2025-09-04T23:29:43.644206
TN12AU6687,353201357706339,42.0,47.73,82.0,03/09/2025 07:26:05,13.056795,80.1136183,1136183,2025-09-04T23:29:43.644337
TN12AU6687,353201357706339,38.0,47.78,82.0,03/09/2025 07:26:00,13.0567866,80.1141583,1141583,2025-09-04T23:29:43.644468
TN12AU6687,353201357706339,34.0,47.83,82.0,03/09/2025 07:25:55,13.0567699,80.1146233,1146233,2025-09-04T23:29:43.644611
TN12AU6687,353201357706339,35.0,47.88,82.0,03/09/2025 07:25:50,13.0567116,80.1150366,1150366,2025-09-04T23:29:43.644788
TN12AU6687,353201357706339,41.0,47.93,82.0,03/09/2025 07:25:45,13.0566133,80.115515,115515,2025-09-04T23:29:43.644972
TN12AU6687,353201357706339,40.0,47.99,82.0,03/09/2025 07:25:40,13.0564983,80.116005,116005,2025-09-04T23:29:43.645115
TN12AU6687,353201357706339,35.0,48.04,83.0,03/09/2025 07:25:35,13.0563583,80.116485,116485,2025-09-04T23:29:43.645269
TN12AU6687,353201357706339,34.0,48.08,83.0,03/09/2025 07:25:30,13.0562499,80.11691,11691,2025-09-04T23:29:43.645423
TN12AU6687,353201357706339,40.0,48.15,83.0,03/09/2025 07:25:25,13.0561049,80.1173416,1173416,2025-09-04T23:29:43.645565
TN12AU6687,353201357706339,44.0,48.21,83.0,03/09/2025 07:25:20,13.0559266,80.1178716,1178716,2025-09-04T23:29:43.645808
TN12AU6687,353201357706339,42.0,48.27,85.0,03/09/2025 07:25:15,13.0557783,80.118415,118415,2025-09-04T23:29:43.646035
TN12AU6687,353201357706339,42.0,48.32,85.0,03/09/2025 07:25:10,13.0556116,80.1189383,1189383,2025-09-04T23:29:43.646249
TN12AU6687,353201357706339,45.0,48.39,85.0,03/09/2025 07:25:05,13.05546,80.1194533,1194533,2025-09-04T23:29:43.646425
TN12AU6687,353201357706339,54.0,48.47,85.0,03/09/2025 07:25:00,13.055285,80.12003,12003,2025-09-04T23:29:43.646609
TN12AU6687,353201357706339,57.0,48.55,85.0,03/09/2025 07:24:55,13.0550633,80.1207249,1207249,2025-09-04T23:29:43.646789
TN12AU6687,353201357706339,58.0,48.63,85.0,03/09/2025 07:24:50,13.0548366,80.1214016,1214016,2025-09-04T23:29:43.646993
TN12AU6687,353201357706339,55.0,48.69,85.0,03/09/2025 07:24:45,13.0546249,80.1221216,1221216,2025-09-04T23:29:43.647199
TN12AU6687,353201357706339,49.0,48.74,85.0,03/09/2025 07:24:41,13.054525,80.1226583,1226583,2025-09-04T23:29:43.647779
TN12AU6687,353201357706339,54.0,48.82,86.0,03/09/2025 07:24:37,13.0545499,80.1231583,1231583,2025-09-04T23:29:43.647987
TN12AU6687,353201357706339,57.0,48.9,86.0,03/09/2025 07:24:32,13.0546916,80.1238733,1238733,2025-09-04T23:29:43.648190
TN12AU6687,353201357706339,61.0,48.95,86.0,03/09/2025 07:24:27,13.0548499,80.1246066,1246066,2025-09-04T23:29:43.648391
TN12AU6687,353201357706339,61.0,49.0,86.0,03/09/2025 07:24:24,13.0549983,80.125055,125055,2025-09-04T23:29:43.648573
TN12AU6687,353201357706339,60.0,49.09,86.0,03/09/2025 07:24:21,13.0552333,80.1254666,1254666,2025-09-04T23:29:43.648772
TN12AU6687,353201357706339,58.0,49.17,86.0,03/09/2025 07:24:16,13.0557066,80.1260866,1260866,2025-09-04T23:29:43.648989
TN12AU6687,353201357706339,55.0,49.24,86.0,03/09/2025 07:24:11,13.0561599,80.1266616,1266616,2025-09-04T23:29:43.649172
TN12AU6687,353201357706339,52.0,49.31,86.0,03/09/2025 07:24:06,13.0565983,80.1271849,1271849,2025-09-04T23:29:43.649344
TN12AU6687,353201357706339,48.0,49.38,86.0,03/09/2025 07:24:01,13.0570083,80.1276616,1276616,2025-09-04T23:29:43.649587
TN12AU6687,353201357706339,43.0,49.44,86.0,03/09/2025 07:23:56,13.0573716,80.1281416,1281416,2025-09-04T23:29:43.649766
TN12AU6687,353201357706339,40.0,49.49,86.0,03/09/2025 07:23:51,13.05767,80.1285766,1285766,2025-09-04T23:29:43.649907
TN12AU6687,353201357706339,45.0,49.56,86.0,03/09/2025 07:23:46,13.0579216,80.129035,129035,2025-09-04T23:29:43.650066
TN12AU6687,353201357706339,56.0,49.64,86.0,03/09/2025 07:23:41,13.0582166,80.129625,129625,2025-09-04T23:29:43.650238
TN12AU6687,353201357706339,55.0,49.72,86.0,03/09/2025 07:23:36,13.05851,80.130265,130265,2025-09-04T23:29:43.650421
TN12AU6687,353201357706339,51.0,49.79,86.0,03/09/2025 07:23:31,13.0587966,80.1308883,1308883,2025-09-04T23:29:43.650581
TN12AU6687,353201357706339,48.0,49.85,86.0,03/09/2025 07:23:26,13.0590499,80.1314683,1314683,2025-09-04T23:29:43.650750
TN12AU6687,353201357706339,45.0,49.91,86.0,03/09/2025 07:23:21,13.0593083,80.1320133,1320133,2025-09-04T23:29:43.650887
TN12AU6687,353201357706339,43.0,49.98,86.0,03/09/2025 07:23:16,13.0595516,80.1325366,1325366,2025-09-04T23:29:43.651019
TN12AU6687,353201357706339,41.0,50.03,86.0,03/09/2025 07:23:11,13.0597666,80.1330633,1330633,2025-09-04T23:29:43.651158
TN12AU6687,353201357706339,40.0,50.09,86.0,03/09/2025 07:23:06,13.059975,80.1335233,1335233,2025-09-04T23:29:43.651347
TN12AU6687,353201357706339,35.0,50.13,86.0,03/09/2025 07:23:01,13.0601899,80.1339933,1339933,2025-09-04T23:29:43.651492
TN12AU6687,353201357706339,29.0,50.17,86.0,03/09/2025 07:22:56,13.0603533,80.1343866,1343866,2025-09-04T23:29:43.651659
TN12AU6687,353201357706339,20.0,50.19,86.0,03/09/2025 07:22:51,13.0604866,80.1346916,1346916,2025-09-04T23:29:43.651809
TN12AU6687,353201357706339,12.0,50.22,86.0,03/09/2025 07:22:46,13.0605783,80.1348766,1348766,2025-09-04T23:29:43.651961
TN12AU6687,353201357706339,16.0,50.23,86.0,03/09/2025 07:22:41,13.0606733,80.1350833,1350833,2025-09-04T23:29:43.652093
TN12AU6687,353201357706339,9.0,50.25,86.0,03/09/2025 07:22:36,13.0607283,80.1352033,1352033,2025-09-04T23:29:43.652237
TN12AU6687,353201357706339,19.0,50.28,86.0,03/09/2025 07:22:31,13.0607849,80.1353483,1353483,2025-09-04T23:29:43.652398
TN12AU6687,353201357706339,29.0,50.32,86.0,03/09/2025 07:22:27,13.06087,80.1355866,1355866,2025-09-04T23:29:43.652593
TN12AU6687,353201357706339,37.0,50.38,86.0,03/09/2025 07:22:22,13.0609816,80.1360033,1360033,2025-09-04T23:29:43.652809
TN12AU6687,353201357706339,36.0,50.43,86.0,03/09/2025 07:22:17,13.061075,80.1365066,1365066,2025-09-04T23:29:43.653008
TN12AU6687,353201357706339,39.0,50.48,86.0,03/09/2025 07:22:12,13.0611533,80.1369683,1369683,2025-09-04T23:29:43.653194
TN12AU6687,353201357706339,35.0,50.53,86.0,03/09/2025 07:22:07,13.0611766,80.1374699,1374699,2025-09-04T23:29:43.653383
TN12AU6687,353201357706339,32.0,50.57,86.0,03/09/2025 07:22:02,13.0611966,80.1379083,1379083,2025-09-04T23:29:43.653586
TN12AU6687,353201357706339,24.0,50.59,86.0,03/09/2025 07:21:57,13.0612016,80.1382566,1382566,2025-09-04T23:29:43.653796
TN12AU6687,353201357706339,12.0,50.61,86.0,03/09/2025 07:21:52,13.0612133,80.138485,138485,2025-09-04T23:29:43.653997
TN12AU6687,353201357706339,17.0,50.62,86.0,03/09/2025 07:21:47,13.061225,80.1386666,1386666,2025-09-04T23:29:43.654172
TN12AU6687,353201357706339,4.0,50.62,86.0,03/09/2025 07:21:44,13.06123,80.13877,13877,2025-09-04T23:29:43.654328
TN12AU6687,353201357706339,0.0,50.62,86.0,03/09/2025 07:21:39,13.06123,80.13877,13877,2025-09-04T23:29:43.654483
TN12AU6687,353201357706339,0.0,50.62,87.0,03/09/2025 07:21:34,13.06123,80.13877,13877,2025-09-04T23:29:43.654656
TN12AU6687,353201357706339,0.0,50.62,87.0,03/09/2025 07:21:29,13.06123,80.13877,13877,2025-09-04T23:29:43.654801
TN12AU6687,353201357706339,0.0,50.62,87.0,03/09/2025 07:21:24,13.06123,80.13877,13877,2025-09-04T23:29:43.654956
TN12AU6687,353201357706339,0.0,50.62,87.0,03/09/2025 07:21:19,13.06123,80.13877,13877,2025-09-04T23:29:43.655119
TN12AU6687,353201357706339,0.0,50.62,88.0,03/09/2025 07:21:14,13.06123,80.13877,13877,2025-09-04T23:29:43.655264
TN12AU6687,353201357706339,0.0,50.62,88.0,03/09/2025 07:21:09,13.06123,80.13877,13877,2025-09-04T23:29:43.655427
TN12AU6687,353201357706339,0.0,50.62,88.0,03/09/2025 07:21:04,13.06123,80.13877,13877,2025-09-04T23:29:43.655585
TN12AU6687,353201357706339,4.0,50.63,88.0,03/09/2025 07:20:59,13.06123,80.1387783,1387783,2025-09-04T23:29:43.655770
TN12AU6687,353201357706339,14.0,50.64,88.0,03/09/2025 07:20:57,13.06123,80.1388233,1388233,2025-09-04T23:29:43.655940
TN12AU6687,353201357706339,20.0,50.66,88.0,03/09/2025 07:20:55,13.06123,80.1389016,1389016,2025-09-04T23:29:43.656138
TN12AU6687,353201357706339,33.0,50.7,88.0,03/09/2025 07:20:52,13.061245,80.1391016,1391016,2025-09-04T23:29:43.656304
TN12AU6687,353201357706339,43.0,50.77,88.0,03/09/2025 07:20:48,13.0612916,80.1394583,1394583,2025-09-04T23:29:43.656443
TN12AU6687,353201357706339,51.0,50.84,88.0,03/09/2025 07:20:43,13.0613483,80.1400966,1400966,2025-09-04T23:29:43.656580
TN12AU6687,353201357706339,45.0,50.9,89.0,03/09/2025 07:20:38,13.0613749,80.140745,140745,2025-09-04T23:29:43.656727
TN12AU6687,353201357706339,42.0,50.95,89.0,03/09/2025 07:20:33,13.0614233,80.141305,141305,2025-09-04T23:29:43.656879
TN12AU6687,353201357706339,33.0,50.99,89.0,03/09/2025 07:20:28,13.0614366,80.1418033,1418033,2025-09-04T23:29:43.657038
TN12AU6687,353201357706339,25.0,51.02,89.0,03/09/2025 07:20:23,13.0614616,80.1421699,1421699,2025-09-04T23:29:43.657213
TN12AU6687,353201357706339,24.0,51.06,89.0,03/09/2025 07:20:18,13.0615066,80.1424683,1424683,2025-09-04T23:29:43.657348
TN12AU6687,353201357706339,30.0,51.09,89.0,03/09/2025 07:20:13,13.0615399,80.1427866,1427866,2025-09-04T23:29:43.657476
TN12AU6687,353201357706339,40.0,51.16,89.0,03/09/2025 07:20:10,13.0615433,80.1430666,1430666,2025-09-04T23:29:43.657655
TN12AU6687,353201357706339,47.0,51.22,89.0,03/09/2025 07:20:05,13.0616016,80.1436766,1436766,2025-09-04T23:29:43.657814
TN12AU6687,353201357706339,44.0,51.28,89.0,03/09/2025 07:20:00,13.0616383,80.1442466,1442466,2025-09-04T23:29:43.658029
TN12AU6687,353201357706339,36.0,51.32,89.0,03/09/2025 07:19:55,13.061715,80.144775,144775,2025-09-04T23:29:43.658234
TN12AU6687,353201357706339,26.0,51.36,89.0,03/09/2025 07:19:50,13.061755,80.1451733,1451733,2025-09-04T23:29:43.658381
TN12AU6687,353201357706339,29.0,51.4,89.0,03/09/2025 07:19:45,13.0617916,80.1455149,1455149,2025-09-04T23:29:43.658547
TN12AU6687,353201357706339,37.0,51.46,89.0,03/09/2025 07:19:40,13.061835,80.14594,14594,2025-09-04T23:29:43.658777
TN12AU6687,353201357706339,44.0,51.52,90.0,03/09/2025 07:19:35,13.0619016,80.14644,14644,2025-09-04T23:29:43.658956
TN12AU6687,353201357706339,49.0,51.59,90.0,03/09/2025 07:19:30,13.061965,80.1470533,1470533,2025-09-04T23:29:43.659258
TN12AU6687,353201357706339,44.0,51.65,90.0,03/09/2025 07:19:25,13.0619916,80.1476533,1476533,2025-09-04T23:29:43.659479
TN12AU6687,353201357706339,41.0,51.71,90.0,03/09/2025 07:19:20,13.062015,80.1482149,1482149,2025-09-04T23:29:43.659693
TN12AU6687,353201357706339,36.0,51.76,90.0,03/09/2025 07:19:15,13.0619833,80.1487483,1487483,2025-09-04T23:29:43.659892
TN12AU6687,353201357706339,39.0,51.81,90.0,03/09/2025 07:19:10,13.0619916,80.149215,149215,2025-09-04T23:29:43.660086
TN12AU6687,353201357706339,35.0,51.86,90.0,03/09/2025 07:19:05,13.0620416,80.1497083,1497083,2025-09-04T23:29:43.660279
TN12AU6687,353201357706339,35.0,51.89,90.0,03/09/2025 07:19:00,13.062025,80.1501416,1501416,2025-09-04T23:29:43.660463
TN12AU6687,353201357706339,36.0,51.94,90.0,03/09/2025 07:18:57,13.0619599,80.150425,150425,2025-09-04T23:29:43.660661
TN12AU6687,353201357706339,35.0,51.99,90.0,03/09/2025 07:18:52,13.0617666,80.1508366,1508366,2025-09-04T23:29:43.660873
TN12AU6687,353201357706339,29.0,52.02,90.0,03/09/2025 07:18:47,13.0615516,80.1512216,1512216,2025-09-04T23:29:43.661078
TN12AU6687,353201357706339,23.0,52.05,90.0,03/09/2025 07:18:42,13.0613666,80.1514866,1514866,2025-09-04T23:29:43.661232
TN12AU6687,353201357706339,23.0,52.08,90.0,03/09/2025 07:18:38,13.0612283,80.1516866,1516866,2025-09-04T23:29:43.661369
TN12AU6687,353201357706339,37.0,52.13,90.0,03/09/2025 07:18:35,13.0611066,80.1518966,1518966,2025-09-04T23:29:43.661697
TN12AU6687,353201357706339,34.0,52.17,90.0,03/09/2025 07:18:30,13.0608983,80.1523083,1523083,2025-09-04T23:29:43.661865
TN12AU6687,353201357706339,32.0,52.2,90.0,03/09/2025 07:18:25,13.06078,80.1527133,1527133,2025-09-04T23:29:43.662045
TN12AU6687,353201357706339,22.0,52.23,90.0,03/09/2025 07:18:21,13.0607033,80.1529916,1529916,2025-09-04T23:29:43.662213
TN12AU6687,353201357706339,10.0,52.23,90.0,03/09/2025 07:18:16,13.06066,80.1531933,1531933,2025-09-04T23:29:43.662376
TN12AU6687,353201357706339,9.0,52.24,90.0,03/09/2025 07:18:15,13.0606533,80.1532149,1532149,2025-09-04T23:29:43.662582
TN12AU6687,353201357706339,9.0,52.25,90.0,03/09/2025 07:18:11,13.0606416,80.1532933,1532933,2025-09-04T23:29:43.662790
TN12AU6687,353201357706339,11.0,52.27,90.0,03/09/2025 07:18:06,13.060615,80.1534433,1534433,2025-09-04T23:29:43.662959
TN12AU6687,353201357706339,13.0,52.29,90.0,03/09/2025 07:18:01,13.0605933,80.1535933,1535933,2025-09-04T23:29:43.663140
TN12AU6687,353201357706339,13.0,52.31,90.0,03/09/2025 07:17:56,13.0605699,80.1537566,1537566,2025-09-04T23:29:43.663326
TN12AU6687,353201357706339,22.0,52.34,90.0,03/09/2025 07:17:51,13.060535,80.1540033,1540033,2025-09-04T23:29:43.663495
TN12AU6687,353201357706339,19.0,52.37,90.0,03/09/2025 07:17:46,13.0605016,80.154275,154275,2025-09-04T23:29:43.663631
TN12AU6687,353201357706339,16.0,52.39,90.0,03/09/2025 07:17:41,13.060485,80.1545083,1545083,2025-09-04T23:29:43.663781
TN12AU6687,353201357706339,14.0,52.41,89.0,03/09/2025 07:17:36,13.060455,80.1547049,1547049,2025-09-04T23:29:43.663934
TN12AU6687,353201357706339,12.0,52.43,89.0,03/09/2025 07:17:31,13.0604333,80.1548749,1548749,2025-09-04T23:29:43.664076
TN12AU6687,353201357706339,9.0,52.44,89.0,03/09/2025 07:17:26,13.0604316,80.15502,15502,2025-09-04T23:29:43.664228
TN12AU6687,353201357706339,11.0,52.46,89.0,03/09/2025 07:17:21,13.060435,80.1551466,1551466,2025-09-04T23:29:43.664427
TN12AU6687,353201357706339,10.0,52.47,89.0,03/09/2025 07:17:16,13.0604516,80.1552966,1552966,2025-09-04T23:29:43.664603
TN12AU6687,353201357706339,7.0,52.48,89.0,03/09/2025 07:17:12,13.0604633,80.1553983,1553983,2025-09-04T23:29:43.664849
TN12AU6687,353201357706339,6.0,52.49,88.0,03/09/2025 07:17:07,13.0604799,80.1554883,1554883,2025-09-04T23:29:43.665055
TN12AU6687,353201357706339,4.0,52.5,88.0,03/09/2025 07:17:02,13.0604916,80.1555683,1555683,2025-09-04T23:29:43.665262
TN12AU6687,353201357706339,9.0,52.5,88.0,03/09/2025 07:16:57,13.0604983,80.1556616,1556616,2025-09-04T23:29:43.665448
TN12AU6687,353201357706339,3.0,52.5,88.0,03/09/2025 07:16:54,13.0605166,80.1557283,1557283,2025-09-04T23:29:43.665613
TN12AU6687,353201357706339,0.0,52.5,88.0,03/09/2025 07:16:49,13.0605166,80.1557283,1557283,2025-09-04T23:29:43.665783
TN12AU6687,353201357706339,0.0,52.5,85.0,03/09/2025 07:16:44,13.0605166,80.1557283,1557283,2025-09-04T23:29:43.665953
TN12AU6687,353201357706339,0.0,52.5,85.0,03/09/2025 07:16:39,13.0605166,80.1557283,1557283,2025-09-04T23:29:43.666145
TN12AU6687,353201357706339,6.0,52.52,85.0,03/09/2025 07:16:34,13.0605366,80.1557483,1557483,2025-09-04T23:29:43.666344
TN12AU6687,353201357706339,18.0,52.54,85.0,03/09/2025 07:16:30,13.0605816,80.1558616,1558616,2025-09-04T23:29:43.666535
TN12AU6687,353201357706339,28.0,52.58,85.0,03/09/2025 07:16:26,13.0606816,80.1561016,1561016,2025-09-04T23:29:43.666705
TN12AU6687,353201357706339,21.0,52.6,85.0,03/09/2025 07:16:21,13.0608333,80.1564049,1564049,2025-09-04T23:29:43.666843
TN12AU6687,353201357706339,14.0,52.61,85.0,03/09/2025 07:16:17,13.0609266,80.1565516,1565516,2025-09-04T23:29:43.667042
TN12AU6687,353201357706339,10.0,52.62,85.0,03/09/2025 07:16:14,13.060975,80.1566283,1566283,2025-09-04T23:29:43.667224
TN12AU6687,353201357706339,21.0,52.66,85.0,03/09/2025 07:16:11,13.0610266,80.1567233,1567233,2025-09-04T23:29:43.667474
TN12AU6687,353201357706339,34.0,52.71,84.0,03/09/2025 07:16:06,13.0612016,80.1570633,1570633,2025-09-04T23:29:43.667665
TN12AU6687,353201357706339,32.0,52.75,84.0,03/09/2025 07:16:01,13.0613516,80.1574483,1574483,2025-09-04T23:29:43.667875
TN12AU6687,353201357706339,32.0,52.8,84.0,03/09/2025 07:15:56,13.0614433,80.157835,157835,2025-09-04T23:29:43.668044
TN12AU6687,353201357706339,42.0,52.87,84.0,03/09/2025 07:15:51,13.0614633,80.15832,15832,2025-09-04T23:29:43.668196
TN12AU6687,353201357706339,42.0,52.92,84.0,03/09/2025 07:15:46,13.0614216,80.15889,15889,2025-09-04T23:29:43.668339
TN12AU6687,353201357706339,33.0,52.96,84.0,03/09/2025 07:15:41,13.0613616,80.1593799,1593799,2025-09-04T23:29:43.668499
TN12AU6687,353201357706339,26.0,52.99,84.0,03/09/2025 07:15:36,13.0613283,80.1597483,1597483,2025-09-04T23:29:43.668681
TN12AU6687,353201357706339,24.0,53.03,84.0,03/09/2025 07:15:31,13.0613133,80.1600516,1600516,2025-09-04T23:29:43.668880
TN12AU6687,353201357706339,30.0,53.08,84.0,03/09/2025 07:15:26,13.0612983,80.1604366,1604366,2025-09-04T23:29:43.669074
TN12AU6687,353201357706339,31.0,53.13,84.0,03/09/2025 07:15:21,13.06129,80.1608816,1608816,2025-09-04T23:29:43.669260
TN12AU6687,353201357706339,31.0,53.17,84.0,03/09/2025 07:15:16,13.06129,80.1612799,1612799,2025-09-04T23:29:43.669444
TN12AU6687,353201357706339,29.0,53.18,84.0,03/09/2025 07:15:11,13.061265,80.1616766,1616766,2025-09-04T23:29:43.669651
TN12AU6687,353201357706339,29.0,53.2,84.0,03/09/2025 07:15:09,13.06124,80.16183,16183,2025-09-04T23:29:43.669833
TN12AU6687,353201357706339,29.0,53.22,84.0,03/09/2025 07:15:07,13.06118,80.1619733,1619733,2025-09-04T23:29:43.670012
TN12AU6687,353201357706339,29.0,53.23,84.0,03/09/2025 07:15:05,13.0610783,80.1620949,1620949,2025-09-04T23:29:43.670195
TN12AU6687,353201357706339,22.0,53.25,84.0,03/09/2025 07:15:03,13.06096,80.1621716,1621716,2025-09-04T23:29:43.670357
TN12AU6687,353201357706339,22.0,53.26,84.0,03/09/2025 07:15:01,13.0608533,80.162215,162215,2025-09-04T23:29:43.670513
TN12AU6687,353201357706339,24.0,53.27,84.0,03/09/2025 07:14:59,13.0607333,80.1622266,1622266,2025-09-04T23:29:43.670666
TN12AU6687,353201357706339,24.0,53.29,84.0,03/09/2025 07:14:57,13.06061,80.162205,162205,2025-09-04T23:29:43.670838
TN12AU6687,353201357706339,28.0,53.31,84.0,03/09/2025 07:14:55,13.0604916,80.1621416,1621416,2025-09-04T23:29:43.671016
TN12AU6687,353201357706339,29.0,53.32,84.0,03/09/2025 07:14:53,13.0603833,80.1620316,1620316,2025-09-04T23:29:43.671185
TN12AU6687,353201357706339,27.0,53.34,84.0,03/09/2025 07:14:51,13.0603066,80.1619016,1619016,2025-09-04T23:29:43.671342
TN12AU6687,353201357706339,26.0,53.35,84.0,03/09/2025 07:14:49,13.0602616,80.1617699,1617699,2025-09-04T23:29:43.671508
TN12AU6687,353201357706339,27.0,53.35,84.0,03/09/2025 07:14:48,13.0602549,80.1617016,1617016,2025-09-04T23:29:43.671662
TN12AU6687,353201357706339,28.0,53.37,84.0,03/09/2025 07:14:47,13.06026,80.1616283,1616283,2025-09-04T23:29:43.671814
TN12AU6687,353201357706339,26.0,53.38,84.0,03/09/2025 07:14:45,13.0603016,80.1614916,1614916,2025-09-04T23:29:43.671963
TN12AU6687,353201357706339,24.0,53.4,84.0,03/09/2025 07:14:43,13.06037,80.1613766,1613766,2025-09-04T23:29:43.672102
TN12AU6687,353201357706339,21.0,53.41,84.0,03/09/2025 07:14:41,13.0604516,80.161295,161295,2025-09-04T23:29:43.672220
TN12AU6687,353201357706339,19.0,53.42,86.0,03/09/2025 07:14:39,13.060545,80.1612449,1612449,2025-09-04T23:29:43.672334
TN12AU6687,353201357706339,17.0,53.44,86.0,03/09/2025 07:14:37,13.0606333,80.16122,16122,2025-09-04T23:29:43.672734
TN12AU6687,353201357706339,19.0,53.47,86.0,03/09/2025 07:14:32,13.0608616,80.161205,161205,2025-09-04T23:29:43.673114
TN12AU6687,353201357706339,22.0,53.5,86.0,03/09/2025 07:14:27,13.0611183,80.1611966,1611966,2025-09-04T23:29:43.673317
TN12AU6687,353201357706339,32.0,53.55,86.0,03/09/2025 07:14:23,13.061385,80.1611883,1611883,2025-09-04T23:29:43.673504
TN12AU6687,353201357706339,36.0,53.6,86.0,03/09/2025 07:14:18,13.0618166,80.161175,161175,2025-09-04T23:29:43.673714
TN12AU6687,353201357706339,36.0,53.65,86.0,03/09/2025 07:14:13,13.062285,80.1611416,1611416,2025-09-04T23:29:43.673901
TN12AU6687,353201357706339,34.0,53.7,86.0,03/09/2025 07:14:08,13.0627149,80.16112,16112,2025-09-04T23:29:43.674070
TN12AU6687,353201357706339,41.0,53.77,87.0,03/09/2025 07:14:03,13.0631816,80.16112,16112,2025-09-04T23:29:43.674378
TN12AU6687,353201357706339,51.0,53.84,87.0,03/09/2025 07:13:58,13.0637533,80.1611233,1611233,2025-09-04T23:29:43.674588
TN12AU6687,353201357706339,51.0,53.91,87.0,03/09/2025 07:13:53,13.0644033,80.16112,16112,2025-09-04T23:29:43.674793
TN12AU6687,353201357706339,51.0,53.99,87.0,03/09/2025 07:13:48,13.0650549,80.1611066,1611066,2025-09-04T23:29:43.674979
TN12AU6687,353201357706339,61.0,54.08,88.0,03/09/2025 07:13:43,13.0657583,80.16106,16106,2025-09-04T23:29:43.675179
TN12AU6687,353201357706339,64.0,54.16,88.0,03/09/2025 07:13:38,13.0665466,80.161025,161025,2025-09-04T23:29:43.675365
TN12AU6687,353201357706339,60.0,54.25,88.0,03/09/2025 07:13:33,13.0672916,80.1610283,1610283,2025-09-04T23:29:43.675535
TN12AU6687,353201357706339,68.0,54.35,88.0,03/09/2025 07:13:28,13.0680683,80.1610316,1610316,2025-09-04T23:29:43.675691
TN12AU6687,353201357706339,77.0,54.46,88.0,03/09/2025 07:13:23,13.0689783,80.16104,16104,2025-09-04T23:29:43.675889
TN12AU6687,353201357706339,78.0,54.57,88.0,03/09/2025 07:13:18,13.06996,80.161035,161035,2025-09-04T23:29:43.676061
TN12AU6687,353201357706339,77.0,54.67,88.0,03/09/2025 07:13:13,13.0709483,80.1610583,1610583,2025-09-04T23:29:43.676235
TN12AU6687,353201357706339,78.0,54.78,88.0,03/09/2025 07:13:08,13.0719283,80.1610966,1610966,2025-09-04T23:29:43.676401
TN12AU6687,353201357706339,79.0,54.9,88.0,03/09/2025 07:13:03,13.07291,80.16113,16113,2025-09-04T23:29:43.676561
TN12AU6687,353201357706339,77.0,55.0,88.0,03/09/2025 07:12:58,13.0739116,80.161145,161145,2025-09-04T23:29:43.676727
TN12AU6687,353201357706339,73.0,55.1,88.0,03/09/2025 07:12:53,13.0748683,80.1611683,1611683,2025-09-04T23:29:43.676922
TN12AU6687,353201357706339,66.0,55.19,88.0,03/09/2025 07:12:48,13.075765,80.1612433,1612433,2025-09-04T23:29:43.677100
TN12AU6687,353201357706339,60.0,55.27,88.0,03/09/2025 07:12:43,13.07657,80.1612249,1612249,2025-09-04T23:29:43.677264
TN12AU6687,353201357706339,54.0,55.34,88.0,03/09/2025 07:12:38,13.0772916,80.161265,161265,2025-09-04T23:29:43.677431
TN12AU6687,353201357706339,50.0,55.41,88.0,03/09/2025 07:12:33,13.0779433,80.1613,1613,2025-09-04T23:29:43.677598
TN12AU6687,353201357706339,43.0,55.47,88.0,03/09/2025 07:12:28,13.0785466,80.1613349,1613349,2025-09-04T23:29:43.677780
TN12AU6687,353201357706339,48.0,55.54,88.0,03/09/2025 07:12:23,13.0790649,80.1613366,1613366,2025-09-04T23:29:43.677979
TN12AU6687,353201357706339,49.0,55.61,88.0,03/09/2025 07:12:18,13.07971,80.1613833,1613833,2025-09-04T23:29:43.678187
TN12AU6687,353201357706339,44.0,55.66,88.0,03/09/2025 07:12:13,13.0803016,80.1613949,1613949,2025-09-04T23:29:43.678372
TN12AU6687,353201357706339,41.0,55.72,88.0,03/09/2025 07:12:08,13.080825,80.16143,16143,2025-09-04T23:29:43.678543
TN12AU6687,353201357706339,38.0,55.77,88.0,03/09/2025 07:12:03,13.081325,80.161455,161455,2025-09-04T23:29:43.678721
TN12AU6687,353201357706339,40.0,55.83,88.0,03/09/2025 07:11:58,13.0818116,80.1614933,1614933,2025-09-04T23:29:43.678923
TN12AU6687,353201357706339,33.0,55.87,88.0,03/09/2025 07:11:53,13.0822933,80.1615083,1615083,2025-09-04T23:29:43.679126
TN12AU6687,353201357706339,26.0,55.91,88.0,03/09/2025 07:11:48,13.0826933,80.1615266,1615266,2025-09-04T23:29:43.679322
TN12AU6687,353201357706339,20.0,55.93,86.0,03/09/2025 07:11:43,13.0829883,80.1615449,1615449,2025-09-04T23:29:43.679503
TN12AU6687,353201357706339,13.0,55.95,86.0,03/09/2025 07:11:38,13.0832033,80.16156,16156,2025-09-04T23:29:43.679675
TN12AU6687,353201357706339,11.0,55.97,86.0,03/09/2025 07:11:33,13.0833699,80.16157,16157,2025-09-04T23:29:43.679876
TN12AU6687,353201357706339,20.0,56.0,86.0,03/09/2025 07:11:28,13.0835683,80.1615966,1615966,2025-09-04T23:29:43.680073
TN12AU6687,353201357706339,19.0,56.02,86.0,03/09/2025 07:11:23,13.0838316,80.1616449,1616449,2025-09-04T23:29:43.680250
TN12AU6687,353201357706339,17.0,56.03,86.0,03/09/2025 07:11:20,13.0839583,80.1617066,1617066,2025-09-04T23:29:43.680425
TN12AU6687,353201357706339,10.0,56.04,86.0,03/09/2025 07:11:16,13.0840933,80.1617833,1617833,2025-09-04T23:29:43.680615
TN12AU6687,353201357706339,8.0,56.05,86.0,03/09/2025 07:11:11,13.0841916,80.1618249,1618249,2025-09-04T23:29:43.680859
TN12AU6687,353201357706339,7.0,56.05,86.0,03/09/2025 07:11:10,13.0842083,80.161835,161835,2025-09-04T23:29:43.681050
TN12AU6687,353201357706339,7.0,56.06,86.0,03/09/2025 07:11:08,13.0842416,80.1618333,1618333,2025-09-04T23:29:43.681250
TN12AU6687,353201357706339,7.0,56.07,86.0,03/09/2025 07:11:03,13.0843449,80.1618316,1618316,2025-09-04T23:29:43.681413
TN12AU6687,353201357706339,6.0,56.07,86.0,03/09/2025 07:10:58,13.0844133,80.1618133,1618133,2025-09-04T23:29:43.681564
TN12AU6687,353201357706339,7.0,56.09,86.0,03/09/2025 07:10:57,13.08443,80.1618116,1618116,2025-09-04T23:29:43.681733
TN12AU6687,353201357706339,8.0,56.1,86.0,03/09/2025 07:10:52,13.0845533,80.1618016,1618016,2025-09-04T23:29:43.681919
TN12AU6687,353201357706339,8.0,56.11,86.0,03/09/2025 07:10:47,13.0846733,80.1617933,1617933,2025-09-04T23:29:43.682085
TN12AU6687,353201357706339,8.0,56.12,85.0,03/09/2025 07:10:42,13.08475,80.1618066,1618066,2025-09-04T23:29:43.682252
TN12AU6687,353201357706339,5.0,56.13,85.0,03/09/2025 07:10:37,13.084845,80.161805,161805,2025-09-04T23:29:43.682419
TN12AU6687,353201357706339,14.0,56.15,85.0,03/09/2025 07:10:32,13.08499,80.1618116,1618116,2025-09-04T23:29:43.682589
TN12AU6687,353201357706339,12.0,56.17,85.0,03/09/2025 07:10:27,13.0851766,80.1618133,1618133,2025-09-04T23:29:43.682805
TN12AU6687,353201357706339,6.0,56.18,85.0,03/09/2025 07:10:22,13.0852816,80.1618033,1618033,2025-09-04T23:29:43.682980
TN12AU6687,353201357706339,9.0,56.19,85.0,03/09/2025 07:10:17,13.0853933,80.1617933,1617933,2025-09-04T23:29:43.683149
TN12AU6687,353201357706339,5.0,56.2,85.0,03/09/2025 07:10:12,13.085495,80.1617816,1617816,2025-09-04T23:29:43.683310
TN12AU6687,353201357706339,6.0,56.21,85.0,03/09/2025 07:10:07,13.0855733,80.1617783,1617783,2025-09-04T23:29:43.683446
TN12AU6687,353201357706339,7.0,56.22,85.0,03/09/2025 07:10:02,13.0856616,80.1617633,1617633,2025-09-04T23:29:43.683592
TN12AU6687,353201357706339,8.0,56.24,85.0,03/09/2025 07:09:57,13.0857783,80.161745,161745,2025-09-04T23:29:43.683760
TN12AU6687,353201357706339,10.0,56.25,85.0,03/09/2025 07:09:52,13.0858966,80.161735,161735,2025-09-04T23:29:43.683915
TN12AU6687,353201357706339,7.0,56.26,85.0,03/09/2025 07:09:47,13.0860166,80.1617216,1617216,2025-09-04T23:29:43.684064
TN12AU6687,353201357706339,12.0,56.28,86.0,03/09/2025 07:09:42,13.0861266,80.1617083,1617083,2025-09-04T23:29:43.684226
TN12AU6687,353201357706339,11.0,56.3,86.0,03/09/2025 07:09:37,13.0862833,80.1616883,1616883,2025-09-04T23:29:43.684379
TN12AU6687,353201357706339,14.0,56.32,86.0,03/09/2025 07:09:32,13.0864366,80.16166,16166,2025-09-04T23:29:43.684535
TN12AU6687,353201357706339,16.0,56.34,86.0,03/09/2025 07:09:27,13.0866183,80.1616366,1616366,2025-09-04T23:29:43.684731
TN12AU6687,353201357706339,12.0,56.36,86.0,03/09/2025 07:09:22,13.086815,80.1616016,1616016,2025-09-04T23:29:43.684898
TN12AU6687,353201357706339,12.0,56.37,86.0,03/09/2025 07:09:17,13.0869683,80.1615883,1615883,2025-09-04T23:29:43.685067
TN12AU6687,353201357706339,11.0,56.39,86.0,03/09/2025 07:09:12,13.087125,80.1615766,1615766,2025-09-04T23:29:43.685242
TN12AU6687,353201357706339,12.0,56.41,86.0,03/09/2025 07:09:07,13.0872649,80.1615666,1615666,2025-09-04T23:29:43.685404
TN12AU6687,353201357706339,12.0,56.43,86.0,03/09/2025 07:09:02,13.0874183,80.1615566,1615566,2025-09-04T23:29:43.685561
TN12AU6687,353201357706339,14.0,56.44,86.0,03/09/2025 07:08:57,13.0876083,80.16153,16153,2025-09-04T23:29:43.685729
TN12AU6687,353201357706339,16.0,56.46,86.0,03/09/2025 07:08:53,13.0877533,80.1614766,1614766,2025-09-04T23:29:43.686032
TN12AU6687,353201357706339,16.0,56.48,86.0,03/09/2025 07:08:50,13.0878683,80.1614516,1614516,2025-09-04T23:29:43.686232
TN12AU6687,353201357706339,24.0,56.52,86.0,03/09/2025 07:08:46,13.0880649,80.1614483,1614483,2025-09-04T23:29:43.686417
TN12AU6687,353201357706339,28.0,56.55,86.0,03/09/2025 07:08:41,13.0884133,80.1614583,1614583,2025-09-04T23:29:43.686581
TN12AU6687,353201357706339,18.0,56.58,86.0,03/09/2025 07:08:36,13.0887483,80.1614633,1614633,2025-09-04T23:29:43.686771
TN12AU6687,353201357706339,14.0,56.58,86.0,03/09/2025 07:08:31,13.0889699,80.1614433,1614433,2025-09-04T23:29:43.686992
TN12AU6687,353201357706339,14.0,56.59,86.0,03/09/2025 07:08:30,13.0890066,80.1614433,1614433,2025-09-04T23:29:43.687230
TN12AU6687,353201357706339,15.0,56.59,86.0,03/09/2025 07:08:29,13.0890399,80.1614633,1614633,2025-09-04T23:29:43.687467
TN12AU6687,353201357706339,17.0,56.6,86.0,03/09/2025 07:08:28,13.0890766,80.161485,161485,2025-09-04T23:29:43.687707
TN12AU6687,353201357706339,20.0,56.6,86.0,03/09/2025 07:08:27,13.0891116,80.1615216,1615216,2025-09-04T23:29:43.687949
TN12AU6687,353201357706339,24.0,56.62,86.0,03/09/2025 07:08:26,13.0891433,80.16157,16157,2025-09-04T23:29:43.688121
TN12AU6687,353201357706339,32.0,56.64,86.0,03/09/2025 07:08:24,13.0891583,80.1617016,1617016,2025-09-04T23:29:43.688304
TN12AU6687,353201357706339,44.0,56.7,86.0,03/09/2025 07:08:22,13.0891283,80.16191,16191,2025-09-04T23:29:43.688519
TN12AU6687,353201357706339,43.0,56.76,86.0,03/09/2025 07:08:17,13.08912,80.1624716,1624716,2025-09-04T23:29:43.688716
TN12AU6687,353201357706339,40.0,56.81,88.0,03/09/2025 07:08:12,13.089075,80.1630333,1630333,2025-09-04T23:29:43.688951
TN12AU6687,353201357706339,32.0,56.87,88.0,03/09/2025 07:08:07,13.0890483,80.1634916,1634916,2025-09-04T23:29:43.689159
TN12AU6687,353201357706339,40.0,56.92,88.0,03/09/2025 07:08:02,13.0890166,80.1640033,1640033,2025-09-04T23:29:43.689359
TN12AU6687,353201357706339,35.0,56.97,88.0,03/09/2025 07:07:57,13.0889916,80.164485,164485,2025-09-04T23:29:43.689548
TN12AU6687,353201357706339,33.0,57.02,88.0,03/09/2025 07:07:52,13.0889616,80.1649083,1649083,2025-09-04T23:29:43.689711
TN12AU6687,353201357706339,42.0,57.08,88.0,03/09/2025 07:07:47,13.0889399,80.1653933,1653933,2025-09-04T23:29:43.689909
TN12AU6687,353201357706339,45.0,57.14,88.0,03/09/2025 07:07:42,13.0889066,80.16595,16595,2025-09-04T23:29:43.690112
TN12AU6687,353201357706339,46.0,57.21,89.0,03/09/2025 07:07:37,13.0888666,80.1665366,1665366,2025-09-04T23:29:43.690311
TN12AU6687,353201357706339,45.0,57.27,89.0,03/09/2025 07:07:32,13.0888316,80.167125,167125,2025-09-04T23:29:43.690497
TN12AU6687,353201357706339,43.0,57.33,89.0,03/09/2025 07:07:27,13.0887916,80.1677116,1677116,2025-09-04T23:29:43.690703
TN12AU6687,353201357706339,43.0,57.39,89.0,03/09/2025 07:07:22,13.0887766,80.1682566,1682566,2025-09-04T23:29:43.690895
TN12AU6687,353201357706339,40.0,57.44,89.0,03/09/2025 07:07:17,13.0887583,80.1687983,1687983,2025-09-04T23:29:43.691047
TN12AU6687,353201357706339,34.0,57.49,89.0,03/09/2025 07:07:12,13.08874,80.1692766,1692766,2025-09-04T23:29:43.691222
TN12AU6687,353201357706339,34.0,57.53,89.0,03/09/2025 07:07:07,13.0887149,80.1696966,1696966,2025-09-04T23:29:43.691382
TN12AU6687,353201357706339,46.0,57.6,89.0,03/09/2025 07:07:03,13.08868,80.1701183,1701183,2025-09-04T23:29:43.691543
TN12AU6687,353201357706339,53.0,57.68,89.0,03/09/2025 07:06:58,13.088645,80.17078,17078,2025-09-04T23:29:43.691704
TN12AU6687,353201357706339,51.0,57.75,89.0,03/09/2025 07:06:53,13.0886016,80.1714633,1714633,2025-09-04T23:29:43.697273
TN12AU6687,353201357706339,50.0,57.82,89.0,03/09/2025 07:06:48,13.0885766,80.1721066,1721066,2025-09-04T23:29:43.697821
TN12AU6687,353201357706339,45.0,57.88,89.0,03/09/2025 07:06:43,13.088535,80.1727366,1727366,2025-09-04T23:29:43.698009
TN12AU6687,353201357706339,45.0,57.94,89.0,03/09/2025 07:06:38,13.088505,80.1733183,1733183,2025-09-04T23:29:43.698335
TN12AU6687,353201357706339,36.0,57.98,89.0,03/09/2025 07:06:33,13.0884666,80.173845,173845,2025-09-04T23:29:43.698588
TN12AU6687,353201357706339,31.0,58.01,89.0,03/09/2025 07:06:28,13.0884283,80.1742766,1742766,2025-09-04T23:29:43.698823
TN12AU6687,353201357706339,20.0,58.02,89.0,03/09/2025 07:06:24,13.0883966,80.17453,17453,2025-09-04T23:29:43.699011
TN12AU6687,353201357706339,19.0,58.03,89.0,03/09/2025 07:06:22,13.0883983,80.17464,17464,2025-09-04T23:29:43.702992
TN12AU6687,353201357706339,16.0,58.03,89.0,03/09/2025 07:06:21,13.08841,80.1746866,1746866,2025-09-04T23:29:43.703351
TN12AU6687,353201357706339,12.0,58.04,89.0,03/09/2025 07:06:20,13.0884266,80.1747216,1747216,2025-09-04T23:29:43.703644
TN12AU6687,353201357706339,6.0,58.04,89.0,03/09/2025 07:06:18,13.0884616,80.1747649,1747649,2025-09-04T23:29:43.703901
TN12AU6687,353201357706339,4.0,58.05,89.0,03/09/2025 07:06:17,13.088475,80.1747733,1747733,2025-09-04T23:29:43.704141
TN12AU6687,353201357706339,9.0,58.06,89.0,03/09/2025 07:06:12,13.0885416,80.1747933,1747933,2025-09-04T23:29:43.704376
TN12AU6687,353201357706339,21.0,58.1,89.0,03/09/2025 07:06:10,13.0886233,80.1747983,1747983,2025-09-04T23:29:43.705669
TN12AU6687,353201357706339,34.0,58.15,89.0,03/09/2025 07:06:05,13.0889849,80.1748133,1748133,2025-09-04T23:29:43.705876
TN12AU6687,353201357706339,32.0,58.19,89.0,03/09/2025 07:06:00,13.0894316,80.1748433,1748433,2025-09-04T23:29:43.706105
TN12AU6687,353201357706339,24.0,58.21,89.0,03/09/2025 07:05:55,13.0898033,80.1748533,1748533,2025-09-04T23:29:43.706338
TN12AU6687,353201357706339,11.0,58.22,89.0,03/09/2025 07:05:51,13.0899783,80.17487,17487,2025-09-04T23:29:43.706572
TN12AU6687,353201357706339,16.0,58.26,89.0,03/09/2025 07:05:47,13.09008,80.1748716,1748716,2025-09-04T23:29:43.706802
TN12AU6687,353201357706339,27.0,58.27,89.0,03/09/2025 07:05:42,13.0904133,80.17489,17489,2025-09-04T23:29:43.707035
TN12AU6687,353201357706339,17.0,58.29,89.0,03/09/2025 07:05:39,13.0905766,80.174905,174905,2025-09-04T23:29:43.707282
TN12AU6687,353201357706339,18.0,58.3,89.0,03/09/2025 07:05:34,13.0907416,80.1749166,1749166,2025-09-04T23:29:43.707490
TN12AU6687,353201357706339,33.0,58.35,89.0,03/09/2025 07:05:32,13.0908466,80.1749133,1749133,2025-09-04T23:29:43.709171
TN12AU6687,353201357706339,44.0,58.42,89.0,03/09/2025 07:05:28,13.0912649,80.1749216,1749216,2025-09-04T23:29:43.709687
TN12AU6687,353201357706339,47.0,58.48,89.0,03/09/2025 07:05:23,13.0918583,80.1749466,1749466,2025-09-04T23:29:43.709997
TN12AU6687,353201357706339,45.0,58.55,89.0,03/09/2025 07:05:18,13.0924466,80.1749983,1749983,2025-09-04T23:29:43.710279
TN12AU6687,353201357706339,49.0,58.62,89.0,03/09/2025 07:05:13,13.09306,80.1750233,1750233,2025-09-04T23:29:43.710490
TN12AU6687,353201357706339,47.0,58.68,88.0,03/09/2025 07:05:08,13.0936666,80.1750383,1750383,2025-09-04T23:29:43.710746
TN12AU6687,353201357706339,37.0,58.72,88.0,03/09/2025 07:05:03,13.0942,80.1750933,1750933,2025-09-04T23:29:43.711024
TN12AU6687,353201357706339,31.0,58.77,88.0,03/09/2025 07:04:58,13.0946133,80.1751433,1751433,2025-09-04T23:29:43.711364
TN12AU6687,353201357706339,33.0,58.82,88.0,03/09/2025 07:04:53,13.095015,80.1751683,1751683,2025-09-04T23:29:43.711668
TN12AU6687,353201357706339,33.0,58.86,88.0,03/09/2025 07:04:48,13.09545,80.175195,175195,2025-09-04T23:29:43.711902
TN12AU6687,353201357706339,26.0,58.9,88.0,03/09/2025 07:04:43,13.0958233,80.17522,17522,2025-09-04T23:29:43.712575
TN12AU6687,353201357706339,25.0,58.93,88.0,03/09/2025 07:04:38,13.0961533,80.175235,175235,2025-09-04T23:29:43.717736
TN12AU6687,353201357706339,24.0,58.97,89.0,03/09/2025 07:04:33,13.0964516,80.1752583,1752583,2025-09-04T23:29:43.718441
TN12AU6687,353201357706339,29.0,59.0,89.0,03/09/2025 07:04:28,13.0967966,80.1752833,1752833,2025-09-04T23:29:43.718606
TN12AU6687,353201357706339,26.0,59.04,89.0,03/09/2025 07:04:23,13.0971383,80.17531,17531,2025-09-04T23:29:43.719271
TN12AU6687,353201357706339,24.0,59.08,89.0,03/09/2025 07:04:18,13.0974883,80.1753283,1753283,2025-09-04T23:29:43.719492
TN12AU6687,353201357706339,22.0,59.11,89.0,03/09/2025 07:04:13,13.0978083,80.1753333,1753333,2025-09-04T23:29:43.719748
TN12AU6687,353201357706339,16.0,59.11,89.0,03/09/2025 07:04:08,13.0980783,80.1753316,1753316,2025-09-04T23:29:43.719990
TN12AU6687,353201357706339,13.0,59.12,89.0,03/09/2025 07:04:07,13.098115,80.1753383,1753383,2025-09-04T23:29:43.721700
TN12AU6687,353201357706339,12.0,59.12,89.0,03/09/2025 07:04:06,13.0981433,80.175355,175355,2025-09-04T23:29:43.721978
TN12AU6687,353201357706339,11.0,59.13,89.0,03/09/2025 07:04:05,13.0981616,80.1753799,1753799,2025-09-04T23:29:43.722207
TN12AU6687,353201357706339,12.0,59.15,89.0,03/09/2025 07:04:02,13.098175,80.1754666,1754666,2025-09-04T23:29:43.722431
TN12AU6687,353201357706339,22.0,59.18,89.0,03/09/2025 07:03:58,13.098175,80.1756433,1756433,2025-09-04T23:29:43.722795
TN12AU6687,353201357706339,23.0,59.2,89.0,03/09/2025 07:03:53,13.098145,80.1759333,1759333,2025-09-04T23:29:43.723288
TN12AU6687,353201357706339,18.0,59.22,89.0,03/09/2025 07:03:48,13.0981133,80.176145,176145,2025-09-04T23:29:43.723569
TN12AU6687,353201357706339,32.0,59.26,89.0,03/09/2025 07:03:46,13.0980999,80.1762733,1762733,2025-09-04T23:29:43.723824
TN12AU6687,353201357706339,32.0,59.31,89.0,03/09/2025 07:03:41,13.098015,80.1767,1767,2025-09-04T23:29:43.724052
TN12AU6687,353201357706339,28.0,59.34,89.0,03/09/2025 07:03:36,13.0979499,80.1770883,1770883,2025-09-04T23:29:43.724274
TN12AU6687,353201357706339,25.0,59.38,89.0,03/09/2025 07:03:31,13.09791,80.1774166,1774166,2025-09-04T23:29:43.724546
TN12AU6687,353201357706339,19.0,59.4,89.0,03/09/2025 07:03:26,13.0978749,80.1777133,1777133,2025-09-04T23:29:43.724798
TN12AU6687,353201357706339,13.0,59.42,89.0,03/09/2025 07:03:21,13.0978533,80.1779,1779,2025-09-04T23:29:43.725033
TN12AU6687,353201357706339,23.0,59.46,89.0,03/09/2025 07:03:16,13.0978483,80.17813,17813,2025-09-04T23:29:43.725237
TN12AU6687,353201357706339,25.0,59.49,89.0,03/09/2025 07:03:11,13.0978516,80.1784599,1784599,2025-09-04T23:29:43.725428
TN12AU6687,353201357706339,22.0,59.52,88.0,03/09/2025 07:03:06,13.0978666,80.1787566,1787566,2025-09-04T23:29:43.725636
TN12AU6687,353201357706339,26.0,59.56,88.0,03/09/2025 07:03:01,13.0978966,80.179065,179065,2025-09-04T23:29:43.730073
TN12AU6687,353201357706339,29.0,59.6,88.0,03/09/2025 07:02:56,13.0979483,80.1794216,1794216,2025-09-04T23:29:43.734896
TN12AU6687,353201357706339,33.0,59.66,88.0,03/09/2025 07:02:51,13.0980333,80.1797966,1797966,2025-09-04T23:29:43.735190
TN12AU6687,353201357706339,38.0,59.71,88.0,03/09/2025 07:02:46,13.0981566,80.1802833,1802833,2025-09-04T23:29:43.735412
TN12AU6687,353201357706339,34.0,59.75,88.0,03/09/2025 07:02:41,13.0982566,80.1807266,1807266,2025-09-04T23:29:43.735631
TN12AU6687,353201357706339,32.0,59.8,87.0,03/09/2025 07:02:36,13.098355,80.1811416,1811416,2025-09-04T23:29:43.735850
TN12AU6687,353201357706339,32.0,59.84,87.0,03/09/2025 07:02:31,13.0984499,80.1815366,1815366,2025-09-04T23:29:43.736056
TN12AU6687,353201357706339,34.0,59.89,87.0,03/09/2025 07:02:26,13.0985483,80.1819516,1819516,2025-09-04T23:29:43.736248
TN12AU6687,353201357706339,34.0,59.94,87.0,03/09/2025 07:02:21,13.0986416,80.1823816,1823816,2025-09-04T23:29:43.736430
TN12AU6687,353201357706339,32.0,59.98,87.0,03/09/2025 07:02:16,13.0987533,80.1828,1828,2025-09-04T23:29:43.736623
TN12AU6687,353201357706339,33.0,60.03,87.0,03/09/2025 07:02:11,13.0988683,80.18321,18321,2025-09-04T23:29:43.736826
TN12AU6687,353201357706339,31.0,60.07,87.0,03/09/2025 07:02:06,13.0989933,80.1835933,1835933,2025-09-04T23:29:43.736993
TN12AU6687,353201357706339,32.0,60.11,87.0,03/09/2025 07:02:01,13.0991133,80.1839749,1839749,2025-09-04T23:29:43.737146
TN12AU6687,353201357706339,29.0,60.15,87.0,03/09/2025 07:01:56,13.0992266,80.18435,18435,2025-09-04T23:29:43.737313
TN12AU6687,353201357706339,27.0,60.19,87.0,03/09/2025 07:01:51,13.0993283,80.1847083,1847083,2025-09-04T23:29:43.737472
TN12AU6687,353201357706339,20.0,60.22,87.0,03/09/2025 07:01:46,13.0994066,80.1849966,1849966,2025-09-04T23:29:43.737671
TN12AU6687,353201357706339,28.0,60.27,87.0,03/09/2025 07:01:41,13.0994583,80.18529,18529,2025-09-04T23:29:43.737826
TN12AU6687,353201357706339,37.0,60.31,87.0,03/09/2025 07:01:36,13.0995516,80.18572,18572,2025-09-04T23:29:43.737997
TN12AU6687,353201357706339,29.0,60.35,87.0,03/09/2025 07:01:31,13.0996466,80.1861416,1861416,2025-09-04T23:29:43.738156
TN12AU6687,353201357706339,21.0,60.38,87.0,03/09/2025 07:01:26,13.0997083,80.1864833,1864833,2025-09-04T23:29:43.738295
TN12AU6687,353201357706339,11.0,60.38,87.0,03/09/2025 07:01:21,13.0997633,80.1866983,1866983,2025-09-04T23:29:43.738493
TN12AU6687,353201357706339,7.0,60.39,87.0,03/09/2025 07:01:18,13.0997783,80.186785,186785,2025-09-04T23:29:43.738660
TN12AU6687,353201357706339,0.0,60.39,87.0,03/09/2025 07:01:13,13.0997983,80.1868383,1868383,2025-09-04T23:29:43.738826
TN12AU6687,353201357706339,11.0,60.41,87.0,03/09/2025 07:01:09,13.0998216,80.1868883,1868883,2025-09-04T23:29:43.739001
TN12AU6687,353201357706339,18.0,60.44,87.0,03/09/2025 07:01:04,13.0998816,80.1870966,1870966,2025-09-04T23:29:43.739234
TN12AU6687,353201357706339,23.0,60.48,87.0,03/09/2025 07:00:59,13.0999433,80.1873483,1873483,2025-09-04T23:29:43.739431
TN12AU6687,353201357706339,29.0,60.52,87.0,03/09/2025 07:00:54,13.1000416,80.1876499,1876499,2025-09-04T23:29:43.739667
TN12AU6687,353201357706339,35.0,60.57,87.0,03/09/2025 07:00:49,13.1001816,80.1880583,1880583,2025-09-04T23:29:43.739881
TN12AU6687,353201357706339,30.0,60.61,87.0,03/09/2025 07:00:44,13.1003483,80.1884616,1884616,2025-09-04T23:29:43.740114
TN12AU6687,353201357706339,23.0,60.64,86.0,03/09/2025 07:00:39,13.1005066,80.188765,188765,2025-09-04T23:29:43.740324
TN12AU6687,353201357706339,21.0,60.67,86.0,03/09/2025 07:00:34,13.1006566,80.188995,188995,2025-09-04T23:29:43.740540
TN12AU6687,353201357706339,31.0,60.71,86.0,03/09/2025 07:00:30,13.1008083,80.1892199,1892199,2025-09-04T23:29:43.740737
TN12AU6687,353201357706339,36.0,60.77,86.0,03/09/2025 07:00:25,13.1010416,80.18957,18957,2025-09-04T23:29:43.740971
TN12AU6687,353201357706339,43.0,60.83,86.0,03/09/2025 07:00:20,13.1012216,80.1900516,1900516,2025-09-04T23:29:43.741142
TN12AU6687,353201357706339,47.0,60.9,86.0,03/09/2025 07:00:15,13.1014166,80.19056,19056,2025-09-04T23:29:43.741324
TN12AU6687,353201357706339,47.0,60.96,86.0,03/09/2025 07:00:10,13.101535,80.191205,191205,2025-09-04T23:29:43.741515
TN12AU6687,353201357706339,44.0,61.03,85.0,03/09/2025 07:00:05,13.1016416,80.1917883,1917883,2025-09-04T23:29:43.741725
TN12AU6687,353201357706339,42.0,61.08,85.0,03/09/2025 07:00:00,13.1017066,80.1923533,1923533,2025-09-04T23:29:43.741919
TN12AU6687,353201357706339,38.0,61.13,85.0,03/09/2025 06:59:55,13.1017999,80.1928583,1928583,2025-09-04T23:29:43.742089
TN12AU6687,353201357706339,33.0,61.15,85.0,03/09/2025 06:59:50,13.10188,80.1933366,1933366,2025-09-04T23:29:43.742256
TN12AU6687,353201357706339,31.0,61.17,85.0,03/09/2025 06:59:48,13.1018833,80.1935016,1935016,2025-09-04T23:29:43.742441
TN12AU6687,353201357706339,31.0,61.21,85.0,03/09/2025 06:59:46,13.1018466,80.1936616,1936616,2025-09-04T23:29:43.742630
TN12AU6687,353201357706339,27.0,61.22,85.0,03/09/2025 06:59:41,13.1016499,80.1939916,1939916,2025-09-04T23:29:43.742836
TN12AU6687,353201357706339,26.0,61.23,85.0,03/09/2025 06:59:40,13.1016166,80.194055,194055,2025-09-04T23:29:43.743065
TN12AU6687,353201357706339,26.0,61.23,85.0,03/09/2025 06:59:39,13.1015966,80.19412,19412,2025-09-04T23:29:43.743304
TN12AU6687,353201357706339,27.0,61.24,85.0,03/09/2025 06:59:38,13.1015883,80.1941899,1941899,2025-09-04T23:29:43.743506
TN12AU6687,353201357706339,26.0,61.25,85.0,03/09/2025 06:59:37,13.1015916,80.19426,19426,2025-09-04T23:29:43.743709
TN12AU6687,353201357706339,25.0,61.26,85.0,03/09/2025 06:59:36,13.1016083,80.1943266,1943266,2025-09-04T23:29:43.743925
TN12AU6687,353201357706339,23.0,61.26,85.0,03/09/2025 06:59:35,13.1016383,80.1943833,1943833,2025-09-04T23:29:43.744128
TN12AU6687,353201357706339,23.0,61.27,85.0,03/09/2025 06:59:34,13.1016766,80.1944333,1944333,2025-09-04T23:29:43.744330
TN12AU6687,353201357706339,25.0,61.28,85.0,03/09/2025 06:59:33,13.1017266,80.1944733,1944733,2025-09-04T23:29:43.744559
TN12AU6687,353201357706339,20.0,61.31,85.0,03/09/2025 06:59:31,13.101835,80.194525,194525,2025-09-04T23:29:43.744780
TN12AU6687,353201357706339,11.0,61.32,85.0,03/09/2025 06:59:26,13.1020349,80.19456,19456,2025-09-04T23:29:43.744959
TN12AU6687,353201357706339,10.0,61.33,85.0,03/09/2025 06:59:21,13.1021916,80.19455,19455,2025-09-04T23:29:43.745282
TN12AU6687,353201357706339,5.0,61.34,85.0,03/09/2025 06:59:16,13.1022583,80.1945466,1945466,2025-09-04T23:29:43.745464
TN12AU6687,353201357706339,12.0,61.35,85.0,03/09/2025 06:59:11,13.1023366,80.1945383,1945383,2025-09-04T23:29:43.745635
TN12AU6687,353201357706339,23.0,61.36,85.0,03/09/2025 06:59:09,13.1024166,80.1945366,1945366,2025-09-04T23:29:43.745794
TN12AU6687,353201357706339,33.0,61.41,85.0,03/09/2025 06:59:07,13.1025499,80.1945366,1945366,2025-09-04T23:29:43.745969
TN12AU6687,353201357706339,43.0,61.47,85.0,03/09/2025 06:59:03,13.1029483,80.1945716,1945716,2025-09-04T23:29:43.746125
TN12AU6687,353201357706339,49.0,61.54,85.0,03/09/2025 06:58:58,13.1035183,80.1946083,1946083,2025-09-04T23:29:43.746277
TN12AU6687,353201357706339,44.0,61.6,85.0,03/09/2025 06:58:53,13.10413,80.194655,194655,2025-09-04T23:29:43.746454
TN12AU6687,353201357706339,38.0,61.65,85.0,03/09/2025 06:58:48,13.1046683,80.1947033,1947033,2025-09-04T23:29:43.746632
TN12AU6687,353201357706339,34.0,61.7,85.0,03/09/2025 06:58:43,13.1050949,80.194755,194755,2025-09-04T23:29:43.746935
TN12AU6687,353201357706339,38.0,61.73,85.0,03/09/2025 06:58:38,13.1055666,80.1947883,1947883,2025-09-04T23:29:43.747146
TN12AU6687,353201357706339,42.0,61.79,87.0,03/09/2025 06:58:35,13.105875,80.1948233,1948233,2025-09-04T23:29:43.747429
TN12AU6687,353201357706339,38.0,61.84,87.0,03/09/2025 06:58:30,13.10638,80.19496,19496,2025-09-04T23:29:43.747663
TN12AU6687,353201357706339,29.0,61.88,87.0,03/09/2025 06:58:25,13.106765,80.195125,195125,2025-09-04T23:29:43.747896
TN12AU6687,353201357706339,32.0,61.91,87.0,03/09/2025 06:58:20,13.1070883,80.1953016,1953016,2025-09-04T23:29:43.748225
TN12AU6687,353201357706339,43.0,61.97,87.0,03/09/2025 06:58:17,13.1073283,80.1954433,1954433,2025-09-04T23:29:43.748474
TN12AU6687,353201357706339,46.0,62.04,87.0,03/09/2025 06:58:12,13.10781,80.1957216,1957216,2025-09-04T23:29:43.748695
TN12AU6687,353201357706339,49.0,62.11,87.0,03/09/2025 06:58:07,13.1083316,80.196025,196025,2025-09-04T23:29:43.749127
TN12AU6687,353201357706339,48.0,62.17,89.0,03/09/2025 06:58:02,13.1088816,80.196325,196325,2025-09-04T23:29:43.749371
TN12AU6687,353201357706339,50.0,62.25,89.0,03/09/2025 06:57:57,13.1094066,80.1966333,1966333,2025-09-04T23:29:43.749783
TN12AU6687,353201357706339,47.0,62.31,89.0,03/09/2025 06:57:52,13.1099999,80.1968866,1968866,2025-09-04T23:29:43.750017
TN12AU6687,353201357706339,49.0,62.38,89.0,03/09/2025 06:57:47,13.1105866,80.1970416,1970416,2025-09-04T23:29:43.750242
TN12AU6687,353201357706339,51.0,62.45,89.0,03/09/2025 06:57:42,13.1112116,80.1971183,1971183,2025-09-04T23:29:43.750483
TN12AU6687,353201357706339,45.0,62.51,89.0,03/09/2025 06:57:37,13.1118266,80.1972083,1972083,2025-09-04T23:29:43.750769
TN12AU6687,353201357706339,42.0,62.57,90.0,03/09/2025 06:57:32,13.1123716,80.197265,197265,2025-09-04T23:29:43.751042
TN12AU6687,353201357706339,42.0,62.63,90.0,03/09/2025 06:57:27,13.1129016,80.1973366,1973366,2025-09-04T23:29:43.751276
TN12AU6687,353201357706339,40.0,62.68,90.0,03/09/2025 06:57:22,13.1134416,80.197395,197395,2025-09-04T23:29:43.751503
TN12AU6687,353201357706339,37.0,62.74,90.0,03/09/2025 06:57:17,13.1139099,80.1974366,1974366,2025-09-04T23:29:43.751719
TN12AU6687,353201357706339,35.0,62.79,90.0,03/09/2025 06:57:12,13.1143833,80.19749,19749,2025-09-04T23:29:43.751940
TN12AU6687,353201357706339,35.0,62.84,90.0,03/09/2025 06:57:07,13.1148266,80.1975616,1975616,2025-09-04T23:29:43.752160
TN12AU6687,353201357706339,42.0,62.9,91.0,03/09/2025 06:57:02,13.1152933,80.19763,19763,2025-09-04T23:29:43.752355
TN12AU6687,353201357706339,48.0,62.99,91.0,03/09/2025 06:56:57,13.1158433,80.1976816,1976816,2025-09-04T23:29:43.753342
TN12AU6687,353201357706339,53.0,63.06,91.0,03/09/2025 06:56:51,13.1166266,80.1977816,1977816,2025-09-04T23:29:43.755317
TN12AU6687,353201357706339,48.0,63.13,91.0,03/09/2025 06:56:46,13.1172833,80.1978683,1978683,2025-09-04T23:29:43.755609
TN12AU6687,353201357706339,44.0,63.18,91.0,03/09/2025 06:56:41,13.1178416,80.1980416,1980416,2025-09-04T23:29:43.755887
TN12AU6687,353201357706339,41.0,63.22,91.0,03/09/2025 06:56:36,13.11823,80.1982233,1982233,2025-09-04T23:29:43.756101
TN12AU6687,353201357706339,39.0,63.24,90.0,03/09/2025 06:56:33,13.11859,80.1984866,1984866,2025-09-04T23:29:43.756324
TN12AU6687,353201357706339,37.0,63.3,90.0,03/09/2025 06:56:31,13.11874,80.1985799,1985799,2025-09-04T23:29:43.756553
TN12AU6687,353201357706339,45.0,63.36,90.0,03/09/2025 06:56:26,13.1192199,80.1988183,1988183,2025-09-04T23:29:43.756775
TN12AU6687,353201357706339,35.0,63.41,90.0,03/09/2025 06:56:21,13.1196733,80.19908,19908,2025-09-04T23:29:43.756993
TN12AU6687,353201357706339,34.0,63.45,90.0,03/09/2025 06:56:16,13.1200433,80.1992999,1992999,2025-09-04T23:29:43.757212
TN12AU6687,353201357706339,44.0,63.51,90.0,03/09/2025 06:56:12,13.1203949,80.1994733,1994733,2025-09-04T23:29:43.757416
TN12AU6687,353201357706339,39.0,63.57,90.0,03/09/2025 06:56:07,13.1208916,80.1996283,1996283,2025-09-04T23:29:43.757619
TN12AU6687,353201357706339,41.0,63.61,89.0,03/09/2025 06:56:02,13.1213433,80.1998966,1998966,2025-09-04T23:29:43.757818
TN12AU6687,353201357706339,37.0,63.67,89.0,03/09/2025 06:55:57,13.1216866,80.2001449,2001449,2025-09-04T23:29:43.758013
TN12AU6687,353201357706339,37.0,63.71,89.0,03/09/2025 06:55:52,13.1220466,80.2004516,2004516,2025-09-04T23:29:43.758177
TN12AU6687,353201357706339,29.0,63.75,89.0,03/09/2025 06:55:47,13.1224099,80.2006933,2006933,2025-09-04T23:29:43.758353
TN12AU6687,353201357706339,21.0,63.78,89.0,03/09/2025 06:55:42,13.1226433,80.20095,20095,2025-09-04T23:29:43.758506
TN12AU6687,353201357706339,11.0,63.79,89.0,03/09/2025 06:55:37,13.1227716,80.2011333,2011333,2025-09-04T23:29:43.758688
TN12AU6687,353201357706339,7.0,63.8,88.0,03/09/2025 06:55:32,13.1228283,80.2012066,2012066,2025-09-04T23:29:43.758982
TN12AU6687,353201357706339,5.0,63.8,88.0,03/09/2025 06:55:27,13.1228816,80.2012933,2012933,2025-09-04T23:29:43.759215
TN12AU6687,353201357706339,0.0,63.8,88.0,03/09/2025 06:55:22,13.122905,80.20133,20133,2025-09-04T23:29:43.759440
TN12AU6687,353201357706339,0.0,63.8,88.0,03/09/2025 06:55:17,13.122905,80.20133,20133,2025-09-04T23:29:43.759644
TN12AU6687,353201357706339,0.0,63.8,88.0,03/09/2025 06:55:12,13.122905,80.20133,20133,2025-09-04T23:29:43.759836
TN12AU6687,353201357706339,0.0,63.8,88.0,03/09/2025 06:55:07,13.122905,80.20133,20133,2025-09-04T23:29:43.760005
TN12AU6687,353201357706339,0.0,63.8,88.0,03/09/2025 06:55:02,13.122905,80.20133,20133,2025-09-04T23:29:43.760184
TN12AU6687,353201357706339,9.0,63.82,88.0,03/09/2025 06:54:57,13.122925,80.2013583,2013583,2025-09-04T23:29:43.760366
TN12AU6687,353201357706339,8.0,63.83,88.0,03/09/2025 06:54:52,13.1230033,80.201455,201455,2025-09-04T23:29:43.760537
TN12AU6687,353201357706339,15.0,63.86,88.0,03/09/2025 06:54:47,13.1230683,80.2015783,2015783,2025-09-04T23:29:43.760715
TN12AU6687,353201357706339,11.0,63.86,88.0,03/09/2025 06:54:42,13.1231733,80.2017633,2017633,2025-09-04T23:29:43.760913
TN12AU6687,353201357706339,0.0,63.86,88.0,03/09/2025 06:54:40,13.123205,80.2018216,2018216,2025-09-04T23:29:43.761119
TN12AU6687,353201357706339,0.0,63.86,87.0,03/09/2025 06:54:35,13.123205,80.2018216,2018216,2025-09-04T23:29:43.761297
TN12AU6687,353201357706339,0.0,63.86,87.0,03/09/2025 06:54:30,13.123205,80.2018216,2018216,2025-09-04T23:29:43.761437
TN12AU6687,353201357706339,0.0,63.86,87.0,03/09/2025 06:54:25,13.123205,80.2018216,2018216,2025-09-04T23:29:43.761588
TN12AU6687,353201357706339,0.0,63.86,87.0,03/09/2025 06:54:20,13.123205,80.2018216,2018216,2025-09-04T23:29:43.761766
TN12AU6687,353201357706339,0.0,63.86,87.0,03/09/2025 06:54:15,13.123205,80.2018216,2018216,2025-09-04T23:29:43.761906
TN12AU6687,353201357706339,0.0,63.86,87.0,03/09/2025 06:54:10,13.123205,80.2018216,2018216,2025-09-04T23:29:43.762047
TN12AU6687,353201357706339,0.0,63.86,87.0,03/09/2025 06:54:05,13.123205,80.2018216,2018216,2025-09-04T23:29:43.762180
TN12AU6687,353201357706339,0.0,63.86,87.0,03/09/2025 06:54:00,13.123205,80.2018216,2018216,2025-09-04T23:29:43.762349
TN12AU6687,353201357706339,0.0,63.86,87.0,03/09/2025 06:53:55,13.123205,80.2018216,2018216,2025-09-04T23:29:43.762516
TN12AU6687,353201357706339,0.0,63.86,87.0,03/09/2025 06:53:50,13.123205,80.2018216,2018216,2025-09-04T23:29:43.762711
TN12AU6687,353201357706339,0.0,63.86,87.0,03/09/2025 06:53:45,13.123205,80.2018216,2018216,2025-09-04T23:29:43.762871
TN12AU6687,353201357706339,8.0,63.88,87.0,03/09/2025 06:53:40,13.1232233,80.2018433,2018433,2025-09-04T23:29:43.763037
TN12AU6687,353201357706339,18.0,63.9,87.0,03/09/2025 06:53:35,13.123325,80.201995,201995,2025-09-04T23:29:43.763198
TN12AU6687,353201357706339,20.0,63.92,87.0,03/09/2025 06:53:32,13.1233983,80.2021183,2021183,2025-09-04T23:29:43.763353
TN12AU6687,353201357706339,30.0,63.97,87.0,03/09/2025 06:53:28,13.123515,80.2023316,2023316,2025-09-04T23:29:43.763530
TN12AU6687,353201357706339,37.0,64.03,87.0,03/09/2025 06:53:23,13.1237116,80.2027083,2027083,2025-09-04T23:29:43.763731
TN12AU6687,353201357706339,45.0,64.09,87.0,03/09/2025 06:53:18,13.1239883,80.20317,20317,2025-09-04T23:29:43.763917
TN12AU6687,353201357706339,43.0,64.14,87.0,03/09/2025 06:53:13,13.1243083,80.2036383,2036383,2025-09-04T23:29:43.764098
TN12AU6687,353201357706339,33.0,64.18,87.0,03/09/2025 06:53:09,13.1244466,80.2040266,2040266,2025-09-04T23:29:43.764271
TN12AU6687,353201357706339,33.0,64.23,87.0,03/09/2025 06:53:04,13.12461,80.2044,2044,2025-09-04T23:29:43.764438
TN12AU6687,353201357706339,37.0,64.28,87.0,03/09/2025 06:52:59,13.1248433,80.20478,20478,2025-09-04T23:29:43.764637
TN12AU6687,353201357706339,36.0,64.33,87.0,03/09/2025 06:52:54,13.1250633,80.2051816,2051816,2025-09-04T23:29:43.764824
TN12AU6687,353201357706339,35.0,64.38,87.0,03/09/2025 06:52:49,13.1252766,80.205595,205595,2025-09-04T23:29:43.765021
TN12AU6687,353201357706339,41.0,64.44,87.0,03/09/2025 06:52:44,13.1255616,80.2060016,2060016,2025-09-04T23:29:43.765187
TN12AU6687,353201357706339,41.0,64.5,87.0,03/09/2025 06:52:39,13.1258083,80.2064733,2064733,2025-09-04T23:29:43.765356
TN12AU6687,353201357706339,43.0,64.56,89.0,03/09/2025 06:52:34,13.126065,80.2069716,2069716,2025-09-04T23:29:43.765518
TN12AU6687,353201357706339,46.0,64.62,89.0,03/09/2025 06:52:29,13.1263383,80.2074316,2074316,2025-09-04T23:29:43.765708
TN12AU6687,353201357706339,43.0,64.67,89.0,03/09/2025 06:52:24,13.1266333,80.2079,2079,2025-09-04T23:29:43.766031
TN12AU6687,353201357706339,33.0,64.72,89.0,03/09/2025 06:52:19,13.1268783,80.2083083,2083083,2025-09-04T23:29:43.766238
TN12AU6687,353201357706339,35.0,64.77,89.0,03/09/2025 06:52:14,13.1270999,80.2086783,2086783,2025-09-04T23:29:43.766457
TN12AU6687,353201357706339,35.0,64.81,89.0,03/09/2025 06:52:09,13.1273266,80.209085,209085,2025-09-04T23:29:43.766725
TN12AU6687,353201357706339,26.0,64.85,90.0,03/09/2025 06:52:04,13.127545,80.2094283,2094283,2025-09-04T23:29:43.766904
TN12AU6687,353201357706339,22.0,64.88,90.0,03/09/2025 06:51:59,13.1276833,80.2096916,2096916,2025-09-04T23:29:43.767142
TN12AU6687,353201357706339,21.0,64.91,90.0,03/09/2025 06:51:54,13.1278183,80.2099433,2099433,2025-09-04T23:29:43.767349
TN12AU6687,353201357706339,20.0,64.94,90.0,03/09/2025 06:51:49,13.1279566,80.2101816,2101816,2025-09-04T23:29:43.767533
TN12AU6687,353201357706339,20.0,64.97,90.0,03/09/2025 06:51:44,13.1280866,80.2104083,2104083,2025-09-04T23:29:43.767723
TN12AU6687,353201357706339,29.0,65.02,90.0,03/09/2025 06:51:39,13.128245,80.2107083,2107083,2025-09-04T23:29:43.767900
TN12AU6687,353201357706339,31.0,65.06,91.0,03/09/2025 06:51:34,13.1284333,80.2110466,2110466,2025-09-04T23:29:43.768055
TN12AU6687,353201357706339,32.0,65.11,91.0,03/09/2025 06:51:29,13.1286233,80.2113966,2113966,2025-09-04T23:29:43.768211
TN12AU6687,353201357706339,33.0,65.15,91.0,03/09/2025 06:51:24,13.1288283,80.2117666,2117666,2025-09-04T23:29:43.768376
TN12AU6687,353201357706339,32.0,65.2,91.0,03/09/2025 06:51:19,13.1290433,80.2121333,2121333,2025-09-04T23:29:43.768523
TN12AU6687,353201357706339,29.0,65.24,91.0,03/09/2025 06:51:14,13.1292583,80.21248,21248,2025-09-04T23:29:43.768688
TN12AU6687,353201357706339,30.0,65.27,91.0,03/09/2025 06:51:09,13.1294466,80.2128049,2128049,2025-09-04T23:29:43.768840
TN12AU6687,353201357706339,24.0,65.31,91.0,03/09/2025 06:51:04,13.1296316,80.2130749,2130749,2025-09-04T23:29:43.769037
TN12AU6687,353201357706339,21.0,65.33,91.0,03/09/2025 06:50:59,13.1298333,80.2133299,2133299,2025-09-04T23:29:43.769201
TN12AU6687,353201357706339,13.0,65.34,91.0,03/09/2025 06:50:54,13.1299566,80.213505,213505,2025-09-04T23:29:43.769340
TN12AU6687,353201357706339,3.0,65.35,91.0,03/09/2025 06:50:49,13.1300033,80.213605,213605,2025-09-04T23:29:43.769502
TN12AU6687,353201357706339,0.0,65.35,91.0,03/09/2025 06:50:44,13.1300316,80.2136616,2136616,2025-09-04T23:29:43.769676
TN12AU6687,353201357706339,3.0,65.36,91.0,03/09/2025 06:50:39,13.1300633,80.2137583,2137583,2025-09-04T23:29:43.769835
TN12AU6687,353201357706339,0.0,65.36,91.0,03/09/2025 06:50:34,13.1301233,80.2138666,2138666,2025-09-04T23:29:43.770000
TN12AU6687,353201357706339,0.0,65.36,91.0,03/09/2025 06:50:29,13.1301233,80.2138666,2138666,2025-09-04T23:29:43.770151
TN12AU6687,353201357706339,0.0,65.36,92.0,03/09/2025 06:50:24,13.1301233,80.2138666,2138666,2025-09-04T23:29:43.770313
TN12AU6687,353201357706339,0.0,65.36,92.0,03/09/2025 06:50:19,13.1301233,80.2138666,2138666,2025-09-04T23:29:43.770462
TN12AU6687,353201357706339,0.0,65.36,92.0,03/09/2025 06:50:14,13.1301233,80.2138666,2138666,2025-09-04T23:29:43.770681
TN12AU6687,353201357706339,0.0,65.36,92.0,03/09/2025 06:50:09,13.1301233,80.2138666,2138666,2025-09-04T23:29:43.770881
TN12AU6687,353201357706339,0.0,65.36,92.0,03/09/2025 06:50:04,13.1301266,80.213875,213875,2025-09-04T23:29:43.771065
TN12AU6687,353201357706339,11.0,65.37,92.0,03/09/2025 06:50:01,13.1301333,80.2139316,2139316,2025-09-04T23:29:43.771238
TN12AU6687,353201357706339,17.0,65.39,92.0,03/09/2025 06:49:59,13.1301333,80.2140016,2140016,2025-09-04T23:29:43.771407
TN12AU6687,353201357706339,16.0,65.41,92.0,03/09/2025 06:49:56,13.130075,80.2141166,2141166,2025-09-04T23:29:43.771558
TN12AU6687,353201357706339,21.0,65.44,92.0,03/09/2025 06:49:52,13.12994,80.21427,21427,2025-09-04T23:29:43.771722
TN12AU6687,353201357706339,17.0,65.47,92.0,03/09/2025 06:49:47,13.1297533,80.2144883,2144883,2025-09-04T23:29:43.771894
TN12AU6687,353201357706339,24.0,65.49,92.0,03/09/2025 06:49:42,13.129555,80.2147033,2147033,2025-09-04T23:29:43.772051
TN12AU6687,353201357706339,15.0,65.5,92.0,03/09/2025 06:49:39,13.1294516,80.2148283,2148283,2025-09-04T23:29:43.772203
TN12AU6687,353201357706339,15.0,65.52,92.0,03/09/2025 06:49:37,13.129405,80.2148966,2148966,2025-09-04T23:29:43.772395
TN12AU6687,353201357706339,9.0,65.53,92.0,03/09/2025 06:49:32,13.1292916,80.2150449,2150449,2025-09-04T23:29:43.772590
TN12AU6687,353201357706339,0.0,65.53,92.0,03/09/2025 06:49:27,13.1292566,80.2150999,2150999,2025-09-04T23:29:43.772752
TN12AU6687,353201357706339,5.0,65.53,92.0,03/09/2025 06:49:22,13.1292416,80.2151166,2151166,2025-09-04T23:29:43.772927
TN12AU6687,353201357706339,15.0,65.56,92.0,03/09/2025 06:49:20,13.129185,80.215165,215165,2025-09-04T23:29:43.773088
TN12AU6687,353201357706339,15.0,65.58,92.0,03/09/2025 06:49:15,13.1290733,80.2153316,2153316,2025-09-04T23:29:43.773256
TN12AU6687,353201357706339,22.0,65.62,92.0,03/09/2025 06:49:10,13.1289416,80.2155283,2155283,2025-09-04T23:29:43.773442
TN12AU6687,353201357706339,27.0,65.66,92.0,03/09/2025 06:49:05,13.1287466,80.2157866,2157866,2025-09-04T23:29:43.773666
TN12AU6687,353201357706339,29.0,65.7,92.0,03/09/2025 06:49:00,13.1285133,80.2160749,2160749,2025-09-04T23:29:43.773852
TN12AU6687,353201357706339,27.0,65.74,92.0,03/09/2025 06:48:55,13.1282883,80.2163766,2163766,2025-09-04T23:29:43.774029
TN12AU6687,353201357706339,23.0,65.77,92.0,03/09/2025 06:48:50,13.1280849,80.2166333,2166333,2025-09-04T23:29:43.774196
TN12AU6687,353201357706339,28.0,65.81,92.0,03/09/2025 06:48:45,13.1278833,80.2169133,2169133,2025-09-04T23:29:43.774368
TN12AU6687,353201357706339,27.0,65.85,92.0,03/09/2025 06:48:40,13.12767,80.21721,21721,2025-09-04T23:29:43.774582
TN12AU6687,353201357706339,28.0,65.89,92.0,03/09/2025 06:48:35,13.1274683,80.21749,21749,2025-09-04T23:29:43.774793
TN12AU6687,353201357706339,28.0,65.93,92.0,03/09/2025 06:48:30,13.1272399,80.2177833,2177833,2025-09-04T23:29:43.774977
TN12AU6687,353201357706339,25.0,65.96,92.0,03/09/2025 06:48:25,13.1270483,80.2180716,2180716,2025-09-04T23:29:43.775178
TN12AU6687,353201357706339,15.0,65.97,92.0,03/09/2025 06:48:20,13.1268866,80.2182816,2182816,2025-09-04T23:29:43.775387
TN12AU6687,353201357706339,4.0,65.98,92.0,03/09/2025 06:48:16,13.1268,80.218385,218385,2025-09-04T23:29:43.775581
TN12AU6687,353201357706339,0.0,65.98,92.0,03/09/2025 06:48:11,13.1267666,80.2184216,2184216,2025-09-04T23:29:43.775770
TN12AU6687,353201357706339,7.0,65.98,92.0,03/09/2025 06:48:06,13.1267116,80.2184616,2184616,2025-09-04T23:29:43.775964
TN12AU6687,353201357706339,0.0,65.98,92.0,03/09/2025 06:48:04,13.126685,80.2184949,2184949,2025-09-04T23:29:43.776145
TN12AU6687,353201357706339,6.0,65.99,92.0,03/09/2025 06:47:59,13.126675,80.2185083,2185083,2025-09-04T23:29:43.776346
TN12AU6687,353201357706339,11.0,66.01,92.0,03/09/2025 06:47:58,13.1266633,80.2185233,2185233,2025-09-04T23:29:43.776535
TN12AU6687,353201357706339,20.0,66.04,92.0,03/09/2025 06:47:53,13.1265366,80.2187066,2187066,2025-09-04T23:29:43.776677
TN12AU6687,353201357706339,18.0,66.06,92.0,03/09/2025 06:47:48,13.1263866,80.218905,218905,2025-09-04T23:29:43.776830
TN12AU6687,353201357706339,19.0,66.08,92.0,03/09/2025 06:47:43,13.12624,80.2190883,2190883,2025-09-04T23:29:43.776989
TN12AU6687,353201357706339,12.0,66.11,92.0,03/09/2025 06:47:38,13.1261233,80.21925,21925,2025-09-04T23:29:43.777146
TN12AU6687,353201357706339,18.0,66.15,91.0,03/09/2025 06:47:33,13.125945,80.2194516,2194516,2025-09-04T23:29:43.777308
TN12AU6687,353201357706339,29.0,66.18,91.0,03/09/2025 06:47:28,13.1258,80.2197166,2197166,2025-09-04T23:29:43.777454
TN12AU6687,353201357706339,21.0,66.22,91.0,03/09/2025 06:47:23,13.1255783,80.2199766,2199766,2025-09-04T23:29:43.777597
TN12AU6687,353201357706339,22.0,66.25,91.0,03/09/2025 06:47:18,13.1253983,80.2202,2202,2025-09-04T23:29:43.777737
TN12AU6687,353201357706339,23.0,66.28,91.0,03/09/2025 06:47:13,13.1252183,80.2204416,2204416,2025-09-04T23:29:43.777895
TN12AU6687,353201357706339,25.0,66.32,91.0,03/09/2025 06:47:08,13.12506,80.2206466,2206466,2025-09-04T23:29:43.778034
TN12AU6687,353201357706339,34.0,66.37,91.0,03/09/2025 06:47:03,13.12482,80.2209833,2209833,2025-09-04T23:29:43.778184
TN12AU6687,353201357706339,30.0,66.39,91.0,03/09/2025 06:46:58,13.1245833,80.221325,221325,2025-09-04T23:29:43.778357
TN12AU6687,353201357706339,20.0,66.42,91.0,03/09/2025 06:46:55,13.1244666,80.2214833,2214833,2025-09-04T23:29:43.778502
TN12AU6687,353201357706339,15.0,66.43,91.0,03/09/2025 06:46:50,13.1243316,80.2216833,2216833,2025-09-04T23:29:43.778642
TN12AU6687,353201357706339,3.0,66.43,91.0,03/09/2025 06:46:45,13.1242566,80.2218166,2218166,2025-09-04T23:29:43.778784
TN12AU6687,353201357706339,0.0,66.43,91.0,03/09/2025 06:46:40,13.1242516,80.221825,221825,2025-09-04T23:29:43.778955
TN12AU6687,353201357706339,5.0,66.43,91.0,03/09/2025 06:46:35,13.1241849,80.2219283,2219283,2025-09-04T23:29:43.779252
TN12AU6687,353201357706339,0.0,66.43,91.0,03/09/2025 06:46:30,13.1241849,80.2219283,2219283,2025-09-04T23:29:43.779478
TN12AU6687,353201357706339,0.0,66.43,91.0,03/09/2025 06:46:25,13.1241849,80.2219283,2219283,2025-09-04T23:29:43.779741
TN12AU6687,353201357706339,4.0,66.45,91.0,03/09/2025 06:46:20,13.1241783,80.221935,221935,2025-09-04T23:29:43.780019
TN12AU6687,353201357706339,6.0,66.45,91.0,03/09/2025 06:46:15,13.1241083,80.2220283,2220283,2025-09-04T23:29:43.780245
TN12AU6687,353201357706339,6.0,66.45,91.0,03/09/2025 06:46:12,13.1240933,80.2220716,2220716,2025-09-04T23:29:43.780509
TN12AU6687,353201357706339,8.0,66.47,91.0,03/09/2025 06:46:11,13.1240866,80.22209,22209,2025-09-04T23:29:43.780725
TN12AU6687,353201357706339,15.0,66.5,92.0,03/09/2025 06:46:06,13.1240133,80.2222166,2222166,2025-09-04T23:29:43.780963
TN12AU6687,353201357706339,20.0,66.51,92.0,03/09/2025 06:46:01,13.1238749,80.22243,22243,2025-09-04T23:29:43.781178
TN12AU6687,353201357706339,20.0,66.54,92.0,03/09/2025 06:45:59,13.1237883,80.2225016,2225016,2025-09-04T23:29:43.781367
TN12AU6687,353201357706339,24.0,66.57,92.0,03/09/2025 06:45:54,13.1235783,80.2226666,2226666,2025-09-04T23:29:43.781571
TN12AU6687,353201357706339,21.0,66.6,92.0,03/09/2025 06:45:49,13.1233433,80.2228733,2228733,2025-09-04T23:29:43.781757
TN12AU6687,353201357706339,22.0,66.64,92.0,03/09/2025 06:45:44,13.12313,80.2230283,2230283,2025-09-04T23:29:43.781914
TN12AU6687,353201357706339,25.0,66.67,92.0,03/09/2025 06:45:39,13.122895,80.2232233,2232233,2025-09-04T23:29:43.782065
TN12AU6687,353201357706339,24.0,66.71,91.0,03/09/2025 06:45:34,13.1226266,80.2234066,2234066,2025-09-04T23:29:43.782212
TN12AU6687,353201357706339,25.0,66.74,91.0,03/09/2025 06:45:29,13.1223533,80.22355,22355,2025-09-04T23:29:43.782368
TN12AU6687,353201357706339,21.0,66.77,91.0,03/09/2025 06:45:24,13.1220716,80.2236566,2236566,2025-09-04T23:29:43.782555
TN12AU6687,353201357706339,28.0,66.81,91.0,03/09/2025 06:45:19,13.1217916,80.2237466,2237466,2025-09-04T23:29:43.782734
TN12AU6687,353201357706339,24.0,66.84,91.0,03/09/2025 06:45:14,13.1214333,80.2238466,2238466,2025-09-04T23:29:43.782906
TN12AU6687,353201357706339,23.0,66.87,91.0,03/09/2025 06:45:09,13.1211716,80.2239183,2239183,2025-09-04T23:29:43.783072
TN12AU6687,353201357706339,25.0,66.9,91.0,03/09/2025 06:45:04,13.1208916,80.2239816,2239816,2025-09-04T23:29:43.783263
TN12AU6687,353201357706339,24.0,66.93,91.0,03/09/2025 06:45:01,13.1207166,80.224055,224055,2025-09-04T23:29:43.783443
TN12AU6687,353201357706339,27.0,66.96,91.0,03/09/2025 06:44:56,13.1204299,80.2242383,2242383,2025-09-04T23:29:43.783635
TN12AU6687,353201357706339,15.0,66.99,91.0,03/09/2025 06:44:51,13.1202083,80.2244049,2244049,2025-09-04T23:29:43.783806
TN12AU6687,353201357706339,21.0,67.02,91.0,03/09/2025 06:44:46,13.1200366,80.2245633,2245633,2025-09-04T23:29:43.783980
TN12AU6687,353201357706339,22.0,67.05,91.0,03/09/2025 06:44:41,13.1198283,80.2247583,2247583,2025-09-04T23:29:43.784196
TN12AU6687,353201357706339,21.0,67.08,91.0,03/09/2025 06:44:36,13.1196366,80.2249633,2249633,2025-09-04T23:29:43.784379
TN12AU6687,353201357706339,16.0,67.1,91.0,03/09/2025 06:44:31,13.1194716,80.2251333,2251333,2025-09-04T23:29:43.784551
TN12AU6687,353201357706339,15.0,67.12,91.0,03/09/2025 06:44:26,13.1193033,80.225285,225285,2025-09-04T23:29:43.784715
TN12AU6687,353201357706339,16.0,67.15,91.0,03/09/2025 06:44:21,13.1191499,80.2254116,2254116,2025-09-04T23:29:43.784886
TN12AU6687,353201357706339,16.0,67.17,91.0,03/09/2025 06:44:16,13.1189833,80.225545,225545,2025-09-04T23:29:43.785045
TN12AU6687,353201357706339,13.0,67.19,91.0,03/09/2025 06:44:11,13.1188383,80.2256733,2256733,2025-09-04T23:29:43.785224
TN12AU6687,353201357706339,15.0,67.2,91.0,03/09/2025 06:44:06,13.1187216,80.2258116,2258116,2025-09-04T23:29:43.785421
TN12AU6687,353201357706339,13.0,67.2,91.0,03/09/2025 06:44:04,13.1186799,80.2258716,2258716,2025-09-04T23:29:43.785607
TN12AU6687,353201357706339,0.0,67.2,91.0,03/09/2025 06:44:01,13.1186483,80.2259366,2259366,2025-09-04T23:29:43.785799
TN12AU6687,353201357706339,0.0,67.2,91.0,03/09/2025 06:43:56,13.1186483,80.2259366,2259366,2025-09-04T23:29:43.786016
TN12AU6687,353201357706339,5.0,67.22,91.0,03/09/2025 06:43:51,13.1186366,80.2259649,2259649,2025-09-04T23:29:43.786210
TN12AU6687,353201357706339,9.0,67.23,91.0,03/09/2025 06:43:46,13.1185866,80.2260566,2260566,2025-09-04T23:29:43.786396
TN12AU6687,353201357706339,11.0,67.24,91.0,03/09/2025 06:43:42,13.11852,80.226155,226155,2025-09-04T23:29:43.786561
TN12AU6687,353201357706339,21.0,67.27,91.0,03/09/2025 06:43:39,13.11848,80.2262583,2262583,2025-09-04T23:29:43.786723
TN12AU6687,353201357706339,26.0,67.31,91.0,03/09/2025 06:43:34,13.1183566,80.2265233,2265233,2025-09-04T23:29:43.786903
TN12AU6687,353201357706339,29.0,67.35,92.0,03/09/2025 06:43:29,13.118245,80.2268616,2268616,2025-09-04T23:29:43.787077
TN12AU6687,353201357706339,21.0,67.38,92.0,03/09/2025 06:43:24,13.1181416,80.2271983,2271983,2025-09-04T23:29:43.787289
TN12AU6687,353201357706339,18.0,67.41,92.0,03/09/2025 06:43:19,13.1180583,80.2274833,2274833,2025-09-04T23:29:43.787486
TN12AU6687,353201357706339,15.0,67.43,92.0,03/09/2025 06:43:14,13.11799,80.2277649,2277649,2025-09-04T23:29:43.787668
TN12AU6687,353201357706339,17.0,67.46,92.0,03/09/2025 06:43:09,13.1179283,80.2279433,2279433,2025-09-04T23:29:43.787820
TN12AU6687,353201357706339,17.0,67.48,92.0,03/09/2025 06:43:04,13.117855,80.2281533,2281533,2025-09-04T23:29:43.787971
TN12AU6687,353201357706339,11.0,67.49,93.0,03/09/2025 06:42:59,13.1178116,80.2283266,2283266,2025-09-04T23:29:43.788144
TN12AU6687,353201357706339,15.0,67.52,93.0,03/09/2025 06:42:54,13.1177683,80.2284866,2284866,2025-09-04T23:29:43.788290
TN12AU6687,353201357706339,14.0,67.54,93.0,03/09/2025 06:42:49,13.1176616,80.2286983,2286983,2025-09-04T23:29:43.788422
TN12AU6687,353201357706339,14.0,67.56,93.0,03/09/2025 06:42:44,13.1175799,80.2288799,2288799,2025-09-04T23:29:43.788570
TN12AU6687,353201357706339,16.0,67.59,93.0,03/09/2025 06:42:39,13.11751,80.2290483,2290483,2025-09-04T23:29:43.788744
TN12AU6687,353201357706339,19.0,67.62,93.0,03/09/2025 06:42:34,13.1174066,80.2292466,2292466,2025-09-04T23:29:43.788904
TN12AU6687,353201357706339,23.0,67.65,93.0,03/09/2025 06:42:29,13.1172733,80.229495,229495,2025-09-04T23:29:43.789072
TN12AU6687,353201357706339,24.0,67.68,93.0,03/09/2025 06:42:24,13.117145,80.22975,22975,2025-09-04T23:29:43.789209
TN12AU6687,353201357706339,21.0,67.71,93.0,03/09/2025 06:42:19,13.1170033,80.2300099,2300099,2025-09-04T23:29:43.789362
TN12AU6687,353201357706339,15.0,67.73,93.0,03/09/2025 06:42:14,13.1168833,80.2302266,2302266,2025-09-04T23:29:43.789529
TN12AU6687,353201357706339,17.0,67.76,93.0,03/09/2025 06:42:09,13.1167716,80.230395,230395,2025-09-04T23:29:43.789663
TN12AU6687,353201357706339,18.0,67.78,93.0,03/09/2025 06:42:04,13.1166633,80.2306083,2306083,2025-09-04T23:29:43.789868
TN12AU6687,353201357706339,13.0,67.8,93.0,03/09/2025 06:41:59,13.116565,80.2308033,2308033,2025-09-04T23:29:43.790041
TN12AU6687,353201357706339,12.0,67.81,93.0,03/09/2025 06:41:54,13.1164816,80.2309583,2309583,2025-09-04T23:29:43.790182
TN12AU6687,353201357706339,0.0,67.81,93.0,03/09/2025 06:41:49,13.116435,80.2310333,2310333,2025-09-04T23:29:43.790318
TN12AU6687,353201357706339,9.0,67.82,93.0,03/09/2025 06:41:44,13.1164083,80.2310766,2310766,2025-09-04T23:29:43.790532
TN12AU6687,353201357706339,11.0,67.85,93.0,03/09/2025 06:41:39,13.1163433,80.23122,23122,2025-09-04T23:29:43.790733
TN12AU6687,353201357706339,13.0,67.86,93.0,03/09/2025 06:41:34,13.116255,80.2313833,2313833,2025-09-04T23:29:43.790924
TN12AU6687,353201357706339,9.0,67.86,93.0,03/09/2025 06:41:29,13.11618,80.2315,2315,2025-09-04T23:29:43.791119
TN12AU6687,353201357706339,8.0,67.87,93.0,03/09/2025 06:41:28,13.1161633,80.2315233,2315233,2025-09-04T23:29:43.791304
TN12AU6687,353201357706339,5.0,67.88,93.0,03/09/2025 06:41:23,13.1160983,80.2315849,2315849,2025-09-04T23:29:43.791477
TN12AU6687,353201357706339,5.0,67.9,93.0,03/09/2025 06:41:18,13.1160183,80.2316433,2316433,2025-09-04T23:29:43.791673
TN12AU6687,353201357706339,15.0,67.92,93.0,03/09/2025 06:41:14,13.1159516,80.2317349,2317349,2025-09-04T23:29:43.791853
TN12AU6687,353201357706339,22.0,67.94,93.0,03/09/2025 06:41:09,13.1158566,80.2319516,2319516,2025-09-04T23:29:43.792018
TN12AU6687,353201357706339,22.0,67.97,93.0,03/09/2025 06:41:07,13.1157966,80.2320599,2320599,2025-09-04T23:29:43.792186
TN12AU6687,353201357706339,24.0,67.99,93.0,03/09/2025 06:41:02,13.1156616,80.2323183,2323183,2025-09-04T23:29:43.792342
TN12AU6687,353201357706339,16.0,68.0,93.0,03/09/2025 06:40:57,13.11554,80.2325383,2325383,2025-09-04T23:29:43.792584
TN12AU6687,353201357706339,16.0,68.01,93.0,03/09/2025 06:40:56,13.1155116,80.2325666,2325666,2025-09-04T23:29:43.792802
TN12AU6687,353201357706339,23.0,68.02,93.0,03/09/2025 06:40:54,13.1154416,80.2326166,2326166,2025-09-04T23:29:43.793013
TN12AU6687,353201357706339,24.0,68.04,93.0,03/09/2025 06:40:52,13.1153299,80.2326466,2326466,2025-09-04T23:29:43.793211
TN12AU6687,353201357706339,24.0,68.06,93.0,03/09/2025 06:40:49,13.1151483,80.2326416,2326416,2025-09-04T23:29:43.793433
TN12AU6687,353201357706339,21.0,68.07,93.0,03/09/2025 06:40:47,13.1150316,80.2326516,2326516,2025-09-04T23:29:43.793681
TN12AU6687,353201357706339,19.0,68.07,93.0,03/09/2025 06:40:45,13.1149349,80.2326816,2326816,2025-09-04T23:29:43.793893
TN12AU6687,353201357706339,17.0,68.08,93.0,03/09/2025 06:40:44,13.1148899,80.2327083,2327083,2025-09-04T23:29:43.794096
TN12AU6687,353201357706339,16.0,68.1,93.0,03/09/2025 06:40:42,13.1148399,80.232775,232775,2025-09-04T23:29:43.794295
TN12AU6687,353201357706339,15.0,68.12,93.0,03/09/2025 06:40:37,13.1147549,80.232965,232965,2025-09-04T23:29:43.794484
TN12AU6687,353201357706339,5.0,68.14,93.0,03/09/2025 06:40:32,13.11469,80.233115,233115,2025-09-04T23:29:43.794681
TN12AU6687,353201357706339,11.0,68.15,93.0,03/09/2025 06:40:27,13.1146383,80.2332549,2332549,2025-09-04T23:29:43.794869
TN12AU6687,353201357706339,12.0,68.17,93.0,03/09/2025 06:40:23,13.1146049,80.23338,23338,2025-09-04T23:29:43.795041
TN12AU6687,353201357706339,17.0,68.2,93.0,03/09/2025 06:40:18,13.1145616,80.2335666,2335666,2025-09-04T23:29:43.795210
TN12AU6687,353201357706339,22.0,68.24,93.0,03/09/2025 06:40:13,13.1144966,80.2338166,2338166,2025-09-04T23:29:43.795384
TN12AU6687,353201357706339,21.0,68.27,93.0,03/09/2025 06:40:08,13.1143883,80.2341183,2341183,2025-09-04T23:29:43.795583
TN12AU6687,353201357706339,20.0,68.3,92.0,03/09/2025 06:40:03,13.1143116,80.2344083,2344083,2025-09-04T23:29:43.795780
TN12AU6687,353201357706339,20.0,68.32,92.0,03/09/2025 06:39:58,13.1142633,80.2346566,2346566,2025-09-04T23:29:43.795963
TN12AU6687,353201357706339,14.0,68.32,92.0,03/09/2025 06:39:54,13.1141983,80.2348466,2348466,2025-09-04T23:29:43.796134
TN12AU6687,353201357706339,14.0,68.34,92.0,03/09/2025 06:39:53,13.1141783,80.2348749,2348749,2025-09-04T23:29:43.796321
TN12AU6687,353201357706339,15.0,68.37,92.0,03/09/2025 06:39:48,13.1140783,80.235,235,2025-09-04T23:29:43.796511
TN12AU6687,353201357706339,21.0,68.4,92.0,03/09/2025 06:39:43,13.1139216,80.2351916,2351916,2025-09-04T23:29:43.796687
TN12AU6687,353201357706339,23.0,68.43,91.0,03/09/2025 06:39:38,13.113735,80.2354033,2354033,2025-09-04T23:29:43.796850
TN12AU6687,353201357706339,24.0,68.45,91.0,03/09/2025 06:39:33,13.1134966,80.2356349,2356349,2025-09-04T23:29:43.797021
TN12AU6687,353201357706339,25.0,68.49,91.0,03/09/2025 06:39:30,13.1133583,80.2357666,2357666,2025-09-04T23:29:43.797197
TN12AU6687,353201357706339,29.0,68.54,91.0,03/09/2025 06:39:25,13.1131433,80.2360716,2360716,2025-09-04T23:29:43.797370
TN12AU6687,353201357706339,28.0,68.58,91.0,03/09/2025 06:39:20,13.1129599,80.2364416,2364416,2025-09-04T23:29:43.797547
TN12AU6687,353201357706339,20.0,68.6,91.0,03/09/2025 06:39:15,13.1128366,80.2367683,2367683,2025-09-04T23:29:43.797724
TN12AU6687,353201357706339,27.0,68.64,91.0,03/09/2025 06:39:11,13.1127449,80.236975,236975,2025-09-04T23:29:43.797892
TN12AU6687,353201357706339,22.0,68.67,91.0,03/09/2025 06:39:06,13.1125866,80.2372483,2372483,2025-09-04T23:29:43.798061
TN12AU6687,353201357706339,23.0,68.7,91.0,03/09/2025 06:39:01,13.112435,80.2374783,2374783,2025-09-04T23:29:43.798215
TN12AU6687,353201357706339,21.0,68.73,91.0,03/09/2025 06:38:56,13.1122583,80.2377083,2377083,2025-09-04T23:29:43.798376
TN12AU6687,353201357706339,27.0,68.77,91.0,03/09/2025 06:38:51,13.1120866,80.2379483,2379483,2025-09-04T23:29:43.798543
TN12AU6687,353201357706339,31.0,68.82,91.0,03/09/2025 06:38:46,13.1118883,80.238275,238275,2025-09-04T23:29:43.798708
TN12AU6687,353201357706339,34.0,68.87,91.0,03/09/2025 06:38:41,13.111675,80.2386283,2386283,2025-09-04T23:29:43.798882
TN12AU6687,353201357706339,32.0,68.91,91.0,03/09/2025 06:38:36,13.1114383,80.2390033,2390033,2025-09-04T23:29:43.799044
TN12AU6687,353201357706339,34.0,68.96,91.0,03/09/2025 06:38:31,13.111195,80.2393783,2393783,2025-09-04T23:29:43.799184
TN12AU6687,353201357706339,31.0,69.0,91.0,03/09/2025 06:38:26,13.11097,80.23974,23974,2025-09-04T23:29:43.799369
TN12AU6687,353201357706339,31.0,69.05,91.0,03/09/2025 06:38:21,13.1107616,80.2400816,2400816,2025-09-04T23:29:43.799560
TN12AU6687,353201357706339,28.0,69.08,91.0,03/09/2025 06:38:16,13.1105516,80.2404116,2404116,2025-09-04T23:29:43.799781
TN12AU6687,353201357706339,20.0,69.11,91.0,03/09/2025 06:38:11,13.110385,80.2406783,2406783,2025-09-04T23:29:43.799976
TN12AU6687,353201357706339,23.0,69.14,91.0,03/09/2025 06:38:06,13.1102466,80.2409116,2409116,2025-09-04T23:29:43.800148
TN12AU6687,353201357706339,16.0,69.17,91.0,03/09/2025 06:38:01,13.1101283,80.24112,24112,2025-09-04T23:29:43.800321
TN12AU6687,353201357706339,23.0,69.2,91.0,03/09/2025 06:37:56,13.109995,80.2413533,2413533,2025-09-04T23:29:43.800496
TN12AU6687,353201357706339,22.0,69.21,91.0,03/09/2025 06:37:51,13.10986,80.2416033,2416033,2025-09-04T23:29:43.800671
TN12AU6687,353201357706339,21.0,69.21,91.0,03/09/2025 06:37:49,13.1098116,80.2417033,2417033,2025-09-04T23:29:43.800848
TN12AU6687,353201357706339,21.0,69.22,91.0,03/09/2025 06:37:48,13.1097833,80.2417416,2417416,2025-09-04T23:29:43.801043
TN12AU6687,353201357706339,20.0,69.23,91.0,03/09/2025 06:37:47,13.1097383,80.2417666,2417666,2025-09-04T23:29:43.801222
TN12AU6687,353201357706339,21.0,69.24,91.0,03/09/2025 06:37:46,13.1096883,80.2417833,2417833,2025-09-04T23:29:43.801393
TN12AU6687,353201357706339,20.0,69.27,91.0,03/09/2025 06:37:44,13.1095783,80.24179,24179,2025-09-04T23:29:43.801556
TN12AU6687,353201357706339,23.0,69.3,91.0,03/09/2025 06:37:39,13.1092883,80.24181,24181,2025-09-04T23:29:43.801726
TN12AU6687,353201357706339,20.0,69.32,91.0,03/09/2025 06:37:34,13.1089833,80.24181,24181,2025-09-04T23:29:43.801861
TN12AU6687,353201357706339,19.0,69.35,92.0,03/09/2025 06:37:31,13.1088283,80.2418216,2418216,2025-09-04T23:29:43.802024
TN12AU6687,353201357706339,18.0,69.36,92.0,03/09/2025 06:37:27,13.1086366,80.2419083,2419083,2025-09-04T23:29:43.802192
TN12AU6687,353201357706339,14.0,69.36,92.0,03/09/2025 06:37:25,13.1085666,80.2419649,2419649,2025-09-04T23:29:43.802363
TN12AU6687,353201357706339,13.0,69.37,92.0,03/09/2025 06:37:24,13.108545,80.2419933,2419933,2025-09-04T23:29:43.802534
TN12AU6687,353201357706339,13.0,69.37,92.0,03/09/2025 06:37:22,13.1085266,80.242075,242075,2025-09-04T23:29:43.802696
TN12AU6687,353201357706339,13.0,69.38,92.0,03/09/2025 06:37:21,13.1085183,80.2421083,2421083,2025-09-04T23:29:43.802839
TN12AU6687,353201357706339,13.0,69.38,92.0,03/09/2025 06:37:19,13.108535,80.24218,24218,2025-09-04T23:29:43.802995
TN12AU6687,353201357706339,13.0,69.39,92.0,03/09/2025 06:37:18,13.10855,80.242215,242215,2025-09-04T23:29:43.803125
TN12AU6687,353201357706339,12.0,69.39,92.0,03/09/2025 06:37:17,13.1085683,80.242255,242255,2025-09-04T23:29:43.803290
TN12AU6687,353201357706339,12.0,69.41,92.0,03/09/2025 06:37:16,13.1086016,80.242265,242265,2025-09-04T23:29:43.803457
TN12AU6687,353201357706339,17.0,69.44,92.0,03/09/2025 06:37:11,13.1087866,80.2422966,2422966,2025-09-04T23:29:43.803638
TN12AU6687,353201357706339,23.0,69.47,92.0,03/09/2025 06:37:06,13.1090683,80.2423233,2423233,2025-09-04T23:29:43.803805
TN12AU6687,353201357706339,25.0,69.49,92.0,03/09/2025 06:37:01,13.1093333,80.24234,24234,2025-09-04T23:29:43.803964
TN12AU6687,353201357706339,21.0,69.5,92.0,03/09/2025 06:36:58,13.109505,80.2423666,2423666,2025-09-04T23:29:43.804122
TN12AU6687,353201357706339,19.0,69.51,92.0,03/09/2025 06:36:57,13.1095533,80.242385,242385,2025-09-04T23:29:43.804290
TN12AU6687,353201357706339,20.0,69.51,92.0,03/09/2025 06:36:56,13.1095933,80.2424133,2424133,2025-09-04T23:29:43.804458
TN12AU6687,353201357706339,23.0,69.52,92.0,03/09/2025 06:36:55,13.1096283,80.2424566,2424566,2025-09-04T23:29:43.804657
TN12AU6687,353201357706339,27.0,69.55,92.0,03/09/2025 06:36:54,13.1096583,80.2425166,2425166,2025-09-04T23:29:43.804876
TN12AU6687,353201357706339,23.0,69.58,92.0,03/09/2025 06:36:50,13.10971,80.2428083,2428083,2025-09-04T23:29:43.805056
TN12AU6687,353201357706339,12.0,69.58,92.0,03/09/2025 06:36:45,13.1097633,80.2430499,2430499,2025-09-04T23:29:43.805230
TN12AU6687,353201357706339,0.0,69.58,92.0,03/09/2025 06:36:44,13.1097683,80.2430983,2430983,2025-09-04T23:29:43.805393
TN12AU6687,353201357706339,8.0,69.6,92.0,03/09/2025 06:36:39,13.1097666,80.243115,243115,2025-09-04T23:29:43.805553
TN12AU6687,353201357706339,14.0,69.63,92.0,03/09/2025 06:36:34,13.109795,80.2432749,2432749,2025-09-04T23:29:43.805698
TN12AU6687,353201357706339,17.0,69.66,92.0,03/09/2025 06:36:29,13.1098166,80.2435733,2435733,2025-09-04T23:29:43.805950
TN12AU6687,353201357706339,16.0,69.66,92.0,03/09/2025 06:36:24,13.10981,80.2438116,2438116,2025-09-04T23:29:43.806171
TN12AU6687,353201357706339,15.0,69.67,92.0,03/09/2025 06:36:23,13.1098133,80.2438633,2438633,2025-09-04T23:29:43.806403
TN12AU6687,353201357706339,12.0,69.68,92.0,03/09/2025 06:36:22,13.109825,80.243905,243905,2025-09-04T23:29:43.806611
TN12AU6687,353201357706339,10.0,69.68,92.0,03/09/2025 06:36:20,13.1098799,80.2439466,2439466,2025-09-04T23:29:43.806823
TN12AU6687,353201357706339,8.0,69.68,92.0,03/09/2025 06:36:19,13.1098949,80.2439683,2439683,2025-09-04T23:29:43.807050
TN12AU6687,353201357706339,9.0,69.68,92.0,03/09/2025 06:36:18,13.1099199,80.2439749,2439749,2025-09-04T23:29:43.807267
TN12AU6687,353201357706339,13.0,69.69,92.0,03/09/2025 06:36:17,13.1099466,80.24397,24397,2025-09-04T23:29:43.807441
TN12AU6687,353201357706339,18.0,69.72,92.0,03/09/2025 06:36:16,13.1099816,80.243955,243955,2025-09-04T23:29:43.807601
TN12AU6687,353201357706339,28.0,69.74,92.0,03/09/2025 06:36:11,13.1102133,80.2437266,2437266,2025-09-04T23:29:43.807775
TN12AU6687,353201357706339,29.0,69.76,92.0,03/09/2025 06:36:09,13.1103366,80.2436266,2436266,2025-09-04T23:29:43.807946
TN12AU6687,353201357706339,29.0,69.78,92.0,03/09/2025 06:36:07,13.110475,80.2435433,2435433,2025-09-04T23:29:43.808114
TN12AU6687,353201357706339,29.0,69.82,92.0,03/09/2025 06:36:04,13.1106766,80.24353,24353,2025-09-04T23:29:43.808282
TN12AU6687,353201357706339,25.0,69.84,92.0,03/09/2025 06:35:59,13.1110366,80.2435866,2435866,2025-09-04T23:29:43.808476
TN12AU6687,353201357706339,15.0,69.86,92.0,03/09/2025 06:35:55,13.111235,80.243595,243595,2025-09-04T23:29:43.808676
TN12AU6687,353201357706339,26.0,69.91,92.0,03/09/2025 06:35:52,13.111385,80.24359,24359,2025-09-04T23:29:43.808873
TN12AU6687,353201357706339,31.0,69.95,92.0,03/09/2025 06:35:47,13.111785,80.2435783,2435783,2025-09-04T23:29:43.809076
TN12AU6687,353201357706339,30.0,69.99,92.0,03/09/2025 06:35:42,13.1121749,80.2435583,2435583,2025-09-04T23:29:43.809277
TN12AU6687,353201357706339,24.0,70.02,92.0,03/09/2025 06:35:37,13.1125199,80.2435533,2435533,2025-09-04T23:29:43.809548
TN12AU6687,353201357706339,20.0,70.04,93.0,03/09/2025 06:35:32,13.112785,80.2435749,2435749,2025-09-04T23:29:43.809725
TN12AU6687,353201357706339,16.0,70.07,93.0,03/09/2025 06:35:27,13.1130016,80.2436166,2436166,2025-09-04T23:29:43.809891
TN12AU6687,353201357706339,19.0,70.1,93.0,03/09/2025 06:35:22,13.113235,80.2436416,2436416,2025-09-04T23:29:43.810058
TN12AU6687,353201357706339,29.0,70.14,93.0,03/09/2025 06:35:18,13.1134849,80.2436833,2436833,2025-09-04T23:29:43.810220
TN12AU6687,353201357706339,31.0,70.19,93.0,03/09/2025 06:35:13,13.1138466,80.2437633,2437633,2025-09-04T23:29:43.810383
TN12AU6687,353201357706339,35.0,70.23,93.0,03/09/2025 06:35:08,13.11428,80.2438749,2438749,2025-09-04T23:29:43.810553
TN12AU6687,353201357706339,28.0,70.27,94.0,03/09/2025 06:35:03,13.1146666,80.2439733,2439733,2025-09-04T23:29:43.810736
TN12AU6687,353201357706339,28.0,70.31,94.0,03/09/2025 06:34:58,13.11503,80.2440833,2440833,2025-09-04T23:29:43.810938
TN12AU6687,353201357706339,22.0,70.33,94.0,03/09/2025 06:34:53,13.1153516,80.2441966,2441966,2025-09-04T23:29:43.811133
TN12AU6687,353201357706339,17.0,70.35,94.0,03/09/2025 06:34:49,13.1155416,80.2442266,2442266,2025-09-04T23:29:43.811297
TN12AU6687,353201357706339,7.0,70.36,94.0,03/09/2025 06:34:45,13.11569,80.2442199,2442199,2025-09-04T23:29:43.811473
TN12AU6687,353201357706339,3.0,70.37,94.0,03/09/2025 06:34:41,13.115755,80.2441749,2441749,2025-09-04T23:29:43.811645
TN12AU6687,353201357706339,12.0,70.39,94.0,03/09/2025 06:34:36,13.1157799,80.2440783,2440783,2025-09-04T23:29:43.811806
TN12AU6687,353201357706339,19.0,70.41,94.0,03/09/2025 06:34:32,13.1158333,80.243915,243915,2025-09-04T23:29:43.811979
TN12AU6687,353201357706339,15.0,70.43,94.0,03/09/2025 06:34:27,13.1158866,80.2436816,2436816,2025-09-04T23:29:43.812137
TN12AU6687,353201357706339,8.0,70.44,94.0,03/09/2025 06:34:22,13.1159299,80.2434883,2434883,2025-09-04T23:29:43.812296
TN12AU6687,353201357706339,0.0,70.44,94.0,03/09/2025 06:34:17,13.1159566,80.2434516,2434516,2025-09-04T23:29:43.812467
TN12AU6687,353201357706339,12.0,70.46,94.0,03/09/2025 06:34:14,13.11596,80.2434033,2434033,2025-09-04T23:29:43.812628
TN12AU6687,353201357706339,22.0,70.49,94.0,03/09/2025 06:34:10,13.1159966,80.243195,243195,2025-09-04T23:29:43.812817
TN12AU6687,353201357706339,19.0,70.51,94.0,03/09/2025 06:34:05,13.1160133,80.2429166,2429166,2025-09-04T23:29:43.813010
TN12AU6687,353201357706339,21.0,70.52,94.0,03/09/2025 06:34:02,13.1160583,80.24277,24277,2025-09-04T23:29:43.813186
TN12AU6687,353201357706339,16.0,70.52,94.0,03/09/2025 06:34:00,13.1161133,80.2426749,2426749,2025-09-04T23:29:43.813343
TN12AU6687,353201357706339,16.0,70.53,94.0,03/09/2025 06:33:59,13.1161433,80.2426433,2426433,2025-09-04T23:29:43.813525
TN12AU6687,353201357706339,16.0,70.54,94.0,03/09/2025 06:33:58,13.1161816,80.2426166,2426166,2025-09-04T23:29:43.813714
TN12AU6687,353201357706339,16.0,70.55,94.0,03/09/2025 06:33:56,13.1162616,80.2425833,2425833,2025-09-04T23:29:43.813881
TN12AU6687,353201357706339,19.0,70.57,94.0,03/09/2025 06:33:53,13.1164033,80.2425616,2425616,2025-09-04T23:29:43.814047
TN12AU6687,353201357706339,25.0,70.61,94.0,03/09/2025 06:33:50,13.116575,80.2425233,2425233,2025-09-04T23:29:43.814209
TN12AU6687,353201357706339,22.0,70.64,94.0,03/09/2025 06:33:45,13.1169083,80.2424333,2424333,2025-09-04T23:29:43.814387
TN12AU6687,353201357706339,20.0,70.67,94.0,03/09/2025 06:33:40,13.1171733,80.2423883,2423883,2025-09-04T23:29:43.814568
TN12AU6687,353201357706339,17.0,70.68,93.0,03/09/2025 06:33:35,13.1174249,80.2423766,2423766,2025-09-04T23:29:43.814768
TN12AU6687,353201357706339,13.0,70.69,93.0,03/09/2025 06:33:33,13.117495,80.242395,242395,2025-09-04T23:29:43.814927
TN12AU6687,353201357706339,20.0,70.73,93.0,03/09/2025 06:33:29,13.1176399,80.242415,242415,2025-09-04T23:29:43.815080
TN12AU6687,353201357706339,22.0,70.75,93.0,03/09/2025 06:33:24,13.1179133,80.24243,24243,2025-09-04T23:29:43.815244
TN12AU6687,353201357706339,12.0,70.76,93.0,03/09/2025 06:33:19,13.118135,80.2424499,2424499,2025-09-04T23:29:43.815417
TN12AU6687,353201357706339,25.0,70.81,93.0,03/09/2025 06:33:17,13.1182249,80.24246,24246,2025-09-04T23:29:43.815606
TN12AU6687,353201357706339,33.0,70.85,93.0,03/09/2025 06:33:12,13.1186316,80.2425133,2425133,2025-09-04T23:29:43.815798
TN12AU6687,353201357706339,29.0,70.89,93.0,03/09/2025 06:33:07,13.1190166,80.2425983,2425983,2025-09-04T23:29:43.815980
TN12AU6687,353201357706339,23.0,70.92,92.0,03/09/2025 06:33:02,13.1193583,80.2426916,2426916,2025-09-04T23:29:43.816179
TN12AU6687,353201357706339,23.0,70.95,92.0,03/09/2025 06:32:57,13.1196116,80.2427133,2427133,2025-09-04T23:29:43.816355
TN12AU6687,353201357706339,18.0,70.98,92.0,03/09/2025 06:32:52,13.1199133,80.2427166,2427166,2025-09-04T23:29:43.816534
TN12AU6687,353201357706339,25.0,71.0,92.0,03/09/2025 06:32:47,13.1201566,80.2427166,2427166,2025-09-04T23:29:43.816690
TN12AU6687,353201357706339,13.0,71.02,92.0,03/09/2025 06:32:43,13.1203533,80.2427216,2427216,2025-09-04T23:29:43.816904
TN12AU6687,353201357706339,18.0,71.04,92.0,03/09/2025 06:32:38,13.1205483,80.2427633,2427633,2025-09-04T23:29:43.817062
TN12AU6687,353201357706339,11.0,71.05,92.0,03/09/2025 06:32:33,13.120755,80.2427916,2427916,2025-09-04T23:29:43.817211
TN12AU6687,353201357706339,0.0,71.05,92.0,03/09/2025 06:32:29,13.12083,80.2427716,2427716,2025-09-04T23:29:43.817370
TN12AU6687,353201357706339,0.0,71.05,92.0,03/09/2025 06:32:24,13.12083,80.2427716,2427716,2025-09-04T23:29:43.817530
TN12AU6687,353201357706339,3.0,71.07,92.0,03/09/2025 06:32:19,13.1208466,80.2427633,2427633,2025-09-04T23:29:43.817678
TN12AU6687,353201357706339,9.0,71.08,92.0,03/09/2025 06:32:14,13.120955,80.2427499,2427499,2025-09-04T23:29:43.817845
TN12AU6687,353201357706339,16.0,71.11,92.0,03/09/2025 06:32:10,13.1211166,80.2427249,2427249,2025-09-04T23:29:43.818027
TN12AU6687,353201357706339,20.0,71.13,92.0,03/09/2025 06:32:05,13.1213466,80.2426999,2426999,2025-09-04T23:29:43.818195
TN12AU6687,353201357706339,14.0,71.14,92.0,03/09/2025 06:32:01,13.1215216,80.2426616,2426616,2025-09-04T23:29:43.818364
TN12AU6687,353201357706339,17.0,71.17,91.0,03/09/2025 06:31:59,13.1215966,80.24262,24262,2025-09-04T23:29:43.818518
TN12AU6687,353201357706339,17.0,71.18,91.0,03/09/2025 06:31:54,13.1218049,80.2424866,2424866,2025-09-04T23:29:43.818658
TN12AU6687,353201357706339,15.0,71.2,91.0,03/09/2025 06:31:51,13.1219283,80.2424483,2424483,2025-09-04T23:29:43.818827
TN12AU6687,353201357706339,10.0,71.22,91.0,03/09/2025 06:31:46,13.1221016,80.2424083,2424083,2025-09-04T23:29:43.819002
TN12AU6687,353201357706339,13.0,71.23,91.0,03/09/2025 06:31:41,13.1222566,80.2423683,2423683,2025-09-04T23:29:43.819283
TN12AU6687,353201357706339,17.0,71.24,91.0,03/09/2025 06:31:38,13.1223633,80.2423133,2423133,2025-09-04T23:29:43.819520
TN12AU6687,353201357706339,20.0,71.26,91.0,03/09/2025 06:31:36,13.1224416,80.2422683,2422683,2025-09-04T23:29:43.819778
TN12AU6687,353201357706339,31.0,71.3,91.0,03/09/2025 06:31:33,13.1226233,80.242205,242205,2025-09-04T23:29:43.819995
TN12AU6687,353201357706339,29.0,71.33,90.0,03/09/2025 06:31:28,13.1229933,80.2421016,2421016,2025-09-04T23:29:43.820230
TN12AU6687,353201357706339,19.0,71.33,90.0,03/09/2025 06:31:25,13.1231716,80.2420499,2420499,2025-09-04T23:29:43.820447
TN12AU6687,353201357706339,13.0,71.34,90.0,03/09/2025 06:31:23,13.1232533,80.2420333,2420333,2025-09-04T23:29:43.820644
TN12AU6687,353201357706339,7.0,71.34,90.0,03/09/2025 06:31:21,13.1233083,80.2420316,2420316,2025-09-04T23:29:43.820858
TN12AU6687,353201357706339,7.0,71.36,90.0,03/09/2025 06:31:20,13.1233283,80.2420383,2420383,2025-09-04T23:29:43.821059
TN12AU6687,353201357706339,11.0,71.36,90.0,03/09/2025 06:31:15,13.12341,80.24212,24212,2025-09-04T23:29:43.821254
TN12AU6687,353201357706339,9.0,71.37,90.0,03/09/2025 06:31:13,13.1234566,80.24215,24215,2025-09-04T23:29:43.821457
TN12AU6687,353201357706339,10.0,71.38,90.0,03/09/2025 06:31:11,13.1235033,80.2421683,2421683,2025-09-04T23:29:43.821623
TN12AU6687,353201357706339,17.0,71.4,90.0,03/09/2025 06:31:09,13.1235766,80.2421783,2421783,2025-09-04T23:29:43.821816
TN12AU6687,353201357706339,27.0,71.44,90.0,03/09/2025 06:31:05,13.1238166,80.2421333,2421333,2025-09-04T23:29:43.822019
TN12AU6687,353201357706339,24.0,71.47,89.0,03/09/2025 06:31:00,13.1241266,80.24209,24209,2025-09-04T23:29:43.822181
TN12AU6687,353201357706339,27.0,71.51,89.0,03/09/2025 06:30:55,13.1244433,80.2420166,2420166,2025-09-04T23:29:43.822321
TN12AU6687,353201357706339,28.0,71.54,89.0,03/09/2025 06:30:50,13.1247949,80.241925,241925,2025-09-04T23:29:43.822488
TN12AU6687,353201357706339,17.0,71.57,89.0,03/09/2025 06:30:45,13.12505,80.241835,241835,2025-09-04T23:29:43.822634
TN12AU6687,353201357706339,19.0,71.59,89.0,03/09/2025 06:30:40,13.1253083,80.2417699,2417699,2025-09-04T23:29:43.822797
TN12AU6687,353201357706339,9.0,71.59,89.0,03/09/2025 06:30:36,13.1254566,80.2417333,2417333,2025-09-04T23:29:43.822932
TN12AU6687,353201357706339,9.0,71.6,89.0,03/09/2025 06:30:35,13.1254749,80.2417316,2417316,2025-09-04T23:29:43.823112
TN12AU6687,353201357706339,20.0,71.63,89.0,03/09/2025 06:30:33,13.1255366,80.24173,24173,2025-09-04T23:29:43.823272
TN12AU6687,353201357706339,30.0,71.68,90.0,03/09/2025 06:30:29,13.1257683,80.2416916,2416916,2025-09-04T23:29:43.823439
TN12AU6687,353201357706339,41.0,71.74,90.0,03/09/2025 06:30:24,13.1262483,80.241585,241585,2025-09-04T23:29:43.823633
TN12AU6687,353201357706339,44.0,71.8,90.0,03/09/2025 06:30:19,13.1267983,80.2414716,2414716,2025-09-04T23:29:43.823812
TN12AU6687,353201357706339,39.0,71.85,90.0,03/09/2025 06:30:14,13.1273249,80.2414483,2414483,2025-09-04T23:29:43.823954
TN12AU6687,353201357706339,30.0,71.89,90.0,03/09/2025 06:30:09,13.1277583,80.2414666,2414666,2025-09-04T23:29:43.824129
TN12AU6687,353201357706339,26.0,71.92,91.0,03/09/2025 06:30:04,13.1281266,80.2414516,2414516,2025-09-04T23:29:43.824287
TN12AU6687,353201357706339,15.0,71.93,91.0,03/09/2025 06:29:59,13.1283766,80.24141,24141,2025-09-04T23:29:43.824453
TN12AU6687,353201357706339,13.0,71.95,91.0,03/09/2025 06:29:55,13.1285249,80.2414016,2414016,2025-09-04T23:29:43.824629
TN12AU6687,353201357706339,6.0,71.95,91.0,03/09/2025 06:29:50,13.1286516,80.2414,2414,2025-09-04T23:29:43.824799
TN12AU6687,353201357706339,6.0,71.96,91.0,03/09/2025 06:29:49,13.12867,80.2413983,2413983,2025-09-04T23:29:43.824970
TN12AU6687,353201357706339,6.0,71.96,91.0,03/09/2025 06:29:47,13.1287149,80.2413983,2413983,2025-09-04T23:29:43.825131
TN12AU6687,353201357706339,7.0,71.96,91.0,03/09/2025 06:29:46,13.1287366,80.2414016,2414016,2025-09-04T23:29:43.825297
TN12AU6687,353201357706339,8.0,71.97,91.0,03/09/2025 06:29:44,13.128765,80.2414183,2414183,2025-09-04T23:29:43.825487
TN12AU6687,353201357706339,8.0,71.97,91.0,03/09/2025 06:29:41,13.1287516,80.2414683,2414683,2025-09-04T23:29:43.825732
TN12AU6687,353201357706339,8.0,71.98,91.0,03/09/2025 06:29:39,13.1287283,80.24151,24151,2025-09-04T23:29:43.825901
TN12AU6687,353201357706339,8.0,71.99,91.0,03/09/2025 06:29:37,13.12871,80.2415516,2415516,2025-09-04T23:29:43.826098
TN12AU6687,353201357706339,6.0,72.0,91.0,03/09/2025 06:29:33,13.1286533,80.2416283,2416283,2025-09-04T23:29:43.826293
TN12AU6687,353201357706339,0.0,72.0,92.0,03/09/2025 06:29:28,13.12861,80.2416716,2416716,2025-09-04T23:29:43.826454
TN12AU6687,353201357706339,9.0,72.02,92.0,03/09/2025 06:29:23,13.1285966,80.2416949,2416949,2025-09-04T23:29:43.826633
TN12AU6687,353201357706339,14.0,72.04,92.0,03/09/2025 06:29:18,13.1285649,80.2418766,2418766,2025-09-04T23:29:43.826811
TN12AU6687,353201357706339,20.0,72.07,92.0,03/09/2025 06:29:14,13.1284716,80.2420366,2420366,2025-09-04T23:29:43.827025
TN12AU6687,353201357706339,28.0,72.11,92.0,03/09/2025 06:29:09,13.1282966,80.2422916,2422916,2025-09-04T23:29:43.827192
TN12AU6687,353201357706339,29.0,72.15,92.0,03/09/2025 06:29:04,13.1280766,80.2425833,2425833,2025-09-04T23:29:43.827362
TN12AU6687,353201357706339,30.0,72.19,92.0,03/09/2025 06:28:59,13.127875,80.2428916,2428916,2025-09-04T23:29:43.827504
TN12AU6687,353201357706339,27.0,72.23,92.0,03/09/2025 06:28:54,13.1276783,80.2431916,2431916,2025-09-04T23:29:43.827652
TN12AU6687,353201357706339,26.0,72.26,92.0,03/09/2025 06:28:49,13.127475,80.2434616,2434616,2025-09-04T23:29:43.827816
TN12AU6687,353201357706339,26.0,72.29,92.0,03/09/2025 06:28:44,13.12727,80.243715,243715,2025-09-04T23:29:43.827969
TN12AU6687,353201357706339,30.0,72.34,92.0,03/09/2025 06:28:40,13.127125,80.2439516,2439516,2025-09-04T23:29:43.828145
TN12AU6687,353201357706339,39.0,72.39,92.0,03/09/2025 06:28:35,13.1269116,80.2443166,2443166,2025-09-04T23:29:43.828304
TN12AU6687,353201357706339,36.0,72.44,92.0,03/09/2025 06:28:30,13.1266383,80.2447133,2447133,2025-09-04T23:29:43.828472
TN12AU6687,353201357706339,34.0,72.49,92.0,03/09/2025 06:28:25,13.1263716,80.2450866,2450866,2025-09-04T23:29:43.828611
TN12AU6687,353201357706339,30.0,72.53,92.0,03/09/2025 06:28:20,13.1261166,80.2454283,2454283,2025-09-04T23:29:43.828759
TN12AU6687,353201357706339,31.0,72.57,92.0,03/09/2025 06:28:15,13.1258649,80.2457399,2457399,2025-09-04T23:29:43.828944
TN12AU6687,353201357706339,29.0,72.61,92.0,03/09/2025 06:28:10,13.1256133,80.2460433,2460433,2025-09-04T23:29:43.829138
TN12AU6687,353201357706339,28.0,72.65,92.0,03/09/2025 06:28:05,13.1253833,80.2462933,2462933,2025-09-04T23:29:43.829301
TN12AU6687,353201357706339,25.0,72.68,92.0,03/09/2025 06:28:00,13.1251616,80.2465199,2465199,2025-09-04T23:29:43.829438
TN12AU6687,353201357706339,22.0,72.71,92.0,03/09/2025 06:27:55,13.1249583,80.24673,24673,2025-09-04T23:29:43.829585
TN12AU6687,353201357706339,23.0,72.74,92.0,03/09/2025 06:27:50,13.1247833,80.2469316,2469316,2025-09-04T23:29:43.829749
TN12AU6687,353201357706339,35.0,72.79,92.0,03/09/2025 06:27:46,13.1245666,80.24715,24715,2025-09-04T23:29:43.829898
TN12AU6687,353201357706339,35.0,72.84,92.0,03/09/2025 06:27:41,13.1242416,80.2475216,2475216,2025-09-04T23:29:43.830073
TN12AU6687,353201357706339,29.0,72.88,92.0,03/09/2025 06:27:36,13.12394,80.2478516,2478516,2025-09-04T23:29:43.830222
TN12AU6687,353201357706339,19.0,72.89,92.0,03/09/2025 06:27:31,13.1237283,80.2480766,2480766,2025-09-04T23:29:43.830359
TN12AU6687,353201357706339,13.0,72.9,92.0,03/09/2025 06:27:28,13.1236533,80.2481883,2481883,2025-09-04T23:29:43.830538
TN12AU6687,353201357706339,11.0,72.9,92.0,03/09/2025 06:27:27,13.12364,80.24822,24822,2025-09-04T23:29:43.830736
TN12AU6687,353201357706339,8.0,72.9,92.0,03/09/2025 06:27:26,13.1236383,80.2482466,2482466,2025-09-04T23:29:43.830937
TN12AU6687,353201357706339,7.0,72.91,92.0,03/09/2025 06:27:24,13.1236483,80.248285,248285,2025-09-04T23:29:43.831122
TN12AU6687,353201357706339,0.0,72.91,92.0,03/09/2025 06:27:21,13.1237033,80.248355,248355,2025-09-04T23:29:43.831304
TN12AU6687,353201357706339,0.0,72.91,92.0,03/09/2025 06:27:16,13.1237033,80.248355,248355,2025-09-04T23:29:43.831458
TN12AU6687,353201357706339,0.0,72.91,92.0,03/09/2025 06:27:11,13.1237033,80.248355,248355,2025-09-04T23:29:43.831607
TN12AU6687,353201357706339,0.0,72.91,92.0,03/09/2025 06:27:06,13.1237033,80.248355,248355,2025-09-04T23:29:43.831785
TN12AU6687,353201357706339,0.0,72.91,92.0,03/09/2025 06:27:01,13.1237066,80.2483616,2483616,2025-09-04T23:29:43.831928
TN12AU6687,353201357706339,16.0,72.92,92.0,03/09/2025 06:26:58,13.1237666,80.248425,248425,2025-09-04T23:29:43.832080
TN12AU6687,353201357706339,22.0,72.96,92.0,03/09/2025 06:26:56,13.1238483,80.2484783,2484783,2025-09-04T23:29:43.832245
TN12AU6687,353201357706339,30.0,73.0,92.0,03/09/2025 06:26:51,13.1241966,80.2485866,2485866,2025-09-04T23:29:43.832395
TN12AU6687,353201357706339,17.0,73.01,92.0,03/09/2025 06:26:46,13.1244733,80.2486566,2486566,2025-09-04T23:29:43.832622
TN12AU6687,353201357706339,8.0,73.02,92.0,03/09/2025 06:26:42,13.1246149,80.2487,2487,2025-09-04T23:29:43.832884
TN12AU6687,353201357706339,0.0,73.02,92.0,03/09/2025 06:26:40,13.124665,80.2487066,2487066,2025-09-04T23:29:43.833149
TN12AU6687,353201357706339,0.0,73.02,92.0,03/09/2025 06:26:35,13.12467,80.2487083,2487083,2025-09-04T23:29:43.833374
TN12AU6687,353201357706339,10.0,73.05,92.0,03/09/2025 06:26:33,13.1247049,80.248725,248725,2025-09-04T23:29:43.833656
TN12AU6687,353201357706339,19.0,73.07,93.0,03/09/2025 06:26:28,13.12495,80.2487833,2487833,2025-09-04T23:29:43.833869
TN12AU6687,353201357706339,9.0,73.08,93.0,03/09/2025 06:26:23,13.12512,80.2488433,2488433,2025-09-04T23:29:43.834055
TN12AU6687,353201357706339,20.0,73.11,93.0,03/09/2025 06:26:20,13.1252266,80.2488766,2488766,2025-09-04T23:29:43.834228
TN12AU6687,353201357706339,18.0,73.14,93.0,03/09/2025 06:26:15,13.1254833,80.2489566,2489566,2025-09-04T23:29:43.834419
TN12AU6687,353201357706339,30.0,73.18,93.0,03/09/2025 06:26:10,13.1257866,80.249065,249065,2025-09-04T23:29:43.834629
TN12AU6687,353201357706339,25.0,73.22,93.0,03/09/2025 06:26:05,13.1261216,80.249185,249185,2025-09-04T23:29:43.834828
TN12AU6687,353201357706339,24.0,73.25,93.0,03/09/2025 06:26:00,13.1264133,80.2492683,2492683,2025-09-04T23:29:43.835015
TN12AU6687,353201357706339,32.0,73.29,94.0,03/09/2025 06:25:55,13.1267249,80.2493566,2493566,2025-09-04T23:29:43.835197
TN12AU6687,353201357706339,27.0,73.33,94.0,03/09/2025 06:25:50,13.1270866,80.2494833,2494833,2025-09-04T23:29:43.835365
TN12AU6687,353201357706339,21.0,73.36,94.0,03/09/2025 06:25:45,13.1273816,80.2495966,2495966,2025-09-04T23:29:43.835566
TN12AU6687,353201357706339,17.0,73.37,94.0,03/09/2025 06:25:40,13.127605,80.2496916,2496916,2025-09-04T23:29:43.835742
TN12AU6687,353201357706339,7.0,73.37,94.0,03/09/2025 06:25:37,13.12769,80.2497283,2497283,2025-09-04T23:29:43.835934
TN12AU6687,353201357706339,0.0,73.37,94.0,03/09/2025 06:25:32,13.127715,80.2497483,2497483,2025-09-04T23:29:43.836128
TN12AU6687,353201357706339,14.0,73.41,94.0,03/09/2025 06:25:30,13.1277483,80.2497666,2497666,2025-09-04T23:29:43.836314
TN12AU6687,353201357706339,23.0,73.44,94.0,03/09/2025 06:25:25,13.1280533,80.2498533,2498533,2025-09-04T23:29:43.836485
TN12AU6687,353201357706339,19.0,73.47,94.0,03/09/2025 06:25:20,13.128315,80.2499183,2499183,2025-09-04T23:29:43.836644
TN12AU6687,353201357706339,26.0,73.51,94.0,03/09/2025 06:25:15,13.1286483,80.2499616,2499616,2025-09-04T23:29:43.836809
TN12AU6687,353201357706339,24.0,73.54,94.0,03/09/2025 06:25:10,13.1289783,80.2498983,2498983,2025-09-04T23:29:43.836996
TN12AU6687,353201357706339,21.0,73.55,94.0,03/09/2025 06:25:06,13.1292066,80.2498933,2498933,2025-09-04T23:29:43.837164
TN12AU6687,353201357706339,22.0,73.58,94.0,03/09/2025 06:25:04,13.1293283,80.2498883,2498883,2025-09-04T23:29:43.837327
TN12AU6687,353201357706339,18.0,73.59,94.0,03/09/2025 06:24:59,13.1296049,80.2498566,2498566,2025-09-04T23:29:43.837496
TN12AU6687,353201357706339,15.0,73.61,94.0,03/09/2025 06:24:57,13.1296966,80.2498449,2498449,2025-09-04T23:29:43.837679
TN12AU6687,353201357706339,10.0,73.62,94.0,03/09/2025 06:24:52,13.1298349,80.2498066,2498066,2025-09-04T23:29:43.837847
TN12AU6687,353201357706339,15.0,73.62,94.0,03/09/2025 06:24:49,13.12993,80.2498016,2498016,2025-09-04T23:29:43.838017
TN12AU6687,353201357706339,13.0,73.62,94.0,03/09/2025 06:24:48,13.129965,80.2498083,2498083,2025-09-04T23:29:43.838178
TN12AU6687,353201357706339,12.0,73.63,94.0,03/09/2025 06:24:47,13.1299916,80.2498233,2498233,2025-09-04T23:29:43.838353
TN12AU6687,353201357706339,11.0,73.64,94.0,03/09/2025 06:24:46,13.13002,80.2498449,2498449,2025-09-04T23:29:43.838514
TN12AU6687,353201357706339,13.0,73.66,94.0,03/09/2025 06:24:44,13.13005,80.2499083,2499083,2025-09-04T23:29:43.838701
TN12AU6687,353201357706339,21.0,73.69,94.0,03/09/2025 06:24:39,13.1301383,80.2501233,2501233,2025-09-04T23:29:43.838868
TN12AU6687,353201357706339,17.0,73.71,94.0,03/09/2025 06:24:34,13.1302533,80.2503716,2503716,2025-09-04T23:29:43.839033
TN12AU6687,353201357706339,7.0,73.71,94.0,03/09/2025 06:24:29,13.1303616,80.2505516,2505516,2025-09-04T23:29:43.839226
TN12AU6687,353201357706339,0.0,73.71,94.0,03/09/2025 06:24:24,13.1303649,80.2505516,2505516,2025-09-04T23:29:43.839429
TN12AU6687,353201357706339,12.0,73.73,94.0,03/09/2025 06:24:21,13.1304033,80.250595,250595,2025-09-04T23:29:43.839624
TN12AU6687,353201357706339,23.0,73.77,94.0,03/09/2025 06:24:17,13.1304949,80.250765,250765,2025-09-04T23:29:43.839812
TN12AU6687,353201357706339,31.0,73.82,94.0,03/09/2025 06:24:12,13.1306833,80.2510683,2510683,2025-09-04T23:29:43.840008
TN12AU6687,353201357706339,27.0,73.85,94.0,03/09/2025 06:24:07,13.1309116,80.2513866,2513866,2025-09-04T23:29:43.840191
TN12AU6687,353201357706339,23.0,73.88,94.0,03/09/2025 06:24:02,13.1310783,80.2516566,2516566,2025-09-04T23:29:43.840369
TN12AU6687,353201357706339,20.0,73.91,94.0,03/09/2025 06:23:57,13.1312166,80.25191,25191,2025-09-04T23:29:43.840536
TN12AU6687,353201357706339,14.0,73.93,94.0,03/09/2025 06:23:52,13.1313266,80.2521116,2521116,2025-09-04T23:29:43.840735
TN12AU6687,353201357706339,10.0,73.94,94.0,03/09/2025 06:23:47,13.1314216,80.25225,25225,2025-09-04T23:29:43.840901
TN12AU6687,353201357706339,7.0,73.95,94.0,03/09/2025 06:23:42,13.13147,80.2523583,2523583,2025-09-04T23:29:43.841079
TN12AU6687,353201357706339,0.0,73.95,94.0,03/09/2025 06:23:37,13.1315316,80.2524533,2524533,2025-09-04T23:29:43.841259
TN12AU6687,353201357706339,0.0,73.95,94.0,03/09/2025 06:23:32,13.1315316,80.2524533,2524533,2025-09-04T23:29:43.841475
TN12AU6687,353201357706339,0.0,73.95,94.0,03/09/2025 06:23:27,13.131535,80.252455,252455,2025-09-04T23:29:43.841658
TN12AU6687,353201357706339,16.0,73.98,94.0,03/09/2025 06:23:23,13.13161,80.2525516,2525516,2025-09-04T23:29:43.841824
TN12AU6687,353201357706339,17.0,74.0,94.0,03/09/2025 06:23:18,13.1317483,80.2527449,2527449,2025-09-04T23:29:43.842007
TN12AU6687,353201357706339,17.0,74.03,94.0,03/09/2025 06:23:13,13.1318866,80.2529433,2529433,2025-09-04T23:29:43.842174
TN12AU6687,353201357706339,17.0,74.06,94.0,03/09/2025 06:23:08,13.1320416,80.2531316,2531316,2025-09-04T23:29:43.842368
TN12AU6687,353201357706339,22.0,74.09,94.0,03/09/2025 06:23:03,13.1322266,80.2533233,2533233,2025-09-04T23:29:43.842542
TN12AU6687,353201357706339,20.0,74.12,95.0,03/09/2025 06:22:58,13.132475,80.2534899,2534899,2025-09-04T23:29:43.842702
TN12AU6687,353201357706339,19.0,74.15,95.0,03/09/2025 06:22:53,13.1327199,80.25357,25357,2025-09-04T23:29:43.842844
TN12AU6687,353201357706339,18.0,74.18,95.0,03/09/2025 06:22:48,13.1329599,80.2536066,2536066,2025-09-04T23:29:43.843017
TN12AU6687,353201357706339,19.0,74.2,95.0,03/09/2025 06:22:43,13.1332183,80.2536233,2536233,2025-09-04T23:29:43.843178
TN12AU6687,353201357706339,16.0,74.22,95.0,03/09/2025 06:22:39,13.1334133,80.253625,253625,2025-09-04T23:29:43.843327
TN12AU6687,353201357706339,9.0,74.23,95.0,03/09/2025 06:22:34,13.1335916,80.2535866,2535866,2025-09-04T23:29:43.843503
TN12AU6687,353201357706339,10.0,74.24,95.0,03/09/2025 06:22:31,13.1336716,80.2535866,2535866,2025-09-04T23:29:43.843656
TN12AU6687,353201357706339,11.0,74.26,96.0,03/09/2025 06:22:26,13.1338116,80.2536016,2536016,2025-09-04T23:29:43.843823
TN12AU6687,353201357706339,17.0,74.28,96.0,03/09/2025 06:22:21,13.1339849,80.253625,253625,2025-09-04T23:29:43.843982
TN12AU6687,353201357706339,6.0,74.29,96.0,03/09/2025 06:22:16,13.1341283,80.2536783,2536783,2025-09-04T23:29:43.844149
TN12AU6687,353201357706339,0.0,74.29,96.0,03/09/2025 06:22:13,13.134175,80.25369,25369,2025-09-04T23:29:43.844297
TN12AU6687,353201357706339,0.0,74.29,96.0,03/09/2025 06:22:08,13.134175,80.25369,25369,2025-09-04T23:29:43.844463
TN12AU6687,353201357706339,0.0,74.29,96.0,03/09/2025 06:22:03,13.134175,80.25369,25369,2025-09-04T23:29:43.844618
TN12AU6687,353201357706339,0.0,74.29,96.0,03/09/2025 06:21:58,13.13418,80.25369,25369,2025-09-04T23:29:43.844790
TN12AU6687,353201357706339,0.0,74.29,96.0,03/09/2025 06:21:53,13.1342533,80.2537216,2537216,2025-09-04T23:29:43.844939
TN12AU6687,353201357706339,0.0,74.29,96.0,03/09/2025 06:21:48,13.1342533,80.2537216,2537216,2025-09-04T23:29:43.845100
TN12AU6687,353201357706339,9.0,74.31,96.0,03/09/2025 06:21:43,13.1342983,80.253745,253745,2025-09-04T23:29:43.845256
TN12AU6687,353201357706339,23.0,74.34,96.0,03/09/2025 06:21:39,13.13449,80.2538366,2538366,2025-09-04T23:29:43.845392
TN12AU6687,353201357706339,18.0,74.35,96.0,03/09/2025 06:21:34,13.1347433,80.25397,25397,2025-09-04T23:29:43.845568
TN12AU6687,353201357706339,18.0,74.36,96.0,03/09/2025 06:21:32,13.1348183,80.25402,25402,2025-09-04T23:29:43.845826
TN12AU6687,353201357706339,17.0,74.38,96.0,03/09/2025 06:21:30,13.1348949,80.2540666,2540666,2025-09-04T23:29:43.846045
TN12AU6687,353201357706339,20.0,74.41,96.0,03/09/2025 06:21:26,13.1350533,80.2541649,2541649,2025-09-04T23:29:43.846266
TN12AU6687,353201357706339,24.0,74.44,96.0,03/09/2025 06:21:21,13.1352649,80.2543199,2543199,2025-09-04T23:29:43.846494
TN12AU6687,353201357706339,26.0,74.48,96.0,03/09/2025 06:21:16,13.13553,80.254505,254505,2025-09-04T23:29:43.846709
TN12AU6687,353201357706339,28.0,74.52,96.0,03/09/2025 06:21:11,13.1358016,80.2547116,2547116,2025-09-04T23:29:43.847024
TN12AU6687,353201357706339,26.0,74.56,96.0,03/09/2025 06:21:06,13.1360833,80.2549433,2549433,2025-09-04T23:29:43.847285
TN12AU6687,353201357706339,22.0,74.58,96.0,03/09/2025 06:21:01,13.1363033,80.2551516,2551516,2025-09-04T23:29:43.847501
TN12AU6687,353201357706339,20.0,74.59,96.0,03/09/2025 06:20:58,13.1364216,80.2552766,2552766,2025-09-04T23:29:43.847729
TN12AU6687,353201357706339,13.0,74.6,96.0,03/09/2025 06:20:55,13.1364866,80.25538,25538,2025-09-04T23:29:43.847935
TN12AU6687,353201357706339,14.0,74.61,96.0,03/09/2025 06:20:53,13.136515,80.2554483,2554483,2025-09-04T23:29:43.848137
TN12AU6687,353201357706339,9.0,74.62,96.0,03/09/2025 06:20:49,13.1365349,80.2555783,2555783,2025-09-04T23:29:43.848308
TN12AU6687,353201357706339,0.0,74.62,96.0,03/09/2025 06:20:44,13.136545,80.255645,255645,2025-09-04T23:29:43.848461
TN12AU6687,353201357706339,0.0,74.62,96.0,03/09/2025 06:20:39,13.136545,80.255645,255645,2025-09-04T23:29:43.848625
TN12AU6687,353201357706339,0.0,74.62,96.0,03/09/2025 06:20:34,13.136545,80.255645,255645,2025-09-04T23:29:43.848809
TN12AU6687,353201357706339,0.0,74.62,96.0,03/09/2025 06:20:29,13.136545,80.255645,255645,2025-09-04T23:29:43.848961
TN12AU6687,353201357706339,0.0,74.62,96.0,03/09/2025 06:20:24,13.136545,80.255645,255645,2025-09-04T23:29:43.849119
TN12AU6687,353201357706339,0.0,74.62,96.0,03/09/2025 06:20:19,13.136545,80.255645,255645,2025-09-04T23:29:43.849291
TN12AU6687,353201357706339,0.0,74.62,96.0,03/09/2025 06:20:14,13.136545,80.255645,255645,2025-09-04T23:29:43.849466
TN12AU6687,353201357706339,0.0,74.62,96.0,03/09/2025 06:20:09,13.136545,80.2556533,2556533,2025-09-04T23:29:43.849645
TN12AU6687,353201357706339,10.0,74.64,96.0,03/09/2025 06:20:05,13.1365483,80.2557266,2557266,2025-09-04T23:29:43.849807
TN12AU6687,353201357706339,17.0,74.67,96.0,03/09/2025 06:20:00,13.1365616,80.2559316,2559316,2025-09-04T23:29:43.849976
TN12AU6687,353201357706339,19.0,74.69,96.0,03/09/2025 06:19:55,13.13656,80.2561766,2561766,2025-09-04T23:29:43.850138
TN12AU6687,353201357706339,16.0,74.71,96.0,03/09/2025 06:19:50,13.1365533,80.2564133,2564133,2025-09-04T23:29:43.850293
TN12AU6687,353201357706339,11.0,74.73,96.0,03/09/2025 06:19:45,13.1365416,80.25659,25659,2025-09-04T23:29:43.850462
TN12AU6687,353201357706339,8.0,74.74,96.0,03/09/2025 06:19:40,13.1365183,80.2567349,2567349,2025-09-04T23:29:43.850655
TN12AU6687,353201357706339,6.0,74.74,96.0,03/09/2025 06:19:35,13.1364983,80.2568316,2568316,2025-09-04T23:29:43.850849
TN12AU6687,353201357706339,0.0,74.74,96.0,03/09/2025 06:19:30,13.1364916,80.256875,256875,2025-09-04T23:29:43.851023
TN12AU6687,353201357706339,0.0,74.74,95.0,03/09/2025 06:19:25,13.1364916,80.256875,256875,2025-09-04T23:29:43.851254
TN12AU6687,353201357706339,7.0,74.76,95.0,03/09/2025 06:19:20,13.1364883,80.2569016,2569016,2025-09-04T23:29:43.851459
TN12AU6687,353201357706339,17.0,74.79,95.0,03/09/2025 06:19:15,13.13647,80.2570783,2570783,2025-09-04T23:29:43.851645
TN12AU6687,353201357706339,20.0,74.82,95.0,03/09/2025 06:19:10,13.1364366,80.2573049,2573049,2025-09-04T23:29:43.851815
TN12AU6687,353201357706339,22.0,74.85,95.0,03/09/2025 06:19:05,13.1363816,80.2575933,2575933,2025-09-04T23:29:43.851994
TN12AU6687,353201357706339,26.0,74.89,95.0,03/09/2025 06:19:00,13.1362949,80.2578883,2578883,2025-09-04T23:29:43.852165
TN12AU6687,353201357706339,21.0,74.91,94.0,03/09/2025 06:18:55,13.1362066,80.2582116,2582116,2025-09-04T23:29:43.852337
TN12AU6687,353201357706339,16.0,74.92,94.0,03/09/2025 06:18:50,13.1361716,80.2584266,2584266,2025-09-04T23:29:43.852513
TN12AU6687,353201357706339,15.0,74.92,94.0,03/09/2025 06:18:49,13.1361583,80.2584666,2584666,2025-09-04T23:29:43.852695
TN12AU6687,353201357706339,14.0,74.93,94.0,03/09/2025 06:18:48,13.13613,80.2584983,2584983,2025-09-04T23:29:43.852906
TN12AU6687,353201357706339,14.0,74.94,94.0,03/09/2025 06:18:46,13.1360699,80.2585516,2585516,2025-09-04T23:29:43.853114
TN12AU6687,353201357706339,16.0,74.95,94.0,03/09/2025 06:18:44,13.136,80.2585816,2585816,2025-09-04T23:29:43.853307
TN12AU6687,353201357706339,25.0,74.99,94.0,03/09/2025 06:18:42,13.1359,80.2585983,2585983,2025-09-04T23:29:43.853475
TN12AU6687,353201357706339,35.0,75.05,94.0,03/09/2025 06:18:37,13.1355116,80.2585916,2585916,2025-09-04T23:29:43.853696
TN12AU6687,353201357706339,30.0,75.09,94.0,03/09/2025 06:18:31,13.1350083,80.2585883,2585883,2025-09-04T23:29:43.853890
TN12AU6687,353201357706339,28.0,75.13,95.0,03/09/2025 06:18:26,13.1346416,80.258615,258615,2025-09-04T23:29:43.854084
TN12AU6687,353201357706339,21.0,75.15,95.0,03/09/2025 06:18:21,13.13431,80.2586466,2586466,2025-09-04T23:29:43.854325
TN12AU6687,353201357706339,13.0,75.17,95.0,03/09/2025 06:18:16,13.1340733,80.2586816,2586816,2025-09-04T23:29:43.854578
TN12AU6687,353201357706339,0.0,75.17,95.0,03/09/2025 06:18:13,13.1339516,80.2586716,2586716,2025-09-04T23:29:43.854802
TN12AU6687,353201357706339,0.0,75.17,95.0,03/09/2025 06:18:08,13.1339583,80.25867,25867,2025-09-04T23:29:43.854988
TN12AU6687,353201357706339,13.0,75.18,95.0,03/09/2025 06:18:06,13.1339249,80.2586849,2586849,2025-09-04T23:29:43.855153
TN12AU6687,353201357706339,24.0,75.22,95.0,03/09/2025 06:18:03,13.1337766,80.2586933,2586933,2025-09-04T23:29:43.855324
TN12AU6687,353201357706339,27.0,75.26,96.0,03/09/2025 06:17:58,13.1334166,80.2587166,2587166,2025-09-04T23:29:43.855493
TN12AU6687,353201357706339,25.0,75.3,96.0,03/09/2025 06:17:53,13.1330666,80.2587433,2587433,2025-09-04T23:29:43.855681
TN12AU6687,353201357706339,21.0,75.32,96.0,03/09/2025 06:17:48,13.1327616,80.2587416,2587416,2025-09-04T23:29:43.855858
TN12AU6687,353201357706339,16.0,75.35,96.0,03/09/2025 06:17:43,13.1325349,80.2587466,2587466,2025-09-04T23:29:43.856048
TN12AU6687,353201357706339,25.0,75.39,96.0,03/09/2025 06:17:38,13.1322466,80.2587683,2587683,2025-09-04T23:29:43.856223
TN12AU6687,353201357706339,23.0,75.42,96.0,03/09/2025 06:17:33,13.1319166,80.2587833,2587833,2025-09-04T23:29:43.856408
TN12AU6687,353201357706339,18.0,75.45,96.0,03/09/2025 06:17:28,13.1316499,80.258805,258805,2025-09-04T23:29:43.856587
TN12AU6687,353201357706339,22.0,75.48,96.0,03/09/2025 06:17:23,13.13138,80.2587949,2587949,2025-09-04T23:29:43.856767
TN12AU6687,353201357706339,22.0,75.52,96.0,03/09/2025 06:17:18,13.1311216,80.258805,258805,2025-09-04T23:29:43.856950
TN12AU6687,353201357706339,32.0,75.56,96.0,03/09/2025 06:17:13,13.1307616,80.2588266,2588266,2025-09-04T23:29:43.857142
TN12AU6687,353201357706339,32.0,75.61,96.0,03/09/2025 06:17:08,13.1303483,80.2588866,2588866,2025-09-04T23:29:43.857316
TN12AU6687,353201357706339,28.0,75.63,96.0,03/09/2025 06:17:03,13.1299266,80.2589016,2589016,2025-09-04T23:29:43.857482
TN12AU6687,353201357706339,17.0,75.65,96.0,03/09/2025 06:17:00,13.1297483,80.2589066,2589066,2025-09-04T23:29:43.857677
TN12AU6687,353201357706339,10.0,75.66,96.0,03/09/2025 06:16:55,13.1295616,80.2589299,2589299,2025-09-04T23:29:43.857850
TN12AU6687,353201357706339,0.0,75.66,96.0,03/09/2025 06:16:52,13.12951,80.2589183,2589183,2025-09-04T23:29:43.857990
TN12AU6687,353201357706339,9.0,75.68,96.0,03/09/2025 06:16:47,13.1294816,80.2589016,2589016,2025-09-04T23:29:43.858128
TN12AU6687,353201357706339,17.0,75.7,96.0,03/09/2025 06:16:43,13.1293233,80.2588866,2588866,2025-09-04T23:29:43.858270
TN12AU6687,353201357706339,19.0,75.73,96.0,03/09/2025 06:16:38,13.1290933,80.2588983,2588983,2025-09-04T23:29:43.858430
TN12AU6687,353201357706339,27.0,75.77,96.0,03/09/2025 06:16:33,13.1287966,80.2589099,2589099,2025-09-04T23:29:43.858624
TN12AU6687,353201357706339,25.0,75.8,95.0,03/09/2025 06:16:28,13.1284616,80.258925,258925,2025-09-04T23:29:43.858845
TN12AU6687,353201357706339,18.0,75.83,95.0,03/09/2025 06:16:23,13.1281983,80.258945,258945,2025-09-04T23:29:43.859030
TN12AU6687,353201357706339,23.0,75.87,95.0,03/09/2025 06:16:18,13.1279299,80.2589633,2589633,2025-09-04T23:29:43.859363
TN12AU6687,353201357706339,29.0,75.91,95.0,03/09/2025 06:16:13,13.1275983,80.258985,258985,2025-09-04T23:29:43.859606
TN12AU6687,353201357706339,29.0,75.95,95.0,03/09/2025 06:16:08,13.127215,80.25901,25901,2025-09-04T23:29:43.859866
TN12AU6687,353201357706339,23.0,75.98,95.0,03/09/2025 06:16:03,13.1268783,80.2590266,2590266,2025-09-04T23:29:43.860083
TN12AU6687,353201357706339,23.0,76.01,95.0,03/09/2025 06:15:58,13.1265783,80.259045,259045,2025-09-04T23:29:43.860298
TN12AU6687,353201357706339,22.0,76.04,95.0,03/09/2025 06:15:53,13.1262883,80.2590566,2590566,2025-09-04T23:29:43.860591
TN12AU6687,353201357706339,16.0,76.06,95.0,03/09/2025 06:15:48,13.1260583,80.2590716,2590716,2025-09-04T23:29:43.860832
TN12AU6687,353201357706339,13.0,76.08,95.0,03/09/2025 06:15:43,13.1258783,80.2590733,2590733,2025-09-04T23:29:43.861049
TN12AU6687,353201357706339,20.0,76.11,95.0,03/09/2025 06:15:38,13.1256816,80.2590733,2590733,2025-09-04T23:29:43.861263
TN12AU6687,353201357706339,22.0,76.14,95.0,03/09/2025 06:15:33,13.1254266,80.2591,2591,2025-09-04T23:29:43.861469
TN12AU6687,353201357706339,26.0,76.17,95.0,03/09/2025 06:15:28,13.1251266,80.2591383,2591383,2025-09-04T23:29:43.861680
TN12AU6687,353201357706339,16.0,76.19,95.0,03/09/2025 06:15:23,13.1248933,80.2591466,2591466,2025-09-04T23:29:43.861899
TN12AU6687,353201357706339,14.0,76.21,95.0,03/09/2025 06:15:18,13.1246683,80.2591616,2591616,2025-09-04T23:29:43.862107
TN12AU6687,353201357706339,6.0,76.23,95.0,03/09/2025 06:15:13,13.1245033,80.2591849,2591849,2025-09-04T23:29:43.862311
TN12AU6687,353201357706339,0.0,76.23,95.0,03/09/2025 06:15:08,13.1243633,80.2591966,2591966,2025-09-04T23:29:43.862491
TN12AU6687,353201357706339,0.0,76.23,95.0,03/09/2025 06:15:03,13.1243633,80.2591966,2591966,2025-09-04T23:29:43.862680
TN12AU6687,353201357706339,0.0,76.23,95.0,03/09/2025 06:14:58,13.1243633,80.2591966,2591966,2025-09-04T23:29:43.862889
TN12AU6687,353201357706339,0.0,76.23,95.0,03/09/2025 06:14:53,13.1243633,80.2591966,2591966,2025-09-04T23:29:43.863069
TN12AU6687,353201357706339,0.0,76.23,95.0,03/09/2025 06:14:48,13.1243633,80.2591966,2591966,2025-09-04T23:29:43.863252
TN12AU6687,353201357706339,0.0,76.23,95.0,03/09/2025 06:14:43,13.1243633,80.2591966,2591966,2025-09-04T23:29:43.863428
TN12AU6687,353201357706339,0.0,76.23,95.0,03/09/2025 06:14:38,13.1243633,80.2591966,2591966,2025-09-04T23:29:43.863602
TN12AU6687,353201357706339,7.0,76.24,95.0,03/09/2025 06:14:33,13.12432,80.2592016,2592016,2025-09-04T23:29:43.863776
TN12AU6687,353201357706339,13.0,76.26,95.0,03/09/2025 06:14:28,13.1241866,80.2592316,2592316,2025-09-04T23:29:43.863939
TN12AU6687,353201357706339,16.0,76.29,94.0,03/09/2025 06:14:23,13.1240016,80.2592283,2592283,2025-09-04T23:29:43.864096
TN12AU6687,353201357706339,23.0,76.33,94.0,03/09/2025 06:14:18,13.1237483,80.2592166,2592166,2025-09-04T23:29:43.864261
TN12AU6687,353201357706339,27.0,76.36,94.0,03/09/2025 06:14:13,13.123415,80.25922,25922,2025-09-04T23:29:43.864428
TN12AU6687,353201357706339,24.0,76.4,94.0,03/09/2025 06:14:08,13.1231133,80.2592266,2592266,2025-09-04T23:29:43.864604
TN12AU6687,353201357706339,32.0,76.45,94.0,03/09/2025 06:14:03,13.1227983,80.2592533,2592533,2025-09-04T23:29:43.864802
TN12AU6687,353201357706339,36.0,76.5,94.0,03/09/2025 06:13:58,13.1223566,80.2593066,2593066,2025-09-04T23:29:43.864965
TN12AU6687,353201357706339,39.0,76.56,94.0,03/09/2025 06:13:53,13.1218616,80.2592883,2592883,2025-09-04T23:29:43.865104
TN12AU6687,353201357706339,36.0,76.6,94.0,03/09/2025 06:13:48,13.1213649,80.2593049,2593049,2025-09-04T23:29:43.865273
TN12AU6687,353201357706339,28.0,76.64,94.0,03/09/2025 06:13:43,13.1209399,80.2593233,2593233,2025-09-04T23:29:43.865440
TN12AU6687,353201357706339,22.0,76.67,94.0,03/09/2025 06:13:38,13.12063,80.2593466,2593466,2025-09-04T23:29:43.865619
TN12AU6687,353201357706339,24.0,76.71,94.0,03/09/2025 06:13:33,13.1203483,80.2593766,2593766,2025-09-04T23:29:43.865777
TN12AU6687,353201357706339,26.0,76.75,94.0,03/09/2025 06:13:28,13.1200249,80.2593983,2593983,2025-09-04T23:29:43.865944
TN12AU6687,353201357706339,32.0,76.8,93.0,03/09/2025 06:13:23,13.119635,80.2594316,2594316,2025-09-04T23:29:43.866105
TN12AU6687,353201357706339,34.0,76.85,93.0,03/09/2025 06:13:18,13.119185,80.2594549,2594549,2025-09-04T23:29:43.866298
TN12AU6687,353201357706339,25.0,76.87,93.0,03/09/2025 06:13:13,13.1187816,80.2594416,2594416,2025-09-04T23:29:43.866505
TN12AU6687,353201357706339,13.0,76.88,93.0,03/09/2025 06:13:08,13.1185299,80.25943,25943,2025-09-04T23:29:43.866701
TN12AU6687,353201357706339,12.0,76.89,93.0,03/09/2025 06:13:05,13.1184333,80.259445,259445,2025-09-04T23:29:43.866873
TN12AU6687,353201357706339,12.0,76.9,93.0,03/09/2025 06:13:04,13.1184033,80.2594633,2594633,2025-09-04T23:29:43.867043
TN12AU6687,353201357706339,13.0,76.9,93.0,03/09/2025 06:13:02,13.118345,80.2595183,2595183,2025-09-04T23:29:43.867230
TN12AU6687,353201357706339,15.0,76.92,93.0,03/09/2025 06:13:01,13.1183283,80.2595549,2595549,2025-09-04T23:29:43.867399
TN12AU6687,353201357706339,28.0,76.94,93.0,03/09/2025 06:12:58,13.1182883,80.2597183,2597183,2025-09-04T23:29:43.867595
TN12AU6687,353201357706339,38.0,77.0,94.0,03/09/2025 06:12:56,13.118265,80.2598933,2598933,2025-09-04T23:29:43.867782
TN12AU6687,353201357706339,40.0,77.06,94.0,03/09/2025 06:12:51,13.1181933,80.2604599,2604599,2025-09-04T23:29:43.867952
TN12AU6687,353201357706339,37.0,77.11,94.0,03/09/2025 06:12:46,13.1181033,80.2609666,2609666,2025-09-04T23:29:43.868109
TN12AU6687,353201357706339,31.0,77.14,94.0,03/09/2025 06:12:41,13.1180016,80.2614633,2614633,2025-09-04T23:29:43.868261
TN12AU6687,353201357706339,28.0,77.17,94.0,03/09/2025 06:12:38,13.1179216,80.2617066,2617066,2025-09-04T23:29:43.868438
TN12AU6687,353201357706339,23.0,77.19,94.0,03/09/2025 06:12:35,13.1178016,80.2619266,2619266,2025-09-04T23:29:43.868645
TN12AU6687,353201357706339,22.0,77.2,94.0,03/09/2025 06:12:32,13.1176583,80.2620683,2620683,2025-09-04T23:29:43.868832
TN12AU6687,353201357706339,22.0,77.21,94.0,03/09/2025 06:12:30,13.1175533,80.2621283,2621283,2025-09-04T23:29:43.868989
TN12AU6687,353201357706339,23.0,77.25,94.0,03/09/2025 06:12:28,13.1174416,80.2621683,2621683,2025-09-04T23:29:43.869160
TN12AU6687,353201357706339,26.0,77.29,94.0,03/09/2025 06:12:23,13.1171116,80.26221,26221,2025-09-04T23:29:43.869338
TN12AU6687,353201357706339,25.0,77.33,94.0,03/09/2025 06:12:18,13.1167533,80.2622116,2622116,2025-09-04T23:29:43.869505
TN12AU6687,353201357706339,25.0,77.36,94.0,03/09/2025 06:12:13,13.1164116,80.2621999,2621999,2025-09-04T23:29:43.869677
TN12AU6687,353201357706339,21.0,77.39,94.0,03/09/2025 06:12:08,13.1161083,80.2621333,2621333,2025-09-04T23:29:43.869832
TN12AU6687,353201357706339,14.0,77.41,94.0,03/09/2025 06:12:03,13.11589,80.26208,26208,2025-09-04T23:29:43.870000
TN12AU6687,353201357706339,16.0,77.44,94.0,03/09/2025 06:11:58,13.1156983,80.262045,262045,2025-09-04T23:29:43.870159
TN12AU6687,353201357706339,19.0,77.47,95.0,03/09/2025 06:11:53,13.115455,80.2619716,2619716,2025-09-04T23:29:43.870321
TN12AU6687,353201357706339,18.0,77.5,95.0,03/09/2025 06:11:48,13.1151933,80.2618983,2618983,2025-09-04T23:29:43.870484
TN12AU6687,353201357706339,18.0,77.52,95.0,03/09/2025 06:11:43,13.1149283,80.2618299,2618299,2025-09-04T23:29:43.870681
TN12AU6687,353201357706339,22.0,77.55,95.0,03/09/2025 06:11:40,13.114775,80.261795,261795,2025-09-04T23:29:43.870880
TN12AU6687,353201357706339,17.0,77.57,95.0,03/09/2025 06:11:35,13.1145233,80.2617116,2617116,2025-09-04T23:29:43.871085
TN12AU6687,353201357706339,10.0,77.58,95.0,03/09/2025 06:11:30,13.1143316,80.2616599,2616599,2025-09-04T23:29:43.871282
TN12AU6687,353201357706339,10.0,77.58,95.0,03/09/2025 06:11:28,13.1142716,80.2616416,2616416,2025-09-04T23:29:43.871467
TN12AU6687,353201357706339,11.0,77.58,95.0,03/09/2025 06:11:27,13.114245,80.2616366,2616366,2025-09-04T23:29:43.871634
TN12AU6687,353201357706339,11.0,77.59,95.0,03/09/2025 06:11:26,13.1142166,80.261645,261645,2025-09-04T23:29:43.871803
TN12AU6687,353201357706339,11.0,77.59,95.0,03/09/2025 06:11:25,13.1141866,80.2616616,2616616,2025-09-04T23:29:43.871972
TN12AU6687,353201357706339,11.0,77.59,95.0,03/09/2025 06:11:24,13.11416,80.261685,261685,2025-09-04T23:29:43.872126
TN12AU6687,353201357706339,11.0,77.6,95.0,03/09/2025 06:11:23,13.1141449,80.2617166,2617166,2025-09-04T23:29:43.872288
TN12AU6687,353201357706339,11.0,77.62,95.0,03/09/2025 06:11:22,13.1141349,80.2617799,2617799,2025-09-04T23:29:43.872449
TN12AU6687,353201357706339,17.0,77.65,95.0,03/09/2025 06:11:17,13.1141416,80.2619933,2619933,2025-09-04T23:29:43.872717
TN12AU6687,353201357706339,17.0,77.68,95.0,03/09/2025 06:11:12,13.11414,80.262255,262255,2025-09-04T23:29:43.873000
TN12AU6687,353201357706339,21.0,77.71,95.0,03/09/2025 06:11:07,13.1141466,80.2625533,2625533,2025-09-04T23:29:43.873267
TN12AU6687,353201357706339,21.0,77.75,95.0,03/09/2025 06:11:02,13.1141266,80.2628233,2628233,2025-09-04T23:29:43.873518
TN12AU6687,353201357706339,22.0,77.78,95.0,03/09/2025 06:10:57,13.1140916,80.2631333,2631333,2025-09-04T23:29:43.873765
TN12AU6687,353201357706339,17.0,77.8,95.0,03/09/2025 06:10:52,13.1140183,80.2634216,2634216,2025-09-04T23:29:43.873975
TN12AU6687,353201357706339,11.0,77.81,95.0,03/09/2025 06:10:47,13.1140416,80.2636233,2636233,2025-09-04T23:29:43.874176
TN12AU6687,353201357706339,8.0,77.81,95.0,03/09/2025 06:10:45,13.1140516,80.2636733,2636733,2025-09-04T23:29:43.874361
TN12AU6687,353201357706339,6.0,77.81,95.0,03/09/2025 06:10:44,13.1140516,80.2636933,2636933,2025-09-04T23:29:43.874523
TN12AU6687,353201357706339,7.0,77.82,95.0,03/09/2025 06:10:43,13.11408,80.2637116,2637116,2025-09-04T23:29:43.874708
TN12AU6687,353201357706339,9.0,77.82,95.0,03/09/2025 06:10:42,13.1141066,80.2637133,2637133,2025-09-04T23:29:43.874905
TN12AU6687,353201357706339,12.0,77.85,95.0,03/09/2025 06:10:41,13.1141566,80.2637033,2637033,2025-09-04T23:29:43.875086
TN12AU6687,353201357706339,19.0,77.89,95.0,03/09/2025 06:10:36,13.11442,80.26367,26367,2025-09-04T23:29:43.875308
TN12AU6687,353201357706339,22.0,77.92,95.0,03/09/2025 06:10:31,13.1147516,80.2636183,2636183,2025-09-04T23:29:43.875500
TN12AU6687,353201357706339,13.0,77.95,95.0,03/09/2025 06:10:26,13.1150399,80.2635033,2635033,2025-09-04T23:29:43.875690
TN12AU6687,353201357706339,18.0,77.99,95.0,03/09/2025 06:10:21,13.115275,80.26335,26335,2025-09-04T23:29:43.875869
TN12AU6687,353201357706339,13.0,78.0,95.0,03/09/2025 06:10:16,13.1155416,80.2632266,2632266,2025-09-04T23:29:43.876034
TN12AU6687,353201357706339,12.0,78.02,95.0,03/09/2025 06:10:14,13.1156333,80.2631933,2631933,2025-09-04T23:29:43.876220
TN12AU6687,353201357706339,16.0,78.04,95.0,03/09/2025 06:10:10,13.1158033,80.2631216,2631216,2025-09-04T23:29:43.876409
TN12AU6687,353201357706339,9.0,78.06,95.0,03/09/2025 06:10:05,13.1160149,80.2629966,2629966,2025-09-04T23:29:43.876592
TN12AU6687,353201357706339,13.0,78.09,95.0,03/09/2025 06:10:00,13.1161816,80.2629216,2629216,2025-09-04T23:29:43.876774
TN12AU6687,353201357706339,12.0,78.1,95.0,03/09/2025 06:09:55,13.1163783,80.2628316,2628316,2025-09-04T23:29:43.876963
TN12AU6687,353201357706339,9.0,78.1,95.0,03/09/2025 06:09:53,13.11645,80.2627933,2627933,2025-09-04T23:29:43.877145
TN12AU6687,353201357706339,11.0,78.11,95.0,03/09/2025 06:09:52,13.1164833,80.2627766,2627766,2025-09-04T23:29:43.877318
TN12AU6687,353201357706339,15.0,78.13,95.0,03/09/2025 06:09:51,13.1165199,80.2627383,2627383,2025-09-04T23:29:43.877508
TN12AU6687,353201357706339,13.0,78.15,95.0,03/09/2025 06:09:47,13.11664,80.26262,26262,2025-09-04T23:29:43.877678
TN12AU6687,353201357706339,15.0,78.15,95.0,03/09/2025 06:09:43,13.1167933,80.262525,262525,2025-09-04T23:29:43.877869
TN12AU6687,353201357706339,12.0,78.17,95.0,03/09/2025 06:09:41,13.1168666,80.26249,26249,2025-09-04T23:29:43.878052
TN12AU6687,353201357706339,12.0,78.19,95.0,03/09/2025 06:09:36,13.11701,80.2624249,2624249,2025-09-04T23:29:43.878224
TN12AU6687,353201357706339,7.0,78.21,95.0,03/09/2025 06:09:31,13.11716,80.2623183,2623183,2025-09-04T23:29:43.878399
TN12AU6687,353201357706339,8.0,78.22,95.0,03/09/2025 06:09:26,13.11727,80.2622716,2622716,2025-09-04T23:29:43.878557
TN12AU6687,353201357706339,7.0,78.22,95.0,03/09/2025 06:09:21,13.1173533,80.2622266,2622266,2025-09-04T23:29:43.878734
TN12AU6687,353201357706339,0.0,78.22,95.0,03/09/2025 06:09:18,13.1174116,80.2622299,2622299,2025-09-04T23:29:43.878908
TN12AU6687,353201357706339,4.0,78.23,95.0,03/09/2025 06:09:13,13.1174399,80.2622533,2622533,2025-09-04T23:29:43.879080
TN12AU6687,353201357706339,5.0,78.24,95.0,03/09/2025 06:09:08,13.1174783,80.2623116,2623116,2025-09-04T23:29:43.879248
TN12AU6687,353201357706339,7.0,78.24,95.0,03/09/2025 06:09:03,13.1175149,80.2623783,2623783,2025-09-04T23:29:43.879418
TN12AU6687,353201357706339,6.0,78.24,95.0,03/09/2025 06:09:02,13.1175266,80.262395,262395,2025-09-04T23:29:43.879609
TN12AU6687,353201357706339,6.0,78.24,95.0,03/09/2025 06:09:01,13.117535,80.2624133,2624133,2025-09-04T23:29:43.879795
TN12AU6687,353201357706339,7.0,78.25,95.0,03/09/2025 06:09:00,13.1175416,80.2624299,2624299,2025-09-04T23:29:43.879987
TN12AU6687,353201357706339,7.0,78.26,95.0,03/09/2025 06:08:57,13.1175616,80.2624766,2624766,2025-09-04T23:29:43.880189
TN12AU6687,353201357706339,6.0,78.26,95.0,03/09/2025 06:08:52,13.1175933,80.2625599,2625599,2025-09-04T23:29:43.880357
TN12AU6687,353201357706339,7.0,78.27,95.0,03/09/2025 06:08:50,13.117605,80.2625949,2625949,2025-09-04T23:29:43.880547
TN12AU6687,353201357706339,7.0,78.27,95.0,03/09/2025 06:08:47,13.1176349,80.2626416,2626416,2025-09-04T23:29:43.880760
TN12AU6687,353201357706339,7.0,78.28,95.0,03/09/2025 06:08:46,13.117645,80.2626549,2626549,2025-09-04T23:29:43.880951
TN12AU6687,353201357706339,6.0,78.28,95.0,03/09/2025 06:08:44,13.1176649,80.2626883,2626883,2025-09-04T23:29:43.881135
TN12AU6687,353201357706339,6.0,78.28,95.0,03/09/2025 06:08:42,13.1176883,80.2627183,2627183,2025-09-04T23:29:43.881301
TN12AU6687,353201357706339,5.0,78.3,95.0,03/09/2025 06:08:39,13.1177133,80.2627483,2627483,2025-09-04T23:29:43.881474
TN12AU6687,353201357706339,6.0,78.3,95.0,03/09/2025 06:08:34,13.1177766,80.2628316,2628316,2025-09-04T23:29:43.881653
TN12AU6687,353201357706339,5.0,78.31,95.0,03/09/2025 06:08:31,13.1177866,80.2628883,2628883,2025-09-04T23:29:43.881832
TN12AU6687,353201357706339,4.0,78.32,0.0,03/09/2025 06:08:26,13.1177816,80.2629616,2629616,2025-09-04T23:29:43.882008
TN12AU6687,353201357706339,2.0,78.33,0.0,03/09/2025 06:08:21,13.1177616,80.26302,26302,2025-09-04T23:29:43.882189
TN12AU6687,353201357706339,0.0,78.33,0.0,03/09/2025 06:08:15,13.1177266,80.2631266,2631266,2025-09-04T23:29:43.882356
TN12AU6687,353201357706339,0.0,78.33,0.0,03/09/2025 06:08:11,13.1177999,80.262985,262985,2025-09-04T23:29:43.882535
TN12AU6687,353201357706339,0.0,78.33,0.0,03/09/2025 06:08:06,13.1177999,80.262985,262985,2025-09-04T23:29:43.882721
