vehicle_number,device_id,speed,total_distance,fuel,data_received,latitude,longitude,location_text,scraped_at
TN87E6455,353201358042148,0.0,0.0,297.0,03/09/2025 19:03:44,12.8901416,80.0854833,0854833,2025-09-04T23:30:06.625553
TN87E6455,353201358042148,0.0,0.0,297.0,03/09/2025 19:03:14,12.8901416,80.0854833,0854833,2025-09-04T23:30:06.625763
TN87E6455,353201358042148,0.0,0.0,297.0,03/09/2025 19:02:44,12.8901416,80.0854833,0854833,2025-09-04T23:30:06.625944
TN87E6455,353201358042148,0.0,0.0,297.0,03/09/2025 19:02:14,12.8901416,80.0854833,0854833,2025-09-04T23:30:06.626111
TN87E6455,353201358042148,0.0,0.0,297.0,03/09/2025 19:01:44,12.8901416,80.0854833,0854833,2025-09-04T23:30:06.626342
TN87E6455,353201358042148,0.0,0.0,297.0,03/09/2025 19:01:14,12.8901416,80.0854833,0854833,2025-09-04T23:30:06.626563
TN87E6455,353201358042148,0.0,0.0,297.0,03/09/2025 19:00:44,12.8901416,80.0854833,0854833,2025-09-04T23:30:06.626749
TN87E6455,353201358042148,0.0,0.0,297.0,03/09/2025 19:00:14,12.8901416,80.0854833,0854833,2025-09-04T23:30:06.626905
TN87E6455,353201358042148,0.0,0.0,297.0,03/09/2025 18:59:44,12.8901416,80.0854833,0854833,2025-09-04T23:30:06.627074
TN87E6455,353201358042148,0.0,0.0,297.0,03/09/2025 18:59:14,12.8901416,80.0854833,0854833,2025-09-04T23:30:06.627293
TN87E6455,353201358042148,0.0,0.0,297.0,03/09/2025 18:58:44,12.8901416,80.0854833,0854833,2025-09-04T23:30:06.627495
TN87E6455,353201358042148,0.0,0.0,297.0,03/09/2025 18:58:14,12.8901416,80.0854833,0854833,2025-09-04T23:30:06.627692
TN87E6455,353201358042148,0.0,0.0,297.0,03/09/2025 18:57:44,12.8901416,80.0854833,0854833,2025-09-04T23:30:06.627882
TN87E6455,353201358042148,0.0,0.0,297.0,03/09/2025 18:57:14,12.8901416,80.0854833,0854833,2025-09-04T23:30:06.628072
TN87E6455,353201358042148,0.0,0.0,297.0,03/09/2025 18:56:44,12.8901416,80.0854833,0854833,2025-09-04T23:30:06.628273
TN87E6455,353201358042148,0.0,0.0,297.0,03/09/2025 18:56:14,12.8901416,80.0854833,0854833,2025-09-04T23:30:06.628463
TN87E6455,353201358042148,0.0,0.0,297.0,03/09/2025 18:55:44,12.8901416,80.0854833,0854833,2025-09-04T23:30:06.628654
TN87E6455,353201358042148,0.0,0.0,297.0,03/09/2025 18:55:14,12.8901416,80.0854833,0854833,2025-09-04T23:30:06.628829
TN87E6455,353201358042148,0.0,0.0,297.0,03/09/2025 18:54:44,12.8901416,80.0854833,0854833,2025-09-04T23:30:06.628989
TN87E6455,353201358042148,0.0,0.0,297.0,03/09/2025 18:54:14,12.8901416,80.0854833,0854833,2025-09-04T23:30:06.629150
TN87E6455,353201358042148,0.0,0.0,297.0,03/09/2025 18:53:44,12.8901416,80.0854833,0854833,2025-09-04T23:30:06.629325
TN87E6455,353201358042148,0.0,0.0,297.0,03/09/2025 18:53:14,12.8901416,80.0854833,0854833,2025-09-04T23:30:06.629481
TN87E6455,353201358042148,0.0,0.0,297.0,03/09/2025 18:52:44,12.8901416,80.0854833,0854833,2025-09-04T23:30:06.629619
TN87E6455,353201358042148,0.0,0.0,297.0,03/09/2025 18:52:14,12.8901416,80.0854833,0854833,2025-09-04T23:30:06.629787
TN87E6455,353201358042148,0.0,0.0,297.0,03/09/2025 18:51:44,12.8901416,80.0854833,0854833,2025-09-04T23:30:06.629920
TN87E6455,353201358042148,0.0,0.0,297.0,03/09/2025 18:51:14,12.8901416,80.0854833,0854833,2025-09-04T23:30:06.630067
TN87E6455,353201358042148,0.0,0.0,297.0,03/09/2025 18:50:44,12.8901416,80.0854833,0854833,2025-09-04T23:30:06.630220
TN87E6455,353201358042148,0.0,0.0,297.0,03/09/2025 18:50:14,12.8901416,80.0854833,0854833,2025-09-04T23:30:06.630367
TN87E6455,353201358042148,0.0,0.0,297.0,03/09/2025 18:49:44,12.8901416,80.0854833,0854833,2025-09-04T23:30:06.630535
TN87E6455,353201358042148,0.0,0.0,297.0,03/09/2025 18:49:14,12.8901416,80.0854833,0854833,2025-09-04T23:30:06.630718
TN87E6455,353201358042148,0.0,0.0,297.0,03/09/2025 18:48:44,12.8901416,80.0854833,0854833,2025-09-04T23:30:06.630875
TN87E6455,353201358042148,0.0,0.0,297.0,03/09/2025 18:48:14,12.8901416,80.0854833,0854833,2025-09-04T23:30:06.631034
TN87E6455,353201358042148,0.0,0.0,297.0,03/09/2025 18:47:44,12.8901416,80.0854833,0854833,2025-09-04T23:30:06.631211
TN87E6455,353201358042148,0.0,0.0,297.0,03/09/2025 18:47:14,12.8901416,80.0854833,0854833,2025-09-04T23:30:06.631424
TN87E6455,353201358042148,0.0,0.0,297.0,03/09/2025 18:46:44,12.8901416,80.0854833,0854833,2025-09-04T23:30:06.631630
TN87E6455,353201358042148,0.0,0.0,297.0,03/09/2025 18:46:14,12.8901416,80.0854833,0854833,2025-09-04T23:30:06.631809
TN87E6455,353201358042148,0.0,0.0,297.0,03/09/2025 18:45:44,12.8901416,80.0854833,0854833,2025-09-04T23:30:06.631971
TN87E6455,353201358042148,0.0,0.0,297.0,03/09/2025 18:45:14,12.8901416,80.0854833,0854833,2025-09-04T23:30:06.632140
TN87E6455,353201358042148,0.0,0.0,297.0,03/09/2025 18:44:44,12.8901416,80.0854833,0854833,2025-09-04T23:30:06.632290
TN87E6455,353201358042148,0.0,0.0,297.0,03/09/2025 18:44:14,12.8901416,80.0854833,0854833,2025-09-04T23:30:06.632459
TN87E6455,353201358042148,0.0,0.0,297.0,03/09/2025 18:43:44,12.8901416,80.0854833,0854833,2025-09-04T23:30:06.632605
TN87E6455,353201358042148,0.0,0.0,297.0,03/09/2025 18:43:14,12.8901416,80.0854833,0854833,2025-09-04T23:30:06.632761
TN87E6455,353201358042148,0.0,0.0,297.0,03/09/2025 18:42:44,12.8901416,80.0854833,0854833,2025-09-04T23:30:06.632897
TN87E6455,353201358042148,0.0,0.0,297.0,03/09/2025 18:42:14,12.8901416,80.0854833,0854833,2025-09-04T23:30:06.633060
TN87E6455,353201358042148,0.0,0.0,297.0,03/09/2025 18:41:44,12.8901416,80.0854833,0854833,2025-09-04T23:30:06.633211
TN87E6455,353201358042148,0.0,0.0,297.0,03/09/2025 18:41:14,12.8901416,80.0854833,0854833,2025-09-04T23:30:06.633361
TN87E6455,353201358042148,0.0,0.0,297.0,03/09/2025 18:40:44,12.8901416,80.0854833,0854833,2025-09-04T23:30:06.633496
TN87E6455,353201358042148,0.0,0.0,297.0,03/09/2025 18:40:14,12.8901416,80.0854833,0854833,2025-09-04T23:30:06.633641
TN87E6455,353201358042148,0.0,0.0,297.0,03/09/2025 18:39:44,12.8901416,80.0854833,0854833,2025-09-04T23:30:06.633819
TN87E6455,353201358042148,0.0,0.0,297.0,03/09/2025 18:39:14,12.8901416,80.0854833,0854833,2025-09-04T23:30:06.634014
TN87E6455,353201358042148,0.0,0.0,297.0,03/09/2025 18:38:44,12.8901416,80.0854833,0854833,2025-09-04T23:30:06.634203
TN87E6455,353201358042148,0.0,0.0,297.0,03/09/2025 18:38:14,12.8901416,80.0854833,0854833,2025-09-04T23:30:06.634369
TN87E6455,353201358042148,0.0,0.0,297.0,03/09/2025 18:37:44,12.8901416,80.0854833,0854833,2025-09-04T23:30:06.634507
TN87E6455,353201358042148,0.0,0.0,297.0,03/09/2025 18:37:14,12.8901416,80.0854833,0854833,2025-09-04T23:30:06.634639
TN87E6455,353201358042148,0.0,0.0,297.0,03/09/2025 18:36:44,12.8901416,80.0854833,0854833,2025-09-04T23:30:06.634750
TN87E6455,353201358042148,0.0,0.0,297.0,03/09/2025 18:36:14,12.8901416,80.0854833,0854833,2025-09-04T23:30:06.634857
TN87E6455,353201358042148,0.0,0.0,297.0,03/09/2025 18:35:44,12.8901416,80.0854833,0854833,2025-09-04T23:30:06.634991
TN87E6455,353201358042148,0.0,0.0,297.0,03/09/2025 18:35:14,12.8901416,80.0854833,0854833,2025-09-04T23:30:06.635145
TN87E6455,353201358042148,0.0,0.0,297.0,03/09/2025 18:34:44,12.8901416,80.0854833,0854833,2025-09-04T23:30:06.635276
TN87E6455,353201358042148,0.0,0.0,297.0,03/09/2025 18:34:14,12.8901416,80.0854833,0854833,2025-09-04T23:30:06.635401
TN87E6455,353201358042148,0.0,0.0,297.0,03/09/2025 18:33:44,12.8901416,80.0854833,0854833,2025-09-04T23:30:06.635582
TN87E6455,353201358042148,0.0,0.0,297.0,03/09/2025 18:33:14,12.8901416,80.0854833,0854833,2025-09-04T23:30:06.635755
TN87E6455,353201358042148,0.0,0.0,297.0,03/09/2025 18:32:44,12.8901416,80.0854833,0854833,2025-09-04T23:30:06.635903
TN87E6455,353201358042148,0.0,0.0,297.0,03/09/2025 18:32:14,12.8901416,80.0854833,0854833,2025-09-04T23:30:06.636070
TN87E6455,353201358042148,0.0,0.0,297.0,03/09/2025 18:31:44,12.8901416,80.0854833,0854833,2025-09-04T23:30:06.636176
TN87E6455,353201358042148,0.0,0.0,297.0,03/09/2025 18:31:14,12.8901416,80.0854833,0854833,2025-09-04T23:30:06.636324
TN87E6455,353201358042148,0.0,0.0,297.0,03/09/2025 18:30:44,12.8901416,80.0854833,0854833,2025-09-04T23:30:06.636437
TN87E6455,353201358042148,0.0,0.0,297.0,03/09/2025 18:30:14,12.8901416,80.0854833,0854833,2025-09-04T23:30:06.636533
TN87E6455,353201358042148,0.0,0.0,297.0,03/09/2025 18:29:44,12.8901416,80.0854833,0854833,2025-09-04T23:30:06.636646
TN87E6455,353201358042148,0.0,0.0,297.0,03/09/2025 18:29:14,12.8901416,80.0854833,0854833,2025-09-04T23:30:06.636792
TN87E6455,353201358042148,0.0,0.0,297.0,03/09/2025 18:28:44,12.8901416,80.0854833,0854833,2025-09-04T23:30:06.636926
TN87E6455,353201358042148,0.0,0.0,297.0,03/09/2025 18:28:14,12.8901416,80.0854833,0854833,2025-09-04T23:30:06.637048
TN87E6455,353201358042148,0.0,0.0,297.0,03/09/2025 18:27:44,12.8901416,80.0854833,0854833,2025-09-04T23:30:06.637197
TN87E6455,353201358042148,0.0,0.0,297.0,03/09/2025 18:27:14,12.8901416,80.0854833,0854833,2025-09-04T23:30:06.637316
TN87E6455,353201358042148,0.0,0.0,297.0,03/09/2025 18:26:44,12.8901416,80.0854833,0854833,2025-09-04T23:30:06.637432
TN87E6455,353201358042148,0.0,0.0,297.0,03/09/2025 18:26:14,12.8901416,80.0854833,0854833,2025-09-04T23:30:06.637560
TN87E6455,353201358042148,0.0,0.0,297.0,03/09/2025 18:25:44,12.8901416,80.0854833,0854833,2025-09-04T23:30:06.637681
TN87E6455,353201358042148,0.0,0.0,297.0,03/09/2025 18:25:14,12.8901416,80.0854833,0854833,2025-09-04T23:30:06.637789
TN87E6455,353201358042148,0.0,0.0,297.0,03/09/2025 18:24:44,12.8901416,80.0854833,0854833,2025-09-04T23:30:06.637889
TN87E6455,353201358042148,0.0,0.0,297.0,03/09/2025 18:24:14,12.8901416,80.0854833,0854833,2025-09-04T23:30:06.638001
TN87E6455,353201358042148,0.0,0.0,297.0,03/09/2025 18:23:44,12.8901416,80.0854833,0854833,2025-09-04T23:30:06.638123
TN87E6455,353201358042148,0.0,0.0,297.0,03/09/2025 18:23:14,12.8901416,80.0854833,0854833,2025-09-04T23:30:06.638250
TN87E6455,353201358042148,0.0,0.0,297.0,03/09/2025 18:22:44,12.8901416,80.0854833,0854833,2025-09-04T23:30:06.638382
TN87E6455,353201358042148,0.0,0.0,297.0,03/09/2025 18:22:14,12.8901416,80.0854833,0854833,2025-09-04T23:30:06.638513
TN87E6455,353201358042148,0.0,0.0,297.0,03/09/2025 18:21:44,12.8901416,80.0854833,0854833,2025-09-04T23:30:06.638615
TN87E6455,353201358042148,0.0,0.0,297.0,03/09/2025 18:21:14,12.8901416,80.0854833,0854833,2025-09-04T23:30:06.638736
TN87E6455,353201358042148,0.0,0.0,297.0,03/09/2025 18:20:44,12.8901416,80.0854833,0854833,2025-09-04T23:30:06.638847
TN87E6455,353201358042148,0.0,0.0,297.0,03/09/2025 18:20:14,12.8901416,80.0854833,0854833,2025-09-04T23:30:06.638969
TN87E6455,353201358042148,0.0,0.0,297.0,03/09/2025 18:19:44,12.8901416,80.0854833,0854833,2025-09-04T23:30:06.639089
TN87E6455,353201358042148,0.0,0.0,297.0,03/09/2025 18:19:14,12.8901416,80.0854833,0854833,2025-09-04T23:30:06.639228
TN87E6455,353201358042148,0.0,0.0,297.0,03/09/2025 18:18:44,12.8901416,80.0854833,0854833,2025-09-04T23:30:06.639409
TN87E6455,353201358042148,0.0,0.0,297.0,03/09/2025 18:18:14,12.8901416,80.0854833,0854833,2025-09-04T23:30:06.639578
TN87E6455,353201358042148,0.0,0.0,297.0,03/09/2025 18:17:44,12.8901416,80.0854833,0854833,2025-09-04T23:30:06.639734
TN87E6455,353201358042148,0.0,0.0,297.0,03/09/2025 18:17:14,12.8901416,80.0854833,0854833,2025-09-04T23:30:06.639917
TN87E6455,353201358042148,0.0,0.0,297.0,03/09/2025 18:16:44,12.8901416,80.0854833,0854833,2025-09-04T23:30:06.640054
TN87E6455,353201358042148,0.0,0.0,297.0,03/09/2025 18:16:14,12.8901416,80.0854833,0854833,2025-09-04T23:30:06.640205
TN87E6455,353201358042148,0.0,0.0,297.0,03/09/2025 18:15:44,12.8901416,80.0854833,0854833,2025-09-04T23:30:06.640360
TN87E6455,353201358042148,0.0,0.0,297.0,03/09/2025 18:15:14,12.8901416,80.0854833,0854833,2025-09-04T23:30:06.640478
TN87E6455,353201358042148,0.0,0.0,297.0,03/09/2025 18:14:44,12.8901416,80.0854833,0854833,2025-09-04T23:30:06.640614
TN87E6455,353201358042148,0.0,0.0,297.0,03/09/2025 18:14:14,12.8901416,80.0854833,0854833,2025-09-04T23:30:06.640769
TN87E6455,353201358042148,0.0,0.0,297.0,03/09/2025 18:13:44,12.8901416,80.0854833,0854833,2025-09-04T23:30:06.640921
TN87E6455,353201358042148,0.0,0.0,297.0,03/09/2025 18:13:14,12.8901416,80.0854833,0854833,2025-09-04T23:30:06.641091
TN87E6455,353201358042148,0.0,0.0,297.0,03/09/2025 18:12:44,12.8901416,80.0854833,0854833,2025-09-04T23:30:06.641246
TN87E6455,353201358042148,0.0,0.0,297.0,03/09/2025 18:12:14,12.8901416,80.0854833,0854833,2025-09-04T23:30:06.641390
TN87E6455,353201358042148,0.0,0.0,297.0,03/09/2025 18:11:44,12.8901416,80.0854833,0854833,2025-09-04T23:30:06.641497
TN87E6455,353201358042148,0.0,0.0,297.0,03/09/2025 18:11:14,12.8901416,80.0854833,0854833,2025-09-04T23:30:06.641670
TN87E6455,353201358042148,0.0,0.0,297.0,03/09/2025 18:10:44,12.8901416,80.0854833,0854833,2025-09-04T23:30:06.641907
TN87E6455,353201358042148,0.0,0.0,297.0,03/09/2025 18:10:14,12.8901416,80.0854833,0854833,2025-09-04T23:30:06.642054
TN87E6455,353201358042148,0.0,0.0,297.0,03/09/2025 18:09:44,12.8901416,80.0854833,0854833,2025-09-04T23:30:06.642197
TN87E6455,353201358042148,0.0,0.0,297.0,03/09/2025 18:09:14,12.8901416,80.0854833,0854833,2025-09-04T23:30:06.642352
TN87E6455,353201358042148,0.0,0.0,297.0,03/09/2025 18:08:44,12.8901416,80.0854833,0854833,2025-09-04T23:30:06.642506
TN87E6455,353201358042148,0.0,0.0,297.0,03/09/2025 18:08:14,12.8901416,80.0854833,0854833,2025-09-04T23:30:06.642655
TN87E6455,353201358042148,0.0,0.0,297.0,03/09/2025 18:07:44,12.8901416,80.0854833,0854833,2025-09-04T23:30:06.642842
TN87E6455,353201358042148,0.0,0.0,297.0,03/09/2025 18:07:14,12.8901416,80.0854833,0854833,2025-09-04T23:30:06.643008
TN87E6455,353201358042148,0.0,0.0,297.0,03/09/2025 18:06:44,12.8901416,80.0854833,0854833,2025-09-04T23:30:06.643292
TN87E6455,353201358042148,0.0,0.0,297.0,03/09/2025 18:06:14,12.8901416,80.0854833,0854833,2025-09-04T23:30:06.643500
TN87E6455,353201358042148,0.0,0.0,297.0,03/09/2025 18:05:44,12.8901416,80.0854833,0854833,2025-09-04T23:30:06.643655
TN87E6455,353201358042148,0.0,0.0,297.0,03/09/2025 18:05:14,12.8901416,80.0854833,0854833,2025-09-04T23:30:06.643824
TN87E6455,353201358042148,0.0,0.0,297.0,03/09/2025 18:04:44,12.8901416,80.0854833,0854833,2025-09-04T23:30:06.643965
TN87E6455,353201358042148,0.0,0.0,297.0,03/09/2025 18:04:14,12.8901416,80.0854833,0854833,2025-09-04T23:30:06.644126
TN87E6455,353201358042148,0.0,0.0,297.0,03/09/2025 18:03:44,12.8901416,80.0854833,0854833,2025-09-04T23:30:06.644284
TN87E6455,353201358042148,0.0,0.0,297.0,03/09/2025 18:03:14,12.8901416,80.0854833,0854833,2025-09-04T23:30:06.644421
TN87E6455,353201358042148,0.0,0.0,297.0,03/09/2025 18:02:44,12.8901416,80.0854833,0854833,2025-09-04T23:30:06.644561
TN87E6455,353201358042148,0.0,0.0,297.0,03/09/2025 18:02:14,12.8901416,80.0854833,0854833,2025-09-04T23:30:06.644681
TN87E6455,353201358042148,0.0,0.0,297.0,03/09/2025 18:01:44,12.8901416,80.0854833,0854833,2025-09-04T23:30:06.644808
TN87E6455,353201358042148,0.0,0.0,297.0,03/09/2025 18:01:14,12.8901416,80.0854833,0854833,2025-09-04T23:30:06.644925
TN87E6455,353201358042148,0.0,0.0,297.0,03/09/2025 18:00:44,12.8901416,80.0854833,0854833,2025-09-04T23:30:06.645076
TN87E6455,353201358042148,0.0,0.0,297.0,03/09/2025 18:00:14,12.8901416,80.0854833,0854833,2025-09-04T23:30:06.645266
TN87E6455,353201358042148,0.0,0.0,297.0,03/09/2025 17:59:44,12.8901416,80.0854833,0854833,2025-09-04T23:30:06.645445
TN87E6455,353201358042148,0.0,0.0,297.0,03/09/2025 17:59:14,12.8901416,80.0854833,0854833,2025-09-04T23:30:06.645639
TN87E6455,353201358042148,0.0,0.0,297.0,03/09/2025 17:58:44,12.8901416,80.0854833,0854833,2025-09-04T23:30:06.645812
TN87E6455,353201358042148,0.0,0.0,297.0,03/09/2025 17:58:14,12.8901416,80.0854833,0854833,2025-09-04T23:30:06.645984
TN87E6455,353201358042148,0.0,0.0,297.0,03/09/2025 17:57:44,12.8901416,80.0854833,0854833,2025-09-04T23:30:06.646160
TN87E6455,353201358042148,0.0,0.0,297.0,03/09/2025 17:57:14,12.8901416,80.0854833,0854833,2025-09-04T23:30:06.646312
TN87E6455,353201358042148,0.0,0.0,297.0,03/09/2025 17:56:44,12.8901416,80.0854833,0854833,2025-09-04T23:30:06.646512
TN87E6455,353201358042148,0.0,0.0,297.0,03/09/2025 17:56:14,12.8901416,80.0854833,0854833,2025-09-04T23:30:06.646665
TN87E6455,353201358042148,0.0,0.0,297.0,03/09/2025 17:55:44,12.8901416,80.0854833,0854833,2025-09-04T23:30:06.646808
TN87E6455,353201358042148,0.0,0.0,297.0,03/09/2025 17:55:14,12.8901416,80.0854833,0854833,2025-09-04T23:30:06.646971
TN87E6455,353201358042148,0.0,0.0,297.0,03/09/2025 17:54:44,12.8901416,80.0854833,0854833,2025-09-04T23:30:06.647121
TN87E6455,353201358042148,0.0,0.0,297.0,03/09/2025 17:54:14,12.8901416,80.0854833,0854833,2025-09-04T23:30:06.647268
TN87E6455,353201358042148,0.0,0.0,297.0,03/09/2025 17:53:44,12.8901416,80.0854833,0854833,2025-09-04T23:30:06.647417
TN87E6455,353201358042148,0.0,0.0,297.0,03/09/2025 17:53:14,12.8901416,80.0854833,0854833,2025-09-04T23:30:06.647548
TN87E6455,353201358042148,0.0,0.0,297.0,03/09/2025 17:52:44,12.8901416,80.0854833,0854833,2025-09-04T23:30:06.647666
TN87E6455,353201358042148,0.0,0.0,297.0,03/09/2025 17:52:14,12.8901416,80.0854833,0854833,2025-09-04T23:30:06.647798
TN87E6455,353201358042148,0.0,0.0,297.0,03/09/2025 17:51:44,12.8901416,80.0854833,0854833,2025-09-04T23:30:06.647916
TN87E6455,353201358042148,0.0,0.0,297.0,03/09/2025 17:51:14,12.8901416,80.0854833,0854833,2025-09-04T23:30:06.648046
TN87E6455,353201358042148,0.0,0.0,297.0,03/09/2025 17:50:44,12.8901416,80.0854833,0854833,2025-09-04T23:30:06.648161
TN87E6455,353201358042148,0.0,0.0,297.0,03/09/2025 17:50:14,12.8901416,80.0854833,0854833,2025-09-04T23:30:06.648288
TN87E6455,353201358042148,0.0,0.0,297.0,03/09/2025 17:49:44,12.8901416,80.0854833,0854833,2025-09-04T23:30:06.648407
TN87E6455,353201358042148,0.0,0.0,297.0,03/09/2025 17:49:14,12.8901416,80.0854833,0854833,2025-09-04T23:30:06.648525
TN87E6455,353201358042148,0.0,0.0,297.0,03/09/2025 17:48:44,12.8901416,80.0854833,0854833,2025-09-04T23:30:06.648676
TN87E6455,353201358042148,0.0,0.0,297.0,03/09/2025 17:48:14,12.8901416,80.0854833,0854833,2025-09-04T23:30:06.648808
TN87E6455,353201358042148,0.0,0.0,297.0,03/09/2025 17:47:44,12.8901416,80.0854833,0854833,2025-09-04T23:30:06.648940
TN87E6455,353201358042148,0.0,0.0,297.0,03/09/2025 17:47:14,12.8901416,80.0854833,0854833,2025-09-04T23:30:06.649040
TN87E6455,353201358042148,0.0,0.0,297.0,03/09/2025 17:46:44,12.8901416,80.0854833,0854833,2025-09-04T23:30:06.649135
TN87E6455,353201358042148,0.0,0.0,297.0,03/09/2025 17:46:14,12.8901416,80.0854833,0854833,2025-09-04T23:30:06.649248
TN87E6455,353201358042148,0.0,0.0,297.0,03/09/2025 17:45:44,12.8901416,80.0854833,0854833,2025-09-04T23:30:06.649382
TN87E6455,353201358042148,0.0,0.0,297.0,03/09/2025 17:45:14,12.8901416,80.0854833,0854833,2025-09-04T23:30:06.649504
TN87E6455,353201358042148,0.0,0.0,297.0,03/09/2025 17:44:44,12.8901416,80.0854833,0854833,2025-09-04T23:30:06.649651
TN87E6455,353201358042148,0.0,0.0,297.0,03/09/2025 17:44:14,12.8901416,80.0854833,0854833,2025-09-04T23:30:06.649780
TN87E6455,353201358042148,0.0,0.0,297.0,03/09/2025 17:43:44,12.8901416,80.0854833,0854833,2025-09-04T23:30:06.649911
TN87E6455,353201358042148,0.0,0.0,297.0,03/09/2025 17:43:14,12.8901416,80.0854833,0854833,2025-09-04T23:30:06.650033
TN87E6455,353201358042148,0.0,0.0,297.0,03/09/2025 17:42:44,12.8901416,80.0854833,0854833,2025-09-04T23:30:06.650139
TN87E6455,353201358042148,0.0,0.0,297.0,03/09/2025 17:42:14,12.8901416,80.0854833,0854833,2025-09-04T23:30:06.650260
TN87E6455,353201358042148,0.0,0.0,297.0,03/09/2025 17:41:44,12.8901416,80.0854833,0854833,2025-09-04T23:30:06.650402
TN87E6455,353201358042148,0.0,0.0,297.0,03/09/2025 17:41:14,12.8901416,80.0854833,0854833,2025-09-04T23:30:06.650572
TN87E6455,353201358042148,0.0,0.0,297.0,03/09/2025 17:40:44,12.8901416,80.0854833,0854833,2025-09-04T23:30:06.650720
TN87E6455,353201358042148,0.0,0.0,297.0,03/09/2025 17:40:14,12.8901416,80.0854833,0854833,2025-09-04T23:30:06.650910
TN87E6455,353201358042148,0.0,0.0,297.0,03/09/2025 17:39:44,12.8901416,80.0854833,0854833,2025-09-04T23:30:06.651075
TN87E6455,353201358042148,0.0,0.0,297.0,03/09/2025 17:39:14,12.8901416,80.0854833,0854833,2025-09-04T23:30:06.651205
TN87E6455,353201358042148,0.0,0.0,297.0,03/09/2025 17:38:44,12.8901416,80.0854833,0854833,2025-09-04T23:30:06.651345
TN87E6455,353201358042148,0.0,0.0,297.0,03/09/2025 17:38:14,12.8901416,80.0854833,0854833,2025-09-04T23:30:06.651478
TN87E6455,353201358042148,0.0,0.0,297.0,03/09/2025 17:37:44,12.8901416,80.0854833,0854833,2025-09-04T23:30:06.651639
TN87E6455,353201358042148,0.0,0.0,297.0,03/09/2025 17:37:14,12.8901416,80.0854833,0854833,2025-09-04T23:30:06.651780
TN87E6455,353201358042148,0.0,0.0,297.0,03/09/2025 17:36:44,12.8901416,80.0854833,0854833,2025-09-04T23:30:06.651909
TN87E6455,353201358042148,0.0,0.0,297.0,03/09/2025 17:36:14,12.8901416,80.0854833,0854833,2025-09-04T23:30:06.652050
TN87E6455,353201358042148,0.0,0.0,297.0,03/09/2025 17:35:44,12.8901416,80.0854833,0854833,2025-09-04T23:30:06.652183
TN87E6455,353201358042148,0.0,0.0,297.0,03/09/2025 17:35:14,12.8901416,80.0854833,0854833,2025-09-04T23:30:06.652288
TN87E6455,353201358042148,0.0,0.0,297.0,03/09/2025 17:34:44,12.8901416,80.0854833,0854833,2025-09-04T23:30:06.652391
TN87E6455,353201358042148,0.0,0.0,297.0,03/09/2025 17:34:14,12.8901416,80.0854833,0854833,2025-09-04T23:30:06.652497
TN87E6455,353201358042148,0.0,0.0,297.0,03/09/2025 17:33:44,12.8901416,80.0854833,0854833,2025-09-04T23:30:06.652602
TN87E6455,353201358042148,0.0,0.0,297.0,03/09/2025 17:33:14,12.8901416,80.0854833,0854833,2025-09-04T23:30:06.652736
TN87E6455,353201358042148,0.0,0.0,297.0,03/09/2025 17:32:44,12.8901416,80.0854833,0854833,2025-09-04T23:30:06.652840
TN87E6455,353201358042148,0.0,0.0,297.0,03/09/2025 17:32:14,12.8901416,80.0854833,0854833,2025-09-04T23:30:06.652953
TN87E6455,353201358042148,0.0,0.0,297.0,03/09/2025 17:31:44,12.8901416,80.0854833,0854833,2025-09-04T23:30:06.653075
TN87E6455,353201358042148,0.0,0.0,297.0,03/09/2025 17:31:14,12.8901416,80.0854833,0854833,2025-09-04T23:30:06.653241
TN87E6455,353201358042148,0.0,0.0,297.0,03/09/2025 17:30:44,12.8901416,80.0854833,0854833,2025-09-04T23:30:06.653386
TN87E6455,353201358042148,0.0,0.0,297.0,03/09/2025 17:30:14,12.8901416,80.0854833,0854833,2025-09-04T23:30:06.653509
TN87E6455,353201358042148,0.0,0.0,297.0,03/09/2025 17:29:44,12.8901416,80.0854833,0854833,2025-09-04T23:30:06.653638
TN87E6455,353201358042148,0.0,0.0,297.0,03/09/2025 17:29:14,12.8901416,80.0854833,0854833,2025-09-04T23:30:06.653775
TN87E6455,353201358042148,0.0,0.0,297.0,03/09/2025 17:28:44,12.8901416,80.0854833,0854833,2025-09-04T23:30:06.653918
TN87E6455,353201358042148,0.0,0.0,297.0,03/09/2025 17:28:14,12.8901416,80.0854833,0854833,2025-09-04T23:30:06.654034
TN87E6455,353201358042148,0.0,0.0,297.0,03/09/2025 17:27:44,12.8901416,80.0854833,0854833,2025-09-04T23:30:06.654169
TN87E6455,353201358042148,0.0,0.0,297.0,03/09/2025 17:27:14,12.8901416,80.0854833,0854833,2025-09-04T23:30:06.654307
TN87E6455,353201358042148,0.0,0.0,297.0,03/09/2025 17:26:44,12.8901416,80.0854833,0854833,2025-09-04T23:30:06.654438
TN87E6455,353201358042148,0.0,0.0,297.0,03/09/2025 17:26:14,12.8901416,80.0854833,0854833,2025-09-04T23:30:06.654562
TN87E6455,353201358042148,0.0,0.0,297.0,03/09/2025 17:25:44,12.8901416,80.0854833,0854833,2025-09-04T23:30:06.654702
TN87E6455,353201358042148,0.0,0.0,297.0,03/09/2025 17:25:14,12.8901416,80.0854833,0854833,2025-09-04T23:30:06.654821
TN87E6455,353201358042148,0.0,0.0,297.0,03/09/2025 17:24:44,12.8901416,80.0854833,0854833,2025-09-04T23:30:06.654922
TN87E6455,353201358042148,0.0,0.0,297.0,03/09/2025 17:24:14,12.8901416,80.0854833,0854833,2025-09-04T23:30:06.655096
TN87E6455,353201358042148,0.0,0.0,297.0,03/09/2025 17:23:44,12.8901416,80.0854833,0854833,2025-09-04T23:30:06.655279
TN87E6455,353201358042148,0.0,0.0,297.0,03/09/2025 17:23:14,12.8901416,80.0854833,0854833,2025-09-04T23:30:06.655449
TN87E6455,353201358042148,0.0,0.0,297.0,03/09/2025 17:22:44,12.8901416,80.0854833,0854833,2025-09-04T23:30:06.655650
TN87E6455,353201358042148,0.0,0.0,297.0,03/09/2025 17:22:14,12.8901416,80.0854833,0854833,2025-09-04T23:30:06.655836
TN87E6455,353201358042148,0.0,0.0,297.0,03/09/2025 17:21:44,12.8901416,80.0854833,0854833,2025-09-04T23:30:06.656051
TN87E6455,353201358042148,0.0,0.0,297.0,03/09/2025 17:21:14,12.8901416,80.0854833,0854833,2025-09-04T23:30:06.656287
TN87E6455,353201358042148,0.0,0.0,297.0,03/09/2025 17:20:44,12.8901416,80.0854833,0854833,2025-09-04T23:30:06.656479
TN87E6455,353201358042148,0.0,0.0,297.0,03/09/2025 17:20:14,12.8901416,80.0854833,0854833,2025-09-04T23:30:06.656698
TN87E6455,353201358042148,0.0,0.0,297.0,03/09/2025 17:19:44,12.8901416,80.0854833,0854833,2025-09-04T23:30:06.656889
TN87E6455,353201358042148,0.0,0.0,297.0,03/09/2025 17:19:14,12.8901416,80.0854833,0854833,2025-09-04T23:30:06.657039
TN87E6455,353201358042148,0.0,0.0,297.0,03/09/2025 17:18:44,12.8901416,80.0854833,0854833,2025-09-04T23:30:06.657206
TN87E6455,353201358042148,0.0,0.0,297.0,03/09/2025 17:18:14,12.8901416,80.0854833,0854833,2025-09-04T23:30:06.657446
TN87E6455,353201358042148,0.0,0.0,297.0,03/09/2025 17:17:44,12.8901416,80.0854833,0854833,2025-09-04T23:30:06.657608
TN87E6455,353201358042148,0.0,0.0,297.0,03/09/2025 17:17:14,12.8901416,80.0854833,0854833,2025-09-04T23:30:06.657751
TN87E6455,353201358042148,0.0,0.0,297.0,03/09/2025 17:16:44,12.8901416,80.0854833,0854833,2025-09-04T23:30:06.657919
TN87E6455,353201358042148,0.0,0.0,297.0,03/09/2025 17:16:14,12.8901416,80.0854833,0854833,2025-09-04T23:30:06.658079
TN87E6455,353201358042148,0.0,0.0,297.0,03/09/2025 17:15:44,12.8901416,80.0854833,0854833,2025-09-04T23:30:06.658246
TN87E6455,353201358042148,0.0,0.0,297.0,03/09/2025 17:15:14,12.8901416,80.0854833,0854833,2025-09-04T23:30:06.658416
TN87E6455,353201358042148,0.0,0.0,297.0,03/09/2025 17:14:44,12.8901416,80.0854833,0854833,2025-09-04T23:30:06.658596
TN87E6455,353201358042148,0.0,0.0,297.0,03/09/2025 17:14:14,12.8901416,80.0854833,0854833,2025-09-04T23:30:06.658762
TN87E6455,353201358042148,0.0,0.0,297.0,03/09/2025 17:13:44,12.8901416,80.0854833,0854833,2025-09-04T23:30:06.658939
TN87E6455,353201358042148,0.0,0.0,297.0,03/09/2025 17:13:14,12.8901416,80.0854833,0854833,2025-09-04T23:30:06.659105
TN87E6455,353201358042148,0.0,0.0,297.0,03/09/2025 17:12:44,12.8901416,80.0854833,0854833,2025-09-04T23:30:06.659274
TN87E6455,353201358042148,0.0,0.0,297.0,03/09/2025 17:12:14,12.8901416,80.0854833,0854833,2025-09-04T23:30:06.659428
TN87E6455,353201358042148,0.0,0.0,297.0,03/09/2025 17:11:44,12.8901416,80.0854833,0854833,2025-09-04T23:30:06.659578
TN87E6455,353201358042148,0.0,0.0,297.0,03/09/2025 17:11:14,12.8901416,80.0854833,0854833,2025-09-04T23:30:06.659737
TN87E6455,353201358042148,0.0,0.0,298.0,03/09/2025 17:10:44,12.8901416,80.0854833,0854833,2025-09-04T23:30:06.659888
TN87E6455,353201358042148,0.0,0.0,299.0,03/09/2025 17:10:14,12.8901416,80.0854833,0854833,2025-09-04T23:30:06.660045
TN87E6455,353201358042148,0.0,0.0,300.0,03/09/2025 17:09:44,12.8901416,80.0854833,0854833,2025-09-04T23:30:06.660191
TN87E6455,353201358042148,0.0,0.0,301.0,03/09/2025 17:09:14,12.8901416,80.0854833,0854833,2025-09-04T23:30:06.660332
TN87E6455,353201358042148,0.0,0.0,301.0,03/09/2025 17:09:13,12.8901416,80.0854833,0854833,2025-09-04T23:30:06.660450
TN87E6455,353201358042148,0.0,0.0,301.0,03/09/2025 17:09:12,12.8901416,80.0854833,0854833,2025-09-04T23:30:06.660641
TN87E6455,353201358042148,0.0,0.0,301.0,03/09/2025 17:09:07,12.8901416,80.0854833,0854833,2025-09-04T23:30:06.660801
TN87E6455,353201358042148,0.0,0.0,301.0,03/09/2025 17:09:02,12.8901416,80.0854833,0854833,2025-09-04T23:30:06.660990
TN87E6455,353201358042148,0.0,0.0,301.0,03/09/2025 17:08:57,12.8901416,80.0854833,0854833,2025-09-04T23:30:06.661163
TN87E6455,353201358042148,0.0,0.0,301.0,03/09/2025 17:08:52,12.8901416,80.0854833,0854833,2025-09-04T23:30:06.661393
TN87E6455,353201358042148,0.0,0.0,301.0,03/09/2025 17:08:47,12.8901416,80.0854833,0854833,2025-09-04T23:30:06.661586
TN87E6455,353201358042148,0.0,0.0,301.0,03/09/2025 17:08:42,12.8901416,80.0854833,0854833,2025-09-04T23:30:06.661763
TN87E6455,353201358042148,0.0,0.0,301.0,03/09/2025 17:08:37,12.8901416,80.0854833,0854833,2025-09-04T23:30:06.661892
TN87E6455,353201358042148,0.0,0.0,301.0,03/09/2025 17:08:32,12.8901416,80.0854833,0854833,2025-09-04T23:30:06.662013
TN87E6455,353201358042148,0.0,0.0,301.0,03/09/2025 17:08:27,12.8901416,80.0854833,0854833,2025-09-04T23:30:06.662140
TN87E6455,353201358042148,0.0,0.0,301.0,03/09/2025 17:08:22,12.8901416,80.0854833,0854833,2025-09-04T23:30:06.662301
TN87E6455,353201358042148,0.0,0.0,301.0,03/09/2025 17:08:17,12.8901416,80.0854833,0854833,2025-09-04T23:30:06.662440
TN87E6455,353201358042148,0.0,0.0,301.0,03/09/2025 17:08:12,12.8901416,80.0854833,0854833,2025-09-04T23:30:06.662572
TN87E6455,353201358042148,0.0,0.0,301.0,03/09/2025 17:08:07,12.8901416,80.0854833,0854833,2025-09-04T23:30:06.662684
TN87E6455,353201358042148,0.0,0.0,301.0,03/09/2025 17:08:06,12.8901416,80.0854833,0854833,2025-09-04T23:30:06.662805
TN87E6455,353201358042148,0.0,0.0,301.0,03/09/2025 17:08:04,12.8901416,80.0854833,0854833,2025-09-04T23:30:06.662950
TN87E6455,353201358042148,0.0,0.0,301.0,03/09/2025 17:08:02,12.8901416,80.0854833,0854833,2025-09-04T23:30:06.663062
TN87E6455,353201358042148,0.0,0.0,301.0,03/09/2025 17:08:00,12.8901416,80.0854833,0854833,2025-09-04T23:30:06.663178
TN87E6455,353201358042148,0.0,0.0,301.0,03/09/2025 17:07:55,12.8901416,80.0854833,0854833,2025-09-04T23:30:06.663310
TN87E6455,353201358042148,0.0,0.0,301.0,03/09/2025 17:07:50,12.8901416,80.0854833,0854833,2025-09-04T23:30:06.663443
TN87E6455,353201358042148,0.0,0.0,301.0,03/09/2025 17:07:45,12.8901416,80.0854833,0854833,2025-09-04T23:30:06.663571
TN87E6455,353201358042148,0.0,0.0,301.0,03/09/2025 17:07:40,12.8901416,80.0854833,0854833,2025-09-04T23:30:06.663720
TN87E6455,353201358042148,0.0,0.0,301.0,03/09/2025 17:07:35,12.8901416,80.0854833,0854833,2025-09-04T23:30:06.663850
TN87E6455,353201358042148,0.0,0.0,301.0,03/09/2025 17:07:30,12.8901416,80.0854833,0854833,2025-09-04T23:30:06.663998
TN87E6455,353201358042148,0.0,0.0,301.0,03/09/2025 17:07:25,12.8901416,80.0854833,0854833,2025-09-04T23:30:06.664182
TN87E6455,353201358042148,0.0,0.0,301.0,03/09/2025 17:07:20,12.8901416,80.0854833,0854833,2025-09-04T23:30:06.664329
TN87E6455,353201358042148,0.0,0.0,301.0,03/09/2025 17:07:15,12.8901416,80.0854833,0854833,2025-09-04T23:30:06.664442
TN87E6455,353201358042148,0.0,0.0,301.0,03/09/2025 17:07:10,12.8901416,80.0854833,0854833,2025-09-04T23:30:06.664558
TN87E6455,353201358042148,0.0,0.0,301.0,03/09/2025 17:07:05,12.8901416,80.0854833,0854833,2025-09-04T23:30:06.664689
TN87E6455,353201358042148,0.0,0.0,301.0,03/09/2025 17:07:00,12.8901416,80.0854833,0854833,2025-09-04T23:30:06.664844
TN87E6455,353201358042148,0.0,0.0,301.0,03/09/2025 17:06:55,12.8901416,80.0854833,0854833,2025-09-04T23:30:06.664988
TN87E6455,353201358042148,0.0,0.0,301.0,03/09/2025 17:06:50,12.8901416,80.0854833,0854833,2025-09-04T23:30:06.665166
TN87E6455,353201358042148,0.0,0.0,301.0,03/09/2025 17:06:45,12.8901416,80.0854833,0854833,2025-09-04T23:30:06.665348
TN87E6455,353201358042148,3.0,0.01,301.0,03/09/2025 17:06:40,12.8901449,80.0854483,0854483,2025-09-04T23:30:06.665502
TN87E6455,353201358042148,0.0,0.01,301.0,03/09/2025 17:06:35,12.8901883,80.0853583,0853583,2025-09-04T23:30:06.665700
TN87E6455,353201358042148,0.0,0.01,301.0,03/09/2025 17:06:30,12.8901899,80.08536,08536,2025-09-04T23:30:06.665870
TN87E6455,353201358042148,0.0,0.01,301.0,03/09/2025 17:06:25,12.8902016,80.0853266,0853266,2025-09-04T23:30:06.666058
TN87E6455,353201358042148,0.0,0.01,301.0,03/09/2025 17:06:25,12.8902016,80.0853266,0853266,2025-09-04T23:30:06.666200
TN87E6455,353201358042148,0.0,0.01,301.0,03/09/2025 17:06:17,12.8902016,80.0853266,0853266,2025-09-04T23:30:06.666345
TN87E6455,353201358042148,0.0,0.01,301.0,03/09/2025 17:06:16,12.8902016,80.0853266,0853266,2025-09-04T23:30:06.666480
TN87E6455,353201358042148,0.0,0.01,301.0,03/09/2025 17:05:46,12.8902016,80.0853266,0853266,2025-09-04T23:30:06.666650
TN87E6455,353201358042148,0.0,0.01,300.0,03/09/2025 17:05:16,12.8902016,80.0853266,0853266,2025-09-04T23:30:06.666772
TN87E6455,353201358042148,0.0,0.01,301.0,03/09/2025 17:04:46,12.8902016,80.0853266,0853266,2025-09-04T23:30:06.666882
TN87E6455,353201358042148,0.0,0.01,302.0,03/09/2025 17:04:16,12.8902016,80.0853266,0853266,2025-09-04T23:30:06.667009
TN87E6455,353201358042148,0.0,0.01,302.0,03/09/2025 17:04:14,12.8902016,80.0853266,0853266,2025-09-04T23:30:06.667153
TN87E6455,353201358042148,0.0,0.01,302.0,03/09/2025 17:04:12,12.8902016,80.0853266,0853266,2025-09-04T23:30:06.667284
TN87E6455,353201358042148,0.0,0.01,302.0,03/09/2025 17:04:07,12.8902016,80.0853266,0853266,2025-09-04T23:30:06.667399
TN87E6455,353201358042148,0.0,0.01,302.0,03/09/2025 17:04:02,12.8902016,80.0853266,0853266,2025-09-04T23:30:06.667541
TN87E6455,353201358042148,0.0,0.01,302.0,03/09/2025 17:03:57,12.8902016,80.0853266,0853266,2025-09-04T23:30:06.667676
TN87E6455,353201358042148,0.0,0.01,306.0,03/09/2025 17:03:52,12.8902016,80.0853266,0853266,2025-09-04T23:30:06.667825
TN87E6455,353201358042148,0.0,0.01,306.0,03/09/2025 17:03:47,12.8902016,80.0853266,0853266,2025-09-04T23:30:06.667952
TN87E6455,353201358042148,0.0,0.01,306.0,03/09/2025 17:03:42,12.8902016,80.0853266,0853266,2025-09-04T23:30:06.668088
TN87E6455,353201358042148,0.0,0.01,306.0,03/09/2025 17:03:37,12.8902016,80.0853266,0853266,2025-09-04T23:30:06.668260
TN87E6455,353201358042148,0.0,0.01,306.0,03/09/2025 17:03:32,12.8902016,80.0853266,0853266,2025-09-04T23:30:06.668457
TN87E6455,353201358042148,0.0,0.01,306.0,03/09/2025 17:03:27,12.8902016,80.0853266,0853266,2025-09-04T23:30:06.668606
TN87E6455,353201358042148,0.0,0.01,311.0,03/09/2025 17:03:22,12.8902016,80.0853266,0853266,2025-09-04T23:30:06.668746
TN87E6455,353201358042148,0.0,0.01,311.0,03/09/2025 17:03:17,12.8902016,80.0853266,0853266,2025-09-04T23:30:06.668887
TN87E6455,353201358042148,0.0,0.01,311.0,03/09/2025 17:03:12,12.8902016,80.0853266,0853266,2025-09-04T23:30:06.669089
TN87E6455,353201358042148,0.0,0.01,311.0,03/09/2025 17:03:12,12.8902016,80.0853266,0853266,2025-09-04T23:30:06.669282
TN87E6455,353201358042148,0.0,0.01,311.0,03/09/2025 17:03:10,12.8902016,80.0853266,0853266,2025-09-04T23:30:06.669484
TN87E6455,353201358042148,0.0,0.01,311.0,03/09/2025 17:03:10,12.8902016,80.0853266,0853266,2025-09-04T23:30:06.669681
TN87E6455,353201358042148,0.0,0.01,311.0,03/09/2025 17:03:08,12.8902016,80.0853266,0853266,2025-09-04T23:30:06.669872
TN87E6455,353201358042148,0.0,0.01,311.0,03/09/2025 17:03:03,12.8902016,80.0853266,0853266,2025-09-04T23:30:06.670024
TN87E6455,353201358042148,0.0,0.01,311.0,03/09/2025 17:02:58,12.8902016,80.0853266,0853266,2025-09-04T23:30:06.670201
TN87E6455,353201358042148,0.0,0.01,316.0,03/09/2025 17:02:53,12.8902016,80.0853266,0853266,2025-09-04T23:30:06.670349
TN87E6455,353201358042148,0.0,0.01,316.0,03/09/2025 17:02:48,12.8902016,80.0853266,0853266,2025-09-04T23:30:06.670479
TN87E6455,353201358042148,0.0,0.01,316.0,03/09/2025 17:02:43,12.8902016,80.0853266,0853266,2025-09-04T23:30:06.670637
TN87E6455,353201358042148,0.0,0.01,316.0,03/09/2025 17:02:38,12.8902016,80.0853266,0853266,2025-09-04T23:30:06.670771
TN87E6455,353201358042148,0.0,0.01,316.0,03/09/2025 17:02:33,12.8902016,80.0853266,0853266,2025-09-04T23:30:06.670940
TN87E6455,353201358042148,0.0,0.01,316.0,03/09/2025 17:02:28,12.8902016,80.0853266,0853266,2025-09-04T23:30:06.671064
TN87E6455,353201358042148,0.0,0.01,318.0,03/09/2025 17:02:23,12.8902016,80.0853266,0853266,2025-09-04T23:30:06.671210
TN87E6455,353201358042148,0.0,0.01,318.0,03/09/2025 17:02:18,12.8902016,80.0853266,0853266,2025-09-04T23:30:06.671364
TN87E6455,353201358042148,0.0,0.01,318.0,03/09/2025 17:02:13,12.8902016,80.0853266,0853266,2025-09-04T23:30:06.671473
TN87E6455,353201358042148,0.0,0.01,318.0,03/09/2025 17:02:08,12.8902016,80.0853266,0853266,2025-09-04T23:30:06.671574
TN87E6455,353201358042148,0.0,0.01,318.0,03/09/2025 17:02:03,12.8902016,80.0853266,0853266,2025-09-04T23:30:06.671694
TN87E6455,353201358042148,0.0,0.01,318.0,03/09/2025 17:01:58,12.8902016,80.0853266,0853266,2025-09-04T23:30:06.671824
TN87E6455,353201358042148,4.0,0.01,318.0,03/09/2025 17:01:53,12.8902049,80.0852199,0852199,2025-09-04T23:30:06.671945
TN87E6455,353201358042148,0.0,0.01,318.0,03/09/2025 17:01:48,12.8902049,80.0852199,0852199,2025-09-04T23:30:06.672078
TN87E6455,353201358042148,0.0,0.01,318.0,03/09/2025 17:01:43,12.8902049,80.0852199,0852199,2025-09-04T23:30:06.672197
TN87E6455,353201358042148,3.0,0.01,318.0,03/09/2025 17:01:38,12.8901816,80.0852916,0852916,2025-09-04T23:30:06.672326
TN87E6455,353201358042148,0.0,0.01,318.0,03/09/2025 17:01:33,12.890185,80.0852983,0852983,2025-09-04T23:30:06.672476
TN87E6455,353201358042148,3.0,0.01,318.0,03/09/2025 17:01:28,12.8902083,80.0852883,0852883,2025-09-04T23:30:06.672632
TN87E6455,353201358042148,0.0,0.01,317.0,03/09/2025 17:01:23,12.8902083,80.0852883,0852883,2025-09-04T23:30:06.672782
TN87E6455,353201358042148,0.0,0.01,317.0,03/09/2025 17:01:18,12.8902083,80.0852883,0852883,2025-09-04T23:30:06.672909
TN87E6455,353201358042148,0.0,0.01,317.0,03/09/2025 17:01:13,12.8902083,80.0852883,0852883,2025-09-04T23:30:06.673037
TN87E6455,353201358042148,0.0,0.01,317.0,03/09/2025 17:01:08,12.8902083,80.0852883,0852883,2025-09-04T23:30:06.673166
TN87E6455,353201358042148,0.0,0.01,317.0,03/09/2025 17:01:03,12.8902083,80.0852883,0852883,2025-09-04T23:30:06.673298
TN87E6455,353201358042148,0.0,0.01,317.0,03/09/2025 17:00:58,12.8902083,80.0852883,0852883,2025-09-04T23:30:06.673476
TN87E6455,353201358042148,0.0,0.01,317.0,03/09/2025 17:00:53,12.8902083,80.0852883,0852883,2025-09-04T23:30:06.673640
TN87E6455,353201358042148,3.0,0.01,317.0,03/09/2025 17:00:48,12.8902083,80.0852883,0852883,2025-09-04T23:30:06.673778
TN87E6455,353201358042148,0.0,0.01,317.0,03/09/2025 17:00:43,12.8902083,80.0852883,0852883,2025-09-04T23:30:06.673896
TN87E6455,353201358042148,0.0,0.01,317.0,03/09/2025 17:00:38,12.8902083,80.0852883,0852883,2025-09-04T23:30:06.674062
TN87E6455,353201358042148,0.0,0.01,317.0,03/09/2025 17:00:33,12.8902066,80.0852716,0852716,2025-09-04T23:30:06.674222
TN87E6455,353201358042148,0.0,0.01,317.0,03/09/2025 17:00:28,12.8902233,80.0851816,0851816,2025-09-04T23:30:06.674375
TN87E6455,353201358042148,0.0,0.01,318.0,03/09/2025 17:00:23,12.8902233,80.0851816,0851816,2025-09-04T23:30:06.674522
TN87E6455,353201358042148,0.0,0.01,318.0,03/09/2025 17:00:18,12.8902233,80.0851816,0851816,2025-09-04T23:30:06.674687
TN87E6455,353201358042148,0.0,0.01,318.0,03/09/2025 17:00:13,12.8902233,80.0851816,0851816,2025-09-04T23:30:06.674831
TN87E6455,353201358042148,0.0,0.01,318.0,03/09/2025 17:00:08,12.8902233,80.0851816,0851816,2025-09-04T23:30:06.674948
TN87E6455,353201358042148,0.0,0.01,318.0,03/09/2025 17:00:03,12.8902183,80.0850783,0850783,2025-09-04T23:30:06.675108
TN87E6455,353201358042148,0.0,0.01,318.0,03/09/2025 16:59:58,12.8902183,80.0850783,0850783,2025-09-04T23:30:06.675283
TN87E6455,353201358042148,0.0,0.01,321.0,03/09/2025 16:59:53,12.8902183,80.0850783,0850783,2025-09-04T23:30:06.675454
TN87E6455,353201358042148,0.0,0.01,321.0,03/09/2025 16:59:48,12.8902183,80.0850783,0850783,2025-09-04T23:30:06.675636
TN87E6455,353201358042148,0.0,0.01,321.0,03/09/2025 16:59:43,12.8902183,80.0850783,0850783,2025-09-04T23:30:06.675756
TN87E6455,353201358042148,0.0,0.01,321.0,03/09/2025 16:59:38,12.8902183,80.0850766,0850766,2025-09-04T23:30:06.675889
TN87E6455,353201358042148,4.0,0.02,321.0,03/09/2025 16:59:33,12.8902566,80.0850116,0850116,2025-09-04T23:30:06.676053
TN87E6455,353201358042148,0.0,0.02,321.0,03/09/2025 16:59:28,12.8902699,80.0849666,0849666,2025-09-04T23:30:06.676215
TN87E6455,353201358042148,0.0,0.02,323.0,03/09/2025 16:59:23,12.8902883,80.0848566,0848566,2025-09-04T23:30:06.676353
TN87E6455,353201358042148,0.0,0.02,323.0,03/09/2025 16:59:18,12.8902883,80.0848566,0848566,2025-09-04T23:30:06.676463
TN87E6455,353201358042148,0.0,0.02,323.0,03/09/2025 16:59:13,12.8902883,80.0848566,0848566,2025-09-04T23:30:06.676566
TN87E6455,353201358042148,0.0,0.02,323.0,03/09/2025 16:59:08,12.8902883,80.0848566,0848566,2025-09-04T23:30:06.676687
TN87E6455,353201358042148,0.0,0.02,323.0,03/09/2025 16:59:03,12.8902883,80.0848566,0848566,2025-09-04T23:30:06.676815
TN87E6455,353201358042148,0.0,0.02,323.0,03/09/2025 16:58:58,12.8902883,80.0848566,0848566,2025-09-04T23:30:06.676959
TN87E6455,353201358042148,0.0,0.02,322.0,03/09/2025 16:58:53,12.8902883,80.0848566,0848566,2025-09-04T23:30:06.677083
TN87E6455,353201358042148,0.0,0.02,322.0,03/09/2025 16:58:48,12.8902883,80.0848566,0848566,2025-09-04T23:30:06.677250
TN87E6455,353201358042148,0.0,0.02,322.0,03/09/2025 16:58:43,12.8902883,80.0848566,0848566,2025-09-04T23:30:06.677375
TN87E6455,353201358042148,0.0,0.02,322.0,03/09/2025 16:58:38,12.8902883,80.0848566,0848566,2025-09-04T23:30:06.677508
TN87E6455,353201358042148,0.0,0.02,322.0,03/09/2025 16:58:33,12.8902883,80.0848566,0848566,2025-09-04T23:30:06.677624
TN87E6455,353201358042148,0.0,0.02,322.0,03/09/2025 16:58:28,12.8902883,80.0848566,0848566,2025-09-04T23:30:06.677751
TN87E6455,353201358042148,0.0,0.02,321.0,03/09/2025 16:58:23,12.8902883,80.0848566,0848566,2025-09-04T23:30:06.677879
TN87E6455,353201358042148,0.0,0.02,321.0,03/09/2025 16:58:18,12.8902883,80.0848566,0848566,2025-09-04T23:30:06.677996
TN87E6455,353201358042148,0.0,0.02,321.0,03/09/2025 16:58:18,12.8902883,80.0848566,0848566,2025-09-04T23:30:06.678124
TN87E6455,353201358042148,0.0,0.02,318.0,03/09/2025 16:58:03,12.8902883,80.0848566,0848566,2025-09-04T23:30:06.678240
TN87E6455,353201358042148,0.0,0.02,318.0,03/09/2025 16:58:02,12.8902883,80.0848566,0848566,2025-09-04T23:30:06.678377
TN87E6455,353201358042148,0.0,0.02,318.0,03/09/2025 16:57:57,12.8902883,80.0848566,0848566,2025-09-04T23:30:06.678505
TN87E6455,353201358042148,0.0,0.02,318.0,03/09/2025 16:57:52,12.8902883,80.0848566,0848566,2025-09-04T23:30:06.678618
TN87E6455,353201358042148,0.0,0.02,318.0,03/09/2025 16:57:47,12.8902883,80.0848566,0848566,2025-09-04T23:30:06.678745
TN87E6455,353201358042148,0.0,0.02,318.0,03/09/2025 16:57:42,12.8902883,80.0848566,0848566,2025-09-04T23:30:06.678859
TN87E6455,353201358042148,0.0,0.02,318.0,03/09/2025 16:57:37,12.8902883,80.0848566,0848566,2025-09-04T23:30:06.678987
TN87E6455,353201358042148,0.0,0.02,318.0,03/09/2025 16:57:32,12.8902883,80.0848566,0848566,2025-09-04T23:30:06.679103
TN87E6455,353201358042148,0.0,0.02,318.0,03/09/2025 16:57:27,12.8902883,80.0848566,0848566,2025-09-04T23:30:06.679229
TN87E6455,353201358042148,0.0,0.02,318.0,03/09/2025 16:57:22,12.8902883,80.0848566,0848566,2025-09-04T23:30:06.679376
TN87E6455,353201358042148,0.0,0.02,318.0,03/09/2025 16:57:17,12.8902883,80.0848566,0848566,2025-09-04T23:30:06.679516
TN87E6455,353201358042148,0.0,0.02,318.0,03/09/2025 16:57:12,12.8902883,80.0848566,0848566,2025-09-04T23:30:06.679644
TN87E6455,353201358042148,0.0,0.02,318.0,03/09/2025 16:57:07,12.8902883,80.0848566,0848566,2025-09-04T23:30:06.679782
TN87E6455,353201358042148,0.0,0.02,318.0,03/09/2025 16:57:02,12.8902883,80.0848566,0848566,2025-09-04T23:30:06.679932
TN87E6455,353201358042148,0.0,0.02,318.0,03/09/2025 16:56:57,12.8902883,80.0848566,0848566,2025-09-04T23:30:06.680059
TN87E6455,353201358042148,0.0,0.02,320.0,03/09/2025 16:56:52,12.8902883,80.0848566,0848566,2025-09-04T23:30:06.680188
TN87E6455,353201358042148,0.0,0.02,320.0,03/09/2025 16:56:47,12.8902649,80.0847583,0847583,2025-09-04T23:30:06.680337
TN87E6455,353201358042148,0.0,0.02,320.0,03/09/2025 16:56:42,12.8902649,80.0847583,0847583,2025-09-04T23:30:06.680453
TN87E6455,353201358042148,0.0,0.02,320.0,03/09/2025 16:56:37,12.8902649,80.0847583,0847583,2025-09-04T23:30:06.680630
TN87E6455,353201358042148,0.0,0.02,320.0,03/09/2025 16:56:32,12.8902649,80.0847583,0847583,2025-09-04T23:30:06.680781
TN87E6455,353201358042148,0.0,0.02,320.0,03/09/2025 16:56:27,12.8902649,80.0847583,0847583,2025-09-04T23:30:06.680921
TN87E6455,353201358042148,0.0,0.02,322.0,03/09/2025 16:56:22,12.8902649,80.0847583,0847583,2025-09-04T23:30:06.681102
TN87E6455,353201358042148,0.0,0.02,322.0,03/09/2025 16:56:17,12.8902649,80.0847583,0847583,2025-09-04T23:30:06.681585
TN87E6455,353201358042148,0.0,0.02,322.0,03/09/2025 16:56:12,12.8902649,80.0847583,0847583,2025-09-04T23:30:06.681797
TN87E6455,353201358042148,0.0,0.02,322.0,03/09/2025 16:56:07,12.8902649,80.0847583,0847583,2025-09-04T23:30:06.681978
TN87E6455,353201358042148,0.0,0.02,322.0,03/09/2025 16:56:02,12.8902649,80.0847583,0847583,2025-09-04T23:30:06.682138
TN87E6455,353201358042148,0.0,0.02,322.0,03/09/2025 16:55:57,12.8902649,80.0847583,0847583,2025-09-04T23:30:06.682288
TN87E6455,353201358042148,0.0,0.02,321.0,03/09/2025 16:55:52,12.8902649,80.0847583,0847583,2025-09-04T23:30:06.682486
TN87E6455,353201358042148,0.0,0.02,321.0,03/09/2025 16:55:47,12.8902649,80.0847583,0847583,2025-09-04T23:30:06.682722
TN87E6455,353201358042148,0.0,0.02,321.0,03/09/2025 16:55:42,12.8902649,80.0847616,0847616,2025-09-04T23:30:06.683079
TN87E6455,353201358042148,0.0,0.02,321.0,03/09/2025 16:55:37,12.8902233,80.084745,084745,2025-09-04T23:30:06.683258
TN87E6455,353201358042148,0.0,0.02,321.0,03/09/2025 16:55:32,12.8902233,80.084745,084745,2025-09-04T23:30:06.683419
TN87E6455,353201358042148,3.0,0.02,321.0,03/09/2025 16:55:27,12.8902366,80.0847566,0847566,2025-09-04T23:30:06.683568
TN87E6455,353201358042148,0.0,0.02,318.0,03/09/2025 16:55:22,12.8902616,80.0847883,0847883,2025-09-04T23:30:06.683723
TN87E6455,353201358042148,0.0,0.02,318.0,03/09/2025 16:55:17,12.8902616,80.0847883,0847883,2025-09-04T23:30:06.683867
TN87E6455,353201358042148,0.0,0.02,318.0,03/09/2025 16:55:12,12.8902616,80.0847883,0847883,2025-09-04T23:30:06.684017
TN87E6455,353201358042148,0.0,0.02,318.0,03/09/2025 16:55:07,12.8902616,80.0847883,0847883,2025-09-04T23:30:06.684192
TN87E6455,353201358042148,0.0,0.02,318.0,03/09/2025 16:55:02,12.8902616,80.0847883,0847883,2025-09-04T23:30:06.684302
TN87E6455,353201358042148,0.0,0.02,315.0,03/09/2025 16:54:57,12.8902616,80.0847883,0847883,2025-09-04T23:30:06.684422
TN87E6455,353201358042148,0.0,0.02,315.0,03/09/2025 16:54:52,12.8902616,80.0847883,0847883,2025-09-04T23:30:06.684578
TN87E6455,353201358042148,0.0,0.02,315.0,03/09/2025 16:54:47,12.8902616,80.0847883,0847883,2025-09-04T23:30:06.684709
TN87E6455,353201358042148,0.0,0.02,315.0,03/09/2025 16:54:42,12.8902616,80.0847883,0847883,2025-09-04T23:30:06.684853
TN87E6455,353201358042148,0.0,0.02,315.0,03/09/2025 16:54:37,12.8902616,80.0847883,0847883,2025-09-04T23:30:06.684985
TN87E6455,353201358042148,0.0,0.02,315.0,03/09/2025 16:54:32,12.8902616,80.0847883,0847883,2025-09-04T23:30:06.685174
TN87E6455,353201358042148,0.0,0.02,315.0,03/09/2025 16:54:27,12.89026,80.08479,08479,2025-09-04T23:30:06.685333
TN87E6455,353201358042148,0.0,0.02,315.0,03/09/2025 16:54:22,12.8901766,80.0847516,0847516,2025-09-04T23:30:06.685473
TN87E6455,353201358042148,0.0,0.02,315.0,03/09/2025 16:54:17,12.8901766,80.0847516,0847516,2025-09-04T23:30:06.685602
TN87E6455,353201358042148,0.0,0.02,315.0,03/09/2025 16:54:12,12.8901766,80.0847516,0847516,2025-09-04T23:30:06.685792
TN87E6455,353201358042148,0.0,0.02,315.0,03/09/2025 16:54:07,12.8901766,80.0847516,0847516,2025-09-04T23:30:06.685974
TN87E6455,353201358042148,0.0,0.02,315.0,03/09/2025 16:54:02,12.8901766,80.0847516,0847516,2025-09-04T23:30:06.686133
TN87E6455,353201358042148,0.0,0.02,315.0,03/09/2025 16:53:57,12.8901766,80.0847516,0847516,2025-09-04T23:30:06.686260
TN87E6455,353201358042148,0.0,0.02,317.0,03/09/2025 16:53:52,12.8901766,80.0847516,0847516,2025-09-04T23:30:06.686385
TN87E6455,353201358042148,0.0,0.02,317.0,03/09/2025 16:53:47,12.8901766,80.0847516,0847516,2025-09-04T23:30:06.686544
TN87E6455,353201358042148,0.0,0.02,317.0,03/09/2025 16:53:42,12.8901766,80.0847516,0847516,2025-09-04T23:30:06.686679
TN87E6455,353201358042148,0.0,0.02,317.0,03/09/2025 16:53:37,12.8901766,80.0847516,0847516,2025-09-04T23:30:06.686818
TN87E6455,353201358042148,0.0,0.02,317.0,03/09/2025 16:53:32,12.8901766,80.0847516,0847516,2025-09-04T23:30:06.686946
TN87E6455,353201358042148,0.0,0.02,317.0,03/09/2025 16:53:27,12.8901766,80.0847516,0847516,2025-09-04T23:30:06.687072
TN87E6455,353201358042148,0.0,0.02,322.0,03/09/2025 16:53:22,12.8901766,80.0847516,0847516,2025-09-04T23:30:06.687214
TN87E6455,353201358042148,0.0,0.02,322.0,03/09/2025 16:53:17,12.8901766,80.0847516,0847516,2025-09-04T23:30:06.687335
TN87E6455,353201358042148,0.0,0.02,322.0,03/09/2025 16:53:12,12.8901083,80.0846766,0846766,2025-09-04T23:30:06.687464
TN87E6455,353201358042148,0.0,0.02,322.0,03/09/2025 16:53:07,12.8901083,80.0846766,0846766,2025-09-04T23:30:06.687591
TN87E6455,353201358042148,0.0,0.02,322.0,03/09/2025 16:53:02,12.8901083,80.0846766,0846766,2025-09-04T23:30:06.687732
TN87E6455,353201358042148,0.0,0.02,322.0,03/09/2025 16:52:57,12.8901083,80.0846766,0846766,2025-09-04T23:30:06.687854
TN87E6455,353201358042148,0.0,0.02,330.0,03/09/2025 16:52:52,12.8901083,80.0846766,0846766,2025-09-04T23:30:06.687994
TN87E6455,353201358042148,0.0,0.02,330.0,03/09/2025 16:52:47,12.8901083,80.0846766,0846766,2025-09-04T23:30:06.688119
TN87E6455,353201358042148,0.0,0.02,330.0,03/09/2025 16:52:42,12.890195,80.0847166,0847166,2025-09-04T23:30:06.688239
TN87E6455,353201358042148,0.0,0.02,330.0,03/09/2025 16:52:37,12.890195,80.0847166,0847166,2025-09-04T23:30:06.688372
TN87E6455,353201358042148,0.0,0.02,330.0,03/09/2025 16:52:32,12.890195,80.0847166,0847166,2025-09-04T23:30:06.688496
TN87E6455,353201358042148,0.0,0.02,330.0,03/09/2025 16:52:27,12.890195,80.0847166,0847166,2025-09-04T23:30:06.688616
TN87E6455,353201358042148,0.0,0.02,336.0,03/09/2025 16:52:22,12.890195,80.0847166,0847166,2025-09-04T23:30:06.688741
TN87E6455,353201358042148,0.0,0.02,336.0,03/09/2025 16:52:17,12.890195,80.0847166,0847166,2025-09-04T23:30:06.688875
TN87E6455,353201358042148,0.0,0.02,336.0,03/09/2025 16:52:12,12.890195,80.0847166,0847166,2025-09-04T23:30:06.688994
TN87E6455,353201358042148,0.0,0.02,336.0,03/09/2025 16:52:07,12.890195,80.0847166,0847166,2025-09-04T23:30:06.689121
TN87E6455,353201358042148,0.0,0.02,336.0,03/09/2025 16:52:02,12.890195,80.0847166,0847166,2025-09-04T23:30:06.689234
TN87E6455,353201358042148,0.0,0.02,336.0,03/09/2025 16:51:57,12.890195,80.0847166,0847166,2025-09-04T23:30:06.689432
TN87E6455,353201358042148,0.0,0.02,338.0,03/09/2025 16:51:52,12.8901083,80.08467,08467,2025-09-04T23:30:06.689605
TN87E6455,353201358042148,0.0,0.02,338.0,03/09/2025 16:51:47,12.8901083,80.08467,08467,2025-09-04T23:30:06.689776
TN87E6455,353201358042148,0.0,0.02,338.0,03/09/2025 16:51:42,12.8901083,80.08467,08467,2025-09-04T23:30:06.689922
TN87E6455,353201358042148,0.0,0.02,338.0,03/09/2025 16:51:37,12.8901083,80.08467,08467,2025-09-04T23:30:06.690099
TN87E6455,353201358042148,0.0,0.02,338.0,03/09/2025 16:51:32,12.8901083,80.08467,08467,2025-09-04T23:30:06.690286
TN87E6455,353201358042148,0.0,0.02,338.0,03/09/2025 16:51:27,12.8901083,80.08467,08467,2025-09-04T23:30:06.690447
TN87E6455,353201358042148,0.0,0.02,340.0,03/09/2025 16:51:22,12.8901083,80.08467,08467,2025-09-04T23:30:06.690634
TN87E6455,353201358042148,0.0,0.02,340.0,03/09/2025 16:51:17,12.8901116,80.0846733,0846733,2025-09-04T23:30:06.690822
TN87E6455,353201358042148,6.0,0.03,340.0,03/09/2025 16:51:12,12.89016,80.084715,084715,2025-09-04T23:30:06.691001
TN87E6455,353201358042148,6.0,0.03,340.0,03/09/2025 16:51:09,12.8901916,80.0847283,0847283,2025-09-04T23:30:06.691156
TN87E6455,353201358042148,7.0,0.03,340.0,03/09/2025 16:51:08,12.8902049,80.0847283,0847283,2025-09-04T23:30:06.691334
TN87E6455,353201358042148,8.0,0.03,340.0,03/09/2025 16:51:07,12.89022,80.0847283,0847283,2025-09-04T23:30:06.691461
TN87E6455,353201358042148,11.0,0.04,340.0,03/09/2025 16:51:05,12.8902583,80.0847533,0847533,2025-09-04T23:30:06.691562
TN87E6455,353201358042148,8.0,0.04,340.0,03/09/2025 16:51:04,12.8902816,80.0847683,0847683,2025-09-04T23:30:06.691682
TN87E6455,353201358042148,4.0,0.05,340.0,03/09/2025 16:51:01,12.89032,80.0847933,0847933,2025-09-04T23:30:06.691832
TN87E6455,353201358042148,0.0,0.05,340.0,03/09/2025 16:50:56,12.8903733,80.0848283,0848283,2025-09-04T23:30:06.691942
TN87E6455,353201358042148,0.0,0.05,343.0,03/09/2025 16:50:51,12.8903733,80.0848283,0848283,2025-09-04T23:30:06.692067
TN87E6455,353201358042148,0.0,0.05,343.0,03/09/2025 16:50:46,12.8903816,80.0848283,0848283,2025-09-04T23:30:06.692204
TN87E6455,353201358042148,10.0,0.06,343.0,03/09/2025 16:50:42,12.8904316,80.0848516,0848516,2025-09-04T23:30:06.692335
TN87E6455,353201358042148,23.0,0.1,343.0,03/09/2025 16:50:39,12.8905566,80.0848749,0848749,2025-09-04T23:30:06.692455
TN87E6455,353201358042148,31.0,0.14,343.0,03/09/2025 16:50:34,12.890865,80.0850066,0850066,2025-09-04T23:30:06.692600
TN87E6455,353201358042148,41.0,0.2,343.0,03/09/2025 16:50:30,12.8911916,80.0851549,0851549,2025-09-04T23:30:06.692725
TN87E6455,353201358042148,39.0,0.25,343.0,03/09/2025 16:50:25,12.8916566,80.0853966,0853966,2025-09-04T23:30:06.692852
TN87E6455,353201358042148,35.0,0.29,346.0,03/09/2025 16:50:20,12.89209,80.08568,08568,2025-09-04T23:30:06.692980
TN87E6455,353201358042148,25.0,0.31,346.0,03/09/2025 16:50:16,12.89233,80.0858616,0858616,2025-09-04T23:30:06.693128
TN87E6455,353201358042148,15.0,0.32,346.0,03/09/2025 16:50:13,12.8924416,80.0859816,0859816,2025-09-04T23:30:06.693296
TN87E6455,353201358042148,10.0,0.32,346.0,03/09/2025 16:50:11,12.8924833,80.0860583,0860583,2025-09-04T23:30:06.693438
TN87E6455,353201358042148,0.0,0.32,346.0,03/09/2025 16:50:07,12.8925283,80.0860949,0860949,2025-09-04T23:30:06.693575
TN87E6455,353201358042148,8.0,0.34,346.0,03/09/2025 16:50:02,12.8925516,80.0861083,0861083,2025-09-04T23:30:06.693680
TN87E6455,353201358042148,11.0,0.36,346.0,03/09/2025 16:49:57,12.8926883,80.086175,086175,2025-09-04T23:30:06.693797
TN87E6455,353201358042148,19.0,0.39,344.0,03/09/2025 16:49:52,12.8928333,80.0862266,0862266,2025-09-04T23:30:06.693938
TN87E6455,353201358042148,29.0,0.42,344.0,03/09/2025 16:49:47,12.8930833,80.08637,08637,2025-09-04T23:30:06.694065
TN87E6455,353201358042148,40.0,0.47,344.0,03/09/2025 16:49:44,12.8932966,80.0865316,0865316,2025-09-04T23:30:06.694219
TN87E6455,353201358042148,39.0,0.54,344.0,03/09/2025 16:49:39,12.8937116,80.0868533,0868533,2025-09-04T23:30:06.694344
TN87E6455,353201358042148,38.0,0.58,344.0,03/09/2025 16:49:34,12.8941266,80.08721,08721,2025-09-04T23:30:06.694469
TN87E6455,353201358042148,28.0,0.62,344.0,03/09/2025 16:49:29,12.894475,80.0874833,0874833,2025-09-04T23:30:06.694597
TN87E6455,353201358042148,17.0,0.63,344.0,03/09/2025 16:49:24,12.8947216,80.0876733,0876733,2025-09-04T23:30:06.694711
TN87E6455,353201358042148,6.0,0.64,339.0,03/09/2025 16:49:20,12.8948316,80.0877666,0877666,2025-09-04T23:30:06.694803
TN87E6455,353201358042148,3.0,0.65,339.0,03/09/2025 16:49:15,12.8948783,80.087815,087815,2025-09-04T23:30:06.694896
TN87E6455,353201358042148,14.0,0.66,339.0,03/09/2025 16:49:13,12.8948983,80.0878483,0878483,2025-09-04T23:30:06.695004
TN87E6455,353201358042148,26.0,0.68,339.0,03/09/2025 16:49:10,12.895005,80.0879233,0879233,2025-09-04T23:30:06.695210
TN87E6455,353201358042148,36.0,0.74,339.0,03/09/2025 16:49:08,12.8951283,80.0879949,0879949,2025-09-04T23:30:06.695385
TN87E6455,353201358042148,46.0,0.8,339.0,03/09/2025 16:49:03,12.895645,80.08826,08826,2025-09-04T23:30:06.695583
TN87E6455,353201358042148,39.0,0.85,339.0,03/09/2025 16:48:58,12.8960966,80.0886216,0886216,2025-09-04T23:30:06.695779
TN87E6455,353201358042148,29.0,0.89,330.0,03/09/2025 16:48:53,12.8964699,80.0888499,0888499,2025-09-04T23:30:06.695956
TN87E6455,353201358042148,20.0,0.91,330.0,03/09/2025 16:48:48,12.8967616,80.0890433,0890433,2025-09-04T23:30:06.696165
TN87E6455,353201358042148,10.0,0.91,330.0,03/09/2025 16:48:44,12.8968816,80.0891483,0891483,2025-09-04T23:30:06.696382
TN87E6455,353201358042148,14.0,0.94,330.0,03/09/2025 16:48:42,12.8969316,80.0891883,0891883,2025-09-04T23:30:06.696580
TN87E6455,353201358042148,20.0,0.97,330.0,03/09/2025 16:48:37,12.8971083,80.0893433,0893433,2025-09-04T23:30:06.696796
TN87E6455,353201358042148,13.0,0.98,330.0,03/09/2025 16:48:32,12.8972899,80.0894899,0894899,2025-09-04T23:30:06.697123
TN87E6455,353201358042148,6.0,0.98,330.0,03/09/2025 16:48:29,12.8973416,80.089555,089555,2025-09-04T23:30:06.697289
TN87E6455,353201358042148,8.0,0.98,330.0,03/09/2025 16:48:26,12.89738,80.0895966,0895966,2025-09-04T23:30:06.697442
TN87E6455,353201358042148,7.0,0.99,330.0,03/09/2025 16:48:25,12.8973933,80.0896099,0896099,2025-09-04T23:30:06.697579
TN87E6455,353201358042148,6.0,1.0,327.0,03/09/2025 16:48:20,12.8974433,80.0896733,0896733,2025-09-04T23:30:06.697698
TN87E6455,353201358042148,0.0,1.0,327.0,03/09/2025 16:48:15,12.8974799,80.0897083,0897083,2025-09-04T23:30:06.697802
TN87E6455,353201358042148,0.0,1.0,327.0,03/09/2025 16:48:10,12.8975016,80.0897383,0897383,2025-09-04T23:30:06.697921
TN87E6455,353201358042148,8.0,1.01,327.0,03/09/2025 16:48:05,12.89754,80.0897466,0897466,2025-09-04T23:30:06.698050
TN87E6455,353201358042148,9.0,1.01,325.0,03/09/2025 16:48:00,12.8976366,80.0898249,0898249,2025-09-04T23:30:06.698167
TN87E6455,353201358042148,7.0,1.02,325.0,03/09/2025 16:47:59,12.8976533,80.089845,089845,2025-09-04T23:30:06.698293
TN87E6455,353201358042148,4.0,1.03,325.0,03/09/2025 16:47:54,12.89772,80.0898966,0898966,2025-09-04T23:30:06.698408
TN87E6455,353201358042148,4.0,1.03,325.0,03/09/2025 16:47:49,12.8977533,80.0899183,0899183,2025-09-04T23:30:06.698532
TN87E6455,353201358042148,5.0,1.04,325.0,03/09/2025 16:47:44,12.8977933,80.0899533,0899533,2025-09-04T23:30:06.698671
TN87E6455,353201358042148,7.0,1.04,325.0,03/09/2025 16:47:39,12.8978383,80.0899883,0899883,2025-09-04T23:30:06.698789
TN87E6455,353201358042148,5.0,1.06,325.0,03/09/2025 16:47:37,12.897865,80.0900066,0900066,2025-09-04T23:30:06.698916
TN87E6455,353201358042148,9.0,1.06,325.0,03/09/2025 16:47:32,12.8979533,80.0900716,0900716,2025-09-04T23:30:06.699041
TN87E6455,353201358042148,6.0,1.07,325.0,03/09/2025 16:47:30,12.89799,80.0900999,0900999,2025-09-04T23:30:06.699153
TN87E6455,353201358042148,8.0,1.08,325.0,03/09/2025 16:47:27,12.8980266,80.0901316,0901316,2025-09-04T23:30:06.699277
TN87E6455,353201358042148,8.0,1.08,328.0,03/09/2025 16:47:22,12.8981083,80.0901916,0901916,2025-09-04T23:30:06.699427
TN87E6455,353201358042148,6.0,1.09,328.0,03/09/2025 16:47:20,12.8981416,80.0902166,0902166,2025-09-04T23:30:06.699563
TN87E6455,353201358042148,7.0,1.09,328.0,03/09/2025 16:47:17,12.8981866,80.0902533,0902533,2025-09-04T23:30:06.699700
TN87E6455,353201358042148,7.0,1.09,328.0,03/09/2025 16:47:16,12.8982016,80.090265,090265,2025-09-04T23:30:06.699852
TN87E6455,353201358042148,6.0,1.1,328.0,03/09/2025 16:47:14,12.8982283,80.0902833,0902833,2025-09-04T23:30:06.699967
TN87E6455,353201358042148,6.0,1.11,328.0,03/09/2025 16:47:13,12.8982399,80.0902933,0902933,2025-09-04T23:30:06.700098
TN87E6455,353201358042148,11.0,1.12,328.0,03/09/2025 16:47:08,12.8983166,80.0903533,0903533,2025-09-04T23:30:06.700214
TN87E6455,353201358042148,8.0,1.14,328.0,03/09/2025 16:47:03,12.89842,80.0904316,0904316,2025-09-04T23:30:06.700349
TN87E6455,353201358042148,13.0,1.15,328.0,03/09/2025 16:46:58,12.89853,80.0905016,0905016,2025-09-04T23:30:06.700470
TN87E6455,353201358042148,8.0,1.17,328.0,03/09/2025 16:46:53,12.898635,80.0905699,0905699,2025-09-04T23:30:06.700619
TN87E6455,353201358042148,8.0,1.17,329.0,03/09/2025 16:46:52,12.8986533,80.09058,09058,2025-09-04T23:30:06.700782
TN87E6455,353201358042148,11.0,1.18,329.0,03/09/2025 16:46:48,12.8987349,80.0906449,0906449,2025-09-04T23:30:06.700930
TN87E6455,353201358042148,8.0,1.19,329.0,03/09/2025 16:46:43,12.8988533,80.09071,09071,2025-09-04T23:30:06.701084
TN87E6455,353201358042148,7.0,1.19,329.0,03/09/2025 16:46:41,12.8988816,80.09074,09074,2025-09-04T23:30:06.701256
TN87E6455,353201358042148,10.0,1.2,329.0,03/09/2025 16:46:40,12.8988966,80.090755,090755,2025-09-04T23:30:06.701392
TN87E6455,353201358042148,14.0,1.21,329.0,03/09/2025 16:46:38,12.8989483,80.09079,09079,2025-09-04T23:30:06.701521
TN87E6455,353201358042148,19.0,1.22,329.0,03/09/2025 16:46:36,12.8990183,80.0908283,0908283,2025-09-04T23:30:06.701664
TN87E6455,353201358042148,9.0,1.23,329.0,03/09/2025 16:46:32,12.8991433,80.0909183,0909183,2025-09-04T23:30:06.701792
TN87E6455,353201358042148,7.0,1.24,329.0,03/09/2025 16:46:28,12.8991983,80.090965,090965,2025-09-04T23:30:06.701947
TN87E6455,353201358042148,9.0,1.25,327.0,03/09/2025 16:46:23,12.8992883,80.0910083,0910083,2025-09-04T23:30:06.702094
TN87E6455,353201358042148,6.0,1.26,327.0,03/09/2025 16:46:18,12.89939,80.09106,09106,2025-09-04T23:30:06.702268
TN87E6455,353201358042148,0.0,1.26,327.0,03/09/2025 16:46:13,12.8994683,80.0910833,0910833,2025-09-04T23:30:06.702400
TN87E6455,353201358042148,0.0,1.26,327.0,03/09/2025 16:46:08,12.8994816,80.091085,091085,2025-09-04T23:30:06.702541
TN87E6455,353201358042148,4.0,1.28,327.0,03/09/2025 16:46:03,12.8995466,80.0911566,0911566,2025-09-04T23:30:06.702671
TN87E6455,353201358042148,0.0,1.28,327.0,03/09/2025 16:45:58,12.8995483,80.0911666,0911666,2025-09-04T23:30:06.702802
TN87E6455,353201358042148,8.0,1.29,327.0,03/09/2025 16:45:53,12.8996216,80.09122,09122,2025-09-04T23:30:06.702923
TN87E6455,353201358042148,6.0,1.29,324.0,03/09/2025 16:45:52,12.8996399,80.091235,091235,2025-09-04T23:30:06.703049
TN87E6455,353201358042148,4.0,1.29,324.0,03/09/2025 16:45:51,12.8996716,80.0912666,0912666,2025-09-04T23:30:06.703167
TN87E6455,353201358042148,0.0,1.29,324.0,03/09/2025 16:45:46,12.8996716,80.0912666,0912666,2025-09-04T23:30:06.703292
TN87E6455,353201358042148,0.0,1.29,324.0,03/09/2025 16:45:41,12.8996716,80.0912666,0912666,2025-09-04T23:30:06.703407
TN87E6455,353201358042148,0.0,1.29,324.0,03/09/2025 16:45:36,12.8996716,80.0912666,0912666,2025-09-04T23:30:06.703531
TN87E6455,353201358042148,0.0,1.29,324.0,03/09/2025 16:45:31,12.8996716,80.0912666,0912666,2025-09-04T23:30:06.703647
TN87E6455,353201358042148,9.0,1.31,324.0,03/09/2025 16:45:26,12.8997233,80.0913016,0913016,2025-09-04T23:30:06.703782
TN87E6455,353201358042148,14.0,1.33,320.0,03/09/2025 16:45:21,12.8998433,80.0913933,0913933,2025-09-04T23:30:06.703919
TN87E6455,353201358042148,15.0,1.34,320.0,03/09/2025 16:45:16,12.8999916,80.09152,09152,2025-09-04T23:30:06.704075
TN87E6455,353201358042148,12.0,1.35,320.0,03/09/2025 16:45:12,12.9001183,80.091605,091605,2025-09-04T23:30:06.704221
TN87E6455,353201358042148,11.0,1.36,320.0,03/09/2025 16:45:10,12.900165,80.0916466,0916466,2025-09-04T23:30:06.704359
TN87E6455,353201358042148,9.0,1.37,320.0,03/09/2025 16:45:06,12.900265,80.0917099,0917099,2025-09-04T23:30:06.704499
TN87E6455,353201358042148,0.0,1.37,320.0,03/09/2025 16:45:02,12.9002883,80.0917316,0917316,2025-09-04T23:30:06.704624
TN87E6455,353201358042148,0.0,1.37,320.0,03/09/2025 16:44:57,12.9002883,80.0917316,0917316,2025-09-04T23:30:06.704759
TN87E6455,353201358042148,0.0,1.37,320.0,03/09/2025 16:44:52,12.9002883,80.0917316,0917316,2025-09-04T23:30:06.704901
TN87E6455,353201358042148,6.0,1.37,320.0,03/09/2025 16:44:47,12.9002933,80.0917683,0917683,2025-09-04T23:30:06.705037
TN87E6455,353201358042148,5.0,1.39,320.0,03/09/2025 16:44:42,12.9003483,80.0917983,0917983,2025-09-04T23:30:06.705179
TN87E6455,353201358042148,11.0,1.41,320.0,03/09/2025 16:44:37,12.9004333,80.09186,09186,2025-09-04T23:30:06.705334
TN87E6455,353201358042148,15.0,1.43,320.0,03/09/2025 16:44:32,12.90059,80.0919616,0919616,2025-09-04T23:30:06.705560
TN87E6455,353201358042148,22.0,1.46,321.0,03/09/2025 16:44:27,12.9008083,80.09208,09208,2025-09-04T23:30:06.705776
TN87E6455,353201358042148,15.0,1.47,321.0,03/09/2025 16:44:22,12.90105,80.0922083,0922083,2025-09-04T23:30:06.705970
TN87E6455,353201358042148,9.0,1.48,321.0,03/09/2025 16:44:19,12.9011216,80.0922616,0922616,2025-09-04T23:30:06.706150
TN87E6455,353201358042148,7.0,1.48,321.0,03/09/2025 16:44:16,12.9011733,80.0922966,0922966,2025-09-04T23:30:06.706296
TN87E6455,353201358042148,4.0,1.49,321.0,03/09/2025 16:44:15,12.9011883,80.0923066,0923066,2025-09-04T23:30:06.706429
TN87E6455,353201358042148,6.0,1.49,321.0,03/09/2025 16:44:10,12.9012133,80.0923633,0923633,2025-09-04T23:30:06.706534
TN87E6455,353201358042148,6.0,1.5,321.0,03/09/2025 16:44:08,12.9012433,80.0923783,0923783,2025-09-04T23:30:06.706657
TN87E6455,353201358042148,0.0,1.5,321.0,03/09/2025 16:44:05,12.901265,80.0923916,0923916,2025-09-04T23:30:06.706785
TN87E6455,353201358042148,0.0,1.5,321.0,03/09/2025 16:44:00,12.901265,80.0923916,0923916,2025-09-04T23:30:06.706925
TN87E6455,353201358042148,0.0,1.5,321.0,03/09/2025 16:43:55,12.901265,80.0923916,0923916,2025-09-04T23:30:06.707060
TN87E6455,353201358042148,6.0,1.5,321.0,03/09/2025 16:43:50,12.9012683,80.0924033,0924033,2025-09-04T23:30:06.707164
TN87E6455,353201358042148,11.0,1.52,321.0,03/09/2025 16:43:49,12.9012783,80.09242,09242,2025-09-04T23:30:06.707283
TN87E6455,353201358042148,17.0,1.54,321.0,03/09/2025 16:43:44,12.901445,80.0925649,0925649,2025-09-04T23:30:06.707425
TN87E6455,353201358042148,9.0,1.55,321.0,03/09/2025 16:43:39,12.901615,80.0926433,0926433,2025-09-04T23:30:06.707555
TN87E6455,353201358042148,9.0,1.55,321.0,03/09/2025 16:43:38,12.9016366,80.0926533,0926533,2025-09-04T23:30:06.707677
TN87E6455,353201358042148,7.0,1.56,321.0,03/09/2025 16:43:36,12.9016733,80.0926683,0926683,2025-09-04T23:30:06.707819
TN87E6455,353201358042148,6.0,1.56,321.0,03/09/2025 16:43:32,12.9017266,80.09268,09268,2025-09-04T23:30:06.707958
TN87E6455,353201358042148,8.0,1.57,321.0,03/09/2025 16:43:30,12.90175,80.0926916,0926916,2025-09-04T23:30:06.708064
TN87E6455,353201358042148,21.0,1.62,321.0,03/09/2025 16:43:26,12.901855,80.09277,09277,2025-09-04T23:30:06.708162
TN87E6455,353201358042148,34.0,1.67,321.0,03/09/2025 16:43:21,12.9021483,80.0930083,0930083,2025-09-04T23:30:06.708297
TN87E6455,353201358042148,41.0,1.72,321.0,03/09/2025 16:43:16,12.9024816,80.0933616,0933616,2025-09-04T23:30:06.708497
TN87E6455,353201358042148,52.0,1.8,321.0,03/09/2025 16:43:12,12.9028449,80.0936983,0936983,2025-09-04T23:30:06.708645
TN87E6455,353201358042148,48.0,1.86,321.0,03/09/2025 16:43:07,12.90333,80.0941466,0941466,2025-09-04T23:30:06.708774
TN87E6455,353201358042148,45.0,1.92,321.0,03/09/2025 16:43:02,12.90382,80.094505,094505,2025-09-04T23:30:06.708928
TN87E6455,353201358042148,40.0,1.98,321.0,03/09/2025 16:42:57,12.904225,80.0948833,0948833,2025-09-04T23:30:06.709110
TN87E6455,353201358042148,36.0,2.03,321.0,03/09/2025 16:42:52,12.9045916,80.0952416,0952416,2025-09-04T23:30:06.709308
TN87E6455,353201358042148,27.0,2.06,321.0,03/09/2025 16:42:47,12.9049266,80.095495,095495,2025-09-04T23:30:06.709498
TN87E6455,353201358042148,18.0,2.08,321.0,03/09/2025 16:42:42,12.9051683,80.095695,095695,2025-09-04T23:30:06.709691
TN87E6455,353201358042148,7.0,2.08,321.0,03/09/2025 16:42:39,12.9052883,80.0958183,0958183,2025-09-04T23:30:06.709894
TN87E6455,353201358042148,0.0,2.08,321.0,03/09/2025 16:42:36,12.9052883,80.0958183,0958183,2025-09-04T23:30:06.710064
TN87E6455,353201358042148,7.0,2.09,321.0,03/09/2025 16:42:31,12.90532,80.0958333,0958333,2025-09-04T23:30:06.710215
TN87E6455,353201358042148,0.0,2.09,321.0,03/09/2025 16:42:21,12.9054116,80.0958683,0958683,2025-09-04T23:30:06.710348
TN87E6455,353201358042148,3.0,2.09,321.0,03/09/2025 16:42:19,12.9054433,80.0958366,0958366,2025-09-04T23:30:06.710468
TN87E6455,353201358042148,0.0,2.09,321.0,03/09/2025 16:42:14,12.9054433,80.0958366,0958366,2025-09-04T23:30:06.710602
TN87E6455,353201358042148,0.0,2.09,321.0,03/09/2025 16:42:09,12.9054433,80.0958366,0958366,2025-09-04T23:30:06.710815
TN87E6455,353201358042148,0.0,2.09,321.0,03/09/2025 16:42:04,12.9054433,80.0958366,0958366,2025-09-04T23:30:06.710998
TN87E6455,353201358042148,0.0,2.09,321.0,03/09/2025 16:41:59,12.9054433,80.0958366,0958366,2025-09-04T23:30:06.711182
TN87E6455,353201358042148,0.0,2.09,321.0,03/09/2025 16:41:54,12.9054433,80.0958366,0958366,2025-09-04T23:30:06.711341
TN87E6455,353201358042148,0.0,2.09,322.0,03/09/2025 16:41:49,12.9054433,80.0958366,0958366,2025-09-04T23:30:06.711503
TN87E6455,353201358042148,0.0,2.09,322.0,03/09/2025 16:41:44,12.9054433,80.0958366,0958366,2025-09-04T23:30:06.711670
TN87E6455,353201358042148,0.0,2.09,322.0,03/09/2025 16:41:39,12.9054433,80.0958366,0958366,2025-09-04T23:30:06.711834
TN87E6455,353201358042148,0.0,2.09,322.0,03/09/2025 16:41:34,12.9054433,80.0958366,0958366,2025-09-04T23:30:06.711982
TN87E6455,353201358042148,0.0,2.09,325.0,03/09/2025 16:41:29,12.9054433,80.0958366,0958366,2025-09-04T23:30:06.712131
TN87E6455,353201358042148,0.0,2.09,325.0,03/09/2025 16:41:24,12.9054433,80.0958366,0958366,2025-09-04T23:30:06.712278
TN87E6455,353201358042148,0.0,2.09,325.0,03/09/2025 16:41:19,12.9054433,80.0958366,0958366,2025-09-04T23:30:06.712446
TN87E6455,353201358042148,3.0,2.1,325.0,03/09/2025 16:41:14,12.9054466,80.0958299,0958299,2025-09-04T23:30:06.712604
TN87E6455,353201358042148,13.0,2.12,325.0,03/09/2025 16:41:11,12.9054983,80.095855,095855,2025-09-04T23:30:06.712716
TN87E6455,353201358042148,24.0,2.16,325.0,03/09/2025 16:41:06,12.9057,80.09595,09595,2025-09-04T23:30:06.712817
TN87E6455,353201358042148,30.0,2.19,325.0,03/09/2025 16:41:01,12.90602,80.096125,096125,2025-09-04T23:30:06.712933
TN87E6455,353201358042148,24.0,2.22,327.0,03/09/2025 16:40:57,12.9062383,80.096275,096275,2025-09-04T23:30:06.713064
TN87E6455,353201358042148,35.0,2.27,327.0,03/09/2025 16:40:54,12.9064,80.096435,096435,2025-09-04T23:30:06.713197
TN87E6455,353201358042148,41.0,2.33,327.0,03/09/2025 16:40:49,12.9067766,80.0967599,0967599,2025-09-04T23:30:06.713314
TN87E6455,353201358042148,42.0,2.39,327.0,03/09/2025 16:40:44,12.9072033,80.0970933,0970933,2025-09-04T23:30:06.713443
TN87E6455,353201358042148,38.0,2.44,327.0,03/09/2025 16:40:39,12.9075849,80.0974233,0974233,2025-09-04T23:30:06.713550
TN87E6455,353201358042148,34.0,2.48,327.0,03/09/2025 16:40:34,12.9079483,80.0977233,0977233,2025-09-04T23:30:06.713672
TN87E6455,353201358042148,26.0,2.51,327.0,03/09/2025 16:40:29,12.9082566,80.097955,097955,2025-09-04T23:30:06.713832
TN87E6455,353201358042148,16.0,2.53,323.0,03/09/2025 16:40:24,12.9084733,80.0981366,0981366,2025-09-04T23:30:06.713990
TN87E6455,353201358042148,6.0,2.53,323.0,03/09/2025 16:40:20,12.9085633,80.0982266,0982266,2025-09-04T23:30:06.714161
TN87E6455,353201358042148,0.0,2.53,323.0,03/09/2025 16:40:15,12.90859,80.098255,098255,2025-09-04T23:30:06.714318
TN87E6455,353201358042148,0.0,2.53,323.0,03/09/2025 16:40:10,12.90859,80.098255,098255,2025-09-04T23:30:06.714457
TN87E6455,353201358042148,8.0,2.53,323.0,03/09/2025 16:40:05,12.9085966,80.0982816,0982816,2025-09-04T23:30:06.714578
TN87E6455,353201358042148,11.0,2.55,323.0,03/09/2025 16:40:03,12.90863,80.0983183,0983183,2025-09-04T23:30:06.714703
TN87E6455,353201358042148,11.0,2.57,323.0,03/09/2025 16:39:58,12.9087216,80.0984116,0984116,2025-09-04T23:30:06.714831
TN87E6455,353201358042148,13.0,2.59,323.0,03/09/2025 16:39:53,12.9088383,80.0985383,0985383,2025-09-04T23:30:06.714958
TN87E6455,353201358042148,15.0,2.61,317.0,03/09/2025 16:39:48,12.90894,80.0986816,0986816,2025-09-04T23:30:06.715135
TN87E6455,353201358042148,11.0,2.63,317.0,03/09/2025 16:39:43,12.9090316,80.0988333,0988333,2025-09-04T23:30:06.715283
TN87E6455,353201358042148,16.0,2.66,317.0,03/09/2025 16:39:38,12.9091549,80.0990216,0990216,2025-09-04T23:30:06.715421
TN87E6455,353201358042148,5.0,2.66,317.0,03/09/2025 16:39:33,12.9092616,80.0992283,0992283,2025-09-04T23:30:06.715578
TN87E6455,353201358042148,0.0,2.66,317.0,03/09/2025 16:39:28,12.9092616,80.0992283,0992283,2025-09-04T23:30:06.715715
TN87E6455,353201358042148,0.0,2.66,317.0,03/09/2025 16:39:23,12.9092616,80.0992283,0992283,2025-09-04T23:30:06.715878
TN87E6455,353201358042148,0.0,2.66,312.0,03/09/2025 16:39:18,12.9092616,80.0992283,0992283,2025-09-04T23:30:06.716045
TN87E6455,353201358042148,0.0,2.66,312.0,03/09/2025 16:39:13,12.9092616,80.0992283,0992283,2025-09-04T23:30:06.716207
TN87E6455,353201358042148,0.0,2.66,312.0,03/09/2025 16:39:08,12.9092616,80.0992283,0992283,2025-09-04T23:30:06.716353
TN87E6455,353201358042148,8.0,2.67,312.0,03/09/2025 16:39:03,12.9092766,80.0992533,0992533,2025-09-04T23:30:06.716477
TN87E6455,353201358042148,12.0,2.7,312.0,03/09/2025 16:38:58,12.9093383,80.0993649,0993649,2025-09-04T23:30:06.716579
TN87E6455,353201358042148,23.0,2.73,307.0,03/09/2025 16:38:53,12.9094683,80.0995833,0995833,2025-09-04T23:30:06.716677
TN87E6455,353201358042148,26.0,2.77,307.0,03/09/2025 16:38:48,12.9096116,80.09986,09986,2025-09-04T23:30:06.716788
TN87E6455,353201358042148,23.0,2.79,307.0,03/09/2025 16:38:43,12.9097499,80.1001516,1001516,2025-09-04T23:30:06.716915
TN87E6455,353201358042148,16.0,2.82,307.0,03/09/2025 16:38:38,12.9098449,80.1003716,1003716,2025-09-04T23:30:06.717037
TN87E6455,353201358042148,21.0,2.85,307.0,03/09/2025 16:38:33,12.9099566,80.1005583,1005583,2025-09-04T23:30:06.717213
TN87E6455,353201358042148,26.0,2.88,307.0,03/09/2025 16:38:29,12.9101066,80.1007683,1007683,2025-09-04T23:30:06.717346
TN87E6455,353201358042148,33.0,2.93,307.0,03/09/2025 16:38:24,12.9103783,80.1010083,1010083,2025-09-04T23:30:06.717474
TN87E6455,353201358042148,30.0,2.97,311.0,03/09/2025 16:38:19,12.9107183,80.1012466,1012466,2025-09-04T23:30:06.717625
TN87E6455,353201358042148,31.0,3.0,311.0,03/09/2025 16:38:14,12.9110566,80.1014333,1014333,2025-09-04T23:30:06.717761
TN87E6455,353201358042148,30.0,3.09,311.0,03/09/2025 16:38:11,12.911275,80.10151,10151,2025-09-04T23:30:06.717892
TN87E6455,353201358042148,33.0,3.19,311.0,03/09/2025 16:38:06,12.9116616,80.1015833,1015833,2025-09-04T23:30:06.718008
TN87E6455,353201358042148,34.0,3.24,311.0,03/09/2025 16:38:01,12.91208,80.1016549,1016549,2025-09-04T23:30:06.718127
TN87E6455,353201358042148,37.0,3.29,311.0,03/09/2025 16:37:56,12.912555,80.10171,10171,2025-09-04T23:30:06.718244
TN87E6455,353201358042148,36.0,3.33,317.0,03/09/2025 16:37:51,12.9130199,80.1016599,1016599,2025-09-04T23:30:06.718369
TN87E6455,353201358042148,34.0,3.36,317.0,03/09/2025 16:37:47,12.9133799,80.1016749,1016749,2025-09-04T23:30:06.718492
TN87E6455,353201358042148,33.0,3.39,317.0,03/09/2025 16:37:44,12.9136316,80.1017383,1017383,2025-09-04T23:30:06.718618
TN87E6455,353201358042148,32.0,3.4,317.0,03/09/2025 16:37:41,12.9138483,80.1018766,1018766,2025-09-04T23:30:06.718735
TN87E6455,353201358042148,32.0,3.45,317.0,03/09/2025 16:37:39,12.913965,80.101995,101995,2025-09-04T23:30:06.718858
TN87E6455,353201358042148,32.0,3.49,317.0,03/09/2025 16:37:34,12.9141966,80.1023283,1023283,2025-09-04T23:30:06.718968
TN87E6455,353201358042148,31.0,3.54,317.0,03/09/2025 16:37:29,12.9144199,80.10267,10267,2025-09-04T23:30:06.719120
TN87E6455,353201358042148,40.0,3.6,317.0,03/09/2025 16:37:24,12.9146866,80.10303,10303,2025-09-04T23:30:06.719235
TN87E6455,353201358042148,41.0,3.66,323.0,03/09/2025 16:37:19,12.9149583,80.103525,103525,2025-09-04T23:30:06.719352
TN87E6455,353201358042148,43.0,3.73,323.0,03/09/2025 16:37:14,12.9152083,80.1039849,1039849,2025-09-04T23:30:06.719505
TN87E6455,353201358042148,44.0,3.78,323.0,03/09/2025 16:37:09,12.9154633,80.1045316,1045316,2025-09-04T23:30:06.719632
TN87E6455,353201358042148,43.0,3.84,323.0,03/09/2025 16:37:04,12.9157333,80.10499,10499,2025-09-04T23:30:06.719755
TN87E6455,353201358042148,37.0,3.89,323.0,03/09/2025 16:36:59,12.91597,80.1054566,1054566,2025-09-04T23:30:06.719855
TN87E6455,353201358042148,32.0,3.93,323.0,03/09/2025 16:36:54,12.9161733,80.1058366,1058366,2025-09-04T23:30:06.719996
TN87E6455,353201358042148,28.0,3.97,327.0,03/09/2025 16:36:49,12.9163816,80.1061716,1061716,2025-09-04T23:30:06.720110
TN87E6455,353201358042148,24.0,4.0,327.0,03/09/2025 16:36:44,12.9165499,80.1064799,1064799,2025-09-04T23:30:06.720263
TN87E6455,353201358042148,15.0,4.01,327.0,03/09/2025 16:36:39,12.9166766,80.1067116,1067116,2025-09-04T23:30:06.720401
TN87E6455,353201358042148,11.0,4.01,327.0,03/09/2025 16:36:37,12.9167033,80.1067799,1067799,2025-09-04T23:30:06.720590
TN87E6455,353201358042148,6.0,4.01,327.0,03/09/2025 16:36:35,12.9167216,80.1068249,1068249,2025-09-04T23:30:06.720755
TN87E6455,353201358042148,5.0,4.02,327.0,03/09/2025 16:36:34,12.9167266,80.1068366,1068366,2025-09-04T23:30:06.720873
TN87E6455,353201358042148,6.0,4.02,327.0,03/09/2025 16:36:29,12.916755,80.106905,106905,2025-09-04T23:30:06.721084
TN87E6455,353201358042148,7.0,4.03,327.0,03/09/2025 16:36:28,12.9167666,80.106925,106925,2025-09-04T23:30:06.721281
TN87E6455,353201358042148,0.0,4.03,334.0,03/09/2025 16:36:23,12.916755,80.1069783,1069783,2025-09-04T23:30:06.721487
TN87E6455,353201358042148,0.0,4.03,334.0,03/09/2025 16:36:18,12.916755,80.1069783,1069783,2025-09-04T23:30:06.721663
TN87E6455,353201358042148,0.0,4.03,334.0,03/09/2025 16:36:13,12.916755,80.1069783,1069783,2025-09-04T23:30:06.721860
TN87E6455,353201358042148,0.0,4.03,334.0,03/09/2025 16:36:08,12.9167533,80.1069749,1069749,2025-09-04T23:30:06.722029
TN87E6455,353201358042148,12.0,4.06,334.0,03/09/2025 16:36:05,12.9167833,80.1070216,1070216,2025-09-04T23:30:06.722187
TN87E6455,353201358042148,22.0,4.09,334.0,03/09/2025 16:36:00,12.9169233,80.107235,107235,2025-09-04T23:30:06.722374
TN87E6455,353201358042148,22.0,4.11,334.0,03/09/2025 16:35:55,12.9170499,80.107475,107475,2025-09-04T23:30:06.722551
TN87E6455,353201358042148,15.0,4.12,339.0,03/09/2025 16:35:50,12.9171633,80.1076716,1076716,2025-09-04T23:30:06.722735
TN87E6455,353201358042148,5.0,4.14,339.0,03/09/2025 16:35:45,12.9172149,80.1077583,1077583,2025-09-04T23:30:06.722944
TN87E6455,353201358042148,4.0,4.16,339.0,03/09/2025 16:35:40,12.9172333,80.1078083,1078083,2025-09-04T23:30:06.723143
TN87E6455,353201358042148,16.0,4.17,339.0,03/09/2025 16:35:37,12.9172716,80.1078616,1078616,2025-09-04T23:30:06.723312
TN87E6455,353201358042148,27.0,4.22,339.0,03/09/2025 16:35:33,12.9173983,80.108015,108015,2025-09-04T23:30:06.723482
TN87E6455,353201358042148,35.0,4.26,339.0,03/09/2025 16:35:28,12.917665,80.1083316,1083316,2025-09-04T23:30:06.723652
TN87E6455,353201358042148,45.0,4.3,339.0,03/09/2025 16:35:24,12.917935,80.1086366,1086366,2025-09-04T23:30:06.723792
TN87E6455,353201358042148,56.0,4.38,342.0,03/09/2025 16:35:21,12.918205,80.1089216,1089216,2025-09-04T23:30:06.723935
TN87E6455,353201358042148,58.0,4.46,342.0,03/09/2025 16:35:16,12.9186616,80.109465,109465,2025-09-04T23:30:06.724084
TN87E6455,353201358042148,57.0,4.54,342.0,03/09/2025 16:35:11,12.919105,80.110055,110055,2025-09-04T23:30:06.724264
TN87E6455,353201358042148,55.0,4.62,342.0,03/09/2025 16:35:06,12.9195549,80.1106233,1106233,2025-09-04T23:30:06.724405
TN87E6455,353201358042148,51.0,4.69,342.0,03/09/2025 16:35:01,12.9200116,80.1111483,1111483,2025-09-04T23:30:06.724534
TN87E6455,353201358042148,47.0,4.75,342.0,03/09/2025 16:34:56,12.9204283,80.11163,11163,2025-09-04T23:30:06.724681
TN87E6455,353201358042148,43.0,4.81,343.0,03/09/2025 16:34:51,12.9208249,80.1120883,1120883,2025-09-04T23:30:06.724819
TN87E6455,353201358042148,43.0,4.87,343.0,03/09/2025 16:34:46,12.9211966,80.1124733,1124733,2025-09-04T23:30:06.724975
TN87E6455,353201358042148,48.0,4.95,343.0,03/09/2025 16:34:41,12.92153,80.112905,112905,2025-09-04T23:30:06.725159
TN87E6455,353201358042148,50.0,5.01,343.0,03/09/2025 16:34:36,12.9220066,80.1133716,1133716,2025-09-04T23:30:06.725325
TN87E6455,353201358042148,51.0,5.09,343.0,03/09/2025 16:34:31,12.9224233,80.1138133,1138133,2025-09-04T23:30:06.725488
TN87E6455,353201358042148,48.0,5.15,343.0,03/09/2025 16:34:26,12.9229033,80.1142666,1142666,2025-09-04T23:30:06.725665
TN87E6455,353201358042148,41.0,5.18,344.0,03/09/2025 16:34:21,12.9233233,80.11472,11472,2025-09-04T23:30:06.725836
TN87E6455,353201358042148,31.0,5.23,344.0,03/09/2025 16:34:18,12.92353,80.1149133,1149133,2025-09-04T23:30:06.725989
TN87E6455,353201358042148,21.0,5.25,344.0,03/09/2025 16:34:13,12.9237816,80.115185,115185,2025-09-04T23:30:06.726148
TN87E6455,353201358042148,9.0,5.26,344.0,03/09/2025 16:34:08,12.92391,80.1153416,1153416,2025-09-04T23:30:06.726312
TN87E6455,353201358042148,6.0,5.26,344.0,03/09/2025 16:34:07,12.9239199,80.1153616,1153616,2025-09-04T23:30:06.726458
TN87E6455,353201358042148,6.0,5.26,344.0,03/09/2025 16:34:06,12.9239316,80.11538,11538,2025-09-04T23:30:06.726582
TN87E6455,353201358042148,9.0,5.29,344.0,03/09/2025 16:34:05,12.9239466,80.115395,115395,2025-09-04T23:30:06.726716
TN87E6455,353201358042148,20.0,5.3,344.0,03/09/2025 16:34:00,12.9240933,80.11559,11559,2025-09-04T23:30:06.726854
TN87E6455,353201358042148,20.0,5.3,344.0,03/09/2025 16:33:59,12.9241333,80.1156283,1156283,2025-09-04T23:30:06.727012
TN87E6455,353201358042148,21.0,5.31,344.0,03/09/2025 16:33:58,12.92418,80.115655,115655,2025-09-04T23:30:06.727147
TN87E6455,353201358042148,21.0,5.31,343.0,03/09/2025 16:33:57,12.9242349,80.1156683,1156683,2025-09-04T23:30:06.727295
TN87E6455,353201358042148,21.0,5.32,343.0,03/09/2025 16:33:56,12.92429,80.1156683,1156683,2025-09-04T23:30:06.727433
TN87E6455,353201358042148,20.0,5.33,343.0,03/09/2025 16:33:55,12.9243433,80.1156533,1156533,2025-09-04T23:30:06.727569
TN87E6455,353201358042148,19.0,5.33,343.0,03/09/2025 16:33:54,12.9243866,80.11563,11563,2025-09-04T23:30:06.727705
TN87E6455,353201358042148,17.0,5.34,343.0,03/09/2025 16:33:53,12.9244233,80.1156,1156,2025-09-04T23:30:06.727853
TN87E6455,353201358042148,16.0,5.34,343.0,03/09/2025 16:33:52,12.9244416,80.1155616,1155616,2025-09-04T23:30:06.727998
TN87E6455,353201358042148,15.0,5.35,343.0,03/09/2025 16:33:51,12.92445,80.115515,115515,2025-09-04T23:30:06.728135
TN87E6455,353201358042148,14.0,5.35,343.0,03/09/2025 16:33:50,12.924445,80.1154766,1154766,2025-09-04T23:30:06.728277
TN87E6455,353201358042148,15.0,5.36,343.0,03/09/2025 16:33:49,12.9244316,80.1154449,1154449,2025-09-04T23:30:06.728418
TN87E6455,353201358042148,15.0,5.37,343.0,03/09/2025 16:33:46,12.9243666,80.1153633,1153633,2025-09-04T23:30:06.728573
TN87E6455,353201358042148,10.0,5.37,343.0,03/09/2025 16:33:44,12.9243266,80.11531,11531,2025-09-04T23:30:06.728714
TN87E6455,353201358042148,7.0,5.4,343.0,03/09/2025 16:33:43,12.9243233,80.1152933,1152933,2025-09-04T23:30:06.728860
TN87E6455,353201358042148,0.0,5.4,343.0,03/09/2025 16:33:39,12.924315,80.1152533,1152533,2025-09-04T23:30:06.729000
TN87E6455,353201358042148,8.0,5.41,343.0,03/09/2025 16:33:34,12.9243099,80.1152,1152,2025-09-04T23:30:06.729151
TN87E6455,353201358042148,6.0,5.42,343.0,03/09/2025 16:33:29,12.9243216,80.1150999,1150999,2025-09-04T23:30:06.729317
TN87E6455,353201358042148,7.0,5.42,343.0,03/09/2025 16:33:27,12.92433,80.1150666,1150666,2025-09-04T23:30:06.729471
TN87E6455,353201358042148,8.0,5.43,343.0,03/09/2025 16:33:25,12.9243366,80.1150166,1150166,2025-09-04T23:30:06.729611
TN87E6455,353201358042148,12.0,5.44,342.0,03/09/2025 16:33:20,12.9243633,80.1148883,1148883,2025-09-04T23:30:06.729771
TN87E6455,353201358042148,22.0,5.48,342.0,03/09/2025 16:33:16,12.9244016,80.1147283,1147283,2025-09-04T23:30:06.729886
TN87E6455,353201358042148,30.0,5.52,342.0,03/09/2025 16:33:11,12.924475,80.1143783,1143783,2025-09-04T23:30:06.730004
TN87E6455,353201358042148,30.0,5.57,342.0,03/09/2025 16:33:06,12.9245483,80.1140066,1140066,2025-09-04T23:30:06.730156
TN87E6455,353201358042148,32.0,5.62,342.0,03/09/2025 16:33:01,12.9246266,80.1136033,1136033,2025-09-04T23:30:06.730303
TN87E6455,353201358042148,33.0,5.66,342.0,03/09/2025 16:32:56,12.9246966,80.1131666,1131666,2025-09-04T23:30:06.730413
TN87E6455,353201358042148,30.0,5.7,340.0,03/09/2025 16:32:51,12.9247566,80.1127566,1127566,2025-09-04T23:30:06.730526
TN87E6455,353201358042148,26.0,5.74,340.0,03/09/2025 16:32:46,12.9247916,80.1123833,1123833,2025-09-04T23:30:06.730672
TN87E6455,353201358042148,27.0,5.77,340.0,03/09/2025 16:32:41,12.9248416,80.1120366,1120366,2025-09-04T23:30:06.730846
TN87E6455,353201358042148,25.0,5.81,340.0,03/09/2025 16:32:36,12.9248699,80.1117233,1117233,2025-09-04T23:30:06.731030
TN87E6455,353201358042148,27.0,5.85,340.0,03/09/2025 16:32:31,12.9249366,80.1114083,1114083,2025-09-04T23:30:06.731189
TN87E6455,353201358042148,29.0,5.9,340.0,03/09/2025 16:32:26,12.9249916,80.11101,11101,2025-09-04T23:30:06.731369
TN87E6455,353201358042148,31.0,5.94,340.0,03/09/2025 16:32:21,12.9250766,80.1106116,1106116,2025-09-04T23:30:06.731537
TN87E6455,353201358042148,24.0,5.97,340.0,03/09/2025 16:32:16,12.9251483,80.1102416,1102416,2025-09-04T23:30:06.731700
TN87E6455,353201358042148,15.0,5.98,340.0,03/09/2025 16:32:11,12.9251916,80.1099733,1099733,2025-09-04T23:30:06.731811
TN87E6455,353201358042148,6.0,5.99,340.0,03/09/2025 16:32:06,12.9252116,80.1098633,1098633,2025-09-04T23:30:06.731913
TN87E6455,353201358042148,5.0,5.99,340.0,03/09/2025 16:32:01,12.92522,80.1097916,1097916,2025-09-04T23:30:06.732031
TN87E6455,353201358042148,6.0,6.0,340.0,03/09/2025 16:31:56,12.9252216,80.109735,109735,2025-09-04T23:30:06.732158
TN87E6455,353201358042148,12.0,6.01,340.0,03/09/2025 16:31:54,12.9252216,80.1097033,1097033,2025-09-04T23:30:06.732279
TN87E6455,353201358042148,24.0,6.05,340.0,03/09/2025 16:31:51,12.9252133,80.1095716,1095716,2025-09-04T23:30:06.732426
TN87E6455,353201358042148,32.0,6.1,342.0,03/09/2025 16:31:46,12.9252516,80.109225,109225,2025-09-04T23:30:06.732536
TN87E6455,353201358042148,36.0,6.15,342.0,03/09/2025 16:31:41,12.9253166,80.1087933,1087933,2025-09-04T23:30:06.732639
TN87E6455,353201358042148,39.0,6.21,342.0,03/09/2025 16:31:36,12.92539,80.1083066,1083066,2025-09-04T23:30:06.732776
TN87E6455,353201358042148,37.0,6.26,342.0,03/09/2025 16:31:31,12.925525,80.1077866,1077866,2025-09-04T23:30:06.732896
TN87E6455,353201358042148,33.0,6.3,342.0,03/09/2025 16:31:26,12.925625,80.1073233,1073233,2025-09-04T23:30:06.733017
TN87E6455,353201358042148,27.0,6.34,342.0,03/09/2025 16:31:21,12.9257033,80.106915,106915,2025-09-04T23:30:06.733188
TN87E6455,353201358042148,17.0,6.36,342.0,03/09/2025 16:31:16,12.9257733,80.1066249,1066249,2025-09-04T23:30:06.733331
TN87E6455,353201358042148,15.0,6.37,342.0,03/09/2025 16:31:15,12.9257833,80.106585,106585,2025-09-04T23:30:06.733433
TN87E6455,353201358042148,7.0,6.37,342.0,03/09/2025 16:31:11,12.9258566,80.1064766,1064766,2025-09-04T23:30:06.733552
TN87E6455,353201358042148,5.0,6.38,342.0,03/09/2025 16:31:09,12.9258816,80.106445,106445,2025-09-04T23:30:06.733679
TN87E6455,353201358042148,7.0,6.39,342.0,03/09/2025 16:31:04,12.925905,80.1063383,1063383,2025-09-04T23:30:06.733804
TN87E6455,353201358042148,9.0,6.4,342.0,03/09/2025 16:31:01,12.925905,80.1062716,1062716,2025-09-04T23:30:06.733928
TN87E6455,353201358042148,9.0,6.41,342.0,03/09/2025 16:30:56,12.9258799,80.106135,106135,2025-09-04T23:30:06.734066
TN87E6455,353201358042148,0.0,6.41,341.0,03/09/2025 16:30:51,12.9258766,80.1060883,1060883,2025-09-04T23:30:06.734194
TN87E6455,353201358042148,6.0,6.42,341.0,03/09/2025 16:30:46,12.92587,80.1060483,1060483,2025-09-04T23:30:06.734343
TN87E6455,353201358042148,7.0,6.43,341.0,03/09/2025 16:30:41,12.9258583,80.1059549,1059549,2025-09-04T23:30:06.734449
TN87E6455,353201358042148,19.0,6.47,341.0,03/09/2025 16:30:38,12.92583,80.1058666,1058666,2025-09-04T23:30:06.734570
TN87E6455,353201358042148,25.0,6.49,341.0,03/09/2025 16:30:33,12.925775,80.10554,10554,2025-09-04T23:30:06.734693
TN87E6455,353201358042148,17.0,6.51,341.0,03/09/2025 16:30:28,12.925735,80.1052716,1052716,2025-09-04T23:30:06.734804
TN87E6455,353201358042148,10.0,6.53,334.0,03/09/2025 16:30:23,12.92571,80.1050966,1050966,2025-09-04T23:30:06.734897
TN87E6455,353201358042148,0.0,6.53,334.0,03/09/2025 16:30:18,12.925625,80.1050049,1050049,2025-09-04T23:30:06.734988
TN87E6455,353201358042148,0.0,6.53,334.0,03/09/2025 16:30:13,12.925625,80.1050049,1050049,2025-09-04T23:30:06.735176
TN87E6455,353201358042148,0.0,6.53,334.0,03/09/2025 16:30:08,12.925625,80.1050049,1050049,2025-09-04T23:30:06.735334
TN87E6455,353201358042148,0.0,6.53,334.0,03/09/2025 16:30:03,12.925625,80.1050049,1050049,2025-09-04T23:30:06.735477
TN87E6455,353201358042148,9.0,6.55,334.0,03/09/2025 16:29:58,12.9256166,80.1049666,1049666,2025-09-04T23:30:06.735665
TN87E6455,353201358042148,19.0,6.57,320.0,03/09/2025 16:29:54,12.9255716,80.1047799,1047799,2025-09-04T23:30:06.735818
TN87E6455,353201358042148,19.0,6.6,320.0,03/09/2025 16:29:49,12.9255149,80.104545,104545,2025-09-04T23:30:06.735975
TN87E6455,353201358042148,12.0,6.61,320.0,03/09/2025 16:29:44,12.9254966,80.1043333,1043333,2025-09-04T23:30:06.736459
TN87E6455,353201358042148,6.0,6.62,320.0,03/09/2025 16:29:39,12.92548,80.1042016,1042016,2025-09-04T23:30:06.736686
TN87E6455,353201358042148,4.0,6.63,320.0,03/09/2025 16:29:37,12.925465,80.1041349,1041349,2025-09-04T23:30:06.736896
TN87E6455,353201358042148,5.0,6.63,320.0,03/09/2025 16:29:32,12.9254533,80.1040766,1040766,2025-09-04T23:30:06.737149
TN87E6455,353201358042148,0.0,6.63,320.0,03/09/2025 16:29:27,12.925455,80.1040066,1040066,2025-09-04T23:30:06.737298
TN87E6455,353201358042148,6.0,6.65,320.0,03/09/2025 16:29:22,12.9254616,80.1039416,1039416,2025-09-04T23:30:06.737436
TN87E6455,353201358042148,9.0,6.66,314.0,03/09/2025 16:29:17,12.9254866,80.1038366,1038366,2025-09-04T23:30:06.737607
TN87E6455,353201358042148,6.0,6.67,314.0,03/09/2025 16:29:12,12.925525,80.1037166,1037166,2025-09-04T23:30:06.737781
TN87E6455,353201358042148,8.0,6.68,314.0,03/09/2025 16:29:08,12.9255433,80.1036516,1036516,2025-09-04T23:30:06.737930
TN87E6455,353201358042148,10.0,6.69,314.0,03/09/2025 16:29:03,12.9255666,80.1035299,1035299,2025-09-04T23:30:06.738056
TN87E6455,353201358042148,7.0,6.7,314.0,03/09/2025 16:28:58,12.9256016,80.1034133,1034133,2025-09-04T23:30:06.738173
TN87E6455,353201358042148,15.0,6.73,314.0,03/09/2025 16:28:55,12.925625,80.1033366,1033366,2025-09-04T23:30:06.738301
TN87E6455,353201358042148,18.0,6.76,311.0,03/09/2025 16:28:50,12.9256533,80.1031099,1031099,2025-09-04T23:30:06.738429
TN87E6455,353201358042148,23.0,6.79,311.0,03/09/2025 16:28:45,12.9256633,80.10284,10284,2025-09-04T23:30:06.738536
TN87E6455,353201358042148,24.0,6.82,311.0,03/09/2025 16:28:40,12.9256716,80.1025283,1025283,2025-09-04T23:30:06.738645
TN87E6455,353201358042148,22.0,6.84,311.0,03/09/2025 16:28:35,12.9256399,80.1022183,1022183,2025-09-04T23:30:06.738780
TN87E6455,353201358042148,20.0,6.87,311.0,03/09/2025 16:28:32,12.9256083,80.1020283,1020283,2025-09-04T23:30:06.738934
TN87E6455,353201358042148,15.0,6.89,315.0,03/09/2025 16:28:27,12.9255283,80.1017633,1017633,2025-09-04T23:30:06.739065
TN87E6455,353201358042148,14.0,6.9,315.0,03/09/2025 16:28:23,12.9254749,80.1016083,1016083,2025-09-04T23:30:06.739229
TN87E6455,353201358042148,10.0,6.92,315.0,03/09/2025 16:28:20,12.9254516,80.1015133,1015133,2025-09-04T23:30:06.739367
TN87E6455,353201358042148,0.0,6.92,315.0,03/09/2025 16:28:15,12.9254516,80.101375,101375,2025-09-04T23:30:06.739500
TN87E6455,353201358042148,0.0,6.92,315.0,03/09/2025 16:28:10,12.9254566,80.1013099,1013099,2025-09-04T23:30:06.739618
TN87E6455,353201358042148,5.0,6.93,315.0,03/09/2025 16:28:05,12.9254583,80.1012633,1012633,2025-09-04T23:30:06.739751
TN87E6455,353201358042148,8.0,6.94,315.0,03/09/2025 16:28:00,12.9254249,80.101165,101165,2025-09-04T23:30:06.739888
TN87E6455,353201358042148,7.0,6.94,315.0,03/09/2025 16:27:55,12.9253916,80.10108,10108,2025-09-04T23:30:06.740010
TN87E6455,353201358042148,9.0,6.96,315.0,03/09/2025 16:27:54,12.9253866,80.10106,10106,2025-09-04T23:30:06.740141
TN87E6455,353201358042148,10.0,6.97,325.0,03/09/2025 16:27:49,12.9253216,80.1009433,1009433,2025-09-04T23:30:06.740275
TN87E6455,353201358042148,8.0,6.98,325.0,03/09/2025 16:27:44,12.92526,80.1008183,1008183,2025-09-04T23:30:06.740410
TN87E6455,353201358042148,0.0,6.98,325.0,03/09/2025 16:27:39,12.9252366,80.1007466,1007466,2025-09-04T23:30:06.740537
TN87E6455,353201358042148,0.0,6.98,325.0,03/09/2025 16:27:34,12.9252366,80.1007466,1007466,2025-09-04T23:30:06.740707
TN87E6455,353201358042148,7.0,6.99,325.0,03/09/2025 16:27:29,12.925225,80.1007233,1007233,2025-09-04T23:30:06.740845
TN87E6455,353201358042148,8.0,7.0,325.0,03/09/2025 16:27:24,12.9251716,80.10063,10063,2025-09-04T23:30:06.741035
TN87E6455,353201358042148,6.0,7.02,329.0,03/09/2025 16:27:19,12.9251116,80.1005299,1005299,2025-09-04T23:30:06.741197
TN87E6455,353201358042148,0.0,7.02,329.0,03/09/2025 16:27:14,12.9250649,80.1004283,1004283,2025-09-04T23:30:06.741330
TN87E6455,353201358042148,9.0,7.03,329.0,03/09/2025 16:27:09,12.9250083,80.1003483,1003483,2025-09-04T23:30:06.741449
TN87E6455,353201358042148,5.0,7.03,329.0,03/09/2025 16:27:05,12.9249983,80.100245,100245,2025-09-04T23:30:06.741629
TN87E6455,353201358042148,6.0,7.04,329.0,03/09/2025 16:27:00,12.9249833,80.1001883,1001883,2025-09-04T23:30:06.741765
TN87E6455,353201358042148,12.0,7.06,329.0,03/09/2025 16:26:58,12.9249683,80.1001466,1001466,2025-09-04T23:30:06.741901
TN87E6455,353201358042148,7.0,7.06,332.0,03/09/2025 16:26:53,12.9248966,80.09998,09998,2025-09-04T23:30:06.742068
TN87E6455,353201358042148,0.0,7.06,332.0,03/09/2025 16:26:48,12.9248933,80.0999283,0999283,2025-09-04T23:30:06.742201
TN87E6455,353201358042148,0.0,7.06,332.0,03/09/2025 16:26:43,12.9248933,80.0999283,0999283,2025-09-04T23:30:06.742330
TN87E6455,353201358042148,6.0,7.08,332.0,03/09/2025 16:26:38,12.9248916,80.0999066,0999066,2025-09-04T23:30:06.742464
TN87E6455,353201358042148,13.0,7.1,332.0,03/09/2025 16:26:33,12.9248283,80.0997916,0997916,2025-09-04T23:30:06.742576
TN87E6455,353201358042148,12.0,7.12,332.0,03/09/2025 16:26:28,12.9247583,80.0996116,0996116,2025-09-04T23:30:06.742704
TN87E6455,353201358042148,7.0,7.13,332.0,03/09/2025 16:26:23,12.9246916,80.0994566,0994566,2025-09-04T23:30:06.742809
TN87E6455,353201358042148,5.0,7.13,333.0,03/09/2025 16:26:20,12.9246516,80.0993866,0993866,2025-09-04T23:30:06.742924
TN87E6455,353201358042148,0.0,7.13,333.0,03/09/2025 16:26:15,12.9246516,80.0993866,0993866,2025-09-04T23:30:06.743050
TN87E6455,353201358042148,0.0,7.13,333.0,03/09/2025 16:26:10,12.9246516,80.0993866,0993866,2025-09-04T23:30:06.743171
TN87E6455,353201358042148,6.0,7.14,333.0,03/09/2025 16:26:05,12.9245966,80.099335,099335,2025-09-04T23:30:06.743319
TN87E6455,353201358042148,9.0,7.15,333.0,03/09/2025 16:26:00,12.9245433,80.0992349,0992349,2025-09-04T23:30:06.743461
TN87E6455,353201358042148,6.0,7.15,333.0,03/09/2025 16:25:57,12.92452,80.0991783,0991783,2025-09-04T23:30:06.743581
TN87E6455,353201358042148,7.0,7.16,333.0,03/09/2025 16:25:55,12.9244966,80.0991433,0991433,2025-09-04T23:30:06.743707
TN87E6455,353201358042148,5.0,7.17,336.0,03/09/2025 16:25:50,12.9244566,80.0990633,0990633,2025-09-04T23:30:06.743832
TN87E6455,353201358042148,6.0,7.18,336.0,03/09/2025 16:25:45,12.9244299,80.0989849,0989849,2025-09-04T23:30:06.743948
TN87E6455,353201358042148,17.0,7.2,336.0,03/09/2025 16:25:42,12.9243933,80.0989033,0989033,2025-09-04T23:30:06.744129
TN87E6455,353201358042148,27.0,7.25,336.0,03/09/2025 16:25:38,12.9243083,80.0986999,0986999,2025-09-04T23:30:06.744278
TN87E6455,353201358042148,30.0,7.29,336.0,03/09/2025 16:25:33,12.9241099,80.0983633,0983633,2025-09-04T23:30:06.744400
TN87E6455,353201358042148,27.0,7.33,336.0,03/09/2025 16:25:28,12.923865,80.09806,09806,2025-09-04T23:30:06.744507
TN87E6455,353201358042148,25.0,7.36,336.0,03/09/2025 16:25:23,12.9236583,80.0977583,0977583,2025-09-04T23:30:06.744626
TN87E6455,353201358042148,14.0,7.37,337.0,03/09/2025 16:25:18,12.923535,80.0975166,0975166,2025-09-04T23:30:06.744757
TN87E6455,353201358042148,0.0,7.37,337.0,03/09/2025 16:25:13,12.9234966,80.0974433,0974433,2025-09-04T23:30:06.744880
TN87E6455,353201358042148,0.0,7.37,337.0,03/09/2025 16:25:08,12.9234966,80.0974433,0974433,2025-09-04T23:30:06.744977
TN87E6455,353201358042148,0.0,7.37,337.0,03/09/2025 16:25:03,12.9235,80.0974466,0974466,2025-09-04T23:30:06.745131
TN87E6455,353201358042148,13.0,7.39,337.0,03/09/2025 16:25:00,12.923475,80.0973983,0973983,2025-09-04T23:30:06.745309
TN87E6455,353201358042148,25.0,7.44,337.0,03/09/2025 16:24:55,12.9233183,80.097195,097195,2025-09-04T23:30:06.745458
TN87E6455,353201358042148,34.0,7.48,337.0,03/09/2025 16:24:50,12.9231066,80.0968866,0968866,2025-09-04T23:30:06.745645
TN87E6455,353201358042148,30.0,7.52,337.0,03/09/2025 16:24:45,12.9228966,80.0965266,0965266,2025-09-04T23:30:06.745806
TN87E6455,353201358042148,26.0,7.55,337.0,03/09/2025 16:24:40,12.9227033,80.0961983,0961983,2025-09-04T23:30:06.745957
TN87E6455,353201358042148,16.0,7.57,337.0,03/09/2025 16:24:35,12.9225483,80.09595,09595,2025-09-04T23:30:06.746115
TN87E6455,353201358042148,9.0,7.57,337.0,03/09/2025 16:24:32,12.9224883,80.095855,095855,2025-09-04T23:30:06.746268
TN87E6455,353201358042148,6.0,7.58,337.0,03/09/2025 16:24:30,12.9224599,80.095795,095795,2025-09-04T23:30:06.746385
TN87E6455,353201358042148,0.0,7.58,337.0,03/09/2025 16:24:25,12.9224516,80.0957883,0957883,2025-09-04T23:30:06.746489
TN87E6455,353201358042148,10.0,7.59,337.0,03/09/2025 16:24:21,12.9224216,80.0957633,0957633,2025-09-04T23:30:06.746603
TN87E6455,353201358042148,18.0,7.62,336.0,03/09/2025 16:24:17,12.9223766,80.0956066,0956066,2025-09-04T23:30:06.746750
TN87E6455,353201358042148,20.0,7.66,336.0,03/09/2025 16:24:12,12.9223199,80.0953433,0953433,2025-09-04T23:30:06.746884
TN87E6455,353201358042148,28.0,7.7,336.0,03/09/2025 16:24:07,12.92221,80.0950283,0950283,2025-09-04T23:30:06.747004
TN87E6455,353201358042148,26.0,7.73,336.0,03/09/2025 16:24:02,12.9221116,80.0946783,0946783,2025-09-04T23:30:06.747137
TN87E6455,353201358042148,23.0,7.76,336.0,03/09/2025 16:23:57,12.9220466,80.0943766,0943766,2025-09-04T23:30:06.747270
TN87E6455,353201358042148,24.0,7.8,336.0,03/09/2025 16:23:52,12.9219549,80.0941149,0941149,2025-09-04T23:30:06.747389
TN87E6455,353201358042148,25.0,7.83,334.0,03/09/2025 16:23:47,12.9218766,80.0938033,0938033,2025-09-04T23:30:06.747520
TN87E6455,353201358042148,22.0,7.86,334.0,03/09/2025 16:23:42,12.9217866,80.0935233,0935233,2025-09-04T23:30:06.747630
TN87E6455,353201358042148,16.0,7.89,334.0,03/09/2025 16:23:37,12.9217249,80.093275,093275,2025-09-04T23:30:06.747755
TN87E6455,353201358042148,26.0,7.92,334.0,03/09/2025 16:23:32,12.9216733,80.0930033,0930033,2025-09-04T23:30:06.747862
TN87E6455,353201358042148,20.0,7.94,334.0,03/09/2025 16:23:27,12.9215966,80.0926966,0926966,2025-09-04T23:30:06.747984
TN87E6455,353201358042148,11.0,7.95,334.0,03/09/2025 16:23:22,12.9215616,80.0924766,0924766,2025-09-04T23:30:06.748120
TN87E6455,353201358042148,0.0,7.95,332.0,03/09/2025 16:23:19,12.9215583,80.09241,09241,2025-09-04T23:30:06.748229
TN87E6455,353201358042148,0.0,7.95,332.0,03/09/2025 16:23:14,12.9215583,80.09241,09241,2025-09-04T23:30:06.748386
TN87E6455,353201358042148,5.0,7.96,332.0,03/09/2025 16:23:09,12.9215649,80.092395,092395,2025-09-04T23:30:06.748590
TN87E6455,353201358042148,15.0,7.98,332.0,03/09/2025 16:23:07,12.921555,80.0923483,0923483,2025-09-04T23:30:06.748764
TN87E6455,353201358042148,27.0,8.02,332.0,03/09/2025 16:23:03,12.9214716,80.09215,09215,2025-09-04T23:30:06.748924
TN87E6455,353201358042148,36.0,8.08,332.0,03/09/2025 16:22:58,12.9213283,80.091785,091785,2025-09-04T23:30:06.749080
TN87E6455,353201358042148,42.0,8.14,330.0,03/09/2025 16:22:53,12.9211949,80.0913199,0913199,2025-09-04T23:30:06.749243
TN87E6455,353201358042148,41.0,8.2,330.0,03/09/2025 16:22:48,12.9210816,80.0907366,0907366,2025-09-04T23:30:06.749414
TN87E6455,353201358042148,35.0,8.24,330.0,03/09/2025 16:22:43,12.9209283,80.090245,090245,2025-09-04T23:30:06.749620
TN87E6455,353201358042148,27.0,8.27,330.0,03/09/2025 16:22:38,12.9208566,80.08983,08983,2025-09-04T23:30:06.749810
TN87E6455,353201358042148,21.0,8.29,330.0,03/09/2025 16:22:33,12.9208183,80.0895466,0895466,2025-09-04T23:30:06.749995
TN87E6455,353201358042148,13.0,8.3,330.0,03/09/2025 16:22:30,12.9208366,80.0894016,0894016,2025-09-04T23:30:06.750164
TN87E6455,353201358042148,18.0,8.31,330.0,03/09/2025 16:22:27,12.9208199,80.0892833,0892833,2025-09-04T23:30:06.750308
TN87E6455,353201358042148,29.0,8.37,330.0,03/09/2025 16:22:25,12.9207633,80.08918,08918,2025-09-04T23:30:06.750499
TN87E6455,353201358042148,44.0,8.43,331.0,03/09/2025 16:22:20,12.9204933,80.08877,08877,2025-09-04T23:30:06.750667
TN87E6455,353201358042148,37.0,8.47,331.0,03/09/2025 16:22:15,12.92021,80.0883116,0883116,2025-09-04T23:30:06.750838
TN87E6455,353201358042148,29.0,8.51,331.0,03/09/2025 16:22:10,12.9199949,80.0879399,0879399,2025-09-04T23:30:06.751024
TN87E6455,353201358042148,19.0,8.53,331.0,03/09/2025 16:22:05,12.9198483,80.0876666,0876666,2025-09-04T23:30:06.751196
TN87E6455,353201358042148,9.0,8.54,334.0,03/09/2025 16:22:00,12.9197949,80.087485,087485,2025-09-04T23:30:06.751352
TN87E6455,353201358042148,3.0,8.54,334.0,03/09/2025 16:21:55,12.9197949,80.0873916,0873916,2025-09-04T23:30:06.751463
TN87E6455,353201358042148,7.0,8.56,334.0,03/09/2025 16:21:50,12.9197916,80.0873366,0873366,2025-09-04T23:30:06.751566
TN87E6455,353201358042148,10.0,8.57,334.0,03/09/2025 16:21:45,12.919745,80.08721,08721,2025-09-04T23:30:06.751696
TN87E6455,353201358042148,17.0,8.59,334.0,03/09/2025 16:21:42,12.9197199,80.08713,08713,2025-09-04T23:30:06.751857
TN87E6455,353201358042148,28.0,8.63,334.0,03/09/2025 16:21:39,12.9197116,80.0869566,0869566,2025-09-04T23:30:06.751982
TN87E6455,353201358042148,39.0,8.69,334.0,03/09/2025 16:21:35,12.9196916,80.0865966,0865966,2025-09-04T23:30:06.752115
TN87E6455,353201358042148,44.0,8.76,334.0,03/09/2025 16:21:30,12.9196033,80.08603,08603,2025-09-04T23:30:06.752305
TN87E6455,353201358042148,46.0,8.82,337.0,03/09/2025 16:21:25,12.9194949,80.0854083,0854083,2025-09-04T23:30:06.752461
TN87E6455,353201358042148,41.0,8.87,337.0,03/09/2025 16:21:20,12.9194016,80.0848566,0848566,2025-09-04T23:30:06.752583
TN87E6455,353201358042148,33.0,8.91,337.0,03/09/2025 16:21:15,12.9192516,80.08441,08441,2025-09-04T23:30:06.752686
TN87E6455,353201358042148,28.0,8.95,337.0,03/09/2025 16:21:10,12.9191216,80.08401,08401,2025-09-04T23:30:06.752809
TN87E6455,353201358042148,18.0,8.96,337.0,03/09/2025 16:21:05,12.91901,80.0837116,0837116,2025-09-04T23:30:06.752934
TN87E6455,353201358042148,7.0,8.97,337.0,03/09/2025 16:21:01,12.9189633,80.083565,083565,2025-09-04T23:30:06.753053
TN87E6455,353201358042148,0.0,8.97,337.0,03/09/2025 16:20:56,12.9189533,80.0835133,0835133,2025-09-04T23:30:06.753189
TN87E6455,353201358042148,6.0,8.98,337.0,03/09/2025 16:20:51,12.9189599,80.0834983,0834983,2025-09-04T23:30:06.753313
TN87E6455,353201358042148,18.0,8.99,337.0,03/09/2025 16:20:49,12.9189583,80.0834533,0834533,2025-09-04T23:30:06.753416
TN87E6455,353201358042148,28.0,9.02,337.0,03/09/2025 16:20:47,12.9189266,80.08335,08335,2025-09-04T23:30:06.753516
TN87E6455,353201358042148,38.0,9.07,337.0,03/09/2025 16:20:44,12.9188083,80.0830983,0830983,2025-09-04T23:30:06.753662
TN87E6455,353201358042148,36.0,9.12,337.0,03/09/2025 16:20:39,12.9186366,80.0826166,0826166,2025-09-04T23:30:06.753803
TN87E6455,353201358042148,30.0,9.16,331.0,03/09/2025 16:20:34,12.9184716,80.0822216,0822216,2025-09-04T23:30:06.753909
TN87E6455,353201358042148,23.0,9.19,331.0,03/09/2025 16:20:29,12.9183566,80.0818883,0818883,2025-09-04T23:30:06.754059
TN87E6455,353201358042148,16.0,9.2,331.0,03/09/2025 16:20:24,12.9182766,80.0816433,0816433,2025-09-04T23:30:06.754225
TN87E6455,353201358042148,15.0,9.22,331.0,03/09/2025 16:20:19,12.9182249,80.0814716,0814716,2025-09-04T23:30:06.754380
TN87E6455,353201358042148,13.0,9.25,331.0,03/09/2025 16:20:14,12.91817,80.0812966,0812966,2025-09-04T23:30:06.754532
TN87E6455,353201358042148,18.0,9.27,331.0,03/09/2025 16:20:09,12.918095,80.0811049,0811049,2025-09-04T23:30:06.754675
TN87E6455,353201358042148,24.0,9.3,331.0,03/09/2025 16:20:06,12.9180083,80.0809599,0809599,2025-09-04T23:30:06.754826
TN87E6455,353201358042148,25.0,9.38,331.0,03/09/2025 16:20:01,12.917795,80.0807299,0807299,2025-09-04T23:30:06.754963
TN87E6455,353201358042148,26.0,9.45,331.0,03/09/2025 16:19:56,12.9175333,80.0804733,0804733,2025-09-04T23:30:06.755106
TN87E6455,353201358042148,25.0,9.48,331.0,03/09/2025 16:19:51,12.9172883,80.0802433,0802433,2025-09-04T23:30:06.755274
TN87E6455,353201358042148,19.0,9.51,329.0,03/09/2025 16:19:46,12.91708,80.0800333,0800333,2025-09-04T23:30:06.755445
TN87E6455,353201358042148,17.0,9.53,329.0,03/09/2025 16:19:41,12.9169283,80.0798816,0798816,2025-09-04T23:30:06.755626
TN87E6455,353201358042148,19.0,9.56,329.0,03/09/2025 16:19:36,12.9167683,80.0797066,0797066,2025-09-04T23:30:06.755782
TN87E6455,353201358042148,31.0,9.61,329.0,03/09/2025 16:19:32,12.9165716,80.07954,07954,2025-09-04T23:30:06.755899
TN87E6455,353201358042148,34.0,9.65,329.0,03/09/2025 16:19:27,12.9162616,80.079265,079265,2025-09-04T23:30:06.756043
TN87E6455,353201358042148,31.0,9.7,328.0,03/09/2025 16:19:22,12.91597,80.0789666,0789666,2025-09-04T23:30:06.756153
TN87E6455,353201358042148,34.0,9.73,328.0,03/09/2025 16:19:17,12.9157233,80.0786266,0786266,2025-09-04T23:30:06.756313
TN87E6455,353201358042148,38.0,9.77,328.0,03/09/2025 16:19:14,12.9156166,80.078385,078385,2025-09-04T23:30:06.756438
TN87E6455,353201358042148,34.0,9.82,328.0,03/09/2025 16:19:10,12.9155733,80.0779983,0779983,2025-09-04T23:30:06.756584
TN87E6455,353201358042148,26.0,9.85,328.0,03/09/2025 16:19:05,12.9155616,80.077575,077575,2025-09-04T23:30:06.756703
TN87E6455,353201358042148,16.0,9.86,328.0,03/09/2025 16:19:00,12.9155716,80.0772933,0772933,2025-09-04T23:30:06.756824
TN87E6455,353201358042148,5.0,9.87,328.0,03/09/2025 16:18:56,12.9155649,80.07717,07717,2025-09-04T23:30:06.756927
TN87E6455,353201358042148,0.0,9.87,328.0,03/09/2025 16:18:51,12.9155366,80.0771066,0771066,2025-09-04T23:30:06.757030
TN87E6455,353201358042148,0.0,9.87,328.0,03/09/2025 16:18:46,12.9155366,80.0771066,0771066,2025-09-04T23:30:06.757193
TN87E6455,353201358042148,0.0,9.87,328.0,03/09/2025 16:18:41,12.9155366,80.0771066,0771066,2025-09-04T23:30:06.757318
TN87E6455,353201358042148,0.0,9.87,328.0,03/09/2025 16:18:36,12.9155366,80.0771066,0771066,2025-09-04T23:30:06.757419
TN87E6455,353201358042148,0.0,9.87,328.0,03/09/2025 16:18:31,12.9155366,80.0771066,0771066,2025-09-04T23:30:06.757547
TN87E6455,353201358042148,7.0,9.88,328.0,03/09/2025 16:18:26,12.9155316,80.07709,07709,2025-09-04T23:30:06.757678
TN87E6455,353201358042148,19.0,9.92,328.0,03/09/2025 16:18:22,12.9155033,80.076955,076955,2025-09-04T23:30:06.757808
TN87E6455,353201358042148,24.0,9.95,328.0,03/09/2025 16:18:17,12.9154749,80.076635,076635,2025-09-04T23:30:06.757927
TN87E6455,353201358042148,17.0,9.97,328.0,03/09/2025 16:18:12,12.9154783,80.0763549,0763549,2025-09-04T23:30:06.758049
TN87E6455,353201358042148,11.0,9.99,328.0,03/09/2025 16:18:07,12.9154733,80.0761383,0761383,2025-09-04T23:30:06.758190
TN87E6455,353201358042148,8.0,10.01,328.0,03/09/2025 16:18:06,12.9154733,80.07611,07611,2025-09-04T23:30:06.758325
TN87E6455,353201358042148,0.0,10.01,328.0,03/09/2025 16:18:04,12.9154783,80.07605,07605,2025-09-04T23:30:06.758446
TN87E6455,353201358042148,0.0,10.01,327.0,03/09/2025 16:17:59,12.9154649,80.0759633,0759633,2025-09-04T23:30:06.758576
TN87E6455,353201358042148,6.0,10.03,327.0,03/09/2025 16:17:54,12.9154833,80.0759183,0759183,2025-09-04T23:30:06.758709
TN87E6455,353201358042148,7.0,10.03,327.0,03/09/2025 16:17:53,12.91549,80.0759066,0759066,2025-09-04T23:30:06.758830
TN87E6455,353201358042148,13.0,10.04,327.0,03/09/2025 16:17:49,12.9155683,80.0758133,0758133,2025-09-04T23:30:06.758948
TN87E6455,353201358042148,14.0,10.04,327.0,03/09/2025 16:17:47,12.9156233,80.07576,07576,2025-09-04T23:30:06.759082
TN87E6455,353201358042148,14.0,10.05,327.0,03/09/2025 16:17:46,12.9156583,80.07574,07574,2025-09-04T23:30:06.759251
TN87E6455,353201358042148,20.0,10.06,327.0,03/09/2025 16:17:44,12.91573,80.0757183,0757183,2025-09-04T23:30:06.759412
TN87E6455,353201358042148,27.0,10.09,327.0,03/09/2025 16:17:42,12.915845,80.075705,075705,2025-09-04T23:30:06.759553
TN87E6455,353201358042148,36.0,10.14,327.0,03/09/2025 16:17:39,12.9160833,80.0757249,0757249,2025-09-04T23:30:06.759689
TN87E6455,353201358042148,41.0,10.19,327.0,03/09/2025 16:17:34,12.9165766,80.0758283,0758283,2025-09-04T23:30:06.759873
TN87E6455,353201358042148,35.0,10.24,327.0,03/09/2025 16:17:29,12.917005,80.0759933,0759933,2025-09-04T23:30:06.759994
TN87E6455,353201358042148,31.0,10.28,323.0,03/09/2025 16:17:24,12.9174166,80.0761299,0761299,2025-09-04T23:30:06.760114
TN87E6455,353201358042148,25.0,10.31,323.0,03/09/2025 16:17:19,12.9177433,80.0762266,0762266,2025-09-04T23:30:06.760253
TN87E6455,353201358042148,21.0,10.34,323.0,03/09/2025 16:17:14,12.91802,80.076285,076285,2025-09-04T23:30:06.760377
TN87E6455,353201358042148,19.0,10.37,323.0,03/09/2025 16:17:09,12.9182566,80.076365,076365,2025-09-04T23:30:06.760498
TN87E6455,353201358042148,29.0,10.41,323.0,03/09/2025 16:17:05,12.9184849,80.07642,07642,2025-09-04T23:30:06.760659
TN87E6455,353201358042148,28.0,10.45,323.0,03/09/2025 16:17:00,12.9188383,80.0765166,0765166,2025-09-04T23:30:06.760807
TN87E6455,353201358042148,29.0,10.5,323.0,03/09/2025 16:16:55,12.9191883,80.0766083,0766083,2025-09-04T23:30:06.760965
TN87E6455,353201358042148,38.0,10.54,323.0,03/09/2025 16:16:50,12.9196033,80.0767499,0767499,2025-09-04T23:30:06.761122
TN87E6455,353201358042148,39.0,10.6,321.0,03/09/2025 16:16:45,12.9200316,80.0768816,0768816,2025-09-04T23:30:06.761285
TN87E6455,353201358042148,44.0,10.67,321.0,03/09/2025 16:16:40,12.9205316,80.0770299,0770299,2025-09-04T23:30:06.761446
TN87E6455,353201358042148,40.0,10.72,321.0,03/09/2025 16:16:35,12.9210766,80.0771633,0771633,2025-09-04T23:30:06.761574
TN87E6455,353201358042148,35.0,10.77,321.0,03/09/2025 16:16:30,12.9215466,80.0772833,0772833,2025-09-04T23:30:06.761676
TN87E6455,353201358042148,32.0,10.81,321.0,03/09/2025 16:16:25,12.9219783,80.0773983,0773983,2025-09-04T23:30:06.761847
TN87E6455,353201358042148,28.0,10.85,321.0,03/09/2025 16:16:20,12.9223583,80.0775099,0775099,2025-09-04T23:30:06.761999
TN87E6455,353201358042148,22.0,10.88,321.0,03/09/2025 16:16:15,12.9226683,80.0776116,0776116,2025-09-04T23:30:06.762166
TN87E6455,353201358042148,15.0,10.89,321.0,03/09/2025 16:16:10,12.9229033,80.077675,077675,2025-09-04T23:30:06.762334
TN87E6455,353201358042148,26.0,10.94,321.0,03/09/2025 16:16:07,12.9230333,80.07771,07771,2025-09-04T23:30:06.762497
TN87E6455,353201358042148,39.0,10.99,321.0,03/09/2025 16:16:02,12.92344,80.0778516,0778516,2025-09-04T23:30:06.762673
TN87E6455,353201358042148,40.0,11.05,324.0,03/09/2025 16:15:57,12.9239233,80.07801,07801,2025-09-04T23:30:06.762853
TN87E6455,353201358042148,37.0,11.1,324.0,03/09/2025 16:15:52,12.92436,80.0781533,0781533,2025-09-04T23:30:06.763082
TN87E6455,353201358042148,36.0,11.14,324.0,03/09/2025 16:15:47,12.9247866,80.0783266,0783266,2025-09-04T23:30:06.763283
TN87E6455,353201358042148,38.0,11.2,324.0,03/09/2025 16:15:42,12.92519,80.0784833,0784833,2025-09-04T23:30:06.763459
TN87E6455,353201358042148,36.0,11.25,324.0,03/09/2025 16:15:37,12.9256516,80.0786766,0786766,2025-09-04T23:30:06.763628
TN87E6455,353201358042148,36.0,11.3,324.0,03/09/2025 16:15:32,12.9260816,80.0788316,0788316,2025-09-04T23:30:06.763763
TN87E6455,353201358042148,33.0,11.35,324.0,03/09/2025 16:15:27,12.9264933,80.0789583,0789583,2025-09-04T23:30:06.763921
TN87E6455,353201358042148,38.0,11.41,324.0,03/09/2025 16:15:22,12.92693,80.0790816,0790816,2025-09-04T23:30:06.764093
TN87E6455,353201358042148,49.0,11.48,325.0,03/09/2025 16:15:17,12.9274983,80.0792166,0792166,2025-09-04T23:30:06.764226
TN87E6455,353201358042148,48.0,11.55,325.0,03/09/2025 16:15:12,12.9281066,80.0794166,0794166,2025-09-04T23:30:06.764346
TN87E6455,353201358042148,44.0,11.61,325.0,03/09/2025 16:15:07,12.9286433,80.0796466,0796466,2025-09-04T23:30:06.764499
TN87E6455,353201358042148,38.0,11.67,325.0,03/09/2025 16:15:02,12.92919,80.0797933,0797933,2025-09-04T23:30:06.764631
TN87E6455,353201358042148,31.0,11.7,325.0,03/09/2025 16:14:57,12.9296583,80.079895,079895,2025-09-04T23:30:06.764751
TN87E6455,353201358042148,21.0,11.72,325.0,03/09/2025 16:14:53,12.9299316,80.0799616,0799616,2025-09-04T23:30:06.764873
TN87E6455,353201358042148,10.0,11.73,325.0,03/09/2025 16:14:49,12.9300966,80.08001,08001,2025-09-04T23:30:06.764980
TN87E6455,353201358042148,0.0,11.73,325.0,03/09/2025 16:14:44,12.9302133,80.0800733,0800733,2025-09-04T23:30:06.765127
TN87E6455,353201358042148,0.0,11.73,325.0,03/09/2025 16:14:39,12.9302133,80.0800733,0800733,2025-09-04T23:30:06.765288
TN87E6455,353201358042148,0.0,11.73,325.0,03/09/2025 16:14:34,12.9302133,80.0800733,0800733,2025-09-04T23:30:06.765439
TN87E6455,353201358042148,8.0,11.75,325.0,03/09/2025 16:14:29,12.9302449,80.0800783,0800783,2025-09-04T23:30:06.765629
TN87E6455,353201358042148,17.0,11.77,325.0,03/09/2025 16:14:24,12.9304033,80.080125,080125,2025-09-04T23:30:06.765796
TN87E6455,353201358042148,28.0,11.8,324.0,03/09/2025 16:14:21,12.9305516,80.0801999,0801999,2025-09-04T23:30:06.765942
TN87E6455,353201358042148,23.0,11.83,324.0,03/09/2025 16:14:16,12.9308416,80.0803666,0803666,2025-09-04T23:30:06.766111
TN87E6455,353201358042148,15.0,11.85,324.0,03/09/2025 16:14:11,12.9310416,80.0804966,0804966,2025-09-04T23:30:06.766275
TN87E6455,353201358042148,16.0,11.87,324.0,03/09/2025 16:14:06,12.93119,80.0805816,0805816,2025-09-04T23:30:06.766418
TN87E6455,353201358042148,25.0,11.9,324.0,03/09/2025 16:14:01,12.9314066,80.08066,08066,2025-09-04T23:30:06.766524
TN87E6455,353201358042148,38.0,11.94,324.0,03/09/2025 16:13:58,12.93163,80.0807283,0807283,2025-09-04T23:30:06.766629
TN87E6455,353201358042148,49.0,11.98,323.0,03/09/2025 16:13:55,12.931935,80.0808266,0808266,2025-09-04T23:30:06.766763
TN87E6455,353201358042148,59.0,12.07,323.0,03/09/2025 16:13:52,12.9323399,80.080985,080985,2025-09-04T23:30:06.766891
TN87E6455,353201358042148,59.0,12.15,323.0,03/09/2025 16:13:47,12.93304,80.0812533,0812533,2025-09-04T23:30:06.767008
TN87E6455,353201358042148,59.0,12.23,323.0,03/09/2025 16:13:42,12.93374,80.0815049,0815049,2025-09-04T23:30:06.767129
TN87E6455,353201358042148,61.0,12.32,323.0,03/09/2025 16:13:37,12.9344349,80.08176,08176,2025-09-04T23:30:06.767272
TN87E6455,353201358042148,63.0,12.41,323.0,03/09/2025 16:13:32,12.93515,80.0820283,0820283,2025-09-04T23:30:06.767406
TN87E6455,353201358042148,64.0,12.59,323.0,03/09/2025 16:13:27,12.9359216,80.0822916,0822916,2025-09-04T23:30:06.767549
TN87E6455,353201358042148,66.0,12.78,323.0,03/09/2025 16:13:22,12.9366783,80.0826033,0826033,2025-09-04T23:30:06.767678
TN87E6455,353201358042148,69.0,12.88,323.0,03/09/2025 16:13:17,12.93747,80.082955,082955,2025-09-04T23:30:06.767809
TN87E6455,353201358042148,66.0,12.97,327.0,03/09/2025 16:13:12,12.9382933,80.083215,083215,2025-09-04T23:30:06.767941
TN87E6455,353201358042148,66.0,13.07,327.0,03/09/2025 16:13:07,12.93909,80.08353,08353,2025-09-04T23:30:06.768057
TN87E6455,353201358042148,64.0,13.24,327.0,03/09/2025 16:13:02,12.9398566,80.083815,083815,2025-09-04T23:30:06.768210
TN87E6455,353201358042148,61.0,13.41,327.0,03/09/2025 16:12:57,12.9405933,80.0841116,0841116,2025-09-04T23:30:06.768381
TN87E6455,353201358042148,62.0,13.49,327.0,03/09/2025 16:12:52,12.9413116,80.0843566,0843566,2025-09-04T23:30:06.768534
TN87E6455,353201358042148,63.0,13.58,327.0,03/09/2025 16:12:47,12.942045,80.0846316,0846316,2025-09-04T23:30:06.768683
TN87E6455,353201358042148,65.0,13.67,327.0,03/09/2025 16:12:42,12.9427899,80.0849066,0849066,2025-09-04T23:30:06.768816
TN87E6455,353201358042148,66.0,13.77,327.0,03/09/2025 16:12:37,12.9435783,80.0852,0852,2025-09-04T23:30:06.768919
TN87E6455,353201358042148,64.0,13.86,327.0,03/09/2025 16:12:32,12.9444,80.0854533,0854533,2025-09-04T23:30:06.769020
TN87E6455,353201358042148,62.0,14.03,327.0,03/09/2025 16:12:27,12.9451483,80.0857783,0857783,2025-09-04T23:30:06.769148
TN87E6455,353201358042148,62.0,14.21,332.0,03/09/2025 16:12:22,12.9458866,80.0860249,0860249,2025-09-04T23:30:06.769328
TN87E6455,353201358042148,63.0,14.3,332.0,03/09/2025 16:12:17,12.9466316,80.086315,086315,2025-09-04T23:30:06.769444
TN87E6455,353201358042148,62.0,14.38,332.0,03/09/2025 16:12:12,12.9473633,80.0865966,0865966,2025-09-04T23:30:06.769566
TN87E6455,353201358042148,61.0,14.47,332.0,03/09/2025 16:12:07,12.9480683,80.0868883,0868883,2025-09-04T23:30:06.769693
TN87E6455,353201358042148,59.0,14.56,332.0,03/09/2025 16:12:02,12.9488116,80.0871633,0871633,2025-09-04T23:30:06.769820
TN87E6455,353201358042148,60.0,14.64,332.0,03/09/2025 16:11:57,12.94953,80.0874516,0874516,2025-09-04T23:30:06.769958
TN87E6455,353201358042148,60.0,14.81,332.0,03/09/2025 16:11:52,12.95024,80.0877266,0877266,2025-09-04T23:30:06.770086
TN87E6455,353201358042148,59.0,14.97,337.0,03/09/2025 16:11:47,12.95097,80.0879699,0879699,2025-09-04T23:30:06.770225
TN87E6455,353201358042148,56.0,15.05,337.0,03/09/2025 16:11:42,12.9516666,80.0882016,0882016,2025-09-04T23:30:06.770363
TN87E6455,353201358042148,58.0,15.13,337.0,03/09/2025 16:11:37,12.9523283,80.08847,08847,2025-09-04T23:30:06.770526
TN87E6455,353201358042148,59.0,15.21,337.0,03/09/2025 16:11:32,12.9529816,80.0887466,0887466,2025-09-04T23:30:06.770700
TN87E6455,353201358042148,63.0,15.3,337.0,03/09/2025 16:11:27,12.9536983,80.0890016,0890016,2025-09-04T23:30:06.770866
TN87E6455,353201358042148,64.0,15.39,337.0,03/09/2025 16:11:22,12.954455,80.0892749,0892749,2025-09-04T23:30:06.771040
TN87E6455,353201358042148,63.0,15.47,339.0,03/09/2025 16:11:17,12.9552083,80.0895383,0895383,2025-09-04T23:30:06.771217
TN87E6455,353201358042148,62.0,15.56,339.0,03/09/2025 16:11:12,12.9559066,80.0898349,0898349,2025-09-04T23:30:06.771393
TN87E6455,353201358042148,61.0,15.66,339.0,03/09/2025 16:11:07,12.9566633,80.0901016,0901016,2025-09-04T23:30:06.771524
TN87E6455,353201358042148,62.0,15.74,339.0,03/09/2025 16:11:02,12.957485,80.090375,090375,2025-09-04T23:30:06.771657
TN87E6455,353201358042148,62.0,15.83,339.0,03/09/2025 16:10:57,12.9582199,80.090535,090535,2025-09-04T23:30:06.771762
TN87E6455,353201358042148,61.0,15.92,339.0,03/09/2025 16:10:52,12.9590333,80.0905883,0905883,2025-09-04T23:30:06.771890
TN87E6455,353201358042148,62.0,16.0,341.0,03/09/2025 16:10:47,12.9597783,80.0905616,0905616,2025-09-04T23:30:06.772026
TN87E6455,353201358042148,61.0,16.09,341.0,03/09/2025 16:10:42,12.9605516,80.0905016,0905016,2025-09-04T23:30:06.772153
TN87E6455,353201358042148,62.0,16.17,341.0,03/09/2025 16:10:37,12.9613249,80.0904949,0904949,2025-09-04T23:30:06.772283
TN87E6455,353201358042148,62.0,16.26,341.0,03/09/2025 16:10:32,12.9620749,80.0904449,0904449,2025-09-04T23:30:06.772416
TN87E6455,353201358042148,64.0,16.35,341.0,03/09/2025 16:10:27,12.9628933,80.09044,09044,2025-09-04T23:30:06.772523
TN87E6455,353201358042148,65.0,16.45,341.0,03/09/2025 16:10:22,12.9637116,80.0903899,0903899,2025-09-04T23:30:06.772649
TN87E6455,353201358042148,64.0,16.53,342.0,03/09/2025 16:10:17,12.9645383,80.0903433,0903433,2025-09-04T23:30:06.772781
TN87E6455,353201358042148,62.0,16.62,342.0,03/09/2025 16:10:12,12.9653233,80.0903033,0903033,2025-09-04T23:30:06.772948
TN87E6455,353201358042148,59.0,16.71,342.0,03/09/2025 16:10:07,12.9661016,80.0902966,0902966,2025-09-04T23:30:06.773052
TN87E6455,353201358042148,60.0,16.81,342.0,03/09/2025 16:10:02,12.9668766,80.0902633,0902633,2025-09-04T23:30:06.773203
TN87E6455,353201358042148,61.0,16.88,342.0,03/09/2025 16:09:57,12.9677916,80.0902383,0902383,2025-09-04T23:30:06.773346
TN87E6455,353201358042148,65.0,16.97,342.0,03/09/2025 16:09:52,12.9684083,80.0901983,0901983,2025-09-04T23:30:06.773477
TN87E6455,353201358042148,67.0,17.07,342.0,03/09/2025 16:09:47,12.96926,80.090225,090225,2025-09-04T23:30:06.773598
TN87E6455,353201358042148,67.0,17.16,338.0,03/09/2025 16:09:42,12.9701083,80.0901749,0901749,2025-09-04T23:30:06.773730
TN87E6455,353201358042148,67.0,17.26,338.0,03/09/2025 16:09:37,12.9709733,80.0901349,0901349,2025-09-04T23:30:06.773861
TN87E6455,353201358042148,67.0,17.61,338.0,03/09/2025 16:09:32,12.9718316,80.090105,090105,2025-09-04T23:30:06.773989
TN87E6455,353201358042148,64.0,17.96,338.0,03/09/2025 16:09:27,12.9726533,80.0900866,0900866,2025-09-04T23:30:06.774172
TN87E6455,353201358042148,63.0,18.05,338.0,03/09/2025 16:09:22,12.9734666,80.0900783,0900783,2025-09-04T23:30:06.774337
TN87E6455,353201358042148,61.0,18.13,338.0,03/09/2025 16:09:17,12.9742433,80.090055,090055,2025-09-04T23:30:06.774473
TN87E6455,353201358042148,61.0,18.22,338.0,03/09/2025 16:09:12,12.9750083,80.0900499,0900499,2025-09-04T23:30:06.774963
TN87E6455,353201358042148,60.0,18.31,338.0,03/09/2025 16:09:07,12.9757666,80.0900183,0900183,2025-09-04T23:30:06.775165
TN87E6455,353201358042148,60.0,18.39,338.0,03/09/2025 16:09:02,12.9765566,80.090005,090005,2025-09-04T23:30:06.775369
TN87E6455,353201358042148,60.0,18.48,338.0,03/09/2025 16:08:57,12.9773266,80.08999,08999,2025-09-04T23:30:06.775563
TN87E6455,353201358042148,61.0,18.56,338.0,03/09/2025 16:08:52,12.97809,80.0899616,0899616,2025-09-04T23:30:06.775774
TN87E6455,353201358042148,62.0,18.65,336.0,03/09/2025 16:08:47,12.97886,80.0899716,0899716,2025-09-04T23:30:06.775950
TN87E6455,353201358042148,63.0,18.74,336.0,03/09/2025 16:08:42,12.979655,80.0899833,0899833,2025-09-04T23:30:06.776121
TN87E6455,353201358042148,65.0,18.83,336.0,03/09/2025 16:08:37,12.9804516,80.0899533,0899533,2025-09-04T23:30:06.776331
TN87E6455,353201358042148,63.0,18.92,336.0,03/09/2025 16:08:32,12.98129,80.0899266,0899266,2025-09-04T23:30:06.776540
TN87E6455,353201358042148,64.0,19.01,332.0,03/09/2025 16:08:27,12.9820983,80.0898666,0898666,2025-09-04T23:30:06.776748
TN87E6455,353201358042148,63.0,19.1,332.0,03/09/2025 16:08:22,12.98289,80.089805,089805,2025-09-04T23:30:06.776921
TN87E6455,353201358042148,62.0,19.19,332.0,03/09/2025 16:08:17,12.9836766,80.089785,089785,2025-09-04T23:30:06.777116
TN87E6455,353201358042148,62.0,19.35,332.0,03/09/2025 16:08:12,12.984465,80.0897333,0897333,2025-09-04T23:30:06.777298
TN87E6455,353201358042148,59.0,19.52,332.0,03/09/2025 16:08:07,12.9852133,80.0897066,0897066,2025-09-04T23:30:06.777475
TN87E6455,353201358042148,59.0,19.6,332.0,03/09/2025 16:08:02,12.9859633,80.0896516,0896516,2025-09-04T23:30:06.777642
TN87E6455,353201358042148,56.0,19.68,332.0,03/09/2025 16:07:57,12.9867333,80.089605,089605,2025-09-04T23:30:06.777783
TN87E6455,353201358042148,52.0,19.75,332.0,03/09/2025 16:07:52,12.9874166,80.0895866,0895866,2025-09-04T23:30:06.777934
TN87E6455,353201358042148,46.0,19.82,331.0,03/09/2025 16:07:47,12.9880416,80.0895583,0895583,2025-09-04T23:30:06.778085
TN87E6455,353201358042148,42.0,19.87,331.0,03/09/2025 16:07:42,12.9886383,80.0895083,0895083,2025-09-04T23:30:06.778293
TN87E6455,353201358042148,37.0,19.92,331.0,03/09/2025 16:07:37,12.9891116,80.08944,08944,2025-09-04T23:30:06.778447
TN87E6455,353201358042148,30.0,19.95,331.0,03/09/2025 16:07:32,12.9895266,80.089405,089405,2025-09-04T23:30:06.778614
TN87E6455,353201358042148,25.0,19.97,331.0,03/09/2025 16:07:27,12.9898666,80.089365,089365,2025-09-04T23:30:06.778774
TN87E6455,353201358042148,22.0,19.99,331.0,03/09/2025 16:07:25,12.9899866,80.0893533,0893533,2025-09-04T23:30:06.778913
TN87E6455,353201358042148,14.0,20.01,333.0,03/09/2025 16:07:20,12.9902183,80.0893699,0893699,2025-09-04T23:30:06.779048
TN87E6455,353201358042148,16.0,20.02,333.0,03/09/2025 16:07:15,12.9903683,80.0893616,0893616,2025-09-04T23:30:06.779194
TN87E6455,353201358042148,27.0,20.04,333.0,03/09/2025 16:07:13,12.9904799,80.089335,089335,2025-09-04T23:30:06.779355
TN87E6455,353201358042148,37.0,20.09,333.0,03/09/2025 16:07:11,12.990635,80.0893066,0893066,2025-09-04T23:30:06.779495
TN87E6455,353201358042148,48.0,20.16,333.0,03/09/2025 16:07:07,12.9910699,80.0891866,0891866,2025-09-04T23:30:06.779637
TN87E6455,353201358042148,51.0,20.23,333.0,03/09/2025 16:07:02,12.9917016,80.0889616,0889616,2025-09-04T23:30:06.779798
TN87E6455,353201358042148,45.0,20.3,333.0,03/09/2025 16:06:57,12.992285,80.0887316,0887316,2025-09-04T23:30:06.779939
TN87E6455,353201358042148,41.0,20.35,333.0,03/09/2025 16:06:52,12.9927999,80.0885249,0885249,2025-09-04T23:30:06.780050
TN87E6455,353201358042148,39.0,20.41,333.0,03/09/2025 16:06:47,12.9932849,80.088365,088365,2025-09-04T23:30:06.780174
TN87E6455,353201358042148,35.0,20.45,333.0,03/09/2025 16:06:42,12.9937416,80.0882333,0882333,2025-09-04T23:30:06.780311
TN87E6455,353201358042148,28.0,20.48,333.0,03/09/2025 16:06:37,12.9941383,80.0881199,0881199,2025-09-04T23:30:06.780431
TN87E6455,353201358042148,16.0,20.49,333.0,03/09/2025 16:06:32,12.994435,80.0880566,0880566,2025-09-04T23:30:06.780603
TN87E6455,353201358042148,11.0,20.51,333.0,03/09/2025 16:06:30,12.9945183,80.0880366,0880366,2025-09-04T23:30:06.780755
TN87E6455,353201358042148,7.0,20.53,333.0,03/09/2025 16:06:25,12.9946516,80.0880283,0880283,2025-09-04T23:30:06.780933
TN87E6455,353201358042148,13.0,20.54,333.0,03/09/2025 16:06:20,12.9948366,80.0879983,0879983,2025-09-04T23:30:06.781102
TN87E6455,353201358042148,15.0,20.55,333.0,03/09/2025 16:06:19,12.9948866,80.0879949,0879949,2025-09-04T23:30:06.781251
TN87E6455,353201358042148,17.0,20.55,331.0,03/09/2025 16:06:17,12.9949466,80.0879266,0879266,2025-09-04T23:30:06.781390
TN87E6455,353201358042148,17.0,20.57,331.0,03/09/2025 16:06:16,12.9949599,80.0878766,0878766,2025-09-04T23:30:06.781530
TN87E6455,353201358042148,15.0,20.59,331.0,03/09/2025 16:06:12,12.9949366,80.0877149,0877149,2025-09-04T23:30:06.781658
TN87E6455,353201358042148,12.0,20.61,331.0,03/09/2025 16:06:07,12.994895,80.0875316,0875316,2025-09-04T23:30:06.781813
TN87E6455,353201358042148,17.0,20.64,331.0,03/09/2025 16:06:02,12.9948699,80.0873699,0873699,2025-09-04T23:30:06.781947
TN87E6455,353201358042148,24.0,20.67,331.0,03/09/2025 16:05:57,12.9948133,80.08709,08709,2025-09-04T23:30:06.782080
TN87E6455,353201358042148,21.0,20.69,331.0,03/09/2025 16:05:52,12.9947583,80.0868116,0868116,2025-09-04T23:30:06.782215
TN87E6455,353201358042148,12.0,20.71,330.0,03/09/2025 16:05:47,12.9947266,80.0866266,0866266,2025-09-04T23:30:06.782320
TN87E6455,353201358042148,4.0,20.71,330.0,03/09/2025 16:05:42,12.9946766,80.0864283,0864283,2025-09-04T23:30:06.782454
TN87E6455,353201358042148,0.0,20.71,330.0,03/09/2025 16:05:37,12.9946766,80.0864283,0864283,2025-09-04T23:30:06.782571
TN87E6455,353201358042148,0.0,20.71,330.0,03/09/2025 16:05:35,12.9946766,80.0864283,0864283,2025-09-04T23:30:06.782693
TN87E6455,353201358042148,0.0,20.71,328.0,03/09/2025 16:05:31,12.9946766,80.0864283,0864283,2025-09-04T23:30:06.782811
TN87E6455,353201358042148,0.0,20.71,328.0,03/09/2025 16:05:26,12.9946766,80.0864283,0864283,2025-09-04T23:30:06.782944
TN87E6455,353201358042148,0.0,20.71,328.0,03/09/2025 16:05:21,12.9946766,80.0864283,0864283,2025-09-04T23:30:06.783170
TN87E6455,353201358042148,0.0,20.71,328.0,03/09/2025 16:05:16,12.9946766,80.0864283,0864283,2025-09-04T23:30:06.783326
TN87E6455,353201358042148,0.0,20.71,328.0,03/09/2025 16:05:11,12.9946766,80.0864283,0864283,2025-09-04T23:30:06.783474
TN87E6455,353201358042148,0.0,20.71,328.0,03/09/2025 16:05:06,12.9946766,80.0864283,0864283,2025-09-04T23:30:06.783661
TN87E6455,353201358042148,0.0,20.71,328.0,03/09/2025 16:05:01,12.9946766,80.0864283,0864283,2025-09-04T23:30:06.783861
TN87E6455,353201358042148,0.0,20.71,328.0,03/09/2025 16:04:56,12.9946766,80.0864283,0864283,2025-09-04T23:30:06.784049
TN87E6455,353201358042148,0.0,20.71,328.0,03/09/2025 16:04:51,12.9946766,80.0864283,0864283,2025-09-04T23:30:06.784219
TN87E6455,353201358042148,0.0,20.71,327.0,03/09/2025 16:04:46,12.9946766,80.0864283,0864283,2025-09-04T23:30:06.784330
TN87E6455,353201358042148,0.0,20.71,327.0,03/09/2025 16:04:41,12.9946766,80.0864283,0864283,2025-09-04T23:30:06.784430
TN87E6455,353201358042148,0.0,20.71,327.0,03/09/2025 16:04:36,12.9946766,80.0864283,0864283,2025-09-04T23:30:06.784558
TN87E6455,353201358042148,0.0,20.71,327.0,03/09/2025 16:04:31,12.9946766,80.0864283,0864283,2025-09-04T23:30:06.784689
TN87E6455,353201358042148,9.0,20.73,327.0,03/09/2025 16:04:26,12.9946449,80.0863683,0863683,2025-09-04T23:30:06.784813
TN87E6455,353201358042148,19.0,20.76,327.0,03/09/2025 16:04:21,12.99462,80.0861766,0861766,2025-09-04T23:30:06.784951
TN87E6455,353201358042148,16.0,20.78,327.0,03/09/2025 16:04:16,12.994575,80.08592,08592,2025-09-04T23:30:06.785085
TN87E6455,353201358042148,10.0,20.79,327.0,03/09/2025 16:04:11,12.9945483,80.0857433,0857433,2025-09-04T23:30:06.785259
TN87E6455,353201358042148,6.0,20.8,327.0,03/09/2025 16:04:07,12.9945266,80.0856566,0856566,2025-09-04T23:30:06.785388
TN87E6455,353201358042148,3.0,20.8,327.0,03/09/2025 16:04:02,12.99452,80.0855933,0855933,2025-09-04T23:30:06.785568
TN87E6455,353201358042148,6.0,20.81,327.0,03/09/2025 16:03:57,12.994525,80.0855299,0855299,2025-09-04T23:30:06.785721
TN87E6455,353201358042148,4.0,20.81,327.0,03/09/2025 16:03:53,12.9945183,80.0855083,0855083,2025-09-04T23:30:06.785899
TN87E6455,353201358042148,6.0,20.82,327.0,03/09/2025 16:03:48,12.9944866,80.085425,085425,2025-09-04T23:30:06.786056
TN87E6455,353201358042148,6.0,20.83,327.0,03/09/2025 16:03:43,12.9944666,80.0853583,0853583,2025-09-04T23:30:06.786194
TN87E6455,353201358042148,6.0,20.83,327.0,03/09/2025 16:03:41,12.99446,80.0853316,0853316,2025-09-04T23:30:06.786320
TN87E6455,353201358042148,7.0,20.83,327.0,03/09/2025 16:03:37,12.9944433,80.0852733,0852733,2025-09-04T23:30:06.786451
TN87E6455,353201358042148,6.0,20.84,327.0,03/09/2025 16:03:36,12.9944416,80.0852566,0852566,2025-09-04T23:30:06.786581
TN87E6455,353201358042148,6.0,20.84,327.0,03/09/2025 16:03:31,12.9944516,80.0851866,0851866,2025-09-04T23:30:06.786716
TN87E6455,353201358042148,4.0,20.85,327.0,03/09/2025 16:03:29,12.9944516,80.08516,08516,2025-09-04T23:30:06.786845
TN87E6455,353201358042148,0.0,20.85,327.0,03/09/2025 16:03:24,12.9944933,80.0850799,0850799,2025-09-04T23:30:06.786973
TN87E6455,353201358042148,0.0,20.85,327.0,03/09/2025 16:03:19,12.9944933,80.0850799,0850799,2025-09-04T23:30:06.787093
TN87E6455,353201358042148,0.0,20.85,327.0,03/09/2025 16:03:14,12.9944933,80.0850799,0850799,2025-09-04T23:30:06.787214
TN87E6455,353201358042148,0.0,20.85,327.0,03/09/2025 16:03:09,12.9944933,80.0850799,0850799,2025-09-04T23:30:06.787333
TN87E6455,353201358042148,0.0,20.85,327.0,03/09/2025 16:03:04,12.9944933,80.0850799,0850799,2025-09-04T23:30:06.787490
TN87E6455,353201358042148,0.0,20.85,327.0,03/09/2025 16:02:59,12.9944933,80.0850799,0850799,2025-09-04T23:30:06.787597
TN87E6455,353201358042148,0.0,20.85,327.0,03/09/2025 16:02:54,12.9944933,80.0850799,0850799,2025-09-04T23:30:06.787716
TN87E6455,353201358042148,0.0,20.85,327.0,03/09/2025 16:02:49,12.9944933,80.0850799,0850799,2025-09-04T23:30:06.787846
TN87E6455,353201358042148,0.0,20.85,327.0,03/09/2025 16:02:44,12.9944933,80.0850799,0850799,2025-09-04T23:30:06.787974
TN87E6455,353201358042148,0.0,20.85,327.0,03/09/2025 16:02:39,12.9944933,80.0850799,0850799,2025-09-04T23:30:06.788424
TN87E6455,353201358042148,0.0,20.85,327.0,03/09/2025 16:02:34,12.9944933,80.0850799,0850799,2025-09-04T23:30:06.788617
TN87E6455,353201358042148,0.0,20.85,327.0,03/09/2025 16:02:29,12.9944933,80.0850799,0850799,2025-09-04T23:30:06.788791
TN87E6455,353201358042148,0.0,20.85,327.0,03/09/2025 16:02:29,12.9944933,80.0850799,0850799,2025-09-04T23:30:06.788933
TN87E6455,353201358042148,0.0,20.85,326.0,03/09/2025 16:02:13,12.9944933,80.0850799,0850799,2025-09-04T23:30:06.789062
TN87E6455,353201358042148,0.0,20.85,324.0,03/09/2025 16:01:43,12.9944933,80.0850799,0850799,2025-09-04T23:30:06.789243
TN87E6455,353201358042148,0.0,20.85,322.0,03/09/2025 16:01:13,12.9944933,80.0850799,0850799,2025-09-04T23:30:06.789425
TN87E6455,353201358042148,0.0,20.85,320.0,03/09/2025 16:00:43,12.9944933,80.0850799,0850799,2025-09-04T23:30:06.789615
TN87E6455,353201358042148,0.0,20.85,318.0,03/09/2025 16:00:13,12.9944933,80.0850799,0850799,2025-09-04T23:30:06.789827
TN87E6455,353201358042148,0.0,20.85,316.0,03/09/2025 15:59:43,12.9944933,80.0850799,0850799,2025-09-04T23:30:06.790038
TN87E6455,353201358042148,0.0,20.85,316.0,03/09/2025 15:59:13,12.9944933,80.0850799,0850799,2025-09-04T23:30:06.790222
TN87E6455,353201358042148,0.0,20.85,316.0,03/09/2025 15:59:11,12.9944933,80.0850799,0850799,2025-09-04T23:30:06.790398
TN87E6455,353201358042148,0.0,20.85,314.0,03/09/2025 15:59:06,12.9944933,80.0850799,0850799,2025-09-04T23:30:06.790585
TN87E6455,353201358042148,0.0,20.85,314.0,03/09/2025 15:59:01,12.9944933,80.0850799,0850799,2025-09-04T23:30:06.790753
TN87E6455,353201358042148,0.0,20.85,314.0,03/09/2025 15:58:56,12.9944933,80.0850799,0850799,2025-09-04T23:30:06.790938
TN87E6455,353201358042148,0.0,20.85,314.0,03/09/2025 15:58:51,12.9944933,80.0850799,0850799,2025-09-04T23:30:06.791144
TN87E6455,353201358042148,0.0,20.85,314.0,03/09/2025 15:58:46,12.9944933,80.0850799,0850799,2025-09-04T23:30:06.791300
TN87E6455,353201358042148,0.0,20.85,314.0,03/09/2025 15:58:41,12.9944933,80.0850799,0850799,2025-09-04T23:30:06.791443
TN87E6455,353201358042148,0.0,20.85,314.0,03/09/2025 15:58:36,12.9944933,80.0850799,0850799,2025-09-04T23:30:06.791576
TN87E6455,353201358042148,0.0,20.85,314.0,03/09/2025 15:58:31,12.9944933,80.0850799,0850799,2025-09-04T23:30:06.791722
TN87E6455,353201358042148,0.0,20.85,314.0,03/09/2025 15:58:26,12.9944933,80.0850799,0850799,2025-09-04T23:30:06.791855
TN87E6455,353201358042148,0.0,20.85,314.0,03/09/2025 15:58:21,12.9944933,80.0850799,0850799,2025-09-04T23:30:06.791958
TN87E6455,353201358042148,0.0,20.85,315.0,03/09/2025 15:58:16,12.9944933,80.0850799,0850799,2025-09-04T23:30:06.792093
TN87E6455,353201358042148,0.0,20.85,315.0,03/09/2025 15:58:11,12.9944933,80.0850799,0850799,2025-09-04T23:30:06.792222
TN87E6455,353201358042148,0.0,20.85,315.0,03/09/2025 15:58:06,12.9944933,80.0850799,0850799,2025-09-04T23:30:06.792337
TN87E6455,353201358042148,0.0,20.85,315.0,03/09/2025 15:58:01,12.9944933,80.0850799,0850799,2025-09-04T23:30:06.792464
TN87E6455,353201358042148,0.0,20.85,315.0,03/09/2025 15:57:56,12.9944933,80.0850799,0850799,2025-09-04T23:30:06.792595
TN87E6455,353201358042148,0.0,20.85,315.0,03/09/2025 15:57:56,12.9944933,80.0850799,0850799,2025-09-04T23:30:06.792705
TN87E6455,353201358042148,0.0,20.85,317.0,03/09/2025 15:57:39,12.9944866,80.0849666,0849666,2025-09-04T23:30:06.792831
TN87E6455,353201358042148,0.0,20.85,321.0,03/09/2025 15:57:09,12.9944866,80.0849666,0849666,2025-09-04T23:30:06.792935
TN87E6455,353201358042148,0.0,20.85,324.0,03/09/2025 15:56:39,12.9944866,80.0849666,0849666,2025-09-04T23:30:06.793040
TN87E6455,353201358042148,0.0,20.85,324.0,03/09/2025 15:56:37,12.9944866,80.0849666,0849666,2025-09-04T23:30:06.793164
TN87E6455,353201358042148,0.0,20.85,324.0,03/09/2025 15:56:32,12.9944866,80.0849666,0849666,2025-09-04T23:30:06.793288
TN87E6455,353201358042148,0.0,20.85,324.0,03/09/2025 15:56:27,12.9944866,80.0849666,0849666,2025-09-04T23:30:06.793415
TN87E6455,353201358042148,0.0,20.85,324.0,03/09/2025 15:56:22,12.9944866,80.0849666,0849666,2025-09-04T23:30:06.793518
TN87E6455,353201358042148,0.0,20.85,326.0,03/09/2025 15:56:17,12.9944866,80.0849666,0849666,2025-09-04T23:30:06.793641
TN87E6455,353201358042148,0.0,20.85,326.0,03/09/2025 15:56:12,12.9944866,80.0849666,0849666,2025-09-04T23:30:06.793762
TN87E6455,353201358042148,0.0,20.85,326.0,03/09/2025 15:56:07,12.9944866,80.0849666,0849666,2025-09-04T23:30:06.793892
TN87E6455,353201358042148,0.0,20.85,326.0,03/09/2025 15:56:02,12.9944866,80.0849666,0849666,2025-09-04T23:30:06.794040
TN87E6455,353201358042148,0.0,20.85,326.0,03/09/2025 15:55:57,12.9944866,80.0849666,0849666,2025-09-04T23:30:06.794176
TN87E6455,353201358042148,0.0,20.85,326.0,03/09/2025 15:55:52,12.9944866,80.0849666,0849666,2025-09-04T23:30:06.794333
TN87E6455,353201358042148,0.0,20.85,328.0,03/09/2025 15:55:47,12.9944866,80.0849666,0849666,2025-09-04T23:30:06.794465
TN87E6455,353201358042148,0.0,20.85,328.0,03/09/2025 15:55:42,12.9944866,80.0849666,0849666,2025-09-04T23:30:06.794589
TN87E6455,353201358042148,0.0,20.85,328.0,03/09/2025 15:55:37,12.9944866,80.0849666,0849666,2025-09-04T23:30:06.794715
TN87E6455,353201358042148,0.0,20.85,328.0,03/09/2025 15:55:32,12.9944933,80.08491,08491,2025-09-04T23:30:06.794845
TN87E6455,353201358042148,0.0,20.85,328.0,03/09/2025 15:55:27,12.9944933,80.08491,08491,2025-09-04T23:30:06.794977
TN87E6455,353201358042148,0.0,20.85,328.0,03/09/2025 15:55:22,12.9944933,80.08491,08491,2025-09-04T23:30:06.795124
TN87E6455,353201358042148,0.0,20.85,328.0,03/09/2025 15:55:17,12.9944933,80.08491,08491,2025-09-04T23:30:06.795268
TN87E6455,353201358042148,0.0,20.85,328.0,03/09/2025 15:55:12,12.9944933,80.084905,084905,2025-09-04T23:30:06.795388
TN87E6455,353201358042148,3.0,20.85,328.0,03/09/2025 15:55:07,12.9945066,80.0848266,0848266,2025-09-04T23:30:06.795560
TN87E6455,353201358042148,0.0,20.85,328.0,03/09/2025 15:55:02,12.9945066,80.0848266,0848266,2025-09-04T23:30:06.795738
TN87E6455,353201358042148,0.0,20.85,328.0,03/09/2025 15:54:57,12.9945066,80.0848266,0848266,2025-09-04T23:30:06.795933
TN87E6455,353201358042148,4.0,20.86,328.0,03/09/2025 15:54:52,12.994505,80.084795,084795,2025-09-04T23:30:06.796102
TN87E6455,353201358042148,6.0,20.87,328.0,03/09/2025 15:54:47,12.9945099,80.0847249,0847249,2025-09-04T23:30:06.796254
TN87E6455,353201358042148,0.0,20.87,328.0,03/09/2025 15:54:42,12.9945116,80.08468,08468,2025-09-04T23:30:06.796401
TN87E6455,353201358042148,5.0,20.87,328.0,03/09/2025 15:54:37,12.9945233,80.0845816,0845816,2025-09-04T23:30:06.796537
TN87E6455,353201358042148,0.0,20.87,328.0,03/09/2025 15:54:32,12.9945233,80.0845816,0845816,2025-09-04T23:30:06.796666
TN87E6455,353201358042148,0.0,20.87,328.0,03/09/2025 15:54:27,12.9945216,80.0845816,0845816,2025-09-04T23:30:06.796797
TN87E6455,353201358042148,0.0,20.87,328.0,03/09/2025 15:54:22,12.99452,80.0845233,0845233,2025-09-04T23:30:06.796930
TN87E6455,353201358042148,6.0,20.87,328.0,03/09/2025 15:54:17,12.9945283,80.0844833,0844833,2025-09-04T23:30:06.797034
TN87E6455,353201358042148,4.0,20.88,328.0,03/09/2025 15:54:12,12.9945283,80.0844216,0844216,2025-09-04T23:30:06.797217
TN87E6455,353201358042148,4.0,20.89,328.0,03/09/2025 15:54:07,12.9945433,80.0843316,0843316,2025-09-04T23:30:06.797348
TN87E6455,353201358042148,7.0,20.9,328.0,03/09/2025 15:54:02,12.9945699,80.0842633,0842633,2025-09-04T23:30:06.797493
TN87E6455,353201358042148,5.0,20.91,328.0,03/09/2025 15:53:57,12.994605,80.0841766,0841766,2025-09-04T23:30:06.797613
TN87E6455,353201358042148,10.0,20.93,328.0,03/09/2025 15:53:52,12.9946383,80.0840966,0840966,2025-09-04T23:30:06.797731
TN87E6455,353201358042148,13.0,20.95,328.0,03/09/2025 15:53:47,12.994665,80.0839466,0839466,2025-09-04T23:30:06.797847
TN87E6455,353201358042148,17.0,20.98,328.0,03/09/2025 15:53:42,12.9947049,80.0837499,0837499,2025-09-04T23:30:06.797970
TN87E6455,353201358042148,16.0,21.0,328.0,03/09/2025 15:53:37,12.9947533,80.0835066,0835066,2025-09-04T23:30:06.798095
TN87E6455,353201358042148,8.0,21.01,328.0,03/09/2025 15:53:32,12.9947883,80.0833283,0833283,2025-09-04T23:30:06.798215
TN87E6455,353201358042148,0.0,21.01,328.0,03/09/2025 15:53:30,12.994805,80.0832133,0832133,2025-09-04T23:30:06.798330
TN87E6455,353201358042148,0.0,21.01,328.0,03/09/2025 15:53:26,12.994805,80.0832133,0832133,2025-09-04T23:30:06.798445
TN87E6455,353201358042148,0.0,21.01,327.0,03/09/2025 15:52:56,12.994805,80.0832133,0832133,2025-09-04T23:30:06.798553
TN87E6455,353201358042148,0.0,21.01,327.0,03/09/2025 15:52:26,12.994805,80.0832133,0832133,2025-09-04T23:30:06.798657
TN87E6455,353201358042148,0.0,21.01,326.0,03/09/2025 15:51:56,12.994805,80.0832133,0832133,2025-09-04T23:30:06.798759
TN87E6455,353201358042148,0.0,21.01,326.0,03/09/2025 15:51:26,12.994805,80.0832133,0832133,2025-09-04T23:30:06.798874
TN87E6455,353201358042148,0.0,21.01,326.0,03/09/2025 15:50:56,12.994805,80.0832133,0832133,2025-09-04T23:30:06.799004
TN87E6455,353201358042148,0.0,21.01,326.0,03/09/2025 15:50:53,12.994805,80.0832133,0832133,2025-09-04T23:30:06.799103
TN87E6455,353201358042148,0.0,21.01,326.0,03/09/2025 15:50:48,12.994805,80.0832133,0832133,2025-09-04T23:30:06.799241
TN87E6455,353201358042148,0.0,21.01,326.0,03/09/2025 15:50:43,12.994805,80.0832133,0832133,2025-09-04T23:30:06.799428
TN87E6455,353201358042148,0.0,21.01,326.0,03/09/2025 15:50:38,12.994805,80.0832133,0832133,2025-09-04T23:30:06.799592
TN87E6455,353201358042148,0.0,21.01,326.0,03/09/2025 15:50:33,12.994805,80.0832133,0832133,2025-09-04T23:30:06.799754
TN87E6455,353201358042148,0.0,21.01,326.0,03/09/2025 15:50:28,12.994805,80.0832133,0832133,2025-09-04T23:30:06.799903
TN87E6455,353201358042148,0.0,21.01,326.0,03/09/2025 15:50:23,12.994805,80.0832133,0832133,2025-09-04T23:30:06.800018
TN87E6455,353201358042148,0.0,21.01,326.0,03/09/2025 15:50:18,12.994805,80.0832133,0832133,2025-09-04T23:30:06.800160
TN87E6455,353201358042148,0.0,21.01,327.0,03/09/2025 15:50:13,12.994805,80.0832133,0832133,2025-09-04T23:30:06.800277
TN87E6455,353201358042148,0.0,21.01,327.0,03/09/2025 15:50:08,12.994805,80.0832133,0832133,2025-09-04T23:30:06.800412
TN87E6455,353201358042148,0.0,21.01,327.0,03/09/2025 15:50:03,12.994805,80.0832133,0832133,2025-09-04T23:30:06.800554
TN87E6455,353201358042148,0.0,21.01,327.0,03/09/2025 15:49:58,12.994805,80.0832133,0832133,2025-09-04T23:30:06.800735
TN87E6455,353201358042148,0.0,21.01,327.0,03/09/2025 15:49:53,12.994805,80.0832133,0832133,2025-09-04T23:30:06.800923
TN87E6455,353201358042148,0.0,21.01,327.0,03/09/2025 15:49:48,12.994805,80.0832133,0832133,2025-09-04T23:30:06.801080
TN87E6455,353201358042148,0.0,21.01,329.0,03/09/2025 15:49:43,12.994805,80.0832133,0832133,2025-09-04T23:30:06.801245
TN87E6455,353201358042148,0.0,21.01,329.0,03/09/2025 15:49:38,12.994805,80.0832133,0832133,2025-09-04T23:30:06.801397
TN87E6455,353201358042148,0.0,21.01,329.0,03/09/2025 15:49:33,12.994805,80.0832133,0832133,2025-09-04T23:30:06.801503
TN87E6455,353201358042148,0.0,21.01,332.0,03/09/2025 15:49:28,12.994805,80.0832133,0832133,2025-09-04T23:30:06.801602
TN87E6455,353201358042148,4.0,21.02,332.0,03/09/2025 15:49:23,12.9948066,80.0832049,0832049,2025-09-04T23:30:06.801764
TN87E6455,353201358042148,0.0,21.02,332.0,03/09/2025 15:49:18,12.9948266,80.083115,083115,2025-09-04T23:30:06.801936
TN87E6455,353201358042148,0.0,21.02,332.0,03/09/2025 15:49:13,12.9948266,80.083115,083115,2025-09-04T23:30:06.802101
TN87E6455,353201358042148,0.0,21.02,332.0,03/09/2025 15:49:08,12.9948266,80.083115,083115,2025-09-04T23:30:06.802273
TN87E6455,353201358042148,0.0,21.02,332.0,03/09/2025 15:49:03,12.9948266,80.083115,083115,2025-09-04T23:30:06.802416
TN87E6455,353201358042148,4.0,21.02,332.0,03/09/2025 15:48:58,12.99483,80.0830966,0830966,2025-09-04T23:30:06.802590
TN87E6455,353201358042148,0.0,21.02,332.0,03/09/2025 15:48:53,12.9948483,80.0830583,0830583,2025-09-04T23:30:06.802781
TN87E6455,353201358042148,0.0,21.02,332.0,03/09/2025 15:48:48,12.9948483,80.0830583,0830583,2025-09-04T23:30:06.802973
TN87E6455,353201358042148,0.0,21.02,334.0,03/09/2025 15:48:43,12.9948483,80.0830583,0830583,2025-09-04T23:30:06.803183
TN87E6455,353201358042148,8.0,21.04,334.0,03/09/2025 15:48:38,12.9948516,80.0830233,0830233,2025-09-04T23:30:06.803368
TN87E6455,353201358042148,19.0,21.06,334.0,03/09/2025 15:48:33,12.9949016,80.0828516,0828516,2025-09-04T23:30:06.803536
TN87E6455,353201358042148,31.0,21.09,334.0,03/09/2025 15:48:30,12.9949466,80.082675,082675,2025-09-04T23:30:06.803683
TN87E6455,353201358042148,42.0,21.15,334.0,03/09/2025 15:48:27,12.9949816,80.082405,082405,2025-09-04T23:30:06.803837
TN87E6455,353201358042148,46.0,21.22,337.0,03/09/2025 15:48:22,12.9951266,80.08185,08185,2025-09-04T23:30:06.804000
TN87E6455,353201358042148,46.0,21.28,337.0,03/09/2025 15:48:17,12.9952416,80.0812799,0812799,2025-09-04T23:30:06.804156
TN87E6455,353201358042148,47.0,21.35,337.0,03/09/2025 15:48:12,12.9953666,80.080675,080675,2025-09-04T23:30:06.804306
TN87E6455,353201358042148,44.0,21.37,337.0,03/09/2025 15:48:07,12.9955199,80.0800866,0800866,2025-09-04T23:30:06.804444
TN87E6455,353201358042148,43.0,21.4,337.0,03/09/2025 15:48:05,12.9955516,80.0798633,0798633,2025-09-04T23:30:06.804555
TN87E6455,353201358042148,45.0,21.42,337.0,03/09/2025 15:48:03,12.9955283,80.0796466,0796466,2025-09-04T23:30:06.804686
TN87E6455,353201358042148,46.0,21.48,337.0,03/09/2025 15:48:01,12.9954766,80.079445,079445,2025-09-04T23:30:06.804793
TN87E6455,353201358042148,43.0,21.54,337.0,03/09/2025 15:47:56,12.9952066,80.0789216,0789216,2025-09-04T23:30:06.804911
TN87E6455,353201358042148,41.0,21.6,337.0,03/09/2025 15:47:51,12.99499,80.07842,07842,2025-09-04T23:30:06.805037
TN87E6455,353201358042148,37.0,21.65,340.0,03/09/2025 15:47:46,12.9947183,80.0779633,0779633,2025-09-04T23:30:06.805204
TN87E6455,353201358042148,29.0,21.69,340.0,03/09/2025 15:47:41,12.9944983,80.07757,07757,2025-09-04T23:30:06.805378
TN87E6455,353201358042148,27.0,21.72,340.0,03/09/2025 15:47:36,12.994325,80.07725,07725,2025-09-04T23:30:06.805553
TN87E6455,353201358042148,26.0,21.76,340.0,03/09/2025 15:47:32,12.9942383,80.0769966,0769966,2025-09-04T23:30:06.805739
TN87E6455,353201358042148,35.0,21.81,340.0,03/09/2025 15:47:27,12.9942333,80.0766133,0766133,2025-09-04T23:30:06.805889
TN87E6455,353201358042148,37.0,21.86,340.0,03/09/2025 15:47:22,12.9943033,80.0761299,0761299,2025-09-04T23:30:06.806057
TN87E6455,353201358042148,35.0,21.91,340.0,03/09/2025 15:47:17,12.9943583,80.0756666,0756666,2025-09-04T23:30:06.806182
TN87E6455,353201358042148,29.0,21.95,342.0,03/09/2025 15:47:12,12.9944116,80.0752433,0752433,2025-09-04T23:30:06.806312
TN87E6455,353201358042148,25.0,21.98,342.0,03/09/2025 15:47:07,12.9944316,80.0749033,0749033,2025-09-04T23:30:06.806441
TN87E6455,353201358042148,26.0,22.02,342.0,03/09/2025 15:47:02,12.9944316,80.0745866,0745866,2025-09-04T23:30:06.806592
TN87E6455,353201358042148,36.0,22.07,342.0,03/09/2025 15:46:58,12.9944733,80.0742766,0742766,2025-09-04T23:30:06.806726
TN87E6455,353201358042148,42.0,22.13,342.0,03/09/2025 15:46:53,12.9945466,80.0737566,0737566,2025-09-04T23:30:06.806857
TN87E6455,353201358042148,45.0,22.2,342.0,03/09/2025 15:46:48,12.9946366,80.07319,07319,2025-09-04T23:30:06.806972
TN87E6455,353201358042148,47.0,22.26,342.0,03/09/2025 15:46:43,12.9946833,80.0725966,0725966,2025-09-04T23:30:06.807087
TN87E6455,353201358042148,45.0,22.32,342.0,03/09/2025 15:46:38,12.9947733,80.071995,071995,2025-09-04T23:30:06.807217
TN87E6455,353201358042148,36.0,22.37,342.0,03/09/2025 15:46:33,12.9948549,80.0714716,0714716,2025-09-04T23:30:06.807351
TN87E6455,353201358042148,32.0,22.44,342.0,03/09/2025 15:46:28,12.99491,80.071045,071045,2025-09-04T23:30:06.807474
TN87E6455,353201358042148,32.0,22.48,338.0,03/09/2025 15:46:23,12.9949599,80.0706433,0706433,2025-09-04T23:30:06.807602
TN87E6455,353201358042148,33.0,22.51,338.0,03/09/2025 15:46:20,12.9949633,80.0703933,0703933,2025-09-04T23:30:06.807732
TN87E6455,353201358042148,34.0,22.56,338.0,03/09/2025 15:46:18,12.9949299,80.0702266,0702266,2025-09-04T23:30:06.807873
TN87E6455,353201358042148,36.0,22.61,338.0,03/09/2025 15:46:13,12.9946749,80.0698566,0698566,2025-09-04T23:30:06.807999
TN87E6455,353201358042148,36.0,22.67,338.0,03/09/2025 15:46:08,12.9944133,80.0694683,0694683,2025-09-04T23:30:06.808164
TN87E6455,353201358042148,40.0,22.72,338.0,03/09/2025 15:46:03,12.9940883,80.0690916,0690916,2025-09-04T23:30:06.808329
TN87E6455,353201358042148,39.0,22.88,338.0,03/09/2025 15:45:58,12.99376,80.0687416,0687416,2025-09-04T23:30:06.808465
TN87E6455,353201358042148,38.0,23.06,335.0,03/09/2025 15:45:53,12.9933699,80.0684,0684,2025-09-04T23:30:06.808600
TN87E6455,353201358042148,38.0,23.11,335.0,03/09/2025 15:45:48,12.9930716,80.06806,06806,2025-09-04T23:30:06.808730
TN87E6455,353201358042148,47.0,23.17,335.0,03/09/2025 15:45:43,12.992645,80.0677083,0677083,2025-09-04T23:30:06.808866
TN87E6455,353201358042148,53.0,23.24,335.0,03/09/2025 15:45:38,12.99215,80.0673233,0673233,2025-09-04T23:30:06.809006
TN87E6455,353201358042148,46.0,23.31,335.0,03/09/2025 15:45:33,12.9916483,80.066915,066915,2025-09-04T23:30:06.809131
TN87E6455,353201358042148,50.0,23.39,335.0,03/09/2025 15:45:28,12.9912049,80.0665316,0665316,2025-09-04T23:30:06.809270
TN87E6455,353201358042148,58.0,23.47,335.0,03/09/2025 15:45:23,12.9906399,80.0661033,0661033,2025-09-04T23:30:06.809397
TN87E6455,353201358042148,58.0,23.55,335.0,03/09/2025 15:45:18,12.99007,80.0656516,0656516,2025-09-04T23:30:06.809516
TN87E6455,353201358042148,61.0,23.64,335.0,03/09/2025 15:45:13,12.9894716,80.06513,06513,2025-09-04T23:30:06.809638
TN87E6455,353201358042148,61.0,23.68,335.0,03/09/2025 15:45:08,12.9888583,80.0646216,0646216,2025-09-04T23:30:06.809768
TN87E6455,353201358042148,61.0,23.74,335.0,03/09/2025 15:45:06,12.988585,80.0644716,0644716,2025-09-04T23:30:06.809897
TN87E6455,353201358042148,60.0,23.83,335.0,03/09/2025 15:45:02,12.9879966,80.06433,06433,2025-09-04T23:30:06.810003
TN87E6455,353201358042148,57.0,23.91,335.0,03/09/2025 15:44:57,12.98726,80.0641916,0641916,2025-09-04T23:30:06.810132
TN87E6455,353201358042148,56.0,23.99,335.0,03/09/2025 15:44:52,12.9865716,80.0639716,0639716,2025-09-04T23:30:06.810238
TN87E6455,353201358042148,52.0,24.06,335.0,03/09/2025 15:44:47,12.9858716,80.0638,0638,2025-09-04T23:30:06.810343
TN87E6455,353201358042148,49.0,24.17,335.0,03/09/2025 15:44:42,12.9852583,80.0635783,0635783,2025-09-04T23:30:06.810445
TN87E6455,353201358042148,44.0,24.25,335.0,03/09/2025 15:44:37,12.9847133,80.06329,06329,2025-09-04T23:30:06.810616
TN87E6455,353201358042148,42.0,24.29,335.0,03/09/2025 15:44:33,12.984345,80.0630683,0630683,2025-09-04T23:30:06.810752
TN87E6455,353201358042148,39.0,24.33,335.0,03/09/2025 15:44:31,12.984175,80.062945,062945,2025-09-04T23:30:06.810896
TN87E6455,353201358042148,36.0,24.38,335.0,03/09/2025 15:44:27,12.98395,80.0626433,0626433,2025-09-04T23:30:06.811056
TN87E6455,353201358042148,47.0,24.45,335.0,03/09/2025 15:44:23,12.9836566,80.0622933,0622933,2025-09-04T23:30:06.811198
TN87E6455,353201358042148,44.0,24.51,334.0,03/09/2025 15:44:18,12.9834183,80.06176,06176,2025-09-04T23:30:06.811364
TN87E6455,353201358042148,41.0,24.57,334.0,03/09/2025 15:44:13,12.98319,80.0612683,0612683,2025-09-04T23:30:06.811500
TN87E6455,353201358042148,39.0,24.62,334.0,03/09/2025 15:44:08,12.9829316,80.0607933,0607933,2025-09-04T23:30:06.811656
TN87E6455,353201358042148,34.0,24.66,334.0,03/09/2025 15:44:03,12.982745,80.0603716,0603716,2025-09-04T23:30:06.811810
TN87E6455,353201358042148,26.0,24.69,334.0,03/09/2025 15:43:58,12.9825816,80.0600116,0600116,2025-09-04T23:30:06.811936
TN87E6455,353201358042148,19.0,24.72,334.0,03/09/2025 15:43:53,12.982415,80.059755,059755,2025-09-04T23:30:06.812071
TN87E6455,353201358042148,11.0,24.73,334.0,03/09/2025 15:43:48,12.9823216,80.0595699,0595699,2025-09-04T23:30:06.812175
TN87E6455,353201358042148,11.0,24.74,334.0,03/09/2025 15:43:43,12.982285,80.0594433,0594433,2025-09-04T23:30:06.812300
TN87E6455,353201358042148,18.0,24.77,334.0,03/09/2025 15:43:40,12.982235,80.0593316,0593316,2025-09-04T23:30:06.812425
TN87E6455,353201358042148,18.0,24.8,334.0,03/09/2025 15:43:35,12.982115,80.0591383,0591383,2025-09-04T23:30:06.812554
TN87E6455,353201358042148,22.0,24.83,334.0,03/09/2025 15:43:30,12.9819416,80.0588999,0588999,2025-09-04T23:30:06.812654
TN87E6455,353201358042148,18.0,24.85,334.0,03/09/2025 15:43:25,12.9817916,80.0586749,0586749,2025-09-04T23:30:06.812769
TN87E6455,353201358042148,22.0,24.89,334.0,03/09/2025 15:43:20,12.9816733,80.0585,0585,2025-09-04T23:30:06.812888
TN87E6455,353201358042148,32.0,24.94,334.0,03/09/2025 15:43:15,12.981455,80.05823,05823,2025-09-04T23:30:06.812983
TN87E6455,353201358042148,40.0,25.0,334.0,03/09/2025 15:43:10,12.9812483,80.0577916,0577916,2025-09-04T23:30:06.813136
TN87E6455,353201358042148,44.0,25.06,334.0,03/09/2025 15:43:05,12.98106,80.0572883,0572883,2025-09-04T23:30:06.813270
TN87E6455,353201358042148,42.0,25.12,334.0,03/09/2025 15:43:00,12.9808299,80.0567783,0567783,2025-09-04T23:30:06.813377
TN87E6455,353201358042148,45.0,25.19,334.0,03/09/2025 15:42:55,12.9805966,80.0562816,0562816,2025-09-04T23:30:06.813475
TN87E6455,353201358042148,47.0,25.25,334.0,03/09/2025 15:42:50,12.98025,80.05577,05577,2025-09-04T23:30:06.813594
TN87E6455,353201358042148,45.0,25.32,334.0,03/09/2025 15:42:45,12.9799033,80.0552866,0552866,2025-09-04T23:30:06.813729
TN87E6455,353201358042148,45.0,25.38,334.0,03/09/2025 15:42:40,12.9795616,80.0548216,0548216,2025-09-04T23:30:06.813853
TN87E6455,353201358042148,43.0,25.43,334.0,03/09/2025 15:42:35,12.9792383,80.0543733,0543733,2025-09-04T23:30:06.813998
TN87E6455,353201358042148,38.0,25.49,334.0,03/09/2025 15:42:30,12.9789316,80.053965,053965,2025-09-04T23:30:06.814175
TN87E6455,353201358042148,37.0,25.54,334.0,03/09/2025 15:42:25,12.9786533,80.053585,053585,2025-09-04T23:30:06.814286
TN87E6455,353201358042148,34.0,25.59,334.0,03/09/2025 15:42:20,12.9783483,80.0532133,0532133,2025-09-04T23:30:06.814387
TN87E6455,353201358042148,35.0,25.64,335.0,03/09/2025 15:42:15,12.97806,80.0528583,0528583,2025-09-04T23:30:06.814484
TN87E6455,353201358042148,35.0,25.69,335.0,03/09/2025 15:42:10,12.9778033,80.0524716,0524716,2025-09-04T23:30:06.814608
TN87E6455,353201358042148,37.0,25.74,335.0,03/09/2025 15:42:05,12.9775533,80.0520866,0520866,2025-09-04T23:30:06.815112
TN87E6455,353201358042148,40.0,25.8,335.0,03/09/2025 15:42:00,12.9772649,80.0516866,0516866,2025-09-04T23:30:06.815333
TN87E6455,353201358042148,44.0,25.86,335.0,03/09/2025 15:41:55,12.976965,80.0512483,0512483,2025-09-04T23:30:06.815525
TN87E6455,353201358042148,42.0,25.92,335.0,03/09/2025 15:41:50,12.9766766,80.050755,050755,2025-09-04T23:30:06.815731
TN87E6455,353201358042148,42.0,25.98,335.0,03/09/2025 15:41:45,12.9763866,80.05027,05027,2025-09-04T23:30:06.815923
TN87E6455,353201358042148,41.0,26.04,335.0,03/09/2025 15:41:40,12.9761166,80.0498116,0498116,2025-09-04T23:30:06.816127
TN87E6455,353201358042148,40.0,26.09,335.0,03/09/2025 15:41:35,12.9758316,80.0493533,0493533,2025-09-04T23:30:06.816359
TN87E6455,353201358042148,34.0,26.14,337.0,03/09/2025 15:41:30,12.97557,80.0489683,0489683,2025-09-04T23:30:06.816563
TN87E6455,353201358042148,32.0,26.21,337.0,03/09/2025 15:41:25,12.97533,80.0486233,0486233,2025-09-04T23:30:06.816756
TN87E6455,353201358042148,35.0,26.31,337.0,03/09/2025 15:41:20,12.9751366,80.0482916,0482916,2025-09-04T23:30:06.816969
TN87E6455,353201358042148,46.0,26.35,337.0,03/09/2025 15:41:17,12.9749749,80.04804,04804,2025-09-04T23:30:06.817163
TN87E6455,353201358042148,51.0,26.42,337.0,03/09/2025 15:41:12,12.9747299,80.0474516,0474516,2025-09-04T23:30:06.817331
TN87E6455,353201358042148,51.0,26.49,337.0,03/09/2025 15:41:07,12.9745383,80.0468216,0468216,2025-09-04T23:30:06.817495
TN87E6455,353201358042148,49.0,26.56,337.0,03/09/2025 15:41:02,12.9743766,80.04618,04618,2025-09-04T23:30:06.817670
TN87E6455,353201358042148,46.0,26.62,337.0,03/09/2025 15:40:57,12.9742216,80.0455716,0455716,2025-09-04T23:30:06.817823
TN87E6455,353201358042148,46.0,26.68,337.0,03/09/2025 15:40:52,12.9740066,80.04503,04503,2025-09-04T23:30:06.817983
TN87E6455,353201358042148,48.0,26.75,339.0,03/09/2025 15:40:47,12.9737316,80.0445216,0445216,2025-09-04T23:30:06.818136
TN87E6455,353201358042148,48.0,26.82,339.0,03/09/2025 15:40:42,12.9734449,80.0439683,0439683,2025-09-04T23:30:06.818263
TN87E6455,353201358042148,46.0,26.89,339.0,03/09/2025 15:40:37,12.9730899,80.0434533,0434533,2025-09-04T23:30:06.818426
TN87E6455,353201358042148,46.0,26.95,339.0,03/09/2025 15:40:32,12.972755,80.0429216,0429216,2025-09-04T23:30:06.818594
TN87E6455,353201358042148,47.0,27.02,339.0,03/09/2025 15:40:27,12.9724333,80.0424333,0424333,2025-09-04T23:30:06.818759
TN87E6455,353201358042148,52.0,27.1,340.0,03/09/2025 15:40:22,12.9720816,80.041905,041905,2025-09-04T23:30:06.818883
TN87E6455,353201358042148,61.0,27.19,340.0,03/09/2025 15:40:17,12.9716583,80.0413133,0413133,2025-09-04T23:30:06.819053
TN87E6455,353201358042148,61.0,27.27,340.0,03/09/2025 15:40:12,12.9712333,80.0406449,0406449,2025-09-04T23:30:06.819158
TN87E6455,353201358042148,61.0,27.34,340.0,03/09/2025 15:40:07,12.9709466,80.0399399,0399399,2025-09-04T23:30:06.819278
TN87E6455,353201358042148,61.0,27.34,340.0,03/09/2025 15:40:03,12.970755,80.0393199,0393199,2025-09-04T23:30:06.819452
TN87E6455,353201358042148,61.0,28.17,340.0,03/09/2025 15:39:58,12.9706316,80.0385483,0385483,2025-09-04T23:30:06.819602
TN87E6455,353201358042148,60.0,28.17,340.0,03/09/2025 15:39:53,12.9704833,80.03761,03761,2025-09-04T23:30:06.819775
TN87E6455,353201358042148,62.0,28.26,340.0,03/09/2025 15:39:48,12.970385,80.0368533,0368533,2025-09-04T23:30:06.819930
TN87E6455,353201358042148,62.0,28.34,336.0,03/09/2025 15:39:43,12.9702283,80.0360466,0360466,2025-09-04T23:30:06.820054
TN87E6455,353201358042148,59.0,28.43,336.0,03/09/2025 15:39:38,12.9700533,80.0352583,0352583,2025-09-04T23:30:06.820162
TN87E6455,353201358042148,55.0,28.51,336.0,03/09/2025 15:39:33,12.96983,80.034565,034565,2025-09-04T23:30:06.820292
TN87E6455,353201358042148,49.0,28.58,336.0,03/09/2025 15:39:28,12.9696766,80.0338966,0338966,2025-09-04T23:30:06.820430
TN87E6455,353201358042148,45.0,28.65,336.0,03/09/2025 15:39:23,12.9695083,80.0333016,0333016,2025-09-04T23:30:06.820595
TN87E6455,353201358042148,40.0,28.71,331.0,03/09/2025 15:39:18,12.9693716,80.032755,032755,2025-09-04T23:30:06.820737
TN87E6455,353201358042148,36.0,28.77,331.0,03/09/2025 15:39:13,12.9692483,80.0322833,0322833,2025-09-04T23:30:06.820863
TN87E6455,353201358042148,31.0,28.82,331.0,03/09/2025 15:39:08,12.96914,80.031845,031845,2025-09-04T23:30:06.820982
TN87E6455,353201358042148,24.0,28.85,331.0,03/09/2025 15:39:03,12.969035,80.0315083,0315083,2025-09-04T23:30:06.821133
TN87E6455,353201358042148,15.0,28.88,331.0,03/09/2025 15:38:58,12.9689766,80.0312616,0312616,2025-09-04T23:30:06.821268
TN87E6455,353201358042148,20.0,28.9,331.0,03/09/2025 15:38:53,12.96894,80.031085,031085,2025-09-04T23:30:06.821425
TN87E6455,353201358042148,30.0,29.74,331.0,03/09/2025 15:38:51,12.9689149,80.030965,030965,2025-09-04T23:30:06.821591
TN87E6455,353201358042148,45.0,29.77,329.0,03/09/2025 15:38:49,12.9688983,80.0307583,0307583,2025-09-04T23:30:06.821740
TN87E6455,353201358042148,51.0,29.83,329.0,03/09/2025 15:38:44,12.968775,80.0301449,0301449,2025-09-04T23:30:06.821902
TN87E6455,353201358042148,54.0,29.89,329.0,03/09/2025 15:38:39,12.9686866,80.029635,029635,2025-09-04T23:30:06.822040
TN87E6455,353201358042148,52.0,29.97,329.0,03/09/2025 15:38:34,12.968625,80.0289233,0289233,2025-09-04T23:30:06.822161
TN87E6455,353201358042148,52.0,30.04,329.0,03/09/2025 15:38:29,12.9685899,80.028255,028255,2025-09-04T23:30:06.822261
TN87E6455,353201358042148,53.0,30.11,329.0,03/09/2025 15:38:24,12.9685566,80.0275883,0275883,2025-09-04T23:30:06.822365
TN87E6455,353201358042148,55.0,30.19,329.0,03/09/2025 15:38:19,12.968505,80.0268916,0268916,2025-09-04T23:30:06.822478
TN87E6455,353201358042148,54.0,30.27,329.0,03/09/2025 15:38:14,12.968445,80.0261816,0261816,2025-09-04T23:30:06.822611
TN87E6455,353201358042148,54.0,30.34,329.0,03/09/2025 15:38:09,12.9684666,80.025465,025465,2025-09-04T23:30:06.822734
TN87E6455,353201358042148,54.0,30.42,329.0,03/09/2025 15:38:04,12.9685133,80.0247866,0247866,2025-09-04T23:30:06.822861
TN87E6455,353201358042148,55.0,30.5,329.0,03/09/2025 15:37:59,12.9686,80.0240433,0240433,2025-09-04T23:30:06.822998
TN87E6455,353201358042148,56.0,30.57,329.0,03/09/2025 15:37:54,12.9686899,80.0233533,0233533,2025-09-04T23:30:06.823119
TN87E6455,353201358042148,55.0,30.72,331.0,03/09/2025 15:37:49,12.9687683,80.0226533,0226533,2025-09-04T23:30:06.823233
TN87E6455,353201358042148,52.0,30.87,331.0,03/09/2025 15:37:44,12.9688316,80.0219616,0219616,2025-09-04T23:30:06.823370
TN87E6455,353201358042148,50.0,30.94,331.0,03/09/2025 15:37:39,12.9689433,80.0212799,0212799,2025-09-04T23:30:06.823501
TN87E6455,353201358042148,48.0,31.01,331.0,03/09/2025 15:37:34,12.9690466,80.0206583,0206583,2025-09-04T23:30:06.823622
TN87E6455,353201358042148,44.0,31.07,331.0,03/09/2025 15:37:29,12.9691116,80.020075,020075,2025-09-04T23:30:06.823727
TN87E6455,353201358042148,40.0,31.12,331.0,03/09/2025 15:37:24,12.969185,80.0195116,0195116,2025-09-04T23:30:06.823856
TN87E6455,353201358042148,31.0,31.16,331.0,03/09/2025 15:37:19,12.9692683,80.0190216,0190216,2025-09-04T23:30:06.823984
TN87E6455,353201358042148,23.0,31.19,334.0,03/09/2025 15:37:14,12.9693216,80.0186616,0186616,2025-09-04T23:30:06.824150
TN87E6455,353201358042148,18.0,31.2,334.0,03/09/2025 15:37:09,12.9693666,80.0184099,0184099,2025-09-04T23:30:06.824313
TN87E6455,353201358042148,13.0,31.21,334.0,03/09/2025 15:37:06,12.9693849,80.01828,01828,2025-09-04T23:30:06.824441
TN87E6455,353201358042148,11.0,31.21,334.0,03/09/2025 15:37:05,12.9693966,80.0182483,0182483,2025-09-04T23:30:06.824572
TN87E6455,353201358042148,7.0,31.24,334.0,03/09/2025 15:37:04,12.969415,80.0182283,0182283,2025-09-04T23:30:06.824711
TN87E6455,353201358042148,8.0,31.26,334.0,03/09/2025 15:37:03,12.9694316,80.0182166,0182166,2025-09-04T23:30:06.824874
TN87E6455,353201358042148,10.0,31.27,334.0,03/09/2025 15:37:02,12.969455,80.0182133,0182133,2025-09-04T23:30:06.824997
TN87E6455,353201358042148,10.0,31.27,334.0,03/09/2025 15:37:01,12.9694816,80.0182149,0182149,2025-09-04T23:30:06.825172
TN87E6455,353201358042148,8.0,31.27,334.0,03/09/2025 15:37:00,12.9695083,80.01822,01822,2025-09-04T23:30:06.825302
TN87E6455,353201358042148,10.0,31.29,334.0,03/09/2025 15:36:55,12.9696333,80.0182266,0182266,2025-09-04T23:30:06.825410
TN87E6455,353201358042148,0.0,31.29,334.0,03/09/2025 15:36:51,12.9696883,80.0182383,0182383,2025-09-04T23:30:06.825580
TN87E6455,353201358042148,0.0,31.29,336.0,03/09/2025 15:36:46,12.9696883,80.0182383,0182383,2025-09-04T23:30:06.825751
TN87E6455,353201358042148,0.0,31.29,336.0,03/09/2025 15:36:41,12.9696916,80.0182366,0182366,2025-09-04T23:30:06.825941
TN87E6455,353201358042148,8.0,31.3,336.0,03/09/2025 15:36:36,12.9697783,80.018245,018245,2025-09-04T23:30:06.826115
TN87E6455,353201358042148,12.0,31.31,336.0,03/09/2025 15:36:31,12.9698833,80.0182833,0182833,2025-09-04T23:30:06.826236
TN87E6455,353201358042148,17.0,31.33,336.0,03/09/2025 15:36:28,12.9699883,80.0183,0183,2025-09-04T23:30:06.826353
TN87E6455,353201358042148,27.0,31.37,336.0,03/09/2025 15:36:25,12.9701633,80.0183149,0183149,2025-09-04T23:30:06.826499
TN87E6455,353201358042148,23.0,31.4,337.0,03/09/2025 15:36:20,12.9704899,80.0183533,0183533,2025-09-04T23:30:06.826650
TN87E6455,353201358042148,21.0,31.42,337.0,03/09/2025 15:36:15,12.9707566,80.0183699,0183699,2025-09-04T23:30:06.826780
TN87E6455,353201358042148,22.0,31.47,337.0,03/09/2025 15:36:10,12.97101,80.01839,01839,2025-09-04T23:30:06.826881
TN87E6455,353201358042148,35.0,31.52,337.0,03/09/2025 15:36:05,12.9713816,80.0184399,0184399,2025-09-04T23:30:06.827003
TN87E6455,353201358042148,36.0,31.57,337.0,03/09/2025 15:36:00,12.9718333,80.0184883,0184883,2025-09-04T23:30:06.827153
TN87E6455,353201358042148,35.0,31.62,337.0,03/09/2025 15:35:55,12.9722866,80.01855,01855,2025-09-04T23:30:06.827287
TN87E6455,353201358042148,34.0,31.69,337.0,03/09/2025 15:35:50,12.97274,80.0186066,0186066,2025-09-04T23:30:06.827410
TN87E6455,353201358042148,34.0,31.73,337.0,03/09/2025 15:35:45,12.9731949,80.0186649,0186649,2025-09-04T23:30:06.827518
TN87E6455,353201358042148,34.0,31.75,337.0,03/09/2025 15:35:43,12.9733699,80.0186566,0186566,2025-09-04T23:30:06.827652
TN87E6455,353201358042148,35.0,31.8,337.0,03/09/2025 15:35:41,12.973535,80.0186049,0186049,2025-09-04T23:30:06.827771
TN87E6455,353201358042148,38.0,31.85,337.0,03/09/2025 15:35:36,12.9739349,80.0183966,0183966,2025-09-04T23:30:06.827890
TN87E6455,353201358042148,37.0,31.9,337.0,03/09/2025 15:35:31,12.9743699,80.01817,01817,2025-09-04T23:30:06.828008
TN87E6455,353201358042148,36.0,31.95,337.0,03/09/2025 15:35:26,12.9748116,80.0179666,0179666,2025-09-04T23:30:06.828517
TN87E6455,353201358042148,33.0,32.0,337.0,03/09/2025 15:35:21,12.975205,80.0178066,0178066,2025-09-04T23:30:06.828694
TN87E6455,353201358042148,36.0,32.05,337.0,03/09/2025 15:35:16,12.9755966,80.0176116,0176116,2025-09-04T23:30:06.828874
TN87E6455,353201358042148,32.0,32.09,337.0,03/09/2025 15:35:11,12.9760066,80.0173983,0173983,2025-09-04T23:30:06.829007
TN87E6455,353201358042148,28.0,32.13,337.0,03/09/2025 15:35:06,12.9763483,80.0172166,0172166,2025-09-04T23:30:06.829151
TN87E6455,353201358042148,29.0,32.18,337.0,03/09/2025 15:35:01,12.9766649,80.0170566,0170566,2025-09-04T23:30:06.829333
TN87E6455,353201358042148,34.0,32.23,337.0,03/09/2025 15:34:56,12.9770666,80.016885,016885,2025-09-04T23:30:06.829528
TN87E6455,353201358042148,32.0,32.27,337.0,03/09/2025 15:34:51,12.977445,80.0166983,0166983,2025-09-04T23:30:06.829731
TN87E6455,353201358042148,30.0,32.31,337.0,03/09/2025 15:34:46,12.9778183,80.0165399,0165399,2025-09-04T23:30:06.829936
TN87E6455,353201358042148,23.0,32.34,337.0,03/09/2025 15:34:41,12.9781333,80.016435,016435,2025-09-04T23:30:06.830243
TN87E6455,353201358042148,13.0,32.34,337.0,03/09/2025 15:34:36,12.9783716,80.0163733,0163733,2025-09-04T23:30:06.830444
TN87E6455,353201358042148,11.0,32.36,337.0,03/09/2025 15:34:34,12.9784316,80.01636,01636,2025-09-04T23:30:06.830647
TN87E6455,353201358042148,18.0,32.39,337.0,03/09/2025 15:34:29,12.9785849,80.0163233,0163233,2025-09-04T23:30:06.830802
TN87E6455,353201358042148,30.0,32.43,337.0,03/09/2025 15:34:25,12.9788316,80.016235,016235,2025-09-04T23:30:06.830996
TN87E6455,353201358042148,30.0,32.48,338.0,03/09/2025 15:34:20,12.97922,80.0161383,0161383,2025-09-04T23:30:06.831184
TN87E6455,353201358042148,25.0,32.51,338.0,03/09/2025 15:34:15,12.9795783,80.0160216,0160216,2025-09-04T23:30:06.831367
TN87E6455,353201358042148,17.0,32.53,338.0,03/09/2025 15:34:10,12.9798383,80.01591,01591,2025-09-04T23:30:06.831565
TN87E6455,353201358042148,10.0,32.55,338.0,03/09/2025 15:34:05,12.98001,80.01585,01585,2025-09-04T23:30:06.831729
TN87E6455,353201358042148,14.0,32.57,338.0,03/09/2025 15:34:00,12.9801533,80.015785,015785,2025-09-04T23:30:06.831845
TN87E6455,353201358042148,15.0,32.59,338.0,03/09/2025 15:33:55,12.9803316,80.0157033,0157033,2025-09-04T23:30:06.831974
TN87E6455,353201358042148,12.0,32.61,338.0,03/09/2025 15:33:50,12.98049,80.0156416,0156416,2025-09-04T23:30:06.832083
TN87E6455,353201358042148,18.0,32.63,338.0,03/09/2025 15:33:45,12.98067,80.0155483,0155483,2025-09-04T23:30:06.832205
TN87E6455,353201358042148,19.0,32.66,338.0,03/09/2025 15:33:40,12.9808749,80.0154466,0154466,2025-09-04T23:30:06.832324
TN87E6455,353201358042148,14.0,32.68,338.0,03/09/2025 15:33:35,12.981095,80.0153516,0153516,2025-09-04T23:30:06.832477
TN87E6455,353201358042148,11.0,32.69,338.0,03/09/2025 15:33:31,12.9812233,80.0152983,0152983,2025-09-04T23:30:06.832609
TN87E6455,353201358042148,14.0,32.72,338.0,03/09/2025 15:33:26,12.9813999,80.0152749,0152749,2025-09-04T23:30:06.832742
TN87E6455,353201358042148,14.0,32.73,338.0,03/09/2025 15:33:21,12.9816133,80.0152533,0152533,2025-09-04T23:30:06.832876
TN87E6455,353201358042148,13.0,32.75,338.0,03/09/2025 15:33:17,12.98175,80.0152449,0152449,2025-09-04T23:30:06.832986
TN87E6455,353201358042148,12.0,32.77,338.0,03/09/2025 15:33:12,12.9819016,80.0152466,0152466,2025-09-04T23:30:06.833090
TN87E6455,353201358042148,15.0,32.79,338.0,03/09/2025 15:33:07,12.98208,80.0152683,0152683,2025-09-04T23:30:06.833206
TN87E6455,353201358042148,12.0,32.81,338.0,03/09/2025 15:33:02,12.9822583,80.0153066,0153066,2025-09-04T23:30:06.833330
TN87E6455,353201358042148,9.0,32.81,338.0,03/09/2025 15:32:57,12.9824166,80.01534,01534,2025-09-04T23:30:06.833460
TN87E6455,353201358042148,8.0,32.82,338.0,03/09/2025 15:32:55,12.9824516,80.0153416,0153416,2025-09-04T23:30:06.833588
TN87E6455,353201358042148,6.0,32.82,338.0,03/09/2025 15:32:54,12.98247,80.0153416,0153416,2025-09-04T23:30:06.833719
TN87E6455,353201358042148,6.0,32.82,338.0,03/09/2025 15:32:53,12.9824866,80.01534,01534,2025-09-04T23:30:06.833821
TN87E6455,353201358042148,7.0,32.82,338.0,03/09/2025 15:32:52,12.9825016,80.0153383,0153383,2025-09-04T23:30:06.833934
TN87E6455,353201358042148,7.0,32.83,338.0,03/09/2025 15:32:51,12.9825199,80.0153366,0153366,2025-09-04T23:30:06.834104
TN87E6455,353201358042148,8.0,32.84,338.0,03/09/2025 15:32:46,12.9826316,80.015325,015325,2025-09-04T23:30:06.834260
TN87E6455,353201358042148,8.0,32.84,338.0,03/09/2025 15:32:45,12.9826533,80.01532,01532,2025-09-04T23:30:06.834414
TN87E6455,353201358042148,10.0,32.84,338.0,03/09/2025 15:32:44,12.9826749,80.01531,01531,2025-09-04T23:30:06.834524
TN87E6455,353201358042148,9.0,32.86,338.0,03/09/2025 15:32:42,12.9827083,80.0152683,0152683,2025-09-04T23:30:06.834626
TN87E6455,353201358042148,10.0,32.87,338.0,03/09/2025 15:32:37,12.98278,80.0151349,0151349,2025-09-04T23:30:06.834724
TN87E6455,353201358042148,9.0,32.87,338.0,03/09/2025 15:32:35,12.9828066,80.0150833,0150833,2025-09-04T23:30:06.834841
TN87E6455,353201358042148,7.0,32.89,338.0,03/09/2025 15:32:33,12.9828383,80.01503,01503,2025-09-04T23:30:06.834996
TN87E6455,353201358042148,12.0,32.91,338.0,03/09/2025 15:32:28,12.9828866,80.0149016,0149016,2025-09-04T23:30:06.835193
TN87E6455,353201358042148,8.0,32.92,338.0,03/09/2025 15:32:23,12.9829366,80.0147516,0147516,2025-09-04T23:30:06.835344
TN87E6455,353201358042148,9.0,32.93,338.0,03/09/2025 15:32:18,12.9829583,80.0146616,0146616,2025-09-04T23:30:06.835518
TN87E6455,353201358042148,11.0,32.95,339.0,03/09/2025 15:32:13,12.9830233,80.01451,01451,2025-09-04T23:30:06.835710
TN87E6455,353201358042148,11.0,32.97,339.0,03/09/2025 15:32:08,12.9830733,80.0143883,0143883,2025-09-04T23:30:06.835886
TN87E6455,353201358042148,19.0,33.0,339.0,03/09/2025 15:32:03,12.9831416,80.0142183,0142183,2025-09-04T23:30:06.836053
TN87E6455,353201358042148,25.0,33.09,339.0,03/09/2025 15:31:58,12.9832799,80.0139216,0139216,2025-09-04T23:30:06.836222
TN87E6455,353201358042148,32.0,33.2,339.0,03/09/2025 15:31:53,12.9834116,80.0135983,0135983,2025-09-04T23:30:06.836375
TN87E6455,353201358042148,36.0,33.25,339.0,03/09/2025 15:31:48,12.9835933,80.0131566,0131566,2025-09-04T23:30:06.836518
TN87E6455,353201358042148,32.0,33.29,342.0,03/09/2025 15:31:43,12.9837633,80.0127316,0127316,2025-09-04T23:30:06.836659
TN87E6455,353201358042148,28.0,33.33,342.0,03/09/2025 15:31:38,12.9839666,80.0123866,0123866,2025-09-04T23:30:06.836797
TN87E6455,353201358042148,26.0,33.37,342.0,03/09/2025 15:31:33,12.9841716,80.0120816,0120816,2025-09-04T23:30:06.836926
TN87E6455,353201358042148,21.0,33.39,342.0,03/09/2025 15:31:28,12.984335,80.0118133,0118133,2025-09-04T23:30:06.837036
TN87E6455,353201358042148,13.0,33.42,342.0,03/09/2025 15:31:23,12.9844583,80.0116449,0116449,2025-09-04T23:30:06.837232
TN87E6455,353201358042148,19.0,33.44,342.0,03/09/2025 15:31:18,12.9846316,80.01146,01146,2025-09-04T23:30:06.837363
TN87E6455,353201358042148,10.0,33.45,345.0,03/09/2025 15:31:13,12.98476,80.0113133,0113133,2025-09-04T23:30:06.837473
TN87E6455,353201358042148,16.0,33.46,345.0,03/09/2025 15:31:08,12.9848233,80.0112166,0112166,2025-09-04T23:30:06.837579
TN87E6455,353201358042148,28.0,33.51,345.0,03/09/2025 15:31:06,12.9848866,80.0111316,0111316,2025-09-04T23:30:06.837702
TN87E6455,353201358042148,32.0,33.55,345.0,03/09/2025 15:31:01,12.98514,80.01081,01081,2025-09-04T23:30:06.837840
TN87E6455,353201358042148,32.0,33.59,345.0,03/09/2025 15:30:56,12.9854066,80.0105199,0105199,2025-09-04T23:30:06.837960
TN87E6455,353201358042148,42.0,33.66,345.0,03/09/2025 15:30:52,12.9856299,80.0102383,0102383,2025-09-04T23:30:06.838091
TN87E6455,353201358042148,48.0,33.72,345.0,03/09/2025 15:30:47,12.98603,80.0097399,0097399,2025-09-04T23:30:06.838204
TN87E6455,353201358042148,45.0,33.79,344.0,03/09/2025 15:30:42,12.9863633,80.0092366,0092366,2025-09-04T23:30:06.838334
TN87E6455,353201358042148,42.0,33.85,344.0,03/09/2025 15:30:37,12.9866566,80.0087566,0087566,2025-09-04T23:30:06.838437
TN87E6455,353201358042148,40.0,33.9,344.0,03/09/2025 15:30:32,12.9868816,80.0082583,0082583,2025-09-04T23:30:06.838541
TN87E6455,353201358042148,43.0,33.97,344.0,03/09/2025 15:30:27,12.987055,80.007755,007755,2025-09-04T23:30:06.838642
TN87E6455,353201358042148,46.0,34.03,344.0,03/09/2025 15:30:22,12.9872616,80.0071933,0071933,2025-09-04T23:30:06.838763
TN87E6455,353201358042148,45.0,34.09,344.0,03/09/2025 15:30:17,12.9874466,80.0066366,0066366,2025-09-04T23:30:06.838892
TN87E6455,353201358042148,44.0,34.15,336.0,03/09/2025 15:30:12,12.9875783,80.0061066,0061066,2025-09-04T23:30:06.839023
TN87E6455,353201358042148,41.0,34.21,336.0,03/09/2025 15:30:07,12.9877766,80.00559,00559,2025-09-04T23:30:06.839154
TN87E6455,353201358042148,37.0,34.26,336.0,03/09/2025 15:30:02,12.9879599,80.0051133,0051133,2025-09-04T23:30:06.839261
TN87E6455,353201358042148,31.0,34.3,336.0,03/09/2025 15:29:57,12.9881,80.004685,004685,2025-09-04T23:30:06.839397
TN87E6455,353201358042148,24.0,34.33,336.0,03/09/2025 15:29:52,12.9882016,80.004335,004335,2025-09-04T23:30:06.839537
TN87E6455,353201358042148,22.0,34.35,325.0,03/09/2025 15:29:47,12.9882599,80.00405,00405,2025-09-04T23:30:06.839647
TN87E6455,353201358042148,32.0,34.39,325.0,03/09/2025 15:29:44,12.9882883,80.0038516,0038516,2025-09-04T23:30:06.839788
TN87E6455,353201358042148,28.0,34.44,325.0,03/09/2025 15:29:39,12.9883083,80.0034416,0034416,2025-09-04T23:30:06.839946
TN87E6455,353201358042148,34.0,34.48,325.0,03/09/2025 15:29:34,12.9883166,80.0030549,0030549,2025-09-04T23:30:06.840059
TN87E6455,353201358042148,28.0,34.52,325.0,03/09/2025 15:29:29,12.98836,80.0026466,0026466,2025-09-04T23:30:06.840160
TN87E6455,353201358042148,21.0,34.54,325.0,03/09/2025 15:29:24,12.9883816,80.0023216,0023216,2025-09-04T23:30:06.840277
TN87E6455,353201358042148,17.0,34.56,325.0,03/09/2025 15:29:19,12.9884116,80.002055,002055,2025-09-04T23:30:06.840413
TN87E6455,353201358042148,16.0,34.58,317.0,03/09/2025 15:29:14,12.988425,80.00187,00187,2025-09-04T23:30:06.840582
TN87E6455,353201358042148,28.0,34.62,317.0,03/09/2025 15:29:11,12.988405,80.00169,00169,2025-09-04T23:30:06.840733
TN87E6455,353201358042148,30.0,34.67,317.0,03/09/2025 15:29:06,12.9883516,80.0013516,0013516,2025-09-04T23:30:06.840877
TN87E6455,353201358042148,37.0,34.73,317.0,03/09/2025 15:29:01,12.9882916,80.0009083,0009083,2025-09-04T23:30:06.841048
TN87E6455,353201358042148,40.0,34.78,317.0,03/09/2025 15:28:56,12.9882116,80.0003883,0003883,2025-09-04T23:30:06.841246
TN87E6455,353201358042148,41.0,34.84,317.0,03/09/2025 15:28:51,12.988195,79.9998666,9998666,2025-09-04T23:30:06.841416
TN87E6455,353201358042148,41.0,34.9,317.0,03/09/2025 15:28:46,12.98813,79.9993449,9993449,2025-09-04T23:30:06.841529
TN87E6455,353201358042148,36.0,34.95,312.0,03/09/2025 15:28:41,12.9880866,79.9988283,9988283,2025-09-04T23:30:06.841633
TN87E6455,353201358042148,33.0,34.99,312.0,03/09/2025 15:28:36,12.9880883,79.9983483,9983483,2025-09-04T23:30:06.841799
TN87E6455,353201358042148,31.0,35.01,312.0,03/09/2025 15:28:31,12.9881233,79.9979283,9979283,2025-09-04T23:30:06.841994
TN87E6455,353201358042148,34.0,35.03,312.0,03/09/2025 15:28:29,12.9881716,79.9977683,9977683,2025-09-04T23:30:06.842169
TN87E6455,353201358042148,33.0,35.08,312.0,03/09/2025 15:28:27,12.98827,79.9976216,9976216,2025-09-04T23:30:06.842355
TN87E6455,353201358042148,33.0,35.28,312.0,03/09/2025 15:28:22,12.9885733,79.9973133,9973133,2025-09-04T23:30:06.842527
TN87E6455,353201358042148,32.0,35.44,312.0,03/09/2025 15:28:17,12.9888383,79.9969733,9969733,2025-09-04T23:30:06.842726
TN87E6455,353201358042148,25.0,35.48,311.0,03/09/2025 15:28:12,12.9891066,79.9967466,9967466,2025-09-04T23:30:06.842934
TN87E6455,353201358042148,13.0,35.51,311.0,03/09/2025 15:28:07,12.9892849,79.99657,99657,2025-09-04T23:30:06.843129
TN87E6455,353201358042148,8.0,35.52,311.0,03/09/2025 15:28:04,12.9893483,79.996515,996515,2025-09-04T23:30:06.843310
TN87E6455,353201358042148,11.0,35.53,311.0,03/09/2025 15:27:59,12.9894349,79.9964466,9964466,2025-09-04T23:30:06.843483
TN87E6455,353201358042148,24.0,35.54,311.0,03/09/2025 15:27:56,12.9895183,79.9963533,9963533,2025-09-04T23:30:06.843629
TN87E6455,353201358042148,17.0,35.58,315.0,03/09/2025 15:27:51,12.989715,79.9961083,9961083,2025-09-04T23:30:06.843778
TN87E6455,353201358042148,12.0,35.6,315.0,03/09/2025 15:27:46,12.9898433,79.9959816,9959816,2025-09-04T23:30:06.843927
TN87E6455,353201358042148,17.0,35.62,315.0,03/09/2025 15:27:44,12.9898733,79.9959216,9959216,2025-09-04T23:30:06.844106
TN87E6455,353201358042148,25.0,35.66,315.0,03/09/2025 15:27:41,12.9899166,79.9957666,9957666,2025-09-04T23:30:06.844295
TN87E6455,353201358042148,29.0,35.69,315.0,03/09/2025 15:27:36,12.9900016,79.9954099,9954099,2025-09-04T23:30:06.844461
TN87E6455,353201358042148,29.0,35.74,315.0,03/09/2025 15:27:31,12.990085,79.9950566,9950566,2025-09-04T23:30:06.844603
TN87E6455,353201358042148,29.0,35.78,315.0,03/09/2025 15:27:26,12.9902116,79.994685,994685,2025-09-04T23:30:06.844765
TN87E6455,353201358042148,29.0,35.82,315.0,03/09/2025 15:27:21,12.9903183,79.9943366,9943366,2025-09-04T23:30:06.844940
TN87E6455,353201358042148,30.0,35.86,315.0,03/09/2025 15:27:16,12.9904733,79.9939766,9939766,2025-09-04T23:30:06.845095
TN87E6455,353201358042148,23.0,35.89,327.0,03/09/2025 15:27:11,12.9906,79.993655,993655,2025-09-04T23:30:06.845280
TN87E6455,353201358042148,22.0,35.92,327.0,03/09/2025 15:27:06,12.9906966,79.9933866,9933866,2025-09-04T23:30:06.845473
TN87E6455,353201358042148,18.0,35.92,327.0,03/09/2025 15:27:01,12.990815,79.9931299,9931299,2025-09-04T23:30:06.845673
TN87E6455,353201358042148,16.0,35.94,327.0,03/09/2025 15:27:00,12.990835,79.9930916,9930916,2025-09-04T23:30:06.845823
TN87E6455,353201358042148,14.0,35.95,327.0,03/09/2025 15:26:57,12.9909216,79.9930066,9930066,2025-09-04T23:30:06.845987
TN87E6455,353201358042148,6.0,35.96,327.0,03/09/2025 15:26:52,12.9910116,79.9929266,9929266,2025-09-04T23:30:06.846139
TN87E6455,353201358042148,8.0,35.98,327.0,03/09/2025 15:26:48,12.991045,79.992885,992885,2025-09-04T23:30:06.846283
TN87E6455,353201358042148,11.0,35.98,327.0,03/09/2025 15:26:47,12.9910566,79.9928633,9928633,2025-09-04T23:30:06.846421
TN87E6455,353201358042148,17.0,36.01,340.0,03/09/2025 15:26:42,12.991195,79.9927216,9927216,2025-09-04T23:30:06.846571
TN87E6455,353201358042148,21.0,36.04,340.0,03/09/2025 15:26:37,12.991375,79.9925366,9925366,2025-09-04T23:30:06.846686
TN87E6455,353201358042148,16.0,36.05,340.0,03/09/2025 15:26:32,12.9915316,79.9923549,9923549,2025-09-04T23:30:06.846811
TN87E6455,353201358042148,9.0,36.06,340.0,03/09/2025 15:26:27,12.99163,79.99224,99224,2025-09-04T23:30:06.846933
TN87E6455,353201358042148,11.0,36.07,340.0,03/09/2025 15:26:25,12.9916716,79.9922,9922,2025-09-04T23:30:06.847058
TN87E6455,353201358042148,7.0,36.08,340.0,03/09/2025 15:26:21,12.99175,79.9921516,9921516,2025-09-04T23:30:06.847183
TN87E6455,353201358042148,9.0,36.09,340.0,03/09/2025 15:26:19,12.9917833,79.9921266,9921266,2025-09-04T23:30:06.847301
TN87E6455,353201358042148,12.0,36.11,347.0,03/09/2025 15:26:14,12.991895,79.9920233,9920233,2025-09-04T23:30:06.847611
TN87E6455,353201358042148,11.0,36.12,347.0,03/09/2025 15:26:09,12.9919833,79.9919316,9919316,2025-09-04T23:30:06.847813
TN87E6455,353201358042148,10.0,36.13,347.0,03/09/2025 15:26:04,12.99207,79.9918533,9918533,2025-09-04T23:30:06.847986
TN87E6455,353201358042148,22.0,36.17,347.0,03/09/2025 15:26:01,12.9921633,79.991775,991775,2025-09-04T23:30:06.848126
TN87E6455,353201358042148,26.0,36.2,347.0,03/09/2025 15:25:56,12.9924199,79.9915416,9915416,2025-09-04T23:30:06.848282
TN87E6455,353201358042148,16.0,36.22,347.0,03/09/2025 15:25:51,12.9926399,79.9913599,9913599,2025-09-04T23:30:06.848419
TN87E6455,353201358042148,12.0,36.23,348.0,03/09/2025 15:25:46,12.9927599,79.99126,99126,2025-09-04T23:30:06.848535
TN87E6455,353201358042148,15.0,36.24,348.0,03/09/2025 15:25:42,12.9928366,79.991165,991165,2025-09-04T23:30:06.848669
TN87E6455,353201358042148,20.0,36.27,348.0,03/09/2025 15:25:40,12.9928766,79.991085,991085,2025-09-04T23:30:06.848849
TN87E6455,353201358042148,14.0,36.29,348.0,03/09/2025 15:25:35,12.99296,79.9908533,9908533,2025-09-04T23:30:06.849036
TN87E6455,353201358042148,7.0,36.3,348.0,03/09/2025 15:25:30,12.9930116,79.9906983,9906983,2025-09-04T23:30:06.849198
TN87E6455,353201358042148,7.0,36.31,348.0,03/09/2025 15:25:25,12.9930633,79.9905833,9905833,2025-09-04T23:30:06.849347
TN87E6455,353201358042148,5.0,36.32,343.0,03/09/2025 15:25:22,12.9931033,79.9905333,9905333,2025-09-04T23:30:06.849485
TN87E6455,353201358042148,15.0,36.34,343.0,03/09/2025 15:25:18,12.9931666,79.9904483,9904483,2025-09-04T23:30:06.849616
TN87E6455,353201358042148,18.0,36.37,343.0,03/09/2025 15:25:13,12.99329,79.9902766,9902766,2025-09-04T23:30:06.849751
TN87E6455,353201358042148,21.0,36.4,343.0,03/09/2025 15:25:08,12.9934366,79.9900366,9900366,2025-09-04T23:30:06.849895
TN87E6455,353201358042148,17.0,36.43,343.0,03/09/2025 15:25:03,12.993555,79.9898383,9898383,2025-09-04T23:30:06.850037
TN87E6455,353201358042148,19.0,36.45,343.0,03/09/2025 15:24:58,12.9937083,79.98962,98962,2025-09-04T23:30:06.850157
TN87E6455,353201358042148,15.0,36.48,343.0,03/09/2025 15:24:53,12.99384,79.9894366,9894366,2025-09-04T23:30:06.850284
TN87E6455,353201358042148,15.0,36.49,343.0,03/09/2025 15:24:48,12.9939616,79.9892616,9892616,2025-09-04T23:30:06.850409
TN87E6455,353201358042148,12.0,36.51,337.0,03/09/2025 15:24:43,12.9940633,79.9891283,9891283,2025-09-04T23:30:06.850582
TN87E6455,353201358042148,11.0,36.56,337.0,03/09/2025 15:24:38,12.99415,79.9890033,9890033,2025-09-04T23:30:06.850766
TN87E6455,353201358042148,18.0,36.6,337.0,03/09/2025 15:24:33,12.9942516,79.9888383,9888383,2025-09-04T23:30:06.850959
TN87E6455,353201358042148,16.0,36.63,337.0,03/09/2025 15:24:28,12.99435,79.9886116,9886116,2025-09-04T23:30:06.851135
TN87E6455,353201358042148,15.0,36.63,337.0,03/09/2025 15:24:27,12.9943716,79.9885733,9885733,2025-09-04T23:30:06.851311
TN87E6455,353201358042148,14.0,36.64,337.0,03/09/2025 15:24:26,12.9944016,79.988545,988545,2025-09-04T23:30:06.851462
TN87E6455,353201358042148,13.0,36.64,337.0,03/09/2025 15:24:24,12.994465,79.9885099,9885099,2025-09-04T23:30:06.851596
TN87E6455,353201358042148,13.0,36.65,337.0,03/09/2025 15:24:23,12.9944983,79.988505,988505,2025-09-04T23:30:06.851709
TN87E6455,353201358042148,15.0,36.67,337.0,03/09/2025 15:24:22,12.994535,79.9885033,9885033,2025-09-04T23:30:06.851810
TN87E6455,353201358042148,26.0,36.69,337.0,03/09/2025 15:24:18,12.9947133,79.9885666,9885666,2025-09-04T23:30:06.851929
TN87E6455,353201358042148,37.0,36.73,337.0,03/09/2025 15:24:16,12.9948533,79.988645,988645,2025-09-04T23:30:06.852041
TN87E6455,353201358042148,47.0,36.81,336.0,03/09/2025 15:24:12,12.9952166,79.9888516,9888516,2025-09-04T23:30:06.852169
TN87E6455,353201358042148,56.0,36.89,336.0,03/09/2025 15:24:07,12.9958233,79.9891483,9891483,2025-09-04T23:30:06.852305
TN87E6455,353201358042148,55.0,36.96,336.0,03/09/2025 15:24:02,12.996495,79.9894233,9894233,2025-09-04T23:30:06.852433
TN87E6455,353201358042148,52.0,37.04,336.0,03/09/2025 15:23:57,12.9971333,79.989685,989685,2025-09-04T23:30:06.852561
TN87E6455,353201358042148,50.0,37.11,336.0,03/09/2025 15:23:52,12.9977383,79.9899233,9899233,2025-09-04T23:30:06.852692
TN87E6455,353201358042148,51.0,37.18,338.0,03/09/2025 15:23:47,12.9983233,79.9901766,9901766,2025-09-04T23:30:06.852820
TN87E6455,353201358042148,55.0,37.26,338.0,03/09/2025 15:23:42,12.998955,79.9904433,9904433,2025-09-04T23:30:06.852932
TN87E6455,353201358042148,58.0,37.34,338.0,03/09/2025 15:23:37,12.9995883,79.990785,990785,2025-09-04T23:30:06.853065
TN87E6455,353201358042148,53.0,37.41,338.0,03/09/2025 15:23:32,13.00019,79.9911633,9911633,2025-09-04T23:30:06.853269
TN87E6455,353201358042148,49.0,37.48,338.0,03/09/2025 15:23:27,13.00074,79.9915316,9915316,2025-09-04T23:30:06.853424
TN87E6455,353201358042148,42.0,37.53,338.0,03/09/2025 15:23:22,13.0012083,79.9918883,9918883,2025-09-04T23:30:06.853548
TN87E6455,353201358042148,39.0,37.59,338.0,03/09/2025 15:23:17,13.0016216,79.9922016,9922016,2025-09-04T23:30:06.853674
TN87E6455,353201358042148,36.0,37.64,341.0,03/09/2025 15:23:12,13.0020166,79.9924733,9924733,2025-09-04T23:30:06.853799
TN87E6455,353201358042148,33.0,37.68,341.0,03/09/2025 15:23:07,13.0023933,79.992725,992725,2025-09-04T23:30:06.853903
TN87E6455,353201358042148,32.0,37.73,341.0,03/09/2025 15:23:02,13.0027416,79.992965,992965,2025-09-04T23:30:06.854038
TN87E6455,353201358042148,30.0,37.77,341.0,03/09/2025 15:22:57,13.0030733,79.993195,993195,2025-09-04T23:30:06.854205
TN87E6455,353201358042148,28.0,37.81,341.0,03/09/2025 15:22:52,13.0033866,79.993415,993415,2025-09-04T23:30:06.854343
TN87E6455,353201358042148,24.0,37.84,341.0,03/09/2025 15:22:47,13.00366,79.9936066,9936066,2025-09-04T23:30:06.854467
TN87E6455,353201358042148,17.0,37.86,343.0,03/09/2025 15:22:42,13.00386,79.9937883,9937883,2025-09-04T23:30:06.854591
TN87E6455,353201358042148,13.0,37.87,343.0,03/09/2025 15:22:37,13.0040066,79.9939466,9939466,2025-09-04T23:30:06.854694
TN87E6455,353201358042148,6.0,37.88,343.0,03/09/2025 15:22:34,13.0040783,79.9940066,9940066,2025-09-04T23:30:06.854798
TN87E6455,353201358042148,0.0,37.88,343.0,03/09/2025 15:22:31,13.0041416,79.9940616,9940616,2025-09-04T23:30:06.854927
TN87E6455,353201358042148,0.0,37.88,343.0,03/09/2025 15:22:26,13.0041433,79.9940633,9940633,2025-09-04T23:30:06.855052
TN87E6455,353201358042148,0.0,37.88,349.0,03/09/2025 15:22:21,13.0042016,79.9941083,9941083,2025-09-04T23:30:06.855147
TN87E6455,353201358042148,0.0,37.88,349.0,03/09/2025 15:22:16,13.0042016,79.9941083,9941083,2025-09-04T23:30:06.855333
TN87E6455,353201358042148,0.0,37.88,349.0,03/09/2025 15:22:11,13.0042016,79.9941083,9941083,2025-09-04T23:30:06.855544
TN87E6455,353201358042148,0.0,37.88,349.0,03/09/2025 15:22:06,13.0042016,79.9941083,9941083,2025-09-04T23:30:06.855732
TN87E6455,353201358042148,0.0,37.88,349.0,03/09/2025 15:22:01,13.0042066,79.9941116,9941116,2025-09-04T23:30:06.855913
TN87E6455,353201358042148,4.0,37.89,349.0,03/09/2025 15:21:56,13.004255,79.994135,994135,2025-09-04T23:30:06.856070
TN87E6455,353201358042148,0.0,37.89,349.0,03/09/2025 15:21:51,13.0043166,79.9941583,9941583,2025-09-04T23:30:06.856247
TN87E6455,353201358042148,6.0,37.89,349.0,03/09/2025 15:21:46,13.0043549,79.9941783,9941783,2025-09-04T23:30:06.856448
TN87E6455,353201358042148,5.0,37.91,352.0,03/09/2025 15:21:43,13.004405,79.9941999,9941999,2025-09-04T23:30:06.856658
TN87E6455,353201358042148,15.0,37.93,352.0,03/09/2025 15:21:38,13.0045299,79.99426,99426,2025-09-04T23:30:06.856849
TN87E6455,353201358042148,9.0,37.94,352.0,03/09/2025 15:21:33,13.0046816,79.9943633,9943633,2025-09-04T23:30:06.857053
TN87E6455,353201358042148,0.0,37.94,352.0,03/09/2025 15:21:29,13.0047566,79.9944249,9944249,2025-09-04T23:30:06.857220
TN87E6455,353201358042148,0.0,37.94,352.0,03/09/2025 15:21:24,13.0047599,79.9944283,9944283,2025-09-04T23:30:06.857362
TN87E6455,353201358042148,0.0,37.94,352.0,03/09/2025 15:21:19,13.004835,79.994515,994515,2025-09-04T23:30:06.857548
TN87E6455,353201358042148,0.0,37.94,352.0,03/09/2025 15:21:14,13.004835,79.994515,994515,2025-09-04T23:30:06.857684
TN87E6455,353201358042148,0.0,37.94,353.0,03/09/2025 15:21:09,13.004835,79.994515,994515,2025-09-04T23:30:06.857796
TN87E6455,353201358042148,4.0,37.95,353.0,03/09/2025 15:21:04,13.0048583,79.994525,994525,2025-09-04T23:30:06.857910
TN87E6455,353201358042148,7.0,37.95,353.0,03/09/2025 15:20:59,13.0049333,79.9945633,9945633,2025-09-04T23:30:06.858055
TN87E6455,353201358042148,8.0,37.97,353.0,03/09/2025 15:20:58,13.0049516,79.994575,994575,2025-09-04T23:30:06.858164
TN87E6455,353201358042148,10.0,37.98,353.0,03/09/2025 15:20:53,13.0050683,79.9946633,9946633,2025-09-04T23:30:06.858289
TN87E6455,353201358042148,9.0,37.99,353.0,03/09/2025 15:20:48,13.0051766,79.994745,994745,2025-09-04T23:30:06.858417
TN87E6455,353201358042148,0.0,37.99,0.0,03/09/2025 15:20:43,13.0052449,79.9947933,9947933,2025-09-04T23:30:06.858542
TN87E6455,353201358042148,0.0,37.99,0.0,03/09/2025 15:20:37,13.0052516,79.994795,994795,2025-09-04T23:30:06.858666
TN87E6455,353201358042148,2.0,37.99,0.0,03/09/2025 15:20:32,13.0052533,79.9947966,9947966,2025-09-04T23:30:06.858800
TN87E6455,353201358042148,3.0,38.98,0.0,03/09/2025 15:20:27,13.0052766,79.9948166,9948166,2025-09-04T23:30:06.858936
TN87E6455,353201358042148,6.0,38.98,0.0,03/09/2025 15:20:22,13.0053033,79.9948783,9948783,2025-09-04T23:30:06.859036
TN87E6455,353201358042148,6.0,39.95,0.0,03/09/2025 15:20:20,13.0053249,79.9949033,9949033,2025-09-04T23:30:06.859135
TN87E6455,353201358042148,7.0,39.95,0.0,03/09/2025 15:20:19,13.0053583,79.994915,994915,2025-09-04T23:30:06.859232
TN87E6455,353201358042148,9.0,40.94,0.0,03/09/2025 15:20:15,13.0053733,79.995005,995005,2025-09-04T23:30:06.859356
TN87E6455,353201358042148,15.0,40.96,0.0,03/09/2025 15:20:10,13.0055433,79.9950299,9950299,2025-09-04T23:30:06.859503
TN87E6455,353201358042148,47.0,41.5,338.0,03/09/2025 15:19:17,13.009595,79.997725,997725,2025-09-04T23:30:06.859621
TN87E6455,353201358042148,42.0,41.56,338.0,03/09/2025 15:19:12,13.0100516,79.998045,998045,2025-09-04T23:30:06.859787
TN87E6455,353201358042148,41.0,41.62,338.0,03/09/2025 15:19:07,13.0104816,79.9983766,9983766,2025-09-04T23:30:06.859923
TN87E6455,353201358042148,41.0,41.68,336.0,03/09/2025 15:19:02,13.0109149,79.9987049,9987049,2025-09-04T23:30:06.860027
TN87E6455,353201358042148,37.0,41.74,336.0,03/09/2025 15:18:57,13.0113183,79.9990016,9990016,2025-09-04T23:30:06.860157
TN87E6455,353201358042148,33.0,41.79,336.0,03/09/2025 15:18:52,13.0116283,79.9993433,9993433,2025-09-04T23:30:06.860279
TN87E6455,353201358042148,28.0,41.83,336.0,03/09/2025 15:18:47,13.011895,79.999655,999655,2025-09-04T23:30:06.860385
TN87E6455,353201358042148,23.0,41.87,336.0,03/09/2025 15:18:42,13.0121149,79.9999033,9999033,2025-09-04T23:30:06.860505
TN87E6455,353201358042148,18.0,41.9,336.0,03/09/2025 15:18:37,13.0122433,80.0001433,0001433,2025-09-04T23:30:06.860651
TN87E6455,353201358042148,17.0,41.9,336.0,03/09/2025 15:18:36,13.0122633,80.0001833,0001833,2025-09-04T23:30:06.860769
TN87E6455,353201358042148,17.0,41.91,336.0,03/09/2025 15:18:35,13.0122716,80.0002266,0002266,2025-09-04T23:30:06.860916
TN87E6455,353201358042148,17.0,42.87,336.0,03/09/2025 15:18:34,13.0122666,80.0002733,0002733,2025-09-04T23:30:06.861078
TN87E6455,353201358042148,17.0,42.87,336.0,03/09/2025 15:18:33,13.0122499,80.0003216,0003216,2025-09-04T23:30:06.861227
TN87E6455,353201358042148,20.0,42.88,336.0,03/09/2025 15:18:32,13.0122199,80.000365,000365,2025-09-04T23:30:06.861370
TN87E6455,353201358042148,22.0,42.91,336.0,03/09/2025 15:18:27,13.0120016,80.0005766,0005766,2025-09-04T23:30:06.861528
TN87E6455,353201358042148,17.0,42.95,336.0,03/09/2025 15:18:22,13.0117633,80.0007466,0007466,2025-09-04T23:30:06.861675
TN87E6455,353201358042148,21.0,42.98,336.0,03/09/2025 15:18:17,13.0115433,80.0009333,0009333,2025-09-04T23:30:06.861804
TN87E6455,353201358042148,27.0,43.02,336.0,03/09/2025 15:18:12,13.0112366,80.0011566,0011566,2025-09-04T23:30:06.861943
TN87E6455,353201358042148,26.0,43.04,336.0,03/09/2025 15:18:10,13.0111149,80.0012533,0012533,2025-09-04T23:30:06.862092
TN87E6455,353201358042148,23.0,43.08,336.0,03/09/2025 15:18:05,13.0109316,80.0015533,0015533,2025-09-04T23:30:06.862216
TN87E6455,353201358042148,18.0,43.11,336.0,03/09/2025 15:18:00,13.0108033,80.00182,00182,2025-09-04T23:30:06.862343
TN87E6455,353201358042148,9.0,43.13,336.0,03/09/2025 15:17:55,13.0107016,80.0020133,0020133,2025-09-04T23:30:06.862479
TN87E6455,353201358042148,9.0,44.11,336.0,03/09/2025 15:17:54,13.0106899,80.002035,002035,2025-09-04T23:30:06.862604
TN87E6455,353201358042148,9.0,44.12,336.0,03/09/2025 15:17:51,13.0106483,80.0021033,0021033,2025-09-04T23:30:06.862710
TN87E6455,353201358042148,6.0,44.13,336.0,03/09/2025 15:17:46,13.0105733,80.0022149,0022149,2025-09-04T23:30:06.862835
TN87E6455,353201358042148,5.0,44.14,336.0,03/09/2025 15:17:45,13.0105633,80.002235,002235,2025-09-04T23:30:06.863050
TN87E6455,353201358042148,8.0,44.15,336.0,03/09/2025 15:17:40,13.0105349,80.0023316,0023316,2025-09-04T23:30:06.863247
TN87E6455,353201358042148,7.0,44.15,336.0,03/09/2025 15:17:39,13.0105249,80.0023583,0023583,2025-09-04T23:30:06.863426
TN87E6455,353201358042148,6.0,44.15,336.0,03/09/2025 15:17:37,13.01051,80.0023966,0023966,2025-09-04T23:30:06.863599
TN87E6455,353201358042148,6.0,44.17,335.0,03/09/2025 15:17:33,13.0104633,80.002485,002485,2025-09-04T23:30:06.863743
TN87E6455,353201358042148,0.0,44.17,335.0,03/09/2025 15:17:28,13.01038,80.0025816,0025816,2025-09-04T23:30:06.863853
TN87E6455,353201358042148,0.0,44.17,335.0,03/09/2025 15:17:28,13.01038,80.0025816,0025816,2025-09-04T23:30:06.864006
TN87E6455,353201358042148,0.0,44.17,335.0,03/09/2025 15:17:23,13.01038,80.0025816,0025816,2025-09-04T23:30:06.864170
TN87E6455,353201358042148,0.0,44.17,335.0,03/09/2025 15:17:23,13.01038,80.0025816,0025816,2025-09-04T23:30:06.864333
TN87E6455,353201358042148,0.0,44.17,335.0,03/09/2025 15:17:18,13.01038,80.0025816,0025816,2025-09-04T23:30:06.864460
TN87E6455,353201358042148,0.0,44.17,335.0,03/09/2025 15:17:18,13.01038,80.0025816,0025816,2025-09-04T23:30:06.864592
TN87E6455,353201358042148,0.0,44.17,335.0,03/09/2025 15:17:13,13.01038,80.0025816,0025816,2025-09-04T23:30:06.864720
TN87E6455,353201358042148,0.0,44.17,335.0,03/09/2025 15:17:13,13.01038,80.0025816,0025816,2025-09-04T23:30:06.864853
TN87E6455,353201358042148,0.0,44.17,332.0,03/09/2025 15:17:08,13.01038,80.0025816,0025816,2025-09-04T23:30:06.864983
TN87E6455,353201358042148,0.0,44.17,332.0,03/09/2025 15:17:08,13.01038,80.0025816,0025816,2025-09-04T23:30:06.865157
TN87E6455,353201358042148,0.0,44.17,332.0,03/09/2025 15:17:03,13.01038,80.0025816,0025816,2025-09-04T23:30:06.865306
TN87E6455,353201358042148,0.0,44.17,332.0,03/09/2025 15:17:03,13.01038,80.0025816,0025816,2025-09-04T23:30:06.865435
TN87E6455,353201358042148,0.0,44.17,332.0,03/09/2025 15:16:58,13.01038,80.0025816,0025816,2025-09-04T23:30:06.865623
TN87E6455,353201358042148,0.0,44.17,332.0,03/09/2025 15:16:58,13.01038,80.0025816,0025816,2025-09-04T23:30:06.865795
TN87E6455,353201358042148,0.0,44.17,332.0,03/09/2025 15:16:53,13.01038,80.0025816,0025816,2025-09-04T23:30:06.865975
TN87E6455,353201358042148,0.0,44.17,332.0,03/09/2025 15:16:53,13.01038,80.0025816,0025816,2025-09-04T23:30:06.866117
TN87E6455,353201358042148,0.0,44.17,332.0,03/09/2025 15:16:53,13.01038,80.0025816,0025816,2025-09-04T23:30:06.866224
TN87E6455,353201358042148,0.0,44.17,332.0,03/09/2025 15:16:48,13.01038,80.0025816,0025816,2025-09-04T23:30:06.866324
TN87E6455,353201358042148,0.0,44.17,332.0,03/09/2025 15:16:48,13.01038,80.0025816,0025816,2025-09-04T23:30:06.866482
TN87E6455,353201358042148,0.0,44.17,332.0,03/09/2025 15:16:48,13.01038,80.0025816,0025816,2025-09-04T23:30:06.866624
TN87E6455,353201358042148,0.0,44.17,332.0,03/09/2025 15:16:43,13.010215,80.0027733,0027733,2025-09-04T23:30:06.866753
TN87E6455,353201358042148,0.0,44.17,332.0,03/09/2025 15:16:43,13.01038,80.0025816,0025816,2025-09-04T23:30:06.866873
TN87E6455,353201358042148,0.0,44.17,329.0,03/09/2025 15:16:28,13.010215,80.0027733,0027733,2025-09-04T23:30:06.867006
TN87E6455,353201358042148,0.0,44.17,326.0,03/09/2025 15:15:58,13.010215,80.0027733,0027733,2025-09-04T23:30:06.867109
TN87E6455,353201358042148,0.0,44.17,326.0,03/09/2025 15:15:53,13.010215,80.0027733,0027733,2025-09-04T23:30:06.867240
TN87E6455,353201358042148,0.0,44.17,326.0,03/09/2025 15:15:48,13.0102133,80.0027766,0027766,2025-09-04T23:30:06.867355
TN87E6455,353201358042148,0.0,44.17,326.0,03/09/2025 15:15:43,13.010135,80.0028283,0028283,2025-09-04T23:30:06.867476
TN87E6455,353201358042148,0.0,44.17,326.0,03/09/2025 15:15:38,13.010135,80.0028283,0028283,2025-09-04T23:30:06.867593
TN87E6455,353201358042148,0.0,44.17,324.0,03/09/2025 15:15:33,13.010135,80.0028283,0028283,2025-09-04T23:30:06.867722
TN87E6455,353201358042148,0.0,44.17,324.0,03/09/2025 15:15:28,13.010135,80.0028283,0028283,2025-09-04T23:30:06.867822
TN87E6455,353201358042148,0.0,44.17,324.0,03/09/2025 15:15:23,13.010135,80.0028283,0028283,2025-09-04T23:30:06.867920
TN87E6455,353201358042148,0.0,44.17,324.0,03/09/2025 15:15:18,13.010135,80.0028283,0028283,2025-09-04T23:30:06.868038
TN87E6455,353201358042148,0.0,44.17,324.0,03/09/2025 15:15:13,13.010135,80.0028283,0028283,2025-09-04T23:30:06.868188
TN87E6455,353201358042148,0.0,44.17,324.0,03/09/2025 15:15:08,13.010135,80.0028283,0028283,2025-09-04T23:30:06.868296
TN87E6455,353201358042148,0.0,44.17,324.0,03/09/2025 15:15:03,13.010135,80.0028283,0028283,2025-09-04T23:30:06.868430
TN87E6455,353201358042148,0.0,44.17,324.0,03/09/2025 15:14:58,13.010135,80.0028283,0028283,2025-09-04T23:30:06.868692
TN87E6455,353201358042148,0.0,44.17,324.0,03/09/2025 15:14:53,13.0101316,80.0028349,0028349,2025-09-04T23:30:06.868883
TN87E6455,353201358042148,7.0,44.18,324.0,03/09/2025 15:14:48,13.010065,80.002895,002895,2025-09-04T23:30:06.869060
TN87E6455,353201358042148,0.0,44.18,324.0,03/09/2025 15:14:43,13.0099683,80.0030316,0030316,2025-09-04T23:30:06.869236
TN87E6455,353201358042148,0.0,44.18,324.0,03/09/2025 15:14:38,13.0099683,80.0030316,0030316,2025-09-04T23:30:06.869396
TN87E6455,353201358042148,0.0,44.18,324.0,03/09/2025 15:14:33,13.0099683,80.0030316,0030316,2025-09-04T23:30:06.869584
TN87E6455,353201358042148,0.0,44.18,324.0,03/09/2025 15:14:28,13.0099683,80.0030316,0030316,2025-09-04T23:30:06.869843
TN87E6455,353201358042148,0.0,44.18,324.0,03/09/2025 15:14:23,13.0099683,80.0030316,0030316,2025-09-04T23:30:06.870026
TN87E6455,353201358042148,0.0,44.18,324.0,03/09/2025 15:14:18,13.0099683,80.0030316,0030316,2025-09-04T23:30:06.870216
TN87E6455,353201358042148,0.0,44.18,324.0,03/09/2025 15:14:13,13.0099683,80.0030316,0030316,2025-09-04T23:30:06.870377
TN87E6455,353201358042148,0.0,44.18,324.0,03/09/2025 15:14:08,13.0099683,80.0030316,0030316,2025-09-04T23:30:06.870545
TN87E6455,353201358042148,0.0,44.18,324.0,03/09/2025 15:14:03,13.0099683,80.0030316,0030316,2025-09-04T23:30:06.870739
TN87E6455,353201358042148,0.0,44.18,324.0,03/09/2025 15:13:58,13.0099683,80.0030316,0030316,2025-09-04T23:30:06.870936
TN87E6455,353201358042148,0.0,44.18,324.0,03/09/2025 15:13:53,13.0099683,80.0030316,0030316,2025-09-04T23:30:06.871085
TN87E6455,353201358042148,0.0,44.18,324.0,03/09/2025 15:13:48,13.0099683,80.0030316,0030316,2025-09-04T23:30:06.871243
TN87E6455,353201358042148,0.0,44.18,324.0,03/09/2025 15:13:43,13.0099683,80.0030316,0030316,2025-09-04T23:30:06.871365
TN87E6455,353201358042148,0.0,44.18,324.0,03/09/2025 15:13:38,13.0099683,80.0030316,0030316,2025-09-04T23:30:06.871464
TN87E6455,353201358042148,7.0,44.19,324.0,03/09/2025 15:13:33,13.0099416,80.00308,00308,2025-09-04T23:30:06.871558
TN87E6455,353201358042148,10.0,44.2,324.0,03/09/2025 15:13:29,13.009885,80.0031449,0031449,2025-09-04T23:30:06.871680
TN87E6455,353201358042148,7.0,44.2,324.0,03/09/2025 15:13:27,13.0098483,80.0031683,0031683,2025-09-04T23:30:06.871811
TN87E6455,353201358042148,8.0,44.2,324.0,03/09/2025 15:13:26,13.0098333,80.0031716,0031716,2025-09-04T23:30:06.871933
TN87E6455,353201358042148,5.0,44.21,324.0,03/09/2025 15:13:23,13.0098083,80.0031749,0031749,2025-09-04T23:30:06.872068
TN87E6455,353201358042148,0.0,44.21,324.0,03/09/2025 15:13:10,13.009755,80.0032083,0032083,2025-09-04T23:30:06.872172
TN87E6455,353201358042148,0.0,44.21,324.0,03/09/2025 15:13:07,13.0097483,80.0032116,0032116,2025-09-04T23:30:06.872288
TN87E6455,353201358042148,6.0,44.22,324.0,03/09/2025 15:13:02,13.0096716,80.0032049,0032049,2025-09-04T23:30:06.872425
TN87E6455,353201358042148,0.0,44.22,324.0,03/09/2025 15:12:57,13.0095883,80.0032316,0032316,2025-09-04T23:30:06.872560
TN87E6455,353201358042148,0.0,44.22,324.0,03/09/2025 15:12:52,13.0095883,80.0032316,0032316,2025-09-04T23:30:06.872683
TN87E6455,353201358042148,0.0,44.22,324.0,03/09/2025 15:12:47,13.0095883,80.0032316,0032316,2025-09-04T23:30:06.872816
TN87E6455,353201358042148,0.0,44.22,324.0,03/09/2025 15:12:42,13.0095883,80.0032316,0032316,2025-09-04T23:30:06.872925
TN87E6455,353201358042148,0.0,44.22,324.0,03/09/2025 15:12:37,13.0095883,80.0032316,0032316,2025-09-04T23:30:06.873036
TN87E6455,353201358042148,0.0,44.22,324.0,03/09/2025 15:12:32,13.0095883,80.0032316,0032316,2025-09-04T23:30:06.873179
TN87E6455,353201358042148,0.0,44.22,324.0,03/09/2025 15:12:27,13.0095883,80.0032316,0032316,2025-09-04T23:30:06.873304
TN87E6455,353201358042148,0.0,44.22,324.0,03/09/2025 15:12:22,13.0095883,80.0032316,0032316,2025-09-04T23:30:06.873437
TN87E6455,353201358042148,0.0,44.22,324.0,03/09/2025 15:12:17,13.0095883,80.0032316,0032316,2025-09-04T23:30:06.873558
TN87E6455,353201358042148,0.0,44.22,324.0,03/09/2025 15:12:12,13.0095883,80.0032316,0032316,2025-09-04T23:30:06.873689
TN87E6455,353201358042148,0.0,44.22,324.0,03/09/2025 15:12:07,13.0095883,80.0032316,0032316,2025-09-04T23:30:06.873812
TN87E6455,353201358042148,0.0,44.22,324.0,03/09/2025 15:12:06,13.0095883,80.0032316,0032316,2025-09-04T23:30:06.873937
TN87E6455,353201358042148,0.0,44.22,324.0,03/09/2025 15:11:36,13.0095883,80.0032316,0032316,2025-09-04T23:30:06.874088
TN87E6455,353201358042148,0.0,44.22,324.0,03/09/2025 15:11:06,13.0095883,80.0032316,0032316,2025-09-04T23:30:06.874274
TN87E6455,353201358042148,0.0,44.22,324.0,03/09/2025 15:10:36,13.0095883,80.0032316,0032316,2025-09-04T23:30:06.874412
TN87E6455,353201358042148,0.0,44.22,324.0,03/09/2025 15:10:06,13.0095883,80.0032316,0032316,2025-09-04T23:30:06.874554
TN87E6455,353201358042148,0.0,44.22,324.0,03/09/2025 15:09:36,13.0095883,80.0032316,0032316,2025-09-04T23:30:06.874682
TN87E6455,353201358042148,0.0,44.22,324.0,03/09/2025 15:09:06,13.0095883,80.0032316,0032316,2025-09-04T23:30:06.874839
TN87E6455,353201358042148,0.0,44.22,324.0,03/09/2025 15:09:05,13.0095883,80.0032316,0032316,2025-09-04T23:30:06.874984
TN87E6455,353201358042148,0.0,44.22,324.0,03/09/2025 15:09:00,13.0095883,80.0032316,0032316,2025-09-04T23:30:06.875162
TN87E6455,353201358042148,0.0,44.22,324.0,03/09/2025 15:08:55,13.0095883,80.0032316,0032316,2025-09-04T23:30:06.875361
TN87E6455,353201358042148,0.0,44.22,324.0,03/09/2025 15:08:50,13.0095883,80.0032316,0032316,2025-09-04T23:30:06.875518
TN87E6455,353201358042148,0.0,44.22,324.0,03/09/2025 15:08:45,13.0095883,80.0032316,0032316,2025-09-04T23:30:06.875704
TN87E6455,353201358042148,0.0,44.22,324.0,03/09/2025 15:08:45,13.0095883,80.0032316,0032316,2025-09-04T23:30:06.875846
TN87E6455,353201358042148,0.0,44.22,324.0,03/09/2025 15:08:40,13.0095883,80.0032316,0032316,2025-09-04T23:30:06.875981
TN87E6455,353201358042148,0.0,44.22,324.0,03/09/2025 15:08:40,13.0095883,80.0032316,0032316,2025-09-04T23:30:06.876138
TN87E6455,353201358042148,0.0,44.22,324.0,03/09/2025 15:08:35,13.0095883,80.0032316,0032316,2025-09-04T23:30:06.876299
TN87E6455,353201358042148,0.0,44.22,324.0,03/09/2025 15:08:35,13.0095883,80.0032316,0032316,2025-09-04T23:30:06.876411
TN87E6455,353201358042148,0.0,44.22,324.0,03/09/2025 15:08:30,13.0095883,80.0032316,0032316,2025-09-04T23:30:06.876547
TN87E6455,353201358042148,0.0,44.22,324.0,03/09/2025 15:08:30,13.0095883,80.0032316,0032316,2025-09-04T23:30:06.876693
TN87E6455,353201358042148,0.0,44.22,324.0,03/09/2025 15:08:25,13.0095883,80.0032316,0032316,2025-09-04T23:30:06.876834
TN87E6455,353201358042148,0.0,44.22,324.0,03/09/2025 15:08:25,13.0095883,80.0032316,0032316,2025-09-04T23:30:06.876968
TN87E6455,353201358042148,0.0,44.22,324.0,03/09/2025 15:08:20,13.0095883,80.0032316,0032316,2025-09-04T23:30:06.877100
TN87E6455,353201358042148,0.0,44.22,324.0,03/09/2025 15:08:20,13.0095883,80.0032316,0032316,2025-09-04T23:30:06.877203
TN87E6455,353201358042148,0.0,44.22,324.0,03/09/2025 15:08:15,13.0095883,80.0032316,0032316,2025-09-04T23:30:06.877329
TN87E6455,353201358042148,0.0,44.22,324.0,03/09/2025 15:08:15,13.0095883,80.0032316,0032316,2025-09-04T23:30:06.877458
TN87E6455,353201358042148,0.0,44.22,324.0,03/09/2025 15:08:10,13.0095883,80.0032316,0032316,2025-09-04T23:30:06.877585
TN87E6455,353201358042148,0.0,44.22,324.0,03/09/2025 15:08:10,13.0095883,80.0032316,0032316,2025-09-04T23:30:06.877688
TN87E6455,353201358042148,0.0,44.22,324.0,03/09/2025 15:08:05,13.0095883,80.0032316,0032316,2025-09-04T23:30:06.877801
TN87E6455,353201358042148,0.0,44.22,324.0,03/09/2025 15:08:05,13.0095883,80.0032316,0032316,2025-09-04T23:30:06.877904
TN87E6455,353201358042148,0.0,44.22,324.0,03/09/2025 15:08:00,13.0095883,80.0032316,0032316,2025-09-04T23:30:06.878022
TN87E6455,353201358042148,0.0,44.22,324.0,03/09/2025 15:08:00,13.0096266,80.0033266,0033266,2025-09-04T23:30:06.878159
TN87E6455,353201358042148,0.0,44.22,324.0,03/09/2025 15:08:00,13.0095883,80.0032316,0032316,2025-09-04T23:30:06.878294
TN87E6455,353201358042148,0.0,44.22,324.0,03/09/2025 15:08:00,13.0096266,80.0033266,0033266,2025-09-04T23:30:06.878416
TN87E6455,353201358042148,0.0,44.22,324.0,03/09/2025 15:07:48,13.0096266,80.0033266,0033266,2025-09-04T23:30:06.878532
TN87E6455,353201358042148,0.0,44.22,324.0,03/09/2025 15:07:48,13.0096266,80.0033266,0033266,2025-09-04T23:30:06.878674
TN87E6455,353201358042148,0.0,44.22,324.0,03/09/2025 15:07:45,13.0096266,80.0033266,0033266,2025-09-04T23:30:06.878808
TN87E6455,353201358042148,0.0,44.22,324.0,03/09/2025 15:07:45,13.0096266,80.0033266,0033266,2025-09-04T23:30:06.878972
TN87E6455,353201358042148,0.0,44.22,324.0,03/09/2025 15:07:40,13.0096266,80.0033266,0033266,2025-09-04T23:30:06.879155
TN87E6455,353201358042148,0.0,44.22,324.0,03/09/2025 15:07:35,13.0096266,80.0033266,0033266,2025-09-04T23:30:06.879298
TN87E6455,353201358042148,0.0,44.22,324.0,03/09/2025 15:07:30,13.0096266,80.0033266,0033266,2025-09-04T23:30:06.879414
TN87E6455,353201358042148,0.0,44.22,324.0,03/09/2025 15:07:25,13.0096266,80.0033266,0033266,2025-09-04T23:30:06.879542
TN87E6455,353201358042148,0.0,44.22,324.0,03/09/2025 15:07:20,13.0096266,80.0033266,0033266,2025-09-04T23:30:06.879677
TN87E6455,353201358042148,0.0,44.22,324.0,03/09/2025 15:07:15,13.0096266,80.0033266,0033266,2025-09-04T23:30:06.879786
TN87E6455,353201358042148,0.0,44.22,324.0,03/09/2025 15:07:10,13.0096266,80.0033266,0033266,2025-09-04T23:30:06.879905
TN87E6455,353201358042148,0.0,44.22,324.0,03/09/2025 15:07:05,13.0096266,80.0033266,0033266,2025-09-04T23:30:06.880038
TN87E6455,353201358042148,0.0,44.22,324.0,03/09/2025 15:07:00,13.0096266,80.0033266,0033266,2025-09-04T23:30:06.880165
TN87E6455,353201358042148,0.0,44.22,324.0,03/09/2025 15:06:55,13.0096266,80.0033266,0033266,2025-09-04T23:30:06.880303
TN87E6455,353201358042148,0.0,44.22,324.0,03/09/2025 15:06:55,13.0096266,80.0033266,0033266,2025-09-04T23:30:06.880411
TN87E6455,353201358042148,0.0,44.22,324.0,03/09/2025 15:06:50,13.0096266,80.0033266,0033266,2025-09-04T23:30:06.880548
TN87E6455,353201358042148,0.0,44.22,324.0,03/09/2025 15:06:45,13.0096266,80.0033266,0033266,2025-09-04T23:30:06.880693
TN87E6455,353201358042148,0.0,44.22,324.0,03/09/2025 15:06:42,13.0095833,80.0032433,0032433,2025-09-04T23:30:06.880872
TN87E6455,353201358042148,0.0,44.22,324.0,03/09/2025 15:06:12,13.0095833,80.0032433,0032433,2025-09-04T23:30:06.881057
TN87E6455,353201358042148,0.0,44.22,324.0,03/09/2025 15:05:42,13.0095833,80.0032433,0032433,2025-09-04T23:30:06.881212
TN87E6455,353201358042148,0.0,44.22,324.0,03/09/2025 15:05:12,13.0095833,80.0032433,0032433,2025-09-04T23:30:06.881345
TN87E6455,353201358042148,0.0,44.22,324.0,03/09/2025 15:04:42,13.0095833,80.0032433,0032433,2025-09-04T23:30:06.881482
TN87E6455,353201358042148,0.0,44.22,324.0,03/09/2025 15:04:12,13.0095833,80.0032433,0032433,2025-09-04T23:30:06.881587
TN87E6455,353201358042148,0.0,44.22,324.0,03/09/2025 15:03:42,13.0095833,80.0032433,0032433,2025-09-04T23:30:06.881726
TN87E6455,353201358042148,0.0,44.22,324.0,03/09/2025 15:03:12,13.0095833,80.0032433,0032433,2025-09-04T23:30:06.881928
TN87E6455,353201358042148,0.0,44.22,324.0,03/09/2025 15:03:09,13.0095833,80.0032433,0032433,2025-09-04T23:30:06.882098
TN87E6455,353201358042148,0.0,44.22,324.0,03/09/2025 15:02:39,13.0095833,80.0032433,0032433,2025-09-04T23:30:06.882266
TN87E6455,353201358042148,0.0,44.22,325.0,03/09/2025 15:02:09,13.0095833,80.0032433,0032433,2025-09-04T23:30:06.882460
TN87E6455,353201358042148,0.0,44.22,325.0,03/09/2025 15:01:39,13.0095833,80.0032433,0032433,2025-09-04T23:30:06.882661
TN87E6455,353201358042148,0.0,44.22,325.0,03/09/2025 15:01:09,13.0095833,80.0032433,0032433,2025-09-04T23:30:06.882862
TN87E6455,353201358042148,0.0,44.22,325.0,03/09/2025 15:00:39,13.0095833,80.0032433,0032433,2025-09-04T23:30:06.883060
TN87E6455,353201358042148,0.0,44.22,325.0,03/09/2025 15:00:09,13.0095833,80.0032433,0032433,2025-09-04T23:30:06.883243
TN87E6455,353201358042148,0.0,44.22,325.0,03/09/2025 14:59:39,13.0095833,80.0032433,0032433,2025-09-04T23:30:06.883434
TN87E6455,353201358042148,0.0,44.22,325.0,03/09/2025 14:59:09,13.0095833,80.0032433,0032433,2025-09-04T23:30:06.883565
TN87E6455,353201358042148,0.0,44.22,325.0,03/09/2025 14:58:39,13.0095833,80.0032433,0032433,2025-09-04T23:30:06.883690
TN87E6455,353201358042148,0.0,44.22,325.0,03/09/2025 14:58:09,13.0095833,80.0032433,0032433,2025-09-04T23:30:06.883858
TN87E6455,353201358042148,0.0,44.22,325.0,03/09/2025 14:57:39,13.0095833,80.0032433,0032433,2025-09-04T23:30:06.884044
TN87E6455,353201358042148,0.0,44.22,325.0,03/09/2025 14:57:09,13.0095833,80.0032433,0032433,2025-09-04T23:30:06.884207
TN87E6455,353201358042148,0.0,44.22,325.0,03/09/2025 14:56:39,13.0095833,80.0032433,0032433,2025-09-04T23:30:06.884428
TN87E6455,353201358042148,0.0,44.22,325.0,03/09/2025 14:56:09,13.0095833,80.0032433,0032433,2025-09-04T23:30:06.884545
TN87E6455,353201358042148,0.0,44.22,325.0,03/09/2025 14:55:39,13.0095833,80.0032433,0032433,2025-09-04T23:30:06.884686
TN87E6455,353201358042148,0.0,44.22,325.0,03/09/2025 14:55:09,13.0095833,80.0032433,0032433,2025-09-04T23:30:06.884854
TN87E6455,353201358042148,0.0,44.22,325.0,03/09/2025 14:54:39,13.0095833,80.0032433,0032433,2025-09-04T23:30:06.885013
TN87E6455,353201358042148,0.0,44.22,325.0,03/09/2025 14:54:09,13.0095833,80.0032433,0032433,2025-09-04T23:30:06.885188
TN87E6455,353201358042148,0.0,44.22,325.0,03/09/2025 14:53:39,13.0095833,80.0032433,0032433,2025-09-04T23:30:06.885314
TN87E6455,353201358042148,0.0,44.22,325.0,03/09/2025 14:53:09,13.0095833,80.0032433,0032433,2025-09-04T23:30:06.885440
TN87E6455,353201358042148,0.0,44.22,325.0,03/09/2025 14:52:39,13.0095833,80.0032433,0032433,2025-09-04T23:30:06.885629
TN87E6455,353201358042148,0.0,44.22,325.0,03/09/2025 14:52:09,13.0095833,80.0032433,0032433,2025-09-04T23:30:06.885820
TN87E6455,353201358042148,0.0,44.22,325.0,03/09/2025 14:51:39,13.0095833,80.0032433,0032433,2025-09-04T23:30:06.885999
TN87E6455,353201358042148,0.0,44.22,325.0,03/09/2025 14:51:09,13.0095833,80.0032433,0032433,2025-09-04T23:30:06.886159
TN87E6455,353201358042148,0.0,44.22,325.0,03/09/2025 14:50:39,13.0095833,80.0032433,0032433,2025-09-04T23:30:06.886281
TN87E6455,353201358042148,0.0,44.22,325.0,03/09/2025 14:50:09,13.0095833,80.0032433,0032433,2025-09-04T23:30:06.886420
TN87E6455,353201358042148,0.0,44.22,325.0,03/09/2025 14:49:39,13.0095833,80.0032433,0032433,2025-09-04T23:30:06.886519
TN87E6455,353201358042148,0.0,44.22,325.0,03/09/2025 14:49:09,13.0095833,80.0032433,0032433,2025-09-04T23:30:06.886639
TN87E6455,353201358042148,0.0,44.22,325.0,03/09/2025 14:48:39,13.0095833,80.0032433,0032433,2025-09-04T23:30:06.886788
TN87E6455,353201358042148,0.0,44.22,326.0,03/09/2025 14:48:09,13.0095833,80.0032433,0032433,2025-09-04T23:30:06.886939
TN87E6455,353201358042148,0.0,44.22,326.0,03/09/2025 14:47:39,13.0095833,80.0032433,0032433,2025-09-04T23:30:06.887074
TN87E6455,353201358042148,0.0,44.22,326.0,03/09/2025 14:47:09,13.0095833,80.0032433,0032433,2025-09-04T23:30:06.887192
TN87E6455,353201358042148,0.0,44.22,326.0,03/09/2025 14:46:39,13.0095833,80.0032433,0032433,2025-09-04T23:30:06.887323
TN87E6455,353201358042148,0.0,44.22,326.0,03/09/2025 14:46:09,13.0095833,80.0032433,0032433,2025-09-04T23:30:06.887460
TN87E6455,353201358042148,0.0,44.22,326.0,03/09/2025 14:45:39,13.0095833,80.0032433,0032433,2025-09-04T23:30:06.887588
TN87E6455,353201358042148,0.0,44.22,326.0,03/09/2025 14:45:09,13.0095833,80.0032433,0032433,2025-09-04T23:30:06.887717
TN87E6455,353201358042148,0.0,44.22,326.0,03/09/2025 14:44:39,13.0095833,80.0032433,0032433,2025-09-04T23:30:06.887836
TN87E6455,353201358042148,0.0,44.22,326.0,03/09/2025 14:44:09,13.0095833,80.0032433,0032433,2025-09-04T23:30:06.887970
TN87E6455,353201358042148,0.0,44.22,326.0,03/09/2025 14:43:39,13.0095833,80.0032433,0032433,2025-09-04T23:30:06.888098
TN87E6455,353201358042148,0.0,44.22,326.0,03/09/2025 14:43:09,13.0095833,80.0032433,0032433,2025-09-04T23:30:06.888209
TN87E6455,353201358042148,0.0,44.22,326.0,03/09/2025 14:42:39,13.0095833,80.0032433,0032433,2025-09-04T23:30:06.888331
TN87E6455,353201358042148,0.0,44.22,327.0,03/09/2025 14:42:09,13.0095833,80.0032433,0032433,2025-09-04T23:30:06.888449
TN87E6455,353201358042148,0.0,44.22,327.0,03/09/2025 14:41:39,13.0095833,80.0032433,0032433,2025-09-04T23:30:06.888576
TN87E6455,353201358042148,0.0,44.22,327.0,03/09/2025 14:41:09,13.0095833,80.0032433,0032433,2025-09-04T23:30:06.888692
TN87E6455,353201358042148,0.0,44.22,327.0,03/09/2025 14:40:39,13.0095833,80.0032433,0032433,2025-09-04T23:30:06.888829
TN87E6455,353201358042148,0.0,44.22,327.0,03/09/2025 14:40:09,13.0095833,80.0032433,0032433,2025-09-04T23:30:06.888958
TN87E6455,353201358042148,0.0,44.22,327.0,03/09/2025 14:40:08,13.0095833,80.0032433,0032433,2025-09-04T23:30:06.889087
TN87E6455,353201358042148,0.0,44.22,327.0,03/09/2025 14:40:07,13.0095833,80.0032433,0032433,2025-09-04T23:30:06.889232
TN87E6455,353201358042148,0.0,44.22,327.0,03/09/2025 14:40:02,13.0095833,80.0032433,0032433,2025-09-04T23:30:06.889354
TN87E6455,353201358042148,0.0,44.22,325.0,03/09/2025 14:39:57,13.0095833,80.0032433,0032433,2025-09-04T23:30:06.889482
TN87E6455,353201358042148,0.0,44.22,325.0,03/09/2025 14:39:52,13.0095583,80.0031983,0031983,2025-09-04T23:30:06.889595
TN87E6455,353201358042148,0.0,44.22,325.0,03/09/2025 14:39:47,13.0095583,80.0031983,0031983,2025-09-04T23:30:06.889723
TN87E6455,353201358042148,0.0,44.22,325.0,03/09/2025 14:39:42,13.0095583,80.0031983,0031983,2025-09-04T23:30:06.889841
TN87E6455,353201358042148,0.0,44.22,325.0,03/09/2025 14:39:37,13.0095583,80.0031983,0031983,2025-09-04T23:30:06.889961
TN87E6455,353201358042148,0.0,44.22,325.0,03/09/2025 14:39:32,13.0095583,80.0031983,0031983,2025-09-04T23:30:06.890069
TN87E6455,353201358042148,0.0,44.22,324.0,03/09/2025 14:39:27,13.0096466,80.0032316,0032316,2025-09-04T23:30:06.890195
TN87E6455,353201358042148,0.0,44.22,324.0,03/09/2025 14:39:22,13.0096466,80.0032316,0032316,2025-09-04T23:30:06.890323
TN87E6455,353201358042148,0.0,44.22,324.0,03/09/2025 14:39:17,13.0096466,80.0032316,0032316,2025-09-04T23:30:06.890428
TN87E6455,353201358042148,0.0,44.22,324.0,03/09/2025 14:39:12,13.0096466,80.0032316,0032316,2025-09-04T23:30:06.890587
TN87E6455,353201358042148,0.0,44.22,324.0,03/09/2025 14:39:07,13.0096466,80.0032316,0032316,2025-09-04T23:30:06.890740
TN87E6455,353201358042148,0.0,44.22,324.0,03/09/2025 14:39:02,13.0096466,80.0032316,0032316,2025-09-04T23:30:06.890913
TN87E6455,353201358042148,0.0,44.22,324.0,03/09/2025 14:38:57,13.0096466,80.0032316,0032316,2025-09-04T23:30:06.891063
TN87E6455,353201358042148,0.0,44.22,324.0,03/09/2025 14:38:52,13.0096466,80.0032316,0032316,2025-09-04T23:30:06.891240
TN87E6455,353201358042148,0.0,44.22,324.0,03/09/2025 14:38:47,13.0096466,80.0032316,0032316,2025-09-04T23:30:06.891401
TN87E6455,353201358042148,0.0,44.22,324.0,03/09/2025 14:38:42,13.0096466,80.0032316,0032316,2025-09-04T23:30:06.891514
TN87E6455,353201358042148,0.0,44.22,324.0,03/09/2025 14:38:37,13.0096466,80.0032316,0032316,2025-09-04T23:30:06.891627
TN87E6455,353201358042148,0.0,44.22,324.0,03/09/2025 14:38:32,13.0096466,80.0032316,0032316,2025-09-04T23:30:06.891767
TN87E6455,353201358042148,0.0,44.22,324.0,03/09/2025 14:38:27,13.0096466,80.0032316,0032316,2025-09-04T23:30:06.891901
TN87E6455,353201358042148,0.0,44.22,324.0,03/09/2025 14:38:22,13.0096466,80.0032316,0032316,2025-09-04T23:30:06.892013
TN87E6455,353201358042148,0.0,44.22,324.0,03/09/2025 14:38:17,13.0096466,80.0032316,0032316,2025-09-04T23:30:06.892145
TN87E6455,353201358042148,0.0,44.22,324.0,03/09/2025 14:38:12,13.0096466,80.0032316,0032316,2025-09-04T23:30:06.892272
TN87E6455,353201358042148,0.0,44.22,324.0,03/09/2025 14:38:07,13.0096466,80.0032316,0032316,2025-09-04T23:30:06.892388
TN87E6455,353201358042148,0.0,44.22,324.0,03/09/2025 14:38:02,13.0096466,80.0032316,0032316,2025-09-04T23:30:06.892513
TN87E6455,353201358042148,0.0,44.22,324.0,03/09/2025 14:37:57,13.0096466,80.0032316,0032316,2025-09-04T23:30:06.892629
TN87E6455,353201358042148,0.0,44.22,324.0,03/09/2025 14:37:52,13.0096466,80.0032316,0032316,2025-09-04T23:30:06.892753
TN87E6455,353201358042148,0.0,44.22,324.0,03/09/2025 14:37:47,13.0096466,80.0032316,0032316,2025-09-04T23:30:06.892867
TN87E6455,353201358042148,0.0,44.22,324.0,03/09/2025 14:37:42,13.0096466,80.0032316,0032316,2025-09-04T23:30:06.892994
TN87E6455,353201358042148,0.0,44.22,324.0,03/09/2025 14:37:37,13.0096466,80.0032316,0032316,2025-09-04T23:30:06.893143
TN87E6455,353201358042148,0.0,44.22,324.0,03/09/2025 14:37:32,13.0096466,80.0032316,0032316,2025-09-04T23:30:06.893297
TN87E6455,353201358042148,0.0,44.22,324.0,03/09/2025 14:37:27,13.0096466,80.0032316,0032316,2025-09-04T23:30:06.893440
TN87E6455,353201358042148,0.0,44.22,324.0,03/09/2025 14:37:22,13.0096466,80.0032316,0032316,2025-09-04T23:30:06.893573
TN87E6455,353201358042148,0.0,44.22,324.0,03/09/2025 14:37:17,13.0096466,80.0032316,0032316,2025-09-04T23:30:06.893693
TN87E6455,353201358042148,0.0,44.22,324.0,03/09/2025 14:37:12,13.0096466,80.0032316,0032316,2025-09-04T23:30:06.893825
TN87E6455,353201358042148,0.0,44.22,324.0,03/09/2025 14:37:07,13.0096466,80.0032316,0032316,2025-09-04T23:30:06.893939
TN87E6455,353201358042148,0.0,44.22,324.0,03/09/2025 14:37:02,13.0096466,80.0032316,0032316,2025-09-04T23:30:06.894101
TN87E6455,353201358042148,0.0,44.22,324.0,03/09/2025 14:36:57,13.0096466,80.0032316,0032316,2025-09-04T23:30:06.894268
TN87E6455,353201358042148,0.0,44.22,324.0,03/09/2025 14:36:52,13.0096466,80.0032316,0032316,2025-09-04T23:30:06.894399
TN87E6455,353201358042148,4.0,44.22,324.0,03/09/2025 14:36:47,13.0096133,80.0032766,0032766,2025-09-04T23:30:06.894576
TN87E6455,353201358042148,0.0,44.22,324.0,03/09/2025 14:36:42,13.009605,80.0032833,0032833,2025-09-04T23:30:06.894710
TN87E6455,353201358042148,3.0,44.23,324.0,03/09/2025 14:36:37,13.0096166,80.0032566,0032566,2025-09-04T23:30:06.894843
TN87E6455,353201358042148,0.0,44.23,324.0,03/09/2025 14:36:37,13.0096166,80.0032566,0032566,2025-09-04T23:30:06.894980
TN87E6455,353201358042148,0.0,44.23,324.0,03/09/2025 14:36:31,13.0096166,80.0032566,0032566,2025-09-04T23:30:06.895130
TN87E6455,353201358042148,0.0,44.23,324.0,03/09/2025 14:36:20,13.0096166,80.0032566,0032566,2025-09-04T23:30:06.895320
TN87E6455,353201358042148,0.0,44.23,324.0,03/09/2025 14:35:50,13.0096166,80.0032566,0032566,2025-09-04T23:30:06.895503
TN87E6455,353201358042148,0.0,44.23,324.0,03/09/2025 14:35:20,13.0096166,80.0032566,0032566,2025-09-04T23:30:06.895693
TN87E6455,353201358042148,0.0,44.23,324.0,03/09/2025 14:34:50,13.0096166,80.0032566,0032566,2025-09-04T23:30:06.895853
TN87E6455,353201358042148,0.0,44.23,324.0,03/09/2025 14:34:48,13.0096166,80.0032566,0032566,2025-09-04T23:30:06.896028
TN87E6455,353201358042148,0.0,44.23,324.0,03/09/2025 14:34:46,13.0096166,80.0032566,0032566,2025-09-04T23:30:06.896226
TN87E6455,353201358042148,0.0,44.23,324.0,03/09/2025 14:33:43,13.0096166,80.0032566,0032566,2025-09-04T23:30:06.896403
TN87E6455,353201358042148,0.0,44.23,324.0,03/09/2025 14:33:20,13.0096166,80.0032566,0032566,2025-09-04T23:30:06.896616
TN87E6455,353201358042148,0.0,44.23,324.0,03/09/2025 14:32:50,13.0096166,80.0032566,0032566,2025-09-04T23:30:06.896814
TN87E6455,353201358042148,0.0,44.23,324.0,03/09/2025 14:32:20,13.0096166,80.0032566,0032566,2025-09-04T23:30:06.897012
TN87E6455,353201358042148,0.0,44.23,324.0,03/09/2025 14:31:50,13.0096166,80.0032566,0032566,2025-09-04T23:30:06.897192
TN87E6455,353201358042148,0.0,44.23,325.0,03/09/2025 14:31:20,13.0096166,80.0032566,0032566,2025-09-04T23:30:06.897355
TN87E6455,353201358042148,0.0,44.23,328.0,03/09/2025 14:30:50,13.0096166,80.0032566,0032566,2025-09-04T23:30:06.897512
TN87E6455,353201358042148,0.0,44.23,330.0,03/09/2025 14:30:20,13.0096166,80.0032566,0032566,2025-09-04T23:30:06.897640
TN87E6455,353201358042148,0.0,44.23,330.0,03/09/2025 14:30:18,13.0096166,80.0032566,0032566,2025-09-04T23:30:06.897781
TN87E6455,353201358042148,0.0,44.23,330.0,03/09/2025 14:30:13,13.0096166,80.0032566,0032566,2025-09-04T23:30:06.897889
TN87E6455,353201358042148,0.0,44.23,330.0,03/09/2025 14:30:08,13.0096166,80.0032566,0032566,2025-09-04T23:30:06.897989
TN87E6455,353201358042148,0.0,44.23,330.0,03/09/2025 14:30:03,13.0096166,80.0032566,0032566,2025-09-04T23:30:06.898102
TN87E6455,353201358042148,0.0,44.23,333.0,03/09/2025 14:29:58,13.0096166,80.0032566,0032566,2025-09-04T23:30:06.898229
TN87E6455,353201358042148,0.0,44.23,334.0,03/09/2025 14:28:48,13.0096166,80.0032566,0032566,2025-09-04T23:30:06.898337
TN87E6455,353201358042148,0.0,44.23,334.0,03/09/2025 14:28:43,13.0096166,80.0032566,0032566,2025-09-04T23:30:06.898449
TN87E6455,353201358042148,0.0,44.23,334.0,03/09/2025 14:28:38,13.0096166,80.0032566,0032566,2025-09-04T23:30:06.898569
TN87E6455,353201358042148,0.0,44.23,334.0,03/09/2025 14:28:33,13.0096166,80.0032566,0032566,2025-09-04T23:30:06.898691
TN87E6455,353201358042148,3.0,44.23,334.0,03/09/2025 14:28:28,13.0096449,80.0032433,0032433,2025-09-04T23:30:06.898840
TN87E6455,353201358042148,0.0,44.23,335.0,03/09/2025 14:28:23,13.0096766,80.0032133,0032133,2025-09-04T23:30:06.898976
TN87E6455,353201358042148,0.0,44.23,335.0,03/09/2025 14:28:18,13.0096766,80.0032133,0032133,2025-09-04T23:30:06.899121
TN87E6455,353201358042148,0.0,44.23,335.0,03/09/2025 14:28:13,13.0096683,80.0032166,0032166,2025-09-04T23:30:06.899266
TN87E6455,353201358042148,5.0,44.24,335.0,03/09/2025 14:28:08,13.00959,80.0032266,0032266,2025-09-04T23:30:06.899403
TN87E6455,353201358042148,0.0,44.24,335.0,03/09/2025 14:28:03,13.00952,80.0032333,0032333,2025-09-04T23:30:06.899567
TN87E6455,353201358042148,6.0,44.25,335.0,03/09/2025 14:27:58,13.0094549,80.0032783,0032783,2025-09-04T23:30:06.899695
TN87E6455,353201358042148,6.0,44.25,336.0,03/09/2025 14:27:56,13.0094266,80.0033166,0033166,2025-09-04T23:30:06.899833
TN87E6455,353201358042148,8.0,44.26,336.0,03/09/2025 14:27:55,13.0094083,80.003335,003335,2025-09-04T23:30:06.899960
TN87E6455,353201358042148,6.0,44.26,336.0,03/09/2025 14:27:54,13.0093733,80.0033516,0033516,2025-09-04T23:30:06.900089
TN87E6455,353201358042148,0.0,44.26,336.0,03/09/2025 14:27:49,13.0093266,80.0033933,0033933,2025-09-04T23:30:06.900221
TN87E6455,353201358042148,6.0,44.27,336.0,03/09/2025 14:27:44,13.0092816,80.0034766,0034766,2025-09-04T23:30:06.900332
TN87E6455,353201358042148,6.0,44.28,336.0,03/09/2025 14:27:41,13.0093033,80.00354,00354,2025-09-04T23:30:06.900451
TN87E6455,353201358042148,8.0,44.28,336.0,03/09/2025 14:27:40,13.0093166,80.00356,00356,2025-09-04T23:30:06.900615
TN87E6455,353201358042148,8.0,44.28,336.0,03/09/2025 14:27:39,13.0093233,80.0035816,0035816,2025-09-04T23:30:06.900750
TN87E6455,353201358042148,8.0,44.3,336.0,03/09/2025 14:27:34,13.0093533,80.0037033,0037033,2025-09-04T23:30:06.900911
TN87E6455,353201358042148,9.0,44.31,336.0,03/09/2025 14:27:29,13.0093616,80.003795,003795,2025-09-04T23:30:06.901098
TN87E6455,353201358042148,0.0,44.31,336.0,03/09/2025 14:27:29,13.0094016,80.0041066,0041066,2025-09-04T23:30:06.901239
TN87E6455,353201358042148,0.0,44.31,339.0,03/09/2025 14:27:09,13.0094016,80.0041066,0041066,2025-09-04T23:30:06.901390
TN87E6455,353201358042148,0.0,44.31,342.0,03/09/2025 14:26:39,13.0094016,80.0041066,0041066,2025-09-04T23:30:06.901517
TN87E6455,353201358042148,0.0,44.31,343.0,03/09/2025 14:26:09,13.0094016,80.0041066,0041066,2025-09-04T23:30:06.901650
TN87E6455,353201358042148,0.0,44.31,341.0,03/09/2025 14:25:39,13.0094016,80.0041066,0041066,2025-09-04T23:30:06.901756
TN87E6455,353201358042148,0.0,44.31,0.0,03/09/2025 14:18:48,13.0094016,80.0041066,0041066,2025-09-04T23:30:06.901879
TN87E6455,353201358042148,0.0,44.31,0.0,03/09/2025 14:18:43,13.0094016,80.0041066,0041066,2025-09-04T23:30:06.902041
TN87E6455,353201358042148,0.0,44.31,0.0,03/09/2025 14:18:38,13.0094016,80.0041066,0041066,2025-09-04T23:30:06.902184
TN87E6455,353201358042148,0.0,44.31,335.0,03/09/2025 09:47:51,13.0103133,80.00366,00366,2025-09-04T23:30:06.902362
TN87E6455,353201358042148,0.0,44.31,335.0,03/09/2025 09:47:21,13.0103133,80.00366,00366,2025-09-04T23:30:06.902522
TN87E6455,353201358042148,0.0,44.31,335.0,03/09/2025 09:46:51,13.0103133,80.00366,00366,2025-09-04T23:30:06.902647
TN87E6455,353201358042148,0.0,44.31,335.0,03/09/2025 09:46:21,13.0103133,80.00366,00366,2025-09-04T23:30:06.902794
TN87E6455,353201358042148,0.0,44.31,335.0,03/09/2025 09:45:51,13.0103133,80.00366,00366,2025-09-04T23:30:06.902933
TN87E6455,353201358042148,0.0,44.31,335.0,03/09/2025 09:45:21,13.0103133,80.00366,00366,2025-09-04T23:30:06.903052
TN87E6455,353201358042148,0.0,44.31,335.0,03/09/2025 09:44:51,13.0103133,80.00366,00366,2025-09-04T23:30:06.903179
TN87E6455,353201358042148,0.0,44.31,335.0,03/09/2025 09:44:21,13.0103133,80.00366,00366,2025-09-04T23:30:06.903324
TN87E6455,353201358042148,0.0,44.31,335.0,03/09/2025 09:43:51,13.0103133,80.00366,00366,2025-09-04T23:30:06.903451
TN87E6455,353201358042148,0.0,44.31,335.0,03/09/2025 09:43:21,13.0103133,80.00366,00366,2025-09-04T23:30:06.903595
TN87E6455,353201358042148,0.0,44.31,335.0,03/09/2025 09:42:51,13.0103133,80.00366,00366,2025-09-04T23:30:06.903717
TN87E6455,353201358042148,0.0,44.31,335.0,03/09/2025 09:42:21,13.0103133,80.00366,00366,2025-09-04T23:30:06.903850
TN87E6455,353201358042148,0.0,44.31,335.0,03/09/2025 09:41:51,13.0103133,80.00366,00366,2025-09-04T23:30:06.903966
TN87E6455,353201358042148,0.0,44.31,335.0,03/09/2025 09:41:21,13.0103133,80.00366,00366,2025-09-04T23:30:06.904149
TN87E6455,353201358042148,0.0,44.31,335.0,03/09/2025 09:40:51,13.0103133,80.00366,00366,2025-09-04T23:30:06.904307
TN87E6455,353201358042148,0.0,44.31,335.0,03/09/2025 09:40:21,13.0103133,80.00366,00366,2025-09-04T23:30:06.904424
TN87E6455,353201358042148,0.0,44.31,335.0,03/09/2025 09:39:51,13.0103133,80.00366,00366,2025-09-04T23:30:06.904541
TN87E6455,353201358042148,0.0,44.31,335.0,03/09/2025 09:39:21,13.0103133,80.00366,00366,2025-09-04T23:30:06.904670
TN87E6455,353201358042148,0.0,44.31,335.0,03/09/2025 09:38:51,13.0103133,80.00366,00366,2025-09-04T23:30:06.904800
TN87E6455,353201358042148,0.0,44.31,335.0,03/09/2025 09:38:21,13.0103133,80.00366,00366,2025-09-04T23:30:06.904922
TN87E6455,353201358042148,0.0,44.31,335.0,03/09/2025 09:37:51,13.0103133,80.00366,00366,2025-09-04T23:30:06.905046
TN87E6455,353201358042148,0.0,44.31,335.0,03/09/2025 09:37:21,13.0103133,80.00366,00366,2025-09-04T23:30:06.905201
TN87E6455,353201358042148,0.0,44.31,335.0,03/09/2025 09:36:51,13.0103133,80.00366,00366,2025-09-04T23:30:06.905355
TN87E6455,353201358042148,0.0,44.31,335.0,03/09/2025 09:36:21,13.0103133,80.00366,00366,2025-09-04T23:30:06.905521
TN87E6455,353201358042148,0.0,44.31,335.0,03/09/2025 09:35:51,13.0103133,80.00366,00366,2025-09-04T23:30:06.905694
TN87E6455,353201358042148,0.0,44.31,335.0,03/09/2025 09:35:21,13.0103133,80.00366,00366,2025-09-04T23:30:06.905874
TN87E6455,353201358042148,0.0,44.31,335.0,03/09/2025 09:34:51,13.0103133,80.00366,00366,2025-09-04T23:30:06.906037
TN87E6455,353201358042148,0.0,44.31,335.0,03/09/2025 09:34:21,13.0103133,80.00366,00366,2025-09-04T23:30:06.906155
TN87E6455,353201358042148,0.0,44.31,335.0,03/09/2025 09:33:51,13.0103133,80.00366,00366,2025-09-04T23:30:06.906259
TN87E6455,353201358042148,0.0,44.31,335.0,03/09/2025 09:33:21,13.0103133,80.00366,00366,2025-09-04T23:30:06.906375
TN87E6455,353201358042148,0.0,44.31,335.0,03/09/2025 09:32:51,13.0103133,80.00366,00366,2025-09-04T23:30:06.906497
TN87E6455,353201358042148,0.0,44.31,335.0,03/09/2025 09:32:21,13.0103133,80.00366,00366,2025-09-04T23:30:06.906623
TN87E6455,353201358042148,0.0,44.31,335.0,03/09/2025 09:31:51,13.0103133,80.00366,00366,2025-09-04T23:30:06.906757
TN87E6455,353201358042148,0.0,44.31,335.0,03/09/2025 09:31:21,13.0103133,80.00366,00366,2025-09-04T23:30:06.906886
TN87E6455,353201358042148,0.0,44.31,335.0,03/09/2025 09:30:51,13.0103133,80.00366,00366,2025-09-04T23:30:06.907016
TN87E6455,353201358042148,0.0,44.31,335.0,03/09/2025 09:30:21,13.0103133,80.00366,00366,2025-09-04T23:30:06.907132
TN87E6455,353201358042148,0.0,44.31,335.0,03/09/2025 09:29:51,13.0103133,80.00366,00366,2025-09-04T23:30:06.907259
TN87E6455,353201358042148,0.0,44.31,335.0,03/09/2025 09:29:21,13.0103133,80.00366,00366,2025-09-04T23:30:06.907374
TN87E6455,353201358042148,0.0,44.31,335.0,03/09/2025 09:28:51,13.0103133,80.00366,00366,2025-09-04T23:30:06.907512
TN87E6455,353201358042148,0.0,44.31,335.0,03/09/2025 09:28:21,13.0103133,80.00366,00366,2025-09-04T23:30:06.907648
TN87E6455,353201358042148,0.0,44.31,335.0,03/09/2025 09:27:51,13.0103133,80.00366,00366,2025-09-04T23:30:06.907794
TN87E6455,353201358042148,0.0,44.31,335.0,03/09/2025 09:27:21,13.0103133,80.00366,00366,2025-09-04T23:30:06.907929
TN87E6455,353201358042148,0.0,44.31,335.0,03/09/2025 09:26:51,13.0103133,80.00366,00366,2025-09-04T23:30:06.908454
TN87E6455,353201358042148,0.0,44.31,335.0,03/09/2025 09:26:21,13.0103133,80.00366,00366,2025-09-04T23:30:06.908640
TN87E6455,353201358042148,0.0,44.31,335.0,03/09/2025 09:25:51,13.0103133,80.00366,00366,2025-09-04T23:30:06.908789
TN87E6455,353201358042148,0.0,44.31,335.0,03/09/2025 09:25:21,13.0103133,80.00366,00366,2025-09-04T23:30:06.908940
TN87E6455,353201358042148,0.0,44.31,335.0,03/09/2025 09:24:51,13.0103133,80.00366,00366,2025-09-04T23:30:06.909119
TN87E6455,353201358042148,0.0,44.31,335.0,03/09/2025 09:24:21,13.0103133,80.00366,00366,2025-09-04T23:30:06.909305
TN87E6455,353201358042148,0.0,44.31,335.0,03/09/2025 09:23:51,13.0103133,80.00366,00366,2025-09-04T23:30:06.909513
TN87E6455,353201358042148,0.0,44.31,335.0,03/09/2025 09:23:21,13.0103133,80.00366,00366,2025-09-04T23:30:06.909709
TN87E6455,353201358042148,0.0,44.31,335.0,03/09/2025 09:22:51,13.0103133,80.00366,00366,2025-09-04T23:30:06.909903
TN87E6455,353201358042148,0.0,44.31,335.0,03/09/2025 09:22:21,13.0103133,80.00366,00366,2025-09-04T23:30:06.910086
TN87E6455,353201358042148,0.0,44.31,335.0,03/09/2025 09:21:51,13.0103133,80.00366,00366,2025-09-04T23:30:06.910249
TN87E6455,353201358042148,0.0,44.31,335.0,03/09/2025 09:21:21,13.0103133,80.00366,00366,2025-09-04T23:30:06.910386
TN87E6455,353201358042148,0.0,44.31,335.0,03/09/2025 09:20:51,13.0103133,80.00366,00366,2025-09-04T23:30:06.910598
TN87E6455,353201358042148,0.0,44.31,335.0,03/09/2025 09:20:21,13.0103133,80.00366,00366,2025-09-04T23:30:06.910787
TN87E6455,353201358042148,0.0,44.31,335.0,03/09/2025 09:19:51,13.0103133,80.00366,00366,2025-09-04T23:30:06.910950
TN87E6455,353201358042148,0.0,44.31,335.0,03/09/2025 09:19:21,13.0103133,80.00366,00366,2025-09-04T23:30:06.911153
TN87E6455,353201358042148,0.0,44.31,335.0,03/09/2025 09:18:51,13.0103133,80.00366,00366,2025-09-04T23:30:06.911352
TN87E6455,353201358042148,0.0,44.31,335.0,03/09/2025 09:18:21,13.0103133,80.00366,00366,2025-09-04T23:30:06.911525
TN87E6455,353201358042148,0.0,44.31,335.0,03/09/2025 09:17:51,13.0103133,80.00366,00366,2025-09-04T23:30:06.911705
TN87E6455,353201358042148,0.0,44.31,335.0,03/09/2025 09:17:21,13.0103133,80.00366,00366,2025-09-04T23:30:06.911845
TN87E6455,353201358042148,0.0,44.31,335.0,03/09/2025 09:16:51,13.0103133,80.00366,00366,2025-09-04T23:30:06.911990
TN87E6455,353201358042148,0.0,44.31,335.0,03/09/2025 09:16:21,13.0103133,80.00366,00366,2025-09-04T23:30:06.912155
TN87E6455,353201358042148,0.0,44.31,335.0,03/09/2025 09:16:19,13.0103133,80.00366,00366,2025-09-04T23:30:06.912295
TN87E6455,353201358042148,0.0,44.31,335.0,03/09/2025 09:16:17,13.0103133,80.00366,00366,2025-09-04T23:30:06.912430
TN87E6455,353201358042148,0.0,44.31,335.0,03/09/2025 09:16:12,13.0103133,80.00366,00366,2025-09-04T23:30:06.912558
TN87E6455,353201358042148,0.0,44.31,335.0,03/09/2025 09:16:07,13.0103133,80.00366,00366,2025-09-04T23:30:06.912686
TN87E6455,353201358042148,0.0,44.31,335.0,03/09/2025 09:16:02,13.0103133,80.00366,00366,2025-09-04T23:30:06.912806
TN87E6455,353201358042148,0.0,44.31,335.0,03/09/2025 09:15:57,13.0103133,80.00366,00366,2025-09-04T23:30:06.912937
TN87E6455,353201358042148,0.0,44.31,335.0,03/09/2025 09:15:52,13.0103133,80.00366,00366,2025-09-04T23:30:06.913063
TN87E6455,353201358042148,0.0,44.31,335.0,03/09/2025 09:15:47,13.0103133,80.00366,00366,2025-09-04T23:30:06.913170
TN87E6455,353201358042148,0.0,44.31,335.0,03/09/2025 09:15:42,13.0103133,80.00366,00366,2025-09-04T23:30:06.913269
TN87E6455,353201358042148,0.0,44.31,335.0,03/09/2025 09:15:37,13.0103133,80.00366,00366,2025-09-04T23:30:06.913411
TN87E6455,353201358042148,0.0,44.31,335.0,03/09/2025 09:15:32,13.0103133,80.00366,00366,2025-09-04T23:30:06.913527
TN87E6455,353201358042148,0.0,44.31,335.0,03/09/2025 09:15:27,13.0103133,80.00366,00366,2025-09-04T23:30:06.913647
TN87E6455,353201358042148,0.0,44.31,335.0,03/09/2025 09:15:22,13.0103133,80.00366,00366,2025-09-04T23:30:06.913765
TN87E6455,353201358042148,0.0,44.31,335.0,03/09/2025 09:15:17,13.0103133,80.00366,00366,2025-09-04T23:30:06.913918
TN87E6455,353201358042148,0.0,44.31,335.0,03/09/2025 09:15:15,13.0103133,80.00366,00366,2025-09-04T23:30:06.914115
TN87E6455,353201358042148,0.0,44.31,335.0,03/09/2025 09:15:13,13.01033,80.0035666,0035666,2025-09-04T23:30:06.914250
TN87E6455,353201358042148,0.0,44.31,335.0,03/09/2025 09:14:43,13.01033,80.0035666,0035666,2025-09-04T23:30:06.914371
TN87E6455,353201358042148,0.0,44.31,335.0,03/09/2025 09:14:13,13.01033,80.0035666,0035666,2025-09-04T23:30:06.914503
TN87E6455,353201358042148,0.0,44.31,335.0,03/09/2025 09:13:43,13.01033,80.0035666,0035666,2025-09-04T23:30:06.914605
TN87E6455,353201358042148,0.0,44.31,335.0,03/09/2025 09:13:13,13.01033,80.0035666,0035666,2025-09-04T23:30:06.914742
TN87E6455,353201358042148,0.0,44.31,335.0,03/09/2025 09:12:43,13.01033,80.0035666,0035666,2025-09-04T23:30:06.914851
TN87E6455,353201358042148,0.0,44.31,335.0,03/09/2025 09:12:13,13.01033,80.0035666,0035666,2025-09-04T23:30:06.914975
TN87E6455,353201358042148,0.0,44.31,335.0,03/09/2025 09:11:43,13.01033,80.0035666,0035666,2025-09-04T23:30:06.915156
TN87E6455,353201358042148,0.0,44.31,335.0,03/09/2025 09:11:13,13.01033,80.0035666,0035666,2025-09-04T23:30:06.915291
TN87E6455,353201358042148,0.0,44.31,335.0,03/09/2025 09:10:43,13.01033,80.0035666,0035666,2025-09-04T23:30:06.915440
TN87E6455,353201358042148,0.0,44.31,335.0,03/09/2025 09:10:13,13.01033,80.0035666,0035666,2025-09-04T23:30:06.915608
TN87E6455,353201358042148,0.0,44.31,335.0,03/09/2025 09:09:43,13.01033,80.0035666,0035666,2025-09-04T23:30:06.915793
TN87E6455,353201358042148,0.0,44.31,335.0,03/09/2025 09:09:13,13.01033,80.0035666,0035666,2025-09-04T23:30:06.915995
TN87E6455,353201358042148,0.0,44.31,335.0,03/09/2025 09:08:43,13.01033,80.0035666,0035666,2025-09-04T23:30:06.916161
TN87E6455,353201358042148,0.0,44.31,335.0,03/09/2025 09:08:13,13.01033,80.0035666,0035666,2025-09-04T23:30:06.916283
TN87E6455,353201358042148,0.0,44.31,335.0,03/09/2025 09:07:43,13.01033,80.0035666,0035666,2025-09-04T23:30:06.916403
TN87E6455,353201358042148,0.0,44.31,335.0,03/09/2025 09:07:13,13.01033,80.0035666,0035666,2025-09-04T23:30:06.916524
TN87E6455,353201358042148,0.0,44.31,335.0,03/09/2025 09:06:43,13.01033,80.0035666,0035666,2025-09-04T23:30:06.916649
TN87E6455,353201358042148,0.0,44.31,335.0,03/09/2025 09:06:13,13.01033,80.0035666,0035666,2025-09-04T23:30:06.916768
TN87E6455,353201358042148,0.0,44.31,335.0,03/09/2025 09:05:43,13.01033,80.0035666,0035666,2025-09-04T23:30:06.916903
TN87E6455,353201358042148,0.0,44.31,335.0,03/09/2025 09:05:13,13.01033,80.0035666,0035666,2025-09-04T23:30:06.917060
TN87E6455,353201358042148,0.0,44.31,335.0,03/09/2025 09:04:43,13.01033,80.0035666,0035666,2025-09-04T23:30:06.917220
TN87E6455,353201358042148,0.0,44.31,335.0,03/09/2025 09:04:13,13.01033,80.0035666,0035666,2025-09-04T23:30:06.917330
TN87E6455,353201358042148,0.0,44.31,335.0,03/09/2025 09:03:43,13.01033,80.0035666,0035666,2025-09-04T23:30:06.917446
TN87E6455,353201358042148,0.0,44.31,335.0,03/09/2025 09:03:13,13.01033,80.0035666,0035666,2025-09-04T23:30:06.917577
TN87E6455,353201358042148,0.0,44.31,335.0,03/09/2025 09:02:43,13.01033,80.0035666,0035666,2025-09-04T23:30:06.917691
TN87E6455,353201358042148,0.0,44.31,335.0,03/09/2025 09:02:13,13.01033,80.0035666,0035666,2025-09-04T23:30:06.917823
TN87E6455,353201358042148,0.0,44.31,335.0,03/09/2025 09:01:43,13.01033,80.0035666,0035666,2025-09-04T23:30:06.917943
TN87E6455,353201358042148,0.0,44.31,335.0,03/09/2025 09:01:13,13.01033,80.0035666,0035666,2025-09-04T23:30:06.918087
TN87E6455,353201358042148,0.0,44.31,335.0,03/09/2025 09:00:43,13.01033,80.0035666,0035666,2025-09-04T23:30:06.918212
TN87E6455,353201358042148,0.0,44.31,335.0,03/09/2025 09:00:13,13.01033,80.0035666,0035666,2025-09-04T23:30:06.918320
TN87E6455,353201358042148,0.0,44.31,335.0,03/09/2025 08:59:43,13.01033,80.0035666,0035666,2025-09-04T23:30:06.918456
TN87E6455,353201358042148,0.0,44.31,335.0,03/09/2025 08:59:13,13.01033,80.0035666,0035666,2025-09-04T23:30:06.918559
TN87E6455,353201358042148,0.0,44.31,335.0,03/09/2025 08:58:43,13.01033,80.0035666,0035666,2025-09-04T23:30:06.918663
TN87E6455,353201358042148,0.0,44.31,335.0,03/09/2025 08:58:13,13.01033,80.0035666,0035666,2025-09-04T23:30:06.918794
TN87E6455,353201358042148,0.0,44.31,335.0,03/09/2025 08:57:43,13.01033,80.0035666,0035666,2025-09-04T23:30:06.918915
TN87E6455,353201358042148,0.0,44.31,335.0,03/09/2025 08:57:13,13.01033,80.0035666,0035666,2025-09-04T23:30:06.919055
TN87E6455,353201358042148,0.0,44.31,335.0,03/09/2025 08:56:43,13.01033,80.0035666,0035666,2025-09-04T23:30:06.919204
TN87E6455,353201358042148,0.0,44.31,335.0,03/09/2025 08:56:13,13.01033,80.0035666,0035666,2025-09-04T23:30:06.919324
TN87E6455,353201358042148,0.0,44.31,335.0,03/09/2025 08:55:43,13.01033,80.0035666,0035666,2025-09-04T23:30:06.919467
TN87E6455,353201358042148,0.0,44.31,335.0,03/09/2025 08:55:13,13.01033,80.0035666,0035666,2025-09-04T23:30:06.919598
TN87E6455,353201358042148,0.0,44.31,335.0,03/09/2025 08:54:43,13.01033,80.0035666,0035666,2025-09-04T23:30:06.919734
TN87E6455,353201358042148,0.0,44.31,335.0,03/09/2025 08:54:13,13.01033,80.0035666,0035666,2025-09-04T23:30:06.919859
TN87E6455,353201358042148,0.0,44.31,335.0,03/09/2025 08:53:43,13.01033,80.0035666,0035666,2025-09-04T23:30:06.919979
TN87E6455,353201358042148,0.0,44.31,335.0,03/09/2025 08:53:13,13.01033,80.0035666,0035666,2025-09-04T23:30:06.920099
TN87E6455,353201358042148,0.0,44.31,335.0,03/09/2025 08:52:43,13.01033,80.0035666,0035666,2025-09-04T23:30:06.920233
TN87E6455,353201358042148,0.0,44.31,335.0,03/09/2025 08:52:13,13.01033,80.0035666,0035666,2025-09-04T23:30:06.920349
TN87E6455,353201358042148,0.0,44.31,335.0,03/09/2025 08:51:43,13.01033,80.0035666,0035666,2025-09-04T23:30:06.920475
TN87E6455,353201358042148,0.0,44.31,335.0,03/09/2025 08:51:13,13.01033,80.0035666,0035666,2025-09-04T23:30:06.920624
TN87E6455,353201358042148,0.0,44.31,335.0,03/09/2025 08:50:43,13.01033,80.0035666,0035666,2025-09-04T23:30:06.920750
TN87E6455,353201358042148,0.0,44.31,335.0,03/09/2025 08:50:13,13.01033,80.0035666,0035666,2025-09-04T23:30:06.920883
TN87E6455,353201358042148,0.0,44.31,335.0,03/09/2025 08:49:43,13.01033,80.0035666,0035666,2025-09-04T23:30:06.921032
TN87E6455,353201358042148,0.0,44.31,335.0,03/09/2025 08:49:13,13.01033,80.0035666,0035666,2025-09-04T23:30:06.921202
TN87E6455,353201358042148,0.0,44.31,335.0,03/09/2025 08:48:43,13.01033,80.0035666,0035666,2025-09-04T23:30:06.921379
TN87E6455,353201358042148,0.0,44.31,335.0,03/09/2025 08:48:13,13.01033,80.0035666,0035666,2025-09-04T23:30:06.921908
TN87E6455,353201358042148,0.0,44.31,335.0,03/09/2025 08:47:43,13.01033,80.0035666,0035666,2025-09-04T23:30:06.922190
TN87E6455,353201358042148,0.0,44.31,335.0,03/09/2025 08:47:13,13.01033,80.0035666,0035666,2025-09-04T23:30:06.922329
TN87E6455,353201358042148,0.0,44.31,335.0,03/09/2025 08:46:43,13.01033,80.0035666,0035666,2025-09-04T23:30:06.922516
TN87E6455,353201358042148,0.0,44.31,335.0,03/09/2025 08:46:13,13.01033,80.0035666,0035666,2025-09-04T23:30:06.922711
TN87E6455,353201358042148,0.0,44.31,335.0,03/09/2025 08:45:43,13.01033,80.0035666,0035666,2025-09-04T23:30:06.922916
TN87E6455,353201358042148,0.0,44.31,335.0,03/09/2025 08:45:13,13.01033,80.0035666,0035666,2025-09-04T23:30:06.923099
TN87E6455,353201358042148,0.0,44.31,335.0,03/09/2025 08:44:43,13.01033,80.0035666,0035666,2025-09-04T23:30:06.923297
TN87E6455,353201358042148,0.0,44.31,335.0,03/09/2025 08:44:13,13.01033,80.0035666,0035666,2025-09-04T23:30:06.923470
TN87E6455,353201358042148,0.0,44.31,335.0,03/09/2025 08:43:43,13.01033,80.0035666,0035666,2025-09-04T23:30:06.923627
TN87E6455,353201358042148,0.0,44.31,335.0,03/09/2025 08:43:13,13.01033,80.0035666,0035666,2025-09-04T23:30:06.923770
TN87E6455,353201358042148,0.0,44.31,335.0,03/09/2025 08:42:43,13.01033,80.0035666,0035666,2025-09-04T23:30:06.923912
TN87E6455,353201358042148,0.0,44.31,335.0,03/09/2025 08:42:13,13.01033,80.0035666,0035666,2025-09-04T23:30:06.924047
TN87E6455,353201358042148,0.0,44.31,335.0,03/09/2025 08:41:43,13.01033,80.0035666,0035666,2025-09-04T23:30:06.924199
TN87E6455,353201358042148,0.0,44.31,335.0,03/09/2025 08:41:13,13.01033,80.0035666,0035666,2025-09-04T23:30:06.924358
TN87E6455,353201358042148,0.0,44.31,335.0,03/09/2025 08:40:43,13.01033,80.0035666,0035666,2025-09-04T23:30:06.924486
TN87E6455,353201358042148,0.0,44.31,335.0,03/09/2025 08:40:13,13.01033,80.0035666,0035666,2025-09-04T23:30:06.924619
TN87E6455,353201358042148,0.0,44.31,335.0,03/09/2025 08:39:43,13.01033,80.0035666,0035666,2025-09-04T23:30:06.924772
TN87E6455,353201358042148,0.0,44.31,335.0,03/09/2025 08:39:13,13.01033,80.0035666,0035666,2025-09-04T23:30:06.924898
TN87E6455,353201358042148,0.0,44.31,335.0,03/09/2025 08:38:43,13.01033,80.0035666,0035666,2025-09-04T23:30:06.925020
TN87E6455,353201358042148,0.0,44.31,335.0,03/09/2025 08:38:13,13.01033,80.0035666,0035666,2025-09-04T23:30:06.925204
TN87E6455,353201358042148,0.0,44.31,335.0,03/09/2025 08:37:43,13.01033,80.0035666,0035666,2025-09-04T23:30:06.925355
TN87E6455,353201358042148,0.0,44.31,335.0,03/09/2025 08:37:13,13.01033,80.0035666,0035666,2025-09-04T23:30:06.925500
TN87E6455,353201358042148,0.0,44.31,335.0,03/09/2025 08:36:43,13.01033,80.0035666,0035666,2025-09-04T23:30:06.925626
TN87E6455,353201358042148,0.0,44.31,335.0,03/09/2025 08:36:13,13.01033,80.0035666,0035666,2025-09-04T23:30:06.925810
TN87E6455,353201358042148,0.0,44.31,335.0,03/09/2025 08:35:43,13.01033,80.0035666,0035666,2025-09-04T23:30:06.926007
TN87E6455,353201358042148,0.0,44.31,335.0,03/09/2025 08:35:13,13.01033,80.0035666,0035666,2025-09-04T23:30:06.926212
TN87E6455,353201358042148,0.0,44.31,335.0,03/09/2025 08:34:43,13.01033,80.0035666,0035666,2025-09-04T23:30:06.926351
TN87E6455,353201358042148,0.0,44.31,335.0,03/09/2025 08:34:13,13.01033,80.0035666,0035666,2025-09-04T23:30:06.926458
TN87E6455,353201358042148,0.0,44.31,335.0,03/09/2025 08:33:43,13.01033,80.0035666,0035666,2025-09-04T23:30:06.926582
TN87E6455,353201358042148,0.0,44.31,335.0,03/09/2025 08:33:13,13.01033,80.0035666,0035666,2025-09-04T23:30:06.926719
TN87E6455,353201358042148,0.0,44.31,335.0,03/09/2025 08:32:43,13.01033,80.0035666,0035666,2025-09-04T23:30:06.926873
TN87E6455,353201358042148,0.0,44.31,335.0,03/09/2025 08:32:13,13.01033,80.0035666,0035666,2025-09-04T23:30:06.927003
TN87E6455,353201358042148,0.0,44.31,335.0,03/09/2025 08:31:43,13.01033,80.0035666,0035666,2025-09-04T23:30:06.927109
TN87E6455,353201358042148,0.0,44.31,335.0,03/09/2025 08:31:13,13.01033,80.0035666,0035666,2025-09-04T23:30:06.927244
TN87E6455,353201358042148,0.0,44.31,335.0,03/09/2025 08:30:43,13.01033,80.0035666,0035666,2025-09-04T23:30:06.927348
TN87E6455,353201358042148,0.0,44.31,335.0,03/09/2025 08:30:13,13.01033,80.0035666,0035666,2025-09-04T23:30:06.927446
TN87E6455,353201358042148,0.0,44.31,335.0,03/09/2025 08:29:43,13.01033,80.0035666,0035666,2025-09-04T23:30:06.927566
TN87E6455,353201358042148,0.0,44.31,335.0,03/09/2025 08:29:13,13.01033,80.0035666,0035666,2025-09-04T23:30:06.927677
TN87E6455,353201358042148,0.0,44.31,335.0,03/09/2025 08:28:43,13.01033,80.0035666,0035666,2025-09-04T23:30:06.927822
TN87E6455,353201358042148,0.0,44.31,335.0,03/09/2025 08:28:13,13.01033,80.0035666,0035666,2025-09-04T23:30:06.927955
TN87E6455,353201358042148,0.0,44.31,335.0,03/09/2025 08:27:43,13.01033,80.0035666,0035666,2025-09-04T23:30:06.928089
TN87E6455,353201358042148,0.0,44.31,335.0,03/09/2025 08:27:13,13.01033,80.0035666,0035666,2025-09-04T23:30:06.928207
TN87E6455,353201358042148,0.0,44.31,335.0,03/09/2025 08:26:43,13.01033,80.0035666,0035666,2025-09-04T23:30:06.928307
TN87E6455,353201358042148,0.0,44.31,335.0,03/09/2025 08:26:13,13.01033,80.0035666,0035666,2025-09-04T23:30:06.928410
TN87E6455,353201358042148,0.0,44.31,335.0,03/09/2025 08:25:43,13.01033,80.0035666,0035666,2025-09-04T23:30:06.928535
TN87E6455,353201358042148,0.0,44.31,335.0,03/09/2025 08:25:13,13.01033,80.0035666,0035666,2025-09-04T23:30:06.928650
TN87E6455,353201358042148,0.0,44.31,335.0,03/09/2025 08:24:43,13.01033,80.0035666,0035666,2025-09-04T23:30:06.928768
TN87E6455,353201358042148,0.0,44.31,335.0,03/09/2025 08:24:13,13.01033,80.0035666,0035666,2025-09-04T23:30:06.928874
TN87E6455,353201358042148,0.0,44.31,335.0,03/09/2025 08:23:43,13.01033,80.0035666,0035666,2025-09-04T23:30:06.928984
TN87E6455,353201358042148,0.0,44.31,335.0,03/09/2025 08:23:13,13.01033,80.0035666,0035666,2025-09-04T23:30:06.929113
TN87E6455,353201358042148,0.0,44.31,335.0,03/09/2025 08:22:43,13.01033,80.0035666,0035666,2025-09-04T23:30:06.929237
TN87E6455,353201358042148,0.0,44.31,335.0,03/09/2025 08:22:13,13.01033,80.0035666,0035666,2025-09-04T23:30:06.929337
TN87E6455,353201358042148,0.0,44.31,335.0,03/09/2025 08:21:43,13.01033,80.0035666,0035666,2025-09-04T23:30:06.929449
TN87E6455,353201358042148,0.0,44.31,335.0,03/09/2025 08:21:13,13.01033,80.0035666,0035666,2025-09-04T23:30:06.929590
TN87E6455,353201358042148,0.0,44.31,335.0,03/09/2025 08:20:43,13.01033,80.0035666,0035666,2025-09-04T23:30:06.929713
TN87E6455,353201358042148,0.0,44.31,335.0,03/09/2025 08:20:13,13.01033,80.0035666,0035666,2025-09-04T23:30:06.929838
TN87E6455,353201358042148,0.0,44.31,335.0,03/09/2025 08:19:43,13.01033,80.0035666,0035666,2025-09-04T23:30:06.929935
TN87E6455,353201358042148,0.0,44.31,335.0,03/09/2025 08:19:13,13.01033,80.0035666,0035666,2025-09-04T23:30:06.930070
TN87E6455,353201358042148,0.0,44.31,335.0,03/09/2025 08:18:43,13.01033,80.0035666,0035666,2025-09-04T23:30:06.930187
TN87E6455,353201358042148,0.0,44.31,335.0,03/09/2025 08:18:13,13.01033,80.0035666,0035666,2025-09-04T23:30:06.930310
TN87E6455,353201358042148,0.0,44.31,335.0,03/09/2025 08:17:43,13.01033,80.0035666,0035666,2025-09-04T23:30:06.930446
TN87E6455,353201358042148,0.0,44.31,335.0,03/09/2025 08:17:13,13.01033,80.0035666,0035666,2025-09-04T23:30:06.930620
TN87E6455,353201358042148,0.0,44.31,335.0,03/09/2025 08:16:43,13.01033,80.0035666,0035666,2025-09-04T23:30:06.930790
TN87E6455,353201358042148,0.0,44.31,335.0,03/09/2025 08:16:13,13.01033,80.0035666,0035666,2025-09-04T23:30:06.930963
TN87E6455,353201358042148,0.0,44.31,335.0,03/09/2025 08:15:43,13.01033,80.0035666,0035666,2025-09-04T23:30:06.931133
TN87E6455,353201358042148,0.0,44.31,335.0,03/09/2025 08:15:13,13.01033,80.0035666,0035666,2025-09-04T23:30:06.931307
TN87E6455,353201358042148,0.0,44.31,335.0,03/09/2025 08:14:43,13.01033,80.0035666,0035666,2025-09-04T23:30:06.931463
TN87E6455,353201358042148,0.0,44.31,335.0,03/09/2025 08:14:13,13.01033,80.0035666,0035666,2025-09-04T23:30:06.931601
TN87E6455,353201358042148,0.0,44.31,335.0,03/09/2025 08:13:43,13.01033,80.0035666,0035666,2025-09-04T23:30:06.931715
TN87E6455,353201358042148,0.0,44.31,335.0,03/09/2025 08:13:13,13.01033,80.0035666,0035666,2025-09-04T23:30:06.931845
TN87E6455,353201358042148,0.0,44.31,335.0,03/09/2025 08:12:43,13.01033,80.0035666,0035666,2025-09-04T23:30:06.932003
TN87E6455,353201358042148,0.0,44.31,335.0,03/09/2025 08:12:13,13.01033,80.0035666,0035666,2025-09-04T23:30:06.932135
TN87E6455,353201358042148,0.0,44.31,335.0,03/09/2025 08:11:43,13.01033,80.0035666,0035666,2025-09-04T23:30:06.932261
TN87E6455,353201358042148,0.0,44.31,335.0,03/09/2025 08:11:13,13.01033,80.0035666,0035666,2025-09-04T23:30:06.932413
TN87E6455,353201358042148,0.0,44.31,335.0,03/09/2025 08:10:43,13.01033,80.0035666,0035666,2025-09-04T23:30:06.932560
TN87E6455,353201358042148,0.0,44.31,335.0,03/09/2025 08:10:13,13.01033,80.0035666,0035666,2025-09-04T23:30:06.932705
TN87E6455,353201358042148,0.0,44.31,335.0,03/09/2025 08:09:43,13.01033,80.0035666,0035666,2025-09-04T23:30:06.932810
TN87E6455,353201358042148,0.0,44.31,335.0,03/09/2025 08:09:13,13.01033,80.0035666,0035666,2025-09-04T23:30:06.932912
TN87E6455,353201358042148,0.0,44.31,335.0,03/09/2025 08:08:43,13.01033,80.0035666,0035666,2025-09-04T23:30:06.933024
TN87E6455,353201358042148,0.0,44.31,335.0,03/09/2025 08:08:13,13.01033,80.0035666,0035666,2025-09-04T23:30:06.933177
TN87E6455,353201358042148,0.0,44.31,335.0,03/09/2025 08:07:43,13.01033,80.0035666,0035666,2025-09-04T23:30:06.933311
TN87E6455,353201358042148,0.0,44.31,335.0,03/09/2025 08:07:13,13.01033,80.0035666,0035666,2025-09-04T23:30:06.933444
TN87E6455,353201358042148,0.0,44.31,335.0,03/09/2025 08:06:43,13.01033,80.0035666,0035666,2025-09-04T23:30:06.933566
TN87E6455,353201358042148,0.0,44.31,335.0,03/09/2025 08:06:13,13.01033,80.0035666,0035666,2025-09-04T23:30:06.933689
TN87E6455,353201358042148,0.0,44.31,335.0,03/09/2025 08:05:43,13.01033,80.0035666,0035666,2025-09-04T23:30:06.933807
TN87E6455,353201358042148,0.0,44.31,335.0,03/09/2025 08:05:13,13.01033,80.0035666,0035666,2025-09-04T23:30:06.933943
TN87E6455,353201358042148,0.0,44.31,335.0,03/09/2025 08:04:43,13.01033,80.0035666,0035666,2025-09-04T23:30:06.934097
TN87E6455,353201358042148,0.0,44.31,335.0,03/09/2025 08:04:13,13.01033,80.0035666,0035666,2025-09-04T23:30:06.934223
TN87E6455,353201358042148,0.0,44.31,335.0,03/09/2025 08:03:43,13.01033,80.0035666,0035666,2025-09-04T23:30:06.934348
TN87E6455,353201358042148,0.0,44.31,335.0,03/09/2025 08:03:13,13.01033,80.0035666,0035666,2025-09-04T23:30:06.934480
TN87E6455,353201358042148,0.0,44.31,335.0,03/09/2025 08:02:43,13.01033,80.0035666,0035666,2025-09-04T23:30:06.934619
TN87E6455,353201358042148,0.0,44.31,335.0,03/09/2025 08:02:13,13.01033,80.0035666,0035666,2025-09-04T23:30:06.934737
TN87E6455,353201358042148,0.0,44.31,335.0,03/09/2025 08:01:43,13.01033,80.0035666,0035666,2025-09-04T23:30:06.934859
TN87E6455,353201358042148,0.0,44.31,335.0,03/09/2025 08:01:13,13.01033,80.0035666,0035666,2025-09-04T23:30:06.934996
TN87E6455,353201358042148,0.0,44.31,335.0,03/09/2025 08:00:43,13.01033,80.0035666,0035666,2025-09-04T23:30:06.935108
TN87E6455,353201358042148,0.0,44.31,335.0,03/09/2025 08:00:13,13.01033,80.0035666,0035666,2025-09-04T23:30:06.935224
TN87E6455,353201358042148,0.0,44.31,335.0,03/09/2025 07:59:43,13.01033,80.0035666,0035666,2025-09-04T23:30:06.935438
TN87E6455,353201358042148,0.0,44.31,335.0,03/09/2025 07:59:13,13.01033,80.0035666,0035666,2025-09-04T23:30:06.935643
TN87E6455,353201358042148,0.0,44.31,335.0,03/09/2025 07:58:43,13.01033,80.0035666,0035666,2025-09-04T23:30:06.935844
TN87E6455,353201358042148,0.0,44.31,335.0,03/09/2025 07:58:13,13.01033,80.0035666,0035666,2025-09-04T23:30:06.936025
TN87E6455,353201358042148,0.0,44.31,335.0,03/09/2025 07:57:43,13.01033,80.0035666,0035666,2025-09-04T23:30:06.936214
TN87E6455,353201358042148,0.0,44.31,335.0,03/09/2025 07:57:13,13.01033,80.0035666,0035666,2025-09-04T23:30:06.936374
TN87E6455,353201358042148,0.0,44.31,335.0,03/09/2025 07:56:43,13.01033,80.0035666,0035666,2025-09-04T23:30:06.936580
TN87E6455,353201358042148,0.0,44.31,335.0,03/09/2025 07:56:13,13.01033,80.0035666,0035666,2025-09-04T23:30:06.936773
TN87E6455,353201358042148,0.0,44.31,335.0,03/09/2025 07:55:43,13.01033,80.0035666,0035666,2025-09-04T23:30:06.936981
TN87E6455,353201358042148,0.0,44.31,335.0,03/09/2025 07:55:13,13.01033,80.0035666,0035666,2025-09-04T23:30:06.937153
TN87E6455,353201358042148,0.0,44.31,335.0,03/09/2025 07:54:43,13.01033,80.0035666,0035666,2025-09-04T23:30:06.937296
TN87E6455,353201358042148,0.0,44.31,335.0,03/09/2025 07:54:13,13.01033,80.0035666,0035666,2025-09-04T23:30:06.937411
TN87E6455,353201358042148,0.0,44.31,335.0,03/09/2025 07:53:43,13.01033,80.0035666,0035666,2025-09-04T23:30:06.937548
TN87E6455,353201358042148,0.0,44.31,335.0,03/09/2025 07:53:13,13.01033,80.0035666,0035666,2025-09-04T23:30:06.937678
TN87E6455,353201358042148,0.0,44.31,335.0,03/09/2025 07:52:43,13.01033,80.0035666,0035666,2025-09-04T23:30:06.937793
TN87E6455,353201358042148,0.0,44.31,335.0,03/09/2025 07:52:13,13.01033,80.0035666,0035666,2025-09-04T23:30:06.937929
TN87E6455,353201358042148,0.0,44.31,335.0,03/09/2025 07:51:43,13.01033,80.0035666,0035666,2025-09-04T23:30:06.938079
TN87E6455,353201358042148,0.0,44.31,335.0,03/09/2025 07:51:13,13.01033,80.0035666,0035666,2025-09-04T23:30:06.938207
TN87E6455,353201358042148,0.0,44.31,335.0,03/09/2025 07:50:43,13.01033,80.0035666,0035666,2025-09-04T23:30:06.938329
TN87E6455,353201358042148,0.0,44.31,335.0,03/09/2025 07:50:13,13.01033,80.0035666,0035666,2025-09-04T23:30:06.938455
TN87E6455,353201358042148,0.0,44.31,335.0,03/09/2025 07:49:43,13.01033,80.0035666,0035666,2025-09-04T23:30:06.938585
TN87E6455,353201358042148,0.0,44.31,335.0,03/09/2025 07:49:13,13.01033,80.0035666,0035666,2025-09-04T23:30:06.938697
TN87E6455,353201358042148,0.0,44.31,335.0,03/09/2025 07:48:43,13.01033,80.0035666,0035666,2025-09-04T23:30:06.938830
TN87E6455,353201358042148,0.0,44.31,335.0,03/09/2025 07:48:13,13.01033,80.0035666,0035666,2025-09-04T23:30:06.938961
TN87E6455,353201358042148,0.0,44.31,335.0,03/09/2025 07:47:43,13.01033,80.0035666,0035666,2025-09-04T23:30:06.939095
TN87E6455,353201358042148,0.0,44.31,335.0,03/09/2025 07:47:13,13.01033,80.0035666,0035666,2025-09-04T23:30:06.939231
TN87E6455,353201358042148,0.0,44.31,335.0,03/09/2025 07:46:43,13.01033,80.0035666,0035666,2025-09-04T23:30:06.939366
TN87E6455,353201358042148,0.0,44.31,335.0,03/09/2025 07:46:13,13.01033,80.0035666,0035666,2025-09-04T23:30:06.939509
TN87E6455,353201358042148,0.0,44.31,335.0,03/09/2025 07:45:43,13.01033,80.0035666,0035666,2025-09-04T23:30:06.939640
TN87E6455,353201358042148,0.0,44.31,335.0,03/09/2025 07:45:13,13.01033,80.0035666,0035666,2025-09-04T23:30:06.939778
TN87E6455,353201358042148,0.0,44.31,336.0,03/09/2025 07:44:43,13.01033,80.0035666,0035666,2025-09-04T23:30:06.939917
TN87E6455,353201358042148,0.0,44.31,336.0,03/09/2025 07:44:13,13.01033,80.0035666,0035666,2025-09-04T23:30:06.940078
TN87E6455,353201358042148,0.0,44.31,336.0,03/09/2025 07:43:43,13.01033,80.0035666,0035666,2025-09-04T23:30:06.940224
TN87E6455,353201358042148,0.0,44.31,336.0,03/09/2025 07:43:13,13.01033,80.0035666,0035666,2025-09-04T23:30:06.940346
TN87E6455,353201358042148,0.0,44.31,334.0,03/09/2025 07:42:43,13.01033,80.0035666,0035666,2025-09-04T23:30:06.940465
TN87E6455,353201358042148,0.0,44.31,332.0,03/09/2025 07:42:13,13.01033,80.0035666,0035666,2025-09-04T23:30:06.940651
TN87E6455,353201358042148,0.0,44.31,330.0,03/09/2025 07:41:43,13.01033,80.0035666,0035666,2025-09-04T23:30:06.940789
TN87E6455,353201358042148,0.0,44.31,329.0,03/09/2025 07:41:13,13.01033,80.0035666,0035666,2025-09-04T23:30:06.940940
TN87E6455,353201358042148,0.0,44.31,329.0,03/09/2025 07:41:11,13.01033,80.0035666,0035666,2025-09-04T23:30:06.941130
TN87E6455,353201358042148,0.0,44.31,329.0,03/09/2025 07:41:07,13.01033,80.0035666,0035666,2025-09-04T23:30:06.941300
TN87E6455,353201358042148,0.0,44.31,329.0,03/09/2025 07:41:02,13.01033,80.0035666,0035666,2025-09-04T23:30:06.941474
TN87E6455,353201358042148,0.0,44.31,329.0,03/09/2025 07:40:57,13.01033,80.0035666,0035666,2025-09-04T23:30:06.941718
TN87E6455,353201358042148,0.0,44.31,329.0,03/09/2025 07:40:52,13.01033,80.0035666,0035666,2025-09-04T23:30:06.941901
TN87E6455,353201358042148,0.0,44.31,329.0,03/09/2025 07:40:47,13.01033,80.0035666,0035666,2025-09-04T23:30:06.942084
TN87E6455,353201358042148,0.0,44.31,329.0,03/09/2025 07:40:42,13.01033,80.0035666,0035666,2025-09-04T23:30:06.942223
TN87E6455,353201358042148,0.0,44.31,329.0,03/09/2025 07:40:37,13.01033,80.0035666,0035666,2025-09-04T23:30:06.942350
TN87E6455,353201358042148,0.0,44.31,329.0,03/09/2025 07:40:32,13.01033,80.0035666,0035666,2025-09-04T23:30:06.942486
TN87E6455,353201358042148,0.0,44.31,329.0,03/09/2025 07:40:27,13.01033,80.0035666,0035666,2025-09-04T23:30:06.942605
TN87E6455,353201358042148,0.0,44.31,329.0,03/09/2025 07:40:22,13.01033,80.0035666,0035666,2025-09-04T23:30:06.942714
TN87E6455,353201358042148,0.0,44.31,329.0,03/09/2025 07:40:17,13.01033,80.0035666,0035666,2025-09-04T23:30:06.942842
TN87E6455,353201358042148,0.0,44.31,329.0,03/09/2025 07:40:12,13.01033,80.0035666,0035666,2025-09-04T23:30:06.942981
TN87E6455,353201358042148,0.0,44.31,329.0,03/09/2025 07:40:07,13.01033,80.0035666,0035666,2025-09-04T23:30:06.943120
TN87E6455,353201358042148,0.0,44.31,329.0,03/09/2025 07:40:02,13.01033,80.0035666,0035666,2025-09-04T23:30:06.943284
TN87E6455,353201358042148,0.0,44.31,329.0,03/09/2025 07:39:57,13.01033,80.0035666,0035666,2025-09-04T23:30:06.943454
TN87E6455,353201358042148,0.0,44.31,329.0,03/09/2025 07:39:52,13.01033,80.0035666,0035666,2025-09-04T23:30:06.943650
TN87E6455,353201358042148,0.0,44.31,329.0,03/09/2025 07:39:47,13.01033,80.0035666,0035666,2025-09-04T23:30:06.943786
TN87E6455,353201358042148,0.0,44.31,329.0,03/09/2025 07:39:42,13.01033,80.0035666,0035666,2025-09-04T23:30:06.943919
TN87E6455,353201358042148,0.0,44.31,329.0,03/09/2025 07:39:37,13.01033,80.0035666,0035666,2025-09-04T23:30:06.944189
TN87E6455,353201358042148,0.0,44.31,329.0,03/09/2025 07:39:32,13.01033,80.0035666,0035666,2025-09-04T23:30:06.944305
TN87E6455,353201358042148,0.0,44.31,329.0,03/09/2025 07:39:27,13.01033,80.0035666,0035666,2025-09-04T23:30:06.944437
TN87E6455,353201358042148,0.0,44.31,329.0,03/09/2025 07:39:22,13.01033,80.0035666,0035666,2025-09-04T23:30:06.944576
TN87E6455,353201358042148,0.0,44.31,329.0,03/09/2025 07:39:17,13.01033,80.0035666,0035666,2025-09-04T23:30:06.944707
TN87E6455,353201358042148,0.0,44.31,329.0,03/09/2025 07:39:12,13.01033,80.0035666,0035666,2025-09-04T23:30:06.944878
TN87E6455,353201358042148,0.0,44.31,329.0,03/09/2025 07:39:07,13.01033,80.0035666,0035666,2025-09-04T23:30:06.945023
TN87E6455,353201358042148,0.0,44.31,329.0,03/09/2025 07:39:02,13.01033,80.0035666,0035666,2025-09-04T23:30:06.945175
TN87E6455,353201358042148,0.0,44.31,329.0,03/09/2025 07:38:57,13.01033,80.0035666,0035666,2025-09-04T23:30:06.945332
TN87E6455,353201358042148,0.0,44.31,329.0,03/09/2025 07:38:52,13.01033,80.0035666,0035666,2025-09-04T23:30:06.945449
TN87E6455,353201358042148,0.0,44.31,329.0,03/09/2025 07:38:47,13.01033,80.0035666,0035666,2025-09-04T23:30:06.945605
TN87E6455,353201358042148,0.0,44.31,329.0,03/09/2025 07:38:42,13.01033,80.0035666,0035666,2025-09-04T23:30:06.945750
TN87E6455,353201358042148,0.0,44.31,329.0,03/09/2025 07:38:37,13.01033,80.0035666,0035666,2025-09-04T23:30:06.945948
TN87E6455,353201358042148,0.0,44.31,329.0,03/09/2025 07:38:32,13.01033,80.0035666,0035666,2025-09-04T23:30:06.946124
TN87E6455,353201358042148,0.0,44.31,329.0,03/09/2025 07:38:27,13.01033,80.0035666,0035666,2025-09-04T23:30:06.946265
TN87E6455,353201358042148,0.0,44.31,329.0,03/09/2025 07:38:22,13.01033,80.0035666,0035666,2025-09-04T23:30:06.946402
TN87E6455,353201358042148,0.0,44.31,329.0,03/09/2025 07:38:17,13.01033,80.0035666,0035666,2025-09-04T23:30:06.946558
TN87E6455,353201358042148,0.0,44.31,329.0,03/09/2025 07:38:12,13.01033,80.0035666,0035666,2025-09-04T23:30:06.946707
TN87E6455,353201358042148,0.0,44.31,329.0,03/09/2025 07:38:07,13.01033,80.0035666,0035666,2025-09-04T23:30:06.946817
TN87E6455,353201358042148,0.0,44.31,329.0,03/09/2025 07:38:02,13.01033,80.0035666,0035666,2025-09-04T23:30:06.946937
TN87E6455,353201358042148,0.0,44.31,329.0,03/09/2025 07:37:57,13.01033,80.0035666,0035666,2025-09-04T23:30:06.947064
TN87E6455,353201358042148,0.0,44.31,329.0,03/09/2025 07:37:52,13.01033,80.0035666,0035666,2025-09-04T23:30:06.947167
TN87E6455,353201358042148,0.0,44.31,329.0,03/09/2025 07:37:47,13.01033,80.0035666,0035666,2025-09-04T23:30:06.947276
TN87E6455,353201358042148,0.0,44.31,329.0,03/09/2025 07:37:42,13.01033,80.0035666,0035666,2025-09-04T23:30:06.947389
TN87E6455,353201358042148,0.0,44.31,329.0,03/09/2025 07:37:40,13.01033,80.0035666,0035666,2025-09-04T23:30:06.947493
TN87E6455,353201358042148,0.0,44.31,329.0,03/09/2025 07:37:11,13.0103216,80.0036583,0036583,2025-09-04T23:30:06.947611
TN87E6455,353201358042148,0.0,44.31,330.0,03/09/2025 07:36:41,13.0103216,80.0036583,0036583,2025-09-04T23:30:06.947746
TN87E6455,353201358042148,0.0,44.31,331.0,03/09/2025 07:36:11,13.0103216,80.0036583,0036583,2025-09-04T23:30:06.947863
TN87E6455,353201358042148,0.0,44.31,333.0,03/09/2025 07:35:41,13.0103216,80.0036583,0036583,2025-09-04T23:30:06.947990
TN87E6455,353201358042148,0.0,44.31,336.0,03/09/2025 07:35:11,13.0103216,80.0036583,0036583,2025-09-04T23:30:06.948497
TN87E6455,353201358042148,0.0,44.31,341.0,03/09/2025 07:34:41,13.0103216,80.0036583,0036583,2025-09-04T23:30:06.948683
TN87E6455,353201358042148,0.0,44.31,345.0,03/09/2025 07:34:11,13.0103216,80.0036583,0036583,2025-09-04T23:30:06.948841
TN87E6455,353201358042148,0.0,44.31,347.0,03/09/2025 07:33:41,13.0103216,80.0036583,0036583,2025-09-04T23:30:06.949030
TN87E6455,353201358042148,0.0,44.31,344.0,03/09/2025 07:33:11,13.0103216,80.0036583,0036583,2025-09-04T23:30:06.949194
TN87E6455,353201358042148,0.0,44.31,341.0,03/09/2025 07:32:41,13.0103216,80.0036583,0036583,2025-09-04T23:30:06.949366
TN87E6455,353201358042148,0.0,44.31,341.0,03/09/2025 07:32:39,13.0103216,80.0036583,0036583,2025-09-04T23:30:06.949565
TN87E6455,353201358042148,0.0,44.31,341.0,03/09/2025 07:32:37,13.0103216,80.0036583,0036583,2025-09-04T23:30:06.949740
TN87E6455,353201358042148,0.0,44.31,341.0,03/09/2025 07:32:32,13.0103216,80.0036583,0036583,2025-09-04T23:30:06.949950
TN87E6455,353201358042148,0.0,44.31,341.0,03/09/2025 07:32:27,13.0103216,80.0036583,0036583,2025-09-04T23:30:06.950139
TN87E6455,353201358042148,0.0,44.31,337.0,03/09/2025 07:32:22,13.0103216,80.0036583,0036583,2025-09-04T23:30:06.950317
TN87E6455,353201358042148,0.0,44.31,337.0,03/09/2025 07:32:17,13.0103216,80.0036583,0036583,2025-09-04T23:30:06.950473
TN87E6455,353201358042148,0.0,44.31,337.0,03/09/2025 07:32:12,13.0103216,80.0036583,0036583,2025-09-04T23:30:06.950648
TN87E6455,353201358042148,0.0,44.31,337.0,03/09/2025 07:32:07,13.0103216,80.0036583,0036583,2025-09-04T23:30:06.950774
TN87E6455,353201358042148,0.0,44.31,337.0,03/09/2025 07:32:02,13.0103216,80.0036583,0036583,2025-09-04T23:30:06.950905
TN87E6455,353201358042148,0.0,44.31,337.0,03/09/2025 07:31:57,13.0103216,80.0036583,0036583,2025-09-04T23:30:06.951079
TN87E6455,353201358042148,0.0,44.31,335.0,03/09/2025 07:31:52,13.0103216,80.0036583,0036583,2025-09-04T23:30:06.951233
TN87E6455,353201358042148,0.0,44.31,335.0,03/09/2025 07:31:47,13.0103216,80.0036583,0036583,2025-09-04T23:30:06.951408
TN87E6455,353201358042148,0.0,44.31,335.0,03/09/2025 07:31:42,13.0103216,80.0036583,0036583,2025-09-04T23:30:06.951519
TN87E6455,353201358042148,0.0,44.31,335.0,03/09/2025 07:31:37,13.0103216,80.0036583,0036583,2025-09-04T23:30:06.951693
TN87E6455,353201358042148,0.0,44.31,335.0,03/09/2025 07:31:32,13.0103216,80.0036583,0036583,2025-09-04T23:30:06.951861
TN87E6455,353201358042148,0.0,44.31,335.0,03/09/2025 07:31:27,13.0103216,80.0036583,0036583,2025-09-04T23:30:06.952019
TN87E6455,353201358042148,0.0,44.31,333.0,03/09/2025 07:31:22,13.0103216,80.0036583,0036583,2025-09-04T23:30:06.952169
TN87E6455,353201358042148,0.0,44.31,333.0,03/09/2025 07:31:17,13.0103216,80.0036583,0036583,2025-09-04T23:30:06.952342
TN87E6455,353201358042148,0.0,44.31,333.0,03/09/2025 07:31:12,13.0103216,80.0036583,0036583,2025-09-04T23:30:06.952473
TN87E6455,353201358042148,0.0,44.31,333.0,03/09/2025 07:31:07,13.0103216,80.0036583,0036583,2025-09-04T23:30:06.952615
TN87E6455,353201358042148,0.0,44.31,333.0,03/09/2025 07:31:02,13.01032,80.00366,00366,2025-09-04T23:30:06.952735
TN87E6455,353201358042148,0.0,44.31,333.0,03/09/2025 07:30:57,13.0102283,80.0036833,0036833,2025-09-04T23:30:06.952859
TN87E6455,353201358042148,0.0,44.31,332.0,03/09/2025 07:30:52,13.0102283,80.0036833,0036833,2025-09-04T23:30:06.952983
TN87E6455,353201358042148,0.0,44.31,332.0,03/09/2025 07:30:47,13.0102283,80.0036833,0036833,2025-09-04T23:30:06.953120
TN87E6455,353201358042148,0.0,44.31,332.0,03/09/2025 07:30:42,13.0102283,80.0036833,0036833,2025-09-04T23:30:06.953238
TN87E6455,353201358042148,0.0,44.31,332.0,03/09/2025 07:30:37,13.0102283,80.0036833,0036833,2025-09-04T23:30:06.953367
TN87E6455,353201358042148,0.0,44.31,332.0,03/09/2025 07:30:32,13.0102283,80.0036833,0036833,2025-09-04T23:30:06.953507
TN87E6455,353201358042148,0.0,44.31,332.0,03/09/2025 07:30:27,13.0102283,80.0036833,0036833,2025-09-04T23:30:06.953629
TN87E6455,353201358042148,0.0,44.31,332.0,03/09/2025 07:30:22,13.0102283,80.0036833,0036833,2025-09-04T23:30:06.953751
TN87E6455,353201358042148,0.0,44.31,332.0,03/09/2025 07:30:17,13.0102283,80.0036833,0036833,2025-09-04T23:30:06.953882
TN87E6455,353201358042148,0.0,44.31,332.0,03/09/2025 07:30:12,13.0102283,80.0036833,0036833,2025-09-04T23:30:06.954001
TN87E6455,353201358042148,0.0,44.31,332.0,03/09/2025 07:30:07,13.0102283,80.0036833,0036833,2025-09-04T23:30:06.954184
TN87E6455,353201358042148,0.0,44.31,332.0,03/09/2025 07:30:02,13.0102283,80.0036833,0036833,2025-09-04T23:30:06.954334
TN87E6455,353201358042148,0.0,44.31,332.0,03/09/2025 07:29:57,13.0102283,80.0036833,0036833,2025-09-04T23:30:06.954470
TN87E6455,353201358042148,0.0,44.31,334.0,03/09/2025 07:29:52,13.0102283,80.0036833,0036833,2025-09-04T23:30:06.954603
TN87E6455,353201358042148,0.0,44.31,334.0,03/09/2025 07:29:47,13.0101433,80.003765,003765,2025-09-04T23:30:06.954730
TN87E6455,353201358042148,0.0,44.31,334.0,03/09/2025 07:29:42,13.0101433,80.003765,003765,2025-09-04T23:30:06.954850
TN87E6455,353201358042148,0.0,44.31,334.0,03/09/2025 07:29:37,13.0101433,80.003765,003765,2025-09-04T23:30:06.954989
TN87E6455,353201358042148,0.0,44.31,334.0,03/09/2025 07:29:32,13.0101466,80.0037633,0037633,2025-09-04T23:30:06.955165
TN87E6455,353201358042148,7.0,44.31,334.0,03/09/2025 07:29:27,13.0102033,80.0036966,0036966,2025-09-04T23:30:06.955324
TN87E6455,353201358042148,8.0,44.31,334.0,03/09/2025 07:29:26,13.01022,80.0036799,0036799,2025-09-04T23:30:06.955482
TN87E6455,353201358042148,7.0,44.32,335.0,03/09/2025 07:29:24,13.0102616,80.0036566,0036566,2025-09-04T23:30:06.955682
TN87E6455,353201358042148,6.0,44.34,335.0,03/09/2025 07:29:20,13.0103316,80.00364,00364,2025-09-04T23:30:06.955851
TN87E6455,353201358042148,10.0,44.34,335.0,03/09/2025 07:29:15,13.0104533,80.003615,003615,2025-09-04T23:30:06.956028
TN87E6455,353201358042148,10.0,44.35,335.0,03/09/2025 07:29:13,13.0105033,80.00361,00361,2025-09-04T23:30:06.956202
TN87E6455,353201358042148,13.0,44.35,335.0,03/09/2025 07:29:12,13.0105316,80.0036016,0036016,2025-09-04T23:30:06.956351
TN87E6455,353201358042148,12.0,44.36,335.0,03/09/2025 07:29:11,13.0105683,80.0035949,0035949,2025-09-04T23:30:06.956463
TN87E6455,353201358042148,14.0,44.36,335.0,03/09/2025 07:29:09,13.0106349,80.0036083,0036083,2025-09-04T23:30:06.956562
TN87E6455,353201358042148,12.0,44.37,335.0,03/09/2025 07:29:07,13.0106816,80.0036516,0036516,2025-09-04T23:30:06.956694
TN87E6455,353201358042148,11.0,44.38,335.0,03/09/2025 07:29:06,13.0106949,80.0036783,0036783,2025-09-04T23:30:06.956819
TN87E6455,353201358042148,12.0,44.4,335.0,03/09/2025 07:29:03,13.0107033,80.0037716,0037716,2025-09-04T23:30:06.956939
TN87E6455,353201358042148,13.0,44.42,335.0,03/09/2025 07:28:58,13.0107233,80.0039483,0039483,2025-09-04T23:30:06.957118
TN87E6455,353201358042148,13.0,44.43,335.0,03/09/2025 07:28:53,13.0107216,80.004125,004125,2025-09-04T23:30:06.957337
TN87E6455,353201358042148,12.0,44.45,335.0,03/09/2025 07:28:48,13.0107333,80.0042833,0042833,2025-09-04T23:30:06.957499
TN87E6455,353201358042148,10.0,44.47,335.0,03/09/2025 07:28:43,13.0107283,80.004445,004445,2025-09-04T23:30:06.957614
TN87E6455,353201358042148,10.0,44.48,335.0,03/09/2025 07:28:38,13.0107216,80.0045883,0045883,2025-09-04T23:30:06.957754
TN87E6455,353201358042148,11.0,44.5,335.0,03/09/2025 07:28:33,13.0107116,80.0047416,0047416,2025-09-04T23:30:06.957898
TN87E6455,353201358042148,12.0,44.51,335.0,03/09/2025 07:28:29,13.01072,80.0048633,0048633,2025-09-04T23:30:06.958031
TN87E6455,353201358042148,11.0,44.52,332.0,03/09/2025 07:28:24,13.0107133,80.0050316,0050316,2025-09-04T23:30:06.958163
TN87E6455,353201358042148,13.0,44.54,332.0,03/09/2025 07:28:22,13.0107083,80.0051033,0051033,2025-09-04T23:30:06.958291
TN87E6455,353201358042148,14.0,44.56,332.0,03/09/2025 07:28:17,13.0106649,80.00531,00531,2025-09-04T23:30:06.958391
TN87E6455,353201358042148,13.0,44.57,332.0,03/09/2025 07:28:14,13.0106299,80.0054016,0054016,2025-09-04T23:30:06.958490
TN87E6455,353201358042148,12.0,44.59,332.0,03/09/2025 07:28:11,13.010545,80.0054683,0054683,2025-09-04T23:30:06.958612
TN87E6455,353201358042148,11.0,44.64,332.0,03/09/2025 07:28:06,13.0103983,80.0055566,0055566,2025-09-04T23:30:06.958748
TN87E6455,353201358042148,11.0,44.65,332.0,03/09/2025 07:28:05,13.0103766,80.0055816,0055816,2025-09-04T23:30:06.958871
TN87E6455,353201358042148,11.0,44.7,332.0,03/09/2025 07:28:04,13.01033,80.0055716,0055716,2025-09-04T23:30:06.958973
TN87E6455,353201358042148,10.0,44.71,332.0,03/09/2025 07:28:02,13.0102666,80.0055566,0055566,2025-09-04T23:30:06.959103
TN87E6455,353201358042148,9.0,44.71,332.0,03/09/2025 07:28:01,13.0102366,80.0055583,0055583,2025-09-04T23:30:06.959237
TN87E6455,353201358042148,9.0,44.71,332.0,03/09/2025 07:28:00,13.0102083,80.0055516,0055516,2025-09-04T23:30:06.959378
TN87E6455,353201358042148,11.0,44.73,332.0,03/09/2025 07:27:56,13.0100983,80.0054383,0054383,2025-09-04T23:30:06.959511
TN87E6455,353201358042148,13.0,44.75,330.0,03/09/2025 07:27:51,13.009995,80.0052833,0052833,2025-09-04T23:30:06.959643
TN87E6455,353201358042148,15.0,44.76,330.0,03/09/2025 07:27:50,13.0099683,80.0052516,0052516,2025-09-04T23:30:06.959758
TN87E6455,353201358042148,15.0,44.77,330.0,03/09/2025 07:27:49,13.0099333,80.0052266,0052266,2025-09-04T23:30:06.959877
TN87E6455,353201358042148,16.0,44.78,330.0,03/09/2025 07:27:47,13.0098533,80.005195,005195,2025-09-04T23:30:06.960027
TN87E6455,353201358042148,16.0,44.8,330.0,03/09/2025 07:27:45,13.009765,80.00518,00518,2025-09-04T23:30:06.960163
TN87E6455,353201358042148,11.0,44.8,330.0,03/09/2025 07:27:41,13.0096,80.0052066,0052066,2025-09-04T23:30:06.960289
TN87E6455,353201358042148,9.0,44.81,330.0,03/09/2025 07:27:39,13.00954,80.005215,005215,2025-09-04T23:30:06.960408
TN87E6455,353201358042148,7.0,44.81,330.0,03/09/2025 07:27:37,13.0095033,80.00521,00521,2025-09-04T23:30:06.960541
TN87E6455,353201358042148,6.0,44.81,330.0,03/09/2025 07:27:36,13.0094799,80.0052116,0052116,2025-09-04T23:30:06.960688
TN87E6455,353201358042148,7.0,44.81,330.0,03/09/2025 07:27:35,13.0094633,80.005205,005205,2025-09-04T23:30:06.960838
TN87E6455,353201358042148,8.0,44.83,330.0,03/09/2025 07:27:34,13.0094566,80.00519,00519,2025-09-04T23:30:06.961007
TN87E6455,353201358042148,11.0,44.83,330.0,03/09/2025 07:27:29,13.00945,80.0050483,0050483,2025-09-04T23:30:06.961188
TN87E6455,353201358042148,9.0,44.85,330.0,03/09/2025 07:27:28,13.009445,80.0050166,0050166,2025-09-04T23:30:06.961357
TN87E6455,353201358042148,18.0,44.87,328.0,03/09/2025 07:27:23,13.009435,80.00484,00484,2025-09-04T23:30:06.961463
TN87E6455,353201358042148,15.0,44.89,328.0,03/09/2025 07:27:19,13.009415,80.0046733,0046733,2025-09-04T23:30:06.961584
TN87E6455,353201358042148,12.0,44.91,328.0,03/09/2025 07:27:14,13.0094016,80.004505,004505,2025-09-04T23:30:06.961708
TN87E6455,353201358042148,16.0,44.92,328.0,03/09/2025 07:27:09,13.00938,80.004325,004325,2025-09-04T23:30:06.961874
TN87E6455,353201358042148,6.0,44.93,328.0,03/09/2025 07:27:05,13.0093933,80.0041583,0041583,2025-09-04T23:30:06.962067
TN87E6455,353201358042148,0.0,44.93,328.0,03/09/2025 07:27:00,13.0093716,80.0040733,0040733,2025-09-04T23:30:06.962261
TN87E6455,353201358042148,0.0,44.93,328.0,03/09/2025 07:26:55,13.0093716,80.0040733,0040733,2025-09-04T23:30:06.962425
TN87E6455,353201358042148,0.0,44.93,328.0,03/09/2025 07:26:50,13.0093716,80.0040733,0040733,2025-09-04T23:30:06.962573
TN87E6455,353201358042148,0.0,44.93,328.0,03/09/2025 07:26:45,13.0093716,80.0040733,0040733,2025-09-04T23:30:06.962726
TN87E6455,353201358042148,0.0,44.93,328.0,03/09/2025 07:26:40,13.0093716,80.0040733,0040733,2025-09-04T23:30:06.962911
TN87E6455,353201358042148,0.0,44.93,328.0,03/09/2025 07:26:35,13.0093716,80.0040733,0040733,2025-09-04T23:30:06.963135
TN87E6455,353201358042148,0.0,44.93,328.0,03/09/2025 07:26:30,13.0093716,80.0040733,0040733,2025-09-04T23:30:06.963329
TN87E6455,353201358042148,0.0,44.93,329.0,03/09/2025 07:26:25,13.0093716,80.0040733,0040733,2025-09-04T23:30:06.963513
TN87E6455,353201358042148,0.0,44.93,329.0,03/09/2025 07:26:20,13.0093716,80.0040733,0040733,2025-09-04T23:30:06.963658
TN87E6455,353201358042148,0.0,44.93,329.0,03/09/2025 07:26:15,13.0093683,80.0040616,0040616,2025-09-04T23:30:06.963777
TN87E6455,353201358042148,4.0,44.95,329.0,03/09/2025 07:26:10,13.00938,80.0039883,0039883,2025-09-04T23:30:06.963913
TN87E6455,353201358042148,7.0,44.95,334.0,03/09/2025 07:26:05,13.009375,80.0038916,0038916,2025-09-04T23:30:06.964083
TN87E6455,353201358042148,6.0,44.96,334.0,03/09/2025 07:26:04,13.0093766,80.0038683,0038683,2025-09-04T23:30:06.964238
TN87E6455,353201358042148,10.0,44.99,334.0,03/09/2025 07:26:02,13.009375,80.0038266,0038266,2025-09-04T23:30:06.964382
TN87E6455,353201358042148,0.0,44.99,334.0,03/09/2025 07:25:59,13.0092866,80.0035433,0035433,2025-09-04T23:30:06.964501
TN87E6455,353201358042148,8.0,45.0,334.0,03/09/2025 07:25:59,13.0093416,80.0037433,0037433,2025-09-04T23:30:06.964627
TN87E6455,353201358042148,0.0,45.0,334.0,03/09/2025 07:25:53,13.0092866,80.0035433,0035433,2025-09-04T23:30:06.964745
TN87E6455,353201358042148,0.0,45.0,339.0,03/09/2025 07:25:23,13.0092866,80.0035433,0035433,2025-09-04T23:30:06.964866
TN87E6455,353201358042148,0.0,45.0,341.0,03/09/2025 07:24:53,13.0092866,80.0035433,0035433,2025-09-04T23:30:06.964966
TN87E6455,353201358042148,0.0,45.0,341.0,03/09/2025 07:24:49,13.0092866,80.0035433,0035433,2025-09-04T23:30:06.965089
TN87E6455,353201358042148,0.0,45.0,341.0,03/09/2025 07:24:44,13.0092933,80.0035483,0035483,2025-09-04T23:30:06.965268
TN87E6455,353201358042148,0.0,45.0,341.0,03/09/2025 07:24:39,13.0093883,80.00354,00354,2025-09-04T23:30:06.965435
TN87E6455,353201358042148,0.0,45.0,341.0,03/09/2025 07:24:34,13.0093883,80.00354,00354,2025-09-04T23:30:06.965595
TN87E6455,353201358042148,0.0,45.0,341.0,03/09/2025 07:24:29,13.0093883,80.00354,00354,2025-09-04T23:30:06.965777
TN87E6455,353201358042148,0.0,45.0,338.0,03/09/2025 07:24:24,13.0093883,80.00354,00354,2025-09-04T23:30:06.965960
TN87E6455,353201358042148,0.0,45.0,338.0,03/09/2025 07:24:19,13.0093883,80.00354,00354,2025-09-04T23:30:06.966131
TN87E6455,353201358042148,0.0,45.0,338.0,03/09/2025 07:24:14,13.00939,80.00353,00353,2025-09-04T23:30:06.966252
TN87E6455,353201358042148,0.0,45.0,338.0,03/09/2025 07:24:09,13.0094783,80.0034733,0034733,2025-09-04T23:30:06.966364
TN87E6455,353201358042148,0.0,45.0,338.0,03/09/2025 07:24:04,13.0094783,80.0034733,0034733,2025-09-04T23:30:06.966484
TN87E6455,353201358042148,0.0,45.0,338.0,03/09/2025 07:23:59,13.0094783,80.0034733,0034733,2025-09-04T23:30:06.966589
TN87E6455,353201358042148,0.0,45.0,334.0,03/09/2025 07:23:54,13.0094783,80.0034733,0034733,2025-09-04T23:30:06.966705
TN87E6455,353201358042148,0.0,45.0,334.0,03/09/2025 07:23:49,13.0094783,80.0034733,0034733,2025-09-04T23:30:06.966830
TN87E6455,353201358042148,6.0,45.01,334.0,03/09/2025 07:23:44,13.0095033,80.0034333,0034333,2025-09-04T23:30:06.966938
TN87E6455,353201358042148,7.0,45.06,334.0,03/09/2025 07:23:43,13.0095116,80.0034166,0034166,2025-09-04T23:30:06.967059
TN87E6455,353201358042148,9.0,45.12,334.0,03/09/2025 07:23:41,13.0095233,80.003375,003375,2025-09-04T23:30:06.967177
TN87E6455,353201358042148,8.0,45.13,334.0,03/09/2025 07:23:39,13.0095483,80.0033133,0033133,2025-09-04T23:30:06.967323
TN87E6455,353201358042148,9.0,45.13,334.0,03/09/2025 07:23:38,13.00957,80.0032916,0032916,2025-09-04T23:30:06.967451
TN87E6455,353201358042148,15.0,45.15,334.0,03/09/2025 07:23:33,13.009715,80.0031733,0031733,2025-09-04T23:30:06.967569
TN87E6455,353201358042148,9.0,45.18,334.0,03/09/2025 07:23:28,13.009915,80.0031133,0031133,2025-09-04T23:30:06.967682
TN87E6455,353201358042148,7.0,45.19,332.0,03/09/2025 07:23:25,13.0100066,80.0030866,0030866,2025-09-04T23:30:06.967799
TN87E6455,353201358042148,8.0,45.19,332.0,03/09/2025 07:23:22,13.0100749,80.0030549,0030549,2025-09-04T23:30:06.967913
TN87E6455,353201358042148,9.0,45.2,332.0,03/09/2025 07:23:21,13.010095,80.00304,00304,2025-09-04T23:30:06.968038
TN87E6455,353201358042148,11.0,45.57,332.0,03/09/2025 07:23:16,13.010195,80.0029383,0029383,2025-09-04T23:30:06.968161
TN87E6455,353201358042148,10.0,45.93,332.0,03/09/2025 07:23:11,13.0103366,80.002795,002795,2025-09-04T23:30:06.968261
TN87E6455,353201358042148,16.0,45.93,332.0,03/09/2025 07:23:09,13.010385,80.002745,002745,2025-09-04T23:30:06.968388
TN87E6455,353201358042148,17.0,45.96,332.0,03/09/2025 07:23:04,13.0105483,80.0025283,0025283,2025-09-04T23:30:06.968504
TN87E6455,353201358042148,12.0,45.99,332.0,03/09/2025 07:22:59,13.0106566,80.002335,002335,2025-09-04T23:30:06.968633
TN87E6455,353201358042148,8.0,46.0,332.0,03/09/2025 07:22:54,13.0107433,80.00221,00221,2025-09-04T23:30:06.968728
TN87E6455,353201358042148,6.0,46.01,332.0,03/09/2025 07:22:53,13.0107549,80.00219,00219,2025-09-04T23:30:06.968844
TN87E6455,353201358042148,7.0,46.01,332.0,03/09/2025 07:22:52,13.0107683,80.0021783,0021783,2025-09-04T23:30:06.968979
TN87E6455,353201358042148,7.0,46.02,332.0,03/09/2025 07:22:47,13.0108116,80.002095,002095,2025-09-04T23:30:06.969126
TN87E6455,353201358042148,9.0,46.03,332.0,03/09/2025 07:22:43,13.0108733,80.002,002,2025-09-04T23:30:06.969236
TN87E6455,353201358042148,21.0,46.04,332.0,03/09/2025 07:22:40,13.0109333,80.0018916,0018916,2025-09-04T23:30:06.969341
TN87E6455,353201358042148,34.0,46.07,332.0,03/09/2025 07:22:37,13.0110366,80.0017166,0017166,2025-09-04T23:30:06.969487
TN87E6455,353201358042148,32.0,46.11,332.0,03/09/2025 07:22:32,13.01124,80.0013233,0013233,2025-09-04T23:30:06.969609
TN87E6455,353201358042148,30.0,46.14,332.0,03/09/2025 07:22:29,13.0113716,80.0011016,0011016,2025-09-04T23:30:06.969712
TN87E6455,353201358042148,27.0,46.17,332.0,03/09/2025 07:22:26,13.01154,80.000955,000955,2025-09-04T23:30:06.969847
TN87E6455,353201358042148,22.0,46.2,332.0,03/09/2025 07:22:21,13.011815,80.00077,00077,2025-09-04T23:30:06.969983
TN87E6455,353201358042148,23.0,46.24,332.0,03/09/2025 07:22:16,13.012065,80.0005983,0005983,2025-09-04T23:30:06.970102
TN87E6455,353201358042148,18.0,46.26,332.0,03/09/2025 07:22:11,13.0122766,80.0004683,0004683,2025-09-04T23:30:06.970205
TN87E6455,353201358042148,9.0,46.28,332.0,03/09/2025 07:22:07,13.0124099,80.0003983,0003983,2025-09-04T23:30:06.970318
TN87E6455,353201358042148,11.0,46.28,332.0,03/09/2025 07:22:05,13.0124583,80.0003833,0003833,2025-09-04T23:30:06.970453
TN87E6455,353201358042148,10.0,46.29,332.0,03/09/2025 07:22:04,13.0124866,80.0003833,0003833,2025-09-04T23:30:06.970617
TN87E6455,353201358042148,10.0,46.29,332.0,03/09/2025 07:22:03,13.01251,80.0003916,0003916,2025-09-04T23:30:06.970787
TN87E6455,353201358042148,13.0,46.31,332.0,03/09/2025 07:22:02,13.0125316,80.0004066,0004066,2025-09-04T23:30:06.970968
TN87E6455,353201358042148,25.0,46.33,332.0,03/09/2025 07:21:59,13.0126249,80.000515,000515,2025-09-04T23:30:06.971136
TN87E6455,353201358042148,36.0,46.38,333.0,03/09/2025 07:21:56,13.0127633,80.0006966,0006966,2025-09-04T23:30:06.971301
TN87E6455,353201358042148,37.0,46.43,333.0,03/09/2025 07:21:51,13.0130566,80.0010866,0010866,2025-09-04T23:30:06.971448
TN87E6455,353201358042148,34.0,46.48,333.0,03/09/2025 07:21:46,13.0133333,80.00145,00145,2025-09-04T23:30:06.971594
TN87E6455,353201358042148,37.0,46.54,333.0,03/09/2025 07:21:41,13.0135883,80.00184,00184,2025-09-04T23:30:06.971712
TN87E6455,353201358042148,34.0,46.58,333.0,03/09/2025 07:21:36,13.0138566,80.0022366,0022366,2025-09-04T23:30:06.971836
TN87E6455,353201358042148,29.0,46.63,338.0,03/09/2025 07:21:31,13.0141066,80.0025866,0025866,2025-09-04T23:30:06.971967
TN87E6455,353201358042148,28.0,46.69,338.0,03/09/2025 07:21:26,13.0143233,80.0029049,0029049,2025-09-04T23:30:06.972091
TN87E6455,353201358042148,21.0,46.74,338.0,03/09/2025 07:21:21,13.0144849,80.0031766,0031766,2025-09-04T23:30:06.972211
TN87E6455,353201358042148,25.0,46.77,338.0,03/09/2025 07:21:16,13.0146883,80.00333,00333,2025-09-04T23:30:06.972332
TN87E6455,353201358042148,31.0,46.82,338.0,03/09/2025 07:21:13,13.0148333,80.0035,0035,2025-09-04T23:30:06.972463
TN87E6455,353201358042148,34.0,46.86,338.0,03/09/2025 07:21:08,13.015095,80.0038583,0038583,2025-09-04T23:30:06.972611
TN87E6455,353201358042148,30.0,46.9,338.0,03/09/2025 07:21:03,13.0153066,80.0042066,0042066,2025-09-04T23:30:06.972752
TN87E6455,353201358042148,26.0,46.94,342.0,03/09/2025 07:20:58,13.0155099,80.004515,004515,2025-09-04T23:30:06.972885
TN87E6455,353201358042148,34.0,46.98,342.0,03/09/2025 07:20:53,13.0156816,80.0048449,0048449,2025-09-04T23:30:06.972989
TN87E6455,353201358042148,45.0,47.04,342.0,03/09/2025 07:20:50,13.0158116,80.0051249,0051249,2025-09-04T23:30:06.973161
TN87E6455,353201358042148,50.0,47.1,342.0,03/09/2025 07:20:45,13.0160733,80.0056716,0056716,2025-09-04T23:30:06.973330
TN87E6455,353201358042148,60.0,47.18,342.0,03/09/2025 07:20:41,13.0162583,80.0061816,0061816,2025-09-04T23:30:06.973446
TN87E6455,353201358042148,61.0,47.27,342.0,03/09/2025 07:20:36,13.0165416,80.0069033,0069033,2025-09-04T23:30:06.973583
TN87E6455,353201358042148,62.0,47.36,342.0,03/09/2025 07:20:31,13.01686,80.0076466,0076466,2025-09-04T23:30:06.973735
TN87E6455,353201358042148,61.0,47.44,342.0,03/09/2025 07:20:26,13.0171783,80.0083533,0083533,2025-09-04T23:30:06.973876
TN87E6455,353201358042148,58.0,47.52,346.0,03/09/2025 07:20:21,13.0174966,80.0090366,0090366,2025-09-04T23:30:06.974013
TN87E6455,353201358042148,54.0,47.59,346.0,03/09/2025 07:20:16,13.0178333,80.0096666,0096666,2025-09-04T23:30:06.974189
TN87E6455,353201358042148,48.0,47.65,346.0,03/09/2025 07:20:11,13.01815,80.01028,01028,2025-09-04T23:30:06.974339
TN87E6455,353201358042148,42.0,47.71,346.0,03/09/2025 07:20:06,13.0184216,80.0107816,0107816,2025-09-04T23:30:06.974502
TN87E6455,353201358042148,36.0,47.76,346.0,03/09/2025 07:20:01,13.0186466,80.0112266,0112266,2025-09-04T23:30:06.974647
TN87E6455,353201358042148,38.0,47.82,348.0,03/09/2025 07:19:56,13.0188583,80.0116516,0116516,2025-09-04T23:30:06.974785
TN87E6455,353201358042148,46.0,47.88,348.0,03/09/2025 07:19:51,13.0191283,80.0121,0121,2025-09-04T23:30:06.974894
TN87E6455,353201358042148,48.0,47.95,348.0,03/09/2025 07:19:46,13.0194683,80.0125916,0125916,2025-09-04T23:30:06.974998
TN87E6455,353201358042148,58.0,48.04,348.0,03/09/2025 07:19:41,13.0198266,80.0131433,0131433,2025-09-04T23:30:06.975200
TN87E6455,353201358042148,62.0,48.12,348.0,03/09/2025 07:19:36,13.020245,80.01376,01376,2025-09-04T23:30:06.975382
TN87E6455,353201358042148,64.0,48.21,348.0,03/09/2025 07:19:31,13.02069,80.0144283,0144283,2025-09-04T23:30:06.975577
TN87E6455,353201358042148,65.0,48.3,348.0,03/09/2025 07:19:26,13.0211416,80.01513,01513,2025-09-04T23:30:06.975766
TN87E6455,353201358042148,63.0,48.39,348.0,03/09/2025 07:19:21,13.0216133,80.015785,015785,2025-09-04T23:30:06.975948
TN87E6455,353201358042148,60.0,48.47,348.0,03/09/2025 07:19:16,13.0220133,80.0164766,0164766,2025-09-04T23:30:06.976138
TN87E6455,353201358042148,60.0,48.56,348.0,03/09/2025 07:19:11,13.0222633,80.0172099,0172099,2025-09-04T23:30:06.976330
TN87E6455,353201358042148,60.0,48.64,348.0,03/09/2025 07:19:06,13.0223916,80.0179666,0179666,2025-09-04T23:30:06.976490
TN87E6455,353201358042148,60.0,48.72,348.0,03/09/2025 07:19:01,13.0224416,80.01873,01873,2025-09-04T23:30:06.976670
TN87E6455,353201358042148,59.0,48.8,348.0,03/09/2025 07:18:56,13.0225083,80.0195066,0195066,2025-09-04T23:30:06.976810
TN87E6455,353201358042148,55.0,48.88,349.0,03/09/2025 07:18:51,13.0226333,80.020235,020235,2025-09-04T23:30:06.976914
TN87E6455,353201358042148,51.0,48.95,349.0,03/09/2025 07:18:46,13.0228466,80.020895,020895,2025-09-04T23:30:06.977054
TN87E6455,353201358042148,46.0,49.01,349.0,03/09/2025 07:18:41,13.0230916,80.0214666,0214666,2025-09-04T23:30:06.977178
TN87E6455,353201358042148,40.0,49.06,349.0,03/09/2025 07:18:36,13.0233433,80.02196,02196,2025-09-04T23:30:06.977300
TN87E6455,353201358042148,35.0,49.11,349.0,03/09/2025 07:18:31,13.0235866,80.02239,02239,2025-09-04T23:30:06.977419
TN87E6455,353201358042148,31.0,49.15,349.0,03/09/2025 07:18:26,13.023815,80.0227516,0227516,2025-09-04T23:30:06.977527
TN87E6455,353201358042148,35.0,49.2,349.0,03/09/2025 07:18:21,13.024015,80.023085,023085,2025-09-04T23:30:06.977633
TN87E6455,353201358042148,46.0,49.26,349.0,03/09/2025 07:18:17,13.02424,80.0234666,0234666,2025-09-04T23:30:06.977779
TN87E6455,353201358042148,51.0,49.34,349.0,03/09/2025 07:18:12,13.0245416,80.0239966,0239966,2025-09-04T23:30:06.977939
TN87E6455,353201358042148,54.0,49.41,349.0,03/09/2025 07:18:07,13.0249016,80.024565,024565,2025-09-04T23:30:06.978053
TN87E6455,353201358042148,55.0,49.49,349.0,03/09/2025 07:18:02,13.0252633,80.0251549,0251549,2025-09-04T23:30:06.978158
TN87E6455,353201358042148,55.0,49.57,349.0,03/09/2025 07:17:57,13.0256533,80.02576,02576,2025-09-04T23:30:06.978267
TN87E6455,353201358042148,56.0,49.65,348.0,03/09/2025 07:17:52,13.0260016,80.0263816,0263816,2025-09-04T23:30:06.978422
TN87E6455,353201358042148,54.0,49.72,348.0,03/09/2025 07:17:47,13.026385,80.0269816,0269816,2025-09-04T23:30:06.978573
TN87E6455,353201358042148,54.0,49.8,348.0,03/09/2025 07:17:42,13.0267366,80.0275849,0275849,2025-09-04T23:30:06.978708
TN87E6455,353201358042148,52.0,49.87,348.0,03/09/2025 07:17:37,13.0271016,80.0281533,0281533,2025-09-04T23:30:06.978813
TN87E6455,353201358042148,50.0,49.93,345.0,03/09/2025 07:17:32,13.0274433,80.0287133,0287133,2025-09-04T23:30:06.978934
TN87E6455,353201358042148,45.0,49.99,345.0,03/09/2025 07:17:27,13.0277883,80.0292133,0292133,2025-09-04T23:30:06.979067
TN87E6455,353201358042148,37.0,50.04,345.0,03/09/2025 07:17:22,13.0280399,80.0296783,0296783,2025-09-04T23:30:06.979194
TN87E6455,353201358042148,29.0,50.08,345.0,03/09/2025 07:17:17,13.0282933,80.0300499,0300499,2025-09-04T23:30:06.979335
TN87E6455,353201358042148,18.0,50.09,345.0,03/09/2025 07:17:12,13.0284599,80.0303133,0303133,2025-09-04T23:30:06.979466
TN87E6455,353201358042148,12.0,50.11,345.0,03/09/2025 07:17:07,13.0285533,80.0304666,0304666,2025-09-04T23:30:06.979612
TN87E6455,353201358042148,0.0,50.11,345.0,03/09/2025 07:17:02,13.0285799,80.0305549,0305549,2025-09-04T23:30:06.979725
TN87E6455,353201358042148,6.0,50.11,345.0,03/09/2025 07:16:57,13.028595,80.0305783,0305783,2025-09-04T23:30:06.979840
TN87E6455,353201358042148,17.0,50.12,345.0,03/09/2025 07:16:55,13.0286216,80.03062,03062,2025-09-04T23:30:06.979973
TN87E6455,353201358042148,28.0,50.19,342.0,03/09/2025 07:16:53,13.0286883,80.0307083,0307083,2025-09-04T23:30:06.980087
TN87E6455,353201358042148,40.0,50.3,342.0,03/09/2025 07:16:50,13.0288366,80.0309249,0309249,2025-09-04T23:30:06.980216
TN87E6455,353201358042148,50.0,50.34,342.0,03/09/2025 07:16:47,13.029025,80.0312116,0312116,2025-09-04T23:30:06.980333
TN87E6455,353201358042148,60.0,50.42,342.0,03/09/2025 07:16:42,13.0294466,80.0317949,0317949,2025-09-04T23:30:06.980461
TN87E6455,353201358042148,56.0,50.5,342.0,03/09/2025 07:16:37,13.029835,80.03242,03242,2025-09-04T23:30:06.980625
TN87E6455,353201358042148,54.0,50.58,342.0,03/09/2025 07:16:32,13.030185,80.0330466,0330466,2025-09-04T23:30:06.980759
TN87E6455,353201358042148,54.0,50.65,342.0,03/09/2025 07:16:27,13.030505,80.03365,03365,2025-09-04T23:30:06.980937
TN87E6455,353201358042148,58.0,50.73,340.0,03/09/2025 07:16:22,13.0308716,80.0342283,0342283,2025-09-04T23:30:06.981109
TN87E6455,353201358042148,57.0,50.81,340.0,03/09/2025 07:16:17,13.03122,80.0348899,0348899,2025-09-04T23:30:06.981271
TN87E6455,353201358042148,61.0,50.9,340.0,03/09/2025 07:16:12,13.0316083,80.03553,03553,2025-09-04T23:30:06.981430
TN87E6455,353201358042148,62.0,50.99,340.0,03/09/2025 07:16:07,13.0320049,80.0362233,0362233,2025-09-04T23:30:06.981585
TN87E6455,353201358042148,63.0,51.08,340.0,03/09/2025 07:16:02,13.0324316,80.0369083,0369083,2025-09-04T23:30:06.981716
TN87E6455,353201358042148,62.0,51.16,340.0,03/09/2025 07:15:57,13.0328166,80.0376166,0376166,2025-09-04T23:30:06.981837
TN87E6455,353201358042148,59.0,51.24,340.0,03/09/2025 07:15:52,13.0331866,80.0382766,0382766,2025-09-04T23:30:06.981977
TN87E6455,353201358042148,58.0,51.32,340.0,03/09/2025 07:15:47,13.033545,80.0389583,0389583,2025-09-04T23:30:06.982102
TN87E6455,353201358042148,55.0,51.4,340.0,03/09/2025 07:15:42,13.0339399,80.0395649,0395649,2025-09-04T23:30:06.982271
TN87E6455,353201358042148,53.0,51.47,340.0,03/09/2025 07:15:37,13.0343016,80.0401366,0401366,2025-09-04T23:30:06.982452
TN87E6455,353201358042148,51.0,51.54,340.0,03/09/2025 07:15:32,13.0346216,80.0407199,0407199,2025-09-04T23:30:06.982594
TN87E6455,353201358042148,49.0,51.61,341.0,03/09/2025 07:15:27,13.0349416,80.0412816,0412816,2025-09-04T23:30:06.982736
TN87E6455,353201358042148,48.0,51.67,341.0,03/09/2025 07:15:22,13.0352183,80.0418633,0418633,2025-09-04T23:30:06.982854
TN87E6455,353201358042148,43.0,51.73,341.0,03/09/2025 07:15:17,13.0354433,80.0423966,0423966,2025-09-04T23:30:06.982978
TN87E6455,353201358042148,38.0,51.78,341.0,03/09/2025 07:15:12,13.0356433,80.0428933,0428933,2025-09-04T23:30:06.983103
TN87E6455,353201358042148,28.0,51.81,341.0,03/09/2025 07:15:07,13.0358166,80.0433083,0433083,2025-09-04T23:30:06.983244
TN87E6455,353201358042148,17.0,51.82,343.0,03/09/2025 07:15:03,13.0358816,80.04355,04355,2025-09-04T23:30:06.983374
TN87E6455,353201358042148,11.0,51.83,343.0,03/09/2025 07:14:59,13.0358883,80.0436833,0436833,2025-09-04T23:30:06.983491
TN87E6455,353201358042148,18.0,51.84,343.0,03/09/2025 07:14:57,13.035895,80.04375,04375,2025-09-04T23:30:06.983621
TN87E6455,353201358042148,29.0,51.87,343.0,03/09/2025 07:14:55,13.0359466,80.0438716,0438716,2025-09-04T23:30:06.983780
TN87E6455,353201358042148,41.0,51.9,343.0,03/09/2025 07:14:52,13.0360483,80.0441016,0441016,2025-09-04T23:30:06.983927
TN87E6455,353201358042148,51.0,51.93,343.0,03/09/2025 07:14:49,13.0361966,80.0443983,0443983,2025-09-04T23:30:06.984111
TN87E6455,353201358042148,61.0,52.01,343.0,03/09/2025 07:14:47,13.0362966,80.0446483,0446483,2025-09-04T23:30:06.984266
TN87E6455,353201358042148,71.0,52.11,343.0,03/09/2025 07:14:43,13.0365066,80.0453183,0453183,2025-09-04T23:30:06.984380
TN87E6455,353201358042148,68.0,52.2,343.0,03/09/2025 07:14:38,13.0367516,80.04622,04622,2025-09-04T23:30:06.984514
TN87E6455,353201358042148,63.0,52.29,343.0,03/09/2025 07:14:33,13.0369516,80.047035,047035,2025-09-04T23:30:06.984618
TN87E6455,353201358042148,64.0,52.38,343.0,03/09/2025 07:14:28,13.037165,80.0478233,0478233,2025-09-04T23:30:06.984739
TN87E6455,353201358042148,61.0,52.46,343.0,03/09/2025 07:14:23,13.0373699,80.0486166,0486166,2025-09-04T23:30:06.984874
TN87E6455,353201358042148,59.0,52.54,343.0,03/09/2025 07:14:18,13.0375666,80.0493549,0493549,2025-09-04T23:30:06.984978
TN87E6455,353201358042148,56.0,52.62,343.0,03/09/2025 07:14:13,13.0377483,80.05004,05004,2025-09-04T23:30:06.985152
TN87E6455,353201358042148,57.0,52.71,343.0,03/09/2025 07:14:08,13.0380466,80.0507216,0507216,2025-09-04T23:30:06.985309
TN87E6455,353201358042148,61.0,52.79,343.0,03/09/2025 07:14:03,13.0382916,80.0514649,0514649,2025-09-04T23:30:06.985467
TN87E6455,353201358042148,60.0,52.88,343.0,03/09/2025 07:13:58,13.038585,80.0521916,0521916,2025-09-04T23:30:06.985660
TN87E6455,353201358042148,58.0,52.96,343.0,03/09/2025 07:13:53,13.0388499,80.0529333,0529333,2025-09-04T23:30:06.985834
TN87E6455,353201358042148,55.0,53.03,343.0,03/09/2025 07:13:48,13.0391183,80.05361,05361,2025-09-04T23:30:06.986018
TN87E6455,353201358042148,52.0,53.1,343.0,03/09/2025 07:13:43,13.0394233,80.05423,05423,2025-09-04T23:30:06.986167
TN87E6455,353201358042148,54.0,53.18,343.0,03/09/2025 07:13:38,13.0396483,80.0548699,0548699,2025-09-04T23:30:06.986307
TN87E6455,353201358042148,53.0,53.25,343.0,03/09/2025 07:13:33,13.0399166,80.0555233,0555233,2025-09-04T23:30:06.986412
TN87E6455,353201358042148,50.0,53.32,343.0,03/09/2025 07:13:28,13.04017,80.0561483,0561483,2025-09-04T23:30:06.986510
TN87E6455,353201358042148,53.0,53.4,345.0,03/09/2025 07:13:23,13.0404233,80.0567083,0567083,2025-09-04T23:30:06.986636
TN87E6455,353201358042148,54.0,53.47,345.0,03/09/2025 07:13:18,13.0406816,80.057345,057345,2025-09-04T23:30:06.986770
TN87E6455,353201358042148,52.0,53.55,345.0,03/09/2025 07:13:13,13.040925,80.058015,058015,2025-09-04T23:30:06.986889
TN87E6455,353201358042148,51.0,53.61,345.0,03/09/2025 07:13:08,13.0411483,80.058635,058635,2025-09-04T23:30:06.987018
TN87E6455,353201358042148,49.0,53.69,345.0,03/09/2025 07:13:03,13.041395,80.0591933,0591933,2025-09-04T23:30:06.987141
TN87E6455,353201358042148,55.0,53.76,345.0,03/09/2025 07:12:58,13.04168,80.05984,05984,2025-09-04T23:30:06.987278
TN87E6455,353201358042148,57.0,53.85,348.0,03/09/2025 07:12:53,13.0420033,80.0604616,0604616,2025-09-04T23:30:06.987425
TN87E6455,353201358042148,61.0,53.93,348.0,03/09/2025 07:12:48,13.0423783,80.061125,061125,2025-09-04T23:30:06.987548
TN87E6455,353201358042148,61.0,54.02,348.0,03/09/2025 07:12:43,13.0427516,80.0618049,0618049,2025-09-04T23:30:06.987664
TN87E6455,353201358042148,61.0,54.19,348.0,03/09/2025 07:12:38,13.043125,80.0625116,0625116,2025-09-04T23:30:06.987800
TN87E6455,353201358042148,60.0,54.36,348.0,03/09/2025 07:12:33,13.0434183,80.0632266,0632266,2025-09-04T23:30:06.987939
TN87E6455,353201358042148,62.0,54.45,348.0,03/09/2025 07:12:28,13.0437033,80.0639683,0639683,2025-09-04T23:30:06.988065
TN87E6455,353201358042148,62.0,54.54,347.0,03/09/2025 07:12:23,13.0439266,80.0647533,0647533,2025-09-04T23:30:06.988497
TN87E6455,353201358042148,59.0,54.62,347.0,03/09/2025 07:12:18,13.0441633,80.0655116,0655116,2025-09-04T23:30:06.988646
TN87E6455,353201358042148,57.0,54.7,347.0,03/09/2025 07:12:13,13.04438,80.0662066,0662066,2025-09-04T23:30:06.988815
TN87E6455,353201358042148,53.0,54.77,347.0,03/09/2025 07:12:08,13.0446016,80.0669083,0669083,2025-09-04T23:30:06.988973
TN87E6455,353201358042148,48.0,54.83,347.0,03/09/2025 07:12:03,13.0447583,80.0675466,0675466,2025-09-04T23:30:06.989256
TN87E6455,353201358042148,45.0,54.9,347.0,03/09/2025 07:11:58,13.0449533,80.0681283,0681283,2025-09-04T23:30:06.989456
TN87E6455,353201358042148,40.0,54.95,343.0,03/09/2025 07:11:53,13.045125,80.0686783,0686783,2025-09-04T23:30:06.989680
TN87E6455,353201358042148,37.0,55.0,343.0,03/09/2025 07:11:48,13.0452716,80.0691533,0691533,2025-09-04T23:30:06.989903
TN87E6455,353201358042148,27.0,55.03,343.0,03/09/2025 07:11:43,13.0454166,80.0695566,0695566,2025-09-04T23:30:06.990117
TN87E6455,353201358042148,16.0,55.04,343.0,03/09/2025 07:11:38,13.0454716,80.0698283,0698283,2025-09-04T23:30:06.990289
TN87E6455,353201358042148,6.0,55.05,335.0,03/09/2025 07:11:34,13.0454816,80.0699633,0699633,2025-09-04T23:30:06.990447
TN87E6455,353201358042148,0.0,55.05,335.0,03/09/2025 07:11:29,13.0454816,80.0700366,0700366,2025-09-04T23:30:06.990643
TN87E6455,353201358042148,0.0,55.05,335.0,03/09/2025 07:11:24,13.0454816,80.0700366,0700366,2025-09-04T23:30:06.990825
TN87E6455,353201358042148,5.0,55.06,335.0,03/09/2025 07:11:19,13.0454866,80.0700533,0700533,2025-09-04T23:30:06.990983
TN87E6455,353201358042148,15.0,55.08,335.0,03/09/2025 07:11:15,13.0454983,80.0701733,0701733,2025-09-04T23:30:06.991125
TN87E6455,353201358042148,15.0,55.1,335.0,03/09/2025 07:11:10,13.0455483,80.0703599,0703599,2025-09-04T23:30:06.991306
TN87E6455,353201358042148,12.0,55.13,335.0,03/09/2025 07:11:05,13.0456,80.07055,07055,2025-09-04T23:30:06.991460
TN87E6455,353201358042148,20.0,55.16,335.0,03/09/2025 07:11:00,13.0456566,80.0707383,0707383,2025-09-04T23:30:06.991582
TN87E6455,353201358042148,32.0,55.21,335.0,03/09/2025 07:10:56,13.0457466,80.0709916,0709916,2025-09-04T23:30:06.991687
TN87E6455,353201358042148,43.0,55.26,332.0,03/09/2025 07:10:51,13.045905,80.07144,07144,2025-09-04T23:30:06.991786
TN87E6455,353201358042148,45.0,55.32,332.0,03/09/2025 07:10:47,13.0460033,80.0719166,0719166,2025-09-04T23:30:06.991919
TN87E6455,353201358042148,46.0,55.39,332.0,03/09/2025 07:10:42,13.04601,80.0724733,0724733,2025-09-04T23:30:06.992044
TN87E6455,353201358042148,51.0,55.46,332.0,03/09/2025 07:10:37,13.0461066,80.073105,073105,2025-09-04T23:30:06.992185
TN87E6455,353201358042148,56.0,55.54,332.0,03/09/2025 07:10:32,13.0463966,80.0737066,0737066,2025-09-04T23:30:06.992311
TN87E6455,353201358042148,59.0,55.59,332.0,03/09/2025 07:10:27,13.046705,80.0743966,0743966,2025-09-04T23:30:06.992435
TN87E6455,353201358042148,60.0,55.68,332.0,03/09/2025 07:10:24,13.04686,80.0748349,0748349,2025-09-04T23:30:06.992557
TN87E6455,353201358042148,57.0,55.76,331.0,03/09/2025 07:10:19,13.0469116,80.0756416,0756416,2025-09-04T23:30:06.992664
TN87E6455,353201358042148,53.0,55.83,331.0,03/09/2025 07:10:14,13.0469566,80.0763483,0763483,2025-09-04T23:30:06.992771
TN87E6455,353201358042148,49.0,55.9,331.0,03/09/2025 07:10:09,13.0469633,80.0770166,0770166,2025-09-04T23:30:06.992890
TN87E6455,353201358042148,47.0,55.96,331.0,03/09/2025 07:10:04,13.0469533,80.0776483,0776483,2025-09-04T23:30:06.993024
TN87E6455,353201358042148,43.0,56.02,331.0,03/09/2025 07:09:59,13.0469816,80.0782466,0782466,2025-09-04T23:30:06.993142
TN87E6455,353201358042148,42.0,56.08,330.0,03/09/2025 07:09:54,13.0470033,80.0787966,0787966,2025-09-04T23:30:06.993266
TN87E6455,353201358042148,36.0,56.12,330.0,03/09/2025 07:09:49,13.047035,80.0793133,0793133,2025-09-04T23:30:06.993390
TN87E6455,353201358042148,28.0,56.16,330.0,03/09/2025 07:09:44,13.0470866,80.07973,07973,2025-09-04T23:30:06.993515
TN87E6455,353201358042148,18.0,56.18,330.0,03/09/2025 07:09:39,13.0471383,80.0800283,0800283,2025-09-04T23:30:06.993642
TN87E6455,353201358042148,10.0,56.19,330.0,03/09/2025 07:09:34,13.0471683,80.0802166,0802166,2025-09-04T23:30:06.993764
TN87E6455,353201358042148,0.0,56.19,330.0,03/09/2025 07:09:29,13.0471783,80.0803083,0803083,2025-09-04T23:30:06.993890
TN87E6455,353201358042148,0.0,56.19,330.0,03/09/2025 07:09:24,13.0471783,80.0803083,0803083,2025-09-04T23:30:06.994030
TN87E6455,353201358042148,0.0,56.19,330.0,03/09/2025 07:09:19,13.0471783,80.0803083,0803083,2025-09-04T23:30:06.994203
TN87E6455,353201358042148,0.0,56.19,330.0,03/09/2025 07:09:14,13.0471783,80.0803083,0803083,2025-09-04T23:30:06.994353
TN87E6455,353201358042148,0.0,56.19,330.0,03/09/2025 07:09:09,13.0471783,80.0803083,0803083,2025-09-04T23:30:06.994471
TN87E6455,353201358042148,0.0,56.19,331.0,03/09/2025 07:09:04,13.0471783,80.0803083,0803083,2025-09-04T23:30:06.994597
TN87E6455,353201358042148,0.0,56.19,331.0,03/09/2025 07:08:59,13.0471799,80.0803083,0803083,2025-09-04T23:30:06.994715
TN87E6455,353201358042148,12.0,56.2,331.0,03/09/2025 07:08:54,13.0471866,80.0803883,0803883,2025-09-04T23:30:06.994849
TN87E6455,353201358042148,22.0,56.24,331.0,03/09/2025 07:08:51,13.0472033,80.0805316,0805316,2025-09-04T23:30:06.994987
TN87E6455,353201358042148,20.0,56.27,335.0,03/09/2025 07:08:46,13.0472283,80.0808316,0808316,2025-09-04T23:30:06.995143
TN87E6455,353201358042148,20.0,56.3,335.0,03/09/2025 07:08:41,13.0472883,80.0810999,0810999,2025-09-04T23:30:06.995296
TN87E6455,353201358042148,26.0,56.34,335.0,03/09/2025 07:08:36,13.0473499,80.0813766,0813766,2025-09-04T23:30:06.995460
TN87E6455,353201358042148,23.0,56.36,335.0,03/09/2025 07:08:31,13.0474033,80.0817233,0817233,2025-09-04T23:30:06.995641
TN87E6455,353201358042148,26.0,56.37,335.0,03/09/2025 07:08:27,13.0475066,80.0819816,0819816,2025-09-04T23:30:06.995788
TN87E6455,353201358042148,26.0,56.38,335.0,03/09/2025 07:08:26,13.0475316,80.0820483,0820483,2025-09-04T23:30:06.995949
TN87E6455,353201358042148,27.0,56.4,335.0,03/09/2025 07:08:25,13.0475383,80.082115,082115,2025-09-04T23:30:06.996109
TN87E6455,353201358042148,28.0,56.4,335.0,03/09/2025 07:08:23,13.0475283,80.0822566,0822566,2025-09-04T23:30:06.996256
TN87E6455,353201358042148,29.0,56.42,335.0,03/09/2025 07:08:22,13.04751,80.0823266,0823266,2025-09-04T23:30:06.996422
TN87E6455,353201358042148,30.0,56.44,335.0,03/09/2025 07:08:20,13.0474266,80.0824533,0824533,2025-09-04T23:30:06.996599
TN87E6455,353201358042148,32.0,56.46,335.0,03/09/2025 07:08:18,13.0473116,80.0825483,0825483,2025-09-04T23:30:06.996764
TN87E6455,353201358042148,36.0,56.48,335.0,03/09/2025 07:08:16,13.0471316,80.0826233,0826233,2025-09-04T23:30:06.996882
TN87E6455,353201358042148,37.0,56.5,335.0,03/09/2025 07:08:14,13.0469283,80.0827049,0827049,2025-09-04T23:30:06.997007
TN87E6455,353201358042148,37.0,56.52,335.0,03/09/2025 07:08:12,13.0467766,80.0828233,0828233,2025-09-04T23:30:06.997178
TN87E6455,353201358042148,37.0,56.53,335.0,03/09/2025 07:08:11,13.04672,80.0829249,0829249,2025-09-04T23:30:06.997300
TN87E6455,353201358042148,36.0,56.55,335.0,03/09/2025 07:08:10,13.0466916,80.0830116,0830116,2025-09-04T23:30:06.997426
TN87E6455,353201358042148,38.0,56.6,335.0,03/09/2025 07:08:08,13.0466549,80.0832049,0832049,2025-09-04T23:30:06.997556
TN87E6455,353201358042148,34.0,56.63,335.0,03/09/2025 07:08:03,13.0466516,80.083685,083685,2025-09-04T23:30:06.997689
TN87E6455,353201358042148,32.0,56.66,335.0,03/09/2025 07:08:00,13.04662,80.0839449,0839449,2025-09-04T23:30:06.997813
TN87E6455,353201358042148,22.0,56.68,335.0,03/09/2025 07:07:55,13.04648,80.0842549,0842549,2025-09-04T23:30:06.997942
TN87E6455,353201358042148,16.0,56.69,336.0,03/09/2025 07:07:52,13.0463966,80.0843733,0843733,2025-09-04T23:30:06.998061
TN87E6455,353201358042148,11.0,56.7,336.0,03/09/2025 07:07:50,13.046345,80.0844166,0844166,2025-09-04T23:30:06.998187
TN87E6455,353201358042148,0.0,56.7,336.0,03/09/2025 07:07:46,13.0462833,80.0844533,0844533,2025-09-04T23:30:06.998302
TN87E6455,353201358042148,0.0,56.7,336.0,03/09/2025 07:07:41,13.0462833,80.0844533,0844533,2025-09-04T23:30:06.998426
TN87E6455,353201358042148,9.0,56.7,336.0,03/09/2025 07:07:36,13.0462833,80.0844583,0844583,2025-09-04T23:30:06.998540
TN87E6455,353201358042148,19.0,56.71,336.0,03/09/2025 07:07:34,13.04624,80.0844966,0844966,2025-09-04T23:30:06.998663
TN87E6455,353201358042148,29.0,56.76,336.0,03/09/2025 07:07:32,13.0461433,80.0845466,0845466,2025-09-04T23:30:06.998788
TN87E6455,353201358042148,36.0,56.82,336.0,03/09/2025 07:07:27,13.045715,80.08471,08471,2025-09-04T23:30:06.998910
TN87E6455,353201358042148,30.0,56.85,337.0,03/09/2025 07:07:22,13.0452816,80.0848583,0848583,2025-09-04T23:30:06.999033
TN87E6455,353201358042148,24.0,56.88,337.0,03/09/2025 07:07:17,13.0449649,80.0849916,0849916,2025-09-04T23:30:06.999175
TN87E6455,353201358042148,25.0,56.92,337.0,03/09/2025 07:07:12,13.044705,80.0850733,0850733,2025-09-04T23:30:06.999313
TN87E6455,353201358042148,25.0,56.96,337.0,03/09/2025 07:07:07,13.0443966,80.085195,085195,2025-09-04T23:30:06.999452
TN87E6455,353201358042148,24.0,56.99,337.0,03/09/2025 07:07:02,13.0440933,80.0853049,0853049,2025-09-04T23:30:06.999593
TN87E6455,353201358042148,17.0,57.01,337.0,03/09/2025 07:06:57,13.0438416,80.0853983,0853983,2025-09-04T23:30:06.999717
TN87E6455,353201358042148,18.0,57.03,338.0,03/09/2025 07:06:52,13.0436533,80.0854483,0854483,2025-09-04T23:30:06.999849
TN87E6455,353201358042148,29.0,57.08,338.0,03/09/2025 07:06:49,13.0434849,80.0855183,0855183,2025-09-04T23:30:06.999956
TN87E6455,353201358042148,40.0,57.14,338.0,03/09/2025 07:06:44,13.0430583,80.0856716,0856716,2025-09-04T23:30:07.000080
TN87E6455,353201358042148,41.0,57.2,338.0,03/09/2025 07:06:39,13.0425633,80.0858116,0858116,2025-09-04T23:30:07.000213
TN87E6455,353201358042148,50.0,57.28,338.0,03/09/2025 07:06:34,13.0420133,80.0859533,0859533,2025-09-04T23:30:07.000333
TN87E6455,353201358042148,58.0,57.36,338.0,03/09/2025 07:06:29,13.0413516,80.0861616,0861616,2025-09-04T23:30:07.000461
TN87E6455,353201358042148,63.0,57.45,338.0,03/09/2025 07:06:24,13.04062,80.0863716,0863716,2025-09-04T23:30:07.000633
TN87E6455,353201358042148,68.0,57.54,338.0,03/09/2025 07:06:19,13.039855,80.0865899,0865899,2025-09-04T23:30:07.000787
TN87E6455,353201358042148,72.0,57.64,338.0,03/09/2025 07:06:14,13.03904,80.08685,08685,2025-09-04T23:30:07.000960
TN87E6455,353201358042148,73.0,57.74,338.0,03/09/2025 07:06:09,13.0381833,80.0871383,0871383,2025-09-04T23:30:07.001120
TN87E6455,353201358042148,70.0,57.84,338.0,03/09/2025 07:06:04,13.0373099,80.0874133,0874133,2025-09-04T23:30:07.001285
TN87E6455,353201358042148,69.0,57.94,338.0,03/09/2025 07:05:59,13.0364833,80.08774,08774,2025-09-04T23:30:07.001405
TN87E6455,353201358042148,66.0,58.03,338.0,03/09/2025 07:05:54,13.0356766,80.0880233,0880233,2025-09-04T23:30:07.001514
TN87E6455,353201358042148,66.0,58.13,338.0,03/09/2025 07:05:49,13.0348616,80.0883266,0883266,2025-09-04T23:30:07.001670
TN87E6455,353201358042148,66.0,58.22,338.0,03/09/2025 07:05:44,13.0340733,80.0886216,0886216,2025-09-04T23:30:07.001804
TN87E6455,353201358042148,67.0,58.32,338.0,03/09/2025 07:05:39,13.0332483,80.088915,088915,2025-09-04T23:30:07.001923
TN87E6455,353201358042148,67.0,58.41,338.0,03/09/2025 07:05:34,13.03247,80.0891916,0891916,2025-09-04T23:30:07.002091
TN87E6455,353201358042148,67.0,58.5,338.0,03/09/2025 07:05:29,13.0316666,80.0894783,0894783,2025-09-04T23:30:07.002442
TN87E6455,353201358042148,66.0,58.6,338.0,03/09/2025 07:05:24,13.0308633,80.0897699,0897699,2025-09-04T23:30:07.002613
TN87E6455,353201358042148,67.0,58.69,338.0,03/09/2025 07:05:19,13.0300683,80.0900316,0900316,2025-09-04T23:30:07.002788
TN87E6455,353201358042148,65.0,58.78,338.0,03/09/2025 07:05:14,13.0292716,80.0903183,0903183,2025-09-04T23:30:07.003006
TN87E6455,353201358042148,64.0,58.87,338.0,03/09/2025 07:05:09,13.0285166,80.0906416,0906416,2025-09-04T23:30:07.003216
TN87E6455,353201358042148,65.0,58.96,338.0,03/09/2025 07:05:04,13.0277516,80.09093,09093,2025-09-04T23:30:07.003463
TN87E6455,353201358042148,64.0,59.05,338.0,03/09/2025 07:04:59,13.0269999,80.0912133,0912133,2025-09-04T23:30:07.003653
TN87E6455,353201358042148,64.0,59.14,338.0,03/09/2025 07:04:54,13.0262483,80.091505,091505,2025-09-04T23:30:07.003835
TN87E6455,353201358042148,66.0,59.24,338.0,03/09/2025 07:04:49,13.0254833,80.0918033,0918033,2025-09-04T23:30:07.003988
TN87E6455,353201358042148,65.0,59.33,338.0,03/09/2025 07:04:44,13.0246866,80.0921033,0921033,2025-09-04T23:30:07.004165
TN87E6455,353201358042148,63.0,59.42,338.0,03/09/2025 07:04:39,13.0238933,80.0923816,0923816,2025-09-04T23:30:07.004326
TN87E6455,353201358042148,66.0,59.51,338.0,03/09/2025 07:04:34,13.02314,80.09268,09268,2025-09-04T23:30:07.004474
TN87E6455,353201358042148,68.0,59.61,338.0,03/09/2025 07:04:29,13.0223666,80.0929866,0929866,2025-09-04T23:30:07.004619
TN87E6455,353201358042148,68.0,59.7,338.0,03/09/2025 07:04:24,13.0215499,80.0933066,0933066,2025-09-04T23:30:07.004748
TN87E6455,353201358042148,69.0,59.8,338.0,03/09/2025 07:04:19,13.0207466,80.0936249,0936249,2025-09-04T23:30:07.004899
TN87E6455,353201358042148,69.0,60.0,338.0,03/09/2025 07:04:14,13.0199233,80.0939283,0939283,2025-09-04T23:30:07.005073
TN87E6455,353201358042148,70.0,60.17,338.0,03/09/2025 07:04:09,13.0190933,80.0942183,0942183,2025-09-04T23:30:07.005305
TN87E6455,353201358042148,68.0,60.27,338.0,03/09/2025 07:04:04,13.0182533,80.0944883,0944883,2025-09-04T23:30:07.005471
TN87E6455,353201358042148,67.0,60.35,338.0,03/09/2025 07:04:00,13.01757,80.094655,094655,2025-09-04T23:30:07.005632
TN87E6455,353201358042148,66.0,60.41,339.0,03/09/2025 07:03:56,13.0168666,80.09469,09469,2025-09-04T23:30:07.005810
TN87E6455,353201358042148,66.0,60.5,339.0,03/09/2025 07:03:53,13.0163633,80.0945633,0945633,2025-09-04T23:30:07.005952
TN87E6455,353201358042148,67.0,60.6,339.0,03/09/2025 07:03:48,13.0155966,80.0942816,0942816,2025-09-04T23:30:07.006101
TN87E6455,353201358042148,71.0,60.69,339.0,03/09/2025 07:03:43,13.0147533,80.0939666,0939666,2025-09-04T23:30:07.006268
TN87E6455,353201358042148,70.0,60.79,339.0,03/09/2025 07:03:38,13.0139399,80.0936533,0936533,2025-09-04T23:30:07.006389
TN87E6455,353201358042148,67.0,60.88,339.0,03/09/2025 07:03:33,13.0131333,80.0933283,0933283,2025-09-04T23:30:07.006543
TN87E6455,353201358042148,67.0,60.98,339.0,03/09/2025 07:03:28,13.0123483,80.0930216,0930216,2025-09-04T23:30:07.006690
TN87E6455,353201358042148,68.0,61.08,339.0,03/09/2025 07:03:23,13.0115483,80.092635,092635,2025-09-04T23:30:07.006835
TN87E6455,353201358042148,68.0,61.18,339.0,03/09/2025 07:03:18,13.0107616,80.0923316,0923316,2025-09-04T23:30:07.006990
TN87E6455,353201358042148,70.0,61.58,339.0,03/09/2025 07:03:13,13.0099066,80.0920416,0920416,2025-09-04T23:30:07.007130
TN87E6455,353201358042148,73.0,61.97,339.0,03/09/2025 07:03:08,13.0090783,80.0917316,0917316,2025-09-04T23:30:07.007265
TN87E6455,353201358042148,72.0,62.07,339.0,03/09/2025 07:03:03,13.0082416,80.0913633,0913633,2025-09-04T23:30:07.007382
TN87E6455,353201358042148,71.0,62.18,339.0,03/09/2025 07:02:58,13.0073816,80.09107,09107,2025-09-04T23:30:07.007505
TN87E6455,353201358042148,69.0,62.28,339.0,03/09/2025 07:02:53,13.0065216,80.09076,09076,2025-09-04T23:30:07.007634
TN87E6455,353201358042148,68.0,62.37,341.0,03/09/2025 07:02:48,13.0057266,80.0904433,0904433,2025-09-04T23:30:07.007838
TN87E6455,353201358042148,69.0,62.47,341.0,03/09/2025 07:02:43,13.0049016,80.0901449,0901449,2025-09-04T23:30:07.008013
TN87E6455,353201358042148,70.0,62.58,341.0,03/09/2025 07:02:38,13.0040816,80.0898166,0898166,2025-09-04T23:30:07.008172
TN87E6455,353201358042148,70.0,62.67,341.0,03/09/2025 07:02:33,13.0032233,80.0894466,0894466,2025-09-04T23:30:07.008300
TN87E6455,353201358042148,68.0,62.77,341.0,03/09/2025 07:02:28,13.00239,80.089185,089185,2025-09-04T23:30:07.008409
TN87E6455,353201358042148,68.0,62.86,341.0,03/09/2025 07:02:23,13.0015999,80.0888716,0888716,2025-09-04T23:30:07.008515
TN87E6455,353201358042148,63.0,62.95,343.0,03/09/2025 07:02:18,13.0008049,80.0885533,0885533,2025-09-04T23:30:07.008639
TN87E6455,353201358042148,62.0,63.04,343.0,03/09/2025 07:02:13,13.0000733,80.088255,088255,2025-09-04T23:30:07.008796
TN87E6455,353201358042148,61.0,63.22,343.0,03/09/2025 07:02:08,12.9993116,80.0879783,0879783,2025-09-04T23:30:07.008931
TN87E6455,353201358042148,66.0,63.41,343.0,03/09/2025 07:02:03,12.99855,80.087655,087655,2025-09-04T23:30:07.009077
TN87E6455,353201358042148,70.0,63.51,343.0,03/09/2025 07:01:58,12.9977316,80.0874366,0874366,2025-09-04T23:30:07.009233
TN87E6455,353201358042148,68.0,63.69,343.0,03/09/2025 07:01:53,12.9968833,80.0873083,0873083,2025-09-04T23:30:07.009376
TN87E6455,353201358042148,68.0,63.88,345.0,03/09/2025 07:01:48,12.9960333,80.0872749,0872749,2025-09-04T23:30:07.009518
TN87E6455,353201358042148,66.0,63.97,345.0,03/09/2025 07:01:43,12.9952116,80.0873716,0873716,2025-09-04T23:30:07.009653
TN87E6455,353201358042148,66.0,64.06,345.0,03/09/2025 07:01:38,12.9944,80.0875483,0875483,2025-09-04T23:30:07.009797
TN87E6455,353201358042148,64.0,64.15,345.0,03/09/2025 07:01:33,12.9935866,80.0877866,0877866,2025-09-04T23:30:07.009933
TN87E6455,353201358042148,65.0,64.24,345.0,03/09/2025 07:01:28,12.9928516,80.0880683,0880683,2025-09-04T23:30:07.010073
TN87E6455,353201358042148,68.0,64.34,345.0,03/09/2025 07:01:23,12.9920883,80.088395,088395,2025-09-04T23:30:07.010213
TN87E6455,353201358042148,70.0,64.43,345.0,03/09/2025 07:01:18,12.991285,80.08869,08869,2025-09-04T23:30:07.010359
TN87E6455,353201358042148,70.0,64.53,345.0,03/09/2025 07:01:13,12.9904333,80.0889133,0889133,2025-09-04T23:30:07.010505
TN87E6455,353201358042148,68.0,64.63,345.0,03/09/2025 07:01:08,12.989545,80.0890583,0890583,2025-09-04T23:30:07.010638
TN87E6455,353201358042148,68.0,64.73,345.0,03/09/2025 07:01:03,12.9886683,80.0890666,0890666,2025-09-04T23:30:07.010769
TN87E6455,353201358042148,68.0,64.82,345.0,03/09/2025 07:00:58,12.9878116,80.08914,08914,2025-09-04T23:30:07.010939
TN87E6455,353201358042148,66.0,64.92,344.0,03/09/2025 07:00:53,12.98694,80.0891933,0891933,2025-09-04T23:30:07.011113
TN87E6455,353201358042148,71.0,65.02,344.0,03/09/2025 07:00:48,12.9860816,80.0892516,0892516,2025-09-04T23:30:07.011269
TN87E6455,353201358042148,71.0,65.12,344.0,03/09/2025 07:00:43,12.98519,80.0892933,0892933,2025-09-04T23:30:07.011421
TN87E6455,353201358042148,71.0,65.22,344.0,03/09/2025 07:00:38,12.98433,80.0893716,0893716,2025-09-04T23:30:07.011527
TN87E6455,353201358042148,70.0,65.32,344.0,03/09/2025 07:00:33,12.9834149,80.0894116,0894116,2025-09-04T23:30:07.011691
TN87E6455,353201358042148,68.0,65.41,344.0,03/09/2025 07:00:28,12.9825266,80.0894733,0894733,2025-09-04T23:30:07.011811
TN87E6455,353201358042148,70.0,65.51,343.0,03/09/2025 07:00:23,12.9816616,80.0895416,0895416,2025-09-04T23:30:07.011961
TN87E6455,353201358042148,71.0,65.61,343.0,03/09/2025 07:00:18,12.9807816,80.08958,08958,2025-09-04T23:30:07.012070
TN87E6455,353201358042148,72.0,65.71,343.0,03/09/2025 07:00:13,12.9798733,80.0895949,0895949,2025-09-04T23:30:07.012190
TN87E6455,353201358042148,72.0,65.81,343.0,03/09/2025 07:00:08,12.9789599,80.08962,08962,2025-09-04T23:30:07.012341
TN87E6455,353201358042148,69.0,65.91,343.0,03/09/2025 07:00:03,12.97808,80.0896233,0896233,2025-09-04T23:30:07.012480
TN87E6455,353201358042148,71.0,66.01,343.0,03/09/2025 06:59:58,12.9771783,80.0896366,0896366,2025-09-04T23:30:07.012600
TN87E6455,353201358042148,71.0,66.11,343.0,03/09/2025 06:59:53,12.9762683,80.0896766,0896766,2025-09-04T23:30:07.012705
TN87E6455,353201358042148,71.0,66.2,343.0,03/09/2025 06:59:48,12.9753716,80.0897016,0897016,2025-09-04T23:30:07.012827
TN87E6455,353201358042148,69.0,66.3,343.0,03/09/2025 06:59:43,12.9745316,80.0896883,0896883,2025-09-04T23:30:07.012964
TN87E6455,353201358042148,69.0,66.4,343.0,03/09/2025 06:59:38,12.9736883,80.0897383,0897383,2025-09-04T23:30:07.013064
TN87E6455,353201358042148,69.0,66.5,343.0,03/09/2025 06:59:33,12.9727783,80.0897566,0897566,2025-09-04T23:30:07.013231
TN87E6455,353201358042148,70.0,66.6,343.0,03/09/2025 06:59:28,12.971885,80.08976,08976,2025-09-04T23:30:07.013357
TN87E6455,353201358042148,70.0,66.69,343.0,03/09/2025 06:59:23,12.9710083,80.0897833,0897833,2025-09-04T23:30:07.013480
TN87E6455,353201358042148,70.0,66.79,343.0,03/09/2025 06:59:18,12.9701333,80.0898166,0898166,2025-09-04T23:30:07.013596
TN87E6455,353201358042148,71.0,66.89,343.0,03/09/2025 06:59:13,12.9692549,80.0898316,0898316,2025-09-04T23:30:07.013719
TN87E6455,353201358042148,68.0,66.98,343.0,03/09/2025 06:59:08,12.9683649,80.0898466,0898466,2025-09-04T23:30:07.013842
TN87E6455,353201358042148,66.0,67.08,343.0,03/09/2025 06:59:03,12.9675233,80.0898766,0898766,2025-09-04T23:30:07.013988
TN87E6455,353201358042148,63.0,67.16,343.0,03/09/2025 06:58:58,12.9667016,80.0899199,0899199,2025-09-04T23:30:07.014173
TN87E6455,353201358042148,63.0,67.25,343.0,03/09/2025 06:58:53,12.9659,80.0899399,0899399,2025-09-04T23:30:07.014307
TN87E6455,353201358042148,63.0,67.34,345.0,03/09/2025 06:58:48,12.96514,80.0900033,0900033,2025-09-04T23:30:07.014434
TN87E6455,353201358042148,67.0,67.44,345.0,03/09/2025 06:58:43,12.9642983,80.0900216,0900216,2025-09-04T23:30:07.014564
TN87E6455,353201358042148,69.0,67.53,345.0,03/09/2025 06:58:38,12.9634433,80.0900499,0900499,2025-09-04T23:30:07.014689
TN87E6455,353201358042148,68.0,67.63,345.0,03/09/2025 06:58:33,12.9625766,80.0900566,0900566,2025-09-04T23:30:07.014811
TN87E6455,353201358042148,68.0,67.72,345.0,03/09/2025 06:58:28,12.961715,80.0900816,0900816,2025-09-04T23:30:07.014910
TN87E6455,353201358042148,67.0,67.82,348.0,03/09/2025 06:58:23,12.9608783,80.0901316,0901316,2025-09-04T23:30:07.015003
TN87E6455,353201358042148,67.0,67.91,348.0,03/09/2025 06:58:18,12.9600099,80.0901833,0901833,2025-09-04T23:30:07.015187
TN87E6455,353201358042148,67.0,68.01,348.0,03/09/2025 06:58:13,12.9591799,80.0902016,0902016,2025-09-04T23:30:07.015391
TN87E6455,353201358042148,66.0,68.1,348.0,03/09/2025 06:58:08,12.9583216,80.0901416,0901416,2025-09-04T23:30:07.015583
TN87E6455,353201358042148,65.0,68.19,348.0,03/09/2025 06:58:03,12.95749,80.09,09,2025-09-04T23:30:07.015764
TN87E6455,353201358042148,64.0,68.28,348.0,03/09/2025 06:57:58,12.9567366,80.0897566,0897566,2025-09-04T23:30:07.015950
TN87E6455,353201358042148,63.0,68.37,348.0,03/09/2025 06:57:53,12.9559633,80.0894966,0894966,2025-09-04T23:30:07.016132
TN87E6455,353201358042148,65.0,68.46,348.0,03/09/2025 06:57:48,12.9552033,80.0892233,0892233,2025-09-04T23:30:07.016326
TN87E6455,353201358042148,63.0,68.55,348.0,03/09/2025 06:57:43,12.9544533,80.0889216,0889216,2025-09-04T23:30:07.016530
TN87E6455,353201358042148,69.0,68.65,348.0,03/09/2025 06:57:38,12.9536766,80.0886249,0886249,2025-09-04T23:30:07.016716
TN87E6455,353201358042148,70.0,68.75,348.0,03/09/2025 06:57:33,12.9528533,80.0883633,0883633,2025-09-04T23:30:07.016872
TN87E6455,353201358042148,70.0,68.85,348.0,03/09/2025 06:57:28,12.9520033,80.0880449,0880449,2025-09-04T23:30:07.017048
TN87E6455,353201358042148,72.0,68.95,347.0,03/09/2025 06:57:23,12.9511583,80.0876966,0876966,2025-09-04T23:30:07.017205
TN87E6455,353201358042148,71.0,69.04,347.0,03/09/2025 06:57:18,12.9503383,80.0873366,0873366,2025-09-04T23:30:07.017345
TN87E6455,353201358042148,68.0,69.14,347.0,03/09/2025 06:57:13,12.9495166,80.0870633,0870633,2025-09-04T23:30:07.017456
TN87E6455,353201358042148,66.0,69.23,347.0,03/09/2025 06:57:08,12.94871,80.08679,08679,2025-09-04T23:30:07.017584
TN87E6455,353201358042148,64.0,69.32,347.0,03/09/2025 06:57:03,12.947935,80.0865016,0865016,2025-09-04T23:30:07.017717
TN87E6455,353201358042148,62.0,69.41,347.0,03/09/2025 06:56:58,12.9471683,80.08619,08619,2025-09-04T23:30:07.017843
TN87E6455,353201358042148,60.0,69.49,347.0,03/09/2025 06:56:53,12.946445,80.0859133,0859133,2025-09-04T23:30:07.017995
TN87E6455,353201358042148,65.0,69.58,345.0,03/09/2025 06:56:48,12.9457316,80.08565,08565,2025-09-04T23:30:07.018135
TN87E6455,353201358042148,68.0,69.68,345.0,03/09/2025 06:56:43,12.9449583,80.08534,08534,2025-09-04T23:30:07.018277
TN87E6455,353201358042148,69.0,69.78,345.0,03/09/2025 06:56:38,12.9441483,80.0850266,0850266,2025-09-04T23:30:07.018413
TN87E6455,353201358042148,69.0,70.24,345.0,03/09/2025 06:56:33,12.9433266,80.0847316,0847316,2025-09-04T23:30:07.018542
TN87E6455,353201358042148,68.0,70.7,345.0,03/09/2025 06:56:28,12.9424783,80.0844033,0844033,2025-09-04T23:30:07.018684
TN87E6455,353201358042148,67.0,70.79,343.0,03/09/2025 06:56:23,12.941685,80.0841049,0841049,2025-09-04T23:30:07.018807
TN87E6455,353201358042148,66.0,70.89,343.0,03/09/2025 06:56:18,12.9408866,80.083815,083815,2025-09-04T23:30:07.018934
TN87E6455,353201358042148,63.0,70.98,343.0,03/09/2025 06:56:13,12.9401033,80.0835,0835,2025-09-04T23:30:07.019054
TN87E6455,353201358042148,61.0,71.06,343.0,03/09/2025 06:56:08,12.9393733,80.0832416,0832416,2025-09-04T23:30:07.019188
TN87E6455,353201358042148,62.0,71.33,343.0,03/09/2025 06:56:03,12.938655,80.0829466,0829466,2025-09-04T23:30:07.019332
TN87E6455,353201358042148,62.0,71.58,343.0,03/09/2025 06:55:58,12.9379183,80.0826633,0826633,2025-09-04T23:30:07.019464
TN87E6455,353201358042148,61.0,71.67,343.0,03/09/2025 06:55:53,12.9371566,80.0824416,0824416,2025-09-04T23:30:07.019584
TN87E6455,353201358042148,60.0,71.76,343.0,03/09/2025 06:55:48,12.9364199,80.0821699,0821699,2025-09-04T23:30:07.019731
TN87E6455,353201358042148,57.0,71.84,343.0,03/09/2025 06:55:43,12.9357433,80.0818933,0818933,2025-09-04T23:30:07.019872
TN87E6455,353201358042148,53.0,71.91,343.0,03/09/2025 06:55:38,12.9350833,80.081645,081645,2025-09-04T23:30:07.019989
TN87E6455,353201358042148,49.0,71.98,343.0,03/09/2025 06:55:33,12.9344783,80.0814083,0814083,2025-09-04T23:30:07.020110
TN87E6455,353201358042148,46.0,72.04,343.0,03/09/2025 06:55:28,12.9338766,80.0812016,0812016,2025-09-04T23:30:07.020235
TN87E6455,353201358042148,47.0,72.12,343.0,03/09/2025 06:55:23,12.9333433,80.0809933,0809933,2025-09-04T23:30:07.020364
TN87E6455,353201358042148,55.0,72.19,344.0,03/09/2025 06:55:18,12.93271,80.0807866,0807866,2025-09-04T23:30:07.020463
TN87E6455,353201358042148,50.0,72.26,344.0,03/09/2025 06:55:13,12.9320516,80.0805416,0805416,2025-09-04T23:30:07.020614
TN87E6455,353201358042148,47.0,72.33,344.0,03/09/2025 06:55:08,12.931465,80.0802916,0802916,2025-09-04T23:30:07.020769
TN87E6455,353201358042148,39.0,72.36,344.0,03/09/2025 06:55:03,12.9309433,80.0801233,0801233,2025-09-04T23:30:07.020936
TN87E6455,353201358042148,29.0,72.39,344.0,03/09/2025 06:55:00,12.9306733,80.0800283,0800283,2025-09-04T23:30:07.021105
TN87E6455,353201358042148,19.0,72.41,344.0,03/09/2025 06:54:56,12.9304249,80.0799716,0799716,2025-09-04T23:30:07.021412
TN87E6455,353201358042148,8.0,72.41,346.0,03/09/2025 06:54:52,12.9302449,80.0799333,0799333,2025-09-04T23:30:07.021575
TN87E6455,353201358042148,0.0,72.41,346.0,03/09/2025 06:54:50,12.9302033,80.07994,07994,2025-09-04T23:30:07.021741
TN87E6455,353201358042148,4.0,72.42,346.0,03/09/2025 06:54:45,12.9301783,80.07991,07991,2025-09-04T23:30:07.021878
TN87E6455,353201358042148,13.0,72.44,346.0,03/09/2025 06:54:40,12.9301266,80.0798583,0798583,2025-09-04T23:30:07.022010
TN87E6455,353201358042148,25.0,72.48,346.0,03/09/2025 06:54:36,12.9299616,80.0797799,0797799,2025-09-04T23:30:07.022165
TN87E6455,353201358042148,23.0,72.51,346.0,03/09/2025 06:54:31,12.9296366,80.07969,07969,2025-09-04T23:30:07.022295
TN87E6455,353201358042148,19.0,72.53,346.0,03/09/2025 06:54:26,12.9293783,80.0796033,0796033,2025-09-04T23:30:07.022412
TN87E6455,353201358042148,13.0,72.54,345.0,03/09/2025 06:54:21,12.9291983,80.0795233,0795233,2025-09-04T23:30:07.022526
TN87E6455,353201358042148,26.0,72.56,345.0,03/09/2025 06:54:19,12.9291116,80.07947,07947,2025-09-04T23:30:07.022652
TN87E6455,353201358042148,41.0,72.59,345.0,03/09/2025 06:54:16,12.9289233,80.0793683,0793683,2025-09-04T23:30:07.022777
TN87E6455,353201358042148,51.0,72.64,345.0,03/09/2025 06:54:14,12.9287049,80.07928,07928,2025-09-04T23:30:07.022894
TN87E6455,353201358042148,61.0,72.73,345.0,03/09/2025 06:54:11,12.9282916,80.079155,079155,2025-09-04T23:30:07.023032
TN87E6455,353201358042148,69.0,72.83,345.0,03/09/2025 06:54:06,12.9275233,80.07884,07884,2025-09-04T23:30:07.023138
TN87E6455,353201358042148,69.0,72.93,345.0,03/09/2025 06:54:01,12.9266816,80.078545,078545,2025-09-04T23:30:07.023304
TN87E6455,353201358042148,69.0,73.03,345.0,03/09/2025 06:53:56,12.9258466,80.0782466,0782466,2025-09-04T23:30:07.023475
TN87E6455,353201358042148,70.0,73.13,341.0,03/09/2025 06:53:51,12.9249933,80.0779483,0779483,2025-09-04T23:30:07.023629
TN87E6455,353201358042148,75.0,73.33,341.0,03/09/2025 06:53:46,12.9241516,80.0776416,0776416,2025-09-04T23:30:07.023775
TN87E6455,353201358042148,75.0,73.54,341.0,03/09/2025 06:53:41,12.92329,80.0773233,0773233,2025-09-04T23:30:07.023909
TN87E6455,353201358042148,74.0,73.64,341.0,03/09/2025 06:53:36,12.9224083,80.077045,077045,2025-09-04T23:30:07.024097
TN87E6455,353201358042148,73.0,73.74,341.0,03/09/2025 06:53:31,12.921515,80.0767766,0767766,2025-09-04T23:30:07.024271
TN87E6455,353201358042148,75.0,73.85,335.0,03/09/2025 06:53:26,12.9206099,80.07653,07653,2025-09-04T23:30:07.024413
TN87E6455,353201358042148,75.0,73.96,335.0,03/09/2025 06:53:21,12.9196966,80.0762783,0762783,2025-09-04T23:30:07.024534
TN87E6455,353201358042148,75.0,74.06,335.0,03/09/2025 06:53:16,12.91875,80.076025,076025,2025-09-04T23:30:07.024668
TN87E6455,353201358042148,75.0,74.17,335.0,03/09/2025 06:53:11,12.9178516,80.075775,075775,2025-09-04T23:30:07.024798
TN87E6455,353201358042148,74.0,74.27,335.0,03/09/2025 06:53:06,12.9169116,80.0754966,0754966,2025-09-04T23:30:07.024927
TN87E6455,353201358042148,73.0,74.37,335.0,03/09/2025 06:53:01,12.916045,80.0751883,0751883,2025-09-04T23:30:07.025063
TN87E6455,353201358042148,73.0,74.47,335.0,03/09/2025 06:52:56,12.9151866,80.0748766,0748766,2025-09-04T23:30:07.025198
TN87E6455,353201358042148,73.0,74.58,333.0,03/09/2025 06:52:51,12.9143033,80.0745966,0745966,2025-09-04T23:30:07.025331
TN87E6455,353201358042148,74.0,74.68,333.0,03/09/2025 06:52:46,12.9134266,80.074315,074315,2025-09-04T23:30:07.025488
TN87E6455,353201358042148,75.0,74.79,333.0,03/09/2025 06:52:41,12.9125233,80.0740133,0740133,2025-09-04T23:30:07.025599
TN87E6455,353201358042148,73.0,74.89,333.0,03/09/2025 06:52:36,12.9116433,80.0737183,0737183,2025-09-04T23:30:07.025812
TN87E6455,353201358042148,72.0,74.99,333.0,03/09/2025 06:52:31,12.9107583,80.0734316,0734316,2025-09-04T23:30:07.026083
TN87E6455,353201358042148,73.0,75.09,333.0,03/09/2025 06:52:26,12.9098949,80.0731833,0731833,2025-09-04T23:30:07.026239
TN87E6455,353201358042148,73.0,75.19,337.0,03/09/2025 06:52:21,12.9090166,80.0728783,0728783,2025-09-04T23:30:07.026377
TN87E6455,353201358042148,75.0,75.3,337.0,03/09/2025 06:52:16,12.9081366,80.0725966,0725966,2025-09-04T23:30:07.026518
TN87E6455,353201358042148,75.0,75.41,337.0,03/09/2025 06:52:11,12.9072149,80.0723066,0723066,2025-09-04T23:30:07.026658
TN87E6455,353201358042148,74.0,75.52,337.0,03/09/2025 06:52:06,12.9062733,80.0720133,0720133,2025-09-04T23:30:07.026777
TN87E6455,353201358042148,72.0,75.62,337.0,03/09/2025 06:52:01,12.905375,80.07171,07171,2025-09-04T23:30:07.026925
TN87E6455,353201358042148,70.0,75.71,337.0,03/09/2025 06:51:56,12.9045066,80.0714483,0714483,2025-09-04T23:30:07.027057
TN87E6455,353201358042148,68.0,75.8,343.0,03/09/2025 06:51:51,12.9036733,80.07124,07124,2025-09-04T23:30:07.027180
TN87E6455,353201358042148,67.0,75.9,343.0,03/09/2025 06:51:46,12.9028633,80.0710099,0710099,2025-09-04T23:30:07.027309
TN87E6455,353201358042148,68.0,76.0,343.0,03/09/2025 06:51:41,12.9019933,80.0708399,0708399,2025-09-04T23:30:07.027430
TN87E6455,353201358042148,66.0,76.09,343.0,03/09/2025 06:51:36,12.901155,80.0706516,0706516,2025-09-04T23:30:07.027559
TN87E6455,353201358042148,59.0,76.17,343.0,03/09/2025 06:51:31,12.900345,80.0705283,0705283,2025-09-04T23:30:07.027677
TN87E6455,353201358042148,52.0,76.24,343.0,03/09/2025 06:51:26,12.8996233,80.0704049,0704049,2025-09-04T23:30:07.027809
TN87E6455,353201358042148,46.0,76.3,347.0,03/09/2025 06:51:21,12.8990233,80.0702966,0702966,2025-09-04T23:30:07.027945
TN87E6455,353201358042148,44.0,76.36,347.0,03/09/2025 06:51:16,12.8984766,80.070305,070305,2025-09-04T23:30:07.028070
TN87E6455,353201358042148,40.0,76.41,347.0,03/09/2025 06:51:11,12.8979566,80.0702933,0702933,2025-09-04T23:30:07.028168
TN87E6455,353201358042148,35.0,76.46,347.0,03/09/2025 06:51:06,12.8974433,80.07032,07032,2025-09-04T23:30:07.028261
TN87E6455,353201358042148,32.0,76.5,347.0,03/09/2025 06:51:01,12.8970166,80.0703216,0703216,2025-09-04T23:30:07.028407
TN87E6455,353201358042148,25.0,76.53,347.0,03/09/2025 06:50:56,12.8966533,80.0703183,0703183,2025-09-04T23:30:07.028602
TN87E6455,353201358042148,17.0,76.55,348.0,03/09/2025 06:50:51,12.8963833,80.07032,07032,2025-09-04T23:30:07.028765
TN87E6455,353201358042148,9.0,76.56,348.0,03/09/2025 06:50:46,12.896205,80.07031,07031,2025-09-04T23:30:07.028923
TN87E6455,353201358042148,0.0,76.56,348.0,03/09/2025 06:50:41,12.8961333,80.0703116,0703116,2025-09-04T23:30:07.029108
TN87E6455,353201358042148,0.0,76.56,347.0,03/09/2025 06:50:36,12.8961333,80.0703116,0703116,2025-09-04T23:30:07.029318
TN87E6455,353201358042148,0.0,76.56,347.0,03/09/2025 06:50:31,12.8961333,80.0703116,0703116,2025-09-04T23:30:07.029538
TN87E6455,353201358042148,0.0,76.56,347.0,03/09/2025 06:50:26,12.8961333,80.0703116,0703116,2025-09-04T23:30:07.029731
TN87E6455,353201358042148,0.0,76.56,347.0,03/09/2025 06:50:21,12.8961333,80.0703116,0703116,2025-09-04T23:30:07.029941
TN87E6455,353201358042148,0.0,76.56,347.0,03/09/2025 06:50:16,12.8961383,80.0703116,0703116,2025-09-04T23:30:07.030122
TN87E6455,353201358042148,12.0,76.58,347.0,03/09/2025 06:50:13,12.8960933,80.0703149,0703149,2025-09-04T23:30:07.030291
TN87E6455,353201358042148,23.0,76.61,347.0,03/09/2025 06:50:09,12.8959116,80.07032,07032,2025-09-04T23:30:07.030450
TN87E6455,353201358042148,25.0,76.66,347.0,03/09/2025 06:50:04,12.8956199,80.0703283,0703283,2025-09-04T23:30:07.030647
TN87E6455,353201358042148,36.0,76.71,347.0,03/09/2025 06:49:59,12.8952349,80.0703466,0703466,2025-09-04T23:30:07.030798
TN87E6455,353201358042148,40.0,76.78,347.0,03/09/2025 06:49:54,12.894715,80.0703633,0703633,2025-09-04T23:30:07.030943
TN87E6455,353201358042148,47.0,76.84,346.0,03/09/2025 06:49:49,12.8941366,80.0703416,0703416,2025-09-04T23:30:07.031108
TN87E6455,353201358042148,46.0,76.87,346.0,03/09/2025 06:49:44,12.8935366,80.0703799,0703799,2025-09-04T23:30:07.031268
TN87E6455,353201358042148,56.0,76.95,346.0,03/09/2025 06:49:42,12.8933133,80.0703933,0703933,2025-09-04T23:30:07.031449
TN87E6455,353201358042148,52.0,77.02,346.0,03/09/2025 06:49:37,12.8926116,80.0704483,0704483,2025-09-04T23:30:07.031584
TN87E6455,353201358042148,48.0,77.09,346.0,03/09/2025 06:49:32,12.8919883,80.0705566,0705566,2025-09-04T23:30:07.031732
TN87E6455,353201358042148,54.0,77.17,346.0,03/09/2025 06:49:27,12.8913799,80.0707316,0707316,2025-09-04T23:30:07.031887
TN87E6455,353201358042148,64.0,77.25,346.0,03/09/2025 06:49:22,12.8906766,80.0709933,0709933,2025-09-04T23:30:07.032004
TN87E6455,353201358042148,63.0,77.33,346.0,03/09/2025 06:49:18,12.8900683,80.0712983,0712983,2025-09-04T23:30:07.032107
TN87E6455,353201358042148,64.0,77.42,346.0,03/09/2025 06:49:13,12.8894,80.0717399,0717399,2025-09-04T23:30:07.032233
TN87E6455,353201358042148,65.0,77.51,346.0,03/09/2025 06:49:08,12.8887866,80.0722683,0722683,2025-09-04T23:30:07.032363
TN87E6455,353201358042148,67.0,77.61,346.0,03/09/2025 06:49:03,12.8882416,80.07289,07289,2025-09-04T23:30:07.032497
TN87E6455,353201358042148,68.0,77.7,346.0,03/09/2025 06:48:58,12.8877883,80.0736533,0736533,2025-09-04T23:30:07.032620
TN87E6455,353201358042148,64.0,77.79,346.0,03/09/2025 06:48:53,12.8874399,80.0744016,0744016,2025-09-04T23:30:07.032746
TN87E6455,353201358042148,61.0,77.87,346.0,03/09/2025 06:48:48,12.887185,80.07515,07515,2025-09-04T23:30:07.032876
TN87E6455,353201358042148,57.0,77.95,346.0,03/09/2025 06:48:43,12.8869299,80.0758866,0758866,2025-09-04T23:30:07.032977
TN87E6455,353201358042148,64.0,78.04,346.0,03/09/2025 06:48:38,12.8866983,80.0765983,0765983,2025-09-04T23:30:07.033117
TN87E6455,353201358042148,66.0,78.14,346.0,03/09/2025 06:48:33,12.886445,80.0773733,0773733,2025-09-04T23:30:07.033235
TN87E6455,353201358042148,68.0,78.23,346.0,03/09/2025 06:48:28,12.8862066,80.078245,078245,2025-09-04T23:30:07.033357
TN87E6455,353201358042148,66.0,78.32,344.0,03/09/2025 06:48:23,12.8859866,80.0790816,0790816,2025-09-04T23:30:07.033488
TN87E6455,353201358042148,58.0,78.4,344.0,03/09/2025 06:48:18,12.8857083,80.07986,07986,2025-09-04T23:30:07.033604
TN87E6455,353201358042148,53.0,78.57,344.0,03/09/2025 06:48:13,12.8854733,80.0805316,0805316,2025-09-04T23:30:07.033737
TN87E6455,353201358042148,48.0,78.69,344.0,03/09/2025 06:48:08,12.88524,80.0811683,0811683,2025-09-04T23:30:07.033865
TN87E6455,353201358042148,46.0,78.71,344.0,03/09/2025 06:48:06,12.88511,80.0813933,0813933,2025-09-04T23:30:07.033977
TN87E6455,353201358042148,44.0,78.74,344.0,03/09/2025 06:48:04,12.8849483,80.0815683,0815683,2025-09-04T23:30:07.034153
TN87E6455,353201358042148,44.0,78.76,344.0,03/09/2025 06:48:02,12.8847899,80.0816833,0816833,2025-09-04T23:30:07.034300
TN87E6455,353201358042148,43.0,78.79,344.0,03/09/2025 06:48:00,12.884585,80.0818016,0818016,2025-09-04T23:30:07.034433
TN87E6455,353201358042148,42.0,78.81,344.0,03/09/2025 06:47:58,12.8843883,80.0818,0818,2025-09-04T23:30:07.034552
TN87E6455,353201358042148,41.0,78.87,344.0,03/09/2025 06:47:56,12.8841516,80.0818283,0818283,2025-09-04T23:30:07.034692
TN87E6455,353201358042148,41.0,78.93,342.0,03/09/2025 06:47:51,12.8836549,80.0816916,0816916,2025-09-04T23:30:07.034826
TN87E6455,353201358042148,40.0,78.99,342.0,03/09/2025 06:47:46,12.88316,80.081545,081545,2025-09-04T23:30:07.034956
TN87E6455,353201358042148,39.0,79.04,342.0,03/09/2025 06:47:41,12.8826849,80.081315,081315,2025-09-04T23:30:07.035112
TN87E6455,353201358042148,35.0,79.09,342.0,03/09/2025 06:47:36,12.8822533,80.0811383,0811383,2025-09-04T23:30:07.035272
TN87E6455,353201358042148,30.0,79.12,342.0,03/09/2025 06:47:31,12.8818633,80.0809533,0809533,2025-09-04T23:30:07.035405
TN87E6455,353201358042148,21.0,79.15,342.0,03/09/2025 06:47:26,12.881545,80.0808366,0808366,2025-09-04T23:30:07.035583
TN87E6455,353201358042148,15.0,79.17,344.0,03/09/2025 06:47:21,12.8813283,80.0807833,0807833,2025-09-04T23:30:07.035766
TN87E6455,353201358042148,4.0,79.17,344.0,03/09/2025 06:47:16,12.8811966,80.0806733,0806733,2025-09-04T23:30:07.035965
TN87E6455,353201358042148,0.0,79.17,344.0,03/09/2025 06:47:11,12.8811966,80.0806733,0806733,2025-09-04T23:30:07.036098
TN87E6455,353201358042148,6.0,79.17,344.0,03/09/2025 06:47:06,12.8811666,80.0806583,0806583,2025-09-04T23:30:07.036240
TN87E6455,353201358042148,7.0,79.18,344.0,03/09/2025 06:47:03,12.8811133,80.0806233,0806233,2025-09-04T23:30:07.036400
TN87E6455,353201358042148,6.0,79.19,344.0,03/09/2025 06:46:59,12.8810716,80.0805816,0805816,2025-09-04T23:30:07.036546
TN87E6455,353201358042148,0.0,79.19,345.0,03/09/2025 06:46:40,12.8810233,80.0805316,0805316,2025-09-04T23:30:07.036671
TN87E6455,353201358042148,0.0,79.19,348.0,03/09/2025 06:46:10,12.8810233,80.0805316,0805316,2025-09-04T23:30:07.036804
TN87E6455,353201358042148,0.0,79.19,348.0,03/09/2025 06:46:09,12.8810233,80.0805316,0805316,2025-09-04T23:30:07.036920
TN87E6455,353201358042148,0.0,79.19,348.0,03/09/2025 06:46:04,12.8810233,80.0805316,0805316,2025-09-04T23:30:07.037052
TN87E6455,353201358042148,0.0,79.19,348.0,03/09/2025 06:45:59,12.8810233,80.0805316,0805316,2025-09-04T23:30:07.037180
TN87E6455,353201358042148,0.0,79.19,347.0,03/09/2025 06:45:54,12.8810233,80.0805316,0805316,2025-09-04T23:30:07.037377
TN87E6455,353201358042148,0.0,79.19,347.0,03/09/2025 06:45:49,12.8810233,80.0805316,0805316,2025-09-04T23:30:07.037522
TN87E6455,353201358042148,0.0,79.19,347.0,03/09/2025 06:45:44,12.8810233,80.0805316,0805316,2025-09-04T23:30:07.037661
TN87E6455,353201358042148,0.0,79.19,347.0,03/09/2025 06:45:39,12.8810233,80.0805316,0805316,2025-09-04T23:30:07.037786
TN87E6455,353201358042148,0.0,79.19,347.0,03/09/2025 06:45:34,12.8810233,80.0805316,0805316,2025-09-04T23:30:07.037932
TN87E6455,353201358042148,0.0,79.19,347.0,03/09/2025 06:45:29,12.8810233,80.0805316,0805316,2025-09-04T23:30:07.038068
TN87E6455,353201358042148,0.0,79.19,346.0,03/09/2025 06:45:24,12.8810233,80.0805316,0805316,2025-09-04T23:30:07.038184
TN87E6455,353201358042148,0.0,79.19,346.0,03/09/2025 06:45:19,12.8810233,80.0805316,0805316,2025-09-04T23:30:07.038322
TN87E6455,353201358042148,0.0,79.19,346.0,03/09/2025 06:45:14,12.8810233,80.0805316,0805316,2025-09-04T23:30:07.038449
TN87E6455,353201358042148,0.0,79.19,346.0,03/09/2025 06:45:09,12.8810233,80.0805316,0805316,2025-09-04T23:30:07.038607
TN87E6455,353201358042148,7.0,79.21,346.0,03/09/2025 06:45:04,12.8810066,80.0805216,0805216,2025-09-04T23:30:07.038735
TN87E6455,353201358042148,16.0,79.23,346.0,03/09/2025 06:44:59,12.8808516,80.0805,0805,2025-09-04T23:30:07.038840
TN87E6455,353201358042148,5.0,79.23,346.0,03/09/2025 06:44:54,12.8806816,80.0804933,0804933,2025-09-04T23:30:07.038969
TN87E6455,353201358042148,0.0,79.23,348.0,03/09/2025 06:44:49,12.880625,80.08048,08048,2025-09-04T23:30:07.039088
TN87E6455,353201358042148,0.0,79.23,348.0,03/09/2025 06:44:44,12.880625,80.08048,08048,2025-09-04T23:30:07.039219
TN87E6455,353201358042148,0.0,79.23,348.0,03/09/2025 06:44:39,12.8806116,80.0804766,0804766,2025-09-04T23:30:07.039347
TN87E6455,353201358042148,6.0,79.24,348.0,03/09/2025 06:44:34,12.8805266,80.0804816,0804816,2025-09-04T23:30:07.039481
TN87E6455,353201358042148,12.0,79.26,348.0,03/09/2025 06:44:29,12.8804183,80.0804583,0804583,2025-09-04T23:30:07.039654
TN87E6455,353201358042148,11.0,79.28,353.0,03/09/2025 06:44:24,12.8802716,80.0804066,0804066,2025-09-04T23:30:07.039809
TN87E6455,353201358042148,20.0,79.32,353.0,03/09/2025 06:44:19,12.8801216,80.08035,08035,2025-09-04T23:30:07.039930
TN87E6455,353201358042148,29.0,79.35,353.0,03/09/2025 06:44:14,12.8798183,80.0802133,0802133,2025-09-04T23:30:07.040065
TN87E6455,353201358042148,26.0,79.39,353.0,03/09/2025 06:44:09,12.879495,80.08011,08011,2025-09-04T23:30:07.040189
TN87E6455,353201358042148,29.0,79.44,353.0,03/09/2025 06:44:04,12.8791816,80.0799883,0799883,2025-09-04T23:30:07.040318
TN87E6455,353201358042148,31.0,79.47,353.0,03/09/2025 06:43:59,12.8788216,80.0797933,0797933,2025-09-04T23:30:07.040432
TN87E6455,353201358042148,42.0,79.53,353.0,03/09/2025 06:43:56,12.87858,80.0796816,0796816,2025-09-04T23:30:07.040609
TN87E6455,353201358042148,49.0,79.6,357.0,03/09/2025 06:43:51,12.8780183,80.0794816,0794816,2025-09-04T23:30:07.040751
TN87E6455,353201358042148,50.0,79.67,357.0,03/09/2025 06:43:46,12.8774333,80.079275,079275,2025-09-04T23:30:07.040926
TN87E6455,353201358042148,48.0,79.74,357.0,03/09/2025 06:43:41,12.87686,80.0790183,0790183,2025-09-04T23:30:07.041094
TN87E6455,353201358042148,46.0,79.8,357.0,03/09/2025 06:43:36,12.8762999,80.0788116,0788116,2025-09-04T23:30:07.041281
TN87E6455,353201358042148,44.0,79.86,357.0,03/09/2025 06:43:31,12.8757266,80.0786483,0786483,2025-09-04T23:30:07.041438
TN87E6455,353201358042148,41.0,79.92,357.0,03/09/2025 06:43:26,12.87524,80.0784083,0784083,2025-09-04T23:30:07.041558
TN87E6455,353201358042148,38.0,80.02,358.0,03/09/2025 06:43:21,12.8747616,80.078215,078215,2025-09-04T23:30:07.041657
TN87E6455,353201358042148,35.0,80.12,358.0,03/09/2025 06:43:16,12.8743066,80.078065,078065,2025-09-04T23:30:07.041797
TN87E6455,353201358042148,34.0,80.17,358.0,03/09/2025 06:43:11,12.8738666,80.0779233,0779233,2025-09-04T23:30:07.041973
TN87E6455,353201358042148,26.0,80.2,358.0,03/09/2025 06:43:06,12.8734766,80.0777799,0777799,2025-09-04T23:30:07.042117
TN87E6455,353201358042148,14.0,80.22,358.0,03/09/2025 06:43:01,12.8732266,80.077685,077685,2025-09-04T23:30:07.042280
TN87E6455,353201358042148,8.0,80.23,358.0,03/09/2025 06:42:56,12.8730683,80.0776516,0776516,2025-09-04T23:30:07.042439
TN87E6455,353201358042148,6.0,80.23,358.0,03/09/2025 06:42:53,12.8730083,80.0776433,0776433,2025-09-04T23:30:07.042610
TN87E6455,353201358042148,10.0,80.25,358.0,03/09/2025 06:42:50,12.8729583,80.0776233,0776233,2025-09-04T23:30:07.042795
TN87E6455,353201358042148,16.0,80.27,358.0,03/09/2025 06:42:45,12.8728116,80.077575,077575,2025-09-04T23:30:07.042993
TN87E6455,353201358042148,12.0,80.29,358.0,03/09/2025 06:42:40,12.8726183,80.0774983,0774983,2025-09-04T23:30:07.043198
TN87E6455,353201358042148,15.0,80.32,358.0,03/09/2025 06:42:35,12.8724766,80.077435,077435,2025-09-04T23:30:07.043399
TN87E6455,353201358042148,24.0,80.36,358.0,03/09/2025 06:42:30,12.8722483,80.0773366,0773366,2025-09-04T23:30:07.043574
TN87E6455,353201358042148,34.0,80.4,358.0,03/09/2025 06:42:25,12.8719116,80.0771766,0771766,2025-09-04T23:30:07.043692
TN87E6455,353201358042148,30.0,80.44,357.0,03/09/2025 06:42:20,12.8715199,80.077015,077015,2025-09-04T23:30:07.043832
TN87E6455,353201358042148,42.0,80.5,357.0,03/09/2025 06:42:16,12.8712116,80.0769316,0769316,2025-09-04T23:30:07.043942
TN87E6455,353201358042148,41.0,80.56,357.0,03/09/2025 06:42:11,12.87074,80.07668,07668,2025-09-04T23:30:07.044084
TN87E6455,353201358042148,44.0,80.62,357.0,03/09/2025 06:42:06,12.8702683,80.0765,0765,2025-09-04T23:30:07.044252
TN87E6455,353201358042148,46.0,80.68,350.0,03/09/2025 06:42:01,12.869755,80.0763183,0763183,2025-09-04T23:30:07.044381
TN87E6455,353201358042148,43.0,80.74,350.0,03/09/2025 06:41:56,12.869205,80.07606,07606,2025-09-04T23:30:07.044505
TN87E6455,353201358042148,41.0,80.8,350.0,03/09/2025 06:41:51,12.8686966,80.075875,075875,2025-09-04T23:30:07.044638
TN87E6455,353201358042148,39.0,80.86,350.0,03/09/2025 06:41:46,12.8681833,80.0756983,0756983,2025-09-04T23:30:07.044750
TN87E6455,353201358042148,35.0,80.9,350.0,03/09/2025 06:41:41,12.8677483,80.0755183,0755183,2025-09-04T23:30:07.044954
TN87E6455,353201358042148,27.0,80.93,350.0,03/09/2025 06:41:36,12.8673883,80.0753716,0753716,2025-09-04T23:30:07.045182
TN87E6455,353201358042148,22.0,80.96,350.0,03/09/2025 06:41:31,12.8671083,80.0752333,0752333,2025-09-04T23:30:07.045373
TN87E6455,353201358042148,18.0,80.99,350.0,03/09/2025 06:41:26,12.8668683,80.0751233,0751233,2025-09-04T23:30:07.045533
TN87E6455,353201358042148,15.0,81.01,350.0,03/09/2025 06:41:21,12.866655,80.0750466,0750466,2025-09-04T23:30:07.045684
TN87E6455,353201358042148,7.0,81.01,347.0,03/09/2025 06:41:16,12.8665,80.075,075,2025-09-04T23:30:07.045862
TN87E6455,353201358042148,0.0,81.01,347.0,03/09/2025 06:41:12,12.8664583,80.0749716,0749716,2025-09-04T23:30:07.046034
TN87E6455,353201358042148,0.0,81.01,347.0,03/09/2025 06:41:07,12.8664583,80.0749716,0749716,2025-09-04T23:30:07.046202
TN87E6455,353201358042148,0.0,81.01,337.0,03/09/2025 06:41:02,12.8664583,80.0749716,0749716,2025-09-04T23:30:07.046364
TN87E6455,353201358042148,0.0,81.01,337.0,03/09/2025 06:40:57,12.8664583,80.0749716,0749716,2025-09-04T23:30:07.046489
TN87E6455,353201358042148,0.0,81.01,337.0,03/09/2025 06:40:52,12.8664583,80.0749716,0749716,2025-09-04T23:30:07.046625
TN87E6455,353201358042148,0.0,81.01,337.0,03/09/2025 06:40:47,12.8664583,80.0749716,0749716,2025-09-04T23:30:07.046739
TN87E6455,353201358042148,0.0,81.01,337.0,03/09/2025 06:40:42,12.8664566,80.07497,07497,2025-09-04T23:30:07.046871
TN87E6455,353201358042148,9.0,81.02,337.0,03/09/2025 06:40:37,12.8664099,80.074955,074955,2025-09-04T23:30:07.046998
TN87E6455,353201358042148,19.0,81.05,337.0,03/09/2025 06:40:34,12.8663166,80.074905,074905,2025-09-04T23:30:07.047134
TN87E6455,353201358042148,30.0,81.08,337.0,03/09/2025 06:40:30,12.8660966,80.0748083,0748083,2025-09-04T23:30:07.047249
TN87E6455,353201358042148,42.0,81.15,337.0,03/09/2025 06:40:27,12.8658516,80.0747216,0747216,2025-09-04T23:30:07.047378
TN87E6455,353201358042148,54.0,81.23,331.0,03/09/2025 06:40:22,12.8652199,80.0745266,0745266,2025-09-04T23:30:07.047495
TN87E6455,353201358042148,52.0,81.3,331.0,03/09/2025 06:40:17,12.8645866,80.0742716,0742716,2025-09-04T23:30:07.047630
TN87E6455,353201358042148,50.0,81.37,331.0,03/09/2025 06:40:12,12.8639783,80.0741,0741,2025-09-04T23:30:07.047759
TN87E6455,353201358042148,46.0,81.43,331.0,03/09/2025 06:40:07,12.8634,80.073865,073865,2025-09-04T23:30:07.047875
TN87E6455,353201358042148,41.0,81.48,331.0,03/09/2025 06:40:02,12.8628733,80.0736433,0736433,2025-09-04T23:30:07.048005
TN87E6455,353201358042148,38.0,81.54,331.0,03/09/2025 06:39:57,12.8624133,80.073455,073455,2025-09-04T23:30:07.048136
TN87E6455,353201358042148,34.0,81.58,327.0,03/09/2025 06:39:52,12.8619733,80.0732333,0732333,2025-09-04T23:30:07.048266
TN87E6455,353201358042148,29.0,81.62,327.0,03/09/2025 06:39:47,12.8616133,80.0730433,0730433,2025-09-04T23:30:07.048391
TN87E6455,353201358042148,23.0,81.65,327.0,03/09/2025 06:39:42,12.8613183,80.0728683,0728683,2025-09-04T23:30:07.048520
TN87E6455,353201358042148,15.0,81.67,327.0,03/09/2025 06:39:37,12.8611016,80.07273,07273,2025-09-04T23:30:07.048638
TN87E6455,353201358042148,8.0,81.68,327.0,03/09/2025 06:39:32,12.8609466,80.0726633,0726633,2025-09-04T23:30:07.048773
TN87E6455,353201358042148,0.0,81.68,327.0,03/09/2025 06:39:28,12.8609216,80.07261,07261,2025-09-04T23:30:07.048896
TN87E6455,353201358042148,0.0,81.68,327.0,03/09/2025 06:39:23,12.8609216,80.07261,07261,2025-09-04T23:30:07.049018
TN87E6455,353201358042148,0.0,81.68,325.0,03/09/2025 06:39:18,12.8609216,80.07261,07261,2025-09-04T23:30:07.049138
TN87E6455,353201358042148,0.0,81.68,325.0,03/09/2025 06:39:13,12.8609216,80.07261,07261,2025-09-04T23:30:07.049276
TN87E6455,353201358042148,0.0,81.68,325.0,03/09/2025 06:39:08,12.8609216,80.07261,07261,2025-09-04T23:30:07.049380
TN87E6455,353201358042148,0.0,81.68,325.0,03/09/2025 06:39:03,12.8609216,80.07261,07261,2025-09-04T23:30:07.049512
TN87E6455,353201358042148,0.0,81.68,325.0,03/09/2025 06:38:58,12.8609216,80.07261,07261,2025-09-04T23:30:07.049638
TN87E6455,353201358042148,0.0,81.68,325.0,03/09/2025 06:38:53,12.8609216,80.07261,07261,2025-09-04T23:30:07.049766
TN87E6455,353201358042148,0.0,81.68,325.0,03/09/2025 06:38:48,12.8609216,80.07261,07261,2025-09-04T23:30:07.049901
TN87E6455,353201358042148,8.0,81.68,325.0,03/09/2025 06:38:43,12.8609066,80.0725716,0725716,2025-09-04T23:30:07.050029
TN87E6455,353201358042148,11.0,81.7,325.0,03/09/2025 06:38:42,12.860885,80.0725516,0725516,2025-09-04T23:30:07.050160
TN87E6455,353201358042148,21.0,81.73,325.0,03/09/2025 06:38:38,12.860735,80.0724599,0724599,2025-09-04T23:30:07.050308
TN87E6455,353201358042148,22.0,81.75,325.0,03/09/2025 06:38:33,12.8604683,80.0722966,0722966,2025-09-04T23:30:07.050426
TN87E6455,353201358042148,15.0,81.76,325.0,03/09/2025 06:38:30,12.8603133,80.0722283,0722283,2025-09-04T23:30:07.050585
TN87E6455,353201358042148,14.0,81.76,325.0,03/09/2025 06:38:29,12.8602716,80.0722166,0722166,2025-09-04T23:30:07.050710
TN87E6455,353201358042148,13.0,81.76,325.0,03/09/2025 06:38:28,12.8602333,80.0722183,0722183,2025-09-04T23:30:07.050878
TN87E6455,353201358042148,12.0,81.77,325.0,03/09/2025 06:38:27,12.8601966,80.0722283,0722283,2025-09-04T23:30:07.051029
TN87E6455,353201358042148,11.0,81.77,325.0,03/09/2025 06:38:26,12.8601683,80.0722416,0722416,2025-09-04T23:30:07.051155
TN87E6455,353201358042148,9.0,81.78,325.0,03/09/2025 06:38:25,12.860145,80.0722566,0722566,2025-09-04T23:30:07.051330
TN87E6455,353201358042148,7.0,81.78,325.0,03/09/2025 06:38:23,12.8601183,80.0722966,0722966,2025-09-04T23:30:07.051487
TN87E6455,353201358042148,8.0,81.79,325.0,03/09/2025 06:38:22,12.86011,80.0723166,0723166,2025-09-04T23:30:07.051638
TN87E6455,353201358042148,7.0,81.79,325.0,03/09/2025 06:38:21,12.86011,80.0723383,0723383,2025-09-04T23:30:07.051783
TN87E6455,353201358042148,6.0,81.8,325.0,03/09/2025 06:38:20,12.860115,80.0723599,0723599,2025-09-04T23:30:07.051909
TN87E6455,353201358042148,0.0,81.8,325.0,03/09/2025 06:38:15,12.860125,80.0724366,0724366,2025-09-04T23:30:07.052031
TN87E6455,353201358042148,0.0,81.8,325.0,03/09/2025 06:38:10,12.860125,80.0724366,0724366,2025-09-04T23:30:07.052163
TN87E6455,353201358042148,0.0,81.8,325.0,03/09/2025 06:38:05,12.860125,80.0724366,0724366,2025-09-04T23:30:07.052307
TN87E6455,353201358042148,0.0,81.8,325.0,03/09/2025 06:38:00,12.860125,80.0724366,0724366,2025-09-04T23:30:07.052437
TN87E6455,353201358042148,0.0,81.8,325.0,03/09/2025 06:37:55,12.860125,80.0724366,0724366,2025-09-04T23:30:07.052564
TN87E6455,353201358042148,0.0,81.8,325.0,03/09/2025 06:37:50,12.860125,80.0724366,0724366,2025-09-04T23:30:07.052678
TN87E6455,353201358042148,8.0,81.82,325.0,03/09/2025 06:37:45,12.8601583,80.0724516,0724516,2025-09-04T23:30:07.052803
TN87E6455,353201358042148,16.0,81.84,325.0,03/09/2025 06:37:40,12.8603066,80.0725483,0725483,2025-09-04T23:30:07.052931
TN87E6455,353201358042148,15.0,81.85,325.0,03/09/2025 06:37:35,12.8604983,80.07267,07267,2025-09-04T23:30:07.053089
TN87E6455,353201358042148,13.0,81.87,325.0,03/09/2025 06:37:32,12.860585,80.07275,07275,2025-09-04T23:30:07.053240
TN87E6455,353201358042148,6.0,81.87,325.0,03/09/2025 06:37:27,12.8607483,80.072835,072835,2025-09-04T23:30:07.053408
TN87E6455,353201358042148,0.0,81.87,325.0,03/09/2025 06:37:24,12.8607483,80.072835,072835,2025-09-04T23:30:07.053566
TN87E6455,353201358042148,0.0,81.87,325.0,03/09/2025 06:37:23,12.8607283,80.0729266,0729266,2025-09-04T23:30:07.053714
TN87E6455,353201358042148,0.0,81.87,325.0,03/09/2025 06:36:53,12.8607283,80.0729266,0729266,2025-09-04T23:30:07.053839
TN87E6455,353201358042148,0.0,81.87,325.0,03/09/2025 06:36:47,12.8607283,80.0729266,0729266,2025-09-04T23:30:07.053970
TN87E6455,353201358042148,0.0,81.87,325.0,03/09/2025 06:36:17,12.8607283,80.0729266,0729266,2025-09-04T23:30:07.054159
TN87E6455,353201358042148,0.0,81.87,325.0,03/09/2025 06:35:47,12.8607283,80.0729266,0729266,2025-09-04T23:30:07.054305
TN87E6455,353201358042148,0.0,81.87,325.0,03/09/2025 06:35:17,12.8607283,80.0729266,0729266,2025-09-04T23:30:07.054416
TN87E6455,353201358042148,0.0,81.87,325.0,03/09/2025 06:34:47,12.8607283,80.0729266,0729266,2025-09-04T23:30:07.054544
TN87E6455,353201358042148,0.0,81.87,325.0,03/09/2025 06:34:17,12.8607283,80.0729266,0729266,2025-09-04T23:30:07.054666
TN87E6455,353201358042148,0.0,81.87,325.0,03/09/2025 06:33:47,12.8607283,80.0729266,0729266,2025-09-04T23:30:07.055150
TN87E6455,353201358042148,0.0,81.87,325.0,03/09/2025 06:33:17,12.8607283,80.0729266,0729266,2025-09-04T23:30:07.055370
TN87E6455,353201358042148,0.0,81.87,325.0,03/09/2025 06:32:47,12.8607283,80.0729266,0729266,2025-09-04T23:30:07.055548
TN87E6455,353201358042148,0.0,81.87,325.0,03/09/2025 06:32:17,12.8607283,80.0729266,0729266,2025-09-04T23:30:07.055732
TN87E6455,353201358042148,0.0,81.87,325.0,03/09/2025 06:31:47,12.8607283,80.0729266,0729266,2025-09-04T23:30:07.055894
TN87E6455,353201358042148,0.0,81.87,325.0,03/09/2025 06:31:17,12.8607283,80.0729266,0729266,2025-09-04T23:30:07.056051
TN87E6455,353201358042148,0.0,81.87,326.0,03/09/2025 06:30:47,12.8607283,80.0729266,0729266,2025-09-04T23:30:07.056229
TN87E6455,353201358042148,0.0,81.87,327.0,03/09/2025 06:30:17,12.8607283,80.0729266,0729266,2025-09-04T23:30:07.056479
TN87E6455,353201358042148,0.0,81.87,329.0,03/09/2025 06:29:47,12.8607283,80.0729266,0729266,2025-09-04T23:30:07.056677
TN87E6455,353201358042148,0.0,81.87,335.0,03/09/2025 06:29:17,12.8607283,80.0729266,0729266,2025-09-04T23:30:07.056874
TN87E6455,353201358042148,0.0,81.87,342.0,03/09/2025 06:28:47,12.8607283,80.0729266,0729266,2025-09-04T23:30:07.057025
TN87E6455,353201358042148,0.0,81.87,350.0,03/09/2025 06:28:17,12.8607283,80.0729266,0729266,2025-09-04T23:30:07.057170
TN87E6455,353201358042148,0.0,81.87,353.0,03/09/2025 06:27:47,12.8607283,80.0729266,0729266,2025-09-04T23:30:07.057335
TN87E6455,353201358042148,0.0,81.87,353.0,03/09/2025 06:27:45,12.8607283,80.0729266,0729266,2025-09-04T23:30:07.057494
TN87E6455,353201358042148,0.0,81.87,353.0,03/09/2025 06:27:44,12.8607283,80.0729266,0729266,2025-09-04T23:30:07.057635
TN87E6455,353201358042148,0.0,81.87,353.0,03/09/2025 06:27:39,12.8607283,80.0729266,0729266,2025-09-04T23:30:07.057741
TN87E6455,353201358042148,0.0,81.87,353.0,03/09/2025 06:27:34,12.8607283,80.0729266,0729266,2025-09-04T23:30:07.057872
TN87E6455,353201358042148,0.0,81.87,353.0,03/09/2025 06:27:29,12.8607283,80.0729266,0729266,2025-09-04T23:30:07.057980
TN87E6455,353201358042148,0.0,81.87,353.0,03/09/2025 06:27:24,12.8607283,80.0729266,0729266,2025-09-04T23:30:07.058106
TN87E6455,353201358042148,0.0,81.87,353.0,03/09/2025 06:27:19,12.8607283,80.0729266,0729266,2025-09-04T23:30:07.058229
TN87E6455,353201358042148,0.0,81.87,353.0,03/09/2025 06:27:14,12.8607283,80.0729266,0729266,2025-09-04T23:30:07.058357
TN87E6455,353201358042148,0.0,81.87,353.0,03/09/2025 06:27:09,12.8607283,80.0729266,0729266,2025-09-04T23:30:07.058460
TN87E6455,353201358042148,0.0,81.87,353.0,03/09/2025 06:27:04,12.8607283,80.0729266,0729266,2025-09-04T23:30:07.058559
TN87E6455,353201358042148,0.0,81.87,353.0,03/09/2025 06:26:59,12.8607283,80.0729266,0729266,2025-09-04T23:30:07.058681
TN87E6455,353201358042148,0.0,81.87,353.0,03/09/2025 06:26:54,12.8607283,80.0729266,0729266,2025-09-04T23:30:07.058800
TN87E6455,353201358042148,0.0,81.87,352.0,03/09/2025 06:26:49,12.8607283,80.0729266,0729266,2025-09-04T23:30:07.058911
TN87E6455,353201358042148,0.0,81.87,352.0,03/09/2025 06:26:44,12.8607283,80.0729266,0729266,2025-09-04T23:30:07.059010
TN87E6455,353201358042148,0.0,81.87,352.0,03/09/2025 06:26:39,12.8607283,80.0729266,0729266,2025-09-04T23:30:07.059136
TN87E6455,353201358042148,0.0,81.87,352.0,03/09/2025 06:26:34,12.8607283,80.0729266,0729266,2025-09-04T23:30:07.059282
TN87E6455,353201358042148,7.0,81.88,352.0,03/09/2025 06:26:29,12.8607699,80.0729583,0729583,2025-09-04T23:30:07.059427
TN87E6455,353201358042148,6.0,81.88,347.0,03/09/2025 06:26:28,12.8607883,80.072965,072965,2025-09-04T23:30:07.059563
TN87E6455,353201358042148,6.0,81.9,347.0,03/09/2025 06:26:25,12.8608433,80.07298,07298,2025-09-04T23:30:07.059705
TN87E6455,353201358042148,15.0,81.91,347.0,03/09/2025 06:26:20,12.8609733,80.073025,073025,2025-09-04T23:30:07.059845
TN87E6455,353201358042148,25.0,81.95,347.0,03/09/2025 06:26:17,12.8611083,80.0730866,0730866,2025-09-04T23:30:07.060016
TN87E6455,353201358042148,29.0,82.0,347.0,03/09/2025 06:26:12,12.8614216,80.0732616,0732616,2025-09-04T23:30:07.060164
TN87E6455,353201358042148,29.0,82.04,347.0,03/09/2025 06:26:07,12.8617433,80.0734533,0734533,2025-09-04T23:30:07.060299
TN87E6455,353201358042148,32.0,82.08,347.0,03/09/2025 06:26:02,12.862075,80.0736283,0736283,2025-09-04T23:30:07.060426
TN87E6455,353201358042148,34.0,82.13,347.0,03/09/2025 06:25:57,12.8624683,80.0737916,0737916,2025-09-04T23:30:07.060579
TN87E6455,353201358042148,34.0,82.18,347.0,03/09/2025 06:25:52,12.8628983,80.0739466,0739466,2025-09-04T23:30:07.060734
TN87E6455,353201358042148,34.0,82.23,345.0,03/09/2025 06:25:47,12.8633083,80.0741049,0741049,2025-09-04T23:30:07.060924
TN87E6455,353201358042148,36.0,82.29,345.0,03/09/2025 06:25:42,12.8637283,80.0742566,0742566,2025-09-04T23:30:07.061114
TN87E6455,353201358042148,38.0,82.34,345.0,03/09/2025 06:25:37,12.8641733,80.0744183,0744183,2025-09-04T23:30:07.061261
TN87E6455,353201358042148,39.0,82.4,345.0,03/09/2025 06:25:32,12.8646383,80.0745883,0745883,2025-09-04T23:30:07.061437
TN87E6455,353201358042148,38.0,82.45,345.0,03/09/2025 06:25:27,12.8651,80.074765,074765,2025-09-04T23:30:07.061595
TN87E6455,353201358042148,35.0,82.49,345.0,03/09/2025 06:25:22,12.865535,80.0749233,0749233,2025-09-04T23:30:07.061765
TN87E6455,353201358042148,32.0,82.53,345.0,03/09/2025 06:25:17,12.86592,80.0750666,0750666,2025-09-04T23:30:07.061921
TN87E6455,353201358042148,28.0,82.58,345.0,03/09/2025 06:25:12,12.8662766,80.0752133,0752133,2025-09-04T23:30:07.062062
TN87E6455,353201358042148,27.0,82.61,345.0,03/09/2025 06:25:07,12.86662,80.0753433,0753433,2025-09-04T23:30:07.062175
TN87E6455,353201358042148,20.0,82.63,345.0,03/09/2025 06:25:02,12.8668966,80.0754483,0754483,2025-09-04T23:30:07.062296
TN87E6455,353201358042148,16.0,82.65,345.0,03/09/2025 06:24:57,12.8671016,80.0755483,0755483,2025-09-04T23:30:07.062423
TN87E6455,353201358042148,11.0,82.67,345.0,03/09/2025 06:24:52,12.8672666,80.0756216,0756216,2025-09-04T23:30:07.062540
TN87E6455,353201358042148,10.0,82.68,346.0,03/09/2025 06:24:47,12.8673733,80.0756516,0756516,2025-09-04T23:30:07.062664
TN87E6455,353201358042148,17.0,82.7,346.0,03/09/2025 06:24:42,12.8675316,80.0757116,0757116,2025-09-04T23:30:07.062778
TN87E6455,353201358042148,28.0,82.73,346.0,03/09/2025 06:24:40,12.8676366,80.0757549,0757549,2025-09-04T23:30:07.062911
TN87E6455,353201358042148,40.0,82.79,346.0,03/09/2025 06:24:37,12.8678983,80.0758416,0758416,2025-09-04T23:30:07.063027
TN87E6455,353201358042148,44.0,82.85,346.0,03/09/2025 06:24:32,12.8684149,80.0760133,0760133,2025-09-04T23:30:07.063155
TN87E6455,353201358042148,42.0,82.91,346.0,03/09/2025 06:24:27,12.8689216,80.07622,07622,2025-09-04T23:30:07.063263
TN87E6455,353201358042148,39.0,82.96,346.0,03/09/2025 06:24:22,12.8694066,80.0764333,0764333,2025-09-04T23:30:07.063367
TN87E6455,353201358042148,37.0,83.01,346.0,03/09/2025 06:24:17,12.8698783,80.0766099,0766099,2025-09-04T23:30:07.063485
TN87E6455,353201358042148,37.0,83.07,346.0,03/09/2025 06:24:12,12.8703216,80.0767399,0767399,2025-09-04T23:30:07.063611
TN87E6455,353201358042148,39.0,83.12,346.0,03/09/2025 06:24:07,12.8707516,80.0769316,0769316,2025-09-04T23:30:07.063722
TN87E6455,353201358042148,36.0,83.17,346.0,03/09/2025 06:24:02,12.87119,80.0771433,0771433,2025-09-04T23:30:07.063847
TN87E6455,353201358042148,30.0,83.21,346.0,03/09/2025 06:23:57,12.871575,80.077315,077315,2025-09-04T23:30:07.063966
TN87E6455,353201358042148,27.0,83.25,346.0,03/09/2025 06:23:52,12.8719099,80.0774483,0774483,2025-09-04T23:30:07.064132
TN87E6455,353201358042148,27.0,83.29,344.0,03/09/2025 06:23:47,12.8722433,80.0775649,0775649,2025-09-04T23:30:07.064267
TN87E6455,353201358042148,27.0,83.32,344.0,03/09/2025 06:23:42,12.8725799,80.0776933,0776933,2025-09-04T23:30:07.064390
TN87E6455,353201358042148,22.0,83.35,344.0,03/09/2025 06:23:37,12.872895,80.0778116,0778116,2025-09-04T23:30:07.064517
TN87E6455,353201358042148,16.0,83.37,344.0,03/09/2025 06:23:32,12.8731333,80.0778933,0778933,2025-09-04T23:30:07.064647
TN87E6455,353201358042148,12.0,83.39,344.0,03/09/2025 06:23:27,12.8732833,80.077955,077955,2025-09-04T23:30:07.064806
TN87E6455,353201358042148,18.0,83.42,344.0,03/09/2025 06:23:22,12.8734433,80.078025,078025,2025-09-04T23:30:07.064973
TN87E6455,353201358042148,28.0,83.46,340.0,03/09/2025 06:23:17,12.8737233,80.0781233,0781233,2025-09-04T23:30:07.065104
TN87E6455,353201358042148,31.0,83.5,340.0,03/09/2025 06:23:12,12.874095,80.0782566,0782566,2025-09-04T23:30:07.065250
TN87E6455,353201358042148,26.0,83.55,340.0,03/09/2025 06:23:07,12.8744283,80.0783833,0783833,2025-09-04T23:30:07.065372
TN87E6455,353201358042148,31.0,83.59,340.0,03/09/2025 06:23:02,12.8747683,80.0785283,0785283,2025-09-04T23:30:07.065548
TN87E6455,353201358042148,38.0,83.66,340.0,03/09/2025 06:22:57,12.87516,80.0786666,0786666,2025-09-04T23:30:07.065729
TN87E6455,353201358042148,50.0,83.73,340.0,03/09/2025 06:22:52,12.8757216,80.0788616,0788616,2025-09-04T23:30:07.065915
TN87E6455,353201358042148,56.0,83.81,333.0,03/09/2025 06:22:47,12.8762833,80.079135,079135,2025-09-04T23:30:07.066096
TN87E6455,353201358042148,55.0,83.88,333.0,03/09/2025 06:22:42,12.8769883,80.0793783,0793783,2025-09-04T23:30:07.066243
TN87E6455,353201358042148,50.0,83.95,333.0,03/09/2025 06:22:37,12.8776316,80.079585,079585,2025-09-04T23:30:07.066376
TN87E6455,353201358042148,50.0,84.03,333.0,03/09/2025 06:22:32,12.8782166,80.07984,07984,2025-09-04T23:30:07.066529
TN87E6455,353201358042148,51.0,84.1,333.0,03/09/2025 06:22:27,12.8788183,80.0800516,0800516,2025-09-04T23:30:07.066690
TN87E6455,353201358042148,51.0,84.17,333.0,03/09/2025 06:22:22,12.8793983,80.0803066,0803066,2025-09-04T23:30:07.066827
TN87E6455,353201358042148,55.0,84.25,327.0,03/09/2025 06:22:17,12.8800133,80.08057,08057,2025-09-04T23:30:07.066960
TN87E6455,353201358042148,55.0,84.33,327.0,03/09/2025 06:22:12,12.8807016,80.080815,080815,2025-09-04T23:30:07.067095
TN87E6455,353201358042148,56.0,84.4,327.0,03/09/2025 06:22:07,12.88135,80.0810466,0810466,2025-09-04T23:30:07.067211
TN87E6455,353201358042148,55.0,84.48,327.0,03/09/2025 06:22:02,12.8819616,80.081305,081305,2025-09-04T23:30:07.067337
TN87E6455,353201358042148,54.0,84.56,327.0,03/09/2025 06:21:57,12.8826583,80.0815633,0815633,2025-09-04T23:30:07.067448
TN87E6455,353201358042148,52.0,84.63,322.0,03/09/2025 06:21:52,12.8832866,80.0818416,0818416,2025-09-04T23:30:07.067575
TN87E6455,353201358042148,50.0,84.7,322.0,03/09/2025 06:21:47,12.8839066,80.0820716,0820716,2025-09-04T23:30:07.067699
TN87E6455,353201358042148,50.0,84.92,322.0,03/09/2025 06:21:42,12.8844883,80.0823099,0823099,2025-09-04T23:30:07.067834
TN87E6455,353201358042148,50.0,85.15,322.0,03/09/2025 06:21:37,12.8850216,80.082625,082625,2025-09-04T23:30:07.067944
TN87E6455,353201358042148,53.0,85.22,322.0,03/09/2025 06:21:32,12.8856316,80.0829049,0829049,2025-09-04T23:30:07.068051
TN87E6455,353201358042148,53.0,85.3,322.0,03/09/2025 06:21:27,12.8862666,80.083145,083145,2025-09-04T23:30:07.068173
TN87E6455,353201358042148,53.0,85.37,322.0,03/09/2025 06:21:22,12.8869166,80.083405,083405,2025-09-04T23:30:07.068501
TN87E6455,353201358042148,51.0,85.44,319.0,03/09/2025 06:21:17,12.8875216,80.08364,08364,2025-09-04T23:30:07.068742
TN87E6455,353201358042148,46.0,85.49,319.0,03/09/2025 06:21:12,12.8880966,80.0838716,0838716,2025-09-04T23:30:07.068905
TN87E6455,353201358042148,41.0,85.55,319.0,03/09/2025 06:21:07,12.88858,80.084075,084075,2025-09-04T23:30:07.069108
TN87E6455,353201358042148,36.0,85.6,319.0,03/09/2025 06:21:02,12.8890933,80.0842666,0842666,2025-09-04T23:30:07.069291
TN87E6455,353201358042148,30.0,85.64,319.0,03/09/2025 06:20:57,12.8894833,80.0844316,0844316,2025-09-04T23:30:07.069468
TN87E6455,353201358042148,23.0,85.67,319.0,03/09/2025 06:20:52,12.88982,80.0845633,0845633,2025-09-04T23:30:07.069644
TN87E6455,353201358042148,17.0,85.69,317.0,03/09/2025 06:20:47,12.8901066,80.0846533,0846533,2025-09-04T23:30:07.069852
TN87E6455,353201358042148,8.0,85.7,317.0,03/09/2025 06:20:43,12.8902416,80.08471,08471,2025-09-04T23:30:07.070052
TN87E6455,353201358042148,0.0,85.7,317.0,03/09/2025 06:20:39,12.8903316,80.0847666,0847666,2025-09-04T23:30:07.070251
TN87E6455,353201358042148,0.0,85.7,317.0,03/09/2025 06:20:34,12.8903316,80.0847666,0847666,2025-09-04T23:30:07.070448
TN87E6455,353201358042148,4.0,85.71,317.0,03/09/2025 06:20:29,12.890355,80.08478,08478,2025-09-04T23:30:07.070637
TN87E6455,353201358042148,0.0,85.71,317.0,03/09/2025 06:20:24,12.8903749,80.0848083,0848083,2025-09-04T23:30:07.070760
TN87E6455,353201358042148,6.0,85.71,317.0,03/09/2025 06:20:19,12.8903683,80.0848566,0848566,2025-09-04T23:30:07.070940
TN87E6455,353201358042148,4.0,85.72,317.0,03/09/2025 06:20:17,12.8903599,80.0848866,0848866,2025-09-04T23:30:07.071105
TN87E6455,353201358042148,0.0,85.72,317.0,03/09/2025 06:20:12,12.8903333,80.0849299,0849299,2025-09-04T23:30:07.071259
TN87E6455,353201358042148,0.0,85.72,317.0,03/09/2025 06:20:07,12.8903333,80.0849299,0849299,2025-09-04T23:30:07.071412
TN87E6455,353201358042148,6.0,85.72,317.0,03/09/2025 06:20:02,12.8903166,80.0849499,0849499,2025-09-04T23:30:07.071530
TN87E6455,353201358042148,6.0,85.72,317.0,03/09/2025 06:20:01,12.8903033,80.0849683,0849683,2025-09-04T23:30:07.071632
TN87E6455,353201358042148,4.0,85.73,317.0,03/09/2025 06:19:58,12.8902833,80.0850183,0850183,2025-09-04T23:30:07.071757
TN87E6455,353201358042148,0.0,85.73,317.0,03/09/2025 06:19:53,12.8902916,80.0850683,0850683,2025-09-04T23:30:07.071917
TN87E6455,353201358042148,5.0,85.74,317.0,03/09/2025 06:19:48,12.8902883,80.0851416,0851416,2025-09-04T23:30:07.072061
TN87E6455,353201358042148,0.0,85.74,317.0,03/09/2025 06:19:43,12.8902933,80.0852833,0852833,2025-09-04T23:30:07.072185
TN87E6455,353201358042148,0.0,85.74,317.0,03/09/2025 06:19:43,12.89031,80.0852616,0852616,2025-09-04T23:30:07.072297
TN87E6455,353201358042148,0.0,85.74,317.0,03/09/2025 06:19:13,12.89031,80.0852616,0852616,2025-09-04T23:30:07.072438
TN87E6455,353201358042148,0.0,85.74,317.0,03/09/2025 06:18:43,12.89031,80.0852616,0852616,2025-09-04T23:30:07.072568
TN87E6455,353201358042148,0.0,85.74,317.0,03/09/2025 06:18:13,12.89031,80.0852616,0852616,2025-09-04T23:30:07.072686
TN87E6455,353201358042148,0.0,85.74,317.0,03/09/2025 06:17:43,12.89031,80.0852616,0852616,2025-09-04T23:30:07.072811
TN87E6455,353201358042148,0.0,85.74,317.0,03/09/2025 06:17:13,12.89031,80.0852616,0852616,2025-09-04T23:30:07.072934
TN87E6455,353201358042148,0.0,85.74,317.0,03/09/2025 06:16:43,12.89031,80.0852616,0852616,2025-09-04T23:30:07.073067
TN87E6455,353201358042148,0.0,85.74,317.0,03/09/2025 06:16:13,12.89031,80.0852616,0852616,2025-09-04T23:30:07.073180
TN87E6455,353201358042148,0.0,85.74,317.0,03/09/2025 06:15:43,12.89031,80.0852616,0852616,2025-09-04T23:30:07.073301
TN87E6455,353201358042148,0.0,85.74,317.0,03/09/2025 06:15:13,12.89031,80.0852616,0852616,2025-09-04T23:30:07.073426
TN87E6455,353201358042148,0.0,85.74,317.0,03/09/2025 06:14:43,12.89031,80.0852616,0852616,2025-09-04T23:30:07.073540
TN87E6455,353201358042148,0.0,85.74,317.0,03/09/2025 06:14:13,12.89031,80.0852616,0852616,2025-09-04T23:30:07.073664
TN87E6455,353201358042148,0.0,85.74,317.0,03/09/2025 06:13:43,12.89031,80.0852616,0852616,2025-09-04T23:30:07.073778
TN87E6455,353201358042148,0.0,85.74,317.0,03/09/2025 06:13:13,12.89031,80.0852616,0852616,2025-09-04T23:30:07.073902
TN87E6455,353201358042148,0.0,85.74,317.0,03/09/2025 06:12:43,12.89031,80.0852616,0852616,2025-09-04T23:30:07.074063
TN87E6455,353201358042148,0.0,85.74,317.0,03/09/2025 06:12:13,12.89031,80.0852616,0852616,2025-09-04T23:30:07.074244
TN87E6455,353201358042148,0.0,85.74,0.0,03/09/2025 06:11:43,12.890185,80.0853366,0853366,2025-09-04T23:30:07.074392
TN87E6455,353201358042148,0.0,85.74,317.0,03/09/2025 05:51:30,12.890185,80.0853366,0853366,2025-09-04T23:30:07.074535
TN87E6455,353201358042148,0.0,85.74,0.0,03/09/2025 05:51:00,12.890185,80.0853366,0853366,2025-09-04T23:30:07.074690
