vehicle_number,device_id,speed,total_distance,fuel,data_received,latitude,longitude,location_text,scraped_at
TN87F0976,353201358041769,0.0,0.0,315.0,03/09/2025 22:02:43,12.9438483,80.18389,18389,2025-09-04T23:28:34.293052
TN87F0976,353201358041769,0.0,0.0,315.0,03/09/2025 22:02:13,12.9438483,80.18389,18389,2025-09-04T23:28:34.293287
TN87F0976,353201358041769,0.0,0.0,315.0,03/09/2025 22:01:43,12.9438483,80.18389,18389,2025-09-04T23:28:34.293494
TN87F0976,353201358041769,0.0,0.0,315.0,03/09/2025 22:01:13,12.9438483,80.18389,18389,2025-09-04T23:28:34.293733
TN87F0976,353201358041769,0.0,0.0,315.0,03/09/2025 22:00:43,12.9438483,80.18389,18389,2025-09-04T23:28:34.293942
TN87F0976,353201358041769,0.0,0.0,315.0,03/09/2025 22:00:13,12.9438483,80.18389,18389,2025-09-04T23:28:34.294153
TN87F0976,353201358041769,0.0,0.0,315.0,03/09/2025 21:59:43,12.9438483,80.18389,18389,2025-09-04T23:28:34.294376
TN87F0976,353201358041769,0.0,0.0,315.0,03/09/2025 21:59:13,12.9438483,80.18389,18389,2025-09-04T23:28:34.294598
TN87F0976,353201358041769,0.0,0.0,315.0,03/09/2025 21:58:43,12.9438483,80.18389,18389,2025-09-04T23:28:34.294804
TN87F0976,353201358041769,0.0,0.0,315.0,03/09/2025 21:58:13,12.9438483,80.18389,18389,2025-09-04T23:28:34.295008
TN87F0976,353201358041769,0.0,0.0,315.0,03/09/2025 21:57:43,12.9438483,80.18389,18389,2025-09-04T23:28:34.295210
TN87F0976,353201358041769,0.0,0.0,315.0,03/09/2025 21:57:13,12.9438483,80.18389,18389,2025-09-04T23:28:34.295394
TN87F0976,353201358041769,0.0,0.0,315.0,03/09/2025 21:56:43,12.9438483,80.18389,18389,2025-09-04T23:28:34.295577
TN87F0976,353201358041769,0.0,0.0,315.0,03/09/2025 21:56:13,12.9438483,80.18389,18389,2025-09-04T23:28:34.295797
TN87F0976,353201358041769,0.0,0.0,315.0,03/09/2025 21:55:43,12.9438483,80.18389,18389,2025-09-04T23:28:34.296007
TN87F0976,353201358041769,0.0,0.0,315.0,03/09/2025 21:55:13,12.9438483,80.18389,18389,2025-09-04T23:28:34.296189
TN87F0976,353201358041769,0.0,0.0,315.0,03/09/2025 21:54:43,12.9438483,80.18389,18389,2025-09-04T23:28:34.296367
TN87F0976,353201358041769,0.0,0.0,315.0,03/09/2025 21:54:13,12.9438483,80.18389,18389,2025-09-04T23:28:34.296542
TN87F0976,353201358041769,0.0,0.0,315.0,03/09/2025 21:53:43,12.9438483,80.18389,18389,2025-09-04T23:28:34.296701
TN87F0976,353201358041769,0.0,0.0,315.0,03/09/2025 21:53:13,12.9438483,80.18389,18389,2025-09-04T23:28:34.296864
TN87F0976,353201358041769,0.0,0.0,315.0,03/09/2025 21:52:43,12.9438483,80.18389,18389,2025-09-04T23:28:34.297051
TN87F0976,353201358041769,0.0,0.0,315.0,03/09/2025 21:52:13,12.9438483,80.18389,18389,2025-09-04T23:28:34.297235
TN87F0976,353201358041769,0.0,0.0,315.0,03/09/2025 21:51:43,12.9438483,80.18389,18389,2025-09-04T23:28:34.297424
TN87F0976,353201358041769,0.0,0.0,315.0,03/09/2025 21:51:13,12.9438483,80.18389,18389,2025-09-04T23:28:34.298013
TN87F0976,353201358041769,0.0,0.0,315.0,03/09/2025 21:50:43,12.9438483,80.18389,18389,2025-09-04T23:28:34.298225
TN87F0976,353201358041769,0.0,0.0,315.0,03/09/2025 21:50:13,12.9438483,80.18389,18389,2025-09-04T23:28:34.298451
TN87F0976,353201358041769,0.0,0.0,315.0,03/09/2025 21:49:43,12.9438483,80.18389,18389,2025-09-04T23:28:34.298678
TN87F0976,353201358041769,0.0,0.0,315.0,03/09/2025 21:49:13,12.9438483,80.18389,18389,2025-09-04T23:28:34.298897
TN87F0976,353201358041769,0.0,0.0,315.0,03/09/2025 21:48:43,12.9438483,80.18389,18389,2025-09-04T23:28:34.299143
TN87F0976,353201358041769,0.0,0.0,315.0,03/09/2025 21:48:13,12.9438483,80.18389,18389,2025-09-04T23:28:34.299413
TN87F0976,353201358041769,0.0,0.0,315.0,03/09/2025 21:47:43,12.9438483,80.18389,18389,2025-09-04T23:28:34.299626
TN87F0976,353201358041769,0.0,0.0,315.0,03/09/2025 21:47:13,12.9438483,80.18389,18389,2025-09-04T23:28:34.299862
TN87F0976,353201358041769,0.0,0.0,315.0,03/09/2025 21:46:43,12.9438483,80.18389,18389,2025-09-04T23:28:34.300077
TN87F0976,353201358041769,0.0,0.0,315.0,03/09/2025 21:46:13,12.9438483,80.18389,18389,2025-09-04T23:28:34.300358
TN87F0976,353201358041769,0.0,0.0,315.0,03/09/2025 21:45:43,12.9438483,80.18389,18389,2025-09-04T23:28:34.300569
TN87F0976,353201358041769,0.0,0.0,315.0,03/09/2025 21:45:13,12.9438483,80.18389,18389,2025-09-04T23:28:34.300868
TN87F0976,353201358041769,0.0,0.0,315.0,03/09/2025 21:44:43,12.9438483,80.18389,18389,2025-09-04T23:28:34.301323
TN87F0976,353201358041769,0.0,0.0,315.0,03/09/2025 21:44:13,12.9438483,80.18389,18389,2025-09-04T23:28:34.301542
TN87F0976,353201358041769,0.0,0.0,315.0,03/09/2025 21:43:43,12.9438483,80.18389,18389,2025-09-04T23:28:34.301731
TN87F0976,353201358041769,0.0,0.0,315.0,03/09/2025 21:43:13,12.9438483,80.18389,18389,2025-09-04T23:28:34.301912
TN87F0976,353201358041769,0.0,0.0,315.0,03/09/2025 21:42:43,12.9438483,80.18389,18389,2025-09-04T23:28:34.302085
TN87F0976,353201358041769,0.0,0.0,315.0,03/09/2025 21:42:13,12.9438483,80.18389,18389,2025-09-04T23:28:34.302277
TN87F0976,353201358041769,0.0,0.0,315.0,03/09/2025 21:41:43,12.9438483,80.18389,18389,2025-09-04T23:28:34.302481
TN87F0976,353201358041769,0.0,0.0,315.0,03/09/2025 21:41:13,12.9438483,80.18389,18389,2025-09-04T23:28:34.302689
TN87F0976,353201358041769,0.0,0.0,315.0,03/09/2025 21:40:43,12.9438483,80.18389,18389,2025-09-04T23:28:34.302919
TN87F0976,353201358041769,0.0,0.0,315.0,03/09/2025 21:40:13,12.9438483,80.18389,18389,2025-09-04T23:28:34.303173
TN87F0976,353201358041769,0.0,0.0,315.0,03/09/2025 21:39:43,12.9438483,80.18389,18389,2025-09-04T23:28:34.303391
TN87F0976,353201358041769,0.0,0.0,315.0,03/09/2025 21:39:13,12.9438483,80.18389,18389,2025-09-04T23:28:34.303616
TN87F0976,353201358041769,0.0,0.0,315.0,03/09/2025 21:38:43,12.9438483,80.18389,18389,2025-09-04T23:28:34.303878
TN87F0976,353201358041769,0.0,0.0,315.0,03/09/2025 21:38:13,12.9438483,80.18389,18389,2025-09-04T23:28:34.304082
TN87F0976,353201358041769,0.0,0.0,315.0,03/09/2025 21:37:43,12.9438483,80.18389,18389,2025-09-04T23:28:34.304296
TN87F0976,353201358041769,0.0,0.0,315.0,03/09/2025 21:37:13,12.9438483,80.18389,18389,2025-09-04T23:28:34.304488
TN87F0976,353201358041769,0.0,0.0,315.0,03/09/2025 21:36:43,12.9438483,80.18389,18389,2025-09-04T23:28:34.304647
TN87F0976,353201358041769,0.0,0.0,315.0,03/09/2025 21:36:13,12.9438483,80.18389,18389,2025-09-04T23:28:34.304793
TN87F0976,353201358041769,0.0,0.0,315.0,03/09/2025 21:35:43,12.9438483,80.18389,18389,2025-09-04T23:28:34.304966
TN87F0976,353201358041769,0.0,0.0,315.0,03/09/2025 21:35:13,12.9438483,80.18389,18389,2025-09-04T23:28:34.305125
TN87F0976,353201358041769,0.0,0.0,315.0,03/09/2025 21:34:43,12.9438483,80.18389,18389,2025-09-04T23:28:34.305248
TN87F0976,353201358041769,0.0,0.0,315.0,03/09/2025 21:34:13,12.9438483,80.18389,18389,2025-09-04T23:28:34.305401
TN87F0976,353201358041769,0.0,0.0,315.0,03/09/2025 21:33:43,12.9438483,80.18389,18389,2025-09-04T23:28:34.305547
TN87F0976,353201358041769,0.0,0.0,315.0,03/09/2025 21:33:13,12.9438483,80.18389,18389,2025-09-04T23:28:34.305651
TN87F0976,353201358041769,0.0,0.0,315.0,03/09/2025 21:32:43,12.9438483,80.18389,18389,2025-09-04T23:28:34.305769
TN87F0976,353201358041769,0.0,0.0,315.0,03/09/2025 21:32:13,12.9438483,80.18389,18389,2025-09-04T23:28:34.305901
TN87F0976,353201358041769,0.0,0.0,315.0,03/09/2025 21:31:43,12.9438483,80.18389,18389,2025-09-04T23:28:34.306017
TN87F0976,353201358041769,0.0,0.0,315.0,03/09/2025 21:31:13,12.9438483,80.18389,18389,2025-09-04T23:28:34.306142
TN87F0976,353201358041769,0.0,0.0,315.0,03/09/2025 21:30:43,12.9438483,80.18389,18389,2025-09-04T23:28:34.306249
TN87F0976,353201358041769,0.0,0.0,315.0,03/09/2025 21:30:13,12.9438483,80.18389,18389,2025-09-04T23:28:34.306376
TN87F0976,353201358041769,0.0,0.0,315.0,03/09/2025 21:29:43,12.9438483,80.18389,18389,2025-09-04T23:28:34.306507
TN87F0976,353201358041769,0.0,0.0,315.0,03/09/2025 21:29:13,12.9438483,80.18389,18389,2025-09-04T23:28:34.306624
TN87F0976,353201358041769,0.0,0.0,315.0,03/09/2025 21:28:43,12.9438483,80.18389,18389,2025-09-04T23:28:34.306753
TN87F0976,353201358041769,0.0,0.0,315.0,03/09/2025 21:28:13,12.9438483,80.18389,18389,2025-09-04T23:28:34.306875
TN87F0976,353201358041769,0.0,0.0,315.0,03/09/2025 21:27:43,12.9438483,80.18389,18389,2025-09-04T23:28:34.307008
TN87F0976,353201358041769,0.0,0.0,315.0,03/09/2025 21:27:13,12.9438483,80.18389,18389,2025-09-04T23:28:34.307125
TN87F0976,353201358041769,0.0,0.0,315.0,03/09/2025 21:26:43,12.9438483,80.18389,18389,2025-09-04T23:28:34.307251
TN87F0976,353201358041769,0.0,0.0,315.0,03/09/2025 21:26:13,12.9438483,80.18389,18389,2025-09-04T23:28:34.307372
TN87F0976,353201358041769,0.0,0.0,315.0,03/09/2025 21:25:43,12.9438483,80.18389,18389,2025-09-04T23:28:34.307499
TN87F0976,353201358041769,0.0,0.0,315.0,03/09/2025 21:25:13,12.9438483,80.18389,18389,2025-09-04T23:28:34.307674
TN87F0976,353201358041769,0.0,0.0,315.0,03/09/2025 21:24:43,12.9438483,80.18389,18389,2025-09-04T23:28:34.307881
TN87F0976,353201358041769,0.0,0.0,315.0,03/09/2025 21:24:13,12.9438483,80.18389,18389,2025-09-04T23:28:34.308082
TN87F0976,353201358041769,0.0,0.0,315.0,03/09/2025 21:23:43,12.9438483,80.18389,18389,2025-09-04T23:28:34.308255
TN87F0976,353201358041769,0.0,0.0,315.0,03/09/2025 21:23:13,12.9438483,80.18389,18389,2025-09-04T23:28:34.308372
TN87F0976,353201358041769,0.0,0.0,315.0,03/09/2025 21:22:43,12.9438483,80.18389,18389,2025-09-04T23:28:34.308472
TN87F0976,353201358041769,0.0,0.0,315.0,03/09/2025 21:22:13,12.9438483,80.18389,18389,2025-09-04T23:28:34.308577
TN87F0976,353201358041769,0.0,0.0,315.0,03/09/2025 21:21:43,12.9438483,80.18389,18389,2025-09-04T23:28:34.308718
TN87F0976,353201358041769,0.0,0.0,315.0,03/09/2025 21:21:13,12.9438483,80.18389,18389,2025-09-04T23:28:34.308844
TN87F0976,353201358041769,0.0,0.0,315.0,03/09/2025 21:20:43,12.9438483,80.18389,18389,2025-09-04T23:28:34.308998
TN87F0976,353201358041769,0.0,0.0,315.0,03/09/2025 21:20:13,12.9438483,80.18389,18389,2025-09-04T23:28:34.309122
TN87F0976,353201358041769,0.0,0.0,315.0,03/09/2025 21:19:43,12.9438483,80.18389,18389,2025-09-04T23:28:34.309242
TN87F0976,353201358041769,0.0,0.0,315.0,03/09/2025 21:19:13,12.9438483,80.18389,18389,2025-09-04T23:28:34.309382
TN87F0976,353201358041769,0.0,0.0,315.0,03/09/2025 21:18:43,12.9438483,80.18389,18389,2025-09-04T23:28:34.309516
TN87F0976,353201358041769,0.0,0.0,315.0,03/09/2025 21:18:13,12.9438483,80.18389,18389,2025-09-04T23:28:34.309655
TN87F0976,353201358041769,0.0,0.0,315.0,03/09/2025 21:17:43,12.9438483,80.18389,18389,2025-09-04T23:28:34.309788
TN87F0976,353201358041769,0.0,0.0,315.0,03/09/2025 21:17:13,12.9438483,80.18389,18389,2025-09-04T23:28:34.309899
TN87F0976,353201358041769,0.0,0.0,315.0,03/09/2025 21:16:43,12.9438483,80.18389,18389,2025-09-04T23:28:34.310011
TN87F0976,353201358041769,0.0,0.0,315.0,03/09/2025 21:16:13,12.9438483,80.18389,18389,2025-09-04T23:28:34.310141
TN87F0976,353201358041769,0.0,0.0,315.0,03/09/2025 21:15:43,12.9438483,80.18389,18389,2025-09-04T23:28:34.310267
TN87F0976,353201358041769,0.0,0.0,315.0,03/09/2025 21:15:13,12.9438483,80.18389,18389,2025-09-04T23:28:34.310402
TN87F0976,353201358041769,0.0,0.0,315.0,03/09/2025 21:14:43,12.9438483,80.18389,18389,2025-09-04T23:28:34.310524
TN87F0976,353201358041769,0.0,0.0,315.0,03/09/2025 21:14:13,12.9438483,80.18389,18389,2025-09-04T23:28:34.310645
TN87F0976,353201358041769,0.0,0.0,315.0,03/09/2025 21:13:43,12.9438483,80.18389,18389,2025-09-04T23:28:34.310761
TN87F0976,353201358041769,0.0,0.0,315.0,03/09/2025 21:13:13,12.9438483,80.18389,18389,2025-09-04T23:28:34.311245
TN87F0976,353201358041769,0.0,0.0,315.0,03/09/2025 21:12:43,12.9438483,80.18389,18389,2025-09-04T23:28:34.311450
TN87F0976,353201358041769,0.0,0.0,315.0,03/09/2025 21:12:13,12.9438483,80.18389,18389,2025-09-04T23:28:34.311586
TN87F0976,353201358041769,0.0,0.0,315.0,03/09/2025 21:11:43,12.9438483,80.18389,18389,2025-09-04T23:28:34.311710
TN87F0976,353201358041769,0.0,0.0,315.0,03/09/2025 21:11:13,12.9438483,80.18389,18389,2025-09-04T23:28:34.311854
TN87F0976,353201358041769,0.0,0.0,315.0,03/09/2025 21:10:43,12.9438483,80.18389,18389,2025-09-04T23:28:34.312047
TN87F0976,353201358041769,0.0,0.0,315.0,03/09/2025 21:10:13,12.9438483,80.18389,18389,2025-09-04T23:28:34.312237
TN87F0976,353201358041769,0.0,0.0,315.0,03/09/2025 21:09:43,12.9438483,80.18389,18389,2025-09-04T23:28:34.312403
TN87F0976,353201358041769,0.0,0.0,315.0,03/09/2025 21:09:13,12.9438483,80.18389,18389,2025-09-04T23:28:34.312633
TN87F0976,353201358041769,0.0,0.0,315.0,03/09/2025 21:08:43,12.9438483,80.18389,18389,2025-09-04T23:28:34.312824
TN87F0976,353201358041769,0.0,0.0,315.0,03/09/2025 21:08:13,12.9438483,80.18389,18389,2025-09-04T23:28:34.313033
TN87F0976,353201358041769,0.0,0.0,315.0,03/09/2025 21:07:43,12.9438483,80.18389,18389,2025-09-04T23:28:34.313228
TN87F0976,353201358041769,0.0,0.0,315.0,03/09/2025 21:07:13,12.9438483,80.18389,18389,2025-09-04T23:28:34.313421
TN87F0976,353201358041769,0.0,0.0,315.0,03/09/2025 21:06:43,12.9438483,80.18389,18389,2025-09-04T23:28:34.313581
TN87F0976,353201358041769,0.0,0.0,315.0,03/09/2025 21:06:13,12.9438483,80.18389,18389,2025-09-04T23:28:34.313707
TN87F0976,353201358041769,0.0,0.0,315.0,03/09/2025 21:05:43,12.9438483,80.18389,18389,2025-09-04T23:28:34.313855
TN87F0976,353201358041769,0.0,0.0,315.0,03/09/2025 21:05:13,12.9438483,80.18389,18389,2025-09-04T23:28:34.314065
TN87F0976,353201358041769,0.0,0.0,315.0,03/09/2025 21:04:43,12.9438483,80.18389,18389,2025-09-04T23:28:34.314255
TN87F0976,353201358041769,0.0,0.0,315.0,03/09/2025 21:04:13,12.9438483,80.18389,18389,2025-09-04T23:28:34.314435
TN87F0976,353201358041769,0.0,0.0,315.0,03/09/2025 21:03:43,12.9438483,80.18389,18389,2025-09-04T23:28:34.314595
TN87F0976,353201358041769,0.0,0.0,315.0,03/09/2025 21:03:13,12.9438483,80.18389,18389,2025-09-04T23:28:34.314752
TN87F0976,353201358041769,0.0,0.0,315.0,03/09/2025 21:02:43,12.9438483,80.18389,18389,2025-09-04T23:28:34.314913
TN87F0976,353201358041769,0.0,0.0,315.0,03/09/2025 21:02:13,12.9438483,80.18389,18389,2025-09-04T23:28:34.315070
TN87F0976,353201358041769,0.0,0.0,315.0,03/09/2025 21:01:43,12.9438483,80.18389,18389,2025-09-04T23:28:34.315210
TN87F0976,353201358041769,0.0,0.0,315.0,03/09/2025 21:01:13,12.9438483,80.18389,18389,2025-09-04T23:28:34.315352
TN87F0976,353201358041769,0.0,0.0,315.0,03/09/2025 21:00:43,12.9438483,80.18389,18389,2025-09-04T23:28:34.315510
TN87F0976,353201358041769,0.0,0.0,315.0,03/09/2025 21:00:13,12.9438483,80.18389,18389,2025-09-04T23:28:34.315655
TN87F0976,353201358041769,0.0,0.0,315.0,03/09/2025 20:59:43,12.9438483,80.18389,18389,2025-09-04T23:28:34.315827
TN87F0976,353201358041769,0.0,0.0,315.0,03/09/2025 20:59:13,12.9438483,80.18389,18389,2025-09-04T23:28:34.315989
TN87F0976,353201358041769,0.0,0.0,315.0,03/09/2025 20:58:43,12.9438483,80.18389,18389,2025-09-04T23:28:34.316177
TN87F0976,353201358041769,0.0,0.0,315.0,03/09/2025 20:58:13,12.9438483,80.18389,18389,2025-09-04T23:28:34.316350
TN87F0976,353201358041769,0.0,0.0,315.0,03/09/2025 20:57:43,12.9438483,80.18389,18389,2025-09-04T23:28:34.316470
TN87F0976,353201358041769,0.0,0.0,315.0,03/09/2025 20:57:13,12.9438483,80.18389,18389,2025-09-04T23:28:34.316578
TN87F0976,353201358041769,0.0,0.0,315.0,03/09/2025 20:56:43,12.9438483,80.18389,18389,2025-09-04T23:28:34.316704
TN87F0976,353201358041769,0.0,0.0,315.0,03/09/2025 20:56:13,12.9438483,80.18389,18389,2025-09-04T23:28:34.316841
TN87F0976,353201358041769,0.0,0.0,315.0,03/09/2025 20:55:43,12.9438483,80.18389,18389,2025-09-04T23:28:34.316954
TN87F0976,353201358041769,0.0,0.0,315.0,03/09/2025 20:55:13,12.9438483,80.18389,18389,2025-09-04T23:28:34.317077
TN87F0976,353201358041769,0.0,0.0,315.0,03/09/2025 20:54:43,12.9438483,80.18389,18389,2025-09-04T23:28:34.317181
TN87F0976,353201358041769,0.0,0.0,315.0,03/09/2025 20:54:13,12.9438483,80.18389,18389,2025-09-04T23:28:34.317323
TN87F0976,353201358041769,0.0,0.0,315.0,03/09/2025 20:53:43,12.9438483,80.18389,18389,2025-09-04T23:28:34.317448
TN87F0976,353201358041769,0.0,0.0,315.0,03/09/2025 20:53:13,12.9438483,80.18389,18389,2025-09-04T23:28:34.317615
TN87F0976,353201358041769,0.0,0.0,315.0,03/09/2025 20:52:43,12.9438483,80.18389,18389,2025-09-04T23:28:34.317771
TN87F0976,353201358041769,0.0,0.0,315.0,03/09/2025 20:52:13,12.9438483,80.18389,18389,2025-09-04T23:28:34.317911
TN87F0976,353201358041769,0.0,0.0,315.0,03/09/2025 20:51:43,12.9438483,80.18389,18389,2025-09-04T23:28:34.318078
TN87F0976,353201358041769,0.0,0.0,315.0,03/09/2025 20:51:13,12.9438483,80.18389,18389,2025-09-04T23:28:34.318201
TN87F0976,353201358041769,0.0,0.0,315.0,03/09/2025 20:50:43,12.9438483,80.18389,18389,2025-09-04T23:28:34.318330
TN87F0976,353201358041769,0.0,0.0,315.0,03/09/2025 20:50:13,12.9438483,80.18389,18389,2025-09-04T23:28:34.318454
TN87F0976,353201358041769,0.0,0.0,315.0,03/09/2025 20:49:43,12.9438483,80.18389,18389,2025-09-04T23:28:34.318555
TN87F0976,353201358041769,0.0,0.0,315.0,03/09/2025 20:49:13,12.9438483,80.18389,18389,2025-09-04T23:28:34.318668
TN87F0976,353201358041769,0.0,0.0,315.0,03/09/2025 20:48:43,12.9438483,80.18389,18389,2025-09-04T23:28:34.318792
TN87F0976,353201358041769,0.0,0.0,315.0,03/09/2025 20:48:13,12.9438483,80.18389,18389,2025-09-04T23:28:34.318991
TN87F0976,353201358041769,0.0,0.0,315.0,03/09/2025 20:47:43,12.9438483,80.18389,18389,2025-09-04T23:28:34.319161
TN87F0976,353201358041769,0.0,0.0,315.0,03/09/2025 20:47:13,12.9438483,80.18389,18389,2025-09-04T23:28:34.319323
TN87F0976,353201358041769,0.0,0.0,315.0,03/09/2025 20:46:43,12.9438483,80.18389,18389,2025-09-04T23:28:34.319483
TN87F0976,353201358041769,0.0,0.0,315.0,03/09/2025 20:46:13,12.9438483,80.18389,18389,2025-09-04T23:28:34.319629
TN87F0976,353201358041769,0.0,0.0,315.0,03/09/2025 20:45:43,12.9438483,80.18389,18389,2025-09-04T23:28:34.319799
TN87F0976,353201358041769,0.0,0.0,315.0,03/09/2025 20:45:13,12.9438483,80.18389,18389,2025-09-04T23:28:34.319929
TN87F0976,353201358041769,0.0,0.0,315.0,03/09/2025 20:44:43,12.9438483,80.18389,18389,2025-09-04T23:28:34.320058
TN87F0976,353201358041769,0.0,0.0,315.0,03/09/2025 20:44:13,12.9438483,80.18389,18389,2025-09-04T23:28:34.320188
TN87F0976,353201358041769,0.0,0.0,315.0,03/09/2025 20:43:43,12.9438483,80.18389,18389,2025-09-04T23:28:34.320293
TN87F0976,353201358041769,0.0,0.0,315.0,03/09/2025 20:43:13,12.9438483,80.18389,18389,2025-09-04T23:28:34.320397
TN87F0976,353201358041769,0.0,0.0,315.0,03/09/2025 20:42:43,12.9438483,80.18389,18389,2025-09-04T23:28:34.320515
TN87F0976,353201358041769,0.0,0.0,315.0,03/09/2025 20:42:13,12.9438483,80.18389,18389,2025-09-04T23:28:34.320643
TN87F0976,353201358041769,0.0,0.0,315.0,03/09/2025 20:41:43,12.9438483,80.18389,18389,2025-09-04T23:28:34.320781
TN87F0976,353201358041769,0.0,0.0,315.0,03/09/2025 20:41:13,12.9438483,80.18389,18389,2025-09-04T23:28:34.320914
TN87F0976,353201358041769,0.0,0.0,315.0,03/09/2025 20:40:43,12.9438483,80.18389,18389,2025-09-04T23:28:34.321038
TN87F0976,353201358041769,0.0,0.0,315.0,03/09/2025 20:40:13,12.9438483,80.18389,18389,2025-09-04T23:28:34.321157
TN87F0976,353201358041769,0.0,0.0,315.0,03/09/2025 20:39:43,12.9438483,80.18389,18389,2025-09-04T23:28:34.321282
TN87F0976,353201358041769,0.0,0.0,315.0,03/09/2025 20:39:13,12.9438483,80.18389,18389,2025-09-04T23:28:34.321408
TN87F0976,353201358041769,0.0,0.0,315.0,03/09/2025 20:38:43,12.9438483,80.18389,18389,2025-09-04T23:28:34.321516
TN87F0976,353201358041769,0.0,0.0,315.0,03/09/2025 20:38:13,12.9438483,80.18389,18389,2025-09-04T23:28:34.321617
TN87F0976,353201358041769,0.0,0.0,315.0,03/09/2025 20:37:43,12.9438483,80.18389,18389,2025-09-04T23:28:34.321733
TN87F0976,353201358041769,0.0,0.0,315.0,03/09/2025 20:37:13,12.9438483,80.18389,18389,2025-09-04T23:28:34.321877
TN87F0976,353201358041769,0.0,0.0,315.0,03/09/2025 20:36:43,12.9438483,80.18389,18389,2025-09-04T23:28:34.322039
TN87F0976,353201358041769,0.0,0.0,315.0,03/09/2025 20:36:13,12.9438483,80.18389,18389,2025-09-04T23:28:34.322199
TN87F0976,353201358041769,0.0,0.0,315.0,03/09/2025 20:35:43,12.9438483,80.18389,18389,2025-09-04T23:28:34.322322
TN87F0976,353201358041769,0.0,0.0,315.0,03/09/2025 20:35:13,12.9438483,80.18389,18389,2025-09-04T23:28:34.322442
TN87F0976,353201358041769,0.0,0.0,315.0,03/09/2025 20:34:43,12.9438483,80.18389,18389,2025-09-04T23:28:34.322584
TN87F0976,353201358041769,0.0,0.0,315.0,03/09/2025 20:34:13,12.9438483,80.18389,18389,2025-09-04T23:28:34.322713
TN87F0976,353201358041769,0.0,0.0,315.0,03/09/2025 20:33:43,12.9438483,80.18389,18389,2025-09-04T23:28:34.322812
TN87F0976,353201358041769,0.0,0.0,315.0,03/09/2025 20:33:13,12.9438483,80.18389,18389,2025-09-04T23:28:34.322990
TN87F0976,353201358041769,0.0,0.0,315.0,03/09/2025 20:32:43,12.9438483,80.18389,18389,2025-09-04T23:28:34.323184
TN87F0976,353201358041769,0.0,0.0,315.0,03/09/2025 20:32:13,12.9438483,80.18389,18389,2025-09-04T23:28:34.323374
TN87F0976,353201358041769,0.0,0.0,315.0,03/09/2025 20:31:43,12.9438483,80.18389,18389,2025-09-04T23:28:34.323525
TN87F0976,353201358041769,0.0,0.0,315.0,03/09/2025 20:31:13,12.9438483,80.18389,18389,2025-09-04T23:28:34.323667
TN87F0976,353201358041769,0.0,0.0,315.0,03/09/2025 20:30:43,12.9438483,80.18389,18389,2025-09-04T23:28:34.323813
TN87F0976,353201358041769,0.0,0.0,315.0,03/09/2025 20:30:13,12.9438483,80.18389,18389,2025-09-04T23:28:34.323959
TN87F0976,353201358041769,0.0,0.0,315.0,03/09/2025 20:29:43,12.9438483,80.18389,18389,2025-09-04T23:28:34.324100
TN87F0976,353201358041769,0.0,0.0,315.0,03/09/2025 20:29:13,12.9438483,80.18389,18389,2025-09-04T23:28:34.324239
TN87F0976,353201358041769,0.0,0.0,315.0,03/09/2025 20:28:43,12.9438483,80.18389,18389,2025-09-04T23:28:34.324378
TN87F0976,353201358041769,0.0,0.0,315.0,03/09/2025 20:28:13,12.9438483,80.18389,18389,2025-09-04T23:28:34.324482
TN87F0976,353201358041769,0.0,0.0,315.0,03/09/2025 20:27:43,12.9438483,80.18389,18389,2025-09-04T23:28:34.324684
TN87F0976,353201358041769,0.0,0.0,315.0,03/09/2025 20:27:13,12.9438483,80.18389,18389,2025-09-04T23:28:34.324840
TN87F0976,353201358041769,0.0,0.0,315.0,03/09/2025 20:26:43,12.9438483,80.18389,18389,2025-09-04T23:28:34.325003
TN87F0976,353201358041769,0.0,0.0,315.0,03/09/2025 20:26:13,12.9438483,80.18389,18389,2025-09-04T23:28:34.325176
TN87F0976,353201358041769,0.0,0.0,315.0,03/09/2025 20:25:43,12.9438483,80.18389,18389,2025-09-04T23:28:34.325339
TN87F0976,353201358041769,0.0,0.0,315.0,03/09/2025 20:25:13,12.9438483,80.18389,18389,2025-09-04T23:28:34.325524
TN87F0976,353201358041769,0.0,0.0,315.0,03/09/2025 20:24:43,12.9438483,80.18389,18389,2025-09-04T23:28:34.325708
TN87F0976,353201358041769,0.0,0.0,315.0,03/09/2025 20:24:13,12.9438483,80.18389,18389,2025-09-04T23:28:34.325878
TN87F0976,353201358041769,0.0,0.0,315.0,03/09/2025 20:23:43,12.9438483,80.18389,18389,2025-09-04T23:28:34.326063
TN87F0976,353201358041769,0.0,0.0,315.0,03/09/2025 20:23:13,12.9438483,80.18389,18389,2025-09-04T23:28:34.326248
TN87F0976,353201358041769,0.0,0.0,315.0,03/09/2025 20:22:43,12.9438483,80.18389,18389,2025-09-04T23:28:34.326421
TN87F0976,353201358041769,0.0,0.0,315.0,03/09/2025 20:22:13,12.9438483,80.18389,18389,2025-09-04T23:28:34.326591
TN87F0976,353201358041769,0.0,0.0,315.0,03/09/2025 20:21:43,12.9438483,80.18389,18389,2025-09-04T23:28:34.326754
TN87F0976,353201358041769,0.0,0.0,315.0,03/09/2025 20:21:13,12.9438483,80.18389,18389,2025-09-04T23:28:34.326901
TN87F0976,353201358041769,0.0,0.0,315.0,03/09/2025 20:20:43,12.9438483,80.18389,18389,2025-09-04T23:28:34.327038
TN87F0976,353201358041769,0.0,0.0,315.0,03/09/2025 20:20:13,12.9438483,80.18389,18389,2025-09-04T23:28:34.327289
TN87F0976,353201358041769,0.0,0.0,315.0,03/09/2025 20:19:43,12.9438483,80.18389,18389,2025-09-04T23:28:34.327465
TN87F0976,353201358041769,0.0,0.0,315.0,03/09/2025 20:19:13,12.9438483,80.18389,18389,2025-09-04T23:28:34.327646
TN87F0976,353201358041769,0.0,0.0,315.0,03/09/2025 20:18:43,12.9438483,80.18389,18389,2025-09-04T23:28:34.327794
TN87F0976,353201358041769,0.0,0.0,315.0,03/09/2025 20:18:13,12.9438483,80.18389,18389,2025-09-04T23:28:34.327933
TN87F0976,353201358041769,0.0,0.0,315.0,03/09/2025 20:17:43,12.9438483,80.18389,18389,2025-09-04T23:28:34.328070
TN87F0976,353201358041769,0.0,0.0,315.0,03/09/2025 20:17:13,12.9438483,80.18389,18389,2025-09-04T23:28:34.328216
TN87F0976,353201358041769,0.0,0.0,315.0,03/09/2025 20:16:43,12.9438483,80.18389,18389,2025-09-04T23:28:34.328350
TN87F0976,353201358041769,0.0,0.0,315.0,03/09/2025 20:16:13,12.9438483,80.18389,18389,2025-09-04T23:28:34.328471
TN87F0976,353201358041769,0.0,0.0,315.0,03/09/2025 20:15:43,12.9438483,80.18389,18389,2025-09-04T23:28:34.328597
TN87F0976,353201358041769,0.0,0.0,315.0,03/09/2025 20:15:13,12.9438483,80.18389,18389,2025-09-04T23:28:34.328742
TN87F0976,353201358041769,0.0,0.0,315.0,03/09/2025 20:14:43,12.9438483,80.18389,18389,2025-09-04T23:28:34.328862
TN87F0976,353201358041769,0.0,0.0,315.0,03/09/2025 20:14:13,12.9438483,80.18389,18389,2025-09-04T23:28:34.328996
TN87F0976,353201358041769,0.0,0.0,315.0,03/09/2025 20:13:43,12.9438483,80.18389,18389,2025-09-04T23:28:34.329130
TN87F0976,353201358041769,0.0,0.0,315.0,03/09/2025 20:13:13,12.9438483,80.18389,18389,2025-09-04T23:28:34.329271
TN87F0976,353201358041769,0.0,0.0,315.0,03/09/2025 20:12:43,12.9438483,80.18389,18389,2025-09-04T23:28:34.329411
TN87F0976,353201358041769,0.0,0.0,315.0,03/09/2025 20:12:13,12.9438483,80.18389,18389,2025-09-04T23:28:34.329547
TN87F0976,353201358041769,0.0,0.0,315.0,03/09/2025 20:11:43,12.9438483,80.18389,18389,2025-09-04T23:28:34.329675
TN87F0976,353201358041769,0.0,0.0,315.0,03/09/2025 20:11:13,12.9438483,80.18389,18389,2025-09-04T23:28:34.329815
TN87F0976,353201358041769,0.0,0.0,315.0,03/09/2025 20:10:43,12.9438483,80.18389,18389,2025-09-04T23:28:34.329939
TN87F0976,353201358041769,0.0,0.0,315.0,03/09/2025 20:10:13,12.9438483,80.18389,18389,2025-09-04T23:28:34.330064
TN87F0976,353201358041769,0.0,0.0,315.0,03/09/2025 20:09:43,12.9438483,80.18389,18389,2025-09-04T23:28:34.330188
TN87F0976,353201358041769,0.0,0.0,315.0,03/09/2025 20:09:13,12.9438483,80.18389,18389,2025-09-04T23:28:34.330317
TN87F0976,353201358041769,0.0,0.0,315.0,03/09/2025 20:08:43,12.9438483,80.18389,18389,2025-09-04T23:28:34.330440
TN87F0976,353201358041769,0.0,0.0,315.0,03/09/2025 20:08:13,12.9438483,80.18389,18389,2025-09-04T23:28:34.330568
TN87F0976,353201358041769,0.0,0.0,315.0,03/09/2025 20:07:43,12.9438483,80.18389,18389,2025-09-04T23:28:34.330687
TN87F0976,353201358041769,0.0,0.0,314.0,03/09/2025 20:07:13,12.9438483,80.18389,18389,2025-09-04T23:28:34.330822
TN87F0976,353201358041769,0.0,0.0,314.0,03/09/2025 20:06:43,12.9438483,80.18389,18389,2025-09-04T23:28:34.330929
TN87F0976,353201358041769,0.0,0.0,314.0,03/09/2025 20:06:13,12.9438483,80.18389,18389,2025-09-04T23:28:34.331052
TN87F0976,353201358041769,0.0,0.0,315.0,03/09/2025 20:05:43,12.9438483,80.18389,18389,2025-09-04T23:28:34.331174
TN87F0976,353201358041769,0.0,0.0,317.0,03/09/2025 20:05:13,12.9438483,80.18389,18389,2025-09-04T23:28:34.331285
TN87F0976,353201358041769,0.0,0.0,318.0,03/09/2025 20:04:43,12.9438483,80.18389,18389,2025-09-04T23:28:34.331409
TN87F0976,353201358041769,0.0,0.0,318.0,03/09/2025 20:04:41,12.9438483,80.18389,18389,2025-09-04T23:28:34.331536
TN87F0976,353201358041769,0.0,0.0,318.0,03/09/2025 20:04:39,12.9438483,80.18389,18389,2025-09-04T23:28:34.331654
TN87F0976,353201358041769,0.0,0.0,318.0,03/09/2025 20:04:34,12.9438483,80.18389,18389,2025-09-04T23:28:34.331822
TN87F0976,353201358041769,0.0,0.0,318.0,03/09/2025 20:04:29,12.9438483,80.18389,18389,2025-09-04T23:28:34.332034
TN87F0976,353201358041769,0.0,0.0,318.0,03/09/2025 20:04:24,12.9438483,80.18389,18389,2025-09-04T23:28:34.332161
TN87F0976,353201358041769,0.0,0.0,318.0,03/09/2025 20:04:19,12.9438483,80.18389,18389,2025-09-04T23:28:34.332287
TN87F0976,353201358041769,0.0,0.0,318.0,03/09/2025 20:04:14,12.9438483,80.18389,18389,2025-09-04T23:28:34.332444
TN87F0976,353201358041769,0.0,0.0,318.0,03/09/2025 20:04:09,12.9438483,80.18389,18389,2025-09-04T23:28:34.332616
TN87F0976,353201358041769,0.0,0.0,318.0,03/09/2025 20:04:04,12.9438483,80.18389,18389,2025-09-04T23:28:34.332770
TN87F0976,353201358041769,0.0,0.0,318.0,03/09/2025 20:03:59,12.9438483,80.18389,18389,2025-09-04T23:28:34.332959
TN87F0976,353201358041769,0.0,0.0,318.0,03/09/2025 20:03:54,12.9438483,80.18389,18389,2025-09-04T23:28:34.333150
TN87F0976,353201358041769,0.0,0.0,318.0,03/09/2025 20:03:49,12.9438483,80.18389,18389,2025-09-04T23:28:34.333344
TN87F0976,353201358041769,0.0,0.0,319.0,03/09/2025 20:03:44,12.9438483,80.18389,18389,2025-09-04T23:28:34.333512
TN87F0976,353201358041769,0.0,0.0,319.0,03/09/2025 20:03:39,12.9438483,80.18389,18389,2025-09-04T23:28:34.333662
TN87F0976,353201358041769,0.0,0.0,319.0,03/09/2025 20:03:34,12.9438483,80.18389,18389,2025-09-04T23:28:34.333807
TN87F0976,353201358041769,0.0,0.0,319.0,03/09/2025 20:03:29,12.9438483,80.18389,18389,2025-09-04T23:28:34.333963
TN87F0976,353201358041769,0.0,0.0,319.0,03/09/2025 20:03:24,12.9438483,80.18389,18389,2025-09-04T23:28:34.334368
TN87F0976,353201358041769,0.0,0.0,319.0,03/09/2025 20:03:19,12.9438483,80.18389,18389,2025-09-04T23:28:34.334571
TN87F0976,353201358041769,0.0,0.0,319.0,03/09/2025 20:03:14,12.9438483,80.18389,18389,2025-09-04T23:28:34.334768
TN87F0976,353201358041769,0.0,0.0,319.0,03/09/2025 20:03:09,12.9438583,80.1839333,1839333,2025-09-04T23:28:34.334940
TN87F0976,353201358041769,0.0,0.0,319.0,03/09/2025 20:03:04,12.9438366,80.1840366,1840366,2025-09-04T23:28:34.335069
TN87F0976,353201358041769,0.0,0.0,319.0,03/09/2025 20:02:59,12.9438366,80.1840366,1840366,2025-09-04T23:28:34.335226
TN87F0976,353201358041769,0.0,0.0,319.0,03/09/2025 20:02:54,12.9438366,80.1840366,1840366,2025-09-04T23:28:34.335342
TN87F0976,353201358041769,0.0,0.0,319.0,03/09/2025 20:02:49,12.9438366,80.1840366,1840366,2025-09-04T23:28:34.335455
TN87F0976,353201358041769,0.0,0.0,319.0,03/09/2025 20:02:44,12.9438383,80.1840333,1840333,2025-09-04T23:28:34.335578
TN87F0976,353201358041769,4.0,0.01,319.0,03/09/2025 20:02:39,12.94383,80.1839783,1839783,2025-09-04T23:28:34.335771
TN87F0976,353201358041769,0.0,0.01,319.0,03/09/2025 20:02:34,12.9438233,80.1839299,1839299,2025-09-04T23:28:34.335896
TN87F0976,353201358041769,0.0,0.01,319.0,03/09/2025 20:02:29,12.9438233,80.1839299,1839299,2025-09-04T23:28:34.336026
TN87F0976,353201358041769,0.0,0.01,319.0,03/09/2025 20:02:04,12.9439016,80.1838583,1838583,2025-09-04T23:28:34.336151
TN87F0976,353201358041769,0.0,0.01,319.0,03/09/2025 20:01:34,12.9439016,80.1838583,1838583,2025-09-04T23:28:34.336259
TN87F0976,353201358041769,0.0,0.01,319.0,03/09/2025 20:01:04,12.9439016,80.1838583,1838583,2025-09-04T23:28:34.336366
TN87F0976,353201358041769,0.0,0.01,319.0,03/09/2025 20:00:34,12.9439016,80.1838583,1838583,2025-09-04T23:28:34.336491
TN87F0976,353201358041769,0.0,0.01,319.0,03/09/2025 20:00:04,12.9439016,80.1838583,1838583,2025-09-04T23:28:34.336625
TN87F0976,353201358041769,0.0,0.01,319.0,03/09/2025 19:59:34,12.9439016,80.1838583,1838583,2025-09-04T23:28:34.336749
TN87F0976,353201358041769,0.0,0.01,319.0,03/09/2025 19:59:04,12.9439016,80.1838583,1838583,2025-09-04T23:28:34.336884
TN87F0976,353201358041769,0.0,0.01,319.0,03/09/2025 19:58:34,12.9439016,80.1838583,1838583,2025-09-04T23:28:34.337031
TN87F0976,353201358041769,0.0,0.01,319.0,03/09/2025 19:58:04,12.9439016,80.1838583,1838583,2025-09-04T23:28:34.337158
TN87F0976,353201358041769,0.0,0.01,319.0,03/09/2025 19:57:34,12.9439016,80.1838583,1838583,2025-09-04T23:28:34.337293
TN87F0976,353201358041769,0.0,0.01,319.0,03/09/2025 19:57:04,12.9439016,80.1838583,1838583,2025-09-04T23:28:34.337422
TN87F0976,353201358041769,0.0,0.01,319.0,03/09/2025 19:56:34,12.9439016,80.1838583,1838583,2025-09-04T23:28:34.337586
TN87F0976,353201358041769,0.0,0.01,319.0,03/09/2025 19:56:04,12.9439016,80.1838583,1838583,2025-09-04T23:28:34.337769
TN87F0976,353201358041769,0.0,0.01,320.0,03/09/2025 19:55:34,12.9439016,80.1838583,1838583,2025-09-04T23:28:34.338040
TN87F0976,353201358041769,0.0,0.01,321.0,03/09/2025 19:55:04,12.9439016,80.1838583,1838583,2025-09-04T23:28:34.338247
TN87F0976,353201358041769,0.0,0.01,323.0,03/09/2025 19:54:34,12.9439016,80.1838583,1838583,2025-09-04T23:28:34.338442
TN87F0976,353201358041769,0.0,0.01,325.0,03/09/2025 19:54:04,12.9439016,80.1838583,1838583,2025-09-04T23:28:34.338592
TN87F0976,353201358041769,0.0,0.01,326.0,03/09/2025 19:53:34,12.9439016,80.1838583,1838583,2025-09-04T23:28:34.338770
TN87F0976,353201358041769,0.0,0.01,325.0,03/09/2025 19:53:04,12.9439016,80.1838583,1838583,2025-09-04T23:28:34.338935
TN87F0976,353201358041769,0.0,0.01,323.0,03/09/2025 19:52:34,12.9439016,80.1838583,1838583,2025-09-04T23:28:34.339122
TN87F0976,353201358041769,0.0,0.01,320.0,03/09/2025 19:52:04,12.9439016,80.1838583,1838583,2025-09-04T23:28:34.339331
TN87F0976,353201358041769,0.0,0.01,320.0,03/09/2025 19:52:01,12.9439016,80.1838583,1838583,2025-09-04T23:28:34.339540
TN87F0976,353201358041769,0.0,0.01,320.0,03/09/2025 19:51:56,12.9439016,80.1838583,1838583,2025-09-04T23:28:34.339746
TN87F0976,353201358041769,0.0,0.01,320.0,03/09/2025 19:51:51,12.9439016,80.1838583,1838583,2025-09-04T23:28:34.339987
TN87F0976,353201358041769,0.0,0.01,317.0,03/09/2025 19:51:46,12.9439016,80.1838583,1838583,2025-09-04T23:28:34.340219
TN87F0976,353201358041769,0.0,0.01,317.0,03/09/2025 19:51:41,12.9439016,80.1838583,1838583,2025-09-04T23:28:34.340379
TN87F0976,353201358041769,0.0,0.01,317.0,03/09/2025 19:51:36,12.9439016,80.1838583,1838583,2025-09-04T23:28:34.340515
TN87F0976,353201358041769,0.0,0.01,317.0,03/09/2025 19:51:31,12.9439016,80.1838583,1838583,2025-09-04T23:28:34.340704
TN87F0976,353201358041769,0.0,0.01,317.0,03/09/2025 19:51:26,12.9439016,80.1838583,1838583,2025-09-04T23:28:34.340868
TN87F0976,353201358041769,0.0,0.01,317.0,03/09/2025 19:51:21,12.9439016,80.1838583,1838583,2025-09-04T23:28:34.341003
TN87F0976,353201358041769,0.0,0.01,315.0,03/09/2025 19:51:16,12.9439016,80.1838583,1838583,2025-09-04T23:28:34.341145
TN87F0976,353201358041769,0.0,0.01,315.0,03/09/2025 19:51:11,12.9439016,80.1838583,1838583,2025-09-04T23:28:34.341290
TN87F0976,353201358041769,0.0,0.01,315.0,03/09/2025 19:51:06,12.9439016,80.1838583,1838583,2025-09-04T23:28:34.341446
TN87F0976,353201358041769,0.0,0.01,315.0,03/09/2025 19:51:01,12.9439016,80.1838583,1838583,2025-09-04T23:28:34.341600
TN87F0976,353201358041769,6.0,0.01,315.0,03/09/2025 19:50:56,12.9439166,80.18383,18383,2025-09-04T23:28:34.341745
TN87F0976,353201358041769,6.0,0.02,315.0,03/09/2025 19:50:54,12.9439333,80.1837983,1837983,2025-09-04T23:28:34.341934
TN87F0976,353201358041769,7.0,0.02,312.0,03/09/2025 19:50:51,12.9439716,80.1837566,1837566,2025-09-04T23:28:34.342083
TN87F0976,353201358041769,9.0,0.04,312.0,03/09/2025 19:50:48,12.9440249,80.1837083,1837083,2025-09-04T23:28:34.342231
TN87F0976,353201358041769,10.0,0.05,312.0,03/09/2025 19:50:43,12.9441416,80.1836083,1836083,2025-09-04T23:28:34.342341
TN87F0976,353201358041769,8.0,0.06,312.0,03/09/2025 19:50:40,12.9441983,80.183545,183545,2025-09-04T23:28:34.342444
TN87F0976,353201358041769,7.0,0.07,312.0,03/09/2025 19:50:35,12.9442483,80.1834383,1834383,2025-09-04T23:28:34.342609
TN87F0976,353201358041769,6.0,0.07,312.0,03/09/2025 19:50:30,12.944265,80.18335,18335,2025-09-04T23:28:34.342763
TN87F0976,353201358041769,6.0,0.08,312.0,03/09/2025 19:50:29,12.9442683,80.1833366,1833366,2025-09-04T23:28:34.342952
TN87F0976,353201358041769,6.0,0.08,312.0,03/09/2025 19:50:27,12.944275,80.1833016,1833016,2025-09-04T23:28:34.343130
TN87F0976,353201358041769,0.0,0.08,312.0,03/09/2025 19:50:25,12.9442883,80.183245,183245,2025-09-04T23:28:34.343296
TN87F0976,353201358041769,6.0,0.09,312.0,03/09/2025 19:50:20,12.9442866,80.1832216,1832216,2025-09-04T23:28:34.343491
TN87F0976,353201358041769,6.0,0.09,312.0,03/09/2025 19:50:19,12.9442883,80.1832033,1832033,2025-09-04T23:28:34.343648
TN87F0976,353201358041769,7.0,0.09,312.0,03/09/2025 19:50:17,12.9442983,80.1831766,1831766,2025-09-04T23:28:34.343810
TN87F0976,353201358041769,9.0,0.09,309.0,03/09/2025 19:50:16,12.9443016,80.183155,183155,2025-09-04T23:28:34.343955
TN87F0976,353201358041769,8.0,0.1,309.0,03/09/2025 19:50:15,12.9443133,80.1831316,1831316,2025-09-04T23:28:34.344087
TN87F0976,353201358041769,10.0,0.1,309.0,03/09/2025 19:50:14,12.944335,80.183115,183115,2025-09-04T23:28:34.344190
TN87F0976,353201358041769,16.0,0.13,309.0,03/09/2025 19:50:12,12.9444016,80.1831033,1831033,2025-09-04T23:28:34.344297
TN87F0976,353201358041769,23.0,0.16,309.0,03/09/2025 19:50:08,12.944605,80.1831216,1831216,2025-09-04T23:28:34.344420
TN87F0976,353201358041769,24.0,0.19,309.0,03/09/2025 19:50:03,12.9449116,80.1831383,1831383,2025-09-04T23:28:34.344555
TN87F0976,353201358041769,24.0,0.23,309.0,03/09/2025 19:49:58,12.9452116,80.1831599,1831599,2025-09-04T23:28:34.344692
TN87F0976,353201358041769,18.0,0.25,309.0,03/09/2025 19:49:53,12.9454833,80.1832133,1832133,2025-09-04T23:28:34.344794
TN87F0976,353201358041769,19.0,0.28,309.0,03/09/2025 19:49:48,12.9456716,80.1832999,1832999,2025-09-04T23:28:34.344895
TN87F0976,353201358041769,22.0,0.31,307.0,03/09/2025 19:49:43,12.945895,80.1834466,1834466,2025-09-04T23:28:34.345010
TN87F0976,353201358041769,23.0,0.35,307.0,03/09/2025 19:49:38,12.9461283,80.183605,183605,2025-09-04T23:28:34.345143
TN87F0976,353201358041769,27.0,0.39,307.0,03/09/2025 19:49:33,12.9463899,80.1838083,1838083,2025-09-04T23:28:34.345280
TN87F0976,353201358041769,29.0,0.43,307.0,03/09/2025 19:49:28,12.9466633,80.1840499,1840499,2025-09-04T23:28:34.345395
TN87F0976,353201358041769,26.0,0.46,304.0,03/09/2025 19:49:23,12.9469549,80.1842783,1842783,2025-09-04T23:28:34.345500
TN87F0976,353201358041769,27.0,0.5,304.0,03/09/2025 19:49:18,12.947215,80.1844883,1844883,2025-09-04T23:28:34.345640
TN87F0976,353201358041769,26.0,0.54,304.0,03/09/2025 19:49:13,12.9475016,80.1847116,1847116,2025-09-04T23:28:34.345745
TN87F0976,353201358041769,21.0,0.57,304.0,03/09/2025 19:49:08,12.9477716,80.184885,184885,2025-09-04T23:28:34.345845
TN87F0976,353201358041769,20.0,0.59,304.0,03/09/2025 19:49:03,12.948015,80.1849933,1849933,2025-09-04T23:28:34.345964
TN87F0976,353201358041769,12.0,0.61,304.0,03/09/2025 19:48:58,12.94822,80.18507,18507,2025-09-04T23:28:34.346097
TN87F0976,353201358041769,14.0,0.62,304.0,03/09/2025 19:48:53,12.9483516,80.1851266,1851266,2025-09-04T23:28:34.346202
TN87F0976,353201358041769,9.0,0.64,304.0,03/09/2025 19:48:49,12.948485,80.1851766,1851766,2025-09-04T23:28:34.346312
TN87F0976,353201358041769,7.0,0.64,304.0,03/09/2025 19:48:44,12.94862,80.1852049,1852049,2025-09-04T23:28:34.346448
TN87F0976,353201358041769,7.0,0.64,304.0,03/09/2025 19:48:43,12.9486416,80.1852083,1852083,2025-09-04T23:28:34.346549
TN87F0976,353201358041769,10.0,0.66,304.0,03/09/2025 19:48:42,12.9486683,80.18521,18521,2025-09-04T23:28:34.346682
TN87F0976,353201358041769,7.0,0.67,304.0,03/09/2025 19:48:37,12.9487966,80.1852516,1852516,2025-09-04T23:28:34.346785
TN87F0976,353201358041769,6.0,0.68,304.0,03/09/2025 19:48:34,12.94885,80.1852733,1852733,2025-09-04T23:28:34.346901
TN87F0976,353201358041769,7.0,0.68,304.0,03/09/2025 19:48:29,12.9489283,80.185315,185315,2025-09-04T23:28:34.347036
TN87F0976,353201358041769,7.0,0.68,304.0,03/09/2025 19:48:27,12.9489633,80.1853183,1853183,2025-09-04T23:28:34.347162
TN87F0976,353201358041769,10.0,0.69,304.0,03/09/2025 19:48:26,12.9489766,80.1853016,1853016,2025-09-04T23:28:34.347295
TN87F0976,353201358041769,7.0,0.69,304.0,03/09/2025 19:48:24,12.949,80.18534,18534,2025-09-04T23:28:34.347411
TN87F0976,353201358041769,4.0,0.7,304.0,03/09/2025 19:48:21,12.9490216,80.185375,185375,2025-09-04T23:28:34.347554
TN87F0976,353201358041769,0.0,0.7,306.0,03/09/2025 19:48:16,12.94906,80.1854683,1854683,2025-09-04T23:28:34.347692
TN87F0976,353201358041769,0.0,0.7,306.0,03/09/2025 19:48:11,12.94906,80.1854683,1854683,2025-09-04T23:28:34.347879
TN87F0976,353201358041769,3.0,0.71,306.0,03/09/2025 19:48:06,12.94906,80.1854916,1854916,2025-09-04T23:28:34.348049
TN87F0976,353201358041769,0.0,0.71,306.0,03/09/2025 19:48:01,12.9491033,80.1855416,1855416,2025-09-04T23:28:34.348196
TN87F0976,353201358041769,0.0,0.71,306.0,03/09/2025 19:47:56,12.9491033,80.1855416,1855416,2025-09-04T23:28:34.348340
TN87F0976,353201358041769,0.0,0.71,312.0,03/09/2025 19:47:51,12.9491033,80.1855416,1855416,2025-09-04T23:28:34.348466
TN87F0976,353201358041769,0.0,0.71,312.0,03/09/2025 19:47:46,12.9491033,80.1855416,1855416,2025-09-04T23:28:34.348621
TN87F0976,353201358041769,0.0,0.71,312.0,03/09/2025 19:47:41,12.9491033,80.1855416,1855416,2025-09-04T23:28:34.348727
TN87F0976,353201358041769,0.0,0.71,312.0,03/09/2025 19:47:36,12.9491033,80.1855416,1855416,2025-09-04T23:28:34.348834
TN87F0976,353201358041769,0.0,0.71,312.0,03/09/2025 19:47:31,12.9491033,80.1855416,1855416,2025-09-04T23:28:34.348962
TN87F0976,353201358041769,0.0,0.71,319.0,03/09/2025 19:47:26,12.9491033,80.1855416,1855416,2025-09-04T23:28:34.349096
TN87F0976,353201358041769,0.0,0.71,319.0,03/09/2025 19:47:21,12.9491033,80.1855416,1855416,2025-09-04T23:28:34.349237
TN87F0976,353201358041769,3.0,0.72,319.0,03/09/2025 19:47:16,12.9491066,80.185555,185555,2025-09-04T23:28:34.349360
TN87F0976,353201358041769,6.0,0.73,319.0,03/09/2025 19:47:11,12.94911,80.1856366,1856366,2025-09-04T23:28:34.349510
TN87F0976,353201358041769,5.0,0.74,319.0,03/09/2025 19:47:06,12.9491083,80.1857266,1857266,2025-09-04T23:28:34.349641
TN87F0976,353201358041769,4.0,0.74,319.0,03/09/2025 19:47:01,12.94909,80.1858,1858,2025-09-04T23:28:34.349762
TN87F0976,353201358041769,0.0,0.74,319.0,03/09/2025 19:46:56,12.9490799,80.1858433,1858433,2025-09-04T23:28:34.349880
TN87F0976,353201358041769,0.0,0.74,319.0,03/09/2025 19:46:51,12.9490733,80.1859033,1859033,2025-09-04T23:28:34.349982
TN87F0976,353201358041769,6.0,0.75,320.0,03/09/2025 19:46:46,12.9490799,80.18594,18594,2025-09-04T23:28:34.350096
TN87F0976,353201358041769,0.0,0.75,320.0,03/09/2025 19:46:41,12.94906,80.1860416,1860416,2025-09-04T23:28:34.350221
TN87F0976,353201358041769,0.0,0.75,320.0,03/09/2025 19:46:36,12.94906,80.1860416,1860416,2025-09-04T23:28:34.350340
TN87F0976,353201358041769,0.0,0.75,320.0,03/09/2025 19:46:31,12.94906,80.1860416,1860416,2025-09-04T23:28:34.350441
TN87F0976,353201358041769,0.0,0.75,320.0,03/09/2025 19:46:26,12.94906,80.1860416,1860416,2025-09-04T23:28:34.350564
TN87F0976,353201358041769,0.0,0.75,320.0,03/09/2025 19:46:21,12.94906,80.1860416,1860416,2025-09-04T23:28:34.350801
TN87F0976,353201358041769,5.0,0.76,318.0,03/09/2025 19:46:16,12.9490433,80.1860633,1860633,2025-09-04T23:28:34.351002
TN87F0976,353201358041769,6.0,0.77,318.0,03/09/2025 19:46:11,12.9490033,80.1861083,1861083,2025-09-04T23:28:34.351170
TN87F0976,353201358041769,0.0,0.77,318.0,03/09/2025 19:46:07,12.9489716,80.1861866,1861866,2025-09-04T23:28:34.351422
TN87F0976,353201358041769,0.0,0.77,318.0,03/09/2025 19:46:02,12.9489716,80.1861866,1861866,2025-09-04T23:28:34.351633
TN87F0976,353201358041769,0.0,0.77,318.0,03/09/2025 19:45:57,12.9489716,80.1861866,1861866,2025-09-04T23:28:34.351811
TN87F0976,353201358041769,0.0,0.77,318.0,03/09/2025 19:45:52,12.9489716,80.1861866,1861866,2025-09-04T23:28:34.352000
TN87F0976,353201358041769,0.0,0.77,318.0,03/09/2025 19:45:47,12.9489716,80.1861866,1861866,2025-09-04T23:28:34.352180
TN87F0976,353201358041769,0.0,0.77,318.0,03/09/2025 19:45:42,12.9489716,80.1861866,1861866,2025-09-04T23:28:34.352359
TN87F0976,353201358041769,6.0,0.77,318.0,03/09/2025 19:45:37,12.9489516,80.1862149,1862149,2025-09-04T23:28:34.352560
TN87F0976,353201358041769,5.0,0.78,318.0,03/09/2025 19:45:34,12.9489433,80.1862516,1862516,2025-09-04T23:28:34.352777
TN87F0976,353201358041769,9.0,0.79,318.0,03/09/2025 19:45:29,12.9489499,80.186325,186325,2025-09-04T23:28:34.352988
TN87F0976,353201358041769,20.0,0.81,318.0,03/09/2025 19:45:26,12.9489366,80.1864283,1864283,2025-09-04T23:28:34.353228
TN87F0976,353201358041769,33.0,0.85,318.0,03/09/2025 19:45:23,12.9489233,80.1866316,1866316,2025-09-04T23:28:34.353437
TN87F0976,353201358041769,43.0,0.91,318.0,03/09/2025 19:45:20,12.9489066,80.1869316,1869316,2025-09-04T23:28:34.353613
TN87F0976,353201358041769,47.0,0.98,319.0,03/09/2025 19:45:15,12.9488549,80.1875366,1875366,2025-09-04T23:28:34.353801
TN87F0976,353201358041769,42.0,1.03,319.0,03/09/2025 19:45:10,12.9487966,80.1881266,1881266,2025-09-04T23:28:34.353969
TN87F0976,353201358041769,36.0,1.08,319.0,03/09/2025 19:45:05,12.948805,80.1886383,1886383,2025-09-04T23:28:34.354129
TN87F0976,353201358041769,30.0,1.12,319.0,03/09/2025 19:45:00,12.9487716,80.1890616,1890616,2025-09-04T23:28:34.354281
TN87F0976,353201358041769,29.0,1.16,319.0,03/09/2025 19:44:55,12.9487133,80.1894333,1894333,2025-09-04T23:28:34.354429
TN87F0976,353201358041769,39.0,1.22,319.0,03/09/2025 19:44:51,12.9486783,80.1898066,1898066,2025-09-04T23:28:34.354594
TN87F0976,353201358041769,41.0,1.27,320.0,03/09/2025 19:44:46,12.94868,80.19033,19033,2025-09-04T23:28:34.354749
TN87F0976,353201358041769,41.0,1.33,320.0,03/09/2025 19:44:41,12.9486833,80.1908333,1908333,2025-09-04T23:28:34.354909
TN87F0976,353201358041769,42.0,1.39,320.0,03/09/2025 19:44:36,12.9486216,80.1913833,1913833,2025-09-04T23:28:34.355064
TN87F0976,353201358041769,40.0,1.45,320.0,03/09/2025 19:44:31,12.9485833,80.19191,19191,2025-09-04T23:28:34.355245
TN87F0976,353201358041769,41.0,1.5,320.0,03/09/2025 19:44:26,12.9485533,80.1924483,1924483,2025-09-04T23:28:34.355399
TN87F0976,353201358041769,39.0,1.56,320.0,03/09/2025 19:44:21,12.9485316,80.1929866,1929866,2025-09-04T23:28:34.355532
TN87F0976,353201358041769,36.0,1.61,321.0,03/09/2025 19:44:16,12.9484766,80.19348,19348,2025-09-04T23:28:34.355662
TN87F0976,353201358041769,37.0,1.66,321.0,03/09/2025 19:44:11,12.9484816,80.1939766,1939766,2025-09-04T23:28:34.355801
TN87F0976,353201358041769,32.0,1.7,321.0,03/09/2025 19:44:06,12.9484783,80.19444,19444,2025-09-04T23:28:34.355919
TN87F0976,353201358041769,23.0,1.73,321.0,03/09/2025 19:44:01,12.9484633,80.1948233,1948233,2025-09-04T23:28:34.356047
TN87F0976,353201358041769,14.0,1.75,321.0,03/09/2025 19:43:56,12.9484566,80.1950733,1950733,2025-09-04T23:28:34.356183
TN87F0976,353201358041769,14.0,1.77,321.0,03/09/2025 19:43:51,12.94846,80.1952466,1952466,2025-09-04T23:28:34.356309
TN87F0976,353201358041769,15.0,1.79,320.0,03/09/2025 19:43:46,12.9484666,80.1953999,1953999,2025-09-04T23:28:34.356439
TN87F0976,353201358041769,13.0,1.8,320.0,03/09/2025 19:43:41,12.9484766,80.1956066,1956066,2025-09-04T23:28:34.356549
TN87F0976,353201358041769,12.0,1.82,320.0,03/09/2025 19:43:36,12.9484816,80.1957583,1957583,2025-09-04T23:28:34.356680
TN87F0976,353201358041769,13.0,1.84,320.0,03/09/2025 19:43:31,12.9484733,80.1959249,1959249,2025-09-04T23:28:34.356815
TN87F0976,353201358041769,13.0,1.86,320.0,03/09/2025 19:43:26,12.94847,80.1960916,1960916,2025-09-04T23:28:34.356932
TN87F0976,353201358041769,15.0,1.89,320.0,03/09/2025 19:43:21,12.9484683,80.196275,196275,2025-09-04T23:28:34.357057
TN87F0976,353201358041769,27.0,1.93,316.0,03/09/2025 19:43:16,12.9484733,80.1965566,1965566,2025-09-04T23:28:34.357177
TN87F0976,353201358041769,25.0,1.96,316.0,03/09/2025 19:43:11,12.948485,80.1969066,1969066,2025-09-04T23:28:34.357307
TN87F0976,353201358041769,23.0,2.01,316.0,03/09/2025 19:43:06,12.9484683,80.19721,19721,2025-09-04T23:28:34.357436
TN87F0976,353201358041769,33.0,2.05,316.0,03/09/2025 19:43:01,12.94845,80.1976166,1976166,2025-09-04T23:28:34.357604
TN87F0976,353201358041769,27.0,2.08,316.0,03/09/2025 19:42:56,12.948435,80.1980199,1980199,2025-09-04T23:28:34.357756
TN87F0976,353201358041769,17.0,2.1,316.0,03/09/2025 19:42:51,12.9484333,80.1983133,1983133,2025-09-04T23:28:34.357890
TN87F0976,353201358041769,13.0,2.12,312.0,03/09/2025 19:42:46,12.9484383,80.1985016,1985016,2025-09-04T23:28:34.358070
TN87F0976,353201358041769,16.0,2.14,312.0,03/09/2025 19:42:41,12.9484516,80.1987099,1987099,2025-09-04T23:28:34.358205
TN87F0976,353201358041769,13.0,2.17,312.0,03/09/2025 19:42:36,12.9484516,80.1988816,1988816,2025-09-04T23:28:34.358335
TN87F0976,353201358041769,16.0,2.19,312.0,03/09/2025 19:42:31,12.9484566,80.1990933,1990933,2025-09-04T23:28:34.358442
TN87F0976,353201358041769,14.0,2.21,312.0,03/09/2025 19:42:26,12.9484649,80.1992816,1992816,2025-09-04T23:28:34.358542
TN87F0976,353201358041769,25.0,2.25,312.0,03/09/2025 19:42:21,12.9484666,80.1995466,1995466,2025-09-04T23:28:34.358662
TN87F0976,353201358041769,22.0,2.28,312.0,03/09/2025 19:42:16,12.9484733,80.1998766,1998766,2025-09-04T23:28:34.358794
TN87F0976,353201358041769,14.0,2.29,310.0,03/09/2025 19:42:11,12.9484866,80.2001016,2001016,2025-09-04T23:28:34.358910
TN87F0976,353201358041769,13.0,2.31,310.0,03/09/2025 19:42:06,12.948495,80.2002633,2002633,2025-09-04T23:28:34.359040
TN87F0976,353201358041769,14.0,2.33,310.0,03/09/2025 19:42:01,12.9484966,80.2004399,2004399,2025-09-04T23:28:34.359192
TN87F0976,353201358041769,14.0,2.35,310.0,03/09/2025 19:41:56,12.9484966,80.2006233,2006233,2025-09-04T23:28:34.359316
TN87F0976,353201358041769,7.0,2.35,309.0,03/09/2025 19:41:51,12.9484966,80.20077,20077,2025-09-04T23:28:34.359438
TN87F0976,353201358041769,3.0,2.36,309.0,03/09/2025 19:41:49,12.9484916,80.2008,2008,2025-09-04T23:28:34.359551
TN87F0976,353201358041769,0.0,2.36,309.0,03/09/2025 19:41:44,12.9484883,80.2008833,2008833,2025-09-04T23:28:34.359691
TN87F0976,353201358041769,0.0,2.36,309.0,03/09/2025 19:41:39,12.9484883,80.2008833,2008833,2025-09-04T23:28:34.359842
TN87F0976,353201358041769,0.0,2.36,309.0,03/09/2025 19:41:34,12.9484883,80.2008866,2008866,2025-09-04T23:28:34.359969
TN87F0976,353201358041769,4.0,2.37,309.0,03/09/2025 19:41:29,12.94849,80.2009433,2009433,2025-09-04T23:28:34.360119
TN87F0976,353201358041769,10.0,2.38,309.0,03/09/2025 19:41:24,12.9485099,80.2010166,2010166,2025-09-04T23:28:34.360243
TN87F0976,353201358041769,20.0,2.4,309.0,03/09/2025 19:41:20,12.9485283,80.2011533,2011533,2025-09-04T23:28:34.360394
TN87F0976,353201358041769,30.0,2.45,309.0,03/09/2025 19:41:17,12.9485566,80.2013366,2013366,2025-09-04T23:28:34.360530
TN87F0976,353201358041769,41.0,2.5,312.0,03/09/2025 19:41:13,12.9485683,80.2017266,2017266,2025-09-04T23:28:34.360649
TN87F0976,353201358041769,38.0,2.55,312.0,03/09/2025 19:41:08,12.9485683,80.20225,20225,2025-09-04T23:28:34.360777
TN87F0976,353201358041769,34.0,2.6,312.0,03/09/2025 19:41:03,12.9485833,80.2027183,2027183,2025-09-04T23:28:34.360899
TN87F0976,353201358041769,29.0,2.63,312.0,03/09/2025 19:40:58,12.948595,80.2031133,2031133,2025-09-04T23:28:34.361024
TN87F0976,353201358041769,24.0,2.66,312.0,03/09/2025 19:40:53,12.94861,80.2034616,2034616,2025-09-04T23:28:34.361150
TN87F0976,353201358041769,17.0,2.68,312.0,03/09/2025 19:40:48,12.9486283,80.203725,203725,2025-09-04T23:28:34.361290
TN87F0976,353201358041769,18.0,2.72,318.0,03/09/2025 19:40:43,12.9486566,80.2039366,2039366,2025-09-04T23:28:34.361417
TN87F0976,353201358041769,29.0,2.76,318.0,03/09/2025 19:40:38,12.94865,80.2042633,2042633,2025-09-04T23:28:34.361549
TN87F0976,353201358041769,29.0,2.8,318.0,03/09/2025 19:40:33,12.9486566,80.204665,204665,2025-09-04T23:28:34.361674
TN87F0976,353201358041769,25.0,2.84,318.0,03/09/2025 19:40:28,12.9486449,80.2050249,2050249,2025-09-04T23:28:34.361791
TN87F0976,353201358041769,19.0,2.87,318.0,03/09/2025 19:40:23,12.9486433,80.2053416,2053416,2025-09-04T23:28:34.361957
TN87F0976,353201358041769,27.0,2.91,318.0,03/09/2025 19:40:18,12.9486466,80.2056216,2056216,2025-09-04T23:28:34.362108
TN87F0976,353201358041769,31.0,2.95,322.0,03/09/2025 19:40:13,12.9486583,80.2060133,2060133,2025-09-04T23:28:34.362216
TN87F0976,353201358041769,32.0,3.0,322.0,03/09/2025 19:40:08,12.9486566,80.2064033,2064033,2025-09-04T23:28:34.362330
TN87F0976,353201358041769,37.0,3.05,322.0,03/09/2025 19:40:03,12.9486333,80.2068266,2068266,2025-09-04T23:28:34.362458
TN87F0976,353201358041769,35.0,3.1,322.0,03/09/2025 19:39:58,12.9485783,80.2073133,2073133,2025-09-04T23:28:34.362629
TN87F0976,353201358041769,28.0,3.14,322.0,03/09/2025 19:39:53,12.9485316,80.2077433,2077433,2025-09-04T23:28:34.362771
TN87F0976,353201358041769,21.0,3.16,322.0,03/09/2025 19:39:48,12.94847,80.2080966,2080966,2025-09-04T23:28:34.362936
TN87F0976,353201358041769,16.0,3.17,325.0,03/09/2025 19:39:45,12.9484433,80.208265,208265,2025-09-04T23:28:34.363125
TN87F0976,353201358041769,10.0,3.18,325.0,03/09/2025 19:39:41,12.9483516,80.20841,20841,2025-09-04T23:28:34.363298
TN87F0976,353201358041769,10.0,3.19,325.0,03/09/2025 19:39:39,12.9483116,80.208465,208465,2025-09-04T23:28:34.363467
TN87F0976,353201358041769,8.0,3.19,325.0,03/09/2025 19:39:38,12.9483,80.2084933,2084933,2025-09-04T23:28:34.363635
TN87F0976,353201358041769,8.0,3.2,325.0,03/09/2025 19:39:37,12.948305,80.2085266,2085266,2025-09-04T23:28:34.363811
TN87F0976,353201358041769,7.0,3.21,325.0,03/09/2025 19:39:32,12.9483033,80.20862,20862,2025-09-04T23:28:34.363972
TN87F0976,353201358041769,12.0,3.24,325.0,03/09/2025 19:39:27,12.9482883,80.2087533,2087533,2025-09-04T23:28:34.364083
TN87F0976,353201358041769,16.0,3.26,325.0,03/09/2025 19:39:22,12.9482633,80.2089666,2089666,2025-09-04T23:28:34.364190
TN87F0976,353201358041769,14.0,3.26,326.0,03/09/2025 19:39:17,12.9482649,80.2091533,2091533,2025-09-04T23:28:34.364314
TN87F0976,353201358041769,9.0,3.27,326.0,03/09/2025 19:39:14,12.9482549,80.2092066,2092066,2025-09-04T23:28:34.364425
TN87F0976,353201358041769,8.0,3.28,326.0,03/09/2025 19:39:12,12.9482499,80.20924,20924,2025-09-04T23:28:34.364645
TN87F0976,353201358041769,11.0,3.3,326.0,03/09/2025 19:39:07,12.9482766,80.209345,209345,2025-09-04T23:28:34.364812
TN87F0976,353201358041769,6.0,3.33,326.0,03/09/2025 19:39:02,12.9482933,80.2094349,2094349,2025-09-04T23:28:34.364964
TN87F0976,353201358041769,8.0,3.34,326.0,03/09/2025 19:38:57,12.9483,80.2095416,2095416,2025-09-04T23:28:34.365111
TN87F0976,353201358041769,9.0,3.34,326.0,03/09/2025 19:38:52,12.948305,80.2096866,2096866,2025-09-04T23:28:34.365310
TN87F0976,353201358041769,8.0,3.36,326.0,03/09/2025 19:38:51,12.9483149,80.2097166,2097166,2025-09-04T23:28:34.365486
TN87F0976,353201358041769,7.0,3.36,326.0,03/09/2025 19:38:47,12.9483183,80.20984,20984,2025-09-04T23:28:34.365674
TN87F0976,353201358041769,10.0,3.37,325.0,03/09/2025 19:38:45,12.94832,80.2099133,2099133,2025-09-04T23:28:34.365858
TN87F0976,353201358041769,15.0,3.4,325.0,03/09/2025 19:38:43,12.9483249,80.2099983,2099983,2025-09-04T23:28:34.366045
TN87F0976,353201358041769,17.0,3.41,325.0,03/09/2025 19:38:38,12.948305,80.2102233,2102233,2025-09-04T23:28:34.366236
TN87F0976,353201358041769,11.0,3.42,325.0,03/09/2025 19:38:35,12.9483083,80.2103383,2103383,2025-09-04T23:28:34.366453
TN87F0976,353201358041769,14.0,3.44,325.0,03/09/2025 19:38:31,12.94832,80.2104633,2104633,2025-09-04T23:28:34.366653
TN87F0976,353201358041769,16.0,3.46,325.0,03/09/2025 19:38:26,12.9483383,80.21062,21062,2025-09-04T23:28:34.366828
TN87F0976,353201358041769,17.0,3.48,325.0,03/09/2025 19:38:21,12.948355,80.2108466,2108466,2025-09-04T23:28:34.367015
TN87F0976,353201358041769,17.0,3.52,325.0,03/09/2025 19:38:16,12.9483633,80.211025,211025,2025-09-04T23:28:34.367208
TN87F0976,353201358041769,0.0,3.52,323.0,03/09/2025 19:38:06,12.9483449,80.2113983,2113983,2025-09-04T23:28:34.367370
TN87F0976,353201358041769,0.0,3.52,320.0,03/09/2025 19:37:36,12.9483449,80.2113983,2113983,2025-09-04T23:28:34.367560
TN87F0976,353201358041769,0.0,3.52,320.0,03/09/2025 19:37:33,12.9483449,80.2113983,2113983,2025-09-04T23:28:34.367761
TN87F0976,353201358041769,0.0,3.52,320.0,03/09/2025 19:37:28,12.9483449,80.2113983,2113983,2025-09-04T23:28:34.367953
TN87F0976,353201358041769,0.0,3.52,320.0,03/09/2025 19:37:23,12.9483449,80.2113983,2113983,2025-09-04T23:28:34.368144
TN87F0976,353201358041769,0.0,3.52,320.0,03/09/2025 19:37:18,12.9483449,80.2113983,2113983,2025-09-04T23:28:34.368313
TN87F0976,353201358041769,0.0,3.52,318.0,03/09/2025 19:37:13,12.9483449,80.2113983,2113983,2025-09-04T23:28:34.368461
TN87F0976,353201358041769,0.0,3.52,318.0,03/09/2025 19:37:08,12.9483449,80.2113983,2113983,2025-09-04T23:28:34.368603
TN87F0976,353201358041769,0.0,3.52,318.0,03/09/2025 19:37:03,12.9483449,80.2113983,2113983,2025-09-04T23:28:34.368768
TN87F0976,353201358041769,0.0,3.52,318.0,03/09/2025 19:36:58,12.9483449,80.2113983,2113983,2025-09-04T23:28:34.368917
TN87F0976,353201358041769,0.0,3.52,317.0,03/09/2025 19:36:53,12.9483449,80.2113983,2113983,2025-09-04T23:28:34.369077
TN87F0976,353201358041769,0.0,3.52,317.0,03/09/2025 19:36:48,12.9483449,80.2113983,2113983,2025-09-04T23:28:34.369203
TN87F0976,353201358041769,0.0,3.52,317.0,03/09/2025 19:36:43,12.9483449,80.2113983,2113983,2025-09-04T23:28:34.369324
TN87F0976,353201358041769,0.0,3.52,317.0,03/09/2025 19:36:38,12.9483449,80.2113983,2113983,2025-09-04T23:28:34.369443
TN87F0976,353201358041769,0.0,3.52,317.0,03/09/2025 19:36:33,12.9483466,80.2114999,2114999,2025-09-04T23:28:34.369585
TN87F0976,353201358041769,0.0,3.52,317.0,03/09/2025 19:36:28,12.9483466,80.2114999,2114999,2025-09-04T23:28:34.369722
TN87F0976,353201358041769,0.0,3.52,317.0,03/09/2025 19:36:23,12.9483466,80.2114999,2114999,2025-09-04T23:28:34.369853
TN87F0976,353201358041769,0.0,3.52,316.0,03/09/2025 19:36:18,12.9483466,80.2114999,2114999,2025-09-04T23:28:34.369994
TN87F0976,353201358041769,0.0,3.52,316.0,03/09/2025 19:36:13,12.9483466,80.2115033,2115033,2025-09-04T23:28:34.370131
TN87F0976,353201358041769,9.0,3.54,316.0,03/09/2025 19:36:08,12.9483516,80.2115566,2115566,2025-09-04T23:28:34.370283
TN87F0976,353201358041769,12.0,3.56,316.0,03/09/2025 19:36:03,12.9483666,80.2117133,2117133,2025-09-04T23:28:34.370435
TN87F0976,353201358041769,9.0,3.57,316.0,03/09/2025 19:35:58,12.94838,80.2118883,2118883,2025-09-04T23:28:34.370593
TN87F0976,353201358041769,8.0,3.59,316.0,03/09/2025 19:35:53,12.9483766,80.2120183,2120183,2025-09-04T23:28:34.370737
TN87F0976,353201358041769,11.0,3.61,314.0,03/09/2025 19:35:48,12.948385,80.21217,21217,2025-09-04T23:28:34.370896
TN87F0976,353201358041769,13.0,3.63,314.0,03/09/2025 19:35:43,12.948395,80.2123216,2123216,2025-09-04T23:28:34.371029
TN87F0976,353201358041769,16.0,3.8,314.0,03/09/2025 19:35:38,12.9484166,80.212535,212535,2025-09-04T23:28:34.371169
TN87F0976,353201358041769,11.0,3.96,314.0,03/09/2025 19:35:33,12.948425,80.2126716,2126716,2025-09-04T23:28:34.371319
TN87F0976,353201358041769,0.0,3.96,314.0,03/09/2025 19:35:33,12.9485383,80.2141149,2141149,2025-09-04T23:28:34.371484
TN87F0976,353201358041769,0.0,3.96,312.0,03/09/2025 19:35:18,12.9485383,80.2141149,2141149,2025-09-04T23:28:34.371631
TN87F0976,353201358041769,0.0,3.96,312.0,03/09/2025 19:34:48,12.9485383,80.2141149,2141149,2025-09-04T23:28:34.371776
TN87F0976,353201358041769,0.0,3.96,311.0,03/09/2025 19:34:18,12.9485383,80.2141149,2141149,2025-09-04T23:28:34.371953
TN87F0976,353201358041769,0.0,3.96,315.0,03/09/2025 19:33:48,12.9485383,80.2141149,2141149,2025-09-04T23:28:34.372103
TN87F0976,353201358041769,0.0,3.96,319.0,03/09/2025 19:33:18,12.9485383,80.2141149,2141149,2025-09-04T23:28:34.372269
TN87F0976,353201358041769,0.0,3.96,319.0,03/09/2025 19:32:48,12.9485383,80.2141149,2141149,2025-09-04T23:28:34.372402
TN87F0976,353201358041769,0.0,3.96,323.0,03/09/2025 19:32:44,12.9485383,80.2141149,2141149,2025-09-04T23:28:34.372556
TN87F0976,353201358041769,0.0,3.96,323.0,03/09/2025 19:32:39,12.9485383,80.2141149,2141149,2025-09-04T23:28:34.372699
TN87F0976,353201358041769,0.0,3.96,323.0,03/09/2025 19:32:34,12.9485383,80.2141149,2141149,2025-09-04T23:28:34.372832
TN87F0976,353201358041769,0.0,3.96,323.0,03/09/2025 19:32:29,12.9485383,80.2141149,2141149,2025-09-04T23:28:34.373036
TN87F0976,353201358041769,0.0,3.96,323.0,03/09/2025 19:32:24,12.9485383,80.2141149,2141149,2025-09-04T23:28:34.373218
TN87F0976,353201358041769,0.0,3.96,323.0,03/09/2025 19:32:19,12.9485383,80.2141149,2141149,2025-09-04T23:28:34.373398
TN87F0976,353201358041769,0.0,3.96,325.0,03/09/2025 19:32:14,12.9485383,80.2141149,2141149,2025-09-04T23:28:34.373528
TN87F0976,353201358041769,7.0,3.96,325.0,03/09/2025 19:32:09,12.9485383,80.21417,21417,2025-09-04T23:28:34.373679
TN87F0976,353201358041769,0.0,3.96,325.0,03/09/2025 19:32:07,12.9485383,80.2142183,2142183,2025-09-04T23:28:34.373830
TN87F0976,353201358041769,0.0,3.96,325.0,03/09/2025 19:32:02,12.9485383,80.2142183,2142183,2025-09-04T23:28:34.373974
TN87F0976,353201358041769,0.0,3.96,325.0,03/09/2025 19:31:57,12.9485383,80.2142183,2142183,2025-09-04T23:28:34.374123
TN87F0976,353201358041769,0.0,3.96,325.0,03/09/2025 19:31:52,12.9485683,80.2143116,2143116,2025-09-04T23:28:34.374263
TN87F0976,353201358041769,0.0,3.96,326.0,03/09/2025 19:31:47,12.9485683,80.2143116,2143116,2025-09-04T23:28:34.374397
TN87F0976,353201358041769,0.0,3.96,326.0,03/09/2025 19:31:42,12.9485683,80.2143116,2143116,2025-09-04T23:28:34.374551
TN87F0976,353201358041769,0.0,3.96,326.0,03/09/2025 19:31:37,12.9485683,80.2143116,2143116,2025-09-04T23:28:34.374697
TN87F0976,353201358041769,0.0,3.96,326.0,03/09/2025 19:31:32,12.9485683,80.2143116,2143116,2025-09-04T23:28:34.374848
TN87F0976,353201358041769,6.0,3.97,326.0,03/09/2025 19:31:27,12.9485733,80.214345,214345,2025-09-04T23:28:34.375035
TN87F0976,353201358041769,8.0,3.98,326.0,03/09/2025 19:31:22,12.94859,80.2144383,2144383,2025-09-04T23:28:34.375171
TN87F0976,353201358041769,18.0,4.01,326.0,03/09/2025 19:31:17,12.9486033,80.2145983,2145983,2025-09-04T23:28:34.375320
TN87F0976,353201358041769,23.0,4.04,325.0,03/09/2025 19:31:12,12.9486266,80.21486,21486,2025-09-04T23:28:34.375471
TN87F0976,353201358041769,28.0,4.12,325.0,03/09/2025 19:31:07,12.948675,80.2152016,2152016,2025-09-04T23:28:34.375599
TN87F0976,353201358041769,28.0,4.23,325.0,03/09/2025 19:31:02,12.94872,80.2155966,2155966,2025-09-04T23:28:34.375737
TN87F0976,353201358041769,23.0,4.26,325.0,03/09/2025 19:30:57,12.94875,80.2159333,2159333,2025-09-04T23:28:34.375867
TN87F0976,353201358041769,15.0,4.31,325.0,03/09/2025 19:30:52,12.9487716,80.2162016,2162016,2025-09-04T23:28:34.375989
TN87F0976,353201358041769,12.0,4.33,325.0,03/09/2025 19:30:47,12.9487616,80.2163966,2163966,2025-09-04T23:28:34.376144
TN87F0976,353201358041769,9.0,4.33,325.0,03/09/2025 19:30:45,12.9487716,80.2164583,2164583,2025-09-04T23:28:34.376277
TN87F0976,353201358041769,8.0,4.34,322.0,03/09/2025 19:30:44,12.9487783,80.2164833,2164833,2025-09-04T23:28:34.376404
TN87F0976,353201358041769,4.0,4.34,322.0,03/09/2025 19:30:41,12.9488033,80.21653,21653,2025-09-04T23:28:34.376532
TN87F0976,353201358041769,0.0,4.34,322.0,03/09/2025 19:30:36,12.9488516,80.21656,21656,2025-09-04T23:28:34.376654
TN87F0976,353201358041769,4.0,4.35,322.0,03/09/2025 19:30:31,12.94888,80.216565,216565,2025-09-04T23:28:34.376795
TN87F0976,353201358041769,0.0,4.35,322.0,03/09/2025 19:30:26,12.9489516,80.216535,216535,2025-09-04T23:28:34.377131
TN87F0976,353201358041769,0.0,4.35,322.0,03/09/2025 19:30:21,12.9489516,80.216535,216535,2025-09-04T23:28:34.377264
TN87F0976,353201358041769,8.0,4.36,319.0,03/09/2025 19:30:16,12.9489516,80.2164833,2164833,2025-09-04T23:28:34.377389
TN87F0976,353201358041769,12.0,4.38,319.0,03/09/2025 19:30:11,12.9489049,80.21639,21639,2025-09-04T23:28:34.377516
TN87F0976,353201358041769,19.0,4.41,319.0,03/09/2025 19:30:08,12.9488749,80.21628,21628,2025-09-04T23:28:34.377718
TN87F0976,353201358041769,27.0,4.45,319.0,03/09/2025 19:30:03,12.9488383,80.2159866,2159866,2025-09-04T23:28:34.377930
TN87F0976,353201358041769,29.0,4.49,319.0,03/09/2025 19:29:58,12.94879,80.2156033,2156033,2025-09-04T23:28:34.378110
TN87F0976,353201358041769,28.0,4.53,319.0,03/09/2025 19:29:53,12.9487433,80.215235,215235,2025-09-04T23:28:34.378295
TN87F0976,353201358041769,30.0,4.57,317.0,03/09/2025 19:29:48,12.9487033,80.2148683,2148683,2025-09-04T23:28:34.378485
TN87F0976,353201358041769,27.0,4.61,317.0,03/09/2025 19:29:43,12.94867,80.2144816,2144816,2025-09-04T23:28:34.378680
TN87F0976,353201358041769,27.0,4.65,317.0,03/09/2025 19:29:38,12.9486416,80.214135,214135,2025-09-04T23:28:34.378871
TN87F0976,353201358041769,30.0,4.69,317.0,03/09/2025 19:29:33,12.9486083,80.2137633,2137633,2025-09-04T23:28:34.379073
TN87F0976,353201358041769,32.0,4.74,317.0,03/09/2025 19:29:28,12.9485616,80.2133666,2133666,2025-09-04T23:28:34.379276
TN87F0976,353201358041769,34.0,4.79,317.0,03/09/2025 19:29:23,12.9485233,80.212945,212945,2025-09-04T23:28:34.379478
TN87F0976,353201358041769,35.0,4.84,318.0,03/09/2025 19:29:18,12.9485,80.2125133,2125133,2025-09-04T23:28:34.379672
TN87F0976,353201358041769,34.0,4.89,318.0,03/09/2025 19:29:13,12.9484816,80.2120233,2120233,2025-09-04T23:28:34.379875
TN87F0976,353201358041769,29.0,4.93,318.0,03/09/2025 19:29:08,12.9484833,80.2115916,2115916,2025-09-04T23:28:34.380117
TN87F0976,353201358041769,24.0,4.96,318.0,03/09/2025 19:29:03,12.9485099,80.2112233,2112233,2025-09-04T23:28:34.380298
TN87F0976,353201358041769,23.0,4.99,318.0,03/09/2025 19:28:58,12.9485266,80.2109116,2109116,2025-09-04T23:28:34.380458
TN87F0976,353201358041769,15.0,5.01,318.0,03/09/2025 19:28:53,12.9485266,80.2106433,2106433,2025-09-04T23:28:34.380628
TN87F0976,353201358041769,9.0,5.01,318.0,03/09/2025 19:28:48,12.9485399,80.2104849,2104849,2025-09-04T23:28:34.380775
TN87F0976,353201358041769,10.0,5.02,318.0,03/09/2025 19:28:47,12.9485483,80.2104583,2104583,2025-09-04T23:28:34.380941
TN87F0976,353201358041769,12.0,5.02,318.0,03/09/2025 19:28:46,12.948565,80.2104266,2104266,2025-09-04T23:28:34.381137
TN87F0976,353201358041769,12.0,5.03,318.0,03/09/2025 19:28:45,12.9485866,80.2104016,2104016,2025-09-04T23:28:34.381290
TN87F0976,353201358041769,13.0,5.04,320.0,03/09/2025 19:28:44,12.94862,80.210385,210385,2025-09-04T23:28:34.381435
TN87F0976,353201358041769,13.0,5.06,320.0,03/09/2025 19:28:41,12.9487116,80.2103883,2103883,2025-09-04T23:28:34.381546
TN87F0976,353201358041769,18.0,5.09,320.0,03/09/2025 19:28:36,12.9488933,80.2104233,2104233,2025-09-04T23:28:34.381674
TN87F0976,353201358041769,30.0,5.13,320.0,03/09/2025 19:28:31,12.9491783,80.210495,210495,2025-09-04T23:28:34.381887
TN87F0976,353201358041769,41.0,5.19,320.0,03/09/2025 19:28:27,12.9495233,80.2106283,2106283,2025-09-04T23:28:34.382054
TN87F0976,353201358041769,42.0,5.25,320.0,03/09/2025 19:28:22,12.9500183,80.2107883,2107883,2025-09-04T23:28:34.382212
TN87F0976,353201358041769,38.0,5.3,321.0,03/09/2025 19:28:17,12.9505216,80.2109799,2109799,2025-09-04T23:28:34.382349
TN87F0976,353201358041769,35.0,5.35,321.0,03/09/2025 19:28:12,12.9509783,80.2111666,2111666,2025-09-04T23:28:34.382496
TN87F0976,353201358041769,29.0,5.39,321.0,03/09/2025 19:28:07,12.9513649,80.21131,21131,2025-09-04T23:28:34.382654
TN87F0976,353201358041769,25.0,5.42,321.0,03/09/2025 19:28:02,12.95169,80.21142,21142,2025-09-04T23:28:34.382791
TN87F0976,353201358041769,21.0,5.45,321.0,03/09/2025 19:27:57,12.9519633,80.2115299,2115299,2025-09-04T23:28:34.382929
TN87F0976,353201358041769,17.0,5.47,321.0,03/09/2025 19:27:52,12.9522016,80.2116166,2116166,2025-09-04T23:28:34.383130
TN87F0976,353201358041769,13.0,5.49,320.0,03/09/2025 19:27:47,12.9523933,80.2116983,2116983,2025-09-04T23:28:34.383327
TN87F0976,353201358041769,11.0,5.5,320.0,03/09/2025 19:27:42,12.9525416,80.2117566,2117566,2025-09-04T23:28:34.383477
TN87F0976,353201358041769,5.0,5.51,320.0,03/09/2025 19:27:37,12.9526366,80.2117883,2117883,2025-09-04T23:28:34.383634
TN87F0976,353201358041769,12.0,5.53,320.0,03/09/2025 19:27:32,12.95271,80.21182,21182,2025-09-04T23:28:34.383746
TN87F0976,353201358041769,16.0,5.55,320.0,03/09/2025 19:27:27,12.9528833,80.2118833,2118833,2025-09-04T23:28:34.383871
TN87F0976,353201358041769,18.0,5.58,320.0,03/09/2025 19:27:22,12.9530799,80.2119633,2119633,2025-09-04T23:28:34.384006
TN87F0976,353201358041769,20.0,5.61,320.0,03/09/2025 19:27:17,12.9533099,80.2120366,2120366,2025-09-04T23:28:34.384142
TN87F0976,353201358041769,22.0,5.64,317.0,03/09/2025 19:27:12,12.9535699,80.2121433,2121433,2025-09-04T23:28:34.384285
TN87F0976,353201358041769,25.0,5.68,317.0,03/09/2025 19:27:07,12.953835,80.21224,21224,2025-09-04T23:28:34.384425
TN87F0976,353201358041769,26.0,5.72,317.0,03/09/2025 19:27:02,12.9541383,80.2123583,2123583,2025-09-04T23:28:34.384558
TN87F0976,353201358041769,25.0,5.75,317.0,03/09/2025 19:26:57,12.95445,80.212485,212485,2025-09-04T23:28:34.384681
TN87F0976,353201358041769,25.0,5.79,314.0,03/09/2025 19:26:52,12.954735,80.2126133,2126133,2025-09-04T23:28:34.384823
TN87F0976,353201358041769,29.0,5.83,314.0,03/09/2025 19:26:47,12.9550483,80.2127416,2127416,2025-09-04T23:28:34.384953
TN87F0976,353201358041769,33.0,5.88,314.0,03/09/2025 19:26:42,12.9554233,80.2129016,2129016,2025-09-04T23:28:34.385061
TN87F0976,353201358041769,33.0,5.92,314.0,03/09/2025 19:26:37,12.955815,80.2130566,2130566,2025-09-04T23:28:34.385185
TN87F0976,353201358041769,33.0,5.97,314.0,03/09/2025 19:26:32,12.9562049,80.2131866,2131866,2025-09-04T23:28:34.385357
TN87F0976,353201358041769,30.0,6.01,314.0,03/09/2025 19:26:27,12.9565716,80.213325,213325,2025-09-04T23:28:34.385508
TN87F0976,353201358041769,32.0,6.06,314.0,03/09/2025 19:26:22,12.95693,80.2134683,2134683,2025-09-04T23:28:34.385613
TN87F0976,353201358041769,35.0,6.11,313.0,03/09/2025 19:26:17,12.9573183,80.2136266,2136266,2025-09-04T23:28:34.385738
TN87F0976,353201358041769,35.0,6.16,313.0,03/09/2025 19:26:12,12.957755,80.2137766,2137766,2025-09-04T23:28:34.385869
TN87F0976,353201358041769,33.0,6.2,313.0,03/09/2025 19:26:07,12.9581633,80.213945,213945,2025-09-04T23:28:34.385970
TN87F0976,353201358041769,30.0,6.24,313.0,03/09/2025 19:26:02,12.9585433,80.2140933,2140933,2025-09-04T23:28:34.386106
TN87F0976,353201358041769,25.0,6.28,313.0,03/09/2025 19:25:57,12.95887,80.2142366,2142366,2025-09-04T23:28:34.386213
TN87F0976,353201358041769,21.0,6.3,313.0,03/09/2025 19:25:52,12.9591549,80.2143583,2143583,2025-09-04T23:28:34.386319
TN87F0976,353201358041769,13.0,6.32,313.0,03/09/2025 19:25:47,12.959355,80.21445,21445,2025-09-04T23:28:34.386431
TN87F0976,353201358041769,10.0,6.33,315.0,03/09/2025 19:25:42,12.9595083,80.2144933,2144933,2025-09-04T23:28:34.386572
TN87F0976,353201358041769,10.0,6.35,315.0,03/09/2025 19:25:37,12.9596383,80.2145383,2145383,2025-09-04T23:28:34.386699
TN87F0976,353201358041769,7.0,6.36,315.0,03/09/2025 19:25:32,12.9597416,80.214585,214585,2025-09-04T23:28:34.386822
TN87F0976,353201358041769,6.0,6.36,315.0,03/09/2025 19:25:27,12.9598216,80.2146116,2146116,2025-09-04T23:28:34.386932
TN87F0976,353201358041769,6.0,6.37,315.0,03/09/2025 19:25:22,12.9598816,80.2146266,2146266,2025-09-04T23:28:34.387053
TN87F0976,353201358041769,5.0,6.38,315.0,03/09/2025 19:25:21,12.9598933,80.21463,21463,2025-09-04T23:28:34.387177
TN87F0976,353201358041769,8.0,6.39,315.0,03/09/2025 19:25:16,12.9599633,80.2146833,2146833,2025-09-04T23:28:34.387290
TN87F0976,353201358041769,10.0,6.4,316.0,03/09/2025 19:25:11,12.9600616,80.2147316,2147316,2025-09-04T23:28:34.387413
TN87F0976,353201358041769,7.0,6.41,316.0,03/09/2025 19:25:06,12.9601649,80.2147716,2147716,2025-09-04T23:28:34.387551
TN87F0976,353201358041769,7.0,6.42,316.0,03/09/2025 19:25:02,12.9602383,80.2148033,2148033,2025-09-04T23:28:34.387698
TN87F0976,353201358041769,7.0,6.43,316.0,03/09/2025 19:24:57,12.9603183,80.2148316,2148316,2025-09-04T23:28:34.387870
TN87F0976,353201358041769,7.0,6.44,316.0,03/09/2025 19:24:52,12.9603983,80.2148566,2148566,2025-09-04T23:28:34.388016
TN87F0976,353201358041769,6.0,6.45,316.0,03/09/2025 19:24:47,12.9604716,80.2148783,2148783,2025-09-04T23:28:34.388182
TN87F0976,353201358041769,7.0,6.45,315.0,03/09/2025 19:24:42,12.9605633,80.2149033,2149033,2025-09-04T23:28:34.388313
TN87F0976,353201358041769,8.0,6.45,315.0,03/09/2025 19:24:40,12.9606033,80.2149233,2149233,2025-09-04T23:28:34.388445
TN87F0976,353201358041769,6.0,6.46,315.0,03/09/2025 19:24:39,12.9606216,80.2149316,2149316,2025-09-04T23:28:34.388592
TN87F0976,353201358041769,6.0,6.47,315.0,03/09/2025 19:24:34,12.9606733,80.2149633,2149633,2025-09-04T23:28:34.388746
TN87F0976,353201358041769,7.0,6.47,315.0,03/09/2025 19:24:29,12.9607416,80.2149933,2149933,2025-09-04T23:28:34.388888
TN87F0976,353201358041769,6.0,6.48,315.0,03/09/2025 19:24:28,12.9607566,80.2149933,2149933,2025-09-04T23:28:34.389028
TN87F0976,353201358041769,7.0,6.49,313.0,03/09/2025 19:24:23,12.9608333,80.21501,21501,2025-09-04T23:28:34.389145
TN87F0976,353201358041769,7.0,6.51,313.0,03/09/2025 19:24:18,12.9609316,80.2150483,2150483,2025-09-04T23:28:34.389278
TN87F0976,353201358041769,12.0,6.52,313.0,03/09/2025 19:24:13,12.9610583,80.2151016,2151016,2025-09-04T23:28:34.389409
TN87F0976,353201358041769,9.0,6.53,313.0,03/09/2025 19:24:08,12.9611849,80.2151566,2151566,2025-09-04T23:28:34.389549
TN87F0976,353201358041769,8.0,6.55,313.0,03/09/2025 19:24:03,12.9612933,80.215195,215195,2025-09-04T23:28:34.389660
TN87F0976,353201358041769,12.0,6.57,313.0,03/09/2025 19:23:58,12.96143,80.2152316,2152316,2025-09-04T23:28:34.389800
TN87F0976,353201358041769,12.0,6.59,313.0,03/09/2025 19:23:53,12.96158,80.215295,215295,2025-09-04T23:28:34.389920
TN87F0976,353201358041769,11.0,6.6,313.0,03/09/2025 19:23:48,12.9617383,80.2153516,2153516,2025-09-04T23:28:34.390044
TN87F0976,353201358041769,10.0,6.62,312.0,03/09/2025 19:23:43,12.9618683,80.2154133,2154133,2025-09-04T23:28:34.390164
TN87F0976,353201358041769,9.0,6.63,312.0,03/09/2025 19:23:38,12.9620083,80.2154666,2154666,2025-09-04T23:28:34.390272
TN87F0976,353201358041769,7.0,6.64,312.0,03/09/2025 19:23:33,12.9620883,80.2154966,2154966,2025-09-04T23:28:34.390406
TN87F0976,353201358041769,12.0,6.66,313.0,03/09/2025 19:23:28,12.96221,80.2155416,2155416,2025-09-04T23:28:34.390512
TN87F0976,353201358041769,9.0,6.67,313.0,03/09/2025 19:23:23,12.96234,80.2155966,2155966,2025-09-04T23:28:34.390633
TN87F0976,353201358041769,8.0,6.68,313.0,03/09/2025 19:23:18,12.9624333,80.21564,21564,2025-09-04T23:28:34.390786
TN87F0976,353201358041769,11.0,6.7,313.0,03/09/2025 19:23:13,12.9625316,80.2156749,2156749,2025-09-04T23:28:34.390906
TN87F0976,353201358041769,10.0,6.71,313.0,03/09/2025 19:23:08,12.9626733,80.2157299,2157299,2025-09-04T23:28:34.391031
TN87F0976,353201358041769,10.0,6.73,313.0,03/09/2025 19:23:03,12.9627916,80.21578,21578,2025-09-04T23:28:34.391127
TN87F0976,353201358041769,7.0,6.73,313.0,03/09/2025 19:22:58,12.9628966,80.2158249,2158249,2025-09-04T23:28:34.391251
TN87F0976,353201358041769,7.0,6.74,313.0,03/09/2025 19:22:53,12.9629783,80.215855,215855,2025-09-04T23:28:34.391448
TN87F0976,353201358041769,4.0,6.75,313.0,03/09/2025 19:22:48,12.9630316,80.21587,21587,2025-09-04T23:28:34.391628
TN87F0976,353201358041769,6.0,6.76,314.0,03/09/2025 19:22:43,12.963105,80.21589,21589,2025-09-04T23:28:34.391782
TN87F0976,353201358041769,6.0,6.77,314.0,03/09/2025 19:22:38,12.9631733,80.2159133,2159133,2025-09-04T23:28:34.391975
TN87F0976,353201358041769,6.0,6.77,314.0,03/09/2025 19:22:33,12.9632316,80.2159483,2159483,2025-09-04T23:28:34.392156
TN87F0976,353201358041769,4.0,6.78,314.0,03/09/2025 19:22:28,12.9633,80.2159999,2159999,2025-09-04T23:28:34.392353
TN87F0976,353201358041769,0.0,6.78,314.0,03/09/2025 19:22:23,12.9633333,80.2160216,2160216,2025-09-04T23:28:34.392556
TN87F0976,353201358041769,0.0,6.78,314.0,03/09/2025 19:22:18,12.96337,80.2160333,2160333,2025-09-04T23:28:34.392759
TN87F0976,353201358041769,0.0,6.78,315.0,03/09/2025 19:22:13,12.9634566,80.2160766,2160766,2025-09-04T23:28:34.392957
TN87F0976,353201358041769,0.0,6.78,315.0,03/09/2025 19:22:08,12.9634566,80.2160766,2160766,2025-09-04T23:28:34.393154
TN87F0976,353201358041769,6.0,6.79,315.0,03/09/2025 19:22:03,12.9634966,80.2161016,2161016,2025-09-04T23:28:34.393330
TN87F0976,353201358041769,7.0,6.8,315.0,03/09/2025 19:21:58,12.9635783,80.2161566,2161566,2025-09-04T23:28:34.393514
TN87F0976,353201358041769,9.0,6.82,315.0,03/09/2025 19:21:53,12.9636716,80.2161966,2161966,2025-09-04T23:28:34.393686
TN87F0976,353201358041769,11.0,6.83,316.0,03/09/2025 19:21:48,12.963815,80.2162466,2162466,2025-09-04T23:28:34.393872
TN87F0976,353201358041769,7.0,6.84,316.0,03/09/2025 19:21:43,12.9639316,80.2162866,2162866,2025-09-04T23:28:34.394014
TN87F0976,353201358041769,4.0,6.85,316.0,03/09/2025 19:21:38,12.9639933,80.21632,21632,2025-09-04T23:28:34.394134
TN87F0976,353201358041769,0.0,6.85,316.0,03/09/2025 19:21:33,12.9640866,80.2163766,2163766,2025-09-04T23:28:34.394274
TN87F0976,353201358041769,0.0,6.85,316.0,03/09/2025 19:21:28,12.9640866,80.2163766,2163766,2025-09-04T23:28:34.394401
TN87F0976,353201358041769,0.0,6.85,316.0,03/09/2025 19:21:23,12.9640866,80.2163766,2163766,2025-09-04T23:28:34.394519
TN87F0976,353201358041769,0.0,6.85,316.0,03/09/2025 19:21:18,12.9640866,80.2163766,2163766,2025-09-04T23:28:34.394642
TN87F0976,353201358041769,0.0,6.85,316.0,03/09/2025 19:21:13,12.9640866,80.2163766,2163766,2025-09-04T23:28:34.394791
TN87F0976,353201358041769,0.0,6.85,316.0,03/09/2025 19:21:08,12.9640866,80.2163766,2163766,2025-09-04T23:28:34.394921
TN87F0976,353201358041769,5.0,6.87,316.0,03/09/2025 19:21:03,12.9641233,80.2163949,2163949,2025-09-04T23:28:34.395053
TN87F0976,353201358041769,6.0,6.87,316.0,03/09/2025 19:20:58,12.964185,80.2164283,2164283,2025-09-04T23:28:34.395171
TN87F0976,353201358041769,5.0,6.88,316.0,03/09/2025 19:20:53,12.9642516,80.21646,21646,2025-09-04T23:28:34.395315
TN87F0976,353201358041769,5.0,6.89,316.0,03/09/2025 19:20:48,12.9643266,80.216495,216495,2025-09-04T23:28:34.395446
TN87F0976,353201358041769,6.0,6.9,316.0,03/09/2025 19:20:43,12.9643899,80.216535,216535,2025-09-04T23:28:34.395574
TN87F0976,353201358041769,7.0,6.91,316.0,03/09/2025 19:20:38,12.9644649,80.2165666,2165666,2025-09-04T23:28:34.395703
TN87F0976,353201358041769,8.0,6.93,316.0,03/09/2025 19:20:33,12.9645683,80.2166016,2166016,2025-09-04T23:28:34.395864
TN87F0976,353201358041769,9.0,6.94,316.0,03/09/2025 19:20:28,12.9646783,80.2166516,2166516,2025-09-04T23:28:34.395991
TN87F0976,353201358041769,7.0,6.95,316.0,03/09/2025 19:20:23,12.9647833,80.2166983,2166983,2025-09-04T23:28:34.396129
TN87F0976,353201358041769,5.0,6.96,316.0,03/09/2025 19:20:18,12.9648733,80.2167583,2167583,2025-09-04T23:28:34.396265
TN87F0976,353201358041769,8.0,6.98,316.0,03/09/2025 19:20:13,12.9649583,80.2167933,2167933,2025-09-04T23:28:34.396387
TN87F0976,353201358041769,16.0,7.0,316.0,03/09/2025 19:20:08,12.96511,80.2168433,2168433,2025-09-04T23:28:34.396497
TN87F0976,353201358041769,25.0,7.04,316.0,03/09/2025 19:20:03,12.9653183,80.2169283,2169283,2025-09-04T23:28:34.396613
TN87F0976,353201358041769,30.0,7.08,316.0,03/09/2025 19:19:58,12.9656366,80.2170866,2170866,2025-09-04T23:28:34.396740
TN87F0976,353201358041769,27.0,7.12,316.0,03/09/2025 19:19:53,12.9659599,80.2172466,2172466,2025-09-04T23:28:34.396851
TN87F0976,353201358041769,26.0,7.16,316.0,03/09/2025 19:19:48,12.9662833,80.217365,217365,2025-09-04T23:28:34.396994
TN87F0976,353201358041769,29.0,7.2,316.0,03/09/2025 19:19:43,12.9666,80.2174866,2174866,2025-09-04T23:28:34.397128
TN87F0976,353201358041769,22.0,7.22,316.0,03/09/2025 19:19:38,12.9669299,80.2175983,2175983,2025-09-04T23:28:34.397256
TN87F0976,353201358041769,16.0,7.22,316.0,03/09/2025 19:19:35,12.9671033,80.2176416,2176416,2025-09-04T23:28:34.397375
TN87F0976,353201358041769,16.0,7.23,316.0,03/09/2025 19:19:34,12.9671466,80.2176499,2176499,2025-09-04T23:28:34.397503
TN87F0976,353201358041769,14.0,7.24,316.0,03/09/2025 19:19:32,12.967245,80.2176366,2176366,2025-09-04T23:28:34.397668
TN87F0976,353201358041769,13.0,7.24,316.0,03/09/2025 19:19:31,12.9672866,80.2176249,2176249,2025-09-04T23:28:34.397892
TN87F0976,353201358041769,10.0,7.25,316.0,03/09/2025 19:19:30,12.9673133,80.2176,2176,2025-09-04T23:28:34.398090
TN87F0976,353201358041769,8.0,7.26,316.0,03/09/2025 19:19:27,12.9673716,80.2175283,2175283,2025-09-04T23:28:34.398240
TN87F0976,353201358041769,7.0,7.27,316.0,03/09/2025 19:19:25,12.9674083,80.2174766,2174766,2025-09-04T23:28:34.398353
TN87F0976,353201358041769,6.0,7.27,316.0,03/09/2025 19:19:22,12.9674216,80.2174266,2174266,2025-09-04T23:28:34.398482
TN87F0976,353201358041769,6.0,7.28,316.0,03/09/2025 19:19:20,12.9674166,80.2173983,2173983,2025-09-04T23:28:34.398646
TN87F0976,353201358041769,13.0,7.3,316.0,03/09/2025 19:19:16,12.96736,80.2173566,2173566,2025-09-04T23:28:34.398817
TN87F0976,353201358041769,14.0,7.31,315.0,03/09/2025 19:19:11,12.9672016,80.2172933,2172933,2025-09-04T23:28:34.398974
TN87F0976,353201358041769,27.0,7.35,315.0,03/09/2025 19:19:08,12.9670649,80.2172433,2172433,2025-09-04T23:28:34.399109
TN87F0976,353201358041769,29.0,7.39,315.0,03/09/2025 19:19:03,12.9667216,80.2171266,2171266,2025-09-04T23:28:34.399268
TN87F0976,353201358041769,29.0,7.43,315.0,03/09/2025 19:18:58,12.96637,80.2169916,2169916,2025-09-04T23:28:34.399435
TN87F0976,353201358041769,26.0,7.47,315.0,03/09/2025 19:18:53,12.9660233,80.2168633,2168633,2025-09-04T23:28:34.399568
TN87F0976,353201358041769,27.0,7.51,315.0,03/09/2025 19:18:48,12.9656766,80.2167433,2167433,2025-09-04T23:28:34.399672
TN87F0976,353201358041769,27.0,7.55,315.0,03/09/2025 19:18:43,12.9653566,80.2166183,2166183,2025-09-04T23:28:34.399816
TN87F0976,353201358041769,29.0,7.59,315.0,03/09/2025 19:18:38,12.96503,80.2164833,2164833,2025-09-04T23:28:34.399940
TN87F0976,353201358041769,26.0,7.63,315.0,03/09/2025 19:18:33,12.9646833,80.2163616,2163616,2025-09-04T23:28:34.400063
TN87F0976,353201358041769,21.0,7.67,315.0,03/09/2025 19:18:28,12.9643933,80.2162583,2162583,2025-09-04T23:28:34.400210
TN87F0976,353201358041769,14.0,7.69,315.0,03/09/2025 19:18:23,12.9641749,80.2161616,2161616,2025-09-04T23:28:34.400357
TN87F0976,353201358041769,7.0,7.71,313.0,03/09/2025 19:18:18,12.9640216,80.21609,21609,2025-09-04T23:28:34.400511
TN87F0976,353201358041769,0.0,7.71,313.0,03/09/2025 19:18:17,12.963995,80.2160749,2160749,2025-09-04T23:28:34.400635
TN87F0976,353201358041769,0.0,7.71,313.0,03/09/2025 19:18:08,12.963995,80.2160749,2160749,2025-09-04T23:28:34.400793
TN87F0976,353201358041769,0.0,7.71,313.0,03/09/2025 19:18:03,12.963995,80.2160749,2160749,2025-09-04T23:28:34.400926
TN87F0976,353201358041769,0.0,7.71,313.0,03/09/2025 19:17:58,12.963995,80.2160749,2160749,2025-09-04T23:28:34.401088
TN87F0976,353201358041769,0.0,7.71,313.0,03/09/2025 19:17:53,12.963995,80.2160749,2160749,2025-09-04T23:28:34.401230
TN87F0976,353201358041769,0.0,7.71,313.0,03/09/2025 19:17:48,12.963995,80.2160749,2160749,2025-09-04T23:28:34.401363
TN87F0976,353201358041769,0.0,7.71,309.0,03/09/2025 19:17:43,12.963995,80.2160749,2160749,2025-09-04T23:28:34.401513
TN87F0976,353201358041769,0.0,7.71,309.0,03/09/2025 19:17:38,12.963995,80.2160749,2160749,2025-09-04T23:28:34.401653
TN87F0976,353201358041769,0.0,7.71,309.0,03/09/2025 19:17:33,12.963995,80.2160749,2160749,2025-09-04T23:28:34.401772
TN87F0976,353201358041769,0.0,7.71,309.0,03/09/2025 19:17:28,12.963995,80.2160749,2160749,2025-09-04T23:28:34.401945
TN87F0976,353201358041769,0.0,7.71,309.0,03/09/2025 19:17:23,12.963995,80.2160749,2160749,2025-09-04T23:28:34.402088
TN87F0976,353201358041769,0.0,7.71,309.0,03/09/2025 19:17:18,12.963995,80.2160749,2160749,2025-09-04T23:28:34.402240
TN87F0976,353201358041769,0.0,7.71,309.0,03/09/2025 19:17:13,12.963995,80.2160749,2160749,2025-09-04T23:28:34.402374
TN87F0976,353201358041769,0.0,7.71,309.0,03/09/2025 19:17:08,12.963995,80.2160749,2160749,2025-09-04T23:28:34.402535
TN87F0976,353201358041769,0.0,7.71,309.0,03/09/2025 19:17:03,12.963995,80.2160749,2160749,2025-09-04T23:28:34.402711
TN87F0976,353201358041769,0.0,7.71,309.0,03/09/2025 19:16:58,12.963995,80.2160749,2160749,2025-09-04T23:28:34.402883
TN87F0976,353201358041769,9.0,7.76,311.0,03/09/2025 19:16:53,12.963945,80.2160566,2160566,2025-09-04T23:28:34.403086
TN87F0976,353201358041769,11.0,7.81,311.0,03/09/2025 19:16:48,12.9638199,80.2160066,2160066,2025-09-04T23:28:34.403268
TN87F0976,353201358041769,11.0,7.83,311.0,03/09/2025 19:16:43,12.96368,80.2159466,2159466,2025-09-04T23:28:34.403457
TN87F0976,353201358041769,10.0,7.85,311.0,03/09/2025 19:16:38,12.9635516,80.2158933,2158933,2025-09-04T23:28:34.403604
TN87F0976,353201358041769,19.0,7.88,311.0,03/09/2025 19:16:33,12.96337,80.2158249,2158249,2025-09-04T23:28:34.403774
TN87F0976,353201358041769,25.0,7.91,311.0,03/09/2025 19:16:28,12.9631183,80.215735,215735,2025-09-04T23:28:34.403940
TN87F0976,353201358041769,27.0,7.95,311.0,03/09/2025 19:16:23,12.9628149,80.2156333,2156333,2025-09-04T23:28:34.404079
TN87F0976,353201358041769,37.0,8.0,311.0,03/09/2025 19:16:19,12.9625066,80.2155216,2155216,2025-09-04T23:28:34.404197
TN87F0976,353201358041769,35.0,8.05,317.0,03/09/2025 19:16:14,12.9620633,80.2153449,2153449,2025-09-04T23:28:34.404320
TN87F0976,353201358041769,30.0,8.09,317.0,03/09/2025 19:16:09,12.9616633,80.2151883,2151883,2025-09-04T23:28:34.404465
TN87F0976,353201358041769,26.0,8.12,317.0,03/09/2025 19:16:04,12.9613233,80.2150416,2150416,2025-09-04T23:28:34.404650
TN87F0976,353201358041769,24.0,8.17,317.0,03/09/2025 19:15:59,12.96103,80.2149033,2149033,2025-09-04T23:28:34.404857
TN87F0976,353201358041769,31.0,8.21,317.0,03/09/2025 19:15:54,12.960685,80.2147716,2147716,2025-09-04T23:28:34.405018
TN87F0976,353201358041769,30.0,8.25,317.0,03/09/2025 19:15:49,12.9603266,80.2146416,2146416,2025-09-04T23:28:34.405203
TN87F0976,353201358041769,32.0,8.29,324.0,03/09/2025 19:15:44,12.95996,80.2144933,2144933,2025-09-04T23:28:34.405369
TN87F0976,353201358041769,24.0,8.32,324.0,03/09/2025 19:15:39,12.9596266,80.214355,214355,2025-09-04T23:28:34.405547
TN87F0976,353201358041769,15.0,8.34,324.0,03/09/2025 19:15:34,12.9593933,80.21426,21426,2025-09-04T23:28:34.405719
TN87F0976,353201358041769,10.0,8.35,324.0,03/09/2025 19:15:29,12.9592433,80.214205,214205,2025-09-04T23:28:34.405902
TN87F0976,353201358041769,6.0,8.36,324.0,03/09/2025 19:15:24,12.959135,80.2141616,2141616,2025-09-04T23:28:34.406107
TN87F0976,353201358041769,9.0,8.37,324.0,03/09/2025 19:15:20,12.9590516,80.21413,21413,2025-09-04T23:28:34.406296
TN87F0976,353201358041769,4.0,8.37,327.0,03/09/2025 19:15:15,12.9589783,80.21411,21411,2025-09-04T23:28:34.406460
TN87F0976,353201358041769,4.0,8.38,327.0,03/09/2025 19:15:10,12.95894,80.2140966,2140966,2025-09-04T23:28:34.406635
TN87F0976,353201358041769,7.0,8.39,327.0,03/09/2025 19:15:05,12.9588766,80.2140716,2140716,2025-09-04T23:28:34.406789
TN87F0976,353201358041769,8.0,8.41,327.0,03/09/2025 19:15:00,12.9587999,80.2140333,2140333,2025-09-04T23:28:34.406941
TN87F0976,353201358041769,12.0,8.42,327.0,03/09/2025 19:14:55,12.9586666,80.2139766,2139766,2025-09-04T23:28:34.407076
TN87F0976,353201358041769,6.0,8.43,327.0,03/09/2025 19:14:50,12.9585483,80.213925,213925,2025-09-04T23:28:34.407229
TN87F0976,353201358041769,8.0,8.44,326.0,03/09/2025 19:14:45,12.9584716,80.21389,21389,2025-09-04T23:28:34.407392
TN87F0976,353201358041769,5.0,8.45,326.0,03/09/2025 19:14:40,12.9583916,80.2138516,2138516,2025-09-04T23:28:34.407578
TN87F0976,353201358041769,5.0,8.45,326.0,03/09/2025 19:14:35,12.9583083,80.2138233,2138233,2025-09-04T23:28:34.407778
TN87F0976,353201358041769,0.0,8.45,326.0,03/09/2025 19:14:30,12.9582649,80.2138133,2138133,2025-09-04T23:28:34.407974
TN87F0976,353201358041769,0.0,8.45,326.0,03/09/2025 19:14:25,12.9582649,80.2138133,2138133,2025-09-04T23:28:34.408148
TN87F0976,353201358041769,0.0,8.45,326.0,03/09/2025 19:14:20,12.9582483,80.2138083,2138083,2025-09-04T23:28:34.408317
TN87F0976,353201358041769,3.0,8.47,323.0,03/09/2025 19:14:15,12.9581983,80.2137816,2137816,2025-09-04T23:28:34.408513
TN87F0976,353201358041769,4.0,8.47,323.0,03/09/2025 19:14:10,12.9580983,80.2137333,2137333,2025-09-04T23:28:34.408666
TN87F0976,353201358041769,0.0,8.47,323.0,03/09/2025 19:14:05,12.9580983,80.2137333,2137333,2025-09-04T23:28:34.408819
TN87F0976,353201358041769,0.0,8.47,323.0,03/09/2025 19:14:00,12.9580983,80.2137333,2137333,2025-09-04T23:28:34.408931
TN87F0976,353201358041769,4.0,8.47,323.0,03/09/2025 19:13:55,12.9580833,80.2137266,2137266,2025-09-04T23:28:34.409069
TN87F0976,353201358041769,7.0,8.49,323.0,03/09/2025 19:13:50,12.958015,80.2137066,2137066,2025-09-04T23:28:34.409186
TN87F0976,353201358041769,5.0,8.5,323.0,03/09/2025 19:13:45,12.957935,80.213685,213685,2025-09-04T23:28:34.409306
TN87F0976,353201358041769,0.0,8.5,322.0,03/09/2025 19:13:40,12.9578683,80.2136666,2136666,2025-09-04T23:28:34.409448
TN87F0976,353201358041769,0.0,8.5,322.0,03/09/2025 19:13:35,12.9578683,80.2136666,2136666,2025-09-04T23:28:34.409566
TN87F0976,353201358041769,0.0,8.5,322.0,03/09/2025 19:13:30,12.9578566,80.2136633,2136633,2025-09-04T23:28:34.409674
TN87F0976,353201358041769,10.0,8.52,322.0,03/09/2025 19:13:25,12.957785,80.2136283,2136283,2025-09-04T23:28:34.409785
TN87F0976,353201358041769,20.0,8.55,322.0,03/09/2025 19:13:20,12.9575783,80.2135516,2135516,2025-09-04T23:28:34.409893
TN87F0976,353201358041769,18.0,8.57,320.0,03/09/2025 19:13:15,12.9573683,80.2134683,2134683,2025-09-04T23:28:34.410012
TN87F0976,353201358041769,20.0,8.61,320.0,03/09/2025 19:13:10,12.95715,80.2133833,2133833,2025-09-04T23:28:34.410136
TN87F0976,353201358041769,29.0,8.66,320.0,03/09/2025 19:13:05,12.9568749,80.2132816,2132816,2025-09-04T23:28:34.410253
TN87F0976,353201358041769,39.0,8.71,320.0,03/09/2025 19:13:00,12.9564683,80.2131266,2131266,2025-09-04T23:28:34.410369
TN87F0976,353201358041769,39.0,8.77,320.0,03/09/2025 19:12:55,12.9560099,80.2128933,2128933,2025-09-04T23:28:34.410517
TN87F0976,353201358041769,38.0,8.82,320.0,03/09/2025 19:12:50,12.9555116,80.2127533,2127533,2025-09-04T23:28:34.410675
TN87F0976,353201358041769,37.0,8.88,320.0,03/09/2025 19:12:45,12.9550799,80.212545,212545,2025-09-04T23:28:34.410811
TN87F0976,353201358041769,31.0,8.92,319.0,03/09/2025 19:12:40,12.9546466,80.2123549,2123549,2025-09-04T23:28:34.410964
TN87F0976,353201358041769,26.0,8.95,319.0,03/09/2025 19:12:35,12.954305,80.2122033,2122033,2025-09-04T23:28:34.411078
TN87F0976,353201358041769,19.0,8.96,319.0,03/09/2025 19:12:30,12.9540383,80.2120933,2120933,2025-09-04T23:28:34.411183
TN87F0976,353201358041769,8.0,8.97,319.0,03/09/2025 19:12:26,12.9539166,80.212045,212045,2025-09-04T23:28:34.411320
TN87F0976,353201358041769,0.0,8.97,318.0,03/09/2025 19:12:21,12.9538783,80.2120283,2120283,2025-09-04T23:28:34.411440
TN87F0976,353201358041769,0.0,8.97,318.0,03/09/2025 19:12:16,12.9538783,80.2120283,2120283,2025-09-04T23:28:34.411578
TN87F0976,353201358041769,7.0,8.99,318.0,03/09/2025 19:12:11,12.9538616,80.2120183,2120183,2025-09-04T23:28:34.411711
TN87F0976,353201358041769,19.0,9.02,318.0,03/09/2025 19:12:06,12.9536733,80.2119583,2119583,2025-09-04T23:28:34.411896
TN87F0976,353201358041769,18.0,9.04,318.0,03/09/2025 19:12:01,12.9534416,80.2118883,2118883,2025-09-04T23:28:34.412049
TN87F0976,353201358041769,24.0,9.08,318.0,03/09/2025 19:11:56,12.9532333,80.211795,211795,2025-09-04T23:28:34.412160
TN87F0976,353201358041769,28.0,9.12,318.0,03/09/2025 19:11:51,12.9529033,80.211645,211645,2025-09-04T23:28:34.412291
TN87F0976,353201358041769,22.0,9.15,318.0,03/09/2025 19:11:46,12.9525966,80.211505,211505,2025-09-04T23:28:34.412435
TN87F0976,353201358041769,18.0,9.17,318.0,03/09/2025 19:11:41,12.9523733,80.2114,2114,2025-09-04T23:28:34.412618
TN87F0976,353201358041769,11.0,9.18,318.0,03/09/2025 19:11:36,12.9521816,80.211335,211335,2025-09-04T23:28:34.412760
TN87F0976,353201358041769,11.0,9.2,318.0,03/09/2025 19:11:31,12.952055,80.211295,211295,2025-09-04T23:28:34.412962
TN87F0976,353201358041769,11.0,9.22,318.0,03/09/2025 19:11:26,12.9519283,80.2112349,2112349,2025-09-04T23:28:34.413157
TN87F0976,353201358041769,18.0,9.24,318.0,03/09/2025 19:11:21,12.9517816,80.2111783,2111783,2025-09-04T23:28:34.413332
TN87F0976,353201358041769,32.0,9.29,318.0,03/09/2025 19:11:17,12.9515416,80.2110949,2110949,2025-09-04T23:28:34.413491
TN87F0976,353201358041769,31.0,9.33,315.0,03/09/2025 19:11:12,12.95117,80.2109,2109,2025-09-04T23:28:34.413659
TN87F0976,353201358041769,33.0,9.38,315.0,03/09/2025 19:11:07,12.9508366,80.2107233,2107233,2025-09-04T23:28:34.413789
TN87F0976,353201358041769,36.0,9.44,315.0,03/09/2025 19:11:02,12.9504233,80.2105416,2105416,2025-09-04T23:28:34.413974
TN87F0976,353201358041769,39.0,9.49,315.0,03/09/2025 19:10:57,12.9499566,80.210385,210385,2025-09-04T23:28:34.414128
TN87F0976,353201358041769,32.0,9.53,315.0,03/09/2025 19:10:52,12.94951,80.21023,21023,2025-09-04T23:28:34.414273
TN87F0976,353201358041769,24.0,9.56,315.0,03/09/2025 19:10:47,12.9491599,80.2100916,2100916,2025-09-04T23:28:34.414405
TN87F0976,353201358041769,17.0,9.58,312.0,03/09/2025 19:10:42,12.9489133,80.2099833,2099833,2025-09-04T23:28:34.414509
TN87F0976,353201358041769,16.0,9.59,312.0,03/09/2025 19:10:37,12.9487016,80.2100166,2100166,2025-09-04T23:28:34.414644
TN87F0976,353201358041769,19.0,9.6,312.0,03/09/2025 19:10:36,12.9486616,80.2100083,2100083,2025-09-04T23:28:34.414763
TN87F0976,353201358041769,21.0,9.61,312.0,03/09/2025 19:10:34,12.948605,80.2099333,2099333,2025-09-04T23:28:34.414921
TN87F0976,353201358041769,20.0,9.62,312.0,03/09/2025 19:10:33,12.9485783,80.2098883,2098883,2025-09-04T23:28:34.415073
TN87F0976,353201358041769,19.0,9.65,312.0,03/09/2025 19:10:31,12.9485699,80.2097783,2097783,2025-09-04T23:28:34.415199
TN87F0976,353201358041769,22.0,9.68,312.0,03/09/2025 19:10:26,12.9486183,80.209495,209495,2025-09-04T23:28:34.415310
TN87F0976,353201358041769,24.0,9.72,312.0,03/09/2025 19:10:21,12.9486433,80.2091983,2091983,2025-09-04T23:28:34.415432
TN87F0976,353201358041769,34.0,9.78,312.0,03/09/2025 19:10:16,12.9486449,80.2088333,2088333,2025-09-04T23:28:34.415535
TN87F0976,353201358041769,43.0,9.83,312.0,03/09/2025 19:10:11,12.9486466,80.2083233,2083233,2025-09-04T23:28:34.415660
TN87F0976,353201358041769,41.0,9.88,312.0,03/09/2025 19:10:06,12.948725,80.2077866,2077866,2025-09-04T23:28:34.415764
TN87F0976,353201358041769,31.0,9.92,312.0,03/09/2025 19:10:01,12.9487483,80.2073183,2073183,2025-09-04T23:28:34.415869
TN87F0976,353201358041769,22.0,9.95,312.0,03/09/2025 19:09:56,12.9487816,80.2069549,2069549,2025-09-04T23:28:34.415968
TN87F0976,353201358041769,16.0,9.97,312.0,03/09/2025 19:09:51,12.9488016,80.2067066,2067066,2025-09-04T23:28:34.416087
TN87F0976,353201358041769,8.0,9.98,314.0,03/09/2025 19:09:46,12.9487949,80.2065466,2065466,2025-09-04T23:28:34.416222
TN87F0976,353201358041769,9.0,10.01,314.0,03/09/2025 19:09:41,12.9488033,80.2064233,2064233,2025-09-04T23:28:34.416351
TN87F0976,353201358041769,5.0,10.03,314.0,03/09/2025 19:09:36,12.9488066,80.2063483,2063483,2025-09-04T23:28:34.416468
TN87F0976,353201358041769,0.0,10.03,314.0,03/09/2025 19:09:36,12.94882,80.2061566,2061566,2025-09-04T23:28:34.416606
TN87F0976,353201358041769,0.0,10.03,314.0,03/09/2025 19:09:22,12.94882,80.2061566,2061566,2025-09-04T23:28:34.416745
TN87F0976,353201358041769,0.0,10.03,314.0,03/09/2025 19:09:22,12.94882,80.2061566,2061566,2025-09-04T23:28:34.416877
TN87F0976,353201358041769,0.0,10.03,314.0,03/09/2025 19:09:17,12.94882,80.2061566,2061566,2025-09-04T23:28:34.416995
TN87F0976,353201358041769,0.0,10.03,316.0,03/09/2025 19:09:12,12.94882,80.2061566,2061566,2025-09-04T23:28:34.417126
TN87F0976,353201358041769,0.0,10.03,316.0,03/09/2025 19:09:07,12.94882,80.2061566,2061566,2025-09-04T23:28:34.417254
TN87F0976,353201358041769,0.0,10.03,316.0,03/09/2025 19:09:02,12.94882,80.2061566,2061566,2025-09-04T23:28:34.417384
TN87F0976,353201358041769,0.0,10.03,317.0,03/09/2025 19:08:57,12.94882,80.2061566,2061566,2025-09-04T23:28:34.417540
TN87F0976,353201358041769,0.0,10.03,317.0,03/09/2025 19:08:52,12.94882,80.2061566,2061566,2025-09-04T23:28:34.417956
TN87F0976,353201358041769,0.0,10.03,317.0,03/09/2025 19:08:47,12.94882,80.2061566,2061566,2025-09-04T23:28:34.418130
TN87F0976,353201358041769,0.0,10.03,317.0,03/09/2025 19:08:42,12.94882,80.2061566,2061566,2025-09-04T23:28:34.418295
TN87F0976,353201358041769,0.0,10.03,317.0,03/09/2025 19:08:37,12.94882,80.2061566,2061566,2025-09-04T23:28:34.418440
TN87F0976,353201358041769,0.0,10.03,317.0,03/09/2025 19:08:32,12.94882,80.2061566,2061566,2025-09-04T23:28:34.418619
TN87F0976,353201358041769,0.0,10.03,317.0,03/09/2025 19:08:27,12.9488216,80.206155,206155,2025-09-04T23:28:34.418815
TN87F0976,353201358041769,0.0,10.03,318.0,03/09/2025 19:08:22,12.9488283,80.2060599,2060599,2025-09-04T23:28:34.419024
TN87F0976,353201358041769,0.0,10.03,318.0,03/09/2025 19:08:17,12.9488283,80.2060599,2060599,2025-09-04T23:28:34.419219
TN87F0976,353201358041769,0.0,10.03,318.0,03/09/2025 19:08:12,12.9488283,80.2060599,2060599,2025-09-04T23:28:34.419389
TN87F0976,353201358041769,0.0,10.03,318.0,03/09/2025 19:08:07,12.9488283,80.2060599,2060599,2025-09-04T23:28:34.419577
TN87F0976,353201358041769,0.0,10.03,318.0,03/09/2025 19:08:02,12.9488283,80.2060599,2060599,2025-09-04T23:28:34.419754
TN87F0976,353201358041769,0.0,10.03,318.0,03/09/2025 19:07:57,12.9488283,80.2060599,2060599,2025-09-04T23:28:34.419918
TN87F0976,353201358041769,0.0,10.03,318.0,03/09/2025 19:07:52,12.9488283,80.2060599,2060599,2025-09-04T23:28:34.420068
TN87F0976,353201358041769,0.0,10.03,318.0,03/09/2025 19:07:47,12.9488283,80.2060599,2060599,2025-09-04T23:28:34.420206
TN87F0976,353201358041769,0.0,10.03,318.0,03/09/2025 19:07:42,12.9488283,80.2060599,2060599,2025-09-04T23:28:34.420340
TN87F0976,353201358041769,0.0,10.03,318.0,03/09/2025 19:07:37,12.9488283,80.2060599,2060599,2025-09-04T23:28:34.420451
TN87F0976,353201358041769,7.0,10.04,318.0,03/09/2025 19:07:32,12.948825,80.2060233,2060233,2025-09-04T23:28:34.420577
TN87F0976,353201358041769,5.0,10.05,318.0,03/09/2025 19:07:27,12.9488216,80.205935,205935,2025-09-04T23:28:34.420706
TN87F0976,353201358041769,3.0,10.05,318.0,03/09/2025 19:07:22,12.94881,80.2058799,2058799,2025-09-04T23:28:34.420847
TN87F0976,353201358041769,7.0,10.06,318.0,03/09/2025 19:07:17,12.948805,80.2058216,2058216,2025-09-04T23:28:34.420969
TN87F0976,353201358041769,6.0,10.07,321.0,03/09/2025 19:07:12,12.9488266,80.2057283,2057283,2025-09-04T23:28:34.421082
TN87F0976,353201358041769,7.0,10.08,321.0,03/09/2025 19:07:07,12.948805,80.2056549,2056549,2025-09-04T23:28:34.421226
TN87F0976,353201358041769,5.0,10.09,321.0,03/09/2025 19:07:03,12.9488083,80.2055799,2055799,2025-09-04T23:28:34.421341
TN87F0976,353201358041769,0.0,10.09,321.0,03/09/2025 19:06:58,12.9488183,80.2055183,2055183,2025-09-04T23:28:34.421451
TN87F0976,353201358041769,7.0,10.09,321.0,03/09/2025 19:06:53,12.9488166,80.2054566,2054566,2025-09-04T23:28:34.421588
TN87F0976,353201358041769,8.0,10.1,321.0,03/09/2025 19:06:51,12.9488133,80.205415,205415,2025-09-04T23:28:34.421740
TN87F0976,353201358041769,8.0,10.11,323.0,03/09/2025 19:06:46,12.94881,80.2053133,2053133,2025-09-04T23:28:34.421908
TN87F0976,353201358041769,9.0,10.13,323.0,03/09/2025 19:06:41,12.9488033,80.2052133,2052133,2025-09-04T23:28:34.422058
TN87F0976,353201358041769,11.0,10.14,323.0,03/09/2025 19:06:36,12.9488366,80.2050566,2050566,2025-09-04T23:28:34.422219
TN87F0976,353201358041769,10.0,10.15,323.0,03/09/2025 19:06:33,12.9488083,80.2049599,2049599,2025-09-04T23:28:34.422354
TN87F0976,353201358041769,5.0,10.16,323.0,03/09/2025 19:06:30,12.9487966,80.2048916,2048916,2025-09-04T23:28:34.422485
TN87F0976,353201358041769,10.0,10.17,323.0,03/09/2025 19:06:25,12.9487883,80.2048066,2048066,2025-09-04T23:28:34.422661
TN87F0976,353201358041769,10.0,10.19,323.0,03/09/2025 19:06:20,12.9487733,80.2046783,2046783,2025-09-04T23:28:34.422816
TN87F0976,353201358041769,11.0,10.2,323.0,03/09/2025 19:06:15,12.9487583,80.2045333,2045333,2025-09-04T23:28:34.423004
TN87F0976,353201358041769,0.0,10.2,323.0,03/09/2025 19:06:11,12.948755,80.2044533,2044533,2025-09-04T23:28:34.423192
TN87F0976,353201358041769,7.0,10.21,323.0,03/09/2025 19:06:06,12.9487916,80.2043616,2043616,2025-09-04T23:28:34.423360
TN87F0976,353201358041769,0.0,10.21,323.0,03/09/2025 19:06:01,12.9487883,80.2042133,2042133,2025-09-04T23:28:34.423489
TN87F0976,353201358041769,0.0,10.21,323.0,03/09/2025 19:05:56,12.9487883,80.2042133,2042133,2025-09-04T23:28:34.423691
TN87F0976,353201358041769,0.0,10.21,323.0,03/09/2025 19:05:51,12.9487883,80.2042133,2042133,2025-09-04T23:28:34.423851
TN87F0976,353201358041769,0.0,10.21,322.0,03/09/2025 19:05:46,12.9487883,80.2042133,2042133,2025-09-04T23:28:34.424026
TN87F0976,353201358041769,0.0,10.21,322.0,03/09/2025 19:05:41,12.9487883,80.2042133,2042133,2025-09-04T23:28:34.424196
TN87F0976,353201358041769,0.0,10.21,322.0,03/09/2025 19:05:36,12.9487883,80.2042133,2042133,2025-09-04T23:28:34.424332
TN87F0976,353201358041769,0.0,10.21,322.0,03/09/2025 19:05:31,12.9487883,80.2042133,2042133,2025-09-04T23:28:34.424458
TN87F0976,353201358041769,0.0,10.21,322.0,03/09/2025 19:05:26,12.9487883,80.2042133,2042133,2025-09-04T23:28:34.424606
TN87F0976,353201358041769,0.0,10.21,322.0,03/09/2025 19:05:21,12.9487883,80.2042133,2042133,2025-09-04T23:28:34.424785
TN87F0976,353201358041769,0.0,10.21,322.0,03/09/2025 19:05:16,12.9487883,80.2042133,2042133,2025-09-04T23:28:34.424978
TN87F0976,353201358041769,0.0,10.21,322.0,03/09/2025 19:05:11,12.9487883,80.2042133,2042133,2025-09-04T23:28:34.425156
TN87F0976,353201358041769,0.0,10.21,322.0,03/09/2025 19:05:06,12.9487883,80.2042066,2042066,2025-09-04T23:28:34.425358
TN87F0976,353201358041769,4.0,10.22,322.0,03/09/2025 19:05:01,12.94878,80.2041483,2041483,2025-09-04T23:28:34.425579
TN87F0976,353201358041769,0.0,10.22,322.0,03/09/2025 19:04:56,12.94878,80.2040633,2040633,2025-09-04T23:28:34.425775
TN87F0976,353201358041769,0.0,10.22,322.0,03/09/2025 19:04:51,12.94878,80.2040633,2040633,2025-09-04T23:28:34.425961
TN87F0976,353201358041769,0.0,10.22,322.0,03/09/2025 19:04:46,12.94878,80.2040633,2040633,2025-09-04T23:28:34.426157
TN87F0976,353201358041769,5.0,10.23,321.0,03/09/2025 19:04:41,12.9487766,80.2040483,2040483,2025-09-04T23:28:34.426348
TN87F0976,353201358041769,9.0,10.25,321.0,03/09/2025 19:04:36,12.9487649,80.20394,20394,2025-09-04T23:28:34.426540
TN87F0976,353201358041769,15.0,10.27,321.0,03/09/2025 19:04:31,12.94875,80.2037749,2037749,2025-09-04T23:28:34.426738
TN87F0976,353201358041769,11.0,10.28,321.0,03/09/2025 19:04:26,12.9487216,80.2036099,2036099,2025-09-04T23:28:34.426896
TN87F0976,353201358041769,8.0,10.29,321.0,03/09/2025 19:04:23,12.9487033,80.2035316,2035316,2025-09-04T23:28:34.427036
TN87F0976,353201358041769,6.0,10.3,321.0,03/09/2025 19:04:18,12.9486933,80.2034333,2034333,2025-09-04T23:28:34.427188
TN87F0976,353201358041769,5.0,10.3,321.0,03/09/2025 19:04:15,12.9486883,80.2033849,2033849,2025-09-04T23:28:34.427400
TN87F0976,353201358041769,0.0,10.3,320.0,03/09/2025 19:04:10,12.9487049,80.2033083,2033083,2025-09-04T23:28:34.427604
TN87F0976,353201358041769,8.0,10.32,320.0,03/09/2025 19:04:05,12.9486916,80.2032366,2032366,2025-09-04T23:28:34.427821
TN87F0976,353201358041769,0.0,10.32,320.0,03/09/2025 19:04:00,12.9486633,80.2031266,2031266,2025-09-04T23:28:34.428041
TN87F0976,353201358041769,0.0,10.32,319.0,03/09/2025 19:03:45,12.9486633,80.2029066,2029066,2025-09-04T23:28:34.428222
TN87F0976,353201358041769,0.0,10.32,317.0,03/09/2025 19:03:15,12.9486633,80.2029066,2029066,2025-09-04T23:28:34.428402
TN87F0976,353201358041769,0.0,10.32,317.0,03/09/2025 19:02:45,12.9486633,80.2029066,2029066,2025-09-04T23:28:34.428605
TN87F0976,353201358041769,0.0,10.32,317.0,03/09/2025 19:02:15,12.9486633,80.2029066,2029066,2025-09-04T23:28:34.428810
TN87F0976,353201358041769,0.0,10.32,317.0,03/09/2025 19:01:45,12.9486633,80.2029066,2029066,2025-09-04T23:28:34.429041
TN87F0976,353201358041769,0.0,10.32,318.0,03/09/2025 19:01:15,12.9486633,80.2029066,2029066,2025-09-04T23:28:34.429244
TN87F0976,353201358041769,0.0,10.32,318.0,03/09/2025 19:00:45,12.9486633,80.2029066,2029066,2025-09-04T23:28:34.429432
TN87F0976,353201358041769,0.0,10.32,318.0,03/09/2025 19:00:15,12.9486633,80.2029066,2029066,2025-09-04T23:28:34.429638
TN87F0976,353201358041769,0.0,10.32,320.0,03/09/2025 18:59:45,12.9486633,80.2029066,2029066,2025-09-04T23:28:34.429843
TN87F0976,353201358041769,0.0,10.32,320.0,03/09/2025 18:59:42,12.9486633,80.2029066,2029066,2025-09-04T23:28:34.430054
TN87F0976,353201358041769,0.0,10.32,320.0,03/09/2025 18:59:37,12.9486633,80.2029066,2029066,2025-09-04T23:28:34.430244
TN87F0976,353201358041769,0.0,10.32,320.0,03/09/2025 18:59:32,12.9486633,80.2029066,2029066,2025-09-04T23:28:34.430471
TN87F0976,353201358041769,0.0,10.32,320.0,03/09/2025 18:59:27,12.9486633,80.2029066,2029066,2025-09-04T23:28:34.430682
TN87F0976,353201358041769,0.0,10.32,320.0,03/09/2025 18:59:22,12.9486633,80.2029066,2029066,2025-09-04T23:28:34.430877
TN87F0976,353201358041769,0.0,10.32,320.0,03/09/2025 18:59:17,12.9486633,80.2029066,2029066,2025-09-04T23:28:34.431433
TN87F0976,353201358041769,0.0,10.32,320.0,03/09/2025 18:59:12,12.9486633,80.2029066,2029066,2025-09-04T23:28:34.431634
TN87F0976,353201358041769,0.0,10.32,320.0,03/09/2025 18:59:07,12.9486633,80.2029066,2029066,2025-09-04T23:28:34.431833
TN87F0976,353201358041769,0.0,10.32,325.0,03/09/2025 18:59:02,12.9486633,80.2029066,2029066,2025-09-04T23:28:34.432053
TN87F0976,353201358041769,0.0,10.32,325.0,03/09/2025 18:58:57,12.9486633,80.2029066,2029066,2025-09-04T23:28:34.432249
TN87F0976,353201358041769,0.0,10.32,325.0,03/09/2025 18:58:52,12.9486633,80.2029066,2029066,2025-09-04T23:28:34.432469
TN87F0976,353201358041769,0.0,10.32,325.0,03/09/2025 18:58:47,12.9486633,80.2029066,2029066,2025-09-04T23:28:34.432747
TN87F0976,353201358041769,0.0,10.32,325.0,03/09/2025 18:58:42,12.9486633,80.2029033,2029033,2025-09-04T23:28:34.433048
TN87F0976,353201358041769,6.0,10.35,325.0,03/09/2025 18:58:37,12.9486633,80.2028783,2028783,2025-09-04T23:28:34.433335
TN87F0976,353201358041769,0.0,10.35,325.0,03/09/2025 18:58:24,12.948655,80.202535,202535,2025-09-04T23:28:34.433567
TN87F0976,353201358041769,0.0,10.35,326.0,03/09/2025 18:57:54,12.948655,80.202535,202535,2025-09-04T23:28:34.433876
TN87F0976,353201358041769,0.0,10.35,320.0,03/09/2025 18:57:24,12.948655,80.202535,202535,2025-09-04T23:28:34.434085
TN87F0976,353201358041769,0.0,10.35,320.0,03/09/2025 18:56:54,12.948655,80.202535,202535,2025-09-04T23:28:34.434287
TN87F0976,353201358041769,0.0,10.35,318.0,03/09/2025 18:56:24,12.948655,80.202535,202535,2025-09-04T23:28:34.434649
TN87F0976,353201358041769,0.0,10.35,318.0,03/09/2025 18:56:22,12.948655,80.202535,202535,2025-09-04T23:28:34.434863
TN87F0976,353201358041769,0.0,10.35,319.0,03/09/2025 18:56:17,12.948655,80.202535,202535,2025-09-04T23:28:34.435059
TN87F0976,353201358041769,0.0,10.35,319.0,03/09/2025 18:56:12,12.948655,80.202535,202535,2025-09-04T23:28:34.435241
TN87F0976,353201358041769,0.0,10.35,319.0,03/09/2025 18:56:07,12.948655,80.202535,202535,2025-09-04T23:28:34.435422
TN87F0976,353201358041769,0.0,10.35,319.0,03/09/2025 18:56:02,12.948655,80.202535,202535,2025-09-04T23:28:34.435648
TN87F0976,353201358041769,0.0,10.35,319.0,03/09/2025 18:55:57,12.948655,80.202535,202535,2025-09-04T23:28:34.435910
TN87F0976,353201358041769,0.0,10.35,319.0,03/09/2025 18:55:52,12.948655,80.202535,202535,2025-09-04T23:28:34.436127
TN87F0976,353201358041769,0.0,10.35,319.0,03/09/2025 18:55:47,12.948655,80.202535,202535,2025-09-04T23:28:34.436332
TN87F0976,353201358041769,0.0,10.35,319.0,03/09/2025 18:55:42,12.948655,80.202535,202535,2025-09-04T23:28:34.436560
TN87F0976,353201358041769,0.0,10.35,320.0,03/09/2025 18:55:37,12.948655,80.202535,202535,2025-09-04T23:28:34.436757
TN87F0976,353201358041769,0.0,10.35,320.0,03/09/2025 18:55:32,12.948655,80.202535,202535,2025-09-04T23:28:34.436933
TN87F0976,353201358041769,0.0,10.35,320.0,03/09/2025 18:55:27,12.948655,80.202535,202535,2025-09-04T23:28:34.437132
TN87F0976,353201358041769,0.0,10.35,320.0,03/09/2025 18:55:22,12.948655,80.202535,202535,2025-09-04T23:28:34.437338
TN87F0976,353201358041769,0.0,10.35,321.0,03/09/2025 18:55:17,12.948655,80.202535,202535,2025-09-04T23:28:34.437554
TN87F0976,353201358041769,7.0,10.36,321.0,03/09/2025 18:55:12,12.94865,80.20249,20249,2025-09-04T23:28:34.437839
TN87F0976,353201358041769,3.0,10.37,321.0,03/09/2025 18:55:07,12.94865,80.2024266,2024266,2025-09-04T23:28:34.438054
TN87F0976,353201358041769,0.0,10.37,321.0,03/09/2025 18:55:02,12.9486416,80.2023699,2023699,2025-09-04T23:28:34.438325
TN87F0976,353201358041769,0.0,10.37,321.0,03/09/2025 18:54:57,12.9486416,80.2023699,2023699,2025-09-04T23:28:34.438589
TN87F0976,353201358041769,0.0,10.37,321.0,03/09/2025 18:54:52,12.9486416,80.2023699,2023699,2025-09-04T23:28:34.438880
TN87F0976,353201358041769,6.0,10.38,321.0,03/09/2025 18:54:47,12.94864,80.2023349,2023349,2025-09-04T23:28:34.439127
TN87F0976,353201358041769,7.0,10.39,321.0,03/09/2025 18:54:42,12.9486333,80.2022399,2022399,2025-09-04T23:28:34.439410
TN87F0976,353201358041769,10.0,10.4,321.0,03/09/2025 18:54:37,12.9486366,80.2021183,2021183,2025-09-04T23:28:34.439639
TN87F0976,353201358041769,0.0,10.4,321.0,03/09/2025 18:54:33,12.9486316,80.2020616,2020616,2025-09-04T23:28:34.439848
TN87F0976,353201358041769,0.0,10.4,321.0,03/09/2025 18:54:28,12.9486316,80.2020616,2020616,2025-09-04T23:28:34.440115
TN87F0976,353201358041769,0.0,10.4,321.0,03/09/2025 18:54:23,12.9486316,80.2020616,2020616,2025-09-04T23:28:34.440316
TN87F0976,353201358041769,0.0,10.4,321.0,03/09/2025 18:54:18,12.9486316,80.2020616,2020616,2025-09-04T23:28:34.440491
TN87F0976,353201358041769,0.0,10.4,321.0,03/09/2025 18:54:13,12.9486316,80.2020616,2020616,2025-09-04T23:28:34.440692
TN87F0976,353201358041769,0.0,10.4,321.0,03/09/2025 18:54:08,12.9486316,80.2020616,2020616,2025-09-04T23:28:34.440867
TN87F0976,353201358041769,0.0,10.4,321.0,03/09/2025 18:54:03,12.9486316,80.2020616,2020616,2025-09-04T23:28:34.441062
TN87F0976,353201358041769,0.0,10.4,321.0,03/09/2025 18:53:58,12.9486316,80.2020599,2020599,2025-09-04T23:28:34.441247
TN87F0976,353201358041769,7.0,10.41,321.0,03/09/2025 18:53:53,12.9486316,80.2020066,2020066,2025-09-04T23:28:34.441442
TN87F0976,353201358041769,15.0,10.43,321.0,03/09/2025 18:53:48,12.9486166,80.2018516,2018516,2025-09-04T23:28:34.441624
TN87F0976,353201358041769,26.0,10.46,321.0,03/09/2025 18:53:45,12.948595,80.2016933,2016933,2025-09-04T23:28:34.441872
TN87F0976,353201358041769,41.0,10.52,321.0,03/09/2025 18:53:42,12.9486033,80.2014533,2014533,2025-09-04T23:28:34.442093
TN87F0976,353201358041769,47.0,10.58,321.0,03/09/2025 18:53:37,12.9486066,80.2008516,2008516,2025-09-04T23:28:34.442302
TN87F0976,353201358041769,44.0,10.64,321.0,03/09/2025 18:53:32,12.9486016,80.2002683,2002683,2025-09-04T23:28:34.442509
TN87F0976,353201358041769,39.0,10.7,321.0,03/09/2025 18:53:27,12.9485916,80.199715,199715,2025-09-04T23:28:34.442729
TN87F0976,353201358041769,36.0,10.74,321.0,03/09/2025 18:53:22,12.9485516,80.1992399,1992399,2025-09-04T23:28:34.442943
TN87F0976,353201358041769,35.0,10.78,321.0,03/09/2025 18:53:17,12.948525,80.1987949,1987949,2025-09-04T23:28:34.443271
TN87F0976,353201358041769,45.0,10.84,319.0,03/09/2025 18:53:14,12.9485083,80.1984633,1984633,2025-09-04T23:28:34.443592
TN87F0976,353201358041769,47.0,10.91,319.0,03/09/2025 18:53:09,12.94852,80.1978649,1978649,2025-09-04T23:28:34.444495
TN87F0976,353201358041769,42.0,10.96,319.0,03/09/2025 18:53:04,12.9485533,80.1972849,1972849,2025-09-04T23:28:34.445684
TN87F0976,353201358041769,37.0,11.01,319.0,03/09/2025 18:52:59,12.9485166,80.1967583,1967583,2025-09-04T23:28:34.446069
TN87F0976,353201358041769,28.0,11.05,319.0,03/09/2025 18:52:54,12.9485316,80.196325,196325,2025-09-04T23:28:34.447512
TN87F0976,353201358041769,23.0,11.08,319.0,03/09/2025 18:52:49,12.9485416,80.195985,195985,2025-09-04T23:28:34.448047
TN87F0976,353201358041769,19.0,11.11,318.0,03/09/2025 18:52:44,12.9485533,80.195705,195705,2025-09-04T23:28:34.448628
TN87F0976,353201358041769,19.0,11.13,318.0,03/09/2025 18:52:39,12.9485633,80.195465,195465,2025-09-04T23:28:34.448976
TN87F0976,353201358041769,19.0,11.15,318.0,03/09/2025 18:52:34,12.9485683,80.195235,195235,2025-09-04T23:28:34.449465
TN87F0976,353201358041769,13.0,11.17,318.0,03/09/2025 18:52:29,12.9485499,80.1950116,1950116,2025-09-04T23:28:34.449829
TN87F0976,353201358041769,13.0,11.19,318.0,03/09/2025 18:52:25,12.9485316,80.194875,194875,2025-09-04T23:28:34.450159
TN87F0976,353201358041769,15.0,11.2,318.0,03/09/2025 18:52:20,12.9485499,80.19471,19471,2025-09-04T23:28:34.450502
TN87F0976,353201358041769,23.0,11.22,318.0,03/09/2025 18:52:18,12.9485533,80.194615,194615,2025-09-04T23:28:34.450897
TN87F0976,353201358041769,37.0,11.28,318.0,03/09/2025 18:52:15,12.9485466,80.1943716,1943716,2025-09-04T23:28:34.451119
TN87F0976,353201358041769,34.0,11.32,318.0,03/09/2025 18:52:10,12.9485616,80.1938999,1938999,2025-09-04T23:28:34.451421
TN87F0976,353201358041769,32.0,11.37,318.0,03/09/2025 18:52:05,12.9485683,80.1934883,1934883,2025-09-04T23:28:34.451837
TN87F0976,353201358041769,43.0,11.44,318.0,03/09/2025 18:52:00,12.9485933,80.192985,192985,2025-09-04T23:28:34.452139
TN87F0976,353201358041769,43.0,11.5,318.0,03/09/2025 18:51:55,12.9485866,80.1924049,1924049,2025-09-04T23:28:34.452347
TN87F0976,353201358041769,42.0,11.56,318.0,03/09/2025 18:51:50,12.9486149,80.19185,19185,2025-09-04T23:28:34.452514
TN87F0976,353201358041769,46.0,11.63,319.0,03/09/2025 18:51:45,12.9486266,80.1913033,1913033,2025-09-04T23:28:34.452689
TN87F0976,353201358041769,50.0,11.69,319.0,03/09/2025 18:51:40,12.948685,80.1906633,1906633,2025-09-04T23:28:34.452919
TN87F0976,353201358041769,48.0,11.76,319.0,03/09/2025 18:51:35,12.9487383,80.1900383,1900383,2025-09-04T23:28:34.453145
TN87F0976,353201358041769,45.0,11.82,319.0,03/09/2025 18:51:30,12.9488299,80.1894466,1894466,2025-09-04T23:28:34.453395
TN87F0976,353201358041769,45.0,11.89,319.0,03/09/2025 18:51:25,12.9489033,80.18887,18887,2025-09-04T23:28:34.453706
TN87F0976,353201358041769,48.0,11.96,319.0,03/09/2025 18:51:20,12.9489833,80.1882666,1882666,2025-09-04T23:28:34.453927
TN87F0976,353201358041769,55.0,12.03,319.0,03/09/2025 18:51:15,12.9490333,80.1876249,1876249,2025-09-04T23:28:34.454159
TN87F0976,353201358041769,54.0,12.11,319.0,03/09/2025 18:51:10,12.9490766,80.1869233,1869233,2025-09-04T23:28:34.454426
TN87F0976,353201358041769,56.0,12.19,319.0,03/09/2025 18:51:05,12.9491316,80.1862083,1862083,2025-09-04T23:28:34.454631
TN87F0976,353201358041769,51.0,12.26,319.0,03/09/2025 18:51:00,12.9491833,80.185495,185495,2025-09-04T23:28:34.454890
TN87F0976,353201358041769,48.0,12.32,319.0,03/09/2025 18:50:55,12.94923,80.1848683,1848683,2025-09-04T23:28:34.455171
TN87F0976,353201358041769,41.0,12.38,319.0,03/09/2025 18:50:50,12.9493083,80.1842933,1842933,2025-09-04T23:28:34.455408
TN87F0976,353201358041769,37.0,12.43,319.0,03/09/2025 18:50:45,12.9494033,80.1837916,1837916,2025-09-04T23:28:34.455620
TN87F0976,353201358041769,38.0,12.48,320.0,03/09/2025 18:50:40,12.94947,80.1833133,1833133,2025-09-04T23:28:34.455806
TN87F0976,353201358041769,34.0,12.52,320.0,03/09/2025 18:50:35,12.9495483,80.1828416,1828416,2025-09-04T23:28:34.455959
TN87F0976,353201358041769,30.0,12.56,320.0,03/09/2025 18:50:30,12.94961,80.1824383,1824383,2025-09-04T23:28:34.456105
TN87F0976,353201358041769,21.0,12.58,320.0,03/09/2025 18:50:25,12.9496599,80.1820916,1820916,2025-09-04T23:28:34.456322
TN87F0976,353201358041769,10.0,12.59,320.0,03/09/2025 18:50:21,12.9497199,80.1819083,1819083,2025-09-04T23:28:34.456526
TN87F0976,353201358041769,0.0,12.59,320.0,03/09/2025 18:50:20,12.9497366,80.18187,18187,2025-09-04T23:28:34.456717
TN87F0976,353201358041769,0.0,12.59,320.0,03/09/2025 18:50:15,12.9497366,80.18187,18187,2025-09-04T23:28:34.456929
TN87F0976,353201358041769,5.0,12.59,321.0,03/09/2025 18:50:10,12.9497516,80.1818683,1818683,2025-09-04T23:28:34.457143
TN87F0976,353201358041769,16.0,12.63,321.0,03/09/2025 18:50:07,12.9497683,80.1818,1818,2025-09-04T23:28:34.457350
TN87F0976,353201358041769,23.0,12.66,321.0,03/09/2025 18:50:02,12.94977,80.1815166,1815166,2025-09-04T23:28:34.457557
TN87F0976,353201358041769,22.0,12.69,321.0,03/09/2025 18:49:57,12.9497816,80.18122,18122,2025-09-04T23:28:34.457762
TN87F0976,353201358041769,26.0,12.72,321.0,03/09/2025 18:49:52,12.9498149,80.1809266,1809266,2025-09-04T23:28:34.458222
TN87F0976,353201358041769,36.0,12.78,321.0,03/09/2025 18:49:48,12.94986,80.1806233,1806233,2025-09-04T23:28:34.458502
TN87F0976,353201358041769,44.0,12.84,321.0,03/09/2025 18:49:43,12.9499149,80.1801316,1801316,2025-09-04T23:28:34.458753
TN87F0976,353201358041769,46.0,12.91,322.0,03/09/2025 18:49:38,12.9500416,80.179525,179525,2025-09-04T23:28:34.458969
TN87F0976,353201358041769,39.0,12.96,322.0,03/09/2025 18:49:33,12.9501716,80.1789733,1789733,2025-09-04T23:28:34.459183
TN87F0976,353201358041769,41.0,13.02,322.0,03/09/2025 18:49:28,12.9503,80.17853,17853,2025-09-04T23:28:34.459437
TN87F0976,353201358041769,42.0,13.07,322.0,03/09/2025 18:49:23,12.9504583,80.1779883,1779883,2025-09-04T23:28:34.459625
TN87F0976,353201358041769,36.0,13.12,322.0,03/09/2025 18:49:18,12.9505833,80.1774933,1774933,2025-09-04T23:28:34.459869
TN87F0976,353201358041769,33.0,13.17,322.0,03/09/2025 18:49:13,12.9506999,80.177055,177055,2025-09-04T23:28:34.460074
TN87F0976,353201358041769,36.0,13.22,322.0,03/09/2025 18:49:08,12.9508266,80.17661,17661,2025-09-04T23:28:34.460287
TN87F0976,353201358041769,32.0,13.27,322.0,03/09/2025 18:49:03,12.9509199,80.17617,17617,2025-09-04T23:28:34.460569
TN87F0976,353201358041769,32.0,13.31,322.0,03/09/2025 18:48:58,12.9510083,80.1757616,1757616,2025-09-04T23:28:34.460801
TN87F0976,353201358041769,28.0,13.34,322.0,03/09/2025 18:48:53,12.9510966,80.1753983,1753983,2025-09-04T23:28:34.461061
TN87F0976,353201358041769,23.0,13.37,322.0,03/09/2025 18:48:48,12.9511566,80.1750766,1750766,2025-09-04T23:28:34.461546
TN87F0976,353201358041769,23.0,13.4,321.0,03/09/2025 18:48:43,12.9512249,80.1748099,1748099,2025-09-04T23:28:34.461767
TN87F0976,353201358041769,18.0,13.43,321.0,03/09/2025 18:48:38,12.9512933,80.17452,17452,2025-09-04T23:28:34.461997
TN87F0976,353201358041769,16.0,13.45,321.0,03/09/2025 18:48:33,12.9513533,80.1743,1743,2025-09-04T23:28:34.462244
TN87F0976,353201358041769,14.0,13.46,321.0,03/09/2025 18:48:28,12.9513949,80.1741516,1741516,2025-09-04T23:28:34.462460
TN87F0976,353201358041769,0.0,13.46,321.0,03/09/2025 18:48:26,12.9514166,80.1740466,1740466,2025-09-04T23:28:34.462776
TN87F0976,353201358041769,11.0,13.47,321.0,03/09/2025 18:48:23,12.9514383,80.1739566,1739566,2025-09-04T23:28:34.463086
TN87F0976,353201358041769,10.0,13.48,321.0,03/09/2025 18:48:18,12.951475,80.1738366,1738366,2025-09-04T23:28:34.463323
TN87F0976,353201358041769,9.0,13.49,321.0,03/09/2025 18:48:13,12.9515016,80.1737216,1737216,2025-09-04T23:28:34.463519
TN87F0976,353201358041769,6.0,13.5,321.0,03/09/2025 18:48:08,12.9515249,80.1736366,1736366,2025-09-04T23:28:34.463704
TN87F0976,353201358041769,0.0,13.5,321.0,03/09/2025 18:48:03,12.9515466,80.17353,17353,2025-09-04T23:28:34.463918
TN87F0976,353201358041769,0.0,13.5,321.0,03/09/2025 18:47:58,12.9515466,80.17353,17353,2025-09-04T23:28:34.464125
TN87F0976,353201358041769,0.0,13.5,321.0,03/09/2025 18:47:53,12.9515466,80.17353,17353,2025-09-04T23:28:34.464350
TN87F0976,353201358041769,0.0,13.5,321.0,03/09/2025 18:47:48,12.9515466,80.17353,17353,2025-09-04T23:28:34.464558
TN87F0976,353201358041769,0.0,13.5,321.0,03/09/2025 18:47:43,12.9515466,80.17353,17353,2025-09-04T23:28:34.464746
TN87F0976,353201358041769,0.0,13.5,321.0,03/09/2025 18:47:38,12.9515466,80.17353,17353,2025-09-04T23:28:34.464930
TN87F0976,353201358041769,0.0,13.5,321.0,03/09/2025 18:47:33,12.9515466,80.17353,17353,2025-09-04T23:28:34.465111
TN87F0976,353201358041769,0.0,13.5,321.0,03/09/2025 18:47:28,12.9515466,80.17353,17353,2025-09-04T23:28:34.465294
TN87F0976,353201358041769,0.0,13.5,321.0,03/09/2025 18:47:23,12.9515466,80.1735266,1735266,2025-09-04T23:28:34.465510
TN87F0976,353201358041769,0.0,13.5,321.0,03/09/2025 18:47:18,12.9515633,80.1734716,1734716,2025-09-04T23:28:34.465746
TN87F0976,353201358041769,0.0,13.5,321.0,03/09/2025 18:47:13,12.9515633,80.1734716,1734716,2025-09-04T23:28:34.465938
TN87F0976,353201358041769,8.0,13.52,321.0,03/09/2025 18:47:08,12.95157,80.1734416,1734416,2025-09-04T23:28:34.466119
TN87F0976,353201358041769,19.0,13.55,321.0,03/09/2025 18:47:05,12.9515933,80.1733366,1733366,2025-09-04T23:28:34.466300
TN87F0976,353201358041769,16.0,13.57,321.0,03/09/2025 18:47:00,12.9516333,80.1730566,1730566,2025-09-04T23:28:34.466495
TN87F0976,353201358041769,11.0,13.58,320.0,03/09/2025 18:46:55,12.95165,80.1728433,1728433,2025-09-04T23:28:34.466695
TN87F0976,353201358041769,0.0,13.58,320.0,03/09/2025 18:46:52,12.9516566,80.172775,172775,2025-09-04T23:28:34.466875
TN87F0976,353201358041769,0.0,13.58,320.0,03/09/2025 18:46:47,12.95167,80.172715,172715,2025-09-04T23:28:34.467076
TN87F0976,353201358041769,0.0,13.58,320.0,03/09/2025 18:46:42,12.951705,80.172625,172625,2025-09-04T23:28:34.467349
TN87F0976,353201358041769,5.0,13.59,320.0,03/09/2025 18:46:37,12.9517116,80.172605,172605,2025-09-04T23:28:34.467522
TN87F0976,353201358041769,14.0,13.61,320.0,03/09/2025 18:46:32,12.951715,80.1724933,1724933,2025-09-04T23:28:34.467776
TN87F0976,353201358041769,13.0,13.63,320.0,03/09/2025 18:46:27,12.9517333,80.1723116,1723116,2025-09-04T23:28:34.467988
TN87F0976,353201358041769,19.0,13.66,320.0,03/09/2025 18:46:22,12.9517583,80.1721216,1721216,2025-09-04T23:28:34.468182
TN87F0976,353201358041769,29.0,13.7,320.0,03/09/2025 18:46:17,12.9518016,80.1718416,1718416,2025-09-04T23:28:34.468377
TN87F0976,353201358041769,41.0,13.82,320.0,03/09/2025 18:46:13,12.951875,80.1714866,1714866,2025-09-04T23:28:34.468573
TN87F0976,353201358041769,48.0,13.95,319.0,03/09/2025 18:46:08,12.9519316,80.1709233,1709233,2025-09-04T23:28:34.468776
TN87F0976,353201358041769,45.0,14.01,319.0,03/09/2025 18:46:03,12.9520399,80.1703516,1703516,2025-09-04T23:28:34.468974
TN87F0976,353201358041769,45.0,14.08,319.0,03/09/2025 18:45:58,12.9521483,80.1697683,1697683,2025-09-04T23:28:34.469192
TN87F0976,353201358041769,46.0,14.15,319.0,03/09/2025 18:45:53,12.9522366,80.1691666,1691666,2025-09-04T23:28:34.469392
TN87F0976,353201358041769,46.0,14.21,319.0,03/09/2025 18:45:48,12.9523483,80.1685666,1685666,2025-09-04T23:28:34.469606
TN87F0976,353201358041769,43.0,14.27,319.0,03/09/2025 18:45:43,12.9524883,80.1680133,1680133,2025-09-04T23:28:34.469797
TN87F0976,353201358041769,41.0,14.32,319.0,03/09/2025 18:45:38,12.9526133,80.167485,167485,2025-09-04T23:28:34.469984
TN87F0976,353201358041769,35.0,14.37,319.0,03/09/2025 18:45:33,12.9527516,80.1670033,1670033,2025-09-04T23:28:34.470159
TN87F0976,353201358041769,32.0,14.41,319.0,03/09/2025 18:45:28,12.9528633,80.1665833,1665833,2025-09-04T23:28:34.470345
TN87F0976,353201358041769,24.0,14.44,319.0,03/09/2025 18:45:23,12.9529599,80.166225,166225,2025-09-04T23:28:34.470518
TN87F0976,353201358041769,14.0,14.45,319.0,03/09/2025 18:45:18,12.9530099,80.1659883,1659883,2025-09-04T23:28:34.470706
TN87F0976,353201358041769,12.0,14.47,319.0,03/09/2025 18:45:13,12.9530283,80.16583,16583,2025-09-04T23:28:34.470892
TN87F0976,353201358041769,23.0,14.49,319.0,03/09/2025 18:45:10,12.9530616,80.165715,165715,2025-09-04T23:28:34.471099
TN87F0976,353201358041769,36.0,14.54,319.0,03/09/2025 18:45:07,12.9531216,80.1654866,1654866,2025-09-04T23:28:34.471429
TN87F0976,353201358041769,38.0,14.59,319.0,03/09/2025 18:45:02,12.9532283,80.16504,16504,2025-09-04T23:28:34.471656
TN87F0976,353201358041769,34.0,14.64,319.0,03/09/2025 18:44:57,12.9533183,80.1646183,1646183,2025-09-04T23:28:34.471841
TN87F0976,353201358041769,34.0,14.69,319.0,03/09/2025 18:44:52,12.9533883,80.1641516,1641516,2025-09-04T23:28:34.472010
TN87F0976,353201358041769,31.0,14.73,319.0,03/09/2025 18:44:47,12.95347,80.1637233,1637233,2025-09-04T23:28:34.472221
TN87F0976,353201358041769,33.0,14.78,320.0,03/09/2025 18:44:42,12.9535566,80.1633266,1633266,2025-09-04T23:28:34.472443
TN87F0976,353201358041769,40.0,14.84,320.0,03/09/2025 18:44:37,12.9536383,80.16286,16286,2025-09-04T23:28:34.472654
TN87F0976,353201358041769,39.0,14.9,320.0,03/09/2025 18:44:32,12.9537683,80.1623499,1623499,2025-09-04T23:28:34.472892
TN87F0976,353201358041769,42.0,14.95,320.0,03/09/2025 18:44:27,12.953905,80.1618383,1618383,2025-09-04T23:28:34.473173
TN87F0976,353201358041769,39.0,15.01,320.0,03/09/2025 18:44:22,12.9540216,80.161355,161355,2025-09-04T23:28:34.473393
TN87F0976,353201358041769,42.0,15.06,320.0,03/09/2025 18:44:17,12.9541433,80.1608166,1608166,2025-09-04T23:28:34.473634
TN87F0976,353201358041769,41.0,15.12,320.0,03/09/2025 18:44:12,12.95424,80.1603316,1603316,2025-09-04T23:28:34.473878
TN87F0976,353201358041769,36.0,15.17,320.0,03/09/2025 18:44:07,12.954305,80.1597883,1597883,2025-09-04T23:28:34.474086
TN87F0976,353201358041769,26.0,15.2,320.0,03/09/2025 18:44:02,12.9543833,80.1593883,1593883,2025-09-04T23:28:34.474378
TN87F0976,353201358041769,17.0,15.21,320.0,03/09/2025 18:43:57,12.9544466,80.1591183,1591183,2025-09-04T23:28:34.474574
TN87F0976,353201358041769,6.0,15.22,320.0,03/09/2025 18:43:53,12.9544833,80.15899,15899,2025-09-04T23:28:34.474765
TN87F0976,353201358041769,6.0,15.23,320.0,03/09/2025 18:43:48,12.9545066,80.158905,158905,2025-09-04T23:28:34.474982
TN87F0976,353201358041769,0.0,15.23,320.0,03/09/2025 18:43:43,12.9545116,80.1588316,1588316,2025-09-04T23:28:34.475203
TN87F0976,353201358041769,0.0,15.23,320.0,03/09/2025 18:43:38,12.9545116,80.15883,15883,2025-09-04T23:28:34.475360
TN87F0976,353201358041769,4.0,15.24,320.0,03/09/2025 18:43:33,12.9545183,80.1587816,1587816,2025-09-04T23:28:34.475545
TN87F0976,353201358041769,10.0,15.26,320.0,03/09/2025 18:43:28,12.95454,80.1586683,1586683,2025-09-04T23:28:34.475704
TN87F0976,353201358041769,12.0,15.27,320.0,03/09/2025 18:43:23,12.9545683,80.158515,158515,2025-09-04T23:28:34.475901
TN87F0976,353201358041769,9.0,15.28,320.0,03/09/2025 18:43:18,12.9545966,80.1584033,1584033,2025-09-04T23:28:34.476086
TN87F0976,353201358041769,0.0,15.28,320.0,03/09/2025 18:43:05,12.9546116,80.1583249,1583249,2025-09-04T23:28:34.476272
TN87F0976,353201358041769,4.0,15.28,320.0,03/09/2025 18:43:03,12.9546316,80.15823,15823,2025-09-04T23:28:34.476477
TN87F0976,353201358041769,0.0,15.28,320.0,03/09/2025 18:42:58,12.9546316,80.15823,15823,2025-09-04T23:28:34.476659
TN87F0976,353201358041769,0.0,15.28,320.0,03/09/2025 18:42:53,12.9546316,80.15823,15823,2025-09-04T23:28:34.476857
TN87F0976,353201358041769,0.0,15.28,320.0,03/09/2025 18:42:48,12.9546316,80.15823,15823,2025-09-04T23:28:34.477059
TN87F0976,353201358041769,0.0,15.28,321.0,03/09/2025 18:42:43,12.9546316,80.15823,15823,2025-09-04T23:28:34.477236
TN87F0976,353201358041769,0.0,15.28,321.0,03/09/2025 18:42:38,12.9546316,80.15823,15823,2025-09-04T23:28:34.477408
TN87F0976,353201358041769,0.0,15.28,321.0,03/09/2025 18:42:33,12.9546316,80.15823,15823,2025-09-04T23:28:34.477592
TN87F0976,353201358041769,0.0,15.28,321.0,03/09/2025 18:42:28,12.9546316,80.15823,15823,2025-09-04T23:28:34.477739
TN87F0976,353201358041769,0.0,15.28,321.0,03/09/2025 18:42:23,12.9546316,80.15823,15823,2025-09-04T23:28:34.477894
TN87F0976,353201358041769,0.0,15.28,321.0,03/09/2025 18:42:18,12.9546316,80.15823,15823,2025-09-04T23:28:34.478052
TN87F0976,353201358041769,0.0,15.28,323.0,03/09/2025 18:42:13,12.9546316,80.15823,15823,2025-09-04T23:28:34.478275
TN87F0976,353201358041769,0.0,15.28,323.0,03/09/2025 18:42:08,12.9546316,80.15823,15823,2025-09-04T23:28:34.478470
TN87F0976,353201358041769,0.0,15.28,323.0,03/09/2025 18:42:03,12.9546316,80.15823,15823,2025-09-04T23:28:34.478697
TN87F0976,353201358041769,8.0,15.29,323.0,03/09/2025 18:41:58,12.9546433,80.1581849,1581849,2025-09-04T23:28:34.478893
TN87F0976,353201358041769,11.0,15.3,323.0,03/09/2025 18:41:53,12.9546866,80.158065,158065,2025-09-04T23:28:34.479095
TN87F0976,353201358041769,7.0,15.3,323.0,03/09/2025 18:41:49,12.9547149,80.1579716,1579716,2025-09-04T23:28:34.479292
TN87F0976,353201358041769,0.0,15.3,323.0,03/09/2025 18:41:47,12.9547166,80.1579483,1579483,2025-09-04T23:28:34.479468
TN87F0976,353201358041769,10.0,15.31,323.0,03/09/2025 18:41:42,12.9547416,80.1578683,1578683,2025-09-04T23:28:34.479648
TN87F0976,353201358041769,11.0,15.38,323.0,03/09/2025 18:41:37,12.954785,80.1577349,1577349,2025-09-04T23:28:34.479816
TN87F0976,353201358041769,16.0,15.45,323.0,03/09/2025 18:41:32,12.954815,80.1575683,1575683,2025-09-04T23:28:34.480018
TN87F0976,353201358041769,20.0,15.48,323.0,03/09/2025 18:41:27,12.954855,80.1573116,1573116,2025-09-04T23:28:34.480229
TN87F0976,353201358041769,12.0,15.5,323.0,03/09/2025 18:41:22,12.95489,80.1571183,1571183,2025-09-04T23:28:34.480437
TN87F0976,353201358041769,16.0,15.51,323.0,03/09/2025 18:41:17,12.9548983,80.156955,156955,2025-09-04T23:28:34.480636
TN87F0976,353201358041769,26.0,15.53,323.0,03/09/2025 18:41:14,12.9549233,80.15681,15681,2025-09-04T23:28:34.480818
TN87F0976,353201358041769,38.0,15.59,323.0,03/09/2025 18:41:12,12.9549483,80.15665,15665,2025-09-04T23:28:34.481003
TN87F0976,353201358041769,49.0,15.67,322.0,03/09/2025 18:41:07,12.9550849,80.1561066,1561066,2025-09-04T23:28:34.481188
TN87F0976,353201358041769,56.0,15.75,322.0,03/09/2025 18:41:02,12.95521,80.1554249,1554249,2025-09-04T23:28:34.481380
TN87F0976,353201358041769,59.0,15.92,322.0,03/09/2025 18:40:57,12.9553616,80.1546916,1546916,2025-09-04T23:28:34.481547
TN87F0976,353201358041769,60.0,16.06,322.0,03/09/2025 18:40:52,12.9555533,80.1539283,1539283,2025-09-04T23:28:34.481694
TN87F0976,353201358041769,57.0,16.14,322.0,03/09/2025 18:40:47,12.95578,80.153195,153195,2025-09-04T23:28:34.481881
TN87F0976,353201358041769,56.0,16.21,322.0,03/09/2025 18:40:43,12.9560149,80.1526799,1526799,2025-09-04T23:28:34.482076
TN87F0976,353201358041769,56.0,16.29,322.0,03/09/2025 18:40:39,12.9563433,80.1521899,1521899,2025-09-04T23:28:34.482203
TN87F0976,353201358041769,52.0,16.36,322.0,03/09/2025 18:40:34,12.9568883,80.1516716,1516716,2025-09-04T23:28:34.482367
TN87F0976,353201358041769,49.0,16.43,322.0,03/09/2025 18:40:29,12.9573933,80.1513,1513,2025-09-04T23:28:34.482560
TN87F0976,353201358041769,46.0,16.64,322.0,03/09/2025 18:40:24,12.9578916,80.150885,150885,2025-09-04T23:28:34.482755
TN87F0976,353201358041769,44.0,16.8,322.0,03/09/2025 18:40:19,12.958335,80.1505299,1505299,2025-09-04T23:28:34.482976
TN87F0976,353201358041769,40.0,16.86,322.0,03/09/2025 18:40:14,12.9587399,80.1502316,1502316,2025-09-04T23:28:34.483194
TN87F0976,353201358041769,37.0,16.91,323.0,03/09/2025 18:40:09,12.9591316,80.1499333,1499333,2025-09-04T23:28:34.483449
TN87F0976,353201358041769,37.0,16.94,323.0,03/09/2025 18:40:06,12.95936,80.1497333,1497333,2025-09-04T23:28:34.483665
TN87F0976,353201358041769,39.0,17.0,323.0,03/09/2025 18:40:04,12.9594566,80.14957,14957,2025-09-04T23:28:34.483931
TN87F0976,353201358041769,46.0,17.13,323.0,03/09/2025 18:39:59,12.9596199,80.149045,149045,2025-09-04T23:28:34.484137
TN87F0976,353201358041769,45.0,17.24,323.0,03/09/2025 18:39:54,12.9597699,80.1484766,1484766,2025-09-04T23:28:34.484320
TN87F0976,353201358041769,40.0,17.3,323.0,03/09/2025 18:39:49,12.9598783,80.1479083,1479083,2025-09-04T23:28:34.484571
TN87F0976,353201358041769,32.0,17.35,323.0,03/09/2025 18:39:44,12.959975,80.1474483,1474483,2025-09-04T23:28:34.484803
TN87F0976,353201358041769,32.0,17.4,326.0,03/09/2025 18:39:39,12.960055,80.1470533,1470533,2025-09-04T23:28:34.485019
TN87F0976,353201358041769,35.0,17.44,326.0,03/09/2025 18:39:34,12.9601383,80.146625,146625,2025-09-04T23:28:34.485249
TN87F0976,353201358041769,29.0,17.48,326.0,03/09/2025 18:39:29,12.9602099,80.1462083,1462083,2025-09-04T23:28:34.485473
TN87F0976,353201358041769,20.0,17.49,326.0,03/09/2025 18:39:24,12.96028,80.14588,14588,2025-09-04T23:28:34.485682
TN87F0976,353201358041769,16.0,17.5,326.0,03/09/2025 18:39:22,12.9603133,80.1457866,1457866,2025-09-04T23:28:34.485900
TN87F0976,353201358041769,13.0,17.52,326.0,03/09/2025 18:39:20,12.9603483,80.1457116,1457116,2025-09-04T23:28:34.486114
TN87F0976,353201358041769,14.0,17.52,326.0,03/09/2025 18:39:16,12.9604616,80.1455899,1455899,2025-09-04T23:28:34.486314
TN87F0976,353201358041769,14.0,17.53,326.0,03/09/2025 18:39:14,12.9605083,80.1455283,1455283,2025-09-04T23:28:34.486547
TN87F0976,353201358041769,15.0,17.53,326.0,03/09/2025 18:39:13,12.9605249,80.1454883,1454883,2025-09-04T23:28:34.486764
TN87F0976,353201358041769,14.0,17.54,326.0,03/09/2025 18:39:12,12.9605383,80.1454466,1454466,2025-09-04T23:28:34.486969
TN87F0976,353201358041769,12.0,17.54,326.0,03/09/2025 18:39:11,12.960545,80.1454116,1454116,2025-09-04T23:28:34.487166
TN87F0976,353201358041769,11.0,17.55,326.0,03/09/2025 18:39:10,12.9605416,80.1453783,1453783,2025-09-04T23:28:34.487371
TN87F0976,353201358041769,8.0,17.55,328.0,03/09/2025 18:39:08,12.9605233,80.1453316,1453316,2025-09-04T23:28:34.487627
TN87F0976,353201358041769,8.0,17.56,328.0,03/09/2025 18:39:06,12.9605033,80.1452949,1452949,2025-09-04T23:28:34.487931
TN87F0976,353201358041769,10.0,17.57,328.0,03/09/2025 18:39:04,12.9604733,80.1452616,1452616,2025-09-04T23:28:34.488149
TN87F0976,353201358041769,14.0,17.59,328.0,03/09/2025 18:39:01,12.9603983,80.145215,145215,2025-09-04T23:28:34.488343
TN87F0976,353201358041769,17.0,17.61,328.0,03/09/2025 18:38:56,12.9602083,80.14514,14514,2025-09-04T23:28:34.488542
TN87F0976,353201358041769,10.0,17.62,328.0,03/09/2025 18:38:51,12.9600416,80.1450666,1450666,2025-09-04T23:28:34.488737
TN87F0976,353201358041769,0.0,17.62,328.0,03/09/2025 18:38:46,12.9599183,80.145,145,2025-09-04T23:28:34.488935
TN87F0976,353201358041769,0.0,17.62,330.0,03/09/2025 18:38:41,12.9599183,80.145,145,2025-09-04T23:28:34.489132
TN87F0976,353201358041769,0.0,17.62,330.0,03/09/2025 18:38:36,12.9599183,80.145,145,2025-09-04T23:28:34.489316
TN87F0976,353201358041769,0.0,17.62,330.0,03/09/2025 18:38:31,12.9599183,80.145,145,2025-09-04T23:28:34.489471
TN87F0976,353201358041769,0.0,17.62,330.0,03/09/2025 18:38:26,12.9599183,80.145,145,2025-09-04T23:28:34.489629
TN87F0976,353201358041769,0.0,17.62,330.0,03/09/2025 18:38:21,12.9599183,80.145,145,2025-09-04T23:28:34.489864
TN87F0976,353201358041769,0.0,17.62,330.0,03/09/2025 18:38:16,12.9599183,80.145,145,2025-09-04T23:28:34.490074
TN87F0976,353201358041769,0.0,17.62,331.0,03/09/2025 18:38:11,12.9599133,80.1449933,1449933,2025-09-04T23:28:34.490295
TN87F0976,353201358041769,10.0,17.64,331.0,03/09/2025 18:38:08,12.95987,80.1449666,1449666,2025-09-04T23:28:34.490462
TN87F0976,353201358041769,18.0,17.67,331.0,03/09/2025 18:38:03,12.9597216,80.144875,144875,2025-09-04T23:28:34.490651
TN87F0976,353201358041769,18.0,17.7,331.0,03/09/2025 18:37:58,12.9595016,80.1447533,1447533,2025-09-04T23:28:34.490881
TN87F0976,353201358041769,13.0,17.72,331.0,03/09/2025 18:37:53,12.959305,80.1446516,1446516,2025-09-04T23:28:34.491134
TN87F0976,353201358041769,8.0,17.73,331.0,03/09/2025 18:37:48,12.959145,80.144555,144555,2025-09-04T23:28:34.491409
TN87F0976,353201358041769,4.0,17.73,331.0,03/09/2025 18:37:43,12.9589916,80.1444833,1444833,2025-09-04T23:28:34.491617
TN87F0976,353201358041769,0.0,17.73,331.0,03/09/2025 18:37:38,12.9589916,80.1444833,1444833,2025-09-04T23:28:34.491859
TN87F0976,353201358041769,0.0,17.73,331.0,03/09/2025 18:37:33,12.9589916,80.1444833,1444833,2025-09-04T23:28:34.492079
TN87F0976,353201358041769,0.0,17.73,331.0,03/09/2025 18:37:28,12.95898,80.1444733,1444733,2025-09-04T23:28:34.492271
TN87F0976,353201358041769,11.0,17.75,331.0,03/09/2025 18:37:25,12.9589483,80.14446,14446,2025-09-04T23:28:34.492444
TN87F0976,353201358041769,18.0,17.78,331.0,03/09/2025 18:37:20,12.9587833,80.1443816,1443816,2025-09-04T23:28:34.492595
TN87F0976,353201358041769,14.0,17.8,331.0,03/09/2025 18:37:15,12.9585983,80.1442866,1442866,2025-09-04T23:28:34.492803
TN87F0976,353201358041769,24.0,17.84,330.0,03/09/2025 18:37:10,12.9583699,80.1442166,1442166,2025-09-04T23:28:34.493006
TN87F0976,353201358041769,26.0,17.88,330.0,03/09/2025 18:37:05,12.9580666,80.1440883,1440883,2025-09-04T23:28:34.493219
TN87F0976,353201358041769,33.0,17.93,330.0,03/09/2025 18:37:00,12.9577599,80.1439433,1439433,2025-09-04T23:28:34.493415
TN87F0976,353201358041769,34.0,17.97,330.0,03/09/2025 18:36:55,12.957375,80.143745,143745,2025-09-04T23:28:34.493586
TN87F0976,353201358041769,27.0,18.01,330.0,03/09/2025 18:36:50,12.9570183,80.1435516,1435516,2025-09-04T23:28:34.493742
TN87F0976,353201358041769,19.0,18.03,330.0,03/09/2025 18:36:45,12.9567283,80.1433983,1433983,2025-09-04T23:28:34.493891
TN87F0976,353201358041769,14.0,18.05,330.0,03/09/2025 18:36:40,12.95653,80.1433,1433,2025-09-04T23:28:34.494054
TN87F0976,353201358041769,7.0,18.06,330.0,03/09/2025 18:36:35,12.956415,80.1432399,1432399,2025-09-04T23:28:34.494241
TN87F0976,353201358041769,10.0,18.07,330.0,03/09/2025 18:36:30,12.9563116,80.143165,143165,2025-09-04T23:28:34.494423
TN87F0976,353201358041769,8.0,18.09,330.0,03/09/2025 18:36:25,12.9562066,80.143085,143085,2025-09-04T23:28:34.494605
TN87F0976,353201358041769,12.0,18.11,330.0,03/09/2025 18:36:20,12.9561016,80.1430116,1430116,2025-09-04T23:28:34.494788
TN87F0976,353201358041769,19.0,18.14,330.0,03/09/2025 18:36:15,12.9559066,80.1429,1429,2025-09-04T23:28:34.494971
TN87F0976,353201358041769,20.0,18.17,330.0,03/09/2025 18:36:10,12.9556766,80.14278,14278,2025-09-04T23:28:34.495158
TN87F0976,353201358041769,26.0,18.26,329.0,03/09/2025 18:36:05,12.9554383,80.1426599,1426599,2025-09-04T23:28:34.495371
TN87F0976,353201358041769,36.0,18.38,329.0,03/09/2025 18:36:01,12.9551699,80.1425183,1425183,2025-09-04T23:28:34.495575
TN87F0976,353201358041769,42.0,18.44,329.0,03/09/2025 18:35:56,12.9547,80.1422966,1422966,2025-09-04T23:28:34.495720
TN87F0976,353201358041769,43.0,18.5,329.0,03/09/2025 18:35:51,12.9541983,80.14204,14204,2025-09-04T23:28:34.495830
TN87F0976,353201358041769,36.0,18.55,329.0,03/09/2025 18:35:46,12.9537283,80.1417933,1417933,2025-09-04T23:28:34.495947
TN87F0976,353201358041769,28.0,18.58,329.0,03/09/2025 18:35:41,12.953365,80.1415783,1415783,2025-09-04T23:28:34.496085
TN87F0976,353201358041769,19.0,18.59,327.0,03/09/2025 18:35:36,12.9531033,80.1414266,1414266,2025-09-04T23:28:34.496253
TN87F0976,353201358041769,8.0,18.6,327.0,03/09/2025 18:35:32,12.9529883,80.1413733,1413733,2025-09-04T23:28:34.496403
TN87F0976,353201358041769,0.0,18.6,327.0,03/09/2025 18:35:29,12.9529649,80.14136,14136,2025-09-04T23:28:34.496536
TN87F0976,353201358041769,14.0,18.62,327.0,03/09/2025 18:35:25,12.9529116,80.1413216,1413216,2025-09-04T23:28:34.496691
TN87F0976,353201358041769,21.0,18.66,327.0,03/09/2025 18:35:20,12.95272,80.141205,141205,2025-09-04T23:28:34.496850
TN87F0976,353201358041769,24.0,18.68,327.0,03/09/2025 18:35:15,12.9524566,80.1410283,1410283,2025-09-04T23:28:34.496986
TN87F0976,353201358041769,17.0,18.71,327.0,03/09/2025 18:35:10,12.952245,80.14088,14088,2025-09-04T23:28:34.497132
TN87F0976,353201358041769,23.0,18.75,321.0,03/09/2025 18:35:05,12.9520216,80.14071,14071,2025-09-04T23:28:34.497248
TN87F0976,353201358041769,28.0,18.79,321.0,03/09/2025 18:35:00,12.9517616,80.1404916,1404916,2025-09-04T23:28:34.497376
TN87F0976,353201358041769,29.0,18.83,321.0,03/09/2025 18:34:55,12.9514666,80.1402416,1402416,2025-09-04T23:28:34.497509
TN87F0976,353201358041769,25.0,18.87,321.0,03/09/2025 18:34:50,12.9511783,80.14002,14002,2025-09-04T23:28:34.497633
TN87F0976,353201358041769,22.0,18.9,321.0,03/09/2025 18:34:45,12.9509399,80.1398116,1398116,2025-09-04T23:28:34.497841
TN87F0976,353201358041769,20.0,18.92,321.0,03/09/2025 18:34:40,12.95074,80.1396033,1396033,2025-09-04T23:28:34.498101
TN87F0976,353201358041769,12.0,18.94,321.0,03/09/2025 18:34:35,12.9506016,80.1394483,1394483,2025-09-04T23:28:34.498319
TN87F0976,353201358041769,11.0,18.96,321.0,03/09/2025 18:34:30,12.9505049,80.1393683,1393683,2025-09-04T23:28:34.498651
TN87F0976,353201358041769,15.0,18.98,321.0,03/09/2025 18:34:25,12.9503733,80.13925,13925,2025-09-04T23:28:34.498819
TN87F0976,353201358041769,15.0,19.0,321.0,03/09/2025 18:34:20,12.9502066,80.13911,13911,2025-09-04T23:28:34.498957
TN87F0976,353201358041769,15.0,19.02,321.0,03/09/2025 18:34:15,12.9500566,80.1389883,1389883,2025-09-04T23:28:34.499111
TN87F0976,353201358041769,13.0,19.04,321.0,03/09/2025 18:34:10,12.949905,80.1388716,1388716,2025-09-04T23:28:34.499284
TN87F0976,353201358041769,8.0,19.05,321.0,03/09/2025 18:34:05,12.9497766,80.1387666,1387666,2025-09-04T23:28:34.499436
TN87F0976,353201358041769,0.0,19.05,321.0,03/09/2025 18:34:01,12.9497133,80.1387283,1387283,2025-09-04T23:28:34.499581
TN87F0976,353201358041769,3.0,19.05,321.0,03/09/2025 18:33:56,12.9497133,80.1387283,1387283,2025-09-04T23:28:34.499765
TN87F0976,353201358041769,3.0,19.06,321.0,03/09/2025 18:33:51,12.949695,80.1387166,1387166,2025-09-04T23:28:34.499942
TN87F0976,353201358041769,5.0,19.07,321.0,03/09/2025 18:33:46,12.9496266,80.1386816,1386816,2025-09-04T23:28:34.500087
TN87F0976,353201358041769,14.0,19.08,321.0,03/09/2025 18:33:41,12.94955,80.1386583,1386583,2025-09-04T23:28:34.500202
TN87F0976,353201358041769,25.0,19.09,321.0,03/09/2025 18:33:39,12.9494716,80.13862,13862,2025-09-04T23:28:34.500332
TN87F0976,353201358041769,35.0,19.12,321.0,03/09/2025 18:33:37,12.9493616,80.1385366,1385366,2025-09-04T23:28:34.500472
TN87F0976,353201358041769,45.0,19.17,323.0,03/09/2025 18:33:35,12.94919,80.1384116,1384116,2025-09-04T23:28:34.500606
TN87F0976,353201358041769,55.0,19.25,323.0,03/09/2025 18:33:31,12.948775,80.1381316,1381316,2025-09-04T23:28:34.500720
TN87F0976,353201358041769,56.0,19.33,323.0,03/09/2025 18:33:26,12.9481966,80.1376999,1376999,2025-09-04T23:28:34.500860
TN87F0976,353201358041769,54.0,19.41,323.0,03/09/2025 18:33:21,12.9476216,80.1373016,1373016,2025-09-04T23:28:34.500987
TN87F0976,353201358041769,54.0,19.48,323.0,03/09/2025 18:33:16,12.9470683,80.1368766,1368766,2025-09-04T23:28:34.501139
TN87F0976,353201358041769,58.0,19.57,323.0,03/09/2025 18:33:11,12.9464783,80.1364799,1364799,2025-09-04T23:28:34.501308
TN87F0976,353201358041769,56.0,19.64,326.0,03/09/2025 18:33:06,12.9458966,80.1359816,1359816,2025-09-04T23:28:34.501451
TN87F0976,353201358041769,54.0,19.72,326.0,03/09/2025 18:33:01,12.9453333,80.1356083,1356083,2025-09-04T23:28:34.501610
TN87F0976,353201358041769,51.0,19.79,326.0,03/09/2025 18:32:56,12.944805,80.1352166,1352166,2025-09-04T23:28:34.501775
TN87F0976,353201358041769,48.0,19.86,326.0,03/09/2025 18:32:51,12.944275,80.1348166,1348166,2025-09-04T23:28:34.501949
TN87F0976,353201358041769,46.0,19.91,326.0,03/09/2025 18:32:46,12.9438483,80.134395,134395,2025-09-04T23:28:34.502103
TN87F0976,353201358041769,40.0,19.97,326.0,03/09/2025 18:32:41,12.94346,80.1340616,1340616,2025-09-04T23:28:34.502239
TN87F0976,353201358041769,36.0,20.01,327.0,03/09/2025 18:32:36,12.9431216,80.1337016,1337016,2025-09-04T23:28:34.502388
TN87F0976,353201358041769,26.0,20.04,327.0,03/09/2025 18:32:31,12.9428566,80.133395,133395,2025-09-04T23:28:34.502554
TN87F0976,353201358041769,19.0,20.07,328.0,03/09/2025 18:32:26,12.9426583,80.1331649,1331649,2025-09-04T23:28:34.502727
TN87F0976,353201358041769,10.0,20.08,328.0,03/09/2025 18:32:21,12.9425133,80.133015,133015,2025-09-04T23:28:34.502872
TN87F0976,353201358041769,0.0,20.08,328.0,03/09/2025 18:32:17,12.9424483,80.1329566,1329566,2025-09-04T23:28:34.503061
TN87F0976,353201358041769,0.0,20.08,328.0,03/09/2025 18:32:12,12.9424483,80.1329566,1329566,2025-09-04T23:28:34.503269
TN87F0976,353201358041769,0.0,20.08,328.0,03/09/2025 18:32:07,12.9424483,80.1329566,1329566,2025-09-04T23:28:34.503477
TN87F0976,353201358041769,0.0,20.08,328.0,03/09/2025 18:32:02,12.9424483,80.1329566,1329566,2025-09-04T23:28:34.503675
TN87F0976,353201358041769,0.0,20.08,328.0,03/09/2025 18:31:57,12.9424483,80.1329566,1329566,2025-09-04T23:28:34.503840
TN87F0976,353201358041769,0.0,20.08,328.0,03/09/2025 18:31:52,12.9424483,80.1329566,1329566,2025-09-04T23:28:34.503993
TN87F0976,353201358041769,0.0,20.08,328.0,03/09/2025 18:31:47,12.9424483,80.1329566,1329566,2025-09-04T23:28:34.504138
TN87F0976,353201358041769,0.0,20.08,328.0,03/09/2025 18:31:42,12.9424416,80.1329466,1329466,2025-09-04T23:28:34.504272
TN87F0976,353201358041769,14.0,20.1,328.0,03/09/2025 18:31:38,12.9424,80.1328966,1328966,2025-09-04T23:28:34.504419
TN87F0976,353201358041769,26.0,20.12,328.0,03/09/2025 18:31:34,12.9422599,80.1327483,1327483,2025-09-04T23:28:34.504559
TN87F0976,353201358041769,36.0,20.18,328.0,03/09/2025 18:31:31,12.9420816,80.1325866,1325866,2025-09-04T23:28:34.504695
TN87F0976,353201358041769,42.0,20.24,328.0,03/09/2025 18:31:26,12.9417149,80.132255,132255,2025-09-04T23:28:34.504856
TN87F0976,353201358041769,48.0,20.31,328.0,03/09/2025 18:31:21,12.9413433,80.1318466,1318466,2025-09-04T23:28:34.505001
TN87F0976,353201358041769,52.0,20.38,328.0,03/09/2025 18:31:16,12.9409266,80.1313983,1313983,2025-09-04T23:28:34.505167
TN87F0976,353201358041769,55.0,20.46,326.0,03/09/2025 18:31:11,12.9404316,80.1309133,1309133,2025-09-04T23:28:34.505304
TN87F0976,353201358041769,50.0,20.53,326.0,03/09/2025 18:31:06,12.9399166,80.1304366,1304366,2025-09-04T23:28:34.505459
TN87F0976,353201358041769,53.0,20.61,326.0,03/09/2025 18:31:01,12.9394233,80.1299883,1299883,2025-09-04T23:28:34.505607
TN87F0976,353201358041769,53.0,20.67,326.0,03/09/2025 18:30:56,12.93893,80.129525,129525,2025-09-04T23:28:34.505755
TN87F0976,353201358041769,47.0,20.8,326.0,03/09/2025 18:30:51,12.9384666,80.129115,129115,2025-09-04T23:28:34.505898
TN87F0976,353201358041769,42.0,20.91,326.0,03/09/2025 18:30:46,12.93801,80.128745,128745,2025-09-04T23:28:34.506028
TN87F0976,353201358041769,38.0,20.97,326.0,03/09/2025 18:30:41,12.9376199,80.1283783,1283783,2025-09-04T23:28:34.506165
TN87F0976,353201358041769,31.0,21.0,325.0,03/09/2025 18:30:36,12.9372733,80.1280849,1280849,2025-09-04T23:28:34.506293
TN87F0976,353201358041769,26.0,21.04,325.0,03/09/2025 18:30:31,12.937,80.12785,12785,2025-09-04T23:28:34.506428
TN87F0976,353201358041769,24.0,21.07,322.0,03/09/2025 18:30:26,12.9367383,80.1276233,1276233,2025-09-04T23:28:34.506568
TN87F0976,353201358041769,17.0,21.1,322.0,03/09/2025 18:30:21,12.93652,80.12744,12744,2025-09-04T23:28:34.506690
TN87F0976,353201358041769,12.0,21.11,322.0,03/09/2025 18:30:16,12.9363633,80.1273,1273,2025-09-04T23:28:34.506835
TN87F0976,353201358041769,14.0,21.13,322.0,03/09/2025 18:30:11,12.936255,80.1272083,1272083,2025-09-04T23:28:34.506985
TN87F0976,353201358041769,12.0,21.14,322.0,03/09/2025 18:30:06,12.9361266,80.127095,127095,2025-09-04T23:28:34.507116
TN87F0976,353201358041769,10.0,21.16,322.0,03/09/2025 18:30:01,12.9360466,80.127015,127015,2025-09-04T23:28:34.507217
TN87F0976,353201358041769,12.0,21.17,322.0,03/09/2025 18:29:56,12.9359583,80.1269133,1269133,2025-09-04T23:28:34.507318
TN87F0976,353201358041769,7.0,21.18,322.0,03/09/2025 18:29:51,12.9358866,80.1268266,1268266,2025-09-04T23:28:34.507441
TN87F0976,353201358041769,8.0,21.2,322.0,03/09/2025 18:29:46,12.93582,80.1267599,1267599,2025-09-04T23:28:34.507688
TN87F0976,353201358041769,13.0,21.22,323.0,03/09/2025 18:29:41,12.9357233,80.1266649,1266649,2025-09-04T23:28:34.507912
TN87F0976,353201358041769,17.0,21.24,323.0,03/09/2025 18:29:36,12.9355866,80.1265383,1265383,2025-09-04T23:28:34.508157
TN87F0976,353201358041769,7.0,21.24,323.0,03/09/2025 18:29:31,12.935455,80.1264283,1264283,2025-09-04T23:28:34.508379
TN87F0976,353201358041769,5.0,21.24,323.0,03/09/2025 18:29:30,12.9354116,80.1263666,1263666,2025-09-04T23:28:34.508566
TN87F0976,353201358041769,0.0,21.24,323.0,03/09/2025 18:29:25,12.9354116,80.1263666,1263666,2025-09-04T23:28:34.508765
TN87F0976,353201358041769,0.0,21.24,323.0,03/09/2025 18:29:20,12.9354116,80.1263666,1263666,2025-09-04T23:28:34.508945
TN87F0976,353201358041769,0.0,21.24,323.0,03/09/2025 18:29:15,12.9354116,80.1263666,1263666,2025-09-04T23:28:34.509213
TN87F0976,353201358041769,0.0,21.24,323.0,03/09/2025 18:29:10,12.9354116,80.1263666,1263666,2025-09-04T23:28:34.509410
TN87F0976,353201358041769,0.0,21.24,324.0,03/09/2025 18:29:05,12.9354116,80.1263666,1263666,2025-09-04T23:28:34.509603
TN87F0976,353201358041769,0.0,21.24,324.0,03/09/2025 18:29:00,12.9354116,80.1263666,1263666,2025-09-04T23:28:34.509760
TN87F0976,353201358041769,0.0,21.24,329.0,03/09/2025 18:28:55,12.9354116,80.1263666,1263666,2025-09-04T23:28:34.509909
TN87F0976,353201358041769,6.0,21.26,329.0,03/09/2025 18:28:50,12.93538,80.126335,126335,2025-09-04T23:28:34.510058
TN87F0976,353201358041769,12.0,21.28,329.0,03/09/2025 18:28:45,12.9352716,80.126265,126265,2025-09-04T23:28:34.510211
TN87F0976,353201358041769,23.0,21.32,329.0,03/09/2025 18:28:41,12.9351166,80.1261599,1261599,2025-09-04T23:28:34.510387
TN87F0976,353201358041769,30.0,21.35,329.0,03/09/2025 18:28:36,12.9348566,80.1259566,1259566,2025-09-04T23:28:34.510543
TN87F0976,353201358041769,24.0,21.39,329.0,03/09/2025 18:28:31,12.9346033,80.1257316,1257316,2025-09-04T23:28:34.510684
TN87F0976,353201358041769,21.0,21.41,329.0,03/09/2025 18:28:26,12.9343916,80.1255266,1255266,2025-09-04T23:28:34.510824
TN87F0976,353201358041769,19.0,21.43,329.0,03/09/2025 18:28:21,12.9342116,80.12536,12536,2025-09-04T23:28:34.510973
TN87F0976,353201358041769,31.0,21.48,329.0,03/09/2025 18:28:18,12.9340599,80.1252283,1252283,2025-09-04T23:28:34.511128
TN87F0976,353201358041769,33.0,21.52,331.0,03/09/2025 18:28:13,12.9337699,80.1249266,1249266,2025-09-04T23:28:34.511375
TN87F0976,353201358041769,33.0,21.57,331.0,03/09/2025 18:28:08,12.9334816,80.1246383,1246383,2025-09-04T23:28:34.511571
TN87F0976,353201358041769,34.0,21.62,331.0,03/09/2025 18:28:03,12.9331516,80.124355,124355,2025-09-04T23:28:34.511764
TN87F0976,353201358041769,32.0,21.67,331.0,03/09/2025 18:27:58,12.93286,80.1240366,1240366,2025-09-04T23:28:34.512001
TN87F0976,353201358041769,33.0,21.71,329.0,03/09/2025 18:27:53,12.9325583,80.123705,123705,2025-09-04T23:28:34.512204
TN87F0976,353201358041769,28.0,21.76,329.0,03/09/2025 18:27:48,12.9322666,80.1234333,1234333,2025-09-04T23:28:34.512417
TN87F0976,353201358041769,29.0,21.79,329.0,03/09/2025 18:27:43,12.9319949,80.1231633,1231633,2025-09-04T23:28:34.512642
TN87F0976,353201358041769,22.0,21.82,329.0,03/09/2025 18:27:38,12.9317549,80.1229016,1229016,2025-09-04T23:28:34.512845
TN87F0976,353201358041769,14.0,21.84,329.0,03/09/2025 18:27:33,12.9315933,80.1227316,1227316,2025-09-04T23:28:34.513057
TN87F0976,353201358041769,8.0,21.85,329.0,03/09/2025 18:27:28,12.9314716,80.1226166,1226166,2025-09-04T23:28:34.513280
TN87F0976,353201358041769,12.0,21.87,329.0,03/09/2025 18:27:23,12.9313916,80.1225383,1225383,2025-09-04T23:28:34.513484
TN87F0976,353201358041769,8.0,21.88,329.0,03/09/2025 18:27:18,12.931285,80.12243,12243,2025-09-04T23:28:34.513686
TN87F0976,353201358041769,11.0,21.88,329.0,03/09/2025 18:27:15,12.9312366,80.1223783,1223783,2025-09-04T23:28:34.513885
TN87F0976,353201358041769,17.0,21.9,329.0,03/09/2025 18:27:13,12.931185,80.1223266,1223266,2025-09-04T23:28:34.514088
TN87F0976,353201358041769,28.0,21.95,329.0,03/09/2025 18:27:10,12.9310783,80.1222033,1222033,2025-09-04T23:28:34.514311
TN87F0976,353201358041769,37.0,22.0,325.0,03/09/2025 18:27:05,12.930775,80.1218533,1218533,2025-09-04T23:28:34.514526
TN87F0976,353201358041769,29.0,22.03,325.0,03/09/2025 18:27:00,12.9305016,80.1215216,1215216,2025-09-04T23:28:34.514738
TN87F0976,353201358041769,17.0,22.05,325.0,03/09/2025 18:26:55,12.9303183,80.1212833,1212833,2025-09-04T23:28:34.514952
TN87F0976,353201358041769,9.0,22.06,325.0,03/09/2025 18:26:50,12.9301999,80.1211599,1211599,2025-09-04T23:28:34.515144
TN87F0976,353201358041769,4.0,22.07,325.0,03/09/2025 18:26:45,12.9301333,80.12111,12111,2025-09-04T23:28:34.515342
TN87F0976,353201358041769,7.0,22.07,325.0,03/09/2025 18:26:40,12.9300833,80.12106,12106,2025-09-04T23:28:34.515514
TN87F0976,353201358041769,9.0,22.07,325.0,03/09/2025 18:26:38,12.9300566,80.1210333,1210333,2025-09-04T23:28:34.515714
TN87F0976,353201358041769,12.0,22.08,325.0,03/09/2025 18:26:37,12.93005,80.1210099,1210099,2025-09-04T23:28:34.515896
TN87F0976,353201358041769,13.0,22.1,325.0,03/09/2025 18:26:36,12.9300449,80.1209816,1209816,2025-09-04T23:28:34.516064
TN87F0976,353201358041769,16.0,22.13,321.0,03/09/2025 18:26:31,12.9300616,80.12077,12077,2025-09-04T23:28:34.516244
TN87F0976,353201358041769,26.0,22.17,321.0,03/09/2025 18:26:26,12.9300799,80.1205299,1205299,2025-09-04T23:28:34.516411
TN87F0976,353201358041769,28.0,22.21,321.0,03/09/2025 18:26:21,12.9301533,80.1201449,1201449,2025-09-04T23:28:34.516581
TN87F0976,353201358041769,28.0,22.25,321.0,03/09/2025 18:26:16,12.9302016,80.1197716,1197716,2025-09-04T23:28:34.516806
TN87F0976,353201358041769,27.0,22.29,321.0,03/09/2025 18:26:11,12.9302483,80.1194033,1194033,2025-09-04T23:28:34.516996
TN87F0976,353201358041769,30.0,22.34,317.0,03/09/2025 18:26:06,12.9303183,80.1190333,1190333,2025-09-04T23:28:34.517192
TN87F0976,353201358041769,34.0,22.38,317.0,03/09/2025 18:26:01,12.9304,80.1185883,1185883,2025-09-04T23:28:34.517457
TN87F0976,353201358041769,27.0,22.41,317.0,03/09/2025 18:25:56,12.930455,80.118205,118205,2025-09-04T23:28:34.517781
TN87F0976,353201358041769,17.0,22.43,317.0,03/09/2025 18:25:52,12.9304783,80.1179733,1179733,2025-09-04T23:28:34.518076
TN87F0976,353201358041769,13.0,22.44,317.0,03/09/2025 18:25:47,12.930515,80.1178066,1178066,2025-09-04T23:28:34.518321
TN87F0976,353201358041769,9.0,22.45,317.0,03/09/2025 18:25:42,12.9305766,80.1176699,1176699,2025-09-04T23:28:34.518545
TN87F0976,353201358041769,7.0,22.45,317.0,03/09/2025 18:25:40,12.9305816,80.1176233,1176233,2025-09-04T23:28:34.518825
TN87F0976,353201358041769,7.0,22.46,317.0,03/09/2025 18:25:39,12.930585,80.1176033,1176033,2025-09-04T23:28:34.519064
TN87F0976,353201358041769,6.0,22.47,315.0,03/09/2025 18:25:34,12.93061,80.1175116,1175116,2025-09-04T23:28:34.519285
TN87F0976,353201358041769,11.0,22.49,315.0,03/09/2025 18:25:29,12.9306216,80.11743,11743,2025-09-04T23:28:34.519502
TN87F0976,353201358041769,20.0,22.53,315.0,03/09/2025 18:25:24,12.9306683,80.1171983,1171983,2025-09-04T23:28:34.519715
TN87F0976,353201358041769,26.0,22.55,315.0,03/09/2025 18:25:19,12.93069,80.1169033,1169033,2025-09-04T23:28:34.519985
TN87F0976,353201358041769,20.0,22.57,315.0,03/09/2025 18:25:16,12.9306766,80.116715,116715,2025-09-04T23:28:34.520218
TN87F0976,353201358041769,11.0,22.58,315.0,03/09/2025 18:25:11,12.93064,80.1165016,1165016,2025-09-04T23:28:34.520435
TN87F0976,353201358041769,0.0,22.58,315.0,03/09/2025 18:25:08,12.9306199,80.1164216,1164216,2025-09-04T23:28:34.520632
TN87F0976,353201358041769,4.0,22.58,316.0,03/09/2025 18:25:03,12.930615,80.116405,116405,2025-09-04T23:28:34.520842
TN87F0976,353201358041769,14.0,22.61,316.0,03/09/2025 18:25:01,12.930605,80.1163666,1163666,2025-09-04T23:28:34.521049
TN87F0976,353201358041769,27.0,22.65,316.0,03/09/2025 18:24:56,12.9305516,80.1160883,1160883,2025-09-04T23:28:34.521239
TN87F0976,353201358041769,22.0,22.67,316.0,03/09/2025 18:24:51,12.930505,80.1157666,1157666,2025-09-04T23:28:34.521433
TN87F0976,353201358041769,16.0,22.69,316.0,03/09/2025 18:24:46,12.9304516,80.1155216,1155216,2025-09-04T23:28:34.521640
TN87F0976,353201358041769,11.0,22.71,320.0,03/09/2025 18:24:41,12.9304116,80.11536,11536,2025-09-04T23:28:34.521866
TN87F0976,353201358041769,0.0,22.71,320.0,03/09/2025 18:24:36,12.9303916,80.1152433,1152433,2025-09-04T23:28:34.522044
TN87F0976,353201358041769,0.0,22.71,320.0,03/09/2025 18:24:31,12.9303916,80.1152433,1152433,2025-09-04T23:28:34.522240
TN87F0976,353201358041769,0.0,22.71,320.0,03/09/2025 18:24:26,12.9303916,80.1152433,1152433,2025-09-04T23:28:34.522437
TN87F0976,353201358041769,0.0,22.71,320.0,03/09/2025 18:24:21,12.9303883,80.11523,11523,2025-09-04T23:28:34.522651
TN87F0976,353201358041769,0.0,22.71,320.0,03/09/2025 18:24:16,12.9303233,80.1151283,1151283,2025-09-04T23:28:34.522882
TN87F0976,353201358041769,0.0,22.71,320.0,03/09/2025 18:24:11,12.9303233,80.1151283,1151283,2025-09-04T23:28:34.523081
TN87F0976,353201358041769,8.0,22.73,320.0,03/09/2025 18:24:06,12.9303116,80.1150983,1150983,2025-09-04T23:28:34.523317
TN87F0976,353201358041769,19.0,22.75,326.0,03/09/2025 18:24:01,12.93025,80.11492,11492,2025-09-04T23:28:34.523527
TN87F0976,353201358041769,16.0,22.78,326.0,03/09/2025 18:23:56,12.9301799,80.1146783,1146783,2025-09-04T23:28:34.523741
TN87F0976,353201358041769,16.0,22.8,326.0,03/09/2025 18:23:51,12.9301199,80.1144533,1144533,2025-09-04T23:28:34.523948
TN87F0976,353201358041769,17.0,22.83,326.0,03/09/2025 18:23:46,12.9300383,80.1142366,1142366,2025-09-04T23:28:34.524192
TN87F0976,353201358041769,23.0,22.87,326.0,03/09/2025 18:23:41,12.9299133,80.1139999,1139999,2025-09-04T23:28:34.524410
TN87F0976,353201358041769,20.0,22.89,326.0,03/09/2025 18:23:36,12.9297583,80.1137183,1137183,2025-09-04T23:28:34.525092
TN87F0976,353201358041769,13.0,22.9,332.0,03/09/2025 18:23:31,12.9296516,80.1135,1135,2025-09-04T23:28:34.525372
TN87F0976,353201358041769,10.0,22.92,332.0,03/09/2025 18:23:29,12.9296266,80.1134433,1134433,2025-09-04T23:28:34.525693
TN87F0976,353201358041769,19.0,22.95,332.0,03/09/2025 18:23:24,12.9295149,80.1132883,1132883,2025-09-04T23:28:34.526035
TN87F0976,353201358041769,23.0,22.98,332.0,03/09/2025 18:23:19,12.929375,80.1130316,1130316,2025-09-04T23:28:34.526305
TN87F0976,353201358041769,17.0,23.01,332.0,03/09/2025 18:23:14,12.9292383,80.1127966,1127966,2025-09-04T23:28:34.526627
TN87F0976,353201358041769,12.0,23.02,334.0,03/09/2025 18:23:09,12.9291366,80.1126283,1126283,2025-09-04T23:28:34.526864
TN87F0976,353201358041769,11.0,23.03,334.0,03/09/2025 18:23:04,12.929055,80.112495,112495,2025-09-04T23:28:34.527066
TN87F0976,353201358041769,8.0,23.04,334.0,03/09/2025 18:22:59,12.92897,80.1124233,1124233,2025-09-04T23:28:34.527252
TN87F0976,353201358041769,8.0,23.05,334.0,03/09/2025 18:22:55,12.928905,80.112375,112375,2025-09-04T23:28:34.527446
TN87F0976,353201358041769,10.0,23.06,334.0,03/09/2025 18:22:52,12.9288483,80.1123249,1123249,2025-09-04T23:28:34.527682
TN87F0976,353201358041769,5.0,23.07,334.0,03/09/2025 18:22:47,12.9287933,80.1122566,1122566,2025-09-04T23:28:34.528036
TN87F0976,353201358041769,0.0,23.07,334.0,03/09/2025 18:22:42,12.9287616,80.1121583,1121583,2025-09-04T23:28:34.528291
TN87F0976,353201358041769,6.0,23.08,334.0,03/09/2025 18:22:37,12.9287516,80.1121383,1121383,2025-09-04T23:28:34.528496
TN87F0976,353201358041769,8.0,23.1,334.0,03/09/2025 18:22:35,12.928735,80.1121133,1121133,2025-09-04T23:28:34.528700
TN87F0976,353201358041769,18.0,23.13,334.0,03/09/2025 18:22:30,12.9286516,80.1119449,1119449,2025-09-04T23:28:34.528930
TN87F0976,353201358041769,21.0,23.16,334.0,03/09/2025 18:22:25,12.9285366,80.1117066,1117066,2025-09-04T23:28:34.529126
TN87F0976,353201358041769,24.0,23.19,334.0,03/09/2025 18:22:20,12.9284183,80.1114099,1114099,2025-09-04T23:28:34.529325
TN87F0976,353201358041769,21.0,23.22,334.0,03/09/2025 18:22:15,12.928285,80.1111299,1111299,2025-09-04T23:28:34.529522
TN87F0976,353201358041769,17.0,23.24,333.0,03/09/2025 18:22:10,12.92818,80.1109183,1109183,2025-09-04T23:28:34.529740
TN87F0976,353201358041769,15.0,23.26,333.0,03/09/2025 18:22:05,12.92809,80.1107116,1107116,2025-09-04T23:28:34.529943
TN87F0976,353201358041769,11.0,23.27,333.0,03/09/2025 18:22:00,12.9280016,80.1105666,1105666,2025-09-04T23:28:34.530213
TN87F0976,353201358041769,4.0,23.28,333.0,03/09/2025 18:21:55,12.9279499,80.1104666,1104666,2025-09-04T23:28:34.530384
TN87F0976,353201358041769,15.0,23.31,333.0,03/09/2025 18:21:52,12.9279133,80.110385,110385,2025-09-04T23:28:34.530551
TN87F0976,353201358041769,19.0,23.35,335.0,03/09/2025 18:21:47,12.9277916,80.1101566,1101566,2025-09-04T23:28:34.530706
TN87F0976,353201358041769,25.0,23.39,335.0,03/09/2025 18:21:42,12.9276416,80.1098766,1098766,2025-09-04T23:28:34.530847
TN87F0976,353201358041769,26.0,23.42,335.0,03/09/2025 18:21:37,12.9274799,80.109565,109565,2025-09-04T23:28:34.530994
TN87F0976,353201358041769,26.0,23.45,335.0,03/09/2025 18:21:32,12.9273216,80.10926,10926,2025-09-04T23:28:34.531130
TN87F0976,353201358041769,16.0,23.47,335.0,03/09/2025 18:21:28,12.9272216,80.1090416,1090416,2025-09-04T23:28:34.531270
TN87F0976,353201358041769,12.0,23.48,335.0,03/09/2025 18:21:23,12.9271166,80.1088716,1088716,2025-09-04T23:28:34.531418
TN87F0976,353201358041769,4.0,23.49,335.0,03/09/2025 18:21:18,12.9270366,80.1087833,1087833,2025-09-04T23:28:34.531559
TN87F0976,353201358041769,7.0,23.5,335.0,03/09/2025 18:21:13,12.9269933,80.1087366,1087366,2025-09-04T23:28:34.531664
TN87F0976,353201358041769,13.0,23.52,335.0,03/09/2025 18:21:10,12.9269349,80.1086783,1086783,2025-09-04T23:28:34.531830
TN87F0976,353201358041769,14.0,23.54,336.0,03/09/2025 18:21:05,12.9268066,80.1085333,1085333,2025-09-04T23:28:34.531992
TN87F0976,353201358041769,8.0,23.54,336.0,03/09/2025 18:21:00,12.9267266,80.108405,108405,2025-09-04T23:28:34.532123
TN87F0976,353201358041769,10.0,23.56,336.0,03/09/2025 18:20:57,12.9267016,80.1083533,1083533,2025-09-04T23:28:34.532232
TN87F0976,353201358041769,20.0,23.59,336.0,03/09/2025 18:20:54,12.9266616,80.108235,108235,2025-09-04T23:28:34.532352
TN87F0976,353201358041769,22.0,23.62,336.0,03/09/2025 18:20:49,12.9265533,80.107975,107975,2025-09-04T23:28:34.532490
TN87F0976,353201358041769,27.0,23.67,336.0,03/09/2025 18:20:44,12.9263999,80.10769,10769,2025-09-04T23:28:34.532682
TN87F0976,353201358041769,29.0,23.71,336.0,03/09/2025 18:20:39,12.9262416,80.1073299,1073299,2025-09-04T23:28:34.532846
TN87F0976,353201358041769,26.0,23.74,336.0,03/09/2025 18:20:34,12.9260899,80.1069933,1069933,2025-09-04T23:28:34.533021
TN87F0976,353201358041769,23.0,23.75,336.0,03/09/2025 18:20:29,12.9259666,80.1066883,1066883,2025-09-04T23:28:34.533195
TN87F0976,353201358041769,20.0,23.78,336.0,03/09/2025 18:20:27,12.9259483,80.1065799,1065799,2025-09-04T23:28:34.533353
TN87F0976,353201358041769,20.0,23.81,336.0,03/09/2025 18:20:22,12.9258833,80.1063099,1063099,2025-09-04T23:28:34.533525
TN87F0976,353201358041769,19.0,23.84,336.0,03/09/2025 18:20:17,12.9258483,80.1060616,1060616,2025-09-04T23:28:34.533652
TN87F0976,353201358041769,19.0,23.87,336.0,03/09/2025 18:20:12,12.9258083,80.105825,105825,2025-09-04T23:28:34.533783
TN87F0976,353201358041769,21.0,23.88,335.0,03/09/2025 18:20:07,12.9257633,80.105555,105555,2025-09-04T23:28:34.533919
TN87F0976,353201358041769,20.0,23.9,335.0,03/09/2025 18:20:04,12.9257533,80.105395,105395,2025-09-04T23:28:34.534021
TN87F0976,353201358041769,18.0,23.93,335.0,03/09/2025 18:20:01,12.925735,80.1052616,1052616,2025-09-04T23:28:34.534174
TN87F0976,353201358041769,26.0,23.97,335.0,03/09/2025 18:19:56,12.925685,80.1049816,1049816,2025-09-04T23:28:34.534288
TN87F0976,353201358041769,24.0,24.0,335.0,03/09/2025 18:19:51,12.9256133,80.1046516,1046516,2025-09-04T23:28:34.534387
TN87F0976,353201358041769,16.0,24.02,335.0,03/09/2025 18:19:46,12.92554,80.1043716,1043716,2025-09-04T23:28:34.534510
TN87F0976,353201358041769,7.0,24.02,333.0,03/09/2025 18:19:41,12.92553,80.10417,10417,2025-09-04T23:28:34.534644
TN87F0976,353201358041769,4.0,24.03,333.0,03/09/2025 18:19:39,12.9255266,80.1041349,1041349,2025-09-04T23:28:34.534783
TN87F0976,353201358041769,7.0,24.04,333.0,03/09/2025 18:19:34,12.92553,80.104055,104055,2025-09-04T23:28:34.534941
TN87F0976,353201358041769,0.0,24.04,333.0,03/09/2025 18:19:29,12.9255366,80.10395,10395,2025-09-04T23:28:34.535077
TN87F0976,353201358041769,0.0,24.04,333.0,03/09/2025 18:19:24,12.9255333,80.1039283,1039283,2025-09-04T23:28:34.535203
TN87F0976,353201358041769,5.0,24.05,333.0,03/09/2025 18:19:19,12.9255316,80.1038733,1038733,2025-09-04T23:28:34.535321
TN87F0976,353201358041769,7.0,24.06,333.0,03/09/2025 18:19:14,12.925525,80.1037849,1037849,2025-09-04T23:28:34.535449
TN87F0976,353201358041769,6.0,24.07,333.0,03/09/2025 18:19:09,12.9255316,80.1036916,1036916,2025-09-04T23:28:34.535569
TN87F0976,353201358041769,0.0,24.07,331.0,03/09/2025 18:19:05,12.92554,80.10364,10364,2025-09-04T23:28:34.535686
TN87F0976,353201358041769,11.0,24.09,331.0,03/09/2025 18:19:00,12.9255666,80.1035616,1035616,2025-09-04T23:28:34.535841
TN87F0976,353201358041769,16.0,24.11,331.0,03/09/2025 18:18:55,12.9256066,80.1033733,1033733,2025-09-04T23:28:34.535970
TN87F0976,353201358041769,12.0,24.13,331.0,03/09/2025 18:18:50,12.9256383,80.1031816,1031816,2025-09-04T23:28:34.536095
TN87F0976,353201358041769,14.0,24.15,331.0,03/09/2025 18:18:45,12.9256533,80.1030266,1030266,2025-09-04T23:28:34.536203
TN87F0976,353201358041769,20.0,24.18,331.0,03/09/2025 18:18:40,12.9256683,80.1027833,1027833,2025-09-04T23:28:34.536339
TN87F0976,353201358041769,22.0,24.21,331.0,03/09/2025 18:18:35,12.9256816,80.1025133,1025133,2025-09-04T23:28:34.536439
TN87F0976,353201358041769,17.0,24.23,329.0,03/09/2025 18:18:30,12.9256966,80.102255,102255,2025-09-04T23:28:34.536543
TN87F0976,353201358041769,17.0,24.25,329.0,03/09/2025 18:18:26,12.925685,80.1020983,1020983,2025-09-04T23:28:34.536681
TN87F0976,353201358041769,17.0,24.28,329.0,03/09/2025 18:18:21,12.92563,80.1018766,1018766,2025-09-04T23:28:34.536785
TN87F0976,353201358041769,16.0,24.29,329.0,03/09/2025 18:18:16,12.9255733,80.101665,101665,2025-09-04T23:28:34.536909
TN87F0976,353201358041769,14.0,24.31,329.0,03/09/2025 18:18:11,12.925525,80.1015133,1015133,2025-09-04T23:28:34.537007
TN87F0976,353201358041769,8.0,24.32,329.0,03/09/2025 18:18:06,12.9254816,80.10137,10137,2025-09-04T23:28:34.537128
TN87F0976,353201358041769,6.0,24.33,327.0,03/09/2025 18:18:02,12.9254583,80.1013133,1013133,2025-09-04T23:28:34.537234
TN87F0976,353201358041769,6.0,24.33,327.0,03/09/2025 18:17:57,12.9254249,80.1012483,1012483,2025-09-04T23:28:34.537356
TN87F0976,353201358041769,0.0,24.33,327.0,03/09/2025 18:17:52,12.9254149,80.10117,10117,2025-09-04T23:28:34.537492
TN87F0976,353201358041769,0.0,24.33,327.0,03/09/2025 18:17:47,12.9254149,80.10117,10117,2025-09-04T23:28:34.537655
TN87F0976,353201358041769,0.0,24.33,327.0,03/09/2025 18:17:42,12.9254149,80.10117,10117,2025-09-04T23:28:34.537798
TN87F0976,353201358041769,0.0,24.33,327.0,03/09/2025 18:17:37,12.9254149,80.10117,10117,2025-09-04T23:28:34.538082
TN87F0976,353201358041769,6.0,24.34,326.0,03/09/2025 18:17:32,12.9254,80.1011216,1011216,2025-09-04T23:28:34.538290
TN87F0976,353201358041769,7.0,24.36,326.0,03/09/2025 18:17:27,12.9253666,80.1010416,1010416,2025-09-04T23:28:34.538498
TN87F0976,353201358041769,0.0,24.36,326.0,03/09/2025 18:17:22,12.9253033,80.10089,10089,2025-09-04T23:28:34.538709
TN87F0976,353201358041769,0.0,24.36,326.0,03/09/2025 18:17:17,12.9253033,80.10089,10089,2025-09-04T23:28:34.538932
TN87F0976,353201358041769,0.0,24.36,326.0,03/09/2025 18:17:12,12.9253033,80.10089,10089,2025-09-04T23:28:34.539142
TN87F0976,353201358041769,0.0,24.36,326.0,03/09/2025 18:17:07,12.9253033,80.10089,10089,2025-09-04T23:28:34.539353
TN87F0976,353201358041769,0.0,24.36,325.0,03/09/2025 18:17:02,12.9253033,80.10089,10089,2025-09-04T23:28:34.539544
TN87F0976,353201358041769,5.0,24.37,325.0,03/09/2025 18:16:57,12.9252866,80.100855,100855,2025-09-04T23:28:34.539716
TN87F0976,353201358041769,0.0,24.37,325.0,03/09/2025 18:16:52,12.92526,80.10079,10079,2025-09-04T23:28:34.539963
TN87F0976,353201358041769,4.0,24.37,325.0,03/09/2025 18:16:47,12.925235,80.1007149,1007149,2025-09-04T23:28:34.540166
TN87F0976,353201358041769,4.0,24.38,325.0,03/09/2025 18:16:42,12.9252033,80.10067,10067,2025-09-04T23:28:34.540394
TN87F0976,353201358041769,8.0,24.4,325.0,03/09/2025 18:16:37,12.92515,80.1005916,1005916,2025-09-04T23:28:34.540584
TN87F0976,353201358041769,16.0,24.43,325.0,03/09/2025 18:16:32,12.9250633,80.1004433,1004433,2025-09-04T23:28:34.540775
TN87F0976,353201358041769,15.0,24.44,325.0,03/09/2025 18:16:27,12.9249899,80.10023,10023,2025-09-04T23:28:34.540992
TN87F0976,353201358041769,9.0,24.45,325.0,03/09/2025 18:16:22,12.9249283,80.1000883,1000883,2025-09-04T23:28:34.541170
TN87F0976,353201358041769,0.0,24.45,325.0,03/09/2025 18:16:17,12.9249016,80.1000483,1000483,2025-09-04T23:28:34.541341
TN87F0976,353201358041769,0.0,24.45,325.0,03/09/2025 18:16:12,12.9249016,80.1000483,1000483,2025-09-04T23:28:34.541521
TN87F0976,353201358041769,0.0,24.45,325.0,03/09/2025 18:16:07,12.9249016,80.1000483,1000483,2025-09-04T23:28:34.541794
TN87F0976,353201358041769,0.0,24.45,325.0,03/09/2025 18:16:02,12.9249016,80.1000483,1000483,2025-09-04T23:28:34.542145
TN87F0976,353201358041769,0.0,24.45,325.0,03/09/2025 18:15:57,12.9249016,80.1000483,1000483,2025-09-04T23:28:34.542362
TN87F0976,353201358041769,0.0,24.45,325.0,03/09/2025 18:15:52,12.9249016,80.1000483,1000483,2025-09-04T23:28:34.542587
TN87F0976,353201358041769,0.0,24.45,325.0,03/09/2025 18:15:47,12.9249016,80.1000483,1000483,2025-09-04T23:28:34.542793
TN87F0976,353201358041769,0.0,24.45,325.0,03/09/2025 18:15:42,12.9248983,80.1000416,1000416,2025-09-04T23:28:34.542977
TN87F0976,353201358041769,11.0,24.47,325.0,03/09/2025 18:15:38,12.9248516,80.0999533,0999533,2025-09-04T23:28:34.543210
TN87F0976,353201358041769,12.0,24.48,325.0,03/09/2025 18:15:33,12.9247883,80.099765,099765,2025-09-04T23:28:34.543422
TN87F0976,353201358041769,10.0,24.5,325.0,03/09/2025 18:15:31,12.9247633,80.099695,099695,2025-09-04T23:28:34.543561
TN87F0976,353201358041769,10.0,24.51,325.0,03/09/2025 18:15:26,12.9247133,80.09955,09955,2025-09-04T23:28:34.543691
TN87F0976,353201358041769,11.0,24.61,325.0,03/09/2025 18:15:21,12.924655,80.0994383,0994383,2025-09-04T23:28:34.543850
TN87F0976,353201358041769,0.0,24.61,325.0,03/09/2025 18:15:19,12.9242983,80.0986316,0986316,2025-09-04T23:28:34.543984
TN87F0976,353201358041769,0.0,24.61,326.0,03/09/2025 18:14:49,12.9242983,80.0986316,0986316,2025-09-04T23:28:34.544105
TN87F0976,353201358041769,0.0,24.61,327.0,03/09/2025 18:14:19,12.9242983,80.0986316,0986316,2025-09-04T23:28:34.544241
TN87F0976,353201358041769,0.0,24.61,328.0,03/09/2025 18:13:49,12.9242983,80.0986316,0986316,2025-09-04T23:28:34.544421
TN87F0976,353201358041769,0.0,24.61,328.0,03/09/2025 18:13:47,12.9242983,80.0986316,0986316,2025-09-04T23:28:34.544594
TN87F0976,353201358041769,0.0,24.61,328.0,03/09/2025 18:13:42,12.9242983,80.0986316,0986316,2025-09-04T23:28:34.544736
TN87F0976,353201358041769,0.0,24.61,328.0,03/09/2025 18:13:37,12.9242983,80.0986316,0986316,2025-09-04T23:28:34.544868
TN87F0976,353201358041769,0.0,24.61,328.0,03/09/2025 18:13:32,12.9242983,80.0986316,0986316,2025-09-04T23:28:34.545010
TN87F0976,353201358041769,0.0,24.61,325.0,03/09/2025 18:13:27,12.9242983,80.0986316,0986316,2025-09-04T23:28:34.545162
TN87F0976,353201358041769,0.0,24.61,325.0,03/09/2025 18:13:22,12.9242983,80.0986316,0986316,2025-09-04T23:28:34.545310
TN87F0976,353201358041769,0.0,24.61,325.0,03/09/2025 18:13:17,12.9242983,80.0986316,0986316,2025-09-04T23:28:34.545451
TN87F0976,353201358041769,0.0,24.61,325.0,03/09/2025 18:13:12,12.9242983,80.0986316,0986316,2025-09-04T23:28:34.545601
TN87F0976,353201358041769,0.0,24.61,325.0,03/09/2025 18:13:07,12.9242983,80.0986316,0986316,2025-09-04T23:28:34.545742
TN87F0976,353201358041769,0.0,24.61,325.0,03/09/2025 18:13:02,12.9242983,80.0986316,0986316,2025-09-04T23:28:34.545858
TN87F0976,353201358041769,0.0,24.61,325.0,03/09/2025 18:12:57,12.9242983,80.0986316,0986316,2025-09-04T23:28:34.545992
TN87F0976,353201358041769,0.0,24.61,325.0,03/09/2025 18:12:52,12.9242983,80.0986316,0986316,2025-09-04T23:28:34.546116
TN87F0976,353201358041769,0.0,24.61,325.0,03/09/2025 18:12:47,12.9242983,80.0986316,0986316,2025-09-04T23:28:34.546240
TN87F0976,353201358041769,3.0,24.61,325.0,03/09/2025 18:12:42,12.9242649,80.0985566,0985566,2025-09-04T23:28:34.546349
TN87F0976,353201358041769,0.0,24.61,323.0,03/09/2025 18:12:37,12.9242649,80.0985566,0985566,2025-09-04T23:28:34.546464
TN87F0976,353201358041769,0.0,24.61,323.0,03/09/2025 18:12:32,12.9242649,80.0985566,0985566,2025-09-04T23:28:34.546599
TN87F0976,353201358041769,0.0,24.61,323.0,03/09/2025 18:12:27,12.9242649,80.0985566,0985566,2025-09-04T23:28:34.546754
TN87F0976,353201358041769,0.0,24.61,323.0,03/09/2025 18:12:22,12.9242616,80.0985466,0985466,2025-09-04T23:28:34.546889
TN87F0976,353201358041769,15.0,24.63,323.0,03/09/2025 18:12:18,12.92421,80.0984716,0984716,2025-09-04T23:28:34.547009
TN87F0976,353201358041769,26.0,24.66,323.0,03/09/2025 18:12:14,12.9240916,80.0982899,0982899,2025-09-04T23:28:34.547128
TN87F0976,353201358041769,25.0,24.7,323.0,03/09/2025 18:12:09,12.923905,80.098035,098035,2025-09-04T23:28:34.547246
TN87F0976,353201358041769,25.0,24.73,323.0,03/09/2025 18:12:04,12.9237166,80.0977766,0977766,2025-09-04T23:28:34.547362
TN87F0976,353201358041769,17.0,24.75,323.0,03/09/2025 18:11:59,12.9235533,80.09756,09756,2025-09-04T23:28:34.547500
TN87F0976,353201358041769,19.0,24.78,323.0,03/09/2025 18:11:54,12.9234349,80.0973816,0973816,2025-09-04T23:28:34.547668
TN87F0976,353201358041769,23.0,24.82,323.0,03/09/2025 18:11:49,12.9232833,80.0971566,0971566,2025-09-04T23:28:34.547854
TN87F0976,353201358041769,25.0,24.85,323.0,03/09/2025 18:11:44,12.923105,80.0968683,0968683,2025-09-04T23:28:34.548041
TN87F0976,353201358041769,22.0,24.88,323.0,03/09/2025 18:11:39,12.9229466,80.0966033,0966033,2025-09-04T23:28:34.548202
TN87F0976,353201358041769,14.0,24.9,323.0,03/09/2025 18:11:34,12.9228133,80.0963816,0963816,2025-09-04T23:28:34.548359
TN87F0976,353201358041769,10.0,24.92,323.0,03/09/2025 18:11:29,12.92273,80.096245,096245,2025-09-04T23:28:34.548513
TN87F0976,353201358041769,15.0,24.94,327.0,03/09/2025 18:11:24,12.922645,80.0960883,0960883,2025-09-04T23:28:34.548665
TN87F0976,353201358041769,14.0,24.96,327.0,03/09/2025 18:11:19,12.9225516,80.0959116,0959116,2025-09-04T23:28:34.548813
TN87F0976,353201358041769,13.0,25.01,327.0,03/09/2025 18:11:14,12.92248,80.0957683,0957683,2025-09-04T23:28:34.548965
TN87F0976,353201358041769,14.0,25.08,327.0,03/09/2025 18:11:09,12.9224016,80.0955933,0955933,2025-09-04T23:28:34.549094
TN87F0976,353201358041769,14.0,25.1,327.0,03/09/2025 18:11:04,12.92235,80.0954399,0954399,2025-09-04T23:28:34.549229
TN87F0976,353201358041769,17.0,25.12,327.0,03/09/2025 18:10:59,12.9222983,80.09526,09526,2025-09-04T23:28:34.549351
TN87F0976,353201358041769,24.0,25.16,327.0,03/09/2025 18:10:54,12.9222333,80.0950083,0950083,2025-09-04T23:28:34.549490
TN87F0976,353201358041769,25.0,25.19,327.0,03/09/2025 18:10:49,12.9221533,80.094685,094685,2025-09-04T23:28:34.549633
TN87F0976,353201358041769,26.0,25.23,327.0,03/09/2025 18:10:44,12.9220666,80.0943616,0943616,2025-09-04T23:28:34.549772
TN87F0976,353201358041769,24.0,25.26,327.0,03/09/2025 18:10:39,12.92198,80.0940416,0940416,2025-09-04T23:28:34.549909
TN87F0976,353201358041769,24.0,25.29,329.0,03/09/2025 18:10:34,12.9218966,80.0937283,0937283,2025-09-04T23:28:34.550088
TN87F0976,353201358041769,17.0,25.32,329.0,03/09/2025 18:10:29,12.9218316,80.0934549,0934549,2025-09-04T23:28:34.550252
TN87F0976,353201358041769,18.0,25.34,329.0,03/09/2025 18:10:24,12.9217816,80.0932566,0932566,2025-09-04T23:28:34.550399
TN87F0976,353201358041769,19.0,25.37,329.0,03/09/2025 18:10:19,12.9217316,80.09305,09305,2025-09-04T23:28:34.550525
TN87F0976,353201358041769,20.0,25.39,329.0,03/09/2025 18:10:14,12.9216683,80.0927899,0927899,2025-09-04T23:28:34.550672
TN87F0976,353201358041769,16.0,25.41,329.0,03/09/2025 18:10:09,12.921605,80.09257,09257,2025-09-04T23:28:34.550822
TN87F0976,353201358041769,7.0,25.41,330.0,03/09/2025 18:10:04,12.9215799,80.0924249,0924249,2025-09-04T23:28:34.550963
TN87F0976,353201358041769,0.0,25.41,330.0,03/09/2025 18:09:59,12.9215799,80.0923983,0923983,2025-09-04T23:28:34.551087
TN87F0976,353201358041769,0.0,25.41,330.0,03/09/2025 18:09:54,12.9215799,80.0924016,0924016,2025-09-04T23:28:34.551307
TN87F0976,353201358041769,12.0,25.43,330.0,03/09/2025 18:09:51,12.9215633,80.0923483,0923483,2025-09-04T23:28:34.551542
TN87F0976,353201358041769,17.0,25.46,330.0,03/09/2025 18:09:46,12.921515,80.0921783,0921783,2025-09-04T23:28:34.551738
TN87F0976,353201358041769,23.0,25.49,330.0,03/09/2025 18:09:41,12.9214533,80.0919483,0919483,2025-09-04T23:28:34.551959
TN87F0976,353201358041769,30.0,25.54,329.0,03/09/2025 18:09:36,12.9213666,80.0916066,0916066,2025-09-04T23:28:34.552170
TN87F0976,353201358041769,35.0,25.59,329.0,03/09/2025 18:09:31,12.9212766,80.0911866,0911866,2025-09-04T23:28:34.552353
TN87F0976,353201358041769,36.0,25.64,329.0,03/09/2025 18:09:26,12.9211516,80.09076,09076,2025-09-04T23:28:34.552538
TN87F0976,353201358041769,33.0,25.68,329.0,03/09/2025 18:09:21,12.921025,80.0903033,0903033,2025-09-04T23:28:34.552750
TN87F0976,353201358041769,28.0,25.72,329.0,03/09/2025 18:09:16,12.9209316,80.0899166,0899166,2025-09-04T23:28:34.552972
TN87F0976,353201358041769,23.0,25.74,329.0,03/09/2025 18:09:11,12.920855,80.0895983,0895983,2025-09-04T23:28:34.553181
TN87F0976,353201358041769,13.0,25.76,329.0,03/09/2025 18:09:06,12.920815,80.0893733,0893733,2025-09-04T23:28:34.553365
TN87F0976,353201358041769,11.0,25.78,329.0,03/09/2025 18:09:01,12.9207683,80.0892383,0892383,2025-09-04T23:28:34.553511
TN87F0976,353201358041769,17.0,25.8,329.0,03/09/2025 18:08:56,12.9206799,80.0891066,0891066,2025-09-04T23:28:34.553658
TN87F0976,353201358041769,29.0,25.85,329.0,03/09/2025 18:08:53,12.9205966,80.08896,08896,2025-09-04T23:28:34.553838
TN87F0976,353201358041769,36.0,25.9,329.0,03/09/2025 18:08:48,12.9203783,80.0885433,0885433,2025-09-04T23:28:34.554100
TN87F0976,353201358041769,34.0,25.94,329.0,03/09/2025 18:08:43,12.9201749,80.0880983,0880983,2025-09-04T23:28:34.554282
TN87F0976,353201358041769,27.0,25.98,329.0,03/09/2025 18:08:38,12.919985,80.0877333,0877333,2025-09-04T23:28:34.554444
TN87F0976,353201358041769,20.0,26.01,329.0,03/09/2025 18:08:33,12.9198516,80.0874316,0874316,2025-09-04T23:28:34.554581
TN87F0976,353201358041769,14.0,26.02,329.0,03/09/2025 18:08:28,12.9197799,80.0871816,0871816,2025-09-04T23:28:34.554709
TN87F0976,353201358041769,9.0,26.03,329.0,03/09/2025 18:08:26,12.919765,80.0871166,0871166,2025-09-04T23:28:34.554931
TN87F0976,353201358041769,0.0,26.03,329.0,03/09/2025 18:08:21,12.9197416,80.0870166,0870166,2025-09-04T23:28:34.555177
TN87F0976,353201358041769,0.0,26.03,329.0,03/09/2025 18:08:16,12.9197416,80.0870166,0870166,2025-09-04T23:28:34.555363
TN87F0976,353201358041769,0.0,26.03,329.0,03/09/2025 18:08:11,12.9197416,80.0870166,0870166,2025-09-04T23:28:34.555560
TN87F0976,353201358041769,9.0,26.04,329.0,03/09/2025 18:08:06,12.919715,80.0869249,0869249,2025-09-04T23:28:34.555752
TN87F0976,353201358041769,7.0,26.05,329.0,03/09/2025 18:08:01,12.9196933,80.0868433,0868433,2025-09-04T23:28:34.555983
TN87F0976,353201358041769,6.0,26.05,329.0,03/09/2025 18:07:56,12.9197033,80.0867483,0867483,2025-09-04T23:28:34.556182
TN87F0976,353201358041769,5.0,26.06,329.0,03/09/2025 18:07:54,12.9197133,80.086715,086715,2025-09-04T23:28:34.556348
TN87F0976,353201358041769,7.0,26.07,329.0,03/09/2025 18:07:49,12.9197066,80.0866466,0866466,2025-09-04T23:28:34.556501
TN87F0976,353201358041769,6.0,26.08,329.0,03/09/2025 18:07:44,12.9197033,80.0865483,0865483,2025-09-04T23:28:34.556630
TN87F0976,353201358041769,11.0,26.08,329.0,03/09/2025 18:07:39,12.9197016,80.0864566,0864566,2025-09-04T23:28:34.556757
TN87F0976,353201358041769,12.0,26.1,329.0,03/09/2025 18:07:38,12.9197033,80.0864283,0864283,2025-09-04T23:28:34.556894
TN87F0976,353201358041769,17.0,26.14,329.0,03/09/2025 18:07:33,12.9196816,80.08624,08624,2025-09-04T23:28:34.557022
TN87F0976,353201358041769,28.0,26.17,329.0,03/09/2025 18:07:28,12.9196299,80.085935,085935,2025-09-04T23:28:34.557145
TN87F0976,353201358041769,28.0,26.22,329.0,03/09/2025 18:07:23,12.9195616,80.0855816,0855816,2025-09-04T23:28:34.557266
TN87F0976,353201358041769,31.0,26.26,329.0,03/09/2025 18:07:18,12.9195049,80.0851783,0851783,2025-09-04T23:28:34.557422
TN87F0976,353201358041769,28.0,26.3,329.0,03/09/2025 18:07:13,12.919425,80.084775,084775,2025-09-04T23:28:34.557569
TN87F0976,353201358041769,29.0,26.35,329.0,03/09/2025 18:07:08,12.9193116,80.0844249,0844249,2025-09-04T23:28:34.557761
TN87F0976,353201358041769,31.0,26.39,329.0,03/09/2025 18:07:03,12.9191766,80.0840483,0840483,2025-09-04T23:28:34.557909
TN87F0976,353201358041769,25.0,26.41,329.0,03/09/2025 18:06:58,12.9190483,80.0837016,0837016,2025-09-04T23:28:34.558094
TN87F0976,353201358041769,13.0,26.43,329.0,03/09/2025 18:06:53,12.9189633,80.0834566,0834566,2025-09-04T23:28:34.558285
TN87F0976,353201358041769,9.0,26.44,329.0,03/09/2025 18:06:48,12.91892,80.0833249,0833249,2025-09-04T23:28:34.558483
TN87F0976,353201358041769,6.0,26.45,329.0,03/09/2025 18:06:43,12.9188683,80.0831949,0831949,2025-09-04T23:28:34.558663
TN87F0976,353201358041769,6.0,26.47,329.0,03/09/2025 18:06:38,12.9188433,80.083115,083115,2025-09-04T23:28:34.558848
TN87F0976,353201358041769,15.0,26.49,329.0,03/09/2025 18:06:33,12.9188016,80.0829966,0829966,2025-09-04T23:28:34.559045
TN87F0976,353201358041769,25.0,26.53,329.0,03/09/2025 18:06:29,12.9187433,80.082785,082785,2025-09-04T23:28:34.559235
TN87F0976,353201358041769,25.0,26.56,329.0,03/09/2025 18:06:24,12.918625,80.0824683,0824683,2025-09-04T23:28:34.559431
TN87F0976,353201358041769,18.0,26.59,329.0,03/09/2025 18:06:19,12.9185283,80.0822016,0822016,2025-09-04T23:28:34.559571
TN87F0976,353201358041769,18.0,26.61,329.0,03/09/2025 18:06:14,12.9184383,80.0819566,0819566,2025-09-04T23:28:34.559699
TN87F0976,353201358041769,15.0,26.63,329.0,03/09/2025 18:06:09,12.9183433,80.08174,08174,2025-09-04T23:28:34.559890
TN87F0976,353201358041769,4.0,26.63,327.0,03/09/2025 18:06:05,12.9182783,80.0816266,0816266,2025-09-04T23:28:34.560072
TN87F0976,353201358041769,6.0,26.65,327.0,03/09/2025 18:06:00,12.918255,80.081595,081595,2025-09-04T23:28:34.560241
TN87F0976,353201358041769,14.0,26.67,327.0,03/09/2025 18:05:55,12.9182133,80.0814616,0814616,2025-09-04T23:28:34.560410
TN87F0976,353201358041769,22.0,26.7,327.0,03/09/2025 18:05:50,12.9181216,80.081235,081235,2025-09-04T23:28:34.560591
TN87F0976,353201358041769,16.0,26.71,327.0,03/09/2025 18:05:45,12.918035,80.0810083,0810083,2025-09-04T23:28:34.560785
TN87F0976,353201358041769,15.0,26.73,327.0,03/09/2025 18:05:42,12.9179716,80.0808916,0808916,2025-09-04T23:28:34.560940
TN87F0976,353201358041769,8.0,26.74,327.0,03/09/2025 18:05:37,12.9178649,80.0807833,0807833,2025-09-04T23:28:34.561053
TN87F0976,353201358041769,0.0,26.74,327.0,03/09/2025 18:05:32,12.9178166,80.0807266,0807266,2025-09-04T23:28:34.561164
TN87F0976,353201358041769,4.0,26.75,327.0,03/09/2025 18:05:27,12.917815,80.0807166,0807166,2025-09-04T23:28:34.561309
TN87F0976,353201358041769,14.0,26.78,327.0,03/09/2025 18:05:24,12.9177566,80.0806549,0806549,2025-09-04T23:28:34.561419
TN87F0976,353201358041769,19.0,26.8,327.0,03/09/2025 18:05:19,12.91759,80.0804783,0804783,2025-09-04T23:28:34.561523
TN87F0976,353201358041769,18.0,26.83,327.0,03/09/2025 18:05:14,12.91739,80.080315,080315,2025-09-04T23:28:34.561647
TN87F0976,353201358041769,16.0,26.84,327.0,03/09/2025 18:05:09,12.9172216,80.0801983,0801983,2025-09-04T23:28:34.561804
TN87F0976,353201358041769,16.0,26.85,327.0,03/09/2025 18:05:06,12.9171316,80.080125,080125,2025-09-04T23:28:34.561968
TN87F0976,353201358041769,15.0,26.87,327.0,03/09/2025 18:05:04,12.91708,80.080075,080075,2025-09-04T23:28:34.562105
TN87F0976,353201358041769,14.0,26.89,329.0,03/09/2025 18:04:59,12.9169483,80.0799499,0799499,2025-09-04T23:28:34.562231
TN87F0976,353201358041769,13.0,26.91,329.0,03/09/2025 18:04:54,12.9168216,80.0798066,0798066,2025-09-04T23:28:34.562364
TN87F0976,353201358041769,9.0,26.92,329.0,03/09/2025 18:04:49,12.9167333,80.0796583,0796583,2025-09-04T23:28:34.562496
TN87F0976,353201358041769,11.0,26.94,329.0,03/09/2025 18:04:44,12.9166316,80.0795716,0795716,2025-09-04T23:28:34.562685
TN87F0976,353201358041769,15.0,26.96,329.0,03/09/2025 18:04:39,12.9165116,80.0794833,0794833,2025-09-04T23:28:34.562872
TN87F0976,353201358041769,21.0,26.99,329.0,03/09/2025 18:04:34,12.9163316,80.0793283,0793283,2025-09-04T23:28:34.563075
TN87F0976,353201358041769,31.0,27.04,331.0,03/09/2025 18:04:31,12.9161966,80.0791799,0791799,2025-09-04T23:28:34.563244
TN87F0976,353201358041769,37.0,27.07,331.0,03/09/2025 18:04:26,12.9158733,80.0788216,0788216,2025-09-04T23:28:34.563399
TN87F0976,353201358041769,40.0,27.11,331.0,03/09/2025 18:04:23,12.9156983,80.0785883,0785883,2025-09-04T23:28:34.563577
TN87F0976,353201358041769,39.0,27.13,331.0,03/09/2025 18:04:20,12.915585,80.0782966,0782966,2025-09-04T23:28:34.563756
TN87F0976,353201358041769,36.0,27.18,331.0,03/09/2025 18:04:18,12.9155316,80.0780999,0780999,2025-09-04T23:28:34.563913
TN87F0976,353201358041769,34.0,27.22,331.0,03/09/2025 18:04:13,12.9154949,80.0776399,0776399,2025-09-04T23:28:34.564057
TN87F0976,353201358041769,27.0,27.25,331.0,03/09/2025 18:04:08,12.9155083,80.0772516,0772516,2025-09-04T23:28:34.564194
TN87F0976,353201358041769,18.0,27.28,331.0,03/09/2025 18:04:03,12.9155216,80.0769416,0769416,2025-09-04T23:28:34.564346
TN87F0976,353201358041769,10.0,27.28,331.0,03/09/2025 18:03:58,12.9155349,80.0767216,0767216,2025-09-04T23:28:34.564567
TN87F0976,353201358041769,0.0,27.28,331.0,03/09/2025 18:03:53,12.9155166,80.0766649,0766649,2025-09-04T23:28:34.564881
TN87F0976,353201358041769,0.0,27.28,331.0,03/09/2025 18:03:48,12.9155166,80.0766649,0766649,2025-09-04T23:28:34.565141
TN87F0976,353201358041769,0.0,27.28,331.0,03/09/2025 18:03:43,12.9155166,80.0766649,0766649,2025-09-04T23:28:34.565357
TN87F0976,353201358041769,0.0,27.28,331.0,03/09/2025 18:03:38,12.9155166,80.0766649,0766649,2025-09-04T23:28:34.565582
TN87F0976,353201358041769,9.0,27.3,329.0,03/09/2025 18:03:33,12.915505,80.0766133,0766133,2025-09-04T23:28:34.565787
TN87F0976,353201358041769,17.0,27.35,329.0,03/09/2025 18:03:28,12.9154933,80.0764316,0764316,2025-09-04T23:28:34.566023
TN87F0976,353201358041769,16.0,27.38,329.0,03/09/2025 18:03:23,12.9154883,80.0762049,0762049,2025-09-04T23:28:34.566235
TN87F0976,353201358041769,12.0,27.4,329.0,03/09/2025 18:03:18,12.9155,80.0760166,0760166,2025-09-04T23:28:34.566446
TN87F0976,353201358041769,10.0,27.41,329.0,03/09/2025 18:03:16,12.9155066,80.0759616,0759616,2025-09-04T23:28:34.566628
TN87F0976,353201358041769,8.0,27.42,329.0,03/09/2025 18:03:15,12.915515,80.0759383,0759383,2025-09-04T23:28:34.566832
TN87F0976,353201358041769,11.0,27.43,329.0,03/09/2025 18:03:10,12.9155649,80.0758333,0758333,2025-09-04T23:28:34.567078
TN87F0976,353201358041769,10.0,27.43,326.0,03/09/2025 18:03:08,12.915605,80.0757916,0757916,2025-09-04T23:28:34.567255
TN87F0976,353201358041769,11.0,27.44,326.0,03/09/2025 18:03:06,12.9156433,80.0757516,0757516,2025-09-04T23:28:34.567514
TN87F0976,353201358041769,12.0,27.45,326.0,03/09/2025 18:03:03,12.9157133,80.0757066,0757066,2025-09-04T23:28:34.567696
TN87F0976,353201358041769,14.0,27.47,326.0,03/09/2025 18:03:01,12.9157783,80.0756883,0756883,2025-09-04T23:28:34.567903
TN87F0976,353201358041769,26.0,27.51,326.0,03/09/2025 18:02:58,12.915925,80.075685,075685,2025-09-04T23:28:34.568126
TN87F0976,353201358041769,38.0,27.57,326.0,03/09/2025 18:02:53,12.9163333,80.0757366,0757366,2025-09-04T23:28:34.568325
TN87F0976,353201358041769,35.0,27.62,326.0,03/09/2025 18:02:48,12.916795,80.075895,075895,2025-09-04T23:28:34.568522
TN87F0976,353201358041769,34.0,27.66,321.0,03/09/2025 18:02:43,12.9172066,80.0760283,0760283,2025-09-04T23:28:34.568679
TN87F0976,353201358041769,28.0,27.69,321.0,03/09/2025 18:02:38,12.91759,80.0761483,0761483,2025-09-04T23:28:34.568803
TN87F0976,353201358041769,24.0,27.73,321.0,03/09/2025 18:02:33,12.9178933,80.0762266,0762266,2025-09-04T23:28:34.568952
TN87F0976,353201358041769,21.0,27.76,321.0,03/09/2025 18:02:28,12.91818,80.07632,07632,2025-09-04T23:28:34.569098
TN87F0976,353201358041769,30.0,27.79,321.0,03/09/2025 18:02:23,12.9184616,80.0764016,0764016,2025-09-04T23:28:34.569251
TN87F0976,353201358041769,41.0,27.85,321.0,03/09/2025 18:02:20,12.9187116,80.076465,076465,2025-09-04T23:28:34.569411
TN87F0976,353201358041769,45.0,27.92,321.0,03/09/2025 18:02:15,12.9192416,80.0766116,0766116,2025-09-04T23:28:34.569549
TN87F0976,353201358041769,46.0,27.98,321.0,03/09/2025 18:02:10,12.9198333,80.0768383,0768383,2025-09-04T23:28:34.569708
TN87F0976,353201358041769,45.0,28.04,321.0,03/09/2025 18:02:05,12.92039,80.0769933,0769933,2025-09-04T23:28:34.569896
TN87F0976,353201358041769,42.0,28.1,321.0,03/09/2025 18:02:00,12.9208999,80.0771266,0771266,2025-09-04T23:28:34.570013
TN87F0976,353201358041769,38.0,28.15,321.0,03/09/2025 18:01:55,12.9213966,80.0772816,0772816,2025-09-04T23:28:34.570117
TN87F0976,353201358041769,33.0,28.19,321.0,03/09/2025 18:01:50,12.9218566,80.0773816,0773816,2025-09-04T23:28:34.570236
TN87F0976,353201358041769,27.0,28.23,321.0,03/09/2025 18:01:45,12.92222,80.0774699,0774699,2025-09-04T23:28:34.570377
TN87F0976,353201358041769,25.0,28.26,321.0,03/09/2025 18:01:40,12.9225466,80.0775683,0775683,2025-09-04T23:28:34.570518
TN87F0976,353201358041769,16.0,28.28,323.0,03/09/2025 18:01:35,12.9228,80.0776283,0776283,2025-09-04T23:28:34.570660
TN87F0976,353201358041769,15.0,28.3,323.0,03/09/2025 18:01:30,12.9229833,80.0776766,0776766,2025-09-04T23:28:34.570771
TN87F0976,353201358041769,27.0,28.32,323.0,03/09/2025 18:01:27,12.9231216,80.0777116,0777116,2025-09-04T23:28:34.570955
TN87F0976,353201358041769,40.0,28.39,323.0,03/09/2025 18:01:24,12.9233466,80.0778016,0778016,2025-09-04T23:28:34.571138
TN87F0976,353201358041769,46.0,28.45,323.0,03/09/2025 18:01:19,12.9238616,80.077995,077995,2025-09-04T23:28:34.571256
TN87F0976,353201358041769,41.0,28.51,323.0,03/09/2025 18:01:14,12.9244066,80.0782083,0782083,2025-09-04T23:28:34.571359
TN87F0976,353201358041769,35.0,28.55,325.0,03/09/2025 18:01:09,12.9248733,80.078385,078385,2025-09-04T23:28:34.571468
TN87F0976,353201358041769,37.0,28.6,325.0,03/09/2025 18:01:04,12.9252966,80.0784033,0784033,2025-09-04T23:28:34.571573
TN87F0976,353201358041769,49.0,28.68,325.0,03/09/2025 18:01:00,12.9256916,80.0785616,0785616,2025-09-04T23:28:34.571671
TN87F0976,353201358041769,56.0,28.75,325.0,03/09/2025 18:00:55,12.9263266,80.0788166,0788166,2025-09-04T23:28:34.571814
TN87F0976,353201358041769,56.0,28.83,325.0,03/09/2025 18:00:50,12.9269916,80.0790266,0790266,2025-09-04T23:28:34.571979
TN87F0976,353201358041769,52.0,28.91,325.0,03/09/2025 18:00:45,12.9276616,80.0792516,0792516,2025-09-04T23:28:34.572128
TN87F0976,353201358041769,49.0,28.97,325.0,03/09/2025 18:00:40,12.928285,80.0794799,0794799,2025-09-04T23:28:34.572265
TN87F0976,353201358041769,42.0,29.03,327.0,03/09/2025 18:00:35,12.92883,80.07973,07973,2025-09-04T23:28:34.572394
TN87F0976,353201358041769,35.0,29.08,327.0,03/09/2025 18:00:30,12.9293266,80.0798933,0798933,2025-09-04T23:28:34.572552
TN87F0976,353201358041769,25.0,29.1,327.0,03/09/2025 18:00:25,12.9297366,80.08001,08001,2025-09-04T23:28:34.572715
TN87F0976,353201358041769,15.0,29.12,327.0,03/09/2025 18:00:21,12.929975,80.0800666,0800666,2025-09-04T23:28:34.572892
TN87F0976,353201358041769,7.0,29.12,327.0,03/09/2025 18:00:18,12.9300916,80.0801083,0801083,2025-09-04T23:28:34.573076
TN87F0976,353201358041769,0.0,29.12,327.0,03/09/2025 18:00:15,12.9301333,80.0801216,0801216,2025-09-04T23:28:34.573238
TN87F0976,353201358041769,4.0,29.13,327.0,03/09/2025 18:00:10,12.9301616,80.0801266,0801266,2025-09-04T23:28:34.573373
TN87F0976,353201358041769,0.0,29.13,327.0,03/09/2025 18:00:05,12.9302166,80.08015,08015,2025-09-04T23:28:34.573507
TN87F0976,353201358041769,0.0,29.13,327.0,03/09/2025 18:00:00,12.9302166,80.08015,08015,2025-09-04T23:28:34.573661
TN87F0976,353201358041769,3.0,29.13,327.0,03/09/2025 17:59:55,12.9303066,80.0801666,0801666,2025-09-04T23:28:34.573788
TN87F0976,353201358041769,0.0,29.13,327.0,03/09/2025 17:59:50,12.9303066,80.0801666,0801666,2025-09-04T23:28:34.573937
TN87F0976,353201358041769,0.0,29.13,327.0,03/09/2025 17:59:45,12.9303066,80.0801666,0801666,2025-09-04T23:28:34.574092
TN87F0976,353201358041769,5.0,29.14,327.0,03/09/2025 17:59:40,12.93037,80.0801733,0801733,2025-09-04T23:28:34.574223
TN87F0976,353201358041769,0.0,29.14,327.0,03/09/2025 17:59:35,12.9304266,80.0801983,0801983,2025-09-04T23:28:34.574348
TN87F0976,353201358041769,0.0,29.14,327.0,03/09/2025 17:59:30,12.9304266,80.0801983,0801983,2025-09-04T23:28:34.574501
TN87F0976,353201358041769,6.0,29.18,327.0,03/09/2025 17:59:25,12.930445,80.0802049,0802049,2025-09-04T23:28:34.574671
TN87F0976,353201358041769,18.0,29.19,327.0,03/09/2025 17:59:21,12.9305549,80.0802583,0802583,2025-09-04T23:28:34.574816
TN87F0976,353201358041769,21.0,29.22,327.0,03/09/2025 17:59:16,12.930795,80.0803933,0803933,2025-09-04T23:28:34.574979
TN87F0976,353201358041769,15.0,29.24,327.0,03/09/2025 17:59:11,12.9310133,80.0805266,0805266,2025-09-04T23:28:34.575153
TN87F0976,353201358041769,10.0,29.26,327.0,03/09/2025 17:59:06,12.9311466,80.080615,080615,2025-09-04T23:28:34.575360
TN87F0976,353201358041769,16.0,29.28,327.0,03/09/2025 17:59:01,12.93129,80.0806733,0806733,2025-09-04T23:28:34.575558
TN87F0976,353201358041769,28.0,29.32,327.0,03/09/2025 17:58:57,12.931485,80.0807449,0807449,2025-09-04T23:28:34.575724
TN87F0976,353201358041769,39.0,29.35,327.0,03/09/2025 17:58:53,12.9317999,80.0808433,0808433,2025-09-04T23:28:34.575868
TN87F0976,353201358041769,52.0,29.4,327.0,03/09/2025 17:58:50,12.9321249,80.0809633,0809633,2025-09-04T23:28:34.575984
TN87F0976,353201358041769,68.0,29.5,327.0,03/09/2025 17:58:47,12.9325366,80.0811416,0811416,2025-09-04T23:28:34.576098
TN87F0976,353201358041769,70.0,29.6,327.0,03/09/2025 17:58:42,12.9333633,80.0814366,0814366,2025-09-04T23:28:34.576225
TN87F0976,353201358041769,72.0,29.7,327.0,03/09/2025 17:58:37,12.9341833,80.0817316,0817316,2025-09-04T23:28:34.576360
TN87F0976,353201358041769,72.0,29.8,327.0,03/09/2025 17:58:32,12.9350399,80.0820233,0820233,2025-09-04T23:28:34.576483
TN87F0976,353201358041769,74.0,29.9,327.0,03/09/2025 17:58:27,12.9359166,80.0823416,0823416,2025-09-04T23:28:34.576625
TN87F0976,353201358041769,74.0,30.01,327.0,03/09/2025 17:58:22,12.9367816,80.082665,082665,2025-09-04T23:28:34.576757
TN87F0976,353201358041769,75.0,30.11,327.0,03/09/2025 17:58:17,12.9376733,80.0829983,0829983,2025-09-04T23:28:34.576874
TN87F0976,353201358041769,72.0,30.21,327.0,03/09/2025 17:58:12,12.9385333,80.0833166,0833166,2025-09-04T23:28:34.577004
TN87F0976,353201358041769,68.0,30.31,327.0,03/09/2025 17:58:07,12.9393766,80.0836333,0836333,2025-09-04T23:28:34.577150
TN87F0976,353201358041769,66.0,30.4,328.0,03/09/2025 17:58:02,12.940185,80.0839466,0839466,2025-09-04T23:28:34.577276
TN87F0976,353201358041769,63.0,30.48,328.0,03/09/2025 17:57:57,12.9409483,80.0842516,0842516,2025-09-04T23:28:34.577400
TN87F0976,353201358041769,63.0,30.57,328.0,03/09/2025 17:57:52,12.9416866,80.0844999,0844999,2025-09-04T23:28:34.577541
TN87F0976,353201358041769,66.0,30.67,328.0,03/09/2025 17:57:47,12.9424283,80.084755,084755,2025-09-04T23:28:34.577714
TN87F0976,353201358041769,69.0,30.88,328.0,03/09/2025 17:57:42,12.9432116,80.085085,085085,2025-09-04T23:28:34.577900
TN87F0976,353201358041769,70.0,31.1,328.0,03/09/2025 17:57:37,12.94407,80.08539,08539,2025-09-04T23:28:34.578165
TN87F0976,353201358041769,70.0,31.22,328.0,03/09/2025 17:57:31,12.94506,80.085785,085785,2025-09-04T23:28:34.578405
TN87F0976,353201358041769,70.0,31.32,328.0,03/09/2025 17:57:26,12.9458933,80.08609,08609,2025-09-04T23:28:34.578615
TN87F0976,353201358041769,71.0,31.42,328.0,03/09/2025 17:57:21,12.9467333,80.0863966,0863966,2025-09-04T23:28:34.578812
TN87F0976,353201358041769,71.0,31.51,328.0,03/09/2025 17:57:16,12.947545,80.0867316,0867316,2025-09-04T23:28:34.579031
TN87F0976,353201358041769,70.0,31.61,328.0,03/09/2025 17:57:11,12.9483666,80.0870683,0870683,2025-09-04T23:28:34.579245
TN87F0976,353201358041769,71.0,31.71,328.0,03/09/2025 17:57:06,12.9492033,80.0874033,0874033,2025-09-04T23:28:34.579428
TN87F0976,353201358041769,71.0,31.81,328.0,03/09/2025 17:57:01,12.9500583,80.08768,08768,2025-09-04T23:28:34.579602
TN87F0976,353201358041769,71.0,32.01,328.0,03/09/2025 17:56:56,12.9509233,80.0879933,0879933,2025-09-04T23:28:34.579727
TN87F0976,353201358041769,70.0,32.21,328.0,03/09/2025 17:56:51,12.951765,80.0883066,0883066,2025-09-04T23:28:34.579889
TN87F0976,353201358041769,70.0,32.31,328.0,03/09/2025 17:56:46,12.952605,80.0886333,0886333,2025-09-04T23:28:34.580031
TN87F0976,353201358041769,70.0,32.41,328.0,03/09/2025 17:56:41,12.9534333,80.088935,088935,2025-09-04T23:28:34.580188
TN87F0976,353201358041769,72.0,32.51,328.0,03/09/2025 17:56:36,12.9542266,80.089255,089255,2025-09-04T23:28:34.580331
TN87F0976,353201358041769,72.0,32.61,328.0,03/09/2025 17:56:31,12.9550899,80.08957,08957,2025-09-04T23:28:34.580442
TN87F0976,353201358041769,72.0,32.71,328.0,03/09/2025 17:56:26,12.95595,80.0898933,0898933,2025-09-04T23:28:34.580562
TN87F0976,353201358041769,73.0,32.81,328.0,03/09/2025 17:56:21,12.9568266,80.0902033,0902033,2025-09-04T23:28:34.580690
TN87F0976,353201358041769,72.0,32.91,328.0,03/09/2025 17:56:16,12.9576966,80.0904316,0904316,2025-09-04T23:28:34.580826
TN87F0976,353201358041769,72.0,33.01,328.0,03/09/2025 17:56:11,12.9585916,80.0905183,0905183,2025-09-04T23:28:34.580973
TN87F0976,353201358041769,72.0,33.12,328.0,03/09/2025 17:56:06,12.9595166,80.0905016,0905016,2025-09-04T23:28:34.581132
TN87F0976,353201358041769,70.0,33.21,328.0,03/09/2025 17:56:01,12.96042,80.0904733,0904733,2025-09-04T23:28:34.581283
TN87F0976,353201358041769,71.0,33.31,328.0,03/09/2025 17:55:56,12.9613,80.0904383,0904383,2025-09-04T23:28:34.581401
TN87F0976,353201358041769,73.0,33.42,328.0,03/09/2025 17:55:51,12.9621866,80.0903933,0903933,2025-09-04T23:28:34.581548
TN87F0976,353201358041769,77.0,33.53,328.0,03/09/2025 17:55:46,12.9631283,80.0903633,0903633,2025-09-04T23:28:34.581697
TN87F0976,353201358041769,78.0,33.63,328.0,03/09/2025 17:55:41,12.9641083,80.0903333,0903333,2025-09-04T23:28:34.581831
TN87F0976,353201358041769,73.0,33.73,328.0,03/09/2025 17:55:36,12.9650616,80.09028,09028,2025-09-04T23:28:34.582017
TN87F0976,353201358041769,71.0,33.83,328.0,03/09/2025 17:55:31,12.9659816,80.0902533,0902533,2025-09-04T23:28:34.582184
TN87F0976,353201358041769,72.0,33.93,328.0,03/09/2025 17:55:26,12.966865,80.090225,090225,2025-09-04T23:28:34.582313
TN87F0976,353201358041769,73.0,34.04,328.0,03/09/2025 17:55:21,12.96778,80.0901833,0901833,2025-09-04T23:28:34.582501
TN87F0976,353201358041769,74.0,34.14,328.0,03/09/2025 17:55:16,12.9686983,80.0901516,0901516,2025-09-04T23:28:34.582682
TN87F0976,353201358041769,75.0,34.25,328.0,03/09/2025 17:55:11,12.9696316,80.0901033,0901033,2025-09-04T23:28:34.582874
TN87F0976,353201358041769,75.0,34.36,328.0,03/09/2025 17:55:06,12.9705916,80.090085,090085,2025-09-04T23:28:34.583079
TN87F0976,353201358041769,75.0,34.46,327.0,03/09/2025 17:55:01,12.97157,80.090075,090075,2025-09-04T23:28:34.583246
TN87F0976,353201358041769,74.0,34.56,327.0,03/09/2025 17:54:56,12.9724983,80.0900666,0900666,2025-09-04T23:28:34.583406
TN87F0976,353201358041769,70.0,34.66,327.0,03/09/2025 17:54:51,12.9734116,80.0900116,0900116,2025-09-04T23:28:34.583595
TN87F0976,353201358041769,67.0,34.75,327.0,03/09/2025 17:54:46,12.974295,80.0900016,0900016,2025-09-04T23:28:34.583769
TN87F0976,353201358041769,66.0,34.84,327.0,03/09/2025 17:54:41,12.9751483,80.09001,09001,2025-09-04T23:28:34.583925
TN87F0976,353201358041769,66.0,34.94,327.0,03/09/2025 17:54:36,12.9759699,80.089985,089985,2025-09-04T23:28:34.584067
TN87F0976,353201358041769,66.0,35.03,327.0,03/09/2025 17:54:31,12.9768033,80.089975,089975,2025-09-04T23:28:34.584231
TN87F0976,353201358041769,67.0,35.12,327.0,03/09/2025 17:54:26,12.9776183,80.0899416,0899416,2025-09-04T23:28:34.584405
TN87F0976,353201358041769,69.0,35.22,327.0,03/09/2025 17:54:21,12.9784683,80.0899116,0899116,2025-09-04T23:28:34.584519
TN87F0976,353201358041769,72.0,35.32,327.0,03/09/2025 17:54:16,12.979345,80.0898799,0898799,2025-09-04T23:28:34.584625
TN87F0976,353201358041769,72.0,35.42,327.0,03/09/2025 17:54:11,12.98025,80.0898349,0898349,2025-09-04T23:28:34.584745
TN87F0976,353201358041769,70.0,35.52,327.0,03/09/2025 17:54:06,12.9811466,80.0898183,0898183,2025-09-04T23:28:34.584888
TN87F0976,353201358041769,68.0,35.62,327.0,03/09/2025 17:54:01,12.9820433,80.0897999,0897999,2025-09-04T23:28:34.585017
TN87F0976,353201358041769,69.0,35.71,327.0,03/09/2025 17:53:56,12.9829133,80.0897366,0897366,2025-09-04T23:28:34.585183
TN87F0976,353201358041769,72.0,35.82,327.0,03/09/2025 17:53:51,12.98378,80.0896783,0896783,2025-09-04T23:28:34.585316
TN87F0976,353201358041769,71.0,35.91,327.0,03/09/2025 17:53:46,12.9846983,80.0896383,0896383,2025-09-04T23:28:34.585442
TN87F0976,353201358041769,70.0,36.01,327.0,03/09/2025 17:53:41,12.9855899,80.0895983,0895983,2025-09-04T23:28:34.585559
TN87F0976,353201358041769,71.0,36.11,327.0,03/09/2025 17:53:36,12.9864833,80.0895183,0895183,2025-09-04T23:28:34.585683
TN87F0976,353201358041769,70.0,36.21,328.0,03/09/2025 17:53:31,12.9873416,80.0894516,0894516,2025-09-04T23:28:34.585806
TN87F0976,353201358041769,69.0,36.31,328.0,03/09/2025 17:53:26,12.9882466,80.0894216,0894216,2025-09-04T23:28:34.585943
TN87F0976,353201358041769,69.0,36.41,328.0,03/09/2025 17:53:21,12.989155,80.089395,089395,2025-09-04T23:28:34.586115
TN87F0976,353201358041769,72.0,36.51,329.0,03/09/2025 17:53:16,12.9900283,80.089305,089305,2025-09-04T23:28:34.586283
TN87F0976,353201358041769,74.0,36.62,329.0,03/09/2025 17:53:11,12.9909233,80.0891133,0891133,2025-09-04T23:28:34.586432
TN87F0976,353201358041769,75.0,36.72,329.0,03/09/2025 17:53:06,12.9918516,80.0887933,0887933,2025-09-04T23:28:34.586576
TN87F0976,353201358041769,72.0,36.82,329.0,03/09/2025 17:53:01,12.9927033,80.0884683,0884683,2025-09-04T23:28:34.586712
TN87F0976,353201358041769,71.0,36.92,329.0,03/09/2025 17:52:56,12.9935149,80.088125,088125,2025-09-04T23:28:34.586830
TN87F0976,353201358041769,67.0,37.01,329.0,03/09/2025 17:52:51,12.9943766,80.0878483,0878483,2025-09-04T23:28:34.587060
TN87F0976,353201358041769,64.0,37.1,329.0,03/09/2025 17:52:46,12.9952016,80.0876683,0876683,2025-09-04T23:28:34.587240
TN87F0976,353201358041769,61.0,37.19,329.0,03/09/2025 17:52:41,12.9960083,80.0875916,0875916,2025-09-04T23:28:34.587401
TN87F0976,353201358041769,61.0,37.27,329.0,03/09/2025 17:52:36,12.9967816,80.0876316,0876316,2025-09-04T23:28:34.587567
TN87F0976,353201358041769,62.0,37.36,329.0,03/09/2025 17:52:31,12.9975349,80.0877216,0877216,2025-09-04T23:28:34.587725
TN87F0976,353201358041769,60.0,37.44,329.0,03/09/2025 17:52:26,12.9982666,80.0879216,0879216,2025-09-04T23:28:34.587945
TN87F0976,353201358041769,57.0,37.52,329.0,03/09/2025 17:52:21,12.9989633,80.0881749,0881749,2025-09-04T23:28:34.588128
TN87F0976,353201358041769,52.0,37.59,329.0,03/09/2025 17:52:16,12.9996216,80.0884566,0884566,2025-09-04T23:28:34.588280
TN87F0976,353201358041769,53.0,37.68,331.0,03/09/2025 17:52:11,13.000265,80.0886999,0886999,2025-09-04T23:28:34.588395
TN87F0976,353201358041769,61.0,37.76,331.0,03/09/2025 17:52:06,13.0009583,80.08897,08897,2025-09-04T23:28:34.588530
TN87F0976,353201358041769,62.0,37.85,331.0,03/09/2025 17:52:01,13.00167,80.0892266,0892266,2025-09-04T23:28:34.588652
TN87F0976,353201358041769,65.0,38.04,331.0,03/09/2025 17:51:56,13.0024083,80.0894966,0894966,2025-09-04T23:28:34.588775
TN87F0976,353201358041769,67.0,38.22,331.0,03/09/2025 17:51:51,13.0031866,80.089795,089795,2025-09-04T23:28:34.588890
TN87F0976,353201358041769,66.0,38.32,331.0,03/09/2025 17:51:46,13.00398,80.0901383,0901383,2025-09-04T23:28:34.589016
TN87F0976,353201358041769,63.0,38.41,331.0,03/09/2025 17:51:41,13.0047466,80.0904433,0904433,2025-09-04T23:28:34.589144
TN87F0976,353201358041769,66.0,38.51,331.0,03/09/2025 17:51:36,13.0055216,80.090755,090755,2025-09-04T23:28:34.589297
TN87F0976,353201358041769,67.0,38.6,336.0,03/09/2025 17:51:31,13.0063333,80.0910283,0910283,2025-09-04T23:28:34.589436
TN87F0976,353201358041769,69.0,38.7,336.0,03/09/2025 17:51:26,13.0071116,80.0913283,0913283,2025-09-04T23:28:34.589556
TN87F0976,353201358041769,71.0,38.8,336.0,03/09/2025 17:51:21,13.0079183,80.09167,09167,2025-09-04T23:28:34.589664
TN87F0976,353201358041769,75.0,38.9,336.0,03/09/2025 17:51:16,13.0087833,80.0919866,0919866,2025-09-04T23:28:34.589783
TN87F0976,353201358041769,75.0,39.0,336.0,03/09/2025 17:51:11,13.009675,80.0923066,0923066,2025-09-04T23:28:34.589904
TN87F0976,353201358041769,71.0,39.1,336.0,03/09/2025 17:51:06,13.0105366,80.0926266,0926266,2025-09-04T23:28:34.590022
TN87F0976,353201358041769,68.0,39.2,339.0,03/09/2025 17:51:01,13.0113883,80.0929516,0929516,2025-09-04T23:28:34.590164
TN87F0976,353201358041769,68.0,39.29,339.0,03/09/2025 17:50:56,13.0121633,80.0932666,0932666,2025-09-04T23:28:34.590292
TN87F0976,353201358041769,69.0,39.39,339.0,03/09/2025 17:50:51,13.0129583,80.0935633,0935633,2025-09-04T23:28:34.590407
TN87F0976,353201358041769,68.0,39.48,339.0,03/09/2025 17:50:46,13.013785,80.09391,09391,2025-09-04T23:28:34.590530
TN87F0976,353201358041769,66.0,39.77,339.0,03/09/2025 17:50:41,13.014555,80.0942483,0942483,2025-09-04T23:28:34.590653
TN87F0976,353201358041769,67.0,40.03,339.0,03/09/2025 17:50:36,13.0153483,80.0945566,0945566,2025-09-04T23:28:34.590803
TN87F0976,353201358041769,66.0,40.13,345.0,03/09/2025 17:50:31,13.0161616,80.0948733,0948733,2025-09-04T23:28:34.590933
TN87F0976,353201358041769,66.0,40.22,345.0,03/09/2025 17:50:26,13.0169933,80.0950033,0950033,2025-09-04T23:28:34.591071
TN87F0976,353201358041769,65.0,40.29,345.0,03/09/2025 17:50:22,13.0176716,80.09498,09498,2025-09-04T23:28:34.591178
TN87F0976,353201358041769,62.0,40.38,345.0,03/09/2025 17:50:18,13.0183,80.09481,09481,2025-09-04T23:28:34.591395
TN87F0976,353201358041769,58.0,40.46,345.0,03/09/2025 17:50:13,13.0190133,80.0945349,0945349,2025-09-04T23:28:34.591614
TN87F0976,353201358041769,57.0,40.54,345.0,03/09/2025 17:50:08,13.0197016,80.0942816,0942816,2025-09-04T23:28:34.591780
TN87F0976,353201358041769,61.0,40.63,345.0,03/09/2025 17:50:03,13.0204066,80.0940483,0940483,2025-09-04T23:28:34.591984
TN87F0976,353201358041769,65.0,40.72,347.0,03/09/2025 17:49:58,13.0211533,80.0937433,0937433,2025-09-04T23:28:34.592189
TN87F0976,353201358041769,70.0,40.93,347.0,03/09/2025 17:49:53,13.0219083,80.0934266,0934266,2025-09-04T23:28:34.592405
TN87F0976,353201358041769,74.0,41.14,347.0,03/09/2025 17:49:48,13.0227583,80.0930983,0930983,2025-09-04T23:28:34.592616
TN87F0976,353201358041769,76.0,41.24,347.0,03/09/2025 17:49:43,13.0236483,80.0927833,0927833,2025-09-04T23:28:34.592816
TN87F0976,353201358041769,75.0,41.35,347.0,03/09/2025 17:49:38,13.024555,80.0924383,0924383,2025-09-04T23:28:34.593026
TN87F0976,353201358041769,77.0,41.46,346.0,03/09/2025 17:49:33,13.0254466,80.092095,092095,2025-09-04T23:28:34.593213
TN87F0976,353201358041769,77.0,41.56,346.0,03/09/2025 17:49:28,13.0263616,80.0917266,0917266,2025-09-04T23:28:34.593410
TN87F0976,353201358041769,78.0,41.67,346.0,03/09/2025 17:49:23,13.0272549,80.0913733,0913733,2025-09-04T23:28:34.593584
TN87F0976,353201358041769,78.0,41.78,346.0,03/09/2025 17:49:18,13.0281666,80.0910183,0910183,2025-09-04T23:28:34.593752
TN87F0976,353201358041769,75.0,41.89,346.0,03/09/2025 17:49:13,13.02908,80.0906933,0906933,2025-09-04T23:28:34.593911
TN87F0976,353201358041769,74.0,41.99,346.0,03/09/2025 17:49:08,13.02999,80.0903716,0903716,2025-09-04T23:28:34.594062
TN87F0976,353201358041769,75.0,42.1,344.0,03/09/2025 17:49:03,13.0308766,80.0900283,0900283,2025-09-04T23:28:34.594218
TN87F0976,353201358041769,76.0,42.21,344.0,03/09/2025 17:48:58,13.0317683,80.08972,08972,2025-09-04T23:28:34.594371
TN87F0976,353201358041769,78.0,42.42,344.0,03/09/2025 17:48:53,13.0327116,80.0893699,0893699,2025-09-04T23:28:34.594484
TN87F0976,353201358041769,76.0,42.62,344.0,03/09/2025 17:48:48,13.0336116,80.0890216,0890216,2025-09-04T23:28:34.594582
TN87F0976,353201358041769,73.0,42.73,344.0,03/09/2025 17:48:43,13.0345033,80.0887083,0887083,2025-09-04T23:28:34.594722
TN87F0976,353201358041769,69.0,42.82,344.0,03/09/2025 17:48:38,13.03534,80.0883816,0883816,2025-09-04T23:28:34.594845
TN87F0976,353201358041769,69.0,42.92,344.0,03/09/2025 17:48:33,13.036165,80.0881183,0881183,2025-09-04T23:28:34.594973
TN87F0976,353201358041769,69.0,43.02,344.0,03/09/2025 17:48:28,13.0370216,80.0878466,0878466,2025-09-04T23:28:34.595097
TN87F0976,353201358041769,73.0,43.13,344.0,03/09/2025 17:48:23,13.0378666,80.0875516,0875516,2025-09-04T23:28:34.595217
TN87F0976,353201358041769,76.0,43.23,344.0,03/09/2025 17:48:18,13.0387449,80.0872533,0872533,2025-09-04T23:28:34.595347
TN87F0976,353201358041769,76.0,43.34,344.0,03/09/2025 17:48:13,13.0396683,80.0869566,0869566,2025-09-04T23:28:34.595484
TN87F0976,353201358041769,74.0,43.44,344.0,03/09/2025 17:48:08,13.0405716,80.0866616,0866616,2025-09-04T23:28:34.595622
TN87F0976,353201358041769,74.0,43.55,342.0,03/09/2025 17:48:03,13.04147,80.0864166,0864166,2025-09-04T23:28:34.595814
TN87F0976,353201358041769,74.0,43.65,342.0,03/09/2025 17:47:58,13.0424,80.0861766,0861766,2025-09-04T23:28:34.595968
TN87F0976,353201358041769,76.0,43.76,342.0,03/09/2025 17:47:53,13.0433033,80.0859433,0859433,2025-09-04T23:28:34.596099
TN87F0976,353201358041769,75.0,43.86,342.0,03/09/2025 17:47:48,13.0442333,80.0856566,0856566,2025-09-04T23:28:34.596226
TN87F0976,353201358041769,71.0,43.96,342.0,03/09/2025 17:47:43,13.0451116,80.0853166,0853166,2025-09-04T23:28:34.596345
TN87F0976,353201358041769,66.0,44.05,342.0,03/09/2025 17:47:38,13.0459299,80.0850133,0850133,2025-09-04T23:28:34.596479
TN87F0976,353201358041769,60.0,44.13,342.0,03/09/2025 17:47:33,13.0466966,80.084735,084735,2025-09-04T23:28:34.596599
TN87F0976,353201358041769,53.0,44.2,336.0,03/09/2025 17:47:28,13.0473883,80.0844766,0844766,2025-09-04T23:28:34.596726
TN87F0976,353201358041769,46.0,44.32,336.0,03/09/2025 17:47:23,13.0479833,80.0842633,0842633,2025-09-04T23:28:34.596859
TN87F0976,353201358041769,39.0,44.41,336.0,03/09/2025 17:47:18,13.0484933,80.0840516,0840516,2025-09-04T23:28:34.596995
TN87F0976,353201358041769,32.0,44.46,336.0,03/09/2025 17:47:13,13.0489316,80.08389,08389,2025-09-04T23:28:34.597099
TN87F0976,353201358041769,29.0,44.48,336.0,03/09/2025 17:47:08,13.0493083,80.0837983,0837983,2025-09-04T23:28:34.597245
TN87F0976,353201358041769,33.0,44.5,336.0,03/09/2025 17:47:06,13.0494666,80.08377,08377,2025-09-04T23:28:34.597369
TN87F0976,353201358041769,32.0,44.53,336.0,03/09/2025 17:47:04,13.0496383,80.083795,083795,2025-09-04T23:28:34.597502
TN87F0976,353201358041769,30.0,44.57,336.0,03/09/2025 17:47:02,13.04979,80.0838566,0838566,2025-09-04T23:28:34.597676
TN87F0976,353201358041769,29.0,44.59,332.0,03/09/2025 17:47:00,13.04992,80.0839449,0839449,2025-09-04T23:28:34.597824
TN87F0976,353201358041769,28.0,44.6,332.0,03/09/2025 17:46:58,13.050025,80.0840549,0840549,2025-09-04T23:28:34.598046
TN87F0976,353201358041769,26.0,44.62,332.0,03/09/2025 17:46:56,13.0501,80.0841783,0841783,2025-09-04T23:28:34.598221
TN87F0976,353201358041769,24.0,44.63,332.0,03/09/2025 17:46:54,13.0501466,80.0843,0843,2025-09-04T23:28:34.598393
TN87F0976,353201358041769,21.0,44.65,332.0,03/09/2025 17:46:52,13.05016,80.0844216,0844216,2025-09-04T23:28:34.598521
TN87F0976,353201358041769,20.0,44.66,332.0,03/09/2025 17:46:49,13.0501433,80.0845833,0845833,2025-09-04T23:28:34.598653
TN87F0976,353201358041769,20.0,44.68,332.0,03/09/2025 17:46:46,13.0500833,80.0847333,0847333,2025-09-04T23:28:34.598821
TN87F0976,353201358041769,15.0,44.69,332.0,03/09/2025 17:46:43,13.0500033,80.08486,08486,2025-09-04T23:28:34.598977
TN87F0976,353201358041769,15.0,44.71,332.0,03/09/2025 17:46:40,13.04992,80.0849533,0849533,2025-09-04T23:28:34.599120
TN87F0976,353201358041769,13.0,44.72,329.0,03/09/2025 17:46:36,13.0497983,80.0850366,0850366,2025-09-04T23:28:34.599254
TN87F0976,353201358041769,16.0,44.74,329.0,03/09/2025 17:46:34,13.0497266,80.0850699,0850699,2025-09-04T23:28:34.599396
TN87F0976,353201358041769,15.0,44.75,329.0,03/09/2025 17:46:30,13.0495683,80.0850999,0850999,2025-09-04T23:28:34.599528
TN87F0976,353201358041769,17.0,44.77,329.0,03/09/2025 17:46:27,13.0494383,80.0851016,0851016,2025-09-04T23:28:34.599632
TN87F0976,353201358041769,18.0,44.78,329.0,03/09/2025 17:46:24,13.0492966,80.0850783,0850783,2025-09-04T23:28:34.599738
TN87F0976,353201358041769,17.0,44.8,329.0,03/09/2025 17:46:22,13.0492033,80.085045,085045,2025-09-04T23:28:34.599839
TN87F0976,353201358041769,16.0,44.82,329.0,03/09/2025 17:46:18,13.0490533,80.0849483,0849483,2025-09-04T23:28:34.599964
TN87F0976,353201358041769,15.0,44.84,329.0,03/09/2025 17:46:13,13.0489116,80.0848149,0848149,2025-09-04T23:28:34.600102
TN87F0976,353201358041769,21.0,44.87,329.0,03/09/2025 17:46:08,13.0488199,80.08468,08468,2025-09-04T23:28:34.600222
TN87F0976,353201358041769,31.0,44.92,329.0,03/09/2025 17:46:03,13.0486916,80.0843733,0843733,2025-09-04T23:28:34.600383
TN87F0976,353201358041769,26.0,44.95,330.0,03/09/2025 17:45:58,13.0485533,80.0839783,0839783,2025-09-04T23:28:34.600520
TN87F0976,353201358041769,22.0,44.98,330.0,03/09/2025 17:45:53,13.0484283,80.0836983,0836983,2025-09-04T23:28:34.600657
TN87F0976,353201358041769,26.0,45.13,330.0,03/09/2025 17:45:48,13.0483166,80.0834583,0834583,2025-09-04T23:28:34.600781
TN87F0976,353201358041769,37.0,45.27,330.0,03/09/2025 17:45:43,13.0481433,80.0830583,0830583,2025-09-04T23:28:34.600912
TN87F0976,353201358041769,37.0,45.33,330.0,03/09/2025 17:45:38,13.0479783,80.0826,0826,2025-09-04T23:28:34.601061
TN87F0976,353201358041769,32.0,45.38,330.0,03/09/2025 17:45:33,13.0477983,80.0821783,0821783,2025-09-04T23:28:34.601196
TN87F0976,353201358041769,22.0,45.41,330.0,03/09/2025 17:45:28,13.0476966,80.0818233,0818233,2025-09-04T23:28:34.601339
TN87F0976,353201358041769,14.0,45.43,330.0,03/09/2025 17:45:23,13.04764,80.08157,08157,2025-09-04T23:28:34.601480
TN87F0976,353201358041769,16.0,45.45,330.0,03/09/2025 17:45:18,13.0475966,80.0813549,0813549,2025-09-04T23:28:34.601615
TN87F0976,353201358041769,11.0,45.47,330.0,03/09/2025 17:45:13,13.0475516,80.0811866,0811866,2025-09-04T23:28:34.601731
TN87F0976,353201358041769,16.0,45.49,330.0,03/09/2025 17:45:08,13.0474933,80.0809983,0809983,2025-09-04T23:28:34.601884
TN87F0976,353201358041769,14.0,45.51,330.0,03/09/2025 17:45:03,13.04744,80.0808,0808,2025-09-04T23:28:34.602042
TN87F0976,353201358041769,16.0,45.53,330.0,03/09/2025 17:44:58,13.0473966,80.0806116,0806116,2025-09-04T23:28:34.602205
TN87F0976,353201358041769,8.0,45.55,330.0,03/09/2025 17:44:53,13.0473566,80.0804466,0804466,2025-09-04T23:28:34.602347
TN87F0976,353201358041769,12.0,45.57,330.0,03/09/2025 17:44:48,13.0473216,80.0802933,0802933,2025-09-04T23:28:34.602448
TN87F0976,353201358041769,8.0,45.57,330.0,03/09/2025 17:44:43,13.04728,80.0801483,0801483,2025-09-04T23:28:34.602608
TN87F0976,353201358041769,4.0,45.58,330.0,03/09/2025 17:44:38,13.0472616,80.0800833,0800833,2025-09-04T23:28:34.602749
TN87F0976,353201358041769,5.0,45.59,330.0,03/09/2025 17:44:33,13.0472399,80.0800183,0800183,2025-09-04T23:28:34.602938
TN87F0976,353201358041769,6.0,45.6,330.0,03/09/2025 17:44:28,13.0472133,80.079935,079935,2025-09-04T23:28:34.603153
TN87F0976,353201358041769,4.0,45.61,330.0,03/09/2025 17:44:23,13.0472016,80.0798566,0798566,2025-09-04T23:28:34.603350
TN87F0976,353201358041769,6.0,45.61,330.0,03/09/2025 17:44:18,13.0472,80.0797716,0797716,2025-09-04T23:28:34.603522
TN87F0976,353201358041769,7.0,45.62,330.0,03/09/2025 17:44:17,13.0472016,80.0797499,0797499,2025-09-04T23:28:34.603694
TN87F0976,353201358041769,12.0,45.65,330.0,03/09/2025 17:44:12,13.0471833,80.07962,07962,2025-09-04T23:28:34.603879
TN87F0976,353201358041769,16.0,45.66,329.0,03/09/2025 17:44:07,13.0471483,80.079425,079425,2025-09-04T23:28:34.604020
TN87F0976,353201358041769,12.0,45.68,329.0,03/09/2025 17:44:02,13.0471166,80.0792533,0792533,2025-09-04T23:28:34.604178
TN87F0976,353201358041769,9.0,45.69,329.0,03/09/2025 17:43:57,13.0471166,80.0791033,0791033,2025-09-04T23:28:34.604319
TN87F0976,353201358041769,10.0,45.7,329.0,03/09/2025 17:43:54,13.0471033,80.079025,079025,2025-09-04T23:28:34.604487
TN87F0976,353201358041769,10.0,45.71,329.0,03/09/2025 17:43:50,13.0470899,80.0789266,0789266,2025-09-04T23:28:34.604791
TN87F0976,353201358041769,0.0,45.71,329.0,03/09/2025 17:43:46,13.047085,80.0788366,0788366,2025-09-04T23:28:34.605037
TN87F0976,353201358041769,0.0,45.71,329.0,03/09/2025 17:43:41,13.047085,80.0788366,0788366,2025-09-04T23:28:34.605253
TN87F0976,353201358041769,0.0,45.71,329.0,03/09/2025 17:43:36,13.047085,80.0788366,0788366,2025-09-04T23:28:34.605476
TN87F0976,353201358041769,0.0,45.71,327.0,03/09/2025 17:43:31,13.047085,80.0788366,0788366,2025-09-04T23:28:34.605685
TN87F0976,353201358041769,0.0,45.71,327.0,03/09/2025 17:43:26,13.047085,80.0788366,0788366,2025-09-04T23:28:34.605869
TN87F0976,353201358041769,0.0,45.71,327.0,03/09/2025 17:43:21,13.047085,80.0788366,0788366,2025-09-04T23:28:34.606077
TN87F0976,353201358041769,0.0,45.71,327.0,03/09/2025 17:43:16,13.047085,80.0788366,0788366,2025-09-04T23:28:34.606277
TN87F0976,353201358041769,0.0,45.71,327.0,03/09/2025 17:43:11,13.047085,80.0788366,0788366,2025-09-04T23:28:34.606415
TN87F0976,353201358041769,0.0,45.71,327.0,03/09/2025 17:43:06,13.047085,80.0788366,0788366,2025-09-04T23:28:34.606560
TN87F0976,353201358041769,0.0,45.71,327.0,03/09/2025 17:43:01,13.047085,80.0788366,0788366,2025-09-04T23:28:34.606720
TN87F0976,353201358041769,0.0,45.71,327.0,03/09/2025 17:42:56,13.047085,80.0788366,0788366,2025-09-04T23:28:34.606852
TN87F0976,353201358041769,3.0,45.72,327.0,03/09/2025 17:42:51,13.047085,80.0788233,0788233,2025-09-04T23:28:34.607009
TN87F0976,353201358041769,4.0,45.73,327.0,03/09/2025 17:42:46,13.0470783,80.0787616,0787616,2025-09-04T23:28:34.607155
TN87F0976,353201358041769,8.0,45.75,327.0,03/09/2025 17:42:41,13.0470733,80.0786883,0786883,2025-09-04T23:28:34.607299
TN87F0976,353201358041769,12.0,45.77,329.0,03/09/2025 17:42:36,13.0470683,80.0785383,0785383,2025-09-04T23:28:34.607468
TN87F0976,353201358041769,14.0,45.79,329.0,03/09/2025 17:42:31,13.0470533,80.0783283,0783283,2025-09-04T23:28:34.607639
TN87F0976,353201358041769,13.0,45.81,329.0,03/09/2025 17:42:26,13.0470433,80.07816,07816,2025-09-04T23:28:34.607810
TN87F0976,353201358041769,8.0,45.82,329.0,03/09/2025 17:42:21,13.047035,80.0780166,0780166,2025-09-04T23:28:34.607984
TN87F0976,353201358041769,7.0,45.83,329.0,03/09/2025 17:42:16,13.047035,80.0779116,0779116,2025-09-04T23:28:34.608159
TN87F0976,353201358041769,14.0,45.85,329.0,03/09/2025 17:42:11,13.047035,80.07776,07776,2025-09-04T23:28:34.608341
TN87F0976,353201358041769,14.0,45.87,329.0,03/09/2025 17:42:06,13.0470233,80.0775666,0775666,2025-09-04T23:28:34.608520
TN87F0976,353201358041769,9.0,45.88,333.0,03/09/2025 17:42:01,13.0470183,80.0774149,0774149,2025-09-04T23:28:34.608726
TN87F0976,353201358041769,0.0,45.88,333.0,03/09/2025 17:41:56,13.04702,80.0773366,0773366,2025-09-04T23:28:34.608896
TN87F0976,353201358041769,5.0,45.89,333.0,03/09/2025 17:41:51,13.0470166,80.07728,07728,2025-09-04T23:28:34.609081
TN87F0976,353201358041769,16.0,45.91,333.0,03/09/2025 17:41:47,13.0470116,80.07717,07717,2025-09-04T23:28:34.609253
TN87F0976,353201358041769,27.0,45.95,333.0,03/09/2025 17:41:43,13.0470116,80.0769416,0769416,2025-09-04T23:28:34.609465
TN87F0976,353201358041769,19.0,45.97,333.0,03/09/2025 17:41:38,13.0470016,80.0766266,0766266,2025-09-04T23:28:34.609641
TN87F0976,353201358041769,10.0,45.98,333.0,03/09/2025 17:41:33,13.0470066,80.0764166,0764166,2025-09-04T23:28:34.609820
TN87F0976,353201358041769,0.0,45.98,334.0,03/09/2025 17:41:28,13.0470116,80.0763066,0763066,2025-09-04T23:28:34.609970
TN87F0976,353201358041769,0.0,45.98,334.0,03/09/2025 17:41:23,13.0470116,80.0763066,0763066,2025-09-04T23:28:34.610097
TN87F0976,353201358041769,0.0,45.98,334.0,03/09/2025 17:41:18,13.0470116,80.0763066,0763066,2025-09-04T23:28:34.610230
TN87F0976,353201358041769,0.0,45.98,334.0,03/09/2025 17:41:13,13.0470116,80.0763066,0763066,2025-09-04T23:28:34.610369
TN87F0976,353201358041769,0.0,45.98,334.0,03/09/2025 17:41:08,13.0470116,80.0763066,0763066,2025-09-04T23:28:34.610475
TN87F0976,353201358041769,0.0,45.98,335.0,03/09/2025 17:41:03,13.0470133,80.0762899,0762899,2025-09-04T23:28:34.610589
TN87F0976,353201358041769,0.0,45.98,335.0,03/09/2025 17:40:58,13.0469816,80.07622,07622,2025-09-04T23:28:34.610715
TN87F0976,353201358041769,7.0,46.0,335.0,03/09/2025 17:40:53,13.0469783,80.07617,07617,2025-09-04T23:28:34.610828
TN87F0976,353201358041769,8.0,46.01,335.0,03/09/2025 17:40:48,13.0469566,80.0760566,0760566,2025-09-04T23:28:34.610960
TN87F0976,353201358041769,9.0,46.02,335.0,03/09/2025 17:40:43,13.0469499,80.07594,07594,2025-09-04T23:28:34.611106
TN87F0976,353201358041769,10.0,46.03,335.0,03/09/2025 17:40:38,13.0469549,80.0758233,0758233,2025-09-04T23:28:34.611234
TN87F0976,353201358041769,7.0,46.05,333.0,03/09/2025 17:40:33,13.0469616,80.07572,07572,2025-09-04T23:28:34.611376
TN87F0976,353201358041769,12.0,46.06,333.0,03/09/2025 17:40:28,13.046965,80.0755666,0755666,2025-09-04T23:28:34.611500
TN87F0976,353201358041769,6.0,46.07,333.0,03/09/2025 17:40:23,13.046965,80.075435,075435,2025-09-04T23:28:34.611622
TN87F0976,353201358041769,4.0,46.07,333.0,03/09/2025 17:40:22,13.0469633,80.0754033,0754033,2025-09-04T23:28:34.611735
TN87F0976,353201358041769,0.0,46.07,333.0,03/09/2025 17:40:17,13.0469633,80.0754033,0754033,2025-09-04T23:28:34.611898
TN87F0976,353201358041769,5.0,46.07,333.0,03/09/2025 17:40:12,13.0469533,80.0753566,0753566,2025-09-04T23:28:34.612071
TN87F0976,353201358041769,0.0,46.07,333.0,03/09/2025 17:40:07,13.0469499,80.0753,0753,2025-09-04T23:28:34.612238
TN87F0976,353201358041769,6.0,46.08,331.0,03/09/2025 17:40:02,13.0469433,80.0752616,0752616,2025-09-04T23:28:34.612412
TN87F0976,353201358041769,12.0,46.09,331.0,03/09/2025 17:39:58,13.0469366,80.0751666,0751666,2025-09-04T23:28:34.612611
TN87F0976,353201358041769,10.0,46.11,331.0,03/09/2025 17:39:55,13.0469283,80.0750766,0750766,2025-09-04T23:28:34.612793
TN87F0976,353201358041769,11.0,46.12,331.0,03/09/2025 17:39:50,13.0469,80.0749583,0749583,2025-09-04T23:28:34.612994
TN87F0976,353201358041769,15.0,46.15,331.0,03/09/2025 17:39:45,13.0468583,80.074805,074805,2025-09-04T23:28:34.613192
TN87F0976,353201358041769,16.0,46.17,331.0,03/09/2025 17:39:40,13.0467983,80.0745999,0745999,2025-09-04T23:28:34.613377
TN87F0976,353201358041769,15.0,46.19,332.0,03/09/2025 17:39:35,13.0467149,80.0743883,0743883,2025-09-04T23:28:34.613562
TN87F0976,353201358041769,12.0,46.2,332.0,03/09/2025 17:39:30,13.046645,80.074225,074225,2025-09-04T23:28:34.613705
TN87F0976,353201358041769,10.0,46.22,332.0,03/09/2025 17:39:25,13.0466066,80.0741166,0741166,2025-09-04T23:28:34.613839
TN87F0976,353201358041769,13.0,46.25,332.0,03/09/2025 17:39:20,13.0465349,80.0739616,0739616,2025-09-04T23:28:34.614002
TN87F0976,353201358041769,17.0,46.32,332.0,03/09/2025 17:39:15,13.0464399,80.0737683,0737683,2025-09-04T23:28:34.614132
TN87F0976,353201358041769,26.0,46.41,332.0,03/09/2025 17:39:10,13.0463,80.0735299,0735299,2025-09-04T23:28:34.614255
TN87F0976,353201358041769,31.0,46.45,332.0,03/09/2025 17:39:05,13.0461366,80.0731433,0731433,2025-09-04T23:28:34.614388
TN87F0976,353201358041769,29.0,46.5,333.0,03/09/2025 17:39:00,13.0460316,80.072775,072775,2025-09-04T23:28:34.614493
TN87F0976,353201358041769,33.0,46.55,333.0,03/09/2025 17:38:55,13.0459933,80.0723783,0723783,2025-09-04T23:28:34.614616
TN87F0976,353201358041769,35.0,46.59,333.0,03/09/2025 17:38:50,13.045995,80.0719216,0719216,2025-09-04T23:28:34.614743
TN87F0976,353201358041769,29.0,46.63,333.0,03/09/2025 17:38:45,13.0459583,80.0714983,0714983,2025-09-04T23:28:34.614874
TN87F0976,353201358041769,28.0,46.68,333.0,03/09/2025 17:38:40,13.0458783,80.0711233,0711233,2025-09-04T23:28:34.615002
TN87F0976,353201358041769,30.0,46.72,334.0,03/09/2025 17:38:35,13.0457883,80.0707433,0707433,2025-09-04T23:28:34.615129
TN87F0976,353201358041769,29.0,46.76,334.0,03/09/2025 17:38:30,13.0456733,80.0703516,0703516,2025-09-04T23:28:34.615249
TN87F0976,353201358041769,23.0,46.79,334.0,03/09/2025 17:38:25,13.0455783,80.0700133,0700133,2025-09-04T23:28:34.615367
TN87F0976,353201358041769,19.0,46.81,334.0,03/09/2025 17:38:20,13.04551,80.0697616,0697616,2025-09-04T23:28:34.615483
TN87F0976,353201358041769,14.0,46.83,334.0,03/09/2025 17:38:15,13.0454466,80.0695483,0695483,2025-09-04T23:28:34.615605
TN87F0976,353201358041769,9.0,46.85,334.0,03/09/2025 17:38:10,13.045405,80.0694,0694,2025-09-04T23:28:34.615727
TN87F0976,353201358041769,0.0,46.85,334.0,03/09/2025 17:38:05,13.0453549,80.0692483,0692483,2025-09-04T23:28:34.615891
TN87F0976,353201358041769,0.0,46.85,334.0,03/09/2025 17:38:00,13.0453549,80.0692483,0692483,2025-09-04T23:28:34.616073
TN87F0976,353201358041769,0.0,46.85,334.0,03/09/2025 17:37:55,13.0453549,80.0692483,0692483,2025-09-04T23:28:34.616212
TN87F0976,353201358041769,0.0,46.85,334.0,03/09/2025 17:37:50,13.0453549,80.0692483,0692483,2025-09-04T23:28:34.616338
TN87F0976,353201358041769,0.0,46.85,334.0,03/09/2025 17:37:45,13.0453549,80.0692483,0692483,2025-09-04T23:28:34.616461
TN87F0976,353201358041769,0.0,46.85,334.0,03/09/2025 17:37:40,13.0453549,80.0692483,0692483,2025-09-04T23:28:34.616589
TN87F0976,353201358041769,0.0,46.85,334.0,03/09/2025 17:37:35,13.0453549,80.0692483,0692483,2025-09-04T23:28:34.616710
TN87F0976,353201358041769,0.0,46.85,332.0,03/09/2025 17:37:30,13.0453549,80.0692483,0692483,2025-09-04T23:28:34.616846
TN87F0976,353201358041769,0.0,46.85,332.0,03/09/2025 17:37:25,13.0453549,80.0692483,0692483,2025-09-04T23:28:34.616978
TN87F0976,353201358041769,0.0,46.85,332.0,03/09/2025 17:37:20,13.0453549,80.0692483,0692483,2025-09-04T23:28:34.617102
TN87F0976,353201358041769,0.0,46.85,332.0,03/09/2025 17:37:15,13.0453516,80.0692433,0692433,2025-09-04T23:28:34.617226
TN87F0976,353201358041769,7.0,46.86,332.0,03/09/2025 17:37:10,13.0453516,80.0691766,0691766,2025-09-04T23:28:34.617349
TN87F0976,353201358041769,13.0,46.89,332.0,03/09/2025 17:37:05,13.0453233,80.0690316,0690316,2025-09-04T23:28:34.617447
TN87F0976,353201358041769,21.0,46.92,329.0,03/09/2025 17:37:00,13.0452516,80.0687983,0687983,2025-09-04T23:28:34.617605
TN87F0976,353201358041769,19.0,46.94,329.0,03/09/2025 17:36:55,13.0451699,80.0685149,0685149,2025-09-04T23:28:34.617751
TN87F0976,353201358041769,11.0,46.96,329.0,03/09/2025 17:36:50,13.0450866,80.06831,06831,2025-09-04T23:28:34.618192
TN87F0976,353201358041769,0.0,46.96,329.0,03/09/2025 17:36:47,13.04505,80.0682,0682,2025-09-04T23:28:34.618509
TN87F0976,353201358041769,0.0,46.96,329.0,03/09/2025 17:36:42,13.04505,80.0682,0682,2025-09-04T23:28:34.618806
TN87F0976,353201358041769,0.0,46.96,329.0,03/09/2025 17:36:37,13.04505,80.0682,0682,2025-09-04T23:28:34.619060
TN87F0976,353201358041769,0.0,46.96,329.0,03/09/2025 17:36:32,13.04505,80.0682,0682,2025-09-04T23:28:34.619264
TN87F0976,353201358041769,0.0,46.96,326.0,03/09/2025 17:36:27,13.04505,80.0682,0682,2025-09-04T23:28:34.619496
TN87F0976,353201358041769,0.0,46.96,326.0,03/09/2025 17:36:22,13.04505,80.0682,0682,2025-09-04T23:28:34.619786
TN87F0976,353201358041769,0.0,46.96,326.0,03/09/2025 17:36:17,13.04505,80.0682,0682,2025-09-04T23:28:34.619960
TN87F0976,353201358041769,0.0,46.96,326.0,03/09/2025 17:36:12,13.0450416,80.0681716,0681716,2025-09-04T23:28:34.620170
TN87F0976,353201358041769,0.0,46.96,326.0,03/09/2025 17:36:07,13.0450199,80.068115,068115,2025-09-04T23:28:34.620329
TN87F0976,353201358041769,6.0,46.97,326.0,03/09/2025 17:36:02,13.0450133,80.0680883,0680883,2025-09-04T23:28:34.620474
TN87F0976,353201358041769,13.0,46.99,324.0,03/09/2025 17:35:57,13.0449683,80.0679533,0679533,2025-09-04T23:28:34.620640
TN87F0976,353201358041769,19.0,47.02,324.0,03/09/2025 17:35:52,13.0449216,80.06775,06775,2025-09-04T23:28:34.620825
TN87F0976,353201358041769,22.0,47.05,324.0,03/09/2025 17:35:47,13.0448483,80.0674983,0674983,2025-09-04T23:28:34.621008
TN87F0976,353201358041769,19.0,47.08,324.0,03/09/2025 17:35:42,13.0447533,80.0672249,0672249,2025-09-04T23:28:34.621169
TN87F0976,353201358041769,15.0,47.09,324.0,03/09/2025 17:35:37,13.0446899,80.067035,067035,2025-09-04T23:28:34.621338
TN87F0976,353201358041769,7.0,47.1,325.0,03/09/2025 17:35:32,13.04463,80.0668933,0668933,2025-09-04T23:28:34.621479
TN87F0976,353201358041769,0.0,47.1,325.0,03/09/2025 17:35:27,13.0446116,80.0668266,0668266,2025-09-04T23:28:34.621663
TN87F0976,353201358041769,0.0,47.1,325.0,03/09/2025 17:35:22,13.0446116,80.0668266,0668266,2025-09-04T23:28:34.621829
TN87F0976,353201358041769,0.0,47.1,325.0,03/09/2025 17:35:17,13.0446116,80.0668266,0668266,2025-09-04T23:28:34.622009
TN87F0976,353201358041769,0.0,47.1,325.0,03/09/2025 17:35:12,13.0446116,80.0668266,0668266,2025-09-04T23:28:34.622205
TN87F0976,353201358041769,0.0,47.1,325.0,03/09/2025 17:35:07,13.0446116,80.0668266,0668266,2025-09-04T23:28:34.622370
TN87F0976,353201358041769,0.0,47.1,326.0,03/09/2025 17:35:02,13.0446116,80.0668266,0668266,2025-09-04T23:28:34.622570
TN87F0976,353201358041769,0.0,47.1,326.0,03/09/2025 17:34:57,13.0446116,80.0668266,0668266,2025-09-04T23:28:34.622762
TN87F0976,353201358041769,0.0,47.1,326.0,03/09/2025 17:34:52,13.0446116,80.0668266,0668266,2025-09-04T23:28:34.622935
TN87F0976,353201358041769,3.0,47.11,326.0,03/09/2025 17:34:47,13.0446066,80.06683,06683,2025-09-04T23:28:34.623114
TN87F0976,353201358041769,8.0,47.12,326.0,03/09/2025 17:34:42,13.044575,80.06676,06676,2025-09-04T23:28:34.623280
TN87F0976,353201358041769,18.0,47.15,326.0,03/09/2025 17:34:39,13.0445466,80.066655,066655,2025-09-04T23:28:34.623432
TN87F0976,353201358041769,18.0,47.17,326.0,03/09/2025 17:34:34,13.0444766,80.0664116,0664116,2025-09-04T23:28:34.623585
TN87F0976,353201358041769,16.0,47.19,327.0,03/09/2025 17:34:29,13.0444183,80.06621,06621,2025-09-04T23:28:34.623697
TN87F0976,353201358041769,10.0,47.2,327.0,03/09/2025 17:34:24,13.0443683,80.0660516,0660516,2025-09-04T23:28:34.623825
TN87F0976,353201358041769,10.0,47.21,327.0,03/09/2025 17:34:19,13.04433,80.0659266,0659266,2025-09-04T23:28:34.623962
TN87F0976,353201358041769,0.0,47.21,327.0,03/09/2025 17:34:15,13.044305,80.0658416,0658416,2025-09-04T23:28:34.624084
TN87F0976,353201358041769,0.0,47.21,327.0,03/09/2025 17:34:10,13.044305,80.0658416,0658416,2025-09-04T23:28:34.624211
TN87F0976,353201358041769,0.0,47.21,327.0,03/09/2025 17:34:05,13.044305,80.0658416,0658416,2025-09-04T23:28:34.624331
TN87F0976,353201358041769,0.0,47.21,327.0,03/09/2025 17:34:00,13.044305,80.0658416,0658416,2025-09-04T23:28:34.624460
TN87F0976,353201358041769,0.0,47.21,327.0,03/09/2025 17:33:55,13.044305,80.0658416,0658416,2025-09-04T23:28:34.624587
TN87F0976,353201358041769,0.0,47.21,327.0,03/09/2025 17:33:50,13.044305,80.0658416,0658416,2025-09-04T23:28:34.624719
TN87F0976,353201358041769,0.0,47.21,327.0,03/09/2025 17:33:45,13.044305,80.0658416,0658416,2025-09-04T23:28:34.624854
TN87F0976,353201358041769,0.0,47.21,327.0,03/09/2025 17:33:40,13.044305,80.0658416,0658416,2025-09-04T23:28:34.624980
TN87F0976,353201358041769,0.0,47.21,327.0,03/09/2025 17:33:35,13.044305,80.0658416,0658416,2025-09-04T23:28:34.625114
TN87F0976,353201358041769,0.0,47.21,326.0,03/09/2025 17:33:30,13.0443066,80.0658366,0658366,2025-09-04T23:28:34.625239
TN87F0976,353201358041769,9.0,47.23,326.0,03/09/2025 17:33:25,13.0442933,80.0657733,0657733,2025-09-04T23:28:34.625358
TN87F0976,353201358041769,23.0,47.27,326.0,03/09/2025 17:33:22,13.0442649,80.0656566,0656566,2025-09-04T23:28:34.625483
TN87F0976,353201358041769,34.0,47.32,326.0,03/09/2025 17:33:17,13.0441466,80.0652783,0652783,2025-09-04T23:28:34.625598
TN87F0976,353201358041769,34.0,47.36,326.0,03/09/2025 17:33:12,13.0440066,80.0648483,0648483,2025-09-04T23:28:34.625724
TN87F0976,353201358041769,28.0,47.4,326.0,03/09/2025 17:33:07,13.043885,80.0644733,0644733,2025-09-04T23:28:34.625840
TN87F0976,353201358041769,31.0,47.45,325.0,03/09/2025 17:33:02,13.0437666,80.0641,0641,2025-09-04T23:28:34.625970
TN87F0976,353201358041769,38.0,47.49,325.0,03/09/2025 17:32:57,13.04361,80.0637016,0637016,2025-09-04T23:28:34.626092
TN87F0976,353201358041769,48.0,47.63,325.0,03/09/2025 17:32:54,13.0434683,80.0634066,0634066,2025-09-04T23:28:34.626218
TN87F0976,353201358041769,49.0,47.77,325.0,03/09/2025 17:32:49,13.043205,80.0628566,0628566,2025-09-04T23:28:34.626336
TN87F0976,353201358041769,53.0,47.85,325.0,03/09/2025 17:32:44,13.0429416,80.0622266,0622266,2025-09-04T23:28:34.626462
TN87F0976,353201358041769,49.0,47.92,325.0,03/09/2025 17:32:39,13.042665,80.0616066,0616066,2025-09-04T23:28:34.626575
TN87F0976,353201358041769,50.0,47.99,325.0,03/09/2025 17:32:34,13.0423366,80.06103,06103,2025-09-04T23:28:34.626701
TN87F0976,353201358041769,53.0,48.07,325.0,03/09/2025 17:32:29,13.0420116,80.0604516,0604516,2025-09-04T23:28:34.626820
TN87F0976,353201358041769,55.0,48.14,325.0,03/09/2025 17:32:24,13.0416816,80.0598433,0598433,2025-09-04T23:28:34.626958
TN87F0976,353201358041769,50.0,48.21,325.0,03/09/2025 17:32:19,13.04141,80.059225,059225,2025-09-04T23:28:34.627078
TN87F0976,353201358041769,47.0,48.28,325.0,03/09/2025 17:32:14,13.0411899,80.05864,05864,2025-09-04T23:28:34.627199
TN87F0976,353201358041769,44.0,48.34,325.0,03/09/2025 17:32:09,13.0409583,80.0580716,0580716,2025-09-04T23:28:34.627319
TN87F0976,353201358041769,47.0,48.41,325.0,03/09/2025 17:32:04,13.0407483,80.0575299,0575299,2025-09-04T23:28:34.627449
TN87F0976,353201358041769,44.0,48.47,327.0,03/09/2025 17:31:59,13.0405333,80.0569616,0569616,2025-09-04T23:28:34.627611
TN87F0976,353201358041769,40.0,48.52,327.0,03/09/2025 17:31:54,13.04037,80.0564383,0564383,2025-09-04T23:28:34.627817
TN87F0976,353201358041769,37.0,48.57,327.0,03/09/2025 17:31:49,13.0401583,80.0559566,0559566,2025-09-04T23:28:34.627974
TN87F0976,353201358041769,34.0,48.62,327.0,03/09/2025 17:31:44,13.040005,80.0555083,0555083,2025-09-04T23:28:34.628180
TN87F0976,353201358041769,30.0,48.66,327.0,03/09/2025 17:31:39,13.0398433,80.0551299,0551299,2025-09-04T23:28:34.628379
TN87F0976,353201358041769,27.0,48.7,327.0,03/09/2025 17:31:34,13.0397,80.0547999,0547999,2025-09-04T23:28:34.628503
TN87F0976,353201358041769,38.0,48.76,329.0,03/09/2025 17:31:29,13.039535,80.0544416,0544416,2025-09-04T23:28:34.628649
TN87F0976,353201358041769,46.0,48.83,329.0,03/09/2025 17:31:24,13.0392983,80.0539533,0539533,2025-09-04T23:28:34.628765
TN87F0976,353201358041769,54.0,48.89,329.0,03/09/2025 17:31:19,13.0390299,80.053375,053375,2025-09-04T23:28:34.628905
TN87F0976,353201358041769,65.0,48.99,329.0,03/09/2025 17:31:15,13.038815,80.0528166,0528166,2025-09-04T23:28:34.629052
TN87F0976,353201358041769,64.0,49.08,329.0,03/09/2025 17:31:10,13.038525,80.05201,05201,2025-09-04T23:28:34.629158
TN87F0976,353201358041769,62.0,49.17,329.0,03/09/2025 17:31:05,13.038235,80.0512349,0512349,2025-09-04T23:28:34.629261
TN87F0976,353201358041769,61.0,49.25,331.0,03/09/2025 17:31:00,13.0379666,80.0504716,0504716,2025-09-04T23:28:34.629383
TN87F0976,353201358041769,59.0,49.33,331.0,03/09/2025 17:30:55,13.03774,80.0497233,0497233,2025-09-04T23:28:34.629515
TN87F0976,353201358041769,57.0,49.41,331.0,03/09/2025 17:30:50,13.0374783,80.0489933,0489933,2025-09-04T23:28:34.629642
TN87F0976,353201358041769,53.0,49.49,331.0,03/09/2025 17:30:45,13.0372933,80.0482883,0482883,2025-09-04T23:28:34.629768
TN87F0976,353201358041769,51.0,49.56,331.0,03/09/2025 17:30:40,13.037075,80.0476583,0476583,2025-09-04T23:28:34.629890
TN87F0976,353201358041769,46.0,49.62,331.0,03/09/2025 17:30:35,13.0370133,80.0470116,0470116,2025-09-04T23:28:34.630009
TN87F0976,353201358041769,42.0,49.67,331.0,03/09/2025 17:30:30,13.0368583,80.0464766,0464766,2025-09-04T23:28:34.630130
TN87F0976,353201358041769,40.0,49.73,331.0,03/09/2025 17:30:25,13.0367283,80.0459616,0459616,2025-09-04T23:28:34.630252
TN87F0976,353201358041769,38.0,49.79,331.0,03/09/2025 17:30:20,13.0365966,80.0454483,0454483,2025-09-04T23:28:34.630386
TN87F0976,353201358041769,40.0,49.84,331.0,03/09/2025 17:30:15,13.0364116,80.0449866,0449866,2025-09-04T23:28:34.630488
TN87F0976,353201358041769,40.0,49.9,331.0,03/09/2025 17:30:10,13.0362649,80.0444733,0444733,2025-09-04T23:28:34.630609
TN87F0976,353201358041769,37.0,49.95,331.0,03/09/2025 17:30:05,13.0361383,80.0439883,0439883,2025-09-04T23:28:34.630741
TN87F0976,353201358041769,30.0,49.99,331.0,03/09/2025 17:30:00,13.0359916,80.0435733,0435733,2025-09-04T23:28:34.630845
TN87F0976,353201358041769,31.0,50.03,331.0,03/09/2025 17:29:55,13.0358616,80.0431949,0431949,2025-09-04T23:28:34.631218
TN87F0976,353201358041769,29.0,50.07,331.0,03/09/2025 17:29:50,13.0357116,80.04283,04283,2025-09-04T23:28:34.631477
TN87F0976,353201358041769,28.0,50.11,331.0,03/09/2025 17:29:45,13.0355749,80.0424899,0424899,2025-09-04T23:28:34.631676
TN87F0976,353201358041769,36.0,50.14,331.0,03/09/2025 17:29:40,13.0354216,80.042135,042135,2025-09-04T23:28:34.631890
TN87F0976,353201358041769,46.0,50.21,331.0,03/09/2025 17:29:37,13.0353166,80.0418699,0418699,2025-09-04T23:28:34.632137
TN87F0976,353201358041769,52.0,50.29,331.0,03/09/2025 17:29:32,13.0350266,80.0413033,0413033,2025-09-04T23:28:34.632360
TN87F0976,353201358041769,62.0,50.38,332.0,03/09/2025 17:29:27,13.0346916,80.0406449,0406449,2025-09-04T23:28:34.632563
TN87F0976,353201358041769,55.0,50.45,332.0,03/09/2025 17:29:22,13.0343199,80.0399683,0399683,2025-09-04T23:28:34.632759
TN87F0976,353201358041769,51.0,50.52,332.0,03/09/2025 17:29:17,13.0339533,80.0393749,0393749,2025-09-04T23:28:34.632962
TN87F0976,353201358041769,45.0,50.59,332.0,03/09/2025 17:29:12,13.033635,80.03885,03885,2025-09-04T23:28:34.633159
TN87F0976,353201358041769,41.0,50.64,332.0,03/09/2025 17:29:07,13.0333449,80.0383283,0383283,2025-09-04T23:28:34.633309
TN87F0976,353201358041769,38.0,50.69,332.0,03/09/2025 17:29:02,13.0330633,80.03787,03787,2025-09-04T23:28:34.633452
TN87F0976,353201358041769,29.0,50.73,332.0,03/09/2025 17:28:57,13.0328433,80.0374983,0374983,2025-09-04T23:28:34.633612
TN87F0976,353201358041769,23.0,50.76,332.0,03/09/2025 17:28:52,13.0326833,80.0371916,0371916,2025-09-04T23:28:34.633791
TN87F0976,353201358041769,18.0,50.77,332.0,03/09/2025 17:28:47,13.03257,80.03697,03697,2025-09-04T23:28:34.633998
TN87F0976,353201358041769,7.0,50.78,332.0,03/09/2025 17:28:43,13.0325016,80.0368366,0368366,2025-09-04T23:28:34.634165
TN87F0976,353201358041769,0.0,50.78,332.0,03/09/2025 17:28:38,13.0324799,80.036795,036795,2025-09-04T23:28:34.634332
TN87F0976,353201358041769,0.0,50.78,333.0,03/09/2025 17:28:33,13.0324783,80.03679,03679,2025-09-04T23:28:34.634481
TN87F0976,353201358041769,13.0,50.79,333.0,03/09/2025 17:28:29,13.0324416,80.036725,036725,2025-09-04T23:28:34.634648
TN87F0976,353201358041769,24.0,50.81,333.0,03/09/2025 17:28:26,13.0323733,80.036625,036625,2025-09-04T23:28:34.634819
TN87F0976,353201358041769,34.0,50.84,333.0,03/09/2025 17:28:24,13.0323083,80.0365083,0365083,2025-09-04T23:28:34.634982
TN87F0976,353201358041769,48.0,50.92,333.0,03/09/2025 17:28:21,13.0321366,80.0362483,0362483,2025-09-04T23:28:34.635150
TN87F0976,353201358041769,61.0,50.99,333.0,03/09/2025 17:28:16,13.0317533,80.03563,03563,2025-09-04T23:28:34.635312
TN87F0976,353201358041769,71.0,51.09,333.0,03/09/2025 17:28:12,13.0314166,80.0350566,0350566,2025-09-04T23:28:34.635483
TN87F0976,353201358041769,72.0,51.19,335.0,03/09/2025 17:28:07,13.030935,80.03426,03426,2025-09-04T23:28:34.635649
TN87F0976,353201358041769,69.0,51.29,335.0,03/09/2025 17:28:02,13.0304533,80.0334783,0334783,2025-09-04T23:28:34.635850
TN87F0976,353201358041769,65.0,51.38,335.0,03/09/2025 17:27:57,13.0299933,80.0326949,0326949,2025-09-04T23:28:34.636008
TN87F0976,353201358041769,60.0,51.46,335.0,03/09/2025 17:27:52,13.029605,80.0319899,0319899,2025-09-04T23:28:34.636143
TN87F0976,353201358041769,54.0,51.54,335.0,03/09/2025 17:27:47,13.0292066,80.03135,03135,2025-09-04T23:28:34.636250
TN87F0976,353201358041769,52.0,51.61,335.0,03/09/2025 17:27:42,13.0288683,80.03074,03074,2025-09-04T23:28:34.636371
TN87F0976,353201358041769,47.0,51.67,335.0,03/09/2025 17:27:37,13.0285383,80.0301866,0301866,2025-09-04T23:28:34.636498
TN87F0976,353201358041769,42.0,51.73,335.0,03/09/2025 17:27:32,13.0282533,80.0296983,0296983,2025-09-04T23:28:34.636641
TN87F0976,353201358041769,37.0,51.78,336.0,03/09/2025 17:27:27,13.0279799,80.0292616,0292616,2025-09-04T23:28:34.636771
TN87F0976,353201358041769,42.0,51.82,336.0,03/09/2025 17:27:22,13.027725,80.0288533,0288533,2025-09-04T23:28:34.636929
TN87F0976,353201358041769,52.0,51.82,336.0,03/09/2025 17:27:19,13.02753,80.02854,02854,2025-09-04T23:28:34.637069
TN87F0976,353201358041769,54.0,51.82,336.0,03/09/2025 17:27:14,13.0271899,80.027965,027965,2025-09-04T23:28:34.637198
TN87F0976,353201358041769,57.0,51.82,336.0,03/09/2025 17:27:09,13.0267916,80.0273499,0273499,2025-09-04T23:28:34.637328
TN87F0976,353201358041769,61.0,51.82,339.0,03/09/2025 17:27:04,13.0263883,80.0266883,0266883,2025-09-04T23:28:34.637454
TN87F0976,353201358041769,59.0,52.61,339.0,03/09/2025 17:26:59,13.02597,80.02606,02606,2025-09-04T23:28:34.637628
TN87F0976,353201358041769,53.0,52.61,339.0,03/09/2025 17:26:54,13.0256033,80.0254549,0254549,2025-09-04T23:28:34.637784
TN87F0976,353201358041769,49.0,52.68,339.0,03/09/2025 17:26:49,13.025215,80.0248699,0248699,2025-09-04T23:28:34.637966
TN87F0976,353201358041769,41.0,52.75,339.0,03/09/2025 17:26:44,13.024905,80.0243749,0243749,2025-09-04T23:28:34.638114
TN87F0976,353201358041769,31.0,52.8,339.0,03/09/2025 17:26:39,13.0246416,80.0239549,0239549,2025-09-04T23:28:34.638301
TN87F0976,353201358041769,26.0,52.84,339.0,03/09/2025 17:26:34,13.0244433,80.0236566,0236566,2025-09-04T23:28:34.638471
TN87F0976,353201358041769,22.0,52.87,342.0,03/09/2025 17:26:29,13.0242816,80.0234,0234,2025-09-04T23:28:34.638636
TN87F0976,353201358041769,29.0,52.91,342.0,03/09/2025 17:26:24,13.0241216,80.0231316,0231316,2025-09-04T23:28:34.638763
TN87F0976,353201358041769,41.0,52.94,342.0,03/09/2025 17:26:20,13.0239383,80.02284,02284,2025-09-04T23:28:34.638891
TN87F0976,353201358041769,53.0,52.97,342.0,03/09/2025 17:26:18,13.0238066,80.02265,02265,2025-09-04T23:28:34.639028
TN87F0976,353201358041769,60.0,53.05,342.0,03/09/2025 17:26:13,13.0234216,80.0220183,0220183,2025-09-04T23:28:34.639136
TN87F0976,353201358041769,72.0,53.12,342.0,03/09/2025 17:26:09,13.0231133,80.021435,021435,2025-09-04T23:28:34.639274
TN87F0976,353201358041769,72.0,53.22,342.0,03/09/2025 17:26:04,13.0228133,80.0205433,0205433,2025-09-04T23:28:34.639411
TN87F0976,353201358041769,70.0,53.32,343.0,03/09/2025 17:25:59,13.02262,80.01966,01966,2025-09-04T23:28:34.639560
TN87F0976,353201358041769,66.0,54.2,343.0,03/09/2025 17:25:54,13.022565,80.0187683,0187683,2025-09-04T23:28:34.639719
TN87F0976,353201358041769,64.0,54.29,343.0,03/09/2025 17:25:49,13.0224616,80.0179216,0179216,2025-09-04T23:28:34.639858
TN87F0976,353201358041769,61.0,54.38,343.0,03/09/2025 17:25:44,13.02234,80.017105,017105,2025-09-04T23:28:34.639967
TN87F0976,353201358041769,59.0,54.46,342.0,03/09/2025 17:25:39,13.0220666,80.0163883,0163883,2025-09-04T23:28:34.640096
TN87F0976,353201358041769,56.0,54.55,342.0,03/09/2025 17:25:34,13.0217016,80.0157249,0157249,2025-09-04T23:28:34.640258
TN87F0976,353201358041769,51.0,54.62,342.0,03/09/2025 17:25:29,13.0212966,80.0151383,0151383,2025-09-04T23:28:34.640400
TN87F0976,353201358041769,50.0,54.69,342.0,03/09/2025 17:25:24,13.02091,80.0146216,0146216,2025-09-04T23:28:34.640510
TN87F0976,353201358041769,47.0,54.76,342.0,03/09/2025 17:25:19,13.0205933,80.014125,014125,2025-09-04T23:28:34.640634
TN87F0976,353201358041769,49.0,54.82,337.0,03/09/2025 17:25:14,13.0202599,80.0136583,0136583,2025-09-04T23:28:34.640758
TN87F0976,353201358041769,45.0,54.89,337.0,03/09/2025 17:25:09,13.01992,80.0131216,0131216,2025-09-04T23:28:34.640895
TN87F0976,353201358041769,39.0,54.95,337.0,03/09/2025 17:25:04,13.0196366,80.01266,01266,2025-09-04T23:28:34.641050
TN87F0976,353201358041769,42.0,55.01,337.0,03/09/2025 17:24:59,13.0193366,80.012215,012215,2025-09-04T23:28:34.641200
TN87F0976,353201358041769,35.0,55.06,337.0,03/09/2025 17:24:54,13.019065,80.0117949,0117949,2025-09-04T23:28:34.641351
TN87F0976,353201358041769,29.0,55.06,337.0,03/09/2025 17:24:49,13.0188733,80.0114233,0114233,2025-09-04T23:28:34.641516
TN87F0976,353201358041769,32.0,55.11,337.0,03/09/2025 17:24:44,13.0186633,80.0110616,0110616,2025-09-04T23:28:34.641743
TN87F0976,353201358041769,27.0,55.15,337.0,03/09/2025 17:24:39,13.0184533,80.0107183,0107183,2025-09-04T23:28:34.641946
TN87F0976,353201358041769,19.0,55.19,337.0,03/09/2025 17:24:34,13.018295,80.0104416,0104416,2025-09-04T23:28:34.642136
TN87F0976,353201358041769,17.0,55.21,336.0,03/09/2025 17:24:29,13.0181766,80.0102199,0102199,2025-09-04T23:28:34.642325
TN87F0976,353201358041769,14.0,55.24,336.0,03/09/2025 17:24:24,13.0180783,80.0100516,0100516,2025-09-04T23:28:34.642520
TN87F0976,353201358041769,4.0,55.25,336.0,03/09/2025 17:24:20,13.017995,80.0098983,0098983,2025-09-04T23:28:34.642726
TN87F0976,353201358041769,0.0,55.25,336.0,03/09/2025 17:24:15,13.017995,80.0098983,0098983,2025-09-04T23:28:34.642924
TN87F0976,353201358041769,0.0,55.25,336.0,03/09/2025 17:24:10,13.017995,80.0098983,0098983,2025-09-04T23:28:34.643099
TN87F0976,353201358041769,0.0,55.25,334.0,03/09/2025 17:24:05,13.017995,80.0098983,0098983,2025-09-04T23:28:34.643258
TN87F0976,353201358041769,0.0,55.25,334.0,03/09/2025 17:24:00,13.017995,80.0098983,0098983,2025-09-04T23:28:34.643397
TN87F0976,353201358041769,0.0,55.25,334.0,03/09/2025 17:23:55,13.017995,80.0098983,0098983,2025-09-04T23:28:34.643558
TN87F0976,353201358041769,0.0,55.25,334.0,03/09/2025 17:23:50,13.0179933,80.009895,009895,2025-09-04T23:28:34.643716
TN87F0976,353201358041769,10.0,55.26,334.0,03/09/2025 17:23:47,13.0179766,80.009865,009865,2025-09-04T23:28:34.643889
TN87F0976,353201358041769,20.0,55.27,334.0,03/09/2025 17:23:44,13.0179283,80.0097816,0097816,2025-09-04T23:28:34.644035
TN87F0976,353201358041769,32.0,55.3,334.0,03/09/2025 17:23:40,13.0178049,80.0095483,0095483,2025-09-04T23:28:34.644167
TN87F0976,353201358041769,44.0,55.33,334.0,03/09/2025 17:23:37,13.0176783,80.0092916,0092916,2025-09-04T23:28:34.644276
TN87F0976,353201358041769,57.0,55.37,334.0,03/09/2025 17:23:34,13.0175016,80.0089416,0089416,2025-09-04T23:28:34.644725
TN87F0976,353201358041769,63.0,55.46,333.0,03/09/2025 17:23:29,13.0171766,80.0082166,0082166,2025-09-04T23:28:34.644928
TN87F0976,353201358041769,61.0,55.55,333.0,03/09/2025 17:23:24,13.0168499,80.0074616,0074616,2025-09-04T23:28:34.645118
TN87F0976,353201358041769,54.0,55.63,333.0,03/09/2025 17:23:19,13.016555,80.006755,006755,2025-09-04T23:28:34.645352
TN87F0976,353201358041769,49.0,55.7,333.0,03/09/2025 17:23:14,13.0163249,80.006135,006135,2025-09-04T23:28:34.645590
TN87F0976,353201358041769,43.0,55.77,333.0,03/09/2025 17:23:09,13.0161166,80.0055633,0055633,2025-09-04T23:28:34.645871
TN87F0976,353201358041769,36.0,55.83,330.0,03/09/2025 17:23:04,13.0158633,80.005105,005105,2025-09-04T23:28:34.646407
TN87F0976,353201358041769,31.0,55.87,330.0,03/09/2025 17:22:59,13.0156866,80.0047233,0047233,2025-09-04T23:28:34.646724
TN87F0976,353201358041769,28.0,55.91,330.0,03/09/2025 17:22:54,13.015515,80.0043783,0043783,2025-09-04T23:28:34.647002
TN87F0976,353201358041769,24.0,55.91,330.0,03/09/2025 17:22:49,13.0153466,80.0040866,0040866,2025-09-04T23:28:34.647189
TN87F0976,353201358041769,19.0,55.94,330.0,03/09/2025 17:22:44,13.0152016,80.0038499,0038499,2025-09-04T23:28:34.647397
TN87F0976,353201358041769,16.0,55.97,330.0,03/09/2025 17:22:39,13.0150866,80.0036633,0036633,2025-09-04T23:28:34.647558
TN87F0976,353201358041769,24.0,55.99,328.0,03/09/2025 17:22:34,13.0149533,80.003465,003465,2025-09-04T23:28:34.647734
TN87F0976,353201358041769,37.0,56.04,328.0,03/09/2025 17:22:29,13.0147233,80.0031166,0031166,2025-09-04T23:28:34.647931
TN87F0976,353201358041769,48.0,56.1,328.0,03/09/2025 17:22:24,13.0144283,80.0026566,0026566,2025-09-04T23:28:34.648114
TN87F0976,353201358041769,58.0,56.14,328.0,03/09/2025 17:22:21,13.0141983,80.0023316,0023316,2025-09-04T23:28:34.648248
TN87F0976,353201358041769,69.0,56.21,328.0,03/09/2025 17:22:17,13.0138266,80.0018016,0018016,2025-09-04T23:28:34.648389
TN87F0976,353201358041769,70.0,56.31,328.0,03/09/2025 17:22:12,13.0132833,80.0010666,0010666,2025-09-04T23:28:34.653321
TN87F0976,353201358041769,71.0,56.41,328.0,03/09/2025 17:22:07,13.0127716,80.0003316,0003316,2025-09-04T23:28:34.653548
TN87F0976,353201358041769,72.0,56.51,328.0,03/09/2025 17:22:02,13.0122366,79.9996233,9996233,2025-09-04T23:28:34.653807
TN87F0976,353201358041769,71.0,56.61,329.0,03/09/2025 17:21:57,13.0116149,79.9989383,9989383,2025-09-04T23:28:34.654037
TN87F0976,353201358041769,71.0,56.71,329.0,03/09/2025 17:21:52,13.01094,79.99837,99837,2025-09-04T23:28:34.654270
TN87F0976,353201358041769,71.0,56.71,329.0,03/09/2025 17:21:47,13.0101983,79.997845,997845,2025-09-04T23:28:34.654478
TN87F0976,353201358041769,71.0,56.81,329.0,03/09/2025 17:21:42,13.0094849,79.9972666,9972666,2025-09-04T23:28:34.654699
TN87F0976,353201358041769,74.0,56.91,329.0,03/09/2025 17:21:37,13.0087116,79.9967383,9967383,2025-09-04T23:28:34.655067
TN87F0976,353201358041769,74.0,57.02,329.0,03/09/2025 17:21:37,13.0087116,79.9967383,9967383,2025-09-04T23:28:34.655283
TN87F0976,353201358041769,74.0,57.12,329.0,03/09/2025 17:21:32,13.0079283,79.9961999,9961999,2025-09-04T23:28:34.655477
TN87F0976,353201358041769,72.0,57.21,329.0,03/09/2025 17:21:27,13.0071616,79.9957066,9957066,2025-09-04T23:28:34.655657
TN87F0976,353201358041769,66.0,57.3,329.0,03/09/2025 17:21:22,13.0064083,79.9952283,9952283,2025-09-04T23:28:34.655889
TN87F0976,353201358041769,61.0,57.38,329.0,03/09/2025 17:21:17,13.0057316,79.9947816,9947816,2025-09-04T23:28:34.656119
TN87F0976,353201358041769,54.0,57.52,329.0,03/09/2025 17:21:12,13.0051166,79.9943816,9943816,2025-09-04T23:28:34.656349
TN87F0976,353201358041769,48.0,57.65,331.0,03/09/2025 17:21:07,13.0045783,79.99402,99402,2025-09-04T23:28:34.656576
TN87F0976,353201358041769,46.0,57.72,331.0,03/09/2025 17:21:02,13.0041,79.9936799,9936799,2025-09-04T23:28:34.656808
TN87F0976,353201358041769,47.0,57.79,331.0,03/09/2025 17:20:57,13.0036016,79.9933566,9933566,2025-09-04T23:28:34.657047
TN87F0976,353201358041769,59.0,57.88,331.0,03/09/2025 17:20:52,13.00303,79.9929899,9929899,2025-09-04T23:28:34.657286
TN87F0976,353201358041769,65.0,57.97,331.0,03/09/2025 17:20:47,13.0024033,79.9925366,9925366,2025-09-04T23:28:34.657521
TN87F0976,353201358041769,61.0,58.05,331.0,03/09/2025 17:20:42,13.0017366,79.9920416,9920416,2025-09-04T23:28:34.657841
TN87F0976,353201358041769,55.0,58.13,331.0,03/09/2025 17:20:37,13.0011133,79.99157,99157,2025-09-04T23:28:34.659135
TN87F0976,353201358041769,49.0,58.19,333.0,03/09/2025 17:20:32,13.0005683,79.9912033,9912033,2025-09-04T23:28:34.662717
TN87F0976,353201358041769,40.0,58.24,333.0,03/09/2025 17:20:27,13.0000966,79.990885,990885,2025-09-04T23:28:34.663418
TN87F0976,353201358041769,31.0,58.28,333.0,03/09/2025 17:20:22,12.99971,79.990615,990615,2025-09-04T23:28:34.663734
TN87F0976,353201358041769,19.0,58.28,333.0,03/09/2025 17:20:17,12.999435,79.9904583,9904583,2025-09-04T23:28:34.664035
TN87F0976,353201358041769,15.0,58.29,333.0,03/09/2025 17:20:15,12.99935,79.9904316,9904316,2025-09-04T23:28:34.664323
TN87F0976,353201358041769,12.0,58.3,333.0,03/09/2025 17:20:14,12.9993116,79.9904333,9904333,2025-09-04T23:28:34.664598
TN87F0976,353201358041769,7.0,58.3,333.0,03/09/2025 17:20:12,12.9992566,79.9904616,9904616,2025-09-04T23:28:34.664848
TN87F0976,353201358041769,6.0,58.3,336.0,03/09/2025 17:20:11,12.9992416,79.9904766,9904766,2025-09-04T23:28:34.665141
TN87F0976,353201358041769,0.0,58.3,336.0,03/09/2025 17:20:10,12.99923,79.99049,99049,2025-09-04T23:28:34.665371
TN87F0976,353201358041769,8.0,58.3,336.0,03/09/2025 17:20:05,12.9991933,79.9905333,9905333,2025-09-04T23:28:34.665678
TN87F0976,353201358041769,12.0,58.31,336.0,03/09/2025 17:20:04,12.999195,79.9905583,9905583,2025-09-04T23:28:34.666058
TN87F0976,353201358041769,14.0,58.31,336.0,03/09/2025 17:20:03,12.99921,79.9905883,9905883,2025-09-04T23:28:34.666410
TN87F0976,353201358041769,15.0,58.32,336.0,03/09/2025 17:20:02,12.9992316,79.990615,990615,2025-09-04T23:28:34.666648
TN87F0976,353201358041769,6.0,58.33,336.0,03/09/2025 17:19:59,12.9993183,79.9906466,9906466,2025-09-04T23:28:34.666893
TN87F0976,353201358041769,0.0,58.33,336.0,03/09/2025 17:19:56,12.9993633,79.99066,99066,2025-09-04T23:28:34.667131
TN87F0976,353201358041769,9.0,58.33,336.0,03/09/2025 17:19:51,12.9994383,79.9906683,9906683,2025-09-04T23:28:34.667392
TN87F0976,353201358041769,9.0,58.33,336.0,03/09/2025 17:19:49,12.9994716,79.99067,99067,2025-09-04T23:28:34.667630
TN87F0976,353201358041769,19.0,58.35,336.0,03/09/2025 17:19:47,12.9995066,79.9906766,9906766,2025-09-04T23:28:34.667970
TN87F0976,353201358041769,30.0,58.39,336.0,03/09/2025 17:19:45,12.9996016,79.99074,99074,2025-09-04T23:28:34.668203
TN87F0976,353201358041769,45.0,58.45,336.0,03/09/2025 17:19:41,12.999935,79.9909349,9909349,2025-09-04T23:28:34.668633
TN87F0976,353201358041769,55.0,58.61,336.0,03/09/2025 17:19:37,13.00038,79.99122,99122,2025-09-04T23:28:34.668857
TN87F0976,353201358041769,60.0,58.76,336.0,03/09/2025 17:19:32,13.001005,79.99167,99167,2025-09-04T23:28:34.669104
TN87F0976,353201358041769,54.0,58.84,336.0,03/09/2025 17:19:27,13.00157,79.9920866,9920866,2025-09-04T23:28:34.669371
TN87F0976,353201358041769,48.0,58.9,336.0,03/09/2025 17:19:22,13.0021033,79.9924433,9924433,2025-09-04T23:28:34.669607
TN87F0976,353201358041769,43.0,58.96,336.0,03/09/2025 17:19:17,13.00261,79.9927983,9927983,2025-09-04T23:28:34.669816
TN87F0976,353201358041769,34.0,59.0,336.0,03/09/2025 17:19:12,13.0029799,79.9931033,9931033,2025-09-04T23:28:34.670045
TN87F0976,353201358041769,28.0,59.04,336.0,03/09/2025 17:19:07,13.0033266,79.9933416,9933416,2025-09-04T23:28:34.670283
TN87F0976,353201358041769,26.0,59.08,336.0,03/09/2025 17:19:02,13.00362,79.9935516,9935516,2025-09-04T23:28:34.670496
TN87F0976,353201358041769,20.0,59.1,336.0,03/09/2025 17:18:57,13.0038683,79.9937416,9937416,2025-09-04T23:28:34.670713
TN87F0976,353201358041769,16.0,59.12,336.0,03/09/2025 17:18:52,13.0040466,79.9938883,9938883,2025-09-04T23:28:34.670929
TN87F0976,353201358041769,11.0,59.13,336.0,03/09/2025 17:18:47,13.0041816,79.994,994,2025-09-04T23:28:34.671163
TN87F0976,353201358041769,10.0,59.14,336.0,03/09/2025 17:18:45,13.00422,79.994035,994035,2025-09-04T23:28:34.671318
TN87F0976,353201358041769,10.0,59.15,336.0,03/09/2025 17:18:40,13.0042983,79.9941216,9941216,2025-09-04T23:28:34.674332
TN87F0976,353201358041769,7.0,59.16,336.0,03/09/2025 17:18:37,13.004345,79.9941733,9941733,2025-09-04T23:28:34.675591
TN87F0976,353201358041769,0.0,59.16,336.0,03/09/2025 17:18:32,13.0044016,79.99422,99422,2025-09-04T23:28:34.676393
TN87F0976,353201358041769,7.0,59.16,336.0,03/09/2025 17:18:27,13.0044349,79.9942366,9942366,2025-09-04T23:28:34.676583
TN87F0976,353201358041769,7.0,59.17,336.0,03/09/2025 17:18:26,13.0044533,79.9942433,9942433,2025-09-04T23:28:34.676811
TN87F0976,353201358041769,11.0,59.19,336.0,03/09/2025 17:18:21,13.00457,79.9942966,9942966,2025-09-04T23:28:34.677031
TN87F0976,353201358041769,17.0,59.21,336.0,03/09/2025 17:18:16,13.0047033,79.9943816,9943816,2025-09-04T23:28:34.677255
TN87F0976,353201358041769,27.0,59.25,336.0,03/09/2025 17:18:13,13.0048366,79.99448,99448,2025-09-04T23:28:34.677482
TN87F0976,353201358041769,26.0,59.28,336.0,03/09/2025 17:18:08,13.0051183,79.9946766,9946766,2025-09-04T23:28:34.677710
TN87F0976,353201358041769,26.0,59.31,336.0,03/09/2025 17:18:03,13.005375,79.9948499,9948499,2025-09-04T23:28:34.677934
TN87F0976,353201358041769,21.0,59.34,338.0,03/09/2025 17:17:58,13.0056383,79.9950283,9950283,2025-09-04T23:28:34.678172
TN87F0976,353201358041769,14.0,59.36,338.0,03/09/2025 17:17:53,13.0058416,79.995155,995155,2025-09-04T23:28:34.678500
TN87F0976,353201358041769,16.0,59.39,338.0,03/09/2025 17:17:48,13.0060216,79.9952483,9952483,2025-09-04T23:28:34.678825
TN87F0976,353201358041769,27.0,59.44,338.0,03/09/2025 17:17:44,13.0062283,79.9953499,9953499,2025-09-04T23:28:34.679808
TN87F0976,353201358041769,39.0,59.49,338.0,03/09/2025 17:17:39,13.0065999,79.99557,99557,2025-09-04T23:28:34.680054
TN87F0976,353201358041769,39.0,59.55,338.0,03/09/2025 17:17:34,13.0070166,79.99587,99587,2025-09-04T23:28:34.680312
TN87F0976,353201358041769,41.0,59.6,338.0,03/09/2025 17:17:29,13.0074749,79.9961449,9961449,2025-09-04T23:28:34.680537
TN87F0976,353201358041769,32.0,59.65,338.0,03/09/2025 17:17:24,13.0078683,79.9964133,9964133,2025-09-04T23:28:34.680779
TN87F0976,353201358041769,24.0,59.68,338.0,03/09/2025 17:17:19,13.00819,79.9966166,9966166,2025-09-04T23:28:34.681158
TN87F0976,353201358041769,23.0,59.72,339.0,03/09/2025 17:17:14,13.0084699,79.9967983,9967983,2025-09-04T23:28:34.681407
TN87F0976,353201358041769,22.0,59.74,339.0,03/09/2025 17:17:09,13.00871,79.9969666,9969666,2025-09-04T23:28:34.681682
TN87F0976,353201358041769,15.0,59.76,339.0,03/09/2025 17:17:04,13.0089083,79.9971016,9971016,2025-09-04T23:28:34.681928
TN87F0976,353201358041769,11.0,59.78,339.0,03/09/2025 17:16:59,13.0090466,79.9971966,9971966,2025-09-04T23:28:34.682347
TN87F0976,353201358041769,19.0,59.8,339.0,03/09/2025 17:16:54,13.0091983,79.9972699,9972699,2025-09-04T23:28:34.682682
TN87F0976,353201358041769,30.0,59.83,339.0,03/09/2025 17:16:51,13.0093366,79.9973916,9973916,2025-09-04T23:28:34.683019
TN87F0976,353201358041769,40.0,59.89,339.0,03/09/2025 17:16:48,13.0094849,79.9976133,9976133,2025-09-04T23:28:34.683268
TN87F0976,353201358041769,45.0,59.95,339.0,03/09/2025 17:16:43,13.0099483,79.9979483,9979483,2025-09-04T23:28:34.683501
TN87F0976,353201358041769,43.0,60.01,339.0,03/09/2025 17:16:38,13.0103916,79.9982866,9982866,2025-09-04T23:28:34.683835
TN87F0976,353201358041769,41.0,60.07,339.0,03/09/2025 17:16:33,13.0108416,79.9985766,9985766,2025-09-04T23:28:34.684133
TN87F0976,353201358041769,38.0,60.26,339.0,03/09/2025 17:16:28,13.0112616,79.9988916,9988916,2025-09-04T23:28:34.684359
TN87F0976,353201358041769,35.0,60.41,339.0,03/09/2025 17:16:23,13.0116149,79.9991983,9991983,2025-09-04T23:28:34.684980
TN87F0976,353201358041769,31.0,60.45,339.0,03/09/2025 17:16:18,13.0118999,79.999525,999525,2025-09-04T23:28:34.685895
TN87F0976,353201358041769,26.0,60.49,339.0,03/09/2025 17:16:13,13.012135,79.9998066,9998066,2025-09-04T23:28:34.686560
TN87F0976,353201358041769,19.0,60.53,339.0,03/09/2025 17:16:08,13.0123066,80.000065,000065,2025-09-04T23:28:34.687120
TN87F0976,353201358041769,18.0,60.53,338.0,03/09/2025 17:16:07,13.012345,80.0001049,0001049,2025-09-04T23:28:34.687451
TN87F0976,353201358041769,16.0,60.54,338.0,03/09/2025 17:16:06,13.0123616,80.0001549,0001549,2025-09-04T23:28:34.687802
TN87F0976,353201358041769,15.0,60.55,338.0,03/09/2025 17:16:05,13.0123833,80.000205,000205,2025-09-04T23:28:34.688495
TN87F0976,353201358041769,14.0,60.57,338.0,03/09/2025 17:16:04,13.0123766,80.0002416,0002416,2025-09-04T23:28:34.688875
TN87F0976,353201358041769,12.0,60.57,338.0,03/09/2025 17:16:03,13.0123666,80.0002766,0002766,2025-09-04T23:28:34.689145
TN87F0976,353201358041769,11.0,60.58,338.0,03/09/2025 17:16:01,13.0123333,80.0003333,0003333,2025-09-04T23:28:34.689374
TN87F0976,353201358041769,10.0,60.58,338.0,03/09/2025 17:15:56,13.0122666,80.0004249,0004249,2025-09-04T23:28:34.689641
TN87F0976,353201358041769,10.0,60.86,338.0,03/09/2025 17:15:54,13.0122449,80.0004616,0004616,2025-09-04T23:28:34.689863
TN87F0976,353201358041769,19.0,61.11,338.0,03/09/2025 17:15:49,13.0120949,80.0005849,0005849,2025-09-04T23:28:34.690078
TN87F0976,353201358041769,19.0,61.14,338.0,03/09/2025 17:15:44,13.0118049,80.0007483,0007483,2025-09-04T23:28:34.690314
TN87F0976,353201358041769,19.0,61.17,338.0,03/09/2025 17:15:39,13.0115666,80.0008783,0008783,2025-09-04T23:28:34.690532
TN87F0976,353201358041769,17.0,61.34,337.0,03/09/2025 17:15:34,13.0113583,80.00099,00099,2025-09-04T23:28:34.690715
TN87F0976,353201358041769,11.0,61.36,337.0,03/09/2025 17:15:29,13.011215,80.0011216,0011216,2025-09-04T23:28:34.690912
TN87F0976,353201358041769,10.0,61.37,337.0,03/09/2025 17:15:27,13.011175,80.0011749,0011749,2025-09-04T23:28:34.691072
TN87F0976,353201358041769,18.0,61.39,337.0,03/09/2025 17:15:22,13.0110816,80.0013583,0013583,2025-09-04T23:28:34.691192
TN87F0976,353201358041769,15.0,61.42,337.0,03/09/2025 17:15:17,13.01097,80.0015816,0015816,2025-09-04T23:28:34.691302
TN87F0976,353201358041769,14.0,61.44,337.0,03/09/2025 17:15:12,13.010885,80.0017766,0017766,2025-09-04T23:28:34.691439
TN87F0976,353201358041769,12.0,61.46,334.0,03/09/2025 17:15:07,13.0108033,80.0019316,0019316,2025-09-04T23:28:34.691581
TN87F0976,353201358041769,8.0,61.48,334.0,03/09/2025 17:15:02,13.01073,80.0020483,0020483,2025-09-04T23:28:34.691691
TN87F0976,353201358041769,7.0,61.49,334.0,03/09/2025 17:14:59,13.0106933,80.00211,00211,2025-09-04T23:28:34.691861
TN87F0976,353201358041769,6.0,61.49,334.0,03/09/2025 17:14:58,13.0106783,80.0021316,0021316,2025-09-04T23:28:34.692027
TN87F0976,353201358041769,7.0,61.49,334.0,03/09/2025 17:14:57,13.0106683,80.00215,00215,2025-09-04T23:28:34.692174
TN87F0976,353201358041769,7.0,61.51,334.0,03/09/2025 17:14:52,13.0105999,80.00227,00227,2025-09-04T23:28:34.692278
TN87F0976,353201358041769,7.0,61.51,334.0,03/09/2025 17:14:51,13.0105883,80.0022883,0022883,2025-09-04T23:28:34.692403
TN87F0976,353201358041769,6.0,61.51,334.0,03/09/2025 17:14:49,13.0105783,80.0023233,0023233,2025-09-04T23:28:34.692532
TN87F0976,353201358041769,6.0,61.7,334.0,03/09/2025 17:14:49,13.0105783,80.0023233,0023233,2025-09-04T23:28:34.692654
TN87F0976,353201358041769,8.0,61.73,334.0,03/09/2025 17:14:47,13.0105566,80.0023516,0023516,2025-09-04T23:28:34.692759
TN87F0976,353201358041769,6.0,61.75,334.0,03/09/2025 17:14:43,13.010515,80.0023983,0023983,2025-09-04T23:28:34.692951
TN87F0976,353201358041769,6.0,61.76,334.0,03/09/2025 17:14:38,13.0104499,80.00245,00245,2025-09-04T23:28:34.693118
TN87F0976,353201358041769,0.0,61.76,334.0,03/09/2025 17:14:33,13.0104016,80.002495,002495,2025-09-04T23:28:34.693266
TN87F0976,353201358041769,0.0,61.76,334.0,03/09/2025 17:14:28,13.010365,80.0025316,0025316,2025-09-04T23:28:34.693410
TN87F0976,353201358041769,0.0,61.76,334.0,03/09/2025 17:14:23,13.010365,80.0025316,0025316,2025-09-04T23:28:34.693593
TN87F0976,353201358041769,6.0,61.77,334.0,03/09/2025 17:14:18,13.0103166,80.0026066,0026066,2025-09-04T23:28:34.693790
TN87F0976,353201358041769,0.0,61.77,334.0,03/09/2025 17:14:13,13.010325,80.0027033,0027033,2025-09-04T23:28:34.693969
TN87F0976,353201358041769,0.0,61.77,334.0,03/09/2025 17:14:08,13.010325,80.0027033,0027033,2025-09-04T23:28:34.694126
TN87F0976,353201358041769,0.0,61.77,334.0,03/09/2025 17:14:03,13.010325,80.0027033,0027033,2025-09-04T23:28:34.694277
TN87F0976,353201358041769,0.0,61.77,334.0,03/09/2025 17:13:58,13.010325,80.0027033,0027033,2025-09-04T23:28:34.694420
TN87F0976,353201358041769,0.0,61.77,334.0,03/09/2025 17:13:53,13.010325,80.0027033,0027033,2025-09-04T23:28:34.694536
TN87F0976,353201358041769,0.0,61.77,334.0,03/09/2025 17:13:48,13.010325,80.0027033,0027033,2025-09-04T23:28:34.694642
TN87F0976,353201358041769,0.0,61.77,334.0,03/09/2025 17:13:43,13.010325,80.0027033,0027033,2025-09-04T23:28:34.694787
TN87F0976,353201358041769,0.0,61.77,334.0,03/09/2025 17:13:38,13.010325,80.0027033,0027033,2025-09-04T23:28:34.694922
TN87F0976,353201358041769,0.0,61.77,334.0,03/09/2025 17:13:33,13.010325,80.0027033,0027033,2025-09-04T23:28:34.695073
TN87F0976,353201358041769,6.0,61.77,334.0,03/09/2025 17:13:28,13.0103066,80.0027333,0027333,2025-09-04T23:28:34.695214
TN87F0976,353201358041769,6.0,61.78,334.0,03/09/2025 17:13:25,13.0102816,80.0027883,0027883,2025-09-04T23:28:34.695397
TN87F0976,353201358041769,7.0,61.78,334.0,03/09/2025 17:13:23,13.0102616,80.0028116,0028116,2025-09-04T23:28:34.695542
TN87F0976,353201358041769,8.0,61.79,334.0,03/09/2025 17:13:21,13.01022,80.0028416,0028416,2025-09-04T23:28:34.695700
TN87F0976,353201358041769,4.0,61.79,334.0,03/09/2025 17:13:18,13.0101716,80.00288,00288,2025-09-04T23:28:34.695856
TN87F0976,353201358041769,7.0,61.8,334.0,03/09/2025 17:13:13,13.0101233,80.0029416,0029416,2025-09-04T23:28:34.695991
TN87F0976,353201358041769,0.0,61.8,334.0,03/09/2025 17:13:08,13.0100316,80.0030416,0030416,2025-09-04T23:28:34.696127
TN87F0976,353201358041769,0.0,61.8,334.0,03/09/2025 17:13:03,13.0100316,80.0030416,0030416,2025-09-04T23:28:34.696266
TN87F0976,353201358041769,0.0,61.8,334.0,03/09/2025 17:12:58,13.0100316,80.0030416,0030416,2025-09-04T23:28:34.696399
TN87F0976,353201358041769,0.0,61.8,334.0,03/09/2025 17:12:58,13.0100316,80.0030416,0030416,2025-09-04T23:28:34.696554
TN87F0976,353201358041769,7.0,61.81,334.0,03/09/2025 17:12:53,13.0100333,80.0031083,0031083,2025-09-04T23:28:34.696697
TN87F0976,353201358041769,7.0,61.83,334.0,03/09/2025 17:12:49,13.0099733,80.0031883,0031883,2025-09-04T23:28:34.696808
TN87F0976,353201358041769,4.0,61.84,334.0,03/09/2025 17:12:45,13.009915,80.0032833,0032833,2025-09-04T23:28:34.696925
TN87F0976,353201358041769,4.0,61.84,334.0,03/09/2025 17:12:40,13.0098466,80.0033166,0033166,2025-09-04T23:28:34.697123
TN87F0976,353201358041769,0.0,61.84,334.0,03/09/2025 17:12:35,13.0097783,80.00334,00334,2025-09-04T23:28:34.697303
TN87F0976,353201358041769,8.0,61.84,334.0,03/09/2025 17:12:30,13.009745,80.0033416,0033416,2025-09-04T23:28:34.697496
TN87F0976,353201358041769,10.0,61.85,334.0,03/09/2025 17:12:29,13.0097333,80.0033416,0033416,2025-09-04T23:28:34.697968
TN87F0976,353201358041769,9.0,61.85,334.0,03/09/2025 17:12:28,13.009715,80.00335,00335,2025-09-04T23:28:34.698221
TN87F0976,353201358041769,8.0,61.85,334.0,03/09/2025 17:12:27,13.0096966,80.0033533,0033533,2025-09-04T23:28:34.698426
TN87F0976,353201358041769,0.0,61.85,334.0,03/09/2025 17:12:23,13.00955,80.0033733,0033733,2025-09-04T23:28:34.698855
TN87F0976,353201358041769,0.0,61.85,334.0,03/09/2025 17:12:23,13.0096766,80.0033566,0033566,2025-09-04T23:28:34.699054
TN87F0976,353201358041769,0.0,61.85,334.0,03/09/2025 17:12:09,13.00955,80.0033733,0033733,2025-09-04T23:28:34.699272
TN87F0976,353201358041769,0.0,61.85,334.0,03/09/2025 17:12:08,13.00955,80.0033733,0033733,2025-09-04T23:28:34.699466
TN87F0976,353201358041769,0.0,61.85,334.0,03/09/2025 17:12:03,13.00955,80.0033733,0033733,2025-09-04T23:28:34.699667
TN87F0976,353201358041769,0.0,61.85,333.0,03/09/2025 17:11:58,13.0095516,80.003375,003375,2025-09-04T23:28:34.699873
TN87F0976,353201358041769,0.0,61.85,333.0,03/09/2025 17:11:53,13.0094883,80.0032799,0032799,2025-09-04T23:28:34.700376
TN87F0976,353201358041769,0.0,61.85,333.0,03/09/2025 17:11:48,13.0094883,80.0032799,0032799,2025-09-04T23:28:34.701465
TN87F0976,353201358041769,0.0,61.85,333.0,03/09/2025 17:11:43,13.0094883,80.0032799,0032799,2025-09-04T23:28:34.701750
TN87F0976,353201358041769,0.0,61.85,333.0,03/09/2025 17:11:38,13.0094883,80.0032799,0032799,2025-09-04T23:28:34.702125
TN87F0976,353201358041769,0.0,61.85,333.0,03/09/2025 17:11:33,13.0094883,80.0032799,0032799,2025-09-04T23:28:34.702820
TN87F0976,353201358041769,0.0,61.85,333.0,03/09/2025 17:11:28,13.0094883,80.0032799,0032799,2025-09-04T23:28:34.703143
TN87F0976,353201358041769,4.0,61.85,333.0,03/09/2025 17:11:23,13.0094883,80.0032766,0032766,2025-09-04T23:28:34.704491
TN87F0976,353201358041769,0.0,61.85,333.0,03/09/2025 17:11:18,13.0095383,80.0032933,0032933,2025-09-04T23:28:34.704762
TN87F0976,353201358041769,0.0,61.85,333.0,03/09/2025 17:11:13,13.0095383,80.0032933,0032933,2025-09-04T23:28:34.705028
TN87F0976,353201358041769,0.0,61.85,333.0,03/09/2025 17:11:08,13.0095383,80.0032933,0032933,2025-09-04T23:28:34.705192
TN87F0976,353201358041769,0.0,61.85,333.0,03/09/2025 17:11:03,13.0095383,80.0032933,0032933,2025-09-04T23:28:34.705407
TN87F0976,353201358041769,0.0,61.85,333.0,03/09/2025 17:10:58,13.0095383,80.0032933,0032933,2025-09-04T23:28:34.705641
TN87F0976,353201358041769,3.0,61.85,333.0,03/09/2025 17:10:53,13.0095283,80.0032733,0032733,2025-09-04T23:28:34.705866
TN87F0976,353201358041769,0.0,61.85,333.0,03/09/2025 17:10:48,13.00947,80.0032266,0032266,2025-09-04T23:28:34.706091
TN87F0976,353201358041769,0.0,61.85,333.0,03/09/2025 17:10:48,13.0093883,80.0033916,0033916,2025-09-04T23:28:34.706313
TN87F0976,353201358041769,0.0,61.85,333.0,03/09/2025 17:10:20,13.0093883,80.0033916,0033916,2025-09-04T23:28:34.706530
TN87F0976,353201358041769,0.0,61.85,333.0,03/09/2025 17:09:50,13.0093883,80.0033916,0033916,2025-09-04T23:28:34.706753
TN87F0976,353201358041769,0.0,61.85,333.0,03/09/2025 17:09:20,13.0093883,80.0033916,0033916,2025-09-04T23:28:34.706984
TN87F0976,353201358041769,0.0,61.85,333.0,03/09/2025 17:08:50,13.0093883,80.0033916,0033916,2025-09-04T23:28:34.707214
TN87F0976,353201358041769,0.0,61.85,333.0,03/09/2025 17:08:20,13.0093883,80.0033916,0033916,2025-09-04T23:28:34.707443
TN87F0976,353201358041769,0.0,61.85,332.0,03/09/2025 17:07:50,13.0093883,80.0033916,0033916,2025-09-04T23:28:34.708036
TN87F0976,353201358041769,0.0,61.85,332.0,03/09/2025 17:07:20,13.0093883,80.0033916,0033916,2025-09-04T23:28:34.708269
TN87F0976,353201358041769,0.0,61.85,333.0,03/09/2025 17:06:50,13.0093883,80.0033916,0033916,2025-09-04T23:28:34.708481
TN87F0976,353201358041769,0.0,61.85,333.0,03/09/2025 17:06:20,13.0093883,80.0033916,0033916,2025-09-04T23:28:34.708692
TN87F0976,353201358041769,0.0,61.85,333.0,03/09/2025 17:05:50,13.0093883,80.0033916,0033916,2025-09-04T23:28:34.708889
TN87F0976,353201358041769,0.0,61.85,334.0,03/09/2025 17:05:20,13.0093883,80.0033916,0033916,2025-09-04T23:28:34.709068
TN87F0976,353201358041769,0.0,61.85,334.0,03/09/2025 17:04:50,13.0093883,80.0033916,0033916,2025-09-04T23:28:34.709260
TN87F0976,353201358041769,0.0,61.85,334.0,03/09/2025 17:04:20,13.0093883,80.0033916,0033916,2025-09-04T23:28:34.709491
TN87F0976,353201358041769,0.0,61.85,334.0,03/09/2025 17:03:50,13.0093883,80.0033916,0033916,2025-09-04T23:28:34.709704
TN87F0976,353201358041769,0.0,61.85,334.0,03/09/2025 17:03:20,13.0093883,80.0033916,0033916,2025-09-04T23:28:34.709887
TN87F0976,353201358041769,0.0,61.85,334.0,03/09/2025 17:02:50,13.0093883,80.0033916,0033916,2025-09-04T23:28:34.710044
TN87F0976,353201358041769,0.0,61.85,0.0,03/09/2025 17:02:20,13.0093883,80.0033916,0033916,2025-09-04T23:28:34.710211
TN87F0976,353201358041769,0.0,61.85,334.0,03/09/2025 17:00:44,13.0097083,80.0031183,0031183,2025-09-04T23:28:34.710362
TN87F0976,353201358041769,0.0,61.85,334.0,03/09/2025 17:00:14,13.0097083,80.0031183,0031183,2025-09-04T23:28:34.710512
TN87F0976,353201358041769,0.0,61.85,334.0,03/09/2025 16:59:44,13.0097083,80.0031183,0031183,2025-09-04T23:28:34.710673
TN87F0976,353201358041769,0.0,61.85,0.0,03/09/2025 16:59:14,13.0097083,80.0031183,0031183,2025-09-04T23:28:34.710816
TN87F0976,353201358041769,0.0,61.85,334.0,03/09/2025 16:01:47,13.0097083,80.0031183,0031183,2025-09-04T23:28:34.710948
TN87F0976,353201358041769,0.0,61.85,334.0,03/09/2025 16:01:47,13.0097083,80.0031183,0031183,2025-09-04T23:28:34.711105
TN87F0976,353201358041769,0.0,61.85,334.0,03/09/2025 16:01:17,13.0097083,80.0031183,0031183,2025-09-04T23:28:34.711236
TN87F0976,353201358041769,0.0,61.85,334.0,03/09/2025 16:00:47,13.0097083,80.0031183,0031183,2025-09-04T23:28:34.711448
TN87F0976,353201358041769,0.0,61.85,334.0,03/09/2025 16:00:17,13.0097083,80.0031183,0031183,2025-09-04T23:28:34.711665
TN87F0976,353201358041769,0.0,61.85,334.0,03/09/2025 15:59:47,13.0097083,80.0031183,0031183,2025-09-04T23:28:34.711875
TN87F0976,353201358041769,0.0,61.85,334.0,03/09/2025 15:59:17,13.0097083,80.0031183,0031183,2025-09-04T23:28:34.712156
TN87F0976,353201358041769,0.0,61.85,334.0,03/09/2025 15:58:47,13.0097083,80.0031183,0031183,2025-09-04T23:28:34.712386
TN87F0976,353201358041769,0.0,61.85,334.0,03/09/2025 15:58:17,13.0097083,80.0031183,0031183,2025-09-04T23:28:34.712595
TN87F0976,353201358041769,0.0,61.85,334.0,03/09/2025 15:57:47,13.0097083,80.0031183,0031183,2025-09-04T23:28:34.712800
TN87F0976,353201358041769,0.0,61.85,334.0,03/09/2025 15:57:17,13.0097083,80.0031183,0031183,2025-09-04T23:28:34.713039
TN87F0976,353201358041769,0.0,61.85,334.0,03/09/2025 15:56:47,13.0097083,80.0031183,0031183,2025-09-04T23:28:34.713234
TN87F0976,353201358041769,0.0,61.85,334.0,03/09/2025 15:56:17,13.0097083,80.0031183,0031183,2025-09-04T23:28:34.713459
TN87F0976,353201358041769,0.0,61.85,334.0,03/09/2025 15:55:47,13.0097083,80.0031183,0031183,2025-09-04T23:28:34.713654
TN87F0976,353201358041769,0.0,61.85,334.0,03/09/2025 15:55:17,13.0097083,80.0031183,0031183,2025-09-04T23:28:34.713865
TN87F0976,353201358041769,0.0,61.85,334.0,03/09/2025 15:54:47,13.0097083,80.0031183,0031183,2025-09-04T23:28:34.714040
TN87F0976,353201358041769,0.0,61.85,334.0,03/09/2025 15:54:17,13.0097083,80.0031183,0031183,2025-09-04T23:28:34.714212
TN87F0976,353201358041769,0.0,61.85,334.0,03/09/2025 15:53:47,13.0097083,80.0031183,0031183,2025-09-04T23:28:34.714355
TN87F0976,353201358041769,0.0,61.85,332.0,03/09/2025 15:53:17,13.0097083,80.0031183,0031183,2025-09-04T23:28:34.714472
TN87F0976,353201358041769,0.0,61.85,330.0,03/09/2025 15:52:47,13.0097083,80.0031183,0031183,2025-09-04T23:28:34.714606
TN87F0976,353201358041769,0.0,61.85,328.0,03/09/2025 15:52:17,13.0097083,80.0031183,0031183,2025-09-04T23:28:34.714811
TN87F0976,353201358041769,0.0,61.85,326.0,03/09/2025 15:51:47,13.0097083,80.0031183,0031183,2025-09-04T23:28:34.715014
TN87F0976,353201358041769,0.0,61.85,326.0,03/09/2025 15:51:17,13.0097083,80.0031183,0031183,2025-09-04T23:28:34.715182
TN87F0976,353201358041769,0.0,61.85,329.0,03/09/2025 15:50:47,13.0097083,80.0031183,0031183,2025-09-04T23:28:34.715349
TN87F0976,353201358041769,0.0,61.85,329.0,03/09/2025 15:50:46,13.0097083,80.0031183,0031183,2025-09-04T23:28:34.715491
TN87F0976,353201358041769,4.0,61.86,329.0,03/09/2025 15:50:45,13.0097216,80.003125,003125,2025-09-04T23:28:34.715628
TN87F0976,353201358041769,0.0,61.86,334.0,03/09/2025 15:50:40,13.0097083,80.0031166,0031166,2025-09-04T23:28:34.715795
TN87F0976,353201358041769,5.0,61.87,334.0,03/09/2025 15:50:35,13.0096916,80.0031033,0031033,2025-09-04T23:28:34.715957
TN87F0976,353201358041769,0.0,61.87,334.0,03/09/2025 15:50:30,13.00963,80.0030266,0030266,2025-09-04T23:28:34.716083
TN87F0976,353201358041769,0.0,61.87,334.0,03/09/2025 15:50:25,13.00963,80.0030266,0030266,2025-09-04T23:28:34.716194
TN87F0976,353201358041769,0.0,61.87,334.0,03/09/2025 15:50:20,13.00963,80.0030266,0030266,2025-09-04T23:28:34.716303
TN87F0976,353201358041769,0.0,61.87,334.0,03/09/2025 15:50:15,13.00963,80.0030266,0030266,2025-09-04T23:28:34.716433
TN87F0976,353201358041769,0.0,61.87,337.0,03/09/2025 15:50:10,13.009625,80.0030133,0030133,2025-09-04T23:28:34.716588
TN87F0976,353201358041769,0.0,61.87,337.0,03/09/2025 15:50:05,13.0095966,80.00297,00297,2025-09-04T23:28:34.716763
TN87F0976,353201358041769,6.0,62.04,337.0,03/09/2025 15:50:00,13.0095583,80.0028533,0028533,2025-09-04T23:28:34.716912
TN87F0976,353201358041769,4.0,62.05,337.0,03/09/2025 15:49:58,13.009525,80.00281,00281,2025-09-04T23:28:34.717068
TN87F0976,353201358041769,4.0,62.35,337.0,03/09/2025 15:49:53,13.0095083,80.0027833,0027833,2025-09-04T23:28:34.717218
TN87F0976,353201358041769,6.0,62.36,337.0,03/09/2025 15:49:48,13.0094849,80.00274,00274,2025-09-04T23:28:34.717334
TN87F0976,353201358041769,6.0,62.36,341.0,03/09/2025 15:49:47,13.0094766,80.0027183,0027183,2025-09-04T23:28:34.717460
TN87F0976,353201358041769,6.0,62.36,341.0,03/09/2025 15:49:46,13.0094799,80.0027016,0027016,2025-09-04T23:28:34.717588
TN87F0976,353201358041769,4.0,62.37,341.0,03/09/2025 15:49:45,13.0094633,80.002675,002675,2025-09-04T23:28:34.717731
TN87F0976,353201358041769,0.0,62.37,341.0,03/09/2025 15:49:40,13.0094633,80.00264,00264,2025-09-04T23:28:34.717874
TN87F0976,353201358041769,0.0,62.37,341.0,03/09/2025 15:49:35,13.0094416,80.00255,00255,2025-09-04T23:28:34.717997
TN87F0976,353201358041769,0.0,62.37,341.0,03/09/2025 15:49:30,13.0094333,80.0025316,0025316,2025-09-04T23:28:34.718123
TN87F0976,353201358041769,7.0,62.38,341.0,03/09/2025 15:49:25,13.0094366,80.0023933,0023933,2025-09-04T23:28:34.718278
TN87F0976,353201358041769,4.0,62.39,341.0,03/09/2025 15:49:23,13.0094566,80.0023116,0023116,2025-09-04T23:28:34.718394
TN87F0976,353201358041769,5.0,62.41,341.0,03/09/2025 15:49:18,13.0095233,80.00211,00211,2025-09-04T23:28:34.718495
TN87F0976,353201358041769,0.0,62.41,342.0,03/09/2025 15:49:13,13.0094816,80.0019449,0019449,2025-09-04T23:28:34.718633
TN87F0976,353201358041769,0.0,62.41,342.0,03/09/2025 15:49:08,13.0094183,80.0017499,0017499,2025-09-04T23:28:34.718772
TN87F0976,353201358041769,0.0,62.41,342.0,03/09/2025 15:49:03,13.0094183,80.0017499,0017499,2025-09-04T23:28:34.718917
TN87F0976,353201358041769,0.0,62.41,342.0,03/09/2025 15:48:58,13.0094183,80.0017499,0017499,2025-09-04T23:28:34.719052
TN87F0976,353201358041769,0.0,62.41,342.0,03/09/2025 15:48:53,13.0094183,80.0017499,0017499,2025-09-04T23:28:34.719196
TN87F0976,353201358041769,6.0,62.42,342.0,03/09/2025 15:48:48,13.0094033,80.0017266,0017266,2025-09-04T23:28:34.719318
TN87F0976,353201358041769,6.0,62.43,342.0,03/09/2025 15:48:45,13.0093133,80.0016333,0016333,2025-09-04T23:28:34.719485
TN87F0976,353201358041769,7.0,62.44,341.0,03/09/2025 15:48:43,13.0092699,80.0016016,0016016,2025-09-04T23:28:34.719670
TN87F0976,353201358041769,8.0,62.44,341.0,03/09/2025 15:48:42,13.00925,80.0016033,0016033,2025-09-04T23:28:34.719822
TN87F0976,353201358041769,8.0,62.45,341.0,03/09/2025 15:48:40,13.0091833,80.0015716,0015716,2025-09-04T23:28:34.720006
TN87F0976,353201358041769,12.0,62.47,341.0,03/09/2025 15:48:35,13.0090283,80.001535,001535,2025-09-04T23:28:34.720169
TN87F0976,353201358041769,10.0,62.49,341.0,03/09/2025 15:48:30,13.008795,80.00152,00152,2025-09-04T23:28:34.720316
TN87F0976,353201358041769,11.0,62.52,341.0,03/09/2025 15:48:25,13.0085633,80.0016033,0016033,2025-09-04T23:28:34.720465
TN87F0976,353201358041769,10.0,62.53,341.0,03/09/2025 15:48:24,13.00851,80.0016383,0016383,2025-09-04T23:28:34.720606
TN87F0976,353201358041769,10.0,62.53,341.0,03/09/2025 15:48:23,13.008485,80.001665,001665,2025-09-04T23:28:34.720728
TN87F0976,353201358041769,9.0,62.7,341.0,03/09/2025 15:48:22,13.0084399,80.0017049,0017049,2025-09-04T23:28:34.720832
TN87F0976,353201358041769,7.0,62.71,341.0,03/09/2025 15:48:20,13.0083783,80.001785,001785,2025-09-04T23:28:34.720946
TN87F0976,353201358041769,8.0,62.71,341.0,03/09/2025 15:48:19,13.0083549,80.0018116,0018116,2025-09-04T23:28:34.721079
TN87F0976,353201358041769,14.0,62.72,341.0,03/09/2025 15:48:18,13.0083133,80.001845,001845,2025-09-04T23:28:34.721248
TN87F0976,353201358041769,14.0,62.73,341.0,03/09/2025 15:48:16,13.0082566,80.001875,001875,2025-09-04T23:28:34.721408
TN87F0976,353201358041769,13.0,62.73,341.0,03/09/2025 15:48:15,13.0082333,80.001915,001915,2025-09-04T23:28:34.721560
TN87F0976,353201358041769,13.0,62.74,341.0,03/09/2025 15:48:13,13.0081783,80.0019516,0019516,2025-09-04T23:28:34.721710
TN87F0976,353201358041769,13.0,62.75,340.0,03/09/2025 15:48:11,13.0081216,80.0019766,0019766,2025-09-04T23:28:34.721857
TN87F0976,353201358041769,13.0,62.75,340.0,03/09/2025 15:48:09,13.0080683,80.0019716,0019716,2025-09-04T23:28:34.722035
TN87F0976,353201358041769,15.0,62.76,340.0,03/09/2025 15:48:07,13.0080283,80.001915,001915,2025-09-04T23:28:34.722189
TN87F0976,353201358041769,14.0,62.79,340.0,03/09/2025 15:48:02,13.007815,80.00201,00201,2025-09-04T23:28:34.722336
TN87F0976,353201358041769,13.0,62.79,340.0,03/09/2025 15:48:01,13.0077783,80.0020199,0020199,2025-09-04T23:28:34.722462
TN87F0976,353201358041769,13.0,62.8,340.0,03/09/2025 15:48:00,13.0077383,80.0020433,0020433,2025-09-04T23:28:34.722587
TN87F0976,353201358041769,14.0,62.8,340.0,03/09/2025 15:47:59,13.0077083,80.0020783,0020783,2025-09-04T23:28:34.722693
TN87F0976,353201358041769,11.0,62.82,340.0,03/09/2025 15:47:56,13.0076,80.0022383,0022383,2025-09-04T23:28:34.722815
TN87F0976,353201358041769,9.0,62.85,340.0,03/09/2025 15:47:51,13.0075499,80.0024699,0024699,2025-09-04T23:28:34.722965
TN87F0976,353201358041769,9.0,62.86,340.0,03/09/2025 15:47:49,13.0075399,80.002565,002565,2025-09-04T23:28:34.723135
TN87F0976,353201358041769,9.0,62.87,340.0,03/09/2025 15:47:48,13.0075399,80.0026316,0026316,2025-09-04T23:28:34.723275
TN87F0976,353201358041769,10.0,62.88,340.0,03/09/2025 15:47:45,13.0075783,80.0027166,0027166,2025-09-04T23:28:34.723398
TN87F0976,353201358041769,11.0,62.88,340.0,03/09/2025 15:47:43,13.0075966,80.0027716,0027716,2025-09-04T23:28:34.723503
TN87F0976,353201358041769,12.0,62.89,339.0,03/09/2025 15:47:41,13.007605,80.0028349,0028349,2025-09-04T23:28:34.723629
TN87F0976,353201358041769,13.0,62.89,339.0,03/09/2025 15:47:40,13.0076066,80.0028683,0028683,2025-09-04T23:28:34.723770
TN87F0976,353201358041769,10.0,62.9,339.0,03/09/2025 15:47:39,13.0076,80.00291,00291,2025-09-04T23:28:34.723891
TN87F0976,353201358041769,11.0,62.91,339.0,03/09/2025 15:47:34,13.0076266,80.003075,003075,2025-09-04T23:28:34.724043
TN87F0976,353201358041769,11.0,63.13,339.0,03/09/2025 15:47:32,13.0076283,80.00315,00315,2025-09-04T23:28:34.724169
TN87F0976,353201358041769,11.0,63.14,339.0,03/09/2025 15:47:30,13.0076233,80.0032116,0032116,2025-09-04T23:28:34.724333
TN87F0976,353201358041769,11.0,63.15,339.0,03/09/2025 15:47:29,13.0076216,80.0032483,0032483,2025-09-04T23:28:34.724893
TN87F0976,353201358041769,12.0,63.17,339.0,03/09/2025 15:47:24,13.0076266,80.0034383,0034383,2025-09-04T23:28:34.725144
TN87F0976,353201358041769,11.0,63.17,339.0,03/09/2025 15:47:23,13.0076283,80.0034766,0034766,2025-09-04T23:28:34.725335
TN87F0976,353201358041769,14.0,63.19,339.0,03/09/2025 15:47:18,13.0076399,80.00366,00366,2025-09-04T23:28:34.725506
TN87F0976,353201358041769,14.0,63.22,339.0,03/09/2025 15:47:13,13.0076299,80.003895,003895,2025-09-04T23:28:34.725717
TN87F0976,353201358041769,15.0,63.22,339.0,03/09/2025 15:47:12,13.0076333,80.00394,00394,2025-09-04T23:28:34.725920
TN87F0976,353201358041769,9.0,63.24,337.0,03/09/2025 15:47:07,13.0076449,80.0041583,0041583,2025-09-04T23:28:34.726117
TN87F0976,353201358041769,14.0,63.26,337.0,03/09/2025 15:47:02,13.0076733,80.004325,004325,2025-09-04T23:28:34.726326
TN87F0976,353201358041769,12.0,63.28,337.0,03/09/2025 15:46:58,13.0076866,80.0044916,0044916,2025-09-04T23:28:34.726510
TN87F0976,353201358041769,9.0,63.28,337.0,03/09/2025 15:46:57,13.0076883,80.0045333,0045333,2025-09-04T23:28:34.726685
TN87F0976,353201358041769,12.0,63.29,337.0,03/09/2025 15:46:55,13.0076916,80.0045833,0045833,2025-09-04T23:28:34.726872
TN87F0976,353201358041769,13.0,63.3,337.0,03/09/2025 15:46:52,13.0077183,80.0046716,0046716,2025-09-04T23:28:34.727064
TN87F0976,353201358041769,12.0,63.32,337.0,03/09/2025 15:46:47,13.0077666,80.0048483,0048483,2025-09-04T23:28:34.727242
TN87F0976,353201358041769,9.0,63.33,337.0,03/09/2025 15:46:45,13.0078316,80.0049133,0049133,2025-09-04T23:28:34.727403
TN87F0976,353201358041769,9.0,63.34,337.0,03/09/2025 15:46:44,13.0078549,80.0049633,0049633,2025-09-04T23:28:34.727556
TN87F0976,353201358041769,0.0,63.34,337.0,03/09/2025 15:46:42,13.0078916,80.005065,005065,2025-09-04T23:28:34.727687
TN87F0976,353201358041769,0.0,63.34,335.0,03/09/2025 15:46:37,13.0079599,80.0051933,0051933,2025-09-04T23:28:34.727846
TN87F0976,353201358041769,6.0,63.34,335.0,03/09/2025 15:46:32,13.0080033,80.0051999,0051999,2025-09-04T23:28:34.727986
TN87F0976,353201358041769,7.0,63.35,335.0,03/09/2025 15:46:31,13.0080133,80.0052166,0052166,2025-09-04T23:28:34.728090
TN87F0976,353201358041769,7.0,63.36,335.0,03/09/2025 15:46:30,13.0080383,80.0052166,0052166,2025-09-04T23:28:34.728286
TN87F0976,353201358041769,8.0,63.36,335.0,03/09/2025 15:46:28,13.0080949,80.0052116,0052116,2025-09-04T23:28:34.728499
TN87F0976,353201358041769,6.0,63.37,335.0,03/09/2025 15:46:27,13.0081366,80.0052016,0052016,2025-09-04T23:28:34.728720
TN87F0976,353201358041769,6.0,63.38,335.0,03/09/2025 15:46:24,13.0082233,80.0052066,0052066,2025-09-04T23:28:34.728882
TN87F0976,353201358041769,6.0,63.4,335.0,03/09/2025 15:46:23,13.0082516,80.005215,005215,2025-09-04T23:28:34.729059
TN87F0976,353201358041769,0.0,63.4,335.0,03/09/2025 15:46:18,13.008405,80.0052716,0052716,2025-09-04T23:28:34.729258
TN87F0976,353201358041769,0.0,63.4,335.0,03/09/2025 15:46:13,13.008525,80.0053083,0053083,2025-09-04T23:28:34.729448
TN87F0976,353201358041769,6.0,63.4,334.0,03/09/2025 15:46:08,13.00856,80.005345,005345,2025-09-04T23:28:34.729641
TN87F0976,353201358041769,0.0,63.4,334.0,03/09/2025 15:46:06,13.0086033,80.0053766,0053766,2025-09-04T23:28:34.729781
TN87F0976,353201358041769,0.0,63.4,334.0,03/09/2025 15:46:01,13.0086966,80.0054066,0054066,2025-09-04T23:28:34.729972
TN87F0976,353201358041769,0.0,63.4,334.0,03/09/2025 15:45:56,13.00881,80.0054583,0054583,2025-09-04T23:28:34.730111
TN87F0976,353201358041769,0.0,63.4,334.0,03/09/2025 15:45:51,13.0088616,80.0055133,0055133,2025-09-04T23:28:34.730234
TN87F0976,353201358041769,6.0,63.41,334.0,03/09/2025 15:45:46,13.00894,80.0055516,0055516,2025-09-04T23:28:34.730370
TN87F0976,353201358041769,6.0,63.42,334.0,03/09/2025 15:45:43,13.0090266,80.0055216,0055216,2025-09-04T23:28:34.730484
TN87F0976,353201358041769,7.0,63.42,334.0,03/09/2025 15:45:40,13.0090966,80.0055216,0055216,2025-09-04T23:28:34.730631
TN87F0976,353201358041769,9.0,63.43,334.0,03/09/2025 15:45:38,13.0091266,80.0055433,0055433,2025-09-04T23:28:34.730774
TN87F0976,353201358041769,8.0,63.44,334.0,03/09/2025 15:45:33,13.0091533,80.0056283,0056283,2025-09-04T23:28:34.730910
TN87F0976,353201358041769,6.0,63.44,334.0,03/09/2025 15:45:30,13.0091816,80.0056533,0056533,2025-09-04T23:28:34.731045
TN87F0976,353201358041769,0.0,63.44,334.0,03/09/2025 15:45:29,13.0091916,80.0056633,0056633,2025-09-04T23:28:34.731184
TN87F0976,353201358041769,0.0,63.44,334.0,03/09/2025 15:45:24,13.0091966,80.0056933,0056933,2025-09-04T23:28:34.731342
TN87F0976,353201358041769,0.0,63.44,334.0,03/09/2025 15:45:19,13.0091966,80.0056933,0056933,2025-09-04T23:28:34.731500
TN87F0976,353201358041769,0.0,63.44,334.0,03/09/2025 15:45:14,13.0091933,80.0057049,0057049,2025-09-04T23:28:34.731659
TN87F0976,353201358041769,0.0,63.44,334.0,03/09/2025 15:45:11,13.0105899,80.0038966,0038966,2025-09-04T23:28:34.731814
TN87F0976,353201358041769,0.0,63.44,334.0,03/09/2025 15:45:06,13.0105899,80.0038966,0038966,2025-09-04T23:28:34.732009
TN87F0976,353201358041769,0.0,63.44,334.0,03/09/2025 15:45:01,13.0105899,80.0038966,0038966,2025-09-04T23:28:34.732157
TN87F0976,353201358041769,0.0,63.44,334.0,03/09/2025 15:44:56,13.0105899,80.0038966,0038966,2025-09-04T23:28:34.732270
TN87F0976,353201358041769,0.0,63.44,334.0,03/09/2025 15:44:51,13.0105899,80.0038966,0038966,2025-09-04T23:28:34.732376
TN87F0976,353201358041769,0.0,63.44,334.0,03/09/2025 15:44:46,13.0105899,80.0038966,0038966,2025-09-04T23:28:34.732506
TN87F0976,353201358041769,0.0,63.44,334.0,03/09/2025 15:44:41,13.0105899,80.0038966,0038966,2025-09-04T23:28:34.732639
TN87F0976,353201358041769,0.0,63.44,334.0,03/09/2025 15:44:36,13.0105899,80.0038966,0038966,2025-09-04T23:28:34.732775
TN87F0976,353201358041769,0.0,63.44,334.0,03/09/2025 15:44:31,13.0105899,80.0038966,0038966,2025-09-04T23:28:34.732896
TN87F0976,353201358041769,0.0,63.44,334.0,03/09/2025 15:44:26,13.0105899,80.0038966,0038966,2025-09-04T23:28:34.733068
TN87F0976,353201358041769,0.0,63.44,334.0,03/09/2025 15:44:21,13.0105899,80.0038966,0038966,2025-09-04T23:28:34.733189
TN87F0976,353201358041769,0.0,63.44,334.0,03/09/2025 15:44:16,13.0105899,80.0038966,0038966,2025-09-04T23:28:34.733298
TN87F0976,353201358041769,0.0,63.44,334.0,03/09/2025 15:44:11,13.0105899,80.0038966,0038966,2025-09-04T23:28:34.733466
TN87F0976,353201358041769,0.0,63.44,335.0,03/09/2025 15:44:06,13.0105899,80.0038966,0038966,2025-09-04T23:28:34.733583
TN87F0976,353201358041769,0.0,63.44,335.0,03/09/2025 15:44:01,13.0105899,80.0038966,0038966,2025-09-04T23:28:34.733710
TN87F0976,353201358041769,0.0,63.44,335.0,03/09/2025 15:43:56,13.0105899,80.0038966,0038966,2025-09-04T23:28:34.733854
TN87F0976,353201358041769,0.0,63.44,335.0,03/09/2025 15:43:51,13.0105899,80.0038966,0038966,2025-09-04T23:28:34.733995
TN87F0976,353201358041769,0.0,63.44,335.0,03/09/2025 15:43:46,13.0105899,80.0038966,0038966,2025-09-04T23:28:34.734146
TN87F0976,353201358041769,0.0,63.44,335.0,03/09/2025 15:43:41,13.0105899,80.0038966,0038966,2025-09-04T23:28:34.734282
TN87F0976,353201358041769,0.0,63.44,335.0,03/09/2025 15:43:36,13.0105899,80.0038966,0038966,2025-09-04T23:28:34.734405
TN87F0976,353201358041769,0.0,63.44,335.0,03/09/2025 15:43:31,13.0105899,80.0038966,0038966,2025-09-04T23:28:34.734548
TN87F0976,353201358041769,0.0,63.44,335.0,03/09/2025 15:43:26,13.0105899,80.0038966,0038966,2025-09-04T23:28:34.734702
TN87F0976,353201358041769,0.0,63.44,335.0,03/09/2025 15:43:21,13.0105899,80.0038966,0038966,2025-09-04T23:28:34.734845
TN87F0976,353201358041769,0.0,63.44,335.0,03/09/2025 15:43:16,13.0105899,80.0038966,0038966,2025-09-04T23:28:34.735006
TN87F0976,353201358041769,0.0,63.44,335.0,03/09/2025 15:43:11,13.0105899,80.0038966,0038966,2025-09-04T23:28:34.735136
TN87F0976,353201358041769,0.0,63.44,335.0,03/09/2025 15:43:06,13.0105899,80.0038966,0038966,2025-09-04T23:28:34.735265
TN87F0976,353201358041769,0.0,63.44,335.0,03/09/2025 15:43:01,13.0105899,80.0038966,0038966,2025-09-04T23:28:34.735389
TN87F0976,353201358041769,0.0,63.44,335.0,03/09/2025 15:42:56,13.0105899,80.0038966,0038966,2025-09-04T23:28:34.735522
TN87F0976,353201358041769,0.0,63.44,335.0,03/09/2025 15:42:51,13.0105899,80.0038966,0038966,2025-09-04T23:28:34.735668
TN87F0976,353201358041769,0.0,63.44,335.0,03/09/2025 15:42:46,13.0105899,80.0038966,0038966,2025-09-04T23:28:34.735825
TN87F0976,353201358041769,0.0,63.44,335.0,03/09/2025 15:42:41,13.0105899,80.0038966,0038966,2025-09-04T23:28:34.736000
TN87F0976,353201358041769,0.0,63.44,335.0,03/09/2025 15:42:36,13.0105899,80.0038966,0038966,2025-09-04T23:28:34.736149
TN87F0976,353201358041769,0.0,63.44,335.0,03/09/2025 15:42:31,13.0105899,80.0038966,0038966,2025-09-04T23:28:34.736265
TN87F0976,353201358041769,0.0,63.44,335.0,03/09/2025 15:42:26,13.0105899,80.0038966,0038966,2025-09-04T23:28:34.736410
TN87F0976,353201358041769,0.0,63.44,335.0,03/09/2025 15:42:21,13.0105899,80.0038966,0038966,2025-09-04T23:28:34.736549
TN87F0976,353201358041769,0.0,63.44,335.0,03/09/2025 15:42:16,13.0105899,80.0038966,0038966,2025-09-04T23:28:34.736674
TN87F0976,353201358041769,0.0,63.44,335.0,03/09/2025 15:42:11,13.0105899,80.0038966,0038966,2025-09-04T23:28:34.736802
TN87F0976,353201358041769,0.0,63.44,335.0,03/09/2025 15:42:06,13.0105899,80.0038966,0038966,2025-09-04T23:28:34.736924
TN87F0976,353201358041769,0.0,63.44,335.0,03/09/2025 15:42:01,13.0105899,80.0038966,0038966,2025-09-04T23:28:34.737042
TN87F0976,353201358041769,0.0,63.44,335.0,03/09/2025 15:41:56,13.0105899,80.0038966,0038966,2025-09-04T23:28:34.737179
TN87F0976,353201358041769,0.0,63.44,335.0,03/09/2025 15:41:51,13.0105899,80.0038966,0038966,2025-09-04T23:28:34.737318
TN87F0976,353201358041769,0.0,63.44,0.0,03/09/2025 15:41:39,13.0105899,80.0038966,0038966,2025-09-04T23:28:34.737440
TN87F0976,353201358041769,0.0,63.44,335.0,03/09/2025 09:45:09,13.0105899,80.0038966,0038966,2025-09-04T23:28:34.737569
TN87F0976,353201358041769,0.0,63.44,335.0,03/09/2025 09:44:39,13.0105899,80.0038966,0038966,2025-09-04T23:28:34.737697
TN87F0976,353201358041769,0.0,63.44,335.0,03/09/2025 09:44:09,13.0105899,80.0038966,0038966,2025-09-04T23:28:34.738122
TN87F0976,353201358041769,0.0,63.44,335.0,03/09/2025 09:43:39,13.0105899,80.0038966,0038966,2025-09-04T23:28:34.738352
TN87F0976,353201358041769,0.0,63.44,335.0,03/09/2025 09:43:09,13.0105899,80.0038966,0038966,2025-09-04T23:28:34.738545
TN87F0976,353201358041769,0.0,63.44,335.0,03/09/2025 09:42:39,13.0105899,80.0038966,0038966,2025-09-04T23:28:34.738752
TN87F0976,353201358041769,0.0,63.44,335.0,03/09/2025 09:42:09,13.0105899,80.0038966,0038966,2025-09-04T23:28:34.738979
TN87F0976,353201358041769,0.0,63.44,335.0,03/09/2025 09:41:39,13.0105899,80.0038966,0038966,2025-09-04T23:28:34.739152
TN87F0976,353201358041769,0.0,63.44,335.0,03/09/2025 09:41:09,13.0105899,80.0038966,0038966,2025-09-04T23:28:34.739349
TN87F0976,353201358041769,0.0,63.44,335.0,03/09/2025 09:40:39,13.0105899,80.0038966,0038966,2025-09-04T23:28:34.739562
TN87F0976,353201358041769,0.0,63.44,335.0,03/09/2025 09:40:09,13.0105899,80.0038966,0038966,2025-09-04T23:28:34.739788
TN87F0976,353201358041769,0.0,63.44,335.0,03/09/2025 09:39:39,13.0105899,80.0038966,0038966,2025-09-04T23:28:34.740017
TN87F0976,353201358041769,0.0,63.44,335.0,03/09/2025 09:39:09,13.0105899,80.0038966,0038966,2025-09-04T23:28:34.740198
TN87F0976,353201358041769,0.0,63.44,335.0,03/09/2025 09:38:39,13.0105899,80.0038966,0038966,2025-09-04T23:28:34.740435
TN87F0976,353201358041769,0.0,63.44,335.0,03/09/2025 09:38:09,13.0105899,80.0038966,0038966,2025-09-04T23:28:34.740632
TN87F0976,353201358041769,0.0,63.44,335.0,03/09/2025 09:37:39,13.0105899,80.0038966,0038966,2025-09-04T23:28:34.740855
TN87F0976,353201358041769,0.0,63.44,335.0,03/09/2025 09:37:09,13.0105899,80.0038966,0038966,2025-09-04T23:28:34.741013
TN87F0976,353201358041769,0.0,63.44,335.0,03/09/2025 09:36:39,13.0105899,80.0038966,0038966,2025-09-04T23:28:34.741136
TN87F0976,353201358041769,0.0,63.44,335.0,03/09/2025 09:36:09,13.0105899,80.0038966,0038966,2025-09-04T23:28:34.741265
TN87F0976,353201358041769,0.0,63.44,335.0,03/09/2025 09:35:39,13.0105899,80.0038966,0038966,2025-09-04T23:28:34.741414
TN87F0976,353201358041769,0.0,63.44,335.0,03/09/2025 09:35:09,13.0105899,80.0038966,0038966,2025-09-04T23:28:34.741602
TN87F0976,353201358041769,0.0,63.44,335.0,03/09/2025 09:34:39,13.0105899,80.0038966,0038966,2025-09-04T23:28:34.741873
TN87F0976,353201358041769,0.0,63.44,335.0,03/09/2025 09:34:09,13.0105899,80.0038966,0038966,2025-09-04T23:28:34.742064
TN87F0976,353201358041769,0.0,63.44,335.0,03/09/2025 09:33:39,13.0105899,80.0038966,0038966,2025-09-04T23:28:34.742264
TN87F0976,353201358041769,0.0,63.44,335.0,03/09/2025 09:33:09,13.0105899,80.0038966,0038966,2025-09-04T23:28:34.742423
TN87F0976,353201358041769,0.0,63.44,335.0,03/09/2025 09:32:39,13.0105899,80.0038966,0038966,2025-09-04T23:28:34.742591
TN87F0976,353201358041769,0.0,63.44,335.0,03/09/2025 09:32:09,13.0105899,80.0038966,0038966,2025-09-04T23:28:34.742748
TN87F0976,353201358041769,0.0,63.44,335.0,03/09/2025 09:31:39,13.0105899,80.0038966,0038966,2025-09-04T23:28:34.742971
TN87F0976,353201358041769,0.0,63.44,335.0,03/09/2025 09:31:09,13.0105899,80.0038966,0038966,2025-09-04T23:28:34.743145
TN87F0976,353201358041769,0.0,63.44,335.0,03/09/2025 09:30:39,13.0105899,80.0038966,0038966,2025-09-04T23:28:34.743316
TN87F0976,353201358041769,0.0,63.44,335.0,03/09/2025 09:30:09,13.0105899,80.0038966,0038966,2025-09-04T23:28:34.743467
TN87F0976,353201358041769,0.0,63.44,335.0,03/09/2025 09:29:39,13.0105899,80.0038966,0038966,2025-09-04T23:28:34.743602
TN87F0976,353201358041769,0.0,63.44,335.0,03/09/2025 09:29:09,13.0105899,80.0038966,0038966,2025-09-04T23:28:34.743742
TN87F0976,353201358041769,0.0,63.44,335.0,03/09/2025 09:28:39,13.0105899,80.0038966,0038966,2025-09-04T23:28:34.743864
TN87F0976,353201358041769,0.0,63.44,335.0,03/09/2025 09:28:09,13.0105899,80.0038966,0038966,2025-09-04T23:28:34.743995
TN87F0976,353201358041769,0.0,63.44,335.0,03/09/2025 09:27:39,13.0105899,80.0038966,0038966,2025-09-04T23:28:34.744118
TN87F0976,353201358041769,0.0,63.44,335.0,03/09/2025 09:27:09,13.0105899,80.0038966,0038966,2025-09-04T23:28:34.744248
TN87F0976,353201358041769,0.0,63.44,335.0,03/09/2025 09:26:39,13.0105899,80.0038966,0038966,2025-09-04T23:28:34.744351
TN87F0976,353201358041769,0.0,63.44,335.0,03/09/2025 09:26:09,13.0105899,80.0038966,0038966,2025-09-04T23:28:34.744444
TN87F0976,353201358041769,0.0,63.44,335.0,03/09/2025 09:25:39,13.0105899,80.0038966,0038966,2025-09-04T23:28:34.744603
TN87F0976,353201358041769,0.0,63.44,335.0,03/09/2025 09:25:09,13.0105899,80.0038966,0038966,2025-09-04T23:28:34.744756
TN87F0976,353201358041769,0.0,63.44,335.0,03/09/2025 09:24:39,13.0105899,80.0038966,0038966,2025-09-04T23:28:34.744917
TN87F0976,353201358041769,0.0,63.44,335.0,03/09/2025 09:24:09,13.0105899,80.0038966,0038966,2025-09-04T23:28:34.745091
TN87F0976,353201358041769,0.0,63.44,335.0,03/09/2025 09:23:39,13.0105899,80.0038966,0038966,2025-09-04T23:28:34.745236
TN87F0976,353201358041769,0.0,63.44,335.0,03/09/2025 09:23:09,13.0105899,80.0038966,0038966,2025-09-04T23:28:34.745373
TN87F0976,353201358041769,0.0,63.44,335.0,03/09/2025 09:22:39,13.0105899,80.0038966,0038966,2025-09-04T23:28:34.745478
TN87F0976,353201358041769,0.0,63.44,335.0,03/09/2025 09:22:09,13.0105899,80.0038966,0038966,2025-09-04T23:28:34.745572
TN87F0976,353201358041769,0.0,63.44,335.0,03/09/2025 09:21:39,13.0105899,80.0038966,0038966,2025-09-04T23:28:34.745709
TN87F0976,353201358041769,0.0,63.44,335.0,03/09/2025 09:21:09,13.0105899,80.0038966,0038966,2025-09-04T23:28:34.745842
TN87F0976,353201358041769,0.0,63.44,335.0,03/09/2025 09:20:39,13.0105899,80.0038966,0038966,2025-09-04T23:28:34.745959
TN87F0976,353201358041769,0.0,63.44,335.0,03/09/2025 09:20:09,13.0105899,80.0038966,0038966,2025-09-04T23:28:34.746076
TN87F0976,353201358041769,0.0,63.44,335.0,03/09/2025 09:19:39,13.0105899,80.0038966,0038966,2025-09-04T23:28:34.746209
TN87F0976,353201358041769,0.0,63.44,335.0,03/09/2025 09:19:09,13.0105899,80.0038966,0038966,2025-09-04T23:28:34.746318
TN87F0976,353201358041769,0.0,63.44,335.0,03/09/2025 09:18:39,13.0105899,80.0038966,0038966,2025-09-04T23:28:34.746432
TN87F0976,353201358041769,0.0,63.44,335.0,03/09/2025 09:18:09,13.0105899,80.0038966,0038966,2025-09-04T23:28:34.746562
TN87F0976,353201358041769,0.0,63.44,335.0,03/09/2025 09:17:39,13.0105899,80.0038966,0038966,2025-09-04T23:28:34.746704
TN87F0976,353201358041769,0.0,63.44,335.0,03/09/2025 09:17:09,13.0105899,80.0038966,0038966,2025-09-04T23:28:34.746829
TN87F0976,353201358041769,0.0,63.44,335.0,03/09/2025 09:16:39,13.0105899,80.0038966,0038966,2025-09-04T23:28:34.746956
TN87F0976,353201358041769,0.0,63.44,335.0,03/09/2025 09:16:09,13.0105899,80.0038966,0038966,2025-09-04T23:28:34.747075
TN87F0976,353201358041769,0.0,63.44,335.0,03/09/2025 09:15:39,13.0105899,80.0038966,0038966,2025-09-04T23:28:34.747206
TN87F0976,353201358041769,0.0,63.44,335.0,03/09/2025 09:15:09,13.0105899,80.0038966,0038966,2025-09-04T23:28:34.747310
TN87F0976,353201358041769,0.0,63.44,335.0,03/09/2025 09:14:39,13.0105899,80.0038966,0038966,2025-09-04T23:28:34.747421
TN87F0976,353201358041769,0.0,63.44,335.0,03/09/2025 09:14:09,13.0105899,80.0038966,0038966,2025-09-04T23:28:34.747553
TN87F0976,353201358041769,0.0,63.44,335.0,03/09/2025 09:13:39,13.0105899,80.0038966,0038966,2025-09-04T23:28:34.747685
TN87F0976,353201358041769,0.0,63.44,335.0,03/09/2025 09:13:09,13.0105899,80.0038966,0038966,2025-09-04T23:28:34.747840
TN87F0976,353201358041769,0.0,63.44,335.0,03/09/2025 09:12:39,13.0105899,80.0038966,0038966,2025-09-04T23:28:34.747997
TN87F0976,353201358041769,0.0,63.44,335.0,03/09/2025 09:12:09,13.0105899,80.0038966,0038966,2025-09-04T23:28:34.748103
TN87F0976,353201358041769,0.0,63.44,335.0,03/09/2025 09:11:39,13.0105899,80.0038966,0038966,2025-09-04T23:28:34.748221
TN87F0976,353201358041769,0.0,63.44,335.0,03/09/2025 09:11:09,13.0105899,80.0038966,0038966,2025-09-04T23:28:34.748354
TN87F0976,353201358041769,0.0,63.44,335.0,03/09/2025 09:10:39,13.0105899,80.0038966,0038966,2025-09-04T23:28:34.748484
TN87F0976,353201358041769,0.0,63.44,335.0,03/09/2025 09:10:09,13.0105899,80.0038966,0038966,2025-09-04T23:28:34.748601
TN87F0976,353201358041769,0.0,63.44,335.0,03/09/2025 09:09:39,13.0105899,80.0038966,0038966,2025-09-04T23:28:34.748728
TN87F0976,353201358041769,0.0,63.44,335.0,03/09/2025 09:09:09,13.0105899,80.0038966,0038966,2025-09-04T23:28:34.748846
TN87F0976,353201358041769,0.0,63.44,335.0,03/09/2025 09:08:39,13.0105899,80.0038966,0038966,2025-09-04T23:28:34.749002
TN87F0976,353201358041769,0.0,63.44,335.0,03/09/2025 09:08:09,13.0105899,80.0038966,0038966,2025-09-04T23:28:34.749125
TN87F0976,353201358041769,0.0,63.44,335.0,03/09/2025 09:07:39,13.0105899,80.0038966,0038966,2025-09-04T23:28:34.749251
TN87F0976,353201358041769,0.0,63.44,335.0,03/09/2025 09:07:09,13.0105899,80.0038966,0038966,2025-09-04T23:28:34.749378
TN87F0976,353201358041769,0.0,63.44,335.0,03/09/2025 09:06:39,13.0105899,80.0038966,0038966,2025-09-04T23:28:34.749530
TN87F0976,353201358041769,0.0,63.44,335.0,03/09/2025 09:06:09,13.0105899,80.0038966,0038966,2025-09-04T23:28:34.749690
TN87F0976,353201358041769,0.0,63.44,335.0,03/09/2025 09:05:39,13.0105899,80.0038966,0038966,2025-09-04T23:28:34.749827
TN87F0976,353201358041769,0.0,63.44,335.0,03/09/2025 09:05:09,13.0105899,80.0038966,0038966,2025-09-04T23:28:34.749962
TN87F0976,353201358041769,0.0,63.44,335.0,03/09/2025 09:04:39,13.0105899,80.0038966,0038966,2025-09-04T23:28:34.750121
TN87F0976,353201358041769,0.0,63.44,335.0,03/09/2025 09:04:09,13.0105899,80.0038966,0038966,2025-09-04T23:28:34.750296
TN87F0976,353201358041769,0.0,63.44,335.0,03/09/2025 09:03:39,13.0105899,80.0038966,0038966,2025-09-04T23:28:34.750426
TN87F0976,353201358041769,0.0,63.44,335.0,03/09/2025 09:03:09,13.0105899,80.0038966,0038966,2025-09-04T23:28:34.750544
TN87F0976,353201358041769,0.0,63.44,335.0,03/09/2025 09:02:39,13.0105899,80.0038966,0038966,2025-09-04T23:28:34.750675
TN87F0976,353201358041769,0.0,63.44,335.0,03/09/2025 09:02:09,13.0105899,80.0038966,0038966,2025-09-04T23:28:34.750813
TN87F0976,353201358041769,0.0,63.44,335.0,03/09/2025 09:01:39,13.0105899,80.0038966,0038966,2025-09-04T23:28:34.750940
TN87F0976,353201358041769,0.0,63.44,335.0,03/09/2025 09:01:09,13.0105899,80.0038966,0038966,2025-09-04T23:28:34.751073
TN87F0976,353201358041769,0.0,63.44,335.0,03/09/2025 09:00:39,13.0105899,80.0038966,0038966,2025-09-04T23:28:34.751190
TN87F0976,353201358041769,0.0,63.44,335.0,03/09/2025 09:00:09,13.0105899,80.0038966,0038966,2025-09-04T23:28:34.751321
TN87F0976,353201358041769,0.0,63.44,335.0,03/09/2025 08:59:39,13.0105899,80.0038966,0038966,2025-09-04T23:28:34.751611
TN87F0976,353201358041769,0.0,63.44,335.0,03/09/2025 08:59:09,13.0105899,80.0038966,0038966,2025-09-04T23:28:34.751804
TN87F0976,353201358041769,0.0,63.44,335.0,03/09/2025 08:58:39,13.0105899,80.0038966,0038966,2025-09-04T23:28:34.752036
TN87F0976,353201358041769,0.0,63.44,335.0,03/09/2025 08:58:09,13.0105899,80.0038966,0038966,2025-09-04T23:28:34.752277
TN87F0976,353201358041769,0.0,63.44,335.0,03/09/2025 08:57:39,13.0105899,80.0038966,0038966,2025-09-04T23:28:34.752493
TN87F0976,353201358041769,0.0,63.44,335.0,03/09/2025 08:57:09,13.0105899,80.0038966,0038966,2025-09-04T23:28:34.752697
TN87F0976,353201358041769,0.0,63.44,335.0,03/09/2025 08:56:39,13.0105899,80.0038966,0038966,2025-09-04T23:28:34.752869
TN87F0976,353201358041769,0.0,63.44,335.0,03/09/2025 08:56:09,13.0105899,80.0038966,0038966,2025-09-04T23:28:34.753060
TN87F0976,353201358041769,0.0,63.44,335.0,03/09/2025 08:55:39,13.0105899,80.0038966,0038966,2025-09-04T23:28:34.753219
TN87F0976,353201358041769,0.0,63.44,335.0,03/09/2025 08:55:09,13.0105899,80.0038966,0038966,2025-09-04T23:28:34.753358
TN87F0976,353201358041769,0.0,63.44,335.0,03/09/2025 08:54:39,13.0105899,80.0038966,0038966,2025-09-04T23:28:34.753530
TN87F0976,353201358041769,0.0,63.44,335.0,03/09/2025 08:54:09,13.0105899,80.0038966,0038966,2025-09-04T23:28:34.753729
TN87F0976,353201358041769,0.0,63.44,335.0,03/09/2025 08:53:39,13.0105899,80.0038966,0038966,2025-09-04T23:28:34.753922
TN87F0976,353201358041769,0.0,63.44,335.0,03/09/2025 08:53:09,13.0105899,80.0038966,0038966,2025-09-04T23:28:34.754101
TN87F0976,353201358041769,0.0,63.44,335.0,03/09/2025 08:52:39,13.0105899,80.0038966,0038966,2025-09-04T23:28:34.754296
TN87F0976,353201358041769,0.0,63.44,335.0,03/09/2025 08:52:09,13.0105899,80.0038966,0038966,2025-09-04T23:28:34.754446
TN87F0976,353201358041769,0.0,63.44,335.0,03/09/2025 08:51:39,13.0105899,80.0038966,0038966,2025-09-04T23:28:34.754634
TN87F0976,353201358041769,0.0,63.44,335.0,03/09/2025 08:51:09,13.0105899,80.0038966,0038966,2025-09-04T23:28:34.754795
TN87F0976,353201358041769,0.0,63.44,335.0,03/09/2025 08:50:39,13.0105899,80.0038966,0038966,2025-09-04T23:28:34.754971
TN87F0976,353201358041769,0.0,63.44,335.0,03/09/2025 08:50:09,13.0105899,80.0038966,0038966,2025-09-04T23:28:34.755146
TN87F0976,353201358041769,0.0,63.44,335.0,03/09/2025 08:49:39,13.0105899,80.0038966,0038966,2025-09-04T23:28:34.755313
TN87F0976,353201358041769,0.0,63.44,335.0,03/09/2025 08:49:09,13.0105899,80.0038966,0038966,2025-09-04T23:28:34.755486
TN87F0976,353201358041769,0.0,63.44,335.0,03/09/2025 08:48:39,13.0105899,80.0038966,0038966,2025-09-04T23:28:34.755634
TN87F0976,353201358041769,0.0,63.44,335.0,03/09/2025 08:48:09,13.0105899,80.0038966,0038966,2025-09-04T23:28:34.755824
TN87F0976,353201358041769,0.0,63.44,335.0,03/09/2025 08:47:39,13.0105899,80.0038966,0038966,2025-09-04T23:28:34.755987
TN87F0976,353201358041769,0.0,63.44,335.0,03/09/2025 08:47:09,13.0105899,80.0038966,0038966,2025-09-04T23:28:34.756126
TN87F0976,353201358041769,0.0,63.44,335.0,03/09/2025 08:46:39,13.0105899,80.0038966,0038966,2025-09-04T23:28:34.756272
TN87F0976,353201358041769,0.0,63.44,335.0,03/09/2025 08:46:09,13.0105899,80.0038966,0038966,2025-09-04T23:28:34.756464
TN87F0976,353201358041769,0.0,63.44,335.0,03/09/2025 08:45:39,13.0105899,80.0038966,0038966,2025-09-04T23:28:34.756578
TN87F0976,353201358041769,0.0,63.44,335.0,03/09/2025 08:45:09,13.0105899,80.0038966,0038966,2025-09-04T23:28:34.756697
TN87F0976,353201358041769,0.0,63.44,335.0,03/09/2025 08:44:39,13.0105899,80.0038966,0038966,2025-09-04T23:28:34.756842
TN87F0976,353201358041769,0.0,63.44,335.0,03/09/2025 08:44:09,13.0105899,80.0038966,0038966,2025-09-04T23:28:34.756963
TN87F0976,353201358041769,0.0,63.44,335.0,03/09/2025 08:43:39,13.0105899,80.0038966,0038966,2025-09-04T23:28:34.757097
TN87F0976,353201358041769,0.0,63.44,335.0,03/09/2025 08:43:09,13.0105899,80.0038966,0038966,2025-09-04T23:28:34.757233
TN87F0976,353201358041769,0.0,63.44,335.0,03/09/2025 08:42:39,13.0105899,80.0038966,0038966,2025-09-04T23:28:34.757337
TN87F0976,353201358041769,0.0,63.44,335.0,03/09/2025 08:42:09,13.0105899,80.0038966,0038966,2025-09-04T23:28:34.757456
TN87F0976,353201358041769,0.0,63.44,335.0,03/09/2025 08:41:39,13.0105899,80.0038966,0038966,2025-09-04T23:28:34.757586
TN87F0976,353201358041769,0.0,63.44,335.0,03/09/2025 08:41:09,13.0105899,80.0038966,0038966,2025-09-04T23:28:34.757710
TN87F0976,353201358041769,0.0,63.44,335.0,03/09/2025 08:40:39,13.0105899,80.0038966,0038966,2025-09-04T23:28:34.757838
TN87F0976,353201358041769,0.0,63.44,335.0,03/09/2025 08:40:09,13.0105899,80.0038966,0038966,2025-09-04T23:28:34.757968
TN87F0976,353201358041769,0.0,63.44,335.0,03/09/2025 08:39:39,13.0105899,80.0038966,0038966,2025-09-04T23:28:34.758097
TN87F0976,353201358041769,0.0,63.44,335.0,03/09/2025 08:39:09,13.0105899,80.0038966,0038966,2025-09-04T23:28:34.758218
TN87F0976,353201358041769,0.0,63.44,335.0,03/09/2025 08:38:39,13.0105899,80.0038966,0038966,2025-09-04T23:28:34.758353
TN87F0976,353201358041769,0.0,63.44,335.0,03/09/2025 08:38:09,13.0105899,80.0038966,0038966,2025-09-04T23:28:34.758477
TN87F0976,353201358041769,0.0,63.44,335.0,03/09/2025 08:37:39,13.0105899,80.0038966,0038966,2025-09-04T23:28:34.758601
TN87F0976,353201358041769,0.0,63.44,335.0,03/09/2025 08:37:09,13.0105899,80.0038966,0038966,2025-09-04T23:28:34.758736
TN87F0976,353201358041769,0.0,63.44,335.0,03/09/2025 08:36:39,13.0105899,80.0038966,0038966,2025-09-04T23:28:34.758911
TN87F0976,353201358041769,0.0,63.44,335.0,03/09/2025 08:36:09,13.0105899,80.0038966,0038966,2025-09-04T23:28:34.759096
TN87F0976,353201358041769,0.0,63.44,335.0,03/09/2025 08:35:39,13.0105899,80.0038966,0038966,2025-09-04T23:28:34.759282
TN87F0976,353201358041769,0.0,63.44,335.0,03/09/2025 08:35:09,13.0105899,80.0038966,0038966,2025-09-04T23:28:34.759435
TN87F0976,353201358041769,0.0,63.44,335.0,03/09/2025 08:34:39,13.0105899,80.0038966,0038966,2025-09-04T23:28:34.759622
TN87F0976,353201358041769,0.0,63.44,335.0,03/09/2025 08:34:09,13.0105899,80.0038966,0038966,2025-09-04T23:28:34.759780
TN87F0976,353201358041769,0.0,63.44,335.0,03/09/2025 08:33:39,13.0105899,80.0038966,0038966,2025-09-04T23:28:34.759958
TN87F0976,353201358041769,0.0,63.44,335.0,03/09/2025 08:33:09,13.0105899,80.0038966,0038966,2025-09-04T23:28:34.760134
TN87F0976,353201358041769,0.0,63.44,335.0,03/09/2025 08:32:39,13.0105899,80.0038966,0038966,2025-09-04T23:28:34.760312
TN87F0976,353201358041769,0.0,63.44,335.0,03/09/2025 08:32:09,13.0105899,80.0038966,0038966,2025-09-04T23:28:34.760432
TN87F0976,353201358041769,0.0,63.44,335.0,03/09/2025 08:31:39,13.0105899,80.0038966,0038966,2025-09-04T23:28:34.760535
TN87F0976,353201358041769,0.0,63.44,335.0,03/09/2025 08:31:09,13.0105899,80.0038966,0038966,2025-09-04T23:28:34.760642
TN87F0976,353201358041769,0.0,63.44,335.0,03/09/2025 08:30:39,13.0105899,80.0038966,0038966,2025-09-04T23:28:34.760787
TN87F0976,353201358041769,0.0,63.44,335.0,03/09/2025 08:30:09,13.0105899,80.0038966,0038966,2025-09-04T23:28:34.760911
TN87F0976,353201358041769,0.0,63.44,335.0,03/09/2025 08:29:39,13.0105899,80.0038966,0038966,2025-09-04T23:28:34.761040
TN87F0976,353201358041769,0.0,63.44,335.0,03/09/2025 08:29:09,13.0105899,80.0038966,0038966,2025-09-04T23:28:34.761170
TN87F0976,353201358041769,0.0,63.44,335.0,03/09/2025 08:28:39,13.0105899,80.0038966,0038966,2025-09-04T23:28:34.761304
TN87F0976,353201358041769,0.0,63.44,335.0,03/09/2025 08:28:09,13.0105899,80.0038966,0038966,2025-09-04T23:28:34.761436
TN87F0976,353201358041769,0.0,63.44,335.0,03/09/2025 08:27:39,13.0105899,80.0038966,0038966,2025-09-04T23:28:34.761540
TN87F0976,353201358041769,0.0,63.44,335.0,03/09/2025 08:27:09,13.0105899,80.0038966,0038966,2025-09-04T23:28:34.761666
TN87F0976,353201358041769,0.0,63.44,335.0,03/09/2025 08:26:39,13.0105899,80.0038966,0038966,2025-09-04T23:28:34.761791
TN87F0976,353201358041769,0.0,63.44,335.0,03/09/2025 08:26:09,13.0105899,80.0038966,0038966,2025-09-04T23:28:34.761968
TN87F0976,353201358041769,0.0,63.44,335.0,03/09/2025 08:25:39,13.0105899,80.0038966,0038966,2025-09-04T23:28:34.762126
TN87F0976,353201358041769,0.0,63.44,335.0,03/09/2025 08:25:09,13.0105899,80.0038966,0038966,2025-09-04T23:28:34.762243
TN87F0976,353201358041769,0.0,63.44,335.0,03/09/2025 08:24:39,13.0105899,80.0038966,0038966,2025-09-04T23:28:34.762371
TN87F0976,353201358041769,0.0,63.44,335.0,03/09/2025 08:24:09,13.0105899,80.0038966,0038966,2025-09-04T23:28:34.762531
TN87F0976,353201358041769,0.0,63.44,335.0,03/09/2025 08:23:39,13.0105899,80.0038966,0038966,2025-09-04T23:28:34.762676
TN87F0976,353201358041769,0.0,63.44,335.0,03/09/2025 08:23:09,13.0105899,80.0038966,0038966,2025-09-04T23:28:34.762822
TN87F0976,353201358041769,0.0,63.44,335.0,03/09/2025 08:22:39,13.0105899,80.0038966,0038966,2025-09-04T23:28:34.762972
TN87F0976,353201358041769,0.0,63.44,335.0,03/09/2025 08:22:09,13.0105899,80.0038966,0038966,2025-09-04T23:28:34.763128
TN87F0976,353201358041769,0.0,63.44,335.0,03/09/2025 08:21:39,13.0105899,80.0038966,0038966,2025-09-04T23:28:34.763263
TN87F0976,353201358041769,0.0,63.44,335.0,03/09/2025 08:21:09,13.0105899,80.0038966,0038966,2025-09-04T23:28:34.763404
TN87F0976,353201358041769,0.0,63.44,335.0,03/09/2025 08:20:39,13.0105899,80.0038966,0038966,2025-09-04T23:28:34.763542
TN87F0976,353201358041769,0.0,63.44,335.0,03/09/2025 08:20:09,13.0105899,80.0038966,0038966,2025-09-04T23:28:34.763694
TN87F0976,353201358041769,0.0,63.44,335.0,03/09/2025 08:19:39,13.0105899,80.0038966,0038966,2025-09-04T23:28:34.763852
TN87F0976,353201358041769,0.0,63.44,335.0,03/09/2025 08:19:09,13.0105899,80.0038966,0038966,2025-09-04T23:28:34.764009
TN87F0976,353201358041769,0.0,63.44,335.0,03/09/2025 08:18:39,13.0105899,80.0038966,0038966,2025-09-04T23:28:34.764120
TN87F0976,353201358041769,0.0,63.44,335.0,03/09/2025 08:18:09,13.0105899,80.0038966,0038966,2025-09-04T23:28:34.764241
TN87F0976,353201358041769,0.0,63.44,335.0,03/09/2025 08:17:39,13.0105899,80.0038966,0038966,2025-09-04T23:28:34.764372
TN87F0976,353201358041769,0.0,63.44,335.0,03/09/2025 08:17:09,13.0105899,80.0038966,0038966,2025-09-04T23:28:34.764492
TN87F0976,353201358041769,0.0,63.44,335.0,03/09/2025 08:16:39,13.0105899,80.0038966,0038966,2025-09-04T23:28:34.764649
TN87F0976,353201358041769,0.0,63.44,335.0,03/09/2025 08:16:09,13.0105899,80.0038966,0038966,2025-09-04T23:28:34.764975
TN87F0976,353201358041769,0.0,63.44,335.0,03/09/2025 08:15:39,13.0105899,80.0038966,0038966,2025-09-04T23:28:34.765201
TN87F0976,353201358041769,0.0,63.44,335.0,03/09/2025 08:15:09,13.0105899,80.0038966,0038966,2025-09-04T23:28:34.765409
TN87F0976,353201358041769,0.0,63.44,335.0,03/09/2025 08:14:39,13.0105899,80.0038966,0038966,2025-09-04T23:28:34.765638
TN87F0976,353201358041769,0.0,63.44,335.0,03/09/2025 08:14:09,13.0105899,80.0038966,0038966,2025-09-04T23:28:34.765855
TN87F0976,353201358041769,0.0,63.44,335.0,03/09/2025 08:13:39,13.0105899,80.0038966,0038966,2025-09-04T23:28:34.766060
TN87F0976,353201358041769,0.0,63.44,335.0,03/09/2025 08:13:09,13.0105899,80.0038966,0038966,2025-09-04T23:28:34.766276
TN87F0976,353201358041769,0.0,63.44,335.0,03/09/2025 08:12:39,13.0105899,80.0038966,0038966,2025-09-04T23:28:34.766451
TN87F0976,353201358041769,0.0,63.44,335.0,03/09/2025 08:12:09,13.0105899,80.0038966,0038966,2025-09-04T23:28:34.766618
TN87F0976,353201358041769,0.0,63.44,335.0,03/09/2025 08:11:39,13.0105899,80.0038966,0038966,2025-09-04T23:28:34.766789
TN87F0976,353201358041769,0.0,63.44,335.0,03/09/2025 08:11:09,13.0105899,80.0038966,0038966,2025-09-04T23:28:34.766956
TN87F0976,353201358041769,0.0,63.44,335.0,03/09/2025 08:10:39,13.0105899,80.0038966,0038966,2025-09-04T23:28:34.767126
TN87F0976,353201358041769,0.0,63.44,335.0,03/09/2025 08:10:09,13.0105899,80.0038966,0038966,2025-09-04T23:28:34.767294
TN87F0976,353201358041769,0.0,63.44,335.0,03/09/2025 08:09:39,13.0105899,80.0038966,0038966,2025-09-04T23:28:34.767450
TN87F0976,353201358041769,0.0,63.44,335.0,03/09/2025 08:09:09,13.0105899,80.0038966,0038966,2025-09-04T23:28:34.767584
TN87F0976,353201358041769,0.0,63.44,335.0,03/09/2025 08:08:39,13.0105899,80.0038966,0038966,2025-09-04T23:28:34.767716
TN87F0976,353201358041769,0.0,63.44,335.0,03/09/2025 08:08:09,13.0105899,80.0038966,0038966,2025-09-04T23:28:34.767847
TN87F0976,353201358041769,0.0,63.44,335.0,03/09/2025 08:07:39,13.0105899,80.0038966,0038966,2025-09-04T23:28:34.768006
TN87F0976,353201358041769,0.0,63.44,335.0,03/09/2025 08:07:09,13.0105899,80.0038966,0038966,2025-09-04T23:28:34.768120
TN87F0976,353201358041769,0.0,63.44,335.0,03/09/2025 08:06:39,13.0105899,80.0038966,0038966,2025-09-04T23:28:34.768254
TN87F0976,353201358041769,0.0,63.44,335.0,03/09/2025 08:06:09,13.0105899,80.0038966,0038966,2025-09-04T23:28:34.768444
TN87F0976,353201358041769,0.0,63.44,335.0,03/09/2025 08:05:39,13.0105899,80.0038966,0038966,2025-09-04T23:28:34.768626
TN87F0976,353201358041769,0.0,63.44,335.0,03/09/2025 08:05:09,13.0105899,80.0038966,0038966,2025-09-04T23:28:34.768786
TN87F0976,353201358041769,0.0,63.44,335.0,03/09/2025 08:04:39,13.0105899,80.0038966,0038966,2025-09-04T23:28:34.768952
TN87F0976,353201358041769,0.0,63.44,335.0,03/09/2025 08:04:09,13.0105899,80.0038966,0038966,2025-09-04T23:28:34.769122
TN87F0976,353201358041769,0.0,63.44,335.0,03/09/2025 08:03:39,13.0105899,80.0038966,0038966,2025-09-04T23:28:34.769251
TN87F0976,353201358041769,0.0,63.44,335.0,03/09/2025 08:03:09,13.0105899,80.0038966,0038966,2025-09-04T23:28:34.769356
TN87F0976,353201358041769,0.0,63.44,335.0,03/09/2025 08:02:39,13.0105899,80.0038966,0038966,2025-09-04T23:28:34.769511
TN87F0976,353201358041769,0.0,63.44,335.0,03/09/2025 08:02:09,13.0105899,80.0038966,0038966,2025-09-04T23:28:34.769674
TN87F0976,353201358041769,0.0,63.44,335.0,03/09/2025 08:01:39,13.0105899,80.0038966,0038966,2025-09-04T23:28:34.769790
TN87F0976,353201358041769,0.0,63.44,335.0,03/09/2025 08:01:09,13.0105899,80.0038966,0038966,2025-09-04T23:28:34.769934
TN87F0976,353201358041769,0.0,63.44,335.0,03/09/2025 08:00:39,13.0105899,80.0038966,0038966,2025-09-04T23:28:34.770104
TN87F0976,353201358041769,0.0,63.44,335.0,03/09/2025 08:00:09,13.0105899,80.0038966,0038966,2025-09-04T23:28:34.770288
TN87F0976,353201358041769,0.0,63.44,335.0,03/09/2025 07:59:39,13.0105899,80.0038966,0038966,2025-09-04T23:28:34.770440
TN87F0976,353201358041769,0.0,63.44,335.0,03/09/2025 07:59:09,13.0105899,80.0038966,0038966,2025-09-04T23:28:34.770572
TN87F0976,353201358041769,0.0,63.44,335.0,03/09/2025 07:58:39,13.0105899,80.0038966,0038966,2025-09-04T23:28:34.770691
TN87F0976,353201358041769,0.0,63.44,335.0,03/09/2025 07:58:09,13.0105899,80.0038966,0038966,2025-09-04T23:28:34.770796
TN87F0976,353201358041769,0.0,63.44,335.0,03/09/2025 07:57:39,13.0105899,80.0038966,0038966,2025-09-04T23:28:34.770937
TN87F0976,353201358041769,0.0,63.44,335.0,03/09/2025 07:57:09,13.0105899,80.0038966,0038966,2025-09-04T23:28:34.771077
TN87F0976,353201358041769,0.0,63.44,335.0,03/09/2025 07:56:39,13.0105899,80.0038966,0038966,2025-09-04T23:28:34.771203
TN87F0976,353201358041769,0.0,63.44,335.0,03/09/2025 07:56:09,13.0105899,80.0038966,0038966,2025-09-04T23:28:34.771307
TN87F0976,353201358041769,0.0,63.44,335.0,03/09/2025 07:55:39,13.0105899,80.0038966,0038966,2025-09-04T23:28:34.771406
TN87F0976,353201358041769,0.0,63.44,335.0,03/09/2025 07:55:09,13.0105899,80.0038966,0038966,2025-09-04T23:28:34.771525
TN87F0976,353201358041769,0.0,63.44,335.0,03/09/2025 07:54:39,13.0105899,80.0038966,0038966,2025-09-04T23:28:34.771686
TN87F0976,353201358041769,0.0,63.44,335.0,03/09/2025 07:54:09,13.0105899,80.0038966,0038966,2025-09-04T23:28:34.771855
TN87F0976,353201358041769,0.0,63.44,335.0,03/09/2025 07:53:39,13.0105899,80.0038966,0038966,2025-09-04T23:28:34.772000
TN87F0976,353201358041769,0.0,63.44,335.0,03/09/2025 07:53:09,13.0105899,80.0038966,0038966,2025-09-04T23:28:34.772129
TN87F0976,353201358041769,0.0,63.44,335.0,03/09/2025 07:52:39,13.0105899,80.0038966,0038966,2025-09-04T23:28:34.772249
TN87F0976,353201358041769,0.0,63.44,336.0,03/09/2025 07:52:09,13.0105899,80.0038966,0038966,2025-09-04T23:28:34.772373
TN87F0976,353201358041769,0.0,63.44,336.0,03/09/2025 07:51:39,13.0105899,80.0038966,0038966,2025-09-04T23:28:34.772476
TN87F0976,353201358041769,0.0,63.44,336.0,03/09/2025 07:51:09,13.0105899,80.0038966,0038966,2025-09-04T23:28:34.772599
TN87F0976,353201358041769,0.0,63.44,336.0,03/09/2025 07:50:39,13.0105899,80.0038966,0038966,2025-09-04T23:28:34.772770
TN87F0976,353201358041769,0.0,63.44,336.0,03/09/2025 07:50:39,13.0105899,80.0038966,0038966,2025-09-04T23:28:34.772944
TN87F0976,353201358041769,0.0,63.44,336.0,03/09/2025 07:50:36,13.0105899,80.0038966,0038966,2025-09-04T23:28:34.773126
TN87F0976,353201358041769,0.0,63.44,336.0,03/09/2025 07:50:31,13.0105899,80.0038966,0038966,2025-09-04T23:28:34.773289
TN87F0976,353201358041769,0.0,63.44,336.0,03/09/2025 07:50:26,13.0105899,80.0038966,0038966,2025-09-04T23:28:34.773421
TN87F0976,353201358041769,0.0,63.44,336.0,03/09/2025 07:50:21,13.0105899,80.0038966,0038966,2025-09-04T23:28:34.773584
TN87F0976,353201358041769,0.0,63.44,336.0,03/09/2025 07:50:16,13.0105899,80.0038966,0038966,2025-09-04T23:28:34.773705
TN87F0976,353201358041769,0.0,63.44,336.0,03/09/2025 07:50:11,13.0105899,80.0038966,0038966,2025-09-04T23:28:34.773805
TN87F0976,353201358041769,0.0,63.44,338.0,03/09/2025 07:50:06,13.0105899,80.0038966,0038966,2025-09-04T23:28:34.773904
TN87F0976,353201358041769,0.0,63.44,338.0,03/09/2025 07:50:01,13.0105899,80.0038966,0038966,2025-09-04T23:28:34.774027
TN87F0976,353201358041769,0.0,63.44,338.0,03/09/2025 07:49:56,13.0105899,80.0038966,0038966,2025-09-04T23:28:34.774155
TN87F0976,353201358041769,0.0,63.44,338.0,03/09/2025 07:49:51,13.0105899,80.0038966,0038966,2025-09-04T23:28:34.774261
TN87F0976,353201358041769,0.0,63.44,338.0,03/09/2025 07:49:46,13.0105933,80.0038966,0038966,2025-09-04T23:28:34.774390
TN87F0976,353201358041769,0.0,63.44,338.0,03/09/2025 07:49:41,13.010685,80.0039366,0039366,2025-09-04T23:28:34.774759
TN87F0976,353201358041769,0.0,63.44,339.0,03/09/2025 07:49:36,13.010685,80.0039366,0039366,2025-09-04T23:28:34.774983
TN87F0976,353201358041769,0.0,63.44,339.0,03/09/2025 07:49:31,13.010685,80.0039366,0039366,2025-09-04T23:28:34.775173
TN87F0976,353201358041769,0.0,63.44,339.0,03/09/2025 07:49:26,13.010685,80.0039366,0039366,2025-09-04T23:28:34.775372
TN87F0976,353201358041769,0.0,63.44,339.0,03/09/2025 07:49:21,13.010685,80.0039366,0039366,2025-09-04T23:28:34.775555
TN87F0976,353201358041769,0.0,63.44,339.0,03/09/2025 07:49:16,13.010685,80.0039366,0039366,2025-09-04T23:28:34.775717
TN87F0976,353201358041769,0.0,63.44,339.0,03/09/2025 07:49:11,13.010685,80.0039366,0039366,2025-09-04T23:28:34.775836
TN87F0976,353201358041769,0.0,63.44,339.0,03/09/2025 07:49:06,13.010685,80.0039366,0039366,2025-09-04T23:28:34.775938
TN87F0976,353201358041769,0.0,63.44,339.0,03/09/2025 07:49:01,13.010685,80.0039366,0039366,2025-09-04T23:28:34.776070
TN87F0976,353201358041769,0.0,63.44,339.0,03/09/2025 07:48:56,13.010685,80.0039366,0039366,2025-09-04T23:28:34.776241
TN87F0976,353201358041769,0.0,63.44,339.0,03/09/2025 07:48:51,13.010685,80.0039366,0039366,2025-09-04T23:28:34.776375
TN87F0976,353201358041769,0.0,63.44,339.0,03/09/2025 07:48:46,13.010685,80.0039366,0039366,2025-09-04T23:28:34.776512
TN87F0976,353201358041769,0.0,63.44,339.0,03/09/2025 07:48:41,13.010685,80.0039366,0039366,2025-09-04T23:28:34.776630
TN87F0976,353201358041769,0.0,63.44,338.0,03/09/2025 07:48:36,13.010685,80.0039366,0039366,2025-09-04T23:28:34.776760
TN87F0976,353201358041769,0.0,63.44,338.0,03/09/2025 07:48:31,13.0106916,80.0039383,0039383,2025-09-04T23:28:34.776900
TN87F0976,353201358041769,0.0,63.44,338.0,03/09/2025 07:48:26,13.0107416,80.003895,003895,2025-09-04T23:28:34.777028
TN87F0976,353201358041769,3.0,63.44,338.0,03/09/2025 07:48:21,13.0107283,80.0038833,0038833,2025-09-04T23:28:34.777163
TN87F0976,353201358041769,5.0,63.45,338.0,03/09/2025 07:48:16,13.0106799,80.0039033,0039033,2025-09-04T23:28:34.777296
TN87F0976,353201358041769,5.0,63.45,338.0,03/09/2025 07:48:16,13.0106799,80.0039033,0039033,2025-09-04T23:28:34.777428
TN87F0976,353201358041769,0.0,63.45,335.0,03/09/2025 07:48:08,13.01064,80.0039216,0039216,2025-09-04T23:28:34.777556
TN87F0976,353201358041769,0.0,63.45,332.0,03/09/2025 07:47:38,13.01064,80.0039216,0039216,2025-09-04T23:28:34.777937
TN87F0976,353201358041769,0.0,63.45,330.0,03/09/2025 07:47:08,13.01064,80.0039216,0039216,2025-09-04T23:28:34.778173
TN87F0976,353201358041769,0.0,63.45,330.0,03/09/2025 07:47:07,13.01064,80.0039216,0039216,2025-09-04T23:28:34.778395
TN87F0976,353201358041769,0.0,63.45,330.0,03/09/2025 07:47:02,13.01064,80.0039216,0039216,2025-09-04T23:28:34.778625
TN87F0976,353201358041769,0.0,63.45,330.0,03/09/2025 07:46:57,13.01064,80.0039216,0039216,2025-09-04T23:28:34.778844
TN87F0976,353201358041769,0.0,63.45,330.0,03/09/2025 07:46:52,13.01064,80.0039216,0039216,2025-09-04T23:28:34.779064
TN87F0976,353201358041769,0.0,63.45,330.0,03/09/2025 07:46:47,13.01064,80.0039216,0039216,2025-09-04T23:28:34.779264
TN87F0976,353201358041769,0.0,63.45,330.0,03/09/2025 07:46:42,13.01064,80.0039216,0039216,2025-09-04T23:28:34.779436
TN87F0976,353201358041769,0.0,63.45,331.0,03/09/2025 07:46:37,13.01064,80.0039216,0039216,2025-09-04T23:28:34.779620
TN87F0976,353201358041769,0.0,63.45,331.0,03/09/2025 07:46:32,13.01064,80.0039216,0039216,2025-09-04T23:28:34.779839
TN87F0976,353201358041769,0.0,63.45,331.0,03/09/2025 07:46:27,13.01064,80.0039216,0039216,2025-09-04T23:28:34.780044
TN87F0976,353201358041769,0.0,63.45,331.0,03/09/2025 07:46:22,13.01064,80.0039216,0039216,2025-09-04T23:28:34.780235
TN87F0976,353201358041769,0.0,63.45,331.0,03/09/2025 07:46:17,13.01064,80.0039216,0039216,2025-09-04T23:28:34.780421
TN87F0976,353201358041769,0.0,63.45,331.0,03/09/2025 07:46:12,13.01064,80.0039216,0039216,2025-09-04T23:28:34.780589
TN87F0976,353201358041769,0.0,63.45,331.0,03/09/2025 07:46:07,13.01064,80.0039216,0039216,2025-09-04T23:28:34.780732
TN87F0976,353201358041769,0.0,63.45,331.0,03/09/2025 07:46:02,13.01064,80.0039216,0039216,2025-09-04T23:28:34.780869
TN87F0976,353201358041769,0.0,63.45,331.0,03/09/2025 07:45:57,13.01064,80.0039216,0039216,2025-09-04T23:28:34.781005
TN87F0976,353201358041769,6.0,63.45,331.0,03/09/2025 07:45:52,13.010685,80.0039,0039,2025-09-04T23:28:34.781124
TN87F0976,353201358041769,0.0,63.45,331.0,03/09/2025 07:45:49,13.0107283,80.0038766,0038766,2025-09-04T23:28:34.781280
TN87F0976,353201358041769,0.0,63.45,331.0,03/09/2025 07:45:44,13.0107466,80.0038583,0038583,2025-09-04T23:28:34.781410
TN87F0976,353201358041769,6.0,63.53,331.0,03/09/2025 07:45:39,13.0107233,80.0038733,0038733,2025-09-04T23:28:34.781531
TN87F0976,353201358041769,7.0,63.53,331.0,03/09/2025 07:45:37,13.010685,80.0038783,0038783,2025-09-04T23:28:34.781656
TN87F0976,353201358041769,7.0,63.53,331.0,03/09/2025 07:45:36,13.0106683,80.0038866,0038866,2025-09-04T23:28:34.781786
TN87F0976,353201358041769,6.0,63.54,331.0,03/09/2025 07:45:34,13.0106483,80.003925,003925,2025-09-04T23:28:34.781965
TN87F0976,353201358041769,5.0,63.54,331.0,03/09/2025 07:45:32,13.0106433,80.0039783,0039783,2025-09-04T23:28:34.782128
TN87F0976,353201358041769,6.0,63.55,331.0,03/09/2025 07:45:27,13.0106583,80.0040683,0040683,2025-09-04T23:28:34.782298
TN87F0976,353201358041769,8.0,63.56,331.0,03/09/2025 07:45:22,13.0106533,80.0041633,0041633,2025-09-04T23:28:34.782469
TN87F0976,353201358041769,8.0,63.57,331.0,03/09/2025 07:45:17,13.0106433,80.0042566,0042566,2025-09-04T23:28:34.782629
TN87F0976,353201358041769,9.0,63.59,331.0,03/09/2025 07:45:12,13.010645,80.004365,004365,2025-09-04T23:28:34.782769
TN87F0976,353201358041769,7.0,63.6,332.0,03/09/2025 07:45:07,13.010655,80.0044766,0044766,2025-09-04T23:28:34.782914
TN87F0976,353201358041769,7.0,63.61,332.0,03/09/2025 07:45:03,13.0106583,80.0045566,0045566,2025-09-04T23:28:34.783061
TN87F0976,353201358041769,7.0,63.62,332.0,03/09/2025 07:45:03,13.0106583,80.0045566,0045566,2025-09-04T23:28:34.783212
TN87F0976,353201358041769,5.0,63.63,332.0,03/09/2025 07:44:58,13.0106799,80.0046383,0046383,2025-09-04T23:28:34.783380
TN87F0976,353201358041769,6.0,63.63,332.0,03/09/2025 07:44:53,13.010705,80.0047199,0047199,2025-09-04T23:28:34.783545
TN87F0976,353201358041769,6.0,63.64,332.0,03/09/2025 07:44:51,13.0107183,80.0047499,0047499,2025-09-04T23:28:34.783708
TN87F0976,353201358041769,6.0,63.64,332.0,03/09/2025 07:44:49,13.0107166,80.0047816,0047816,2025-09-04T23:28:34.783820
TN87F0976,353201358041769,6.0,63.65,332.0,03/09/2025 07:44:46,13.0107033,80.00483,00483,2025-09-04T23:28:34.783929
TN87F0976,353201358041769,6.0,63.65,332.0,03/09/2025 07:44:44,13.0106966,80.0048583,0048583,2025-09-04T23:28:34.784037
TN87F0976,353201358041769,6.0,63.67,332.0,03/09/2025 07:44:40,13.0106883,80.0049316,0049316,2025-09-04T23:28:34.784160
TN87F0976,353201358041769,8.0,63.68,332.0,03/09/2025 07:44:35,13.0106883,80.005035,005035,2025-09-04T23:28:34.784301
TN87F0976,353201358041769,8.0,63.69,332.0,03/09/2025 07:44:30,13.01072,80.00515,00515,2025-09-04T23:28:34.784421
TN87F0976,353201358041769,6.0,63.71,332.0,03/09/2025 07:44:26,13.0107033,80.005215,005215,2025-09-04T23:28:34.784584
TN87F0976,353201358041769,6.0,63.71,332.0,03/09/2025 07:44:23,13.0106899,80.0052633,0052633,2025-09-04T23:28:34.784725
TN87F0976,353201358041769,7.0,63.72,332.0,03/09/2025 07:44:21,13.0106899,80.0052883,0052883,2025-09-04T23:28:34.784839
TN87F0976,353201358041769,6.0,63.72,332.0,03/09/2025 07:44:18,13.0106816,80.0053499,0053499,2025-09-04T23:28:34.785012
TN87F0976,353201358041769,6.0,63.73,332.0,03/09/2025 07:44:14,13.0106183,80.0053949,0053949,2025-09-04T23:28:34.785166
TN87F0976,353201358041769,8.0,63.74,332.0,03/09/2025 07:44:13,13.0106049,80.00541,00541,2025-09-04T23:28:34.785301
TN87F0976,353201358041769,8.0,63.74,333.0,03/09/2025 07:44:09,13.0105416,80.0054683,0054683,2025-09-04T23:28:34.785444
TN87F0976,353201358041769,10.0,63.75,333.0,03/09/2025 07:44:08,13.0105233,80.0054816,0054816,2025-09-04T23:28:34.785597
TN87F0976,353201358041769,10.0,63.76,333.0,03/09/2025 07:44:07,13.010475,80.00547,00547,2025-09-04T23:28:34.785748
TN87F0976,353201358041769,11.0,63.78,333.0,03/09/2025 07:44:06,13.010445,80.0054833,0054833,2025-09-04T23:28:34.785873
TN87F0976,353201358041769,7.0,63.79,333.0,03/09/2025 07:44:01,13.0102883,80.0055183,0055183,2025-09-04T23:28:34.786002
TN87F0976,353201358041769,4.0,63.8,333.0,03/09/2025 07:44:00,13.0102249,80.0055216,0055216,2025-09-04T23:28:34.786123
TN87F0976,353201358041769,0.0,63.8,333.0,03/09/2025 07:43:55,13.0102249,80.0055216,0055216,2025-09-04T23:28:34.786252
TN87F0976,353201358041769,6.0,63.8,333.0,03/09/2025 07:43:50,13.0101633,80.0054933,0054933,2025-09-04T23:28:34.786376
TN87F0976,353201358041769,6.0,63.8,333.0,03/09/2025 07:43:49,13.0101483,80.005485,005485,2025-09-04T23:28:34.786512
TN87F0976,353201358041769,6.0,63.8,333.0,03/09/2025 07:43:48,13.0101266,80.0054733,0054733,2025-09-04T23:28:34.786645
TN87F0976,353201358041769,7.0,63.81,333.0,03/09/2025 07:43:47,13.010105,80.0054583,0054583,2025-09-04T23:28:34.786769
TN87F0976,353201358041769,8.0,63.82,333.0,03/09/2025 07:43:46,13.0100783,80.005445,005445,2025-09-04T23:28:34.786902
TN87F0976,353201358041769,11.0,63.83,333.0,03/09/2025 07:43:42,13.0099783,80.0053433,0053433,2025-09-04T23:28:34.787055
TN87F0976,353201358041769,11.0,63.84,333.0,03/09/2025 07:43:40,13.0099266,80.0052833,0052833,2025-09-04T23:28:34.787213
TN87F0976,353201358041769,11.0,63.85,332.0,03/09/2025 07:43:38,13.0098616,80.0052666,0052666,2025-09-04T23:28:34.787324
TN87F0976,353201358041769,12.0,63.87,332.0,03/09/2025 07:43:35,13.0097716,80.00526,00526,2025-09-04T23:28:34.787431
TN87F0976,353201358041769,14.0,63.88,332.0,03/09/2025 07:43:30,13.00961,80.0052433,0052433,2025-09-04T23:28:34.787565
TN87F0976,353201358041769,7.0,63.88,332.0,03/09/2025 07:43:27,13.0095599,80.005195,005195,2025-09-04T23:28:34.787680
TN87F0976,353201358041769,7.0,63.88,332.0,03/09/2025 07:43:26,13.0095599,80.0051699,0051699,2025-09-04T23:28:34.787841
TN87F0976,353201358041769,6.0,63.89,332.0,03/09/2025 07:43:25,13.00954,80.005165,005165,2025-09-04T23:28:34.787996
TN87F0976,353201358041769,8.0,63.9,332.0,03/09/2025 07:43:20,13.0095116,80.005055,005055,2025-09-04T23:28:34.788123
TN87F0976,353201358041769,11.0,63.92,332.0,03/09/2025 07:43:19,13.0094999,80.0050283,0050283,2025-09-04T23:28:34.788261
TN87F0976,353201358041769,15.0,63.94,332.0,03/09/2025 07:43:14,13.0094733,80.00482,00482,2025-09-04T23:28:34.788372
TN87F0976,353201358041769,14.0,63.94,332.0,03/09/2025 07:43:10,13.0094549,80.0046233,0046233,2025-09-04T23:28:34.788500
TN87F0976,353201358041769,13.0,63.95,331.0,03/09/2025 07:43:09,13.0094566,80.0045799,0045799,2025-09-04T23:28:34.788622
TN87F0976,353201358041769,10.0,63.95,331.0,03/09/2025 07:43:08,13.00945,80.0045416,0045416,2025-09-04T23:28:34.788727
TN87F0976,353201358041769,8.0,63.96,331.0,03/09/2025 07:43:07,13.00945,80.0045116,0045116,2025-09-04T23:28:34.788852
TN87F0976,353201358041769,7.0,63.96,331.0,03/09/2025 07:43:05,13.0094333,80.0044666,0044666,2025-09-04T23:28:34.789003
TN87F0976,353201358041769,5.0,63.97,331.0,03/09/2025 07:43:04,13.0094216,80.0044433,0044433,2025-09-04T23:28:34.789133
TN87F0976,353201358041769,0.0,63.97,331.0,03/09/2025 07:42:59,13.0094,80.0043733,0043733,2025-09-04T23:28:34.789251
TN87F0976,353201358041769,0.0,63.97,331.0,03/09/2025 07:42:59,13.0094,80.0043733,0043733,2025-09-04T23:28:34.789368
TN87F0976,353201358041769,0.0,63.97,331.0,03/09/2025 07:42:48,13.0094,80.0043733,0043733,2025-09-04T23:28:34.789496
TN87F0976,353201358041769,0.0,63.97,331.0,03/09/2025 07:42:43,13.0094,80.0043733,0043733,2025-09-04T23:28:34.789612
TN87F0976,353201358041769,0.0,63.97,331.0,03/09/2025 07:42:38,13.0094,80.0043733,0043733,2025-09-04T23:28:34.789720
TN87F0976,353201358041769,0.0,63.97,331.0,03/09/2025 07:42:33,13.0094,80.0043733,0043733,2025-09-04T23:28:34.789866
TN87F0976,353201358041769,0.0,63.97,331.0,03/09/2025 07:42:28,13.0094,80.0043733,0043733,2025-09-04T23:28:34.790117
TN87F0976,353201358041769,0.0,63.97,331.0,03/09/2025 07:42:23,13.0094,80.0043733,0043733,2025-09-04T23:28:34.790293
TN87F0976,353201358041769,0.0,63.97,332.0,03/09/2025 07:42:18,13.0094,80.0043733,0043733,2025-09-04T23:28:34.790430
TN87F0976,353201358041769,0.0,63.97,332.0,03/09/2025 07:42:13,13.0094,80.0043733,0043733,2025-09-04T23:28:34.790588
TN87F0976,353201358041769,0.0,63.97,332.0,03/09/2025 07:42:08,13.0094,80.0043733,0043733,2025-09-04T23:28:34.790739
TN87F0976,353201358041769,0.0,63.97,332.0,03/09/2025 07:42:03,13.0094,80.0043733,0043733,2025-09-04T23:28:34.790876
TN87F0976,353201358041769,0.0,63.97,332.0,03/09/2025 07:41:58,13.0094,80.0043733,0043733,2025-09-04T23:28:34.790988
TN87F0976,353201358041769,0.0,63.97,332.0,03/09/2025 07:41:53,13.0094,80.0043733,0043733,2025-09-04T23:28:34.791096
TN87F0976,353201358041769,0.0,63.97,332.0,03/09/2025 07:41:48,13.0094,80.0043733,0043733,2025-09-04T23:28:34.791202
TN87F0976,353201358041769,0.0,63.97,337.0,03/09/2025 07:41:43,13.0094,80.0043733,0043733,2025-09-04T23:28:34.791318
TN87F0976,353201358041769,7.0,63.98,337.0,03/09/2025 07:41:38,13.0093966,80.0042933,0042933,2025-09-04T23:28:34.791521
TN87F0976,353201358041769,8.0,63.98,337.0,03/09/2025 07:41:36,13.0094049,80.0042366,0042366,2025-09-04T23:28:34.791712
TN87F0976,353201358041769,8.0,63.99,337.0,03/09/2025 07:41:31,13.0094099,80.0041266,0041266,2025-09-04T23:28:34.791888
TN87F0976,353201358041769,0.0,63.99,337.0,03/09/2025 07:41:28,13.0094166,80.0039999,0039999,2025-09-04T23:28:34.792083
TN87F0976,353201358041769,4.0,63.99,337.0,03/09/2025 07:41:28,13.0094166,80.0039999,0039999,2025-09-04T23:28:34.792271
TN87F0976,353201358041769,0.0,63.99,337.0,03/09/2025 07:41:23,13.0093766,80.003855,003855,2025-09-04T23:28:34.792446
TN87F0976,353201358041769,0.0,63.99,337.0,03/09/2025 07:41:18,13.0093766,80.003855,003855,2025-09-04T23:28:34.792646
TN87F0976,353201358041769,0.0,63.99,337.0,03/09/2025 07:41:13,13.0093766,80.003855,003855,2025-09-04T23:28:34.792815
TN87F0976,353201358041769,0.0,63.99,337.0,03/09/2025 07:41:08,13.0093766,80.003855,003855,2025-09-04T23:28:34.793000
TN87F0976,353201358041769,0.0,63.99,337.0,03/09/2025 07:41:03,13.0093766,80.003855,003855,2025-09-04T23:28:34.793161
TN87F0976,353201358041769,0.0,63.99,337.0,03/09/2025 07:40:58,13.0093666,80.0038483,0038483,2025-09-04T23:28:34.793293
TN87F0976,353201358041769,6.0,64.0,337.0,03/09/2025 07:40:53,13.0093533,80.0037866,0037866,2025-09-04T23:28:34.793456
TN87F0976,353201358041769,0.0,64.0,337.0,03/09/2025 07:40:48,13.0094216,80.00375,00375,2025-09-04T23:28:34.793621
TN87F0976,353201358041769,0.0,64.0,337.0,03/09/2025 07:40:43,13.0094283,80.0037516,0037516,2025-09-04T23:28:34.793786
TN87F0976,353201358041769,0.0,64.0,334.0,03/09/2025 07:40:38,13.00945,80.0037766,0037766,2025-09-04T23:28:34.793948
TN87F0976,353201358041769,0.0,64.0,334.0,03/09/2025 07:40:33,13.00955,80.00378,00378,2025-09-04T23:28:34.794126
TN87F0976,353201358041769,0.0,64.0,334.0,03/09/2025 07:40:28,13.00955,80.00378,00378,2025-09-04T23:28:34.794293
TN87F0976,353201358041769,0.0,64.0,334.0,03/09/2025 07:40:23,13.00961,80.0036866,0036866,2025-09-04T23:28:34.794446
TN87F0976,353201358041769,0.0,64.0,334.0,03/09/2025 07:40:18,13.00961,80.0036866,0036866,2025-09-04T23:28:34.794606
TN87F0976,353201358041769,0.0,64.0,334.0,03/09/2025 07:40:13,13.00961,80.0036866,0036866,2025-09-04T23:28:34.794775
TN87F0976,353201358041769,0.0,64.0,334.0,03/09/2025 07:40:08,13.009615,80.0036833,0036833,2025-09-04T23:28:34.794957
TN87F0976,353201358041769,6.0,64.01,334.0,03/09/2025 07:40:03,13.009675,80.0036583,0036583,2025-09-04T23:28:34.795130
TN87F0976,353201358041769,5.0,64.02,334.0,03/09/2025 07:39:58,13.0097583,80.0036333,0036333,2025-09-04T23:28:34.795284
TN87F0976,353201358041769,6.0,64.04,334.0,03/09/2025 07:39:53,13.009825,80.0035416,0035416,2025-09-04T23:28:34.795399
TN87F0976,353201358041769,4.0,64.06,334.0,03/09/2025 07:39:49,13.0098883,80.00341,00341,2025-09-04T23:28:34.795569
TN87F0976,353201358041769,0.0,64.06,331.0,03/09/2025 07:39:44,13.0099416,80.0032316,0032316,2025-09-04T23:28:34.795735
TN87F0976,353201358041769,0.0,64.06,331.0,03/09/2025 07:39:39,13.0099416,80.0032316,0032316,2025-09-04T23:28:34.795902
TN87F0976,353201358041769,0.0,64.06,331.0,03/09/2025 07:39:34,13.0099416,80.0032316,0032316,2025-09-04T23:28:34.796042
TN87F0976,353201358041769,0.0,64.06,331.0,03/09/2025 07:39:29,13.0099416,80.0032316,0032316,2025-09-04T23:28:34.796201
TN87F0976,353201358041769,0.0,64.06,331.0,03/09/2025 07:39:24,13.00995,80.0032166,0032166,2025-09-04T23:28:34.796347
TN87F0976,353201358041769,6.0,64.06,331.0,03/09/2025 07:39:19,13.0100133,80.00312,00312,2025-09-04T23:28:34.796503
TN87F0976,353201358041769,5.0,64.07,331.0,03/09/2025 07:39:18,13.0100233,80.0030983,0030983,2025-09-04T23:28:34.796641
TN87F0976,353201358041769,7.0,64.08,331.0,03/09/2025 07:39:13,13.0100833,80.0030249,0030249,2025-09-04T23:28:34.796810
TN87F0976,353201358041769,9.0,64.09,331.0,03/09/2025 07:39:09,13.0101633,80.00297,00297,2025-09-04T23:28:34.796960
TN87F0976,353201358041769,7.0,64.09,331.0,03/09/2025 07:39:07,13.0101983,80.0029366,0029366,2025-09-04T23:28:34.797101
TN87F0976,353201358041769,7.0,64.1,331.0,03/09/2025 07:39:06,13.01021,80.0029183,0029183,2025-09-04T23:28:34.797238
TN87F0976,353201358041769,15.0,64.12,331.0,03/09/2025 07:39:03,13.0102666,80.0028533,0028533,2025-09-04T23:28:34.797390
TN87F0976,353201358041769,22.0,64.15,331.0,03/09/2025 07:38:59,13.0103883,80.0026916,0026916,2025-09-04T23:28:34.797524
TN87F0976,353201358041769,18.0,64.17,331.0,03/09/2025 07:38:54,13.0105466,80.002445,002445,2025-09-04T23:28:34.797668
TN87F0976,353201358041769,10.0,64.19,331.0,03/09/2025 07:38:50,13.010645,80.0022916,0022916,2025-09-04T23:28:34.797803
TN87F0976,353201358041769,8.0,64.19,331.0,03/09/2025 07:38:45,13.010735,80.002165,002165,2025-09-04T23:28:34.797921
TN87F0976,353201358041769,9.0,64.2,331.0,03/09/2025 07:38:44,13.0107499,80.00214,00214,2025-09-04T23:28:34.798042
TN87F0976,353201358041769,6.0,64.22,331.0,03/09/2025 07:38:40,13.0108066,80.0020366,0020366,2025-09-04T23:28:34.798171
TN87F0976,353201358041769,15.0,64.25,333.0,03/09/2025 07:38:35,13.0108916,80.0019166,0019166,2025-09-04T23:28:34.798314
TN87F0976,353201358041769,23.0,64.29,333.0,03/09/2025 07:38:30,13.0110333,80.0016749,0016749,2025-09-04T23:28:34.798440
TN87F0976,353201358041769,22.0,64.32,333.0,03/09/2025 07:38:25,13.0111633,80.00139,00139,2025-09-04T23:28:34.798589
TN87F0976,353201358041769,25.0,64.33,333.0,03/09/2025 07:38:20,13.0112916,80.0011333,0011333,2025-09-04T23:28:34.798724
TN87F0976,353201358041769,26.0,64.34,333.0,03/09/2025 07:38:18,13.0113683,80.001015,001015,2025-09-04T23:28:34.798848
TN87F0976,353201358041769,24.0,64.37,333.0,03/09/2025 07:38:17,13.0114183,80.0009666,0009666,2025-09-04T23:28:34.798980
TN87F0976,353201358041769,15.0,64.4,333.0,03/09/2025 07:38:12,13.01168,80.0008,0008,2025-09-04T23:28:34.799107
TN87F0976,353201358041769,18.0,64.43,334.0,03/09/2025 07:38:07,13.0118633,80.0006766,0006766,2025-09-04T23:28:34.799237
TN87F0976,353201358041769,21.0,64.45,334.0,03/09/2025 07:38:02,13.0121283,80.0005216,0005216,2025-09-04T23:28:34.799400
TN87F0976,353201358041769,15.0,64.46,334.0,03/09/2025 07:37:59,13.0122516,80.0004383,0004383,2025-09-04T23:28:34.799586
TN87F0976,353201358041769,14.0,64.46,334.0,03/09/2025 07:37:57,13.0123116,80.0004,0004,2025-09-04T23:28:34.799777
TN87F0976,353201358041769,15.0,64.46,334.0,03/09/2025 07:37:56,13.0123416,80.0003783,0003783,2025-09-04T23:28:34.799954
TN87F0976,353201358041769,15.0,64.47,334.0,03/09/2025 07:37:55,13.0123799,80.000365,000365,2025-09-04T23:28:34.800129
TN87F0976,353201358041769,19.0,64.48,334.0,03/09/2025 07:37:53,13.0124616,80.00037,00037,2025-09-04T23:28:34.800294
TN87F0976,353201358041769,21.0,64.49,334.0,03/09/2025 07:37:52,13.0125083,80.0003866,0003866,2025-09-04T23:28:34.800431
TN87F0976,353201358041769,30.0,64.53,334.0,03/09/2025 07:37:50,13.0126,80.000465,000465,2025-09-04T23:28:34.800587
TN87F0976,353201358041769,41.0,64.59,334.0,03/09/2025 07:37:46,13.0128183,80.0007549,0007549,2025-09-04T23:28:34.800715
TN87F0976,353201358041769,40.0,64.64,334.0,03/09/2025 07:37:41,13.0131383,80.0011783,0011783,2025-09-04T23:28:34.800843
TN87F0976,353201358041769,39.0,64.7,335.0,03/09/2025 07:37:36,13.0133833,80.0016066,0016066,2025-09-04T23:28:34.800967
TN87F0976,353201358041769,35.0,64.74,335.0,03/09/2025 07:37:31,13.013675,80.0020066,0020066,2025-09-04T23:28:34.801092
TN87F0976,353201358041769,27.0,64.77,335.0,03/09/2025 07:37:26,13.01392,80.0023383,0023383,2025-09-04T23:28:34.801218
TN87F0976,353201358041769,17.0,64.79,335.0,03/09/2025 07:37:22,13.01407,80.002535,002535,2025-09-04T23:28:34.801350
TN87F0976,353201358041769,13.0,64.8,335.0,03/09/2025 07:37:17,13.0141483,80.0026799,0026799,2025-09-04T23:28:34.801486
TN87F0976,353201358041769,25.0,64.84,335.0,03/09/2025 07:37:14,13.0142266,80.0028033,0028033,2025-09-04T23:28:34.801628
TN87F0976,353201358041769,25.0,64.86,335.0,03/09/2025 07:37:09,13.0144283,80.0030866,0030866,2025-09-04T23:28:34.801762
TN87F0976,353201358041769,21.0,64.87,335.0,03/09/2025 07:37:07,13.0144983,80.0031866,0031866,2025-09-04T23:28:34.801906
TN87F0976,353201358041769,18.0,64.89,335.0,03/09/2025 07:37:04,13.0146066,80.00329,00329,2025-09-04T23:28:34.802075
TN87F0976,353201358041769,21.0,64.92,335.0,03/09/2025 07:37:01,13.014715,80.0033883,0033883,2025-09-04T23:28:34.802207
TN87F0976,353201358041769,22.0,64.95,334.0,03/09/2025 07:36:56,13.014895,80.0036233,0036233,2025-09-04T23:28:34.802343
TN87F0976,353201358041769,20.0,65.02,334.0,03/09/2025 07:36:51,13.0150516,80.0038716,0038716,2025-09-04T23:28:34.802484
TN87F0976,353201358041769,26.0,65.06,334.0,03/09/2025 07:36:46,13.0152216,80.004115,004115,2025-09-04T23:28:34.802638
TN87F0976,353201358041769,17.0,65.09,334.0,03/09/2025 07:36:41,13.0153783,80.00436,00436,2025-09-04T23:28:34.802746
TN87F0976,353201358041769,6.0,65.1,334.0,03/09/2025 07:36:38,13.0154349,80.0044283,0044283,2025-09-04T23:28:34.802877
TN87F0976,353201358041769,0.0,65.1,334.0,03/09/2025 07:36:36,13.0154566,80.004455,004455,2025-09-04T23:28:34.803064
TN87F0976,353201358041769,8.0,65.12,334.0,03/09/2025 07:36:31,13.015485,80.0044966,0044966,2025-09-04T23:28:34.803212
TN87F0976,353201358041769,16.0,65.14,334.0,03/09/2025 07:36:26,13.0155683,80.0046266,0046266,2025-09-04T23:28:34.803339
TN87F0976,353201358041769,26.0,65.15,334.0,03/09/2025 07:36:23,13.015635,80.0047616,0047616,2025-09-04T23:28:34.803467
TN87F0976,353201358041769,36.0,65.2,334.0,03/09/2025 07:36:21,13.015685,80.004905,004905,2025-09-04T23:28:34.803598
TN87F0976,353201358041769,50.0,65.28,334.0,03/09/2025 07:36:17,13.0158833,80.0053233,0053233,2025-09-04T23:28:34.803736
TN87F0976,353201358041769,60.0,65.37,334.0,03/09/2025 07:36:12,13.0161566,80.0059916,0059916,2025-09-04T23:28:34.803894
TN87F0976,353201358041769,63.0,65.46,333.0,03/09/2025 07:36:07,13.0164433,80.0067283,0067283,2025-09-04T23:28:34.804040
TN87F0976,353201358041769,59.0,65.53,333.0,03/09/2025 07:36:02,13.0167466,80.007485,007485,2025-09-04T23:28:34.804160
TN87F0976,353201358041769,56.0,65.61,333.0,03/09/2025 07:35:57,13.0170333,80.0081516,0081516,2025-09-04T23:28:34.804284
TN87F0976,353201358041769,53.0,65.68,333.0,03/09/2025 07:35:52,13.0173116,80.0087916,0087916,2025-09-04T23:28:34.804403
TN87F0976,353201358041769,45.0,65.74,333.0,03/09/2025 07:35:47,13.0176016,80.009355,009355,2025-09-04T23:28:34.804593
TN87F0976,353201358041769,40.0,65.8,333.0,03/09/2025 07:35:42,13.0178383,80.0098833,0098833,2025-09-04T23:28:34.804899
TN87F0976,353201358041769,32.0,65.84,334.0,03/09/2025 07:35:37,13.0180383,80.0103466,0103466,2025-09-04T23:28:34.805145
TN87F0976,353201358041769,24.0,65.89,334.0,03/09/2025 07:35:32,13.0182083,80.0106666,0106666,2025-09-04T23:28:34.805357
TN87F0976,353201358041769,21.0,65.94,334.0,03/09/2025 07:35:27,13.018355,80.0109083,0109083,2025-09-04T23:28:34.805573
TN87F0976,353201358041769,21.0,65.97,334.0,03/09/2025 07:35:22,13.0184783,80.0111066,0111066,2025-09-04T23:28:34.805801
TN87F0976,353201358041769,33.0,66.02,334.0,03/09/2025 07:35:19,13.01859,80.011295,011295,2025-09-04T23:28:34.806008
TN87F0976,353201358041769,43.0,66.07,337.0,03/09/2025 07:35:14,13.0188516,80.0117166,0117166,2025-09-04T23:28:34.806212
TN87F0976,353201358041769,53.0,66.16,337.0,03/09/2025 07:35:10,13.0191266,80.0121033,0121033,2025-09-04T23:28:34.806422
TN87F0976,353201358041769,61.0,66.24,337.0,03/09/2025 07:35:05,13.0195366,80.0127333,0127333,2025-09-04T23:28:34.806587
TN87F0976,353201358041769,64.0,66.33,337.0,03/09/2025 07:35:00,13.0199833,80.0133816,0133816,2025-09-04T23:28:34.806741
TN87F0976,353201358041769,61.0,66.42,337.0,03/09/2025 07:34:55,13.0204466,80.01404,01404,2025-09-04T23:28:34.806913
TN87F0976,353201358041769,60.0,66.5,337.0,03/09/2025 07:34:50,13.02088,80.0146883,0146883,2025-09-04T23:28:34.807059
TN87F0976,353201358041769,62.0,66.59,337.0,03/09/2025 07:34:45,13.0212966,80.0152933,0152933,2025-09-04T23:28:34.807253
TN87F0976,353201358041769,65.0,66.68,337.0,03/09/2025 07:34:40,13.02177,80.01597,01597,2025-09-04T23:28:34.807390
TN87F0976,353201358041769,64.0,66.77,339.0,03/09/2025 07:34:35,13.0221716,80.0167199,0167199,2025-09-04T23:28:34.807518
TN87F0976,353201358041769,65.0,66.86,339.0,03/09/2025 07:34:30,13.022395,80.0174933,0174933,2025-09-04T23:28:34.807654
TN87F0976,353201358041769,67.0,66.95,339.0,03/09/2025 07:34:25,13.0224816,80.0183416,0183416,2025-09-04T23:28:34.807834
TN87F0976,353201358041769,64.0,67.04,339.0,03/09/2025 07:34:20,13.0225583,80.0192266,0192266,2025-09-04T23:28:34.808024
TN87F0976,353201358041769,60.0,67.12,339.0,03/09/2025 07:34:15,13.02266,80.020035,020035,2025-09-04T23:28:34.808170
TN87F0976,353201358041769,57.0,67.2,339.0,03/09/2025 07:34:10,13.0228333,80.0207649,0207649,2025-09-04T23:28:34.808293
TN87F0976,353201358041769,50.0,67.27,339.0,03/09/2025 07:34:05,13.0230983,80.0213849,0213849,2025-09-04T23:28:34.808486
TN87F0976,353201358041769,44.0,67.33,339.0,03/09/2025 07:34:00,13.0233483,80.021965,021965,2025-09-04T23:28:34.808641
TN87F0976,353201358041769,40.0,67.38,339.0,03/09/2025 07:33:55,13.0236283,80.02244,02244,2025-09-04T23:28:34.808812
TN87F0976,353201358041769,30.0,67.42,339.0,03/09/2025 07:33:50,13.0238483,80.0228783,0228783,2025-09-04T23:28:34.809010
TN87F0976,353201358041769,20.0,67.44,338.0,03/09/2025 07:33:45,13.02403,80.0231649,0231649,2025-09-04T23:28:34.809214
TN87F0976,353201358041769,10.0,67.44,338.0,03/09/2025 07:33:40,13.0241299,80.023345,023345,2025-09-04T23:28:34.809404
TN87F0976,353201358041769,3.0,67.45,338.0,03/09/2025 07:33:35,13.0241616,80.023385,023385,2025-09-04T23:28:34.809563
TN87F0976,353201358041769,14.0,67.45,338.0,03/09/2025 07:33:33,13.0241616,80.0233983,0233983,2025-09-04T23:28:34.809761
TN87F0976,353201358041769,27.0,67.47,338.0,03/09/2025 07:33:31,13.0241916,80.0234633,0234633,2025-09-04T23:28:34.809886
TN87F0976,353201358041769,38.0,67.53,338.0,03/09/2025 07:33:29,13.0242816,80.0235966,0235966,2025-09-04T23:28:34.810069
TN87F0976,353201358041769,44.0,67.59,338.0,03/09/2025 07:33:24,13.0245633,80.0240649,0240649,2025-09-04T23:28:34.810253
TN87F0976,353201358041769,48.0,67.66,338.0,03/09/2025 07:33:19,13.0248566,80.0245633,0245633,2025-09-04T23:28:34.810399
TN87F0976,353201358041769,51.0,67.73,338.0,03/09/2025 07:33:14,13.02519,80.0251099,0251099,2025-09-04T23:28:34.810520
TN87F0976,353201358041769,54.0,67.81,338.0,03/09/2025 07:33:09,13.02554,80.025655,025655,2025-09-04T23:28:34.810646
TN87F0976,353201358041769,56.0,67.9,338.0,03/09/2025 07:33:04,13.0259316,80.026265,026265,2025-09-04T23:28:34.810750
TN87F0976,353201358041769,64.0,67.99,338.0,03/09/2025 07:32:59,13.0263566,80.0269116,0269116,2025-09-04T23:28:34.810880
TN87F0976,353201358041769,63.0,68.08,338.0,03/09/2025 07:32:54,13.02678,80.02764,02764,2025-09-04T23:28:34.811038
TN87F0976,353201358041769,57.0,68.15,338.0,03/09/2025 07:32:49,13.02717,80.02832,02832,2025-09-04T23:28:34.811196
TN87F0976,353201358041769,49.0,68.21,338.0,03/09/2025 07:32:44,13.027545,80.028855,028855,2025-09-04T23:28:34.811322
TN87F0976,353201358041769,38.0,68.25,337.0,03/09/2025 07:32:39,13.0278783,80.0293216,0293216,2025-09-04T23:28:34.811452
TN87F0976,353201358041769,30.0,68.3,337.0,03/09/2025 07:32:34,13.0280999,80.0296616,0296616,2025-09-04T23:28:34.811581
TN87F0976,353201358041769,41.0,68.36,337.0,03/09/2025 07:32:29,13.0283416,80.0300533,0300533,2025-09-04T23:28:34.811691
TN87F0976,353201358041769,46.0,68.43,337.0,03/09/2025 07:32:24,13.02864,80.0305266,0305266,2025-09-04T23:28:34.811848
TN87F0976,353201358041769,49.0,68.5,337.0,03/09/2025 07:32:19,13.0289566,80.0310466,0310466,2025-09-04T23:28:34.811982
TN87F0976,353201358041769,52.0,68.57,336.0,03/09/2025 07:32:14,13.0292933,80.0316066,0316066,2025-09-04T23:28:34.812184
TN87F0976,353201358041769,48.0,68.64,336.0,03/09/2025 07:32:09,13.0296183,80.0321699,0321699,2025-09-04T23:28:34.812352
TN87F0976,353201358041769,44.0,68.7,336.0,03/09/2025 07:32:04,13.0299,80.0327283,0327283,2025-09-04T23:28:34.812520
TN87F0976,353201358041769,40.0,68.75,336.0,03/09/2025 07:31:59,13.0302033,80.0332033,0332033,2025-09-04T23:28:34.812676
TN87F0976,353201358041769,32.0,68.8,336.0,03/09/2025 07:31:54,13.0304466,80.033605,033605,2025-09-04T23:28:34.812820
TN87F0976,353201358041769,38.0,68.86,336.0,03/09/2025 07:31:49,13.0306666,80.0339516,0339516,2025-09-04T23:28:34.812991
TN87F0976,353201358041769,45.0,68.93,336.0,03/09/2025 07:31:44,13.0309466,80.0344183,0344183,2025-09-04T23:28:34.813148
TN87F0976,353201358041769,54.0,69.0,335.0,03/09/2025 07:31:39,13.0312816,80.0349566,0349566,2025-09-04T23:28:34.813262
TN87F0976,353201358041769,48.0,69.07,335.0,03/09/2025 07:31:34,13.0316266,80.035545,035545,2025-09-04T23:28:34.813401
TN87F0976,353201358041769,44.0,69.11,335.0,03/09/2025 07:31:29,13.0319383,80.0360616,0360616,2025-09-04T23:28:34.813532
TN87F0976,353201358041769,34.0,69.15,335.0,03/09/2025 07:31:25,13.03215,80.0363783,0363783,2025-09-04T23:28:34.813644
TN87F0976,353201358041769,27.0,69.19,335.0,03/09/2025 07:31:20,13.0323433,80.0367366,0367366,2025-09-04T23:28:34.813816
TN87F0976,353201358041769,20.0,69.21,335.0,03/09/2025 07:31:15,13.0324866,80.0370116,0370116,2025-09-04T23:28:34.813961
TN87F0976,353201358041769,17.0,69.24,335.0,03/09/2025 07:31:10,13.0325916,80.0372283,0372283,2025-09-04T23:28:34.814094
TN87F0976,353201358041769,25.0,69.28,335.0,03/09/2025 07:31:05,13.0327233,80.0374616,0374616,2025-09-04T23:28:34.814273
TN87F0976,353201358041769,31.0,69.33,335.0,03/09/2025 07:31:00,13.0328949,80.0377833,0377833,2025-09-04T23:28:34.814454
TN87F0976,353201358041769,33.0,69.37,335.0,03/09/2025 07:30:55,13.03309,80.0381383,0381383,2025-09-04T23:28:34.814647
TN87F0976,353201358041769,37.0,69.39,335.0,03/09/2025 07:30:50,13.03327,80.0384933,0384933,2025-09-04T23:28:34.814847
TN87F0976,353201358041769,47.0,69.47,335.0,03/09/2025 07:30:48,13.0333866,80.038675,038675,2025-09-04T23:28:34.815027
TN87F0976,353201358041769,55.0,69.55,335.0,03/09/2025 07:30:43,13.0337516,80.0392533,0392533,2025-09-04T23:28:34.815188
TN87F0976,353201358041769,54.0,69.62,335.0,03/09/2025 07:30:38,13.0341283,80.0398649,0398649,2025-09-04T23:28:34.815361
TN87F0976,353201358041769,55.0,69.7,335.0,03/09/2025 07:30:33,13.0344966,80.040425,040425,2025-09-04T23:28:34.815502
TN87F0976,353201358041769,59.0,69.78,335.0,03/09/2025 07:30:28,13.0348316,80.0410633,0410633,2025-09-04T23:28:34.815627
TN87F0976,353201358041769,60.0,69.87,335.0,03/09/2025 07:30:23,13.0351683,80.041775,041775,2025-09-04T23:28:34.815786
TN87F0976,353201358041769,58.0,69.95,335.0,03/09/2025 07:30:18,13.0355,80.0424566,0424566,2025-09-04T23:28:34.815937
TN87F0976,353201358041769,56.0,70.02,335.0,03/09/2025 07:30:13,13.0358149,80.0431316,0431316,2025-09-04T23:28:34.816071
TN87F0976,353201358041769,53.0,70.1,336.0,03/09/2025 07:30:08,13.03606,80.0437966,0437966,2025-09-04T23:28:34.816203
TN87F0976,353201358041769,53.0,70.17,336.0,03/09/2025 07:30:03,13.0362566,80.0444266,0444266,2025-09-04T23:28:34.816343
TN87F0976,353201358041769,53.0,70.25,336.0,03/09/2025 07:29:58,13.0364383,80.0450733,0450733,2025-09-04T23:28:34.816465
TN87F0976,353201358041769,53.0,70.32,339.0,03/09/2025 07:29:53,13.0366183,80.0457616,0457616,2025-09-04T23:28:34.816602
TN87F0976,353201358041769,55.0,70.4,339.0,03/09/2025 07:29:48,13.0368033,80.0464183,0464183,2025-09-04T23:28:34.816751
TN87F0976,353201358041769,55.0,70.47,339.0,03/09/2025 07:29:43,13.0369666,80.0471116,0471116,2025-09-04T23:28:34.816888
TN87F0976,353201358041769,54.0,70.55,339.0,03/09/2025 07:29:38,13.03715,80.0477883,0477883,2025-09-04T23:28:34.817018
TN87F0976,353201358041769,55.0,70.63,339.0,03/09/2025 07:29:33,13.0373366,80.0484533,0484533,2025-09-04T23:28:34.817144
TN87F0976,353201358041769,59.0,70.71,339.0,03/09/2025 07:29:28,13.0375416,80.0491366,0491366,2025-09-04T23:28:34.817282
TN87F0976,353201358041769,64.0,70.8,339.0,03/09/2025 07:29:23,13.0377616,80.04991,04991,2025-09-04T23:28:34.817430
TN87F0976,353201358041769,66.0,70.9,339.0,03/09/2025 07:29:18,13.0380316,80.0506983,0506983,2025-09-04T23:28:34.817574
TN87F0976,353201358041769,64.0,71.07,339.0,03/09/2025 07:29:13,13.0383083,80.051495,051495,2025-09-04T23:28:34.817702
TN87F0976,353201358041769,61.0,71.23,339.0,03/09/2025 07:29:08,13.0385899,80.0522783,0522783,2025-09-04T23:28:34.817847
TN87F0976,353201358041769,58.0,71.31,339.0,03/09/2025 07:29:03,13.0388499,80.05299,05299,2025-09-04T23:28:34.818173
TN87F0976,353201358041769,53.0,71.38,339.0,03/09/2025 07:28:58,13.0390866,80.0536566,0536566,2025-09-04T23:28:34.818400
TN87F0976,353201358041769,49.0,71.45,339.0,03/09/2025 07:28:53,13.039345,80.0542816,0542816,2025-09-04T23:28:34.818600
TN87F0976,353201358041769,44.0,71.51,339.0,03/09/2025 07:28:48,13.039595,80.0548883,0548883,2025-09-04T23:28:34.818810
TN87F0976,353201358041769,34.0,71.56,339.0,03/09/2025 07:28:43,13.0398016,80.0553566,0553566,2025-09-04T23:28:34.819028
TN87F0976,353201358041769,30.0,71.6,339.0,03/09/2025 07:28:38,13.0399966,80.0557366,0557366,2025-09-04T23:28:34.819255
TN87F0976,353201358041769,24.0,71.63,338.0,03/09/2025 07:28:33,13.0401433,80.05606,05606,2025-09-04T23:28:34.819480
TN87F0976,353201358041769,18.0,71.65,338.0,03/09/2025 07:28:28,13.0402583,80.0563216,0563216,2025-09-04T23:28:34.819728
TN87F0976,353201358041769,13.0,71.66,338.0,03/09/2025 07:28:23,13.0403483,80.0565116,0565116,2025-09-04T23:28:34.819912
TN87F0976,353201358041769,3.0,71.66,338.0,03/09/2025 07:28:19,13.0404049,80.0566133,0566133,2025-09-04T23:28:34.820089
TN87F0976,353201358041769,0.0,71.66,338.0,03/09/2025 07:28:14,13.0404049,80.0566133,0566133,2025-09-04T23:28:34.820271
TN87F0976,353201358041769,0.0,71.66,336.0,03/09/2025 07:28:09,13.0404049,80.0566133,0566133,2025-09-04T23:28:34.820438
TN87F0976,353201358041769,0.0,71.66,336.0,03/09/2025 07:28:04,13.0404049,80.0566133,0566133,2025-09-04T23:28:34.820633
TN87F0976,353201358041769,0.0,71.66,336.0,03/09/2025 07:27:59,13.0404049,80.0566133,0566133,2025-09-04T23:28:34.820850
TN87F0976,353201358041769,4.0,71.67,336.0,03/09/2025 07:27:54,13.0404083,80.056635,056635,2025-09-04T23:28:34.821047
TN87F0976,353201358041769,16.0,71.69,336.0,03/09/2025 07:27:51,13.0404316,80.0567033,0567033,2025-09-04T23:28:34.821264
TN87F0976,353201358041769,27.0,71.72,336.0,03/09/2025 07:27:48,13.0404799,80.056875,056875,2025-09-04T23:28:34.821447
TN87F0976,353201358041769,41.0,71.78,336.0,03/09/2025 07:27:45,13.0405783,80.0571066,0571066,2025-09-04T23:28:34.821594
TN87F0976,353201358041769,44.0,71.84,335.0,03/09/2025 07:27:40,13.040785,80.0576333,0576333,2025-09-04T23:28:34.821732
TN87F0976,353201358041769,50.0,71.91,335.0,03/09/2025 07:27:35,13.0409833,80.0581866,0581866,2025-09-04T23:28:34.821944
TN87F0976,353201358041769,52.0,71.99,335.0,03/09/2025 07:27:30,13.0412116,80.0588099,0588099,2025-09-04T23:28:34.822095
TN87F0976,353201358041769,53.0,72.06,335.0,03/09/2025 07:27:25,13.0414666,80.0594483,0594483,2025-09-04T23:28:34.822268
TN87F0976,353201358041769,56.0,72.14,335.0,03/09/2025 07:27:20,13.04177,80.0600316,0600316,2025-09-04T23:28:34.822438
TN87F0976,353201358041769,59.0,72.23,335.0,03/09/2025 07:27:15,13.0421083,80.0606916,0606916,2025-09-04T23:28:34.822580
TN87F0976,353201358041769,63.0,72.32,337.0,03/09/2025 07:27:10,13.0424566,80.0613916,0613916,2025-09-04T23:28:34.822724
TN87F0976,353201358041769,64.0,72.41,337.0,03/09/2025 07:27:05,13.0428316,80.0621316,0621316,2025-09-04T23:28:34.822858
TN87F0976,353201358041769,61.0,72.49,337.0,03/09/2025 07:27:00,13.0431683,80.0628783,0628783,2025-09-04T23:28:34.823026
TN87F0976,353201358041769,57.0,72.56,337.0,03/09/2025 07:26:55,13.0435033,80.0635483,0635483,2025-09-04T23:28:34.823161
TN87F0976,353201358041769,55.0,72.64,337.0,03/09/2025 07:26:50,13.04378,80.0642083,0642083,2025-09-04T23:28:34.823346
TN87F0976,353201358041769,52.0,72.71,337.0,03/09/2025 07:26:45,13.0440166,80.0648416,0648416,2025-09-04T23:28:34.823499
TN87F0976,353201358041769,49.0,72.78,338.0,03/09/2025 07:26:40,13.04422,80.06549,06549,2025-09-04T23:28:34.823648
TN87F0976,353201358041769,48.0,72.85,338.0,03/09/2025 07:26:35,13.0444383,80.066085,066085,2025-09-04T23:28:34.823777
TN87F0976,353201358041769,45.0,72.91,338.0,03/09/2025 07:26:30,13.04461,80.06666,06666,2025-09-04T23:28:34.823914
TN87F0976,353201358041769,44.0,72.97,339.0,03/09/2025 07:26:25,13.0447516,80.0672383,0672383,2025-09-04T23:28:34.824070
TN87F0976,353201358041769,41.0,73.03,339.0,03/09/2025 07:26:20,13.0448983,80.067775,067775,2025-09-04T23:28:34.824205
TN87F0976,353201358041769,39.0,73.08,339.0,03/09/2025 07:26:15,13.0450333,80.0682766,0682766,2025-09-04T23:28:34.824330
TN87F0976,353201358041769,37.0,73.13,339.0,03/09/2025 07:26:10,13.0451916,80.0687583,0687583,2025-09-04T23:28:34.824447
TN87F0976,353201358041769,36.0,73.18,339.0,03/09/2025 07:26:05,13.045335,80.0692116,0692116,2025-09-04T23:28:34.824600
TN87F0976,353201358041769,29.0,73.22,339.0,03/09/2025 07:26:00,13.0454433,80.0696083,0696083,2025-09-04T23:28:34.824757
TN87F0976,353201358041769,24.0,73.25,339.0,03/09/2025 07:25:55,13.045525,80.06995,06995,2025-09-04T23:28:34.824934
TN87F0976,353201358041769,19.0,73.27,339.0,03/09/2025 07:25:50,13.0456066,80.0702216,0702216,2025-09-04T23:28:34.825106
TN87F0976,353201358041769,17.0,73.29,339.0,03/09/2025 07:25:45,13.0456533,80.0704533,0704533,2025-09-04T23:28:34.825260
TN87F0976,353201358041769,13.0,73.31,338.0,03/09/2025 07:25:40,13.045695,80.07063,07063,2025-09-04T23:28:34.825400
TN87F0976,353201358041769,11.0,73.32,338.0,03/09/2025 07:25:35,13.0457366,80.07078,07078,2025-09-04T23:28:34.825535
TN87F0976,353201358041769,8.0,73.33,338.0,03/09/2025 07:25:30,13.0457633,80.0709033,0709033,2025-09-04T23:28:34.825682
TN87F0976,353201358041769,9.0,73.34,338.0,03/09/2025 07:25:26,13.0457933,80.070975,070975,2025-09-04T23:28:34.825824
TN87F0976,353201358041769,8.0,73.35,338.0,03/09/2025 07:25:22,13.0458316,80.0710533,0710533,2025-09-04T23:28:34.825978
TN87F0976,353201358041769,0.0,73.35,338.0,03/09/2025 07:25:17,13.0458383,80.0711149,0711149,2025-09-04T23:28:34.826124
TN87F0976,353201358041769,4.0,73.36,338.0,03/09/2025 07:25:12,13.045845,80.0711416,0711416,2025-09-04T23:28:34.826278
TN87F0976,353201358041769,13.0,73.38,337.0,03/09/2025 07:25:07,13.045875,80.0712583,0712583,2025-09-04T23:28:34.826434
TN87F0976,353201358041769,11.0,73.39,337.0,03/09/2025 07:25:02,13.0459016,80.0714199,0714199,2025-09-04T23:28:34.826576
TN87F0976,353201358041769,7.0,73.4,337.0,03/09/2025 07:24:57,13.0459233,80.0715283,0715283,2025-09-04T23:28:34.826723
TN87F0976,353201358041769,8.0,73.42,337.0,03/09/2025 07:24:52,13.045935,80.0716183,0716183,2025-09-04T23:28:34.826869
TN87F0976,353201358041769,14.0,73.44,337.0,03/09/2025 07:24:47,13.0459566,80.0717883,0717883,2025-09-04T23:28:34.827028
TN87F0976,353201358041769,15.0,73.46,337.0,03/09/2025 07:24:42,13.0459749,80.0719683,0719683,2025-09-04T23:28:34.827145
TN87F0976,353201358041769,16.0,73.48,338.0,03/09/2025 07:24:37,13.0459816,80.0721649,0721649,2025-09-04T23:28:34.827282
TN87F0976,353201358041769,18.0,73.51,338.0,03/09/2025 07:24:32,13.0459866,80.0723883,0723883,2025-09-04T23:28:34.827423
TN87F0976,353201358041769,25.0,73.55,338.0,03/09/2025 07:24:27,13.0460216,80.07265,07265,2025-09-04T23:28:34.827550
TN87F0976,353201358041769,28.0,73.59,338.0,03/09/2025 07:24:22,13.046075,80.0729816,0729816,2025-09-04T23:28:34.827676
TN87F0976,353201358041769,36.0,73.65,338.0,03/09/2025 07:24:17,13.04618,80.0733583,0733583,2025-09-04T23:28:34.827819
TN87F0976,353201358041769,48.0,73.72,338.0,03/09/2025 07:24:12,13.0463783,80.0738716,0738716,2025-09-04T23:28:34.827940
TN87F0976,353201358041769,54.0,73.78,338.0,03/09/2025 07:24:07,13.0466916,80.0744616,0744616,2025-09-04T23:28:34.828084
TN87F0976,353201358041769,53.0,73.85,338.0,03/09/2025 07:24:03,13.046845,80.0749883,0749883,2025-09-04T23:28:34.828189
TN87F0976,353201358041769,48.0,73.92,338.0,03/09/2025 07:23:58,13.0469116,80.0756466,0756466,2025-09-04T23:28:34.828302
TN87F0976,353201358041769,45.0,73.98,338.0,03/09/2025 07:23:53,13.0469133,80.0762733,0762733,2025-09-04T23:28:34.828441
TN87F0976,353201358041769,43.0,74.04,338.0,03/09/2025 07:23:48,13.046945,80.07684,07684,2025-09-04T23:28:34.828593
TN87F0976,353201358041769,39.0,74.09,338.0,03/09/2025 07:23:43,13.046945,80.0773666,0773666,2025-09-04T23:28:34.828730
TN87F0976,353201358041769,32.0,74.13,338.0,03/09/2025 07:23:38,13.04696,80.0778583,0778583,2025-09-04T23:28:34.828887
TN87F0976,353201358041769,25.0,74.16,338.0,03/09/2025 07:23:33,13.046985,80.0782233,0782233,2025-09-04T23:28:34.829022
TN87F0976,353201358041769,21.0,74.18,338.0,03/09/2025 07:23:28,13.046975,80.0784933,0784933,2025-09-04T23:28:34.829178
TN87F0976,353201358041769,31.0,74.24,338.0,03/09/2025 07:23:25,13.04699,80.0786799,0786799,2025-09-04T23:28:34.829313
TN87F0976,353201358041769,35.0,74.28,338.0,03/09/2025 07:23:20,13.047005,80.0791533,0791533,2025-09-04T23:28:34.829436
TN87F0976,353201358041769,29.0,74.32,338.0,03/09/2025 07:23:15,13.0470399,80.0795733,0795733,2025-09-04T23:28:34.829625
TN87F0976,353201358041769,23.0,74.35,338.0,03/09/2025 07:23:10,13.0470933,80.0799,0799,2025-09-04T23:28:34.829764
TN87F0976,353201358041769,20.0,74.37,338.0,03/09/2025 07:23:05,13.047145,80.08018,08018,2025-09-04T23:28:34.829928
TN87F0976,353201358041769,15.0,74.39,338.0,03/09/2025 07:23:00,13.0471649,80.080415,080415,2025-09-04T23:28:34.830066
TN87F0976,353201358041769,8.0,74.41,339.0,03/09/2025 07:22:55,13.0471766,80.0805533,0805533,2025-09-04T23:28:34.830232
TN87F0976,353201358041769,13.0,74.43,339.0,03/09/2025 07:22:50,13.0472016,80.08072,08072,2025-09-04T23:28:34.830376
TN87F0976,353201358041769,19.0,74.51,339.0,03/09/2025 07:22:45,13.0472116,80.0809249,0809249,2025-09-04T23:28:34.830518
TN87F0976,353201358041769,25.0,74.58,339.0,03/09/2025 07:22:42,13.04725,80.0810966,0810966,2025-09-04T23:28:34.830654
TN87F0976,353201358041769,22.0,74.62,339.0,03/09/2025 07:22:37,13.0473283,80.0814266,0814266,2025-09-04T23:28:34.830772
TN87F0976,353201358041769,12.0,74.64,339.0,03/09/2025 07:22:32,13.04736,80.08165,08165,2025-09-04T23:28:34.830893
TN87F0976,353201358041769,11.0,74.67,339.0,03/09/2025 07:22:28,13.0473816,80.0817583,0817583,2025-09-04T23:28:34.831032
TN87F0976,353201358041769,19.0,74.68,339.0,03/09/2025 07:22:23,13.0474583,80.08196,08196,2025-09-04T23:28:34.831174
TN87F0976,353201358041769,23.0,74.69,339.0,03/09/2025 07:22:21,13.0474866,80.0820666,0820666,2025-09-04T23:28:34.831298
TN87F0976,353201358041769,26.0,74.71,339.0,03/09/2025 07:22:19,13.0474783,80.0821983,0821983,2025-09-04T23:28:34.831523
TN87F0976,353201358041769,28.0,74.72,339.0,03/09/2025 07:22:17,13.047435,80.0823266,0823266,2025-09-04T23:28:34.831726
TN87F0976,353201358041769,27.0,74.74,339.0,03/09/2025 07:22:15,13.047355,80.082445,082445,2025-09-04T23:28:34.831930
TN87F0976,353201358041769,25.0,74.78,339.0,03/09/2025 07:22:13,13.0472533,80.0825266,0825266,2025-09-04T23:28:34.832147
TN87F0976,353201358041769,27.0,74.79,339.0,03/09/2025 07:22:08,13.0469266,80.0826683,0826683,2025-09-04T23:28:34.832348
TN87F0976,353201358041769,25.0,74.81,339.0,03/09/2025 07:22:06,13.0468183,80.0827433,0827433,2025-09-04T23:28:34.832558
TN87F0976,353201358041769,25.0,74.82,339.0,03/09/2025 07:22:04,13.0467316,80.08284,08284,2025-09-04T23:28:34.832762
TN87F0976,353201358041769,25.0,74.85,339.0,03/09/2025 07:22:02,13.0466733,80.08295,08295,2025-09-04T23:28:34.832947
TN87F0976,353201358041769,26.0,74.88,339.0,03/09/2025 07:21:58,13.04663,80.0832016,0832016,2025-09-04T23:28:34.833096
TN87F0976,353201358041769,17.0,74.9,339.0,03/09/2025 07:21:53,13.04662,80.0834983,0834983,2025-09-04T23:28:34.833263
TN87F0976,353201358041769,13.0,74.92,339.0,03/09/2025 07:21:48,13.0466133,80.0836999,0836999,2025-09-04T23:28:34.833417
TN87F0976,353201358041769,18.0,74.94,339.0,03/09/2025 07:21:43,13.046605,80.0838783,0838783,2025-09-04T23:28:34.833554
TN87F0976,353201358041769,29.0,74.96,339.0,03/09/2025 07:21:40,13.046555,80.0840733,0840733,2025-09-04T23:28:34.833707
TN87F0976,353201358041769,29.0,74.98,339.0,03/09/2025 07:21:38,13.0464866,80.084215,084215,2025-09-04T23:28:34.833847
TN87F0976,353201358041769,30.0,74.99,339.0,03/09/2025 07:21:36,13.0463983,80.084345,084345,2025-09-04T23:28:34.833983
TN87F0976,353201358041769,30.0,75.02,339.0,03/09/2025 07:21:34,13.0462983,80.0844583,0844583,2025-09-04T23:28:34.834099
TN87F0976,353201358041769,31.0,75.07,339.0,03/09/2025 07:21:31,13.04609,80.08455,08455,2025-09-04T23:28:34.834236
TN87F0976,353201358041769,37.0,75.12,339.0,03/09/2025 07:21:26,13.0456716,80.0847,0847,2025-09-04T23:28:34.834382
TN87F0976,353201358041769,40.0,75.18,339.0,03/09/2025 07:21:21,13.0451966,80.0848916,0848916,2025-09-04T23:28:34.834547
TN87F0976,353201358041769,36.0,75.23,339.0,03/09/2025 07:21:16,13.0447466,80.0850483,0850483,2025-09-04T23:28:34.834698
TN87F0976,353201358041769,32.0,75.27,339.0,03/09/2025 07:21:11,13.0443183,80.0852066,0852066,2025-09-04T23:28:34.834834
TN87F0976,353201358041769,25.0,75.29,338.0,03/09/2025 07:21:06,13.0439716,80.0853166,0853166,2025-09-04T23:28:34.835012
TN87F0976,353201358041769,15.0,75.31,338.0,03/09/2025 07:21:02,13.043775,80.085375,085375,2025-09-04T23:28:34.835177
TN87F0976,353201358041769,13.0,75.33,338.0,03/09/2025 07:20:57,13.0436066,80.0854216,0854216,2025-09-04T23:28:34.835290
TN87F0976,353201358041769,15.0,75.35,338.0,03/09/2025 07:20:53,13.0434799,80.08548,08548,2025-09-04T23:28:34.835420
TN87F0976,353201358041769,24.0,75.43,338.0,03/09/2025 07:20:48,13.043285,80.0855933,0855933,2025-09-04T23:28:34.835563
TN87F0976,353201358041769,34.0,75.54,338.0,03/09/2025 07:20:45,13.043085,80.0856766,0856766,2025-09-04T23:28:34.835697
TN87F0976,353201358041769,44.0,75.56,338.0,03/09/2025 07:20:43,13.0428966,80.0857516,0857516,2025-09-04T23:28:34.835860
TN87F0976,353201358041769,54.0,75.59,338.0,03/09/2025 07:20:41,13.0426499,80.0858083,0858083,2025-09-04T23:28:34.835982
TN87F0976,353201358041769,65.0,75.69,338.0,03/09/2025 07:20:37,13.0420816,80.0859583,0859583,2025-09-04T23:28:34.836130
TN87F0976,353201358041769,76.0,75.8,338.0,03/09/2025 07:20:32,13.0412116,80.0862266,0862266,2025-09-04T23:28:34.836277
TN87F0976,353201358041769,76.0,75.91,338.0,03/09/2025 07:20:27,13.0402916,80.0864816,0864816,2025-09-04T23:28:34.836413
TN87F0976,353201358041769,77.0,76.02,338.0,03/09/2025 07:20:22,13.0393566,80.0867766,0867766,2025-09-04T23:28:34.836530
TN87F0976,353201358041769,79.0,76.12,338.0,03/09/2025 07:20:17,13.0384216,80.087085,087085,2025-09-04T23:28:34.836648
TN87F0976,353201358041769,75.0,76.23,338.0,03/09/2025 07:20:12,13.0375033,80.0873983,0873983,2025-09-04T23:28:34.836780
TN87F0976,353201358041769,72.0,76.33,338.0,03/09/2025 07:20:07,13.0366216,80.0876733,0876733,2025-09-04T23:28:34.836929
TN87F0976,353201358041769,67.0,76.42,338.0,03/09/2025 07:20:02,13.0357633,80.0879583,0879583,2025-09-04T23:28:34.837157
TN87F0976,353201358041769,65.0,76.51,338.0,03/09/2025 07:19:57,13.0349883,80.0882566,0882566,2025-09-04T23:28:34.837338
TN87F0976,353201358041769,66.0,76.6,338.0,03/09/2025 07:19:52,13.0342116,80.0885383,0885383,2025-09-04T23:28:34.837538
TN87F0976,353201358041769,68.0,76.7,338.0,03/09/2025 07:19:47,13.0334233,80.0888033,0888033,2025-09-04T23:28:34.837707
TN87F0976,353201358041769,69.0,76.8,338.0,03/09/2025 07:19:42,13.0325883,80.0891016,0891016,2025-09-04T23:28:34.837895
TN87F0976,353201358041769,71.0,76.9,339.0,03/09/2025 07:19:37,13.031735,80.0894116,0894116,2025-09-04T23:28:34.838082
TN87F0976,353201358041769,69.0,76.99,339.0,03/09/2025 07:19:32,13.0309033,80.08973,08973,2025-09-04T23:28:34.838282
TN87F0976,353201358041769,64.0,77.08,339.0,03/09/2025 07:19:27,13.030125,80.0900366,0900366,2025-09-04T23:28:34.838509
TN87F0976,353201358041769,60.0,77.16,339.0,03/09/2025 07:19:22,13.029365,80.09029,09029,2025-09-04T23:28:34.838696
TN87F0976,353201358041769,61.0,77.42,339.0,03/09/2025 07:19:17,13.0286833,80.0905416,0905416,2025-09-04T23:28:34.838874
TN87F0976,353201358041769,62.0,77.67,339.0,03/09/2025 07:19:12,13.0279283,80.0908633,0908633,2025-09-04T23:28:34.839038
TN87F0976,353201358041769,59.0,77.75,339.0,03/09/2025 07:19:07,13.0272083,80.091105,091105,2025-09-04T23:28:34.839162
TN87F0976,353201358041769,57.0,77.83,339.0,03/09/2025 07:19:02,13.0265149,80.0913716,0913716,2025-09-04T23:28:34.839363
TN87F0976,353201358041769,63.0,77.93,339.0,03/09/2025 07:18:57,13.025825,80.0916233,0916233,2025-09-04T23:28:34.839570
TN87F0976,353201358041769,69.0,78.02,339.0,03/09/2025 07:18:52,13.0250316,80.091915,091915,2025-09-04T23:28:34.839748
TN87F0976,353201358041769,69.0,78.12,339.0,03/09/2025 07:18:47,13.0242049,80.09223,09223,2025-09-04T23:28:34.839900
TN87F0976,353201358041769,68.0,78.22,340.0,03/09/2025 07:18:42,13.0233966,80.09255,09255,2025-09-04T23:28:34.840093
TN87F0976,353201358041769,69.0,78.31,340.0,03/09/2025 07:18:37,13.0225916,80.09286,09286,2025-09-04T23:28:34.840261
TN87F0976,353201358041769,69.0,78.41,340.0,03/09/2025 07:18:32,13.0217733,80.09319,09319,2025-09-04T23:28:34.840395
TN87F0976,353201358041769,71.0,78.51,340.0,03/09/2025 07:18:27,13.0209416,80.0935016,0935016,2025-09-04T23:28:34.840558
TN87F0976,353201358041769,72.0,78.61,340.0,03/09/2025 07:18:22,13.020105,80.0937983,0937983,2025-09-04T23:28:34.840700
TN87F0976,353201358041769,69.0,78.71,340.0,03/09/2025 07:18:17,13.0192633,80.0940983,0940983,2025-09-04T23:28:34.840828
TN87F0976,353201358041769,68.0,78.8,340.0,03/09/2025 07:18:12,13.0184183,80.0943933,0943933,2025-09-04T23:28:34.840983
TN87F0976,353201358041769,68.0,78.88,340.0,03/09/2025 07:18:07,13.0175933,80.0945916,0945916,2025-09-04T23:28:34.841109
TN87F0976,353201358041769,68.0,78.95,340.0,03/09/2025 07:18:03,13.0169116,80.0946199,0946199,2025-09-04T23:28:34.841244
TN87F0976,353201358041769,68.0,79.05,340.0,03/09/2025 07:17:59,13.0162549,80.0945116,0945116,2025-09-04T23:28:34.841407
TN87F0976,353201358041769,71.0,79.15,340.0,03/09/2025 07:17:54,13.0153983,80.0942366,0942366,2025-09-04T23:28:34.841581
TN87F0976,353201358041769,70.0,79.25,340.0,03/09/2025 07:17:49,13.0145299,80.0939716,0939716,2025-09-04T23:28:34.841782
TN87F0976,353201358041769,70.0,79.35,340.0,03/09/2025 07:17:44,13.01372,80.0936416,0936416,2025-09-04T23:28:34.841986
TN87F0976,353201358041769,68.0,79.44,340.0,03/09/2025 07:17:39,13.0128983,80.0932766,0932766,2025-09-04T23:28:34.842149
TN87F0976,353201358041769,68.0,79.54,340.0,03/09/2025 07:17:34,13.01211,80.0929599,0929599,2025-09-04T23:28:34.842276
TN87F0976,353201358041769,72.0,79.64,340.0,03/09/2025 07:17:29,13.0113216,80.0926083,0926083,2025-09-04T23:28:34.842422
TN87F0976,353201358041769,73.0,79.75,340.0,03/09/2025 07:17:24,13.0104416,80.0922966,0922966,2025-09-04T23:28:34.842625
TN87F0976,353201358041769,76.0,80.44,340.0,03/09/2025 07:17:19,13.0095549,80.0919883,0919883,2025-09-04T23:28:34.842734
TN87F0976,353201358041769,78.0,81.13,340.0,03/09/2025 07:17:14,13.0086316,80.0916433,0916433,2025-09-04T23:28:34.842881
TN87F0976,353201358041769,74.0,81.23,340.0,03/09/2025 07:17:09,13.007745,80.0912899,0912899,2025-09-04T23:28:34.843067
TN87F0976,353201358041769,71.0,81.34,339.0,03/09/2025 07:17:04,13.0068866,80.0909316,0909316,2025-09-04T23:28:34.843213
TN87F0976,353201358041769,68.0,81.44,339.0,03/09/2025 07:16:59,13.0060633,80.09061,09061,2025-09-04T23:28:34.843370
TN87F0976,353201358041769,66.0,81.53,339.0,03/09/2025 07:16:54,13.0052766,80.0902866,0902866,2025-09-04T23:28:34.843503
TN87F0976,353201358041769,68.0,81.62,339.0,03/09/2025 07:16:49,13.004525,80.089985,089985,2025-09-04T23:28:34.843647
TN87F0976,353201358041769,70.0,81.72,339.0,03/09/2025 07:16:44,13.0036999,80.0896716,0896716,2025-09-04T23:28:34.843814
TN87F0976,353201358041769,70.0,81.82,339.0,03/09/2025 07:16:39,13.0028783,80.0893666,0893666,2025-09-04T23:28:34.843968
TN87F0976,353201358041769,67.0,81.91,339.0,03/09/2025 07:16:34,13.0020533,80.0890166,0890166,2025-09-04T23:28:34.844112
TN87F0976,353201358041769,66.0,82.01,339.0,03/09/2025 07:16:29,13.0012416,80.0887166,0887166,2025-09-04T23:28:34.844248
TN87F0976,353201358041769,68.0,82.1,339.0,03/09/2025 07:16:24,13.0004233,80.088455,088455,2025-09-04T23:28:34.844643
TN87F0976,353201358041769,72.0,82.21,339.0,03/09/2025 07:16:19,12.9996133,80.088155,088155,2025-09-04T23:28:34.844944
TN87F0976,353201358041769,74.0,82.31,338.0,03/09/2025 07:16:14,12.9987566,80.08779,08779,2025-09-04T23:28:34.845157
TN87F0976,353201358041769,76.0,82.42,338.0,03/09/2025 07:16:09,12.9978416,80.0874883,0874883,2025-09-04T23:28:34.845368
TN87F0976,353201358041769,74.0,82.52,338.0,03/09/2025 07:16:04,12.9968916,80.0873499,0873499,2025-09-04T23:28:34.845583
TN87F0976,353201358041769,71.0,82.62,338.0,03/09/2025 07:15:59,12.9959916,80.0873166,0873166,2025-09-04T23:28:34.845769
TN87F0976,353201358041769,68.0,82.71,338.0,03/09/2025 07:15:54,12.9951316,80.0873816,0873816,2025-09-04T23:28:34.845975
TN87F0976,353201358041769,65.0,82.8,338.0,03/09/2025 07:15:49,12.9943233,80.0875583,0875583,2025-09-04T23:28:34.846189
TN87F0976,353201358041769,64.0,82.89,338.0,03/09/2025 07:15:44,12.9935316,80.0878033,0878033,2025-09-04T23:28:34.846372
TN87F0976,353201358041769,66.0,82.99,338.0,03/09/2025 07:15:39,12.9927633,80.0881166,0881166,2025-09-04T23:28:34.846552
TN87F0976,353201358041769,71.0,83.09,338.0,03/09/2025 07:15:34,12.9919516,80.0884283,0884283,2025-09-04T23:28:34.846694
TN87F0976,353201358041769,73.0,83.19,338.0,03/09/2025 07:15:29,12.991105,80.0887516,0887516,2025-09-04T23:28:34.846834
TN87F0976,353201358041769,73.0,83.29,338.0,03/09/2025 07:15:24,12.9902016,80.08897,08897,2025-09-04T23:28:34.847009
TN87F0976,353201358041769,70.0,83.39,338.0,03/09/2025 07:15:19,12.9893333,80.0890666,0890666,2025-09-04T23:28:34.847126
TN87F0976,353201358041769,71.0,83.59,338.0,03/09/2025 07:15:14,12.9884283,80.08912,08912,2025-09-04T23:28:34.847329
TN87F0976,353201358041769,71.0,83.79,338.0,03/09/2025 07:15:09,12.987515,80.0891833,0891833,2025-09-04T23:28:34.847451
TN87F0976,353201358041769,71.0,83.89,338.0,03/09/2025 07:15:04,12.9866299,80.0892383,0892383,2025-09-04T23:28:34.847598
TN87F0976,353201358041769,70.0,83.98,338.0,03/09/2025 07:14:59,12.9857416,80.0893016,0893016,2025-09-04T23:28:34.847722
TN87F0976,353201358041769,71.0,84.08,338.0,03/09/2025 07:14:54,12.9848633,80.0893316,0893316,2025-09-04T23:28:34.847860
TN87F0976,353201358041769,71.0,84.18,338.0,03/09/2025 07:14:49,12.9839999,80.0893533,0893533,2025-09-04T23:28:34.847984
TN87F0976,353201358041769,68.0,84.27,337.0,03/09/2025 07:14:44,12.983095,80.0894166,0894166,2025-09-04T23:28:34.848107
TN87F0976,353201358041769,65.0,84.45,337.0,03/09/2025 07:14:39,12.98226,80.0894616,0894616,2025-09-04T23:28:34.848250
TN87F0976,353201358041769,63.0,84.63,337.0,03/09/2025 07:14:34,12.9814166,80.089495,089495,2025-09-04T23:28:34.848389
TN87F0976,353201358041769,61.0,84.72,337.0,03/09/2025 07:14:29,12.9806283,80.0895466,0895466,2025-09-04T23:28:34.848493
TN87F0976,353201358041769,68.0,84.82,337.0,03/09/2025 07:14:24,12.979825,80.0895366,0895366,2025-09-04T23:28:34.848623
TN87F0976,353201358041769,76.0,84.93,337.0,03/09/2025 07:14:19,12.9789016,80.0895516,0895516,2025-09-04T23:28:34.848756
TN87F0976,353201358041769,73.0,85.03,337.0,03/09/2025 07:14:14,12.9779749,80.089605,089605,2025-09-04T23:28:34.848888
TN87F0976,353201358041769,73.0,85.13,337.0,03/09/2025 07:14:09,12.9770449,80.0896566,0896566,2025-09-04T23:28:34.849041
TN87F0976,353201358041769,71.0,85.23,337.0,03/09/2025 07:14:04,12.9761333,80.0896616,0896616,2025-09-04T23:28:34.849178
TN87F0976,353201358041769,69.0,85.32,337.0,03/09/2025 07:13:59,12.9752449,80.0896883,0896883,2025-09-04T23:28:34.849315
TN87F0976,353201358041769,65.0,85.42,337.0,03/09/2025 07:13:54,12.9744016,80.08972,08972,2025-09-04T23:28:34.849469
TN87F0976,353201358041769,65.0,85.51,338.0,03/09/2025 07:13:49,12.97357,80.0897266,0897266,2025-09-04T23:28:34.849642
TN87F0976,353201358041769,66.0,85.6,338.0,03/09/2025 07:13:44,12.9727516,80.089735,089735,2025-09-04T23:28:34.849815
TN87F0976,353201358041769,68.0,85.69,338.0,03/09/2025 07:13:39,12.97191,80.089755,089755,2025-09-04T23:28:34.849984
TN87F0976,353201358041769,69.0,85.79,338.0,03/09/2025 07:13:34,12.9710616,80.0898083,0898083,2025-09-04T23:28:34.850165
TN87F0976,353201358041769,68.0,85.89,338.0,03/09/2025 07:13:29,12.9701716,80.0898433,0898433,2025-09-04T23:28:34.850346
TN87F0976,353201358041769,69.0,85.99,338.0,03/09/2025 07:13:24,12.9692916,80.0898649,0898649,2025-09-04T23:28:34.850531
TN87F0976,353201358041769,67.0,86.08,338.0,03/09/2025 07:13:19,12.9684266,80.089885,089885,2025-09-04T23:28:34.850715
TN87F0976,353201358041769,62.0,86.17,338.0,03/09/2025 07:13:14,12.9676066,80.0898916,0898916,2025-09-04T23:28:34.850876
TN87F0976,353201358041769,61.0,86.25,340.0,03/09/2025 07:13:09,12.9668099,80.08993,08993,2025-09-04T23:28:34.851008
TN87F0976,353201358041769,62.0,86.34,340.0,03/09/2025 07:13:04,12.9660283,80.0899616,0899616,2025-09-04T23:28:34.851144
TN87F0976,353201358041769,63.0,86.43,340.0,03/09/2025 07:12:59,12.9652366,80.0899916,0899916,2025-09-04T23:28:34.851268
TN87F0976,353201358041769,67.0,86.53,340.0,03/09/2025 07:12:54,12.9644066,80.0900166,0900166,2025-09-04T23:28:34.851405
TN87F0976,353201358041769,68.0,86.62,340.0,03/09/2025 07:12:49,12.963565,80.0900533,0900533,2025-09-04T23:28:34.851537
TN87F0976,353201358041769,66.0,86.72,340.0,03/09/2025 07:12:44,12.962695,80.0900883,0900883,2025-09-04T23:28:34.851660
TN87F0976,353201358041769,65.0,86.81,340.0,03/09/2025 07:12:39,12.9618383,80.0901466,0901466,2025-09-04T23:28:34.851808
TN87F0976,353201358041769,64.0,86.9,343.0,03/09/2025 07:12:34,12.9610116,80.0901716,0901716,2025-09-04T23:28:34.851988
TN87F0976,353201358041769,65.0,86.99,343.0,03/09/2025 07:12:29,12.9602433,80.0901916,0901916,2025-09-04T23:28:34.852190
TN87F0976,353201358041769,68.0,87.09,343.0,03/09/2025 07:12:24,12.9593866,80.0902333,0902333,2025-09-04T23:28:34.852313
TN87F0976,353201358041769,66.0,87.18,343.0,03/09/2025 07:12:19,12.9585266,80.090225,090225,2025-09-04T23:28:34.852424
TN87F0976,353201358041769,67.0,87.27,343.0,03/09/2025 07:12:14,12.9576999,80.0901016,0901016,2025-09-04T23:28:34.852569
TN87F0976,353201358041769,67.0,87.37,344.0,03/09/2025 07:12:09,12.9569066,80.0899199,0899199,2025-09-04T23:28:34.852693
TN87F0976,353201358041769,69.0,87.47,344.0,03/09/2025 07:12:04,12.9560766,80.08962,08962,2025-09-04T23:28:34.852817
TN87F0976,353201358041769,70.0,87.57,344.0,03/09/2025 07:11:59,12.9552616,80.0892949,0892949,2025-09-04T23:28:34.853002
TN87F0976,353201358041769,70.0,87.66,344.0,03/09/2025 07:11:54,12.9543983,80.088965,088965,2025-09-04T23:28:34.853163
TN87F0976,353201358041769,66.0,87.75,344.0,03/09/2025 07:11:49,12.9536066,80.0886766,0886766,2025-09-04T23:28:34.853315
TN87F0976,353201358041769,64.0,87.84,344.0,03/09/2025 07:11:44,12.9528449,80.088385,088385,2025-09-04T23:28:34.853464
TN87F0976,353201358041769,64.0,87.93,343.0,03/09/2025 07:11:39,12.9520933,80.08811,08811,2025-09-04T23:28:34.853607
TN87F0976,353201358041769,63.0,88.02,343.0,03/09/2025 07:11:34,12.9513183,80.0878133,0878133,2025-09-04T23:28:34.853756
TN87F0976,353201358041769,61.0,88.11,343.0,03/09/2025 07:11:29,12.9505499,80.0875366,0875366,2025-09-04T23:28:34.853928
TN87F0976,353201358041769,57.0,88.18,343.0,03/09/2025 07:11:24,12.9498699,80.0872483,0872483,2025-09-04T23:28:34.854099
TN87F0976,353201358041769,55.0,88.26,343.0,03/09/2025 07:11:19,12.9492,80.0869916,0869916,2025-09-04T23:28:34.854215
TN87F0976,353201358041769,58.0,88.34,343.0,03/09/2025 07:11:14,12.94853,80.0867716,0867716,2025-09-04T23:28:34.854326
TN87F0976,353201358041769,58.0,88.42,343.0,03/09/2025 07:11:09,12.9478816,80.0865133,0865133,2025-09-04T23:28:34.854439
TN87F0976,353201358041769,54.0,88.5,343.0,03/09/2025 07:11:04,12.9472083,80.0862633,0862633,2025-09-04T23:28:34.854624
TN87F0976,353201358041769,59.0,88.59,343.0,03/09/2025 07:10:59,12.9465066,80.0860133,0860133,2025-09-04T23:28:34.854767
TN87F0976,353201358041769,64.0,88.68,343.0,03/09/2025 07:10:54,12.9457933,80.0857449,0857449,2025-09-04T23:28:34.854945
TN87F0976,353201358041769,65.0,88.77,343.0,03/09/2025 07:10:49,12.9450499,80.0854516,0854516,2025-09-04T23:28:34.855135
TN87F0976,353201358041769,67.0,88.87,343.0,03/09/2025 07:10:44,12.94426,80.0851533,0851533,2025-09-04T23:28:34.855269
TN87F0976,353201358041769,69.0,89.23,343.0,03/09/2025 07:10:39,12.9434433,80.0848433,0848433,2025-09-04T23:28:34.855401
TN87F0976,353201358041769,67.0,89.56,343.0,03/09/2025 07:10:34,12.9426266,80.0845433,0845433,2025-09-04T23:28:34.855542
TN87F0976,353201358041769,61.0,89.65,343.0,03/09/2025 07:10:29,12.9418733,80.0842766,0842766,2025-09-04T23:28:34.855676
TN87F0976,353201358041769,56.0,89.75,343.0,03/09/2025 07:10:24,12.9410399,80.0839166,0839166,2025-09-04T23:28:34.855800
TN87F0976,353201358041769,50.0,89.82,343.0,03/09/2025 07:10:19,12.9404116,80.08368,08368,2025-09-04T23:28:34.855928
TN87F0976,353201358041769,48.0,89.89,343.0,03/09/2025 07:10:14,12.9398333,80.0834683,0834683,2025-09-04T23:28:34.856049
TN87F0976,353201358041769,54.0,89.98,343.0,03/09/2025 07:10:09,12.9392133,80.083245,083245,2025-09-04T23:28:34.856171
TN87F0976,353201358041769,64.0,90.07,343.0,03/09/2025 07:10:04,12.9384933,80.08299,08299,2025-09-04T23:28:34.856293
TN87F0976,353201358041769,68.0,90.16,343.0,03/09/2025 07:09:59,12.9377416,80.0826966,0826966,2025-09-04T23:28:34.856418
TN87F0976,353201358041769,67.0,90.26,343.0,03/09/2025 07:09:54,12.936925,80.0824083,0824083,2025-09-04T23:28:34.856551
TN87F0976,353201358041769,65.0,90.35,343.0,03/09/2025 07:09:49,12.936125,80.082105,082105,2025-09-04T23:28:34.856686
TN87F0976,353201358041769,63.0,90.44,343.0,03/09/2025 07:09:44,12.9353566,80.08182,08182,2025-09-04T23:28:34.856832
TN87F0976,353201358041769,61.0,90.52,342.0,03/09/2025 07:09:39,12.9345966,80.0815516,0815516,2025-09-04T23:28:34.856970
TN87F0976,353201358041769,58.0,90.6,342.0,03/09/2025 07:09:34,12.93388,80.0812833,0812833,2025-09-04T23:28:34.857097
TN87F0976,353201358041769,54.0,90.67,342.0,03/09/2025 07:09:29,12.9332683,80.0810283,0810283,2025-09-04T23:28:34.857244
TN87F0976,353201358041769,49.0,90.74,342.0,03/09/2025 07:09:24,12.9326133,80.0808049,0808049,2025-09-04T23:28:34.857368
TN87F0976,353201358041769,45.0,90.8,342.0,03/09/2025 07:09:19,12.9320566,80.080575,080575,2025-09-04T23:28:34.857482
TN87F0976,353201358041769,42.0,90.86,339.0,03/09/2025 07:09:14,12.9315383,80.0803999,0803999,2025-09-04T23:28:34.857604
TN87F0976,353201358041769,33.0,90.9,339.0,03/09/2025 07:09:09,12.9310516,80.08022,08022,2025-09-04T23:28:34.857712
TN87F0976,353201358041769,28.0,90.94,339.0,03/09/2025 07:09:04,12.93066,80.0800983,0800983,2025-09-04T23:28:34.857828
TN87F0976,353201358041769,18.0,90.95,339.0,03/09/2025 07:08:59,12.93038,80.0800083,0800083,2025-09-04T23:28:34.857926
TN87F0976,353201358041769,8.0,90.96,339.0,03/09/2025 07:08:55,12.9302166,80.0799633,0799633,2025-09-04T23:28:34.858217
TN87F0976,353201358041769,0.0,90.96,339.0,03/09/2025 07:08:50,12.9301683,80.079965,079965,2025-09-04T23:28:34.858453
TN87F0976,353201358041769,7.0,90.97,339.0,03/09/2025 07:08:45,12.9301433,80.0799466,0799466,2025-09-04T23:28:34.858580
TN87F0976,353201358041769,14.0,91.0,339.0,03/09/2025 07:08:41,12.9300333,80.079915,079915,2025-09-04T23:28:34.858752
TN87F0976,353201358041769,25.0,91.04,338.0,03/09/2025 07:08:36,12.9297933,80.0798133,0798133,2025-09-04T23:28:34.858933
TN87F0976,353201358041769,25.0,91.07,338.0,03/09/2025 07:08:31,12.92947,80.0796916,0796916,2025-09-04T23:28:34.859115
TN87F0976,353201358041769,17.0,91.11,338.0,03/09/2025 07:08:26,12.9292383,80.07957,07957,2025-09-04T23:28:34.859312
TN87F0976,353201358041769,20.0,91.16,338.0,03/09/2025 07:08:21,12.92906,80.0794833,0794833,2025-09-04T23:28:34.859524
TN87F0976,353201358041769,30.0,91.18,338.0,03/09/2025 07:08:18,12.9288883,80.0794133,0794133,2025-09-04T23:28:34.859679
TN87F0976,353201358041769,41.0,91.24,338.0,03/09/2025 07:08:15,12.9286383,80.0793016,0793016,2025-09-04T23:28:34.859860
TN87F0976,353201358041769,48.0,91.31,338.0,03/09/2025 07:08:10,12.9281166,80.0790916,0790916,2025-09-04T23:28:34.860020
TN87F0976,353201358041769,49.0,91.38,339.0,03/09/2025 07:08:05,12.927535,80.0788566,0788566,2025-09-04T23:28:34.860205
TN87F0976,353201358041769,45.0,91.44,339.0,03/09/2025 07:08:00,12.9269433,80.07867,07867,2025-09-04T23:28:34.860391
TN87F0976,353201358041769,42.0,91.5,339.0,03/09/2025 07:07:55,12.92644,80.07845,07845,2025-09-04T23:28:34.860543
TN87F0976,353201358041769,35.0,91.53,339.0,03/09/2025 07:07:50,12.9259766,80.0782799,0782799,2025-09-04T23:28:34.860732
TN87F0976,353201358041769,33.0,91.55,339.0,03/09/2025 07:07:47,12.9257466,80.0781666,0781666,2025-09-04T23:28:34.860886
TN87F0976,353201358041769,32.0,91.6,339.0,03/09/2025 07:07:44,12.92553,80.0780466,0780466,2025-09-04T23:28:34.861033
TN87F0976,353201358041769,35.0,91.65,339.0,03/09/2025 07:07:39,12.9251399,80.0779083,0779083,2025-09-04T23:28:34.861163
TN87F0976,353201358041769,41.0,91.71,341.0,03/09/2025 07:07:34,12.9246733,80.0777566,0777566,2025-09-04T23:28:34.861298
TN87F0976,353201358041769,39.0,91.77,341.0,03/09/2025 07:07:29,12.92419,80.0775516,0775516,2025-09-04T23:28:34.861456
TN87F0976,353201358041769,38.0,91.81,341.0,03/09/2025 07:07:24,12.9237266,80.0773599,0773599,2025-09-04T23:28:34.861598
TN87F0976,353201358041769,26.0,91.84,341.0,03/09/2025 07:07:19,12.9233483,80.0772366,0772366,2025-09-04T23:28:34.861753
TN87F0976,353201358041769,17.0,91.87,343.0,03/09/2025 07:07:14,12.9230716,80.0771583,0771583,2025-09-04T23:28:34.861902
TN87F0976,353201358041769,25.0,91.89,343.0,03/09/2025 07:07:09,12.92285,80.077085,077085,2025-09-04T23:28:34.862062
TN87F0976,353201358041769,36.0,91.96,343.0,03/09/2025 07:07:06,12.922645,80.0770066,0770066,2025-09-04T23:28:34.862197
TN87F0976,353201358041769,44.0,92.69,343.0,03/09/2025 07:07:01,12.9221049,80.0768933,0768933,2025-09-04T23:28:34.862313
TN87F0976,353201358041769,45.0,93.37,343.0,03/09/2025 07:06:56,12.9215516,80.0767399,0767399,2025-09-04T23:28:34.862439
TN87F0976,353201358041769,46.0,93.43,343.0,03/09/2025 07:06:51,12.9210366,80.076545,076545,2025-09-04T23:28:34.862579
TN87F0976,353201358041769,10.0,94.03,341.0,03/09/2025 07:05:44,12.9158483,80.0748466,0748466,2025-09-04T23:28:34.862711
TN87F0976,353201358041769,0.0,94.03,339.0,03/09/2025 07:05:41,12.91579,80.0748033,0748033,2025-09-04T23:28:34.862849
TN87F0976,353201358041769,0.0,94.03,339.0,03/09/2025 07:05:41,12.91579,80.0748033,0748033,2025-09-04T23:28:34.863021
TN87F0976,353201358041769,0.0,94.03,339.0,03/09/2025 07:05:36,12.915785,80.0748033,0748033,2025-09-04T23:28:34.863167
TN87F0976,353201358041769,11.0,94.04,339.0,03/09/2025 07:05:33,12.915745,80.0747966,0747966,2025-09-04T23:28:34.863299
TN87F0976,353201358041769,16.0,94.05,339.0,03/09/2025 07:05:31,12.915675,80.0747883,0747883,2025-09-04T23:28:34.863440
TN87F0976,353201358041769,15.0,94.05,339.0,03/09/2025 07:05:30,12.9156283,80.0747899,0747899,2025-09-04T23:28:34.863590
TN87F0976,353201358041769,14.0,94.05,339.0,03/09/2025 07:05:29,12.915595,80.0748016,0748016,2025-09-04T23:28:34.863713
TN87F0976,353201358041769,13.0,94.06,339.0,03/09/2025 07:05:28,12.9155633,80.0748166,0748166,2025-09-04T23:28:34.863852
TN87F0976,353201358041769,13.0,94.07,339.0,03/09/2025 07:05:26,12.9155399,80.07484,07484,2025-09-04T23:28:34.863986
TN87F0976,353201358041769,21.0,94.1,339.0,03/09/2025 07:05:23,12.9155233,80.07492,07492,2025-09-04T23:28:34.864091
TN87F0976,353201358041769,32.0,94.15,339.0,03/09/2025 07:05:18,12.915515,80.07527,07527,2025-09-04T23:28:34.864211
TN87F0976,353201358041769,32.0,94.19,339.0,03/09/2025 07:05:13,12.9155066,80.0756583,0756583,2025-09-04T23:28:34.864376
TN87F0976,353201358041769,35.0,94.25,338.0,03/09/2025 07:05:08,12.915545,80.0760833,0760833,2025-09-04T23:28:34.864526
TN87F0976,353201358041769,39.0,94.3,338.0,03/09/2025 07:05:03,12.9155833,80.076565,076565,2025-09-04T23:28:34.864687
TN87F0976,353201358041769,39.0,94.36,338.0,03/09/2025 07:04:58,12.9155833,80.0770683,0770683,2025-09-04T23:28:34.864835
TN87F0976,353201358041769,34.0,94.4,338.0,03/09/2025 07:04:53,12.9155216,80.0776,0776,2025-09-04T23:28:34.864991
TN87F0976,353201358041769,29.0,94.42,338.0,03/09/2025 07:04:48,12.9155366,80.0780083,0780083,2025-09-04T23:28:34.865172
TN87F0976,353201358041769,24.0,94.43,338.0,03/09/2025 07:04:46,12.9155533,80.0781566,0781566,2025-09-04T23:28:34.865315
TN87F0976,353201358041769,16.0,94.46,338.0,03/09/2025 07:04:43,12.915605,80.0783,0783,2025-09-04T23:28:34.865439
TN87F0976,353201358041769,19.0,94.51,338.0,03/09/2025 07:04:38,12.9157049,80.07849,07849,2025-09-04T23:28:34.865545
TN87F0976,353201358041769,30.0,94.6,338.0,03/09/2025 07:04:34,12.9158266,80.078715,078715,2025-09-04T23:28:34.865679
TN87F0976,353201358041769,37.0,94.63,338.0,03/09/2025 07:04:31,12.9159833,80.078925,078925,2025-09-04T23:28:34.865788
TN87F0976,353201358041769,40.0,94.68,338.0,03/09/2025 07:04:26,12.9163333,80.0792616,0792616,2025-09-04T23:28:34.865900
TN87F0976,353201358041769,41.0,94.74,338.0,03/09/2025 07:04:21,12.9167,80.0796083,0796083,2025-09-04T23:28:34.866022
TN87F0976,353201358041769,40.0,94.8,338.0,03/09/2025 07:04:16,12.91709,80.0799966,0799966,2025-09-04T23:28:34.866120
TN87F0976,353201358041769,36.0,94.84,338.0,03/09/2025 07:04:11,12.91746,80.0803233,0803233,2025-09-04T23:28:34.866245
TN87F0976,353201358041769,28.0,94.88,342.0,03/09/2025 07:04:06,12.9177766,80.0806083,0806083,2025-09-04T23:28:34.866383
TN87F0976,353201358041769,22.0,94.9,342.0,03/09/2025 07:04:01,12.918005,80.0808499,0808499,2025-09-04T23:28:34.866508
TN87F0976,353201358041769,18.0,94.92,342.0,03/09/2025 07:03:57,12.91813,80.081025,081025,2025-09-04T23:28:34.866629
TN87F0976,353201358041769,7.0,94.92,342.0,03/09/2025 07:03:53,12.9181916,80.0811416,0811416,2025-09-04T23:28:34.866757
TN87F0976,353201358041769,0.0,94.92,342.0,03/09/2025 07:03:51,12.9182016,80.081175,081175,2025-09-04T23:28:34.866895
TN87F0976,353201358041769,0.0,94.92,342.0,03/09/2025 07:03:46,12.9182016,80.081175,081175,2025-09-04T23:28:34.867017
TN87F0976,353201358041769,0.0,94.92,342.0,03/09/2025 07:03:41,12.9182,80.0811783,0811783,2025-09-04T23:28:34.867199
TN87F0976,353201358041769,16.0,94.95,342.0,03/09/2025 07:03:38,12.918215,80.0812466,0812466,2025-09-04T23:28:34.867404
TN87F0976,353201358041769,20.0,94.98,342.0,03/09/2025 07:03:33,12.91832,80.0815016,0815016,2025-09-04T23:28:34.867564
TN87F0976,353201358041769,11.0,94.99,342.0,03/09/2025 07:03:28,12.9183966,80.0817466,0817466,2025-09-04T23:28:34.867725
TN87F0976,353201358041769,0.0,94.99,342.0,03/09/2025 07:03:25,12.9184366,80.0818383,0818383,2025-09-04T23:28:34.867916
TN87F0976,353201358041769,0.0,94.99,342.0,03/09/2025 07:03:20,12.9184366,80.0818383,0818383,2025-09-04T23:28:34.868098
TN87F0976,353201358041769,0.0,94.99,342.0,03/09/2025 07:03:15,12.9184399,80.0818416,0818416,2025-09-04T23:28:34.868290
TN87F0976,353201358041769,10.0,95.0,344.0,03/09/2025 07:03:12,12.9184516,80.0818833,0818833,2025-09-04T23:28:34.868423
TN87F0976,353201358041769,21.0,95.04,344.0,03/09/2025 07:03:09,12.91849,80.081995,081995,2025-09-04T23:28:34.868591
TN87F0976,353201358041769,28.0,95.08,344.0,03/09/2025 07:03:04,12.9186066,80.0822966,0822966,2025-09-04T23:28:34.868748
TN87F0976,353201358041769,32.0,95.13,344.0,03/09/2025 07:02:59,12.9187566,80.0826616,0826616,2025-09-04T23:28:34.868891
TN87F0976,353201358041769,30.0,95.16,344.0,03/09/2025 07:02:54,12.9189066,80.0830566,0830566,2025-09-04T23:28:34.869044
TN87F0976,353201358041769,23.0,95.19,344.0,03/09/2025 07:02:49,12.9190033,80.0833866,0833866,2025-09-04T23:28:34.869190
TN87F0976,353201358041769,17.0,95.21,344.0,03/09/2025 07:02:44,12.9190833,80.0836366,0836366,2025-09-04T23:28:34.869345
TN87F0976,353201358041769,21.0,95.25,344.0,03/09/2025 07:02:39,12.9191583,80.0838333,0838333,2025-09-04T23:28:34.869482
TN87F0976,353201358041769,34.0,95.3,345.0,03/09/2025 07:02:34,12.9192916,80.0841766,0841766,2025-09-04T23:28:34.869651
TN87F0976,353201358041769,39.0,95.36,345.0,03/09/2025 07:02:29,12.9194283,80.0846016,0846016,2025-09-04T23:28:34.869841
TN87F0976,353201358041769,39.0,95.41,345.0,03/09/2025 07:02:24,12.9195316,80.0851033,0851033,2025-09-04T23:28:34.870033
TN87F0976,353201358041769,35.0,95.46,345.0,03/09/2025 07:02:19,12.9196366,80.0855666,0855666,2025-09-04T23:28:34.870216
TN87F0976,353201358041769,32.0,95.51,345.0,03/09/2025 07:02:14,12.9196983,80.0860483,0860483,2025-09-04T23:28:34.870403
TN87F0976,353201358041769,32.0,95.55,348.0,03/09/2025 07:02:09,12.9197283,80.0864833,0864833,2025-09-04T23:28:34.870604
TN87F0976,353201358041769,27.0,95.59,348.0,03/09/2025 07:02:04,12.9197633,80.0868616,0868616,2025-09-04T23:28:34.870803
TN87F0976,353201358041769,18.0,95.61,348.0,03/09/2025 07:01:59,12.9198166,80.0871816,0871816,2025-09-04T23:28:34.871007
TN87F0976,353201358041769,10.0,95.64,348.0,03/09/2025 07:01:54,12.9198716,80.0873516,0873516,2025-09-04T23:28:34.871213
TN87F0976,353201358041769,18.0,95.71,348.0,03/09/2025 07:01:49,12.9199483,80.0874783,0874783,2025-09-04T23:28:34.871394
TN87F0976,353201358041769,28.0,95.73,348.0,03/09/2025 07:01:46,12.9200249,80.0876366,0876366,2025-09-04T23:28:34.871698
TN87F0976,353201358041769,39.0,95.78,348.0,03/09/2025 07:01:41,12.920195,80.0880516,0880516,2025-09-04T23:28:34.872005
TN87F0976,353201358041769,39.0,95.84,349.0,03/09/2025 07:01:36,12.9204616,80.0884966,0884966,2025-09-04T23:28:34.872351
TN87F0976,353201358041769,36.0,95.87,349.0,03/09/2025 07:01:31,12.9207283,80.0889266,0889266,2025-09-04T23:28:34.872630
TN87F0976,353201358041769,31.0,95.91,349.0,03/09/2025 07:01:28,12.9208283,80.0891716,0891716,2025-09-04T23:28:34.872988
TN87F0976,353201358041769,24.0,95.93,349.0,03/09/2025 07:01:23,12.920905,80.08953,08953,2025-09-04T23:28:34.873275
TN87F0976,353201358041769,13.0,95.95,349.0,03/09/2025 07:01:18,12.9209716,80.0897466,0897466,2025-09-04T23:28:34.873574
TN87F0976,353201358041769,23.0,95.98,349.0,03/09/2025 07:01:14,12.9209983,80.0899066,0899066,2025-09-04T23:28:34.873850
TN87F0976,353201358041769,35.0,96.03,349.0,03/09/2025 07:01:11,12.9210499,80.0901283,0901283,2025-09-04T23:28:34.874157
TN87F0976,353201358041769,40.0,96.08,348.0,03/09/2025 07:01:06,12.9211666,80.0905966,0905966,2025-09-04T23:28:34.874413
TN87F0976,353201358041769,37.0,96.13,348.0,03/09/2025 07:01:01,12.9212599,80.0910783,0910783,2025-09-04T23:28:34.874665
TN87F0976,353201358041769,37.0,96.18,348.0,03/09/2025 07:00:56,12.9213416,80.0915366,0915366,2025-09-04T23:28:34.874900
TN87F0976,353201358041769,37.0,96.24,348.0,03/09/2025 07:00:51,12.9215033,80.0919983,0919983,2025-09-04T23:28:34.875248
TN87F0976,353201358041769,35.0,96.28,348.0,03/09/2025 07:00:46,12.9216083,80.092455,092455,2025-09-04T23:28:34.875466
TN87F0976,353201358041769,29.0,96.32,348.0,03/09/2025 07:00:41,12.9217149,80.0928733,0928733,2025-09-04T23:28:34.875676
TN87F0976,353201358041769,24.0,96.34,346.0,03/09/2025 07:00:36,12.9218016,80.0932116,0932116,2025-09-04T23:28:34.875860
TN87F0976,353201358041769,14.0,96.36,346.0,03/09/2025 07:00:32,12.9218566,80.0933983,0933983,2025-09-04T23:28:34.876076
TN87F0976,353201358041769,11.0,96.37,346.0,03/09/2025 07:00:27,12.9219066,80.093545,093545,2025-09-04T23:28:34.876290
TN87F0976,353201358041769,17.0,96.41,346.0,03/09/2025 07:00:22,12.9219499,80.0936783,0936783,2025-09-04T23:28:34.876500
TN87F0976,353201358041769,29.0,96.46,346.0,03/09/2025 07:00:17,12.92204,80.0939566,0939566,2025-09-04T23:28:34.876714
TN87F0976,353201358041769,39.0,96.51,346.0,03/09/2025 07:00:12,12.9221716,80.0944033,0944033,2025-09-04T23:28:34.876922
TN87F0976,353201358041769,38.0,96.56,346.0,03/09/2025 07:00:07,12.9222483,80.0949033,0949033,2025-09-04T23:28:34.877208
TN87F0976,353201358041769,36.0,96.6,345.0,03/09/2025 07:00:02,12.92237,80.095375,095375,2025-09-04T23:28:34.877442
TN87F0976,353201358041769,32.0,96.65,345.0,03/09/2025 06:59:58,12.9225016,80.0957099,0957099,2025-09-04T23:28:34.877665
TN87F0976,353201358041769,32.0,96.69,345.0,03/09/2025 06:59:53,12.9226833,80.0960666,0960666,2025-09-04T23:28:34.877872
TN87F0976,353201358041769,31.0,96.73,345.0,03/09/2025 06:59:48,12.92291,80.096435,096435,2025-09-04T23:28:34.878050
TN87F0976,353201358041769,26.0,96.76,345.0,03/09/2025 06:59:43,12.9231249,80.09674,09674,2025-09-04T23:28:34.878226
TN87F0976,353201358041769,17.0,96.79,344.0,03/09/2025 06:59:38,12.9232716,80.0969683,0969683,2025-09-04T23:28:34.878429
TN87F0976,353201358041769,15.0,96.81,344.0,03/09/2025 06:59:33,12.9233766,80.0971566,0971566,2025-09-04T23:28:34.878597
TN87F0976,353201358041769,10.0,96.81,344.0,03/09/2025 06:59:28,12.9234616,80.0973133,0973133,2025-09-04T23:28:34.878757
TN87F0976,353201358041769,6.0,96.81,344.0,03/09/2025 06:59:27,12.9234716,80.0973316,0973316,2025-09-04T23:28:34.878905
TN87F0976,353201358041769,0.0,96.81,344.0,03/09/2025 06:59:22,12.9235016,80.097355,097355,2025-09-04T23:28:34.879052
TN87F0976,353201358041769,0.0,96.81,344.0,03/09/2025 06:59:17,12.9235016,80.097355,097355,2025-09-04T23:28:34.879197
TN87F0976,353201358041769,6.0,96.81,344.0,03/09/2025 06:59:12,12.92352,80.0973633,0973633,2025-09-04T23:28:34.879379
TN87F0976,353201358041769,9.0,96.83,344.0,03/09/2025 06:59:11,12.92353,80.0973766,0973766,2025-09-04T23:28:34.879588
TN87F0976,353201358041769,19.0,96.86,344.0,03/09/2025 06:59:08,12.9235849,80.0974666,0974666,2025-09-04T23:28:34.879791
TN87F0976,353201358041769,30.0,96.9,343.0,03/09/2025 06:59:04,12.9237216,80.0977,0977,2025-09-04T23:28:34.879979
TN87F0976,353201358041769,34.0,96.95,343.0,03/09/2025 06:58:59,12.9239616,80.0980516,0980516,2025-09-04T23:28:34.880158
TN87F0976,353201358041769,30.0,96.99,343.0,03/09/2025 06:58:54,12.924215,80.0983799,0983799,2025-09-04T23:28:34.880328
TN87F0976,353201358041769,26.0,97.02,343.0,03/09/2025 06:58:49,12.9243733,80.0987016,0987016,2025-09-04T23:28:34.880525
TN87F0976,353201358041769,18.0,97.04,343.0,03/09/2025 06:58:44,12.9244966,80.0989616,0989616,2025-09-04T23:28:34.880695
TN87F0976,353201358041769,14.0,97.06,343.0,03/09/2025 06:58:39,12.9246016,80.0991633,0991633,2025-09-04T23:28:34.880844
TN87F0976,353201358041769,6.0,97.06,341.0,03/09/2025 06:58:34,12.9246616,80.0992766,0992766,2025-09-04T23:28:34.881028
TN87F0976,353201358041769,0.0,97.06,341.0,03/09/2025 06:58:29,12.9246916,80.09932,09932,2025-09-04T23:28:34.881226
TN87F0976,353201358041769,3.0,97.08,341.0,03/09/2025 06:58:24,12.924695,80.0993283,0993283,2025-09-04T23:28:34.881437
TN87F0976,353201358041769,13.0,97.1,341.0,03/09/2025 06:58:20,12.9247333,80.0994333,0994333,2025-09-04T23:28:34.881621
TN87F0976,353201358041769,13.0,97.12,341.0,03/09/2025 06:58:15,12.9247966,80.09961,09961,2025-09-04T23:28:34.881797
TN87F0976,353201358041769,15.0,97.14,342.0,03/09/2025 06:58:10,12.9248666,80.0997899,0997899,2025-09-04T23:28:34.881981
TN87F0976,353201358041769,17.0,97.16,342.0,03/09/2025 06:58:05,12.924935,80.0999866,0999866,2025-09-04T23:28:34.882163
TN87F0976,353201358041769,24.0,97.19,342.0,03/09/2025 06:58:00,12.9250083,80.1002099,1002099,2025-09-04T23:28:34.882444
TN87F0976,353201358041769,29.0,97.23,342.0,03/09/2025 06:57:57,12.925085,80.100405,100405,2025-09-04T23:28:34.882624
TN87F0976,353201358041769,28.0,97.27,342.0,03/09/2025 06:57:52,12.925255,80.1007383,1007383,2025-09-04T23:28:34.882763
TN87F0976,353201358041769,29.0,97.31,342.0,03/09/2025 06:57:47,12.9254033,80.1010483,1010483,2025-09-04T23:28:34.882939
TN87F0976,353201358041769,34.0,97.36,342.0,03/09/2025 06:57:42,12.9255333,80.1014383,1014383,2025-09-04T23:28:34.883133
TN87F0976,353201358041769,38.0,97.4,342.0,03/09/2025 06:57:37,12.9256583,80.1018983,1018983,2025-09-04T23:28:34.883307
TN87F0976,353201358041769,37.0,97.46,342.0,03/09/2025 06:57:33,12.92574,80.1022683,1022683,2025-09-04T23:28:34.883495
TN87F0976,353201358041769,38.0,97.51,344.0,03/09/2025 06:57:28,12.9257416,80.1027816,1027816,2025-09-04T23:28:34.883637
TN87F0976,353201358041769,35.0,97.55,344.0,03/09/2025 06:57:23,12.925625,80.1032466,1032466,2025-09-04T23:28:34.883799
TN87F0976,353201358041769,27.0,97.59,344.0,03/09/2025 06:57:18,12.9255483,80.1036366,1036366,2025-09-04T23:28:34.883964
TN87F0976,353201358041769,18.0,97.61,344.0,03/09/2025 06:57:13,12.9255316,80.103945,103945,2025-09-04T23:28:34.884082
TN87F0976,353201358041769,18.0,97.63,346.0,03/09/2025 06:57:08,12.9255349,80.1041316,1041316,2025-09-04T23:28:34.884226
TN87F0976,353201358041769,9.0,97.64,346.0,03/09/2025 06:57:03,12.9255583,80.1043333,1043333,2025-09-04T23:28:34.884376
TN87F0976,353201358041769,5.0,97.65,346.0,03/09/2025 06:56:58,12.9255883,80.1044216,1044216,2025-09-04T23:28:34.884917
TN87F0976,353201358041769,0.0,97.65,346.0,03/09/2025 06:56:53,12.9256533,80.1045016,1045016,2025-09-04T23:28:34.885146
TN87F0976,353201358041769,0.0,97.65,346.0,03/09/2025 06:56:48,12.9256583,80.104505,104505,2025-09-04T23:28:34.885535
TN87F0976,353201358041769,11.0,97.67,346.0,03/09/2025 06:56:45,12.9256833,80.10455,10455,2025-09-04T23:28:34.885767
TN87F0976,353201358041769,19.0,97.7,346.0,03/09/2025 06:56:40,12.92574,80.1047349,1047349,2025-09-04T23:28:34.885967
TN87F0976,353201358041769,29.0,97.74,346.0,03/09/2025 06:56:36,12.9257999,80.1049833,1049833,2025-09-04T23:28:34.886157
TN87F0976,353201358041769,33.0,97.8,346.0,03/09/2025 06:56:31,12.92585,80.105385,105385,2025-09-04T23:28:34.886340
TN87F0976,353201358041769,35.0,97.84,346.0,03/09/2025 06:56:26,12.9258116,80.1058933,1058933,2025-09-04T23:28:34.886501
TN87F0976,353201358041769,28.0,97.89,346.0,03/09/2025 06:56:21,12.9257833,80.1063066,1063066,2025-09-04T23:28:34.886654
TN87F0976,353201358041769,31.0,97.93,346.0,03/09/2025 06:56:16,12.9257583,80.1067133,1067133,2025-09-04T23:28:34.886802
TN87F0976,353201358041769,31.0,97.97,346.0,03/09/2025 06:56:11,12.9256999,80.1070883,1070883,2025-09-04T23:28:34.887039
TN87F0976,353201358041769,34.0,98.02,346.0,03/09/2025 06:56:06,12.9256266,80.1075066,1075066,2025-09-04T23:28:34.887236
TN87F0976,353201358041769,26.0,98.05,341.0,03/09/2025 06:56:01,12.92556,80.1078933,1078933,2025-09-04T23:28:34.887392
TN87F0976,353201358041769,25.0,98.08,341.0,03/09/2025 06:55:56,12.9255066,80.1082249,1082249,2025-09-04T23:28:34.887553
TN87F0976,353201358041769,15.0,98.1,341.0,03/09/2025 06:55:51,12.9254683,80.1084949,1084949,2025-09-04T23:28:34.887709
TN87F0976,353201358041769,13.0,98.12,341.0,03/09/2025 06:55:46,12.9254449,80.1086483,1086483,2025-09-04T23:28:34.887876
TN87F0976,353201358041769,25.0,98.16,341.0,03/09/2025 06:55:42,12.9254166,80.10884,10884,2025-09-04T23:28:34.888053
TN87F0976,353201358041769,28.0,98.2,341.0,03/09/2025 06:55:37,12.9253666,80.109195,109195,2025-09-04T23:28:34.888219
TN87F0976,353201358041769,24.0,98.22,339.0,03/09/2025 06:55:32,12.9253066,80.1095333,1095333,2025-09-04T23:28:34.888385
TN87F0976,353201358041769,15.0,98.24,339.0,03/09/2025 06:55:27,12.925245,80.109785,109785,2025-09-04T23:28:34.888578
TN87F0976,353201358041769,10.0,98.25,339.0,03/09/2025 06:55:22,12.9252166,80.1099266,1099266,2025-09-04T23:28:34.888735
TN87F0976,353201358041769,0.0,98.25,339.0,03/09/2025 06:55:18,12.9252116,80.10997,10997,2025-09-04T23:28:34.888922
TN87F0976,353201358041769,7.0,98.27,339.0,03/09/2025 06:55:13,12.9251966,80.1099883,1099883,2025-09-04T23:28:34.889086
TN87F0976,353201358041769,19.0,98.28,339.0,03/09/2025 06:55:11,12.925195,80.110035,110035,2025-09-04T23:28:34.889249
TN87F0976,353201358041769,29.0,98.32,339.0,03/09/2025 06:55:08,12.9251366,80.110225,110225,2025-09-04T23:28:34.889409
TN87F0976,353201358041769,32.0,98.37,339.0,03/09/2025 06:55:03,12.9250883,80.110615,110615,2025-09-04T23:28:34.889560
TN87F0976,353201358041769,32.0,98.42,339.0,03/09/2025 06:54:58,12.9249966,80.1110216,1110216,2025-09-04T23:28:34.889746
TN87F0976,353201358041769,42.0,98.48,339.0,03/09/2025 06:54:53,12.9249166,80.1114816,1114816,2025-09-04T23:28:34.889889
TN87F0976,353201358041769,45.0,98.54,339.0,03/09/2025 06:54:48,12.924865,80.1120666,1120666,2025-09-04T23:28:34.890038
TN87F0976,353201358041769,41.0,98.6,339.0,03/09/2025 06:54:43,12.9248166,80.1125833,1125833,2025-09-04T23:28:34.890195
TN87F0976,353201358041769,44.0,98.66,339.0,03/09/2025 06:54:38,12.9246383,80.11316,11316,2025-09-04T23:28:34.890348
TN87F0976,353201358041769,41.0,98.72,339.0,03/09/2025 06:54:33,12.92454,80.11371,11371,2025-09-04T23:28:34.890470
TN87F0976,353201358041769,37.0,98.77,341.0,03/09/2025 06:54:28,12.9244516,80.1142349,1142349,2025-09-04T23:28:34.890604
TN87F0976,353201358041769,31.0,98.78,341.0,03/09/2025 06:54:23,12.9243566,80.1146666,1146666,2025-09-04T23:28:34.890787
TN87F0976,353201358041769,28.0,98.79,341.0,03/09/2025 06:54:21,12.9243166,80.1148166,1148166,2025-09-04T23:28:34.890968
TN87F0976,353201358041769,27.0,98.8,341.0,03/09/2025 06:54:20,12.9242866,80.1148833,1148833,2025-09-04T23:28:34.891170
TN87F0976,353201358041769,25.0,98.83,341.0,03/09/2025 06:54:19,12.9242449,80.1149366,1149366,2025-09-04T23:28:34.891373
TN87F0976,353201358041769,19.0,98.84,341.0,03/09/2025 06:54:15,12.9240566,80.115075,115075,2025-09-04T23:28:34.891607
TN87F0976,353201358041769,18.0,98.85,341.0,03/09/2025 06:54:14,12.9240199,80.1151033,1151033,2025-09-04T23:28:34.891792
TN87F0976,353201358041769,15.0,98.85,341.0,03/09/2025 06:54:13,12.92399,80.1151383,1151383,2025-09-04T23:28:34.892000
TN87F0976,353201358041769,14.0,98.86,341.0,03/09/2025 06:54:12,12.9239716,80.1151733,1151733,2025-09-04T23:28:34.892189
TN87F0976,353201358041769,15.0,98.86,341.0,03/09/2025 06:54:11,12.9239633,80.1152099,1152099,2025-09-04T23:28:34.892360
TN87F0976,353201358041769,15.0,98.86,341.0,03/09/2025 06:54:10,12.9239616,80.115255,115255,2025-09-04T23:28:34.892549
TN87F0976,353201358041769,15.0,98.88,341.0,03/09/2025 06:54:09,12.9239716,80.115285,115285,2025-09-04T23:28:34.892736
TN87F0976,353201358041769,17.0,98.9,341.0,03/09/2025 06:54:06,12.9240366,80.1153783,1153783,2025-09-04T23:28:34.892884
TN87F0976,353201358041769,18.0,98.92,344.0,03/09/2025 06:54:01,12.924185,80.1155499,1155499,2025-09-04T23:28:34.893058
TN87F0976,353201358041769,12.0,98.94,344.0,03/09/2025 06:53:56,12.92435,80.1157016,1157016,2025-09-04T23:28:34.893219
TN87F0976,353201358041769,6.0,98.94,344.0,03/09/2025 06:53:51,12.9244183,80.11577,11577,2025-09-04T23:28:34.893372
TN87F0976,353201358041769,16.0,98.97,344.0,03/09/2025 06:53:48,12.9244716,80.1158216,1158216,2025-09-04T23:28:34.893542
TN87F0976,353201358041769,27.0,99.01,344.0,03/09/2025 06:53:44,12.9246533,80.115965,115965,2025-09-04T23:28:34.893697
TN87F0976,353201358041769,22.0,99.03,344.0,03/09/2025 06:53:39,12.9249016,80.1161949,1161949,2025-09-04T23:28:34.893833
TN87F0976,353201358041769,22.0,99.07,344.0,03/09/2025 06:53:34,12.9250783,80.1163816,1163816,2025-09-04T23:28:34.893976
TN87F0976,353201358041769,27.0,99.11,344.0,03/09/2025 06:53:29,12.9253166,80.1166383,1166383,2025-09-04T23:28:34.894118
TN87F0976,353201358041769,24.0,99.14,344.0,03/09/2025 06:53:24,12.9255749,80.116905,116905,2025-09-04T23:28:34.894255
TN87F0976,353201358041769,17.0,99.17,344.0,03/09/2025 06:53:19,12.9257583,80.1171033,1171033,2025-09-04T23:28:34.894377
TN87F0976,353201358041769,16.0,99.17,344.0,03/09/2025 06:53:14,12.9259016,80.1172399,1172399,2025-09-04T23:28:34.894545
TN87F0976,353201358041769,11.0,99.18,344.0,03/09/2025 06:53:12,12.9259633,80.1172833,1172833,2025-09-04T23:28:34.894724
TN87F0976,353201358041769,5.0,99.19,344.0,03/09/2025 06:53:08,12.9260533,80.1172966,1172966,2025-09-04T23:28:34.894894
TN87F0976,353201358041769,0.0,99.19,344.0,03/09/2025 06:53:03,12.9261,80.11731,11731,2025-09-04T23:28:34.895055
TN87F0976,353201358041769,0.0,99.19,344.0,03/09/2025 06:52:58,12.9261866,80.1173599,1173599,2025-09-04T23:28:34.895210
TN87F0976,353201358041769,0.0,99.19,344.0,03/09/2025 06:52:53,12.9261866,80.1173599,1173599,2025-09-04T23:28:34.895327
TN87F0976,353201358041769,0.0,99.19,344.0,03/09/2025 06:52:48,12.9261866,80.1173599,1173599,2025-09-04T23:28:34.895480
TN87F0976,353201358041769,0.0,99.19,344.0,03/09/2025 06:52:43,12.9261866,80.1173599,1173599,2025-09-04T23:28:34.895642
TN87F0976,353201358041769,0.0,99.19,344.0,03/09/2025 06:52:38,12.9261866,80.1173599,1173599,2025-09-04T23:28:34.895809
TN87F0976,353201358041769,0.0,99.19,344.0,03/09/2025 06:52:33,12.9261866,80.1173599,1173599,2025-09-04T23:28:34.895941
TN87F0976,353201358041769,0.0,99.19,344.0,03/09/2025 06:52:28,12.9261866,80.1173599,1173599,2025-09-04T23:28:34.896075
TN87F0976,353201358041769,0.0,99.19,344.0,03/09/2025 06:52:23,12.9262399,80.11741,11741,2025-09-04T23:28:34.896221
TN87F0976,353201358041769,0.0,99.19,344.0,03/09/2025 06:52:18,12.9262399,80.11741,11741,2025-09-04T23:28:34.896374
TN87F0976,353201358041769,0.0,99.19,344.0,03/09/2025 06:52:13,12.9262416,80.117415,117415,2025-09-04T23:28:34.896527
TN87F0976,353201358041769,7.0,99.2,346.0,03/09/2025 06:52:08,12.926285,80.1174766,1174766,2025-09-04T23:28:34.896680
TN87F0976,353201358041769,10.0,99.22,346.0,03/09/2025 06:52:03,12.9263766,80.1175566,1175566,2025-09-04T23:28:34.896817
TN87F0976,353201358041769,8.0,99.23,346.0,03/09/2025 06:51:58,12.926475,80.1176566,1176566,2025-09-04T23:28:34.896947
TN87F0976,353201358041769,11.0,99.29,346.0,03/09/2025 06:51:53,12.926575,80.1177733,1177733,2025-09-04T23:28:34.897091
TN87F0976,353201358041769,6.0,99.35,346.0,03/09/2025 06:51:48,12.9266666,80.1178699,1178699,2025-09-04T23:28:34.897216
TN87F0976,353201358041769,13.0,99.37,346.0,03/09/2025 06:51:43,12.9267549,80.1179566,1179566,2025-09-04T23:28:34.897373
TN87F0976,353201358041769,19.0,99.39,346.0,03/09/2025 06:51:38,12.9269133,80.1180866,1180866,2025-09-04T23:28:34.897541
TN87F0976,353201358041769,28.0,99.43,348.0,03/09/2025 06:51:33,12.9271266,80.1182783,1182783,2025-09-04T23:28:34.897689
TN87F0976,353201358041769,29.0,99.48,348.0,03/09/2025 06:51:28,12.9274116,80.1185516,1185516,2025-09-04T23:28:34.897830
TN87F0976,353201358041769,34.0,99.53,348.0,03/09/2025 06:51:23,12.9276933,80.1188383,1188383,2025-09-04T23:28:34.897961
TN87F0976,353201358041769,41.0,99.58,348.0,03/09/2025 06:51:18,12.9280083,80.1191633,1191633,2025-09-04T23:28:34.898238
TN87F0976,353201358041769,44.0,99.65,348.0,03/09/2025 06:51:13,12.92838,80.11953,11953,2025-09-04T23:28:34.898469
TN87F0976,353201358041769,47.0,99.78,348.0,03/09/2025 06:51:08,12.9287816,80.1199616,1199616,2025-09-04T23:28:34.898680
TN87F0976,353201358041769,46.0,99.9,348.0,03/09/2025 06:51:03,12.92922,80.1203966,1203966,2025-09-04T23:28:34.898877
TN87F0976,353201358041769,42.0,99.97,349.0,03/09/2025 06:50:58,12.9296033,80.12085,12085,2025-09-04T23:28:34.899114
TN87F0976,353201358041769,37.0,100.01,349.0,03/09/2025 06:50:53,12.9299733,80.1211766,1211766,2025-09-04T23:28:34.899308
TN87F0976,353201358041769,32.0,100.06,349.0,03/09/2025 06:50:48,12.9302733,80.1214866,1214866,2025-09-04T23:28:34.899506
TN87F0976,353201358041769,33.0,100.11,349.0,03/09/2025 06:50:43,12.930575,80.12178,12178,2025-09-04T23:28:34.899697
TN87F0976,353201358041769,32.0,100.15,349.0,03/09/2025 06:50:38,12.9308716,80.1220866,1220866,2025-09-04T23:28:34.899888
TN87F0976,353201358041769,29.0,100.19,349.0,03/09/2025 06:50:33,12.9311466,80.1223833,1223833,2025-09-04T23:28:34.900063
TN87F0976,353201358041769,21.0,100.21,349.0,03/09/2025 06:50:28,12.9313766,80.122635,122635,2025-09-04T23:28:34.900238
TN87F0976,353201358041769,17.0,100.24,349.0,03/09/2025 06:50:23,12.9315316,80.1228066,1228066,2025-09-04T23:28:34.900400
TN87F0976,353201358041769,17.0,100.26,347.0,03/09/2025 06:50:18,12.9317116,80.1229883,1229883,2025-09-04T23:28:34.900546
TN87F0976,353201358041769,9.0,100.27,347.0,03/09/2025 06:50:13,12.9318449,80.1231016,1231016,2025-09-04T23:28:34.900725
TN87F0976,353201358041769,0.0,100.27,347.0,03/09/2025 06:50:08,12.9319166,80.1231583,1231583,2025-09-04T23:28:34.900943
TN87F0976,353201358041769,0.0,100.27,347.0,03/09/2025 06:50:03,12.9319166,80.1231583,1231583,2025-09-04T23:28:34.901145
TN87F0976,353201358041769,0.0,100.27,347.0,03/09/2025 06:49:58,12.9319166,80.1231583,1231583,2025-09-04T23:28:34.901336
TN87F0976,353201358041769,0.0,100.27,347.0,03/09/2025 06:49:53,12.9319166,80.1231583,1231583,2025-09-04T23:28:34.901489
TN87F0976,353201358041769,4.0,100.28,347.0,03/09/2025 06:49:48,12.931925,80.123165,123165,2025-09-04T23:28:34.901655
TN87F0976,353201358041769,16.0,100.31,347.0,03/09/2025 06:49:44,12.932,80.1232433,1232433,2025-09-04T23:28:34.901773
TN87F0976,353201358041769,22.0,100.33,347.0,03/09/2025 06:49:39,12.9321766,80.1234083,1234083,2025-09-04T23:28:34.901925
TN87F0976,353201358041769,34.0,100.38,347.0,03/09/2025 06:49:36,12.9323233,80.1235533,1235533,2025-09-04T23:28:34.902091
TN87F0976,353201358041769,41.0,100.44,344.0,03/09/2025 06:49:31,12.9326816,80.1238716,1238716,2025-09-04T23:28:34.902243
TN87F0976,353201358041769,43.0,100.5,344.0,03/09/2025 06:49:26,12.9330283,80.1242866,1242866,2025-09-04T23:28:34.902414
TN87F0976,353201358041769,43.0,100.56,344.0,03/09/2025 06:49:21,12.9334216,80.12468,12468,2025-09-04T23:28:34.902534
TN87F0976,353201358041769,42.0,100.62,344.0,03/09/2025 06:49:16,12.933815,80.1250699,1250699,2025-09-04T23:28:34.902637
TN87F0976,353201358041769,41.0,100.68,344.0,03/09/2025 06:49:11,12.9341966,80.1254383,1254383,2025-09-04T23:28:34.902764
TN87F0976,353201358041769,41.0,100.84,344.0,03/09/2025 06:49:06,12.9345866,80.1257649,1257649,2025-09-04T23:28:34.902910
TN87F0976,353201358041769,38.0,100.98,344.0,03/09/2025 06:49:01,12.93496,80.126115,126115,2025-09-04T23:28:34.903066
TN87F0976,353201358041769,36.0,101.04,344.0,03/09/2025 06:48:56,12.9353299,80.1264483,1264483,2025-09-04T23:28:34.903210
TN87F0976,353201358041769,29.0,101.09,343.0,03/09/2025 06:48:51,12.9356449,80.1267666,1267666,2025-09-04T23:28:34.903346
TN87F0976,353201358041769,22.0,101.11,343.0,03/09/2025 06:48:46,12.9359049,80.1270166,1270166,2025-09-04T23:28:34.903482
TN87F0976,353201358041769,15.0,101.14,343.0,03/09/2025 06:48:41,12.9360566,80.127175,127175,2025-09-04T23:28:34.903620
TN87F0976,353201358041769,24.0,101.18,343.0,03/09/2025 06:48:36,12.9362483,80.1273266,1273266,2025-09-04T23:28:34.903731
TN87F0976,353201358041769,30.0,101.22,343.0,03/09/2025 06:48:31,12.9365216,80.127545,127545,2025-09-04T23:28:34.903864
TN87F0976,353201358041769,36.0,101.27,343.0,03/09/2025 06:48:26,12.9368416,80.1278016,1278016,2025-09-04T23:28:34.904013
TN87F0976,353201358041769,33.0,101.31,343.0,03/09/2025 06:48:21,12.93718,80.1280783,1280783,2025-09-04T23:28:34.904141
TN87F0976,353201358041769,25.0,101.35,343.0,03/09/2025 06:48:16,12.9374599,80.1283316,1283316,2025-09-04T23:28:34.904275
TN87F0976,353201358041769,25.0,101.38,345.0,03/09/2025 06:48:11,12.937705,80.1285333,1285333,2025-09-04T23:28:34.904423
TN87F0976,353201358041769,36.0,101.43,345.0,03/09/2025 06:48:07,12.9379416,80.128735,128735,2025-09-04T23:28:34.904571
TN87F0976,353201358041769,39.0,101.49,345.0,03/09/2025 06:48:02,12.9383066,80.1290533,1290533,2025-09-04T23:28:34.904705
TN87F0976,353201358041769,44.0,101.55,345.0,03/09/2025 06:47:57,12.9386933,80.129425,129425,2025-09-04T23:28:34.904893
TN87F0976,353201358041769,42.0,101.61,345.0,03/09/2025 06:47:52,12.93911,80.1297833,1297833,2025-09-04T23:28:34.905046
TN87F0976,353201358041769,42.0,101.67,345.0,03/09/2025 06:47:47,12.93952,80.1301216,1301216,2025-09-04T23:28:34.905178
TN87F0976,353201358041769,45.0,101.74,345.0,03/09/2025 06:47:42,12.9399266,80.13048,13048,2025-09-04T23:28:34.905329
TN87F0976,353201358041769,46.0,101.8,345.0,03/09/2025 06:47:37,12.94035,80.1309083,1309083,2025-09-04T23:28:34.905436
TN87F0976,353201358041769,46.0,101.92,345.0,03/09/2025 06:47:32,12.9407583,80.1313116,1313116,2025-09-04T23:28:34.905536
TN87F0976,353201358041769,41.0,102.03,345.0,03/09/2025 06:47:27,12.9411399,80.1317366,1317366,2025-09-04T23:28:34.905642
TN87F0976,353201358041769,37.0,102.09,345.0,03/09/2025 06:47:22,12.9414899,80.1321633,1321633,2025-09-04T23:28:34.905741
TN87F0976,353201358041769,29.0,102.13,345.0,03/09/2025 06:47:17,12.9417883,80.1324766,1324766,2025-09-04T23:28:34.905863
TN87F0976,353201358041769,19.0,102.15,345.0,03/09/2025 06:47:12,12.942015,80.13271,13271,2025-09-04T23:28:34.905998
TN87F0976,353201358041769,10.0,102.16,345.0,03/09/2025 06:47:07,12.94216,80.13289,13289,2025-09-04T23:28:34.906127
TN87F0976,353201358041769,6.0,102.16,345.0,03/09/2025 06:47:06,12.9421766,80.1329049,1329049,2025-09-04T23:28:34.906282
TN87F0976,353201358041769,0.0,102.16,345.0,03/09/2025 06:47:02,12.9422033,80.132935,132935,2025-09-04T23:28:34.906426
TN87F0976,353201358041769,0.0,102.16,345.0,03/09/2025 06:46:57,12.9422033,80.132935,132935,2025-09-04T23:28:34.906589
TN87F0976,353201358041769,0.0,102.16,345.0,03/09/2025 06:46:52,12.9422033,80.132935,132935,2025-09-04T23:28:34.906743
TN87F0976,353201358041769,0.0,102.16,345.0,03/09/2025 06:46:47,12.942205,80.1329399,1329399,2025-09-04T23:28:34.906850
TN87F0976,353201358041769,10.0,102.19,345.0,03/09/2025 06:46:44,12.9422366,80.132975,132975,2025-09-04T23:28:34.906955
TN87F0976,353201358041769,16.0,102.21,345.0,03/09/2025 06:46:39,12.9423616,80.1331233,1331233,2025-09-04T23:28:34.907059
TN87F0976,353201358041769,14.0,102.23,345.0,03/09/2025 06:46:34,12.9425183,80.1332766,1332766,2025-09-04T23:28:34.907193
TN87F0976,353201358041769,7.0,102.23,345.0,03/09/2025 06:46:29,12.94263,80.1333749,1333749,2025-09-04T23:28:34.907317
TN87F0976,353201358041769,0.0,102.23,345.0,03/09/2025 06:46:25,12.94266,80.133415,133415,2025-09-04T23:28:34.907456
TN87F0976,353201358041769,0.0,102.23,345.0,03/09/2025 06:46:20,12.94266,80.133415,133415,2025-09-04T23:28:34.907602
TN87F0976,353201358041769,7.0,102.25,345.0,03/09/2025 06:46:15,12.9426783,80.1334333,1334333,2025-09-04T23:28:34.907737
TN87F0976,353201358041769,16.0,102.28,345.0,03/09/2025 06:46:10,12.9427916,80.133535,133535,2025-09-04T23:28:34.907891
TN87F0976,353201358041769,25.0,102.32,345.0,03/09/2025 06:46:05,12.9429866,80.1337066,1337066,2025-09-04T23:28:34.908051
TN87F0976,353201358041769,37.0,102.38,345.0,03/09/2025 06:46:00,12.943275,80.133985,133985,2025-09-04T23:28:34.908195
TN87F0976,353201358041769,45.0,102.44,345.0,03/09/2025 06:45:55,12.9436733,80.1343316,1343316,2025-09-04T23:28:34.908336
TN87F0976,353201358041769,47.0,102.51,345.0,03/09/2025 06:45:50,12.94412,80.1347033,1347033,2025-09-04T23:28:34.908524
TN87F0976,353201358041769,48.0,102.58,345.0,03/09/2025 06:45:45,12.9446333,80.1350483,1350483,2025-09-04T23:28:34.908707
TN87F0976,353201358041769,51.0,102.65,345.0,03/09/2025 06:45:40,12.9451483,80.1354433,1354433,2025-09-04T23:28:34.908887
TN87F0976,353201358041769,52.0,102.73,345.0,03/09/2025 06:45:35,12.9456633,80.1358516,1358516,2025-09-04T23:28:34.909049
TN87F0976,353201358041769,49.0,102.79,345.0,03/09/2025 06:45:30,12.9461699,80.1362466,1362466,2025-09-04T23:28:34.909221
TN87F0976,353201358041769,46.0,102.85,345.0,03/09/2025 06:45:25,12.9466166,80.1366033,1366033,2025-09-04T23:28:34.909412
TN87F0976,353201358041769,41.0,102.91,345.0,03/09/2025 06:45:20,12.9470783,80.1369366,1369366,2025-09-04T23:28:34.909602
TN87F0976,353201358041769,37.0,102.96,345.0,03/09/2025 06:45:15,12.9474983,80.1372299,1372299,2025-09-04T23:28:34.909777
TN87F0976,353201358041769,41.0,103.02,345.0,03/09/2025 06:45:10,12.9479049,80.1375216,1375216,2025-09-04T23:28:34.909930
TN87F0976,353201358041769,43.0,103.08,345.0,03/09/2025 06:45:05,12.948365,80.1378199,1378199,2025-09-04T23:28:34.910106
TN87F0976,353201358041769,37.0,103.13,345.0,03/09/2025 06:45:00,12.9487716,80.1381183,1381183,2025-09-04T23:28:34.910250
TN87F0976,353201358041769,35.0,103.18,345.0,03/09/2025 06:44:55,12.9491466,80.138415,138415,2025-09-04T23:28:34.910383
TN87F0976,353201358041769,36.0,103.23,345.0,03/09/2025 06:44:50,12.9494833,80.138725,138725,2025-09-04T23:28:34.910490
TN87F0976,353201358041769,34.0,103.28,345.0,03/09/2025 06:44:45,12.9498233,80.1390583,1390583,2025-09-04T23:28:34.910595
TN87F0976,353201358041769,25.0,103.31,345.0,03/09/2025 06:44:40,12.9501066,80.1393316,1393316,2025-09-04T23:28:34.910717
TN87F0976,353201358041769,20.0,103.33,345.0,03/09/2025 06:44:35,12.9503666,80.1395283,1395283,2025-09-04T23:28:34.910868
TN87F0976,353201358041769,14.0,103.35,343.0,03/09/2025 06:44:30,12.9505333,80.1396266,1396266,2025-09-04T23:28:34.911006
TN87F0976,353201358041769,7.0,103.36,343.0,03/09/2025 06:44:25,12.950675,80.1397283,1397283,2025-09-04T23:28:34.911141
TN87F0976,353201358041769,0.0,103.36,343.0,03/09/2025 06:44:20,12.9507083,80.1397433,1397433,2025-09-04T23:28:34.911269
TN87F0976,353201358041769,0.0,103.36,343.0,03/09/2025 06:44:15,12.9507083,80.1397433,1397433,2025-09-04T23:28:34.911478
TN87F0976,353201358041769,0.0,103.36,343.0,03/09/2025 06:44:10,12.9507083,80.1397433,1397433,2025-09-04T23:28:34.911707
TN87F0976,353201358041769,0.0,103.36,343.0,03/09/2025 06:44:05,12.9507083,80.1397433,1397433,2025-09-04T23:28:34.911920
TN87F0976,353201358041769,0.0,103.36,342.0,03/09/2025 06:44:00,12.9507083,80.1397433,1397433,2025-09-04T23:28:34.912137
TN87F0976,353201358041769,4.0,103.37,342.0,03/09/2025 06:43:55,12.9507233,80.1397483,1397483,2025-09-04T23:28:34.912339
TN87F0976,353201358041769,17.0,103.4,342.0,03/09/2025 06:43:51,12.9508166,80.1398016,1398016,2025-09-04T23:28:34.912536
TN87F0976,353201358041769,22.0,103.43,342.0,03/09/2025 06:43:46,12.95102,80.1399716,1399716,2025-09-04T23:28:34.912731
TN87F0976,353201358041769,18.0,103.46,342.0,03/09/2025 06:43:41,12.9512366,80.140165,140165,2025-09-04T23:28:34.912919
TN87F0976,353201358041769,15.0,103.47,342.0,03/09/2025 06:43:36,12.9514266,80.1403116,1403116,2025-09-04T23:28:34.913054
TN87F0976,353201358041769,10.0,103.48,340.0,03/09/2025 06:43:31,12.9515583,80.140395,140395,2025-09-04T23:28:34.913176
TN87F0976,353201358041769,0.0,103.48,340.0,03/09/2025 06:43:27,12.95163,80.14044,14044,2025-09-04T23:28:34.913311
TN87F0976,353201358041769,0.0,103.48,340.0,03/09/2025 06:43:22,12.95163,80.14044,14044,2025-09-04T23:28:34.913470
TN87F0976,353201358041769,0.0,103.48,340.0,03/09/2025 06:43:17,12.95163,80.14044,14044,2025-09-04T23:28:34.913603
TN87F0976,353201358041769,0.0,103.48,340.0,03/09/2025 06:43:12,12.95163,80.14044,14044,2025-09-04T23:28:34.913726
TN87F0976,353201358041769,0.0,103.48,340.0,03/09/2025 06:43:07,12.95163,80.14044,14044,2025-09-04T23:28:34.913899
TN87F0976,353201358041769,0.0,103.48,340.0,03/09/2025 06:43:02,12.95163,80.14044,14044,2025-09-04T23:28:34.914078
TN87F0976,353201358041769,0.0,103.48,340.0,03/09/2025 06:42:57,12.95163,80.14044,14044,2025-09-04T23:28:34.914240
TN87F0976,353201358041769,0.0,103.48,340.0,03/09/2025 06:42:52,12.95163,80.14044,14044,2025-09-04T23:28:34.914369
TN87F0976,353201358041769,0.0,103.48,340.0,03/09/2025 06:42:47,12.95163,80.14044,14044,2025-09-04T23:28:34.914474
TN87F0976,353201358041769,0.0,103.48,340.0,03/09/2025 06:42:42,12.95163,80.14044,14044,2025-09-04T23:28:34.914632
TN87F0976,353201358041769,0.0,103.48,340.0,03/09/2025 06:42:37,12.95163,80.140445,140445,2025-09-04T23:28:34.914795
TN87F0976,353201358041769,16.0,103.51,340.0,03/09/2025 06:42:33,12.9517083,80.1405116,1405116,2025-09-04T23:28:34.914938
TN87F0976,353201358041769,24.0,103.55,340.0,03/09/2025 06:42:28,12.951915,80.140675,140675,2025-09-04T23:28:34.915098
TN87F0976,353201358041769,28.0,103.59,340.0,03/09/2025 06:42:23,12.9521666,80.1408916,1408916,2025-09-04T23:28:34.915232
TN87F0976,353201358041769,26.0,103.62,340.0,03/09/2025 06:42:18,12.9524266,80.1410916,1410916,2025-09-04T23:28:34.915395
TN87F0976,353201358041769,26.0,103.66,340.0,03/09/2025 06:42:13,12.9527083,80.1413066,1413066,2025-09-04T23:28:34.915535
TN87F0976,353201358041769,26.0,103.7,340.0,03/09/2025 06:42:08,12.9529933,80.1415133,1415133,2025-09-04T23:28:34.915677
TN87F0976,353201358041769,26.0,103.74,341.0,03/09/2025 06:42:03,12.9532933,80.1417133,1417133,2025-09-04T23:28:34.915829
TN87F0976,353201358041769,26.0,103.79,341.0,03/09/2025 06:41:58,12.9535916,80.1418933,1418933,2025-09-04T23:28:34.915994
TN87F0976,353201358041769,35.0,103.83,341.0,03/09/2025 06:41:53,12.9539533,80.1420833,1420833,2025-09-04T23:28:34.916142
TN87F0976,353201358041769,33.0,103.88,341.0,03/09/2025 06:41:48,12.9543316,80.1422916,1422916,2025-09-04T23:28:34.916283
TN87F0976,353201358041769,28.0,103.92,341.0,03/09/2025 06:41:43,12.9547133,80.1424866,1424866,2025-09-04T23:28:34.916417
TN87F0976,353201358041769,24.0,103.95,345.0,03/09/2025 06:41:38,12.9550266,80.1426533,1426533,2025-09-04T23:28:34.916539
TN87F0976,353201358041769,16.0,103.97,345.0,03/09/2025 06:41:33,12.9552516,80.1427766,1427766,2025-09-04T23:28:34.916660
TN87F0976,353201358041769,8.0,103.97,345.0,03/09/2025 06:41:28,12.9554099,80.1428783,1428783,2025-09-04T23:28:34.916787
TN87F0976,353201358041769,6.0,103.99,345.0,03/09/2025 06:41:27,12.9554283,80.1428933,1428933,2025-09-04T23:28:34.916911
TN87F0976,353201358041769,16.0,104.04,345.0,03/09/2025 06:41:22,12.9555583,80.14298,14298,2025-09-04T23:28:34.917047
TN87F0976,353201358041769,11.0,104.07,345.0,03/09/2025 06:41:17,12.9556833,80.143035,143035,2025-09-04T23:28:34.917202
TN87F0976,353201358041769,0.0,104.07,345.0,03/09/2025 06:41:17,12.9559399,80.1431783,1431783,2025-09-04T23:28:34.917344
TN87F0976,353201358041769,0.0,104.07,347.0,03/09/2025 06:41:01,12.9559399,80.1431783,1431783,2025-09-04T23:28:34.917483
TN87F0976,353201358041769,0.0,104.07,347.0,03/09/2025 06:40:31,12.9559399,80.1431783,1431783,2025-09-04T23:28:34.917610
TN87F0976,353201358041769,4.0,104.08,347.0,03/09/2025 06:40:30,12.9559516,80.1431849,1431849,2025-09-04T23:28:34.917732
TN87F0976,353201358041769,3.0,104.08,347.0,03/09/2025 06:40:25,12.956005,80.1432149,1432149,2025-09-04T23:28:34.917858
TN87F0976,353201358041769,0.0,104.08,347.0,03/09/2025 06:40:20,12.9560333,80.1432316,1432316,2025-09-04T23:28:34.917985
TN87F0976,353201358041769,0.0,104.08,347.0,03/09/2025 06:40:15,12.9560333,80.1432316,1432316,2025-09-04T23:28:34.918109
TN87F0976,353201358041769,0.0,104.08,347.0,03/09/2025 06:40:10,12.9560333,80.1432316,1432316,2025-09-04T23:28:34.918241
TN87F0976,353201358041769,0.0,104.08,347.0,03/09/2025 06:40:05,12.9560333,80.1432316,1432316,2025-09-04T23:28:34.918344
TN87F0976,353201358041769,0.0,104.08,346.0,03/09/2025 06:40:00,12.9560333,80.1432316,1432316,2025-09-04T23:28:34.918460
TN87F0976,353201358041769,0.0,104.08,346.0,03/09/2025 06:39:55,12.9560333,80.1432316,1432316,2025-09-04T23:28:34.918600
TN87F0976,353201358041769,0.0,104.08,346.0,03/09/2025 06:39:50,12.9560333,80.1432316,1432316,2025-09-04T23:28:34.918729
TN87F0976,353201358041769,0.0,104.08,346.0,03/09/2025 06:39:45,12.9560333,80.1432316,1432316,2025-09-04T23:28:34.918825
TN87F0976,353201358041769,0.0,104.08,346.0,03/09/2025 06:39:40,12.9560333,80.1432316,1432316,2025-09-04T23:28:34.918956
TN87F0976,353201358041769,0.0,104.08,346.0,03/09/2025 06:39:35,12.9560333,80.1432316,1432316,2025-09-04T23:28:34.919086
TN87F0976,353201358041769,0.0,104.08,343.0,03/09/2025 06:39:30,12.9560333,80.1432316,1432316,2025-09-04T23:28:34.919233
TN87F0976,353201358041769,0.0,104.08,343.0,03/09/2025 06:39:25,12.9560366,80.143235,143235,2025-09-04T23:28:34.919379
TN87F0976,353201358041769,11.0,104.1,343.0,03/09/2025 06:39:20,12.9561166,80.1432449,1432449,2025-09-04T23:28:34.919550
TN87F0976,353201358041769,22.0,104.14,343.0,03/09/2025 06:39:16,12.956265,80.1433116,1433116,2025-09-04T23:28:34.919745
TN87F0976,353201358041769,31.0,104.18,343.0,03/09/2025 06:39:11,12.9565583,80.1434983,1434983,2025-09-04T23:28:34.919929
TN87F0976,353201358041769,36.0,104.24,343.0,03/09/2025 06:39:06,12.9569366,80.1436933,1436933,2025-09-04T23:28:34.920085
TN87F0976,353201358041769,41.0,104.29,343.0,03/09/2025 06:39:01,12.9573666,80.14391,14391,2025-09-04T23:28:34.920190
TN87F0976,353201358041769,44.0,104.36,342.0,03/09/2025 06:38:56,12.9577649,80.1442316,1442316,2025-09-04T23:28:34.920318
TN87F0976,353201358041769,45.0,104.43,342.0,03/09/2025 06:38:51,12.9582983,80.1444766,1444766,2025-09-04T23:28:34.920454
TN87F0976,353201358041769,45.0,104.49,342.0,03/09/2025 06:38:46,12.958845,80.1447366,1447366,2025-09-04T23:28:34.920598
TN87F0976,353201358041769,42.0,104.54,342.0,03/09/2025 06:38:41,12.9593233,80.1449933,1449933,2025-09-04T23:28:34.920737
TN87F0976,353201358041769,37.0,104.62,342.0,03/09/2025 06:38:36,12.9598066,80.1452016,1452016,2025-09-04T23:28:34.920841
TN87F0976,353201358041769,27.0,104.71,342.0,03/09/2025 06:38:32,12.9601049,80.1453383,1453383,2025-09-04T23:28:34.920978
TN87F0976,353201358041769,26.0,104.72,342.0,03/09/2025 06:38:31,12.96016,80.1453783,1453783,2025-09-04T23:28:34.921083
TN87F0976,353201358041769,25.0,104.73,341.0,03/09/2025 06:38:30,12.9602116,80.1454199,1454199,2025-09-04T23:28:34.921182
TN87F0976,353201358041769,25.0,104.73,341.0,03/09/2025 06:38:29,12.9602483,80.1454716,1454716,2025-09-04T23:28:34.921296
TN87F0976,353201358041769,25.0,104.74,341.0,03/09/2025 06:38:28,12.96028,80.1455283,1455283,2025-09-04T23:28:34.921429
TN87F0976,353201358041769,26.0,104.75,341.0,03/09/2025 06:38:27,12.9602916,80.1455916,1455916,2025-09-04T23:28:34.921540
TN87F0976,353201358041769,30.0,104.76,341.0,03/09/2025 06:38:25,12.96029,80.145725,145725,2025-09-04T23:28:34.921673
TN87F0976,353201358041769,39.0,104.82,341.0,03/09/2025 06:38:20,12.9601966,80.14618,14618,2025-09-04T23:28:34.921782
TN87F0976,353201358041769,38.0,104.87,341.0,03/09/2025 06:38:15,12.9600816,80.14671,14671,2025-09-04T23:28:34.921907
TN87F0976,353201358041769,37.0,104.92,341.0,03/09/2025 06:38:10,12.9599966,80.1471433,1471433,2025-09-04T23:28:34.922074
TN87F0976,353201358041769,29.0,104.95,341.0,03/09/2025 06:38:05,12.959915,80.1475633,1475633,2025-09-04T23:28:34.922213
TN87F0976,353201358041769,28.0,105.0,342.0,03/09/2025 06:38:00,12.9598449,80.1478983,1478983,2025-09-04T23:28:34.922362
TN87F0976,353201358041769,36.0,105.05,342.0,03/09/2025 06:37:55,12.9597666,80.1482883,1482883,2025-09-04T23:28:34.922497
TN87F0976,353201358041769,36.0,105.1,342.0,03/09/2025 06:37:50,12.9596483,80.14878,14878,2025-09-04T23:28:34.922614
TN87F0976,353201358041769,43.0,105.13,342.0,03/09/2025 06:37:45,12.9595683,80.1492649,1492649,2025-09-04T23:28:34.922737
TN87F0976,353201358041769,46.0,105.15,342.0,03/09/2025 06:37:43,12.9594699,80.1494716,1494716,2025-09-04T23:28:34.922846
TN87F0976,353201358041769,44.0,105.21,342.0,03/09/2025 06:37:41,12.9593449,80.14965,14965,2025-09-04T23:28:34.923031
TN87F0976,353201358041769,42.0,105.27,342.0,03/09/2025 06:37:36,12.9589083,80.1499949,1499949,2025-09-04T23:28:34.923190
TN87F0976,353201358041769,45.0,105.34,342.0,03/09/2025 06:37:31,12.9584816,80.1503149,1503149,2025-09-04T23:28:34.923352
TN87F0976,353201358041769,50.0,105.41,343.0,03/09/2025 06:37:26,12.9580133,80.150695,150695,2025-09-04T23:28:34.923493
TN87F0976,353201358041769,50.0,105.48,343.0,03/09/2025 06:37:21,12.9575249,80.1510883,1510883,2025-09-04T23:28:34.923619
TN87F0976,353201358041769,49.0,105.55,343.0,03/09/2025 06:37:16,12.9570116,80.1514966,1514966,2025-09-04T23:28:34.923749
TN87F0976,353201358041769,46.0,105.61,343.0,03/09/2025 06:37:11,12.9565816,80.151905,151905,2025-09-04T23:28:34.923903
TN87F0976,353201358041769,41.0,105.66,343.0,03/09/2025 06:37:06,12.9561466,80.1523383,1523383,2025-09-04T23:28:34.924037
TN87F0976,353201358041769,38.0,105.71,343.0,03/09/2025 06:37:02,12.9559433,80.1527099,1527099,2025-09-04T23:28:34.924191
TN87F0976,353201358041769,31.0,105.75,345.0,03/09/2025 06:36:57,12.9557566,80.1530966,1530966,2025-09-04T23:28:34.924326
TN87F0976,353201358041769,22.0,105.77,345.0,03/09/2025 06:36:52,12.955625,80.1534333,1534333,2025-09-04T23:28:34.924452
TN87F0976,353201358041769,16.0,105.79,345.0,03/09/2025 06:36:47,12.9555416,80.15369,15369,2025-09-04T23:28:34.924570
TN87F0976,353201358041769,6.0,105.79,345.0,03/09/2025 06:36:44,12.9555116,80.153795,153795,2025-09-04T23:28:34.924682
TN87F0976,353201358041769,0.0,105.79,345.0,03/09/2025 06:36:39,12.955495,80.1538483,1538483,2025-09-04T23:28:34.925014
TN87F0976,353201358041769,4.0,105.8,345.0,03/09/2025 06:36:34,12.9554833,80.1538799,1538799,2025-09-04T23:28:34.925212
TN87F0976,353201358041769,0.0,105.8,348.0,03/09/2025 06:36:29,12.9554716,80.153915,153915,2025-09-04T23:28:34.925337
TN87F0976,353201358041769,0.0,105.8,348.0,03/09/2025 06:36:24,12.9554716,80.153915,153915,2025-09-04T23:28:34.925519
TN87F0976,353201358041769,0.0,105.8,348.0,03/09/2025 06:36:19,12.9554683,80.1539116,1539116,2025-09-04T23:28:34.925700
TN87F0976,353201358041769,15.0,105.81,348.0,03/09/2025 06:36:17,12.95546,80.1539483,1539483,2025-09-04T23:28:34.925849
TN87F0976,353201358041769,26.0,105.84,348.0,03/09/2025 06:36:15,12.95544,80.1540383,1540383,2025-09-04T23:28:34.925976
TN87F0976,353201358041769,39.0,105.9,348.0,03/09/2025 06:36:11,12.9553833,80.1543616,1543616,2025-09-04T23:28:34.926151
TN87F0976,353201358041769,46.0,105.97,348.0,03/09/2025 06:36:06,12.9552833,80.1548833,1548833,2025-09-04T23:28:34.926348
TN87F0976,353201358041769,49.0,106.03,348.0,03/09/2025 06:36:01,12.95515,80.1554966,1554966,2025-09-04T23:28:34.926501
TN87F0976,353201358041769,44.0,106.1,352.0,03/09/2025 06:35:56,12.9550266,80.15609,15609,2025-09-04T23:28:34.926677
TN87F0976,353201358041769,41.0,106.15,352.0,03/09/2025 06:35:51,12.9548533,80.1566433,1566433,2025-09-04T23:28:34.926844
TN87F0976,353201358041769,31.0,106.19,352.0,03/09/2025 06:35:46,12.9547916,80.1571,1571,2025-09-04T23:28:34.926994
TN87F0976,353201358041769,25.0,106.22,352.0,03/09/2025 06:35:41,12.9547083,80.15747,15747,2025-09-04T23:28:34.927131
TN87F0976,353201358041769,19.0,106.23,352.0,03/09/2025 06:35:36,12.9546633,80.1577316,1577316,2025-09-04T23:28:34.927273
TN87F0976,353201358041769,12.0,106.24,352.0,03/09/2025 06:35:33,12.9546366,80.1578499,1578499,2025-09-04T23:28:34.927421
TN87F0976,353201358041769,0.0,106.24,355.0,03/09/2025 06:35:28,12.954615,80.1579316,1579316,2025-09-04T23:28:34.927556
TN87F0976,353201358041769,0.0,106.24,355.0,03/09/2025 06:35:23,12.954615,80.1579316,1579316,2025-09-04T23:28:34.927705
TN87F0976,353201358041769,0.0,106.24,355.0,03/09/2025 06:35:18,12.954615,80.1579316,1579316,2025-09-04T23:28:34.927860
TN87F0976,353201358041769,0.0,106.24,355.0,03/09/2025 06:35:13,12.954615,80.1579333,1579333,2025-09-04T23:28:34.927996
TN87F0976,353201358041769,8.0,106.25,355.0,03/09/2025 06:35:08,12.9546066,80.157995,157995,2025-09-04T23:28:34.928124
TN87F0976,353201358041769,9.0,106.26,355.0,03/09/2025 06:35:05,12.9546033,80.15807,15807,2025-09-04T23:28:34.928242
TN87F0976,353201358041769,14.0,106.28,356.0,03/09/2025 06:35:02,12.9546033,80.158165,158165,2025-09-04T23:28:34.928373
TN87F0976,353201358041769,14.0,106.3,356.0,03/09/2025 06:34:57,12.954555,80.1583833,1583833,2025-09-04T23:28:34.928501
TN87F0976,353201358041769,6.0,106.3,356.0,03/09/2025 06:34:52,12.9545216,80.1585116,1585116,2025-09-04T23:28:34.928619
TN87F0976,353201358041769,6.0,106.31,356.0,03/09/2025 06:34:49,12.9545016,80.1585666,1585666,2025-09-04T23:28:34.928744
TN87F0976,353201358041769,0.0,106.31,356.0,03/09/2025 06:34:44,12.95448,80.1586133,1586133,2025-09-04T23:28:34.928893
TN87F0976,353201358041769,0.0,106.31,356.0,03/09/2025 06:34:39,12.95448,80.1586133,1586133,2025-09-04T23:28:34.929078
TN87F0976,353201358041769,0.0,106.31,355.0,03/09/2025 06:34:34,12.95448,80.1586133,1586133,2025-09-04T23:28:34.929210
TN87F0976,353201358041769,0.0,106.31,355.0,03/09/2025 06:34:29,12.9544816,80.15861,15861,2025-09-04T23:28:34.929354
TN87F0976,353201358041769,12.0,106.33,355.0,03/09/2025 06:34:24,12.9544666,80.1586916,1586916,2025-09-04T23:28:34.929483
TN87F0976,353201358041769,14.0,106.35,355.0,03/09/2025 06:34:19,12.9544383,80.158875,158875,2025-09-04T23:28:34.929653
TN87F0976,353201358041769,13.0,106.37,355.0,03/09/2025 06:34:14,12.9543966,80.1590483,1590483,2025-09-04T23:28:34.929810
TN87F0976,353201358041769,15.0,106.39,355.0,03/09/2025 06:34:09,12.9543549,80.1592333,1592333,2025-09-04T23:28:34.929964
TN87F0976,353201358041769,8.0,106.39,355.0,03/09/2025 06:34:04,12.95432,80.1594133,1594133,2025-09-04T23:28:34.930142
TN87F0976,353201358041769,0.0,106.39,351.0,03/09/2025 06:33:59,12.9543083,80.15946,15946,2025-09-04T23:28:34.930285
TN87F0976,353201358041769,0.0,106.39,351.0,03/09/2025 06:33:54,12.9543083,80.15946,15946,2025-09-04T23:28:34.930420
TN87F0976,353201358041769,0.0,106.39,351.0,03/09/2025 06:33:49,12.95431,80.1594633,1594633,2025-09-04T23:28:34.930576
TN87F0976,353201358041769,6.0,106.4,351.0,03/09/2025 06:33:44,12.9542933,80.1595133,1595133,2025-09-04T23:28:34.930721
TN87F0976,353201358041769,11.0,106.41,351.0,03/09/2025 06:33:39,12.9542899,80.1596,1596,2025-09-04T23:28:34.930859
TN87F0976,353201358041769,21.0,106.44,351.0,03/09/2025 06:33:36,12.9542733,80.1597166,1597166,2025-09-04T23:28:34.930987
TN87F0976,353201358041769,31.0,106.47,349.0,03/09/2025 06:33:33,12.954245,80.1599049,1599049,2025-09-04T23:28:34.931112
TN87F0976,353201358041769,42.0,106.6,349.0,03/09/2025 06:33:30,12.9541933,80.1601866,1601866,2025-09-04T23:28:34.931235
TN87F0976,353201358041769,49.0,106.74,349.0,03/09/2025 06:33:25,12.9540633,80.1607683,1607683,2025-09-04T23:28:34.931369
TN87F0976,353201358041769,52.0,106.81,349.0,03/09/2025 06:33:20,12.9539216,80.16139,16139,2025-09-04T23:28:34.931483
TN87F0976,353201358041769,53.0,106.89,349.0,03/09/2025 06:33:15,12.9537466,80.1620583,1620583,2025-09-04T23:28:34.931605
TN87F0976,353201358041769,50.0,106.96,349.0,03/09/2025 06:33:10,12.9536233,80.1627233,1627233,2025-09-04T23:28:34.931728
TN87F0976,353201358041769,49.0,107.03,349.0,03/09/2025 06:33:05,12.953485,80.163355,163355,2025-09-04T23:28:34.931930
TN87F0976,353201358041769,46.0,107.09,347.0,03/09/2025 06:33:00,12.953415,80.1639749,1639749,2025-09-04T23:28:34.932070
TN87F0976,353201358041769,42.0,107.14,347.0,03/09/2025 06:32:55,12.953285,80.16453,16453,2025-09-04T23:28:34.932217
TN87F0976,353201358041769,39.0,107.2,347.0,03/09/2025 06:32:50,12.9531616,80.1650366,1650366,2025-09-04T23:28:34.932349
TN87F0976,353201358041769,34.0,107.24,347.0,03/09/2025 06:32:45,12.9530433,80.1655166,1655166,2025-09-04T23:28:34.932488
TN87F0976,353201358041769,37.0,107.29,347.0,03/09/2025 06:32:40,12.9529533,80.1659283,1659283,2025-09-04T23:28:34.932626
TN87F0976,353201358041769,47.0,107.36,347.0,03/09/2025 06:32:36,12.9528699,80.166365,166365,2025-09-04T23:28:34.932774
TN87F0976,353201358041769,53.0,107.44,347.0,03/09/2025 06:32:31,12.95271,80.1670066,1670066,2025-09-04T23:28:34.932942
TN87F0976,353201358041769,52.0,107.5,345.0,03/09/2025 06:32:26,12.9525516,80.1676616,1676616,2025-09-04T23:28:34.933126
TN87F0976,353201358041769,50.0,107.57,345.0,03/09/2025 06:32:21,12.9524049,80.1682766,1682766,2025-09-04T23:28:34.933286
TN87F0976,353201358041769,44.0,107.63,345.0,03/09/2025 06:32:16,12.9522616,80.1688966,1688966,2025-09-04T23:28:34.933420
TN87F0976,353201358041769,42.0,107.69,345.0,03/09/2025 06:32:11,12.9521199,80.1694366,1694366,2025-09-04T23:28:34.933563
TN87F0976,353201358041769,39.0,107.74,345.0,03/09/2025 06:32:06,12.9520399,80.1699416,1699416,2025-09-04T23:28:34.933710
TN87F0976,353201358041769,31.0,107.79,345.0,03/09/2025 06:32:01,12.95196,80.170435,170435,2025-09-04T23:28:34.933846
TN87F0976,353201358041769,26.0,107.81,346.0,03/09/2025 06:31:56,12.9518833,80.170805,170805,2025-09-04T23:28:34.934001
TN87F0976,353201358041769,19.0,107.84,346.0,03/09/2025 06:31:51,12.95183,80.1710766,1710766,2025-09-04T23:28:34.934133
TN87F0976,353201358041769,11.0,107.84,346.0,03/09/2025 06:31:46,12.9517833,80.17129,17129,2025-09-04T23:28:34.934255
TN87F0976,353201358041769,0.0,107.84,346.0,03/09/2025 06:31:43,12.9517633,80.1713433,1713433,2025-09-04T23:28:34.934400
TN87F0976,353201358041769,0.0,107.84,346.0,03/09/2025 06:31:38,12.9517633,80.1713433,1713433,2025-09-04T23:28:34.934575
TN87F0976,353201358041769,0.0,107.84,346.0,03/09/2025 06:31:33,12.9517633,80.171345,171345,2025-09-04T23:28:34.934716
TN87F0976,353201358041769,6.0,107.85,347.0,03/09/2025 06:31:28,12.9517466,80.1714133,1714133,2025-09-04T23:28:34.934893
TN87F0976,353201358041769,0.0,107.85,347.0,03/09/2025 06:31:23,12.9517316,80.1714933,1714933,2025-09-04T23:28:34.935063
TN87F0976,353201358041769,8.0,107.87,347.0,03/09/2025 06:31:18,12.9517366,80.1715416,1715416,2025-09-04T23:28:34.935249
TN87F0976,353201358041769,19.0,107.95,347.0,03/09/2025 06:31:14,12.951705,80.1716633,1716633,2025-09-04T23:28:34.935424
TN87F0976,353201358041769,30.0,108.04,347.0,03/09/2025 06:31:09,12.9516466,80.1719783,1719783,2025-09-04T23:28:34.935559
TN87F0976,353201358041769,33.0,108.08,347.0,03/09/2025 06:31:04,12.951595,80.172385,172385,2025-09-04T23:28:34.935714
TN87F0976,353201358041769,36.0,108.14,350.0,03/09/2025 06:30:59,12.9515383,80.1728333,1728333,2025-09-04T23:28:34.935856
TN87F0976,353201358041769,32.0,108.18,350.0,03/09/2025 06:30:54,12.9514466,80.1732983,1732983,2025-09-04T23:28:34.936002
TN87F0976,353201358041769,29.0,108.23,350.0,03/09/2025 06:30:49,12.95136,80.1736816,1736816,2025-09-04T23:28:34.936160
TN87F0976,353201358041769,18.0,108.27,350.0,03/09/2025 06:30:44,12.9512916,80.1739766,1739766,2025-09-04T23:28:34.936275
TN87F0976,353201358041769,15.0,108.29,350.0,03/09/2025 06:30:39,12.95125,80.17419,17419,2025-09-04T23:28:34.936401
TN87F0976,353201358041769,8.0,108.3,350.0,03/09/2025 06:30:34,12.9512266,80.1742966,1742966,2025-09-04T23:28:34.936538
TN87F0976,353201358041769,0.0,108.3,350.0,03/09/2025 06:30:08,12.951205,80.174345,174345,2025-09-04T23:28:34.936666
TN87F0976,353201358041769,0.0,108.3,350.0,03/09/2025 06:30:07,12.951205,80.174345,174345,2025-09-04T23:28:34.936789
TN87F0976,353201358041769,0.0,108.3,349.0,03/09/2025 06:30:02,12.951205,80.174345,174345,2025-09-04T23:28:34.936911
TN87F0976,353201358041769,0.0,108.3,349.0,03/09/2025 06:29:57,12.951205,80.174345,174345,2025-09-04T23:28:34.937030
TN87F0976,353201358041769,0.0,108.3,349.0,03/09/2025 06:29:52,12.951205,80.174345,174345,2025-09-04T23:28:34.937159
TN87F0976,353201358041769,0.0,108.3,349.0,03/09/2025 06:29:47,12.951205,80.174345,174345,2025-09-04T23:28:34.937303
TN87F0976,353201358041769,0.0,108.3,349.0,03/09/2025 06:29:42,12.951205,80.174345,174345,2025-09-04T23:28:34.937428
TN87F0976,353201358041769,0.0,108.3,349.0,03/09/2025 06:29:37,12.951205,80.174345,174345,2025-09-04T23:28:34.937566
TN87F0976,353201358041769,0.0,108.3,349.0,03/09/2025 06:29:32,12.951205,80.174345,174345,2025-09-04T23:28:34.937702
TN87F0976,353201358041769,0.0,108.3,348.0,03/09/2025 06:29:27,12.951205,80.174345,174345,2025-09-04T23:28:34.937836
TN87F0976,353201358041769,0.0,108.3,348.0,03/09/2025 06:29:22,12.951205,80.174345,174345,2025-09-04T23:28:34.938197
TN87F0976,353201358041769,0.0,108.3,348.0,03/09/2025 06:29:17,12.951205,80.174345,174345,2025-09-04T23:28:34.938432
TN87F0976,353201358041769,0.0,108.3,348.0,03/09/2025 06:29:12,12.951205,80.174345,174345,2025-09-04T23:28:34.938654
TN87F0976,353201358041769,0.0,108.3,348.0,03/09/2025 06:29:07,12.951205,80.174345,174345,2025-09-04T23:28:34.938853
TN87F0976,353201358041769,8.0,108.43,348.0,03/09/2025 06:29:02,12.9512,80.1743683,1743683,2025-09-04T23:28:34.939046
TN87F0976,353201358041769,18.0,108.44,349.0,03/09/2025 06:28:58,12.9511816,80.1744766,1744766,2025-09-04T23:28:34.939246
TN87F0976,353201358041769,28.0,108.47,349.0,03/09/2025 06:28:54,12.951135,80.1746983,1746983,2025-09-04T23:28:34.939458
TN87F0976,353201358041769,37.0,108.51,349.0,03/09/2025 06:28:49,12.9510683,80.1751183,1751183,2025-09-04T23:28:34.939662
TN87F0976,353201358041769,37.0,108.57,349.0,03/09/2025 06:28:44,12.95098,80.1755783,1755783,2025-09-04T23:28:34.939880
TN87F0976,353201358041769,40.0,108.63,349.0,03/09/2025 06:28:39,12.95089,80.1761,1761,2025-09-04T23:28:34.940068
TN87F0976,353201358041769,43.0,108.69,349.0,03/09/2025 06:28:34,12.9507566,80.1766399,1766399,2025-09-04T23:28:34.940237
TN87F0976,353201358041769,45.0,108.76,350.0,03/09/2025 06:28:29,12.9506216,80.1771833,1771833,2025-09-04T23:28:34.940423
TN87F0976,353201358041769,47.0,108.83,350.0,03/09/2025 06:28:24,12.950455,80.17777,17777,2025-09-04T23:28:34.940600
TN87F0976,353201358041769,51.0,108.9,350.0,03/09/2025 06:28:19,12.9503033,80.1783849,1783849,2025-09-04T23:28:34.940750
TN87F0976,353201358041769,50.0,108.95,350.0,03/09/2025 06:28:14,12.9501249,80.179005,179005,2025-09-04T23:28:34.940877
TN87F0976,353201358041769,49.0,109.04,350.0,03/09/2025 06:28:09,12.950025,80.179515,179515,2025-09-04T23:28:34.941042
TN87F0976,353201358041769,52.0,109.12,350.0,03/09/2025 06:28:04,12.9498666,80.1803016,1803016,2025-09-04T23:28:34.941202
TN87F0976,353201358041769,50.0,109.18,350.0,03/09/2025 06:27:59,12.9497433,80.18097,18097,2025-09-04T23:28:34.941400
TN87F0976,353201358041769,48.0,109.25,350.0,03/09/2025 06:27:54,12.9496433,80.1816033,1816033,2025-09-04T23:28:34.941562
TN87F0976,353201358041769,45.0,109.31,350.0,03/09/2025 06:27:49,12.9495966,80.1821916,1821916,2025-09-04T23:28:34.941717
TN87F0976,353201358041769,44.0,109.37,350.0,03/09/2025 06:27:44,12.9494566,80.1827716,1827716,2025-09-04T23:28:34.941947
TN87F0976,353201358041769,41.0,109.43,350.0,03/09/2025 06:27:39,12.949375,80.1833016,1833016,2025-09-04T23:28:34.942124
TN87F0976,353201358041769,38.0,109.48,350.0,03/09/2025 06:27:34,12.9493033,80.1838116,1838116,2025-09-04T23:28:34.942269
TN87F0976,353201358041769,30.0,109.51,349.0,03/09/2025 06:27:29,12.949255,80.1842466,1842466,2025-09-04T23:28:34.942402
TN87F0976,353201358041769,21.0,109.54,349.0,03/09/2025 06:27:24,12.9492049,80.1845933,1845933,2025-09-04T23:28:34.942557
TN87F0976,353201358041769,17.0,109.55,349.0,03/09/2025 06:27:19,12.94919,80.1848299,1848299,2025-09-04T23:28:34.942705
TN87F0976,353201358041769,7.0,109.56,349.0,03/09/2025 06:27:15,12.9491916,80.1849516,1849516,2025-09-04T23:28:34.942851
TN87F0976,353201358041769,0.0,109.56,349.0,03/09/2025 06:27:12,12.9491749,80.184985,184985,2025-09-04T23:28:34.943001
TN87F0976,353201358041769,6.0,109.56,349.0,03/09/2025 06:27:07,12.9491433,80.1850533,1850533,2025-09-04T23:28:34.943182
TN87F0976,353201358041769,6.0,109.56,349.0,03/09/2025 06:27:06,12.949135,80.18507,18507,2025-09-04T23:28:34.943312
TN87F0976,353201358041769,8.0,109.56,349.0,03/09/2025 06:27:04,12.9491066,80.1850916,1850916,2025-09-04T23:28:34.943466
TN87F0976,353201358041769,9.0,109.57,349.0,03/09/2025 06:27:03,12.94909,80.1850966,1850966,2025-09-04T23:28:34.943605
TN87F0976,353201358041769,8.0,109.58,349.0,03/09/2025 06:27:02,12.9490683,80.1851016,1851016,2025-09-04T23:28:34.943747
TN87F0976,353201358041769,18.0,109.61,347.0,03/09/2025 06:26:58,12.948945,80.1850766,1850766,2025-09-04T23:28:34.943906
TN87F0976,353201358041769,23.0,109.64,347.0,03/09/2025 06:26:53,12.9486983,80.1850033,1850033,2025-09-04T23:28:34.944104
TN87F0976,353201358041769,23.0,109.68,347.0,03/09/2025 06:26:48,12.9484033,80.18493,18493,2025-09-04T23:28:34.944281
TN87F0976,353201358041769,27.0,109.72,347.0,03/09/2025 06:26:43,12.9480899,80.1848099,1848099,2025-09-04T23:28:34.944450
TN87F0976,353201358041769,29.0,109.76,347.0,03/09/2025 06:26:38,12.9477583,80.184635,184635,2025-09-04T23:28:34.944619
TN87F0976,353201358041769,27.0,109.8,347.0,03/09/2025 06:26:33,12.9474483,80.1844516,1844516,2025-09-04T23:28:34.944812
TN87F0976,353201358041769,24.0,109.83,346.0,03/09/2025 06:26:28,12.9471866,80.1842583,1842583,2025-09-04T23:28:34.944965
TN87F0976,353201358041769,18.0,109.85,346.0,03/09/2025 06:26:23,12.9469666,80.1840866,1840866,2025-09-04T23:28:34.945136
TN87F0976,353201358041769,19.0,109.88,346.0,03/09/2025 06:26:18,12.9467766,80.1839183,1839183,2025-09-04T23:28:34.945291
TN87F0976,353201358041769,25.0,109.92,346.0,03/09/2025 06:26:13,12.9466016,80.18374,18374,2025-09-04T23:28:34.945434
TN87F0976,353201358041769,29.0,109.96,346.0,03/09/2025 06:26:08,12.946345,80.1835183,1835183,2025-09-04T23:28:34.945566
TN87F0976,353201358041769,31.0,109.99,346.0,03/09/2025 06:26:03,12.9460766,80.1833066,1833066,2025-09-04T23:28:34.945683
TN87F0976,353201358041769,34.0,110.03,346.0,03/09/2025 06:25:58,12.9457949,80.183135,183135,2025-09-04T23:28:34.945791
TN87F0976,353201358041769,35.0,110.07,346.0,03/09/2025 06:25:56,12.9455266,80.1830183,1830183,2025-09-04T23:28:34.945921
TN87F0976,353201358041769,31.0,110.11,346.0,03/09/2025 06:25:51,12.945095,80.1829549,1829549,2025-09-04T23:28:34.946033
TN87F0976,353201358041769,25.0,110.14,346.0,03/09/2025 06:25:46,12.9447433,80.1829133,1829133,2025-09-04T23:28:34.946154
TN87F0976,353201358041769,14.0,110.16,346.0,03/09/2025 06:25:42,12.94452,80.1828966,1828966,2025-09-04T23:28:34.946263
TN87F0976,353201358041769,10.0,110.17,346.0,03/09/2025 06:25:37,12.94434,80.1828833,1828833,2025-09-04T23:28:34.946381
TN87F0976,353201358041769,6.0,110.17,346.0,03/09/2025 06:25:33,12.9442483,80.1828799,1828799,2025-09-04T23:28:34.946526
TN87F0976,353201358041769,6.0,110.18,346.0,03/09/2025 06:25:32,12.9442233,80.182885,182885,2025-09-04T23:28:34.946644
TN87F0976,353201358041769,8.0,110.18,346.0,03/09/2025 06:25:30,12.9441766,80.18289,18289,2025-09-04T23:28:34.946745
TN87F0976,353201358041769,8.0,110.19,346.0,03/09/2025 06:25:28,12.9441316,80.1829116,1829116,2025-09-04T23:28:34.946872
TN87F0976,353201358041769,8.0,110.19,346.0,03/09/2025 06:25:27,12.9441083,80.1829249,1829249,2025-09-04T23:28:34.947022
TN87F0976,353201358041769,7.0,110.2,346.0,03/09/2025 06:25:26,12.9440933,80.1829433,1829433,2025-09-04T23:28:34.947146
TN87F0976,353201358041769,8.0,110.2,346.0,03/09/2025 06:25:23,12.9440733,80.1830066,1830066,2025-09-04T23:28:34.947269
TN87F0976,353201358041769,8.0,110.21,346.0,03/09/2025 06:25:22,12.9440766,80.1830316,1830316,2025-09-04T23:28:34.947386
TN87F0976,353201358041769,7.0,110.21,346.0,03/09/2025 06:25:21,12.9440849,80.1830516,1830516,2025-09-04T23:28:34.947501
TN87F0976,353201358041769,8.0,110.21,346.0,03/09/2025 06:25:20,12.944105,80.1830666,1830666,2025-09-04T23:28:34.947611
TN87F0976,353201358041769,9.0,110.22,346.0,03/09/2025 06:25:19,12.9441233,80.1830766,1830766,2025-09-04T23:28:34.947731
TN87F0976,353201358041769,13.0,110.23,346.0,03/09/2025 06:25:16,12.9442016,80.1830983,1830983,2025-09-04T23:28:34.947903
TN87F0976,353201358041769,7.0,110.24,346.0,03/09/2025 06:25:12,12.944305,80.183135,183135,2025-09-04T23:28:34.948027
TN87F0976,353201358041769,5.0,110.24,346.0,03/09/2025 06:25:11,12.9443416,80.1831499,1831499,2025-09-04T23:28:34.948146
TN87F0976,353201358041769,0.0,110.24,346.0,03/09/2025 06:25:06,12.9443416,80.1831499,1831499,2025-09-04T23:28:34.948282
TN87F0976,353201358041769,0.0,110.24,346.0,03/09/2025 06:25:01,12.9443449,80.1832183,1832183,2025-09-04T23:28:34.948406
TN87F0976,353201358041769,7.0,110.25,346.0,03/09/2025 06:24:56,12.9443299,80.1832683,1832683,2025-09-04T23:28:34.948519
TN87F0976,353201358041769,9.0,110.26,346.0,03/09/2025 06:24:51,12.944305,80.1833833,1833833,2025-09-04T23:28:34.948642
TN87F0976,353201358041769,8.0,110.27,346.0,03/09/2025 06:24:48,12.9442766,80.1834433,1834433,2025-09-04T23:28:34.948744
TN87F0976,353201358041769,6.0,110.28,346.0,03/09/2025 06:24:43,12.9442183,80.1835349,1835349,2025-09-04T23:28:34.948873
TN87F0976,353201358041769,5.0,110.29,346.0,03/09/2025 06:24:38,12.9441566,80.1835916,1835916,2025-09-04T23:28:34.948999
TN87F0976,353201358041769,6.0,110.29,346.0,03/09/2025 06:24:33,12.9440949,80.1836533,1836533,2025-09-04T23:28:34.949121
TN87F0976,353201358041769,6.0,110.3,346.0,03/09/2025 06:24:31,12.9440783,80.183695,183695,2025-09-04T23:28:34.949231
TN87F0976,353201358041769,5.0,110.31,346.0,03/09/2025 06:24:26,12.9440283,80.1837733,1837733,2025-09-04T23:28:34.949358
TN87F0976,353201358041769,4.0,110.32,346.0,03/09/2025 06:24:21,12.943995,80.1838549,1838549,2025-09-04T23:28:34.949478
TN87F0976,353201358041769,0.0,110.32,346.0,03/09/2025 06:24:16,12.9439166,80.1838683,1838683,2025-09-04T23:28:34.949638
TN87F0976,353201358041769,0.0,110.32,346.0,03/09/2025 06:24:11,12.9439166,80.1838683,1838683,2025-09-04T23:28:34.949781
TN87F0976,353201358041769,0.0,110.32,346.0,03/09/2025 06:24:06,12.9439166,80.1838683,1838683,2025-09-04T23:28:34.949920
TN87F0976,353201358041769,0.0,110.32,346.0,03/09/2025 06:24:01,12.9439166,80.1838683,1838683,2025-09-04T23:28:34.950074
TN87F0976,353201358041769,4.0,110.34,346.0,03/09/2025 06:23:56,12.9438916,80.1838516,1838516,2025-09-04T23:28:34.950224
TN87F0976,353201358041769,0.0,110.34,346.0,03/09/2025 06:23:51,12.943855,80.1838033,1838033,2025-09-04T23:28:34.950360
TN87F0976,353201358041769,0.0,110.34,346.0,03/09/2025 06:23:51,12.9440516,80.1838866,1838866,2025-09-04T23:28:34.950485
TN87F0976,353201358041769,0.0,110.34,346.0,03/09/2025 06:23:25,12.9440516,80.1838866,1838866,2025-09-04T23:28:34.950591
TN87F0976,353201358041769,0.0,110.34,346.0,03/09/2025 06:22:55,12.9440516,80.1838866,1838866,2025-09-04T23:28:34.950710
TN87F0976,353201358041769,0.0,110.34,346.0,03/09/2025 06:22:25,12.9440516,80.1838866,1838866,2025-09-04T23:28:34.950842
TN87F0976,353201358041769,0.0,110.34,346.0,03/09/2025 06:21:55,12.9440516,80.1838866,1838866,2025-09-04T23:28:34.950965
TN87F0976,353201358041769,0.0,110.34,346.0,03/09/2025 06:21:25,12.9440516,80.1838866,1838866,2025-09-04T23:28:34.951105
TN87F0976,353201358041769,0.0,110.34,346.0,03/09/2025 06:20:55,12.9440516,80.1838866,1838866,2025-09-04T23:28:34.951240
TN87F0976,353201358041769,0.0,110.34,346.0,03/09/2025 06:20:25,12.9440516,80.1838866,1838866,2025-09-04T23:28:34.951343
TN87F0976,353201358041769,0.0,110.34,346.0,03/09/2025 06:19:55,12.9440516,80.1838866,1838866,2025-09-04T23:28:34.951592
TN87F0976,353201358041769,0.0,110.34,346.0,03/09/2025 06:19:25,12.9440516,80.1838866,1838866,2025-09-04T23:28:34.951842
TN87F0976,353201358041769,0.0,110.34,346.0,03/09/2025 06:18:55,12.9440516,80.1838866,1838866,2025-09-04T23:28:34.952204
TN87F0976,353201358041769,0.0,110.34,346.0,03/09/2025 06:18:25,12.9440516,80.1838866,1838866,2025-09-04T23:28:34.952397
TN87F0976,353201358041769,0.0,110.34,346.0,03/09/2025 06:17:55,12.9440516,80.1838866,1838866,2025-09-04T23:28:34.952567
TN87F0976,353201358041769,0.0,110.34,346.0,03/09/2025 06:17:25,12.9440516,80.1838866,1838866,2025-09-04T23:28:34.952761
TN87F0976,353201358041769,0.0,110.34,346.0,03/09/2025 06:16:55,12.9440516,80.1838866,1838866,2025-09-04T23:28:34.952994
TN87F0976,353201358041769,0.0,110.34,346.0,03/09/2025 06:16:25,12.9440516,80.1838866,1838866,2025-09-04T23:28:34.953210
TN87F0976,353201358041769,0.0,110.34,346.0,03/09/2025 06:15:55,12.9440516,80.1838866,1838866,2025-09-04T23:28:34.953411
TN87F0976,353201358041769,0.0,110.34,346.0,03/09/2025 06:15:25,12.9440516,80.1838866,1838866,2025-09-04T23:28:34.953583
TN87F0976,353201358041769,0.0,110.34,346.0,03/09/2025 06:14:55,12.9440516,80.1838866,1838866,2025-09-04T23:28:34.953723
TN87F0976,353201358041769,0.0,110.34,346.0,03/09/2025 06:14:25,12.9440516,80.1838866,1838866,2025-09-04T23:28:34.953845
TN87F0976,353201358041769,0.0,110.34,346.0,03/09/2025 06:13:55,12.9440516,80.1838866,1838866,2025-09-04T23:28:34.953965
TN87F0976,353201358041769,0.0,110.34,346.0,03/09/2025 06:13:25,12.9440516,80.1838866,1838866,2025-09-04T23:28:34.954074
TN87F0976,353201358041769,0.0,110.34,346.0,03/09/2025 06:12:55,12.9440516,80.1838866,1838866,2025-09-04T23:28:34.954188
TN87F0976,353201358041769,0.0,110.34,0.0,03/09/2025 06:12:25,12.9438016,80.1838683,1838683,2025-09-04T23:28:34.954318
