vehicle_number,device_id,speed,total_distance,fuel,data_received,latitude,longitude,location_text,scraped_at
TN 01 BU 2283,865933032838860,0.0,0.0,0.0,03/09/2025 23:58:53,13.080095,80.233612,233612,2025-09-04T23:24:54.401413
TN 01 BU 2283,865933032838860,0.0,0.0,0.0,03/09/2025 23:57:54,13.080095,80.233612,233612,2025-09-04T23:24:54.401586
TN 01 BU 2283,865933032838860,0.0,0.0,0.0,03/09/2025 23:56:55,13.080095,80.233612,233612,2025-09-04T23:24:54.401771
TN 01 BU 2283,865933032838860,0.0,0.0,0.0,03/09/2025 23:55:56,13.080095,80.233612,233612,2025-09-04T23:24:54.401990
TN 01 BU 2283,865933032838860,0.0,0.0,0.0,03/09/2025 23:54:56,13.080095,80.233612,233612,2025-09-04T23:24:54.402167
TN 01 BU 2283,865933032838860,0.0,0.0,0.0,03/09/2025 23:53:57,13.080095,80.233612,233612,2025-09-04T23:24:54.402309
TN 01 BU 2283,865933032838860,1.0,0.0,0.0,03/09/2025 23:52:58,13.080095,80.233612,233612,2025-09-04T23:24:54.402495
TN 01 BU 2283,865933032838860,1.0,0.0,0.0,03/09/2025 23:51:59,13.080095,80.233612,233612,2025-09-04T23:24:54.402663
TN 01 BU 2283,865933032838860,1.0,0.0,0.0,03/09/2025 23:51:00,13.080095,80.233612,233612,2025-09-04T23:24:54.402839
TN 01 BU 2283,865933032838860,0.0,0.0,0.0,03/09/2025 23:50:01,13.080095,80.233612,233612,2025-09-04T23:24:54.403022
TN 01 BU 2283,865933032838860,0.0,0.0,0.0,03/09/2025 23:49:01,13.080095,80.233612,233612,2025-09-04T23:24:54.403229
TN 01 BU 2283,865933032838860,0.0,0.0,0.0,03/09/2025 23:48:02,13.080095,80.233612,233612,2025-09-04T23:24:54.403428
TN 01 BU 2283,865933032838860,0.0,0.0,0.0,03/09/2025 23:47:03,13.080095,80.233612,233612,2025-09-04T23:24:54.403587
TN 01 BU 2283,865933032838860,0.0,0.0,0.0,03/09/2025 23:46:04,13.080095,80.233612,233612,2025-09-04T23:24:54.403726
TN 01 BU 2283,865933032838860,0.0,0.0,0.0,03/09/2025 23:45:05,13.080095,80.233612,233612,2025-09-04T23:24:54.403874
TN 01 BU 2283,865933032838860,1.0,0.0,0.0,03/09/2025 23:44:06,13.080095,80.233612,233612,2025-09-04T23:24:54.404069
TN 01 BU 2283,865933032838860,0.0,0.0,0.0,03/09/2025 23:43:06,13.080095,80.233612,233612,2025-09-04T23:24:54.404287
TN 01 BU 2283,865933032838860,0.0,0.0,0.0,03/09/2025 23:42:07,13.080095,80.233612,233612,2025-09-04T23:24:54.404450
TN 01 BU 2283,865933032838860,0.0,0.0,0.0,03/09/2025 23:41:08,13.080095,80.233612,233612,2025-09-04T23:24:54.404563
TN 01 BU 2283,865933032838860,0.0,0.0,0.0,03/09/2025 23:40:09,13.080095,80.233612,233612,2025-09-04T23:24:54.404698
TN 01 BU 2283,865933032838860,0.0,0.0,0.0,03/09/2025 23:39:10,13.080095,80.233612,233612,2025-09-04T23:24:54.404841
TN 01 BU 2283,865933032838860,0.0,0.0,0.0,03/09/2025 23:38:11,13.080095,80.233612,233612,2025-09-04T23:24:54.404985
TN 01 BU 2283,865933032838860,0.0,0.0,0.0,03/09/2025 23:37:12,13.080095,80.233612,233612,2025-09-04T23:24:54.405128
TN 01 BU 2283,865933032838860,0.0,0.0,0.0,03/09/2025 23:36:12,13.080095,80.233612,233612,2025-09-04T23:24:54.405257
TN 01 BU 2283,865933032838860,0.0,0.0,0.0,03/09/2025 23:35:13,13.080095,80.233612,233612,2025-09-04T23:24:54.405386
TN 01 BU 2283,865933032838860,0.0,0.0,0.0,03/09/2025 23:34:14,13.080095,80.233612,233612,2025-09-04T23:24:54.405544
TN 01 BU 2283,865933032838860,0.0,0.0,0.0,03/09/2025 23:33:15,13.080095,80.233612,233612,2025-09-04T23:24:54.405679
TN 01 BU 2283,865933032838860,0.0,0.0,0.0,03/09/2025 23:32:16,13.080095,80.233612,233612,2025-09-04T23:24:54.405901
TN 01 BU 2283,865933032838860,0.0,0.0,0.0,03/09/2025 23:31:17,13.080095,80.233612,233612,2025-09-04T23:24:54.406060
TN 01 BU 2283,865933032838860,0.0,0.0,0.0,03/09/2025 23:30:17,13.080095,80.233612,233612,2025-09-04T23:24:54.406243
TN 01 BU 2283,865933032838860,0.0,0.0,0.0,03/09/2025 23:29:18,13.080095,80.233612,233612,2025-09-04T23:24:54.406410
TN 01 BU 2283,865933032838860,0.0,0.0,0.0,03/09/2025 23:28:19,13.080095,80.233612,233612,2025-09-04T23:24:54.406558
TN 01 BU 2283,865933032838860,0.0,0.0,0.0,03/09/2025 23:27:20,13.080095,80.233612,233612,2025-09-04T23:24:54.406757
TN 01 BU 2283,865933032838860,1.0,0.0,0.0,03/09/2025 23:26:21,13.080095,80.233612,233612,2025-09-04T23:24:54.406957
TN 01 BU 2283,865933032838860,0.0,0.0,0.0,03/09/2025 23:25:21,13.080095,80.233612,233612,2025-09-04T23:24:54.407153
TN 01 BU 2283,865933032838860,0.0,0.0,0.0,03/09/2025 23:24:22,13.080095,80.233612,233612,2025-09-04T23:24:54.407330
TN 01 BU 2283,865933032838860,0.0,0.0,0.0,03/09/2025 23:23:23,13.080095,80.233612,233612,2025-09-04T23:24:54.407533
TN 01 BU 2283,865933032838860,0.0,0.0,0.0,03/09/2025 23:22:24,13.080095,80.233612,233612,2025-09-04T23:24:54.407698
TN 01 BU 2283,865933032838860,0.0,0.0,0.0,03/09/2025 23:21:25,13.080095,80.233612,233612,2025-09-04T23:24:54.407874
TN 01 BU 2283,865933032838860,0.0,0.0,0.0,03/09/2025 23:20:25,13.080095,80.233612,233612,2025-09-04T23:24:54.408054
TN 01 BU 2283,865933032838860,0.0,0.0,0.0,03/09/2025 23:19:26,13.080095,80.233612,233612,2025-09-04T23:24:54.408207
TN 01 BU 2283,865933032838860,0.0,0.0,0.0,03/09/2025 23:18:27,13.080095,80.233612,233612,2025-09-04T23:24:54.408365
TN 01 BU 2283,865933032838860,0.0,0.0,0.0,03/09/2025 23:17:28,13.080095,80.233612,233612,2025-09-04T23:24:54.408521
TN 01 BU 2283,865933032838860,1.0,0.0,0.0,03/09/2025 23:16:29,13.080095,80.233612,233612,2025-09-04T23:24:54.408703
TN 01 BU 2283,865933032838860,0.0,0.0,0.0,03/09/2025 23:15:29,13.080095,80.233612,233612,2025-09-04T23:24:54.408864
TN 01 BU 2283,865933032838860,0.0,0.0,0.0,03/09/2025 23:14:30,13.080095,80.233612,233612,2025-09-04T23:24:54.409000
TN 01 BU 2283,865933032838860,0.0,0.0,0.0,03/09/2025 23:13:31,13.080095,80.233612,233612,2025-09-04T23:24:54.409117
TN 01 BU 2283,865933032838860,1.0,0.0,0.0,03/09/2025 23:12:32,13.080095,80.233612,233612,2025-09-04T23:24:54.409259
TN 01 BU 2283,865933032838860,0.0,0.0,0.0,03/09/2025 23:11:33,13.080095,80.233612,233612,2025-09-04T23:24:54.409393
TN 01 BU 2283,865933032838860,1.0,0.0,0.0,03/09/2025 23:10:33,13.080095,80.233612,233612,2025-09-04T23:24:54.409647
TN 01 BU 2283,865933032838860,1.0,0.0,0.0,03/09/2025 23:09:34,13.080095,80.233612,233612,2025-09-04T23:24:54.409844
TN 01 BU 2283,865933032838860,1.0,0.0,0.0,03/09/2025 23:08:35,13.080095,80.233612,233612,2025-09-04T23:24:54.410026
TN 01 BU 2283,865933032838860,0.0,0.0,0.0,03/09/2025 23:07:36,13.080095,80.233612,233612,2025-09-04T23:24:54.410196
TN 01 BU 2283,865933032838860,0.0,0.0,0.0,03/09/2025 23:06:37,13.080095,80.233612,233612,2025-09-04T23:24:54.410360
TN 01 BU 2283,865933032838860,1.0,0.0,0.0,03/09/2025 23:05:37,13.080095,80.233612,233612,2025-09-04T23:24:54.410552
TN 01 BU 2283,865933032838860,1.0,0.0,0.0,03/09/2025 23:04:38,13.080095,80.233612,233612,2025-09-04T23:24:54.410723
TN 01 BU 2283,865933032838860,0.0,0.0,0.0,03/09/2025 23:03:39,13.080095,80.233612,233612,2025-09-04T23:24:54.410907
TN 01 BU 2283,865933032838860,0.0,0.0,0.0,03/09/2025 23:02:40,13.080095,80.233612,233612,2025-09-04T23:24:54.411081
TN 01 BU 2283,865933032838860,0.0,0.0,0.0,03/09/2025 23:01:41,13.080095,80.233612,233612,2025-09-04T23:24:54.411270
TN 01 BU 2283,865933032838860,0.0,0.0,0.0,03/09/2025 23:00:41,13.080095,80.233612,233612,2025-09-04T23:24:54.411439
TN 01 BU 2283,865933032838860,0.0,0.0,0.0,03/09/2025 22:59:42,13.080095,80.233612,233612,2025-09-04T23:24:54.411610
TN 01 BU 2283,865933032838860,0.0,0.0,0.0,03/09/2025 22:58:43,13.080095,80.233612,233612,2025-09-04T23:24:54.411783
TN 01 BU 2283,865933032838860,0.0,0.0,0.0,03/09/2025 22:57:44,13.080095,80.233612,233612,2025-09-04T23:24:54.411958
TN 01 BU 2283,865933032838860,0.0,0.0,0.0,03/09/2025 22:56:45,13.080095,80.233612,233612,2025-09-04T23:24:54.412115
TN 01 BU 2283,865933032838860,0.0,0.0,0.0,03/09/2025 22:55:45,13.080095,80.233612,233612,2025-09-04T23:24:54.412256
TN 01 BU 2283,865933032838860,0.0,0.0,0.0,03/09/2025 22:54:46,13.080095,80.233612,233612,2025-09-04T23:24:54.412390
TN 01 BU 2283,865933032838860,0.0,0.0,0.0,03/09/2025 22:53:47,13.080095,80.233612,233612,2025-09-04T23:24:54.412518
TN 01 BU 2283,865933032838860,0.0,0.0,0.0,03/09/2025 22:52:48,13.080095,80.233612,233612,2025-09-04T23:24:54.412637
TN 01 BU 2283,865933032838860,0.0,0.0,0.0,03/09/2025 22:51:49,13.080095,80.233612,233612,2025-09-04T23:24:54.412795
TN 01 BU 2283,865933032838860,0.0,0.0,0.0,03/09/2025 22:50:49,13.080095,80.233612,233612,2025-09-04T23:24:54.412941
TN 01 BU 2283,865933032838860,0.0,0.0,0.0,03/09/2025 22:49:50,13.080095,80.233612,233612,2025-09-04T23:24:54.413053
TN 01 BU 2283,865933032838860,0.0,0.0,0.0,03/09/2025 22:48:51,13.080095,80.233612,233612,2025-09-04T23:24:54.413183
TN 01 BU 2283,865933032838860,0.0,0.0,0.0,03/09/2025 22:47:52,13.080095,80.233612,233612,2025-09-04T23:24:54.413348
TN 01 BU 2283,865933032838860,0.0,0.0,0.0,03/09/2025 22:46:53,13.080095,80.233612,233612,2025-09-04T23:24:54.413473
TN 01 BU 2283,865933032838860,0.0,0.0,0.0,03/09/2025 22:45:53,13.080095,80.233612,233612,2025-09-04T23:24:54.413618
TN 01 BU 2283,865933032838860,0.0,0.0,0.0,03/09/2025 22:44:54,13.080095,80.233612,233612,2025-09-04T23:24:54.413757
TN 01 BU 2283,865933032838860,0.0,0.0,0.0,03/09/2025 22:43:55,13.080095,80.233612,233612,2025-09-04T23:24:54.413879
TN 01 BU 2283,865933032838860,0.0,0.0,0.0,03/09/2025 22:42:56,13.080095,80.233612,233612,2025-09-04T23:24:54.413994
TN 01 BU 2283,865933032838860,0.0,0.0,0.0,03/09/2025 22:41:56,13.080095,80.233612,233612,2025-09-04T23:24:54.414120
TN 01 BU 2283,865933032838860,0.0,0.0,0.0,03/09/2025 22:40:57,13.080095,80.233612,233612,2025-09-04T23:24:54.414261
TN 01 BU 2283,865933032838860,0.0,0.0,0.0,03/09/2025 22:39:58,13.080095,80.233612,233612,2025-09-04T23:24:54.414383
TN 01 BU 2283,865933032838860,1.0,0.0,0.0,03/09/2025 22:38:59,13.080095,80.233612,233612,2025-09-04T23:24:54.414514
TN 01 BU 2283,865933032838860,0.0,0.0,0.0,03/09/2025 22:37:59,13.080095,80.233612,233612,2025-09-04T23:24:54.414652
TN 01 BU 2283,865933032838860,0.0,0.0,0.0,03/09/2025 22:37:00,13.080095,80.233612,233612,2025-09-04T23:24:54.414809
TN 01 BU 2283,865933032838860,0.0,0.0,0.0,03/09/2025 22:36:01,13.080095,80.233612,233612,2025-09-04T23:24:54.414992
TN 01 BU 2283,865933032838860,0.0,0.0,0.0,03/09/2025 22:35:02,13.080095,80.233612,233612,2025-09-04T23:24:54.415194
TN 01 BU 2283,865933032838860,0.0,0.0,0.0,03/09/2025 22:34:02,13.080095,80.233612,233612,2025-09-04T23:24:54.415377
TN 01 BU 2283,865933032838860,0.0,0.0,0.0,03/09/2025 22:33:03,13.080095,80.233612,233612,2025-09-04T23:24:54.415549
TN 01 BU 2283,865933032838860,0.0,0.0,0.0,03/09/2025 22:32:04,13.080095,80.233612,233612,2025-09-04T23:24:54.415708
TN 01 BU 2283,865933032838860,1.0,0.0,0.0,03/09/2025 22:31:05,13.080095,80.233612,233612,2025-09-04T23:24:54.415859
TN 01 BU 2283,865933032838860,0.0,0.0,0.0,03/09/2025 22:30:06,13.080095,80.233612,233612,2025-09-04T23:24:54.415969
TN 01 BU 2283,865933032838860,0.0,0.0,0.0,03/09/2025 22:29:06,13.080095,80.233612,233612,2025-09-04T23:24:54.416094
TN 01 BU 2283,865933032838860,0.0,0.0,0.0,03/09/2025 22:28:07,13.080095,80.233612,233612,2025-09-04T23:24:54.416231
TN 01 BU 2283,865933032838860,0.0,0.0,0.0,03/09/2025 22:27:08,13.080095,80.233612,233612,2025-09-04T23:24:54.416348
TN 01 BU 2283,865933032838860,0.0,0.0,0.0,03/09/2025 22:26:09,13.080095,80.233612,233612,2025-09-04T23:24:54.416475
TN 01 BU 2283,865933032838860,0.0,0.0,0.0,03/09/2025 22:25:09,13.080095,80.233612,233612,2025-09-04T23:24:54.416679
TN 01 BU 2283,865933032838860,1.0,0.0,0.0,03/09/2025 22:24:10,13.080095,80.233612,233612,2025-09-04T23:24:54.416865
TN 01 BU 2283,865933032838860,0.0,0.0,0.0,03/09/2025 22:23:11,13.080095,80.233612,233612,2025-09-04T23:24:54.417063
TN 01 BU 2283,865933032838860,0.0,0.0,0.0,03/09/2025 22:22:12,13.080095,80.233612,233612,2025-09-04T23:24:54.417258
TN 01 BU 2283,865933032838860,0.0,0.0,0.0,03/09/2025 22:21:12,13.080095,80.233612,233612,2025-09-04T23:24:54.417412
TN 01 BU 2283,865933032838860,0.0,0.0,0.0,03/09/2025 22:20:13,13.080095,80.233612,233612,2025-09-04T23:24:54.417567
TN 01 BU 2283,865933032838860,1.0,0.0,0.0,03/09/2025 22:19:14,13.080095,80.233612,233612,2025-09-04T23:24:54.417719
TN 01 BU 2283,865933032838860,0.0,0.0,0.0,03/09/2025 22:18:15,13.080095,80.233612,233612,2025-09-04T23:24:54.417843
TN 01 BU 2283,865933032838860,0.0,0.0,0.0,03/09/2025 22:17:15,13.080095,80.233612,233612,2025-09-04T23:24:54.417965
TN 01 BU 2283,865933032838860,0.0,0.0,0.0,03/09/2025 22:16:16,13.080095,80.233612,233612,2025-09-04T23:24:54.418107
TN 01 BU 2283,865933032838860,0.0,0.0,0.0,03/09/2025 22:15:17,13.080095,80.233612,233612,2025-09-04T23:24:54.418219
TN 01 BU 2283,865933032838860,0.0,0.0,0.0,03/09/2025 22:14:18,13.080095,80.233612,233612,2025-09-04T23:24:54.418329
TN 01 BU 2283,865933032838860,0.0,0.0,0.0,03/09/2025 22:13:18,13.080095,80.233612,233612,2025-09-04T23:24:54.418432
TN 01 BU 2283,865933032838860,0.0,0.0,0.0,03/09/2025 22:12:19,13.080095,80.233612,233612,2025-09-04T23:24:54.418569
TN 01 BU 2283,865933032838860,1.0,0.0,0.0,03/09/2025 22:11:20,13.080095,80.233612,233612,2025-09-04T23:24:54.418711
TN 01 BU 2283,865933032838860,0.0,0.0,0.0,03/09/2025 22:10:21,13.080095,80.233612,233612,2025-09-04T23:24:54.418835
TN 01 BU 2283,865933032838860,0.0,0.0,0.0,03/09/2025 22:09:21,13.080095,80.233612,233612,2025-09-04T23:24:54.418966
TN 01 BU 2283,865933032838860,0.0,0.0,0.0,03/09/2025 22:08:22,13.080095,80.233612,233612,2025-09-04T23:24:54.419236
TN 01 BU 2283,865933032838860,0.0,0.0,0.0,03/09/2025 22:07:23,13.080095,80.233612,233612,2025-09-04T23:24:54.419404
TN 01 BU 2283,865933032838860,0.0,0.0,0.0,03/09/2025 22:06:23,13.080095,80.233612,233612,2025-09-04T23:24:54.419561
TN 01 BU 2283,865933032838860,0.0,0.0,0.0,03/09/2025 22:05:24,13.080095,80.233612,233612,2025-09-04T23:24:54.419717
TN 01 BU 2283,865933032838860,0.0,0.0,0.0,03/09/2025 22:04:25,13.080095,80.233612,233612,2025-09-04T23:24:54.419833
TN 01 BU 2283,865933032838860,0.0,0.0,0.0,03/09/2025 22:03:26,13.080095,80.233612,233612,2025-09-04T23:24:54.419936
TN 01 BU 2283,865933032838860,0.0,0.0,0.0,03/09/2025 22:02:26,13.080095,80.233612,233612,2025-09-04T23:24:54.420100
TN 01 BU 2283,865933032838860,0.0,0.0,0.0,03/09/2025 22:01:27,13.080095,80.233612,233612,2025-09-04T23:24:54.420213
TN 01 BU 2283,865933032838860,0.0,0.0,0.0,03/09/2025 22:00:28,13.080095,80.233612,233612,2025-09-04T23:24:54.420357
TN 01 BU 2283,865933032838860,0.0,0.0,0.0,03/09/2025 21:59:29,13.080095,80.233612,233612,2025-09-04T23:24:54.420477
TN 01 BU 2283,865933032838860,0.0,0.0,0.0,03/09/2025 21:58:29,13.080095,80.233612,233612,2025-09-04T23:24:54.420586
TN 01 BU 2283,865933032838860,1.0,0.0,0.0,03/09/2025 21:57:30,13.080095,80.233612,233612,2025-09-04T23:24:54.420711
TN 01 BU 2283,865933032838860,1.0,0.0,0.0,03/09/2025 21:56:31,13.080095,80.233612,233612,2025-09-04T23:24:54.420830
TN 01 BU 2283,865933032838860,0.0,0.0,0.0,03/09/2025 21:55:32,13.080095,80.233612,233612,2025-09-04T23:24:54.420967
TN 01 BU 2283,865933032838860,0.0,0.0,0.0,03/09/2025 21:54:32,13.080095,80.233612,233612,2025-09-04T23:24:54.421076
TN 01 BU 2283,865933032838860,0.0,0.0,0.0,03/09/2025 21:53:33,13.080095,80.233612,233612,2025-09-04T23:24:54.421190
TN 01 BU 2283,865933032838860,0.0,0.0,0.0,03/09/2025 21:52:34,13.080095,80.233612,233612,2025-09-04T23:24:54.421313
TN 01 BU 2283,865933032838860,0.0,0.0,0.0,03/09/2025 21:51:34,13.080095,80.233612,233612,2025-09-04T23:24:54.421434
TN 01 BU 2283,865933032838860,0.0,0.0,0.0,03/09/2025 21:50:35,13.080095,80.233612,233612,2025-09-04T23:24:54.421601
TN 01 BU 2283,865933032838860,0.0,0.0,0.0,03/09/2025 21:49:36,13.080095,80.233612,233612,2025-09-04T23:24:54.421756
TN 01 BU 2283,865933032838860,0.0,0.0,0.0,03/09/2025 21:48:37,13.080095,80.233612,233612,2025-09-04T23:24:54.421910
TN 01 BU 2283,865933032838860,0.0,0.0,0.0,03/09/2025 21:47:37,13.080095,80.233612,233612,2025-09-04T23:24:54.422079
TN 01 BU 2283,865933032838860,0.0,0.0,0.0,03/09/2025 21:46:38,13.080095,80.233612,233612,2025-09-04T23:24:54.422210
TN 01 BU 2283,865933032838860,0.0,0.0,0.0,03/09/2025 21:45:39,13.080095,80.233612,233612,2025-09-04T23:24:54.422337
TN 01 BU 2283,865933032838860,0.0,0.0,0.0,03/09/2025 21:44:39,13.080095,80.233612,233612,2025-09-04T23:24:54.422493
TN 01 BU 2283,865933032838860,0.0,0.0,0.0,03/09/2025 21:43:40,13.080095,80.233612,233612,2025-09-04T23:24:54.422645
TN 01 BU 2283,865933032838860,0.0,0.0,0.0,03/09/2025 21:42:41,13.080095,80.233612,233612,2025-09-04T23:24:54.423031
TN 01 BU 2283,865933032838860,1.0,0.0,0.0,03/09/2025 21:41:42,13.080095,80.233612,233612,2025-09-04T23:24:54.423227
TN 01 BU 2283,865933032838860,0.0,0.0,0.0,03/09/2025 21:40:42,13.080095,80.233612,233612,2025-09-04T23:24:54.423397
TN 01 BU 2283,865933032838860,0.0,0.0,0.0,03/09/2025 21:39:43,13.080095,80.233612,233612,2025-09-04T23:24:54.423544
TN 01 BU 2283,865933032838860,0.0,0.0,0.0,03/09/2025 21:38:44,13.080095,80.233612,233612,2025-09-04T23:24:54.423682
TN 01 BU 2283,865933032838860,0.0,0.0,0.0,03/09/2025 21:37:44,13.080095,80.233612,233612,2025-09-04T23:24:54.423834
TN 01 BU 2283,865933032838860,0.0,0.0,0.0,03/09/2025 21:36:45,13.080095,80.233612,233612,2025-09-04T23:24:54.424006
TN 01 BU 2283,865933032838860,0.0,0.0,0.0,03/09/2025 21:35:46,13.080095,80.233612,233612,2025-09-04T23:24:54.424186
TN 01 BU 2283,865933032838860,0.0,0.0,0.0,03/09/2025 21:34:46,13.080095,80.233612,233612,2025-09-04T23:24:54.424390
TN 01 BU 2283,865933032838860,0.0,0.0,0.0,03/09/2025 21:33:47,13.080095,80.233612,233612,2025-09-04T23:24:54.424641
TN 01 BU 2283,865933032838860,0.0,0.0,0.0,03/09/2025 21:32:48,13.080095,80.233612,233612,2025-09-04T23:24:54.424827
TN 01 BU 2283,865933032838860,0.0,0.0,0.0,03/09/2025 21:31:48,13.080095,80.233612,233612,2025-09-04T23:24:54.424999
TN 01 BU 2283,865933032838860,1.0,0.0,0.0,03/09/2025 21:30:49,13.080095,80.233612,233612,2025-09-04T23:24:54.425178
TN 01 BU 2283,865933032838860,0.0,0.0,0.0,03/09/2025 21:29:50,13.080095,80.233612,233612,2025-09-04T23:24:54.425360
TN 01 BU 2283,865933032838860,0.0,0.0,0.0,03/09/2025 21:28:50,13.080095,80.233612,233612,2025-09-04T23:24:54.425524
TN 01 BU 2283,865933032838860,0.0,0.0,0.0,03/09/2025 21:27:51,13.080095,80.233612,233612,2025-09-04T23:24:54.425693
TN 01 BU 2283,865933032838860,0.0,0.0,0.0,03/09/2025 21:26:52,13.080095,80.233612,233612,2025-09-04T23:24:54.425873
TN 01 BU 2283,865933032838860,0.0,0.0,0.0,03/09/2025 21:25:52,13.080095,80.233612,233612,2025-09-04T23:24:54.426023
TN 01 BU 2283,865933032838860,0.0,0.0,0.0,03/09/2025 21:24:53,13.080095,80.233612,233612,2025-09-04T23:24:54.426164
TN 01 BU 2283,865933032838860,0.0,0.0,0.0,03/09/2025 21:23:54,13.080095,80.233612,233612,2025-09-04T23:24:54.426319
TN 01 BU 2283,865933032838860,0.0,0.0,0.0,03/09/2025 21:22:54,13.080095,80.233612,233612,2025-09-04T23:24:54.426432
TN 01 BU 2283,865933032838860,0.0,0.0,0.0,03/09/2025 21:21:55,13.080095,80.233612,233612,2025-09-04T23:24:54.426598
TN 01 BU 2283,865933032838860,0.0,0.0,0.0,03/09/2025 21:20:56,13.080095,80.233612,233612,2025-09-04T23:24:54.426814
TN 01 BU 2283,865933032838860,0.0,0.0,0.0,03/09/2025 21:19:56,13.080095,80.233612,233612,2025-09-04T23:24:54.426996
TN 01 BU 2283,865933032838860,1.0,0.0,0.0,03/09/2025 21:18:57,13.080095,80.233612,233612,2025-09-04T23:24:54.427162
TN 01 BU 2283,865933032838860,0.0,0.0,0.0,03/09/2025 21:17:58,13.080095,80.233612,233612,2025-09-04T23:24:54.427326
TN 01 BU 2283,865933032838860,1.0,0.0,0.0,03/09/2025 21:16:58,13.080095,80.233612,233612,2025-09-04T23:24:54.427438
TN 01 BU 2283,865933032838860,0.0,0.0,0.0,03/09/2025 21:15:59,13.080095,80.233612,233612,2025-09-04T23:24:54.427578
TN 01 BU 2283,865933032838860,0.0,0.0,0.0,03/09/2025 21:14:59,13.080095,80.233612,233612,2025-09-04T23:24:54.427697
TN 01 BU 2283,865933032838860,0.0,0.0,0.0,03/09/2025 21:14:00,13.080095,80.233612,233612,2025-09-04T23:24:54.427872
TN 01 BU 2283,865933032838860,0.0,0.0,0.0,03/09/2025 21:13:01,13.080095,80.233612,233612,2025-09-04T23:24:54.428010
TN 01 BU 2283,865933032838860,0.0,0.0,0.0,03/09/2025 21:12:01,13.080095,80.233612,233612,2025-09-04T23:24:54.428162
TN 01 BU 2283,865933032838860,0.0,0.0,0.0,03/09/2025 21:11:02,13.080095,80.233612,233612,2025-09-04T23:24:54.428306
TN 01 BU 2283,865933032838860,0.0,0.0,0.0,03/09/2025 21:10:03,13.080095,80.233612,233612,2025-09-04T23:24:54.428442
TN 01 BU 2283,865933032838860,0.0,0.0,0.0,03/09/2025 21:09:03,13.080095,80.233612,233612,2025-09-04T23:24:54.428585
TN 01 BU 2283,865933032838860,0.0,0.0,0.0,03/09/2025 21:08:04,13.080095,80.233612,233612,2025-09-04T23:24:54.428718
TN 01 BU 2283,865933032838860,1.0,0.0,0.0,03/09/2025 21:07:05,13.080095,80.233612,233612,2025-09-04T23:24:54.428875
TN 01 BU 2283,865933032838860,1.0,0.0,0.0,03/09/2025 21:06:05,13.080095,80.233612,233612,2025-09-04T23:24:54.428981
TN 01 BU 2283,865933032838860,0.0,0.0,0.0,03/09/2025 21:05:06,13.080095,80.233612,233612,2025-09-04T23:24:54.429098
TN 01 BU 2283,865933032838860,0.0,0.0,0.0,03/09/2025 21:04:06,13.080095,80.233612,233612,2025-09-04T23:24:54.429248
TN 01 BU 2283,865933032838860,0.0,0.0,0.0,03/09/2025 21:03:07,13.080095,80.233612,233612,2025-09-04T23:24:54.429380
TN 01 BU 2283,865933032838860,0.0,0.0,0.0,03/09/2025 21:02:07,13.080095,80.233612,233612,2025-09-04T23:24:54.429519
TN 01 BU 2283,865933032838860,0.0,0.0,0.0,03/09/2025 21:01:08,13.080095,80.233612,233612,2025-09-04T23:24:54.429644
TN 01 BU 2283,865933032838860,0.0,0.0,0.0,03/09/2025 21:00:09,13.080095,80.233612,233612,2025-09-04T23:24:54.429780
TN 01 BU 2283,865933032838860,0.0,0.0,0.0,03/09/2025 20:59:09,13.080095,80.233612,233612,2025-09-04T23:24:54.429903
TN 01 BU 2283,865933032838860,0.0,0.0,0.0,03/09/2025 20:58:10,13.080095,80.233612,233612,2025-09-04T23:24:54.430032
TN 01 BU 2283,865933032838860,0.0,0.0,0.0,03/09/2025 20:57:10,13.080095,80.233612,233612,2025-09-04T23:24:54.430160
TN 01 BU 2283,865933032838860,0.0,0.0,0.0,03/09/2025 20:56:11,13.080095,80.233612,233612,2025-09-04T23:24:54.430296
TN 01 BU 2283,865933032838860,0.0,0.0,0.0,03/09/2025 20:55:11,13.080095,80.233612,233612,2025-09-04T23:24:54.430420
TN 01 BU 2283,865933032838860,0.0,0.0,0.0,03/09/2025 20:54:12,13.080095,80.233612,233612,2025-09-04T23:24:54.430558
TN 01 BU 2283,865933032838860,0.0,0.0,0.0,03/09/2025 20:53:12,13.080095,80.233612,233612,2025-09-04T23:24:54.430703
TN 01 BU 2283,865933032838860,0.0,0.0,0.0,03/09/2025 20:52:13,13.080095,80.233612,233612,2025-09-04T23:24:54.430856
TN 01 BU 2283,865933032838860,0.0,0.0,0.0,03/09/2025 20:51:14,13.080095,80.233612,233612,2025-09-04T23:24:54.430967
TN 01 BU 2283,865933032838860,1.0,0.0,0.0,03/09/2025 20:50:14,13.080095,80.233612,233612,2025-09-04T23:24:54.431079
TN 01 BU 2283,865933032838860,0.0,0.0,0.0,03/09/2025 20:49:15,13.080095,80.233612,233612,2025-09-04T23:24:54.431203
TN 01 BU 2283,865933032838860,0.0,0.0,0.0,03/09/2025 20:48:15,13.080095,80.233612,233612,2025-09-04T23:24:54.431340
TN 01 BU 2283,865933032838860,0.0,0.0,0.0,03/09/2025 20:47:16,13.080095,80.233612,233612,2025-09-04T23:24:54.431458
TN 01 BU 2283,865933032838860,0.0,0.0,0.0,03/09/2025 20:46:17,13.080095,80.233612,233612,2025-09-04T23:24:54.431607
TN 01 BU 2283,865933032838860,0.0,0.0,0.0,03/09/2025 20:45:17,13.080095,80.233612,233612,2025-09-04T23:24:54.431753
TN 01 BU 2283,865933032838860,0.0,0.0,0.0,03/09/2025 20:44:18,13.080095,80.233612,233612,2025-09-04T23:24:54.431928
TN 01 BU 2283,865933032838860,0.0,0.0,0.0,03/09/2025 20:43:18,13.080095,80.233612,233612,2025-09-04T23:24:54.432107
TN 01 BU 2283,865933032838860,0.0,0.0,0.0,03/09/2025 20:42:19,13.080095,80.233612,233612,2025-09-04T23:24:54.432243
TN 01 BU 2283,865933032838860,0.0,0.0,0.0,03/09/2025 20:41:19,13.080095,80.233612,233612,2025-09-04T23:24:54.432367
TN 01 BU 2283,865933032838860,1.0,0.0,0.0,03/09/2025 20:40:20,13.080095,80.233612,233612,2025-09-04T23:24:54.432560
TN 01 BU 2283,865933032838860,0.0,0.0,0.0,03/09/2025 20:39:20,13.080095,80.233612,233612,2025-09-04T23:24:54.432667
TN 01 BU 2283,865933032838860,0.0,0.0,0.0,03/09/2025 20:38:21,13.080095,80.233612,233612,2025-09-04T23:24:54.432809
TN 01 BU 2283,865933032838860,0.0,0.0,0.0,03/09/2025 20:37:21,13.080095,80.233612,233612,2025-09-04T23:24:54.432910
TN 01 BU 2283,865933032838860,1.0,0.0,0.0,03/09/2025 20:36:22,13.080095,80.233612,233612,2025-09-04T23:24:54.433019
TN 01 BU 2283,865933032838860,1.0,0.0,0.0,03/09/2025 20:35:22,13.080095,80.233612,233612,2025-09-04T23:24:54.433141
TN 01 BU 2283,865933032838860,0.0,0.0,0.0,03/09/2025 20:34:23,13.080095,80.233612,233612,2025-09-04T23:24:54.433281
TN 01 BU 2283,865933032838860,0.0,0.0,0.0,03/09/2025 20:33:23,13.080095,80.233612,233612,2025-09-04T23:24:54.433407
TN 01 BU 2283,865933032838860,0.0,0.0,0.0,03/09/2025 20:32:24,13.080095,80.233612,233612,2025-09-04T23:24:54.433521
TN 01 BU 2283,865933032838860,0.0,0.0,0.0,03/09/2025 20:31:24,13.080095,80.233612,233612,2025-09-04T23:24:54.433655
TN 01 BU 2283,865933032838860,1.0,0.0,0.0,03/09/2025 20:30:25,13.080095,80.233612,233612,2025-09-04T23:24:54.433781
TN 01 BU 2283,865933032838860,1.0,0.0,0.0,03/09/2025 20:29:25,13.080095,80.233612,233612,2025-09-04T23:24:54.433880
TN 01 BU 2283,865933032838860,1.0,0.0,0.0,03/09/2025 20:28:26,13.080095,80.233612,233612,2025-09-04T23:24:54.433984
TN 01 BU 2283,865933032838860,0.0,0.0,0.0,03/09/2025 20:27:26,13.080095,80.233612,233612,2025-09-04T23:24:54.434099
TN 01 BU 2283,865933032838860,1.0,0.0,0.0,03/09/2025 20:26:27,13.080095,80.233612,233612,2025-09-04T23:24:54.434230
TN 01 BU 2283,865933032838860,0.0,0.0,0.0,03/09/2025 20:25:27,13.080095,80.233612,233612,2025-09-04T23:24:54.434370
TN 01 BU 2283,865933032838860,0.0,0.0,0.0,03/09/2025 20:24:28,13.080095,80.233612,233612,2025-09-04T23:24:54.434496
TN 01 BU 2283,865933032838860,0.0,0.0,0.0,03/09/2025 20:23:28,13.080095,80.233612,233612,2025-09-04T23:24:54.434624
TN 01 BU 2283,865933032838860,0.0,0.0,0.0,03/09/2025 20:22:28,13.080095,80.233612,233612,2025-09-04T23:24:54.434746
TN 01 BU 2283,865933032838860,0.0,0.0,0.0,03/09/2025 20:21:29,13.080095,80.233612,233612,2025-09-04T23:24:54.434866
TN 01 BU 2283,865933032838860,0.0,0.0,0.0,03/09/2025 20:20:29,13.080095,80.233612,233612,2025-09-04T23:24:54.434997
TN 01 BU 2283,865933032838860,0.0,0.0,0.0,03/09/2025 20:19:30,13.080095,80.233612,233612,2025-09-04T23:24:54.435116
TN 01 BU 2283,865933032838860,0.0,0.0,0.0,03/09/2025 20:18:30,13.080095,80.233612,233612,2025-09-04T23:24:54.435226
TN 01 BU 2283,865933032838860,0.0,0.0,0.0,03/09/2025 20:17:31,13.080095,80.233612,233612,2025-09-04T23:24:54.435330
TN 01 BU 2283,865933032838860,0.0,0.0,0.0,03/09/2025 20:16:31,13.080095,80.233612,233612,2025-09-04T23:24:54.435461
TN 01 BU 2283,865933032838860,0.0,0.0,0.0,03/09/2025 20:15:32,13.080095,80.233612,233612,2025-09-04T23:24:54.435634
TN 01 BU 2283,865933032838860,0.0,0.0,0.0,03/09/2025 20:14:32,13.080095,80.233612,233612,2025-09-04T23:24:54.435814
TN 01 BU 2283,865933032838860,0.0,0.0,0.0,03/09/2025 20:13:33,13.080095,80.233612,233612,2025-09-04T23:24:54.435959
TN 01 BU 2283,865933032838860,1.0,0.0,0.0,03/09/2025 20:12:33,13.080095,80.233612,233612,2025-09-04T23:24:54.436121
TN 01 BU 2283,865933032838860,0.0,0.0,0.0,03/09/2025 20:11:34,13.080095,80.233612,233612,2025-09-04T23:24:54.436276
TN 01 BU 2283,865933032838860,0.0,0.0,0.0,03/09/2025 20:10:34,13.080095,80.233612,233612,2025-09-04T23:24:54.436415
TN 01 BU 2283,865933032838860,0.0,0.0,0.0,03/09/2025 20:09:35,13.080095,80.233612,233612,2025-09-04T23:24:54.436600
TN 01 BU 2283,865933032838860,0.0,0.0,0.0,03/09/2025 20:08:35,13.080095,80.233612,233612,2025-09-04T23:24:54.436808
TN 01 BU 2283,865933032838860,0.0,0.0,0.0,03/09/2025 20:07:36,13.080095,80.233612,233612,2025-09-04T23:24:54.437000
TN 01 BU 2283,865933032838860,1.0,0.0,0.0,03/09/2025 20:06:36,13.080095,80.233612,233612,2025-09-04T23:24:54.437194
TN 01 BU 2283,865933032838860,0.0,0.0,0.0,03/09/2025 20:05:36,13.080095,80.233612,233612,2025-09-04T23:24:54.437360
TN 01 BU 2283,865933032838860,1.0,0.0,0.0,03/09/2025 20:04:37,13.080095,80.233612,233612,2025-09-04T23:24:54.437552
TN 01 BU 2283,865933032838860,3.0,0.0,0.0,03/09/2025 20:03:38,13.080095,80.233612,233612,2025-09-04T23:24:54.437784
TN 01 BU 2283,865933032838860,3.0,0.07,0.0,03/09/2025 20:02:38,13.080095,80.233612,233612,2025-09-04T23:24:54.438000
TN 01 BU 2283,865933032838860,13.0,0.15,0.0,03/09/2025 20:01:39,13.080715,80.233581,233581,2025-09-04T23:24:54.438298
TN 01 BU 2283,865933032838860,23.0,0.18,0.0,03/09/2025 20:01:23,13.08141,80.233612,233612,2025-09-04T23:24:54.438625
TN 01 BU 2283,865933032838860,10.0,0.32,0.0,03/09/2025 20:01:18,13.081756,80.23365,233650,2025-09-04T23:24:54.438796
TN 01 BU 2283,865933032838860,23.0,0.4,0.0,03/09/2025 20:00:29,13.082976,80.233879,233879,2025-09-04T23:24:54.438943
TN 01 BU 2283,865933032838860,12.0,0.42,0.0,03/09/2025 20:00:18,13.083651,80.234039,234039,2025-09-04T23:24:54.439056
TN 01 BU 2283,865933032838860,4.0,0.48,0.0,03/09/2025 19:59:34,13.083856,80.234077,234077,2025-09-04T23:24:54.439166
TN 01 BU 2283,865933032838860,0.0,0.48,0.0,03/09/2025 19:58:35,13.084395,80.234199,234199,2025-09-04T23:24:54.439314
TN 01 BU 2283,865933032838860,10.0,0.76,0.0,03/09/2025 19:57:35,13.084436,80.234222,234222,2025-09-04T23:24:54.439438
TN 01 BU 2283,865933032838860,10.0,0.84,0.0,03/09/2025 19:56:36,13.086856,80.234771,234771,2025-09-04T23:24:54.439571
TN 01 BU 2283,865933032838860,17.0,0.86,0.0,03/09/2025 19:56:20,13.087563,80.234756,234756,2025-09-04T23:24:54.439672
TN 01 BU 2283,865933032838860,19.0,0.88,0.0,03/09/2025 19:56:16,13.08773,80.234695,234695,2025-09-04T23:24:54.439786
TN 01 BU 2283,865933032838860,21.0,0.89,0.0,03/09/2025 19:56:14,13.087809,80.234634,234634,2025-09-04T23:24:54.439960
TN 01 BU 2283,865933032838860,21.0,1.21,0.0,03/09/2025 19:56:12,13.087882,80.234542,234542,2025-09-04T23:24:54.440143
TN 01 BU 2283,865933032838860,20.0,1.27,0.0,03/09/2025 19:55:31,13.088568,80.231697,231697,2025-09-04T23:24:54.440302
TN 01 BU 2283,865933032838860,0.0,1.27,0.0,03/09/2025 19:54:55,13.088741,80.231178,231178,2025-09-04T23:24:54.440503
TN 01 BU 2283,865933032838860,27.0,1.51,0.0,03/09/2025 19:53:56,13.089298,80.230003,230003,2025-09-04T23:24:54.440659
TN 01 BU 2283,865933032838860,32.0,1.79,0.0,03/09/2025 19:53:32,13.090723,80.228309,228309,2025-09-04T23:24:54.440779
TN 01 BU 2283,865933032838860,9.0,1.81,0.0,03/09/2025 19:52:33,13.092537,80.22657,226570,2025-09-04T23:24:54.440905
TN 01 BU 2283,865933032838860,6.0,1.84,0.0,03/09/2025 19:52:21,13.092695,80.226486,226486,2025-09-04T23:24:54.441031
TN 01 BU 2283,865933032838860,16.0,1.88,0.0,03/09/2025 19:52:16,13.0929,80.226699,226699,2025-09-04T23:24:54.441152
TN 01 BU 2283,865933032838860,11.0,1.9,0.0,03/09/2025 19:52:10,13.093074,80.226814,226814,2025-09-04T23:24:54.441292
TN 01 BU 2283,865933032838860,9.0,1.91,0.0,03/09/2025 19:52:08,13.09317,80.22689,226890,2025-09-04T23:24:54.441409
TN 01 BU 2283,865933032838860,10.0,1.93,0.0,03/09/2025 19:52:05,13.093263,80.226921,226921,2025-09-04T23:24:54.441580
TN 01 BU 2283,865933032838860,6.0,2.0,0.0,03/09/2025 19:51:57,13.093418,80.226982,226982,2025-09-04T23:24:54.441752
TN 01 BU 2283,865933032838860,6.0,2.04,0.0,03/09/2025 19:51:32,13.094061,80.226951,226951,2025-09-04T23:24:54.441916
TN 01 BU 2283,865933032838860,9.0,2.1,0.0,03/09/2025 19:51:15,13.094354,80.226943,226943,2025-09-04T23:24:54.442089
TN 01 BU 2283,865933032838860,10.0,2.12,0.0,03/09/2025 19:50:39,13.094902,80.226943,226943,2025-09-04T23:24:54.442279
TN 01 BU 2283,865933032838860,7.0,2.15,0.0,03/09/2025 19:50:25,13.095149,80.226875,226875,2025-09-04T23:24:54.442420
TN 01 BU 2283,865933032838860,10.0,2.17,0.0,03/09/2025 19:50:16,13.095377,80.226737,226737,2025-09-04T23:24:54.442584
TN 01 BU 2283,865933032838860,8.0,2.19,0.0,03/09/2025 19:50:10,13.095513,80.226669,226669,2025-09-04T23:24:54.442731
TN 01 BU 2283,865933032838860,11.0,2.2,0.0,03/09/2025 19:50:09,13.095556,80.226684,226684,2025-09-04T23:24:54.442858
TN 01 BU 2283,865933032838860,11.0,2.2,0.0,03/09/2025 19:50:05,13.095635,80.226623,226623,2025-09-04T23:24:54.442991
TN 01 BU 2283,865933032838860,12.0,2.32,0.0,03/09/2025 19:50:03,13.095686,80.2266,226600,2025-09-04T23:24:54.443120
TN 01 BU 2283,865933032838860,10.0,2.33,0.0,03/09/2025 19:49:20,13.096801,80.226364,226364,2025-09-04T23:24:54.443264
TN 01 BU 2283,865933032838860,7.0,2.37,0.0,03/09/2025 19:49:13,13.096893,80.226325,226325,2025-09-04T23:24:54.443403
TN 01 BU 2283,865933032838860,8.0,2.39,0.0,03/09/2025 19:49:03,13.097109,80.226318,226318,2025-09-04T23:24:54.443509
TN 01 BU 2283,865933032838860,7.0,2.41,0.0,03/09/2025 19:49:00,13.097191,80.22631,226310,2025-09-04T23:24:54.443633
TN 01 BU 2283,865933032838860,11.0,2.43,0.0,03/09/2025 19:48:56,13.097323,80.226318,226318,2025-09-04T23:24:54.443764
TN 01 BU 2283,865933032838860,15.0,2.44,0.0,03/09/2025 19:48:51,13.097486,80.226219,226219,2025-09-04T23:24:54.443891
TN 01 BU 2283,865933032838860,15.0,2.49,0.0,03/09/2025 19:48:48,13.097608,80.226181,226181,2025-09-04T23:24:54.444036
TN 01 BU 2283,865933032838860,11.0,2.5,0.0,03/09/2025 19:48:32,13.098028,80.226158,226158,2025-09-04T23:24:54.444214
TN 01 BU 2283,865933032838860,8.0,2.59,0.0,03/09/2025 19:48:27,13.098148,80.226142,226142,2025-09-04T23:24:54.444420
TN 01 BU 2283,865933032838860,3.0,2.66,0.0,03/09/2025 19:47:44,13.098928,80.226043,226043,2025-09-04T23:24:54.444583
TN 01 BU 2283,865933032838860,9.0,2.67,0.0,03/09/2025 19:46:45,13.099533,80.225975,225975,2025-09-04T23:24:54.444716
TN 01 BU 2283,865933032838860,9.0,2.75,0.0,03/09/2025 19:46:42,13.099619,80.225982,225982,2025-09-04T23:24:54.444869
TN 01 BU 2283,865933032838860,15.0,2.76,0.0,03/09/2025 19:45:45,13.099926,80.225303,225303,2025-09-04T23:24:54.445008
TN 01 BU 2283,865933032838860,6.0,2.79,0.0,03/09/2025 19:45:26,13.099991,80.225189,225189,2025-09-04T23:24:54.445157
TN 01 BU 2283,865933032838860,14.0,2.9,0.0,03/09/2025 19:45:19,13.100214,80.225204,225204,2025-09-04T23:24:54.445308
TN 01 BU 2283,865933032838860,13.0,3.13,0.0,03/09/2025 19:44:52,13.101228,80.225402,225402,2025-09-04T23:24:54.445453
TN 01 BU 2283,865933032838860,9.0,3.16,0.0,03/09/2025 19:44:21,13.103255,80.225547,225547,2025-09-04T23:24:54.445604
TN 01 BU 2283,865933032838860,10.0,3.16,0.0,03/09/2025 19:43:57,13.103373,80.225242,225242,2025-09-04T23:24:54.445757
TN 01 BU 2283,865933032838860,6.0,3.32,0.0,03/09/2025 19:43:17,13.103302,80.225204,225204,2025-09-04T23:24:54.445889
TN 01 BU 2283,865933032838860,24.0,3.68,0.0,03/09/2025 19:42:41,13.103204,80.226661,226661,2025-09-04T23:24:54.446017
TN 01 BU 2283,865933032838860,8.0,3.7,0.0,03/09/2025 19:41:42,13.102807,80.229957,229957,2025-09-04T23:24:54.446158
TN 01 BU 2283,865933032838860,10.0,3.9,0.0,03/09/2025 19:41:07,13.102876,80.230117,230117,2025-09-04T23:24:54.446284
TN 01 BU 2283,865933032838860,25.0,3.99,0.0,03/09/2025 19:40:34,13.103659,80.228393,228393,2025-09-04T23:24:54.446404
TN 01 BU 2283,865933032838860,23.0,4.4,0.0,03/09/2025 19:40:22,13.104024,80.227745,227745,2025-09-04T23:24:54.446553
TN 01 BU 2283,865933032838860,37.0,4.53,0.0,03/09/2025 19:39:23,13.10673,80.225067,225067,2025-09-04T23:24:54.446762
TN 01 BU 2283,865933032838860,23.0,4.54,0.0,03/09/2025 19:39:11,13.107466,80.224342,224342,2025-09-04T23:24:54.446971
TN 01 BU 2283,865933032838860,21.0,4.67,0.0,03/09/2025 19:39:09,13.107563,80.224296,224296,2025-09-04T23:24:54.447159
TN 01 BU 2283,865933032838860,18.0,4.68,0.0,03/09/2025 19:38:52,13.108717,80.224441,224441,2025-09-04T23:24:54.447321
TN 01 BU 2283,865933032838860,18.0,4.87,0.0,03/09/2025 19:38:50,13.108806,80.224487,224487,2025-09-04T23:24:54.447484
TN 01 BU 2283,865933032838860,21.0,5.06,0.0,03/09/2025 19:38:48,13.108873,80.224571,224571,2025-09-04T23:24:54.447651
TN 01 BU 2283,865933032838860,12.0,5.14,0.0,03/09/2025 19:38:27,13.108599,80.226272,226272,2025-09-04T23:24:54.447842
TN 01 BU 2283,865933032838860,7.0,5.22,0.0,03/09/2025 19:37:43,13.10902,80.225639,225639,2025-09-04T23:24:54.448026
TN 01 BU 2283,865933032838860,9.0,5.24,0.0,03/09/2025 19:37:18,13.109663,80.225479,225479,2025-09-04T23:24:54.448197
TN 01 BU 2283,865933032838860,4.0,5.41,0.0,03/09/2025 19:37:04,13.109794,80.225379,225379,2025-09-04T23:24:54.448372
TN 01 BU 2283,865933032838860,19.0,5.44,0.0,03/09/2025 19:36:05,13.110168,80.22377,223770,2025-09-04T23:24:54.448575
TN 01 BU 2283,865933032838860,12.0,5.45,0.0,03/09/2025 19:36:00,13.110237,80.223556,223556,2025-09-04T23:24:54.448776
TN 01 BU 2283,865933032838860,7.0,5.46,0.0,03/09/2025 19:35:53,13.110346,80.223487,223487,2025-09-04T23:24:54.448979
TN 01 BU 2283,865933032838860,9.0,5.48,0.0,03/09/2025 19:35:48,13.110384,80.223396,223396,2025-09-04T23:24:54.449160
TN 01 BU 2283,865933032838860,11.0,5.58,0.0,03/09/2025 19:35:44,13.110443,80.223304,223304,2025-09-04T23:24:54.449300
TN 01 BU 2283,865933032838860,16.0,5.64,0.0,03/09/2025 19:35:11,13.111379,80.223449,223449,2025-09-04T23:24:54.449405
TN 01 BU 2283,865933032838860,14.0,5.7,0.0,03/09/2025 19:35:01,13.111885,80.223556,223556,2025-09-04T23:24:54.449502
TN 01 BU 2283,865933032838860,10.0,5.87,0.0,03/09/2025 19:34:47,13.11246,80.223678,223678,2025-09-04T23:24:54.449598
TN 01 BU 2283,865933032838860,21.0,5.98,0.0,03/09/2025 19:33:48,13.113904,80.224189,224189,2025-09-04T23:24:54.449691
TN 01 BU 2283,865933032838860,8.0,6.16,0.0,03/09/2025 19:32:48,13.114801,80.224441,224441,2025-09-04T23:24:54.449834
TN 01 BU 2283,865933032838860,6.0,6.28,0.0,03/09/2025 19:31:49,13.116378,80.224998,224998,2025-09-04T23:24:54.450048
TN 01 BU 2283,865933032838860,10.0,6.31,0.0,03/09/2025 19:31:17,13.117473,80.225051,225051,2025-09-04T23:24:54.450246
TN 01 BU 2283,865933032838860,11.0,6.44,0.0,03/09/2025 19:31:09,13.117686,80.225212,225212,2025-09-04T23:24:54.450421
TN 01 BU 2283,865933032838860,8.0,6.48,0.0,03/09/2025 19:30:22,13.118506,80.225997,225997,2025-09-04T23:24:54.450597
TN 01 BU 2283,865933032838860,6.0,6.55,0.0,03/09/2025 19:29:53,13.118822,80.225845,225845,2025-09-04T23:24:54.450775
TN 01 BU 2283,865933032838860,2.0,6.6,0.0,03/09/2025 19:29:23,13.119509,80.225753,225753,2025-09-04T23:24:54.450967
TN 01 BU 2283,865933032838860,0.0,6.6,0.0,03/09/2025 19:28:23,13.119631,80.226203,226203,2025-09-04T23:24:54.451258
TN 01 BU 2283,865933032838860,19.0,6.77,0.0,03/09/2025 19:27:24,13.119708,80.226593,226593,2025-09-04T23:24:54.451471
TN 01 BU 2283,865933032838860,9.0,6.82,0.0,03/09/2025 19:26:35,13.11999,80.228088,228088,2025-09-04T23:24:54.451674
TN 01 BU 2283,865933032838860,12.0,6.86,0.0,03/09/2025 19:26:17,13.120077,80.228553,228553,2025-09-04T23:24:54.451883
TN 01 BU 2283,865933032838860,8.0,6.9,0.0,03/09/2025 19:25:38,13.120296,80.22879,228790,2025-09-04T23:24:54.452111
TN 01 BU 2283,865933032838860,0.0,6.9,0.0,03/09/2025 19:24:44,13.120628,80.229049,229049,2025-09-04T23:24:54.452317
TN 01 BU 2283,865933032838860,0.0,6.9,0.0,03/09/2025 19:23:44,13.120628,80.229049,229049,2025-09-04T23:24:54.452538
TN 01 BU 2283,865933032838860,11.0,6.93,0.0,03/09/2025 19:22:45,13.121186,80.229217,229217,2025-09-04T23:24:54.452749
TN 01 BU 2283,865933032838860,6.0,6.95,0.0,03/09/2025 19:22:36,13.121361,80.229347,229347,2025-09-04T23:24:54.452944
TN 01 BU 2283,865933032838860,10.0,6.97,0.0,03/09/2025 19:22:26,13.121357,80.229591,229591,2025-09-04T23:24:54.453113
TN 01 BU 2283,865933032838860,0.0,6.97,0.0,03/09/2025 19:22:01,13.121317,80.229751,229751,2025-09-04T23:24:54.453277
TN 01 BU 2283,865933032838860,0.0,6.97,0.0,03/09/2025 19:21:02,13.121317,80.229751,229751,2025-09-04T23:24:54.453449
TN 01 BU 2283,865933032838860,0.0,6.97,0.0,03/09/2025 19:20:02,13.121317,80.229751,229751,2025-09-04T23:24:54.453638
TN 01 BU 2283,865933032838860,1.0,7.02,0.0,03/09/2025 19:19:02,13.121317,80.229751,229751,2025-09-04T23:24:54.453809
TN 01 BU 2283,865933032838860,13.0,7.04,0.0,03/09/2025 19:18:03,13.121261,80.229293,229293,2025-09-04T23:24:54.453964
TN 01 BU 2283,865933032838860,18.0,7.07,0.0,03/09/2025 19:17:59,13.121246,80.229125,229125,2025-09-04T23:24:54.454111
TN 01 BU 2283,865933032838860,8.0,7.07,0.0,03/09/2025 19:17:51,13.12123,80.228843,228843,2025-09-04T23:24:54.454256
TN 01 BU 2283,865933032838860,7.0,7.11,0.0,03/09/2025 19:17:49,13.121208,80.228797,228797,2025-09-04T23:24:54.454400
TN 01 BU 2283,865933032838860,8.0,7.15,0.0,03/09/2025 19:17:48,13.121188,80.22879,228790,2025-09-04T23:24:54.454544
TN 01 BU 2283,865933032838860,11.0,7.17,0.0,03/09/2025 19:17:38,13.120831,80.228744,228744,2025-09-04T23:24:54.454688
TN 01 BU 2283,865933032838860,8.0,7.22,0.0,03/09/2025 19:17:34,13.120708,80.228729,228729,2025-09-04T23:24:54.454830
TN 01 BU 2283,865933032838860,7.0,7.24,0.0,03/09/2025 19:17:14,13.120176,80.228675,228675,2025-09-04T23:24:54.454971
TN 01 BU 2283,865933032838860,7.0,7.25,0.0,03/09/2025 19:17:07,13.120081,80.228591,228591,2025-09-04T23:24:54.455117
TN 01 BU 2283,865933032838860,10.0,7.27,0.0,03/09/2025 19:17:02,13.120073,80.228454,228454,2025-09-04T23:24:54.455258
TN 01 BU 2283,865933032838860,6.0,7.37,0.0,03/09/2025 19:16:56,13.120044,80.228309,228309,2025-09-04T23:24:54.455399
TN 01 BU 2283,865933032838860,5.0,7.55,0.0,03/09/2025 19:16:23,13.11987,80.227371,227371,2025-09-04T23:24:54.455543
TN 01 BU 2283,865933032838860,7.0,7.57,0.0,03/09/2025 19:15:24,13.119478,80.225753,225753,2025-09-04T23:24:54.455714
TN 01 BU 2283,865933032838860,9.0,7.6,0.0,03/09/2025 19:15:17,13.119446,80.225601,225601,2025-09-04T23:24:54.455862
TN 01 BU 2283,865933032838860,7.0,7.6,0.0,03/09/2025 19:15:00,13.119363,80.225311,225311,2025-09-04T23:24:54.456048
TN 01 BU 2283,865933032838860,8.0,7.7,0.0,03/09/2025 19:14:58,13.119371,80.225273,225273,2025-09-04T23:24:54.456197
TN 01 BU 2283,865933032838860,8.0,7.8,0.0,03/09/2025 19:14:22,13.119991,80.224609,224609,2025-09-04T23:24:54.456345
TN 01 BU 2283,865933032838860,14.0,7.93,0.0,03/09/2025 19:13:33,13.120688,80.224136,224136,2025-09-04T23:24:54.456505
TN 01 BU 2283,865933032838860,8.0,7.93,0.0,03/09/2025 19:12:54,13.121825,80.2238,223800,2025-09-04T23:24:54.456725
TN 01 BU 2283,865933032838860,9.0,7.98,0.0,03/09/2025 19:12:52,13.12187,80.223785,223785,2025-09-04T23:24:54.456915
TN 01 BU 2283,865933032838860,14.0,8.04,0.0,03/09/2025 19:12:38,13.122322,80.223632,223632,2025-09-04T23:24:54.457113
TN 01 BU 2283,865933032838860,23.0,8.07,0.0,03/09/2025 19:12:28,13.122803,80.223403,223403,2025-09-04T23:24:54.457268
TN 01 BU 2283,865933032838860,17.0,8.16,0.0,03/09/2025 19:12:23,13.122973,80.223228,223228,2025-09-04T23:24:54.457404
TN 01 BU 2283,865933032838860,9.0,8.17,0.0,03/09/2025 19:11:53,13.123633,80.222709,222709,2025-09-04T23:24:54.457531
TN 01 BU 2283,865933032838860,8.0,8.18,0.0,03/09/2025 19:11:48,13.123733,80.222648,222648,2025-09-04T23:24:54.457664
TN 01 BU 2283,865933032838860,7.0,8.22,0.0,03/09/2025 19:11:44,13.123773,80.222526,222526,2025-09-04T23:24:54.457853
TN 01 BU 2283,865933032838860,6.0,8.26,0.0,03/09/2025 19:11:28,13.123931,80.222229,222229,2025-09-04T23:24:54.457991
TN 01 BU 2283,865933032838860,9.0,8.42,0.0,03/09/2025 19:11:09,13.124164,80.221931,221931,2025-09-04T23:24:54.458123
TN 01 BU 2283,865933032838860,8.0,8.45,0.0,03/09/2025 19:10:10,13.125016,80.220863,220863,2025-09-04T23:24:54.458251
TN 01 BU 2283,865933032838860,8.0,8.47,0.0,03/09/2025 19:10:08,13.125069,80.220832,220832,2025-09-04T23:24:54.458380
TN 01 BU 2283,865933032838860,8.0,8.51,0.0,03/09/2025 19:09:59,13.125189,80.220664,220664,2025-09-04T23:24:54.458530
TN 01 BU 2283,865933032838860,7.0,8.61,0.0,03/09/2025 19:09:36,13.125426,80.220367,220367,2025-09-04T23:24:54.458682
TN 01 BU 2283,865933032838860,1.0,8.62,0.0,03/09/2025 19:08:42,13.125893,80.219612,219612,2025-09-04T23:24:54.458826
TN 01 BU 2283,865933032838860,7.0,8.64,0.0,03/09/2025 19:07:43,13.125914,80.219543,219543,2025-09-04T23:24:54.458960
TN 01 BU 2283,865933032838860,9.0,8.64,0.0,03/09/2025 19:07:41,13.12594,80.219505,219505,2025-09-04T23:24:54.459104
TN 01 BU 2283,865933032838860,6.0,8.7,0.0,03/09/2025 19:07:36,13.125981,80.219429,219429,2025-09-04T23:24:54.459236
TN 01 BU 2283,865933032838860,6.0,8.81,0.0,03/09/2025 19:06:50,13.126286,80.218994,218994,2025-09-04T23:24:54.459373
TN 01 BU 2283,865933032838860,0.0,8.81,0.0,03/09/2025 19:05:51,13.126956,80.218299,218299,2025-09-04T23:24:54.459499
TN 01 BU 2283,865933032838860,20.0,9.17,0.0,03/09/2025 19:04:51,13.127058,80.218215,218215,2025-09-04T23:24:54.459640
TN 01 BU 2283,865933032838860,5.0,9.26,0.0,03/09/2025 19:03:51,13.128966,80.215484,215484,2025-09-04T23:24:54.459772
TN 01 BU 2283,865933032838860,17.0,9.36,0.0,03/09/2025 19:02:52,13.129458,80.214851,214851,2025-09-04T23:24:54.459901
TN 01 BU 2283,865933032838860,6.0,9.37,0.0,03/09/2025 19:02:24,13.130145,80.214225,214225,2025-09-04T23:24:54.460023
TN 01 BU 2283,865933032838860,7.0,9.44,0.0,03/09/2025 19:02:19,13.130228,80.214157,214157,2025-09-04T23:24:54.460170
TN 01 BU 2283,865933032838860,1.0,9.44,0.0,03/09/2025 19:01:46,13.130033,80.213577,213577,2025-09-04T23:24:54.460306
TN 01 BU 2283,865933032838860,1.0,9.46,0.0,03/09/2025 19:00:46,13.130033,80.213577,213577,2025-09-04T23:24:54.460440
TN 01 BU 2283,865933032838860,11.0,9.61,0.0,03/09/2025 18:59:47,13.129877,80.213432,213432,2025-09-04T23:24:54.460587
TN 01 BU 2283,865933032838860,39.0,10.08,0.0,03/09/2025 18:59:08,13.129193,80.212303,212303,2025-09-04T23:24:54.460724
TN 01 BU 2283,865933032838860,17.0,10.19,0.0,03/09/2025 18:58:09,13.127153,80.208457,208457,2025-09-04T23:24:54.460835
TN 01 BU 2283,865933032838860,22.0,10.23,0.0,03/09/2025 18:57:51,13.12666,80.207618,207618,2025-09-04T23:24:54.460952
TN 01 BU 2283,865933032838860,23.0,10.59,0.0,03/09/2025 18:57:45,13.126496,80.207283,207283,2025-09-04T23:24:54.461099
TN 01 BU 2283,865933032838860,9.0,10.93,0.0,03/09/2025 18:56:46,13.124919,80.204315,204315,2025-09-04T23:24:54.461250
TN 01 BU 2283,865933032838860,12.0,11.03,0.0,03/09/2025 18:55:57,13.123352,80.201644,201644,2025-09-04T23:24:54.461388
TN 01 BU 2283,865933032838860,0.0,11.03,0.0,03/09/2025 18:54:57,13.122757,80.200958,200958,2025-09-04T23:24:54.461573
TN 01 BU 2283,865933032838860,0.0,11.03,0.0,03/09/2025 18:53:58,13.122757,80.200958,200958,2025-09-04T23:24:54.461767
TN 01 BU 2283,865933032838860,0.0,11.03,0.0,03/09/2025 18:52:58,13.122757,80.200958,200958,2025-09-04T23:24:54.461978
TN 01 BU 2283,865933032838860,0.0,11.03,0.0,03/09/2025 18:51:58,13.122757,80.200958,200958,2025-09-04T23:24:54.462163
TN 01 BU 2283,865933032838860,6.0,11.12,0.0,03/09/2025 18:50:59,13.122751,80.200943,200943,2025-09-04T23:24:54.462341
TN 01 BU 2283,865933032838860,6.0,11.13,0.0,03/09/2025 18:50:01,13.122183,80.200401,200401,2025-09-04T23:24:54.462550
TN 01 BU 2283,865933032838860,0.0,11.13,0.0,03/09/2025 18:49:01,13.122077,80.200286,200286,2025-09-04T23:24:54.462731
TN 01 BU 2283,865933032838860,0.0,11.13,0.0,03/09/2025 18:48:02,13.122077,80.200286,200286,2025-09-04T23:24:54.462893
TN 01 BU 2283,865933032838860,3.0,11.21,0.0,03/09/2025 18:47:02,13.122077,80.200286,200286,2025-09-04T23:24:54.463066
TN 01 BU 2283,865933032838860,10.0,11.4,0.0,03/09/2025 18:46:02,13.121533,80.199928,199928,2025-09-04T23:24:54.463286
TN 01 BU 2283,865933032838860,15.0,11.52,0.0,03/09/2025 18:45:03,13.119923,80.199142,199142,2025-09-04T23:24:54.463480
TN 01 BU 2283,865933032838860,3.0,11.7,0.0,03/09/2025 18:44:03,13.118998,80.1986,198600,2025-09-04T23:24:54.463669
TN 01 BU 2283,865933032838860,13.0,11.98,0.0,03/09/2025 18:43:04,13.117527,80.197891,197891,2025-09-04T23:24:54.463853
TN 01 BU 2283,865933032838860,34.0,12.52,0.0,03/09/2025 18:42:28,13.115083,80.197509,197509,2025-09-04T23:24:54.464023
TN 01 BU 2283,865933032838860,32.0,12.97,0.0,03/09/2025 18:41:28,13.110231,80.196937,196937,2025-09-04T23:24:54.464223
TN 01 BU 2283,865933032838860,22.0,13.44,0.0,03/09/2025 18:40:28,13.106593,80.195053,195053,2025-09-04T23:24:54.464429
TN 01 BU 2283,865933032838860,19.0,13.46,0.0,03/09/2025 18:39:29,13.102588,80.194396,194396,2025-09-04T23:24:54.464647
TN 01 BU 2283,865933032838860,10.0,13.46,0.0,03/09/2025 18:39:25,13.102444,80.194335,194335,2025-09-04T23:24:54.464848
TN 01 BU 2283,865933032838860,8.0,13.53,0.0,03/09/2025 18:39:23,13.102411,80.194305,194305,2025-09-04T23:24:54.465013
TN 01 BU 2283,865933032838860,7.0,13.53,0.0,03/09/2025 18:39:09,13.102236,80.19374,193740,2025-09-04T23:24:54.465202
TN 01 BU 2283,865933032838860,8.0,13.56,0.0,03/09/2025 18:39:07,13.102219,80.19371,193710,2025-09-04T23:24:54.465333
TN 01 BU 2283,865933032838860,10.0,13.58,0.0,03/09/2025 18:38:57,13.102058,80.193443,193443,2025-09-04T23:24:54.465448
TN 01 BU 2283,865933032838860,7.0,13.62,0.0,03/09/2025 18:38:53,13.101922,80.193321,193321,2025-09-04T23:24:54.465583
TN 01 BU 2283,865933032838860,6.0,13.62,0.0,03/09/2025 18:38:21,13.101628,80.193206,193206,2025-09-04T23:24:54.465699
TN 01 BU 2283,865933032838860,7.0,13.7,0.0,03/09/2025 18:38:19,13.10159,80.193191,193191,2025-09-04T23:24:54.465802
TN 01 BU 2283,865933032838860,24.0,14.09,0.0,03/09/2025 18:38:02,13.100798,80.193161,193161,2025-09-04T23:24:54.465942
TN 01 BU 2283,865933032838860,21.0,14.4,0.0,03/09/2025 18:37:02,13.097368,80.193206,193206,2025-09-04T23:24:54.466090
TN 01 BU 2283,865933032838860,10.0,14.55,0.0,03/09/2025 18:36:02,13.094578,80.193061,193061,2025-09-04T23:24:54.466295
TN 01 BU 2283,865933032838860,6.0,14.56,0.0,03/09/2025 18:35:03,13.093186,80.193016,193016,2025-09-04T23:24:54.466468
TN 01 BU 2283,865933032838860,6.0,14.56,0.0,03/09/2025 18:35:01,13.093141,80.193016,193016,2025-09-04T23:24:54.466649
TN 01 BU 2283,865933032838860,6.0,14.81,0.0,03/09/2025 18:34:59,13.093094,80.193016,193016,2025-09-04T23:24:54.466823
TN 01 BU 2283,865933032838860,6.0,15.06,0.0,03/09/2025 18:34:58,13.093054,80.193016,193016,2025-09-04T23:24:54.466994
TN 01 BU 2283,865933032838860,19.0,15.41,0.0,03/09/2025 18:34:04,13.090847,80.192955,192955,2025-09-04T23:24:54.467160
TN 01 BU 2283,865933032838860,13.0,15.43,0.0,03/09/2025 18:33:05,13.087635,80.192848,192848,2025-09-04T23:24:54.467289
TN 01 BU 2283,865933032838860,6.0,15.45,0.0,03/09/2025 18:32:59,13.087512,80.192832,192832,2025-09-04T23:24:54.467408
TN 01 BU 2283,865933032838860,6.0,15.46,0.0,03/09/2025 18:32:58,13.087498,80.192825,192825,2025-09-04T23:24:54.467561
TN 01 BU 2283,865933032838860,6.0,15.48,0.0,03/09/2025 18:32:50,13.087448,80.192687,192687,2025-09-04T23:24:54.467704
TN 01 BU 2283,865933032838860,8.0,15.59,0.0,03/09/2025 18:32:39,13.087463,80.192527,192527,2025-09-04T23:24:54.467874
TN 01 BU 2283,865933032838860,0.0,15.59,0.0,03/09/2025 18:31:39,13.087573,80.191535,191535,2025-09-04T23:24:54.468030
TN 01 BU 2283,865933032838860,29.0,15.71,0.0,03/09/2025 18:30:40,13.087821,80.189292,189292,2025-09-04T23:24:54.468151
TN 01 BU 2283,865933032838860,10.0,15.71,0.0,03/09/2025 18:30:21,13.08771,80.188125,188125,2025-09-04T23:24:54.468259
TN 01 BU 2283,865933032838860,7.0,15.73,0.0,03/09/2025 18:30:19,13.087695,80.188072,188072,2025-09-04T23:24:54.468417
TN 01 BU 2283,865933032838860,0.0,15.73,0.0,03/09/2025 18:29:36,13.08759,80.188034,188034,2025-09-04T23:24:54.468564
TN 01 BU 2283,865933032838860,19.0,15.77,0.0,03/09/2025 18:28:37,13.087358,80.188026,188026,2025-09-04T23:24:54.468690
TN 01 BU 2283,865933032838860,0.0,15.77,0.0,03/09/2025 18:28:21,13.086948,80.18798,187980,2025-09-04T23:24:54.468821
TN 01 BU 2283,865933032838860,2.0,15.77,0.0,03/09/2025 18:27:21,13.085668,80.188102,188102,2025-09-04T23:24:54.468967
TN 01 BU 2283,865933032838860,8.0,15.8,0.0,03/09/2025 18:26:22,13.085615,80.188125,188125,2025-09-04T23:24:54.469121
TN 01 BU 2283,865933032838860,0.0,15.8,0.0,03/09/2025 18:25:37,13.085426,80.188201,188201,2025-09-04T23:24:54.469277
TN 01 BU 2283,865933032838860,0.0,15.8,0.0,03/09/2025 18:24:37,13.085426,80.188201,188201,2025-09-04T23:24:54.469420
TN 01 BU 2283,865933032838860,9.0,15.87,0.0,03/09/2025 18:23:38,13.085414,80.188186,188186,2025-09-04T23:24:54.469581
TN 01 BU 2283,865933032838860,13.0,15.94,0.0,03/09/2025 18:23:37,13.085408,80.188148,188148,2025-09-04T23:24:54.469727
TN 01 BU 2283,865933032838860,9.0,15.95,0.0,03/09/2025 18:23:22,13.085209,80.187515,187515,2025-09-04T23:24:54.469864
TN 01 BU 2283,865933032838860,7.0,16.21,0.0,03/09/2025 18:23:19,13.085165,80.187446,187446,2025-09-04T23:24:54.470000
TN 01 BU 2283,865933032838860,7.0,16.45,0.0,03/09/2025 18:23:18,13.085135,80.187446,187446,2025-09-04T23:24:54.470139
TN 01 BU 2283,865933032838860,8.0,16.7,0.0,03/09/2025 18:23:17,13.085106,80.187446,187446,2025-09-04T23:24:54.470274
TN 01 BU 2283,865933032838860,13.0,16.71,0.0,03/09/2025 18:22:24,13.082922,80.187706,187706,2025-09-04T23:24:54.470405
TN 01 BU 2283,865933032838860,9.0,16.74,0.0,03/09/2025 18:22:19,13.082777,80.187713,187713,2025-09-04T23:24:54.470511
TN 01 BU 2283,865933032838860,12.0,16.74,0.0,03/09/2025 18:22:11,13.082571,80.187736,187736,2025-09-04T23:24:54.470646
TN 01 BU 2283,865933032838860,8.0,16.77,0.0,03/09/2025 18:22:09,13.082501,80.187759,187759,2025-09-04T23:24:54.470771
TN 01 BU 2283,865933032838860,9.0,16.82,0.0,03/09/2025 18:21:54,13.082229,80.187797,187797,2025-09-04T23:24:54.470917
TN 01 BU 2283,865933032838860,7.0,17.07,0.0,03/09/2025 18:21:31,13.081805,80.187919,187919,2025-09-04T23:24:54.471069
TN 01 BU 2283,865933032838860,11.0,17.1,0.0,03/09/2025 18:20:32,13.079551,80.187835,187835,2025-09-04T23:24:54.471217
TN 01 BU 2283,865933032838860,17.0,17.14,0.0,03/09/2025 18:19:50,13.079263,80.187706,187706,2025-09-04T23:24:54.471349
TN 01 BU 2283,865933032838860,15.0,17.19,0.0,03/09/2025 18:19:42,13.078918,80.187545,187545,2025-09-04T23:24:54.471458
TN 01 BU 2283,865933032838860,22.0,17.26,0.0,03/09/2025 18:19:34,13.078586,80.18724,187240,2025-09-04T23:24:54.471592
TN 01 BU 2283,865933032838860,19.0,17.32,0.0,03/09/2025 18:19:24,13.078298,80.186698,186698,2025-09-04T23:24:54.471761
TN 01 BU 2283,865933032838860,6.0,17.32,0.0,03/09/2025 18:19:11,13.07826,80.186187,186187,2025-09-04T23:24:54.471896
TN 01 BU 2283,865933032838860,9.0,17.38,0.0,03/09/2025 18:19:07,13.078283,80.186103,186103,2025-09-04T23:24:54.472071
TN 01 BU 2283,865933032838860,0.0,17.38,0.0,03/09/2025 18:18:18,13.07802,80.185722,185722,2025-09-04T23:24:54.472229
TN 01 BU 2283,865933032838860,17.0,17.41,0.0,03/09/2025 18:17:19,13.077271,80.185768,185768,2025-09-04T23:24:54.472382
TN 01 BU 2283,865933032838860,12.0,17.45,0.0,03/09/2025 18:17:12,13.076974,80.185791,185791,2025-09-04T23:24:54.472554
TN 01 BU 2283,865933032838860,18.0,17.49,0.0,03/09/2025 18:17:04,13.076631,80.18576,185760,2025-09-04T23:24:54.472718
TN 01 BU 2283,865933032838860,7.0,17.72,0.0,03/09/2025 18:16:54,13.076281,80.185729,185729,2025-09-04T23:24:54.472852
TN 01 BU 2283,865933032838860,6.0,17.95,0.0,03/09/2025 18:16:52,13.076231,80.185722,185722,2025-09-04T23:24:54.472985
TN 01 BU 2283,865933032838860,20.0,18.0,0.0,03/09/2025 18:16:01,13.074148,80.185806,185806,2025-09-04T23:24:54.473116
TN 01 BU 2283,865933032838860,10.0,18.07,0.0,03/09/2025 18:15:52,13.073742,80.185791,185791,2025-09-04T23:24:54.473253
TN 01 BU 2283,865933032838860,12.0,18.08,0.0,03/09/2025 18:15:34,13.073124,80.185745,185745,2025-09-04T23:24:54.473391
TN 01 BU 2283,865933032838860,6.0,18.35,0.0,03/09/2025 18:15:27,13.073019,80.185699,185699,2025-09-04T23:24:54.473516
TN 01 BU 2283,865933032838860,6.0,18.62,0.0,03/09/2025 18:15:26,13.073008,80.185691,185691,2025-09-04T23:24:54.473639
TN 01 BU 2283,865933032838860,25.0,18.7,0.0,03/09/2025 18:14:40,13.072736,80.183227,183227,2025-09-04T23:24:54.473777
TN 01 BU 2283,865933032838860,6.0,18.73,0.0,03/09/2025 18:14:19,13.072792,80.182441,182441,2025-09-04T23:24:54.473907
TN 01 BU 2283,865933032838860,10.0,18.74,0.0,03/09/2025 18:14:12,13.072748,80.18225,182250,2025-09-04T23:24:54.474047
TN 01 BU 2283,865933032838860,8.0,18.77,0.0,03/09/2025 18:14:08,13.072696,80.182144,182144,2025-09-04T23:24:54.474194
TN 01 BU 2283,865933032838860,7.0,18.97,0.0,03/09/2025 18:13:52,13.072418,80.18209,182090,2025-09-04T23:24:54.474324
TN 01 BU 2283,865933032838860,16.0,18.98,0.0,03/09/2025 18:13:16,13.070614,80.182327,182327,2025-09-04T23:24:54.474450
TN 01 BU 2283,865933032838860,11.0,19.03,0.0,03/09/2025 18:13:13,13.070513,80.182357,182357,2025-09-04T23:24:54.474578
TN 01 BU 2283,865933032838860,0.0,19.03,0.0,03/09/2025 18:12:47,13.070251,80.182083,182083,2025-09-04T23:24:54.474729
TN 01 BU 2283,865933032838860,1.0,19.16,0.0,03/09/2025 18:11:47,13.070251,80.182083,182083,2025-09-04T23:24:54.474845
TN 01 BU 2283,865933032838860,11.0,19.18,0.0,03/09/2025 18:10:48,13.069575,80.181037,181037,2025-09-04T23:24:54.474968
TN 01 BU 2283,865933032838860,6.0,19.25,0.0,03/09/2025 18:10:40,13.069477,80.180915,180915,2025-09-04T23:24:54.475101
TN 01 BU 2283,865933032838860,13.0,19.29,0.0,03/09/2025 18:10:19,13.069108,80.180374,180374,2025-09-04T23:24:54.475216
TN 01 BU 2283,865933032838860,6.0,19.37,0.0,03/09/2025 18:09:19,13.068862,80.180053,180053,2025-09-04T23:24:54.475343
TN 01 BU 2283,865933032838860,14.0,19.5,0.0,03/09/2025 18:08:19,13.068494,80.179504,179504,2025-09-04T23:24:54.475489
TN 01 BU 2283,865933032838860,8.0,19.55,0.0,03/09/2025 18:07:20,13.067823,80.178466,178466,2025-09-04T23:24:54.475610
TN 01 BU 2283,865933032838860,7.0,19.62,0.0,03/09/2025 18:06:28,13.067678,80.17807,178070,2025-09-04T23:24:54.475730
TN 01 BU 2283,865933032838860,12.0,19.68,0.0,03/09/2025 18:06:07,13.06758,80.177413,177413,2025-09-04T23:24:54.475869
TN 01 BU 2283,865933032838860,0.0,19.68,0.0,03/09/2025 18:05:41,13.067605,80.176879,176879,2025-09-04T23:24:54.476006
TN 01 BU 2283,865933032838860,2.0,19.68,0.0,03/09/2025 18:04:41,13.067605,80.176879,176879,2025-09-04T23:24:54.476131
TN 01 BU 2283,865933032838860,4.0,19.74,0.0,03/09/2025 18:03:42,13.067605,80.176879,176879,2025-09-04T23:24:54.476229
TN 01 BU 2283,865933032838860,1.0,19.82,0.0,03/09/2025 18:02:42,13.067553,80.176307,176307,2025-09-04T23:24:54.476325
TN 01 BU 2283,865933032838860,7.0,19.86,0.0,03/09/2025 18:01:43,13.067308,80.175643,175643,2025-09-04T23:24:54.476414
TN 01 BU 2283,865933032838860,2.0,19.93,0.0,03/09/2025 18:00:56,13.067111,80.1753,175300,2025-09-04T23:24:54.476629
TN 01 BU 2283,865933032838860,16.0,20.35,0.0,03/09/2025 17:59:56,13.066688,80.174758,174758,2025-09-04T23:24:54.476844
TN 01 BU 2283,865933032838860,14.0,20.39,0.0,03/09/2025 17:58:57,13.064476,80.171607,171607,2025-09-04T23:24:54.477022
TN 01 BU 2283,865933032838860,1.0,20.41,0.0,03/09/2025 17:58:52,13.064348,80.171272,171272,2025-09-04T23:24:54.477187
TN 01 BU 2283,865933032838860,11.0,20.64,0.0,03/09/2025 17:57:53,13.064305,80.171157,171157,2025-09-04T23:24:54.477374
TN 01 BU 2283,865933032838860,30.0,20.69,0.0,03/09/2025 17:57:14,13.064221,80.169044,169044,2025-09-04T23:24:54.477557
TN 01 BU 2283,865933032838860,28.0,20.88,0.0,03/09/2025 17:57:07,13.064127,80.168518,168518,2025-09-04T23:24:54.477779
TN 01 BU 2283,865933032838860,26.0,21.08,0.0,03/09/2025 17:56:46,13.063215,80.16703,167030,2025-09-04T23:24:54.478005
TN 01 BU 2283,865933032838860,6.0,21.16,0.0,03/09/2025 17:56:00,13.061991,80.165718,165718,2025-09-04T23:24:54.478206
TN 01 BU 2283,865933032838860,11.0,21.2,0.0,03/09/2025 17:55:35,13.061581,80.165107,165107,2025-09-04T23:24:54.478402
TN 01 BU 2283,865933032838860,12.0,21.29,0.0,03/09/2025 17:55:14,13.061428,80.164756,164756,2025-09-04T23:24:54.478621
TN 01 BU 2283,865933032838860,10.0,21.85,0.0,03/09/2025 17:54:44,13.061323,80.163917,163917,2025-09-04T23:24:54.478833
TN 01 BU 2283,865933032838860,49.0,21.95,0.0,03/09/2025 17:53:45,13.061655,80.158821,158821,2025-09-04T23:24:54.479011
TN 01 BU 2283,865933032838860,44.0,22.18,0.0,03/09/2025 17:53:37,13.061695,80.157882,157882,2025-09-04T23:24:54.479202
TN 01 BU 2283,865933032838860,35.0,22.26,0.0,03/09/2025 17:53:16,13.060856,80.155975,155975,2025-09-04T23:24:54.479381
TN 01 BU 2283,865933032838860,36.0,22.31,0.0,03/09/2025 17:53:08,13.060663,80.15525,155250,2025-09-04T23:24:54.479510
TN 01 BU 2283,865933032838860,20.0,22.32,0.0,03/09/2025 17:53:01,13.060653,80.154777,154777,2025-09-04T23:24:54.479618
TN 01 BU 2283,865933032838860,10.0,22.4,0.0,03/09/2025 17:52:59,13.060667,80.154678,154678,2025-09-04T23:24:54.479738
TN 01 BU 2283,865933032838860,15.0,22.52,0.0,03/09/2025 17:52:21,13.060812,80.153968,153968,2025-09-04T23:24:54.479906
TN 01 BU 2283,865933032838860,19.0,22.72,0.0,03/09/2025 17:51:22,13.061011,80.152862,152862,2025-09-04T23:24:54.480044
TN 01 BU 2283,865933032838860,4.0,22.72,0.0,03/09/2025 17:50:40,13.061738,80.151138,151138,2025-09-04T23:24:54.480197
TN 01 BU 2283,865933032838860,9.0,22.81,0.0,03/09/2025 17:49:41,13.061746,80.151123,151123,2025-09-04T23:24:54.480315
TN 01 BU 2283,865933032838860,11.0,22.9,0.0,03/09/2025 17:49:00,13.06208,80.150375,150375,2025-09-04T23:24:54.480443
TN 01 BU 2283,865933032838860,39.0,23.45,0.0,03/09/2025 17:48:46,13.0621,80.149536,149536,2025-09-04T23:24:54.480624
TN 01 BU 2283,865933032838860,4.0,24.02,0.0,03/09/2025 17:47:46,13.061757,80.144485,144485,2025-09-04T23:24:54.480754
TN 01 BU 2283,865933032838860,30.0,24.16,0.0,03/09/2025 17:46:47,13.061331,80.139205,139205,2025-09-04T23:24:54.480888
TN 01 BU 2283,865933032838860,0.0,24.16,0.0,03/09/2025 17:45:47,13.06128,80.137969,137969,2025-09-04T23:24:54.481044
TN 01 BU 2283,865933032838860,43.0,24.45,0.0,03/09/2025 17:44:48,13.061091,80.136146,136146,2025-09-04T23:24:54.481223
TN 01 BU 2283,865933032838860,5.0,24.48,0.0,03/09/2025 17:44:05,13.060112,80.133659,133659,2025-09-04T23:24:54.481373
TN 01 BU 2283,865933032838860,10.0,24.62,0.0,03/09/2025 17:43:06,13.060014,80.133407,133407,2025-09-04T23:24:54.481551
TN 01 BU 2283,865933032838860,0.0,24.62,0.0,03/09/2025 17:42:06,13.059453,80.132217,132217,2025-09-04T23:24:54.481757
TN 01 BU 2283,865933032838860,13.0,25.05,0.0,03/09/2025 17:41:07,13.059185,80.131469,131469,2025-09-04T23:24:54.481967
TN 01 BU 2283,865933032838860,7.0,25.07,0.0,03/09/2025 17:40:13,13.057479,80.127922,127922,2025-09-04T23:24:54.482261
TN 01 BU 2283,865933032838860,3.0,25.41,0.0,03/09/2025 17:40:07,13.057352,80.127784,127784,2025-09-04T23:24:54.482536
TN 01 BU 2283,865933032838860,26.0,25.49,0.0,03/09/2025 17:39:08,13.055381,80.125404,125404,2025-09-04T23:24:54.482784
TN 01 BU 2283,865933032838860,26.0,25.49,0.0,03/09/2025 17:39:08,13.055381,80.125404,125404,2025-09-04T23:24:54.482968
TN 01 BU 2283,865933032838860,32.0,25.68,0.0,03/09/2025 17:38:58,13.055087,80.124748,124748,2025-09-04T23:24:54.483213
TN 01 BU 2283,865933032838860,19.0,25.77,0.0,03/09/2025 17:38:35,13.054679,80.122962,122962,2025-09-04T23:24:54.483425
TN 01 BU 2283,865933032838860,46.0,26.44,0.0,03/09/2025 17:38:14,13.054738,80.122192,122192,2025-09-04T23:24:54.483643
TN 01 BU 2283,865933032838860,53.0,27.25,0.0,03/09/2025 17:37:15,13.056525,80.116271,116271,2025-09-04T23:24:54.483817
TN 01 BU 2283,865933032838860,54.0,28.02,0.0,03/09/2025 17:36:15,13.056884,80.108795,108795,2025-09-04T23:24:54.483980
TN 01 BU 2283,865933032838860,38.0,28.49,0.0,03/09/2025 17:35:16,13.057368,80.101661,101661,2025-09-04T23:24:54.484144
TN 01 BU 2283,865933032838860,13.0,28.7,0.0,03/09/2025 17:34:16,13.056581,80.097404,097404,2025-09-04T23:24:54.484279
TN 01 BU 2283,865933032838860,9.0,28.91,0.0,03/09/2025 17:33:17,13.056361,80.095527,095527,2025-09-04T23:24:54.484410
TN 01 BU 2283,865933032838860,57.0,29.18,0.0,03/09/2025 17:32:30,13.055785,80.093658,093658,2025-09-04T23:24:54.484566
TN 01 BU 2283,865933032838860,55.0,29.81,0.0,03/09/2025 17:32:12,13.054681,80.0914,091400,2025-09-04T23:24:54.484710
TN 01 BU 2283,865933032838860,29.0,29.85,0.0,03/09/2025 17:31:17,13.049838,80.0885,088500,2025-09-04T23:24:54.484842
TN 01 BU 2283,865933032838860,26.0,29.91,0.0,03/09/2025 17:31:11,13.049578,80.088264,088264,2025-09-04T23:24:54.484961
TN 01 BU 2283,865933032838860,36.0,30.12,0.0,03/09/2025 17:31:05,13.049303,80.087768,087768,2025-09-04T23:24:54.485085
TN 01 BU 2283,865933032838860,55.0,30.56,0.0,03/09/2025 17:30:50,13.048979,80.085876,085876,2025-09-04T23:24:54.485205
TN 01 BU 2283,865933032838860,26.0,30.64,0.0,03/09/2025 17:30:03,13.047761,80.081993,081993,2025-09-04T23:24:54.485346
TN 01 BU 2283,865933032838860,23.0,30.78,0.0,03/09/2025 17:29:52,13.047505,80.081291,081291,2025-09-04T23:24:54.485499
TN 01 BU 2283,865933032838860,6.0,30.84,0.0,03/09/2025 17:29:18,13.047198,80.080024,080024,2025-09-04T23:24:54.485652
TN 01 BU 2283,865933032838860,13.0,30.86,0.0,03/09/2025 17:28:59,13.04712,80.079467,079467,2025-09-04T23:24:54.485814
TN 01 BU 2283,865933032838860,3.0,30.96,0.0,03/09/2025 17:28:01,13.047109,80.079246,079246,2025-09-04T23:24:54.485968
TN 01 BU 2283,865933032838860,9.0,30.98,0.0,03/09/2025 17:27:02,13.047088,80.07833,078330,2025-09-04T23:24:54.486100
TN 01 BU 2283,865933032838860,9.0,31.0,0.0,03/09/2025 17:27:00,13.0471,80.078254,078254,2025-09-04T23:24:54.486233
TN 01 BU 2283,865933032838860,8.0,31.0,0.0,03/09/2025 17:26:59,13.047109,80.078201,078201,2025-09-04T23:24:54.486377
TN 01 BU 2283,865933032838860,6.0,31.08,0.0,03/09/2025 17:26:58,13.047101,80.078178,078178,2025-09-04T23:24:54.486539
TN 01 BU 2283,865933032838860,7.0,31.17,0.0,03/09/2025 17:26:56,13.047084,80.078132,078132,2025-09-04T23:24:54.486683
TN 01 BU 2283,865933032838860,0.0,31.17,0.0,03/09/2025 17:26:18,13.046984,80.077392,077392,2025-09-04T23:24:54.486855
TN 01 BU 2283,865933032838860,9.0,31.24,0.0,03/09/2025 17:25:19,13.04699,80.077247,077247,2025-09-04T23:24:54.487013
TN 01 BU 2283,865933032838860,8.0,31.4,0.0,03/09/2025 17:24:45,13.046953,80.07656,076560,2025-09-04T23:24:54.487153
TN 01 BU 2283,865933032838860,11.0,31.42,0.0,03/09/2025 17:24:09,13.04679,80.07505,075050,2025-09-04T23:24:54.487282
TN 01 BU 2283,865933032838860,0.0,31.42,0.0,03/09/2025 17:24:00,13.046863,80.07489,074890,2025-09-04T23:24:54.487387
TN 01 BU 2283,865933032838860,9.0,31.47,0.0,03/09/2025 17:23:01,13.046865,80.074859,074859,2025-09-04T23:24:54.487485
TN 01 BU 2283,865933032838860,11.0,31.48,0.0,03/09/2025 17:22:44,13.04673,80.074447,074447,2025-09-04T23:24:54.487596
TN 01 BU 2283,865933032838860,6.0,31.49,0.0,03/09/2025 17:22:32,13.046674,80.07434,074340,2025-09-04T23:24:54.487740
TN 01 BU 2283,865933032838860,15.0,31.66,0.0,03/09/2025 17:22:29,13.046633,80.074249,074249,2025-09-04T23:24:54.487911
TN 01 BU 2283,865933032838860,6.0,31.72,0.0,03/09/2025 17:21:30,13.046092,80.072845,072845,2025-09-04T23:24:54.488057
TN 01 BU 2283,865933032838860,9.0,31.93,0.0,03/09/2025 17:21:02,13.045998,80.072319,072319,2025-09-04T23:24:54.488191
TN 01 BU 2283,865933032838860,30.0,32.09,0.0,03/09/2025 17:20:26,13.045635,80.070358,070358,2025-09-04T23:24:54.488303
TN 01 BU 2283,865933032838860,3.0,32.57,0.0,03/09/2025 17:19:27,13.04524,80.068954,068954,2025-09-04T23:24:54.488478
TN 01 BU 2283,865933032838860,36.0,32.98,0.0,03/09/2025 17:18:28,13.043965,80.064689,064689,2025-09-04T23:24:54.488675
TN 01 BU 2283,865933032838860,46.0,33.62,0.0,03/09/2025 17:17:50,13.042428,80.061248,061248,2025-09-04T23:24:54.488851
TN 01 BU 2283,865933032838860,11.0,34.09,0.0,03/09/2025 17:16:51,13.040128,80.0559,055900,2025-09-04T23:24:54.488997
TN 01 BU 2283,865933032838860,67.0,35.0,0.0,03/09/2025 17:15:51,13.038477,80.051902,051902,2025-09-04T23:24:54.489140
TN 01 BU 2283,865933032838860,26.0,35.14,0.0,03/09/2025 17:14:52,13.036049,80.0438,043800,2025-09-04T23:24:54.489268
TN 01 BU 2283,865933032838860,20.0,35.55,0.0,03/09/2025 17:13:53,13.035638,80.04264,042640,2025-09-04T23:24:54.489390
TN 01 BU 2283,865933032838860,47.0,36.02,0.0,03/09/2025 17:13:10,13.03388,80.039276,039276,2025-09-04T23:24:54.489536
TN 01 BU 2283,865933032838860,17.0,36.03,0.0,03/09/2025 17:12:11,13.031715,80.03556,035560,2025-09-04T23:24:54.489639
TN 01 BU 2283,865933032838860,0.0,36.03,0.0,03/09/2025 17:11:30,13.031653,80.035476,035476,2025-09-04T23:24:54.489810
TN 01 BU 2283,865933032838860,15.0,36.68,0.0,03/09/2025 17:10:30,13.031048,80.0345,034500,2025-09-04T23:24:54.490010
TN 01 BU 2283,865933032838860,26.0,37.48,0.0,03/09/2025 17:09:31,13.028003,80.02938,029380,2025-09-04T23:24:54.490153
TN 01 BU 2283,865933032838860,33.0,38.2,0.0,03/09/2025 17:08:32,13.024121,80.023109,023109,2025-09-04T23:24:54.490346
TN 01 BU 2283,865933032838860,26.0,38.72,0.0,03/09/2025 17:07:37,13.022245,80.016799,016799,2025-09-04T23:24:54.490521
TN 01 BU 2283,865933032838860,60.0,39.03,0.0,03/09/2025 17:06:59,13.019671,80.012733,012733,2025-09-04T23:24:54.490680
TN 01 BU 2283,865933032838860,0.0,39.03,0.0,03/09/2025 17:06:00,13.018191,80.010368,010368,2025-09-04T23:24:54.490825
TN 01 BU 2283,865933032838860,51.0,39.68,0.0,03/09/2025 17:05:01,13.015926,80.005348,005348,2025-09-04T23:24:54.491021
TN 01 BU 2283,865933032838860,12.0,40.2,0.0,03/09/2025 17:04:49,13.015359,80.004249,004249,2025-09-04T23:24:54.491239
TN 01 BU 2283,865933032838860,1.0,40.7,0.0,03/09/2025 17:04:40,13.015101,80.004165,004165,2025-09-04T23:24:54.491450
TN 01 BU 2283,865933032838860,11.0,41.08,0.0,03/09/2025 17:03:41,13.014563,80.003349,003349,2025-09-04T23:24:54.491644
TN 01 BU 2283,865933032838860,12.0,41.1,0.0,03/09/2025 17:02:42,13.012458,80.000488,000488,2025-09-04T23:24:54.491840
TN 01 BU 2283,865933032838860,6.0,41.13,0.0,03/09/2025 17:02:37,13.012348,80.000488,000488,2025-09-04T23:24:54.492006
TN 01 BU 2283,865933032838860,8.0,41.16,0.0,03/09/2025 17:02:36,13.012318,80.000488,000488,2025-09-04T23:24:54.492143
TN 01 BU 2283,865933032838860,14.0,41.27,0.0,03/09/2025 17:02:29,13.012051,80.000617,000617,2025-09-04T23:24:54.492324
TN 01 BU 2283,865933032838860,26.0,41.3,0.0,03/09/2025 17:02:12,13.01128,80.001182,001182,2025-09-04T23:24:54.492516
TN 01 BU 2283,865933032838860,22.0,41.37,0.0,03/09/2025 17:02:07,13.011052,80.001411,001411,2025-09-04T23:24:54.492693
TN 01 BU 2283,865933032838860,12.0,41.43,0.0,03/09/2025 17:01:56,13.010767,80.00193,001930,2025-09-04T23:24:54.492861
TN 01 BU 2283,865933032838860,6.0,41.49,0.0,03/09/2025 17:01:41,13.010457,80.00238,002380,2025-09-04T23:24:54.493001
TN 01 BU 2283,865933032838860,7.0,41.51,0.0,03/09/2025 17:01:16,13.01014,80.00283,002830,2025-09-04T23:24:54.493136
TN 01 BU 2283,865933032838860,7.0,41.55,0.0,03/09/2025 17:01:08,13.010026,80.003013,003013,2025-09-04T23:24:54.493277
TN 01 BU 2283,865933032838860,10.0,41.63,0.0,03/09/2025 17:00:55,13.009819,80.003242,003242,2025-09-04T23:24:54.493430
TN 01 BU 2283,865933032838860,10.0,41.69,0.0,03/09/2025 17:00:45,13.009521,80.003288,003288,2025-09-04T23:24:54.493566
TN 01 BU 2283,865933032838860,5.0,41.69,0.0,03/09/2025 17:00:41,13.009226,80.003753,003753,2025-09-04T23:24:54.493671
TN 01 BU 2283,865933032838860,0.0,41.69,0.0,03/09/2025 16:59:42,13.009226,80.003753,003753,2025-09-04T23:24:54.493825
TN 01 BU 2283,865933032838860,0.0,41.69,0.0,03/09/2025 16:59:42,13.009226,80.003753,003753,2025-09-04T23:24:54.493982
TN 01 BU 2283,865933032838860,6.0,41.81,0.0,03/09/2025 16:58:43,13.009286,80.004043,004043,2025-09-04T23:24:54.494124
TN 01 BU 2283,865933032838860,15.0,41.88,0.0,03/09/2025 16:57:44,13.009307,80.005111,005111,2025-09-04T23:24:54.494251
TN 01 BU 2283,865933032838860,3.0,41.88,0.0,03/09/2025 16:57:36,13.009858,80.005409,005409,2025-09-04T23:24:54.494387
TN 01 BU 2283,865933032838860,3.0,41.88,0.0,03/09/2025 16:56:37,13.009858,80.005409,005409,2025-09-04T23:24:54.494507
TN 01 BU 2283,865933032838860,0.0,41.88,0.0,03/09/2025 16:55:38,13.009858,80.005409,005409,2025-09-04T23:24:54.494640
TN 01 BU 2283,865933032838860,0.0,41.88,0.0,03/09/2025 16:54:38,13.009858,80.005409,005409,2025-09-04T23:24:54.494775
TN 01 BU 2283,865933032838860,0.0,41.88,0.0,03/09/2025 16:53:39,13.009858,80.005409,005409,2025-09-04T23:24:54.494916
TN 01 BU 2283,865933032838860,0.0,41.88,0.0,03/09/2025 16:52:40,13.009858,80.005409,005409,2025-09-04T23:24:54.495048
TN 01 BU 2283,865933032838860,0.0,41.88,0.0,03/09/2025 16:51:41,13.009858,80.005409,005409,2025-09-04T23:24:54.495181
TN 01 BU 2283,865933032838860,0.0,41.88,0.0,03/09/2025 16:50:41,13.009858,80.005409,005409,2025-09-04T23:24:54.495309
TN 01 BU 2283,865933032838860,0.0,41.88,0.0,03/09/2025 16:49:42,13.009858,80.005409,005409,2025-09-04T23:24:54.495432
TN 01 BU 2283,865933032838860,0.0,41.88,0.0,03/09/2025 16:48:43,13.009858,80.005409,005409,2025-09-04T23:24:54.495552
TN 01 BU 2283,865933032838860,0.0,41.88,0.0,03/09/2025 16:47:43,13.009858,80.005409,005409,2025-09-04T23:24:54.495668
TN 01 BU 2283,865933032838860,1.0,41.88,0.0,03/09/2025 16:46:44,13.009858,80.005409,005409,2025-09-04T23:24:54.495806
TN 01 BU 2283,865933032838860,0.0,41.88,0.0,03/09/2025 16:45:45,13.009858,80.005409,005409,2025-09-04T23:24:54.495940
TN 01 BU 2283,865933032838860,0.0,41.88,0.0,03/09/2025 16:44:46,13.009858,80.005409,005409,2025-09-04T23:24:54.496063
TN 01 BU 2283,865933032838860,0.0,41.88,0.0,03/09/2025 16:43:46,13.009858,80.005409,005409,2025-09-04T23:24:54.496188
TN 01 BU 2283,865933032838860,0.0,41.88,0.0,03/09/2025 16:42:47,13.009858,80.005409,005409,2025-09-04T23:24:54.496312
TN 01 BU 2283,865933032838860,0.0,41.88,0.0,03/09/2025 16:41:48,13.009858,80.005409,005409,2025-09-04T23:24:54.496423
TN 01 BU 2283,865933032838860,0.0,41.88,0.0,03/09/2025 16:40:49,13.009858,80.005409,005409,2025-09-04T23:24:54.496582
TN 01 BU 2283,865933032838860,0.0,41.88,0.0,03/09/2025 16:39:49,13.009858,80.005409,005409,2025-09-04T23:24:54.496752
TN 01 BU 2283,865933032838860,0.0,41.88,0.0,03/09/2025 16:38:50,13.009858,80.005409,005409,2025-09-04T23:24:54.496928
TN 01 BU 2283,865933032838860,0.0,41.88,0.0,03/09/2025 16:37:51,13.009858,80.005409,005409,2025-09-04T23:24:54.497100
TN 01 BU 2283,865933032838860,0.0,41.88,0.0,03/09/2025 16:36:51,13.009858,80.005409,005409,2025-09-04T23:24:54.497251
TN 01 BU 2283,865933032838860,0.0,41.88,0.0,03/09/2025 16:35:52,13.009858,80.005409,005409,2025-09-04T23:24:54.497377
TN 01 BU 2283,865933032838860,0.0,41.88,0.0,03/09/2025 16:34:53,13.009858,80.005409,005409,2025-09-04T23:24:54.497532
TN 01 BU 2283,865933032838860,0.0,41.88,0.0,03/09/2025 16:33:54,13.009858,80.005409,005409,2025-09-04T23:24:54.497675
TN 01 BU 2283,865933032838860,0.0,41.88,0.0,03/09/2025 16:32:54,13.009858,80.005409,005409,2025-09-04T23:24:54.497897
TN 01 BU 2283,865933032838860,0.0,41.88,0.0,03/09/2025 16:31:55,13.009858,80.005409,005409,2025-09-04T23:24:54.498100
TN 01 BU 2283,865933032838860,0.0,41.88,0.0,03/09/2025 16:30:56,13.009858,80.005409,005409,2025-09-04T23:24:54.498284
TN 01 BU 2283,865933032838860,0.0,41.88,0.0,03/09/2025 16:29:57,13.009858,80.005409,005409,2025-09-04T23:24:54.498447
TN 01 BU 2283,865933032838860,0.0,41.88,0.0,03/09/2025 16:28:57,13.009858,80.005409,005409,2025-09-04T23:24:54.498585
TN 01 BU 2283,865933032838860,0.0,41.88,0.0,03/09/2025 16:27:58,13.009858,80.005409,005409,2025-09-04T23:24:54.498742
TN 01 BU 2283,865933032838860,0.0,41.88,0.0,03/09/2025 16:26:59,13.009858,80.005409,005409,2025-09-04T23:24:54.498853
TN 01 BU 2283,865933032838860,0.0,41.88,0.0,03/09/2025 16:25:59,13.009858,80.005409,005409,2025-09-04T23:24:54.498968
TN 01 BU 2283,865933032838860,0.0,41.88,0.0,03/09/2025 16:25:00,13.009858,80.005409,005409,2025-09-04T23:24:54.499107
TN 01 BU 2283,865933032838860,0.0,41.88,0.0,03/09/2025 16:24:01,13.009858,80.005409,005409,2025-09-04T23:24:54.499234
TN 01 BU 2283,865933032838860,0.0,41.88,0.0,03/09/2025 16:23:01,13.009858,80.005409,005409,2025-09-04T23:24:54.499357
TN 01 BU 2283,865933032838860,0.0,41.88,0.0,03/09/2025 16:22:02,13.009858,80.005409,005409,2025-09-04T23:24:54.499484
TN 01 BU 2283,865933032838860,0.0,41.88,0.0,03/09/2025 16:21:03,13.009858,80.005409,005409,2025-09-04T23:24:54.499606
TN 01 BU 2283,865933032838860,0.0,41.88,0.0,03/09/2025 16:20:03,13.009858,80.005409,005409,2025-09-04T23:24:54.499723
TN 01 BU 2283,865933032838860,0.0,41.88,0.0,03/09/2025 16:19:04,13.009858,80.005409,005409,2025-09-04T23:24:54.499855
TN 01 BU 2283,865933032838860,0.0,41.88,0.0,03/09/2025 16:18:05,13.009858,80.005409,005409,2025-09-04T23:24:54.499978
TN 01 BU 2283,865933032838860,0.0,41.88,0.0,03/09/2025 16:17:05,13.009858,80.005409,005409,2025-09-04T23:24:54.500089
TN 01 BU 2283,865933032838860,0.0,41.88,0.0,03/09/2025 16:16:06,13.009858,80.005409,005409,2025-09-04T23:24:54.500215
TN 01 BU 2283,865933032838860,0.0,41.88,0.0,03/09/2025 16:15:07,13.009858,80.005409,005409,2025-09-04T23:24:54.500320
TN 01 BU 2283,865933032838860,0.0,41.88,0.0,03/09/2025 16:14:07,13.009858,80.005409,005409,2025-09-04T23:24:54.500432
TN 01 BU 2283,865933032838860,0.0,41.88,0.0,03/09/2025 16:13:08,13.009858,80.005409,005409,2025-09-04T23:24:54.500563
TN 01 BU 2283,865933032838860,0.0,41.88,0.0,03/09/2025 16:12:09,13.009858,80.005409,005409,2025-09-04T23:24:54.500701
TN 01 BU 2283,865933032838860,0.0,41.88,0.0,03/09/2025 16:11:09,13.009858,80.005409,005409,2025-09-04T23:24:54.500827
TN 01 BU 2283,865933032838860,1.0,41.88,0.0,03/09/2025 16:10:10,13.009858,80.005409,005409,2025-09-04T23:24:54.500954
TN 01 BU 2283,865933032838860,0.0,41.88,0.0,03/09/2025 16:09:10,13.009858,80.005409,005409,2025-09-04T23:24:54.501087
TN 01 BU 2283,865933032838860,0.0,41.88,0.0,03/09/2025 16:08:11,13.009858,80.005409,005409,2025-09-04T23:24:54.501212
TN 01 BU 2283,865933032838860,0.0,41.88,0.0,03/09/2025 16:07:12,13.009858,80.005409,005409,2025-09-04T23:24:54.501341
TN 01 BU 2283,865933032838860,0.0,41.88,0.0,03/09/2025 16:06:12,13.009858,80.005409,005409,2025-09-04T23:24:54.501459
TN 01 BU 2283,865933032838860,0.0,41.88,0.0,03/09/2025 16:05:13,13.009858,80.005409,005409,2025-09-04T23:24:54.501604
TN 01 BU 2283,865933032838860,0.0,41.88,0.0,03/09/2025 16:04:14,13.009858,80.005409,005409,2025-09-04T23:24:54.501766
TN 01 BU 2283,865933032838860,0.0,41.88,0.0,03/09/2025 16:03:14,13.009858,80.005409,005409,2025-09-04T23:24:54.501924
TN 01 BU 2283,865933032838860,0.0,41.88,0.0,03/09/2025 16:02:15,13.009858,80.005409,005409,2025-09-04T23:24:54.502118
TN 01 BU 2283,865933032838860,0.0,41.88,0.0,03/09/2025 16:01:16,13.009858,80.005409,005409,2025-09-04T23:24:54.502287
TN 01 BU 2283,865933032838860,0.0,41.88,0.0,03/09/2025 16:00:16,13.009858,80.005409,005409,2025-09-04T23:24:54.502438
TN 01 BU 2283,865933032838860,0.0,41.88,0.0,03/09/2025 15:59:17,13.009858,80.005409,005409,2025-09-04T23:24:54.502540
TN 01 BU 2283,865933032838860,0.0,41.88,0.0,03/09/2025 15:58:17,13.009858,80.005409,005409,2025-09-04T23:24:54.502664
TN 01 BU 2283,865933032838860,0.0,41.88,0.0,03/09/2025 15:57:18,13.009858,80.005409,005409,2025-09-04T23:24:54.502791
TN 01 BU 2283,865933032838860,0.0,41.88,0.0,03/09/2025 15:56:19,13.009858,80.005409,005409,2025-09-04T23:24:54.502889
TN 01 BU 2283,865933032838860,0.0,41.88,0.0,03/09/2025 15:55:19,13.009858,80.005409,005409,2025-09-04T23:24:54.502981
TN 01 BU 2283,865933032838860,0.0,41.88,0.0,03/09/2025 15:54:20,13.009858,80.005409,005409,2025-09-04T23:24:54.503095
TN 01 BU 2283,865933032838860,0.0,41.88,0.0,03/09/2025 15:53:21,13.009858,80.005409,005409,2025-09-04T23:24:54.503278
TN 01 BU 2283,865933032838860,0.0,41.88,0.0,03/09/2025 15:52:21,13.009858,80.005409,005409,2025-09-04T23:24:54.503456
TN 01 BU 2283,865933032838860,0.0,41.88,0.0,03/09/2025 15:51:22,13.009858,80.005409,005409,2025-09-04T23:24:54.503618
TN 01 BU 2283,865933032838860,0.0,41.88,0.0,03/09/2025 15:50:22,13.009858,80.005409,005409,2025-09-04T23:24:54.503760
TN 01 BU 2283,865933032838860,0.0,41.88,0.0,03/09/2025 15:49:23,13.009858,80.005409,005409,2025-09-04T23:24:54.503907
TN 01 BU 2283,865933032838860,0.0,41.88,0.0,03/09/2025 15:48:23,13.009858,80.005409,005409,2025-09-04T23:24:54.504070
TN 01 BU 2283,865933032838860,0.0,41.88,0.0,03/09/2025 15:47:24,13.009858,80.005409,005409,2025-09-04T23:24:54.504270
TN 01 BU 2283,865933032838860,0.0,41.88,0.0,03/09/2025 15:46:25,13.009858,80.005409,005409,2025-09-04T23:24:54.504518
TN 01 BU 2283,865933032838860,0.0,41.88,0.0,03/09/2025 15:45:25,13.009858,80.005409,005409,2025-09-04T23:24:54.504718
TN 01 BU 2283,865933032838860,0.0,41.88,0.0,03/09/2025 15:44:26,13.009858,80.005409,005409,2025-09-04T23:24:54.504929
TN 01 BU 2283,865933032838860,0.0,41.88,0.0,03/09/2025 15:43:26,13.009858,80.005409,005409,2025-09-04T23:24:54.505122
TN 01 BU 2283,865933032838860,0.0,41.88,0.0,03/09/2025 15:42:27,13.009858,80.005409,005409,2025-09-04T23:24:54.505306
TN 01 BU 2283,865933032838860,0.0,41.88,0.0,03/09/2025 15:41:27,13.009858,80.005409,005409,2025-09-04T23:24:54.505444
TN 01 BU 2283,865933032838860,0.0,41.88,0.0,03/09/2025 15:40:28,13.009858,80.005409,005409,2025-09-04T23:24:54.505599
TN 01 BU 2283,865933032838860,0.0,41.88,0.0,03/09/2025 15:39:29,13.009858,80.005409,005409,2025-09-04T23:24:54.505752
TN 01 BU 2283,865933032838860,0.0,41.88,0.0,03/09/2025 15:38:29,13.009858,80.005409,005409,2025-09-04T23:24:54.505896
TN 01 BU 2283,865933032838860,0.0,41.88,0.0,03/09/2025 15:37:30,13.009858,80.005409,005409,2025-09-04T23:24:54.506027
TN 01 BU 2283,865933032838860,0.0,41.88,0.0,03/09/2025 15:36:30,13.009858,80.005409,005409,2025-09-04T23:24:54.506165
TN 01 BU 2283,865933032838860,0.0,41.88,0.0,03/09/2025 15:35:31,13.009858,80.005409,005409,2025-09-04T23:24:54.506296
TN 01 BU 2283,865933032838860,0.0,41.88,0.0,03/09/2025 15:34:31,13.009858,80.005409,005409,2025-09-04T23:24:54.506432
TN 01 BU 2283,865933032838860,0.0,41.88,0.0,03/09/2025 15:33:32,13.009858,80.005409,005409,2025-09-04T23:24:54.506594
TN 01 BU 2283,865933032838860,0.0,41.88,0.0,03/09/2025 15:32:32,13.009858,80.005409,005409,2025-09-04T23:24:54.506789
TN 01 BU 2283,865933032838860,0.0,41.88,0.0,03/09/2025 15:31:33,13.009858,80.005409,005409,2025-09-04T23:24:54.506976
TN 01 BU 2283,865933032838860,0.0,41.88,0.0,03/09/2025 15:30:33,13.009858,80.005409,005409,2025-09-04T23:24:54.507130
TN 01 BU 2283,865933032838860,0.0,41.88,0.0,03/09/2025 15:29:34,13.009858,80.005409,005409,2025-09-04T23:24:54.507302
TN 01 BU 2283,865933032838860,0.0,41.88,0.0,03/09/2025 15:28:34,13.009858,80.005409,005409,2025-09-04T23:24:54.507419
TN 01 BU 2283,865933032838860,0.0,41.88,0.0,03/09/2025 15:27:35,13.009858,80.005409,005409,2025-09-04T23:24:54.507518
TN 01 BU 2283,865933032838860,0.0,41.88,0.0,03/09/2025 15:26:36,13.009858,80.005409,005409,2025-09-04T23:24:54.507687
TN 01 BU 2283,865933032838860,0.0,41.88,0.0,03/09/2025 15:25:36,13.009858,80.005409,005409,2025-09-04T23:24:54.507845
TN 01 BU 2283,865933032838860,0.0,41.88,0.0,03/09/2025 15:24:37,13.009858,80.005409,005409,2025-09-04T23:24:54.507987
TN 01 BU 2283,865933032838860,0.0,41.88,0.0,03/09/2025 15:23:37,13.009858,80.005409,005409,2025-09-04T23:24:54.508154
TN 01 BU 2283,865933032838860,0.0,41.88,0.0,03/09/2025 15:22:38,13.009858,80.005409,005409,2025-09-04T23:24:54.508294
TN 01 BU 2283,865933032838860,0.0,41.88,0.0,03/09/2025 15:21:38,13.009858,80.005409,005409,2025-09-04T23:24:54.508453
TN 01 BU 2283,865933032838860,0.0,41.88,0.0,03/09/2025 15:20:39,13.009858,80.005409,005409,2025-09-04T23:24:54.508590
TN 01 BU 2283,865933032838860,0.0,41.88,0.0,03/09/2025 15:19:39,13.009858,80.005409,005409,2025-09-04T23:24:54.508699
TN 01 BU 2283,865933032838860,0.0,41.88,0.0,03/09/2025 15:18:40,13.009858,80.005409,005409,2025-09-04T23:24:54.508820
TN 01 BU 2283,865933032838860,1.0,41.88,0.0,03/09/2025 15:17:40,13.009858,80.005409,005409,2025-09-04T23:24:54.508945
TN 01 BU 2283,865933032838860,0.0,41.88,0.0,03/09/2025 15:16:41,13.009858,80.005409,005409,2025-09-04T23:24:54.509071
TN 01 BU 2283,865933032838860,0.0,41.88,0.0,03/09/2025 15:15:41,13.009858,80.005409,005409,2025-09-04T23:24:54.509187
TN 01 BU 2283,865933032838860,0.0,41.88,0.0,03/09/2025 15:14:42,13.009858,80.005409,005409,2025-09-04T23:24:54.509320
TN 01 BU 2283,865933032838860,0.0,41.88,0.0,03/09/2025 15:13:42,13.009858,80.005409,005409,2025-09-04T23:24:54.509454
TN 01 BU 2283,865933032838860,0.0,41.88,0.0,03/09/2025 15:12:43,13.009858,80.005409,005409,2025-09-04T23:24:54.509587
TN 01 BU 2283,865933032838860,0.0,41.88,0.0,03/09/2025 15:11:43,13.009858,80.005409,005409,2025-09-04T23:24:54.509711
TN 01 BU 2283,865933032838860,7.0,41.91,0.0,03/09/2025 15:10:44,13.009876,80.005409,005409,2025-09-04T23:24:54.509866
TN 01 BU 2283,865933032838860,7.0,41.94,0.0,03/09/2025 15:10:28,13.010118,80.005554,005554,2025-09-04T23:24:54.510009
TN 01 BU 2283,865933032838860,7.0,42.02,0.0,03/09/2025 15:10:12,13.010332,80.005729,005729,2025-09-04T23:24:54.510152
TN 01 BU 2283,865933032838860,2.0,42.07,0.0,03/09/2025 15:09:49,13.010693,80.005126,005126,2025-09-04T23:24:54.510281
TN 01 BU 2283,865933032838860,6.0,42.12,0.0,03/09/2025 15:08:50,13.010663,80.004653,004653,2025-09-04T23:24:54.510425
TN 01 BU 2283,865933032838860,0.0,42.12,0.0,03/09/2025 15:07:55,13.010698,80.004188,004188,2025-09-04T23:24:54.510547
TN 01 BU 2283,865933032838860,0.0,42.12,0.0,03/09/2025 15:06:56,13.010698,80.004188,004188,2025-09-04T23:24:54.510663
TN 01 BU 2283,865933032838860,0.0,42.12,0.0,03/09/2025 15:05:56,13.010698,80.004188,004188,2025-09-04T23:24:54.510776
TN 01 BU 2283,865933032838860,0.0,42.12,0.0,03/09/2025 15:04:57,13.010698,80.004188,004188,2025-09-04T23:24:54.510921
TN 01 BU 2283,865933032838860,0.0,42.12,0.0,03/09/2025 15:03:57,13.010698,80.004188,004188,2025-09-04T23:24:54.511049
TN 01 BU 2283,865933032838860,0.0,42.12,0.0,03/09/2025 15:02:58,13.010698,80.004188,004188,2025-09-04T23:24:54.511182
TN 01 BU 2283,865933032838860,0.0,42.12,0.0,03/09/2025 15:01:58,13.010698,80.004188,004188,2025-09-04T23:24:54.511315
TN 01 BU 2283,865933032838860,0.0,42.12,0.0,03/09/2025 15:00:59,13.010698,80.004188,004188,2025-09-04T23:24:54.511432
TN 01 BU 2283,865933032838860,0.0,42.12,0.0,03/09/2025 14:59:59,13.010698,80.004188,004188,2025-09-04T23:24:54.511606
TN 01 BU 2283,865933032838860,0.0,42.12,0.0,03/09/2025 14:59:00,13.010698,80.004188,004188,2025-09-04T23:24:54.511766
TN 01 BU 2283,865933032838860,0.0,42.12,0.0,03/09/2025 14:58:00,13.010698,80.004188,004188,2025-09-04T23:24:54.511928
TN 01 BU 2283,865933032838860,0.0,42.12,0.0,03/09/2025 14:57:01,13.010698,80.004188,004188,2025-09-04T23:24:54.512099
TN 01 BU 2283,865933032838860,0.0,42.12,0.0,03/09/2025 14:56:01,13.010698,80.004188,004188,2025-09-04T23:24:54.512265
TN 01 BU 2283,865933032838860,0.0,42.12,0.0,03/09/2025 14:55:02,13.010698,80.004188,004188,2025-09-04T23:24:54.512427
TN 01 BU 2283,865933032838860,0.0,42.12,0.0,03/09/2025 14:54:02,13.010698,80.004188,004188,2025-09-04T23:24:54.512602
TN 01 BU 2283,865933032838860,0.0,42.12,0.0,03/09/2025 14:53:03,13.010698,80.004188,004188,2025-09-04T23:24:54.512770
TN 01 BU 2283,865933032838860,0.0,42.12,0.0,03/09/2025 14:52:03,13.010698,80.004188,004188,2025-09-04T23:24:54.513099
TN 01 BU 2283,865933032838860,0.0,42.12,0.0,03/09/2025 14:51:04,13.010698,80.004188,004188,2025-09-04T23:24:54.513275
TN 01 BU 2283,865933032838860,0.0,42.12,0.0,03/09/2025 14:50:04,13.010698,80.004188,004188,2025-09-04T23:24:54.513394
TN 01 BU 2283,865933032838860,0.0,42.12,0.0,03/09/2025 14:49:05,13.010698,80.004188,004188,2025-09-04T23:24:54.513522
TN 01 BU 2283,865933032838860,0.0,42.12,0.0,03/09/2025 14:48:05,13.010698,80.004188,004188,2025-09-04T23:24:54.513686
TN 01 BU 2283,865933032838860,0.0,42.12,0.0,03/09/2025 14:47:06,13.010698,80.004188,004188,2025-09-04T23:24:54.513834
TN 01 BU 2283,865933032838860,0.0,42.12,0.0,03/09/2025 14:46:06,13.010698,80.004188,004188,2025-09-04T23:24:54.513974
TN 01 BU 2283,865933032838860,9.0,42.19,0.0,03/09/2025 14:45:07,13.010616,80.003692,003692,2025-09-04T23:24:54.514117
TN 01 BU 2283,865933032838860,8.0,42.24,0.0,03/09/2025 14:44:45,13.010576,80.003028,003028,2025-09-04T23:24:54.514269
TN 01 BU 2283,865933032838860,8.0,42.27,0.0,03/09/2025 14:44:27,13.010499,80.002586,002586,2025-09-04T23:24:54.514419
TN 01 BU 2283,865933032838860,5.0,42.34,0.0,03/09/2025 14:44:20,13.010266,80.002655,002655,2025-09-04T23:24:54.514573
TN 01 BU 2283,865933032838860,8.0,42.36,0.0,03/09/2025 14:43:21,13.009853,80.003173,003173,2025-09-04T23:24:54.514710
TN 01 BU 2283,865933032838860,6.0,42.38,0.0,03/09/2025 14:43:11,13.009713,80.003265,003265,2025-09-04T23:24:54.514854
TN 01 BU 2283,865933032838860,7.0,42.45,0.0,03/09/2025 14:42:59,13.009673,80.003509,003509,2025-09-04T23:24:54.515046
TN 01 BU 2283,865933032838860,7.0,42.47,0.0,03/09/2025 14:42:19,13.009148,80.003799,003799,2025-09-04T23:24:54.515202
TN 01 BU 2283,865933032838860,7.0,42.47,0.0,03/09/2025 14:42:19,13.009148,80.003799,003799,2025-09-04T23:24:54.515355
TN 01 BU 2283,865933032838860,6.0,42.55,0.0,03/09/2025 14:42:05,13.008948,80.003746,003746,2025-09-04T23:24:54.515574
TN 01 BU 2283,865933032838860,0.0,42.55,0.0,03/09/2025 14:41:49,13.008279,80.003608,003608,2025-09-04T23:24:54.515786
TN 01 BU 2283,865933032838860,7.0,42.62,0.0,03/09/2025 14:40:50,13.008275,80.002944,002944,2025-09-04T23:24:54.515975
TN 01 BU 2283,865933032838860,7.0,42.64,0.0,03/09/2025 14:40:28,13.008355,80.002342,002342,2025-09-04T23:24:54.516152
TN 01 BU 2283,865933032838860,6.0,42.66,0.0,03/09/2025 14:40:26,13.008357,80.002304,002304,2025-09-04T23:24:54.516283
TN 01 BU 2283,865933032838860,7.0,42.7,0.0,03/09/2025 14:40:18,13.008364,80.00212,002120,2025-09-04T23:24:54.516432
TN 01 BU 2283,865933032838860,1.0,42.7,0.0,03/09/2025 14:39:37,13.008433,80.001823,001823,2025-09-04T23:24:54.516661
TN 01 BU 2283,865933032838860,0.0,42.7,0.0,03/09/2025 14:38:38,13.008433,80.001823,001823,2025-09-04T23:24:54.516994
TN 01 BU 2283,865933032838860,0.0,42.7,0.0,03/09/2025 14:37:38,13.008433,80.001823,001823,2025-09-04T23:24:54.517134
TN 01 BU 2283,865933032838860,0.0,42.7,0.0,03/09/2025 14:36:39,13.008433,80.001823,001823,2025-09-04T23:24:54.517295
TN 01 BU 2283,865933032838860,1.0,42.7,0.0,03/09/2025 14:35:39,13.008433,80.001823,001823,2025-09-04T23:24:54.517492
TN 01 BU 2283,865933032838860,0.0,42.7,0.0,03/09/2025 14:34:40,13.008433,80.001823,001823,2025-09-04T23:24:54.517665
TN 01 BU 2283,865933032838860,1.0,42.7,0.0,03/09/2025 14:33:40,13.008433,80.001823,001823,2025-09-04T23:24:54.517924
TN 01 BU 2283,865933032838860,3.0,42.7,0.0,03/09/2025 14:32:41,13.008433,80.001823,001823,2025-09-04T23:24:54.518145
TN 01 BU 2283,865933032838860,2.0,42.7,0.0,03/09/2025 14:31:41,13.008433,80.001823,001823,2025-09-04T23:24:54.518355
TN 01 BU 2283,865933032838860,2.0,42.74,0.0,03/09/2025 14:30:42,13.008433,80.001823,001823,2025-09-04T23:24:54.518561
TN 01 BU 2283,865933032838860,8.0,42.79,0.0,03/09/2025 14:29:43,13.008419,80.001823,001823,2025-09-04T23:24:54.518759
TN 01 BU 2283,865933032838860,2.0,42.81,0.0,03/09/2025 14:29:34,13.008311,80.002105,002105,2025-09-04T23:24:54.518951
TN 01 BU 2283,865933032838860,8.0,42.84,0.0,03/09/2025 14:28:35,13.00833,80.002265,002265,2025-09-04T23:24:54.519088
TN 01 BU 2283,865933032838860,8.0,42.84,0.0,03/09/2025 14:28:35,13.00833,80.002265,002265,2025-09-04T23:24:54.519258
TN 01 BU 2283,865933032838860,13.0,42.85,0.0,03/09/2025 14:28:32,13.008316,80.002365,002365,2025-09-04T23:24:54.519400
TN 01 BU 2283,865933032838860,13.0,42.85,0.0,03/09/2025 14:28:32,13.008316,80.002365,002365,2025-09-04T23:24:54.519538
TN 01 BU 2283,865933032838860,13.0,42.94,0.0,03/09/2025 14:28:29,13.008308,80.002502,002502,2025-09-04T23:24:54.519685
TN 01 BU 2283,865933032838860,8.0,42.96,0.0,03/09/2025 14:28:00,13.008373,80.003318,003318,2025-09-04T23:24:54.519834
TN 01 BU 2283,865933032838860,14.0,42.99,0.0,03/09/2025 14:27:54,13.008378,80.003501,003501,2025-09-04T23:24:54.519994
TN 01 BU 2283,865933032838860,9.0,43.06,0.0,03/09/2025 14:27:46,13.008366,80.003776,003776,2025-09-04T23:24:54.520140
TN 01 BU 2283,865933032838860,10.0,43.07,0.0,03/09/2025 14:27:20,13.009004,80.003807,003807,2025-09-04T23:24:54.520287
TN 01 BU 2283,865933032838860,6.0,43.1,0.0,03/09/2025 14:27:15,13.009104,80.003776,003776,2025-09-04T23:24:54.520421
TN 01 BU 2283,865933032838860,2.0,43.1,0.0,03/09/2025 14:27:02,13.008903,80.003845,003845,2025-09-04T23:24:54.520548
TN 01 BU 2283,865933032838860,2.0,43.1,0.0,03/09/2025 14:26:03,13.008903,80.003845,003845,2025-09-04T23:24:54.520687
TN 01 BU 2283,865933032838860,10.0,43.14,0.0,03/09/2025 14:25:04,13.008852,80.003852,003852,2025-09-04T23:24:54.520817
TN 01 BU 2283,865933032838860,9.0,43.27,0.0,03/09/2025 14:24:50,13.008473,80.003837,003837,2025-09-04T23:24:54.520971
TN 01 BU 2283,865933032838860,8.0,43.31,0.0,03/09/2025 14:24:10,13.008317,80.002601,002601,2025-09-04T23:24:54.521121
TN 01 BU 2283,865933032838860,8.0,43.34,0.0,03/09/2025 14:23:56,13.008331,80.002304,002304,2025-09-04T23:24:54.521266
TN 01 BU 2283,865933032838860,5.0,43.34,0.0,03/09/2025 14:23:52,13.008399,80.001976,001976,2025-09-04T23:24:54.521394
TN 01 BU 2283,865933032838860,6.0,43.36,0.0,03/09/2025 14:22:53,13.008381,80.001998,001998,2025-09-04T23:24:54.521572
TN 01 BU 2283,865933032838860,11.0,43.43,0.0,03/09/2025 14:22:48,13.008306,80.002136,002136,2025-09-04T23:24:54.521727
TN 01 BU 2283,865933032838860,6.0,43.53,0.0,03/09/2025 14:22:20,13.008301,80.002838,002838,2025-09-04T23:24:54.521921
TN 01 BU 2283,865933032838860,10.0,43.57,0.0,03/09/2025 14:21:57,13.00835,80.003746,003746,2025-09-04T23:24:54.522087
TN 01 BU 2283,865933032838860,15.0,43.6,0.0,03/09/2025 14:21:41,13.0087,80.00386,003860,2025-09-04T23:24:54.522243
TN 01 BU 2283,865933032838860,12.0,43.61,0.0,03/09/2025 14:21:35,13.008957,80.00389,003890,2025-09-04T23:24:54.522382
TN 01 BU 2283,865933032838860,8.0,43.61,0.0,03/09/2025 14:21:31,13.009048,80.003868,003868,2025-09-04T23:24:54.522550
TN 01 BU 2283,865933032838860,6.0,43.61,0.0,03/09/2025 14:21:30,13.009066,80.00386,003860,2025-09-04T23:24:54.522698
TN 01 BU 2283,865933032838860,6.0,43.64,0.0,03/09/2025 14:21:27,13.009103,80.003822,003822,2025-09-04T23:24:54.522827
TN 01 BU 2283,865933032838860,6.0,43.66,0.0,03/09/2025 14:21:21,13.009191,80.003791,003791,2025-09-04T23:24:54.522975
TN 01 BU 2283,865933032838860,12.0,43.67,0.0,03/09/2025 14:21:19,13.009256,80.003784,003784,2025-09-04T23:24:54.523123
TN 01 BU 2283,865933032838860,11.0,43.67,0.0,03/09/2025 14:21:18,13.009331,80.003761,003761,2025-09-04T23:24:54.523268
TN 01 BU 2283,865933032838860,10.0,43.71,0.0,03/09/2025 14:21:17,13.009358,80.00373,003730,2025-09-04T23:24:54.523373
TN 01 BU 2283,865933032838860,13.0,43.74,0.0,03/09/2025 14:21:16,13.009365,80.003692,003692,2025-09-04T23:24:54.523494
TN 01 BU 2283,865933032838860,15.0,43.75,0.0,03/09/2025 14:21:11,13.009353,80.003471,003471,2025-09-04T23:24:54.523635
TN 01 BU 2283,865933032838860,10.0,43.75,0.0,03/09/2025 14:21:09,13.009341,80.003402,003402,2025-09-04T23:24:54.523778
TN 01 BU 2283,865933032838860,9.0,43.78,0.0,03/09/2025 14:21:07,13.009353,80.003356,003356,2025-09-04T23:24:54.523947
TN 01 BU 2283,865933032838860,10.0,43.81,0.0,03/09/2025 14:21:06,13.009366,80.003334,003334,2025-09-04T23:24:54.524129
TN 01 BU 2283,865933032838860,11.0,43.95,0.0,03/09/2025 14:20:48,13.009598,80.003219,003219,2025-09-04T23:24:54.524317
TN 01 BU 2283,865933032838860,15.0,43.97,0.0,03/09/2025 14:20:09,13.009784,80.004241,004241,2025-09-04T23:24:54.524476
TN 01 BU 2283,865933032838860,18.0,44.09,0.0,03/09/2025 14:20:05,13.009757,80.004455,004455,2025-09-04T23:24:54.524630
TN 01 BU 2283,865933032838860,18.0,44.09,0.0,03/09/2025 14:20:05,13.009757,80.004455,004455,2025-09-04T23:24:54.524794
TN 01 BU 2283,865933032838860,7.0,44.1,0.0,03/09/2025 14:19:29,13.009786,80.005546,005546,2025-09-04T23:24:54.524964
TN 01 BU 2283,865933032838860,1.0,44.1,0.0,03/09/2025 14:19:00,13.009713,80.005653,005653,2025-09-04T23:24:54.525106
TN 01 BU 2283,865933032838860,0.0,44.1,0.0,03/09/2025 14:18:01,13.009713,80.005653,005653,2025-09-04T23:24:54.525242
TN 01 BU 2283,865933032838860,0.0,44.1,0.0,03/09/2025 14:17:01,13.009713,80.005653,005653,2025-09-04T23:24:54.525353
TN 01 BU 2283,865933032838860,0.0,44.1,0.0,03/09/2025 14:16:02,13.009713,80.005653,005653,2025-09-04T23:24:54.525475
TN 01 BU 2283,865933032838860,0.0,44.1,0.0,03/09/2025 14:15:03,13.009713,80.005653,005653,2025-09-04T23:24:54.525608
TN 01 BU 2283,865933032838860,0.0,44.1,0.0,03/09/2025 14:14:03,13.009713,80.005653,005653,2025-09-04T23:24:54.525741
TN 01 BU 2283,865933032838860,0.0,44.1,0.0,03/09/2025 14:13:04,13.009713,80.005653,005653,2025-09-04T23:24:54.525894
TN 01 BU 2283,865933032838860,0.0,44.1,0.0,03/09/2025 14:12:05,13.009713,80.005653,005653,2025-09-04T23:24:54.526066
TN 01 BU 2283,865933032838860,0.0,44.1,0.0,03/09/2025 14:11:05,13.009713,80.005653,005653,2025-09-04T23:24:54.526216
TN 01 BU 2283,865933032838860,0.0,44.1,0.0,03/09/2025 14:10:06,13.009713,80.005653,005653,2025-09-04T23:24:54.526352
TN 01 BU 2283,865933032838860,0.0,44.1,0.0,03/09/2025 14:09:06,13.009713,80.005653,005653,2025-09-04T23:24:54.526488
TN 01 BU 2283,865933032838860,0.0,44.1,0.0,03/09/2025 14:08:07,13.009713,80.005653,005653,2025-09-04T23:24:54.526669
TN 01 BU 2283,865933032838860,0.0,44.1,0.0,03/09/2025 14:07:08,13.009713,80.005653,005653,2025-09-04T23:24:54.526878
TN 01 BU 2283,865933032838860,0.0,44.1,0.0,03/09/2025 14:06:08,13.009713,80.005653,005653,2025-09-04T23:24:54.527090
TN 01 BU 2283,865933032838860,0.0,44.1,0.0,03/09/2025 14:05:09,13.009713,80.005653,005653,2025-09-04T23:24:54.527259
TN 01 BU 2283,865933032838860,0.0,44.1,0.0,03/09/2025 14:04:09,13.009713,80.005653,005653,2025-09-04T23:24:54.527413
TN 01 BU 2283,865933032838860,0.0,44.1,0.0,03/09/2025 14:03:10,13.009713,80.005653,005653,2025-09-04T23:24:54.527565
TN 01 BU 2283,865933032838860,0.0,44.1,0.0,03/09/2025 14:02:11,13.009713,80.005653,005653,2025-09-04T23:24:54.527709
TN 01 BU 2283,865933032838860,0.0,44.1,0.0,03/09/2025 14:01:11,13.009713,80.005653,005653,2025-09-04T23:24:54.527896
TN 01 BU 2283,865933032838860,0.0,44.1,0.0,03/09/2025 14:00:12,13.009713,80.005653,005653,2025-09-04T23:24:54.528050
TN 01 BU 2283,865933032838860,1.0,44.1,0.0,03/09/2025 13:59:12,13.009713,80.005653,005653,2025-09-04T23:24:54.528192
TN 01 BU 2283,865933032838860,0.0,44.1,0.0,03/09/2025 13:58:13,13.009713,80.005653,005653,2025-09-04T23:24:54.528333
TN 01 BU 2283,865933032838860,0.0,44.1,0.0,03/09/2025 13:57:14,13.009713,80.005653,005653,2025-09-04T23:24:54.528506
TN 01 BU 2283,865933032838860,0.0,44.1,0.0,03/09/2025 13:56:14,13.009713,80.005653,005653,2025-09-04T23:24:54.528708
TN 01 BU 2283,865933032838860,0.0,44.1,0.0,03/09/2025 13:55:15,13.009713,80.005653,005653,2025-09-04T23:24:54.528939
TN 01 BU 2283,865933032838860,0.0,44.1,0.0,03/09/2025 13:54:15,13.009713,80.005653,005653,2025-09-04T23:24:54.529159
TN 01 BU 2283,865933032838860,0.0,44.1,0.0,03/09/2025 13:53:16,13.009713,80.005653,005653,2025-09-04T23:24:54.529363
TN 01 BU 2283,865933032838860,0.0,44.1,0.0,03/09/2025 13:52:17,13.009713,80.005653,005653,2025-09-04T23:24:54.529575
TN 01 BU 2283,865933032838860,0.0,44.1,0.0,03/09/2025 13:51:17,13.009713,80.005653,005653,2025-09-04T23:24:54.529755
TN 01 BU 2283,865933032838860,1.0,44.14,0.0,03/09/2025 13:50:18,13.009713,80.005653,005653,2025-09-04T23:24:54.530092
TN 01 BU 2283,865933032838860,7.0,44.17,0.0,03/09/2025 13:49:19,13.009713,80.005653,005653,2025-09-04T23:24:54.530294
TN 01 BU 2283,865933032838860,10.0,44.2,0.0,03/09/2025 13:49:17,13.009721,80.005607,005607,2025-09-04T23:24:54.530525
TN 01 BU 2283,865933032838860,13.0,44.2,0.0,03/09/2025 13:49:12,13.009757,80.005409,005409,2025-09-04T23:24:54.530756
TN 01 BU 2283,865933032838860,7.0,44.22,0.0,03/09/2025 13:49:10,13.009728,80.005332,005332,2025-09-04T23:24:54.531061
TN 01 BU 2283,865933032838860,7.0,44.22,0.0,03/09/2025 13:49:10,13.009728,80.005332,005332,2025-09-04T23:24:54.531286
TN 01 BU 2283,865933032838860,8.0,44.23,0.0,03/09/2025 13:49:09,13.009691,80.005317,005317,2025-09-04T23:24:54.531501
TN 01 BU 2283,865933032838860,8.0,44.23,0.0,03/09/2025 13:49:09,13.009691,80.005317,005317,2025-09-04T23:24:54.531762
TN 01 BU 2283,865933032838860,8.0,44.28,0.0,03/09/2025 13:49:05,13.009598,80.005264,005264,2025-09-04T23:24:54.531982
TN 01 BU 2283,865933032838860,23.0,44.44,0.0,03/09/2025 13:48:54,13.009146,80.005363,005363,2025-09-04T23:24:54.532229
TN 01 BU 2283,865933032838860,12.0,44.52,0.0,03/09/2025 13:48:32,13.008185,80.005294,005294,2025-09-04T23:24:54.532441
TN 01 BU 2283,865933032838860,22.0,44.55,0.0,03/09/2025 13:48:25,13.007715,80.005294,005294,2025-09-04T23:24:54.532655
TN 01 BU 2283,865933032838860,16.0,44.57,0.0,03/09/2025 13:48:23,13.007586,80.005249,005249,2025-09-04T23:24:54.532824
TN 01 BU 2283,865933032838860,15.0,44.58,0.0,03/09/2025 13:48:22,13.007553,80.005203,005203,2025-09-04T23:24:54.532976
TN 01 BU 2283,865933032838860,22.0,44.68,0.0,03/09/2025 13:48:20,13.007488,80.005111,005111,2025-09-04T23:24:54.533141
TN 01 BU 2283,865933032838860,6.0,44.69,0.0,03/09/2025 13:48:07,13.007503,80.004249,004249,2025-09-04T23:24:54.533318
TN 01 BU 2283,865933032838860,6.0,44.7,0.0,03/09/2025 13:48:05,13.007508,80.004203,004203,2025-09-04T23:24:54.533466
TN 01 BU 2283,865933032838860,12.0,44.74,0.0,03/09/2025 13:48:02,13.007493,80.004104,004104,2025-09-04T23:24:54.533601
TN 01 BU 2283,865933032838860,7.0,44.76,0.0,03/09/2025 13:48:00,13.007503,80.004028,004028,2025-09-04T23:24:54.533739
TN 01 BU 2283,865933032838860,13.0,44.84,0.0,03/09/2025 13:47:55,13.007474,80.003799,003799,2025-09-04T23:24:54.533875
TN 01 BU 2283,865933032838860,7.0,44.93,0.0,03/09/2025 13:47:37,13.008112,80.003578,003578,2025-09-04T23:24:54.534020
TN 01 BU 2283,865933032838860,6.0,45.04,0.0,03/09/2025 13:47:36,13.008134,80.003578,003578,2025-09-04T23:24:54.534195
TN 01 BU 2283,865933032838860,9.0,45.14,0.0,03/09/2025 13:47:35,13.008139,80.003562,003562,2025-09-04T23:24:54.534353
TN 01 BU 2283,865933032838860,10.0,45.23,0.0,03/09/2025 13:47:33,13.008152,80.003509,003509,2025-09-04T23:24:54.534499
TN 01 BU 2283,865933032838860,21.0,45.26,0.0,03/09/2025 13:47:14,13.008238,80.00296,002960,2025-09-04T23:24:54.534670
TN 01 BU 2283,865933032838860,9.0,45.27,0.0,03/09/2025 13:47:06,13.008206,80.002548,002548,2025-09-04T23:24:54.534812
TN 01 BU 2283,865933032838860,7.0,45.33,0.0,03/09/2025 13:46:53,13.008119,80.002197,002197,2025-09-04T23:24:54.534978
TN 01 BU 2283,865933032838860,12.0,45.4,0.0,03/09/2025 13:46:47,13.008221,80.002037,002037,2025-09-04T23:24:54.535141
TN 01 BU 2283,865933032838860,11.0,45.48,0.0,03/09/2025 13:46:43,13.008268,80.001907,001907,2025-09-04T23:24:54.535333
TN 01 BU 2283,865933032838860,9.0,45.57,0.0,03/09/2025 13:46:04,13.008344,80.001914,001914,2025-09-04T23:24:54.535515
TN 01 BU 2283,865933032838860,12.0,45.62,0.0,03/09/2025 13:45:57,13.008199,80.002227,002227,2025-09-04T23:24:54.535662
TN 01 BU 2283,865933032838860,11.0,45.64,0.0,03/09/2025 13:45:50,13.008178,80.002456,002456,2025-09-04T23:24:54.535802
TN 01 BU 2283,865933032838860,11.0,45.64,0.0,03/09/2025 13:45:46,13.008188,80.002632,002632,2025-09-04T23:24:54.535949
TN 01 BU 2283,865933032838860,8.0,45.66,0.0,03/09/2025 13:45:44,13.008188,80.002693,002693,2025-09-04T23:24:54.536076
TN 01 BU 2283,865933032838860,6.0,45.76,0.0,03/09/2025 13:45:38,13.008293,80.00283,002830,2025-09-04T23:24:54.536196
TN 01 BU 2283,865933032838860,8.0,45.86,0.0,03/09/2025 13:45:37,13.008308,80.002853,002853,2025-09-04T23:24:54.536328
TN 01 BU 2283,865933032838860,10.0,45.86,0.0,03/09/2025 13:45:18,13.008419,80.003761,003761,2025-09-04T23:24:54.536432
TN 01 BU 2283,865933032838860,6.0,45.95,0.0,03/09/2025 13:45:14,13.008461,80.003791,003791,2025-09-04T23:24:54.536606
TN 01 BU 2283,865933032838860,8.0,45.99,0.0,03/09/2025 13:44:47,13.009213,80.00373,003730,2025-09-04T23:24:54.536793
TN 01 BU 2283,865933032838860,6.0,46.02,0.0,03/09/2025 13:44:46,13.009238,80.003738,003738,2025-09-04T23:24:54.536969
TN 01 BU 2283,865933032838860,6.0,46.06,0.0,03/09/2025 13:44:45,13.009263,80.00373,003730,2025-09-04T23:24:54.537151
TN 01 BU 2283,865933032838860,16.0,46.08,0.0,03/09/2025 13:44:34,13.009307,80.003395,003395,2025-09-04T23:24:54.537298
TN 01 BU 2283,865933032838860,15.0,46.1,0.0,03/09/2025 13:44:32,13.009327,80.003303,003303,2025-09-04T23:24:54.537428
TN 01 BU 2283,865933032838860,15.0,46.1,0.0,03/09/2025 13:44:31,13.009353,80.003265,003265,2025-09-04T23:24:54.537569
TN 01 BU 2283,865933032838860,11.0,46.38,0.0,03/09/2025 13:44:30,13.009383,80.003196,003196,2025-09-04T23:24:54.537732
TN 01 BU 2283,865933032838860,6.0,46.38,0.0,03/09/2025 13:44:17,13.009526,80.003097,003097,2025-09-04T23:24:54.537896
TN 01 BU 2283,865933032838860,8.0,46.38,0.0,03/09/2025 13:44:16,13.009546,80.003089,003089,2025-09-04T23:24:54.538040
TN 01 BU 2283,865933032838860,11.0,46.38,0.0,03/09/2025 13:44:12,13.009661,80.003128,003128,2025-09-04T23:24:54.538175
TN 01 BU 2283,865933032838860,11.0,46.38,0.0,03/09/2025 13:44:07,13.009779,80.003074,003074,2025-09-04T23:24:54.538286
TN 01 BU 2283,865933032838860,8.0,46.59,0.0,03/09/2025 13:44:01,13.009983,80.002952,002952,2025-09-04T23:24:54.538407
TN 01 BU 2283,865933032838860,19.0,46.91,0.0,03/09/2025 13:43:48,13.010415,80.002441,002441,2025-09-04T23:24:54.538536
TN 01 BU 2283,865933032838860,19.0,46.91,0.0,03/09/2025 13:43:48,13.010415,80.002441,002441,2025-09-04T23:24:54.538634
TN 01 BU 2283,865933032838860,36.0,47.09,0.0,03/09/2025 13:43:19,13.011108,80.001319,001319,2025-09-04T23:24:54.538777
TN 01 BU 2283,865933032838860,36.0,47.09,0.0,03/09/2025 13:43:19,13.011108,80.001319,001319,2025-09-04T23:24:54.538903
TN 01 BU 2283,865933032838860,28.0,47.23,0.0,03/09/2025 13:43:15,13.011301,80.000976,000976,2025-09-04T23:24:54.539007
TN 01 BU 2283,865933032838860,28.0,47.23,0.0,03/09/2025 13:43:15,13.011301,80.000976,000976,2025-09-04T23:24:54.539128
TN 01 BU 2283,865933032838860,29.0,47.28,0.0,03/09/2025 13:43:00,13.012044,80.000564,000564,2025-09-04T23:24:54.539267
TN 01 BU 2283,865933032838860,29.0,47.28,0.0,03/09/2025 13:43:00,13.012044,80.000564,000564,2025-09-04T23:24:54.539401
TN 01 BU 2283,865933032838860,14.0,47.34,0.0,03/09/2025 13:42:53,13.012338,80.00035,000350,2025-09-04T23:24:54.539521
TN 01 BU 2283,865933032838860,14.0,47.34,0.0,03/09/2025 13:42:53,13.012338,80.00035,000350,2025-09-04T23:24:54.539654
TN 01 BU 2283,865933032838860,14.0,47.34,0.0,03/09/2025 13:42:53,13.012338,80.00035,000350,2025-09-04T23:24:54.539780
TN 01 BU 2283,865933032838860,13.0,47.4,0.0,03/09/2025 13:42:51,13.012379,80.000289,000289,2025-09-04T23:24:54.539906
TN 01 BU 2283,865933032838860,13.0,47.4,0.0,03/09/2025 13:42:51,13.012379,80.000289,000289,2025-09-04T23:24:54.540038
TN 01 BU 2283,865933032838860,13.0,47.4,0.0,03/09/2025 13:42:51,13.012379,80.000289,000289,2025-09-04T23:24:54.540155
TN 01 BU 2283,865933032838860,16.0,47.46,0.0,03/09/2025 13:42:49,13.012399,80.000221,000221,2025-09-04T23:24:54.540264
TN 01 BU 2283,865933032838860,16.0,47.46,0.0,03/09/2025 13:42:49,13.012399,80.000221,000221,2025-09-04T23:24:54.540375
TN 01 BU 2283,865933032838860,16.0,47.46,0.0,03/09/2025 13:42:49,13.012399,80.000221,000221,2025-09-04T23:24:54.540507
TN 01 BU 2283,865933032838860,18.0,47.51,0.0,03/09/2025 13:42:48,13.01239,80.000183,000183,2025-09-04T23:24:54.540617
TN 01 BU 2283,865933032838860,18.0,47.51,0.0,03/09/2025 13:42:48,13.01239,80.000183,000183,2025-09-04T23:24:54.540744
TN 01 BU 2283,865933032838860,18.0,47.51,0.0,03/09/2025 13:42:48,13.01239,80.000183,000183,2025-09-04T23:24:54.540878
TN 01 BU 2283,865933032838860,46.0,48.03,0.0,03/09/2025 13:42:42,13.012113,79.999809,999809,2025-09-04T23:24:54.540999
TN 01 BU 2283,865933032838860,34.0,48.61,0.0,03/09/2025 13:41:43,13.008442,79.996841,996841,2025-09-04T23:24:54.541139
TN 01 BU 2283,865933032838860,9.0,48.65,0.0,03/09/2025 13:40:44,13.00397,79.994087,994087,2025-09-04T23:24:54.541274
TN 01 BU 2283,865933032838860,6.0,48.68,0.0,03/09/2025 13:40:43,13.00393,79.994071,994071,2025-09-04T23:24:54.541408
TN 01 BU 2283,865933032838860,10.0,49.06,0.0,03/09/2025 13:40:14,13.003706,79.994232,994232,2025-09-04T23:24:54.541512
TN 01 BU 2283,865933032838860,30.0,49.11,0.0,03/09/2025 13:39:23,13.002755,79.997627,997627,2025-09-04T23:24:54.541687
TN 01 BU 2283,865933032838860,10.0,49.22,0.0,03/09/2025 13:39:15,13.002614,79.998085,998085,2025-09-04T23:24:54.541820
TN 01 BU 2283,865933032838860,10.0,49.23,0.0,03/09/2025 13:38:58,13.002286,79.999,999000,2025-09-04T23:24:54.541988
TN 01 BU 2283,865933032838860,8.0,49.71,0.0,03/09/2025 13:38:54,13.002282,79.999092,999092,2025-09-04T23:24:54.542151
TN 01 BU 2283,865933032838860,26.0,49.73,0.0,03/09/2025 13:37:55,13.001014,80.003372,003372,2025-09-04T23:24:54.542321
TN 01 BU 2283,865933032838860,13.0,50.1,0.0,03/09/2025 13:37:52,13.000956,80.003509,003509,2025-09-04T23:24:54.542466
TN 01 BU 2283,865933032838860,29.0,50.14,0.0,03/09/2025 13:37:07,12.999984,80.006835,006835,2025-09-04T23:24:54.542612
TN 01 BU 2283,865933032838860,6.0,50.24,0.0,03/09/2025 13:37:00,12.999901,80.007179,007179,2025-09-04T23:24:54.542745
TN 01 BU 2283,865933032838860,47.0,50.86,0.0,03/09/2025 13:36:50,12.999723,80.008079,008079,2025-09-04T23:24:54.542891
TN 01 BU 2283,865933032838860,27.0,50.88,0.0,03/09/2025 13:35:51,12.999378,80.013816,013816,2025-09-04T23:24:54.543036
TN 01 BU 2283,865933032838860,22.0,51.04,0.0,03/09/2025 13:35:49,12.999356,80.013954,013954,2025-09-04T23:24:54.543142
TN 01 BU 2283,865933032838860,33.0,51.08,0.0,03/09/2025 13:35:32,12.999368,80.015419,015419,2025-09-04T23:24:54.543329
TN 01 BU 2283,865933032838860,29.0,51.11,0.0,03/09/2025 13:35:29,12.999321,80.015663,015663,2025-09-04T23:24:54.543544
TN 01 BU 2283,865933032838860,24.0,51.13,0.0,03/09/2025 13:35:27,12.999251,80.015792,015792,2025-09-04T23:24:54.543726
TN 01 BU 2283,865933032838860,22.0,51.83,0.0,03/09/2025 13:35:25,12.999161,80.015876,015876,2025-09-04T23:24:54.543896
TN 01 BU 2283,865933032838860,21.0,52.52,0.0,03/09/2025 13:35:24,12.99911,80.015899,015899,2025-09-04T23:24:54.544063
TN 01 BU 2283,865933032838860,18.0,53.21,0.0,03/09/2025 13:35:23,12.999058,80.015907,015907,2025-09-04T23:24:54.544225
TN 01 BU 2283,865933032838860,11.0,54.17,0.0,03/09/2025 13:34:24,12.99316,80.014015,014015,2025-09-04T23:24:54.544417
TN 01 BU 2283,865933032838860,7.0,54.74,0.0,03/09/2025 13:33:41,12.989701,80.012985,012985,2025-09-04T23:24:54.544632
TN 01 BU 2283,865933032838860,12.0,54.81,0.0,03/09/2025 13:32:45,12.985391,80.011604,011604,2025-09-04T23:24:54.544963
TN 01 BU 2283,865933032838860,22.0,54.82,0.0,03/09/2025 13:32:32,12.984871,80.011489,011489,2025-09-04T23:24:54.545153
TN 01 BU 2283,865933032838860,22.0,54.84,0.0,03/09/2025 13:32:30,12.984763,80.011489,011489,2025-09-04T23:24:54.545364
TN 01 BU 2283,865933032838860,22.0,54.84,0.0,03/09/2025 13:32:30,12.984763,80.011489,011489,2025-09-04T23:24:54.545537
TN 01 BU 2283,865933032838860,10.0,54.86,0.0,03/09/2025 13:32:26,12.984613,80.011573,011573,2025-09-04T23:24:54.545712
TN 01 BU 2283,865933032838860,21.0,55.19,0.0,03/09/2025 13:32:21,12.984511,80.011688,011688,2025-09-04T23:24:54.545867
TN 01 BU 2283,865933032838860,16.0,55.25,0.0,03/09/2025 13:31:47,12.983044,80.01432,014320,2025-09-04T23:24:54.545986
TN 01 BU 2283,865933032838860,11.0,55.25,0.0,03/09/2025 13:31:31,12.982834,80.014801,014801,2025-09-04T23:24:54.546109
TN 01 BU 2283,865933032838860,8.0,55.28,0.0,03/09/2025 13:31:28,12.982814,80.014877,014877,2025-09-04T23:24:54.546264
TN 01 BU 2283,865933032838860,11.0,55.29,0.0,03/09/2025 13:31:20,12.9827,80.015129,015129,2025-09-04T23:24:54.546438
TN 01 BU 2283,865933032838860,10.0,55.3,0.0,03/09/2025 13:31:17,12.982661,80.015213,015213,2025-09-04T23:24:54.546604
TN 01 BU 2283,865933032838860,14.0,55.34,0.0,03/09/2025 13:31:15,12.982614,80.015258,015258,2025-09-04T23:24:54.546800
TN 01 BU 2283,865933032838860,15.0,55.37,0.0,03/09/2025 13:31:13,12.982544,80.015281,015281,2025-09-04T23:24:54.546969
TN 01 BU 2283,865933032838860,7.0,55.46,0.0,03/09/2025 13:31:03,12.982275,80.015251,015251,2025-09-04T23:24:54.547109
TN 01 BU 2283,865933032838860,13.0,57.3,0.0,03/09/2025 13:30:41,12.981485,80.015213,015213,2025-09-04T23:24:54.547246
TN 01 BU 2283,865933032838860,11.0,58.99,0.0,03/09/2025 13:30:10,12.980168,80.015769,015769,2025-09-04T23:24:54.547370
TN 01 BU 2283,865933032838860,18.0,60.67,0.0,03/09/2025 13:30:05,12.980076,80.0158,015800,2025-09-04T23:24:54.547508
TN 01 BU 2283,865933032838860,40.0,61.64,0.0,03/09/2025 13:29:09,12.973674,80.018493,018493,2025-09-04T23:24:54.547656
TN 01 BU 2283,865933032838860,30.0,62.59,0.0,03/09/2025 13:29:06,12.973418,80.0186,018600,2025-09-04T23:24:54.547840
TN 01 BU 2283,865933032838860,15.0,63.42,0.0,03/09/2025 13:28:18,12.96949,80.018157,018157,2025-09-04T23:24:54.548007
TN 01 BU 2283,865933032838860,17.0,64.24,0.0,03/09/2025 13:28:05,12.969388,80.018173,018173,2025-09-04T23:24:54.548150
TN 01 BU 2283,865933032838860,43.0,64.83,0.0,03/09/2025 13:27:08,12.968462,80.025726,025726,2025-09-04T23:24:54.548321
TN 01 BU 2283,865933032838860,59.0,65.81,0.0,03/09/2025 13:26:33,12.968983,80.031166,031166,2025-09-04T23:24:54.548513
TN 01 BU 2283,865933032838860,60.0,66.13,0.0,03/09/2025 13:25:34,12.970943,80.039909,039909,2025-09-04T23:24:54.548753
TN 01 BU 2283,865933032838860,15.0,66.18,0.0,03/09/2025 13:25:08,12.972378,80.042526,042526,2025-09-04T23:24:54.548961
TN 01 BU 2283,865933032838860,13.0,66.19,0.0,03/09/2025 13:24:36,12.972049,80.042808,042808,2025-09-04T23:24:54.549155
TN 01 BU 2283,865933032838860,0.0,66.19,0.0,03/09/2025 13:24:01,12.971982,80.042861,042861,2025-09-04T23:24:54.549329
TN 01 BU 2283,865933032838860,0.0,66.19,0.0,03/09/2025 13:23:01,12.971982,80.042861,042861,2025-09-04T23:24:54.549455
TN 01 BU 2283,865933032838860,0.0,66.19,0.0,03/09/2025 13:22:02,12.971982,80.042861,042861,2025-09-04T23:24:54.549643
TN 01 BU 2283,865933032838860,0.0,66.19,0.0,03/09/2025 13:21:03,12.971982,80.042861,042861,2025-09-04T23:24:54.549839
TN 01 BU 2283,865933032838860,0.0,66.19,0.0,03/09/2025 13:20:04,12.971982,80.042861,042861,2025-09-04T23:24:54.550021
TN 01 BU 2283,865933032838860,0.0,66.19,0.0,03/09/2025 13:19:05,12.971982,80.042861,042861,2025-09-04T23:24:54.550176
TN 01 BU 2283,865933032838860,0.0,66.19,0.0,03/09/2025 13:18:05,12.971982,80.042861,042861,2025-09-04T23:24:54.550340
TN 01 BU 2283,865933032838860,0.0,66.19,0.0,03/09/2025 13:17:06,12.971982,80.042861,042861,2025-09-04T23:24:54.550530
TN 01 BU 2283,865933032838860,0.0,66.19,0.0,03/09/2025 13:16:07,12.971982,80.042861,042861,2025-09-04T23:24:54.550709
TN 01 BU 2283,865933032838860,0.0,66.19,0.0,03/09/2025 13:15:08,12.971982,80.042861,042861,2025-09-04T23:24:54.550895
TN 01 BU 2283,865933032838860,0.0,66.19,0.0,03/09/2025 13:14:09,12.971982,80.042861,042861,2025-09-04T23:24:54.551077
TN 01 BU 2283,865933032838860,0.0,66.19,0.0,03/09/2025 13:13:09,12.971982,80.042861,042861,2025-09-04T23:24:54.551244
TN 01 BU 2283,865933032838860,0.0,66.19,0.0,03/09/2025 13:12:10,12.971982,80.042861,042861,2025-09-04T23:24:54.551404
TN 01 BU 2283,865933032838860,0.0,66.19,0.0,03/09/2025 13:11:11,12.971982,80.042861,042861,2025-09-04T23:24:54.551624
TN 01 BU 2283,865933032838860,0.0,66.19,0.0,03/09/2025 13:10:12,12.971982,80.042861,042861,2025-09-04T23:24:54.551832
TN 01 BU 2283,865933032838860,0.0,66.19,0.0,03/09/2025 13:09:13,12.971982,80.042861,042861,2025-09-04T23:24:54.552028
TN 01 BU 2283,865933032838860,0.0,66.19,0.0,03/09/2025 13:08:13,12.971982,80.042861,042861,2025-09-04T23:24:54.552261
TN 01 BU 2283,865933032838860,0.0,66.19,0.0,03/09/2025 13:07:14,12.971982,80.042861,042861,2025-09-04T23:24:54.552484
TN 01 BU 2283,865933032838860,0.0,66.19,0.0,03/09/2025 13:06:15,12.971982,80.042861,042861,2025-09-04T23:24:54.552651
TN 01 BU 2283,865933032838860,0.0,66.19,0.0,03/09/2025 13:05:16,12.971982,80.042861,042861,2025-09-04T23:24:54.552814
TN 01 BU 2283,865933032838860,0.0,66.19,0.0,03/09/2025 13:04:17,12.971982,80.042861,042861,2025-09-04T23:24:54.552989
TN 01 BU 2283,865933032838860,0.0,66.19,0.0,03/09/2025 13:03:17,12.971982,80.042861,042861,2025-09-04T23:24:54.553156
TN 01 BU 2283,865933032838860,0.0,66.19,0.0,03/09/2025 13:02:18,12.971982,80.042861,042861,2025-09-04T23:24:54.553358
TN 01 BU 2283,865933032838860,0.0,66.19,0.0,03/09/2025 13:01:19,12.971982,80.042861,042861,2025-09-04T23:24:54.553537
TN 01 BU 2283,865933032838860,0.0,66.19,0.0,03/09/2025 13:00:20,12.971982,80.042861,042861,2025-09-04T23:24:54.553696
TN 01 BU 2283,865933032838860,0.0,66.19,0.0,03/09/2025 12:59:21,12.971982,80.042861,042861,2025-09-04T23:24:54.553843
TN 01 BU 2283,865933032838860,0.0,66.19,0.0,03/09/2025 12:58:22,12.971982,80.042861,042861,2025-09-04T23:24:54.553998
TN 01 BU 2283,865933032838860,0.0,66.19,0.0,03/09/2025 12:57:22,12.971982,80.042861,042861,2025-09-04T23:24:54.554191
TN 01 BU 2283,865933032838860,0.0,66.19,0.0,03/09/2025 12:56:23,12.971982,80.042861,042861,2025-09-04T23:24:54.554399
TN 01 BU 2283,865933032838860,0.0,66.19,0.0,03/09/2025 12:55:24,12.971982,80.042861,042861,2025-09-04T23:24:54.554595
TN 01 BU 2283,865933032838860,0.0,66.19,0.0,03/09/2025 12:54:25,12.971982,80.042861,042861,2025-09-04T23:24:54.554795
TN 01 BU 2283,865933032838860,0.0,66.19,0.0,03/09/2025 12:53:26,12.971982,80.042861,042861,2025-09-04T23:24:54.554964
TN 01 BU 2283,865933032838860,0.0,66.19,0.0,03/09/2025 12:52:26,12.971982,80.042861,042861,2025-09-04T23:24:54.555168
TN 01 BU 2283,865933032838860,0.0,66.19,0.0,03/09/2025 12:51:27,12.971982,80.042861,042861,2025-09-04T23:24:54.555365
TN 01 BU 2283,865933032838860,0.0,66.19,0.0,03/09/2025 12:50:28,12.971982,80.042861,042861,2025-09-04T23:24:54.555555
TN 01 BU 2283,865933032838860,0.0,66.19,0.0,03/09/2025 12:49:29,12.971982,80.042861,042861,2025-09-04T23:24:54.555748
TN 01 BU 2283,865933032838860,0.0,66.19,0.0,03/09/2025 12:48:30,12.971982,80.042861,042861,2025-09-04T23:24:54.555928
TN 01 BU 2283,865933032838860,0.0,66.19,0.0,03/09/2025 12:47:30,12.971982,80.042861,042861,2025-09-04T23:24:54.556118
TN 01 BU 2283,865933032838860,0.0,66.19,0.0,03/09/2025 12:46:31,12.971982,80.042861,042861,2025-09-04T23:24:54.556292
TN 01 BU 2283,865933032838860,0.0,66.19,0.0,03/09/2025 12:45:32,12.971982,80.042861,042861,2025-09-04T23:24:54.556463
TN 01 BU 2283,865933032838860,0.0,66.19,0.0,03/09/2025 12:44:33,12.971982,80.042861,042861,2025-09-04T23:24:54.556843
TN 01 BU 2283,865933032838860,0.0,66.19,0.0,03/09/2025 12:43:34,12.971982,80.042861,042861,2025-09-04T23:24:54.557062
TN 01 BU 2283,865933032838860,0.0,66.19,0.0,03/09/2025 12:42:34,12.971982,80.042861,042861,2025-09-04T23:24:54.557280
TN 01 BU 2283,865933032838860,0.0,66.19,0.0,03/09/2025 12:41:35,12.971982,80.042861,042861,2025-09-04T23:24:54.557471
TN 01 BU 2283,865933032838860,0.0,66.19,0.0,03/09/2025 12:40:36,12.971982,80.042861,042861,2025-09-04T23:24:54.557636
TN 01 BU 2283,865933032838860,0.0,66.19,0.0,03/09/2025 12:39:37,12.971982,80.042861,042861,2025-09-04T23:24:54.557863
TN 01 BU 2283,865933032838860,0.0,66.19,0.0,03/09/2025 12:38:38,12.971982,80.042861,042861,2025-09-04T23:24:54.558073
TN 01 BU 2283,865933032838860,0.0,66.19,0.0,03/09/2025 12:37:39,12.971982,80.042861,042861,2025-09-04T23:24:54.558286
TN 01 BU 2283,865933032838860,0.0,66.19,0.0,03/09/2025 12:36:39,12.971982,80.042861,042861,2025-09-04T23:24:54.558546
TN 01 BU 2283,865933032838860,0.0,66.19,0.0,03/09/2025 12:35:40,12.971982,80.042861,042861,2025-09-04T23:24:54.558787
TN 01 BU 2283,865933032838860,0.0,66.19,0.0,03/09/2025 12:34:41,12.971982,80.042861,042861,2025-09-04T23:24:54.559024
TN 01 BU 2283,865933032838860,0.0,66.19,0.0,03/09/2025 12:33:42,12.971982,80.042861,042861,2025-09-04T23:24:54.559216
TN 01 BU 2283,865933032838860,0.0,66.19,0.0,03/09/2025 12:32:42,12.971982,80.042861,042861,2025-09-04T23:24:54.559393
TN 01 BU 2283,865933032838860,0.0,66.19,0.0,03/09/2025 12:31:43,12.971982,80.042861,042861,2025-09-04T23:24:54.559580
TN 01 BU 2283,865933032838860,0.0,66.19,0.0,03/09/2025 12:30:44,12.971982,80.042861,042861,2025-09-04T23:24:54.559752
TN 01 BU 2283,865933032838860,0.0,66.19,0.0,03/09/2025 12:29:45,12.971982,80.042861,042861,2025-09-04T23:24:54.560050
TN 01 BU 2283,865933032838860,0.0,66.19,0.0,03/09/2025 12:28:46,12.971982,80.042861,042861,2025-09-04T23:24:54.560257
TN 01 BU 2283,865933032838860,0.0,66.19,0.0,03/09/2025 12:27:46,12.971982,80.042861,042861,2025-09-04T23:24:54.560476
TN 01 BU 2283,865933032838860,0.0,66.19,0.0,03/09/2025 12:26:47,12.971982,80.042861,042861,2025-09-04T23:24:54.560680
TN 01 BU 2283,865933032838860,0.0,66.19,0.0,03/09/2025 12:25:48,12.971982,80.042861,042861,2025-09-04T23:24:54.560920
TN 01 BU 2283,865933032838860,0.0,66.19,0.0,03/09/2025 12:24:49,12.971982,80.042861,042861,2025-09-04T23:24:54.561111
TN 01 BU 2283,865933032838860,0.0,66.19,0.0,03/09/2025 12:23:50,12.971982,80.042861,042861,2025-09-04T23:24:54.561280
TN 01 BU 2283,865933032838860,0.0,66.19,0.0,03/09/2025 12:22:50,12.971982,80.042861,042861,2025-09-04T23:24:54.561487
TN 01 BU 2283,865933032838860,0.0,66.19,0.0,03/09/2025 12:21:51,12.971982,80.042861,042861,2025-09-04T23:24:54.561680
TN 01 BU 2283,865933032838860,0.0,66.19,0.0,03/09/2025 12:20:52,12.971982,80.042861,042861,2025-09-04T23:24:54.561850
TN 01 BU 2283,865933032838860,0.0,66.19,0.0,03/09/2025 12:19:53,12.971982,80.042861,042861,2025-09-04T23:24:54.562049
TN 01 BU 2283,865933032838860,0.0,66.19,0.0,03/09/2025 12:18:54,12.971982,80.042861,042861,2025-09-04T23:24:54.562231
TN 01 BU 2283,865933032838860,0.0,66.19,0.0,03/09/2025 12:17:54,12.971982,80.042861,042861,2025-09-04T23:24:54.562402
TN 01 BU 2283,865933032838860,0.0,66.19,0.0,03/09/2025 12:16:55,12.971982,80.042861,042861,2025-09-04T23:24:54.562602
TN 01 BU 2283,865933032838860,0.0,66.19,0.0,03/09/2025 12:15:56,12.971982,80.042861,042861,2025-09-04T23:24:54.562773
TN 01 BU 2283,865933032838860,0.0,66.19,0.0,03/09/2025 12:14:57,12.971982,80.042861,042861,2025-09-04T23:24:54.562938
TN 01 BU 2283,865933032838860,0.0,66.19,0.0,03/09/2025 12:13:57,12.971982,80.042861,042861,2025-09-04T23:24:54.563093
TN 01 BU 2283,865933032838860,0.0,66.19,0.0,03/09/2025 12:12:58,12.971982,80.042861,042861,2025-09-04T23:24:54.563280
TN 01 BU 2283,865933032838860,0.0,66.19,0.0,03/09/2025 12:11:59,12.971982,80.042861,042861,2025-09-04T23:24:54.563451
TN 01 BU 2283,865933032838860,0.0,66.19,0.0,03/09/2025 12:11:00,12.971982,80.042861,042861,2025-09-04T23:24:54.563602
TN 01 BU 2283,865933032838860,0.0,66.19,0.0,03/09/2025 12:10:01,12.971982,80.042861,042861,2025-09-04T23:24:54.563755
TN 01 BU 2283,865933032838860,0.0,66.19,0.0,03/09/2025 12:09:01,12.971982,80.042861,042861,2025-09-04T23:24:54.563904
TN 01 BU 2283,865933032838860,0.0,66.19,0.0,03/09/2025 12:08:02,12.971982,80.042861,042861,2025-09-04T23:24:54.564094
TN 01 BU 2283,865933032838860,0.0,66.19,0.0,03/09/2025 12:07:03,12.971982,80.042861,042861,2025-09-04T23:24:54.564274
TN 01 BU 2283,865933032838860,0.0,66.19,0.0,03/09/2025 12:06:04,12.971982,80.042861,042861,2025-09-04T23:24:54.564451
TN 01 BU 2283,865933032838860,0.0,66.19,0.0,03/09/2025 12:05:05,12.971982,80.042861,042861,2025-09-04T23:24:54.564623
TN 01 BU 2283,865933032838860,0.0,66.19,0.0,03/09/2025 12:04:05,12.971982,80.042861,042861,2025-09-04T23:24:54.564772
TN 01 BU 2283,865933032838860,0.0,66.19,0.0,03/09/2025 12:03:06,12.971982,80.042861,042861,2025-09-04T23:24:54.564949
TN 01 BU 2283,865933032838860,0.0,66.19,0.0,03/09/2025 12:02:07,12.971982,80.042861,042861,2025-09-04T23:24:54.565160
TN 01 BU 2283,865933032838860,0.0,66.19,0.0,03/09/2025 12:01:08,12.971982,80.042861,042861,2025-09-04T23:24:54.565354
TN 01 BU 2283,865933032838860,0.0,66.19,0.0,03/09/2025 12:00:08,12.971982,80.042861,042861,2025-09-04T23:24:54.565559
TN 01 BU 2283,865933032838860,0.0,66.19,0.0,03/09/2025 11:59:09,12.971982,80.042861,042861,2025-09-04T23:24:54.565763
TN 01 BU 2283,865933032838860,0.0,66.19,0.0,03/09/2025 11:58:10,12.971982,80.042861,042861,2025-09-04T23:24:54.565966
TN 01 BU 2283,865933032838860,0.0,66.19,0.0,03/09/2025 11:57:11,12.971982,80.042861,042861,2025-09-04T23:24:54.566152
TN 01 BU 2283,865933032838860,0.0,66.19,0.0,03/09/2025 11:56:12,12.971982,80.042861,042861,2025-09-04T23:24:54.566302
TN 01 BU 2283,865933032838860,0.0,66.19,0.0,03/09/2025 11:55:12,12.971982,80.042861,042861,2025-09-04T23:24:54.566457
TN 01 BU 2283,865933032838860,0.0,66.19,0.0,03/09/2025 11:54:13,12.971982,80.042861,042861,2025-09-04T23:24:54.566686
TN 01 BU 2283,865933032838860,0.0,66.19,0.0,03/09/2025 11:53:14,12.971982,80.042861,042861,2025-09-04T23:24:54.566965
TN 01 BU 2283,865933032838860,0.0,66.19,0.0,03/09/2025 11:52:15,12.971982,80.042861,042861,2025-09-04T23:24:54.567210
TN 01 BU 2283,865933032838860,0.0,66.19,0.0,03/09/2025 11:51:15,12.971982,80.042861,042861,2025-09-04T23:24:54.567592
TN 01 BU 2283,865933032838860,0.0,66.19,0.0,03/09/2025 11:50:16,12.971982,80.042861,042861,2025-09-04T23:24:54.567925
TN 01 BU 2283,865933032838860,0.0,66.19,0.0,03/09/2025 11:49:17,12.971982,80.042861,042861,2025-09-04T23:24:54.568152
TN 01 BU 2283,865933032838860,0.0,66.19,0.0,03/09/2025 11:48:18,12.971982,80.042861,042861,2025-09-04T23:24:54.568371
TN 01 BU 2283,865933032838860,0.0,66.19,0.0,03/09/2025 11:47:18,12.971982,80.042861,042861,2025-09-04T23:24:54.568608
TN 01 BU 2283,865933032838860,0.0,66.19,0.0,03/09/2025 11:46:19,12.971982,80.042861,042861,2025-09-04T23:24:54.568816
TN 01 BU 2283,865933032838860,0.0,66.19,0.0,03/09/2025 11:45:20,12.971982,80.042861,042861,2025-09-04T23:24:54.569060
TN 01 BU 2283,865933032838860,0.0,66.19,0.0,03/09/2025 11:44:21,12.971982,80.042861,042861,2025-09-04T23:24:54.569296
TN 01 BU 2283,865933032838860,0.0,66.19,0.0,03/09/2025 11:43:22,12.971982,80.042861,042861,2025-09-04T23:24:54.569538
TN 01 BU 2283,865933032838860,0.0,66.19,0.0,03/09/2025 11:42:22,12.971982,80.042861,042861,2025-09-04T23:24:54.569784
TN 01 BU 2283,865933032838860,0.0,66.19,0.0,03/09/2025 11:41:23,12.971982,80.042861,042861,2025-09-04T23:24:54.570274
TN 01 BU 2283,865933032838860,0.0,66.19,0.0,03/09/2025 11:40:24,12.971982,80.042861,042861,2025-09-04T23:24:54.570574
TN 01 BU 2283,865933032838860,0.0,66.19,0.0,03/09/2025 11:39:25,12.971982,80.042861,042861,2025-09-04T23:24:54.570770
TN 01 BU 2283,865933032838860,0.0,66.19,0.0,03/09/2025 11:38:25,12.971982,80.042861,042861,2025-09-04T23:24:54.570966
TN 01 BU 2283,865933032838860,0.0,66.19,0.0,03/09/2025 11:37:26,12.971982,80.042861,042861,2025-09-04T23:24:54.571151
TN 01 BU 2283,865933032838860,0.0,66.19,0.0,03/09/2025 11:36:27,12.971982,80.042861,042861,2025-09-04T23:24:54.571326
TN 01 BU 2283,865933032838860,0.0,66.19,0.0,03/09/2025 11:35:28,12.971982,80.042861,042861,2025-09-04T23:24:54.571521
TN 01 BU 2283,865933032838860,0.0,66.19,0.0,03/09/2025 11:34:28,12.971982,80.042861,042861,2025-09-04T23:24:54.571761
TN 01 BU 2283,865933032838860,0.0,66.19,0.0,03/09/2025 11:33:29,12.971982,80.042861,042861,2025-09-04T23:24:54.571979
TN 01 BU 2283,865933032838860,0.0,66.19,0.0,03/09/2025 11:32:30,12.971982,80.042861,042861,2025-09-04T23:24:54.572183
TN 01 BU 2283,865933032838860,0.0,66.19,0.0,03/09/2025 11:31:31,12.971982,80.042861,042861,2025-09-04T23:24:54.572372
TN 01 BU 2283,865933032838860,0.0,66.19,0.0,03/09/2025 11:30:31,12.971982,80.042861,042861,2025-09-04T23:24:54.572549
TN 01 BU 2283,865933032838860,0.0,66.19,0.0,03/09/2025 11:29:32,12.971982,80.042861,042861,2025-09-04T23:24:54.572727
TN 01 BU 2283,865933032838860,0.0,66.19,0.0,03/09/2025 11:28:33,12.971982,80.042861,042861,2025-09-04T23:24:54.572882
TN 01 BU 2283,865933032838860,0.0,66.19,0.0,03/09/2025 11:27:34,12.971982,80.042861,042861,2025-09-04T23:24:54.573058
TN 01 BU 2283,865933032838860,0.0,66.19,0.0,03/09/2025 11:26:35,12.971982,80.042861,042861,2025-09-04T23:24:54.573243
TN 01 BU 2283,865933032838860,0.0,66.19,0.0,03/09/2025 11:25:35,12.971982,80.042861,042861,2025-09-04T23:24:54.573421
TN 01 BU 2283,865933032838860,0.0,66.19,0.0,03/09/2025 11:24:36,12.971982,80.042861,042861,2025-09-04T23:24:54.573576
TN 01 BU 2283,865933032838860,0.0,66.19,0.0,03/09/2025 11:23:37,12.971982,80.042861,042861,2025-09-04T23:24:54.573753
TN 01 BU 2283,865933032838860,0.0,66.19,0.0,03/09/2025 11:22:38,12.971982,80.042861,042861,2025-09-04T23:24:54.573927
TN 01 BU 2283,865933032838860,0.0,66.19,0.0,03/09/2025 11:21:38,12.971982,80.042861,042861,2025-09-04T23:24:54.574068
TN 01 BU 2283,865933032838860,0.0,66.19,0.0,03/09/2025 11:20:39,12.971982,80.042861,042861,2025-09-04T23:24:54.574206
TN 01 BU 2283,865933032838860,0.0,66.19,0.0,03/09/2025 11:19:40,12.971982,80.042861,042861,2025-09-04T23:24:54.574389
TN 01 BU 2283,865933032838860,0.0,66.19,0.0,03/09/2025 11:18:41,12.971982,80.042861,042861,2025-09-04T23:24:54.574557
TN 01 BU 2283,865933032838860,0.0,66.19,0.0,03/09/2025 11:17:41,12.971982,80.042861,042861,2025-09-04T23:24:54.574755
TN 01 BU 2283,865933032838860,0.0,66.19,0.0,03/09/2025 11:16:42,12.971982,80.042861,042861,2025-09-04T23:24:54.574928
TN 01 BU 2283,865933032838860,0.0,66.19,0.0,03/09/2025 11:15:43,12.971982,80.042861,042861,2025-09-04T23:24:54.575103
TN 01 BU 2283,865933032838860,0.0,66.19,0.0,03/09/2025 11:14:44,12.971982,80.042861,042861,2025-09-04T23:24:54.575277
TN 01 BU 2283,865933032838860,0.0,66.19,0.0,03/09/2025 11:13:44,12.971982,80.042861,042861,2025-09-04T23:24:54.575473
TN 01 BU 2283,865933032838860,0.0,66.19,0.0,03/09/2025 11:12:45,12.971982,80.042861,042861,2025-09-04T23:24:54.575650
TN 01 BU 2283,865933032838860,0.0,66.19,0.0,03/09/2025 11:11:46,12.971982,80.042861,042861,2025-09-04T23:24:54.575828
TN 01 BU 2283,865933032838860,0.0,66.19,0.0,03/09/2025 11:10:47,12.971982,80.042861,042861,2025-09-04T23:24:54.575987
TN 01 BU 2283,865933032838860,0.0,66.19,0.0,03/09/2025 11:09:47,12.971982,80.042861,042861,2025-09-04T23:24:54.576152
TN 01 BU 2283,865933032838860,0.0,66.19,0.0,03/09/2025 11:08:48,12.971982,80.042861,042861,2025-09-04T23:24:54.576298
TN 01 BU 2283,865933032838860,0.0,66.19,0.0,03/09/2025 11:07:49,12.971982,80.042861,042861,2025-09-04T23:24:54.576464
TN 01 BU 2283,865933032838860,0.0,66.19,0.0,03/09/2025 11:06:50,12.971982,80.042861,042861,2025-09-04T23:24:54.576665
TN 01 BU 2283,865933032838860,0.0,66.19,0.0,03/09/2025 11:05:50,12.971982,80.042861,042861,2025-09-04T23:24:54.576886
TN 01 BU 2283,865933032838860,0.0,66.19,0.0,03/09/2025 11:04:51,12.971982,80.042861,042861,2025-09-04T23:24:54.577134
TN 01 BU 2283,865933032838860,0.0,66.19,0.0,03/09/2025 11:03:52,12.971982,80.042861,042861,2025-09-04T23:24:54.577327
TN 01 BU 2283,865933032838860,0.0,66.19,0.0,03/09/2025 11:02:53,12.971982,80.042861,042861,2025-09-04T23:24:54.577486
TN 01 BU 2283,865933032838860,0.0,66.19,0.0,03/09/2025 11:01:53,12.971982,80.042861,042861,2025-09-04T23:24:54.577648
TN 01 BU 2283,865933032838860,0.0,66.19,0.0,03/09/2025 11:00:54,12.971982,80.042861,042861,2025-09-04T23:24:54.577830
TN 01 BU 2283,865933032838860,0.0,66.19,0.0,03/09/2025 10:59:55,12.971982,80.042861,042861,2025-09-04T23:24:54.577990
TN 01 BU 2283,865933032838860,0.0,66.19,0.0,03/09/2025 10:58:55,12.971982,80.042861,042861,2025-09-04T23:24:54.578136
TN 01 BU 2283,865933032838860,0.0,66.19,0.0,03/09/2025 10:57:56,12.971982,80.042861,042861,2025-09-04T23:24:54.578284
TN 01 BU 2283,865933032838860,0.0,66.19,0.0,03/09/2025 10:56:57,12.971982,80.042861,042861,2025-09-04T23:24:54.578418
TN 01 BU 2283,865933032838860,0.0,66.19,0.0,03/09/2025 10:55:58,12.971982,80.042861,042861,2025-09-04T23:24:54.578531
TN 01 BU 2283,865933032838860,0.0,66.19,0.0,03/09/2025 10:54:58,12.971982,80.042861,042861,2025-09-04T23:24:54.578670
TN 01 BU 2283,865933032838860,0.0,66.19,0.0,03/09/2025 10:53:59,12.971982,80.042861,042861,2025-09-04T23:24:54.578821
TN 01 BU 2283,865933032838860,0.0,66.19,0.0,03/09/2025 10:53:00,12.971982,80.042861,042861,2025-09-04T23:24:54.578980
TN 01 BU 2283,865933032838860,0.0,66.19,0.0,03/09/2025 10:52:01,12.971982,80.042861,042861,2025-09-04T23:24:54.579121
TN 01 BU 2283,865933032838860,0.0,66.19,0.0,03/09/2025 10:51:01,12.971982,80.042861,042861,2025-09-04T23:24:54.579255
TN 01 BU 2283,865933032838860,0.0,66.19,0.0,03/09/2025 10:50:02,12.971982,80.042861,042861,2025-09-04T23:24:54.579402
TN 01 BU 2283,865933032838860,0.0,66.19,0.0,03/09/2025 10:49:03,12.971982,80.042861,042861,2025-09-04T23:24:54.579539
TN 01 BU 2283,865933032838860,0.0,66.19,0.0,03/09/2025 10:48:03,12.971982,80.042861,042861,2025-09-04T23:24:54.579706
TN 01 BU 2283,865933032838860,0.0,66.19,0.0,03/09/2025 10:47:04,12.971982,80.042861,042861,2025-09-04T23:24:54.579859
TN 01 BU 2283,865933032838860,0.0,66.19,0.0,03/09/2025 10:46:05,12.971982,80.042861,042861,2025-09-04T23:24:54.580007
TN 01 BU 2283,865933032838860,0.0,66.19,0.0,03/09/2025 10:45:06,12.971982,80.042861,042861,2025-09-04T23:24:54.580171
TN 01 BU 2283,865933032838860,0.0,66.19,0.0,03/09/2025 10:44:06,12.971982,80.042861,042861,2025-09-04T23:24:54.580320
TN 01 BU 2283,865933032838860,0.0,66.19,0.0,03/09/2025 10:43:07,12.971982,80.042861,042861,2025-09-04T23:24:54.580453
TN 01 BU 2283,865933032838860,0.0,66.19,0.0,03/09/2025 10:42:08,12.971982,80.042861,042861,2025-09-04T23:24:54.580593
TN 01 BU 2283,865933032838860,0.0,66.19,0.0,03/09/2025 10:41:08,12.971982,80.042861,042861,2025-09-04T23:24:54.580730
TN 01 BU 2283,865933032838860,0.0,66.19,0.0,03/09/2025 10:40:09,12.971982,80.042861,042861,2025-09-04T23:24:54.580891
TN 01 BU 2283,865933032838860,0.0,66.19,0.0,03/09/2025 10:39:10,12.971982,80.042861,042861,2025-09-04T23:24:54.581013
TN 01 BU 2283,865933032838860,0.0,66.19,0.0,03/09/2025 10:38:11,12.971982,80.042861,042861,2025-09-04T23:24:54.581126
TN 01 BU 2283,865933032838860,0.0,66.19,0.0,03/09/2025 10:37:11,12.971982,80.042861,042861,2025-09-04T23:24:54.581289
TN 01 BU 2283,865933032838860,0.0,66.19,0.0,03/09/2025 10:36:12,12.971982,80.042861,042861,2025-09-04T23:24:54.581459
TN 01 BU 2283,865933032838860,0.0,66.19,0.0,03/09/2025 10:35:13,12.971982,80.042861,042861,2025-09-04T23:24:54.581660
TN 01 BU 2283,865933032838860,0.0,66.19,0.0,03/09/2025 10:34:13,12.971982,80.042861,042861,2025-09-04T23:24:54.581875
TN 01 BU 2283,865933032838860,0.0,66.19,0.0,03/09/2025 10:33:14,12.971982,80.042861,042861,2025-09-04T23:24:54.582151
TN 01 BU 2283,865933032838860,0.0,66.19,0.0,03/09/2025 10:32:15,12.971982,80.042861,042861,2025-09-04T23:24:54.582424
TN 01 BU 2283,865933032838860,0.0,66.19,0.0,03/09/2025 10:31:16,12.971982,80.042861,042861,2025-09-04T23:24:54.582634
TN 01 BU 2283,865933032838860,0.0,66.19,0.0,03/09/2025 10:30:16,12.971982,80.042861,042861,2025-09-04T23:24:54.582782
TN 01 BU 2283,865933032838860,0.0,66.19,0.0,03/09/2025 10:29:17,12.971982,80.042861,042861,2025-09-04T23:24:54.582944
TN 01 BU 2283,865933032838860,0.0,66.19,0.0,03/09/2025 10:28:18,12.971982,80.042861,042861,2025-09-04T23:24:54.583193
TN 01 BU 2283,865933032838860,0.0,66.19,0.0,03/09/2025 10:27:18,12.971982,80.042861,042861,2025-09-04T23:24:54.583441
TN 01 BU 2283,865933032838860,0.0,66.19,0.0,03/09/2025 10:26:19,12.971982,80.042861,042861,2025-09-04T23:24:54.583788
TN 01 BU 2283,865933032838860,0.0,66.19,0.0,03/09/2025 10:25:20,12.971982,80.042861,042861,2025-09-04T23:24:54.583992
TN 01 BU 2283,865933032838860,0.0,66.19,0.0,03/09/2025 10:24:20,12.971982,80.042861,042861,2025-09-04T23:24:54.584186
TN 01 BU 2283,865933032838860,0.0,66.19,0.0,03/09/2025 10:23:21,12.971982,80.042861,042861,2025-09-04T23:24:54.584394
TN 01 BU 2283,865933032838860,0.0,66.19,0.0,03/09/2025 10:22:22,12.971982,80.042861,042861,2025-09-04T23:24:54.584620
TN 01 BU 2283,865933032838860,0.0,66.19,0.0,03/09/2025 10:21:22,12.971982,80.042861,042861,2025-09-04T23:24:54.584829
TN 01 BU 2283,865933032838860,0.0,66.19,0.0,03/09/2025 10:20:23,12.971982,80.042861,042861,2025-09-04T23:24:54.585052
TN 01 BU 2283,865933032838860,0.0,66.19,0.0,03/09/2025 10:19:24,12.971982,80.042861,042861,2025-09-04T23:24:54.585277
TN 01 BU 2283,865933032838860,0.0,66.19,0.0,03/09/2025 10:18:24,12.971982,80.042861,042861,2025-09-04T23:24:54.585536
TN 01 BU 2283,865933032838860,0.0,66.19,0.0,03/09/2025 10:17:25,12.971982,80.042861,042861,2025-09-04T23:24:54.585755
TN 01 BU 2283,865933032838860,0.0,66.19,0.0,03/09/2025 10:16:26,12.971982,80.042861,042861,2025-09-04T23:24:54.586006
TN 01 BU 2283,865933032838860,0.0,66.19,0.0,03/09/2025 10:15:26,12.971982,80.042861,042861,2025-09-04T23:24:54.586230
TN 01 BU 2283,865933032838860,0.0,66.19,0.0,03/09/2025 10:14:27,12.971982,80.042861,042861,2025-09-04T23:24:54.586483
TN 01 BU 2283,865933032838860,0.0,66.19,0.0,03/09/2025 10:13:28,12.971982,80.042861,042861,2025-09-04T23:24:54.586735
TN 01 BU 2283,865933032838860,0.0,66.19,0.0,03/09/2025 10:12:28,12.971982,80.042861,042861,2025-09-04T23:24:54.586958
TN 01 BU 2283,865933032838860,0.0,66.19,0.0,03/09/2025 10:11:29,12.971982,80.042861,042861,2025-09-04T23:24:54.587170
TN 01 BU 2283,865933032838860,0.0,66.19,0.0,03/09/2025 10:10:30,12.971982,80.042861,042861,2025-09-04T23:24:54.587368
TN 01 BU 2283,865933032838860,0.0,66.19,0.0,03/09/2025 10:09:30,12.971982,80.042861,042861,2025-09-04T23:24:54.587532
TN 01 BU 2283,865933032838860,0.0,66.19,0.0,03/09/2025 10:08:31,12.971982,80.042861,042861,2025-09-04T23:24:54.587718
TN 01 BU 2283,865933032838860,0.0,66.19,0.0,03/09/2025 10:07:31,12.971982,80.042861,042861,2025-09-04T23:24:54.587892
TN 01 BU 2283,865933032838860,0.0,66.19,0.0,03/09/2025 10:06:32,12.971982,80.042861,042861,2025-09-04T23:24:54.588054
TN 01 BU 2283,865933032838860,0.0,66.19,0.0,03/09/2025 10:05:33,12.971982,80.042861,042861,2025-09-04T23:24:54.588189
TN 01 BU 2283,865933032838860,0.0,66.19,0.0,03/09/2025 10:04:33,12.971982,80.042861,042861,2025-09-04T23:24:54.588343
TN 01 BU 2283,865933032838860,0.0,66.19,0.0,03/09/2025 10:03:34,12.971982,80.042861,042861,2025-09-04T23:24:54.588530
TN 01 BU 2283,865933032838860,0.0,66.19,0.0,03/09/2025 10:02:35,12.971982,80.042861,042861,2025-09-04T23:24:54.588682
TN 01 BU 2283,865933032838860,0.0,66.19,0.0,03/09/2025 10:01:35,12.971982,80.042861,042861,2025-09-04T23:24:54.588854
TN 01 BU 2283,865933032838860,0.0,66.19,0.0,03/09/2025 10:00:36,12.971982,80.042861,042861,2025-09-04T23:24:54.588999
TN 01 BU 2283,865933032838860,0.0,66.19,0.0,03/09/2025 09:59:37,12.971982,80.042861,042861,2025-09-04T23:24:54.589141
TN 01 BU 2283,865933032838860,0.0,66.19,0.0,03/09/2025 09:58:37,12.971982,80.042861,042861,2025-09-04T23:24:54.589293
TN 01 BU 2283,865933032838860,0.0,66.19,0.0,03/09/2025 09:57:38,12.971982,80.042861,042861,2025-09-04T23:24:54.589442
TN 01 BU 2283,865933032838860,0.0,66.19,0.0,03/09/2025 09:56:38,12.971982,80.042861,042861,2025-09-04T23:24:54.589596
TN 01 BU 2283,865933032838860,0.0,66.19,0.0,03/09/2025 09:55:39,12.971982,80.042861,042861,2025-09-04T23:24:54.589716
TN 01 BU 2283,865933032838860,0.0,66.19,0.0,03/09/2025 09:54:40,12.971982,80.042861,042861,2025-09-04T23:24:54.589846
TN 01 BU 2283,865933032838860,0.0,66.19,0.0,03/09/2025 09:53:40,12.971982,80.042861,042861,2025-09-04T23:24:54.589984
TN 01 BU 2283,865933032838860,0.0,66.19,0.0,03/09/2025 09:52:41,12.971982,80.042861,042861,2025-09-04T23:24:54.590137
TN 01 BU 2283,865933032838860,0.0,66.19,0.0,03/09/2025 09:51:42,12.971982,80.042861,042861,2025-09-04T23:24:54.590298
TN 01 BU 2283,865933032838860,0.0,66.19,0.0,03/09/2025 09:50:42,12.971982,80.042861,042861,2025-09-04T23:24:54.590451
TN 01 BU 2283,865933032838860,0.0,66.19,0.0,03/09/2025 09:49:43,12.971982,80.042861,042861,2025-09-04T23:24:54.590636
TN 01 BU 2283,865933032838860,0.0,66.19,0.0,03/09/2025 09:48:43,12.971982,80.042861,042861,2025-09-04T23:24:54.590823
TN 01 BU 2283,865933032838860,0.0,66.19,0.0,03/09/2025 09:47:44,12.971982,80.042861,042861,2025-09-04T23:24:54.590961
TN 01 BU 2283,865933032838860,0.0,66.19,0.0,03/09/2025 09:46:45,12.971982,80.042861,042861,2025-09-04T23:24:54.591081
TN 01 BU 2283,865933032838860,0.0,66.19,0.0,03/09/2025 09:45:45,12.971982,80.042861,042861,2025-09-04T23:24:54.591185
TN 01 BU 2283,865933032838860,0.0,66.19,0.0,03/09/2025 09:44:46,12.971982,80.042861,042861,2025-09-04T23:24:54.591310
TN 01 BU 2283,865933032838860,0.0,66.19,0.0,03/09/2025 09:43:46,12.971982,80.042861,042861,2025-09-04T23:24:54.591464
TN 01 BU 2283,865933032838860,0.0,66.19,0.0,03/09/2025 09:42:47,12.971982,80.042861,042861,2025-09-04T23:24:54.591652
TN 01 BU 2283,865933032838860,0.0,66.19,0.0,03/09/2025 09:41:48,12.971982,80.042861,042861,2025-09-04T23:24:54.591838
TN 01 BU 2283,865933032838860,0.0,66.19,0.0,03/09/2025 09:40:48,12.971982,80.042861,042861,2025-09-04T23:24:54.592014
TN 01 BU 2283,865933032838860,0.0,66.19,0.0,03/09/2025 09:39:49,12.971982,80.042861,042861,2025-09-04T23:24:54.592173
TN 01 BU 2283,865933032838860,1.0,66.19,0.0,03/09/2025 09:38:49,12.971982,80.042861,042861,2025-09-04T23:24:54.592356
TN 01 BU 2283,865933032838860,2.0,66.19,0.0,03/09/2025 09:37:50,12.971982,80.042861,042861,2025-09-04T23:24:54.592568
TN 01 BU 2283,865933032838860,0.0,66.19,0.0,03/09/2025 09:36:50,12.971982,80.042861,042861,2025-09-04T23:24:54.592765
TN 01 BU 2283,865933032838860,0.0,66.19,0.0,03/09/2025 09:35:51,12.971982,80.042861,042861,2025-09-04T23:24:54.592948
TN 01 BU 2283,865933032838860,0.0,66.19,0.0,03/09/2025 09:34:51,12.971982,80.042861,042861,2025-09-04T23:24:54.593109
TN 01 BU 2283,865933032838860,0.0,66.19,0.0,03/09/2025 09:33:52,12.971982,80.042861,042861,2025-09-04T23:24:54.593259
TN 01 BU 2283,865933032838860,0.0,66.19,0.0,03/09/2025 09:32:53,12.971982,80.042861,042861,2025-09-04T23:24:54.593379
TN 01 BU 2283,865933032838860,0.0,66.19,0.0,03/09/2025 09:31:53,12.971982,80.042861,042861,2025-09-04T23:24:54.593509
TN 01 BU 2283,865933032838860,0.0,66.19,0.0,03/09/2025 09:30:54,12.971982,80.042861,042861,2025-09-04T23:24:54.593644
TN 01 BU 2283,865933032838860,0.0,66.19,0.0,03/09/2025 09:29:54,12.971982,80.042861,042861,2025-09-04T23:24:54.593781
TN 01 BU 2283,865933032838860,0.0,66.19,0.0,03/09/2025 09:28:55,12.971982,80.042861,042861,2025-09-04T23:24:54.593931
TN 01 BU 2283,865933032838860,0.0,66.19,0.0,03/09/2025 09:27:56,12.971982,80.042861,042861,2025-09-04T23:24:54.594054
TN 01 BU 2283,865933032838860,0.0,66.19,0.0,03/09/2025 09:26:56,12.971982,80.042861,042861,2025-09-04T23:24:54.594193
TN 01 BU 2283,865933032838860,1.0,66.19,0.0,03/09/2025 09:25:57,12.971982,80.042861,042861,2025-09-04T23:24:54.594318
TN 01 BU 2283,865933032838860,0.0,66.19,0.0,03/09/2025 09:24:57,12.971982,80.042861,042861,2025-09-04T23:24:54.594466
TN 01 BU 2283,865933032838860,8.0,68.85,0.0,03/09/2025 09:23:58,12.972501,80.042739,042739,2025-09-04T23:24:54.594609
TN 01 BU 2283,865933032838860,8.0,71.51,0.0,03/09/2025 09:23:40,12.972601,80.042671,042671,2025-09-04T23:24:54.594752
TN 01 BU 2283,865933032838860,10.0,74.16,0.0,03/09/2025 09:23:39,12.972601,80.042655,042655,2025-09-04T23:24:54.594908
TN 01 BU 2283,865933032838860,16.0,76.81,0.0,03/09/2025 09:23:37,12.972571,80.04261,042610,2025-09-04T23:24:54.595043
TN 01 BU 2283,865933032838860,62.0,79.22,0.0,03/09/2025 09:23:16,12.971288,80.040512,040512,2025-09-04T23:24:54.595178
TN 01 BU 2283,865933032838860,67.0,81.25,0.0,03/09/2025 09:22:56,12.970522,80.037094,037094,2025-09-04T23:24:54.595310
TN 01 BU 2283,865933032838860,76.0,82.16,0.0,03/09/2025 09:21:57,12.96854,80.026679,026679,2025-09-04T23:24:54.595447
TN 01 BU 2283,865933032838860,19.0,82.17,0.0,03/09/2025 09:21:07,12.969416,80.018356,018356,2025-09-04T23:24:54.595578
TN 01 BU 2283,865933032838860,12.0,82.57,0.0,03/09/2025 09:21:05,12.969448,80.01828,018280,2025-09-04T23:24:54.595723
TN 01 BU 2283,865933032838860,11.0,82.97,0.0,03/09/2025 09:21:04,12.96947,80.018257,018257,2025-09-04T23:24:54.595871
TN 01 BU 2283,865933032838860,31.0,83.01,0.0,03/09/2025 09:20:17,12.973023,80.018615,018615,2025-09-04T23:24:54.596007
TN 01 BU 2283,865933032838860,36.0,83.28,0.0,03/09/2025 09:20:13,12.973364,80.018615,018615,2025-09-04T23:24:54.596300
TN 01 BU 2283,865933032838860,43.0,83.82,0.0,03/09/2025 09:19:51,12.975571,80.017608,017608,2025-09-04T23:24:54.596444
TN 01 BU 2283,865933032838860,7.0,83.88,0.0,03/09/2025 09:18:52,12.980116,80.015792,015792,2025-09-04T23:24:54.596571
TN 01 BU 2283,865933032838860,9.0,83.96,0.0,03/09/2025 09:18:39,12.980591,80.015571,015571,2025-09-04T23:24:54.596748
TN 01 BU 2283,865933032838860,8.0,84.03,0.0,03/09/2025 09:18:22,12.981287,80.015296,015296,2025-09-04T23:24:54.597023
TN 01 BU 2283,865933032838860,13.0,84.05,0.0,03/09/2025 09:18:03,12.981956,80.015266,015266,2025-09-04T23:24:54.597245
TN 01 BU 2283,865933032838860,12.0,84.12,0.0,03/09/2025 09:17:59,12.982067,80.015281,015281,2025-09-04T23:24:54.597443
TN 01 BU 2283,865933032838860,11.0,84.13,0.0,03/09/2025 09:17:40,12.982725,80.015296,015296,2025-09-04T23:24:54.597662
TN 01 BU 2283,865933032838860,9.0,84.42,0.0,03/09/2025 09:17:38,12.982776,80.015289,015289,2025-09-04T23:24:54.597951
TN 01 BU 2283,865933032838860,10.0,84.71,0.0,03/09/2025 09:17:37,12.982806,80.015266,015266,2025-09-04T23:24:54.598227
TN 01 BU 2283,865933032838860,43.0,84.87,0.0,03/09/2025 09:16:51,12.983813,80.012817,012817,2025-09-04T23:24:54.598499
TN 01 BU 2283,865933032838860,11.0,84.89,0.0,03/09/2025 09:16:34,12.984551,80.011627,011627,2025-09-04T23:24:54.598739
TN 01 BU 2283,865933032838860,17.0,84.9,0.0,03/09/2025 09:16:31,12.984629,80.01155,011550,2025-09-04T23:24:54.598933
TN 01 BU 2283,865933032838860,21.0,85.42,0.0,03/09/2025 09:16:29,12.984711,80.011505,011505,2025-09-04T23:24:54.599135
TN 01 BU 2283,865933032838860,45.0,85.99,0.0,03/09/2025 09:15:34,12.989132,80.012908,012908,2025-09-04T23:24:54.599303
TN 01 BU 2283,865933032838860,11.0,86.44,0.0,03/09/2025 09:14:35,12.994019,80.014503,014503,2025-09-04T23:24:54.599481
TN 01 BU 2283,865933032838860,8.0,86.89,0.0,03/09/2025 09:14:34,12.994043,80.014503,014503,2025-09-04T23:24:54.599621
TN 01 BU 2283,865933032838860,39.0,87.01,0.0,03/09/2025 09:13:51,12.997877,80.015754,015754,2025-09-04T23:24:54.599787
TN 01 BU 2283,865933032838860,16.0,87.05,0.0,03/09/2025 09:13:32,12.998742,80.01638,016380,2025-09-04T23:24:54.599967
TN 01 BU 2283,865933032838860,15.0,87.05,0.0,03/09/2025 09:13:24,12.999105,80.016578,016578,2025-09-04T23:24:54.600176
TN 01 BU 2283,865933032838860,16.0,87.07,0.0,03/09/2025 09:13:22,12.999184,80.016586,016586,2025-09-04T23:24:54.600403
TN 01 BU 2283,865933032838860,19.0,87.07,0.0,03/09/2025 09:13:20,12.999273,80.016555,016555,2025-09-04T23:24:54.600621
TN 01 BU 2283,865933032838860,23.0,87.52,0.0,03/09/2025 09:13:19,12.999313,80.016525,016525,2025-09-04T23:24:54.600854
TN 01 BU 2283,865933032838860,25.0,87.96,0.0,03/09/2025 09:13:17,12.999388,80.016426,016426,2025-09-04T23:24:54.601063
TN 01 BU 2283,865933032838860,25.0,88.14,0.0,03/09/2025 09:12:28,12.99938,80.012367,012367,2025-09-04T23:24:54.601262
TN 01 BU 2283,865933032838860,10.0,88.2,0.0,03/09/2025 09:12:04,12.999355,80.010696,010696,2025-09-04T23:24:54.601516
TN 01 BU 2283,865933032838860,41.0,88.47,0.0,03/09/2025 09:11:56,12.999331,80.010154,010154,2025-09-04T23:24:54.601794
TN 01 BU 2283,865933032838860,31.0,89.01,0.0,03/09/2025 09:11:34,12.999897,80.00769,007690,2025-09-04T23:24:54.602058
TN 01 BU 2283,865933032838860,31.0,89.53,0.0,03/09/2025 09:10:35,13.001386,80.00296,002960,2025-09-04T23:24:54.602272
TN 01 BU 2283,865933032838860,26.0,89.59,0.0,03/09/2025 09:09:36,13.002818,79.998352,998352,2025-09-04T23:24:54.602477
TN 01 BU 2283,865933032838860,10.0,90.0,0.0,03/09/2025 09:09:28,13.002993,79.997833,997833,2025-09-04T23:24:54.602673
TN 01 BU 2283,865933032838860,22.0,90.02,0.0,03/09/2025 09:08:29,13.004051,79.994239,994239,2025-09-04T23:24:54.602849
TN 01 BU 2283,865933032838860,16.0,90.04,0.0,03/09/2025 09:08:27,13.004103,79.994148,994148,2025-09-04T23:24:54.603073
TN 01 BU 2283,865933032838860,14.0,90.05,0.0,03/09/2025 09:08:25,13.004163,79.994102,994102,2025-09-04T23:24:54.603336
TN 01 BU 2283,865933032838860,14.0,90.05,0.0,03/09/2025 09:08:24,13.004198,79.994094,994094,2025-09-04T23:24:54.603569
TN 01 BU 2283,865933032838860,16.0,90.08,0.0,03/09/2025 09:08:22,13.004275,79.994117,994117,2025-09-04T23:24:54.603771
TN 01 BU 2283,865933032838860,15.0,90.15,0.0,03/09/2025 09:08:18,13.004443,79.994224,994224,2025-09-04T23:24:54.603965
TN 01 BU 2283,865933032838860,4.0,90.55,0.0,03/09/2025 09:07:45,13.005024,79.994636,994636,2025-09-04T23:24:54.604174
TN 01 BU 2283,865933032838860,11.0,90.55,0.0,03/09/2025 09:06:46,13.007998,79.996612,996612,2025-09-04T23:24:54.604381
TN 01 BU 2283,865933032838860,2.0,90.55,0.0,03/09/2025 09:06:37,13.008034,79.996658,996658,2025-09-04T23:24:54.604572
TN 01 BU 2283,865933032838860,0.0,90.55,0.0,03/09/2025 09:05:38,13.008034,79.996658,996658,2025-09-04T23:24:54.604739
TN 01 BU 2283,865933032838860,0.0,90.55,0.0,03/09/2025 09:04:38,13.008034,79.996658,996658,2025-09-04T23:24:54.604903
TN 01 BU 2283,865933032838860,0.0,90.55,0.0,03/09/2025 09:03:39,13.008034,79.996658,996658,2025-09-04T23:24:54.605042
TN 01 BU 2283,865933032838860,0.0,90.55,0.0,03/09/2025 09:02:39,13.008034,79.996658,996658,2025-09-04T23:24:54.605178
TN 01 BU 2283,865933032838860,0.0,90.55,0.0,03/09/2025 09:01:40,13.008034,79.996658,996658,2025-09-04T23:24:54.605326
TN 01 BU 2283,865933032838860,7.0,90.55,0.0,03/09/2025 09:00:41,13.008034,79.996658,996658,2025-09-04T23:24:54.605470
TN 01 BU 2283,865933032838860,8.0,90.55,0.0,03/09/2025 09:00:40,13.008051,79.99665,996650,2025-09-04T23:24:54.605603
TN 01 BU 2283,865933032838860,11.0,91.18,0.0,03/09/2025 09:00:38,13.008098,79.996643,996643,2025-09-04T23:24:54.605740
TN 01 BU 2283,865933032838860,29.0,91.44,0.0,03/09/2025 08:59:59,13.010883,79.998703,998703,2025-09-04T23:24:54.605900
TN 01 BU 2283,865933032838860,19.0,91.58,0.0,03/09/2025 08:59:38,13.012311,80.000312,000312,2025-09-04T23:24:54.606076
TN 01 BU 2283,865933032838860,9.0,91.72,0.0,03/09/2025 08:59:36,13.012345,80.000404,000404,2025-09-04T23:24:54.606264
TN 01 BU 2283,865933032838860,7.0,91.85,0.0,03/09/2025 08:59:34,13.012351,80.000465,000465,2025-09-04T23:24:54.606438
TN 01 BU 2283,865933032838860,10.0,91.98,0.0,03/09/2025 08:59:32,13.012321,80.000541,000541,2025-09-04T23:24:54.606645
TN 01 BU 2283,865933032838860,8.0,92.08,0.0,03/09/2025 08:59:25,13.012143,80.000656,000656,2025-09-04T23:24:54.606895
TN 01 BU 2283,865933032838860,18.0,92.15,0.0,03/09/2025 08:59:13,13.011804,80.000816,000816,2025-09-04T23:24:54.607093
TN 01 BU 2283,865933032838860,34.0,92.29,0.0,03/09/2025 08:59:06,13.011322,80.001106,001106,2025-09-04T23:24:54.607288
TN 01 BU 2283,865933032838860,34.0,92.29,0.0,03/09/2025 08:59:06,13.011322,80.001106,001106,2025-09-04T23:24:54.607482
TN 01 BU 2283,865933032838860,7.0,92.29,0.0,03/09/2025 08:58:44,13.01066,80.002296,002296,2025-09-04T23:24:54.607701
TN 01 BU 2283,865933032838860,7.0,92.33,0.0,03/09/2025 08:58:41,13.010609,80.002349,002349,2025-09-04T23:24:54.607929
TN 01 BU 2283,865933032838860,14.0,92.37,0.0,03/09/2025 08:58:34,13.010488,80.002693,002693,2025-09-04T23:24:54.608117
TN 01 BU 2283,865933032838860,18.0,92.4,0.0,03/09/2025 08:58:29,13.010312,80.002967,002967,2025-09-04T23:24:54.608292
TN 01 BU 2283,865933032838860,9.0,92.43,0.0,03/09/2025 08:58:23,13.010087,80.003181,003181,2025-09-04T23:24:54.608508
TN 01 BU 2283,865933032838860,7.0,92.43,0.0,03/09/2025 08:58:08,13.009841,80.003189,003189,2025-09-04T23:24:54.608750
TN 01 BU 2283,865933032838860,9.0,92.48,0.0,03/09/2025 08:58:05,13.009764,80.003196,003196,2025-09-04T23:24:54.608964
TN 01 BU 2283,865933032838860,16.0,92.52,0.0,03/09/2025 08:57:59,13.009579,80.003181,003181,2025-09-04T23:24:54.609150
TN 01 BU 2283,865933032838860,9.0,92.56,0.0,03/09/2025 08:57:56,13.009485,80.00315,003150,2025-09-04T23:24:54.609328
TN 01 BU 2283,865933032838860,5.0,92.56,0.0,03/09/2025 08:57:53,13.009398,80.003479,003479,2025-09-04T23:24:54.609493
TN 01 BU 2283,865933032838860,2.0,92.56,0.0,03/09/2025 08:56:54,13.009398,80.003479,003479,2025-09-04T23:24:54.609661
TN 01 BU 2283,865933032838860,2.0,92.56,0.0,03/09/2025 08:55:55,13.009398,80.003479,003479,2025-09-04T23:24:54.609817
TN 01 BU 2283,865933032838860,2.0,92.56,0.0,03/09/2025 08:55:55,13.009398,80.003479,003479,2025-09-04T23:24:54.610111
TN 01 BU 2283,865933032838860,2.0,92.56,0.0,03/09/2025 08:54:55,13.009398,80.003479,003479,2025-09-04T23:24:54.610454
TN 01 BU 2283,865933032838860,2.0,92.56,0.0,03/09/2025 08:53:56,13.009398,80.003479,003479,2025-09-04T23:24:54.610632
TN 01 BU 2283,865933032838860,2.0,92.56,0.0,03/09/2025 08:53:56,13.009398,80.003479,003479,2025-09-04T23:24:54.610834
TN 01 BU 2283,865933032838860,0.0,92.56,0.0,03/09/2025 08:52:57,13.009398,80.003479,003479,2025-09-04T23:24:54.611029
TN 01 BU 2283,865933032838860,1.0,92.56,0.0,03/09/2025 08:51:57,13.009398,80.003479,003479,2025-09-04T23:24:54.611260
TN 01 BU 2283,865933032838860,1.0,92.56,0.0,03/09/2025 08:50:58,13.009398,80.003479,003479,2025-09-04T23:24:54.611470
TN 01 BU 2283,865933032838860,1.0,92.56,0.0,03/09/2025 08:49:58,13.009398,80.003479,003479,2025-09-04T23:24:54.611715
TN 01 BU 2283,865933032838860,3.0,92.56,0.0,03/09/2025 08:48:59,13.009398,80.003479,003479,2025-09-04T23:24:54.611944
TN 01 BU 2283,865933032838860,6.0,92.57,0.0,03/09/2025 08:48:00,13.009398,80.003479,003479,2025-09-04T23:24:54.612144
TN 01 BU 2283,865933032838860,6.0,92.57,0.0,03/09/2025 08:48:00,13.009398,80.003479,003479,2025-09-04T23:24:54.612340
TN 01 BU 2283,865933032838860,9.0,92.75,0.0,03/09/2025 08:47:54,13.009394,80.003646,003646,2025-09-04T23:24:54.612515
TN 01 BU 2283,865933032838860,7.0,92.76,0.0,03/09/2025 08:47:10,13.009483,80.005226,005226,2025-09-04T23:24:54.612690
TN 01 BU 2283,865933032838860,7.0,92.76,0.0,03/09/2025 08:47:09,13.009488,80.005241,005241,2025-09-04T23:24:54.612833
TN 01 BU 2283,865933032838860,8.0,92.79,0.0,03/09/2025 08:47:08,13.009498,80.005264,005264,2025-09-04T23:24:54.613005
TN 01 BU 2283,865933032838860,9.0,92.81,0.0,03/09/2025 08:47:06,13.009534,80.005294,005294,2025-09-04T23:24:54.613179
TN 01 BU 2283,865933032838860,9.0,92.82,0.0,03/09/2025 08:46:56,13.009748,80.00534,005340,2025-09-04T23:24:54.613305
TN 01 BU 2283,865933032838860,7.0,92.82,0.0,03/09/2025 08:46:55,13.009768,80.00534,005340,2025-09-04T23:24:54.613430
TN 01 BU 2283,865933032838860,10.0,92.82,0.0,03/09/2025 08:46:53,13.009798,80.005355,005355,2025-09-04T23:24:54.613582
TN 01 BU 2283,865933032838860,7.0,92.84,0.0,03/09/2025 08:46:51,13.009824,80.005393,005393,2025-09-04T23:24:54.613723
TN 01 BU 2283,865933032838860,10.0,92.87,0.0,03/09/2025 08:46:43,13.009817,80.005607,005607,2025-09-04T23:24:54.613862
TN 01 BU 2283,865933032838860,1.0,92.87,0.0,03/09/2025 08:46:25,13.009585,80.005577,005577,2025-09-04T23:24:54.613986
TN 01 BU 2283,865933032838860,1.0,92.87,0.0,03/09/2025 08:45:26,13.009585,80.005577,005577,2025-09-04T23:24:54.614097
TN 01 BU 2283,865933032838860,1.0,92.87,0.0,03/09/2025 08:44:27,13.009585,80.005577,005577,2025-09-04T23:24:54.614233
TN 01 BU 2283,865933032838860,0.0,92.87,0.0,03/09/2025 08:43:27,13.009585,80.005577,005577,2025-09-04T23:24:54.614426
TN 01 BU 2283,865933032838860,0.0,92.87,0.0,03/09/2025 08:42:28,13.009585,80.005577,005577,2025-09-04T23:24:54.614617
TN 01 BU 2283,865933032838860,1.0,92.87,0.0,03/09/2025 08:41:28,13.009585,80.005577,005577,2025-09-04T23:24:54.614808
TN 01 BU 2283,865933032838860,0.0,92.87,0.0,03/09/2025 08:40:29,13.009585,80.005577,005577,2025-09-04T23:24:54.614985
TN 01 BU 2283,865933032838860,0.0,92.87,0.0,03/09/2025 08:39:30,13.009585,80.005577,005577,2025-09-04T23:24:54.615181
TN 01 BU 2283,865933032838860,0.0,92.87,0.0,03/09/2025 08:38:30,13.009585,80.005577,005577,2025-09-04T23:24:54.615468
TN 01 BU 2283,865933032838860,0.0,92.87,0.0,03/09/2025 08:37:31,13.009585,80.005577,005577,2025-09-04T23:24:54.615702
TN 01 BU 2283,865933032838860,0.0,92.87,0.0,03/09/2025 08:36:31,13.009585,80.005577,005577,2025-09-04T23:24:54.615920
TN 01 BU 2283,865933032838860,0.0,92.87,0.0,03/09/2025 08:35:32,13.009585,80.005577,005577,2025-09-04T23:24:54.616107
TN 01 BU 2283,865933032838860,0.0,92.87,0.0,03/09/2025 08:34:32,13.009585,80.005577,005577,2025-09-04T23:24:54.616285
TN 01 BU 2283,865933032838860,0.0,92.87,0.0,03/09/2025 08:33:33,13.009585,80.005577,005577,2025-09-04T23:24:54.616558
TN 01 BU 2283,865933032838860,0.0,92.87,0.0,03/09/2025 08:32:34,13.009585,80.005577,005577,2025-09-04T23:24:54.616765
TN 01 BU 2283,865933032838860,0.0,92.87,0.0,03/09/2025 08:31:34,13.009585,80.005577,005577,2025-09-04T23:24:54.616982
TN 01 BU 2283,865933032838860,0.0,92.87,0.0,03/09/2025 08:30:35,13.009585,80.005577,005577,2025-09-04T23:24:54.617194
TN 01 BU 2283,865933032838860,0.0,92.87,0.0,03/09/2025 08:29:35,13.009585,80.005577,005577,2025-09-04T23:24:54.617359
TN 01 BU 2283,865933032838860,0.0,92.87,0.0,03/09/2025 08:28:36,13.009585,80.005577,005577,2025-09-04T23:24:54.617540
TN 01 BU 2283,865933032838860,0.0,92.87,0.0,03/09/2025 08:27:36,13.009585,80.005577,005577,2025-09-04T23:24:54.617747
TN 01 BU 2283,865933032838860,0.0,92.87,0.0,03/09/2025 08:26:37,13.009585,80.005577,005577,2025-09-04T23:24:54.617954
TN 01 BU 2283,865933032838860,0.0,92.87,0.0,03/09/2025 08:25:37,13.009585,80.005577,005577,2025-09-04T23:24:54.618153
TN 01 BU 2283,865933032838860,0.0,92.87,0.0,03/09/2025 08:24:38,13.009585,80.005577,005577,2025-09-04T23:24:54.618342
TN 01 BU 2283,865933032838860,1.0,92.87,0.0,03/09/2025 08:23:38,13.009585,80.005577,005577,2025-09-04T23:24:54.618524
TN 01 BU 2283,865933032838860,1.0,92.87,0.0,03/09/2025 08:22:39,13.009585,80.005577,005577,2025-09-04T23:24:54.618725
TN 01 BU 2283,865933032838860,1.0,92.87,0.0,03/09/2025 08:21:39,13.009585,80.005577,005577,2025-09-04T23:24:54.618911
TN 01 BU 2283,865933032838860,0.0,92.87,0.0,03/09/2025 08:20:40,13.009585,80.005577,005577,2025-09-04T23:24:54.619102
TN 01 BU 2283,865933032838860,0.0,92.87,0.0,03/09/2025 08:19:40,13.009585,80.005577,005577,2025-09-04T23:24:54.619308
TN 01 BU 2283,865933032838860,0.0,92.87,0.0,03/09/2025 08:18:41,13.009585,80.005577,005577,2025-09-04T23:24:54.619505
TN 01 BU 2283,865933032838860,1.0,92.87,0.0,03/09/2025 08:17:41,13.009585,80.005577,005577,2025-09-04T23:24:54.619682
TN 01 BU 2283,865933032838860,0.0,92.87,0.0,03/09/2025 08:16:42,13.009585,80.005577,005577,2025-09-04T23:24:54.619891
TN 01 BU 2283,865933032838860,1.0,92.87,0.0,03/09/2025 08:15:42,13.009585,80.005577,005577,2025-09-04T23:24:54.620072
TN 01 BU 2283,865933032838860,1.0,92.87,0.0,03/09/2025 08:14:43,13.009585,80.005577,005577,2025-09-04T23:24:54.620255
TN 01 BU 2283,865933032838860,0.0,92.87,0.0,03/09/2025 08:13:44,13.009585,80.005577,005577,2025-09-04T23:24:54.620454
TN 01 BU 2283,865933032838860,0.0,92.87,0.0,03/09/2025 08:12:44,13.009585,80.005577,005577,2025-09-04T23:24:54.620632
TN 01 BU 2283,865933032838860,1.0,92.87,0.0,03/09/2025 08:11:45,13.009585,80.005577,005577,2025-09-04T23:24:54.620823
TN 01 BU 2283,865933032838860,2.0,92.87,0.0,03/09/2025 08:10:45,13.009585,80.005577,005577,2025-09-04T23:24:54.621018
TN 01 BU 2283,865933032838860,1.0,92.87,0.0,03/09/2025 08:09:46,13.009585,80.005577,005577,2025-09-04T23:24:54.621223
TN 01 BU 2283,865933032838860,0.0,92.87,0.0,03/09/2025 08:08:46,13.009585,80.005577,005577,2025-09-04T23:24:54.621395
TN 01 BU 2283,865933032838860,0.0,92.87,0.0,03/09/2025 08:07:47,13.009585,80.005577,005577,2025-09-04T23:24:54.621604
TN 01 BU 2283,865933032838860,0.0,92.87,0.0,03/09/2025 08:06:47,13.009585,80.005577,005577,2025-09-04T23:24:54.621793
TN 01 BU 2283,865933032838860,2.0,92.88,0.0,03/09/2025 08:05:48,13.009585,80.005577,005577,2025-09-04T23:24:54.621993
TN 01 BU 2283,865933032838860,19.0,92.96,0.0,03/09/2025 08:04:49,13.009596,80.005485,005485,2025-09-04T23:24:54.622188
TN 01 BU 2283,865933032838860,13.0,92.97,0.0,03/09/2025 08:04:39,13.009431,80.004898,004898,2025-09-04T23:24:54.622390
TN 01 BU 2283,865933032838860,7.0,92.97,0.0,03/09/2025 08:04:37,13.009423,80.004806,004806,2025-09-04T23:24:54.622584
TN 01 BU 2283,865933032838860,6.0,92.97,0.0,03/09/2025 08:04:33,13.0094,80.004745,004745,2025-09-04T23:24:54.622778
TN 01 BU 2283,865933032838860,8.0,93.01,0.0,03/09/2025 08:04:31,13.009409,80.004707,004707,2025-09-04T23:24:54.622954
TN 01 BU 2283,865933032838860,9.0,93.03,0.0,03/09/2025 08:04:19,13.009313,80.004386,004386,2025-09-04T23:24:54.623226
TN 01 BU 2283,865933032838860,6.0,93.28,0.0,03/09/2025 08:03:48,13.009512,80.004455,004455,2025-09-04T23:24:54.623437
TN 01 BU 2283,865933032838860,9.0,93.28,0.0,03/09/2025 08:03:41,13.009572,80.004417,004417,2025-09-04T23:24:54.623676
TN 01 BU 2283,865933032838860,8.0,93.28,0.0,03/09/2025 08:03:40,13.00959,80.004417,004417,2025-09-04T23:24:54.623894
TN 01 BU 2283,865933032838860,8.0,93.28,0.0,03/09/2025 08:03:39,13.00961,80.004432,004432,2025-09-04T23:24:54.624087
TN 01 BU 2283,865933032838860,8.0,93.28,0.0,03/09/2025 08:03:38,13.009634,80.00444,004440,2025-09-04T23:24:54.624269
TN 01 BU 2283,865933032838860,9.0,93.28,0.0,03/09/2025 08:03:36,13.009666,80.004486,004486,2025-09-04T23:24:54.624469
TN 01 BU 2283,865933032838860,11.0,93.28,0.0,03/09/2025 08:03:35,13.009663,80.004531,004531,2025-09-04T23:24:54.624770
TN 01 BU 2283,865933032838860,12.0,93.28,0.0,03/09/2025 08:03:15,13.009526,80.005256,005256,2025-09-04T23:24:54.625109
TN 01 BU 2283,865933032838860,12.0,93.28,0.0,03/09/2025 08:02:40,13.008038,80.005386,005386,2025-09-04T23:24:54.625336
TN 01 BU 2283,865933032838860,7.0,93.28,0.0,03/09/2025 08:02:34,13.007909,80.00534,005340,2025-09-04T23:24:54.625530
TN 01 BU 2283,865933032838860,18.0,93.28,0.0,03/09/2025 08:02:24,13.007516,80.005302,005302,2025-09-04T23:24:54.625729
TN 01 BU 2283,865933032838860,11.0,93.28,0.0,03/09/2025 08:02:22,13.007458,80.005249,005249,2025-09-04T23:24:54.625937
TN 01 BU 2283,865933032838860,10.0,93.28,0.0,03/09/2025 08:02:21,13.007432,80.005226,005226,2025-09-04T23:24:54.626129
TN 01 BU 2283,865933032838860,13.0,93.28,0.0,03/09/2025 08:02:20,13.007412,80.005187,005187,2025-09-04T23:24:54.626317
TN 01 BU 2283,865933032838860,23.0,93.28,0.0,03/09/2025 08:02:13,13.007374,80.004737,004737,2025-09-04T23:24:54.626578
TN 01 BU 2283,865933032838860,11.0,93.28,0.0,03/09/2025 08:02:08,13.007388,80.004486,004486,2025-09-04T23:24:54.626919
TN 01 BU 2283,865933032838860,8.0,93.28,0.0,03/09/2025 08:02:03,13.007403,80.004417,004417,2025-09-04T23:24:54.627108
TN 01 BU 2283,865933032838860,26.0,93.28,0.0,03/09/2025 08:01:59,13.007421,80.004234,004234,2025-09-04T23:24:54.627312
TN 01 BU 2283,865933032838860,10.0,93.28,0.0,03/09/2025 08:01:56,13.007392,80.004066,004066,2025-09-04T23:24:54.627493
TN 01 BU 2283,865933032838860,10.0,93.36,0.0,03/09/2025 08:01:55,13.007374,80.004028,004028,2025-09-04T23:24:54.627686
TN 01 BU 2283,865933032838860,10.0,93.36,0.0,03/09/2025 08:01:55,13.007374,80.004028,004028,2025-09-04T23:24:54.627895
TN 01 BU 2283,865933032838860,9.0,93.44,0.0,03/09/2025 08:01:54,13.007361,80.00399,003990,2025-09-04T23:24:54.628088
TN 01 BU 2283,865933032838860,9.0,93.44,0.0,03/09/2025 08:01:54,13.007361,80.00399,003990,2025-09-04T23:24:54.628264
TN 01 BU 2283,865933032838860,7.0,93.5,0.0,03/09/2025 08:01:35,13.007523,80.003906,003906,2025-09-04T23:24:54.628443
TN 01 BU 2283,865933032838860,7.0,93.5,0.0,03/09/2025 08:01:35,13.007523,80.003906,003906,2025-09-04T23:24:54.628635
TN 01 BU 2283,865933032838860,9.0,93.56,0.0,03/09/2025 08:01:20,13.007492,80.003814,003814,2025-09-04T23:24:54.628856
TN 01 BU 2283,865933032838860,9.0,93.56,0.0,03/09/2025 08:01:20,13.007492,80.003814,003814,2025-09-04T23:24:54.629043
TN 01 BU 2283,865933032838860,9.0,93.62,0.0,03/09/2025 08:01:19,13.007479,80.003799,003799,2025-09-04T23:24:54.629251
TN 01 BU 2283,865933032838860,9.0,93.62,0.0,03/09/2025 08:01:19,13.007479,80.003799,003799,2025-09-04T23:24:54.629434
TN 01 BU 2283,865933032838860,11.0,93.66,0.0,03/09/2025 08:01:18,13.00749,80.003707,003707,2025-09-04T23:24:54.629601
TN 01 BU 2283,865933032838860,11.0,93.66,0.0,03/09/2025 08:01:18,13.00749,80.003707,003707,2025-09-04T23:24:54.629784
TN 01 BU 2283,865933032838860,7.0,93.68,0.0,03/09/2025 08:01:08,13.007513,80.00344,003440,2025-09-04T23:24:54.629993
TN 01 BU 2283,865933032838860,7.0,93.68,0.0,03/09/2025 08:01:08,13.007513,80.00344,003440,2025-09-04T23:24:54.630175
TN 01 BU 2283,865933032838860,7.0,93.68,0.0,03/09/2025 08:01:02,13.007561,80.003356,003356,2025-09-04T23:24:54.630327
TN 01 BU 2283,865933032838860,7.0,93.68,0.0,03/09/2025 08:01:02,13.007561,80.003356,003356,2025-09-04T23:24:54.630528
TN 01 BU 2283,865933032838860,10.0,93.71,0.0,03/09/2025 08:01:00,13.007604,80.003303,003303,2025-09-04T23:24:54.630722
TN 01 BU 2283,865933032838860,10.0,93.71,0.0,03/09/2025 08:01:00,13.007604,80.003303,003303,2025-09-04T23:24:54.630945
TN 01 BU 2283,865933032838860,10.0,93.71,0.0,03/09/2025 08:01:00,13.007604,80.003303,003303,2025-09-04T23:24:54.631165
TN 01 BU 2283,865933032838860,16.0,93.74,0.0,03/09/2025 08:00:54,13.007635,80.003067,003067,2025-09-04T23:24:54.631366
TN 01 BU 2283,865933032838860,6.0,93.97,0.0,03/09/2025 08:00:32,13.007766,80.002906,002906,2025-09-04T23:24:54.631567
TN 01 BU 2283,865933032838860,12.0,94.18,0.0,03/09/2025 08:00:29,13.007863,80.002807,002807,2025-09-04T23:24:54.631767
TN 01 BU 2283,865933032838860,10.0,94.37,0.0,03/09/2025 08:00:19,13.008161,80.002746,002746,2025-09-04T23:24:54.631946
TN 01 BU 2283,865933032838860,7.0,94.46,0.0,03/09/2025 07:59:22,13.009043,80.002693,002693,2025-09-04T23:24:54.632087
TN 01 BU 2283,865933032838860,7.0,94.56,0.0,03/09/2025 07:59:15,13.009169,80.00267,002670,2025-09-04T23:24:54.632209
TN 01 BU 2283,865933032838860,7.0,94.64,0.0,03/09/2025 07:59:12,13.009215,80.00267,002670,2025-09-04T23:24:54.632344
TN 01 BU 2283,865933032838860,6.0,94.73,0.0,03/09/2025 07:59:11,13.009229,80.002677,002677,2025-09-04T23:24:54.632500
TN 01 BU 2283,865933032838860,12.0,94.79,0.0,03/09/2025 07:58:56,13.00932,80.002922,002922,2025-09-04T23:24:54.632667
TN 01 BU 2283,865933032838860,11.0,94.82,0.0,03/09/2025 07:58:29,13.009481,80.003189,003189,2025-09-04T23:24:54.632824
TN 01 BU 2283,865933032838860,1.0,94.82,0.0,03/09/2025 07:58:04,13.009739,80.003273,003273,2025-09-04T23:24:54.632978
TN 01 BU 2283,865933032838860,12.0,94.83,0.0,03/09/2025 07:57:05,13.009783,80.003273,003273,2025-09-04T23:24:54.633133
TN 01 BU 2283,865933032838860,12.0,94.94,0.0,03/09/2025 07:57:02,13.009884,80.003257,003257,2025-09-04T23:24:54.633309
TN 01 BU 2283,865933032838860,24.0,95.1,0.0,03/09/2025 07:56:43,13.010549,80.002464,002464,2025-09-04T23:24:54.633502
TN 01 BU 2283,865933032838860,38.0,95.2,0.0,03/09/2025 07:55:44,13.011275,80.001205,001205,2025-09-04T23:24:54.633682
TN 01 BU 2283,865933032838860,22.0,95.24,0.0,03/09/2025 07:55:35,13.01194,80.000648,000648,2025-09-04T23:24:54.633856
TN 01 BU 2283,865933032838860,21.0,95.25,0.0,03/09/2025 07:55:29,13.012241,80.000434,000434,2025-09-04T23:24:54.634027
TN 01 BU 2283,865933032838860,14.0,95.73,0.0,03/09/2025 07:55:27,13.012339,80.000389,000389,2025-09-04T23:24:54.634179
TN 01 BU 2283,865933032838860,27.0,96.21,0.0,03/09/2025 07:55:25,13.012372,80.000312,000312,2025-09-04T23:24:54.634329
TN 01 BU 2283,865933032838860,19.0,96.26,0.0,03/09/2025 07:54:51,13.014949,80.003906,003906,2025-09-04T23:24:54.634461
TN 01 BU 2283,865933032838860,26.0,96.34,0.0,03/09/2025 07:54:44,13.015185,80.004234,004234,2025-09-04T23:24:54.634595
TN 01 BU 2283,865933032838860,49.0,96.76,0.0,03/09/2025 07:54:36,13.015566,80.004867,004867,2025-09-04T23:24:54.634765
TN 01 BU 2283,865933032838860,17.0,97.12,0.0,03/09/2025 07:54:05,13.017013,80.008476,008476,2025-09-04T23:24:54.634928
TN 01 BU 2283,865933032838860,35.0,97.82,0.0,03/09/2025 07:53:22,13.018547,80.011367,011367,2025-09-04T23:24:54.635085
TN 01 BU 2283,865933032838860,27.0,98.2,0.0,03/09/2025 07:52:23,13.022041,80.016807,016807,2025-09-04T23:24:54.635227
TN 01 BU 2283,865933032838860,69.0,98.63,0.0,03/09/2025 07:51:50,13.022582,80.020301,020301,2025-09-04T23:24:54.635365
TN 01 BU 2283,865933032838860,32.0,99.72,0.0,03/09/2025 07:51:09,13.024394,80.023742,023742,2025-09-04T23:24:54.635508
TN 01 BU 2283,865933032838860,69.0,100.79,0.0,03/09/2025 07:50:10,13.029656,80.032279,032279,2025-09-04T23:24:54.635634
TN 01 BU 2283,865933032838860,74.0,101.53,0.0,03/09/2025 07:49:11,13.034629,80.040702,040702,2025-09-04T23:24:54.635763
TN 01 BU 2283,865933032838860,69.0,102.51,0.0,03/09/2025 07:48:14,13.036958,80.047134,047134,2025-09-04T23:24:54.635923
TN 01 BU 2283,865933032838860,30.0,102.64,0.0,03/09/2025 07:47:15,13.039939,80.055633,055633,2025-09-04T23:24:54.636074
TN 01 BU 2283,865933032838860,19.0,102.65,0.0,03/09/2025 07:46:16,13.040374,80.056777,056777,2025-09-04T23:24:54.636236
TN 01 BU 2283,865933032838860,6.0,102.67,0.0,03/09/2025 07:46:13,13.040416,80.056861,056861,2025-09-04T23:24:54.636368
TN 01 BU 2283,865933032838860,22.0,103.37,0.0,03/09/2025 07:46:08,13.040488,80.056991,056991,2025-09-04T23:24:54.636474
TN 01 BU 2283,865933032838860,60.0,104.22,0.0,03/09/2025 07:45:08,13.043199,80.062835,062835,2025-09-04T23:24:54.636691
TN 01 BU 2283,865933032838860,16.0,104.71,0.0,03/09/2025 07:44:09,13.045593,80.070343,070343,2025-09-04T23:24:54.636945
TN 01 BU 2283,865933032838860,42.0,105.19,0.0,03/09/2025 07:43:10,13.046841,80.074676,074676,2025-09-04T23:24:54.637128
TN 01 BU 2283,865933032838860,38.0,105.32,0.0,03/09/2025 07:42:37,13.047058,80.079032,079032,2025-09-04T23:24:54.637301
TN 01 BU 2283,865933032838860,18.0,105.44,0.0,03/09/2025 07:42:21,13.047245,80.080223,080223,2025-09-04T23:24:54.637494
TN 01 BU 2283,865933032838860,20.0,105.65,0.0,03/09/2025 07:41:22,13.047514,80.081291,081291,2025-09-04T23:24:54.637702
TN 01 BU 2283,865933032838860,18.0,105.67,0.0,03/09/2025 07:40:36,13.048031,80.08316,083160,2025-09-04T23:24:54.637909
TN 01 BU 2283,865933032838860,15.0,105.7,0.0,03/09/2025 07:40:32,13.048105,80.083328,083328,2025-09-04T23:24:54.638108
TN 01 BU 2283,865933032838860,7.0,106.15,0.0,03/09/2025 07:40:21,13.048268,80.083572,083572,2025-09-04T23:24:54.638349
TN 01 BU 2283,865933032838860,15.0,106.18,0.0,03/09/2025 07:39:22,13.049091,80.087631,087631,2025-09-04T23:24:54.638618
TN 01 BU 2283,865933032838860,25.0,106.29,0.0,03/09/2025 07:39:16,13.049195,80.087928,087928,2025-09-04T23:24:54.638832
TN 01 BU 2283,865933032838860,8.0,106.41,0.0,03/09/2025 07:38:44,13.04981,80.088691,088691,2025-09-04T23:24:54.639046
TN 01 BU 2283,865933032838860,35.0,106.56,0.0,03/09/2025 07:38:30,13.050682,80.089302,089302,2025-09-04T23:24:54.639217
TN 01 BU 2283,865933032838860,14.0,106.8,0.0,03/09/2025 07:37:32,13.05191,80.089881,089881,2025-09-04T23:24:54.639382
TN 01 BU 2283,865933032838860,56.0,107.0,0.0,03/09/2025 07:37:13,13.053839,80.090873,090873,2025-09-04T23:24:54.639560
TN 01 BU 2283,865933032838860,12.0,107.25,0.0,03/09/2025 07:36:54,13.05506,80.0923,092300,2025-09-04T23:24:54.639698
TN 01 BU 2283,865933032838860,54.0,107.56,0.0,03/09/2025 07:36:33,13.056043,80.094345,094345,2025-09-04T23:24:54.639878
TN 01 BU 2283,865933032838860,27.0,107.68,0.0,03/09/2025 07:36:08,13.056425,80.097206,097206,2025-09-04T23:24:54.640067
TN 01 BU 2283,865933032838860,7.0,108.0,0.0,03/09/2025 07:35:08,13.056591,80.09832,098320,2025-09-04T23:24:54.640261
TN 01 BU 2283,865933032838860,7.0,108.01,0.0,03/09/2025 07:34:09,13.057161,80.101158,101158,2025-09-04T23:24:54.640463
TN 01 BU 2283,865933032838860,7.0,108.02,0.0,03/09/2025 07:33:52,13.057169,80.101264,101264,2025-09-04T23:24:54.640633
TN 01 BU 2283,865933032838860,13.0,108.15,0.0,03/09/2025 07:33:41,13.057213,80.101379,101379,2025-09-04T23:24:54.640833
TN 01 BU 2283,865933032838860,56.0,109.15,0.0,03/09/2025 07:33:24,13.057283,80.102531,102531,2025-09-04T23:24:54.641023
TN 01 BU 2283,865933032838860,60.0,110.31,0.0,03/09/2025 07:32:25,13.056708,80.111824,111824,2025-09-04T23:24:54.641209
TN 01 BU 2283,865933032838860,79.0,110.39,0.0,03/09/2025 07:31:37,13.054536,80.122215,122215,2025-09-04T23:24:54.641401
TN 01 BU 2283,865933032838860,70.0,110.61,0.0,03/09/2025 07:31:33,13.054501,80.122993,122993,2025-09-04T23:24:54.641598
TN 01 BU 2283,865933032838860,55.0,111.08,0.0,03/09/2025 07:31:20,13.054948,80.124954,124954,2025-09-04T23:24:54.641799
TN 01 BU 2283,865933032838860,41.0,111.44,0.0,03/09/2025 07:30:49,13.057551,80.128395,128395,2025-09-04T23:24:54.642009
TN 01 BU 2283,865933032838860,57.0,111.98,0.0,03/09/2025 07:30:19,13.059041,80.131378,131378,2025-09-04T23:24:54.642193
TN 01 BU 2283,865933032838860,24.0,112.12,0.0,03/09/2025 07:29:20,13.060979,80.135887,135887,2025-09-04T23:24:54.642387
TN 01 BU 2283,865933032838860,37.0,112.75,0.0,03/09/2025 07:29:06,13.061178,80.137245,137245,2025-09-04T23:24:54.642570
TN 01 BU 2283,865933032838860,71.0,113.02,0.0,03/09/2025 07:28:07,13.061541,80.143028,143028,2025-09-04T23:24:54.642745
TN 01 BU 2283,865933032838860,53.0,113.52,0.0,03/09/2025 07:27:08,13.06177,80.145477,145477,2025-09-04T23:24:54.642899
TN 01 BU 2283,865933032838860,40.0,113.8,0.0,03/09/2025 07:26:30,13.062029,80.150062,150062,2025-09-04T23:24:54.643034
TN 01 BU 2283,865933032838860,34.0,114.0,0.0,03/09/2025 07:25:59,13.060912,80.15242,152420,2025-09-04T23:24:54.643166
TN 01 BU 2283,865933032838860,31.0,114.12,0.0,03/09/2025 07:25:28,13.060536,80.154243,154243,2025-09-04T23:24:54.643311
TN 01 BU 2283,865933032838860,22.0,114.34,0.0,03/09/2025 07:25:07,13.060526,80.155364,155364,2025-09-04T23:24:54.643496
TN 01 BU 2283,865933032838860,52.0,114.4,0.0,03/09/2025 07:24:38,13.061391,80.157203,157203,2025-09-04T23:24:54.643657
TN 01 BU 2283,865933032838860,47.0,114.51,0.0,03/09/2025 07:24:34,13.061552,80.157714,157714,2025-09-04T23:24:54.643853
TN 01 BU 2283,865933032838860,27.0,115.01,0.0,03/09/2025 07:24:24,13.06155,80.158706,158706,2025-09-04T23:24:54.644061
TN 01 BU 2283,865933032838860,21.0,115.14,0.0,03/09/2025 07:23:25,13.061321,80.163337,163337,2025-09-04T23:24:54.644235
TN 01 BU 2283,865933032838860,8.0,115.21,0.0,03/09/2025 07:22:26,13.061298,80.164535,164535,2025-09-04T23:24:54.644438
TN 01 BU 2283,865933032838860,10.0,115.27,0.0,03/09/2025 07:22:03,13.061409,80.165122,165122,2025-09-04T23:24:54.644636
TN 01 BU 2283,865933032838860,11.0,115.3,0.0,03/09/2025 07:21:41,13.061735,80.165641,165641,2025-09-04T23:24:54.644817
TN 01 BU 2283,865933032838860,0.0,115.3,0.0,03/09/2025 07:21:30,13.061922,80.165817,165817,2025-09-04T23:24:54.645004
TN 01 BU 2283,865933032838860,8.0,115.31,0.0,03/09/2025 07:20:31,13.062395,80.16629,166290,2025-09-04T23:24:54.645176
TN 01 BU 2283,865933032838860,7.0,115.34,0.0,03/09/2025 07:20:27,13.06245,80.166351,166351,2025-09-04T23:24:54.645317
TN 01 BU 2283,865933032838860,6.0,115.37,0.0,03/09/2025 07:20:08,13.062631,80.166557,166557,2025-09-04T23:24:54.645453
TN 01 BU 2283,865933032838860,0.0,115.37,0.0,03/09/2025 07:19:57,13.062831,80.166763,166763,2025-09-04T23:24:54.645593
TN 01 BU 2283,865933032838860,14.0,115.44,0.0,03/09/2025 07:18:58,13.063786,80.167739,167739,2025-09-04T23:24:54.645727
TN 01 BU 2283,865933032838860,34.0,115.69,0.0,03/09/2025 07:18:48,13.064055,80.168365,168365,2025-09-04T23:24:54.645897
TN 01 BU 2283,865933032838860,45.0,115.75,0.0,03/09/2025 07:18:30,13.064076,80.170608,170608,2025-09-04T23:24:54.646049
TN 01 BU 2283,865933032838860,45.0,116.31,0.0,03/09/2025 07:18:25,13.064218,80.171203,171203,2025-09-04T23:24:54.646182
TN 01 BU 2283,865933032838860,42.0,116.37,0.0,03/09/2025 07:17:33,13.067043,80.175437,175437,2025-09-04T23:24:54.646326
TN 01 BU 2283,865933032838860,49.0,116.46,0.0,03/09/2025 07:17:29,13.067277,80.175903,175903,2025-09-04T23:24:54.646516
TN 01 BU 2283,865933032838860,23.0,116.47,0.0,03/09/2025 07:17:21,13.067415,80.176719,176719,2025-09-04T23:24:54.646720
TN 01 BU 2283,865933032838860,0.0,116.47,0.0,03/09/2025 07:17:03,13.067406,80.176879,176879,2025-09-04T23:24:54.646926
TN 01 BU 2283,865933032838860,0.0,116.47,0.0,03/09/2025 07:16:04,13.067406,80.176879,176879,2025-09-04T23:24:54.647129
TN 01 BU 2283,865933032838860,6.0,116.47,0.0,03/09/2025 07:15:05,13.067406,80.176879,176879,2025-09-04T23:24:54.647316
TN 01 BU 2283,865933032838860,7.0,116.5,0.0,03/09/2025 07:15:04,13.067403,80.176895,176895,2025-09-04T23:24:54.647515
TN 01 BU 2283,865933032838860,10.0,116.53,0.0,03/09/2025 07:15:03,13.067406,80.176918,176918,2025-09-04T23:24:54.647741
TN 01 BU 2283,865933032838860,29.0,116.63,0.0,03/09/2025 07:14:58,13.067435,80.177154,177154,2025-09-04T23:24:54.647936
TN 01 BU 2283,865933032838860,27.0,117.04,0.0,03/09/2025 07:14:44,13.067571,80.178123,178123,2025-09-04T23:24:54.648157
TN 01 BU 2283,865933032838860,1.0,117.3,0.0,03/09/2025 07:13:54,13.069569,80.18132,181320,2025-09-04T23:24:54.648384
TN 01 BU 2283,865933032838860,34.0,117.62,0.0,03/09/2025 07:12:55,13.070708,80.183341,183341,2025-09-04T23:24:54.648606
TN 01 BU 2283,865933032838860,12.0,117.63,0.0,03/09/2025 07:11:56,13.071452,80.186248,186248,2025-09-04T23:24:54.648851
TN 01 BU 2283,865933032838860,10.0,118.18,0.0,03/09/2025 07:11:52,13.071481,80.186355,186355,2025-09-04T23:24:54.649043
TN 01 BU 2283,865933032838860,24.0,118.71,0.0,03/09/2025 07:11:50,13.071564,80.186401,186401,2025-09-04T23:24:54.649210
TN 01 BU 2283,865933032838860,43.0,118.76,0.0,03/09/2025 07:11:10,13.073963,80.190689,190689,2025-09-04T23:24:54.649364
TN 01 BU 2283,865933032838860,40.0,119.02,0.0,03/09/2025 07:11:06,13.074159,80.191093,191093,2025-09-04T23:24:54.649488
TN 01 BU 2283,865933032838860,41.0,119.07,0.0,03/09/2025 07:10:46,13.074193,80.193489,193489,2025-09-04T23:24:54.649645
TN 01 BU 2283,865933032838860,39.0,119.12,0.0,03/09/2025 07:10:42,13.074233,80.193901,193901,2025-09-04T23:24:54.649841
TN 01 BU 2283,865933032838860,22.0,119.17,0.0,03/09/2025 07:10:36,13.074423,80.194366,194366,2025-09-04T23:24:54.650414
TN 01 BU 2283,865933032838860,8.0,119.19,0.0,03/09/2025 07:10:27,13.074656,80.194694,194694,2025-09-04T23:24:54.650633
TN 01 BU 2283,865933032838860,8.0,119.2,0.0,03/09/2025 07:10:24,13.074728,80.194854,194854,2025-09-04T23:24:54.650837
TN 01 BU 2283,865933032838860,7.0,119.21,0.0,03/09/2025 07:09:51,13.074763,80.194976,194976,2025-09-04T23:24:54.651005
TN 01 BU 2283,865933032838860,9.0,119.26,0.0,03/09/2025 07:09:37,13.074851,80.194938,194938,2025-09-04T23:24:54.651156
TN 01 BU 2283,865933032838860,11.0,119.35,0.0,03/09/2025 07:09:16,13.075024,80.195358,195358,2025-09-04T23:24:54.651292
TN 01 BU 2283,865933032838860,7.0,119.4,0.0,03/09/2025 07:08:51,13.075302,80.196197,196197,2025-09-04T23:24:54.651451
TN 01 BU 2283,865933032838860,2.0,119.41,0.0,03/09/2025 07:08:47,13.075334,80.196578,196578,2025-09-04T23:24:54.651618
TN 01 BU 2283,865933032838860,12.0,119.46,0.0,03/09/2025 07:07:48,13.075371,80.196701,196701,2025-09-04T23:24:54.651811
TN 01 BU 2283,865933032838860,12.0,119.5,0.0,03/09/2025 07:07:14,13.075556,80.197128,197128,2025-09-04T23:24:54.651996
TN 01 BU 2283,865933032838860,1.0,119.51,0.0,03/09/2025 07:07:04,13.075676,80.197463,197463,2025-09-04T23:24:54.652224
TN 01 BU 2283,865933032838860,6.0,119.53,0.0,03/09/2025 07:06:05,13.075706,80.197547,197547,2025-09-04T23:24:54.652446
TN 01 BU 2283,865933032838860,2.0,119.63,0.0,03/09/2025 07:05:53,13.07575,80.197738,197738,2025-09-04T23:24:54.652704
TN 01 BU 2283,865933032838860,1.0,119.68,0.0,03/09/2025 07:04:54,13.075956,80.198631,198631,2025-09-04T23:24:54.652877
TN 01 BU 2283,865933032838860,4.0,119.68,0.0,03/09/2025 07:03:54,13.076038,80.199119,199119,2025-09-04T23:24:54.653047
TN 01 BU 2283,865933032838860,0.0,119.68,0.0,03/09/2025 07:02:55,13.076038,80.199119,199119,2025-09-04T23:24:54.653224
TN 01 BU 2283,865933032838860,16.0,119.72,0.0,03/09/2025 07:01:56,13.076103,80.199501,199501,2025-09-04T23:24:54.653391
TN 01 BU 2283,865933032838860,21.0,119.75,0.0,03/09/2025 07:01:54,13.07612,80.199607,199607,2025-09-04T23:24:54.653556
TN 01 BU 2283,865933032838860,30.0,119.8,0.0,03/09/2025 07:01:52,13.076093,80.19976,199760,2025-09-04T23:24:54.653694
TN 01 BU 2283,865933032838860,34.0,119.84,0.0,03/09/2025 07:01:51,13.076047,80.199836,199836,2025-09-04T23:24:54.653853
TN 01 BU 2283,865933032838860,39.0,119.88,0.0,03/09/2025 07:01:49,13.075895,80.199951,199951,2025-09-04T23:24:54.654012
TN 01 BU 2283,865933032838860,39.0,119.91,0.0,03/09/2025 07:01:47,13.075695,80.199996,199996,2025-09-04T23:24:54.654140
TN 01 BU 2283,865933032838860,36.0,119.97,0.0,03/09/2025 07:01:45,13.075499,80.199981,199981,2025-09-04T23:24:54.654282
TN 01 BU 2283,865933032838860,35.0,120.02,0.0,03/09/2025 07:01:43,13.075329,80.199905,199905,2025-09-04T23:24:54.654414
TN 01 BU 2283,865933032838860,35.0,120.06,0.0,03/09/2025 07:01:42,13.075256,80.199859,199859,2025-09-04T23:24:54.654556
TN 01 BU 2283,865933032838860,35.0,120.1,0.0,03/09/2025 07:01:41,13.075216,80.199775,199775,2025-09-04T23:24:54.654668
TN 01 BU 2283,865933032838860,33.0,120.14,0.0,03/09/2025 07:01:39,13.075206,80.199592,199592,2025-09-04T23:24:54.654800
TN 01 BU 2283,865933032838860,29.0,120.16,0.0,03/09/2025 07:01:37,13.075278,80.199455,199455,2025-09-04T23:24:54.654925
TN 01 BU 2283,865933032838860,25.0,120.72,0.0,03/09/2025 07:01:34,13.075476,80.199348,199348,2025-09-04T23:24:54.655062
TN 01 BU 2283,865933032838860,56.0,121.52,0.0,03/09/2025 07:00:35,13.080458,80.198745,198745,2025-09-04T23:24:54.655197
TN 01 BU 2283,865933032838860,26.0,122.11,0.0,03/09/2025 06:59:36,13.087624,80.198638,198638,2025-09-04T23:24:54.655324
TN 01 BU 2283,865933032838860,26.0,122.28,0.0,03/09/2025 06:58:37,13.092978,80.198791,198791,2025-09-04T23:24:54.655444
TN 01 BU 2283,865933032838860,15.0,122.58,0.0,03/09/2025 06:57:56,13.094538,80.19873,198730,2025-09-04T23:24:54.655576
TN 01 BU 2283,865933032838860,53.0,122.64,0.0,03/09/2025 06:57:34,13.09724,80.198722,198722,2025-09-04T23:24:54.655705
TN 01 BU 2283,865933032838860,55.0,122.69,0.0,03/09/2025 06:57:30,13.097758,80.198547,198547,2025-09-04T23:24:54.655827
TN 01 BU 2283,865933032838860,44.0,122.96,0.0,03/09/2025 06:57:27,13.09809,80.198318,198318,2025-09-04T23:24:54.655965
TN 01 BU 2283,865933032838860,75.0,123.04,0.0,03/09/2025 06:57:09,13.099056,80.196037,196037,2025-09-04T23:24:54.656099
TN 01 BU 2283,865933032838860,71.0,123.14,0.0,03/09/2025 06:57:05,13.09949,80.195434,195434,2025-09-04T23:24:54.656242
TN 01 BU 2283,865933032838860,64.0,123.2,0.0,03/09/2025 06:57:00,13.100194,80.1949,194900,2025-09-04T23:24:54.656391
TN 01 BU 2283,865933032838860,48.0,123.75,0.0,03/09/2025 06:56:56,13.100751,80.194664,194664,2025-09-04T23:24:54.656591
TN 01 BU 2283,865933032838860,34.0,124.24,0.0,03/09/2025 06:56:09,13.105688,80.194778,194778,2025-09-04T23:24:54.656792
TN 01 BU 2283,865933032838860,50.0,124.4,0.0,03/09/2025 06:55:21,13.109551,80.196823,196823,2025-09-04T23:24:54.656928
TN 01 BU 2283,865933032838860,51.0,125.12,0.0,03/09/2025 06:55:10,13.110958,80.197128,197128,2025-09-04T23:24:54.657105
TN 01 BU 2283,865933032838860,47.0,125.65,0.0,03/09/2025 06:54:11,13.117413,80.197944,197944,2025-09-04T23:24:54.657255
TN 01 BU 2283,865933032838860,36.0,125.81,0.0,03/09/2025 06:53:27,13.121703,80.200035,200035,2025-09-04T23:24:54.657388
TN 01 BU 2283,865933032838860,35.0,126.3,0.0,03/09/2025 06:53:12,13.122837,80.201049,201049,2025-09-04T23:24:54.657491
TN 01 BU 2283,865933032838860,43.0,126.95,0.0,03/09/2025 06:52:30,13.124961,80.204963,204963,2025-09-04T23:24:54.657611
TN 01 BU 2283,865933032838860,12.0,127.38,0.0,03/09/2025 06:51:31,13.128025,80.210151,210151,2025-09-04T23:24:54.657758
TN 01 BU 2283,865933032838860,18.0,127.39,0.0,03/09/2025 06:50:47,13.129926,80.213508,213508,2025-09-04T23:24:54.657921
TN 01 BU 2283,865933032838860,15.0,127.43,0.0,03/09/2025 06:50:44,13.130023,80.213623,213623,2025-09-04T23:24:54.658073
TN 01 BU 2283,865933032838860,8.0,127.66,0.0,03/09/2025 06:50:14,13.130051,80.213981,213981,2025-09-04T23:24:54.658217
TN 01 BU 2283,865933032838860,12.0,127.88,0.0,03/09/2025 06:50:13,13.130051,80.214012,214012,2025-09-04T23:24:54.658329
TN 01 BU 2283,865933032838860,13.0,128.19,0.0,03/09/2025 06:49:30,13.128796,80.215621,215621,2025-09-04T23:24:54.658435
TN 01 BU 2283,865933032838860,10.0,128.49,0.0,03/09/2025 06:49:29,13.128761,80.215652,215652,2025-09-04T23:24:54.658548
TN 01 BU 2283,865933032838860,27.0,128.67,0.0,03/09/2025 06:48:45,13.127111,80.217895,217895,2025-09-04T23:24:54.658675
TN 01 BU 2283,865933032838860,16.0,128.7,0.0,03/09/2025 06:47:46,13.126201,80.2192,219200,2025-09-04T23:24:54.658782
TN 01 BU 2283,865933032838860,9.0,128.82,0.0,03/09/2025 06:47:39,13.125931,80.219413,219413,2025-09-04T23:24:54.658942
TN 01 BU 2283,865933032838860,18.0,129.06,0.0,03/09/2025 06:47:20,13.125263,80.220268,220268,2025-09-04T23:24:54.659080
TN 01 BU 2283,865933032838860,6.0,129.17,0.0,03/09/2025 06:46:21,13.124039,80.222106,222106,2025-09-04T23:24:54.659226
TN 01 BU 2283,865933032838860,21.0,129.3,0.0,03/09/2025 06:45:54,13.123361,80.222854,222854,2025-09-04T23:24:54.659364
TN 01 BU 2283,865933032838860,25.0,129.49,0.0,03/09/2025 06:45:32,13.122393,80.223526,223526,2025-09-04T23:24:54.659477
TN 01 BU 2283,865933032838860,25.0,129.51,0.0,03/09/2025 06:45:07,13.120815,80.223999,223999,2025-09-04T23:24:54.659616
TN 01 BU 2283,865933032838860,23.0,129.63,0.0,03/09/2025 06:45:04,13.120621,80.22406,224060,2025-09-04T23:24:54.659778
TN 01 BU 2283,865933032838860,19.0,129.67,0.0,03/09/2025 06:44:44,13.119853,80.2248,224800,2025-09-04T23:24:54.659938
TN 01 BU 2283,865933032838860,21.0,129.67,0.0,03/09/2025 06:44:38,13.119609,80.225074,225074,2025-09-04T23:24:54.660090
TN 01 BU 2283,865933032838860,16.0,129.68,0.0,03/09/2025 06:44:36,13.119549,80.225112,225112,2025-09-04T23:24:54.660241
TN 01 BU 2283,865933032838860,10.0,129.69,0.0,03/09/2025 06:44:28,13.119536,80.225227,225227,2025-09-04T23:24:54.660399
TN 01 BU 2283,865933032838860,19.0,130.02,0.0,03/09/2025 06:44:26,13.11952,80.225311,225311,2025-09-04T23:24:54.660539
TN 01 BU 2283,865933032838860,24.0,130.04,0.0,03/09/2025 06:43:42,13.120131,80.228302,228302,2025-09-04T23:24:54.660673
TN 01 BU 2283,865933032838860,27.0,130.07,0.0,03/09/2025 06:43:39,13.120162,80.228523,228523,2025-09-04T23:24:54.660809
TN 01 BU 2283,865933032838860,16.0,130.13,0.0,03/09/2025 06:43:36,13.120175,80.228706,228706,2025-09-04T23:24:54.660955
TN 01 BU 2283,865933032838860,14.0,130.19,0.0,03/09/2025 06:43:35,13.120195,80.228744,228744,2025-09-04T23:24:54.661088
TN 01 BU 2283,865933032838860,29.0,130.22,0.0,03/09/2025 06:43:28,13.120708,80.228828,228828,2025-09-04T23:24:54.661230
TN 01 BU 2283,865933032838860,13.0,130.23,0.0,03/09/2025 06:43:27,13.120809,80.228836,228836,2025-09-04T23:24:54.661353
TN 01 BU 2283,865933032838860,7.0,130.23,0.0,03/09/2025 06:42:45,13.120974,80.228797,228797,2025-09-04T23:24:54.661500
TN 01 BU 2283,865933032838860,11.0,130.45,0.0,03/09/2025 06:42:43,13.12094,80.228813,228813,2025-09-04T23:24:54.661671
TN 01 BU 2283,865933032838860,15.0,130.61,0.0,03/09/2025 06:42:18,13.119148,80.228454,228454,2025-09-04T23:24:54.661861
TN 01 BU 2283,865933032838860,13.0,130.76,0.0,03/09/2025 06:42:16,13.119081,80.228446,228446,2025-09-04T23:24:54.662061
TN 01 BU 2283,865933032838860,23.0,130.82,0.0,03/09/2025 06:41:59,13.117893,80.228317,228317,2025-09-04T23:24:54.662247
TN 01 BU 2283,865933032838860,19.0,130.87,0.0,03/09/2025 06:41:58,13.117824,80.228302,228302,2025-09-04T23:24:54.662392
TN 01 BU 2283,865933032838860,20.0,130.91,0.0,03/09/2025 06:41:56,13.11771,80.228332,228332,2025-09-04T23:24:54.662545
TN 01 BU 2283,865933032838860,52.0,131.25,0.0,03/09/2025 06:41:52,13.117521,80.228691,228691,2025-09-04T23:24:54.662695
TN 01 BU 2283,865933032838860,16.0,131.28,0.0,03/09/2025 06:41:23,13.116232,80.23146,231460,2025-09-04T23:24:54.662840
TN 01 BU 2283,865933032838860,42.0,131.57,0.0,03/09/2025 06:41:07,13.115953,80.231529,231529,2025-09-04T23:24:54.663387
TN 01 BU 2283,865933032838860,54.0,131.98,0.0,03/09/2025 06:40:44,13.113331,80.231559,231559,2025-09-04T23:24:54.663710
TN 01 BU 2283,865933032838860,5.0,132.13,0.0,03/09/2025 06:40:23,13.109711,80.232284,232284,2025-09-04T23:24:54.663882
TN 01 BU 2283,865933032838860,7.0,132.19,0.0,03/09/2025 06:39:24,13.108438,80.232131,232131,2025-09-04T23:24:54.664046
TN 01 BU 2283,865933032838860,8.0,132.26,0.0,03/09/2025 06:39:23,13.108407,80.232124,232124,2025-09-04T23:24:54.664240
TN 01 BU 2283,865933032838860,10.0,132.33,0.0,03/09/2025 06:39:22,13.108371,80.232116,232116,2025-09-04T23:24:54.664447
TN 01 BU 2283,865933032838860,15.0,132.39,0.0,03/09/2025 06:39:21,13.108343,80.232101,232101,2025-09-04T23:24:54.664655
TN 01 BU 2283,865933032838860,52.0,132.54,0.0,03/09/2025 06:39:14,13.108401,80.231498,231498,2025-09-04T23:24:54.664869
TN 01 BU 2283,865933032838860,12.0,133.12,0.0,03/09/2025 06:38:58,13.108325,80.230117,230117,2025-09-04T23:24:54.665056
TN 01 BU 2283,865933032838860,25.0,133.15,0.0,03/09/2025 06:38:01,13.108983,80.224868,224868,2025-09-04T23:24:54.665221
TN 01 BU 2283,865933032838860,26.0,133.16,0.0,03/09/2025 06:37:57,13.109008,80.224609,224609,2025-09-04T23:24:54.665366
TN 01 BU 2283,865933032838860,25.0,133.19,0.0,03/09/2025 06:37:55,13.108976,80.224479,224479,2025-09-04T23:24:54.665495
TN 01 BU 2283,865933032838860,22.0,133.2,0.0,03/09/2025 06:37:53,13.108911,80.224365,224365,2025-09-04T23:24:54.665671
TN 01 BU 2283,865933032838860,22.0,133.32,0.0,03/09/2025 06:37:51,13.108821,80.224296,224296,2025-09-04T23:24:54.665838
TN 01 BU 2283,865933032838860,26.0,133.34,0.0,03/09/2025 06:37:25,13.107738,80.224098,224098,2025-09-04T23:24:54.665997
TN 01 BU 2283,865933032838860,21.0,133.9,0.0,03/09/2025 06:37:23,13.107606,80.224098,224098,2025-09-04T23:24:54.666157
TN 01 BU 2283,865933032838860,21.0,134.45,0.0,03/09/2025 06:37:22,13.107551,80.224113,224113,2025-09-04T23:24:54.666294
TN 01 BU 2283,865933032838860,68.0,134.68,0.0,03/09/2025 06:36:33,13.104004,80.227668,227668,2025-09-04T23:24:54.666402
TN 01 BU 2283,865933032838860,20.0,134.75,0.0,03/09/2025 06:36:17,13.103173,80.229637,229637,2025-09-04T23:24:54.666519
TN 01 BU 2283,865933032838860,20.0,134.81,0.0,03/09/2025 06:36:09,13.102861,80.23014,230140,2025-09-04T23:24:54.666711
TN 01 BU 2283,865933032838860,19.0,134.83,0.0,03/09/2025 06:35:59,13.102745,80.230735,230735,2025-09-04T23:24:54.666890
TN 01 BU 2283,865933032838860,15.0,134.85,0.0,03/09/2025 06:35:56,13.102695,80.230857,230857,2025-09-04T23:24:54.667069
TN 01 BU 2283,865933032838860,15.0,135.02,0.0,03/09/2025 06:35:54,13.102631,80.230903,230903,2025-09-04T23:24:54.667221
TN 01 BU 2283,865933032838860,24.0,135.19,0.0,03/09/2025 06:35:52,13.102531,80.230926,230926,2025-09-04T23:24:54.667373
TN 01 BU 2283,865933032838860,17.0,135.2,0.0,03/09/2025 06:35:31,13.101115,80.230812,230812,2025-09-04T23:24:54.667496
TN 01 BU 2283,865933032838860,7.0,135.2,0.0,03/09/2025 06:35:28,13.101035,80.230796,230796,2025-09-04T23:24:54.667627
TN 01 BU 2283,865933032838860,10.0,135.32,0.0,03/09/2025 06:35:26,13.101001,80.230781,230781,2025-09-04T23:24:54.667810
TN 01 BU 2283,865933032838860,37.0,135.37,0.0,03/09/2025 06:35:08,13.099931,80.230705,230705,2025-09-04T23:24:54.667957
TN 01 BU 2283,865933032838860,17.0,135.37,0.0,03/09/2025 06:35:03,13.099541,80.230682,230682,2025-09-04T23:24:54.668090
TN 01 BU 2283,865933032838860,14.0,135.7,0.0,03/09/2025 06:35:02,13.099498,80.23069,230690,2025-09-04T23:24:54.668240
TN 01 BU 2283,865933032838860,16.0,136.02,0.0,03/09/2025 06:35:01,13.09947,80.230712,230712,2025-09-04T23:24:54.668387
TN 01 BU 2283,865933032838860,16.0,136.05,0.0,03/09/2025 06:34:30,13.098611,80.233596,233596,2025-09-04T23:24:54.668500
TN 01 BU 2283,865933032838860,17.0,136.5,0.0,03/09/2025 06:34:18,13.098322,80.23365,233650,2025-09-04T23:24:54.668637
TN 01 BU 2283,865933032838860,36.0,136.62,0.0,03/09/2025 06:33:19,13.09438,80.232872,232872,2025-09-04T23:24:54.668802
TN 01 BU 2283,865933032838860,14.0,136.64,0.0,03/09/2025 06:33:03,13.093326,80.232803,232803,2025-09-04T23:24:54.668933
TN 01 BU 2283,865933032838860,18.0,136.65,0.0,03/09/2025 06:32:59,13.093159,80.232826,232826,2025-09-04T23:24:54.669072
TN 01 BU 2283,865933032838860,9.0,136.73,0.0,03/09/2025 06:32:56,13.093048,80.232864,232864,2025-09-04T23:24:54.669219
TN 01 BU 2283,865933032838860,24.0,136.75,0.0,03/09/2025 06:32:41,13.092804,80.232147,232147,2025-09-04T23:24:54.669339
TN 01 BU 2283,865933032838860,25.0,137.21,0.0,03/09/2025 06:32:39,13.092728,80.23204,232040,2025-09-04T23:24:54.669492
TN 01 BU 2283,865933032838860,14.0,137.22,0.0,03/09/2025 06:31:53,13.088693,80.231399,231399,2025-09-04T23:24:54.669651
TN 01 BU 2283,865933032838860,9.0,137.22,0.0,03/09/2025 06:31:51,13.088626,80.231391,231391,2025-09-04T23:24:54.669789
TN 01 BU 2283,865933032838860,9.0,137.53,0.0,03/09/2025 06:31:49,13.088576,80.231407,231407,2025-09-04T23:24:54.669921
TN 01 BU 2283,865933032838860,8.0,137.84,0.0,03/09/2025 06:31:47,13.088546,80.231445,231445,2025-09-04T23:24:54.670080
TN 01 BU 2283,865933032838860,39.0,137.88,0.0,03/09/2025 06:31:24,13.087933,80.234207,234207,2025-09-04T23:24:54.670235
TN 01 BU 2283,865933032838860,41.0,137.95,0.0,03/09/2025 06:31:22,13.087842,80.234382,234382,2025-09-04T23:24:54.670383
TN 01 BU 2283,865933032838860,42.0,138.0,0.0,03/09/2025 06:31:20,13.087673,80.234519,234519,2025-09-04T23:24:54.670532
TN 01 BU 2283,865933032838860,31.0,138.38,0.0,03/09/2025 06:31:15,13.08724,80.234596,234596,2025-09-04T23:24:54.670665
TN 01 BU 2283,865933032838860,36.0,138.41,0.0,03/09/2025 06:30:37,13.08392,80.23394,233940,2025-09-04T23:24:54.670828
TN 01 BU 2283,865933032838860,19.0,138.53,0.0,03/09/2025 06:30:33,13.083626,80.233863,233863,2025-09-04T23:24:54.670979
TN 01 BU 2283,865933032838860,29.0,138.55,0.0,03/09/2025 06:30:18,13.083358,80.232765,232765,2025-09-04T23:24:54.671110
TN 01 BU 2283,865933032838860,10.0,138.67,0.0,03/09/2025 06:30:16,13.083318,80.232658,232658,2025-09-04T23:24:54.671245
TN 01 BU 2283,865933032838860,12.0,138.68,0.0,03/09/2025 06:29:51,13.082221,80.232543,232543,2025-09-04T23:24:54.671366
TN 01 BU 2283,865933032838860,11.0,138.68,0.0,03/09/2025 06:29:49,13.082173,80.232551,232551,2025-09-04T23:24:54.671493
TN 01 BU 2283,865933032838860,14.0,138.76,0.0,03/09/2025 06:29:47,13.082139,80.232589,232589,2025-09-04T23:24:54.671635
TN 01 BU 2283,865933032838860,26.0,138.78,0.0,03/09/2025 06:29:35,13.082019,80.233306,233306,2025-09-04T23:24:54.671839
TN 01 BU 2283,865933032838860,12.0,138.97,0.0,03/09/2025 06:29:32,13.081966,80.233451,233451,2025-09-04T23:24:54.672043
TN 01 BU 2283,865933032838860,12.0,139.17,0.0,03/09/2025 06:29:31,13.081941,80.233474,233474,2025-09-04T23:24:54.672236
TN 01 BU 2283,865933032838860,15.0,139.21,0.0,03/09/2025 06:29:07,13.080183,80.233566,233566,2025-09-04T23:24:54.672401
TN 01 BU 2283,865933032838860,16.0,139.25,0.0,03/09/2025 06:29:01,13.07985,80.233634,233634,2025-09-04T23:24:54.672554
TN 01 BU 2283,865933032838860,3.0,139.25,0.0,03/09/2025 06:28:58,13.079618,80.23336,233360,2025-09-04T23:24:54.672719
TN 01 BU 2283,865933032838860,0.0,139.25,0.0,03/09/2025 06:27:59,13.079618,80.23336,233360,2025-09-04T23:24:54.672858
TN 01 BU 2283,865933032838860,0.0,139.25,0.0,03/09/2025 06:27:00,13.079618,80.23336,233360,2025-09-04T23:24:54.672998
TN 01 BU 2283,865933032838860,0.0,139.25,0.0,03/09/2025 06:26:01,13.079618,80.23336,233360,2025-09-04T23:24:54.673123
TN 01 BU 2283,865933032838860,0.0,139.25,0.0,03/09/2025 06:25:02,13.079618,80.23336,233360,2025-09-04T23:24:54.673259
TN 01 BU 2283,865933032838860,0.0,139.25,0.0,03/09/2025 06:24:03,13.079618,80.23336,233360,2025-09-04T23:24:54.673379
TN 01 BU 2283,865933032838860,0.0,139.25,0.0,03/09/2025 06:23:04,13.079618,80.23336,233360,2025-09-04T23:24:54.673508
TN 01 BU 2283,865933032838860,0.0,139.25,0.0,03/09/2025 06:22:05,13.079618,80.23336,233360,2025-09-04T23:24:54.673631
TN 01 BU 2283,865933032838860,1.0,139.25,0.0,03/09/2025 06:21:06,13.079618,80.23336,233360,2025-09-04T23:24:54.673762
TN 01 BU 2283,865933032838860,0.0,139.25,0.0,03/09/2025 06:20:06,13.079618,80.23336,233360,2025-09-04T23:24:54.673910
TN 01 BU 2283,865933032838860,0.0,139.25,0.0,03/09/2025 06:19:07,13.079618,80.23336,233360,2025-09-04T23:24:54.674052
TN 01 BU 2283,865933032838860,0.0,139.25,0.0,03/09/2025 06:18:08,13.079618,80.23336,233360,2025-09-04T23:24:54.674199
TN 01 BU 2283,865933032838860,0.0,139.25,0.0,03/09/2025 06:17:09,13.079618,80.23336,233360,2025-09-04T23:24:54.674348
TN 01 BU 2283,865933032838860,0.0,139.25,0.0,03/09/2025 06:16:10,13.079618,80.23336,233360,2025-09-04T23:24:54.674486
TN 01 BU 2283,865933032838860,0.0,139.25,0.0,03/09/2025 06:15:11,13.079618,80.23336,233360,2025-09-04T23:24:54.674612
TN 01 BU 2283,865933032838860,0.0,139.25,0.0,03/09/2025 06:14:12,13.079618,80.23336,233360,2025-09-04T23:24:54.674749
TN 01 BU 2283,865933032838860,0.0,139.25,0.0,03/09/2025 06:13:13,13.079618,80.23336,233360,2025-09-04T23:24:54.674916
TN 01 BU 2283,865933032838860,0.0,139.25,0.0,03/09/2025 06:12:14,13.079618,80.23336,233360,2025-09-04T23:24:54.675041
TN 01 BU 2283,865933032838860,0.0,139.25,0.0,03/09/2025 06:11:15,13.079618,80.23336,233360,2025-09-04T23:24:54.675183
TN 01 BU 2283,865933032838860,0.0,139.25,0.0,03/09/2025 06:10:16,13.079618,80.23336,233360,2025-09-04T23:24:54.675304
TN 01 BU 2283,865933032838860,0.0,139.25,0.0,03/09/2025 06:09:17,13.079618,80.23336,233360,2025-09-04T23:24:54.675431
TN 01 BU 2283,865933032838860,0.0,139.25,0.0,03/09/2025 06:08:17,13.079618,80.23336,233360,2025-09-04T23:24:54.675536
TN 01 BU 2283,865933032838860,0.0,139.25,0.0,03/09/2025 06:07:18,13.079618,80.23336,233360,2025-09-04T23:24:54.675647
TN 01 BU 2283,865933032838860,1.0,139.25,0.0,03/09/2025 06:06:19,13.079618,80.23336,233360,2025-09-04T23:24:54.675751
TN 01 BU 2283,865933032838860,0.0,139.25,0.0,03/09/2025 06:05:20,13.079618,80.23336,233360,2025-09-04T23:24:54.675869
TN 01 BU 2283,865933032838860,0.0,139.25,0.0,03/09/2025 06:04:21,13.079618,80.23336,233360,2025-09-04T23:24:54.676005
TN 01 BU 2283,865933032838860,0.0,139.25,0.0,03/09/2025 06:03:22,13.079618,80.23336,233360,2025-09-04T23:24:54.676128
TN 01 BU 2283,865933032838860,0.0,139.25,0.0,03/09/2025 06:02:23,13.079618,80.23336,233360,2025-09-04T23:24:54.676259
TN 01 BU 2283,865933032838860,0.0,139.25,0.0,03/09/2025 06:01:24,13.079618,80.23336,233360,2025-09-04T23:24:54.676376
TN 01 BU 2283,865933032838860,0.0,139.25,0.0,03/09/2025 06:00:25,13.079618,80.23336,233360,2025-09-04T23:24:54.676541
TN 01 BU 2283,865933032838860,0.0,139.25,0.0,03/09/2025 05:59:25,13.079618,80.23336,233360,2025-09-04T23:24:54.676809
TN 01 BU 2283,865933032838860,0.0,139.25,0.0,03/09/2025 05:58:26,13.079618,80.23336,233360,2025-09-04T23:24:54.677115
TN 01 BU 2283,865933032838860,0.0,139.25,0.0,03/09/2025 05:57:27,13.079618,80.23336,233360,2025-09-04T23:24:54.677295
TN 01 BU 2283,865933032838860,0.0,139.25,0.0,03/09/2025 05:56:28,13.079618,80.23336,233360,2025-09-04T23:24:54.677476
TN 01 BU 2283,865933032838860,0.0,139.25,0.0,03/09/2025 05:55:29,13.079618,80.23336,233360,2025-09-04T23:24:54.677661
TN 01 BU 2283,865933032838860,0.0,139.25,0.0,03/09/2025 05:54:30,13.079618,80.23336,233360,2025-09-04T23:24:54.677864
TN 01 BU 2283,865933032838860,0.0,139.25,0.0,03/09/2025 05:53:31,13.079618,80.23336,233360,2025-09-04T23:24:54.678066
TN 01 BU 2283,865933032838860,0.0,139.25,0.0,03/09/2025 05:52:32,13.079618,80.23336,233360,2025-09-04T23:24:54.678293
TN 01 BU 2283,865933032838860,0.0,139.25,0.0,03/09/2025 05:51:33,13.079618,80.23336,233360,2025-09-04T23:24:54.678498
TN 01 BU 2283,865933032838860,0.0,139.25,0.0,03/09/2025 05:50:34,13.079618,80.23336,233360,2025-09-04T23:24:54.678711
TN 01 BU 2283,865933032838860,0.0,139.25,0.0,03/09/2025 05:49:34,13.079618,80.23336,233360,2025-09-04T23:24:54.678892
TN 01 BU 2283,865933032838860,0.0,139.25,0.0,03/09/2025 05:48:35,13.079618,80.23336,233360,2025-09-04T23:24:54.679041
TN 01 BU 2283,865933032838860,0.0,139.25,0.0,03/09/2025 05:47:36,13.079618,80.23336,233360,2025-09-04T23:24:54.679192
TN 01 BU 2283,865933032838860,0.0,139.25,0.0,03/09/2025 05:46:37,13.079618,80.23336,233360,2025-09-04T23:24:54.679349
TN 01 BU 2283,865933032838860,0.0,139.25,0.0,03/09/2025 05:45:38,13.079618,80.23336,233360,2025-09-04T23:24:54.679474
TN 01 BU 2283,865933032838860,0.0,139.25,0.0,03/09/2025 05:44:39,13.079618,80.23336,233360,2025-09-04T23:24:54.679586
TN 01 BU 2283,865933032838860,0.0,139.25,0.0,03/09/2025 05:43:40,13.079618,80.23336,233360,2025-09-04T23:24:54.679689
TN 01 BU 2283,865933032838860,0.0,139.25,0.0,03/09/2025 05:42:41,13.079618,80.23336,233360,2025-09-04T23:24:54.679806
TN 01 BU 2283,865933032838860,0.0,139.25,0.0,03/09/2025 05:41:41,13.079618,80.23336,233360,2025-09-04T23:24:54.679944
TN 01 BU 2283,865933032838860,1.0,139.25,0.0,03/09/2025 05:40:42,13.079618,80.23336,233360,2025-09-04T23:24:54.680088
TN 01 BU 2283,865933032838860,0.0,139.25,0.0,03/09/2025 05:39:43,13.079618,80.23336,233360,2025-09-04T23:24:54.680217
TN 01 BU 2283,865933032838860,0.0,139.25,0.0,03/09/2025 05:38:44,13.079618,80.23336,233360,2025-09-04T23:24:54.680346
TN 01 BU 2283,865933032838860,0.0,139.25,0.0,03/09/2025 05:37:45,13.079618,80.23336,233360,2025-09-04T23:24:54.680495
TN 01 BU 2283,865933032838860,0.0,139.25,0.0,03/09/2025 05:36:46,13.079618,80.23336,233360,2025-09-04T23:24:54.680641
TN 01 BU 2283,865933032838860,0.0,139.25,0.0,03/09/2025 05:35:47,13.079618,80.23336,233360,2025-09-04T23:24:54.680786
TN 01 BU 2283,865933032838860,0.0,139.25,0.0,03/09/2025 05:34:47,13.079618,80.23336,233360,2025-09-04T23:24:54.680905
TN 01 BU 2283,865933032838860,0.0,139.25,0.0,03/09/2025 05:33:48,13.079618,80.23336,233360,2025-09-04T23:24:54.681046
TN 01 BU 2283,865933032838860,0.0,139.25,0.0,03/09/2025 05:32:49,13.079618,80.23336,233360,2025-09-04T23:24:54.681175
TN 01 BU 2283,865933032838860,0.0,139.25,0.0,03/09/2025 05:31:50,13.079618,80.23336,233360,2025-09-04T23:24:54.681283
TN 01 BU 2283,865933032838860,0.0,139.25,0.0,03/09/2025 05:30:51,13.079618,80.23336,233360,2025-09-04T23:24:54.681417
TN 01 BU 2283,865933032838860,0.0,139.25,0.0,03/09/2025 05:29:52,13.079618,80.23336,233360,2025-09-04T23:24:54.681597
TN 01 BU 2283,865933032838860,0.0,139.25,0.0,03/09/2025 05:28:53,13.079618,80.23336,233360,2025-09-04T23:24:54.681781
TN 01 BU 2283,865933032838860,0.0,139.25,0.0,03/09/2025 05:27:53,13.079618,80.23336,233360,2025-09-04T23:24:54.682005
TN 01 BU 2283,865933032838860,0.0,139.25,0.0,03/09/2025 05:26:54,13.079618,80.23336,233360,2025-09-04T23:24:54.682229
TN 01 BU 2283,865933032838860,0.0,139.25,0.0,03/09/2025 05:25:55,13.079618,80.23336,233360,2025-09-04T23:24:54.682431
TN 01 BU 2283,865933032838860,0.0,139.25,0.0,03/09/2025 05:24:56,13.079618,80.23336,233360,2025-09-04T23:24:54.682627
TN 01 BU 2283,865933032838860,0.0,139.25,0.0,03/09/2025 05:23:57,13.079618,80.23336,233360,2025-09-04T23:24:54.682795
TN 01 BU 2283,865933032838860,0.0,139.25,0.0,03/09/2025 05:22:58,13.079618,80.23336,233360,2025-09-04T23:24:54.682934
TN 01 BU 2283,865933032838860,0.0,139.25,0.0,03/09/2025 05:21:59,13.079618,80.23336,233360,2025-09-04T23:24:54.683082
TN 01 BU 2283,865933032838860,0.0,139.25,0.0,03/09/2025 05:21:00,13.079618,80.23336,233360,2025-09-04T23:24:54.683204
TN 01 BU 2283,865933032838860,0.0,139.25,0.0,03/09/2025 05:20:01,13.079618,80.23336,233360,2025-09-04T23:24:54.683326
TN 01 BU 2283,865933032838860,0.0,139.25,0.0,03/09/2025 05:19:02,13.079618,80.23336,233360,2025-09-04T23:24:54.683451
TN 01 BU 2283,865933032838860,0.0,139.25,0.0,03/09/2025 05:18:02,13.079618,80.23336,233360,2025-09-04T23:24:54.683582
TN 01 BU 2283,865933032838860,0.0,139.25,0.0,03/09/2025 05:17:03,13.079618,80.23336,233360,2025-09-04T23:24:54.683694
TN 01 BU 2283,865933032838860,0.0,139.25,0.0,03/09/2025 05:16:04,13.079618,80.23336,233360,2025-09-04T23:24:54.683806
TN 01 BU 2283,865933032838860,0.0,139.25,0.0,03/09/2025 05:15:05,13.079618,80.23336,233360,2025-09-04T23:24:54.683936
TN 01 BU 2283,865933032838860,0.0,139.25,0.0,03/09/2025 05:14:06,13.079618,80.23336,233360,2025-09-04T23:24:54.684080
TN 01 BU 2283,865933032838860,0.0,139.25,0.0,03/09/2025 05:13:07,13.079618,80.23336,233360,2025-09-04T23:24:54.684220
TN 01 BU 2283,865933032838860,0.0,139.25,0.0,03/09/2025 05:12:08,13.079618,80.23336,233360,2025-09-04T23:24:54.684325
TN 01 BU 2283,865933032838860,0.0,139.25,0.0,03/09/2025 05:11:09,13.079618,80.23336,233360,2025-09-04T23:24:54.684438
TN 01 BU 2283,865933032838860,0.0,139.25,0.0,03/09/2025 05:10:10,13.079618,80.23336,233360,2025-09-04T23:24:54.684558
TN 01 BU 2283,865933032838860,0.0,139.25,0.0,03/09/2025 05:09:10,13.079618,80.23336,233360,2025-09-04T23:24:54.684691
TN 01 BU 2283,865933032838860,0.0,139.25,0.0,03/09/2025 05:08:11,13.079618,80.23336,233360,2025-09-04T23:24:54.684809
TN 01 BU 2283,865933032838860,0.0,139.25,0.0,03/09/2025 05:07:12,13.079618,80.23336,233360,2025-09-04T23:24:54.684937
TN 01 BU 2283,865933032838860,0.0,139.25,0.0,03/09/2025 05:06:13,13.079618,80.23336,233360,2025-09-04T23:24:54.685066
TN 01 BU 2283,865933032838860,1.0,139.25,0.0,03/09/2025 05:05:14,13.079618,80.23336,233360,2025-09-04T23:24:54.685171
TN 01 BU 2283,865933032838860,0.0,139.25,0.0,03/09/2025 05:04:15,13.079618,80.23336,233360,2025-09-04T23:24:54.685313
TN 01 BU 2283,865933032838860,0.0,139.25,0.0,03/09/2025 05:03:16,13.079618,80.23336,233360,2025-09-04T23:24:54.685425
TN 01 BU 2283,865933032838860,0.0,139.25,0.0,03/09/2025 05:02:17,13.079618,80.23336,233360,2025-09-04T23:24:54.685550
TN 01 BU 2283,865933032838860,0.0,139.25,0.0,03/09/2025 05:01:18,13.079618,80.23336,233360,2025-09-04T23:24:54.685685
TN 01 BU 2283,865933032838860,0.0,139.25,0.0,03/09/2025 05:00:19,13.079618,80.23336,233360,2025-09-04T23:24:54.685820
TN 01 BU 2283,865933032838860,1.0,139.25,0.0,03/09/2025 04:59:19,13.079618,80.23336,233360,2025-09-04T23:24:54.685974
TN 01 BU 2283,865933032838860,0.0,139.25,0.0,03/09/2025 04:58:20,13.079618,80.23336,233360,2025-09-04T23:24:54.686120
TN 01 BU 2283,865933032838860,0.0,139.25,0.0,03/09/2025 04:57:21,13.079618,80.23336,233360,2025-09-04T23:24:54.686269
TN 01 BU 2283,865933032838860,0.0,139.25,0.0,03/09/2025 04:56:22,13.079618,80.23336,233360,2025-09-04T23:24:54.686401
TN 01 BU 2283,865933032838860,0.0,139.25,0.0,03/09/2025 04:55:23,13.079618,80.23336,233360,2025-09-04T23:24:54.686562
TN 01 BU 2283,865933032838860,1.0,139.25,0.0,03/09/2025 04:54:24,13.079618,80.23336,233360,2025-09-04T23:24:54.686751
TN 01 BU 2283,865933032838860,0.0,139.25,0.0,03/09/2025 04:53:25,13.079618,80.23336,233360,2025-09-04T23:24:54.686899
TN 01 BU 2283,865933032838860,0.0,139.25,0.0,03/09/2025 04:52:26,13.079618,80.23336,233360,2025-09-04T23:24:54.687076
TN 01 BU 2283,865933032838860,1.0,139.25,0.0,03/09/2025 04:51:27,13.079618,80.23336,233360,2025-09-04T23:24:54.687252
TN 01 BU 2283,865933032838860,3.0,139.25,0.0,03/09/2025 04:50:28,13.079618,80.23336,233360,2025-09-04T23:24:54.687421
TN 01 BU 2283,865933032838860,1.0,139.25,0.0,03/09/2025 04:49:29,13.079618,80.23336,233360,2025-09-04T23:24:54.687600
TN 01 BU 2283,865933032838860,0.0,139.25,0.0,03/09/2025 04:48:29,13.079618,80.23336,233360,2025-09-04T23:24:54.687791
TN 01 BU 2283,865933032838860,1.0,139.25,0.0,03/09/2025 04:47:30,13.079618,80.23336,233360,2025-09-04T23:24:54.687991
TN 01 BU 2283,865933032838860,0.0,139.25,0.0,03/09/2025 04:46:31,13.079618,80.23336,233360,2025-09-04T23:24:54.688156
TN 01 BU 2283,865933032838860,0.0,139.25,0.0,03/09/2025 04:45:32,13.079618,80.23336,233360,2025-09-04T23:24:54.688341
TN 01 BU 2283,865933032838860,1.0,139.25,0.0,03/09/2025 04:44:33,13.079618,80.23336,233360,2025-09-04T23:24:54.688531
TN 01 BU 2283,865933032838860,0.0,139.25,0.0,03/09/2025 04:43:34,13.079618,80.23336,233360,2025-09-04T23:24:54.688706
TN 01 BU 2283,865933032838860,1.0,139.25,0.0,03/09/2025 04:42:35,13.079618,80.23336,233360,2025-09-04T23:24:54.688871
TN 01 BU 2283,865933032838860,0.0,139.25,0.0,03/09/2025 04:41:36,13.079618,80.23336,233360,2025-09-04T23:24:54.689039
TN 01 BU 2283,865933032838860,1.0,139.25,0.0,03/09/2025 04:40:37,13.079618,80.23336,233360,2025-09-04T23:24:54.689186
TN 01 BU 2283,865933032838860,1.0,139.25,0.0,03/09/2025 04:39:37,13.079618,80.23336,233360,2025-09-04T23:24:54.689324
TN 01 BU 2283,865933032838860,1.0,139.25,0.0,03/09/2025 04:38:38,13.079618,80.23336,233360,2025-09-04T23:24:54.689463
TN 01 BU 2283,865933032838860,0.0,139.25,0.0,03/09/2025 04:37:39,13.079618,80.23336,233360,2025-09-04T23:24:54.689605
TN 01 BU 2283,865933032838860,0.0,139.25,0.0,03/09/2025 04:36:40,13.079618,80.23336,233360,2025-09-04T23:24:54.689734
TN 01 BU 2283,865933032838860,0.0,139.25,0.0,03/09/2025 04:35:41,13.079618,80.23336,233360,2025-09-04T23:24:54.689924
TN 01 BU 2283,865933032838860,0.0,139.25,0.0,03/09/2025 04:34:42,13.079618,80.23336,233360,2025-09-04T23:24:54.690129
TN 01 BU 2283,865933032838860,0.0,139.25,0.0,03/09/2025 04:33:43,13.079618,80.23336,233360,2025-09-04T23:24:54.690466
TN 01 BU 2283,865933032838860,0.0,139.25,0.0,03/09/2025 04:32:44,13.079618,80.23336,233360,2025-09-04T23:24:54.690656
TN 01 BU 2283,865933032838860,1.0,139.25,0.0,03/09/2025 04:31:45,13.079618,80.23336,233360,2025-09-04T23:24:54.690839
TN 01 BU 2283,865933032838860,0.0,139.25,0.0,03/09/2025 04:30:46,13.079618,80.23336,233360,2025-09-04T23:24:54.691046
TN 01 BU 2283,865933032838860,1.0,139.25,0.0,03/09/2025 04:29:46,13.079618,80.23336,233360,2025-09-04T23:24:54.691239
TN 01 BU 2283,865933032838860,0.0,139.25,0.0,03/09/2025 04:28:47,13.079618,80.23336,233360,2025-09-04T23:24:54.691475
TN 01 BU 2283,865933032838860,0.0,139.25,0.0,03/09/2025 04:27:48,13.079618,80.23336,233360,2025-09-04T23:24:54.691707
TN 01 BU 2283,865933032838860,0.0,139.25,0.0,03/09/2025 04:26:49,13.079618,80.23336,233360,2025-09-04T23:24:54.691911
TN 01 BU 2283,865933032838860,1.0,139.25,0.0,03/09/2025 04:25:50,13.079618,80.23336,233360,2025-09-04T23:24:54.692112
TN 01 BU 2283,865933032838860,0.0,139.25,0.0,03/09/2025 04:24:51,13.079618,80.23336,233360,2025-09-04T23:24:54.692306
TN 01 BU 2283,865933032838860,2.0,139.25,0.0,03/09/2025 04:23:52,13.079618,80.23336,233360,2025-09-04T23:24:54.692521
TN 01 BU 2283,865933032838860,0.0,139.25,0.0,03/09/2025 04:22:53,13.079618,80.23336,233360,2025-09-04T23:24:54.692722
TN 01 BU 2283,865933032838860,1.0,139.25,0.0,03/09/2025 04:21:54,13.079618,80.23336,233360,2025-09-04T23:24:54.692913
TN 01 BU 2283,865933032838860,0.0,139.25,0.0,03/09/2025 04:20:55,13.079618,80.23336,233360,2025-09-04T23:24:54.693080
TN 01 BU 2283,865933032838860,0.0,139.25,0.0,03/09/2025 04:19:55,13.079618,80.23336,233360,2025-09-04T23:24:54.693252
TN 01 BU 2283,865933032838860,0.0,139.25,0.0,03/09/2025 04:18:56,13.079618,80.23336,233360,2025-09-04T23:24:54.693381
TN 01 BU 2283,865933032838860,0.0,139.25,0.0,03/09/2025 04:17:57,13.079618,80.23336,233360,2025-09-04T23:24:54.693496
TN 01 BU 2283,865933032838860,0.0,139.25,0.0,03/09/2025 04:16:58,13.079618,80.23336,233360,2025-09-04T23:24:54.693618
TN 01 BU 2283,865933032838860,0.0,139.25,0.0,03/09/2025 04:15:59,13.079618,80.23336,233360,2025-09-04T23:24:54.693775
TN 01 BU 2283,865933032838860,1.0,139.25,0.0,03/09/2025 04:15:00,13.079618,80.23336,233360,2025-09-04T23:24:54.693942
TN 01 BU 2283,865933032838860,0.0,139.25,0.0,03/09/2025 04:14:01,13.079618,80.23336,233360,2025-09-04T23:24:54.694106
TN 01 BU 2283,865933032838860,0.0,139.25,0.0,03/09/2025 04:13:02,13.079618,80.23336,233360,2025-09-04T23:24:54.694248
TN 01 BU 2283,865933032838860,0.0,139.25,0.0,03/09/2025 04:12:03,13.079618,80.23336,233360,2025-09-04T23:24:54.694372
TN 01 BU 2283,865933032838860,0.0,139.25,0.0,03/09/2025 04:11:04,13.079618,80.23336,233360,2025-09-04T23:24:54.694501
TN 01 BU 2283,865933032838860,0.0,139.25,0.0,03/09/2025 04:10:05,13.079618,80.23336,233360,2025-09-04T23:24:54.694648
TN 01 BU 2283,865933032838860,0.0,139.25,0.0,03/09/2025 04:09:05,13.079618,80.23336,233360,2025-09-04T23:24:54.694796
TN 01 BU 2283,865933032838860,0.0,139.25,0.0,03/09/2025 04:08:06,13.079618,80.23336,233360,2025-09-04T23:24:54.694927
TN 01 BU 2283,865933032838860,0.0,139.25,0.0,03/09/2025 04:07:07,13.079618,80.23336,233360,2025-09-04T23:24:54.695052
TN 01 BU 2283,865933032838860,0.0,139.25,0.0,03/09/2025 04:06:08,13.079618,80.23336,233360,2025-09-04T23:24:54.695187
TN 01 BU 2283,865933032838860,0.0,139.25,0.0,03/09/2025 04:05:09,13.079618,80.23336,233360,2025-09-04T23:24:54.695323
TN 01 BU 2283,865933032838860,0.0,139.25,0.0,03/09/2025 04:04:10,13.079618,80.23336,233360,2025-09-04T23:24:54.695453
TN 01 BU 2283,865933032838860,0.0,139.25,0.0,03/09/2025 04:03:11,13.079618,80.23336,233360,2025-09-04T23:24:54.695564
TN 01 BU 2283,865933032838860,0.0,139.25,0.0,03/09/2025 04:02:12,13.079618,80.23336,233360,2025-09-04T23:24:54.695687
TN 01 BU 2283,865933032838860,0.0,139.25,0.0,03/09/2025 04:01:13,13.079618,80.23336,233360,2025-09-04T23:24:54.695811
TN 01 BU 2283,865933032838860,0.0,139.25,0.0,03/09/2025 04:00:13,13.079618,80.23336,233360,2025-09-04T23:24:54.695946
TN 01 BU 2283,865933032838860,0.0,139.25,0.0,03/09/2025 03:59:14,13.079618,80.23336,233360,2025-09-04T23:24:54.696106
TN 01 BU 2283,865933032838860,0.0,139.25,0.0,03/09/2025 03:58:15,13.079618,80.23336,233360,2025-09-04T23:24:54.696257
TN 01 BU 2283,865933032838860,1.0,139.25,0.0,03/09/2025 03:57:16,13.079618,80.23336,233360,2025-09-04T23:24:54.696445
TN 01 BU 2283,865933032838860,1.0,139.25,0.0,03/09/2025 03:56:17,13.079618,80.23336,233360,2025-09-04T23:24:54.696633
TN 01 BU 2283,865933032838860,1.0,139.25,0.0,03/09/2025 03:55:18,13.079618,80.23336,233360,2025-09-04T23:24:54.696825
TN 01 BU 2283,865933032838860,0.0,139.25,0.0,03/09/2025 03:54:19,13.079618,80.23336,233360,2025-09-04T23:24:54.697007
TN 01 BU 2283,865933032838860,0.0,139.25,0.0,03/09/2025 03:53:20,13.079618,80.23336,233360,2025-09-04T23:24:54.697180
TN 01 BU 2283,865933032838860,0.0,139.25,0.0,03/09/2025 03:52:21,13.079618,80.23336,233360,2025-09-04T23:24:54.697328
TN 01 BU 2283,865933032838860,0.0,139.25,0.0,03/09/2025 03:51:21,13.079618,80.23336,233360,2025-09-04T23:24:54.697466
TN 01 BU 2283,865933032838860,0.0,139.25,0.0,03/09/2025 03:50:22,13.079618,80.23336,233360,2025-09-04T23:24:54.697573
TN 01 BU 2283,865933032838860,0.0,139.25,0.0,03/09/2025 03:49:23,13.079618,80.23336,233360,2025-09-04T23:24:54.697712
TN 01 BU 2283,865933032838860,0.0,139.25,0.0,03/09/2025 03:48:24,13.079618,80.23336,233360,2025-09-04T23:24:54.697897
TN 01 BU 2283,865933032838860,0.0,139.25,0.0,03/09/2025 03:47:25,13.079618,80.23336,233360,2025-09-04T23:24:54.698068
TN 01 BU 2283,865933032838860,2.0,139.25,0.0,03/09/2025 03:46:26,13.079618,80.23336,233360,2025-09-04T23:24:54.698242
TN 01 BU 2283,865933032838860,2.0,139.25,0.0,03/09/2025 03:45:27,13.079618,80.23336,233360,2025-09-04T23:24:54.698403
TN 01 BU 2283,865933032838860,0.0,139.25,0.0,03/09/2025 03:44:28,13.079618,80.23336,233360,2025-09-04T23:24:54.698560
TN 01 BU 2283,865933032838860,0.0,139.25,0.0,03/09/2025 03:43:29,13.079618,80.23336,233360,2025-09-04T23:24:54.698702
TN 01 BU 2283,865933032838860,0.0,139.25,0.0,03/09/2025 03:42:29,13.079618,80.23336,233360,2025-09-04T23:24:54.698836
TN 01 BU 2283,865933032838860,0.0,139.25,0.0,03/09/2025 03:41:30,13.079618,80.23336,233360,2025-09-04T23:24:54.698980
TN 01 BU 2283,865933032838860,1.0,139.25,0.0,03/09/2025 03:40:31,13.079618,80.23336,233360,2025-09-04T23:24:54.699116
TN 01 BU 2283,865933032838860,0.0,139.25,0.0,03/09/2025 03:39:32,13.079618,80.23336,233360,2025-09-04T23:24:54.699251
TN 01 BU 2283,865933032838860,1.0,139.25,0.0,03/09/2025 03:38:33,13.079618,80.23336,233360,2025-09-04T23:24:54.699356
TN 01 BU 2283,865933032838860,0.0,139.25,0.0,03/09/2025 03:37:34,13.079618,80.23336,233360,2025-09-04T23:24:54.699478
TN 01 BU 2283,865933032838860,1.0,139.25,0.0,03/09/2025 03:36:35,13.079618,80.23336,233360,2025-09-04T23:24:54.699607
TN 01 BU 2283,865933032838860,0.0,139.25,0.0,03/09/2025 03:35:36,13.079618,80.23336,233360,2025-09-04T23:24:54.699726
TN 01 BU 2283,865933032838860,1.0,139.25,0.0,03/09/2025 03:34:37,13.079618,80.23336,233360,2025-09-04T23:24:54.699865
TN 01 BU 2283,865933032838860,0.0,139.25,0.0,03/09/2025 03:33:38,13.079618,80.23336,233360,2025-09-04T23:24:54.700003
TN 01 BU 2283,865933032838860,0.0,139.25,0.0,03/09/2025 03:32:38,13.079618,80.23336,233360,2025-09-04T23:24:54.700131
TN 01 BU 2283,865933032838860,0.0,139.25,0.0,03/09/2025 03:31:39,13.079618,80.23336,233360,2025-09-04T23:24:54.700240
TN 01 BU 2283,865933032838860,0.0,139.25,0.0,03/09/2025 03:30:40,13.079618,80.23336,233360,2025-09-04T23:24:54.700375
TN 01 BU 2283,865933032838860,0.0,139.25,0.0,03/09/2025 03:29:41,13.079618,80.23336,233360,2025-09-04T23:24:54.700481
TN 01 BU 2283,865933032838860,0.0,139.25,0.0,03/09/2025 03:28:42,13.079618,80.23336,233360,2025-09-04T23:24:54.700604
TN 01 BU 2283,865933032838860,0.0,139.25,0.0,03/09/2025 03:27:43,13.079618,80.23336,233360,2025-09-04T23:24:54.700726
TN 01 BU 2283,865933032838860,0.0,139.25,0.0,03/09/2025 03:26:44,13.079618,80.23336,233360,2025-09-04T23:24:54.700864
TN 01 BU 2283,865933032838860,0.0,139.25,0.0,03/09/2025 03:25:45,13.079618,80.23336,233360,2025-09-04T23:24:54.700972
TN 01 BU 2283,865933032838860,0.0,139.25,0.0,03/09/2025 03:24:46,13.079618,80.23336,233360,2025-09-04T23:24:54.701091
TN 01 BU 2283,865933032838860,0.0,139.25,0.0,03/09/2025 03:23:47,13.079618,80.23336,233360,2025-09-04T23:24:54.701223
TN 01 BU 2283,865933032838860,0.0,139.25,0.0,03/09/2025 03:22:47,13.079618,80.23336,233360,2025-09-04T23:24:54.701346
TN 01 BU 2283,865933032838860,0.0,139.25,0.0,03/09/2025 03:21:48,13.079618,80.23336,233360,2025-09-04T23:24:54.701444
TN 01 BU 2283,865933032838860,0.0,139.25,0.0,03/09/2025 03:20:49,13.079618,80.23336,233360,2025-09-04T23:24:54.701582
TN 01 BU 2283,865933032838860,1.0,139.25,0.0,03/09/2025 03:19:50,13.079618,80.23336,233360,2025-09-04T23:24:54.701740
TN 01 BU 2283,865933032838860,0.0,139.25,0.0,03/09/2025 03:18:51,13.079618,80.23336,233360,2025-09-04T23:24:54.701903
TN 01 BU 2283,865933032838860,0.0,139.25,0.0,03/09/2025 03:17:52,13.079618,80.23336,233360,2025-09-04T23:24:54.702068
TN 01 BU 2283,865933032838860,1.0,139.25,0.0,03/09/2025 03:16:53,13.079618,80.23336,233360,2025-09-04T23:24:54.702250
TN 01 BU 2283,865933032838860,0.0,139.25,0.0,03/09/2025 03:15:54,13.079618,80.23336,233360,2025-09-04T23:24:54.702383
TN 01 BU 2283,865933032838860,0.0,139.25,0.0,03/09/2025 03:14:54,13.079618,80.23336,233360,2025-09-04T23:24:54.702538
TN 01 BU 2283,865933032838860,1.0,139.25,0.0,03/09/2025 03:13:55,13.079618,80.23336,233360,2025-09-04T23:24:54.702683
TN 01 BU 2283,865933032838860,0.0,139.25,0.0,03/09/2025 03:12:56,13.079618,80.23336,233360,2025-09-04T23:24:54.702825
TN 01 BU 2283,865933032838860,0.0,139.25,0.0,03/09/2025 03:11:57,13.079618,80.23336,233360,2025-09-04T23:24:54.702931
TN 01 BU 2283,865933032838860,0.0,139.25,0.0,03/09/2025 03:10:58,13.079618,80.23336,233360,2025-09-04T23:24:54.703026
TN 01 BU 2283,865933032838860,0.0,139.25,0.0,03/09/2025 03:09:59,13.079618,80.23336,233360,2025-09-04T23:24:54.703121
TN 01 BU 2283,865933032838860,0.0,139.25,0.0,03/09/2025 03:09:00,13.079618,80.23336,233360,2025-09-04T23:24:54.703243
TN 01 BU 2283,865933032838860,0.0,139.25,0.0,03/09/2025 03:08:01,13.079618,80.23336,233360,2025-09-04T23:24:54.703450
TN 01 BU 2283,865933032838860,0.0,139.25,0.0,03/09/2025 03:07:02,13.079618,80.23336,233360,2025-09-04T23:24:54.703687
TN 01 BU 2283,865933032838860,0.0,139.25,0.0,03/09/2025 03:06:03,13.079618,80.23336,233360,2025-09-04T23:24:54.703875
TN 01 BU 2283,865933032838860,0.0,139.25,0.0,03/09/2025 03:05:03,13.079618,80.23336,233360,2025-09-04T23:24:54.704059
TN 01 BU 2283,865933032838860,0.0,139.25,0.0,03/09/2025 03:04:04,13.079618,80.23336,233360,2025-09-04T23:24:54.704258
TN 01 BU 2283,865933032838860,0.0,139.25,0.0,03/09/2025 03:03:05,13.079618,80.23336,233360,2025-09-04T23:24:54.704458
TN 01 BU 2283,865933032838860,0.0,139.25,0.0,03/09/2025 03:02:06,13.079618,80.23336,233360,2025-09-04T23:24:54.704685
TN 01 BU 2283,865933032838860,0.0,139.25,0.0,03/09/2025 03:01:07,13.079618,80.23336,233360,2025-09-04T23:24:54.704893
TN 01 BU 2283,865933032838860,1.0,139.25,0.0,03/09/2025 03:00:08,13.079618,80.23336,233360,2025-09-04T23:24:54.705096
TN 01 BU 2283,865933032838860,0.0,139.25,0.0,03/09/2025 02:59:09,13.079618,80.23336,233360,2025-09-04T23:24:54.705258
TN 01 BU 2283,865933032838860,0.0,139.25,0.0,03/09/2025 02:58:10,13.079618,80.23336,233360,2025-09-04T23:24:54.705456
TN 01 BU 2283,865933032838860,0.0,139.25,0.0,03/09/2025 02:57:11,13.079618,80.23336,233360,2025-09-04T23:24:54.705632
TN 01 BU 2283,865933032838860,0.0,139.25,0.0,03/09/2025 02:56:12,13.079618,80.23336,233360,2025-09-04T23:24:54.705785
TN 01 BU 2283,865933032838860,0.0,139.25,0.0,03/09/2025 02:55:12,13.079618,80.23336,233360,2025-09-04T23:24:54.705948
TN 01 BU 2283,865933032838860,0.0,139.25,0.0,03/09/2025 02:54:13,13.079618,80.23336,233360,2025-09-04T23:24:54.706094
TN 01 BU 2283,865933032838860,0.0,139.25,0.0,03/09/2025 02:53:14,13.079618,80.23336,233360,2025-09-04T23:24:54.706254
TN 01 BU 2283,865933032838860,1.0,139.25,0.0,03/09/2025 02:52:15,13.079618,80.23336,233360,2025-09-04T23:24:54.706393
TN 01 BU 2283,865933032838860,0.0,139.25,0.0,03/09/2025 02:51:16,13.079618,80.23336,233360,2025-09-04T23:24:54.706565
TN 01 BU 2283,865933032838860,0.0,139.25,0.0,03/09/2025 02:50:17,13.079618,80.23336,233360,2025-09-04T23:24:54.706774
TN 01 BU 2283,865933032838860,0.0,139.25,0.0,03/09/2025 02:49:18,13.079618,80.23336,233360,2025-09-04T23:24:54.706964
TN 01 BU 2283,865933032838860,0.0,139.25,0.0,03/09/2025 02:48:19,13.079618,80.23336,233360,2025-09-04T23:24:54.707140
TN 01 BU 2283,865933032838860,0.0,139.25,0.0,03/09/2025 02:47:20,13.079618,80.23336,233360,2025-09-04T23:24:54.707297
TN 01 BU 2283,865933032838860,0.0,139.25,0.0,03/09/2025 02:46:21,13.079618,80.23336,233360,2025-09-04T23:24:54.707422
TN 01 BU 2283,865933032838860,0.0,139.25,0.0,03/09/2025 02:45:21,13.079618,80.23336,233360,2025-09-04T23:24:54.707539
TN 01 BU 2283,865933032838860,1.0,139.25,0.0,03/09/2025 02:44:22,13.079618,80.23336,233360,2025-09-04T23:24:54.707671
TN 01 BU 2283,865933032838860,1.0,139.25,0.0,03/09/2025 02:43:23,13.079618,80.23336,233360,2025-09-04T23:24:54.707830
TN 01 BU 2283,865933032838860,0.0,139.25,0.0,03/09/2025 02:42:24,13.079618,80.23336,233360,2025-09-04T23:24:54.707972
TN 01 BU 2283,865933032838860,0.0,139.25,0.0,03/09/2025 02:41:25,13.079618,80.23336,233360,2025-09-04T23:24:54.708107
TN 01 BU 2283,865933032838860,0.0,139.25,0.0,03/09/2025 02:40:26,13.079618,80.23336,233360,2025-09-04T23:24:54.708238
TN 01 BU 2283,865933032838860,0.0,139.25,0.0,03/09/2025 02:39:27,13.079618,80.23336,233360,2025-09-04T23:24:54.708364
TN 01 BU 2283,865933032838860,0.0,139.25,0.0,03/09/2025 02:38:28,13.079618,80.23336,233360,2025-09-04T23:24:54.708500
TN 01 BU 2283,865933032838860,0.0,139.25,0.0,03/09/2025 02:37:29,13.079618,80.23336,233360,2025-09-04T23:24:54.708646
TN 01 BU 2283,865933032838860,0.0,139.25,0.0,03/09/2025 02:36:30,13.079618,80.23336,233360,2025-09-04T23:24:54.708793
TN 01 BU 2283,865933032838860,0.0,139.25,0.0,03/09/2025 02:35:31,13.079618,80.23336,233360,2025-09-04T23:24:54.708912
TN 01 BU 2283,865933032838860,0.0,139.25,0.0,03/09/2025 02:34:31,13.079618,80.23336,233360,2025-09-04T23:24:54.709068
TN 01 BU 2283,865933032838860,0.0,139.25,0.0,03/09/2025 02:33:32,13.079618,80.23336,233360,2025-09-04T23:24:54.709221
TN 01 BU 2283,865933032838860,1.0,139.25,0.0,03/09/2025 02:32:33,13.079618,80.23336,233360,2025-09-04T23:24:54.709353
TN 01 BU 2283,865933032838860,0.0,139.25,0.0,03/09/2025 02:31:34,13.079618,80.23336,233360,2025-09-04T23:24:54.709502
TN 01 BU 2283,865933032838860,0.0,139.25,0.0,03/09/2025 02:30:35,13.079618,80.23336,233360,2025-09-04T23:24:54.709619
TN 01 BU 2283,865933032838860,0.0,139.25,0.0,03/09/2025 02:29:36,13.079618,80.23336,233360,2025-09-04T23:24:54.709760
TN 01 BU 2283,865933032838860,0.0,139.25,0.0,03/09/2025 02:28:37,13.079618,80.23336,233360,2025-09-04T23:24:54.709872
TN 01 BU 2283,865933032838860,0.0,139.25,0.0,03/09/2025 02:27:38,13.079618,80.23336,233360,2025-09-04T23:24:54.710006
TN 01 BU 2283,865933032838860,0.0,139.25,0.0,03/09/2025 02:26:39,13.079618,80.23336,233360,2025-09-04T23:24:54.710159
TN 01 BU 2283,865933032838860,0.0,139.25,0.0,03/09/2025 02:25:39,13.079618,80.23336,233360,2025-09-04T23:24:54.710273
TN 01 BU 2283,865933032838860,0.0,139.25,0.0,03/09/2025 02:24:40,13.079618,80.23336,233360,2025-09-04T23:24:54.710396
TN 01 BU 2283,865933032838860,0.0,139.25,0.0,03/09/2025 02:23:41,13.079618,80.23336,233360,2025-09-04T23:24:54.710555
TN 01 BU 2283,865933032838860,0.0,139.25,0.0,03/09/2025 02:22:42,13.079618,80.23336,233360,2025-09-04T23:24:54.710705
TN 01 BU 2283,865933032838860,0.0,139.25,0.0,03/09/2025 02:21:43,13.079618,80.23336,233360,2025-09-04T23:24:54.710848
TN 01 BU 2283,865933032838860,1.0,139.25,0.0,03/09/2025 02:20:44,13.079618,80.23336,233360,2025-09-04T23:24:54.710983
TN 01 BU 2283,865933032838860,0.0,139.25,0.0,03/09/2025 02:19:45,13.079618,80.23336,233360,2025-09-04T23:24:54.711110
TN 01 BU 2283,865933032838860,0.0,139.25,0.0,03/09/2025 02:18:46,13.079618,80.23336,233360,2025-09-04T23:24:54.711238
TN 01 BU 2283,865933032838860,0.0,139.25,0.0,03/09/2025 02:17:46,13.079618,80.23336,233360,2025-09-04T23:24:54.711350
TN 01 BU 2283,865933032838860,0.0,139.25,0.0,03/09/2025 02:16:47,13.079618,80.23336,233360,2025-09-04T23:24:54.711472
TN 01 BU 2283,865933032838860,0.0,139.25,0.0,03/09/2025 02:15:48,13.079618,80.23336,233360,2025-09-04T23:24:54.711647
TN 01 BU 2283,865933032838860,0.0,139.25,0.0,03/09/2025 02:14:49,13.079618,80.23336,233360,2025-09-04T23:24:54.711814
TN 01 BU 2283,865933032838860,0.0,139.25,0.0,03/09/2025 02:13:50,13.079618,80.23336,233360,2025-09-04T23:24:54.711998
TN 01 BU 2283,865933032838860,1.0,139.25,0.0,03/09/2025 02:12:51,13.079618,80.23336,233360,2025-09-04T23:24:54.712168
TN 01 BU 2283,865933032838860,0.0,139.25,0.0,03/09/2025 02:11:52,13.079618,80.23336,233360,2025-09-04T23:24:54.712343
TN 01 BU 2283,865933032838860,0.0,139.25,0.0,03/09/2025 02:10:53,13.079618,80.23336,233360,2025-09-04T23:24:54.712475
TN 01 BU 2283,865933032838860,0.0,139.25,0.0,03/09/2025 02:09:54,13.079618,80.23336,233360,2025-09-04T23:24:54.712663
TN 01 BU 2283,865933032838860,0.0,139.25,0.0,03/09/2025 02:08:55,13.079618,80.23336,233360,2025-09-04T23:24:54.712795
TN 01 BU 2283,865933032838860,2.0,139.25,0.0,03/09/2025 02:07:56,13.079618,80.23336,233360,2025-09-04T23:24:54.712955
TN 01 BU 2283,865933032838860,0.0,139.25,0.0,03/09/2025 02:06:56,13.079618,80.23336,233360,2025-09-04T23:24:54.713075
TN 01 BU 2283,865933032838860,0.0,139.25,0.0,03/09/2025 02:05:57,13.079618,80.23336,233360,2025-09-04T23:24:54.713232
TN 01 BU 2283,865933032838860,1.0,139.25,0.0,03/09/2025 02:04:58,13.079618,80.23336,233360,2025-09-04T23:24:54.713409
TN 01 BU 2283,865933032838860,0.0,139.25,0.0,03/09/2025 02:03:59,13.079618,80.23336,233360,2025-09-04T23:24:54.713563
TN 01 BU 2283,865933032838860,0.0,139.25,0.0,03/09/2025 02:03:00,13.079618,80.23336,233360,2025-09-04T23:24:54.713712
TN 01 BU 2283,865933032838860,0.0,139.25,0.0,03/09/2025 02:02:01,13.079618,80.23336,233360,2025-09-04T23:24:54.713853
TN 01 BU 2283,865933032838860,0.0,139.25,0.0,03/09/2025 02:01:02,13.079618,80.23336,233360,2025-09-04T23:24:54.714001
TN 01 BU 2283,865933032838860,1.0,139.25,0.0,03/09/2025 02:00:03,13.079618,80.23336,233360,2025-09-04T23:24:54.714138
TN 01 BU 2283,865933032838860,0.0,139.25,0.0,03/09/2025 01:59:03,13.079618,80.23336,233360,2025-09-04T23:24:54.714264
TN 01 BU 2283,865933032838860,0.0,139.25,0.0,03/09/2025 01:58:04,13.079618,80.23336,233360,2025-09-04T23:24:54.714395
TN 01 BU 2283,865933032838860,0.0,139.25,0.0,03/09/2025 01:57:05,13.079618,80.23336,233360,2025-09-04T23:24:54.714527
TN 01 BU 2283,865933032838860,0.0,139.25,0.0,03/09/2025 01:56:06,13.079618,80.23336,233360,2025-09-04T23:24:54.714663
TN 01 BU 2283,865933032838860,0.0,139.25,0.0,03/09/2025 01:55:07,13.079618,80.23336,233360,2025-09-04T23:24:54.714800
TN 01 BU 2283,865933032838860,1.0,139.25,0.0,03/09/2025 01:54:08,13.079618,80.23336,233360,2025-09-04T23:24:54.714958
TN 01 BU 2283,865933032838860,0.0,139.25,0.0,03/09/2025 01:53:09,13.079618,80.23336,233360,2025-09-04T23:24:54.715092
TN 01 BU 2283,865933032838860,0.0,139.25,0.0,03/09/2025 01:52:09,13.079618,80.23336,233360,2025-09-04T23:24:54.715255
TN 01 BU 2283,865933032838860,0.0,139.25,0.0,03/09/2025 01:51:10,13.079618,80.23336,233360,2025-09-04T23:24:54.715473
TN 01 BU 2283,865933032838860,0.0,139.25,0.0,03/09/2025 01:50:11,13.079618,80.23336,233360,2025-09-04T23:24:54.715678
TN 01 BU 2283,865933032838860,0.0,139.25,0.0,03/09/2025 01:49:12,13.079618,80.23336,233360,2025-09-04T23:24:54.715862
TN 01 BU 2283,865933032838860,1.0,139.25,0.0,03/09/2025 01:48:13,13.079618,80.23336,233360,2025-09-04T23:24:54.716003
TN 01 BU 2283,865933032838860,0.0,139.25,0.0,03/09/2025 01:47:14,13.079618,80.23336,233360,2025-09-04T23:24:54.716140
TN 01 BU 2283,865933032838860,0.0,139.25,0.0,03/09/2025 01:46:15,13.079618,80.23336,233360,2025-09-04T23:24:54.716246
TN 01 BU 2283,865933032838860,0.0,139.25,0.0,03/09/2025 01:45:16,13.079618,80.23336,233360,2025-09-04T23:24:54.716342
TN 01 BU 2283,865933032838860,0.0,139.25,0.0,03/09/2025 01:44:17,13.079618,80.23336,233360,2025-09-04T23:24:54.716472
TN 01 BU 2283,865933032838860,0.0,139.25,0.0,03/09/2025 01:43:17,13.079618,80.23336,233360,2025-09-04T23:24:54.716691
TN 01 BU 2283,865933032838860,0.0,139.25,0.0,03/09/2025 01:42:18,13.079618,80.23336,233360,2025-09-04T23:24:54.716888
TN 01 BU 2283,865933032838860,0.0,139.25,0.0,03/09/2025 01:41:19,13.079618,80.23336,233360,2025-09-04T23:24:54.717072
TN 01 BU 2283,865933032838860,0.0,139.25,0.0,03/09/2025 01:40:20,13.079618,80.23336,233360,2025-09-04T23:24:54.717278
TN 01 BU 2283,865933032838860,0.0,139.25,0.0,03/09/2025 01:39:21,13.079618,80.23336,233360,2025-09-04T23:24:54.717463
TN 01 BU 2283,865933032838860,0.0,139.25,0.0,03/09/2025 01:38:22,13.079618,80.23336,233360,2025-09-04T23:24:54.717660
TN 01 BU 2283,865933032838860,0.0,139.25,0.0,03/09/2025 01:37:23,13.079618,80.23336,233360,2025-09-04T23:24:54.717890
TN 01 BU 2283,865933032838860,0.0,139.25,0.0,03/09/2025 01:36:24,13.079618,80.23336,233360,2025-09-04T23:24:54.718106
TN 01 BU 2283,865933032838860,1.0,139.25,0.0,03/09/2025 01:35:25,13.079618,80.23336,233360,2025-09-04T23:24:54.718318
TN 01 BU 2283,865933032838860,0.0,139.25,0.0,03/09/2025 01:34:25,13.079618,80.23336,233360,2025-09-04T23:24:54.718524
TN 01 BU 2283,865933032838860,0.0,139.25,0.0,03/09/2025 01:33:26,13.079618,80.23336,233360,2025-09-04T23:24:54.718688
TN 01 BU 2283,865933032838860,0.0,139.25,0.0,03/09/2025 01:32:27,13.079618,80.23336,233360,2025-09-04T23:24:54.718868
TN 01 BU 2283,865933032838860,2.0,139.25,0.0,03/09/2025 01:31:28,13.079618,80.23336,233360,2025-09-04T23:24:54.719015
TN 01 BU 2283,865933032838860,0.0,139.25,0.0,03/09/2025 01:30:29,13.079618,80.23336,233360,2025-09-04T23:24:54.719150
TN 01 BU 2283,865933032838860,0.0,139.25,0.0,03/09/2025 01:29:30,13.079618,80.23336,233360,2025-09-04T23:24:54.719278
TN 01 BU 2283,865933032838860,0.0,139.25,0.0,03/09/2025 01:28:31,13.079618,80.23336,233360,2025-09-04T23:24:54.719414
TN 01 BU 2283,865933032838860,0.0,139.25,0.0,03/09/2025 01:27:32,13.079618,80.23336,233360,2025-09-04T23:24:54.719605
TN 01 BU 2283,865933032838860,0.0,139.25,0.0,03/09/2025 01:26:33,13.079618,80.23336,233360,2025-09-04T23:24:54.719795
TN 01 BU 2283,865933032838860,0.0,139.25,0.0,03/09/2025 01:25:33,13.079618,80.23336,233360,2025-09-04T23:24:54.720017
TN 01 BU 2283,865933032838860,0.0,139.25,0.0,03/09/2025 01:24:34,13.079618,80.23336,233360,2025-09-04T23:24:54.720205
TN 01 BU 2283,865933032838860,0.0,139.25,0.0,03/09/2025 01:23:35,13.079618,80.23336,233360,2025-09-04T23:24:54.720378
TN 01 BU 2283,865933032838860,0.0,139.25,0.0,03/09/2025 01:22:36,13.079618,80.23336,233360,2025-09-04T23:24:54.720607
TN 01 BU 2283,865933032838860,0.0,139.25,0.0,03/09/2025 01:21:37,13.079618,80.23336,233360,2025-09-04T23:24:54.720756
TN 01 BU 2283,865933032838860,0.0,139.25,0.0,03/09/2025 01:20:38,13.079618,80.23336,233360,2025-09-04T23:24:54.720931
TN 01 BU 2283,865933032838860,0.0,139.25,0.0,03/09/2025 01:19:39,13.079618,80.23336,233360,2025-09-04T23:24:54.721113
TN 01 BU 2283,865933032838860,0.0,139.25,0.0,03/09/2025 01:18:40,13.079618,80.23336,233360,2025-09-04T23:24:54.721255
TN 01 BU 2283,865933032838860,1.0,139.25,0.0,03/09/2025 01:17:40,13.079618,80.23336,233360,2025-09-04T23:24:54.721390
TN 01 BU 2283,865933032838860,0.0,139.25,0.0,03/09/2025 01:16:41,13.079618,80.23336,233360,2025-09-04T23:24:54.721532
TN 01 BU 2283,865933032838860,0.0,139.25,0.0,03/09/2025 01:15:42,13.079618,80.23336,233360,2025-09-04T23:24:54.721689
TN 01 BU 2283,865933032838860,0.0,139.25,0.0,03/09/2025 01:14:43,13.079618,80.23336,233360,2025-09-04T23:24:54.721815
TN 01 BU 2283,865933032838860,1.0,139.25,0.0,03/09/2025 01:13:44,13.079618,80.23336,233360,2025-09-04T23:24:54.721989
TN 01 BU 2283,865933032838860,1.0,139.25,0.0,03/09/2025 01:12:45,13.079618,80.23336,233360,2025-09-04T23:24:54.722157
TN 01 BU 2283,865933032838860,0.0,139.25,0.0,03/09/2025 01:11:46,13.079618,80.23336,233360,2025-09-04T23:24:54.722277
TN 01 BU 2283,865933032838860,0.0,139.25,0.0,03/09/2025 01:10:47,13.079618,80.23336,233360,2025-09-04T23:24:54.722396
TN 01 BU 2283,865933032838860,1.0,139.25,0.0,03/09/2025 01:09:48,13.079618,80.23336,233360,2025-09-04T23:24:54.722512
TN 01 BU 2283,865933032838860,0.0,139.25,0.0,03/09/2025 01:08:48,13.079618,80.23336,233360,2025-09-04T23:24:54.722644
TN 01 BU 2283,865933032838860,0.0,139.25,0.0,03/09/2025 01:07:49,13.079618,80.23336,233360,2025-09-04T23:24:54.722772
TN 01 BU 2283,865933032838860,0.0,139.25,0.0,03/09/2025 01:06:50,13.079618,80.23336,233360,2025-09-04T23:24:54.722914
TN 01 BU 2283,865933032838860,1.0,139.25,0.0,03/09/2025 01:05:51,13.079618,80.23336,233360,2025-09-04T23:24:54.723046
TN 01 BU 2283,865933032838860,0.0,139.25,0.0,03/09/2025 01:04:52,13.079618,80.23336,233360,2025-09-04T23:24:54.723180
TN 01 BU 2283,865933032838860,0.0,139.25,0.0,03/09/2025 01:03:53,13.079618,80.23336,233360,2025-09-04T23:24:54.723299
TN 01 BU 2283,865933032838860,1.0,139.25,0.0,03/09/2025 01:02:54,13.079618,80.23336,233360,2025-09-04T23:24:54.723437
TN 01 BU 2283,865933032838860,1.0,139.25,0.0,03/09/2025 01:01:55,13.079618,80.23336,233360,2025-09-04T23:24:54.723559
TN 01 BU 2283,865933032838860,0.0,139.25,0.0,03/09/2025 01:00:56,13.079618,80.23336,233360,2025-09-04T23:24:54.723695
TN 01 BU 2283,865933032838860,0.0,139.25,0.0,03/09/2025 00:59:56,13.079618,80.23336,233360,2025-09-04T23:24:54.723815
TN 01 BU 2283,865933032838860,0.0,139.25,0.0,03/09/2025 00:58:57,13.079618,80.23336,233360,2025-09-04T23:24:54.723961
TN 01 BU 2283,865933032838860,0.0,139.25,0.0,03/09/2025 00:57:58,13.079618,80.23336,233360,2025-09-04T23:24:54.724129
TN 01 BU 2283,865933032838860,0.0,139.25,0.0,03/09/2025 00:56:59,13.079618,80.23336,233360,2025-09-04T23:24:54.724289
TN 01 BU 2283,865933032838860,0.0,139.25,0.0,03/09/2025 00:56:00,13.079618,80.23336,233360,2025-09-04T23:24:54.724450
TN 01 BU 2283,865933032838860,1.0,139.25,0.0,03/09/2025 00:55:01,13.079618,80.23336,233360,2025-09-04T23:24:54.724607
TN 01 BU 2283,865933032838860,1.0,139.25,0.0,03/09/2025 00:54:02,13.079618,80.23336,233360,2025-09-04T23:24:54.724766
TN 01 BU 2283,865933032838860,0.0,139.25,0.0,03/09/2025 00:53:03,13.079618,80.23336,233360,2025-09-04T23:24:54.724907
TN 01 BU 2283,865933032838860,2.0,139.25,0.0,03/09/2025 00:52:03,13.079618,80.23336,233360,2025-09-04T23:24:54.725040
TN 01 BU 2283,865933032838860,1.0,139.25,0.0,03/09/2025 00:51:04,13.079618,80.23336,233360,2025-09-04T23:24:54.725167
TN 01 BU 2283,865933032838860,0.0,139.25,0.0,03/09/2025 00:50:05,13.079618,80.23336,233360,2025-09-04T23:24:54.725298
TN 01 BU 2283,865933032838860,1.0,139.25,0.0,03/09/2025 00:49:06,13.079618,80.23336,233360,2025-09-04T23:24:54.725413
TN 01 BU 2283,865933032838860,0.0,139.25,0.0,03/09/2025 00:48:07,13.079618,80.23336,233360,2025-09-04T23:24:54.725539
TN 01 BU 2283,865933032838860,1.0,139.25,0.0,03/09/2025 00:47:08,13.079618,80.23336,233360,2025-09-04T23:24:54.725681
TN 01 BU 2283,865933032838860,0.0,139.25,0.0,03/09/2025 00:46:09,13.079618,80.23336,233360,2025-09-04T23:24:54.725800
TN 01 BU 2283,865933032838860,1.0,139.25,0.0,03/09/2025 00:45:10,13.079618,80.23336,233360,2025-09-04T23:24:54.725931
TN 01 BU 2283,865933032838860,0.0,139.25,0.0,03/09/2025 00:44:10,13.079618,80.23336,233360,2025-09-04T23:24:54.726060
TN 01 BU 2283,865933032838860,1.0,139.25,0.0,03/09/2025 00:43:11,13.079618,80.23336,233360,2025-09-04T23:24:54.726193
TN 01 BU 2283,865933032838860,0.0,139.25,0.0,03/09/2025 00:42:12,13.079618,80.23336,233360,2025-09-04T23:24:54.726325
TN 01 BU 2283,865933032838860,0.0,139.25,0.0,03/09/2025 00:41:13,13.079618,80.23336,233360,2025-09-04T23:24:54.726429
TN 01 BU 2283,865933032838860,2.0,139.25,0.0,03/09/2025 00:40:14,13.079618,80.23336,233360,2025-09-04T23:24:54.726575
TN 01 BU 2283,865933032838860,0.0,139.25,0.0,03/09/2025 00:39:15,13.079618,80.23336,233360,2025-09-04T23:24:54.726759
TN 01 BU 2283,865933032838860,0.0,139.25,0.0,03/09/2025 00:38:16,13.079618,80.23336,233360,2025-09-04T23:24:54.726956
TN 01 BU 2283,865933032838860,0.0,139.25,0.0,03/09/2025 00:37:16,13.079618,80.23336,233360,2025-09-04T23:24:54.727130
TN 01 BU 2283,865933032838860,1.0,139.25,0.0,03/09/2025 00:36:17,13.079618,80.23336,233360,2025-09-04T23:24:54.727264
TN 01 BU 2283,865933032838860,1.0,139.25,0.0,03/09/2025 00:35:18,13.079618,80.23336,233360,2025-09-04T23:24:54.727406
TN 01 BU 2283,865933032838860,1.0,139.25,0.0,03/09/2025 00:34:19,13.079618,80.23336,233360,2025-09-04T23:24:54.727533
TN 01 BU 2283,865933032838860,0.0,139.25,0.0,03/09/2025 00:33:20,13.079618,80.23336,233360,2025-09-04T23:24:54.727682
TN 01 BU 2283,865933032838860,0.0,139.25,0.0,03/09/2025 00:32:20,13.079618,80.23336,233360,2025-09-04T23:24:54.727873
TN 01 BU 2283,865933032838860,0.0,139.25,0.0,03/09/2025 00:31:21,13.079618,80.23336,233360,2025-09-04T23:24:54.728032
TN 01 BU 2283,865933032838860,0.0,139.25,0.0,03/09/2025 00:30:22,13.079618,80.23336,233360,2025-09-04T23:24:54.728188
TN 01 BU 2283,865933032838860,1.0,139.25,0.0,03/09/2025 00:29:23,13.079618,80.23336,233360,2025-09-04T23:24:54.728331
TN 01 BU 2283,865933032838860,0.0,139.25,0.0,03/09/2025 00:28:24,13.079618,80.23336,233360,2025-09-04T23:24:54.728478
TN 01 BU 2283,865933032838860,0.0,139.25,0.0,03/09/2025 00:27:25,13.079618,80.23336,233360,2025-09-04T23:24:54.728636
TN 01 BU 2283,865933032838860,0.0,139.25,0.0,03/09/2025 00:26:26,13.079618,80.23336,233360,2025-09-04T23:24:54.728760
TN 01 BU 2283,865933032838860,0.0,139.25,0.0,03/09/2025 00:25:26,13.079618,80.23336,233360,2025-09-04T23:24:54.728867
TN 01 BU 2283,865933032838860,0.0,139.25,0.0,03/09/2025 00:24:27,13.079618,80.23336,233360,2025-09-04T23:24:54.729011
TN 01 BU 2283,865933032838860,1.0,139.25,0.0,03/09/2025 00:23:28,13.079618,80.23336,233360,2025-09-04T23:24:54.729164
TN 01 BU 2283,865933032838860,0.0,139.25,0.0,03/09/2025 00:22:29,13.079618,80.23336,233360,2025-09-04T23:24:54.729298
TN 01 BU 2283,865933032838860,1.0,139.25,0.0,03/09/2025 00:21:30,13.079618,80.23336,233360,2025-09-04T23:24:54.729418
TN 01 BU 2283,865933032838860,0.0,139.25,0.0,03/09/2025 00:20:31,13.079618,80.23336,233360,2025-09-04T23:24:54.729903
TN 01 BU 2283,865933032838860,1.0,139.25,0.0,03/09/2025 00:19:31,13.079618,80.23336,233360,2025-09-04T23:24:54.730112
TN 01 BU 2283,865933032838860,0.0,139.25,0.0,03/09/2025 00:18:32,13.079618,80.23336,233360,2025-09-04T23:24:54.730296
TN 01 BU 2283,865933032838860,0.0,139.25,0.0,03/09/2025 00:17:33,13.079618,80.23336,233360,2025-09-04T23:24:54.730498
TN 01 BU 2283,865933032838860,1.0,139.25,0.0,03/09/2025 00:16:34,13.079618,80.23336,233360,2025-09-04T23:24:54.730662
TN 01 BU 2283,865933032838860,0.0,139.25,0.0,03/09/2025 00:15:35,13.079618,80.23336,233360,2025-09-04T23:24:54.730851
TN 01 BU 2283,865933032838860,0.0,139.25,0.0,03/09/2025 00:14:36,13.079618,80.23336,233360,2025-09-04T23:24:54.731059
TN 01 BU 2283,865933032838860,1.0,139.25,0.0,03/09/2025 00:13:36,13.079618,80.23336,233360,2025-09-04T23:24:54.731258
TN 01 BU 2283,865933032838860,1.0,139.25,0.0,03/09/2025 00:12:37,13.079618,80.23336,233360,2025-09-04T23:24:54.731480
TN 01 BU 2283,865933032838860,0.0,139.25,0.0,03/09/2025 00:11:38,13.079618,80.23336,233360,2025-09-04T23:24:54.731706
TN 01 BU 2283,865933032838860,0.0,139.25,0.0,03/09/2025 00:10:39,13.079618,80.23336,233360,2025-09-04T23:24:54.731897
TN 01 BU 2283,865933032838860,0.0,139.25,0.0,03/09/2025 00:09:40,13.079618,80.23336,233360,2025-09-04T23:24:54.732086
TN 01 BU 2283,865933032838860,0.0,139.25,0.0,03/09/2025 00:08:41,13.079618,80.23336,233360,2025-09-04T23:24:54.732256
TN 01 BU 2283,865933032838860,1.0,139.25,0.0,03/09/2025 00:07:42,13.079618,80.23336,233360,2025-09-04T23:24:54.732417
TN 01 BU 2283,865933032838860,0.0,139.25,0.0,03/09/2025 00:06:42,13.079618,80.23336,233360,2025-09-04T23:24:54.732536
TN 01 BU 2283,865933032838860,0.0,139.25,0.0,03/09/2025 00:05:43,13.079618,80.23336,233360,2025-09-04T23:24:54.732708
TN 01 BU 2283,865933032838860,0.0,139.25,0.0,03/09/2025 00:04:44,13.079618,80.23336,233360,2025-09-04T23:24:54.732850
TN 01 BU 2283,865933032838860,0.0,139.25,0.0,03/09/2025 00:03:45,13.079618,80.23336,233360,2025-09-04T23:24:54.732963
TN 01 BU 2283,865933032838860,0.0,139.25,0.0,03/09/2025 00:02:46,13.079618,80.23336,233360,2025-09-04T23:24:54.733093
TN 01 BU 2283,865933032838860,0.0,139.25,0.0,03/09/2025 00:01:46,13.079618,80.23336,233360,2025-09-04T23:24:54.733233
TN 01 BU 2283,865933032838860,0.0,139.25,0.0,03/09/2025 00:00:47,13.079618,80.23336,233360,2025-09-04T23:24:54.733364
