vehicle_number,device_id,speed,total_distance,fuel,data_received,latitude,longitude,location_text,scraped_at
TN 87 8022,864547030175348,0.0,0.0,182.73,03/09/2025 23:55:36,12.9802,80.227251,2272510,2025-09-04T23:22:31.466213
TN 87 8022,864547030175348,0.0,0.0,182.76,03/09/2025 23:45:50,12.9802,80.227251,2272510,2025-09-04T23:22:31.466404
TN 87 8022,864547030175348,0.0,0.0,182.8,03/09/2025 23:36:04,12.9802,80.227251,2272510,2025-09-04T23:22:31.466576
TN 87 8022,864547030175348,0.0,0.0,182.26,03/09/2025 23:26:18,12.9802,80.227251,2272510,2025-09-04T23:22:31.466752
TN 87 8022,864547030175348,0.0,0.0,182.29,03/09/2025 23:16:32,12.9802,80.227251,2272510,2025-09-04T23:22:31.466962
TN 87 8022,864547030175348,0.0,0.0,182.31,03/09/2025 23:06:45,12.9802,80.227251,2272510,2025-09-04T23:22:31.467147
TN 87 8022,864547030175348,0.0,0.0,182.31,03/09/2025 23:06:40,12.9802,80.227251,2272510,2025-09-04T23:22:31.467303
TN 87 8022,864547030175348,0.0,0.0,182.29,03/09/2025 23:06:37,12.9802,80.227251,2272510,2025-09-04T23:22:31.467472
TN 87 8022,864547030175348,0.0,0.0,182.3,03/09/2025 23:06:32,12.9802,80.227251,2272510,2025-09-04T23:22:31.467670
TN 87 8022,864547030175348,0.0,0.0,182.3,03/09/2025 23:06:27,12.9802,80.227251,2272510,2025-09-04T23:22:31.467907
TN 87 8022,864547030175348,0.0,0.0,182.3,03/09/2025 23:06:22,12.9802,80.227251,2272510,2025-09-04T23:22:31.468064
TN 87 8022,864547030175348,0.0,0.0,182.29,03/09/2025 23:06:17,12.9802,80.227251,2272510,2025-09-04T23:22:31.468189
TN 87 8022,864547030175348,0.0,0.0,182.29,03/09/2025 23:06:12,12.9802,80.227251,2272510,2025-09-04T23:22:31.468323
TN 87 8022,864547030175348,0.0,0.0,182.29,03/09/2025 22:56:48,12.9802,80.227251,2272510,2025-09-04T23:22:31.468501
TN 87 8022,864547030175348,0.0,0.0,182.25,03/09/2025 22:47:02,12.9802,80.227251,2272510,2025-09-04T23:22:31.468685
TN 87 8022,864547030175348,0.0,0.0,181.82,03/09/2025 22:37:16,12.9802,80.227251,2272510,2025-09-04T23:22:31.468843
TN 87 8022,864547030175348,0.0,0.0,181.88,03/09/2025 22:27:30,12.9802,80.227251,2272510,2025-09-04T23:22:31.469001
TN 87 8022,864547030175348,0.0,0.0,181.91,03/09/2025 22:17:44,12.9802,80.227251,2272510,2025-09-04T23:22:31.469140
TN 87 8022,864547030175348,0.0,0.0,181.39,03/09/2025 22:07:58,12.9802,80.227251,2272510,2025-09-04T23:22:31.469279
TN 87 8022,864547030175348,0.0,0.0,181.37,03/09/2025 21:58:11,12.9802,80.227251,2272510,2025-09-04T23:22:31.469414
TN 87 8022,864547030175348,0.0,0.0,181.4,03/09/2025 21:48:26,12.9802,80.227251,2272510,2025-09-04T23:22:31.469525
TN 87 8022,864547030175348,0.0,0.0,181.4,03/09/2025 21:38:40,12.9802,80.227251,2272510,2025-09-04T23:22:31.469635
TN 87 8022,864547030175348,0.0,0.0,181.42,03/09/2025 21:28:54,12.9802,80.227251,2272510,2025-09-04T23:22:31.469770
TN 87 8022,864547030175348,0.0,0.0,181.43,03/09/2025 21:19:08,12.9802,80.227251,2272510,2025-09-04T23:22:31.469893
TN 87 8022,864547030175348,0.0,0.0,180.96,03/09/2025 21:09:21,12.9802,80.227251,2272510,2025-09-04T23:22:31.470030
TN 87 8022,864547030175348,0.0,0.0,180.95,03/09/2025 21:09:16,12.9802,80.227251,2272510,2025-09-04T23:22:31.470159
TN 87 8022,864547030175348,0.0,0.0,180.92,03/09/2025 21:09:12,12.9802,80.227251,2272510,2025-09-04T23:22:31.470279
TN 87 8022,864547030175348,0.0,0.0,180.92,03/09/2025 21:09:07,12.9802,80.227251,2272510,2025-09-04T23:22:31.470428
TN 87 8022,864547030175348,0.0,0.0,180.92,03/09/2025 21:09:02,12.9802,80.227251,2272510,2025-09-04T23:22:31.470581
TN 87 8022,864547030175348,0.0,0.0,180.95,03/09/2025 21:08:58,12.9802,80.227251,2272510,2025-09-04T23:22:31.470750
TN 87 8022,864547030175348,0.0,0.0,180.94,03/09/2025 21:08:53,12.9802,80.227251,2272510,2025-09-04T23:22:31.470922
TN 87 8022,864547030175348,0.0,0.0,180.94,03/09/2025 21:08:48,12.9802,80.227251,2272510,2025-09-04T23:22:31.471098
TN 87 8022,864547030175348,0.0,0.0,180.92,03/09/2025 20:59:23,12.9802,80.227251,2272510,2025-09-04T23:22:31.471217
TN 87 8022,864547030175348,0.0,0.0,180.96,03/09/2025 20:49:37,12.9802,80.227251,2272510,2025-09-04T23:22:31.471322
TN 87 8022,864547030175348,0.0,0.0,181.01,03/09/2025 20:39:51,12.9802,80.227251,2272510,2025-09-04T23:22:31.471478
TN 87 8022,864547030175348,0.0,0.0,180.61,03/09/2025 20:30:05,12.9802,80.227251,2272510,2025-09-04T23:22:31.471610
TN 87 8022,864547030175348,0.0,0.0,180.49,03/09/2025 20:20:18,12.9802,80.227251,2272510,2025-09-04T23:22:31.471723
TN 87 8022,864547030175348,0.0,0.0,180.5,03/09/2025 20:10:34,12.9802,80.227251,2272510,2025-09-04T23:22:31.471870
TN 87 8022,864547030175348,0.0,0.0,180.52,03/09/2025 20:00:48,12.9802,80.227251,2272510,2025-09-04T23:22:31.472006
TN 87 8022,864547030175348,0.0,0.0,180.45,03/09/2025 19:51:02,12.9802,80.227251,2272510,2025-09-04T23:22:31.472132
TN 87 8022,864547030175348,0.0,0.0,179.93,03/09/2025 19:41:16,12.9802,80.227251,2272510,2025-09-04T23:22:31.472287
TN 87 8022,864547030175348,0.0,0.0,179.98,03/09/2025 19:31:30,12.9802,80.227251,2272510,2025-09-04T23:22:31.472582
TN 87 8022,864547030175348,0.0,0.0,179.99,03/09/2025 19:21:44,12.9802,80.227251,2272510,2025-09-04T23:22:31.472789
TN 87 8022,864547030175348,0.0,0.0,179.46,03/09/2025 19:11:57,12.9802,80.227251,2272510,2025-09-04T23:22:31.472975
TN 87 8022,864547030175348,0.0,0.0,179.46,03/09/2025 19:11:53,12.9802,80.227251,2272510,2025-09-04T23:22:31.473251
TN 87 8022,864547030175348,0.0,0.0,179.47,03/09/2025 19:11:48,12.9802,80.227251,2272510,2025-09-04T23:22:31.473494
TN 87 8022,864547030175348,0.0,0.0,179.47,03/09/2025 19:11:43,12.9802,80.227251,2272510,2025-09-04T23:22:31.473735
TN 87 8022,864547030175348,0.0,0.0,179.47,03/09/2025 19:11:38,12.9802,80.227251,2272510,2025-09-04T23:22:31.474018
TN 87 8022,864547030175348,0.0,0.0,179.45,03/09/2025 19:11:33,12.9802,80.227251,2272510,2025-09-04T23:22:31.474425
TN 87 8022,864547030175348,0.0,0.0,179.45,03/09/2025 19:11:28,12.9802,80.227251,2272510,2025-09-04T23:22:31.474626
TN 87 8022,864547030175348,0.0,0.0,179.45,03/09/2025 19:11:24,12.9802,80.227251,2272510,2025-09-04T23:22:31.474802
TN 87 8022,864547030175348,0.0,0.0,179.5,03/09/2025 19:03:32,12.9802,80.227251,2272510,2025-09-04T23:22:31.475006
TN 87 8022,864547030175348,0.0,0.0,179.55,03/09/2025 18:53:46,12.9802,80.227251,2272510,2025-09-04T23:22:31.475185
TN 87 8022,864547030175348,0.0,0.0,178.99,03/09/2025 18:44:00,12.9802,80.227251,2272510,2025-09-04T23:22:31.475392
TN 87 8022,864547030175348,0.0,0.0,179.05,03/09/2025 18:34:13,12.9802,80.227251,2272510,2025-09-04T23:22:31.475575
TN 87 8022,864547030175348,0.0,0.0,178.5,03/09/2025 18:24:28,12.9802,80.227251,2272510,2025-09-04T23:22:31.475780
TN 87 8022,864547030175348,0.0,0.0,178.51,03/09/2025 18:14:42,12.9802,80.227251,2272510,2025-09-04T23:22:31.475945
TN 87 8022,864547030175348,0.0,0.0,178.54,03/09/2025 18:04:56,12.9802,80.227251,2272510,2025-09-04T23:22:31.476145
TN 87 8022,864547030175348,0.0,0.0,178.0,03/09/2025 17:55:10,12.9802,80.227251,2272510,2025-09-04T23:22:31.476327
TN 87 8022,864547030175348,0.0,0.0,178.08,03/09/2025 17:45:24,12.9802,80.227251,2272510,2025-09-04T23:22:31.476473
TN 87 8022,864547030175348,0.0,0.0,177.46,03/09/2025 17:35:38,12.9800998,80.2272605,2272605,2025-09-04T23:22:31.476619
TN 87 8022,864547030175348,0.0,0.0,177.46,03/09/2025 17:35:32,12.9800998,80.2272605,2272605,2025-09-04T23:22:31.476724
TN 87 8022,864547030175348,0.0,0.0,177.47,03/09/2025 17:35:27,12.9800998,80.2272605,2272605,2025-09-04T23:22:31.476822
TN 87 8022,864547030175348,0.0,0.0,177.48,03/09/2025 17:35:22,12.9800998,80.2272605,2272605,2025-09-04T23:22:31.476949
TN 87 8022,864547030175348,0.0,0.0,177.49,03/09/2025 17:35:17,12.9800998,80.2272605,2272605,2025-09-04T23:22:31.477113
TN 87 8022,864547030175348,0.0,0.0,177.49,03/09/2025 17:35:13,12.9800998,80.2272605,2272605,2025-09-04T23:22:31.477248
TN 87 8022,864547030175348,0.0,0.0,177.43,03/09/2025 17:35:08,12.9800998,80.2272605,2272605,2025-09-04T23:22:31.477374
TN 87 8022,864547030175348,0.0,0.0,177.43,03/09/2025 17:35:04,12.9800998,80.2272605,2272605,2025-09-04T23:22:31.477524
TN 87 8022,864547030175348,0.0,0.0,177.44,03/09/2025 17:34:59,12.9800998,80.2272605,2272605,2025-09-04T23:22:31.477668
TN 87 8022,864547030175348,0.0,0.0,177.39,03/09/2025 17:34:54,12.9800998,80.2272605,2272605,2025-09-04T23:22:31.477799
TN 87 8022,864547030175348,0.0,0.0,177.39,03/09/2025 17:34:49,12.9800998,80.2272796,2272796,2025-09-04T23:22:31.477951
TN 87 8022,864547030175348,0.0,0.0,177.37,03/09/2025 17:34:45,12.9801666,80.2273845,2273845,2025-09-04T23:22:31.478062
TN 87 8022,864547030175348,0.0,0.0,177.36,03/09/2025 17:34:39,12.9801666,80.2273845,2273845,2025-09-04T23:22:31.478194
TN 87 8022,864547030175348,0.0,0.0,177.36,03/09/2025 17:34:34,12.9801666,80.2273845,2273845,2025-09-04T23:22:31.478367
TN 87 8022,864547030175348,0.0,0.0,177.37,03/09/2025 17:34:29,12.9801666,80.2273845,2273845,2025-09-04T23:22:31.478519
TN 87 8022,864547030175348,0.0,0.0,177.25,03/09/2025 17:34:24,12.9801666,80.2273845,2273845,2025-09-04T23:22:31.478678
TN 87 8022,864547030175348,0.0,0.0,177.22,03/09/2025 17:34:19,12.9801666,80.2273845,2273845,2025-09-04T23:22:31.478883
TN 87 8022,864547030175348,0.0,0.0,177.17,03/09/2025 17:34:14,12.9801666,80.2273845,2273845,2025-09-04T23:22:31.479045
TN 87 8022,864547030175348,0.0,0.0,176.84,03/09/2025 17:34:09,12.9801666,80.2273845,2273845,2025-09-04T23:22:31.479227
TN 87 8022,864547030175348,0.0,0.0,176.83,03/09/2025 17:34:04,12.9801666,80.2273845,2273845,2025-09-04T23:22:31.479415
TN 87 8022,864547030175348,0.0,0.0,176.78,03/09/2025 17:34:00,12.9801666,80.2273845,2273845,2025-09-04T23:22:31.479596
TN 87 8022,864547030175348,0.0,0.0,176.4,03/09/2025 17:33:55,12.9801666,80.2273845,2273845,2025-09-04T23:22:31.479757
TN 87 8022,864547030175348,0.0,0.0,176.4,03/09/2025 17:33:50,12.9801666,80.2273845,2273845,2025-09-04T23:22:31.479964
TN 87 8022,864547030175348,0.0,0.0,176.46,03/09/2025 17:33:45,12.9801666,80.2273845,2273845,2025-09-04T23:22:31.480153
TN 87 8022,864547030175348,0.0,0.0,176.59,03/09/2025 17:33:40,12.9801666,80.2273845,2273845,2025-09-04T23:22:31.480312
TN 87 8022,864547030175348,0.0,0.0,176.98,03/09/2025 17:33:35,12.9801666,80.2273845,2273845,2025-09-04T23:22:31.480449
TN 87 8022,864547030175348,0.0,0.0,177.2,03/09/2025 17:33:30,12.9801666,80.2273845,2273845,2025-09-04T23:22:31.480654
TN 87 8022,864547030175348,0.0,0.0,177.55,03/09/2025 17:33:25,12.9801666,80.2273845,2273845,2025-09-04T23:22:31.480800
TN 87 8022,864547030175348,0.0,0.0,180.35,03/09/2025 17:33:21,12.9801666,80.2273845,2273845,2025-09-04T23:22:31.480960
TN 87 8022,864547030175348,0.0,0.0,180.69,03/09/2025 17:33:16,12.9801666,80.2273845,2273845,2025-09-04T23:22:31.481118
TN 87 8022,864547030175348,0.0,0.0,180.67,03/09/2025 17:33:11,12.9801666,80.2273845,2273845,2025-09-04T23:22:31.481275
TN 87 8022,864547030175348,0.0,0.0,180.59,03/09/2025 17:33:06,12.9801666,80.2273845,2273845,2025-09-04T23:22:31.481423
TN 87 8022,864547030175348,0.0,0.0,180.57,03/09/2025 17:33:01,12.9801666,80.2273845,2273845,2025-09-04T23:22:31.481648
TN 87 8022,864547030175348,0.0,0.0,180.56,03/09/2025 17:32:56,12.9801666,80.2273845,2273845,2025-09-04T23:22:31.481879
TN 87 8022,864547030175348,0.0,0.0,180.42,03/09/2025 17:32:51,12.9801666,80.2273845,2273845,2025-09-04T23:22:31.482095
TN 87 8022,864547030175348,0.0,0.0,180.41,03/09/2025 17:32:47,12.9801666,80.2273845,2273845,2025-09-04T23:22:31.482253
TN 87 8022,864547030175348,0.0,0.0,180.38,03/09/2025 17:32:42,12.9801666,80.2273845,2273845,2025-09-04T23:22:31.482383
TN 87 8022,864547030175348,0.0,0.0,177.83,03/09/2025 17:32:36,12.9801666,80.2273845,2273845,2025-09-04T23:22:31.482525
TN 87 8022,864547030175348,0.0,0.0,177.23,03/09/2025 17:32:32,12.9801666,80.2273845,2273845,2025-09-04T23:22:31.482671
TN 87 8022,864547030175348,0.0,0.0,176.63,03/09/2025 17:32:26,12.9801666,80.2274131,2274131,2025-09-04T23:22:31.482803
TN 87 8022,864547030175348,0.0,0.0,176.59,03/09/2025 17:32:22,12.9801666,80.2274322,2274322,2025-09-04T23:22:31.482940
TN 87 8022,864547030175348,0.0,0.0,176.59,03/09/2025 17:32:17,12.9801834,80.2274513,2274513,2025-09-04T23:22:31.483071
TN 87 8022,864547030175348,0.0,0.0,176.59,03/09/2025 17:32:12,12.9802667,80.2272987,2272987,2025-09-04T23:22:31.483196
TN 87 8022,864547030175348,0.0,0.0,176.61,03/09/2025 17:32:07,12.9802667,80.2272987,2272987,2025-09-04T23:22:31.483343
TN 87 8022,864547030175348,0.0,0.0,176.61,03/09/2025 17:32:03,12.9802667,80.2272987,2272987,2025-09-04T23:22:31.483505
TN 87 8022,864547030175348,0.0,0.0,176.62,03/09/2025 17:31:57,12.9802667,80.2272987,2272987,2025-09-04T23:22:31.483625
TN 87 8022,864547030175348,0.0,0.0,176.7,03/09/2025 17:31:53,12.9802667,80.2272987,2272987,2025-09-04T23:22:31.483759
TN 87 8022,864547030175348,0.0,0.0,176.7,03/09/2025 17:31:48,12.9802667,80.2272987,2272987,2025-09-04T23:22:31.483877
TN 87 8022,864547030175348,0.0,0.0,176.73,03/09/2025 17:31:43,12.9802667,80.2272987,2272987,2025-09-04T23:22:31.483992
TN 87 8022,864547030175348,5.0,0.01,176.77,03/09/2025 17:31:38,12.9802,80.227251,2272510,2025-09-04T23:22:31.484123
TN 87 8022,864547030175348,9.0,0.02,176.77,03/09/2025 17:31:33,12.9801332,80.2273368,2273368,2025-09-04T23:22:31.484240
TN 87 8022,864547030175348,6.0,0.03,176.78,03/09/2025 17:31:28,12.9800998,80.2274322,2274322,2025-09-04T23:22:31.484381
TN 87 8022,864547030175348,6.0,0.04,176.78,03/09/2025 17:31:23,12.9800664,80.227518,2275180,2025-09-04T23:22:31.484521
TN 87 8022,864547030175348,5.0,0.04,176.35,03/09/2025 17:31:18,12.9799997,80.2275848,2275848,2025-09-04T23:22:31.484649
TN 87 8022,864547030175348,6.0,0.05,176.09,03/09/2025 17:31:14,12.9799342,80.2275657,2275657,2025-09-04T23:22:31.484800
TN 87 8022,864547030175348,7.0,0.07,176.02,03/09/2025 17:31:09,12.9798496,80.227499,2274990,2025-09-04T23:22:31.484936
TN 87 8022,864547030175348,0.0,0.07,176.07,03/09/2025 17:31:03,12.9797828,80.2274322,2274322,2025-09-04T23:22:31.485071
TN 87 8022,864547030175348,7.0,0.09,176.08,03/09/2025 17:30:59,12.9797494,80.2273845,2273845,2025-09-04T23:22:31.485227
TN 87 8022,864547030175348,19.0,0.12,176.08,03/09/2025 17:30:54,12.9796493,80.2272319,2272319,2025-09-04T23:22:31.485386
TN 87 8022,864547030175348,23.0,0.15,175.91,03/09/2025 17:30:49,12.9794836,80.2269935,2269935,2025-09-04T23:22:31.485527
TN 87 8022,864547030175348,22.0,0.17,175.91,03/09/2025 17:30:44,12.9793167,80.2267551,2267551,2025-09-04T23:22:31.485765
TN 87 8022,864547030175348,17.0,0.21,175.92,03/09/2025 17:30:40,12.9791998,80.2265739,2265739,2025-09-04T23:22:31.485989
TN 87 8022,864547030175348,23.0,0.23,174.51,03/09/2025 17:30:34,12.9790663,80.2263069,2263069,2025-09-04T23:22:31.486205
TN 87 8022,864547030175348,24.0,0.27,174.2,03/09/2025 17:30:30,12.9789495,80.2260684,2260684,2025-09-04T23:22:31.486415
TN 87 8022,864547030175348,25.0,0.3,173.62,03/09/2025 17:30:25,12.9787837,80.2258014,2258014,2025-09-04T23:22:31.486593
TN 87 8022,864547030175348,25.0,0.34,173.71,03/09/2025 17:30:20,12.9786324,80.2255344,2255344,2025-09-04T23:22:31.486798
TN 87 8022,864547030175348,27.0,0.38,173.8,03/09/2025 17:30:15,12.9784667,80.2252197,2252197,2025-09-04T23:22:31.487005
TN 87 8022,864547030175348,23.0,0.41,174.18,03/09/2025 17:30:10,12.9782999,80.2249145,2249145,2025-09-04T23:22:31.487217
TN 87 8022,864547030175348,22.0,0.45,180.1,03/09/2025 17:30:05,12.9781663,80.2246665,2246665,2025-09-04T23:22:31.487437
TN 87 8022,864547030175348,31.0,0.56,180.46,03/09/2025 17:30:00,12.9779327,80.2243614,2243614,2025-09-04T23:22:31.487615
TN 87 8022,864547030175348,36.0,0.61,180.44,03/09/2025 17:29:55,12.9776668,80.223999,2239990,2025-09-04T23:22:31.487829
TN 87 8022,864547030175348,32.0,0.65,177.06,03/09/2025 17:29:50,12.9774165,80.2235603,2235603,2025-09-04T23:22:31.488006
TN 87 8022,864547030175348,32.0,0.7,177.06,03/09/2025 17:29:46,12.9772496,80.2232837,2232837,2025-09-04T23:22:31.488229
TN 87 8022,864547030175348,23.0,0.72,177.07,03/09/2025 17:29:40,12.9770159,80.2228832,2228832,2025-09-04T23:22:31.488421
TN 87 8022,864547030175348,13.0,0.74,177.13,03/09/2025 17:29:36,12.9769002,80.222721,2227210,2025-09-04T23:22:31.488596
TN 87 8022,864547030175348,11.0,0.76,177.13,03/09/2025 17:29:31,12.9768001,80.222578,2225780,2025-09-04T23:22:31.488840
TN 87 8022,864547030175348,15.0,0.79,177.14,03/09/2025 17:29:26,12.9767168,80.2224349,2224349,2025-09-04T23:22:31.489034
TN 87 8022,864547030175348,26.0,0.82,177.18,03/09/2025 17:29:21,12.9765665,80.2221679,2221679,2025-09-04T23:22:31.489201
TN 87 8022,864547030175348,30.0,0.86,177.19,03/09/2025 17:29:17,12.9764163,80.22192,2219200,2025-09-04T23:22:31.489382
TN 87 8022,864547030175348,26.0,0.91,177.19,03/09/2025 17:29:12,12.9762161,80.2215766,2215766,2025-09-04T23:22:31.489568
TN 87 8022,864547030175348,20.0,0.93,177.21,03/09/2025 17:29:06,12.9760336,80.2212142,2212142,2025-09-04T23:22:31.489742
TN 87 8022,864547030175348,18.0,0.96,177.36,03/09/2025 17:29:02,12.9759001,80.221033,2210330,2025-09-04T23:22:31.489909
TN 87 8022,864547030175348,8.0,0.97,177.43,03/09/2025 17:28:57,12.9757332,80.22089,2208900,2025-09-04T23:22:31.490080
TN 87 8022,864547030175348,0.0,0.97,177.47,03/09/2025 17:28:52,12.9756498,80.2208137,2208137,2025-09-04T23:22:31.490243
TN 87 8022,864547030175348,0.0,0.97,177.69,03/09/2025 17:28:47,12.9756498,80.2208137,2208137,2025-09-04T23:22:31.490367
TN 87 8022,864547030175348,0.0,0.97,177.76,03/09/2025 17:28:42,12.9756498,80.2208137,2208137,2025-09-04T23:22:31.490525
TN 87 8022,864547030175348,5.0,0.98,177.82,03/09/2025 17:28:37,12.9756331,80.2207374,2207374,2025-09-04T23:22:31.490726
TN 87 8022,864547030175348,8.0,1.0,179.07,03/09/2025 17:28:33,12.9755663,80.2206802,2206802,2025-09-04T23:22:31.490913
TN 87 8022,864547030175348,16.0,1.02,179.8,03/09/2025 17:28:28,12.9755163,80.2205371,2205371,2025-09-04T23:22:31.491122
TN 87 8022,864547030175348,18.0,1.09,181.36,03/09/2025 17:28:23,12.9756665,80.2203655,2203655,2025-09-04T23:22:31.491311
TN 87 8022,864547030175348,29.0,1.13,179.4,03/09/2025 17:28:18,12.9759001,80.2202701,2202701,2025-09-04T23:22:31.491472
TN 87 8022,864547030175348,34.0,1.18,178.19,03/09/2025 17:28:13,12.9762495,80.2201271,2201271,2025-09-04T23:22:31.491679
TN 87 8022,864547030175348,30.0,1.22,177.18,03/09/2025 17:28:08,12.9766666,80.2200126,2200126,2025-09-04T23:22:31.491883
TN 87 8022,864547030175348,28.0,1.26,177.26,03/09/2025 17:28:03,12.9770159,80.21986,2198600,2025-09-04T23:22:31.492058
TN 87 8022,864547030175348,32.0,1.31,177.27,03/09/2025 17:27:59,12.9772996,80.2197456,2197456,2025-09-04T23:22:31.492240
TN 87 8022,864547030175348,33.0,1.36,177.24,03/09/2025 17:27:53,12.9777836,80.2195835,2195835,2025-09-04T23:22:31.492434
TN 87 8022,864547030175348,32.0,1.41,177.83,03/09/2025 17:27:48,12.9781663,80.2193832,2193832,2025-09-04T23:22:31.492566
TN 87 8022,864547030175348,33.0,1.44,178.07,03/09/2025 17:27:43,12.9785501,80.2191734,2191734,2025-09-04T23:22:31.492727
TN 87 8022,864547030175348,32.0,1.5,178.96,03/09/2025 17:27:39,12.9788171,80.2189826,2189826,2025-09-04T23:22:31.492909
TN 87 8022,864547030175348,37.0,1.55,177.88,03/09/2025 17:27:34,12.9792499,80.2188301,2188301,2025-09-04T23:22:31.493097
TN 87 8022,864547030175348,35.0,1.59,178.14,03/09/2025 17:27:29,12.9796827,80.2186775,2186775,2025-09-04T23:22:31.493288
TN 87 8022,864547030175348,33.0,1.64,179.23,03/09/2025 17:27:24,12.9800832,80.2185344,2185344,2025-09-04T23:22:31.493496
TN 87 8022,864547030175348,36.0,1.68,179.42,03/09/2025 17:27:19,12.9804825,80.2183818,2183818,2025-09-04T23:22:31.493672
TN 87 8022,864547030175348,42.0,1.76,179.32,03/09/2025 17:27:15,12.9808497,80.2182483,2182483,2025-09-04T23:22:31.493823
TN 87 8022,864547030175348,45.0,1.82,178.81,03/09/2025 17:27:09,12.9815328,80.2180671,2180671,2025-09-04T23:22:31.493979
TN 87 8022,864547030175348,39.0,1.87,178.66,03/09/2025 17:27:04,12.9820669,80.2180004,2180004,2025-09-04T23:22:31.494145
TN 87 8022,864547030175348,29.0,1.9,178.65,03/09/2025 17:26:59,12.9825162,80.2179908,2179908,2025-09-04T23:22:31.494297
TN 87 8022,864547030175348,21.0,1.93,178.64,03/09/2025 17:26:55,12.9828,80.2180004,2180004,2025-09-04T23:22:31.494482
TN 87 8022,864547030175348,20.0,1.96,178.6,03/09/2025 17:26:50,12.983067,80.2180194,2180194,2025-09-04T23:22:31.494641
TN 87 8022,864547030175348,7.0,1.96,178.6,03/09/2025 17:26:45,12.9832673,80.2180194,2180194,2025-09-04T23:22:31.494781
TN 87 8022,864547030175348,9.0,1.97,178.58,03/09/2025 17:26:40,12.983334,80.218029,2180290,2025-09-04T23:22:31.494943
TN 87 8022,864547030175348,19.0,2.01,178.56,03/09/2025 17:26:35,12.9834997,80.2180194,2180194,2025-09-04T23:22:31.495087
TN 87 8022,864547030175348,34.0,2.06,178.4,03/09/2025 17:26:30,12.9838335,80.2180004,2180004,2025-09-04T23:22:31.495216
TN 87 8022,864547030175348,37.0,2.1,178.33,03/09/2025 17:26:25,12.9842829,80.2179908,2179908,2025-09-04T23:22:31.495358
TN 87 8022,864547030175348,35.0,2.16,178.29,03/09/2025 17:26:21,12.9846501,80.2179908,2179908,2025-09-04T23:22:31.495478
TN 87 8022,864547030175348,36.0,2.21,178.1,03/09/2025 17:26:16,12.9851329,80.2179908,2179908,2025-09-04T23:22:31.495608
TN 87 8022,864547030175348,25.0,2.23,178.07,03/09/2025 17:26:10,12.9855834,80.2180194,2180194,2025-09-04T23:22:31.495740
TN 87 8022,864547030175348,18.0,2.25,178.05,03/09/2025 17:26:06,12.9858326,80.2180194,2180194,2025-09-04T23:22:31.495883
TN 87 8022,864547030175348,14.0,2.28,177.88,03/09/2025 17:26:01,12.9859995,80.218029,2180290,2025-09-04T23:22:31.496031
TN 87 8022,864547030175348,19.0,2.3,177.8,03/09/2025 17:25:56,12.9862332,80.2180671,2180671,2025-09-04T23:22:31.496188
TN 87 8022,864547030175348,20.0,2.33,177.64,03/09/2025 17:25:51,12.9864501,80.2181053,2181053,2025-09-04T23:22:31.496336
TN 87 8022,864547030175348,19.0,2.35,177.74,03/09/2025 17:25:46,12.986716,80.218172,2181720,2025-09-04T23:22:31.496446
TN 87 8022,864547030175348,11.0,2.37,178.14,03/09/2025 17:25:41,12.9868829,80.2182006,2182006,2025-09-04T23:22:31.496574
TN 87 8022,864547030175348,13.0,2.39,178.53,03/09/2025 17:25:37,12.9870009,80.2182292,2182292,2025-09-04T23:22:31.496711
TN 87 8022,864547030175348,17.0,2.42,179.3,03/09/2025 17:25:32,12.9871665,80.218296,2182960,2025-09-04T23:22:31.496826
TN 87 8022,864547030175348,31.0,2.47,179.49,03/09/2025 17:25:27,12.9874825,80.2183532,2183532,2025-09-04T23:22:31.496957
TN 87 8022,864547030175348,33.0,2.52,180.37,03/09/2025 17:25:22,12.9878997,80.2184104,2184104,2025-09-04T23:22:31.497090
TN 87 8022,864547030175348,35.0,2.57,183.77,03/09/2025 17:25:17,12.9883337,80.2185153,2185153,2025-09-04T23:22:31.497220
TN 87 8022,864547030175348,37.0,2.61,184.0,03/09/2025 17:25:12,12.9887664,80.2186489,2186489,2025-09-04T23:22:31.497336
TN 87 8022,864547030175348,35.0,2.66,184.68,03/09/2025 17:25:08,12.9891002,80.2187633,2187633,2025-09-04T23:22:31.497457
TN 87 8022,864547030175348,32.0,2.7,186.59,03/09/2025 17:25:03,12.9895162,80.2189159,2189159,2025-09-04T23:22:31.497568
TN 87 8022,864547030175348,28.0,2.74,186.63,03/09/2025 17:24:58,12.9898834,80.2190303,2190303,2025-09-04T23:22:31.497683
TN 87 8022,864547030175348,27.0,2.78,186.7,03/09/2025 17:24:53,12.9902005,80.2191448,2191448,2025-09-04T23:22:31.497816
TN 87 8022,864547030175348,35.0,2.83,186.82,03/09/2025 17:24:48,12.9905998,80.2192687,2192687,2025-09-04T23:22:31.497946
TN 87 8022,864547030175348,29.0,2.87,186.83,03/09/2025 17:24:43,12.9910159,80.2194023,2194023,2025-09-04T23:22:31.498080
TN 87 8022,864547030175348,19.0,2.89,186.87,03/09/2025 17:24:38,12.9913496,80.2194976,2194976,2025-09-04T23:22:31.498207
TN 87 8022,864547030175348,14.0,2.92,187.12,03/09/2025 17:24:33,12.9915666,80.2195835,2195835,2025-09-04T23:22:31.498328
TN 87 8022,864547030175348,17.0,2.95,187.12,03/09/2025 17:24:28,12.9917335,80.2194786,2194786,2025-09-04T23:22:31.498457
TN 87 8022,864547030175348,23.0,2.98,187.15,03/09/2025 17:24:23,12.9919505,80.2192974,2192974,2025-09-04T23:22:31.498573
TN 87 8022,864547030175348,30.0,3.02,187.16,03/09/2025 17:24:18,12.9922175,80.2191352,2191352,2025-09-04T23:22:31.498701
TN 87 8022,864547030175348,30.0,3.07,182.77,03/09/2025 17:24:14,12.9925001,80.218935,2189350,2025-09-04T23:22:31.498816
TN 87 8022,864547030175348,23.0,3.1,181.23,03/09/2025 17:24:08,12.9928326,80.2186489,2186489,2025-09-04T23:22:31.498941
TN 87 8022,864547030175348,19.0,3.13,180.81,03/09/2025 17:24:04,12.9930496,80.2184867,2184867,2025-09-04T23:22:31.499086
TN 87 8022,864547030175348,18.0,3.16,181.88,03/09/2025 17:23:59,12.9932498,80.2183341,2183341,2025-09-04T23:22:31.499301
TN 87 8022,864547030175348,25.0,3.19,181.9,03/09/2025 17:23:54,12.9934668,80.218172,2181720,2025-09-04T23:22:31.499486
TN 87 8022,864547030175348,22.0,3.22,181.93,03/09/2025 17:23:49,12.9937338,80.2179908,2179908,2025-09-04T23:22:31.499681
TN 87 8022,864547030175348,19.0,3.24,182.1,03/09/2025 17:23:44,12.9939496,80.2178478,2178478,2025-09-04T23:22:31.499875
TN 87 8022,864547030175348,12.0,3.26,182.14,03/09/2025 17:23:39,12.9940998,80.2177619,2177619,2025-09-04T23:22:31.500090
TN 87 8022,864547030175348,12.0,3.28,182.16,03/09/2025 17:23:34,12.9942667,80.2176856,2176856,2025-09-04T23:22:31.500284
TN 87 8022,864547030175348,16.0,3.31,182.24,03/09/2025 17:23:29,12.9944335,80.2175521,2175521,2025-09-04T23:22:31.500513
TN 87 8022,864547030175348,16.0,3.33,182.26,03/09/2025 17:23:24,12.994616,80.2174186,2174186,2025-09-04T23:22:31.500742
TN 87 8022,864547030175348,19.0,3.36,182.28,03/09/2025 17:23:20,12.9947495,80.2173137,2173137,2025-09-04T23:22:31.500946
TN 87 8022,864547030175348,24.0,3.4,182.66,03/09/2025 17:23:15,12.9949998,80.2171325,2171325,2025-09-04T23:22:31.501153
TN 87 8022,864547030175348,27.0,3.44,182.75,03/09/2025 17:23:10,12.9952669,80.2169513,2169513,2025-09-04T23:22:31.501353
TN 87 8022,864547030175348,32.0,3.48,183.18,03/09/2025 17:23:05,12.9956173,80.2167987,2167987,2025-09-04T23:22:31.501536
TN 87 8022,864547030175348,30.0,3.53,181.93,03/09/2025 17:23:01,12.9959667,80.2167129,2167129,2025-09-04T23:22:31.501716
TN 87 8022,864547030175348,26.0,3.56,181.78,03/09/2025 17:22:55,12.9963994,80.2166366,2166366,2025-09-04T23:22:31.501858
TN 87 8022,864547030175348,24.0,3.59,181.64,03/09/2025 17:22:50,12.9966998,80.2165794,2165794,2025-09-04T23:22:31.501996
TN 87 8022,864547030175348,25.0,3.62,180.69,03/09/2025 17:22:46,12.9969668,80.2165699,2165699,2025-09-04T23:22:31.502159
TN 87 8022,864547030175348,20.0,3.65,180.5,03/09/2025 17:22:41,12.9972672,80.2165317,2165317,2025-09-04T23:22:31.502289
TN 87 8022,864547030175348,16.0,3.68,179.62,03/09/2025 17:22:36,12.9975164,80.2165126,2165126,2025-09-04T23:22:31.502454
TN 87 8022,864547030175348,13.0,3.7,178.87,03/09/2025 17:22:31,12.9977666,80.2165031,2165031,2025-09-04T23:22:31.502619
TN 87 8022,864547030175348,10.0,3.71,178.96,03/09/2025 17:22:26,12.9979335,80.2165126,2165126,2025-09-04T23:22:31.502818
TN 87 8022,864547030175348,0.0,3.71,179.56,03/09/2025 17:22:21,12.9980158,80.2165508,2165508,2025-09-04T23:22:31.502985
TN 87 8022,864547030175348,0.0,3.71,182.12,03/09/2025 17:22:16,12.9980158,80.2165508,2165508,2025-09-04T23:22:31.503123
TN 87 8022,864547030175348,0.0,3.71,182.2,03/09/2025 17:22:12,12.9980158,80.2165508,2165508,2025-09-04T23:22:31.503261
TN 87 8022,864547030175348,0.0,3.71,182.32,03/09/2025 17:22:07,12.9980158,80.2165699,2165699,2025-09-04T23:22:31.503450
TN 87 8022,864547030175348,19.0,3.74,182.37,03/09/2025 17:22:01,12.9981493,80.2166557,2166557,2025-09-04T23:22:31.503589
TN 87 8022,864547030175348,35.0,3.79,182.46,03/09/2025 17:21:57,12.9984164,80.2167797,2167797,2025-09-04T23:22:31.503720
TN 87 8022,864547030175348,37.0,3.93,182.49,03/09/2025 17:21:52,12.9988503,80.2169609,2169609,2025-09-04T23:22:31.503855
TN 87 8022,864547030175348,37.0,4.02,182.26,03/09/2025 17:21:47,12.9992508,80.2171897,2171897,2025-09-04T23:22:31.504038
TN 87 8022,864547030175348,31.0,4.05,180.38,03/09/2025 17:21:42,12.9996501,80.2173805,2173805,2025-09-04T23:22:31.504161
TN 87 8022,864547030175348,28.0,4.1,180.41,03/09/2025 17:21:38,12.9999327,80.2175521,2175521,2025-09-04T23:22:31.504344
TN 87 8022,864547030175348,27.0,4.18,179.81,03/09/2025 17:21:33,13.0002665,80.2177619,2177619,2025-09-04T23:22:31.504591
TN 87 8022,864547030175348,26.0,4.24,176.44,03/09/2025 17:21:27,13.0006504,80.2180194,2180194,2025-09-04T23:22:31.504782
TN 87 8022,864547030175348,25.0,4.28,175.83,03/09/2025 17:21:23,13.0008828,80.218172,2181720,2025-09-04T23:22:31.504955
TN 87 8022,864547030175348,24.0,4.31,175.38,03/09/2025 17:21:18,13.0011332,80.2183723,2183723,2025-09-04T23:22:31.505112
TN 87 8022,864547030175348,24.0,4.35,178.2,03/09/2025 17:21:13,13.0013835,80.218563,2185630,2025-09-04T23:22:31.505316
TN 87 8022,864547030175348,27.0,4.39,179.5,03/09/2025 17:21:08,13.001616,80.2188014,2188014,2025-09-04T23:22:31.505523
TN 87 8022,864547030175348,31.0,4.43,181.36,03/09/2025 17:21:03,13.001883,80.2190685,2190685,2025-09-04T23:22:31.505731
TN 87 8022,864547030175348,34.0,4.49,181.7,03/09/2025 17:20:59,13.0021333,80.2193164,2193164,2025-09-04T23:22:31.505909
TN 87 8022,864547030175348,29.0,4.53,181.58,03/09/2025 17:20:53,13.002566,80.2195835,2195835,2025-09-04T23:22:31.506127
TN 87 8022,864547030175348,30.0,4.56,181.43,03/09/2025 17:20:48,13.0029165,80.2197837,2197837,2025-09-04T23:22:31.506323
TN 87 8022,864547030175348,27.0,4.61,181.64,03/09/2025 17:20:44,13.0031991,80.2198982,2198982,2025-09-04T23:22:31.506515
TN 87 8022,864547030175348,24.0,4.65,181.68,03/09/2025 17:20:39,13.0035662,80.2200126,2200126,2025-09-04T23:22:31.506700
TN 87 8022,864547030175348,24.0,4.68,181.73,03/09/2025 17:20:34,13.0039,80.2200984,2200984,2025-09-04T23:22:31.506868
TN 87 8022,864547030175348,21.0,4.71,180.74,03/09/2025 17:20:29,13.0042004,80.2201843,2201843,2025-09-04T23:22:31.507023
TN 87 8022,864547030175348,19.0,4.74,180.94,03/09/2025 17:20:25,13.0044496,80.2202033,2202033,2025-09-04T23:22:31.507178
TN 87 8022,864547030175348,16.0,4.76,182.09,03/09/2025 17:20:19,13.0047166,80.220251,2202510,2025-09-04T23:22:31.507362
TN 87 8022,864547030175348,18.0,4.79,182.38,03/09/2025 17:20:15,13.0048835,80.2202701,2202701,2025-09-04T23:22:31.507681
TN 87 8022,864547030175348,28.0,4.84,182.4,03/09/2025 17:20:10,13.0051338,80.2203559,2203559,2025-09-04T23:22:31.507834
TN 87 8022,864547030175348,32.0,4.88,182.45,03/09/2025 17:20:04,13.0056166,80.2204513,2204513,2025-09-04T23:22:31.507949
TN 87 8022,864547030175348,27.0,4.91,182.67,03/09/2025 17:20:00,13.005917,80.2205371,2205371,2025-09-04T23:22:31.508075
TN 87 8022,864547030175348,21.0,4.95,182.69,03/09/2025 17:19:55,13.0062508,80.2206611,2206611,2025-09-04T23:22:31.508213
TN 87 8022,864547030175348,29.0,4.99,182.72,03/09/2025 17:19:50,13.00655,80.220766,2207660,2025-09-04T23:22:31.508336
TN 87 8022,864547030175348,27.0,5.03,182.77,03/09/2025 17:19:45,13.0068993,80.2208995,2208995,2025-09-04T23:22:31.508478
TN 87 8022,864547030175348,31.0,5.08,184.71,03/09/2025 17:19:40,13.0072331,80.2210426,2210426,2025-09-04T23:22:31.508613
TN 87 8022,864547030175348,32.0,5.13,185.68,03/09/2025 17:19:35,13.0076169,80.2212333,2212333,2025-09-04T23:22:31.508731
TN 87 8022,864547030175348,33.0,5.18,185.85,03/09/2025 17:19:30,13.0080008,80.2214336,2214336,2025-09-04T23:22:31.508878
TN 87 8022,864547030175348,29.0,5.22,181.63,03/09/2025 17:19:25,13.0084002,80.2216148,2216148,2025-09-04T23:22:31.508994
TN 87 8022,864547030175348,24.0,5.24,181.1,03/09/2025 17:19:20,13.0087339,80.2218055,2218055,2025-09-04T23:22:31.509129
TN 87 8022,864547030175348,20.0,5.27,181.12,03/09/2025 17:19:16,13.0089497,80.2219009,2219009,2025-09-04T23:22:31.509246
TN 87 8022,864547030175348,14.0,5.29,181.23,03/09/2025 17:19:11,13.00915,80.2220153,2220153,2025-09-04T23:22:31.509385
TN 87 8022,864547030175348,12.0,5.31,181.27,03/09/2025 17:19:06,13.0092835,80.2221012,2221012,2025-09-04T23:22:31.509539
TN 87 8022,864547030175348,26.0,5.36,181.44,03/09/2025 17:19:01,13.0094993,80.2222156,2222156,2025-09-04T23:22:31.509657
TN 87 8022,864547030175348,30.0,5.4,179.39,03/09/2025 17:18:56,13.0098176,80.2224159,2224159,2025-09-04T23:22:31.509794
TN 87 8022,864547030175348,26.0,5.43,179.36,03/09/2025 17:18:51,13.0101501,80.2226161,2226161,2025-09-04T23:22:31.509908
TN 87 8022,864547030175348,23.0,5.47,179.33,03/09/2025 17:18:46,13.0104172,80.2227973,2227973,2025-09-04T23:22:31.510014
TN 87 8022,864547030175348,27.0,5.5,179.27,03/09/2025 17:18:41,13.0106997,80.2229499,2229499,2025-09-04T23:22:31.510123
TN 87 8022,864547030175348,24.0,5.53,179.27,03/09/2025 17:18:37,13.0109333,80.2230834,2230834,2025-09-04T23:22:31.510221
TN 87 8022,864547030175348,15.0,5.56,179.25,03/09/2025 17:18:32,13.0111503,80.2232551,2232551,2025-09-04T23:22:31.510366
TN 87 8022,864547030175348,9.0,5.57,181.47,03/09/2025 17:18:27,13.0112493,80.2233791,2233791,2025-09-04T23:22:31.510515
TN 87 8022,864547030175348,10.0,5.6,181.47,03/09/2025 17:18:22,13.0112171,80.2235221,2235221,2025-09-04T23:22:31.510680
TN 87 8022,864547030175348,11.0,5.62,181.47,03/09/2025 17:18:17,13.0111503,80.2237033,2237033,2025-09-04T23:22:31.510830
TN 87 8022,864547030175348,17.0,5.65,181.42,03/09/2025 17:18:12,13.0110836,80.2238845,2238845,2025-09-04T23:22:31.510978
TN 87 8022,864547030175348,26.0,5.69,181.41,03/09/2025 17:18:07,13.0109333,80.2241802,2241802,2025-09-04T23:22:31.511140
TN 87 8022,864547030175348,23.0,5.72,181.4,03/09/2025 17:18:03,13.0108499,80.2244663,2244663,2025-09-04T23:22:31.511289
TN 87 8022,864547030175348,15.0,5.74,181.33,03/09/2025 17:17:58,13.0107831,80.2247714,2247714,2025-09-04T23:22:31.511471
TN 87 8022,864547030175348,0.0,5.74,181.32,03/09/2025 17:17:53,13.0107331,80.2249717,2249717,2025-09-04T23:22:31.511679
TN 87 8022,864547030175348,0.0,5.74,181.31,03/09/2025 17:17:48,13.0107164,80.2250671,2250671,2025-09-04T23:22:31.511808
TN 87 8022,864547030175348,0.0,5.74,181.13,03/09/2025 17:17:43,13.0107164,80.2250671,2250671,2025-09-04T23:22:31.511952
TN 87 8022,864547030175348,0.0,5.74,181.23,03/09/2025 17:17:38,13.0107164,80.2250671,2250671,2025-09-04T23:22:31.512092
TN 87 8022,864547030175348,0.0,5.74,181.25,03/09/2025 17:17:33,13.0107164,80.2250671,2250671,2025-09-04T23:22:31.512220
TN 87 8022,864547030175348,0.0,5.74,181.35,03/09/2025 17:17:28,13.0107164,80.2250671,2250671,2025-09-04T23:22:31.512368
TN 87 8022,864547030175348,10.0,5.75,181.35,03/09/2025 17:17:23,13.0106663,80.2251338,2251338,2025-09-04T23:22:31.512615
TN 87 8022,864547030175348,16.0,5.79,181.38,03/09/2025 17:17:19,13.0105996,80.2252388,2252388,2025-09-04T23:22:31.512785
TN 87 8022,864547030175348,26.0,5.82,181.39,03/09/2025 17:17:14,13.010466,80.2254867,2254867,2025-09-04T23:22:31.512955
TN 87 8022,864547030175348,30.0,5.87,178.63,03/09/2025 17:17:09,13.0103325,80.2258014,2258014,2025-09-04T23:22:31.513114
TN 87 8022,864547030175348,27.0,5.91,177.16,03/09/2025 17:17:04,13.0101501,80.2261638,2261638,2025-09-04T23:22:31.513261
TN 87 8022,864547030175348,27.0,5.95,175.52,03/09/2025 17:16:59,13.0100166,80.2265357,2265357,2025-09-04T23:22:31.513446
TN 87 8022,864547030175348,24.0,5.97,175.42,03/09/2025 17:16:54,13.0098664,80.2268505,2268505,2025-09-04T23:22:31.513589
TN 87 8022,864547030175348,23.0,6.01,175.49,03/09/2025 17:16:50,13.0097663,80.2270793,2270793,2025-09-04T23:22:31.513750
TN 87 8022,864547030175348,19.0,6.04,175.52,03/09/2025 17:16:44,13.0096328,80.2273845,2273845,2025-09-04T23:22:31.513935
TN 87 8022,864547030175348,14.0,6.06,177.72,03/09/2025 17:16:39,13.0095326,80.2276039,2276039,2025-09-04T23:22:31.514145
TN 87 8022,864547030175348,20.0,6.1,178.78,03/09/2025 17:16:35,13.0095839,80.2278327,2278327,2025-09-04T23:22:31.514367
TN 87 8022,864547030175348,27.0,6.14,180.54,03/09/2025 17:16:29,13.0099332,80.2279376,2279376,2025-09-04T23:22:31.514582
TN 87 8022,864547030175348,31.0,6.18,180.77,03/09/2025 17:16:25,13.0102324,80.2278327,2278327,2025-09-04T23:22:31.514802
TN 87 8022,864547030175348,32.0,6.23,180.79,03/09/2025 17:16:20,13.0106163,80.2276802,2276802,2025-09-04T23:22:31.515054
TN 87 8022,864547030175348,32.0,6.27,180.78,03/09/2025 17:16:15,13.0110001,80.2275276,2275276,2025-09-04T23:22:31.515335
TN 87 8022,864547030175348,31.0,6.32,180.36,03/09/2025 17:16:10,13.0113494,80.2273845,2273845,2025-09-04T23:22:31.515576
TN 87 8022,864547030175348,32.0,6.36,180.24,03/09/2025 17:16:05,13.0117166,80.2272224,2272224,2025-09-04T23:22:31.515779
TN 87 8022,864547030175348,31.0,6.45,179.73,03/09/2025 17:16:00,13.0121004,80.2270793,2270793,2025-09-04T23:22:31.515992
TN 87 8022,864547030175348,30.0,6.54,181.31,03/09/2025 17:15:56,13.0123829,80.226984,2269840,2025-09-04T23:22:31.516177
TN 87 8022,864547030175348,33.0,6.57,181.38,03/09/2025 17:15:50,13.0128335,80.2267837,2267837,2025-09-04T23:22:31.516368
TN 87 8022,864547030175348,30.0,6.62,181.88,03/09/2025 17:15:46,13.0131328,80.2266693,2266693,2025-09-04T23:22:31.516555
TN 87 8022,864547030175348,31.0,6.66,182.54,03/09/2025 17:15:41,13.0134832,80.2265167,2265167,2025-09-04T23:22:31.516734
TN 87 8022,864547030175348,30.0,6.7,182.7,03/09/2025 17:15:36,13.0138504,80.2263641,2263641,2025-09-04T23:22:31.516898
TN 87 8022,864547030175348,27.0,6.74,183.19,03/09/2025 17:15:31,13.0141997,80.2262496,2262496,2025-09-04T23:22:31.517065
TN 87 8022,864547030175348,27.0,6.77,182.0,03/09/2025 17:15:26,13.0145001,80.2261352,2261352,2025-09-04T23:22:31.517227
TN 87 8022,864547030175348,26.0,6.86,181.52,03/09/2025 17:15:21,13.014816,80.2260017,2260017,2025-09-04T23:22:31.517390
TN 87 8022,864547030175348,26.0,6.91,179.52,03/09/2025 17:15:16,13.0151331,80.2258968,2258968,2025-09-04T23:22:31.517558
TN 87 8022,864547030175348,23.0,6.94,176.1,03/09/2025 17:15:12,13.0153334,80.2258014,2258014,2025-09-04T23:22:31.517726
TN 87 8022,864547030175348,18.0,6.97,176.12,03/09/2025 17:15:07,13.0155491,80.225687,2256870,2025-09-04T23:22:31.517891
TN 87 8022,864547030175348,18.0,6.99,176.17,03/09/2025 17:15:02,13.0157828,80.2256011,2256011,2025-09-04T23:22:31.518056
TN 87 8022,864547030175348,14.0,7.01,176.21,03/09/2025 17:14:57,13.0159831,80.2255344,2255344,2025-09-04T23:22:31.518218
TN 87 8022,864547030175348,21.0,7.05,178.23,03/09/2025 17:14:52,13.0161666,80.2254676,2254676,2025-09-04T23:22:31.518501
TN 87 8022,864547030175348,27.0,7.09,179.5,03/09/2025 17:14:47,13.016467,80.2253818,2253818,2025-09-04T23:22:31.518659
TN 87 8022,864547030175348,33.0,7.14,180.94,03/09/2025 17:14:42,13.016833,80.2252388,2252388,2025-09-04T23:22:31.518823
TN 87 8022,864547030175348,36.0,7.19,180.9,03/09/2025 17:14:37,13.0172324,80.2250671,2250671,2025-09-04T23:22:31.518993
TN 87 8022,864547030175348,32.0,7.24,180.94,03/09/2025 17:14:32,13.0176329,80.2248859,2248859,2025-09-04T23:22:31.519138
TN 87 8022,864547030175348,33.0,7.26,181.5,03/09/2025 17:14:27,13.0180168,80.2247142,2247142,2025-09-04T23:22:31.519315
TN 87 8022,864547030175348,31.0,7.31,181.55,03/09/2025 17:14:24,13.0182504,80.2246189,2246189,2025-09-04T23:22:31.519488
TN 87 8022,864547030175348,32.0,7.35,181.55,03/09/2025 17:14:19,13.0186331,80.2244663,2244663,2025-09-04T23:22:31.519667
TN 87 8022,864547030175348,27.0,7.39,181.58,03/09/2025 17:14:14,13.0190002,80.2243804,2243804,2025-09-04T23:22:31.519876
TN 87 8022,864547030175348,31.0,7.43,181.17,03/09/2025 17:14:09,13.0193495,80.2244186,2244186,2025-09-04T23:22:31.520055
TN 87 8022,864547030175348,33.0,7.48,180.44,03/09/2025 17:14:04,13.0197167,80.2245903,2245903,2025-09-04T23:22:31.520236
TN 87 8022,864547030175348,31.0,7.8,179.8,03/09/2025 17:13:59,13.020066,80.2248001,2248001,2025-09-04T23:22:31.520397
TN 87 8022,864547030175348,28.0,7.84,186.49,03/09/2025 17:13:21,13.0224001,80.226612,2266120,2025-09-04T23:22:31.520562
TN 87 8022,864547030175348,27.0,7.89,183.36,03/09/2025 17:13:16,13.0226492,80.2268695,2268695,2025-09-04T23:22:31.520718
TN 87 8022,864547030175348,28.0,7.92,182.77,03/09/2025 17:13:11,13.0229163,80.2271366,2271366,2025-09-04T23:22:31.520896
TN 87 8022,864547030175348,23.0,7.95,182.15,03/09/2025 17:13:06,13.0231499,80.2273464,2273464,2025-09-04T23:22:31.521072
TN 87 8022,864547030175348,22.0,7.98,179.35,03/09/2025 17:13:01,13.0233669,80.2275276,2275276,2025-09-04T23:22:31.521208
TN 87 8022,864547030175348,22.0,8.01,178.8,03/09/2025 17:12:56,13.0235505,80.2277565,2277565,2025-09-04T23:22:31.521323
TN 87 8022,864547030175348,20.0,8.04,177.99,03/09/2025 17:12:51,13.0237329,80.2279472,2279472,2025-09-04T23:22:31.521449
TN 87 8022,864547030175348,19.0,8.07,177.99,03/09/2025 17:12:46,13.0238997,80.2281475,2281475,2025-09-04T23:22:31.521584
TN 87 8022,864547030175348,22.0,8.1,179.07,03/09/2025 17:12:41,13.0240833,80.2283668,2283668,2025-09-04T23:22:31.521697
TN 87 8022,864547030175348,24.0,8.14,179.8,03/09/2025 17:12:37,13.0242323,80.2285671,2285671,2025-09-04T23:22:31.521799
TN 87 8022,864547030175348,29.0,8.18,181.84,03/09/2025 17:12:32,13.0244505,80.2288341,2288341,2025-09-04T23:22:31.521912
TN 87 8022,864547030175348,31.0,8.22,182.12,03/09/2025 17:12:27,13.0246996,80.2291297,2291297,2025-09-04T23:22:31.522046
TN 87 8022,864547030175348,28.0,8.27,181.76,03/09/2025 17:12:22,13.0249333,80.2294731,2294731,2025-09-04T23:22:31.522170
TN 87 8022,864547030175348,27.0,8.31,182.55,03/09/2025 17:12:17,13.0251669,80.2297782,2297782,2025-09-04T23:22:31.522330
TN 87 8022,864547030175348,28.0,8.35,182.44,03/09/2025 17:12:12,13.0254006,80.2300834,2300834,2025-09-04T23:22:31.522511
TN 87 8022,864547030175348,24.0,8.38,181.68,03/09/2025 17:12:07,13.025583,80.2303886,2303886,2025-09-04T23:22:31.522695
TN 87 8022,864547030175348,19.0,8.44,180.81,03/09/2025 17:12:02,13.0256998,80.2306938,2306938,2025-09-04T23:22:31.522823
TN 87 8022,864547030175348,19.0,8.48,179.54,03/09/2025 17:11:57,13.0257999,80.2309608,2309608,2025-09-04T23:22:31.522966
TN 87 8022,864547030175348,12.0,8.5,179.4,03/09/2025 17:11:53,13.0259001,80.2311325,2311325,2025-09-04T23:22:31.523117
TN 87 8022,864547030175348,12.0,8.51,179.85,03/09/2025 17:11:48,13.0259501,80.2313041,2313041,2025-09-04T23:22:31.523282
TN 87 8022,864547030175348,11.0,8.53,180.9,03/09/2025 17:11:43,13.0260002,80.2314281,2314281,2025-09-04T23:22:31.523450
TN 87 8022,864547030175348,15.0,8.56,180.97,03/09/2025 17:11:38,13.0260336,80.2316093,2316093,2025-09-04T23:22:31.523602
TN 87 8022,864547030175348,20.0,8.58,181.22,03/09/2025 17:11:33,13.0261003,80.2318477,2318477,2025-09-04T23:22:31.523739
TN 87 8022,864547030175348,16.0,8.61,180.48,03/09/2025 17:11:28,13.0261671,80.2320671,2320671,2025-09-04T23:22:31.523868
TN 87 8022,864547030175348,15.0,8.63,180.6,03/09/2025 17:11:23,13.0262005,80.2322864,2322864,2025-09-04T23:22:31.524002
TN 87 8022,864547030175348,18.0,8.66,180.69,03/09/2025 17:11:19,13.0262494,80.2324676,2324676,2025-09-04T23:22:31.524131
TN 87 8022,864547030175348,16.0,8.67,180.79,03/09/2025 17:11:13,13.026334,80.2327346,2327346,2025-09-04T23:22:31.524267
TN 87 8022,864547030175348,11.0,8.69,180.8,03/09/2025 17:11:09,13.0263996,80.2328777,2328777,2025-09-04T23:22:31.524409
TN 87 8022,864547030175348,10.0,8.7,180.82,03/09/2025 17:11:04,13.0264663,80.2329826,2329826,2025-09-04T23:22:31.524567
TN 87 8022,864547030175348,9.0,8.72,180.99,03/09/2025 17:10:59,13.0265998,80.2330017,2330017,2025-09-04T23:22:31.524694
TN 87 8022,864547030175348,11.0,8.74,181.01,03/09/2025 17:10:54,13.0267667,80.2329826,2329826,2025-09-04T23:22:31.524879
TN 87 8022,864547030175348,11.0,8.88,181.05,03/09/2025 17:10:49,13.0269169,80.2329444,2329444,2025-09-04T23:22:31.525038
TN 87 8022,864547030175348,11.0,9.01,181.26,03/09/2025 17:10:44,13.0270504,80.2329063,2329063,2025-09-04T23:22:31.525194
TN 87 8022,864547030175348,23.0,9.13,181.3,03/09/2025 17:10:40,13.0272173,80.2329158,2329158,2025-09-04T23:22:31.525345
TN 87 8022,864547030175348,23.0,9.24,181.4,03/09/2025 17:10:35,13.0275166,80.2328777,2328777,2025-09-04T23:22:31.525459
TN 87 8022,864547030175348,15.0,9.43,181.75,03/09/2025 17:10:30,13.0277001,80.2327823,2327823,2025-09-04T23:22:31.525560
TN 87 8022,864547030175348,12.0,9.59,181.75,03/09/2025 17:10:25,13.0277657,80.2326011,2326011,2025-09-04T23:22:31.525679
TN 87 8022,864547030175348,18.0,9.74,181.81,03/09/2025 17:10:20,13.0277836,80.2324104,2324104,2025-09-04T23:22:31.525907
TN 87 8022,864547030175348,19.0,9.86,181.88,03/09/2025 17:10:15,13.0277502,80.2321815,2321815,2025-09-04T23:22:31.526079
TN 87 8022,864547030175348,19.0,9.95,182.8,03/09/2025 17:10:10,13.0277168,80.2319145,2319145,2025-09-04T23:22:31.526247
TN 87 8022,864547030175348,23.0,10.02,183.12,03/09/2025 17:10:05,13.0277001,80.2316665,2316665,2025-09-04T23:22:31.526428
TN 87 8022,864547030175348,21.0,10.06,183.12,03/09/2025 17:10:01,13.0276668,80.2314281,2314281,2025-09-04T23:22:31.526621
TN 87 8022,864547030175348,19.0,10.08,183.09,03/09/2025 17:09:56,13.0276334,80.2311611,2311611,2025-09-04T23:22:31.526815
TN 87 8022,864547030175348,15.0,10.14,183.08,03/09/2025 17:09:51,13.0277657,80.2310657,2310657,2025-09-04T23:22:31.527016
TN 87 8022,864547030175348,19.0,10.17,183.05,03/09/2025 17:09:46,13.0279839,80.2310848,2310848,2025-09-04T23:22:31.527223
TN 87 8022,864547030175348,26.0,10.22,182.85,03/09/2025 17:09:41,13.0283164,80.2310657,2310657,2025-09-04T23:22:31.527405
TN 87 8022,864547030175348,31.0,10.26,182.8,03/09/2025 17:09:36,13.0287003,80.2310371,2310371,2025-09-04T23:22:31.527607
TN 87 8022,864547030175348,25.0,10.32,182.72,03/09/2025 17:09:31,13.0290675,80.231018,2310180,2025-09-04T23:22:31.527783
TN 87 8022,864547030175348,20.0,10.35,182.43,03/09/2025 17:09:22,13.0296337,80.2309513,2309513,2025-09-04T23:22:31.527924
TN 87 8022,864547030175348,12.0,10.37,182.4,03/09/2025 17:09:16,13.0298995,80.2309036,2309036,2025-09-04T23:22:31.528068
TN 87 8022,864547030175348,7.0,10.38,182.17,03/09/2025 17:09:11,13.0300498,80.2308654,2308654,2025-09-04T23:22:31.528236
TN 87 8022,864547030175348,10.0,10.4,182.15,03/09/2025 17:09:07,13.0301499,80.2308177,2308177,2025-09-04T23:22:31.528406
TN 87 8022,864547030175348,13.0,10.42,182.11,03/09/2025 17:09:02,13.0303335,80.2307796,2307796,2025-09-04T23:22:31.528545
TN 87 8022,864547030175348,13.0,10.44,180.21,03/09/2025 17:08:57,13.030467,80.230751,2307510,2025-09-04T23:22:31.528669
TN 87 8022,864547030175348,11.0,10.45,179.8,03/09/2025 17:08:52,13.0306327,80.2306938,2306938,2025-09-04T23:22:31.528792
TN 87 8022,864547030175348,0.0,10.45,179.62,03/09/2025 17:08:48,13.0307173,80.2305984,2305984,2025-09-04T23:22:31.528928
TN 87 8022,864547030175348,0.0,10.45,179.3,03/09/2025 17:08:42,13.0307328,80.2305316,2305316,2025-09-04T23:22:31.529052
TN 87 8022,864547030175348,0.0,10.45,179.24,03/09/2025 17:08:37,13.0307328,80.2305316,2305316,2025-09-04T23:22:31.529173
TN 87 8022,864547030175348,0.0,10.45,178.94,03/09/2025 17:08:33,13.0307328,80.2305316,2305316,2025-09-04T23:22:31.529315
TN 87 8022,864547030175348,0.0,10.45,180.68,03/09/2025 17:08:27,13.0307328,80.2305316,2305316,2025-09-04T23:22:31.529453
TN 87 8022,864547030175348,0.0,10.45,180.77,03/09/2025 17:08:23,13.0307328,80.2305316,2305316,2025-09-04T23:22:31.529584
TN 87 8022,864547030175348,0.0,10.45,180.78,03/09/2025 17:08:18,13.0307328,80.2305316,2305316,2025-09-04T23:22:31.529734
TN 87 8022,864547030175348,0.0,10.45,180.84,03/09/2025 17:08:13,13.0307507,80.2305316,2305316,2025-09-04T23:22:31.529870
TN 87 8022,864547030175348,12.0,10.47,180.84,03/09/2025 17:08:08,13.0307507,80.2304267,2304267,2025-09-04T23:22:31.529976
TN 87 8022,864547030175348,16.0,10.49,180.85,03/09/2025 17:08:03,13.0306994,80.230236,2302360,2025-09-04T23:22:31.530085
TN 87 8022,864547030175348,15.0,10.52,180.86,03/09/2025 17:07:58,13.0306506,80.2300167,2300167,2025-09-04T23:22:31.530201
TN 87 8022,864547030175348,21.0,10.54,180.9,03/09/2025 17:07:53,13.0305838,80.2298355,2298355,2025-09-04T23:22:31.530345
TN 87 8022,864547030175348,20.0,10.57,180.92,03/09/2025 17:07:49,13.0305004,80.2296257,2296257,2025-09-04T23:22:31.530482
TN 87 8022,864547030175348,22.0,10.6,180.92,03/09/2025 17:07:44,13.0304169,80.2293872,2293872,2025-09-04T23:22:31.530657
TN 87 8022,864547030175348,23.0,10.63,180.99,03/09/2025 17:07:39,13.0303668,80.229063,2290630,2025-09-04T23:22:31.530817
TN 87 8022,864547030175348,17.0,10.66,181.0,03/09/2025 17:07:34,13.0303502,80.2287864,2287864,2025-09-04T23:22:31.530952
TN 87 8022,864547030175348,21.0,10.69,181.02,03/09/2025 17:07:29,13.0304002,80.2285575,2285575,2025-09-04T23:22:31.531068
TN 87 8022,864547030175348,27.0,10.73,181.08,03/09/2025 17:07:25,13.0304002,80.2282905,2282905,2025-09-04T23:22:31.531174
TN 87 8022,864547030175348,22.0,10.77,181.11,03/09/2025 17:07:19,13.0304336,80.2278709,2278709,2025-09-04T23:22:31.531321
TN 87 8022,864547030175348,13.0,10.79,181.13,03/09/2025 17:07:14,13.0303168,80.2276039,2276039,2025-09-04T23:22:31.531476
TN 87 8022,864547030175348,9.0,10.81,181.22,03/09/2025 17:07:10,13.0302333,80.2274322,2274322,2025-09-04T23:22:31.531624
TN 87 8022,864547030175348,22.0,10.88,181.23,03/09/2025 17:07:04,13.0300164,80.2273464,2273464,2025-09-04T23:22:31.531769
TN 87 8022,864547030175348,25.0,10.91,181.24,03/09/2025 17:07:00,13.0297493,80.2273178,2273178,2025-09-04T23:22:31.531950
TN 87 8022,864547030175348,22.0,10.94,181.32,03/09/2025 17:06:55,13.0294334,80.2273178,2273178,2025-09-04T23:22:31.532136
TN 87 8022,864547030175348,20.0,10.97,181.32,03/09/2025 17:06:50,13.0291664,80.2273178,2273178,2025-09-04T23:22:31.532291
TN 87 8022,864547030175348,25.0,11.0,181.35,03/09/2025 17:06:45,13.0289006,80.2272796,2272796,2025-09-04T23:22:31.532448
TN 87 8022,864547030175348,21.0,11.03,181.44,03/09/2025 17:06:40,13.0286335,80.2272224,2272224,2025-09-04T23:22:31.532640
TN 87 8022,864547030175348,21.0,11.05,181.45,03/09/2025 17:06:35,13.0283832,80.2271461,2271461,2025-09-04T23:22:31.532821
TN 87 8022,864547030175348,25.0,11.08,181.47,03/09/2025 17:06:31,13.0282163,80.2270507,2270507,2025-09-04T23:22:31.532995
TN 87 8022,864547030175348,25.0,11.12,181.62,03/09/2025 17:06:26,13.0280506,80.2268028,2268028,2025-09-04T23:22:31.533164
TN 87 8022,864547030175348,19.0,11.15,181.64,03/09/2025 17:06:20,13.0281162,80.2264308,2264308,2025-09-04T23:22:31.533352
TN 87 8022,864547030175348,13.0,11.17,181.67,03/09/2025 17:06:16,13.0281496,80.2262496,2262496,2025-09-04T23:22:31.533532
TN 87 8022,864547030175348,22.0,11.21,184.07,03/09/2025 17:06:11,13.0281829,80.2260112,2260112,2025-09-04T23:22:31.533677
TN 87 8022,864547030175348,30.0,11.25,184.45,03/09/2025 17:06:06,13.0282497,80.2256679,2256679,2025-09-04T23:22:31.533801
TN 87 8022,864547030175348,33.0,11.3,185.44,03/09/2025 17:06:01,13.0283331,80.2252674,2252674,2025-09-04T23:22:31.533931
TN 87 8022,864547030175348,33.0,11.34,186.08,03/09/2025 17:05:56,13.0284166,80.2248573,2248573,2025-09-04T23:22:31.534036
TN 87 8022,864547030175348,26.0,11.37,186.08,03/09/2025 17:05:51,13.0285167,80.2244758,2244758,2025-09-04T23:22:31.534175
TN 87 8022,864547030175348,17.0,11.39,186.34,03/09/2025 17:05:46,13.0285835,80.2241992,2241992,2025-09-04T23:22:31.534319
TN 87 8022,864547030175348,11.0,11.39,186.4,03/09/2025 17:05:41,13.0287504,80.2240848,2240848,2025-09-04T23:22:31.534497
TN 87 8022,864547030175348,0.0,11.39,186.49,03/09/2025 17:05:37,13.0288159,80.2240943,2240943,2025-09-04T23:22:31.534665
TN 87 8022,864547030175348,6.0,11.41,186.51,03/09/2025 17:05:32,13.0288672,80.2240943,2240943,2025-09-04T23:22:31.534823
TN 87 8022,864547030175348,11.0,11.43,186.53,03/09/2025 17:05:27,13.0290007,80.2240943,2240943,2025-09-04T23:22:31.534965
TN 87 8022,864547030175348,15.0,11.46,186.51,03/09/2025 17:05:22,13.0291497,80.2241706,2241706,2025-09-04T23:22:31.535123
TN 87 8022,864547030175348,21.0,11.53,186.49,03/09/2025 17:05:17,13.0294167,80.2243232,2243232,2025-09-04T23:22:31.535337
TN 87 8022,864547030175348,21.0,11.57,186.48,03/09/2025 17:05:13,13.0296337,80.2243518,2243518,2025-09-04T23:22:31.535544
TN 87 8022,864547030175348,27.0,11.6,184.84,03/09/2025 17:05:07,13.0299997,80.2242851,2242851,2025-09-04T23:22:31.535760
TN 87 8022,864547030175348,23.0,11.64,183.81,03/09/2025 17:05:03,13.0302667,80.2242851,2242851,2025-09-04T23:22:31.535948
TN 87 8022,864547030175348,20.0,11.66,182.34,03/09/2025 17:04:57,13.0305993,80.224266,2242660,2025-09-04T23:22:31.536140
TN 87 8022,864547030175348,13.0,11.67,182.16,03/09/2025 17:04:53,13.0307996,80.224266,2242660,2025-09-04T23:22:31.536336
TN 87 8022,864547030175348,5.0,11.69,182.13,03/09/2025 17:04:48,13.0309331,80.2242469,2242469,2025-09-04T23:22:31.536510
TN 87 8022,864547030175348,9.0,11.7,182.11,03/09/2025 17:04:43,13.0310499,80.2242469,2242469,2025-09-04T23:22:31.536657
TN 87 8022,864547030175348,10.0,11.71,181.88,03/09/2025 17:04:39,13.0311834,80.2242374,2242374,2025-09-04T23:22:31.536809
TN 87 8022,864547030175348,0.0,11.71,181.85,03/09/2025 17:04:33,13.0312836,80.2241516,2241516,2025-09-04T23:22:31.536941
TN 87 8022,864547030175348,0.0,11.71,181.81,03/09/2025 17:04:28,13.0312836,80.2241516,2241516,2025-09-04T23:22:31.537070
TN 87 8022,864547030175348,7.0,11.73,181.22,03/09/2025 17:04:24,13.0312991,80.2241516,2241516,2025-09-04T23:22:31.537217
TN 87 8022,864547030175348,15.0,11.77,181.1,03/09/2025 17:04:19,13.0312836,80.2239799,2239799,2025-09-04T23:22:31.537330
TN 87 8022,864547030175348,29.0,11.81,180.56,03/09/2025 17:04:14,13.0312836,80.2236652,2236652,2025-09-04T23:22:31.537450
TN 87 8022,864547030175348,26.0,11.84,179.44,03/09/2025 17:04:09,13.0313169,80.2232837,2232837,2025-09-04T23:22:31.537587
TN 87 8022,864547030175348,21.0,11.87,179.44,03/09/2025 17:04:04,13.0313324,80.222969,2229690,2025-09-04T23:22:31.537709
TN 87 8022,864547030175348,11.0,11.89,179.42,03/09/2025 17:03:59,13.0313837,80.2227592,2227592,2025-09-04T23:22:31.537840
TN 87 8022,864547030175348,20.0,11.92,179.39,03/09/2025 17:03:54,13.0314993,80.222578,2225780,2025-09-04T23:22:31.537962
TN 87 8022,864547030175348,16.0,11.93,179.38,03/09/2025 17:03:49,13.0316329,80.2223491,2223491,2025-09-04T23:22:31.538098
TN 87 8022,864547030175348,0.0,11.93,179.37,03/09/2025 17:03:44,13.0316996,80.2222347,2222347,2025-09-04T23:22:31.538208
TN 87 8022,864547030175348,0.0,11.93,179.29,03/09/2025 17:03:39,13.0316829,80.2222156,2222156,2025-09-04T23:22:31.538332
TN 87 8022,864547030175348,9.0,11.95,179.27,03/09/2025 17:03:35,13.0316996,80.2221298,2221298,2025-09-04T23:22:31.538434
TN 87 8022,864547030175348,13.0,11.96,179.24,03/09/2025 17:03:30,13.0317664,80.2219963,2219963,2025-09-04T23:22:31.538557
TN 87 8022,864547030175348,5.0,11.98,179.23,03/09/2025 17:03:25,13.0318331,80.2218818,2218818,2025-09-04T23:22:31.538677
TN 87 8022,864547030175348,18.0,12.01,179.1,03/09/2025 17:03:20,13.0319166,80.2217483,2217483,2025-09-04T23:22:31.538799
TN 87 8022,864547030175348,17.0,12.04,179.05,03/09/2025 17:03:15,13.032,80.2215194,2215194,2025-09-04T23:22:31.538917
TN 87 8022,864547030175348,24.0,12.08,178.99,03/09/2025 17:03:10,13.0320668,80.2212524,2212524,2025-09-04T23:22:31.539053
TN 87 8022,864547030175348,27.0,12.11,178.83,03/09/2025 17:03:05,13.0321669,80.2209186,2209186,2025-09-04T23:22:31.539306
TN 87 8022,864547030175348,23.0,12.14,178.78,03/09/2025 17:03:00,13.0322504,80.2205944,2205944,2025-09-04T23:22:31.539476
TN 87 8022,864547030175348,12.0,12.15,178.77,03/09/2025 17:02:56,13.0323004,80.2203655,2203655,2025-09-04T23:22:31.539627
TN 87 8022,864547030175348,0.0,12.15,180.0,03/09/2025 17:02:51,13.0322837,80.220251,2202510,2025-09-04T23:22:31.539802
TN 87 8022,864547030175348,0.0,12.15,180.8,03/09/2025 17:02:46,13.0322837,80.220251,2202510,2025-09-04T23:22:31.539955
TN 87 8022,864547030175348,0.0,12.15,181.17,03/09/2025 17:02:41,13.0322837,80.220251,2202510,2025-09-04T23:22:31.540086
TN 87 8022,864547030175348,0.0,12.15,181.39,03/09/2025 17:02:36,13.0322837,80.220251,2202510,2025-09-04T23:22:31.540221
TN 87 8022,864547030175348,8.0,12.16,181.45,03/09/2025 17:02:31,13.0322837,80.2202129,2202129,2025-09-04T23:22:31.540424
TN 87 8022,864547030175348,7.0,12.17,181.49,03/09/2025 17:02:26,13.0322837,80.2200889,2200889,2025-09-04T23:22:31.540649
TN 87 8022,864547030175348,5.0,12.2,183.93,03/09/2025 17:02:21,13.0322837,80.219984,2199840,2025-09-04T23:22:31.540857
TN 87 8022,864547030175348,18.0,12.22,185.41,03/09/2025 17:02:16,13.032267,80.2197837,2197837,2025-09-04T23:22:31.541059
TN 87 8022,864547030175348,21.0,12.25,185.6,03/09/2025 17:02:12,13.032267,80.2195644,2195644,2025-09-04T23:22:31.541279
TN 87 8022,864547030175348,24.0,12.28,185.47,03/09/2025 17:02:07,13.032267,80.2192878,2192878,2025-09-04T23:22:31.541495
TN 87 8022,864547030175348,20.0,12.3,185.44,03/09/2025 17:02:03,13.0322837,80.2190494,2190494,2025-09-04T23:22:31.541701
TN 87 8022,864547030175348,17.0,12.33,185.41,03/09/2025 17:01:58,13.0322837,80.2187824,2187824,2025-09-04T23:22:31.541934
TN 87 8022,864547030175348,12.0,12.35,185.12,03/09/2025 17:01:53,13.032267,80.2185344,2185344,2025-09-04T23:22:31.542106
TN 87 8022,864547030175348,20.0,12.5,185.08,03/09/2025 17:01:48,13.0321168,80.2184295,2184295,2025-09-04T23:22:31.542269
TN 87 8022,864547030175348,25.0,12.5,184.97,03/09/2025 17:01:43,13.0318164,80.2183818,2183818,2025-09-04T23:22:31.542449
TN 87 8022,864547030175348,30.0,12.53,178.28,03/09/2025 17:01:28,13.0314993,80.217247,2172470,2025-09-04T23:22:31.542612
TN 87 8022,864547030175348,23.0,12.57,178.19,03/09/2025 17:01:23,13.0314838,80.2169227,2169227,2025-09-04T23:22:31.542763
TN 87 8022,864547030175348,16.0,12.59,178.17,03/09/2025 17:01:18,13.0314505,80.2166175,2166175,2025-09-04T23:22:31.542918
TN 87 8022,864547030175348,0.0,12.59,178.16,03/09/2025 17:01:13,13.0314171,80.2164173,2164173,2025-09-04T23:22:31.543043
TN 87 8022,864547030175348,0.0,12.59,177.56,03/09/2025 17:01:08,13.0314171,80.2163982,2163982,2025-09-04T23:22:31.543190
TN 87 8022,864547030175348,0.0,12.59,177.41,03/09/2025 17:01:03,13.0314171,80.2163982,2163982,2025-09-04T23:22:31.543377
TN 87 8022,864547030175348,0.0,12.59,177.24,03/09/2025 17:00:58,13.0314171,80.2163982,2163982,2025-09-04T23:22:31.543520
TN 87 8022,864547030175348,0.0,12.59,177.19,03/09/2025 17:00:54,13.0314171,80.2163982,2163982,2025-09-04T23:22:31.543672
TN 87 8022,864547030175348,0.0,12.59,177.44,03/09/2025 17:00:49,13.0314171,80.2163982,2163982,2025-09-04T23:22:31.543811
TN 87 8022,864547030175348,0.0,12.59,177.57,03/09/2025 17:00:44,13.0314171,80.2163982,2163982,2025-09-04T23:22:31.543952
TN 87 8022,864547030175348,0.0,12.59,177.82,03/09/2025 17:00:39,13.0314171,80.2163982,2163982,2025-09-04T23:22:31.544073
TN 87 8022,864547030175348,0.0,12.59,182.09,03/09/2025 17:00:34,13.0314171,80.2163982,2163982,2025-09-04T23:22:31.544220
TN 87 8022,864547030175348,0.0,12.59,183.73,03/09/2025 17:00:29,13.0314171,80.2163982,2163982,2025-09-04T23:22:31.544385
TN 87 8022,864547030175348,0.0,12.59,185.16,03/09/2025 17:00:24,13.0314171,80.2163982,2163982,2025-09-04T23:22:31.544549
TN 87 8022,864547030175348,0.0,12.59,185.38,03/09/2025 17:00:19,13.0314171,80.2163982,2163982,2025-09-04T23:22:31.544694
TN 87 8022,864547030175348,5.0,12.6,185.42,03/09/2025 17:00:14,13.0313992,80.2163982,2163982,2025-09-04T23:22:31.544850
TN 87 8022,864547030175348,15.0,12.62,185.44,03/09/2025 17:00:09,13.0313992,80.2162456,2162456,2025-09-04T23:22:31.545038
TN 87 8022,864547030175348,13.0,12.63,185.47,03/09/2025 17:00:05,13.0313837,80.2161026,2161026,2025-09-04T23:22:31.545216
TN 87 8022,864547030175348,0.0,12.63,185.47,03/09/2025 17:00:00,13.0313658,80.2160167,2160167,2025-09-04T23:22:31.545419
TN 87 8022,864547030175348,16.0,12.66,185.47,03/09/2025 16:59:55,13.0313658,80.2159309,2159309,2025-09-04T23:22:31.545630
TN 87 8022,864547030175348,35.0,12.72,184.2,03/09/2025 16:59:50,13.0313658,80.2156162,2156162,2025-09-04T23:22:31.545824
TN 87 8022,864547030175348,42.0,12.76,183.89,03/09/2025 16:59:45,13.0314326,80.2151203,2151203,2025-09-04T23:22:31.546048
TN 87 8022,864547030175348,39.0,12.83,182.86,03/09/2025 16:59:41,13.0314838,80.2146816,2146816,2025-09-04T23:22:31.546243
TN 87 8022,864547030175348,37.0,12.88,182.33,03/09/2025 16:59:35,13.0315661,80.2140617,2140617,2025-09-04T23:22:31.546441
TN 87 8022,864547030175348,34.0,12.93,182.33,03/09/2025 16:59:30,13.0316495,80.2136135,2136135,2025-09-04T23:22:31.546625
TN 87 8022,864547030175348,35.0,12.98,182.33,03/09/2025 16:59:25,13.0317163,80.2131652,2131652,2025-09-04T23:22:31.546795
TN 87 8022,864547030175348,33.0,13.02,182.36,03/09/2025 16:59:20,13.0317997,80.2126979,2126979,2025-09-04T23:22:31.546982
TN 87 8022,864547030175348,30.0,13.06,182.37,03/09/2025 16:59:16,13.0318498,80.2123832,2123832,2025-09-04T23:22:31.547104
TN 87 8022,864547030175348,21.0,13.08,182.38,03/09/2025 16:59:11,13.0319166,80.2120399,2120399,2025-09-04T23:22:31.547210
TN 87 8022,864547030175348,20.0,13.11,182.43,03/09/2025 16:59:06,13.0320835,80.2118682,2118682,2025-09-04T23:22:31.547333
TN 87 8022,864547030175348,15.0,13.13,182.43,03/09/2025 16:59:01,13.0323338,80.2118682,2118682,2025-09-04T23:22:31.547464
TN 87 8022,864547030175348,25.0,13.16,182.44,03/09/2025 16:58:56,13.0325496,80.2118873,2118873,2025-09-04T23:22:31.547601
TN 87 8022,864547030175348,22.0,13.19,182.54,03/09/2025 16:58:51,13.0328333,80.2118968,2118968,2025-09-04T23:22:31.547760
TN 87 8022,864547030175348,18.0,13.21,182.55,03/09/2025 16:58:46,13.0330824,80.2119159,2119159,2025-09-04T23:22:31.547906
TN 87 8022,864547030175348,14.0,13.23,182.57,03/09/2025 16:58:42,13.0332493,80.211935,2119350,2025-09-04T23:22:31.548063
TN 87 8022,864547030175348,10.0,13.25,182.62,03/09/2025 16:58:37,13.0334496,80.2119827,2119827,2025-09-04T23:22:31.548255
TN 87 8022,864547030175348,16.0,13.28,182.69,03/09/2025 16:58:32,13.0336165,80.2120113,2120113,2025-09-04T23:22:31.548481
TN 87 8022,864547030175348,15.0,13.3,182.71,03/09/2025 16:58:27,13.0338501,80.2120494,2120494,2025-09-04T23:22:31.548679
TN 87 8022,864547030175348,0.0,13.3,182.76,03/09/2025 16:58:22,13.0340504,80.2120685,2120685,2025-09-04T23:22:31.548819
TN 87 8022,864547030175348,0.0,13.3,183.81,03/09/2025 16:58:17,13.0340659,80.2120685,2120685,2025-09-04T23:22:31.548992
TN 87 8022,864547030175348,0.0,13.3,183.94,03/09/2025 16:58:13,13.0340659,80.2120685,2120685,2025-09-04T23:22:31.549137
TN 87 8022,864547030175348,0.0,13.3,183.98,03/09/2025 16:58:08,13.0340993,80.212078,2120780,2025-09-04T23:22:31.549306
TN 87 8022,864547030175348,10.0,13.32,184.04,03/09/2025 16:58:03,13.0341839,80.2120971,2120971,2025-09-04T23:22:31.549463
TN 87 8022,864547030175348,16.0,13.34,184.05,03/09/2025 16:57:59,13.0343174,80.2121353,2121353,2025-09-04T23:22:31.549613
TN 87 8022,864547030175348,11.0,13.36,184.07,03/09/2025 16:57:54,13.0344998,80.2121543,2121543,2025-09-04T23:22:31.549756
TN 87 8022,864547030175348,6.0,13.36,183.72,03/09/2025 16:57:49,13.0346667,80.2121543,2121543,2025-09-04T23:22:31.549884
TN 87 8022,864547030175348,0.0,13.36,183.59,03/09/2025 16:57:44,13.0347335,80.2121162,2121162,2025-09-04T23:22:31.550034
TN 87 8022,864547030175348,0.0,13.36,183.44,03/09/2025 16:57:39,13.0347335,80.2121162,2121162,2025-09-04T23:22:31.550182
TN 87 8022,864547030175348,0.0,13.36,184.51,03/09/2025 16:57:34,13.0347335,80.2121162,2121162,2025-09-04T23:22:31.550372
TN 87 8022,864547030175348,0.0,13.36,184.53,03/09/2025 16:57:28,13.0347335,80.2121162,2121162,2025-09-04T23:22:31.550529
TN 87 8022,864547030175348,0.0,13.36,184.55,03/09/2025 16:57:24,13.0347335,80.2121162,2121162,2025-09-04T23:22:31.550680
TN 87 8022,864547030175348,10.0,13.37,184.62,03/09/2025 16:57:19,13.0347657,80.212078,2120780,2025-09-04T23:22:31.550878
TN 87 8022,864547030175348,15.0,13.39,184.63,03/09/2025 16:57:14,13.0347836,80.2119159,2119159,2025-09-04T23:22:31.551076
TN 87 8022,864547030175348,11.0,13.41,184.64,03/09/2025 16:57:09,13.034799,80.2117347,2117347,2025-09-04T23:22:31.551248
TN 87 8022,864547030175348,8.0,13.42,186.02,03/09/2025 16:57:04,13.0348169,80.211544,2115440,2025-09-04T23:22:31.551409
TN 87 8022,864547030175348,0.0,13.42,186.19,03/09/2025 16:56:59,13.0348503,80.2114677,2114677,2025-09-04T23:22:31.551619
TN 87 8022,864547030175348,0.0,13.42,186.26,03/09/2025 16:56:54,13.0348503,80.2114677,2114677,2025-09-04T23:22:31.551778
TN 87 8022,864547030175348,0.0,13.42,186.27,03/09/2025 16:56:50,13.0348503,80.2114677,2114677,2025-09-04T23:22:31.551952
TN 87 8022,864547030175348,8.0,13.44,186.4,03/09/2025 16:56:44,13.0348658,80.2114009,2114009,2025-09-04T23:22:31.552144
TN 87 8022,864547030175348,15.0,13.47,186.43,03/09/2025 16:56:40,13.0348837,80.2112674,2112674,2025-09-04T23:22:31.552321
TN 87 8022,864547030175348,28.0,13.51,186.46,03/09/2025 16:56:35,13.0349326,80.2109813,2109813,2025-09-04T23:22:31.552537
TN 87 8022,864547030175348,27.0,13.55,186.56,03/09/2025 16:56:30,13.0350172,80.2105998,2105998,2025-09-04T23:22:31.552738
TN 87 8022,864547030175348,16.0,13.58,186.58,03/09/2025 16:56:25,13.0350506,80.2102851,2102851,2025-09-04T23:22:31.552950
TN 87 8022,864547030175348,28.0,13.63,186.59,03/09/2025 16:56:20,13.0348324,80.2100563,2100563,2025-09-04T23:22:31.553161
TN 87 8022,864547030175348,32.0,13.67,186.51,03/09/2025 16:56:15,13.0344164,80.2099514,2099514,2025-09-04T23:22:31.553398
TN 87 8022,864547030175348,35.0,13.74,186.49,03/09/2025 16:56:11,13.0340659,80.2098846,2098846,2025-09-04T23:22:31.553585
TN 87 8022,864547030175348,38.0,13.78,186.45,03/09/2025 16:56:05,13.0334663,80.2097892,2097892,2025-09-04T23:22:31.553792
TN 87 8022,864547030175348,34.0,13.83,186.31,03/09/2025 16:56:01,13.0331003,80.2097129,2097129,2025-09-04T23:22:31.554025
TN 87 8022,864547030175348,29.0,13.87,186.28,03/09/2025 16:55:56,13.0326664,80.209589,2095890,2025-09-04T23:22:31.554239
TN 87 8022,864547030175348,24.0,13.91,186.27,03/09/2025 16:55:51,13.0323004,80.2094841,2094841,2025-09-04T23:22:31.554447
TN 87 8022,864547030175348,31.0,13.96,184.05,03/09/2025 16:55:46,13.0319666,80.2094173,2094173,2025-09-04T23:22:31.554616
TN 87 8022,864547030175348,40.0,14.0,183.54,03/09/2025 16:55:41,13.0314993,80.2092933,2092933,2025-09-04T23:22:31.554797
TN 87 8022,864547030175348,36.0,14.06,181.99,03/09/2025 16:55:37,13.0311167,80.209217,2092170,2025-09-04T23:22:31.555080
TN 87 8022,864547030175348,29.0,14.1,181.49,03/09/2025 16:55:31,13.0306506,80.2090835,2090835,2025-09-04T23:22:31.555265
TN 87 8022,864547030175348,26.0,14.13,181.48,03/09/2025 16:55:26,13.0303001,80.2089977,2089977,2025-09-04T23:22:31.555418
TN 87 8022,864547030175348,15.0,14.15,181.44,03/09/2025 16:55:21,13.0299997,80.2089309,2089309,2025-09-04T23:22:31.555573
TN 87 8022,864547030175348,7.0,14.15,181.67,03/09/2025 16:55:17,13.029834,80.2089023,2089023,2025-09-04T23:22:31.555753
TN 87 8022,864547030175348,0.0,14.15,181.73,03/09/2025 16:55:12,13.0298006,80.2089023,2089023,2025-09-04T23:22:31.555932
TN 87 8022,864547030175348,0.0,14.15,182.02,03/09/2025 16:55:07,13.0298006,80.2089023,2089023,2025-09-04T23:22:31.556098
TN 87 8022,864547030175348,0.0,14.15,183.39,03/09/2025 16:55:02,13.0298006,80.2089023,2089023,2025-09-04T23:22:31.556263
TN 87 8022,864547030175348,0.0,14.15,183.42,03/09/2025 16:54:57,13.0298006,80.2089023,2089023,2025-09-04T23:22:31.556438
TN 87 8022,864547030175348,0.0,14.15,183.49,03/09/2025 16:54:52,13.0298006,80.2089023,2089023,2025-09-04T23:22:31.556602
TN 87 8022,864547030175348,0.0,14.15,183.58,03/09/2025 16:54:47,13.0297827,80.2088832,2088832,2025-09-04T23:22:31.556757
TN 87 8022,864547030175348,20.0,14.19,183.59,03/09/2025 16:54:43,13.0296826,80.2088165,2088165,2025-09-04T23:22:31.556898
TN 87 8022,864547030175348,25.0,14.22,183.61,03/09/2025 16:54:38,13.0293667,80.2087497,2087497,2025-09-04T23:22:31.557038
TN 87 8022,864547030175348,21.0,14.25,183.65,03/09/2025 16:54:33,13.029083,80.2086639,2086639,2025-09-04T23:22:31.557198
TN 87 8022,864547030175348,17.0,14.27,183.87,03/09/2025 16:54:28,13.0288493,80.2086162,2086162,2025-09-04T23:22:31.557360
TN 87 8022,864547030175348,19.0,14.3,183.93,03/09/2025 16:54:23,13.0286502,80.2085781,2085781,2025-09-04T23:22:31.557520
TN 87 8022,864547030175348,23.0,14.34,183.97,03/09/2025 16:54:18,13.0283999,80.2085018,2085018,2025-09-04T23:22:31.557666
TN 87 8022,864547030175348,34.0,14.38,184.02,03/09/2025 16:54:13,13.0280327,80.2083778,2083778,2025-09-04T23:22:31.557791
TN 87 8022,864547030175348,27.0,14.42,184.04,03/09/2025 16:54:08,13.0276834,80.2082347,2082347,2025-09-04T23:22:31.557914
TN 87 8022,864547030175348,33.0,14.47,184.04,03/09/2025 16:54:03,13.0273842,80.2080726,2080726,2025-09-04T23:22:31.558046
TN 87 8022,864547030175348,41.0,14.53,184.08,03/09/2025 16:53:58,13.026967,80.2078151,2078151,2025-09-04T23:22:31.558172
TN 87 8022,864547030175348,35.0,14.57,184.1,03/09/2025 16:53:53,13.0265331,80.2075386,2075386,2025-09-04T23:22:31.558316
TN 87 8022,864547030175348,30.0,14.61,184.14,03/09/2025 16:53:49,13.026216,80.2073097,2073097,2025-09-04T23:22:31.558475
TN 87 8022,864547030175348,23.0,14.65,184.25,03/09/2025 16:53:44,13.0259168,80.2071285,2071285,2025-09-04T23:22:31.558626
TN 87 8022,864547030175348,20.0,14.67,184.27,03/09/2025 16:53:39,13.025633,80.2070045,2070045,2025-09-04T23:22:31.558748
TN 87 8022,864547030175348,19.0,14.71,184.3,03/09/2025 16:53:34,13.0254161,80.2069282,2069282,2025-09-04T23:22:31.558891
TN 87 8022,864547030175348,34.0,14.77,184.35,03/09/2025 16:53:29,13.0250668,80.2068901,2068901,2025-09-04T23:22:31.559033
TN 87 8022,864547030175348,36.0,14.81,184.37,03/09/2025 16:53:24,13.0245506,80.2067184,2067184,2025-09-04T23:22:31.559163
TN 87 8022,864547030175348,26.0,14.84,184.41,03/09/2025 16:53:19,13.0241668,80.2066326,2066326,2025-09-04T23:22:31.559316
TN 87 8022,864547030175348,19.0,14.87,184.91,03/09/2025 16:53:15,13.0239498,80.2065658,2065658,2025-09-04T23:22:31.559443
TN 87 8022,864547030175348,0.0,14.87,184.98,03/09/2025 16:53:09,13.0236995,80.2065372,2065372,2025-09-04T23:22:31.559571
TN 87 8022,864547030175348,0.0,14.87,185.1,03/09/2025 16:53:05,13.023684,80.2065372,2065372,2025-09-04T23:22:31.559684
TN 87 8022,864547030175348,0.0,14.87,185.41,03/09/2025 16:53:00,13.023684,80.2065467,2065467,2025-09-04T23:22:31.559809
TN 87 8022,864547030175348,14.0,14.9,185.44,03/09/2025 16:52:55,13.0235993,80.2065181,2065181,2025-09-04T23:22:31.559924
TN 87 8022,864547030175348,23.0,14.94,185.51,03/09/2025 16:52:50,13.0233502,80.2064514,2064514,2025-09-04T23:22:31.560057
TN 87 8022,864547030175348,19.0,14.96,185.98,03/09/2025 16:52:45,13.0229997,80.2063846,2063846,2025-09-04T23:22:31.560202
TN 87 8022,864547030175348,16.0,14.98,186.03,03/09/2025 16:52:40,13.0227828,80.2063179,2063179,2025-09-04T23:22:31.560332
TN 87 8022,864547030175348,12.0,15.0,186.11,03/09/2025 16:52:35,13.0225825,80.2062988,2062988,2025-09-04T23:22:31.560458
TN 87 8022,864547030175348,8.0,15.01,186.44,03/09/2025 16:52:31,13.0224823,80.2062988,2062988,2025-09-04T23:22:31.560630
TN 87 8022,864547030175348,5.0,15.02,186.49,03/09/2025 16:52:25,13.02235,80.2062988,2062988,2025-09-04T23:22:31.560766
TN 87 8022,864547030175348,11.0,15.05,186.56,03/09/2025 16:52:21,13.0222666,80.2062797,2062797,2025-09-04T23:22:31.560910
TN 87 8022,864547030175348,31.0,15.1,188.14,03/09/2025 16:52:16,13.0219829,80.2062702,2062702,2025-09-04T23:22:31.561081
TN 87 8022,864547030175348,39.0,15.17,188.14,03/09/2025 16:52:11,13.0215167,80.2062511,2062511,2025-09-04T23:22:31.561257
TN 87 8022,864547030175348,46.0,15.23,188.8,03/09/2025 16:52:06,13.0209505,80.2062511,2062511,2025-09-04T23:22:31.561444
TN 87 8022,864547030175348,44.0,15.29,189.22,03/09/2025 16:52:01,13.0203664,80.206232,2062320,2025-09-04T23:22:31.561629
TN 87 8022,864547030175348,41.0,15.35,188.25,03/09/2025 16:51:56,13.0198168,80.2062034,2062034,2025-09-04T23:22:31.561801
TN 87 8022,864547030175348,39.0,15.41,188.04,03/09/2025 16:51:51,13.0192828,80.2060699,2060699,2025-09-04T23:22:31.561999
TN 87 8022,864547030175348,33.0,15.45,187.17,03/09/2025 16:51:46,13.0188,80.2059364,2059364,2025-09-04T23:22:31.562202
TN 87 8022,864547030175348,28.0,15.49,187.46,03/09/2025 16:51:42,13.0184495,80.2058315,2058315,2025-09-04T23:22:31.562401
TN 87 8022,864547030175348,17.0,15.51,187.58,03/09/2025 16:51:37,13.0181002,80.2056789,2056789,2025-09-04T23:22:31.562571
TN 87 8022,864547030175348,8.0,15.51,187.72,03/09/2025 16:51:32,13.0178999,80.2056217,2056217,2025-09-04T23:22:31.562735
TN 87 8022,864547030175348,0.0,15.51,188.04,03/09/2025 16:51:27,13.0178666,80.2055549,2055549,2025-09-04T23:22:31.562872
TN 87 8022,864547030175348,0.0,15.51,188.09,03/09/2025 16:51:22,13.0178833,80.2055549,2055549,2025-09-04T23:22:31.562990
TN 87 8022,864547030175348,0.0,15.51,188.13,03/09/2025 16:51:17,13.0178666,80.2054786,2054786,2025-09-04T23:22:31.563139
TN 87 8022,864547030175348,13.0,15.54,188.47,03/09/2025 16:51:13,13.0177831,80.2054119,2054119,2025-09-04T23:22:31.563271
TN 87 8022,864547030175348,19.0,15.55,188.62,03/09/2025 16:51:07,13.0175662,80.2053546,2053546,2025-09-04T23:22:31.563405
TN 87 8022,864547030175348,11.0,15.57,188.71,03/09/2025 16:51:03,13.0174505,80.205326,2053260,2025-09-04T23:22:31.563565
TN 87 8022,864547030175348,12.0,15.58,189.24,03/09/2025 16:50:58,13.0173325,80.2053165,2053165,2025-09-04T23:22:31.563702
TN 87 8022,864547030175348,14.0,15.6,189.28,03/09/2025 16:50:53,13.0172502,80.2052688,2052688,2025-09-04T23:22:31.563835
TN 87 8022,864547030175348,22.0,15.63,189.34,03/09/2025 16:50:48,13.01705,80.2052497,2052497,2025-09-04T23:22:31.563966
TN 87 8022,864547030175348,24.0,15.67,190.69,03/09/2025 16:50:43,13.0167841,80.2051448,2051448,2025-09-04T23:22:31.564091
TN 87 8022,864547030175348,30.0,15.71,190.99,03/09/2025 16:50:38,13.0164337,80.2050304,2050304,2025-09-04T23:22:31.564236
TN 87 8022,864547030175348,39.0,15.77,192.41,03/09/2025 16:50:34,13.0161166,80.2049636,2049636,2025-09-04T23:22:31.564384
TN 87 8022,864547030175348,38.0,15.82,190.65,03/09/2025 16:50:29,13.0156159,80.2047634,2047634,2025-09-04T23:22:31.564554
TN 87 8022,864547030175348,35.0,15.87,189.88,03/09/2025 16:50:24,13.0151665,80.2046489,2046489,2025-09-04T23:22:31.564717
TN 87 8022,864547030175348,31.0,15.91,187.26,03/09/2025 16:50:19,13.0147337,80.2045536,2045536,2025-09-04T23:22:31.564858
TN 87 8022,864547030175348,24.0,15.94,181.46,03/09/2025 16:50:14,13.0143833,80.2044677,2044677,2025-09-04T23:22:31.564980
TN 87 8022,864547030175348,16.0,15.96,181.45,03/09/2025 16:50:09,13.0141329,80.2043819,2043819,2025-09-04T23:22:31.565120
TN 87 8022,864547030175348,8.0,15.96,181.42,03/09/2025 16:50:04,13.0139505,80.2043533,2043533,2025-09-04T23:22:31.565261
TN 87 8022,864547030175348,0.0,15.96,181.38,03/09/2025 16:50:00,13.0138838,80.2043533,2043533,2025-09-04T23:22:31.565431
TN 87 8022,864547030175348,0.0,15.96,181.38,03/09/2025 16:49:55,13.0138838,80.2043533,2043533,2025-09-04T23:22:31.565574
TN 87 8022,864547030175348,0.0,15.96,181.38,03/09/2025 16:49:50,13.0138504,80.2042865,2042865,2025-09-04T23:22:31.565802
TN 87 8022,864547030175348,0.0,15.96,181.37,03/09/2025 16:49:45,13.0137836,80.2041339,2041339,2025-09-04T23:22:31.566019
TN 87 8022,864547030175348,0.0,15.96,181.07,03/09/2025 16:49:39,13.0137836,80.2041339,2041339,2025-09-04T23:22:31.566180
TN 87 8022,864547030175348,0.0,15.96,181.04,03/09/2025 16:49:35,13.0137836,80.2041339,2041339,2025-09-04T23:22:31.566637
TN 87 8022,864547030175348,0.0,15.96,181.04,03/09/2025 16:49:30,13.0137836,80.2041339,2041339,2025-09-04T23:22:31.566868
TN 87 8022,864547030175348,0.0,15.96,181.02,03/09/2025 16:49:25,13.0137836,80.2041339,2041339,2025-09-04T23:22:31.567102
TN 87 8022,864547030175348,0.0,15.96,181.02,03/09/2025 16:49:20,13.0137836,80.2041339,2041339,2025-09-04T23:22:31.567311
TN 87 8022,864547030175348,0.0,15.96,181.01,03/09/2025 16:49:15,13.0137836,80.2041339,2041339,2025-09-04T23:22:31.567539
TN 87 8022,864547030175348,0.0,15.96,181.04,03/09/2025 16:49:10,13.0137836,80.2041339,2041339,2025-09-04T23:22:31.567870
TN 87 8022,864547030175348,0.0,15.96,181.04,03/09/2025 16:49:06,13.0137836,80.2041339,2041339,2025-09-04T23:22:31.568074
TN 87 8022,864547030175348,0.0,15.96,181.05,03/09/2025 16:49:00,13.0137836,80.2041339,2041339,2025-09-04T23:22:31.568298
TN 87 8022,864547030175348,0.0,15.96,181.04,03/09/2025 16:48:55,13.0137836,80.2041339,2041339,2025-09-04T23:22:31.568480
TN 87 8022,864547030175348,0.0,15.96,181.03,03/09/2025 16:48:51,13.0137836,80.2041339,2041339,2025-09-04T23:22:31.568624
TN 87 8022,864547030175348,0.0,15.96,181.03,03/09/2025 16:48:46,13.0137836,80.2041339,2041339,2025-09-04T23:22:31.568755
TN 87 8022,864547030175348,0.0,15.96,181.04,03/09/2025 16:48:41,13.0137836,80.2041339,2041339,2025-09-04T23:22:31.568904
TN 87 8022,864547030175348,0.0,15.96,181.04,03/09/2025 16:48:36,13.0137836,80.2041339,2041339,2025-09-04T23:22:31.569072
TN 87 8022,864547030175348,0.0,15.96,181.04,03/09/2025 16:48:31,13.0137836,80.2041339,2041339,2025-09-04T23:22:31.569247
TN 87 8022,864547030175348,0.0,15.96,181.05,03/09/2025 16:48:26,13.0137836,80.2041339,2041339,2025-09-04T23:22:31.569398
TN 87 8022,864547030175348,0.0,15.96,181.06,03/09/2025 16:48:22,13.0137836,80.2041339,2041339,2025-09-04T23:22:31.569544
TN 87 8022,864547030175348,0.0,15.96,181.07,03/09/2025 16:48:17,13.0137836,80.2041339,2041339,2025-09-04T23:22:31.569692
TN 87 8022,864547030175348,0.0,15.96,181.08,03/09/2025 16:48:12,13.0137836,80.2041339,2041339,2025-09-04T23:22:31.569837
TN 87 8022,864547030175348,0.0,15.96,181.08,03/09/2025 16:48:07,13.0137836,80.2041339,2041339,2025-09-04T23:22:31.569980
TN 87 8022,864547030175348,0.0,15.96,181.07,03/09/2025 16:48:02,13.0137836,80.2041339,2041339,2025-09-04T23:22:31.570122
TN 87 8022,864547030175348,0.0,15.96,181.04,03/09/2025 16:47:57,13.0137836,80.2041339,2041339,2025-09-04T23:22:31.570262
TN 87 8022,864547030175348,0.0,15.96,181.05,03/09/2025 16:47:53,13.0137836,80.2041339,2041339,2025-09-04T23:22:31.570404
TN 87 8022,864547030175348,0.0,15.96,181.05,03/09/2025 16:47:47,13.0137836,80.2041339,2041339,2025-09-04T23:22:31.570583
TN 87 8022,864547030175348,0.0,15.96,181.07,03/09/2025 16:47:43,13.0137836,80.2041339,2041339,2025-09-04T23:22:31.570776
TN 87 8022,864547030175348,0.0,15.96,181.07,03/09/2025 16:47:37,13.0137836,80.2041339,2041339,2025-09-04T23:22:31.570940
TN 87 8022,864547030175348,0.0,15.96,181.08,03/09/2025 16:47:33,13.0137836,80.2041339,2041339,2025-09-04T23:22:31.571136
TN 87 8022,864547030175348,0.0,15.96,181.08,03/09/2025 16:47:28,13.0137836,80.2041339,2041339,2025-09-04T23:22:31.571307
TN 87 8022,864547030175348,0.0,15.96,181.06,03/09/2025 16:47:23,13.0137836,80.2041339,2041339,2025-09-04T23:22:31.571458
TN 87 8022,864547030175348,0.0,15.96,181.07,03/09/2025 16:47:18,13.0137836,80.2041339,2041339,2025-09-04T23:22:31.571609
TN 87 8022,864547030175348,0.0,15.96,181.08,03/09/2025 16:47:13,13.0137836,80.2041339,2041339,2025-09-04T23:22:31.571769
TN 87 8022,864547030175348,0.0,15.96,181.15,03/09/2025 16:47:09,13.0137836,80.2041339,2041339,2025-09-04T23:22:31.571903
TN 87 8022,864547030175348,0.0,15.96,181.17,03/09/2025 16:47:04,13.0137836,80.2041339,2041339,2025-09-04T23:22:31.572075
TN 87 8022,864547030175348,0.0,15.96,181.26,03/09/2025 16:46:59,13.0137836,80.2041339,2041339,2025-09-04T23:22:31.572234
TN 87 8022,864547030175348,0.0,15.96,182.16,03/09/2025 16:46:54,13.0137836,80.2041339,2041339,2025-09-04T23:22:31.572362
TN 87 8022,864547030175348,0.0,15.96,182.42,03/09/2025 16:46:49,13.0137836,80.2041339,2041339,2025-09-04T23:22:31.572547
TN 87 8022,864547030175348,0.0,15.96,182.48,03/09/2025 16:46:44,13.0137836,80.2041339,2041339,2025-09-04T23:22:31.572744
TN 87 8022,864547030175348,0.0,15.96,182.47,03/09/2025 16:46:39,13.0137836,80.2041149,2041149,2025-09-04T23:22:31.572894
TN 87 8022,864547030175348,9.0,15.97,182.47,03/09/2025 16:46:34,13.0137991,80.2040672,2040672,2025-09-04T23:22:31.573046
TN 87 8022,864547030175348,15.0,15.99,182.46,03/09/2025 16:46:29,13.0138504,80.2039337,2039337,2025-09-04T23:22:31.573188
TN 87 8022,864547030175348,17.0,16.02,182.32,03/09/2025 16:46:25,13.0138993,80.203762,2037620,2025-09-04T23:22:31.573326
TN 87 8022,864547030175348,21.0,16.06,182.3,03/09/2025 16:46:19,13.013966,80.203495,2034950,2025-09-04T23:22:31.573494
TN 87 8022,864547030175348,27.0,16.08,182.26,03/09/2025 16:46:14,13.0140495,80.2031898,2031898,2025-09-04T23:22:31.573628
TN 87 8022,864547030175348,20.0,16.12,182.19,03/09/2025 16:46:10,13.0141162,80.2029514,2029514,2025-09-04T23:22:31.573775
TN 87 8022,864547030175348,12.0,16.13,182.18,03/09/2025 16:46:05,13.0141997,80.2026367,2026367,2025-09-04T23:22:31.573905
TN 87 8022,864547030175348,7.0,16.13,182.18,03/09/2025 16:46:00,13.0142331,80.2025127,2025127,2025-09-04T23:22:31.574043
TN 87 8022,864547030175348,8.0,16.14,182.16,03/09/2025 16:45:55,13.0142498,80.2024841,2024841,2025-09-04T23:22:31.574168
TN 87 8022,864547030175348,11.0,16.16,182.16,03/09/2025 16:45:50,13.0142831,80.2023696,2023696,2025-09-04T23:22:31.574289
TN 87 8022,864547030175348,8.0,16.16,182.16,03/09/2025 16:45:46,13.0142998,80.2022647,2022647,2025-09-04T23:22:31.574482
TN 87 8022,864547030175348,0.0,16.16,182.06,03/09/2025 16:45:41,13.0143165,80.2021884,2021884,2025-09-04T23:22:31.574647
TN 87 8022,864547030175348,0.0,16.16,182.04,03/09/2025 16:45:36,13.0143165,80.2020835,2020835,2025-09-04T23:22:31.574780
TN 87 8022,864547030175348,0.0,16.16,181.95,03/09/2025 16:45:31,13.0142998,80.2019786,2019786,2025-09-04T23:22:31.574931
TN 87 8022,864547030175348,0.0,16.16,181.92,03/09/2025 16:45:26,13.0142998,80.2019786,2019786,2025-09-04T23:22:31.575078
TN 87 8022,864547030175348,0.0,16.16,181.92,03/09/2025 16:45:21,13.0142998,80.2019786,2019786,2025-09-04T23:22:31.575223
TN 87 8022,864547030175348,0.0,16.16,181.91,03/09/2025 16:45:16,13.0142998,80.2019786,2019786,2025-09-04T23:22:31.575367
TN 87 8022,864547030175348,0.0,16.16,181.92,03/09/2025 16:45:11,13.0142998,80.2019786,2019786,2025-09-04T23:22:31.575482
TN 87 8022,864547030175348,0.0,16.16,181.91,03/09/2025 16:45:06,13.0142998,80.2019786,2019786,2025-09-04T23:22:31.575642
TN 87 8022,864547030175348,0.0,16.16,181.9,03/09/2025 16:45:01,13.0142998,80.2019786,2019786,2025-09-04T23:22:31.575777
TN 87 8022,864547030175348,0.0,16.16,181.9,03/09/2025 16:44:56,13.0142998,80.2019786,2019786,2025-09-04T23:22:31.575984
TN 87 8022,864547030175348,0.0,16.16,181.91,03/09/2025 16:44:52,13.0142998,80.2019786,2019786,2025-09-04T23:22:31.576123
TN 87 8022,864547030175348,0.0,16.16,181.91,03/09/2025 16:44:47,13.0142998,80.2019786,2019786,2025-09-04T23:22:31.576230
TN 87 8022,864547030175348,0.0,16.16,181.91,03/09/2025 16:44:42,13.0142998,80.2019786,2019786,2025-09-04T23:22:31.576340
TN 87 8022,864547030175348,0.0,16.16,181.92,03/09/2025 16:44:37,13.0142998,80.2019786,2019786,2025-09-04T23:22:31.576472
TN 87 8022,864547030175348,0.0,16.16,181.92,03/09/2025 16:44:32,13.0142998,80.2019786,2019786,2025-09-04T23:22:31.576609
TN 87 8022,864547030175348,0.0,16.16,181.93,03/09/2025 16:44:27,13.0142998,80.2019786,2019786,2025-09-04T23:22:31.576744
TN 87 8022,864547030175348,0.0,16.16,182.01,03/09/2025 16:44:22,13.0142998,80.2019786,2019786,2025-09-04T23:22:31.576874
TN 87 8022,864547030175348,0.0,16.16,182.04,03/09/2025 16:44:17,13.0142998,80.2019786,2019786,2025-09-04T23:22:31.576983
TN 87 8022,864547030175348,0.0,16.16,182.06,03/09/2025 16:44:13,13.0142998,80.2019786,2019786,2025-09-04T23:22:31.577093
TN 87 8022,864547030175348,0.0,16.16,182.02,03/09/2025 16:44:08,13.0142998,80.2019786,2019786,2025-09-04T23:22:31.577273
TN 87 8022,864547030175348,0.0,16.16,182.01,03/09/2025 16:44:03,13.0142998,80.2019786,2019786,2025-09-04T23:22:31.577448
TN 87 8022,864547030175348,0.0,16.16,182.0,03/09/2025 16:43:58,13.0142998,80.2019786,2019786,2025-09-04T23:22:31.577598
TN 87 8022,864547030175348,0.0,16.16,181.95,03/09/2025 16:43:53,13.0142998,80.2019786,2019786,2025-09-04T23:22:31.577750
TN 87 8022,864547030175348,0.0,16.16,181.93,03/09/2025 16:43:48,13.0142998,80.2019786,2019786,2025-09-04T23:22:31.577900
TN 87 8022,864547030175348,0.0,16.16,181.9,03/09/2025 16:43:43,13.0142998,80.2019786,2019786,2025-09-04T23:22:31.578054
TN 87 8022,864547030175348,0.0,16.16,181.08,03/09/2025 16:43:38,13.0142998,80.2019786,2019786,2025-09-04T23:22:31.578194
TN 87 8022,864547030175348,0.0,16.16,180.95,03/09/2025 16:43:34,13.0142998,80.2019786,2019786,2025-09-04T23:22:31.578322
TN 87 8022,864547030175348,0.0,16.16,180.78,03/09/2025 16:43:29,13.0142998,80.2019786,2019786,2025-09-04T23:22:31.578423
TN 87 8022,864547030175348,0.0,16.16,180.97,03/09/2025 16:43:24,13.0142998,80.2019786,2019786,2025-09-04T23:22:31.578541
TN 87 8022,864547030175348,0.0,16.16,180.99,03/09/2025 16:43:19,13.0142998,80.2019786,2019786,2025-09-04T23:22:31.578672
TN 87 8022,864547030175348,0.0,16.16,181.02,03/09/2025 16:43:14,13.0142998,80.2019786,2019786,2025-09-04T23:22:31.578796
TN 87 8022,864547030175348,0.0,16.16,181.15,03/09/2025 16:43:09,13.0143165,80.2019691,2019691,2025-09-04T23:22:31.578894
TN 87 8022,864547030175348,0.0,16.16,181.15,03/09/2025 16:43:04,13.0143499,80.2019691,2019691,2025-09-04T23:22:31.578988
TN 87 8022,864547030175348,7.0,16.19,181.17,03/09/2025 16:43:00,13.0143666,80.2018833,2018833,2025-09-04T23:22:31.579167
TN 87 8022,864547030175348,0.0,16.19,181.2,03/09/2025 16:42:55,13.0144333,80.2016258,2016258,2025-09-04T23:22:31.579406
TN 87 8022,864547030175348,0.0,16.19,181.68,03/09/2025 16:42:50,13.01445,80.2015972,2015972,2025-09-04T23:22:31.579637
TN 87 8022,864547030175348,0.0,16.19,181.71,03/09/2025 16:42:44,13.01445,80.2015972,2015972,2025-09-04T23:22:31.579850
TN 87 8022,864547030175348,0.0,16.19,181.52,03/09/2025 16:42:40,13.01445,80.2015972,2015972,2025-09-04T23:22:31.580059
TN 87 8022,864547030175348,0.0,16.19,181.46,03/09/2025 16:42:35,13.01445,80.2015972,2015972,2025-09-04T23:22:31.580287
TN 87 8022,864547030175348,0.0,16.19,181.45,03/09/2025 16:42:30,13.01445,80.2015972,2015972,2025-09-04T23:22:31.580508
TN 87 8022,864547030175348,0.0,16.19,181.43,03/09/2025 16:42:25,13.0144667,80.2015876,2015876,2025-09-04T23:22:31.580705
TN 87 8022,864547030175348,0.0,16.19,180.0,03/09/2025 16:42:21,13.0144667,80.2015876,2015876,2025-09-04T23:22:31.580914
TN 87 8022,864547030175348,0.0,16.19,179.99,03/09/2025 16:42:15,13.0144667,80.2015876,2015876,2025-09-04T23:22:31.581142
TN 87 8022,864547030175348,6.0,16.19,179.98,03/09/2025 16:42:10,13.01445,80.2015495,2015495,2025-09-04T23:22:31.581377
TN 87 8022,864547030175348,0.0,16.19,179.93,03/09/2025 16:42:06,13.0144834,80.2014827,2014827,2025-09-04T23:22:31.581623
TN 87 8022,864547030175348,5.0,16.2,179.93,03/09/2025 16:42:00,13.0145001,80.201435,2014350,2025-09-04T23:22:31.581831
TN 87 8022,864547030175348,18.0,16.22,179.92,03/09/2025 16:41:56,13.0145502,80.2013301,2013301,2025-09-04T23:22:31.582101
TN 87 8022,864547030175348,19.0,16.26,179.83,03/09/2025 16:41:51,13.0146503,80.2011013,2011013,2025-09-04T23:22:31.582364
TN 87 8022,864547030175348,26.0,16.29,179.81,03/09/2025 16:41:46,13.0147337,80.2008152,2008152,2025-09-04T23:22:31.582581
TN 87 8022,864547030175348,25.0,16.32,179.8,03/09/2025 16:41:42,13.0147826,80.2005481,2005481,2025-09-04T23:22:31.582770
TN 87 8022,864547030175348,16.0,16.34,179.75,03/09/2025 16:41:36,13.0148673,80.2002525,2002525,2025-09-04T23:22:31.582936
TN 87 8022,864547030175348,7.0,16.35,179.75,03/09/2025 16:41:31,13.0149161,80.2000617,2000617,2025-09-04T23:22:31.583062
TN 87 8022,864547030175348,0.0,16.35,179.73,03/09/2025 16:41:27,13.014934,80.1999473,1999473,2025-09-04T23:22:31.583203
TN 87 8022,864547030175348,0.0,16.35,179.67,03/09/2025 16:41:22,13.0149495,80.1998805,1998805,2025-09-04T23:22:31.583325
TN 87 8022,864547030175348,0.0,16.35,179.69,03/09/2025 16:41:17,13.014934,80.1998519,1998519,2025-09-04T23:22:31.583492
TN 87 8022,864547030175348,0.0,16.35,179.87,03/09/2025 16:41:12,13.014934,80.1998519,1998519,2025-09-04T23:22:31.583651
TN 87 8022,864547030175348,0.0,16.35,180.5,03/09/2025 16:41:07,13.014934,80.1998519,1998519,2025-09-04T23:22:31.583811
TN 87 8022,864547030175348,0.0,16.35,180.46,03/09/2025 16:41:02,13.014934,80.1998519,1998519,2025-09-04T23:22:31.583970
TN 87 8022,864547030175348,0.0,16.35,180.41,03/09/2025 16:40:57,13.0149161,80.1998519,1998519,2025-09-04T23:22:31.584106
TN 87 8022,864547030175348,0.0,16.35,179.93,03/09/2025 16:40:53,13.014934,80.1998138,1998138,2025-09-04T23:22:31.584247
TN 87 8022,864547030175348,0.0,16.35,179.93,03/09/2025 16:40:47,13.014934,80.1998138,1998138,2025-09-04T23:22:31.584405
TN 87 8022,864547030175348,0.0,16.35,179.95,03/09/2025 16:40:42,13.014934,80.1998138,1998138,2025-09-04T23:22:31.584566
TN 87 8022,864547030175348,0.0,16.35,180.38,03/09/2025 16:40:38,13.014934,80.1998138,1998138,2025-09-04T23:22:31.584710
TN 87 8022,864547030175348,0.0,16.35,180.46,03/09/2025 16:40:33,13.014934,80.1998138,1998138,2025-09-04T23:22:31.584865
TN 87 8022,864547030175348,0.0,16.35,180.56,03/09/2025 16:40:28,13.014934,80.1998138,1998138,2025-09-04T23:22:31.585017
TN 87 8022,864547030175348,0.0,16.35,180.69,03/09/2025 16:40:23,13.014934,80.1998138,1998138,2025-09-04T23:22:31.585166
TN 87 8022,864547030175348,0.0,16.35,181.07,03/09/2025 16:40:18,13.014934,80.1998138,1998138,2025-09-04T23:22:31.585306
TN 87 8022,864547030175348,0.0,16.35,181.04,03/09/2025 16:40:13,13.014934,80.1998138,1998138,2025-09-04T23:22:31.585445
TN 87 8022,864547030175348,0.0,16.35,181.02,03/09/2025 16:40:09,13.014934,80.1998138,1998138,2025-09-04T23:22:31.585627
TN 87 8022,864547030175348,0.0,16.35,180.94,03/09/2025 16:40:04,13.014934,80.1997661,1997661,2025-09-04T23:22:31.585818
TN 87 8022,864547030175348,0.0,16.35,180.92,03/09/2025 16:39:59,13.0149674,80.1997184,1997184,2025-09-04T23:22:31.585992
TN 87 8022,864547030175348,9.0,16.37,180.89,03/09/2025 16:39:54,13.0150008,80.1995849,1995849,2025-09-04T23:22:31.586192
TN 87 8022,864547030175348,0.0,16.37,180.08,03/09/2025 16:39:49,13.0149674,80.1994609,1994609,2025-09-04T23:22:31.586356
TN 87 8022,864547030175348,0.0,16.37,180.0,03/09/2025 16:39:44,13.0149829,80.1994323,1994323,2025-09-04T23:22:31.586533
TN 87 8022,864547030175348,0.0,16.37,180.05,03/09/2025 16:39:39,13.0149829,80.1994323,1994323,2025-09-04T23:22:31.586693
TN 87 8022,864547030175348,0.0,16.37,181.07,03/09/2025 16:39:34,13.0149829,80.1994323,1994323,2025-09-04T23:22:31.586830
TN 87 8022,864547030175348,0.0,16.37,181.56,03/09/2025 16:39:29,13.0149829,80.1994323,1994323,2025-09-04T23:22:31.586937
TN 87 8022,864547030175348,0.0,16.37,182.46,03/09/2025 16:39:24,13.0149829,80.1994323,1994323,2025-09-04T23:22:31.587037
TN 87 8022,864547030175348,0.0,16.37,183.18,03/09/2025 16:39:19,13.0149829,80.1994323,1994323,2025-09-04T23:22:31.587140
TN 87 8022,864547030175348,0.0,16.37,183.16,03/09/2025 16:39:15,13.0149829,80.1994323,1994323,2025-09-04T23:22:31.587264
TN 87 8022,864547030175348,0.0,16.37,183.13,03/09/2025 16:39:10,13.0149674,80.1994132,1994132,2025-09-04T23:22:31.587426
TN 87 8022,864547030175348,0.0,16.37,181.2,03/09/2025 16:39:05,13.0149674,80.1994037,1994037,2025-09-04T23:22:31.587570
TN 87 8022,864547030175348,0.0,16.37,180.97,03/09/2025 16:39:00,13.0149161,80.1993656,1993656,2025-09-04T23:22:31.587698
TN 87 8022,864547030175348,0.0,16.37,181.16,03/09/2025 16:38:55,13.0149161,80.1993656,1993656,2025-09-04T23:22:31.587822
TN 87 8022,864547030175348,0.0,16.37,181.54,03/09/2025 16:38:50,13.0149161,80.1993656,1993656,2025-09-04T23:22:31.587951
TN 87 8022,864547030175348,0.0,16.37,181.56,03/09/2025 16:38:46,13.0149161,80.1993656,1993656,2025-09-04T23:22:31.588067
TN 87 8022,864547030175348,0.0,16.37,181.6,03/09/2025 16:38:41,13.014816,80.1993465,1993465,2025-09-04T23:22:31.588202
TN 87 8022,864547030175348,0.0,16.37,181.76,03/09/2025 16:38:36,13.0147671,80.199337,1993370,2025-09-04T23:22:31.588343
TN 87 8022,864547030175348,7.0,16.38,181.77,03/09/2025 16:38:31,13.0147171,80.1993179,1993179,2025-09-04T23:22:31.588472
TN 87 8022,864547030175348,11.0,16.4,181.8,03/09/2025 16:38:26,13.0145835,80.1992797,1992797,2025-09-04T23:22:31.588608
TN 87 8022,864547030175348,9.0,16.41,183.61,03/09/2025 16:38:21,13.0144333,80.1992511,1992511,2025-09-04T23:22:31.588738
TN 87 8022,864547030175348,7.0,16.42,184.04,03/09/2025 16:38:16,13.0143666,80.1991653,1991653,2025-09-04T23:22:31.588858
TN 87 8022,864547030175348,7.0,16.43,185.72,03/09/2025 16:38:11,13.0143833,80.1990509,1990509,2025-09-04T23:22:31.588983
TN 87 8022,864547030175348,0.0,16.43,186.37,03/09/2025 16:38:06,13.0143666,80.198965,1989650,2025-09-04T23:22:31.589099
TN 87 8022,864547030175348,8.0,16.45,186.64,03/09/2025 16:38:02,13.0143165,80.1988983,1988983,2025-09-04T23:22:31.589231
TN 87 8022,864547030175348,0.0,16.45,186.87,03/09/2025 16:37:56,13.0141997,80.1988124,1988124,2025-09-04T23:22:31.589361
TN 87 8022,864547030175348,0.0,16.45,188.75,03/09/2025 16:37:51,13.0141663,80.1988029,1988029,2025-09-04T23:22:31.589497
TN 87 8022,864547030175348,0.0,16.45,196.38,03/09/2025 16:37:47,13.0141663,80.1988029,1988029,2025-09-04T23:22:31.589630
TN 87 8022,864547030175348,0.0,16.45,196.46,03/09/2025 16:37:42,13.014183,80.1988029,1988029,2025-09-04T23:22:31.589754
TN 87 8022,864547030175348,12.0,16.48,196.5,03/09/2025 16:37:38,13.0141162,80.1987648,1987648,2025-09-04T23:22:31.589901
TN 87 8022,864547030175348,11.0,16.49,196.9,03/09/2025 16:37:32,13.0140495,80.1985359,1985359,2025-09-04T23:22:31.590042
TN 87 8022,864547030175348,6.0,16.5,196.94,03/09/2025 16:37:27,13.0140662,80.1984024,1984024,2025-09-04T23:22:31.590188
TN 87 8022,864547030175348,5.0,16.5,196.98,03/09/2025 16:37:22,13.0140829,80.198307,1983070,2025-09-04T23:22:31.590327
TN 87 8022,864547030175348,0.0,16.5,197.34,03/09/2025 16:37:17,13.0140829,80.1982307,1982307,2025-09-04T23:22:31.590482
TN 87 8022,864547030175348,6.0,16.51,197.37,03/09/2025 16:37:13,13.0140995,80.198183,1981830,2025-09-04T23:22:31.590635
TN 87 8022,864547030175348,10.0,16.53,197.4,03/09/2025 16:37:08,13.0141162,80.1980686,1980686,2025-09-04T23:22:31.590826
TN 87 8022,864547030175348,16.0,16.56,197.74,03/09/2025 16:37:03,13.0141329,80.1978683,1978683,2025-09-04T23:22:31.591014
TN 87 8022,864547030175348,20.0,16.59,197.77,03/09/2025 16:36:58,13.0141329,80.1976299,1976299,2025-09-04T23:22:31.591161
TN 87 8022,864547030175348,21.0,16.62,197.82,03/09/2025 16:36:53,13.0141663,80.1973628,1973628,2025-09-04T23:22:31.591339
TN 87 8022,864547030175348,23.0,16.65,197.7,03/09/2025 16:36:48,13.0141997,80.1970863,1970863,2025-09-04T23:22:31.591475
TN 87 8022,864547030175348,23.0,16.68,197.67,03/09/2025 16:36:44,13.0142164,80.1968193,1968193,2025-09-04T23:22:31.591579
TN 87 8022,864547030175348,15.0,16.7,197.52,03/09/2025 16:36:38,13.0142331,80.1965045,1965045,2025-09-04T23:22:31.591683
TN 87 8022,864547030175348,6.0,16.71,194.61,03/09/2025 16:36:34,13.0142498,80.1963806,1963806,2025-09-04T23:22:31.591828
TN 87 8022,864547030175348,0.0,16.71,194.25,03/09/2025 16:36:29,13.0142331,80.1962947,1962947,2025-09-04T23:22:31.591934
TN 87 8022,864547030175348,0.0,16.71,193.59,03/09/2025 16:36:24,13.0142498,80.1962852,1962852,2025-09-04T23:22:31.592033
TN 87 8022,864547030175348,0.0,16.71,188.25,03/09/2025 16:36:19,13.0142498,80.1962852,1962852,2025-09-04T23:22:31.592577
TN 87 8022,864547030175348,0.0,16.71,187.69,03/09/2025 16:36:14,13.0142664,80.1962661,1962661,2025-09-04T23:22:31.592779
TN 87 8022,864547030175348,0.0,16.71,186.41,03/09/2025 16:36:09,13.0142831,80.1962661,1962661,2025-09-04T23:22:31.592970
TN 87 8022,864547030175348,0.0,16.71,185.11,03/09/2025 16:36:04,13.0142998,80.1962471,1962471,2025-09-04T23:22:31.593187
TN 87 8022,864547030175348,0.0,16.71,185.06,03/09/2025 16:36:00,13.0143332,80.1962471,1962471,2025-09-04T23:22:31.593399
TN 87 8022,864547030175348,0.0,16.71,185.01,03/09/2025 16:35:54,13.0144333,80.1962852,1962852,2025-09-04T23:22:31.593627
TN 87 8022,864547030175348,7.0,16.72,185.01,03/09/2025 16:35:49,13.0145168,80.1962947,1962947,2025-09-04T23:22:31.593841
TN 87 8022,864547030175348,6.0,16.73,185.07,03/09/2025 16:35:45,13.0146002,80.1962947,1962947,2025-09-04T23:22:31.594048
TN 87 8022,864547030175348,0.0,16.73,185.16,03/09/2025 16:35:40,13.0147004,80.1963329,1963329,2025-09-04T23:22:31.594262
TN 87 8022,864547030175348,7.0,16.74,185.02,03/09/2025 16:35:35,13.0147671,80.1963615,1963615,2025-09-04T23:22:31.594483
TN 87 8022,864547030175348,0.0,16.74,184.51,03/09/2025 16:35:30,13.0148673,80.1963996,1963996,2025-09-04T23:22:31.594688
TN 87 8022,864547030175348,0.0,16.74,184.52,03/09/2025 16:35:25,13.0149006,80.1963996,1963996,2025-09-04T23:22:31.594889
TN 87 8022,864547030175348,0.0,16.74,184.51,03/09/2025 16:35:20,13.0149161,80.1963996,1963996,2025-09-04T23:22:31.595098
TN 87 8022,864547030175348,10.0,16.75,184.45,03/09/2025 16:35:15,13.0150008,80.1964473,1964473,2025-09-04T23:22:31.595315
TN 87 8022,864547030175348,6.0,16.76,184.43,03/09/2025 16:35:10,13.0150997,80.1964664,1964664,2025-09-04T23:22:31.595510
TN 87 8022,864547030175348,11.0,16.78,184.4,03/09/2025 16:35:06,13.0151998,80.1964473,1964473,2025-09-04T23:22:31.595720
TN 87 8022,864547030175348,11.0,16.79,184.22,03/09/2025 16:35:01,13.0152666,80.1963329,1963329,2025-09-04T23:22:31.595904
TN 87 8022,864547030175348,11.0,16.81,184.15,03/09/2025 16:34:56,13.0153,80.1961708,1961708,2025-09-04T23:22:31.596077
TN 87 8022,864547030175348,0.0,16.81,184.34,03/09/2025 16:34:51,13.0153167,80.1960277,1960277,2025-09-04T23:22:31.596267
TN 87 8022,864547030175348,0.0,16.81,186.38,03/09/2025 16:34:46,13.0153167,80.1959991,1959991,2025-09-04T23:22:31.596482
TN 87 8022,864547030175348,8.0,16.83,186.39,03/09/2025 16:34:41,13.0153334,80.1959514,1959514,2025-09-04T23:22:31.596683
TN 87 8022,864547030175348,9.0,16.84,186.39,03/09/2025 16:34:36,13.0153167,80.1957988,1957988,2025-09-04T23:22:31.596868
TN 87 8022,864547030175348,6.0,16.85,186.64,03/09/2025 16:34:31,13.0153167,80.1957035,1957035,2025-09-04T23:22:31.597040
TN 87 8022,864547030175348,11.0,16.86,186.7,03/09/2025 16:34:26,13.0153167,80.1955986,1955986,2025-09-04T23:22:31.597215
TN 87 8022,864547030175348,7.0,16.87,186.99,03/09/2025 16:34:22,13.0153167,80.1955032,1955032,2025-09-04T23:22:31.597383
TN 87 8022,864547030175348,8.0,16.89,186.92,03/09/2025 16:34:17,13.0153,80.1954174,1954174,2025-09-04T23:22:31.597556
TN 87 8022,864547030175348,17.0,16.91,186.91,03/09/2025 16:34:12,13.0152833,80.1952552,1952552,2025-09-04T23:22:31.597778
TN 87 8022,864547030175348,11.0,16.92,186.88,03/09/2025 16:34:07,13.0152666,80.1950263,1950263,2025-09-04T23:22:31.597973
TN 87 8022,864547030175348,10.0,16.92,188.23,03/09/2025 16:34:02,13.0152499,80.1949119,1949119,2025-09-04T23:22:31.598116
TN 87 8022,864547030175348,0.0,16.92,188.62,03/09/2025 16:33:57,13.0152499,80.1948738,1948738,2025-09-04T23:22:31.598421
TN 87 8022,864547030175348,0.0,16.92,188.9,03/09/2025 16:33:52,13.0152499,80.1948738,1948738,2025-09-04T23:22:31.598602
TN 87 8022,864547030175348,10.0,16.93,189.16,03/09/2025 16:33:47,13.0152332,80.1947975,1947975,2025-09-04T23:22:31.598752
TN 87 8022,864547030175348,5.0,16.93,189.2,03/09/2025 16:33:42,13.0152332,80.1947021,1947021,2025-09-04T23:22:31.598906
TN 87 8022,864547030175348,8.0,16.95,189.28,03/09/2025 16:33:38,13.0152332,80.194664,1946640,2025-09-04T23:22:31.599065
TN 87 8022,864547030175348,14.0,16.97,189.6,03/09/2025 16:33:33,13.0151665,80.1945209,1945209,2025-09-04T23:22:31.599216
TN 87 8022,864547030175348,9.0,16.97,189.6,03/09/2025 16:33:28,13.0151164,80.1943778,1943778,2025-09-04T23:22:31.599380
TN 87 8022,864547030175348,0.0,16.97,189.67,03/09/2025 16:33:23,13.0150997,80.1943016,1943016,2025-09-04T23:22:31.599551
TN 87 8022,864547030175348,20.0,17.01,189.72,03/09/2025 16:33:19,13.0150496,80.1941967,1941967,2025-09-04T23:22:31.599724
TN 87 8022,864547030175348,27.0,17.05,189.93,03/09/2025 16:33:13,13.0148339,80.1938438,1938438,2025-09-04T23:22:31.599872
TN 87 8022,864547030175348,21.0,17.08,190.01,03/09/2025 16:33:08,13.0147004,80.1935672,1935672,2025-09-04T23:22:31.600039
TN 87 8022,864547030175348,16.0,17.1,190.08,03/09/2025 16:33:03,13.0146837,80.1932811,1932811,2025-09-04T23:22:31.600215
TN 87 8022,864547030175348,17.0,17.12,190.71,03/09/2025 16:32:58,13.0147671,80.1930713,1930713,2025-09-04T23:22:31.600365
TN 87 8022,864547030175348,23.0,17.16,191.04,03/09/2025 16:32:54,13.0148673,80.1928997,1928997,2025-09-04T23:22:31.600517
TN 87 8022,864547030175348,20.0,17.18,191.63,03/09/2025 16:32:49,13.0150163,80.1926326,1926326,2025-09-04T23:22:31.600676
TN 87 8022,864547030175348,16.0,17.21,191.85,03/09/2025 16:32:44,13.0151331,80.1924514,1924514,2025-09-04T23:22:31.600794
TN 87 8022,864547030175348,24.0,17.26,191.94,03/09/2025 16:32:39,13.0153,80.1921844,1921844,2025-09-04T23:22:31.600939
TN 87 8022,864547030175348,17.0,17.29,192.31,03/09/2025 16:32:34,13.0154824,80.1917648,1917648,2025-09-04T23:22:31.601112
TN 87 8022,864547030175348,15.0,17.31,192.51,03/09/2025 16:32:29,13.0156159,80.1915359,1915359,2025-09-04T23:22:31.601252
TN 87 8022,864547030175348,12.0,17.33,192.59,03/09/2025 16:32:24,13.0157005,80.1913642,1913642,2025-09-04T23:22:31.601356
TN 87 8022,864547030175348,10.0,17.34,192.69,03/09/2025 16:32:20,13.0157494,80.1912689,1912689,2025-09-04T23:22:31.601460
TN 87 8022,864547030175348,9.0,17.35,192.92,03/09/2025 16:32:15,13.0158162,80.1911449,1911449,2025-09-04T23:22:31.601558
TN 87 8022,864547030175348,10.0,17.37,192.94,03/09/2025 16:32:10,13.0158829,80.1910591,1910591,2025-09-04T23:22:31.601662
TN 87 8022,864547030175348,18.0,17.4,193.01,03/09/2025 16:32:05,13.0159497,80.1909351,1909351,2025-09-04T23:22:31.601791
TN 87 8022,864547030175348,28.0,17.44,193.35,03/09/2025 16:32:00,13.0160999,80.1906967,1906967,2025-09-04T23:22:31.601938
TN 87 8022,864547030175348,30.0,17.48,193.38,03/09/2025 16:31:55,13.0162835,80.190382,1903820,2025-09-04T23:22:31.602073
TN 87 8022,864547030175348,32.0,17.53,193.44,03/09/2025 16:31:51,13.0164504,80.1900863,1900863,2025-09-04T23:22:31.602211
TN 87 8022,864547030175348,35.0,17.57,193.68,03/09/2025 16:31:46,13.0166661,80.1896858,1896858,2025-09-04T23:22:31.602407
TN 87 8022,864547030175348,33.0,17.62,193.71,03/09/2025 16:31:41,13.0168831,80.1892852,1892852,2025-09-04T23:22:31.602600
TN 87 8022,864547030175348,29.0,17.66,193.77,03/09/2025 16:31:36,13.0170834,80.1889228,1889228,2025-09-04T23:22:31.602780
TN 87 8022,864547030175348,32.0,17.71,193.9,03/09/2025 16:31:31,13.0172836,80.18857,1885700,2025-09-04T23:22:31.602961
TN 87 8022,864547030175348,28.0,17.75,193.91,03/09/2025 16:31:26,13.0174505,80.188198,1881980,2025-09-04T23:22:31.603104
TN 87 8022,864547030175348,31.0,17.79,193.93,03/09/2025 16:31:21,13.0176162,80.1878643,1878643,2025-09-04T23:22:31.603299
TN 87 8022,864547030175348,31.0,17.83,193.91,03/09/2025 16:31:16,13.0177664,80.1875019,1875019,2025-09-04T23:22:31.603465
TN 87 8022,864547030175348,34.0,17.89,193.91,03/09/2025 16:31:11,13.0179834,80.1871776,1871776,2025-09-04T23:22:31.603600
TN 87 8022,864547030175348,51.0,17.95,193.9,03/09/2025 16:31:06,13.0183827,80.1868534,1868534,2025-09-04T23:22:31.603735
TN 87 8022,864547030175348,51.0,18.02,193.89,03/09/2025 16:31:02,13.0188333,80.1865863,1865863,2025-09-04T23:22:31.603840
TN 87 8022,864547030175348,44.0,18.08,189.65,03/09/2025 16:30:57,13.0193495,80.1862525,1862525,2025-09-04T23:22:31.603969
TN 87 8022,864547030175348,39.0,18.13,188.65,03/09/2025 16:30:52,13.0198001,80.1859664,1859664,2025-09-04T23:22:31.604099
TN 87 8022,864547030175348,30.0,18.17,188.32,03/09/2025 16:30:47,13.0201506,80.1856517,1856517,2025-09-04T23:22:31.604224
TN 87 8022,864547030175348,31.0,18.22,187.99,03/09/2025 16:30:42,13.0203998,80.185337,1853370,2025-09-04T23:22:31.604362
TN 87 8022,864547030175348,31.0,18.27,187.9,03/09/2025 16:30:37,13.0205667,80.1849365,1849365,2025-09-04T23:22:31.604534
TN 87 8022,864547030175348,30.0,18.31,187.78,03/09/2025 16:30:32,13.0206835,80.1844978,1844978,2025-09-04T23:22:31.604701
TN 87 8022,864547030175348,22.0,18.34,187.23,03/09/2025 16:30:27,13.0208325,80.184164,1841640,2025-09-04T23:22:31.604833
TN 87 8022,864547030175348,19.0,18.37,187.13,03/09/2025 16:30:22,13.0209326,80.183916,1839160,2025-09-04T23:22:31.604966
TN 87 8022,864547030175348,17.0,18.39,186.96,03/09/2025 16:30:17,13.0210661,80.1836872,1836872,2025-09-04T23:22:31.605159
TN 87 8022,864547030175348,20.0,18.42,184.5,03/09/2025 16:30:12,13.0211997,80.1834869,1834869,2025-09-04T23:22:31.605309
TN 87 8022,864547030175348,15.0,18.44,183.9,03/09/2025 16:30:08,13.0213165,80.1832771,1832771,2025-09-04T23:22:31.605469
TN 87 8022,864547030175348,11.0,18.46,183.88,03/09/2025 16:30:03,13.0214333,80.1830959,1830959,2025-09-04T23:22:31.605669
TN 87 8022,864547030175348,0.0,18.46,183.84,03/09/2025 16:29:58,13.0215501,80.1829338,1829338,2025-09-04T23:22:31.605933
TN 87 8022,864547030175348,0.0,18.46,183.84,03/09/2025 16:29:53,13.0215501,80.1829147,1829147,2025-09-04T23:22:31.606163
TN 87 8022,864547030175348,0.0,18.46,183.84,03/09/2025 16:29:48,13.0215501,80.1829147,1829147,2025-09-04T23:22:31.606375
TN 87 8022,864547030175348,0.0,18.46,183.84,03/09/2025 16:29:43,13.0215501,80.1829147,1829147,2025-09-04T23:22:31.606588
TN 87 8022,864547030175348,0.0,18.46,183.84,03/09/2025 16:29:38,13.0215501,80.1829147,1829147,2025-09-04T23:22:31.606826
TN 87 8022,864547030175348,0.0,18.46,183.84,03/09/2025 16:29:34,13.0215501,80.1829147,1829147,2025-09-04T23:22:31.607031
TN 87 8022,864547030175348,0.0,18.46,183.85,03/09/2025 16:29:28,13.0215501,80.1829147,1829147,2025-09-04T23:22:31.607248
TN 87 8022,864547030175348,0.0,18.46,183.86,03/09/2025 16:29:24,13.0215501,80.1829147,1829147,2025-09-04T23:22:31.607476
TN 87 8022,864547030175348,0.0,18.46,183.87,03/09/2025 16:29:19,13.0215501,80.1829147,1829147,2025-09-04T23:22:31.607692
TN 87 8022,864547030175348,0.0,18.46,184.43,03/09/2025 16:29:14,13.0215501,80.1829147,1829147,2025-09-04T23:22:31.607914
TN 87 8022,864547030175348,0.0,18.46,184.55,03/09/2025 16:29:09,13.0215501,80.1829147,1829147,2025-09-04T23:22:31.608097
TN 87 8022,864547030175348,0.0,18.46,184.91,03/09/2025 16:29:04,13.0215501,80.1829147,1829147,2025-09-04T23:22:31.608276
TN 87 8022,864547030175348,0.0,18.46,185.92,03/09/2025 16:28:59,13.0215501,80.1829147,1829147,2025-09-04T23:22:31.608453
TN 87 8022,864547030175348,0.0,18.46,185.93,03/09/2025 16:28:55,13.0215501,80.1829147,1829147,2025-09-04T23:22:31.608603
TN 87 8022,864547030175348,0.0,18.46,185.93,03/09/2025 16:28:50,13.0215501,80.1829147,1829147,2025-09-04T23:22:31.608760
TN 87 8022,864547030175348,5.0,18.48,185.93,03/09/2025 16:28:45,13.0215835,80.1828861,1828861,2025-09-04T23:22:31.608947
TN 87 8022,864547030175348,12.0,18.5,185.83,03/09/2025 16:28:40,13.0216503,80.1827812,1827812,2025-09-04T23:22:31.609092
TN 87 8022,864547030175348,16.0,18.53,185.8,03/09/2025 16:28:35,13.0217504,80.1825904,1825904,2025-09-04T23:22:31.609231
TN 87 8022,864547030175348,14.0,18.54,185.78,03/09/2025 16:28:30,13.0218672,80.1823806,1823806,2025-09-04T23:22:31.609368
TN 87 8022,864547030175348,9.0,18.54,185.7,03/09/2025 16:28:25,13.0219495,80.1822376,1822376,2025-09-04T23:22:31.609493
TN 87 8022,864547030175348,9.0,18.56,185.69,03/09/2025 16:28:21,13.0219829,80.1821708,1821708,2025-09-04T23:22:31.609611
TN 87 8022,864547030175348,6.0,18.57,185.68,03/09/2025 16:28:16,13.0220341,80.1820659,1820659,2025-09-04T23:22:31.609725
TN 87 8022,864547030175348,6.0,18.58,184.84,03/09/2025 16:28:11,13.022083,80.1819992,1819992,2025-09-04T23:22:31.609840
TN 87 8022,864547030175348,8.0,18.59,184.38,03/09/2025 16:28:06,13.0221331,80.1819038,1819038,2025-09-04T23:22:31.609950
TN 87 8022,864547030175348,6.0,18.6,183.77,03/09/2025 16:28:01,13.0221831,80.1818275,1818275,2025-09-04T23:22:31.610065
TN 87 8022,864547030175348,6.0,18.6,183.72,03/09/2025 16:27:56,13.0222165,80.1817512,1817512,2025-09-04T23:22:31.610174
TN 87 8022,864547030175348,0.0,18.6,183.71,03/09/2025 16:27:51,13.0222499,80.1816844,1816844,2025-09-04T23:22:31.610283
TN 87 8022,864547030175348,9.0,18.61,183.69,03/09/2025 16:27:46,13.0222666,80.1815986,1815986,2025-09-04T23:22:31.610392
TN 87 8022,864547030175348,11.0,18.63,183.59,03/09/2025 16:27:41,13.0223166,80.1814365,1814365,2025-09-04T23:22:31.610562
TN 87 8022,864547030175348,0.0,18.63,183.55,03/09/2025 16:27:37,13.0223834,80.1813316,1813316,2025-09-04T23:22:31.610754
TN 87 8022,864547030175348,0.0,18.63,183.53,03/09/2025 16:27:31,13.0224823,80.1812362,1812362,2025-09-04T23:22:31.610938
TN 87 8022,864547030175348,0.0,18.63,183.39,03/09/2025 16:27:27,13.0224823,80.1812362,1812362,2025-09-04T23:22:31.611137
TN 87 8022,864547030175348,0.0,18.63,183.39,03/09/2025 16:27:21,13.0224823,80.1812362,1812362,2025-09-04T23:22:31.611321
TN 87 8022,864547030175348,0.0,18.63,183.39,03/09/2025 16:27:17,13.0224823,80.1812362,1812362,2025-09-04T23:22:31.611511
TN 87 8022,864547030175348,0.0,18.63,183.38,03/09/2025 16:27:12,13.0224823,80.1812362,1812362,2025-09-04T23:22:31.611689
TN 87 8022,864547030175348,0.0,18.63,183.38,03/09/2025 16:27:07,13.0224823,80.1812362,1812362,2025-09-04T23:22:31.611817
TN 87 8022,864547030175348,0.0,18.63,183.38,03/09/2025 16:27:02,13.0224823,80.1812362,1812362,2025-09-04T23:22:31.611948
TN 87 8022,864547030175348,0.0,18.63,183.38,03/09/2025 16:26:57,13.0224823,80.1812362,1812362,2025-09-04T23:22:31.612091
TN 87 8022,864547030175348,0.0,18.63,183.38,03/09/2025 16:26:52,13.0224823,80.1812362,1812362,2025-09-04T23:22:31.612214
TN 87 8022,864547030175348,0.0,18.63,183.38,03/09/2025 16:26:47,13.0224823,80.1812362,1812362,2025-09-04T23:22:31.612327
TN 87 8022,864547030175348,0.0,18.63,183.54,03/09/2025 16:26:42,13.0224823,80.1812362,1812362,2025-09-04T23:22:31.612441
TN 87 8022,864547030175348,0.0,18.63,183.58,03/09/2025 16:26:38,13.0224823,80.1812362,1812362,2025-09-04T23:22:31.612626
TN 87 8022,864547030175348,0.0,18.63,183.7,03/09/2025 16:26:33,13.0224823,80.1812362,1812362,2025-09-04T23:22:31.612796
TN 87 8022,864547030175348,0.0,18.63,183.74,03/09/2025 16:26:29,13.0224823,80.1812362,1812362,2025-09-04T23:22:31.612946
TN 87 8022,864547030175348,0.0,18.63,183.74,03/09/2025 16:26:23,13.0224823,80.1812362,1812362,2025-09-04T23:22:31.613103
TN 87 8022,864547030175348,0.0,18.63,183.74,03/09/2025 16:26:18,13.0224823,80.1812362,1812362,2025-09-04T23:22:31.613336
TN 87 8022,864547030175348,0.0,18.63,183.73,03/09/2025 16:26:13,13.0224823,80.1812362,1812362,2025-09-04T23:22:31.613527
TN 87 8022,864547030175348,8.0,18.64,183.7,03/09/2025 16:26:08,13.0225157,80.1811695,1811695,2025-09-04T23:22:31.613698
TN 87 8022,864547030175348,7.0,18.64,183.69,03/09/2025 16:26:04,13.022567,80.1811027,1811027,2025-09-04T23:22:31.613825
TN 87 8022,864547030175348,0.0,18.64,183.69,03/09/2025 16:25:59,13.0225825,80.181055,1810550,2025-09-04T23:22:31.613944
TN 87 8022,864547030175348,7.0,18.65,183.64,03/09/2025 16:25:54,13.0226492,80.1809692,1809692,2025-09-04T23:22:31.614062
TN 87 8022,864547030175348,6.0,18.66,183.63,03/09/2025 16:25:49,13.0227005,80.1809024,1809024,2025-09-04T23:22:31.614182
TN 87 8022,864547030175348,6.0,18.67,183.61,03/09/2025 16:25:44,13.0227494,80.1807975,1807975,2025-09-04T23:22:31.614346
TN 87 8022,864547030175348,0.0,18.67,183.51,03/09/2025 16:25:39,13.0227828,80.1807022,1807022,2025-09-04T23:22:31.614529
TN 87 8022,864547030175348,0.0,18.67,183.49,03/09/2025 16:25:34,13.0228328,80.1806354,1806354,2025-09-04T23:22:31.614704
TN 87 8022,864547030175348,5.0,18.67,183.49,03/09/2025 16:25:29,13.0228662,80.1805686,1805686,2025-09-04T23:22:31.614887
TN 87 8022,864547030175348,6.0,18.68,183.37,03/09/2025 16:25:25,13.0228829,80.1805305,1805305,2025-09-04T23:22:31.615060
TN 87 8022,864547030175348,8.0,18.69,183.35,03/09/2025 16:25:20,13.022933,80.1804542,1804542,2025-09-04T23:22:31.615268
TN 87 8022,864547030175348,8.0,18.71,183.31,03/09/2025 16:25:15,13.022983,80.1803398,1803398,2025-09-04T23:22:31.615512
TN 87 8022,864547030175348,10.0,18.73,183.02,03/09/2025 16:25:10,13.0230665,80.1801872,1801872,2025-09-04T23:22:31.615715
TN 87 8022,864547030175348,7.0,18.73,182.97,03/09/2025 16:25:05,13.0231499,80.1800537,1800537,2025-09-04T23:22:31.615934
TN 87 8022,864547030175348,0.0,18.73,182.8,03/09/2025 16:25:00,13.0231833,80.1799964,1799964,2025-09-04T23:22:31.616063
TN 87 8022,864547030175348,0.0,18.73,182.75,03/09/2025 16:24:55,13.0231833,80.1799964,1799964,2025-09-04T23:22:31.616243
TN 87 8022,864547030175348,0.0,18.73,182.75,03/09/2025 16:24:51,13.0231833,80.1799964,1799964,2025-09-04T23:22:31.616407
TN 87 8022,864547030175348,0.0,18.73,182.74,03/09/2025 16:24:46,13.0231833,80.1799964,1799964,2025-09-04T23:22:31.616554
TN 87 8022,864547030175348,0.0,18.73,182.78,03/09/2025 16:24:41,13.0231833,80.1799964,1799964,2025-09-04T23:22:31.616677
TN 87 8022,864547030175348,0.0,18.73,182.79,03/09/2025 16:24:36,13.0231833,80.1799964,1799964,2025-09-04T23:22:31.616794
TN 87 8022,864547030175348,0.0,18.73,182.8,03/09/2025 16:24:31,13.0231833,80.1799964,1799964,2025-09-04T23:22:31.616918
TN 87 8022,864547030175348,0.0,18.73,183.03,03/09/2025 16:24:26,13.0231833,80.1799964,1799964,2025-09-04T23:22:31.617062
TN 87 8022,864547030175348,0.0,18.73,183.05,03/09/2025 16:24:21,13.0231833,80.1799964,1799964,2025-09-04T23:22:31.617219
TN 87 8022,864547030175348,0.0,18.73,183.04,03/09/2025 16:24:16,13.0231833,80.1799964,1799964,2025-09-04T23:22:31.617347
TN 87 8022,864547030175348,0.0,18.73,183.03,03/09/2025 16:24:12,13.0231833,80.1799964,1799964,2025-09-04T23:22:31.617499
TN 87 8022,864547030175348,0.0,18.73,182.77,03/09/2025 16:24:07,13.0231833,80.1799964,1799964,2025-09-04T23:22:31.617623
TN 87 8022,864547030175348,0.0,18.73,182.67,03/09/2025 16:24:02,13.0231833,80.1799964,1799964,2025-09-04T23:22:31.617745
TN 87 8022,864547030175348,0.0,18.73,182.72,03/09/2025 16:23:57,13.0231833,80.1799964,1799964,2025-09-04T23:22:31.617868
TN 87 8022,864547030175348,0.0,18.73,184.64,03/09/2025 16:23:52,13.0231833,80.1799964,1799964,2025-09-04T23:22:31.617985
TN 87 8022,864547030175348,0.0,18.73,185.46,03/09/2025 16:23:47,13.0231833,80.1799964,1799964,2025-09-04T23:22:31.618145
TN 87 8022,864547030175348,0.0,18.73,186.04,03/09/2025 16:23:42,13.0231833,80.1799964,1799964,2025-09-04T23:22:31.618313
TN 87 8022,864547030175348,0.0,18.73,186.24,03/09/2025 16:23:37,13.0231833,80.1799964,1799964,2025-09-04T23:22:31.618448
TN 87 8022,864547030175348,6.0,18.74,186.27,03/09/2025 16:23:32,13.0231833,80.1799678,1799678,2025-09-04T23:22:31.618580
TN 87 8022,864547030175348,14.0,18.76,186.31,03/09/2025 16:23:28,13.0232334,80.179882,1798820,2025-09-04T23:22:31.618711
TN 87 8022,864547030175348,13.0,18.79,186.51,03/09/2025 16:23:23,13.0233335,80.1797199,1797199,2025-09-04T23:22:31.618901
TN 87 8022,864547030175348,16.0,18.81,186.56,03/09/2025 16:23:18,13.0234336,80.1795196,1795196,2025-09-04T23:22:31.619137
TN 87 8022,864547030175348,17.0,18.84,186.59,03/09/2025 16:23:13,13.0235326,80.1793003,1793003,2025-09-04T23:22:31.619335
TN 87 8022,864547030175348,20.0,18.87,186.79,03/09/2025 16:23:08,13.0236661,80.1790714,1790714,2025-09-04T23:22:31.619551
TN 87 8022,864547030175348,14.0,18.88,186.84,03/09/2025 16:23:03,13.0237996,80.1788997,1788997,2025-09-04T23:22:31.619774
TN 87 8022,864547030175348,9.0,18.9,186.85,03/09/2025 16:22:58,13.0238997,80.1787471,1787471,2025-09-04T23:22:31.619979
TN 87 8022,864547030175348,5.0,18.91,187.15,03/09/2025 16:22:53,13.0239498,80.1786518,1786518,2025-09-04T23:22:31.620190
TN 87 8022,864547030175348,12.0,18.94,187.17,03/09/2025 16:22:48,13.0240166,80.1785373,1785373,2025-09-04T23:22:31.620389
TN 87 8022,864547030175348,18.0,18.98,187.21,03/09/2025 16:22:43,13.0241835,80.178337,1783370,2025-09-04T23:22:31.620609
TN 87 8022,864547030175348,22.0,19.02,187.43,03/09/2025 16:22:38,13.0243504,80.1779651,1779651,2025-09-04T23:22:31.620824
TN 87 8022,864547030175348,24.0,19.06,187.45,03/09/2025 16:22:34,13.0244994,80.1776695,1776695,2025-09-04T23:22:31.621025
TN 87 8022,864547030175348,17.0,19.1,187.5,03/09/2025 16:22:29,13.0246829,80.1773643,1773643,2025-09-04T23:22:31.621244
TN 87 8022,864547030175348,8.0,19.11,187.8,03/09/2025 16:22:24,13.0248498,80.1770591,1770591,2025-09-04T23:22:31.621419
TN 87 8022,864547030175348,0.0,19.11,187.84,03/09/2025 16:22:19,13.0248999,80.1769638,1769638,2025-09-04T23:22:31.621638
TN 87 8022,864547030175348,0.0,19.11,187.89,03/09/2025 16:22:14,13.0249166,80.1769447,1769447,2025-09-04T23:22:31.621838
TN 87 8022,864547030175348,0.0,19.11,188.14,03/09/2025 16:22:09,13.0249166,80.1769447,1769447,2025-09-04T23:22:31.622020
TN 87 8022,864547030175348,0.0,19.11,188.17,03/09/2025 16:22:04,13.0249166,80.1769447,1769447,2025-09-04T23:22:31.622211
TN 87 8022,864547030175348,0.0,19.11,188.26,03/09/2025 16:22:00,13.0249166,80.1769447,1769447,2025-09-04T23:22:31.622410
TN 87 8022,864547030175348,0.0,19.11,191.22,03/09/2025 16:21:55,13.0249166,80.1769351,1769351,2025-09-04T23:22:31.622572
TN 87 8022,864547030175348,0.0,19.11,191.25,03/09/2025 16:21:50,13.0249166,80.1769351,1769351,2025-09-04T23:22:31.622715
TN 87 8022,864547030175348,0.0,19.11,191.28,03/09/2025 16:21:45,13.02495,80.1769161,1769161,2025-09-04T23:22:31.622845
TN 87 8022,864547030175348,11.0,19.14,191.32,03/09/2025 16:21:40,13.025,80.1768493,1768493,2025-09-04T23:22:31.622950
TN 87 8022,864547030175348,7.0,19.17,191.69,03/09/2025 16:21:35,13.0251169,80.1766204,1766204,2025-09-04T23:22:31.623108
TN 87 8022,864547030175348,7.0,19.19,191.76,03/09/2025 16:21:30,13.0252003,80.1763153,1763153,2025-09-04T23:22:31.623253
TN 87 8022,864547030175348,7.0,19.22,191.84,03/09/2025 16:21:26,13.0252826,80.1761722,1761722,2025-09-04T23:22:31.623448
TN 87 8022,864547030175348,19.0,19.25,192.16,03/09/2025 16:21:20,13.0254161,80.1759529,1759529,2025-09-04T23:22:31.623610
TN 87 8022,864547030175348,14.0,19.26,192.26,03/09/2025 16:21:15,13.0255341,80.175724,1757240,2025-09-04T23:22:31.623727
TN 87 8022,864547030175348,8.0,19.28,192.36,03/09/2025 16:21:11,13.0256164,80.1756,1756000,2025-09-04T23:22:31.623878
TN 87 8022,864547030175348,0.0,19.28,192.6,03/09/2025 16:21:06,13.0257332,80.1755142,1755142,2025-09-04T23:22:31.624017
TN 87 8022,864547030175348,0.0,19.28,192.68,03/09/2025 16:21:01,13.0257332,80.1754951,1754951,2025-09-04T23:22:31.624160
TN 87 8022,864547030175348,0.0,19.28,192.73,03/09/2025 16:20:56,13.0257332,80.1754856,1754856,2025-09-04T23:22:31.624354
TN 87 8022,864547030175348,0.0,19.28,193.23,03/09/2025 16:20:51,13.0257499,80.1754283,1754283,2025-09-04T23:22:31.624531
TN 87 8022,864547030175348,0.0,19.28,193.36,03/09/2025 16:20:46,13.0258333,80.1753044,1753044,2025-09-04T23:22:31.624719
TN 87 8022,864547030175348,0.0,19.28,193.45,03/09/2025 16:20:42,13.0258834,80.1751995,1751995,2025-09-04T23:22:31.624874
TN 87 8022,864547030175348,0.0,19.28,193.71,03/09/2025 16:20:37,13.0259168,80.1751613,1751613,2025-09-04T23:22:31.625033
TN 87 8022,864547030175348,8.0,19.3,193.75,03/09/2025 16:20:31,13.0259668,80.175085,1750850,2025-09-04T23:22:31.625180
TN 87 8022,864547030175348,10.0,19.31,193.83,03/09/2025 16:20:27,13.0260825,80.1749229,1749229,2025-09-04T23:22:31.625323
TN 87 8022,864547030175348,12.0,19.34,194.34,03/09/2025 16:20:22,13.0261337,80.1747989,1747989,2025-09-04T23:22:31.625444
TN 87 8022,864547030175348,22.0,19.37,194.4,03/09/2025 16:20:17,13.026216,80.1745796,1745796,2025-09-04T23:22:31.625611
TN 87 8022,864547030175348,30.0,19.42,194.55,03/09/2025 16:20:12,13.0263495,80.1742839,1742839,2025-09-04T23:22:31.625822
TN 87 8022,864547030175348,41.0,19.47,194.65,03/09/2025 16:20:07,13.0265498,80.1738929,1738929,2025-09-04T23:22:31.626033
TN 87 8022,864547030175348,46.0,19.55,194.64,03/09/2025 16:20:03,13.0267834,80.1735115,1735115,2025-09-04T23:22:31.626272
TN 87 8022,864547030175348,44.0,19.61,193.48,03/09/2025 16:19:57,13.0271327,80.172863,1728630,2025-09-04T23:22:31.626448
TN 87 8022,864547030175348,36.0,19.65,188.11,03/09/2025 16:19:52,13.0273997,80.1724052,1724052,2025-09-04T23:22:31.626616
TN 87 8022,864547030175348,30.0,19.69,187.8,03/09/2025 16:19:48,13.0276,80.1721191,1721191,2025-09-04T23:22:31.626771
TN 87 8022,864547030175348,29.0,19.73,187.17,03/09/2025 16:19:43,13.027817,80.1717853,1717853,2025-09-04T23:22:31.626907
TN 87 8022,864547030175348,24.0,19.77,187.17,03/09/2025 16:19:38,13.0279839,80.1714515,1714515,2025-09-04T23:22:31.627042
TN 87 8022,864547030175348,19.0,19.79,187.17,03/09/2025 16:19:33,13.0281329,80.1711654,1711654,2025-09-04T23:22:31.627167
TN 87 8022,864547030175348,15.0,19.81,187.17,03/09/2025 16:19:28,13.028233,80.1709842,1709842,2025-09-04T23:22:31.627298
TN 87 8022,864547030175348,12.0,19.83,187.18,03/09/2025 16:19:23,13.0283164,80.1708316,1708316,2025-09-04T23:22:31.627423
TN 87 8022,864547030175348,13.0,19.85,187.16,03/09/2025 16:19:18,13.0283999,80.1706695,1706695,2025-09-04T23:22:31.627578
TN 87 8022,864547030175348,13.0,19.88,187.15,03/09/2025 16:19:13,13.0285835,80.1705455,1705455,2025-09-04T23:22:31.627720
TN 87 8022,864547030175348,22.0,19.92,187.15,03/09/2025 16:19:09,13.0286836,80.1703453,1703453,2025-09-04T23:22:31.627863
TN 87 8022,864547030175348,18.0,19.94,187.07,03/09/2025 16:19:03,13.0288672,80.1699638,1699638,2025-09-04T23:22:31.628010
TN 87 8022,864547030175348,16.0,19.98,187.07,03/09/2025 16:18:59,13.028934,80.1697826,1697826,2025-09-04T23:22:31.628149
TN 87 8022,864547030175348,23.0,20.01,187.06,03/09/2025 16:18:54,13.0291342,80.1695156,1695156,2025-09-04T23:22:31.628288
TN 87 8022,864547030175348,21.0,20.05,186.77,03/09/2025 16:18:49,13.0292832,80.169239,1692390,2025-09-04T23:22:31.628393
TN 87 8022,864547030175348,20.0,20.08,186.81,03/09/2025 16:18:44,13.0294001,80.1689529,1689529,2025-09-04T23:22:31.628496
TN 87 8022,864547030175348,19.0,20.1,186.84,03/09/2025 16:18:40,13.0295157,80.1687335,1687335,2025-09-04T23:22:31.628636
TN 87 8022,864547030175348,16.0,20.13,186.91,03/09/2025 16:18:35,13.0296158,80.1685142,1685142,2025-09-04T23:22:31.628841
TN 87 8022,864547030175348,19.0,20.15,186.94,03/09/2025 16:18:30,13.0297338,80.1682853,1682853,2025-09-04T23:22:31.628975
TN 87 8022,864547030175348,14.0,20.18,186.97,03/09/2025 16:18:25,13.0298161,80.1680946,1680946,2025-09-04T23:22:31.629113
TN 87 8022,864547030175348,29.0,20.22,187.06,03/09/2025 16:18:20,13.0299329,80.1678848,1678848,2025-09-04T23:22:31.629248
TN 87 8022,864547030175348,28.0,20.26,187.1,03/09/2025 16:18:15,13.0301165,80.1675605,1675605,2025-09-04T23:22:31.629382
TN 87 8022,864547030175348,34.0,20.31,187.13,03/09/2025 16:18:10,13.0303168,80.1672363,1672363,2025-09-04T23:22:31.629523
TN 87 8022,864547030175348,34.0,20.35,191.87,03/09/2025 16:18:05,13.0305171,80.1668453,1668453,2025-09-04T23:22:31.629662
TN 87 8022,864547030175348,34.0,20.4,192.56,03/09/2025 16:18:00,13.0306994,80.1664638,1664638,2025-09-04T23:22:31.629785
TN 87 8022,864547030175348,38.0,20.46,192.79,03/09/2025 16:17:55,13.0308997,80.1660728,1660728,2025-09-04T23:22:31.629913
TN 87 8022,864547030175348,42.0,20.55,193.32,03/09/2025 16:17:50,13.0311501,80.1656055,1656055,2025-09-04T23:22:31.630051
TN 87 8022,864547030175348,35.0,20.6,193.37,03/09/2025 16:17:46,13.0313658,80.1652526,1652526,2025-09-04T23:22:31.630184
TN 87 8022,864547030175348,27.0,20.64,193.44,03/09/2025 16:17:41,13.0315661,80.1648521,1648521,2025-09-04T23:22:31.630309
TN 87 8022,864547030175348,21.0,20.68,193.88,03/09/2025 16:17:36,13.0317497,80.1645183,1645183,2025-09-04T23:22:31.630439
TN 87 8022,864547030175348,18.0,20.71,193.93,03/09/2025 16:17:31,13.0318999,80.1642799,1642799,2025-09-04T23:22:31.630641
TN 87 8022,864547030175348,16.0,20.73,193.98,03/09/2025 16:17:26,13.0320835,80.164051,1640510,2025-09-04T23:22:31.630809
TN 87 8022,864547030175348,18.0,20.76,194.26,03/09/2025 16:17:21,13.0321836,80.1638317,1638317,2025-09-04T23:22:31.630989
TN 87 8022,864547030175348,15.0,20.78,194.29,03/09/2025 16:17:16,13.0322837,80.1636219,1636219,2025-09-04T23:22:31.631197
TN 87 8022,864547030175348,12.0,20.8,194.34,03/09/2025 16:17:12,13.0323827,80.1634788,1634788,2025-09-04T23:22:31.631372
TN 87 8022,864547030175348,11.0,20.82,194.36,03/09/2025 16:17:07,13.0324673,80.1633262,1633262,2025-09-04T23:22:31.631532
TN 87 8022,864547030175348,19.0,20.85,194.57,03/09/2025 16:17:02,13.0325675,80.163145,1631450,2025-09-04T23:22:31.631688
TN 87 8022,864547030175348,20.0,20.89,194.65,03/09/2025 16:16:57,13.0326998,80.1629066,1629066,2025-09-04T23:22:31.631826
TN 87 8022,864547030175348,21.0,20.92,194.8,03/09/2025 16:16:52,13.03285,80.1626014,1626014,2025-09-04T23:22:31.631963
TN 87 8022,864547030175348,19.0,20.94,195.33,03/09/2025 16:16:47,13.0330002,80.1623344,1623344,2025-09-04T23:22:31.632076
TN 87 8022,864547030175348,10.0,20.96,195.5,03/09/2025 16:16:42,13.0331003,80.1621723,1621723,2025-09-04T23:22:31.632412
TN 87 8022,864547030175348,15.0,20.98,195.69,03/09/2025 16:16:37,13.0331826,80.1620197,1620197,2025-09-04T23:22:31.632591
TN 87 8022,864547030175348,12.0,21.0,196.23,03/09/2025 16:16:33,13.0332672,80.1618671,1618671,2025-09-04T23:22:31.632816
TN 87 8022,864547030175348,10.0,21.02,196.34,03/09/2025 16:16:27,13.0333662,80.1616954,1616954,2025-09-04T23:22:31.633065
TN 87 8022,864547030175348,12.0,21.03,196.52,03/09/2025 16:16:22,13.0334496,80.1615142,1615142,2025-09-04T23:22:31.633299
TN 87 8022,864547030175348,10.0,21.05,197.09,03/09/2025 16:16:18,13.0334997,80.1613998,1613998,2025-09-04T23:22:31.633518
TN 87 8022,864547030175348,9.0,21.07,197.16,03/09/2025 16:16:13,13.0335497,80.1612854,1612854,2025-09-04T23:22:31.633757
TN 87 8022,864547030175348,23.0,21.11,197.31,03/09/2025 16:16:08,13.0336666,80.1611042,1611042,2025-09-04T23:22:31.633973
TN 87 8022,864547030175348,26.0,21.15,197.69,03/09/2025 16:16:03,13.0338668,80.160818,1608180,2025-09-04T23:22:31.634180
TN 87 8022,864547030175348,26.0,21.19,197.73,03/09/2025 16:15:58,13.0340337,80.1605033,1605033,2025-09-04T23:22:31.634382
TN 87 8022,864547030175348,18.0,21.21,197.8,03/09/2025 16:15:53,13.0341839,80.1601886,1601886,2025-09-04T23:22:31.634592
TN 87 8022,864547030175348,12.0,21.23,198.1,03/09/2025 16:15:48,13.0342996,80.1600074,1600074,2025-09-04T23:22:31.634773
TN 87 8022,864547030175348,12.0,21.24,198.13,03/09/2025 16:15:43,13.0343842,80.1598834,1598834,2025-09-04T23:22:31.634951
TN 87 8022,864547030175348,9.0,21.26,198.2,03/09/2025 16:15:39,13.0344331,80.159769,1597690,2025-09-04T23:22:31.635076
TN 87 8022,864547030175348,11.0,21.27,198.78,03/09/2025 16:15:34,13.0344331,80.159626,1596260,2025-09-04T23:22:31.635186
TN 87 8022,864547030175348,7.0,21.27,198.83,03/09/2025 16:15:29,13.0344498,80.1595115,1595115,2025-09-04T23:22:31.635340
TN 87 8022,864547030175348,5.0,21.27,198.99,03/09/2025 16:15:24,13.0344331,80.1594352,1594352,2025-09-04T23:22:31.635522
TN 87 8022,864547030175348,0.0,21.27,199.37,03/09/2025 16:15:19,13.0344498,80.1593875,1593875,2025-09-04T23:22:31.635717
TN 87 8022,864547030175348,0.0,21.27,199.41,03/09/2025 16:15:14,13.0344665,80.1593208,1593208,2025-09-04T23:22:31.635934
TN 87 8022,864547030175348,6.0,21.28,199.52,03/09/2025 16:15:09,13.0344665,80.1592636,1592636,2025-09-04T23:22:31.636103
TN 87 8022,864547030175348,7.0,21.28,199.85,03/09/2025 16:15:04,13.0344665,80.1591777,1591777,2025-09-04T23:22:31.636244
TN 87 8022,864547030175348,0.0,21.28,199.87,03/09/2025 16:15:00,13.0344665,80.1591205,1591205,2025-09-04T23:22:31.636372
TN 87 8022,864547030175348,15.0,21.29,199.94,03/09/2025 16:14:54,13.0344498,80.1589965,1589965,2025-09-04T23:22:31.636530
TN 87 8022,864547030175348,24.0,21.34,200.12,03/09/2025 16:14:50,13.0344498,80.1588344,1588344,2025-09-04T23:22:31.636681
TN 87 8022,864547030175348,43.0,21.41,200.12,03/09/2025 16:14:45,13.0344331,80.1584053,1584053,2025-09-04T23:22:31.636792
TN 87 8022,864547030175348,53.0,21.49,200.12,03/09/2025 16:14:40,13.0343997,80.1577663,1577663,2025-09-04T23:22:31.636932
TN 87 8022,864547030175348,50.0,21.55,200.12,03/09/2025 16:14:35,13.0343329,80.1570796,1570796,2025-09-04T23:22:31.637059
TN 87 8022,864547030175348,47.0,21.62,200.03,03/09/2025 16:14:30,13.0344998,80.1564884,1564884,2025-09-04T23:22:31.637198
TN 87 8022,864547030175348,42.0,21.68,199.98,03/09/2025 16:14:25,13.0347836,80.1559543,1559543,2025-09-04T23:22:31.637363
TN 87 8022,864547030175348,41.0,21.74,199.92,03/09/2025 16:14:20,13.0350327,80.1554679,1554679,2025-09-04T23:22:31.637507
TN 87 8022,864547030175348,44.0,21.79,196.61,03/09/2025 16:14:15,13.0353164,80.154953,1549530,2025-09-04T23:22:31.637661
TN 87 8022,864547030175348,40.0,21.85,194.77,03/09/2025 16:14:11,13.0355167,80.1545524,1545524,2025-09-04T23:22:31.637789
TN 87 8022,864547030175348,37.0,21.89,192.39,03/09/2025 16:14:06,13.0357503,80.1540946,1540946,2025-09-04T23:22:31.637920
TN 87 8022,864547030175348,30.0,21.93,191.86,03/09/2025 16:14:01,13.0359494,80.1537036,1537036,2025-09-04T23:22:31.638048
TN 87 8022,864547030175348,24.0,21.96,191.9,03/09/2025 16:13:56,13.0361008,80.1533794,1533794,2025-09-04T23:22:31.638194
TN 87 8022,864547030175348,24.0,22.0,191.91,03/09/2025 16:13:51,13.0362164,80.1531314,1531314,2025-09-04T23:22:31.638342
TN 87 8022,864547030175348,26.0,22.03,192.13,03/09/2025 16:13:46,13.0363166,80.1528167,1528167,2025-09-04T23:22:31.638476
TN 87 8022,864547030175348,29.0,22.08,192.19,03/09/2025 16:13:42,13.0363333,80.1525211,1525211,2025-09-04T23:22:31.638612
TN 87 8022,864547030175348,26.0,22.11,192.26,03/09/2025 16:13:36,13.03635,80.1520442,1520442,2025-09-04T23:22:31.638739
TN 87 8022,864547030175348,18.0,22.13,192.45,03/09/2025 16:13:31,13.0363667,80.1517868,1517868,2025-09-04T23:22:31.638915
TN 87 8022,864547030175348,8.0,22.13,192.46,03/09/2025 16:13:27,13.0363667,80.1516532,1516532,2025-09-04T23:22:31.639070
TN 87 8022,864547030175348,8.0,22.15,192.51,03/09/2025 16:13:22,13.0363667,80.1515674,1515674,2025-09-04T23:22:31.639231
TN 87 8022,864547030175348,11.0,22.18,192.6,03/09/2025 16:13:17,13.0363667,80.1514339,1514339,2025-09-04T23:22:31.639401
TN 87 8022,864547030175348,26.0,22.22,192.61,03/09/2025 16:13:12,13.0363667,80.1511859,1511859,2025-09-04T23:22:31.639516
TN 87 8022,864547030175348,26.0,22.25,192.63,03/09/2025 16:13:07,13.0363667,80.150814,1508140,2025-09-04T23:22:31.639621
TN 87 8022,864547030175348,26.0,22.28,192.77,03/09/2025 16:13:02,13.03635,80.1504707,1504707,2025-09-04T23:22:31.639742
TN 87 8022,864547030175348,23.0,22.31,192.78,03/09/2025 16:12:57,13.0363166,80.1501846,1501846,2025-09-04T23:22:31.639871
TN 87 8022,864547030175348,22.0,22.35,192.83,03/09/2025 16:12:53,13.0363166,80.1499366,1499366,2025-09-04T23:22:31.639982
TN 87 8022,864547030175348,16.0,22.37,192.97,03/09/2025 16:12:48,13.0363333,80.1496219,1496219,2025-09-04T23:22:31.640127
TN 87 8022,864547030175348,16.0,22.39,192.99,03/09/2025 16:12:43,13.0363333,80.1493835,1493835,2025-09-04T23:22:31.640248
TN 87 8022,864547030175348,12.0,22.41,193.0,03/09/2025 16:12:38,13.03635,80.1492023,1492023,2025-09-04T23:22:31.640403
TN 87 8022,864547030175348,15.0,22.43,193.08,03/09/2025 16:12:33,13.0362999,80.1490306,1490306,2025-09-04T23:22:31.640611
TN 87 8022,864547030175348,11.0,22.44,193.09,03/09/2025 16:12:28,13.0362665,80.1488685,1488685,2025-09-04T23:22:31.640771
TN 87 8022,864547030175348,10.0,22.47,193.1,03/09/2025 16:12:23,13.0362498,80.1487636,1487636,2025-09-04T23:22:31.640925
TN 87 8022,864547030175348,26.0,22.5,193.12,03/09/2025 16:12:18,13.0362498,80.1484966,1484966,2025-09-04T23:22:31.641069
TN 87 8022,864547030175348,25.0,22.54,193.13,03/09/2025 16:12:14,13.0362331,80.1482295,1482295,2025-09-04T23:22:31.641227
TN 87 8022,864547030175348,27.0,22.57,193.13,03/09/2025 16:12:08,13.0362331,80.1478004,1478004,2025-09-04T23:22:31.641402
TN 87 8022,864547030175348,26.0,22.61,193.14,03/09/2025 16:12:04,13.0362331,80.1475334,1475334,2025-09-04T23:22:31.641551
TN 87 8022,864547030175348,26.0,22.64,193.09,03/09/2025 16:11:59,13.0362331,80.1472187,1472187,2025-09-04T23:22:31.641685
TN 87 8022,864547030175348,26.0,22.68,193.07,03/09/2025 16:11:54,13.0362498,80.1468849,1468849,2025-09-04T23:22:31.641809
TN 87 8022,864547030175348,26.0,22.73,193.03,03/09/2025 16:11:49,13.0362665,80.146532,1465320,2025-09-04T23:22:31.641932
TN 87 8022,864547030175348,33.0,22.78,192.9,03/09/2025 16:11:44,13.0362832,80.1461219,1461219,2025-09-04T23:22:31.642061
TN 87 8022,864547030175348,36.0,22.84,192.84,03/09/2025 16:11:39,13.0363667,80.145626,1456260,2025-09-04T23:22:31.642172
TN 87 8022,864547030175348,39.0,22.88,192.76,03/09/2025 16:11:34,13.0364501,80.1451206,1451206,2025-09-04T23:22:31.642303
TN 87 8022,864547030175348,35.0,22.95,191.82,03/09/2025 16:11:30,13.0365335,80.144701,1447010,2025-09-04T23:22:31.642414
TN 87 8022,864547030175348,36.0,22.99,191.39,03/09/2025 16:11:24,13.0366158,80.1441001,1441001,2025-09-04T23:22:31.642531
TN 87 8022,864547030175348,35.0,23.07,189.7,03/09/2025 16:11:20,13.0366826,80.1436996,1436996,2025-09-04T23:22:31.642638
TN 87 8022,864547030175348,27.0,23.11,188.6,03/09/2025 16:11:15,13.0367159,80.1433372,1433372,2025-09-04T23:22:31.642779
TN 87 8022,864547030175348,17.0,23.13,188.56,03/09/2025 16:11:10,13.0367827,80.1429843,1429843,2025-09-04T23:22:31.642933
TN 87 8022,864547030175348,13.0,23.14,188.55,03/09/2025 16:11:05,13.0368161,80.1428031,1428031,2025-09-04T23:22:31.643036
TN 87 8022,864547030175348,8.0,23.16,188.5,03/09/2025 16:11:00,13.0368673,80.1426887,1426887,2025-09-04T23:22:31.643184
TN 87 8022,864547030175348,0.0,23.16,188.5,03/09/2025 16:10:55,13.0369162,80.1425647,1425647,2025-09-04T23:22:31.643504
TN 87 8022,864547030175348,0.0,23.16,188.49,03/09/2025 16:10:51,13.0369162,80.142517,1425170,2025-09-04T23:22:31.643670
TN 87 8022,864547030175348,6.0,23.17,188.42,03/09/2025 16:10:46,13.0369329,80.142498,1424980,2025-09-04T23:22:31.643797
TN 87 8022,864547030175348,0.0,23.17,188.41,03/09/2025 16:10:41,13.0369162,80.1423454,1423454,2025-09-04T23:22:31.643900
TN 87 8022,864547030175348,0.0,23.17,188.39,03/09/2025 16:10:36,13.0369162,80.1423072,1423072,2025-09-04T23:22:31.644042
TN 87 8022,864547030175348,0.0,23.17,187.96,03/09/2025 16:10:31,13.0369329,80.1422691,1422691,2025-09-04T23:22:31.644254
TN 87 8022,864547030175348,0.0,23.17,187.86,03/09/2025 16:10:26,13.0369329,80.1422691,1422691,2025-09-04T23:22:31.644473
TN 87 8022,864547030175348,0.0,23.17,187.63,03/09/2025 16:10:21,13.0369162,80.1422309,1422309,2025-09-04T23:22:31.644655
TN 87 8022,864547030175348,0.0,23.17,188.34,03/09/2025 16:10:17,13.0368995,80.1421928,1421928,2025-09-04T23:22:31.644797
TN 87 8022,864547030175348,0.0,23.17,188.38,03/09/2025 16:10:11,13.0368995,80.1421928,1421928,2025-09-04T23:22:31.644963
TN 87 8022,864547030175348,0.0,23.17,188.39,03/09/2025 16:10:07,13.0368995,80.1421928,1421928,2025-09-04T23:22:31.645123
TN 87 8022,864547030175348,0.0,23.17,188.38,03/09/2025 16:10:02,13.0368828,80.1421928,1421928,2025-09-04T23:22:31.645298
TN 87 8022,864547030175348,0.0,23.17,188.38,03/09/2025 16:09:57,13.0368828,80.1421833,1421833,2025-09-04T23:22:31.645431
TN 87 8022,864547030175348,8.0,23.2,188.37,03/09/2025 16:09:52,13.0368828,80.1420402,1420402,2025-09-04T23:22:31.645563
TN 87 8022,864547030175348,7.0,23.22,188.37,03/09/2025 16:09:47,13.0369997,80.1418018,1418018,2025-09-04T23:22:31.645723
TN 87 8022,864547030175348,0.0,23.22,188.32,03/09/2025 16:09:42,13.0370831,80.1416683,1416683,2025-09-04T23:22:31.645982
TN 87 8022,864547030175348,5.0,23.22,188.3,03/09/2025 16:09:38,13.0370831,80.1415824,1415824,2025-09-04T23:22:31.646181
TN 87 8022,864547030175348,0.0,23.22,188.3,03/09/2025 16:09:32,13.037033,80.1415348,1415348,2025-09-04T23:22:31.646385
TN 87 8022,864547030175348,0.0,23.22,187.71,03/09/2025 16:09:28,13.0370163,80.1414871,1414871,2025-09-04T23:22:31.646602
TN 87 8022,864547030175348,0.0,23.22,187.44,03/09/2025 16:09:23,13.0370163,80.1414871,1414871,2025-09-04T23:22:31.646791
TN 87 8022,864547030175348,0.0,23.22,187.25,03/09/2025 16:09:18,13.0369997,80.141468,1414680,2025-09-04T23:22:31.647016
TN 87 8022,864547030175348,0.0,23.22,187.14,03/09/2025 16:09:13,13.0369997,80.141468,1414680,2025-09-04T23:22:31.647241
TN 87 8022,864547030175348,0.0,23.22,187.08,03/09/2025 16:09:08,13.0369997,80.141468,1414680,2025-09-04T23:22:31.647582
TN 87 8022,864547030175348,0.0,23.22,187.1,03/09/2025 16:09:03,13.0369997,80.141468,1414680,2025-09-04T23:22:31.647784
TN 87 8022,864547030175348,0.0,23.22,187.09,03/09/2025 16:08:58,13.0369997,80.141468,1414680,2025-09-04T23:22:31.647936
TN 87 8022,864547030175348,0.0,23.22,187.09,03/09/2025 16:08:54,13.0370163,80.1414299,1414299,2025-09-04T23:22:31.648071
TN 87 8022,864547030175348,0.0,23.22,187.09,03/09/2025 16:08:49,13.037033,80.1414203,1414203,2025-09-04T23:22:31.648227
TN 87 8022,864547030175348,0.0,23.22,187.07,03/09/2025 16:08:43,13.037033,80.1413631,1413631,2025-09-04T23:22:31.648423
TN 87 8022,864547030175348,0.0,23.22,187.07,03/09/2025 16:08:39,13.037033,80.1413154,1413154,2025-09-04T23:22:31.648630
TN 87 8022,864547030175348,0.0,23.22,187.07,03/09/2025 16:08:34,13.0370497,80.1412391,1412391,2025-09-04T23:22:31.648867
TN 87 8022,864547030175348,0.0,23.22,187.05,03/09/2025 16:08:29,13.0370497,80.1411533,1411533,2025-09-04T23:22:31.649082
TN 87 8022,864547030175348,5.0,23.24,187.04,03/09/2025 16:08:25,13.0370497,80.1410675,1410675,2025-09-04T23:22:31.649259
TN 87 8022,864547030175348,0.0,23.24,187.03,03/09/2025 16:08:20,13.0370664,80.1408863,1408863,2025-09-04T23:22:31.649511
TN 87 8022,864547030175348,0.0,23.24,187.28,03/09/2025 16:08:15,13.0370664,80.1408863,1408863,2025-09-04T23:22:31.649685
TN 87 8022,864547030175348,0.0,23.24,187.45,03/09/2025 16:08:10,13.0370664,80.1408863,1408863,2025-09-04T23:22:31.649826
TN 87 8022,864547030175348,0.0,23.24,188.01,03/09/2025 16:08:05,13.0370664,80.1408863,1408863,2025-09-04T23:22:31.649970
TN 87 8022,864547030175348,0.0,23.24,191.8,03/09/2025 16:08:00,13.0370664,80.1408863,1408863,2025-09-04T23:22:31.650119
TN 87 8022,864547030175348,0.0,23.24,191.8,03/09/2025 16:07:55,13.0370664,80.1408863,1408863,2025-09-04T23:22:31.650274
TN 87 8022,864547030175348,0.0,23.24,193.96,03/09/2025 16:07:51,13.0370664,80.1408863,1408863,2025-09-04T23:22:31.650424
TN 87 8022,864547030175348,0.0,23.24,196.12,03/09/2025 16:07:46,13.0370664,80.1408863,1408863,2025-09-04T23:22:31.650529
TN 87 8022,864547030175348,0.0,23.24,196.12,03/09/2025 16:07:41,13.0370664,80.1408863,1408863,2025-09-04T23:22:31.650728
TN 87 8022,864547030175348,0.0,23.24,196.11,03/09/2025 16:07:35,13.0370497,80.1408672,1408672,2025-09-04T23:22:31.650888
TN 87 8022,864547030175348,11.0,23.26,196.1,03/09/2025 16:07:31,13.0370664,80.1408195,1408195,2025-09-04T23:22:31.651053
TN 87 8022,864547030175348,22.0,23.31,194.68,03/09/2025 16:07:26,13.0370831,80.1406002,1406002,2025-09-04T23:22:31.651234
TN 87 8022,864547030175348,41.0,23.37,194.34,03/09/2025 16:07:21,13.0371499,80.140171,1401710,2025-09-04T23:22:31.651396
TN 87 8022,864547030175348,41.0,23.42,192.74,03/09/2025 16:07:16,13.0372333,80.1396369,1396369,2025-09-04T23:22:31.651547
TN 87 8022,864547030175348,33.0,23.47,189.44,03/09/2025 16:07:11,13.0373167,80.1391506,1391506,2025-09-04T23:22:31.651719
TN 87 8022,864547030175348,25.0,23.49,189.41,03/09/2025 16:07:06,13.0373668,80.13875,1387500,2025-09-04T23:22:31.651888
TN 87 8022,864547030175348,15.0,23.52,189.38,03/09/2025 16:07:01,13.0374002,80.1384925,1384925,2025-09-04T23:22:31.652055
TN 87 8022,864547030175348,27.0,23.56,189.07,03/09/2025 16:06:56,13.0374336,80.1382827,1382827,2025-09-04T23:22:31.652203
TN 87 8022,864547030175348,32.0,23.61,189.01,03/09/2025 16:06:51,13.0374836,80.137844,1378440,2025-09-04T23:22:31.652382
TN 87 8022,864547030175348,32.0,23.67,188.9,03/09/2025 16:06:46,13.0375337,80.137434,1374340,2025-09-04T23:22:31.652573
TN 87 8022,864547030175348,37.0,23.71,186.69,03/09/2025 16:06:41,13.0375993,80.1368999,1368999,2025-09-04T23:22:31.652721
TN 87 8022,864547030175348,32.0,23.75,186.68,03/09/2025 16:06:37,13.0376839,80.136547,1365470,2025-09-04T23:22:31.652831
TN 87 8022,864547030175348,24.0,23.78,186.67,03/09/2025 16:06:32,13.0377995,80.1361656,1361656,2025-09-04T23:22:31.652953
TN 87 8022,864547030175348,16.0,23.8,186.68,03/09/2025 16:06:27,13.0378997,80.1358795,1358795,2025-09-04T23:22:31.653083
TN 87 8022,864547030175348,13.0,23.82,186.74,03/09/2025 16:06:22,13.0379831,80.1357173,1357173,2025-09-04T23:22:31.653192
TN 87 8022,864547030175348,0.0,23.82,186.76,03/09/2025 16:06:17,13.0380165,80.1355838,1355838,2025-09-04T23:22:31.653349
TN 87 8022,864547030175348,0.0,23.82,186.79,03/09/2025 16:06:12,13.0380165,80.1355838,1355838,2025-09-04T23:22:31.653516
TN 87 8022,864547030175348,0.0,23.82,186.85,03/09/2025 16:06:07,13.0380165,80.1355838,1355838,2025-09-04T23:22:31.653657
TN 87 8022,864547030175348,0.0,23.82,186.87,03/09/2025 16:06:02,13.0380165,80.1355648,1355648,2025-09-04T23:22:31.653801
TN 87 8022,864547030175348,9.0,23.84,186.88,03/09/2025 16:05:58,13.0380165,80.1355171,1355171,2025-09-04T23:22:31.653922
TN 87 8022,864547030175348,11.0,23.86,186.94,03/09/2025 16:05:53,13.0380666,80.1353645,1353645,2025-09-04T23:22:31.654044
TN 87 8022,864547030175348,15.0,23.88,186.97,03/09/2025 16:05:48,13.0381333,80.1351833,1351833,2025-09-04T23:22:31.654160
TN 87 8022,864547030175348,8.0,23.9,187.01,03/09/2025 16:05:43,13.0382502,80.1349449,1349449,2025-09-04T23:22:31.654294
TN 87 8022,864547030175348,0.0,23.9,187.17,03/09/2025 16:05:38,13.0382835,80.1348495,1348495,2025-09-04T23:22:31.654478
TN 87 8022,864547030175348,0.0,23.9,187.25,03/09/2025 16:05:33,13.0383169,80.1348018,1348018,2025-09-04T23:22:31.654639
TN 87 8022,864547030175348,0.0,23.9,187.49,03/09/2025 16:05:28,13.0383169,80.1347827,1347827,2025-09-04T23:22:31.654785
TN 87 8022,864547030175348,0.0,23.9,191.22,03/09/2025 16:05:24,13.0383324,80.1347637,1347637,2025-09-04T23:22:31.654937
TN 87 8022,864547030175348,0.0,23.9,191.75,03/09/2025 16:05:18,13.0383658,80.1347351,1347351,2025-09-04T23:22:31.655085
TN 87 8022,864547030175348,0.0,23.9,191.91,03/09/2025 16:05:14,13.0383992,80.1346492,1346492,2025-09-04T23:22:31.655255
TN 87 8022,864547030175348,0.0,23.9,194.26,03/09/2025 16:05:09,13.0384325,80.1345825,1345825,2025-09-04T23:22:31.655411
TN 87 8022,864547030175348,0.0,23.9,194.78,03/09/2025 16:05:04,13.0384171,80.1345539,1345539,2025-09-04T23:22:31.655557
TN 87 8022,864547030175348,0.0,23.9,195.2,03/09/2025 16:04:59,13.0384171,80.1345539,1345539,2025-09-04T23:22:31.655764
TN 87 8022,864547030175348,0.0,23.9,195.36,03/09/2025 16:04:54,13.0384171,80.1345539,1345539,2025-09-04T23:22:31.655924
TN 87 8022,864547030175348,0.0,23.9,195.38,03/09/2025 16:04:49,13.0384325,80.1345348,1345348,2025-09-04T23:22:31.656044
TN 87 8022,864547030175348,7.0,23.91,195.41,03/09/2025 16:04:45,13.0384659,80.1344871,1344871,2025-09-04T23:22:31.656189
TN 87 8022,864547030175348,9.0,23.92,195.41,03/09/2025 16:04:39,13.0384838,80.1343727,1343727,2025-09-04T23:22:31.656308
TN 87 8022,864547030175348,10.0,23.94,195.4,03/09/2025 16:04:35,13.0385327,80.1342868,1342868,2025-09-04T23:22:31.656411
TN 87 8022,864547030175348,12.0,23.96,195.39,03/09/2025 16:04:30,13.0385994,80.1341438,1341438,2025-09-04T23:22:31.656510
TN 87 8022,864547030175348,21.0,24.0,193.91,03/09/2025 16:04:25,13.0386829,80.133934,1339340,2025-09-04T23:22:31.656655
TN 87 8022,864547030175348,30.0,24.05,193.54,03/09/2025 16:04:20,13.0388164,80.1336002,1336002,2025-09-04T23:22:31.656775
TN 87 8022,864547030175348,32.0,24.09,192.01,03/09/2025 16:04:15,13.0389833,80.1331615,1331615,2025-09-04T23:22:31.656921
TN 87 8022,864547030175348,24.0,24.12,191.27,03/09/2025 16:04:10,13.0391001,80.1328182,1328182,2025-09-04T23:22:31.657064
TN 87 8022,864547030175348,19.0,24.15,191.27,03/09/2025 16:04:05,13.0392003,80.1325511,1325511,2025-09-04T23:22:31.657190
TN 87 8022,864547030175348,25.0,24.18,191.27,03/09/2025 16:04:00,13.0393004,80.1323032,1323032,2025-09-04T23:22:31.657321
TN 87 8022,864547030175348,24.0,24.22,191.28,03/09/2025 16:03:55,13.039416,80.1320362,1320362,2025-09-04T23:22:31.657468
TN 87 8022,864547030175348,32.0,24.26,191.29,03/09/2025 16:03:50,13.0395495,80.1316642,1316642,2025-09-04T23:22:31.657595
TN 87 8022,864547030175348,31.0,24.31,191.31,03/09/2025 16:03:46,13.0396831,80.1313209,1313209,2025-09-04T23:22:31.657737
TN 87 8022,864547030175348,27.0,24.34,191.34,03/09/2025 16:03:41,13.0398166,80.1309394,1309394,2025-09-04T23:22:31.657860
TN 87 8022,864547030175348,18.0,24.37,191.56,03/09/2025 16:03:36,13.0399167,80.1306533,1306533,2025-09-04T23:22:31.657969
TN 87 8022,864547030175348,11.0,24.38,191.6,03/09/2025 16:03:31,13.0400002,80.1304435,1304435,2025-09-04T23:22:31.658073
TN 87 8022,864547030175348,0.0,24.38,191.63,03/09/2025 16:03:26,13.0400335,80.1303482,1303482,2025-09-04T23:22:31.658201
TN 87 8022,864547030175348,9.0,24.39,191.75,03/09/2025 16:03:21,13.0400669,80.1302814,1302814,2025-09-04T23:22:31.658349
TN 87 8022,864547030175348,8.0,24.4,191.78,03/09/2025 16:03:16,13.0400669,80.1301765,1301765,2025-09-04T23:22:31.658502
TN 87 8022,864547030175348,8.0,24.41,191.81,03/09/2025 16:03:12,13.0400824,80.1300621,1300621,2025-09-04T23:22:31.658655
TN 87 8022,864547030175348,0.0,24.41,192.06,03/09/2025 16:03:06,13.0401337,80.1299858,1299858,2025-09-04T23:22:31.659217
TN 87 8022,864547030175348,11.0,24.44,192.11,03/09/2025 16:03:02,13.0401825,80.1298809,1298809,2025-09-04T23:22:31.659442
TN 87 8022,864547030175348,26.0,24.47,192.16,03/09/2025 16:02:57,13.0402827,80.129671,1296710,2025-09-04T23:22:31.659669
TN 87 8022,864547030175348,18.0,24.5,192.48,03/09/2025 16:02:52,13.0403995,80.1293659,1293659,2025-09-04T23:22:31.659894
TN 87 8022,864547030175348,18.0,24.53,192.52,03/09/2025 16:02:47,13.0404996,80.1291179,1291179,2025-09-04T23:22:31.660089
TN 87 8022,864547030175348,10.0,24.54,192.61,03/09/2025 16:02:42,13.0405664,80.1288795,1288795,2025-09-04T23:22:31.660335
TN 87 8022,864547030175348,9.0,24.54,192.89,03/09/2025 16:02:37,13.0406165,80.1287555,1287555,2025-09-04T23:22:31.660546
TN 87 8022,864547030175348,0.0,24.54,192.92,03/09/2025 16:02:32,13.0406498,80.1286888,1286888,2025-09-04T23:22:31.660761
TN 87 8022,864547030175348,0.0,24.54,193.02,03/09/2025 16:02:28,13.0406498,80.1286506,1286506,2025-09-04T23:22:31.660989
TN 87 8022,864547030175348,0.0,24.54,194.01,03/09/2025 16:02:23,13.0406665,80.1286029,1286029,2025-09-04T23:22:31.661201
TN 87 8022,864547030175348,12.0,24.56,194.21,03/09/2025 16:02:18,13.0407166,80.1284885,1284885,2025-09-04T23:22:31.661454
TN 87 8022,864547030175348,15.0,24.59,194.22,03/09/2025 16:02:13,13.0407834,80.1283168,1283168,2025-09-04T23:22:31.661672
TN 87 8022,864547030175348,26.0,24.63,194.25,03/09/2025 16:02:08,13.0408668,80.1280689,1280689,2025-09-04T23:22:31.661878
TN 87 8022,864547030175348,28.0,24.66,194.26,03/09/2025 16:02:03,13.0410003,80.1277446,1277446,2025-09-04T23:22:31.662053
TN 87 8022,864547030175348,28.0,24.7,194.26,03/09/2025 16:01:59,13.0410993,80.1274681,1274681,2025-09-04T23:22:31.662215
TN 87 8022,864547030175348,28.0,24.75,194.09,03/09/2025 16:01:54,13.0412507,80.1270961,1270961,2025-09-04T23:22:31.662365
TN 87 8022,864547030175348,34.0,24.8,194.06,03/09/2025 16:01:49,13.0414175,80.1267147,1267147,2025-09-04T23:22:31.662573
TN 87 8022,864547030175348,33.0,24.85,194.0,03/09/2025 16:01:44,13.0415832,80.126295,1262950,2025-09-04T23:22:31.662744
TN 87 8022,864547030175348,29.0,24.89,193.88,03/09/2025 16:01:38,13.0417835,80.1258468,1258468,2025-09-04T23:22:31.662927
TN 87 8022,864547030175348,27.0,24.92,194.04,03/09/2025 16:01:34,13.0418992,80.1255607,1255607,2025-09-04T23:22:31.663097
TN 87 8022,864547030175348,25.0,24.96,194.05,03/09/2025 16:01:29,13.042066,80.1252651,1252651,2025-09-04T23:22:31.663280
TN 87 8022,864547030175348,25.0,24.99,194.07,03/09/2025 16:01:24,13.0421996,80.1249504,1249504,2025-09-04T23:22:31.663476
TN 87 8022,864547030175348,21.0,25.03,194.09,03/09/2025 16:01:19,13.042283,80.1246833,1246833,2025-09-04T23:22:31.663610
TN 87 8022,864547030175348,31.0,25.07,194.09,03/09/2025 16:01:14,13.0424332,80.1243972,1243972,2025-09-04T23:22:31.663722
TN 87 8022,864547030175348,25.0,25.09,194.09,03/09/2025 16:01:09,13.0425667,80.1240444,1240444,2025-09-04T23:22:31.663845
TN 87 8022,864547030175348,17.0,25.11,194.06,03/09/2025 16:01:05,13.0426502,80.1238632,1238632,2025-09-04T23:22:31.663995
TN 87 8022,864547030175348,19.0,25.14,194.05,03/09/2025 16:01:00,13.0427336,80.1236629,1236629,2025-09-04T23:22:31.664118
TN 87 8022,864547030175348,24.0,25.19,194.02,03/09/2025 16:00:55,13.0428493,80.1233863,1233863,2025-09-04T23:22:31.664240
TN 87 8022,864547030175348,32.0,25.23,192.47,03/09/2025 16:00:50,13.0430006,80.1230335,1230335,2025-09-04T23:22:31.664421
TN 87 8022,864547030175348,30.0,25.27,192.01,03/09/2025 16:00:45,13.0431675,80.1226234,1226234,2025-09-04T23:22:31.664586
TN 87 8022,864547030175348,26.0,25.31,192.01,03/09/2025 16:00:40,13.0432999,80.1222705,1222705,2025-09-04T23:22:31.664733
TN 87 8022,864547030175348,28.0,25.35,191.88,03/09/2025 16:00:35,13.0434334,80.1219367,1219367,2025-09-04T23:22:31.664876
TN 87 8022,864547030175348,26.0,25.39,191.87,03/09/2025 16:00:31,13.0435335,80.1216697,1216697,2025-09-04T23:22:31.665050
TN 87 8022,864547030175348,29.0,25.43,191.84,03/09/2025 16:00:25,13.0436825,80.1212501,1212501,2025-09-04T23:22:31.665203
TN 87 8022,864547030175348,30.0,25.48,190.76,03/09/2025 16:00:21,13.043816,80.1209068,1209068,2025-09-04T23:22:31.665375
TN 87 8022,864547030175348,25.0,25.52,190.73,03/09/2025 16:00:16,13.0439662,80.1205348,1205348,2025-09-04T23:22:31.665567
TN 87 8022,864547030175348,24.0,25.55,190.74,03/09/2025 16:00:11,13.0441164,80.1202011,1202011,2025-09-04T23:22:31.665765
TN 87 8022,864547030175348,17.0,25.57,190.85,03/09/2025 16:00:06,13.0442667,80.119915,1199150,2025-09-04T23:22:31.665952
TN 87 8022,864547030175348,11.0,25.6,190.86,03/09/2025 16:00:02,13.0443167,80.1197528,1197528,2025-09-04T23:22:31.666133
TN 87 8022,864547030175348,20.0,25.62,190.87,03/09/2025 15:59:56,13.0444169,80.1195335,1195335,2025-09-04T23:22:31.666293
TN 87 8022,864547030175348,27.0,25.67,190.9,03/09/2025 15:59:52,13.044517,80.1193141,1193141,2025-09-04T23:22:31.666502
TN 87 8022,864547030175348,28.0,25.7,190.91,03/09/2025 15:59:46,13.044666,80.1188945,1188945,2025-09-04T23:22:31.666681
TN 87 8022,864547030175348,23.0,25.73,190.92,03/09/2025 15:59:42,13.0447661,80.118618,1186180,2025-09-04T23:22:31.666825
TN 87 8022,864547030175348,14.0,25.75,191.05,03/09/2025 15:59:37,13.0448508,80.1183509,1183509,2025-09-04T23:22:31.666943
TN 87 8022,864547030175348,10.0,25.76,191.06,03/09/2025 15:59:32,13.0448997,80.1181983,1181983,2025-09-04T23:22:31.667049
TN 87 8022,864547030175348,10.0,25.78,191.1,03/09/2025 15:59:27,13.0449497,80.1180839,1180839,2025-09-04T23:22:31.667178
TN 87 8022,864547030175348,0.0,25.78,191.14,03/09/2025 15:59:22,13.0449998,80.1179695,1179695,2025-09-04T23:22:31.667316
TN 87 8022,864547030175348,0.0,25.78,191.35,03/09/2025 15:59:17,13.0450499,80.1178932,1178932,2025-09-04T23:22:31.667426
TN 87 8022,864547030175348,0.0,25.78,191.4,03/09/2025 15:59:12,13.0450999,80.1178359,1178359,2025-09-04T23:22:31.667546
TN 87 8022,864547030175348,0.0,25.78,191.47,03/09/2025 15:59:07,13.0451333,80.1177501,1177501,2025-09-04T23:22:31.667678
TN 87 8022,864547030175348,7.0,25.79,191.62,03/09/2025 15:59:02,13.04515,80.1176643,1176643,2025-09-04T23:22:31.667813
TN 87 8022,864547030175348,9.0,25.8,191.67,03/09/2025 15:58:57,13.0451834,80.1175498,1175498,2025-09-04T23:22:31.667917
TN 87 8022,864547030175348,0.0,25.8,191.75,03/09/2025 15:58:53,13.0452001,80.1174449,1174449,2025-09-04T23:22:31.668039
TN 87 8022,864547030175348,0.0,25.8,191.91,03/09/2025 15:58:48,13.0452001,80.1174163,1174163,2025-09-04T23:22:31.668164
TN 87 8022,864547030175348,0.0,25.8,191.98,03/09/2025 15:58:43,13.0452001,80.1173591,1173591,2025-09-04T23:22:31.668302
TN 87 8022,864547030175348,0.0,25.8,192.05,03/09/2025 15:58:38,13.0452167,80.117321,1173210,2025-09-04T23:22:31.668426
TN 87 8022,864547030175348,0.0,25.8,192.23,03/09/2025 15:58:33,13.0452167,80.1172351,1172351,2025-09-04T23:22:31.668553
TN 87 8022,864547030175348,0.0,25.8,192.3,03/09/2025 15:58:28,13.0452334,80.1172065,1172065,2025-09-04T23:22:31.668677
TN 87 8022,864547030175348,0.0,25.8,192.34,03/09/2025 15:58:24,13.0452334,80.1171779,1171779,2025-09-04T23:22:31.668806
TN 87 8022,864547030175348,0.0,25.8,192.43,03/09/2025 15:58:18,13.0452334,80.1171779,1171779,2025-09-04T23:22:31.668921
TN 87 8022,864547030175348,0.0,25.8,192.45,03/09/2025 15:58:14,13.0452334,80.1171779,1171779,2025-09-04T23:22:31.669048
TN 87 8022,864547030175348,0.0,25.8,192.46,03/09/2025 15:58:09,13.0452334,80.1171779,1171779,2025-09-04T23:22:31.669152
TN 87 8022,864547030175348,0.0,25.8,192.73,03/09/2025 15:58:04,13.0452835,80.1171684,1171684,2025-09-04T23:22:31.669266
TN 87 8022,864547030175348,0.0,25.8,192.78,03/09/2025 15:57:59,13.0452835,80.1171684,1171684,2025-09-04T23:22:31.669396
TN 87 8022,864547030175348,7.0,25.81,192.95,03/09/2025 15:57:54,13.0453503,80.1171493,1171493,2025-09-04T23:22:31.669511
TN 87 8022,864547030175348,6.0,25.81,192.61,03/09/2025 15:57:49,13.045417,80.1172351,1172351,2025-09-04T23:22:31.669640
TN 87 8022,864547030175348,6.0,25.83,192.54,03/09/2025 15:57:44,13.0454838,80.1172637,1172637,2025-09-04T23:22:31.669755
TN 87 8022,864547030175348,10.0,25.83,192.2,03/09/2025 15:57:40,13.0455172,80.1174449,1174449,2025-09-04T23:22:31.669881
TN 87 8022,864547030175348,0.0,25.83,192.76,03/09/2025 15:57:35,13.0455505,80.1175117,1175117,2025-09-04T23:22:31.669982
TN 87 8022,864547030175348,0.0,25.83,193.14,03/09/2025 15:57:30,13.0455505,80.1175117,1175117,2025-09-04T23:22:31.670106
TN 87 8022,864547030175348,0.0,25.83,193.21,03/09/2025 15:57:25,13.0455505,80.1175117,1175117,2025-09-04T23:22:31.670226
TN 87 8022,864547030175348,7.0,25.83,193.31,03/09/2025 15:57:20,13.045566,80.1175498,1175498,2025-09-04T23:22:31.670414
TN 87 8022,864547030175348,0.0,25.83,193.33,03/09/2025 15:57:15,13.0455839,80.1176166,1176166,2025-09-04T23:22:31.670580
TN 87 8022,864547030175348,25.0,25.87,193.34,03/09/2025 15:57:10,13.0456495,80.1177501,1177501,2025-09-04T23:22:31.670772
TN 87 8022,864547030175348,44.0,25.95,193.36,03/09/2025 15:57:06,13.0457997,80.1180839,1180839,2025-09-04T23:22:31.670939
TN 87 8022,864547030175348,43.0,26.01,193.36,03/09/2025 15:57:00,13.0461001,80.1186943,1186943,2025-09-04T23:22:31.671133
TN 87 8022,864547030175348,42.0,26.06,193.35,03/09/2025 15:56:55,13.0464005,80.1191616,1191616,2025-09-04T23:22:31.671299
TN 87 8022,864547030175348,37.0,26.11,193.35,03/09/2025 15:56:50,13.0467498,80.1195335,1195335,2025-09-04T23:22:31.671462
TN 87 8022,864547030175348,36.0,26.16,193.34,03/09/2025 15:56:46,13.0470502,80.1197528,1197528,2025-09-04T23:22:31.671594
TN 87 8022,864547030175348,40.0,26.21,193.34,03/09/2025 15:56:41,13.0474495,80.1200294,1200294,2025-09-04T23:22:31.671707
TN 87 8022,864547030175348,35.0,26.26,193.34,03/09/2025 15:56:36,13.0478668,80.1202964,1202964,2025-09-04T23:22:31.671806
TN 87 8022,864547030175348,29.0,26.3,193.33,03/09/2025 15:56:31,13.0481994,80.1205348,1205348,2025-09-04T23:22:31.671940
TN 87 8022,864547030175348,27.0,26.35,193.33,03/09/2025 15:56:26,13.0484998,80.1207542,1207542,2025-09-04T23:22:31.672060
TN 87 8022,864547030175348,41.0,26.41,193.32,03/09/2025 15:56:21,13.0488836,80.120964,1209640,2025-09-04T23:22:31.672577
TN 87 8022,864547030175348,46.0,26.48,194.47,03/09/2025 15:56:16,13.0493998,80.1212501,1212501,2025-09-04T23:22:31.672794
TN 87 8022,864547030175348,43.0,26.54,195.31,03/09/2025 15:56:11,13.0498826,80.1215648,1215648,2025-09-04T23:22:31.672966
TN 87 8022,864547030175348,44.0,26.59,195.61,03/09/2025 15:56:06,13.0503499,80.1218605,1218605,2025-09-04T23:22:31.673165
TN 87 8022,864547030175348,43.0,26.65,191.32,03/09/2025 15:56:02,13.0507338,80.1221179,1221179,2025-09-04T23:22:31.673375
TN 87 8022,864547030175348,37.0,26.7,190.29,03/09/2025 15:55:57,13.0511665,80.1224327,1224327,2025-09-04T23:22:31.673579
TN 87 8022,864547030175348,31.0,26.74,189.5,03/09/2025 15:55:52,13.0515336,80.1226997,1226997,2025-09-04T23:22:31.673787
TN 87 8022,864547030175348,23.0,26.76,189.15,03/09/2025 15:55:47,13.0518329,80.1228904,1228904,2025-09-04T23:22:31.673985
TN 87 8022,864547030175348,15.0,26.78,189.13,03/09/2025 15:55:43,13.0519998,80.1230335,1230335,2025-09-04T23:22:31.674196
TN 87 8022,864547030175348,12.0,26.81,189.04,03/09/2025 15:55:37,13.05215,80.1231861,1231861,2025-09-04T23:22:31.674429
TN 87 8022,864547030175348,26.0,26.85,188.06,03/09/2025 15:55:32,13.0523657,80.1233482,1233482,2025-09-04T23:22:31.674627
TN 87 8022,864547030175348,35.0,26.9,187.86,03/09/2025 15:55:28,13.0526506,80.1235008,1235008,2025-09-04T23:22:31.674819
TN 87 8022,864547030175348,28.0,26.93,187.53,03/09/2025 15:55:23,13.05305,80.1236534,1236534,2025-09-04T23:22:31.674963
TN 87 8022,864547030175348,19.0,26.95,187.65,03/09/2025 15:55:18,13.0533504,80.1237678,1237678,2025-09-04T23:22:31.675122
TN 87 8022,864547030175348,8.0,26.97,187.67,03/09/2025 15:55:13,13.053534,80.1238441,1238441,2025-09-04T23:22:31.675284
TN 87 8022,864547030175348,0.0,26.97,187.69,03/09/2025 15:55:08,13.0536341,80.1238346,1238346,2025-09-04T23:22:31.675473
TN 87 8022,864547030175348,7.0,26.98,187.83,03/09/2025 15:55:03,13.0537331,80.1238632,1238632,2025-09-04T23:22:31.675672
TN 87 8022,864547030175348,9.0,26.98,187.85,03/09/2025 15:54:58,13.0538332,80.1239013,1239013,2025-09-04T23:22:31.675872
TN 87 8022,864547030175348,0.0,26.98,187.91,03/09/2025 15:54:53,13.0538833,80.1239013,1239013,2025-09-04T23:22:31.676052
TN 87 8022,864547030175348,0.0,26.98,187.95,03/09/2025 15:54:49,13.0538833,80.1239013,1239013,2025-09-04T23:22:31.676217
TN 87 8022,864547030175348,0.0,26.98,188.05,03/09/2025 15:54:44,13.0539667,80.1239204,1239204,2025-09-04T23:22:31.676401
TN 87 8022,864547030175348,8.0,27.01,188.08,03/09/2025 15:54:39,13.0540168,80.1239204,1239204,2025-09-04T23:22:31.676557
TN 87 8022,864547030175348,20.0,27.04,188.11,03/09/2025 15:54:34,13.0542671,80.1239204,1239204,2025-09-04T23:22:31.676709
TN 87 8022,864547030175348,16.0,27.06,188.34,03/09/2025 15:54:29,13.0545496,80.1239204,1239204,2025-09-04T23:22:31.676869
TN 87 8022,864547030175348,12.0,27.08,188.42,03/09/2025 15:54:24,13.0547165,80.1238441,1238441,2025-09-04T23:22:31.677008
TN 87 8022,864547030175348,17.0,27.1,188.5,03/09/2025 15:54:19,13.0547332,80.1236629,1236629,2025-09-04T23:22:31.677143
TN 87 8022,864547030175348,18.0,27.12,188.6,03/09/2025 15:54:14,13.0546832,80.123434,1234340,2025-09-04T23:22:31.677312
TN 87 8022,864547030175348,15.0,27.15,188.62,03/09/2025 15:54:10,13.0546498,80.1232814,1232814,2025-09-04T23:22:31.677474
TN 87 8022,864547030175348,28.0,27.19,188.65,03/09/2025 15:54:05,13.0546164,80.1230144,1230144,2025-09-04T23:22:31.677609
TN 87 8022,864547030175348,36.0,27.24,193.31,03/09/2025 15:54:00,13.0545997,80.1226234,1226234,2025-09-04T23:22:31.677740
TN 87 8022,864547030175348,35.0,27.29,195.54,03/09/2025 15:53:55,13.0546665,80.1221466,1221466,2025-09-04T23:22:31.677863
TN 87 8022,864547030175348,37.0,27.35,195.79,03/09/2025 15:53:50,13.0547833,80.1216983,1216983,2025-09-04T23:22:31.677988
TN 87 8022,864547030175348,42.0,27.41,194.89,03/09/2025 15:53:45,13.0549335,80.121231,1212310,2025-09-04T23:22:31.678139
TN 87 8022,864547030175348,52.0,27.48,194.37,03/09/2025 15:53:40,13.0551326,80.1206493,1206493,2025-09-04T23:22:31.678270
TN 87 8022,864547030175348,47.0,27.55,194.09,03/09/2025 15:53:35,13.0553507,80.1200199,1200199,2025-09-04T23:22:31.678387
TN 87 8022,864547030175348,40.0,27.6,194.29,03/09/2025 15:53:30,13.0555498,80.1194858,1194858,2025-09-04T23:22:31.678516
TN 87 8022,864547030175348,34.0,27.64,194.32,03/09/2025 15:53:25,13.0557,80.1190185,1190185,2025-09-04T23:22:31.678649
TN 87 8022,864547030175348,35.0,27.69,194.39,03/09/2025 15:53:21,13.0558168,80.1186943,1186943,2025-09-04T23:22:31.678813
TN 87 8022,864547030175348,30.0,27.72,194.6,03/09/2025 15:53:16,13.0559325,80.1182651,1182651,2025-09-04T23:22:31.678928
TN 87 8022,864547030175348,25.0,27.76,194.61,03/09/2025 15:53:11,13.0560171,80.1179504,1179504,2025-09-04T23:22:31.679056
TN 87 8022,864547030175348,42.0,27.84,194.64,03/09/2025 15:53:06,13.0561506,80.1175689,1175689,2025-09-04T23:22:31.679196
TN 87 8022,864547030175348,58.0,27.92,194.69,03/09/2025 15:53:01,13.0563497,80.116949,1169490,2025-09-04T23:22:31.679361
TN 87 8022,864547030175348,63.0,28.01,194.7,03/09/2025 15:52:56,13.0565667,80.116167,1161670,2025-09-04T23:22:31.679509
TN 87 8022,864547030175348,60.0,28.09,194.71,03/09/2025 15:52:51,13.0567669,80.115385,1153850,2025-09-04T23:22:31.679649
TN 87 8022,864547030175348,51.0,28.14,194.78,03/09/2025 15:52:46,13.0569005,80.1146697,1146697,2025-09-04T23:22:31.679844
TN 87 8022,864547030175348,46.0,28.21,194.78,03/09/2025 15:52:42,13.0569338,80.1141643,1141643,2025-09-04T23:22:31.679993
TN 87 8022,864547030175348,51.0,28.28,194.79,03/09/2025 15:52:37,13.0569338,80.1135635,1135635,2025-09-04T23:22:31.680123
TN 87 8022,864547030175348,58.0,28.37,194.95,03/09/2025 15:52:32,13.0569005,80.1128864,1128864,2025-09-04T23:22:31.680264
TN 87 8022,864547030175348,60.0,28.45,194.96,03/09/2025 15:52:27,13.0568671,80.1121139,1121139,2025-09-04T23:22:31.680391
TN 87 8022,864547030175348,67.0,28.54,194.94,03/09/2025 15:52:22,13.0568337,80.1113319,1113319,2025-09-04T23:22:31.680538
TN 87 8022,864547030175348,67.0,28.63,194.9,03/09/2025 15:52:17,13.0568504,80.1104831,1104831,2025-09-04T23:22:31.680694
TN 87 8022,864547030175348,58.0,28.71,193.1,03/09/2025 15:52:12,13.0568826,80.109663,1096630,2025-09-04T23:22:31.680838
TN 87 8022,864547030175348,59.0,28.8,193.35,03/09/2025 15:52:07,13.0569005,80.1089,1089000,2025-09-04T23:22:31.681026
TN 87 8022,864547030175348,58.0,28.86,193.05,03/09/2025 15:52:02,13.0569827,80.1081275,1081275,2025-09-04T23:22:31.681165
TN 87 8022,864547030175348,56.0,28.94,196.6,03/09/2025 15:51:58,13.057034,80.1075553,1075553,2025-09-04T23:22:31.681348
TN 87 8022,864547030175348,56.0,29.02,197.05,03/09/2025 15:51:53,13.0571162,80.1068305,1068305,2025-09-04T23:22:31.681547
TN 87 8022,864547030175348,55.0,29.1,197.07,03/09/2025 15:51:48,13.057183,80.1061153,1061153,2025-09-04T23:22:31.681717
TN 87 8022,864547030175348,59.0,29.18,198.72,03/09/2025 15:51:43,13.0572497,80.105381,1053810,2025-09-04T23:22:31.681944
TN 87 8022,864547030175348,54.0,29.26,199.18,03/09/2025 15:51:38,13.0572831,80.1046562,1046562,2025-09-04T23:22:31.682145
TN 87 8022,864547030175348,57.0,29.33,199.2,03/09/2025 15:51:33,13.0573165,80.1039314,1039314,2025-09-04T23:22:31.682326
TN 87 8022,864547030175348,55.0,29.39,199.3,03/09/2025 15:51:28,13.0573499,80.1032066,1032066,2025-09-04T23:22:31.682502
TN 87 8022,864547030175348,50.0,29.46,199.31,03/09/2025 15:51:24,13.0573832,80.1026535,1026535,2025-09-04T23:22:31.682651
TN 87 8022,864547030175348,48.0,29.53,199.33,03/09/2025 15:51:19,13.0573832,80.102024,1020240,2025-09-04T23:22:31.682792
TN 87 8022,864547030175348,50.0,29.6,198.91,03/09/2025 15:51:14,13.0573666,80.1013851,1013851,2025-09-04T23:22:31.682938
TN 87 8022,864547030175348,54.0,29.68,198.81,03/09/2025 15:51:09,13.0572664,80.1007175,1007175,2025-09-04T23:22:31.683071
TN 87 8022,864547030175348,48.0,29.74,198.37,03/09/2025 15:51:04,13.0571341,80.100069,1000690,2025-09-04T23:22:31.683201
TN 87 8022,864547030175348,45.0,29.8,192.57,03/09/2025 15:50:59,13.0569672,80.0994777,0994777,2025-09-04T23:22:31.683370
TN 87 8022,864547030175348,36.0,29.85,192.54,03/09/2025 15:50:54,13.0568504,80.0989723,0989723,2025-09-04T23:22:31.683536
TN 87 8022,864547030175348,30.0,29.87,192.48,03/09/2025 15:50:49,13.0567836,80.0985527,0985527,2025-09-04T23:22:31.683668
TN 87 8022,864547030175348,22.0,29.91,192.34,03/09/2025 15:50:45,13.0567336,80.0982856,0982856,2025-09-04T23:22:31.683793
TN 87 8022,864547030175348,21.0,29.94,192.33,03/09/2025 15:50:40,13.0567002,80.0979804,0979804,2025-09-04T23:22:31.683927
TN 87 8022,864547030175348,16.0,29.96,192.31,03/09/2025 15:50:35,13.0566835,80.0977134,0977134,2025-09-04T23:22:31.684069
TN 87 8022,864547030175348,11.0,29.97,191.96,03/09/2025 15:50:30,13.0566668,80.0975227,0975227,2025-09-04T23:22:31.684198
TN 87 8022,864547030175348,7.0,29.98,191.9,03/09/2025 15:50:25,13.0566668,80.0973987,0973987,2025-09-04T23:22:31.684323
TN 87 8022,864547030175348,0.0,29.98,191.6,03/09/2025 15:50:20,13.0566668,80.0972843,0972843,2025-09-04T23:22:31.684474
TN 87 8022,864547030175348,0.0,29.98,190.06,03/09/2025 15:50:15,13.0566668,80.0972557,0972557,2025-09-04T23:22:31.684622
TN 87 8022,864547030175348,0.0,29.98,189.87,03/09/2025 15:50:10,13.0566501,80.0972557,0972557,2025-09-04T23:22:31.684764
TN 87 8022,864547030175348,5.0,29.98,188.97,03/09/2025 15:50:06,13.0566334,80.0971317,0971317,2025-09-04T23:22:31.684928
TN 87 8022,864547030175348,0.0,29.98,188.39,03/09/2025 15:50:00,13.0566167,80.0971031,0971031,2025-09-04T23:22:31.685065
TN 87 8022,864547030175348,0.0,29.98,189.47,03/09/2025 15:49:55,13.0566167,80.0971031,0971031,2025-09-04T23:22:31.685191
TN 87 8022,864547030175348,0.0,29.98,189.75,03/09/2025 15:49:51,13.0566167,80.0971031,0971031,2025-09-04T23:22:31.685342
TN 87 8022,864547030175348,0.0,29.98,189.81,03/09/2025 15:49:46,13.0566167,80.0971031,0971031,2025-09-04T23:22:31.685482
TN 87 8022,864547030175348,0.0,29.98,190.89,03/09/2025 15:49:41,13.0566167,80.0971031,0971031,2025-09-04T23:22:31.685610
TN 87 8022,864547030175348,0.0,29.98,191.07,03/09/2025 15:49:36,13.0566334,80.0971031,0971031,2025-09-04T23:22:31.685820
TN 87 8022,864547030175348,7.0,30.01,191.22,03/09/2025 15:49:32,13.0566334,80.0970649,0970649,2025-09-04T23:22:31.686038
TN 87 8022,864547030175348,28.0,30.05,195.31,03/09/2025 15:49:26,13.0566167,80.0967884,0967884,2025-09-04T23:22:31.686254
TN 87 8022,864547030175348,39.0,30.12,196.84,03/09/2025 15:49:22,13.0565834,80.0964355,0964355,2025-09-04T23:22:31.686444
TN 87 8022,864547030175348,41.0,30.17,197.13,03/09/2025 15:49:16,13.0565333,80.0957679,0957679,2025-09-04T23:22:31.686618
TN 87 8022,864547030175348,36.0,30.21,198.02,03/09/2025 15:49:11,13.0564832,80.0953006,0953006,2025-09-04T23:22:31.686829
TN 87 8022,864547030175348,33.0,30.26,198.04,03/09/2025 15:49:07,13.0564332,80.0949668,0949668,2025-09-04T23:22:31.687037
TN 87 8022,864547030175348,45.0,30.33,198.05,03/09/2025 15:49:02,13.0562663,80.0945377,0945377,2025-09-04T23:22:31.687222
TN 87 8022,864547030175348,54.0,30.41,198.17,03/09/2025 15:48:57,13.0560171,80.0939178,0939178,2025-09-04T23:22:31.687419
TN 87 8022,864547030175348,55.0,30.49,198.18,03/09/2025 15:48:52,13.0557167,80.0932693,0932693,2025-09-04T23:22:31.687623
TN 87 8022,864547030175348,53.0,30.56,198.21,03/09/2025 15:48:47,13.055433,80.0926113,0926113,2025-09-04T23:22:31.687803
TN 87 8022,864547030175348,55.0,30.7,200.63,03/09/2025 15:48:42,13.0551505,80.0919818,0919818,2025-09-04T23:22:31.687984
TN 87 8022,864547030175348,52.0,30.82,201.22,03/09/2025 15:48:37,13.0547833,80.091381,0913810,2025-09-04T23:22:31.688134
TN 87 8022,864547030175348,48.0,30.89,202.22,03/09/2025 15:48:33,13.0544328,80.0909996,0909996,2025-09-04T23:22:31.688273
TN 87 8022,864547030175348,46.0,30.95,201.53,03/09/2025 15:48:28,13.05395,80.0906181,0906181,2025-09-04T23:22:31.688408
TN 87 8022,864547030175348,47.0,31.02,201.26,03/09/2025 15:48:23,13.0534338,80.090332,0903320,2025-09-04T23:22:31.688533
TN 87 8022,864547030175348,43.0,31.08,200.16,03/09/2025 15:48:18,13.0528998,80.090084,0900840,2025-09-04T23:22:31.688657
TN 87 8022,864547030175348,35.0,31.11,197.67,03/09/2025 15:48:13,13.0524325,80.0898551,0898551,2025-09-04T23:22:31.688775
TN 87 8022,864547030175348,31.0,31.15,197.08,03/09/2025 15:48:09,13.0521333,80.0897121,0897121,2025-09-04T23:22:31.688914
TN 87 8022,864547030175348,20.0,31.18,197.12,03/09/2025 15:48:04,13.0518507,80.089569,0895690,2025-09-04T23:22:31.689077
TN 87 8022,864547030175348,11.0,31.19,197.22,03/09/2025 15:47:58,13.0516326,80.0894355,0894355,2025-09-04T23:22:31.689243
TN 87 8022,864547030175348,11.0,31.21,197.23,03/09/2025 15:47:54,13.0515336,80.0893974,0893974,2025-09-04T23:22:31.689405
TN 87 8022,864547030175348,9.0,31.22,197.25,03/09/2025 15:47:49,13.0514001,80.0893306,0893306,2025-09-04T23:22:31.689581
TN 87 8022,864547030175348,14.0,31.24,197.29,03/09/2025 15:47:44,13.0512833,80.089302,0893020,2025-09-04T23:22:31.689720
TN 87 8022,864547030175348,17.0,31.27,197.29,03/09/2025 15:47:39,13.0510997,80.0892066,0892066,2025-09-04T23:22:31.689858
TN 87 8022,864547030175348,24.0,31.32,197.29,03/09/2025 15:47:34,13.0508494,80.0890636,0890636,2025-09-04T23:22:31.689999
TN 87 8022,864547030175348,32.0,31.36,197.29,03/09/2025 15:47:29,13.0505168,80.0888824,0888824,2025-09-04T23:22:31.690137
TN 87 8022,864547030175348,29.0,31.41,197.2,03/09/2025 15:47:24,13.0501496,80.0886535,0886535,2025-09-04T23:22:31.690284
TN 87 8022,864547030175348,31.0,31.46,197.17,03/09/2025 15:47:19,13.0498337,80.0884342,0884342,2025-09-04T23:22:31.690436
TN 87 8022,864547030175348,42.0,31.51,197.16,03/09/2025 15:47:14,13.0494999,80.0881195,0881195,2025-09-04T23:22:31.690582
TN 87 8022,864547030175348,51.0,31.59,196.93,03/09/2025 15:47:10,13.049283,80.0876808,0876808,2025-09-04T23:22:31.690755
TN 87 8022,864547030175348,51.0,31.66,196.86,03/09/2025 15:47:04,13.0491328,80.0869178,0869178,2025-09-04T23:22:31.690938
TN 87 8022,864547030175348,57.0,31.73,196.8,03/09/2025 15:47:00,13.0490839,80.0863456,0863456,2025-09-04T23:22:31.691089
TN 87 8022,864547030175348,53.0,31.81,195.36,03/09/2025 15:46:55,13.0489993,80.0856304,0856304,2025-09-04T23:22:31.691232
TN 87 8022,864547030175348,47.0,31.87,194.49,03/09/2025 15:46:50,13.0488991,80.0849723,0849723,2025-09-04T23:22:31.691410
TN 87 8022,864547030175348,38.0,31.91,194.44,03/09/2025 15:46:45,13.0487501,80.0844383,0844383,2025-09-04T23:22:31.691599
TN 87 8022,864547030175348,31.0,31.95,194.36,03/09/2025 15:46:40,13.0485665,80.0840282,0840282,2025-09-04T23:22:31.691748
TN 87 8022,864547030175348,30.0,31.99,194.34,03/09/2025 15:46:36,13.048433,80.0837516,0837516,2025-09-04T23:22:31.691908
TN 87 8022,864547030175348,20.0,32.02,194.33,03/09/2025 15:46:30,13.048284,80.0833988,0833988,2025-09-04T23:22:31.692041
TN 87 8022,864547030175348,31.0,32.07,194.16,03/09/2025 15:46:26,13.0482172,80.0831127,0831127,2025-09-04T23:22:31.692171
TN 87 8022,864547030175348,35.0,32.12,194.14,03/09/2025 15:46:21,13.0480337,80.0826835,0826835,2025-09-04T23:22:31.692322
TN 87 8022,864547030175348,30.0,32.16,194.09,03/09/2025 15:46:16,13.0478668,80.082283,0822830,2025-09-04T23:22:31.692497
TN 87 8022,864547030175348,28.0,32.2,193.87,03/09/2025 15:46:11,13.0477333,80.0819206,0819206,2025-09-04T23:22:31.692668
TN 87 8022,864547030175348,22.0,32.23,193.86,03/09/2025 15:46:06,13.0476331,80.0815963,0815963,2025-09-04T23:22:31.692834
TN 87 8022,864547030175348,25.0,32.26,193.83,03/09/2025 15:46:01,13.0475497,80.0813388,0813388,2025-09-04T23:22:31.693020
TN 87 8022,864547030175348,20.0,32.29,193.68,03/09/2025 15:45:57,13.0474829,80.0810813,0810813,2025-09-04T23:22:31.693239
TN 87 8022,864547030175348,23.0,32.32,193.66,03/09/2025 15:45:51,13.0474007,80.0807476,0807476,2025-09-04T23:22:31.693427
TN 87 8022,864547030175348,21.0,32.35,193.63,03/09/2025 15:45:47,13.0473494,80.0805091,0805091,2025-09-04T23:22:31.693568
TN 87 8022,864547030175348,16.0,32.37,193.45,03/09/2025 15:45:42,13.0473005,80.0802707,0802707,2025-09-04T23:22:31.693722
TN 87 8022,864547030175348,12.0,32.38,193.44,03/09/2025 15:45:37,13.0472493,80.0800991,0800991,2025-09-04T23:22:31.693873
TN 87 8022,864547030175348,8.0,32.4,193.41,03/09/2025 15:45:32,13.0472338,80.0799465,0799465,2025-09-04T23:22:31.693996
TN 87 8022,864547030175348,11.0,32.42,192.54,03/09/2025 15:45:27,13.0472004,80.0797843,0797843,2025-09-04T23:22:31.694105
TN 87 8022,864547030175348,0.0,32.42,192.43,03/09/2025 15:45:23,13.047167,80.0796318,0796318,2025-09-04T23:22:31.694219
TN 87 8022,864547030175348,0.0,32.42,192.39,03/09/2025 15:45:17,13.047167,80.0796318,0796318,2025-09-04T23:22:31.694389
TN 87 8022,864547030175348,0.0,32.42,192.57,03/09/2025 15:45:12,13.047167,80.0796318,0796318,2025-09-04T23:22:31.694559
TN 87 8022,864547030175348,0.0,32.42,193.67,03/09/2025 15:45:08,13.047167,80.0796318,0796318,2025-09-04T23:22:31.694725
TN 87 8022,864547030175348,0.0,32.42,193.76,03/09/2025 15:45:03,13.047167,80.0796318,0796318,2025-09-04T23:22:31.694854
TN 87 8022,864547030175348,0.0,32.42,193.76,03/09/2025 15:44:58,13.047167,80.0796318,0796318,2025-09-04T23:22:31.694977
TN 87 8022,864547030175348,0.0,32.42,193.89,03/09/2025 15:44:53,13.047167,80.0796318,0796318,2025-09-04T23:22:31.695110
TN 87 8022,864547030175348,0.0,32.42,193.89,03/09/2025 15:44:48,13.047167,80.0796318,0796318,2025-09-04T23:22:31.695216
TN 87 8022,864547030175348,5.0,32.43,193.89,03/09/2025 15:44:43,13.0471491,80.0795841,0795841,2025-09-04T23:22:31.695338
TN 87 8022,864547030175348,11.0,32.45,193.86,03/09/2025 15:44:38,13.0471158,80.0794506,0794506,2025-09-04T23:22:31.695462
TN 87 8022,864547030175348,10.0,32.46,193.86,03/09/2025 15:44:33,13.0471003,80.0793266,0793266,2025-09-04T23:22:31.695632
TN 87 8022,864547030175348,11.0,32.47,193.85,03/09/2025 15:44:28,13.0470824,80.0791835,0791835,2025-09-04T23:22:31.695786
TN 87 8022,864547030175348,0.0,32.47,193.79,03/09/2025 15:44:24,13.0470824,80.0790882,0790882,2025-09-04T23:22:31.695919
TN 87 8022,864547030175348,11.0,32.49,193.78,03/09/2025 15:44:19,13.0470824,80.0789642,0789642,2025-09-04T23:22:31.696090
TN 87 8022,864547030175348,8.0,32.49,193.77,03/09/2025 15:44:14,13.0470824,80.0787925,0787925,2025-09-04T23:22:31.696257
TN 87 8022,864547030175348,0.0,32.49,193.67,03/09/2025 15:44:09,13.0470824,80.0787544,0787544,2025-09-04T23:22:31.696394
TN 87 8022,864547030175348,0.0,32.49,193.65,03/09/2025 15:44:04,13.0471003,80.0787162,0787162,2025-09-04T23:22:31.696521
TN 87 8022,864547030175348,8.0,32.52,193.6,03/09/2025 15:43:59,13.0470824,80.0786113,0786113,2025-09-04T23:22:31.696667
TN 87 8022,864547030175348,25.0,32.55,193.37,03/09/2025 15:43:54,13.0471003,80.0783824,0783824,2025-09-04T23:22:31.696803
TN 87 8022,864547030175348,21.0,32.58,193.34,03/09/2025 15:43:49,13.0470824,80.0780296,0780296,2025-09-04T23:22:31.696925
TN 87 8022,864547030175348,11.0,32.58,193.3,03/09/2025 15:43:45,13.0470824,80.0778198,0778198,2025-09-04T23:22:31.697052
TN 87 8022,864547030175348,0.0,32.58,193.15,03/09/2025 15:43:39,13.0470669,80.0777626,0777626,2025-09-04T23:22:31.697184
TN 87 8022,864547030175348,0.0,32.58,193.13,03/09/2025 15:43:35,13.0470669,80.0777626,0777626,2025-09-04T23:22:31.697298
TN 87 8022,864547030175348,14.0,32.62,193.11,03/09/2025 15:43:30,13.0470824,80.0776863,0776863,2025-09-04T23:22:31.697425
TN 87 8022,864547030175348,0.0,32.62,191.98,03/09/2025 15:43:20,13.0470669,80.0773048,0773048,2025-09-04T23:22:31.697543
TN 87 8022,864547030175348,0.0,32.62,191.91,03/09/2025 15:43:15,13.0470669,80.0772857,0772857,2025-09-04T23:22:31.697663
TN 87 8022,864547030175348,0.0,32.62,192.25,03/09/2025 15:43:10,13.0470669,80.0772857,0772857,2025-09-04T23:22:31.697778
TN 87 8022,864547030175348,0.0,32.62,192.3,03/09/2025 15:43:06,13.0470669,80.0772857,0772857,2025-09-04T23:22:31.697903
TN 87 8022,864547030175348,0.0,32.62,192.37,03/09/2025 15:43:01,13.0470669,80.0772857,0772857,2025-09-04T23:22:31.698026
TN 87 8022,864547030175348,0.0,32.62,192.48,03/09/2025 15:42:56,13.0470669,80.0772857,0772857,2025-09-04T23:22:31.698160
TN 87 8022,864547030175348,0.0,32.62,192.23,03/09/2025 15:42:51,13.0470669,80.0772857,0772857,2025-09-04T23:22:31.698266
TN 87 8022,864547030175348,0.0,32.62,192.14,03/09/2025 15:42:46,13.0470669,80.0772857,0772857,2025-09-04T23:22:31.698409
TN 87 8022,864547030175348,0.0,32.62,191.79,03/09/2025 15:42:41,13.0470669,80.0772857,0772857,2025-09-04T23:22:31.698535
TN 87 8022,864547030175348,0.0,32.62,190.35,03/09/2025 15:42:36,13.0470669,80.0772857,0772857,2025-09-04T23:22:31.698662
TN 87 8022,864547030175348,0.0,32.62,190.11,03/09/2025 15:42:31,13.0470669,80.0772857,0772857,2025-09-04T23:22:31.698785
TN 87 8022,864547030175348,0.0,32.62,190.1,03/09/2025 15:42:26,13.0470669,80.0772857,0772857,2025-09-04T23:22:31.699291
TN 87 8022,864547030175348,0.0,32.62,190.09,03/09/2025 15:42:22,13.0470669,80.0772476,0772476,2025-09-04T23:22:31.699488
TN 87 8022,864547030175348,0.0,32.62,190.09,03/09/2025 15:42:17,13.0470669,80.0771903,0771903,2025-09-04T23:22:31.699667
TN 87 8022,864547030175348,0.0,32.62,190.09,03/09/2025 15:42:12,13.0470669,80.0771903,0771903,2025-09-04T23:22:31.699845
TN 87 8022,864547030175348,0.0,32.62,190.07,03/09/2025 15:42:07,13.0470669,80.0771522,0771522,2025-09-04T23:22:31.700064
TN 87 8022,864547030175348,6.0,32.63,190.07,03/09/2025 15:42:02,13.0470502,80.0770759,0770759,2025-09-04T23:22:31.700292
TN 87 8022,864547030175348,12.0,32.65,190.07,03/09/2025 15:41:57,13.0470335,80.0769805,0769805,2025-09-04T23:22:31.700502
TN 87 8022,864547030175348,14.0,32.67,190.04,03/09/2025 15:41:52,13.0470502,80.0767707,0767707,2025-09-04T23:22:31.700712
TN 87 8022,864547030175348,17.0,32.7,190.04,03/09/2025 15:41:47,13.0470502,80.0765705,0765705,2025-09-04T23:22:31.700897
TN 87 8022,864547030175348,19.0,32.73,190.03,03/09/2025 15:41:42,13.0470335,80.0763034,0763034,2025-09-04T23:22:31.701110
TN 87 8022,864547030175348,19.0,32.77,190.01,03/09/2025 15:41:38,13.0470502,80.0760841,0760841,2025-09-04T23:22:31.701284
TN 87 8022,864547030175348,22.0,32.79,190.01,03/09/2025 15:41:32,13.0470335,80.0757122,0757122,2025-09-04T23:22:31.701449
TN 87 8022,864547030175348,12.0,32.81,190.01,03/09/2025 15:41:28,13.0470335,80.075531,0755310,2025-09-04T23:22:31.701576
TN 87 8022,864547030175348,12.0,32.82,190.58,03/09/2025 15:41:23,13.0470335,80.0753211,0753211,2025-09-04T23:22:31.701712
TN 87 8022,864547030175348,0.0,32.82,190.68,03/09/2025 15:41:19,13.0470168,80.0752353,0752353,2025-09-04T23:22:31.701844
TN 87 8022,864547030175348,0.0,32.82,190.92,03/09/2025 15:41:13,13.0470168,80.0752162,0752162,2025-09-04T23:22:31.701988
TN 87 8022,864547030175348,0.0,32.82,191.84,03/09/2025 15:41:08,13.0470168,80.0751781,0751781,2025-09-04T23:22:31.702130
TN 87 8022,864547030175348,0.0,32.82,192.02,03/09/2025 15:41:03,13.0470168,80.0751781,0751781,2025-09-04T23:22:31.702268
TN 87 8022,864547030175348,0.0,32.82,192.18,03/09/2025 15:40:58,13.0470168,80.0751781,0751781,2025-09-04T23:22:31.702422
TN 87 8022,864547030175348,0.0,32.82,192.06,03/09/2025 15:40:54,13.0470168,80.0751781,0751781,2025-09-04T23:22:31.702572
TN 87 8022,864547030175348,0.0,32.82,192.03,03/09/2025 15:40:49,13.0470001,80.0750827,0750827,2025-09-04T23:22:31.702721
TN 87 8022,864547030175348,0.0,32.82,193.0,03/09/2025 15:40:44,13.0470001,80.0750637,0750637,2025-09-04T23:22:31.702882
TN 87 8022,864547030175348,0.0,32.82,193.75,03/09/2025 15:40:39,13.0470001,80.0750637,0750637,2025-09-04T23:22:31.703025
TN 87 8022,864547030175348,0.0,32.82,200.32,03/09/2025 15:40:34,13.0470001,80.0750637,0750637,2025-09-04T23:22:31.703168
TN 87 8022,864547030175348,0.0,32.82,202.81,03/09/2025 15:40:29,13.0470001,80.0750637,0750637,2025-09-04T23:22:31.703341
TN 87 8022,864547030175348,0.0,32.82,203.92,03/09/2025 15:40:24,13.0470001,80.0750637,0750637,2025-09-04T23:22:31.703533
TN 87 8022,864547030175348,0.0,32.82,204.41,03/09/2025 15:40:19,13.0470001,80.0750541,0750541,2025-09-04T23:22:31.703730
TN 87 8022,864547030175348,0.0,32.82,204.52,03/09/2025 15:40:14,13.0470001,80.075035,0750350,2025-09-04T23:22:31.703895
TN 87 8022,864547030175348,8.0,32.83,204.61,03/09/2025 15:40:09,13.0470001,80.0749683,0749683,2025-09-04T23:22:31.704047
TN 87 8022,864547030175348,15.0,32.86,204.84,03/09/2025 15:40:05,13.0469834,80.0748538,0748538,2025-09-04T23:22:31.704166
TN 87 8022,864547030175348,24.0,32.9,204.88,03/09/2025 15:40:00,13.0469,80.0746154,0746154,2025-09-04T23:22:31.704272
TN 87 8022,864547030175348,30.0,32.95,204.9,03/09/2025 15:39:55,13.0467498,80.0742816,0742816,2025-09-04T23:22:31.704440
TN 87 8022,864547030175348,38.0,33.0,204.88,03/09/2025 15:39:50,13.0465674,80.0738811,0738811,2025-09-04T23:22:31.704622
TN 87 8022,864547030175348,47.0,33.05,204.86,03/09/2025 15:39:45,13.0463492,80.0734043,0734043,2025-09-04T23:22:31.704802
TN 87 8022,864547030175348,46.0,33.13,204.85,03/09/2025 15:39:41,13.0462002,80.072956,0729560,2025-09-04T23:22:31.704947
TN 87 8022,864547030175348,47.0,33.18,201.76,03/09/2025 15:39:35,13.0461168,80.0722312,0722312,2025-09-04T23:22:31.705079
TN 87 8022,864547030175348,41.0,33.24,200.3,03/09/2025 15:39:31,13.0460667,80.0717735,0717735,2025-09-04T23:22:31.705195
TN 87 8022,864547030175348,32.0,33.28,199.59,03/09/2025 15:39:26,13.0459666,80.0712776,0712776,2025-09-04T23:22:31.705305
TN 87 8022,864547030175348,27.0,33.32,199.34,03/09/2025 15:39:21,13.0458664,80.0708961,0708961,2025-09-04T23:22:31.705462
TN 87 8022,864547030175348,30.0,33.36,199.34,03/09/2025 15:39:16,13.0457997,80.0705337,0705337,2025-09-04T23:22:31.705648
TN 87 8022,864547030175348,21.0,33.39,199.33,03/09/2025 15:39:11,13.0457329,80.0701999,0701999,2025-09-04T23:22:31.705823
TN 87 8022,864547030175348,19.0,33.41,199.31,03/09/2025 15:39:06,13.0456829,80.0699329,0699329,2025-09-04T23:22:31.705988
TN 87 8022,864547030175348,15.0,33.43,199.32,03/09/2025 15:39:02,13.0456173,80.0697135,0697135,2025-09-04T23:22:31.706159
TN 87 8022,864547030175348,0.0,33.43,199.34,03/09/2025 15:38:57,13.045566,80.0695991,0695991,2025-09-04T23:22:31.706309
TN 87 8022,864547030175348,0.0,33.43,198.98,03/09/2025 15:38:51,13.045566,80.0695991,0695991,2025-09-04T23:22:31.706442
TN 87 8022,864547030175348,0.0,33.43,198.95,03/09/2025 15:38:47,13.045566,80.0695991,0695991,2025-09-04T23:22:31.706611
TN 87 8022,864547030175348,0.0,33.43,198.92,03/09/2025 15:38:42,13.045566,80.0695991,0695991,2025-09-04T23:22:31.706775
TN 87 8022,864547030175348,0.0,33.43,196.7,03/09/2025 15:38:37,13.045566,80.0695991,0695991,2025-09-04T23:22:31.706917
TN 87 8022,864547030175348,0.0,33.43,196.39,03/09/2025 15:38:32,13.045566,80.0695991,0695991,2025-09-04T23:22:31.707059
TN 87 8022,864547030175348,0.0,33.43,196.13,03/09/2025 15:38:27,13.045566,80.0695991,0695991,2025-09-04T23:22:31.707183
TN 87 8022,864547030175348,0.0,33.43,196.82,03/09/2025 15:38:22,13.045566,80.0695991,0695991,2025-09-04T23:22:31.707318
TN 87 8022,864547030175348,0.0,33.43,196.87,03/09/2025 15:38:18,13.045566,80.0695991,0695991,2025-09-04T23:22:31.707518
TN 87 8022,864547030175348,0.0,33.43,196.92,03/09/2025 15:38:12,13.045566,80.06958,0695800,2025-09-04T23:22:31.707668
TN 87 8022,864547030175348,8.0,33.45,197.01,03/09/2025 15:38:08,13.045566,80.0695323,0695323,2025-09-04T23:22:31.707830
TN 87 8022,864547030175348,22.0,33.48,197.12,03/09/2025 15:38:03,13.0455172,80.0693511,0693511,2025-09-04T23:22:31.708031
TN 87 8022,864547030175348,29.0,33.52,197.14,03/09/2025 15:37:58,13.0453991,80.0690174,0690174,2025-09-04T23:22:31.708225
TN 87 8022,864547030175348,22.0,33.55,197.17,03/09/2025 15:37:53,13.0452835,80.0686836,0686836,2025-09-04T23:22:31.708378
TN 87 8022,864547030175348,16.0,33.57,197.45,03/09/2025 15:37:48,13.0452001,80.0684356,0684356,2025-09-04T23:22:31.708533
TN 87 8022,864547030175348,13.0,33.59,197.54,03/09/2025 15:37:43,13.04515,80.0682544,0682544,2025-09-04T23:22:31.708678
TN 87 8022,864547030175348,14.0,33.61,197.62,03/09/2025 15:37:38,13.0450999,80.0680732,0680732,2025-09-04T23:22:31.708810
TN 87 8022,864547030175348,15.0,33.65,197.72,03/09/2025 15:37:33,13.0450499,80.0679016,0679016,2025-09-04T23:22:31.708937
TN 87 8022,864547030175348,43.0,33.7,197.74,03/09/2025 15:37:28,13.0449497,80.0675392,0675392,2025-09-04T23:22:31.709061
TN 87 8022,864547030175348,43.0,33.76,197.77,03/09/2025 15:37:24,13.0447995,80.0671005,0671005,2025-09-04T23:22:31.709201
TN 87 8022,864547030175348,46.0,33.83,197.83,03/09/2025 15:37:19,13.0446171,80.0665664,0665664,2025-09-04T23:22:31.709330
TN 87 8022,864547030175348,51.0,33.91,197.83,03/09/2025 15:37:14,13.0444335,80.0659656,0659656,2025-09-04T23:22:31.709474
TN 87 8022,864547030175348,55.0,33.99,197.83,03/09/2025 15:37:09,13.0442333,80.0653171,0653171,2025-09-04T23:22:31.709599
TN 87 8022,864547030175348,54.0,34.14,197.79,03/09/2025 15:37:04,13.0440163,80.0646018,0646018,2025-09-04T23:22:31.709741
TN 87 8022,864547030175348,52.0,34.35,197.78,03/09/2025 15:36:59,13.0437827,80.0639343,0639343,2025-09-04T23:22:31.709886
TN 87 8022,864547030175348,51.0,34.49,197.76,03/09/2025 15:36:54,13.0435168,80.0633144,0633144,2025-09-04T23:22:31.710029
TN 87 8022,864547030175348,52.0,34.62,200.76,03/09/2025 15:36:49,13.0432498,80.0627136,0627136,2025-09-04T23:22:31.710171
TN 87 8022,864547030175348,49.0,34.68,201.4,03/09/2025 15:36:44,13.0429828,80.0621223,0621223,2025-09-04T23:22:31.710303
TN 87 8022,864547030175348,48.0,34.75,201.96,03/09/2025 15:36:40,13.0427503,80.0616645,0616645,2025-09-04T23:22:31.710471
TN 87 8022,864547030175348,47.0,34.81,201.9,03/09/2025 15:36:35,13.0424332,80.0611305,0611305,2025-09-04T23:22:31.710647
TN 87 8022,864547030175348,49.0,34.89,201.89,03/09/2025 15:36:30,13.0421328,80.0605869,0605869,2025-09-04T23:22:31.710820
TN 87 8022,864547030175348,56.0,34.96,201.87,03/09/2025 15:36:25,13.0418169,80.0599861,0599861,2025-09-04T23:22:31.711001
TN 87 8022,864547030175348,50.0,35.03,201.26,03/09/2025 15:36:20,13.0415165,80.0593662,0593662,2025-09-04T23:22:31.711209
TN 87 8022,864547030175348,45.0,35.09,201.12,03/09/2025 15:36:15,13.041284,80.0587844,0587844,2025-09-04T23:22:31.711395
TN 87 8022,864547030175348,41.0,35.15,201.18,03/09/2025 15:36:10,13.0410838,80.0582695,0582695,2025-09-04T23:22:31.711561
TN 87 8022,864547030175348,37.0,35.18,201.87,03/09/2025 15:36:05,13.0409169,80.0577831,0577831,2025-09-04T23:22:31.711681
TN 87 8022,864547030175348,32.0,35.23,201.87,03/09/2025 15:36:01,13.0407834,80.0574493,0574493,2025-09-04T23:22:31.711830
TN 87 8022,864547030175348,35.0,35.28,201.93,03/09/2025 15:35:56,13.0406332,80.0570487,0570487,2025-09-04T23:22:31.711955
TN 87 8022,864547030175348,34.0,35.33,202.02,03/09/2025 15:35:51,13.0404829,80.0566196,0566196,2025-09-04T23:22:31.712091
TN 87 8022,864547030175348,30.0,35.38,202.26,03/09/2025 15:35:46,13.0403494,80.0562,0562000,2025-09-04T23:22:31.712227
TN 87 8022,864547030175348,38.0,35.43,202.31,03/09/2025 15:35:41,13.0401825,80.0557899,0557899,2025-09-04T23:22:31.712347
TN 87 8022,864547030175348,33.0,35.48,202.37,03/09/2025 15:35:36,13.0400002,80.0553512,0553512,2025-09-04T23:22:31.712570
TN 87 8022,864547030175348,40.0,35.53,202.5,03/09/2025 15:35:31,13.0398166,80.0549316,0549316,2025-09-04T23:22:31.712819
TN 87 8022,864547030175348,43.0,35.6,202.51,03/09/2025 15:35:27,13.0396342,80.0545215,0545215,2025-09-04T23:22:31.713047
TN 87 8022,864547030175348,52.0,35.67,202.55,03/09/2025 15:35:22,13.0393493,80.0539302,0539302,2025-09-04T23:22:31.713253
TN 87 8022,864547030175348,52.0,35.74,202.32,03/09/2025 15:35:17,13.0391001,80.0533103,0533103,2025-09-04T23:22:31.713465
TN 87 8022,864547030175348,52.0,35.81,202.14,03/09/2025 15:35:12,13.0388498,80.0527,0527000,2025-09-04T23:22:31.713689
TN 87 8022,864547030175348,50.0,35.88,201.82,03/09/2025 15:35:07,13.0385994,80.0520896,0520896,2025-09-04T23:22:31.713886
TN 87 8022,864547030175348,44.0,35.94,202.37,03/09/2025 15:35:02,13.0384171,80.0515174,0515174,2025-09-04T23:22:31.714056
TN 87 8022,864547030175348,45.0,36.0,202.76,03/09/2025 15:34:57,13.0382335,80.0509643,0509643,2025-09-04T23:22:31.714249
TN 87 8022,864547030175348,40.0,36.06,203.71,03/09/2025 15:34:52,13.0380499,80.0504684,0504684,2025-09-04T23:22:31.714447
TN 87 8022,864547030175348,39.0,36.12,203.71,03/09/2025 15:34:47,13.0378663,80.049982,0499820,2025-09-04T23:22:31.714624
TN 87 8022,864547030175348,43.0,36.18,203.7,03/09/2025 15:34:42,13.0376994,80.0494575,0494575,2025-09-04T23:22:31.714800
TN 87 8022,864547030175348,52.0,36.25,203.69,03/09/2025 15:34:37,13.037517,80.0488662,0488662,2025-09-04T23:22:31.714977
TN 87 8022,864547030175348,58.0,36.32,200.36,03/09/2025 15:34:33,13.0373835,80.0483131,0483131,2025-09-04T23:22:31.715163
TN 87 8022,864547030175348,52.0,36.39,199.92,03/09/2025 15:34:28,13.0372166,80.0476169,0476169,2025-09-04T23:22:31.715331
TN 87 8022,864547030175348,45.0,36.45,199.79,03/09/2025 15:34:23,13.0370664,80.0469779,0469779,2025-09-04T23:22:31.715610
TN 87 8022,864547030175348,43.0,36.5,201.95,03/09/2025 15:34:18,13.0369162,80.0464344,0464344,2025-09-04T23:22:31.715825
TN 87 8022,864547030175348,38.0,36.56,202.47,03/09/2025 15:34:14,13.0368006,80.0460338,0460338,2025-09-04T23:22:31.716024
TN 87 8022,864547030175348,38.0,36.62,202.98,03/09/2025 15:34:08,13.0366337,80.0454616,0454616,2025-09-04T23:22:31.716208
TN 87 8022,864547030175348,42.0,36.68,203.25,03/09/2025 15:34:03,13.0365002,80.0449657,0449657,2025-09-04T23:22:31.716393
TN 87 8022,864547030175348,38.0,36.73,203.28,03/09/2025 15:33:58,13.03635,80.0444507,0444507,2025-09-04T23:22:31.716588
TN 87 8022,864547030175348,36.0,36.77,203.34,03/09/2025 15:33:53,13.0361998,80.0439834,0439834,2025-09-04T23:22:31.716724
TN 87 8022,864547030175348,32.0,36.81,203.88,03/09/2025 15:33:49,13.0360829,80.0436496,0436496,2025-09-04T23:22:31.716861
TN 87 8022,864547030175348,26.0,36.85,203.93,03/09/2025 15:33:44,13.0359494,80.0432777,0432777,2025-09-04T23:22:31.717018
TN 87 8022,864547030175348,25.0,36.89,204.03,03/09/2025 15:33:39,13.0358493,80.0429821,0429821,2025-09-04T23:22:31.717145
TN 87 8022,864547030175348,26.0,36.92,204.13,03/09/2025 15:33:34,13.0357336,80.0426292,0426292,2025-09-04T23:22:31.717268
TN 87 8022,864547030175348,24.0,36.96,204.72,03/09/2025 15:33:30,13.0356335,80.0423812,0423812,2025-09-04T23:22:31.717424
TN 87 8022,864547030175348,21.0,36.98,204.86,03/09/2025 15:33:24,13.0354833,80.042057,0420570,2025-09-04T23:22:31.717571
TN 87 8022,864547030175348,15.0,36.99,204.92,03/09/2025 15:33:19,13.0353665,80.0418186,0418186,2025-09-04T23:22:31.717699
TN 87 8022,864547030175348,0.0,36.99,205.12,03/09/2025 15:33:15,13.0353331,80.0417327,0417327,2025-09-04T23:22:31.717830
TN 87 8022,864547030175348,15.0,37.03,205.17,03/09/2025 15:33:10,13.0352997,80.0416469,0416469,2025-09-04T23:22:31.717977
TN 87 8022,864547030175348,32.0,37.08,205.22,03/09/2025 15:33:05,13.0351829,80.0413513,0413513,2025-09-04T23:22:31.718120
TN 87 8022,864547030175348,49.0,37.17,205.55,03/09/2025 15:33:00,13.0349504,80.0409126,0409126,2025-09-04T23:22:31.718255
TN 87 8022,864547030175348,62.0,37.25,205.76,03/09/2025 15:32:55,13.0345833,80.0402259,0402259,2025-09-04T23:22:31.718427
TN 87 8022,864547030175348,56.0,37.33,206.32,03/09/2025 15:32:50,13.0341506,80.0395679,0395679,2025-09-04T23:22:31.718590
TN 87 8022,864547030175348,50.0,37.4,206.01,03/09/2025 15:32:45,13.0337834,80.038948,0389480,2025-09-04T23:22:31.718732
TN 87 8022,864547030175348,47.0,37.46,205.69,03/09/2025 15:32:40,13.0334496,80.0383949,0383949,2025-09-04T23:22:31.718887
TN 87 8022,864547030175348,40.0,37.51,205.7,03/09/2025 15:32:35,13.0331671,80.037918,0379180,2025-09-04T23:22:31.719024
TN 87 8022,864547030175348,34.0,37.56,206.01,03/09/2025 15:32:31,13.0329835,80.0375652,0375652,2025-09-04T23:22:31.719177
TN 87 8022,864547030175348,24.0,37.59,206.04,03/09/2025 15:32:25,13.0327832,80.037136,0371360,2025-09-04T23:22:31.719320
TN 87 8022,864547030175348,26.0,37.63,206.09,03/09/2025 15:32:21,13.0327165,80.0368785,0368785,2025-09-04T23:22:31.719469
TN 87 8022,864547030175348,38.0,37.69,206.15,03/09/2025 15:32:16,13.0325007,80.0365161,0365161,2025-09-04T23:22:31.719611
TN 87 8022,864547030175348,43.0,37.75,206.15,03/09/2025 15:32:11,13.0322337,80.0360488,0360488,2025-09-04T23:22:31.719730
TN 87 8022,864547030175348,44.0,37.81,206.16,03/09/2025 15:32:06,13.0319333,80.035572,0355720,2025-09-04T23:22:31.719847
TN 87 8022,864547030175348,38.0,37.87,206.17,03/09/2025 15:32:01,13.0316662,80.0351047,0351047,2025-09-04T23:22:31.719980
TN 87 8022,864547030175348,41.0,37.92,206.18,03/09/2025 15:31:56,13.0313992,80.0346565,0346565,2025-09-04T23:22:31.720123
TN 87 8022,864547030175348,44.0,37.98,206.17,03/09/2025 15:31:52,13.0311667,80.0342655,0342655,2025-09-04T23:22:31.720248
TN 87 8022,864547030175348,41.0,38.03,207.4,03/09/2025 15:31:47,13.0308663,80.0337791,0337791,2025-09-04T23:22:31.720366
TN 87 8022,864547030175348,31.0,38.07,207.45,03/09/2025 15:31:42,13.0306327,80.0333595,0333595,2025-09-04T23:22:31.720530
TN 87 8022,864547030175348,19.0,38.09,207.52,03/09/2025 15:31:37,13.030467,80.0330638,0330638,2025-09-04T23:22:31.720709
TN 87 8022,864547030175348,14.0,38.11,207.94,03/09/2025 15:31:32,13.0303502,80.0328826,0328826,2025-09-04T23:22:31.720842
TN 87 8022,864547030175348,14.0,38.14,207.99,03/09/2025 15:31:27,13.0302,80.0327682,0327682,2025-09-04T23:22:31.720985
TN 87 8022,864547030175348,33.0,38.21,208.08,03/09/2025 15:31:23,13.0300664,80.0325965,0325965,2025-09-04T23:22:31.721121
TN 87 8022,864547030175348,53.0,38.29,208.11,03/09/2025 15:31:17,13.029716,80.0319957,0319957,2025-09-04T23:22:31.721250
TN 87 8022,864547030175348,51.0,38.34,206.67,03/09/2025 15:31:12,13.0293667,80.0314044,0314044,2025-09-04T23:22:31.721397
TN 87 8022,864547030175348,46.0,38.41,205.37,03/09/2025 15:31:08,13.0291008,80.0309658,0309658,2025-09-04T23:22:31.721579
TN 87 8022,864547030175348,39.0,38.46,204.93,03/09/2025 15:31:03,13.0288004,80.0304889,0304889,2025-09-04T23:22:31.721714
TN 87 8022,864547030175348,34.0,38.5,205.11,03/09/2025 15:30:58,13.0285501,80.0300788,0300788,2025-09-04T23:22:31.721856
TN 87 8022,864547030175348,24.0,38.53,205.17,03/09/2025 15:30:53,13.0283498,80.0297355,0297355,2025-09-04T23:22:31.722021
TN 87 8022,864547030175348,17.0,38.56,205.2,03/09/2025 15:30:48,13.0282163,80.029478,0294780,2025-09-04T23:22:31.722155
TN 87 8022,864547030175348,16.0,38.58,205.32,03/09/2025 15:30:43,13.0280995,80.0292778,0292778,2025-09-04T23:22:31.722620
TN 87 8022,864547030175348,14.0,38.6,205.35,03/09/2025 15:30:39,13.0279994,80.0291538,0291538,2025-09-04T23:22:31.722842
TN 87 8022,864547030175348,8.0,38.61,205.4,03/09/2025 15:30:34,13.0278992,80.0290107,0290107,2025-09-04T23:22:31.723030
TN 87 8022,864547030175348,10.0,38.62,205.7,03/09/2025 15:30:29,13.0278503,80.0289344,0289344,2025-09-04T23:22:31.723190
TN 87 8022,864547030175348,6.0,38.63,205.77,03/09/2025 15:30:24,13.0277836,80.0288486,0288486,2025-09-04T23:22:31.723380
TN 87 8022,864547030175348,8.0,38.64,205.86,03/09/2025 15:30:19,13.0277335,80.0287723,0287723,2025-09-04T23:22:31.723565
TN 87 8022,864547030175348,0.0,38.64,206.07,03/09/2025 15:30:14,13.0276501,80.0286865,0286865,2025-09-04T23:22:31.723737
TN 87 8022,864547030175348,0.0,38.64,206.1,03/09/2025 15:30:10,13.0276501,80.0286674,0286674,2025-09-04T23:22:31.723872
TN 87 8022,864547030175348,0.0,38.64,206.17,03/09/2025 15:30:04,13.0276334,80.0286197,0286197,2025-09-04T23:22:31.724011
TN 87 8022,864547030175348,0.0,38.64,206.37,03/09/2025 15:29:59,13.0276,80.0285625,0285625,2025-09-04T23:22:31.724140
TN 87 8022,864547030175348,5.0,38.64,206.39,03/09/2025 15:29:54,13.0275499,80.0285053,0285053,2025-09-04T23:22:31.724274
TN 87 8022,864547030175348,0.0,38.64,206.45,03/09/2025 15:29:49,13.0274999,80.0284481,0284481,2025-09-04T23:22:31.724445
TN 87 8022,864547030175348,7.0,38.64,206.71,03/09/2025 15:29:44,13.0274665,80.0284004,0284004,2025-09-04T23:22:31.724617
TN 87 8022,864547030175348,11.0,38.66,206.73,03/09/2025 15:29:41,13.0274331,80.0283336,0283336,2025-09-04T23:22:31.724772
TN 87 8022,864547030175348,18.0,38.69,206.77,03/09/2025 15:29:36,13.027333,80.0282001,0282001,2025-09-04T23:22:31.724922
TN 87 8022,864547030175348,37.0,38.76,207.6,03/09/2025 15:29:31,13.0271506,80.0279331,0279331,2025-09-04T23:22:31.725070
TN 87 8022,864547030175348,59.0,38.85,207.8,03/09/2025 15:29:26,13.0268168,80.027399,0273990,2025-09-04T23:22:31.725211
TN 87 8022,864547030175348,56.0,38.92,208.41,03/09/2025 15:29:21,13.0264163,80.0267505,0267505,2025-09-04T23:22:31.725399
TN 87 8022,864547030175348,55.0,39.0,208.51,03/09/2025 15:29:16,13.0260336,80.0261306,0261306,2025-09-04T23:22:31.725582
TN 87 8022,864547030175348,48.0,39.06,201.07,03/09/2025 15:29:11,13.0256998,80.0255489,0255489,2025-09-04T23:22:31.725738
TN 87 8022,864547030175348,42.0,39.12,199.01,03/09/2025 15:29:06,13.0254161,80.0250339,0250339,2025-09-04T23:22:31.725966
TN 87 8022,864547030175348,35.0,39.2,198.58,03/09/2025 15:29:01,13.0251502,80.0245952,0245952,2025-09-04T23:22:31.726160
TN 87 8022,864547030175348,28.0,39.2,198.76,03/09/2025 15:28:56,13.0249333,80.0242424,0242424,2025-09-04T23:22:31.726502
TN 87 8022,864547030175348,26.0,39.24,198.78,03/09/2025 15:28:51,13.0247497,80.0239467,0239467,2025-09-04T23:22:31.726898
TN 87 8022,864547030175348,30.0,39.28,198.82,03/09/2025 15:28:46,13.0245506,80.0236511,0236511,2025-09-04T23:22:31.727070
TN 87 8022,864547030175348,20.0,39.31,198.94,03/09/2025 15:28:41,13.0243504,80.0233268,0233268,2025-09-04T23:22:31.727372
TN 87 8022,864547030175348,15.0,39.33,198.96,03/09/2025 15:28:36,13.0242323,80.0231361,0231361,2025-09-04T23:22:31.727741
TN 87 8022,864547030175348,13.0,39.34,199.0,03/09/2025 15:28:31,13.0241334,80.0229644,0229644,2025-09-04T23:22:31.727941
TN 87 8022,864547030175348,12.0,39.36,199.39,03/09/2025 15:28:27,13.0240499,80.0228691,0228691,2025-09-04T23:22:31.728107
TN 87 8022,864547030175348,9.0,39.36,199.44,03/09/2025 15:28:21,13.0239498,80.0227165,0227165,2025-09-04T23:22:31.728321
TN 87 8022,864547030175348,6.0,39.36,199.53,03/09/2025 15:28:18,13.0238997,80.0226688,0226688,2025-09-04T23:22:31.728451
TN 87 8022,864547030175348,11.0,39.39,199.71,03/09/2025 15:28:13,13.0238664,80.022602,0226020,2025-09-04T23:22:31.728601
TN 87 8022,864547030175348,37.0,39.45,199.72,03/09/2025 15:28:08,13.0237174,80.0224018,0224018,2025-09-04T23:22:31.728739
TN 87 8022,864547030175348,62.0,39.54,199.77,03/09/2025 15:28:03,13.0234336,80.0218772,0218772,2025-09-04T23:22:31.728889
TN 87 8022,864547030175348,63.0,39.63,202.66,03/09/2025 15:27:58,13.0230832,80.021162,0211620,2025-09-04T23:22:31.729017
TN 87 8022,864547030175348,67.0,39.73,202.85,03/09/2025 15:27:53,13.0228328,80.0203609,0203609,2025-09-04T23:22:31.729151
TN 87 8022,864547030175348,70.0,39.83,202.95,03/09/2025 15:27:48,13.0226671,80.0195026,0195026,2025-09-04T23:22:31.729277
TN 87 8022,864547030175348,68.0,40.0,202.83,03/09/2025 15:27:43,13.0226004,80.0185966,0185966,2025-09-04T23:22:31.729415
TN 87 8022,864547030175348,59.0,40.05,205.24,03/09/2025 15:27:33,13.0223667,80.0169658,0169658,2025-09-04T23:22:31.729546
TN 87 8022,864547030175348,59.0,40.93,205.55,03/09/2025 15:27:30,13.0221998,80.0165367,0165367,2025-09-04T23:22:31.729681
TN 87 8022,864547030175348,44.0,41.13,206.56,03/09/2025 15:26:20,13.0179834,80.0096797,0096797,2025-09-04T23:22:31.729808
TN 87 8022,864547030175348,67.0,41.24,206.54,03/09/2025 15:26:15,13.0176329,80.0090312,0090312,2025-09-04T23:22:31.730016
TN 87 8022,864547030175348,66.0,41.75,204.97,03/09/2025 15:26:09,13.0171835,80.008068,0080680,2025-09-04T23:22:31.730161
TN 87 8022,864547030175348,61.0,42.19,204.61,03/09/2025 15:26:05,13.0169165,80.0074291,0074291,2025-09-04T23:22:31.730309
TN 87 8022,864547030175348,55.0,42.54,203.14,03/09/2025 15:26:00,13.0166327,80.0067329,0067329,2025-09-04T23:22:31.730431
TN 87 8022,864547030175348,52.0,43.06,202.31,03/09/2025 15:25:56,13.0164003,80.006237,0062370,2025-09-04T23:22:31.730561
TN 87 8022,864547030175348,42.0,43.51,200.73,03/09/2025 15:25:50,13.0160999,80.0055885,0055885,2025-09-04T23:22:31.730764
TN 87 8022,864547030175348,42.0,43.9,200.79,03/09/2025 15:25:46,13.015933,80.0051689,0051689,2025-09-04T23:22:31.730927
TN 87 8022,864547030175348,36.0,44.23,200.86,03/09/2025 15:25:40,13.0156672,80.0046348,0046348,2025-09-04T23:22:31.731096
TN 87 8022,864547030175348,29.0,44.53,201.33,03/09/2025 15:25:36,13.0155003,80.0043296,0043296,2025-09-04T23:22:31.731285
TN 87 8022,864547030175348,25.0,44.79,201.51,03/09/2025 15:25:31,13.0153501,80.004034,0040340,2025-09-04T23:22:31.731474
TN 87 8022,864547030175348,14.0,45.02,201.65,03/09/2025 15:25:26,13.0152332,80.0038146,0038146,2025-09-04T23:22:31.731650
TN 87 8022,864547030175348,0.0,45.02,202.12,03/09/2025 15:25:21,13.0151998,80.0037574,0037574,2025-09-04T23:22:31.731802
TN 87 8022,864547030175348,20.0,45.54,202.21,03/09/2025 15:25:16,13.0151498,80.0036716,0036716,2025-09-04T23:22:31.731938
TN 87 8022,864547030175348,42.0,46.02,202.27,03/09/2025 15:25:11,13.014934,80.003376,0033760,2025-09-04T23:22:31.732057
TN 87 8022,864547030175348,64.0,46.42,203.42,03/09/2025 15:25:06,13.0145168,80.0028133,0028133,2025-09-04T23:22:31.732164
TN 87 8022,864547030175348,76.0,46.72,204.13,03/09/2025 15:25:01,13.0140173,80.002079,0020790,2025-09-04T23:22:31.732272
TN 87 8022,864547030175348,78.0,46.92,205.83,03/09/2025 15:24:56,13.0134499,80.0012683,0012683,2025-09-04T23:22:31.732374
TN 87 8022,864547030175348,79.0,47.03,206.02,03/09/2025 15:24:52,13.0129992,80.0005817,0005817,2025-09-04T23:22:31.732507
TN 87 8022,864547030175348,78.0,47.14,206.04,03/09/2025 15:24:47,13.0123996,79.9997997,9997997,2025-09-04T23:22:31.732643
TN 87 8022,864547030175348,78.0,47.25,206.08,03/09/2025 15:24:42,13.0117332,79.9990463,9990463,2025-09-04T23:22:31.732791
TN 87 8022,864547030175348,78.0,47.56,206.22,03/09/2025 15:24:37,13.01095,79.9983978,9983978,2025-09-04T23:22:31.732911
TN 87 8022,864547030175348,75.0,47.77,206.23,03/09/2025 15:24:32,13.0101501,79.997816,9978160,2025-09-04T23:22:31.733029
TN 87 8022,864547030175348,72.0,47.95,206.26,03/09/2025 15:24:27,13.0093836,79.9972677,9972677,2025-09-04T23:22:31.733171
TN 87 8022,864547030175348,72.0,48.03,208.38,03/09/2025 15:24:22,13.0086338,79.9967336,9967336,2025-09-04T23:22:31.733351
TN 87 8022,864547030175348,68.0,48.12,208.72,03/09/2025 15:24:18,13.0080497,79.996314,9963140,2025-09-04T23:22:31.733509
TN 87 8022,864547030175348,62.0,48.21,209.21,03/09/2025 15:24:13,13.0073499,79.9958324,9958324,2025-09-04T23:22:31.733654
TN 87 8022,864547030175348,58.0,48.29,209.03,03/09/2025 15:24:08,13.006699,79.9953985,9953985,2025-09-04T23:22:31.733784
TN 87 8022,864547030175348,54.0,48.36,208.74,03/09/2025 15:24:03,13.0060839,79.9950027,9950027,2025-09-04T23:22:31.733911
TN 87 8022,864547030175348,47.0,48.43,207.16,03/09/2025 15:23:58,13.0055165,79.9946355,9946355,2025-09-04T23:22:31.734042
TN 87 8022,864547030175348,39.0,48.48,205.62,03/09/2025 15:23:53,13.0050492,79.9943161,9943161,2025-09-04T23:22:31.734166
TN 87 8022,864547030175348,29.0,48.51,205.61,03/09/2025 15:23:48,13.0046498,79.9940633,9940633,2025-09-04T23:22:31.734340
TN 87 8022,864547030175348,18.0,48.53,205.58,03/09/2025 15:23:43,13.0043828,79.9938821,9938821,2025-09-04T23:22:31.734546
TN 87 8022,864547030175348,10.0,48.55,205.49,03/09/2025 15:23:39,13.0042338,79.993782,9937820,2025-09-04T23:22:31.734712
TN 87 8022,864547030175348,0.0,48.55,205.49,03/09/2025 15:23:33,13.0041503,79.9938488,9938488,2025-09-04T23:22:31.734886
TN 87 8022,864547030175348,0.0,48.55,205.48,03/09/2025 15:23:29,13.004167,79.9938821,9938821,2025-09-04T23:22:31.735046
TN 87 8022,864547030175348,8.0,48.56,205.47,03/09/2025 15:23:24,13.0042004,79.9939489,9939489,2025-09-04T23:22:31.735197
TN 87 8022,864547030175348,12.0,48.58,205.3,03/09/2025 15:23:19,13.0042827,79.9940633,9940633,2025-09-04T23:22:31.735355
TN 87 8022,864547030175348,0.0,48.58,205.25,03/09/2025 15:23:14,13.0043673,79.9941635,9941635,2025-09-04T23:22:31.735533
TN 87 8022,864547030175348,0.0,48.58,205.21,03/09/2025 15:23:09,13.0043673,79.9941635,9941635,2025-09-04T23:22:31.735730
TN 87 8022,864547030175348,0.0,48.58,205.06,03/09/2025 15:23:04,13.0043828,79.9941635,9941635,2025-09-04T23:22:31.735918
TN 87 8022,864547030175348,0.0,48.58,205.04,03/09/2025 15:22:59,13.0044162,79.9941873,9941873,2025-09-04T23:22:31.736122
TN 87 8022,864547030175348,14.0,48.6,205.01,03/09/2025 15:22:54,13.0045497,79.9942684,9942684,2025-09-04T23:22:31.736307
TN 87 8022,864547030175348,12.0,48.61,204.16,03/09/2025 15:22:49,13.0047333,79.9943685,9943685,2025-09-04T23:22:31.736513
TN 87 8022,864547030175348,10.0,48.62,203.96,03/09/2025 15:22:45,13.0048501,79.9944305,9944305,2025-09-04T23:22:31.736788
TN 87 8022,864547030175348,0.0,48.62,203.93,03/09/2025 15:22:40,13.0049335,79.9944972,9944972,2025-09-04T23:22:31.736950
TN 87 8022,864547030175348,0.0,48.62,203.91,03/09/2025 15:22:35,13.0049824,79.9945163,9945163,2025-09-04T23:22:31.737099
TN 87 8022,864547030175348,0.0,48.62,204.11,03/09/2025 15:22:30,13.0050158,79.9945306,9945306,2025-09-04T23:22:31.737225
TN 87 8022,864547030175348,0.0,48.62,204.35,03/09/2025 15:22:25,13.0050158,79.9945545,9945545,2025-09-04T23:22:31.737367
TN 87 8022,864547030175348,5.0,48.62,204.24,03/09/2025 15:22:20,13.0050826,79.9946117,9946117,2025-09-04T23:22:31.737669
TN 87 8022,864547030175348,0.0,48.62,204.22,03/09/2025 15:22:15,13.0051159,79.9946355,9946355,2025-09-04T23:22:31.737818
TN 87 8022,864547030175348,0.0,48.62,204.17,03/09/2025 15:22:10,13.0051159,79.9946498,9946498,2025-09-04T23:22:31.737967
TN 87 8022,864547030175348,6.0,48.62,203.84,03/09/2025 15:22:05,13.0051827,79.9946975,9946975,2025-09-04T23:22:31.738131
TN 87 8022,864547030175348,5.0,48.62,203.81,03/09/2025 15:22:01,13.0052161,79.9947357,9947357,2025-09-04T23:22:31.738299
TN 87 8022,864547030175348,10.0,48.65,203.76,03/09/2025 15:21:56,13.0052828,79.9947834,9947834,2025-09-04T23:22:31.738517
TN 87 8022,864547030175348,12.0,48.67,201.71,03/09/2025 15:21:51,13.0054831,79.9948787,9948787,2025-09-04T23:22:31.738686
TN 87 8022,864547030175348,10.0,48.68,201.23,03/09/2025 15:21:46,13.0056166,79.9949645,9949645,2025-09-04T23:22:31.739287
TN 87 8022,864547030175348,0.0,48.68,201.03,03/09/2025 15:21:41,13.0057334,79.9950504,9950504,2025-09-04T23:22:31.739496
TN 87 8022,864547030175348,0.0,48.68,199.03,03/09/2025 15:21:36,13.0057501,79.9950504,9950504,2025-09-04T23:22:31.739677
TN 87 8022,864547030175348,0.0,48.68,198.77,03/09/2025 15:21:31,13.0057501,79.9950504,9950504,2025-09-04T23:22:31.739867
TN 87 8022,864547030175348,0.0,48.68,198.78,03/09/2025 15:21:27,13.0057501,79.9950504,9950504,2025-09-04T23:22:31.740032
TN 87 8022,864547030175348,0.0,48.68,199.13,03/09/2025 15:21:22,13.0057501,79.9950647,9950647,2025-09-04T23:22:31.740191
TN 87 8022,864547030175348,5.0,48.7,199.18,03/09/2025 15:21:17,13.0058002,79.9950885,9950885,2025-09-04T23:22:31.740348
TN 87 8022,864547030175348,12.0,48.72,199.36,03/09/2025 15:21:12,13.005917,79.9951457,9951457,2025-09-04T23:22:31.740501
TN 87 8022,864547030175348,14.0,48.73,199.44,03/09/2025 15:21:07,13.006066,79.9952459,9952459,2025-09-04T23:22:31.740661
TN 87 8022,864547030175348,6.0,48.73,200.73,03/09/2025 15:21:02,13.0061662,79.9953174,9953174,2025-09-04T23:22:31.740862
TN 87 8022,864547030175348,9.0,48.76,201.48,03/09/2025 15:20:58,13.0062174,79.9953699,9953699,2025-09-04T23:22:31.741051
TN 87 8022,864547030175348,27.0,48.8,204.79,03/09/2025 15:20:52,13.0064666,79.9955129,9955129,2025-09-04T23:22:31.741256
TN 87 8022,864547030175348,33.0,48.86,205.77,03/09/2025 15:20:47,13.0067992,79.9956989,9956989,2025-09-04T23:22:31.741457
TN 87 8022,864547030175348,42.0,48.91,206.24,03/09/2025 15:20:42,13.0071997,79.9959659,9959659,2025-09-04T23:22:31.741644
TN 87 8022,864547030175348,47.0,48.97,205.95,03/09/2025 15:20:38,13.0076003,79.9962139,9962139,2025-09-04T23:22:31.741831
TN 87 8022,864547030175348,44.0,49.09,207.58,03/09/2025 15:20:33,13.0080997,79.9965381,9965381,2025-09-04T23:22:31.741999
TN 87 8022,864547030175348,42.0,49.27,208.61,03/09/2025 15:20:28,13.0085492,79.9968338,9968338,2025-09-04T23:22:31.742155
TN 87 8022,864547030175348,44.0,49.38,208.86,03/09/2025 15:20:23,13.0089831,79.9971485,9971485,2025-09-04T23:22:31.742322
TN 87 8022,864547030175348,42.0,49.44,207.05,03/09/2025 15:20:18,13.0094337,79.9974679,9974679,2025-09-04T23:22:31.742490
TN 87 8022,864547030175348,38.0,49.71,206.32,03/09/2025 15:20:13,13.009833,79.9977636,9977636,2025-09-04T23:22:31.742652
TN 87 8022,864547030175348,34.0,49.93,205.22,03/09/2025 15:20:08,13.010199,79.9980163,9980163,2025-09-04T23:22:31.742793
TN 87 8022,864547030175348,31.0,50.12,202.12,03/09/2025 15:20:04,13.010466,79.9981975,9981975,2025-09-04T23:22:31.742941
TN 87 8022,864547030175348,28.0,50.26,201.97,03/09/2025 15:19:59,13.0107665,79.9984359,9984359,2025-09-04T23:22:31.743084
TN 87 8022,864547030175348,29.0,50.37,201.96,03/09/2025 15:19:54,13.0110168,79.9986648,9986648,2025-09-04T23:22:31.743221
TN 87 8022,864547030175348,45.0,50.43,201.86,03/09/2025 15:19:49,13.0113673,79.9989461,9989461,2025-09-04T23:22:31.743414
TN 87 8022,864547030175348,39.0,50.68,201.84,03/09/2025 15:19:44,13.0117332,79.9993371,9993371,2025-09-04T23:22:31.743583
TN 87 8022,864547030175348,34.0,50.92,201.83,03/09/2025 15:19:39,13.0120337,79.9996662,9996662,2025-09-04T23:22:31.743723
TN 87 8022,864547030175348,25.0,51.15,201.74,03/09/2025 15:19:35,13.012216,79.9999141,9999141,2025-09-04T23:22:31.743885
TN 87 8022,864547030175348,17.0,51.36,201.74,03/09/2025 15:19:30,13.0123162,80.0001716,0001716,2025-09-04T23:22:31.744041
TN 87 8022,864547030175348,12.0,51.55,201.71,03/09/2025 15:19:25,13.0122494,80.0003528,0003528,2025-09-04T23:22:31.744188
TN 87 8022,864547030175348,21.0,51.72,201.52,03/09/2025 15:19:20,13.0121159,80.0005054,0005054,2025-09-04T23:22:31.744374
TN 87 8022,864547030175348,22.0,51.87,201.5,03/09/2025 15:19:16,13.0119335,80.0006198,0006198,2025-09-04T23:22:31.744552
TN 87 8022,864547030175348,19.0,51.99,201.44,03/09/2025 15:19:11,13.0117166,80.0007438,0007438,2025-09-04T23:22:31.744715
TN 87 8022,864547030175348,27.0,52.08,201.41,03/09/2025 15:19:06,13.0114495,80.0008869,0008869,2025-09-04T23:22:31.744854
TN 87 8022,864547030175348,32.0,52.22,201.26,03/09/2025 15:19:01,13.011167,80.0011539,0011539,2025-09-04T23:22:31.744993
TN 87 8022,864547030175348,28.0,52.31,201.22,03/09/2025 15:18:56,13.01095,80.0015449,0015449,2025-09-04T23:22:31.745123
TN 87 8022,864547030175348,15.0,52.36,201.18,03/09/2025 15:18:51,13.0107998,80.0018501,0018501,2025-09-04T23:22:31.745312
TN 87 8022,864547030175348,8.0,52.38,201.08,03/09/2025 15:18:45,13.0106997,80.0020503,0020503,2025-09-04T23:22:31.745532
TN 87 8022,864547030175348,9.0,52.4,201.05,03/09/2025 15:18:41,13.0106663,80.0021362,0021362,2025-09-04T23:22:31.745726
TN 87 8022,864547030175348,8.0,52.43,201.03,03/09/2025 15:18:36,13.0106163,80.0022697,0022697,2025-09-04T23:22:31.745903
TN 87 8022,864547030175348,13.0,52.46,200.94,03/09/2025 15:18:31,13.0105662,80.0023841,0023841,2025-09-04T23:22:31.746057
TN 87 8022,864547030175348,12.0,52.5,200.93,03/09/2025 15:18:26,13.010466,80.0025367,0025367,2025-09-04T23:22:31.746252
TN 87 8022,864547030175348,9.0,52.51,200.9,03/09/2025 15:18:21,13.0103838,80.0026321,0026321,2025-09-04T23:22:31.746424
TN 87 8022,864547030175348,9.0,52.53,200.79,03/09/2025 15:18:16,13.0102658,80.0027465,0027465,2025-09-04T23:22:31.746561
TN 87 8022,864547030175348,0.0,52.53,200.78,03/09/2025 15:18:11,13.0101835,80.0028324,0028324,2025-09-04T23:22:31.746695
TN 87 8022,864547030175348,0.0,52.53,200.77,03/09/2025 15:18:07,13.0101501,80.0028705,0028705,2025-09-04T23:22:31.746851
TN 87 8022,864547030175348,8.0,52.57,200.68,03/09/2025 15:18:01,13.0101168,80.0028991,0028991,2025-09-04T23:22:31.747005
TN 87 8022,864547030175348,7.0,52.6,200.67,03/09/2025 15:17:57,13.0100667,80.002985,0029850,2025-09-04T23:22:31.747159
TN 87 8022,864547030175348,7.0,52.62,200.65,03/09/2025 15:17:52,13.0100166,80.0030708,0030708,2025-09-04T23:22:31.747295
TN 87 8022,864547030175348,7.0,52.62,200.09,03/09/2025 15:17:47,13.0099165,80.0031661,0031661,2025-09-04T23:22:31.747447
TN 87 8022,864547030175348,0.0,52.62,199.95,03/09/2025 15:17:42,13.0098664,80.0031948,0031948,2025-09-04T23:22:31.747582
TN 87 8022,864547030175348,0.0,52.62,199.41,03/09/2025 15:17:37,13.0098176,80.0031948,0031948,2025-09-04T23:22:31.747719
TN 87 8022,864547030175348,0.0,52.62,198.52,03/09/2025 15:17:32,13.0097663,80.0032329,0032329,2025-09-04T23:22:31.747855
TN 87 8022,864547030175348,0.0,52.62,198.39,03/09/2025 15:17:27,13.0097663,80.0032329,0032329,2025-09-04T23:22:31.748047
TN 87 8022,864547030175348,0.0,52.62,198.27,03/09/2025 15:17:22,13.0097663,80.0032329,0032329,2025-09-04T23:22:31.748225
TN 87 8022,864547030175348,0.0,52.62,198.1,03/09/2025 15:17:18,13.0097663,80.0032329,0032329,2025-09-04T23:22:31.748411
TN 87 8022,864547030175348,0.0,52.62,197.41,03/09/2025 15:17:12,13.0097663,80.0032329,0032329,2025-09-04T23:22:31.748630
TN 87 8022,864547030175348,0.0,52.62,197.36,03/09/2025 15:17:08,13.0097663,80.0032329,0032329,2025-09-04T23:22:31.748851
TN 87 8022,864547030175348,0.0,52.62,197.93,03/09/2025 15:17:04,13.0097663,80.0032329,0032329,2025-09-04T23:22:31.749059
TN 87 8022,864547030175348,0.0,52.62,199.99,03/09/2025 15:16:59,13.0097329,80.0032615,0032615,2025-09-04T23:22:31.749213
TN 87 8022,864547030175348,0.0,52.62,200.43,03/09/2025 15:16:54,13.0096507,80.0032806,0032806,2025-09-04T23:22:31.749360
TN 87 8022,864547030175348,0.0,52.62,200.42,03/09/2025 15:16:49,13.0095994,80.0032806,0032806,2025-09-04T23:22:31.749572
TN 87 8022,864547030175348,0.0,52.62,200.4,03/09/2025 15:16:44,13.009566,80.0032615,0032615,2025-09-04T23:22:31.749785
TN 87 8022,864547030175348,0.0,52.62,200.39,03/09/2025 15:16:39,13.0095505,80.0032806,0032806,2025-09-04T23:22:31.749977
TN 87 8022,864547030175348,0.0,52.62,200.34,03/09/2025 15:16:34,13.0094993,80.0032615,0032615,2025-09-04T23:22:31.750147
TN 87 8022,864547030175348,0.0,52.62,199.44,03/09/2025 15:15:54,13.0095171,80.0032806,0032806,2025-09-04T23:22:31.750295
TN 87 8022,864547030175348,0.0,52.62,199.61,03/09/2025 15:15:49,13.0095171,80.0032806,0032806,2025-09-04T23:22:31.750481
TN 87 8022,864547030175348,0.0,52.62,199.61,03/09/2025 15:15:44,13.0095171,80.0032806,0032806,2025-09-04T23:22:31.750653
TN 87 8022,864547030175348,0.0,52.62,199.64,03/09/2025 15:15:39,13.0095171,80.0032806,0032806,2025-09-04T23:22:31.750789
TN 87 8022,864547030175348,0.0,52.62,199.69,03/09/2025 15:15:33,13.0095171,80.0032806,0032806,2025-09-04T23:22:31.750941
TN 87 8022,864547030175348,0.0,52.62,200.09,03/09/2025 15:15:29,13.0095171,80.0032806,0032806,2025-09-04T23:22:31.751080
TN 87 8022,864547030175348,0.0,52.62,200.25,03/09/2025 15:15:24,13.0095171,80.0032806,0032806,2025-09-04T23:22:31.751249
TN 87 8022,864547030175348,0.0,52.62,200.5,03/09/2025 15:15:19,13.0095171,80.0032806,0032806,2025-09-04T23:22:31.751418
TN 87 8022,864547030175348,0.0,52.62,202.42,03/09/2025 15:15:14,13.0095171,80.0032806,0032806,2025-09-04T23:22:31.751586
TN 87 8022,864547030175348,0.0,52.62,202.69,03/09/2025 15:15:09,13.0095171,80.0032806,0032806,2025-09-04T23:22:31.751732
TN 87 8022,864547030175348,0.0,52.62,202.62,03/09/2025 15:15:04,13.0095171,80.0032806,0032806,2025-09-04T23:22:31.751870
TN 87 8022,864547030175348,0.0,52.62,201.89,03/09/2025 15:14:59,13.0094993,80.0033378,0033378,2025-09-04T23:22:31.752006
TN 87 8022,864547030175348,0.0,52.62,201.89,03/09/2025 15:14:55,13.0094993,80.0033378,0033378,2025-09-04T23:22:31.752125
TN 87 8022,864547030175348,0.0,52.62,201.9,03/09/2025 15:14:50,13.0094993,80.0033378,0033378,2025-09-04T23:22:31.752269
TN 87 8022,864547030175348,0.0,52.62,201.92,03/09/2025 15:14:45,13.0094993,80.0033378,0033378,2025-09-04T23:22:31.752518
TN 87 8022,864547030175348,0.0,52.62,201.92,03/09/2025 15:14:41,13.0094993,80.0033473,0033473,2025-09-04T23:22:31.752756
TN 87 8022,864547030175348,0.0,52.62,201.92,03/09/2025 15:14:35,13.0094838,80.0033378,0033378,2025-09-04T23:22:31.752959
TN 87 8022,864547030175348,0.0,52.62,201.9,03/09/2025 15:14:30,13.0094838,80.0033378,0033378,2025-09-04T23:22:31.753142
TN 87 8022,864547030175348,0.0,52.62,201.89,03/09/2025 15:14:25,13.0094838,80.0033378,0033378,2025-09-04T23:22:31.753326
TN 87 8022,864547030175348,0.0,52.62,201.88,03/09/2025 15:14:20,13.0094838,80.0033378,0033378,2025-09-04T23:22:31.753522
TN 87 8022,864547030175348,0.0,52.62,201.56,03/09/2025 15:14:15,13.0094838,80.0033378,0033378,2025-09-04T23:22:31.753741
TN 87 8022,864547030175348,0.0,52.62,201.51,03/09/2025 15:14:11,13.0094838,80.0033378,0033378,2025-09-04T23:22:31.753902
TN 87 8022,864547030175348,0.0,52.62,201.35,03/09/2025 15:14:06,13.0094838,80.0033378,0033378,2025-09-04T23:22:31.754097
TN 87 8022,864547030175348,0.0,52.62,200.83,03/09/2025 15:14:01,13.0094993,80.0033378,0033378,2025-09-04T23:22:31.754284
TN 87 8022,864547030175348,0.0,52.62,200.67,03/09/2025 15:13:56,13.0094671,80.0033664,0033664,2025-09-04T23:22:31.754465
TN 87 8022,864547030175348,0.0,52.62,200.35,03/09/2025 15:13:51,13.0094337,80.0034141,0034141,2025-09-04T23:22:31.754669
TN 87 8022,864547030175348,0.0,52.62,201.65,03/09/2025 15:13:46,13.0094003,80.0034523,0034523,2025-09-04T23:22:31.754861
TN 87 8022,864547030175348,0.0,52.62,201.86,03/09/2025 15:13:41,13.0093336,80.0034618,0034618,2025-09-04T23:22:31.755034
TN 87 8022,864547030175348,0.0,52.62,202.45,03/09/2025 15:13:37,13.0092835,80.0034999,0034999,2025-09-04T23:22:31.755191
TN 87 8022,864547030175348,0.0,52.62,203.18,03/09/2025 15:13:32,13.0092334,80.0035285,0035285,2025-09-04T23:22:31.755348
TN 87 8022,864547030175348,0.0,52.62,203.18,03/09/2025 15:13:27,13.0092,80.0035667,0035667,2025-09-04T23:22:31.755544
TN 87 8022,864547030175348,0.0,52.62,202.97,03/09/2025 15:13:22,13.0091834,80.0036144,0036144,2025-09-04T23:22:31.755740
TN 87 8022,864547030175348,0.0,52.62,202.82,03/09/2025 15:13:17,13.0091834,80.003643,0036430,2025-09-04T23:22:31.755915
TN 87 8022,864547030175348,0.0,52.62,202.39,03/09/2025 15:13:12,13.0091667,80.0036811,0036811,2025-09-04T23:22:31.756100
TN 87 8022,864547030175348,0.0,52.62,202.26,03/09/2025 15:13:07,13.0091166,80.0037288,0037288,2025-09-04T23:22:31.756312
TN 87 8022,864547030175348,0.0,52.62,202.25,03/09/2025 15:13:03,13.0091166,80.0037288,0037288,2025-09-04T23:22:31.756507
TN 87 8022,864547030175348,0.0,52.62,202.27,03/09/2025 15:12:58,13.0091166,80.0037288,0037288,2025-09-04T23:22:31.756721
TN 87 8022,864547030175348,0.0,52.62,202.27,03/09/2025 15:12:53,13.0091166,80.0037288,0037288,2025-09-04T23:22:31.756903
TN 87 8022,864547030175348,0.0,52.62,202.27,03/09/2025 15:12:47,13.0091166,80.0037288,0037288,2025-09-04T23:22:31.757094
TN 87 8022,864547030175348,0.0,52.62,202.24,03/09/2025 15:12:43,13.0091166,80.0037288,0037288,2025-09-04T23:22:31.757286
TN 87 8022,864547030175348,0.0,52.62,202.23,03/09/2025 15:12:38,13.0091166,80.0037288,0037288,2025-09-04T23:22:31.757469
TN 87 8022,864547030175348,0.0,52.62,202.22,03/09/2025 15:12:33,13.0091166,80.0037574,0037574,2025-09-04T23:22:31.757644
TN 87 8022,864547030175348,0.0,52.62,202.22,03/09/2025 15:12:28,13.0090999,80.0037574,0037574,2025-09-04T23:22:31.757798
TN 87 8022,864547030175348,0.0,52.62,202.22,03/09/2025 15:12:23,13.0090832,80.0037574,0037574,2025-09-04T23:22:31.757986
TN 87 8022,864547030175348,0.0,52.62,202.21,03/09/2025 15:12:19,13.0090999,80.003767,0037670,2025-09-04T23:22:31.758241
TN 87 8022,864547030175348,0.0,52.62,202.2,03/09/2025 15:12:13,13.0091166,80.0037574,0037574,2025-09-04T23:22:31.758550
TN 87 8022,864547030175348,0.0,52.62,202.2,03/09/2025 15:12:09,13.0091333,80.0037288,0037288,2025-09-04T23:22:31.758790
TN 87 8022,864547030175348,0.0,52.62,202.2,03/09/2025 15:12:04,13.00915,80.0037002,0037002,2025-09-04T23:22:31.758992
TN 87 8022,864547030175348,0.0,52.62,202.14,03/09/2025 15:11:59,13.0091834,80.003643,0036430,2025-09-04T23:22:31.759182
TN 87 8022,864547030175348,0.0,52.62,202.14,03/09/2025 15:11:54,13.0091834,80.0036334,0036334,2025-09-04T23:22:31.759369
TN 87 8022,864547030175348,0.0,52.62,202.13,03/09/2025 15:11:49,13.0092,80.0036144,0036144,2025-09-04T23:22:31.759551
TN 87 8022,864547030175348,0.0,52.62,202.12,03/09/2025 15:11:45,13.0092334,80.0037193,0037193,2025-09-04T23:22:31.759704
TN 87 8022,864547030175348,0.0,52.62,202.12,03/09/2025 15:11:39,13.0092668,80.0037193,0037193,2025-09-04T23:22:31.759840
TN 87 8022,864547030175348,0.0,52.62,202.13,03/09/2025 15:11:35,13.0092835,80.003786,0037860,2025-09-04T23:22:31.759978
TN 87 8022,864547030175348,0.0,52.62,202.16,03/09/2025 15:11:30,13.0092835,80.003786,0037860,2025-09-04T23:22:31.760132
TN 87 8022,864547030175348,0.0,52.62,202.17,03/09/2025 15:11:24,13.0092835,80.003786,0037860,2025-09-04T23:22:31.760322
TN 87 8022,864547030175348,0.0,52.62,202.16,03/09/2025 15:11:20,13.0092835,80.003786,0037860,2025-09-04T23:22:31.760493
TN 87 8022,864547030175348,0.0,52.62,202.14,03/09/2025 15:11:15,13.0092835,80.003786,0037860,2025-09-04T23:22:31.760670
TN 87 8022,864547030175348,0.0,52.62,202.14,03/09/2025 15:11:10,13.0092835,80.003786,0037860,2025-09-04T23:22:31.760854
TN 87 8022,864547030175348,0.0,52.62,202.16,03/09/2025 15:11:05,13.0092835,80.003786,0037860,2025-09-04T23:22:31.761009
TN 87 8022,864547030175348,0.0,52.62,202.17,03/09/2025 15:11:00,13.0093002,80.0038814,0038814,2025-09-04T23:22:31.761194
TN 87 8022,864547030175348,0.0,52.62,202.19,03/09/2025 15:10:55,13.0092835,80.0038814,0038814,2025-09-04T23:22:31.761393
TN 87 8022,864547030175348,0.0,52.62,202.19,03/09/2025 15:10:50,13.0092668,80.0038719,0038719,2025-09-04T23:22:31.761596
TN 87 8022,864547030175348,0.0,52.62,202.2,03/09/2025 15:10:46,13.0092835,80.0038146,0038146,2025-09-04T23:22:31.761779
TN 87 8022,864547030175348,0.0,52.62,201.92,03/09/2025 15:10:41,13.0093002,80.003786,0037860,2025-09-04T23:22:31.761936
TN 87 8022,864547030175348,0.0,52.62,201.77,03/09/2025 15:10:36,13.0092668,80.003786,0037860,2025-09-04T23:22:31.762072
TN 87 8022,864547030175348,0.0,52.62,201.51,03/09/2025 15:10:31,13.0092835,80.003767,0037670,2025-09-04T23:22:31.762229
TN 87 8022,864547030175348,0.0,52.62,199.39,03/09/2025 15:10:26,13.0092668,80.0037002,0037002,2025-09-04T23:22:31.762367
TN 87 8022,864547030175348,0.0,52.62,199.02,03/09/2025 15:10:21,13.0092668,80.0037193,0037193,2025-09-04T23:22:31.762495
TN 87 8022,864547030175348,0.0,52.62,199.5,03/09/2025 15:10:17,13.0092835,80.0036811,0036811,2025-09-04T23:22:31.762619
TN 87 8022,864547030175348,0.0,52.62,199.64,03/09/2025 15:10:11,13.0093002,80.0036811,0036811,2025-09-04T23:22:31.762739
TN 87 8022,864547030175348,0.0,52.62,199.43,03/09/2025 15:10:06,13.0093336,80.0037574,0037574,2025-09-04T23:22:31.762871
TN 87 8022,864547030175348,0.0,52.62,199.19,03/09/2025 15:10:01,13.0093502,80.0038146,0038146,2025-09-04T23:22:31.763018
TN 87 8022,864547030175348,0.0,52.62,200.09,03/09/2025 15:09:57,13.0093669,80.0037956,0037956,2025-09-04T23:22:31.763154
TN 87 8022,864547030175348,0.0,52.62,199.84,03/09/2025 15:09:52,13.0092835,80.003767,0037670,2025-09-04T23:22:31.763306
TN 87 8022,864547030175348,0.0,52.62,199.67,03/09/2025 15:09:47,13.0092334,80.0037288,0037288,2025-09-04T23:22:31.763501
TN 87 8022,864547030175348,0.0,52.62,199.36,03/09/2025 15:09:42,13.0092167,80.0037002,0037002,2025-09-04T23:22:31.763648
TN 87 8022,864547030175348,0.0,52.62,199.34,03/09/2025 15:09:37,13.0091834,80.003643,0036430,2025-09-04T23:22:31.763770
TN 87 8022,864547030175348,0.0,52.62,199.24,03/09/2025 15:09:33,13.0091667,80.0035285,0035285,2025-09-04T23:22:31.763902
TN 87 8022,864547030175348,0.0,52.62,198.71,03/09/2025 15:09:27,13.00915,80.0035285,0035285,2025-09-04T23:22:31.764041
TN 87 8022,864547030175348,0.0,52.62,199.03,03/09/2025 15:09:22,13.0090999,80.0035285,0035285,2025-09-04T23:22:31.764184
TN 87 8022,864547030175348,0.0,52.62,199.39,03/09/2025 15:09:17,13.0090665,80.0035476,0035476,2025-09-04T23:22:31.764352
TN 87 8022,864547030175348,5.0,52.62,199.29,03/09/2025 15:09:14,13.0090332,80.0035476,0035476,2025-09-04T23:22:31.764542
TN 87 8022,864547030175348,0.0,52.62,199.24,03/09/2025 15:09:09,13.0090165,80.0035667,0035667,2025-09-04T23:22:31.764727
TN 87 8022,864547030175348,0.0,52.62,199.07,03/09/2025 15:09:04,13.0090165,80.0036144,0036144,2025-09-04T23:22:31.764904
TN 87 8022,864547030175348,0.0,52.62,198.62,03/09/2025 15:08:59,13.0089998,80.0036334,0036334,2025-09-04T23:22:31.765057
TN 87 8022,864547030175348,0.0,52.62,198.62,03/09/2025 15:08:54,13.0089998,80.003643,0036430,2025-09-04T23:22:31.765174
TN 87 8022,864547030175348,5.0,52.62,198.91,03/09/2025 15:08:49,13.0089831,80.0036811,0036811,2025-09-04T23:22:31.765278
TN 87 8022,864547030175348,0.0,52.62,199.16,03/09/2025 15:08:44,13.0089497,80.0037288,0037288,2025-09-04T23:22:31.765405
TN 87 8022,864547030175348,8.0,52.62,198.32,03/09/2025 15:08:38,13.0088496,80.0036811,0036811,2025-09-04T23:22:31.766042
TN 87 8022,864547030175348,9.0,52.62,198.26,03/09/2025 15:08:34,13.0088162,80.0036811,0036811,2025-09-04T23:22:31.766240
TN 87 8022,864547030175348,9.0,52.62,198.25,03/09/2025 15:08:29,13.0088663,80.0037193,0037193,2025-09-04T23:22:31.766459
TN 87 8022,864547030175348,8.0,52.62,198.27,03/09/2025 15:08:24,13.008933,80.0037574,0037574,2025-09-04T23:22:31.766657
TN 87 8022,864547030175348,8.0,52.62,198.27,03/09/2025 15:08:19,13.0089831,80.003767,0037670,2025-09-04T23:22:31.766881
TN 87 8022,864547030175348,7.0,52.62,198.27,03/09/2025 15:08:14,13.0090332,80.003786,0037860,2025-09-04T23:22:31.767110
TN 87 8022,864547030175348,5.0,52.62,198.22,03/09/2025 15:08:10,13.0090665,80.0037956,0037956,2025-09-04T23:22:31.767306
TN 87 8022,864547030175348,0.0,52.62,198.22,03/09/2025 15:08:04,13.0090498,80.003786,0037860,2025-09-04T23:22:31.767514
TN 87 8022,864547030175348,0.0,52.62,198.23,03/09/2025 15:08:00,13.0090165,80.003767,0037670,2025-09-04T23:22:31.767702
TN 87 8022,864547030175348,0.0,52.62,198.27,03/09/2025 15:07:55,13.0089831,80.003767,0037670,2025-09-04T23:22:31.767962
TN 87 8022,864547030175348,0.0,52.62,198.28,03/09/2025 15:07:51,13.0089998,80.0038337,0038337,2025-09-04T23:22:31.768161
TN 87 8022,864547030175348,0.0,52.62,198.29,03/09/2025 15:07:46,13.0089998,80.0038337,0038337,2025-09-04T23:22:31.768355
TN 87 8022,864547030175348,0.0,52.62,198.32,03/09/2025 15:07:41,13.0089998,80.0038337,0038337,2025-09-04T23:22:31.768573
TN 87 8022,864547030175348,0.0,52.62,198.35,03/09/2025 15:03:20,13.0089998,80.0038337,0038337,2025-09-04T23:22:31.768711
TN 87 8022,864547030175348,0.0,52.62,198.55,03/09/2025 14:53:33,13.0090832,80.0039672,0039672,2025-09-04T23:22:31.768851
TN 87 8022,864547030175348,0.0,52.62,198.46,03/09/2025 14:43:48,13.0091166,80.00391,0039100,2025-09-04T23:22:31.768972
TN 87 8022,864547030175348,0.0,52.62,198.41,03/09/2025 14:34:02,13.0091834,80.00391,0039100,2025-09-04T23:22:31.769103
TN 87 8022,864547030175348,0.0,52.62,198.39,03/09/2025 14:24:16,13.0090165,80.003786,0037860,2025-09-04T23:22:31.769222
TN 87 8022,864547030175348,0.0,52.62,198.4,03/09/2025 14:14:30,13.0090665,80.0039386,0039386,2025-09-04T23:22:31.769347
TN 87 8022,864547030175348,0.0,52.62,198.4,03/09/2025 14:04:45,13.0090665,80.0037002,0037002,2025-09-04T23:22:31.769537
TN 87 8022,864547030175348,0.0,52.62,198.39,03/09/2025 13:54:59,13.0090665,80.0037002,0037002,2025-09-04T23:22:31.769697
TN 87 8022,864547030175348,0.0,52.62,198.39,03/09/2025 13:45:13,13.0089497,80.003643,0036430,2025-09-04T23:22:31.769838
TN 87 8022,864547030175348,0.0,52.62,198.41,03/09/2025 13:35:27,13.0089664,80.0036716,0036716,2025-09-04T23:22:31.769979
TN 87 8022,864547030175348,0.0,52.62,198.38,03/09/2025 13:25:40,13.0088496,80.0038146,0038146,2025-09-04T23:22:31.770124
TN 87 8022,864547030175348,0.0,52.62,198.39,03/09/2025 13:25:35,13.0088496,80.0038146,0038146,2025-09-04T23:22:31.770268
TN 87 8022,864547030175348,0.0,52.62,198.37,03/09/2025 13:25:30,13.0088496,80.0038146,0038146,2025-09-04T23:22:31.770397
TN 87 8022,864547030175348,0.0,52.62,198.33,03/09/2025 13:25:26,13.0088496,80.0038146,0038146,2025-09-04T23:22:31.770594
TN 87 8022,864547030175348,0.0,52.62,198.33,03/09/2025 13:25:20,13.0088496,80.0038146,0038146,2025-09-04T23:22:31.770791
TN 87 8022,864547030175348,0.0,52.62,198.34,03/09/2025 13:25:16,13.0088496,80.0038146,0038146,2025-09-04T23:22:31.770978
TN 87 8022,864547030175348,0.0,52.62,198.3,03/09/2025 13:25:11,13.0088496,80.0038146,0038146,2025-09-04T23:22:31.771163
TN 87 8022,864547030175348,0.0,52.62,198.29,03/09/2025 13:25:05,13.0088496,80.0038146,0038146,2025-09-04T23:22:31.771334
TN 87 8022,864547030175348,0.0,52.62,198.25,03/09/2025 13:25:01,13.0088496,80.0038146,0038146,2025-09-04T23:22:31.771525
TN 87 8022,864547030175348,0.0,52.62,197.99,03/09/2025 13:24:56,13.0088496,80.0038146,0038146,2025-09-04T23:22:31.771704
TN 87 8022,864547030175348,0.0,52.62,197.97,03/09/2025 13:24:51,13.0088496,80.0038146,0038146,2025-09-04T23:22:31.771901
TN 87 8022,864547030175348,0.0,52.62,197.99,03/09/2025 13:24:47,13.0088496,80.0038146,0038146,2025-09-04T23:22:31.772055
TN 87 8022,864547030175348,0.0,52.62,198.03,03/09/2025 13:24:41,13.0088496,80.0038146,0038146,2025-09-04T23:22:31.772191
TN 87 8022,864547030175348,0.0,52.62,198.03,03/09/2025 13:24:36,13.0087828,80.0038146,0038146,2025-09-04T23:22:31.772323
TN 87 8022,864547030175348,7.0,52.74,198.03,03/09/2025 13:24:32,13.0086827,80.0037956,0037956,2025-09-04T23:22:31.772470
TN 87 8022,864547030175348,9.0,52.84,197.64,03/09/2025 13:24:26,13.0084824,80.0038337,0038337,2025-09-04T23:22:31.772604
TN 87 8022,864547030175348,9.0,52.93,197.54,03/09/2025 13:24:22,13.0083668,80.0038146,0038146,2025-09-04T23:22:31.772732
TN 87 8022,864547030175348,10.0,53.0,197.54,03/09/2025 13:24:17,13.0082333,80.0038337,0038337,2025-09-04T23:22:31.772904
TN 87 8022,864547030175348,9.0,53.06,202.01,03/09/2025 13:24:12,13.0080831,80.0038337,0038337,2025-09-04T23:22:31.773056
TN 87 8022,864547030175348,10.0,53.1,202.8,03/09/2025 13:24:07,13.007934,80.0038337,0038337,2025-09-04T23:22:31.773209
TN 87 8022,864547030175348,11.0,53.12,204.01,03/09/2025 13:24:02,13.0077826,80.0038528,0038528,2025-09-04T23:22:31.773406
TN 87 8022,864547030175348,11.0,53.12,202.66,03/09/2025 13:23:57,13.0075836,80.0038814,0038814,2025-09-04T23:22:31.773564
TN 87 8022,864547030175348,6.0,53.14,202.87,03/09/2025 13:23:53,13.0075335,80.00391,0039100,2025-09-04T23:22:31.773700
TN 87 8022,864547030175348,0.0,53.14,203.08,03/09/2025 13:23:48,13.0075001,80.004034,0040340,2025-09-04T23:22:31.773825
TN 87 8022,864547030175348,0.0,53.14,203.32,03/09/2025 13:23:43,13.0074667,80.004177,0041770,2025-09-04T23:22:31.773963
TN 87 8022,864547030175348,5.0,53.17,203.17,03/09/2025 13:23:38,13.0074501,80.0043201,0043201,2025-09-04T23:22:31.774122
TN 87 8022,864547030175348,7.0,53.18,202.56,03/09/2025 13:23:33,13.0074334,80.0044441,0044441,2025-09-04T23:22:31.774276
TN 87 8022,864547030175348,6.0,53.2,204.29,03/09/2025 13:23:28,13.0074501,80.0045967,0045967,2025-09-04T23:22:31.774464
TN 87 8022,864547030175348,6.0,53.21,204.29,03/09/2025 13:23:23,13.0075001,80.0047302,0047302,2025-09-04T23:22:31.774620
TN 87 8022,864547030175348,9.0,53.24,205.09,03/09/2025 13:23:19,13.0075669,80.0048637,0048637,2025-09-04T23:22:31.774776
TN 87 8022,864547030175348,8.0,53.27,206.26,03/09/2025 13:23:14,13.0076503,80.0050354,0050354,2025-09-04T23:22:31.774926
TN 87 8022,864547030175348,12.0,53.29,208.48,03/09/2025 13:23:08,13.0078673,80.0052642,0052642,2025-09-04T23:22:31.775044
TN 87 8022,864547030175348,9.0,53.3,209.37,03/09/2025 13:23:04,13.0080342,80.0053596,0053596,2025-09-04T23:22:31.775161
TN 87 8022,864547030175348,8.0,53.32,209.82,03/09/2025 13:23:00,13.0081498,80.0053977,0053977,2025-09-04T23:22:31.775294
TN 87 8022,864547030175348,9.0,53.35,209.58,03/09/2025 13:22:56,13.0082833,80.0054359,0054359,2025-09-04T23:22:31.775435
TN 87 8022,864547030175348,10.0,53.37,209.28,03/09/2025 13:22:50,13.0085492,80.005474,0054740,2025-09-04T23:22:31.775641
TN 87 8022,864547030175348,10.0,53.39,209.08,03/09/2025 13:22:45,13.0087339,80.0054454,0054454,2025-09-04T23:22:31.775836
TN 87 8022,864547030175348,8.0,53.4,208.73,03/09/2025 13:22:40,13.0088663,80.0054454,0054454,2025-09-04T23:22:31.776005
TN 87 8022,864547030175348,8.0,53.4,208.73,03/09/2025 13:22:40,13.0088663,80.0054454,0054454,2025-09-04T23:22:31.776146
TN 87 8022,864547030175348,0.0,53.4,208.81,03/09/2025 13:22:35,13.0089831,80.0054454,0054454,2025-09-04T23:22:31.776264
TN 87 8022,864547030175348,0.0,53.4,208.81,03/09/2025 13:22:35,13.0089831,80.0054454,0054454,2025-09-04T23:22:31.776385
TN 87 8022,864547030175348,7.0,53.41,208.81,03/09/2025 13:22:29,13.0090832,80.0054454,0054454,2025-09-04T23:22:31.776497
TN 87 8022,864547030175348,7.0,53.41,208.81,03/09/2025 13:22:29,13.0090832,80.0054454,0054454,2025-09-04T23:22:31.776625
TN 87 8022,864547030175348,6.0,53.42,208.8,03/09/2025 13:22:25,13.00915,80.0053977,0053977,2025-09-04T23:22:31.776747
TN 87 8022,864547030175348,6.0,53.42,208.8,03/09/2025 13:22:25,13.00915,80.0053977,0053977,2025-09-04T23:22:31.776894
TN 87 8022,864547030175348,0.0,53.42,208.69,03/09/2025 13:22:20,13.0092501,80.0053596,0053596,2025-09-04T23:22:31.777022
TN 87 8022,864547030175348,0.0,53.42,208.69,03/09/2025 13:22:20,13.0092501,80.0053596,0053596,2025-09-04T23:22:31.777131
TN 87 8022,864547030175348,0.0,53.42,208.66,03/09/2025 13:22:16,13.0093002,80.0053596,0053596,2025-09-04T23:22:31.777270
TN 87 8022,864547030175348,0.0,53.42,208.66,03/09/2025 13:22:16,13.0093002,80.0053596,0053596,2025-09-04T23:22:31.777389
TN 87 8022,864547030175348,0.0,53.42,208.64,03/09/2025 13:22:11,13.0094337,80.0053024,0053024,2025-09-04T23:22:31.777517
TN 87 8022,864547030175348,0.0,53.42,208.64,03/09/2025 13:22:11,13.0094337,80.0053024,0053024,2025-09-04T23:22:31.777639
TN 87 8022,864547030175348,0.0,53.42,207.12,03/09/2025 13:22:06,13.0095171,80.0052833,0052833,2025-09-04T23:22:31.777769
TN 87 8022,864547030175348,0.0,53.42,203.54,03/09/2025 13:21:31,13.0097508,80.0052452,0052452,2025-09-04T23:22:31.777897
TN 87 8022,864547030175348,0.0,53.42,201.72,03/09/2025 13:21:26,13.0097842,80.005207,0052070,2025-09-04T23:22:31.778048
TN 87 8022,864547030175348,0.0,53.42,201.38,03/09/2025 13:21:21,13.0098497,80.0051307,0051307,2025-09-04T23:22:31.778171
TN 87 8022,864547030175348,0.0,53.42,201.31,03/09/2025 13:21:16,13.0098998,80.0050926,0050926,2025-09-04T23:22:31.778291
TN 87 8022,864547030175348,0.0,53.42,201.02,03/09/2025 13:21:11,13.0099332,80.0051307,0051307,2025-09-04T23:22:31.778434
TN 87 8022,864547030175348,0.0,53.42,198.17,03/09/2025 13:21:07,13.0099332,80.0051307,0051307,2025-09-04T23:22:31.778565
TN 87 8022,864547030175348,0.0,53.42,197.89,03/09/2025 13:21:02,13.0099332,80.0051307,0051307,2025-09-04T23:22:31.778702
TN 87 8022,864547030175348,0.0,53.42,197.82,03/09/2025 13:20:57,13.0099332,80.0051784,0051784,2025-09-04T23:22:31.778835
TN 87 8022,864547030175348,0.0,53.42,202.27,03/09/2025 13:20:52,13.0099499,80.0053215,0053215,2025-09-04T23:22:31.779408
TN 87 8022,864547030175348,10.0,53.46,203.03,03/09/2025 13:20:47,13.0100333,80.0054454,0054454,2025-09-04T23:22:31.779631
TN 87 8022,864547030175348,12.0,53.48,205.62,03/09/2025 13:20:42,13.0101335,80.0055885,0055885,2025-09-04T23:22:31.779829
TN 87 8022,864547030175348,16.0,53.5,207.93,03/09/2025 13:20:37,13.0102992,80.0056648,0056648,2025-09-04T23:22:31.780075
TN 87 8022,864547030175348,8.0,53.53,207.92,03/09/2025 13:20:32,13.0104839,80.0057792,0057792,2025-09-04T23:22:31.780324
TN 87 8022,864547030175348,9.0,53.57,207.92,03/09/2025 13:20:27,13.0105829,80.005865,0058650,2025-09-04T23:22:31.780541
TN 87 8022,864547030175348,19.0,53.59,207.91,03/09/2025 13:20:22,13.0105495,80.0060844,0060844,2025-09-04T23:22:31.780779
TN 87 8022,864547030175348,16.0,53.61,207.96,03/09/2025 13:20:18,13.0106496,80.0061988,0061988,2025-09-04T23:22:31.780981
TN 87 8022,864547030175348,18.0,53.63,207.96,03/09/2025 13:20:13,13.0108165,80.0063037,0063037,2025-09-04T23:22:31.781183
TN 87 8022,864547030175348,17.0,53.65,207.96,03/09/2025 13:20:08,13.0109667,80.0063991,0063991,2025-09-04T23:22:31.781374
TN 87 8022,864547030175348,15.0,53.68,207.6,03/09/2025 13:20:03,13.011167,80.0065135,0065135,2025-09-04T23:22:31.781563
TN 87 8022,864547030175348,9.0,53.69,207.45,03/09/2025 13:19:58,13.0113494,80.006628,0066280,2025-09-04T23:22:31.781723
TN 87 8022,864547030175348,8.0,53.69,207.44,03/09/2025 13:19:53,13.011434,80.0066661,0066661,2025-09-04T23:22:31.781921
TN 87 8022,864547030175348,7.0,53.7,208.7,03/09/2025 13:19:48,13.0114829,80.0067329,0067329,2025-09-04T23:22:31.782122
TN 87 8022,864547030175348,6.0,53.7,209.48,03/09/2025 13:19:43,13.0115497,80.0068092,0068092,2025-09-04T23:22:31.782302
TN 87 8022,864547030175348,5.0,53.7,210.2,03/09/2025 13:19:38,13.0115675,80.0068664,0068664,2025-09-04T23:22:31.782514
TN 87 8022,864547030175348,0.0,53.7,210.13,03/09/2025 13:19:34,13.011583,80.0069236,0069236,2025-09-04T23:22:31.782657
TN 87 8022,864547030175348,5.0,53.71,210.12,03/09/2025 13:19:30,13.011583,80.0069332,0069332,2025-09-04T23:22:31.782813
TN 87 8022,864547030175348,0.0,53.71,210.1,03/09/2025 13:19:25,13.0116665,80.007019,0070190,2025-09-04T23:22:31.782942
TN 87 8022,864547030175348,0.0,53.71,209.98,03/09/2025 13:19:20,13.0116999,80.0070762,0070762,2025-09-04T23:22:31.783092
TN 87 8022,864547030175348,0.0,53.71,209.96,03/09/2025 13:19:15,13.0116999,80.0071334,0071334,2025-09-04T23:22:31.783220
TN 87 8022,864547030175348,0.0,53.71,209.94,03/09/2025 13:19:10,13.0116999,80.0071334,0071334,2025-09-04T23:22:31.783362
TN 87 8022,864547030175348,0.0,53.71,204.98,03/09/2025 13:18:33,13.0116665,80.0071525,0071525,2025-09-04T23:22:31.783521
TN 87 8022,864547030175348,0.0,53.71,205.09,03/09/2025 13:18:28,13.0116665,80.0071525,0071525,2025-09-04T23:22:31.783694
TN 87 8022,864547030175348,0.0,53.71,205.11,03/09/2025 13:18:23,13.0116498,80.0071525,0071525,2025-09-04T23:22:31.783860
TN 87 8022,864547030175348,0.0,53.71,205.2,03/09/2025 13:18:18,13.0116999,80.0071525,0071525,2025-09-04T23:22:31.783984
TN 87 8022,864547030175348,0.0,53.71,205.28,03/09/2025 13:18:13,13.0116999,80.0071525,0071525,2025-09-04T23:22:31.784105
TN 87 8022,864547030175348,0.0,53.71,205.29,03/09/2025 13:18:08,13.0116999,80.0071525,0071525,2025-09-04T23:22:31.784260
TN 87 8022,864547030175348,0.0,53.71,205.29,03/09/2025 13:18:03,13.0116999,80.0071525,0071525,2025-09-04T23:22:31.784471
TN 87 8022,864547030175348,0.0,53.71,205.29,03/09/2025 13:17:59,13.0116999,80.0071525,0071525,2025-09-04T23:22:31.784638
TN 87 8022,864547030175348,0.0,53.71,205.29,03/09/2025 13:17:59,13.0116999,80.0071525,0071525,2025-09-04T23:22:31.784799
TN 87 8022,864547030175348,0.0,53.71,205.29,03/09/2025 13:17:54,13.0116999,80.0071525,0071525,2025-09-04T23:22:31.784962
TN 87 8022,864547030175348,0.0,53.71,205.29,03/09/2025 13:17:54,13.0116999,80.0071525,0071525,2025-09-04T23:22:31.785153
TN 87 8022,864547030175348,0.0,53.71,205.29,03/09/2025 13:17:54,13.0116999,80.0071525,0071525,2025-09-04T23:22:31.785303
TN 87 8022,864547030175348,0.0,53.71,205.29,03/09/2025 13:17:49,13.0116999,80.0071525,0071525,2025-09-04T23:22:31.785428
TN 87 8022,864547030175348,0.0,53.71,205.29,03/09/2025 13:17:49,13.0116999,80.0071525,0071525,2025-09-04T23:22:31.785717
TN 87 8022,864547030175348,0.0,53.71,205.29,03/09/2025 13:17:49,13.0116999,80.0071525,0071525,2025-09-04T23:22:31.785896
TN 87 8022,864547030175348,0.0,53.71,205.29,03/09/2025 13:17:49,13.0116999,80.0071525,0071525,2025-09-04T23:22:31.786080
TN 87 8022,864547030175348,0.0,53.71,205.34,03/09/2025 13:09:44,13.0116665,80.0071525,0071525,2025-09-04T23:22:31.786272
TN 87 8022,864547030175348,0.0,53.71,205.34,03/09/2025 13:09:44,13.0116665,80.0071525,0071525,2025-09-04T23:22:31.786418
TN 87 8022,864547030175348,0.0,53.71,205.34,03/09/2025 13:09:44,13.0116665,80.0071525,0071525,2025-09-04T23:22:31.786575
TN 87 8022,864547030175348,0.0,53.71,205.34,03/09/2025 13:09:44,13.0116665,80.0071525,0071525,2025-09-04T23:22:31.786725
TN 87 8022,864547030175348,0.0,53.71,205.35,03/09/2025 12:59:59,13.0116331,80.0071907,0071907,2025-09-04T23:22:31.786831
TN 87 8022,864547030175348,0.0,53.71,205.35,03/09/2025 12:59:59,13.0116331,80.0071907,0071907,2025-09-04T23:22:31.786953
TN 87 8022,864547030175348,0.0,53.71,205.35,03/09/2025 12:59:59,13.0116331,80.0071907,0071907,2025-09-04T23:22:31.787094
TN 87 8022,864547030175348,0.0,53.71,205.35,03/09/2025 12:59:59,13.0116331,80.0071907,0071907,2025-09-04T23:22:31.787230
TN 87 8022,864547030175348,0.0,53.71,205.34,03/09/2025 12:50:13,13.0116498,80.0071048,0071048,2025-09-04T23:22:31.787409
TN 87 8022,864547030175348,0.0,53.71,205.34,03/09/2025 12:50:13,13.0116498,80.0071048,0071048,2025-09-04T23:22:31.787563
TN 87 8022,864547030175348,0.0,53.71,205.34,03/09/2025 12:50:13,13.0116498,80.0071048,0071048,2025-09-04T23:22:31.787735
TN 87 8022,864547030175348,0.0,53.71,205.34,03/09/2025 12:50:13,13.0116498,80.0071048,0071048,2025-09-04T23:22:31.787905
TN 87 8022,864547030175348,0.0,53.71,205.37,03/09/2025 12:40:28,13.0116164,80.0071048,0071048,2025-09-04T23:22:31.788045
TN 87 8022,864547030175348,0.0,53.71,205.38,03/09/2025 12:30:42,13.011583,80.0070381,0070381,2025-09-04T23:22:31.788204
TN 87 8022,864547030175348,0.0,53.71,205.36,03/09/2025 12:20:56,13.011583,80.0070381,0070381,2025-09-04T23:22:31.788322
TN 87 8022,864547030175348,0.0,53.71,205.39,03/09/2025 12:11:10,13.0116331,80.007162,0071620,2025-09-04T23:22:31.788425
TN 87 8022,864547030175348,0.0,53.71,205.39,03/09/2025 12:01:24,13.011583,80.0071334,0071334,2025-09-04T23:22:31.788535
TN 87 8022,864547030175348,0.0,53.71,205.37,03/09/2025 11:51:37,13.011583,80.0070762,0070762,2025-09-04T23:22:31.788669
TN 87 8022,864547030175348,0.0,53.71,205.37,03/09/2025 11:41:52,13.0116331,80.0072002,0072002,2025-09-04T23:22:31.788798
TN 87 8022,864547030175348,0.0,53.71,205.35,03/09/2025 11:32:06,13.0116331,80.0072002,0072002,2025-09-04T23:22:31.788923
TN 87 8022,864547030175348,0.0,53.71,205.34,03/09/2025 11:22:19,13.0116498,80.007162,0071620,2025-09-04T23:22:31.789046
TN 87 8022,864547030175348,0.0,53.71,205.34,03/09/2025 11:22:19,13.0116498,80.007162,0071620,2025-09-04T23:22:31.789178
TN 87 8022,864547030175348,0.0,53.71,205.34,03/09/2025 11:22:14,13.0116498,80.007162,0071620,2025-09-04T23:22:31.789292
TN 87 8022,864547030175348,0.0,53.71,205.34,03/09/2025 11:22:14,13.0116498,80.007162,0071620,2025-09-04T23:22:31.789408
TN 87 8022,864547030175348,0.0,53.71,205.33,03/09/2025 11:22:10,13.0116331,80.007162,0071620,2025-09-04T23:22:31.789538
TN 87 8022,864547030175348,0.0,53.71,205.33,03/09/2025 11:22:10,13.0116331,80.007162,0071620,2025-09-04T23:22:31.789688
TN 87 8022,864547030175348,0.0,53.71,205.32,03/09/2025 11:22:04,13.0116164,80.007162,0071620,2025-09-04T23:22:31.789825
TN 87 8022,864547030175348,0.0,53.71,205.32,03/09/2025 11:22:04,13.0116164,80.007162,0071620,2025-09-04T23:22:31.789961
TN 87 8022,864547030175348,0.0,53.71,205.32,03/09/2025 11:22:00,13.0116164,80.007162,0071620,2025-09-04T23:22:31.790097
TN 87 8022,864547030175348,0.0,53.71,205.32,03/09/2025 11:22:00,13.0116164,80.007162,0071620,2025-09-04T23:22:31.790234
TN 87 8022,864547030175348,0.0,53.71,205.32,03/09/2025 11:22:00,13.0116164,80.007162,0071620,2025-09-04T23:22:31.790336
TN 87 8022,864547030175348,0.0,53.71,205.32,03/09/2025 11:22:00,13.0116164,80.007162,0071620,2025-09-04T23:22:31.790496
TN 87 8022,864547030175348,0.0,53.71,205.34,03/09/2025 11:21:56,13.0115997,80.007162,0071620,2025-09-04T23:22:31.790673
TN 87 8022,864547030175348,0.0,53.71,205.34,03/09/2025 11:21:56,13.0115997,80.007162,0071620,2025-09-04T23:22:31.790812
TN 87 8022,864547030175348,0.0,53.71,205.34,03/09/2025 11:21:51,13.0115997,80.007162,0071620,2025-09-04T23:22:31.790956
TN 87 8022,864547030175348,0.0,53.71,205.34,03/09/2025 11:21:51,13.0115997,80.007162,0071620,2025-09-04T23:22:31.791121
TN 87 8022,864547030175348,0.0,53.71,205.34,03/09/2025 11:21:46,13.0116665,80.0071907,0071907,2025-09-04T23:22:31.791284
TN 87 8022,864547030175348,0.0,53.71,205.34,03/09/2025 11:21:46,13.0116665,80.0071907,0071907,2025-09-04T23:22:31.791459
TN 87 8022,864547030175348,0.0,53.71,205.32,03/09/2025 11:11:34,13.0116665,80.0071907,0071907,2025-09-04T23:22:31.791599
TN 87 8022,864547030175348,0.0,53.71,205.32,03/09/2025 11:11:34,13.0116665,80.0071907,0071907,2025-09-04T23:22:31.791725
TN 87 8022,864547030175348,0.0,53.71,205.29,03/09/2025 11:01:48,13.0116498,80.0070762,0070762,2025-09-04T23:22:31.791852
TN 87 8022,864547030175348,0.0,53.71,204.99,03/09/2025 10:52:02,13.0116832,80.0071334,0071334,2025-09-04T23:22:31.791982
TN 87 8022,864547030175348,0.0,53.71,204.68,03/09/2025 10:42:16,13.0116832,80.0072669,0072669,2025-09-04T23:22:31.792095
TN 87 8022,864547030175348,0.0,53.71,204.73,03/09/2025 10:32:30,13.0116832,80.0072669,0072669,2025-09-04T23:22:31.792236
TN 87 8022,864547030175348,0.0,53.71,204.71,03/09/2025 10:22:44,13.0116331,80.0070762,0070762,2025-09-04T23:22:31.792390
TN 87 8022,864547030175348,0.0,53.71,204.67,03/09/2025 10:12:58,13.0116331,80.0070762,0070762,2025-09-04T23:22:31.792496
TN 87 8022,864547030175348,0.0,53.71,204.7,03/09/2025 10:03:12,13.0116331,80.0070762,0070762,2025-09-04T23:22:31.792696
TN 87 8022,864547030175348,0.0,53.71,204.69,03/09/2025 09:53:26,13.0116331,80.0070762,0070762,2025-09-04T23:22:31.792911
TN 87 8022,864547030175348,0.0,53.71,204.12,03/09/2025 09:43:39,13.0116999,80.0071048,0071048,2025-09-04T23:22:31.793101
TN 87 8022,864547030175348,0.0,53.71,204.12,03/09/2025 09:43:34,13.0116999,80.0071048,0071048,2025-09-04T23:22:31.793324
TN 87 8022,864547030175348,0.0,53.71,204.11,03/09/2025 09:43:29,13.0116999,80.0071048,0071048,2025-09-04T23:22:31.793564
TN 87 8022,864547030175348,0.0,53.71,204.11,03/09/2025 09:43:25,13.0116999,80.0071048,0071048,2025-09-04T23:22:31.793784
TN 87 8022,864547030175348,0.0,53.71,204.11,03/09/2025 09:43:20,13.0116999,80.0071048,0071048,2025-09-04T23:22:31.794014
TN 87 8022,864547030175348,0.0,53.71,204.11,03/09/2025 09:43:15,13.0116999,80.0071048,0071048,2025-09-04T23:22:31.794222
TN 87 8022,864547030175348,0.0,53.71,204.08,03/09/2025 09:43:10,13.0116999,80.0071048,0071048,2025-09-04T23:22:31.794420
TN 87 8022,864547030175348,0.0,53.71,204.08,03/09/2025 09:43:05,13.0116999,80.0071048,0071048,2025-09-04T23:22:31.794610
TN 87 8022,864547030175348,0.0,53.71,204.08,03/09/2025 09:43:00,13.0116999,80.0071048,0071048,2025-09-04T23:22:31.794763
TN 87 8022,864547030175348,0.0,53.71,204.11,03/09/2025 09:42:56,13.0116999,80.0071048,0071048,2025-09-04T23:22:31.794935
TN 87 8022,864547030175348,0.0,53.71,204.11,03/09/2025 09:42:54,13.0116999,80.0071048,0071048,2025-09-04T23:22:31.795110
TN 87 8022,864547030175348,0.0,53.71,204.11,03/09/2025 09:42:52,13.0116999,80.0071048,0071048,2025-09-04T23:22:31.795258
TN 87 8022,864547030175348,0.0,53.71,204.11,03/09/2025 09:42:51,13.0116999,80.0071048,0071048,2025-09-04T23:22:31.795401
TN 87 8022,864547030175348,0.0,53.71,204.13,03/09/2025 09:42:46,13.0116999,80.0071048,0071048,2025-09-04T23:22:31.795569
TN 87 8022,864547030175348,0.0,53.71,204.38,03/09/2025 09:42:43,13.0116999,80.0071048,0071048,2025-09-04T23:22:31.795749
TN 87 8022,864547030175348,0.0,53.71,204.38,03/09/2025 09:42:41,13.0116999,80.0071048,0071048,2025-09-04T23:22:31.795907
TN 87 8022,864547030175348,0.0,53.71,204.42,03/09/2025 09:42:36,13.0116999,80.0071048,0071048,2025-09-04T23:22:31.796092
TN 87 8022,864547030175348,0.0,53.71,204.57,03/09/2025 09:42:31,13.0116999,80.0071048,0071048,2025-09-04T23:22:31.796284
TN 87 8022,864547030175348,0.0,53.71,204.88,03/09/2025 09:42:26,13.0116999,80.0071048,0071048,2025-09-04T23:22:31.796436
TN 87 8022,864547030175348,0.0,53.71,204.85,03/09/2025 09:42:21,13.0116999,80.0071048,0071048,2025-09-04T23:22:31.796575
TN 87 8022,864547030175348,0.0,53.71,204.74,03/09/2025 09:42:16,13.0116999,80.0071048,0071048,2025-09-04T23:22:31.796719
TN 87 8022,864547030175348,0.0,53.71,203.56,03/09/2025 09:42:11,13.0116999,80.0071048,0071048,2025-09-04T23:22:31.796861
TN 87 8022,864547030175348,0.0,53.71,203.46,03/09/2025 09:42:07,13.0116999,80.0071048,0071048,2025-09-04T23:22:31.797026
TN 87 8022,864547030175348,0.0,53.71,203.33,03/09/2025 09:42:02,13.0116999,80.0071048,0071048,2025-09-04T23:22:31.797169
TN 87 8022,864547030175348,0.0,53.71,203.33,03/09/2025 09:41:57,13.0116999,80.0071048,0071048,2025-09-04T23:22:31.797308
TN 87 8022,864547030175348,0.0,53.71,203.33,03/09/2025 09:41:52,13.0116999,80.0071144,0071144,2025-09-04T23:22:31.797441
TN 87 8022,864547030175348,0.0,53.71,203.34,03/09/2025 09:41:47,13.0116832,80.007162,0071620,2025-09-04T23:22:31.797585
TN 87 8022,864547030175348,0.0,53.71,203.35,03/09/2025 09:41:42,13.0116832,80.007162,0071620,2025-09-04T23:22:31.797729
TN 87 8022,864547030175348,0.0,53.71,203.3,03/09/2025 09:41:37,13.0116832,80.007162,0071620,2025-09-04T23:22:31.797871
TN 87 8022,864547030175348,0.0,53.71,203.3,03/09/2025 09:41:32,13.0116665,80.007162,0071620,2025-09-04T23:22:31.798008
TN 87 8022,864547030175348,0.0,53.71,203.32,03/09/2025 09:41:28,13.0116665,80.0071907,0071907,2025-09-04T23:22:31.798144
TN 87 8022,864547030175348,0.0,53.71,203.18,03/09/2025 09:41:23,13.0116665,80.0072002,0072002,2025-09-04T23:22:31.798286
TN 87 8022,864547030175348,0.0,53.71,203.13,03/09/2025 09:41:18,13.0116832,80.0071907,0071907,2025-09-04T23:22:31.798455
TN 87 8022,864547030175348,0.0,53.71,203.05,03/09/2025 09:41:13,13.0116665,80.007162,0071620,2025-09-04T23:22:31.798614
TN 87 8022,864547030175348,0.0,53.71,202.48,03/09/2025 09:41:08,13.0116665,80.0071525,0071525,2025-09-04T23:22:31.798754
TN 87 8022,864547030175348,0.0,53.71,202.45,03/09/2025 09:41:03,13.0116832,80.0071525,0071525,2025-09-04T23:22:31.798882
TN 87 8022,864547030175348,0.0,53.71,202.71,03/09/2025 09:40:58,13.0116999,80.0071525,0071525,2025-09-04T23:22:31.799014
TN 87 8022,864547030175348,0.0,53.71,204.08,03/09/2025 09:40:53,13.0116999,80.0071334,0071334,2025-09-04T23:22:31.799149
TN 87 8022,864547030175348,0.0,53.71,204.16,03/09/2025 09:40:48,13.0116832,80.0071525,0071525,2025-09-04T23:22:31.799274
TN 87 8022,864547030175348,0.0,53.71,204.26,03/09/2025 09:40:44,13.0116832,80.0071525,0071525,2025-09-04T23:22:31.799429
TN 87 8022,864547030175348,0.0,53.71,204.32,03/09/2025 09:40:39,13.0116832,80.0071525,0071525,2025-09-04T23:22:31.799567
TN 87 8022,864547030175348,0.0,53.71,204.34,03/09/2025 09:40:34,13.0116832,80.0071334,0071334,2025-09-04T23:22:31.799702
TN 87 8022,864547030175348,0.0,53.71,204.35,03/09/2025 09:40:29,13.0116665,80.0071525,0071525,2025-09-04T23:22:31.799825
TN 87 8022,864547030175348,0.0,53.71,204.67,03/09/2025 09:40:24,13.0116999,80.0071525,0071525,2025-09-04T23:22:31.799956
TN 87 8022,864547030175348,0.0,53.71,204.68,03/09/2025 09:40:19,13.0116999,80.0071907,0071907,2025-09-04T23:22:31.800081
TN 87 8022,864547030175348,0.0,53.71,204.66,03/09/2025 09:40:15,13.0116999,80.0071525,0071525,2025-09-04T23:22:31.800265
TN 87 8022,864547030175348,0.0,53.71,204.65,03/09/2025 09:40:09,13.0117166,80.0071525,0071525,2025-09-04T23:22:31.800407
TN 87 8022,864547030175348,0.0,53.71,204.64,03/09/2025 09:40:05,13.0117332,80.0071525,0071525,2025-09-04T23:22:31.800544
TN 87 8022,864547030175348,0.0,53.71,204.61,03/09/2025 09:40:00,13.0117166,80.0071334,0071334,2025-09-04T23:22:31.800732
TN 87 8022,864547030175348,0.0,53.71,204.63,03/09/2025 09:39:55,13.0116498,80.0071525,0071525,2025-09-04T23:22:31.800895
TN 87 8022,864547030175348,0.0,53.71,204.63,03/09/2025 09:39:55,13.0116498,80.0071525,0071525,2025-09-04T23:22:31.801047
TN 87 8022,864547030175348,0.0,53.71,204.63,03/09/2025 09:39:50,13.0116498,80.0071525,0071525,2025-09-04T23:22:31.801185
TN 87 8022,864547030175348,0.0,53.71,204.63,03/09/2025 09:39:50,13.0116498,80.0071525,0071525,2025-09-04T23:22:31.801352
TN 87 8022,864547030175348,0.0,53.71,204.62,03/09/2025 09:39:45,13.0116498,80.0071525,0071525,2025-09-04T23:22:31.801544
TN 87 8022,864547030175348,0.0,53.71,204.62,03/09/2025 09:39:45,13.0116498,80.0071525,0071525,2025-09-04T23:22:31.801719
TN 87 8022,864547030175348,0.0,53.71,204.61,03/09/2025 09:39:41,13.0116498,80.0071525,0071525,2025-09-04T23:22:31.801855
TN 87 8022,864547030175348,0.0,53.71,204.61,03/09/2025 09:39:41,13.0116498,80.0071525,0071525,2025-09-04T23:22:31.801999
TN 87 8022,864547030175348,0.0,53.71,204.34,03/09/2025 09:34:42,13.0116665,80.007019,0070190,2025-09-04T23:22:31.802144
TN 87 8022,864547030175348,0.0,53.71,204.34,03/09/2025 09:34:42,13.0116665,80.007019,0070190,2025-09-04T23:22:31.802286
TN 87 8022,864547030175348,7.0,53.71,204.31,03/09/2025 09:24:56,13.0117666,80.007286,0072860,2025-09-04T23:22:31.802427
TN 87 8022,864547030175348,6.0,53.71,204.3,03/09/2025 09:24:51,13.0117332,80.0072479,0072479,2025-09-04T23:22:31.802573
TN 87 8022,864547030175348,7.0,53.71,204.31,03/09/2025 09:24:46,13.0117166,80.0072002,0072002,2025-09-04T23:22:31.802702
TN 87 8022,864547030175348,7.0,53.71,204.31,03/09/2025 09:24:41,13.0116999,80.007162,0071620,2025-09-04T23:22:31.802842
TN 87 8022,864547030175348,5.0,53.71,204.32,03/09/2025 09:24:36,13.0116832,80.0071334,0071334,2025-09-04T23:22:31.802955
TN 87 8022,864547030175348,0.0,53.71,204.32,03/09/2025 09:24:31,13.0116665,80.007162,0071620,2025-09-04T23:22:31.803082
TN 87 8022,864547030175348,0.0,53.71,204.32,03/09/2025 09:24:26,13.0116498,80.007162,0071620,2025-09-04T23:22:31.803202
TN 87 8022,864547030175348,0.0,53.71,204.33,03/09/2025 09:24:21,13.0116498,80.0071907,0071907,2025-09-04T23:22:31.803358
TN 87 8022,864547030175348,0.0,53.71,204.31,03/09/2025 09:20:43,13.0116498,80.0071907,0071907,2025-09-04T23:22:31.803512
TN 87 8022,864547030175348,0.0,53.71,204.33,03/09/2025 09:10:57,13.0116665,80.0071525,0071525,2025-09-04T23:22:31.803643
TN 87 8022,864547030175348,0.0,53.71,204.34,03/09/2025 09:01:11,13.0116665,80.0071525,0071525,2025-09-04T23:22:31.803786
TN 87 8022,864547030175348,0.0,53.71,203.8,03/09/2025 08:51:25,13.0116665,80.0071525,0071525,2025-09-04T23:22:31.803924
TN 87 8022,864547030175348,0.0,53.71,203.83,03/09/2025 08:41:39,13.0116665,80.0071525,0071525,2025-09-04T23:22:31.804044
TN 87 8022,864547030175348,0.0,53.71,203.85,03/09/2025 08:31:53,13.0116665,80.0071525,0071525,2025-09-04T23:22:31.804189
TN 87 8022,864547030175348,0.0,53.71,203.38,03/09/2025 08:22:07,13.0116665,80.0071525,0071525,2025-09-04T23:22:31.804352
TN 87 8022,864547030175348,0.0,53.71,202.87,03/09/2025 08:12:21,13.0116665,80.0071525,0071525,2025-09-04T23:22:31.804521
TN 87 8022,864547030175348,0.0,53.71,202.44,03/09/2025 08:02:36,13.0117499,80.0071048,0071048,2025-09-04T23:22:31.804671
TN 87 8022,864547030175348,0.0,53.71,202.52,03/09/2025 07:52:49,13.0117499,80.0071048,0071048,2025-09-04T23:22:31.804831
TN 87 8022,864547030175348,0.0,53.71,201.92,03/09/2025 07:43:03,13.0116999,80.0071525,0071525,2025-09-04T23:22:31.804992
TN 87 8022,864547030175348,0.0,53.71,201.93,03/09/2025 07:42:58,13.0116999,80.0071525,0071525,2025-09-04T23:22:31.805155
TN 87 8022,864547030175348,0.0,53.71,201.94,03/09/2025 07:42:53,13.0116999,80.0071525,0071525,2025-09-04T23:22:31.805337
TN 87 8022,864547030175348,0.0,53.71,201.97,03/09/2025 07:42:48,13.0116999,80.0071525,0071525,2025-09-04T23:22:31.805486
TN 87 8022,864547030175348,0.0,53.71,201.98,03/09/2025 07:42:43,13.0116999,80.0071525,0071525,2025-09-04T23:22:31.805602
TN 87 8022,864547030175348,0.0,53.71,201.99,03/09/2025 07:42:38,13.0116999,80.0071525,0071525,2025-09-04T23:22:31.805766
TN 87 8022,864547030175348,0.0,53.71,202.02,03/09/2025 07:42:34,13.0116999,80.0071525,0071525,2025-09-04T23:22:31.805934
TN 87 8022,864547030175348,0.0,53.71,202.02,03/09/2025 07:42:29,13.0116999,80.0071525,0071525,2025-09-04T23:22:31.806249
TN 87 8022,864547030175348,0.0,53.71,202.03,03/09/2025 07:42:24,13.0116999,80.007162,0071620,2025-09-04T23:22:31.806450
TN 87 8022,864547030175348,0.0,53.71,202.14,03/09/2025 07:42:19,13.0116832,80.0071144,0071144,2025-09-04T23:22:31.806676
TN 87 8022,864547030175348,0.0,53.71,202.14,03/09/2025 07:42:14,13.0116832,80.0071144,0071144,2025-09-04T23:22:31.806887
TN 87 8022,864547030175348,0.0,53.71,202.14,03/09/2025 07:42:14,13.0116832,80.0071144,0071144,2025-09-04T23:22:31.807102
TN 87 8022,864547030175348,0.0,53.71,202.16,03/09/2025 07:42:09,13.0116832,80.0071144,0071144,2025-09-04T23:22:31.807317
TN 87 8022,864547030175348,0.0,53.71,202.18,03/09/2025 07:42:04,13.0116832,80.0071144,0071144,2025-09-04T23:22:31.807528
TN 87 8022,864547030175348,0.0,53.71,202.19,03/09/2025 07:41:59,13.0116832,80.0071144,0071144,2025-09-04T23:22:31.807704
TN 87 8022,864547030175348,0.0,53.71,202.21,03/09/2025 07:41:54,13.0116832,80.0071144,0071144,2025-09-04T23:22:31.807851
TN 87 8022,864547030175348,0.0,53.71,202.27,03/09/2025 07:41:49,13.0116832,80.0071144,0071144,2025-09-04T23:22:31.808004
TN 87 8022,864547030175348,0.0,53.71,202.27,03/09/2025 07:41:45,13.0116832,80.0071144,0071144,2025-09-04T23:22:31.808191
TN 87 8022,864547030175348,0.0,53.71,202.3,03/09/2025 07:41:40,13.0116832,80.0071144,0071144,2025-09-04T23:22:31.808377
TN 87 8022,864547030175348,0.0,53.71,202.38,03/09/2025 07:41:35,13.0116832,80.0071144,0071144,2025-09-04T23:22:31.808560
TN 87 8022,864547030175348,0.0,53.71,202.38,03/09/2025 07:41:30,13.0116832,80.0071144,0071144,2025-09-04T23:22:31.808770
TN 87 8022,864547030175348,0.0,53.71,202.39,03/09/2025 07:41:25,13.0116832,80.0071144,0071144,2025-09-04T23:22:31.808964
TN 87 8022,864547030175348,0.0,53.71,202.39,03/09/2025 07:41:20,13.0116832,80.0071144,0071144,2025-09-04T23:22:31.809154
TN 87 8022,864547030175348,0.0,53.71,202.38,03/09/2025 07:41:15,13.0116832,80.0071144,0071144,2025-09-04T23:22:31.809333
TN 87 8022,864547030175348,0.0,53.71,202.37,03/09/2025 07:41:10,13.0116832,80.0071144,0071144,2025-09-04T23:22:31.809488
TN 87 8022,864547030175348,0.0,53.71,202.36,03/09/2025 07:41:06,13.0116832,80.0071144,0071144,2025-09-04T23:22:31.809613
TN 87 8022,864547030175348,0.0,53.71,202.52,03/09/2025 07:41:01,13.0116832,80.0071144,0071144,2025-09-04T23:22:31.809726
TN 87 8022,864547030175348,0.0,53.71,202.6,03/09/2025 07:40:56,13.0116832,80.0071144,0071144,2025-09-04T23:22:31.809854
TN 87 8022,864547030175348,0.0,53.71,202.72,03/09/2025 07:40:51,13.0116832,80.0071144,0071144,2025-09-04T23:22:31.809976
TN 87 8022,864547030175348,0.0,53.71,202.6,03/09/2025 07:40:46,13.0116832,80.0071144,0071144,2025-09-04T23:22:31.810095
TN 87 8022,864547030175348,0.0,53.71,202.56,03/09/2025 07:40:41,13.0116832,80.0071144,0071144,2025-09-04T23:22:31.810240
TN 87 8022,864547030175348,0.0,53.71,202.62,03/09/2025 07:40:36,13.0116832,80.0071048,0071048,2025-09-04T23:22:31.810392
TN 87 8022,864547030175348,0.0,53.71,203.03,03/09/2025 07:40:31,13.0116665,80.0070667,0070667,2025-09-04T23:22:31.810558
TN 87 8022,864547030175348,0.0,53.71,203.08,03/09/2025 07:40:26,13.0116665,80.0070667,0070667,2025-09-04T23:22:31.810728
TN 87 8022,864547030175348,0.0,53.71,203.0,03/09/2025 07:40:22,13.0116665,80.0070667,0070667,2025-09-04T23:22:31.810902
TN 87 8022,864547030175348,0.0,53.71,202.94,03/09/2025 07:40:17,13.0116665,80.0070762,0070762,2025-09-04T23:22:31.811063
TN 87 8022,864547030175348,0.0,53.71,202.94,03/09/2025 07:40:12,13.0116832,80.0070476,0070476,2025-09-04T23:22:31.811263
TN 87 8022,864547030175348,0.0,53.71,202.93,03/09/2025 07:40:07,13.0116832,80.0070476,0070476,2025-09-04T23:22:31.811450
TN 87 8022,864547030175348,0.0,53.71,202.19,03/09/2025 07:40:02,13.0116999,80.007019,0070190,2025-09-04T23:22:31.811613
TN 87 8022,864547030175348,0.0,53.71,202.18,03/09/2025 07:39:57,13.0116999,80.0069808,0069808,2025-09-04T23:22:31.811737
TN 87 8022,864547030175348,0.0,53.71,202.25,03/09/2025 07:39:53,13.0116999,80.0069522,0069522,2025-09-04T23:22:31.811855
TN 87 8022,864547030175348,0.0,53.71,201.18,03/09/2025 07:39:48,13.0116832,80.0069236,0069236,2025-09-04T23:22:31.811999
TN 87 8022,864547030175348,0.0,53.71,200.93,03/09/2025 07:39:43,13.0116665,80.0068855,0068855,2025-09-04T23:22:31.812133
TN 87 8022,864547030175348,0.0,53.71,200.89,03/09/2025 07:39:38,13.0116498,80.0068855,0068855,2025-09-04T23:22:31.812277
TN 87 8022,864547030175348,0.0,53.71,199.98,03/09/2025 07:39:33,13.0116164,80.0068378,0068378,2025-09-04T23:22:31.812427
TN 87 8022,864547030175348,0.0,53.71,199.91,03/09/2025 07:39:28,13.0116164,80.0068092,0068092,2025-09-04T23:22:31.812553
TN 87 8022,864547030175348,0.0,53.71,200.04,03/09/2025 07:39:23,13.0115997,80.0067996,0067996,2025-09-04T23:22:31.812664
TN 87 8022,864547030175348,0.0,53.71,201.24,03/09/2025 07:39:18,13.0115675,80.0067806,0067806,2025-09-04T23:22:31.812786
TN 87 8022,864547030175348,0.0,53.71,201.33,03/09/2025 07:39:13,13.0115342,80.006752,0067520,2025-09-04T23:22:31.812929
TN 87 8022,864547030175348,0.0,53.71,201.36,03/09/2025 07:39:08,13.0114674,80.0066947,0066947,2025-09-04T23:22:31.813080
TN 87 8022,864547030175348,0.0,53.71,201.36,03/09/2025 07:39:03,13.011434,80.0066661,0066661,2025-09-04T23:22:31.813250
TN 87 8022,864547030175348,0.0,53.71,201.15,03/09/2025 07:38:59,13.0114006,80.0066184,0066184,2025-09-04T23:22:31.813445
TN 87 8022,864547030175348,0.0,53.71,200.92,03/09/2025 07:38:54,13.0113673,80.0065803,0065803,2025-09-04T23:22:31.813622
TN 87 8022,864547030175348,0.0,53.71,200.85,03/09/2025 07:38:49,13.0113494,80.0065326,0065326,2025-09-04T23:22:31.813735
TN 87 8022,864547030175348,0.0,53.71,200.29,03/09/2025 07:38:44,13.0113339,80.006504,0065040,2025-09-04T23:22:31.813888
TN 87 8022,864547030175348,0.0,53.71,200.41,03/09/2025 07:38:40,13.0113339,80.0064659,0064659,2025-09-04T23:22:31.814046
TN 87 8022,864547030175348,0.0,53.71,200.73,03/09/2025 07:38:34,13.0113828,80.0064182,0064182,2025-09-04T23:22:31.814217
TN 87 8022,864547030175348,0.0,53.71,202.14,03/09/2025 07:38:29,13.011434,80.0063896,0063896,2025-09-04T23:22:31.814400
TN 87 8022,864547030175348,0.0,53.71,202.55,03/09/2025 07:38:24,13.0114495,80.006361,0063610,2025-09-04T23:22:31.814569
TN 87 8022,864547030175348,0.0,53.71,202.55,03/09/2025 07:38:19,13.0114006,80.0063514,0063514,2025-09-04T23:22:31.814745
TN 87 8022,864547030175348,0.0,53.71,202.07,03/09/2025 07:38:15,13.011316,80.0063514,0063514,2025-09-04T23:22:31.814941
TN 87 8022,864547030175348,0.0,53.71,201.79,03/09/2025 07:38:10,13.0111336,80.0064659,0064659,2025-09-04T23:22:31.815114
TN 87 8022,864547030175348,0.0,53.71,201.01,03/09/2025 07:38:05,13.0111336,80.0064659,0064659,2025-09-04T23:22:31.815303
TN 87 8022,864547030175348,0.0,53.71,198.26,03/09/2025 07:38:00,13.0111336,80.0064659,0064659,2025-09-04T23:22:31.815554
TN 87 8022,864547030175348,0.0,53.71,197.92,03/09/2025 07:37:55,13.0111336,80.0064659,0064659,2025-09-04T23:22:31.815819
TN 87 8022,864547030175348,0.0,53.71,197.77,03/09/2025 07:37:50,13.0111336,80.0064659,0064659,2025-09-04T23:22:31.816021
TN 87 8022,864547030175348,0.0,53.71,197.89,03/09/2025 07:37:45,13.0111336,80.0064659,0064659,2025-09-04T23:22:31.816201
TN 87 8022,864547030175348,0.0,53.71,197.92,03/09/2025 07:37:41,13.0111336,80.0064468,0064468,2025-09-04T23:22:31.816393
TN 87 8022,864547030175348,6.0,53.75,197.98,03/09/2025 07:37:36,13.0111002,80.0063991,0063991,2025-09-04T23:22:31.816583
TN 87 8022,864547030175348,9.0,53.79,200.36,03/09/2025 07:37:31,13.0109834,80.0063323,0063323,2025-09-04T23:22:31.816734
TN 87 8022,864547030175348,11.0,53.82,200.3,03/09/2025 07:37:26,13.0108499,80.0062465,0062465,2025-09-04T23:22:31.816866
TN 87 8022,864547030175348,16.0,53.84,199.98,03/09/2025 07:37:21,13.0106496,80.0061225,0061225,2025-09-04T23:22:31.816986
TN 87 8022,864547030175348,14.0,53.88,199.79,03/09/2025 07:37:16,13.0105173,80.0059318,0059318,2025-09-04T23:22:31.817126
TN 87 8022,864547030175348,12.0,53.9,200.04,03/09/2025 07:37:11,13.0104172,80.0057697,0057697,2025-09-04T23:22:31.817287
TN 87 8022,864547030175348,14.0,53.92,200.27,03/09/2025 07:37:06,13.0102837,80.0056266,0056266,2025-09-04T23:22:31.817450
TN 87 8022,864547030175348,15.0,53.94,200.25,03/09/2025 07:37:02,13.0101501,80.0055313,0055313,2025-09-04T23:22:31.817583
TN 87 8022,864547030175348,13.0,53.96,200.25,03/09/2025 07:36:57,13.0099999,80.0053977,0053977,2025-09-04T23:22:31.817725
TN 87 8022,864547030175348,15.0,53.98,200.25,03/09/2025 07:36:52,13.0098497,80.0053024,0053024,2025-09-04T23:22:31.817866
TN 87 8022,864547030175348,13.0,54.0,200.24,03/09/2025 07:36:47,13.0096662,80.0053024,0053024,2025-09-04T23:22:31.817999
TN 87 8022,864547030175348,6.0,54.01,200.19,03/09/2025 07:36:42,13.009566,80.0053215,0053215,2025-09-04T23:22:31.818144
TN 87 8022,864547030175348,7.0,54.01,200.18,03/09/2025 07:36:37,13.0094993,80.0052165,0052165,2025-09-04T23:22:31.818256
TN 87 8022,864547030175348,0.0,54.01,200.17,03/09/2025 07:36:32,13.0094838,80.0051689,0051689,2025-09-04T23:22:31.818403
TN 87 8022,864547030175348,0.0,54.01,199.83,03/09/2025 07:36:27,13.0094838,80.0051689,0051689,2025-09-04T23:22:31.818527
TN 87 8022,864547030175348,0.0,54.01,199.84,03/09/2025 07:36:23,13.0094838,80.0051689,0051689,2025-09-04T23:22:31.818667
TN 87 8022,864547030175348,0.0,54.01,199.84,03/09/2025 07:36:18,13.0094838,80.0051689,0051689,2025-09-04T23:22:31.818802
TN 87 8022,864547030175348,0.0,54.01,199.87,03/09/2025 07:36:12,13.0094838,80.0051689,0051689,2025-09-04T23:22:31.818937
TN 87 8022,864547030175348,0.0,54.01,199.87,03/09/2025 07:36:08,13.0094838,80.0051689,0051689,2025-09-04T23:22:31.819064
TN 87 8022,864547030175348,0.0,54.01,199.87,03/09/2025 07:36:03,13.0094671,80.005207,0052070,2025-09-04T23:22:31.819328
TN 87 8022,864547030175348,0.0,54.01,199.85,03/09/2025 07:35:58,13.0094838,80.0052452,0052452,2025-09-04T23:22:31.819544
TN 87 8022,864547030175348,0.0,54.01,199.85,03/09/2025 07:35:53,13.009566,80.00494,0049400,2025-09-04T23:22:31.819727
TN 87 8022,864547030175348,0.0,54.01,199.85,03/09/2025 07:35:49,13.009566,80.00494,0049400,2025-09-04T23:22:31.819961
TN 87 8022,864547030175348,0.0,54.01,199.85,03/09/2025 07:35:44,13.009566,80.00494,0049400,2025-09-04T23:22:31.820170
TN 87 8022,864547030175348,0.0,54.01,199.85,03/09/2025 07:35:38,13.009566,80.00494,0049400,2025-09-04T23:22:31.820369
TN 87 8022,864547030175348,0.0,54.01,199.86,03/09/2025 07:35:34,13.009566,80.00494,0049400,2025-09-04T23:22:31.820628
TN 87 8022,864547030175348,0.0,54.01,199.85,03/09/2025 07:35:29,13.009566,80.00494,0049400,2025-09-04T23:22:31.820862
TN 87 8022,864547030175348,0.0,54.01,199.85,03/09/2025 07:35:24,13.009566,80.00494,0049400,2025-09-04T23:22:31.821067
TN 87 8022,864547030175348,0.0,54.01,199.85,03/09/2025 07:35:19,13.009566,80.00494,0049400,2025-09-04T23:22:31.821273
TN 87 8022,864547030175348,0.0,54.01,199.84,03/09/2025 07:35:14,13.009566,80.00494,0049400,2025-09-04T23:22:31.821489
TN 87 8022,864547030175348,0.0,54.01,199.85,03/09/2025 07:35:10,13.009566,80.00494,0049400,2025-09-04T23:22:31.821701
TN 87 8022,864547030175348,0.0,54.01,199.87,03/09/2025 07:35:04,13.009566,80.00494,0049400,2025-09-04T23:22:31.821914
TN 87 8022,864547030175348,0.0,54.01,199.83,03/09/2025 07:35:00,13.009566,80.00494,0049400,2025-09-04T23:22:31.822121
TN 87 8022,864547030175348,0.0,54.01,199.82,03/09/2025 07:34:55,13.009566,80.00494,0049400,2025-09-04T23:22:31.822341
TN 87 8022,864547030175348,0.0,54.01,199.82,03/09/2025 07:34:49,13.009566,80.00494,0049400,2025-09-04T23:22:31.822552
TN 87 8022,864547030175348,0.0,54.01,199.81,03/09/2025 07:34:45,13.009566,80.00494,0049400,2025-09-04T23:22:31.822777
TN 87 8022,864547030175348,0.0,54.01,199.81,03/09/2025 07:34:40,13.009566,80.00494,0049400,2025-09-04T23:22:31.822987
TN 87 8022,864547030175348,0.0,54.01,199.81,03/09/2025 07:34:35,13.009566,80.00494,0049400,2025-09-04T23:22:31.823191
TN 87 8022,864547030175348,0.0,54.01,199.87,03/09/2025 07:34:30,13.009566,80.00494,0049400,2025-09-04T23:22:31.823425
TN 87 8022,864547030175348,0.0,54.01,199.87,03/09/2025 07:34:25,13.009566,80.00494,0049400,2025-09-04T23:22:31.823653
TN 87 8022,864547030175348,0.0,54.01,199.89,03/09/2025 07:34:21,13.009566,80.00494,0049400,2025-09-04T23:22:31.823843
TN 87 8022,864547030175348,0.0,54.01,199.94,03/09/2025 07:34:15,13.009566,80.00494,0049400,2025-09-04T23:22:31.823982
TN 87 8022,864547030175348,0.0,54.01,201.03,03/09/2025 07:34:11,13.009566,80.00494,0049400,2025-09-04T23:22:31.824108
TN 87 8022,864547030175348,0.0,54.01,201.5,03/09/2025 07:34:05,13.009566,80.00494,0049400,2025-09-04T23:22:31.824230
TN 87 8022,864547030175348,0.0,54.01,201.8,03/09/2025 07:34:01,13.009566,80.00494,0049400,2025-09-04T23:22:31.824397
TN 87 8022,864547030175348,0.0,54.01,201.16,03/09/2025 07:33:56,13.009566,80.00494,0049400,2025-09-04T23:22:31.824585
TN 87 8022,864547030175348,0.0,54.01,200.76,03/09/2025 07:33:51,13.0095839,80.0048351,0048351,2025-09-04T23:22:31.824798
TN 87 8022,864547030175348,0.0,54.01,200.13,03/09/2025 07:33:47,13.0095839,80.0047683,0047683,2025-09-04T23:22:31.824999
TN 87 8022,864547030175348,0.0,54.01,199.99,03/09/2025 07:33:41,13.009566,80.0047016,0047016,2025-09-04T23:22:31.825134
TN 87 8022,864547030175348,13.0,54.02,199.97,03/09/2025 07:33:36,13.0095326,80.0045967,0045967,2025-09-04T23:22:31.825263
TN 87 8022,864547030175348,10.0,54.04,199.93,03/09/2025 07:33:32,13.0094993,80.0044631,0044631,2025-09-04T23:22:31.825407
TN 87 8022,864547030175348,0.0,54.04,199.35,03/09/2025 07:33:27,13.0095171,80.0043296,0043296,2025-09-04T23:22:31.825567
TN 87 8022,864547030175348,0.0,54.04,199.24,03/09/2025 07:33:22,13.0095505,80.0041007,0041007,2025-09-04T23:22:31.825758
TN 87 8022,864547030175348,0.0,54.04,199.13,03/09/2025 07:33:17,13.0095505,80.0041007,0041007,2025-09-04T23:22:31.825935
TN 87 8022,864547030175348,0.0,54.04,199.13,03/09/2025 07:33:12,13.0095505,80.0041007,0041007,2025-09-04T23:22:31.826121
TN 87 8022,864547030175348,0.0,54.04,199.16,03/09/2025 07:33:07,13.0095505,80.0041007,0041007,2025-09-04T23:22:31.826309
TN 87 8022,864547030175348,0.0,54.04,199.22,03/09/2025 07:33:03,13.0095505,80.0041007,0041007,2025-09-04T23:22:31.826469
TN 87 8022,864547030175348,0.0,54.04,199.38,03/09/2025 07:32:58,13.0095505,80.0041007,0041007,2025-09-04T23:22:31.826594
TN 87 8022,864547030175348,0.0,54.04,199.39,03/09/2025 07:32:53,13.0095505,80.0041007,0041007,2025-09-04T23:22:31.826726
TN 87 8022,864547030175348,0.0,54.04,199.41,03/09/2025 07:32:48,13.0095505,80.0041007,0041007,2025-09-04T23:22:31.826851
TN 87 8022,864547030175348,0.0,54.04,199.49,03/09/2025 07:32:43,13.0095505,80.0041007,0041007,2025-09-04T23:22:31.826979
TN 87 8022,864547030175348,0.0,54.04,199.5,03/09/2025 07:32:39,13.0095505,80.0041007,0041007,2025-09-04T23:22:31.827114
TN 87 8022,864547030175348,0.0,54.04,199.51,03/09/2025 07:32:34,13.0095505,80.0041007,0041007,2025-09-04T23:22:31.827246
TN 87 8022,864547030175348,0.0,54.04,199.51,03/09/2025 07:32:29,13.0095505,80.0041007,0041007,2025-09-04T23:22:31.827378
TN 87 8022,864547030175348,0.0,54.04,199.55,03/09/2025 07:32:24,13.0095505,80.0041007,0041007,2025-09-04T23:22:31.827512
TN 87 8022,864547030175348,0.0,54.04,199.56,03/09/2025 07:32:19,13.0095505,80.0041007,0041007,2025-09-04T23:22:31.827651
TN 87 8022,864547030175348,0.0,54.04,199.57,03/09/2025 07:32:14,13.0095505,80.0041007,0041007,2025-09-04T23:22:31.827784
TN 87 8022,864547030175348,0.0,54.04,199.73,03/09/2025 07:32:08,13.0095505,80.0041007,0041007,2025-09-04T23:22:31.827913
TN 87 8022,864547030175348,0.0,54.04,199.8,03/09/2025 07:32:04,13.0095505,80.0041007,0041007,2025-09-04T23:22:31.828040
TN 87 8022,864547030175348,0.0,54.04,199.85,03/09/2025 07:31:59,13.0095505,80.0041007,0041007,2025-09-04T23:22:31.828170
TN 87 8022,864547030175348,0.0,54.04,200.3,03/09/2025 07:31:54,13.0095505,80.0041007,0041007,2025-09-04T23:22:31.828298
TN 87 8022,864547030175348,0.0,54.04,200.3,03/09/2025 07:31:49,13.0095994,80.0040149,0040149,2025-09-04T23:22:31.828425
TN 87 8022,864547030175348,0.0,54.04,200.25,03/09/2025 07:31:44,13.0095994,80.0039482,0039482,2025-09-04T23:22:31.828553
TN 87 8022,864547030175348,9.0,54.05,198.98,03/09/2025 07:31:39,13.009566,80.0038814,0038814,2025-09-04T23:22:31.828685
TN 87 8022,864547030175348,7.0,54.06,198.94,03/09/2025 07:31:35,13.0095505,80.0037956,0037956,2025-09-04T23:22:31.828814
TN 87 8022,864547030175348,0.0,54.06,198.96,03/09/2025 07:31:30,13.0094838,80.0037193,0037193,2025-09-04T23:22:31.828941
TN 87 8022,864547030175348,5.0,54.26,199.1,03/09/2025 07:31:25,13.0095171,80.0037193,0037193,2025-09-04T23:22:31.829067
TN 87 8022,864547030175348,5.0,54.26,199.11,03/09/2025 07:31:20,13.0095505,80.0036334,0036334,2025-09-04T23:22:31.829195
TN 87 8022,864547030175348,5.0,54.26,199.15,03/09/2025 07:31:16,13.0095326,80.0035667,0035667,2025-09-04T23:22:31.829357
TN 87 8022,864547030175348,9.0,54.28,200.17,03/09/2025 07:30:16,13.0106496,80.0022506,0022506,2025-09-04T23:22:31.829516
TN 87 8022,864547030175348,6.0,54.29,200.2,03/09/2025 07:30:11,13.0107164,80.0021362,0021362,2025-09-04T23:22:31.829678
TN 87 8022,864547030175348,6.0,54.3,200.43,03/09/2025 07:30:06,13.0107665,80.0020408,0020408,2025-09-04T23:22:31.829836
TN 87 8022,864547030175348,10.0,54.33,200.49,03/09/2025 07:30:02,13.0108332,80.001955,0019550,2025-09-04T23:22:31.829970
TN 87 8022,864547030175348,22.0,54.36,200.55,03/09/2025 07:29:56,13.0109834,80.0016975,0016975,2025-09-04T23:22:31.830110
TN 87 8022,864547030175348,24.0,54.4,200.88,03/09/2025 07:29:52,13.0111169,80.0014495,0014495,2025-09-04T23:22:31.830240
TN 87 8022,864547030175348,26.0,54.43,200.96,03/09/2025 07:29:47,13.0112826,80.0011539,0011539,2025-09-04T23:22:31.830438
TN 87 8022,864547030175348,22.0,54.46,201.06,03/09/2025 07:29:42,13.0114829,80.0009155,0009155,2025-09-04T23:22:31.830592
TN 87 8022,864547030175348,18.0,54.52,201.57,03/09/2025 07:29:37,13.0117166,80.0007629,0007629,2025-09-04T23:22:31.830756
TN 87 8022,864547030175348,19.0,54.57,201.7,03/09/2025 07:29:32,13.011949,80.0006294,0006294,2025-09-04T23:22:31.830894
TN 87 8022,864547030175348,19.0,54.59,201.82,03/09/2025 07:29:27,13.0121493,80.0005149,0005149,2025-09-04T23:22:31.831060
TN 87 8022,864547030175348,15.0,54.61,202.53,03/09/2025 07:29:22,13.0123496,80.0004386,0004386,2025-09-04T23:22:31.831224
TN 87 8022,864547030175348,19.0,54.65,202.82,03/09/2025 07:29:18,13.0125164,80.0004482,0004482,2025-09-04T23:22:31.831403
TN 87 8022,864547030175348,34.0,54.7,203.92,03/09/2025 07:29:13,13.0127334,80.0007057,0007057,2025-09-04T23:22:31.831548
TN 87 8022,864547030175348,37.0,54.75,203.83,03/09/2025 07:29:08,13.0129992,80.0010871,0010871,2025-09-04T23:22:31.831697
TN 87 8022,864547030175348,37.0,54.81,203.81,03/09/2025 07:29:03,13.0132842,80.0015068,0015068,2025-09-04T23:22:31.831838
TN 87 8022,864547030175348,37.0,54.86,203.78,03/09/2025 07:28:58,13.0135667,80.0019168,0019168,2025-09-04T23:22:31.831974
TN 87 8022,864547030175348,34.0,54.9,204.08,03/09/2025 07:28:53,13.0138504,80.0022983,0022983,2025-09-04T23:22:31.832099
TN 87 8022,864547030175348,29.0,54.94,204.17,03/09/2025 07:28:49,13.0140495,80.0025653,0025653,2025-09-04T23:22:31.832472
TN 87 8022,864547030175348,26.0,54.97,204.34,03/09/2025 07:28:43,13.0142831,80.0029182,0029182,2025-09-04T23:22:31.832844
TN 87 8022,864547030175348,14.0,54.99,205.05,03/09/2025 07:28:38,13.0144333,80.0031471,0031471,2025-09-04T23:22:31.833046
TN 87 8022,864547030175348,9.0,54.99,205.12,03/09/2025 07:28:34,13.0145001,80.0032615,0032615,2025-09-04T23:22:31.833246
TN 87 8022,864547030175348,0.0,54.99,205.25,03/09/2025 07:28:29,13.0145168,80.0032806,0032806,2025-09-04T23:22:31.833527
TN 87 8022,864547030175348,0.0,54.99,205.64,03/09/2025 07:28:24,13.0145335,80.0032806,0032806,2025-09-04T23:22:31.833754
TN 87 8022,864547030175348,23.0,55.04,205.7,03/09/2025 07:28:19,13.0146837,80.003376,0033760,2025-09-04T23:22:31.833965
TN 87 8022,864547030175348,43.0,55.1,205.87,03/09/2025 07:28:14,13.0149674,80.0037193,0037193,2025-09-04T23:22:31.834204
TN 87 8022,864547030175348,45.0,55.16,206.75,03/09/2025 07:28:09,13.0152833,80.0042152,0042152,2025-09-04T23:22:31.834589
TN 87 8022,864547030175348,45.0,55.22,206.83,03/09/2025 07:28:04,13.0155491,80.0047111,0047111,2025-09-04T23:22:31.834820
TN 87 8022,864547030175348,49.0,55.29,206.97,03/09/2025 07:28:00,13.0157673,80.0051689,0051689,2025-09-04T23:22:31.835106
TN 87 8022,864547030175348,50.0,55.36,207.03,03/09/2025 07:27:55,13.0160331,80.0057506,0057506,2025-09-04T23:22:31.835249
TN 87 8022,864547030175348,59.0,55.45,209.37,03/09/2025 07:27:50,13.0162835,80.0063991,0063991,2025-09-04T23:22:31.835359
TN 87 8022,864547030175348,63.0,55.54,210.78,03/09/2025 07:27:45,13.0166172,80.0071144,0071144,2025-09-04T23:22:31.835523
TN 87 8022,864547030175348,60.0,55.6,210.66,03/09/2025 07:27:40,13.0169332,80.0078487,0078487,2025-09-04T23:22:31.835711
TN 87 8022,864547030175348,56.0,55.68,208.32,03/09/2025 07:27:36,13.0171668,80.0084018,0084018,2025-09-04T23:22:31.835883
TN 87 8022,864547030175348,52.0,55.75,207.58,03/09/2025 07:27:31,13.017466,80.0090312,0090312,2025-09-04T23:22:31.836037
TN 87 8022,864547030175348,44.0,55.8,207.22,03/09/2025 07:27:26,13.0177164,80.009613,0096130,2025-09-04T23:22:31.836212
TN 87 8022,864547030175348,38.0,55.85,207.81,03/09/2025 07:27:21,13.01795,80.0100898,0100898,2025-09-04T23:22:31.836362
TN 87 8022,864547030175348,29.0,55.89,208.01,03/09/2025 07:27:16,13.0181169,80.0104999,0104999,2025-09-04T23:22:31.836535
TN 87 8022,864547030175348,22.0,55.92,208.15,03/09/2025 07:27:11,13.0182826,80.0107765,0107765,2025-09-04T23:22:31.836684
TN 87 8022,864547030175348,23.0,55.95,210.37,03/09/2025 07:27:06,13.0184006,80.0110149,0110149,2025-09-04T23:22:31.836804
TN 87 8022,864547030175348,33.0,55.99,211.46,03/09/2025 07:27:02,13.0185341,80.0112724,0112724,2025-09-04T23:22:31.836932
TN 87 8022,864547030175348,37.0,56.6,212.72,03/09/2025 07:26:57,13.0187666,80.0116348,0116348,2025-09-04T23:22:31.837068
TN 87 8022,864547030175348,67.0,56.69,215.14,03/09/2025 07:26:17,13.0218493,80.0162506,0162506,2025-09-04T23:22:31.837192
TN 87 8022,864547030175348,68.0,56.79,215.29,03/09/2025 07:26:12,13.0221998,80.0170516,0170516,2025-09-04T23:22:31.837315
TN 87 8022,864547030175348,67.0,56.88,215.29,03/09/2025 07:26:07,13.0223667,80.0179004,0179004,2025-09-04T23:22:31.837439
TN 87 8022,864547030175348,64.0,56.97,215.29,03/09/2025 07:26:02,13.0224502,80.0187492,0187492,2025-09-04T23:22:31.837574
TN 87 8022,864547030175348,65.0,57.06,215.29,03/09/2025 07:25:57,13.0225336,80.0195884,0195884,2025-09-04T23:22:31.837689
TN 87 8022,864547030175348,59.0,57.14,215.16,03/09/2025 07:25:52,13.0226826,80.0203609,0203609,2025-09-04T23:22:31.837805
TN 87 8022,864547030175348,53.0,57.2,215.12,03/09/2025 07:25:47,13.0229163,80.0210666,0210666,2025-09-04T23:22:31.837968
TN 87 8022,864547030175348,48.0,57.26,215.1,03/09/2025 07:25:43,13.0231165,80.0215721,0215721,2025-09-04T23:22:31.838116
TN 87 8022,864547030175348,44.0,57.32,210.09,03/09/2025 07:25:38,13.0233836,80.0221061,0221061,2025-09-04T23:22:31.838260
TN 87 8022,864547030175348,35.0,57.37,208.37,03/09/2025 07:25:33,13.0236506,80.0225543,0225543,2025-09-04T23:22:31.838439
TN 87 8022,864547030175348,26.0,57.39,208.08,03/09/2025 07:25:27,13.0238831,80.0229644,0229644,2025-09-04T23:22:31.838590
TN 87 8022,864547030175348,20.0,57.42,208.23,03/09/2025 07:25:23,13.0239999,80.0231456,0231456,2025-09-04T23:22:31.838727
TN 87 8022,864547030175348,21.0,57.46,208.26,03/09/2025 07:25:18,13.0241334,80.023365,0233650,2025-09-04T23:22:31.838860
TN 87 8022,864547030175348,26.0,57.5,208.29,03/09/2025 07:25:13,13.024317,80.023632,0236320,2025-09-04T23:22:31.839001
TN 87 8022,864547030175348,30.0,57.53,208.46,03/09/2025 07:25:08,13.0244994,80.0239467,0239467,2025-09-04T23:22:31.839131
TN 87 8022,864547030175348,38.0,57.59,208.51,03/09/2025 07:25:04,13.0246829,80.0242328,0242328,2025-09-04T23:22:31.839256
TN 87 8022,864547030175348,49.0,57.67,208.53,03/09/2025 07:24:59,13.0249667,80.0247001,0247001,2025-09-04T23:22:31.839389
TN 87 8022,864547030175348,52.0,57.76,208.63,03/09/2025 07:24:54,13.0253159,80.0252723,0252723,2025-09-04T23:22:31.839551
TN 87 8022,864547030175348,55.0,57.82,208.64,03/09/2025 07:24:48,13.0257332,80.0259685,0259685,2025-09-04T23:22:31.839714
TN 87 8022,864547030175348,57.0,57.9,208.65,03/09/2025 07:24:44,13.0260336,80.0264549,0264549,2025-09-04T23:22:31.839861
TN 87 8022,864547030175348,58.0,57.98,208.36,03/09/2025 07:24:39,13.0264163,80.0270843,0270843,2025-09-04T23:22:31.839970
TN 87 8022,864547030175348,58.0,58.06,208.31,03/09/2025 07:24:34,13.0268001,80.0277328,0277328,2025-09-04T23:22:31.840075
TN 87 8022,864547030175348,58.0,58.14,208.05,03/09/2025 07:24:29,13.0272173,80.0283527,0283527,2025-09-04T23:22:31.840190
TN 87 8022,864547030175348,49.0,58.19,208.85,03/09/2025 07:24:24,13.0275833,80.0289535,0289535,2025-09-04T23:22:31.840311
TN 87 8022,864547030175348,43.0,58.26,208.86,03/09/2025 07:24:20,13.0278325,80.0293636,0293636,2025-09-04T23:22:31.840432
TN 87 8022,864547030175348,41.0,58.31,208.91,03/09/2025 07:24:14,13.0281496,80.0299167,0299167,2025-09-04T23:22:31.840597
TN 87 8022,864547030175348,55.0,58.4,210.57,03/09/2025 07:24:10,13.0284166,80.0303363,0303363,2025-09-04T23:22:31.840761
TN 87 8022,864547030175348,56.0,58.47,210.59,03/09/2025 07:24:05,13.0287837,80.0309848,0309848,2025-09-04T23:22:31.840927
TN 87 8022,864547030175348,52.0,58.54,210.63,03/09/2025 07:24:00,13.0291342,80.0315856,0315856,2025-09-04T23:22:31.841086
TN 87 8022,864547030175348,52.0,58.7,210.76,03/09/2025 07:23:55,13.0294835,80.0321388,0321388,2025-09-04T23:22:31.841242
TN 87 8022,864547030175348,57.0,58.77,210.78,03/09/2025 07:23:50,13.0298495,80.0327491,0327491,2025-09-04T23:22:31.841388
TN 87 8022,864547030175348,52.0,58.85,210.8,03/09/2025 07:23:45,13.0301833,80.0333595,0333595,2025-09-04T23:22:31.841500
TN 87 8022,864547030175348,52.0,58.93,210.83,03/09/2025 07:23:40,13.0305504,80.0339508,0339508,2025-09-04T23:22:31.841652
TN 87 8022,864547030175348,66.0,59.01,209.55,03/09/2025 07:23:35,13.0309498,80.0345993,0345993,2025-09-04T23:22:31.841786
TN 87 8022,864547030175348,64.0,59.09,208.58,03/09/2025 07:23:31,13.0312991,80.0351905,0351905,2025-09-04T23:22:31.841910
TN 87 8022,864547030175348,57.0,59.17,206.56,03/09/2025 07:23:26,13.0317163,80.035839,0358390,2025-09-04T23:22:31.842058
TN 87 8022,864547030175348,51.0,59.23,203.68,03/09/2025 07:23:21,13.0320835,80.0364303,0364303,2025-09-04T23:22:31.842184
TN 87 8022,864547030175348,45.0,59.3,203.25,03/09/2025 07:23:16,13.0324161,80.0369644,0369644,2025-09-04T23:22:31.842303
TN 87 8022,864547030175348,44.0,59.36,203.89,03/09/2025 07:23:11,13.0326831,80.0374698,0374698,2025-09-04T23:22:31.842445
TN 87 8022,864547030175348,45.0,59.42,206.45,03/09/2025 07:23:06,13.0329668,80.0379467,0379467,2025-09-04T23:22:31.842572
TN 87 8022,864547030175348,45.0,59.48,206.92,03/09/2025 07:23:01,13.0332493,80.038433,0384330,2025-09-04T23:22:31.842701
TN 87 8022,864547030175348,42.0,59.54,208.04,03/09/2025 07:22:56,13.033533,80.0389194,0389194,2025-09-04T23:22:31.842807
TN 87 8022,864547030175348,43.0,59.59,209.63,03/09/2025 07:22:51,13.0338168,80.0393867,0393867,2025-09-04T23:22:31.842930
TN 87 8022,864547030175348,44.0,59.65,209.65,03/09/2025 07:22:47,13.0340504,80.0397682,0397682,2025-09-04T23:22:31.843061
TN 87 8022,864547030175348,45.0,59.72,209.66,03/09/2025 07:22:42,13.0343508,80.0402641,0402641,2025-09-04T23:22:31.843178
TN 87 8022,864547030175348,53.0,59.8,209.63,03/09/2025 07:22:37,13.0346667,80.0407886,0407886,2025-09-04T23:22:31.843332
TN 87 8022,864547030175348,62.0,59.89,209.63,03/09/2025 07:22:32,13.0350172,80.0414371,0414371,2025-09-04T23:22:31.843480
TN 87 8022,864547030175348,63.0,59.97,209.61,03/09/2025 07:22:27,13.0353832,80.0421714,0421714,2025-09-04T23:22:31.843616
TN 87 8022,864547030175348,58.0,60.05,209.21,03/09/2025 07:22:22,13.0357003,80.0428962,0428962,2025-09-04T23:22:31.843727
TN 87 8022,864547030175348,57.0,60.12,209.12,03/09/2025 07:22:17,13.0359673,80.0435829,0435829,2025-09-04T23:22:31.843862
TN 87 8022,864547030175348,60.0,60.2,208.71,03/09/2025 07:22:13,13.0361676,80.0441646,0441646,2025-09-04T23:22:31.843987
TN 87 8022,864547030175348,56.0,60.28,206.21,03/09/2025 07:22:08,13.0363667,80.0448989,0448989,2025-09-04T23:22:31.844117
TN 87 8022,864547030175348,53.0,60.35,206.02,03/09/2025 07:22:03,13.036549,80.0455665,0455665,2025-09-04T23:22:31.844231
TN 87 8022,864547030175348,53.0,60.42,205.12,03/09/2025 07:21:58,13.0367493,80.0462341,0462341,2025-09-04T23:22:31.844403
TN 87 8022,864547030175348,48.0,60.49,203.43,03/09/2025 07:21:53,13.0369162,80.0468635,0468635,2025-09-04T23:22:31.844549
TN 87 8022,864547030175348,48.0,60.56,203.41,03/09/2025 07:21:48,13.0370497,80.0474834,0474834,2025-09-04T23:22:31.844657
TN 87 8022,864547030175348,44.0,60.62,203.81,03/09/2025 07:21:43,13.0371832,80.0480651,0480651,2025-09-04T23:22:31.844784
TN 87 8022,864547030175348,46.0,60.69,202.52,03/09/2025 07:21:38,13.0373334,80.0485992,0485992,2025-09-04T23:22:31.844921
TN 87 8022,864547030175348,48.0,60.75,201.88,03/09/2025 07:21:33,13.0375003,80.0492191,0492191,2025-09-04T23:22:31.845054
TN 87 8022,864547030175348,44.0,60.82,201.56,03/09/2025 07:21:28,13.037666,80.0497627,0497627,2025-09-04T23:22:31.845230
TN 87 8022,864547030175348,49.0,60.87,201.53,03/09/2025 07:21:23,13.0378663,80.0503349,0503349,2025-09-04T23:22:31.845360
TN 87 8022,864547030175348,55.0,60.95,197.82,03/09/2025 07:21:19,13.0380332,80.0508308,0508308,2025-09-04T23:22:31.845503
TN 87 8022,864547030175348,48.0,61.01,196.44,03/09/2025 07:21:14,13.0382668,80.0514698,0514698,2025-09-04T23:22:31.845670
TN 87 8022,864547030175348,49.0,61.08,196.42,03/09/2025 07:21:09,13.0384993,80.0520515,0520515,2025-09-04T23:22:31.845793
TN 87 8022,864547030175348,45.0,61.15,196.25,03/09/2025 07:21:04,13.038733,80.0526237,0526237,2025-09-04T23:22:31.846100
TN 87 8022,864547030175348,46.0,61.21,196.22,03/09/2025 07:20:59,13.0389499,80.0531673,0531673,2025-09-04T23:22:31.846310
TN 87 8022,864547030175348,49.0,61.27,196.17,03/09/2025 07:20:54,13.0391836,80.053749,0537490,2025-09-04T23:22:31.846595
TN 87 8022,864547030175348,52.0,61.34,196.07,03/09/2025 07:20:50,13.0393826,80.0542163,0542163,2025-09-04T23:22:31.846795
TN 87 8022,864547030175348,48.0,61.41,196.05,03/09/2025 07:20:45,13.0396342,80.0548362,0548362,2025-09-04T23:22:31.847002
TN 87 8022,864547030175348,44.0,61.46,196.05,03/09/2025 07:20:40,13.0398333,80.0553989,0553989,2025-09-04T23:22:31.847222
TN 87 8022,864547030175348,36.0,61.51,197.32,03/09/2025 07:20:35,13.040049,80.0558853,0558853,2025-09-04T23:22:31.847451
TN 87 8022,864547030175348,34.0,61.56,198.08,03/09/2025 07:20:30,13.0402338,80.0562953,0562953,2025-09-04T23:22:31.847651
TN 87 8022,864547030175348,40.0,61.62,199.69,03/09/2025 07:20:25,13.0403995,80.0567436,0567436,2025-09-04T23:22:31.847838
TN 87 8022,864547030175348,42.0,61.69,206.13,03/09/2025 07:20:20,13.0405831,80.0572395,0572395,2025-09-04T23:22:31.848106
TN 87 8022,864547030175348,48.0,61.76,206.17,03/09/2025 07:20:15,13.0408,80.0577831,0577831,2025-09-04T23:22:31.848323
TN 87 8022,864547030175348,56.0,61.85,206.17,03/09/2025 07:20:10,13.041017,80.058403,0584030,2025-09-04T23:22:31.848520
TN 87 8022,864547030175348,69.0,61.94,207.05,03/09/2025 07:20:05,13.0413174,80.0591659,0591659,2025-09-04T23:22:31.848727
TN 87 8022,864547030175348,66.0,62.11,207.18,03/09/2025 07:20:00,13.0416834,80.059967,0599670,2025-09-04T23:22:31.848950
TN 87 8022,864547030175348,66.0,62.27,207.3,03/09/2025 07:19:55,13.042066,80.0607299,0607299,2025-09-04T23:22:31.849176
TN 87 8022,864547030175348,65.0,62.36,211.01,03/09/2025 07:19:51,13.0424165,80.0613212,0613212,2025-09-04T23:22:31.849382
TN 87 8022,864547030175348,67.0,62.44,211.91,03/09/2025 07:19:46,13.0428171,80.062046,0620460,2025-09-04T23:22:31.849575
TN 87 8022,864547030175348,68.0,62.56,212.75,03/09/2025 07:19:42,13.0431342,80.062685,0626850,2025-09-04T23:22:31.849758
TN 87 8022,864547030175348,71.0,62.66,214.71,03/09/2025 07:19:36,13.0435669,80.0636672,0636672,2025-09-04T23:22:31.849945
TN 87 8022,864547030175348,67.0,62.75,215.05,03/09/2025 07:19:31,13.0438673,80.0644969,0644969,2025-09-04T23:22:31.850109
TN 87 8022,864547030175348,61.0,62.83,215.63,03/09/2025 07:19:26,13.0441164,80.065298,0652980,2025-09-04T23:22:31.850244
TN 87 8022,864547030175348,58.0,62.91,215.96,03/09/2025 07:19:21,13.0443668,80.0660133,0660133,2025-09-04T23:22:31.850363
TN 87 8022,864547030175348,61.0,62.98,216.03,03/09/2025 07:19:16,13.0446171,80.0667476,0667476,2025-09-04T23:22:31.850498
TN 87 8022,864547030175348,58.0,63.06,216.24,03/09/2025 07:19:12,13.0447995,80.0673484,0673484,2025-09-04T23:22:31.850681
TN 87 8022,864547030175348,51.0,63.13,216.38,03/09/2025 07:19:07,13.0449831,80.068016,0680160,2025-09-04T23:22:31.850842
TN 87 8022,864547030175348,47.0,63.19,216.38,03/09/2025 07:19:02,13.04515,80.0686359,0686359,2025-09-04T23:22:31.851008
TN 87 8022,864547030175348,40.0,63.24,215.86,03/09/2025 07:18:57,13.0452835,80.0691986,0691986,2025-09-04T23:22:31.851189
TN 87 8022,864547030175348,32.0,63.28,214.94,03/09/2025 07:18:52,13.0453991,80.0696468,0696468,2025-09-04T23:22:31.851334
TN 87 8022,864547030175348,25.0,63.31,209.94,03/09/2025 07:18:47,13.0454993,80.0700187,0700187,2025-09-04T23:22:31.851514
TN 87 8022,864547030175348,21.0,63.34,208.76,03/09/2025 07:18:42,13.045566,80.0703239,0703239,2025-09-04T23:22:31.851671
TN 87 8022,864547030175348,19.0,63.36,205.77,03/09/2025 07:18:38,13.0456328,80.0705146,0705146,2025-09-04T23:22:31.851804
TN 87 8022,864547030175348,13.0,63.37,203.32,03/09/2025 07:18:33,13.0456829,80.0707149,0707149,2025-09-04T23:22:31.851918
TN 87 8022,864547030175348,0.0,63.37,202.52,03/09/2025 07:18:28,13.0456995,80.0708293,0708293,2025-09-04T23:22:31.852030
TN 87 8022,864547030175348,0.0,63.37,202.04,03/09/2025 07:18:23,13.0456995,80.0708293,0708293,2025-09-04T23:22:31.852153
TN 87 8022,864547030175348,0.0,63.37,203.15,03/09/2025 07:18:18,13.0456995,80.0708293,0708293,2025-09-04T23:22:31.852285
TN 87 8022,864547030175348,0.0,63.37,203.22,03/09/2025 07:18:13,13.0456995,80.0708293,0708293,2025-09-04T23:22:31.852479
TN 87 8022,864547030175348,9.0,63.4,203.25,03/09/2025 07:18:08,13.0457162,80.0709152,0709152,2025-09-04T23:22:31.852627
TN 87 8022,864547030175348,23.0,63.43,203.58,03/09/2025 07:18:03,13.045783,80.0711345,0711345,2025-09-04T23:22:31.852744
TN 87 8022,864547030175348,29.0,63.47,203.63,03/09/2025 07:17:58,13.0458664,80.0714683,0714683,2025-09-04T23:22:31.852867
TN 87 8022,864547030175348,36.0,63.53,203.66,03/09/2025 07:17:54,13.0459165,80.071783,0717830,2025-09-04T23:22:31.852988
TN 87 8022,864547030175348,45.0,63.6,206.49,03/09/2025 07:17:49,13.0459666,80.0723361,0723361,2025-09-04T23:22:31.853135
TN 87 8022,864547030175348,50.0,63.67,207.13,03/09/2025 07:17:44,13.04605,80.072956,0729560,2025-09-04T23:22:31.853288
TN 87 8022,864547030175348,53.0,63.74,209.77,03/09/2025 07:17:39,13.046267,80.0735855,0735855,2025-09-04T23:22:31.853468
TN 87 8022,864547030175348,54.0,63.82,216.6,03/09/2025 07:17:34,13.0465829,80.0742149,0742149,2025-09-04T23:22:31.853635
TN 87 8022,864547030175348,55.0,63.89,216.62,03/09/2025 07:17:29,13.0468332,80.0748825,0748825,2025-09-04T23:22:31.853768
TN 87 8022,864547030175348,60.0,63.97,216.65,03/09/2025 07:17:25,13.0469167,80.0754737,0754737,2025-09-04T23:22:31.853876
TN 87 8022,864547030175348,61.0,64.06,217.05,03/09/2025 07:17:20,13.0469667,80.0762653,0762653,2025-09-04T23:22:31.854016
TN 87 8022,864547030175348,57.0,64.13,217.12,03/09/2025 07:17:15,13.0470001,80.0770473,0770473,2025-09-04T23:22:31.854140
TN 87 8022,864547030175348,53.0,64.2,217.34,03/09/2025 07:17:10,13.0470168,80.077753,0777530,2025-09-04T23:22:31.854269
TN 87 8022,864547030175348,48.0,64.27,216.0,03/09/2025 07:17:05,13.0470669,80.0784111,0784111,2025-09-04T23:22:31.854470
TN 87 8022,864547030175348,43.0,64.32,215.56,03/09/2025 07:17:00,13.0470824,80.0790214,0790214,2025-09-04T23:22:31.854624
TN 87 8022,864547030175348,33.0,64.37,214.07,03/09/2025 07:16:55,13.0471336,80.0795173,0795173,2025-09-04T23:22:31.854789
TN 87 8022,864547030175348,27.0,64.4,211.3,03/09/2025 07:16:50,13.0472004,80.0799179,0799179,2025-09-04T23:22:31.854927
TN 87 8022,864547030175348,17.0,64.42,211.33,03/09/2025 07:16:45,13.0472493,80.0801849,0801849,2025-09-04T23:22:31.855068
TN 87 8022,864547030175348,13.0,64.43,211.38,03/09/2025 07:16:40,13.0473005,80.0803852,0803852,2025-09-04T23:22:31.855175
TN 87 8022,864547030175348,5.0,64.44,211.53,03/09/2025 07:16:35,13.0473005,80.0804805,0804805,2025-09-04T23:22:31.855270
TN 87 8022,864547030175348,0.0,64.44,211.75,03/09/2025 07:16:31,13.047316,80.0805664,0805664,2025-09-04T23:22:31.855402
TN 87 8022,864547030175348,0.0,64.44,211.79,03/09/2025 07:16:25,13.0473339,80.0806522,0806522,2025-09-04T23:22:31.855566
TN 87 8022,864547030175348,0.0,64.44,211.86,03/09/2025 07:16:21,13.0473339,80.0806522,0806522,2025-09-04T23:22:31.855732
TN 87 8022,864547030175348,7.0,64.45,212.1,03/09/2025 07:16:16,13.0473494,80.0806999,0806999,2025-09-04T23:22:31.855907
TN 87 8022,864547030175348,13.0,64.47,212.15,03/09/2025 07:16:12,13.0473828,80.0808143,0808143,2025-09-04T23:22:31.856082
TN 87 8022,864547030175348,10.0,64.47,212.19,03/09/2025 07:16:06,13.0474162,80.080986,0809860,2025-09-04T23:22:31.856196
TN 87 8022,864547030175348,0.0,64.47,212.38,03/09/2025 07:16:01,13.0474328,80.0810432,0810432,2025-09-04T23:22:31.856315
TN 87 8022,864547030175348,0.0,64.47,212.41,03/09/2025 07:15:56,13.0474495,80.0811004,0811004,2025-09-04T23:22:31.856444
TN 87 8022,864547030175348,21.0,64.51,212.45,03/09/2025 07:15:51,13.0474996,80.0811958,0811958,2025-09-04T23:22:31.856589
TN 87 8022,864547030175348,38.0,64.57,212.6,03/09/2025 07:15:47,13.0475997,80.0815391,0815391,2025-09-04T23:22:31.856722
TN 87 8022,864547030175348,43.0,64.63,212.63,03/09/2025 07:15:42,13.0477333,80.082035,0820350,2025-09-04T23:22:31.856832
TN 87 8022,864547030175348,47.0,64.7,212.65,03/09/2025 07:15:37,13.0479335,80.0825786,0825786,2025-09-04T23:22:31.856958
TN 87 8022,864547030175348,49.0,64.77,212.83,03/09/2025 07:15:32,13.048166,80.0831794,0831794,2025-09-04T23:22:31.857078
TN 87 8022,864547030175348,54.0,64.85,212.86,03/09/2025 07:15:27,13.0483996,80.0837898,0837898,2025-09-04T23:22:31.857196
TN 87 8022,864547030175348,54.0,64.91,212.96,03/09/2025 07:15:22,13.0485999,80.0844383,0844383,2025-09-04T23:22:31.857321
TN 87 8022,864547030175348,51.0,64.99,211.23,03/09/2025 07:15:18,13.0487501,80.0849723,0849723,2025-09-04T23:22:31.857452
TN 87 8022,864547030175348,50.0,65.04,210.42,03/09/2025 07:15:12,13.0488836,80.0857162,0857162,2025-09-04T23:22:31.857571
TN 87 8022,864547030175348,44.0,65.1,207.76,03/09/2025 07:15:08,13.0489325,80.086193,0861930,2025-09-04T23:22:31.857703
TN 87 8022,864547030175348,38.0,65.14,205.48,03/09/2025 07:15:03,13.0489659,80.0867176,0867176,2025-09-04T23:22:31.857813
TN 87 8022,864547030175348,27.0,65.18,205.49,03/09/2025 07:14:58,13.0489993,80.0871467,0871467,2025-09-04T23:22:31.857935
TN 87 8022,864547030175348,22.0,65.21,205.53,03/09/2025 07:14:53,13.0490505,80.08749,0874900,2025-09-04T23:22:31.858034
TN 87 8022,864547030175348,14.0,65.22,205.74,03/09/2025 07:14:48,13.0490839,80.0877189,0877189,2025-09-04T23:22:31.858137
TN 87 8022,864547030175348,7.0,65.23,205.77,03/09/2025 07:14:43,13.0490994,80.0878334,0878334,2025-09-04T23:22:31.858272
TN 87 8022,864547030175348,0.0,65.23,205.8,03/09/2025 07:14:38,13.0491507,80.0879096,0879096,2025-09-04T23:22:31.858393
TN 87 8022,864547030175348,6.0,65.23,205.94,03/09/2025 07:14:33,13.0491995,80.0879955,0879955,2025-09-04T23:22:31.858515
TN 87 8022,864547030175348,5.0,65.24,205.96,03/09/2025 07:14:29,13.0492162,80.0880527,0880527,2025-09-04T23:22:31.858641
TN 87 8022,864547030175348,12.0,65.26,206.0,03/09/2025 07:14:24,13.0492997,80.0881671,0881671,2025-09-04T23:22:31.858759
TN 87 8022,864547030175348,13.0,65.28,206.01,03/09/2025 07:14:18,13.0493998,80.0883007,0883007,2025-09-04T23:22:31.859220
TN 87 8022,864547030175348,12.0,65.29,206.19,03/09/2025 07:14:14,13.0494832,80.0884056,0884056,2025-09-04T23:22:31.859485
TN 87 8022,864547030175348,11.0,65.3,206.24,03/09/2025 07:14:09,13.0495834,80.0884819,0884819,2025-09-04T23:22:31.859703
TN 87 8022,864547030175348,6.0,65.32,206.32,03/09/2025 07:14:04,13.0496501,80.0885295,0885295,2025-09-04T23:22:31.859959
TN 87 8022,864547030175348,14.0,65.33,206.69,03/09/2025 07:13:59,13.0497837,80.0885963,0885963,2025-09-04T23:22:31.860192
TN 87 8022,864547030175348,0.0,65.33,206.76,03/09/2025 07:13:54,13.0498671,80.0886726,0886726,2025-09-04T23:22:31.860409
TN 87 8022,864547030175348,9.0,65.33,206.81,03/09/2025 07:13:49,13.0499339,80.0887107,0887107,2025-09-04T23:22:31.860676
TN 87 8022,864547030175348,0.0,65.33,207.01,03/09/2025 07:13:44,13.0499827,80.088768,0887680,2025-09-04T23:22:31.860885
TN 87 8022,864547030175348,8.0,65.34,207.05,03/09/2025 07:13:40,13.0500161,80.088787,0887870,2025-09-04T23:22:31.861074
TN 87 8022,864547030175348,13.0,65.36,207.08,03/09/2025 07:13:35,13.0501008,80.0888538,0888538,2025-09-04T23:22:31.861239
TN 87 8022,864547030175348,13.0,65.39,207.28,03/09/2025 07:13:30,13.0502331,80.0889396,0889396,2025-09-04T23:22:31.861436
TN 87 8022,864547030175348,26.0,65.42,207.37,03/09/2025 07:13:25,13.05045,80.0890636,0890636,2025-09-04T23:22:31.861620
TN 87 8022,864547030175348,23.0,65.45,207.48,03/09/2025 07:13:20,13.0507338,80.0892066,0892066,2025-09-04T23:22:31.861875
TN 87 8022,864547030175348,23.0,65.49,207.87,03/09/2025 07:13:15,13.0509996,80.0893497,0893497,2025-09-04T23:22:31.861989
TN 87 8022,864547030175348,25.0,65.52,207.93,03/09/2025 07:13:10,13.0512833,80.0894832,0894832,2025-09-04T23:22:31.862148
TN 87 8022,864547030175348,30.0,65.57,208.05,03/09/2025 07:13:06,13.0515503,80.0895977,0895977,2025-09-04T23:22:31.862266
TN 87 8022,864547030175348,41.0,65.64,209.06,03/09/2025 07:13:01,13.0519509,80.0897979,0897979,2025-09-04T23:22:31.862437
TN 87 8022,864547030175348,56.0,65.72,209.28,03/09/2025 07:12:56,13.0525171,80.090065,0900650,2025-09-04T23:22:31.862610
TN 87 8022,864547030175348,60.0,65.81,209.74,03/09/2025 07:12:51,13.0531835,80.0903987,0903987,2025-09-04T23:22:31.862793
TN 87 8022,864547030175348,58.0,65.88,206.59,03/09/2025 07:12:46,13.0538499,80.0907707,0907707,2025-09-04T23:22:31.862968
TN 87 8022,864547030175348,54.0,65.96,206.4,03/09/2025 07:12:41,13.0543828,80.0912475,0912475,2025-09-04T23:22:31.863153
TN 87 8022,864547030175348,53.0,66.03,206.25,03/09/2025 07:12:36,13.0548,80.0917816,0917816,2025-09-04T23:22:31.863333
TN 87 8022,864547030175348,53.0,66.09,207.88,03/09/2025 07:12:31,13.0551171,80.0923728,0923728,2025-09-04T23:22:31.863515
TN 87 8022,864547030175348,52.0,66.17,208.42,03/09/2025 07:12:27,13.0553328,80.0928688,0928688,2025-09-04T23:22:31.863758
TN 87 8022,864547030175348,48.0,66.24,211.07,03/09/2025 07:12:21,13.0556499,80.0935649,0935649,2025-09-04T23:22:31.863942
TN 87 8022,864547030175348,50.0,66.3,216.52,03/09/2025 07:12:16,13.0559325,80.0941467,0941467,2025-09-04T23:22:31.864120
TN 87 8022,864547030175348,53.0,66.37,216.6,03/09/2025 07:12:12,13.0561327,80.0946521,0946521,2025-09-04T23:22:31.864262
TN 87 8022,864547030175348,49.0,66.44,216.51,03/09/2025 07:12:07,13.0562829,80.0952816,0952816,2025-09-04T23:22:31.864436
TN 87 8022,864547030175348,45.0,66.5,215.84,03/09/2025 07:12:02,13.0563664,80.0958824,0958824,2025-09-04T23:22:31.864611
TN 87 8022,864547030175348,36.0,66.54,208.41,03/09/2025 07:11:57,13.0564165,80.0964164,0964164,2025-09-04T23:22:31.864795
TN 87 8022,864547030175348,31.0,66.58,207.31,03/09/2025 07:11:52,13.0564498,80.0968456,0968456,2025-09-04T23:22:31.864954
TN 87 8022,864547030175348,22.0,66.61,207.45,03/09/2025 07:11:47,13.0564832,80.0971984,0971984,2025-09-04T23:22:31.865105
TN 87 8022,864547030175348,15.0,66.62,208.07,03/09/2025 07:11:42,13.0565166,80.0974369,0974369,2025-09-04T23:22:31.865280
TN 87 8022,864547030175348,11.0,66.63,208.15,03/09/2025 07:11:37,13.05655,80.0975799,0975799,2025-09-04T23:22:31.865445
TN 87 8022,864547030175348,8.0,66.65,208.27,03/09/2025 07:11:33,13.05655,80.0976657,0976657,2025-09-04T23:22:31.865626
TN 87 8022,864547030175348,21.0,66.7,208.66,03/09/2025 07:11:28,13.0565667,80.0977993,0977993,2025-09-04T23:22:31.865808
TN 87 8022,864547030175348,42.0,66.76,208.81,03/09/2025 07:11:23,13.0566501,80.0982379,0982379,2025-09-04T23:22:31.865980
TN 87 8022,864547030175348,53.0,66.83,208.88,03/09/2025 07:11:18,13.0567502,80.0988006,0988006,2025-09-04T23:22:31.866135
TN 87 8022,864547030175348,57.0,66.92,212.31,03/09/2025 07:11:13,13.0569338,80.0994777,0994777,2025-09-04T23:22:31.866300
TN 87 8022,864547030175348,63.0,67.01,212.65,03/09/2025 07:11:08,13.0571162,80.1002311,1002311,2025-09-04T23:22:31.866468
TN 87 8022,864547030175348,62.0,67.08,213.08,03/09/2025 07:11:03,13.0572664,80.1010322,1010322,2025-09-04T23:22:31.866613
TN 87 8022,864547030175348,61.0,67.16,213.13,03/09/2025 07:10:59,13.0573332,80.1016807,1016807,2025-09-04T23:22:31.866735
TN 87 8022,864547030175348,64.0,67.25,213.13,03/09/2025 07:10:54,13.0573165,80.1024818,1024818,2025-09-04T23:22:31.866865
TN 87 8022,864547030175348,65.0,67.34,213.09,03/09/2025 07:10:49,13.0572664,80.103321,1033210,2025-09-04T23:22:31.867041
TN 87 8022,864547030175348,62.0,67.43,212.8,03/09/2025 07:10:44,13.0572009,80.1041507,1041507,2025-09-04T23:22:31.867192
TN 87 8022,864547030175348,62.0,67.52,212.76,03/09/2025 07:10:39,13.0571496,80.1049518,1049518,2025-09-04T23:22:31.867335
TN 87 8022,864547030175348,62.0,67.6,212.72,03/09/2025 07:10:34,13.0571007,80.1057529,1057529,2025-09-04T23:22:31.867456
TN 87 8022,864547030175348,58.0,67.68,207.66,03/09/2025 07:10:29,13.057034,80.1065349,1065349,2025-09-04T23:22:31.867595
TN 87 8022,864547030175348,51.0,67.74,207.3,03/09/2025 07:10:24,13.0569672,80.1072502,1072502,2025-09-04T23:22:31.867741
TN 87 8022,864547030175348,50.0,67.8,207.31,03/09/2025 07:10:20,13.0569159,80.1077651,1077651,2025-09-04T23:22:31.867866
TN 87 8022,864547030175348,48.0,67.87,211.6,03/09/2025 07:10:15,13.0568826,80.108385,1083850,2025-09-04T23:22:31.868014
TN 87 8022,864547030175348,49.0,67.94,211.64,03/09/2025 07:10:10,13.0568337,80.1090049,1090049,2025-09-04T23:22:31.868148
TN 87 8022,864547030175348,54.0,68.02,211.67,03/09/2025 07:10:05,13.0568003,80.1096534,1096534,2025-09-04T23:22:31.868301
TN 87 8022,864547030175348,57.0,68.1,211.43,03/09/2025 07:10:00,13.0567669,80.1103687,1103687,2025-09-04T23:22:31.868451
TN 87 8022,864547030175348,59.0,68.19,211.39,03/09/2025 07:09:55,13.0567502,80.1111125,1111125,2025-09-04T23:22:31.868578
TN 87 8022,864547030175348,63.0,68.27,211.34,03/09/2025 07:09:50,13.0567502,80.1119136,1119136,2025-09-04T23:22:31.868703
TN 87 8022,864547030175348,58.0,68.35,209.08,03/09/2025 07:09:45,13.0567836,80.1127052,1127052,2025-09-04T23:22:31.868851
TN 87 8022,864547030175348,59.0,68.43,209.08,03/09/2025 07:09:40,13.0568003,80.113449,1134490,2025-09-04T23:22:31.868989
TN 87 8022,864547030175348,53.0,68.49,208.03,03/09/2025 07:09:35,13.0568003,80.1141834,1141834,2025-09-04T23:22:31.869119
TN 87 8022,864547030175348,51.0,68.58,207.98,03/09/2025 07:09:31,13.0567669,80.1147174,1147174,2025-09-04T23:22:31.869256
TN 87 8022,864547030175348,51.0,68.64,207.68,03/09/2025 07:09:25,13.0566501,80.1154899,1154899,2025-09-04T23:22:31.869389
TN 87 8022,864547030175348,58.0,68.72,207.56,03/09/2025 07:09:21,13.0564999,80.116024,1160240,2025-09-04T23:22:31.869530
TN 87 8022,864547030175348,56.0,68.79,207.35,03/09/2025 07:09:16,13.0562996,80.1167297,1167297,2025-09-04T23:22:31.869675
TN 87 8022,864547030175348,56.0,68.88,212.29,03/09/2025 07:09:11,13.0560994,80.1174354,1174354,2025-09-04T23:22:31.869817
TN 87 8022,864547030175348,56.0,68.95,212.96,03/09/2025 07:09:06,13.0558836,80.1181507,1181507,2025-09-04T23:22:31.869956
TN 87 8022,864547030175348,60.0,69.04,212.92,03/09/2025 07:09:01,13.0556666,80.1188373,1188373,2025-09-04T23:22:31.870105
TN 87 8022,864547030175348,61.0,69.11,211.32,03/09/2025 07:08:56,13.055433,80.1195812,1195812,2025-09-04T23:22:31.870244
TN 87 8022,864547030175348,59.0,69.19,210.74,03/09/2025 07:08:52,13.0552327,80.120182,1201820,2025-09-04T23:22:31.870382
TN 87 8022,864547030175348,52.0,69.26,211.12,03/09/2025 07:08:47,13.0549669,80.1208496,1208496,2025-09-04T23:22:31.870549
TN 87 8022,864547030175348,44.0,69.32,211.38,03/09/2025 07:08:42,13.0547332,80.1214504,1214504,2025-09-04T23:22:31.870730
TN 87 8022,864547030175348,43.0,69.36,211.42,03/09/2025 07:08:37,13.054583,80.1219844,1219844,2025-09-04T23:22:31.870886
TN 87 8022,864547030175348,39.0,69.43,211.45,03/09/2025 07:08:33,13.0544996,80.1223945,1223945,2025-09-04T23:22:31.871042
TN 87 8022,864547030175348,33.0,69.46,211.65,03/09/2025 07:08:27,13.0544829,80.1229858,1229858,2025-09-04T23:22:31.871179
TN 87 8022,864547030175348,29.0,69.5,211.68,03/09/2025 07:08:23,13.054533,80.1233005,1233005,2025-09-04T23:22:31.871334
TN 87 8022,864547030175348,18.0,69.51,211.73,03/09/2025 07:08:17,13.0546164,80.1236534,1236534,2025-09-04T23:22:31.871479
TN 87 8022,864547030175348,9.0,69.51,211.96,03/09/2025 07:08:13,13.0546498,80.1237869,1237869,2025-09-04T23:22:31.871605
TN 87 8022,864547030175348,8.0,69.55,211.98,03/09/2025 07:08:08,13.0546832,80.1238441,1238441,2025-09-04T23:22:31.871798
TN 87 8022,864547030175348,22.0,69.58,212.04,03/09/2025 07:08:02,13.0547499,80.1241302,1241302,2025-09-04T23:22:31.871975
TN 87 8022,864547030175348,37.0,69.64,214.67,03/09/2025 07:07:58,13.0548334,80.1244354,1244354,2025-09-04T23:22:31.872137
TN 87 8022,864547030175348,53.0,69.72,215.31,03/09/2025 07:07:53,13.0550003,80.124998,1249980,2025-09-04T23:22:31.872277
TN 87 8022,864547030175348,54.0,69.8,216.74,03/09/2025 07:07:48,13.0553507,80.1255989,1255989,2025-09-04T23:22:31.872406
TN 87 8022,864547030175348,55.0,69.86,218.33,03/09/2025 07:07:43,13.0557835,80.126152,1261520,2025-09-04T23:22:31.872706
TN 87 8022,864547030175348,54.0,69.95,218.35,03/09/2025 07:07:39,13.0561506,80.1265907,1265907,2025-09-04T23:22:31.872952
TN 87 8022,864547030175348,50.0,70.02,218.39,03/09/2025 07:07:33,13.0566835,80.1272201,1272201,2025-09-04T23:22:31.873158
TN 87 8022,864547030175348,45.0,70.07,211.02,03/09/2025 07:07:28,13.0570673,80.1276874,1276874,2025-09-04T23:22:31.873377
TN 87 8022,864547030175348,42.0,70.12,209.5,03/09/2025 07:07:24,13.0573499,80.1280498,1280498,2025-09-04T23:22:31.873628
TN 87 8022,864547030175348,33.0,70.16,207.99,03/09/2025 07:07:19,13.0576157,80.1284599,1284599,2025-09-04T23:22:31.873840
TN 87 8022,864547030175348,23.0,70.19,206.6,03/09/2025 07:07:14,13.0577826,80.1287841,1287841,2025-09-04T23:22:31.874049
TN 87 8022,864547030175348,18.0,70.21,213.79,03/09/2025 07:07:09,13.0579161,80.1289939,1289939,2025-09-04T23:22:31.874235
TN 87 8022,864547030175348,21.0,70.25,215.3,03/09/2025 07:07:04,13.0580163,80.1292228,1292228,2025-09-04T23:22:31.874393
TN 87 8022,864547030175348,32.0,70.3,215.35,03/09/2025 07:06:59,13.0581665,80.1294994,1294994,2025-09-04T23:22:31.874558
TN 87 8022,864547030175348,40.0,70.36,215.55,03/09/2025 07:06:54,13.0583667,80.1299095,1299095,2025-09-04T23:22:31.874738
TN 87 8022,864547030175348,47.0,70.41,215.58,03/09/2025 07:06:49,13.0586004,80.1304149,1304149,2025-09-04T23:22:31.874910
TN 87 8022,864547030175348,47.0,70.48,215.64,03/09/2025 07:06:45,13.0587995,80.1308631,1308631,2025-09-04T23:22:31.875073
TN 87 8022,864547030175348,50.0,70.55,216.24,03/09/2025 07:06:40,13.0590331,80.1314353,1314353,2025-09-04T23:22:31.875260
TN 87 8022,864547030175348,51.0,70.63,216.48,03/09/2025 07:06:35,13.0593168,80.1320457,1320457,2025-09-04T23:22:31.875410
TN 87 8022,864547030175348,52.0,70.7,216.48,03/09/2025 07:06:30,13.0595839,80.1326656,1326656,2025-09-04T23:22:31.875592
TN 87 8022,864547030175348,52.0,70.77,216.43,03/09/2025 07:06:25,13.0598497,80.1333045,1333045,2025-09-04T23:22:31.875773
TN 87 8022,864547030175348,47.0,70.83,216.49,03/09/2025 07:06:20,13.0601334,80.1338768,1338768,2025-09-04T23:22:31.875950
TN 87 8022,864547030175348,40.0,70.87,216.51,03/09/2025 07:06:15,13.0603671,80.1344013,1344013,2025-09-04T23:22:31.876118
TN 87 8022,864547030175348,34.0,70.94,216.55,03/09/2025 07:06:11,13.060534,80.1347541,1347541,2025-09-04T23:22:31.876309
TN 87 8022,864547030175348,40.0,70.98,216.55,03/09/2025 07:06:05,13.0607664,80.1352691,1352691,2025-09-04T23:22:31.876496
TN 87 8022,864547030175348,44.0,71.04,216.55,03/09/2025 07:06:01,13.0609333,80.1356697,1356697,2025-09-04T23:22:31.876647
TN 87 8022,864547030175348,39.0,71.1,216.46,03/09/2025 07:05:56,13.0610668,80.1362133,1362133,2025-09-04T23:22:31.876765
TN 87 8022,864547030175348,34.0,71.15,216.43,03/09/2025 07:05:51,13.0611157,80.1366806,1366806,2025-09-04T23:22:31.876865
TN 87 8022,864547030175348,37.0,71.2,216.33,03/09/2025 07:05:46,13.0611491,80.1371669,1371669,2025-09-04T23:22:31.876983
TN 87 8022,864547030175348,36.0,71.24,214.41,03/09/2025 07:05:41,13.0611824,80.1376533,1376533,2025-09-04T23:22:31.877110
TN 87 8022,864547030175348,28.0,71.27,214.42,03/09/2025 07:05:37,13.0612003,80.1379966,1379966,2025-09-04T23:22:31.877216
TN 87 8022,864547030175348,17.0,71.3,214.44,03/09/2025 07:05:32,13.0612003,80.1383113,1383113,2025-09-04T23:22:31.877369
TN 87 8022,864547030175348,13.0,71.32,214.52,03/09/2025 07:05:26,13.0611824,80.1385688,1385688,2025-09-04T23:22:31.877497
TN 87 8022,864547030175348,10.0,71.34,214.53,03/09/2025 07:05:21,13.0612003,80.138731,1387310,2025-09-04T23:22:31.877665
TN 87 8022,864547030175348,24.0,71.37,214.54,03/09/2025 07:05:17,13.0612337,80.1389122,1389122,2025-09-04T23:22:31.877791
TN 87 8022,864547030175348,22.0,71.41,214.66,03/09/2025 07:05:12,13.0612337,80.1392555,1392555,2025-09-04T23:22:31.877918
TN 87 8022,864547030175348,23.0,71.44,214.68,03/09/2025 07:05:07,13.0612492,80.1395606,1395606,2025-09-04T23:22:31.878064
TN 87 8022,864547030175348,11.0,71.45,214.69,03/09/2025 07:05:02,13.0612492,80.1398181,1398181,2025-09-04T23:22:31.878221
TN 87 8022,864547030175348,6.0,71.46,214.72,03/09/2025 07:04:57,13.0612671,80.1399135,1399135,2025-09-04T23:22:31.878341
TN 87 8022,864547030175348,15.0,71.5,214.72,03/09/2025 07:04:52,13.0612826,80.1400661,1400661,2025-09-04T23:22:31.878472
TN 87 8022,864547030175348,30.0,71.53,214.72,03/09/2025 07:04:47,13.0613005,80.1403808,1403808,2025-09-04T23:22:31.878641
TN 87 8022,864547030175348,32.0,71.58,214.69,03/09/2025 07:04:43,13.0613005,80.1407051,1407051,2025-09-04T23:22:31.878826
TN 87 8022,864547030175348,41.0,71.64,214.2,03/09/2025 07:04:38,13.0613338,80.1411819,1411819,2025-09-04T23:22:31.878969
TN 87 8022,864547030175348,38.0,71.69,214.19,03/09/2025 07:04:33,13.0613827,80.141716,1417160,2025-09-04T23:22:31.879123
TN 87 8022,864547030175348,34.0,71.74,215.02,03/09/2025 07:04:28,13.0614161,80.1421833,1421833,2025-09-04T23:22:31.879282
TN 87 8022,864547030175348,30.0,71.79,215.61,03/09/2025 07:04:23,13.0614495,80.1426124,1426124,2025-09-04T23:22:31.879423
TN 87 8022,864547030175348,41.0,71.83,215.61,03/09/2025 07:04:18,13.0614995,80.1430702,1430702,2025-09-04T23:22:31.879556
TN 87 8022,864547030175348,40.0,71.91,215.61,03/09/2025 07:04:14,13.0615496,80.1434898,1434898,2025-09-04T23:22:31.879713
TN 87 8022,864547030175348,44.0,71.97,212.6,03/09/2025 07:04:08,13.0616331,80.1441669,1441669,2025-09-04T23:22:31.879855
TN 87 8022,864547030175348,38.0,72.02,212.4,03/09/2025 07:04:03,13.0616998,80.144701,1447010,2025-09-04T23:22:31.880020
TN 87 8022,864547030175348,31.0,72.05,212.36,03/09/2025 07:03:58,13.0617499,80.1451492,1451492,2025-09-04T23:22:31.880155
TN 87 8022,864547030175348,29.0,72.1,210.29,03/09/2025 07:03:54,13.0618,80.1454734,1454734,2025-09-04T23:22:31.880287
TN 87 8022,864547030175348,35.0,72.14,209.81,03/09/2025 07:03:49,13.06185,80.1458835,1458835,2025-09-04T23:22:31.880454
TN 87 8022,864547030175348,29.0,72.18,208.0,03/09/2025 07:03:44,13.0619001,80.1463031,1463031,2025-09-04T23:22:31.880627
TN 87 8022,864547030175348,22.0,72.21,208.17,03/09/2025 07:03:39,13.0619335,80.1466655,1466655,2025-09-04T23:22:31.880767
TN 87 8022,864547030175348,7.0,72.21,208.22,03/09/2025 07:03:34,13.0619835,80.1468944,1468944,2025-09-04T23:22:31.880909
TN 87 8022,864547030175348,0.0,72.21,208.44,03/09/2025 07:03:29,13.0619835,80.1469326,1469326,2025-09-04T23:22:31.881056
TN 87 8022,864547030175348,0.0,72.21,211.77,03/09/2025 07:03:24,13.0619835,80.1469326,1469326,2025-09-04T23:22:31.881241
TN 87 8022,864547030175348,0.0,72.21,212.08,03/09/2025 07:03:20,13.0619835,80.1469326,1469326,2025-09-04T23:22:31.881407
TN 87 8022,864547030175348,0.0,72.21,212.12,03/09/2025 07:03:15,13.0619835,80.1469326,1469326,2025-09-04T23:22:31.881600
TN 87 8022,864547030175348,0.0,72.21,212.35,03/09/2025 07:03:10,13.0619835,80.1469326,1469326,2025-09-04T23:22:31.881814
TN 87 8022,864547030175348,9.0,72.24,212.38,03/09/2025 07:03:05,13.0619835,80.1469516,1469516,2025-09-04T23:22:31.882024
TN 87 8022,864547030175348,39.0,72.3,212.5,03/09/2025 07:03:00,13.0619835,80.1472663,1472663,2025-09-04T23:22:31.882168
TN 87 8022,864547030175348,44.0,72.35,217.76,03/09/2025 07:02:55,13.0620002,80.1478385,1478385,2025-09-04T23:22:31.882314
TN 87 8022,864547030175348,41.0,72.41,218.2,03/09/2025 07:02:51,13.0620002,80.1482963,1482963,2025-09-04T23:22:31.882449
TN 87 8022,864547030175348,40.0,72.49,218.21,03/09/2025 07:02:46,13.0620336,80.1488494,1488494,2025-09-04T23:22:31.882608
TN 87 8022,864547030175348,47.0,72.54,218.21,03/09/2025 07:02:40,13.0620169,80.1495361,1495361,2025-09-04T23:22:31.882737
TN 87 8022,864547030175348,44.0,72.6,216.47,03/09/2025 07:02:36,13.0619835,80.1500034,1500034,2025-09-04T23:22:31.882883
TN 87 8022,864547030175348,37.0,72.65,215.52,03/09/2025 07:02:31,13.0618834,80.1505661,1505661,2025-09-04T23:22:31.883029
TN 87 8022,864547030175348,33.0,72.7,214.49,03/09/2025 07:02:26,13.0616831,80.1509857,1509857,2025-09-04T23:22:31.883178
TN 87 8022,864547030175348,19.0,72.71,214.41,03/09/2025 07:02:20,13.061434,80.1513481,1513481,2025-09-04T23:22:31.883335
TN 87 8022,864547030175348,16.0,72.74,214.39,03/09/2025 07:02:17,13.0613493,80.1514625,1514625,2025-09-04T23:22:31.883495
TN 87 8022,864547030175348,23.0,72.78,214.39,03/09/2025 07:02:12,13.0612671,80.1516628,1516628,2025-09-04T23:22:31.883641
TN 87 8022,864547030175348,31.0,72.82,213.17,03/09/2025 07:02:07,13.0610835,80.151987,1519870,2025-09-04T23:22:31.883798
TN 87 8022,864547030175348,24.0,72.85,213.05,03/09/2025 07:02:02,13.0609166,80.1523017,1523017,2025-09-04T23:22:31.883908
TN 87 8022,864547030175348,28.0,72.89,213.05,03/09/2025 07:01:57,13.0608165,80.1526069,1526069,2025-09-04T23:22:31.884060
TN 87 8022,864547030175348,29.0,72.93,213.1,03/09/2025 07:01:52,13.0607342,80.1529693,1529693,2025-09-04T23:22:31.884218
TN 87 8022,864547030175348,26.0,72.96,213.08,03/09/2025 07:01:48,13.0606675,80.1532649,1532649,2025-09-04T23:22:31.884377
TN 87 8022,864547030175348,27.0,73.0,212.98,03/09/2025 07:01:43,13.0606007,80.1535987,1535987,2025-09-04T23:22:31.884558
TN 87 8022,864547030175348,27.0,73.04,209.56,03/09/2025 07:01:38,13.0605161,80.1539516,1539516,2025-09-04T23:22:31.884744
TN 87 8022,864547030175348,17.0,73.07,209.55,03/09/2025 07:01:33,13.0604827,80.1542663,1542663,2025-09-04T23:22:31.884924
TN 87 8022,864547030175348,11.0,73.07,209.52,03/09/2025 07:01:27,13.0604827,80.1544761,1544761,2025-09-04T23:22:31.885096
TN 87 8022,864547030175348,8.0,73.08,209.28,03/09/2025 07:01:22,13.0604827,80.1546001,1546001,2025-09-04T23:22:31.885226
TN 87 8022,864547030175348,5.0,73.08,209.24,03/09/2025 07:01:17,13.0604672,80.1547145,1547145,2025-09-04T23:22:31.885336
TN 87 8022,864547030175348,0.0,73.08,209.18,03/09/2025 07:01:13,13.0604493,80.1547718,1547718,2025-09-04T23:22:31.885460
TN 87 8022,864547030175348,9.0,73.1,209.01,03/09/2025 07:01:08,13.0604672,80.154829,1548290,2025-09-04T23:22:31.886037
TN 87 8022,864547030175348,12.0,73.12,209.0,03/09/2025 07:01:03,13.0604827,80.1549816,1549816,2025-09-04T23:22:31.886276
TN 87 8022,864547030175348,19.0,73.16,208.96,03/09/2025 07:00:58,13.0604827,80.1551818,1551818,2025-09-04T23:22:31.886498
TN 87 8022,864547030175348,31.0,73.2,206.9,03/09/2025 07:00:53,13.060534,80.1555061,1555061,2025-09-04T23:22:31.886719
TN 87 8022,864547030175348,31.0,73.24,206.72,03/09/2025 07:00:48,13.0606675,80.1559162,1559162,2025-09-04T23:22:31.886930
TN 87 8022,864547030175348,25.0,73.28,206.71,03/09/2025 07:00:43,13.0608165,80.15625,1562500,2025-09-04T23:22:31.887146
TN 87 8022,864547030175348,23.0,73.32,206.56,03/09/2025 07:00:38,13.06095,80.1565742,1565742,2025-09-04T23:22:31.887367
TN 87 8022,864547030175348,28.0,73.36,206.55,03/09/2025 07:00:33,13.0611491,80.1568317,1568317,2025-09-04T23:22:31.887566
TN 87 8022,864547030175348,37.0,73.41,206.51,03/09/2025 07:00:29,13.061316,80.1571369,1571369,2025-09-04T23:22:31.887712
TN 87 8022,864547030175348,44.0,73.47,206.5,03/09/2025 07:00:24,13.0615329,80.1576137,1576137,2025-09-04T23:22:31.887849
TN 87 8022,864547030175348,46.0,73.59,205.94,03/09/2025 07:00:19,13.0615663,80.1581764,1581764,2025-09-04T23:22:31.887979
TN 87 8022,864547030175348,43.0,73.65,205.84,03/09/2025 07:00:14,13.0614829,80.1587677,1587677,2025-09-04T23:22:31.888098
TN 87 8022,864547030175348,37.0,73.7,205.87,03/09/2025 07:00:09,13.0614006,80.1592826,1592826,2025-09-04T23:22:31.888212
TN 87 8022,864547030175348,33.0,73.74,206.04,03/09/2025 07:00:04,13.0613493,80.1597404,1597404,2025-09-04T23:22:31.888348
TN 87 8022,864547030175348,37.0,73.8,206.07,03/09/2025 07:00:00,13.0613338,80.1600837,1600837,2025-09-04T23:22:31.888482
TN 87 8022,864547030175348,33.0,73.84,206.1,03/09/2025 06:59:54,13.061316,80.1606559,1606559,2025-09-04T23:22:31.888616
TN 87 8022,864547030175348,32.0,73.89,208.76,03/09/2025 06:59:50,13.0613338,80.1609992,1609992,2025-09-04T23:22:31.888719
TN 87 8022,864547030175348,38.0,73.94,208.33,03/09/2025 06:59:45,13.061316,80.161457,1614570,2025-09-04T23:22:31.888823
TN 87 8022,864547030175348,38.0,73.99,207.88,03/09/2025 06:59:40,13.061316,80.1619338,1619338,2025-09-04T23:22:31.889078
TN 87 8022,864547030175348,37.0,74.05,205.52,03/09/2025 06:59:35,13.061316,80.1624298,1624298,2025-09-04T23:22:31.889242
TN 87 8022,864547030175348,35.0,74.09,204.94,03/09/2025 06:59:30,13.061316,80.1629161,1629161,2025-09-04T23:22:31.889433
TN 87 8022,864547030175348,28.0,74.13,204.89,03/09/2025 06:59:25,13.0613338,80.1633548,1633548,2025-09-04T23:22:31.889615
TN 87 8022,864547030175348,19.0,74.15,204.87,03/09/2025 06:59:20,13.0613493,80.1636791,1636791,2025-09-04T23:22:31.889786
TN 87 8022,864547030175348,6.0,74.15,204.9,03/09/2025 06:59:16,13.0613005,80.1638603,1638603,2025-09-04T23:22:31.889938
TN 87 8022,864547030175348,0.0,74.15,205.06,03/09/2025 06:59:10,13.0613005,80.1638984,1638984,2025-09-04T23:22:31.890083
TN 87 8022,864547030175348,0.0,74.15,209.62,03/09/2025 06:59:06,13.0613005,80.1638984,1638984,2025-09-04T23:22:31.890226
TN 87 8022,864547030175348,0.0,74.15,210.51,03/09/2025 06:59:01,13.0613005,80.1638984,1638984,2025-09-04T23:22:31.890403
TN 87 8022,864547030175348,0.0,74.15,212.79,03/09/2025 06:58:56,13.0613005,80.1638984,1638984,2025-09-04T23:22:31.890584
TN 87 8022,864547030175348,0.0,74.15,213.66,03/09/2025 06:58:51,13.0613005,80.1638984,1638984,2025-09-04T23:22:31.890792
TN 87 8022,864547030175348,0.0,74.15,213.68,03/09/2025 06:58:46,13.0612826,80.1639175,1639175,2025-09-04T23:22:31.890948
TN 87 8022,864547030175348,6.0,74.15,213.73,03/09/2025 06:58:42,13.0612671,80.1639842,1639842,2025-09-04T23:22:31.891128
TN 87 8022,864547030175348,0.0,74.15,214.22,03/09/2025 06:58:37,13.0612671,80.164051,1640510,2025-09-04T23:22:31.891297
TN 87 8022,864547030175348,7.0,74.16,214.29,03/09/2025 06:58:32,13.0612492,80.1641178,1641178,2025-09-04T23:22:31.891445
TN 87 8022,864547030175348,5.0,74.17,214.41,03/09/2025 06:58:27,13.0612671,80.1642131,1642131,2025-09-04T23:22:31.891602
TN 87 8022,864547030175348,7.0,74.17,214.81,03/09/2025 06:58:22,13.0612826,80.164318,1643180,2025-09-04T23:22:31.891730
TN 87 8022,864547030175348,7.0,74.18,214.87,03/09/2025 06:58:18,13.0612826,80.1643943,1643943,2025-09-04T23:22:31.891849
TN 87 8022,864547030175348,8.0,74.2,214.91,03/09/2025 06:58:13,13.0613005,80.1644992,1644992,2025-09-04T23:22:31.891985
TN 87 8022,864547030175348,12.0,74.22,215.01,03/09/2025 06:58:08,13.0613338,80.1646327,1646327,2025-09-04T23:22:31.892105
TN 87 8022,864547030175348,12.0,74.23,215.19,03/09/2025 06:58:03,13.0613672,80.164833,1648330,2025-09-04T23:22:31.892234
TN 87 8022,864547030175348,0.0,74.23,215.25,03/09/2025 06:57:58,13.0613827,80.1649665,1649665,2025-09-04T23:22:31.892340
TN 87 8022,864547030175348,0.0,74.23,215.32,03/09/2025 06:57:52,13.0613827,80.1650333,1650333,2025-09-04T23:22:31.892466
TN 87 8022,864547030175348,9.0,74.25,215.49,03/09/2025 06:57:48,13.0614006,80.1651191,1651191,2025-09-04T23:22:31.892629
TN 87 8022,864547030175348,15.0,74.27,215.54,03/09/2025 06:57:42,13.0614662,80.1652812,1652812,2025-09-04T23:22:31.892747
TN 87 8022,864547030175348,20.0,74.31,215.61,03/09/2025 06:57:38,13.0615496,80.1654529,1654529,2025-09-04T23:22:31.892929
TN 87 8022,864547030175348,27.0,74.35,215.79,03/09/2025 06:57:33,13.0617165,80.1657009,1657009,2025-09-04T23:22:31.893099
TN 87 8022,864547030175348,27.0,74.38,215.83,03/09/2025 06:57:28,13.0620002,80.1659297,1659297,2025-09-04T23:22:31.893252
TN 87 8022,864547030175348,26.0,74.42,215.89,03/09/2025 06:57:23,13.0622506,80.1661682,1661682,2025-09-04T23:22:31.893417
TN 87 8022,864547030175348,22.0,74.45,217.15,03/09/2025 06:57:18,13.0624842,80.166397,1663970,2025-09-04T23:22:31.893579
TN 87 8022,864547030175348,26.0,74.49,217.43,03/09/2025 06:57:13,13.0627,80.1666164,1666164,2025-09-04T23:22:31.893817
TN 87 8022,864547030175348,20.0,74.51,217.79,03/09/2025 06:57:08,13.0628991,80.1668739,1668739,2025-09-04T23:22:31.893998
TN 87 8022,864547030175348,16.0,74.53,218.19,03/09/2025 06:57:03,13.063066,80.1670265,1670265,2025-09-04T23:22:31.894150
TN 87 8022,864547030175348,11.0,74.54,218.21,03/09/2025 06:56:59,13.0631661,80.1671314,1671314,2025-09-04T23:22:31.894288
TN 87 8022,864547030175348,5.0,74.54,218.25,03/09/2025 06:56:54,13.0632495,80.1672363,1672363,2025-09-04T23:22:31.894437
TN 87 8022,864547030175348,5.0,74.56,218.43,03/09/2025 06:56:49,13.0633163,80.167284,1672840,2025-09-04T23:22:31.894613
TN 87 8022,864547030175348,13.0,74.58,218.45,03/09/2025 06:56:45,13.0633997,80.1673698,1673698,2025-09-04T23:22:31.894783
TN 87 8022,864547030175348,14.0,74.6,218.48,03/09/2025 06:56:39,13.0635333,80.1675605,1675605,2025-09-04T23:22:31.894934
TN 87 8022,864547030175348,10.0,74.62,218.58,03/09/2025 06:56:34,13.0636334,80.1676845,1676845,2025-09-04T23:22:31.895078
TN 87 8022,864547030175348,14.0,74.65,218.6,03/09/2025 06:56:29,13.0637335,80.1678276,1678276,2025-09-04T23:22:31.895220
TN 87 8022,864547030175348,25.0,74.68,218.62,03/09/2025 06:56:24,13.0638837,80.1680564,1680564,2025-09-04T23:22:31.895355
TN 87 8022,864547030175348,31.0,74.73,218.65,03/09/2025 06:56:20,13.0640161,80.1683235,1683235,2025-09-04T23:22:31.895476
TN 87 8022,864547030175348,37.0,74.78,218.66,03/09/2025 06:56:15,13.0641162,80.1687145,1687145,2025-09-04T23:22:31.895651
TN 87 8022,864547030175348,45.0,74.85,218.66,03/09/2025 06:56:10,13.0641496,80.1692485,1692485,2025-09-04T23:22:31.895833
TN 87 8022,864547030175348,46.0,74.91,218.66,03/09/2025 06:56:05,13.0641341,80.1698303,1698303,2025-09-04T23:22:31.895986
TN 87 8022,864547030175348,42.0,74.96,218.24,03/09/2025 06:56:00,13.0641162,80.1704216,1704216,2025-09-04T23:22:31.896121
TN 87 8022,864547030175348,41.0,75.01,217.97,03/09/2025 06:55:56,13.0641341,80.1708507,1708507,2025-09-04T23:22:31.896255
TN 87 8022,864547030175348,36.0,75.06,217.3,03/09/2025 06:55:51,13.0642664,80.1713466,1713466,2025-09-04T23:22:31.896396
TN 87 8022,864547030175348,30.0,75.09,216.33,03/09/2025 06:55:46,13.0644834,80.1717281,1717281,2025-09-04T23:22:31.896535
TN 87 8022,864547030175348,19.0,75.12,216.29,03/09/2025 06:55:41,13.0646491,80.1719951,1719951,2025-09-04T23:22:31.896667
TN 87 8022,864547030175348,25.0,75.17,216.27,03/09/2025 06:55:36,13.0647826,80.1722145,1722145,2025-09-04T23:22:31.896797
TN 87 8022,864547030175348,38.0,75.21,215.29,03/09/2025 06:55:31,13.0650162,80.1725673,1725673,2025-09-04T23:22:31.896949
TN 87 8022,864547030175348,34.0,75.25,215.09,03/09/2025 06:55:27,13.0652332,80.172882,1728820,2025-09-04T23:22:31.897075
TN 87 8022,864547030175348,22.0,75.27,215.11,03/09/2025 06:55:22,13.0654501,80.1731777,1731777,2025-09-04T23:22:31.897180
TN 87 8022,864547030175348,12.0,75.3,215.25,03/09/2025 06:55:17,13.0655837,80.1733303,1733303,2025-09-04T23:22:31.897306
TN 87 8022,864547030175348,21.0,75.32,215.26,03/09/2025 06:55:12,13.0657172,80.1735115,1735115,2025-09-04T23:22:31.897437
TN 87 8022,864547030175348,12.0,75.34,215.28,03/09/2025 06:55:07,13.0658328,80.1737022,1737022,2025-09-04T23:22:31.897579
TN 87 8022,864547030175348,20.0,75.4,215.36,03/09/2025 06:55:02,13.0659329,80.1738548,1738548,2025-09-04T23:22:31.897708
TN 87 8022,864547030175348,18.0,75.4,215.38,03/09/2025 06:54:57,13.0660831,80.174036,1740360,2025-09-04T23:22:31.897830
TN 87 8022,864547030175348,28.0,75.43,215.39,03/09/2025 06:54:52,13.0662667,80.1742839,1742839,2025-09-04T23:22:31.897947
TN 87 8022,864547030175348,29.0,75.47,215.51,03/09/2025 06:54:48,13.0664324,80.1745319,1745319,2025-09-04T23:22:31.898047
TN 87 8022,864547030175348,27.0,75.51,215.51,03/09/2025 06:54:43,13.0666327,80.1748371,1748371,2025-09-04T23:22:31.898159
TN 87 8022,864547030175348,21.0,75.54,215.53,03/09/2025 06:54:38,13.066833,80.1751041,1751041,2025-09-04T23:22:31.898283
TN 87 8022,864547030175348,25.0,75.58,215.54,03/09/2025 06:54:33,13.0669665,80.175333,1753330,2025-09-04T23:22:31.898395
TN 87 8022,864547030175348,30.0,75.68,215.53,03/09/2025 06:54:28,13.0671668,80.1756668,1756668,2025-09-04T23:22:31.898533
TN 87 8022,864547030175348,33.0,75.68,215.52,03/09/2025 06:54:22,13.0673503,80.1761436,1761436,2025-09-04T23:22:31.898659
TN 87 8022,864547030175348,37.0,75.73,215.51,03/09/2025 06:54:18,13.0674171,80.1764965,1764965,2025-09-04T23:22:31.898774
TN 87 8022,864547030175348,42.0,75.8,214.87,03/09/2025 06:54:13,13.0674338,80.177021,1770210,2025-09-04T23:22:31.898883
TN 87 8022,864547030175348,37.0,75.83,214.89,03/09/2025 06:54:07,13.0674672,80.1776313,1776313,2025-09-04T23:22:31.899011
TN 87 8022,864547030175348,33.0,75.88,214.94,03/09/2025 06:54:03,13.0675339,80.1779651,1779651,2025-09-04T23:22:31.899143
TN 87 8022,864547030175348,31.0,75.93,215.17,03/09/2025 06:53:58,13.0676674,80.1783657,1783657,2025-09-04T23:22:31.899244
TN 87 8022,864547030175348,37.0,75.97,215.19,03/09/2025 06:53:53,13.0678665,80.1787376,1787376,2025-09-04T23:22:31.899492
TN 87 8022,864547030175348,47.0,76.05,215.24,03/09/2025 06:53:49,13.0681002,80.1790809,1790809,2025-09-04T23:22:31.899709
TN 87 8022,864547030175348,41.0,76.11,215.73,03/09/2025 06:53:43,13.0684828,80.1797199,1797199,2025-09-04T23:22:31.899957
TN 87 8022,864547030175348,37.0,76.15,215.82,03/09/2025 06:53:38,13.0687665,80.18013,1801300,2025-09-04T23:22:31.900202
TN 87 8022,864547030175348,39.0,76.22,215.46,03/09/2025 06:53:34,13.0690002,80.1804637,1804637,2025-09-04T23:22:31.900419
TN 87 8022,864547030175348,33.0,76.25,214.41,03/09/2025 06:53:28,13.0693328,80.1809501,1809501,2025-09-04T23:22:31.900680
TN 87 8022,864547030175348,32.0,76.29,214.52,03/09/2025 06:53:24,13.0695331,80.1812171,1812171,2025-09-04T23:22:31.900878
TN 87 8022,864547030175348,26.0,76.33,214.6,03/09/2025 06:53:19,13.0697333,80.1815319,1815319,2025-09-04T23:22:31.901055
TN 87 8022,864547030175348,25.0,76.37,215.01,03/09/2025 06:53:14,13.0699324,80.181818,1818180,2025-09-04T23:22:31.901247
TN 87 8022,864547030175348,21.0,76.39,215.01,03/09/2025 06:53:09,13.0701172,80.1820659,1820659,2025-09-04T23:22:31.901450
TN 87 8022,864547030175348,16.0,76.42,215.09,03/09/2025 06:53:05,13.0702173,80.1822376,1822376,2025-09-04T23:22:31.901617
TN 87 8022,864547030175348,28.0,76.47,215.21,03/09/2025 06:52:59,13.070383,80.182476,1824760,2025-09-04T23:22:31.901796
TN 87 8022,864547030175348,37.0,76.51,211.33,03/09/2025 06:52:54,13.0705833,80.182867,1828670,2025-09-04T23:22:31.901938
TN 87 8022,864547030175348,35.0,76.55,209.73,03/09/2025 06:52:50,13.0707168,80.1832008,1832008,2025-09-04T23:22:31.902086
TN 87 8022,864547030175348,23.0,76.58,209.26,03/09/2025 06:52:45,13.070867,80.1835632,1835632,2025-09-04T23:22:31.902248
TN 87 8022,864547030175348,15.0,76.59,209.56,03/09/2025 06:52:40,13.0709493,80.1838111,1838111,2025-09-04T23:22:31.902478
TN 87 8022,864547030175348,0.0,76.59,209.63,03/09/2025 06:52:35,13.0710005,80.1839351,1839351,2025-09-04T23:22:31.902641
TN 87 8022,864547030175348,0.0,76.59,209.71,03/09/2025 06:52:30,13.0709826,80.1840019,1840019,2025-09-04T23:22:31.902809
TN 87 8022,864547030175348,14.0,76.62,213.35,03/09/2025 06:52:25,13.0710005,80.1840782,1840782,2025-09-04T23:22:31.902990
TN 87 8022,864547030175348,18.0,76.65,215.63,03/09/2025 06:52:20,13.0710673,80.1843166,1843166,2025-09-04T23:22:31.903149
TN 87 8022,864547030175348,22.0,76.67,217.55,03/09/2025 06:52:15,13.0711162,80.1845741,1845741,2025-09-04T23:22:31.903288
TN 87 8022,864547030175348,28.0,76.72,214.64,03/09/2025 06:52:11,13.0711829,80.1848125,1848125,2025-09-04T23:22:31.903474
TN 87 8022,864547030175348,31.0,76.76,213.92,03/09/2025 06:52:06,13.0712676,80.1852321,1852321,2025-09-04T23:22:31.903648
TN 87 8022,864547030175348,28.0,76.8,211.42,03/09/2025 06:52:01,13.0713665,80.1856136,1856136,2025-09-04T23:22:31.903789
TN 87 8022,864547030175348,22.0,76.83,203.62,03/09/2025 06:51:56,13.0714333,80.1859474,1859474,2025-09-04T23:22:31.903906
TN 87 8022,864547030175348,18.0,76.85,203.62,03/09/2025 06:51:51,13.0715167,80.1862144,1862144,2025-09-04T23:22:31.904044
TN 87 8022,864547030175348,6.0,76.85,203.64,03/09/2025 06:51:46,13.0715501,80.1863861,1863861,2025-09-04T23:22:31.904177
TN 87 8022,864547030175348,5.0,76.86,204.17,03/09/2025 06:51:41,13.0715668,80.1864433,1864433,2025-09-04T23:22:31.904305
TN 87 8022,864547030175348,13.0,76.89,204.29,03/09/2025 06:51:36,13.0716168,80.1865673,1865673,2025-09-04T23:22:31.904490
TN 87 8022,864547030175348,20.0,76.92,204.86,03/09/2025 06:51:31,13.0717003,80.1867866,1867866,2025-09-04T23:22:31.904645
TN 87 8022,864547030175348,23.0,76.96,207.35,03/09/2025 06:51:27,13.0718004,80.1870155,1870155,2025-09-04T23:22:31.904795
TN 87 8022,864547030175348,33.0,77.01,207.83,03/09/2025 06:51:22,13.0719673,80.1873683,1873683,2025-09-04T23:22:31.904930
TN 87 8022,864547030175348,35.0,77.06,209.82,03/09/2025 06:51:17,13.0721497,80.1877689,1877689,2025-09-04T23:22:31.905068
TN 87 8022,864547030175348,38.0,77.12,217.48,03/09/2025 06:51:12,13.0723333,80.1882171,1882171,2025-09-04T23:22:31.905219
TN 87 8022,864547030175348,40.0,77.17,218.0,03/09/2025 06:51:07,13.0725669,80.1886844,1886844,2025-09-04T23:22:31.905375
TN 87 8022,864547030175348,38.0,77.22,218.47,03/09/2025 06:51:02,13.0727839,80.1891517,1891517,2025-09-04T23:22:31.905518
TN 87 8022,864547030175348,37.0,77.27,217.49,03/09/2025 06:50:58,13.0729997,80.189495,1894950,2025-09-04T23:22:31.905715
TN 87 8022,864547030175348,42.0,77.33,217.49,03/09/2025 06:50:53,13.0733001,80.1899051,1899051,2025-09-04T23:22:31.905907
TN 87 8022,864547030175348,42.0,77.4,216.93,03/09/2025 06:50:48,13.073666,80.1903152,1903152,2025-09-04T23:22:31.906109
TN 87 8022,864547030175348,36.0,77.44,216.84,03/09/2025 06:50:42,13.0740332,80.1908206,1908206,2025-09-04T23:22:31.906280
TN 87 8022,864547030175348,34.0,77.53,216.82,03/09/2025 06:50:38,13.0741333,80.191183,1911830,2025-09-04T23:22:31.906410
TN 87 8022,864547030175348,31.0,77.58,216.82,03/09/2025 06:50:33,13.0741333,80.1916313,1916313,2025-09-04T23:22:31.906553
TN 87 8022,864547030175348,34.0,77.63,216.81,03/09/2025 06:50:28,13.0741333,80.1920318,1920318,2025-09-04T23:22:31.906702
TN 87 8022,864547030175348,34.0,77.67,216.71,03/09/2025 06:50:23,13.0741333,80.19248,1924800,2025-09-04T23:22:31.906816
TN 87 8022,864547030175348,39.0,77.73,216.69,03/09/2025 06:50:19,13.0741167,80.1928901,1928901,2025-09-04T23:22:31.906934
TN 87 8022,864547030175348,33.0,77.77,216.67,03/09/2025 06:50:13,13.0740833,80.1934337,1934337,2025-09-04T23:22:31.907070
TN 87 8022,864547030175348,29.0,77.82,216.47,03/09/2025 06:50:08,13.0741,80.1938438,1938438,2025-09-04T23:22:31.907205
TN 87 8022,864547030175348,27.0,77.85,216.36,03/09/2025 06:50:03,13.0742001,80.1942157,1942157,2025-09-04T23:22:31.907312
TN 87 8022,864547030175348,24.0,77.88,216.25,03/09/2025 06:49:59,13.0743503,80.1944541,1944541,2025-09-04T23:22:31.907441
TN 87 8022,864547030175348,17.0,77.91,213.58,03/09/2025 06:49:54,13.0745339,80.1946449,1946449,2025-09-04T23:22:31.907577
TN 87 8022,864547030175348,21.0,77.93,212.0,03/09/2025 06:49:49,13.0746829,80.1948738,1948738,2025-09-04T23:22:31.907725
TN 87 8022,864547030175348,14.0,77.95,211.53,03/09/2025 06:49:44,13.0748331,80.1950645,1950645,2025-09-04T23:22:31.907859
TN 87 8022,864547030175348,11.0,77.97,211.39,03/09/2025 06:49:39,13.0749332,80.195198,1951980,2025-09-04T23:22:31.907976
TN 87 8022,864547030175348,0.0,77.97,211.36,03/09/2025 06:49:34,13.0750167,80.1953697,1953697,2025-09-04T23:22:31.908118
TN 87 8022,864547030175348,0.0,77.97,211.28,03/09/2025 06:49:30,13.0750334,80.1953792,1953792,2025-09-04T23:22:31.908248
TN 87 8022,864547030175348,0.0,77.97,210.53,03/09/2025 06:49:25,13.0750334,80.1953792,1953792,2025-09-04T23:22:31.908370
TN 87 8022,864547030175348,0.0,77.97,210.46,03/09/2025 06:49:19,13.0750334,80.1953792,1953792,2025-09-04T23:22:31.908478
TN 87 8022,864547030175348,0.0,77.97,210.26,03/09/2025 06:49:15,13.0750334,80.1953792,1953792,2025-09-04T23:22:31.908584
TN 87 8022,864547030175348,0.0,77.97,209.18,03/09/2025 06:49:10,13.0750334,80.1953792,1953792,2025-09-04T23:22:31.908744
TN 87 8022,864547030175348,0.0,77.97,209.18,03/09/2025 06:49:05,13.0750334,80.1953792,1953792,2025-09-04T23:22:31.908901
TN 87 8022,864547030175348,0.0,77.97,209.2,03/09/2025 06:49:00,13.0750334,80.1953792,1953792,2025-09-04T23:22:31.909020
TN 87 8022,864547030175348,0.0,77.97,209.93,03/09/2025 06:48:56,13.0750334,80.1953983,1953983,2025-09-04T23:22:31.909136
TN 87 8022,864547030175348,0.0,77.97,210.09,03/09/2025 06:48:50,13.0750501,80.1953983,1953983,2025-09-04T23:22:31.909270
TN 87 8022,864547030175348,0.0,77.97,210.78,03/09/2025 06:48:45,13.0750668,80.1954364,1954364,2025-09-04T23:22:31.909396
TN 87 8022,864547030175348,5.0,77.98,211.03,03/09/2025 06:48:41,13.0751001,80.195465,1954650,2025-09-04T23:22:31.909504
TN 87 8022,864547030175348,8.0,77.99,211.04,03/09/2025 06:48:36,13.0751335,80.1955604,1955604,2025-09-04T23:22:31.909628
TN 87 8022,864547030175348,6.0,78.0,211.03,03/09/2025 06:48:31,13.075149,80.1956462,1956462,2025-09-04T23:22:31.909734
TN 87 8022,864547030175348,10.0,78.02,211.01,03/09/2025 06:48:26,13.0751824,80.1957511,1957511,2025-09-04T23:22:31.909872
TN 87 8022,864547030175348,0.0,78.02,210.45,03/09/2025 06:48:21,13.0752158,80.1959037,1959037,2025-09-04T23:22:31.910010
TN 87 8022,864547030175348,5.0,78.03,210.43,03/09/2025 06:48:16,13.075267,80.19598,1959800,2025-09-04T23:22:31.910129
TN 87 8022,864547030175348,9.0,78.05,210.41,03/09/2025 06:48:12,13.0753004,80.1960563,1960563,2025-09-04T23:22:31.910240
TN 87 8022,864547030175348,13.0,78.07,210.33,03/09/2025 06:48:06,13.0753493,80.1962852,1962852,2025-09-04T23:22:31.910400
TN 87 8022,864547030175348,9.0,78.08,210.32,03/09/2025 06:48:02,13.0753827,80.1963996,1963996,2025-09-04T23:22:31.910554
TN 87 8022,864547030175348,0.0,78.08,210.31,03/09/2025 06:47:57,13.0754005,80.1965141,1965141,2025-09-04T23:22:31.910697
TN 87 8022,864547030175348,0.0,78.08,210.29,03/09/2025 06:47:52,13.0754005,80.1965618,1965618,2025-09-04T23:22:31.910857
TN 87 8022,864547030175348,0.0,78.08,210.29,03/09/2025 06:47:47,13.075416,80.1965618,1965618,2025-09-04T23:22:31.911028
TN 87 8022,864547030175348,0.0,78.08,210.29,03/09/2025 06:47:42,13.075416,80.1965999,1965999,2025-09-04T23:22:31.911196
TN 87 8022,864547030175348,0.0,78.08,210.23,03/09/2025 06:47:37,13.075416,80.196619,1966190,2025-09-04T23:22:31.911354
TN 87 8022,864547030175348,0.0,78.08,210.21,03/09/2025 06:47:32,13.075416,80.1966476,1966476,2025-09-04T23:22:31.911501
TN 87 8022,864547030175348,0.0,78.08,210.2,03/09/2025 06:47:28,13.0754005,80.1966667,1966667,2025-09-04T23:22:31.911637
TN 87 8022,864547030175348,0.0,78.08,210.11,03/09/2025 06:47:23,13.075416,80.1967048,1967048,2025-09-04T23:22:31.911764
TN 87 8022,864547030175348,0.0,78.08,210.1,03/09/2025 06:47:18,13.0754005,80.196743,1967430,2025-09-04T23:22:31.911899
TN 87 8022,864547030175348,0.0,78.08,210.08,03/09/2025 06:47:13,13.0754005,80.1968002,1968002,2025-09-04T23:22:31.912004
TN 87 8022,864547030175348,0.0,78.08,209.13,03/09/2025 06:47:08,13.075416,80.196886,1968860,2025-09-04T23:22:31.912104
TN 87 8022,864547030175348,0.0,78.08,208.91,03/09/2025 06:47:03,13.075416,80.1969337,1969337,2025-09-04T23:22:31.912673
TN 87 8022,864547030175348,0.0,78.08,207.93,03/09/2025 06:46:58,13.0754339,80.1969528,1969528,2025-09-04T23:22:31.912902
TN 87 8022,864547030175348,0.0,78.08,206.96,03/09/2025 06:46:53,13.0754339,80.1969528,1969528,2025-09-04T23:22:31.913107
TN 87 8022,864547030175348,0.0,78.08,206.96,03/09/2025 06:46:48,13.0754339,80.1969718,1969718,2025-09-04T23:22:31.913412
TN 87 8022,864547030175348,0.0,78.08,206.96,03/09/2025 06:46:43,13.0754494,80.1970386,1970386,2025-09-04T23:22:31.913618
TN 87 8022,864547030175348,10.0,78.1,206.9,03/09/2025 06:46:38,13.0754828,80.1970958,1970958,2025-09-04T23:22:31.913849
TN 87 8022,864547030175348,22.0,78.14,206.9,03/09/2025 06:46:34,13.0755329,80.1972484,1972484,2025-09-04T23:22:31.914066
TN 87 8022,864547030175348,28.0,78.17,206.9,03/09/2025 06:46:29,13.075633,80.1976203,1976203,2025-09-04T23:22:31.914269
TN 87 8022,864547030175348,17.0,78.19,206.93,03/09/2025 06:46:24,13.0756998,80.197916,1979160,2025-09-04T23:22:31.914443
TN 87 8022,864547030175348,10.0,78.21,206.93,03/09/2025 06:46:19,13.0757331,80.1980686,1980686,2025-09-04T23:22:31.914627
TN 87 8022,864547030175348,21.0,78.25,206.93,03/09/2025 06:46:14,13.0757999,80.1982688,1982688,2025-09-04T23:22:31.914791
TN 87 8022,864547030175348,27.0,78.27,207.03,03/09/2025 06:46:09,13.0758333,80.1985836,1985836,2025-09-04T23:22:31.914986
TN 87 8022,864547030175348,26.0,78.31,207.03,03/09/2025 06:46:05,13.0757331,80.1988315,1988315,2025-09-04T23:22:31.915184
TN 87 8022,864547030175348,22.0,78.34,207.08,03/09/2025 06:46:00,13.0754494,80.1990222,1990222,2025-09-04T23:22:31.915420
TN 87 8022,864547030175348,13.0,78.36,207.13,03/09/2025 06:45:55,13.0752158,80.1991176,1991176,2025-09-04T23:22:31.915668
TN 87 8022,864547030175348,9.0,78.37,208.68,03/09/2025 06:45:49,13.0750334,80.1991653,1991653,2025-09-04T23:22:31.915854
TN 87 8022,864547030175348,17.0,78.4,209.61,03/09/2025 06:45:45,13.0749166,80.1992034,1992034,2025-09-04T23:22:31.916067
TN 87 8022,864547030175348,23.0,78.43,210.41,03/09/2025 06:45:40,13.0747163,80.199337,1993370,2025-09-04T23:22:31.916246
TN 87 8022,864547030175348,21.0,78.46,211.0,03/09/2025 06:45:35,13.0745339,80.1995468,1995468,2025-09-04T23:22:31.916430
TN 87 8022,864547030175348,25.0,78.5,211.08,03/09/2025 06:45:30,13.0743336,80.199728,1997280,2025-09-04T23:22:31.916560
TN 87 8022,864547030175348,33.0,78.54,211.15,03/09/2025 06:45:25,13.0741,80.199995,1999950,2025-09-04T23:22:31.916722
TN 87 8022,864547030175348,44.0,78.61,212.24,03/09/2025 06:45:21,13.0738329,80.2003002,2003002,2025-09-04T23:22:31.916875
TN 87 8022,864547030175348,47.0,78.68,212.65,03/09/2025 06:45:16,13.0734324,80.2007484,2007484,2025-09-04T23:22:31.917009
TN 87 8022,864547030175348,46.0,78.74,212.9,03/09/2025 06:45:11,13.0730497,80.2012062,2012062,2025-09-04T23:22:31.917167
TN 87 8022,864547030175348,48.0,78.81,214.25,03/09/2025 06:45:06,13.0726504,80.2016544,2016544,2025-09-04T23:22:31.917312
TN 87 8022,864547030175348,50.0,78.88,214.53,03/09/2025 06:45:01,13.0722165,80.2021312,2021312,2025-09-04T23:22:31.917456
TN 87 8022,864547030175348,54.0,78.96,215.53,03/09/2025 06:44:56,13.0717825,80.2026367,2026367,2025-09-04T23:22:31.917599
TN 87 8022,864547030175348,54.0,79.04,220.24,03/09/2025 06:44:51,13.0713164,80.2031517,2031517,2025-09-04T23:22:31.917750
TN 87 8022,864547030175348,53.0,79.11,220.66,03/09/2025 06:44:46,13.070867,80.2036666,2036666,2025-09-04T23:22:31.917879
TN 87 8022,864547030175348,52.0,79.18,220.76,03/09/2025 06:44:41,13.0704665,80.2041721,2041721,2025-09-04T23:22:31.918034
TN 87 8022,864547030175348,48.0,79.24,220.4,03/09/2025 06:44:36,13.0700838,80.2046775,2046775,2025-09-04T23:22:31.918175
TN 87 8022,864547030175348,47.0,79.29,220.31,03/09/2025 06:44:31,13.06975,80.205183,2051830,2025-09-04T23:22:31.918328
TN 87 8022,864547030175348,46.0,79.36,220.02,03/09/2025 06:44:27,13.0694842,80.2055835,2055835,2025-09-04T23:22:31.918544
TN 87 8022,864547030175348,45.0,79.42,219.45,03/09/2025 06:44:22,13.0691504,80.206089,2060890,2025-09-04T23:22:31.918707
TN 87 8022,864547030175348,45.0,79.49,219.58,03/09/2025 06:44:17,13.0688333,80.2065849,2065849,2025-09-04T23:22:31.918866
TN 87 8022,864547030175348,47.0,79.56,219.73,03/09/2025 06:44:12,13.0685162,80.2070999,2070999,2025-09-04T23:22:31.918998
TN 87 8022,864547030175348,50.0,79.62,220.29,03/09/2025 06:44:07,13.0681669,80.2076816,2076816,2025-09-04T23:22:31.919161
TN 87 8022,864547030175348,42.0,79.68,220.38,03/09/2025 06:44:03,13.0679166,80.2081108,2081108,2025-09-04T23:22:31.919302
TN 87 8022,864547030175348,43.0,79.75,220.44,03/09/2025 06:43:58,13.0676162,80.2085494,2085494,2025-09-04T23:22:31.919425
TN 87 8022,864547030175348,50.0,79.81,220.47,03/09/2025 06:43:52,13.0673003,80.2091121,2091121,2025-09-04T23:22:31.919567
TN 87 8022,864547030175348,60.0,79.89,220.46,03/09/2025 06:43:48,13.0669999,80.2095603,2095603,2025-09-04T23:22:31.919706
TN 87 8022,864547030175348,56.0,79.97,220.41,03/09/2025 06:43:43,13.0664503,80.2100944,2100944,2025-09-04T23:22:31.919849
TN 87 8022,864547030175348,53.0,80.05,220.25,03/09/2025 06:43:38,13.0658841,80.2105617,2105617,2025-09-04T23:22:31.919995
TN 87 8022,864547030175348,49.0,80.11,212.68,03/09/2025 06:43:33,13.06535,80.2109813,2109813,2025-09-04T23:22:31.920191
TN 87 8022,864547030175348,40.0,80.17,210.52,03/09/2025 06:43:28,13.0648493,80.2113151,2113151,2025-09-04T23:22:31.920366
TN 87 8022,864547030175348,30.0,80.21,210.2,03/09/2025 06:43:23,13.0643999,80.2115631,2115631,2025-09-04T23:22:31.920515
TN 87 8022,864547030175348,24.0,80.25,210.23,03/09/2025 06:43:19,13.0640494,80.2116203,2116203,2025-09-04T23:22:31.920684
TN 87 8022,864547030175348,14.0,80.25,210.26,03/09/2025 06:43:13,13.0637168,80.2116489,2116489,2025-09-04T23:22:31.920877
TN 87 8022,864547030175348,0.0,80.25,210.47,03/09/2025 06:43:08,13.0636501,80.211668,2116680,2025-09-04T23:22:31.921073
TN 87 8022,864547030175348,0.0,80.25,212.23,03/09/2025 06:43:04,13.0636501,80.211668,2116680,2025-09-04T23:22:31.921267
TN 87 8022,864547030175348,0.0,80.25,212.56,03/09/2025 06:42:59,13.0636334,80.211668,2116680,2025-09-04T23:22:31.921477
TN 87 8022,864547030175348,0.0,80.25,213.83,03/09/2025 06:42:54,13.0636334,80.211668,2116680,2025-09-04T23:22:31.921676
TN 87 8022,864547030175348,0.0,80.25,217.78,03/09/2025 06:42:49,13.0636167,80.2116298,2116298,2025-09-04T23:22:31.921815
TN 87 8022,864547030175348,9.0,80.27,217.83,03/09/2025 06:42:44,13.0635333,80.2116203,2116203,2025-09-04T23:22:31.921920
TN 87 8022,864547030175348,25.0,80.32,217.86,03/09/2025 06:42:39,13.0633163,80.211668,2116680,2025-09-04T23:22:31.922045
TN 87 8022,864547030175348,36.0,80.38,220.87,03/09/2025 06:42:34,13.0628991,80.211668,2116680,2025-09-04T23:22:31.922179
TN 87 8022,864547030175348,31.0,80.43,221.08,03/09/2025 06:42:29,13.0622839,80.2116966,2116966,2025-09-04T23:22:31.922307
TN 87 8022,864547030175348,31.0,80.46,221.62,03/09/2025 06:42:24,13.0618834,80.2117156,2117156,2025-09-04T23:22:31.922446
TN 87 8022,864547030175348,30.0,80.51,221.73,03/09/2025 06:42:20,13.0615663,80.2117156,2117156,2025-09-04T23:22:31.922575
TN 87 8022,864547030175348,32.0,80.55,221.72,03/09/2025 06:42:15,13.0611824,80.2116966,2116966,2025-09-04T23:22:31.922694
TN 87 8022,864547030175348,30.0,80.6,221.7,03/09/2025 06:42:10,13.0607664,80.211687,2116870,2025-09-04T23:22:31.922821
TN 87 8022,864547030175348,38.0,80.66,217.22,03/09/2025 06:42:05,13.0603504,80.2116298,2116298,2025-09-04T23:22:31.922938
TN 87 8022,864547030175348,41.0,80.7,216.11,03/09/2025 06:42:00,13.059833,80.2116203,2116203,2025-09-04T23:22:31.923064
TN 87 8022,864547030175348,34.0,80.75,214.33,03/09/2025 06:41:56,13.0594503,80.2116012,2116012,2025-09-04T23:22:31.923193
TN 87 8022,864547030175348,26.0,80.78,214.22,03/09/2025 06:41:50,13.0589663,80.2115631,2115631,2025-09-04T23:22:31.923325
TN 87 8022,864547030175348,25.0,80.82,214.22,03/09/2025 06:41:46,13.0586993,80.211544,2115440,2025-09-04T23:22:31.923500
TN 87 8022,864547030175348,30.0,80.87,214.22,03/09/2025 06:41:41,13.05835,80.2115345,2115345,2025-09-04T23:22:31.923651
TN 87 8022,864547030175348,36.0,80.92,214.13,03/09/2025 06:41:36,13.057934,80.2115345,2115345,2025-09-04T23:22:31.923793
TN 87 8022,864547030175348,39.0,80.98,214.11,03/09/2025 06:41:31,13.05745,80.2115154,2115154,2025-09-04T23:22:31.923919
TN 87 8022,864547030175348,41.0,81.03,214.08,03/09/2025 06:41:26,13.0569672,80.2114868,2114868,2025-09-04T23:22:31.924060
TN 87 8022,864547030175348,39.0,81.13,213.92,03/09/2025 06:41:21,13.0564665,80.2114295,2114295,2025-09-04T23:22:31.924185
TN 87 8022,864547030175348,31.0,81.23,214.02,03/09/2025 06:41:16,13.0559992,80.2114486,2114486,2025-09-04T23:22:31.924312
TN 87 8022,864547030175348,35.0,81.28,213.24,03/09/2025 06:41:11,13.0555498,80.2114486,2114486,2025-09-04T23:22:31.924449
TN 87 8022,864547030175348,30.0,81.31,210.06,03/09/2025 06:41:06,13.0551171,80.2114868,2114868,2025-09-04T23:22:31.924625
TN 87 8022,864547030175348,26.0,81.34,205.41,03/09/2025 06:41:02,13.0548334,80.2114868,2114868,2025-09-04T23:22:31.924779
TN 87 8022,864547030175348,17.0,81.36,205.48,03/09/2025 06:40:57,13.0545496,80.2115058,2115058,2025-09-04T23:22:31.924902
TN 87 8022,864547030175348,11.0,81.38,205.59,03/09/2025 06:40:52,13.0543673,80.2115154,2115154,2025-09-04T23:22:31.925004
TN 87 8022,864547030175348,13.0,81.42,206.06,03/09/2025 06:40:47,13.0542004,80.211544,2115440,2025-09-04T23:22:31.925153
TN 87 8022,864547030175348,29.0,81.47,206.33,03/09/2025 06:40:42,13.0539,80.2116489,2116489,2025-09-04T23:22:31.925394
TN 87 8022,864547030175348,34.0,81.52,206.68,03/09/2025 06:40:37,13.0534672,80.2117729,2117729,2025-09-04T23:22:31.925574
TN 87 8022,864547030175348,38.0,81.56,214.2,03/09/2025 06:40:32,13.0529999,80.2118873,2118873,2025-09-04T23:22:31.925746
TN 87 8022,864547030175348,38.0,81.62,218.0,03/09/2025 06:40:28,13.0526328,80.2119827,2119827,2025-09-04T23:22:31.925852
TN 87 8022,864547030175348,41.0,81.69,218.62,03/09/2025 06:40:23,13.0520999,80.2121162,2121162,2025-09-04T23:22:31.926156
TN 87 8022,864547030175348,40.0,81.75,218.89,03/09/2025 06:40:18,13.051517,80.2121353,2121353,2025-09-04T23:22:31.926386
TN 87 8022,864547030175348,36.0,81.8,218.96,03/09/2025 06:40:13,13.0509996,80.2120494,2120494,2025-09-04T23:22:31.926620
TN 87 8022,864547030175348,32.0,81.84,218.97,03/09/2025 06:40:08,13.0505502,80.2120018,2120018,2025-09-04T23:22:31.926864
TN 87 8022,864547030175348,34.0,81.89,219.02,03/09/2025 06:40:03,13.0501341,80.2120018,2120018,2025-09-04T23:22:31.927077
TN 87 8022,864547030175348,35.0,81.94,219.03,03/09/2025 06:39:58,13.0497002,80.2120018,2120018,2025-09-04T23:22:31.927273
TN 87 8022,864547030175348,37.0,81.99,219.14,03/09/2025 06:39:53,13.0492496,80.2120399,2120399,2025-09-04T23:22:31.927489
TN 87 8022,864547030175348,37.0,82.04,222.96,03/09/2025 06:39:49,13.0488657,80.2120685,2120685,2025-09-04T23:22:31.927699
TN 87 8022,864547030175348,39.0,82.1,222.79,03/09/2025 06:39:44,13.0483663,80.2120971,2120971,2025-09-04T23:22:31.927863
TN 87 8022,864547030175348,45.0,82.16,221.93,03/09/2025 06:39:39,13.0478,80.2121162,2121162,2025-09-04T23:22:31.928017
TN 87 8022,864547030175348,37.0,82.21,223.16,03/09/2025 06:39:34,13.0472671,80.2121639,2121639,2025-09-04T23:22:31.928208
TN 87 8022,864547030175348,33.0,82.26,223.52,03/09/2025 06:39:29,13.0468165,80.2121829,2121829,2025-09-04T23:22:31.928398
TN 87 8022,864547030175348,32.0,82.31,224.35,03/09/2025 06:39:24,13.0463826,80.2121925,2121925,2025-09-04T23:22:31.928563
TN 87 8022,864547030175348,28.0,82.35,224.3,03/09/2025 06:39:19,13.0459833,80.2122306,2122306,2025-09-04T23:22:31.928697
TN 87 8022,864547030175348,26.0,82.39,224.29,03/09/2025 06:39:14,13.0456328,80.2122497,2122497,2025-09-04T23:22:31.928832
TN 87 8022,864547030175348,30.0,82.42,224.25,03/09/2025 06:39:09,13.0452668,80.2122783,2122783,2025-09-04T23:22:31.928991
TN 87 8022,864547030175348,28.0,82.46,223.97,03/09/2025 06:39:05,13.0449497,80.2123165,2123165,2025-09-04T23:22:31.929155
TN 87 8022,864547030175348,25.0,82.49,217.84,03/09/2025 06:39:00,13.0445837,80.2123451,2123451,2025-09-04T23:22:31.929326
TN 87 8022,864547030175348,16.0,82.52,215.45,03/09/2025 06:38:55,13.0443,80.2123355,2123355,2025-09-04T23:22:31.929470
TN 87 8022,864547030175348,11.0,82.53,214.87,03/09/2025 06:38:50,13.0440998,80.2123355,2123355,2025-09-04T23:22:31.929621
TN 87 8022,864547030175348,0.0,82.53,219.66,03/09/2025 06:38:45,13.0439829,80.2123355,2123355,2025-09-04T23:22:31.929763
TN 87 8022,864547030175348,0.0,82.53,220.61,03/09/2025 06:38:40,13.0439829,80.2123355,2123355,2025-09-04T23:22:31.929903
TN 87 8022,864547030175348,14.0,82.56,220.69,03/09/2025 06:38:35,13.0439496,80.2123165,2123165,2025-09-04T23:22:31.930034
TN 87 8022,864547030175348,24.0,82.59,220.91,03/09/2025 06:38:30,13.043667,80.2123165,2123165,2025-09-04T23:22:31.930181
TN 87 8022,864547030175348,17.0,82.62,220.96,03/09/2025 06:38:25,13.0434,80.2123165,2123165,2025-09-04T23:22:31.930325
TN 87 8022,864547030175348,21.0,82.67,220.97,03/09/2025 06:38:20,13.0431342,80.2123165,2123165,2025-09-04T23:22:31.930479
TN 87 8022,864547030175348,42.0,82.72,221.02,03/09/2025 06:38:15,13.0427002,80.2123165,2123165,2025-09-04T23:22:31.930650
TN 87 8022,864547030175348,48.0,82.79,221.03,03/09/2025 06:38:11,13.0422329,80.2123165,2123165,2025-09-04T23:22:31.930815
TN 87 8022,864547030175348,51.0,82.87,221.03,03/09/2025 06:38:06,13.0415832,80.2123355,2123355,2025-09-04T23:22:31.930971
TN 87 8022,864547030175348,52.0,82.94,220.56,03/09/2025 06:38:01,13.0409169,80.2123165,2123165,2025-09-04T23:22:31.931182
TN 87 8022,864547030175348,46.0,83.01,220.47,03/09/2025 06:37:56,13.0402493,80.2123069,2123069,2025-09-04T23:22:31.931341
TN 87 8022,864547030175348,44.0,83.07,220.08,03/09/2025 06:37:51,13.0396676,80.2123069,2123069,2025-09-04T23:22:31.931546
TN 87 8022,864547030175348,41.0,83.12,214.87,03/09/2025 06:37:46,13.0391168,80.2123069,2123069,2025-09-04T23:22:31.931717
TN 87 8022,864547030175348,33.0,83.16,214.69,03/09/2025 06:37:41,13.0386328,80.2123165,2123165,2025-09-04T23:22:31.931878
TN 87 8022,864547030175348,30.0,83.19,214.67,03/09/2025 06:37:36,13.0382335,80.2123165,2123165,2025-09-04T23:22:31.932018
TN 87 8022,864547030175348,21.0,83.22,214.72,03/09/2025 06:37:32,13.0379664,80.2123165,2123165,2025-09-04T23:22:31.932148
TN 87 8022,864547030175348,10.0,83.22,214.74,03/09/2025 06:37:27,13.0376994,80.2122783,2122783,2025-09-04T23:22:31.932286
TN 87 8022,864547030175348,0.0,83.22,214.87,03/09/2025 06:37:22,13.0376327,80.2122688,2122688,2025-09-04T23:22:31.932432
TN 87 8022,864547030175348,0.0,83.22,218.11,03/09/2025 06:37:17,13.0376327,80.2122688,2122688,2025-09-04T23:22:31.932569
TN 87 8022,864547030175348,0.0,83.22,218.25,03/09/2025 06:37:12,13.0376327,80.2122688,2122688,2025-09-04T23:22:31.932706
TN 87 8022,864547030175348,0.0,83.22,218.3,03/09/2025 06:37:07,13.0376327,80.2122688,2122688,2025-09-04T23:22:31.932831
TN 87 8022,864547030175348,5.0,83.24,218.4,03/09/2025 06:37:02,13.0375993,80.2122688,2122688,2025-09-04T23:22:31.932950
TN 87 8022,864547030175348,13.0,83.25,218.42,03/09/2025 06:36:57,13.0374503,80.2123069,2123069,2025-09-04T23:22:31.933105
TN 87 8022,864547030175348,12.0,83.27,218.43,03/09/2025 06:36:53,13.0373334,80.2123069,2123069,2025-09-04T23:22:31.933256
TN 87 8022,864547030175348,17.0,83.3,218.44,03/09/2025 06:36:48,13.0371499,80.2123069,2123069,2025-09-04T23:22:31.933431
TN 87 8022,864547030175348,13.0,83.32,218.46,03/09/2025 06:36:43,13.0369329,80.2123069,2123069,2025-09-04T23:22:31.933580
TN 87 8022,864547030175348,11.0,83.33,218.47,03/09/2025 06:36:38,13.0367827,80.2123165,2123165,2025-09-04T23:22:31.933724
TN 87 8022,864547030175348,7.0,83.35,218.47,03/09/2025 06:36:33,13.0366671,80.2123165,2123165,2025-09-04T23:22:31.933874
TN 87 8022,864547030175348,14.0,83.37,218.47,03/09/2025 06:36:28,13.0365002,80.2122688,2122688,2025-09-04T23:22:31.934010
TN 87 8022,864547030175348,16.0,83.39,218.47,03/09/2025 06:36:23,13.0362832,80.2122306,2122306,2025-09-04T23:22:31.934150
TN 87 8022,864547030175348,22.0,83.43,218.47,03/09/2025 06:36:19,13.0361008,80.2122306,2122306,2025-09-04T23:22:31.934302
TN 87 8022,864547030175348,33.0,83.48,218.38,03/09/2025 06:36:14,13.0357336,80.2122211,2122211,2025-09-04T23:22:31.934494
TN 87 8022,864547030175348,26.0,83.51,218.43,03/09/2025 06:36:09,13.0353331,80.2121925,2121925,2025-09-04T23:22:31.934664
TN 87 8022,864547030175348,15.0,83.52,218.48,03/09/2025 06:36:04,13.0350506,80.2121639,2121639,2025-09-04T23:22:31.934832
TN 87 8022,864547030175348,10.0,83.54,218.94,03/09/2025 06:35:59,13.0349504,80.212078,2120780,2025-09-04T23:22:31.935001
TN 87 8022,864547030175348,16.0,83.57,219.02,03/09/2025 06:35:54,13.0349171,80.2118968,2118968,2025-09-04T23:22:31.935160
TN 87 8022,864547030175348,26.0,83.6,219.06,03/09/2025 06:35:49,13.0349504,80.2116298,2116298,2025-09-04T23:22:31.935318
TN 87 8022,864547030175348,29.0,83.65,220.07,03/09/2025 06:35:45,13.0349659,80.2113533,2113533,2025-09-04T23:22:31.935451
TN 87 8022,864547030175348,28.0,83.68,220.41,03/09/2025 06:35:40,13.0350172,80.2109718,2109718,2025-09-04T23:22:31.935581
TN 87 8022,864547030175348,21.0,83.71,220.44,03/09/2025 06:35:35,13.0350327,80.2106189,2106189,2025-09-04T23:22:31.935772
TN 87 8022,864547030175348,22.0,83.74,220.59,03/09/2025 06:35:30,13.0350506,80.2103519,2103519,2025-09-04T23:22:31.935975
TN 87 8022,864547030175348,30.0,83.8,220.59,03/09/2025 06:35:25,13.0348837,80.2101325,2101325,2025-09-04T23:22:31.936145
TN 87 8022,864547030175348,43.0,83.86,220.56,03/09/2025 06:35:20,13.0343997,80.2100563,2100563,2025-09-04T23:22:31.936307
TN 87 8022,864547030175348,44.0,83.92,218.45,03/09/2025 06:35:15,13.0338168,80.2099132,2099132,2025-09-04T23:22:31.936451
TN 87 8022,864547030175348,37.0,83.97,218.4,03/09/2025 06:35:10,13.0333006,80.2098464,2098464,2025-09-04T23:22:31.936571
TN 87 8022,864547030175348,33.0,84.01,218.35,03/09/2025 06:35:05,13.0328333,80.2097988,2097988,2025-09-04T23:22:31.936692
TN 87 8022,864547030175348,20.0,84.03,218.03,03/09/2025 06:35:00,13.0324828,80.2097892,2097892,2025-09-04T23:22:31.936804
TN 87 8022,864547030175348,12.0,84.06,217.96,03/09/2025 06:34:55,13.0323004,80.2098464,2098464,2025-09-04T23:22:31.936923
TN 87 8022,864547030175348,23.0,84.08,217.67,03/09/2025 06:34:50,13.0322504,80.2100563,2100563,2025-09-04T23:22:31.937019
TN 87 8022,864547030175348,24.0,84.11,213.71,03/09/2025 06:34:46,13.032217,80.2102947,2102947,2025-09-04T23:22:31.937167
TN 87 8022,864547030175348,19.0,84.14,213.72,03/09/2025 06:34:41,13.0321836,80.2105903,2105903,2025-09-04T23:22:31.937323
TN 87 8022,864547030175348,19.0,84.16,213.73,03/09/2025 06:34:36,13.0321335,80.2108287,2108287,2025-09-04T23:22:31.937439
TN 87 8022,864547030175348,13.0,84.19,213.74,03/09/2025 06:34:31,13.0321002,80.2110385,2110385,2025-09-04T23:22:31.937556
TN 87 8022,864547030175348,19.0,84.21,213.48,03/09/2025 06:34:26,13.0320668,80.2112483,2112483,2025-09-04T23:22:31.937691
TN 87 8022,864547030175348,11.0,84.22,213.5,03/09/2025 06:34:21,13.032,80.2114486,2114486,2025-09-04T23:22:31.937819
TN 87 8022,864547030175348,8.0,84.24,213.58,03/09/2025 06:34:17,13.0319499,80.211544,2115440,2025-09-04T23:22:31.937947
TN 87 8022,864547030175348,12.0,84.26,213.65,03/09/2025 06:34:11,13.0318665,80.211668,2116680,2025-09-04T23:22:31.938074
TN 87 8022,864547030175348,14.0,84.28,213.67,03/09/2025 06:34:06,13.0318331,80.2118492,2118492,2025-09-04T23:22:31.938207
TN 87 8022,864547030175348,16.0,84.3,213.67,03/09/2025 06:34:01,13.0317831,80.2120399,2120399,2025-09-04T23:22:31.938348
TN 87 8022,864547030175348,23.0,84.33,216.76,03/09/2025 06:33:57,13.0317497,80.2122306,2122306,2025-09-04T23:22:31.938487
TN 87 8022,864547030175348,25.0,84.37,218.63,03/09/2025 06:33:52,13.0317163,80.2125358,2125358,2025-09-04T23:22:31.938622
TN 87 8022,864547030175348,28.0,84.4,221.4,03/09/2025 06:33:47,13.0316829,80.2128791,2128791,2025-09-04T23:22:31.938758
TN 87 8022,864547030175348,28.0,84.45,222.27,03/09/2025 06:33:43,13.0316495,80.2131652,2131652,2025-09-04T23:22:31.938913
TN 87 8022,864547030175348,27.0,84.49,222.32,03/09/2025 06:33:37,13.0315995,80.2135848,2135848,2025-09-04T23:22:31.939072
TN 87 8022,864547030175348,31.0,84.53,222.5,03/09/2025 06:33:32,13.031584,80.2139377,2139377,2025-09-04T23:22:31.939227
TN 87 8022,864547030175348,30.0,84.57,221.27,03/09/2025 06:33:27,13.0315172,80.2143478,2143478,2025-09-04T23:22:31.939384
TN 87 8022,864547030175348,24.0,84.6,220.84,03/09/2025 06:33:22,13.031466,80.2147102,2147102,2025-09-04T23:22:31.939658
TN 87 8022,864547030175348,19.0,84.63,220.5,03/09/2025 06:33:18,13.0313992,80.2149677,2149677,2025-09-04T23:22:31.939864
TN 87 8022,864547030175348,12.0,84.65,218.1,03/09/2025 06:33:13,13.0313324,80.2152061,2152061,2025-09-04T23:22:31.940066
TN 87 8022,864547030175348,12.0,84.67,217.51,03/09/2025 06:33:08,13.0312991,80.2153873,2153873,2025-09-04T23:22:31.940285
TN 87 8022,864547030175348,0.0,84.67,215.29,03/09/2025 06:33:03,13.0312991,80.2155876,2155876,2025-09-04T23:22:31.940493
TN 87 8022,864547030175348,0.0,84.67,212.05,03/09/2025 06:32:58,13.0312991,80.2156162,2156162,2025-09-04T23:22:31.940720
TN 87 8022,864547030175348,0.0,84.67,212.01,03/09/2025 06:32:53,13.0312991,80.2156162,2156162,2025-09-04T23:22:31.940929
TN 87 8022,864547030175348,0.0,84.67,211.99,03/09/2025 06:32:49,13.0312991,80.2156162,2156162,2025-09-04T23:22:31.941139
TN 87 8022,864547030175348,0.0,84.67,211.81,03/09/2025 06:32:44,13.0312991,80.2156162,2156162,2025-09-04T23:22:31.941546
TN 87 8022,864547030175348,0.0,84.67,211.78,03/09/2025 06:32:39,13.0312991,80.2156162,2156162,2025-09-04T23:22:31.941765
TN 87 8022,864547030175348,0.0,84.67,211.76,03/09/2025 06:32:34,13.0312991,80.2156162,2156162,2025-09-04T23:22:31.941950
TN 87 8022,864547030175348,0.0,84.67,210.89,03/09/2025 06:32:29,13.0312991,80.2156162,2156162,2025-09-04T23:22:31.942129
TN 87 8022,864547030175348,0.0,84.67,210.72,03/09/2025 06:32:24,13.0312991,80.2156162,2156162,2025-09-04T23:22:31.942262
TN 87 8022,864547030175348,0.0,84.67,210.22,03/09/2025 06:32:19,13.0312991,80.2156162,2156162,2025-09-04T23:22:31.942465
TN 87 8022,864547030175348,0.0,84.67,210.58,03/09/2025 06:32:14,13.0312991,80.2156162,2156162,2025-09-04T23:22:31.942637
TN 87 8022,864547030175348,0.0,84.67,211.26,03/09/2025 06:32:09,13.0312991,80.2156162,2156162,2025-09-04T23:22:31.942801
TN 87 8022,864547030175348,0.0,84.67,212.33,03/09/2025 06:32:04,13.0312991,80.2156257,2156257,2025-09-04T23:22:31.942945
TN 87 8022,864547030175348,5.0,84.69,214.31,03/09/2025 06:32:00,13.0312836,80.2156639,2156639,2025-09-04T23:22:31.943100
TN 87 8022,864547030175348,13.0,84.71,214.29,03/09/2025 06:31:55,13.0312657,80.2158164,2158164,2025-09-04T23:22:31.943236
TN 87 8022,864547030175348,13.0,84.76,214.29,03/09/2025 06:31:50,13.0312657,80.2160072,2160072,2025-09-04T23:22:31.943410
TN 87 8022,864547030175348,14.0,84.87,214.28,03/09/2025 06:31:45,13.0312836,80.2161979,2161979,2025-09-04T23:22:31.943560
TN 87 8022,864547030175348,27.0,84.95,216.88,03/09/2025 06:31:40,13.0313169,80.2165126,2165126,2025-09-04T23:22:31.943697
TN 87 8022,864547030175348,24.0,85.0,218.58,03/09/2025 06:31:36,13.0313503,80.2168178,2168178,2025-09-04T23:22:31.943840
TN 87 8022,864547030175348,28.0,85.04,221.2,03/09/2025 06:31:30,13.0314171,80.2172279,2172279,2025-09-04T23:22:31.943998
TN 87 8022,864547030175348,30.0,85.07,221.76,03/09/2025 06:31:25,13.031466,80.217638,2176380,2025-09-04T23:22:31.944130
TN 87 8022,864547030175348,29.0,85.12,221.81,03/09/2025 06:31:21,13.0314838,80.2179336,2179336,2025-09-04T23:22:31.944262
TN 87 8022,864547030175348,18.0,85.14,221.88,03/09/2025 06:31:15,13.0315506,80.2183151,2183151,2025-09-04T23:22:31.944424
TN 87 8022,864547030175348,18.0,85.17,221.98,03/09/2025 06:31:11,13.0316996,80.2184677,2184677,2025-09-04T23:22:31.944588
TN 87 8022,864547030175348,23.0,85.2,222.01,03/09/2025 06:31:06,13.0320167,80.2184963,2184963,2025-09-04T23:22:31.944728
TN 87 8022,864547030175348,17.0,85.22,222.03,03/09/2025 06:31:01,13.0322504,80.2185821,2185821,2025-09-04T23:22:31.944869
TN 87 8022,864547030175348,20.0,85.26,222.08,03/09/2025 06:30:56,13.032267,80.2187824,2187824,2025-09-04T23:22:31.945014
TN 87 8022,864547030175348,27.0,85.29,222.08,03/09/2025 06:30:51,13.0322504,80.2190876,2190876,2025-09-04T23:22:31.945143
TN 87 8022,864547030175348,25.0,85.33,222.09,03/09/2025 06:30:46,13.032217,80.2194404,2194404,2025-09-04T23:22:31.945292
TN 87 8022,864547030175348,21.0,85.35,216.28,03/09/2025 06:30:41,13.032217,80.2197647,2197647,2025-09-04T23:22:31.945415
TN 87 8022,864547030175348,15.0,85.38,216.27,03/09/2025 06:30:37,13.0322003,80.2199649,2199649,2025-09-04T23:22:31.945541
TN 87 8022,864547030175348,0.0,85.38,216.26,03/09/2025 06:30:32,13.0322003,80.220232,2202320,2025-09-04T23:22:31.945714
TN 87 8022,864547030175348,0.0,85.38,217.2,03/09/2025 06:30:27,13.0321836,80.2202701,2202701,2025-09-04T23:22:31.945865
TN 87 8022,864547030175348,0.0,85.38,217.46,03/09/2025 06:30:22,13.0321836,80.2202701,2202701,2025-09-04T23:22:31.946035
TN 87 8022,864547030175348,0.0,85.38,218.26,03/09/2025 06:30:17,13.0321836,80.2202701,2202701,2025-09-04T23:22:31.946199
TN 87 8022,864547030175348,0.0,85.38,220.02,03/09/2025 06:30:12,13.0321836,80.2202701,2202701,2025-09-04T23:22:31.946339
TN 87 8022,864547030175348,0.0,85.38,220.03,03/09/2025 06:30:08,13.0321836,80.2202701,2202701,2025-09-04T23:22:31.946445
TN 87 8022,864547030175348,0.0,85.38,220.05,03/09/2025 06:30:02,13.0322003,80.2202701,2202701,2025-09-04T23:22:31.946542
TN 87 8022,864547030175348,13.0,85.41,220.11,03/09/2025 06:29:58,13.0322003,80.2203369,2203369,2025-09-04T23:22:31.946659
TN 87 8022,864547030175348,20.0,85.44,220.12,03/09/2025 06:29:53,13.0322003,80.2205657,2205657,2025-09-04T23:22:31.946789
TN 87 8022,864547030175348,25.0,85.48,220.15,03/09/2025 06:29:48,13.0321002,80.2208995,2208995,2025-09-04T23:22:31.946907
TN 87 8022,864547030175348,22.0,85.51,220.21,03/09/2025 06:29:43,13.0320167,80.2212333,2212333,2025-09-04T23:22:31.947043
TN 87 8022,864547030175348,17.0,85.54,220.35,03/09/2025 06:29:38,13.0319333,80.2215194,2215194,2025-09-04T23:22:31.947166
TN 87 8022,864547030175348,18.0,85.57,220.37,03/09/2025 06:29:33,13.0318665,80.2217292,2217292,2025-09-04T23:22:31.947279
TN 87 8022,864547030175348,16.0,85.59,220.4,03/09/2025 06:29:28,13.031733,80.2219963,2219963,2025-09-04T23:22:31.947403
TN 87 8022,864547030175348,9.0,85.6,220.61,03/09/2025 06:29:23,13.0316495,80.222187,2221870,2025-09-04T23:22:31.947514
TN 87 8022,864547030175348,10.0,85.62,220.65,03/09/2025 06:29:19,13.0315995,80.2222633,2222633,2025-09-04T23:22:31.947650
TN 87 8022,864547030175348,15.0,85.65,220.69,03/09/2025 06:29:14,13.0315327,80.2223968,2223968,2025-09-04T23:22:31.947792
TN 87 8022,864547030175348,17.0,85.66,220.76,03/09/2025 06:29:08,13.0313837,80.2226066,2226066,2025-09-04T23:22:31.947939
TN 87 8022,864547030175348,12.0,85.68,220.78,03/09/2025 06:29:04,13.0313169,80.2227306,2227306,2025-09-04T23:22:31.948068
TN 87 8022,864547030175348,12.0,85.7,220.79,03/09/2025 06:28:59,13.0312657,80.2229022,2229022,2025-09-04T23:22:31.948232
TN 87 8022,864547030175348,17.0,85.73,221.23,03/09/2025 06:28:54,13.0312335,80.2231025,2231025,2025-09-04T23:22:31.948398
TN 87 8022,864547030175348,17.0,85.75,221.23,03/09/2025 06:28:49,13.0312168,80.2233695,2233695,2025-09-04T23:22:31.948581
TN 87 8022,864547030175348,17.0,85.78,221.1,03/09/2025 06:28:45,13.0311834,80.2235507,2235507,2025-09-04T23:22:31.948827
TN 87 8022,864547030175348,11.0,85.79,215.85,03/09/2025 06:28:40,13.0311834,80.2237892,2237892,2025-09-04T23:22:31.949246
TN 87 8022,864547030175348,0.0,85.79,215.17,03/09/2025 06:28:34,13.0311834,80.2239131,2239131,2025-09-04T23:22:31.949432
TN 87 8022,864547030175348,0.0,85.79,213.89,03/09/2025 06:28:30,13.0312001,80.2239513,2239513,2025-09-04T23:22:31.949585
TN 87 8022,864547030175348,0.0,85.79,214.15,03/09/2025 06:28:25,13.0312001,80.2239513,2239513,2025-09-04T23:22:31.949781
TN 87 8022,864547030175348,5.0,85.81,214.16,03/09/2025 06:28:20,13.0311834,80.2239799,2239799,2025-09-04T23:22:31.950013
TN 87 8022,864547030175348,9.0,85.81,214.19,03/09/2025 06:28:15,13.0312168,80.2241134,2241134,2025-09-04T23:22:31.950184
TN 87 8022,864547030175348,6.0,85.82,214.5,03/09/2025 06:28:10,13.0312001,80.2241706,2241706,2025-09-04T23:22:31.950466
TN 87 8022,864547030175348,13.0,85.83,214.52,03/09/2025 06:28:05,13.0311501,80.2242469,2242469,2025-09-04T23:22:31.950656
TN 87 8022,864547030175348,11.0,85.84,214.55,03/09/2025 06:28:01,13.0309998,80.2242851,2242851,2025-09-04T23:22:31.950855
TN 87 8022,864547030175348,0.0,85.84,215.04,03/09/2025 06:27:55,13.0308997,80.224266,2242660,2025-09-04T23:22:31.951036
TN 87 8022,864547030175348,0.0,85.84,215.09,03/09/2025 06:27:51,13.0308842,80.224266,2242660,2025-09-04T23:22:31.951227
TN 87 8022,864547030175348,13.0,85.87,215.17,03/09/2025 06:27:46,13.0307996,80.2242374,2242374,2025-09-04T23:22:31.951413
TN 87 8022,864547030175348,19.0,85.98,220.28,03/09/2025 06:27:41,13.0305504,80.2242183,2242183,2025-09-04T23:22:31.951612
TN 87 8022,864547030175348,22.0,86.07,220.4,03/09/2025 06:27:36,13.03025,80.2242183,2242183,2025-09-04T23:22:31.951780
TN 87 8022,864547030175348,26.0,86.13,220.01,03/09/2025 06:27:31,13.0299162,80.2241992,2241992,2025-09-04T23:22:31.951936
TN 87 8022,864547030175348,18.0,86.15,220.0,03/09/2025 06:27:26,13.0296003,80.2241802,2241802,2025-09-04T23:22:31.952078
TN 87 8022,864547030175348,15.0,86.17,216.7,03/09/2025 06:27:21,13.0294001,80.2242183,2242183,2025-09-04T23:22:31.952225
TN 87 8022,864547030175348,7.0,86.18,216.8,03/09/2025 06:27:16,13.0292832,80.2242374,2242374,2025-09-04T23:22:31.952362
TN 87 8022,864547030175348,10.0,86.19,218.92,03/09/2025 06:27:12,13.0291998,80.2242469,2242469,2025-09-04T23:22:31.952589
TN 87 8022,864547030175348,11.0,86.21,219.31,03/09/2025 06:27:07,13.0290675,80.2241992,2241992,2025-09-04T23:22:31.952835
TN 87 8022,864547030175348,7.0,86.21,219.3,03/09/2025 06:27:02,13.0289494,80.2241325,2241325,2025-09-04T23:22:31.953261
TN 87 8022,864547030175348,6.0,86.22,219.31,03/09/2025 06:26:57,13.0288827,80.2240848,2240848,2025-09-04T23:22:31.953508
TN 87 8022,864547030175348,7.0,86.23,219.31,03/09/2025 06:26:52,13.0287671,80.2240276,2240276,2025-09-04T23:22:31.953718
TN 87 8022,864547030175348,6.0,86.24,219.31,03/09/2025 06:26:47,13.0286836,80.2240276,2240276,2025-09-04T23:22:31.953943
TN 87 8022,864547030175348,0.0,86.24,219.3,03/09/2025 06:26:42,13.0285501,80.224018,2240180,2025-09-04T23:22:31.954131
TN 87 8022,864547030175348,0.0,86.24,219.03,03/09/2025 06:26:38,13.0285334,80.224018,2240180,2025-09-04T23:22:31.954313
TN 87 8022,864547030175348,0.0,86.24,218.87,03/09/2025 06:26:32,13.0285334,80.224018,2240180,2025-09-04T23:22:31.954575
TN 87 8022,864547030175348,0.0,86.24,218.35,03/09/2025 06:26:28,13.0285334,80.224018,2240180,2025-09-04T23:22:31.954792
TN 87 8022,864547030175348,0.0,86.24,217.06,03/09/2025 06:26:23,13.0285334,80.224018,2240180,2025-09-04T23:22:31.954975
TN 87 8022,864547030175348,0.0,86.24,217.06,03/09/2025 06:26:18,13.0285334,80.224018,2240180,2025-09-04T23:22:31.955126
TN 87 8022,864547030175348,0.0,86.24,217.46,03/09/2025 06:26:13,13.0285334,80.224018,2240180,2025-09-04T23:22:31.955272
TN 87 8022,864547030175348,0.0,86.24,218.93,03/09/2025 06:26:08,13.0285334,80.224018,2240180,2025-09-04T23:22:31.955456
TN 87 8022,864547030175348,0.0,86.24,219.12,03/09/2025 06:26:03,13.0285167,80.224018,2240180,2025-09-04T23:22:31.955693
TN 87 8022,864547030175348,16.0,86.28,219.97,03/09/2025 06:25:58,13.02845,80.2241325,2241325,2025-09-04T23:22:31.955871
TN 87 8022,864547030175348,27.0,86.4,220.54,03/09/2025 06:25:53,13.0284166,80.2244186,2244186,2025-09-04T23:22:31.956054
TN 87 8022,864547030175348,33.0,86.54,220.57,03/09/2025 06:25:48,13.0283164,80.2248287,2248287,2025-09-04T23:22:31.956248
TN 87 8022,864547030175348,33.0,86.65,220.71,03/09/2025 06:25:44,13.028233,80.2251815,2251815,2025-09-04T23:22:31.956430
TN 87 8022,864547030175348,32.0,86.72,219.36,03/09/2025 06:25:40,13.0281662,80.2255344,2255344,2025-09-04T23:22:31.956586
TN 87 8022,864547030175348,23.0,86.74,219.32,03/09/2025 06:25:35,13.0280995,80.2258968,2258968,2025-09-04T23:22:31.956771
TN 87 8022,864547030175348,13.0,86.76,219.24,03/09/2025 06:25:30,13.0280506,80.2261352,2261352,2025-09-04T23:22:31.956944
TN 87 8022,864547030175348,15.0,86.79,219.21,03/09/2025 06:25:25,13.0280327,80.2263164,2263164,2025-09-04T23:22:31.957105
TN 87 8022,864547030175348,28.0,86.83,217.08,03/09/2025 06:25:20,13.0279994,80.2266025,2266025,2025-09-04T23:22:31.957258
TN 87 8022,864547030175348,18.0,86.85,216.33,03/09/2025 06:25:15,13.0279505,80.2269172,2269172,2025-09-04T23:22:31.957414
TN 87 8022,864547030175348,12.0,86.89,216.35,03/09/2025 06:25:10,13.028084,80.2271175,2271175,2025-09-04T23:22:31.957560
TN 87 8022,864547030175348,11.0,86.89,216.45,03/09/2025 06:25:04,13.0283498,80.2272224,2272224,2025-09-04T23:22:31.957684
TN 87 8022,864547030175348,0.0,86.89,216.45,03/09/2025 06:25:00,13.0283832,80.2272319,2272319,2025-09-04T23:22:31.957810
TN 87 8022,864547030175348,0.0,86.89,216.47,03/09/2025 06:24:55,13.0283999,80.2272224,2272224,2025-09-04T23:22:31.957955
TN 87 8022,864547030175348,11.0,86.9,216.52,03/09/2025 06:24:50,13.0285167,80.227251,2272510,2025-09-04T23:22:31.958083
TN 87 8022,864547030175348,12.0,86.99,216.53,03/09/2025 06:24:45,13.0286502,80.2272605,2272605,2025-09-04T23:22:31.958198
TN 87 8022,864547030175348,23.0,87.09,216.53,03/09/2025 06:24:40,13.0289161,80.2272987,2272987,2025-09-04T23:22:31.958327
TN 87 8022,864547030175348,17.0,87.15,216.5,03/09/2025 06:24:35,13.0292165,80.2273464,2273464,2025-09-04T23:22:31.958496
TN 87 8022,864547030175348,24.0,87.19,216.5,03/09/2025 06:24:31,13.0294501,80.2274131,2274131,2025-09-04T23:22:31.958631
TN 87 8022,864547030175348,22.0,87.22,216.5,03/09/2025 06:24:26,13.0297672,80.2274703,2274703,2025-09-04T23:22:31.958780
TN 87 8022,864547030175348,16.0,87.24,219.84,03/09/2025 06:24:21,13.0299997,80.2275276,2275276,2025-09-04T23:22:31.958930
TN 87 8022,864547030175348,12.0,87.26,220.45,03/09/2025 06:24:16,13.0302,80.2275657,2275657,2025-09-04T23:22:31.959072
TN 87 8022,864547030175348,11.0,87.27,220.96,03/09/2025 06:24:11,13.0303668,80.2276039,2276039,2025-09-04T23:22:31.959206
TN 87 8022,864547030175348,10.0,87.3,221.09,03/09/2025 06:24:06,13.0304837,80.2277183,2277183,2025-09-04T23:22:31.959333
TN 87 8022,864547030175348,16.0,87.34,221.12,03/09/2025 06:24:01,13.0304002,80.2279663,2279663,2025-09-04T23:22:31.959469
TN 87 8022,864547030175348,14.0,87.35,221.14,03/09/2025 06:23:56,13.0303668,80.2282905,2282905,2025-09-04T23:22:31.959613
TN 87 8022,864547030175348,0.0,87.35,221.16,03/09/2025 06:23:52,13.0303502,80.2284145,2284145,2025-09-04T23:22:31.959744
TN 87 8022,864547030175348,0.0,87.35,222.89,03/09/2025 06:23:46,13.0303502,80.2284145,2284145,2025-09-04T23:22:31.959876
TN 87 8022,864547030175348,0.0,87.35,222.91,03/09/2025 06:23:42,13.0303335,80.2284145,2284145,2025-09-04T23:22:31.959997
TN 87 8022,864547030175348,11.0,87.37,222.95,03/09/2025 06:23:37,13.0303168,80.2284717,2284717,2025-09-04T23:22:31.960141
TN 87 8022,864547030175348,14.0,87.4,223.02,03/09/2025 06:23:32,13.0303001,80.228672,2286720,2025-09-04T23:22:31.960332
TN 87 8022,864547030175348,22.0,87.44,223.04,03/09/2025 06:23:27,13.0302834,80.228939,2289390,2025-09-04T23:22:31.960493
TN 87 8022,864547030175348,19.0,87.47,223.06,03/09/2025 06:23:22,13.0302834,80.2292346,2292346,2025-09-04T23:22:31.960664
TN 87 8022,864547030175348,19.0,87.49,223.11,03/09/2025 06:23:17,13.0303335,80.2295017,2295017,2025-09-04T23:22:31.960812
TN 87 8022,864547030175348,12.0,87.51,223.13,03/09/2025 06:23:12,13.0304002,80.2297496,2297496,2025-09-04T23:22:31.960951
TN 87 8022,864547030175348,11.0,87.54,223.16,03/09/2025 06:23:07,13.030467,80.2298831,2298831,2025-09-04T23:22:31.961096
TN 87 8022,864547030175348,22.0,87.56,223.49,03/09/2025 06:23:02,13.0305838,80.2301216,2301216,2025-09-04T23:22:31.961256
TN 87 8022,864547030175348,20.0,87.58,223.49,03/09/2025 06:22:58,13.0306661,80.2303314,2303314,2025-09-04T23:22:31.961434
TN 87 8022,864547030175348,12.0,87.6,223.48,03/09/2025 06:22:53,13.0306661,80.2305316,2305316,2025-09-04T23:22:31.961611
TN 87 8022,864547030175348,10.0,87.62,223.42,03/09/2025 06:22:48,13.0306172,80.2306652,2306652,2025-09-04T23:22:31.961751
TN 87 8022,864547030175348,18.0,87.65,223.42,03/09/2025 06:22:43,13.0304002,80.2306842,2306842,2025-09-04T23:22:31.961883
TN 87 8022,864547030175348,13.0,87.68,223.4,03/09/2025 06:22:38,13.0301332,80.2306365,2306365,2025-09-04T23:22:31.962005
TN 87 8022,864547030175348,20.0,87.7,220.0,03/09/2025 06:22:33,13.0299329,80.2306652,2306652,2025-09-04T23:22:31.962133
TN 87 8022,864547030175348,18.0,87.73,219.19,03/09/2025 06:22:28,13.0296826,80.2306842,2306842,2025-09-04T23:22:31.962256
TN 87 8022,864547030175348,7.0,87.74,217.34,03/09/2025 06:22:23,13.0294668,80.2307319,2307319,2025-09-04T23:22:31.962389
TN 87 8022,864547030175348,0.0,87.74,217.76,03/09/2025 06:22:19,13.0293834,80.2307796,2307796,2025-09-04T23:22:31.962515
TN 87 8022,864547030175348,0.0,87.74,217.98,03/09/2025 06:22:14,13.0294001,80.2307796,2307796,2025-09-04T23:22:31.962652
TN 87 8022,864547030175348,0.0,87.74,218.5,03/09/2025 06:22:09,13.0294001,80.2307701,2307701,2025-09-04T23:22:31.962779
TN 87 8022,864547030175348,0.0,87.74,218.62,03/09/2025 06:22:04,13.0294167,80.230751,2307510,2025-09-04T23:22:31.962898
TN 87 8022,864547030175348,0.0,87.74,218.63,03/09/2025 06:21:59,13.0294334,80.2307319,2307319,2025-09-04T23:22:31.963034
TN 87 8022,864547030175348,11.0,87.76,218.64,03/09/2025 06:21:54,13.02935,80.2307128,2307128,2025-09-04T23:22:31.963173
TN 87 8022,864547030175348,17.0,87.79,218.16,03/09/2025 06:21:49,13.0291497,80.2307128,2307128,2025-09-04T23:22:31.963295
TN 87 8022,864547030175348,18.0,87.82,218.05,03/09/2025 06:21:45,13.028934,80.2307128,2307128,2025-09-04T23:22:31.963468
TN 87 8022,864547030175348,19.0,87.87,217.87,03/09/2025 06:21:40,13.0286669,80.2307701,2307701,2025-09-04T23:22:31.963615
TN 87 8022,864547030175348,15.0,87.89,217.89,03/09/2025 06:21:35,13.0283832,80.2307987,2307987,2025-09-04T23:22:31.963740
TN 87 8022,864547030175348,8.0,87.9,218.19,03/09/2025 06:21:29,13.0281996,80.2308654,2308654,2025-09-04T23:22:31.963856
TN 87 8022,864547030175348,14.0,87.93,218.3,03/09/2025 06:21:25,13.028084,80.2309036,2309036,2025-09-04T23:22:31.963970
TN 87 8022,864547030175348,21.0,87.97,218.35,03/09/2025 06:21:20,13.0278658,80.2309322,2309322,2025-09-04T23:22:31.964100
TN 87 8022,864547030175348,26.0,88.01,218.47,03/09/2025 06:21:15,13.0275332,80.231018,2310180,2025-09-04T23:22:31.964243
TN 87 8022,864547030175348,26.0,88.05,217.73,03/09/2025 06:21:10,13.027184,80.2311038,2311038,2025-09-04T23:22:31.964365
TN 87 8022,864547030175348,25.0,88.07,216.23,03/09/2025 06:21:05,13.0268502,80.2311897,2311897,2025-09-04T23:22:31.964540
TN 87 8022,864547030175348,21.0,88.11,214.03,03/09/2025 06:21:01,13.0265998,80.231266,2312660,2025-09-04T23:22:31.964690
TN 87 8022,864547030175348,17.0,88.13,214.13,03/09/2025 06:20:55,13.0263006,80.2313518,2313518,2025-09-04T23:22:31.964825
TN 87 8022,864547030175348,12.0,88.15,214.24,03/09/2025 06:20:51,13.0261492,80.2313709,2313709,2025-09-04T23:22:31.964982
TN 87 8022,864547030175348,18.0,88.18,215.24,03/09/2025 06:20:45,13.0260491,80.2311611,2311611,2025-09-04T23:22:31.965140
TN 87 8022,864547030175348,32.0,88.23,215.78,03/09/2025 06:20:41,13.0259501,80.2308845,2308845,2025-09-04T23:22:31.965308
TN 87 8022,864547030175348,37.0,88.29,215.91,03/09/2025 06:20:36,13.0257666,80.2304553,2304553,2025-09-04T23:22:31.965455
TN 87 8022,864547030175348,37.0,88.34,218.61,03/09/2025 06:20:31,13.0255162,80.2300167,2300167,2025-09-04T23:22:31.965619
TN 87 8022,864547030175348,38.0,88.4,218.97,03/09/2025 06:20:26,13.0252337,80.2296161,2296161,2025-09-04T23:22:31.966204
TN 87 8022,864547030175348,36.0,88.44,220.15,03/09/2025 06:20:21,13.0249166,80.2292346,2292346,2025-09-04T23:22:31.966423
TN 87 8022,864547030175348,37.0,88.49,218.21,03/09/2025 06:20:17,13.0246829,80.228939,2289390,2025-09-04T23:22:31.966862
TN 87 8022,864547030175348,36.0,88.55,217.69,03/09/2025 06:20:12,13.0243992,80.2285289,2285289,2025-09-04T23:22:31.967078
TN 87 8022,864547030175348,33.0,88.59,217.19,03/09/2025 06:20:07,13.0241,80.2281475,2281475,2025-09-04T23:22:31.968143
TN 87 8022,864547030175348,29.0,88.64,216.55,03/09/2025 06:20:02,13.0238175,80.2278137,2278137,2025-09-04T23:22:31.968314
TN 87 8022,864547030175348,37.0,88.68,216.4,03/09/2025 06:19:57,13.0235326,80.227518,2275180,2025-09-04T23:22:31.968485
TN 87 8022,864547030175348,37.0,88.74,216.2,03/09/2025 06:19:53,13.0232667,80.2272319,2272319,2025-09-04T23:22:31.968670
TN 87 8022,864547030175348,35.0,88.8,220.85,03/09/2025 06:19:47,13.0228328,80.2268505,2268505,2025-09-04T23:22:31.968857
TN 87 8022,864547030175348,39.0,88.85,221.54,03/09/2025 06:19:42,13.0224502,80.2265357,2265357,2025-09-04T23:22:31.969052
TN 87 8022,864547030175348,42.0,88.91,222.21,03/09/2025 06:19:38,13.0221009,80.2262306,2262306,2025-09-04T23:22:31.969231
TN 87 8022,864547030175348,41.0,88.98,219.07,03/09/2025 06:19:33,13.0216503,80.2258682,2258682,2025-09-04T23:22:31.969382
TN 87 8022,864547030175348,39.0,89.03,218.35,03/09/2025 06:19:28,13.0211997,80.2255344,2255344,2025-09-04T23:22:31.969528
TN 87 8022,864547030175348,36.0,89.09,217.09,03/09/2025 06:19:23,13.0207657,80.2252197,2252197,2025-09-04T23:22:31.969687
TN 87 8022,864547030175348,30.0,89.13,217.01,03/09/2025 06:19:18,13.0203831,80.2249336,2249336,2025-09-04T23:22:31.969841
TN 87 8022,864547030175348,28.0,89.17,217.01,03/09/2025 06:19:13,13.0200505,80.2246856,2246856,2025-09-04T23:22:31.969989
TN 87 8022,864547030175348,15.0,89.18,217.0,03/09/2025 06:19:08,13.0197834,80.2244663,2244663,2025-09-04T23:22:31.970138
TN 87 8022,864547030175348,0.0,89.18,216.99,03/09/2025 06:19:03,13.0196833,80.2244186,2244186,2025-09-04T23:22:31.970286
TN 87 8022,864547030175348,0.0,89.18,217.81,03/09/2025 06:18:58,13.0196833,80.2244186,2244186,2025-09-04T23:22:31.970412
TN 87 8022,864547030175348,0.0,89.18,217.98,03/09/2025 06:18:53,13.0196833,80.2244186,2244186,2025-09-04T23:22:31.970580
TN 87 8022,864547030175348,0.0,89.18,217.98,03/09/2025 06:18:48,13.0196833,80.2244186,2244186,2025-09-04T23:22:31.970770
TN 87 8022,864547030175348,10.0,89.22,217.09,03/09/2025 06:18:44,13.0196332,80.2243518,2243518,2025-09-04T23:22:31.970946
TN 87 8022,864547030175348,28.0,89.26,216.52,03/09/2025 06:18:39,13.0193495,80.2242183,2242183,2025-09-04T23:22:31.971115
TN 87 8022,864547030175348,28.0,89.31,216.46,03/09/2025 06:18:34,13.0189502,80.2242183,2242183,2025-09-04T23:22:31.971279
TN 87 8022,864547030175348,31.0,89.35,222.16,03/09/2025 06:18:29,13.018583,80.2243518,2243518,2025-09-04T23:22:31.971461
TN 87 8022,864547030175348,33.0,89.4,222.87,03/09/2025 06:18:24,13.0181837,80.2245044,2245044,2025-09-04T23:22:31.971620
TN 87 8022,864547030175348,34.0,89.45,223.42,03/09/2025 06:18:19,13.0177497,80.2246665,2246665,2025-09-04T23:22:31.971748
TN 87 8022,864547030175348,31.0,89.49,224.31,03/09/2025 06:18:14,13.0173325,80.2248001,2248001,2025-09-04T23:22:31.971882
TN 87 8022,864547030175348,30.0,89.57,224.29,03/09/2025 06:18:10,13.0170166,80.2248954,2248954,2025-09-04T23:22:31.972031
TN 87 8022,864547030175348,23.0,89.62,224.2,03/09/2025 06:18:05,13.0166661,80.2250671,2250671,2025-09-04T23:22:31.972152
TN 87 8022,864547030175348,15.0,89.64,219.96,03/09/2025 06:18:00,13.0163669,80.2251815,2251815,2025-09-04T23:22:31.972326
TN 87 8022,864547030175348,7.0,89.68,219.45,03/09/2025 06:17:55,13.0161833,80.2252006,2252006,2025-09-04T23:22:31.972490
TN 87 8022,864547030175348,0.0,89.68,218.21,03/09/2025 06:17:50,13.0158996,80.2250671,2250671,2025-09-04T23:22:31.972657
TN 87 8022,864547030175348,0.0,89.68,216.62,03/09/2025 06:17:45,13.0158996,80.2250671,2250671,2025-09-04T23:22:31.972792
TN 87 8022,864547030175348,0.0,89.68,216.62,03/09/2025 06:17:40,13.0158996,80.2250671,2250671,2025-09-04T23:22:31.972932
TN 87 8022,864547030175348,0.0,89.68,216.62,03/09/2025 06:17:35,13.0158996,80.2250671,2250671,2025-09-04T23:22:31.973066
TN 87 8022,864547030175348,0.0,89.68,216.59,03/09/2025 06:17:30,13.0158996,80.2250671,2250671,2025-09-04T23:22:31.973247
TN 87 8022,864547030175348,0.0,89.68,216.62,03/09/2025 06:15:48,13.0158996,80.2250671,2250671,2025-09-04T23:22:31.973423
TN 87 8022,864547030175348,0.0,89.68,216.62,03/09/2025 06:06:03,13.0158996,80.2250671,2250671,2025-09-04T23:22:31.973575
TN 87 8022,864547030175348,0.0,89.68,216.62,03/09/2025 06:05:58,13.0158996,80.2250671,2250671,2025-09-04T23:22:31.973701
TN 87 8022,864547030175348,0.0,89.68,216.63,03/09/2025 06:05:53,13.0158996,80.2250671,2250671,2025-09-04T23:22:31.973841
TN 87 8022,864547030175348,0.0,89.68,216.62,03/09/2025 06:05:48,13.0158996,80.2250671,2250671,2025-09-04T23:22:31.973986
TN 87 8022,864547030175348,0.0,89.68,216.62,03/09/2025 06:05:44,13.0158996,80.2250671,2250671,2025-09-04T23:22:31.974125
TN 87 8022,864547030175348,0.0,89.68,216.62,03/09/2025 06:05:38,13.0158996,80.2250671,2250671,2025-09-04T23:22:31.974266
TN 87 8022,864547030175348,0.0,89.68,216.58,03/09/2025 06:05:33,13.0158996,80.2250671,2250671,2025-09-04T23:22:31.974434
TN 87 8022,864547030175348,0.0,89.68,216.58,03/09/2025 06:05:29,13.0158996,80.2250671,2250671,2025-09-04T23:22:31.974603
TN 87 8022,864547030175348,0.0,89.68,216.59,03/09/2025 06:05:23,13.0158996,80.2250671,2250671,2025-09-04T23:22:31.974757
TN 87 8022,864547030175348,0.0,89.68,216.93,03/09/2025 06:05:20,13.0158996,80.2250671,2250671,2025-09-04T23:22:31.974893
TN 87 8022,864547030175348,0.0,89.68,216.99,03/09/2025 06:05:15,13.0158996,80.2250671,2250671,2025-09-04T23:22:31.975043
TN 87 8022,864547030175348,0.0,89.68,217.14,03/09/2025 06:05:10,13.0158996,80.2250671,2250671,2025-09-04T23:22:31.975203
TN 87 8022,864547030175348,0.0,89.68,217.18,03/09/2025 06:05:06,13.0158996,80.2250671,2250671,2025-09-04T23:22:31.975352
TN 87 8022,864547030175348,0.0,89.68,215.73,03/09/2025 06:05:04,13.0158996,80.2250671,2250671,2025-09-04T23:22:31.975465
TN 87 8022,864547030175348,0.0,89.68,215.73,03/09/2025 06:05:04,13.0158996,80.2250671,2250671,2025-09-04T23:22:31.975623
TN 87 8022,864547030175348,0.0,89.68,215.56,03/09/2025 06:04:59,13.0158996,80.2250671,2250671,2025-09-04T23:22:31.975791
TN 87 8022,864547030175348,0.0,89.68,214.77,03/09/2025 06:04:54,13.0158996,80.2250671,2250671,2025-09-04T23:22:31.975997
TN 87 8022,864547030175348,0.0,89.68,215.72,03/09/2025 06:04:49,13.0158996,80.2250671,2250671,2025-09-04T23:22:31.976173
TN 87 8022,864547030175348,0.0,89.68,215.58,03/09/2025 06:04:45,13.0158996,80.2250671,2250671,2025-09-04T23:22:31.976310
TN 87 8022,864547030175348,0.0,89.68,215.09,03/09/2025 06:04:40,13.0158996,80.2250671,2250671,2025-09-04T23:22:31.976458
TN 87 8022,864547030175348,0.0,89.68,214.76,03/09/2025 06:04:35,13.0158996,80.2250671,2250671,2025-09-04T23:22:31.976609
TN 87 8022,864547030175348,0.0,89.68,213.61,03/09/2025 06:04:30,13.0158996,80.2250671,2250671,2025-09-04T23:22:31.976752
TN 87 8022,864547030175348,0.0,89.68,213.6,03/09/2025 06:04:25,13.0158996,80.2250671,2250671,2025-09-04T23:22:31.976884
TN 87 8022,864547030175348,0.0,89.68,214.4,03/09/2025 06:04:20,13.0158996,80.2250671,2250671,2025-09-04T23:22:31.977017
TN 87 8022,864547030175348,0.0,89.68,220.03,03/09/2025 06:04:15,13.0158996,80.2250671,2250671,2025-09-04T23:22:31.977151
TN 87 8022,864547030175348,0.0,89.68,221.28,03/09/2025 06:04:10,13.0158007,80.2250003,2250003,2025-09-04T23:22:31.977297
TN 87 8022,864547030175348,6.0,89.7,221.3,03/09/2025 06:04:06,13.0156672,80.2249717,2249717,2025-09-04T23:22:31.977432
TN 87 8022,864547030175348,15.0,89.74,221.26,03/09/2025 06:04:01,13.0154335,80.2249813,2249813,2025-09-04T23:22:31.977536
TN 87 8022,864547030175348,30.0,89.8,221.23,03/09/2025 06:03:56,13.0151665,80.2247428,2247428,2025-09-04T23:22:31.977669
TN 87 8022,864547030175348,36.0,89.85,221.08,03/09/2025 06:03:51,13.0148494,80.2243995,2243995,2025-09-04T23:22:31.977792
TN 87 8022,864547030175348,34.0,89.91,215.15,03/09/2025 06:03:46,13.0145001,80.223999,2239990,2025-09-04T23:22:31.977923
TN 87 8022,864547030175348,26.0,89.95,214.47,03/09/2025 06:03:41,13.014183,80.2235889,2235889,2025-09-04T23:22:31.978045
TN 87 8022,864547030175348,29.0,89.97,215.8,03/09/2025 06:03:36,13.0139839,80.2233314,2233314,2025-09-04T23:22:31.978173
TN 87 8022,864547030175348,32.0,90.01,222.57,03/09/2025 06:03:31,13.0137836,80.2232837,2232837,2025-09-04T23:22:31.978299
TN 87 8022,864547030175348,40.0,90.07,223.87,03/09/2025 06:03:26,13.0135166,80.2230167,2230167,2025-09-04T23:22:31.978421
TN 87 8022,864547030175348,42.0,90.13,224.4,03/09/2025 06:03:21,13.0131661,80.2226161,2226161,2025-09-04T23:22:31.978556
TN 87 8022,864547030175348,37.0,90.17,221.08,03/09/2025 06:03:16,13.0128169,80.2221965,2221965,2025-09-04T23:22:31.978690
TN 87 8022,864547030175348,31.0,90.21,220.94,03/09/2025 06:03:12,13.0125999,80.22192,2219200,2025-09-04T23:22:31.978823
TN 87 8022,864547030175348,19.0,90.22,220.93,03/09/2025 06:03:07,13.0124163,80.2216053,2216053,2025-09-04T23:22:31.978939
TN 87 8022,864547030175348,12.0,90.25,220.81,03/09/2025 06:03:02,13.0122673,80.2216148,2216148,2025-09-04T23:22:31.979058
TN 87 8022,864547030175348,21.0,90.29,220.79,03/09/2025 06:02:57,13.0120825,80.2217197,2217197,2025-09-04T23:22:31.979160
TN 87 8022,864547030175348,29.0,90.32,220.76,03/09/2025 06:02:52,13.0119335,80.2220535,2220535,2025-09-04T23:22:31.979379
TN 87 8022,864547030175348,27.0,90.36,220.19,03/09/2025 06:02:48,13.0118,80.2223491,2223491,2025-09-04T23:22:31.979600
TN 87 8022,864547030175348,25.0,90.39,220.06,03/09/2025 06:02:43,13.0116665,80.2226638,2226638,2025-09-04T23:22:31.979814
TN 87 8022,864547030175348,13.0,90.4,220.12,03/09/2025 06:02:38,13.0115675,80.2229118,2229118,2025-09-04T23:22:31.980022
TN 87 8022,864547030175348,0.0,90.4,220.36,03/09/2025 06:02:32,13.0114829,80.2230262,2230262,2025-09-04T23:22:31.980246
TN 87 8022,864547030175348,0.0,90.4,220.38,03/09/2025 06:02:28,13.0114495,80.2230834,2230834,2025-09-04T23:22:31.980470
TN 87 8022,864547030175348,13.0,90.42,220.41,03/09/2025 06:02:23,13.0113339,80.2230834,2230834,2025-09-04T23:22:31.980720
TN 87 8022,864547030175348,15.0,90.45,219.58,03/09/2025 06:02:18,13.011167,80.2230262,2230262,2025-09-04T23:22:31.980886
TN 87 8022,864547030175348,30.0,90.51,219.39,03/09/2025 06:02:13,13.0109,80.2229118,2229118,2025-09-04T23:22:31.981074
TN 87 8022,864547030175348,37.0,90.56,219.05,03/09/2025 06:02:08,13.0104839,80.222702,2227020,2025-09-04T23:22:31.981269
TN 87 8022,864547030175348,35.0,90.61,217.78,03/09/2025 06:02:03,13.01005,80.2224826,2224826,2025-09-04T23:22:31.981471
TN 87 8022,864547030175348,30.0,90.64,216.36,03/09/2025 06:01:58,13.009684,80.2222537,2222537,2025-09-04T23:22:31.981682
TN 87 8022,864547030175348,26.0,90.67,216.4,03/09/2025 06:01:54,13.009417,80.2221107,2221107,2025-09-04T23:22:31.981967
TN 87 8022,864547030175348,18.0,90.69,216.45,03/09/2025 06:01:49,13.0091667,80.2219963,2219963,2025-09-04T23:22:31.982184
TN 87 8022,864547030175348,0.0,90.69,216.52,03/09/2025 06:01:44,13.0090332,80.2219486,2219486,2025-09-04T23:22:31.982373
TN 87 8022,864547030175348,0.0,90.69,216.53,03/09/2025 06:01:39,13.0090332,80.2219486,2219486,2025-09-04T23:22:31.982555
TN 87 8022,864547030175348,19.0,90.72,216.55,03/09/2025 06:01:34,13.0088996,80.2219009,2219009,2025-09-04T23:22:31.982718
TN 87 8022,864547030175348,31.0,90.76,215.66,03/09/2025 06:01:29,13.0086159,80.2217197,2217197,2025-09-04T23:22:31.982860
TN 87 8022,864547030175348,30.0,90.82,215.44,03/09/2025 06:01:25,13.0083167,80.221548,2215480,2025-09-04T23:22:31.983001
TN 87 8022,864547030175348,30.0,90.85,216.03,03/09/2025 06:01:19,13.0078828,80.2213001,2213001,2025-09-04T23:22:31.983144
TN 87 8022,864547030175348,29.0,90.9,219.98,03/09/2025 06:01:15,13.0076169,80.221157,2211570,2025-09-04T23:22:31.983305
TN 87 8022,864547030175348,30.0,90.94,219.82,03/09/2025 06:01:10,13.0072498,80.2209663,2209663,2025-09-04T23:22:31.983504
TN 87 8022,864547030175348,29.0,90.98,219.21,03/09/2025 06:01:05,13.0068993,80.2207851,2207851,2025-09-04T23:22:31.983682
TN 87 8022,864547030175348,24.0,91.02,219.36,03/09/2025 06:01:00,13.00655,80.2206802,2206802,2025-09-04T23:22:31.983823
TN 87 8022,864547030175348,21.0,91.05,219.37,03/09/2025 06:00:55,13.0062329,80.220623,2206230,2025-09-04T23:22:31.983973
TN 87 8022,864547030175348,21.0,91.08,219.4,03/09/2025 06:00:50,13.0059838,80.2205467,2205467,2025-09-04T23:22:31.984129
TN 87 8022,864547030175348,31.0,91.12,220.69,03/09/2025 06:00:45,13.00565,80.2204513,2204513,2025-09-04T23:22:31.984269
TN 87 8022,864547030175348,32.0,91.18,220.96,03/09/2025 06:00:41,13.0053162,80.2203845,2203845,2025-09-04T23:22:31.984458
TN 87 8022,864547030175348,31.0,91.21,221.53,03/09/2025 06:00:35,13.0048334,80.2203178,2203178,2025-09-04T23:22:31.984639
TN 87 8022,864547030175348,31.0,91.26,218.67,03/09/2025 06:00:31,13.0045342,80.220251,2202510,2025-09-04T23:22:31.984820
TN 87 8022,864547030175348,31.0,91.3,218.17,03/09/2025 06:00:26,13.0041337,80.2201652,2201652,2025-09-04T23:22:31.985012
TN 87 8022,864547030175348,31.0,91.34,217.1,03/09/2025 06:00:21,13.0037331,80.2200698,2200698,2025-09-04T23:22:31.985158
TN 87 8022,864547030175348,30.0,91.39,218.85,03/09/2025 06:00:16,13.0033659,80.2199459,2199459,2025-09-04T23:22:31.985303
TN 87 8022,864547030175348,31.0,91.43,219.25,03/09/2025 06:00:11,13.0029833,80.2198028,2198028,2025-09-04T23:22:31.985460
TN 87 8022,864547030175348,32.0,91.48,220.44,03/09/2025 06:00:06,13.0026328,80.2196216,2196216,2025-09-04T23:22:31.985619
TN 87 8022,864547030175348,32.0,91.52,219.7,03/09/2025 06:00:01,13.0023169,80.219326,2193260,2025-09-04T23:22:31.985807
TN 87 8022,864547030175348,31.0,91.56,219.22,03/09/2025 05:59:57,13.0020833,80.2190494,2190494,2025-09-04T23:22:31.985949
TN 87 8022,864547030175348,31.0,91.61,218.62,03/09/2025 05:59:52,13.0018329,80.2187347,2187347,2025-09-04T23:22:31.986111
TN 87 8022,864547030175348,26.0,91.65,217.1,03/09/2025 05:59:47,13.0015003,80.2184867,2184867,2025-09-04T23:22:31.986301
TN 87 8022,864547030175348,25.0,91.68,220.08,03/09/2025 05:59:42,13.0012333,80.218296,2182960,2025-09-04T23:22:31.986473
TN 87 8022,864547030175348,29.0,91.76,221.24,03/09/2025 05:59:37,13.0009496,80.2181053,2181053,2025-09-04T23:22:31.986597
TN 87 8022,864547030175348,30.0,91.88,221.54,03/09/2025 05:59:32,13.0006337,80.2179145,2179145,2025-09-04T23:22:31.986720
TN 87 8022,864547030175348,29.0,91.96,221.81,03/09/2025 05:59:27,13.0003333,80.2177333,2177333,2025-09-04T23:22:31.986864
TN 87 8022,864547030175348,32.0,91.99,221.8,03/09/2025 05:59:22,13.0000162,80.217514,2175140,2025-09-04T23:22:31.987020
TN 87 8022,864547030175348,31.0,92.04,221.8,03/09/2025 05:59:18,12.9997503,80.2173423,2173423,2025-09-04T23:22:31.987159
TN 87 8022,864547030175348,29.0,92.08,221.36,03/09/2025 05:59:12,12.9993331,80.2171134,2171134,2025-09-04T23:22:31.987343
TN 87 8022,864547030175348,28.0,92.2,221.3,03/09/2025 05:59:08,12.9990839,80.2169609,2169609,2025-09-04T23:22:31.987535
TN 87 8022,864547030175348,27.0,92.32,221.45,03/09/2025 05:59:03,12.9987668,80.2167797,2167797,2025-09-04T23:22:31.987705
TN 87 8022,864547030175348,29.0,92.4,219.46,03/09/2025 05:58:58,12.9984331,80.2166652,2166652,2025-09-04T23:22:31.987896
TN 87 8022,864547030175348,29.0,92.44,218.57,03/09/2025 05:58:53,12.998067,80.2165699,2165699,2025-09-04T23:22:31.988067
TN 87 8022,864547030175348,26.0,92.48,217.5,03/09/2025 05:58:48,12.9976999,80.2165317,2165317,2025-09-04T23:22:31.988209
TN 87 8022,864547030175348,27.0,92.52,217.25,03/09/2025 05:58:43,12.997334,80.2165126,2165126,2025-09-04T23:22:31.988366
TN 87 8022,864547030175348,26.0,92.56,217.47,03/09/2025 05:58:38,12.9969835,80.2165031,2165031,2025-09-04T23:22:31.988520
TN 87 8022,864547030175348,29.0,92.6,218.2,03/09/2025 05:58:33,12.9966163,80.216484,2164840,2025-09-04T23:22:31.988659
TN 87 8022,864547030175348,31.0,92.64,217.36,03/09/2025 05:58:29,12.9963171,80.2165126,2165126,2025-09-04T23:22:31.988793
TN 87 8022,864547030175348,30.0,92.68,217.22,03/09/2025 05:58:24,12.9959333,80.2165985,2165985,2025-09-04T23:22:31.988929
TN 87 8022,864547030175348,32.0,92.73,217.19,03/09/2025 05:58:19,12.9955506,80.2166938,2166938,2025-09-04T23:22:31.989081
TN 87 8022,864547030175348,31.0,92.78,216.87,03/09/2025 05:58:14,12.9951667,80.2168655,2168655,2025-09-04T23:22:31.989217
TN 87 8022,864547030175348,31.0,92.82,216.72,03/09/2025 05:58:09,12.9948329,80.2171039,2171039,2025-09-04T23:22:31.989344
TN 87 8022,864547030175348,30.0,92.87,216.44,03/09/2025 05:58:04,12.9944825,80.2173328,2173328,2025-09-04T23:22:31.989485
TN 87 8022,864547030175348,31.0,92.91,218.61,03/09/2025 05:57:59,12.9941499,80.2175712,2175712,2025-09-04T23:22:31.989631
TN 87 8022,864547030175348,32.0,92.96,219.01,03/09/2025 05:57:54,12.993834,80.2178192,2178192,2025-09-04T23:22:31.989771
TN 87 8022,864547030175348,30.0,93.0,219.85,03/09/2025 05:57:49,12.9934835,80.2180671,2180671,2025-09-04T23:22:31.989912
TN 87 8022,864547030175348,31.0,93.04,220.44,03/09/2025 05:57:44,12.9931831,80.2183532,2183532,2025-09-04T23:22:31.990062
TN 87 8022,864547030175348,29.0,93.08,220.59,03/09/2025 05:57:40,12.9929506,80.2185344,2185344,2025-09-04T23:22:31.990227
TN 87 8022,864547030175348,29.0,93.12,220.59,03/09/2025 05:57:35,12.9926657,80.2187633,2187633,2025-09-04T23:22:31.990373
TN 87 8022,864547030175348,29.0,93.16,217.22,03/09/2025 05:57:30,12.9923498,80.2190017,2190017,2025-09-04T23:22:31.990565
TN 87 8022,864547030175348,28.0,93.2,217.22,03/09/2025 05:57:25,12.9920506,80.2192306,2192306,2025-09-04T23:22:31.990746
TN 87 8022,864547030175348,25.0,93.24,217.47,03/09/2025 05:57:21,12.9918003,80.2194023,2194023,2025-09-04T23:22:31.990875
TN 87 8022,864547030175348,29.0,93.29,219.51,03/09/2025 05:57:15,12.9913997,80.219469,2194690,2025-09-04T23:22:31.991006
TN 87 8022,864547030175348,33.0,93.34,219.62,03/09/2025 05:57:10,12.9910003,80.219326,2193260,2025-09-04T23:22:31.991197
TN 87 8022,864547030175348,34.0,93.38,218.89,03/09/2025 05:57:05,12.9905832,80.219202,2192020,2025-09-04T23:22:31.991381
TN 87 8022,864547030175348,33.0,93.42,218.31,03/09/2025 05:57:00,12.9901826,80.2190685,2190685,2025-09-04T23:22:31.991547
TN 87 8022,864547030175348,33.0,93.47,217.48,03/09/2025 05:56:56,12.9898667,80.2189445,2189445,2025-09-04T23:22:31.991700
TN 87 8022,864547030175348,33.0,93.51,217.91,03/09/2025 05:56:51,12.9894828,80.2187824,2187824,2025-09-04T23:22:31.991810
TN 87 8022,864547030175348,35.0,93.57,218.7,03/09/2025 05:56:46,12.9890668,80.2186393,2186393,2025-09-04T23:22:31.991953
TN 87 8022,864547030175348,34.0,93.62,221.87,03/09/2025 05:56:41,12.9886174,80.2185153,2185153,2025-09-04T23:22:31.992082
TN 87 8022,864547030175348,36.0,93.67,222.39,03/09/2025 05:56:36,12.9881834,80.2184009,2184009,2025-09-04T23:22:31.992557
TN 87 8022,864547030175348,34.0,93.71,222.52,03/09/2025 05:56:31,12.9877328,80.2183151,2183151,2025-09-04T23:22:31.992895
TN 87 8022,864547030175348,32.0,93.75,222.57,03/09/2025 05:56:26,12.9873168,80.2182292,2182292,2025-09-04T23:22:31.993120
TN 87 8022,864547030175348,30.0,93.79,222.34,03/09/2025 05:56:22,12.9870164,80.218172,2181720,2025-09-04T23:22:31.993420
TN 87 8022,864547030175348,30.0,93.84,221.96,03/09/2025 05:56:17,12.9866337,80.2180671,2180671,2025-09-04T23:22:31.993850
TN 87 8022,864547030175348,30.0,93.88,215.57,03/09/2025 05:56:12,12.9862499,80.2179908,2179908,2025-09-04T23:22:31.994189
TN 87 8022,864547030175348,27.0,93.92,215.07,03/09/2025 05:56:07,12.9858994,80.217905,2179050,2025-09-04T23:22:31.994475
TN 87 8022,864547030175348,26.0,93.95,215.14,03/09/2025 05:56:02,12.9855501,80.2178478,2178478,2025-09-04T23:22:31.994749
TN 87 8022,864547030175348,29.0,94.0,220.57,03/09/2025 05:55:57,12.9851997,80.2178192,2178192,2025-09-04T23:22:31.994923
TN 87 8022,864547030175348,32.0,94.05,221.15,03/09/2025 05:55:52,12.984817,80.2178192,2178192,2025-09-04T23:22:31.995270
TN 87 8022,864547030175348,34.0,94.09,221.79,03/09/2025 05:55:47,12.9843831,80.2178192,2178192,2025-09-04T23:22:31.995486
TN 87 8022,864547030175348,33.0,94.14,219.92,03/09/2025 05:55:42,12.9839491,80.2178192,2178192,2025-09-04T23:22:31.995731
TN 87 8022,864547030175348,32.0,94.17,219.88,03/09/2025 05:55:37,12.983533,80.2178382,2178382,2025-09-04T23:22:31.995961
TN 87 8022,864547030175348,31.0,94.22,219.96,03/09/2025 05:55:33,12.983216,80.2178382,2178382,2025-09-04T23:22:31.996204
TN 87 8022,864547030175348,31.0,94.27,220.89,03/09/2025 05:55:28,12.9828166,80.2178478,2178478,2025-09-04T23:22:31.996423
TN 87 8022,864547030175348,31.0,94.31,221.18,03/09/2025 05:55:23,12.9823994,80.2178478,2178478,2025-09-04T23:22:31.996658
TN 87 8022,864547030175348,33.0,94.36,221.34,03/09/2025 05:55:18,12.9820001,80.2178668,2178668,2025-09-04T23:22:31.996872
TN 87 8022,864547030175348,32.0,94.4,221.27,03/09/2025 05:55:13,12.9815662,80.2179336,2179336,2025-09-04T23:22:31.997073
TN 87 8022,864547030175348,30.0,94.45,221.72,03/09/2025 05:55:08,12.9811835,80.218029,2180290,2025-09-04T23:22:31.997286
TN 87 8022,864547030175348,30.0,94.48,221.66,03/09/2025 05:55:03,12.9807829,80.218172,2181720,2025-09-04T23:22:31.997486
TN 87 8022,864547030175348,29.0,94.54,221.24,03/09/2025 05:54:59,12.9805004,80.2182865,2182865,2025-09-04T23:22:31.997689
TN 87 8022,864547030175348,25.0,94.57,219.39,03/09/2025 05:54:53,12.9800498,80.2184295,2184295,2025-09-04T23:22:31.997901
TN 87 8022,864547030175348,25.0,94.61,219.29,03/09/2025 05:54:49,12.9798162,80.218563,2185630,2025-09-04T23:22:31.998119
TN 87 8022,864547030175348,25.0,94.64,218.94,03/09/2025 05:54:44,12.9794836,80.2187156,2187156,2025-09-04T23:22:31.998310
TN 87 8022,864547030175348,24.0,94.68,219.21,03/09/2025 05:54:39,12.9791665,80.2188301,2188301,2025-09-04T23:22:31.998493
TN 87 8022,864547030175348,24.0,94.72,219.58,03/09/2025 05:54:34,12.9788505,80.2189445,2189445,2025-09-04T23:22:31.998665
TN 87 8022,864547030175348,26.0,94.76,220.65,03/09/2025 05:54:29,12.9785001,80.2190971,2190971,2025-09-04T23:22:31.998845
TN 87 8022,864547030175348,27.0,94.81,222.27,03/09/2025 05:54:25,12.9781842,80.2192497,2192497,2025-09-04T23:22:31.998982
TN 87 8022,864547030175348,28.0,94.84,222.23,03/09/2025 05:54:19,12.9778003,80.2194404,2194404,2025-09-04T23:22:31.999117
TN 87 8022,864547030175348,27.0,94.88,222.18,03/09/2025 05:54:15,12.9775166,80.2195358,2195358,2025-09-04T23:22:31.999276
TN 87 8022,864547030175348,28.0,94.92,222.81,03/09/2025 05:54:10,12.9771995,80.2197074,2197074,2025-09-04T23:22:31.999429
TN 87 8022,864547030175348,26.0,94.96,222.94,03/09/2025 05:54:05,12.976849,80.2198314,2198314,2025-09-04T23:22:31.999572
TN 87 8022,864547030175348,25.0,95.0,222.98,03/09/2025 05:54:00,12.9765165,80.219984,2199840,2025-09-04T23:22:31.999712
TN 87 8022,864547030175348,22.0,95.04,223.18,03/09/2025 05:53:55,12.9761672,80.2200698,2200698,2025-09-04T23:22:31.999866
TN 87 8022,864547030175348,21.0,95.06,223.18,03/09/2025 05:53:50,12.9759001,80.2201843,2201843,2025-09-04T23:22:32.000031
TN 87 8022,864547030175348,17.0,95.09,223.1,03/09/2025 05:53:46,12.9757165,80.2202987,2202987,2025-09-04T23:22:32.000220
TN 87 8022,864547030175348,14.0,95.11,219.96,03/09/2025 05:53:40,12.9754829,80.2203845,2203845,2025-09-04T23:22:32.000409
TN 87 8022,864547030175348,12.0,95.12,219.93,03/09/2025 05:53:35,12.9752838,80.2204322,2204322,2025-09-04T23:22:32.000590
TN 87 8022,864547030175348,9.0,95.14,220.14,03/09/2025 05:53:31,12.9751836,80.2204322,2204322,2025-09-04T23:22:32.000798
TN 87 8022,864547030175348,14.0,95.16,216.22,03/09/2025 05:53:26,12.9750167,80.2203941,2203941,2025-09-04T23:22:32.001007
TN 87 8022,864547030175348,13.0,95.18,215.94,03/09/2025 05:53:21,12.9748498,80.2203845,2203845,2025-09-04T23:22:32.001188
TN 87 8022,864547030175348,9.0,95.19,215.96,03/09/2025 05:53:16,12.9746664,80.2203941,2203941,2025-09-04T23:22:32.001384
TN 87 8022,864547030175348,0.0,95.19,216.24,03/09/2025 05:53:11,12.9745507,80.2204322,2204322,2025-09-04T23:22:32.001563
TN 87 8022,864547030175348,0.0,95.19,216.28,03/09/2025 05:53:06,12.9745841,80.2204799,2204799,2025-09-04T23:22:32.001747
TN 87 8022,864547030175348,13.0,95.21,216.43,03/09/2025 05:53:01,12.9746508,80.2205467,2205467,2025-09-04T23:22:32.001928
TN 87 8022,864547030175348,19.0,95.24,219.93,03/09/2025 05:52:57,12.9748165,80.220623,2206230,2025-09-04T23:22:32.002114
TN 87 8022,864547030175348,19.0,95.28,220.19,03/09/2025 05:52:52,12.9750835,80.2207183,2207183,2025-09-04T23:22:32.002298
TN 87 8022,864547030175348,22.0,95.31,220.04,03/09/2025 05:52:47,12.9753505,80.2208137,2208137,2025-09-04T23:22:32.002510
TN 87 8022,864547030175348,18.0,95.33,219.38,03/09/2025 05:52:42,12.975583,80.2209472,2209472,2025-09-04T23:22:32.002713
TN 87 8022,864547030175348,19.0,95.36,220.52,03/09/2025 05:52:37,12.9757833,80.2210998,2210998,2025-09-04T23:22:32.002888
TN 87 8022,864547030175348,20.0,95.39,220.99,03/09/2025 05:52:32,12.9759502,80.2213382,2213382,2025-09-04T23:22:32.003045
TN 87 8022,864547030175348,22.0,95.42,221.85,03/09/2025 05:52:27,12.9761171,80.221548,2215480,2025-09-04T23:22:32.003192
TN 87 8022,864547030175348,21.0,95.45,221.91,03/09/2025 05:52:23,12.9762673,80.2217483,2217483,2025-09-04T23:22:32.003389
TN 87 8022,864547030175348,15.0,95.47,221.93,03/09/2025 05:52:18,12.9764342,80.2219867,2219867,2025-09-04T23:22:32.003569
TN 87 8022,864547030175348,10.0,95.49,221.94,03/09/2025 05:52:13,12.9765331,80.2221107,2221107,2025-09-04T23:22:32.003758
TN 87 8022,864547030175348,21.0,95.53,221.86,03/09/2025 05:52:08,12.9766166,80.2223014,2223014,2025-09-04T23:22:32.003913
TN 87 8022,864547030175348,25.0,95.57,221.82,03/09/2025 05:52:03,12.9768169,80.2225685,2225685,2025-09-04T23:22:32.004059
TN 87 8022,864547030175348,25.0,95.6,221.97,03/09/2025 05:51:58,12.9769492,80.2228736,2228736,2025-09-04T23:22:32.004209
TN 87 8022,864547030175348,23.0,95.63,221.76,03/09/2025 05:51:53,12.9770671,80.2231502,2231502,2025-09-04T23:22:32.004404
TN 87 8022,864547030175348,25.0,95.67,221.58,03/09/2025 05:51:48,12.9772329,80.2234363,2234363,2025-09-04T23:22:32.004614
TN 87 8022,864547030175348,25.0,95.7,221.27,03/09/2025 05:51:43,12.9773998,80.2237319,2237319,2025-09-04T23:22:32.004794
TN 87 8022,864547030175348,25.0,95.74,222.12,03/09/2025 05:51:39,12.9775333,80.2239513,2239513,2025-09-04T23:22:32.004952
TN 87 8022,864547030175348,25.0,95.78,222.11,03/09/2025 05:51:34,12.9777169,80.224266,2242660,2025-09-04T23:22:32.005129
TN 87 8022,864547030175348,25.0,95.81,221.96,03/09/2025 05:51:28,12.9779327,80.2245998,2245998,2025-09-04T23:22:32.005292
TN 87 8022,864547030175348,24.0,95.84,221.23,03/09/2025 05:51:24,12.9780507,80.2248191,2248191,2025-09-04T23:22:32.005465
TN 87 8022,864547030175348,23.0,95.88,221.21,03/09/2025 05:51:19,12.9782176,80.2250862,2250862,2025-09-04T23:22:32.005679
TN 87 8022,864547030175348,21.0,95.91,221.13,03/09/2025 05:51:14,12.9783666,80.2253341,2253341,2025-09-04T23:22:32.005858
TN 87 8022,864547030175348,21.0,95.94,222.3,03/09/2025 05:51:09,12.9785167,80.2255821,2255821,2025-09-04T23:22:32.006046
TN 87 8022,864547030175348,21.0,95.97,222.69,03/09/2025 05:51:04,12.9786658,80.2258872,2258872,2025-09-04T23:22:32.006453
TN 87 8022,864547030175348,19.0,96.0,223.29,03/09/2025 05:50:59,12.9787993,80.2261161,2261161,2025-09-04T23:22:32.006762
TN 87 8022,864547030175348,19.0,96.03,220.93,03/09/2025 05:50:54,12.9789495,80.2263355,2263355,2025-09-04T23:22:32.006999
TN 87 8022,864547030175348,17.0,96.05,220.42,03/09/2025 05:50:49,12.9790663,80.2265453,2265453,2025-09-04T23:22:32.007357
TN 87 8022,864547030175348,12.0,96.06,219.66,03/09/2025 05:50:44,12.9791665,80.2266979,2266979,2025-09-04T23:22:32.007612
TN 87 8022,864547030175348,8.0,96.08,218.08,03/09/2025 05:50:40,12.9792332,80.2268028,2268028,2025-09-04T23:22:32.007817
TN 87 8022,864547030175348,5.0,96.08,217.71,03/09/2025 05:50:35,12.9792833,80.2269172,2269172,2025-09-04T23:22:32.008000
TN 87 8022,864547030175348,0.0,96.08,217.2,03/09/2025 05:50:30,12.9793334,80.226984,2269840,2025-09-04T23:22:32.008190
TN 87 8022,864547030175348,0.0,96.08,217.24,03/09/2025 05:50:25,12.9793334,80.226984,2269840,2025-09-04T23:22:32.008362
TN 87 8022,864547030175348,0.0,96.08,219.66,03/09/2025 05:50:20,12.9793334,80.226984,2269840,2025-09-04T23:22:32.008674
TN 87 8022,864547030175348,0.0,96.08,220.67,03/09/2025 05:50:15,12.9793334,80.226984,2269840,2025-09-04T23:22:32.008857
TN 87 8022,864547030175348,0.0,96.08,221.81,03/09/2025 05:50:10,12.9793334,80.226984,2269840,2025-09-04T23:22:32.009024
TN 87 8022,864547030175348,0.0,96.08,222.1,03/09/2025 05:50:06,12.9793334,80.226984,2269840,2025-09-04T23:22:32.009185
TN 87 8022,864547030175348,0.0,96.08,222.13,03/09/2025 05:50:01,12.97935,80.2269935,2269935,2025-09-04T23:22:32.009345
TN 87 8022,864547030175348,15.0,96.11,222.16,03/09/2025 05:49:56,12.9794335,80.2271175,2271175,2025-09-04T23:22:32.009530
TN 87 8022,864547030175348,17.0,96.14,222.42,03/09/2025 05:49:51,12.9795837,80.2272987,2272987,2025-09-04T23:22:32.009711
TN 87 8022,864547030175348,21.0,96.17,222.57,03/09/2025 05:49:46,12.9797161,80.227518,2275180,2025-09-04T23:22:32.009879
TN 87 8022,864547030175348,22.0,96.2,222.19,03/09/2025 05:49:41,12.9798496,80.2277565,2277565,2025-09-04T23:22:32.010048
TN 87 8022,864547030175348,17.0,96.22,215.56,03/09/2025 05:49:36,12.9799997,80.2279853,2279853,2025-09-04T23:22:32.010231
TN 87 8022,864547030175348,13.0,96.23,215.0,03/09/2025 05:49:31,12.9801166,80.2281379,2281379,2025-09-04T23:22:32.010376
TN 87 8022,864547030175348,8.0,96.23,215.39,03/09/2025 05:49:27,12.9802167,80.2282333,2282333,2025-09-04T23:22:32.010539
TN 87 8022,864547030175348,0.0,96.23,216.29,03/09/2025 05:49:22,12.9802501,80.2283,2283000,2025-09-04T23:22:32.010704
TN 87 8022,864547030175348,0.0,96.23,216.17,03/09/2025 05:49:17,12.9803001,80.2282905,2282905,2025-09-04T23:22:32.010859
TN 87 8022,864547030175348,0.0,96.23,214.72,03/09/2025 05:49:12,12.9803335,80.2282524,2282524,2025-09-04T23:22:32.011055
TN 87 8022,864547030175348,0.0,96.23,215.99,03/09/2025 05:49:07,12.9803335,80.2282524,2282524,2025-09-04T23:22:32.011254
TN 87 8022,864547030175348,0.0,96.23,216.51,03/09/2025 05:49:02,12.9803335,80.2282333,2282333,2025-09-04T23:22:32.011455
TN 87 8022,864547030175348,0.0,96.23,218.62,03/09/2025 05:48:57,12.9802667,80.2281761,2281761,2025-09-04T23:22:32.011640
TN 87 8022,864547030175348,11.0,96.26,226.0,03/09/2025 05:48:52,12.9802,80.2280998,2280998,2025-09-04T23:22:32.011792
TN 87 8022,864547030175348,15.0,96.28,226.15,03/09/2025 05:48:47,12.9800832,80.2279472,2279472,2025-09-04T23:22:32.011941
TN 87 8022,864547030175348,12.0,96.29,225.63,03/09/2025 05:48:42,12.9799675,80.2277851,2277851,2025-09-04T23:22:32.012110
TN 87 8022,864547030175348,7.0,96.3,224.84,03/09/2025 05:48:38,12.9799163,80.2276802,2276802,2025-09-04T23:22:32.012267
TN 87 8022,864547030175348,0.0,96.3,224.82,03/09/2025 05:48:33,12.9798674,80.2276039,2276039,2025-09-04T23:22:32.012445
TN 87 8022,864547030175348,0.0,96.3,224.77,03/09/2025 05:48:28,12.9799008,80.2275276,2275276,2025-09-04T23:22:32.012602
TN 87 8022,864547030175348,0.0,96.3,222.81,03/09/2025 05:48:23,12.9799497,80.227499,2274990,2025-09-04T23:22:32.012786
TN 87 8022,864547030175348,0.0,96.3,222.7,03/09/2025 05:48:18,12.9799675,80.2274703,2274703,2025-09-04T23:22:32.012969
TN 87 8022,864547030175348,0.0,96.3,222.61,03/09/2025 05:48:14,12.9799831,80.2274513,2274513,2025-09-04T23:22:32.013131
TN 87 8022,864547030175348,0.0,96.3,222.79,03/09/2025 05:48:09,12.9799997,80.2274703,2274703,2025-09-04T23:22:32.013329
TN 87 8022,864547030175348,0.0,96.3,222.79,03/09/2025 05:48:04,12.9799997,80.2274894,2274894,2025-09-04T23:22:32.013517
TN 87 8022,864547030175348,0.0,96.3,222.82,03/09/2025 05:47:59,12.9799997,80.2274894,2274894,2025-09-04T23:22:32.013678
TN 87 8022,864547030175348,0.0,96.3,222.86,03/09/2025 05:47:54,12.9799997,80.2274894,2274894,2025-09-04T23:22:32.013820
TN 87 8022,864547030175348,0.0,96.3,222.91,03/09/2025 05:47:49,12.9799997,80.2274894,2274894,2025-09-04T23:22:32.013951
TN 87 8022,864547030175348,0.0,96.3,222.91,03/09/2025 05:47:44,12.9799997,80.2274894,2274894,2025-09-04T23:22:32.014107
TN 87 8022,864547030175348,0.0,96.3,222.91,03/09/2025 05:47:39,12.9799997,80.2274894,2274894,2025-09-04T23:22:32.014262
TN 87 8022,864547030175348,0.0,96.3,222.91,03/09/2025 05:47:35,12.9799997,80.2274894,2274894,2025-09-04T23:22:32.014470
TN 87 8022,864547030175348,0.0,96.3,222.91,03/09/2025 05:47:29,12.9799997,80.2274894,2274894,2025-09-04T23:22:32.014623
TN 87 8022,864547030175348,0.0,96.3,222.91,03/09/2025 05:47:24,12.9799997,80.2274894,2274894,2025-09-04T23:22:32.014757
TN 87 8022,864547030175348,0.0,96.3,222.92,03/09/2025 05:47:20,12.9799997,80.227499,2274990,2025-09-04T23:22:32.014925
TN 87 8022,864547030175348,0.0,96.3,222.92,03/09/2025 05:47:15,12.9799997,80.227499,2274990,2025-09-04T23:22:32.015058
TN 87 8022,864547030175348,0.0,96.3,222.93,03/09/2025 05:47:10,12.9800165,80.227499,2274990,2025-09-04T23:22:32.015171
TN 87 8022,864547030175348,0.0,96.3,222.94,03/09/2025 05:47:05,12.9800165,80.227499,2274990,2025-09-04T23:22:32.015334
TN 87 8022,864547030175348,0.0,96.3,222.94,03/09/2025 05:47:01,12.9800165,80.227499,2274990,2025-09-04T23:22:32.015585
TN 87 8022,864547030175348,0.0,96.3,222.95,03/09/2025 05:46:55,12.9800165,80.227518,2275180,2025-09-04T23:22:32.015891
TN 87 8022,864547030175348,0.0,96.3,223.11,03/09/2025 05:46:51,12.9800165,80.2275276,2275276,2025-09-04T23:22:32.016092
TN 87 8022,864547030175348,0.0,96.3,223.13,03/09/2025 05:46:45,12.9800664,80.2275276,2275276,2025-09-04T23:22:32.016249
TN 87 8022,864547030175348,0.0,96.3,223.06,03/09/2025 05:46:40,12.9800664,80.2275276,2275276,2025-09-04T23:22:32.016403
TN 87 8022,864547030175348,0.0,96.3,222.04,03/09/2025 05:46:35,12.9800664,80.2275276,2275276,2025-09-04T23:22:32.016596
TN 87 8022,864547030175348,0.0,96.3,221.87,03/09/2025 05:46:31,12.9800664,80.2275276,2275276,2025-09-04T23:22:32.016749
TN 87 8022,864547030175348,0.0,96.3,221.54,03/09/2025 05:46:26,12.9800832,80.2275466,2275466,2025-09-04T23:22:32.016891
TN 87 8022,864547030175348,0.0,96.3,221.47,03/09/2025 05:46:21,12.9800832,80.2275466,2275466,2025-09-04T23:22:32.017045
TN 87 8022,864547030175348,0.0,96.3,221.47,03/09/2025 05:46:16,12.9800998,80.2275466,2275466,2025-09-04T23:22:32.017206
TN 87 8022,864547030175348,0.0,96.3,221.54,03/09/2025 05:46:11,12.9800832,80.2276039,2276039,2025-09-04T23:22:32.017393
TN 87 8022,864547030175348,0.0,96.3,222.4,03/09/2025 05:46:07,12.9800832,80.2275657,2275657,2025-09-04T23:22:32.017555
TN 87 8022,864547030175348,0.0,96.3,222.43,03/09/2025 05:46:01,12.9800832,80.2275276,2275276,2025-09-04T23:22:32.017674
TN 87 8022,864547030175348,0.0,96.3,222.59,03/09/2025 05:45:57,12.9800998,80.227518,2275180,2025-09-04T23:22:32.017826
TN 87 8022,864547030175348,0.0,96.3,222.67,03/09/2025 05:45:52,12.9800832,80.2274894,2274894,2025-09-04T23:22:32.017954
TN 87 8022,864547030175348,0.0,96.3,222.67,03/09/2025 05:45:47,12.9801166,80.2274703,2274703,2025-09-04T23:22:32.018122
TN 87 8022,864547030175348,0.0,96.3,222.68,03/09/2025 05:45:42,12.9801166,80.2274703,2274703,2025-09-04T23:22:32.018263
TN 87 8022,864547030175348,0.0,96.3,222.69,03/09/2025 05:45:37,12.9801332,80.2274513,2274513,2025-09-04T23:22:32.018417
TN 87 8022,864547030175348,0.0,96.3,221.63,03/09/2025 05:45:32,12.98015,80.2274131,2274131,2025-09-04T23:22:32.018545
TN 87 8022,864547030175348,0.0,96.3,221.42,03/09/2025 05:45:28,12.9801834,80.2274036,2274036,2025-09-04T23:22:32.018686
TN 87 8022,864547030175348,0.0,96.3,221.62,03/09/2025 05:45:23,12.9802167,80.2274036,2274036,2025-09-04T23:22:32.018827
TN 87 8022,864547030175348,0.0,96.3,221.78,03/09/2025 05:45:18,12.9802333,80.2274036,2274036,2025-09-04T23:22:32.018950
TN 87 8022,864547030175348,0.0,96.3,221.8,03/09/2025 05:45:13,12.9802667,80.2274322,2274322,2025-09-04T23:22:32.019098
TN 87 8022,864547030175348,0.0,96.3,221.8,03/09/2025 05:45:08,12.9803169,80.2274036,2274036,2025-09-04T23:22:32.019379
TN 87 8022,864547030175348,0.0,96.3,221.78,03/09/2025 05:45:03,12.980349,80.2273845,2273845,2025-09-04T23:22:32.019583
TN 87 8022,864547030175348,0.0,96.3,221.77,03/09/2025 05:44:58,12.9804336,80.2274703,2274703,2025-09-04T23:22:32.019767
TN 87 8022,864547030175348,0.0,96.3,221.77,03/09/2025 05:44:53,12.9804336,80.2274703,2274703,2025-09-04T23:22:32.019979
TN 87 8022,864547030175348,0.0,96.3,221.21,03/09/2025 05:44:48,12.9804336,80.2274703,2274703,2025-09-04T23:22:32.020196
TN 87 8022,864547030175348,0.0,96.3,221.16,03/09/2025 05:44:44,12.9804336,80.2274703,2274703,2025-09-04T23:22:32.020407
TN 87 8022,864547030175348,0.0,96.3,221.49,03/09/2025 05:44:39,12.9804336,80.2274703,2274703,2025-09-04T23:22:32.020637
TN 87 8022,864547030175348,0.0,96.3,222.52,03/09/2025 05:44:34,12.9804336,80.2274703,2274703,2025-09-04T23:22:32.020848
TN 87 8022,864547030175348,0.0,96.3,222.52,03/09/2025 05:44:29,12.9804336,80.2274703,2274703,2025-09-04T23:22:32.021047
TN 87 8022,864547030175348,0.0,96.3,222.52,03/09/2025 05:44:24,12.9804336,80.2274703,2274703,2025-09-04T23:22:32.021223
TN 87 8022,864547030175348,0.0,96.3,222.5,03/09/2025 05:44:19,12.9804336,80.2274703,2274703,2025-09-04T23:22:32.021395
TN 87 8022,864547030175348,0.0,96.3,222.5,03/09/2025 05:44:14,12.9804336,80.2274703,2274703,2025-09-04T23:22:32.021562
TN 87 8022,864547030175348,0.0,96.3,222.5,03/09/2025 05:44:09,12.9804336,80.2274703,2274703,2025-09-04T23:22:32.021732
TN 87 8022,864547030175348,0.0,96.3,222.49,03/09/2025 05:44:04,12.9804336,80.2274703,2274703,2025-09-04T23:22:32.021902
TN 87 8022,864547030175348,0.0,96.3,222.49,03/09/2025 05:44:00,12.9804336,80.2274703,2274703,2025-09-04T23:22:32.022059
TN 87 8022,864547030175348,0.0,96.3,222.48,03/09/2025 05:43:55,12.9804336,80.2274703,2274703,2025-09-04T23:22:32.022206
TN 87 8022,864547030175348,0.0,96.3,222.5,03/09/2025 05:43:49,12.9804336,80.2274703,2274703,2025-09-04T23:22:32.022366
TN 87 8022,864547030175348,0.0,96.3,222.5,03/09/2025 05:43:45,12.9804336,80.2274703,2274703,2025-09-04T23:22:32.022573
TN 87 8022,864547030175348,0.0,96.3,222.51,03/09/2025 05:43:40,12.9804336,80.2274703,2274703,2025-09-04T23:22:32.022784
TN 87 8022,864547030175348,0.0,96.3,222.5,03/09/2025 05:43:35,12.9804336,80.2274703,2274703,2025-09-04T23:22:32.022973
TN 87 8022,864547030175348,0.0,96.3,222.5,03/09/2025 05:43:30,12.9804336,80.2274703,2274703,2025-09-04T23:22:32.023156
TN 87 8022,864547030175348,0.0,96.3,222.5,03/09/2025 05:43:25,12.9804336,80.2274703,2274703,2025-09-04T23:22:32.023305
TN 87 8022,864547030175348,0.0,96.3,222.5,03/09/2025 05:43:20,12.9804336,80.2274703,2274703,2025-09-04T23:22:32.023475
TN 87 8022,864547030175348,0.0,96.3,222.5,03/09/2025 05:43:15,12.9804336,80.2274703,2274703,2025-09-04T23:22:32.023622
TN 87 8022,864547030175348,0.0,96.3,222.49,03/09/2025 05:43:10,12.9804336,80.2274703,2274703,2025-09-04T23:22:32.023756
TN 87 8022,864547030175348,0.0,96.3,222.49,03/09/2025 05:43:06,12.9804336,80.2274703,2274703,2025-09-04T23:22:32.023897
TN 87 8022,864547030175348,0.0,96.3,222.5,03/09/2025 05:43:01,12.9804336,80.2274703,2274703,2025-09-04T23:22:32.024053
TN 87 8022,864547030175348,0.0,96.3,222.5,03/09/2025 05:42:56,12.9804336,80.2274703,2274703,2025-09-04T23:22:32.024237
TN 87 8022,864547030175348,0.0,96.3,222.5,03/09/2025 05:42:51,12.9804336,80.2274703,2274703,2025-09-04T23:22:32.024400
TN 87 8022,864547030175348,0.0,96.3,222.48,03/09/2025 05:42:46,12.9804336,80.2274703,2274703,2025-09-04T23:22:32.024558
TN 87 8022,864547030175348,0.0,96.3,222.48,03/09/2025 05:42:41,12.9804336,80.2274703,2274703,2025-09-04T23:22:32.024691
TN 87 8022,864547030175348,0.0,96.3,222.49,03/09/2025 05:42:37,12.9804336,80.2274703,2274703,2025-09-04T23:22:32.024828
TN 87 8022,864547030175348,0.0,96.3,222.47,03/09/2025 05:42:32,12.9804336,80.2274703,2274703,2025-09-04T23:22:32.024958
TN 87 8022,864547030175348,0.0,96.3,222.49,03/09/2025 05:39:52,12.9804336,80.2274703,2274703,2025-09-04T23:22:32.025111
TN 87 8022,864547030175348,0.0,96.3,222.47,03/09/2025 05:30:05,12.9804336,80.2274703,2274703,2025-09-04T23:22:32.025279
TN 87 8022,864547030175348,0.0,96.3,222.47,03/09/2025 05:30:01,12.9804336,80.2274703,2274703,2025-09-04T23:22:32.025454
TN 87 8022,864547030175348,0.0,96.3,222.48,03/09/2025 05:29:55,12.9804336,80.2274703,2274703,2025-09-04T23:22:32.025649
TN 87 8022,864547030175348,0.0,96.3,222.48,03/09/2025 05:29:52,12.9804336,80.2274703,2274703,2025-09-04T23:22:32.025835
TN 87 8022,864547030175348,0.0,96.3,222.48,03/09/2025 05:29:47,12.9804336,80.2274703,2274703,2025-09-04T23:22:32.026019
TN 87 8022,864547030175348,0.0,96.3,222.47,03/09/2025 05:29:42,12.9804336,80.2274703,2274703,2025-09-04T23:22:32.026230
TN 87 8022,864547030175348,0.0,96.3,222.47,03/09/2025 05:29:37,12.9804336,80.2274703,2274703,2025-09-04T23:22:32.026404
TN 87 8022,864547030175348,0.0,96.3,222.47,03/09/2025 05:29:32,12.9804336,80.2274703,2274703,2025-09-04T23:22:32.026529
TN 87 8022,864547030175348,0.0,96.3,222.49,03/09/2025 05:20:07,12.9804336,80.2274703,2274703,2025-09-04T23:22:32.026678
TN 87 8022,864547030175348,0.0,96.3,222.45,03/09/2025 05:10:20,12.9804336,80.2274703,2274703,2025-09-04T23:22:32.026798
TN 87 8022,864547030175348,0.0,96.3,222.45,03/09/2025 05:00:36,12.9804336,80.2274703,2274703,2025-09-04T23:22:32.026909
TN 87 8022,864547030175348,0.0,96.3,221.93,03/09/2025 04:50:49,12.9804336,80.2274703,2274703,2025-09-04T23:22:32.027017
TN 87 8022,864547030175348,0.0,96.3,221.87,03/09/2025 04:41:04,12.9804336,80.2274703,2274703,2025-09-04T23:22:32.027126
TN 87 8022,864547030175348,0.0,96.3,221.88,03/09/2025 04:31:18,12.9804336,80.2274703,2274703,2025-09-04T23:22:32.027233
TN 87 8022,864547030175348,0.0,96.3,221.85,03/09/2025 04:21:31,12.9804336,80.2274703,2274703,2025-09-04T23:22:32.027383
TN 87 8022,864547030175348,0.0,96.3,221.83,03/09/2025 04:11:46,12.9804336,80.2274703,2274703,2025-09-04T23:22:32.027513
TN 87 8022,864547030175348,0.0,96.3,221.83,03/09/2025 04:02:00,12.9804336,80.2274703,2274703,2025-09-04T23:22:32.027620
TN 87 8022,864547030175348,0.0,96.3,221.81,03/09/2025 03:52:14,12.9804336,80.2274703,2274703,2025-09-04T23:22:32.027741
TN 87 8022,864547030175348,0.0,96.3,221.8,03/09/2025 03:42:28,12.9804336,80.2274703,2274703,2025-09-04T23:22:32.027892
TN 87 8022,864547030175348,0.0,96.3,221.79,03/09/2025 03:32:42,12.9802835,80.2273464,2273464,2025-09-04T23:22:32.028040
TN 87 8022,864547030175348,0.0,96.3,221.79,03/09/2025 03:32:37,12.9802835,80.2273464,2273464,2025-09-04T23:22:32.028169
TN 87 8022,864547030175348,0.0,96.3,221.79,03/09/2025 03:32:32,12.9802835,80.2273464,2273464,2025-09-04T23:22:32.028295
TN 87 8022,864547030175348,0.0,96.3,221.78,03/09/2025 03:32:27,12.9802835,80.2273464,2273464,2025-09-04T23:22:32.028459
TN 87 8022,864547030175348,0.0,96.3,221.79,03/09/2025 03:32:22,12.9802835,80.2273464,2273464,2025-09-04T23:22:32.028564
TN 87 8022,864547030175348,0.0,96.3,221.79,03/09/2025 03:32:17,12.9802835,80.2273464,2273464,2025-09-04T23:22:32.028698
TN 87 8022,864547030175348,0.0,96.3,221.79,03/09/2025 03:32:13,12.9802835,80.2273464,2273464,2025-09-04T23:22:32.028809
TN 87 8022,864547030175348,0.0,96.3,221.79,03/09/2025 03:32:08,12.9802835,80.2273464,2273464,2025-09-04T23:22:32.028939
TN 87 8022,864547030175348,0.0,96.3,221.76,03/09/2025 03:22:43,12.9802835,80.2273464,2273464,2025-09-04T23:22:32.029073
TN 87 8022,864547030175348,0.0,96.3,221.55,03/09/2025 03:12:57,12.9802835,80.2273464,2273464,2025-09-04T23:22:32.029179
TN 87 8022,864547030175348,0.0,96.3,221.28,03/09/2025 03:03:11,12.9802835,80.2273464,2273464,2025-09-04T23:22:32.029286
TN 87 8022,864547030175348,0.0,96.3,221.12,03/09/2025 02:53:25,12.9802835,80.2273464,2273464,2025-09-04T23:22:32.029408
TN 87 8022,864547030175348,0.0,96.3,221.11,03/09/2025 02:43:39,12.9802835,80.2273464,2273464,2025-09-04T23:22:32.029538
TN 87 8022,864547030175348,0.0,96.3,221.08,03/09/2025 02:33:53,12.9802835,80.2273464,2273464,2025-09-04T23:22:32.029671
TN 87 8022,864547030175348,0.0,96.3,221.09,03/09/2025 02:24:07,12.9802835,80.2273464,2273464,2025-09-04T23:22:32.029784
TN 87 8022,864547030175348,0.0,96.3,221.05,03/09/2025 02:14:22,12.9802835,80.2273464,2273464,2025-09-04T23:22:32.029908
TN 87 8022,864547030175348,0.0,96.3,221.0,03/09/2025 02:04:36,12.9802835,80.2273464,2273464,2025-09-04T23:22:32.030020
TN 87 8022,864547030175348,0.0,96.3,221.01,03/09/2025 01:54:50,12.9802835,80.2273464,2273464,2025-09-04T23:22:32.030151
TN 87 8022,864547030175348,0.0,96.3,220.45,03/09/2025 01:45:04,12.9802835,80.2273464,2273464,2025-09-04T23:22:32.030261
TN 87 8022,864547030175348,0.0,96.3,220.42,03/09/2025 01:35:18,12.9802835,80.2273464,2273464,2025-09-04T23:22:32.030425
TN 87 8022,864547030175348,0.0,96.3,220.42,03/09/2025 01:35:13,12.9802835,80.2273464,2273464,2025-09-04T23:22:32.030594
TN 87 8022,864547030175348,0.0,96.3,220.41,03/09/2025 01:35:08,12.9802835,80.2273464,2273464,2025-09-04T23:22:32.030745
TN 87 8022,864547030175348,0.0,96.3,220.41,03/09/2025 01:35:03,12.9802835,80.2273464,2273464,2025-09-04T23:22:32.030925
TN 87 8022,864547030175348,0.0,96.3,220.42,03/09/2025 01:34:58,12.9802835,80.2273464,2273464,2025-09-04T23:22:32.031104
TN 87 8022,864547030175348,0.0,96.3,220.41,03/09/2025 01:34:53,12.9802835,80.2273464,2273464,2025-09-04T23:22:32.031256
TN 87 8022,864547030175348,0.0,96.3,220.42,03/09/2025 01:34:48,12.9802835,80.2273464,2273464,2025-09-04T23:22:32.031419
TN 87 8022,864547030175348,0.0,96.3,220.41,03/09/2025 01:34:44,12.9802835,80.2273464,2273464,2025-09-04T23:22:32.031579
TN 87 8022,864547030175348,0.0,96.3,220.38,03/09/2025 01:25:19,12.9802835,80.2273464,2273464,2025-09-04T23:22:32.031711
TN 87 8022,864547030175348,0.0,96.3,220.33,03/09/2025 01:15:33,12.9802835,80.2273464,2273464,2025-09-04T23:22:32.031840
TN 87 8022,864547030175348,0.0,96.3,220.33,03/09/2025 01:05:47,12.9802835,80.2272987,2272987,2025-09-04T23:22:32.031967
TN 87 8022,864547030175348,0.0,96.3,220.29,03/09/2025 00:56:01,12.9802835,80.2272987,2272987,2025-09-04T23:22:32.032093
TN 87 8022,864547030175348,0.0,96.3,220.08,03/09/2025 00:46:15,12.9802835,80.2272987,2272987,2025-09-04T23:22:32.032583
TN 87 8022,864547030175348,0.0,96.3,219.67,03/09/2025 00:36:28,12.9801332,80.2273654,2273654,2025-09-04T23:22:32.032808
TN 87 8022,864547030175348,0.0,96.3,219.67,03/09/2025 00:26:43,12.9803169,80.2273845,2273845,2025-09-04T23:22:32.033028
TN 87 8022,864547030175348,0.0,96.3,219.61,03/09/2025 00:16:57,12.9803169,80.2273845,2273845,2025-09-04T23:22:32.033233
TN 87 8022,864547030175348,0.0,96.3,219.62,03/09/2025 00:07:11,12.9803169,80.2273845,2273845,2025-09-04T23:22:32.033443
