vehicle_number,device_id,speed,total_distance,fuel,data_received,latitude,longitude,location_text,scraped_at
TN 87 B 0891,864547034449467,0.0,0.0,0.0,03/09/2025 23:58:59,12.9789829,79.6258306,6258306,2025-09-04T23:25:50.964749
TN 87 B 0891,864547034449467,0.0,0.0,0.0,03/09/2025 23:58:00,12.9789829,79.6258306,6258306,2025-09-04T23:25:50.964975
TN 87 B 0891,864547034449467,0.0,0.0,0.0,03/09/2025 23:57:54,12.9789829,79.6258306,6258306,2025-09-04T23:25:50.965175
TN 87 B 0891,864547034449467,0.0,0.0,0.0,03/09/2025 23:57:50,12.9789829,79.6258306,6258306,2025-09-04T23:25:50.965358
TN 87 B 0891,864547034449467,0.0,0.0,0.0,03/09/2025 23:57:45,12.9789829,79.6258306,6258306,2025-09-04T23:25:50.965531
TN 87 B 0891,864547034449467,0.0,0.0,0.0,03/09/2025 23:57:39,12.9789829,79.6258306,6258306,2025-09-04T23:25:50.965677
TN 87 B 0891,864547034449467,0.0,0.0,0.0,03/09/2025 23:57:35,12.9789829,79.6258306,6258306,2025-09-04T23:25:50.965801
TN 87 B 0891,864547034449467,0.0,0.0,0.0,03/09/2025 23:57:30,12.9789829,79.6258306,6258306,2025-09-04T23:25:50.965973
TN 87 B 0891,864547034449467,0.0,0.0,0.0,03/09/2025 23:57:24,12.9789829,79.6258306,6258306,2025-09-04T23:25:50.966168
TN 87 B 0891,864547034449467,0.0,0.0,0.0,03/09/2025 23:56:46,12.9789829,79.6258306,6258306,2025-09-04T23:25:50.966368
TN 87 B 0891,864547034449467,0.0,0.0,0.0,03/09/2025 23:55:46,12.9789829,79.6258306,6258306,2025-09-04T23:25:50.966538
TN 87 B 0891,864547034449467,0.0,0.0,0.0,03/09/2025 23:54:46,12.9789829,79.6258306,6258306,2025-09-04T23:25:50.966700
TN 87 B 0891,864547034449467,0.0,0.0,0.0,03/09/2025 23:53:46,12.9789829,79.6258306,6258306,2025-09-04T23:25:50.966843
TN 87 B 0891,864547034449467,0.0,0.0,0.0,03/09/2025 23:52:46,12.9789829,79.6258306,6258306,2025-09-04T23:25:50.966993
TN 87 B 0891,864547034449467,0.0,0.0,0.0,03/09/2025 23:51:46,12.9789829,79.6258306,6258306,2025-09-04T23:25:50.967102
TN 87 B 0891,864547034449467,0.0,0.0,0.0,03/09/2025 23:50:46,12.9789829,79.6258306,6258306,2025-09-04T23:25:50.967249
TN 87 B 0891,864547034449467,0.0,0.0,0.0,03/09/2025 23:49:46,12.9789829,79.6258306,6258306,2025-09-04T23:25:50.967370
TN 87 B 0891,864547034449467,0.0,0.0,0.0,03/09/2025 23:48:46,12.9789829,79.6258306,6258306,2025-09-04T23:25:50.967517
TN 87 B 0891,864547034449467,0.0,0.0,0.0,03/09/2025 23:47:46,12.9789829,79.6258306,6258306,2025-09-04T23:25:50.967672
TN 87 B 0891,864547034449467,0.0,0.0,0.0,03/09/2025 23:46:46,12.9789829,79.6258306,6258306,2025-09-04T23:25:50.967834
TN 87 B 0891,864547034449467,0.0,0.0,0.0,03/09/2025 23:45:46,12.9789829,79.6258306,6258306,2025-09-04T23:25:50.967967
TN 87 B 0891,864547034449467,0.0,0.0,0.0,03/09/2025 23:44:46,12.9789829,79.6258306,6258306,2025-09-04T23:25:50.968124
TN 87 B 0891,864547034449467,0.0,0.0,0.0,03/09/2025 23:43:46,12.9789829,79.6258306,6258306,2025-09-04T23:25:50.968250
TN 87 B 0891,864547034449467,0.0,0.0,0.0,03/09/2025 23:42:46,12.9789829,79.6258306,6258306,2025-09-04T23:25:50.968373
TN 87 B 0891,864547034449467,0.0,0.0,0.0,03/09/2025 23:41:46,12.9789829,79.6258306,6258306,2025-09-04T23:25:50.968511
TN 87 B 0891,864547034449467,0.0,0.0,0.0,03/09/2025 23:40:46,12.9789829,79.6258306,6258306,2025-09-04T23:25:50.968636
TN 87 B 0891,864547034449467,0.0,0.0,0.0,03/09/2025 23:39:46,12.9789829,79.6258306,6258306,2025-09-04T23:25:50.968792
TN 87 B 0891,864547034449467,0.0,0.0,0.0,03/09/2025 23:38:46,12.9789829,79.6258306,6258306,2025-09-04T23:25:50.968940
TN 87 B 0891,864547034449467,0.0,0.0,0.0,03/09/2025 23:37:46,12.9789829,79.6258306,6258306,2025-09-04T23:25:50.969078
TN 87 B 0891,864547034449467,0.0,0.0,0.0,03/09/2025 23:36:46,12.9789829,79.6258306,6258306,2025-09-04T23:25:50.969248
TN 87 B 0891,864547034449467,0.0,0.0,0.0,03/09/2025 23:35:46,12.9789829,79.6258306,6258306,2025-09-04T23:25:50.969416
TN 87 B 0891,864547034449467,0.0,0.0,0.0,03/09/2025 23:34:46,12.9789829,79.6258306,6258306,2025-09-04T23:25:50.969598
TN 87 B 0891,864547034449467,0.0,0.0,0.0,03/09/2025 23:33:46,12.9789829,79.6258306,6258306,2025-09-04T23:25:50.969796
TN 87 B 0891,864547034449467,0.0,0.0,0.0,03/09/2025 23:32:46,12.9789829,79.6258306,6258306,2025-09-04T23:25:50.969991
TN 87 B 0891,864547034449467,0.0,0.0,0.0,03/09/2025 23:31:46,12.9789829,79.6258306,6258306,2025-09-04T23:25:50.970167
TN 87 B 0891,864547034449467,0.0,0.0,0.0,03/09/2025 23:30:46,12.9789829,79.6258306,6258306,2025-09-04T23:25:50.970342
TN 87 B 0891,864547034449467,0.0,0.0,0.0,03/09/2025 23:29:46,12.9789829,79.6258306,6258306,2025-09-04T23:25:50.970533
TN 87 B 0891,864547034449467,0.0,0.0,0.0,03/09/2025 23:28:46,12.9789829,79.6258306,6258306,2025-09-04T23:25:50.970713
TN 87 B 0891,864547034449467,0.0,0.0,0.0,03/09/2025 23:27:46,12.9789829,79.6258306,6258306,2025-09-04T23:25:50.970904
TN 87 B 0891,864547034449467,0.0,0.0,0.0,03/09/2025 23:26:46,12.9789829,79.6258306,6258306,2025-09-04T23:25:50.971080
TN 87 B 0891,864547034449467,0.0,0.0,0.0,03/09/2025 23:25:46,12.9789829,79.6258306,6258306,2025-09-04T23:25:50.971235
TN 87 B 0891,864547034449467,0.0,0.0,0.0,03/09/2025 23:24:46,12.9789829,79.6258306,6258306,2025-09-04T23:25:50.971351
TN 87 B 0891,864547034449467,0.0,0.0,0.0,03/09/2025 23:23:46,12.9789829,79.6258306,6258306,2025-09-04T23:25:50.971466
TN 87 B 0891,864547034449467,0.0,0.0,0.0,03/09/2025 23:22:46,12.9789829,79.6258306,6258306,2025-09-04T23:25:50.971589
TN 87 B 0891,864547034449467,0.0,0.0,0.0,03/09/2025 23:21:46,12.9789829,79.6258306,6258306,2025-09-04T23:25:50.971717
TN 87 B 0891,864547034449467,0.0,0.0,0.0,03/09/2025 23:20:46,12.9789829,79.6258306,6258306,2025-09-04T23:25:50.971847
TN 87 B 0891,864547034449467,0.0,0.0,0.0,03/09/2025 23:19:46,12.9789829,79.6258306,6258306,2025-09-04T23:25:50.971986
TN 87 B 0891,864547034449467,0.0,0.0,0.0,03/09/2025 23:18:46,12.9789829,79.6258306,6258306,2025-09-04T23:25:50.972114
TN 87 B 0891,864547034449467,0.0,0.0,0.0,03/09/2025 23:17:46,12.9789829,79.6258306,6258306,2025-09-04T23:25:50.972242
TN 87 B 0891,864547034449467,0.0,0.0,0.0,03/09/2025 23:16:45,12.9789829,79.6258306,6258306,2025-09-04T23:25:50.972378
TN 87 B 0891,864547034449467,0.0,0.0,0.0,03/09/2025 23:15:46,12.9789829,79.6258306,6258306,2025-09-04T23:25:50.972503
TN 87 B 0891,864547034449467,0.0,0.0,0.0,03/09/2025 23:14:45,12.9789829,79.6258306,6258306,2025-09-04T23:25:50.972628
TN 87 B 0891,864547034449467,0.0,0.0,0.0,03/09/2025 23:13:46,12.9789829,79.6258306,6258306,2025-09-04T23:25:50.972750
TN 87 B 0891,864547034449467,0.0,0.0,0.0,03/09/2025 23:12:46,12.9789829,79.6258306,6258306,2025-09-04T23:25:50.972873
TN 87 B 0891,864547034449467,0.0,0.0,0.0,03/09/2025 23:11:45,12.9789829,79.6258306,6258306,2025-09-04T23:25:50.973019
TN 87 B 0891,864547034449467,0.0,0.0,0.0,03/09/2025 23:10:45,12.9789829,79.6258306,6258306,2025-09-04T23:25:50.973150
TN 87 B 0891,864547034449467,0.0,0.0,0.0,03/09/2025 23:09:46,12.9789829,79.6258306,6258306,2025-09-04T23:25:50.973293
TN 87 B 0891,864547034449467,0.0,0.0,0.0,03/09/2025 23:08:45,12.9789829,79.6258306,6258306,2025-09-04T23:25:50.973443
TN 87 B 0891,864547034449467,0.0,0.0,0.0,03/09/2025 23:07:45,12.9789829,79.6258306,6258306,2025-09-04T23:25:50.973586
TN 87 B 0891,864547034449467,0.0,0.0,0.0,03/09/2025 23:06:45,12.9789829,79.6258306,6258306,2025-09-04T23:25:50.973712
TN 87 B 0891,864547034449467,0.0,0.0,0.0,03/09/2025 23:05:45,12.9789829,79.6258306,6258306,2025-09-04T23:25:50.973833
TN 87 B 0891,864547034449467,0.0,0.0,0.0,03/09/2025 23:04:45,12.9789829,79.6258306,6258306,2025-09-04T23:25:50.973953
TN 87 B 0891,864547034449467,0.0,0.0,0.0,03/09/2025 23:03:45,12.9789829,79.6258306,6258306,2025-09-04T23:25:50.974093
TN 87 B 0891,864547034449467,0.0,0.0,0.0,03/09/2025 23:02:45,12.9789829,79.6258306,6258306,2025-09-04T23:25:50.974218
TN 87 B 0891,864547034449467,0.0,0.0,0.0,03/09/2025 23:01:46,12.9789829,79.6258306,6258306,2025-09-04T23:25:50.974342
TN 87 B 0891,864547034449467,0.0,0.0,0.0,03/09/2025 23:00:46,12.9789829,79.6258306,6258306,2025-09-04T23:25:50.974467
TN 87 B 0891,864547034449467,0.0,0.0,0.0,03/09/2025 22:59:45,12.9789829,79.6258306,6258306,2025-09-04T23:25:50.974609
TN 87 B 0891,864547034449467,0.0,0.0,0.0,03/09/2025 22:58:45,12.9789829,79.6258306,6258306,2025-09-04T23:25:50.974730
TN 87 B 0891,864547034449467,0.0,0.0,0.0,03/09/2025 22:57:46,12.9789829,79.6258306,6258306,2025-09-04T23:25:50.974879
TN 87 B 0891,864547034449467,0.0,0.0,0.0,03/09/2025 22:57:40,12.9789829,79.6258306,6258306,2025-09-04T23:25:50.975059
TN 87 B 0891,864547034449467,0.0,0.0,0.0,03/09/2025 22:57:36,12.9789829,79.6258306,6258306,2025-09-04T23:25:50.975260
TN 87 B 0891,864547034449467,0.0,0.0,0.0,03/09/2025 22:57:31,12.9789829,79.6258306,6258306,2025-09-04T23:25:50.975459
TN 87 B 0891,864547034449467,0.0,0.0,0.0,03/09/2025 22:57:26,12.9789829,79.6258306,6258306,2025-09-04T23:25:50.975634
TN 87 B 0891,864547034449467,0.0,0.0,0.0,03/09/2025 22:57:20,12.9789829,79.6258306,6258306,2025-09-04T23:25:50.975819
TN 87 B 0891,864547034449467,0.0,0.0,0.0,03/09/2025 22:57:16,12.9789829,79.6258306,6258306,2025-09-04T23:25:50.975991
TN 87 B 0891,864547034449467,0.0,0.0,0.0,03/09/2025 22:57:11,12.9789829,79.6258306,6258306,2025-09-04T23:25:50.976159
TN 87 B 0891,864547034449467,0.0,0.0,0.0,03/09/2025 22:56:32,12.9789829,79.6258306,6258306,2025-09-04T23:25:50.976295
TN 87 B 0891,864547034449467,0.0,0.0,0.0,03/09/2025 22:55:32,12.9789829,79.6258306,6258306,2025-09-04T23:25:50.976406
TN 87 B 0891,864547034449467,0.0,0.0,0.0,03/09/2025 22:54:32,12.9789829,79.6258306,6258306,2025-09-04T23:25:50.976514
TN 87 B 0891,864547034449467,0.0,0.0,0.0,03/09/2025 22:53:32,12.9789829,79.6258306,6258306,2025-09-04T23:25:50.976644
TN 87 B 0891,864547034449467,0.0,0.0,0.0,03/09/2025 22:52:32,12.9789829,79.6258306,6258306,2025-09-04T23:25:50.976769
TN 87 B 0891,864547034449467,0.0,0.0,0.0,03/09/2025 22:51:32,12.9789829,79.6258306,6258306,2025-09-04T23:25:50.976908
TN 87 B 0891,864547034449467,0.0,0.0,0.0,03/09/2025 22:50:32,12.9789829,79.6258306,6258306,2025-09-04T23:25:50.977030
TN 87 B 0891,864547034449467,0.0,0.0,0.0,03/09/2025 22:49:32,12.9789829,79.6258306,6258306,2025-09-04T23:25:50.977162
TN 87 B 0891,864547034449467,0.0,0.0,0.0,03/09/2025 22:48:32,12.9789829,79.6258306,6258306,2025-09-04T23:25:50.977293
TN 87 B 0891,864547034449467,0.0,0.0,0.0,03/09/2025 22:47:32,12.9789829,79.6258306,6258306,2025-09-04T23:25:50.977453
TN 87 B 0891,864547034449467,0.0,0.0,0.0,03/09/2025 22:46:32,12.9789829,79.6258306,6258306,2025-09-04T23:25:50.977606
TN 87 B 0891,864547034449467,0.0,0.0,0.0,03/09/2025 22:45:32,12.9789829,79.6258306,6258306,2025-09-04T23:25:50.977719
TN 87 B 0891,864547034449467,0.0,0.0,0.0,03/09/2025 22:44:32,12.9789829,79.6258306,6258306,2025-09-04T23:25:50.977823
TN 87 B 0891,864547034449467,0.0,0.0,0.0,03/09/2025 22:43:32,12.9789829,79.6258306,6258306,2025-09-04T23:25:50.977945
TN 87 B 0891,864547034449467,0.0,0.0,0.0,03/09/2025 22:42:32,12.9789829,79.6258306,6258306,2025-09-04T23:25:50.978120
TN 87 B 0891,864547034449467,0.0,0.0,0.0,03/09/2025 22:41:32,12.9789829,79.6258306,6258306,2025-09-04T23:25:50.978261
TN 87 B 0891,864547034449467,0.0,0.0,0.0,03/09/2025 22:40:32,12.9789829,79.6258306,6258306,2025-09-04T23:25:50.978396
TN 87 B 0891,864547034449467,0.0,0.0,0.0,03/09/2025 22:39:32,12.9789829,79.6258306,6258306,2025-09-04T23:25:50.978532
TN 87 B 0891,864547034449467,0.0,0.0,0.0,03/09/2025 22:38:32,12.9789829,79.6258306,6258306,2025-09-04T23:25:50.978653
TN 87 B 0891,864547034449467,0.0,0.0,0.0,03/09/2025 22:37:32,12.9789829,79.6258306,6258306,2025-09-04T23:25:50.978809
TN 87 B 0891,864547034449467,0.0,0.0,0.0,03/09/2025 22:36:32,12.9789829,79.6258306,6258306,2025-09-04T23:25:50.978988
TN 87 B 0891,864547034449467,0.0,0.0,0.0,03/09/2025 22:35:32,12.9789829,79.6258306,6258306,2025-09-04T23:25:50.979178
TN 87 B 0891,864547034449467,0.0,0.0,0.0,03/09/2025 22:34:32,12.9789829,79.6258306,6258306,2025-09-04T23:25:50.979387
TN 87 B 0891,864547034449467,0.0,0.0,0.0,03/09/2025 22:33:32,12.9789829,79.6258306,6258306,2025-09-04T23:25:50.979594
TN 87 B 0891,864547034449467,0.0,0.0,0.0,03/09/2025 22:32:32,12.9789829,79.6258306,6258306,2025-09-04T23:25:50.979762
TN 87 B 0891,864547034449467,0.0,0.0,0.0,03/09/2025 22:31:32,12.9789829,79.6258306,6258306,2025-09-04T23:25:50.979953
TN 87 B 0891,864547034449467,0.0,0.0,0.0,03/09/2025 22:30:32,12.9789829,79.6258306,6258306,2025-09-04T23:25:50.980139
TN 87 B 0891,864547034449467,0.0,0.0,0.0,03/09/2025 22:29:32,12.9789829,79.6258306,6258306,2025-09-04T23:25:50.980331
TN 87 B 0891,864547034449467,0.0,0.0,0.0,03/09/2025 22:28:32,12.9789829,79.6258306,6258306,2025-09-04T23:25:50.980510
TN 87 B 0891,864547034449467,0.0,0.0,0.0,03/09/2025 22:27:32,12.9789829,79.6258306,6258306,2025-09-04T23:25:50.980690
TN 87 B 0891,864547034449467,0.0,0.0,0.0,03/09/2025 22:26:32,12.9789829,79.6258306,6258306,2025-09-04T23:25:50.980861
TN 87 B 0891,864547034449467,0.0,0.0,0.0,03/09/2025 22:25:32,12.9789829,79.6258306,6258306,2025-09-04T23:25:50.981216
TN 87 B 0891,864547034449467,0.0,0.0,0.0,03/09/2025 22:24:32,12.9789829,79.6258306,6258306,2025-09-04T23:25:50.981459
TN 87 B 0891,864547034449467,0.0,0.0,0.0,03/09/2025 22:23:32,12.9789829,79.6258306,6258306,2025-09-04T23:25:50.981648
TN 87 B 0891,864547034449467,0.0,0.0,0.0,03/09/2025 22:22:32,12.9789829,79.6258306,6258306,2025-09-04T23:25:50.981831
TN 87 B 0891,864547034449467,0.0,0.0,0.0,03/09/2025 22:21:32,12.9789829,79.6258306,6258306,2025-09-04T23:25:50.982035
TN 87 B 0891,864547034449467,0.0,0.0,0.0,03/09/2025 22:20:32,12.9789829,79.6258306,6258306,2025-09-04T23:25:50.982242
TN 87 B 0891,864547034449467,0.0,0.0,0.0,03/09/2025 22:19:32,12.9789829,79.6258306,6258306,2025-09-04T23:25:50.982418
TN 87 B 0891,864547034449467,0.0,0.0,0.0,03/09/2025 22:18:32,12.9789829,79.6258306,6258306,2025-09-04T23:25:50.982547
TN 87 B 0891,864547034449467,0.0,0.0,0.0,03/09/2025 22:17:32,12.9789829,79.6258306,6258306,2025-09-04T23:25:50.982656
TN 87 B 0891,864547034449467,0.0,0.0,0.0,03/09/2025 22:16:32,12.9789829,79.6258306,6258306,2025-09-04T23:25:50.982781
TN 87 B 0891,864547034449467,0.0,0.0,0.0,03/09/2025 22:15:32,12.9789829,79.6258306,6258306,2025-09-04T23:25:50.982902
TN 87 B 0891,864547034449467,0.0,0.0,0.0,03/09/2025 22:14:32,12.9789829,79.6258306,6258306,2025-09-04T23:25:50.983059
TN 87 B 0891,864547034449467,0.0,0.0,0.0,03/09/2025 22:13:32,12.9789829,79.6258306,6258306,2025-09-04T23:25:50.983183
TN 87 B 0891,864547034449467,0.0,0.0,0.0,03/09/2025 22:12:32,12.9789829,79.6258306,6258306,2025-09-04T23:25:50.983302
TN 87 B 0891,864547034449467,0.0,0.0,0.0,03/09/2025 22:11:32,12.9789829,79.6258306,6258306,2025-09-04T23:25:50.983453
TN 87 B 0891,864547034449467,0.0,0.0,0.0,03/09/2025 22:10:32,12.9789829,79.6258306,6258306,2025-09-04T23:25:50.983587
TN 87 B 0891,864547034449467,0.0,0.0,0.0,03/09/2025 22:09:32,12.9789829,79.6258306,6258306,2025-09-04T23:25:50.983716
TN 87 B 0891,864547034449467,0.0,0.0,0.0,03/09/2025 22:08:32,12.9789829,79.6258306,6258306,2025-09-04T23:25:50.983871
TN 87 B 0891,864547034449467,0.0,0.0,0.0,03/09/2025 22:07:32,12.9789829,79.6258306,6258306,2025-09-04T23:25:50.984023
TN 87 B 0891,864547034449467,0.0,0.0,0.0,03/09/2025 22:06:31,12.9789829,79.6258306,6258306,2025-09-04T23:25:50.984153
TN 87 B 0891,864547034449467,0.0,0.0,0.0,03/09/2025 22:05:31,12.9789829,79.6258306,6258306,2025-09-04T23:25:50.984279
TN 87 B 0891,864547034449467,0.0,0.0,0.0,03/09/2025 22:04:32,12.9789829,79.6258306,6258306,2025-09-04T23:25:50.984400
TN 87 B 0891,864547034449467,0.0,0.0,0.0,03/09/2025 22:03:32,12.9789829,79.6258306,6258306,2025-09-04T23:25:50.984535
TN 87 B 0891,864547034449467,0.0,0.0,0.0,03/09/2025 22:02:31,12.9789829,79.6258306,6258306,2025-09-04T23:25:50.984669
TN 87 B 0891,864547034449467,0.0,0.0,0.0,03/09/2025 22:01:32,12.9789829,79.6258306,6258306,2025-09-04T23:25:50.984844
TN 87 B 0891,864547034449467,0.0,0.0,0.0,03/09/2025 22:00:32,12.9789829,79.6258306,6258306,2025-09-04T23:25:50.984993
TN 87 B 0891,864547034449467,0.0,0.0,0.0,03/09/2025 21:59:32,12.9789829,79.6258306,6258306,2025-09-04T23:25:50.985144
TN 87 B 0891,864547034449467,0.0,0.0,0.0,03/09/2025 21:58:32,12.9789829,79.6258306,6258306,2025-09-04T23:25:50.985264
TN 87 B 0891,864547034449467,0.0,0.0,0.0,03/09/2025 21:57:32,12.9789829,79.6258306,6258306,2025-09-04T23:25:50.985420
TN 87 B 0891,864547034449467,0.0,0.0,0.0,03/09/2025 21:57:26,12.9789829,79.6258306,6258306,2025-09-04T23:25:50.985564
TN 87 B 0891,864547034449467,0.0,0.0,0.0,03/09/2025 21:57:22,12.9789829,79.6258306,6258306,2025-09-04T23:25:50.985728
TN 87 B 0891,864547034449467,0.0,0.0,0.0,03/09/2025 21:57:17,12.9789829,79.6258306,6258306,2025-09-04T23:25:50.985853
TN 87 B 0891,864547034449467,0.0,0.0,0.0,03/09/2025 21:57:12,12.9789829,79.6258306,6258306,2025-09-04T23:25:50.985978
TN 87 B 0891,864547034449467,0.0,0.0,0.0,03/09/2025 21:57:07,12.9789829,79.6258306,6258306,2025-09-04T23:25:50.986101
TN 87 B 0891,864547034449467,0.0,0.0,0.0,03/09/2025 21:57:01,12.9789829,79.6258306,6258306,2025-09-04T23:25:50.986203
TN 87 B 0891,864547034449467,0.0,0.0,0.0,03/09/2025 21:56:57,12.9789829,79.6258306,6258306,2025-09-04T23:25:50.986343
TN 87 B 0891,864547034449467,0.0,0.0,0.0,03/09/2025 21:56:18,12.9789829,79.6258306,6258306,2025-09-04T23:25:50.986444
TN 87 B 0891,864547034449467,0.0,0.0,0.0,03/09/2025 21:55:18,12.9789829,79.6258306,6258306,2025-09-04T23:25:50.986570
TN 87 B 0891,864547034449467,0.0,0.0,0.0,03/09/2025 21:54:18,12.9789829,79.6258306,6258306,2025-09-04T23:25:50.986689
TN 87 B 0891,864547034449467,0.0,0.0,0.0,03/09/2025 21:53:18,12.9789829,79.6258306,6258306,2025-09-04T23:25:50.986824
TN 87 B 0891,864547034449467,0.0,0.0,0.0,03/09/2025 21:52:18,12.9789829,79.6258306,6258306,2025-09-04T23:25:50.986959
TN 87 B 0891,864547034449467,0.0,0.0,0.0,03/09/2025 21:51:18,12.9789829,79.6258306,6258306,2025-09-04T23:25:50.987088
TN 87 B 0891,864547034449467,0.0,0.0,0.0,03/09/2025 21:50:18,12.9789829,79.6258306,6258306,2025-09-04T23:25:50.987216
TN 87 B 0891,864547034449467,0.0,0.0,0.0,03/09/2025 21:49:18,12.9789829,79.6258306,6258306,2025-09-04T23:25:50.987340
TN 87 B 0891,864547034449467,0.0,0.0,0.0,03/09/2025 21:48:18,12.9789829,79.6258306,6258306,2025-09-04T23:25:50.987480
TN 87 B 0891,864547034449467,0.0,0.0,0.0,03/09/2025 21:47:18,12.9789829,79.6258306,6258306,2025-09-04T23:25:50.987594
TN 87 B 0891,864547034449467,0.0,0.0,0.0,03/09/2025 21:46:18,12.9789829,79.6258306,6258306,2025-09-04T23:25:50.987726
TN 87 B 0891,864547034449467,0.0,0.0,0.0,03/09/2025 21:45:18,12.9789829,79.6258306,6258306,2025-09-04T23:25:50.987854
TN 87 B 0891,864547034449467,0.0,0.0,0.0,03/09/2025 21:44:18,12.9789829,79.6258306,6258306,2025-09-04T23:25:50.987978
TN 87 B 0891,864547034449467,0.0,0.0,0.0,03/09/2025 21:43:18,12.9789829,79.6258306,6258306,2025-09-04T23:25:50.988134
TN 87 B 0891,864547034449467,0.0,0.0,0.0,03/09/2025 21:42:18,12.9789829,79.6258306,6258306,2025-09-04T23:25:50.988291
TN 87 B 0891,864547034449467,0.0,0.0,0.0,03/09/2025 21:41:18,12.9789829,79.6258306,6258306,2025-09-04T23:25:50.988400
TN 87 B 0891,864547034449467,0.0,0.0,0.0,03/09/2025 21:40:18,12.9789829,79.6258306,6258306,2025-09-04T23:25:50.988542
TN 87 B 0891,864547034449467,0.0,0.0,0.0,03/09/2025 21:39:18,12.9789829,79.6258306,6258306,2025-09-04T23:25:50.988651
TN 87 B 0891,864547034449467,0.0,0.0,0.0,03/09/2025 21:38:18,12.9789829,79.6258306,6258306,2025-09-04T23:25:50.988777
TN 87 B 0891,864547034449467,0.0,0.0,0.0,03/09/2025 21:37:18,12.9789829,79.6258306,6258306,2025-09-04T23:25:50.988909
TN 87 B 0891,864547034449467,0.0,0.0,0.0,03/09/2025 21:36:18,12.9789829,79.6258306,6258306,2025-09-04T23:25:50.989064
TN 87 B 0891,864547034449467,0.0,0.0,0.0,03/09/2025 21:35:18,12.9789829,79.6258306,6258306,2025-09-04T23:25:50.989218
TN 87 B 0891,864547034449467,0.0,0.0,0.0,03/09/2025 21:34:18,12.9789829,79.6258306,6258306,2025-09-04T23:25:50.989358
TN 87 B 0891,864547034449467,0.0,0.0,0.0,03/09/2025 21:33:18,12.9789829,79.6258306,6258306,2025-09-04T23:25:50.989480
TN 87 B 0891,864547034449467,0.0,0.0,0.0,03/09/2025 21:32:18,12.9789829,79.6258306,6258306,2025-09-04T23:25:50.989667
TN 87 B 0891,864547034449467,0.0,0.0,0.0,03/09/2025 21:31:18,12.9789829,79.6258306,6258306,2025-09-04T23:25:50.989859
TN 87 B 0891,864547034449467,0.0,0.0,0.0,03/09/2025 21:30:18,12.9789829,79.6258306,6258306,2025-09-04T23:25:50.990041
TN 87 B 0891,864547034449467,0.0,0.0,0.0,03/09/2025 21:29:18,12.9789829,79.6258306,6258306,2025-09-04T23:25:50.990218
TN 87 B 0891,864547034449467,0.0,0.0,0.0,03/09/2025 21:28:18,12.9789829,79.6258306,6258306,2025-09-04T23:25:50.990410
TN 87 B 0891,864547034449467,0.0,0.0,0.0,03/09/2025 21:27:18,12.9789829,79.6258306,6258306,2025-09-04T23:25:50.990587
TN 87 B 0891,864547034449467,0.0,0.0,0.0,03/09/2025 21:26:18,12.9789829,79.6258306,6258306,2025-09-04T23:25:50.990761
TN 87 B 0891,864547034449467,0.0,0.0,0.0,03/09/2025 21:25:18,12.9789829,79.6258306,6258306,2025-09-04T23:25:50.990887
TN 87 B 0891,864547034449467,0.0,0.0,0.0,03/09/2025 21:24:18,12.9789829,79.6258306,6258306,2025-09-04T23:25:50.991035
TN 87 B 0891,864547034449467,0.0,0.0,0.0,03/09/2025 21:23:18,12.9789829,79.6258306,6258306,2025-09-04T23:25:50.991178
TN 87 B 0891,864547034449467,0.0,0.0,0.0,03/09/2025 21:22:18,12.9789829,79.6258306,6258306,2025-09-04T23:25:50.991284
TN 87 B 0891,864547034449467,0.0,0.0,0.0,03/09/2025 21:21:18,12.9789829,79.6258306,6258306,2025-09-04T23:25:50.991402
TN 87 B 0891,864547034449467,0.0,0.0,0.0,03/09/2025 21:20:18,12.9789829,79.6258306,6258306,2025-09-04T23:25:50.991534
TN 87 B 0891,864547034449467,0.0,0.0,0.0,03/09/2025 21:19:18,12.9789829,79.6258306,6258306,2025-09-04T23:25:50.991637
TN 87 B 0891,864547034449467,0.0,0.0,0.0,03/09/2025 21:18:18,12.9789829,79.6258306,6258306,2025-09-04T23:25:50.991759
TN 87 B 0891,864547034449467,0.0,0.0,0.0,03/09/2025 21:17:18,12.9789829,79.6258306,6258306,2025-09-04T23:25:50.991883
TN 87 B 0891,864547034449467,0.0,0.0,0.0,03/09/2025 21:16:18,12.9789829,79.6258306,6258306,2025-09-04T23:25:50.991998
TN 87 B 0891,864547034449467,0.0,0.0,0.0,03/09/2025 21:15:18,12.9789829,79.6258306,6258306,2025-09-04T23:25:50.992116
TN 87 B 0891,864547034449467,0.0,0.0,0.0,03/09/2025 21:14:18,12.9789829,79.6258306,6258306,2025-09-04T23:25:50.992207
TN 87 B 0891,864547034449467,0.0,0.0,0.0,03/09/2025 21:13:18,12.9789829,79.6258306,6258306,2025-09-04T23:25:50.992299
TN 87 B 0891,864547034449467,0.0,0.0,0.0,03/09/2025 21:12:18,12.9789829,79.6258306,6258306,2025-09-04T23:25:50.992432
TN 87 B 0891,864547034449467,0.0,0.0,0.0,03/09/2025 21:11:18,12.9789829,79.6258306,6258306,2025-09-04T23:25:50.992635
TN 87 B 0891,864547034449467,0.0,0.0,0.0,03/09/2025 21:10:18,12.9789829,79.6258306,6258306,2025-09-04T23:25:50.992843
TN 87 B 0891,864547034449467,0.0,0.0,0.0,03/09/2025 21:09:18,12.9789829,79.6258306,6258306,2025-09-04T23:25:50.993023
TN 87 B 0891,864547034449467,0.0,0.0,0.0,03/09/2025 21:08:18,12.9789829,79.6258306,6258306,2025-09-04T23:25:50.993231
TN 87 B 0891,864547034449467,0.0,0.0,0.0,03/09/2025 21:07:18,12.9789829,79.6258306,6258306,2025-09-04T23:25:50.993448
TN 87 B 0891,864547034449467,0.0,0.0,0.0,03/09/2025 21:06:18,12.9789829,79.6258306,6258306,2025-09-04T23:25:50.993649
TN 87 B 0891,864547034449467,0.0,0.0,0.0,03/09/2025 21:05:18,12.9789829,79.6258306,6258306,2025-09-04T23:25:50.993832
TN 87 B 0891,864547034449467,0.0,0.0,0.0,03/09/2025 21:04:18,12.9789829,79.6258306,6258306,2025-09-04T23:25:50.994015
TN 87 B 0891,864547034449467,0.0,0.0,0.0,03/09/2025 21:03:18,12.9789829,79.6258306,6258306,2025-09-04T23:25:50.994173
TN 87 B 0891,864547034449467,0.0,0.0,0.0,03/09/2025 21:02:18,12.9789829,79.6258306,6258306,2025-09-04T23:25:50.994347
TN 87 B 0891,864547034449467,0.0,0.0,0.0,03/09/2025 21:01:18,12.9789829,79.6258306,6258306,2025-09-04T23:25:50.994466
TN 87 B 0891,864547034449467,0.0,0.0,0.0,03/09/2025 21:00:18,12.9789829,79.6258306,6258306,2025-09-04T23:25:50.994642
TN 87 B 0891,864547034449467,0.0,0.0,0.0,03/09/2025 20:59:18,12.9789829,79.6258306,6258306,2025-09-04T23:25:50.994841
TN 87 B 0891,864547034449467,0.0,0.0,0.0,03/09/2025 20:58:18,12.9789829,79.6258306,6258306,2025-09-04T23:25:50.995076
TN 87 B 0891,864547034449467,0.0,0.0,0.0,03/09/2025 20:57:18,12.9789829,79.6258306,6258306,2025-09-04T23:25:50.995231
TN 87 B 0891,864547034449467,0.0,0.0,0.0,03/09/2025 20:57:12,12.9789829,79.6258306,6258306,2025-09-04T23:25:50.995345
TN 87 B 0891,864547034449467,0.0,0.0,0.0,03/09/2025 20:57:08,12.9789829,79.6258306,6258306,2025-09-04T23:25:50.995446
TN 87 B 0891,864547034449467,0.0,0.0,0.0,03/09/2025 20:57:03,12.9789829,79.6258306,6258306,2025-09-04T23:25:50.995543
TN 87 B 0891,864547034449467,0.0,0.0,0.0,03/09/2025 20:56:58,12.9789829,79.6258306,6258306,2025-09-04T23:25:50.995685
TN 87 B 0891,864547034449467,0.0,0.0,0.0,03/09/2025 20:56:53,12.9789829,79.6258306,6258306,2025-09-04T23:25:50.995845
TN 87 B 0891,864547034449467,0.0,0.0,0.0,03/09/2025 20:56:47,12.9789829,79.6258306,6258306,2025-09-04T23:25:50.996023
TN 87 B 0891,864547034449467,0.0,0.0,0.0,03/09/2025 20:56:43,12.9789829,79.6258306,6258306,2025-09-04T23:25:50.996211
TN 87 B 0891,864547034449467,0.0,0.0,0.0,03/09/2025 20:56:04,12.9789829,79.6258306,6258306,2025-09-04T23:25:50.996376
TN 87 B 0891,864547034449467,0.0,0.0,0.0,03/09/2025 20:55:04,12.9789829,79.6258306,6258306,2025-09-04T23:25:50.996533
TN 87 B 0891,864547034449467,0.0,0.0,0.0,03/09/2025 20:54:04,12.9789829,79.6258306,6258306,2025-09-04T23:25:50.996663
TN 87 B 0891,864547034449467,0.0,0.0,0.0,03/09/2025 20:53:04,12.9789829,79.6258306,6258306,2025-09-04T23:25:50.996822
TN 87 B 0891,864547034449467,0.0,0.0,0.0,03/09/2025 20:52:04,12.9789829,79.6258306,6258306,2025-09-04T23:25:50.997017
TN 87 B 0891,864547034449467,0.0,0.0,0.0,03/09/2025 20:51:04,12.9789829,79.6258306,6258306,2025-09-04T23:25:50.997211
TN 87 B 0891,864547034449467,0.0,0.0,0.0,03/09/2025 20:50:04,12.9789829,79.6258306,6258306,2025-09-04T23:25:50.997370
TN 87 B 0891,864547034449467,0.0,0.0,0.0,03/09/2025 20:49:04,12.9789829,79.6258306,6258306,2025-09-04T23:25:50.997531
TN 87 B 0891,864547034449467,0.0,0.0,0.0,03/09/2025 20:48:04,12.9789829,79.6258306,6258306,2025-09-04T23:25:50.997682
TN 87 B 0891,864547034449467,0.0,0.0,0.0,03/09/2025 20:47:04,12.9789829,79.6258306,6258306,2025-09-04T23:25:50.997827
TN 87 B 0891,864547034449467,0.0,0.0,0.0,03/09/2025 20:46:04,12.9789829,79.6258306,6258306,2025-09-04T23:25:50.997985
TN 87 B 0891,864547034449467,0.0,0.0,0.0,03/09/2025 20:45:04,12.9789829,79.6258306,6258306,2025-09-04T23:25:50.998170
TN 87 B 0891,864547034449467,0.0,0.0,0.0,03/09/2025 20:44:04,12.9789829,79.6258306,6258306,2025-09-04T23:25:50.998311
TN 87 B 0891,864547034449467,0.0,0.0,0.0,03/09/2025 20:43:04,12.9789829,79.6258306,6258306,2025-09-04T23:25:50.998447
TN 87 B 0891,864547034449467,0.0,0.0,0.0,03/09/2025 20:42:04,12.9789829,79.6258306,6258306,2025-09-04T23:25:50.998607
TN 87 B 0891,864547034449467,0.0,0.0,0.0,03/09/2025 20:41:04,12.9789829,79.6258306,6258306,2025-09-04T23:25:50.998752
TN 87 B 0891,864547034449467,0.0,0.0,0.0,03/09/2025 20:40:04,12.9789829,79.6258306,6258306,2025-09-04T23:25:50.998878
TN 87 B 0891,864547034449467,0.0,0.0,0.0,03/09/2025 20:39:04,12.9789829,79.6258306,6258306,2025-09-04T23:25:50.999037
TN 87 B 0891,864547034449467,0.0,0.0,0.0,03/09/2025 20:38:04,12.9789829,79.6258306,6258306,2025-09-04T23:25:50.999182
TN 87 B 0891,864547034449467,0.0,0.0,0.0,03/09/2025 20:37:04,12.9789829,79.6258306,6258306,2025-09-04T23:25:50.999353
TN 87 B 0891,864547034449467,0.0,0.0,0.0,03/09/2025 20:36:04,12.9789829,79.6258306,6258306,2025-09-04T23:25:50.999494
TN 87 B 0891,864547034449467,0.0,0.0,0.0,03/09/2025 20:35:04,12.9789829,79.6258306,6258306,2025-09-04T23:25:50.999646
TN 87 B 0891,864547034449467,0.0,0.0,0.0,03/09/2025 20:34:04,12.9789829,79.6258306,6258306,2025-09-04T23:25:50.999838
TN 87 B 0891,864547034449467,0.0,0.0,0.0,03/09/2025 20:33:04,12.9789829,79.6258306,6258306,2025-09-04T23:25:51.000021
TN 87 B 0891,864547034449467,0.0,0.0,0.0,03/09/2025 20:32:04,12.9789829,79.6258306,6258306,2025-09-04T23:25:51.000178
TN 87 B 0891,864547034449467,0.0,0.0,0.0,03/09/2025 20:31:04,12.9789829,79.6258306,6258306,2025-09-04T23:25:51.000340
TN 87 B 0891,864547034449467,0.0,0.0,0.0,03/09/2025 20:30:04,12.9789829,79.6258306,6258306,2025-09-04T23:25:51.000460
TN 87 B 0891,864547034449467,0.0,0.0,0.0,03/09/2025 20:29:04,12.9789829,79.6258306,6258306,2025-09-04T23:25:51.000585
TN 87 B 0891,864547034449467,0.0,0.0,0.0,03/09/2025 20:28:04,12.9789829,79.6258306,6258306,2025-09-04T23:25:51.000722
TN 87 B 0891,864547034449467,0.0,0.0,0.0,03/09/2025 20:27:04,12.9789829,79.6258306,6258306,2025-09-04T23:25:51.000866
TN 87 B 0891,864547034449467,0.0,0.0,0.0,03/09/2025 20:26:04,12.9789829,79.6258306,6258306,2025-09-04T23:25:51.000985
TN 87 B 0891,864547034449467,0.0,0.0,0.0,03/09/2025 20:25:04,12.9789829,79.6258306,6258306,2025-09-04T23:25:51.001130
TN 87 B 0891,864547034449467,0.0,0.0,0.0,03/09/2025 20:24:04,12.9789829,79.6258306,6258306,2025-09-04T23:25:51.001289
TN 87 B 0891,864547034449467,0.0,0.0,0.0,03/09/2025 20:23:04,12.9789829,79.6258306,6258306,2025-09-04T23:25:51.001452
TN 87 B 0891,864547034449467,0.0,0.0,0.0,03/09/2025 20:22:04,12.9789829,79.6258306,6258306,2025-09-04T23:25:51.001581
TN 87 B 0891,864547034449467,0.0,0.0,0.0,03/09/2025 20:21:04,12.9789829,79.6258306,6258306,2025-09-04T23:25:51.001723
TN 87 B 0891,864547034449467,0.0,0.0,0.0,03/09/2025 20:20:04,12.9789829,79.6258306,6258306,2025-09-04T23:25:51.001904
TN 87 B 0891,864547034449467,0.0,0.0,0.0,03/09/2025 20:19:04,12.9789829,79.6258306,6258306,2025-09-04T23:25:51.002046
TN 87 B 0891,864547034449467,0.0,0.0,0.0,03/09/2025 20:18:04,12.9789829,79.6258306,6258306,2025-09-04T23:25:51.002209
TN 87 B 0891,864547034449467,0.0,0.0,0.0,03/09/2025 20:17:04,12.9789829,79.6258306,6258306,2025-09-04T23:25:51.002349
TN 87 B 0891,864547034449467,0.0,0.0,0.0,03/09/2025 20:16:04,12.9789829,79.6258306,6258306,2025-09-04T23:25:51.002478
TN 87 B 0891,864547034449467,0.0,0.0,0.0,03/09/2025 20:15:04,12.9789829,79.6258306,6258306,2025-09-04T23:25:51.002595
TN 87 B 0891,864547034449467,0.0,0.0,0.0,03/09/2025 20:14:04,12.9789829,79.6258306,6258306,2025-09-04T23:25:51.002741
TN 87 B 0891,864547034449467,0.0,0.0,0.0,03/09/2025 20:13:04,12.9789829,79.6258306,6258306,2025-09-04T23:25:51.002871
TN 87 B 0891,864547034449467,0.0,0.0,0.0,03/09/2025 20:12:04,12.9789829,79.6258306,6258306,2025-09-04T23:25:51.003015
TN 87 B 0891,864547034449467,0.0,0.0,0.0,03/09/2025 20:11:04,12.9789829,79.6258306,6258306,2025-09-04T23:25:51.003142
TN 87 B 0891,864547034449467,0.0,0.0,0.0,03/09/2025 20:10:04,12.9789829,79.6258306,6258306,2025-09-04T23:25:51.003263
TN 87 B 0891,864547034449467,0.0,0.0,0.0,03/09/2025 20:09:04,12.9789829,79.6258306,6258306,2025-09-04T23:25:51.003382
TN 87 B 0891,864547034449467,0.0,0.0,0.0,03/09/2025 20:08:04,12.9789829,79.6258306,6258306,2025-09-04T23:25:51.003517
TN 87 B 0891,864547034449467,0.0,0.0,0.0,03/09/2025 20:07:04,12.9789829,79.6258306,6258306,2025-09-04T23:25:51.003639
TN 87 B 0891,864547034449467,0.0,0.0,0.0,03/09/2025 20:06:04,12.9789829,79.6258306,6258306,2025-09-04T23:25:51.003763
TN 87 B 0891,864547034449467,0.0,0.0,0.0,03/09/2025 20:05:04,12.9789829,79.6258306,6258306,2025-09-04T23:25:51.003906
TN 87 B 0891,864547034449467,0.0,0.0,0.0,03/09/2025 20:04:04,12.9789829,79.6258306,6258306,2025-09-04T23:25:51.004045
TN 87 B 0891,864547034449467,0.0,0.0,0.0,03/09/2025 20:03:04,12.9789829,79.6258306,6258306,2025-09-04T23:25:51.004183
TN 87 B 0891,864547034449467,0.0,0.0,0.0,03/09/2025 20:02:04,12.9789829,79.6258306,6258306,2025-09-04T23:25:51.004322
TN 87 B 0891,864547034449467,0.0,0.0,0.0,03/09/2025 20:01:04,12.9789829,79.6258306,6258306,2025-09-04T23:25:51.004447
TN 87 B 0891,864547034449467,0.0,0.0,0.0,03/09/2025 20:00:04,12.9789829,79.6258306,6258306,2025-09-04T23:25:51.004597
TN 87 B 0891,864547034449467,0.0,0.0,0.0,03/09/2025 19:59:04,12.9789829,79.6258306,6258306,2025-09-04T23:25:51.004750
TN 87 B 0891,864547034449467,0.0,0.0,0.0,03/09/2025 19:58:04,12.9789829,79.6258306,6258306,2025-09-04T23:25:51.004916
TN 87 B 0891,864547034449467,0.0,0.0,0.0,03/09/2025 19:57:04,12.9789829,79.6258306,6258306,2025-09-04T23:25:51.005107
TN 87 B 0891,864547034449467,0.0,0.0,0.0,03/09/2025 19:56:58,12.9789829,79.6258306,6258306,2025-09-04T23:25:51.005268
TN 87 B 0891,864547034449467,0.0,0.0,0.0,03/09/2025 19:56:54,12.9789829,79.6258306,6258306,2025-09-04T23:25:51.005403
TN 87 B 0891,864547034449467,0.0,0.0,0.0,03/09/2025 19:56:49,12.9789829,79.6258306,6258306,2025-09-04T23:25:51.005539
TN 87 B 0891,864547034449467,0.0,0.0,0.0,03/09/2025 19:56:44,12.9789829,79.6258306,6258306,2025-09-04T23:25:51.005659
TN 87 B 0891,864547034449467,0.0,0.0,0.0,03/09/2025 19:56:39,12.9789829,79.6258306,6258306,2025-09-04T23:25:51.005845
TN 87 B 0891,864547034449467,0.0,0.0,0.0,03/09/2025 19:56:34,12.9789829,79.6258306,6258306,2025-09-04T23:25:51.006048
TN 87 B 0891,864547034449467,0.0,0.0,0.0,03/09/2025 19:56:28,12.9789829,79.6258306,6258306,2025-09-04T23:25:51.006251
TN 87 B 0891,864547034449467,0.0,0.0,0.0,03/09/2025 19:55:50,12.9789829,79.6258306,6258306,2025-09-04T23:25:51.006434
TN 87 B 0891,864547034449467,0.0,0.0,0.0,03/09/2025 19:54:50,12.9789829,79.6258306,6258306,2025-09-04T23:25:51.006623
TN 87 B 0891,864547034449467,0.0,0.0,0.0,03/09/2025 19:53:50,12.9789829,79.6258306,6258306,2025-09-04T23:25:51.006816
TN 87 B 0891,864547034449467,0.0,0.0,0.0,03/09/2025 19:52:50,12.9789829,79.6258306,6258306,2025-09-04T23:25:51.006991
TN 87 B 0891,864547034449467,0.0,0.0,0.0,03/09/2025 19:51:50,12.9789829,79.6258306,6258306,2025-09-04T23:25:51.007176
TN 87 B 0891,864547034449467,0.0,0.0,0.0,03/09/2025 19:50:50,12.9789829,79.6258306,6258306,2025-09-04T23:25:51.007317
TN 87 B 0891,864547034449467,0.0,0.0,0.0,03/09/2025 19:49:50,12.9789829,79.6258306,6258306,2025-09-04T23:25:51.007441
TN 87 B 0891,864547034449467,0.0,0.0,0.0,03/09/2025 19:48:50,12.9789829,79.6258306,6258306,2025-09-04T23:25:51.007567
TN 87 B 0891,864547034449467,0.0,0.0,0.0,03/09/2025 19:47:50,12.9789829,79.6258306,6258306,2025-09-04T23:25:51.007709
TN 87 B 0891,864547034449467,0.0,0.0,0.0,03/09/2025 19:46:50,12.9789829,79.6258306,6258306,2025-09-04T23:25:51.007882
TN 87 B 0891,864547034449467,0.0,0.0,0.0,03/09/2025 19:45:50,12.9789829,79.6258306,6258306,2025-09-04T23:25:51.008059
TN 87 B 0891,864547034449467,0.0,0.0,0.0,03/09/2025 19:44:50,12.9789829,79.6258306,6258306,2025-09-04T23:25:51.008202
TN 87 B 0891,864547034449467,0.0,0.0,0.0,03/09/2025 19:43:50,12.9789829,79.6258306,6258306,2025-09-04T23:25:51.008357
TN 87 B 0891,864547034449467,0.0,0.0,0.0,03/09/2025 19:42:50,12.9789829,79.6258306,6258306,2025-09-04T23:25:51.008513
TN 87 B 0891,864547034449467,0.0,0.0,0.0,03/09/2025 19:41:50,12.9789829,79.6258306,6258306,2025-09-04T23:25:51.008629
TN 87 B 0891,864547034449467,0.0,0.0,0.0,03/09/2025 19:40:50,12.9789829,79.6258306,6258306,2025-09-04T23:25:51.008758
TN 87 B 0891,864547034449467,0.0,0.0,0.0,03/09/2025 19:39:50,12.9789829,79.6258306,6258306,2025-09-04T23:25:51.008914
TN 87 B 0891,864547034449467,0.0,0.0,0.0,03/09/2025 19:38:50,12.9789829,79.6258306,6258306,2025-09-04T23:25:51.009063
TN 87 B 0891,864547034449467,0.0,0.0,0.0,03/09/2025 19:37:50,12.9789829,79.6258306,6258306,2025-09-04T23:25:51.009230
TN 87 B 0891,864547034449467,0.0,0.0,0.0,03/09/2025 19:36:50,12.9789829,79.6258306,6258306,2025-09-04T23:25:51.009407
TN 87 B 0891,864547034449467,0.0,0.0,0.0,03/09/2025 19:35:50,12.9789829,79.6258306,6258306,2025-09-04T23:25:51.009589
TN 87 B 0891,864547034449467,0.0,0.0,0.0,03/09/2025 19:34:50,12.9789829,79.6258306,6258306,2025-09-04T23:25:51.009752
TN 87 B 0891,864547034449467,0.0,0.0,0.0,03/09/2025 19:33:50,12.9789829,79.6258306,6258306,2025-09-04T23:25:51.009887
TN 87 B 0891,864547034449467,0.0,0.0,0.0,03/09/2025 19:32:50,12.9789829,79.6258306,6258306,2025-09-04T23:25:51.010055
TN 87 B 0891,864547034449467,0.0,0.0,0.0,03/09/2025 19:31:50,12.9789829,79.6258306,6258306,2025-09-04T23:25:51.010310
TN 87 B 0891,864547034449467,0.0,0.0,0.0,03/09/2025 19:30:50,12.9789829,79.6258306,6258306,2025-09-04T23:25:51.010491
TN 87 B 0891,864547034449467,0.0,0.0,0.0,03/09/2025 19:29:50,12.9789829,79.6258306,6258306,2025-09-04T23:25:51.010670
TN 87 B 0891,864547034449467,0.0,0.0,0.0,03/09/2025 19:28:50,12.9789829,79.6258306,6258306,2025-09-04T23:25:51.010833
TN 87 B 0891,864547034449467,0.0,0.0,0.0,03/09/2025 19:27:50,12.9789829,79.6258306,6258306,2025-09-04T23:25:51.010947
TN 87 B 0891,864547034449467,0.0,0.0,0.0,03/09/2025 19:26:50,12.9789829,79.6258306,6258306,2025-09-04T23:25:51.011098
TN 87 B 0891,864547034449467,0.0,0.0,0.0,03/09/2025 19:25:50,12.9789829,79.6258306,6258306,2025-09-04T23:25:51.011223
TN 87 B 0891,864547034449467,0.0,0.0,0.0,03/09/2025 19:24:50,12.9789829,79.6258306,6258306,2025-09-04T23:25:51.011338
TN 87 B 0891,864547034449467,0.0,0.0,0.0,03/09/2025 19:23:50,12.9789829,79.6258306,6258306,2025-09-04T23:25:51.011478
TN 87 B 0891,864547034449467,0.0,0.0,0.0,03/09/2025 19:22:50,12.9789829,79.6258306,6258306,2025-09-04T23:25:51.011587
TN 87 B 0891,864547034449467,0.0,0.0,0.0,03/09/2025 19:21:50,12.9789829,79.6258306,6258306,2025-09-04T23:25:51.011693
TN 87 B 0891,864547034449467,0.0,0.0,0.0,03/09/2025 19:20:50,12.9789829,79.6258306,6258306,2025-09-04T23:25:51.011813
TN 87 B 0891,864547034449467,0.0,0.0,0.0,03/09/2025 19:19:50,12.9789829,79.6258306,6258306,2025-09-04T23:25:51.011944
TN 87 B 0891,864547034449467,0.0,0.0,0.0,03/09/2025 19:18:50,12.9789829,79.6258306,6258306,2025-09-04T23:25:51.012069
TN 87 B 0891,864547034449467,0.0,0.0,0.0,03/09/2025 19:17:50,12.9789829,79.6258306,6258306,2025-09-04T23:25:51.012197
TN 87 B 0891,864547034449467,0.0,0.0,0.0,03/09/2025 19:16:50,12.9789829,79.6258306,6258306,2025-09-04T23:25:51.012324
TN 87 B 0891,864547034449467,0.0,0.0,0.0,03/09/2025 19:15:50,12.9789829,79.6258306,6258306,2025-09-04T23:25:51.012444
TN 87 B 0891,864547034449467,0.0,0.0,0.0,03/09/2025 19:14:50,12.9789829,79.6258306,6258306,2025-09-04T23:25:51.012574
TN 87 B 0891,864547034449467,0.0,0.0,0.0,03/09/2025 19:13:50,12.9789829,79.6258306,6258306,2025-09-04T23:25:51.012709
TN 87 B 0891,864547034449467,0.0,0.0,0.0,03/09/2025 19:12:50,12.9789829,79.6258306,6258306,2025-09-04T23:25:51.012883
TN 87 B 0891,864547034449467,0.0,0.0,0.0,03/09/2025 19:11:50,12.9789829,79.6258306,6258306,2025-09-04T23:25:51.013005
TN 87 B 0891,864547034449467,0.0,0.0,0.0,03/09/2025 19:10:50,12.9789829,79.6258306,6258306,2025-09-04T23:25:51.013139
TN 87 B 0891,864547034449467,0.0,0.0,0.0,03/09/2025 19:09:50,12.9789829,79.6258306,6258306,2025-09-04T23:25:51.013286
TN 87 B 0891,864547034449467,0.0,0.0,0.0,03/09/2025 19:08:50,12.9789829,79.6258306,6258306,2025-09-04T23:25:51.013424
TN 87 B 0891,864547034449467,0.0,0.0,0.0,03/09/2025 19:07:50,12.9789829,79.6258306,6258306,2025-09-04T23:25:51.013568
TN 87 B 0891,864547034449467,0.0,0.0,0.0,03/09/2025 19:06:50,12.9789829,79.6258306,6258306,2025-09-04T23:25:51.013703
TN 87 B 0891,864547034449467,0.0,0.0,0.0,03/09/2025 19:05:50,12.9789829,79.6258306,6258306,2025-09-04T23:25:51.013830
TN 87 B 0891,864547034449467,0.0,0.0,0.0,03/09/2025 19:04:50,12.9789829,79.6258306,6258306,2025-09-04T23:25:51.013939
TN 87 B 0891,864547034449467,0.0,0.0,0.0,03/09/2025 19:03:50,12.9789829,79.6258306,6258306,2025-09-04T23:25:51.014074
TN 87 B 0891,864547034449467,0.0,0.0,0.0,03/09/2025 19:02:50,12.9789829,79.6258306,6258306,2025-09-04T23:25:51.014197
TN 87 B 0891,864547034449467,0.0,0.0,0.0,03/09/2025 19:01:50,12.9789829,79.6258306,6258306,2025-09-04T23:25:51.014331
TN 87 B 0891,864547034449467,0.0,0.0,0.0,03/09/2025 19:00:50,12.9789829,79.6258306,6258306,2025-09-04T23:25:51.014437
TN 87 B 0891,864547034449467,0.0,0.0,0.0,03/09/2025 18:59:50,12.9789829,79.6258306,6258306,2025-09-04T23:25:51.014596
TN 87 B 0891,864547034449467,0.0,0.0,0.0,03/09/2025 18:58:50,12.9789829,79.6258163,6258163,2025-09-04T23:25:51.014757
TN 87 B 0891,864547034449467,0.0,0.0,0.0,03/09/2025 18:57:50,12.9788505,79.6257638,6257638,2025-09-04T23:25:51.014956
TN 87 B 0891,864547034449467,0.0,0.0,0.0,03/09/2025 18:56:50,12.9785001,79.6257877,6257877,2025-09-04T23:25:51.015115
TN 87 B 0891,864547034449467,0.0,0.0,0.0,03/09/2025 18:56:44,12.9785167,79.625802,6258020,2025-09-04T23:25:51.015328
TN 87 B 0891,864547034449467,0.0,0.0,0.0,03/09/2025 18:56:40,12.9785335,79.625802,6258020,2025-09-04T23:25:51.015519
TN 87 B 0891,864547034449467,0.0,0.0,0.0,03/09/2025 18:56:35,12.9785335,79.6258163,6258163,2025-09-04T23:25:51.015705
TN 87 B 0891,864547034449467,0.0,0.0,0.0,03/09/2025 18:56:30,12.9785335,79.6258163,6258163,2025-09-04T23:25:51.015858
TN 87 B 0891,864547034449467,0.0,0.0,0.0,03/09/2025 18:56:25,12.9785335,79.6258306,6258306,2025-09-04T23:25:51.016018
TN 87 B 0891,864547034449467,0.0,0.0,0.0,03/09/2025 18:56:19,12.9785501,79.6258306,6258306,2025-09-04T23:25:51.016162
TN 87 B 0891,864547034449467,0.0,0.0,0.0,03/09/2025 18:56:15,12.9785335,79.6258163,6258163,2025-09-04T23:25:51.016282
TN 87 B 0891,864547034449467,0.0,0.0,0.0,03/09/2025 18:55:36,12.9785335,79.6258163,6258163,2025-09-04T23:25:51.016416
TN 87 B 0891,864547034449467,0.0,0.0,0.0,03/09/2025 18:54:36,12.9785335,79.6258163,6258163,2025-09-04T23:25:51.016546
TN 87 B 0891,864547034449467,0.0,0.0,0.0,03/09/2025 18:53:36,12.9783666,79.6256875,6256875,2025-09-04T23:25:51.016684
TN 87 B 0891,864547034449467,0.0,0.0,0.0,03/09/2025 18:52:36,12.9783666,79.6256875,6256875,2025-09-04T23:25:51.016802
TN 87 B 0891,864547034449467,0.0,0.0,0.0,03/09/2025 18:51:36,12.9783666,79.6256875,6256875,2025-09-04T23:25:51.016917
TN 87 B 0891,864547034449467,0.0,0.0,0.0,03/09/2025 18:50:36,12.9783666,79.6256875,6256875,2025-09-04T23:25:51.017044
TN 87 B 0891,864547034449467,0.0,0.0,0.0,03/09/2025 18:49:36,12.9783666,79.6256875,6256875,2025-09-04T23:25:51.017146
TN 87 B 0891,864547034449467,0.0,0.0,0.0,03/09/2025 18:48:36,12.9783666,79.6256875,6256875,2025-09-04T23:25:51.017262
TN 87 B 0891,864547034449467,0.0,0.0,0.0,03/09/2025 18:47:36,12.9783666,79.6256875,6256875,2025-09-04T23:25:51.017413
TN 87 B 0891,864547034449467,25.0,0.15,0.0,03/09/2025 18:46:36,12.978084,79.6243143,6243143,2025-09-04T23:25:51.017573
TN 87 B 0891,864547034449467,0.0,0.15,0.0,03/09/2025 18:45:36,12.9777669,79.6229839,6229839,2025-09-04T23:25:51.017683
TN 87 B 0891,864547034449467,29.0,0.33,0.0,03/09/2025 18:44:36,12.9779505,79.619584,6195840,2025-09-04T23:25:51.017829
TN 87 B 0891,864547034449467,0.0,0.33,0.0,03/09/2025 18:43:36,12.9779505,79.6178674,6178674,2025-09-04T23:25:51.017935
TN 87 B 0891,864547034449467,0.0,0.33,0.0,03/09/2025 18:42:36,12.9780996,79.6178674,6178674,2025-09-04T23:25:51.018086
TN 87 B 0891,864547034449467,0.0,0.33,0.0,03/09/2025 18:41:36,12.978133,79.6174478,6174478,2025-09-04T23:25:51.018230
TN 87 B 0891,864547034449467,0.0,0.33,0.0,03/09/2025 18:40:36,12.978084,79.6171331,6171331,2025-09-04T23:25:51.018366
TN 87 B 0891,864547034449467,0.0,0.33,0.0,03/09/2025 18:39:36,12.9781174,79.617052,6170520,2025-09-04T23:25:51.018511
TN 87 B 0891,864547034449467,0.0,0.33,0.0,03/09/2025 18:38:36,12.9781997,79.6169948,6169948,2025-09-04T23:25:51.018661
TN 87 B 0891,864547034449467,0.0,0.33,0.0,03/09/2025 18:37:36,12.9781842,79.6169519,6169519,2025-09-04T23:25:51.019157
TN 87 B 0891,864547034449467,0.0,0.33,0.0,03/09/2025 18:36:36,12.9780996,79.6166324,6166324,2025-09-04T23:25:51.019395
TN 87 B 0891,864547034449467,0.0,0.33,0.0,03/09/2025 18:35:36,12.9781842,79.616332,6163320,2025-09-04T23:25:51.019605
TN 87 B 0891,864547034449467,0.0,0.33,0.0,03/09/2025 18:34:36,12.9781174,79.6163654,6163654,2025-09-04T23:25:51.019799
TN 87 B 0891,864547034449467,0.0,0.33,0.0,03/09/2025 18:33:36,12.9781663,79.6163034,6163034,2025-09-04T23:25:51.020008
TN 87 B 0891,864547034449467,0.0,0.33,0.0,03/09/2025 18:32:36,12.9781508,79.6163845,6163845,2025-09-04T23:25:51.020256
TN 87 B 0891,864547034449467,0.0,0.33,0.0,03/09/2025 18:31:36,12.9781174,79.6163845,6163845,2025-09-04T23:25:51.020451
TN 87 B 0891,864547034449467,0.0,0.33,0.0,03/09/2025 18:30:36,12.9781842,79.6163177,6163177,2025-09-04T23:25:51.020654
TN 87 B 0891,864547034449467,0.0,0.33,0.0,03/09/2025 18:29:36,12.9781174,79.6162319,6162319,2025-09-04T23:25:51.020812
TN 87 B 0891,864547034449467,0.0,0.33,0.0,03/09/2025 18:28:36,12.9781663,79.6161365,6161365,2025-09-04T23:25:51.020964
TN 87 B 0891,864547034449467,0.0,0.33,0.0,03/09/2025 18:27:36,12.9781663,79.6160507,6160507,2025-09-04T23:25:51.021089
TN 87 B 0891,864547034449467,0.0,0.33,0.0,03/09/2025 18:26:36,12.9780507,79.6148681,6148681,2025-09-04T23:25:51.021225
TN 87 B 0891,864547034449467,14.0,0.82,0.0,03/09/2025 18:25:36,12.9777503,79.6142482,6142482,2025-09-04T23:25:51.021348
TN 87 B 0891,864547034449467,39.0,1.46,0.0,03/09/2025 18:24:36,12.9742169,79.6115779,6115779,2025-09-04T23:25:51.021516
TN 87 B 0891,864547034449467,20.0,1.95,0.0,03/09/2025 18:23:36,12.9692673,79.6086359,6086359,2025-09-04T23:25:51.021696
TN 87 B 0891,864547034449467,52.0,2.71,0.0,03/09/2025 18:22:36,12.9656338,79.6060323,6060323,2025-09-04T23:25:51.021855
TN 87 B 0891,864547034449467,41.0,3.23,0.0,03/09/2025 18:21:36,12.959516,79.6028518,6028518,2025-09-04T23:25:51.021977
TN 87 B 0891,864547034449467,49.0,3.82,0.0,03/09/2025 18:20:36,12.9551494,79.6011495,6011495,2025-09-04T23:25:51.022085
TN 87 B 0891,864547034449467,48.0,4.42,0.0,03/09/2025 18:19:36,12.9503667,79.5988178,5988178,2025-09-04T23:25:51.022215
TN 87 B 0891,864547034449467,33.0,4.95,0.0,03/09/2025 18:18:36,12.9455005,79.5963525,5963525,2025-09-04T23:25:51.022374
TN 87 B 0891,864547034449467,50.0,5.56,0.0,03/09/2025 18:17:36,12.9427838,79.5923709,5923709,2025-09-04T23:25:51.022511
TN 87 B 0891,864547034449467,46.0,6.34,0.0,03/09/2025 18:16:36,12.9379833,79.5895528,5895528,2025-09-04T23:25:51.022620
TN 87 B 0891,864547034449467,54.0,7.14,0.0,03/09/2025 18:15:36,12.9335165,79.5840549,5840549,2025-09-04T23:25:51.022741
TN 87 B 0891,864547034449467,44.0,7.78,0.0,03/09/2025 18:14:36,12.9303836,79.5773839,5773839,2025-09-04T23:25:51.022880
TN 87 B 0891,864547034449467,15.0,8.06,0.0,03/09/2025 18:13:36,12.9272497,79.5724868,5724868,2025-09-04T23:25:51.023012
TN 87 B 0891,864547034449467,13.0,8.33,0.0,03/09/2025 18:12:36,12.9260169,79.5701694,5701694,2025-09-04T23:25:51.023135
TN 87 B 0891,864547034449467,9.0,8.48,0.0,03/09/2025 18:11:36,12.9251003,79.5678615,5678615,2025-09-04T23:25:51.023277
TN 87 B 0891,864547034449467,22.0,8.77,0.0,03/09/2025 18:10:36,12.9246497,79.5665502,5665502,2025-09-04T23:25:51.023470
TN 87 B 0891,864547034449467,6.0,9.07,0.0,03/09/2025 18:09:36,12.9238998,79.5640039,5640039,2025-09-04T23:25:51.023615
TN 87 B 0891,864547034449467,16.0,9.66,0.0,03/09/2025 18:08:36,12.9231166,79.5613479,5613479,2025-09-04T23:25:51.023752
TN 87 B 0891,864547034449467,43.0,10.3,0.0,03/09/2025 18:07:36,12.9215669,79.5561695,5561695,2025-09-04T23:25:51.023931
TN 87 B 0891,864547034449467,45.0,11.0,0.0,03/09/2025 18:06:36,12.9192173,79.5507955,5507955,2025-09-04T23:25:51.024075
TN 87 B 0891,864547034449467,33.0,11.29,0.0,03/09/2025 18:05:36,12.9176163,79.5444631,5444631,2025-09-04T23:25:51.024211
TN 87 B 0891,864547034449467,21.0,11.87,0.0,03/09/2025 18:04:36,12.9172158,79.5418167,5418167,2025-09-04T23:25:51.024359
TN 87 B 0891,864547034449467,41.0,12.54,0.0,03/09/2025 18:03:36,12.9156661,79.5367193,5367193,2025-09-04T23:25:51.024491
TN 87 B 0891,864547034449467,45.0,13.27,0.0,03/09/2025 18:02:36,12.9119658,79.5318126,5318126,2025-09-04T23:25:51.024668
TN 87 B 0891,864547034449467,43.0,14.08,0.0,03/09/2025 18:01:36,12.9068672,79.527564,5275640,2025-09-04T23:25:51.024801
TN 87 B 0891,864547034449467,54.0,14.95,0.0,03/09/2025 18:00:36,12.9040837,79.5206546,5206546,2025-09-04T23:25:51.024965
TN 87 B 0891,864547034449467,45.0,15.38,0.0,03/09/2025 17:59:36,12.9014658,79.5131158,5131158,2025-09-04T23:25:51.025108
TN 87 B 0891,864547034449467,8.0,15.67,0.0,03/09/2025 17:58:36,12.9000663,79.5094537,5094537,2025-09-04T23:25:51.025271
TN 87 B 0891,864547034449467,23.0,15.9,0.0,03/09/2025 17:57:36,12.8984332,79.5072841,5072841,2025-09-04T23:25:51.025421
TN 87 B 0891,864547034449467,35.0,15.96,0.0,03/09/2025 17:56:36,12.8971505,79.5056533,5056533,2025-09-04T23:25:51.025588
TN 87 B 0891,864547034449467,39.0,16.01,0.0,03/09/2025 17:56:31,12.8971171,79.5051479,5051479,2025-09-04T23:25:51.025714
TN 87 B 0891,864547034449467,43.0,16.07,0.0,03/09/2025 17:56:26,12.8970336,79.5046329,5046329,2025-09-04T23:25:51.025824
TN 87 B 0891,864547034449467,44.0,16.13,0.0,03/09/2025 17:56:21,12.8969669,79.5040798,5040798,2025-09-04T23:25:51.025942
TN 87 B 0891,864547034449467,42.0,16.19,0.0,03/09/2025 17:56:16,12.8968667,79.5035314,5035314,2025-09-04T23:25:51.026076
TN 87 B 0891,864547034449467,41.0,16.25,0.0,03/09/2025 17:56:11,12.8967833,79.5029973,5029973,2025-09-04T23:25:51.026246
TN 87 B 0891,864547034449467,42.0,16.31,0.0,03/09/2025 17:56:06,12.8966999,79.5024633,5024633,2025-09-04T23:25:51.026426
TN 87 B 0891,864547034449467,42.0,16.89,0.0,03/09/2025 17:56:01,12.8965497,79.5019531,5019531,2025-09-04T23:25:51.026571
TN 87 B 0891,864547034449467,54.0,17.86,0.0,03/09/2025 17:55:22,12.8969836,79.4965839,4965839,2025-09-04T23:25:51.026682
TN 87 B 0891,864547034449467,65.0,18.94,0.0,03/09/2025 17:54:22,12.9004836,79.4884347,4884347,2025-09-04T23:25:51.026789
TN 87 B 0891,864547034449467,61.0,19.96,0.0,03/09/2025 17:53:22,12.9022502,79.4785833,4785833,2025-09-04T23:25:51.026895
TN 87 B 0891,864547034449467,55.0,20.42,0.0,03/09/2025 17:52:22,12.9013991,79.4691848,4691848,2025-09-04T23:25:51.027022
TN 87 B 0891,864547034449467,6.0,20.82,0.0,03/09/2025 17:51:22,12.9011833,79.4649982,4649982,2025-09-04T23:25:51.027160
TN 87 B 0891,864547034449467,39.0,21.24,0.0,03/09/2025 17:50:22,12.9009175,79.461317,4613170,2025-09-04T23:25:51.027306
TN 87 B 0891,864547034449467,44.0,21.83,0.0,03/09/2025 17:49:22,12.9006326,79.4573974,4573974,2025-09-04T23:25:51.027461
TN 87 B 0891,864547034449467,31.0,22.73,0.0,03/09/2025 17:48:22,12.9003167,79.4519805,4519805,2025-09-04T23:25:51.027634
TN 87 B 0891,864547034449467,71.0,23.82,0.0,03/09/2025 17:47:22,12.9005169,79.4436788,4436788,2025-09-04T23:25:51.027789
TN 87 B 0891,864547034449467,60.0,24.76,0.0,03/09/2025 17:46:22,12.901566,79.43367,4336700,2025-09-04T23:25:51.027942
TN 87 B 0891,864547034449467,61.0,25.68,0.0,03/09/2025 17:45:22,12.9032003,79.4251489,4251489,2025-09-04T23:25:51.028094
TN 87 B 0891,864547034449467,38.0,26.47,0.0,03/09/2025 17:44:22,12.9051995,79.4168996,4168996,2025-09-04T23:25:51.028260
TN 87 B 0891,864547034449467,52.0,27.25,0.0,03/09/2025 17:43:22,12.9077995,79.4101476,4101476,2025-09-04T23:25:51.028397
TN 87 B 0891,864547034449467,34.0,27.52,0.0,03/09/2025 17:42:22,12.9099332,79.4033193,4033193,2025-09-04T23:25:51.028533
TN 87 B 0891,864547034449467,0.0,27.52,0.0,03/09/2025 17:41:22,12.9112172,79.4011545,4011545,2025-09-04T23:25:51.028648
TN 87 B 0891,864547034449467,66.0,28.53,0.0,03/09/2025 17:40:22,12.9133832,79.396615,3966150,2025-09-04T23:25:51.028778
TN 87 B 0891,864547034449467,58.0,29.41,0.0,03/09/2025 17:39:22,12.9172492,79.3881702,3881702,2025-09-04T23:25:51.028890
TN 87 B 0891,864547034449467,60.0,30.52,0.0,03/09/2025 17:38:22,12.9144001,79.3805837,3805837,2025-09-04T23:25:51.029020
TN 87 B 0891,864547034449467,69.0,31.56,0.0,03/09/2025 17:37:22,12.9119836,79.3706655,3706655,2025-09-04T23:25:51.029178
TN 87 B 0891,864547034449467,60.0,32.48,0.0,03/09/2025 17:36:22,12.9135667,79.3612146,3612146,2025-09-04T23:25:51.029323
TN 87 B 0891,864547034449467,53.0,33.36,0.0,03/09/2025 17:35:22,12.9141163,79.3527317,3527317,2025-09-04T23:25:51.029457
TN 87 B 0891,864547034449467,59.0,34.2,0.0,03/09/2025 17:34:22,12.9171169,79.3451833,3451833,2025-09-04T23:25:51.029618
TN 87 B 0891,864547034449467,47.0,35.1,0.0,03/09/2025 17:33:22,12.9196834,79.3379116,3379116,2025-09-04T23:25:51.029754
TN 87 B 0891,864547034449467,53.0,35.98,0.0,03/09/2025 17:32:22,12.9207336,79.3297195,3297195,2025-09-04T23:25:51.029917
TN 87 B 0891,864547034449467,47.0,36.6,0.0,03/09/2025 17:31:22,12.9140996,79.3252038,3252038,2025-09-04T23:25:51.030090
TN 87 B 0891,864547034449467,15.0,36.8,0.0,03/09/2025 17:30:22,12.9125833,79.3196868,3196868,2025-09-04T23:25:51.030238
TN 87 B 0891,864547034449467,24.0,37.09,0.0,03/09/2025 17:29:22,12.9119658,79.3214035,3214035,2025-09-04T23:25:51.030373
TN 87 B 0891,864547034449467,14.0,37.31,0.0,03/09/2025 17:28:22,12.9111838,79.3239498,3239498,2025-09-04T23:25:51.030478
TN 87 B 0891,864547034449467,0.0,37.31,0.0,03/09/2025 17:27:22,12.9111993,79.3259668,3259668,2025-09-04T23:25:51.030594
TN 87 B 0891,864547034449467,0.0,37.31,0.0,03/09/2025 17:26:22,12.9119169,79.326601,3266010,2025-09-04T23:25:51.030745
TN 87 B 0891,864547034449467,61.0,38.17,0.0,03/09/2025 17:25:22,12.915517,79.3276357,3276357,2025-09-04T23:25:51.030873
TN 87 B 0891,864547034449467,75.0,39.3,0.0,03/09/2025 17:24:22,12.9207002,79.3335199,3335199,2025-09-04T23:25:51.031017
TN 87 B 0891,864547034449467,64.0,40.37,0.0,03/09/2025 17:23:22,12.9179501,79.3435668,3435668,2025-09-04T23:25:51.031159
TN 87 B 0891,864547034449467,64.0,41.45,0.0,03/09/2025 17:22:22,12.9140329,79.3526315,3526315,2025-09-04T23:25:51.031281
TN 87 B 0891,864547034449467,70.0,42.51,0.0,03/09/2025 17:21:22,12.9132676,79.362564,3625640,2025-09-04T23:25:51.031414
TN 87 B 0891,864547034449467,63.0,43.62,0.0,03/09/2025 17:20:22,12.9120326,79.3722534,3722534,2025-09-04T23:25:51.031548
TN 87 B 0891,864547034449467,63.0,44.66,0.0,03/09/2025 17:19:22,12.914933,79.3820476,3820476,2025-09-04T23:25:51.031688
TN 87 B 0891,864547034449467,63.0,45.55,0.0,03/09/2025 17:18:22,12.9159665,79.3916034,3916034,2025-09-04T23:25:51.031825
TN 87 B 0891,864547034449467,28.0,45.83,0.0,03/09/2025 17:17:22,12.9120326,79.3988037,3988037,2025-09-04T23:25:51.031965
TN 87 B 0891,864547034449467,0.0,45.83,0.0,03/09/2025 17:16:22,12.9107666,79.4010305,4010305,2025-09-04T23:25:51.032087
TN 87 B 0891,864547034449467,21.0,46.61,0.0,03/09/2025 17:15:22,12.9101669,79.402399,4023990,2025-09-04T23:25:51.032212
TN 87 B 0891,864547034449467,65.0,47.74,0.0,03/09/2025 17:14:22,12.9079664,79.4092464,4092464,2025-09-04T23:25:51.032322
TN 87 B 0891,864547034449467,63.0,48.83,0.0,03/09/2025 17:13:22,12.9043996,79.418931,4189310,2025-09-04T23:25:51.032475
TN 87 B 0891,864547034449467,69.0,49.92,0.0,03/09/2025 17:12:22,12.9022502,79.428749,4287490,2025-09-04T23:25:51.032676
TN 87 B 0891,864547034449467,57.0,50.75,0.0,03/09/2025 17:11:22,12.9006838,79.4386959,4386959,2025-09-04T23:25:51.032857
TN 87 B 0891,864547034449467,35.0,51.29,0.0,03/09/2025 17:10:22,12.9002833,79.4463634,4463634,2025-09-04T23:25:51.033059
TN 87 B 0891,864547034449467,34.0,51.9,0.0,03/09/2025 17:09:22,12.899816,79.4513463,4513463,2025-09-04T23:25:51.033342
TN 87 B 0891,864547034449467,42.0,52.18,0.0,03/09/2025 17:08:22,12.9001832,79.4569683,4569683,2025-09-04T23:25:51.033554
TN 87 B 0891,864547034449467,13.0,52.98,0.0,03/09/2025 17:07:22,12.9004502,79.4594812,4594812,2025-09-04T23:25:51.033712
TN 87 B 0891,864547034449467,59.0,54.02,0.0,03/09/2025 17:06:22,12.9010665,79.4669198,4669198,2025-09-04T23:25:51.033851
TN 87 B 0891,864547034449467,59.0,54.98,0.0,03/09/2025 17:05:22,12.9019165,79.4764614,4764614,2025-09-04T23:25:51.033992
TN 87 B 0891,864547034449467,60.0,55.89,0.0,03/09/2025 17:04:22,12.9019498,79.4853115,4853115,2025-09-04T23:25:51.034107
TN 87 B 0891,864547034449467,52.0,56.48,0.0,03/09/2025 17:03:22,12.898283,79.4928359,4928359,2025-09-04T23:25:51.034229
TN 87 B 0891,864547034449467,33.0,57.05,0.0,03/09/2025 17:02:22,12.8962826,79.4978332,4978332,2025-09-04T23:25:51.034360
TN 87 B 0891,864547034449467,36.0,57.45,0.0,03/09/2025 17:01:22,12.896316,79.5031499,5031499,2025-09-04T23:25:51.034503
TN 87 B 0891,864547034449467,0.0,57.45,0.0,03/09/2025 17:00:22,12.8969001,79.5067501,5067501,2025-09-04T23:25:51.034708
TN 87 B 0891,864547034449467,53.0,58.4,0.0,03/09/2025 16:59:22,12.8974175,79.5107507,5107507,2025-09-04T23:25:51.034872
TN 87 B 0891,864547034449467,67.0,59.48,0.0,03/09/2025 16:58:22,12.8978323,79.5195484,5195484,2025-09-04T23:25:51.035056
TN 87 B 0891,864547034449467,66.0,60.53,0.0,03/09/2025 16:57:22,12.8985667,79.5294332,5294332,2025-09-04T23:25:51.035224
TN 87 B 0891,864547034449467,61.0,60.62,0.0,03/09/2025 16:56:22,12.8981328,79.5391702,5391702,2025-09-04T23:25:51.035407
TN 87 B 0891,864547034449467,60.0,60.71,0.0,03/09/2025 16:56:17,12.8981661,79.5399856,5399856,2025-09-04T23:25:51.035545
TN 87 B 0891,864547034449467,62.0,60.79,0.0,03/09/2025 16:56:12,12.8981828,79.5407867,5407867,2025-09-04T23:25:51.035700
TN 87 B 0891,864547034449467,62.0,60.89,0.0,03/09/2025 16:56:07,12.8981995,79.5415782,5415782,2025-09-04T23:25:51.035832
TN 87 B 0891,864547034449467,63.0,60.97,0.0,03/09/2025 16:56:02,12.8982162,79.5424175,5424175,2025-09-04T23:25:51.035967
TN 87 B 0891,864547034449467,64.0,61.06,0.0,03/09/2025 16:55:57,12.8982496,79.5432376,5432376,2025-09-04T23:25:51.036071
TN 87 B 0891,864547034449467,65.0,61.15,0.0,03/09/2025 16:55:52,12.8982996,79.5440673,5440673,2025-09-04T23:25:51.036193
TN 87 B 0891,864547034449467,65.0,61.87,0.0,03/09/2025 16:55:47,12.8983163,79.544897,5448970,2025-09-04T23:25:51.036322
TN 87 B 0891,864547034449467,71.0,63.0,0.0,03/09/2025 16:55:08,12.8984332,79.5515346,5515346,2025-09-04T23:25:51.036451
TN 87 B 0891,864547034449467,61.0,64.05,0.0,03/09/2025 16:54:08,12.8979837,79.5619344,5619344,2025-09-04T23:25:51.036593
TN 87 B 0891,864547034449467,60.0,64.84,0.0,03/09/2025 16:53:08,12.8968667,79.5715856,5715856,2025-09-04T23:25:51.036716
TN 87 B 0891,864547034449467,26.0,65.3,0.0,03/09/2025 16:52:08,12.8955829,79.5786809,5786809,2025-09-04T23:25:51.036849
TN 87 B 0891,864547034449467,61.0,66.44,0.0,03/09/2025 16:51:08,12.8946172,79.5828151,5828151,2025-09-04T23:25:51.036975
TN 87 B 0891,864547034449467,72.0,67.6,0.0,03/09/2025 16:50:08,12.8908502,79.592638,5926380,2025-09-04T23:25:51.037096
TN 87 B 0891,864547034449467,61.0,68.57,0.0,03/09/2025 16:49:08,12.8828001,79.5994806,5994806,2025-09-04T23:25:51.037223
TN 87 B 0891,864547034449467,39.0,69.21,0.0,03/09/2025 16:48:08,12.8789663,79.6075153,6075153,2025-09-04T23:25:51.037344
TN 87 B 0891,864547034449467,48.0,69.95,0.0,03/09/2025 16:47:08,12.8769838,79.613099,6130990,2025-09-04T23:25:51.037467
TN 87 B 0891,864547034449467,32.0,70.3,0.0,03/09/2025 16:46:08,12.8739166,79.6191024,6191024,2025-09-04T23:25:51.037574
TN 87 B 0891,864547034449467,42.0,71.08,0.0,03/09/2025 16:45:08,12.874217,79.6223688,6223688,2025-09-04T23:25:51.037690
TN 87 B 0891,864547034449467,37.0,71.86,0.0,03/09/2025 16:44:08,12.8735661,79.6294641,6294641,2025-09-04T23:25:51.037834
TN 87 B 0891,864547034449467,64.0,72.77,0.0,03/09/2025 16:43:08,12.8722333,79.6365976,6365976,2025-09-04T23:25:51.037985
TN 87 B 0891,864547034449467,58.0,73.64,0.0,03/09/2025 16:42:08,12.869966,79.6446847,6446847,2025-09-04T23:25:51.038163
TN 87 B 0891,864547034449467,46.0,74.11,0.0,03/09/2025 16:41:08,12.8705501,79.6526336,6526336,2025-09-04T23:25:51.038318
TN 87 B 0891,864547034449467,53.0,75.19,0.0,03/09/2025 16:40:08,12.8717672,79.6568012,6568012,2025-09-04T23:25:51.038458
TN 87 B 0891,864547034449467,62.0,76.25,0.0,03/09/2025 16:39:08,12.8729999,79.6666622,6666622,2025-09-04T23:25:51.038594
TN 87 B 0891,864547034449467,63.0,77.28,0.0,03/09/2025 16:38:08,12.874316,79.6763515,6763515,2025-09-04T23:25:51.038733
TN 87 B 0891,864547034449467,59.0,77.96,0.0,03/09/2025 16:37:08,12.8743494,79.6858978,6858978,2025-09-04T23:25:51.038863
TN 87 B 0891,864547034449467,19.0,78.34,0.0,03/09/2025 16:36:08,12.8740501,79.6922016,6922016,2025-09-04T23:25:51.038991
TN 87 B 0891,864547034449467,0.0,78.34,0.0,03/09/2025 16:35:08,12.8736495,79.6956348,6956348,2025-09-04T23:25:51.039169
TN 87 B 0891,864547034449467,41.0,78.94,0.0,03/09/2025 16:34:08,12.8729665,79.7025012,7025012,2025-09-04T23:25:51.039318
TN 87 B 0891,864547034449467,21.0,79.48,0.0,03/09/2025 16:33:08,12.8713834,79.7078323,7078323,2025-09-04T23:25:51.039444
TN 87 B 0891,864547034449467,33.0,79.72,0.0,03/09/2025 16:32:08,12.8711164,79.7127532,7127532,2025-09-04T23:25:51.039639
TN 87 B 0891,864547034449467,9.0,79.9,0.0,03/09/2025 16:31:08,12.8711009,79.7150182,7150182,2025-09-04T23:25:51.039812
TN 87 B 0891,864547034449467,0.0,79.9,0.0,03/09/2025 16:30:08,12.8708672,79.7166347,7166347,2025-09-04T23:25:51.040000
TN 87 B 0891,864547034449467,0.0,79.9,0.0,03/09/2025 16:29:08,12.8707838,79.7173452,7173452,2025-09-04T23:25:51.040159
TN 87 B 0891,864547034449467,8.0,79.96,0.0,03/09/2025 16:28:08,12.870717,79.7181177,7181177,2025-09-04T23:25:51.040300
TN 87 B 0891,864547034449467,9.0,80.06,0.0,03/09/2025 16:27:08,12.8706836,79.7186946,7186946,2025-09-04T23:25:51.040443
TN 87 B 0891,864547034449467,7.0,80.12,0.0,03/09/2025 16:26:08,12.8707504,79.7195959,7195959,2025-09-04T23:25:51.040549
TN 87 B 0891,864547034449467,6.0,80.2,0.0,03/09/2025 16:25:08,12.8707504,79.7201681,7201681,2025-09-04T23:25:51.040673
TN 87 B 0891,864547034449467,0.0,80.2,0.0,03/09/2025 16:24:08,12.8708338,79.7208499,7208499,2025-09-04T23:25:51.040813
TN 87 B 0891,864547034449467,8.0,80.31,0.0,03/09/2025 16:23:08,12.8711832,79.7231388,7231388,2025-09-04T23:25:51.040933
TN 87 B 0891,864547034449467,0.0,80.31,0.0,03/09/2025 16:22:08,12.8713167,79.7242212,7242212,2025-09-04T23:25:51.041074
TN 87 B 0891,864547034449467,6.0,80.46,0.0,03/09/2025 16:21:08,12.8715157,79.7253656,7253656,2025-09-04T23:25:51.041205
TN 87 B 0891,864547034449467,0.0,80.46,0.0,03/09/2025 16:20:08,12.8717672,79.7266483,7266483,2025-09-04T23:25:51.041349
TN 87 B 0891,864547034449467,9.0,80.55,0.0,03/09/2025 16:19:08,12.8719997,79.7278833,7278833,2025-09-04T23:25:51.041484
TN 87 B 0891,864547034449467,0.0,80.55,0.0,03/09/2025 16:18:08,12.8720831,79.7287654,7287654,2025-09-04T23:25:51.041634
TN 87 B 0891,864547034449467,28.0,81.43,0.0,03/09/2025 16:17:08,12.8724503,79.7297143,7297143,2025-09-04T23:25:51.041764
TN 87 B 0891,864547034449467,49.0,81.97,0.0,03/09/2025 16:16:08,12.8729665,79.7378301,7378301,2025-09-04T23:25:51.041873
TN 87 B 0891,864547034449467,45.0,82.72,0.0,03/09/2025 16:15:08,12.8731834,79.7427511,7427511,2025-09-04T23:25:51.041977
TN 87 B 0891,864547034449467,40.0,83.57,0.0,03/09/2025 16:14:08,12.8739666,79.7496175,7496175,2025-09-04T23:25:51.042094
TN 87 B 0891,864547034449467,63.0,84.53,0.0,03/09/2025 16:13:08,12.8746498,79.7574996,7574996,2025-09-04T23:25:51.042247
TN 87 B 0891,864547034449467,44.0,84.95,0.0,03/09/2025 16:12:08,12.8751492,79.7662973,7662973,2025-09-04T23:25:51.042578
TN 87 B 0891,864547034449467,0.0,84.95,0.0,03/09/2025 16:11:08,12.876066,79.7701025,7701025,2025-09-04T23:25:51.042766
TN 87 B 0891,864547034449467,45.0,85.43,0.0,03/09/2025 16:10:08,12.8780674,79.7766494,7766494,2025-09-04T23:25:51.042930
TN 87 B 0891,864547034449467,48.0,86.52,0.0,03/09/2025 16:09:08,12.8801166,79.7804641,7804641,2025-09-04T23:25:51.043100
TN 87 B 0891,864547034449467,60.0,87.24,0.0,03/09/2025 16:08:08,12.8856002,79.7888326,7888326,2025-09-04T23:25:51.043307
TN 87 B 0891,864547034449467,26.0,88.1,0.0,03/09/2025 16:07:08,12.8897333,79.7939825,7939825,2025-09-04T23:25:51.043454
TN 87 B 0891,864547034449467,65.0,89.23,0.0,03/09/2025 16:06:08,12.8941833,79.8005008,8005008,2025-09-04T23:25:51.043574
TN 87 B 0891,864547034449467,66.0,90.14,0.0,03/09/2025 16:05:08,12.8994501,79.8094463,8094463,2025-09-04T23:25:51.043742
TN 87 B 0891,864547034449467,66.0,91.05,0.0,03/09/2025 16:05:08,12.8994501,79.8094463,8094463,2025-09-04T23:25:51.043912
TN 87 B 0891,864547034449467,55.0,91.9,0.0,03/09/2025 16:04:08,12.9033338,79.8168039,8168039,2025-09-04T23:25:51.044050
TN 87 B 0891,864547034449467,55.0,92.76,0.0,03/09/2025 16:04:08,12.9033338,79.8168039,8168039,2025-09-04T23:25:51.044204
TN 87 B 0891,864547034449467,51.0,93.45,0.0,03/09/2025 16:03:08,12.9049324,79.8245334,8245334,2025-09-04T23:25:51.044341
TN 87 B 0891,864547034449467,51.0,93.45,0.0,03/09/2025 16:03:08,12.9049324,79.8245334,8245334,2025-09-04T23:25:51.044481
TN 87 B 0891,864547034449467,45.0,94.13,0.0,03/09/2025 16:02:08,12.906816,79.8306179,8306179,2025-09-04T23:25:51.044641
TN 87 B 0891,864547034449467,45.0,94.13,0.0,03/09/2025 16:02:08,12.906816,79.8306179,8306179,2025-09-04T23:25:51.044804
TN 87 B 0891,864547034449467,41.0,94.76,0.0,03/09/2025 16:01:08,12.9086661,79.8366165,8366165,2025-09-04T23:25:51.044961
TN 87 B 0891,864547034449467,41.0,94.76,0.0,03/09/2025 16:01:08,12.9086661,79.8366165,8366165,2025-09-04T23:25:51.045136
TN 87 B 0891,864547034449467,66.0,95.91,0.0,03/09/2025 16:00:08,12.9101001,79.8421859,8421859,2025-09-04T23:25:51.045277
TN 87 B 0891,864547034449467,62.0,96.65,0.0,03/09/2025 15:59:08,12.9121505,79.8526144,8526144,2025-09-04T23:25:51.045432
TN 87 B 0891,864547034449467,42.0,97.21,0.0,03/09/2025 15:58:08,12.9151498,79.8587036,8587036,2025-09-04T23:25:51.045554
TN 87 B 0891,864547034449467,42.0,98.1,0.0,03/09/2025 15:57:08,12.9173671,79.8633813,8633813,2025-09-04T23:25:51.045661
TN 87 B 0891,864547034449467,64.0,98.19,0.0,03/09/2025 15:56:08,12.9203498,79.8709487,8709487,2025-09-04T23:25:51.045852
TN 87 B 0891,864547034449467,65.0,98.28,0.0,03/09/2025 15:56:03,12.920767,79.8716974,8716974,2025-09-04T23:25:51.046040
TN 87 B 0891,864547034449467,64.0,98.37,0.0,03/09/2025 15:55:58,12.9212331,79.8723983,8723983,2025-09-04T23:25:51.046230
TN 87 B 0891,864547034449467,62.0,98.46,0.0,03/09/2025 15:55:53,12.9216993,79.8730993,8730993,2025-09-04T23:25:51.046373
TN 87 B 0891,864547034449467,61.0,98.54,0.0,03/09/2025 15:55:48,12.922083,79.8738002,8738002,2025-09-04T23:25:51.046530
TN 87 B 0891,864547034449467,60.0,98.63,0.0,03/09/2025 15:55:43,12.9223335,79.8745346,8745346,2025-09-04T23:25:51.046840
TN 87 B 0891,864547034449467,58.0,98.71,0.0,03/09/2025 15:55:38,12.9224324,79.8752975,8752975,2025-09-04T23:25:51.047050
TN 87 B 0891,864547034449467,61.0,100.15,0.0,03/09/2025 15:55:33,12.9223501,79.8760843,8760843,2025-09-04T23:25:51.047275
TN 87 B 0891,864547034449467,59.0,101.08,0.0,03/09/2025 15:53:54,12.9260169,79.8888301,8888301,2025-09-04T23:25:51.047468
TN 87 B 0891,864547034449467,46.0,101.88,0.0,03/09/2025 15:52:54,12.930634,79.8959636,8959636,2025-09-04T23:25:51.047634
TN 87 B 0891,864547034449467,45.0,102.42,0.0,03/09/2025 15:51:54,12.9332839,79.9028301,9028301,2025-09-04T23:25:51.047819
TN 87 B 0891,864547034449467,7.0,102.46,0.0,03/09/2025 15:50:54,12.9331171,79.9077701,9077701,2025-09-04T23:25:51.048034
TN 87 B 0891,864547034449467,0.0,102.46,0.0,03/09/2025 15:49:54,12.9333162,79.9081516,9081516,2025-09-04T23:25:51.048256
TN 87 B 0891,864547034449467,0.0,102.46,0.0,03/09/2025 15:48:54,12.9335665,79.9085998,9085998,2025-09-04T23:25:51.048475
TN 87 B 0891,864547034449467,0.0,102.46,0.0,03/09/2025 15:47:54,12.9335498,79.9088382,9088382,2025-09-04T23:25:51.048674
TN 87 B 0891,864547034449467,17.0,103.01,0.0,03/09/2025 15:46:54,12.933917,79.9094486,9094486,2025-09-04T23:25:51.048866
TN 87 B 0891,864547034449467,33.0,103.49,0.0,03/09/2025 15:45:54,12.9373502,79.913063,9130630,2025-09-04T23:25:51.049044
TN 87 B 0891,864547034449467,35.0,103.96,0.0,03/09/2025 15:44:54,12.9401326,79.9165201,9165201,2025-09-04T23:25:51.049236
TN 87 B 0891,864547034449467,28.0,104.88,0.0,03/09/2025 15:43:54,12.9429841,79.9197292,9197292,2025-09-04T23:25:51.049416
TN 87 B 0891,864547034449467,63.0,105.82,0.0,03/09/2025 15:42:54,12.9485666,79.9259185,9259185,2025-09-04T23:25:51.049579
TN 87 B 0891,864547034449467,36.0,106.06,0.0,03/09/2025 15:41:54,12.9535663,79.9329519,9329519,2025-09-04T23:25:51.049760
TN 87 B 0891,864547034449467,26.0,106.79,0.0,03/09/2025 15:40:54,12.9547333,79.9347972,9347972,2025-09-04T23:25:51.049913
TN 87 B 0891,864547034449467,37.0,107.0,0.0,03/09/2025 15:39:54,12.9556167,79.9414539,9414539,2025-09-04T23:25:51.050073
TN 87 B 0891,864547034449467,0.0,107.0,0.0,03/09/2025 15:38:54,12.9565834,79.9431991,9431991,2025-09-04T23:25:51.050253
TN 87 B 0891,864547034449467,41.0,107.48,0.0,03/09/2025 15:37:54,12.9603004,79.9443149,9443149,2025-09-04T23:25:51.050438
TN 87 B 0891,864547034449467,11.0,108.02,0.0,03/09/2025 15:36:54,12.9632663,79.9475002,9475002,2025-09-04T23:25:51.050568
TN 87 B 0891,864547034449467,57.0,108.79,0.0,03/09/2025 15:35:54,12.9649662,79.9522018,9522018,2025-09-04T23:25:51.050721
TN 87 B 0891,864547034449467,34.0,109.31,0.0,03/09/2025 15:34:54,12.9711174,79.955368,9553680,2025-09-04T23:25:51.050912
TN 87 B 0891,864547034449467,41.0,110.11,0.0,03/09/2025 15:33:54,12.9752504,79.9576663,9576663,2025-09-04T23:25:51.051109
TN 87 B 0891,864547034449467,55.0,110.74,0.0,03/09/2025 15:32:54,12.9795837,79.9635839,9635839,2025-09-04T23:25:51.051272
TN 87 B 0891,864547034449467,0.0,110.74,0.0,03/09/2025 15:31:54,12.9817331,79.968934,9689340,2025-09-04T23:25:51.051461
TN 87 B 0891,864547034449467,0.0,110.74,0.0,03/09/2025 15:30:54,12.9819,79.9691295,9691295,2025-09-04T23:25:51.051652
TN 87 B 0891,864547034449467,0.0,110.74,0.0,03/09/2025 15:29:54,12.9820835,79.969511,9695110,2025-09-04T23:25:51.051840
TN 87 B 0891,864547034449467,0.0,110.74,0.0,03/09/2025 15:28:54,12.9821168,79.9697351,9697351,2025-09-04T23:25:51.052000
TN 87 B 0891,864547034449467,0.0,110.74,0.0,03/09/2025 15:27:54,12.9821658,79.9698162,9698162,2025-09-04T23:25:51.052174
TN 87 B 0891,864547034449467,0.0,110.74,0.0,03/09/2025 15:26:54,12.9822659,79.9700164,9700164,2025-09-04T23:25:51.052334
TN 87 B 0891,864547034449467,0.0,110.74,0.0,03/09/2025 15:25:54,12.9824172,79.9703502,9703502,2025-09-04T23:25:51.052501
TN 87 B 0891,864547034449467,0.0,110.74,0.0,03/09/2025 15:24:54,12.9829502,79.9712657,9712657,2025-09-04T23:25:51.052646
TN 87 B 0891,864547034449467,12.0,111.6,0.0,03/09/2025 15:23:54,12.9831337,79.9718189,9718189,2025-09-04T23:25:51.052794
TN 87 B 0891,864547034449467,60.0,112.7,0.0,03/09/2025 15:22:54,12.9870498,79.9786281,9786281,2025-09-04T23:25:51.052914
TN 87 B 0891,864547034449467,65.0,113.45,0.0,03/09/2025 15:21:54,12.9929327,79.9868154,9868154,2025-09-04T23:25:51.053033
TN 87 B 0891,864547034449467,25.0,113.75,0.0,03/09/2025 15:20:54,12.9987668,79.9903202,9903202,2025-09-04T23:25:51.053163
TN 87 B 0891,864547034449467,45.0,114.22,0.0,03/09/2025 15:19:54,13.0010831,79.9917507,9917507,2025-09-04T23:25:51.053290
TN 87 B 0891,864547034449467,0.0,114.22,0.0,03/09/2025 15:18:54,13.0045008,79.9942493,9942493,2025-09-04T23:25:51.053407
TN 87 B 0891,864547034449467,17.0,114.76,0.0,03/09/2025 15:17:54,13.005433,79.9948215,9948215,2025-09-04T23:25:51.053543
TN 87 B 0891,864547034449467,33.0,115.19,0.0,03/09/2025 15:16:54,13.0094671,79.9976348,9976348,2025-09-04T23:25:51.053675
TN 87 B 0891,864547034449467,21.0,115.43,0.0,03/09/2025 15:15:54,13.0119669,80.0006675,0006675,2025-09-04T23:25:51.053795
TN 87 B 0891,864547034449467,0.0,115.43,0.0,03/09/2025 15:14:54,13.0105829,80.0023365,0023365,2025-09-04T23:25:51.053924
TN 87 B 0891,864547034449467,0.0,115.43,0.0,03/09/2025 15:13:54,13.0105996,80.0026988,0026988,2025-09-04T23:25:51.054064
TN 87 B 0891,864547034449467,0.0,115.43,0.0,03/09/2025 15:12:54,13.0105996,80.0026988,0026988,2025-09-04T23:25:51.054218
TN 87 B 0891,864547034449467,0.0,115.43,0.0,03/09/2025 15:11:54,13.0105996,80.0026988,0026988,2025-09-04T23:25:51.054360
TN 87 B 0891,864547034449467,0.0,115.43,0.0,03/09/2025 15:10:54,13.0105996,80.0026988,0026988,2025-09-04T23:25:51.054500
TN 87 B 0891,864547034449467,0.0,115.43,0.0,03/09/2025 15:09:54,13.0105996,80.0026988,0026988,2025-09-04T23:25:51.054675
TN 87 B 0891,864547034449467,0.0,115.43,0.0,03/09/2025 15:08:54,13.0105996,80.0026988,0026988,2025-09-04T23:25:51.054825
TN 87 B 0891,864547034449467,0.0,115.43,0.0,03/09/2025 15:07:54,13.0105996,80.0026988,0026988,2025-09-04T23:25:51.054996
TN 87 B 0891,864547034449467,0.0,115.43,0.0,03/09/2025 15:06:54,13.0105996,80.0026988,0026988,2025-09-04T23:25:51.055174
TN 87 B 0891,864547034449467,0.0,115.43,0.0,03/09/2025 15:05:54,13.0105996,80.0026988,0026988,2025-09-04T23:25:51.055349
TN 87 B 0891,864547034449467,0.0,115.43,0.0,03/09/2025 15:04:54,13.0105996,80.0026988,0026988,2025-09-04T23:25:51.055523
TN 87 B 0891,864547034449467,0.0,115.43,0.0,03/09/2025 15:03:54,13.0105996,80.0026988,0026988,2025-09-04T23:25:51.055682
TN 87 B 0891,864547034449467,0.0,115.43,0.0,03/09/2025 15:02:54,13.0105996,80.0026988,0026988,2025-09-04T23:25:51.055793
TN 87 B 0891,864547034449467,0.0,115.43,0.0,03/09/2025 15:01:54,13.0105996,80.0026988,0026988,2025-09-04T23:25:51.055908
TN 87 B 0891,864547034449467,0.0,115.43,0.0,03/09/2025 15:00:54,13.0105996,80.0026988,0026988,2025-09-04T23:25:51.056062
TN 87 B 0891,864547034449467,0.0,115.43,0.0,03/09/2025 14:59:54,13.0105996,80.0026988,0026988,2025-09-04T23:25:51.056197
TN 87 B 0891,864547034449467,0.0,115.43,0.0,03/09/2025 14:58:54,13.0105996,80.0026988,0026988,2025-09-04T23:25:51.056321
TN 87 B 0891,864547034449467,0.0,115.43,0.0,03/09/2025 14:57:54,13.0105996,80.0026988,0026988,2025-09-04T23:25:51.056442
TN 87 B 0891,864547034449467,0.0,115.43,0.0,03/09/2025 14:56:54,13.0105996,80.0026988,0026988,2025-09-04T23:25:51.056588
TN 87 B 0891,864547034449467,0.0,115.43,0.0,03/09/2025 14:55:54,13.0106329,80.0026988,0026988,2025-09-04T23:25:51.056725
TN 87 B 0891,864547034449467,0.0,115.43,0.0,03/09/2025 14:55:49,13.0106329,80.0026988,0026988,2025-09-04T23:25:51.056833
TN 87 B 0891,864547034449467,0.0,115.43,0.0,03/09/2025 14:55:43,13.0106329,80.0027179,0027179,2025-09-04T23:25:51.056975
TN 87 B 0891,864547034449467,0.0,115.43,0.0,03/09/2025 14:55:39,13.0106496,80.0026988,0026988,2025-09-04T23:25:51.057130
TN 87 B 0891,864547034449467,0.0,115.43,0.0,03/09/2025 14:55:34,13.0106496,80.0026988,0026988,2025-09-04T23:25:51.057274
TN 87 B 0891,864547034449467,0.0,115.43,0.0,03/09/2025 14:55:29,13.0106997,80.002613,0026130,2025-09-04T23:25:51.057420
TN 87 B 0891,864547034449467,0.0,115.43,0.0,03/09/2025 14:55:24,13.0106997,80.002613,0026130,2025-09-04T23:25:51.057555
TN 87 B 0891,864547034449467,0.0,115.43,0.0,03/09/2025 14:55:19,13.0106997,80.002613,0026130,2025-09-04T23:25:51.057679
TN 87 B 0891,864547034449467,0.0,115.43,0.0,03/09/2025 14:54:40,13.0106997,80.002613,0026130,2025-09-04T23:25:51.057833
TN 87 B 0891,864547034449467,0.0,115.43,0.0,03/09/2025 14:53:40,13.0106997,80.002613,0026130,2025-09-04T23:25:51.057978
TN 87 B 0891,864547034449467,0.0,115.43,0.0,03/09/2025 14:52:40,13.0106997,80.002613,0026130,2025-09-04T23:25:51.058143
TN 87 B 0891,864547034449467,0.0,115.43,0.0,03/09/2025 14:51:40,13.0106997,80.002613,0026130,2025-09-04T23:25:51.058258
TN 87 B 0891,864547034449467,0.0,115.43,0.0,03/09/2025 14:50:40,13.0106997,80.002613,0026130,2025-09-04T23:25:51.058461
TN 87 B 0891,864547034449467,0.0,115.43,0.0,03/09/2025 14:49:40,13.0106997,80.002613,0026130,2025-09-04T23:25:51.058639
TN 87 B 0891,864547034449467,0.0,115.43,0.0,03/09/2025 14:48:40,13.0106997,80.002613,0026130,2025-09-04T23:25:51.058788
TN 87 B 0891,864547034449467,0.0,115.43,0.0,03/09/2025 14:47:40,13.0106997,80.002613,0026130,2025-09-04T23:25:51.058898
TN 87 B 0891,864547034449467,0.0,115.43,0.0,03/09/2025 14:46:40,13.0107331,80.0025463,0025463,2025-09-04T23:25:51.058996
TN 87 B 0891,864547034449467,0.0,115.43,0.0,03/09/2025 14:45:40,13.0107164,80.0025844,0025844,2025-09-04T23:25:51.059171
TN 87 B 0891,864547034449467,0.0,115.43,0.0,03/09/2025 14:44:40,13.0105996,80.0027275,0027275,2025-09-04T23:25:51.059391
TN 87 B 0891,864547034449467,0.0,115.43,0.0,03/09/2025 14:43:39,13.0106663,80.0026702,0026702,2025-09-04T23:25:51.059597
TN 87 B 0891,864547034449467,0.0,115.43,0.0,03/09/2025 14:42:40,13.0106163,80.0026988,0026988,2025-09-04T23:25:51.059795
TN 87 B 0891,864547034449467,0.0,115.43,0.0,03/09/2025 14:41:40,13.0106329,80.0026988,0026988,2025-09-04T23:25:51.060001
TN 87 B 0891,864547034449467,0.0,115.43,0.0,03/09/2025 14:40:40,13.0106329,80.0026988,0026988,2025-09-04T23:25:51.060208
TN 87 B 0891,864547034449467,0.0,115.43,0.0,03/09/2025 14:39:40,13.0106329,80.0026988,0026988,2025-09-04T23:25:51.060417
TN 87 B 0891,864547034449467,0.0,115.43,0.0,03/09/2025 14:38:40,13.0106663,80.0026988,0026988,2025-09-04T23:25:51.060591
TN 87 B 0891,864547034449467,0.0,115.43,0.0,03/09/2025 14:37:40,13.0106496,80.0027656,0027656,2025-09-04T23:25:51.060765
TN 87 B 0891,864547034449467,0.0,115.43,0.0,03/09/2025 14:36:40,13.0106496,80.0027656,0027656,2025-09-04T23:25:51.060945
TN 87 B 0891,864547034449467,0.0,115.43,0.0,03/09/2025 14:19:40,13.0106329,80.0053596,0053596,2025-09-04T23:25:51.061118
TN 87 B 0891,864547034449467,0.0,115.43,0.0,03/09/2025 14:18:40,13.0107164,80.0053977,0053977,2025-09-04T23:25:51.061284
TN 87 B 0891,864547034449467,0.0,115.43,0.0,03/09/2025 14:17:40,13.010683,80.005474,0054740,2025-09-04T23:25:51.061455
TN 87 B 0891,864547034449467,0.0,115.43,0.0,03/09/2025 14:16:40,13.010683,80.005474,0054740,2025-09-04T23:25:51.061603
TN 87 B 0891,864547034449467,0.0,115.43,0.0,03/09/2025 14:15:40,13.0106329,80.0053977,0053977,2025-09-04T23:25:51.061748
TN 87 B 0891,864547034449467,0.0,115.43,0.0,03/09/2025 14:14:40,13.0105996,80.0053215,0053215,2025-09-04T23:25:51.061914
TN 87 B 0891,864547034449467,0.0,115.43,0.0,03/09/2025 14:13:40,13.0112004,80.0064182,0064182,2025-09-04T23:25:51.062094
TN 87 B 0891,864547034449467,0.0,115.43,0.0,03/09/2025 14:12:40,13.0113005,80.006361,0063610,2025-09-04T23:25:51.062286
TN 87 B 0891,864547034449467,7.0,115.45,0.0,03/09/2025 14:11:40,13.0113339,80.0063133,0063133,2025-09-04T23:25:51.062454
TN 87 B 0891,864547034449467,0.0,115.45,0.0,03/09/2025 14:10:40,13.0113494,80.0065326,0065326,2025-09-04T23:25:51.062630
TN 87 B 0891,864547034449467,0.0,115.45,0.0,03/09/2025 14:09:40,13.0115342,80.0065517,0065517,2025-09-04T23:25:51.062816
TN 87 B 0891,864547034449467,0.0,115.45,0.0,03/09/2025 14:08:40,13.0114495,80.0065326,0065326,2025-09-04T23:25:51.062986
TN 87 B 0891,864547034449467,0.0,115.45,0.0,03/09/2025 14:07:40,13.0114674,80.0065994,0065994,2025-09-04T23:25:51.063153
TN 87 B 0891,864547034449467,0.0,115.45,0.0,03/09/2025 14:06:40,13.0114674,80.0065994,0065994,2025-09-04T23:25:51.063311
TN 87 B 0891,864547034449467,0.0,115.45,0.0,03/09/2025 14:05:40,13.0114674,80.0065994,0065994,2025-09-04T23:25:51.063466
TN 87 B 0891,864547034449467,0.0,115.45,0.0,03/09/2025 14:04:40,13.0114674,80.0065994,0065994,2025-09-04T23:25:51.063620
TN 87 B 0891,864547034449467,0.0,115.45,0.0,03/09/2025 14:03:40,13.0114674,80.0066184,0066184,2025-09-04T23:25:51.063807
TN 87 B 0891,864547034449467,0.0,115.45,0.0,03/09/2025 14:02:40,13.0114829,80.0065994,0065994,2025-09-04T23:25:51.063974
TN 87 B 0891,864547034449467,0.0,115.45,0.0,03/09/2025 14:01:40,13.0114674,80.0066184,0066184,2025-09-04T23:25:51.064129
TN 87 B 0891,864547034449467,0.0,115.45,0.0,03/09/2025 14:00:40,13.0113339,80.0065708,0065708,2025-09-04T23:25:51.064287
TN 87 B 0891,864547034449467,0.0,115.45,0.0,03/09/2025 13:59:40,13.0113339,80.0065803,0065803,2025-09-04T23:25:51.064461
TN 87 B 0891,864547034449467,0.0,115.45,0.0,03/09/2025 13:58:40,13.0114006,80.0065803,0065803,2025-09-04T23:25:51.064638
TN 87 B 0891,864547034449467,0.0,115.45,0.0,03/09/2025 13:57:40,13.0113828,80.0065517,0065517,2025-09-04T23:25:51.064815
TN 87 B 0891,864547034449467,0.0,115.45,0.0,03/09/2025 13:56:40,13.011434,80.0065326,0065326,2025-09-04T23:25:51.064997
TN 87 B 0891,864547034449467,0.0,115.45,0.0,03/09/2025 13:55:40,13.0114161,80.006504,0065040,2025-09-04T23:25:51.065156
TN 87 B 0891,864547034449467,0.0,115.45,0.0,03/09/2025 13:55:35,13.011434,80.006504,0065040,2025-09-04T23:25:51.065268
TN 87 B 0891,864547034449467,0.0,115.45,0.0,03/09/2025 13:55:30,13.011434,80.0065135,0065135,2025-09-04T23:25:51.065441
TN 87 B 0891,864547034449467,0.0,115.45,0.0,03/09/2025 13:55:25,13.011434,80.0065517,0065517,2025-09-04T23:25:51.065607
TN 87 B 0891,864547034449467,0.0,115.45,0.0,03/09/2025 13:55:20,13.0114495,80.0065708,0065708,2025-09-04T23:25:51.065793
TN 87 B 0891,864547034449467,0.0,115.45,0.0,03/09/2025 13:55:15,13.0114674,80.0065708,0065708,2025-09-04T23:25:51.065958
TN 87 B 0891,864547034449467,0.0,115.45,0.0,03/09/2025 13:55:09,13.0114674,80.0065708,0065708,2025-09-04T23:25:51.066091
TN 87 B 0891,864547034449467,0.0,115.45,0.0,03/09/2025 13:55:05,13.0114674,80.0065708,0065708,2025-09-04T23:25:51.066222
TN 87 B 0891,864547034449467,0.0,115.45,0.0,03/09/2025 13:53:26,13.0114161,80.0064849,0064849,2025-09-04T23:25:51.066340
TN 87 B 0891,864547034449467,0.0,115.45,0.0,03/09/2025 13:52:26,13.0113339,80.0064468,0064468,2025-09-04T23:25:51.066461
TN 87 B 0891,864547034449467,0.0,115.45,0.0,03/09/2025 13:51:26,13.0113339,80.0065517,0065517,2025-09-04T23:25:51.066585
TN 87 B 0891,864547034449467,0.0,115.45,0.0,03/09/2025 13:50:26,13.0113339,80.0065517,0065517,2025-09-04T23:25:51.066706
TN 87 B 0891,864547034449467,0.0,115.45,0.0,03/09/2025 13:49:26,13.0114161,80.0065517,0065517,2025-09-04T23:25:51.066856
TN 87 B 0891,864547034449467,0.0,115.45,0.0,03/09/2025 13:48:26,13.0114161,80.0065708,0065708,2025-09-04T23:25:51.066992
TN 87 B 0891,864547034449467,0.0,115.45,0.0,03/09/2025 13:47:26,13.0114161,80.0066184,0066184,2025-09-04T23:25:51.067140
TN 87 B 0891,864547034449467,0.0,115.45,0.0,03/09/2025 13:46:26,13.0113005,80.0065326,0065326,2025-09-04T23:25:51.067271
TN 87 B 0891,864547034449467,0.0,115.45,0.0,03/09/2025 13:45:26,13.0112826,80.0065517,0065517,2025-09-04T23:25:51.067400
TN 87 B 0891,864547034449467,0.0,115.45,0.0,03/09/2025 13:44:26,13.0113828,80.0065326,0065326,2025-09-04T23:25:51.067508
TN 87 B 0891,864547034449467,0.0,115.45,0.0,03/09/2025 13:43:26,13.0114161,80.0065994,0065994,2025-09-04T23:25:51.067649
TN 87 B 0891,864547034449467,0.0,115.45,0.0,03/09/2025 13:42:26,13.0114161,80.0065994,0065994,2025-09-04T23:25:51.067777
TN 87 B 0891,864547034449467,0.0,115.45,0.0,03/09/2025 13:41:26,13.0114495,80.0065708,0065708,2025-09-04T23:25:51.067889
TN 87 B 0891,864547034449467,0.0,115.45,0.0,03/09/2025 13:40:26,13.0113339,80.0065994,0065994,2025-09-04T23:25:51.068044
TN 87 B 0891,864547034449467,0.0,115.45,0.0,03/09/2025 13:39:26,13.0114829,80.0065326,0065326,2025-09-04T23:25:51.068209
TN 87 B 0891,864547034449467,0.0,115.45,0.0,03/09/2025 13:38:26,13.0114161,80.0064659,0064659,2025-09-04T23:25:51.068358
TN 87 B 0891,864547034449467,0.0,115.45,0.0,03/09/2025 13:37:26,13.0112826,80.0064849,0064849,2025-09-04T23:25:51.068482
TN 87 B 0891,864547034449467,0.0,115.45,0.0,03/09/2025 13:36:26,13.011167,80.0065326,0065326,2025-09-04T23:25:51.068616
TN 87 B 0891,864547034449467,0.0,115.45,0.0,03/09/2025 13:35:26,13.0115008,80.0066947,0066947,2025-09-04T23:25:51.068757
TN 87 B 0891,864547034449467,0.0,115.45,0.0,03/09/2025 13:34:26,13.0114674,80.006752,0067520,2025-09-04T23:25:51.068883
TN 87 B 0891,864547034449467,0.0,115.45,0.0,03/09/2025 13:33:26,13.0114829,80.0064659,0064659,2025-09-04T23:25:51.069028
TN 87 B 0891,864547034449467,0.0,115.45,0.0,03/09/2025 13:32:26,13.0114674,80.0065708,0065708,2025-09-04T23:25:51.069184
TN 87 B 0891,864547034449467,0.0,115.45,0.0,03/09/2025 13:31:26,13.0114161,80.0065135,0065135,2025-09-04T23:25:51.069330
TN 87 B 0891,864547034449467,0.0,115.45,0.0,03/09/2025 13:30:26,13.0114161,80.0065135,0065135,2025-09-04T23:25:51.069465
TN 87 B 0891,864547034449467,0.0,115.45,0.0,03/09/2025 13:29:26,13.0113828,80.0066852,0066852,2025-09-04T23:25:51.069660
TN 87 B 0891,864547034449467,0.0,115.45,0.0,03/09/2025 13:28:26,13.011434,80.0065135,0065135,2025-09-04T23:25:51.069841
TN 87 B 0891,864547034449467,0.0,115.45,0.0,03/09/2025 13:27:26,13.011434,80.0065135,0065135,2025-09-04T23:25:51.070026
TN 87 B 0891,864547034449467,0.0,115.45,0.0,03/09/2025 13:26:26,13.0114495,80.0064659,0064659,2025-09-04T23:25:51.070210
TN 87 B 0891,864547034449467,0.0,115.45,0.0,03/09/2025 13:25:26,13.0114674,80.006628,0066280,2025-09-04T23:25:51.070396
TN 87 B 0891,864547034449467,0.0,115.45,0.0,03/09/2025 13:24:26,13.0114674,80.006628,0066280,2025-09-04T23:25:51.070576
TN 87 B 0891,864547034449467,0.0,115.45,0.0,03/09/2025 13:23:26,13.0113494,80.0065994,0065994,2025-09-04T23:25:51.070760
TN 87 B 0891,864547034449467,0.0,115.45,0.0,03/09/2025 13:22:26,13.0113494,80.0065994,0065994,2025-09-04T23:25:51.070931
TN 87 B 0891,864547034449467,0.0,115.45,0.0,03/09/2025 13:21:26,13.0113494,80.0065994,0065994,2025-09-04T23:25:51.071088
TN 87 B 0891,864547034449467,0.0,115.45,0.0,03/09/2025 13:20:26,13.0113494,80.0065994,0065994,2025-09-04T23:25:51.071231
TN 87 B 0891,864547034449467,0.0,115.45,0.0,03/09/2025 13:19:26,13.011434,80.0065517,0065517,2025-09-04T23:25:51.071375
TN 87 B 0891,864547034449467,0.0,115.45,0.0,03/09/2025 13:18:26,13.0113673,80.0065994,0065994,2025-09-04T23:25:51.071487
TN 87 B 0891,864547034449467,0.0,115.45,0.0,03/09/2025 13:17:26,13.0113673,80.0065994,0065994,2025-09-04T23:25:51.071616
TN 87 B 0891,864547034449467,0.0,115.45,0.0,03/09/2025 13:16:26,13.0113673,80.0065994,0065994,2025-09-04T23:25:51.071752
TN 87 B 0891,864547034449467,0.0,115.45,0.0,03/09/2025 13:15:26,13.0113673,80.0065994,0065994,2025-09-04T23:25:51.071895
TN 87 B 0891,864547034449467,0.0,115.45,0.0,03/09/2025 13:14:26,13.0113673,80.0065994,0065994,2025-09-04T23:25:51.072014
TN 87 B 0891,864547034449467,0.0,115.45,0.0,03/09/2025 13:13:26,13.0112493,80.0065994,0065994,2025-09-04T23:25:51.072128
TN 87 B 0891,864547034449467,0.0,115.45,0.0,03/09/2025 13:12:26,13.0114006,80.0065517,0065517,2025-09-04T23:25:51.072321
TN 87 B 0891,864547034449467,0.0,115.45,0.0,03/09/2025 13:11:26,13.011316,80.0065517,0065517,2025-09-04T23:25:51.072531
TN 87 B 0891,864547034449467,0.0,115.45,0.0,03/09/2025 13:10:26,13.011316,80.0065517,0065517,2025-09-04T23:25:51.072734
TN 87 B 0891,864547034449467,0.0,115.45,0.0,03/09/2025 13:09:26,13.0113494,80.0065708,0065708,2025-09-04T23:25:51.072934
TN 87 B 0891,864547034449467,0.0,115.45,0.0,03/09/2025 13:08:26,13.0112826,80.006504,0065040,2025-09-04T23:25:51.073153
TN 87 B 0891,864547034449467,0.0,115.45,0.0,03/09/2025 13:07:26,13.0113005,80.0065708,0065708,2025-09-04T23:25:51.073358
TN 87 B 0891,864547034449467,0.0,115.45,0.0,03/09/2025 13:06:26,13.0113005,80.0064849,0064849,2025-09-04T23:25:51.073534
TN 87 B 0891,864547034449467,0.0,115.45,0.0,03/09/2025 13:05:26,13.0112826,80.006628,0066280,2025-09-04T23:25:51.073676
TN 87 B 0891,864547034449467,0.0,115.45,0.0,03/09/2025 13:04:26,13.011434,80.0065994,0065994,2025-09-04T23:25:51.073813
TN 87 B 0891,864547034449467,0.0,115.45,0.0,03/09/2025 13:03:26,13.0112671,80.0065135,0065135,2025-09-04T23:25:51.073957
TN 87 B 0891,864547034449467,0.0,115.45,0.0,03/09/2025 13:02:26,13.0113828,80.006628,0066280,2025-09-04T23:25:51.074105
TN 87 B 0891,864547034449467,0.0,115.45,0.0,03/09/2025 13:01:26,13.0114006,80.0065517,0065517,2025-09-04T23:25:51.074275
TN 87 B 0891,864547034449467,0.0,115.45,0.0,03/09/2025 13:00:26,13.0114161,80.006628,0066280,2025-09-04T23:25:51.074461
TN 87 B 0891,864547034449467,0.0,115.45,0.0,03/09/2025 12:59:26,13.0114161,80.0066184,0066184,2025-09-04T23:25:51.074643
TN 87 B 0891,864547034449467,0.0,115.45,0.0,03/09/2025 12:58:26,13.0113673,80.006628,0066280,2025-09-04T23:25:51.074837
TN 87 B 0891,864547034449467,0.0,115.45,0.0,03/09/2025 12:57:26,13.011434,80.0066184,0066184,2025-09-04T23:25:51.075036
TN 87 B 0891,864547034449467,0.0,115.45,0.0,03/09/2025 12:56:26,13.0114161,80.0065708,0065708,2025-09-04T23:25:51.075194
TN 87 B 0891,864547034449467,8.0,115.45,0.0,03/09/2025 12:55:26,13.011316,80.0065708,0065708,2025-09-04T23:25:51.075363
TN 87 B 0891,864547034449467,0.0,115.45,0.0,03/09/2025 12:55:20,13.0113673,80.0065994,0065994,2025-09-04T23:25:51.075506
TN 87 B 0891,864547034449467,0.0,115.45,0.0,03/09/2025 12:55:16,13.0114161,80.0066184,0066184,2025-09-04T23:25:51.075639
TN 87 B 0891,864547034449467,0.0,115.45,0.0,03/09/2025 12:55:11,13.0114829,80.0066661,0066661,2025-09-04T23:25:51.075764
TN 87 B 0891,864547034449467,0.0,115.45,0.0,03/09/2025 12:55:11,13.0114829,80.0066661,0066661,2025-09-04T23:25:51.075890
TN 87 B 0891,864547034449467,0.0,115.45,0.0,03/09/2025 12:55:06,13.0115342,80.006752,0067520,2025-09-04T23:25:51.076008
TN 87 B 0891,864547034449467,0.0,115.45,0.0,03/09/2025 12:55:06,13.0115342,80.006752,0067520,2025-09-04T23:25:51.076117
TN 87 B 0891,864547034449467,0.0,115.45,0.0,03/09/2025 12:55:01,13.0115342,80.006752,0067520,2025-09-04T23:25:51.076230
TN 87 B 0891,864547034449467,0.0,115.45,0.0,03/09/2025 12:55:01,13.0115342,80.006752,0067520,2025-09-04T23:25:51.076366
TN 87 B 0891,864547034449467,0.0,115.45,0.0,03/09/2025 12:54:55,13.0114829,80.006771,0067710,2025-09-04T23:25:51.076473
TN 87 B 0891,864547034449467,0.0,115.45,0.0,03/09/2025 12:54:55,13.0114829,80.006771,0067710,2025-09-04T23:25:51.076581
TN 87 B 0891,864547034449467,0.0,115.45,0.0,03/09/2025 12:54:51,13.0114495,80.006752,0067520,2025-09-04T23:25:51.076700
TN 87 B 0891,864547034449467,0.0,115.45,0.0,03/09/2025 12:54:51,13.0114495,80.006752,0067520,2025-09-04T23:25:51.076849
TN 87 B 0891,864547034449467,0.0,115.45,0.0,03/09/2025 12:53:12,13.0115008,80.0064659,0064659,2025-09-04T23:25:51.076997
TN 87 B 0891,864547034449467,0.0,115.45,0.0,03/09/2025 12:52:12,13.011316,80.0065803,0065803,2025-09-04T23:25:51.077119
TN 87 B 0891,864547034449467,0.0,115.45,0.0,03/09/2025 12:51:12,13.0112338,80.0065803,0065803,2025-09-04T23:25:51.077237
TN 87 B 0891,864547034449467,0.0,115.45,0.0,03/09/2025 12:50:12,13.0113673,80.0065326,0065326,2025-09-04T23:25:51.077351
TN 87 B 0891,864547034449467,0.0,115.45,0.0,03/09/2025 12:49:12,13.0113673,80.0065326,0065326,2025-09-04T23:25:51.077478
TN 87 B 0891,864547034449467,0.0,115.45,0.0,03/09/2025 12:48:12,13.0114495,80.0064277,0064277,2025-09-04T23:25:51.077615
TN 87 B 0891,864547034449467,0.0,115.45,0.0,03/09/2025 12:47:12,13.0114495,80.0064277,0064277,2025-09-04T23:25:51.077761
TN 87 B 0891,864547034449467,0.0,115.45,0.0,03/09/2025 12:46:12,13.0114161,80.0064849,0064849,2025-09-04T23:25:51.077899
TN 87 B 0891,864547034449467,0.0,115.45,0.0,03/09/2025 12:45:12,13.0113494,80.0066566,0066566,2025-09-04T23:25:51.078065
TN 87 B 0891,864547034449467,0.0,115.45,0.0,03/09/2025 12:44:12,13.0114161,80.0064659,0064659,2025-09-04T23:25:51.078228
TN 87 B 0891,864547034449467,0.0,115.45,0.0,03/09/2025 12:43:12,13.0114161,80.0064659,0064659,2025-09-04T23:25:51.078353
TN 87 B 0891,864547034449467,0.0,115.45,0.0,03/09/2025 12:42:12,13.0113339,80.006504,0065040,2025-09-04T23:25:51.078484
TN 87 B 0891,864547034449467,0.0,115.45,0.0,03/09/2025 12:41:12,13.0114006,80.0064659,0064659,2025-09-04T23:25:51.078615
TN 87 B 0891,864547034449467,0.0,115.45,0.0,03/09/2025 12:40:12,13.0115008,80.0066947,0066947,2025-09-04T23:25:51.078726
TN 87 B 0891,864547034449467,0.0,115.45,0.0,03/09/2025 12:39:12,13.0115008,80.0066947,0066947,2025-09-04T23:25:51.078857
TN 87 B 0891,864547034449467,0.0,115.45,0.0,03/09/2025 12:38:12,13.0113339,80.0064659,0064659,2025-09-04T23:25:51.079051
TN 87 B 0891,864547034449467,0.0,115.45,0.0,03/09/2025 12:37:12,13.0113339,80.0064659,0064659,2025-09-04T23:25:51.079231
TN 87 B 0891,864547034449467,0.0,115.45,0.0,03/09/2025 12:36:12,13.0113673,80.0065994,0065994,2025-09-04T23:25:51.079415
TN 87 B 0891,864547034449467,0.0,115.45,0.0,03/09/2025 12:35:12,13.0113673,80.0065994,0065994,2025-09-04T23:25:51.079602
TN 87 B 0891,864547034449467,0.0,115.45,0.0,03/09/2025 12:34:12,13.0113828,80.0065326,0065326,2025-09-04T23:25:51.079778
TN 87 B 0891,864547034449467,0.0,115.45,0.0,03/09/2025 12:33:12,13.0113828,80.0066566,0066566,2025-09-04T23:25:51.079977
TN 87 B 0891,864547034449467,0.0,115.45,0.0,03/09/2025 12:32:12,13.0114006,80.0065994,0065994,2025-09-04T23:25:51.080172
TN 87 B 0891,864547034449467,0.0,115.45,0.0,03/09/2025 12:31:12,13.0113673,80.0065994,0065994,2025-09-04T23:25:51.080351
TN 87 B 0891,864547034449467,0.0,115.45,0.0,03/09/2025 12:30:12,13.0114674,80.0065803,0065803,2025-09-04T23:25:51.080511
TN 87 B 0891,864547034449467,0.0,115.45,0.0,03/09/2025 12:29:12,13.0114674,80.0065803,0065803,2025-09-04T23:25:51.080657
TN 87 B 0891,864547034449467,0.0,115.45,0.0,03/09/2025 12:28:12,13.0114674,80.0065803,0065803,2025-09-04T23:25:51.080797
TN 87 B 0891,864547034449467,0.0,115.45,0.0,03/09/2025 12:27:12,13.0113494,80.0065708,0065708,2025-09-04T23:25:51.080933
TN 87 B 0891,864547034449467,0.0,115.45,0.0,03/09/2025 12:26:12,13.011316,80.006628,0066280,2025-09-04T23:25:51.081055
TN 87 B 0891,864547034449467,0.0,115.45,0.0,03/09/2025 12:25:12,13.0113828,80.0065708,0065708,2025-09-04T23:25:51.081187
TN 87 B 0891,864547034449467,0.0,115.45,0.0,03/09/2025 12:24:12,13.0113828,80.0065994,0065994,2025-09-04T23:25:51.081330
TN 87 B 0891,864547034449467,0.0,115.45,0.0,03/09/2025 12:23:12,13.0114161,80.0065517,0065517,2025-09-04T23:25:51.081520
TN 87 B 0891,864547034449467,0.0,115.45,0.0,03/09/2025 12:22:12,13.0114161,80.0065517,0065517,2025-09-04T23:25:51.081687
TN 87 B 0891,864547034449467,0.0,115.45,0.0,03/09/2025 12:21:12,13.0113339,80.0065708,0065708,2025-09-04T23:25:51.081876
TN 87 B 0891,864547034449467,0.0,115.45,0.0,03/09/2025 12:20:12,13.0113339,80.0065708,0065708,2025-09-04T23:25:51.082091
TN 87 B 0891,864547034449467,0.0,115.45,0.0,03/09/2025 12:19:12,13.0113339,80.0069236,0069236,2025-09-04T23:25:51.082306
TN 87 B 0891,864547034449467,0.0,115.45,0.0,03/09/2025 12:18:12,13.0114006,80.0068473,0068473,2025-09-04T23:25:51.082496
TN 87 B 0891,864547034449467,0.0,115.45,0.0,03/09/2025 12:17:12,13.0113494,80.006771,0067710,2025-09-04T23:25:51.082669
TN 87 B 0891,864547034449467,0.0,115.45,0.0,03/09/2025 12:16:12,13.0113828,80.0066661,0066661,2025-09-04T23:25:51.082834
TN 87 B 0891,864547034449467,0.0,115.45,0.0,03/09/2025 12:15:12,13.0113828,80.0066661,0066661,2025-09-04T23:25:51.083006
TN 87 B 0891,864547034449467,0.0,115.45,0.0,03/09/2025 12:14:12,13.0113828,80.0066661,0066661,2025-09-04T23:25:51.083155
TN 87 B 0891,864547034449467,0.0,115.45,0.0,03/09/2025 12:13:12,13.0113828,80.0066661,0066661,2025-09-04T23:25:51.083296
TN 87 B 0891,864547034449467,0.0,115.45,0.0,03/09/2025 12:12:12,13.0114006,80.0066661,0066661,2025-09-04T23:25:51.083423
TN 87 B 0891,864547034449467,0.0,115.45,0.0,03/09/2025 12:11:12,13.0114006,80.0065135,0065135,2025-09-04T23:25:51.083559
TN 87 B 0891,864547034449467,0.0,115.45,0.0,03/09/2025 12:10:12,13.0113828,80.0065708,0065708,2025-09-04T23:25:51.083699
TN 87 B 0891,864547034449467,0.0,115.45,0.0,03/09/2025 12:09:12,13.0113828,80.0065326,0065326,2025-09-04T23:25:51.083825
TN 87 B 0891,864547034449467,0.0,115.45,0.0,03/09/2025 12:08:12,13.0113673,80.0065708,0065708,2025-09-04T23:25:51.083982
TN 87 B 0891,864547034449467,0.0,115.45,0.0,03/09/2025 12:07:12,13.0113828,80.0066852,0066852,2025-09-04T23:25:51.084119
TN 87 B 0891,864547034449467,0.0,115.45,0.0,03/09/2025 12:06:12,13.0113828,80.0066852,0066852,2025-09-04T23:25:51.084268
TN 87 B 0891,864547034449467,0.0,115.45,0.0,03/09/2025 12:05:12,13.0113828,80.0066852,0066852,2025-09-04T23:25:51.084394
TN 87 B 0891,864547034449467,0.0,115.45,0.0,03/09/2025 12:04:12,13.0113828,80.0066852,0066852,2025-09-04T23:25:51.084557
TN 87 B 0891,864547034449467,0.0,115.45,0.0,03/09/2025 12:03:12,13.0114006,80.0066661,0066661,2025-09-04T23:25:51.084724
TN 87 B 0891,864547034449467,0.0,115.45,0.0,03/09/2025 12:02:12,13.0113828,80.006628,0066280,2025-09-04T23:25:51.084872
TN 87 B 0891,864547034449467,0.0,115.45,0.0,03/09/2025 12:01:12,13.0113673,80.0065994,0065994,2025-09-04T23:25:51.085070
TN 87 B 0891,864547034449467,0.0,115.45,0.0,03/09/2025 12:00:12,13.0113673,80.0065994,0065994,2025-09-04T23:25:51.085260
TN 87 B 0891,864547034449467,0.0,115.45,0.0,03/09/2025 11:59:12,13.0114006,80.0066184,0066184,2025-09-04T23:25:51.085416
TN 87 B 0891,864547034449467,0.0,115.45,0.0,03/09/2025 11:58:12,13.0114006,80.0066184,0066184,2025-09-04T23:25:51.085569
TN 87 B 0891,864547034449467,0.0,115.45,0.0,03/09/2025 11:57:12,13.0114006,80.0066184,0066184,2025-09-04T23:25:51.085733
TN 87 B 0891,864547034449467,0.0,115.45,0.0,03/09/2025 11:56:12,13.0114006,80.0066184,0066184,2025-09-04T23:25:51.085929
TN 87 B 0891,864547034449467,0.0,115.45,0.0,03/09/2025 11:55:12,13.0113494,80.0066661,0066661,2025-09-04T23:25:51.086130
TN 87 B 0891,864547034449467,0.0,115.45,0.0,03/09/2025 11:55:06,13.0113494,80.006628,0066280,2025-09-04T23:25:51.086328
TN 87 B 0891,864547034449467,0.0,115.45,0.0,03/09/2025 11:55:02,13.0113673,80.006628,0066280,2025-09-04T23:25:51.086528
TN 87 B 0891,864547034449467,0.0,115.45,0.0,03/09/2025 11:54:57,13.0113828,80.006628,0066280,2025-09-04T23:25:51.086731
TN 87 B 0891,864547034449467,0.0,115.45,0.0,03/09/2025 11:54:52,13.0113673,80.0066184,0066184,2025-09-04T23:25:51.086916
TN 87 B 0891,864547034449467,0.0,115.45,0.0,03/09/2025 11:54:47,13.0113828,80.0066184,0066184,2025-09-04T23:25:51.087082
TN 87 B 0891,864547034449467,0.0,115.45,0.0,03/09/2025 11:54:42,13.0113005,80.0065994,0065994,2025-09-04T23:25:51.087238
TN 87 B 0891,864547034449467,0.0,115.45,0.0,03/09/2025 11:54:36,13.0113005,80.0065994,0065994,2025-09-04T23:25:51.087384
TN 87 B 0891,864547034449467,0.0,115.45,0.0,03/09/2025 11:53:58,13.0113005,80.0065994,0065994,2025-09-04T23:25:51.087506
TN 87 B 0891,864547034449467,0.0,115.45,0.0,03/09/2025 11:52:58,13.0113005,80.0065994,0065994,2025-09-04T23:25:51.087763
TN 87 B 0891,864547034449467,0.0,115.45,0.0,03/09/2025 11:51:58,13.0113339,80.0066184,0066184,2025-09-04T23:25:51.087915
TN 87 B 0891,864547034449467,0.0,115.45,0.0,03/09/2025 11:50:58,13.0113339,80.0066184,0066184,2025-09-04T23:25:51.088071
TN 87 B 0891,864547034449467,0.0,115.45,0.0,03/09/2025 11:49:58,13.0113339,80.0066184,0066184,2025-09-04T23:25:51.088248
TN 87 B 0891,864547034449467,0.0,115.45,0.0,03/09/2025 11:48:58,13.0113339,80.0066661,0066661,2025-09-04T23:25:51.088397
TN 87 B 0891,864547034449467,0.0,115.45,0.0,03/09/2025 11:47:58,13.0113339,80.0066661,0066661,2025-09-04T23:25:51.088538
TN 87 B 0891,864547034449467,0.0,115.45,0.0,03/09/2025 11:46:58,13.0113339,80.0066661,0066661,2025-09-04T23:25:51.088717
TN 87 B 0891,864547034449467,0.0,115.45,0.0,03/09/2025 11:45:58,13.0113339,80.0066661,0066661,2025-09-04T23:25:51.088881
TN 87 B 0891,864547034449467,0.0,115.45,0.0,03/09/2025 11:44:58,13.0113828,80.0065708,0065708,2025-09-04T23:25:51.089076
TN 87 B 0891,864547034449467,0.0,115.45,0.0,03/09/2025 11:43:58,13.0113828,80.0065708,0065708,2025-09-04T23:25:51.089242
TN 87 B 0891,864547034449467,0.0,115.45,0.0,03/09/2025 11:42:58,13.011316,80.0065326,0065326,2025-09-04T23:25:51.089415
TN 87 B 0891,864547034449467,0.0,115.45,0.0,03/09/2025 11:41:58,13.011316,80.0065326,0065326,2025-09-04T23:25:51.089596
TN 87 B 0891,864547034449467,0.0,115.45,0.0,03/09/2025 11:40:58,13.0114006,80.0064468,0064468,2025-09-04T23:25:51.089760
TN 87 B 0891,864547034449467,0.0,115.45,0.0,03/09/2025 11:39:58,13.0114006,80.0064468,0064468,2025-09-04T23:25:51.089905
TN 87 B 0891,864547034449467,0.0,115.45,0.0,03/09/2025 11:38:58,13.0114006,80.0064468,0064468,2025-09-04T23:25:51.090053
TN 87 B 0891,864547034449467,0.0,115.45,0.0,03/09/2025 11:37:58,13.0114006,80.0064468,0064468,2025-09-04T23:25:51.090227
TN 87 B 0891,864547034449467,0.0,115.45,0.0,03/09/2025 11:36:58,13.0114006,80.0064468,0064468,2025-09-04T23:25:51.090409
TN 87 B 0891,864547034449467,0.0,115.45,0.0,03/09/2025 11:35:58,13.0114006,80.0064468,0064468,2025-09-04T23:25:51.090631
TN 87 B 0891,864547034449467,0.0,115.45,0.0,03/09/2025 11:34:58,13.0113673,80.0067329,0067329,2025-09-04T23:25:51.090816
TN 87 B 0891,864547034449467,0.0,115.45,0.0,03/09/2025 11:33:58,13.0113673,80.0067329,0067329,2025-09-04T23:25:51.090978
TN 87 B 0891,864547034449467,0.0,115.45,0.0,03/09/2025 11:32:58,13.0113673,80.0067329,0067329,2025-09-04T23:25:51.091097
TN 87 B 0891,864547034449467,0.0,115.45,0.0,03/09/2025 11:31:58,13.0113673,80.0067329,0067329,2025-09-04T23:25:51.091228
TN 87 B 0891,864547034449467,0.0,115.45,0.0,03/09/2025 11:30:58,13.0113673,80.0067329,0067329,2025-09-04T23:25:51.091393
TN 87 B 0891,864547034449467,0.0,115.45,0.0,03/09/2025 11:29:58,13.0113673,80.0067329,0067329,2025-09-04T23:25:51.091507
TN 87 B 0891,864547034449467,0.0,115.45,0.0,03/09/2025 11:28:58,13.011316,80.006771,0067710,2025-09-04T23:25:51.091628
TN 87 B 0891,864547034449467,0.0,115.45,0.0,03/09/2025 11:27:58,13.011434,80.0066566,0066566,2025-09-04T23:25:51.091771
TN 87 B 0891,864547034449467,0.0,115.45,0.0,03/09/2025 11:26:58,13.0114161,80.0067329,0067329,2025-09-04T23:25:51.091912
TN 87 B 0891,864547034449467,0.0,115.45,0.0,03/09/2025 11:25:58,13.0114006,80.0066852,0066852,2025-09-04T23:25:51.092050
TN 87 B 0891,864547034449467,0.0,115.45,0.0,03/09/2025 11:24:58,13.0113339,80.0066947,0066947,2025-09-04T23:25:51.092156
TN 87 B 0891,864547034449467,0.0,115.45,0.0,03/09/2025 11:23:58,13.0113339,80.0066947,0066947,2025-09-04T23:25:51.092259
TN 87 B 0891,864547034449467,0.0,115.45,0.0,03/09/2025 11:22:58,13.0113339,80.0066947,0066947,2025-09-04T23:25:51.092381
TN 87 B 0891,864547034449467,0.0,115.45,0.0,03/09/2025 11:21:58,13.0113339,80.0066947,0066947,2025-09-04T23:25:51.092513
TN 87 B 0891,864547034449467,0.0,115.45,0.0,03/09/2025 11:20:58,13.0113339,80.0066947,0066947,2025-09-04T23:25:51.092642
TN 87 B 0891,864547034449467,0.0,115.45,0.0,03/09/2025 11:19:58,13.0113339,80.0066947,0066947,2025-09-04T23:25:51.092764
TN 87 B 0891,864547034449467,0.0,115.45,0.0,03/09/2025 11:18:58,13.0113673,80.0067138,0067138,2025-09-04T23:25:51.092890
TN 87 B 0891,864547034449467,0.0,115.45,0.0,03/09/2025 11:17:58,13.0113494,80.0066661,0066661,2025-09-04T23:25:51.093032
TN 87 B 0891,864547034449467,0.0,115.45,0.0,03/09/2025 11:16:58,13.0113494,80.006628,0066280,2025-09-04T23:25:51.093171
TN 87 B 0891,864547034449467,0.0,115.45,0.0,03/09/2025 11:15:58,13.0113494,80.006628,0066280,2025-09-04T23:25:51.093314
TN 87 B 0891,864547034449467,0.0,115.45,0.0,03/09/2025 11:14:58,13.0113494,80.006628,0066280,2025-09-04T23:25:51.093453
TN 87 B 0891,864547034449467,0.0,115.45,0.0,03/09/2025 11:13:58,13.0113494,80.006628,0066280,2025-09-04T23:25:51.093588
TN 87 B 0891,864547034449467,0.0,115.45,0.0,03/09/2025 11:12:58,13.0113494,80.0065994,0065994,2025-09-04T23:25:51.093691
TN 87 B 0891,864547034449467,0.0,115.45,0.0,03/09/2025 11:11:58,13.011316,80.0066566,0066566,2025-09-04T23:25:51.093793
TN 87 B 0891,864547034449467,0.0,115.45,0.0,03/09/2025 10:59:58,13.0114006,80.006504,0065040,2025-09-04T23:25:51.093932
TN 87 B 0891,864547034449467,0.0,115.45,0.0,03/09/2025 10:58:58,13.0114006,80.006504,0065040,2025-09-04T23:25:51.094064
TN 87 B 0891,864547034449467,0.0,115.45,0.0,03/09/2025 10:57:58,13.0113494,80.0066661,0066661,2025-09-04T23:25:51.094202
TN 87 B 0891,864547034449467,0.0,115.45,0.0,03/09/2025 10:56:58,13.0113494,80.0066661,0066661,2025-09-04T23:25:51.094343
TN 87 B 0891,864547034449467,0.0,115.45,0.0,03/09/2025 10:55:58,13.0113339,80.0065994,0065994,2025-09-04T23:25:51.094498
TN 87 B 0891,864547034449467,0.0,115.45,0.0,03/09/2025 10:54:57,13.011316,80.0065517,0065517,2025-09-04T23:25:51.094650
TN 87 B 0891,864547034449467,0.0,115.45,0.0,03/09/2025 10:54:53,13.011316,80.0065517,0065517,2025-09-04T23:25:51.094815
TN 87 B 0891,864547034449467,0.0,115.45,0.0,03/09/2025 10:54:48,13.011316,80.0065517,0065517,2025-09-04T23:25:51.094943
TN 87 B 0891,864547034449467,0.0,115.45,0.0,03/09/2025 10:54:42,13.011316,80.0065517,0065517,2025-09-04T23:25:51.095097
TN 87 B 0891,864547034449467,0.0,115.45,0.0,03/09/2025 10:54:38,13.011316,80.0065517,0065517,2025-09-04T23:25:51.095277
TN 87 B 0891,864547034449467,0.0,115.45,0.0,03/09/2025 10:54:33,13.011316,80.0065517,0065517,2025-09-04T23:25:51.095444
TN 87 B 0891,864547034449467,0.0,115.45,0.0,03/09/2025 10:54:28,13.011316,80.0065517,0065517,2025-09-04T23:25:51.095614
TN 87 B 0891,864547034449467,0.0,115.45,0.0,03/09/2025 10:54:22,13.011316,80.0065517,0065517,2025-09-04T23:25:51.095748
TN 87 B 0891,864547034449467,0.0,115.45,0.0,03/09/2025 10:53:44,13.011316,80.0065517,0065517,2025-09-04T23:25:51.095880
TN 87 B 0891,864547034449467,0.0,115.45,0.0,03/09/2025 10:52:44,13.011316,80.0065994,0065994,2025-09-04T23:25:51.096020
TN 87 B 0891,864547034449467,0.0,115.45,0.0,03/09/2025 10:51:44,13.011316,80.0065994,0065994,2025-09-04T23:25:51.096154
TN 87 B 0891,864547034449467,0.0,115.45,0.0,03/09/2025 10:50:44,13.0113673,80.0066852,0066852,2025-09-04T23:25:51.096277
TN 87 B 0891,864547034449467,0.0,115.45,0.0,03/09/2025 10:49:44,13.0113673,80.0066852,0066852,2025-09-04T23:25:51.096402
TN 87 B 0891,864547034449467,0.0,115.45,0.0,03/09/2025 10:48:44,13.0113005,80.0066947,0066947,2025-09-04T23:25:51.096522
TN 87 B 0891,864547034449467,0.0,115.45,0.0,03/09/2025 10:47:44,13.0113005,80.0066947,0066947,2025-09-04T23:25:51.096637
TN 87 B 0891,864547034449467,0.0,115.45,0.0,03/09/2025 10:46:44,13.0113005,80.0066947,0066947,2025-09-04T23:25:51.096767
TN 87 B 0891,864547034449467,0.0,115.45,0.0,03/09/2025 10:45:44,13.0113494,80.0067329,0067329,2025-09-04T23:25:51.096899
TN 87 B 0891,864547034449467,0.0,115.45,0.0,03/09/2025 10:44:43,13.0113005,80.0067329,0067329,2025-09-04T23:25:51.097026
TN 87 B 0891,864547034449467,0.0,115.45,0.0,03/09/2025 10:43:44,13.0112004,80.0066661,0066661,2025-09-04T23:25:51.097161
TN 87 B 0891,864547034449467,0.0,115.45,0.0,03/09/2025 10:42:44,13.0112004,80.0066852,0066852,2025-09-04T23:25:51.097291
TN 87 B 0891,864547034449467,0.0,115.45,0.0,03/09/2025 10:41:44,13.0114495,80.0066184,0066184,2025-09-04T23:25:51.097435
TN 87 B 0891,864547034449467,0.0,115.45,0.0,03/09/2025 10:40:44,13.0113673,80.0066184,0066184,2025-09-04T23:25:51.097580
TN 87 B 0891,864547034449467,0.0,115.45,0.0,03/09/2025 10:39:44,13.0115497,80.0066184,0066184,2025-09-04T23:25:51.097716
TN 87 B 0891,864547034449467,0.0,115.45,0.0,03/09/2025 10:38:44,13.0115342,80.0065803,0065803,2025-09-04T23:25:51.097855
TN 87 B 0891,864547034449467,0.0,115.45,0.0,03/09/2025 10:37:44,13.0114495,80.0065994,0065994,2025-09-04T23:25:51.097988
TN 87 B 0891,864547034449467,0.0,115.45,0.0,03/09/2025 10:36:44,13.0114674,80.0065135,0065135,2025-09-04T23:25:51.098137
TN 87 B 0891,864547034449467,0.0,115.45,0.0,03/09/2025 10:24:44,13.0113828,80.0065994,0065994,2025-09-04T23:25:51.098263
TN 87 B 0891,864547034449467,0.0,115.45,0.0,03/09/2025 10:23:44,13.0113828,80.0065994,0065994,2025-09-04T23:25:51.098390
TN 87 B 0891,864547034449467,0.0,115.45,0.0,03/09/2025 10:22:44,13.0113339,80.0065517,0065517,2025-09-04T23:25:51.098539
TN 87 B 0891,864547034449467,0.0,115.45,0.0,03/09/2025 10:21:44,13.0112671,80.0067138,0067138,2025-09-04T23:25:51.098678
TN 87 B 0891,864547034449467,0.0,115.45,0.0,03/09/2025 10:20:44,13.0113673,80.006628,0066280,2025-09-04T23:25:51.099122
TN 87 B 0891,864547034449467,0.0,115.45,0.0,03/09/2025 10:19:44,13.0113673,80.006628,0066280,2025-09-04T23:25:51.099328
TN 87 B 0891,864547034449467,0.0,115.45,0.0,03/09/2025 10:18:44,13.0113673,80.006628,0066280,2025-09-04T23:25:51.099524
TN 87 B 0891,864547034449467,0.0,115.45,0.0,03/09/2025 10:17:44,13.0115497,80.0066184,0066184,2025-09-04T23:25:51.099816
TN 87 B 0891,864547034449467,0.0,115.45,0.0,03/09/2025 10:16:44,13.0112826,80.0066947,0066947,2025-09-04T23:25:51.100031
TN 87 B 0891,864547034449467,0.0,115.45,0.0,03/09/2025 10:15:44,13.0112826,80.0066947,0066947,2025-09-04T23:25:51.100239
TN 87 B 0891,864547034449467,0.0,115.45,0.0,03/09/2025 10:14:44,13.0113339,80.0067329,0067329,2025-09-04T23:25:51.100456
TN 87 B 0891,864547034449467,0.0,115.45,0.0,03/09/2025 10:13:44,13.0114161,80.0068092,0068092,2025-09-04T23:25:51.100659
TN 87 B 0891,864547034449467,0.0,115.45,0.0,03/09/2025 10:12:44,13.0112826,80.0067138,0067138,2025-09-04T23:25:51.100813
TN 87 B 0891,864547034449467,0.0,115.45,0.0,03/09/2025 10:11:44,13.011316,80.0066661,0066661,2025-09-04T23:25:51.100969
TN 87 B 0891,864547034449467,0.0,115.45,0.0,03/09/2025 10:10:44,13.0113673,80.006752,0067520,2025-09-04T23:25:51.101092
TN 87 B 0891,864547034449467,0.0,115.45,0.0,03/09/2025 10:09:44,13.0113828,80.0067996,0067996,2025-09-04T23:25:51.101216
TN 87 B 0891,864547034449467,0.0,115.45,0.0,03/09/2025 10:08:44,13.0113673,80.0066566,0066566,2025-09-04T23:25:51.101363
TN 87 B 0891,864547034449467,0.0,115.45,0.0,03/09/2025 10:07:44,13.0113828,80.0066947,0066947,2025-09-04T23:25:51.101488
TN 87 B 0891,864547034449467,0.0,115.45,0.0,03/09/2025 10:06:44,13.0114161,80.0067806,0067806,2025-09-04T23:25:51.101645
TN 87 B 0891,864547034449467,0.0,115.45,0.0,03/09/2025 10:05:44,13.0114006,80.0068378,0068378,2025-09-04T23:25:51.101777
TN 87 B 0891,864547034449467,0.0,115.45,0.0,03/09/2025 10:04:44,13.0113494,80.0066947,0066947,2025-09-04T23:25:51.101920
TN 87 B 0891,864547034449467,0.0,115.45,0.0,03/09/2025 10:03:44,13.0112171,80.0066947,0066947,2025-09-04T23:25:51.102063
TN 87 B 0891,864547034449467,0.0,115.45,0.0,03/09/2025 10:02:44,13.0112171,80.0066947,0066947,2025-09-04T23:25:51.102192
TN 87 B 0891,864547034449467,0.0,115.45,0.0,03/09/2025 10:01:44,13.011316,80.0067329,0067329,2025-09-04T23:25:51.102302
TN 87 B 0891,864547034449467,0.0,115.45,0.0,03/09/2025 10:00:44,13.011316,80.0067329,0067329,2025-09-04T23:25:51.102426
TN 87 B 0891,864547034449467,0.0,115.45,0.0,03/09/2025 09:59:43,13.0112826,80.006752,0067520,2025-09-04T23:25:51.102570
TN 87 B 0891,864547034449467,0.0,115.45,0.0,03/09/2025 09:58:44,13.011316,80.0066184,0066184,2025-09-04T23:25:51.102704
TN 87 B 0891,864547034449467,0.0,115.45,0.0,03/09/2025 09:57:44,13.0114674,80.0067806,0067806,2025-09-04T23:25:51.102811
TN 87 B 0891,864547034449467,0.0,115.45,0.0,03/09/2025 09:56:44,13.0114674,80.0065994,0065994,2025-09-04T23:25:51.102933
TN 87 B 0891,864547034449467,0.0,115.45,0.0,03/09/2025 09:55:44,13.011434,80.0066661,0066661,2025-09-04T23:25:51.103075
TN 87 B 0891,864547034449467,0.0,115.45,0.0,03/09/2025 09:54:44,13.0114495,80.0066947,0066947,2025-09-04T23:25:51.103210
TN 87 B 0891,864547034449467,0.0,115.45,0.0,03/09/2025 09:54:38,13.0114674,80.0066947,0066947,2025-09-04T23:25:51.103317
TN 87 B 0891,864547034449467,0.0,115.45,0.0,03/09/2025 09:54:34,13.0115008,80.0066852,0066852,2025-09-04T23:25:51.103436
TN 87 B 0891,864547034449467,0.0,115.45,0.0,03/09/2025 09:54:29,13.0115008,80.0066852,0066852,2025-09-04T23:25:51.103565
TN 87 B 0891,864547034449467,0.0,115.45,0.0,03/09/2025 09:54:24,13.0115008,80.0066852,0066852,2025-09-04T23:25:51.103677
TN 87 B 0891,864547034449467,0.0,115.45,0.0,03/09/2025 09:54:19,13.0115008,80.0066852,0066852,2025-09-04T23:25:51.103787
TN 87 B 0891,864547034449467,0.0,115.45,0.0,03/09/2025 09:54:14,13.0115008,80.0066852,0066852,2025-09-04T23:25:51.103911
TN 87 B 0891,864547034449467,0.0,115.45,0.0,03/09/2025 09:54:08,13.0114829,80.0066566,0066566,2025-09-04T23:25:51.104039
TN 87 B 0891,864547034449467,0.0,115.45,0.0,03/09/2025 09:45:30,13.0114161,80.0065994,0065994,2025-09-04T23:25:51.104162
TN 87 B 0891,864547034449467,0.0,115.45,0.0,03/09/2025 09:44:30,13.0114161,80.0065994,0065994,2025-09-04T23:25:51.104269
TN 87 B 0891,864547034449467,0.0,115.45,0.0,03/09/2025 09:43:30,13.0114829,80.006504,0065040,2025-09-04T23:25:51.104403
TN 87 B 0891,864547034449467,0.0,115.45,0.0,03/09/2025 09:42:30,13.0114829,80.006504,0065040,2025-09-04T23:25:51.104522
TN 87 B 0891,864547034449467,0.0,115.45,0.0,03/09/2025 09:41:30,13.0114495,80.0065708,0065708,2025-09-04T23:25:51.104695
TN 87 B 0891,864547034449467,0.0,115.45,0.0,03/09/2025 09:40:30,13.0114006,80.0066852,0066852,2025-09-04T23:25:51.104824
TN 87 B 0891,864547034449467,0.0,115.45,0.0,03/09/2025 09:39:30,13.0114006,80.0066852,0066852,2025-09-04T23:25:51.104966
TN 87 B 0891,864547034449467,0.0,115.45,0.0,03/09/2025 09:38:30,13.0115008,80.0065708,0065708,2025-09-04T23:25:51.105127
TN 87 B 0891,864547034449467,0.0,115.45,0.0,03/09/2025 09:37:30,13.0114495,80.0065803,0065803,2025-09-04T23:25:51.105244
TN 87 B 0891,864547034449467,0.0,115.45,0.0,03/09/2025 09:36:30,13.0113673,80.0066566,0066566,2025-09-04T23:25:51.105400
TN 87 B 0891,864547034449467,0.0,115.45,0.0,03/09/2025 09:35:30,13.011434,80.0065994,0065994,2025-09-04T23:25:51.105540
TN 87 B 0891,864547034449467,0.0,115.45,0.0,03/09/2025 09:34:30,13.0114495,80.0065803,0065803,2025-09-04T23:25:51.105678
TN 87 B 0891,864547034449467,0.0,115.45,0.0,03/09/2025 09:33:30,13.0114829,80.0066566,0066566,2025-09-04T23:25:51.105790
TN 87 B 0891,864547034449467,0.0,115.45,0.0,03/09/2025 09:32:30,13.0114829,80.0066566,0066566,2025-09-04T23:25:51.105963
TN 87 B 0891,864547034449467,0.0,115.45,0.0,03/09/2025 09:31:30,13.0114829,80.0066184,0066184,2025-09-04T23:25:51.106129
TN 87 B 0891,864547034449467,0.0,115.45,0.0,03/09/2025 09:30:30,13.0114006,80.0065708,0065708,2025-09-04T23:25:51.106253
TN 87 B 0891,864547034449467,0.0,115.45,0.0,03/09/2025 09:29:30,13.011434,80.0067138,0067138,2025-09-04T23:25:51.106382
TN 87 B 0891,864547034449467,0.0,115.45,0.0,03/09/2025 09:28:30,13.0114161,80.0066184,0066184,2025-09-04T23:25:51.106512
TN 87 B 0891,864547034449467,0.0,115.45,0.0,03/09/2025 09:27:30,13.0114161,80.0066184,0066184,2025-09-04T23:25:51.106652
TN 87 B 0891,864547034449467,0.0,115.45,0.0,03/09/2025 09:26:30,13.0114161,80.0066184,0066184,2025-09-04T23:25:51.106792
TN 87 B 0891,864547034449467,0.0,115.45,0.0,03/09/2025 09:25:30,13.0113673,80.0065517,0065517,2025-09-04T23:25:51.106947
TN 87 B 0891,864547034449467,0.0,115.45,0.0,03/09/2025 09:24:30,13.0114495,80.0065517,0065517,2025-09-04T23:25:51.107118
TN 87 B 0891,864547034449467,0.0,115.45,0.0,03/09/2025 09:23:30,13.011434,80.0064659,0064659,2025-09-04T23:25:51.107308
TN 87 B 0891,864547034449467,0.0,115.45,0.0,03/09/2025 09:22:30,13.0113828,80.0065803,0065803,2025-09-04T23:25:51.107472
TN 87 B 0891,864547034449467,0.0,115.45,0.0,03/09/2025 09:21:30,13.0113828,80.0065803,0065803,2025-09-04T23:25:51.107602
TN 87 B 0891,864547034449467,0.0,115.45,0.0,03/09/2025 09:20:30,13.0113828,80.0065803,0065803,2025-09-04T23:25:51.107730
TN 87 B 0891,864547034449467,0.0,115.45,0.0,03/09/2025 09:19:30,13.0113828,80.0065803,0065803,2025-09-04T23:25:51.107857
TN 87 B 0891,864547034449467,0.0,115.45,0.0,03/09/2025 09:18:30,13.0113828,80.0065803,0065803,2025-09-04T23:25:51.108027
TN 87 B 0891,864547034449467,0.0,115.45,0.0,03/09/2025 09:17:30,13.0113828,80.0065803,0065803,2025-09-04T23:25:51.108183
TN 87 B 0891,864547034449467,0.0,115.45,0.0,03/09/2025 09:16:30,13.0113828,80.0065803,0065803,2025-09-04T23:25:51.108325
TN 87 B 0891,864547034449467,0.0,115.45,0.0,03/09/2025 09:15:30,13.0113828,80.0065803,0065803,2025-09-04T23:25:51.108463
TN 87 B 0891,864547034449467,0.0,115.45,0.0,03/09/2025 09:14:30,13.0113828,80.0065803,0065803,2025-09-04T23:25:51.108596
TN 87 B 0891,864547034449467,0.0,115.45,0.0,03/09/2025 09:13:30,13.0113828,80.0065803,0065803,2025-09-04T23:25:51.108702
TN 87 B 0891,864547034449467,0.0,115.45,0.0,03/09/2025 09:12:30,13.0113828,80.0065803,0065803,2025-09-04T23:25:51.108818
TN 87 B 0891,864547034449467,0.0,115.45,0.0,03/09/2025 09:11:29,13.0114006,80.0065803,0065803,2025-09-04T23:25:51.108959
TN 87 B 0891,864547034449467,0.0,115.45,0.0,03/09/2025 09:10:30,13.0114006,80.0065803,0065803,2025-09-04T23:25:51.109064
TN 87 B 0891,864547034449467,0.0,115.45,0.0,03/09/2025 09:09:30,13.011434,80.0065517,0065517,2025-09-04T23:25:51.109160
TN 87 B 0891,864547034449467,0.0,115.45,0.0,03/09/2025 09:08:29,13.011434,80.0066184,0066184,2025-09-04T23:25:51.109298
TN 87 B 0891,864547034449467,0.0,115.45,0.0,03/09/2025 09:07:29,13.011434,80.0066184,0066184,2025-09-04T23:25:51.109413
TN 87 B 0891,864547034449467,0.0,115.45,0.0,03/09/2025 09:06:30,13.011434,80.0066184,0066184,2025-09-04T23:25:51.109566
TN 87 B 0891,864547034449467,0.0,115.45,0.0,03/09/2025 09:05:30,13.0114829,80.0066566,0066566,2025-09-04T23:25:51.109721
TN 87 B 0891,864547034449467,0.0,115.45,0.0,03/09/2025 09:04:30,13.0114829,80.0065994,0065994,2025-09-04T23:25:51.109914
TN 87 B 0891,864547034449467,0.0,115.45,0.0,03/09/2025 09:03:29,13.0114829,80.0065994,0065994,2025-09-04T23:25:51.110097
TN 87 B 0891,864547034449467,0.0,115.45,0.0,03/09/2025 09:02:29,13.0114495,80.006628,0066280,2025-09-04T23:25:51.110236
TN 87 B 0891,864547034449467,0.0,115.45,0.0,03/09/2025 09:01:30,13.0114495,80.006628,0066280,2025-09-04T23:25:51.110365
TN 87 B 0891,864547034449467,0.0,115.45,0.0,03/09/2025 09:00:30,13.011583,80.0065803,0065803,2025-09-04T23:25:51.110517
TN 87 B 0891,864547034449467,0.0,115.45,0.0,03/09/2025 08:59:30,13.0115008,80.0066661,0066661,2025-09-04T23:25:51.110644
TN 87 B 0891,864547034449467,0.0,115.45,0.0,03/09/2025 08:58:30,13.0115008,80.0067138,0067138,2025-09-04T23:25:51.110778
TN 87 B 0891,864547034449467,0.0,115.45,0.0,03/09/2025 08:57:30,13.0115008,80.0067138,0067138,2025-09-04T23:25:51.110938
TN 87 B 0891,864547034449467,0.0,115.45,0.0,03/09/2025 08:56:29,13.0115008,80.0067138,0067138,2025-09-04T23:25:51.111085
TN 87 B 0891,864547034449467,0.0,115.45,0.0,03/09/2025 08:55:29,13.0115008,80.0067138,0067138,2025-09-04T23:25:51.111223
TN 87 B 0891,864547034449467,0.0,115.45,0.0,03/09/2025 08:54:30,13.0114161,80.0067138,0067138,2025-09-04T23:25:51.111340
TN 87 B 0891,864547034449467,0.0,115.45,0.0,03/09/2025 08:54:25,13.0114006,80.0066852,0066852,2025-09-04T23:25:51.111473
TN 87 B 0891,864547034449467,0.0,115.45,0.0,03/09/2025 08:54:20,13.0113828,80.0066184,0066184,2025-09-04T23:25:51.111610
TN 87 B 0891,864547034449467,0.0,115.45,0.0,03/09/2025 08:54:14,13.0114006,80.006504,0065040,2025-09-04T23:25:51.111740
TN 87 B 0891,864547034449467,0.0,115.45,0.0,03/09/2025 08:54:10,13.0113828,80.006504,0065040,2025-09-04T23:25:51.111860
TN 87 B 0891,864547034449467,0.0,115.45,0.0,03/09/2025 08:54:05,13.0113828,80.0064849,0064849,2025-09-04T23:25:51.111991
TN 87 B 0891,864547034449467,0.0,115.45,0.0,03/09/2025 08:53:59,13.0114006,80.0064849,0064849,2025-09-04T23:25:51.112113
TN 87 B 0891,864547034449467,0.0,115.45,0.0,03/09/2025 08:53:55,13.0114006,80.006504,0065040,2025-09-04T23:25:51.112240
TN 87 B 0891,864547034449467,0.0,115.45,0.0,03/09/2025 08:53:16,13.0114006,80.0066661,0066661,2025-09-04T23:25:51.112354
TN 87 B 0891,864547034449467,0.0,115.45,0.0,03/09/2025 08:52:16,13.0114006,80.0066661,0066661,2025-09-04T23:25:51.112462
TN 87 B 0891,864547034449467,0.0,115.45,0.0,03/09/2025 08:51:16,13.0114006,80.0066661,0066661,2025-09-04T23:25:51.112652
TN 87 B 0891,864547034449467,0.0,115.45,0.0,03/09/2025 08:50:16,13.0114006,80.0066661,0066661,2025-09-04T23:25:51.112888
TN 87 B 0891,864547034449467,0.0,115.45,0.0,03/09/2025 08:49:16,13.011434,80.0066661,0066661,2025-09-04T23:25:51.113172
TN 87 B 0891,864547034449467,0.0,115.45,0.0,03/09/2025 08:48:16,13.011434,80.0066661,0066661,2025-09-04T23:25:51.113369
TN 87 B 0891,864547034449467,0.0,115.45,0.0,03/09/2025 08:47:16,13.011434,80.0066661,0066661,2025-09-04T23:25:51.113561
TN 87 B 0891,864547034449467,0.0,115.45,0.0,03/09/2025 08:46:16,13.011434,80.0066661,0066661,2025-09-04T23:25:51.113740
TN 87 B 0891,864547034449467,0.0,115.45,0.0,03/09/2025 08:45:16,13.0114495,80.006752,0067520,2025-09-04T23:25:51.113908
TN 87 B 0891,864547034449467,0.0,115.45,0.0,03/09/2025 08:44:16,13.0114495,80.006752,0067520,2025-09-04T23:25:51.114057
TN 87 B 0891,864547034449467,0.0,115.45,0.0,03/09/2025 08:43:16,13.0114495,80.006752,0067520,2025-09-04T23:25:51.114217
TN 87 B 0891,864547034449467,0.0,115.45,0.0,03/09/2025 08:42:16,13.011434,80.0065135,0065135,2025-09-04T23:25:51.114368
TN 87 B 0891,864547034449467,0.0,115.45,0.0,03/09/2025 08:41:16,13.0114495,80.0066661,0066661,2025-09-04T23:25:51.114546
TN 87 B 0891,864547034449467,0.0,115.45,0.0,03/09/2025 08:40:16,13.0114495,80.0066661,0066661,2025-09-04T23:25:51.114703
TN 87 B 0891,864547034449467,0.0,115.45,0.0,03/09/2025 08:39:16,13.0114829,80.0065994,0065994,2025-09-04T23:25:51.115019
TN 87 B 0891,864547034449467,0.0,115.45,0.0,03/09/2025 08:38:16,13.0114829,80.0065803,0065803,2025-09-04T23:25:51.115320
TN 87 B 0891,864547034449467,0.0,115.45,0.0,03/09/2025 08:37:16,13.0113673,80.006771,0067710,2025-09-04T23:25:51.115603
TN 87 B 0891,864547034449467,0.0,115.45,0.0,03/09/2025 08:36:16,13.0113673,80.006771,0067710,2025-09-04T23:25:51.115803
TN 87 B 0891,864547034449467,0.0,115.45,0.0,03/09/2025 08:35:16,13.0113673,80.006771,0067710,2025-09-04T23:25:51.115982
TN 87 B 0891,864547034449467,0.0,115.45,0.0,03/09/2025 08:34:16,13.0115008,80.0066661,0066661,2025-09-04T23:25:51.116129
TN 87 B 0891,864547034449467,0.0,115.45,0.0,03/09/2025 08:33:16,13.0113673,80.0065517,0065517,2025-09-04T23:25:51.116246
TN 87 B 0891,864547034449467,0.0,115.45,0.0,03/09/2025 08:32:16,13.0113673,80.0065517,0065517,2025-09-04T23:25:51.116387
TN 87 B 0891,864547034449467,0.0,115.45,0.0,03/09/2025 08:31:16,13.0113673,80.0065517,0065517,2025-09-04T23:25:51.116541
TN 87 B 0891,864547034449467,0.0,115.45,0.0,03/09/2025 08:30:16,13.0113673,80.0065517,0065517,2025-09-04T23:25:51.116676
TN 87 B 0891,864547034449467,0.0,115.45,0.0,03/09/2025 08:29:16,13.0113673,80.0065517,0065517,2025-09-04T23:25:51.116787
TN 87 B 0891,864547034449467,0.0,115.45,0.0,03/09/2025 08:28:16,13.0113673,80.0065517,0065517,2025-09-04T23:25:51.116954
TN 87 B 0891,864547034449467,0.0,115.45,0.0,03/09/2025 08:27:16,13.0113673,80.0065517,0065517,2025-09-04T23:25:51.117103
TN 87 B 0891,864547034449467,0.0,115.45,0.0,03/09/2025 08:26:16,13.0113673,80.0065517,0065517,2025-09-04T23:25:51.117244
TN 87 B 0891,864547034449467,0.0,115.45,0.0,03/09/2025 08:25:16,13.0113673,80.0065517,0065517,2025-09-04T23:25:51.117388
TN 87 B 0891,864547034449467,0.0,115.45,0.0,03/09/2025 08:24:16,13.0113673,80.0065517,0065517,2025-09-04T23:25:51.117505
TN 87 B 0891,864547034449467,0.0,115.45,0.0,03/09/2025 08:23:16,13.0113339,80.0065517,0065517,2025-09-04T23:25:51.117615
TN 87 B 0891,864547034449467,0.0,115.45,0.0,03/09/2025 08:22:16,13.011434,80.0066661,0066661,2025-09-04T23:25:51.117730
TN 87 B 0891,864547034449467,0.0,115.45,0.0,03/09/2025 08:21:16,13.0114161,80.0066852,0066852,2025-09-04T23:25:51.117867
TN 87 B 0891,864547034449467,0.0,115.45,0.0,03/09/2025 08:20:15,13.0114006,80.0066852,0066852,2025-09-04T23:25:51.118021
TN 87 B 0891,864547034449467,0.0,115.45,0.0,03/09/2025 08:19:16,13.011316,80.0064468,0064468,2025-09-04T23:25:51.118200
TN 87 B 0891,864547034449467,0.0,115.45,0.0,03/09/2025 08:18:15,13.0111503,80.0064277,0064277,2025-09-04T23:25:51.118353
TN 87 B 0891,864547034449467,10.0,115.52,0.0,03/09/2025 08:17:16,13.0099332,80.0053215,0053215,2025-09-04T23:25:51.118463
TN 87 B 0891,864547034449467,0.0,115.52,0.0,03/09/2025 08:16:16,13.0093502,80.0055122,0055122,2025-09-04T23:25:51.118605
TN 87 B 0891,864547034449467,0.0,115.52,0.0,03/09/2025 08:15:16,13.0094337,80.005474,0054740,2025-09-04T23:25:51.118726
TN 87 B 0891,864547034449467,0.0,115.52,0.0,03/09/2025 08:14:16,13.009566,80.0055503,0055503,2025-09-04T23:25:51.118861
TN 87 B 0891,864547034449467,0.0,115.52,0.0,03/09/2025 08:13:16,13.0094003,80.0055027,0055027,2025-09-04T23:25:51.118998
TN 87 B 0891,864547034449467,0.0,115.52,0.0,03/09/2025 08:12:15,13.0094504,80.0055503,0055503,2025-09-04T23:25:51.119168
TN 87 B 0891,864547034449467,0.0,115.52,0.0,03/09/2025 08:11:16,13.0094504,80.0055313,0055313,2025-09-04T23:25:51.119304
TN 87 B 0891,864547034449467,0.0,115.52,0.0,03/09/2025 08:10:15,13.0094337,80.005474,0054740,2025-09-04T23:25:51.119413
TN 87 B 0891,864547034449467,0.0,115.52,0.0,03/09/2025 08:09:15,13.0094003,80.0056171,0056171,2025-09-04T23:25:51.119578
TN 87 B 0891,864547034449467,0.0,115.52,0.0,03/09/2025 08:08:15,13.0094003,80.0056171,0056171,2025-09-04T23:25:51.119739
TN 87 B 0891,864547034449467,0.0,115.52,0.0,03/09/2025 08:07:15,13.0094337,80.0055694,0055694,2025-09-04T23:25:51.119867
TN 87 B 0891,864547034449467,0.0,115.52,0.0,03/09/2025 08:06:15,13.0094337,80.0054836,0054836,2025-09-04T23:25:51.120043
TN 87 B 0891,864547034449467,0.0,115.52,0.0,03/09/2025 08:05:15,13.009417,80.0055694,0055694,2025-09-04T23:25:51.120188
TN 87 B 0891,864547034449467,0.0,115.52,0.0,03/09/2025 08:04:15,13.0093836,80.0055694,0055694,2025-09-04T23:25:51.120319
TN 87 B 0891,864547034449467,0.0,115.52,0.0,03/09/2025 08:03:15,13.0094504,80.0055027,0055027,2025-09-04T23:25:51.120460
TN 87 B 0891,864547034449467,0.0,115.52,0.0,03/09/2025 08:02:16,13.0095171,80.0055503,0055503,2025-09-04T23:25:51.120603
TN 87 B 0891,864547034449467,0.0,115.52,0.0,03/09/2025 08:01:16,13.0095326,80.0054359,0054359,2025-09-04T23:25:51.120745
TN 87 B 0891,864547034449467,0.0,115.52,0.0,03/09/2025 08:00:16,13.0093336,80.0055122,0055122,2025-09-04T23:25:51.120898
TN 87 B 0891,864547034449467,0.0,115.52,0.0,03/09/2025 07:59:15,13.0095171,80.0055694,0055694,2025-09-04T23:25:51.121038
TN 87 B 0891,864547034449467,0.0,115.52,0.0,03/09/2025 07:58:16,13.0094993,80.0056266,0056266,2025-09-04T23:25:51.121185
TN 87 B 0891,864547034449467,0.0,115.52,0.0,03/09/2025 07:57:16,13.0094504,80.0055313,0055313,2025-09-04T23:25:51.121319
TN 87 B 0891,864547034449467,0.0,115.52,0.0,03/09/2025 07:56:16,13.0092835,80.0055027,0055027,2025-09-04T23:25:51.121439
TN 87 B 0891,864547034449467,0.0,115.52,0.0,03/09/2025 07:55:16,13.0092668,80.0053882,0053882,2025-09-04T23:25:51.121577
TN 87 B 0891,864547034449467,7.0,115.52,0.0,03/09/2025 07:54:16,13.0093669,80.0055885,0055885,2025-09-04T23:25:51.121695
TN 87 B 0891,864547034449467,0.0,115.52,0.0,03/09/2025 07:54:10,13.0093836,80.0056266,0056266,2025-09-04T23:25:51.121799
TN 87 B 0891,864547034449467,0.0,115.52,0.0,03/09/2025 07:54:06,13.0094003,80.0056552,0056552,2025-09-04T23:25:51.121933
TN 87 B 0891,864547034449467,0.0,115.52,0.0,03/09/2025 07:54:01,13.0094337,80.0056552,0056552,2025-09-04T23:25:51.122189
TN 87 B 0891,864547034449467,0.0,115.52,0.0,03/09/2025 07:53:55,13.0094504,80.0056648,0056648,2025-09-04T23:25:51.122385
TN 87 B 0891,864547034449467,0.0,115.52,0.0,03/09/2025 07:53:51,13.0094838,80.0056648,0056648,2025-09-04T23:25:51.122506
TN 87 B 0891,864547034449467,0.0,115.52,0.0,03/09/2025 07:53:46,13.0094838,80.0056648,0056648,2025-09-04T23:25:51.122636
TN 87 B 0891,864547034449467,0.0,115.52,0.0,03/09/2025 07:53:40,13.0094838,80.0056648,0056648,2025-09-04T23:25:51.122774
TN 87 B 0891,864547034449467,0.0,115.52,0.0,03/09/2025 07:53:02,13.0095326,80.0055885,0055885,2025-09-04T23:25:51.122918
TN 87 B 0891,864547034449467,0.0,115.52,0.0,03/09/2025 07:52:02,13.009566,80.0055122,0055122,2025-09-04T23:25:51.123060
TN 87 B 0891,864547034449467,6.0,115.68,0.0,03/09/2025 07:51:02,13.0096173,80.0052642,0052642,2025-09-04T23:25:51.123188
TN 87 B 0891,864547034449467,7.0,115.71,0.0,03/09/2025 07:50:02,13.0092835,80.0038146,0038146,2025-09-04T23:25:51.123296
TN 87 B 0891,864547034449467,0.0,115.71,0.0,03/09/2025 07:49:02,13.0094504,80.003643,0036430,2025-09-04T23:25:51.123411
TN 87 B 0891,864547034449467,0.0,115.71,0.0,03/09/2025 07:48:02,13.0097508,80.003643,0036430,2025-09-04T23:25:51.123546
TN 87 B 0891,864547034449467,0.0,115.71,0.0,03/09/2025 07:47:02,13.0097508,80.0035667,0035667,2025-09-04T23:25:51.123678
TN 87 B 0891,864547034449467,0.0,115.71,0.0,03/09/2025 07:46:01,13.0098497,80.003252,0032520,2025-09-04T23:25:51.123812
TN 87 B 0891,864547034449467,5.0,115.9,0.0,03/09/2025 07:45:02,13.010466,80.0025177,0025177,2025-09-04T23:25:51.123947
TN 87 B 0891,864547034449467,25.0,116.1,0.0,03/09/2025 07:44:02,13.0114006,80.0010299,0010299,2025-09-04T23:25:51.124099
TN 87 B 0891,864547034449467,64.0,117.06,0.0,03/09/2025 07:41:02,13.0118167,79.9991703,9991703,2025-09-04T23:25:51.124238
TN 87 B 0891,864547034449467,45.0,117.85,0.0,03/09/2025 07:40:02,13.0048,79.9941158,9941158,2025-09-04T23:25:51.124359
TN 87 B 0891,864547034449467,58.0,118.68,0.0,03/09/2025 07:39:02,12.9988002,79.9901962,9901962,2025-09-04T23:25:51.124487
TN 87 B 0891,864547034449467,50.0,119.65,0.0,03/09/2025 07:38:02,12.99255,79.9858999,9858999,2025-09-04T23:25:51.124661
TN 87 B 0891,864547034449467,59.0,120.45,0.0,03/09/2025 07:37:02,12.9872835,79.9787521,9787521,2025-09-04T23:25:51.124819
TN 87 B 0891,864547034449467,37.0,120.86,0.0,03/09/2025 07:36:02,12.9835998,79.9724817,9724817,2025-09-04T23:25:51.124974
TN 87 B 0891,864547034449467,0.0,120.86,0.0,03/09/2025 07:35:02,12.9821836,79.9689006,9689006,2025-09-04T23:25:51.125154
TN 87 B 0891,864547034449467,42.0,121.68,0.0,03/09/2025 07:34:02,12.9810833,79.9668645,9668645,2025-09-04T23:25:51.125306
TN 87 B 0891,864547034449467,37.0,122.23,0.0,03/09/2025 07:33:02,12.9773664,79.9603796,9603796,2025-09-04T23:25:51.125446
TN 87 B 0891,864547034449467,42.0,123.17,0.0,03/09/2025 07:32:02,12.97405,79.9566507,9566507,2025-09-04T23:25:51.125581
TN 87 B 0891,864547034449467,57.0,123.77,0.0,03/09/2025 07:31:02,12.9663002,79.9531841,9531841,2025-09-04T23:25:51.125687
TN 87 B 0891,864547034449467,0.0,123.77,0.0,03/09/2025 07:30:02,12.963767,79.9482822,9482822,2025-09-04T23:25:51.125871
TN 87 B 0891,864547034449467,56.0,124.49,0.0,03/09/2025 07:29:02,12.9612171,79.9444484,9444484,2025-09-04T23:25:51.126072
TN 87 B 0891,864547034449467,32.0,125.24,0.0,03/09/2025 07:28:02,12.9557001,79.9409341,9409341,2025-09-04T23:25:51.126272
TN 87 B 0891,864547034449467,38.0,125.6,0.0,03/09/2025 07:27:02,12.9545998,79.9340677,9340677,2025-09-04T23:25:51.126464
TN 87 B 0891,864547034449467,55.0,126.66,0.0,03/09/2025 07:26:01,12.9526662,79.9313831,9313831,2025-09-04T23:25:51.126668
TN 87 B 0891,864547034449467,60.0,127.3,0.0,03/09/2025 07:25:02,12.9466999,79.9238491,9238491,2025-09-04T23:25:51.126873
TN 87 B 0891,864547034449467,19.0,127.86,0.0,03/09/2025 07:24:02,12.9429662,79.9193191,9193191,2025-09-04T23:25:51.127060
TN 87 B 0891,864547034449467,49.0,128.62,0.0,03/09/2025 07:23:01,12.9396999,79.9153137,9153137,2025-09-04T23:25:51.127211
TN 87 B 0891,864547034449467,33.0,128.83,0.0,03/09/2025 07:22:01,12.9350996,79.9101495,9101495,2025-09-04T23:25:51.127389
TN 87 B 0891,864547034449467,8.0,129.22,0.0,03/09/2025 07:21:02,12.9338836,79.9086284,9086284,2025-09-04T23:25:51.127560
TN 87 B 0891,864547034449467,33.0,129.68,0.0,03/09/2025 07:20:01,12.9335999,79.9050378,9050378,2025-09-04T23:25:51.127727
TN 87 B 0891,864547034449467,49.0,130.4,0.0,03/09/2025 07:19:01,12.9332506,79.9008464,9008464,2025-09-04T23:25:51.127901
TN 87 B 0891,864547034449467,29.0,130.95,0.0,03/09/2025 07:18:01,12.9306161,79.8948144,8948144,2025-09-04T23:25:51.128093
TN 87 B 0891,864547034449467,34.0,131.39,0.0,03/09/2025 07:17:01,12.9297172,79.8897457,8897457,2025-09-04T23:25:51.128248
TN 87 B 0891,864547034449467,46.0,132.09,0.0,03/09/2025 07:16:01,12.9284667,79.885931,8859310,2025-09-04T23:25:51.128403
TN 87 B 0891,864547034449467,19.0,132.2,0.0,03/09/2025 07:15:02,12.9257833,79.8800802,8800802,2025-09-04T23:25:51.128559
TN 87 B 0891,864547034449467,26.0,132.78,0.0,03/09/2025 07:14:01,12.9253662,79.879198,8791980,2025-09-04T23:25:51.128735
TN 87 B 0891,864547034449467,25.0,133.69,0.0,03/09/2025 07:13:01,12.9225993,79.8746204,8746204,2025-09-04T23:25:51.128893
TN 87 B 0891,864547034449467,55.0,134.38,0.0,03/09/2025 07:12:01,12.9188501,79.867134,8671340,2025-09-04T23:25:51.129083
TN 87 B 0891,864547034449467,21.0,134.74,0.0,03/09/2025 07:11:01,12.9169166,79.8611164,8611164,2025-09-04T23:25:51.129274
TN 87 B 0891,864547034449467,35.0,135.21,0.0,03/09/2025 07:10:01,12.9154169,79.8581695,8581695,2025-09-04T23:25:51.129461
TN 87 B 0891,864547034449467,60.0,136.25,0.0,03/09/2025 07:09:02,12.9132497,79.8544454,8544454,2025-09-04T23:25:51.129659
TN 87 B 0891,864547034449467,57.0,136.84,0.0,03/09/2025 07:08:01,12.9109835,79.8451519,8451519,2025-09-04T23:25:51.129842
TN 87 B 0891,864547034449467,15.0,137.36,0.0,03/09/2025 07:07:01,12.91,79.839735,8397350,2025-09-04T23:25:51.130006
TN 87 B 0891,864547034449467,37.0,137.88,0.0,03/09/2025 07:06:02,12.9087495,79.8351001,8351001,2025-09-04T23:25:51.130202
TN 87 B 0891,864547034449467,11.0,138.42,0.0,03/09/2025 07:05:01,12.9071998,79.8305654,8305654,2025-09-04T23:25:51.130400
TN 87 B 0891,864547034449467,45.0,139.2,0.0,03/09/2025 07:04:02,12.9054331,79.8259353,8259353,2025-09-04T23:25:51.130549
TN 87 B 0891,864547034449467,24.0,139.57,0.0,03/09/2025 07:03:01,12.9039835,79.8189449,8189449,2025-09-04T23:25:51.130700
TN 87 B 0891,864547034449467,57.0,140.68,0.0,03/09/2025 07:02:02,12.9028999,79.8156833,8156833,2025-09-04T23:25:51.130842
TN 87 B 0891,864547034449467,68.0,141.71,0.0,03/09/2025 07:01:01,12.8981172,79.8067188,8067188,2025-09-04T23:25:51.130972
TN 87 B 0891,864547034449467,49.0,142.36,0.0,03/09/2025 07:00:02,12.8934836,79.7984457,7984457,2025-09-04T23:25:51.131077
TN 87 B 0891,864547034449467,31.0,142.82,0.0,03/09/2025 06:59:01,12.8898501,79.7938013,7938013,2025-09-04T23:25:51.131203
TN 87 B 0891,864547034449467,59.0,143.75,0.0,03/09/2025 06:58:02,12.8871667,79.7905826,7905826,2025-09-04T23:25:51.131353
TN 87 B 0891,864547034449467,43.0,144.28,0.0,03/09/2025 06:57:02,12.8822004,79.7835826,7835826,2025-09-04T23:25:51.131495
TN 87 B 0891,864547034449467,61.0,144.9,0.0,03/09/2025 06:56:01,12.8798997,79.7792816,7792816,2025-09-04T23:25:51.131628
TN 87 B 0891,864547034449467,32.0,145.29,0.0,03/09/2025 06:55:01,12.8775501,79.7741317,7741317,2025-09-04T23:25:51.131740
TN 87 B 0891,864547034449467,10.0,145.31,0.0,03/09/2025 06:54:02,12.8767335,79.7706317,7706317,2025-09-04T23:25:51.131859
TN 87 B 0891,864547034449467,9.0,145.33,0.0,03/09/2025 06:53:57,12.8766834,79.7704315,7704315,2025-09-04T23:25:51.131993
TN 87 B 0891,864547034449467,0.0,145.33,0.0,03/09/2025 06:53:51,12.8765832,79.7702884,7702884,2025-09-04T23:25:51.132125
TN 87 B 0891,864547034449467,0.0,145.33,0.0,03/09/2025 06:53:47,12.8765666,79.7703027,7703027,2025-09-04T23:25:51.132230
TN 87 B 0891,864547034449467,0.0,145.33,0.0,03/09/2025 06:53:42,12.8765666,79.7703456,7703456,2025-09-04T23:25:51.132350
TN 87 B 0891,864547034449467,11.0,145.35,0.0,03/09/2025 06:53:36,12.8765499,79.7702503,7702503,2025-09-04T23:25:51.132486
TN 87 B 0891,864547034449467,19.0,145.37,0.0,03/09/2025 06:53:32,12.8765165,79.7701358,7701358,2025-09-04T23:25:51.132616
TN 87 B 0891,864547034449467,25.0,145.83,0.0,03/09/2025 06:53:27,12.8764497,79.7698688,7698688,2025-09-04T23:25:51.132739
TN 87 B 0891,864547034449467,56.0,146.83,0.0,03/09/2025 06:52:48,12.8753339,79.7658681,7658681,2025-09-04T23:25:51.132864
TN 87 B 0891,864547034449467,53.0,147.59,0.0,03/09/2025 06:51:48,12.8747999,79.7566509,7566509,2025-09-04T23:25:51.132985
TN 87 B 0891,864547034449467,48.0,148.29,0.0,03/09/2025 06:50:48,12.8742837,79.7496175,7496175,2025-09-04T23:25:51.133122
TN 87 B 0891,864547034449467,22.0,148.37,0.0,03/09/2025 06:49:47,12.8736162,79.7432327,7432327,2025-09-04T23:25:51.133256
TN 87 B 0891,864547034449467,19.0,149.89,0.0,03/09/2025 06:48:48,12.8735506,79.7424459,7424459,2025-09-04T23:25:51.133380
TN 87 B 0891,864547034449467,48.0,150.53,0.0,03/09/2025 06:46:48,12.8724336,79.7284698,7284698,2025-09-04T23:25:51.133504
TN 87 B 0891,864547034449467,41.0,151.22,0.0,03/09/2025 06:45:48,12.8712833,79.7227334,7227334,2025-09-04T23:25:51.133633
TN 87 B 0891,864547034449467,19.0,151.41,0.0,03/09/2025 06:44:48,12.8712999,79.7163295,7163295,2025-09-04T23:25:51.133755
TN 87 B 0891,864547034449467,12.0,151.53,0.0,03/09/2025 06:43:48,12.8714836,79.7146129,7146129,2025-09-04T23:25:51.133874
TN 87 B 0891,864547034449467,0.0,151.53,0.0,03/09/2025 06:42:48,12.8715491,79.7135019,7135019,2025-09-04T23:25:51.134000
TN 87 B 0891,864547034449467,26.0,151.99,0.0,03/09/2025 06:41:48,12.8712833,79.7104358,7104358,2025-09-04T23:25:51.134123
TN 87 B 0891,864547034449467,41.0,152.65,0.0,03/09/2025 06:40:48,12.8723168,79.706254,7062540,2025-09-04T23:25:51.134244
TN 87 B 0891,864547034449467,67.0,153.7,0.0,03/09/2025 06:39:48,12.8732835,79.7003173,7003173,2025-09-04T23:25:51.134369
TN 87 B 0891,864547034449467,65.0,154.8,0.0,03/09/2025 06:38:48,12.8742671,79.6906375,6906375,2025-09-04T23:25:51.134480
TN 87 B 0891,864547034449467,66.0,155.78,0.0,03/09/2025 06:37:48,12.8746164,79.6804952,6804952,2025-09-04T23:25:51.134626
TN 87 B 0891,864547034449467,68.0,156.89,0.0,03/09/2025 06:36:48,12.8739666,79.6714639,6714639,2025-09-04T23:25:51.134792
TN 87 B 0891,864547034449467,59.0,157.57,0.0,03/09/2025 06:35:48,12.8725994,79.6612834,6612834,2025-09-04T23:25:51.134941
TN 87 B 0891,864547034449467,0.0,157.57,0.0,03/09/2025 06:34:48,12.8714668,79.6551132,6551132,2025-09-04T23:25:51.135101
TN 87 B 0891,864547034449467,73.0,158.74,0.0,03/09/2025 06:33:48,12.8697002,79.6487665,6487665,2025-09-04T23:25:51.135214
TN 87 B 0891,864547034449467,73.0,159.71,0.0,03/09/2025 06:32:48,12.8718829,79.6382808,6382808,2025-09-04T23:25:51.135324
TN 87 B 0891,864547034449467,48.0,160.44,0.0,03/09/2025 06:31:48,12.87395,79.6295309,6295309,2025-09-04T23:25:51.135477
TN 87 B 0891,864547034449467,43.0,160.63,0.0,03/09/2025 06:30:48,12.8746342,79.6228647,6228647,2025-09-04T23:25:51.135612
TN 87 B 0891,864547034449467,27.0,161.37,0.0,03/09/2025 06:29:48,12.8744673,79.6210861,6210861,2025-09-04T23:25:51.135737
TN 87 B 0891,864547034449467,43.0,162.22,0.0,03/09/2025 06:28:48,12.8762173,79.6144628,6144628,2025-09-04T23:25:51.135866
TN 87 B 0891,864547034449467,63.0,163.34,0.0,03/09/2025 06:27:48,12.8791999,79.607315,6073150,2025-09-04T23:25:51.135994
TN 87 B 0891,864547034449467,58.0,164.21,0.0,03/09/2025 06:26:48,12.883917,79.5981502,5981502,2025-09-04T23:25:51.136128
TN 87 B 0891,864547034449467,61.0,165.29,0.0,03/09/2025 06:25:48,12.8903997,79.5935678,5935678,2025-09-04T23:25:51.136265
TN 87 B 0891,864547034449467,63.0,165.96,0.0,03/09/2025 06:24:48,12.8943991,79.5845031,5845031,2025-09-04T23:25:51.136384
TN 87 B 0891,864547034449467,0.0,165.96,0.0,03/09/2025 06:23:48,12.8959167,79.578514,5785140,2025-09-04T23:25:51.136513
TN 87 B 0891,864547034449467,43.0,166.49,0.0,03/09/2025 06:22:48,12.8966164,79.5801162,5801162,2025-09-04T23:25:51.136637
TN 87 B 0891,864547034449467,38.0,166.95,0.0,03/09/2025 06:21:48,12.9013002,79.5808315,5808315,2025-09-04T23:25:51.136744
TN 87 B 0891,864547034449467,38.0,167.63,0.0,03/09/2025 06:20:48,12.9054331,79.5813369,5813369,2025-09-04T23:25:51.136874
TN 87 B 0891,864547034449467,44.0,168.5,0.0,03/09/2025 06:19:48,12.911433,79.5804357,5804357,2025-09-04T23:25:51.137127
TN 87 B 0891,864547034449467,54.0,169.0,0.0,03/09/2025 06:18:48,12.9191505,79.5787954,5787954,2025-09-04T23:25:51.137310
TN 87 B 0891,864547034449467,17.0,169.46,0.0,03/09/2025 06:17:48,12.9236495,79.578371,5783710,2025-09-04T23:25:51.137503
TN 87 B 0891,864547034449467,8.0,169.79,0.0,03/09/2025 06:16:48,12.9231166,79.5742177,5742177,2025-09-04T23:25:51.137692
TN 87 B 0891,864547034449467,32.0,170.14,0.0,03/09/2025 06:15:48,12.9226326,79.5711517,5711517,2025-09-04T23:25:51.137866
TN 87 B 0891,864547034449467,6.0,170.33,0.0,03/09/2025 06:14:48,12.9233503,79.5680475,5680475,2025-09-04T23:25:51.138072
TN 87 B 0891,864547034449467,6.0,170.66,0.0,03/09/2025 06:13:48,12.9249,79.5674133,5674133,2025-09-04T23:25:51.138233
TN 87 B 0891,864547034449467,13.0,170.91,0.0,03/09/2025 06:12:48,12.9260169,79.5702362,5702362,2025-09-04T23:25:51.138374
TN 87 B 0891,864547034449467,13.0,171.78,0.0,03/09/2025 06:11:48,12.9272163,79.5722675,5722675,2025-09-04T23:25:51.138512
TN 87 B 0891,864547034449467,59.0,172.69,0.0,03/09/2025 06:10:48,12.9318332,79.5787334,5787334,2025-09-04T23:25:51.138650
TN 87 B 0891,864547034449467,37.0,172.95,0.0,03/09/2025 06:09:48,12.93455,79.5866489,5866489,2025-09-04T23:25:51.138807
TN 87 B 0891,864547034449467,0.0,172.95,0.0,03/09/2025 06:08:48,12.9357337,79.5887279,5887279,2025-09-04T23:25:51.138924
TN 87 B 0891,864547034449467,40.0,173.64,0.0,03/09/2025 06:07:47,12.9415834,79.590063,5900630,2025-09-04T23:25:51.139026
TN 87 B 0891,864547034449467,41.0,174.3,0.0,03/09/2025 06:06:48,12.9454159,79.5950841,5950841,2025-09-04T23:25:51.139224
TN 87 B 0891,864547034449467,52.0,175.14,0.0,03/09/2025 06:05:48,12.9501331,79.5987176,5987176,2025-09-04T23:25:51.139418
TN 87 B 0891,864547034449467,29.0,175.62,0.0,03/09/2025 06:04:48,12.9570174,79.6018981,6018981,2025-09-04T23:25:51.139614
TN 87 B 0891,864547034449467,37.0,176.39,0.0,03/09/2025 06:03:48,12.9607999,79.6041488,6041488,2025-09-04T23:25:51.139841
TN 87 B 0891,864547034449467,39.0,176.92,0.0,03/09/2025 06:02:47,12.9670166,79.6072483,6072483,2025-09-04T23:25:51.140046
TN 87 B 0891,864547034449467,40.0,177.47,0.0,03/09/2025 06:01:48,12.9710507,79.6099328,6099328,2025-09-04T23:25:51.140276
TN 87 B 0891,864547034449467,13.0,177.75,0.0,03/09/2025 06:00:47,12.975217,79.6126317,6126317,2025-09-04T23:25:51.140484
TN 87 B 0891,864547034449467,12.0,177.78,0.0,03/09/2025 05:59:48,12.9772996,79.6139812,6139812,2025-09-04T23:25:51.140709
TN 87 B 0891,864547034449467,0.0,177.78,0.0,03/09/2025 05:58:47,12.9776,79.6141529,6141529,2025-09-04T23:25:51.140891
TN 87 B 0891,864547034449467,0.0,177.78,0.0,03/09/2025 05:57:48,12.9776,79.6141529,6141529,2025-09-04T23:25:51.141065
TN 87 B 0891,864547034449467,13.0,177.95,0.0,03/09/2025 05:56:48,12.978133,79.6158361,6158361,2025-09-04T23:25:51.141220
TN 87 B 0891,864547034449467,0.0,177.95,0.0,03/09/2025 05:55:48,12.978084,79.617362,6173620,2025-09-04T23:25:51.141383
TN 87 B 0891,864547034449467,23.0,178.29,0.0,03/09/2025 05:54:48,12.9777336,79.622116,6221160,2025-09-04T23:25:51.141556
TN 87 B 0891,864547034449467,11.0,178.31,0.0,03/09/2025 05:53:48,12.9782999,79.6252155,6252155,2025-09-04T23:25:51.141717
TN 87 B 0891,864547034449467,0.0,178.31,0.0,03/09/2025 05:53:42,12.9783164,79.6253824,6253824,2025-09-04T23:25:51.141880
TN 87 B 0891,864547034449467,0.0,178.31,0.0,03/09/2025 05:53:38,12.9783164,79.6253824,6253824,2025-09-04T23:25:51.142018
TN 87 B 0891,864547034449467,0.0,178.31,0.0,03/09/2025 05:53:33,12.9783164,79.6253824,6253824,2025-09-04T23:25:51.142163
TN 87 B 0891,864547034449467,0.0,178.31,0.0,03/09/2025 05:53:27,12.9783164,79.6253824,6253824,2025-09-04T23:25:51.142323
TN 87 B 0891,864547034449467,13.0,178.32,0.0,03/09/2025 05:53:23,12.9783332,79.6254825,6254825,2025-09-04T23:25:51.142464
TN 87 B 0891,864547034449467,11.0,178.34,0.0,03/09/2025 05:53:18,12.9783666,79.625616,6256160,2025-09-04T23:25:51.142596
TN 87 B 0891,864547034449467,5.0,178.42,0.0,03/09/2025 05:53:12,12.9784,79.6257877,6257877,2025-09-04T23:25:51.142748
TN 87 B 0891,864547034449467,0.0,178.42,0.0,03/09/2025 05:52:34,12.979083,79.6258306,6258306,2025-09-04T23:25:51.142895
TN 87 B 0891,864547034449467,0.0,178.42,0.0,03/09/2025 05:51:34,12.979083,79.6258306,6258306,2025-09-04T23:25:51.143044
TN 87 B 0891,864547034449467,0.0,178.42,0.0,03/09/2025 05:50:34,12.979083,79.6258306,6258306,2025-09-04T23:25:51.143189
TN 87 B 0891,864547034449467,0.0,178.42,0.0,03/09/2025 05:49:34,12.979083,79.6258306,6258306,2025-09-04T23:25:51.143335
TN 87 B 0891,864547034449467,0.0,178.42,0.0,03/09/2025 05:48:34,12.979083,79.6258306,6258306,2025-09-04T23:25:51.143500
TN 87 B 0891,864547034449467,0.0,178.42,0.0,03/09/2025 05:47:34,12.979083,79.6258306,6258306,2025-09-04T23:25:51.143632
TN 87 B 0891,864547034449467,0.0,178.42,0.0,03/09/2025 05:46:34,12.979083,79.6258306,6258306,2025-09-04T23:25:51.143767
TN 87 B 0891,864547034449467,0.0,178.42,0.0,03/09/2025 05:45:34,12.979083,79.6258306,6258306,2025-09-04T23:25:51.143903
TN 87 B 0891,864547034449467,0.0,178.42,0.0,03/09/2025 05:44:34,12.979083,79.6258306,6258306,2025-09-04T23:25:51.144041
TN 87 B 0891,864547034449467,0.0,178.42,0.0,03/09/2025 05:43:34,12.979083,79.6258306,6258306,2025-09-04T23:25:51.144178
TN 87 B 0891,864547034449467,0.0,178.42,0.0,03/09/2025 05:42:34,12.979083,79.6258306,6258306,2025-09-04T23:25:51.144329
TN 87 B 0891,864547034449467,0.0,178.42,0.0,03/09/2025 05:41:34,12.979083,79.6258306,6258306,2025-09-04T23:25:51.144442
TN 87 B 0891,864547034449467,0.0,178.42,0.0,03/09/2025 05:40:34,12.979083,79.6258306,6258306,2025-09-04T23:25:51.144578
TN 87 B 0891,864547034449467,0.0,178.42,0.0,03/09/2025 05:39:34,12.979083,79.6258306,6258306,2025-09-04T23:25:51.144758
TN 87 B 0891,864547034449467,0.0,178.42,0.0,03/09/2025 05:38:34,12.979083,79.6258306,6258306,2025-09-04T23:25:51.144944
TN 87 B 0891,864547034449467,0.0,178.42,0.0,03/09/2025 05:37:34,12.979083,79.6258306,6258306,2025-09-04T23:25:51.145130
TN 87 B 0891,864547034449467,0.0,178.42,0.0,03/09/2025 05:36:34,12.979083,79.6258306,6258306,2025-09-04T23:25:51.145295
TN 87 B 0891,864547034449467,0.0,178.42,0.0,03/09/2025 05:35:34,12.979083,79.6258306,6258306,2025-09-04T23:25:51.145437
TN 87 B 0891,864547034449467,0.0,178.42,0.0,03/09/2025 05:34:34,12.979083,79.6258306,6258306,2025-09-04T23:25:51.145541
TN 87 B 0891,864547034449467,0.0,178.42,0.0,03/09/2025 05:33:34,12.979083,79.6258306,6258306,2025-09-04T23:25:51.145643
TN 87 B 0891,864547034449467,0.0,178.42,0.0,03/09/2025 05:32:34,12.979083,79.6258306,6258306,2025-09-04T23:25:51.145781
TN 87 B 0891,864547034449467,0.0,178.42,0.0,03/09/2025 05:31:34,12.979083,79.6258306,6258306,2025-09-04T23:25:51.145897
TN 87 B 0891,864547034449467,0.0,178.42,0.0,03/09/2025 05:30:34,12.979083,79.6258306,6258306,2025-09-04T23:25:51.145999
TN 87 B 0891,864547034449467,0.0,178.42,0.0,03/09/2025 05:29:34,12.979083,79.6258306,6258306,2025-09-04T23:25:51.146110
TN 87 B 0891,864547034449467,0.0,178.42,0.0,03/09/2025 05:28:34,12.979083,79.6258306,6258306,2025-09-04T23:25:51.146234
TN 87 B 0891,864547034449467,0.0,178.42,0.0,03/09/2025 05:27:34,12.979083,79.6258306,6258306,2025-09-04T23:25:51.146374
TN 87 B 0891,864547034449467,0.0,178.42,0.0,03/09/2025 05:26:34,12.979083,79.6258306,6258306,2025-09-04T23:25:51.146518
TN 87 B 0891,864547034449467,0.0,178.42,0.0,03/09/2025 05:25:34,12.979083,79.6258306,6258306,2025-09-04T23:25:51.146656
TN 87 B 0891,864547034449467,0.0,178.42,0.0,03/09/2025 05:24:34,12.979083,79.6258306,6258306,2025-09-04T23:25:51.146760
TN 87 B 0891,864547034449467,0.0,178.42,0.0,03/09/2025 05:23:34,12.979083,79.6258306,6258306,2025-09-04T23:25:51.146876
TN 87 B 0891,864547034449467,0.0,178.42,0.0,03/09/2025 05:22:34,12.979083,79.6258306,6258306,2025-09-04T23:25:51.147020
TN 87 B 0891,864547034449467,0.0,178.42,0.0,03/09/2025 05:21:34,12.979083,79.6258306,6258306,2025-09-04T23:25:51.147167
TN 87 B 0891,864547034449467,0.0,178.42,0.0,03/09/2025 05:20:34,12.979083,79.6258306,6258306,2025-09-04T23:25:51.147345
TN 87 B 0891,864547034449467,0.0,178.42,0.0,03/09/2025 05:19:34,12.979083,79.6258306,6258306,2025-09-04T23:25:51.147487
TN 87 B 0891,864547034449467,0.0,178.42,0.0,03/09/2025 05:18:34,12.979083,79.6258306,6258306,2025-09-04T23:25:51.147622
TN 87 B 0891,864547034449467,0.0,178.42,0.0,03/09/2025 05:17:34,12.979083,79.6258306,6258306,2025-09-04T23:25:51.147734
TN 87 B 0891,864547034449467,0.0,178.42,0.0,03/09/2025 05:16:34,12.979083,79.6258306,6258306,2025-09-04T23:25:51.147865
TN 87 B 0891,864547034449467,0.0,178.42,0.0,03/09/2025 05:15:34,12.979083,79.6258306,6258306,2025-09-04T23:25:51.148022
TN 87 B 0891,864547034449467,0.0,178.42,0.0,03/09/2025 05:14:34,12.979083,79.6258306,6258306,2025-09-04T23:25:51.148200
TN 87 B 0891,864547034449467,0.0,178.42,0.0,03/09/2025 05:13:34,12.979083,79.6258306,6258306,2025-09-04T23:25:51.148358
TN 87 B 0891,864547034449467,0.0,178.42,0.0,03/09/2025 05:12:34,12.979083,79.6258306,6258306,2025-09-04T23:25:51.148527
TN 87 B 0891,864547034449467,0.0,178.42,0.0,03/09/2025 05:11:34,12.979083,79.6258306,6258306,2025-09-04T23:25:51.148714
TN 87 B 0891,864547034449467,0.0,178.42,0.0,03/09/2025 05:10:34,12.979083,79.6258306,6258306,2025-09-04T23:25:51.148896
TN 87 B 0891,864547034449467,0.0,178.42,0.0,03/09/2025 05:09:34,12.979083,79.6258306,6258306,2025-09-04T23:25:51.149068
TN 87 B 0891,864547034449467,0.0,178.42,0.0,03/09/2025 05:08:34,12.979083,79.6258306,6258306,2025-09-04T23:25:51.149239
TN 87 B 0891,864547034449467,0.0,178.42,0.0,03/09/2025 05:07:34,12.979083,79.6258306,6258306,2025-09-04T23:25:51.149374
TN 87 B 0891,864547034449467,0.0,178.42,0.0,03/09/2025 05:06:34,12.979083,79.6258306,6258306,2025-09-04T23:25:51.149500
TN 87 B 0891,864547034449467,0.0,178.42,0.0,03/09/2025 05:05:34,12.979083,79.6258306,6258306,2025-09-04T23:25:51.149687
TN 87 B 0891,864547034449467,0.0,178.42,0.0,03/09/2025 05:04:34,12.979083,79.6258306,6258306,2025-09-04T23:25:51.149834
TN 87 B 0891,864547034449467,0.0,178.42,0.0,03/09/2025 05:03:34,12.979083,79.6258306,6258306,2025-09-04T23:25:51.150038
TN 87 B 0891,864547034449467,0.0,178.42,0.0,03/09/2025 05:02:34,12.979083,79.6258306,6258306,2025-09-04T23:25:51.150199
TN 87 B 0891,864547034449467,0.0,178.42,0.0,03/09/2025 05:01:34,12.979083,79.6258306,6258306,2025-09-04T23:25:51.150347
TN 87 B 0891,864547034449467,0.0,178.42,0.0,03/09/2025 05:00:34,12.979083,79.6258306,6258306,2025-09-04T23:25:51.150510
TN 87 B 0891,864547034449467,0.0,178.42,0.0,03/09/2025 04:59:34,12.979083,79.6258306,6258306,2025-09-04T23:25:51.150656
TN 87 B 0891,864547034449467,0.0,178.42,0.0,03/09/2025 04:58:34,12.979083,79.6258306,6258306,2025-09-04T23:25:51.150800
TN 87 B 0891,864547034449467,0.0,178.42,0.0,03/09/2025 04:57:34,12.979083,79.6258306,6258306,2025-09-04T23:25:51.150938
TN 87 B 0891,864547034449467,0.0,178.42,0.0,03/09/2025 04:56:34,12.979083,79.6258306,6258306,2025-09-04T23:25:51.151071
TN 87 B 0891,864547034449467,0.0,178.42,0.0,03/09/2025 04:55:34,12.979083,79.6258306,6258306,2025-09-04T23:25:51.151187
TN 87 B 0891,864547034449467,0.0,178.42,0.0,03/09/2025 04:54:34,12.979083,79.6258306,6258306,2025-09-04T23:25:51.151318
TN 87 B 0891,864547034449467,0.0,178.42,0.0,03/09/2025 04:53:34,12.979083,79.6258306,6258306,2025-09-04T23:25:51.151447
TN 87 B 0891,864547034449467,0.0,178.42,0.0,03/09/2025 04:53:29,12.979083,79.6258306,6258306,2025-09-04T23:25:51.151596
TN 87 B 0891,864547034449467,0.0,178.42,0.0,03/09/2025 04:53:24,12.979083,79.6258306,6258306,2025-09-04T23:25:51.151737
TN 87 B 0891,864547034449467,0.0,178.42,0.0,03/09/2025 04:53:19,12.979083,79.6258306,6258306,2025-09-04T23:25:51.151876
TN 87 B 0891,864547034449467,0.0,178.42,0.0,03/09/2025 04:53:14,12.979083,79.6258306,6258306,2025-09-04T23:25:51.151987
TN 87 B 0891,864547034449467,0.0,178.42,0.0,03/09/2025 04:53:09,12.979083,79.6258306,6258306,2025-09-04T23:25:51.152090
TN 87 B 0891,864547034449467,0.0,178.42,0.0,03/09/2025 04:53:04,12.979083,79.6258306,6258306,2025-09-04T23:25:51.152183
TN 87 B 0891,864547034449467,0.0,178.42,0.0,03/09/2025 04:52:59,12.979083,79.6258306,6258306,2025-09-04T23:25:51.152275
TN 87 B 0891,864547034449467,0.0,178.42,0.0,03/09/2025 04:52:20,12.979083,79.6258306,6258306,2025-09-04T23:25:51.152387
TN 87 B 0891,864547034449467,0.0,178.42,0.0,03/09/2025 04:51:20,12.979083,79.6258306,6258306,2025-09-04T23:25:51.152574
TN 87 B 0891,864547034449467,0.0,178.42,0.0,03/09/2025 04:50:20,12.979083,79.6258306,6258306,2025-09-04T23:25:51.152742
TN 87 B 0891,864547034449467,0.0,178.42,0.0,03/09/2025 04:49:20,12.979083,79.6258306,6258306,2025-09-04T23:25:51.152951
TN 87 B 0891,864547034449467,0.0,178.42,0.0,03/09/2025 04:48:20,12.979083,79.6258306,6258306,2025-09-04T23:25:51.153389
TN 87 B 0891,864547034449467,0.0,178.42,0.0,03/09/2025 04:47:20,12.979083,79.6258306,6258306,2025-09-04T23:25:51.153680
TN 87 B 0891,864547034449467,0.0,178.42,0.0,03/09/2025 04:46:20,12.979083,79.6258306,6258306,2025-09-04T23:25:51.153850
TN 87 B 0891,864547034449467,0.0,178.42,0.0,03/09/2025 04:45:20,12.979083,79.6258306,6258306,2025-09-04T23:25:51.154044
TN 87 B 0891,864547034449467,0.0,178.42,0.0,03/09/2025 04:44:20,12.979083,79.6258306,6258306,2025-09-04T23:25:51.154245
TN 87 B 0891,864547034449467,0.0,178.42,0.0,03/09/2025 04:43:20,12.979083,79.6258306,6258306,2025-09-04T23:25:51.154436
TN 87 B 0891,864547034449467,0.0,178.42,0.0,03/09/2025 04:42:20,12.979083,79.6258306,6258306,2025-09-04T23:25:51.154630
TN 87 B 0891,864547034449467,0.0,178.42,0.0,03/09/2025 04:41:20,12.979083,79.6258306,6258306,2025-09-04T23:25:51.154798
TN 87 B 0891,864547034449467,0.0,178.42,0.0,03/09/2025 04:40:20,12.979083,79.6258306,6258306,2025-09-04T23:25:51.154967
TN 87 B 0891,864547034449467,0.0,178.42,0.0,03/09/2025 04:39:20,12.979083,79.6258306,6258306,2025-09-04T23:25:51.155126
TN 87 B 0891,864547034449467,0.0,178.42,0.0,03/09/2025 04:38:20,12.979083,79.6258306,6258306,2025-09-04T23:25:51.155276
TN 87 B 0891,864547034449467,0.0,178.42,0.0,03/09/2025 04:37:20,12.979083,79.6258306,6258306,2025-09-04T23:25:51.155430
TN 87 B 0891,864547034449467,0.0,178.42,0.0,03/09/2025 04:36:20,12.979083,79.6258306,6258306,2025-09-04T23:25:51.155611
TN 87 B 0891,864547034449467,0.0,178.42,0.0,03/09/2025 04:35:20,12.979083,79.6258306,6258306,2025-09-04T23:25:51.155793
TN 87 B 0891,864547034449467,0.0,178.42,0.0,03/09/2025 04:34:20,12.979083,79.6258306,6258306,2025-09-04T23:25:51.155949
TN 87 B 0891,864547034449467,0.0,178.42,0.0,03/09/2025 04:33:20,12.979083,79.6258306,6258306,2025-09-04T23:25:51.156137
TN 87 B 0891,864547034449467,0.0,178.42,0.0,03/09/2025 04:32:20,12.979083,79.6258306,6258306,2025-09-04T23:25:51.156317
TN 87 B 0891,864547034449467,0.0,178.42,0.0,03/09/2025 04:31:20,12.979083,79.6258306,6258306,2025-09-04T23:25:51.156490
TN 87 B 0891,864547034449467,0.0,178.42,0.0,03/09/2025 04:30:20,12.979083,79.6258306,6258306,2025-09-04T23:25:51.156667
TN 87 B 0891,864547034449467,0.0,178.42,0.0,03/09/2025 04:29:20,12.979083,79.6258306,6258306,2025-09-04T23:25:51.156815
TN 87 B 0891,864547034449467,0.0,178.42,0.0,03/09/2025 04:28:20,12.979083,79.6258306,6258306,2025-09-04T23:25:51.156971
TN 87 B 0891,864547034449467,0.0,178.42,0.0,03/09/2025 04:27:20,12.979083,79.6258306,6258306,2025-09-04T23:25:51.157123
TN 87 B 0891,864547034449467,0.0,178.42,0.0,03/09/2025 04:26:20,12.979083,79.6258306,6258306,2025-09-04T23:25:51.157254
TN 87 B 0891,864547034449467,0.0,178.42,0.0,03/09/2025 04:25:20,12.979083,79.6258306,6258306,2025-09-04T23:25:51.157399
TN 87 B 0891,864547034449467,0.0,178.42,0.0,03/09/2025 04:24:20,12.979083,79.6258306,6258306,2025-09-04T23:25:51.157525
TN 87 B 0891,864547034449467,0.0,178.42,0.0,03/09/2025 04:23:20,12.979083,79.6258306,6258306,2025-09-04T23:25:51.157709
TN 87 B 0891,864547034449467,0.0,178.42,0.0,03/09/2025 04:22:20,12.979083,79.6258306,6258306,2025-09-04T23:25:51.157853
TN 87 B 0891,864547034449467,0.0,178.42,0.0,03/09/2025 04:21:20,12.979083,79.6258306,6258306,2025-09-04T23:25:51.157986
TN 87 B 0891,864547034449467,0.0,178.42,0.0,03/09/2025 04:20:20,12.979083,79.6258306,6258306,2025-09-04T23:25:51.158152
TN 87 B 0891,864547034449467,0.0,178.42,0.0,03/09/2025 04:19:20,12.979083,79.6258306,6258306,2025-09-04T23:25:51.158307
TN 87 B 0891,864547034449467,0.0,178.42,0.0,03/09/2025 04:18:20,12.979083,79.6258306,6258306,2025-09-04T23:25:51.158448
TN 87 B 0891,864547034449467,0.0,178.42,0.0,03/09/2025 04:17:20,12.979083,79.6258306,6258306,2025-09-04T23:25:51.158618
TN 87 B 0891,864547034449467,0.0,178.42,0.0,03/09/2025 04:16:20,12.979083,79.6258306,6258306,2025-09-04T23:25:51.158763
TN 87 B 0891,864547034449467,0.0,178.42,0.0,03/09/2025 04:15:20,12.979083,79.6258306,6258306,2025-09-04T23:25:51.158900
TN 87 B 0891,864547034449467,0.0,178.42,0.0,03/09/2025 04:14:20,12.979083,79.6258306,6258306,2025-09-04T23:25:51.159014
TN 87 B 0891,864547034449467,0.0,178.42,0.0,03/09/2025 04:13:20,12.979083,79.6258306,6258306,2025-09-04T23:25:51.159188
TN 87 B 0891,864547034449467,0.0,178.42,0.0,03/09/2025 04:12:20,12.979083,79.6258306,6258306,2025-09-04T23:25:51.159348
TN 87 B 0891,864547034449467,0.0,178.42,0.0,03/09/2025 04:11:20,12.979083,79.6258306,6258306,2025-09-04T23:25:51.159461
TN 87 B 0891,864547034449467,0.0,178.42,0.0,03/09/2025 04:10:20,12.979083,79.6258306,6258306,2025-09-04T23:25:51.159623
TN 87 B 0891,864547034449467,0.0,178.42,0.0,03/09/2025 04:09:20,12.979083,79.6258306,6258306,2025-09-04T23:25:51.159797
TN 87 B 0891,864547034449467,0.0,178.42,0.0,03/09/2025 04:08:20,12.979083,79.6258306,6258306,2025-09-04T23:25:51.159948
TN 87 B 0891,864547034449467,0.0,178.42,0.0,03/09/2025 04:07:20,12.979083,79.6258306,6258306,2025-09-04T23:25:51.160128
TN 87 B 0891,864547034449467,0.0,178.42,0.0,03/09/2025 04:06:20,12.979083,79.6258306,6258306,2025-09-04T23:25:51.160267
TN 87 B 0891,864547034449467,0.0,178.42,0.0,03/09/2025 04:05:20,12.979083,79.6258306,6258306,2025-09-04T23:25:51.160374
TN 87 B 0891,864547034449467,0.0,178.42,0.0,03/09/2025 04:04:20,12.979083,79.6258306,6258306,2025-09-04T23:25:51.160528
TN 87 B 0891,864547034449467,0.0,178.42,0.0,03/09/2025 04:03:20,12.979083,79.6258306,6258306,2025-09-04T23:25:51.160689
TN 87 B 0891,864547034449467,0.0,178.42,0.0,03/09/2025 04:02:20,12.979083,79.6258306,6258306,2025-09-04T23:25:51.160829
TN 87 B 0891,864547034449467,0.0,178.42,0.0,03/09/2025 04:01:20,12.979083,79.6258306,6258306,2025-09-04T23:25:51.160935
TN 87 B 0891,864547034449467,0.0,178.42,0.0,03/09/2025 04:00:20,12.979083,79.6258306,6258306,2025-09-04T23:25:51.161069
TN 87 B 0891,864547034449467,0.0,178.42,0.0,03/09/2025 03:59:20,12.979083,79.6258306,6258306,2025-09-04T23:25:51.161205
TN 87 B 0891,864547034449467,0.0,178.42,0.0,03/09/2025 03:58:20,12.979083,79.6258306,6258306,2025-09-04T23:25:51.161341
TN 87 B 0891,864547034449467,0.0,178.42,0.0,03/09/2025 03:57:20,12.979083,79.6258306,6258306,2025-09-04T23:25:51.161494
TN 87 B 0891,864547034449467,0.0,178.42,0.0,03/09/2025 03:56:20,12.979083,79.6258306,6258306,2025-09-04T23:25:51.161643
TN 87 B 0891,864547034449467,0.0,178.42,0.0,03/09/2025 03:55:20,12.979083,79.6258306,6258306,2025-09-04T23:25:51.161792
TN 87 B 0891,864547034449467,0.0,178.42,0.0,03/09/2025 03:54:20,12.979083,79.6258306,6258306,2025-09-04T23:25:51.161951
TN 87 B 0891,864547034449467,0.0,178.42,0.0,03/09/2025 03:53:20,12.979083,79.6258306,6258306,2025-09-04T23:25:51.162120
TN 87 B 0891,864547034449467,0.0,178.42,0.0,03/09/2025 03:53:15,12.979083,79.6258306,6258306,2025-09-04T23:25:51.162272
TN 87 B 0891,864547034449467,0.0,178.42,0.0,03/09/2025 03:53:10,12.979083,79.6258306,6258306,2025-09-04T23:25:51.162415
TN 87 B 0891,864547034449467,0.0,178.42,0.0,03/09/2025 03:53:05,12.979083,79.6258306,6258306,2025-09-04T23:25:51.162548
TN 87 B 0891,864547034449467,0.0,178.42,0.0,03/09/2025 03:53:00,12.979083,79.6258306,6258306,2025-09-04T23:25:51.162664
TN 87 B 0891,864547034449467,0.0,178.42,0.0,03/09/2025 03:52:55,12.979083,79.6258306,6258306,2025-09-04T23:25:51.162812
TN 87 B 0891,864547034449467,0.0,178.42,0.0,03/09/2025 03:52:50,12.979083,79.6258306,6258306,2025-09-04T23:25:51.162956
TN 87 B 0891,864547034449467,0.0,178.42,0.0,03/09/2025 03:52:45,12.979083,79.6258306,6258306,2025-09-04T23:25:51.163120
TN 87 B 0891,864547034449467,0.0,178.42,0.0,03/09/2025 03:52:06,12.979083,79.6258306,6258306,2025-09-04T23:25:51.163276
TN 87 B 0891,864547034449467,0.0,178.42,0.0,03/09/2025 03:51:06,12.979083,79.6258306,6258306,2025-09-04T23:25:51.163422
TN 87 B 0891,864547034449467,0.0,178.42,0.0,03/09/2025 03:50:06,12.979083,79.6258306,6258306,2025-09-04T23:25:51.163556
TN 87 B 0891,864547034449467,0.0,178.42,0.0,03/09/2025 03:49:06,12.979083,79.6258306,6258306,2025-09-04T23:25:51.163687
TN 87 B 0891,864547034449467,0.0,178.42,0.0,03/09/2025 03:48:06,12.979083,79.6258306,6258306,2025-09-04T23:25:51.163805
TN 87 B 0891,864547034449467,0.0,178.42,0.0,03/09/2025 03:47:06,12.979083,79.6258306,6258306,2025-09-04T23:25:51.163943
TN 87 B 0891,864547034449467,0.0,178.42,0.0,03/09/2025 03:46:06,12.979083,79.6258306,6258306,2025-09-04T23:25:51.164071
TN 87 B 0891,864547034449467,0.0,178.42,0.0,03/09/2025 03:45:06,12.979083,79.6258306,6258306,2025-09-04T23:25:51.164198
TN 87 B 0891,864547034449467,0.0,178.42,0.0,03/09/2025 03:44:06,12.979083,79.6258306,6258306,2025-09-04T23:25:51.164328
TN 87 B 0891,864547034449467,0.0,178.42,0.0,03/09/2025 03:43:06,12.979083,79.6258306,6258306,2025-09-04T23:25:51.164448
TN 87 B 0891,864547034449467,0.0,178.42,0.0,03/09/2025 03:42:06,12.979083,79.6258306,6258306,2025-09-04T23:25:51.164593
TN 87 B 0891,864547034449467,0.0,178.42,0.0,03/09/2025 03:41:06,12.979083,79.6258306,6258306,2025-09-04T23:25:51.164765
TN 87 B 0891,864547034449467,0.0,178.42,0.0,03/09/2025 03:40:06,12.979083,79.6258306,6258306,2025-09-04T23:25:51.164944
TN 87 B 0891,864547034449467,0.0,178.42,0.0,03/09/2025 03:39:06,12.979083,79.6258306,6258306,2025-09-04T23:25:51.165143
TN 87 B 0891,864547034449467,0.0,178.42,0.0,03/09/2025 03:38:06,12.979083,79.6258306,6258306,2025-09-04T23:25:51.165309
TN 87 B 0891,864547034449467,0.0,178.42,0.0,03/09/2025 03:37:06,12.979083,79.6258306,6258306,2025-09-04T23:25:51.165464
TN 87 B 0891,864547034449467,0.0,178.42,0.0,03/09/2025 03:36:06,12.979083,79.6258306,6258306,2025-09-04T23:25:51.165597
TN 87 B 0891,864547034449467,0.0,178.42,0.0,03/09/2025 03:35:06,12.979083,79.6258306,6258306,2025-09-04T23:25:51.165730
TN 87 B 0891,864547034449467,0.0,178.42,0.0,03/09/2025 03:34:06,12.979083,79.6258306,6258306,2025-09-04T23:25:51.165831
TN 87 B 0891,864547034449467,0.0,178.42,0.0,03/09/2025 03:33:06,12.979083,79.6258306,6258306,2025-09-04T23:25:51.165925
TN 87 B 0891,864547034449467,0.0,178.42,0.0,03/09/2025 03:32:06,12.979083,79.6258306,6258306,2025-09-04T23:25:51.166137
TN 87 B 0891,864547034449467,0.0,178.42,0.0,03/09/2025 03:31:06,12.979083,79.6258306,6258306,2025-09-04T23:25:51.166336
TN 87 B 0891,864547034449467,0.0,178.42,0.0,03/09/2025 03:30:06,12.979083,79.6258306,6258306,2025-09-04T23:25:51.166525
TN 87 B 0891,864547034449467,0.0,178.42,0.0,03/09/2025 03:29:06,12.979083,79.6258306,6258306,2025-09-04T23:25:51.166721
TN 87 B 0891,864547034449467,0.0,178.42,0.0,03/09/2025 03:28:06,12.979083,79.6258306,6258306,2025-09-04T23:25:51.166916
TN 87 B 0891,864547034449467,0.0,178.42,0.0,03/09/2025 03:27:06,12.979083,79.6258306,6258306,2025-09-04T23:25:51.167118
TN 87 B 0891,864547034449467,0.0,178.42,0.0,03/09/2025 03:26:06,12.979083,79.6258306,6258306,2025-09-04T23:25:51.167281
TN 87 B 0891,864547034449467,0.0,178.42,0.0,03/09/2025 03:25:06,12.979083,79.6258306,6258306,2025-09-04T23:25:51.167423
TN 87 B 0891,864547034449467,0.0,178.42,0.0,03/09/2025 03:24:06,12.979083,79.6258306,6258306,2025-09-04T23:25:51.167567
TN 87 B 0891,864547034449467,0.0,178.42,0.0,03/09/2025 03:23:06,12.979083,79.6258306,6258306,2025-09-04T23:25:51.167700
TN 87 B 0891,864547034449467,0.0,178.42,0.0,03/09/2025 03:22:06,12.979083,79.6258306,6258306,2025-09-04T23:25:51.167866
TN 87 B 0891,864547034449467,0.0,178.42,0.0,03/09/2025 03:21:06,12.979083,79.6258306,6258306,2025-09-04T23:25:51.168024
TN 87 B 0891,864547034449467,0.0,178.42,0.0,03/09/2025 03:20:06,12.979083,79.6258306,6258306,2025-09-04T23:25:51.168222
TN 87 B 0891,864547034449467,0.0,178.42,0.0,03/09/2025 03:19:06,12.979083,79.6258306,6258306,2025-09-04T23:25:51.168379
TN 87 B 0891,864547034449467,0.0,178.42,0.0,03/09/2025 03:18:06,12.979083,79.6258306,6258306,2025-09-04T23:25:51.168523
TN 87 B 0891,864547034449467,0.0,178.42,0.0,03/09/2025 03:17:06,12.979083,79.6258306,6258306,2025-09-04T23:25:51.168658
TN 87 B 0891,864547034449467,0.0,178.42,0.0,03/09/2025 03:16:06,12.979083,79.6258306,6258306,2025-09-04T23:25:51.168783
TN 87 B 0891,864547034449467,0.0,178.42,0.0,03/09/2025 03:15:06,12.979083,79.6258306,6258306,2025-09-04T23:25:51.168917
TN 87 B 0891,864547034449467,0.0,178.42,0.0,03/09/2025 03:14:06,12.979083,79.6258306,6258306,2025-09-04T23:25:51.169035
TN 87 B 0891,864547034449467,0.0,178.42,0.0,03/09/2025 03:13:06,12.979083,79.6258306,6258306,2025-09-04T23:25:51.169254
TN 87 B 0891,864547034449467,0.0,178.42,0.0,03/09/2025 03:12:06,12.979083,79.6258306,6258306,2025-09-04T23:25:51.169445
TN 87 B 0891,864547034449467,0.0,178.42,0.0,03/09/2025 03:11:06,12.979083,79.6258306,6258306,2025-09-04T23:25:51.169664
TN 87 B 0891,864547034449467,0.0,178.42,0.0,03/09/2025 03:10:06,12.979083,79.6258306,6258306,2025-09-04T23:25:51.169871
TN 87 B 0891,864547034449467,0.0,178.42,0.0,03/09/2025 03:09:06,12.979083,79.6258306,6258306,2025-09-04T23:25:51.170056
TN 87 B 0891,864547034449467,0.0,178.42,0.0,03/09/2025 03:08:06,12.979083,79.6258306,6258306,2025-09-04T23:25:51.170234
TN 87 B 0891,864547034449467,0.0,178.42,0.0,03/09/2025 03:07:06,12.979083,79.6258306,6258306,2025-09-04T23:25:51.170400
TN 87 B 0891,864547034449467,0.0,178.42,0.0,03/09/2025 03:06:06,12.979083,79.6258306,6258306,2025-09-04T23:25:51.170559
TN 87 B 0891,864547034449467,0.0,178.42,0.0,03/09/2025 03:05:06,12.979083,79.6258306,6258306,2025-09-04T23:25:51.170706
TN 87 B 0891,864547034449467,0.0,178.42,0.0,03/09/2025 03:04:06,12.979083,79.6258306,6258306,2025-09-04T23:25:51.170844
TN 87 B 0891,864547034449467,0.0,178.42,0.0,03/09/2025 03:03:06,12.979083,79.6258306,6258306,2025-09-04T23:25:51.171011
TN 87 B 0891,864547034449467,0.0,178.42,0.0,03/09/2025 03:02:06,12.979083,79.6258306,6258306,2025-09-04T23:25:51.171164
TN 87 B 0891,864547034449467,0.0,178.42,0.0,03/09/2025 03:01:06,12.979083,79.6258306,6258306,2025-09-04T23:25:51.171299
TN 87 B 0891,864547034449467,0.0,178.42,0.0,03/09/2025 03:00:06,12.979083,79.6258306,6258306,2025-09-04T23:25:51.171456
TN 87 B 0891,864547034449467,0.0,178.42,0.0,03/09/2025 02:59:06,12.979083,79.6258306,6258306,2025-09-04T23:25:51.171614
TN 87 B 0891,864547034449467,0.0,178.42,0.0,03/09/2025 02:58:06,12.979083,79.6258306,6258306,2025-09-04T23:25:51.171747
TN 87 B 0891,864547034449467,0.0,178.42,0.0,03/09/2025 02:57:06,12.979083,79.6258306,6258306,2025-09-04T23:25:51.171877
TN 87 B 0891,864547034449467,0.0,178.42,0.0,03/09/2025 02:56:06,12.979083,79.6258306,6258306,2025-09-04T23:25:51.172004
TN 87 B 0891,864547034449467,0.0,178.42,0.0,03/09/2025 02:55:06,12.979083,79.6258306,6258306,2025-09-04T23:25:51.172136
TN 87 B 0891,864547034449467,0.0,178.42,0.0,03/09/2025 02:54:06,12.979083,79.6258306,6258306,2025-09-04T23:25:51.172262
TN 87 B 0891,864547034449467,0.0,178.42,0.0,03/09/2025 02:53:06,12.979083,79.6258306,6258306,2025-09-04T23:25:51.172389
TN 87 B 0891,864547034449467,0.0,178.42,0.0,03/09/2025 02:53:01,12.979083,79.6258306,6258306,2025-09-04T23:25:51.172507
TN 87 B 0891,864547034449467,0.0,178.42,0.0,03/09/2025 02:52:56,12.979083,79.6258306,6258306,2025-09-04T23:25:51.172634
TN 87 B 0891,864547034449467,0.0,178.42,0.0,03/09/2025 02:52:51,12.979083,79.6258306,6258306,2025-09-04T23:25:51.172760
TN 87 B 0891,864547034449467,0.0,178.42,0.0,03/09/2025 02:52:46,12.979083,79.6258306,6258306,2025-09-04T23:25:51.172885
TN 87 B 0891,864547034449467,0.0,178.42,0.0,03/09/2025 02:52:41,12.979083,79.6258306,6258306,2025-09-04T23:25:51.173013
TN 87 B 0891,864547034449467,0.0,178.42,0.0,03/09/2025 02:52:36,12.979083,79.6258306,6258306,2025-09-04T23:25:51.173144
TN 87 B 0891,864547034449467,0.0,178.42,0.0,03/09/2025 02:52:31,12.979083,79.6258306,6258306,2025-09-04T23:25:51.173271
TN 87 B 0891,864547034449467,0.0,178.42,0.0,03/09/2025 02:51:52,12.979083,79.6258306,6258306,2025-09-04T23:25:51.173405
TN 87 B 0891,864547034449467,0.0,178.42,0.0,03/09/2025 02:50:52,12.979083,79.6258306,6258306,2025-09-04T23:25:51.173533
TN 87 B 0891,864547034449467,0.0,178.42,0.0,03/09/2025 02:49:52,12.979083,79.6258306,6258306,2025-09-04T23:25:51.173675
TN 87 B 0891,864547034449467,0.0,178.42,0.0,03/09/2025 02:48:52,12.979083,79.6258306,6258306,2025-09-04T23:25:51.173808
TN 87 B 0891,864547034449467,0.0,178.42,0.0,03/09/2025 02:47:52,12.979083,79.6258306,6258306,2025-09-04T23:25:51.173941
TN 87 B 0891,864547034449467,0.0,178.42,0.0,03/09/2025 02:46:52,12.979083,79.6258306,6258306,2025-09-04T23:25:51.174069
TN 87 B 0891,864547034449467,0.0,178.42,0.0,03/09/2025 02:45:52,12.979083,79.6258306,6258306,2025-09-04T23:25:51.174194
TN 87 B 0891,864547034449467,0.0,178.42,0.0,03/09/2025 02:44:52,12.979083,79.6258306,6258306,2025-09-04T23:25:51.174324
TN 87 B 0891,864547034449467,0.0,178.42,0.0,03/09/2025 02:43:52,12.979083,79.6258306,6258306,2025-09-04T23:25:51.174452
TN 87 B 0891,864547034449467,0.0,178.42,0.0,03/09/2025 02:42:52,12.979083,79.6258306,6258306,2025-09-04T23:25:51.174565
TN 87 B 0891,864547034449467,0.0,178.42,0.0,03/09/2025 02:41:52,12.979083,79.6258306,6258306,2025-09-04T23:25:51.174696
TN 87 B 0891,864547034449467,0.0,178.42,0.0,03/09/2025 02:40:52,12.979083,79.6258306,6258306,2025-09-04T23:25:51.174887
TN 87 B 0891,864547034449467,0.0,178.42,0.0,03/09/2025 02:39:52,12.979083,79.6258306,6258306,2025-09-04T23:25:51.175068
TN 87 B 0891,864547034449467,0.0,178.42,0.0,03/09/2025 02:38:52,12.979083,79.6258306,6258306,2025-09-04T23:25:51.175270
TN 87 B 0891,864547034449467,0.0,178.42,0.0,03/09/2025 02:37:52,12.979083,79.6258306,6258306,2025-09-04T23:25:51.175482
TN 87 B 0891,864547034449467,0.0,178.42,0.0,03/09/2025 02:36:52,12.979083,79.6258306,6258306,2025-09-04T23:25:51.175620
TN 87 B 0891,864547034449467,0.0,178.42,0.0,03/09/2025 02:35:52,12.979083,79.6258306,6258306,2025-09-04T23:25:51.175751
TN 87 B 0891,864547034449467,0.0,178.42,0.0,03/09/2025 02:34:52,12.979083,79.6258306,6258306,2025-09-04T23:25:51.175893
TN 87 B 0891,864547034449467,0.0,178.42,0.0,03/09/2025 02:33:52,12.979083,79.6258306,6258306,2025-09-04T23:25:51.176044
TN 87 B 0891,864547034449467,0.0,178.42,0.0,03/09/2025 02:32:52,12.979083,79.6258306,6258306,2025-09-04T23:25:51.176185
TN 87 B 0891,864547034449467,0.0,178.42,0.0,03/09/2025 02:31:52,12.979083,79.6258306,6258306,2025-09-04T23:25:51.176318
TN 87 B 0891,864547034449467,0.0,178.42,0.0,03/09/2025 02:30:52,12.979083,79.6258306,6258306,2025-09-04T23:25:51.176453
TN 87 B 0891,864547034449467,0.0,178.42,0.0,03/09/2025 02:29:52,12.979083,79.6258306,6258306,2025-09-04T23:25:51.176582
TN 87 B 0891,864547034449467,0.0,178.42,0.0,03/09/2025 02:28:52,12.979083,79.6258306,6258306,2025-09-04T23:25:51.176707
TN 87 B 0891,864547034449467,0.0,178.42,0.0,03/09/2025 02:27:52,12.979083,79.6258306,6258306,2025-09-04T23:25:51.176835
TN 87 B 0891,864547034449467,0.0,178.42,0.0,03/09/2025 02:26:52,12.979083,79.6258306,6258306,2025-09-04T23:25:51.176963
TN 87 B 0891,864547034449467,0.0,178.42,0.0,03/09/2025 02:25:52,12.979083,79.6258306,6258306,2025-09-04T23:25:51.177104
TN 87 B 0891,864547034449467,0.0,178.42,0.0,03/09/2025 02:24:52,12.979083,79.6258306,6258306,2025-09-04T23:25:51.177256
TN 87 B 0891,864547034449467,0.0,178.42,0.0,03/09/2025 02:23:52,12.979083,79.6258306,6258306,2025-09-04T23:25:51.177412
TN 87 B 0891,864547034449467,0.0,178.42,0.0,03/09/2025 02:22:52,12.979083,79.6258306,6258306,2025-09-04T23:25:51.177544
TN 87 B 0891,864547034449467,0.0,178.42,0.0,03/09/2025 02:21:52,12.979083,79.6258306,6258306,2025-09-04T23:25:51.177696
TN 87 B 0891,864547034449467,0.0,178.42,0.0,03/09/2025 02:20:52,12.979083,79.6258306,6258306,2025-09-04T23:25:51.177845
TN 87 B 0891,864547034449467,0.0,178.42,0.0,03/09/2025 02:19:52,12.979083,79.6258306,6258306,2025-09-04T23:25:51.178003
TN 87 B 0891,864547034449467,0.0,178.42,0.0,03/09/2025 02:18:52,12.979083,79.6258306,6258306,2025-09-04T23:25:51.178165
TN 87 B 0891,864547034449467,0.0,178.42,0.0,03/09/2025 02:17:52,12.979083,79.6258306,6258306,2025-09-04T23:25:51.178279
TN 87 B 0891,864547034449467,0.0,178.42,0.0,03/09/2025 02:16:52,12.979083,79.6258306,6258306,2025-09-04T23:25:51.178396
TN 87 B 0891,864547034449467,0.0,178.42,0.0,03/09/2025 02:15:52,12.979083,79.6258306,6258306,2025-09-04T23:25:51.178533
TN 87 B 0891,864547034449467,0.0,178.42,0.0,03/09/2025 02:14:52,12.979083,79.6258306,6258306,2025-09-04T23:25:51.178670
TN 87 B 0891,864547034449467,0.0,178.42,0.0,03/09/2025 02:13:52,12.979083,79.6258306,6258306,2025-09-04T23:25:51.178802
TN 87 B 0891,864547034449467,0.0,178.42,0.0,03/09/2025 02:12:52,12.979083,79.6258306,6258306,2025-09-04T23:25:51.178933
TN 87 B 0891,864547034449467,0.0,178.42,0.0,03/09/2025 02:11:52,12.979083,79.6258306,6258306,2025-09-04T23:25:51.179063
TN 87 B 0891,864547034449467,0.0,178.42,0.0,03/09/2025 02:10:52,12.979083,79.6258306,6258306,2025-09-04T23:25:51.179273
TN 87 B 0891,864547034449467,0.0,178.42,0.0,03/09/2025 02:09:52,12.979083,79.6258306,6258306,2025-09-04T23:25:51.179466
TN 87 B 0891,864547034449467,0.0,178.42,0.0,03/09/2025 02:08:52,12.979083,79.6258306,6258306,2025-09-04T23:25:51.179681
TN 87 B 0891,864547034449467,0.0,178.42,0.0,03/09/2025 02:07:52,12.979083,79.6258306,6258306,2025-09-04T23:25:51.179860
TN 87 B 0891,864547034449467,0.0,178.42,0.0,03/09/2025 02:06:52,12.979083,79.6258306,6258306,2025-09-04T23:25:51.180061
TN 87 B 0891,864547034449467,0.0,178.42,0.0,03/09/2025 02:05:52,12.979083,79.6258306,6258306,2025-09-04T23:25:51.180265
TN 87 B 0891,864547034449467,0.0,178.42,0.0,03/09/2025 02:04:52,12.979083,79.6258306,6258306,2025-09-04T23:25:51.180439
TN 87 B 0891,864547034449467,0.0,178.42,0.0,03/09/2025 02:03:52,12.979083,79.6258306,6258306,2025-09-04T23:25:51.180595
TN 87 B 0891,864547034449467,0.0,178.42,0.0,03/09/2025 02:02:52,12.979083,79.6258306,6258306,2025-09-04T23:25:51.180743
TN 87 B 0891,864547034449467,0.0,178.42,0.0,03/09/2025 02:01:52,12.979083,79.6258306,6258306,2025-09-04T23:25:51.180901
TN 87 B 0891,864547034449467,0.0,178.42,0.0,03/09/2025 02:00:52,12.979083,79.6258306,6258306,2025-09-04T23:25:51.181092
TN 87 B 0891,864547034449467,0.0,178.42,0.0,03/09/2025 01:59:52,12.979083,79.6258306,6258306,2025-09-04T23:25:51.181302
TN 87 B 0891,864547034449467,0.0,178.42,0.0,03/09/2025 01:58:52,12.979083,79.6258306,6258306,2025-09-04T23:25:51.181446
TN 87 B 0891,864547034449467,0.0,178.42,0.0,03/09/2025 01:57:52,12.979083,79.6258306,6258306,2025-09-04T23:25:51.181574
TN 87 B 0891,864547034449467,0.0,178.42,0.0,03/09/2025 01:56:52,12.979083,79.6258306,6258306,2025-09-04T23:25:51.181740
TN 87 B 0891,864547034449467,0.0,178.42,0.0,03/09/2025 01:55:52,12.979083,79.6258306,6258306,2025-09-04T23:25:51.181953
TN 87 B 0891,864547034449467,0.0,178.42,0.0,03/09/2025 01:54:52,12.979083,79.6258306,6258306,2025-09-04T23:25:51.182170
TN 87 B 0891,864547034449467,0.0,178.42,0.0,03/09/2025 01:53:52,12.979083,79.6258306,6258306,2025-09-04T23:25:51.182346
TN 87 B 0891,864547034449467,0.0,178.42,0.0,03/09/2025 01:52:52,12.979083,79.6258306,6258306,2025-09-04T23:25:51.182546
TN 87 B 0891,864547034449467,0.0,178.42,0.0,03/09/2025 01:52:47,12.979083,79.6258306,6258306,2025-09-04T23:25:51.182695
TN 87 B 0891,864547034449467,0.0,178.42,0.0,03/09/2025 01:52:42,12.979083,79.6258306,6258306,2025-09-04T23:25:51.182829
TN 87 B 0891,864547034449467,0.0,178.42,0.0,03/09/2025 01:52:37,12.979083,79.6258306,6258306,2025-09-04T23:25:51.182961
TN 87 B 0891,864547034449467,0.0,178.42,0.0,03/09/2025 01:52:32,12.979083,79.6258306,6258306,2025-09-04T23:25:51.183070
TN 87 B 0891,864547034449467,0.0,178.42,0.0,03/09/2025 01:52:27,12.979083,79.6258306,6258306,2025-09-04T23:25:51.183211
TN 87 B 0891,864547034449467,0.0,178.42,0.0,03/09/2025 01:52:22,12.979083,79.6258306,6258306,2025-09-04T23:25:51.183327
TN 87 B 0891,864547034449467,0.0,178.42,0.0,03/09/2025 01:52:17,12.979083,79.6258306,6258306,2025-09-04T23:25:51.183444
TN 87 B 0891,864547034449467,0.0,178.42,0.0,03/09/2025 01:51:38,12.979083,79.6258306,6258306,2025-09-04T23:25:51.183573
TN 87 B 0891,864547034449467,0.0,178.42,0.0,03/09/2025 01:50:38,12.979083,79.6258306,6258306,2025-09-04T23:25:51.183698
TN 87 B 0891,864547034449467,0.0,178.42,0.0,03/09/2025 01:49:38,12.979083,79.6258306,6258306,2025-09-04T23:25:51.183856
TN 87 B 0891,864547034449467,0.0,178.42,0.0,03/09/2025 01:48:38,12.979083,79.6258306,6258306,2025-09-04T23:25:51.183989
TN 87 B 0891,864547034449467,0.0,178.42,0.0,03/09/2025 01:47:38,12.979083,79.6258306,6258306,2025-09-04T23:25:51.184109
TN 87 B 0891,864547034449467,0.0,178.42,0.0,03/09/2025 01:46:38,12.979083,79.6258306,6258306,2025-09-04T23:25:51.184254
TN 87 B 0891,864547034449467,0.0,178.42,0.0,03/09/2025 01:45:38,12.979083,79.6258306,6258306,2025-09-04T23:25:51.184391
TN 87 B 0891,864547034449467,0.0,178.42,0.0,03/09/2025 01:44:38,12.979083,79.6258306,6258306,2025-09-04T23:25:51.184525
TN 87 B 0891,864547034449467,0.0,178.42,0.0,03/09/2025 01:43:38,12.979083,79.6258306,6258306,2025-09-04T23:25:51.184695
TN 87 B 0891,864547034449467,0.0,178.42,0.0,03/09/2025 01:42:38,12.979083,79.6258306,6258306,2025-09-04T23:25:51.184816
TN 87 B 0891,864547034449467,0.0,178.42,0.0,03/09/2025 01:41:38,12.979083,79.6258306,6258306,2025-09-04T23:25:51.184983
TN 87 B 0891,864547034449467,0.0,178.42,0.0,03/09/2025 01:40:38,12.979083,79.6258306,6258306,2025-09-04T23:25:51.185177
TN 87 B 0891,864547034449467,0.0,178.42,0.0,03/09/2025 01:39:38,12.979083,79.6258306,6258306,2025-09-04T23:25:51.185354
TN 87 B 0891,864547034449467,0.0,178.42,0.0,03/09/2025 01:38:38,12.979083,79.6258306,6258306,2025-09-04T23:25:51.185513
TN 87 B 0891,864547034449467,0.0,178.42,0.0,03/09/2025 01:37:38,12.979083,79.6258306,6258306,2025-09-04T23:25:51.185670
TN 87 B 0891,864547034449467,0.0,178.42,0.0,03/09/2025 01:36:38,12.979083,79.6258306,6258306,2025-09-04T23:25:51.185803
TN 87 B 0891,864547034449467,0.0,178.42,0.0,03/09/2025 01:35:38,12.979083,79.6258306,6258306,2025-09-04T23:25:51.185953
TN 87 B 0891,864547034449467,0.0,178.42,0.0,03/09/2025 01:34:38,12.979083,79.6258306,6258306,2025-09-04T23:25:51.186101
TN 87 B 0891,864547034449467,0.0,178.42,0.0,03/09/2025 01:33:38,12.979083,79.6258306,6258306,2025-09-04T23:25:51.186237
TN 87 B 0891,864547034449467,0.0,178.42,0.0,03/09/2025 01:32:38,12.979083,79.6258306,6258306,2025-09-04T23:25:51.186345
TN 87 B 0891,864547034449467,0.0,178.42,0.0,03/09/2025 01:31:38,12.979083,79.6258306,6258306,2025-09-04T23:25:51.186544
TN 87 B 0891,864547034449467,0.0,178.42,0.0,03/09/2025 01:30:38,12.979083,79.6258306,6258306,2025-09-04T23:25:51.186674
TN 87 B 0891,864547034449467,0.0,178.42,0.0,03/09/2025 01:29:38,12.979083,79.6258306,6258306,2025-09-04T23:25:51.186822
TN 87 B 0891,864547034449467,0.0,178.42,0.0,03/09/2025 01:28:38,12.979083,79.6258306,6258306,2025-09-04T23:25:51.186975
TN 87 B 0891,864547034449467,0.0,178.42,0.0,03/09/2025 01:27:38,12.979083,79.6258306,6258306,2025-09-04T23:25:51.187100
TN 87 B 0891,864547034449467,0.0,178.42,0.0,03/09/2025 01:26:38,12.979083,79.6258306,6258306,2025-09-04T23:25:51.187228
TN 87 B 0891,864547034449467,0.0,178.42,0.0,03/09/2025 01:25:38,12.979083,79.6258306,6258306,2025-09-04T23:25:51.187357
TN 87 B 0891,864547034449467,0.0,178.42,0.0,03/09/2025 01:24:38,12.979083,79.6258306,6258306,2025-09-04T23:25:51.187504
TN 87 B 0891,864547034449467,0.0,178.42,0.0,03/09/2025 01:23:38,12.979083,79.6258306,6258306,2025-09-04T23:25:51.187645
TN 87 B 0891,864547034449467,0.0,178.42,0.0,03/09/2025 01:22:38,12.979083,79.6258306,6258306,2025-09-04T23:25:51.187810
TN 87 B 0891,864547034449467,0.0,178.42,0.0,03/09/2025 01:21:38,12.979083,79.6258306,6258306,2025-09-04T23:25:51.187933
TN 87 B 0891,864547034449467,0.0,178.42,0.0,03/09/2025 01:20:38,12.979083,79.6258306,6258306,2025-09-04T23:25:51.188084
TN 87 B 0891,864547034449467,0.0,178.42,0.0,03/09/2025 01:19:38,12.979083,79.6258306,6258306,2025-09-04T23:25:51.188256
TN 87 B 0891,864547034449467,0.0,178.42,0.0,03/09/2025 01:18:38,12.979083,79.6258306,6258306,2025-09-04T23:25:51.188391
TN 87 B 0891,864547034449467,0.0,178.42,0.0,03/09/2025 01:17:38,12.979083,79.6258306,6258306,2025-09-04T23:25:51.188501
TN 87 B 0891,864547034449467,0.0,178.42,0.0,03/09/2025 01:16:38,12.979083,79.6258306,6258306,2025-09-04T23:25:51.188621
TN 87 B 0891,864547034449467,0.0,178.42,0.0,03/09/2025 01:15:38,12.979083,79.6258306,6258306,2025-09-04T23:25:51.188756
TN 87 B 0891,864547034449467,0.0,178.42,0.0,03/09/2025 01:14:38,12.979083,79.6258306,6258306,2025-09-04T23:25:51.188898
TN 87 B 0891,864547034449467,0.0,178.42,0.0,03/09/2025 01:13:38,12.979083,79.6258306,6258306,2025-09-04T23:25:51.189035
TN 87 B 0891,864547034449467,0.0,178.42,0.0,03/09/2025 01:12:38,12.979083,79.6258306,6258306,2025-09-04T23:25:51.189196
TN 87 B 0891,864547034449467,0.0,178.42,0.0,03/09/2025 01:11:38,12.979083,79.6258306,6258306,2025-09-04T23:25:51.189335
TN 87 B 0891,864547034449467,0.0,178.42,0.0,03/09/2025 01:10:38,12.979083,79.6258306,6258306,2025-09-04T23:25:51.189484
TN 87 B 0891,864547034449467,0.0,178.42,0.0,03/09/2025 01:09:38,12.979083,79.6258306,6258306,2025-09-04T23:25:51.189656
TN 87 B 0891,864547034449467,0.0,178.42,0.0,03/09/2025 01:08:38,12.979083,79.6258306,6258306,2025-09-04T23:25:51.189803
TN 87 B 0891,864547034449467,0.0,178.42,0.0,03/09/2025 01:07:38,12.979083,79.6258306,6258306,2025-09-04T23:25:51.189973
TN 87 B 0891,864547034449467,0.0,178.42,0.0,03/09/2025 01:06:38,12.979083,79.6258306,6258306,2025-09-04T23:25:51.190155
TN 87 B 0891,864547034449467,0.0,178.42,0.0,03/09/2025 01:05:38,12.979083,79.6258306,6258306,2025-09-04T23:25:51.190289
TN 87 B 0891,864547034449467,0.0,178.42,0.0,03/09/2025 01:04:38,12.979083,79.6258306,6258306,2025-09-04T23:25:51.190434
TN 87 B 0891,864547034449467,0.0,178.42,0.0,03/09/2025 01:03:38,12.979083,79.6258306,6258306,2025-09-04T23:25:51.190543
TN 87 B 0891,864547034449467,0.0,178.42,0.0,03/09/2025 01:02:38,12.979083,79.6258306,6258306,2025-09-04T23:25:51.190678
TN 87 B 0891,864547034449467,0.0,178.42,0.0,03/09/2025 01:01:38,12.979083,79.6258306,6258306,2025-09-04T23:25:51.190823
TN 87 B 0891,864547034449467,0.0,178.42,0.0,03/09/2025 01:00:38,12.979083,79.6258306,6258306,2025-09-04T23:25:51.190936
TN 87 B 0891,864547034449467,0.0,178.42,0.0,03/09/2025 00:59:38,12.979083,79.6258306,6258306,2025-09-04T23:25:51.191064
TN 87 B 0891,864547034449467,0.0,178.42,0.0,03/09/2025 00:58:38,12.979083,79.6258306,6258306,2025-09-04T23:25:51.191199
TN 87 B 0891,864547034449467,0.0,178.42,0.0,03/09/2025 00:57:38,12.979083,79.6258306,6258306,2025-09-04T23:25:51.191325
TN 87 B 0891,864547034449467,0.0,178.42,0.0,03/09/2025 00:56:38,12.979083,79.6258306,6258306,2025-09-04T23:25:51.191450
TN 87 B 0891,864547034449467,0.0,178.42,0.0,03/09/2025 00:55:38,12.979083,79.6258306,6258306,2025-09-04T23:25:51.191577
TN 87 B 0891,864547034449467,0.0,178.42,0.0,03/09/2025 00:54:38,12.979083,79.6258306,6258306,2025-09-04T23:25:51.191700
TN 87 B 0891,864547034449467,0.0,178.42,0.0,03/09/2025 00:53:38,12.979083,79.6258306,6258306,2025-09-04T23:25:51.191825
TN 87 B 0891,864547034449467,0.0,178.42,0.0,03/09/2025 00:52:38,12.979083,79.6258306,6258306,2025-09-04T23:25:51.191969
TN 87 B 0891,864547034449467,0.0,178.42,0.0,03/09/2025 00:52:33,12.979083,79.6258306,6258306,2025-09-04T23:25:51.192107
TN 87 B 0891,864547034449467,0.0,178.42,0.0,03/09/2025 00:52:28,12.979083,79.6258306,6258306,2025-09-04T23:25:51.192211
TN 87 B 0891,864547034449467,0.0,178.42,0.0,03/09/2025 00:52:23,12.979083,79.6258306,6258306,2025-09-04T23:25:51.192345
TN 87 B 0891,864547034449467,0.0,178.42,0.0,03/09/2025 00:52:18,12.979083,79.6258306,6258306,2025-09-04T23:25:51.192502
TN 87 B 0891,864547034449467,0.0,178.42,0.0,03/09/2025 00:52:13,12.979083,79.6258306,6258306,2025-09-04T23:25:51.192711
TN 87 B 0891,864547034449467,0.0,178.42,0.0,03/09/2025 00:52:08,12.979083,79.6258306,6258306,2025-09-04T23:25:51.192914
TN 87 B 0891,864547034449467,0.0,178.42,0.0,03/09/2025 00:52:03,12.979083,79.6258306,6258306,2025-09-04T23:25:51.193138
TN 87 B 0891,864547034449467,0.0,178.42,0.0,03/09/2025 00:51:24,12.979083,79.6258306,6258306,2025-09-04T23:25:51.193336
TN 87 B 0891,864547034449467,0.0,178.42,0.0,03/09/2025 00:50:24,12.979083,79.6258306,6258306,2025-09-04T23:25:51.193542
TN 87 B 0891,864547034449467,0.0,178.42,0.0,03/09/2025 00:49:24,12.979083,79.6258306,6258306,2025-09-04T23:25:51.193734
TN 87 B 0891,864547034449467,0.0,178.42,0.0,03/09/2025 00:48:24,12.979083,79.6258306,6258306,2025-09-04T23:25:51.193909
TN 87 B 0891,864547034449467,0.0,178.42,0.0,03/09/2025 00:47:24,12.979083,79.6258306,6258306,2025-09-04T23:25:51.194090
TN 87 B 0891,864547034449467,0.0,178.42,0.0,03/09/2025 00:46:24,12.979083,79.6258306,6258306,2025-09-04T23:25:51.194253
TN 87 B 0891,864547034449467,0.0,178.42,0.0,03/09/2025 00:45:24,12.979083,79.6258306,6258306,2025-09-04T23:25:51.194440
TN 87 B 0891,864547034449467,0.0,178.42,0.0,03/09/2025 00:44:24,12.979083,79.6258306,6258306,2025-09-04T23:25:51.194624
TN 87 B 0891,864547034449467,0.0,178.42,0.0,03/09/2025 00:43:24,12.979083,79.6258306,6258306,2025-09-04T23:25:51.194799
TN 87 B 0891,864547034449467,0.0,178.42,0.0,03/09/2025 00:42:24,12.979083,79.6258306,6258306,2025-09-04T23:25:51.194964
TN 87 B 0891,864547034449467,0.0,178.42,0.0,03/09/2025 00:41:24,12.979083,79.6258306,6258306,2025-09-04T23:25:51.195159
TN 87 B 0891,864547034449467,0.0,178.42,0.0,03/09/2025 00:40:24,12.979083,79.6258306,6258306,2025-09-04T23:25:51.195326
TN 87 B 0891,864547034449467,0.0,178.42,0.0,03/09/2025 00:39:24,12.979083,79.6258306,6258306,2025-09-04T23:25:51.195503
TN 87 B 0891,864547034449467,0.0,178.42,0.0,03/09/2025 00:38:24,12.979083,79.6258306,6258306,2025-09-04T23:25:51.195652
TN 87 B 0891,864547034449467,0.0,178.42,0.0,03/09/2025 00:37:24,12.979083,79.6258306,6258306,2025-09-04T23:25:51.195789
TN 87 B 0891,864547034449467,0.0,178.42,0.0,03/09/2025 00:36:24,12.979083,79.6258306,6258306,2025-09-04T23:25:51.195918
TN 87 B 0891,864547034449467,0.0,178.42,0.0,03/09/2025 00:35:24,12.979083,79.6258306,6258306,2025-09-04T23:25:51.196053
TN 87 B 0891,864547034449467,0.0,178.42,0.0,03/09/2025 00:34:24,12.979083,79.6258306,6258306,2025-09-04T23:25:51.196188
TN 87 B 0891,864547034449467,0.0,178.42,0.0,03/09/2025 00:33:24,12.979083,79.6258306,6258306,2025-09-04T23:25:51.196367
TN 87 B 0891,864547034449467,0.0,178.42,0.0,03/09/2025 00:32:24,12.979083,79.6258306,6258306,2025-09-04T23:25:51.196524
TN 87 B 0891,864547034449467,0.0,178.42,0.0,03/09/2025 00:31:24,12.979083,79.6258306,6258306,2025-09-04T23:25:51.196654
TN 87 B 0891,864547034449467,0.0,178.42,0.0,03/09/2025 00:30:24,12.979083,79.6258306,6258306,2025-09-04T23:25:51.196815
TN 87 B 0891,864547034449467,0.0,178.42,0.0,03/09/2025 00:29:24,12.979083,79.6258306,6258306,2025-09-04T23:25:51.196958
TN 87 B 0891,864547034449467,0.0,178.42,0.0,03/09/2025 00:28:24,12.979083,79.6258306,6258306,2025-09-04T23:25:51.197120
TN 87 B 0891,864547034449467,0.0,178.42,0.0,03/09/2025 00:27:24,12.979083,79.6258306,6258306,2025-09-04T23:25:51.197248
TN 87 B 0891,864547034449467,0.0,178.42,0.0,03/09/2025 00:26:24,12.979083,79.6258306,6258306,2025-09-04T23:25:51.197366
TN 87 B 0891,864547034449467,0.0,178.42,0.0,03/09/2025 00:25:24,12.979083,79.6258306,6258306,2025-09-04T23:25:51.197512
TN 87 B 0891,864547034449467,0.0,178.42,0.0,03/09/2025 00:24:24,12.979083,79.6258306,6258306,2025-09-04T23:25:51.197648
TN 87 B 0891,864547034449467,0.0,178.42,0.0,03/09/2025 00:23:24,12.979083,79.6258306,6258306,2025-09-04T23:25:51.197779
TN 87 B 0891,864547034449467,0.0,178.42,0.0,03/09/2025 00:22:24,12.979083,79.6258306,6258306,2025-09-04T23:25:51.197898
TN 87 B 0891,864547034449467,0.0,178.42,0.0,03/09/2025 00:21:24,12.979083,79.6258306,6258306,2025-09-04T23:25:51.198064
TN 87 B 0891,864547034449467,0.0,178.42,0.0,03/09/2025 00:20:24,12.979083,79.6258306,6258306,2025-09-04T23:25:51.198230
TN 87 B 0891,864547034449467,0.0,178.42,0.0,03/09/2025 00:19:24,12.979083,79.6258306,6258306,2025-09-04T23:25:51.198377
TN 87 B 0891,864547034449467,0.0,178.42,0.0,03/09/2025 00:18:24,12.979083,79.6258306,6258306,2025-09-04T23:25:51.198510
TN 87 B 0891,864547034449467,0.0,178.42,0.0,03/09/2025 00:17:24,12.979083,79.6258306,6258306,2025-09-04T23:25:51.198645
TN 87 B 0891,864547034449467,0.0,178.42,0.0,03/09/2025 00:16:24,12.979083,79.6258306,6258306,2025-09-04T23:25:51.198779
TN 87 B 0891,864547034449467,0.0,178.42,0.0,03/09/2025 00:15:24,12.979083,79.6258306,6258306,2025-09-04T23:25:51.198886
TN 87 B 0891,864547034449467,0.0,178.42,0.0,03/09/2025 00:14:24,12.979083,79.6258306,6258306,2025-09-04T23:25:51.199001
TN 87 B 0891,864547034449467,0.0,178.42,0.0,03/09/2025 00:13:24,12.979083,79.6258306,6258306,2025-09-04T23:25:51.199181
TN 87 B 0891,864547034449467,0.0,178.42,0.0,03/09/2025 00:12:24,12.979083,79.6258306,6258306,2025-09-04T23:25:51.199337
TN 87 B 0891,864547034449467,0.0,178.42,0.0,03/09/2025 00:11:24,12.979083,79.6258306,6258306,2025-09-04T23:25:51.199480
TN 87 B 0891,864547034449467,0.0,178.42,0.0,03/09/2025 00:10:24,12.979083,79.6258306,6258306,2025-09-04T23:25:51.199633
TN 87 B 0891,864547034449467,0.0,178.42,0.0,03/09/2025 00:09:24,12.979083,79.6258306,6258306,2025-09-04T23:25:51.199811
TN 87 B 0891,864547034449467,0.0,178.42,0.0,03/09/2025 00:08:24,12.979083,79.6258306,6258306,2025-09-04T23:25:51.199978
TN 87 B 0891,864547034449467,0.0,178.42,0.0,03/09/2025 00:07:24,12.979083,79.6258306,6258306,2025-09-04T23:25:51.200213
TN 87 B 0891,864547034449467,0.0,178.42,0.0,03/09/2025 00:06:24,12.979083,79.6258306,6258306,2025-09-04T23:25:51.200402
TN 87 B 0891,864547034449467,0.0,178.42,0.0,03/09/2025 00:05:24,12.979083,79.6258306,6258306,2025-09-04T23:25:51.200567
TN 87 B 0891,864547034449467,0.0,178.42,0.0,03/09/2025 00:04:24,12.979083,79.6258306,6258306,2025-09-04T23:25:51.200706
TN 87 B 0891,864547034449467,0.0,178.42,0.0,03/09/2025 00:03:24,12.979083,79.6258306,6258306,2025-09-04T23:25:51.200820
TN 87 B 0891,864547034449467,0.0,178.42,0.0,03/09/2025 00:02:24,12.979083,79.6258306,6258306,2025-09-04T23:25:51.200930
TN 87 B 0891,864547034449467,0.0,178.42,0.0,03/09/2025 00:01:24,12.979083,79.6258306,6258306,2025-09-04T23:25:51.201053
TN 87 B 0891,864547034449467,0.0,178.42,0.0,03/09/2025 00:00:24,12.979083,79.6258306,6258306,2025-09-04T23:25:51.201197
