vehicle_number,device_id,speed,total_distance,fuel,data_received,latitude,longitude,location_text,scraped_at
TN 87 0478,7418,0.0,0.0,311.11,03/09/2025 23:58:51,13.044591666666667,80.1965,1965,2025-09-04T23:19:31.495348
TN 87 0478,7418,0.0,0.0,311.08,03/09/2025 23:58:41,13.044591666666667,80.1965,1965,2025-09-04T23:19:31.495567
TN 87 0478,7418,0.0,0.0,311.08,03/09/2025 23:58:31,13.044591666666667,80.1965,1965,2025-09-04T23:19:31.495776
TN 87 0478,7418,0.0,0.0,311.08,03/09/2025 23:58:21,13.044591666666667,80.1965,1965,2025-09-04T23:19:31.495992
TN 87 0478,7418,0.0,0.0,311.09,03/09/2025 23:58:12,13.044591666666667,80.1965,1965,2025-09-04T23:19:31.496196
TN 87 0478,7418,0.0,0.0,311.1,03/09/2025 23:58:04,13.044591666666667,80.1965,1965,2025-09-04T23:19:31.496367
TN 87 0478,7418,0.0,0.0,311.09,03/09/2025 23:57:51,13.044591666666667,80.1965,1965,2025-09-04T23:19:31.496533
TN 87 0478,7418,0.0,0.0,311.07,03/09/2025 23:57:41,13.044591666666667,80.1965,1965,2025-09-04T23:19:31.496718
TN 87 0478,7418,0.0,0.0,311.07,03/09/2025 23:57:31,13.044591666666667,80.1965,1965,2025-09-04T23:19:31.496917
TN 87 0478,7418,0.0,0.0,311.08,03/09/2025 23:57:22,13.044591666666667,80.1965,1965,2025-09-04T23:19:31.497103
TN 87 0478,7418,0.0,0.0,311.09,03/09/2025 23:57:11,13.044591666666667,80.1965,1965,2025-09-04T23:19:31.497310
TN 87 0478,7418,0.0,0.0,311.09,03/09/2025 23:57:04,13.044591666666667,80.1965,1965,2025-09-04T23:19:31.497504
TN 87 0478,7418,0.0,0.0,311.09,03/09/2025 23:56:51,13.044591666666667,80.1965,1965,2025-09-04T23:19:31.497711
TN 87 0478,7418,0.0,0.0,311.09,03/09/2025 23:56:41,13.044591666666667,80.1965,1965,2025-09-04T23:19:31.497920
TN 87 0478,7418,0.0,0.0,311.1,03/09/2025 23:56:32,13.044591666666667,80.1965,1965,2025-09-04T23:19:31.498120
TN 87 0478,7418,0.0,0.0,311.1,03/09/2025 23:56:21,13.044591666666667,80.1965,1965,2025-09-04T23:19:31.498310
TN 87 0478,7418,0.0,0.0,311.09,03/09/2025 23:56:11,13.044591666666667,80.1965,1965,2025-09-04T23:19:31.498501
TN 87 0478,7418,0.0,0.0,311.09,03/09/2025 23:56:06,13.044591666666667,80.1965,1965,2025-09-04T23:19:31.498676
TN 87 0478,7418,0.0,0.0,311.1,03/09/2025 23:55:52,13.044591666666667,80.1965,1965,2025-09-04T23:19:31.498843
TN 87 0478,7418,0.0,0.0,311.09,03/09/2025 23:55:42,13.044591666666667,80.1965,1965,2025-09-04T23:19:31.499009
TN 87 0478,7418,0.0,0.0,311.08,03/09/2025 23:55:32,13.044591666666667,80.1965,1965,2025-09-04T23:19:31.499230
TN 87 0478,7418,0.0,0.0,311.09,03/09/2025 23:55:22,13.044591666666667,80.1965,1965,2025-09-04T23:19:31.499418
TN 87 0478,7418,0.0,0.0,311.08,03/09/2025 23:55:12,13.044591666666667,80.1965,1965,2025-09-04T23:19:31.499554
TN 87 0478,7418,0.0,0.0,311.08,03/09/2025 23:55:05,13.044591666666667,80.1965,1965,2025-09-04T23:19:31.499745
TN 87 0478,7418,0.0,0.0,311.08,03/09/2025 23:54:52,13.044591666666667,80.1965,1965,2025-09-04T23:19:31.499924
TN 87 0478,7418,0.0,0.0,311.09,03/09/2025 23:54:42,13.044591666666667,80.1965,1965,2025-09-04T23:19:31.500103
TN 87 0478,7418,0.0,0.0,311.09,03/09/2025 23:54:32,13.044591666666667,80.1965,1965,2025-09-04T23:19:31.500293
TN 87 0478,7418,0.0,0.0,311.1,03/09/2025 23:54:22,13.044591666666667,80.1965,1965,2025-09-04T23:19:31.500470
TN 87 0478,7418,0.0,0.0,311.11,03/09/2025 23:54:12,13.044591666666667,80.1965,1965,2025-09-04T23:19:31.500655
TN 87 0478,7418,0.0,0.0,311.09,03/09/2025 23:54:05,13.044591666666667,80.1965,1965,2025-09-04T23:19:31.500841
TN 87 0478,7418,0.0,0.0,311.08,03/09/2025 23:53:52,13.044591666666667,80.1965,1965,2025-09-04T23:19:31.501011
TN 87 0478,7418,0.0,0.0,311.08,03/09/2025 23:53:42,13.044591666666667,80.1965,1965,2025-09-04T23:19:31.501239
TN 87 0478,7418,0.0,0.0,311.08,03/09/2025 23:53:32,13.044591666666667,80.1965,1965,2025-09-04T23:19:31.501463
TN 87 0478,7418,0.0,0.0,311.08,03/09/2025 23:53:22,13.044591666666667,80.1965,1965,2025-09-04T23:19:31.501652
TN 87 0478,7418,0.0,0.0,311.07,03/09/2025 23:53:13,13.044591666666667,80.1965,1965,2025-09-04T23:19:31.501844
TN 87 0478,7418,0.0,0.0,311.08,03/09/2025 23:53:05,13.044591666666667,80.1965,1965,2025-09-04T23:19:31.502034
TN 87 0478,7418,0.0,0.0,311.08,03/09/2025 23:52:53,13.044591666666667,80.1965,1965,2025-09-04T23:19:31.502202
TN 87 0478,7418,0.0,0.0,311.08,03/09/2025 23:52:43,13.044591666666667,80.1965,1965,2025-09-04T23:19:31.502407
TN 87 0478,7418,0.0,0.0,311.08,03/09/2025 23:52:33,13.044591666666667,80.1965,1965,2025-09-04T23:19:31.502596
TN 87 0478,7418,0.0,0.0,311.09,03/09/2025 23:52:23,13.044591666666667,80.1965,1965,2025-09-04T23:19:31.502764
TN 87 0478,7418,0.0,0.0,311.09,03/09/2025 23:52:13,13.044591666666667,80.1965,1965,2025-09-04T23:19:31.502940
TN 87 0478,7418,0.0,0.0,311.09,03/09/2025 23:52:06,13.044591666666667,80.1965,1965,2025-09-04T23:19:31.503101
TN 87 0478,7418,0.0,0.0,311.09,03/09/2025 23:51:53,13.044591666666667,80.1965,1965,2025-09-04T23:19:31.503265
TN 87 0478,7418,0.0,0.0,311.08,03/09/2025 23:51:43,13.044591666666667,80.1965,1965,2025-09-04T23:19:31.503425
TN 87 0478,7418,0.0,0.0,311.08,03/09/2025 23:51:33,13.044591666666667,80.1965,1965,2025-09-04T23:19:31.503582
TN 87 0478,7418,0.0,0.0,311.08,03/09/2025 23:51:23,13.044591666666667,80.1965,1965,2025-09-04T23:19:31.503737
TN 87 0478,7418,0.0,0.0,311.07,03/09/2025 23:51:13,13.044591666666667,80.1965,1965,2025-09-04T23:19:31.503896
TN 87 0478,7418,0.0,0.0,311.07,03/09/2025 23:51:07,13.044591666666667,80.1965,1965,2025-09-04T23:19:31.504049
TN 87 0478,7418,0.0,0.0,311.07,03/09/2025 23:50:53,13.044591666666667,80.1965,1965,2025-09-04T23:19:31.504209
TN 87 0478,7418,0.0,0.0,311.08,03/09/2025 23:50:43,13.044591666666667,80.1965,1965,2025-09-04T23:19:31.504369
TN 87 0478,7418,0.0,0.0,311.08,03/09/2025 23:50:33,13.044591666666667,80.1965,1965,2025-09-04T23:19:31.504540
TN 87 0478,7418,0.0,0.0,311.08,03/09/2025 23:50:23,13.044591666666667,80.1965,1965,2025-09-04T23:19:31.504701
TN 87 0478,7418,0.0,0.0,311.08,03/09/2025 23:50:13,13.044591666666667,80.1965,1965,2025-09-04T23:19:31.504856
TN 87 0478,7418,0.0,0.0,311.08,03/09/2025 23:50:07,13.044591666666667,80.1965,1965,2025-09-04T23:19:31.505015
TN 87 0478,7418,0.0,0.0,311.08,03/09/2025 23:49:54,13.044591666666667,80.1965,1965,2025-09-04T23:19:31.505176
TN 87 0478,7418,0.0,0.0,311.09,03/09/2025 23:49:45,13.044591666666667,80.1965,1965,2025-09-04T23:19:31.505329
TN 87 0478,7418,0.0,0.0,311.08,03/09/2025 23:49:34,13.044591666666667,80.1965,1965,2025-09-04T23:19:31.505488
TN 87 0478,7418,0.0,0.0,311.07,03/09/2025 23:49:24,13.044591666666667,80.1965,1965,2025-09-04T23:19:31.505666
TN 87 0478,7418,0.0,0.0,311.08,03/09/2025 23:49:14,13.044591666666667,80.1965,1965,2025-09-04T23:19:31.505840
TN 87 0478,7418,0.0,0.0,311.08,03/09/2025 23:49:07,13.044591666666667,80.1965,1965,2025-09-04T23:19:31.506042
TN 87 0478,7418,0.0,0.0,311.08,03/09/2025 23:48:55,13.044591666666667,80.1965,1965,2025-09-04T23:19:31.506220
TN 87 0478,7418,0.0,0.0,311.1,03/09/2025 23:48:44,13.044591666666667,80.1965,1965,2025-09-04T23:19:31.506400
TN 87 0478,7418,0.0,0.0,311.1,03/09/2025 23:48:34,13.044591666666667,80.1965,1965,2025-09-04T23:19:31.506571
TN 87 0478,7418,0.0,0.0,311.1,03/09/2025 23:48:24,13.044591666666667,80.1965,1965,2025-09-04T23:19:31.506740
TN 87 0478,7418,0.0,0.0,311.1,03/09/2025 23:48:14,13.044591666666667,80.1965,1965,2025-09-04T23:19:31.506938
TN 87 0478,7418,0.0,0.0,311.09,03/09/2025 23:48:07,13.044591666666667,80.1965,1965,2025-09-04T23:19:31.507165
TN 87 0478,7418,0.0,0.0,311.09,03/09/2025 23:47:54,13.044591666666667,80.1965,1965,2025-09-04T23:19:31.507355
TN 87 0478,7418,0.0,0.0,311.09,03/09/2025 23:47:44,13.044591666666667,80.1965,1965,2025-09-04T23:19:31.507577
TN 87 0478,7418,0.0,0.0,311.1,03/09/2025 23:47:34,13.044591666666667,80.1965,1965,2025-09-04T23:19:31.507800
TN 87 0478,7418,0.0,0.0,311.1,03/09/2025 23:47:24,13.044591666666667,80.1965,1965,2025-09-04T23:19:31.508020
TN 87 0478,7418,0.0,0.0,311.11,03/09/2025 23:47:15,13.044591666666667,80.1965,1965,2025-09-04T23:19:31.508237
TN 87 0478,7418,0.0,0.0,311.09,03/09/2025 23:47:07,13.044591666666667,80.1965,1965,2025-09-04T23:19:31.508481
TN 87 0478,7418,0.0,0.0,311.1,03/09/2025 23:46:55,13.044591666666667,80.1965,1965,2025-09-04T23:19:31.508699
TN 87 0478,7418,0.0,0.0,311.11,03/09/2025 23:46:45,13.044591666666667,80.1965,1965,2025-09-04T23:19:31.509022
TN 87 0478,7418,0.0,0.0,311.09,03/09/2025 23:46:35,13.044591666666667,80.1965,1965,2025-09-04T23:19:31.509233
TN 87 0478,7418,0.0,0.0,311.09,03/09/2025 23:46:25,13.044591666666667,80.1965,1965,2025-09-04T23:19:31.509418
TN 87 0478,7418,0.0,0.0,311.08,03/09/2025 23:46:15,13.044591666666667,80.1965,1965,2025-09-04T23:19:31.509601
TN 87 0478,7418,0.0,0.0,311.09,03/09/2025 23:46:08,13.044591666666667,80.1965,1965,2025-09-04T23:19:31.509794
TN 87 0478,7418,0.0,0.0,311.09,03/09/2025 23:45:55,13.044591666666667,80.1965,1965,2025-09-04T23:19:31.509978
TN 87 0478,7418,0.0,0.0,311.08,03/09/2025 23:45:45,13.044591666666667,80.1965,1965,2025-09-04T23:19:31.510163
TN 87 0478,7418,0.0,0.0,311.08,03/09/2025 23:45:36,13.044591666666667,80.1965,1965,2025-09-04T23:19:31.510343
TN 87 0478,7418,0.0,0.0,311.09,03/09/2025 23:45:25,13.044591666666667,80.1965,1965,2025-09-04T23:19:31.510507
TN 87 0478,7418,0.0,0.0,311.09,03/09/2025 23:45:15,13.044591666666667,80.1965,1965,2025-09-04T23:19:31.510706
TN 87 0478,7418,0.0,0.0,311.1,03/09/2025 23:45:09,13.044591666666667,80.1965,1965,2025-09-04T23:19:31.510891
TN 87 0478,7418,0.0,0.0,311.09,03/09/2025 23:44:55,13.044591666666667,80.1965,1965,2025-09-04T23:19:31.511081
TN 87 0478,7418,0.0,0.0,311.08,03/09/2025 23:44:46,13.044591666666667,80.1965,1965,2025-09-04T23:19:31.511258
TN 87 0478,7418,0.0,0.0,311.08,03/09/2025 23:44:35,13.044591666666667,80.1965,1965,2025-09-04T23:19:31.511446
TN 87 0478,7418,0.0,0.0,311.08,03/09/2025 23:44:25,13.044591666666667,80.1965,1965,2025-09-04T23:19:31.511667
TN 87 0478,7418,0.0,0.0,311.09,03/09/2025 23:44:15,13.044591666666667,80.1965,1965,2025-09-04T23:19:31.511846
TN 87 0478,7418,0.0,0.0,311.1,03/09/2025 23:44:08,13.044591666666667,80.1965,1965,2025-09-04T23:19:31.512012
TN 87 0478,7418,0.0,0.0,311.09,03/09/2025 23:43:56,13.044591666666667,80.1965,1965,2025-09-04T23:19:31.512231
TN 87 0478,7418,0.0,0.0,311.09,03/09/2025 23:43:46,13.044591666666667,80.1965,1965,2025-09-04T23:19:31.512391
TN 87 0478,7418,0.0,0.0,311.1,03/09/2025 23:43:36,13.044591666666667,80.1965,1965,2025-09-04T23:19:31.512552
TN 87 0478,7418,0.0,0.0,311.1,03/09/2025 23:43:26,13.044591666666667,80.1965,1965,2025-09-04T23:19:31.512725
TN 87 0478,7418,0.0,0.0,311.1,03/09/2025 23:43:16,13.044591666666667,80.1965,1965,2025-09-04T23:19:31.512880
TN 87 0478,7418,0.0,0.0,311.11,03/09/2025 23:43:09,13.044591666666667,80.1965,1965,2025-09-04T23:19:31.513043
TN 87 0478,7418,0.0,0.0,311.08,03/09/2025 23:42:56,13.044591666666667,80.1965,1965,2025-09-04T23:19:31.513223
TN 87 0478,7418,0.0,0.0,311.07,03/09/2025 23:42:46,13.044591666666667,80.1965,1965,2025-09-04T23:19:31.513375
TN 87 0478,7418,0.0,0.0,311.07,03/09/2025 23:42:36,13.044591666666667,80.1965,1965,2025-09-04T23:19:31.513523
TN 87 0478,7418,0.0,0.0,311.09,03/09/2025 23:42:26,13.044591666666667,80.1965,1965,2025-09-04T23:19:31.513686
TN 87 0478,7418,0.0,0.0,311.09,03/09/2025 23:42:16,13.044591666666667,80.1965,1965,2025-09-04T23:19:31.513879
TN 87 0478,7418,0.0,0.0,311.08,03/09/2025 23:42:09,13.044591666666667,80.1965,1965,2025-09-04T23:19:31.514051
TN 87 0478,7418,0.0,0.0,311.08,03/09/2025 23:41:56,13.044591666666667,80.1965,1965,2025-09-04T23:19:31.514228
TN 87 0478,7418,0.0,0.0,311.09,03/09/2025 23:41:46,13.044591666666667,80.1965,1965,2025-09-04T23:19:31.514391
TN 87 0478,7418,0.0,0.0,311.09,03/09/2025 23:41:36,13.044591666666667,80.1965,1965,2025-09-04T23:19:31.514561
TN 87 0478,7418,0.0,0.0,311.09,03/09/2025 23:41:27,13.044591666666667,80.1965,1965,2025-09-04T23:19:31.514727
TN 87 0478,7418,0.0,0.0,311.09,03/09/2025 23:41:16,13.044591666666667,80.1965,1965,2025-09-04T23:19:31.514887
TN 87 0478,7418,0.0,0.0,311.09,03/09/2025 23:41:09,13.044591666666667,80.1965,1965,2025-09-04T23:19:31.515047
TN 87 0478,7418,0.0,0.0,311.1,03/09/2025 23:40:56,13.044591666666667,80.1965,1965,2025-09-04T23:19:31.515231
TN 87 0478,7418,0.0,0.0,311.1,03/09/2025 23:40:47,13.044591666666667,80.1965,1965,2025-09-04T23:19:31.515437
TN 87 0478,7418,0.0,0.0,311.09,03/09/2025 23:40:37,13.044591666666667,80.1965,1965,2025-09-04T23:19:31.515712
TN 87 0478,7418,0.0,0.0,311.09,03/09/2025 23:40:27,13.044591666666667,80.1965,1965,2025-09-04T23:19:31.515926
TN 87 0478,7418,0.0,0.0,311.08,03/09/2025 23:40:17,13.044591666666667,80.1965,1965,2025-09-04T23:19:31.516115
TN 87 0478,7418,0.0,0.0,311.09,03/09/2025 23:40:10,13.044591666666667,80.1965,1965,2025-09-04T23:19:31.516314
TN 87 0478,7418,0.0,0.0,311.09,03/09/2025 23:39:57,13.044591666666667,80.1965,1965,2025-09-04T23:19:31.516487
TN 87 0478,7418,0.0,0.0,311.09,03/09/2025 23:39:47,13.044591666666667,80.1965,1965,2025-09-04T23:19:31.516649
TN 87 0478,7418,0.0,0.0,311.09,03/09/2025 23:39:38,13.044591666666667,80.1965,1965,2025-09-04T23:19:31.516888
TN 87 0478,7418,0.0,0.0,311.07,03/09/2025 23:39:27,13.044591666666667,80.1965,1965,2025-09-04T23:19:31.517062
TN 87 0478,7418,0.0,0.0,311.08,03/09/2025 23:39:17,13.044591666666667,80.1965,1965,2025-09-04T23:19:31.517231
TN 87 0478,7418,0.0,0.0,311.08,03/09/2025 23:39:11,13.044591666666667,80.1965,1965,2025-09-04T23:19:31.517399
TN 87 0478,7418,0.0,0.0,311.09,03/09/2025 23:38:57,13.044591666666667,80.1965,1965,2025-09-04T23:19:31.517567
TN 87 0478,7418,0.0,0.0,311.09,03/09/2025 23:38:48,13.044591666666667,80.1965,1965,2025-09-04T23:19:31.517762
TN 87 0478,7418,0.0,0.0,311.08,03/09/2025 23:38:37,13.044591666666667,80.1965,1965,2025-09-04T23:19:31.517930
TN 87 0478,7418,0.0,0.0,311.08,03/09/2025 23:38:27,13.044591666666667,80.1965,1965,2025-09-04T23:19:31.518095
TN 87 0478,7418,0.0,0.0,311.08,03/09/2025 23:38:17,13.044591666666667,80.1965,1965,2025-09-04T23:19:31.518263
TN 87 0478,7418,0.0,0.0,311.08,03/09/2025 23:38:10,13.044591666666667,80.1965,1965,2025-09-04T23:19:31.518427
TN 87 0478,7418,0.0,0.0,311.08,03/09/2025 23:37:58,13.044591666666667,80.1965,1965,2025-09-04T23:19:31.518563
TN 87 0478,7418,0.0,0.0,311.09,03/09/2025 23:37:48,13.044591666666667,80.1965,1965,2025-09-04T23:19:31.518689
TN 87 0478,7418,0.0,0.0,311.08,03/09/2025 23:37:38,13.044591666666667,80.1965,1965,2025-09-04T23:19:31.518848
TN 87 0478,7418,0.0,0.0,311.08,03/09/2025 23:37:28,13.044591666666667,80.1965,1965,2025-09-04T23:19:31.519067
TN 87 0478,7418,0.0,0.0,311.08,03/09/2025 23:37:18,13.044591666666667,80.1965,1965,2025-09-04T23:19:31.519242
TN 87 0478,7418,0.0,0.0,311.08,03/09/2025 23:37:11,13.044591666666667,80.1965,1965,2025-09-04T23:19:31.519414
TN 87 0478,7418,0.0,0.0,311.08,03/09/2025 23:36:58,13.044591666666667,80.1965,1965,2025-09-04T23:19:31.519607
TN 87 0478,7418,0.0,0.0,311.08,03/09/2025 23:36:48,13.044591666666667,80.1965,1965,2025-09-04T23:19:31.519774
TN 87 0478,7418,0.0,0.0,311.08,03/09/2025 23:36:38,13.044591666666667,80.1965,1965,2025-09-04T23:19:31.519926
TN 87 0478,7418,0.0,0.0,311.08,03/09/2025 23:36:28,13.044591666666667,80.1965,1965,2025-09-04T23:19:31.520042
TN 87 0478,7418,0.0,0.0,311.08,03/09/2025 23:36:19,13.044591666666667,80.1965,1965,2025-09-04T23:19:31.520155
TN 87 0478,7418,0.0,0.0,311.07,03/09/2025 23:36:11,13.044591666666667,80.1965,1965,2025-09-04T23:19:31.520396
TN 87 0478,7418,0.0,0.0,311.07,03/09/2025 23:35:58,13.044591666666667,80.1965,1965,2025-09-04T23:19:31.520589
TN 87 0478,7418,0.0,0.0,311.07,03/09/2025 23:35:48,13.044591666666667,80.1965,1965,2025-09-04T23:19:31.520793
TN 87 0478,7418,0.0,0.0,311.08,03/09/2025 23:35:38,13.044591666666667,80.1965,1965,2025-09-04T23:19:31.520984
TN 87 0478,7418,0.0,0.0,311.07,03/09/2025 23:35:29,13.044591666666667,80.1965,1965,2025-09-04T23:19:31.521190
TN 87 0478,7418,0.0,0.0,311.09,03/09/2025 23:35:18,13.044591666666667,80.1965,1965,2025-09-04T23:19:31.521402
TN 87 0478,7418,0.0,0.0,311.09,03/09/2025 23:35:11,13.044591666666667,80.1965,1965,2025-09-04T23:19:31.521635
TN 87 0478,7418,0.0,0.0,311.08,03/09/2025 23:34:58,13.044591666666667,80.1965,1965,2025-09-04T23:19:31.521922
TN 87 0478,7418,0.0,0.0,311.06,03/09/2025 23:34:48,13.044591666666667,80.1965,1965,2025-09-04T23:19:31.522167
TN 87 0478,7418,0.0,0.0,311.06,03/09/2025 23:34:39,13.044591666666667,80.1965,1965,2025-09-04T23:19:31.522371
TN 87 0478,7418,0.0,0.0,311.08,03/09/2025 23:34:29,13.044591666666667,80.1965,1965,2025-09-04T23:19:31.522572
TN 87 0478,7418,0.0,0.0,311.08,03/09/2025 23:34:19,13.044591666666667,80.1965,1965,2025-09-04T23:19:31.522726
TN 87 0478,7418,0.0,0.0,311.08,03/09/2025 23:34:13,13.044591666666667,80.1965,1965,2025-09-04T23:19:31.522866
TN 87 0478,7418,0.0,0.0,311.08,03/09/2025 23:33:59,13.044591666666667,80.1965,1965,2025-09-04T23:19:31.523018
TN 87 0478,7418,0.0,0.0,311.07,03/09/2025 23:33:49,13.044591666666667,80.1965,1965,2025-09-04T23:19:31.523205
TN 87 0478,7418,0.0,0.0,311.08,03/09/2025 23:33:39,13.044591666666667,80.1965,1965,2025-09-04T23:19:31.523361
TN 87 0478,7418,0.0,0.0,311.06,03/09/2025 23:33:29,13.044591666666667,80.1965,1965,2025-09-04T23:19:31.523509
TN 87 0478,7418,0.0,0.0,311.07,03/09/2025 23:33:19,13.044591666666667,80.1965,1965,2025-09-04T23:19:31.523689
TN 87 0478,7418,0.0,0.0,311.07,03/09/2025 23:33:12,13.044591666666667,80.1965,1965,2025-09-04T23:19:31.523864
TN 87 0478,7418,0.0,0.0,311.07,03/09/2025 23:33:00,13.044591666666667,80.1965,1965,2025-09-04T23:19:31.524042
TN 87 0478,7418,0.0,0.0,311.05,03/09/2025 23:32:49,13.044591666666667,80.1965,1965,2025-09-04T23:19:31.524211
TN 87 0478,7418,0.0,0.0,311.05,03/09/2025 23:32:39,13.044591666666667,80.1965,1965,2025-09-04T23:19:31.524376
TN 87 0478,7418,0.0,0.0,311.06,03/09/2025 23:32:29,13.044591666666667,80.1965,1965,2025-09-04T23:19:31.524538
TN 87 0478,7418,0.0,0.0,311.06,03/09/2025 23:32:19,13.044591666666667,80.1965,1965,2025-09-04T23:19:31.524700
TN 87 0478,7418,0.0,0.0,311.05,03/09/2025 23:32:12,13.044591666666667,80.1965,1965,2025-09-04T23:19:31.524853
TN 87 0478,7418,0.0,0.0,311.05,03/09/2025 23:31:59,13.044591666666667,80.1965,1965,2025-09-04T23:19:31.525011
TN 87 0478,7418,0.0,0.0,311.06,03/09/2025 23:31:49,13.044591666666667,80.1965,1965,2025-09-04T23:19:31.525179
TN 87 0478,7418,0.0,0.0,311.05,03/09/2025 23:31:39,13.044591666666667,80.1965,1965,2025-09-04T23:19:31.525357
TN 87 0478,7418,0.0,0.0,311.05,03/09/2025 23:31:30,13.044591666666667,80.1965,1965,2025-09-04T23:19:31.525538
TN 87 0478,7418,0.0,0.0,311.07,03/09/2025 23:31:20,13.044591666666667,80.1965,1965,2025-09-04T23:19:31.525735
TN 87 0478,7418,0.0,0.0,311.04,03/09/2025 23:31:12,13.044591666666667,80.1965,1965,2025-09-04T23:19:31.525903
TN 87 0478,7418,0.0,0.0,311.04,03/09/2025 23:31:00,13.044591666666667,80.1965,1965,2025-09-04T23:19:31.526074
TN 87 0478,7418,0.0,0.0,311.04,03/09/2025 23:30:50,13.044591666666667,80.1965,1965,2025-09-04T23:19:31.526287
TN 87 0478,7418,0.0,0.0,311.04,03/09/2025 23:30:40,13.044591666666667,80.1965,1965,2025-09-04T23:19:31.526465
TN 87 0478,7418,0.0,0.0,311.04,03/09/2025 23:30:30,13.044591666666667,80.1965,1965,2025-09-04T23:19:31.526660
TN 87 0478,7418,0.0,0.0,311.03,03/09/2025 23:30:20,13.044591666666667,80.1965,1965,2025-09-04T23:19:31.526844
TN 87 0478,7418,0.0,0.0,311.03,03/09/2025 23:30:13,13.044591666666667,80.1965,1965,2025-09-04T23:19:31.527037
TN 87 0478,7418,0.0,0.0,310.99,03/09/2025 23:30:00,13.044591666666667,80.1965,1965,2025-09-04T23:19:31.527219
TN 87 0478,7418,0.0,0.0,310.99,03/09/2025 23:29:50,13.044591666666667,80.1965,1965,2025-09-04T23:19:31.527385
TN 87 0478,7418,0.0,0.0,310.98,03/09/2025 23:29:40,13.044591666666667,80.1965,1965,2025-09-04T23:19:31.527548
TN 87 0478,7418,0.0,0.0,310.99,03/09/2025 23:29:31,13.044591666666667,80.1965,1965,2025-09-04T23:19:31.527715
TN 87 0478,7418,0.0,0.0,311.0,03/09/2025 23:29:20,13.044591666666667,80.1965,1965,2025-09-04T23:19:31.527873
TN 87 0478,7418,0.0,0.0,311.0,03/09/2025 23:29:13,13.044591666666667,80.1965,1965,2025-09-04T23:19:31.528030
TN 87 0478,7418,0.0,0.0,311.0,03/09/2025 23:29:00,13.044591666666667,80.1965,1965,2025-09-04T23:19:31.528244
TN 87 0478,7418,0.0,0.0,310.96,03/09/2025 23:28:50,13.044591666666667,80.1965,1965,2025-09-04T23:19:31.528438
TN 87 0478,7418,0.0,0.0,310.96,03/09/2025 23:28:41,13.044591666666667,80.1965,1965,2025-09-04T23:19:31.528631
TN 87 0478,7418,0.0,0.0,310.96,03/09/2025 23:28:30,13.044591666666667,80.1965,1965,2025-09-04T23:19:31.528827
TN 87 0478,7418,0.0,0.0,310.96,03/09/2025 23:28:21,13.044591666666667,80.1965,1965,2025-09-04T23:19:31.529011
TN 87 0478,7418,0.0,0.0,310.97,03/09/2025 23:28:15,13.044591666666667,80.1965,1965,2025-09-04T23:19:31.529200
TN 87 0478,7418,0.0,0.0,310.97,03/09/2025 23:28:01,13.044591666666667,80.1965,1965,2025-09-04T23:19:31.529368
TN 87 0478,7418,0.0,0.0,310.94,03/09/2025 23:27:52,13.044591666666667,80.1965,1965,2025-09-04T23:19:31.529539
TN 87 0478,7418,0.0,0.0,310.96,03/09/2025 23:27:41,13.044591666666667,80.1965,1965,2025-09-04T23:19:31.529698
TN 87 0478,7418,0.0,0.0,310.95,03/09/2025 23:27:31,13.044591666666667,80.1965,1965,2025-09-04T23:19:31.529852
TN 87 0478,7418,0.0,0.0,310.95,03/09/2025 23:27:21,13.044591666666667,80.1965,1965,2025-09-04T23:19:31.530024
TN 87 0478,7418,0.0,0.0,310.95,03/09/2025 23:27:14,13.044591666666667,80.1965,1965,2025-09-04T23:19:31.530191
TN 87 0478,7418,0.0,0.0,310.95,03/09/2025 23:27:02,13.044591666666667,80.1965,1965,2025-09-04T23:19:31.530359
TN 87 0478,7418,0.0,0.0,310.96,03/09/2025 23:26:51,13.044591666666667,80.1965,1965,2025-09-04T23:19:31.530520
TN 87 0478,7418,0.0,0.0,310.97,03/09/2025 23:26:41,13.044591666666667,80.1965,1965,2025-09-04T23:19:31.530699
TN 87 0478,7418,0.0,0.0,310.96,03/09/2025 23:26:31,13.044591666666667,80.1965,1965,2025-09-04T23:19:31.530877
TN 87 0478,7418,0.0,0.0,310.95,03/09/2025 23:26:21,13.044591666666667,80.1965,1965,2025-09-04T23:19:31.531066
TN 87 0478,7418,0.0,0.0,310.93,03/09/2025 23:26:14,13.044591666666667,80.1965,1965,2025-09-04T23:19:31.531269
TN 87 0478,7418,0.0,0.0,310.91,03/09/2025 23:26:01,13.044591666666667,80.1965,1965,2025-09-04T23:19:31.531435
TN 87 0478,7418,0.0,0.0,310.93,03/09/2025 23:25:51,13.044591666666667,80.1965,1965,2025-09-04T23:19:31.531627
TN 87 0478,7418,0.0,0.0,310.94,03/09/2025 23:25:41,13.044591666666667,80.1965,1965,2025-09-04T23:19:31.531795
TN 87 0478,7418,0.0,0.0,310.94,03/09/2025 23:25:31,13.044591666666667,80.1965,1965,2025-09-04T23:19:31.531937
TN 87 0478,7418,0.0,0.0,310.92,03/09/2025 23:25:22,13.044591666666667,80.1965,1965,2025-09-04T23:19:31.532136
TN 87 0478,7418,0.0,0.0,310.92,03/09/2025 23:25:14,13.044591666666667,80.1965,1965,2025-09-04T23:19:31.532301
TN 87 0478,7418,0.0,0.0,310.92,03/09/2025 23:25:02,13.044591666666667,80.1965,1965,2025-09-04T23:19:31.532474
TN 87 0478,7418,0.0,0.0,310.91,03/09/2025 23:24:52,13.044591666666667,80.1965,1965,2025-09-04T23:19:31.532631
TN 87 0478,7418,0.0,0.0,310.91,03/09/2025 23:24:42,13.044591666666667,80.1965,1965,2025-09-04T23:19:31.532793
TN 87 0478,7418,0.0,0.0,310.92,03/09/2025 23:24:32,13.044591666666667,80.1965,1965,2025-09-04T23:19:31.532958
TN 87 0478,7418,0.0,0.0,310.85,03/09/2025 23:24:22,13.044591666666667,80.1965,1965,2025-09-04T23:19:31.533156
TN 87 0478,7418,0.0,0.0,310.85,03/09/2025 23:24:15,13.044591666666667,80.1965,1965,2025-09-04T23:19:31.533398
TN 87 0478,7418,0.0,0.0,310.85,03/09/2025 23:24:02,13.044591666666667,80.1965,1965,2025-09-04T23:19:31.533714
TN 87 0478,7418,0.0,0.0,310.88,03/09/2025 23:23:52,13.044591666666667,80.1965,1965,2025-09-04T23:19:31.534009
TN 87 0478,7418,0.0,0.0,310.84,03/09/2025 23:23:43,13.044591666666667,80.1965,1965,2025-09-04T23:19:31.534227
TN 87 0478,7418,0.0,0.0,310.83,03/09/2025 23:23:32,13.044591666666667,80.1965,1965,2025-09-04T23:19:31.534441
TN 87 0478,7418,0.0,0.0,310.85,03/09/2025 23:23:22,13.044591666666667,80.1965,1965,2025-09-04T23:19:31.534655
TN 87 0478,7418,0.0,0.0,310.85,03/09/2025 23:23:16,13.044591666666667,80.1965,1965,2025-09-04T23:19:31.534882
TN 87 0478,7418,0.0,0.0,310.85,03/09/2025 23:23:02,13.044591666666667,80.1965,1965,2025-09-04T23:19:31.535125
TN 87 0478,7418,0.0,0.0,310.86,03/09/2025 23:22:53,13.044591666666667,80.1965,1965,2025-09-04T23:19:31.535375
TN 87 0478,7418,0.0,0.0,310.8,03/09/2025 23:22:42,13.044591666666667,80.1965,1965,2025-09-04T23:19:31.535604
TN 87 0478,7418,0.0,0.0,310.81,03/09/2025 23:22:32,13.044591666666667,80.1965,1965,2025-09-04T23:19:31.535811
TN 87 0478,7418,0.0,0.0,310.8,03/09/2025 23:22:22,13.044591666666667,80.1965,1965,2025-09-04T23:19:31.536005
TN 87 0478,7418,0.0,0.0,310.8,03/09/2025 23:22:15,13.044591666666667,80.1965,1965,2025-09-04T23:19:31.536189
TN 87 0478,7418,0.0,0.0,310.8,03/09/2025 23:22:03,13.044591666666667,80.1965,1965,2025-09-04T23:19:31.536358
TN 87 0478,7418,0.0,0.0,310.82,03/09/2025 23:21:53,13.044591666666667,80.1965,1965,2025-09-04T23:19:31.536566
TN 87 0478,7418,0.0,0.0,310.83,03/09/2025 23:21:43,13.044591666666667,80.1965,1965,2025-09-04T23:19:31.536749
TN 87 0478,7418,0.0,0.0,310.72,03/09/2025 23:21:33,13.044591666666667,80.1965,1965,2025-09-04T23:19:31.536894
TN 87 0478,7418,0.0,0.0,310.72,03/09/2025 23:21:23,13.044591666666667,80.1965,1965,2025-09-04T23:19:31.537063
TN 87 0478,7418,0.0,0.0,310.75,03/09/2025 23:21:16,13.044591666666667,80.1965,1965,2025-09-04T23:19:31.537234
TN 87 0478,7418,0.0,0.0,310.74,03/09/2025 23:21:03,13.044591666666667,80.1965,1965,2025-09-04T23:19:31.537414
TN 87 0478,7418,0.0,0.0,310.73,03/09/2025 23:20:53,13.044591666666667,80.1965,1965,2025-09-04T23:19:31.537574
TN 87 0478,7418,0.0,0.0,310.73,03/09/2025 23:20:43,13.044591666666667,80.1965,1965,2025-09-04T23:19:31.537716
TN 87 0478,7418,0.0,0.0,310.72,03/09/2025 23:20:33,13.044591666666667,80.1965,1965,2025-09-04T23:19:31.537864
TN 87 0478,7418,0.0,0.0,310.72,03/09/2025 23:20:23,13.044591666666667,80.1965,1965,2025-09-04T23:19:31.538007
TN 87 0478,7418,0.0,0.0,310.71,03/09/2025 23:20:16,13.044591666666667,80.1965,1965,2025-09-04T23:19:31.538151
TN 87 0478,7418,0.0,0.0,310.7,03/09/2025 23:20:03,13.044591666666667,80.1965,1965,2025-09-04T23:19:31.538296
TN 87 0478,7418,0.0,0.0,310.71,03/09/2025 23:19:53,13.044591666666667,80.1965,1965,2025-09-04T23:19:31.538448
TN 87 0478,7418,0.0,0.0,310.71,03/09/2025 23:19:43,13.044591666666667,80.1965,1965,2025-09-04T23:19:31.538610
TN 87 0478,7418,0.0,0.0,310.71,03/09/2025 23:19:33,13.044591666666667,80.1965,1965,2025-09-04T23:19:31.538752
TN 87 0478,7418,0.0,0.0,310.7,03/09/2025 23:19:23,13.044591666666667,80.1965,1965,2025-09-04T23:19:31.538892
TN 87 0478,7418,0.0,0.0,310.7,03/09/2025 23:19:16,13.044591666666667,80.1965,1965,2025-09-04T23:19:31.539047
TN 87 0478,7418,0.0,0.0,310.7,03/09/2025 23:19:03,13.044591666666667,80.1965,1965,2025-09-04T23:19:31.539239
TN 87 0478,7418,0.0,0.0,310.69,03/09/2025 23:18:53,13.044591666666667,80.1965,1965,2025-09-04T23:19:31.539400
TN 87 0478,7418,0.0,0.0,310.69,03/09/2025 23:18:44,13.044591666666667,80.1965,1965,2025-09-04T23:19:31.539559
TN 87 0478,7418,0.0,0.0,310.69,03/09/2025 23:18:35,13.044591666666667,80.1965,1965,2025-09-04T23:19:31.539733
TN 87 0478,7418,0.0,0.0,310.7,03/09/2025 23:18:24,13.044591666666667,80.1965,1965,2025-09-04T23:19:31.539900
TN 87 0478,7418,0.0,0.0,310.7,03/09/2025 23:18:16,13.044591666666667,80.1965,1965,2025-09-04T23:19:31.540070
TN 87 0478,7418,0.0,0.0,310.71,03/09/2025 23:18:04,13.044591666666667,80.1965,1965,2025-09-04T23:19:31.540260
TN 87 0478,7418,0.0,0.0,310.71,03/09/2025 23:17:54,13.044591666666667,80.1965,1965,2025-09-04T23:19:31.540421
TN 87 0478,7418,0.0,0.0,310.7,03/09/2025 23:17:45,13.044591666666667,80.1965,1965,2025-09-04T23:19:31.540619
TN 87 0478,7418,0.0,0.0,310.7,03/09/2025 23:17:34,13.044591666666667,80.1965,1965,2025-09-04T23:19:31.540807
TN 87 0478,7418,0.0,0.0,310.7,03/09/2025 23:17:24,13.044591666666667,80.1965,1965,2025-09-04T23:19:31.540988
TN 87 0478,7418,0.0,0.0,310.69,03/09/2025 23:17:18,13.044591666666667,80.1965,1965,2025-09-04T23:19:31.541180
TN 87 0478,7418,0.0,0.0,310.69,03/09/2025 23:17:04,13.044591666666667,80.1965,1965,2025-09-04T23:19:31.541334
TN 87 0478,7418,0.0,0.0,310.7,03/09/2025 23:16:55,13.044591666666667,80.1965,1965,2025-09-04T23:19:31.541504
TN 87 0478,7418,0.0,0.0,310.69,03/09/2025 23:16:44,13.044591666666667,80.1965,1965,2025-09-04T23:19:31.541687
TN 87 0478,7418,0.0,0.0,310.69,03/09/2025 23:16:34,13.044591666666667,80.1965,1965,2025-09-04T23:19:31.541864
TN 87 0478,7418,0.0,0.0,310.7,03/09/2025 23:16:24,13.044591666666667,80.1965,1965,2025-09-04T23:19:31.542039
TN 87 0478,7418,0.0,0.0,310.7,03/09/2025 23:16:17,13.044591666666667,80.1965,1965,2025-09-04T23:19:31.542231
TN 87 0478,7418,0.0,0.0,310.7,03/09/2025 23:16:05,13.044591666666667,80.1965,1965,2025-09-04T23:19:31.542388
TN 87 0478,7418,0.0,0.0,310.7,03/09/2025 23:15:54,13.044591666666667,80.1965,1965,2025-09-04T23:19:31.542565
TN 87 0478,7418,0.0,0.0,310.68,03/09/2025 23:15:44,13.044591666666667,80.1965,1965,2025-09-04T23:19:31.542761
TN 87 0478,7418,0.0,0.0,310.68,03/09/2025 23:15:34,13.044591666666667,80.1965,1965,2025-09-04T23:19:31.542938
TN 87 0478,7418,0.0,0.0,310.69,03/09/2025 23:15:24,13.044591666666667,80.1965,1965,2025-09-04T23:19:31.543082
TN 87 0478,7418,0.0,0.0,310.69,03/09/2025 23:15:17,13.044591666666667,80.1965,1965,2025-09-04T23:19:31.543236
TN 87 0478,7418,0.0,0.0,310.7,03/09/2025 23:15:05,13.044591666666667,80.1965,1965,2025-09-04T23:19:31.543421
TN 87 0478,7418,0.0,0.0,310.7,03/09/2025 23:14:55,13.044591666666667,80.1965,1965,2025-09-04T23:19:31.543584
TN 87 0478,7418,0.0,0.0,310.7,03/09/2025 23:14:45,13.044591666666667,80.1965,1965,2025-09-04T23:19:31.543746
TN 87 0478,7418,0.0,0.0,310.69,03/09/2025 23:14:35,13.044591666666667,80.1965,1965,2025-09-04T23:19:31.543907
TN 87 0478,7418,0.0,0.0,310.7,03/09/2025 23:14:25,13.044591666666667,80.1965,1965,2025-09-04T23:19:31.544079
TN 87 0478,7418,0.0,0.0,310.7,03/09/2025 23:14:18,13.044591666666667,80.1965,1965,2025-09-04T23:19:31.544244
TN 87 0478,7418,0.0,0.0,310.7,03/09/2025 23:14:05,13.044591666666667,80.1965,1965,2025-09-04T23:19:31.544427
TN 87 0478,7418,0.0,0.0,310.71,03/09/2025 23:13:55,13.044591666666667,80.1965,1965,2025-09-04T23:19:31.544594
TN 87 0478,7418,0.0,0.0,310.71,03/09/2025 23:13:45,13.044591666666667,80.1965,1965,2025-09-04T23:19:31.544753
TN 87 0478,7418,0.0,0.0,310.7,03/09/2025 23:13:36,13.044591666666667,80.1965,1965,2025-09-04T23:19:31.544925
TN 87 0478,7418,0.0,0.0,310.69,03/09/2025 23:13:25,13.044591666666667,80.1965,1965,2025-09-04T23:19:31.545095
TN 87 0478,7418,0.0,0.0,310.7,03/09/2025 23:13:18,13.044591666666667,80.1965,1965,2025-09-04T23:19:31.545270
TN 87 0478,7418,0.0,0.0,310.67,03/09/2025 23:13:05,13.044591666666667,80.1965,1965,2025-09-04T23:19:31.545422
TN 87 0478,7418,0.0,0.0,310.67,03/09/2025 23:12:55,13.044591666666667,80.1965,1965,2025-09-04T23:19:31.545600
TN 87 0478,7418,0.0,0.0,310.68,03/09/2025 23:12:46,13.044591666666667,80.1965,1965,2025-09-04T23:19:31.545787
TN 87 0478,7418,0.0,0.0,310.69,03/09/2025 23:12:35,13.044591666666667,80.1965,1965,2025-09-04T23:19:31.546000
TN 87 0478,7418,0.0,0.0,310.7,03/09/2025 23:12:25,13.044591666666667,80.1965,1965,2025-09-04T23:19:31.546234
TN 87 0478,7418,0.0,0.0,310.7,03/09/2025 23:12:19,13.044591666666667,80.1965,1965,2025-09-04T23:19:31.546418
TN 87 0478,7418,0.0,0.0,310.72,03/09/2025 23:12:05,13.044591666666667,80.1965,1965,2025-09-04T23:19:31.546589
TN 87 0478,7418,0.0,0.0,310.69,03/09/2025 23:11:56,13.044591666666667,80.1965,1965,2025-09-04T23:19:31.546937
TN 87 0478,7418,0.0,0.0,310.68,03/09/2025 23:11:46,13.044591666666667,80.1965,1965,2025-09-04T23:19:31.547178
TN 87 0478,7418,0.0,0.0,310.67,03/09/2025 23:11:36,13.044591666666667,80.1965,1965,2025-09-04T23:19:31.547375
TN 87 0478,7418,0.0,0.0,310.69,03/09/2025 23:11:26,13.044591666666667,80.1965,1965,2025-09-04T23:19:31.547592
TN 87 0478,7418,0.0,0.0,310.69,03/09/2025 23:11:20,13.044591666666667,80.1965,1965,2025-09-04T23:19:31.547819
TN 87 0478,7418,0.0,0.0,310.67,03/09/2025 23:11:06,13.044591666666667,80.1965,1965,2025-09-04T23:19:31.548045
TN 87 0478,7418,0.0,0.0,310.68,03/09/2025 23:10:56,13.044591666666667,80.1965,1965,2025-09-04T23:19:31.548300
TN 87 0478,7418,0.0,0.0,310.69,03/09/2025 23:10:46,13.044591666666667,80.1965,1965,2025-09-04T23:19:31.548531
TN 87 0478,7418,0.0,0.0,310.69,03/09/2025 23:10:36,13.044591666666667,80.1965,1965,2025-09-04T23:19:31.548750
TN 87 0478,7418,0.0,0.0,310.68,03/09/2025 23:10:26,13.044591666666667,80.1965,1965,2025-09-04T23:19:31.549030
TN 87 0478,7418,0.0,0.0,310.69,03/09/2025 23:10:19,13.044591666666667,80.1965,1965,2025-09-04T23:19:31.549254
TN 87 0478,7418,0.0,0.0,310.69,03/09/2025 23:10:06,13.044591666666667,80.1965,1965,2025-09-04T23:19:31.549526
TN 87 0478,7418,0.0,0.0,310.69,03/09/2025 23:09:56,13.044591666666667,80.1965,1965,2025-09-04T23:19:31.549733
TN 87 0478,7418,0.0,0.0,310.69,03/09/2025 23:09:46,13.044591666666667,80.1965,1965,2025-09-04T23:19:31.549932
TN 87 0478,7418,0.0,0.0,310.68,03/09/2025 23:09:36,13.044591666666667,80.1965,1965,2025-09-04T23:19:31.550135
TN 87 0478,7418,0.0,0.0,310.68,03/09/2025 23:09:26,13.044591666666667,80.1965,1965,2025-09-04T23:19:31.550343
TN 87 0478,7418,0.0,0.0,310.69,03/09/2025 23:09:19,13.044591666666667,80.1965,1965,2025-09-04T23:19:31.550546
TN 87 0478,7418,0.0,0.0,310.69,03/09/2025 23:09:06,13.044591666666667,80.1965,1965,2025-09-04T23:19:31.550751
TN 87 0478,7418,0.0,0.0,310.69,03/09/2025 23:08:56,13.044591666666667,80.1965,1965,2025-09-04T23:19:31.550963
TN 87 0478,7418,0.0,0.0,310.69,03/09/2025 23:08:46,13.044591666666667,80.1965,1965,2025-09-04T23:19:31.551141
TN 87 0478,7418,0.0,0.0,310.69,03/09/2025 23:08:37,13.044591666666667,80.1965,1965,2025-09-04T23:19:31.551355
TN 87 0478,7418,0.0,0.0,310.69,03/09/2025 23:08:28,13.044591666666667,80.1965,1965,2025-09-04T23:19:31.551550
TN 87 0478,7418,0.0,0.0,310.68,03/09/2025 23:08:19,13.044591666666667,80.1965,1965,2025-09-04T23:19:31.551734
TN 87 0478,7418,0.0,0.0,310.68,03/09/2025 23:08:07,13.044591666666667,80.1965,1965,2025-09-04T23:19:31.551893
TN 87 0478,7418,0.0,0.0,310.67,03/09/2025 23:07:57,13.044591666666667,80.1965,1965,2025-09-04T23:19:31.552047
TN 87 0478,7418,0.0,0.0,310.67,03/09/2025 23:07:47,13.044591666666667,80.1965,1965,2025-09-04T23:19:31.552209
TN 87 0478,7418,0.0,0.0,310.67,03/09/2025 23:07:38,13.044591666666667,80.1965,1965,2025-09-04T23:19:31.552367
TN 87 0478,7418,0.0,0.0,310.68,03/09/2025 23:07:27,13.044591666666667,80.1965,1965,2025-09-04T23:19:31.552536
TN 87 0478,7418,0.0,0.0,310.68,03/09/2025 23:07:20,13.044591666666667,80.1965,1965,2025-09-04T23:19:31.552719
TN 87 0478,7418,0.0,0.0,310.67,03/09/2025 23:07:07,13.044591666666667,80.1965,1965,2025-09-04T23:19:31.552915
TN 87 0478,7418,0.0,0.0,310.66,03/09/2025 23:06:57,13.044591666666667,80.1965,1965,2025-09-04T23:19:31.553068
TN 87 0478,7418,0.0,0.0,310.66,03/09/2025 23:06:48,13.044591666666667,80.1965,1965,2025-09-04T23:19:31.553245
TN 87 0478,7418,0.0,0.0,310.67,03/09/2025 23:06:37,13.044591666666667,80.1965,1965,2025-09-04T23:19:31.553420
TN 87 0478,7418,0.0,0.0,310.67,03/09/2025 23:06:27,13.044591666666667,80.1965,1965,2025-09-04T23:19:31.553593
TN 87 0478,7418,0.0,0.0,310.67,03/09/2025 23:06:21,13.044591666666667,80.1965,1965,2025-09-04T23:19:31.553762
TN 87 0478,7418,0.0,0.0,310.67,03/09/2025 23:06:07,13.044591666666667,80.1965,1965,2025-09-04T23:19:31.553932
TN 87 0478,7418,0.0,0.0,310.67,03/09/2025 23:05:58,13.044591666666667,80.1965,1965,2025-09-04T23:19:31.554098
TN 87 0478,7418,0.0,0.0,310.68,03/09/2025 23:05:47,13.044591666666667,80.1965,1965,2025-09-04T23:19:31.554271
TN 87 0478,7418,0.0,0.0,310.67,03/09/2025 23:05:37,13.044591666666667,80.1965,1965,2025-09-04T23:19:31.554437
TN 87 0478,7418,0.0,0.0,310.67,03/09/2025 23:05:27,13.044591666666667,80.1965,1965,2025-09-04T23:19:31.554608
TN 87 0478,7418,0.0,0.0,310.67,03/09/2025 23:05:20,13.044591666666667,80.1965,1965,2025-09-04T23:19:31.554777
TN 87 0478,7418,0.0,0.0,310.68,03/09/2025 23:05:08,13.044591666666667,80.1965,1965,2025-09-04T23:19:31.554948
TN 87 0478,7418,0.0,0.0,310.68,03/09/2025 23:04:58,13.044591666666667,80.1965,1965,2025-09-04T23:19:31.555115
TN 87 0478,7418,0.0,0.0,310.69,03/09/2025 23:04:48,13.044591666666667,80.1965,1965,2025-09-04T23:19:31.555311
TN 87 0478,7418,0.0,0.0,310.68,03/09/2025 23:04:38,13.044591666666667,80.1965,1965,2025-09-04T23:19:31.555518
TN 87 0478,7418,0.0,0.0,310.68,03/09/2025 23:04:28,13.044591666666667,80.1965,1965,2025-09-04T23:19:31.555759
TN 87 0478,7418,0.0,0.0,310.67,03/09/2025 23:04:21,13.044591666666667,80.1965,1965,2025-09-04T23:19:31.555946
TN 87 0478,7418,0.0,0.0,310.68,03/09/2025 23:04:08,13.044591666666667,80.1965,1965,2025-09-04T23:19:31.556120
TN 87 0478,7418,0.0,0.0,310.68,03/09/2025 23:03:58,13.044591666666667,80.1965,1965,2025-09-04T23:19:31.556283
TN 87 0478,7418,0.0,0.0,310.67,03/09/2025 23:03:48,13.044591666666667,80.1965,1965,2025-09-04T23:19:31.556455
TN 87 0478,7418,0.0,0.0,310.68,03/09/2025 23:03:38,13.044591666666667,80.1965,1965,2025-09-04T23:19:31.556608
TN 87 0478,7418,0.0,0.0,310.68,03/09/2025 23:03:29,13.044591666666667,80.1965,1965,2025-09-04T23:19:31.556753
TN 87 0478,7418,0.0,0.0,310.68,03/09/2025 23:03:21,13.044591666666667,80.1965,1965,2025-09-04T23:19:31.556921
TN 87 0478,7418,0.0,0.0,310.69,03/09/2025 23:03:08,13.044591666666667,80.1965,1965,2025-09-04T23:19:31.557087
TN 87 0478,7418,0.0,0.0,310.67,03/09/2025 23:02:58,13.044591666666667,80.1965,1965,2025-09-04T23:19:31.557262
TN 87 0478,7418,0.0,0.0,310.68,03/09/2025 23:02:48,13.044591666666667,80.1965,1965,2025-09-04T23:19:31.557430
TN 87 0478,7418,0.0,0.0,310.69,03/09/2025 23:02:39,13.044591666666667,80.1965,1965,2025-09-04T23:19:31.557593
TN 87 0478,7418,0.0,0.0,310.67,03/09/2025 23:02:28,13.044591666666667,80.1965,1965,2025-09-04T23:19:31.557754
TN 87 0478,7418,0.0,0.0,310.67,03/09/2025 23:02:21,13.044591666666667,80.1965,1965,2025-09-04T23:19:31.557912
TN 87 0478,7418,0.0,0.0,310.67,03/09/2025 23:02:08,13.044591666666667,80.1965,1965,2025-09-04T23:19:31.558102
TN 87 0478,7418,0.0,0.0,310.67,03/09/2025 23:01:58,13.044591666666667,80.1965,1965,2025-09-04T23:19:31.558286
TN 87 0478,7418,0.0,0.0,310.67,03/09/2025 23:01:49,13.044591666666667,80.1965,1965,2025-09-04T23:19:31.558459
TN 87 0478,7418,0.0,0.0,310.66,03/09/2025 23:01:39,13.044591666666667,80.1965,1965,2025-09-04T23:19:31.558664
TN 87 0478,7418,0.0,0.0,310.66,03/09/2025 23:01:29,13.044591666666667,80.1965,1965,2025-09-04T23:19:31.558847
TN 87 0478,7418,0.0,0.0,310.67,03/09/2025 23:01:23,13.044591666666667,80.1965,1965,2025-09-04T23:19:31.559039
TN 87 0478,7418,0.0,0.0,310.67,03/09/2025 23:01:09,13.044591666666667,80.1965,1965,2025-09-04T23:19:31.559241
TN 87 0478,7418,0.0,0.0,310.67,03/09/2025 23:00:59,13.044591666666667,80.1965,1965,2025-09-04T23:19:31.559406
TN 87 0478,7418,0.0,0.0,310.66,03/09/2025 23:00:49,13.044591666666667,80.1965,1965,2025-09-04T23:19:31.559575
TN 87 0478,7418,0.0,0.0,310.66,03/09/2025 23:00:39,13.044591666666667,80.1965,1965,2025-09-04T23:19:31.559750
TN 87 0478,7418,0.0,0.0,310.66,03/09/2025 23:00:29,13.044591666666667,80.1965,1965,2025-09-04T23:19:31.559941
TN 87 0478,7418,0.0,0.0,310.65,03/09/2025 23:00:23,13.044591666666667,80.1965,1965,2025-09-04T23:19:31.560098
TN 87 0478,7418,0.0,0.0,310.67,03/09/2025 23:00:09,13.044591666666667,80.1965,1965,2025-09-04T23:19:31.560364
TN 87 0478,7418,0.0,0.0,310.68,03/09/2025 22:59:59,13.044591666666667,80.1965,1965,2025-09-04T23:19:31.560583
TN 87 0478,7418,0.0,0.0,310.68,03/09/2025 22:59:49,13.044591666666667,80.1965,1965,2025-09-04T23:19:31.560796
TN 87 0478,7418,0.0,0.0,310.66,03/09/2025 22:59:39,13.044591666666667,80.1965,1965,2025-09-04T23:19:31.560994
TN 87 0478,7418,0.0,0.0,310.67,03/09/2025 22:59:29,13.044591666666667,80.1965,1965,2025-09-04T23:19:31.561228
TN 87 0478,7418,0.0,0.0,310.67,03/09/2025 22:59:22,13.044591666666667,80.1965,1965,2025-09-04T23:19:31.561487
TN 87 0478,7418,0.0,0.0,310.67,03/09/2025 22:59:09,13.044591666666667,80.1965,1965,2025-09-04T23:19:31.561755
TN 87 0478,7418,0.0,0.0,310.67,03/09/2025 22:58:59,13.044591666666667,80.1965,1965,2025-09-04T23:19:31.561972
TN 87 0478,7418,0.0,0.0,310.68,03/09/2025 22:58:49,13.044591666666667,80.1965,1965,2025-09-04T23:19:31.562183
TN 87 0478,7418,0.0,0.0,310.66,03/09/2025 22:58:39,13.044591666666667,80.1965,1965,2025-09-04T23:19:31.562360
TN 87 0478,7418,0.0,0.0,310.66,03/09/2025 22:58:30,13.044591666666667,80.1965,1965,2025-09-04T23:19:31.562541
TN 87 0478,7418,0.0,0.0,310.65,03/09/2025 22:58:22,13.044591666666667,80.1965,1965,2025-09-04T23:19:31.562679
TN 87 0478,7418,0.0,0.0,310.65,03/09/2025 22:58:09,13.044591666666667,80.1965,1965,2025-09-04T23:19:31.562824
TN 87 0478,7418,0.0,0.0,310.67,03/09/2025 22:58:00,13.044591666666667,80.1965,1965,2025-09-04T23:19:31.563007
TN 87 0478,7418,0.0,0.0,310.67,03/09/2025 22:57:50,13.044591666666667,80.1965,1965,2025-09-04T23:19:31.563196
TN 87 0478,7418,0.0,0.0,310.67,03/09/2025 22:57:40,13.044591666666667,80.1965,1965,2025-09-04T23:19:31.563373
TN 87 0478,7418,0.0,0.0,310.66,03/09/2025 22:57:31,13.044591666666667,80.1965,1965,2025-09-04T23:19:31.563522
TN 87 0478,7418,0.0,0.0,310.67,03/09/2025 22:57:23,13.044591666666667,80.1965,1965,2025-09-04T23:19:31.563676
TN 87 0478,7418,0.0,0.0,310.67,03/09/2025 22:57:10,13.044591666666667,80.1965,1965,2025-09-04T23:19:31.563865
TN 87 0478,7418,0.0,0.0,310.66,03/09/2025 22:57:00,13.044591666666667,80.1965,1965,2025-09-04T23:19:31.564050
TN 87 0478,7418,0.0,0.0,310.66,03/09/2025 22:56:50,13.044591666666667,80.1965,1965,2025-09-04T23:19:31.564231
TN 87 0478,7418,0.0,0.0,310.66,03/09/2025 22:56:41,13.044591666666667,80.1965,1965,2025-09-04T23:19:31.564394
TN 87 0478,7418,0.0,0.0,310.67,03/09/2025 22:56:30,13.044591666666667,80.1965,1965,2025-09-04T23:19:31.564596
TN 87 0478,7418,0.0,0.0,310.67,03/09/2025 22:56:23,13.044591666666667,80.1965,1965,2025-09-04T23:19:31.564817
TN 87 0478,7418,0.0,0.0,310.67,03/09/2025 22:56:10,13.044591666666667,80.1965,1965,2025-09-04T23:19:31.564992
TN 87 0478,7418,0.0,0.0,310.67,03/09/2025 22:56:00,13.044591666666667,80.1965,1965,2025-09-04T23:19:31.565197
TN 87 0478,7418,0.0,0.0,310.67,03/09/2025 22:55:51,13.044591666666667,80.1965,1965,2025-09-04T23:19:31.565371
TN 87 0478,7418,0.0,0.0,310.68,03/09/2025 22:55:40,13.044591666666667,80.1965,1965,2025-09-04T23:19:31.565589
TN 87 0478,7418,0.0,0.0,310.67,03/09/2025 22:55:30,13.044591666666667,80.1965,1965,2025-09-04T23:19:31.565800
TN 87 0478,7418,0.0,0.0,310.67,03/09/2025 22:55:24,13.044591666666667,80.1965,1965,2025-09-04T23:19:31.565991
TN 87 0478,7418,0.0,0.0,310.67,03/09/2025 22:55:10,13.044591666666667,80.1965,1965,2025-09-04T23:19:31.566195
TN 87 0478,7418,0.0,0.0,310.67,03/09/2025 22:55:01,13.044591666666667,80.1965,1965,2025-09-04T23:19:31.566390
TN 87 0478,7418,0.0,0.0,310.67,03/09/2025 22:54:50,13.044591666666667,80.1965,1965,2025-09-04T23:19:31.566581
TN 87 0478,7418,0.0,0.0,310.67,03/09/2025 22:54:40,13.044591666666667,80.1965,1965,2025-09-04T23:19:31.566761
TN 87 0478,7418,0.0,0.0,310.68,03/09/2025 22:54:30,13.044591666666667,80.1965,1965,2025-09-04T23:19:31.566983
TN 87 0478,7418,0.0,0.0,310.68,03/09/2025 22:54:23,13.044591666666667,80.1965,1965,2025-09-04T23:19:31.567161
TN 87 0478,7418,0.0,0.0,310.68,03/09/2025 22:54:11,13.044591666666667,80.1965,1965,2025-09-04T23:19:31.567333
TN 87 0478,7418,0.0,0.0,310.69,03/09/2025 22:54:01,13.044591666666667,80.1965,1965,2025-09-04T23:19:31.567503
TN 87 0478,7418,0.0,0.0,310.68,03/09/2025 22:53:51,13.044591666666667,80.1965,1965,2025-09-04T23:19:31.567678
TN 87 0478,7418,0.0,0.0,310.67,03/09/2025 22:53:41,13.044591666666667,80.1965,1965,2025-09-04T23:19:31.567881
TN 87 0478,7418,0.0,0.0,310.67,03/09/2025 22:53:31,13.044591666666667,80.1965,1965,2025-09-04T23:19:31.568073
TN 87 0478,7418,0.0,0.0,310.68,03/09/2025 22:53:24,13.044591666666667,80.1965,1965,2025-09-04T23:19:31.568270
TN 87 0478,7418,0.0,0.0,310.68,03/09/2025 22:53:11,13.044591666666667,80.1965,1965,2025-09-04T23:19:31.568465
TN 87 0478,7418,0.0,0.0,310.68,03/09/2025 22:53:01,13.044591666666667,80.1965,1965,2025-09-04T23:19:31.568646
TN 87 0478,7418,0.0,0.0,310.67,03/09/2025 22:52:51,13.044591666666667,80.1965,1965,2025-09-04T23:19:31.568820
TN 87 0478,7418,0.0,0.0,310.68,03/09/2025 22:52:41,13.044591666666667,80.1965,1965,2025-09-04T23:19:31.568974
TN 87 0478,7418,0.0,0.0,310.69,03/09/2025 22:52:31,13.044591666666667,80.1965,1965,2025-09-04T23:19:31.569178
TN 87 0478,7418,0.0,0.0,310.65,03/09/2025 22:52:24,13.044591666666667,80.1965,1965,2025-09-04T23:19:31.569353
TN 87 0478,7418,0.0,0.0,310.65,03/09/2025 22:52:11,13.044591666666667,80.1965,1965,2025-09-04T23:19:31.569522
TN 87 0478,7418,0.0,0.0,310.65,03/09/2025 22:52:01,13.044591666666667,80.1965,1965,2025-09-04T23:19:31.569700
TN 87 0478,7418,0.0,0.0,310.68,03/09/2025 22:51:51,13.044591666666667,80.1965,1965,2025-09-04T23:19:31.569871
TN 87 0478,7418,0.0,0.0,310.68,03/09/2025 22:51:42,13.044591666666667,80.1965,1965,2025-09-04T23:19:31.570053
TN 87 0478,7418,0.0,0.0,310.69,03/09/2025 22:51:31,13.044591666666667,80.1965,1965,2025-09-04T23:19:31.570205
TN 87 0478,7418,0.0,0.0,310.69,03/09/2025 22:51:24,13.044591666666667,80.1965,1965,2025-09-04T23:19:31.570376
TN 87 0478,7418,0.0,0.0,310.69,03/09/2025 22:51:11,13.044591666666667,80.1965,1965,2025-09-04T23:19:31.570637
TN 87 0478,7418,0.0,0.0,310.68,03/09/2025 22:51:01,13.044591666666667,80.1965,1965,2025-09-04T23:19:31.570855
TN 87 0478,7418,0.0,0.0,310.69,03/09/2025 22:50:52,13.044591666666667,80.1965,1965,2025-09-04T23:19:31.571092
TN 87 0478,7418,0.0,0.0,310.68,03/09/2025 22:50:41,13.044591666666667,80.1965,1965,2025-09-04T23:19:31.571317
TN 87 0478,7418,0.0,0.0,310.67,03/09/2025 22:50:31,13.044591666666667,80.1965,1965,2025-09-04T23:19:31.571512
TN 87 0478,7418,0.0,0.0,310.67,03/09/2025 22:50:26,13.044591666666667,80.1965,1965,2025-09-04T23:19:31.571698
TN 87 0478,7418,0.0,0.0,310.67,03/09/2025 22:50:12,13.044591666666667,80.1965,1965,2025-09-04T23:19:31.571918
TN 87 0478,7418,0.0,0.0,310.67,03/09/2025 22:50:02,13.044591666666667,80.1965,1965,2025-09-04T23:19:31.572138
TN 87 0478,7418,0.0,0.0,310.68,03/09/2025 22:49:52,13.044591666666667,80.1965,1965,2025-09-04T23:19:31.572354
TN 87 0478,7418,0.0,0.0,310.68,03/09/2025 22:49:42,13.044591666666667,80.1965,1965,2025-09-04T23:19:31.572566
TN 87 0478,7418,0.0,0.0,310.67,03/09/2025 22:49:32,13.044591666666667,80.1965,1965,2025-09-04T23:19:31.572774
TN 87 0478,7418,0.0,0.0,310.67,03/09/2025 22:49:26,13.044591666666667,80.1965,1965,2025-09-04T23:19:31.572985
TN 87 0478,7418,0.0,0.0,310.66,03/09/2025 22:49:12,13.044591666666667,80.1965,1965,2025-09-04T23:19:31.573191
TN 87 0478,7418,0.0,0.0,310.67,03/09/2025 22:49:02,13.044591666666667,80.1965,1965,2025-09-04T23:19:31.573383
TN 87 0478,7418,0.0,0.0,310.67,03/09/2025 22:48:52,13.044591666666667,80.1965,1965,2025-09-04T23:19:31.573641
TN 87 0478,7418,0.0,0.0,310.67,03/09/2025 22:48:42,13.044591666666667,80.1965,1965,2025-09-04T23:19:31.573877
TN 87 0478,7418,0.0,0.0,310.67,03/09/2025 22:48:32,13.044591666666667,80.1965,1965,2025-09-04T23:19:31.574376
TN 87 0478,7418,0.0,0.0,310.67,03/09/2025 22:48:25,13.044591666666667,80.1965,1965,2025-09-04T23:19:31.574749
TN 87 0478,7418,0.0,0.0,310.67,03/09/2025 22:48:13,13.044591666666667,80.1965,1965,2025-09-04T23:19:31.575031
TN 87 0478,7418,0.0,0.0,310.67,03/09/2025 22:48:02,13.044591666666667,80.1965,1965,2025-09-04T23:19:31.575265
TN 87 0478,7418,0.0,0.0,310.67,03/09/2025 22:47:52,13.044591666666667,80.1965,1965,2025-09-04T23:19:31.575514
TN 87 0478,7418,0.0,0.0,310.67,03/09/2025 22:47:42,13.044591666666667,80.1965,1965,2025-09-04T23:19:31.575732
TN 87 0478,7418,0.0,0.0,310.68,03/09/2025 22:47:32,13.044591666666667,80.1965,1965,2025-09-04T23:19:31.575952
TN 87 0478,7418,0.0,0.0,310.68,03/09/2025 22:47:25,13.044591666666667,80.1965,1965,2025-09-04T23:19:31.576165
TN 87 0478,7418,0.0,0.0,310.68,03/09/2025 22:47:12,13.044591666666667,80.1965,1965,2025-09-04T23:19:31.576388
TN 87 0478,7418,0.0,0.0,310.68,03/09/2025 22:47:02,13.044591666666667,80.1965,1965,2025-09-04T23:19:31.576591
TN 87 0478,7418,0.0,0.0,310.67,03/09/2025 22:46:52,13.044591666666667,80.1965,1965,2025-09-04T23:19:31.576778
TN 87 0478,7418,0.0,0.0,310.67,03/09/2025 22:46:42,13.044591666666667,80.1965,1965,2025-09-04T23:19:31.576983
TN 87 0478,7418,0.0,0.0,310.68,03/09/2025 22:46:33,13.044591666666667,80.1965,1965,2025-09-04T23:19:31.577166
TN 87 0478,7418,0.0,0.0,310.67,03/09/2025 22:46:25,13.044591666666667,80.1965,1965,2025-09-04T23:19:31.577337
TN 87 0478,7418,0.0,0.0,310.67,03/09/2025 22:46:13,13.044591666666667,80.1965,1965,2025-09-04T23:19:31.577517
TN 87 0478,7418,0.0,0.0,310.67,03/09/2025 22:46:03,13.044591666666667,80.1965,1965,2025-09-04T23:19:31.577689
TN 87 0478,7418,0.0,0.0,310.68,03/09/2025 22:45:53,13.044591666666667,80.1965,1965,2025-09-04T23:19:31.577851
TN 87 0478,7418,0.0,0.0,310.68,03/09/2025 22:45:43,13.044591666666667,80.1965,1965,2025-09-04T23:19:31.578039
TN 87 0478,7418,0.0,0.0,310.69,03/09/2025 22:45:33,13.044591666666667,80.1965,1965,2025-09-04T23:19:31.578211
TN 87 0478,7418,0.0,0.0,310.68,03/09/2025 22:45:26,13.044591666666667,80.1965,1965,2025-09-04T23:19:31.578354
TN 87 0478,7418,0.0,0.0,310.68,03/09/2025 22:45:13,13.044591666666667,80.1965,1965,2025-09-04T23:19:31.578529
TN 87 0478,7418,0.0,0.0,310.67,03/09/2025 22:45:03,13.044591666666667,80.1965,1965,2025-09-04T23:19:31.578710
TN 87 0478,7418,0.0,0.0,310.68,03/09/2025 22:44:54,13.044591666666667,80.1965,1965,2025-09-04T23:19:31.578870
TN 87 0478,7418,0.0,0.0,310.67,03/09/2025 22:44:43,13.044591666666667,80.1965,1965,2025-09-04T23:19:31.579038
TN 87 0478,7418,0.0,0.0,310.68,03/09/2025 22:44:33,13.044591666666667,80.1965,1965,2025-09-04T23:19:31.579241
TN 87 0478,7418,0.0,0.0,310.69,03/09/2025 22:44:27,13.044591666666667,80.1965,1965,2025-09-04T23:19:31.579406
TN 87 0478,7418,0.0,0.0,310.68,03/09/2025 22:44:13,13.044591666666667,80.1965,1965,2025-09-04T23:19:31.579556
TN 87 0478,7418,0.0,0.0,310.68,03/09/2025 22:44:04,13.044591666666667,80.1965,1965,2025-09-04T23:19:31.579779
TN 87 0478,7418,0.0,0.0,310.68,03/09/2025 22:43:53,13.044591666666667,80.1965,1965,2025-09-04T23:19:31.579948
TN 87 0478,7418,0.0,0.0,310.68,03/09/2025 22:43:43,13.044591666666667,80.1965,1965,2025-09-04T23:19:31.580180
TN 87 0478,7418,0.0,0.0,310.67,03/09/2025 22:43:33,13.044591666666667,80.1965,1965,2025-09-04T23:19:31.580366
TN 87 0478,7418,0.0,0.0,310.68,03/09/2025 22:43:26,13.044591666666667,80.1965,1965,2025-09-04T23:19:31.580545
TN 87 0478,7418,0.0,0.0,310.66,03/09/2025 22:43:14,13.044591666666667,80.1965,1965,2025-09-04T23:19:31.580749
TN 87 0478,7418,0.0,0.0,310.66,03/09/2025 22:43:03,13.044591666666667,80.1965,1965,2025-09-04T23:19:31.580945
TN 87 0478,7418,0.0,0.0,310.66,03/09/2025 22:42:53,13.044591666666667,80.1965,1965,2025-09-04T23:19:31.581134
TN 87 0478,7418,0.0,0.0,310.65,03/09/2025 22:42:43,13.044591666666667,80.1965,1965,2025-09-04T23:19:31.581320
TN 87 0478,7418,0.0,0.0,310.66,03/09/2025 22:42:33,13.044591666666667,80.1965,1965,2025-09-04T23:19:31.581522
TN 87 0478,7418,0.0,0.0,310.66,03/09/2025 22:42:26,13.044591666666667,80.1965,1965,2025-09-04T23:19:31.581700
TN 87 0478,7418,0.0,0.0,310.63,03/09/2025 22:42:13,13.044591666666667,80.1965,1965,2025-09-04T23:19:31.581897
TN 87 0478,7418,0.0,0.0,310.62,03/09/2025 22:42:04,13.044591666666667,80.1965,1965,2025-09-04T23:19:31.582078
TN 87 0478,7418,0.0,0.0,310.6,03/09/2025 22:41:54,13.044591666666667,80.1965,1965,2025-09-04T23:19:31.582270
TN 87 0478,7418,0.0,0.0,310.59,03/09/2025 22:41:44,13.044591666666667,80.1965,1965,2025-09-04T23:19:31.582508
TN 87 0478,7418,0.0,0.0,310.6,03/09/2025 22:41:34,13.044591666666667,80.1965,1965,2025-09-04T23:19:31.582724
TN 87 0478,7418,0.0,0.0,310.59,03/09/2025 22:41:26,13.044591666666667,80.1965,1965,2025-09-04T23:19:31.582912
TN 87 0478,7418,0.0,0.0,310.5,03/09/2025 22:41:14,13.044591666666667,80.1965,1965,2025-09-04T23:19:31.583090
TN 87 0478,7418,0.0,0.0,310.49,03/09/2025 22:41:04,13.044591666666667,80.1965,1965,2025-09-04T23:19:31.583254
TN 87 0478,7418,0.0,0.0,310.5,03/09/2025 22:40:54,13.044591666666667,80.1965,1965,2025-09-04T23:19:31.583439
TN 87 0478,7418,0.0,0.0,310.48,03/09/2025 22:40:44,13.044591666666667,80.1965,1965,2025-09-04T23:19:31.583606
TN 87 0478,7418,0.0,0.0,310.47,03/09/2025 22:40:34,13.044591666666667,80.1965,1965,2025-09-04T23:19:31.583762
TN 87 0478,7418,0.0,0.0,310.46,03/09/2025 22:40:27,13.044591666666667,80.1965,1965,2025-09-04T23:19:31.583916
TN 87 0478,7418,0.0,0.0,310.46,03/09/2025 22:40:14,13.044591666666667,80.1965,1965,2025-09-04T23:19:31.584113
TN 87 0478,7418,0.0,0.0,310.42,03/09/2025 22:40:04,13.044591666666667,80.1965,1965,2025-09-04T23:19:31.584317
TN 87 0478,7418,0.0,0.0,310.41,03/09/2025 22:39:54,13.044591666666667,80.1965,1965,2025-09-04T23:19:31.584493
TN 87 0478,7418,0.0,0.0,310.42,03/09/2025 22:39:44,13.044591666666667,80.1965,1965,2025-09-04T23:19:31.584674
TN 87 0478,7418,0.0,0.0,310.34,03/09/2025 22:39:34,13.044591666666667,80.1965,1965,2025-09-04T23:19:31.584842
TN 87 0478,7418,0.0,0.0,310.34,03/09/2025 22:39:28,13.044591666666667,80.1965,1965,2025-09-04T23:19:31.585003
TN 87 0478,7418,0.0,0.0,310.34,03/09/2025 22:39:14,13.044591666666667,80.1965,1965,2025-09-04T23:19:31.585184
TN 87 0478,7418,0.0,0.0,310.35,03/09/2025 22:39:04,13.044591666666667,80.1965,1965,2025-09-04T23:19:31.585355
TN 87 0478,7418,0.0,0.0,310.33,03/09/2025 22:38:54,13.044591666666667,80.1965,1965,2025-09-04T23:19:31.585519
TN 87 0478,7418,0.0,0.0,310.32,03/09/2025 22:38:44,13.044591666666667,80.1965,1965,2025-09-04T23:19:31.585763
TN 87 0478,7418,0.0,0.0,310.32,03/09/2025 22:38:34,13.044591666666667,80.1965,1965,2025-09-04T23:19:31.585948
TN 87 0478,7418,0.0,0.0,310.38,03/09/2025 22:38:28,13.044591666666667,80.1965,1965,2025-09-04T23:19:31.586151
TN 87 0478,7418,0.0,0.0,310.37,03/09/2025 22:38:15,13.044591666666667,80.1965,1965,2025-09-04T23:19:31.586354
TN 87 0478,7418,0.0,0.0,310.35,03/09/2025 22:38:04,13.044591666666667,80.1965,1965,2025-09-04T23:19:31.586519
TN 87 0478,7418,0.0,0.0,310.32,03/09/2025 22:37:54,13.044591666666667,80.1965,1965,2025-09-04T23:19:31.586699
TN 87 0478,7418,0.0,0.0,310.32,03/09/2025 22:37:45,13.044591666666667,80.1965,1965,2025-09-04T23:19:31.586882
TN 87 0478,7418,0.0,0.0,310.32,03/09/2025 22:37:35,13.044591666666667,80.1965,1965,2025-09-04T23:19:31.587094
TN 87 0478,7418,0.0,0.0,310.3,03/09/2025 22:37:27,13.044591666666667,80.1965,1965,2025-09-04T23:19:31.587293
TN 87 0478,7418,0.0,0.0,310.3,03/09/2025 22:37:16,13.044591666666667,80.1965,1965,2025-09-04T23:19:31.587486
TN 87 0478,7418,0.0,0.0,310.3,03/09/2025 22:37:05,13.044591666666667,80.1965,1965,2025-09-04T23:19:31.587691
TN 87 0478,7418,0.0,0.0,310.31,03/09/2025 22:36:55,13.044591666666667,80.1965,1965,2025-09-04T23:19:31.587918
TN 87 0478,7418,0.0,0.0,310.32,03/09/2025 22:36:45,13.044591666666667,80.1965,1965,2025-09-04T23:19:31.588261
TN 87 0478,7418,0.0,0.0,310.3,03/09/2025 22:36:35,13.044591666666667,80.1965,1965,2025-09-04T23:19:31.588489
TN 87 0478,7418,0.0,0.0,310.33,03/09/2025 22:36:28,13.044591666666667,80.1965,1965,2025-09-04T23:19:31.588692
TN 87 0478,7418,0.0,0.0,310.33,03/09/2025 22:36:15,13.044591666666667,80.1965,1965,2025-09-04T23:19:31.588994
TN 87 0478,7418,0.0,0.0,310.33,03/09/2025 22:36:05,13.044591666666667,80.1965,1965,2025-09-04T23:19:31.589209
TN 87 0478,7418,0.0,0.0,310.33,03/09/2025 22:35:55,13.044591666666667,80.1965,1965,2025-09-04T23:19:31.589384
TN 87 0478,7418,0.0,0.0,310.31,03/09/2025 22:35:45,13.044591666666667,80.1965,1965,2025-09-04T23:19:31.589548
TN 87 0478,7418,0.0,0.0,310.3,03/09/2025 22:35:36,13.044591666666667,80.1965,1965,2025-09-04T23:19:31.596898
TN 87 0478,7418,0.0,0.0,310.3,03/09/2025 22:35:28,13.044591666666667,80.1965,1965,2025-09-04T23:19:31.597169
TN 87 0478,7418,0.0,0.0,310.31,03/09/2025 22:35:15,13.044591666666667,80.1965,1965,2025-09-04T23:19:31.597433
TN 87 0478,7418,0.0,0.0,310.31,03/09/2025 22:35:05,13.044591666666667,80.1965,1965,2025-09-04T23:19:31.597684
TN 87 0478,7418,0.0,0.0,310.3,03/09/2025 22:34:55,13.044591666666667,80.1965,1965,2025-09-04T23:19:31.597900
TN 87 0478,7418,0.0,0.0,310.32,03/09/2025 22:34:46,13.044591666666667,80.1965,1965,2025-09-04T23:19:31.598144
TN 87 0478,7418,0.0,0.0,310.32,03/09/2025 22:34:35,13.044591666666667,80.1965,1965,2025-09-04T23:19:31.598407
TN 87 0478,7418,0.0,0.0,310.33,03/09/2025 22:34:28,13.044591666666667,80.1965,1965,2025-09-04T23:19:31.598585
TN 87 0478,7418,0.0,0.0,310.32,03/09/2025 22:34:15,13.044591666666667,80.1965,1965,2025-09-04T23:19:31.598782
TN 87 0478,7418,0.0,0.0,310.32,03/09/2025 22:34:05,13.044591666666667,80.1965,1965,2025-09-04T23:19:31.598979
TN 87 0478,7418,0.0,0.0,310.32,03/09/2025 22:33:56,13.044591666666667,80.1965,1965,2025-09-04T23:19:31.599243
TN 87 0478,7418,0.0,0.0,310.33,03/09/2025 22:33:45,13.044591666666667,80.1965,1965,2025-09-04T23:19:31.599529
TN 87 0478,7418,0.0,0.0,310.33,03/09/2025 22:33:35,13.044591666666667,80.1965,1965,2025-09-04T23:19:31.599787
TN 87 0478,7418,0.0,0.0,310.33,03/09/2025 22:33:30,13.044591666666667,80.1965,1965,2025-09-04T23:19:31.599997
TN 87 0478,7418,0.0,0.0,310.31,03/09/2025 22:33:16,13.044591666666667,80.1965,1965,2025-09-04T23:19:31.600149
TN 87 0478,7418,0.0,0.0,310.32,03/09/2025 22:33:06,13.044591666666667,80.1965,1965,2025-09-04T23:19:31.602395
TN 87 0478,7418,0.0,0.0,310.32,03/09/2025 22:32:56,13.044591666666667,80.1965,1965,2025-09-04T23:19:31.608570
TN 87 0478,7418,0.0,0.0,310.32,03/09/2025 22:32:46,13.044591666666667,80.1965,1965,2025-09-04T23:19:31.608992
TN 87 0478,7418,0.0,0.0,310.32,03/09/2025 22:32:36,13.044591666666667,80.1965,1965,2025-09-04T23:19:31.609441
TN 87 0478,7418,0.0,0.0,310.33,03/09/2025 22:32:29,13.044591666666667,80.1965,1965,2025-09-04T23:19:31.609819
TN 87 0478,7418,0.0,0.0,310.33,03/09/2025 22:32:16,13.044591666666667,80.1965,1965,2025-09-04T23:19:31.610218
TN 87 0478,7418,0.0,0.0,310.33,03/09/2025 22:32:06,13.044591666666667,80.1965,1965,2025-09-04T23:19:31.610655
TN 87 0478,7418,0.0,0.0,310.34,03/09/2025 22:31:56,13.044591666666667,80.1965,1965,2025-09-04T23:19:31.610819
TN 87 0478,7418,0.0,0.0,310.35,03/09/2025 22:31:46,13.044591666666667,80.1965,1965,2025-09-04T23:19:31.611004
TN 87 0478,7418,0.0,0.0,310.33,03/09/2025 22:31:36,13.044591666666667,80.1965,1965,2025-09-04T23:19:31.611300
TN 87 0478,7418,0.0,0.0,310.33,03/09/2025 22:31:29,13.044591666666667,80.1965,1965,2025-09-04T23:19:31.612638
TN 87 0478,7418,0.0,0.0,310.33,03/09/2025 22:31:16,13.044591666666667,80.1965,1965,2025-09-04T23:19:31.612912
TN 87 0478,7418,0.0,0.0,310.31,03/09/2025 22:31:06,13.044591666666667,80.1965,1965,2025-09-04T23:19:31.613199
TN 87 0478,7418,0.0,0.0,310.31,03/09/2025 22:30:56,13.044591666666667,80.1965,1965,2025-09-04T23:19:31.616928
TN 87 0478,7418,0.0,0.0,310.31,03/09/2025 22:30:46,13.044591666666667,80.1965,1965,2025-09-04T23:19:31.617351
TN 87 0478,7418,0.0,0.0,310.33,03/09/2025 22:30:37,13.044591666666667,80.1965,1965,2025-09-04T23:19:31.617691
TN 87 0478,7418,0.0,0.0,310.33,03/09/2025 22:30:29,13.044591666666667,80.1965,1965,2025-09-04T23:19:31.618007
TN 87 0478,7418,0.0,0.0,310.33,03/09/2025 22:30:16,13.044591666666667,80.1965,1965,2025-09-04T23:19:31.618698
TN 87 0478,7418,0.0,0.0,310.32,03/09/2025 22:30:06,13.044591666666667,80.1965,1965,2025-09-04T23:19:31.621513
TN 87 0478,7418,0.0,0.0,310.31,03/09/2025 22:29:56,13.044591666666667,80.1965,1965,2025-09-04T23:19:31.621866
TN 87 0478,7418,0.0,0.0,310.32,03/09/2025 22:29:47,13.044591666666667,80.1965,1965,2025-09-04T23:19:31.622135
TN 87 0478,7418,0.0,0.0,310.33,03/09/2025 22:29:36,13.044591666666667,80.1965,1965,2025-09-04T23:19:31.622376
TN 87 0478,7418,0.0,0.0,310.34,03/09/2025 22:29:29,13.044591666666667,80.1965,1965,2025-09-04T23:19:31.622627
TN 87 0478,7418,0.0,0.0,310.34,03/09/2025 22:29:16,13.044591666666667,80.1965,1965,2025-09-04T23:19:31.622866
TN 87 0478,7418,0.0,0.0,310.34,03/09/2025 22:29:06,13.044591666666667,80.1965,1965,2025-09-04T23:19:31.623091
TN 87 0478,7418,0.0,0.0,310.34,03/09/2025 22:28:57,13.044591666666667,80.1965,1965,2025-09-04T23:19:31.623317
TN 87 0478,7418,0.0,0.0,310.33,03/09/2025 22:28:47,13.044591666666667,80.1965,1965,2025-09-04T23:19:31.623526
TN 87 0478,7418,0.0,0.0,310.33,03/09/2025 22:28:37,13.044591666666667,80.1965,1965,2025-09-04T23:19:31.623750
TN 87 0478,7418,0.0,0.0,310.33,03/09/2025 22:28:29,13.044591666666667,80.1965,1965,2025-09-04T23:19:31.623973
TN 87 0478,7418,0.0,0.0,310.32,03/09/2025 22:28:17,13.044591666666667,80.1965,1965,2025-09-04T23:19:31.624189
TN 87 0478,7418,0.0,0.0,310.32,03/09/2025 22:28:07,13.044591666666667,80.1965,1965,2025-09-04T23:19:31.624395
TN 87 0478,7418,0.0,0.0,310.33,03/09/2025 22:27:57,13.044591666666667,80.1965,1965,2025-09-04T23:19:31.624588
TN 87 0478,7418,0.0,0.0,310.33,03/09/2025 22:27:47,13.044591666666667,80.1965,1965,2025-09-04T23:19:31.624817
TN 87 0478,7418,0.0,0.0,310.33,03/09/2025 22:27:37,13.044591666666667,80.1965,1965,2025-09-04T23:19:31.625051
TN 87 0478,7418,0.0,0.0,310.33,03/09/2025 22:27:31,13.044591666666667,80.1965,1965,2025-09-04T23:19:31.625254
TN 87 0478,7418,0.0,0.0,310.33,03/09/2025 22:27:17,13.044591666666667,80.1965,1965,2025-09-04T23:19:31.625541
TN 87 0478,7418,0.0,0.0,310.32,03/09/2025 22:27:08,13.044591666666667,80.1965,1965,2025-09-04T23:19:31.625768
TN 87 0478,7418,0.0,0.0,310.32,03/09/2025 22:26:57,13.044591666666667,80.1965,1965,2025-09-04T23:19:31.626013
TN 87 0478,7418,0.0,0.0,310.33,03/09/2025 22:26:47,13.044591666666667,80.1965,1965,2025-09-04T23:19:31.626245
TN 87 0478,7418,0.0,0.0,310.33,03/09/2025 22:26:37,13.044591666666667,80.1965,1965,2025-09-04T23:19:31.626510
TN 87 0478,7418,0.0,0.0,310.32,03/09/2025 22:26:30,13.044591666666667,80.1965,1965,2025-09-04T23:19:31.628988
TN 87 0478,7418,0.0,0.0,310.33,03/09/2025 22:26:18,13.044591666666667,80.1965,1965,2025-09-04T23:19:31.630087
TN 87 0478,7418,0.0,0.0,310.33,03/09/2025 22:26:07,13.044591666666667,80.1965,1965,2025-09-04T23:19:31.630415
TN 87 0478,7418,0.0,0.0,310.32,03/09/2025 22:25:57,13.044591666666667,80.1965,1965,2025-09-04T23:19:31.630759
TN 87 0478,7418,0.0,0.0,310.31,03/09/2025 22:25:47,13.044591666666667,80.1965,1965,2025-09-04T23:19:31.631149
TN 87 0478,7418,0.0,0.0,310.33,03/09/2025 22:25:37,13.044591666666667,80.1965,1965,2025-09-04T23:19:31.631402
TN 87 0478,7418,0.0,0.0,310.33,03/09/2025 22:25:30,13.044591666666667,80.1965,1965,2025-09-04T23:19:31.631735
TN 87 0478,7418,0.0,0.0,310.34,03/09/2025 22:25:17,13.044591666666667,80.1965,1965,2025-09-04T23:19:31.632070
TN 87 0478,7418,0.0,0.0,310.32,03/09/2025 22:25:07,13.044591666666667,80.1965,1965,2025-09-04T23:19:31.632287
TN 87 0478,7418,0.0,0.0,310.32,03/09/2025 22:24:57,13.044591666666667,80.1965,1965,2025-09-04T23:19:31.632477
TN 87 0478,7418,0.0,0.0,310.33,03/09/2025 22:24:47,13.044591666666667,80.1965,1965,2025-09-04T23:19:31.632648
TN 87 0478,7418,0.0,0.0,310.32,03/09/2025 22:24:38,13.044591666666667,80.1965,1965,2025-09-04T23:19:31.632821
TN 87 0478,7418,0.0,0.0,310.32,03/09/2025 22:24:30,13.044591666666667,80.1965,1965,2025-09-04T23:19:31.632995
TN 87 0478,7418,0.0,0.0,310.32,03/09/2025 22:24:17,13.044591666666667,80.1965,1965,2025-09-04T23:19:31.633210
TN 87 0478,7418,0.0,0.0,310.33,03/09/2025 22:24:07,13.044591666666667,80.1965,1965,2025-09-04T23:19:31.633393
TN 87 0478,7418,0.0,0.0,310.33,03/09/2025 22:23:57,13.044591666666667,80.1965,1965,2025-09-04T23:19:31.633561
TN 87 0478,7418,0.0,0.0,310.33,03/09/2025 22:23:48,13.044591666666667,80.1965,1965,2025-09-04T23:19:31.633734
TN 87 0478,7418,0.0,0.0,310.32,03/09/2025 22:23:38,13.044591666666667,80.1965,1965,2025-09-04T23:19:31.633901
TN 87 0478,7418,0.0,0.0,310.32,03/09/2025 22:23:30,13.044591666666667,80.1965,1965,2025-09-04T23:19:31.634068
TN 87 0478,7418,0.0,0.0,310.32,03/09/2025 22:23:18,13.044591666666667,80.1965,1965,2025-09-04T23:19:31.634228
TN 87 0478,7418,0.0,0.0,310.32,03/09/2025 22:23:08,13.044591666666667,80.1965,1965,2025-09-04T23:19:31.634390
TN 87 0478,7418,0.0,0.0,310.32,03/09/2025 22:22:58,13.044591666666667,80.1965,1965,2025-09-04T23:19:31.634560
TN 87 0478,7418,0.0,0.0,310.32,03/09/2025 22:22:48,13.044591666666667,80.1965,1965,2025-09-04T23:19:31.634738
TN 87 0478,7418,0.0,0.0,310.33,03/09/2025 22:22:38,13.044591666666667,80.1965,1965,2025-09-04T23:19:31.634920
TN 87 0478,7418,0.0,0.0,310.31,03/09/2025 22:22:32,13.044591666666667,80.1965,1965,2025-09-04T23:19:31.635096
TN 87 0478,7418,0.0,0.0,310.31,03/09/2025 22:22:18,13.044591666666667,80.1965,1965,2025-09-04T23:19:31.635267
TN 87 0478,7418,0.0,0.0,310.32,03/09/2025 22:22:08,13.044591666666667,80.1965,1965,2025-09-04T23:19:31.635432
TN 87 0478,7418,0.0,0.0,310.32,03/09/2025 22:21:58,13.044591666666667,80.1965,1965,2025-09-04T23:19:31.635584
TN 87 0478,7418,0.0,0.0,310.32,03/09/2025 22:21:48,13.044591666666667,80.1965,1965,2025-09-04T23:19:31.635753
TN 87 0478,7418,0.0,0.0,310.32,03/09/2025 22:21:38,13.044591666666667,80.1965,1965,2025-09-04T23:19:31.635925
TN 87 0478,7418,0.0,0.0,310.32,03/09/2025 22:21:31,13.044591666666667,80.1965,1965,2025-09-04T23:19:31.636086
TN 87 0478,7418,0.0,0.0,310.32,03/09/2025 22:21:19,13.044591666666667,80.1965,1965,2025-09-04T23:19:31.636237
TN 87 0478,7418,0.0,0.0,310.32,03/09/2025 22:21:08,13.044591666666667,80.1965,1965,2025-09-04T23:19:31.636382
TN 87 0478,7418,0.0,0.0,310.32,03/09/2025 22:20:58,13.044591666666667,80.1965,1965,2025-09-04T23:19:31.636541
TN 87 0478,7418,0.0,0.0,310.32,03/09/2025 22:20:48,13.044591666666667,80.1965,1965,2025-09-04T23:19:31.636741
TN 87 0478,7418,0.0,0.0,310.32,03/09/2025 22:20:38,13.044591666666667,80.1965,1965,2025-09-04T23:19:31.636914
TN 87 0478,7418,0.0,0.0,310.32,03/09/2025 22:20:31,13.044591666666667,80.1965,1965,2025-09-04T23:19:31.637085
TN 87 0478,7418,0.0,0.0,310.32,03/09/2025 22:20:18,13.044591666666667,80.1965,1965,2025-09-04T23:19:31.637228
TN 87 0478,7418,0.0,0.0,310.32,03/09/2025 22:20:08,13.044591666666667,80.1965,1965,2025-09-04T23:19:31.637382
TN 87 0478,7418,0.0,0.0,310.32,03/09/2025 22:19:58,13.044591666666667,80.1965,1965,2025-09-04T23:19:31.637552
TN 87 0478,7418,0.0,0.0,310.32,03/09/2025 22:19:48,13.044591666666667,80.1965,1965,2025-09-04T23:19:31.637737
TN 87 0478,7418,0.0,0.0,310.32,03/09/2025 22:19:39,13.044591666666667,80.1965,1965,2025-09-04T23:19:31.637929
TN 87 0478,7418,0.0,0.0,310.32,03/09/2025 22:19:31,13.044591666666667,80.1965,1965,2025-09-04T23:19:31.638113
TN 87 0478,7418,0.0,0.0,310.33,03/09/2025 22:19:18,13.044591666666667,80.1965,1965,2025-09-04T23:19:31.638268
TN 87 0478,7418,0.0,0.0,310.33,03/09/2025 22:19:08,13.044591666666667,80.1965,1965,2025-09-04T23:19:31.638420
TN 87 0478,7418,0.0,0.0,310.33,03/09/2025 22:18:59,13.044591666666667,80.1965,1965,2025-09-04T23:19:31.638565
TN 87 0478,7418,0.0,0.0,310.32,03/09/2025 22:18:49,13.044591666666667,80.1965,1965,2025-09-04T23:19:31.638710
TN 87 0478,7418,0.0,0.0,310.32,03/09/2025 22:18:39,13.044591666666667,80.1965,1965,2025-09-04T23:19:31.638855
TN 87 0478,7418,0.0,0.0,310.33,03/09/2025 22:18:31,13.044591666666667,80.1965,1965,2025-09-04T23:19:31.639001
TN 87 0478,7418,0.0,0.0,310.33,03/09/2025 22:18:19,13.044591666666667,80.1965,1965,2025-09-04T23:19:31.639160
TN 87 0478,7418,0.0,0.0,310.33,03/09/2025 22:18:09,13.044591666666667,80.1965,1965,2025-09-04T23:19:31.639354
TN 87 0478,7418,0.0,0.0,310.33,03/09/2025 22:17:59,13.044591666666667,80.1965,1965,2025-09-04T23:19:31.639555
TN 87 0478,7418,0.0,0.0,310.33,03/09/2025 22:17:49,13.044591666666667,80.1965,1965,2025-09-04T23:19:31.639704
TN 87 0478,7418,0.0,0.0,310.32,03/09/2025 22:17:39,13.044591666666667,80.1965,1965,2025-09-04T23:19:31.639844
TN 87 0478,7418,0.0,0.0,310.32,03/09/2025 22:17:32,13.044591666666667,80.1965,1965,2025-09-04T23:19:31.640398
TN 87 0478,7418,0.0,0.0,310.33,03/09/2025 22:17:19,13.044591666666667,80.1965,1965,2025-09-04T23:19:31.640595
TN 87 0478,7418,0.0,0.0,310.33,03/09/2025 22:17:09,13.044591666666667,80.1965,1965,2025-09-04T23:19:31.640799
TN 87 0478,7418,0.0,0.0,310.33,03/09/2025 22:17:00,13.044591666666667,80.1965,1965,2025-09-04T23:19:31.641089
TN 87 0478,7418,0.0,0.0,310.33,03/09/2025 22:16:49,13.044591666666667,80.1965,1965,2025-09-04T23:19:31.641419
TN 87 0478,7418,0.0,0.0,310.33,03/09/2025 22:16:39,13.044591666666667,80.1965,1965,2025-09-04T23:19:31.642655
TN 87 0478,7418,0.0,0.0,310.32,03/09/2025 22:16:33,13.044591666666667,80.1965,1965,2025-09-04T23:19:31.643013
TN 87 0478,7418,0.0,0.0,310.32,03/09/2025 22:16:19,13.044591666666667,80.1965,1965,2025-09-04T23:19:31.643190
TN 87 0478,7418,0.0,0.0,310.32,03/09/2025 22:16:10,13.044591666666667,80.1965,1965,2025-09-04T23:19:31.643485
TN 87 0478,7418,0.0,0.0,310.32,03/09/2025 22:15:59,13.044591666666667,80.1965,1965,2025-09-04T23:19:31.643971
TN 87 0478,7418,0.0,0.0,310.32,03/09/2025 22:15:49,13.044591666666667,80.1965,1965,2025-09-04T23:19:31.644184
TN 87 0478,7418,0.0,0.0,310.32,03/09/2025 22:15:39,13.044591666666667,80.1965,1965,2025-09-04T23:19:31.644387
TN 87 0478,7418,0.0,0.0,310.32,03/09/2025 22:15:32,13.044591666666667,80.1965,1965,2025-09-04T23:19:31.644549
TN 87 0478,7418,0.0,0.0,310.32,03/09/2025 22:15:20,13.044591666666667,80.1965,1965,2025-09-04T23:19:31.644718
TN 87 0478,7418,0.0,0.0,310.32,03/09/2025 22:15:09,13.044591666666667,80.1965,1965,2025-09-04T23:19:31.644938
TN 87 0478,7418,0.0,0.0,310.32,03/09/2025 22:14:59,13.044591666666667,80.1965,1965,2025-09-04T23:19:31.645142
TN 87 0478,7418,0.0,0.0,310.33,03/09/2025 22:14:49,13.044591666666667,80.1965,1965,2025-09-04T23:19:31.645340
TN 87 0478,7418,0.0,0.0,310.33,03/09/2025 22:14:39,13.044591666666667,80.1965,1965,2025-09-04T23:19:31.645536
TN 87 0478,7418,0.0,0.0,310.32,03/09/2025 22:14:32,13.044591666666667,80.1965,1965,2025-09-04T23:19:31.645731
TN 87 0478,7418,0.0,0.0,310.32,03/09/2025 22:14:19,13.044591666666667,80.1965,1965,2025-09-04T23:19:31.645916
TN 87 0478,7418,0.0,0.0,310.33,03/09/2025 22:14:09,13.044591666666667,80.1965,1965,2025-09-04T23:19:31.646088
TN 87 0478,7418,0.0,0.0,310.32,03/09/2025 22:13:59,13.044591666666667,80.1965,1965,2025-09-04T23:19:31.646275
TN 87 0478,7418,0.0,0.0,310.32,03/09/2025 22:13:50,13.044591666666667,80.1965,1965,2025-09-04T23:19:31.646466
TN 87 0478,7418,0.0,0.0,310.32,03/09/2025 22:13:40,13.044591666666667,80.1965,1965,2025-09-04T23:19:31.646608
TN 87 0478,7418,0.0,0.0,310.31,03/09/2025 22:13:32,13.044591666666667,80.1965,1965,2025-09-04T23:19:31.646744
TN 87 0478,7418,0.0,0.0,310.31,03/09/2025 22:13:20,13.044591666666667,80.1965,1965,2025-09-04T23:19:31.646876
TN 87 0478,7418,0.0,0.0,310.32,03/09/2025 22:13:10,13.044591666666667,80.1965,1965,2025-09-04T23:19:31.647007
TN 87 0478,7418,0.0,0.0,310.31,03/09/2025 22:13:00,13.044591666666667,80.1965,1965,2025-09-04T23:19:31.647160
TN 87 0478,7418,0.0,0.0,310.32,03/09/2025 22:12:50,13.044591666666667,80.1965,1965,2025-09-04T23:19:31.647398
TN 87 0478,7418,0.0,0.0,310.32,03/09/2025 22:12:40,13.044591666666667,80.1965,1965,2025-09-04T23:19:31.647734
TN 87 0478,7418,0.0,0.0,310.32,03/09/2025 22:12:33,13.044591666666667,80.1965,1965,2025-09-04T23:19:31.648026
TN 87 0478,7418,0.0,0.0,310.31,03/09/2025 22:12:20,13.044591666666667,80.1965,1965,2025-09-04T23:19:31.648571
TN 87 0478,7418,0.0,0.0,310.31,03/09/2025 22:12:10,13.044591666666667,80.1965,1965,2025-09-04T23:19:31.649387
TN 87 0478,7418,0.0,0.0,310.31,03/09/2025 22:12:00,13.044591666666667,80.1965,1965,2025-09-04T23:19:31.649607
TN 87 0478,7418,0.0,0.0,310.32,03/09/2025 22:11:50,13.044591666666667,80.1965,1965,2025-09-04T23:19:31.649815
TN 87 0478,7418,0.0,0.0,310.31,03/09/2025 22:11:40,13.044591666666667,80.1965,1965,2025-09-04T23:19:31.649979
TN 87 0478,7418,0.0,0.0,310.31,03/09/2025 22:11:34,13.044591666666667,80.1965,1965,2025-09-04T23:19:31.650167
TN 87 0478,7418,0.0,0.0,310.32,03/09/2025 22:11:20,13.044591666666667,80.1965,1965,2025-09-04T23:19:31.650368
TN 87 0478,7418,0.0,0.0,310.32,03/09/2025 22:11:11,13.044591666666667,80.1965,1965,2025-09-04T23:19:31.650567
TN 87 0478,7418,0.0,0.0,310.32,03/09/2025 22:11:00,13.044591666666667,80.1965,1965,2025-09-04T23:19:31.650732
TN 87 0478,7418,0.0,0.0,310.31,03/09/2025 22:10:50,13.044591666666667,80.1965,1965,2025-09-04T23:19:31.650898
TN 87 0478,7418,0.0,0.0,310.31,03/09/2025 22:10:40,13.044591666666667,80.1965,1965,2025-09-04T23:19:31.651085
TN 87 0478,7418,0.0,0.0,310.31,03/09/2025 22:10:33,13.044591666666667,80.1965,1965,2025-09-04T23:19:31.651258
TN 87 0478,7418,0.0,0.0,310.31,03/09/2025 22:10:21,13.044591666666667,80.1965,1965,2025-09-04T23:19:31.651416
TN 87 0478,7418,0.0,0.0,310.31,03/09/2025 22:10:10,13.044591666666667,80.1965,1965,2025-09-04T23:19:31.651580
TN 87 0478,7418,0.0,0.0,310.31,03/09/2025 22:10:00,13.044591666666667,80.1965,1965,2025-09-04T23:19:31.651777
TN 87 0478,7418,0.0,0.0,310.31,03/09/2025 22:09:50,13.044591666666667,80.1965,1965,2025-09-04T23:19:31.651943
TN 87 0478,7418,0.0,0.0,310.31,03/09/2025 22:09:40,13.044591666666667,80.1965,1965,2025-09-04T23:19:31.652094
TN 87 0478,7418,0.0,0.0,310.31,03/09/2025 22:09:33,13.044591666666667,80.1965,1965,2025-09-04T23:19:31.652237
TN 87 0478,7418,0.0,0.0,310.3,03/09/2025 22:09:20,13.044591666666667,80.1965,1965,2025-09-04T23:19:31.652398
TN 87 0478,7418,0.0,0.0,310.31,03/09/2025 22:09:10,13.044591666666667,80.1965,1965,2025-09-04T23:19:31.652586
TN 87 0478,7418,0.0,0.0,310.31,03/09/2025 22:09:00,13.044591666666667,80.1965,1965,2025-09-04T23:19:31.652774
TN 87 0478,7418,0.0,0.0,310.3,03/09/2025 22:08:50,13.044591666666667,80.1965,1965,2025-09-04T23:19:31.652978
TN 87 0478,7418,0.0,0.0,310.31,03/09/2025 22:08:41,13.044591666666667,80.1965,1965,2025-09-04T23:19:31.653173
TN 87 0478,7418,0.0,0.0,310.31,03/09/2025 22:08:33,13.044591666666667,80.1965,1965,2025-09-04T23:19:31.653336
TN 87 0478,7418,0.0,0.0,310.31,03/09/2025 22:08:21,13.044591666666667,80.1965,1965,2025-09-04T23:19:31.653518
TN 87 0478,7418,0.0,0.0,310.31,03/09/2025 22:08:11,13.044591666666667,80.1965,1965,2025-09-04T23:19:31.653727
TN 87 0478,7418,0.0,0.0,310.3,03/09/2025 22:08:01,13.044591666666667,80.1965,1965,2025-09-04T23:19:31.653926
TN 87 0478,7418,0.0,0.0,310.3,03/09/2025 22:07:51,13.044591666666667,80.1965,1965,2025-09-04T23:19:31.654100
TN 87 0478,7418,0.0,0.0,310.3,03/09/2025 22:07:41,13.044591666666667,80.1965,1965,2025-09-04T23:19:31.654298
TN 87 0478,7418,0.0,0.0,310.33,03/09/2025 22:07:34,13.044591666666667,80.1965,1965,2025-09-04T23:19:31.654550
TN 87 0478,7418,0.0,0.0,310.33,03/09/2025 22:07:21,13.044591666666667,80.1965,1965,2025-09-04T23:19:31.654758
TN 87 0478,7418,0.0,0.0,310.34,03/09/2025 22:07:11,13.044591666666667,80.1965,1965,2025-09-04T23:19:31.654951
TN 87 0478,7418,0.0,0.0,310.34,03/09/2025 22:07:01,13.044591666666667,80.1965,1965,2025-09-04T23:19:31.655161
TN 87 0478,7418,0.0,0.0,310.31,03/09/2025 22:06:52,13.044591666666667,80.1965,1965,2025-09-04T23:19:31.655326
TN 87 0478,7418,0.0,0.0,310.3,03/09/2025 22:06:41,13.044591666666667,80.1965,1965,2025-09-04T23:19:31.655483
TN 87 0478,7418,0.0,0.0,310.31,03/09/2025 22:06:34,13.044591666666667,80.1965,1965,2025-09-04T23:19:31.655637
TN 87 0478,7418,0.0,0.0,310.32,03/09/2025 22:06:21,13.044591666666667,80.1965,1965,2025-09-04T23:19:31.655806
TN 87 0478,7418,0.0,0.0,310.32,03/09/2025 22:06:11,13.044591666666667,80.1965,1965,2025-09-04T23:19:31.655968
TN 87 0478,7418,0.0,0.0,310.31,03/09/2025 22:06:02,13.044591666666667,80.1965,1965,2025-09-04T23:19:31.656116
TN 87 0478,7418,0.0,0.0,310.32,03/09/2025 22:05:51,13.044591666666667,80.1965,1965,2025-09-04T23:19:31.656261
TN 87 0478,7418,0.0,0.0,310.33,03/09/2025 22:05:41,13.044591666666667,80.1965,1965,2025-09-04T23:19:31.656417
TN 87 0478,7418,0.0,0.0,310.32,03/09/2025 22:05:35,13.044591666666667,80.1965,1965,2025-09-04T23:19:31.656585
TN 87 0478,7418,0.0,0.0,310.3,03/09/2025 22:05:21,13.044591666666667,80.1965,1965,2025-09-04T23:19:31.656786
TN 87 0478,7418,0.0,0.0,310.3,03/09/2025 22:05:12,13.044591666666667,80.1965,1965,2025-09-04T23:19:31.656939
TN 87 0478,7418,0.0,0.0,310.32,03/09/2025 22:05:01,13.044591666666667,80.1965,1965,2025-09-04T23:19:31.657068
TN 87 0478,7418,0.0,0.0,310.3,03/09/2025 22:04:51,13.044591666666667,80.1965,1965,2025-09-04T23:19:31.657228
TN 87 0478,7418,0.0,0.0,310.3,03/09/2025 22:04:41,13.044591666666667,80.1965,1965,2025-09-04T23:19:31.657403
TN 87 0478,7418,0.0,0.0,310.3,03/09/2025 22:04:34,13.044591666666667,80.1965,1965,2025-09-04T23:19:31.657592
TN 87 0478,7418,0.0,0.0,310.3,03/09/2025 22:04:22,13.044591666666667,80.1965,1965,2025-09-04T23:19:31.657803
TN 87 0478,7418,0.0,0.0,310.29,03/09/2025 22:04:11,13.044591666666667,80.1965,1965,2025-09-04T23:19:31.657998
TN 87 0478,7418,0.0,0.0,310.28,03/09/2025 22:04:01,13.044591666666667,80.1965,1965,2025-09-04T23:19:31.658182
TN 87 0478,7418,0.0,0.0,310.3,03/09/2025 22:03:51,13.044591666666667,80.1965,1965,2025-09-04T23:19:31.658349
TN 87 0478,7418,0.0,0.0,310.3,03/09/2025 22:03:41,13.044591666666667,80.1965,1965,2025-09-04T23:19:31.658514
TN 87 0478,7418,0.0,0.0,310.3,03/09/2025 22:03:34,13.044591666666667,80.1965,1965,2025-09-04T23:19:31.658680
TN 87 0478,7418,0.0,0.0,310.29,03/09/2025 22:03:21,13.044591666666667,80.1965,1965,2025-09-04T23:19:31.658832
TN 87 0478,7418,0.0,0.0,310.29,03/09/2025 22:03:11,13.044591666666667,80.1965,1965,2025-09-04T23:19:31.659203
TN 87 0478,7418,0.0,0.0,310.3,03/09/2025 22:03:02,13.044591666666667,80.1965,1965,2025-09-04T23:19:31.659421
TN 87 0478,7418,0.0,0.0,310.27,03/09/2025 22:02:52,13.044591666666667,80.1965,1965,2025-09-04T23:19:31.659628
TN 87 0478,7418,0.0,0.0,310.27,03/09/2025 22:02:42,13.044591666666667,80.1965,1965,2025-09-04T23:19:31.659817
TN 87 0478,7418,0.0,0.0,310.26,03/09/2025 22:02:34,13.044591666666667,80.1965,1965,2025-09-04T23:19:31.659977
TN 87 0478,7418,0.0,0.0,310.27,03/09/2025 22:02:22,13.044591666666667,80.1965,1965,2025-09-04T23:19:31.660140
TN 87 0478,7418,0.0,0.0,310.27,03/09/2025 22:02:12,13.044591666666667,80.1965,1965,2025-09-04T23:19:31.660294
TN 87 0478,7418,0.0,0.0,310.3,03/09/2025 22:02:02,13.044591666666667,80.1965,1965,2025-09-04T23:19:31.660434
TN 87 0478,7418,0.0,0.0,310.31,03/09/2025 22:01:52,13.044591666666667,80.1965,1965,2025-09-04T23:19:31.660567
TN 87 0478,7418,0.0,0.0,310.25,03/09/2025 22:01:42,13.044591666666667,80.1965,1965,2025-09-04T23:19:31.660737
TN 87 0478,7418,0.0,0.0,310.24,03/09/2025 22:01:35,13.044591666666667,80.1965,1965,2025-09-04T23:19:31.660906
TN 87 0478,7418,0.0,0.0,310.23,03/09/2025 22:01:22,13.044591666666667,80.1965,1965,2025-09-04T23:19:31.661066
TN 87 0478,7418,0.0,0.0,310.23,03/09/2025 22:01:12,13.044591666666667,80.1965,1965,2025-09-04T23:19:31.661214
TN 87 0478,7418,0.0,0.0,310.23,03/09/2025 22:01:02,13.044591666666667,80.1965,1965,2025-09-04T23:19:31.661373
TN 87 0478,7418,0.0,0.0,310.22,03/09/2025 22:00:52,13.044591666666667,80.1965,1965,2025-09-04T23:19:31.661538
TN 87 0478,7418,0.0,0.0,310.2,03/09/2025 22:00:42,13.044591666666667,80.1965,1965,2025-09-04T23:19:31.661700
TN 87 0478,7418,0.0,0.0,310.2,03/09/2025 22:00:36,13.044591666666667,80.1965,1965,2025-09-04T23:19:31.661843
TN 87 0478,7418,0.0,0.0,310.21,03/09/2025 22:00:22,13.044591666666667,80.1965,1965,2025-09-04T23:19:31.661989
TN 87 0478,7418,0.0,0.0,310.18,03/09/2025 22:00:12,13.044591666666667,80.1965,1965,2025-09-04T23:19:31.662134
TN 87 0478,7418,0.0,0.0,310.17,03/09/2025 22:00:02,13.044591666666667,80.1965,1965,2025-09-04T23:19:31.662310
TN 87 0478,7418,0.0,0.0,310.17,03/09/2025 21:59:52,13.044591666666667,80.1965,1965,2025-09-04T23:19:31.662458
TN 87 0478,7418,0.0,0.0,310.14,03/09/2025 21:59:42,13.044591666666667,80.1965,1965,2025-09-04T23:19:31.662647
TN 87 0478,7418,0.0,0.0,310.14,03/09/2025 21:59:35,13.044591666666667,80.1965,1965,2025-09-04T23:19:31.662819
TN 87 0478,7418,0.0,0.0,310.14,03/09/2025 21:59:23,13.044591666666667,80.1965,1965,2025-09-04T23:19:31.663007
TN 87 0478,7418,0.0,0.0,310.17,03/09/2025 21:59:12,13.044591666666667,80.1965,1965,2025-09-04T23:19:31.663207
TN 87 0478,7418,0.0,0.0,310.12,03/09/2025 21:59:02,13.044591666666667,80.1965,1965,2025-09-04T23:19:31.663402
TN 87 0478,7418,0.0,0.0,310.12,03/09/2025 21:58:52,13.044591666666667,80.1965,1965,2025-09-04T23:19:31.663561
TN 87 0478,7418,0.0,0.0,310.12,03/09/2025 21:58:42,13.044591666666667,80.1965,1965,2025-09-04T23:19:31.663741
TN 87 0478,7418,0.0,0.0,310.06,03/09/2025 21:58:35,13.044591666666667,80.1965,1965,2025-09-04T23:19:31.663907
TN 87 0478,7418,0.0,0.0,310.06,03/09/2025 21:58:22,13.044591666666667,80.1965,1965,2025-09-04T23:19:31.664070
TN 87 0478,7418,0.0,0.0,310.05,03/09/2025 21:58:12,13.044591666666667,80.1965,1965,2025-09-04T23:19:31.664225
TN 87 0478,7418,0.0,0.0,310.03,03/09/2025 21:58:02,13.044591666666667,80.1965,1965,2025-09-04T23:19:31.664405
TN 87 0478,7418,0.0,0.0,310.04,03/09/2025 21:57:52,13.044591666666667,80.1965,1965,2025-09-04T23:19:31.664574
TN 87 0478,7418,0.0,0.0,310.05,03/09/2025 21:57:43,13.044591666666667,80.1965,1965,2025-09-04T23:19:31.664745
TN 87 0478,7418,0.0,0.0,310.05,03/09/2025 21:57:35,13.044591666666667,80.1965,1965,2025-09-04T23:19:31.664886
TN 87 0478,7418,0.0,0.0,310.0,03/09/2025 21:57:22,13.044591666666667,80.1965,1965,2025-09-04T23:19:31.665032
TN 87 0478,7418,0.0,0.0,310.0,03/09/2025 21:57:12,13.044591666666667,80.1965,1965,2025-09-04T23:19:31.665189
TN 87 0478,7418,0.0,0.0,309.97,03/09/2025 21:57:03,13.044591666666667,80.1965,1965,2025-09-04T23:19:31.665321
TN 87 0478,7418,0.0,0.0,310.02,03/09/2025 21:56:53,13.044591666666667,80.1965,1965,2025-09-04T23:19:31.665473
TN 87 0478,7418,0.0,0.0,310.03,03/09/2025 21:56:43,13.044591666666667,80.1965,1965,2025-09-04T23:19:31.665644
TN 87 0478,7418,0.0,0.0,310.04,03/09/2025 21:56:35,13.044591666666667,80.1965,1965,2025-09-04T23:19:31.665803
TN 87 0478,7418,0.0,0.0,310.05,03/09/2025 21:56:23,13.044591666666667,80.1965,1965,2025-09-04T23:19:31.665937
TN 87 0478,7418,0.0,0.0,310.01,03/09/2025 21:56:13,13.044591666666667,80.1965,1965,2025-09-04T23:19:31.666080
TN 87 0478,7418,0.0,0.0,310.01,03/09/2025 21:56:03,13.044591666666667,80.1965,1965,2025-09-04T23:19:31.666262
TN 87 0478,7418,0.0,0.0,310.01,03/09/2025 21:55:54,13.044591666666667,80.1965,1965,2025-09-04T23:19:31.666451
TN 87 0478,7418,0.0,0.0,309.99,03/09/2025 21:55:43,13.044591666666667,80.1965,1965,2025-09-04T23:19:31.666628
TN 87 0478,7418,0.0,0.0,309.99,03/09/2025 21:55:36,13.044591666666667,80.1965,1965,2025-09-04T23:19:31.666783
TN 87 0478,7418,0.0,0.0,309.99,03/09/2025 21:55:23,13.044591666666667,80.1965,1965,2025-09-04T23:19:31.666990
TN 87 0478,7418,0.0,0.0,309.99,03/09/2025 21:55:13,13.044591666666667,80.1965,1965,2025-09-04T23:19:31.667220
TN 87 0478,7418,0.0,0.0,310.0,03/09/2025 21:55:04,13.044591666666667,80.1965,1965,2025-09-04T23:19:31.667420
TN 87 0478,7418,0.0,0.0,309.99,03/09/2025 21:54:53,13.044591666666667,80.1965,1965,2025-09-04T23:19:31.667618
TN 87 0478,7418,0.0,0.0,309.97,03/09/2025 21:54:43,13.044591666666667,80.1965,1965,2025-09-04T23:19:31.667824
TN 87 0478,7418,0.0,0.0,309.97,03/09/2025 21:54:37,13.044591666666667,80.1965,1965,2025-09-04T23:19:31.668026
TN 87 0478,7418,0.0,0.0,309.97,03/09/2025 21:54:23,13.044591666666667,80.1965,1965,2025-09-04T23:19:31.668220
TN 87 0478,7418,0.0,0.0,309.98,03/09/2025 21:54:14,13.044591666666667,80.1965,1965,2025-09-04T23:19:31.668417
TN 87 0478,7418,0.0,0.0,309.98,03/09/2025 21:54:03,13.044591666666667,80.1965,1965,2025-09-04T23:19:31.668590
TN 87 0478,7418,0.0,0.0,309.99,03/09/2025 21:53:53,13.044591666666667,80.1965,1965,2025-09-04T23:19:31.668777
TN 87 0478,7418,0.0,0.0,310.01,03/09/2025 21:53:43,13.044591666666667,80.1965,1965,2025-09-04T23:19:31.668937
TN 87 0478,7418,0.0,0.0,310.0,03/09/2025 21:53:36,13.044591666666667,80.1965,1965,2025-09-04T23:19:31.669183
TN 87 0478,7418,0.0,0.0,310.01,03/09/2025 21:53:24,13.044591666666667,80.1965,1965,2025-09-04T23:19:31.669357
TN 87 0478,7418,0.0,0.0,309.98,03/09/2025 21:53:13,13.044591666666667,80.1965,1965,2025-09-04T23:19:31.669527
TN 87 0478,7418,0.0,0.0,309.98,03/09/2025 21:53:03,13.044591666666667,80.1965,1965,2025-09-04T23:19:31.669696
TN 87 0478,7418,0.0,0.0,309.97,03/09/2025 21:52:53,13.044591666666667,80.1965,1965,2025-09-04T23:19:31.669858
TN 87 0478,7418,0.0,0.0,309.95,03/09/2025 21:52:43,13.044591666666667,80.1965,1965,2025-09-04T23:19:31.670025
TN 87 0478,7418,0.0,0.0,309.95,03/09/2025 21:52:36,13.044591666666667,80.1965,1965,2025-09-04T23:19:31.670198
TN 87 0478,7418,0.0,0.0,309.94,03/09/2025 21:52:23,13.044591666666667,80.1965,1965,2025-09-04T23:19:31.670362
TN 87 0478,7418,0.0,0.0,309.95,03/09/2025 21:52:13,13.044591666666667,80.1965,1965,2025-09-04T23:19:31.670521
TN 87 0478,7418,0.0,0.0,309.94,03/09/2025 21:52:03,13.044591666666667,80.1965,1965,2025-09-04T23:19:31.670680
TN 87 0478,7418,0.0,0.0,309.93,03/09/2025 21:51:53,13.044591666666667,80.1965,1965,2025-09-04T23:19:31.670867
TN 87 0478,7418,0.0,0.0,309.92,03/09/2025 21:51:44,13.044591666666667,80.1965,1965,2025-09-04T23:19:31.671030
TN 87 0478,7418,0.0,0.0,309.95,03/09/2025 21:51:36,13.044591666666667,80.1965,1965,2025-09-04T23:19:31.671193
TN 87 0478,7418,0.0,0.0,309.95,03/09/2025 21:51:23,13.044591666666667,80.1965,1965,2025-09-04T23:19:31.671363
TN 87 0478,7418,0.0,0.0,309.95,03/09/2025 21:51:13,13.044591666666667,80.1965,1965,2025-09-04T23:19:31.671603
TN 87 0478,7418,0.0,0.0,310.01,03/09/2025 21:51:03,13.044591666666667,80.1965,1965,2025-09-04T23:19:31.671824
TN 87 0478,7418,0.0,0.0,310.02,03/09/2025 21:50:54,13.044591666666667,80.1965,1965,2025-09-04T23:19:31.672012
TN 87 0478,7418,0.0,0.0,310.0,03/09/2025 21:50:44,13.044591666666667,80.1965,1965,2025-09-04T23:19:31.672184
TN 87 0478,7418,0.0,0.0,309.99,03/09/2025 21:50:36,13.044591666666667,80.1965,1965,2025-09-04T23:19:31.672351
TN 87 0478,7418,0.0,0.0,309.99,03/09/2025 21:50:24,13.044591666666667,80.1965,1965,2025-09-04T23:19:31.672518
TN 87 0478,7418,0.0,0.0,309.98,03/09/2025 21:50:14,13.044591666666667,80.1965,1965,2025-09-04T23:19:31.672700
TN 87 0478,7418,0.0,0.0,309.98,03/09/2025 21:50:04,13.044591666666667,80.1965,1965,2025-09-04T23:19:31.672893
TN 87 0478,7418,0.0,0.0,310.02,03/09/2025 21:49:54,13.044591666666667,80.1965,1965,2025-09-04T23:19:31.673072
TN 87 0478,7418,0.0,0.0,310.01,03/09/2025 21:49:44,13.044591666666667,80.1965,1965,2025-09-04T23:19:31.673233
TN 87 0478,7418,0.0,0.0,310.01,03/09/2025 21:49:38,13.044591666666667,80.1965,1965,2025-09-04T23:19:31.673402
TN 87 0478,7418,0.0,0.0,309.98,03/09/2025 21:49:24,13.044591666666667,80.1965,1965,2025-09-04T23:19:31.673591
TN 87 0478,7418,0.0,0.0,309.99,03/09/2025 21:49:14,13.044591666666667,80.1965,1965,2025-09-04T23:19:31.673771
TN 87 0478,7418,0.0,0.0,310.03,03/09/2025 21:49:04,13.044591666666667,80.1965,1965,2025-09-04T23:19:31.673969
TN 87 0478,7418,0.0,0.0,309.99,03/09/2025 21:48:54,13.044591666666667,80.1965,1965,2025-09-04T23:19:31.674140
TN 87 0478,7418,0.0,0.0,309.99,03/09/2025 21:48:44,13.044591666666667,80.1965,1965,2025-09-04T23:19:31.674313
TN 87 0478,7418,0.0,0.0,309.99,03/09/2025 21:48:38,13.044591666666667,80.1965,1965,2025-09-04T23:19:31.674559
TN 87 0478,7418,0.0,0.0,309.97,03/09/2025 21:48:24,13.044591666666667,80.1965,1965,2025-09-04T23:19:31.674730
TN 87 0478,7418,0.0,0.0,309.99,03/09/2025 21:48:14,13.044591666666667,80.1965,1965,2025-09-04T23:19:31.674910
TN 87 0478,7418,0.0,0.0,309.99,03/09/2025 21:48:04,13.044591666666667,80.1965,1965,2025-09-04T23:19:31.675082
TN 87 0478,7418,0.0,0.0,309.99,03/09/2025 21:47:54,13.044591666666667,80.1965,1965,2025-09-04T23:19:31.675238
TN 87 0478,7418,0.0,0.0,309.98,03/09/2025 21:47:44,13.044591666666667,80.1965,1965,2025-09-04T23:19:31.675391
TN 87 0478,7418,0.0,0.0,309.97,03/09/2025 21:47:37,13.044591666666667,80.1965,1965,2025-09-04T23:19:31.675546
TN 87 0478,7418,0.0,0.0,309.96,03/09/2025 21:47:24,13.044591666666667,80.1965,1965,2025-09-04T23:19:31.675727
TN 87 0478,7418,0.0,0.0,309.97,03/09/2025 21:47:14,13.044591666666667,80.1965,1965,2025-09-04T23:19:31.675903
TN 87 0478,7418,0.0,0.0,309.98,03/09/2025 21:47:04,13.044591666666667,80.1965,1965,2025-09-04T23:19:31.676055
TN 87 0478,7418,0.0,0.0,309.98,03/09/2025 21:46:54,13.044591666666667,80.1965,1965,2025-09-04T23:19:31.676218
TN 87 0478,7418,0.0,0.0,309.95,03/09/2025 21:46:44,13.044591666666667,80.1965,1965,2025-09-04T23:19:31.676373
TN 87 0478,7418,0.0,0.0,309.95,03/09/2025 21:46:37,13.044591666666667,80.1965,1965,2025-09-04T23:19:31.676552
TN 87 0478,7418,0.0,0.0,309.95,03/09/2025 21:46:24,13.044591666666667,80.1965,1965,2025-09-04T23:19:31.676701
TN 87 0478,7418,0.0,0.0,309.95,03/09/2025 21:46:14,13.044591666666667,80.1965,1965,2025-09-04T23:19:31.676836
TN 87 0478,7418,0.0,0.0,309.98,03/09/2025 21:46:04,13.044591666666667,80.1965,1965,2025-09-04T23:19:31.676982
TN 87 0478,7418,0.0,0.0,309.98,03/09/2025 21:45:54,13.044591666666667,80.1965,1965,2025-09-04T23:19:31.677143
TN 87 0478,7418,0.0,0.0,309.97,03/09/2025 21:45:45,13.044591666666667,80.1965,1965,2025-09-04T23:19:31.677293
TN 87 0478,7418,0.0,0.0,309.95,03/09/2025 21:45:37,13.044591666666667,80.1965,1965,2025-09-04T23:19:31.677461
TN 87 0478,7418,0.0,0.0,309.95,03/09/2025 21:45:24,13.044591666666667,80.1965,1965,2025-09-04T23:19:31.677647
TN 87 0478,7418,0.0,0.0,309.94,03/09/2025 21:45:14,13.044591666666667,80.1965,1965,2025-09-04T23:19:31.677825
TN 87 0478,7418,0.0,0.0,309.96,03/09/2025 21:45:04,13.044591666666667,80.1965,1965,2025-09-04T23:19:31.677986
TN 87 0478,7418,0.0,0.0,309.96,03/09/2025 21:44:55,13.044591666666667,80.1965,1965,2025-09-04T23:19:31.678168
TN 87 0478,7418,0.0,0.0,309.93,03/09/2025 21:44:44,13.044591666666667,80.1965,1965,2025-09-04T23:19:31.678319
TN 87 0478,7418,0.0,0.0,309.93,03/09/2025 21:44:37,13.044591666666667,80.1965,1965,2025-09-04T23:19:31.678462
TN 87 0478,7418,0.0,0.0,309.93,03/09/2025 21:44:25,13.044591666666667,80.1965,1965,2025-09-04T23:19:31.678605
TN 87 0478,7418,0.0,0.0,309.94,03/09/2025 21:44:15,13.044591666666667,80.1965,1965,2025-09-04T23:19:31.678765
TN 87 0478,7418,0.0,0.0,309.95,03/09/2025 21:44:05,13.044591666666667,80.1965,1965,2025-09-04T23:19:31.678935
TN 87 0478,7418,0.0,0.0,309.94,03/09/2025 21:43:55,13.044591666666667,80.1965,1965,2025-09-04T23:19:31.679092
TN 87 0478,7418,0.0,0.0,309.95,03/09/2025 21:43:45,13.044591666666667,80.1965,1965,2025-09-04T23:19:31.679245
TN 87 0478,7418,0.0,0.0,309.96,03/09/2025 21:43:39,13.044591666666667,80.1965,1965,2025-09-04T23:19:31.679415
TN 87 0478,7418,0.0,0.0,309.93,03/09/2025 21:43:25,13.044591666666667,80.1965,1965,2025-09-04T23:19:31.679570
TN 87 0478,7418,0.0,0.0,309.93,03/09/2025 21:43:15,13.044591666666667,80.1965,1965,2025-09-04T23:19:31.679722
TN 87 0478,7418,0.0,0.0,309.93,03/09/2025 21:43:05,13.044591666666667,80.1965,1965,2025-09-04T23:19:31.679873
TN 87 0478,7418,0.0,0.0,309.93,03/09/2025 21:42:55,13.044591666666667,80.1965,1965,2025-09-04T23:19:31.680467
TN 87 0478,7418,0.0,0.0,309.93,03/09/2025 21:42:45,13.044591666666667,80.1965,1965,2025-09-04T23:19:31.680656
TN 87 0478,7418,0.0,0.0,309.95,03/09/2025 21:42:38,13.044591666666667,80.1965,1965,2025-09-04T23:19:31.680958
TN 87 0478,7418,0.0,0.0,309.95,03/09/2025 21:42:26,13.044591666666667,80.1965,1965,2025-09-04T23:19:31.681128
TN 87 0478,7418,0.0,0.0,309.96,03/09/2025 21:42:15,13.044591666666667,80.1965,1965,2025-09-04T23:19:31.681284
TN 87 0478,7418,0.0,0.0,309.94,03/09/2025 21:42:05,13.044591666666667,80.1965,1965,2025-09-04T23:19:31.681464
TN 87 0478,7418,0.0,0.0,309.94,03/09/2025 21:41:55,13.044591666666667,80.1965,1965,2025-09-04T23:19:31.681644
TN 87 0478,7418,0.0,0.0,309.94,03/09/2025 21:41:45,13.044591666666667,80.1965,1965,2025-09-04T23:19:31.681808
TN 87 0478,7418,0.0,0.0,309.96,03/09/2025 21:41:38,13.044591666666667,80.1965,1965,2025-09-04T23:19:31.682000
TN 87 0478,7418,0.0,0.0,309.96,03/09/2025 21:41:25,13.044591666666667,80.1965,1965,2025-09-04T23:19:31.682274
TN 87 0478,7418,0.0,0.0,309.97,03/09/2025 21:41:15,13.044591666666667,80.1965,1965,2025-09-04T23:19:31.682509
TN 87 0478,7418,0.0,0.0,309.96,03/09/2025 21:41:05,13.044591666666667,80.1965,1965,2025-09-04T23:19:31.682713
TN 87 0478,7418,0.0,0.0,309.94,03/09/2025 21:40:55,13.044591666666667,80.1965,1965,2025-09-04T23:19:31.682912
TN 87 0478,7418,0.0,0.0,309.95,03/09/2025 21:40:46,13.044591666666667,80.1965,1965,2025-09-04T23:19:31.683102
TN 87 0478,7418,0.0,0.0,309.95,03/09/2025 21:40:38,13.044591666666667,80.1965,1965,2025-09-04T23:19:31.683277
TN 87 0478,7418,0.0,0.0,309.94,03/09/2025 21:40:25,13.044591666666667,80.1965,1965,2025-09-04T23:19:31.683473
TN 87 0478,7418,0.0,0.0,309.93,03/09/2025 21:40:15,13.044591666666667,80.1965,1965,2025-09-04T23:19:31.683662
TN 87 0478,7418,0.0,0.0,309.92,03/09/2025 21:40:05,13.044591666666667,80.1965,1965,2025-09-04T23:19:31.683842
TN 87 0478,7418,0.0,0.0,309.9,03/09/2025 21:39:56,13.044591666666667,80.1965,1965,2025-09-04T23:19:31.684013
TN 87 0478,7418,0.0,0.0,309.89,03/09/2025 21:39:45,13.044591666666667,80.1965,1965,2025-09-04T23:19:31.684203
TN 87 0478,7418,0.0,0.0,309.89,03/09/2025 21:39:38,13.044591666666667,80.1965,1965,2025-09-04T23:19:31.684367
TN 87 0478,7418,0.0,0.0,309.89,03/09/2025 21:39:25,13.044591666666667,80.1965,1965,2025-09-04T23:19:31.684518
TN 87 0478,7418,0.0,0.0,309.91,03/09/2025 21:39:15,13.044591666666667,80.1965,1965,2025-09-04T23:19:31.684683
TN 87 0478,7418,0.0,0.0,309.9,03/09/2025 21:39:06,13.044591666666667,80.1965,1965,2025-09-04T23:19:31.684834
TN 87 0478,7418,0.0,0.0,309.88,03/09/2025 21:38:55,13.044591666666667,80.1965,1965,2025-09-04T23:19:31.684996
TN 87 0478,7418,0.0,0.0,309.87,03/09/2025 21:38:45,13.044591666666667,80.1965,1965,2025-09-04T23:19:31.685158
TN 87 0478,7418,0.0,0.0,309.88,03/09/2025 21:38:39,13.044591666666667,80.1965,1965,2025-09-04T23:19:31.685319
TN 87 0478,7418,0.0,0.0,309.9,03/09/2025 21:38:25,13.044591666666667,80.1965,1965,2025-09-04T23:19:31.685484
TN 87 0478,7418,0.0,0.0,309.93,03/09/2025 21:38:16,13.044591666666667,80.1965,1965,2025-09-04T23:19:31.685634
TN 87 0478,7418,0.0,0.0,309.93,03/09/2025 21:38:05,13.044591666666667,80.1965,1965,2025-09-04T23:19:31.685802
TN 87 0478,7418,0.0,0.0,309.93,03/09/2025 21:37:55,13.044591666666667,80.1965,1965,2025-09-04T23:19:31.685961
TN 87 0478,7418,0.0,0.0,309.94,03/09/2025 21:37:45,13.044591666666667,80.1965,1965,2025-09-04T23:19:31.686122
TN 87 0478,7418,0.0,0.0,309.94,03/09/2025 21:37:40,13.044591666666667,80.1965,1965,2025-09-04T23:19:31.686265
TN 87 0478,7418,0.0,0.0,309.94,03/09/2025 21:37:26,13.044591666666667,80.1965,1965,2025-09-04T23:19:31.686430
TN 87 0478,7418,0.0,0.0,309.93,03/09/2025 21:37:16,13.044591666666667,80.1965,1965,2025-09-04T23:19:31.686605
TN 87 0478,7418,0.0,0.0,309.94,03/09/2025 21:37:06,13.044591666666667,80.1965,1965,2025-09-04T23:19:31.686785
TN 87 0478,7418,0.0,0.0,309.94,03/09/2025 21:36:56,13.044591666666667,80.1965,1965,2025-09-04T23:19:31.686944
TN 87 0478,7418,0.0,0.0,309.94,03/09/2025 21:36:46,13.044591666666667,80.1965,1965,2025-09-04T23:19:31.687101
TN 87 0478,7418,0.0,0.0,309.92,03/09/2025 21:36:38,13.044591666666667,80.1965,1965,2025-09-04T23:19:31.687235
TN 87 0478,7418,0.0,0.0,309.91,03/09/2025 21:36:26,13.044591666666667,80.1965,1965,2025-09-04T23:19:31.687368
TN 87 0478,7418,0.0,0.0,309.91,03/09/2025 21:36:16,13.044591666666667,80.1965,1965,2025-09-04T23:19:31.687551
TN 87 0478,7418,0.0,0.0,309.92,03/09/2025 21:36:06,13.044591666666667,80.1965,1965,2025-09-04T23:19:31.687724
TN 87 0478,7418,0.0,0.0,309.92,03/09/2025 21:35:56,13.044591666666667,80.1965,1965,2025-09-04T23:19:31.687884
TN 87 0478,7418,0.0,0.0,309.92,03/09/2025 21:35:46,13.044591666666667,80.1965,1965,2025-09-04T23:19:31.688070
TN 87 0478,7418,0.0,0.0,309.94,03/09/2025 21:35:39,13.044591666666667,80.1965,1965,2025-09-04T23:19:31.688219
TN 87 0478,7418,0.0,0.0,309.94,03/09/2025 21:35:26,13.044591666666667,80.1965,1965,2025-09-04T23:19:31.688376
TN 87 0478,7418,0.0,0.0,309.94,03/09/2025 21:35:16,13.044591666666667,80.1965,1965,2025-09-04T23:19:31.688560
TN 87 0478,7418,0.0,0.0,309.94,03/09/2025 21:35:06,13.044591666666667,80.1965,1965,2025-09-04T23:19:31.688729
TN 87 0478,7418,0.0,0.0,309.92,03/09/2025 21:34:56,13.044591666666667,80.1965,1965,2025-09-04T23:19:31.688882
TN 87 0478,7418,0.0,0.0,309.92,03/09/2025 21:34:47,13.044591666666667,80.1965,1965,2025-09-04T23:19:31.689066
TN 87 0478,7418,0.0,0.0,309.92,03/09/2025 21:34:39,13.044591666666667,80.1965,1965,2025-09-04T23:19:31.689230
TN 87 0478,7418,0.0,0.0,309.91,03/09/2025 21:34:26,13.044591666666667,80.1965,1965,2025-09-04T23:19:31.689403
TN 87 0478,7418,0.0,0.0,309.91,03/09/2025 21:34:16,13.044591666666667,80.1965,1965,2025-09-04T23:19:31.689582
TN 87 0478,7418,0.0,0.0,309.91,03/09/2025 21:34:06,13.044591666666667,80.1965,1965,2025-09-04T23:19:31.689754
TN 87 0478,7418,0.0,0.0,309.91,03/09/2025 21:33:57,13.044591666666667,80.1965,1965,2025-09-04T23:19:31.689947
TN 87 0478,7418,0.0,0.0,309.89,03/09/2025 21:33:46,13.044591666666667,80.1965,1965,2025-09-04T23:19:31.690163
TN 87 0478,7418,0.0,0.0,309.88,03/09/2025 21:33:39,13.044591666666667,80.1965,1965,2025-09-04T23:19:31.690346
TN 87 0478,7418,0.0,0.0,309.87,03/09/2025 21:33:26,13.044591666666667,80.1965,1965,2025-09-04T23:19:31.690525
TN 87 0478,7418,0.0,0.0,309.92,03/09/2025 21:33:16,13.044591666666667,80.1965,1965,2025-09-04T23:19:31.690704
TN 87 0478,7418,0.0,0.0,309.92,03/09/2025 21:33:07,13.044591666666667,80.1965,1965,2025-09-04T23:19:31.690872
TN 87 0478,7418,0.0,0.0,309.93,03/09/2025 21:32:56,13.044591666666667,80.1965,1965,2025-09-04T23:19:31.691032
TN 87 0478,7418,0.0,0.0,309.93,03/09/2025 21:32:46,13.044591666666667,80.1965,1965,2025-09-04T23:19:31.691192
TN 87 0478,7418,0.0,0.0,309.92,03/09/2025 21:32:40,13.044591666666667,80.1965,1965,2025-09-04T23:19:31.691360
TN 87 0478,7418,0.0,0.0,309.92,03/09/2025 21:32:26,13.044591666666667,80.1965,1965,2025-09-04T23:19:31.691567
TN 87 0478,7418,0.0,0.0,309.92,03/09/2025 21:32:17,13.044591666666667,80.1965,1965,2025-09-04T23:19:31.691778
TN 87 0478,7418,0.0,0.0,309.92,03/09/2025 21:32:06,13.044591666666667,80.1965,1965,2025-09-04T23:19:31.691961
TN 87 0478,7418,0.0,0.0,309.93,03/09/2025 21:31:56,13.044591666666667,80.1965,1965,2025-09-04T23:19:31.692129
TN 87 0478,7418,0.0,0.0,309.94,03/09/2025 21:31:46,13.044591666666667,80.1965,1965,2025-09-04T23:19:31.692306
TN 87 0478,7418,0.0,0.0,309.94,03/09/2025 21:31:39,13.044591666666667,80.1965,1965,2025-09-04T23:19:31.692476
TN 87 0478,7418,0.0,0.0,309.94,03/09/2025 21:31:27,13.044591666666667,80.1965,1965,2025-09-04T23:19:31.692673
TN 87 0478,7418,0.0,0.0,309.93,03/09/2025 21:31:16,13.044591666666667,80.1965,1965,2025-09-04T23:19:31.692839
TN 87 0478,7418,0.0,0.0,309.92,03/09/2025 21:31:06,13.044591666666667,80.1965,1965,2025-09-04T23:19:31.693032
TN 87 0478,7418,0.0,0.0,309.93,03/09/2025 21:30:56,13.044591666666667,80.1965,1965,2025-09-04T23:19:31.693222
TN 87 0478,7418,0.0,0.0,309.92,03/09/2025 21:30:46,13.044591666666667,80.1965,1965,2025-09-04T23:19:31.693403
TN 87 0478,7418,0.0,0.0,309.92,03/09/2025 21:30:39,13.044591666666667,80.1965,1965,2025-09-04T23:19:31.693608
TN 87 0478,7418,0.0,0.0,309.93,03/09/2025 21:30:27,13.044591666666667,80.1965,1965,2025-09-04T23:19:31.693809
TN 87 0478,7418,0.0,0.0,309.93,03/09/2025 21:30:17,13.044591666666667,80.1965,1965,2025-09-04T23:19:31.694013
TN 87 0478,7418,0.0,0.0,309.92,03/09/2025 21:30:07,13.044591666666667,80.1965,1965,2025-09-04T23:19:31.694235
TN 87 0478,7418,0.0,0.0,309.92,03/09/2025 21:29:57,13.044591666666667,80.1965,1965,2025-09-04T23:19:31.694445
TN 87 0478,7418,0.0,0.0,309.93,03/09/2025 21:29:47,13.044591666666667,80.1965,1965,2025-09-04T23:19:31.694635
TN 87 0478,7418,0.0,0.0,309.93,03/09/2025 21:29:39,13.044591666666667,80.1965,1965,2025-09-04T23:19:31.694819
TN 87 0478,7418,0.0,0.0,309.94,03/09/2025 21:29:27,13.044591666666667,80.1965,1965,2025-09-04T23:19:31.695029
TN 87 0478,7418,0.0,0.0,309.93,03/09/2025 21:29:17,13.044591666666667,80.1965,1965,2025-09-04T23:19:31.695245
TN 87 0478,7418,0.0,0.0,309.94,03/09/2025 21:29:07,13.044591666666667,80.1965,1965,2025-09-04T23:19:31.695419
TN 87 0478,7418,0.0,0.0,309.95,03/09/2025 21:28:57,13.044591666666667,80.1965,1965,2025-09-04T23:19:31.695603
TN 87 0478,7418,0.0,0.0,309.92,03/09/2025 21:28:47,13.044591666666667,80.1965,1965,2025-09-04T23:19:31.695770
TN 87 0478,7418,0.0,0.0,309.92,03/09/2025 21:28:40,13.044591666666667,80.1965,1965,2025-09-04T23:19:31.695930
TN 87 0478,7418,0.0,0.0,309.92,03/09/2025 21:28:27,13.044591666666667,80.1965,1965,2025-09-04T23:19:31.696090
TN 87 0478,7418,0.0,0.0,309.91,03/09/2025 21:28:17,13.044591666666667,80.1965,1965,2025-09-04T23:19:31.696245
TN 87 0478,7418,0.0,0.0,309.92,03/09/2025 21:28:07,13.044591666666667,80.1965,1965,2025-09-04T23:19:31.696403
TN 87 0478,7418,0.0,0.0,309.92,03/09/2025 21:27:57,13.044591666666667,80.1965,1965,2025-09-04T23:19:31.696565
TN 87 0478,7418,0.0,0.0,309.92,03/09/2025 21:27:47,13.044591666666667,80.1965,1965,2025-09-04T23:19:31.696723
TN 87 0478,7418,0.0,0.0,309.92,03/09/2025 21:27:41,13.044591666666667,80.1965,1965,2025-09-04T23:19:31.696894
TN 87 0478,7418,0.0,0.0,309.95,03/09/2025 21:27:27,13.044591666666667,80.1965,1965,2025-09-04T23:19:31.697051
TN 87 0478,7418,0.0,0.0,309.95,03/09/2025 21:27:17,13.044591666666667,80.1965,1965,2025-09-04T23:19:31.697200
TN 87 0478,7418,0.0,0.0,309.94,03/09/2025 21:27:07,13.044591666666667,80.1965,1965,2025-09-04T23:19:31.697351
TN 87 0478,7418,0.0,0.0,309.94,03/09/2025 21:26:57,13.044591666666667,80.1965,1965,2025-09-04T23:19:31.697523
TN 87 0478,7418,0.0,0.0,309.94,03/09/2025 21:26:47,13.044591666666667,80.1965,1965,2025-09-04T23:19:31.697735
TN 87 0478,7418,0.0,0.0,309.94,03/09/2025 21:26:41,13.044591666666667,80.1965,1965,2025-09-04T23:19:31.697928
TN 87 0478,7418,0.0,0.0,309.93,03/09/2025 21:26:27,13.044591666666667,80.1965,1965,2025-09-04T23:19:31.698104
TN 87 0478,7418,0.0,0.0,309.93,03/09/2025 21:26:17,13.044591666666667,80.1965,1965,2025-09-04T23:19:31.698313
TN 87 0478,7418,0.0,0.0,309.94,03/09/2025 21:26:07,13.044591666666667,80.1965,1965,2025-09-04T23:19:31.698504
TN 87 0478,7418,0.0,0.0,309.91,03/09/2025 21:25:57,13.044591666666667,80.1965,1965,2025-09-04T23:19:31.698681
TN 87 0478,7418,0.0,0.0,309.9,03/09/2025 21:25:47,13.044591666666667,80.1965,1965,2025-09-04T23:19:31.698839
TN 87 0478,7418,0.0,0.0,309.89,03/09/2025 21:25:40,13.044591666666667,80.1965,1965,2025-09-04T23:19:31.698989
TN 87 0478,7418,0.0,0.0,309.88,03/09/2025 21:25:28,13.044591666666667,80.1965,1965,2025-09-04T23:19:31.699169
TN 87 0478,7418,0.0,0.0,309.93,03/09/2025 21:25:17,13.044591666666667,80.1965,1965,2025-09-04T23:19:31.699343
TN 87 0478,7418,0.0,0.0,309.94,03/09/2025 21:25:07,13.044591666666667,80.1965,1965,2025-09-04T23:19:31.699514
TN 87 0478,7418,0.0,0.0,309.89,03/09/2025 21:24:57,13.044591666666667,80.1965,1965,2025-09-04T23:19:31.699675
TN 87 0478,7418,0.0,0.0,309.89,03/09/2025 21:24:47,13.044591666666667,80.1965,1965,2025-09-04T23:19:31.699839
TN 87 0478,7418,0.0,0.0,309.88,03/09/2025 21:24:40,13.044591666666667,80.1965,1965,2025-09-04T23:19:31.700012
TN 87 0478,7418,0.0,0.0,309.86,03/09/2025 21:24:27,13.044591666666667,80.1965,1965,2025-09-04T23:19:31.700201
TN 87 0478,7418,0.0,0.0,309.9,03/09/2025 21:24:17,13.044591666666667,80.1965,1965,2025-09-04T23:19:31.700383
TN 87 0478,7418,0.0,0.0,309.92,03/09/2025 21:24:07,13.044591666666667,80.1965,1965,2025-09-04T23:19:31.700559
TN 87 0478,7418,0.0,0.0,309.92,03/09/2025 21:23:57,13.044591666666667,80.1965,1965,2025-09-04T23:19:31.700736
TN 87 0478,7418,0.0,0.0,309.88,03/09/2025 21:23:48,13.044591666666667,80.1965,1965,2025-09-04T23:19:31.700910
TN 87 0478,7418,0.0,0.0,309.88,03/09/2025 21:23:40,13.044591666666667,80.1965,1965,2025-09-04T23:19:31.701067
TN 87 0478,7418,0.0,0.0,309.9,03/09/2025 21:23:27,13.044591666666667,80.1965,1965,2025-09-04T23:19:31.701227
TN 87 0478,7418,0.0,0.0,309.91,03/09/2025 21:23:17,13.044591666666667,80.1965,1965,2025-09-04T23:19:31.701390
TN 87 0478,7418,0.0,0.0,309.91,03/09/2025 21:23:07,13.044591666666667,80.1965,1965,2025-09-04T23:19:31.701574
TN 87 0478,7418,0.0,0.0,309.91,03/09/2025 21:22:58,13.044591666666667,80.1965,1965,2025-09-04T23:19:31.701740
TN 87 0478,7418,0.0,0.0,309.89,03/09/2025 21:22:47,13.044591666666667,80.1965,1965,2025-09-04T23:19:31.701909
TN 87 0478,7418,0.0,0.0,309.89,03/09/2025 21:22:40,13.044591666666667,80.1965,1965,2025-09-04T23:19:31.702071
TN 87 0478,7418,0.0,0.0,309.89,03/09/2025 21:22:27,13.044591666666667,80.1965,1965,2025-09-04T23:19:31.702234
TN 87 0478,7418,0.0,0.0,309.91,03/09/2025 21:22:18,13.044591666666667,80.1965,1965,2025-09-04T23:19:31.702393
TN 87 0478,7418,0.0,0.0,309.89,03/09/2025 21:22:08,13.044591666666667,80.1965,1965,2025-09-04T23:19:31.702572
TN 87 0478,7418,0.0,0.0,309.88,03/09/2025 21:21:58,13.044591666666667,80.1965,1965,2025-09-04T23:19:31.702767
TN 87 0478,7418,0.0,0.0,309.86,03/09/2025 21:21:48,13.044591666666667,80.1965,1965,2025-09-04T23:19:31.702917
TN 87 0478,7418,0.0,0.0,309.86,03/09/2025 21:21:42,13.044591666666667,80.1965,1965,2025-09-04T23:19:31.703110
TN 87 0478,7418,0.0,0.0,309.85,03/09/2025 21:21:28,13.044591666666667,80.1965,1965,2025-09-04T23:19:31.703284
TN 87 0478,7418,0.0,0.0,309.85,03/09/2025 21:21:18,13.044591666666667,80.1965,1965,2025-09-04T23:19:31.703483
TN 87 0478,7418,0.0,0.0,309.92,03/09/2025 21:21:08,13.044591666666667,80.1965,1965,2025-09-04T23:19:31.703673
TN 87 0478,7418,0.0,0.0,309.94,03/09/2025 21:20:58,13.044591666666667,80.1965,1965,2025-09-04T23:19:31.703843
TN 87 0478,7418,0.0,0.0,309.93,03/09/2025 21:20:48,13.044591666666667,80.1965,1965,2025-09-04T23:19:31.704014
TN 87 0478,7418,0.0,0.0,309.93,03/09/2025 21:20:41,13.044591666666667,80.1965,1965,2025-09-04T23:19:31.704193
TN 87 0478,7418,0.0,0.0,309.93,03/09/2025 21:20:28,13.044591666666667,80.1965,1965,2025-09-04T23:19:31.704362
TN 87 0478,7418,0.0,0.0,309.91,03/09/2025 21:20:18,13.044591666666667,80.1965,1965,2025-09-04T23:19:31.704555
TN 87 0478,7418,0.0,0.0,309.89,03/09/2025 21:20:08,13.044591666666667,80.1965,1965,2025-09-04T23:19:31.704729
TN 87 0478,7418,0.0,0.0,309.89,03/09/2025 21:19:58,13.044591666666667,80.1965,1965,2025-09-04T23:19:31.704899
TN 87 0478,7418,0.0,0.0,309.88,03/09/2025 21:19:48,13.044591666666667,80.1965,1965,2025-09-04T23:19:31.705063
TN 87 0478,7418,0.0,0.0,309.9,03/09/2025 21:19:41,13.044591666666667,80.1965,1965,2025-09-04T23:19:31.705227
TN 87 0478,7418,0.0,0.0,309.93,03/09/2025 21:19:28,13.044591666666667,80.1965,1965,2025-09-04T23:19:31.705386
TN 87 0478,7418,0.0,0.0,309.94,03/09/2025 21:19:18,13.044591666666667,80.1965,1965,2025-09-04T23:19:31.705668
TN 87 0478,7418,0.0,0.0,309.93,03/09/2025 21:19:08,13.044591666666667,80.1965,1965,2025-09-04T23:19:31.705890
TN 87 0478,7418,0.0,0.0,309.94,03/09/2025 21:18:58,13.044591666666667,80.1965,1965,2025-09-04T23:19:31.706081
TN 87 0478,7418,0.0,0.0,309.96,03/09/2025 21:18:48,13.044591666666667,80.1965,1965,2025-09-04T23:19:31.706255
TN 87 0478,7418,0.0,0.0,309.89,03/09/2025 21:18:41,13.044591666666667,80.1965,1965,2025-09-04T23:19:31.706422
TN 87 0478,7418,0.0,0.0,309.89,03/09/2025 21:18:28,13.044591666666667,80.1965,1965,2025-09-04T23:19:31.706934
TN 87 0478,7418,0.0,0.0,309.9,03/09/2025 21:18:18,13.044591666666667,80.1965,1965,2025-09-04T23:19:31.707162
TN 87 0478,7418,0.0,0.0,309.89,03/09/2025 21:18:08,13.044591666666667,80.1965,1965,2025-09-04T23:19:31.707357
TN 87 0478,7418,0.0,0.0,309.89,03/09/2025 21:17:58,13.044591666666667,80.1965,1965,2025-09-04T23:19:31.707549
TN 87 0478,7418,0.0,0.0,309.88,03/09/2025 21:17:48,13.044591666666667,80.1965,1965,2025-09-04T23:19:31.707757
TN 87 0478,7418,0.0,0.0,309.91,03/09/2025 21:17:41,13.044591666666667,80.1965,1965,2025-09-04T23:19:31.707962
TN 87 0478,7418,0.0,0.0,309.9,03/09/2025 21:17:28,13.044591666666667,80.1965,1965,2025-09-04T23:19:31.708176
TN 87 0478,7418,0.0,0.0,309.9,03/09/2025 21:17:18,13.044591666666667,80.1965,1965,2025-09-04T23:19:31.708378
TN 87 0478,7418,0.0,0.0,309.9,03/09/2025 21:17:08,13.044591666666667,80.1965,1965,2025-09-04T23:19:31.708574
TN 87 0478,7418,0.0,0.0,309.88,03/09/2025 21:16:58,13.044591666666667,80.1965,1965,2025-09-04T23:19:31.708735
TN 87 0478,7418,0.0,0.0,309.89,03/09/2025 21:16:48,13.044591666666667,80.1965,1965,2025-09-04T23:19:31.708888
TN 87 0478,7418,0.0,0.0,309.88,03/09/2025 21:16:42,13.044591666666667,80.1965,1965,2025-09-04T23:19:31.709075
TN 87 0478,7418,0.0,0.0,309.87,03/09/2025 21:16:28,13.044591666666667,80.1965,1965,2025-09-04T23:19:31.709271
TN 87 0478,7418,0.0,0.0,309.86,03/09/2025 21:16:18,13.044591666666667,80.1965,1965,2025-09-04T23:19:31.709453
TN 87 0478,7418,0.0,0.0,309.86,03/09/2025 21:16:08,13.044591666666667,80.1965,1965,2025-09-04T23:19:31.709705
TN 87 0478,7418,0.0,0.0,309.86,03/09/2025 21:15:58,13.044591666666667,80.1965,1965,2025-09-04T23:19:31.709943
TN 87 0478,7418,0.0,0.0,309.88,03/09/2025 21:15:48,13.044591666666667,80.1965,1965,2025-09-04T23:19:31.710121
TN 87 0478,7418,0.0,0.0,309.88,03/09/2025 21:15:42,13.044591666666667,80.1965,1965,2025-09-04T23:19:31.710298
TN 87 0478,7418,0.0,0.0,309.88,03/09/2025 21:15:28,13.044591666666667,80.1965,1965,2025-09-04T23:19:31.710508
TN 87 0478,7418,0.0,0.0,309.95,03/09/2025 21:15:18,13.044591666666667,80.1965,1965,2025-09-04T23:19:31.710682
TN 87 0478,7418,0.0,0.0,309.94,03/09/2025 21:15:08,13.044591666666667,80.1965,1965,2025-09-04T23:19:31.710856
TN 87 0478,7418,0.0,0.0,309.93,03/09/2025 21:14:58,13.044591666666667,80.1965,1965,2025-09-04T23:19:31.711023
TN 87 0478,7418,0.0,0.0,309.87,03/09/2025 21:14:48,13.044591666666667,80.1965,1965,2025-09-04T23:19:31.711217
TN 87 0478,7418,0.0,0.0,309.87,03/09/2025 21:14:41,13.044591666666667,80.1965,1965,2025-09-04T23:19:31.711393
TN 87 0478,7418,0.0,0.0,309.86,03/09/2025 21:14:29,13.044591666666667,80.1965,1965,2025-09-04T23:19:31.711561
TN 87 0478,7418,0.0,0.0,309.86,03/09/2025 21:14:18,13.044591666666667,80.1965,1965,2025-09-04T23:19:31.711731
TN 87 0478,7418,0.0,0.0,309.86,03/09/2025 21:14:08,13.044591666666667,80.1965,1965,2025-09-04T23:19:31.711896
TN 87 0478,7418,0.0,0.0,309.84,03/09/2025 21:13:58,13.044591666666667,80.1965,1965,2025-09-04T23:19:31.712065
TN 87 0478,7418,0.0,0.0,309.86,03/09/2025 21:13:48,13.044591666666667,80.1965,1965,2025-09-04T23:19:31.712235
TN 87 0478,7418,0.0,0.0,309.86,03/09/2025 21:13:41,13.044591666666667,80.1965,1965,2025-09-04T23:19:31.712393
TN 87 0478,7418,0.0,0.0,309.86,03/09/2025 21:13:28,13.044591666666667,80.1965,1965,2025-09-04T23:19:31.712562
TN 87 0478,7418,0.0,0.0,309.86,03/09/2025 21:13:19,13.044591666666667,80.1965,1965,2025-09-04T23:19:31.712748
TN 87 0478,7418,0.0,0.0,309.9,03/09/2025 21:13:09,13.044591666666667,80.1965,1965,2025-09-04T23:19:31.712937
TN 87 0478,7418,0.0,0.0,309.89,03/09/2025 21:12:59,13.044591666666667,80.1965,1965,2025-09-04T23:19:31.713133
TN 87 0478,7418,0.0,0.0,309.87,03/09/2025 21:12:49,13.044591666666667,80.1965,1965,2025-09-04T23:19:31.713290
TN 87 0478,7418,0.0,0.0,309.86,03/09/2025 21:12:41,13.044591666666667,80.1965,1965,2025-09-04T23:19:31.713470
TN 87 0478,7418,0.0,0.0,309.86,03/09/2025 21:12:29,13.044591666666667,80.1965,1965,2025-09-04T23:19:31.713660
TN 87 0478,7418,0.0,0.0,309.85,03/09/2025 21:12:19,13.044591666666667,80.1965,1965,2025-09-04T23:19:31.713886
TN 87 0478,7418,0.0,0.0,309.86,03/09/2025 21:12:09,13.044591666666667,80.1965,1965,2025-09-04T23:19:31.714087
TN 87 0478,7418,0.0,0.0,309.85,03/09/2025 21:11:59,13.044591666666667,80.1965,1965,2025-09-04T23:19:31.714269
TN 87 0478,7418,0.0,0.0,309.8,03/09/2025 21:11:49,13.044591666666667,80.1965,1965,2025-09-04T23:19:31.714442
TN 87 0478,7418,0.0,0.0,309.85,03/09/2025 21:11:42,13.044591666666667,80.1965,1965,2025-09-04T23:19:31.714631
TN 87 0478,7418,0.0,0.0,309.85,03/09/2025 21:11:29,13.044591666666667,80.1965,1965,2025-09-04T23:19:31.714805
TN 87 0478,7418,0.0,0.0,309.87,03/09/2025 21:11:19,13.044591666666667,80.1965,1965,2025-09-04T23:19:31.715260
TN 87 0478,7418,0.0,0.0,309.88,03/09/2025 21:11:09,13.044591666666667,80.1965,1965,2025-09-04T23:19:31.715494
TN 87 0478,7418,0.0,0.0,309.86,03/09/2025 21:10:59,13.044591666666667,80.1965,1965,2025-09-04T23:19:31.715833
TN 87 0478,7418,0.0,0.0,309.83,03/09/2025 21:10:49,13.044591666666667,80.1965,1965,2025-09-04T23:19:31.716051
TN 87 0478,7418,0.0,0.0,309.83,03/09/2025 21:10:43,13.044591666666667,80.1965,1965,2025-09-04T23:19:31.716261
TN 87 0478,7418,0.0,0.0,309.86,03/09/2025 21:10:29,13.044591666666667,80.1965,1965,2025-09-04T23:19:31.716466
TN 87 0478,7418,0.0,0.0,309.86,03/09/2025 21:10:19,13.044591666666667,80.1965,1965,2025-09-04T23:19:31.716657
TN 87 0478,7418,0.0,0.0,309.84,03/09/2025 21:10:09,13.044591666666667,80.1965,1965,2025-09-04T23:19:31.716835
TN 87 0478,7418,0.0,0.0,309.83,03/09/2025 21:09:59,13.044591666666667,80.1965,1965,2025-09-04T23:19:31.717005
TN 87 0478,7418,0.0,0.0,309.81,03/09/2025 21:09:49,13.044591666666667,80.1965,1965,2025-09-04T23:19:31.717172
TN 87 0478,7418,0.0,0.0,309.82,03/09/2025 21:09:42,13.044591666666667,80.1965,1965,2025-09-04T23:19:31.717312
TN 87 0478,7418,0.0,0.0,309.81,03/09/2025 21:09:29,13.044591666666667,80.1965,1965,2025-09-04T23:19:31.717476
TN 87 0478,7418,0.0,0.0,309.82,03/09/2025 21:09:19,13.044591666666667,80.1965,1965,2025-09-04T23:19:31.717669
TN 87 0478,7418,0.0,0.0,309.85,03/09/2025 21:09:09,13.044591666666667,80.1965,1965,2025-09-04T23:19:31.717845
TN 87 0478,7418,0.0,0.0,309.83,03/09/2025 21:08:59,13.044591666666667,80.1965,1965,2025-09-04T23:19:31.718037
TN 87 0478,7418,0.0,0.0,309.83,03/09/2025 21:08:49,13.044591666666667,80.1965,1965,2025-09-04T23:19:31.718223
TN 87 0478,7418,0.0,0.0,309.81,03/09/2025 21:08:42,13.044591666666667,80.1965,1965,2025-09-04T23:19:31.718394
TN 87 0478,7418,0.0,0.0,309.8,03/09/2025 21:08:29,13.044591666666667,80.1965,1965,2025-09-04T23:19:31.718564
TN 87 0478,7418,0.0,0.0,309.81,03/09/2025 21:08:19,13.044591666666667,80.1965,1965,2025-09-04T23:19:31.718738
TN 87 0478,7418,0.0,0.0,309.83,03/09/2025 21:08:09,13.044591666666667,80.1965,1965,2025-09-04T23:19:31.718901
TN 87 0478,7418,0.0,0.0,309.84,03/09/2025 21:07:59,13.044591666666667,80.1965,1965,2025-09-04T23:19:31.719081
TN 87 0478,7418,0.0,0.0,309.83,03/09/2025 21:07:49,13.044591666666667,80.1965,1965,2025-09-04T23:19:31.719280
TN 87 0478,7418,0.0,0.0,309.86,03/09/2025 21:07:42,13.044591666666667,80.1965,1965,2025-09-04T23:19:31.719448
TN 87 0478,7418,0.0,0.0,309.87,03/09/2025 21:07:29,13.044591666666667,80.1965,1965,2025-09-04T23:19:31.719619
TN 87 0478,7418,0.0,0.0,309.86,03/09/2025 21:07:19,13.044591666666667,80.1965,1965,2025-09-04T23:19:31.719791
TN 87 0478,7418,0.0,0.0,309.85,03/09/2025 21:07:09,13.044591666666667,80.1965,1965,2025-09-04T23:19:31.719948
TN 87 0478,7418,0.0,0.0,309.83,03/09/2025 21:06:59,13.044591666666667,80.1965,1965,2025-09-04T23:19:31.720069
TN 87 0478,7418,0.0,0.0,309.86,03/09/2025 21:06:49,13.044591666666667,80.1965,1965,2025-09-04T23:19:31.720179
TN 87 0478,7418,0.0,0.0,309.86,03/09/2025 21:06:42,13.044591666666667,80.1965,1965,2025-09-04T23:19:31.720418
TN 87 0478,7418,0.0,0.0,309.86,03/09/2025 21:06:29,13.044591666666667,80.1965,1965,2025-09-04T23:19:31.720634
TN 87 0478,7418,0.0,0.0,309.87,03/09/2025 21:06:19,13.044591666666667,80.1965,1965,2025-09-04T23:19:31.720834
TN 87 0478,7418,0.0,0.0,309.88,03/09/2025 21:06:09,13.044591666666667,80.1965,1965,2025-09-04T23:19:31.721058
TN 87 0478,7418,0.0,0.0,309.88,03/09/2025 21:05:59,13.044591666666667,80.1965,1965,2025-09-04T23:19:31.721261
TN 87 0478,7418,0.0,0.0,309.88,03/09/2025 21:05:49,13.044591666666667,80.1965,1965,2025-09-04T23:19:31.721470
TN 87 0478,7418,0.0,0.0,309.9,03/09/2025 21:05:43,13.044591666666667,80.1965,1965,2025-09-04T23:19:31.721679
TN 87 0478,7418,0.0,0.0,309.91,03/09/2025 21:05:29,13.044591666666667,80.1965,1965,2025-09-04T23:19:31.721871
TN 87 0478,7418,0.0,0.0,309.92,03/09/2025 21:05:19,13.044591666666667,80.1965,1965,2025-09-04T23:19:31.722059
TN 87 0478,7418,0.0,0.0,309.84,03/09/2025 21:05:09,13.044591666666667,80.1965,1965,2025-09-04T23:19:31.722234
TN 87 0478,7418,0.0,0.0,309.84,03/09/2025 21:04:59,13.044591666666667,80.1965,1965,2025-09-04T23:19:31.722400
TN 87 0478,7418,0.0,0.0,309.85,03/09/2025 21:04:49,13.044591666666667,80.1965,1965,2025-09-04T23:19:31.722578
TN 87 0478,7418,0.0,0.0,309.87,03/09/2025 21:04:43,13.044591666666667,80.1965,1965,2025-09-04T23:19:31.722767
TN 87 0478,7418,0.0,0.0,309.8,03/09/2025 21:04:29,13.044591666666667,80.1965,1965,2025-09-04T23:19:31.722933
TN 87 0478,7418,0.0,0.0,309.8,03/09/2025 21:04:20,13.044591666666667,80.1965,1965,2025-09-04T23:19:31.723139
TN 87 0478,7418,0.0,0.0,309.84,03/09/2025 21:04:09,13.044591666666667,80.1965,1965,2025-09-04T23:19:31.723344
TN 87 0478,7418,0.0,0.0,309.84,03/09/2025 21:03:59,13.044591666666667,80.1965,1965,2025-09-04T23:19:31.723516
TN 87 0478,7418,0.0,0.0,309.85,03/09/2025 21:03:49,13.044591666666667,80.1965,1965,2025-09-04T23:19:31.723715
TN 87 0478,7418,0.0,0.0,309.82,03/09/2025 21:03:42,13.044591666666667,80.1965,1965,2025-09-04T23:19:31.723897
TN 87 0478,7418,0.0,0.0,309.82,03/09/2025 21:03:30,13.044591666666667,80.1965,1965,2025-09-04T23:19:31.724074
TN 87 0478,7418,0.0,0.0,309.81,03/09/2025 21:03:19,13.044591666666667,80.1965,1965,2025-09-04T23:19:31.724241
TN 87 0478,7418,0.0,0.0,309.79,03/09/2025 21:03:09,13.044591666666667,80.1965,1965,2025-09-04T23:19:31.724400
TN 87 0478,7418,0.0,0.0,309.8,03/09/2025 21:03:00,13.044591666666667,80.1965,1965,2025-09-04T23:19:31.724568
TN 87 0478,7418,0.0,0.0,309.8,03/09/2025 21:02:50,13.044591666666667,80.1965,1965,2025-09-04T23:19:31.724724
TN 87 0478,7418,0.0,0.0,309.81,03/09/2025 21:02:42,13.044591666666667,80.1965,1965,2025-09-04T23:19:31.724888
TN 87 0478,7418,0.0,0.0,309.81,03/09/2025 21:02:30,13.044591666666667,80.1965,1965,2025-09-04T23:19:31.725056
TN 87 0478,7418,0.0,0.0,309.8,03/09/2025 21:02:20,13.044591666666667,80.1965,1965,2025-09-04T23:19:31.725212
TN 87 0478,7418,0.0,0.0,309.78,03/09/2025 21:02:10,13.044591666666667,80.1965,1965,2025-09-04T23:19:31.725384
TN 87 0478,7418,0.0,0.0,309.77,03/09/2025 21:02:00,13.044591666666667,80.1965,1965,2025-09-04T23:19:31.725543
TN 87 0478,7418,0.0,0.0,309.77,03/09/2025 21:01:50,13.044591666666667,80.1965,1965,2025-09-04T23:19:31.725706
TN 87 0478,7418,0.0,0.0,309.77,03/09/2025 21:01:42,13.044591666666667,80.1965,1965,2025-09-04T23:19:31.725875
TN 87 0478,7418,0.0,0.0,309.76,03/09/2025 21:01:30,13.044591666666667,80.1965,1965,2025-09-04T23:19:31.726039
TN 87 0478,7418,0.0,0.0,309.76,03/09/2025 21:01:20,13.044591666666667,80.1965,1965,2025-09-04T23:19:31.726203
TN 87 0478,7418,0.0,0.0,309.78,03/09/2025 21:01:10,13.044591666666667,80.1965,1965,2025-09-04T23:19:31.726365
TN 87 0478,7418,0.0,0.0,309.77,03/09/2025 21:01:00,13.044591666666667,80.1965,1965,2025-09-04T23:19:31.726531
TN 87 0478,7418,0.0,0.0,309.75,03/09/2025 21:00:50,13.044591666666667,80.1965,1965,2025-09-04T23:19:31.726689
TN 87 0478,7418,0.0,0.0,309.74,03/09/2025 21:00:43,13.044591666666667,80.1965,1965,2025-09-04T23:19:31.726850
TN 87 0478,7418,0.0,0.0,309.72,03/09/2025 21:00:30,13.044591666666667,80.1965,1965,2025-09-04T23:19:31.727010
TN 87 0478,7418,0.0,0.0,309.74,03/09/2025 21:00:20,13.044591666666667,80.1965,1965,2025-09-04T23:19:31.727183
TN 87 0478,7418,0.0,0.0,309.76,03/09/2025 21:00:10,13.044591666666667,80.1965,1965,2025-09-04T23:19:31.727391
TN 87 0478,7418,0.0,0.0,309.68,03/09/2025 21:00:00,13.044591666666667,80.1965,1965,2025-09-04T23:19:31.727586
TN 87 0478,7418,0.0,0.0,309.69,03/09/2025 20:59:50,13.044591666666667,80.1965,1965,2025-09-04T23:19:31.727754
TN 87 0478,7418,0.0,0.0,309.7,03/09/2025 20:59:44,13.044591666666667,80.1965,1965,2025-09-04T23:19:31.727919
TN 87 0478,7418,0.0,0.0,309.71,03/09/2025 20:59:30,13.044591666666667,80.1965,1965,2025-09-04T23:19:31.728113
TN 87 0478,7418,0.0,0.0,309.72,03/09/2025 20:59:20,13.044591666666667,80.1965,1965,2025-09-04T23:19:31.728308
TN 87 0478,7418,0.0,0.0,309.7,03/09/2025 20:59:10,13.044591666666667,80.1965,1965,2025-09-04T23:19:31.728476
TN 87 0478,7418,0.0,0.0,309.65,03/09/2025 20:59:00,13.044591666666667,80.1965,1965,2025-09-04T23:19:31.728653
TN 87 0478,7418,0.0,0.0,309.65,03/09/2025 20:58:50,13.044591666666667,80.1965,1965,2025-09-04T23:19:31.728815
TN 87 0478,7418,0.0,0.0,309.63,03/09/2025 20:58:43,13.044591666666667,80.1965,1965,2025-09-04T23:19:31.729012
TN 87 0478,7418,0.0,0.0,309.63,03/09/2025 20:58:30,13.044591666666667,80.1965,1965,2025-09-04T23:19:31.729204
TN 87 0478,7418,0.0,0.0,309.63,03/09/2025 20:58:20,13.044591666666667,80.1965,1965,2025-09-04T23:19:31.729380
TN 87 0478,7418,0.0,0.0,309.63,03/09/2025 20:58:10,13.044591666666667,80.1965,1965,2025-09-04T23:19:31.729557
TN 87 0478,7418,0.0,0.0,309.63,03/09/2025 20:58:00,13.044591666666667,80.1965,1965,2025-09-04T23:19:31.729719
TN 87 0478,7418,0.0,0.0,309.57,03/09/2025 20:57:50,13.044591666666667,80.1965,1965,2025-09-04T23:19:31.729884
TN 87 0478,7418,0.0,0.0,309.58,03/09/2025 20:57:43,13.044591666666667,80.1965,1965,2025-09-04T23:19:31.730053
TN 87 0478,7418,0.0,0.0,309.57,03/09/2025 20:57:30,13.044591666666667,80.1965,1965,2025-09-04T23:19:31.730241
TN 87 0478,7418,0.0,0.0,309.53,03/09/2025 20:57:20,13.044591666666667,80.1965,1965,2025-09-04T23:19:31.730412
TN 87 0478,7418,0.0,0.0,309.53,03/09/2025 20:57:10,13.044591666666667,80.1965,1965,2025-09-04T23:19:31.730584
TN 87 0478,7418,0.0,0.0,309.55,03/09/2025 20:57:00,13.044591666666667,80.1965,1965,2025-09-04T23:19:31.730748
TN 87 0478,7418,0.0,0.0,309.56,03/09/2025 20:56:50,13.044591666666667,80.1965,1965,2025-09-04T23:19:31.730912
TN 87 0478,7418,0.0,0.0,309.56,03/09/2025 20:56:43,13.044591666666667,80.1965,1965,2025-09-04T23:19:31.731079
TN 87 0478,7418,0.0,0.0,309.56,03/09/2025 20:56:30,13.044591666666667,80.1965,1965,2025-09-04T23:19:31.731240
TN 87 0478,7418,0.0,0.0,309.56,03/09/2025 20:56:20,13.044591666666667,80.1965,1965,2025-09-04T23:19:31.731400
TN 87 0478,7418,0.0,0.0,309.54,03/09/2025 20:56:10,13.044591666666667,80.1965,1965,2025-09-04T23:19:31.731590
TN 87 0478,7418,0.0,0.0,309.52,03/09/2025 20:56:00,13.044591666666667,80.1965,1965,2025-09-04T23:19:31.731761
TN 87 0478,7418,0.0,0.0,309.49,03/09/2025 20:55:50,13.044591666666667,80.1965,1965,2025-09-04T23:19:31.731936
TN 87 0478,7418,0.0,0.0,309.52,03/09/2025 20:55:43,13.044591666666667,80.1965,1965,2025-09-04T23:19:31.732123
TN 87 0478,7418,0.0,0.0,309.52,03/09/2025 20:55:30,13.044591666666667,80.1965,1965,2025-09-04T23:19:31.732297
TN 87 0478,7418,0.0,0.0,309.51,03/09/2025 20:55:20,13.044591666666667,80.1965,1965,2025-09-04T23:19:31.732464
TN 87 0478,7418,0.0,0.0,309.46,03/09/2025 20:55:10,13.044591666666667,80.1965,1965,2025-09-04T23:19:31.732655
TN 87 0478,7418,0.0,0.0,309.46,03/09/2025 20:55:00,13.044591666666667,80.1965,1965,2025-09-04T23:19:31.732839
TN 87 0478,7418,0.0,0.0,309.45,03/09/2025 20:54:50,13.044591666666667,80.1965,1965,2025-09-04T23:19:31.733039
TN 87 0478,7418,0.0,0.0,309.43,03/09/2025 20:54:43,13.044591666666667,80.1965,1965,2025-09-04T23:19:31.733238
TN 87 0478,7418,0.0,0.0,309.45,03/09/2025 20:54:30,13.044591666666667,80.1965,1965,2025-09-04T23:19:31.733444
TN 87 0478,7418,0.0,0.0,309.47,03/09/2025 20:54:20,13.044591666666667,80.1965,1965,2025-09-04T23:19:31.733637
TN 87 0478,7418,0.0,0.0,309.46,03/09/2025 20:54:11,13.044591666666667,80.1965,1965,2025-09-04T23:19:31.733912
TN 87 0478,7418,0.0,0.0,309.47,03/09/2025 20:54:00,13.044591666666667,80.1965,1965,2025-09-04T23:19:31.734141
TN 87 0478,7418,0.0,0.0,309.47,03/09/2025 20:53:50,13.044591666666667,80.1965,1965,2025-09-04T23:19:31.734360
TN 87 0478,7418,0.0,0.0,309.48,03/09/2025 20:53:44,13.044591666666667,80.1965,1965,2025-09-04T23:19:31.734597
TN 87 0478,7418,0.0,0.0,309.49,03/09/2025 20:53:30,13.044591666666667,80.1965,1965,2025-09-04T23:19:31.734799
TN 87 0478,7418,0.0,0.0,309.47,03/09/2025 20:53:21,13.044591666666667,80.1965,1965,2025-09-04T23:19:31.735012
TN 87 0478,7418,0.0,0.0,309.49,03/09/2025 20:53:10,13.044591666666667,80.1965,1965,2025-09-04T23:19:31.735200
TN 87 0478,7418,0.0,0.0,309.48,03/09/2025 20:53:00,13.044591666666667,80.1965,1965,2025-09-04T23:19:31.735381
TN 87 0478,7418,0.0,0.0,309.48,03/09/2025 20:52:50,13.044591666666667,80.1965,1965,2025-09-04T23:19:31.735574
TN 87 0478,7418,0.0,0.0,309.45,03/09/2025 20:52:43,13.044591666666667,80.1965,1965,2025-09-04T23:19:31.735750
TN 87 0478,7418,0.0,0.0,309.43,03/09/2025 20:52:31,13.044591666666667,80.1965,1965,2025-09-04T23:19:31.735920
TN 87 0478,7418,0.0,0.0,309.42,03/09/2025 20:52:20,13.044591666666667,80.1965,1965,2025-09-04T23:19:31.736088
TN 87 0478,7418,0.0,0.0,309.44,03/09/2025 20:52:10,13.044591666666667,80.1965,1965,2025-09-04T23:19:31.736263
TN 87 0478,7418,0.0,0.0,309.45,03/09/2025 20:52:00,13.044591666666667,80.1965,1965,2025-09-04T23:19:31.736495
TN 87 0478,7418,0.0,0.0,309.45,03/09/2025 20:51:50,13.044591666666667,80.1965,1965,2025-09-04T23:19:31.736671
TN 87 0478,7418,0.0,0.0,309.45,03/09/2025 20:51:43,13.044591666666667,80.1965,1965,2025-09-04T23:19:31.736839
TN 87 0478,7418,0.0,0.0,309.44,03/09/2025 20:51:30,13.044591666666667,80.1965,1965,2025-09-04T23:19:31.737005
TN 87 0478,7418,0.0,0.0,309.46,03/09/2025 20:51:20,13.044591666666667,80.1965,1965,2025-09-04T23:19:31.737234
TN 87 0478,7418,0.0,0.0,309.46,03/09/2025 20:51:10,13.044591666666667,80.1965,1965,2025-09-04T23:19:31.737436
TN 87 0478,7418,0.0,0.0,309.46,03/09/2025 20:51:00,13.044591666666667,80.1965,1965,2025-09-04T23:19:31.737615
TN 87 0478,7418,0.0,0.0,309.46,03/09/2025 20:50:51,13.044591666666667,80.1965,1965,2025-09-04T23:19:31.737804
TN 87 0478,7418,0.0,0.0,309.48,03/09/2025 20:50:43,13.044591666666667,80.1965,1965,2025-09-04T23:19:31.738024
TN 87 0478,7418,0.0,0.0,309.47,03/09/2025 20:50:30,13.044591666666667,80.1965,1965,2025-09-04T23:19:31.738211
TN 87 0478,7418,0.0,0.0,309.46,03/09/2025 20:50:20,13.044591666666667,80.1965,1965,2025-09-04T23:19:31.738375
TN 87 0478,7418,0.0,0.0,309.46,03/09/2025 20:50:10,13.044591666666667,80.1965,1965,2025-09-04T23:19:31.738552
TN 87 0478,7418,0.0,0.0,309.47,03/09/2025 20:50:01,13.044591666666667,80.1965,1965,2025-09-04T23:19:31.738726
TN 87 0478,7418,0.0,0.0,309.45,03/09/2025 20:49:50,13.044591666666667,80.1965,1965,2025-09-04T23:19:31.738895
TN 87 0478,7418,0.0,0.0,309.46,03/09/2025 20:49:43,13.044591666666667,80.1965,1965,2025-09-04T23:19:31.739067
TN 87 0478,7418,0.0,0.0,309.46,03/09/2025 20:49:31,13.044591666666667,80.1965,1965,2025-09-04T23:19:31.739224
TN 87 0478,7418,0.0,0.0,309.46,03/09/2025 20:49:21,13.044591666666667,80.1965,1965,2025-09-04T23:19:31.739393
TN 87 0478,7418,0.0,0.0,309.46,03/09/2025 20:49:11,13.044591666666667,80.1965,1965,2025-09-04T23:19:31.739562
TN 87 0478,7418,0.0,0.0,309.46,03/09/2025 20:49:01,13.044591666666667,80.1965,1965,2025-09-04T23:19:31.739731
TN 87 0478,7418,0.0,0.0,309.5,03/09/2025 20:48:51,13.044591666666667,80.1965,1965,2025-09-04T23:19:31.739885
TN 87 0478,7418,0.0,0.0,309.5,03/09/2025 20:48:45,13.044591666666667,80.1965,1965,2025-09-04T23:19:31.740051
TN 87 0478,7418,0.0,0.0,309.5,03/09/2025 20:48:31,13.044591666666667,80.1965,1965,2025-09-04T23:19:31.740240
TN 87 0478,7418,0.0,0.0,309.5,03/09/2025 20:48:21,13.044591666666667,80.1965,1965,2025-09-04T23:19:31.740406
TN 87 0478,7418,0.0,0.0,309.5,03/09/2025 20:48:11,13.044591666666667,80.1965,1965,2025-09-04T23:19:31.740578
TN 87 0478,7418,0.0,0.0,309.5,03/09/2025 20:48:01,13.044591666666667,80.1965,1965,2025-09-04T23:19:31.740738
TN 87 0478,7418,0.0,0.0,309.5,03/09/2025 20:47:51,13.044591666666667,80.1965,1965,2025-09-04T23:19:31.740878
TN 87 0478,7418,0.0,0.0,309.5,03/09/2025 20:47:43,13.044591666666667,80.1965,1965,2025-09-04T23:19:31.741040
TN 87 0478,7418,0.0,0.0,309.5,03/09/2025 20:47:31,13.044591666666667,80.1965,1965,2025-09-04T23:19:31.741220
TN 87 0478,7418,0.0,0.0,309.49,03/09/2025 20:47:21,13.044591666666667,80.1965,1965,2025-09-04T23:19:31.741386
TN 87 0478,7418,0.0,0.0,309.51,03/09/2025 20:47:11,13.044591666666667,80.1965,1965,2025-09-04T23:19:31.741556
TN 87 0478,7418,0.0,0.0,309.52,03/09/2025 20:47:01,13.044591666666667,80.1965,1965,2025-09-04T23:19:31.741728
TN 87 0478,7418,0.0,0.0,309.53,03/09/2025 20:46:51,13.044591666666667,80.1965,1965,2025-09-04T23:19:31.741886
TN 87 0478,7418,0.0,0.0,309.51,03/09/2025 20:46:44,13.044591666666667,80.1965,1965,2025-09-04T23:19:31.742037
TN 87 0478,7418,0.0,0.0,309.51,03/09/2025 20:46:26,13.044591666666667,80.1965,1965,2025-09-04T23:19:31.742227
TN 87 0478,7418,0.0,0.0,309.51,03/09/2025 20:46:16,13.044591666666667,80.1965,1965,2025-09-04T23:19:31.742393
TN 87 0478,7418,0.0,0.0,309.5,03/09/2025 20:46:06,13.044591666666667,80.1965,1965,2025-09-04T23:19:31.742565
TN 87 0478,7418,0.0,0.0,309.5,03/09/2025 20:45:56,13.044591666666667,80.1965,1965,2025-09-04T23:19:31.742781
TN 87 0478,7418,0.0,0.0,309.5,03/09/2025 20:45:47,13.044591666666667,80.1965,1965,2025-09-04T23:19:31.743010
TN 87 0478,7418,0.0,0.0,309.49,03/09/2025 20:45:36,13.044591666666667,80.1965,1965,2025-09-04T23:19:31.743249
TN 87 0478,7418,0.0,0.0,309.49,03/09/2025 20:45:26,13.044591666666667,80.1965,1965,2025-09-04T23:19:31.743484
TN 87 0478,7418,0.0,0.0,309.5,03/09/2025 20:45:16,13.044591666666667,80.1965,1965,2025-09-04T23:19:31.743677
TN 87 0478,7418,0.0,0.0,309.5,03/09/2025 20:45:06,13.044591666666667,80.1965,1965,2025-09-04T23:19:31.743876
TN 87 0478,7418,0.0,0.0,309.5,03/09/2025 20:44:56,13.044591666666667,80.1965,1965,2025-09-04T23:19:31.744038
TN 87 0478,7418,0.0,0.0,309.5,03/09/2025 20:44:46,13.044591666666667,80.1965,1965,2025-09-04T23:19:31.744218
TN 87 0478,7418,0.0,0.0,309.5,03/09/2025 20:44:36,13.044591666666667,80.1965,1965,2025-09-04T23:19:31.744376
TN 87 0478,7418,0.0,0.0,309.51,03/09/2025 20:44:26,13.044591666666667,80.1965,1965,2025-09-04T23:19:31.744533
TN 87 0478,7418,0.0,0.0,309.52,03/09/2025 20:44:16,13.044591666666667,80.1965,1965,2025-09-04T23:19:31.744689
TN 87 0478,7418,0.0,0.0,309.52,03/09/2025 20:44:06,13.044591666666667,80.1965,1965,2025-09-04T23:19:31.744836
TN 87 0478,7418,0.0,0.0,309.5,03/09/2025 20:43:56,13.044591666666667,80.1965,1965,2025-09-04T23:19:31.745002
TN 87 0478,7418,0.0,0.0,309.51,03/09/2025 20:43:46,13.044591666666667,80.1965,1965,2025-09-04T23:19:31.745171
TN 87 0478,7418,0.0,0.0,309.51,03/09/2025 20:43:36,13.044591666666667,80.1965,1965,2025-09-04T23:19:31.745346
TN 87 0478,7418,0.0,0.0,309.51,03/09/2025 20:43:26,13.044591666666667,80.1965,1965,2025-09-04T23:19:31.745513
TN 87 0478,7418,0.0,0.0,309.51,03/09/2025 20:43:16,13.044591666666667,80.1965,1965,2025-09-04T23:19:31.745677
TN 87 0478,7418,0.0,0.0,309.51,03/09/2025 20:43:06,13.044591666666667,80.1965,1965,2025-09-04T23:19:31.745836
TN 87 0478,7418,0.0,0.0,309.51,03/09/2025 20:42:56,13.044591666666667,80.1965,1965,2025-09-04T23:19:31.745995
TN 87 0478,7418,0.0,0.0,309.5,03/09/2025 20:42:46,13.044591666666667,80.1965,1965,2025-09-04T23:19:31.746154
TN 87 0478,7418,0.0,0.0,309.5,03/09/2025 20:42:36,13.044591666666667,80.1965,1965,2025-09-04T23:19:31.746325
TN 87 0478,7418,0.0,0.0,309.51,03/09/2025 20:42:26,13.044591666666667,80.1965,1965,2025-09-04T23:19:31.746489
TN 87 0478,7418,0.0,0.0,309.51,03/09/2025 20:42:16,13.044591666666667,80.1965,1965,2025-09-04T23:19:31.746648
TN 87 0478,7418,0.0,0.0,309.52,03/09/2025 20:42:06,13.044591666666667,80.1965,1965,2025-09-04T23:19:31.746806
TN 87 0478,7418,0.0,0.0,309.51,03/09/2025 20:41:56,13.044591666666667,80.1965,1965,2025-09-04T23:19:31.746983
TN 87 0478,7418,0.0,0.0,309.51,03/09/2025 20:41:46,13.044591666666667,80.1965,1965,2025-09-04T23:19:31.747259
TN 87 0478,7418,0.0,0.0,309.52,03/09/2025 20:41:36,13.044591666666667,80.1965,1965,2025-09-04T23:19:31.747462
TN 87 0478,7418,0.0,0.0,309.52,03/09/2025 20:41:26,13.044591666666667,80.1965,1965,2025-09-04T23:19:31.747673
TN 87 0478,7418,0.0,0.0,309.52,03/09/2025 20:41:16,13.044591666666667,80.1965,1965,2025-09-04T23:19:31.747873
TN 87 0478,7418,0.0,0.0,309.51,03/09/2025 20:41:06,13.044591666666667,80.1965,1965,2025-09-04T23:19:31.748053
TN 87 0478,7418,0.0,0.0,309.51,03/09/2025 20:40:56,13.044591666666667,80.1965,1965,2025-09-04T23:19:31.748255
TN 87 0478,7418,0.0,0.0,309.51,03/09/2025 20:40:08,13.044591666666667,80.1965,1965,2025-09-04T23:19:31.748435
TN 87 0478,7418,0.0,0.0,309.53,03/09/2025 20:39:57,13.044591666666667,80.1965,1965,2025-09-04T23:19:31.748618
TN 87 0478,7418,0.0,0.0,309.54,03/09/2025 20:39:47,13.044591666666667,80.1965,1965,2025-09-04T23:19:31.748860
TN 87 0478,7418,0.0,0.0,309.53,03/09/2025 20:39:37,13.044591666666667,80.1965,1965,2025-09-04T23:19:31.749092
TN 87 0478,7418,0.0,0.0,309.53,03/09/2025 20:39:30,13.044591666666667,80.1965,1965,2025-09-04T23:19:31.749297
TN 87 0478,7418,0.0,0.0,309.52,03/09/2025 20:39:18,13.044591666666667,80.1965,1965,2025-09-04T23:19:31.749549
TN 87 0478,7418,0.0,0.0,309.47,03/09/2025 20:39:07,13.044591666666667,80.1965,1965,2025-09-04T23:19:31.749747
TN 87 0478,7418,0.0,0.0,309.47,03/09/2025 20:38:57,13.044591666666667,80.1965,1965,2025-09-04T23:19:31.749988
TN 87 0478,7418,0.0,0.0,309.48,03/09/2025 20:38:47,13.044591666666667,80.1965,1965,2025-09-04T23:19:31.750170
TN 87 0478,7418,0.0,0.0,309.46,03/09/2025 20:38:37,13.044591666666667,80.1965,1965,2025-09-04T23:19:31.750354
TN 87 0478,7418,0.0,0.0,309.46,03/09/2025 20:38:30,13.044591666666667,80.1965,1965,2025-09-04T23:19:31.750531
TN 87 0478,7418,0.0,0.0,309.46,03/09/2025 20:38:17,13.044591666666667,80.1965,1965,2025-09-04T23:19:31.750709
TN 87 0478,7418,0.0,0.0,309.47,03/09/2025 20:38:07,13.044591666666667,80.1965,1965,2025-09-04T23:19:31.750881
TN 87 0478,7418,0.0,0.0,309.45,03/09/2025 20:37:57,13.044591666666667,80.1965,1965,2025-09-04T23:19:31.751058
TN 87 0478,7418,0.0,0.0,309.46,03/09/2025 20:37:47,13.044591666666667,80.1965,1965,2025-09-04T23:19:31.751249
TN 87 0478,7418,0.0,0.0,309.48,03/09/2025 20:37:38,13.044591666666667,80.1965,1965,2025-09-04T23:19:31.751423
TN 87 0478,7418,0.0,0.0,309.48,03/09/2025 20:37:30,13.044591666666667,80.1965,1965,2025-09-04T23:19:31.751601
TN 87 0478,7418,0.0,0.0,309.48,03/09/2025 20:37:17,13.044591666666667,80.1965,1965,2025-09-04T23:19:31.751763
TN 87 0478,7418,0.0,0.0,309.48,03/09/2025 20:37:07,13.044591666666667,80.1965,1965,2025-09-04T23:19:31.751931
TN 87 0478,7418,0.0,0.0,309.47,03/09/2025 20:36:57,13.044591666666667,80.1965,1965,2025-09-04T23:19:31.752098
TN 87 0478,7418,0.0,0.0,309.47,03/09/2025 20:36:47,13.044591666666667,80.1965,1965,2025-09-04T23:19:31.752264
TN 87 0478,7418,0.0,0.0,309.48,03/09/2025 20:36:37,13.044591666666667,80.1965,1965,2025-09-04T23:19:31.752426
TN 87 0478,7418,0.0,0.0,309.48,03/09/2025 20:36:30,13.044591666666667,80.1965,1965,2025-09-04T23:19:31.752605
TN 87 0478,7418,0.0,0.0,309.48,03/09/2025 20:36:17,13.044591666666667,80.1965,1965,2025-09-04T23:19:31.752791
TN 87 0478,7418,0.0,0.0,309.47,03/09/2025 20:36:07,13.044591666666667,80.1965,1965,2025-09-04T23:19:31.752986
TN 87 0478,7418,0.0,0.0,309.47,03/09/2025 20:35:57,13.044591666666667,80.1965,1965,2025-09-04T23:19:31.753205
TN 87 0478,7418,0.0,0.0,309.49,03/09/2025 20:35:47,13.044591666666667,80.1965,1965,2025-09-04T23:19:31.753403
TN 87 0478,7418,0.0,0.0,309.5,03/09/2025 20:35:37,13.044591666666667,80.1965,1965,2025-09-04T23:19:31.753583
TN 87 0478,7418,0.0,0.0,309.51,03/09/2025 20:35:31,13.044591666666667,80.1965,1965,2025-09-04T23:19:31.753737
TN 87 0478,7418,0.0,0.0,309.5,03/09/2025 20:35:17,13.044591666666667,80.1965,1965,2025-09-04T23:19:31.753894
TN 87 0478,7418,0.0,0.0,309.49,03/09/2025 20:35:07,13.044591666666667,80.1965,1965,2025-09-04T23:19:31.754071
TN 87 0478,7418,0.0,0.0,309.46,03/09/2025 20:34:57,13.044591666666667,80.1965,1965,2025-09-04T23:19:31.754246
TN 87 0478,7418,0.0,0.0,309.47,03/09/2025 20:34:47,13.044591666666667,80.1965,1965,2025-09-04T23:19:31.754422
TN 87 0478,7418,0.0,0.0,309.47,03/09/2025 20:34:37,13.044591666666667,80.1965,1965,2025-09-04T23:19:31.754634
TN 87 0478,7418,0.0,0.0,309.47,03/09/2025 20:34:31,13.044591666666667,80.1965,1965,2025-09-04T23:19:31.754818
TN 87 0478,7418,0.0,0.0,309.47,03/09/2025 20:34:17,13.044591666666667,80.1965,1965,2025-09-04T23:19:31.754997
TN 87 0478,7418,0.0,0.0,309.48,03/09/2025 20:34:07,13.044591666666667,80.1965,1965,2025-09-04T23:19:31.755169
TN 87 0478,7418,0.0,0.0,309.48,03/09/2025 20:33:57,13.044591666666667,80.1965,1965,2025-09-04T23:19:31.755329
TN 87 0478,7418,0.0,0.0,309.48,03/09/2025 20:33:47,13.044591666666667,80.1965,1965,2025-09-04T23:19:31.755493
TN 87 0478,7418,0.0,0.0,309.48,03/09/2025 20:33:37,13.044591666666667,80.1965,1965,2025-09-04T23:19:31.755661
TN 87 0478,7418,0.0,0.0,309.48,03/09/2025 20:33:30,13.044591666666667,80.1965,1965,2025-09-04T23:19:31.755821
TN 87 0478,7418,0.0,0.0,309.48,03/09/2025 20:33:17,13.044591666666667,80.1965,1965,2025-09-04T23:19:31.755980
TN 87 0478,7418,0.0,0.0,309.5,03/09/2025 20:33:07,13.044591666666667,80.1965,1965,2025-09-04T23:19:31.756140
TN 87 0478,7418,0.0,0.0,309.5,03/09/2025 20:32:57,13.044591666666667,80.1965,1965,2025-09-04T23:19:31.756331
TN 87 0478,7418,0.0,0.0,309.51,03/09/2025 20:32:47,13.044591666666667,80.1965,1965,2025-09-04T23:19:31.756513
TN 87 0478,7418,0.0,0.0,309.54,03/09/2025 20:32:37,13.044591666666667,80.1965,1965,2025-09-04T23:19:31.756708
TN 87 0478,7418,0.0,0.0,309.54,03/09/2025 20:32:30,13.044591666666667,80.1965,1965,2025-09-04T23:19:31.756871
TN 87 0478,7418,0.0,0.0,309.54,03/09/2025 20:32:17,13.044591666666667,80.1965,1965,2025-09-04T23:19:31.757043
TN 87 0478,7418,0.0,0.0,309.54,03/09/2025 20:32:07,13.044591666666667,80.1965,1965,2025-09-04T23:19:31.757206
TN 87 0478,7418,0.0,0.0,309.55,03/09/2025 20:31:57,13.044591666666667,80.1965,1965,2025-09-04T23:19:31.757376
TN 87 0478,7418,0.0,0.0,309.56,03/09/2025 20:31:47,13.044591666666667,80.1965,1965,2025-09-04T23:19:31.757562
TN 87 0478,7418,0.0,0.0,309.56,03/09/2025 20:31:38,13.044591666666667,80.1965,1965,2025-09-04T23:19:31.757764
TN 87 0478,7418,0.0,0.0,309.55,03/09/2025 20:31:30,13.044591666666667,80.1965,1965,2025-09-04T23:19:31.757959
TN 87 0478,7418,0.0,0.0,309.55,03/09/2025 20:31:17,13.044591666666667,80.1965,1965,2025-09-04T23:19:31.758167
TN 87 0478,7418,0.0,0.0,309.55,03/09/2025 20:31:07,13.044591666666667,80.1965,1965,2025-09-04T23:19:31.758360
TN 87 0478,7418,0.0,0.0,309.54,03/09/2025 20:30:57,13.044591666666667,80.1965,1965,2025-09-04T23:19:31.758541
TN 87 0478,7418,0.0,0.0,309.54,03/09/2025 20:30:48,13.044591666666667,80.1965,1965,2025-09-04T23:19:31.758713
TN 87 0478,7418,0.0,0.0,309.54,03/09/2025 20:30:37,13.044591666666667,80.1965,1965,2025-09-04T23:19:31.758883
TN 87 0478,7418,0.0,0.0,309.55,03/09/2025 20:30:30,13.044591666666667,80.1965,1965,2025-09-04T23:19:31.759058
TN 87 0478,7418,0.0,0.0,309.55,03/09/2025 20:30:17,13.044591666666667,80.1965,1965,2025-09-04T23:19:31.759241
TN 87 0478,7418,0.0,0.0,309.55,03/09/2025 20:30:07,13.044591666666667,80.1965,1965,2025-09-04T23:19:31.759397
TN 87 0478,7418,0.0,0.0,309.55,03/09/2025 20:29:58,13.044591666666667,80.1965,1965,2025-09-04T23:19:31.759554
TN 87 0478,7418,0.0,0.0,309.57,03/09/2025 20:29:47,13.044591666666667,80.1965,1965,2025-09-04T23:19:31.759720
TN 87 0478,7418,0.0,0.0,309.57,03/09/2025 20:29:37,13.044591666666667,80.1965,1965,2025-09-04T23:19:31.759881
TN 87 0478,7418,0.0,0.0,309.58,03/09/2025 20:29:31,13.044591666666667,80.1965,1965,2025-09-04T23:19:31.760039
TN 87 0478,7418,0.0,0.0,309.56,03/09/2025 20:29:17,13.044591666666667,80.1965,1965,2025-09-04T23:19:31.760197
TN 87 0478,7418,0.0,0.0,309.56,03/09/2025 20:29:08,13.044591666666667,80.1965,1965,2025-09-04T23:19:31.760517
TN 87 0478,7418,0.0,0.0,309.57,03/09/2025 20:28:57,13.044591666666667,80.1965,1965,2025-09-04T23:19:31.760769
TN 87 0478,7418,0.0,0.0,309.57,03/09/2025 20:28:47,13.044591666666667,80.1965,1965,2025-09-04T23:19:31.761005
TN 87 0478,7418,0.0,0.0,309.57,03/09/2025 20:28:37,13.044591666666667,80.1965,1965,2025-09-04T23:19:31.761191
TN 87 0478,7418,0.0,0.0,309.56,03/09/2025 20:28:30,13.044591666666667,80.1965,1965,2025-09-04T23:19:31.761422
TN 87 0478,7418,0.0,0.0,309.56,03/09/2025 20:28:18,13.044591666666667,80.1965,1965,2025-09-04T23:19:31.761635
TN 87 0478,7418,0.0,0.0,309.56,03/09/2025 20:28:07,13.044591666666667,80.1965,1965,2025-09-04T23:19:31.761814
TN 87 0478,7418,0.0,0.0,309.57,03/09/2025 20:27:57,13.044591666666667,80.1965,1965,2025-09-04T23:19:31.761977
TN 87 0478,7418,0.0,0.0,309.57,03/09/2025 20:27:47,13.044591666666667,80.1965,1965,2025-09-04T23:19:31.762142
TN 87 0478,7418,0.0,0.0,309.57,03/09/2025 20:27:37,13.044591666666667,80.1965,1965,2025-09-04T23:19:31.762295
TN 87 0478,7418,0.0,0.0,309.56,03/09/2025 20:27:30,13.044591666666667,80.1965,1965,2025-09-04T23:19:31.762482
TN 87 0478,7418,0.0,0.0,309.56,03/09/2025 20:27:17,13.044591666666667,80.1965,1965,2025-09-04T23:19:31.762702
TN 87 0478,7418,0.0,0.0,309.56,03/09/2025 20:27:07,13.044591666666667,80.1965,1965,2025-09-04T23:19:31.762902
TN 87 0478,7418,0.0,0.0,309.57,03/09/2025 20:26:57,13.044591666666667,80.1965,1965,2025-09-04T23:19:31.763107
TN 87 0478,7418,0.0,0.0,309.55,03/09/2025 20:26:47,13.044591666666667,80.1965,1965,2025-09-04T23:19:31.763315
TN 87 0478,7418,0.0,0.0,309.54,03/09/2025 20:26:38,13.044591666666667,80.1965,1965,2025-09-04T23:19:31.763510
TN 87 0478,7418,0.0,0.0,309.53,03/09/2025 20:26:30,13.044591666666667,80.1965,1965,2025-09-04T23:19:31.763705
TN 87 0478,7418,0.0,0.0,309.52,03/09/2025 20:26:17,13.044591666666667,80.1965,1965,2025-09-04T23:19:31.763889
TN 87 0478,7418,0.0,0.0,309.52,03/09/2025 20:26:07,13.044591666666667,80.1965,1965,2025-09-04T23:19:31.764060
TN 87 0478,7418,0.0,0.0,309.53,03/09/2025 20:25:57,13.044591666666667,80.1965,1965,2025-09-04T23:19:31.764215
TN 87 0478,7418,0.0,0.0,309.49,03/09/2025 20:25:48,13.044591666666667,80.1965,1965,2025-09-04T23:19:31.764391
TN 87 0478,7418,0.0,0.0,309.48,03/09/2025 20:25:37,13.044591666666667,80.1965,1965,2025-09-04T23:19:31.764553
TN 87 0478,7418,0.0,0.0,309.48,03/09/2025 20:25:30,13.044591666666667,80.1965,1965,2025-09-04T23:19:31.764725
TN 87 0478,7418,0.0,0.0,309.49,03/09/2025 20:25:17,13.044591666666667,80.1965,1965,2025-09-04T23:19:31.764859
TN 87 0478,7418,0.0,0.0,309.48,03/09/2025 20:25:07,13.044591666666667,80.1965,1965,2025-09-04T23:19:31.764997
TN 87 0478,7418,0.0,0.0,309.49,03/09/2025 20:24:58,13.044591666666667,80.1965,1965,2025-09-04T23:19:31.765141
TN 87 0478,7418,0.0,0.0,309.49,03/09/2025 20:24:47,13.044591666666667,80.1965,1965,2025-09-04T23:19:31.765295
TN 87 0478,7418,0.0,0.0,309.47,03/09/2025 20:24:38,13.044591666666667,80.1965,1965,2025-09-04T23:19:31.765460
TN 87 0478,7418,0.0,0.0,309.46,03/09/2025 20:24:32,13.044591666666667,80.1965,1965,2025-09-04T23:19:31.765613
TN 87 0478,7418,0.0,0.0,309.45,03/09/2025 20:24:18,13.044591666666667,80.1965,1965,2025-09-04T23:19:31.765754
TN 87 0478,7418,0.0,0.0,309.46,03/09/2025 20:24:08,13.044591666666667,80.1965,1965,2025-09-04T23:19:31.765890
TN 87 0478,7418,0.0,0.0,309.46,03/09/2025 20:23:58,13.044591666666667,80.1965,1965,2025-09-04T23:19:31.766040
TN 87 0478,7418,0.0,0.0,309.45,03/09/2025 20:23:48,13.044591666666667,80.1965,1965,2025-09-04T23:19:31.766228
TN 87 0478,7418,0.0,0.0,309.46,03/09/2025 20:23:38,13.044591666666667,80.1965,1965,2025-09-04T23:19:31.766413
TN 87 0478,7418,0.0,0.0,309.46,03/09/2025 20:23:32,13.044591666666667,80.1965,1965,2025-09-04T23:19:31.766570
TN 87 0478,7418,0.0,0.0,309.46,03/09/2025 20:23:18,13.044591666666667,80.1965,1965,2025-09-04T23:19:31.766735
TN 87 0478,7418,0.0,0.0,309.45,03/09/2025 20:23:08,13.044591666666667,80.1965,1965,2025-09-04T23:19:31.766902
TN 87 0478,7418,0.0,0.0,309.45,03/09/2025 20:22:58,13.044591666666667,80.1965,1965,2025-09-04T23:19:31.767080
TN 87 0478,7418,0.0,0.0,309.45,03/09/2025 20:22:48,13.044591666666667,80.1965,1965,2025-09-04T23:19:31.767241
TN 87 0478,7418,0.0,0.0,309.45,03/09/2025 20:22:38,13.044591666666667,80.1965,1965,2025-09-04T23:19:31.767403
TN 87 0478,7418,0.0,0.0,309.4,03/09/2025 20:22:30,13.044591666666667,80.1965,1965,2025-09-04T23:19:31.767588
TN 87 0478,7418,0.0,0.0,309.39,03/09/2025 20:22:18,13.044591666666667,80.1965,1965,2025-09-04T23:19:31.767813
TN 87 0478,7418,0.0,0.0,309.35,03/09/2025 20:22:08,13.044591666666667,80.1965,1965,2025-09-04T23:19:31.768007
TN 87 0478,7418,0.0,0.0,309.34,03/09/2025 20:21:58,13.044591666666667,80.1965,1965,2025-09-04T23:19:31.768173
TN 87 0478,7418,0.0,0.0,309.33,03/09/2025 20:21:48,13.044591666666667,80.1965,1965,2025-09-04T23:19:31.768386
TN 87 0478,7418,0.0,0.0,309.34,03/09/2025 20:21:38,13.044591666666667,80.1965,1965,2025-09-04T23:19:31.768618
TN 87 0478,7418,0.0,0.0,309.25,03/09/2025 20:21:30,13.044591666666667,80.1965,1965,2025-09-04T23:19:31.768809
TN 87 0478,7418,0.0,0.0,309.25,03/09/2025 20:21:18,13.044591666666667,80.1965,1965,2025-09-04T23:19:31.768954
TN 87 0478,7418,0.0,0.0,309.25,03/09/2025 20:21:08,13.044591666666667,80.1965,1965,2025-09-04T23:19:31.769114
TN 87 0478,7418,0.0,0.0,309.23,03/09/2025 20:20:58,13.044591666666667,80.1965,1965,2025-09-04T23:19:31.769273
TN 87 0478,7418,0.0,0.0,309.24,03/09/2025 20:20:48,13.044591666666667,80.1965,1965,2025-09-04T23:19:31.769407
TN 87 0478,7418,0.0,0.0,309.24,03/09/2025 20:20:39,13.044591666666667,80.1965,1965,2025-09-04T23:19:31.769555
TN 87 0478,7418,0.0,0.0,309.24,03/09/2025 20:20:31,13.044591666666667,80.1965,1965,2025-09-04T23:19:31.769723
TN 87 0478,7418,0.0,0.0,309.26,03/09/2025 20:20:18,13.044591666666667,80.1965,1965,2025-09-04T23:19:31.769871
TN 87 0478,7418,0.0,0.0,309.26,03/09/2025 20:20:08,13.044591666666667,80.1965,1965,2025-09-04T23:19:31.770023
TN 87 0478,7418,0.0,0.0,309.26,03/09/2025 20:19:58,13.044591666666667,80.1965,1965,2025-09-04T23:19:31.770160
TN 87 0478,7418,0.0,0.0,309.25,03/09/2025 20:19:49,13.044591666666667,80.1965,1965,2025-09-04T23:19:31.770312
TN 87 0478,7418,0.0,0.0,309.25,03/09/2025 20:19:38,13.044591666666667,80.1965,1965,2025-09-04T23:19:31.770473
TN 87 0478,7418,0.0,0.0,309.26,03/09/2025 20:19:31,13.044591666666667,80.1965,1965,2025-09-04T23:19:31.770611
TN 87 0478,7418,0.0,0.0,309.26,03/09/2025 20:19:18,13.044591666666667,80.1965,1965,2025-09-04T23:19:31.770769
TN 87 0478,7418,0.0,0.0,309.25,03/09/2025 20:19:08,13.044591666666667,80.1965,1965,2025-09-04T23:19:31.770935
TN 87 0478,7418,0.0,0.0,309.25,03/09/2025 20:18:59,13.044591666666667,80.1965,1965,2025-09-04T23:19:31.771072
TN 87 0478,7418,0.0,0.0,309.26,03/09/2025 20:18:48,13.044591666666667,80.1965,1965,2025-09-04T23:19:31.771218
TN 87 0478,7418,0.0,0.0,309.26,03/09/2025 20:18:38,13.044591666666667,80.1965,1965,2025-09-04T23:19:31.771381
TN 87 0478,7418,0.0,0.0,309.26,03/09/2025 20:18:32,13.044591666666667,80.1965,1965,2025-09-04T23:19:31.771535
TN 87 0478,7418,0.0,0.0,309.26,03/09/2025 20:18:18,13.044591666666667,80.1965,1965,2025-09-04T23:19:31.771669
TN 87 0478,7418,0.0,0.0,309.25,03/09/2025 20:18:08,13.044591666666667,80.1965,1965,2025-09-04T23:19:31.771830
TN 87 0478,7418,0.0,0.0,309.25,03/09/2025 20:17:58,13.044591666666667,80.1965,1965,2025-09-04T23:19:31.771983
TN 87 0478,7418,0.0,0.0,309.27,03/09/2025 20:17:48,13.044591666666667,80.1965,1965,2025-09-04T23:19:31.772145
TN 87 0478,7418,0.0,0.0,309.27,03/09/2025 20:17:38,13.044591666666667,80.1965,1965,2025-09-04T23:19:31.772302
TN 87 0478,7418,0.0,0.0,309.27,03/09/2025 20:17:31,13.044591666666667,80.1965,1965,2025-09-04T23:19:31.772491
TN 87 0478,7418,0.0,0.0,309.27,03/09/2025 20:17:18,13.044591666666667,80.1965,1965,2025-09-04T23:19:31.772682
TN 87 0478,7418,0.0,0.0,309.28,03/09/2025 20:17:08,13.044591666666667,80.1965,1965,2025-09-04T23:19:31.772831
TN 87 0478,7418,0.0,0.0,309.29,03/09/2025 20:16:58,13.044591666666667,80.1965,1965,2025-09-04T23:19:31.772990
TN 87 0478,7418,0.0,0.0,309.29,03/09/2025 20:16:48,13.044591666666667,80.1965,1965,2025-09-04T23:19:31.773169
TN 87 0478,7418,0.0,0.0,309.28,03/09/2025 20:16:38,13.044591666666667,80.1965,1965,2025-09-04T23:19:31.773358
TN 87 0478,7418,0.0,0.0,309.29,03/09/2025 20:16:31,13.044591666666667,80.1965,1965,2025-09-04T23:19:31.773553
TN 87 0478,7418,0.0,0.0,309.29,03/09/2025 20:16:18,13.044591666666667,80.1965,1965,2025-09-04T23:19:31.773742
TN 87 0478,7418,0.0,0.0,309.3,03/09/2025 20:16:08,13.044591666666667,80.1965,1965,2025-09-04T23:19:31.774007
TN 87 0478,7418,0.0,0.0,309.3,03/09/2025 20:15:58,13.044591666666667,80.1965,1965,2025-09-04T23:19:31.774222
TN 87 0478,7418,0.0,0.0,309.3,03/09/2025 20:15:48,13.044591666666667,80.1965,1965,2025-09-04T23:19:31.774427
TN 87 0478,7418,0.0,0.0,309.31,03/09/2025 20:15:38,13.044591666666667,80.1965,1965,2025-09-04T23:19:31.774614
TN 87 0478,7418,0.0,0.0,309.31,03/09/2025 20:15:31,13.044591666666667,80.1965,1965,2025-09-04T23:19:31.774794
TN 87 0478,7418,0.0,0.0,309.31,03/09/2025 20:15:18,13.044591666666667,80.1965,1965,2025-09-04T23:19:31.774953
TN 87 0478,7418,0.0,0.0,309.31,03/09/2025 20:15:08,13.044591666666667,80.1965,1965,2025-09-04T23:19:31.775144
TN 87 0478,7418,0.0,0.0,309.31,03/09/2025 20:14:58,13.044591666666667,80.1965,1965,2025-09-04T23:19:31.775334
TN 87 0478,7418,0.0,0.0,309.31,03/09/2025 20:14:48,13.044591666666667,80.1965,1965,2025-09-04T23:19:31.775501
TN 87 0478,7418,0.0,0.0,309.31,03/09/2025 20:14:38,13.044591666666667,80.1965,1965,2025-09-04T23:19:31.775676
TN 87 0478,7418,0.0,0.0,309.31,03/09/2025 20:14:31,13.044591666666667,80.1965,1965,2025-09-04T23:19:31.775839
TN 87 0478,7418,0.0,0.0,309.32,03/09/2025 20:14:18,13.044591666666667,80.1965,1965,2025-09-04T23:19:31.775996
TN 87 0478,7418,0.0,0.0,309.32,03/09/2025 20:14:08,13.044591666666667,80.1965,1965,2025-09-04T23:19:31.776155
TN 87 0478,7418,0.0,0.0,309.32,03/09/2025 20:13:58,13.044591666666667,80.1965,1965,2025-09-04T23:19:31.776313
TN 87 0478,7418,0.0,0.0,309.33,03/09/2025 20:13:48,13.044591666666667,80.1965,1965,2025-09-04T23:19:31.776480
TN 87 0478,7418,0.0,0.0,309.33,03/09/2025 20:13:38,13.044591666666667,80.1965,1965,2025-09-04T23:19:31.776661
TN 87 0478,7418,0.0,0.0,309.33,03/09/2025 20:13:32,13.044591666666667,80.1965,1965,2025-09-04T23:19:31.776822
TN 87 0478,7418,0.0,0.0,309.32,03/09/2025 20:13:18,13.044591666666667,80.1965,1965,2025-09-04T23:19:31.777017
TN 87 0478,7418,0.0,0.0,309.32,03/09/2025 20:13:08,13.044591666666667,80.1965,1965,2025-09-04T23:19:31.777191
TN 87 0478,7418,0.0,0.0,309.32,03/09/2025 20:12:58,13.044591666666667,80.1965,1965,2025-09-04T23:19:31.777363
TN 87 0478,7418,0.0,0.0,309.32,03/09/2025 20:12:48,13.044591666666667,80.1965,1965,2025-09-04T23:19:31.777529
TN 87 0478,7418,0.0,0.0,309.32,03/09/2025 20:12:38,13.044591666666667,80.1965,1965,2025-09-04T23:19:31.777719
TN 87 0478,7418,0.0,0.0,309.32,03/09/2025 20:12:32,13.044591666666667,80.1965,1965,2025-09-04T23:19:31.777890
TN 87 0478,7418,0.0,0.0,309.34,03/09/2025 20:12:18,13.044591666666667,80.1965,1965,2025-09-04T23:19:31.778075
TN 87 0478,7418,0.0,0.0,309.34,03/09/2025 20:12:08,13.044591666666667,80.1965,1965,2025-09-04T23:19:31.778255
TN 87 0478,7418,0.0,0.0,309.34,03/09/2025 20:11:58,13.044591666666667,80.1965,1965,2025-09-04T23:19:31.778408
TN 87 0478,7418,0.0,0.0,309.34,03/09/2025 20:11:48,13.044591666666667,80.1965,1965,2025-09-04T23:19:31.778548
TN 87 0478,7418,0.0,0.0,309.34,03/09/2025 20:11:38,13.044591666666667,80.1965,1965,2025-09-04T23:19:31.778724
TN 87 0478,7418,0.0,0.0,309.35,03/09/2025 20:11:31,13.044591666666667,80.1965,1965,2025-09-04T23:19:31.778891
TN 87 0478,7418,0.0,0.0,309.34,03/09/2025 20:11:19,13.044591666666667,80.1965,1965,2025-09-04T23:19:31.779052
TN 87 0478,7418,0.0,0.0,309.31,03/09/2025 20:11:08,13.044591666666667,80.1965,1965,2025-09-04T23:19:31.779227
TN 87 0478,7418,0.0,0.0,309.32,03/09/2025 20:10:58,13.044591666666667,80.1965,1965,2025-09-04T23:19:31.779391
TN 87 0478,7418,0.0,0.0,309.32,03/09/2025 20:10:48,13.044591666666667,80.1965,1965,2025-09-04T23:19:31.779554
TN 87 0478,7418,0.0,0.0,309.32,03/09/2025 20:10:38,13.044591666666667,80.1965,1965,2025-09-04T23:19:31.779750
TN 87 0478,7418,0.0,0.0,309.32,03/09/2025 20:10:31,13.044591666666667,80.1965,1965,2025-09-04T23:19:31.779925
TN 87 0478,7418,0.0,0.0,309.32,03/09/2025 20:10:18,13.044591666666667,80.1965,1965,2025-09-04T23:19:31.780090
TN 87 0478,7418,0.0,0.0,309.33,03/09/2025 20:10:08,13.044591666666667,80.1965,1965,2025-09-04T23:19:31.780255
TN 87 0478,7418,0.0,0.0,309.32,03/09/2025 20:09:58,13.044591666666667,80.1965,1965,2025-09-04T23:19:31.780418
TN 87 0478,7418,0.0,0.0,309.32,03/09/2025 20:09:48,13.044591666666667,80.1965,1965,2025-09-04T23:19:31.780571
TN 87 0478,7418,0.0,0.0,309.33,03/09/2025 20:09:39,13.044591666666667,80.1965,1965,2025-09-04T23:19:31.780735
TN 87 0478,7418,0.0,0.0,309.33,03/09/2025 20:09:31,13.044591666666667,80.1965,1965,2025-09-04T23:19:31.780898
TN 87 0478,7418,0.0,0.0,309.33,03/09/2025 20:09:18,13.044591666666667,80.1965,1965,2025-09-04T23:19:31.781056
TN 87 0478,7418,0.0,0.0,309.33,03/09/2025 20:09:08,13.044591666666667,80.1965,1965,2025-09-04T23:19:31.781239
TN 87 0478,7418,0.0,0.0,309.33,03/09/2025 20:08:58,13.044591666666667,80.1965,1965,2025-09-04T23:19:31.781461
TN 87 0478,7418,0.0,0.0,309.33,03/09/2025 20:08:49,13.044591666666667,80.1965,1965,2025-09-04T23:19:31.781663
TN 87 0478,7418,0.0,0.0,309.37,03/09/2025 20:08:38,13.044591666666667,80.1965,1965,2025-09-04T23:19:31.781858
TN 87 0478,7418,0.0,0.0,309.38,03/09/2025 20:08:31,13.044591666666667,80.1965,1965,2025-09-04T23:19:31.782067
TN 87 0478,7418,0.0,0.0,309.38,03/09/2025 20:08:18,13.044591666666667,80.1965,1965,2025-09-04T23:19:31.782275
TN 87 0478,7418,0.0,0.0,309.38,03/09/2025 20:08:08,13.044591666666667,80.1965,1965,2025-09-04T23:19:31.782488
TN 87 0478,7418,0.0,0.0,309.38,03/09/2025 20:07:59,13.044591666666667,80.1965,1965,2025-09-04T23:19:31.782698
TN 87 0478,7418,0.0,0.0,309.38,03/09/2025 20:07:48,13.044591666666667,80.1965,1965,2025-09-04T23:19:31.782894
TN 87 0478,7418,0.0,0.0,309.38,03/09/2025 20:07:38,13.044591666666667,80.1965,1965,2025-09-04T23:19:31.783053
TN 87 0478,7418,0.0,0.0,309.38,03/09/2025 20:07:32,13.044591666666667,80.1965,1965,2025-09-04T23:19:31.783229
TN 87 0478,7418,0.0,0.0,309.38,03/09/2025 20:07:18,13.044591666666667,80.1965,1965,2025-09-04T23:19:31.783418
TN 87 0478,7418,0.0,0.0,309.39,03/09/2025 20:07:09,13.044591666666667,80.1965,1965,2025-09-04T23:19:31.783615
TN 87 0478,7418,0.0,0.0,309.4,03/09/2025 20:06:58,13.044591666666667,80.1965,1965,2025-09-04T23:19:31.783790
TN 87 0478,7418,0.0,0.0,309.4,03/09/2025 20:06:48,13.044591666666667,80.1965,1965,2025-09-04T23:19:31.783969
TN 87 0478,7418,0.0,0.0,309.41,03/09/2025 20:06:38,13.044591666666667,80.1965,1965,2025-09-04T23:19:31.784151
TN 87 0478,7418,0.0,0.0,309.41,03/09/2025 20:06:31,13.044591666666667,80.1965,1965,2025-09-04T23:19:31.784349
TN 87 0478,7418,0.0,0.0,309.41,03/09/2025 20:06:19,13.044591666666667,80.1965,1965,2025-09-04T23:19:31.784566
TN 87 0478,7418,0.0,0.0,309.42,03/09/2025 20:06:08,13.044591666666667,80.1965,1965,2025-09-04T23:19:31.784756
TN 87 0478,7418,0.0,0.0,309.42,03/09/2025 20:05:58,13.044591666666667,80.1965,1965,2025-09-04T23:19:31.784940
TN 87 0478,7418,0.0,0.0,309.42,03/09/2025 20:05:48,13.044591666666667,80.1965,1965,2025-09-04T23:19:31.785116
TN 87 0478,7418,0.0,0.0,309.42,03/09/2025 20:05:38,13.044591666666667,80.1965,1965,2025-09-04T23:19:31.785288
TN 87 0478,7418,0.0,0.0,309.43,03/09/2025 20:05:31,13.044591666666667,80.1965,1965,2025-09-04T23:19:31.785458
TN 87 0478,7418,0.0,0.0,309.43,03/09/2025 20:05:18,13.044591666666667,80.1965,1965,2025-09-04T23:19:31.785622
TN 87 0478,7418,0.0,0.0,309.44,03/09/2025 20:05:08,13.044591666666667,80.1965,1965,2025-09-04T23:19:31.785804
TN 87 0478,7418,0.0,0.0,309.44,03/09/2025 20:04:58,13.044591666666667,80.1965,1965,2025-09-04T23:19:31.785987
TN 87 0478,7418,0.0,0.0,309.44,03/09/2025 20:04:48,13.044591666666667,80.1965,1965,2025-09-04T23:19:31.786201
TN 87 0478,7418,0.0,0.0,309.44,03/09/2025 20:04:39,13.044591666666667,80.1965,1965,2025-09-04T23:19:31.786373
TN 87 0478,7418,0.0,0.0,309.45,03/09/2025 20:04:31,13.044591666666667,80.1965,1965,2025-09-04T23:19:31.786551
TN 87 0478,7418,0.0,0.0,309.45,03/09/2025 20:04:18,13.044591666666667,80.1965,1965,2025-09-04T23:19:31.786720
TN 87 0478,7418,0.0,0.0,309.46,03/09/2025 20:04:08,13.044591666666667,80.1965,1965,2025-09-04T23:19:31.786892
TN 87 0478,7418,0.0,0.0,309.45,03/09/2025 20:03:58,13.044591666666667,80.1965,1965,2025-09-04T23:19:31.787157
TN 87 0478,7418,0.0,0.0,309.45,03/09/2025 20:03:49,13.044591666666667,80.1965,1965,2025-09-04T23:19:31.787401
TN 87 0478,7418,0.0,0.0,309.45,03/09/2025 20:03:38,13.044591666666667,80.1965,1965,2025-09-04T23:19:31.787836
TN 87 0478,7418,0.0,0.0,309.46,03/09/2025 20:03:31,13.044591666666667,80.1965,1965,2025-09-04T23:19:31.788060
TN 87 0478,7418,0.0,0.0,309.45,03/09/2025 20:03:18,13.044591666666667,80.1965,1965,2025-09-04T23:19:31.788269
TN 87 0478,7418,0.0,0.0,309.45,03/09/2025 20:03:08,13.044591666666667,80.1965,1965,2025-09-04T23:19:31.788464
TN 87 0478,7418,0.0,0.0,309.45,03/09/2025 20:02:58,13.044591666666667,80.1965,1965,2025-09-04T23:19:31.788643
TN 87 0478,7418,0.0,0.0,309.45,03/09/2025 20:02:48,13.044591666666667,80.1965,1965,2025-09-04T23:19:31.788824
TN 87 0478,7418,0.0,0.0,309.45,03/09/2025 20:02:38,13.044591666666667,80.1965,1965,2025-09-04T23:19:31.788995
TN 87 0478,7418,0.0,0.0,309.45,03/09/2025 20:02:32,13.044591666666667,80.1965,1965,2025-09-04T23:19:31.789179
TN 87 0478,7418,0.0,0.0,309.46,03/09/2025 20:02:18,13.044591666666667,80.1965,1965,2025-09-04T23:19:31.789377
TN 87 0478,7418,0.0,0.0,309.48,03/09/2025 20:02:08,13.044591666666667,80.1965,1965,2025-09-04T23:19:31.789555
TN 87 0478,7418,0.0,0.0,309.48,03/09/2025 20:01:58,13.044591666666667,80.1965,1965,2025-09-04T23:19:31.789718
TN 87 0478,7418,0.0,0.0,309.48,03/09/2025 20:01:48,13.044591666666667,80.1965,1965,2025-09-04T23:19:31.789858
TN 87 0478,7418,0.0,0.0,309.47,03/09/2025 20:01:38,13.044591666666667,80.1965,1965,2025-09-04T23:19:31.790143
TN 87 0478,7418,0.0,0.0,309.47,03/09/2025 20:01:32,13.044591666666667,80.1965,1965,2025-09-04T23:19:31.790325
TN 87 0478,7418,0.0,0.0,309.47,03/09/2025 20:01:18,13.044591666666667,80.1965,1965,2025-09-04T23:19:31.790481
TN 87 0478,7418,0.0,0.0,309.48,03/09/2025 20:01:08,13.044591666666667,80.1965,1965,2025-09-04T23:19:31.790633
TN 87 0478,7418,0.0,0.0,309.47,03/09/2025 20:00:58,13.044591666666667,80.1965,1965,2025-09-04T23:19:31.790791
TN 87 0478,7418,0.0,0.0,309.47,03/09/2025 20:00:48,13.044591666666667,80.1965,1965,2025-09-04T23:19:31.790944
TN 87 0478,7418,0.0,0.0,309.48,03/09/2025 20:00:38,13.044591666666667,80.1965,1965,2025-09-04T23:19:31.791096
TN 87 0478,7418,0.0,0.0,309.48,03/09/2025 20:00:31,13.044591666666667,80.1965,1965,2025-09-04T23:19:31.791265
TN 87 0478,7418,0.0,0.0,309.48,03/09/2025 20:00:19,13.044591666666667,80.1965,1965,2025-09-04T23:19:31.791418
TN 87 0478,7418,0.0,0.0,309.47,03/09/2025 20:00:08,13.044591666666667,80.1965,1965,2025-09-04T23:19:31.791580
TN 87 0478,7418,0.0,0.0,309.47,03/09/2025 19:59:58,13.044591666666667,80.1965,1965,2025-09-04T23:19:31.791755
TN 87 0478,7418,0.0,0.0,309.49,03/09/2025 19:59:48,13.044591666666667,80.1965,1965,2025-09-04T23:19:31.791938
TN 87 0478,7418,0.0,0.0,309.47,03/09/2025 19:59:38,13.044591666666667,80.1965,1965,2025-09-04T23:19:31.792092
TN 87 0478,7418,0.0,0.0,309.47,03/09/2025 19:59:31,13.044591666666667,80.1965,1965,2025-09-04T23:19:31.792235
TN 87 0478,7418,0.0,0.0,309.47,03/09/2025 19:59:18,13.044591666666667,80.1965,1965,2025-09-04T23:19:31.792402
TN 87 0478,7418,0.0,0.0,309.47,03/09/2025 19:59:08,13.044591666666667,80.1965,1965,2025-09-04T23:19:31.792589
TN 87 0478,7418,0.0,0.0,309.45,03/09/2025 19:58:58,13.044591666666667,80.1965,1965,2025-09-04T23:19:31.792793
TN 87 0478,7418,0.0,0.0,309.45,03/09/2025 19:58:48,13.044591666666667,80.1965,1965,2025-09-04T23:19:31.792975
TN 87 0478,7418,0.0,0.0,309.47,03/09/2025 19:58:39,13.044591666666667,80.1965,1965,2025-09-04T23:19:31.793166
TN 87 0478,7418,0.0,0.0,309.3,03/09/2025 19:58:31,13.044591666666667,80.1965,1965,2025-09-04T23:19:31.793339
TN 87 0478,7418,0.0,0.0,309.28,03/09/2025 19:58:18,13.044591666666667,80.1965,1965,2025-09-04T23:19:31.793541
TN 87 0478,7418,0.0,0.0,309.29,03/09/2025 19:58:08,13.044591666666667,80.1965,1965,2025-09-04T23:19:31.793727
TN 87 0478,7418,0.0,0.0,309.22,03/09/2025 19:57:58,13.044591666666667,80.1965,1965,2025-09-04T23:19:31.793901
TN 87 0478,7418,0.0,0.0,309.2,03/09/2025 19:57:49,13.044591666666667,80.1965,1965,2025-09-04T23:19:31.794051
TN 87 0478,7418,0.0,0.0,309.16,03/09/2025 19:57:38,13.044591666666667,80.1965,1965,2025-09-04T23:19:31.794206
TN 87 0478,7418,0.0,0.0,309.14,03/09/2025 19:57:31,13.044591666666667,80.1965,1965,2025-09-04T23:19:31.794401
TN 87 0478,7418,0.0,0.0,309.14,03/09/2025 19:57:18,13.044591666666667,80.1965,1965,2025-09-04T23:19:31.794575
TN 87 0478,7418,0.0,0.0,309.14,03/09/2025 19:57:08,13.044591666666667,80.1965,1965,2025-09-04T23:19:31.794719
TN 87 0478,7418,0.0,0.0,309.13,03/09/2025 19:56:59,13.044591666666667,80.1965,1965,2025-09-04T23:19:31.794870
TN 87 0478,7418,0.0,0.0,309.11,03/09/2025 19:56:48,13.044591666666667,80.1965,1965,2025-09-04T23:19:31.795037
TN 87 0478,7418,0.0,0.0,309.11,03/09/2025 19:56:38,13.044591666666667,80.1965,1965,2025-09-04T23:19:31.795218
TN 87 0478,7418,0.0,0.0,309.11,03/09/2025 19:56:32,13.044591666666667,80.1965,1965,2025-09-04T23:19:31.795421
TN 87 0478,7418,0.0,0.0,309.13,03/09/2025 19:56:18,13.044591666666667,80.1965,1965,2025-09-04T23:19:31.795605
TN 87 0478,7418,0.0,0.0,309.14,03/09/2025 19:56:09,13.044591666666667,80.1965,1965,2025-09-04T23:19:31.795800
TN 87 0478,7418,0.0,0.0,309.13,03/09/2025 19:55:58,13.044591666666667,80.1965,1965,2025-09-04T23:19:31.795971
TN 87 0478,7418,0.0,0.0,309.13,03/09/2025 19:55:48,13.044591666666667,80.1965,1965,2025-09-04T23:19:31.796137
TN 87 0478,7418,0.0,0.0,309.14,03/09/2025 19:55:38,13.044591666666667,80.1965,1965,2025-09-04T23:19:31.796322
TN 87 0478,7418,0.0,0.0,309.14,03/09/2025 19:55:31,13.044591666666667,80.1965,1965,2025-09-04T23:19:31.796485
TN 87 0478,7418,0.0,0.0,309.15,03/09/2025 19:55:19,13.044591666666667,80.1965,1965,2025-09-04T23:19:31.796650
TN 87 0478,7418,0.0,0.0,309.15,03/09/2025 19:55:08,13.044591666666667,80.1965,1965,2025-09-04T23:19:31.796816
TN 87 0478,7418,0.0,0.0,309.14,03/09/2025 19:54:58,13.044591666666667,80.1965,1965,2025-09-04T23:19:31.796960
TN 87 0478,7418,0.0,0.0,309.1,03/09/2025 19:54:48,13.044591666666667,80.1965,1965,2025-09-04T23:19:31.797118
TN 87 0478,7418,0.0,0.0,309.1,03/09/2025 19:54:38,13.044591666666667,80.1965,1965,2025-09-04T23:19:31.797282
TN 87 0478,7418,0.0,0.0,309.11,03/09/2025 19:54:31,13.044591666666667,80.1965,1965,2025-09-04T23:19:31.797458
TN 87 0478,7418,0.0,0.0,309.12,03/09/2025 19:54:18,13.044591666666667,80.1965,1965,2025-09-04T23:19:31.797644
TN 87 0478,7418,0.0,0.0,309.12,03/09/2025 19:54:08,13.044591666666667,80.1965,1965,2025-09-04T23:19:31.797833
TN 87 0478,7418,0.0,0.0,309.12,03/09/2025 19:53:58,13.044591666666667,80.1965,1965,2025-09-04T23:19:31.798008
TN 87 0478,7418,0.0,0.0,309.11,03/09/2025 19:53:48,13.044591666666667,80.1965,1965,2025-09-04T23:19:31.798163
TN 87 0478,7418,0.0,0.0,309.11,03/09/2025 19:53:39,13.044591666666667,80.1965,1965,2025-09-04T23:19:31.798330
TN 87 0478,7418,0.0,0.0,309.12,03/09/2025 19:53:31,13.044591666666667,80.1965,1965,2025-09-04T23:19:31.798484
TN 87 0478,7418,0.0,0.0,309.12,03/09/2025 19:53:18,13.044591666666667,80.1965,1965,2025-09-04T23:19:31.798677
TN 87 0478,7418,0.0,0.0,309.12,03/09/2025 19:53:08,13.044591666666667,80.1965,1965,2025-09-04T23:19:31.798877
TN 87 0478,7418,0.0,0.0,309.12,03/09/2025 19:52:58,13.044591666666667,80.1965,1965,2025-09-04T23:19:31.799081
TN 87 0478,7418,0.0,0.0,309.12,03/09/2025 19:52:49,13.044591666666667,80.1965,1965,2025-09-04T23:19:31.799302
TN 87 0478,7418,0.0,0.0,309.14,03/09/2025 19:52:38,13.044591666666667,80.1965,1965,2025-09-04T23:19:31.799495
TN 87 0478,7418,0.0,0.0,309.14,03/09/2025 19:52:31,13.044591666666667,80.1965,1965,2025-09-04T23:19:31.799671
TN 87 0478,7418,0.0,0.0,309.15,03/09/2025 19:52:18,13.044591666666667,80.1965,1965,2025-09-04T23:19:31.799844
TN 87 0478,7418,0.0,0.0,309.15,03/09/2025 19:52:08,13.044591666666667,80.1965,1965,2025-09-04T23:19:31.800011
TN 87 0478,7418,0.0,0.0,309.16,03/09/2025 19:51:59,13.044591666666667,80.1965,1965,2025-09-04T23:19:31.800171
TN 87 0478,7418,0.0,0.0,309.16,03/09/2025 19:51:48,13.044591666666667,80.1965,1965,2025-09-04T23:19:31.800312
TN 87 0478,7418,0.0,0.0,309.16,03/09/2025 19:51:38,13.044591666666667,80.1965,1965,2025-09-04T23:19:31.800574
TN 87 0478,7418,0.0,0.0,309.15,03/09/2025 19:51:32,13.044591666666667,80.1965,1965,2025-09-04T23:19:31.800792
TN 87 0478,7418,0.0,0.0,309.15,03/09/2025 19:51:18,13.044591666666667,80.1965,1965,2025-09-04T23:19:31.801004
TN 87 0478,7418,0.0,0.0,309.16,03/09/2025 19:51:09,13.044591666666667,80.1965,1965,2025-09-04T23:19:31.801195
TN 87 0478,7418,0.0,0.0,309.17,03/09/2025 19:50:58,13.044591666666667,80.1965,1965,2025-09-04T23:19:31.801387
TN 87 0478,7418,0.0,0.0,309.17,03/09/2025 19:50:48,13.044591666666667,80.1965,1965,2025-09-04T23:19:31.801566
TN 87 0478,7418,0.0,0.0,309.17,03/09/2025 19:50:38,13.044591666666667,80.1965,1965,2025-09-04T23:19:31.801757
TN 87 0478,7418,0.0,0.0,309.17,03/09/2025 19:50:32,13.044591666666667,80.1965,1965,2025-09-04T23:19:31.801928
TN 87 0478,7418,0.0,0.0,309.17,03/09/2025 19:50:19,13.044591666666667,80.1965,1965,2025-09-04T23:19:31.802104
TN 87 0478,7418,0.0,0.0,309.16,03/09/2025 19:50:09,13.044591666666667,80.1965,1965,2025-09-04T23:19:31.802287
TN 87 0478,7418,0.0,0.0,309.17,03/09/2025 19:49:58,13.044591666666667,80.1965,1965,2025-09-04T23:19:31.802455
TN 87 0478,7418,0.0,0.0,309.17,03/09/2025 19:49:48,13.044591666666667,80.1965,1965,2025-09-04T23:19:31.802629
TN 87 0478,7418,0.0,0.0,309.17,03/09/2025 19:49:38,13.044591666666667,80.1965,1965,2025-09-04T23:19:31.802826
TN 87 0478,7418,0.0,0.0,309.16,03/09/2025 19:49:31,13.044591666666667,80.1965,1965,2025-09-04T23:19:31.803007
TN 87 0478,7418,0.0,0.0,309.16,03/09/2025 19:49:19,13.044591666666667,80.1965,1965,2025-09-04T23:19:31.803210
TN 87 0478,7418,0.0,0.0,309.16,03/09/2025 19:49:09,13.044591666666667,80.1965,1965,2025-09-04T23:19:31.803400
TN 87 0478,7418,0.0,0.0,309.17,03/09/2025 19:48:59,13.044591666666667,80.1965,1965,2025-09-04T23:19:31.803568
TN 87 0478,7418,0.0,0.0,309.17,03/09/2025 19:48:48,13.044591666666667,80.1965,1965,2025-09-04T23:19:31.803774
TN 87 0478,7418,0.0,0.0,309.16,03/09/2025 19:48:39,13.044591666666667,80.1965,1965,2025-09-04T23:19:31.803951
TN 87 0478,7418,0.0,0.0,309.18,03/09/2025 19:48:31,13.044591666666667,80.1965,1965,2025-09-04T23:19:31.804237
TN 87 0478,7418,0.0,0.0,309.18,03/09/2025 19:48:18,13.044591666666667,80.1965,1965,2025-09-04T23:19:31.804453
TN 87 0478,7418,0.0,0.0,309.18,03/09/2025 19:48:08,13.044591666666667,80.1965,1965,2025-09-04T23:19:31.804635
TN 87 0478,7418,0.0,0.0,309.18,03/09/2025 19:47:59,13.044591666666667,80.1965,1965,2025-09-04T23:19:31.804807
TN 87 0478,7418,0.0,0.0,309.18,03/09/2025 19:47:49,13.044591666666667,80.1965,1965,2025-09-04T23:19:31.804964
TN 87 0478,7418,0.0,0.0,309.19,03/09/2025 19:47:39,13.044591666666667,80.1965,1965,2025-09-04T23:19:31.805125
TN 87 0478,7418,0.0,0.0,309.19,03/09/2025 19:47:31,13.044591666666667,80.1965,1965,2025-09-04T23:19:31.805289
TN 87 0478,7418,0.0,0.0,309.18,03/09/2025 19:47:19,13.044591666666667,80.1965,1965,2025-09-04T23:19:31.805449
TN 87 0478,7418,0.0,0.0,309.19,03/09/2025 19:47:09,13.044591666666667,80.1965,1965,2025-09-04T23:19:31.805612
TN 87 0478,7418,0.0,0.0,309.19,03/09/2025 19:46:59,13.044591666666667,80.1965,1965,2025-09-04T23:19:31.805775
TN 87 0478,7418,0.0,0.0,309.2,03/09/2025 19:46:49,13.044591666666667,80.1965,1965,2025-09-04T23:19:31.805941
TN 87 0478,7418,0.0,0.0,309.19,03/09/2025 19:46:39,13.044591666666667,80.1965,1965,2025-09-04T23:19:31.806104
TN 87 0478,7418,0.0,0.0,309.2,03/09/2025 19:46:31,13.044591666666667,80.1965,1965,2025-09-04T23:19:31.806263
TN 87 0478,7418,0.0,0.0,309.2,03/09/2025 19:46:19,13.044591666666667,80.1965,1965,2025-09-04T23:19:31.806428
TN 87 0478,7418,0.0,0.0,309.18,03/09/2025 19:46:09,13.044591666666667,80.1965,1965,2025-09-04T23:19:31.806592
TN 87 0478,7418,0.0,0.0,309.18,03/09/2025 19:45:59,13.044591666666667,80.1965,1965,2025-09-04T23:19:31.806790
TN 87 0478,7418,0.0,0.0,309.15,03/09/2025 19:45:49,13.044591666666667,80.1965,1965,2025-09-04T23:19:31.806954
TN 87 0478,7418,0.0,0.0,309.15,03/09/2025 19:45:39,13.044591666666667,80.1965,1965,2025-09-04T23:19:31.807106
TN 87 0478,7418,0.0,0.0,309.15,03/09/2025 19:45:33,13.044591666666667,80.1965,1965,2025-09-04T23:19:31.807274
TN 87 0478,7418,0.0,0.0,309.15,03/09/2025 19:45:19,13.044591666666667,80.1965,1965,2025-09-04T23:19:31.807435
TN 87 0478,7418,0.0,0.0,309.15,03/09/2025 19:45:09,13.044591666666667,80.1965,1965,2025-09-04T23:19:31.807604
TN 87 0478,7418,0.0,0.0,309.16,03/09/2025 19:44:59,13.044591666666667,80.1965,1965,2025-09-04T23:19:31.807783
TN 87 0478,7418,0.0,0.0,309.15,03/09/2025 19:44:49,13.044591666666667,80.1965,1965,2025-09-04T23:19:31.807951
TN 87 0478,7418,0.0,0.0,309.15,03/09/2025 19:44:39,13.044591666666667,80.1965,1965,2025-09-04T23:19:31.808143
TN 87 0478,7418,0.0,0.0,309.15,03/09/2025 19:44:31,13.044591666666667,80.1965,1965,2025-09-04T23:19:31.808310
TN 87 0478,7418,0.0,0.0,309.15,03/09/2025 19:44:19,13.044591666666667,80.1965,1965,2025-09-04T23:19:31.808491
TN 87 0478,7418,0.0,0.0,309.16,03/09/2025 19:44:09,13.044591666666667,80.1965,1965,2025-09-04T23:19:31.808664
TN 87 0478,7418,0.0,0.0,309.17,03/09/2025 19:43:59,13.044591666666667,80.1965,1965,2025-09-04T23:19:31.808837
TN 87 0478,7418,0.0,0.0,309.17,03/09/2025 19:43:49,13.044591666666667,80.1965,1965,2025-09-04T23:19:31.809018
TN 87 0478,7418,0.0,0.0,309.16,03/09/2025 19:43:39,13.044591666666667,80.1965,1965,2025-09-04T23:19:31.809201
TN 87 0478,7418,0.0,0.0,309.16,03/09/2025 19:43:31,13.044591666666667,80.1965,1965,2025-09-04T23:19:31.809368
TN 87 0478,7418,0.0,0.0,309.16,03/09/2025 19:43:19,13.044591666666667,80.1965,1965,2025-09-04T23:19:31.809542
TN 87 0478,7418,0.0,0.0,309.16,03/09/2025 19:43:09,13.044591666666667,80.1965,1965,2025-09-04T23:19:31.809715
TN 87 0478,7418,0.0,0.0,309.16,03/09/2025 19:42:59,13.044591666666667,80.1965,1965,2025-09-04T23:19:31.809890
TN 87 0478,7418,0.0,0.0,309.17,03/09/2025 19:42:49,13.044591666666667,80.1965,1965,2025-09-04T23:19:31.810047
TN 87 0478,7418,0.0,0.0,309.16,03/09/2025 19:42:39,13.044591666666667,80.1965,1965,2025-09-04T23:19:31.810212
TN 87 0478,7418,0.0,0.0,309.16,03/09/2025 19:42:31,13.044591666666667,80.1965,1965,2025-09-04T23:19:31.810375
TN 87 0478,7418,0.0,0.0,309.17,03/09/2025 19:42:19,13.044591666666667,80.1965,1965,2025-09-04T23:19:31.810567
TN 87 0478,7418,0.0,0.0,309.17,03/09/2025 19:42:09,13.044591666666667,80.1965,1965,2025-09-04T23:19:31.810729
TN 87 0478,7418,0.0,0.0,309.17,03/09/2025 19:41:59,13.044591666666667,80.1965,1965,2025-09-04T23:19:31.810911
TN 87 0478,7418,0.0,0.0,309.18,03/09/2025 19:41:49,13.044591666666667,80.1965,1965,2025-09-04T23:19:31.811068
TN 87 0478,7418,0.0,0.0,309.18,03/09/2025 19:41:39,13.044591666666667,80.1965,1965,2025-09-04T23:19:31.811214
TN 87 0478,7418,0.0,0.0,309.17,03/09/2025 19:41:31,13.044591666666667,80.1965,1965,2025-09-04T23:19:31.811371
TN 87 0478,7418,0.0,0.0,309.17,03/09/2025 19:41:19,13.044591666666667,80.1965,1965,2025-09-04T23:19:31.811544
TN 87 0478,7418,0.0,0.0,309.17,03/09/2025 19:41:09,13.044591666666667,80.1965,1965,2025-09-04T23:19:31.811747
TN 87 0478,7418,0.0,0.0,309.17,03/09/2025 19:40:59,13.044591666666667,80.1965,1965,2025-09-04T23:19:31.811927
TN 87 0478,7418,0.0,0.0,309.15,03/09/2025 19:40:49,13.044591666666667,80.1965,1965,2025-09-04T23:19:31.812089
TN 87 0478,7418,0.0,0.0,309.15,03/09/2025 19:40:39,13.044591666666667,80.1965,1965,2025-09-04T23:19:31.812252
TN 87 0478,7418,0.0,0.0,309.15,03/09/2025 19:40:32,13.044591666666667,80.1965,1965,2025-09-04T23:19:31.812424
TN 87 0478,7418,0.0,0.0,309.15,03/09/2025 19:40:19,13.044591666666667,80.1965,1965,2025-09-04T23:19:31.812622
TN 87 0478,7418,0.0,0.0,309.15,03/09/2025 19:40:09,13.044591666666667,80.1965,1965,2025-09-04T23:19:31.812814
TN 87 0478,7418,0.0,0.0,309.15,03/09/2025 19:40:00,13.044591666666667,80.1965,1965,2025-09-04T23:19:31.813019
TN 87 0478,7418,0.0,0.0,309.1,03/09/2025 19:39:49,13.044591666666667,80.1965,1965,2025-09-04T23:19:31.813225
TN 87 0478,7418,0.0,0.0,309.09,03/09/2025 19:39:39,13.044591666666667,80.1965,1965,2025-09-04T23:19:31.813414
TN 87 0478,7418,0.0,0.0,309.09,03/09/2025 19:39:33,13.044591666666667,80.1965,1965,2025-09-04T23:19:31.813597
TN 87 0478,7418,0.0,0.0,309.09,03/09/2025 19:39:19,13.044591666666667,80.1965,1965,2025-09-04T23:19:31.813823
TN 87 0478,7418,0.0,0.0,309.2,03/09/2025 19:39:10,13.044591666666667,80.1965,1965,2025-09-04T23:19:31.814034
TN 87 0478,7418,0.0,0.0,309.25,03/09/2025 19:38:59,13.044591666666667,80.1965,1965,2025-09-04T23:19:31.814244
TN 87 0478,7418,0.0,0.0,307.01,03/09/2025 19:38:49,13.044591666666667,80.1965,1965,2025-09-04T23:19:31.814437
TN 87 0478,7418,0.0,0.0,306.51,03/09/2025 19:38:39,13.044591666666667,80.1965,1965,2025-09-04T23:19:31.814647
TN 87 0478,7418,0.0,0.0,305.1,03/09/2025 19:38:31,13.044591666666667,80.1965,1965,2025-09-04T23:19:31.814901
TN 87 0478,7418,0.0,0.0,305.1,03/09/2025 19:38:20,13.044591666666667,80.1965,1965,2025-09-04T23:19:31.815117
TN 87 0478,7418,6.0,0.02,305.19,03/09/2025 19:38:09,13.044518333333333,80.19647666666667,19647666666667,2025-09-04T23:19:31.815350
TN 87 0478,7418,8.0,0.05,305.23,03/09/2025 19:37:59,13.044358333333333,80.1966,1966,2025-09-04T23:19:31.815616
TN 87 0478,7418,9.0,0.07,305.36,03/09/2025 19:37:49,13.044298333333334,80.19682833333333,19682833333333,2025-09-04T23:19:31.815880
TN 87 0478,7418,9.0,0.1,305.37,03/09/2025 19:37:39,13.044226666666667,80.19704833333333,19704833333333,2025-09-04T23:19:31.816091
TN 87 0478,7418,0.0,0.1,305.38,03/09/2025 19:37:31,13.044013333333334,80.19705333333333,19705333333333,2025-09-04T23:19:31.816271
TN 87 0478,7418,0.0,0.1,305.39,03/09/2025 19:37:19,13.043938333333333,80.197035,197035,2025-09-04T23:19:31.816468
TN 87 0478,7418,0.0,0.1,305.49,03/09/2025 19:37:09,13.043936666666667,80.19703,19703,2025-09-04T23:19:31.816668
TN 87 0478,7418,19.0,0.16,305.53,03/09/2025 19:36:59,13.043975,80.196815,196815,2025-09-04T23:19:31.816861
TN 87 0478,7418,24.0,0.21,305.57,03/09/2025 19:36:49,13.044056666666666,80.19622833333334,19622833333334,2025-09-04T23:19:31.817105
TN 87 0478,7418,0.0,0.21,305.2,03/09/2025 19:36:39,13.044128333333333,80.19576166666667,19576166666667,2025-09-04T23:19:31.817273
TN 87 0478,7418,0.0,0.21,304.95,03/09/2025 19:36:31,13.044128333333333,80.19576166666667,19576166666667,2025-09-04T23:19:31.817539
TN 87 0478,7418,0.0,0.21,304.94,03/09/2025 19:36:19,13.044128333333333,80.19576166666667,19576166666667,2025-09-04T23:19:31.817834
TN 87 0478,7418,0.0,0.21,305.09,03/09/2025 19:36:09,13.044128333333333,80.19576166666667,19576166666667,2025-09-04T23:19:31.818022
TN 87 0478,7418,0.0,0.21,305.12,03/09/2025 19:35:59,13.044131666666667,80.195755,195755,2025-09-04T23:19:31.818202
TN 87 0478,7418,23.0,0.27,305.19,03/09/2025 19:35:49,13.04421,80.19526166666667,19526166666667,2025-09-04T23:19:31.818367
TN 87 0478,7418,19.0,0.3,305.72,03/09/2025 19:35:39,13.04431,80.19469166666667,19469166666667,2025-09-04T23:19:31.818540
TN 87 0478,7418,8.0,0.33,305.81,03/09/2025 19:35:31,13.044333333333334,80.19442833333333,19442833333333,2025-09-04T23:19:31.818722
TN 87 0478,7418,7.0,0.36,305.81,03/09/2025 19:35:19,13.044356666666667,80.19417166666666,19417166666666,2025-09-04T23:19:31.818896
TN 87 0478,7418,10.0,0.37,305.82,03/09/2025 19:35:09,13.044411666666667,80.19392333333333,19392333333333,2025-09-04T23:19:31.819062
TN 87 0478,7418,0.0,0.37,305.55,03/09/2025 19:34:59,13.044435,80.19380166666667,19380166666667,2025-09-04T23:19:31.819248
TN 87 0478,7418,0.0,0.37,305.56,03/09/2025 19:34:49,13.044435,80.19380166666667,19380166666667,2025-09-04T23:19:31.819438
TN 87 0478,7418,0.0,0.37,305.65,03/09/2025 19:34:39,13.044421666666667,80.19375833333334,19375833333334,2025-09-04T23:19:31.819612
TN 87 0478,7418,13.0,0.43,305.65,03/09/2025 19:34:33,13.04445,80.19362333333333,19362333333333,2025-09-04T23:19:31.819813
TN 87 0478,7418,11.0,0.45,305.67,03/09/2025 19:34:19,13.04451,80.193095,193095,2025-09-04T23:19:31.819993
TN 87 0478,7418,9.0,0.48,305.68,03/09/2025 19:34:09,13.04454,80.19289333333333,19289333333333,2025-09-04T23:19:31.820159
TN 87 0478,7418,18.0,0.52,305.69,03/09/2025 19:33:59,13.04479,80.19284833333333,19284833333333,2025-09-04T23:19:31.820326
TN 87 0478,7418,6.0,0.54,305.68,03/09/2025 19:33:49,13.045176666666666,80.19283,19283,2025-09-04T23:19:31.820512
TN 87 0478,7418,0.0,0.54,305.6,03/09/2025 19:33:39,13.045336666666667,80.192805,192805,2025-09-04T23:19:31.820677
TN 87 0478,7418,0.0,0.54,305.6,03/09/2025 19:33:31,13.045336666666667,80.192805,192805,2025-09-04T23:19:31.820850
TN 87 0478,7418,0.0,0.54,305.61,03/09/2025 19:33:19,13.045346666666667,80.19280666666667,19280666666667,2025-09-04T23:19:31.821040
TN 87 0478,7418,6.0,0.55,305.62,03/09/2025 19:33:09,13.045535,80.19279666666667,19279666666667,2025-09-04T23:19:31.821215
TN 87 0478,7418,0.0,0.55,305.6,03/09/2025 19:32:59,13.045633333333333,80.19280333333333,19280333333333,2025-09-04T23:19:31.821360
TN 87 0478,7418,0.0,0.55,305.59,03/09/2025 19:32:49,13.045805,80.19276666666667,19276666666667,2025-09-04T23:19:31.821564
TN 87 0478,7418,0.0,0.55,305.57,03/09/2025 19:32:39,13.045935,80.192725,192725,2025-09-04T23:19:31.821770
TN 87 0478,7418,0.0,0.55,305.42,03/09/2025 19:32:31,13.045943333333334,80.192715,192715,2025-09-04T23:19:31.821978
TN 87 0478,7418,0.0,0.55,305.42,03/09/2025 19:32:19,13.045943333333334,80.192715,192715,2025-09-04T23:19:31.822148
TN 87 0478,7418,7.0,0.59,305.41,03/09/2025 19:32:09,13.04597,80.192715,192715,2025-09-04T23:19:31.822320
TN 87 0478,7418,9.0,0.62,305.39,03/09/2025 19:31:59,13.046333333333333,80.19262,19262,2025-09-04T23:19:31.822505
TN 87 0478,7418,0.0,0.62,305.34,03/09/2025 19:31:49,13.046518333333333,80.192575,192575,2025-09-04T23:19:31.822699
TN 87 0478,7418,0.0,0.62,305.33,03/09/2025 19:31:39,13.046578333333333,80.19258833333333,19258833333333,2025-09-04T23:19:31.822899
TN 87 0478,7418,15.0,0.68,305.3,03/09/2025 19:31:31,13.046635,80.19278166666666,19278166666666,2025-09-04T23:19:31.823058
TN 87 0478,7418,11.0,0.72,305.2,03/09/2025 19:31:19,13.046683333333334,80.19338833333333,19338833333333,2025-09-04T23:19:31.823267
TN 87 0478,7418,14.0,0.77,305.2,03/09/2025 19:31:09,13.046693333333334,80.19375333333333,19375333333333,2025-09-04T23:19:31.823480
TN 87 0478,7418,24.0,0.84,305.19,03/09/2025 19:30:59,13.046826666666666,80.19414666666667,19414666666667,2025-09-04T23:19:31.823675
TN 87 0478,7418,24.0,0.9,305.07,03/09/2025 19:30:49,13.047185,80.19471833333333,19471833333333,2025-09-04T23:19:31.823843
TN 87 0478,7418,18.0,0.94,305.05,03/09/2025 19:30:39,13.047371666666667,80.19524833333334,19524833333334,2025-09-04T23:19:31.824019
TN 87 0478,7418,21.0,1.02,305.04,03/09/2025 19:30:32,13.0474,80.19561333333333,19561333333333,2025-09-04T23:19:31.824205
TN 87 0478,7418,22.0,1.08,305.03,03/09/2025 19:30:19,13.04744,80.19633333333333,19633333333333,2025-09-04T23:19:31.824380
TN 87 0478,7418,26.0,1.15,304.76,03/09/2025 19:30:09,13.047446666666668,80.19692666666667,19692666666667,2025-09-04T23:19:31.824558
TN 87 0478,7418,18.0,1.19,304.72,03/09/2025 19:29:59,13.047436666666666,80.19759166666667,19759166666667,2025-09-04T23:19:31.824730
TN 87 0478,7418,0.0,1.19,304.61,03/09/2025 19:29:50,13.047461666666667,80.19788166666666,19788166666666,2025-09-04T23:19:31.824896
TN 87 0478,7418,0.0,1.19,304.41,03/09/2025 19:29:39,13.047461666666667,80.19788166666666,19788166666666,2025-09-04T23:19:31.825092
TN 87 0478,7418,0.0,1.19,304.4,03/09/2025 19:29:32,13.047461666666667,80.19788166666666,19788166666666,2025-09-04T23:19:31.825265
TN 87 0478,7418,0.0,1.19,304.39,03/09/2025 19:29:19,13.047461666666667,80.19788166666666,19788166666666,2025-09-04T23:19:31.825466
TN 87 0478,7418,0.0,1.19,304.38,03/09/2025 19:29:09,13.047461666666667,80.19788166666666,19788166666666,2025-09-04T23:19:31.825639
TN 87 0478,7418,0.0,1.19,304.35,03/09/2025 19:29:00,13.047463333333333,80.19788,19788,2025-09-04T23:19:31.825813
TN 87 0478,7418,11.0,1.23,304.35,03/09/2025 19:28:49,13.04747,80.19770666666666,19770666666666,2025-09-04T23:19:31.825968
TN 87 0478,7418,15.0,1.25,304.37,03/09/2025 19:28:39,13.047465,80.19728,19728,2025-09-04T23:19:31.826116
TN 87 0478,7418,14.0,1.32,304.37,03/09/2025 19:28:33,13.047461666666667,80.1971,1971,2025-09-04T23:19:31.826269
TN 87 0478,7418,12.0,1.35,304.38,03/09/2025 19:28:19,13.047486666666666,80.19650166666666,19650166666666,2025-09-04T23:19:31.826434
TN 87 0478,7418,12.0,1.38,304.38,03/09/2025 19:28:10,13.047501666666667,80.19616333333333,19616333333333,2025-09-04T23:19:31.826596
TN 87 0478,7418,0.0,1.38,304.36,03/09/2025 19:27:59,13.047536666666666,80.19593333333333,19593333333333,2025-09-04T23:19:31.826752
TN 87 0478,7418,13.0,1.41,304.35,03/09/2025 19:27:49,13.047725,80.195875,195875,2025-09-04T23:19:31.827013
TN 87 0478,7418,12.0,1.44,304.34,03/09/2025 19:27:39,13.047975,80.19580666666667,19580666666667,2025-09-04T23:19:31.827269
TN 87 0478,7418,14.0,1.49,304.34,03/09/2025 19:27:32,13.04822,80.19576333333333,19576333333333,2025-09-04T23:19:31.827554
TN 87 0478,7418,18.0,1.54,304.34,03/09/2025 19:27:19,13.048658333333334,80.19563333333333,19563333333333,2025-09-04T23:19:31.827802
TN 87 0478,7418,18.0,1.6,304.35,03/09/2025 19:27:09,13.048751666666666,80.19512,19512,2025-09-04T23:19:31.828019
TN 87 0478,7418,23.0,1.67,304.35,03/09/2025 19:26:59,13.048828333333333,80.19461833333334,19461833333334,2025-09-04T23:19:31.828228
TN 87 0478,7418,22.0,1.71,304.35,03/09/2025 19:26:49,13.048981666666666,80.19401666666667,19401666666667,2025-09-04T23:19:31.828441
TN 87 0478,7418,14.0,1.75,304.26,03/09/2025 19:26:39,13.049043333333334,80.19358,19358,2025-09-04T23:19:31.828642
TN 87 0478,7418,16.0,1.78,304.24,03/09/2025 19:26:32,13.04905,80.19325833333333,19325833333333,2025-09-04T23:19:31.828832
TN 87 0478,7418,13.0,1.83,304.23,03/09/2025 19:26:19,13.049051666666667,80.192925,192925,2025-09-04T23:19:31.829001
TN 87 0478,7418,18.0,1.86,304.22,03/09/2025 19:26:09,13.049011666666667,80.192515,192515,2025-09-04T23:19:31.829167
TN 87 0478,7418,8.0,1.88,304.18,03/09/2025 19:25:59,13.04905,80.19219166666667,19219166666667,2025-09-04T23:19:31.829335
TN 87 0478,7418,13.0,1.93,304.17,03/09/2025 19:25:49,13.0492,80.19213666666667,19213666666667,2025-09-04T23:19:31.829495
TN 87 0478,7418,20.0,1.97,304.15,03/09/2025 19:25:39,13.049653333333334,80.19209166666667,19209166666667,2025-09-04T23:19:31.829648
TN 87 0478,7418,16.0,2.04,304.1,03/09/2025 19:25:31,13.050028333333334,80.19208166666667,19208166666667,2025-09-04T23:19:31.829788
TN 87 0478,7418,24.0,2.1,304.09,03/09/2025 19:25:19,13.050671666666666,80.19209666666667,19209666666667,2025-09-04T23:19:31.829926
TN 87 0478,7418,18.0,2.16,304.09,03/09/2025 19:25:09,13.051201666666667,80.19209666666667,19209666666667,2025-09-04T23:19:31.830055
TN 87 0478,7418,21.0,2.22,304.07,03/09/2025 19:24:59,13.05174,80.19209333333333,19209333333333,2025-09-04T23:19:31.830198
TN 87 0478,7418,22.0,2.29,304.07,03/09/2025 19:24:49,13.052253333333333,80.19211166666666,19211166666666,2025-09-04T23:19:31.830360
TN 87 0478,7418,26.0,2.34,304.07,03/09/2025 19:24:39,13.052866666666667,80.192205,192205,2025-09-04T23:19:31.830499
TN 87 0478,7418,26.0,2.43,304.02,03/09/2025 19:24:31,13.053348333333334,80.19232833333334,19232833333334,2025-09-04T23:19:31.830642
TN 87 0478,7418,21.0,2.48,304.02,03/09/2025 19:24:19,13.054036666666667,80.19262833333333,19262833333333,2025-09-04T23:19:31.830809
TN 87 0478,7418,14.0,2.54,304.01,03/09/2025 19:24:09,13.054436666666666,80.192825,192825,2025-09-04T23:19:31.830972
TN 87 0478,7418,28.0,2.62,304.01,03/09/2025 19:23:59,13.054981666666666,80.193085,193085,2025-09-04T23:19:31.831135
TN 87 0478,7418,24.0,2.68,303.92,03/09/2025 19:23:49,13.05558,80.19336333333334,19336333333334,2025-09-04T23:19:31.831291
TN 87 0478,7418,19.0,2.71,303.91,03/09/2025 19:23:39,13.056115,80.19363333333334,19363333333334,2025-09-04T23:19:31.831520
TN 87 0478,7418,11.0,2.76,303.9,03/09/2025 19:23:33,13.056333333333333,80.19374833333333,19374833333333,2025-09-04T23:19:31.831802
TN 87 0478,7418,16.0,2.81,303.71,03/09/2025 19:23:19,13.056755,80.19391833333333,19391833333333,2025-09-04T23:19:31.832107
TN 87 0478,7418,11.0,2.85,303.65,03/09/2025 19:23:09,13.057166666666667,80.194105,194105,2025-09-04T23:19:31.832287
TN 87 0478,7418,15.0,2.9,303.56,03/09/2025 19:22:59,13.057456666666667,80.19426666666666,19426666666666,2025-09-04T23:19:31.832476
TN 87 0478,7418,19.0,2.95,303.34,03/09/2025 19:22:49,13.057881666666667,80.19446666666667,19446666666667,2025-09-04T23:19:31.832671
TN 87 0478,7418,18.0,2.99,303.27,03/09/2025 19:22:39,13.058255,80.19466666666666,19466666666666,2025-09-04T23:19:31.832852
TN 87 0478,7418,17.0,3.06,303.2,03/09/2025 19:22:31,13.058635,80.19483333333334,19483333333334,2025-09-04T23:19:31.833020
TN 87 0478,7418,15.0,3.1,303.16,03/09/2025 19:22:19,13.059158333333333,80.19506333333334,19506333333334,2025-09-04T23:19:31.833213
TN 87 0478,7418,20.0,3.16,303.01,03/09/2025 19:22:09,13.059533333333333,80.19529833333333,19529833333333,2025-09-04T23:19:31.833408
TN 87 0478,7418,25.0,3.22,302.98,03/09/2025 19:21:59,13.06001,80.19556,19556,2025-09-04T23:19:31.833592
TN 87 0478,7418,10.0,3.24,302.94,03/09/2025 19:21:49,13.060436666666666,80.19581333333333,19581333333333,2025-09-04T23:19:31.833775
TN 87 0478,7418,15.0,3.27,302.76,03/09/2025 19:21:39,13.06065,80.19588166666666,19588166666666,2025-09-04T23:19:31.833960
TN 87 0478,7418,12.0,3.32,302.69,03/09/2025 19:21:31,13.060868333333334,80.19601333333334,19601333333334,2025-09-04T23:19:31.834130
TN 87 0478,7418,13.0,3.36,302.65,03/09/2025 19:21:19,13.061246666666667,80.19622833333334,19622833333334,2025-09-04T23:19:31.834296
TN 87 0478,7418,19.0,3.42,302.59,03/09/2025 19:21:09,13.061586666666667,80.19641333333334,19641333333334,2025-09-04T23:19:31.834467
TN 87 0478,7418,18.0,3.47,302.58,03/09/2025 19:20:59,13.062011666666667,80.19664,19664,2025-09-04T23:19:31.834664
TN 87 0478,7418,17.0,3.51,302.57,03/09/2025 19:20:49,13.06243,80.196875,196875,2025-09-04T23:19:31.834865
TN 87 0478,7418,14.0,3.55,302.58,03/09/2025 19:20:39,13.06273,80.19705166666667,19705166666667,2025-09-04T23:19:31.835037
TN 87 0478,7418,20.0,3.61,302.58,03/09/2025 19:20:31,13.063075,80.19723333333333,19723333333333,2025-09-04T23:19:31.835206
TN 87 0478,7418,18.0,3.66,302.58,03/09/2025 19:20:19,13.063568333333333,80.19752666666666,19752666666666,2025-09-04T23:19:31.835383
TN 87 0478,7418,10.0,3.68,302.58,03/09/2025 19:20:09,13.063916666666668,80.19775666666666,19775666666666,2025-09-04T23:19:31.835567
TN 87 0478,7418,0.0,3.68,302.72,03/09/2025 19:19:59,13.06403,80.19759666666667,19759666666667,2025-09-04T23:19:31.835769
TN 87 0478,7418,0.0,3.68,302.75,03/09/2025 19:19:49,13.06403,80.19759666666667,19759666666667,2025-09-04T23:19:31.835947
TN 87 0478,7418,0.0,3.68,303.11,03/09/2025 19:19:39,13.06403,80.19759666666667,19759666666667,2025-09-04T23:19:31.836123
TN 87 0478,7418,0.0,3.68,304.46,03/09/2025 19:19:31,13.06403,80.19759666666667,19759666666667,2025-09-04T23:19:31.836276
TN 87 0478,7418,0.0,3.68,304.46,03/09/2025 19:19:19,13.06403,80.19759666666667,19759666666667,2025-09-04T23:19:31.836451
TN 87 0478,7418,0.0,3.68,305.16,03/09/2025 19:19:09,13.06403,80.19759666666667,19759666666667,2025-09-04T23:19:31.836610
TN 87 0478,7418,0.0,3.68,305.89,03/09/2025 19:18:59,13.06403,80.19759666666667,19759666666667,2025-09-04T23:19:31.836768
TN 87 0478,7418,0.0,3.68,305.76,03/09/2025 19:18:50,13.06403,80.19759666666667,19759666666667,2025-09-04T23:19:31.836919
TN 87 0478,7418,9.0,3.71,305.76,03/09/2025 19:18:39,13.063951666666666,80.19756333333333,19756333333333,2025-09-04T23:19:31.837068
TN 87 0478,7418,16.0,3.76,305.76,03/09/2025 19:18:31,13.063685,80.19744666666666,19744666666666,2025-09-04T23:19:31.837214
TN 87 0478,7418,16.0,3.81,305.44,03/09/2025 19:18:19,13.063283333333333,80.19725833333334,19725833333334,2025-09-04T23:19:31.837368
TN 87 0478,7418,0.0,3.81,305.36,03/09/2025 19:18:09,13.062921666666666,80.19709166666667,19709166666667,2025-09-04T23:19:31.837543
TN 87 0478,7418,0.0,3.81,305.23,03/09/2025 19:17:59,13.06292,80.197085,197085,2025-09-04T23:19:31.837765
TN 87 0478,7418,10.0,3.85,304.98,03/09/2025 19:17:49,13.062891666666667,80.19705666666667,19705666666667,2025-09-04T23:19:31.837969
TN 87 0478,7418,17.0,3.88,304.94,03/09/2025 19:17:39,13.062581666666667,80.19687166666667,19687166666667,2025-09-04T23:19:31.838135
TN 87 0478,7418,21.0,3.97,304.96,03/09/2025 19:17:33,13.06233,80.19675,19675,2025-09-04T23:19:31.838285
TN 87 0478,7418,19.0,4.02,305.06,03/09/2025 19:17:19,13.061563333333334,80.19634333333333,19634333333333,2025-09-04T23:19:31.838448
TN 87 0478,7418,20.0,4.07,305.07,03/09/2025 19:17:09,13.06117,80.19612666666667,19612666666667,2025-09-04T23:19:31.838640
TN 87 0478,7418,15.0,4.11,305.11,03/09/2025 19:16:59,13.060788333333333,80.19595,19595,2025-09-04T23:19:31.838819
TN 87 0478,7418,12.0,4.15,305.11,03/09/2025 19:16:49,13.060503333333333,80.195745,195745,2025-09-04T23:19:31.839020
TN 87 0478,7418,16.0,4.18,305.11,03/09/2025 19:16:39,13.060131666666667,80.19555166666666,19555166666666,2025-09-04T23:19:31.839205
TN 87 0478,7418,0.0,4.18,305.07,03/09/2025 19:16:31,13.059901666666667,80.19543666666667,19543666666667,2025-09-04T23:19:31.839388
TN 87 0478,7418,0.0,4.18,304.07,03/09/2025 19:16:19,13.059896666666667,80.19543333333333,19543333333333,2025-09-04T23:19:31.839549
TN 87 0478,7418,0.0,4.18,303.54,03/09/2025 19:16:09,13.059896666666667,80.19543333333333,19543333333333,2025-09-04T23:19:31.839722
TN 87 0478,7418,0.0,4.18,303.55,03/09/2025 19:15:59,13.059895,80.19543333333333,19543333333333,2025-09-04T23:19:31.839892
TN 87 0478,7418,16.0,4.23,303.7,03/09/2025 19:15:49,13.059715,80.19537166666667,19537166666667,2025-09-04T23:19:31.840058
TN 87 0478,7418,10.0,4.25,303.74,03/09/2025 19:15:39,13.059355,80.19517833333333,19517833333333,2025-09-04T23:19:31.840221
TN 87 0478,7418,7.0,4.29,303.81,03/09/2025 19:15:31,13.059211666666666,80.195095,195095,2025-09-04T23:19:31.840458
TN 87 0478,7418,16.0,4.34,304.18,03/09/2025 19:15:19,13.058908333333333,80.194925,194925,2025-09-04T23:19:31.840701
TN 87 0478,7418,17.0,4.36,304.26,03/09/2025 19:15:09,13.05846,80.1947,1947,2025-09-04T23:19:31.840910
TN 87 0478,7418,0.0,4.36,304.62,03/09/2025 19:14:59,13.058313333333333,80.194615,194615,2025-09-04T23:19:31.841114
TN 87 0478,7418,0.0,4.36,304.46,03/09/2025 19:14:48,13.058313333333333,80.194615,194615,2025-09-04T23:19:31.841311
TN 87 0478,7418,14.0,4.39,304.46,03/09/2025 19:14:39,13.05815,80.19454166666667,19454166666667,2025-09-04T23:19:31.841508
TN 87 0478,7418,12.0,4.44,304.44,03/09/2025 19:14:31,13.057885,80.19442,19442,2025-09-04T23:19:31.841701
TN 87 0478,7418,17.0,4.47,304.43,03/09/2025 19:14:18,13.057511666666667,80.194235,194235,2025-09-04T23:19:31.841892
TN 87 0478,7418,0.0,4.47,304.39,03/09/2025 19:14:08,13.057298333333334,80.19410166666667,19410166666667,2025-09-04T23:19:31.842078
TN 87 0478,7418,13.0,4.49,304.38,03/09/2025 19:13:58,13.057166666666667,80.194055,194055,2025-09-04T23:19:31.842261
TN 87 0478,7418,7.0,4.51,304.37,03/09/2025 19:13:49,13.056931666666667,80.19396,19396,2025-09-04T23:19:31.842436
TN 87 0478,7418,0.0,4.51,304.25,03/09/2025 19:13:38,13.056765,80.19388833333333,19388833333333,2025-09-04T23:19:31.842602
TN 87 0478,7418,0.0,4.51,304.23,03/09/2025 19:13:31,13.056765,80.19388833333333,19388833333333,2025-09-04T23:19:31.842798
TN 87 0478,7418,0.0,4.51,304.23,03/09/2025 19:13:18,13.056583333333334,80.19382,19382,2025-09-04T23:19:31.843004
TN 87 0478,7418,7.0,4.53,304.16,03/09/2025 19:13:08,13.056485,80.19374833333333,19374833333333,2025-09-04T23:19:31.843222
TN 87 0478,7418,0.0,4.53,304.16,03/09/2025 19:12:59,13.056398333333334,80.19369833333333,19369833333333,2025-09-04T23:19:31.843425
TN 87 0478,7418,16.0,4.57,304.16,03/09/2025 19:12:48,13.056276666666667,80.193625,193625,2025-09-04T23:19:31.843625
TN 87 0478,7418,16.0,4.6,304.18,03/09/2025 19:12:38,13.055881666666666,80.193465,193465,2025-09-04T23:19:31.843825
TN 87 0478,7418,19.0,4.68,304.18,03/09/2025 19:12:32,13.055618333333333,80.19334666666667,19334666666667,2025-09-04T23:19:31.844009
TN 87 0478,7418,17.0,4.72,304.19,03/09/2025 19:12:18,13.054961666666667,80.19304333333334,19304333333334,2025-09-04T23:19:31.844191
TN 87 0478,7418,0.0,4.72,304.18,03/09/2025 19:12:09,13.054681666666667,80.19289666666667,19289666666667,2025-09-04T23:19:31.844366
TN 87 0478,7418,12.0,4.77,304.34,03/09/2025 19:11:58,13.054575,80.19285333333333,19285333333333,2025-09-04T23:19:31.844539
TN 87 0478,7418,19.0,4.82,304.38,03/09/2025 19:11:48,13.054196666666666,80.192645,192645,2025-09-04T23:19:31.844702
TN 87 0478,7418,19.0,4.85,304.42,03/09/2025 19:11:38,13.05374,80.19242166666666,19242166666666,2025-09-04T23:19:31.844859
TN 87 0478,7418,14.0,4.89,304.61,03/09/2025 19:11:32,13.053488333333334,80.192315,192315,2025-09-04T23:19:31.845044
TN 87 0478,7418,9.0,4.94,304.64,03/09/2025 19:11:19,13.05318,80.19220166666666,19220166666666,2025-09-04T23:19:31.845231
TN 87 0478,7418,14.0,4.96,304.75,03/09/2025 19:11:08,13.05274,80.19209666666667,19209666666667,2025-09-04T23:19:31.845373
TN 87 0478,7418,0.0,4.96,305.75,03/09/2025 19:10:58,13.052593333333334,80.192035,192035,2025-09-04T23:19:31.845547
TN 87 0478,7418,0.0,4.96,305.75,03/09/2025 19:10:48,13.052593333333334,80.192035,192035,2025-09-04T23:19:31.845717
TN 87 0478,7418,8.0,4.98,305.76,03/09/2025 19:10:38,13.052453333333334,80.19201166666667,19201166666667,2025-09-04T23:19:31.845879
TN 87 0478,7418,8.0,5.04,305.87,03/09/2025 19:10:31,13.052283333333333,80.19201,19201,2025-09-04T23:19:31.846041
TN 87 0478,7418,22.0,5.11,305.87,03/09/2025 19:10:18,13.051721666666667,80.19199333333333,19199333333333,2025-09-04T23:19:31.846196
TN 87 0478,7418,23.0,5.15,305.89,03/09/2025 19:10:08,13.051131666666667,80.19198333333334,19198333333334,2025-09-04T23:19:31.846343
TN 87 0478,7418,7.0,5.17,305.9,03/09/2025 19:09:58,13.050746666666667,80.19198833333333,19198833333333,2025-09-04T23:19:31.846520
TN 87 0478,7418,19.0,5.22,305.99,03/09/2025 19:09:48,13.05053,80.19197833333334,19197833333334,2025-09-04T23:19:31.846689
TN 87 0478,7418,14.0,5.25,306.02,03/09/2025 19:09:39,13.050108333333334,80.191995,191995,2025-09-04T23:19:31.846886
TN 87 0478,7418,17.0,5.3,306.08,03/09/2025 19:09:31,13.049843333333333,80.19201833333334,19201833333334,2025-09-04T23:19:31.847058
TN 87 0478,7418,0.0,5.3,306.16,03/09/2025 19:09:18,13.049411666666666,80.19202333333334,19202333333334,2025-09-04T23:19:31.847223
TN 87 0478,7418,0.0,5.3,306.18,03/09/2025 19:09:08,13.049313333333334,80.19202333333334,19202333333334,2025-09-04T23:19:31.847408
TN 87 0478,7418,10.0,5.33,306.22,03/09/2025 19:08:58,13.04918,80.19206,19206,2025-09-04T23:19:31.847615
TN 87 0478,7418,14.0,5.36,306.46,03/09/2025 19:08:49,13.049043333333334,80.19229666666666,19229666666666,2025-09-04T23:19:31.847793
TN 87 0478,7418,9.0,5.39,306.5,03/09/2025 19:08:39,13.049086666666666,80.19258833333333,19258833333333,2025-09-04T23:19:31.847998
TN 87 0478,7418,19.0,5.44,306.62,03/09/2025 19:08:31,13.049073333333334,80.19291833333334,19291833333334,2025-09-04T23:19:31.848251
TN 87 0478,7418,16.0,5.49,306.64,03/09/2025 19:08:18,13.049073333333334,80.19338666666667,19338666666667,2025-09-04T23:19:31.848461
TN 87 0478,7418,11.0,5.52,306.71,03/09/2025 19:08:08,13.049106666666667,80.19383833333333,19383833333333,2025-09-04T23:19:31.848732
TN 87 0478,7418,0.0,5.52,306.72,03/09/2025 19:07:58,13.049068333333333,80.19408333333334,19408333333334,2025-09-04T23:19:31.848964
TN 87 0478,7418,0.0,5.52,306.74,03/09/2025 19:07:49,13.049065,80.19409166666667,19409166666667,2025-09-04T23:19:31.849144
TN 87 0478,7418,15.0,5.55,306.95,03/09/2025 19:07:38,13.049006666666667,80.194405,194405,2025-09-04T23:19:31.849317
TN 87 0478,7418,16.0,5.61,306.99,03/09/2025 19:07:31,13.048933333333334,80.19463833333333,19463833333333,2025-09-04T23:19:31.849468
TN 87 0478,7418,10.0,5.64,307.02,03/09/2025 19:07:18,13.048776666666667,80.19524666666666,19524666666666,2025-09-04T23:19:31.849642
TN 87 0478,7418,11.0,5.67,307.14,03/09/2025 19:07:08,13.04873,80.19547666666666,19547666666666,2025-09-04T23:19:31.849789
TN 87 0478,7418,12.0,5.72,307.15,03/09/2025 19:06:59,13.048513333333334,80.19565666666666,19565666666666,2025-09-04T23:19:31.849945
TN 87 0478,7418,8.0,5.74,307.19,03/09/2025 19:06:48,13.048105,80.19571666666667,19571666666667,2025-09-04T23:19:31.850129
TN 87 0478,7418,0.0,5.74,307.24,03/09/2025 19:06:38,13.04791,80.19576666666667,19576666666667,2025-09-04T23:19:31.850329
TN 87 0478,7418,12.0,5.76,307.25,03/09/2025 19:06:32,13.04775,80.19580333333333,19580333333333,2025-09-04T23:19:31.850511
TN 87 0478,7418,0.0,5.76,307.26,03/09/2025 19:06:18,13.04762,80.19584833333333,19584833333333,2025-09-04T23:19:31.850720
TN 87 0478,7418,0.0,5.76,307.32,03/09/2025 19:06:09,13.047598333333333,80.19583666666666,19583666666666,2025-09-04T23:19:31.850927
TN 87 0478,7418,19.0,5.8,307.33,03/09/2025 19:05:58,13.047465,80.19564,19564,2025-09-04T23:19:31.851184
TN 87 0478,7418,9.0,5.82,307.33,03/09/2025 19:05:48,13.047463333333333,80.19525,19525,2025-09-04T23:19:31.851364
TN 87 0478,7418,6.0,5.83,307.37,03/09/2025 19:05:38,13.047448333333334,80.19505333333333,19505333333333,2025-09-04T23:19:31.851544
TN 87 0478,7418,8.0,5.91,307.4,03/09/2025 19:05:31,13.04739,80.19494666666667,19494666666667,2025-09-04T23:19:31.851754
TN 87 0478,7418,19.0,5.96,307.44,03/09/2025 19:05:13,13.046998333333333,80.19436,19436,2025-09-04T23:19:31.851947
TN 87 0478,7418,19.0,6.03,307.54,03/09/2025 19:05:03,13.046778333333334,80.19397833333333,19397833333333,2025-09-04T23:19:31.852124
TN 87 0478,7418,25.0,6.08,307.56,03/09/2025 19:04:53,13.046696666666667,80.19329166666667,19329166666667,2025-09-04T23:19:31.852297
TN 87 0478,7418,10.0,6.11,307.56,03/09/2025 19:04:43,13.04667,80.19280833333333,19280833333333,2025-09-04T23:19:31.852500
TN 87 0478,7418,9.0,6.13,307.52,03/09/2025 19:04:34,13.046691666666666,80.19261166666666,19261166666666,2025-09-04T23:19:31.852689
TN 87 0478,7418,9.0,6.14,307.51,03/09/2025 19:04:23,13.046686666666666,80.19241666666667,19241666666667,2025-09-04T23:19:31.852852
TN 87 0478,7418,9.0,6.14,307.5,03/09/2025 19:04:13,13.04665,80.192275,192275,2025-09-04T23:19:31.853051
TN 87 0478,7418,0.0,6.14,307.46,03/09/2025 19:04:03,13.04663,80.19221666666667,19221666666667,2025-09-04T23:19:31.853236
TN 87 0478,7418,13.0,6.18,307.46,03/09/2025 19:03:53,13.046621666666667,80.19194666666667,19194666666667,2025-09-04T23:19:31.853419
TN 87 0478,7418,14.0,6.22,307.45,03/09/2025 19:03:43,13.046573333333333,80.19157666666666,19157666666666,2025-09-04T23:19:31.853589
TN 87 0478,7418,7.0,6.25,307.33,03/09/2025 19:03:34,13.046561666666667,80.19125666666666,19125666666666,2025-09-04T23:19:31.853881
TN 87 0478,7418,7.0,6.27,307.33,03/09/2025 19:03:23,13.04655,80.19100166666666,19100166666666,2025-09-04T23:19:31.854126
TN 87 0478,7418,14.0,6.32,307.31,03/09/2025 19:03:13,13.046531666666667,80.19079666666667,19079666666667,2025-09-04T23:19:31.854356
TN 87 0478,7418,17.0,6.36,307.3,03/09/2025 19:03:03,13.046533333333333,80.19033833333333,19033833333333,2025-09-04T23:19:31.854611
TN 87 0478,7418,17.0,6.4,307.19,03/09/2025 19:02:53,13.04651,80.18993833333333,18993833333333,2025-09-04T23:19:31.854824
TN 87 0478,7418,12.0,6.44,307.16,03/09/2025 19:02:44,13.046495,80.18957333333333,18957333333333,2025-09-04T23:19:31.855025
TN 87 0478,7418,13.0,6.48,307.09,03/09/2025 19:02:33,13.046448333333334,80.18925,18925,2025-09-04T23:19:31.855183
TN 87 0478,7418,12.0,6.52,307.09,03/09/2025 19:02:23,13.04636,80.18889166666666,18889166666666,2025-09-04T23:19:31.855327
TN 87 0478,7418,18.0,6.57,307.08,03/09/2025 19:02:13,13.046215,80.18847333333333,18847333333333,2025-09-04T23:19:31.855463
TN 87 0478,7418,15.0,6.61,307.08,03/09/2025 19:02:03,13.046078333333334,80.188115,188115,2025-09-04T23:19:31.855609
TN 87 0478,7418,22.0,6.68,307.04,03/09/2025 19:01:54,13.045935,80.18769,18769,2025-09-04T23:19:31.855798
TN 87 0478,7418,26.0,6.76,307.03,03/09/2025 19:01:43,13.045773333333333,80.18710333333334,18710333333334,2025-09-04T23:19:31.855935
TN 87 0478,7418,27.0,6.83,306.95,03/09/2025 19:01:33,13.045405,80.18645333333333,18645333333333,2025-09-04T23:19:31.856066
TN 87 0478,7418,17.0,6.85,306.95,03/09/2025 19:01:23,13.045036666666666,80.18595666666667,18595666666667,2025-09-04T23:19:31.856223
TN 87 0478,7418,0.0,6.85,306.83,03/09/2025 19:01:13,13.044896666666666,80.18578333333333,18578333333333,2025-09-04T23:19:31.856431
TN 87 0478,7418,0.0,6.85,306.8,03/09/2025 19:01:04,13.0449,80.18578166666667,18578166666667,2025-09-04T23:19:31.856626
TN 87 0478,7418,17.0,6.9,306.68,03/09/2025 19:00:53,13.044738333333333,80.185535,185535,2025-09-04T23:19:31.856821
TN 87 0478,7418,12.0,6.94,306.66,03/09/2025 19:00:43,13.044545,80.18510666666667,18510666666667,2025-09-04T23:19:31.857012
TN 87 0478,7418,12.0,6.99,306.64,03/09/2025 19:00:33,13.044376666666667,80.18477833333333,18477833333333,2025-09-04T23:19:31.857208
TN 87 0478,7418,18.0,7.04,306.63,03/09/2025 19:00:23,13.044218333333333,80.18441166666666,18441166666666,2025-09-04T23:19:31.857396
TN 87 0478,7418,21.0,7.18,306.65,03/09/2025 19:00:15,13.044058333333334,80.18400666666666,18400666666666,2025-09-04T23:19:31.857613
TN 87 0478,7418,21.0,7.25,306.66,03/09/2025 18:59:48,13.043481666666667,80.18276333333333,18276333333333,2025-09-04T23:19:31.857816
TN 87 0478,7418,17.0,7.3,306.68,03/09/2025 18:59:38,13.0432,80.18226666666666,18226666666666,2025-09-04T23:19:31.858003
TN 87 0478,7418,26.0,7.39,306.8,03/09/2025 18:59:31,13.042886666666666,80.18195166666666,18195166666666,2025-09-04T23:19:31.858187
TN 87 0478,7418,20.0,7.44,306.8,03/09/2025 18:59:18,13.042488333333333,80.18120333333333,18120333333333,2025-09-04T23:19:31.858363
TN 87 0478,7418,10.0,7.44,306.8,03/09/2025 18:59:08,13.04236,80.18076333333333,18076333333333,2025-09-04T23:19:31.858531
TN 87 0478,7418,0.0,7.44,306.81,03/09/2025 18:58:58,13.042343333333333,80.1807,1807,2025-09-04T23:19:31.858690
TN 87 0478,7418,7.0,7.47,306.82,03/09/2025 18:58:48,13.042316666666666,80.18062833333333,18062833333333,2025-09-04T23:19:31.858845
TN 87 0478,7418,13.0,7.49,306.85,03/09/2025 18:58:38,13.042228333333334,80.18037666666666,18037666666666,2025-09-04T23:19:31.859016
TN 87 0478,7418,15.0,7.54,306.94,03/09/2025 18:58:31,13.042186666666666,80.18012666666667,18012666666667,2025-09-04T23:19:31.859210
TN 87 0478,7418,8.0,7.56,306.94,03/09/2025 18:58:18,13.042078333333333,80.17970833333334,17970833333334,2025-09-04T23:19:31.859394
TN 87 0478,7418,8.0,7.58,306.95,03/09/2025 18:58:08,13.042065,80.17953333333334,17953333333334,2025-09-04T23:19:31.859571
TN 87 0478,7418,12.0,7.6,306.97,03/09/2025 18:57:58,13.04203,80.17936333333333,17936333333333,2025-09-04T23:19:31.859756
TN 87 0478,7418,8.0,7.61,307.0,03/09/2025 18:57:48,13.042015,80.17916,17916,2025-09-04T23:19:31.859923
TN 87 0478,7418,0.0,7.61,307.01,03/09/2025 18:57:39,13.042003333333334,80.17903833333334,17903833333334,2025-09-04T23:19:31.860098
TN 87 0478,7418,0.0,7.61,307.04,03/09/2025 18:57:31,13.042028333333333,80.17899833333334,17899833333334,2025-09-04T23:19:31.860286
TN 87 0478,7418,0.0,7.61,308.36,03/09/2025 18:57:18,13.04202,80.17872166666666,17872166666666,2025-09-04T23:19:31.860460
TN 87 0478,7418,0.0,7.61,308.59,03/09/2025 18:57:08,13.04202,80.17869666666667,17869666666667,2025-09-04T23:19:31.860623
TN 87 0478,7418,0.0,7.61,308.65,03/09/2025 18:56:58,13.042016666666667,80.17869666666667,17869666666667,2025-09-04T23:19:31.860790
TN 87 0478,7418,0.0,7.61,308.68,03/09/2025 18:56:49,13.042028333333333,80.17856833333333,17856833333333,2025-09-04T23:19:31.861030
TN 87 0478,7418,0.0,7.61,308.7,03/09/2025 18:56:38,13.042036666666666,80.17846666666667,17846666666667,2025-09-04T23:19:31.861222
TN 87 0478,7418,0.0,7.61,308.7,03/09/2025 18:56:31,13.042048333333334,80.17841166666666,17841166666666,2025-09-04T23:19:31.861404
TN 87 0478,7418,0.0,7.61,308.71,03/09/2025 18:56:18,13.042055,80.17830166666667,17830166666667,2025-09-04T23:19:31.861583
TN 87 0478,7418,0.0,7.61,308.72,03/09/2025 18:56:08,13.042041666666666,80.17817833333334,17817833333334,2025-09-04T23:19:31.861752
TN 87 0478,7418,0.0,7.61,308.72,03/09/2025 18:55:59,13.042045,80.17815333333333,17815333333333,2025-09-04T23:19:31.861926
TN 87 0478,7418,0.0,7.61,308.76,03/09/2025 18:55:48,13.042035,80.17807666666667,17807666666667,2025-09-04T23:19:31.862101
TN 87 0478,7418,0.0,7.61,308.76,03/09/2025 18:55:38,13.042048333333334,80.17798333333333,17798333333333,2025-09-04T23:19:31.862258
TN 87 0478,7418,6.0,7.61,308.76,03/09/2025 18:55:32,13.042065,80.17791,17791,2025-09-04T23:19:31.862440
TN 87 0478,7418,0.0,7.61,308.78,03/09/2025 18:55:18,13.04209,80.17784666666667,17784666666667,2025-09-04T23:19:31.862609
TN 87 0478,7418,0.0,7.61,308.86,03/09/2025 18:55:09,13.042091666666666,80.17781666666667,17781666666667,2025-09-04T23:19:31.862812
TN 87 0478,7418,0.0,7.61,308.9,03/09/2025 18:54:58,13.042116666666667,80.17772666666667,17772666666667,2025-09-04T23:19:31.863017
TN 87 0478,7418,0.0,7.61,309.03,03/09/2025 18:54:48,13.042113333333333,80.17761166666666,17761166666666,2025-09-04T23:19:31.863215
TN 87 0478,7418,0.0,7.61,309.06,03/09/2025 18:54:38,13.042123333333333,80.17736333333333,17736333333333,2025-09-04T23:19:31.863397
TN 87 0478,7418,0.0,7.61,309.09,03/09/2025 18:54:31,13.042123333333333,80.17736333333333,17736333333333,2025-09-04T23:19:31.863590
TN 87 0478,7418,0.0,7.61,309.1,03/09/2025 18:54:19,13.042123333333333,80.17736166666667,17736166666667,2025-09-04T23:19:31.863791
TN 87 0478,7418,9.0,7.64,309.22,03/09/2025 18:54:08,13.042108333333333,80.17711,17711,2025-09-04T23:19:31.863966
TN 87 0478,7418,9.0,7.69,309.24,03/09/2025 18:53:58,13.042055,80.17691166666667,17691166666667,2025-09-04T23:19:31.864134
TN 87 0478,7418,24.0,7.75,309.27,03/09/2025 18:53:48,13.041935,80.17643666666666,17643666666666,2025-09-04T23:19:31.864308
TN 87 0478,7418,18.0,7.77,309.34,03/09/2025 18:53:38,13.041815,80.17588166666667,17588166666667,2025-09-04T23:19:31.864469
TN 87 0478,7418,0.0,7.77,309.35,03/09/2025 18:53:31,13.041761666666666,80.175715,175715,2025-09-04T23:19:31.864644
TN 87 0478,7418,7.0,7.79,309.37,03/09/2025 18:53:18,13.041725,80.17566333333333,17566333333333,2025-09-04T23:19:31.864809
TN 87 0478,7418,9.0,7.83,309.43,03/09/2025 18:53:08,13.041665,80.17548166666667,17548166666667,2025-09-04T23:19:31.864982
TN 87 0478,7418,6.0,7.85,309.44,03/09/2025 18:52:58,13.041583333333334,80.17516333333333,17516333333333,2025-09-04T23:19:31.865141
TN 87 0478,7418,17.0,7.9,309.47,03/09/2025 18:52:48,13.041528333333334,80.17493666666667,17493666666667,2025-09-04T23:19:31.865321
TN 87 0478,7418,14.0,7.93,309.59,03/09/2025 18:52:39,13.041418333333333,80.17452333333334,17452333333334,2025-09-04T23:19:31.865481
TN 87 0478,7418,10.0,7.98,309.62,03/09/2025 18:52:31,13.041336666666666,80.17428333333334,17428333333334,2025-09-04T23:19:31.865667
TN 87 0478,7418,14.0,8.02,309.63,03/09/2025 18:52:18,13.041196666666666,80.17381333333333,17381333333333,2025-09-04T23:19:31.865838
TN 87 0478,7418,12.0,8.07,309.73,03/09/2025 18:52:08,13.041076666666667,80.17344166666666,17344166666666,2025-09-04T23:19:31.866019
TN 87 0478,7418,20.0,8.12,309.74,03/09/2025 18:51:58,13.040978333333333,80.17301333333333,17301333333333,2025-09-04T23:19:31.866174
TN 87 0478,7418,20.0,8.18,309.77,03/09/2025 18:51:49,13.040831666666667,80.172535,172535,2025-09-04T23:19:31.866344
TN 87 0478,7418,13.0,8.21,310.06,03/09/2025 18:51:38,13.040633333333334,80.172085,172085,2025-09-04T23:19:31.866519
TN 87 0478,7418,18.0,8.29,310.06,03/09/2025 18:51:31,13.040496666666666,80.17182333333334,17182333333334,2025-09-04T23:19:31.866683
TN 87 0478,7418,21.0,8.35,310.08,03/09/2025 18:51:18,13.040081666666667,80.17116166666666,17116166666666,2025-09-04T23:19:31.866851
TN 87 0478,7418,19.0,8.41,310.14,03/09/2025 18:51:08,13.039825,80.170705,170705,2025-09-04T23:19:31.867031
TN 87 0478,7418,25.0,8.48,310.38,03/09/2025 18:50:59,13.03956,80.17024166666667,17024166666667,2025-09-04T23:19:31.867376
TN 87 0478,7418,14.0,8.51,310.4,03/09/2025 18:50:48,13.039318333333334,80.16968666666666,16968666666666,2025-09-04T23:19:31.867654
TN 87 0478,7418,8.0,8.53,310.4,03/09/2025 18:50:38,13.039158333333333,80.16936166666666,16936166666666,2025-09-04T23:19:31.867917
TN 87 0478,7418,0.0,8.53,310.41,03/09/2025 18:50:32,13.039111666666667,80.169195,169195,2025-09-04T23:19:31.868118
TN 87 0478,7418,0.0,8.53,310.44,03/09/2025 18:50:18,13.039111666666667,80.16917666666667,16917666666667,2025-09-04T23:19:31.868338
TN 87 0478,7418,8.0,8.57,310.46,03/09/2025 18:50:09,13.03905,80.16911166666667,16911166666667,2025-09-04T23:19:31.868537
TN 87 0478,7418,21.0,8.62,310.49,03/09/2025 18:49:58,13.038931666666667,80.168745,168745,2025-09-04T23:19:31.868737
TN 87 0478,7418,15.0,8.66,310.55,03/09/2025 18:49:48,13.038831666666667,80.16830333333333,16830333333333,2025-09-04T23:19:31.868930
TN 87 0478,7418,13.0,8.68,310.57,03/09/2025 18:49:38,13.038766666666668,80.16793,16793,2025-09-04T23:19:31.869128
TN 87 0478,7418,7.0,8.74,310.58,03/09/2025 18:49:32,13.038745,80.16777166666667,16777166666667,2025-09-04T23:19:31.869315
TN 87 0478,7418,25.0,8.81,310.74,03/09/2025 18:49:19,13.038643333333333,80.16727166666666,16727166666666,2025-09-04T23:19:31.869496
TN 87 0478,7418,22.0,8.87,310.75,03/09/2025 18:49:08,13.038531666666668,80.16659666666666,16659666666666,2025-09-04T23:19:31.869670
TN 87 0478,7418,16.0,8.91,310.76,03/09/2025 18:48:58,13.038451666666667,80.166085,166085,2025-09-04T23:19:31.869873
TN 87 0478,7418,16.0,8.94,309.88,03/09/2025 18:48:48,13.038426666666666,80.16566833333333,16566833333333,2025-09-04T23:19:31.870020
TN 87 0478,7418,0.0,8.94,309.67,03/09/2025 18:48:38,13.038365,80.16544166666667,16544166666667,2025-09-04T23:19:31.870199
TN 87 0478,7418,0.0,8.94,309.58,03/09/2025 18:48:31,13.038365,80.16544166666667,16544166666667,2025-09-04T23:19:31.870379
TN 87 0478,7418,9.0,8.97,309.58,03/09/2025 18:48:19,13.03835,80.16537,16537,2025-09-04T23:19:31.870547
TN 87 0478,7418,16.0,9.04,309.7,03/09/2025 18:48:08,13.038285,80.165045,165045,2025-09-04T23:19:31.870718
TN 87 0478,7418,20.0,9.1,309.74,03/09/2025 18:47:58,13.038216666666667,80.16447333333333,16447333333333,2025-09-04T23:19:31.870892
TN 87 0478,7418,20.0,9.14,309.92,03/09/2025 18:47:48,13.038245,80.16386,16386,2025-09-04T23:19:31.871071
TN 87 0478,7418,14.0,9.17,309.94,03/09/2025 18:47:39,13.038206666666667,80.16352333333333,16352333333333,2025-09-04T23:19:31.871256
TN 87 0478,7418,16.0,9.23,309.99,03/09/2025 18:47:31,13.038173333333333,80.16320166666667,16320166666667,2025-09-04T23:19:31.871435
TN 87 0478,7418,11.0,9.24,310.0,03/09/2025 18:47:18,13.038078333333333,80.16274166666666,16274166666666,2025-09-04T23:19:31.871612
TN 87 0478,7418,0.0,9.24,310.2,03/09/2025 18:47:08,13.038035,80.16257166666666,16257166666666,2025-09-04T23:19:31.871767
TN 87 0478,7418,0.0,9.24,310.37,03/09/2025 18:46:58,13.038035,80.16257166666666,16257166666666,2025-09-04T23:19:31.871919
TN 87 0478,7418,0.0,9.24,310.61,03/09/2025 18:46:48,13.038035,80.16257166666666,16257166666666,2025-09-04T23:19:31.872097
TN 87 0478,7418,0.0,9.24,310.07,03/09/2025 18:46:39,13.038036666666667,80.16257333333333,16257333333333,2025-09-04T23:19:31.872265
TN 87 0478,7418,0.0,9.24,310.08,03/09/2025 18:46:31,13.038046666666666,80.16251666666666,16251666666666,2025-09-04T23:19:31.872435
TN 87 0478,7418,0.0,9.24,310.08,03/09/2025 18:46:18,13.038023333333333,80.162385,162385,2025-09-04T23:19:31.872609
TN 87 0478,7418,10.0,9.27,310.09,03/09/2025 18:46:08,13.038001666666666,80.16218,16218,2025-09-04T23:19:31.872793
TN 87 0478,7418,13.0,9.3,310.09,03/09/2025 18:45:58,13.037945,80.161945,161945,2025-09-04T23:19:31.872990
TN 87 0478,7418,0.0,9.3,310.09,03/09/2025 18:45:49,13.037901666666667,80.16163333333333,16163333333333,2025-09-04T23:19:31.873172
TN 87 0478,7418,0.0,9.3,310.09,03/09/2025 18:45:38,13.037895,80.16160333333333,16160333333333,2025-09-04T23:19:31.873349
TN 87 0478,7418,0.0,9.3,310.09,03/09/2025 18:45:31,13.037893333333333,80.16159333333333,16159333333333,2025-09-04T23:19:31.873521
TN 87 0478,7418,11.0,9.33,310.09,03/09/2025 18:45:18,13.037826666666666,80.16123833333333,16123833333333,2025-09-04T23:19:31.873707
TN 87 0478,7418,9.0,9.35,310.09,03/09/2025 18:45:08,13.037795,80.16099666666666,16099666666666,2025-09-04T23:19:31.873854
TN 87 0478,7418,13.0,9.4,310.13,03/09/2025 18:44:59,13.037755,80.16078166666667,16078166666667,2025-09-04T23:19:31.874023
TN 87 0478,7418,13.0,9.44,310.15,03/09/2025 18:44:48,13.037726666666666,80.16039,16039,2025-09-04T23:19:31.874179
TN 87 0478,7418,17.0,9.47,310.21,03/09/2025 18:44:38,13.037656666666667,80.16001333333334,16001333333334,2025-09-04T23:19:31.874353
TN 87 0478,7418,12.0,9.49,310.21,03/09/2025 18:44:33,13.037586666666666,80.15976833333333,15976833333333,2025-09-04T23:19:31.874529
TN 87 0478,7418,9.0,9.53,310.24,03/09/2025 18:44:18,13.037578333333334,80.15953333333333,15953333333333,2025-09-04T23:19:31.874708
TN 87 0478,7418,25.0,9.61,310.27,03/09/2025 18:44:09,13.037463333333333,80.15915333333334,15915333333334,2025-09-04T23:19:31.874914
TN 87 0478,7418,21.0,9.66,310.35,03/09/2025 18:43:58,13.03725,80.15850666666667,15850666666667,2025-09-04T23:19:31.875095
TN 87 0478,7418,15.0,9.68,310.36,03/09/2025 18:43:48,13.036978333333334,80.158085,158085,2025-09-04T23:19:31.875265
TN 87 0478,7418,0.0,9.68,310.35,03/09/2025 18:43:39,13.036908333333333,80.15795333333334,15795333333334,2025-09-04T23:19:31.875448
TN 87 0478,7418,0.0,9.68,310.35,03/09/2025 18:43:31,13.036858333333333,80.15786,15786,2025-09-04T23:19:31.875619
TN 87 0478,7418,0.0,9.68,310.35,03/09/2025 18:43:15,13.036738333333334,80.15766666666667,15766666666667,2025-09-04T23:19:31.875794
TN 87 0478,7418,0.0,9.68,310.36,03/09/2025 18:43:03,13.036693333333334,80.157535,157535,2025-09-04T23:19:31.875960
TN 87 0478,7418,0.0,9.68,310.35,03/09/2025 18:42:53,13.03665,80.157435,157435,2025-09-04T23:19:31.876117
TN 87 0478,7418,0.0,9.68,310.31,03/09/2025 18:42:43,13.036615,80.15738166666667,15738166666667,2025-09-04T23:19:31.876278
TN 87 0478,7418,30.0,9.76,309.99,03/09/2025 18:39:49,13.03539,80.15492666666667,15492666666667,2025-09-04T23:19:31.876446
TN 87 0478,7418,23.0,9.8,309.96,03/09/2025 18:39:39,13.03572,80.154265,154265,2025-09-04T23:19:31.876614
TN 87 0478,7418,21.0,9.83,309.96,03/09/2025 18:39:33,13.035876666666667,80.15396833333334,15396833333334,2025-09-04T23:19:31.876780
TN 87 0478,7418,0.0,9.83,309.95,03/09/2025 18:39:19,13.036031666666666,80.15367333333333,15367333333333,2025-09-04T23:19:31.876968
TN 87 0478,7418,25.0,9.9,309.97,03/09/2025 18:39:09,13.03614,80.15337333333333,15337333333333,2025-09-04T23:19:31.877123
TN 87 0478,7418,24.0,9.96,310.01,03/09/2025 18:38:59,13.03631,80.15276833333333,15276833333333,2025-09-04T23:19:31.877266
TN 87 0478,7418,21.0,10.0,310.02,03/09/2025 18:38:49,13.03632,80.15219,15219,2025-09-04T23:19:31.877439
TN 87 0478,7418,9.0,10.02,310.02,03/09/2025 18:38:39,13.036313333333334,80.15182,15182,2025-09-04T23:19:31.877612
TN 87 0478,7418,8.0,10.09,310.1,03/09/2025 18:38:33,13.036316666666666,80.151695,151695,2025-09-04T23:19:31.877784
TN 87 0478,7418,19.0,10.15,310.1,03/09/2025 18:38:19,13.036306666666666,80.15103833333333,15103833333333,2025-09-04T23:19:31.878030
TN 87 0478,7418,15.0,10.18,310.1,03/09/2025 18:38:09,13.036293333333333,80.15050833333333,15050833333333,2025-09-04T23:19:31.878216
TN 87 0478,7418,9.0,10.2,310.08,03/09/2025 18:37:59,13.03628,80.150215,150215,2025-09-04T23:19:31.878397
TN 87 0478,7418,7.0,10.23,310.08,03/09/2025 18:37:49,13.03629,80.14998,14998,2025-09-04T23:19:31.878557
TN 87 0478,7418,12.0,10.26,310.09,03/09/2025 18:37:39,13.036271666666666,80.14974166666667,14974166666667,2025-09-04T23:19:31.878725
TN 87 0478,7418,15.0,10.31,310.15,03/09/2025 18:37:31,13.036273333333334,80.14945,14945,2025-09-04T23:19:31.878903
TN 87 0478,7418,13.0,10.36,310.15,03/09/2025 18:37:20,13.03629,80.14897333333333,14897333333333,2025-09-04T23:19:31.879194
TN 87 0478,7418,20.0,10.4,310.17,03/09/2025 18:37:09,13.036203333333333,80.14854,14854,2025-09-04T23:19:31.879395
TN 87 0478,7418,13.0,10.45,310.28,03/09/2025 18:36:59,13.03621,80.14814,14814,2025-09-04T23:19:31.879569
TN 87 0478,7418,22.0,10.51,310.3,03/09/2025 18:36:49,13.036215,80.14770833333333,14770833333333,2025-09-04T23:19:31.879722
TN 87 0478,7418,18.0,10.56,310.33,03/09/2025 18:36:39,13.036236666666667,80.147115,147115,2025-09-04T23:19:31.879867
TN 87 0478,7418,17.0,10.61,310.39,03/09/2025 18:36:31,13.036253333333333,80.14671666666666,14671666666666,2025-09-04T23:19:31.880013
TN 87 0478,7418,17.0,10.64,310.39,03/09/2025 18:36:19,13.036285,80.146195,146195,2025-09-04T23:19:31.880154
TN 87 0478,7418,0.0,10.64,310.38,03/09/2025 18:36:09,13.036301666666667,80.14594333333334,14594333333334,2025-09-04T23:19:31.880295
TN 87 0478,7418,0.0,10.64,310.37,03/09/2025 18:35:59,13.036303333333333,80.14587833333333,14587833333333,2025-09-04T23:19:31.880637
TN 87 0478,7418,0.0,10.64,310.47,03/09/2025 18:35:49,13.036301666666667,80.14585,14585,2025-09-04T23:19:31.880880
TN 87 0478,7418,26.0,10.71,310.54,03/09/2025 18:35:39,13.0364,80.14545166666667,14545166666667,2025-09-04T23:19:31.881096
TN 87 0478,7418,29.0,10.81,310.72,03/09/2025 18:35:31,13.036511666666666,80.14486166666667,14486166666667,2025-09-04T23:19:31.881296
TN 87 0478,7418,29.0,10.99,311.05,03/09/2025 18:35:19,13.036625,80.14395833333333,14395833333333,2025-09-04T23:19:31.881499
TN 87 0478,7418,9.0,11.02,311.07,03/09/2025 18:34:49,13.036826666666666,80.14231166666667,14231166666667,2025-09-04T23:19:31.881712
TN 87 0478,7418,22.0,11.09,311.13,03/09/2025 18:34:39,13.036855,80.141975,141975,2025-09-04T23:19:31.881864
TN 87 0478,7418,40.0,11.23,311.6,03/09/2025 18:34:31,13.036968333333334,80.14133166666667,14133166666667,2025-09-04T23:19:31.882074
TN 87 0478,7418,39.0,11.33,311.6,03/09/2025 18:34:19,13.03717,80.14005,14005,2025-09-04T23:19:31.882329
TN 87 0478,7418,28.0,11.39,311.63,03/09/2025 18:34:09,13.037318333333333,80.13917333333333,13917333333333,2025-09-04T23:19:31.882535
TN 87 0478,7418,15.0,11.41,311.65,03/09/2025 18:33:59,13.03743,80.138635,138635,2025-09-04T23:19:31.882734
TN 87 0478,7418,8.0,11.44,311.72,03/09/2025 18:33:49,13.037423333333333,80.13841666666667,13841666666667,2025-09-04T23:19:31.882936
TN 87 0478,7418,14.0,11.47,311.74,03/09/2025 18:33:39,13.037445,80.13815,13815,2025-09-04T23:19:31.883171
TN 87 0478,7418,12.0,11.5,311.75,03/09/2025 18:33:33,13.037465,80.137895,137895,2025-09-04T23:19:31.883370
TN 87 0478,7418,0.0,11.5,311.92,03/09/2025 18:33:19,13.03754,80.137605,137605,2025-09-04T23:19:31.883627
TN 87 0478,7418,11.0,11.55,311.96,03/09/2025 18:33:09,13.03755,80.13746166666667,13746166666667,2025-09-04T23:19:31.883842
TN 87 0478,7418,28.0,11.63,312.15,03/09/2025 18:32:59,13.037623333333332,80.13699333333334,13699333333334,2025-09-04T23:19:31.884019
TN 87 0478,7418,21.0,11.68,312.17,03/09/2025 18:32:49,13.037793333333333,80.13631333333333,13631333333333,2025-09-04T23:19:31.884214
TN 87 0478,7418,9.0,11.7,312.2,03/09/2025 18:32:39,13.037915,80.135895,135895,2025-09-04T23:19:31.884368
TN 87 0478,7418,11.0,11.73,312.24,03/09/2025 18:32:31,13.03798,80.135685,135685,2025-09-04T23:19:31.884538
TN 87 0478,7418,8.0,11.75,312.35,03/09/2025 18:32:19,13.038106666666666,80.13543,13543,2025-09-04T23:19:31.884697
TN 87 0478,7418,0.0,11.75,312.38,03/09/2025 18:32:09,13.038148333333334,80.13530166666666,13530166666666,2025-09-04T23:19:31.884884
TN 87 0478,7418,0.0,11.75,312.41,03/09/2025 18:31:59,13.038176666666667,80.135255,135255,2025-09-04T23:19:31.885055
TN 87 0478,7418,11.0,11.78,312.57,03/09/2025 18:31:49,13.038288333333334,80.13499333333333,13499333333333,2025-09-04T23:19:31.885222
TN 87 0478,7418,10.0,11.8,312.62,03/09/2025 18:31:39,13.03841,80.1347,1347,2025-09-04T23:19:31.885393
TN 87 0478,7418,6.0,11.82,312.67,03/09/2025 18:31:31,13.038491666666667,80.13452333333333,13452333333333,2025-09-04T23:19:31.885566
TN 87 0478,7418,10.0,11.84,312.78,03/09/2025 18:31:14,13.038535,80.13438666666667,13438666666667,2025-09-04T23:19:31.885735
TN 87 0478,7418,6.0,11.84,312.8,03/09/2025 18:31:04,13.038606666666666,80.13415666666667,13415666666667,2025-09-04T23:19:31.885903
TN 87 0478,7418,0.0,11.84,312.81,03/09/2025 18:30:54,13.038633333333333,80.13409333333334,13409333333334,2025-09-04T23:19:31.886079
TN 87 0478,7418,8.0,11.86,312.81,03/09/2025 18:30:44,13.03868,80.133995,133995,2025-09-04T23:19:31.886248
TN 87 0478,7418,0.0,11.86,312.8,03/09/2025 18:30:34,13.038765,80.133875,133875,2025-09-04T23:19:31.886473
TN 87 0478,7418,0.0,11.86,312.77,03/09/2025 18:30:24,13.038778333333333,80.133775,133775,2025-09-04T23:19:31.886660
TN 87 0478,7418,0.0,11.86,312.11,03/09/2025 18:30:14,13.038825,80.13368,13368,2025-09-04T23:19:31.886909
TN 87 0478,7418,0.0,11.86,311.88,03/09/2025 18:30:04,13.038841666666666,80.13356833333333,13356833333333,2025-09-04T23:19:31.887076
TN 87 0478,7418,0.0,11.86,311.91,03/09/2025 18:29:54,13.038898333333334,80.13345166666667,13345166666667,2025-09-04T23:19:31.887264
TN 87 0478,7418,8.0,11.9,312.0,03/09/2025 18:29:44,13.03893,80.13337833333334,13337833333334,2025-09-04T23:19:31.887443
TN 87 0478,7418,15.0,11.94,312.06,03/09/2025 18:29:34,13.039043333333334,80.13307333333333,13307333333333,2025-09-04T23:19:31.887622
TN 87 0478,7418,15.0,11.98,312.06,03/09/2025 18:29:24,13.039191666666667,80.13265666666666,13265666666666,2025-09-04T23:19:31.887830
TN 87 0478,7418,16.0,12.05,312.25,03/09/2025 18:29:14,13.039306666666667,80.132345,132345,2025-09-04T23:19:31.888040
TN 87 0478,7418,33.0,12.15,312.27,03/09/2025 18:29:04,13.03954,80.13171,13171,2025-09-04T23:19:31.888221
TN 87 0478,7418,29.0,12.22,312.33,03/09/2025 18:28:54,13.03985,80.13092,13092,2025-09-04T23:19:31.888411
TN 87 0478,7418,27.0,12.31,312.47,03/09/2025 18:28:44,13.04008,80.13023166666666,13023166666666,2025-09-04T23:19:31.888585
TN 87 0478,7418,28.0,12.37,312.49,03/09/2025 18:28:34,13.04039,80.12949333333333,12949333333333,2025-09-04T23:19:31.888756
TN 87 0478,7418,17.0,12.4,312.49,03/09/2025 18:28:24,13.040611666666667,80.12897833333334,12897833333334,2025-09-04T23:19:31.888930
TN 87 0478,7418,0.0,12.4,312.5,03/09/2025 18:28:14,13.040705,80.12874666666667,12874666666667,2025-09-04T23:19:31.889121
TN 87 0478,7418,0.0,12.4,312.46,03/09/2025 18:28:04,13.040705,80.12874666666667,12874666666667,2025-09-04T23:19:31.889291
TN 87 0478,7418,0.0,12.4,312.4,03/09/2025 18:27:54,13.040705,80.12874666666667,12874666666667,2025-09-04T23:19:31.889463
TN 87 0478,7418,0.0,12.4,309.93,03/09/2025 18:27:44,13.040705,80.12874666666667,12874666666667,2025-09-04T23:19:31.889631
TN 87 0478,7418,0.0,12.4,309.6,03/09/2025 18:27:34,13.040705,80.12874666666667,12874666666667,2025-09-04T23:19:31.889793
TN 87 0478,7418,0.0,12.4,309.55,03/09/2025 18:27:24,13.040705,80.12874666666667,12874666666667,2025-09-04T23:19:31.889961
TN 87 0478,7418,0.0,12.4,309.53,03/09/2025 18:27:14,13.040718333333333,80.12872333333334,12872333333334,2025-09-04T23:19:31.890139
TN 87 0478,7418,9.0,12.44,309.42,03/09/2025 18:27:04,13.04081,80.12850333333333,12850333333333,2025-09-04T23:19:31.890323
TN 87 0478,7418,13.0,12.46,309.4,03/09/2025 18:26:54,13.040921666666666,80.12813833333334,12813833333334,2025-09-04T23:19:31.890497
TN 87 0478,7418,0.0,12.46,309.23,03/09/2025 18:26:44,13.040948333333333,80.12798333333333,12798333333333,2025-09-04T23:19:31.890668
TN 87 0478,7418,0.0,12.46,309.21,03/09/2025 18:26:34,13.040948333333333,80.12798333333333,12798333333333,2025-09-04T23:19:31.890834
TN 87 0478,7418,18.0,12.5,309.2,03/09/2025 18:26:24,13.041,80.12783833333333,12783833333333,2025-09-04T23:19:31.891006
TN 87 0478,7418,18.0,12.57,309.18,03/09/2025 18:26:14,13.041131666666667,80.127505,127505,2025-09-04T23:19:31.891172
TN 87 0478,7418,27.0,12.65,309.15,03/09/2025 18:26:04,13.041383333333334,80.12692,12692,2025-09-04T23:19:31.891335
TN 87 0478,7418,28.0,12.73,309.14,03/09/2025 18:25:54,13.041673333333334,80.12620333333334,12620333333334,2025-09-04T23:19:31.891497
TN 87 0478,7418,25.0,12.8,309.11,03/09/2025 18:25:44,13.041955,80.12549,12549,2025-09-04T23:19:31.891678
TN 87 0478,7418,24.0,12.87,309.01,03/09/2025 18:25:34,13.042215,80.12492833333333,12492833333333,2025-09-04T23:19:31.891861
TN 87 0478,7418,24.0,12.93,309.0,03/09/2025 18:25:24,13.042455,80.124385,124385,2025-09-04T23:19:31.892032
TN 87 0478,7418,21.0,12.99,308.99,03/09/2025 18:25:14,13.042686666666667,80.12385333333333,12385333333333,2025-09-04T23:19:31.892205
TN 87 0478,7418,28.0,13.2,308.98,03/09/2025 18:25:05,13.042901666666667,80.12333166666667,12333166666667,2025-09-04T23:19:31.892373
TN 87 0478,7418,27.0,13.26,308.97,03/09/2025 18:24:40,13.043575,80.12156,12156,2025-09-04T23:19:31.892560
TN 87 0478,7418,28.0,13.34,308.94,03/09/2025 18:24:32,13.04381,80.12102833333333,12102833333333,2025-09-04T23:19:31.892734
TN 87 0478,7418,17.0,13.38,308.94,03/09/2025 18:24:19,13.044156666666666,80.120325,120325,2025-09-04T23:19:31.892896
TN 87 0478,7418,12.0,13.41,308.7,03/09/2025 18:24:09,13.04433,80.11999833333333,11999833333333,2025-09-04T23:19:31.893103
TN 87 0478,7418,7.0,13.42,308.66,03/09/2025 18:23:59,13.04442,80.119795,119795,2025-09-04T23:19:31.893303
TN 87 0478,7418,8.0,13.45,308.61,03/09/2025 18:23:50,13.04446,80.11965333333333,11965333333333,2025-09-04T23:19:31.893512
TN 87 0478,7418,17.0,13.49,308.39,03/09/2025 18:23:39,13.044545,80.11939333333333,11939333333333,2025-09-04T23:19:31.893730
TN 87 0478,7418,22.0,13.56,308.34,03/09/2025 18:23:32,13.044665,80.11906833333333,11906833333333,2025-09-04T23:19:31.893965
TN 87 0478,7418,14.0,13.59,308.31,03/09/2025 18:23:19,13.044901666666666,80.11844,11844,2025-09-04T23:19:31.894180
TN 87 0478,7418,10.0,13.62,308.07,03/09/2025 18:23:09,13.045008333333334,80.11820333333333,11820333333333,2025-09-04T23:19:31.894422
TN 87 0478,7418,13.0,13.67,308.05,03/09/2025 18:23:00,13.045085,80.11799833333333,11799833333333,2025-09-04T23:19:31.894678
TN 87 0478,7418,14.0,13.7,308.0,03/09/2025 18:22:49,13.045248333333333,80.11754666666667,11754666666667,2025-09-04T23:19:31.894894
TN 87 0478,7418,11.0,13.71,307.8,03/09/2025 18:22:39,13.045393333333333,80.11730833333333,11730833333333,2025-09-04T23:19:31.895074
TN 87 0478,7418,0.0,13.71,307.78,03/09/2025 18:22:33,13.045496666666667,80.117375,117375,2025-09-04T23:19:31.895282
TN 87 0478,7418,0.0,13.71,307.72,03/09/2025 18:22:19,13.04559,80.11752333333334,11752333333334,2025-09-04T23:19:31.895516
TN 87 0478,7418,0.0,13.71,305.6,03/09/2025 18:22:09,13.045608333333334,80.117665,117665,2025-09-04T23:19:31.895701
TN 87 0478,7418,0.0,13.71,305.54,03/09/2025 18:21:59,13.045608333333334,80.117665,117665,2025-09-04T23:19:31.895896
TN 87 0478,7418,0.0,13.71,305.49,03/09/2025 18:21:49,13.045608333333334,80.117665,117665,2025-09-04T23:19:31.896057
TN 87 0478,7418,0.0,13.71,305.05,03/09/2025 18:21:39,13.045608333333334,80.117665,117665,2025-09-04T23:19:31.896218
TN 87 0478,7418,0.0,13.71,304.98,03/09/2025 18:21:32,13.045608333333334,80.117665,117665,2025-09-04T23:19:31.896395
TN 87 0478,7418,0.0,13.71,304.95,03/09/2025 18:21:19,13.045623333333333,80.11768333333333,11768333333333,2025-09-04T23:19:31.896577
TN 87 0478,7418,18.0,13.78,305.14,03/09/2025 18:21:09,13.045756666666666,80.11792666666666,11792666666666,2025-09-04T23:19:31.896760
TN 87 0478,7418,29.0,13.87,305.17,03/09/2025 18:20:59,13.046046666666667,80.11850333333334,11850333333334,2025-09-04T23:19:31.896947
TN 87 0478,7418,31.0,13.94,305.23,03/09/2025 18:20:49,13.04643,80.11917166666667,11917166666667,2025-09-04T23:19:31.897111
TN 87 0478,7418,26.0,14.0,305.87,03/09/2025 18:20:39,13.046926666666666,80.11966833333334,11966833333334,2025-09-04T23:19:31.897257
TN 87 0478,7418,39.0,14.13,306.0,03/09/2025 18:20:32,13.04737,80.11998166666666,11998166666666,2025-09-04T23:19:31.897401
TN 87 0478,7418,29.0,14.22,306.11,03/09/2025 18:20:19,13.048351666666667,80.12065,12065,2025-09-04T23:19:31.897578
TN 87 0478,7418,41.0,14.35,306.23,03/09/2025 18:20:09,13.048975,80.12102833333333,12102833333333,2025-09-04T23:19:31.897764
TN 87 0478,7418,47.0,14.46,314.32,03/09/2025 18:19:59,13.049978333333334,80.12164333333334,12164333333334,2025-09-04T23:19:31.897929
TN 87 0478,7418,36.0,14.56,314.73,03/09/2025 18:19:49,13.050888333333333,80.12222,12222,2025-09-04T23:19:31.898135
TN 87 0478,7418,26.0,14.6,314.85,03/09/2025 18:19:39,13.051561666666666,80.122705,122705,2025-09-04T23:19:31.898304
TN 87 0478,7418,20.0,14.65,315.0,03/09/2025 18:19:32,13.051885,80.12295833333333,12295833333333,2025-09-04T23:19:31.898471
TN 87 0478,7418,6.0,14.66,315.02,03/09/2025 18:19:19,13.052203333333333,80.123225,123225,2025-09-04T23:19:31.898630
TN 87 0478,7418,0.0,14.66,315.08,03/09/2025 18:19:09,13.052286666666667,80.12328166666667,12328166666667,2025-09-04T23:19:31.898822
TN 87 0478,7418,0.0,14.66,312.57,03/09/2025 18:18:59,13.052286666666667,80.12328166666667,12328166666667,2025-09-04T23:19:31.899000
TN 87 0478,7418,0.0,14.66,312.07,03/09/2025 18:18:49,13.052286666666667,80.12328166666667,12328166666667,2025-09-04T23:19:31.899192
TN 87 0478,7418,0.0,14.66,311.34,03/09/2025 18:18:39,13.052286666666667,80.12328166666667,12328166666667,2025-09-04T23:19:31.899358
TN 87 0478,7418,0.0,14.66,311.35,03/09/2025 18:18:32,13.052318333333334,80.12329666666666,12329666666666,2025-09-04T23:19:31.899528
TN 87 0478,7418,0.0,14.66,311.41,03/09/2025 18:18:19,13.052331666666667,80.12331166666667,12331166666667,2025-09-04T23:19:31.899689
TN 87 0478,7418,8.0,14.68,311.41,03/09/2025 18:18:09,13.052428333333333,80.12337,12337,2025-09-04T23:19:31.899847
TN 87 0478,7418,0.0,14.68,311.44,03/09/2025 18:17:59,13.052615,80.12343333333334,12343333333334,2025-09-04T23:19:31.900010
TN 87 0478,7418,0.0,14.68,311.6,03/09/2025 18:17:49,13.052641666666666,80.123445,123445,2025-09-04T23:19:31.900201
TN 87 0478,7418,8.0,14.7,311.62,03/09/2025 18:17:39,13.052726666666667,80.12347166666666,12347166666666,2025-09-04T23:19:31.900395
TN 87 0478,7418,10.0,14.75,311.65,03/09/2025 18:17:32,13.052908333333333,80.12354,12354,2025-09-04T23:19:31.900575
TN 87 0478,7418,13.0,14.78,311.66,03/09/2025 18:17:19,13.053281666666667,80.12369666666666,12369666666666,2025-09-04T23:19:31.900740
TN 87 0478,7418,8.0,14.8,311.73,03/09/2025 18:17:09,13.053571666666667,80.12383166666666,12383166666666,2025-09-04T23:19:31.900918
TN 87 0478,7418,6.0,14.81,311.74,03/09/2025 18:17:00,13.053688333333334,80.12388,12388,2025-09-04T23:19:31.901092
TN 87 0478,7418,0.0,14.81,311.76,03/09/2025 18:16:49,13.053816666666666,80.12391666666667,12391666666667,2025-09-04T23:19:31.901262
TN 87 0478,7418,0.0,14.81,311.81,03/09/2025 18:16:39,13.053908333333334,80.12394,12394,2025-09-04T23:19:31.901412
TN 87 0478,7418,0.0,14.81,311.81,03/09/2025 18:16:33,13.053955,80.12394833333333,12394833333333,2025-09-04T23:19:31.901577
TN 87 0478,7418,0.0,14.81,311.83,03/09/2025 18:16:19,13.054026666666667,80.12398166666667,12398166666667,2025-09-04T23:19:31.901714
TN 87 0478,7418,0.0,14.81,312.31,03/09/2025 18:16:10,13.054108333333334,80.12399833333333,12399833333333,2025-09-04T23:19:31.901860
TN 87 0478,7418,0.0,14.81,312.61,03/09/2025 18:15:59,13.054201666666666,80.124,124,2025-09-04T23:19:31.902031
TN 87 0478,7418,0.0,14.81,313.38,03/09/2025 18:15:49,13.054211666666667,80.12399833333333,12399833333333,2025-09-04T23:19:31.902179
TN 87 0478,7418,0.0,14.81,313.47,03/09/2025 18:15:39,13.054218333333333,80.124,124,2025-09-04T23:19:31.902312
TN 87 0478,7418,0.0,14.81,313.51,03/09/2025 18:15:32,13.054295,80.124,124,2025-09-04T23:19:31.902432
TN 87 0478,7418,8.0,14.85,313.55,03/09/2025 18:15:14,13.054478333333334,80.12398166666667,12398166666667,2025-09-04T23:19:31.902597
TN 87 0478,7418,14.0,14.89,313.62,03/09/2025 18:15:04,13.054788333333333,80.12386333333333,12386333333333,2025-09-04T23:19:31.902768
TN 87 0478,7418,17.0,14.93,313.63,03/09/2025 18:14:54,13.054731666666667,80.12343,12343,2025-09-04T23:19:31.902949
TN 87 0478,7418,0.0,14.93,313.64,03/09/2025 18:14:44,13.054693333333333,80.12310166666667,12310166666667,2025-09-04T23:19:31.903090
TN 87 0478,7418,0.0,14.93,313.41,03/09/2025 18:14:35,13.054693333333333,80.12310166666667,12310166666667,2025-09-04T23:19:31.903238
TN 87 0478,7418,0.0,14.93,313.33,03/09/2025 18:14:24,13.054693333333333,80.12310166666667,12310166666667,2025-09-04T23:19:31.903404
TN 87 0478,7418,0.0,14.93,312.95,03/09/2025 18:14:14,13.054693333333333,80.12310166666667,12310166666667,2025-09-04T23:19:31.903580
TN 87 0478,7418,0.0,14.93,312.63,03/09/2025 18:14:04,13.054676666666667,80.12309666666667,12309666666667,2025-09-04T23:19:31.903768
TN 87 0478,7418,21.0,15.0,312.59,03/09/2025 18:13:54,13.054601666666667,80.12287666666667,12287666666667,2025-09-04T23:19:31.903966
TN 87 0478,7418,27.0,15.07,312.48,03/09/2025 18:13:45,13.054666666666666,80.12224666666667,12224666666667,2025-09-04T23:19:31.904167
TN 87 0478,7418,20.0,15.13,305.3,03/09/2025 18:13:34,13.054843333333332,80.121635,121635,2025-09-04T23:19:31.904364
TN 87 0478,7418,33.0,15.26,305.3,03/09/2025 18:13:24,13.055036666666666,80.12106666666666,12106666666666,2025-09-04T23:19:31.904538
TN 87 0478,7418,46.0,15.38,303.62,03/09/2025 18:13:14,13.055393333333333,80.11997833333334,11997833333334,2025-09-04T23:19:31.904713
TN 87 0478,7418,50.0,15.87,302.65,03/09/2025 18:13:05,13.055726666666667,80.118945,118945,2025-09-04T23:19:31.904893
TN 87 0478,7418,46.0,16.02,302.6,03/09/2025 18:12:32,13.056876666666666,80.11448833333333,11448833333333,2025-09-04T23:19:31.905052
TN 87 0478,7418,37.0,16.12,302.41,03/09/2025 18:12:19,13.05684,80.11313833333334,11313833333334,2025-09-04T23:19:31.905205
TN 87 0478,7418,36.0,16.21,302.39,03/09/2025 18:12:09,13.056803333333333,80.11220833333333,11220833333333,2025-09-04T23:19:31.905379
TN 87 0478,7418,28.0,16.28,302.34,03/09/2025 18:12:00,13.056781666666666,80.11143333333334,11143333333334,2025-09-04T23:19:31.905557
TN 87 0478,7418,37.0,16.42,302.48,03/09/2025 18:11:49,13.056803333333333,80.11074333333333,11074333333333,2025-09-04T23:19:31.905727
TN 87 0478,7418,52.0,16.5,302.56,03/09/2025 18:11:39,13.056871666666666,80.10949666666667,10949666666667,2025-09-04T23:19:31.905893
TN 87 0478,7418,50.0,16.69,302.66,03/09/2025 18:11:33,13.056928333333333,80.10870666666666,10870666666666,2025-09-04T23:19:31.906048
TN 87 0478,7418,42.0,16.78,311.93,03/09/2025 18:11:19,13.0571,80.10701166666666,10701166666666,2025-09-04T23:19:31.906212
TN 87 0478,7418,35.0,16.87,312.87,03/09/2025 18:11:10,13.057185,80.10612333333333,10612333333333,2025-09-04T23:19:31.906371
TN 87 0478,7418,25.0,16.94,313.3,03/09/2025 18:10:59,13.057238333333334,80.10529666666666,10529666666666,2025-09-04T23:19:31.906537
TN 87 0478,7418,36.0,17.06,313.4,03/09/2025 18:10:49,13.057273333333333,80.10463166666666,10463166666666,2025-09-04T23:19:31.906697
TN 87 0478,7418,42.0,17.14,313.43,03/09/2025 18:10:39,13.057341666666666,80.1036,1036,2025-09-04T23:19:31.906855
TN 87 0478,7418,41.0,17.25,313.45,03/09/2025 18:10:32,13.057386666666666,80.10284833333333,10284833333333,2025-09-04T23:19:31.907016
TN 87 0478,7418,26.0,17.31,313.45,03/09/2025 18:10:20,13.057398333333333,80.10178333333333,10178333333333,2025-09-04T23:19:31.907256
TN 87 0478,7418,16.0,17.38,313.59,03/09/2025 18:10:09,13.057341666666666,80.10123666666667,10123666666667,2025-09-04T23:19:31.907506
TN 87 0478,7418,32.0,17.48,313.63,03/09/2025 18:09:59,13.05725,80.100655,100655,2025-09-04T23:19:31.907720
TN 87 0478,7418,38.0,17.58,313.69,03/09/2025 18:09:49,13.057025,80.09970333333334,09970333333334,2025-09-04T23:19:31.907972
TN 87 0478,7418,30.0,17.63,313.74,03/09/2025 18:09:39,13.056823333333334,80.098845,098845,2025-09-04T23:19:31.908196
TN 87 0478,7418,23.0,17.72,313.75,03/09/2025 18:09:32,13.056741666666667,80.09839166666667,09839166666667,2025-09-04T23:19:31.908408
TN 87 0478,7418,11.0,17.75,313.73,03/09/2025 18:09:14,13.05659,80.097535,097535,2025-09-04T23:19:31.908636
TN 87 0478,7418,9.0,17.79,313.73,03/09/2025 18:09:04,13.056545,80.097245,097245,2025-09-04T23:19:31.908847
TN 87 0478,7418,8.0,17.83,313.73,03/09/2025 18:08:54,13.056511666666667,80.09693833333333,09693833333333,2025-09-04T23:19:31.909034
TN 87 0478,7418,15.0,17.86,313.68,03/09/2025 18:08:44,13.056485,80.09656333333334,09656333333334,2025-09-04T23:19:31.909226
TN 87 0478,7418,15.0,17.9,313.67,03/09/2025 18:08:35,13.056468333333333,80.09625166666666,09625166666666,2025-09-04T23:19:31.909399
TN 87 0478,7418,0.0,17.9,313.66,03/09/2025 18:08:24,13.056428333333333,80.09592833333333,09592833333333,2025-09-04T23:19:31.909569
TN 87 0478,7418,9.0,17.94,313.66,03/09/2025 18:08:14,13.056413333333333,80.09582833333333,09582833333333,2025-09-04T23:19:31.909742
TN 87 0478,7418,19.0,18.0,313.72,03/09/2025 18:08:04,13.05638,80.09546333333333,09546333333333,2025-09-04T23:19:31.909916
TN 87 0478,7418,26.0,18.07,313.74,03/09/2025 18:07:54,13.056263333333334,80.09483833333333,09483833333333,2025-09-04T23:19:31.910119
TN 87 0478,7418,22.0,18.13,313.75,03/09/2025 18:07:45,13.056066666666666,80.09425166666666,09425166666666,2025-09-04T23:19:31.910313
TN 87 0478,7418,11.0,18.13,313.27,03/09/2025 18:07:35,13.05585,80.093775,093775,2025-09-04T23:19:31.910485
TN 87 0478,7418,0.0,18.13,313.27,03/09/2025 18:07:25,13.055831666666666,80.093735,093735,2025-09-04T23:19:31.910645
TN 87 0478,7418,0.0,18.13,313.25,03/09/2025 18:07:15,13.055831666666666,80.093735,093735,2025-09-04T23:19:31.910801
TN 87 0478,7418,0.0,18.13,313.69,03/09/2025 18:07:05,13.055831666666666,80.093735,093735,2025-09-04T23:19:31.910971
TN 87 0478,7418,0.0,18.13,313.79,03/09/2025 18:06:55,13.055831666666666,80.093735,093735,2025-09-04T23:19:31.911147
TN 87 0478,7418,0.0,18.13,314.09,03/09/2025 18:06:45,13.055831666666666,80.093735,093735,2025-09-04T23:19:31.911326
TN 87 0478,7418,0.0,18.13,312.71,03/09/2025 18:06:35,13.055831666666666,80.093735,093735,2025-09-04T23:19:31.911512
TN 87 0478,7418,0.0,18.13,312.71,03/09/2025 18:06:25,13.055831666666666,80.093735,093735,2025-09-04T23:19:31.911680
TN 87 0478,7418,21.0,18.61,312.91,03/09/2025 18:06:16,13.055783333333334,80.09357166666666,09357166666666,2025-09-04T23:19:31.911837
TN 87 0478,7418,44.0,18.69,313.02,03/09/2025 18:05:40,13.052955,80.09015666666667,09015666666667,2025-09-04T23:19:31.912005
TN 87 0478,7418,40.0,18.82,313.34,03/09/2025 18:05:34,13.05238,80.08986833333333,08986833333333,2025-09-04T23:19:31.912169
TN 87 0478,7418,27.0,18.92,313.37,03/09/2025 18:05:20,13.051306666666667,80.08933333333333,08933333333333,2025-09-04T23:19:31.912338
TN 87 0478,7418,45.0,19.04,313.45,03/09/2025 18:05:11,13.050506666666667,80.08895,08895,2025-09-04T23:19:31.912501
TN 87 0478,7418,39.0,19.16,313.81,03/09/2025 18:05:00,13.049596666666666,80.08830166666667,08830166666667,2025-09-04T23:19:31.912694
TN 87 0478,7418,44.0,19.29,313.9,03/09/2025 18:04:50,13.049225,80.087245,087245,2025-09-04T23:19:31.912907
TN 87 0478,7418,51.0,19.38,314.03,03/09/2025 18:04:40,13.049071666666666,80.08609666666666,08609666666666,2025-09-04T23:19:31.913116
TN 87 0478,7418,43.0,19.5,314.65,03/09/2025 18:04:33,13.048943333333334,80.085245,085245,2025-09-04T23:19:31.913313
TN 87 0478,7418,31.0,19.61,314.69,03/09/2025 18:04:21,13.048595,80.08419,08419,2025-09-04T23:19:31.913488
TN 87 0478,7418,41.0,19.72,314.85,03/09/2025 18:04:10,13.048196666666666,80.08323833333333,08323833333333,2025-09-04T23:19:31.913678
TN 87 0478,7418,32.0,19.78,315.19,03/09/2025 18:04:00,13.047861666666666,80.08234333333333,08234333333333,2025-09-04T23:19:31.913854
TN 87 0478,7418,15.0,19.82,315.22,03/09/2025 18:03:50,13.047678333333334,80.08176166666667,08176166666667,2025-09-04T23:19:31.914016
TN 87 0478,7418,17.0,19.85,315.25,03/09/2025 18:03:40,13.047591666666667,80.08145666666667,08145666666667,2025-09-04T23:19:31.914176
TN 87 0478,7418,17.0,19.89,315.37,03/09/2025 18:03:33,13.047498333333333,80.08112833333334,08112833333334,2025-09-04T23:19:31.914355
TN 87 0478,7418,13.0,19.93,315.38,03/09/2025 18:03:20,13.047408333333333,80.080765,080765,2025-09-04T23:19:31.914510
TN 87 0478,7418,14.0,19.97,315.4,03/09/2025 18:03:10,13.04733,80.080485,080485,2025-09-04T23:19:31.914701
TN 87 0478,7418,11.0,19.99,315.43,03/09/2025 18:03:00,13.047235,80.080095,080095,2025-09-04T23:19:31.914871
TN 87 0478,7418,6.0,20.01,315.44,03/09/2025 18:02:50,13.047183333333333,80.07990833333334,07990833333334,2025-09-04T23:19:31.915049
TN 87 0478,7418,9.0,20.02,315.46,03/09/2025 18:02:40,13.047153333333334,80.07973166666666,07973166666666,2025-09-04T23:19:31.915267
TN 87 0478,7418,9.0,20.06,315.7,03/09/2025 18:02:33,13.047128333333333,80.07959666666666,07959666666666,2025-09-04T23:19:31.915498
TN 87 0478,7418,0.0,20.06,315.7,03/09/2025 18:02:20,13.047085,80.079285,079285,2025-09-04T23:19:31.915777
TN 87 0478,7418,0.0,20.06,315.82,03/09/2025 18:02:10,13.047075,80.07920333333334,07920333333334,2025-09-04T23:19:31.915997
TN 87 0478,7418,0.0,20.06,316.11,03/09/2025 18:02:00,13.047075,80.07920333333334,07920333333334,2025-09-04T23:19:31.916197
TN 87 0478,7418,0.0,20.06,315.6,03/09/2025 18:01:50,13.047075,80.07920333333334,07920333333334,2025-09-04T23:19:31.916379
TN 87 0478,7418,0.0,20.06,314.93,03/09/2025 18:01:40,13.047075,80.07920333333334,07920333333334,2025-09-04T23:19:31.916549
TN 87 0478,7418,0.0,20.06,314.81,03/09/2025 18:01:33,13.047075,80.07920333333334,07920333333334,2025-09-04T23:19:31.916712
TN 87 0478,7418,7.0,20.08,312.22,03/09/2025 18:01:20,13.047076666666667,80.07915333333334,07915333333334,2025-09-04T23:19:31.916885
TN 87 0478,7418,10.0,20.12,312.22,03/09/2025 18:01:10,13.047068333333334,80.07894,07894,2025-09-04T23:19:31.917045
TN 87 0478,7418,13.0,20.15,312.22,03/09/2025 18:01:00,13.047048333333333,80.07863833333333,07863833333333,2025-09-04T23:19:31.917208
TN 87 0478,7418,10.0,20.18,312.28,03/09/2025 18:00:50,13.04704,80.07833,07833,2025-09-04T23:19:31.917353
TN 87 0478,7418,11.0,20.2,312.3,03/09/2025 18:00:40,13.047036666666667,80.07805166666667,07805166666667,2025-09-04T23:19:31.917519
TN 87 0478,7418,12.0,20.24,312.32,03/09/2025 18:00:34,13.047035,80.07788166666667,07788166666667,2025-09-04T23:19:31.917707
TN 87 0478,7418,14.0,20.27,312.47,03/09/2025 18:00:20,13.047018333333334,80.07747333333333,07747333333333,2025-09-04T23:19:31.917907
TN 87 0478,7418,0.0,20.27,312.48,03/09/2025 18:00:10,13.047011666666666,80.07722666666666,07722666666666,2025-09-04T23:19:31.918088
TN 87 0478,7418,13.0,20.31,312.53,03/09/2025 18:00:00,13.047013333333334,80.07707833333333,07707833333333,2025-09-04T23:19:31.918281
TN 87 0478,7418,0.0,20.31,313.42,03/09/2025 17:59:50,13.047015,80.07673,07673,2025-09-04T23:19:31.918455
TN 87 0478,7418,0.0,20.31,313.65,03/09/2025 17:59:40,13.047015,80.07673,07673,2025-09-04T23:19:31.918639
TN 87 0478,7418,0.0,20.31,314.01,03/09/2025 17:59:33,13.047015,80.07673,07673,2025-09-04T23:19:31.918813
TN 87 0478,7418,0.0,20.31,314.2,03/09/2025 17:59:20,13.047015,80.07673,07673,2025-09-04T23:19:31.918993
TN 87 0478,7418,0.0,20.31,313.97,03/09/2025 17:59:10,13.047015,80.07673,07673,2025-09-04T23:19:31.919179
TN 87 0478,7418,0.0,20.31,313.95,03/09/2025 17:59:00,13.047023333333334,80.07672333333333,07672333333333,2025-09-04T23:19:31.919378
TN 87 0478,7418,0.0,20.31,313.92,03/09/2025 17:58:50,13.047015,80.07653333333333,07653333333333,2025-09-04T23:19:31.919570
TN 87 0478,7418,0.0,20.31,313.39,03/09/2025 17:58:40,13.047015,80.07653333333333,07653333333333,2025-09-04T23:19:31.919744
TN 87 0478,7418,0.0,20.31,313.37,03/09/2025 17:58:33,13.047015,80.07653333333333,07653333333333,2025-09-04T23:19:31.919909
TN 87 0478,7418,10.0,20.34,313.35,03/09/2025 17:58:20,13.047013333333334,80.07646666666666,07646666666666,2025-09-04T23:19:31.920082
TN 87 0478,7418,0.0,20.34,313.32,03/09/2025 17:58:10,13.047,80.07616333333333,07616333333333,2025-09-04T23:19:31.920242
TN 87 0478,7418,0.0,20.34,313.23,03/09/2025 17:58:00,13.047001666666667,80.07615666666666,07615666666666,2025-09-04T23:19:31.920497
TN 87 0478,7418,13.0,20.39,313.22,03/09/2025 17:57:50,13.046976666666666,80.075905,075905,2025-09-04T23:19:31.920725
TN 87 0478,7418,14.0,20.39,313.2,03/09/2025 17:57:40,13.046965,80.07546833333333,07546833333333,2025-09-04T23:19:31.920986
TN 87 0478,7418,0.0,20.39,312.93,03/09/2025 17:57:33,13.046961666666666,80.07539833333334,07539833333334,2025-09-04T23:19:31.921205
TN 87 0478,7418,6.0,20.43,312.95,03/09/2025 17:57:20,13.046946666666667,80.07535833333333,07535833333333,2025-09-04T23:19:31.921383
TN 87 0478,7418,25.0,20.49,312.99,03/09/2025 17:57:10,13.046903333333333,80.07495333333334,07495333333334,2025-09-04T23:19:31.921568
TN 87 0478,7418,18.0,20.52,313.16,03/09/2025 17:57:00,13.046726666666666,80.07442166666667,07442166666667,2025-09-04T23:19:31.921774
TN 87 0478,7418,8.0,20.53,313.2,03/09/2025 17:56:50,13.046573333333333,80.07417166666667,07417166666667,2025-09-04T23:19:31.921977
TN 87 0478,7418,0.0,20.53,313.35,03/09/2025 17:56:40,13.046518333333333,80.0741,0741,2025-09-04T23:19:31.922162
TN 87 0478,7418,0.0,20.53,313.64,03/09/2025 17:56:33,13.046518333333333,80.0741,0741,2025-09-04T23:19:31.922320
TN 87 0478,7418,0.0,20.53,313.68,03/09/2025 17:56:20,13.046518333333333,80.0741,0741,2025-09-04T23:19:31.922479
TN 87 0478,7418,0.0,20.53,313.68,03/09/2025 17:56:10,13.046533333333333,80.07408333333333,07408333333333,2025-09-04T23:19:31.922656
TN 87 0478,7418,0.0,20.53,313.68,03/09/2025 17:56:00,13.046475,80.07396333333334,07396333333334,2025-09-04T23:19:31.922840
TN 87 0478,7418,0.0,20.53,313.7,03/09/2025 17:55:51,13.04645,80.07391333333334,07391333333334,2025-09-04T23:19:31.923029
TN 87 0478,7418,0.0,20.53,313.73,03/09/2025 17:55:40,13.046371666666667,80.073745,073745,2025-09-04T23:19:31.923228
TN 87 0478,7418,0.0,20.53,313.76,03/09/2025 17:55:33,13.046365,80.07372333333333,07372333333333,2025-09-04T23:19:31.923426
TN 87 0478,7418,46.0,20.65,313.79,03/09/2025 17:55:20,13.046125,80.07296,07296,2025-09-04T23:19:31.923606
TN 87 0478,7418,37.0,20.73,314.04,03/09/2025 17:55:10,13.04602,80.07190666666666,07190666666666,2025-09-04T23:19:31.923770
TN 87 0478,7418,25.0,20.78,314.08,03/09/2025 17:55:01,13.045885,80.07118666666666,07118666666666,2025-09-04T23:19:31.923954
TN 87 0478,7418,16.0,20.85,314.2,03/09/2025 17:54:50,13.045761666666667,80.07074333333334,07074333333334,2025-09-04T23:19:31.924132
TN 87 0478,7418,23.0,20.88,314.21,03/09/2025 17:54:40,13.045578333333333,80.070105,070105,2025-09-04T23:19:31.924294
TN 87 0478,7418,19.0,20.94,314.22,03/09/2025 17:54:35,13.045508333333334,80.06984333333334,06984333333334,2025-09-04T23:19:31.924462
TN 87 0478,7418,18.0,20.98,314.24,03/09/2025 17:54:21,13.045331666666666,80.06926,06926,2025-09-04T23:19:31.924642
TN 87 0478,7418,0.0,20.98,314.24,03/09/2025 17:54:11,13.045245,80.06889833333334,06889833333334,2025-09-04T23:19:31.924812
TN 87 0478,7418,0.0,20.98,314.25,03/09/2025 17:54:01,13.045245,80.06889833333334,06889833333334,2025-09-04T23:19:31.924976
TN 87 0478,7418,0.0,20.98,314.24,03/09/2025 17:53:51,13.045245,80.06889833333334,06889833333334,2025-09-04T23:19:31.925149
TN 87 0478,7418,0.0,20.98,314.24,03/09/2025 17:53:41,13.045245,80.06889833333334,06889833333334,2025-09-04T23:19:31.925314
TN 87 0478,7418,0.0,20.98,314.25,03/09/2025 17:53:33,13.045245,80.06889833333334,06889833333334,2025-09-04T23:19:31.925465
TN 87 0478,7418,0.0,20.98,314.25,03/09/2025 17:53:21,13.045245,80.06889833333334,06889833333334,2025-09-04T23:19:31.925632
TN 87 0478,7418,0.0,20.98,314.24,03/09/2025 17:53:11,13.045245,80.06889833333334,06889833333334,2025-09-04T23:19:31.925801
TN 87 0478,7418,0.0,20.98,314.25,03/09/2025 17:53:01,13.045245,80.06889833333334,06889833333334,2025-09-04T23:19:31.925953
TN 87 0478,7418,0.0,20.98,314.71,03/09/2025 17:52:51,13.045245,80.06889833333334,06889833333334,2025-09-04T23:19:31.926149
TN 87 0478,7418,0.0,20.98,314.82,03/09/2025 17:52:41,13.045245,80.06889833333334,06889833333334,2025-09-04T23:19:31.926323
TN 87 0478,7418,0.0,20.98,315.34,03/09/2025 17:52:34,13.045245,80.06889833333334,06889833333334,2025-09-04T23:19:31.926466
TN 87 0478,7418,0.0,20.98,315.64,03/09/2025 17:52:21,13.045245,80.06889833333334,06889833333334,2025-09-04T23:19:31.926611
TN 87 0478,7418,0.0,20.98,315.36,03/09/2025 17:52:11,13.045245,80.06889833333334,06889833333334,2025-09-04T23:19:31.926808
TN 87 0478,7418,0.0,20.98,315.36,03/09/2025 17:52:01,13.045235,80.06887333333333,06887333333333,2025-09-04T23:19:31.926973
TN 87 0478,7418,16.0,21.03,315.36,03/09/2025 17:51:51,13.045153333333333,80.06858333333334,06858333333334,2025-09-04T23:19:31.927108
TN 87 0478,7418,0.0,21.03,315.08,03/09/2025 17:51:41,13.045043333333334,80.06819333333334,06819333333334,2025-09-04T23:19:31.927238
TN 87 0478,7418,0.0,21.03,315.04,03/09/2025 17:51:34,13.045043333333334,80.06819333333334,06819333333334,2025-09-04T23:19:31.927442
TN 87 0478,7418,0.0,21.03,314.91,03/09/2025 17:51:21,13.045043333333334,80.06819333333334,06819333333334,2025-09-04T23:19:31.927658
TN 87 0478,7418,0.0,21.03,311.46,03/09/2025 17:51:11,13.045043333333334,80.06819333333334,06819333333334,2025-09-04T23:19:31.927853
TN 87 0478,7418,0.0,21.03,311.42,03/09/2025 17:51:01,13.045043333333334,80.06819333333334,06819333333334,2025-09-04T23:19:31.928047
TN 87 0478,7418,6.0,21.03,311.27,03/09/2025 17:50:51,13.04499,80.06803666666667,06803666666667,2025-09-04T23:19:31.928216
TN 87 0478,7418,0.0,21.03,302.01,03/09/2025 17:50:41,13.044983333333333,80.06801333333334,06801333333334,2025-09-04T23:19:31.928387
TN 87 0478,7418,0.0,21.03,302.03,03/09/2025 17:50:34,13.044983333333333,80.06801333333334,06801333333334,2025-09-04T23:19:31.928546
TN 87 0478,7418,0.0,21.03,302.05,03/09/2025 17:50:21,13.04498,80.06800333333334,06800333333334,2025-09-04T23:19:31.928737
TN 87 0478,7418,29.0,21.12,302.15,03/09/2025 17:50:11,13.044851666666666,80.067595,067595,2025-09-04T23:19:31.928915
TN 87 0478,7418,31.0,21.2,309.89,03/09/2025 17:50:01,13.044616666666666,80.06681166666667,06681166666667,2025-09-04T23:19:31.929076
TN 87 0478,7418,29.0,21.28,314.65,03/09/2025 17:49:51,13.044391666666666,80.06609166666667,06609166666667,2025-09-04T23:19:31.929258
TN 87 0478,7418,9.0,21.28,317.02,03/09/2025 17:49:41,13.044196666666666,80.06542333333333,06542333333333,2025-09-04T23:19:31.929431
TN 87 0478,7418,0.0,21.28,316.46,03/09/2025 17:49:35,13.044186666666667,80.06538333333333,06538333333333,2025-09-04T23:19:31.929590
TN 87 0478,7418,0.0,21.28,316.37,03/09/2025 17:49:21,13.044186666666667,80.06538333333333,06538333333333,2025-09-04T23:19:31.929753
TN 87 0478,7418,0.0,21.28,316.1,03/09/2025 17:49:11,13.044186666666667,80.06538333333333,06538333333333,2025-09-04T23:19:31.929905
TN 87 0478,7418,0.0,21.28,316.23,03/09/2025 17:49:01,13.044186666666667,80.06538333333333,06538333333333,2025-09-04T23:19:31.930061
TN 87 0478,7418,0.0,21.28,316.24,03/09/2025 17:48:51,13.044186666666667,80.06538333333333,06538333333333,2025-09-04T23:19:31.930250
TN 87 0478,7418,0.0,21.28,316.29,03/09/2025 17:48:41,13.044186666666667,80.06538333333333,06538333333333,2025-09-04T23:19:31.930412
TN 87 0478,7418,0.0,21.28,316.3,03/09/2025 17:48:35,13.044186666666667,80.06538333333333,06538333333333,2025-09-04T23:19:31.930565
TN 87 0478,7418,0.0,21.28,316.6,03/09/2025 17:48:22,13.044131666666667,80.06523833333334,06523833333334,2025-09-04T23:19:31.930715
TN 87 0478,7418,31.0,21.36,316.67,03/09/2025 17:48:11,13.044041666666667,80.06492833333333,06492833333333,2025-09-04T23:19:31.930865
TN 87 0478,7418,21.0,21.41,316.73,03/09/2025 17:48:01,13.043813333333333,80.064205,064205,2025-09-04T23:19:31.931033
TN 87 0478,7418,6.0,21.42,316.43,03/09/2025 17:47:51,13.043663333333333,80.06378333333333,06378333333333,2025-09-04T23:19:31.931211
TN 87 0478,7418,0.0,21.42,316.05,03/09/2025 17:47:41,13.043625,80.063675,063675,2025-09-04T23:19:31.931381
TN 87 0478,7418,0.0,21.42,315.74,03/09/2025 17:47:34,13.043625,80.063675,063675,2025-09-04T23:19:31.931560
TN 87 0478,7418,7.0,21.43,314.05,03/09/2025 17:47:21,13.043586666666666,80.06359333333333,06359333333333,2025-09-04T23:19:31.931745
TN 87 0478,7418,0.0,21.43,313.66,03/09/2025 17:47:11,13.043538333333334,80.06347333333333,06347333333333,2025-09-04T23:19:31.931921
TN 87 0478,7418,6.0,21.44,313.15,03/09/2025 17:47:01,13.043496666666666,80.06336333333333,06336333333333,2025-09-04T23:19:31.932074
TN 87 0478,7418,0.0,21.44,310.51,03/09/2025 17:46:51,13.043446666666666,80.06325166666667,06325166666667,2025-09-04T23:19:31.932212
TN 87 0478,7418,0.0,21.44,309.91,03/09/2025 17:46:42,13.043395,80.06313666666667,06313666666667,2025-09-04T23:19:31.932350
TN 87 0478,7418,0.0,21.44,307.91,03/09/2025 17:46:34,13.043395,80.06313666666667,06313666666667,2025-09-04T23:19:31.932502
TN 87 0478,7418,0.0,21.44,307.89,03/09/2025 17:46:21,13.043393333333333,80.06313333333334,06313333333334,2025-09-04T23:19:31.932697
TN 87 0478,7418,21.0,21.5,307.46,03/09/2025 17:46:11,13.043286666666667,80.062925,062925,2025-09-04T23:19:31.932862
TN 87 0478,7418,19.0,21.53,307.29,03/09/2025 17:46:02,13.043066666666666,80.06244833333334,06244833333334,2025-09-04T23:19:31.933034
TN 87 0478,7418,0.0,21.53,307.14,03/09/2025 17:45:52,13.042975,80.06222166666667,06222166666667,2025-09-04T23:19:31.933242
TN 87 0478,7418,0.0,21.53,306.86,03/09/2025 17:45:43,13.042963333333333,80.06220166666667,06220166666667,2025-09-04T23:19:31.933804
TN 87 0478,7418,17.0,21.6,306.75,03/09/2025 17:45:34,13.042856666666667,80.061985,061985,2025-09-04T23:19:31.934020
TN 87 0478,7418,12.0,21.61,306.73,03/09/2025 17:45:22,13.04256,80.06144,06144,2025-09-04T23:19:31.934234
TN 87 0478,7418,0.0,21.61,306.62,03/09/2025 17:45:12,13.042516666666666,80.06134666666667,06134666666667,2025-09-04T23:19:31.934617
TN 87 0478,7418,20.0,21.7,306.61,03/09/2025 17:45:02,13.0424,80.06113333333333,06113333333333,2025-09-04T23:19:31.934827
TN 87 0478,7418,45.0,21.83,306.62,03/09/2025 17:44:53,13.041971666666667,80.06034333333334,06034333333334,2025-09-04T23:19:31.935037
TN 87 0478,7418,41.0,21.91,305.27,03/09/2025 17:44:42,13.041466666666667,80.05925833333333,05925833333333,2025-09-04T23:19:31.935225
TN 87 0478,7418,34.0,22.01,305.19,03/09/2025 17:44:35,13.041211666666667,80.05862666666667,05862666666667,2025-09-04T23:19:31.935401
TN 87 0478,7418,24.0,22.09,305.15,03/09/2025 17:44:22,13.04086,80.05772166666667,05772166666667,2025-09-04T23:19:31.935567
TN 87 0478,7418,35.0,22.17,305.06,03/09/2025 17:44:12,13.040598333333334,80.05704166666666,05704166666666,2025-09-04T23:19:31.935737
TN 87 0478,7418,25.0,22.23,304.54,03/09/2025 17:44:03,13.040326666666667,80.05634666666667,05634666666667,2025-09-04T23:19:31.935905
TN 87 0478,7418,15.0,22.28,304.41,03/09/2025 17:43:52,13.04014,80.05584833333333,05584833333333,2025-09-04T23:19:31.936071
TN 87 0478,7418,13.0,22.31,303.93,03/09/2025 17:43:42,13.039966666666666,80.05545,05545,2025-09-04T23:19:31.936247
TN 87 0478,7418,16.0,22.34,303.93,03/09/2025 17:43:36,13.039873333333333,80.05522833333333,05522833333333,2025-09-04T23:19:31.936438
TN 87 0478,7418,0.0,22.34,303.86,03/09/2025 17:43:22,13.039763333333333,80.054965,054965,2025-09-04T23:19:31.936593
TN 87 0478,7418,18.0,22.43,303.79,03/09/2025 17:43:13,13.039706666666667,80.05485833333333,05485833333333,2025-09-04T23:19:31.936782
TN 87 0478,7418,41.0,22.57,303.72,03/09/2025 17:43:02,13.03934,80.054035,054035,2025-09-04T23:19:31.936981
TN 87 0478,7418,56.0,22.72,303.73,03/09/2025 17:42:52,13.03888,80.05291833333334,05291833333334,2025-09-04T23:19:31.937156
TN 87 0478,7418,58.0,22.83,310.0,03/09/2025 17:42:42,13.038371666666666,80.05156666666667,05156666666667,2025-09-04T23:19:31.937322
TN 87 0478,7418,54.0,22.99,311.21,03/09/2025 17:42:35,13.038031666666667,80.05059666666666,05059666666666,2025-09-04T23:19:31.937505
TN 87 0478,7418,42.0,23.11,312.48,03/09/2025 17:42:23,13.037575,80.04919666666666,04919666666666,2025-09-04T23:19:31.937694
TN 87 0478,7418,32.0,23.18,316.0,03/09/2025 17:42:12,13.03731,80.04820333333333,04820333333333,2025-09-04T23:19:31.937888
TN 87 0478,7418,23.0,23.27,316.0,03/09/2025 17:42:02,13.037141666666667,80.04751,04751,2025-09-04T23:19:31.938083
TN 87 0478,7418,45.0,23.4,316.03,03/09/2025 17:41:52,13.036966666666666,80.04677,04677,2025-09-04T23:19:31.938281
TN 87 0478,7418,45.0,23.49,316.1,03/09/2025 17:41:42,13.036636666666666,80.0456,0456,2025-09-04T23:19:31.938458
TN 87 0478,7418,44.0,23.63,316.11,03/09/2025 17:41:35,13.03641,80.04482,04482,2025-09-04T23:19:31.938624
TN 87 0478,7418,34.0,23.73,316.12,03/09/2025 17:41:22,13.03601,80.04357166666667,04357166666667,2025-09-04T23:19:31.938798
TN 87 0478,7418,38.0,23.85,316.15,03/09/2025 17:41:12,13.035665,80.04265833333334,04265833333334,2025-09-04T23:19:31.939000
TN 87 0478,7418,44.0,23.98,316.36,03/09/2025 17:41:02,13.035246666666668,80.04170333333333,04170333333333,2025-09-04T23:19:31.939200
TN 87 0478,7418,55.0,24.12,316.41,03/09/2025 17:40:53,13.034693333333333,80.04066666666667,04066666666667,2025-09-04T23:19:31.939383
TN 87 0478,7418,52.0,24.23,316.45,03/09/2025 17:40:43,13.033996666666667,80.03951,03951,2025-09-04T23:19:31.939570
TN 87 0478,7418,42.0,24.36,316.88,03/09/2025 17:40:35,13.033481666666667,80.03868,03868,2025-09-04T23:19:31.939745
TN 87 0478,7418,32.0,24.43,316.89,03/09/2025 17:40:23,13.032893333333334,80.03766166666666,03766166666666,2025-09-04T23:19:31.939916
TN 87 0478,7418,19.0,24.47,316.9,03/09/2025 17:40:13,13.032585,80.03709833333333,03709833333333,2025-09-04T23:19:31.940095
TN 87 0478,7418,0.0,24.47,312.44,03/09/2025 17:40:03,13.032396666666667,80.03672666666667,03672666666667,2025-09-04T23:19:31.940305
TN 87 0478,7418,0.0,24.47,311.33,03/09/2025 17:39:53,13.032396666666667,80.03672666666667,03672666666667,2025-09-04T23:19:31.940483
TN 87 0478,7418,0.0,24.47,306.12,03/09/2025 17:39:43,13.032396666666667,80.03672666666667,03672666666667,2025-09-04T23:19:31.940665
TN 87 0478,7418,0.0,24.47,306.12,03/09/2025 17:39:34,13.032396666666667,80.03672666666667,03672666666667,2025-09-04T23:19:31.940837
TN 87 0478,7418,34.0,24.57,305.8,03/09/2025 17:39:03,13.031855,80.03582,03582,2025-09-04T23:19:31.941011
TN 87 0478,7418,33.0,24.67,305.79,03/09/2025 17:38:53,13.031403333333333,80.03506166666666,03506166666666,2025-09-04T23:19:31.941184
TN 87 0478,7418,47.0,24.76,305.79,03/09/2025 17:38:43,13.030926666666666,80.034255,034255,2025-09-04T23:19:31.941351
TN 87 0478,7418,55.0,24.96,305.8,03/09/2025 17:38:37,13.03051,80.03355,03355,2025-09-04T23:19:31.941518
TN 87 0478,7418,42.0,25.06,309.71,03/09/2025 17:38:23,13.029591666666667,80.03200333333334,03200333333334,2025-09-04T23:19:31.941685
TN 87 0478,7418,34.0,25.15,311.43,03/09/2025 17:38:13,13.029088333333334,80.03117,03117,2025-09-04T23:19:31.941852
TN 87 0478,7418,28.0,25.22,315.83,03/09/2025 17:38:03,13.028663333333334,80.03048666666666,03048666666666,2025-09-04T23:19:31.942019
TN 87 0478,7418,25.0,25.29,316.69,03/09/2025 17:37:53,13.02833,80.02989666666667,02989666666667,2025-09-04T23:19:31.942250
TN 87 0478,7418,26.0,25.34,316.75,03/09/2025 17:37:43,13.028013333333334,80.02936333333334,02936333333334,2025-09-04T23:19:31.942454
TN 87 0478,7418,36.0,25.5,316.79,03/09/2025 17:37:37,13.027768333333333,80.02896666666666,02896666666666,2025-09-04T23:19:31.942669
TN 87 0478,7418,46.0,25.65,317.31,03/09/2025 17:37:24,13.027,80.02770666666666,02770666666666,2025-09-04T23:19:31.942862
TN 87 0478,7418,46.0,25.77,317.38,03/09/2025 17:37:13,13.026293333333333,80.02658,02658,2025-09-04T23:19:31.943091
TN 87 0478,7418,40.0,25.88,317.43,03/09/2025 17:37:03,13.025715,80.02564166666667,02564166666667,2025-09-04T23:19:31.943301
TN 87 0478,7418,36.0,25.96,317.65,03/09/2025 17:36:53,13.025168333333333,80.02477166666667,02477166666667,2025-09-04T23:19:31.943508
TN 87 0478,7418,30.0,26.03,317.67,03/09/2025 17:36:44,13.02477,80.024115,024115,2025-09-04T23:19:31.943684
TN 87 0478,7418,26.0,26.1,317.74,03/09/2025 17:36:36,13.024445,80.02361166666667,02361166666667,2025-09-04T23:19:31.943844
TN 87 0478,7418,17.0,26.14,317.75,03/09/2025 17:36:24,13.024093333333333,80.02304,02304,2025-09-04T23:19:31.943985
TN 87 0478,7418,14.0,26.19,317.87,03/09/2025 17:36:14,13.023891666666668,80.02271333333333,02271333333333,2025-09-04T23:19:31.944150
TN 87 0478,7418,16.0,26.24,317.91,03/09/2025 17:36:04,13.023698333333334,80.02235333333333,02235333333333,2025-09-04T23:19:31.944309
TN 87 0478,7418,16.0,26.28,317.94,03/09/2025 17:35:54,13.023496666666666,80.021965,021965,2025-09-04T23:19:31.944474
TN 87 0478,7418,11.0,26.28,317.97,03/09/2025 17:35:44,13.023288333333333,80.02165,02165,2025-09-04T23:19:31.944611
TN 87 0478,7418,0.0,26.28,317.96,03/09/2025 17:35:37,13.023275,80.02162333333334,02162333333334,2025-09-04T23:19:31.944757
TN 87 0478,7418,0.0,26.28,317.95,03/09/2025 17:35:24,13.023275,80.02162333333334,02162333333334,2025-09-04T23:19:31.944919
TN 87 0478,7418,0.0,26.28,315.58,03/09/2025 17:35:14,13.023275,80.02162333333334,02162333333334,2025-09-04T23:19:31.945067
TN 87 0478,7418,0.0,26.28,315.05,03/09/2025 17:35:04,13.023275,80.02162333333334,02162333333334,2025-09-04T23:19:31.945226
TN 87 0478,7418,0.0,26.28,314.11,03/09/2025 17:34:54,13.023275,80.02162333333334,02162333333334,2025-09-04T23:19:31.945391
TN 87 0478,7418,9.0,26.3,313.75,03/09/2025 17:34:45,13.023275,80.02157666666666,02157666666666,2025-09-04T23:19:31.945555
TN 87 0478,7418,12.0,26.37,313.7,03/09/2025 17:34:37,13.023193333333333,80.02138333333333,02138333333333,2025-09-04T23:19:31.945686
TN 87 0478,7418,29.0,26.44,313.65,03/09/2025 17:34:24,13.02296,80.02079833333333,02079833333333,2025-09-04T23:19:31.945832
TN 87 0478,7418,23.0,26.52,313.55,03/09/2025 17:34:14,13.022788333333333,80.02014333333334,02014333333334,2025-09-04T23:19:31.946003
TN 87 0478,7418,34.0,26.63,313.46,03/09/2025 17:34:04,13.022673333333334,80.019465,019465,2025-09-04T23:19:31.946195
TN 87 0478,7418,52.0,26.78,313.42,03/09/2025 17:33:55,13.022586666666667,80.01844333333334,01844333333334,2025-09-04T23:19:31.946381
TN 87 0478,7418,48.0,26.87,313.26,03/09/2025 17:33:44,13.022355,80.017045,017045,2025-09-04T23:19:31.946561
TN 87 0478,7418,47.0,27.04,313.26,03/09/2025 17:33:37,13.022003333333334,80.01627333333333,01627333333333,2025-09-04T23:19:31.946726
TN 87 0478,7418,44.0,27.15,313.26,03/09/2025 17:33:24,13.021198333333333,80.01502166666667,01502166666667,2025-09-04T23:19:31.947156
TN 87 0478,7418,51.0,27.3,313.27,03/09/2025 17:33:15,13.020586666666667,80.01412666666667,01412666666667,2025-09-04T23:19:31.947454
TN 87 0478,7418,50.0,27.43,312.31,03/09/2025 17:33:05,13.019861666666667,80.01304333333333,01304333333333,2025-09-04T23:19:31.947666
TN 87 0478,7418,46.0,27.55,311.34,03/09/2025 17:32:55,13.01918,80.01201333333333,01201333333333,2025-09-04T23:19:31.947883
TN 87 0478,7418,41.0,27.62,310.98,03/09/2025 17:32:45,13.018603333333333,80.01107833333333,01107833333333,2025-09-04T23:19:31.948099
TN 87 0478,7418,37.0,27.79,311.17,03/09/2025 17:32:39,13.018311666666667,80.01055833333334,01055833333334,2025-09-04T23:19:31.948332
TN 87 0478,7418,56.0,27.94,311.21,03/09/2025 17:32:25,13.017575,80.00911333333333,00911333333333,2025-09-04T23:19:31.948521
TN 87 0478,7418,58.0,28.12,311.31,03/09/2025 17:32:16,13.017005,80.00784166666666,00784166666666,2025-09-04T23:19:31.948717
TN 87 0478,7418,51.0,28.24,312.13,03/09/2025 17:32:05,13.016396666666667,80.00639166666667,00639166666667,2025-09-04T23:19:31.948941
TN 87 0478,7418,39.0,28.34,311.62,03/09/2025 17:31:55,13.01594,80.00531333333333,00531333333333,2025-09-04T23:19:31.949145
TN 87 0478,7418,28.0,28.63,311.62,03/09/2025 17:31:45,13.01556,80.004505,004505,2025-09-04T23:19:31.949325
TN 87 0478,7418,62.0,28.8,311.26,03/09/2025 17:31:15,13.014125,80.002275,002275,2025-09-04T23:19:31.949499
TN 87 0478,7418,58.0,28.95,308.02,03/09/2025 17:31:05,13.01322,80.001035,001035,2025-09-04T23:19:31.949680
TN 87 0478,7418,53.0,29.11,307.95,03/09/2025 17:30:55,13.012426666666666,79.99986,99986,2025-09-04T23:19:31.949852
TN 87 0478,7418,65.0,29.24,307.92,03/09/2025 17:30:45,13.011453333333334,79.99885833333333,99885833333333,2025-09-04T23:19:31.950032
TN 87 0478,7418,67.0,29.48,307.92,03/09/2025 17:30:38,13.010511666666666,79.99813333333333,99813333333333,2025-09-04T23:19:31.950240
TN 87 0478,7418,66.0,29.65,307.95,03/09/2025 17:30:25,13.00875,79.996845,996845,2025-09-04T23:19:31.950414
TN 87 0478,7418,60.0,29.81,307.97,03/09/2025 17:30:15,13.00741,79.99594833333333,99594833333333,2025-09-04T23:19:31.950720
TN 87 0478,7418,52.0,29.93,311.76,03/09/2025 17:30:05,13.006203333333334,79.99513833333333,99513833333333,2025-09-04T23:19:31.950883
TN 87 0478,7418,40.0,30.03,311.9,03/09/2025 17:29:56,13.00531,79.99455333333333,99455333333333,2025-09-04T23:19:31.951050
TN 87 0478,7418,29.0,30.08,311.83,03/09/2025 17:29:46,13.004563333333333,79.99402166666667,99402166666667,2025-09-04T23:19:31.951216
TN 87 0478,7418,13.0,30.11,311.35,03/09/2025 17:29:38,13.004201666666667,79.99374666666667,99374666666667,2025-09-04T23:19:31.951393
TN 87 0478,7418,6.0,30.13,311.34,03/09/2025 17:29:26,13.003988333333334,79.99359,99359,2025-09-04T23:19:31.951564
TN 87 0478,7418,6.0,30.17,311.32,03/09/2025 17:29:16,13.00386,79.99351166666666,99351166666666,2025-09-04T23:19:31.951750
TN 87 0478,7418,25.0,30.27,313.0,03/09/2025 17:29:06,13.003513333333334,79.99328833333334,99328833333334,2025-09-04T23:19:31.951922
TN 87 0478,7418,44.0,30.41,313.4,03/09/2025 17:28:56,13.002795,79.99282166666667,99282166666667,2025-09-04T23:19:31.952096
TN 87 0478,7418,55.0,30.51,315.37,03/09/2025 17:28:46,13.001761666666667,79.99209666666667,99209666666667,2025-09-04T23:19:31.952256
TN 87 0478,7418,46.0,30.65,315.87,03/09/2025 17:28:39,13.001026666666666,79.99158,99158,2025-09-04T23:19:31.952418
TN 87 0478,7418,31.0,30.72,315.89,03/09/2025 17:28:26,12.999955,79.99084333333333,99084333333333,2025-09-04T23:19:31.952591
TN 87 0478,7418,18.0,30.74,315.89,03/09/2025 17:28:16,12.999436666666666,79.99051666666666,99051666666666,2025-09-04T23:19:31.952770
TN 87 0478,7418,0.0,30.74,315.86,03/09/2025 17:28:07,12.999203333333334,79.99047833333333,99047833333333,2025-09-04T23:19:31.952966
TN 87 0478,7418,8.0,30.76,315.72,03/09/2025 17:27:56,12.999185,79.99056333333333,99056333333333,2025-09-04T23:19:31.953160
TN 87 0478,7418,0.0,30.76,315.7,03/09/2025 17:27:46,12.999298333333334,79.99065666666667,99065666666667,2025-09-04T23:19:31.953390
TN 87 0478,7418,0.0,30.76,315.68,03/09/2025 17:27:40,12.999375,79.99069166666666,99069166666666,2025-09-04T23:19:31.953564
TN 87 0478,7418,0.0,30.76,315.66,03/09/2025 17:27:26,12.999501666666667,79.99077333333334,99077333333334,2025-09-04T23:19:31.953745
TN 87 0478,7418,0.0,30.76,315.61,03/09/2025 17:27:17,12.999576666666666,79.99081666666666,99081666666666,2025-09-04T23:19:31.953924
TN 87 0478,7418,0.0,30.76,315.6,03/09/2025 17:27:06,12.999658333333333,79.99085833333334,99085833333334,2025-09-04T23:19:31.954131
TN 87 0478,7418,0.0,30.76,315.61,03/09/2025 17:26:57,12.999778333333333,79.990935,990935,2025-09-04T23:19:31.954310
TN 87 0478,7418,18.0,30.81,315.86,03/09/2025 17:26:47,12.999966666666667,79.99104333333334,99104333333334,2025-09-04T23:19:31.954508
TN 87 0478,7418,37.0,30.99,315.91,03/09/2025 17:26:41,13.00031,79.99126833333334,99126833333334,2025-09-04T23:19:31.954714
TN 87 0478,7418,45.0,31.11,316.04,03/09/2025 17:26:27,13.001671666666667,79.992215,992215,2025-09-04T23:19:31.954898
TN 87 0478,7418,39.0,31.21,316.43,03/09/2025 17:26:17,13.002546666666667,79.99283166666666,99283166666666,2025-09-04T23:19:31.955097
TN 87 0478,7418,34.0,31.29,316.45,03/09/2025 17:26:07,13.00331,79.99335666666667,99335666666667,2025-09-04T23:19:31.955477
TN 87 0478,7418,23.0,31.35,316.49,03/09/2025 17:25:57,13.003913333333333,79.99378,99378,2025-09-04T23:19:31.955791
TN 87 0478,7418,19.0,31.39,316.69,03/09/2025 17:25:47,13.004308333333332,79.99412833333334,99412833333334,2025-09-04T23:19:31.956052
TN 87 0478,7418,21.0,31.46,316.73,03/09/2025 17:25:40,13.004601666666666,79.99432333333333,99432333333333,2025-09-04T23:19:31.956321
TN 87 0478,7418,18.0,31.51,316.74,03/09/2025 17:25:28,13.005141666666667,79.99468333333333,99468333333333,2025-09-04T23:19:31.956571
TN 87 0478,7418,16.0,31.54,316.96,03/09/2025 17:25:17,13.005551666666667,79.99495833333333,99495833333333,2025-09-04T23:19:31.956783
TN 87 0478,7418,0.0,31.54,317.0,03/09/2025 17:25:07,13.005761666666666,79.9951,9951,2025-09-04T23:19:31.956971
TN 87 0478,7418,0.0,31.54,317.05,03/09/2025 17:24:57,13.005765,79.99510333333333,99510333333333,2025-09-04T23:19:31.957151
TN 87 0478,7418,0.0,31.54,317.11,03/09/2025 17:24:47,13.005763333333332,79.99510166666667,99510166666667,2025-09-04T23:19:31.957342
TN 87 0478,7418,11.0,31.59,317.12,03/09/2025 17:24:40,13.005861666666666,79.99516333333334,99516333333334,2025-09-04T23:19:31.957506
TN 87 0478,7418,11.0,31.61,317.12,03/09/2025 17:24:27,13.006203333333334,79.99538166666666,99538166666666,2025-09-04T23:19:31.957689
TN 87 0478,7418,12.0,31.64,317.14,03/09/2025 17:24:17,13.00641,79.99551166666667,99551166666667,2025-09-04T23:19:31.957864
TN 87 0478,7418,10.0,31.67,317.21,03/09/2025 17:24:08,13.006643333333333,79.99565833333334,99565833333334,2025-09-04T23:19:31.958066
TN 87 0478,7418,8.0,31.69,317.23,03/09/2025 17:23:58,13.00685,79.99578666666666,99578666666666,2025-09-04T23:19:31.958275
TN 87 0478,7418,11.0,31.71,317.26,03/09/2025 17:23:49,13.006991666666666,79.99588333333334,99588333333334,2025-09-04T23:19:31.958467
TN 87 0478,7418,8.0,31.75,317.13,03/09/2025 17:23:41,13.007181666666666,79.99600666666667,99600666666667,2025-09-04T23:19:31.958634
TN 87 0478,7418,12.0,31.76,317.08,03/09/2025 17:23:28,13.007425,79.99616666666667,99616666666667,2025-09-04T23:19:31.958798
TN 87 0478,7418,0.0,31.76,316.88,03/09/2025 17:23:18,13.007513333333334,79.99621833333333,99621833333333,2025-09-04T23:19:31.958992
TN 87 0478,7418,0.0,31.76,316.63,03/09/2025 17:23:08,13.007513333333334,79.99621833333333,99621833333333,2025-09-04T23:19:31.959181
TN 87 0478,7418,0.0,31.76,316.62,03/09/2025 17:22:59,13.007513333333334,79.99621833333333,99621833333333,2025-09-04T23:19:31.959359
TN 87 0478,7418,17.0,31.79,316.61,03/09/2025 17:22:48,13.007761666666667,79.99637333333334,99637333333334,2025-09-04T23:19:31.959524
TN 87 0478,7418,22.0,31.92,316.77,03/09/2025 17:22:41,13.008013333333333,79.99654833333334,99654833333334,2025-09-04T23:19:31.959688
TN 87 0478,7418,35.0,32.01,316.77,03/09/2025 17:22:28,13.008938333333333,79.99719666666667,99719666666667,2025-09-04T23:19:31.959863
TN 87 0478,7418,35.0,32.12,316.8,03/09/2025 17:22:18,13.009653333333333,79.99771333333334,99771333333334,2025-09-04T23:19:31.960043
TN 87 0478,7418,45.0,32.24,316.87,03/09/2025 17:22:09,13.010401666666667,79.99827333333333,99827333333333,2025-09-04T23:19:31.960216
TN 87 0478,7418,39.0,32.34,317.16,03/09/2025 17:21:58,13.011331666666667,79.99899833333333,99899833333333,2025-09-04T23:19:31.960389
TN 87 0478,7418,33.0,32.39,317.18,03/09/2025 17:21:48,13.011956666666666,79.999665,999665,2025-09-04T23:19:31.960690
TN 87 0478,7418,23.0,32.46,317.19,03/09/2025 17:21:42,13.01222,80.00002666666667,00002666666667,2025-09-04T23:19:31.960890
TN 87 0478,7418,12.0,32.49,317.26,03/09/2025 17:21:28,13.012121666666667,80.00059,00059,2025-09-04T23:19:31.961162
TN 87 0478,7418,13.0,32.53,317.28,03/09/2025 17:21:19,13.011853333333333,80.00078833333333,00078833333333,2025-09-04T23:19:31.961383
TN 87 0478,7418,14.0,32.57,317.38,03/09/2025 17:21:09,13.01158,80.00094166666666,00094166666666,2025-09-04T23:19:31.961591
TN 87 0478,7418,18.0,32.63,317.39,03/09/2025 17:20:59,13.011261666666666,80.00118,00118,2025-09-04T23:19:31.961803
TN 87 0478,7418,13.0,32.66,317.42,03/09/2025 17:20:49,13.010963333333333,80.00167,00167,2025-09-04T23:19:31.962006
TN 87 0478,7418,11.0,32.69,317.47,03/09/2025 17:20:42,13.010853333333333,80.001895,001895,2025-09-04T23:19:31.962205
TN 87 0478,7418,0.0,32.69,317.56,03/09/2025 17:20:29,13.010726666666667,80.00216666666667,00216666666667,2025-09-04T23:19:31.962400
TN 87 0478,7418,0.0,32.69,317.58,03/09/2025 17:20:19,13.010626666666667,80.00232833333334,00232833333334,2025-09-04T23:19:31.962592
TN 87 0478,7418,0.0,32.69,317.59,03/09/2025 17:20:09,13.01056,80.00247166666666,00247166666666,2025-09-04T23:19:31.962851
TN 87 0478,7418,0.0,32.69,317.7,03/09/2025 17:19:59,13.010506666666666,80.00252166666667,00252166666667,2025-09-04T23:19:31.963039
TN 87 0478,7418,0.0,32.69,317.75,03/09/2025 17:19:49,13.010408333333332,80.00262333333333,00262333333333,2025-09-04T23:19:31.963238
TN 87 0478,7418,0.0,32.69,317.94,03/09/2025 17:19:42,13.010316666666666,80.00271666666667,00271666666667,2025-09-04T23:19:31.963425
TN 87 0478,7418,0.0,32.69,325.84,03/09/2025 17:19:26,13.010293333333333,80.00274833333333,00274833333333,2025-09-04T23:19:31.963557
TN 87 0478,7418,0.0,32.69,327.57,03/09/2025 17:17:50,13.0097,80.0033,0033,2025-09-04T23:19:31.963741
TN 87 0478,7418,0.0,32.69,327.59,03/09/2025 17:17:43,13.0097,80.0033,0033,2025-09-04T23:19:31.963993
TN 87 0478,7418,0.0,32.69,325.96,03/09/2025 17:17:30,13.0097,80.0033,0033,2025-09-04T23:19:31.964139
TN 87 0478,7418,0.0,32.69,325.59,03/09/2025 17:17:20,13.0097,80.0033,0033,2025-09-04T23:19:31.964297
TN 87 0478,7418,0.0,32.69,324.59,03/09/2025 17:17:10,13.0097,80.0033,0033,2025-09-04T23:19:31.964466
TN 87 0478,7418,0.0,32.69,323.78,03/09/2025 17:17:03,13.0097,80.0033,0033,2025-09-04T23:19:31.964656
TN 87 0478,7418,0.0,32.69,323.99,03/09/2025 17:15:50,13.009335,80.00289333333333,00289333333333,2025-09-04T23:19:31.964825
TN 87 0478,7418,0.0,32.69,324.01,03/09/2025 17:15:44,13.009335,80.002855,002855,2025-09-04T23:19:31.964997
TN 87 0478,7418,0.0,32.69,324.33,03/09/2025 17:15:31,13.009325,80.00272333333334,00272333333334,2025-09-04T23:19:31.965159
TN 87 0478,7418,0.0,32.69,324.4,03/09/2025 17:15:21,13.009298333333334,80.00258333333333,00258333333333,2025-09-04T23:19:31.965347
TN 87 0478,7418,0.0,32.69,324.56,03/09/2025 17:15:11,13.009245,80.00255666666666,00255666666666,2025-09-04T23:19:31.965517
TN 87 0478,7418,0.0,32.69,324.39,03/09/2025 17:15:01,13.009221666666667,80.00261833333333,00261833333333,2025-09-04T23:19:31.965688
TN 87 0478,7418,0.0,32.69,324.33,03/09/2025 17:14:51,13.00911,80.00264,00264,2025-09-04T23:19:31.965851
TN 87 0478,7418,0.0,32.69,323.93,03/09/2025 17:14:44,13.00911,80.00264,00264,2025-09-04T23:19:31.966024
TN 87 0478,7418,0.0,32.69,323.58,03/09/2025 17:14:32,13.00911,80.00264,00264,2025-09-04T23:19:31.966202
TN 87 0478,7418,0.0,32.69,321.62,03/09/2025 17:14:21,13.00911,80.00264,00264,2025-09-04T23:19:31.966361
TN 87 0478,7418,0.0,32.69,321.64,03/09/2025 17:14:11,13.009076666666667,80.00264666666666,00264666666666,2025-09-04T23:19:31.966532
TN 87 0478,7418,0.0,32.69,324.63,03/09/2025 17:14:01,13.009026666666667,80.00262833333333,00262833333333,2025-09-04T23:19:31.966687
TN 87 0478,7418,0.0,32.69,325.03,03/09/2025 17:13:51,13.008983333333333,80.002635,002635,2025-09-04T23:19:31.966849
TN 87 0478,7418,0.0,32.69,326.02,03/09/2025 17:13:44,13.008975,80.00263166666667,00263166666667,2025-09-04T23:19:31.967015
TN 87 0478,7418,0.0,32.69,326.01,03/09/2025 17:13:31,13.008938333333333,80.00266666666667,00266666666667,2025-09-04T23:19:31.967177
TN 87 0478,7418,0.0,32.69,324.42,03/09/2025 17:13:21,13.008853333333333,80.00268166666666,00268166666666,2025-09-04T23:19:31.967337
TN 87 0478,7418,7.0,32.72,323.48,03/09/2025 17:13:11,13.008695,80.00268666666666,00268666666666,2025-09-04T23:19:31.967499
TN 87 0478,7418,9.0,32.74,323.05,03/09/2025 17:13:01,13.008485,80.00270333333333,00270333333333,2025-09-04T23:19:31.967678
TN 87 0478,7418,0.0,32.74,323.96,03/09/2025 17:12:52,13.008275,80.00269833333333,00269833333333,2025-09-04T23:19:31.967882
TN 87 0478,7418,0.0,32.74,324.38,03/09/2025 17:12:44,13.008225,80.00268833333334,00268833333334,2025-09-04T23:19:31.968061
TN 87 0478,7418,0.0,32.74,324.57,03/09/2025 17:12:32,13.008225,80.00268833333334,00268833333334,2025-09-04T23:19:31.968219
TN 87 0478,7418,0.0,32.74,323.69,03/09/2025 17:12:22,13.008225,80.00268833333334,00268833333334,2025-09-04T23:19:31.968365
TN 87 0478,7418,0.0,32.74,323.48,03/09/2025 17:12:12,13.008225,80.00268833333334,00268833333334,2025-09-04T23:19:31.968525
TN 87 0478,7418,0.0,32.74,322.75,03/09/2025 17:12:02,13.008225,80.00268833333334,00268833333334,2025-09-04T23:19:31.968700
TN 87 0478,7418,0.0,32.74,326.72,03/09/2025 17:11:52,13.008228333333333,80.00268833333334,00268833333334,2025-09-04T23:19:31.968858
TN 87 0478,7418,0.0,32.74,327.8,03/09/2025 17:11:45,13.008146666666667,80.00268666666666,00268666666666,2025-09-04T23:19:31.969035
TN 87 0478,7418,0.0,32.74,327.8,03/09/2025 17:11:36,13.008105,80.00266666666667,00266666666667,2025-09-04T23:19:31.969212
TN 87 0478,7418,0.0,32.74,329.09,03/09/2025 17:11:02,13.008035,80.00270166666667,00270166666667,2025-09-04T23:19:31.969348
TN 87 0478,7418,0.0,32.74,329.5,03/09/2025 17:10:52,13.008035,80.00270166666667,00270166666667,2025-09-04T23:19:31.969515
TN 87 0478,7418,0.0,32.74,329.5,03/09/2025 17:10:46,13.008033333333334,80.00270666666667,00270666666667,2025-09-04T23:19:31.969680
TN 87 0478,7418,8.0,32.76,329.52,03/09/2025 17:10:32,13.007853333333333,80.00268,00268,2025-09-04T23:19:31.969847
TN 87 0478,7418,0.0,32.76,329.53,03/09/2025 17:10:23,13.00768,80.002625,002625,2025-09-04T23:19:31.970000
TN 87 0478,7418,0.0,32.76,329.58,03/09/2025 17:10:12,13.007626666666667,80.00252666666667,00252666666667,2025-09-04T23:19:31.970177
TN 87 0478,7418,0.0,32.76,329.59,03/09/2025 17:10:02,13.007613333333333,80.002555,002555,2025-09-04T23:19:31.970368
TN 87 0478,7418,0.0,32.76,329.69,03/09/2025 17:09:52,13.007528333333333,80.00267333333333,00267333333333,2025-09-04T23:19:31.970542
TN 87 0478,7418,0.0,32.76,329.69,03/09/2025 17:09:45,13.007528333333333,80.00267333333333,00267333333333,2025-09-04T23:19:31.970700
TN 87 0478,7418,0.0,32.76,329.69,03/09/2025 17:09:33,13.007528333333333,80.00267333333333,00267333333333,2025-09-04T23:19:31.970861
TN 87 0478,7418,0.0,32.76,329.72,03/09/2025 17:09:23,13.007528333333333,80.00267333333333,00267333333333,2025-09-04T23:19:31.971029
TN 87 0478,7418,0.0,32.76,329.87,03/09/2025 17:09:13,13.007528333333333,80.00267333333333,00267333333333,2025-09-04T23:19:31.971192
TN 87 0478,7418,0.0,32.76,329.91,03/09/2025 17:09:03,13.007528333333333,80.00267333333333,00267333333333,2025-09-04T23:19:31.971346
TN 87 0478,7418,0.0,32.76,329.94,03/09/2025 17:08:53,13.007528333333333,80.00267333333333,00267333333333,2025-09-04T23:19:31.971509
TN 87 0478,7418,0.0,32.76,330.02,03/09/2025 17:08:46,13.007528333333333,80.00267333333333,00267333333333,2025-09-04T23:19:31.971658
TN 87 0478,7418,0.0,32.76,330.0,03/09/2025 17:08:33,13.00752,80.00269666666667,00269666666667,2025-09-04T23:19:31.971828
TN 87 0478,7418,0.0,32.76,329.96,03/09/2025 17:08:23,13.00749,80.00273166666666,00273166666666,2025-09-04T23:19:31.972016
TN 87 0478,7418,0.0,32.76,330.03,03/09/2025 17:08:13,13.00749,80.00273166666666,00273166666666,2025-09-04T23:19:31.972201
TN 87 0478,7418,0.0,32.76,330.03,03/09/2025 17:08:03,13.00749,80.00273166666666,00273166666666,2025-09-04T23:19:31.972386
TN 87 0478,7418,0.0,32.76,330.05,03/09/2025 17:07:53,13.00749,80.00273166666666,00273166666666,2025-09-04T23:19:31.972575
TN 87 0478,7418,0.0,32.76,330.03,03/09/2025 17:07:46,13.00749,80.00273166666666,00273166666666,2025-09-04T23:19:31.972795
TN 87 0478,7418,0.0,32.76,330.03,03/09/2025 17:07:33,13.00749,80.00273166666666,00273166666666,2025-09-04T23:19:31.972993
TN 87 0478,7418,0.0,32.76,330.03,03/09/2025 17:07:23,13.00749,80.00273166666666,00273166666666,2025-09-04T23:19:31.973221
TN 87 0478,7418,0.0,32.76,330.03,03/09/2025 17:07:13,13.00749,80.00273166666666,00273166666666,2025-09-04T23:19:31.973489
TN 87 0478,7418,0.0,32.76,330.02,03/09/2025 17:07:04,13.00749,80.00273166666666,00273166666666,2025-09-04T23:19:31.973671
TN 87 0478,7418,0.0,32.76,330.02,03/09/2025 17:06:53,13.00749,80.00273166666666,00273166666666,2025-09-04T23:19:31.973946
TN 87 0478,7418,0.0,32.76,330.01,03/09/2025 17:06:46,13.00749,80.00273166666666,00273166666666,2025-09-04T23:19:31.974172
TN 87 0478,7418,0.0,32.76,330.01,03/09/2025 17:06:34,13.00749,80.00273166666666,00273166666666,2025-09-04T23:19:31.974384
TN 87 0478,7418,0.0,32.76,330.04,03/09/2025 17:06:24,13.00749,80.00273166666666,00273166666666,2025-09-04T23:19:31.974586
TN 87 0478,7418,0.0,32.76,330.04,03/09/2025 17:06:14,13.00749,80.00273166666666,00273166666666,2025-09-04T23:19:31.974766
TN 87 0478,7418,0.0,32.76,330.01,03/09/2025 17:06:04,13.00749,80.00273166666666,00273166666666,2025-09-04T23:19:31.974965
TN 87 0478,7418,0.0,32.76,330.01,03/09/2025 17:05:54,13.00749,80.00273166666666,00273166666666,2025-09-04T23:19:31.975125
TN 87 0478,7418,0.0,32.76,330.01,03/09/2025 17:05:47,13.00749,80.00273166666666,00273166666666,2025-09-04T23:19:31.975276
TN 87 0478,7418,0.0,32.76,330.02,03/09/2025 17:05:34,13.00749,80.00273166666666,00273166666666,2025-09-04T23:19:31.975417
TN 87 0478,7418,0.0,32.76,330.02,03/09/2025 17:05:24,13.00749,80.00273166666666,00273166666666,2025-09-04T23:19:31.975550
TN 87 0478,7418,0.0,32.76,329.9,03/09/2025 17:05:14,13.007451666666666,80.00274333333333,00274333333333,2025-09-04T23:19:31.975690
TN 87 0478,7418,0.0,32.76,329.85,03/09/2025 17:05:04,13.007451666666666,80.00274333333333,00274333333333,2025-09-04T23:19:31.975842
TN 87 0478,7418,0.0,32.76,329.81,03/09/2025 17:04:54,13.007451666666666,80.00274333333333,00274333333333,2025-09-04T23:19:31.976006
TN 87 0478,7418,0.0,32.76,329.75,03/09/2025 17:04:48,13.007451666666666,80.00274333333333,00274333333333,2025-09-04T23:19:31.976181
TN 87 0478,7418,0.0,32.76,329.75,03/09/2025 17:04:34,13.007451666666666,80.00274333333333,00274333333333,2025-09-04T23:19:31.976372
TN 87 0478,7418,0.0,32.76,329.75,03/09/2025 17:04:25,13.007451666666666,80.00274333333333,00274333333333,2025-09-04T23:19:31.976544
TN 87 0478,7418,0.0,32.76,329.84,03/09/2025 17:04:14,13.007451666666666,80.00274333333333,00274333333333,2025-09-04T23:19:31.976715
TN 87 0478,7418,0.0,32.76,329.86,03/09/2025 17:04:04,13.007451666666666,80.00274333333333,00274333333333,2025-09-04T23:19:31.976878
TN 87 0478,7418,0.0,32.76,329.89,03/09/2025 17:03:54,13.007451666666666,80.00274333333333,00274333333333,2025-09-04T23:19:31.977036
TN 87 0478,7418,0.0,32.76,329.81,03/09/2025 17:03:47,13.007451666666666,80.00274333333333,00274333333333,2025-09-04T23:19:31.977202
TN 87 0478,7418,0.0,32.76,329.81,03/09/2025 17:03:35,13.007451666666666,80.00274333333333,00274333333333,2025-09-04T23:19:31.977409
TN 87 0478,7418,0.0,32.76,329.82,03/09/2025 17:03:25,13.007451666666666,80.00274333333333,00274333333333,2025-09-04T23:19:31.977592
TN 87 0478,7418,0.0,32.76,329.79,03/09/2025 17:03:15,13.007451666666666,80.00274333333333,00274333333333,2025-09-04T23:19:31.977760
TN 87 0478,7418,0.0,32.76,329.79,03/09/2025 17:03:05,13.007451666666666,80.00274333333333,00274333333333,2025-09-04T23:19:31.977930
TN 87 0478,7418,0.0,32.76,329.79,03/09/2025 17:02:55,13.007451666666666,80.00274333333333,00274333333333,2025-09-04T23:19:31.978111
TN 87 0478,7418,0.0,32.76,329.81,03/09/2025 17:02:48,13.007451666666666,80.00274333333333,00274333333333,2025-09-04T23:19:31.978278
TN 87 0478,7418,0.0,32.76,329.8,03/09/2025 17:02:35,13.007451666666666,80.00274333333333,00274333333333,2025-09-04T23:19:31.978435
TN 87 0478,7418,0.0,32.76,329.78,03/09/2025 17:02:25,13.007451666666666,80.00274333333333,00274333333333,2025-09-04T23:19:31.978581
TN 87 0478,7418,0.0,32.76,329.79,03/09/2025 17:02:15,13.007428333333333,80.0027,0027,2025-09-04T23:19:31.978731
TN 87 0478,7418,0.0,32.76,329.79,03/09/2025 17:02:05,13.007428333333333,80.0027,0027,2025-09-04T23:19:31.978905
TN 87 0478,7418,0.0,32.76,329.79,03/09/2025 17:01:56,13.007428333333333,80.0027,0027,2025-09-04T23:19:31.979046
TN 87 0478,7418,0.0,32.76,329.8,03/09/2025 17:01:48,13.007428333333333,80.0027,0027,2025-09-04T23:19:31.979188
TN 87 0478,7418,0.0,32.76,329.8,03/09/2025 17:01:35,13.007428333333333,80.0027,0027,2025-09-04T23:19:31.979334
TN 87 0478,7418,0.0,32.76,329.8,03/09/2025 17:01:25,13.007428333333333,80.0027,0027,2025-09-04T23:19:31.979498
TN 87 0478,7418,0.0,32.76,329.8,03/09/2025 17:01:15,13.007428333333333,80.0027,0027,2025-09-04T23:19:31.979674
TN 87 0478,7418,0.0,32.76,329.82,03/09/2025 17:01:06,13.007428333333333,80.0027,0027,2025-09-04T23:19:31.979870
TN 87 0478,7418,0.0,32.76,329.81,03/09/2025 17:00:55,13.007428333333333,80.0027,0027,2025-09-04T23:19:31.980039
TN 87 0478,7418,0.0,32.76,329.81,03/09/2025 17:00:48,13.007518333333334,80.002615,002615,2025-09-04T23:19:31.980227
TN 87 0478,7418,0.0,32.76,329.81,03/09/2025 17:00:35,13.007518333333334,80.002615,002615,2025-09-04T23:19:31.980403
TN 87 0478,7418,0.0,32.76,329.81,03/09/2025 17:00:26,13.007518333333334,80.002615,002615,2025-09-04T23:19:31.980572
TN 87 0478,7418,0.0,32.76,329.8,03/09/2025 17:00:16,13.007518333333334,80.002615,002615,2025-09-04T23:19:31.980737
TN 87 0478,7418,0.0,32.76,329.81,03/09/2025 17:00:06,13.007518333333334,80.002615,002615,2025-09-04T23:19:31.980909
TN 87 0478,7418,0.0,32.76,329.81,03/09/2025 16:59:56,13.007518333333334,80.002615,002615,2025-09-04T23:19:31.981070
TN 87 0478,7418,0.0,32.76,329.81,03/09/2025 16:59:50,13.007518333333334,80.002615,002615,2025-09-04T23:19:31.981229
TN 87 0478,7418,0.0,32.76,329.81,03/09/2025 16:59:36,13.007518333333334,80.002615,002615,2025-09-04T23:19:31.981391
TN 87 0478,7418,0.0,32.76,329.81,03/09/2025 16:59:26,13.007518333333334,80.002615,002615,2025-09-04T23:19:31.981554
TN 87 0478,7418,0.0,32.76,329.81,03/09/2025 16:59:16,13.007518333333334,80.002615,002615,2025-09-04T23:19:31.981742
TN 87 0478,7418,0.0,32.76,329.7,03/09/2025 16:59:06,13.007518333333334,80.002615,002615,2025-09-04T23:19:31.981997
TN 87 0478,7418,0.0,32.76,329.65,03/09/2025 16:58:56,13.007518333333334,80.002615,002615,2025-09-04T23:19:31.982204
TN 87 0478,7418,0.0,32.76,329.62,03/09/2025 16:58:49,13.007518333333334,80.002615,002615,2025-09-04T23:19:31.982530
TN 87 0478,7418,0.0,32.76,329.62,03/09/2025 16:58:37,13.007518333333334,80.002615,002615,2025-09-04T23:19:31.982787
TN 87 0478,7418,0.0,32.76,329.59,03/09/2025 16:58:26,13.007518333333334,80.002615,002615,2025-09-04T23:19:31.982993
TN 87 0478,7418,0.0,32.76,329.6,03/09/2025 16:58:16,13.007518333333334,80.002615,002615,2025-09-04T23:19:31.983174
TN 87 0478,7418,0.0,32.76,329.69,03/09/2025 16:58:06,13.007518333333334,80.002615,002615,2025-09-04T23:19:31.983365
TN 87 0478,7418,0.0,32.76,329.72,03/09/2025 16:57:56,13.007518333333334,80.002615,002615,2025-09-04T23:19:31.983572
TN 87 0478,7418,0.0,32.76,329.77,03/09/2025 16:57:49,13.007518333333334,80.002615,002615,2025-09-04T23:19:31.983754
TN 87 0478,7418,0.0,32.76,329.74,03/09/2025 16:57:36,13.007518333333334,80.002615,002615,2025-09-04T23:19:31.983926
TN 87 0478,7418,0.0,32.76,329.73,03/09/2025 16:57:26,13.007518333333334,80.002615,002615,2025-09-04T23:19:31.984101
TN 87 0478,7418,0.0,32.76,329.75,03/09/2025 16:57:17,13.007518333333334,80.002615,002615,2025-09-04T23:19:31.984257
TN 87 0478,7418,0.0,32.76,329.76,03/09/2025 16:57:07,13.007518333333334,80.002615,002615,2025-09-04T23:19:31.984426
TN 87 0478,7418,0.0,32.76,329.66,03/09/2025 16:56:57,13.007518333333334,80.002615,002615,2025-09-04T23:19:31.984574
TN 87 0478,7418,0.0,32.76,329.61,03/09/2025 16:56:50,13.007518333333334,80.002615,002615,2025-09-04T23:19:31.984736
TN 87 0478,7418,0.0,32.76,329.59,03/09/2025 16:56:37,13.007518333333334,80.002615,002615,2025-09-04T23:19:31.984882
TN 87 0478,7418,0.0,32.76,329.62,03/09/2025 16:56:27,13.007518333333334,80.002615,002615,2025-09-04T23:19:31.985034
TN 87 0478,7418,0.0,32.76,329.63,03/09/2025 16:56:17,13.007518333333334,80.002615,002615,2025-09-04T23:19:31.985180
TN 87 0478,7418,0.0,32.76,329.66,03/09/2025 16:56:07,13.007518333333334,80.002615,002615,2025-09-04T23:19:31.985400
TN 87 0478,7418,0.0,32.76,329.68,03/09/2025 16:55:57,13.007518333333334,80.002615,002615,2025-09-04T23:19:31.985554
TN 87 0478,7418,0.0,32.76,329.68,03/09/2025 16:55:50,13.007518333333334,80.002615,002615,2025-09-04T23:19:31.985718
TN 87 0478,7418,0.0,32.76,329.68,03/09/2025 16:55:37,13.007518333333334,80.002615,002615,2025-09-04T23:19:31.985874
TN 87 0478,7418,0.0,32.76,329.67,03/09/2025 16:55:27,13.007518333333334,80.002615,002615,2025-09-04T23:19:31.986038
TN 87 0478,7418,0.0,32.76,329.65,03/09/2025 16:55:17,13.007518333333334,80.002615,002615,2025-09-04T23:19:31.986171
TN 87 0478,7418,0.0,32.76,329.65,03/09/2025 16:55:07,13.007518333333334,80.002615,002615,2025-09-04T23:19:31.986340
TN 87 0478,7418,0.0,32.76,329.69,03/09/2025 16:54:57,13.007518333333334,80.002615,002615,2025-09-04T23:19:31.986468
TN 87 0478,7418,0.0,32.76,329.74,03/09/2025 16:54:50,13.007518333333334,80.002615,002615,2025-09-04T23:19:31.986614
TN 87 0478,7418,0.0,32.76,329.41,03/09/2025 16:54:37,13.007518333333334,80.002615,002615,2025-09-04T23:19:31.986773
TN 87 0478,7418,0.0,32.76,329.36,03/09/2025 16:54:28,13.007518333333334,80.002615,002615,2025-09-04T23:19:31.986922
TN 87 0478,7418,0.0,32.76,329.34,03/09/2025 16:54:19,13.007518333333334,80.002615,002615,2025-09-04T23:19:31.987209
TN 87 0478,7418,0.0,32.76,329.4,03/09/2025 16:54:08,13.007518333333334,80.002615,002615,2025-09-04T23:19:31.987452
TN 87 0478,7418,0.0,32.76,329.4,03/09/2025 16:53:58,13.007518333333334,80.002615,002615,2025-09-04T23:19:31.987737
TN 87 0478,7418,0.0,32.76,329.4,03/09/2025 16:53:52,13.007518333333334,80.002615,002615,2025-09-04T23:19:31.987977
TN 87 0478,7418,0.0,32.76,329.55,03/09/2025 16:53:38,13.007518333333334,80.002615,002615,2025-09-04T23:19:31.988187
TN 87 0478,7418,0.0,32.76,329.56,03/09/2025 16:53:29,13.007518333333334,80.002615,002615,2025-09-04T23:19:31.988389
TN 87 0478,7418,0.0,32.76,329.58,03/09/2025 16:53:18,13.007518333333334,80.002615,002615,2025-09-04T23:19:31.988553
TN 87 0478,7418,0.0,32.76,329.57,03/09/2025 16:53:08,13.007518333333334,80.002615,002615,2025-09-04T23:19:31.988728
TN 87 0478,7418,0.0,32.76,329.58,03/09/2025 16:52:58,13.007518333333334,80.002615,002615,2025-09-04T23:19:31.989028
TN 87 0478,7418,0.0,32.76,329.64,03/09/2025 16:52:51,13.007518333333334,80.002615,002615,2025-09-04T23:19:31.989261
TN 87 0478,7418,0.0,32.76,329.61,03/09/2025 16:52:39,13.007518333333334,80.002615,002615,2025-09-04T23:19:31.989437
TN 87 0478,7418,0.0,32.76,329.59,03/09/2025 16:52:28,13.007518333333334,80.002615,002615,2025-09-04T23:19:31.989605
TN 87 0478,7418,0.0,32.76,329.58,03/09/2025 16:52:18,13.007518333333334,80.002615,002615,2025-09-04T23:19:31.989759
TN 87 0478,7418,0.0,32.76,329.59,03/09/2025 16:52:08,13.007518333333334,80.002615,002615,2025-09-04T23:19:31.989936
TN 87 0478,7418,0.0,32.76,329.64,03/09/2025 16:51:58,13.007518333333334,80.002615,002615,2025-09-04T23:19:31.990102
TN 87 0478,7418,0.0,32.76,329.7,03/09/2025 16:51:51,13.007518333333334,80.002615,002615,2025-09-04T23:19:31.990282
TN 87 0478,7418,0.0,32.76,329.71,03/09/2025 16:51:38,13.007518333333334,80.002615,002615,2025-09-04T23:19:31.990443
TN 87 0478,7418,0.0,32.76,329.71,03/09/2025 16:51:29,13.007518333333334,80.002615,002615,2025-09-04T23:19:31.990627
TN 87 0478,7418,0.0,32.76,329.71,03/09/2025 16:51:19,13.007518333333334,80.002615,002615,2025-09-04T23:19:31.990896
TN 87 0478,7418,0.0,32.76,329.7,03/09/2025 16:51:09,13.007518333333334,80.002615,002615,2025-09-04T23:19:31.991052
TN 87 0478,7418,0.0,32.76,329.7,03/09/2025 16:50:59,13.007518333333334,80.002615,002615,2025-09-04T23:19:31.991209
TN 87 0478,7418,0.0,32.76,329.71,03/09/2025 16:50:52,13.007518333333334,80.002615,002615,2025-09-04T23:19:31.991397
TN 87 0478,7418,0.0,32.76,329.71,03/09/2025 16:50:39,13.007518333333334,80.002615,002615,2025-09-04T23:19:31.991559
TN 87 0478,7418,0.0,32.76,329.7,03/09/2025 16:50:29,13.007518333333334,80.002615,002615,2025-09-04T23:19:31.991713
TN 87 0478,7418,0.0,32.76,329.7,03/09/2025 16:50:19,13.007518333333334,80.002615,002615,2025-09-04T23:19:31.991871
TN 87 0478,7418,0.0,32.76,329.71,03/09/2025 16:50:10,13.007518333333334,80.002615,002615,2025-09-04T23:19:31.992049
TN 87 0478,7418,0.0,32.76,329.72,03/09/2025 16:49:59,13.007518333333334,80.002615,002615,2025-09-04T23:19:31.992199
TN 87 0478,7418,0.0,32.76,329.72,03/09/2025 16:49:52,13.007518333333334,80.002615,002615,2025-09-04T23:19:31.992352
TN 87 0478,7418,0.0,32.76,329.73,03/09/2025 16:49:39,13.007518333333334,80.002615,002615,2025-09-04T23:19:31.992520
TN 87 0478,7418,0.0,32.76,329.72,03/09/2025 16:49:29,13.007518333333334,80.002615,002615,2025-09-04T23:19:31.992684
TN 87 0478,7418,0.0,32.76,329.72,03/09/2025 16:49:20,13.007518333333334,80.002615,002615,2025-09-04T23:19:31.992866
TN 87 0478,7418,0.0,32.76,329.69,03/09/2025 16:49:09,13.007518333333334,80.002615,002615,2025-09-04T23:19:31.993031
TN 87 0478,7418,0.0,32.76,329.45,03/09/2025 16:48:59,13.007518333333334,80.002615,002615,2025-09-04T23:19:31.993205
TN 87 0478,7418,0.0,32.76,329.46,03/09/2025 16:48:53,13.007518333333334,80.002615,002615,2025-09-04T23:19:31.993407
TN 87 0478,7418,0.0,32.76,329.56,03/09/2025 16:48:39,13.007518333333334,80.002615,002615,2025-09-04T23:19:31.993626
TN 87 0478,7418,0.0,32.76,329.56,03/09/2025 16:48:30,13.007518333333334,80.002615,002615,2025-09-04T23:19:31.993797
TN 87 0478,7418,0.0,32.76,329.5,03/09/2025 16:48:20,13.007518333333334,80.002615,002615,2025-09-04T23:19:31.993962
TN 87 0478,7418,0.0,32.76,329.48,03/09/2025 16:48:10,13.007518333333334,80.002615,002615,2025-09-04T23:19:31.994160
TN 87 0478,7418,0.0,32.76,329.72,03/09/2025 16:48:00,13.007518333333334,80.002615,002615,2025-09-04T23:19:31.994333
TN 87 0478,7418,0.0,32.76,329.76,03/09/2025 16:47:53,13.007518333333334,80.002615,002615,2025-09-04T23:19:31.994506
TN 87 0478,7418,0.0,32.76,329.75,03/09/2025 16:47:40,13.007518333333334,80.002615,002615,2025-09-04T23:19:31.994659
TN 87 0478,7418,0.0,32.76,329.73,03/09/2025 16:47:30,13.007518333333334,80.002615,002615,2025-09-04T23:19:31.994821
TN 87 0478,7418,0.0,32.76,329.72,03/09/2025 16:47:20,13.007518333333334,80.002615,002615,2025-09-04T23:19:31.994984
TN 87 0478,7418,0.0,32.76,329.74,03/09/2025 16:47:10,13.007518333333334,80.002615,002615,2025-09-04T23:19:31.995183
TN 87 0478,7418,0.0,32.76,329.77,03/09/2025 16:47:00,13.007518333333334,80.002615,002615,2025-09-04T23:19:31.995375
TN 87 0478,7418,0.0,32.76,329.5,03/09/2025 16:46:53,13.007518333333334,80.002615,002615,2025-09-04T23:19:31.995571
TN 87 0478,7418,0.0,32.76,329.46,03/09/2025 16:46:35,13.007603333333334,80.00281166666667,00281166666667,2025-09-04T23:19:31.995773
TN 87 0478,7418,0.0,32.76,329.36,03/09/2025 16:46:25,13.007603333333334,80.00281166666667,00281166666667,2025-09-04T23:19:31.995966
TN 87 0478,7418,0.0,32.76,329.36,03/09/2025 16:46:15,13.007603333333334,80.00281166666667,00281166666667,2025-09-04T23:19:31.996174
TN 87 0478,7418,0.0,32.76,329.4,03/09/2025 16:46:05,13.007603333333334,80.00281166666667,00281166666667,2025-09-04T23:19:31.996354
TN 87 0478,7418,0.0,32.76,329.64,03/09/2025 16:45:56,13.007603333333334,80.00281166666667,00281166666667,2025-09-04T23:19:31.996541
TN 87 0478,7418,0.0,32.76,329.64,03/09/2025 16:45:46,13.007603333333334,80.00281166666667,00281166666667,2025-09-04T23:19:31.996724
TN 87 0478,7418,0.0,32.76,329.65,03/09/2025 16:45:36,13.007603333333334,80.00281166666667,00281166666667,2025-09-04T23:19:31.996886
TN 87 0478,7418,0.0,32.76,329.59,03/09/2025 16:45:26,13.007603333333334,80.00281166666667,00281166666667,2025-09-04T23:19:31.997056
TN 87 0478,7418,0.0,32.76,329.59,03/09/2025 16:45:16,13.007603333333334,80.00281166666667,00281166666667,2025-09-04T23:19:31.997234
TN 87 0478,7418,0.0,32.76,329.61,03/09/2025 16:45:06,13.007603333333334,80.00281166666667,00281166666667,2025-09-04T23:19:31.997411
TN 87 0478,7418,0.0,32.76,329.56,03/09/2025 16:44:58,13.007603333333334,80.00281166666667,00281166666667,2025-09-04T23:19:31.997587
TN 87 0478,7418,0.0,32.76,329.56,03/09/2025 16:44:49,13.007603333333334,80.00281166666667,00281166666667,2025-09-04T23:19:31.997785
TN 87 0478,7418,0.0,32.76,329.58,03/09/2025 16:42:56,13.007603333333334,80.00281166666667,00281166666667,2025-09-04T23:19:31.997969
TN 87 0478,7418,0.0,32.76,329.59,03/09/2025 16:42:42,13.007603333333334,80.00281166666667,00281166666667,2025-09-04T23:19:31.998157
TN 87 0478,7418,0.0,32.76,329.67,03/09/2025 16:42:32,13.007603333333334,80.00281166666667,00281166666667,2025-09-04T23:19:31.998331
TN 87 0478,7418,0.0,32.76,312.32,03/09/2025 16:29:14,13.010391666666667,80.00564333333334,00564333333334,2025-09-04T23:19:31.998501
TN 87 0478,7418,9.0,32.91,312.32,03/09/2025 16:28:41,13.01066,80.005295,005295,2025-09-04T23:19:31.998689
TN 87 0478,7418,7.0,33.0,311.09,03/09/2025 16:28:11,13.010626666666667,80.00464333333333,00464333333333,2025-09-04T23:19:31.998860
TN 87 0478,7418,0.0,33.0,309.23,03/09/2025 16:27:40,13.010653333333334,80.00408,00408,2025-09-04T23:19:31.999027
TN 87 0478,7418,0.0,33.0,305.45,03/09/2025 16:26:55,13.010123333333333,80.00405833333333,00405833333333,2025-09-04T23:19:31.999232
TN 87 0478,7418,0.0,33.0,305.45,03/09/2025 16:26:44,13.01009,80.00411333333334,00411333333334,2025-09-04T23:19:31.999411
TN 87 0478,7418,0.0,33.0,305.45,03/09/2025 16:24:48,13.009956666666668,80.004165,004165,2025-09-04T23:19:31.999587
TN 87 0478,7418,0.0,33.0,305.5,03/09/2025 16:21:46,13.009956666666668,80.004165,004165,2025-09-04T23:19:31.999760
TN 87 0478,7418,0.0,33.0,305.5,03/09/2025 16:21:15,13.009956666666668,80.004165,004165,2025-09-04T23:19:31.999929
TN 87 0478,7418,0.0,33.0,305.5,03/09/2025 16:21:03,13.009956666666668,80.004165,004165,2025-09-04T23:19:32.000098
TN 87 0478,7418,0.0,33.0,305.5,03/09/2025 16:20:52,13.009956666666668,80.004165,004165,2025-09-04T23:19:32.000271
TN 87 0478,7418,0.0,33.0,305.5,03/09/2025 16:19:01,13.009956666666668,80.004165,004165,2025-09-04T23:19:32.000570
TN 87 0478,7418,0.0,33.0,305.51,03/09/2025 16:17:01,13.009956666666668,80.004165,004165,2025-09-04T23:19:32.000813
TN 87 0478,7418,0.0,33.0,305.51,03/09/2025 16:16:51,13.009956666666668,80.004165,004165,2025-09-04T23:19:32.001050
TN 87 0478,7418,0.0,33.0,305.51,03/09/2025 16:16:41,13.009956666666668,80.004165,004165,2025-09-04T23:19:32.001264
TN 87 0478,7418,0.0,33.0,305.5,03/09/2025 16:16:34,13.009956666666668,80.004165,004165,2025-09-04T23:19:32.001478
TN 87 0478,7418,0.0,33.0,305.5,03/09/2025 16:16:16,13.009956666666668,80.004165,004165,2025-09-04T23:19:32.001694
TN 87 0478,7418,0.0,33.0,305.49,03/09/2025 16:16:06,13.009956666666668,80.004165,004165,2025-09-04T23:19:32.001908
TN 87 0478,7418,0.0,33.0,305.49,03/09/2025 16:15:58,13.009956666666668,80.004165,004165,2025-09-04T23:19:32.002090
TN 87 0478,7418,0.0,33.0,305.49,03/09/2025 16:15:22,13.009956666666668,80.004165,004165,2025-09-04T23:19:32.002249
TN 87 0478,7418,0.0,33.0,305.49,03/09/2025 16:15:12,13.009956666666668,80.004165,004165,2025-09-04T23:19:32.002411
TN 87 0478,7418,0.0,33.0,305.46,03/09/2025 16:15:02,13.009956666666668,80.004165,004165,2025-09-04T23:19:32.002619
TN 87 0478,7418,0.0,33.0,305.46,03/09/2025 16:14:40,13.009956666666668,80.004165,004165,2025-09-04T23:19:32.002820
TN 87 0478,7418,0.0,33.0,305.43,03/09/2025 16:09:39,13.009956666666668,80.004165,004165,2025-09-04T23:19:32.003007
TN 87 0478,7418,0.0,33.0,305.44,03/09/2025 16:09:31,13.009956666666668,80.004165,004165,2025-09-04T23:19:32.003212
TN 87 0478,7418,0.0,33.0,305.44,03/09/2025 16:09:19,13.009956666666668,80.004165,004165,2025-09-04T23:19:32.003424
TN 87 0478,7418,0.0,33.0,305.44,03/09/2025 16:09:09,13.009956666666668,80.004165,004165,2025-09-04T23:19:32.003614
TN 87 0478,7418,0.0,33.0,305.42,03/09/2025 16:08:59,13.009956666666668,80.004165,004165,2025-09-04T23:19:32.003786
TN 87 0478,7418,0.0,33.0,305.42,03/09/2025 16:08:49,13.009956666666668,80.004165,004165,2025-09-04T23:19:32.003952
TN 87 0478,7418,0.0,33.0,305.41,03/09/2025 16:08:39,13.009956666666668,80.004165,004165,2025-09-04T23:19:32.004129
TN 87 0478,7418,0.0,33.0,305.4,03/09/2025 16:08:32,13.009956666666668,80.004165,004165,2025-09-04T23:19:32.004288
TN 87 0478,7418,0.0,33.0,305.4,03/09/2025 16:08:19,13.009956666666668,80.004165,004165,2025-09-04T23:19:32.004505
TN 87 0478,7418,0.0,33.0,305.39,03/09/2025 16:08:09,13.009956666666668,80.004165,004165,2025-09-04T23:19:32.004709
TN 87 0478,7418,0.0,33.0,305.4,03/09/2025 16:07:59,13.009956666666668,80.004165,004165,2025-09-04T23:19:32.004934
TN 87 0478,7418,0.0,33.0,305.39,03/09/2025 16:07:49,13.009956666666668,80.004165,004165,2025-09-04T23:19:32.005124
TN 87 0478,7418,0.0,33.0,305.36,03/09/2025 16:07:39,13.009956666666668,80.004165,004165,2025-09-04T23:19:32.005299
TN 87 0478,7418,0.0,33.0,305.34,03/09/2025 16:07:33,13.009956666666668,80.004165,004165,2025-09-04T23:19:32.005496
TN 87 0478,7418,0.0,33.0,305.32,03/09/2025 16:07:19,13.009956666666668,80.004165,004165,2025-09-04T23:19:32.005676
TN 87 0478,7418,0.0,33.0,305.33,03/09/2025 16:07:10,13.009956666666668,80.004165,004165,2025-09-04T23:19:32.005854
TN 87 0478,7418,0.0,33.0,305.34,03/09/2025 16:06:59,13.009956666666668,80.004165,004165,2025-09-04T23:19:32.006026
TN 87 0478,7418,0.0,33.0,305.27,03/09/2025 16:06:49,13.009956666666668,80.004165,004165,2025-09-04T23:19:32.006193
TN 87 0478,7418,0.0,33.0,305.27,03/09/2025 16:06:39,13.009956666666668,80.004165,004165,2025-09-04T23:19:32.006343
TN 87 0478,7418,0.0,33.0,305.27,03/09/2025 16:06:34,13.009956666666668,80.004165,004165,2025-09-04T23:19:32.006537
TN 87 0478,7418,0.0,33.0,305.26,03/09/2025 16:06:20,13.009956666666668,80.004165,004165,2025-09-04T23:19:32.006707
TN 87 0478,7418,0.0,33.0,305.25,03/09/2025 16:06:10,13.009956666666668,80.004165,004165,2025-09-04T23:19:32.006876
TN 87 0478,7418,0.0,33.0,305.25,03/09/2025 16:06:00,13.009956666666668,80.004165,004165,2025-09-04T23:19:32.007036
TN 87 0478,7418,0.0,33.0,305.23,03/09/2025 16:05:50,13.009956666666668,80.004165,004165,2025-09-04T23:19:32.007200
TN 87 0478,7418,0.0,33.0,305.23,03/09/2025 16:05:40,13.009956666666668,80.004165,004165,2025-09-04T23:19:32.007362
TN 87 0478,7418,0.0,33.0,305.22,03/09/2025 16:05:33,13.009956666666668,80.004165,004165,2025-09-04T23:19:32.007524
TN 87 0478,7418,0.0,33.0,305.17,03/09/2025 16:05:20,13.009956666666668,80.004165,004165,2025-09-04T23:19:32.007717
TN 87 0478,7418,0.0,33.0,305.2,03/09/2025 16:05:10,13.009956666666668,80.004165,004165,2025-09-04T23:19:32.007902
TN 87 0478,7418,0.0,33.0,305.21,03/09/2025 16:05:00,13.009956666666668,80.004165,004165,2025-09-04T23:19:32.008095
TN 87 0478,7418,0.0,33.0,305.19,03/09/2025 16:04:50,13.009956666666668,80.004165,004165,2025-09-04T23:19:32.008281
TN 87 0478,7418,0.0,33.0,305.14,03/09/2025 16:04:40,13.009956666666668,80.004165,004165,2025-09-04T23:19:32.008456
TN 87 0478,7418,0.0,33.0,305.14,03/09/2025 16:04:32,13.009956666666668,80.004165,004165,2025-09-04T23:19:32.008634
TN 87 0478,7418,0.0,33.0,305.13,03/09/2025 15:55:41,13.009956666666668,80.004165,004165,2025-09-04T23:19:32.008804
TN 87 0478,7418,0.0,33.0,305.13,03/09/2025 15:52:54,13.009956666666668,80.004165,004165,2025-09-04T23:19:32.008978
TN 87 0478,7418,0.0,33.0,305.13,03/09/2025 15:52:25,13.009956666666668,80.004165,004165,2025-09-04T23:19:32.009153
TN 87 0478,7418,0.0,33.0,305.13,03/09/2025 15:51:48,13.009956666666668,80.004165,004165,2025-09-04T23:19:32.009320
TN 87 0478,7418,0.0,33.0,305.13,03/09/2025 15:51:22,13.009956666666668,80.004165,004165,2025-09-04T23:19:32.009474
TN 87 0478,7418,0.0,33.0,305.13,03/09/2025 15:51:09,13.009956666666668,80.004165,004165,2025-09-04T23:19:32.009640
TN 87 0478,7418,0.0,33.0,305.13,03/09/2025 15:50:40,13.009956666666668,80.004165,004165,2025-09-04T23:19:32.009798
TN 87 0478,7418,0.0,33.0,305.13,03/09/2025 15:49:18,13.009956666666668,80.004165,004165,2025-09-04T23:19:32.009986
TN 87 0478,7418,0.0,33.0,305.13,03/09/2025 15:48:50,13.009956666666668,80.004165,004165,2025-09-04T23:19:32.010176
TN 87 0478,7418,0.0,33.0,305.13,03/09/2025 15:47:51,13.009956666666668,80.004165,004165,2025-09-04T23:19:32.010337
TN 87 0478,7418,0.0,33.0,305.13,03/09/2025 15:46:59,13.009956666666668,80.004165,004165,2025-09-04T23:19:32.010499
TN 87 0478,7418,0.0,33.0,305.13,03/09/2025 15:46:24,13.009956666666668,80.004165,004165,2025-09-04T23:19:32.010676
TN 87 0478,7418,0.0,33.0,305.12,03/09/2025 15:46:16,13.009956666666668,80.004165,004165,2025-09-04T23:19:32.010841
TN 87 0478,7418,0.0,33.0,305.13,03/09/2025 15:46:07,13.009956666666668,80.004165,004165,2025-09-04T23:19:32.011008
TN 87 0478,7418,0.0,33.0,305.13,03/09/2025 15:45:58,13.009956666666668,80.004165,004165,2025-09-04T23:19:32.011172
TN 87 0478,7418,0.0,33.0,305.13,03/09/2025 15:45:50,13.009956666666668,80.004165,004165,2025-09-04T23:19:32.011335
TN 87 0478,7418,0.0,33.0,305.14,03/09/2025 15:19:35,13.009956666666668,80.004165,004165,2025-09-04T23:19:32.011494
TN 87 0478,7418,0.0,33.0,305.14,03/09/2025 15:19:17,13.009956666666668,80.004165,004165,2025-09-04T23:19:32.011663
TN 87 0478,7418,0.0,33.0,305.14,03/09/2025 15:18:48,13.009956666666668,80.004165,004165,2025-09-04T23:19:32.011830
TN 87 0478,7418,0.0,33.0,305.15,03/09/2025 15:18:29,13.009956666666668,80.004165,004165,2025-09-04T23:19:32.011998
TN 87 0478,7418,0.0,33.0,305.15,03/09/2025 15:17:48,13.009956666666668,80.004165,004165,2025-09-04T23:19:32.012161
TN 87 0478,7418,0.0,33.0,305.15,03/09/2025 15:17:29,13.009956666666668,80.004165,004165,2025-09-04T23:19:32.012319
TN 87 0478,7418,0.0,33.0,305.14,03/09/2025 15:13:17,13.009956666666668,80.004165,004165,2025-09-04T23:19:32.012497
TN 87 0478,7418,0.0,33.0,305.14,03/09/2025 15:12:49,13.009956666666668,80.004165,004165,2025-09-04T23:19:32.012720
TN 87 0478,7418,0.0,33.0,305.14,03/09/2025 15:05:53,13.009956666666668,80.004165,004165,2025-09-04T23:19:32.012913
TN 87 0478,7418,0.0,33.0,305.15,03/09/2025 15:05:43,13.009956666666668,80.004165,004165,2025-09-04T23:19:32.013101
TN 87 0478,7418,0.0,33.0,305.14,03/09/2025 14:58:55,13.009956666666668,80.004165,004165,2025-09-04T23:19:32.013268
TN 87 0478,7418,0.0,33.0,305.14,03/09/2025 14:56:02,13.009956666666668,80.004165,004165,2025-09-04T23:19:32.013438
TN 87 0478,7418,0.0,33.0,305.14,03/09/2025 14:54:15,13.009956666666668,80.004165,004165,2025-09-04T23:19:32.013618
TN 87 0478,7418,0.0,33.0,305.14,03/09/2025 14:51:10,13.009956666666668,80.004165,004165,2025-09-04T23:19:32.013830
TN 87 0478,7418,0.0,33.0,305.1,03/09/2025 14:37:39,13.009956666666668,80.004165,004165,2025-09-04T23:19:32.014083
TN 87 0478,7418,0.0,33.0,305.09,03/09/2025 14:34:53,13.009956666666668,80.004165,004165,2025-09-04T23:19:32.014339
TN 87 0478,7418,0.0,33.0,305.12,03/09/2025 14:30:27,13.009956666666668,80.004165,004165,2025-09-04T23:19:32.014578
TN 87 0478,7418,0.0,33.0,305.12,03/09/2025 14:28:38,13.009956666666668,80.004165,004165,2025-09-04T23:19:32.014798
TN 87 0478,7418,0.0,33.0,305.12,03/09/2025 14:27:38,13.009956666666668,80.004165,004165,2025-09-04T23:19:32.015018
TN 87 0478,7418,0.0,33.0,305.11,03/09/2025 14:25:56,13.009956666666668,80.004165,004165,2025-09-04T23:19:32.015196
TN 87 0478,7418,0.0,33.0,305.11,03/09/2025 14:23:18,13.009956666666668,80.004165,004165,2025-09-04T23:19:32.015343
TN 87 0478,7418,0.0,33.0,305.11,03/09/2025 14:22:29,13.009956666666668,80.004165,004165,2025-09-04T23:19:32.015553
TN 87 0478,7418,0.0,33.0,305.11,03/09/2025 14:22:24,13.009956666666668,80.004165,004165,2025-09-04T23:19:32.015784
TN 87 0478,7418,0.0,33.0,305.11,03/09/2025 14:22:12,13.009956666666668,80.004165,004165,2025-09-04T23:19:32.015984
TN 87 0478,7418,0.0,33.0,305.11,03/09/2025 14:19:35,13.009956666666668,80.004165,004165,2025-09-04T23:19:32.016200
TN 87 0478,7418,0.0,33.0,305.11,03/09/2025 14:17:35,13.009956666666668,80.004165,004165,2025-09-04T23:19:32.016418
TN 87 0478,7418,0.0,33.0,305.11,03/09/2025 14:16:01,13.009956666666668,80.004165,004165,2025-09-04T23:19:32.016624
TN 87 0478,7418,0.0,33.0,305.11,03/09/2025 14:15:19,13.009956666666668,80.004165,004165,2025-09-04T23:19:32.016800
TN 87 0478,7418,0.0,33.0,305.1,03/09/2025 14:13:25,13.009956666666668,80.004165,004165,2025-09-04T23:19:32.016961
TN 87 0478,7418,0.0,33.0,304.98,03/09/2025 14:09:23,13.009956666666668,80.004165,004165,2025-09-04T23:19:32.017139
TN 87 0478,7418,0.0,33.0,304.98,03/09/2025 14:05:10,13.009956666666668,80.004165,004165,2025-09-04T23:19:32.017305
TN 87 0478,7418,0.0,33.0,304.98,03/09/2025 14:04:17,13.009956666666668,80.004165,004165,2025-09-04T23:19:32.017470
TN 87 0478,7418,0.0,33.0,304.98,03/09/2025 14:03:50,13.009956666666668,80.004165,004165,2025-09-04T23:19:32.017653
TN 87 0478,7418,0.0,33.0,304.99,03/09/2025 14:01:37,13.009956666666668,80.004165,004165,2025-09-04T23:19:32.017835
TN 87 0478,7418,0.0,33.0,304.99,03/09/2025 14:01:31,13.009956666666668,80.004165,004165,2025-09-04T23:19:32.017989
TN 87 0478,7418,0.0,33.0,304.92,03/09/2025 14:01:19,13.009956666666668,80.004165,004165,2025-09-04T23:19:32.018185
TN 87 0478,7418,0.0,33.0,304.92,03/09/2025 14:01:10,13.009956666666668,80.004165,004165,2025-09-04T23:19:32.018394
TN 87 0478,7418,0.0,33.0,304.94,03/09/2025 14:01:00,13.009956666666668,80.004165,004165,2025-09-04T23:19:32.018577
TN 87 0478,7418,0.0,33.0,304.74,03/09/2025 13:52:17,13.009956666666668,80.004165,004165,2025-09-04T23:19:32.018740
TN 87 0478,7418,0.0,33.0,304.74,03/09/2025 13:52:07,13.009956666666668,80.004165,004165,2025-09-04T23:19:32.018901
TN 87 0478,7418,0.0,33.0,304.71,03/09/2025 13:51:57,13.009956666666668,80.004165,004165,2025-09-04T23:19:32.019080
TN 87 0478,7418,0.0,33.0,304.72,03/09/2025 13:51:48,13.009956666666668,80.004165,004165,2025-09-04T23:19:32.019258
TN 87 0478,7418,0.0,33.0,304.72,03/09/2025 13:50:22,13.009956666666668,80.004165,004165,2025-09-04T23:19:32.019428
TN 87 0478,7418,0.0,33.0,304.67,03/09/2025 13:50:16,13.009956666666668,80.004165,004165,2025-09-04T23:19:32.019595
TN 87 0478,7418,0.0,33.0,304.67,03/09/2025 13:49:57,13.009956666666668,80.004165,004165,2025-09-04T23:19:32.019792
TN 87 0478,7418,0.0,33.0,304.67,03/09/2025 13:48:14,13.009956666666668,80.004165,004165,2025-09-04T23:19:32.019963
TN 87 0478,7418,0.0,33.0,304.67,03/09/2025 13:41:29,13.009956666666668,80.004165,004165,2025-09-04T23:19:32.020125
TN 87 0478,7418,0.0,33.0,304.67,03/09/2025 13:41:20,13.009956666666668,80.004165,004165,2025-09-04T23:19:32.020315
TN 87 0478,7418,0.0,33.0,304.67,03/09/2025 13:41:09,13.009956666666668,80.004165,004165,2025-09-04T23:19:32.020589
TN 87 0478,7418,0.0,33.0,304.67,03/09/2025 13:41:02,13.009956666666668,80.004165,004165,2025-09-04T23:19:32.020788
TN 87 0478,7418,0.0,33.0,304.67,03/09/2025 13:40:49,13.009956666666668,80.004165,004165,2025-09-04T23:19:32.020982
TN 87 0478,7418,0.0,33.0,304.66,03/09/2025 13:40:39,13.009956666666668,80.004165,004165,2025-09-04T23:19:32.021154
TN 87 0478,7418,0.0,33.0,304.66,03/09/2025 13:40:33,13.009956666666668,80.004165,004165,2025-09-04T23:19:32.021350
TN 87 0478,7418,0.0,33.0,304.67,03/09/2025 13:34:40,13.009956666666668,80.004165,004165,2025-09-04T23:19:32.021551
TN 87 0478,7418,0.0,33.0,304.67,03/09/2025 13:34:30,13.009956666666668,80.004165,004165,2025-09-04T23:19:32.021736
TN 87 0478,7418,0.0,33.0,304.66,03/09/2025 13:34:20,13.009956666666668,80.004165,004165,2025-09-04T23:19:32.021922
TN 87 0478,7418,0.0,33.0,304.66,03/09/2025 13:34:10,13.009956666666668,80.004165,004165,2025-09-04T23:19:32.022124
TN 87 0478,7418,0.0,33.0,304.66,03/09/2025 13:34:04,13.009956666666668,80.004165,004165,2025-09-04T23:19:32.022304
TN 87 0478,7418,0.0,33.0,304.66,03/09/2025 13:33:51,13.009956666666668,80.004165,004165,2025-09-04T23:19:32.022496
TN 87 0478,7418,0.0,33.0,304.67,03/09/2025 13:33:41,13.009956666666668,80.004165,004165,2025-09-04T23:19:32.022730
TN 87 0478,7418,0.0,33.0,304.65,03/09/2025 13:33:30,13.009956666666668,80.004165,004165,2025-09-04T23:19:32.022935
TN 87 0478,7418,0.0,33.0,304.65,03/09/2025 13:33:21,13.009956666666668,80.004165,004165,2025-09-04T23:19:32.023141
TN 87 0478,7418,0.0,33.0,304.67,03/09/2025 13:33:11,13.009956666666668,80.004165,004165,2025-09-04T23:19:32.023350
TN 87 0478,7418,0.0,33.0,304.67,03/09/2025 13:33:03,13.009956666666668,80.004165,004165,2025-09-04T23:19:32.023545
TN 87 0478,7418,0.0,33.0,304.67,03/09/2025 13:32:52,13.009956666666668,80.004165,004165,2025-09-04T23:19:32.023732
TN 87 0478,7418,0.0,33.0,304.65,03/09/2025 13:32:41,13.009956666666668,80.004165,004165,2025-09-04T23:19:32.023923
TN 87 0478,7418,0.0,33.0,304.65,03/09/2025 13:32:31,13.009956666666668,80.004165,004165,2025-09-04T23:19:32.024130
TN 87 0478,7418,0.0,33.0,304.66,03/09/2025 13:32:21,13.009956666666668,80.004165,004165,2025-09-04T23:19:32.024330
TN 87 0478,7418,0.0,33.0,304.65,03/09/2025 13:32:11,13.009956666666668,80.004165,004165,2025-09-04T23:19:32.024513
TN 87 0478,7418,0.0,33.0,304.65,03/09/2025 13:32:04,13.009956666666668,80.004165,004165,2025-09-04T23:19:32.024702
TN 87 0478,7418,0.0,33.0,304.65,03/09/2025 13:31:46,13.009956666666668,80.004165,004165,2025-09-04T23:19:32.024887
TN 87 0478,7418,0.0,33.0,304.66,03/09/2025 13:31:40,13.009956666666668,80.004165,004165,2025-09-04T23:19:32.025035
TN 87 0478,7418,0.0,33.0,304.67,03/09/2025 13:30:04,13.009956666666668,80.004165,004165,2025-09-04T23:19:32.025220
TN 87 0478,7418,0.0,33.0,304.67,03/09/2025 13:29:51,13.009956666666668,80.004165,004165,2025-09-04T23:19:32.025418
TN 87 0478,7418,0.0,33.0,304.67,03/09/2025 13:29:45,13.009956666666668,80.004165,004165,2025-09-04T23:19:32.025618
TN 87 0478,7418,0.0,33.0,304.67,03/09/2025 13:29:21,13.009956666666668,80.004165,004165,2025-09-04T23:19:32.025803
TN 87 0478,7418,0.0,33.0,304.67,03/09/2025 13:27:12,13.009956666666668,80.004165,004165,2025-09-04T23:19:32.025989
TN 87 0478,7418,0.0,33.0,304.68,03/09/2025 13:27:05,13.009956666666668,80.004165,004165,2025-09-04T23:19:32.026186
TN 87 0478,7418,0.0,33.0,304.68,03/09/2025 13:26:47,13.009956666666668,80.004165,004165,2025-09-04T23:19:32.026390
TN 87 0478,7418,0.0,33.0,304.67,03/09/2025 13:26:37,13.009956666666668,80.004165,004165,2025-09-04T23:19:32.026583
TN 87 0478,7418,0.0,33.0,304.67,03/09/2025 13:26:27,13.009956666666668,80.004165,004165,2025-09-04T23:19:32.026783
TN 87 0478,7418,0.0,33.0,304.67,03/09/2025 13:26:17,13.009956666666668,80.004165,004165,2025-09-04T23:19:32.026984
TN 87 0478,7418,0.0,33.0,304.67,03/09/2025 13:26:08,13.009956666666668,80.004165,004165,2025-09-04T23:19:32.027252
TN 87 0478,7418,0.0,33.0,304.67,03/09/2025 13:25:57,13.009956666666668,80.004165,004165,2025-09-04T23:19:32.027555
TN 87 0478,7418,0.0,33.0,304.66,03/09/2025 13:25:47,13.009956666666668,80.004165,004165,2025-09-04T23:19:32.027805
TN 87 0478,7418,0.0,33.0,304.66,03/09/2025 13:25:38,13.009956666666668,80.004165,004165,2025-09-04T23:19:32.028069
TN 87 0478,7418,0.0,33.0,304.67,03/09/2025 13:25:05,13.009956666666668,80.004165,004165,2025-09-04T23:19:32.028292
TN 87 0478,7418,0.0,33.0,304.67,03/09/2025 13:24:52,13.009956666666668,80.004165,004165,2025-09-04T23:19:32.028492
TN 87 0478,7418,0.0,33.0,304.67,03/09/2025 13:24:42,13.009956666666668,80.004165,004165,2025-09-04T23:19:32.028692
TN 87 0478,7418,0.0,33.0,304.68,03/09/2025 13:24:32,13.009956666666668,80.004165,004165,2025-09-04T23:19:32.028895
TN 87 0478,7418,0.0,33.0,304.67,03/09/2025 13:24:22,13.009956666666668,80.004165,004165,2025-09-04T23:19:32.029134
TN 87 0478,7418,0.0,33.0,304.66,03/09/2025 13:24:12,13.009956666666668,80.004165,004165,2025-09-04T23:19:32.029344
TN 87 0478,7418,0.0,33.0,304.66,03/09/2025 13:24:05,13.009956666666668,80.004165,004165,2025-09-04T23:19:32.029526
TN 87 0478,7418,0.0,33.0,304.66,03/09/2025 13:23:52,13.009956666666668,80.004165,004165,2025-09-04T23:19:32.029715
TN 87 0478,7418,0.0,33.0,304.66,03/09/2025 13:23:43,13.009956666666668,80.004165,004165,2025-09-04T23:19:32.029905
TN 87 0478,7418,0.0,33.0,304.67,03/09/2025 13:23:33,13.009956666666668,80.004165,004165,2025-09-04T23:19:32.030099
TN 87 0478,7418,0.0,33.0,304.66,03/09/2025 13:23:22,13.009956666666668,80.004165,004165,2025-09-04T23:19:32.030297
TN 87 0478,7418,0.0,33.0,304.67,03/09/2025 13:23:12,13.009956666666668,80.004165,004165,2025-09-04T23:19:32.030509
TN 87 0478,7418,0.0,33.0,304.67,03/09/2025 13:23:06,13.009956666666668,80.004165,004165,2025-09-04T23:19:32.030713
TN 87 0478,7418,0.0,33.0,304.68,03/09/2025 13:22:53,13.009956666666668,80.004165,004165,2025-09-04T23:19:32.030912
TN 87 0478,7418,0.0,33.0,304.66,03/09/2025 13:22:44,13.009956666666668,80.004165,004165,2025-09-04T23:19:32.031084
TN 87 0478,7418,0.0,33.0,304.66,03/09/2025 13:22:33,13.009956666666668,80.004165,004165,2025-09-04T23:19:32.031267
TN 87 0478,7418,0.0,33.0,304.66,03/09/2025 13:22:23,13.009956666666668,80.004165,004165,2025-09-04T23:19:32.031429
TN 87 0478,7418,0.0,33.0,304.66,03/09/2025 13:22:13,13.009956666666668,80.004165,004165,2025-09-04T23:19:32.031631
TN 87 0478,7418,0.0,33.0,304.66,03/09/2025 13:22:06,13.009956666666668,80.004165,004165,2025-09-04T23:19:32.031811
TN 87 0478,7418,0.0,33.0,304.66,03/09/2025 13:21:54,13.009956666666668,80.004165,004165,2025-09-04T23:19:32.031976
TN 87 0478,7418,0.0,33.0,304.67,03/09/2025 13:21:43,13.009956666666668,80.004165,004165,2025-09-04T23:19:32.032170
TN 87 0478,7418,0.0,33.0,304.68,03/09/2025 13:21:33,13.009956666666668,80.004165,004165,2025-09-04T23:19:32.032362
TN 87 0478,7418,0.0,33.0,304.68,03/09/2025 13:21:23,13.009956666666668,80.004165,004165,2025-09-04T23:19:32.032542
TN 87 0478,7418,0.0,33.0,304.68,03/09/2025 13:21:13,13.009956666666668,80.004165,004165,2025-09-04T23:19:32.032741
TN 87 0478,7418,0.0,33.0,304.68,03/09/2025 13:21:06,13.009956666666668,80.004165,004165,2025-09-04T23:19:32.032936
TN 87 0478,7418,0.0,33.0,304.67,03/09/2025 13:20:53,13.009956666666668,80.004165,004165,2025-09-04T23:19:32.033115
TN 87 0478,7418,0.0,33.0,304.67,03/09/2025 13:20:43,13.009956666666668,80.004165,004165,2025-09-04T23:19:32.033315
TN 87 0478,7418,0.0,33.0,304.67,03/09/2025 13:20:33,13.009956666666668,80.004165,004165,2025-09-04T23:19:32.033522
TN 87 0478,7418,0.0,33.0,304.66,03/09/2025 13:20:23,13.009956666666668,80.004165,004165,2025-09-04T23:19:32.033706
TN 87 0478,7418,0.0,33.0,304.66,03/09/2025 13:20:14,13.009956666666668,80.004165,004165,2025-09-04T23:19:32.033892
TN 87 0478,7418,0.0,33.0,304.66,03/09/2025 13:20:06,13.009956666666668,80.004165,004165,2025-09-04T23:19:32.034059
TN 87 0478,7418,0.0,33.0,304.66,03/09/2025 13:19:53,13.009956666666668,80.004165,004165,2025-09-04T23:19:32.034254
TN 87 0478,7418,0.0,33.0,304.67,03/09/2025 13:19:43,13.009956666666668,80.004165,004165,2025-09-04T23:19:32.034456
TN 87 0478,7418,0.0,33.0,304.67,03/09/2025 13:19:33,13.009956666666668,80.004165,004165,2025-09-04T23:19:32.034650
TN 87 0478,7418,0.0,33.0,304.68,03/09/2025 13:19:24,13.009956666666668,80.004165,004165,2025-09-04T23:19:32.034835
TN 87 0478,7418,0.0,33.0,304.67,03/09/2025 13:19:13,13.009956666666668,80.004165,004165,2025-09-04T23:19:32.035023
TN 87 0478,7418,0.0,33.0,304.67,03/09/2025 13:19:06,13.009956666666668,80.004165,004165,2025-09-04T23:19:32.035222
TN 87 0478,7418,0.0,33.0,304.67,03/09/2025 13:18:53,13.009956666666668,80.004165,004165,2025-09-04T23:19:32.035413
TN 87 0478,7418,0.0,33.0,304.66,03/09/2025 13:18:43,13.009956666666668,80.004165,004165,2025-09-04T23:19:32.035621
TN 87 0478,7418,0.0,33.0,304.66,03/09/2025 13:18:34,13.009956666666668,80.004165,004165,2025-09-04T23:19:32.035772
TN 87 0478,7418,0.0,33.0,304.66,03/09/2025 13:18:23,13.009956666666668,80.004165,004165,2025-09-04T23:19:32.035912
TN 87 0478,7418,0.0,33.0,304.66,03/09/2025 13:18:13,13.009956666666668,80.004165,004165,2025-09-04T23:19:32.036088
TN 87 0478,7418,0.0,33.0,304.66,03/09/2025 13:18:07,13.009956666666668,80.004165,004165,2025-09-04T23:19:32.036266
TN 87 0478,7418,0.0,33.0,304.65,03/09/2025 13:17:53,13.009956666666668,80.004165,004165,2025-09-04T23:19:32.036491
TN 87 0478,7418,0.0,33.0,304.65,03/09/2025 13:17:44,13.009956666666668,80.004165,004165,2025-09-04T23:19:32.036711
TN 87 0478,7418,0.0,33.0,304.66,03/09/2025 13:17:34,13.009956666666668,80.004165,004165,2025-09-04T23:19:32.036915
TN 87 0478,7418,0.0,33.0,304.66,03/09/2025 13:17:24,13.009956666666668,80.004165,004165,2025-09-04T23:19:32.037075
TN 87 0478,7418,0.0,33.0,304.66,03/09/2025 13:17:14,13.009956666666668,80.004165,004165,2025-09-04T23:19:32.037264
TN 87 0478,7418,0.0,33.0,304.66,03/09/2025 13:17:06,13.009956666666668,80.004165,004165,2025-09-04T23:19:32.037466
TN 87 0478,7418,0.0,33.0,304.66,03/09/2025 13:16:54,13.009956666666668,80.004165,004165,2025-09-04T23:19:32.037655
TN 87 0478,7418,0.0,33.0,304.66,03/09/2025 13:16:44,13.009956666666668,80.004165,004165,2025-09-04T23:19:32.037834
TN 87 0478,7418,0.0,33.0,304.66,03/09/2025 13:16:34,13.009956666666668,80.004165,004165,2025-09-04T23:19:32.038031
TN 87 0478,7418,0.0,33.0,304.67,03/09/2025 13:16:24,13.009956666666668,80.004165,004165,2025-09-04T23:19:32.038230
TN 87 0478,7418,0.0,33.0,304.66,03/09/2025 13:16:14,13.009956666666668,80.004165,004165,2025-09-04T23:19:32.038440
TN 87 0478,7418,0.0,33.0,304.67,03/09/2025 13:16:07,13.009956666666668,80.004165,004165,2025-09-04T23:19:32.038646
TN 87 0478,7418,0.0,33.0,304.67,03/09/2025 13:15:49,13.009956666666668,80.004165,004165,2025-09-04T23:19:32.038832
TN 87 0478,7418,0.0,33.0,304.66,03/09/2025 13:15:39,13.009956666666668,80.004165,004165,2025-09-04T23:19:32.039009
TN 87 0478,7418,0.0,33.0,304.68,03/09/2025 13:15:29,13.009956666666668,80.004165,004165,2025-09-04T23:19:32.039216
TN 87 0478,7418,0.0,33.0,304.67,03/09/2025 13:15:19,13.009956666666668,80.004165,004165,2025-09-04T23:19:32.039424
TN 87 0478,7418,0.0,33.0,304.67,03/09/2025 13:15:10,13.009956666666668,80.004165,004165,2025-09-04T23:19:32.039622
TN 87 0478,7418,0.0,33.0,304.64,03/09/2025 13:14:55,13.009956666666668,80.004165,004165,2025-09-04T23:19:32.039800
TN 87 0478,7418,0.0,33.0,304.64,03/09/2025 13:14:24,13.009956666666668,80.004165,004165,2025-09-04T23:19:32.039978
TN 87 0478,7418,0.0,33.0,304.64,03/09/2025 13:14:02,13.009956666666668,80.004165,004165,2025-09-04T23:19:32.040171
TN 87 0478,7418,0.0,33.0,304.64,03/09/2025 13:13:32,13.009956666666668,80.004165,004165,2025-09-04T23:19:32.040357
TN 87 0478,7418,0.0,33.0,304.64,03/09/2025 13:10:07,13.009956666666668,80.004165,004165,2025-09-04T23:19:32.040653
TN 87 0478,7418,0.0,33.0,304.64,03/09/2025 13:07:34,13.009956666666668,80.004165,004165,2025-09-04T23:19:32.041457
TN 87 0478,7418,0.0,33.0,304.64,03/09/2025 13:04:56,13.009956666666668,80.004165,004165,2025-09-04T23:19:32.041752
TN 87 0478,7418,0.0,33.0,304.64,03/09/2025 13:02:12,13.009956666666668,80.004165,004165,2025-09-04T23:19:32.041963
TN 87 0478,7418,0.0,33.0,304.64,03/09/2025 12:59:32,13.009956666666668,80.004165,004165,2025-09-04T23:19:32.042167
TN 87 0478,7418,0.0,33.0,304.64,03/09/2025 12:59:21,13.009956666666668,80.004165,004165,2025-09-04T23:19:32.042348
TN 87 0478,7418,0.0,33.0,304.64,03/09/2025 12:56:44,13.009956666666668,80.004165,004165,2025-09-04T23:19:32.042519
TN 87 0478,7418,0.0,33.0,304.65,03/09/2025 12:53:49,13.009956666666668,80.004165,004165,2025-09-04T23:19:32.042727
TN 87 0478,7418,0.0,33.0,304.65,03/09/2025 12:46:04,13.009956666666668,80.004165,004165,2025-09-04T23:19:32.042917
TN 87 0478,7418,0.0,33.0,304.65,03/09/2025 12:45:54,13.009956666666668,80.004165,004165,2025-09-04T23:19:32.043133
TN 87 0478,7418,0.0,33.0,304.63,03/09/2025 12:45:47,13.009956666666668,80.004165,004165,2025-09-04T23:19:32.043335
TN 87 0478,7418,0.0,33.0,304.63,03/09/2025 12:45:34,13.009956666666668,80.004165,004165,2025-09-04T23:19:32.043497
TN 87 0478,7418,0.0,33.0,304.63,03/09/2025 12:43:55,13.009956666666668,80.004165,004165,2025-09-04T23:19:32.043648
TN 87 0478,7418,0.0,33.0,304.63,03/09/2025 12:43:47,13.009956666666668,80.004165,004165,2025-09-04T23:19:32.043834
TN 87 0478,7418,0.0,33.0,304.64,03/09/2025 12:43:34,13.009956666666668,80.004165,004165,2025-09-04T23:19:32.044037
TN 87 0478,7418,0.0,33.0,304.64,03/09/2025 12:43:29,13.009956666666668,80.004165,004165,2025-09-04T23:19:32.044230
TN 87 0478,7418,0.0,33.0,304.63,03/09/2025 12:40:55,13.009956666666668,80.004165,004165,2025-09-04T23:19:32.044412
TN 87 0478,7418,0.0,33.0,304.64,03/09/2025 12:40:48,13.009956666666668,80.004165,004165,2025-09-04T23:19:32.044591
TN 87 0478,7418,0.0,33.0,304.64,03/09/2025 12:40:35,13.009956666666668,80.004165,004165,2025-09-04T23:19:32.044780
TN 87 0478,7418,0.0,33.0,304.64,03/09/2025 12:40:25,13.009956666666668,80.004165,004165,2025-09-04T23:19:32.044957
TN 87 0478,7418,0.0,33.0,304.65,03/09/2025 12:40:15,13.009956666666668,80.004165,004165,2025-09-04T23:19:32.045212
TN 87 0478,7418,0.0,33.0,304.65,03/09/2025 12:40:05,13.009956666666668,80.004165,004165,2025-09-04T23:19:32.045389
TN 87 0478,7418,0.0,33.0,304.65,03/09/2025 12:39:55,13.009956666666668,80.004165,004165,2025-09-04T23:19:32.045571
TN 87 0478,7418,0.0,33.0,304.64,03/09/2025 12:39:48,13.009956666666668,80.004165,004165,2025-09-04T23:19:32.045747
TN 87 0478,7418,0.0,33.0,304.65,03/09/2025 12:39:35,13.009956666666668,80.004165,004165,2025-09-04T23:19:32.045926
TN 87 0478,7418,0.0,33.0,304.63,03/09/2025 12:39:25,13.009956666666668,80.004165,004165,2025-09-04T23:19:32.046149
TN 87 0478,7418,0.0,33.0,304.63,03/09/2025 12:39:15,13.009956666666668,80.004165,004165,2025-09-04T23:19:32.046356
TN 87 0478,7418,0.0,33.0,304.62,03/09/2025 12:39:05,13.009956666666668,80.004165,004165,2025-09-04T23:19:32.046552
TN 87 0478,7418,0.0,33.0,304.63,03/09/2025 12:38:55,13.009956666666668,80.004165,004165,2025-09-04T23:19:32.046737
TN 87 0478,7418,0.0,33.0,304.64,03/09/2025 12:38:48,13.009956666666668,80.004165,004165,2025-09-04T23:19:32.046932
TN 87 0478,7418,0.0,33.0,304.64,03/09/2025 12:38:35,13.009956666666668,80.004165,004165,2025-09-04T23:19:32.047150
TN 87 0478,7418,0.0,33.0,304.64,03/09/2025 12:38:25,13.009956666666668,80.004165,004165,2025-09-04T23:19:32.047346
TN 87 0478,7418,0.0,33.0,304.64,03/09/2025 12:38:15,13.009956666666668,80.004165,004165,2025-09-04T23:19:32.047525
TN 87 0478,7418,0.0,33.0,304.64,03/09/2025 12:38:05,13.009956666666668,80.004165,004165,2025-09-04T23:19:32.047706
TN 87 0478,7418,0.0,33.0,304.64,03/09/2025 12:37:57,13.009956666666668,80.004165,004165,2025-09-04T23:19:32.047889
TN 87 0478,7418,0.0,33.0,304.64,03/09/2025 12:35:01,13.009956666666668,80.004165,004165,2025-09-04T23:19:32.048071
TN 87 0478,7418,0.0,33.0,304.64,03/09/2025 12:34:51,13.009956666666668,80.004165,004165,2025-09-04T23:19:32.048247
TN 87 0478,7418,0.0,33.0,304.64,03/09/2025 12:34:41,13.009956666666668,80.004165,004165,2025-09-04T23:19:32.048436
TN 87 0478,7418,0.0,33.0,304.64,03/09/2025 12:34:31,13.009956666666668,80.004165,004165,2025-09-04T23:19:32.048658
TN 87 0478,7418,0.0,33.0,304.64,03/09/2025 12:34:24,13.009956666666668,80.004165,004165,2025-09-04T23:19:32.048901
TN 87 0478,7418,0.0,33.0,304.64,03/09/2025 12:27:08,13.009956666666668,80.004165,004165,2025-09-04T23:19:32.049118
TN 87 0478,7418,0.0,33.0,304.64,03/09/2025 12:26:58,13.009956666666668,80.004165,004165,2025-09-04T23:19:32.049312
TN 87 0478,7418,0.0,33.0,304.64,03/09/2025 12:26:48,13.009956666666668,80.004165,004165,2025-09-04T23:19:32.049511
TN 87 0478,7418,0.0,33.0,304.63,03/09/2025 12:26:38,13.009956666666668,80.004165,004165,2025-09-04T23:19:32.049749
TN 87 0478,7418,0.0,33.0,304.63,03/09/2025 12:26:29,13.009956666666668,80.004165,004165,2025-09-04T23:19:32.049990
TN 87 0478,7418,0.0,33.0,304.64,03/09/2025 12:26:19,13.009956666666668,80.004165,004165,2025-09-04T23:19:32.050188
TN 87 0478,7418,0.0,33.0,304.63,03/09/2025 12:26:09,13.009956666666668,80.004165,004165,2025-09-04T23:19:32.050368
TN 87 0478,7418,0.0,33.0,304.64,03/09/2025 12:25:59,13.009956666666668,80.004165,004165,2025-09-04T23:19:32.050552
TN 87 0478,7418,0.0,33.0,304.64,03/09/2025 12:25:49,13.009956666666668,80.004165,004165,2025-09-04T23:19:32.050721
TN 87 0478,7418,0.0,33.0,304.65,03/09/2025 12:25:39,13.009956666666668,80.004165,004165,2025-09-04T23:19:32.050896
TN 87 0478,7418,0.0,33.0,304.63,03/09/2025 12:25:29,13.009956666666668,80.004165,004165,2025-09-04T23:19:32.051079
TN 87 0478,7418,0.0,33.0,304.63,03/09/2025 12:25:19,13.009956666666668,80.004165,004165,2025-09-04T23:19:32.051220
TN 87 0478,7418,0.0,33.0,304.63,03/09/2025 12:25:09,13.009956666666668,80.004165,004165,2025-09-04T23:19:32.051376
TN 87 0478,7418,0.0,33.0,304.64,03/09/2025 12:24:59,13.009956666666668,80.004165,004165,2025-09-04T23:19:32.051564
TN 87 0478,7418,0.0,33.0,304.64,03/09/2025 12:24:49,13.009956666666668,80.004165,004165,2025-09-04T23:19:32.051772
TN 87 0478,7418,0.0,33.0,304.63,03/09/2025 12:24:39,13.009956666666668,80.004165,004165,2025-09-04T23:19:32.051983
TN 87 0478,7418,0.0,33.0,304.65,03/09/2025 12:24:29,13.009956666666668,80.004165,004165,2025-09-04T23:19:32.052181
TN 87 0478,7418,0.0,33.0,304.65,03/09/2025 12:24:19,13.009956666666668,80.004165,004165,2025-09-04T23:19:32.052345
TN 87 0478,7418,0.0,33.0,304.65,03/09/2025 12:24:09,13.009956666666668,80.004165,004165,2025-09-04T23:19:32.052521
TN 87 0478,7418,0.0,33.0,304.65,03/09/2025 12:24:01,13.009956666666668,80.004165,004165,2025-09-04T23:19:32.052722
TN 87 0478,7418,0.0,33.0,304.65,03/09/2025 12:23:53,13.009956666666668,80.004165,004165,2025-09-04T23:19:32.052908
TN 87 0478,7418,0.0,33.0,304.57,03/09/2025 12:19:13,13.009956666666668,80.004165,004165,2025-09-04T23:19:32.053073
TN 87 0478,7418,0.0,33.0,304.57,03/09/2025 12:18:57,13.009956666666668,80.004165,004165,2025-09-04T23:19:32.053291
TN 87 0478,7418,0.0,33.0,304.57,03/09/2025 12:18:38,13.009956666666668,80.004165,004165,2025-09-04T23:19:32.053459
TN 87 0478,7418,0.0,33.0,304.57,03/09/2025 12:18:15,13.009956666666668,80.004165,004165,2025-09-04T23:19:32.053657
TN 87 0478,7418,0.0,33.0,304.57,03/09/2025 12:17:37,13.009956666666668,80.004165,004165,2025-09-04T23:19:32.053969
TN 87 0478,7418,0.0,33.0,304.57,03/09/2025 12:15:21,13.009956666666668,80.004165,004165,2025-09-04T23:19:32.054179
TN 87 0478,7418,0.0,33.0,304.52,03/09/2025 12:11:59,13.009956666666668,80.004165,004165,2025-09-04T23:19:32.054385
TN 87 0478,7418,0.0,33.0,304.51,03/09/2025 12:11:29,13.009956666666668,80.004165,004165,2025-09-04T23:19:32.054610
TN 87 0478,7418,0.0,33.0,304.51,03/09/2025 12:11:28,13.009956666666668,80.004165,004165,2025-09-04T23:19:32.054817
TN 87 0478,7418,0.0,33.0,304.44,03/09/2025 12:11:10,13.009956666666668,80.004165,004165,2025-09-04T23:19:32.055018
TN 87 0478,7418,0.0,33.0,304.44,03/09/2025 12:11:00,13.009956666666668,80.004165,004165,2025-09-04T23:19:32.055204
TN 87 0478,7418,0.0,33.0,304.41,03/09/2025 12:10:50,13.009956666666668,80.004165,004165,2025-09-04T23:19:32.055396
TN 87 0478,7418,0.0,33.0,304.47,03/09/2025 12:10:42,13.009956666666668,80.004165,004165,2025-09-04T23:19:32.055595
TN 87 0478,7418,0.0,33.0,304.47,03/09/2025 12:10:33,13.009956666666668,80.004165,004165,2025-09-04T23:19:32.055762
TN 87 0478,7418,0.0,33.0,304.5,03/09/2025 12:09:28,13.009956666666668,80.004165,004165,2025-09-04T23:19:32.055949
TN 87 0478,7418,0.0,33.0,304.48,03/09/2025 12:09:16,13.009956666666668,80.004165,004165,2025-09-04T23:19:32.056118
TN 87 0478,7418,0.0,33.0,304.44,03/09/2025 12:09:06,13.009956666666668,80.004165,004165,2025-09-04T23:19:32.056337
TN 87 0478,7418,0.0,33.0,304.44,03/09/2025 12:08:56,13.009956666666668,80.004165,004165,2025-09-04T23:19:32.056516
TN 87 0478,7418,0.0,33.0,304.4,03/09/2025 12:08:46,13.009956666666668,80.004165,004165,2025-09-04T23:19:32.056696
TN 87 0478,7418,0.0,33.0,304.4,03/09/2025 12:08:36,13.009956666666668,80.004165,004165,2025-09-04T23:19:32.056882
TN 87 0478,7418,0.0,33.0,304.39,03/09/2025 12:08:29,13.009956666666668,80.004165,004165,2025-09-04T23:19:32.057072
TN 87 0478,7418,0.0,33.0,304.35,03/09/2025 12:08:16,13.009956666666668,80.004165,004165,2025-09-04T23:19:32.057245
TN 87 0478,7418,0.0,33.0,304.28,03/09/2025 12:03:36,13.009956666666668,80.004165,004165,2025-09-04T23:19:32.057434
TN 87 0478,7418,0.0,33.0,304.28,03/09/2025 12:03:29,13.009956666666668,80.004165,004165,2025-09-04T23:19:32.057641
TN 87 0478,7418,0.0,33.0,304.28,03/09/2025 12:03:18,13.009956666666668,80.004165,004165,2025-09-04T23:19:32.057854
TN 87 0478,7418,0.0,33.0,304.3,03/09/2025 12:01:36,13.009956666666668,80.004165,004165,2025-09-04T23:19:32.058058
TN 87 0478,7418,0.0,33.0,304.3,03/09/2025 12:01:28,13.009956666666668,80.004165,004165,2025-09-04T23:19:32.058280
TN 87 0478,7418,0.0,33.0,304.26,03/09/2025 11:59:37,13.009956666666668,80.004165,004165,2025-09-04T23:19:32.058476
TN 87 0478,7418,0.0,33.0,304.27,03/09/2025 11:59:30,13.009956666666668,80.004165,004165,2025-09-04T23:19:32.058690
TN 87 0478,7418,0.0,33.0,304.27,03/09/2025 11:59:20,13.009956666666668,80.004165,004165,2025-09-04T23:19:32.058901
TN 87 0478,7418,0.0,33.0,304.26,03/09/2025 11:57:37,13.009956666666668,80.004165,004165,2025-09-04T23:19:32.059096
TN 87 0478,7418,0.0,33.0,304.25,03/09/2025 11:57:30,13.009956666666668,80.004165,004165,2025-09-04T23:19:32.059326
TN 87 0478,7418,0.0,33.0,304.27,03/09/2025 11:57:18,13.009956666666668,80.004165,004165,2025-09-04T23:19:32.059499
TN 87 0478,7418,0.0,33.0,304.26,03/09/2025 11:43:25,13.009956666666668,80.004165,004165,2025-09-04T23:19:32.059684
TN 87 0478,7418,0.0,33.0,304.28,03/09/2025 11:43:15,13.009956666666668,80.004165,004165,2025-09-04T23:19:32.059857
TN 87 0478,7418,0.0,33.0,304.29,03/09/2025 11:43:05,13.009956666666668,80.004165,004165,2025-09-04T23:19:32.060126
TN 87 0478,7418,0.0,33.0,304.26,03/09/2025 11:42:55,13.009956666666668,80.004165,004165,2025-09-04T23:19:32.060283
TN 87 0478,7418,0.0,33.0,304.27,03/09/2025 11:42:45,13.009956666666668,80.004165,004165,2025-09-04T23:19:32.060468
TN 87 0478,7418,0.0,33.0,304.27,03/09/2025 11:42:35,13.009956666666668,80.004165,004165,2025-09-04T23:19:32.060640
TN 87 0478,7418,0.0,33.0,304.25,03/09/2025 11:42:25,13.009956666666668,80.004165,004165,2025-09-04T23:19:32.060865
TN 87 0478,7418,0.0,33.0,304.25,03/09/2025 11:42:15,13.009956666666668,80.004165,004165,2025-09-04T23:19:32.061032
TN 87 0478,7418,0.0,33.0,304.25,03/09/2025 11:42:05,13.009956666666668,80.004165,004165,2025-09-04T23:19:32.061201
TN 87 0478,7418,0.0,33.0,304.24,03/09/2025 11:41:55,13.009956666666668,80.004165,004165,2025-09-04T23:19:32.061352
TN 87 0478,7418,0.0,33.0,304.2,03/09/2025 11:41:45,13.009956666666668,80.004165,004165,2025-09-04T23:19:32.061536
TN 87 0478,7418,0.0,33.0,304.18,03/09/2025 11:41:35,13.009956666666668,80.004165,004165,2025-09-04T23:19:32.061710
TN 87 0478,7418,0.0,33.0,304.18,03/09/2025 11:41:26,13.009956666666668,80.004165,004165,2025-09-04T23:19:32.061880
TN 87 0478,7418,0.0,33.0,304.17,03/09/2025 11:40:25,13.009956666666668,80.004165,004165,2025-09-04T23:19:32.062066
TN 87 0478,7418,0.0,33.0,304.17,03/09/2025 11:40:15,13.009956666666668,80.004165,004165,2025-09-04T23:19:32.062241
TN 87 0478,7418,0.0,33.0,304.21,03/09/2025 11:40:05,13.009956666666668,80.004165,004165,2025-09-04T23:19:32.062419
TN 87 0478,7418,0.0,33.0,304.2,03/09/2025 11:39:56,13.009956666666668,80.004165,004165,2025-09-04T23:19:32.062606
TN 87 0478,7418,0.0,33.0,304.16,03/09/2025 11:39:45,13.009956666666668,80.004165,004165,2025-09-04T23:19:32.062786
TN 87 0478,7418,0.0,33.0,304.13,03/09/2025 11:39:35,13.009956666666668,80.004165,004165,2025-09-04T23:19:32.062955
TN 87 0478,7418,0.0,33.0,304.14,03/09/2025 11:39:25,13.009956666666668,80.004165,004165,2025-09-04T23:19:32.063158
TN 87 0478,7418,0.0,33.0,304.16,03/09/2025 11:39:15,13.009956666666668,80.004165,004165,2025-09-04T23:19:32.063348
TN 87 0478,7418,0.0,33.0,304.14,03/09/2025 11:39:06,13.009956666666668,80.004165,004165,2025-09-04T23:19:32.063539
TN 87 0478,7418,0.0,33.0,304.13,03/09/2025 11:38:55,13.009956666666668,80.004165,004165,2025-09-04T23:19:32.063714
TN 87 0478,7418,0.0,33.0,304.12,03/09/2025 11:38:45,13.009956666666668,80.004165,004165,2025-09-04T23:19:32.063887
TN 87 0478,7418,0.0,33.0,304.09,03/09/2025 11:38:35,13.009956666666668,80.004165,004165,2025-09-04T23:19:32.064057
TN 87 0478,7418,0.0,33.0,304.08,03/09/2025 11:38:25,13.009956666666668,80.004165,004165,2025-09-04T23:19:32.064223
TN 87 0478,7418,0.0,33.0,304.06,03/09/2025 11:38:15,13.009956666666668,80.004165,004165,2025-09-04T23:19:32.064390
TN 87 0478,7418,0.0,33.0,304.07,03/09/2025 11:37:40,13.009956666666668,80.004165,004165,2025-09-04T23:19:32.064560
TN 87 0478,7418,0.0,33.0,304.07,03/09/2025 11:37:31,13.009956666666668,80.004165,004165,2025-09-04T23:19:32.064724
TN 87 0478,7418,0.0,33.0,304.07,03/09/2025 11:37:23,13.009956666666668,80.004165,004165,2025-09-04T23:19:32.064887
TN 87 0478,7418,0.0,33.0,304.09,03/09/2025 11:37:10,13.009956666666668,80.004165,004165,2025-09-04T23:19:32.065028
TN 87 0478,7418,0.0,33.0,303.68,03/09/2025 11:07:32,13.009956666666668,80.004165,004165,2025-09-04T23:19:32.065196
TN 87 0478,7418,0.0,33.0,303.67,03/09/2025 11:07:23,13.009956666666668,80.004165,004165,2025-09-04T23:19:32.065368
TN 87 0478,7418,0.0,33.0,303.65,03/09/2025 11:07:12,13.009956666666668,80.004165,004165,2025-09-04T23:19:32.065541
TN 87 0478,7418,0.0,33.0,303.66,03/09/2025 11:07:02,13.009956666666668,80.004165,004165,2025-09-04T23:19:32.065711
TN 87 0478,7418,0.0,33.0,303.72,03/09/2025 11:06:52,13.009956666666668,80.004165,004165,2025-09-04T23:19:32.065868
TN 87 0478,7418,0.0,33.0,303.71,03/09/2025 11:06:42,13.009956666666668,80.004165,004165,2025-09-04T23:19:32.066006
TN 87 0478,7418,0.0,33.0,303.7,03/09/2025 11:06:32,13.009956666666668,80.004165,004165,2025-09-04T23:19:32.066169
TN 87 0478,7418,0.0,33.0,308.54,03/09/2025 10:47:33,13.010548333333332,80.00360166666667,00360166666667,2025-09-04T23:19:32.066334
TN 87 0478,7418,0.0,33.0,308.54,03/09/2025 10:46:55,13.010548333333332,80.00360166666667,00360166666667,2025-09-04T23:19:32.066505
TN 87 0478,7418,0.0,33.0,308.54,03/09/2025 10:43:36,13.010671666666667,80.00351833333333,00351833333333,2025-09-04T23:19:32.066660
TN 87 0478,7418,0.0,33.0,308.54,03/09/2025 10:42:38,13.010671666666667,80.00351833333333,00351833333333,2025-09-04T23:19:32.066806
TN 87 0478,7418,0.0,33.0,308.54,03/09/2025 10:42:28,13.010671666666667,80.00351833333333,00351833333333,2025-09-04T23:19:32.066950
TN 87 0478,7418,0.0,33.0,316.07,03/09/2025 10:39:02,13.010973333333334,80.00421,00421,2025-09-04T23:19:32.067075
TN 87 0478,7418,0.0,33.0,321.41,03/09/2025 10:36:27,13.010976666666666,80.0042,0042,2025-09-04T23:19:32.067319
TN 87 0478,7418,7.0,33.36,320.41,03/09/2025 10:32:20,13.010508333333334,80.0057,0057,2025-09-04T23:19:32.067583
TN 87 0478,7418,6.0,33.42,320.44,03/09/2025 10:29:48,13.012151666666666,80.00858,00858,2025-09-04T23:19:32.067914
TN 87 0478,7418,29.0,33.51,320.46,03/09/2025 10:29:35,13.012691666666667,80.00840166666667,00840166666667,2025-09-04T23:19:32.068147
TN 87 0478,7418,30.0,33.59,320.5,03/09/2025 10:29:25,13.01346,80.00819333333334,00819333333334,2025-09-04T23:19:32.068337
TN 87 0478,7418,24.0,33.63,320.71,03/09/2025 10:29:15,13.014151666666667,80.008085,008085,2025-09-04T23:19:32.068521
TN 87 0478,7418,11.0,33.75,320.77,03/09/2025 10:29:07,13.014483333333333,80.00793,00793,2025-09-04T23:19:32.068716
TN 87 0478,7418,0.0,33.75,320.78,03/09/2025 10:27:36,13.014433333333333,80.00676333333334,00676333333334,2025-09-04T23:19:32.068929
TN 87 0478,7418,0.0,33.75,321.91,03/09/2025 10:27:25,13.014433333333333,80.00676333333334,00676333333334,2025-09-04T23:19:32.069154
TN 87 0478,7418,0.0,33.75,322.36,03/09/2025 10:27:15,13.014438333333333,80.00677666666667,00677666666667,2025-09-04T23:19:32.069367
TN 87 0478,7418,0.0,33.75,322.55,03/09/2025 10:27:06,13.014441666666666,80.00680666666666,00680666666666,2025-09-04T23:19:32.069555
TN 87 0478,7418,0.0,33.75,322.59,03/09/2025 10:26:56,13.014408333333334,80.00683,00683,2025-09-04T23:19:32.069737
TN 87 0478,7418,0.0,33.75,322.62,03/09/2025 10:26:48,13.014356666666666,80.00681666666667,00681666666667,2025-09-04T23:19:32.069918
TN 87 0478,7418,0.0,33.75,322.63,03/09/2025 10:26:37,13.014356666666666,80.00681666666667,00681666666667,2025-09-04T23:19:32.070091
TN 87 0478,7418,0.0,33.75,322.6,03/09/2025 10:26:26,13.014356666666666,80.00681666666667,00681666666667,2025-09-04T23:19:32.070285
TN 87 0478,7418,0.0,33.75,322.59,03/09/2025 10:26:16,13.014356666666666,80.00681666666667,00681666666667,2025-09-04T23:19:32.070494
TN 87 0478,7418,0.0,33.75,322.58,03/09/2025 10:26:06,13.014356666666666,80.00681666666667,00681666666667,2025-09-04T23:19:32.070652
TN 87 0478,7418,0.0,33.75,322.61,03/09/2025 10:25:56,13.014356666666666,80.00681666666667,00681666666667,2025-09-04T23:19:32.070811
TN 87 0478,7418,0.0,33.75,322.6,03/09/2025 10:25:49,13.014356666666666,80.00681666666667,00681666666667,2025-09-04T23:19:32.070995
TN 87 0478,7418,0.0,33.75,322.61,03/09/2025 10:25:36,13.014356666666666,80.00681666666667,00681666666667,2025-09-04T23:19:32.071192
TN 87 0478,7418,0.0,33.75,322.6,03/09/2025 10:25:26,13.014356666666666,80.00681666666667,00681666666667,2025-09-04T23:19:32.071406
TN 87 0478,7418,0.0,33.75,322.59,03/09/2025 10:25:16,13.014356666666666,80.00681666666667,00681666666667,2025-09-04T23:19:32.071582
TN 87 0478,7418,0.0,33.75,322.59,03/09/2025 10:25:06,13.014356666666666,80.00681666666667,00681666666667,2025-09-04T23:19:32.071761
TN 87 0478,7418,0.0,33.75,321.73,03/09/2025 10:24:57,13.014356666666666,80.00681666666667,00681666666667,2025-09-04T23:19:32.071912
TN 87 0478,7418,0.0,33.75,321.52,03/09/2025 10:24:49,13.014356666666666,80.00681666666667,00681666666667,2025-09-04T23:19:32.072058
TN 87 0478,7418,0.0,33.75,321.36,03/09/2025 10:24:36,13.014356666666666,80.00681666666667,00681666666667,2025-09-04T23:19:32.072190
TN 87 0478,7418,0.0,33.75,321.29,03/09/2025 10:24:26,13.014356666666666,80.00681666666667,00681666666667,2025-09-04T23:19:32.072318
TN 87 0478,7418,0.0,33.75,321.35,03/09/2025 10:24:16,13.014408333333334,80.006855,006855,2025-09-04T23:19:32.072446
TN 87 0478,7418,0.0,33.75,321.36,03/09/2025 10:24:07,13.01455,80.006835,006835,2025-09-04T23:19:32.072624
TN 87 0478,7418,0.0,33.75,321.32,03/09/2025 10:23:56,13.014565,80.00681166666666,00681166666666,2025-09-04T23:19:32.072816
TN 87 0478,7418,0.0,33.75,321.32,03/09/2025 10:23:49,13.014583333333333,80.00678333333333,00678333333333,2025-09-04T23:19:32.073029
TN 87 0478,7418,0.0,33.75,321.31,03/09/2025 10:23:36,13.014413333333334,80.00680833333334,00680833333334,2025-09-04T23:19:32.073248
TN 87 0478,7418,0.0,33.75,321.29,03/09/2025 10:23:26,13.014376666666667,80.00677,00677,2025-09-04T23:19:32.073451
TN 87 0478,7418,0.0,33.75,320.78,03/09/2025 10:23:17,13.014276666666667,80.00662,00662,2025-09-04T23:19:32.073617
TN 87 0478,7418,0.0,33.75,320.54,03/09/2025 10:23:06,13.014276666666667,80.00662,00662,2025-09-04T23:19:32.073793
TN 87 0478,7418,0.0,33.75,320.57,03/09/2025 10:22:56,13.014276666666667,80.00662,00662,2025-09-04T23:19:32.073951
TN 87 0478,7418,0.0,33.75,320.52,03/09/2025 10:22:50,13.014276666666667,80.00662,00662,2025-09-04T23:19:32.074106
TN 87 0478,7418,0.0,33.75,320.52,03/09/2025 10:22:36,13.014276666666667,80.00662,00662,2025-09-04T23:19:32.074291
TN 87 0478,7418,0.0,33.75,320.52,03/09/2025 10:22:27,13.014276666666667,80.00662,00662,2025-09-04T23:19:32.074444
TN 87 0478,7418,0.0,33.75,320.51,03/09/2025 10:22:16,13.014276666666667,80.00662,00662,2025-09-04T23:19:32.074626
TN 87 0478,7418,0.0,33.75,320.51,03/09/2025 10:22:06,13.014276666666667,80.00662,00662,2025-09-04T23:19:32.074808
TN 87 0478,7418,0.0,33.75,320.51,03/09/2025 10:21:56,13.014276666666667,80.00662,00662,2025-09-04T23:19:32.074979
TN 87 0478,7418,0.0,33.75,320.52,03/09/2025 10:21:49,13.014276666666667,80.00662,00662,2025-09-04T23:19:32.075149
TN 87 0478,7418,0.0,33.75,320.52,03/09/2025 10:21:37,13.014276666666667,80.00662,00662,2025-09-04T23:19:32.075358
TN 87 0478,7418,0.0,33.75,320.53,03/09/2025 10:21:26,13.014276666666667,80.00662,00662,2025-09-04T23:19:32.075524
TN 87 0478,7418,0.0,33.75,320.53,03/09/2025 10:21:20,13.014276666666667,80.00662,00662,2025-09-04T23:19:32.075685
TN 87 0478,7418,0.0,33.75,320.53,03/09/2025 10:20:49,13.014276666666667,80.00662,00662,2025-09-04T23:19:32.075846
TN 87 0478,7418,0.0,33.75,320.6,03/09/2025 10:18:57,13.014276666666667,80.00662,00662,2025-09-04T23:19:32.075995
TN 87 0478,7418,0.0,33.75,320.61,03/09/2025 10:18:47,13.014276666666667,80.00662,00662,2025-09-04T23:19:32.076200
TN 87 0478,7418,0.0,33.75,320.64,03/09/2025 10:18:37,13.014276666666667,80.00662,00662,2025-09-04T23:19:32.076404
TN 87 0478,7418,0.0,33.75,320.64,03/09/2025 10:18:27,13.014276666666667,80.00662,00662,2025-09-04T23:19:32.076614
TN 87 0478,7418,0.0,33.75,320.65,03/09/2025 10:18:20,13.014276666666667,80.00662,00662,2025-09-04T23:19:32.076821
TN 87 0478,7418,0.0,33.75,320.69,03/09/2025 10:18:05,13.014276666666667,80.00662,00662,2025-09-04T23:19:32.077023
TN 87 0478,7418,0.0,33.75,320.68,03/09/2025 10:16:52,13.014276666666667,80.00662,00662,2025-09-04T23:19:32.077202
TN 87 0478,7418,0.0,33.75,320.68,03/09/2025 10:16:42,13.014276666666667,80.00662,00662,2025-09-04T23:19:32.077375
TN 87 0478,7418,0.0,33.75,320.66,03/09/2025 10:16:33,13.014276666666667,80.00662,00662,2025-09-04T23:19:32.077550
TN 87 0478,7418,0.0,33.75,320.65,03/09/2025 10:16:22,13.014276666666667,80.00662,00662,2025-09-04T23:19:32.077734
TN 87 0478,7418,0.0,33.75,320.65,03/09/2025 10:16:12,13.014276666666667,80.00662,00662,2025-09-04T23:19:32.077903
TN 87 0478,7418,0.0,33.75,320.64,03/09/2025 10:16:02,13.014276666666667,80.00662,00662,2025-09-04T23:19:32.078090
TN 87 0478,7418,0.0,33.75,320.67,03/09/2025 10:15:52,13.014276666666667,80.00662,00662,2025-09-04T23:19:32.078272
TN 87 0478,7418,0.0,33.75,320.66,03/09/2025 10:15:43,13.014276666666667,80.00662,00662,2025-09-04T23:19:32.078446
TN 87 0478,7418,0.0,33.75,320.69,03/09/2025 10:15:32,13.014276666666667,80.00662,00662,2025-09-04T23:19:32.078617
TN 87 0478,7418,0.0,33.75,320.69,03/09/2025 10:15:22,13.014276666666667,80.00662,00662,2025-09-04T23:19:32.078794
TN 87 0478,7418,0.0,33.75,320.69,03/09/2025 10:15:13,13.014276666666667,80.00662,00662,2025-09-04T23:19:32.078958
TN 87 0478,7418,0.0,33.75,320.71,03/09/2025 10:15:03,13.014276666666667,80.00662,00662,2025-09-04T23:19:32.079135
TN 87 0478,7418,0.0,33.75,320.71,03/09/2025 10:14:53,13.014276666666667,80.00662,00662,2025-09-04T23:19:32.079307
TN 87 0478,7418,0.0,33.75,320.71,03/09/2025 10:14:43,13.014276666666667,80.00662,00662,2025-09-04T23:19:32.079472
TN 87 0478,7418,0.0,33.75,320.73,03/09/2025 10:14:33,13.014276666666667,80.00662,00662,2025-09-04T23:19:32.079638
TN 87 0478,7418,0.0,33.75,320.73,03/09/2025 10:14:23,13.014276666666667,80.00662,00662,2025-09-04T23:19:32.079798
TN 87 0478,7418,0.0,33.75,320.73,03/09/2025 10:14:13,13.014276666666667,80.00662,00662,2025-09-04T23:19:32.079963
TN 87 0478,7418,0.0,33.75,320.73,03/09/2025 10:14:05,13.014276666666667,80.00662,00662,2025-09-04T23:19:32.080138
TN 87 0478,7418,0.0,33.75,320.73,03/09/2025 10:13:33,13.014276666666667,80.00662,00662,2025-09-04T23:19:32.080321
TN 87 0478,7418,0.0,33.75,320.8,03/09/2025 10:13:23,13.014276666666667,80.00662,00662,2025-09-04T23:19:32.080499
TN 87 0478,7418,0.0,33.75,320.82,03/09/2025 10:13:13,13.014276666666667,80.00662,00662,2025-09-04T23:19:32.080718
TN 87 0478,7418,0.0,33.75,320.87,03/09/2025 10:13:06,13.014276666666667,80.00662,00662,2025-09-04T23:19:32.080924
TN 87 0478,7418,0.0,33.75,321.08,03/09/2025 10:12:33,13.014276666666667,80.00662,00662,2025-09-04T23:19:32.081164
TN 87 0478,7418,0.0,33.75,321.08,03/09/2025 10:12:24,13.014276666666667,80.00662,00662,2025-09-04T23:19:32.081454
TN 87 0478,7418,0.0,33.75,321.08,03/09/2025 10:11:08,13.014276666666667,80.00662,00662,2025-09-04T23:19:32.081699
TN 87 0478,7418,0.0,33.75,321.1,03/09/2025 10:10:58,13.014276666666667,80.00662,00662,2025-09-04T23:19:32.081949
TN 87 0478,7418,0.0,33.75,321.14,03/09/2025 10:10:48,13.014276666666667,80.00662,00662,2025-09-04T23:19:32.084115
TN 87 0478,7418,0.0,33.75,321.1,03/09/2025 10:10:39,13.014276666666667,80.00662,00662,2025-09-04T23:19:32.084362
TN 87 0478,7418,0.0,33.75,321.13,03/09/2025 10:10:28,13.014276666666667,80.00662,00662,2025-09-04T23:19:32.084559
TN 87 0478,7418,0.0,33.75,321.14,03/09/2025 10:10:21,13.014276666666667,80.00662,00662,2025-09-04T23:19:32.084741
TN 87 0478,7418,0.0,33.75,321.13,03/09/2025 10:10:08,13.014276666666667,80.00662,00662,2025-09-04T23:19:32.084896
TN 87 0478,7418,0.0,33.75,321.13,03/09/2025 10:09:58,13.014276666666667,80.00662,00662,2025-09-04T23:19:32.085045
TN 87 0478,7418,0.0,33.75,321.19,03/09/2025 10:09:49,13.014276666666667,80.00662,00662,2025-09-04T23:19:32.085196
TN 87 0478,7418,0.0,33.75,321.2,03/09/2025 10:07:28,13.014276666666667,80.00662,00662,2025-09-04T23:19:32.085346
TN 87 0478,7418,0.0,33.75,321.2,03/09/2025 10:07:21,13.014276666666667,80.00662,00662,2025-09-04T23:19:32.085495
TN 87 0478,7418,0.0,33.75,321.22,03/09/2025 10:07:04,13.014276666666667,80.00662,00662,2025-09-04T23:19:32.085664
TN 87 0478,7418,0.0,33.75,321.46,03/09/2025 10:06:24,13.014276666666667,80.00662,00662,2025-09-04T23:19:32.085841
TN 87 0478,7418,0.0,33.75,321.51,03/09/2025 10:06:13,13.014276666666667,80.00662,00662,2025-09-04T23:19:32.085992
TN 87 0478,7418,0.0,33.75,321.58,03/09/2025 10:06:08,13.014276666666667,80.00662,00662,2025-09-04T23:19:32.086141
TN 87 0478,7418,0.0,33.75,321.62,03/09/2025 10:03:29,13.014276666666667,80.00662,00662,2025-09-04T23:19:32.086294
TN 87 0478,7418,0.0,33.75,321.62,03/09/2025 10:03:23,13.014276666666667,80.00662,00662,2025-09-04T23:19:32.086440
TN 87 0478,7418,0.0,33.75,321.62,03/09/2025 10:03:09,13.014276666666667,80.00662,00662,2025-09-04T23:19:32.086634
TN 87 0478,7418,0.0,33.75,321.64,03/09/2025 10:02:59,13.014276666666667,80.00662,00662,2025-09-04T23:19:32.086818
TN 87 0478,7418,0.0,33.75,321.64,03/09/2025 10:02:49,13.014276666666667,80.00662,00662,2025-09-04T23:19:32.086992
TN 87 0478,7418,0.0,33.75,321.64,03/09/2025 10:02:39,13.014276666666667,80.00662,00662,2025-09-04T23:19:32.087145
TN 87 0478,7418,0.0,33.75,321.63,03/09/2025 10:02:29,13.014276666666667,80.00662,00662,2025-09-04T23:19:32.087310
TN 87 0478,7418,0.0,33.75,321.63,03/09/2025 10:02:21,13.014276666666667,80.00662,00662,2025-09-04T23:19:32.087507
TN 87 0478,7418,0.0,33.75,321.63,03/09/2025 10:02:09,13.014276666666667,80.00662,00662,2025-09-04T23:19:32.087709
TN 87 0478,7418,0.0,33.75,321.65,03/09/2025 10:01:59,13.014276666666667,80.00662,00662,2025-09-04T23:19:32.087919
TN 87 0478,7418,0.0,33.75,321.64,03/09/2025 10:01:49,13.014276666666667,80.00662,00662,2025-09-04T23:19:32.088097
TN 87 0478,7418,0.0,33.75,321.63,03/09/2025 10:01:39,13.014276666666667,80.00662,00662,2025-09-04T23:19:32.088254
TN 87 0478,7418,0.0,33.75,321.73,03/09/2025 10:01:29,13.014276666666667,80.00662,00662,2025-09-04T23:19:32.088401
TN 87 0478,7418,0.0,33.75,321.76,03/09/2025 10:01:22,13.014276666666667,80.00662,00662,2025-09-04T23:19:32.088570
TN 87 0478,7418,0.0,33.75,321.8,03/09/2025 10:01:04,13.014276666666667,80.00662,00662,2025-09-04T23:19:32.088710
TN 87 0478,7418,0.0,33.75,321.89,03/09/2025 10:00:54,13.014276666666667,80.00662,00662,2025-09-04T23:19:32.088886
TN 87 0478,7418,0.0,33.75,321.92,03/09/2025 10:00:44,13.014276666666667,80.00662,00662,2025-09-04T23:19:32.089038
TN 87 0478,7418,0.0,33.75,321.96,03/09/2025 10:00:34,13.014276666666667,80.00662,00662,2025-09-04T23:19:32.089225
TN 87 0478,7418,0.0,33.75,321.96,03/09/2025 10:00:25,13.014276666666667,80.00662,00662,2025-09-04T23:19:32.089420
TN 87 0478,7418,0.0,33.75,321.97,03/09/2025 09:59:39,13.014276666666667,80.00662,00662,2025-09-04T23:19:32.089594
TN 87 0478,7418,0.0,33.75,321.97,03/09/2025 09:59:29,13.014276666666667,80.00662,00662,2025-09-04T23:19:32.089798
TN 87 0478,7418,0.0,33.75,321.97,03/09/2025 09:59:21,13.014276666666667,80.00662,00662,2025-09-04T23:19:32.089945
TN 87 0478,7418,0.0,33.75,321.97,03/09/2025 09:59:09,13.014276666666667,80.00662,00662,2025-09-04T23:19:32.090076
TN 87 0478,7418,0.0,33.75,321.99,03/09/2025 09:58:59,13.014276666666667,80.00662,00662,2025-09-04T23:19:32.090264
TN 87 0478,7418,0.0,33.75,321.99,03/09/2025 09:58:49,13.014276666666667,80.00662,00662,2025-09-04T23:19:32.090446
TN 87 0478,7418,0.0,33.75,321.99,03/09/2025 09:58:39,13.014276666666667,80.00662,00662,2025-09-04T23:19:32.090644
TN 87 0478,7418,0.0,33.75,321.98,03/09/2025 09:58:29,13.014276666666667,80.00662,00662,2025-09-04T23:19:32.090860
TN 87 0478,7418,0.0,33.75,321.97,03/09/2025 09:58:23,13.014276666666667,80.00662,00662,2025-09-04T23:19:32.091063
TN 87 0478,7418,0.0,33.75,321.98,03/09/2025 09:58:09,13.014276666666667,80.00662,00662,2025-09-04T23:19:32.091273
TN 87 0478,7418,0.0,33.75,322.0,03/09/2025 09:57:59,13.014276666666667,80.00662,00662,2025-09-04T23:19:32.091455
TN 87 0478,7418,0.0,33.75,322.0,03/09/2025 09:57:49,13.014276666666667,80.00662,00662,2025-09-04T23:19:32.091644
TN 87 0478,7418,0.0,33.75,322.01,03/09/2025 09:57:39,13.014276666666667,80.00662,00662,2025-09-04T23:19:32.091798
TN 87 0478,7418,0.0,33.75,322.03,03/09/2025 09:57:29,13.014276666666667,80.00662,00662,2025-09-04T23:19:32.091950
TN 87 0478,7418,0.0,33.75,322.03,03/09/2025 09:57:23,13.014276666666667,80.00662,00662,2025-09-04T23:19:32.092126
TN 87 0478,7418,0.0,33.75,322.03,03/09/2025 09:57:09,13.014276666666667,80.00662,00662,2025-09-04T23:19:32.092285
TN 87 0478,7418,0.0,33.75,322.04,03/09/2025 09:56:59,13.014276666666667,80.00662,00662,2025-09-04T23:19:32.092436
TN 87 0478,7418,0.0,33.75,322.01,03/09/2025 09:56:49,13.014276666666667,80.00662,00662,2025-09-04T23:19:32.092648
TN 87 0478,7418,0.0,33.75,322.01,03/09/2025 09:56:40,13.014276666666667,80.00662,00662,2025-09-04T23:19:32.092810
TN 87 0478,7418,0.0,33.75,322.05,03/09/2025 09:54:29,13.014276666666667,80.00662,00662,2025-09-04T23:19:32.093015
TN 87 0478,7418,0.0,33.75,322.04,03/09/2025 09:54:19,13.014276666666667,80.00662,00662,2025-09-04T23:19:32.093206
TN 87 0478,7418,0.0,33.75,322.03,03/09/2025 09:54:11,13.014276666666667,80.00662,00662,2025-09-04T23:19:32.093367
TN 87 0478,7418,0.0,33.75,322.04,03/09/2025 09:53:59,13.014276666666667,80.00662,00662,2025-09-04T23:19:32.093543
TN 87 0478,7418,0.0,33.75,322.05,03/09/2025 09:53:49,13.014276666666667,80.00662,00662,2025-09-04T23:19:32.093708
TN 87 0478,7418,0.0,33.75,322.05,03/09/2025 09:53:39,13.014276666666667,80.00662,00662,2025-09-04T23:19:32.093969
TN 87 0478,7418,0.0,33.75,322.05,03/09/2025 09:53:29,13.014276666666667,80.00662,00662,2025-09-04T23:19:32.094196
TN 87 0478,7418,0.0,33.75,322.05,03/09/2025 09:53:19,13.014276666666667,80.00662,00662,2025-09-04T23:19:32.094420
TN 87 0478,7418,0.0,33.75,322.05,03/09/2025 09:53:11,13.014276666666667,80.00662,00662,2025-09-04T23:19:32.094619
TN 87 0478,7418,0.0,33.75,322.05,03/09/2025 09:52:58,13.014276666666667,80.00662,00662,2025-09-04T23:19:32.094804
TN 87 0478,7418,0.0,33.75,322.05,03/09/2025 09:52:48,13.014276666666667,80.00662,00662,2025-09-04T23:19:32.094979
TN 87 0478,7418,0.0,33.75,322.06,03/09/2025 09:52:38,13.014276666666667,80.00662,00662,2025-09-04T23:19:32.095175
TN 87 0478,7418,0.0,33.75,322.07,03/09/2025 09:52:29,13.014276666666667,80.00662,00662,2025-09-04T23:19:32.095360
TN 87 0478,7418,0.0,33.75,322.07,03/09/2025 09:52:18,13.014276666666667,80.00662,00662,2025-09-04T23:19:32.095503
TN 87 0478,7418,0.0,33.75,322.05,03/09/2025 09:52:11,13.014276666666667,80.00662,00662,2025-09-04T23:19:32.095653
TN 87 0478,7418,0.0,33.75,322.05,03/09/2025 09:51:58,13.014276666666667,80.00662,00662,2025-09-04T23:19:32.095809
TN 87 0478,7418,0.0,33.75,322.06,03/09/2025 09:51:48,13.014276666666667,80.00662,00662,2025-09-04T23:19:32.095950
TN 87 0478,7418,0.0,33.75,322.06,03/09/2025 09:51:39,13.014276666666667,80.00662,00662,2025-09-04T23:19:32.096088
TN 87 0478,7418,0.0,33.75,322.06,03/09/2025 09:51:28,13.014276666666667,80.00662,00662,2025-09-04T23:19:32.096223
TN 87 0478,7418,0.0,33.75,322.06,03/09/2025 09:51:18,13.014276666666667,80.00662,00662,2025-09-04T23:19:32.096365
TN 87 0478,7418,0.0,33.75,322.05,03/09/2025 09:51:11,13.014276666666667,80.00662,00662,2025-09-04T23:19:32.096524
TN 87 0478,7418,0.0,33.75,322.06,03/09/2025 09:50:58,13.014276666666667,80.00662,00662,2025-09-04T23:19:32.096678
TN 87 0478,7418,0.0,33.75,322.07,03/09/2025 09:50:49,13.014276666666667,80.00662,00662,2025-09-04T23:19:32.096813
TN 87 0478,7418,0.0,33.75,322.07,03/09/2025 09:50:39,13.014276666666667,80.00662,00662,2025-09-04T23:19:32.096969
TN 87 0478,7418,0.0,33.75,322.09,03/09/2025 09:50:28,13.014276666666667,80.00662,00662,2025-09-04T23:19:32.097388
TN 87 0478,7418,0.0,33.75,322.09,03/09/2025 09:50:18,13.014276666666667,80.00662,00662,2025-09-04T23:19:32.097604
TN 87 0478,7418,0.0,33.75,322.09,03/09/2025 09:50:12,13.014276666666667,80.00662,00662,2025-09-04T23:19:32.097815
TN 87 0478,7418,0.0,33.75,322.1,03/09/2025 09:49:59,13.014276666666667,80.00662,00662,2025-09-04T23:19:32.098111
TN 87 0478,7418,0.0,33.75,322.08,03/09/2025 09:49:49,13.014276666666667,80.00662,00662,2025-09-04T23:19:32.098438
TN 87 0478,7418,0.0,33.75,322.08,03/09/2025 09:49:38,13.014276666666667,80.00662,00662,2025-09-04T23:19:32.098676
TN 87 0478,7418,0.0,33.75,322.08,03/09/2025 09:49:28,13.014276666666667,80.00662,00662,2025-09-04T23:19:32.098924
TN 87 0478,7418,0.0,33.75,322.08,03/09/2025 09:49:18,13.014276666666667,80.00662,00662,2025-09-04T23:19:32.099119
TN 87 0478,7418,0.0,33.75,322.08,03/09/2025 09:49:11,13.014276666666667,80.00662,00662,2025-09-04T23:19:32.099327
TN 87 0478,7418,0.0,33.75,322.08,03/09/2025 09:48:59,13.014276666666667,80.00662,00662,2025-09-04T23:19:32.099538
TN 87 0478,7418,0.0,33.75,322.08,03/09/2025 09:48:48,13.014276666666667,80.00662,00662,2025-09-04T23:19:32.099713
TN 87 0478,7418,0.0,33.75,322.09,03/09/2025 09:48:38,13.014276666666667,80.00662,00662,2025-09-04T23:19:32.099898
TN 87 0478,7418,0.0,33.75,322.17,03/09/2025 09:48:30,13.014276666666667,80.00662,00662,2025-09-04T23:19:32.100072
TN 87 0478,7418,0.0,33.75,322.17,03/09/2025 09:46:18,13.014276666666667,80.00662,00662,2025-09-04T23:19:32.100257
TN 87 0478,7418,0.0,33.75,322.17,03/09/2025 09:46:11,13.014276666666667,80.00662,00662,2025-09-04T23:19:32.100422
TN 87 0478,7418,0.0,33.75,322.17,03/09/2025 09:46:03,13.014276666666667,80.00662,00662,2025-09-04T23:19:32.100580
TN 87 0478,7418,0.0,33.75,322.17,03/09/2025 09:44:58,13.014276666666667,80.00662,00662,2025-09-04T23:19:32.100755
TN 87 0478,7418,0.0,33.75,322.17,03/09/2025 09:44:49,13.014276666666667,80.00662,00662,2025-09-04T23:19:32.100901
TN 87 0478,7418,0.0,33.75,322.18,03/09/2025 09:44:38,13.014276666666667,80.00662,00662,2025-09-04T23:19:32.101088
TN 87 0478,7418,0.0,33.75,322.2,03/09/2025 09:44:28,13.014276666666667,80.00662,00662,2025-09-04T23:19:32.101263
TN 87 0478,7418,0.0,33.75,322.2,03/09/2025 09:44:18,13.014276666666667,80.00662,00662,2025-09-04T23:19:32.101435
TN 87 0478,7418,0.0,33.75,322.2,03/09/2025 09:44:11,13.014276666666667,80.00662,00662,2025-09-04T23:19:32.101608
TN 87 0478,7418,0.0,33.75,322.21,03/09/2025 09:43:59,13.014276666666667,80.00662,00662,2025-09-04T23:19:32.101764
TN 87 0478,7418,0.0,33.75,322.2,03/09/2025 09:43:48,13.014276666666667,80.00662,00662,2025-09-04T23:19:32.101930
TN 87 0478,7418,0.0,33.75,322.21,03/09/2025 09:43:38,13.014276666666667,80.00662,00662,2025-09-04T23:19:32.102086
TN 87 0478,7418,0.0,33.75,322.22,03/09/2025 09:43:28,13.014276666666667,80.00662,00662,2025-09-04T23:19:32.102277
TN 87 0478,7418,0.0,33.75,322.19,03/09/2025 09:43:18,13.014276666666667,80.00662,00662,2025-09-04T23:19:32.102440
TN 87 0478,7418,0.0,33.75,322.19,03/09/2025 09:43:11,13.014276666666667,80.00662,00662,2025-09-04T23:19:32.102611
TN 87 0478,7418,0.0,33.75,322.18,03/09/2025 09:42:58,13.014276666666667,80.00662,00662,2025-09-04T23:19:32.102824
TN 87 0478,7418,0.0,33.75,322.19,03/09/2025 09:42:48,13.014276666666667,80.00662,00662,2025-09-04T23:19:32.103013
TN 87 0478,7418,0.0,33.75,322.19,03/09/2025 09:42:38,13.014276666666667,80.00662,00662,2025-09-04T23:19:32.103186
TN 87 0478,7418,0.0,33.75,322.19,03/09/2025 09:42:28,13.014276666666667,80.00662,00662,2025-09-04T23:19:32.103348
TN 87 0478,7418,0.0,33.75,322.2,03/09/2025 09:42:19,13.014276666666667,80.00662,00662,2025-09-04T23:19:32.103478
TN 87 0478,7418,0.0,33.75,322.2,03/09/2025 09:42:11,13.014276666666667,80.00662,00662,2025-09-04T23:19:32.103616
TN 87 0478,7418,0.0,33.75,322.2,03/09/2025 09:41:58,13.014276666666667,80.00662,00662,2025-09-04T23:19:32.103779
TN 87 0478,7418,0.0,33.75,322.21,03/09/2025 09:41:48,13.014276666666667,80.00662,00662,2025-09-04T23:19:32.103916
TN 87 0478,7418,0.0,33.75,322.21,03/09/2025 09:41:38,13.014276666666667,80.00662,00662,2025-09-04T23:19:32.104062
TN 87 0478,7418,0.0,33.75,322.21,03/09/2025 09:41:28,13.014276666666667,80.00662,00662,2025-09-04T23:19:32.104203
TN 87 0478,7418,0.0,33.75,322.23,03/09/2025 09:41:18,13.014276666666667,80.00662,00662,2025-09-04T23:19:32.104357
TN 87 0478,7418,0.0,33.75,322.24,03/09/2025 09:41:11,13.014276666666667,80.00662,00662,2025-09-04T23:19:32.104541
TN 87 0478,7418,0.0,33.75,322.24,03/09/2025 09:40:58,13.014276666666667,80.00662,00662,2025-09-04T23:19:32.104705
TN 87 0478,7418,0.0,33.75,322.24,03/09/2025 09:40:48,13.014276666666667,80.00662,00662,2025-09-04T23:19:32.104863
TN 87 0478,7418,0.0,33.75,322.24,03/09/2025 09:40:38,13.014276666666667,80.00662,00662,2025-09-04T23:19:32.105028
TN 87 0478,7418,0.0,33.75,322.25,03/09/2025 09:40:29,13.014276666666667,80.00662,00662,2025-09-04T23:19:32.105169
TN 87 0478,7418,0.0,33.75,322.26,03/09/2025 09:40:18,13.014276666666667,80.00662,00662,2025-09-04T23:19:32.105352
TN 87 0478,7418,0.0,33.75,322.26,03/09/2025 09:40:11,13.014276666666667,80.00662,00662,2025-09-04T23:19:32.105557
TN 87 0478,7418,0.0,33.75,322.26,03/09/2025 09:39:58,13.014276666666667,80.00662,00662,2025-09-04T23:19:32.105726
TN 87 0478,7418,0.0,33.75,322.26,03/09/2025 09:39:48,13.014276666666667,80.00662,00662,2025-09-04T23:19:32.105881
TN 87 0478,7418,0.0,33.75,322.27,03/09/2025 09:39:39,13.014276666666667,80.00662,00662,2025-09-04T23:19:32.106050
TN 87 0478,7418,0.0,33.75,322.25,03/09/2025 09:39:28,13.014276666666667,80.00662,00662,2025-09-04T23:19:32.106191
TN 87 0478,7418,0.0,33.75,322.25,03/09/2025 09:39:18,13.014276666666667,80.00662,00662,2025-09-04T23:19:32.106333
TN 87 0478,7418,0.0,33.75,322.25,03/09/2025 09:39:12,13.014276666666667,80.00662,00662,2025-09-04T23:19:32.106512
TN 87 0478,7418,0.0,33.75,322.27,03/09/2025 09:38:58,13.014276666666667,80.00662,00662,2025-09-04T23:19:32.106685
TN 87 0478,7418,0.0,33.75,322.27,03/09/2025 09:38:50,13.014276666666667,80.00662,00662,2025-09-04T23:19:32.106833
TN 87 0478,7418,0.0,33.75,322.27,03/09/2025 09:38:18,13.014276666666667,80.00662,00662,2025-09-04T23:19:32.106948
TN 87 0478,7418,0.0,33.75,322.27,03/09/2025 09:38:11,13.014276666666667,80.00662,00662,2025-09-04T23:19:32.107055
TN 87 0478,7418,0.0,33.75,322.27,03/09/2025 09:37:59,13.014276666666667,80.00662,00662,2025-09-04T23:19:32.107284
TN 87 0478,7418,0.0,33.75,322.27,03/09/2025 09:37:48,13.014276666666667,80.00662,00662,2025-09-04T23:19:32.107606
TN 87 0478,7418,0.0,33.75,322.27,03/09/2025 09:37:39,13.014276666666667,80.00662,00662,2025-09-04T23:19:32.107873
TN 87 0478,7418,0.0,33.75,322.26,03/09/2025 09:36:35,13.014276666666667,80.00662,00662,2025-09-04T23:19:32.108111
TN 87 0478,7418,0.0,33.75,322.27,03/09/2025 09:36:27,13.014276666666667,80.00662,00662,2025-09-04T23:19:32.108287
TN 87 0478,7418,0.0,33.75,322.27,03/09/2025 09:36:14,13.014276666666667,80.00662,00662,2025-09-04T23:19:32.108461
TN 87 0478,7418,0.0,33.75,322.26,03/09/2025 09:36:04,13.014276666666667,80.00662,00662,2025-09-04T23:19:32.108623
TN 87 0478,7418,0.0,33.75,322.28,03/09/2025 09:35:54,13.014276666666667,80.00662,00662,2025-09-04T23:19:32.108817
TN 87 0478,7418,0.0,33.75,322.28,03/09/2025 09:35:45,13.014276666666667,80.00662,00662,2025-09-04T23:19:32.109025
TN 87 0478,7418,0.0,33.75,322.28,03/09/2025 09:35:34,13.014276666666667,80.00662,00662,2025-09-04T23:19:32.109182
TN 87 0478,7418,0.0,33.75,322.28,03/09/2025 09:35:27,13.014276666666667,80.00662,00662,2025-09-04T23:19:32.109333
TN 87 0478,7418,0.0,33.75,322.28,03/09/2025 09:35:14,13.014276666666667,80.00662,00662,2025-09-04T23:19:32.109504
TN 87 0478,7418,0.0,33.75,322.28,03/09/2025 09:35:04,13.014276666666667,80.00662,00662,2025-09-04T23:19:32.109658
TN 87 0478,7418,0.0,33.75,322.29,03/09/2025 09:34:55,13.014276666666667,80.00662,00662,2025-09-04T23:19:32.109839
TN 87 0478,7418,0.0,33.75,322.29,03/09/2025 09:34:44,13.014276666666667,80.00662,00662,2025-09-04T23:19:32.110094
TN 87 0478,7418,0.0,33.75,322.3,03/09/2025 09:34:34,13.014276666666667,80.00662,00662,2025-09-04T23:19:32.110262
TN 87 0478,7418,0.0,33.75,322.3,03/09/2025 09:34:28,13.014276666666667,80.00662,00662,2025-09-04T23:19:32.110435
TN 87 0478,7418,0.0,33.75,322.35,03/09/2025 09:34:14,13.014276666666667,80.00662,00662,2025-09-04T23:19:32.110611
TN 87 0478,7418,0.0,33.75,322.35,03/09/2025 09:34:05,13.014276666666667,80.00662,00662,2025-09-04T23:19:32.110769
TN 87 0478,7418,0.0,33.75,322.36,03/09/2025 09:28:56,13.014276666666667,80.00662,00662,2025-09-04T23:19:32.110920
TN 87 0478,7418,0.0,33.75,322.36,03/09/2025 09:28:21,13.014276666666667,80.00662,00662,2025-09-04T23:19:32.111067
TN 87 0478,7418,0.0,33.75,322.36,03/09/2025 09:27:50,13.014276666666667,80.00662,00662,2025-09-04T23:19:32.111230
TN 87 0478,7418,0.0,33.75,322.36,03/09/2025 09:27:28,13.014276666666667,80.00662,00662,2025-09-04T23:19:32.111389
TN 87 0478,7418,0.0,33.75,322.36,03/09/2025 09:24:53,13.014276666666667,80.00662,00662,2025-09-04T23:19:32.111583
TN 87 0478,7418,0.0,33.75,322.37,03/09/2025 09:24:43,13.014276666666667,80.00662,00662,2025-09-04T23:19:32.111765
TN 87 0478,7418,0.0,33.75,322.37,03/09/2025 09:24:33,13.014276666666667,80.00662,00662,2025-09-04T23:19:32.111927
TN 87 0478,7418,0.0,33.75,322.38,03/09/2025 09:24:24,13.014276666666667,80.00662,00662,2025-09-04T23:19:32.112076
TN 87 0478,7418,0.0,33.75,322.38,03/09/2025 09:24:16,13.014276666666667,80.00662,00662,2025-09-04T23:19:32.112230
TN 87 0478,7418,0.0,33.75,322.38,03/09/2025 09:24:03,13.014276666666667,80.00662,00662,2025-09-04T23:19:32.112383
TN 87 0478,7418,0.0,33.75,322.37,03/09/2025 09:23:16,13.014276666666667,80.00662,00662,2025-09-04T23:19:32.112549
TN 87 0478,7418,0.0,33.75,322.36,03/09/2025 09:23:03,13.014276666666667,80.00662,00662,2025-09-04T23:19:32.112735
TN 87 0478,7418,0.0,33.75,322.33,03/09/2025 09:22:56,13.014276666666667,80.00662,00662,2025-09-04T23:19:32.112916
TN 87 0478,7418,0.0,33.75,322.34,03/09/2025 09:22:23,13.014276666666667,80.00662,00662,2025-09-04T23:19:32.113120
TN 87 0478,7418,0.0,33.75,322.35,03/09/2025 09:22:16,13.014276666666667,80.00662,00662,2025-09-04T23:19:32.113283
TN 87 0478,7418,0.0,33.75,322.36,03/09/2025 09:22:03,13.014276666666667,80.00662,00662,2025-09-04T23:19:32.113436
TN 87 0478,7418,0.0,33.75,322.37,03/09/2025 09:21:53,13.014276666666667,80.00662,00662,2025-09-04T23:19:32.113626
TN 87 0478,7418,0.0,33.75,322.38,03/09/2025 09:21:44,13.014276666666667,80.00662,00662,2025-09-04T23:19:32.113791
TN 87 0478,7418,0.0,33.75,322.39,03/09/2025 09:21:33,13.014276666666667,80.00662,00662,2025-09-04T23:19:32.113963
TN 87 0478,7418,0.0,33.75,322.38,03/09/2025 09:21:23,13.014276666666667,80.00662,00662,2025-09-04T23:19:32.114118
TN 87 0478,7418,0.0,33.75,322.39,03/09/2025 09:21:17,13.014276666666667,80.00662,00662,2025-09-04T23:19:32.114296
TN 87 0478,7418,0.0,33.75,322.39,03/09/2025 09:21:03,13.014276666666667,80.00662,00662,2025-09-04T23:19:32.114462
TN 87 0478,7418,0.0,33.75,322.38,03/09/2025 09:20:54,13.014276666666667,80.00662,00662,2025-09-04T23:19:32.114625
TN 87 0478,7418,0.0,33.75,322.39,03/09/2025 09:20:43,13.014276666666667,80.00662,00662,2025-09-04T23:19:32.114850
TN 87 0478,7418,0.0,33.75,322.4,03/09/2025 09:20:33,13.014276666666667,80.00662,00662,2025-09-04T23:19:32.115075
TN 87 0478,7418,0.0,33.75,322.4,03/09/2025 09:20:23,13.014276666666667,80.00662,00662,2025-09-04T23:19:32.115289
TN 87 0478,7418,0.0,33.75,322.39,03/09/2025 09:20:16,13.014276666666667,80.00662,00662,2025-09-04T23:19:32.115540
TN 87 0478,7418,0.0,33.75,322.39,03/09/2025 09:20:04,13.014276666666667,80.00662,00662,2025-09-04T23:19:32.115793
TN 87 0478,7418,0.0,33.75,322.44,03/09/2025 09:19:53,13.014276666666667,80.00662,00662,2025-09-04T23:19:32.115985
TN 87 0478,7418,0.0,33.75,322.43,03/09/2025 09:19:43,13.014276666666667,80.00662,00662,2025-09-04T23:19:32.116181
TN 87 0478,7418,0.0,33.75,322.45,03/09/2025 09:19:33,13.014276666666667,80.00662,00662,2025-09-04T23:19:32.116387
TN 87 0478,7418,0.0,33.75,322.45,03/09/2025 09:19:23,13.014276666666667,80.00662,00662,2025-09-04T23:19:32.116576
TN 87 0478,7418,0.0,33.75,322.47,03/09/2025 09:19:16,13.014276666666667,80.00662,00662,2025-09-04T23:19:32.116760
TN 87 0478,7418,0.0,33.75,322.48,03/09/2025 09:19:03,13.014276666666667,80.00662,00662,2025-09-04T23:19:32.116946
TN 87 0478,7418,0.0,33.75,322.44,03/09/2025 09:18:53,13.014276666666667,80.00662,00662,2025-09-04T23:19:32.117115
TN 87 0478,7418,0.0,33.75,322.44,03/09/2025 09:18:43,13.014276666666667,80.00662,00662,2025-09-04T23:19:32.117278
TN 87 0478,7418,0.0,33.75,322.44,03/09/2025 09:18:33,13.014276666666667,80.00662,00662,2025-09-04T23:19:32.117444
TN 87 0478,7418,0.0,33.75,322.44,03/09/2025 09:18:23,13.014276666666667,80.00662,00662,2025-09-04T23:19:32.117602
TN 87 0478,7418,0.0,33.75,322.44,03/09/2025 09:18:16,13.014276666666667,80.00662,00662,2025-09-04T23:19:32.117778
TN 87 0478,7418,0.0,33.75,322.44,03/09/2025 09:18:03,13.014276666666667,80.00662,00662,2025-09-04T23:19:32.117927
TN 87 0478,7418,0.0,33.75,322.4,03/09/2025 09:17:53,13.014276666666667,80.00662,00662,2025-09-04T23:19:32.118120
TN 87 0478,7418,0.0,33.75,322.38,03/09/2025 09:17:43,13.014276666666667,80.00662,00662,2025-09-04T23:19:32.118324
TN 87 0478,7418,0.0,33.75,322.37,03/09/2025 09:17:33,13.014276666666667,80.00662,00662,2025-09-04T23:19:32.118494
TN 87 0478,7418,0.0,33.75,322.4,03/09/2025 09:17:23,13.014276666666667,80.00662,00662,2025-09-04T23:19:32.118649
TN 87 0478,7418,0.0,33.75,322.41,03/09/2025 09:17:16,13.014276666666667,80.00662,00662,2025-09-04T23:19:32.118790
TN 87 0478,7418,0.0,33.75,322.41,03/09/2025 09:17:03,13.014276666666667,80.00662,00662,2025-09-04T23:19:32.118953
TN 87 0478,7418,0.0,33.75,322.43,03/09/2025 09:16:53,13.014276666666667,80.00662,00662,2025-09-04T23:19:32.119154
TN 87 0478,7418,0.0,33.75,322.38,03/09/2025 09:16:43,13.014276666666667,80.00662,00662,2025-09-04T23:19:32.119338
TN 87 0478,7418,0.0,33.75,322.35,03/09/2025 09:16:33,13.014276666666667,80.00662,00662,2025-09-04T23:19:32.119523
TN 87 0478,7418,0.0,33.75,322.33,03/09/2025 09:16:23,13.014276666666667,80.00662,00662,2025-09-04T23:19:32.119699
TN 87 0478,7418,0.0,33.75,322.32,03/09/2025 09:16:17,13.014276666666667,80.00662,00662,2025-09-04T23:19:32.119855
TN 87 0478,7418,0.0,33.75,322.33,03/09/2025 09:16:03,13.014276666666667,80.00662,00662,2025-09-04T23:19:32.119997
TN 87 0478,7418,0.0,33.75,322.33,03/09/2025 09:15:53,13.014276666666667,80.00662,00662,2025-09-04T23:19:32.120168
TN 87 0478,7418,0.0,33.75,322.37,03/09/2025 09:15:43,13.014276666666667,80.00662,00662,2025-09-04T23:19:32.120427
TN 87 0478,7418,0.0,33.75,322.38,03/09/2025 09:15:33,13.014276666666667,80.00662,00662,2025-09-04T23:19:32.120645
TN 87 0478,7418,0.0,33.75,322.37,03/09/2025 09:15:23,13.014276666666667,80.00662,00662,2025-09-04T23:19:32.120870
TN 87 0478,7418,0.0,33.75,322.38,03/09/2025 09:15:17,13.014276666666667,80.00662,00662,2025-09-04T23:19:32.121073
TN 87 0478,7418,0.0,33.75,322.39,03/09/2025 09:15:03,13.014276666666667,80.00662,00662,2025-09-04T23:19:32.121292
TN 87 0478,7418,0.0,33.75,322.39,03/09/2025 09:14:53,13.014276666666667,80.00662,00662,2025-09-04T23:19:32.121476
TN 87 0478,7418,0.0,33.75,322.39,03/09/2025 09:14:43,13.014276666666667,80.00662,00662,2025-09-04T23:19:32.121678
TN 87 0478,7418,0.0,33.75,322.42,03/09/2025 09:14:33,13.014276666666667,80.00662,00662,2025-09-04T23:19:32.121879
TN 87 0478,7418,0.0,33.75,322.43,03/09/2025 09:14:23,13.014276666666667,80.00662,00662,2025-09-04T23:19:32.122062
TN 87 0478,7418,0.0,33.75,322.45,03/09/2025 09:14:15,13.014276666666667,80.00662,00662,2025-09-04T23:19:32.122242
TN 87 0478,7418,0.0,33.75,324.56,03/09/2025 09:14:05,13.014276666666667,80.00662,00662,2025-09-04T23:19:32.122419
TN 87 0478,7418,0.0,33.75,324.62,03/09/2025 09:13:25,13.014276666666667,80.00662,00662,2025-09-04T23:19:32.122586
TN 87 0478,7418,0.0,33.75,324.62,03/09/2025 09:12:52,13.014568333333333,80.00675,00675,2025-09-04T23:19:32.122775
TN 87 0478,7418,0.0,33.75,324.65,03/09/2025 09:12:42,13.014578333333333,80.00675,00675,2025-09-04T23:19:32.122936
TN 87 0478,7418,11.0,33.77,324.66,03/09/2025 09:12:32,13.014821666666666,80.00680833333334,00680833333334,2025-09-04T23:19:32.123136
TN 87 0478,7418,0.0,33.77,324.67,03/09/2025 09:12:23,13.014971666666666,80.00686166666667,00686166666667,2025-09-04T23:19:32.123339
TN 87 0478,7418,11.0,33.81,324.83,03/09/2025 09:12:15,13.014955,80.00701666666667,00701666666667,2025-09-04T23:19:32.123558
TN 87 0478,7418,8.0,33.85,324.83,03/09/2025 09:12:02,13.014918333333334,80.00736166666667,00736166666667,2025-09-04T23:19:32.123758
TN 87 0478,7418,12.0,33.87,324.85,03/09/2025 09:11:52,13.014805,80.007705,007705,2025-09-04T23:19:32.123937
TN 87 0478,7418,0.0,33.87,324.87,03/09/2025 09:11:42,13.014638333333334,80.00786,00786,2025-09-04T23:19:32.124110
TN 87 0478,7418,29.0,33.96,325.01,03/09/2025 09:11:33,13.014201666666667,80.00809666666666,00809666666666,2025-09-04T23:19:32.124290
TN 87 0478,7418,21.0,33.99,325.07,03/09/2025 09:11:22,13.013431666666667,80.008245,008245,2025-09-04T23:19:32.124465
TN 87 0478,7418,18.0,34.07,325.1,03/09/2025 09:11:15,13.01313,80.00829,00829,2025-09-04T23:19:32.124633
TN 87 0478,7418,20.0,34.1,325.25,03/09/2025 09:11:02,13.012465,80.00846,00846,2025-09-04T23:19:32.124791
TN 87 0478,7418,7.0,34.57,325.29,03/09/2025 09:10:53,13.012236666666666,80.00853166666667,00853166666667,2025-09-04T23:19:32.124951
TN 87 0478,7418,0.0,34.57,326.5,03/09/2025 09:05:27,13.010716666666667,80.004425,004425,2025-09-04T23:19:32.125117
TN 87 0478,7418,0.0,34.57,326.5,03/09/2025 09:05:20,13.010716666666667,80.004425,004425,2025-09-04T23:19:32.125304
TN 87 0478,7418,0.0,34.57,326.5,03/09/2025 09:05:11,13.010716666666667,80.004425,004425,2025-09-04T23:19:32.125506
TN 87 0478,7418,0.0,34.57,326.5,03/09/2025 09:04:02,13.010716666666667,80.004425,004425,2025-09-04T23:19:32.125672
TN 87 0478,7418,0.0,34.57,326.41,03/09/2025 09:03:51,13.010716666666667,80.004425,004425,2025-09-04T23:19:32.125839
TN 87 0478,7418,0.0,34.57,326.41,03/09/2025 09:03:43,13.010716666666667,80.004425,004425,2025-09-04T23:19:32.126013
TN 87 0478,7418,0.0,34.57,326.41,03/09/2025 09:02:06,13.010716666666667,80.004425,004425,2025-09-04T23:19:32.126189
TN 87 0478,7418,0.0,34.57,326.41,03/09/2025 08:56:41,13.010716666666667,80.004425,004425,2025-09-04T23:19:32.126364
TN 87 0478,7418,0.0,34.57,326.43,03/09/2025 08:56:31,13.010716666666667,80.004425,004425,2025-09-04T23:19:32.126530
TN 87 0478,7418,0.0,34.57,326.41,03/09/2025 08:56:24,13.010716666666667,80.004425,004425,2025-09-04T23:19:32.126704
TN 87 0478,7418,0.0,34.57,326.42,03/09/2025 08:56:11,13.010716666666667,80.004425,004425,2025-09-04T23:19:32.126872
TN 87 0478,7418,0.0,34.57,326.41,03/09/2025 08:56:01,13.010716666666667,80.004425,004425,2025-09-04T23:19:32.127047
TN 87 0478,7418,0.0,34.57,326.41,03/09/2025 08:55:51,13.010716666666667,80.004425,004425,2025-09-04T23:19:32.127218
TN 87 0478,7418,0.0,34.57,326.42,03/09/2025 08:55:41,13.010716666666667,80.004425,004425,2025-09-04T23:19:32.127392
TN 87 0478,7418,0.0,34.57,326.4,03/09/2025 08:55:31,13.010716666666667,80.004425,004425,2025-09-04T23:19:32.127573
TN 87 0478,7418,0.0,34.57,326.4,03/09/2025 08:55:24,13.010716666666667,80.004425,004425,2025-09-04T23:19:32.127777
TN 87 0478,7418,0.0,34.57,326.41,03/09/2025 08:55:11,13.010716666666667,80.004425,004425,2025-09-04T23:19:32.127970
TN 87 0478,7418,0.0,34.57,326.26,03/09/2025 08:53:33,13.010716666666667,80.004425,004425,2025-09-04T23:19:32.128153
TN 87 0478,7418,0.0,34.57,326.26,03/09/2025 08:53:10,13.010716666666667,80.004425,004425,2025-09-04T23:19:32.128329
TN 87 0478,7418,0.0,34.57,326.26,03/09/2025 08:52:06,13.010716666666667,80.004425,004425,2025-09-04T23:19:32.128499
TN 87 0478,7418,0.0,34.57,326.26,03/09/2025 08:51:40,13.010716666666667,80.004425,004425,2025-09-04T23:19:32.128679
TN 87 0478,7418,0.0,34.57,326.27,03/09/2025 08:45:05,13.010716666666667,80.004425,004425,2025-09-04T23:19:32.128841
TN 87 0478,7418,0.0,34.57,326.23,03/09/2025 08:44:55,13.010716666666667,80.004425,004425,2025-09-04T23:19:32.129010
TN 87 0478,7418,0.0,34.57,326.21,03/09/2025 08:44:48,13.010716666666667,80.004425,004425,2025-09-04T23:19:32.129181
TN 87 0478,7418,0.0,34.57,326.19,03/09/2025 08:43:30,13.010716666666667,80.004425,004425,2025-09-04T23:19:32.129360
TN 87 0478,7418,0.0,34.57,326.16,03/09/2025 08:43:23,13.010716666666667,80.004425,004425,2025-09-04T23:19:32.129524
TN 87 0478,7418,0.0,34.57,326.16,03/09/2025 08:43:14,13.010716666666667,80.004425,004425,2025-09-04T23:19:32.129692
TN 87 0478,7418,0.0,34.57,326.16,03/09/2025 08:40:55,13.010716666666667,80.004425,004425,2025-09-04T23:19:32.129898
TN 87 0478,7418,0.0,34.57,326.16,03/09/2025 08:40:45,13.010716666666667,80.004425,004425,2025-09-04T23:19:32.130063
TN 87 0478,7418,0.0,34.57,326.16,03/09/2025 08:40:35,13.010716666666667,80.004425,004425,2025-09-04T23:19:32.130251
TN 87 0478,7418,0.0,34.57,326.15,03/09/2025 08:40:25,13.010716666666667,80.004425,004425,2025-09-04T23:19:32.130438
TN 87 0478,7418,0.0,34.57,326.11,03/09/2025 08:40:15,13.010716666666667,80.004425,004425,2025-09-04T23:19:32.130612
TN 87 0478,7418,0.0,34.57,326.13,03/09/2025 08:40:07,13.010716666666667,80.004425,004425,2025-09-04T23:19:32.130787
TN 87 0478,7418,0.0,34.57,326.13,03/09/2025 08:39:59,13.010716666666667,80.004425,004425,2025-09-04T23:19:32.130966
TN 87 0478,7418,0.0,34.57,326.14,03/09/2025 08:39:05,13.010716666666667,80.004425,004425,2025-09-04T23:19:32.131119
TN 87 0478,7418,0.0,34.57,326.13,03/09/2025 08:38:55,13.010716666666667,80.004425,004425,2025-09-04T23:19:32.131276
TN 87 0478,7418,0.0,34.57,326.12,03/09/2025 08:38:45,13.010716666666667,80.004425,004425,2025-09-04T23:19:32.131416
TN 87 0478,7418,0.0,34.57,326.12,03/09/2025 08:38:35,13.010716666666667,80.004425,004425,2025-09-04T23:19:32.131565
TN 87 0478,7418,0.0,34.57,326.11,03/09/2025 08:38:25,13.010716666666667,80.004425,004425,2025-09-04T23:19:32.131717
TN 87 0478,7418,0.0,34.57,326.11,03/09/2025 08:38:15,13.010716666666667,80.004425,004425,2025-09-04T23:19:32.131875
TN 87 0478,7418,0.0,34.57,326.12,03/09/2025 08:38:07,13.010716666666667,80.004425,004425,2025-09-04T23:19:32.132009
TN 87 0478,7418,0.0,34.57,326.11,03/09/2025 08:37:35,13.010716666666667,80.004425,004425,2025-09-04T23:19:32.132165
TN 87 0478,7418,0.0,34.57,326.11,03/09/2025 08:37:25,13.010716666666667,80.004425,004425,2025-09-04T23:19:32.132359
TN 87 0478,7418,0.0,34.57,326.11,03/09/2025 08:37:15,13.010716666666667,80.004425,004425,2025-09-04T23:19:32.132497
TN 87 0478,7418,0.0,34.57,326.1,03/09/2025 08:37:05,13.010716666666667,80.004425,004425,2025-09-04T23:19:32.132657
TN 87 0478,7418,0.0,34.57,326.1,03/09/2025 08:36:55,13.010716666666667,80.004425,004425,2025-09-04T23:19:32.132847
TN 87 0478,7418,0.0,34.57,326.1,03/09/2025 08:36:45,13.010716666666667,80.004425,004425,2025-09-04T23:19:32.133037
TN 87 0478,7418,0.0,34.57,326.1,03/09/2025 08:36:35,13.010716666666667,80.004425,004425,2025-09-04T23:19:32.133246
TN 87 0478,7418,0.0,34.57,326.09,03/09/2025 08:36:25,13.010716666666667,80.004425,004425,2025-09-04T23:19:32.133440
TN 87 0478,7418,0.0,34.57,326.09,03/09/2025 08:36:15,13.010716666666667,80.004425,004425,2025-09-04T23:19:32.133842
TN 87 0478,7418,0.0,34.57,326.1,03/09/2025 08:36:05,13.010716666666667,80.004425,004425,2025-09-04T23:19:32.134063
TN 87 0478,7418,0.0,34.57,326.11,03/09/2025 08:33:10,13.010716666666667,80.004425,004425,2025-09-04T23:19:32.134296
TN 87 0478,7418,0.0,34.57,326.11,03/09/2025 08:32:59,13.010716666666667,80.004425,004425,2025-09-04T23:19:32.134498
TN 87 0478,7418,0.0,34.57,326.11,03/09/2025 08:32:49,13.010716666666667,80.004425,004425,2025-09-04T23:19:32.134668
TN 87 0478,7418,0.0,34.57,326.12,03/09/2025 08:32:40,13.010716666666667,80.004425,004425,2025-09-04T23:19:32.134837
TN 87 0478,7418,0.0,34.57,326.12,03/09/2025 08:32:29,13.010716666666667,80.004425,004425,2025-09-04T23:19:32.135012
TN 87 0478,7418,0.0,34.57,326.12,03/09/2025 08:32:22,13.010716666666667,80.004425,004425,2025-09-04T23:19:32.135195
TN 87 0478,7418,0.0,34.57,326.11,03/09/2025 08:32:09,13.010716666666667,80.004425,004425,2025-09-04T23:19:32.135364
TN 87 0478,7418,0.0,34.57,326.12,03/09/2025 08:31:59,13.010716666666667,80.004425,004425,2025-09-04T23:19:32.135516
TN 87 0478,7418,0.0,34.57,326.12,03/09/2025 08:31:50,13.010716666666667,80.004425,004425,2025-09-04T23:19:32.135674
TN 87 0478,7418,0.0,34.57,326.13,03/09/2025 08:28:59,13.010716666666667,80.004425,004425,2025-09-04T23:19:32.135817
TN 87 0478,7418,0.0,34.57,326.13,03/09/2025 08:28:49,13.010716666666667,80.004425,004425,2025-09-04T23:19:32.135976
TN 87 0478,7418,0.0,34.57,326.12,03/09/2025 08:28:39,13.010716666666667,80.004425,004425,2025-09-04T23:19:32.136159
TN 87 0478,7418,0.0,34.57,326.12,03/09/2025 08:28:29,13.010716666666667,80.004425,004425,2025-09-04T23:19:32.136317
TN 87 0478,7418,0.0,34.57,326.12,03/09/2025 08:28:22,13.010716666666667,80.004425,004425,2025-09-04T23:19:32.136486
TN 87 0478,7418,0.0,34.57,326.11,03/09/2025 08:28:09,13.010716666666667,80.004425,004425,2025-09-04T23:19:32.136714
TN 87 0478,7418,0.0,34.57,326.11,03/09/2025 08:27:59,13.010716666666667,80.004425,004425,2025-09-04T23:19:32.136893
TN 87 0478,7418,0.0,34.57,326.12,03/09/2025 08:27:49,13.010716666666667,80.004425,004425,2025-09-04T23:19:32.137094
TN 87 0478,7418,0.0,34.57,326.13,03/09/2025 08:27:39,13.010716666666667,80.004425,004425,2025-09-04T23:19:32.137261
TN 87 0478,7418,0.0,34.57,326.14,03/09/2025 08:26:14,13.010716666666667,80.004425,004425,2025-09-04T23:19:32.137411
TN 87 0478,7418,0.0,34.57,326.15,03/09/2025 08:26:04,13.010716666666667,80.004425,004425,2025-09-04T23:19:32.137593
TN 87 0478,7418,0.0,34.57,326.15,03/09/2025 08:25:54,13.010716666666667,80.004425,004425,2025-09-04T23:19:32.137798
TN 87 0478,7418,0.0,34.57,326.15,03/09/2025 08:25:45,13.010716666666667,80.004425,004425,2025-09-04T23:19:32.137954
TN 87 0478,7418,0.0,34.57,326.11,03/09/2025 08:25:34,13.010716666666667,80.004425,004425,2025-09-04T23:19:32.138154
TN 87 0478,7418,0.0,34.57,326.11,03/09/2025 08:25:26,13.010716666666667,80.004425,004425,2025-09-04T23:19:32.138336
TN 87 0478,7418,0.0,34.57,326.11,03/09/2025 08:24:14,13.010716666666667,80.004425,004425,2025-09-04T23:19:32.138494
TN 87 0478,7418,0.0,34.57,326.1,03/09/2025 08:24:05,13.010716666666667,80.004425,004425,2025-09-04T23:19:32.138652
TN 87 0478,7418,0.0,34.57,326.06,03/09/2025 08:23:54,13.010716666666667,80.004425,004425,2025-09-04T23:19:32.138799
TN 87 0478,7418,0.0,34.57,326.04,03/09/2025 08:23:47,13.010716666666667,80.004425,004425,2025-09-04T23:19:32.138948
TN 87 0478,7418,0.0,34.57,325.97,03/09/2025 08:19:35,13.010716666666667,80.004425,004425,2025-09-04T23:19:32.139139
TN 87 0478,7418,0.0,34.57,325.97,03/09/2025 08:18:46,13.010716666666667,80.004425,004425,2025-09-04T23:19:32.139307
TN 87 0478,7418,0.0,34.57,325.28,03/09/2025 08:14:05,13.010716666666667,80.004425,004425,2025-09-04T23:19:32.139477
TN 87 0478,7418,0.0,34.57,325.28,03/09/2025 08:13:11,13.010716666666667,80.004425,004425,2025-09-04T23:19:32.139638
TN 87 0478,7418,0.0,34.57,325.28,03/09/2025 08:13:09,13.010716666666667,80.004425,004425,2025-09-04T23:19:32.139831
TN 87 0478,7418,0.0,34.57,324.8,03/09/2025 08:12:59,13.010716666666667,80.004425,004425,2025-09-04T23:19:32.140013
TN 87 0478,7418,0.0,34.57,324.2,03/09/2025 08:12:53,13.010716666666667,80.004425,004425,2025-09-04T23:19:32.140224
TN 87 0478,7418,0.0,34.57,324.2,03/09/2025 08:12:40,13.010716666666667,80.004425,004425,2025-09-04T23:19:32.140394
TN 87 0478,7418,0.0,34.57,328.33,03/09/2025 08:05:54,13.010188333333334,80.004085,004085,2025-09-04T23:19:32.140560
TN 87 0478,7418,0.0,34.57,329.66,03/09/2025 08:05:40,13.010188333333334,80.004085,004085,2025-09-04T23:19:32.140724
TN 87 0478,7418,0.0,34.57,329.71,03/09/2025 08:05:31,13.010196666666667,80.00406833333334,00406833333334,2025-09-04T23:19:32.140885
TN 87 0478,7418,0.0,34.57,329.73,03/09/2025 08:05:20,13.010196666666667,80.003955,003955,2025-09-04T23:19:32.141049
TN 87 0478,7418,0.0,34.57,323.0,03/09/2025 08:05:10,13.010193333333333,80.00394,00394,2025-09-04T23:19:32.141201
TN 87 0478,7418,6.0,34.59,321.32,03/09/2025 08:05:00,13.01022,80.00383166666667,00383166666667,2025-09-04T23:19:32.141388
TN 87 0478,7418,0.0,34.59,321.32,03/09/2025 08:04:51,13.010156666666667,80.003705,003705,2025-09-04T23:19:32.141558
TN 87 0478,7418,0.0,34.59,318.52,03/09/2025 08:01:53,13.010625,80.003455,003455,2025-09-04T23:19:32.141716
TN 87 0478,7418,0.0,34.59,318.52,03/09/2025 08:01:44,13.010625,80.003455,003455,2025-09-04T23:19:32.141878
TN 87 0478,7418,29.0,34.68,318.32,03/09/2025 07:58:31,13.013241666666667,80.00132666666667,00132666666667,2025-09-04T23:19:32.142037
TN 87 0478,7418,34.0,34.77,318.29,03/09/2025 07:58:21,13.013738333333333,80.00205333333334,00205333333334,2025-09-04T23:19:32.142205
TN 87 0478,7418,27.0,34.83,318.27,03/09/2025 07:58:11,13.014208333333332,80.00270666666667,00270666666667,2025-09-04T23:19:32.142382
TN 87 0478,7418,15.0,34.87,318.0,03/09/2025 07:58:01,13.014538333333334,80.00317666666666,00317666666666,2025-09-04T23:19:32.142565
TN 87 0478,7418,22.0,34.97,317.92,03/09/2025 07:57:53,13.014758333333333,80.00338166666667,00338166666667,2025-09-04T23:19:32.142748
TN 87 0478,7418,27.0,35.03,317.9,03/09/2025 07:57:41,13.015248333333334,80.004165,004165,2025-09-04T23:19:32.142938
TN 87 0478,7418,13.0,35.08,317.9,03/09/2025 07:57:31,13.015561666666667,80.00465333333334,00465333333334,2025-09-04T23:19:32.143137
TN 87 0478,7418,24.0,35.18,317.93,03/09/2025 07:57:21,13.015735,80.005035,005035,2025-09-04T23:19:32.143335
TN 87 0478,7418,50.0,35.32,318.01,03/09/2025 07:57:11,13.016125,80.00592166666667,00592166666667,2025-09-04T23:19:32.143516
TN 87 0478,7418,43.0,35.4,318.01,03/09/2025 07:57:01,13.016596666666667,80.007075,007075,2025-09-04T23:19:32.143686
TN 87 0478,7418,37.0,35.49,317.99,03/09/2025 07:56:54,13.01686,80.00773666666667,00773666666667,2025-09-04T23:19:32.143851
TN 87 0478,7418,26.0,35.57,317.99,03/09/2025 07:56:41,13.017158333333333,80.00856,00856,2025-09-04T23:19:32.144018
TN 87 0478,7418,44.0,35.71,317.99,03/09/2025 07:56:31,13.017491666666666,80.00925833333334,00925833333334,2025-09-04T23:19:32.144186
TN 87 0478,7418,45.0,35.82,317.95,03/09/2025 07:56:21,13.018038333333333,80.01033333333334,01033333333334,2025-09-04T23:19:32.144353
TN 87 0478,7418,36.0,35.91,317.92,03/09/2025 07:56:11,13.018558333333333,80.01123833333334,01123833333334,2025-09-04T23:19:32.144515
TN 87 0478,7418,25.0,35.95,317.76,03/09/2025 07:56:01,13.018975,80.01195,01195,2025-09-04T23:19:32.144684
TN 87 0478,7418,17.0,36.0,317.76,03/09/2025 07:55:54,13.019165,80.01223166666666,01223166666666,2025-09-04T23:19:32.144839
TN 87 0478,7418,17.0,36.07,317.76,03/09/2025 07:55:41,13.019453333333333,80.01264166666667,01264166666667,2025-09-04T23:19:32.144999
TN 87 0478,7418,34.0,36.2,317.8,03/09/2025 07:55:31,13.019848333333334,80.01315166666667,01315166666667,2025-09-04T23:19:32.145169
TN 87 0478,7418,54.0,36.34,319.63,03/09/2025 07:55:21,13.020523333333333,80.01414833333334,01414833333334,2025-09-04T23:19:32.145328
TN 87 0478,7418,44.0,36.45,320.21,03/09/2025 07:55:11,13.021233333333333,80.01520166666667,01520166666667,2025-09-04T23:19:32.145515
TN 87 0478,7418,36.0,36.5,320.11,03/09/2025 07:55:01,13.02179,80.016045,016045,2025-09-04T23:19:32.145691
TN 87 0478,7418,25.0,36.56,319.47,03/09/2025 07:54:55,13.022016666666667,80.01644833333333,01644833333333,2025-09-04T23:19:32.145905
TN 87 0478,7418,19.0,36.68,319.43,03/09/2025 07:54:41,13.02222,80.0169,0169,2025-09-04T23:19:32.146086
TN 87 0478,7418,65.0,36.86,319.37,03/09/2025 07:54:31,13.022411666666667,80.01798833333334,01798833333334,2025-09-04T23:19:32.146229
TN 87 0478,7418,61.0,37.02,318.64,03/09/2025 07:54:21,13.022553333333333,80.01964,01964,2025-09-04T23:19:32.146377
TN 87 0478,7418,55.0,37.16,318.53,03/09/2025 07:54:11,13.022936666666666,80.02108333333334,02108333333334,2025-09-04T23:19:32.146540
TN 87 0478,7418,50.0,37.26,318.42,03/09/2025 07:54:01,13.023551666666666,80.022265,022265,2025-09-04T23:19:32.146694
TN 87 0478,7418,53.0,37.45,316.11,03/09/2025 07:53:54,13.024048333333333,80.02301833333334,02301833333334,2025-09-04T23:19:32.146850
TN 87 0478,7418,59.0,37.63,316.11,03/09/2025 07:53:41,13.024948333333333,80.02448166666667,02448166666667,2025-09-04T23:19:32.146968
TN 87 0478,7418,69.0,37.82,314.9,03/09/2025 07:53:31,13.02582,80.02588833333333,02588833333333,2025-09-04T23:19:32.147135
TN 87 0478,7418,63.0,37.98,314.79,03/09/2025 07:53:21,13.026726666666667,80.02735833333334,02735833333334,2025-09-04T23:19:32.147347
TN 87 0478,7418,51.0,38.09,314.32,03/09/2025 07:53:11,13.027501666666666,80.02862,02862,2025-09-04T23:19:32.147557
TN 87 0478,7418,34.0,38.16,314.26,03/09/2025 07:53:01,13.028055,80.02952166666667,02952166666667,2025-09-04T23:19:32.148012
TN 87 0478,7418,45.0,38.45,314.2,03/09/2025 07:52:54,13.028378333333333,80.03008166666666,03008166666666,2025-09-04T23:19:32.148223
TN 87 0478,7418,55.0,38.59,313.89,03/09/2025 07:52:36,13.029733333333333,80.03236166666667,03236166666667,2025-09-04T23:19:32.148426
TN 87 0478,7418,44.0,38.72,313.82,03/09/2025 07:52:26,13.030375,80.03346166666667,03346166666667,2025-09-04T23:19:32.148708
TN 87 0478,7418,54.0,38.87,313.56,03/09/2025 07:52:16,13.030995,80.0345,0345,2025-09-04T23:19:32.148952
TN 87 0478,7418,49.0,38.98,313.52,03/09/2025 07:52:06,13.03168,80.03565833333333,03565833333333,2025-09-04T23:19:32.149259
TN 87 0478,7418,36.0,39.08,313.45,03/09/2025 07:51:57,13.032173333333333,80.036505,036505,2025-09-04T23:19:32.149469
TN 87 0478,7418,33.0,39.2,313.43,03/09/2025 07:51:46,13.032591666666667,80.03729833333334,03729833333334,2025-09-04T23:19:32.149665
TN 87 0478,7418,57.0,39.35,313.64,03/09/2025 07:51:36,13.033118333333332,80.03826,03826,2025-09-04T23:19:32.149907
TN 87 0478,7418,55.0,39.49,313.76,03/09/2025 07:51:26,13.03386,80.03942833333333,03942833333333,2025-09-04T23:19:32.150066
TN 87 0478,7418,49.0,39.61,314.09,03/09/2025 07:51:16,13.034535,80.04057,04057,2025-09-04T23:19:32.150249
TN 87 0478,7418,44.0,39.73,328.91,03/09/2025 07:51:07,13.035033333333333,80.041515,041515,2025-09-04T23:19:32.150418
TN 87 0478,7418,38.0,39.83,339.08,03/09/2025 07:50:56,13.035513333333334,80.042575,042575,2025-09-04T23:19:32.150590
TN 87 0478,7418,29.0,39.9,339.08,03/09/2025 07:50:46,13.035848333333334,80.04343333333334,04343333333334,2025-09-04T23:19:32.150763
TN 87 0478,7418,12.0,39.92,334.58,03/09/2025 07:50:36,13.036035,80.04397166666666,04397166666666,2025-09-04T23:19:32.150939
TN 87 0478,7418,0.0,39.92,333.51,03/09/2025 07:50:26,13.036083333333334,80.04415666666667,04415666666667,2025-09-04T23:19:32.151113
TN 87 0478,7418,0.0,39.92,328.87,03/09/2025 07:50:17,13.036081666666666,80.04415666666667,04415666666667,2025-09-04T23:19:32.151283
TN 87 0478,7418,42.0,40.07,330.06,03/09/2025 07:50:08,13.036241666666667,80.044605,044605,2025-09-04T23:19:32.151453
TN 87 0478,7418,66.0,40.72,330.06,03/09/2025 07:49:58,13.036658333333333,80.04594666666667,04594666666667,2025-09-04T23:19:32.151606
TN 87 0478,7418,66.0,40.91,330.54,03/09/2025 07:49:22,13.038386666666666,80.05164666666667,05164666666667,2025-09-04T23:19:32.151784
TN 87 0478,7418,58.0,41.05,330.95,03/09/2025 07:49:11,13.039023333333333,80.05327333333334,05327333333334,2025-09-04T23:19:32.151948
TN 87 0478,7418,46.0,41.12,330.98,03/09/2025 07:49:01,13.039545,80.05451333333333,05451333333333,2025-09-04T23:19:32.152101
TN 87 0478,7418,39.0,41.24,331.0,03/09/2025 07:48:55,13.039791666666666,80.05511166666666,05511166666666,2025-09-04T23:19:32.152259
TN 87 0478,7418,17.0,41.25,331.01,03/09/2025 07:48:41,13.040206666666666,80.05607166666667,05607166666667,2025-09-04T23:19:32.152428
TN 87 0478,7418,0.0,41.25,332.08,03/09/2025 07:48:32,13.040241666666667,80.05623,05623,2025-09-04T23:19:32.152602
TN 87 0478,7418,0.0,41.25,332.73,03/09/2025 07:48:21,13.040241666666667,80.05623,05623,2025-09-04T23:19:32.152783
TN 87 0478,7418,0.0,41.25,331.3,03/09/2025 07:48:11,13.040241666666667,80.05623,05623,2025-09-04T23:19:32.152943
TN 87 0478,7418,0.0,41.25,331.23,03/09/2025 07:48:01,13.040236666666667,80.05621166666667,05621166666667,2025-09-04T23:19:32.153120
TN 87 0478,7418,37.0,41.37,330.98,03/09/2025 07:47:54,13.040383333333333,80.05657666666667,05657666666667,2025-09-04T23:19:32.153289
TN 87 0478,7418,26.0,41.42,330.86,03/09/2025 07:47:42,13.040795,80.05757,05757,2025-09-04T23:19:32.153458
TN 87 0478,7418,0.0,41.42,319.61,03/09/2025 07:47:31,13.040921666666666,80.05802,05802,2025-09-04T23:19:32.153619
TN 87 0478,7418,18.0,41.51,316.83,03/09/2025 07:47:21,13.040971666666668,80.05817166666667,05817166666667,2025-09-04T23:19:32.153786
TN 87 0478,7418,55.0,41.66,316.61,03/09/2025 07:47:12,13.041268333333333,80.05889833333333,05889833333333,2025-09-04T23:19:32.153971
TN 87 0478,7418,56.0,41.77,316.57,03/09/2025 07:47:02,13.041846666666666,80.06017666666666,06017666666666,2025-09-04T23:19:32.154133
TN 87 0478,7418,47.0,41.93,316.46,03/09/2025 07:46:54,13.042316666666666,80.06111833333334,06111833333334,2025-09-04T23:19:32.154306
TN 87 0478,7418,48.0,42.05,316.42,03/09/2025 07:46:42,13.043031666666666,80.062415,062415,2025-09-04T23:19:32.154467
TN 87 0478,7418,38.0,42.18,316.38,03/09/2025 07:46:32,13.043478333333333,80.06340833333333,06340833333333,2025-09-04T23:19:32.154667
TN 87 0478,7418,54.0,42.34,316.39,03/09/2025 07:46:22,13.043905,80.06454166666667,06454166666667,2025-09-04T23:19:32.154878
TN 87 0478,7418,57.0,42.5,316.41,03/09/2025 07:46:12,13.044296666666666,80.06589,06589,2025-09-04T23:19:32.155067
TN 87 0478,7418,56.0,42.61,321.32,03/09/2025 07:46:02,13.044725,80.06731833333333,06731833333333,2025-09-04T23:19:32.155238
TN 87 0478,7418,47.0,42.75,322.37,03/09/2025 07:45:54,13.04503,80.06831666666666,06831666666666,2025-09-04T23:19:32.155405
TN 87 0478,7418,36.0,42.83,322.37,03/09/2025 07:45:42,13.045381666666668,80.06951833333333,06951833333333,2025-09-04T23:19:32.155563
TN 87 0478,7418,29.0,42.89,322.31,03/09/2025 07:45:32,13.045575,80.070265,070265,2025-09-04T23:19:32.155750
TN 87 0478,7418,18.0,42.92,322.3,03/09/2025 07:45:22,13.04572,80.070835,070835,2025-09-04T23:19:32.155941
TN 87 0478,7418,0.0,42.92,322.28,03/09/2025 07:45:12,13.045775,80.071055,071055,2025-09-04T23:19:32.156104
TN 87 0478,7418,0.0,42.92,322.14,03/09/2025 07:45:02,13.045786666666666,80.07110166666666,07110166666666,2025-09-04T23:19:32.156272
TN 87 0478,7418,0.0,42.92,322.13,03/09/2025 07:44:55,13.045798333333334,80.07112,07112,2025-09-04T23:19:32.156429
TN 87 0478,7418,13.0,42.98,322.13,03/09/2025 07:44:42,13.045858333333333,80.07127333333334,07127333333334,2025-09-04T23:19:32.156589
TN 87 0478,7418,27.0,43.09,322.14,03/09/2025 07:44:32,13.045943333333334,80.07182,07182,2025-09-04T23:19:32.156757
TN 87 0478,7418,47.0,43.2,322.26,03/09/2025 07:44:22,13.046041666666667,80.07285,07285,2025-09-04T23:19:32.156924
TN 87 0478,7418,36.0,43.3,322.31,03/09/2025 07:44:12,13.04638,80.073825,073825,2025-09-04T23:19:32.157084
TN 87 0478,7418,42.0,43.37,322.8,03/09/2025 07:44:02,13.046746666666667,80.074615,074615,2025-09-04T23:19:32.157243
TN 87 0478,7418,43.0,43.55,322.8,03/09/2025 07:43:56,13.046881666666666,80.07527666666667,07527666666667,2025-09-04T23:19:32.157402
TN 87 0478,7418,50.0,43.68,323.03,03/09/2025 07:43:42,13.046965,80.07694,07694,2025-09-04T23:19:32.157595
TN 87 0478,7418,43.0,43.79,323.81,03/09/2025 07:43:32,13.047035,80.07813333333333,07813333333333,2025-09-04T23:19:32.157808
TN 87 0478,7418,35.0,43.87,323.76,03/09/2025 07:43:22,13.047071666666668,80.07912333333333,07912333333333,2025-09-04T23:19:32.158049
TN 87 0478,7418,22.0,43.92,323.74,03/09/2025 07:43:12,13.047175,80.07985833333333,07985833333333,2025-09-04T23:19:32.158250
TN 87 0478,7418,13.0,43.94,323.72,03/09/2025 07:43:02,13.047245,80.08028833333333,08028833333333,2025-09-04T23:19:32.158396
TN 87 0478,7418,8.0,43.95,323.54,03/09/2025 07:42:55,13.047275,80.08046833333333,08046833333333,2025-09-04T23:19:32.158574
TN 87 0478,7418,0.0,43.95,323.54,03/09/2025 07:42:42,13.0473,80.08058166666666,08058166666666,2025-09-04T23:19:32.158748
TN 87 0478,7418,8.0,43.97,323.5,03/09/2025 07:42:32,13.047285,80.08058333333334,08058333333334,2025-09-04T23:19:32.158926
TN 87 0478,7418,12.0,44.0,323.47,03/09/2025 07:42:22,13.047306666666667,80.080795,080795,2025-09-04T23:19:32.159084
TN 87 0478,7418,12.0,44.03,323.38,03/09/2025 07:42:12,13.047386666666666,80.08109,08109,2025-09-04T23:19:32.159261
TN 87 0478,7418,0.0,44.03,323.35,03/09/2025 07:42:02,13.047455,80.08133333333333,08133333333333,2025-09-04T23:19:32.159424
TN 87 0478,7418,0.0,44.03,323.32,03/09/2025 07:41:55,13.047476666666666,80.081415,081415,2025-09-04T23:19:32.159578
TN 87 0478,7418,9.0,44.07,323.24,03/09/2025 07:41:42,13.047576666666666,80.08159666666667,08159666666667,2025-09-04T23:19:32.159749
TN 87 0478,7418,18.0,44.11,323.23,03/09/2025 07:41:32,13.047675,80.081945,081945,2025-09-04T23:19:32.159910
TN 87 0478,7418,9.0,44.13,323.21,03/09/2025 07:41:22,13.047773333333334,80.08230833333333,08230833333333,2025-09-04T23:19:32.160069
TN 87 0478,7418,8.0,44.15,323.13,03/09/2025 07:41:12,13.047828333333333,80.08241666666666,08241666666666,2025-09-04T23:19:32.160242
TN 87 0478,7418,6.0,44.16,323.12,03/09/2025 07:41:02,13.0479,80.08262166666667,08262166666667,2025-09-04T23:19:32.160516
TN 87 0478,7418,8.0,44.2,323.1,03/09/2025 07:40:55,13.047936666666667,80.08274333333334,08274333333334,2025-09-04T23:19:32.160747
TN 87 0478,7418,10.0,44.21,323.09,03/09/2025 07:40:42,13.048031666666667,80.08306833333333,08306833333333,2025-09-04T23:19:32.160990
TN 87 0478,7418,0.0,44.21,323.06,03/09/2025 07:40:32,13.048053333333334,80.08315333333333,08315333333333,2025-09-04T23:19:32.161225
TN 87 0478,7418,7.0,44.24,323.07,03/09/2025 07:40:22,13.048076666666667,80.08321,08321,2025-09-04T23:19:32.161452
TN 87 0478,7418,11.0,44.28,323.08,03/09/2025 07:40:12,13.048193333333334,80.083435,083435,2025-09-04T23:19:32.161717
TN 87 0478,7418,18.0,44.31,323.37,03/09/2025 07:40:02,13.048328333333334,80.08379166666667,08379166666667,2025-09-04T23:19:32.161950
TN 87 0478,7418,15.0,44.35,323.43,03/09/2025 07:39:55,13.048436666666667,80.084055,084055,2025-09-04T23:19:32.162157
TN 87 0478,7418,19.0,44.42,323.46,03/09/2025 07:39:42,13.048561666666666,80.08439166666666,08439166666666,2025-09-04T23:19:32.162336
TN 87 0478,7418,36.0,44.53,323.56,03/09/2025 07:39:32,13.04876,80.08506333333334,08506333333334,2025-09-04T23:19:32.162561
TN 87 0478,7418,41.0,44.63,327.6,03/09/2025 07:39:23,13.048901666666668,80.08603666666667,08603666666667,2025-09-04T23:19:32.162741
TN 87 0478,7418,32.0,44.71,327.62,03/09/2025 07:39:13,13.049003333333333,80.08697,08697,2025-09-04T23:19:32.162933
TN 87 0478,7418,23.0,44.76,327.62,03/09/2025 07:39:02,13.049111666666667,80.087705,087705,2025-09-04T23:19:32.163103
TN 87 0478,7418,19.0,44.83,327.62,03/09/2025 07:38:55,13.049291666666667,80.08806833333334,08806833333334,2025-09-04T23:19:32.163280
TN 87 0478,7418,11.0,44.86,327.61,03/09/2025 07:38:42,13.049758333333333,80.08854,08854,2025-09-04T23:19:32.163477
TN 87 0478,7418,0.0,44.86,327.6,03/09/2025 07:38:33,13.049955,80.088675,088675,2025-09-04T23:19:32.163683
TN 87 0478,7418,10.0,44.9,327.58,03/09/2025 07:38:23,13.05015,80.08881166666667,08881166666667,2025-09-04T23:19:32.163876
TN 87 0478,7418,18.0,44.91,327.57,03/09/2025 07:38:13,13.050468333333333,80.08902333333333,08902333333333,2025-09-04T23:19:32.164042
TN 87 0478,7418,10.0,44.93,327.57,03/09/2025 07:38:03,13.05059,80.08906833333333,08906833333333,2025-09-04T23:19:32.164208
TN 87 0478,7418,7.0,44.97,327.37,03/09/2025 07:37:57,13.050716666666666,80.08915166666667,08915166666667,2025-09-04T23:19:32.164374
TN 87 0478,7418,6.0,44.99,327.37,03/09/2025 07:37:43,13.051006666666666,80.08930166666667,08930166666667,2025-09-04T23:19:32.164550
TN 87 0478,7418,9.0,44.99,327.36,03/09/2025 07:37:34,13.05119,80.08937833333333,08937833333333,2025-09-04T23:19:32.164725
TN 87 0478,7418,6.0,45.02,327.35,03/09/2025 07:37:23,13.051258333333333,80.08939666666667,08939666666667,2025-09-04T23:19:32.164873
TN 87 0478,7418,7.0,45.04,327.35,03/09/2025 07:37:13,13.051513333333334,80.08951833333333,08951833333333,2025-09-04T23:19:32.165031
TN 87 0478,7418,13.0,45.05,327.34,03/09/2025 07:37:03,13.051656666666666,80.08958833333334,08958833333334,2025-09-04T23:19:32.165208
TN 87 0478,7418,0.0,45.05,327.31,03/09/2025 07:36:56,13.051748333333334,80.08963833333334,08963833333334,2025-09-04T23:19:32.165380
TN 87 0478,7418,8.0,45.07,327.31,03/09/2025 07:36:44,13.051815,80.08966833333334,08966833333334,2025-09-04T23:19:32.165550
TN 87 0478,7418,12.0,45.11,327.3,03/09/2025 07:36:33,13.052033333333334,80.08977833333333,08977833333333,2025-09-04T23:19:32.165715
TN 87 0478,7418,11.0,45.14,327.26,03/09/2025 07:36:23,13.052283333333333,80.08991,08991,2025-09-04T23:19:32.165883
TN 87 0478,7418,8.0,45.15,327.25,03/09/2025 07:36:13,13.052525,80.09004,09004,2025-09-04T23:19:32.166047
TN 87 0478,7418,0.0,45.15,327.24,03/09/2025 07:36:03,13.052598333333334,80.09011333333333,09011333333333,2025-09-04T23:19:32.166209
TN 87 0478,7418,0.0,45.15,327.17,03/09/2025 07:35:56,13.052628333333333,80.09010833333333,09010833333333,2025-09-04T23:19:32.166375
TN 87 0478,7418,9.0,45.17,327.17,03/09/2025 07:35:43,13.052745,80.09014833333333,09014833333333,2025-09-04T23:19:32.166541
TN 87 0478,7418,0.0,45.17,327.16,03/09/2025 07:35:33,13.052946666666667,80.09026166666666,09026166666666,2025-09-04T23:19:32.166708
TN 87 0478,7418,11.0,45.23,327.24,03/09/2025 07:35:23,13.0531,80.090345,090345,2025-09-04T23:19:32.166869
TN 87 0478,7418,32.0,45.32,327.25,03/09/2025 07:35:13,13.053573333333333,80.09061333333334,09061333333334,2025-09-04T23:19:32.167032
TN 87 0478,7418,38.0,45.41,327.28,03/09/2025 07:35:04,13.0542,80.09105666666666,09105666666666,2025-09-04T23:19:32.167196
TN 87 0478,7418,43.0,45.56,327.81,03/09/2025 07:34:56,13.054736666666667,80.09165,09165,2025-09-04T23:19:32.167360
TN 87 0478,7418,44.0,45.68,327.81,03/09/2025 07:34:43,13.055396666666667,80.09295333333333,09295333333333,2025-09-04T23:19:32.167563
TN 87 0478,7418,38.0,45.78,327.88,03/09/2025 07:34:33,13.055841666666666,80.09395333333333,09395333333333,2025-09-04T23:19:32.167773
TN 87 0478,7418,37.0,45.88,327.93,03/09/2025 07:34:23,13.056158333333334,80.09477166666667,09477166666667,2025-09-04T23:19:32.167999
TN 87 0478,7418,38.0,45.98,328.33,03/09/2025 07:34:14,13.056308333333334,80.09566833333334,09566833333334,2025-09-04T23:19:32.168158
TN 87 0478,7418,29.0,46.03,328.51,03/09/2025 07:34:03,13.056401666666666,80.09662,09662,2025-09-04T23:19:32.168326
TN 87 0478,7418,22.0,46.11,328.57,03/09/2025 07:33:56,13.05644,80.097065,097065,2025-09-04T23:19:32.168467
TN 87 0478,7418,20.0,46.16,329.22,03/09/2025 07:33:43,13.056531666666666,80.09779,09779,2025-09-04T23:19:32.168629
TN 87 0478,7418,18.0,46.19,329.22,03/09/2025 07:33:33,13.0566,80.098275,098275,2025-09-04T23:19:32.168811
TN 87 0478,7418,0.0,46.19,329.18,03/09/2025 07:33:24,13.056646666666667,80.09851333333333,09851333333333,2025-09-04T23:19:32.168984
TN 87 0478,7418,0.0,46.19,329.47,03/09/2025 07:33:13,13.056646666666667,80.09851333333333,09851333333333,2025-09-04T23:19:32.169152
TN 87 0478,7418,0.0,46.19,329.51,03/09/2025 07:33:03,13.05665,80.09853666666666,09853666666666,2025-09-04T23:19:32.169318
TN 87 0478,7418,0.0,46.19,329.56,03/09/2025 07:32:57,13.056665,80.09859833333333,09859833333333,2025-09-04T23:19:32.169496
TN 87 0478,7418,0.0,46.19,330.28,03/09/2025 07:32:43,13.056665,80.09859833333333,09859833333333,2025-09-04T23:19:32.169659
TN 87 0478,7418,0.0,46.19,330.28,03/09/2025 07:32:34,13.056665,80.09859833333333,09859833333333,2025-09-04T23:19:32.169823
TN 87 0478,7418,7.0,46.22,330.3,03/09/2025 07:32:23,13.056668333333333,80.09869666666667,09869666666667,2025-09-04T23:19:32.169988
TN 87 0478,7418,11.0,46.25,329.46,03/09/2025 07:32:13,13.056731666666666,80.099,099,2025-09-04T23:19:32.170150
TN 87 0478,7418,20.0,46.28,329.23,03/09/2025 07:32:03,13.056806666666667,80.09926166666666,09926166666666,2025-09-04T23:19:32.170313
TN 87 0478,7418,7.0,46.28,328.84,03/09/2025 07:31:57,13.056848333333333,80.09949833333333,09949833333333,2025-09-04T23:19:32.170477
TN 87 0478,7418,0.0,46.28,327.14,03/09/2025 07:31:44,13.056858333333333,80.09951666666667,09951666666667,2025-09-04T23:19:32.170641
TN 87 0478,7418,0.0,46.28,324.06,03/09/2025 07:31:34,13.056858333333333,80.09951666666667,09951666666667,2025-09-04T23:19:32.170806
TN 87 0478,7418,6.0,46.31,324.03,03/09/2025 07:31:24,13.056865,80.09952833333334,09952833333334,2025-09-04T23:19:32.170969
TN 87 0478,7418,23.0,46.44,324.03,03/09/2025 07:31:14,13.056963333333334,80.09982833333333,09982833333333,2025-09-04T23:19:32.171135
TN 87 0478,7418,50.0,46.78,326.37,03/09/2025 07:31:03,13.057236666666666,80.101005,101005,2025-09-04T23:19:32.171296
TN 87 0478,7418,34.0,46.9,326.4,03/09/2025 07:30:34,13.057225,80.104145,104145,2025-09-04T23:19:32.171462
TN 87 0478,7418,57.0,47.05,326.55,03/09/2025 07:30:24,13.057175,80.10524333333333,10524333333333,2025-09-04T23:19:32.171629
TN 87 0478,7418,52.0,47.19,329.54,03/09/2025 07:30:14,13.057051666666666,80.10663666666666,10663666666666,2025-09-04T23:19:32.171802
TN 87 0478,7418,48.0,47.28,329.82,03/09/2025 07:30:04,13.05692,80.10791,10791,2025-09-04T23:19:32.171973
TN 87 0478,7418,48.0,47.44,330.0,03/09/2025 07:29:57,13.056846666666667,80.10877166666667,10877166666667,2025-09-04T23:19:32.172142
TN 87 0478,7418,43.0,47.57,329.89,03/09/2025 07:29:44,13.05676,80.110235,110235,2025-09-04T23:19:32.172302
TN 87 0478,7418,51.0,47.71,319.13,03/09/2025 07:29:34,13.056738333333334,80.11136666666667,11136666666667,2025-09-04T23:19:32.172471
TN 87 0478,7418,49.0,47.85,317.86,03/09/2025 07:29:24,13.056791666666667,80.11267166666667,11267166666667,2025-09-04T23:19:32.172673
TN 87 0478,7418,54.0,47.99,317.86,03/09/2025 07:29:14,13.056831666666668,80.11398166666666,11398166666666,2025-09-04T23:19:32.172841
TN 87 0478,7418,56.0,48.11,319.95,03/09/2025 07:29:05,13.056716666666667,80.11526,11526,2025-09-04T23:19:32.173026
TN 87 0478,7418,54.0,48.34,321.09,03/09/2025 07:28:57,13.056415,80.11636333333334,11636333333334,2025-09-04T23:19:32.173227
TN 87 0478,7418,35.0,48.42,321.34,03/09/2025 07:28:39,13.055788333333334,80.11835333333333,11835333333333,2025-09-04T23:19:32.173412
TN 87 0478,7418,23.0,48.47,321.23,03/09/2025 07:28:29,13.055566666666667,80.11905,11905,2025-09-04T23:19:32.173586
TN 87 0478,7418,20.0,48.6,321.23,03/09/2025 07:28:20,13.055355,80.11945666666666,11945666666666,2025-09-04T23:19:32.173779
TN 87 0478,7418,47.0,48.72,322.78,03/09/2025 07:28:09,13.055008333333333,80.120595,120595,2025-09-04T23:19:32.173980
TN 87 0478,7418,43.0,48.82,323.03,03/09/2025 07:27:59,13.054668333333334,80.12169833333333,12169833333333,2025-09-04T23:19:32.174189
TN 87 0478,7418,31.0,48.91,323.03,03/09/2025 07:27:49,13.054466666666666,80.12262333333334,12262333333334,2025-09-04T23:19:32.174432
TN 87 0478,7418,28.0,48.96,323.03,03/09/2025 07:27:39,13.054506666666667,80.12339166666666,12339166666666,2025-09-04T23:19:32.174639
TN 87 0478,7418,20.0,49.03,323.14,03/09/2025 07:27:30,13.054338333333334,80.12386833333333,12386833333333,2025-09-04T23:19:32.174856
TN 87 0478,7418,20.0,49.07,323.16,03/09/2025 07:27:19,13.053751666666667,80.12382,12382,2025-09-04T23:19:32.175098
TN 87 0478,7418,11.0,49.12,323.2,03/09/2025 07:27:09,13.053406666666667,80.123725,123725,2025-09-04T23:19:32.175279
TN 87 0478,7418,29.0,49.19,322.19,03/09/2025 07:26:59,13.052996666666667,80.12357666666666,12357666666666,2025-09-04T23:19:32.175489
TN 87 0478,7418,18.0,49.22,322.19,03/09/2025 07:26:49,13.052421666666667,80.123245,123245,2025-09-04T23:19:32.175665
TN 87 0478,7418,0.0,49.22,321.77,03/09/2025 07:26:40,13.052226666666666,80.12307666666666,12307666666666,2025-09-04T23:19:32.175844
TN 87 0478,7418,12.0,49.28,320.28,03/09/2025 07:26:29,13.052083333333334,80.12298833333334,12298833333334,2025-09-04T23:19:32.176021
TN 87 0478,7418,36.0,49.56,323.13,03/09/2025 07:26:20,13.051616666666666,80.12265833333333,12265833333333,2025-09-04T23:19:32.176195
TN 87 0478,7418,38.0,49.67,323.13,03/09/2025 07:25:57,13.049483333333333,80.12126833333333,12126833333333,2025-09-04T23:19:32.176359
TN 87 0478,7418,29.0,49.77,323.11,03/09/2025 07:25:45,13.04865,80.120735,120735,2025-09-04T23:19:32.176525
TN 87 0478,7418,41.0,49.88,323.11,03/09/2025 07:25:35,13.04788,80.12027333333333,12027333333333,2025-09-04T23:19:32.176695
TN 87 0478,7418,41.0,50.0,323.19,03/09/2025 07:25:25,13.047043333333333,80.11966333333334,11966333333334,2025-09-04T23:19:32.176951
TN 87 0478,7418,42.0,50.11,323.22,03/09/2025 07:25:15,13.046316666666666,80.11884,11884,2025-09-04T23:19:32.177138
TN 87 0478,7418,33.0,50.17,323.25,03/09/2025 07:25:05,13.045856666666667,80.11802,11802,2025-09-04T23:19:32.177340
TN 87 0478,7418,18.0,50.23,322.81,03/09/2025 07:24:57,13.045616666666668,80.117525,117525,2025-09-04T23:19:32.177563
TN 87 0478,7418,14.0,50.25,322.76,03/09/2025 07:24:45,13.045411666666666,80.11702666666666,11702666666666,2025-09-04T23:19:32.177744
TN 87 0478,7418,11.0,50.27,322.64,03/09/2025 07:24:35,13.045251666666667,80.11691666666667,11691666666667,2025-09-04T23:19:32.177954
TN 87 0478,7418,0.0,50.27,322.34,03/09/2025 07:24:25,13.045156666666667,80.11706666666667,11706666666667,2025-09-04T23:19:32.178178
TN 87 0478,7418,0.0,50.27,322.31,03/09/2025 07:24:15,13.045155,80.117075,117075,2025-09-04T23:19:32.178331
TN 87 0478,7418,0.0,50.27,322.26,03/09/2025 07:24:05,13.045145,80.11723666666667,11723666666667,2025-09-04T23:19:32.178507
TN 87 0478,7418,0.0,50.27,321.71,03/09/2025 07:23:58,13.04515,80.11725833333334,11725833333334,2025-09-04T23:19:32.178707
TN 87 0478,7418,24.0,50.5,321.71,03/09/2025 07:23:48,13.045018333333333,80.11783833333334,11783833333334,2025-09-04T23:19:32.178899
TN 87 0478,7418,29.0,50.59,321.71,03/09/2025 07:23:15,13.044255,80.119875,119875,2025-09-04T23:19:32.179117
TN 87 0478,7418,36.0,50.66,321.71,03/09/2025 07:23:05,13.043946666666667,80.120605,120605,2025-09-04T23:19:32.179299
TN 87 0478,7418,37.0,50.79,325.62,03/09/2025 07:22:58,13.04371,80.12124166666666,12124166666666,2025-09-04T23:19:32.179476
TN 87 0478,7418,28.0,50.85,325.62,03/09/2025 07:22:45,13.0433,80.12230833333334,12230833333334,2025-09-04T23:19:32.179654
TN 87 0478,7418,19.0,50.9,325.8,03/09/2025 07:22:35,13.043063333333333,80.12289,12289,2025-09-04T23:19:32.179829
TN 87 0478,7418,19.0,50.99,325.84,03/09/2025 07:22:26,13.042901666666667,80.12327166666667,12327166666667,2025-09-04T23:19:32.180003
TN 87 0478,7418,30.0,51.09,327.21,03/09/2025 07:22:15,13.042578333333333,80.12406166666666,12406166666666,2025-09-04T23:19:32.180194
TN 87 0478,7418,39.0,51.16,327.95,03/09/2025 07:22:05,13.042233333333334,80.1249,1249,2025-09-04T23:19:32.180374
TN 87 0478,7418,40.0,51.3,328.81,03/09/2025 07:21:59,13.041955,80.125445,125445,2025-09-04T23:19:32.180550
TN 87 0478,7418,30.0,51.36,330.39,03/09/2025 07:21:45,13.041448333333333,80.12664,12664,2025-09-04T23:19:32.180711
TN 87 0478,7418,22.0,51.41,330.42,03/09/2025 07:21:36,13.041216666666667,80.12719166666666,12719166666666,2025-09-04T23:19:32.180862
TN 87 0478,7418,11.0,51.43,330.54,03/09/2025 07:21:25,13.041066666666667,80.12764333333334,12764333333334,2025-09-04T23:19:32.181037
TN 87 0478,7418,0.0,51.43,330.52,03/09/2025 07:21:15,13.041026666666667,80.12776833333334,12776833333334,2025-09-04T23:19:32.181203
TN 87 0478,7418,0.0,51.43,330.51,03/09/2025 07:21:05,13.040983333333333,80.12782333333334,12782333333334,2025-09-04T23:19:32.181367
TN 87 0478,7418,9.0,51.45,330.51,03/09/2025 07:20:59,13.040935,80.12793,12793,2025-09-04T23:19:32.181545
TN 87 0478,7418,0.0,51.45,330.5,03/09/2025 07:20:46,13.040881666666667,80.12808,12808,2025-09-04T23:19:32.181710
TN 87 0478,7418,0.0,51.45,330.69,03/09/2025 07:20:35,13.040875,80.12810166666667,12810166666667,2025-09-04T23:19:32.181886
TN 87 0478,7418,0.0,51.45,330.91,03/09/2025 07:20:26,13.040876666666666,80.12813666666666,12813666666666,2025-09-04T23:19:32.182182
TN 87 0478,7418,6.0,51.47,331.17,03/09/2025 07:20:16,13.04081,80.12828166666667,12828166666667,2025-09-04T23:19:32.182415
TN 87 0478,7418,8.0,51.49,331.23,03/09/2025 07:20:06,13.04075,80.12845833333333,12845833333333,2025-09-04T23:19:32.182614
TN 87 0478,7418,11.0,51.52,331.24,03/09/2025 07:19:58,13.040701666666667,80.12863333333334,12863333333334,2025-09-04T23:19:32.182822
TN 87 0478,7418,9.0,51.54,331.25,03/09/2025 07:19:46,13.040618333333333,80.12892,12892,2025-09-04T23:19:32.183043
TN 87 0478,7418,0.0,51.54,331.29,03/09/2025 07:19:36,13.040641666666666,80.12915,12915,2025-09-04T23:19:32.183267
TN 87 0478,7418,0.0,51.54,331.29,03/09/2025 07:19:26,13.040553333333333,80.12930833333333,12930833333333,2025-09-04T23:19:32.183460
TN 87 0478,7418,0.0,51.54,331.3,03/09/2025 07:19:16,13.040453333333334,80.12935666666667,12935666666667,2025-09-04T23:19:32.183672
TN 87 0478,7418,8.0,51.54,331.35,03/09/2025 07:19:06,13.040366666666667,80.12949166666667,12949166666667,2025-09-04T23:19:32.183889
TN 87 0478,7418,0.0,51.54,331.36,03/09/2025 07:18:59,13.040345,80.129565,129565,2025-09-04T23:19:32.184084
TN 87 0478,7418,15.0,51.61,331.38,03/09/2025 07:18:41,13.040175,80.12991,12991,2025-09-04T23:19:32.184276
TN 87 0478,7418,28.0,51.68,331.51,03/09/2025 07:18:31,13.039975,80.13046833333334,13046833333334,2025-09-04T23:19:32.184461
TN 87 0478,7418,26.0,51.75,331.53,03/09/2025 07:18:21,13.039723333333333,80.13110666666667,13110666666667,2025-09-04T23:19:32.184646
TN 87 0478,7418,26.0,51.82,331.57,03/09/2025 07:18:12,13.039523333333333,80.131665,131665,2025-09-04T23:19:32.184852
TN 87 0478,7418,19.0,51.86,331.72,03/09/2025 07:18:01,13.039285,80.13227333333333,13227333333333,2025-09-04T23:19:32.185051
TN 87 0478,7418,14.0,51.91,331.72,03/09/2025 07:17:51,13.039155,80.13263833333333,13263833333333,2025-09-04T23:19:32.185218
TN 87 0478,7418,23.0,51.97,331.74,03/09/2025 07:17:41,13.038981666666666,80.13305666666666,13305666666666,2025-09-04T23:19:32.185404
TN 87 0478,7418,15.0,52.01,331.76,03/09/2025 07:17:31,13.038766666666668,80.13359333333334,13359333333334,2025-09-04T23:19:32.185572
TN 87 0478,7418,16.0,52.06,332.85,03/09/2025 07:17:22,13.038656666666666,80.13390166666667,13390166666667,2025-09-04T23:19:32.185738
TN 87 0478,7418,19.0,52.11,333.01,03/09/2025 07:17:11,13.038433333333334,80.13436833333333,13436833333333,2025-09-04T23:19:32.185903
TN 87 0478,7418,10.0,52.15,333.02,03/09/2025 07:17:01,13.038283333333334,80.13477166666667,13477166666667,2025-09-04T23:19:32.186057
TN 87 0478,7418,17.0,52.18,333.02,03/09/2025 07:16:51,13.038173333333333,80.13507,13507,2025-09-04T23:19:32.186242
TN 87 0478,7418,0.0,52.18,332.94,03/09/2025 07:16:41,13.038073333333333,80.13533166666667,13533166666667,2025-09-04T23:19:32.186401
TN 87 0478,7418,0.0,52.18,332.89,03/09/2025 07:16:32,13.03805,80.13544,13544,2025-09-04T23:19:32.186575
TN 87 0478,7418,0.0,52.18,332.68,03/09/2025 07:16:21,13.037971666666667,80.13557666666667,13557666666667,2025-09-04T23:19:32.186750
TN 87 0478,7418,0.0,52.18,332.78,03/09/2025 07:16:12,13.037971666666667,80.13557666666667,13557666666667,2025-09-04T23:19:32.186916
TN 87 0478,7418,0.0,52.18,332.51,03/09/2025 07:16:02,13.037971666666667,80.13557666666667,13557666666667,2025-09-04T23:19:32.187119
TN 87 0478,7418,0.0,52.18,332.46,03/09/2025 07:15:52,13.037971666666667,80.13557666666667,13557666666667,2025-09-04T23:19:32.187326
TN 87 0478,7418,7.0,52.19,332.55,03/09/2025 07:15:42,13.03793,80.13569833333334,13569833333334,2025-09-04T23:19:32.187541
TN 87 0478,7418,9.0,52.23,332.56,03/09/2025 07:15:32,13.037891666666667,80.13583333333334,13583333333334,2025-09-04T23:19:32.187751
TN 87 0478,7418,0.0,52.23,332.61,03/09/2025 07:15:22,13.037781666666667,80.13612833333333,13612833333333,2025-09-04T23:19:32.187948
TN 87 0478,7418,0.0,52.23,332.68,03/09/2025 07:15:12,13.037781666666667,80.13612833333333,13612833333333,2025-09-04T23:19:32.188131
TN 87 0478,7418,0.0,52.23,332.69,03/09/2025 07:15:02,13.037781666666667,80.13612833333333,13612833333333,2025-09-04T23:19:32.188309
TN 87 0478,7418,13.0,52.26,332.69,03/09/2025 07:14:52,13.037765,80.13621166666667,13621166666667,2025-09-04T23:19:32.188517
TN 87 0478,7418,8.0,52.28,332.72,03/09/2025 07:14:42,13.037708333333333,80.13650666666666,13650666666666,2025-09-04T23:19:32.188711
TN 87 0478,7418,10.0,52.31,332.73,03/09/2025 07:14:32,13.037696666666667,80.13668833333334,13668833333334,2025-09-04T23:19:32.188893
TN 87 0478,7418,0.0,52.31,332.71,03/09/2025 07:14:22,13.037671666666666,80.13700833333333,13700833333333,2025-09-04T23:19:32.189087
TN 87 0478,7418,0.0,52.31,332.62,03/09/2025 07:14:12,13.037671666666666,80.13700833333333,13700833333333,2025-09-04T23:19:32.189247
TN 87 0478,7418,0.0,52.31,332.45,03/09/2025 07:14:02,13.037671666666666,80.13700833333333,13700833333333,2025-09-04T23:19:32.189418
TN 87 0478,7418,0.0,52.31,332.47,03/09/2025 07:13:52,13.037671666666666,80.13700833333333,13700833333333,2025-09-04T23:19:32.189608
TN 87 0478,7418,0.0,52.31,332.47,03/09/2025 07:13:42,13.037671666666666,80.13702833333333,13702833333333,2025-09-04T23:19:32.189776
TN 87 0478,7418,7.0,52.34,332.39,03/09/2025 07:13:32,13.037568333333333,80.13726666666666,13726666666666,2025-09-04T23:19:32.189951
TN 87 0478,7418,9.0,52.36,332.36,03/09/2025 07:13:22,13.037485,80.137525,137525,2025-09-04T23:19:32.190130
TN 87 0478,7418,0.0,52.36,332.23,03/09/2025 07:13:12,13.037493333333334,80.13769166666667,13769166666667,2025-09-04T23:19:32.190332
TN 87 0478,7418,9.0,52.4,331.31,03/09/2025 07:13:03,13.037468333333333,80.13781666666667,13781666666667,2025-09-04T23:19:32.190508
TN 87 0478,7418,0.0,52.4,331.31,03/09/2025 07:12:52,13.037428333333333,80.13815333333334,13815333333334,2025-09-04T23:19:32.190677
TN 87 0478,7418,0.0,52.4,331.25,03/09/2025 07:12:42,13.03743,80.13817333333333,13817333333333,2025-09-04T23:19:32.190834
TN 87 0478,7418,0.0,52.4,331.26,03/09/2025 07:12:32,13.037428333333333,80.138205,138205,2025-09-04T23:19:32.190987
TN 87 0478,7418,0.0,52.4,331.92,03/09/2025 07:12:23,13.037426666666667,80.13825833333334,13825833333334,2025-09-04T23:19:32.191149
TN 87 0478,7418,0.0,52.4,331.92,03/09/2025 07:12:13,13.037413333333333,80.13828166666667,13828166666667,2025-09-04T23:19:32.191345
TN 87 0478,7418,0.0,52.4,331.84,03/09/2025 07:12:03,13.037366666666667,80.13844666666667,13844666666667,2025-09-04T23:19:32.191524
TN 87 0478,7418,0.0,52.4,331.84,03/09/2025 07:11:53,13.037363333333333,80.13850166666667,13850166666667,2025-09-04T23:19:32.191685
TN 87 0478,7418,0.0,52.4,331.79,03/09/2025 07:11:43,13.037363333333333,80.13850166666667,13850166666667,2025-09-04T23:19:32.191851
TN 87 0478,7418,0.0,52.4,331.76,03/09/2025 07:11:33,13.037361666666667,80.13850666666667,13850666666667,2025-09-04T23:19:32.191987
TN 87 0478,7418,6.0,52.42,331.58,03/09/2025 07:11:24,13.037353333333334,80.13856333333334,13856333333334,2025-09-04T23:19:32.192143
TN 87 0478,7418,0.0,52.42,331.54,03/09/2025 07:11:13,13.037326666666667,80.13875833333333,13875833333333,2025-09-04T23:19:32.192320
TN 87 0478,7418,0.0,52.42,331.45,03/09/2025 07:11:03,13.037325,80.13882166666667,13882166666667,2025-09-04T23:19:32.192494
TN 87 0478,7418,9.0,52.44,331.45,03/09/2025 07:10:53,13.037295,80.13900166666667,13900166666667,2025-09-04T23:19:32.192680
TN 87 0478,7418,7.0,52.45,331.03,03/09/2025 07:10:43,13.037285,80.13919333333334,13919333333334,2025-09-04T23:19:32.192864
TN 87 0478,7418,0.0,52.45,330.94,03/09/2025 07:10:34,13.037253333333334,80.13929333333333,13929333333333,2025-09-04T23:19:32.193021
TN 87 0478,7418,17.0,52.52,330.88,03/09/2025 07:10:25,13.037218333333334,80.13946166666666,13946166666666,2025-09-04T23:19:32.193211
TN 87 0478,7418,35.0,52.89,327.58,03/09/2025 07:10:16,13.037136666666667,80.14015,14015,2025-09-04T23:19:32.193385
TN 87 0478,7418,46.0,53.01,328.12,03/09/2025 07:09:38,13.036616666666667,80.1435,1435,2025-09-04T23:19:32.193673
TN 87 0478,7418,39.0,53.1,330.22,03/09/2025 07:09:28,13.036466666666668,80.14461333333334,14461333333334,2025-09-04T23:19:32.193849
TN 87 0478,7418,25.0,53.17,331.04,03/09/2025 07:09:18,13.036345,80.14544333333333,14544333333333,2025-09-04T23:19:32.193994
TN 87 0478,7418,27.0,53.22,331.06,03/09/2025 07:09:08,13.036243333333333,80.14606,14606,2025-09-04T23:19:32.194176
TN 87 0478,7418,25.0,53.4,331.1,03/09/2025 07:09:01,13.036203333333333,80.146505,146505,2025-09-04T23:19:32.194338
TN 87 0478,7418,38.0,53.49,331.26,03/09/2025 07:08:44,13.036176666666666,80.14811666666667,14811666666667,2025-09-04T23:19:32.194558
TN 87 0478,7418,24.0,53.55,331.28,03/09/2025 07:08:34,13.036191666666667,80.14901666666667,14901666666667,2025-09-04T23:19:32.194772
TN 87 0478,7418,17.0,53.62,331.32,03/09/2025 07:08:24,13.03619,80.14958666666666,14958666666666,2025-09-04T23:19:32.194993
TN 87 0478,7418,35.0,53.73,331.57,03/09/2025 07:08:14,13.036221666666666,80.15024,15024,2025-09-04T23:19:32.195177
TN 87 0478,7418,32.0,53.81,331.64,03/09/2025 07:08:04,13.03625,80.15117833333333,15117833333333,2025-09-04T23:19:32.195374
TN 87 0478,7418,26.0,53.87,331.68,03/09/2025 07:07:54,13.036276666666666,80.15193166666667,15193166666667,2025-09-04T23:19:32.195541
TN 87 0478,7418,22.0,53.92,331.83,03/09/2025 07:07:44,13.036301666666667,80.15252666666666,15252666666666,2025-09-04T23:19:32.195723
TN 87 0478,7418,10.0,53.96,331.86,03/09/2025 07:07:34,13.036275,80.15300666666667,15300666666667,2025-09-04T23:19:32.195905
TN 87 0478,7418,11.0,53.97,331.89,03/09/2025 07:07:24,13.036121666666666,80.153315,153315,2025-09-04T23:19:32.196067
TN 87 0478,7418,0.0,53.97,332.22,03/09/2025 07:07:14,13.036055,80.15338833333334,15338833333334,2025-09-04T23:19:32.196255
TN 87 0478,7418,8.0,54.03,332.38,03/09/2025 07:07:04,13.03597,80.15342333333334,15342333333334,2025-09-04T23:19:32.196438
TN 87 0478,7418,20.0,54.08,332.38,03/09/2025 07:06:54,13.03558,80.15381666666667,15381666666667,2025-09-04T23:19:32.196644
TN 87 0478,7418,10.0,54.13,332.45,03/09/2025 07:06:44,13.035421666666666,80.15424,15424,2025-09-04T23:19:32.196818
TN 87 0478,7418,22.0,54.19,336.49,03/09/2025 07:06:34,13.035258333333333,80.15465833333333,15465833333333,2025-09-04T23:19:32.196978
TN 87 0478,7418,18.0,54.24,336.52,03/09/2025 07:06:25,13.035075,80.15521166666667,15521166666667,2025-09-04T23:19:32.197154
TN 87 0478,7418,7.0,54.26,336.54,03/09/2025 07:06:14,13.034931666666667,80.15560166666667,15560166666667,2025-09-04T23:19:32.197322
TN 87 0478,7418,12.0,54.3,334.85,03/09/2025 07:06:04,13.034883333333333,80.15576166666666,15576166666666,2025-09-04T23:19:32.197502
TN 87 0478,7418,18.0,54.35,334.85,03/09/2025 07:05:54,13.035001666666666,80.15617166666667,15617166666667,2025-09-04T23:19:32.197692
TN 87 0478,7418,14.0,54.38,333.7,03/09/2025 07:05:46,13.035268333333333,80.15648,15648,2025-09-04T23:19:32.197876
TN 87 0478,7418,0.0,54.38,332.76,03/09/2025 07:05:20,13.035521666666666,80.15658,15658,2025-09-04T23:19:32.198056
TN 87 0478,7418,15.0,54.42,332.78,03/09/2025 07:05:10,13.035731666666667,80.15677333333333,15677333333333,2025-09-04T23:19:32.198251
TN 87 0478,7418,20.0,54.49,332.79,03/09/2025 07:05:04,13.036023333333333,80.15701166666666,15701166666666,2025-09-04T23:19:32.198408
TN 87 0478,7418,18.0,54.53,332.82,03/09/2025 07:04:50,13.036556666666666,80.15740666666666,15740666666666,2025-09-04T23:19:32.198589
TN 87 0478,7418,15.0,54.6,332.92,03/09/2025 07:04:41,13.036755,80.15773333333334,15773333333334,2025-09-04T23:19:32.198762
TN 87 0478,7418,19.0,54.65,332.94,03/09/2025 07:04:30,13.037001666666667,80.15824333333333,15824333333333,2025-09-04T23:19:32.198934
TN 87 0478,7418,11.0,54.68,333.05,03/09/2025 07:04:20,13.0372,80.158695,158695,2025-09-04T23:19:32.199111
TN 87 0478,7418,21.0,54.73,333.07,03/09/2025 07:04:10,13.037311666666668,80.15896833333333,15896833333333,2025-09-04T23:19:32.199291
TN 87 0478,7418,24.0,54.81,333.09,03/09/2025 07:04:03,13.037468333333333,80.15942666666666,15942666666666,2025-09-04T23:19:32.199455
TN 87 0478,7418,17.0,54.88,333.1,03/09/2025 07:03:51,13.037625,80.160085,160085,2025-09-04T23:19:32.199625
TN 87 0478,7418,24.0,54.95,333.38,03/09/2025 07:03:40,13.037703333333333,80.16074833333333,16074833333333,2025-09-04T23:19:32.199794
TN 87 0478,7418,26.0,55.02,333.5,03/09/2025 07:03:30,13.037761666666666,80.16141,16141,2025-09-04T23:19:32.199963
TN 87 0478,7418,23.0,55.09,333.66,03/09/2025 07:03:20,13.037835,80.16203,16203,2025-09-04T23:19:32.200521
TN 87 0478,7418,25.0,55.17,333.79,03/09/2025 07:03:10,13.037955,80.16267,16267,2025-09-04T23:19:32.200750
TN 87 0478,7418,21.0,55.27,333.84,03/09/2025 07:03:03,13.03818,80.16334666666667,16334666666667,2025-09-04T23:19:32.201167
TN 87 0478,7418,20.0,55.32,334.1,03/09/2025 07:02:45,13.038233333333332,80.16433,16433,2025-09-04T23:19:32.201394
TN 87 0478,7418,19.0,55.37,334.11,03/09/2025 07:02:36,13.038293333333334,80.16476666666667,16476666666667,2025-09-04T23:19:32.201605
TN 87 0478,7418,11.0,55.4,334.16,03/09/2025 07:02:26,13.038301666666667,80.16524333333334,16524333333334,2025-09-04T23:19:32.201823
TN 87 0478,7418,0.0,55.4,334.09,03/09/2025 07:02:16,13.038211666666667,80.16543666666666,16543666666666,2025-09-04T23:19:32.202013
TN 87 0478,7418,0.0,55.4,334.06,03/09/2025 07:02:07,13.038206666666667,80.16549666666667,16549666666667,2025-09-04T23:19:32.202180
TN 87 0478,7418,0.0,55.4,334.03,03/09/2025 07:01:56,13.038291666666666,80.165505,165505,2025-09-04T23:19:32.202348
TN 87 0478,7418,19.0,55.46,334.0,03/09/2025 07:01:46,13.038318333333333,80.16590666666667,16590666666667,2025-09-04T23:19:32.202515
TN 87 0478,7418,25.0,55.52,333.88,03/09/2025 07:01:36,13.038403333333333,80.16650833333334,16650833333334,2025-09-04T23:19:32.202712
TN 87 0478,7418,18.0,55.57,333.85,03/09/2025 07:01:26,13.03852,80.16705666666667,16705666666667,2025-09-04T23:19:32.202903
TN 87 0478,7418,20.0,55.63,333.81,03/09/2025 07:01:17,13.03859,80.16749833333333,16749833333333,2025-09-04T23:19:32.203089
TN 87 0478,7418,20.0,55.69,333.02,03/09/2025 07:01:06,13.03869,80.16805333333333,16805333333333,2025-09-04T23:19:32.203293
TN 87 0478,7418,20.0,55.75,333.02,03/09/2025 07:00:56,13.038806666666666,80.16853166666667,16853166666667,2025-09-04T23:19:32.203586
TN 87 0478,7418,11.0,55.77,332.78,03/09/2025 07:00:46,13.038953333333334,80.16909,16909,2025-09-04T23:19:32.203812
TN 87 0478,7418,0.0,55.77,330.46,03/09/2025 07:00:36,13.039005,80.16922666666666,16922666666666,2025-09-04T23:19:32.204007
TN 87 0478,7418,0.0,55.77,329.97,03/09/2025 07:00:27,13.03902,80.16925833333333,16925833333333,2025-09-04T23:19:32.204198
TN 87 0478,7418,13.0,55.83,329.72,03/09/2025 07:00:19,13.039156666666667,80.16959166666666,16959166666666,2025-09-04T23:19:32.204359
TN 87 0478,7418,26.0,56.67,329.82,03/09/2025 07:00:09,13.03948,80.17006833333333,17006833333333,2025-09-04T23:19:32.204503
TN 87 0478,7418,15.0,56.7,335.09,03/09/2025 06:57:13,13.042021666666667,80.17737,17737,2025-09-04T23:19:32.204662
TN 87 0478,7418,17.0,56.77,335.25,03/09/2025 06:57:06,13.042011666666667,80.17762833333333,17762833333333,2025-09-04T23:19:32.204859
TN 87 0478,7418,17.0,56.81,335.3,03/09/2025 06:56:53,13.041971666666667,80.17833333333333,17833333333333,2025-09-04T23:19:32.205062
TN 87 0478,7418,0.0,56.81,334.52,03/09/2025 06:56:43,13.041915,80.17868166666666,17868166666666,2025-09-04T23:19:32.205256
TN 87 0478,7418,0.0,56.81,334.13,03/09/2025 06:56:33,13.041915,80.17868166666666,17868166666666,2025-09-04T23:19:32.205437
TN 87 0478,7418,0.0,56.81,332.83,03/09/2025 06:56:23,13.041915,80.17868166666666,17868166666666,2025-09-04T23:19:32.205643
TN 87 0478,7418,0.0,56.81,332.11,03/09/2025 06:56:14,13.041915,80.17868166666666,17868166666666,2025-09-04T23:19:32.205818
TN 87 0478,7418,10.0,56.87,332.11,03/09/2025 06:56:06,13.041881666666667,80.17879666666667,17879666666667,2025-09-04T23:19:32.205983
TN 87 0478,7418,11.0,56.91,332.11,03/09/2025 06:55:53,13.041943333333334,80.17936833333333,17936833333333,2025-09-04T23:19:32.206144
TN 87 0478,7418,10.0,56.95,332.12,03/09/2025 06:55:43,13.042011666666667,80.17973833333333,17973833333333,2025-09-04T23:19:32.206325
TN 87 0478,7418,10.0,56.98,332.11,03/09/2025 06:55:33,13.04212,80.18008666666667,18008666666667,2025-09-04T23:19:32.206527
TN 87 0478,7418,0.0,56.98,332.1,03/09/2025 06:55:24,13.042208333333333,80.180355,180355,2025-09-04T23:19:32.206727
TN 87 0478,7418,0.0,56.98,331.98,03/09/2025 06:55:13,13.042208333333333,80.180355,180355,2025-09-04T23:19:32.206917
TN 87 0478,7418,13.0,57.04,331.98,03/09/2025 06:55:06,13.042291666666667,80.18044,18044,2025-09-04T23:19:32.207091
TN 87 0478,7418,15.0,57.06,331.95,03/09/2025 06:54:54,13.04244,80.18095,18095,2025-09-04T23:19:32.207259
TN 87 0478,7418,0.0,57.06,331.82,03/09/2025 06:54:44,13.042441666666667,80.18116833333333,18116833333333,2025-09-04T23:19:32.207434
TN 87 0478,7418,0.0,57.06,335.12,03/09/2025 06:54:36,13.042433333333333,80.18119,18119,2025-09-04T23:19:32.207659
TN 87 0478,7418,21.0,57.13,335.26,03/09/2025 06:48:27,13.047541666666667,80.196685,196685,2025-09-04T23:19:32.207869
TN 87 0478,7418,16.0,57.15,335.44,03/09/2025 06:48:17,13.047561666666667,80.19612166666667,19612166666667,2025-09-04T23:19:32.208065
TN 87 0478,7418,11.0,57.2,335.45,03/09/2025 06:48:11,13.047605,80.19594,19594,2025-09-04T23:19:32.208271
TN 87 0478,7418,9.0,57.22,335.48,03/09/2025 06:47:57,13.048103333333334,80.19578666666666,19578666666666,2025-09-04T23:19:32.208464
TN 87 0478,7418,0.0,57.22,335.53,03/09/2025 06:47:48,13.048223333333333,80.19577833333334,19577833333334,2025-09-04T23:19:32.208629
TN 87 0478,7418,17.0,57.25,335.55,03/09/2025 06:47:37,13.048501666666667,80.19574,19574,2025-09-04T23:19:32.208814
TN 87 0478,7418,17.0,57.32,335.58,03/09/2025 06:47:27,13.04874,80.19551,19551,2025-09-04T23:19:32.209029
TN 87 0478,7418,20.0,57.35,335.66,03/09/2025 06:47:17,13.048865,80.194945,194945,2025-09-04T23:19:32.209327
TN 87 0478,7418,19.0,57.41,335.68,03/09/2025 06:47:10,13.048941666666666,80.19462333333334,19462333333334,2025-09-04T23:19:32.209531
TN 87 0478,7418,9.0,57.43,335.68,03/09/2025 06:46:58,13.049091666666667,80.19407166666667,19407166666667,2025-09-04T23:19:32.209733
TN 87 0478,7418,0.0,57.43,335.78,03/09/2025 06:46:47,13.049056666666667,80.19388833333333,19388833333333,2025-09-04T23:19:32.209899
TN 87 0478,7418,0.0,57.43,335.8,03/09/2025 06:46:38,13.049056666666667,80.19388833333333,19388833333333,2025-09-04T23:19:32.210052
TN 87 0478,7418,0.0,57.43,335.84,03/09/2025 06:46:28,13.049056666666667,80.19388833333333,19388833333333,2025-09-04T23:19:32.210221
TN 87 0478,7418,0.0,57.43,335.9,03/09/2025 06:46:18,13.049056666666667,80.19388833333333,19388833333333,2025-09-04T23:19:32.210384
TN 87 0478,7418,0.0,57.43,335.92,03/09/2025 06:46:11,13.049056666666667,80.19388833333333,19388833333333,2025-09-04T23:19:32.210547
TN 87 0478,7418,0.0,57.43,335.92,03/09/2025 06:45:58,13.049056666666667,80.19388833333333,19388833333333,2025-09-04T23:19:32.210700
TN 87 0478,7418,0.0,57.43,335.94,03/09/2025 06:45:48,13.049056666666667,80.19388833333333,19388833333333,2025-09-04T23:19:32.210849
TN 87 0478,7418,0.0,57.43,335.95,03/09/2025 06:45:38,13.049056666666667,80.19388833333333,19388833333333,2025-09-04T23:19:32.211002
TN 87 0478,7418,0.0,57.43,335.95,03/09/2025 06:45:28,13.049056666666667,80.19388833333333,19388833333333,2025-09-04T23:19:32.211171
TN 87 0478,7418,0.0,57.43,335.97,03/09/2025 06:45:19,13.049056666666667,80.19388833333333,19388833333333,2025-09-04T23:19:32.211343
TN 87 0478,7418,0.0,57.43,335.98,03/09/2025 06:45:11,13.049056666666667,80.19388833333333,19388833333333,2025-09-04T23:19:32.211512
TN 87 0478,7418,0.0,57.43,335.98,03/09/2025 06:44:58,13.049056666666667,80.19388833333333,19388833333333,2025-09-04T23:19:32.211687
TN 87 0478,7418,0.0,57.43,335.99,03/09/2025 06:44:48,13.049056666666667,80.19388833333333,19388833333333,2025-09-04T23:19:32.211837
TN 87 0478,7418,0.0,57.43,336.02,03/09/2025 06:44:39,13.049056666666667,80.19388833333333,19388833333333,2025-09-04T23:19:32.211991
TN 87 0478,7418,0.0,57.43,336.02,03/09/2025 06:44:29,13.049056666666667,80.19388833333333,19388833333333,2025-09-04T23:19:32.212127
TN 87 0478,7418,0.0,57.43,336.06,03/09/2025 06:44:19,13.049056666666667,80.19388833333333,19388833333333,2025-09-04T23:19:32.212261
TN 87 0478,7418,0.0,57.43,336.06,03/09/2025 06:44:12,13.049056666666667,80.19388833333333,19388833333333,2025-09-04T23:19:32.212390
TN 87 0478,7418,0.0,57.43,336.06,03/09/2025 06:43:59,13.049056666666667,80.19388833333333,19388833333333,2025-09-04T23:19:32.212567
TN 87 0478,7418,0.0,57.43,336.07,03/09/2025 06:43:49,13.049056666666667,80.19388833333333,19388833333333,2025-09-04T23:19:32.212762
TN 87 0478,7418,0.0,57.43,336.09,03/09/2025 06:43:40,13.049056666666667,80.19388833333333,19388833333333,2025-09-04T23:19:32.212948
TN 87 0478,7418,0.0,57.43,336.09,03/09/2025 06:43:29,13.049056666666667,80.19388833333333,19388833333333,2025-09-04T23:19:32.213173
TN 87 0478,7418,0.0,57.43,336.1,03/09/2025 06:43:19,13.049056666666667,80.19388833333333,19388833333333,2025-09-04T23:19:32.213341
TN 87 0478,7418,0.0,57.43,336.12,03/09/2025 06:43:13,13.049056666666667,80.19388833333333,19388833333333,2025-09-04T23:19:32.213536
TN 87 0478,7418,0.0,57.43,336.12,03/09/2025 06:42:59,13.049056666666667,80.19388833333333,19388833333333,2025-09-04T23:19:32.213731
TN 87 0478,7418,0.0,57.43,336.12,03/09/2025 06:42:50,13.049056666666667,80.19388833333333,19388833333333,2025-09-04T23:19:32.213975
TN 87 0478,7418,0.0,57.43,336.16,03/09/2025 06:42:40,13.049056666666667,80.19388833333333,19388833333333,2025-09-04T23:19:32.214210
TN 87 0478,7418,0.0,57.43,336.17,03/09/2025 06:42:30,13.049056666666667,80.19388833333333,19388833333333,2025-09-04T23:19:32.214412
TN 87 0478,7418,0.0,57.43,336.19,03/09/2025 06:42:20,13.049056666666667,80.19388833333333,19388833333333,2025-09-04T23:19:32.214603
TN 87 0478,7418,0.0,57.43,336.32,03/09/2025 06:42:13,13.049056666666667,80.19388833333333,19388833333333,2025-09-04T23:19:32.214793
TN 87 0478,7418,0.0,57.43,336.32,03/09/2025 06:42:00,13.049056666666667,80.19388833333333,19388833333333,2025-09-04T23:19:32.214953
TN 87 0478,7418,0.0,57.43,336.32,03/09/2025 06:41:50,13.049056666666667,80.19388833333333,19388833333333,2025-09-04T23:19:32.215160
TN 87 0478,7418,0.0,57.43,336.15,03/09/2025 06:41:40,13.049056666666667,80.19388833333333,19388833333333,2025-09-04T23:19:32.215506
TN 87 0478,7418,0.0,57.43,336.1,03/09/2025 06:41:30,13.049056666666667,80.19388833333333,19388833333333,2025-09-04T23:19:32.215739
TN 87 0478,7418,0.0,57.43,335.94,03/09/2025 06:41:20,13.049056666666667,80.19388833333333,19388833333333,2025-09-04T23:19:32.216005
TN 87 0478,7418,0.0,57.43,336.48,03/09/2025 06:41:13,13.049056666666667,80.19388833333333,19388833333333,2025-09-04T23:19:32.216197
TN 87 0478,7418,0.0,57.43,336.48,03/09/2025 06:41:00,13.049056666666667,80.19388833333333,19388833333333,2025-09-04T23:19:32.216359
TN 87 0478,7418,0.0,57.43,336.7,03/09/2025 06:40:50,13.049056666666667,80.19388833333333,19388833333333,2025-09-04T23:19:32.216537
TN 87 0478,7418,0.0,57.43,336.83,03/09/2025 06:40:41,13.049056666666667,80.19388833333333,19388833333333,2025-09-04T23:19:32.216704
TN 87 0478,7418,0.0,57.43,335.0,03/09/2025 06:40:31,13.049056666666667,80.19388833333333,19388833333333,2025-09-04T23:19:32.216903
TN 87 0478,7418,0.0,57.43,334.73,03/09/2025 06:40:21,13.049056666666667,80.19388833333333,19388833333333,2025-09-04T23:19:32.217107
TN 87 0478,7418,12.0,57.52,334.76,03/09/2025 06:40:14,13.049053333333333,80.19384,19384,2025-09-04T23:19:32.217299
TN 87 0478,7418,27.0,57.59,334.79,03/09/2025 06:40:01,13.049058333333333,80.19306333333333,19306333333333,2025-09-04T23:19:32.217461
TN 87 0478,7418,20.0,57.63,334.79,03/09/2025 06:39:51,13.04902,80.19239666666667,19239666666667,2025-09-04T23:19:32.217703
TN 87 0478,7418,17.0,57.68,334.79,03/09/2025 06:39:41,13.049326666666667,80.19215833333334,19215833333334,2025-09-04T23:19:32.217885
TN 87 0478,7418,17.0,57.71,334.29,03/09/2025 06:39:31,13.04979,80.19213166666667,19213166666667,2025-09-04T23:19:32.218066
TN 87 0478,7418,0.0,57.71,334.17,03/09/2025 06:39:21,13.050033333333333,80.19215,19215,2025-09-04T23:19:32.218260
TN 87 0478,7418,0.0,57.71,333.97,03/09/2025 06:39:14,13.050105,80.19216833333333,19216833333333,2025-09-04T23:19:32.218454
TN 87 0478,7418,0.0,57.71,333.98,03/09/2025 06:39:01,13.050105,80.19216833333333,19216833333333,2025-09-04T23:19:32.218651
TN 87 0478,7418,0.0,57.71,334.27,03/09/2025 06:38:52,13.050105,80.19216833333333,19216833333333,2025-09-04T23:19:32.218870
TN 87 0478,7418,0.0,57.71,334.13,03/09/2025 06:38:42,13.050105,80.19216833333333,19216833333333,2025-09-04T23:19:32.219079
TN 87 0478,7418,0.0,57.71,333.57,03/09/2025 06:38:32,13.050105,80.19216833333333,19216833333333,2025-09-04T23:19:32.219282
TN 87 0478,7418,0.0,57.71,333.36,03/09/2025 06:38:22,13.050105,80.19216833333333,19216833333333,2025-09-04T23:19:32.219466
TN 87 0478,7418,8.0,57.76,333.36,03/09/2025 06:38:15,13.05014,80.19204333333333,19204333333333,2025-09-04T23:19:32.219657
TN 87 0478,7418,19.0,57.8,333.34,03/09/2025 06:38:02,13.049675,80.19202166666666,19202166666666,2025-09-04T23:19:32.219838
TN 87 0478,7418,12.0,57.85,333.3,03/09/2025 06:37:52,13.049315,80.192,192,2025-09-04T23:19:32.220015
TN 87 0478,7418,20.0,57.93,333.29,03/09/2025 06:37:43,13.049036666666666,80.19229833333333,19229833333333,2025-09-04T23:19:32.220236
TN 87 0478,7418,24.0,58.01,333.29,03/09/2025 06:37:32,13.049075,80.19304666666666,19304666666666,2025-09-04T23:19:32.220403
TN 87 0478,7418,31.0,58.06,333.28,03/09/2025 06:37:22,13.049073333333334,80.193815,193815,2025-09-04T23:19:32.220570
TN 87 0478,7418,27.0,58.13,334.15,03/09/2025 06:37:16,13.048988333333334,80.19428333333333,19428333333333,2025-09-04T23:19:32.220736
TN 87 0478,7418,10.0,58.15,334.38,03/09/2025 06:37:03,13.04882,80.19488666666666,19488666666666,2025-09-04T23:19:32.220903
TN 87 0478,7418,12.0,58.68,335.56,03/09/2025 06:36:57,13.048785,80.19500666666667,19500666666667,2025-09-04T23:19:32.221075
TN 87 0478,7418,0.0,58.68,335.61,03/09/2025 06:31:31,13.044158333333334,80.19636,19636,2025-09-04T23:19:32.221226
TN 87 0478,7418,0.0,58.68,335.62,03/09/2025 06:31:21,13.044158333333334,80.19636,19636,2025-09-04T23:19:32.221397
TN 87 0478,7418,0.0,58.68,335.62,03/09/2025 06:31:11,13.044158333333334,80.19636,19636,2025-09-04T23:19:32.221576
TN 87 0478,7418,0.0,58.68,335.64,03/09/2025 06:31:02,13.044158333333334,80.19636,19636,2025-09-04T23:19:32.221732
TN 87 0478,7418,0.0,58.68,335.67,03/09/2025 06:30:51,13.044158333333334,80.19636,19636,2025-09-04T23:19:32.221896
TN 87 0478,7418,0.0,58.68,335.68,03/09/2025 06:30:41,13.044158333333334,80.19636,19636,2025-09-04T23:19:32.222108
TN 87 0478,7418,0.0,58.68,335.69,03/09/2025 06:30:31,13.044158333333334,80.19636,19636,2025-09-04T23:19:32.222272
TN 87 0478,7418,0.0,58.68,335.6,03/09/2025 06:30:22,13.044158333333334,80.19636,19636,2025-09-04T23:19:32.222437
TN 87 0478,7418,0.0,58.68,335.53,03/09/2025 06:30:05,13.044158333333334,80.19636,19636,2025-09-04T23:19:32.222632
TN 87 0478,7418,0.0,58.68,335.43,03/09/2025 06:29:54,13.044158333333334,80.19636,19636,2025-09-04T23:19:32.222832
TN 87 0478,7418,0.0,58.68,335.43,03/09/2025 06:29:42,13.044158333333334,80.19636,19636,2025-09-04T23:19:32.223002
TN 87 0478,7418,0.0,58.68,335.43,03/09/2025 06:29:33,13.044158333333334,80.19636,19636,2025-09-04T23:19:32.223197
TN 87 0478,7418,0.0,58.68,330.6,03/09/2025 04:58:05,13.044316666666667,80.19662166666667,19662166666667,2025-09-04T23:19:32.223427
TN 87 0478,7418,0.0,58.68,330.66,03/09/2025 04:50:09,13.044316666666667,80.19662166666667,19662166666667,2025-09-04T23:19:32.223638
TN 87 0478,7418,0.0,58.68,330.97,03/09/2025 04:22:24,13.044316666666667,80.19662166666667,19662166666667,2025-09-04T23:19:32.223820
TN 87 0478,7418,0.0,58.68,331.32,03/09/2025 03:46:43,13.044481666666666,80.19702666666667,19702666666667,2025-09-04T23:19:32.223970
TN 87 0478,7418,0.0,58.68,334.3,03/09/2025 00:51:52,13.044483333333334,80.19657,19657,2025-09-04T23:19:32.224125
TN 87 0478,7418,0.0,58.68,334.73,03/09/2025 00:24:05,13.044483333333334,80.19657,19657,2025-09-04T23:19:32.224281
TN 87 0478,7418,0.0,58.68,334.82,03/09/2025 00:16:08,13.044483333333334,80.19657,19657,2025-09-04T23:19:32.224452
