vehicle_number,device_id,speed,total_distance,fuel,data_received,latitude,longitude,location_text,scraped_at
TN 87 1040,7428,0.0,0.0,148.26,03/09/2025 23:58:38,13.010503333333334,80.00381166666666,00381166666666,2025-09-04T23:20:03.180107
TN 87 1040,7428,0.0,0.0,148.26,03/09/2025 23:55:54,13.010503333333334,80.00381166666666,00381166666666,2025-09-04T23:20:03.180288
TN 87 1040,7428,0.0,0.0,148.4,03/09/2025 23:38:03,13.01039,80.00386666666667,00386666666667,2025-09-04T23:20:03.180477
TN 87 1040,7428,0.0,0.0,148.4,03/09/2025 23:37:52,13.01039,80.00386666666667,00386666666667,2025-09-04T23:20:03.180676
TN 87 1040,7428,0.0,0.0,148.39,03/09/2025 23:37:42,13.01039,80.00386666666667,00386666666667,2025-09-04T23:20:03.180880
TN 87 1040,7428,0.0,0.0,148.38,03/09/2025 23:37:33,13.01039,80.00386666666667,00386666666667,2025-09-04T23:20:03.181081
TN 87 1040,7428,0.0,0.0,148.38,03/09/2025 23:37:26,13.01039,80.00386666666667,00386666666667,2025-09-04T23:20:03.181294
TN 87 1040,7428,0.0,0.0,148.39,03/09/2025 23:37:14,13.01039,80.00386666666667,00386666666667,2025-09-04T23:20:03.181512
TN 87 1040,7428,0.0,0.0,148.4,03/09/2025 23:37:03,13.01039,80.00386666666667,00386666666667,2025-09-04T23:20:03.181699
TN 87 1040,7428,0.0,0.0,148.4,03/09/2025 23:36:53,13.01039,80.00386666666667,00386666666667,2025-09-04T23:20:03.181922
TN 87 1040,7428,0.0,0.0,148.4,03/09/2025 23:36:43,13.01039,80.00386666666667,00386666666667,2025-09-04T23:20:03.182146
TN 87 1040,7428,0.0,0.0,148.41,03/09/2025 23:36:34,13.01039,80.00386666666667,00386666666667,2025-09-04T23:20:03.182367
TN 87 1040,7428,0.0,0.0,148.41,03/09/2025 23:36:26,13.01039,80.00386666666667,00386666666667,2025-09-04T23:20:03.182606
TN 87 1040,7428,0.0,0.0,148.4,03/09/2025 23:36:14,13.01039,80.00386666666667,00386666666667,2025-09-04T23:20:03.182785
TN 87 1040,7428,0.0,0.0,148.4,03/09/2025 23:36:04,13.01039,80.00386666666667,00386666666667,2025-09-04T23:20:03.182963
TN 87 1040,7428,0.0,0.0,148.4,03/09/2025 23:35:54,13.01039,80.00386666666667,00386666666667,2025-09-04T23:20:03.183122
TN 87 1040,7428,0.0,0.0,148.4,03/09/2025 23:35:44,13.01039,80.00386666666667,00386666666667,2025-09-04T23:20:03.183324
TN 87 1040,7428,0.0,0.0,148.4,03/09/2025 23:35:35,13.01039,80.00386666666667,00386666666667,2025-09-04T23:20:03.183524
TN 87 1040,7428,0.0,0.0,148.39,03/09/2025 23:35:27,13.01039,80.00386666666667,00386666666667,2025-09-04T23:20:03.183707
TN 87 1040,7428,0.0,0.0,148.39,03/09/2025 23:35:15,13.01039,80.00386666666667,00386666666667,2025-09-04T23:20:03.183909
TN 87 1040,7428,0.0,0.0,148.4,03/09/2025 23:35:05,13.01039,80.00386666666667,00386666666667,2025-09-04T23:20:03.184116
TN 87 1040,7428,0.0,0.0,148.41,03/09/2025 23:34:55,13.01039,80.00386666666667,00386666666667,2025-09-04T23:20:03.184314
TN 87 1040,7428,0.0,0.0,148.42,03/09/2025 23:34:46,13.01039,80.00386666666667,00386666666667,2025-09-04T23:20:03.184511
TN 87 1040,7428,0.0,0.0,148.42,03/09/2025 23:34:35,13.01039,80.00386666666667,00386666666667,2025-09-04T23:20:03.184720
TN 87 1040,7428,0.0,0.0,148.42,03/09/2025 23:34:28,13.01039,80.00386666666667,00386666666667,2025-09-04T23:20:03.184903
TN 87 1040,7428,0.0,0.0,148.42,03/09/2025 23:34:16,13.01039,80.00386666666667,00386666666667,2025-09-04T23:20:03.185057
TN 87 1040,7428,0.0,0.0,148.42,03/09/2025 23:34:06,13.01039,80.00386666666667,00386666666667,2025-09-04T23:20:03.185247
TN 87 1040,7428,0.0,0.0,148.42,03/09/2025 23:33:56,13.01039,80.00386666666667,00386666666667,2025-09-04T23:20:03.185457
TN 87 1040,7428,0.0,0.0,148.41,03/09/2025 23:33:46,13.01039,80.00386666666667,00386666666667,2025-09-04T23:20:03.185661
TN 87 1040,7428,0.0,0.0,148.43,03/09/2025 23:33:36,13.01039,80.00386666666667,00386666666667,2025-09-04T23:20:03.185825
TN 87 1040,7428,0.0,0.0,148.43,03/09/2025 23:33:30,13.01039,80.00386666666667,00386666666667,2025-09-04T23:20:03.186001
TN 87 1040,7428,0.0,0.0,148.43,03/09/2025 23:33:17,13.01039,80.00386666666667,00386666666667,2025-09-04T23:20:03.186206
TN 87 1040,7428,0.0,0.0,148.43,03/09/2025 23:33:07,13.01039,80.00386666666667,00386666666667,2025-09-04T23:20:03.186388
TN 87 1040,7428,0.0,0.0,148.42,03/09/2025 23:32:57,13.01039,80.00386666666667,00386666666667,2025-09-04T23:20:03.186569
TN 87 1040,7428,0.0,0.0,148.42,03/09/2025 23:32:47,13.01039,80.00386666666667,00386666666667,2025-09-04T23:20:03.186735
TN 87 1040,7428,0.0,0.0,148.42,03/09/2025 23:32:37,13.01039,80.00386666666667,00386666666667,2025-09-04T23:20:03.186905
TN 87 1040,7428,0.0,0.0,148.42,03/09/2025 23:32:31,13.01039,80.00386666666667,00386666666667,2025-09-04T23:20:03.187107
TN 87 1040,7428,0.0,0.0,148.42,03/09/2025 23:32:18,13.01039,80.00386666666667,00386666666667,2025-09-04T23:20:03.187343
TN 87 1040,7428,0.0,0.0,148.42,03/09/2025 23:32:08,13.01039,80.00386666666667,00386666666667,2025-09-04T23:20:03.187564
TN 87 1040,7428,0.0,0.0,148.46,03/09/2025 23:31:58,13.01039,80.00386666666667,00386666666667,2025-09-04T23:20:03.187776
TN 87 1040,7428,0.0,0.0,148.46,03/09/2025 23:31:48,13.01039,80.00386666666667,00386666666667,2025-09-04T23:20:03.187947
TN 87 1040,7428,0.0,0.0,148.46,03/09/2025 23:31:38,13.01039,80.00386666666667,00386666666667,2025-09-04T23:20:03.188145
TN 87 1040,7428,0.0,0.0,148.44,03/09/2025 23:31:31,13.01039,80.00386666666667,00386666666667,2025-09-04T23:20:03.188350
TN 87 1040,7428,0.0,0.0,148.44,03/09/2025 23:31:18,13.01039,80.00386666666667,00386666666667,2025-09-04T23:20:03.188536
TN 87 1040,7428,0.0,0.0,148.44,03/09/2025 23:31:09,13.01039,80.00386666666667,00386666666667,2025-09-04T23:20:03.188717
TN 87 1040,7428,0.0,0.0,148.44,03/09/2025 23:30:59,13.01039,80.00386666666667,00386666666667,2025-09-04T23:20:03.188884
TN 87 1040,7428,0.0,0.0,148.44,03/09/2025 23:30:49,13.01039,80.00386666666667,00386666666667,2025-09-04T23:20:03.189072
TN 87 1040,7428,0.0,0.0,148.44,03/09/2025 23:30:39,13.01039,80.00386666666667,00386666666667,2025-09-04T23:20:03.189257
TN 87 1040,7428,0.0,0.0,148.45,03/09/2025 23:30:32,13.01039,80.00386666666667,00386666666667,2025-09-04T23:20:03.189433
TN 87 1040,7428,0.0,0.0,148.46,03/09/2025 23:30:19,13.01039,80.00386666666667,00386666666667,2025-09-04T23:20:03.189623
TN 87 1040,7428,0.0,0.0,148.46,03/09/2025 23:30:10,13.01039,80.00386666666667,00386666666667,2025-09-04T23:20:03.189834
TN 87 1040,7428,0.0,0.0,148.46,03/09/2025 23:30:00,13.01039,80.00386666666667,00386666666667,2025-09-04T23:20:03.190029
TN 87 1040,7428,0.0,0.0,148.46,03/09/2025 23:29:50,13.01039,80.00386666666667,00386666666667,2025-09-04T23:20:03.190232
TN 87 1040,7428,0.0,0.0,148.46,03/09/2025 23:29:41,13.01039,80.00386666666667,00386666666667,2025-09-04T23:20:03.190413
TN 87 1040,7428,0.0,0.0,148.46,03/09/2025 23:29:33,13.01039,80.00386666666667,00386666666667,2025-09-04T23:20:03.190610
TN 87 1040,7428,0.0,0.0,148.46,03/09/2025 23:29:20,13.01039,80.00386666666667,00386666666667,2025-09-04T23:20:03.190791
TN 87 1040,7428,0.0,0.0,148.46,03/09/2025 23:29:11,13.01039,80.00386666666667,00386666666667,2025-09-04T23:20:03.190978
TN 87 1040,7428,0.0,0.0,148.46,03/09/2025 23:29:01,13.01039,80.00386666666667,00386666666667,2025-09-04T23:20:03.191170
TN 87 1040,7428,0.0,0.0,148.47,03/09/2025 23:28:52,13.01039,80.00386666666667,00386666666667,2025-09-04T23:20:03.191340
TN 87 1040,7428,0.0,0.0,148.46,03/09/2025 23:28:41,13.01039,80.00386666666667,00386666666667,2025-09-04T23:20:03.191492
TN 87 1040,7428,0.0,0.0,148.44,03/09/2025 23:28:34,13.01039,80.00386666666667,00386666666667,2025-09-04T23:20:03.191669
TN 87 1040,7428,0.0,0.0,148.45,03/09/2025 23:28:21,13.01039,80.00386666666667,00386666666667,2025-09-04T23:20:03.191811
TN 87 1040,7428,0.0,0.0,148.47,03/09/2025 23:28:11,13.01039,80.00386666666667,00386666666667,2025-09-04T23:20:03.191970
TN 87 1040,7428,0.0,0.0,148.48,03/09/2025 23:28:02,13.01039,80.00386666666667,00386666666667,2025-09-04T23:20:03.192123
TN 87 1040,7428,0.0,0.0,148.48,03/09/2025 23:27:52,13.01039,80.00386666666667,00386666666667,2025-09-04T23:20:03.192292
TN 87 1040,7428,0.0,0.0,148.48,03/09/2025 23:27:42,13.01039,80.00386666666667,00386666666667,2025-09-04T23:20:03.192439
TN 87 1040,7428,0.0,0.0,148.48,03/09/2025 23:27:36,13.01039,80.00386666666667,00386666666667,2025-09-04T23:20:03.192575
TN 87 1040,7428,0.0,0.0,148.48,03/09/2025 23:27:22,13.01039,80.00386666666667,00386666666667,2025-09-04T23:20:03.192723
TN 87 1040,7428,0.0,0.0,148.49,03/09/2025 23:27:13,13.01039,80.00386666666667,00386666666667,2025-09-04T23:20:03.192877
TN 87 1040,7428,0.0,0.0,148.49,03/09/2025 23:27:03,13.01039,80.00386666666667,00386666666667,2025-09-04T23:20:03.193037
TN 87 1040,7428,0.0,0.0,148.49,03/09/2025 23:26:53,13.01039,80.00386666666667,00386666666667,2025-09-04T23:20:03.193204
TN 87 1040,7428,0.0,0.0,148.49,03/09/2025 23:26:43,13.01039,80.00386666666667,00386666666667,2025-09-04T23:20:03.193343
TN 87 1040,7428,0.0,0.0,148.5,03/09/2025 23:26:36,13.01039,80.00386666666667,00386666666667,2025-09-04T23:20:03.193488
TN 87 1040,7428,0.0,0.0,148.5,03/09/2025 23:26:24,13.01039,80.00386666666667,00386666666667,2025-09-04T23:20:03.193622
TN 87 1040,7428,0.0,0.0,148.5,03/09/2025 23:26:13,13.01039,80.00386666666667,00386666666667,2025-09-04T23:20:03.193763
TN 87 1040,7428,0.0,0.0,148.5,03/09/2025 23:26:03,13.01039,80.00386666666667,00386666666667,2025-09-04T23:20:03.193910
TN 87 1040,7428,0.0,0.0,148.48,03/09/2025 23:25:54,13.01039,80.00386666666667,00386666666667,2025-09-04T23:20:03.194194
TN 87 1040,7428,0.0,0.0,148.5,03/09/2025 23:25:44,13.01039,80.00386666666667,00386666666667,2025-09-04T23:20:03.194475
TN 87 1040,7428,0.0,0.0,148.51,03/09/2025 23:25:37,13.01039,80.00386666666667,00386666666667,2025-09-04T23:20:03.194682
TN 87 1040,7428,0.0,0.0,148.51,03/09/2025 23:25:24,13.01039,80.00386666666667,00386666666667,2025-09-04T23:20:03.194886
TN 87 1040,7428,0.0,0.0,148.5,03/09/2025 23:25:14,13.01039,80.00386666666667,00386666666667,2025-09-04T23:20:03.195061
TN 87 1040,7428,0.0,0.0,148.5,03/09/2025 23:25:04,13.01039,80.00386666666667,00386666666667,2025-09-04T23:20:03.195246
TN 87 1040,7428,0.0,0.0,148.5,03/09/2025 23:24:55,13.01039,80.00386666666667,00386666666667,2025-09-04T23:20:03.195402
TN 87 1040,7428,0.0,0.0,148.5,03/09/2025 23:24:45,13.01039,80.00386666666667,00386666666667,2025-09-04T23:20:03.195585
TN 87 1040,7428,0.0,0.0,148.5,03/09/2025 23:24:38,13.01039,80.00386666666667,00386666666667,2025-09-04T23:20:03.195746
TN 87 1040,7428,0.0,0.0,148.5,03/09/2025 23:24:25,13.01039,80.00386666666667,00386666666667,2025-09-04T23:20:03.195926
TN 87 1040,7428,0.0,0.0,148.51,03/09/2025 23:24:15,13.01039,80.00386666666667,00386666666667,2025-09-04T23:20:03.196101
TN 87 1040,7428,0.0,0.0,148.51,03/09/2025 23:24:05,13.01039,80.00386666666667,00386666666667,2025-09-04T23:20:03.196254
TN 87 1040,7428,0.0,0.0,148.51,03/09/2025 23:23:56,13.01039,80.00386666666667,00386666666667,2025-09-04T23:20:03.196423
TN 87 1040,7428,0.0,0.0,148.5,03/09/2025 23:23:46,13.01039,80.00386666666667,00386666666667,2025-09-04T23:20:03.196575
TN 87 1040,7428,0.0,0.0,148.5,03/09/2025 23:23:39,13.01039,80.00386666666667,00386666666667,2025-09-04T23:20:03.196760
TN 87 1040,7428,0.0,0.0,148.51,03/09/2025 23:23:26,13.01039,80.00386666666667,00386666666667,2025-09-04T23:20:03.196931
TN 87 1040,7428,0.0,0.0,148.51,03/09/2025 23:23:16,13.01039,80.00386666666667,00386666666667,2025-09-04T23:20:03.197109
TN 87 1040,7428,0.0,0.0,148.52,03/09/2025 23:23:07,13.01039,80.00386666666667,00386666666667,2025-09-04T23:20:03.197278
TN 87 1040,7428,0.0,0.0,148.52,03/09/2025 23:22:56,13.01039,80.00386666666667,00386666666667,2025-09-04T23:20:03.197434
TN 87 1040,7428,0.0,0.0,148.52,03/09/2025 23:22:47,13.01039,80.00386666666667,00386666666667,2025-09-04T23:20:03.197592
TN 87 1040,7428,0.0,0.0,148.51,03/09/2025 23:22:41,13.01039,80.00386666666667,00386666666667,2025-09-04T23:20:03.197746
TN 87 1040,7428,0.0,0.0,148.51,03/09/2025 23:22:27,13.01039,80.00386666666667,00386666666667,2025-09-04T23:20:03.197899
TN 87 1040,7428,0.0,0.0,148.51,03/09/2025 23:22:17,13.01039,80.00386666666667,00386666666667,2025-09-04T23:20:03.198052
TN 87 1040,7428,0.0,0.0,148.51,03/09/2025 23:22:07,13.01039,80.00386666666667,00386666666667,2025-09-04T23:20:03.198216
TN 87 1040,7428,0.0,0.0,148.5,03/09/2025 23:21:57,13.01039,80.00386666666667,00386666666667,2025-09-04T23:20:03.198416
TN 87 1040,7428,0.0,0.0,148.51,03/09/2025 23:21:48,13.01039,80.00386666666667,00386666666667,2025-09-04T23:20:03.198599
TN 87 1040,7428,0.0,0.0,148.51,03/09/2025 23:21:42,13.01039,80.00386666666667,00386666666667,2025-09-04T23:20:03.198763
TN 87 1040,7428,0.0,0.0,148.53,03/09/2025 23:21:28,13.01039,80.00386666666667,00386666666667,2025-09-04T23:20:03.198907
TN 87 1040,7428,0.0,0.0,148.53,03/09/2025 23:21:18,13.01039,80.00386666666667,00386666666667,2025-09-04T23:20:03.199066
TN 87 1040,7428,0.0,0.0,148.52,03/09/2025 23:21:08,13.01039,80.00386666666667,00386666666667,2025-09-04T23:20:03.199239
TN 87 1040,7428,0.0,0.0,148.53,03/09/2025 23:20:58,13.01039,80.00386666666667,00386666666667,2025-09-04T23:20:03.199420
TN 87 1040,7428,0.0,0.0,148.53,03/09/2025 23:20:48,13.01039,80.00386666666667,00386666666667,2025-09-04T23:20:03.199636
TN 87 1040,7428,0.0,0.0,148.53,03/09/2025 23:20:41,13.01039,80.00386666666667,00386666666667,2025-09-04T23:20:03.199923
TN 87 1040,7428,0.0,0.0,148.53,03/09/2025 23:20:29,13.01039,80.00386666666667,00386666666667,2025-09-04T23:20:03.200184
TN 87 1040,7428,0.0,0.0,148.54,03/09/2025 23:20:19,13.01039,80.00386666666667,00386666666667,2025-09-04T23:20:03.200398
TN 87 1040,7428,0.0,0.0,148.54,03/09/2025 23:20:09,13.01039,80.00386666666667,00386666666667,2025-09-04T23:20:03.200616
TN 87 1040,7428,0.0,0.0,148.54,03/09/2025 23:19:59,13.01039,80.00386666666667,00386666666667,2025-09-04T23:20:03.200837
TN 87 1040,7428,0.0,0.0,148.53,03/09/2025 23:19:50,13.01039,80.00386666666667,00386666666667,2025-09-04T23:20:03.201088
TN 87 1040,7428,0.0,0.0,148.53,03/09/2025 23:19:42,13.01039,80.00386666666667,00386666666667,2025-09-04T23:20:03.201391
TN 87 1040,7428,0.0,0.0,148.54,03/09/2025 23:19:30,13.01039,80.00386666666667,00386666666667,2025-09-04T23:20:03.201689
TN 87 1040,7428,0.0,0.0,148.55,03/09/2025 23:19:20,13.01039,80.00386666666667,00386666666667,2025-09-04T23:20:03.201907
TN 87 1040,7428,0.0,0.0,148.54,03/09/2025 23:19:10,13.01039,80.00386666666667,00386666666667,2025-09-04T23:20:03.202125
TN 87 1040,7428,0.0,0.0,148.53,03/09/2025 23:19:00,13.01039,80.00386666666667,00386666666667,2025-09-04T23:20:03.202291
TN 87 1040,7428,0.0,0.0,148.55,03/09/2025 23:18:51,13.01039,80.00386666666667,00386666666667,2025-09-04T23:20:03.202472
TN 87 1040,7428,0.0,0.0,148.55,03/09/2025 23:18:43,13.01039,80.00386666666667,00386666666667,2025-09-04T23:20:03.202638
TN 87 1040,7428,0.0,0.0,148.55,03/09/2025 23:18:31,13.01039,80.00386666666667,00386666666667,2025-09-04T23:20:03.202820
TN 87 1040,7428,0.0,0.0,148.55,03/09/2025 23:18:21,13.01039,80.00386666666667,00386666666667,2025-09-04T23:20:03.202983
TN 87 1040,7428,0.0,0.0,148.55,03/09/2025 23:18:11,13.01039,80.00386666666667,00386666666667,2025-09-04T23:20:03.203151
TN 87 1040,7428,0.0,0.0,148.56,03/09/2025 23:18:02,13.01039,80.00386666666667,00386666666667,2025-09-04T23:20:03.203292
TN 87 1040,7428,0.0,0.0,148.55,03/09/2025 23:17:51,13.01039,80.00386666666667,00386666666667,2025-09-04T23:20:03.203425
TN 87 1040,7428,0.0,0.0,148.55,03/09/2025 23:17:44,13.01039,80.00386666666667,00386666666667,2025-09-04T23:20:03.203559
TN 87 1040,7428,0.0,0.0,148.55,03/09/2025 23:17:32,13.01039,80.00386666666667,00386666666667,2025-09-04T23:20:03.203702
TN 87 1040,7428,0.0,0.0,148.55,03/09/2025 23:17:22,13.01039,80.00386666666667,00386666666667,2025-09-04T23:20:03.203831
TN 87 1040,7428,0.0,0.0,148.58,03/09/2025 23:17:13,13.01039,80.00386666666667,00386666666667,2025-09-04T23:20:03.203981
TN 87 1040,7428,0.0,0.0,148.58,03/09/2025 23:17:02,13.01039,80.00386666666667,00386666666667,2025-09-04T23:20:03.204125
TN 87 1040,7428,0.0,0.0,148.59,03/09/2025 23:16:52,13.01039,80.00386666666667,00386666666667,2025-09-04T23:20:03.204281
TN 87 1040,7428,0.0,0.0,148.58,03/09/2025 23:16:46,13.01039,80.00386666666667,00386666666667,2025-09-04T23:20:03.204420
TN 87 1040,7428,0.0,0.0,148.57,03/09/2025 23:16:33,13.01039,80.00386666666667,00386666666667,2025-09-04T23:20:03.204627
TN 87 1040,7428,0.0,0.0,148.59,03/09/2025 23:16:23,13.01039,80.00386666666667,00386666666667,2025-09-04T23:20:03.204818
TN 87 1040,7428,0.0,0.0,148.57,03/09/2025 23:16:13,13.01039,80.00386666666667,00386666666667,2025-09-04T23:20:03.205036
TN 87 1040,7428,0.0,0.0,148.57,03/09/2025 23:16:03,13.01039,80.00386666666667,00386666666667,2025-09-04T23:20:03.205224
TN 87 1040,7428,0.0,0.0,148.58,03/09/2025 23:15:53,13.01039,80.00386666666667,00386666666667,2025-09-04T23:20:03.205396
TN 87 1040,7428,0.0,0.0,148.59,03/09/2025 23:15:46,13.01039,80.00386666666667,00386666666667,2025-09-04T23:20:03.205552
TN 87 1040,7428,0.0,0.0,148.59,03/09/2025 23:15:34,13.01039,80.00386666666667,00386666666667,2025-09-04T23:20:03.205728
TN 87 1040,7428,0.0,0.0,148.57,03/09/2025 23:15:24,13.01039,80.00386666666667,00386666666667,2025-09-04T23:20:03.205896
TN 87 1040,7428,0.0,0.0,148.57,03/09/2025 23:15:14,13.01039,80.00386666666667,00386666666667,2025-09-04T23:20:03.206068
TN 87 1040,7428,0.0,0.0,148.57,03/09/2025 23:15:04,13.01039,80.00386666666667,00386666666667,2025-09-04T23:20:03.206236
TN 87 1040,7428,0.0,0.0,148.57,03/09/2025 23:14:54,13.01039,80.00386666666667,00386666666667,2025-09-04T23:20:03.206403
TN 87 1040,7428,0.0,0.0,148.6,03/09/2025 23:14:47,13.01039,80.00386666666667,00386666666667,2025-09-04T23:20:03.206560
TN 87 1040,7428,0.0,0.0,148.6,03/09/2025 23:14:34,13.01039,80.00386666666667,00386666666667,2025-09-04T23:20:03.206726
TN 87 1040,7428,0.0,0.0,148.6,03/09/2025 23:14:25,13.01039,80.00386666666667,00386666666667,2025-09-04T23:20:03.206887
TN 87 1040,7428,0.0,0.0,148.59,03/09/2025 23:14:15,13.01039,80.00386666666667,00386666666667,2025-09-04T23:20:03.207052
TN 87 1040,7428,0.0,0.0,148.59,03/09/2025 23:14:05,13.01039,80.00386666666667,00386666666667,2025-09-04T23:20:03.207211
TN 87 1040,7428,0.0,0.0,148.59,03/09/2025 23:13:56,13.01039,80.00386666666667,00386666666667,2025-09-04T23:20:03.207365
TN 87 1040,7428,0.0,0.0,148.59,03/09/2025 23:13:48,13.01039,80.00386666666667,00386666666667,2025-09-04T23:20:03.207526
TN 87 1040,7428,0.0,0.0,148.59,03/09/2025 23:13:35,13.01039,80.00386666666667,00386666666667,2025-09-04T23:20:03.207691
TN 87 1040,7428,0.0,0.0,148.59,03/09/2025 23:13:25,13.01039,80.00386666666667,00386666666667,2025-09-04T23:20:03.207843
TN 87 1040,7428,0.0,0.0,148.6,03/09/2025 23:13:16,13.01039,80.00386666666667,00386666666667,2025-09-04T23:20:03.208002
TN 87 1040,7428,0.0,0.0,148.6,03/09/2025 23:13:06,13.01039,80.00386666666667,00386666666667,2025-09-04T23:20:03.208162
TN 87 1040,7428,0.0,0.0,148.6,03/09/2025 23:12:56,13.01039,80.00386666666667,00386666666667,2025-09-04T23:20:03.208326
TN 87 1040,7428,0.0,0.0,148.61,03/09/2025 23:12:49,13.01039,80.00386666666667,00386666666667,2025-09-04T23:20:03.208477
TN 87 1040,7428,0.0,0.0,148.59,03/09/2025 23:12:36,13.01039,80.00386666666667,00386666666667,2025-09-04T23:20:03.208637
TN 87 1040,7428,0.0,0.0,148.59,03/09/2025 23:12:26,13.01039,80.00386666666667,00386666666667,2025-09-04T23:20:03.208835
TN 87 1040,7428,0.0,0.0,148.59,03/09/2025 23:12:17,13.01039,80.00386666666667,00386666666667,2025-09-04T23:20:03.209023
TN 87 1040,7428,0.0,0.0,148.6,03/09/2025 23:12:07,13.01039,80.00386666666667,00386666666667,2025-09-04T23:20:03.209186
TN 87 1040,7428,0.0,0.0,148.61,03/09/2025 23:11:57,13.01039,80.00386666666667,00386666666667,2025-09-04T23:20:03.209339
TN 87 1040,7428,0.0,0.0,148.62,03/09/2025 23:11:51,13.01039,80.00386666666667,00386666666667,2025-09-04T23:20:03.209505
TN 87 1040,7428,0.0,0.0,148.63,03/09/2025 23:11:37,13.01039,80.00386666666667,00386666666667,2025-09-04T23:20:03.209815
TN 87 1040,7428,0.0,0.0,148.63,03/09/2025 23:11:28,13.01039,80.00386666666667,00386666666667,2025-09-04T23:20:03.210012
TN 87 1040,7428,0.0,0.0,148.62,03/09/2025 23:11:17,13.01039,80.00386666666667,00386666666667,2025-09-04T23:20:03.210215
TN 87 1040,7428,0.0,0.0,148.63,03/09/2025 23:11:08,13.01039,80.00386666666667,00386666666667,2025-09-04T23:20:03.210461
TN 87 1040,7428,0.0,0.0,148.63,03/09/2025 23:10:58,13.01039,80.00386666666667,00386666666667,2025-09-04T23:20:03.210671
TN 87 1040,7428,0.0,0.0,148.63,03/09/2025 23:10:52,13.01039,80.00386666666667,00386666666667,2025-09-04T23:20:03.210899
TN 87 1040,7428,0.0,0.0,148.62,03/09/2025 23:10:38,13.01039,80.00386666666667,00386666666667,2025-09-04T23:20:03.211107
TN 87 1040,7428,0.0,0.0,148.63,03/09/2025 23:10:28,13.01039,80.00386666666667,00386666666667,2025-09-04T23:20:03.211316
TN 87 1040,7428,0.0,0.0,148.63,03/09/2025 23:10:18,13.01039,80.00386666666667,00386666666667,2025-09-04T23:20:03.211507
TN 87 1040,7428,0.0,0.0,148.64,03/09/2025 23:10:09,13.01039,80.00386666666667,00386666666667,2025-09-04T23:20:03.211687
TN 87 1040,7428,0.0,0.0,148.62,03/09/2025 23:09:59,13.01039,80.00386666666667,00386666666667,2025-09-04T23:20:03.211875
TN 87 1040,7428,0.0,0.0,148.63,03/09/2025 23:09:52,13.01039,80.00386666666667,00386666666667,2025-09-04T23:20:03.212061
TN 87 1040,7428,0.0,0.0,148.63,03/09/2025 23:09:40,13.01039,80.00386666666667,00386666666667,2025-09-04T23:20:03.212244
TN 87 1040,7428,0.0,0.0,148.63,03/09/2025 23:09:29,13.01039,80.00386666666667,00386666666667,2025-09-04T23:20:03.212404
TN 87 1040,7428,0.0,0.0,148.63,03/09/2025 23:09:19,13.01039,80.00386666666667,00386666666667,2025-09-04T23:20:03.212566
TN 87 1040,7428,0.0,0.0,148.64,03/09/2025 23:09:09,13.01039,80.00386666666667,00386666666667,2025-09-04T23:20:03.212722
TN 87 1040,7428,0.0,0.0,148.63,03/09/2025 23:09:00,13.01039,80.00386666666667,00386666666667,2025-09-04T23:20:03.212952
TN 87 1040,7428,0.0,0.0,148.64,03/09/2025 23:08:53,13.01039,80.00386666666667,00386666666667,2025-09-04T23:20:03.213124
TN 87 1040,7428,0.0,0.0,148.63,03/09/2025 23:08:40,13.01039,80.00386666666667,00386666666667,2025-09-04T23:20:03.213296
TN 87 1040,7428,0.0,0.0,148.63,03/09/2025 23:08:30,13.01039,80.00386666666667,00386666666667,2025-09-04T23:20:03.213483
TN 87 1040,7428,0.0,0.0,148.64,03/09/2025 23:08:20,13.01039,80.00386666666667,00386666666667,2025-09-04T23:20:03.213681
TN 87 1040,7428,0.0,0.0,148.64,03/09/2025 23:08:10,13.01039,80.00386666666667,00386666666667,2025-09-04T23:20:03.213879
TN 87 1040,7428,0.0,0.0,148.66,03/09/2025 23:08:01,13.01039,80.00386666666667,00386666666667,2025-09-04T23:20:03.214078
TN 87 1040,7428,0.0,0.0,148.64,03/09/2025 23:07:54,13.01039,80.00386666666667,00386666666667,2025-09-04T23:20:03.214298
TN 87 1040,7428,0.0,0.0,148.64,03/09/2025 23:07:41,13.01039,80.00386666666667,00386666666667,2025-09-04T23:20:03.214524
TN 87 1040,7428,0.0,0.0,148.64,03/09/2025 23:07:31,13.01039,80.00386666666667,00386666666667,2025-09-04T23:20:03.214761
TN 87 1040,7428,0.0,0.0,148.64,03/09/2025 23:07:21,13.01039,80.00386666666667,00386666666667,2025-09-04T23:20:03.214999
TN 87 1040,7428,0.0,0.0,148.64,03/09/2025 23:07:12,13.01039,80.00386666666667,00386666666667,2025-09-04T23:20:03.215200
TN 87 1040,7428,0.0,0.0,148.64,03/09/2025 23:07:01,13.01039,80.00386666666667,00386666666667,2025-09-04T23:20:03.215455
TN 87 1040,7428,0.0,0.0,148.64,03/09/2025 23:06:54,13.01039,80.00386666666667,00386666666667,2025-09-04T23:20:03.215698
TN 87 1040,7428,0.0,0.0,148.66,03/09/2025 23:06:42,13.01039,80.00386666666667,00386666666667,2025-09-04T23:20:03.215905
TN 87 1040,7428,0.0,0.0,148.66,03/09/2025 23:06:32,13.01039,80.00386666666667,00386666666667,2025-09-04T23:20:03.216124
TN 87 1040,7428,0.0,0.0,148.67,03/09/2025 23:06:23,13.01039,80.00386666666667,00386666666667,2025-09-04T23:20:03.216309
TN 87 1040,7428,0.0,0.0,148.64,03/09/2025 23:06:12,13.01039,80.00386666666667,00386666666667,2025-09-04T23:20:03.216492
TN 87 1040,7428,0.0,0.0,148.65,03/09/2025 23:06:02,13.01039,80.00386666666667,00386666666667,2025-09-04T23:20:03.216670
TN 87 1040,7428,0.0,0.0,148.65,03/09/2025 23:05:57,13.01039,80.00386666666667,00386666666667,2025-09-04T23:20:03.216836
TN 87 1040,7428,0.0,0.0,148.65,03/09/2025 23:05:43,13.01039,80.00386666666667,00386666666667,2025-09-04T23:20:03.217000
TN 87 1040,7428,0.0,0.0,148.65,03/09/2025 23:05:34,13.01039,80.00386666666667,00386666666667,2025-09-04T23:20:03.217164
TN 87 1040,7428,0.0,0.0,148.65,03/09/2025 23:05:23,13.01039,80.00386666666667,00386666666667,2025-09-04T23:20:03.217330
TN 87 1040,7428,0.0,0.0,148.67,03/09/2025 23:05:13,13.01039,80.00386666666667,00386666666667,2025-09-04T23:20:03.217491
TN 87 1040,7428,0.0,0.0,148.68,03/09/2025 23:05:03,13.01039,80.00386666666667,00386666666667,2025-09-04T23:20:03.217663
TN 87 1040,7428,0.0,0.0,148.68,03/09/2025 23:04:56,13.01039,80.00386666666667,00386666666667,2025-09-04T23:20:03.217825
TN 87 1040,7428,0.0,0.0,148.68,03/09/2025 23:04:44,13.01039,80.00386666666667,00386666666667,2025-09-04T23:20:03.217990
TN 87 1040,7428,0.0,0.0,148.66,03/09/2025 23:04:34,13.01039,80.00386666666667,00386666666667,2025-09-04T23:20:03.218158
TN 87 1040,7428,0.0,0.0,148.66,03/09/2025 23:04:24,13.01039,80.00386666666667,00386666666667,2025-09-04T23:20:03.218324
TN 87 1040,7428,0.0,0.0,148.68,03/09/2025 23:04:14,13.01039,80.00386666666667,00386666666667,2025-09-04T23:20:03.218510
TN 87 1040,7428,0.0,0.0,148.68,03/09/2025 23:04:04,13.01039,80.00386666666667,00386666666667,2025-09-04T23:20:03.218688
TN 87 1040,7428,0.0,0.0,148.68,03/09/2025 23:03:57,13.01039,80.00386666666667,00386666666667,2025-09-04T23:20:03.218857
TN 87 1040,7428,0.0,0.0,148.68,03/09/2025 23:03:45,13.01039,80.00386666666667,00386666666667,2025-09-04T23:20:03.219024
TN 87 1040,7428,0.0,0.0,148.68,03/09/2025 23:03:35,13.01039,80.00386666666667,00386666666667,2025-09-04T23:20:03.219186
TN 87 1040,7428,0.0,0.0,148.68,03/09/2025 23:03:25,13.01039,80.00386666666667,00386666666667,2025-09-04T23:20:03.219330
TN 87 1040,7428,0.0,0.0,148.68,03/09/2025 23:03:15,13.01039,80.00386666666667,00386666666667,2025-09-04T23:20:03.219486
TN 87 1040,7428,0.0,0.0,148.68,03/09/2025 23:03:06,13.01039,80.00386666666667,00386666666667,2025-09-04T23:20:03.219663
TN 87 1040,7428,0.0,0.0,148.69,03/09/2025 23:02:58,13.01039,80.00386666666667,00386666666667,2025-09-04T23:20:03.219894
TN 87 1040,7428,0.0,0.0,148.69,03/09/2025 23:02:45,13.01039,80.00386666666667,00386666666667,2025-09-04T23:20:03.220129
TN 87 1040,7428,0.0,0.0,148.68,03/09/2025 23:02:36,13.01039,80.00386666666667,00386666666667,2025-09-04T23:20:03.220374
TN 87 1040,7428,0.0,0.0,148.68,03/09/2025 23:02:26,13.01039,80.00386666666667,00386666666667,2025-09-04T23:20:03.220596
TN 87 1040,7428,0.0,0.0,148.68,03/09/2025 23:02:16,13.01039,80.00386666666667,00386666666667,2025-09-04T23:20:03.220784
TN 87 1040,7428,0.0,0.0,148.7,03/09/2025 23:02:06,13.01039,80.00386666666667,00386666666667,2025-09-04T23:20:03.220977
TN 87 1040,7428,0.0,0.0,148.7,03/09/2025 23:01:59,13.01039,80.00386666666667,00386666666667,2025-09-04T23:20:03.221177
TN 87 1040,7428,0.0,0.0,148.7,03/09/2025 23:01:46,13.01039,80.00386666666667,00386666666667,2025-09-04T23:20:03.221361
TN 87 1040,7428,0.0,0.0,148.7,03/09/2025 23:01:36,13.01039,80.00386666666667,00386666666667,2025-09-04T23:20:03.221535
TN 87 1040,7428,0.0,0.0,148.7,03/09/2025 23:01:27,13.01039,80.00386666666667,00386666666667,2025-09-04T23:20:03.221729
TN 87 1040,7428,0.0,0.0,148.7,03/09/2025 23:01:17,13.01039,80.00386666666667,00386666666667,2025-09-04T23:20:03.221916
TN 87 1040,7428,0.0,0.0,148.7,03/09/2025 23:01:07,13.01039,80.00386666666667,00386666666667,2025-09-04T23:20:03.222113
TN 87 1040,7428,0.0,0.0,148.7,03/09/2025 23:01:01,13.01039,80.00386666666667,00386666666667,2025-09-04T23:20:03.222304
TN 87 1040,7428,0.0,0.0,148.7,03/09/2025 23:00:47,13.01039,80.00386666666667,00386666666667,2025-09-04T23:20:03.222487
TN 87 1040,7428,0.0,0.0,148.7,03/09/2025 23:00:38,13.01039,80.00386666666667,00386666666667,2025-09-04T23:20:03.222654
TN 87 1040,7428,0.0,0.0,148.71,03/09/2025 23:00:28,13.01039,80.00386666666667,00386666666667,2025-09-04T23:20:03.222819
TN 87 1040,7428,0.0,0.0,148.71,03/09/2025 23:00:18,13.01039,80.00386666666667,00386666666667,2025-09-04T23:20:03.222979
TN 87 1040,7428,0.0,0.0,148.72,03/09/2025 23:00:08,13.01039,80.00386666666667,00386666666667,2025-09-04T23:20:03.223150
TN 87 1040,7428,0.0,0.0,148.72,03/09/2025 23:00:02,13.01039,80.00386666666667,00386666666667,2025-09-04T23:20:03.223323
TN 87 1040,7428,0.0,0.0,148.7,03/09/2025 22:59:48,13.01039,80.00386666666667,00386666666667,2025-09-04T23:20:03.223487
TN 87 1040,7428,0.0,0.0,148.69,03/09/2025 22:59:38,13.01039,80.00386666666667,00386666666667,2025-09-04T23:20:03.223664
TN 87 1040,7428,0.0,0.0,148.69,03/09/2025 22:59:28,13.01039,80.00386666666667,00386666666667,2025-09-04T23:20:03.223848
TN 87 1040,7428,0.0,0.0,148.72,03/09/2025 22:59:19,13.01039,80.00386666666667,00386666666667,2025-09-04T23:20:03.224020
TN 87 1040,7428,0.0,0.0,148.72,03/09/2025 22:59:09,13.01039,80.00386666666667,00386666666667,2025-09-04T23:20:03.224181
TN 87 1040,7428,0.0,0.0,148.72,03/09/2025 22:59:02,13.01039,80.00386666666667,00386666666667,2025-09-04T23:20:03.224345
TN 87 1040,7428,0.0,0.0,148.73,03/09/2025 22:58:50,13.01039,80.00386666666667,00386666666667,2025-09-04T23:20:03.224510
TN 87 1040,7428,0.0,0.0,148.72,03/09/2025 22:58:39,13.01039,80.00386666666667,00386666666667,2025-09-04T23:20:03.224773
TN 87 1040,7428,0.0,0.0,148.74,03/09/2025 22:58:29,13.01039,80.00386666666667,00386666666667,2025-09-04T23:20:03.224988
TN 87 1040,7428,0.0,0.0,148.72,03/09/2025 22:58:20,13.01039,80.00386666666667,00386666666667,2025-09-04T23:20:03.225265
TN 87 1040,7428,0.0,0.0,148.73,03/09/2025 22:58:10,13.01039,80.00386666666667,00386666666667,2025-09-04T23:20:03.225492
TN 87 1040,7428,0.0,0.0,148.74,03/09/2025 22:58:03,13.01039,80.00386666666667,00386666666667,2025-09-04T23:20:03.225676
TN 87 1040,7428,0.0,0.0,148.74,03/09/2025 22:57:50,13.01039,80.00386666666667,00386666666667,2025-09-04T23:20:03.225867
TN 87 1040,7428,0.0,0.0,148.75,03/09/2025 22:57:40,13.01039,80.00386666666667,00386666666667,2025-09-04T23:20:03.226055
TN 87 1040,7428,0.0,0.0,148.76,03/09/2025 22:57:30,13.01039,80.00386666666667,00386666666667,2025-09-04T23:20:03.226296
TN 87 1040,7428,0.0,0.0,148.74,03/09/2025 22:57:20,13.01039,80.00386666666667,00386666666667,2025-09-04T23:20:03.226505
TN 87 1040,7428,0.0,0.0,148.73,03/09/2025 22:57:11,13.01039,80.00386666666667,00386666666667,2025-09-04T23:20:03.226700
TN 87 1040,7428,0.0,0.0,148.72,03/09/2025 22:57:04,13.01039,80.00386666666667,00386666666667,2025-09-04T23:20:03.226876
TN 87 1040,7428,0.0,0.0,148.72,03/09/2025 22:56:51,13.01039,80.00386666666667,00386666666667,2025-09-04T23:20:03.227067
TN 87 1040,7428,0.0,0.0,148.75,03/09/2025 22:56:41,13.01039,80.00386666666667,00386666666667,2025-09-04T23:20:03.227286
TN 87 1040,7428,0.0,0.0,148.74,03/09/2025 22:56:31,13.01039,80.00386666666667,00386666666667,2025-09-04T23:20:03.227514
TN 87 1040,7428,0.0,0.0,148.73,03/09/2025 22:56:22,13.01039,80.00386666666667,00386666666667,2025-09-04T23:20:03.227736
TN 87 1040,7428,0.0,0.0,148.75,03/09/2025 22:56:12,13.01039,80.00386666666667,00386666666667,2025-09-04T23:20:03.227938
TN 87 1040,7428,0.0,0.0,148.75,03/09/2025 22:56:05,13.01039,80.00386666666667,00386666666667,2025-09-04T23:20:03.228147
TN 87 1040,7428,0.0,0.0,148.75,03/09/2025 22:55:52,13.01039,80.00386666666667,00386666666667,2025-09-04T23:20:03.228372
TN 87 1040,7428,0.0,0.0,148.76,03/09/2025 22:55:42,13.01039,80.00386666666667,00386666666667,2025-09-04T23:20:03.228594
TN 87 1040,7428,0.0,0.0,148.77,03/09/2025 22:55:33,13.01039,80.00386666666667,00386666666667,2025-09-04T23:20:03.228799
TN 87 1040,7428,0.0,0.0,148.77,03/09/2025 22:55:22,13.01039,80.00386666666667,00386666666667,2025-09-04T23:20:03.228981
TN 87 1040,7428,0.0,0.0,148.75,03/09/2025 22:55:12,13.01039,80.00386666666667,00386666666667,2025-09-04T23:20:03.229152
TN 87 1040,7428,0.0,0.0,148.75,03/09/2025 22:55:07,13.01039,80.00386666666667,00386666666667,2025-09-04T23:20:03.229345
TN 87 1040,7428,0.0,0.0,148.75,03/09/2025 22:54:53,13.01039,80.00386666666667,00386666666667,2025-09-04T23:20:03.229553
TN 87 1040,7428,0.0,0.0,148.76,03/09/2025 22:54:44,13.01039,80.00386666666667,00386666666667,2025-09-04T23:20:03.229760
TN 87 1040,7428,0.0,0.0,148.75,03/09/2025 22:54:33,13.01039,80.00386666666667,00386666666667,2025-09-04T23:20:03.229943
TN 87 1040,7428,0.0,0.0,148.75,03/09/2025 22:54:23,13.01039,80.00386666666667,00386666666667,2025-09-04T23:20:03.230132
TN 87 1040,7428,0.0,0.0,148.74,03/09/2025 22:54:13,13.01039,80.00386666666667,00386666666667,2025-09-04T23:20:03.230310
TN 87 1040,7428,0.0,0.0,148.73,03/09/2025 22:54:06,13.01039,80.00386666666667,00386666666667,2025-09-04T23:20:03.230499
TN 87 1040,7428,0.0,0.0,148.72,03/09/2025 22:53:54,13.01039,80.00386666666667,00386666666667,2025-09-04T23:20:03.230705
TN 87 1040,7428,0.0,0.0,148.75,03/09/2025 22:53:44,13.01039,80.00386666666667,00386666666667,2025-09-04T23:20:03.230907
TN 87 1040,7428,0.0,0.0,148.76,03/09/2025 22:53:34,13.01039,80.00386666666667,00386666666667,2025-09-04T23:20:03.231116
TN 87 1040,7428,0.0,0.0,148.77,03/09/2025 22:53:24,13.01039,80.00386666666667,00386666666667,2025-09-04T23:20:03.231319
TN 87 1040,7428,0.0,0.0,148.75,03/09/2025 22:53:14,13.01039,80.00386666666667,00386666666667,2025-09-04T23:20:03.231502
TN 87 1040,7428,0.0,0.0,148.75,03/09/2025 22:53:07,13.01039,80.00386666666667,00386666666667,2025-09-04T23:20:03.231680
TN 87 1040,7428,0.0,0.0,148.75,03/09/2025 22:52:55,13.01039,80.00386666666667,00386666666667,2025-09-04T23:20:03.231846
TN 87 1040,7428,0.0,0.0,148.72,03/09/2025 22:52:45,13.01039,80.00386666666667,00386666666667,2025-09-04T23:20:03.232017
TN 87 1040,7428,0.0,0.0,148.71,03/09/2025 22:52:35,13.01039,80.00386666666667,00386666666667,2025-09-04T23:20:03.232183
TN 87 1040,7428,0.0,0.0,148.71,03/09/2025 22:52:25,13.01039,80.00386666666667,00386666666667,2025-09-04T23:20:03.232351
TN 87 1040,7428,0.0,0.0,148.72,03/09/2025 22:52:16,13.01039,80.00386666666667,00386666666667,2025-09-04T23:20:03.232511
TN 87 1040,7428,0.0,0.0,148.66,03/09/2025 22:52:08,13.01039,80.00386666666667,00386666666667,2025-09-04T23:20:03.232698
TN 87 1040,7428,0.0,0.0,148.66,03/09/2025 22:51:56,13.01039,80.00386666666667,00386666666667,2025-09-04T23:20:03.232948
TN 87 1040,7428,0.0,0.0,148.65,03/09/2025 22:51:46,13.01039,80.00386666666667,00386666666667,2025-09-04T23:20:03.233176
TN 87 1040,7428,0.0,0.0,148.66,03/09/2025 22:51:36,13.01039,80.00386666666667,00386666666667,2025-09-04T23:20:03.233349
TN 87 1040,7428,0.0,0.0,148.64,03/09/2025 22:51:26,13.01039,80.00386666666667,00386666666667,2025-09-04T23:20:03.233526
TN 87 1040,7428,0.0,0.0,148.61,03/09/2025 22:51:16,13.01039,80.00386666666667,00386666666667,2025-09-04T23:20:03.233714
TN 87 1040,7428,0.0,0.0,148.6,03/09/2025 22:51:09,13.01039,80.00386666666667,00386666666667,2025-09-04T23:20:03.233912
TN 87 1040,7428,0.0,0.0,148.63,03/09/2025 22:50:56,13.01039,80.00386666666667,00386666666667,2025-09-04T23:20:03.234113
TN 87 1040,7428,0.0,0.0,148.63,03/09/2025 22:50:47,13.01039,80.00386666666667,00386666666667,2025-09-04T23:20:03.234297
TN 87 1040,7428,0.0,0.0,148.64,03/09/2025 22:50:37,13.01039,80.00386666666667,00386666666667,2025-09-04T23:20:03.234461
TN 87 1040,7428,0.0,0.0,148.59,03/09/2025 22:50:27,13.01039,80.00386666666667,00386666666667,2025-09-04T23:20:03.234658
TN 87 1040,7428,0.0,0.0,148.59,03/09/2025 22:50:17,13.01039,80.00386666666667,00386666666667,2025-09-04T23:20:03.234876
TN 87 1040,7428,0.0,0.0,148.57,03/09/2025 22:50:10,13.01039,80.00386666666667,00386666666667,2025-09-04T23:20:03.235084
TN 87 1040,7428,0.0,0.0,148.59,03/09/2025 22:49:57,13.01039,80.00386666666667,00386666666667,2025-09-04T23:20:03.235284
TN 87 1040,7428,0.0,0.0,148.59,03/09/2025 22:49:48,13.01039,80.00386666666667,00386666666667,2025-09-04T23:20:03.235464
TN 87 1040,7428,0.0,0.0,148.59,03/09/2025 22:49:38,13.01039,80.00386666666667,00386666666667,2025-09-04T23:20:03.235636
TN 87 1040,7428,0.0,0.0,148.6,03/09/2025 22:49:28,13.01039,80.00386666666667,00386666666667,2025-09-04T23:20:03.235832
TN 87 1040,7428,0.0,0.0,148.56,03/09/2025 22:49:18,13.01039,80.00386666666667,00386666666667,2025-09-04T23:20:03.236008
TN 87 1040,7428,0.0,0.0,148.56,03/09/2025 22:49:12,13.01039,80.00386666666667,00386666666667,2025-09-04T23:20:03.236190
TN 87 1040,7428,0.0,0.0,148.55,03/09/2025 22:48:58,13.01039,80.00386666666667,00386666666667,2025-09-04T23:20:03.236378
TN 87 1040,7428,0.0,0.0,148.56,03/09/2025 22:48:49,13.01039,80.00386666666667,00386666666667,2025-09-04T23:20:03.236547
TN 87 1040,7428,0.0,0.0,148.51,03/09/2025 22:48:39,13.01039,80.00386666666667,00386666666667,2025-09-04T23:20:03.236740
TN 87 1040,7428,0.0,0.0,148.51,03/09/2025 22:48:29,13.01039,80.00386666666667,00386666666667,2025-09-04T23:20:03.236952
TN 87 1040,7428,0.0,0.0,148.44,03/09/2025 22:48:19,13.01039,80.00386666666667,00386666666667,2025-09-04T23:20:03.237151
TN 87 1040,7428,0.0,0.0,148.44,03/09/2025 22:48:12,13.01039,80.00386666666667,00386666666667,2025-09-04T23:20:03.237320
TN 87 1040,7428,0.0,0.0,148.46,03/09/2025 22:48:00,13.01039,80.00386666666667,00386666666667,2025-09-04T23:20:03.237494
TN 87 1040,7428,0.0,0.0,148.44,03/09/2025 22:47:49,13.01039,80.00386666666667,00386666666667,2025-09-04T23:20:03.237685
TN 87 1040,7428,0.0,0.0,148.42,03/09/2025 22:47:40,13.01039,80.00386666666667,00386666666667,2025-09-04T23:20:03.237866
TN 87 1040,7428,0.0,0.0,148.41,03/09/2025 22:47:30,13.01039,80.00386666666667,00386666666667,2025-09-04T23:20:03.238040
TN 87 1040,7428,0.0,0.0,148.41,03/09/2025 22:47:20,13.01039,80.00386666666667,00386666666667,2025-09-04T23:20:03.238226
TN 87 1040,7428,0.0,0.0,148.41,03/09/2025 22:47:13,13.01039,80.00386666666667,00386666666667,2025-09-04T23:20:03.238390
TN 87 1040,7428,0.0,0.0,148.42,03/09/2025 22:47:00,13.01039,80.00386666666667,00386666666667,2025-09-04T23:20:03.238559
TN 87 1040,7428,0.0,0.0,148.44,03/09/2025 22:46:50,13.01039,80.00386666666667,00386666666667,2025-09-04T23:20:03.238761
TN 87 1040,7428,0.0,0.0,148.42,03/09/2025 22:46:40,13.01039,80.00386666666667,00386666666667,2025-09-04T23:20:03.238964
TN 87 1040,7428,0.0,0.0,148.44,03/09/2025 22:46:31,13.01039,80.00386666666667,00386666666667,2025-09-04T23:20:03.239132
TN 87 1040,7428,0.0,0.0,148.41,03/09/2025 22:46:22,13.01039,80.00386666666667,00386666666667,2025-09-04T23:20:03.239303
TN 87 1040,7428,0.0,0.0,148.42,03/09/2025 22:46:14,13.01039,80.00386666666667,00386666666667,2025-09-04T23:20:03.239475
TN 87 1040,7428,0.0,0.0,148.42,03/09/2025 22:46:01,13.01039,80.00386666666667,00386666666667,2025-09-04T23:20:03.239746
TN 87 1040,7428,0.0,0.0,148.44,03/09/2025 22:45:51,13.01039,80.00386666666667,00386666666667,2025-09-04T23:20:03.239966
TN 87 1040,7428,0.0,0.0,148.48,03/09/2025 22:45:41,13.01039,80.00386666666667,00386666666667,2025-09-04T23:20:03.240166
TN 87 1040,7428,0.0,0.0,148.47,03/09/2025 22:45:32,13.01039,80.00386666666667,00386666666667,2025-09-04T23:20:03.240358
TN 87 1040,7428,0.0,0.0,148.46,03/09/2025 22:45:22,13.01039,80.00386666666667,00386666666667,2025-09-04T23:20:03.240542
TN 87 1040,7428,0.0,0.0,148.43,03/09/2025 22:45:15,13.01039,80.00386666666667,00386666666667,2025-09-04T23:20:03.240791
TN 87 1040,7428,0.0,0.0,148.43,03/09/2025 22:45:02,13.01039,80.00386666666667,00386666666667,2025-09-04T23:20:03.241123
TN 87 1040,7428,0.0,0.0,148.42,03/09/2025 22:44:52,13.01039,80.00386666666667,00386666666667,2025-09-04T23:20:03.241466
TN 87 1040,7428,0.0,0.0,148.42,03/09/2025 22:44:43,13.01039,80.00386666666667,00386666666667,2025-09-04T23:20:03.241720
TN 87 1040,7428,0.0,0.0,148.42,03/09/2025 22:44:32,13.01039,80.00386666666667,00386666666667,2025-09-04T23:20:03.241989
TN 87 1040,7428,0.0,0.0,148.44,03/09/2025 22:44:23,13.01039,80.00386666666667,00386666666667,2025-09-04T23:20:03.242280
TN 87 1040,7428,0.0,0.0,148.44,03/09/2025 22:44:17,13.01039,80.00386666666667,00386666666667,2025-09-04T23:20:03.242480
TN 87 1040,7428,0.0,0.0,148.49,03/09/2025 22:44:03,13.01039,80.00386666666667,00386666666667,2025-09-04T23:20:03.242725
TN 87 1040,7428,0.0,0.0,148.52,03/09/2025 22:43:54,13.01039,80.00386666666667,00386666666667,2025-09-04T23:20:03.242904
TN 87 1040,7428,0.0,0.0,148.49,03/09/2025 22:43:43,13.01039,80.00386666666667,00386666666667,2025-09-04T23:20:03.243105
TN 87 1040,7428,0.0,0.0,148.48,03/09/2025 22:43:33,13.01039,80.00386666666667,00386666666667,2025-09-04T23:20:03.243294
TN 87 1040,7428,0.0,0.0,148.48,03/09/2025 22:43:24,13.01039,80.00386666666667,00386666666667,2025-09-04T23:20:03.243481
TN 87 1040,7428,0.0,0.0,148.53,03/09/2025 22:43:17,13.01039,80.00386666666667,00386666666667,2025-09-04T23:20:03.243692
TN 87 1040,7428,0.0,0.0,148.42,03/09/2025 22:43:04,13.01039,80.00386666666667,00386666666667,2025-09-04T23:20:03.243887
TN 87 1040,7428,0.0,0.0,148.39,03/09/2025 22:42:54,13.01039,80.00386666666667,00386666666667,2025-09-04T23:20:03.244081
TN 87 1040,7428,0.0,0.0,148.4,03/09/2025 22:42:44,13.01039,80.00386666666667,00386666666667,2025-09-04T23:20:03.244244
TN 87 1040,7428,0.0,0.0,148.37,03/09/2025 22:42:34,13.01039,80.00386666666667,00386666666667,2025-09-04T23:20:03.244383
TN 87 1040,7428,0.0,0.0,148.37,03/09/2025 22:42:24,13.01039,80.00386666666667,00386666666667,2025-09-04T23:20:03.244552
TN 87 1040,7428,0.0,0.0,148.38,03/09/2025 22:42:17,13.01039,80.00386666666667,00386666666667,2025-09-04T23:20:03.244761
TN 87 1040,7428,0.0,0.0,148.39,03/09/2025 22:42:05,13.01039,80.00386666666667,00386666666667,2025-09-04T23:20:03.244950
TN 87 1040,7428,0.0,0.0,148.37,03/09/2025 22:41:55,13.01039,80.00386666666667,00386666666667,2025-09-04T23:20:03.245148
TN 87 1040,7428,0.0,0.0,148.38,03/09/2025 22:41:45,13.01039,80.00386666666667,00386666666667,2025-09-04T23:20:03.245329
TN 87 1040,7428,0.0,0.0,148.39,03/09/2025 22:41:35,13.01039,80.00386666666667,00386666666667,2025-09-04T23:20:03.245516
TN 87 1040,7428,0.0,0.0,148.37,03/09/2025 22:41:26,13.01039,80.00386666666667,00386666666667,2025-09-04T23:20:03.245728
TN 87 1040,7428,0.0,0.0,148.39,03/09/2025 22:41:18,13.01039,80.00386666666667,00386666666667,2025-09-04T23:20:03.245929
TN 87 1040,7428,0.0,0.0,148.41,03/09/2025 22:41:06,13.01039,80.00386666666667,00386666666667,2025-09-04T23:20:03.246121
TN 87 1040,7428,0.0,0.0,148.42,03/09/2025 22:40:56,13.01039,80.00386666666667,00386666666667,2025-09-04T23:20:03.246306
TN 87 1040,7428,0.0,0.0,148.41,03/09/2025 22:40:46,13.01039,80.00386666666667,00386666666667,2025-09-04T23:20:03.246471
TN 87 1040,7428,0.0,0.0,148.44,03/09/2025 22:40:36,13.01039,80.00386666666667,00386666666667,2025-09-04T23:20:03.246631
TN 87 1040,7428,0.0,0.0,148.42,03/09/2025 22:40:26,13.01039,80.00386666666667,00386666666667,2025-09-04T23:20:03.246795
TN 87 1040,7428,0.0,0.0,148.43,03/09/2025 22:40:19,13.01039,80.00386666666667,00386666666667,2025-09-04T23:20:03.246969
TN 87 1040,7428,0.0,0.0,148.41,03/09/2025 22:40:07,13.01039,80.00386666666667,00386666666667,2025-09-04T23:20:03.247142
TN 87 1040,7428,0.0,0.0,148.4,03/09/2025 22:39:57,13.01039,80.00386666666667,00386666666667,2025-09-04T23:20:03.247316
TN 87 1040,7428,0.0,0.0,148.43,03/09/2025 22:39:47,13.01039,80.00386666666667,00386666666667,2025-09-04T23:20:03.247496
TN 87 1040,7428,0.0,0.0,148.44,03/09/2025 22:39:37,13.01039,80.00386666666667,00386666666667,2025-09-04T23:20:03.247658
TN 87 1040,7428,0.0,0.0,148.44,03/09/2025 22:39:27,13.01039,80.00386666666667,00386666666667,2025-09-04T23:20:03.247848
TN 87 1040,7428,0.0,0.0,148.39,03/09/2025 22:39:20,13.01039,80.00386666666667,00386666666667,2025-09-04T23:20:03.248026
TN 87 1040,7428,0.0,0.0,148.39,03/09/2025 22:39:08,13.01039,80.00386666666667,00386666666667,2025-09-04T23:20:03.248212
TN 87 1040,7428,0.0,0.0,148.4,03/09/2025 22:38:58,13.01039,80.00386666666667,00386666666667,2025-09-04T23:20:03.248371
TN 87 1040,7428,0.0,0.0,148.42,03/09/2025 22:38:49,13.01039,80.00386666666667,00386666666667,2025-09-04T23:20:03.248518
TN 87 1040,7428,0.0,0.0,148.35,03/09/2025 22:38:38,13.01039,80.00386666666667,00386666666667,2025-09-04T23:20:03.248751
TN 87 1040,7428,0.0,0.0,148.35,03/09/2025 22:38:28,13.01039,80.00386666666667,00386666666667,2025-09-04T23:20:03.248950
TN 87 1040,7428,0.0,0.0,148.35,03/09/2025 22:38:22,13.01039,80.00386666666667,00386666666667,2025-09-04T23:20:03.249152
TN 87 1040,7428,0.0,0.0,148.34,03/09/2025 22:38:09,13.01039,80.00386666666667,00386666666667,2025-09-04T23:20:03.249333
TN 87 1040,7428,0.0,0.0,148.35,03/09/2025 22:38:00,13.01039,80.00386666666667,00386666666667,2025-09-04T23:20:03.249514
TN 87 1040,7428,0.0,0.0,148.36,03/09/2025 22:37:49,13.01039,80.00386666666667,00386666666667,2025-09-04T23:20:03.249705
TN 87 1040,7428,0.0,0.0,148.36,03/09/2025 22:37:39,13.01039,80.00386666666667,00386666666667,2025-09-04T23:20:03.249905
TN 87 1040,7428,0.0,0.0,148.38,03/09/2025 22:37:29,13.01039,80.00386666666667,00386666666667,2025-09-04T23:20:03.250109
TN 87 1040,7428,0.0,0.0,148.4,03/09/2025 22:37:22,13.01039,80.00386666666667,00386666666667,2025-09-04T23:20:03.250284
TN 87 1040,7428,0.0,0.0,148.4,03/09/2025 22:37:10,13.01039,80.00386666666667,00386666666667,2025-09-04T23:20:03.250474
TN 87 1040,7428,0.0,0.0,148.43,03/09/2025 22:37:00,13.01039,80.00386666666667,00386666666667,2025-09-04T23:20:03.250671
TN 87 1040,7428,0.0,0.0,148.39,03/09/2025 22:36:50,13.01039,80.00386666666667,00386666666667,2025-09-04T23:20:03.250885
TN 87 1040,7428,0.0,0.0,148.39,03/09/2025 22:36:40,13.01039,80.00386666666667,00386666666667,2025-09-04T23:20:03.251080
TN 87 1040,7428,0.0,0.0,148.4,03/09/2025 22:36:30,13.01039,80.00386666666667,00386666666667,2025-09-04T23:20:03.251260
TN 87 1040,7428,0.0,0.0,148.38,03/09/2025 22:36:23,13.01039,80.00386666666667,00386666666667,2025-09-04T23:20:03.251439
TN 87 1040,7428,0.0,0.0,148.38,03/09/2025 22:36:10,13.01039,80.00386666666667,00386666666667,2025-09-04T23:20:03.251611
TN 87 1040,7428,0.0,0.0,148.38,03/09/2025 22:36:00,13.01039,80.00386666666667,00386666666667,2025-09-04T23:20:03.251814
TN 87 1040,7428,0.0,0.0,148.39,03/09/2025 22:35:51,13.01039,80.00386666666667,00386666666667,2025-09-04T23:20:03.252005
TN 87 1040,7428,0.0,0.0,148.38,03/09/2025 22:35:41,13.01039,80.00386666666667,00386666666667,2025-09-04T23:20:03.252190
TN 87 1040,7428,0.0,0.0,148.36,03/09/2025 22:35:32,13.01039,80.00386666666667,00386666666667,2025-09-04T23:20:03.252360
TN 87 1040,7428,0.0,0.0,148.36,03/09/2025 22:35:24,13.01039,80.00386666666667,00386666666667,2025-09-04T23:20:03.252521
TN 87 1040,7428,0.0,0.0,148.33,03/09/2025 22:35:11,13.01039,80.00386666666667,00386666666667,2025-09-04T23:20:03.252692
TN 87 1040,7428,0.0,0.0,148.33,03/09/2025 22:35:01,13.01039,80.00386666666667,00386666666667,2025-09-04T23:20:03.252915
TN 87 1040,7428,0.0,0.0,148.33,03/09/2025 22:34:52,13.01039,80.00386666666667,00386666666667,2025-09-04T23:20:03.253130
TN 87 1040,7428,0.0,0.0,148.35,03/09/2025 22:34:42,13.01039,80.00386666666667,00386666666667,2025-09-04T23:20:03.253289
TN 87 1040,7428,0.0,0.0,148.35,03/09/2025 22:34:32,13.01039,80.00386666666667,00386666666667,2025-09-04T23:20:03.253457
TN 87 1040,7428,0.0,0.0,148.34,03/09/2025 22:34:25,13.01039,80.00386666666667,00386666666667,2025-09-04T23:20:03.253604
TN 87 1040,7428,0.0,0.0,148.34,03/09/2025 22:34:12,13.01039,80.00386666666667,00386666666667,2025-09-04T23:20:03.253811
TN 87 1040,7428,0.0,0.0,148.35,03/09/2025 22:34:02,13.01039,80.00386666666667,00386666666667,2025-09-04T23:20:03.254005
TN 87 1040,7428,0.0,0.0,148.34,03/09/2025 22:33:53,13.01039,80.00386666666667,00386666666667,2025-09-04T23:20:03.254198
TN 87 1040,7428,0.0,0.0,148.37,03/09/2025 22:33:43,13.01039,80.00386666666667,00386666666667,2025-09-04T23:20:03.254418
TN 87 1040,7428,0.0,0.0,148.37,03/09/2025 22:33:33,13.01039,80.00386666666667,00386666666667,2025-09-04T23:20:03.254628
TN 87 1040,7428,0.0,0.0,148.38,03/09/2025 22:33:27,13.01039,80.00386666666667,00386666666667,2025-09-04T23:20:03.254845
TN 87 1040,7428,0.0,0.0,148.39,03/09/2025 22:33:13,13.01039,80.00386666666667,00386666666667,2025-09-04T23:20:03.255040
TN 87 1040,7428,0.0,0.0,148.37,03/09/2025 22:33:04,13.01039,80.00386666666667,00386666666667,2025-09-04T23:20:03.255230
TN 87 1040,7428,0.0,0.0,148.36,03/09/2025 22:32:53,13.01039,80.00386666666667,00386666666667,2025-09-04T23:20:03.255434
TN 87 1040,7428,0.0,0.0,148.37,03/09/2025 22:32:44,13.01039,80.00386666666667,00386666666667,2025-09-04T23:20:03.255625
TN 87 1040,7428,0.0,0.0,148.37,03/09/2025 22:32:34,13.01039,80.00386666666667,00386666666667,2025-09-04T23:20:03.255847
TN 87 1040,7428,0.0,0.0,148.36,03/09/2025 22:32:27,13.01039,80.00386666666667,00386666666667,2025-09-04T23:20:03.256058
TN 87 1040,7428,0.0,0.0,148.35,03/09/2025 22:32:14,13.01039,80.00386666666667,00386666666667,2025-09-04T23:20:03.256307
TN 87 1040,7428,0.0,0.0,148.38,03/09/2025 22:32:04,13.01039,80.00386666666667,00386666666667,2025-09-04T23:20:03.256531
TN 87 1040,7428,0.0,0.0,148.37,03/09/2025 22:31:54,13.01039,80.00386666666667,00386666666667,2025-09-04T23:20:03.256741
TN 87 1040,7428,0.0,0.0,148.38,03/09/2025 22:31:44,13.01039,80.00386666666667,00386666666667,2025-09-04T23:20:03.256929
TN 87 1040,7428,0.0,0.0,148.38,03/09/2025 22:31:35,13.01039,80.00386666666667,00386666666667,2025-09-04T23:20:03.257131
TN 87 1040,7428,0.0,0.0,148.38,03/09/2025 22:31:28,13.01039,80.00386666666667,00386666666667,2025-09-04T23:20:03.257318
TN 87 1040,7428,0.0,0.0,148.38,03/09/2025 22:31:15,13.01039,80.00386666666667,00386666666667,2025-09-04T23:20:03.257471
TN 87 1040,7428,0.0,0.0,148.39,03/09/2025 22:31:05,13.01039,80.00386666666667,00386666666667,2025-09-04T23:20:03.257670
TN 87 1040,7428,0.0,0.0,148.39,03/09/2025 22:30:55,13.01039,80.00386666666667,00386666666667,2025-09-04T23:20:03.257837
TN 87 1040,7428,0.0,0.0,148.39,03/09/2025 22:30:45,13.01039,80.00386666666667,00386666666667,2025-09-04T23:20:03.258002
TN 87 1040,7428,0.0,0.0,148.4,03/09/2025 22:30:36,13.01039,80.00386666666667,00386666666667,2025-09-04T23:20:03.258188
TN 87 1040,7428,0.0,0.0,148.39,03/09/2025 22:30:29,13.01039,80.00386666666667,00386666666667,2025-09-04T23:20:03.258360
TN 87 1040,7428,0.0,0.0,148.39,03/09/2025 22:30:16,13.01039,80.00386666666667,00386666666667,2025-09-04T23:20:03.258499
TN 87 1040,7428,0.0,0.0,148.39,03/09/2025 22:30:06,13.01039,80.00386666666667,00386666666667,2025-09-04T23:20:03.258643
TN 87 1040,7428,0.0,0.0,148.4,03/09/2025 22:29:56,13.01039,80.00386666666667,00386666666667,2025-09-04T23:20:03.258845
TN 87 1040,7428,0.0,0.0,148.39,03/09/2025 22:29:47,13.01039,80.00386666666667,00386666666667,2025-09-04T23:20:03.259034
TN 87 1040,7428,0.0,0.0,148.39,03/09/2025 22:29:36,13.01039,80.00386666666667,00386666666667,2025-09-04T23:20:03.259203
TN 87 1040,7428,0.0,0.0,148.39,03/09/2025 22:29:29,13.01039,80.00386666666667,00386666666667,2025-09-04T23:20:03.259358
TN 87 1040,7428,0.0,0.0,148.4,03/09/2025 22:29:17,13.01039,80.00386666666667,00386666666667,2025-09-04T23:20:03.259531
TN 87 1040,7428,0.0,0.0,148.4,03/09/2025 22:29:07,13.01039,80.00386666666667,00386666666667,2025-09-04T23:20:03.259722
TN 87 1040,7428,0.0,0.0,148.4,03/09/2025 22:28:57,13.01039,80.00386666666667,00386666666667,2025-09-04T23:20:03.259920
TN 87 1040,7428,0.0,0.0,148.4,03/09/2025 22:28:48,13.01039,80.00386666666667,00386666666667,2025-09-04T23:20:03.260115
TN 87 1040,7428,0.0,0.0,148.41,03/09/2025 22:28:37,13.01039,80.00386666666667,00386666666667,2025-09-04T23:20:03.260312
TN 87 1040,7428,0.0,0.0,148.41,03/09/2025 22:28:30,13.01039,80.00386666666667,00386666666667,2025-09-04T23:20:03.260488
TN 87 1040,7428,0.0,0.0,148.41,03/09/2025 22:28:18,13.01039,80.00386666666667,00386666666667,2025-09-04T23:20:03.260682
TN 87 1040,7428,0.0,0.0,148.4,03/09/2025 22:28:08,13.01039,80.00386666666667,00386666666667,2025-09-04T23:20:03.260872
TN 87 1040,7428,0.0,0.0,148.39,03/09/2025 22:27:59,13.01039,80.00386666666667,00386666666667,2025-09-04T23:20:03.261052
TN 87 1040,7428,0.0,0.0,148.4,03/09/2025 22:27:48,13.01039,80.00386666666667,00386666666667,2025-09-04T23:20:03.261244
TN 87 1040,7428,0.0,0.0,148.4,03/09/2025 22:27:38,13.01039,80.00386666666667,00386666666667,2025-09-04T23:20:03.261414
TN 87 1040,7428,0.0,0.0,148.4,03/09/2025 22:27:32,13.01039,80.00386666666667,00386666666667,2025-09-04T23:20:03.261596
TN 87 1040,7428,0.0,0.0,148.4,03/09/2025 22:27:19,13.01039,80.00386666666667,00386666666667,2025-09-04T23:20:03.261786
TN 87 1040,7428,0.0,0.0,148.39,03/09/2025 22:27:10,13.01039,80.00386666666667,00386666666667,2025-09-04T23:20:03.261976
TN 87 1040,7428,0.0,0.0,148.4,03/09/2025 22:26:59,13.01039,80.00386666666667,00386666666667,2025-09-04T23:20:03.262143
TN 87 1040,7428,0.0,0.0,148.39,03/09/2025 22:26:49,13.01039,80.00386666666667,00386666666667,2025-09-04T23:20:03.262315
TN 87 1040,7428,0.0,0.0,148.4,03/09/2025 22:26:39,13.01039,80.00386666666667,00386666666667,2025-09-04T23:20:03.262478
TN 87 1040,7428,0.0,0.0,148.4,03/09/2025 22:26:32,13.01039,80.00386666666667,00386666666667,2025-09-04T23:20:03.262666
TN 87 1040,7428,0.0,0.0,148.4,03/09/2025 22:26:20,13.01039,80.00386666666667,00386666666667,2025-09-04T23:20:03.262873
TN 87 1040,7428,0.0,0.0,148.4,03/09/2025 22:26:10,13.01039,80.00386666666667,00386666666667,2025-09-04T23:20:03.263075
TN 87 1040,7428,0.0,0.0,148.4,03/09/2025 22:26:00,13.01039,80.00386666666667,00386666666667,2025-09-04T23:20:03.263257
TN 87 1040,7428,0.0,0.0,148.41,03/09/2025 22:25:50,13.01039,80.00386666666667,00386666666667,2025-09-04T23:20:03.263436
TN 87 1040,7428,0.0,0.0,148.4,03/09/2025 22:25:40,13.01039,80.00386666666667,00386666666667,2025-09-04T23:20:03.263619
TN 87 1040,7428,0.0,0.0,148.4,03/09/2025 22:25:33,13.01039,80.00386666666667,00386666666667,2025-09-04T23:20:03.263820
TN 87 1040,7428,0.0,0.0,148.4,03/09/2025 22:25:20,13.01039,80.00386666666667,00386666666667,2025-09-04T23:20:03.263999
TN 87 1040,7428,0.0,0.0,148.4,03/09/2025 22:25:11,13.01039,80.00386666666667,00386666666667,2025-09-04T23:20:03.264191
TN 87 1040,7428,0.0,0.0,148.4,03/09/2025 22:25:01,13.01039,80.00386666666667,00386666666667,2025-09-04T23:20:03.264369
TN 87 1040,7428,0.0,0.0,148.41,03/09/2025 22:24:51,13.01039,80.00386666666667,00386666666667,2025-09-04T23:20:03.264548
TN 87 1040,7428,0.0,0.0,148.42,03/09/2025 22:24:42,13.01039,80.00386666666667,00386666666667,2025-09-04T23:20:03.264742
TN 87 1040,7428,0.0,0.0,148.42,03/09/2025 22:24:34,13.01039,80.00386666666667,00386666666667,2025-09-04T23:20:03.264959
TN 87 1040,7428,0.0,0.0,148.42,03/09/2025 22:24:21,13.01039,80.00386666666667,00386666666667,2025-09-04T23:20:03.265155
TN 87 1040,7428,0.0,0.0,148.42,03/09/2025 22:24:11,13.01039,80.00386666666667,00386666666667,2025-09-04T23:20:03.265324
TN 87 1040,7428,0.0,0.0,148.42,03/09/2025 22:24:02,13.01039,80.00386666666667,00386666666667,2025-09-04T23:20:03.265487
TN 87 1040,7428,0.0,0.0,148.42,03/09/2025 22:23:52,13.01039,80.00386666666667,00386666666667,2025-09-04T23:20:03.265681
TN 87 1040,7428,0.0,0.0,148.41,03/09/2025 22:23:42,13.01039,80.00386666666667,00386666666667,2025-09-04T23:20:03.265855
TN 87 1040,7428,0.0,0.0,148.41,03/09/2025 22:23:35,13.01039,80.00386666666667,00386666666667,2025-09-04T23:20:03.266022
TN 87 1040,7428,0.0,0.0,148.41,03/09/2025 22:23:22,13.01039,80.00386666666667,00386666666667,2025-09-04T23:20:03.266181
TN 87 1040,7428,0.0,0.0,148.42,03/09/2025 22:23:12,13.01039,80.00386666666667,00386666666667,2025-09-04T23:20:03.266410
TN 87 1040,7428,0.0,0.0,148.42,03/09/2025 22:23:03,13.01039,80.00386666666667,00386666666667,2025-09-04T23:20:03.266604
TN 87 1040,7428,0.0,0.0,148.42,03/09/2025 22:22:53,13.01039,80.00386666666667,00386666666667,2025-09-04T23:20:03.266827
TN 87 1040,7428,0.0,0.0,148.42,03/09/2025 22:22:43,13.01039,80.00386666666667,00386666666667,2025-09-04T23:20:03.267013
TN 87 1040,7428,0.0,0.0,148.42,03/09/2025 22:22:37,13.01039,80.00386666666667,00386666666667,2025-09-04T23:20:03.267210
TN 87 1040,7428,0.0,0.0,148.42,03/09/2025 22:22:23,13.01039,80.00386666666667,00386666666667,2025-09-04T23:20:03.267414
TN 87 1040,7428,0.0,0.0,148.42,03/09/2025 22:22:14,13.01039,80.00386666666667,00386666666667,2025-09-04T23:20:03.267598
TN 87 1040,7428,0.0,0.0,148.44,03/09/2025 22:22:03,13.01039,80.00386666666667,00386666666667,2025-09-04T23:20:03.267822
TN 87 1040,7428,0.0,0.0,148.44,03/09/2025 22:21:54,13.01039,80.00386666666667,00386666666667,2025-09-04T23:20:03.268034
TN 87 1040,7428,0.0,0.0,148.44,03/09/2025 22:21:44,13.01039,80.00386666666667,00386666666667,2025-09-04T23:20:03.268245
TN 87 1040,7428,0.0,0.0,148.44,03/09/2025 22:21:37,13.01039,80.00386666666667,00386666666667,2025-09-04T23:20:03.268442
TN 87 1040,7428,0.0,0.0,148.44,03/09/2025 22:21:24,13.01039,80.00386666666667,00386666666667,2025-09-04T23:20:03.268719
TN 87 1040,7428,0.0,0.0,148.45,03/09/2025 22:21:14,13.01039,80.00386666666667,00386666666667,2025-09-04T23:20:03.268920
TN 87 1040,7428,0.0,0.0,148.44,03/09/2025 22:21:04,13.01039,80.00386666666667,00386666666667,2025-09-04T23:20:03.269102
TN 87 1040,7428,0.0,0.0,148.43,03/09/2025 22:20:55,13.01039,80.00386666666667,00386666666667,2025-09-04T23:20:03.269305
TN 87 1040,7428,0.0,0.0,148.44,03/09/2025 22:20:45,13.01039,80.00386666666667,00386666666667,2025-09-04T23:20:03.269503
TN 87 1040,7428,0.0,0.0,148.44,03/09/2025 22:20:38,13.01039,80.00386666666667,00386666666667,2025-09-04T23:20:03.269717
TN 87 1040,7428,0.0,0.0,148.43,03/09/2025 22:20:25,13.01039,80.00386666666667,00386666666667,2025-09-04T23:20:03.269976
TN 87 1040,7428,0.0,0.0,148.43,03/09/2025 22:20:15,13.01039,80.00386666666667,00386666666667,2025-09-04T23:20:03.270203
TN 87 1040,7428,0.0,0.0,148.43,03/09/2025 22:20:05,13.01039,80.00386666666667,00386666666667,2025-09-04T23:20:03.270421
TN 87 1040,7428,0.0,0.0,148.44,03/09/2025 22:19:55,13.01039,80.00386666666667,00386666666667,2025-09-04T23:20:03.270627
TN 87 1040,7428,0.0,0.0,148.44,03/09/2025 22:19:46,13.01039,80.00386666666667,00386666666667,2025-09-04T23:20:03.270830
TN 87 1040,7428,0.0,0.0,148.44,03/09/2025 22:19:39,13.01039,80.00386666666667,00386666666667,2025-09-04T23:20:03.271030
TN 87 1040,7428,0.0,0.0,148.44,03/09/2025 22:19:26,13.01039,80.00386666666667,00386666666667,2025-09-04T23:20:03.271228
TN 87 1040,7428,0.0,0.0,148.45,03/09/2025 22:19:16,13.01039,80.00386666666667,00386666666667,2025-09-04T23:20:03.271413
TN 87 1040,7428,0.0,0.0,148.45,03/09/2025 22:19:06,13.01039,80.00386666666667,00386666666667,2025-09-04T23:20:03.271590
TN 87 1040,7428,0.0,0.0,148.45,03/09/2025 22:18:57,13.01039,80.00386666666667,00386666666667,2025-09-04T23:20:03.271789
TN 87 1040,7428,0.0,0.0,148.44,03/09/2025 22:18:47,13.01039,80.00386666666667,00386666666667,2025-09-04T23:20:03.272018
TN 87 1040,7428,0.0,0.0,148.44,03/09/2025 22:18:39,13.01039,80.00386666666667,00386666666667,2025-09-04T23:20:03.272223
TN 87 1040,7428,0.0,0.0,148.44,03/09/2025 22:18:27,13.01039,80.00386666666667,00386666666667,2025-09-04T23:20:03.272408
TN 87 1040,7428,0.0,0.0,148.44,03/09/2025 22:18:17,13.01039,80.00386666666667,00386666666667,2025-09-04T23:20:03.272600
TN 87 1040,7428,0.0,0.0,148.45,03/09/2025 22:18:07,13.01039,80.00386666666667,00386666666667,2025-09-04T23:20:03.272827
TN 87 1040,7428,0.0,0.0,148.45,03/09/2025 22:17:58,13.01039,80.00386666666667,00386666666667,2025-09-04T23:20:03.273027
TN 87 1040,7428,0.0,0.0,148.46,03/09/2025 22:17:47,13.01039,80.00386666666667,00386666666667,2025-09-04T23:20:03.273241
TN 87 1040,7428,0.0,0.0,148.46,03/09/2025 22:17:40,13.01039,80.00386666666667,00386666666667,2025-09-04T23:20:03.273417
TN 87 1040,7428,0.0,0.0,148.46,03/09/2025 22:17:28,13.01039,80.00386666666667,00386666666667,2025-09-04T23:20:03.273589
TN 87 1040,7428,0.0,0.0,148.45,03/09/2025 22:17:18,13.01039,80.00386666666667,00386666666667,2025-09-04T23:20:03.273775
TN 87 1040,7428,0.0,0.0,148.46,03/09/2025 22:17:09,13.01039,80.00386666666667,00386666666667,2025-09-04T23:20:03.273975
TN 87 1040,7428,0.0,0.0,148.46,03/09/2025 22:16:58,13.01039,80.00386666666667,00386666666667,2025-09-04T23:20:03.274163
TN 87 1040,7428,0.0,0.0,148.45,03/09/2025 22:16:48,13.01039,80.00386666666667,00386666666667,2025-09-04T23:20:03.274337
TN 87 1040,7428,0.0,0.0,148.46,03/09/2025 22:16:43,13.01039,80.00386666666667,00386666666667,2025-09-04T23:20:03.274504
TN 87 1040,7428,0.0,0.0,148.46,03/09/2025 22:16:29,13.01039,80.00386666666667,00386666666667,2025-09-04T23:20:03.274710
TN 87 1040,7428,0.0,0.0,148.46,03/09/2025 22:16:20,13.01039,80.00386666666667,00386666666667,2025-09-04T23:20:03.274908
TN 87 1040,7428,0.0,0.0,148.46,03/09/2025 22:16:09,13.01039,80.00386666666667,00386666666667,2025-09-04T23:20:03.275106
TN 87 1040,7428,0.0,0.0,148.47,03/09/2025 22:15:59,13.01039,80.00386666666667,00386666666667,2025-09-04T23:20:03.275290
TN 87 1040,7428,0.0,0.0,148.48,03/09/2025 22:15:49,13.01039,80.00386666666667,00386666666667,2025-09-04T23:20:03.275455
TN 87 1040,7428,0.0,0.0,148.48,03/09/2025 22:15:42,13.01039,80.00386666666667,00386666666667,2025-09-04T23:20:03.275624
TN 87 1040,7428,0.0,0.0,148.48,03/09/2025 22:15:30,13.01039,80.00386666666667,00386666666667,2025-09-04T23:20:03.275824
TN 87 1040,7428,0.0,0.0,148.48,03/09/2025 22:15:20,13.01039,80.00386666666667,00386666666667,2025-09-04T23:20:03.276019
TN 87 1040,7428,0.0,0.0,148.48,03/09/2025 22:15:10,13.01039,80.00386666666667,00386666666667,2025-09-04T23:20:03.276241
TN 87 1040,7428,0.0,0.0,148.48,03/09/2025 22:15:00,13.01039,80.00386666666667,00386666666667,2025-09-04T23:20:03.276428
TN 87 1040,7428,0.0,0.0,148.48,03/09/2025 22:14:50,13.01039,80.00386666666667,00386666666667,2025-09-04T23:20:03.276609
TN 87 1040,7428,0.0,0.0,148.48,03/09/2025 22:14:43,13.01039,80.00386666666667,00386666666667,2025-09-04T23:20:03.276825
TN 87 1040,7428,0.0,0.0,148.49,03/09/2025 22:14:31,13.01039,80.00386666666667,00386666666667,2025-09-04T23:20:03.277015
TN 87 1040,7428,0.0,0.0,148.49,03/09/2025 22:14:21,13.01039,80.00386666666667,00386666666667,2025-09-04T23:20:03.277185
TN 87 1040,7428,0.0,0.0,148.5,03/09/2025 22:14:11,13.01039,80.00386666666667,00386666666667,2025-09-04T23:20:03.277341
TN 87 1040,7428,0.0,0.0,148.49,03/09/2025 22:14:01,13.01039,80.00386666666667,00386666666667,2025-09-04T23:20:03.277515
TN 87 1040,7428,0.0,0.0,148.48,03/09/2025 22:13:52,13.01039,80.00386666666667,00386666666667,2025-09-04T23:20:03.277693
TN 87 1040,7428,0.0,0.0,148.49,03/09/2025 22:13:44,13.01039,80.00386666666667,00386666666667,2025-09-04T23:20:03.277893
TN 87 1040,7428,0.0,0.0,148.49,03/09/2025 22:13:31,13.01039,80.00386666666667,00386666666667,2025-09-04T23:20:03.278095
TN 87 1040,7428,0.0,0.0,148.49,03/09/2025 22:13:22,13.01039,80.00386666666667,00386666666667,2025-09-04T23:20:03.278278
TN 87 1040,7428,0.0,0.0,148.5,03/09/2025 22:13:12,13.01039,80.00386666666667,00386666666667,2025-09-04T23:20:03.278452
TN 87 1040,7428,0.0,0.0,148.5,03/09/2025 22:13:02,13.01039,80.00386666666667,00386666666667,2025-09-04T23:20:03.278633
TN 87 1040,7428,0.0,0.0,148.5,03/09/2025 22:12:52,13.01039,80.00386666666667,00386666666667,2025-09-04T23:20:03.278831
TN 87 1040,7428,0.0,0.0,148.51,03/09/2025 22:12:45,13.01039,80.00386666666667,00386666666667,2025-09-04T23:20:03.279007
TN 87 1040,7428,0.0,0.0,148.51,03/09/2025 22:12:32,13.01039,80.00386666666667,00386666666667,2025-09-04T23:20:03.279159
TN 87 1040,7428,0.0,0.0,148.51,03/09/2025 22:12:22,13.01039,80.00386666666667,00386666666667,2025-09-04T23:20:03.279505
TN 87 1040,7428,0.0,0.0,148.52,03/09/2025 22:12:13,13.01039,80.00386666666667,00386666666667,2025-09-04T23:20:03.279744
TN 87 1040,7428,0.0,0.0,148.51,03/09/2025 22:12:03,13.01039,80.00386666666667,00386666666667,2025-09-04T23:20:03.279958
TN 87 1040,7428,0.0,0.0,148.51,03/09/2025 22:11:53,13.01039,80.00386666666667,00386666666667,2025-09-04T23:20:03.280165
TN 87 1040,7428,0.0,0.0,148.5,03/09/2025 22:11:47,13.01039,80.00386666666667,00386666666667,2025-09-04T23:20:03.280367
TN 87 1040,7428,0.0,0.0,148.5,03/09/2025 22:11:33,13.01039,80.00386666666667,00386666666667,2025-09-04T23:20:03.280556
TN 87 1040,7428,0.0,0.0,148.51,03/09/2025 22:11:24,13.01039,80.00386666666667,00386666666667,2025-09-04T23:20:03.280769
TN 87 1040,7428,0.0,0.0,148.51,03/09/2025 22:11:14,13.01039,80.00386666666667,00386666666667,2025-09-04T23:20:03.281035
TN 87 1040,7428,0.0,0.0,148.53,03/09/2025 22:11:04,13.01039,80.00386666666667,00386666666667,2025-09-04T23:20:03.281266
TN 87 1040,7428,0.0,0.0,148.51,03/09/2025 22:10:54,13.01039,80.00386666666667,00386666666667,2025-09-04T23:20:03.281491
TN 87 1040,7428,0.0,0.0,148.5,03/09/2025 22:10:48,13.01039,80.00386666666667,00386666666667,2025-09-04T23:20:03.281731
TN 87 1040,7428,0.0,0.0,148.5,03/09/2025 22:10:35,13.01039,80.00386666666667,00386666666667,2025-09-04T23:20:03.281949
TN 87 1040,7428,0.0,0.0,148.51,03/09/2025 22:10:24,13.01039,80.00386666666667,00386666666667,2025-09-04T23:20:03.282262
TN 87 1040,7428,0.0,0.0,148.51,03/09/2025 22:10:14,13.01039,80.00386666666667,00386666666667,2025-09-04T23:20:03.282488
TN 87 1040,7428,0.0,0.0,148.51,03/09/2025 22:10:05,13.01039,80.00386666666667,00386666666667,2025-09-04T23:20:03.282801
TN 87 1040,7428,0.0,0.0,148.53,03/09/2025 22:09:55,13.01039,80.00386666666667,00386666666667,2025-09-04T23:20:03.283057
TN 87 1040,7428,0.0,0.0,148.53,03/09/2025 22:09:48,13.01039,80.00386666666667,00386666666667,2025-09-04T23:20:03.283258
TN 87 1040,7428,0.0,0.0,148.53,03/09/2025 22:09:35,13.01039,80.00386666666667,00386666666667,2025-09-04T23:20:03.283511
TN 87 1040,7428,0.0,0.0,148.54,03/09/2025 22:09:25,13.01039,80.00386666666667,00386666666667,2025-09-04T23:20:03.283830
TN 87 1040,7428,0.0,0.0,148.53,03/09/2025 22:09:15,13.01039,80.00386666666667,00386666666667,2025-09-04T23:20:03.284040
TN 87 1040,7428,0.0,0.0,148.53,03/09/2025 22:09:06,13.01039,80.00386666666667,00386666666667,2025-09-04T23:20:03.284225
TN 87 1040,7428,0.0,0.0,148.54,03/09/2025 22:08:56,13.01039,80.00386666666667,00386666666667,2025-09-04T23:20:03.284411
TN 87 1040,7428,0.0,0.0,148.53,03/09/2025 22:08:49,13.01039,80.00386666666667,00386666666667,2025-09-04T23:20:03.284585
TN 87 1040,7428,0.0,0.0,148.53,03/09/2025 22:08:36,13.01039,80.00386666666667,00386666666667,2025-09-04T23:20:03.284798
TN 87 1040,7428,0.0,0.0,148.53,03/09/2025 22:08:26,13.01039,80.00386666666667,00386666666667,2025-09-04T23:20:03.285001
TN 87 1040,7428,0.0,0.0,148.53,03/09/2025 22:08:16,13.01039,80.00386666666667,00386666666667,2025-09-04T23:20:03.285211
TN 87 1040,7428,0.0,0.0,148.53,03/09/2025 22:08:07,13.01039,80.00386666666667,00386666666667,2025-09-04T23:20:03.285417
TN 87 1040,7428,0.0,0.0,148.53,03/09/2025 22:07:58,13.01039,80.00386666666667,00386666666667,2025-09-04T23:20:03.285665
TN 87 1040,7428,0.0,0.0,148.55,03/09/2025 22:07:50,13.01039,80.00386666666667,00386666666667,2025-09-04T23:20:03.285876
TN 87 1040,7428,0.0,0.0,148.55,03/09/2025 22:07:37,13.01039,80.00386666666667,00386666666667,2025-09-04T23:20:03.286061
TN 87 1040,7428,0.0,0.0,148.55,03/09/2025 22:07:27,13.01039,80.00386666666667,00386666666667,2025-09-04T23:20:03.286256
TN 87 1040,7428,0.0,0.0,148.55,03/09/2025 22:07:17,13.01039,80.00386666666667,00386666666667,2025-09-04T23:20:03.286448
TN 87 1040,7428,0.0,0.0,148.54,03/09/2025 22:07:08,13.01039,80.00386666666667,00386666666667,2025-09-04T23:20:03.286630
TN 87 1040,7428,0.0,0.0,148.56,03/09/2025 22:06:58,13.01039,80.00386666666667,00386666666667,2025-09-04T23:20:03.286827
TN 87 1040,7428,0.0,0.0,148.59,03/09/2025 22:06:50,13.01039,80.00386666666667,00386666666667,2025-09-04T23:20:03.287036
TN 87 1040,7428,0.0,0.0,148.56,03/09/2025 22:06:38,13.01039,80.00386666666667,00386666666667,2025-09-04T23:20:03.287240
TN 87 1040,7428,0.0,0.0,148.56,03/09/2025 22:06:28,13.01039,80.00386666666667,00386666666667,2025-09-04T23:20:03.287444
TN 87 1040,7428,0.0,0.0,148.55,03/09/2025 22:06:19,13.01039,80.00386666666667,00386666666667,2025-09-04T23:20:03.287651
TN 87 1040,7428,0.0,0.0,148.57,03/09/2025 22:06:08,13.01039,80.00386666666667,00386666666667,2025-09-04T23:20:03.287844
TN 87 1040,7428,0.0,0.0,148.57,03/09/2025 22:05:58,13.01039,80.00386666666667,00386666666667,2025-09-04T23:20:03.288032
TN 87 1040,7428,0.0,0.0,148.57,03/09/2025 22:05:53,13.01039,80.00386666666667,00386666666667,2025-09-04T23:20:03.288240
TN 87 1040,7428,0.0,0.0,148.57,03/09/2025 22:05:39,13.01039,80.00386666666667,00386666666667,2025-09-04T23:20:03.288443
TN 87 1040,7428,0.0,0.0,148.57,03/09/2025 22:05:30,13.01039,80.00386666666667,00386666666667,2025-09-04T23:20:03.288632
TN 87 1040,7428,0.0,0.0,148.56,03/09/2025 22:05:19,13.01039,80.00386666666667,00386666666667,2025-09-04T23:20:03.288829
TN 87 1040,7428,0.0,0.0,148.55,03/09/2025 22:05:09,13.01039,80.00386666666667,00386666666667,2025-09-04T23:20:03.289040
TN 87 1040,7428,0.0,0.0,148.55,03/09/2025 22:04:59,13.01039,80.00386666666667,00386666666667,2025-09-04T23:20:03.289250
TN 87 1040,7428,0.0,0.0,148.56,03/09/2025 22:04:52,13.01039,80.00386666666667,00386666666667,2025-09-04T23:20:03.289451
TN 87 1040,7428,0.0,0.0,148.57,03/09/2025 22:04:40,13.01039,80.00386666666667,00386666666667,2025-09-04T23:20:03.289655
TN 87 1040,7428,0.0,0.0,148.58,03/09/2025 22:04:30,13.01039,80.00386666666667,00386666666667,2025-09-04T23:20:03.289873
TN 87 1040,7428,0.0,0.0,148.59,03/09/2025 22:04:20,13.01039,80.00386666666667,00386666666667,2025-09-04T23:20:03.290077
TN 87 1040,7428,0.0,0.0,148.58,03/09/2025 22:04:10,13.01039,80.00386666666667,00386666666667,2025-09-04T23:20:03.290290
TN 87 1040,7428,0.0,0.0,148.59,03/09/2025 22:04:00,13.01039,80.00386666666667,00386666666667,2025-09-04T23:20:03.290484
TN 87 1040,7428,0.0,0.0,148.59,03/09/2025 22:03:53,13.01039,80.00386666666667,00386666666667,2025-09-04T23:20:03.290676
TN 87 1040,7428,0.0,0.0,148.57,03/09/2025 22:03:41,13.01039,80.00386666666667,00386666666667,2025-09-04T23:20:03.290900
TN 87 1040,7428,0.0,0.0,148.57,03/09/2025 22:03:31,13.01039,80.00386666666667,00386666666667,2025-09-04T23:20:03.291112
TN 87 1040,7428,0.0,0.0,148.57,03/09/2025 22:03:21,13.01039,80.00386666666667,00386666666667,2025-09-04T23:20:03.291313
TN 87 1040,7428,0.0,0.0,148.59,03/09/2025 22:03:11,13.01039,80.00386666666667,00386666666667,2025-09-04T23:20:03.291497
TN 87 1040,7428,0.0,0.0,148.58,03/09/2025 22:03:02,13.01039,80.00386666666667,00386666666667,2025-09-04T23:20:03.291686
TN 87 1040,7428,0.0,0.0,148.59,03/09/2025 22:02:54,13.01039,80.00386666666667,00386666666667,2025-09-04T23:20:03.291886
TN 87 1040,7428,0.0,0.0,148.59,03/09/2025 22:02:41,13.01039,80.00386666666667,00386666666667,2025-09-04T23:20:03.292079
TN 87 1040,7428,0.0,0.0,148.59,03/09/2025 22:02:32,13.01039,80.00386666666667,00386666666667,2025-09-04T23:20:03.292283
TN 87 1040,7428,0.0,0.0,148.59,03/09/2025 22:02:22,13.01039,80.00386666666667,00386666666667,2025-09-04T23:20:03.292454
TN 87 1040,7428,0.0,0.0,148.6,03/09/2025 22:02:12,13.01039,80.00386666666667,00386666666667,2025-09-04T23:20:03.292629
TN 87 1040,7428,0.0,0.0,148.59,03/09/2025 22:02:02,13.01039,80.00386666666667,00386666666667,2025-09-04T23:20:03.292801
TN 87 1040,7428,0.0,0.0,148.59,03/09/2025 22:01:55,13.01039,80.00386666666667,00386666666667,2025-09-04T23:20:03.293065
TN 87 1040,7428,0.0,0.0,148.59,03/09/2025 22:01:42,13.01039,80.00386666666667,00386666666667,2025-09-04T23:20:03.293245
TN 87 1040,7428,0.0,0.0,148.62,03/09/2025 22:01:33,13.01039,80.00386666666667,00386666666667,2025-09-04T23:20:03.293433
TN 87 1040,7428,0.0,0.0,148.62,03/09/2025 22:01:23,13.01039,80.00386666666667,00386666666667,2025-09-04T23:20:03.293637
TN 87 1040,7428,0.0,0.0,148.61,03/09/2025 22:01:13,13.01039,80.00386666666667,00386666666667,2025-09-04T23:20:03.293830
TN 87 1040,7428,0.0,0.0,148.61,03/09/2025 22:01:03,13.01039,80.00386666666667,00386666666667,2025-09-04T23:20:03.294024
TN 87 1040,7428,0.0,0.0,148.61,03/09/2025 22:00:57,13.01039,80.00386666666667,00386666666667,2025-09-04T23:20:03.294208
TN 87 1040,7428,0.0,0.0,148.61,03/09/2025 22:00:43,13.01039,80.00386666666667,00386666666667,2025-09-04T23:20:03.294471
TN 87 1040,7428,0.0,0.0,148.63,03/09/2025 22:00:34,13.01039,80.00386666666667,00386666666667,2025-09-04T23:20:03.294708
TN 87 1040,7428,0.0,0.0,148.6,03/09/2025 22:00:24,13.01039,80.00386666666667,00386666666667,2025-09-04T23:20:03.294942
TN 87 1040,7428,0.0,0.0,148.61,03/09/2025 22:00:14,13.01039,80.00386666666667,00386666666667,2025-09-04T23:20:03.295188
TN 87 1040,7428,0.0,0.0,148.61,03/09/2025 22:00:04,13.01039,80.00386666666667,00386666666667,2025-09-04T23:20:03.295402
TN 87 1040,7428,0.0,0.0,148.61,03/09/2025 21:59:58,13.01039,80.00386666666667,00386666666667,2025-09-04T23:20:03.295608
TN 87 1040,7428,0.0,0.0,148.61,03/09/2025 21:59:45,13.01039,80.00386666666667,00386666666667,2025-09-04T23:20:03.295805
TN 87 1040,7428,0.0,0.0,148.61,03/09/2025 21:59:34,13.01039,80.00386666666667,00386666666667,2025-09-04T23:20:03.295990
TN 87 1040,7428,0.0,0.0,148.63,03/09/2025 21:59:25,13.01039,80.00386666666667,00386666666667,2025-09-04T23:20:03.296188
TN 87 1040,7428,0.0,0.0,148.63,03/09/2025 21:59:15,13.01039,80.00386666666667,00386666666667,2025-09-04T23:20:03.296391
TN 87 1040,7428,0.0,0.0,148.63,03/09/2025 21:59:05,13.01039,80.00386666666667,00386666666667,2025-09-04T23:20:03.296592
TN 87 1040,7428,0.0,0.0,148.62,03/09/2025 21:58:58,13.01039,80.00386666666667,00386666666667,2025-09-04T23:20:03.296788
TN 87 1040,7428,0.0,0.0,148.62,03/09/2025 21:58:45,13.01039,80.00386666666667,00386666666667,2025-09-04T23:20:03.296977
TN 87 1040,7428,0.0,0.0,148.63,03/09/2025 21:58:35,13.01039,80.00386666666667,00386666666667,2025-09-04T23:20:03.297167
TN 87 1040,7428,0.0,0.0,148.63,03/09/2025 21:58:25,13.01039,80.00386666666667,00386666666667,2025-09-04T23:20:03.297350
TN 87 1040,7428,0.0,0.0,148.62,03/09/2025 21:58:16,13.01039,80.00386666666667,00386666666667,2025-09-04T23:20:03.297522
TN 87 1040,7428,0.0,0.0,148.63,03/09/2025 21:58:06,13.01039,80.00386666666667,00386666666667,2025-09-04T23:20:03.297703
TN 87 1040,7428,0.0,0.0,148.63,03/09/2025 21:57:59,13.01039,80.00386666666667,00386666666667,2025-09-04T23:20:03.297886
TN 87 1040,7428,0.0,0.0,148.63,03/09/2025 21:57:46,13.01039,80.00386666666667,00386666666667,2025-09-04T23:20:03.298064
TN 87 1040,7428,0.0,0.0,148.63,03/09/2025 21:57:36,13.01039,80.00386666666667,00386666666667,2025-09-04T23:20:03.298246
TN 87 1040,7428,0.0,0.0,148.63,03/09/2025 21:57:26,13.01039,80.00386666666667,00386666666667,2025-09-04T23:20:03.298420
TN 87 1040,7428,0.0,0.0,148.64,03/09/2025 21:57:17,13.01039,80.00386666666667,00386666666667,2025-09-04T23:20:03.298593
TN 87 1040,7428,0.0,0.0,148.64,03/09/2025 21:57:08,13.01039,80.00386666666667,00386666666667,2025-09-04T23:20:03.298800
TN 87 1040,7428,0.0,0.0,148.64,03/09/2025 21:57:00,13.01039,80.00386666666667,00386666666667,2025-09-04T23:20:03.298988
TN 87 1040,7428,0.0,0.0,148.64,03/09/2025 21:56:47,13.01039,80.00386666666667,00386666666667,2025-09-04T23:20:03.299169
TN 87 1040,7428,0.0,0.0,148.63,03/09/2025 21:56:37,13.01039,80.00386666666667,00386666666667,2025-09-04T23:20:03.299331
TN 87 1040,7428,0.0,0.0,148.63,03/09/2025 21:56:27,13.01039,80.00386666666667,00386666666667,2025-09-04T23:20:03.299479
TN 87 1040,7428,0.0,0.0,148.64,03/09/2025 21:56:18,13.01039,80.00386666666667,00386666666667,2025-09-04T23:20:03.299675
TN 87 1040,7428,0.0,0.0,148.64,03/09/2025 21:56:08,13.01039,80.00386666666667,00386666666667,2025-09-04T23:20:03.299857
TN 87 1040,7428,0.0,0.0,148.64,03/09/2025 21:56:01,13.01039,80.00386666666667,00386666666667,2025-09-04T23:20:03.300064
TN 87 1040,7428,0.0,0.0,148.64,03/09/2025 21:55:48,13.01039,80.00386666666667,00386666666667,2025-09-04T23:20:03.300261
TN 87 1040,7428,0.0,0.0,148.66,03/09/2025 21:55:38,13.01039,80.00386666666667,00386666666667,2025-09-04T23:20:03.300445
TN 87 1040,7428,0.0,0.0,148.66,03/09/2025 21:55:29,13.01039,80.00386666666667,00386666666667,2025-09-04T23:20:03.300634
TN 87 1040,7428,0.0,0.0,148.67,03/09/2025 21:55:18,13.01039,80.00386666666667,00386666666667,2025-09-04T23:20:03.300828
TN 87 1040,7428,0.0,0.0,148.64,03/09/2025 21:55:09,13.01039,80.00386666666667,00386666666667,2025-09-04T23:20:03.301014
TN 87 1040,7428,0.0,0.0,148.64,03/09/2025 21:55:03,13.01039,80.00386666666667,00386666666667,2025-09-04T23:20:03.301200
TN 87 1040,7428,0.0,0.0,148.65,03/09/2025 21:54:49,13.01039,80.00386666666667,00386666666667,2025-09-04T23:20:03.301368
TN 87 1040,7428,0.0,0.0,148.64,03/09/2025 21:54:40,13.01039,80.00386666666667,00386666666667,2025-09-04T23:20:03.301509
TN 87 1040,7428,0.0,0.0,148.64,03/09/2025 21:54:29,13.01039,80.00386666666667,00386666666667,2025-09-04T23:20:03.301683
TN 87 1040,7428,0.0,0.0,148.64,03/09/2025 21:54:19,13.01039,80.00386666666667,00386666666667,2025-09-04T23:20:03.301861
TN 87 1040,7428,0.0,0.0,148.66,03/09/2025 21:54:09,13.01039,80.00386666666667,00386666666667,2025-09-04T23:20:03.302048
TN 87 1040,7428,0.0,0.0,148.67,03/09/2025 21:54:02,13.01039,80.00386666666667,00386666666667,2025-09-04T23:20:03.302226
TN 87 1040,7428,0.0,0.0,148.67,03/09/2025 21:53:50,13.01039,80.00386666666667,00386666666667,2025-09-04T23:20:03.302388
TN 87 1040,7428,0.0,0.0,148.66,03/09/2025 21:53:40,13.01039,80.00386666666667,00386666666667,2025-09-04T23:20:03.302557
TN 87 1040,7428,0.0,0.0,148.66,03/09/2025 21:53:30,13.01039,80.00386666666667,00386666666667,2025-09-04T23:20:03.302726
TN 87 1040,7428,0.0,0.0,148.68,03/09/2025 21:53:20,13.01039,80.00386666666667,00386666666667,2025-09-04T23:20:03.303015
TN 87 1040,7428,0.0,0.0,148.68,03/09/2025 21:53:10,13.01039,80.00386666666667,00386666666667,2025-09-04T23:20:03.303246
TN 87 1040,7428,0.0,0.0,148.68,03/09/2025 21:53:03,13.01039,80.00386666666667,00386666666667,2025-09-04T23:20:03.303433
TN 87 1040,7428,0.0,0.0,148.69,03/09/2025 21:52:51,13.01039,80.00386666666667,00386666666667,2025-09-04T23:20:03.303625
TN 87 1040,7428,0.0,0.0,148.68,03/09/2025 21:52:41,13.01039,80.00386666666667,00386666666667,2025-09-04T23:20:03.303821
TN 87 1040,7428,0.0,0.0,148.68,03/09/2025 21:52:31,13.01039,80.00386666666667,00386666666667,2025-09-04T23:20:03.303969
TN 87 1040,7428,0.0,0.0,148.68,03/09/2025 21:52:21,13.01039,80.00386666666667,00386666666667,2025-09-04T23:20:03.304119
TN 87 1040,7428,0.0,0.0,148.66,03/09/2025 21:52:12,13.01039,80.00386666666667,00386666666667,2025-09-04T23:20:03.304286
TN 87 1040,7428,0.0,0.0,148.66,03/09/2025 21:52:04,13.01039,80.00386666666667,00386666666667,2025-09-04T23:20:03.304440
TN 87 1040,7428,0.0,0.0,148.66,03/09/2025 21:51:52,13.01039,80.00386666666667,00386666666667,2025-09-04T23:20:03.304627
TN 87 1040,7428,0.0,0.0,148.66,03/09/2025 21:51:42,13.01039,80.00386666666667,00386666666667,2025-09-04T23:20:03.304826
TN 87 1040,7428,0.0,0.0,148.67,03/09/2025 21:51:32,13.01039,80.00386666666667,00386666666667,2025-09-04T23:20:03.305034
TN 87 1040,7428,0.0,0.0,148.67,03/09/2025 21:51:22,13.01039,80.00386666666667,00386666666667,2025-09-04T23:20:03.305224
TN 87 1040,7428,0.0,0.0,148.68,03/09/2025 21:51:12,13.01039,80.00386666666667,00386666666667,2025-09-04T23:20:03.305400
TN 87 1040,7428,0.0,0.0,148.67,03/09/2025 21:51:05,13.01039,80.00386666666667,00386666666667,2025-09-04T23:20:03.305591
TN 87 1040,7428,0.0,0.0,148.67,03/09/2025 21:50:52,13.01039,80.00386666666667,00386666666667,2025-09-04T23:20:03.305768
TN 87 1040,7428,0.0,0.0,148.67,03/09/2025 21:50:43,13.01039,80.00386666666667,00386666666667,2025-09-04T23:20:03.305908
TN 87 1040,7428,0.0,0.0,148.68,03/09/2025 21:50:33,13.01039,80.00386666666667,00386666666667,2025-09-04T23:20:03.306304
TN 87 1040,7428,0.0,0.0,148.69,03/09/2025 21:50:23,13.01039,80.00386666666667,00386666666667,2025-09-04T23:20:03.306511
TN 87 1040,7428,0.0,0.0,148.69,03/09/2025 21:50:13,13.01039,80.00386666666667,00386666666667,2025-09-04T23:20:03.306723
TN 87 1040,7428,0.0,0.0,148.69,03/09/2025 21:50:07,13.01039,80.00386666666667,00386666666667,2025-09-04T23:20:03.306919
TN 87 1040,7428,0.0,0.0,148.69,03/09/2025 21:49:53,13.01039,80.00386666666667,00386666666667,2025-09-04T23:20:03.307124
TN 87 1040,7428,0.0,0.0,148.7,03/09/2025 21:49:44,13.01039,80.00386666666667,00386666666667,2025-09-04T23:20:03.307328
TN 87 1040,7428,0.0,0.0,148.7,03/09/2025 21:49:34,13.01039,80.00386666666667,00386666666667,2025-09-04T23:20:03.307668
TN 87 1040,7428,0.0,0.0,148.7,03/09/2025 21:49:24,13.01039,80.00386666666667,00386666666667,2025-09-04T23:20:03.307903
TN 87 1040,7428,0.0,0.0,148.7,03/09/2025 21:49:14,13.01039,80.00386666666667,00386666666667,2025-09-04T23:20:03.308102
TN 87 1040,7428,0.0,0.0,148.71,03/09/2025 21:49:08,13.01039,80.00386666666667,00386666666667,2025-09-04T23:20:03.308326
TN 87 1040,7428,0.0,0.0,148.7,03/09/2025 21:48:55,13.01039,80.00386666666667,00386666666667,2025-09-04T23:20:03.308767
TN 87 1040,7428,0.0,0.0,148.7,03/09/2025 21:48:44,13.01039,80.00386666666667,00386666666667,2025-09-04T23:20:03.308968
TN 87 1040,7428,0.0,0.0,148.7,03/09/2025 21:48:35,13.01039,80.00386666666667,00386666666667,2025-09-04T23:20:03.309124
TN 87 1040,7428,0.0,0.0,148.7,03/09/2025 21:48:25,13.01039,80.00386666666667,00386666666667,2025-09-04T23:20:03.309308
TN 87 1040,7428,0.0,0.0,148.7,03/09/2025 21:48:15,13.01039,80.00386666666667,00386666666667,2025-09-04T23:20:03.309495
TN 87 1040,7428,0.0,0.0,148.71,03/09/2025 21:48:08,13.01039,80.00386666666667,00386666666667,2025-09-04T23:20:03.309696
TN 87 1040,7428,0.0,0.0,148.71,03/09/2025 21:47:56,13.01039,80.00386666666667,00386666666667,2025-09-04T23:20:03.309935
TN 87 1040,7428,0.0,0.0,148.71,03/09/2025 21:47:45,13.01039,80.00386666666667,00386666666667,2025-09-04T23:20:03.310153
TN 87 1040,7428,0.0,0.0,148.71,03/09/2025 21:47:36,13.01039,80.00386666666667,00386666666667,2025-09-04T23:20:03.310360
TN 87 1040,7428,0.0,0.0,148.72,03/09/2025 21:47:26,13.01039,80.00386666666667,00386666666667,2025-09-04T23:20:03.310543
TN 87 1040,7428,0.0,0.0,148.71,03/09/2025 21:47:16,13.01039,80.00386666666667,00386666666667,2025-09-04T23:20:03.310744
TN 87 1040,7428,0.0,0.0,148.72,03/09/2025 21:47:09,13.01039,80.00386666666667,00386666666667,2025-09-04T23:20:03.310961
TN 87 1040,7428,0.0,0.0,148.72,03/09/2025 21:46:56,13.01039,80.00386666666667,00386666666667,2025-09-04T23:20:03.311179
TN 87 1040,7428,0.0,0.0,148.7,03/09/2025 21:46:46,13.01039,80.00386666666667,00386666666667,2025-09-04T23:20:03.311372
TN 87 1040,7428,0.0,0.0,148.71,03/09/2025 21:46:36,13.01039,80.00386666666667,00386666666667,2025-09-04T23:20:03.311562
TN 87 1040,7428,0.0,0.0,148.71,03/09/2025 21:46:27,13.01039,80.00386666666667,00386666666667,2025-09-04T23:20:03.311744
TN 87 1040,7428,0.0,0.0,148.7,03/09/2025 21:46:18,13.01039,80.00386666666667,00386666666667,2025-09-04T23:20:03.311944
TN 87 1040,7428,0.0,0.0,148.7,03/09/2025 21:46:10,13.01039,80.00386666666667,00386666666667,2025-09-04T23:20:03.312120
TN 87 1040,7428,0.0,0.0,148.7,03/09/2025 21:45:57,13.01039,80.00386666666667,00386666666667,2025-09-04T23:20:03.312321
TN 87 1040,7428,0.0,0.0,148.71,03/09/2025 21:45:47,13.01039,80.00386666666667,00386666666667,2025-09-04T23:20:03.312533
TN 87 1040,7428,0.0,0.0,148.72,03/09/2025 21:45:37,13.01039,80.00386666666667,00386666666667,2025-09-04T23:20:03.312750
TN 87 1040,7428,0.0,0.0,148.72,03/09/2025 21:45:28,13.01039,80.00386666666667,00386666666667,2025-09-04T23:20:03.312933
TN 87 1040,7428,0.0,0.0,148.72,03/09/2025 21:45:18,13.01039,80.00386666666667,00386666666667,2025-09-04T23:20:03.313122
TN 87 1040,7428,0.0,0.0,148.72,03/09/2025 21:45:11,13.01039,80.00386666666667,00386666666667,2025-09-04T23:20:03.313331
TN 87 1040,7428,0.0,0.0,148.72,03/09/2025 21:44:58,13.01039,80.00386666666667,00386666666667,2025-09-04T23:20:03.313540
TN 87 1040,7428,0.0,0.0,148.72,03/09/2025 21:44:48,13.01039,80.00386666666667,00386666666667,2025-09-04T23:20:03.313755
TN 87 1040,7428,0.0,0.0,148.71,03/09/2025 21:44:39,13.01039,80.00386666666667,00386666666667,2025-09-04T23:20:03.313967
TN 87 1040,7428,0.0,0.0,148.71,03/09/2025 21:44:28,13.01039,80.00386666666667,00386666666667,2025-09-04T23:20:03.314148
TN 87 1040,7428,0.0,0.0,148.73,03/09/2025 21:44:19,13.01039,80.00386666666667,00386666666667,2025-09-04T23:20:03.314357
TN 87 1040,7428,0.0,0.0,148.74,03/09/2025 21:44:13,13.01039,80.00386666666667,00386666666667,2025-09-04T23:20:03.314559
TN 87 1040,7428,0.0,0.0,148.74,03/09/2025 21:43:59,13.01039,80.00386666666667,00386666666667,2025-09-04T23:20:03.314742
TN 87 1040,7428,0.0,0.0,148.74,03/09/2025 21:43:50,13.01039,80.00386666666667,00386666666667,2025-09-04T23:20:03.314966
TN 87 1040,7428,0.0,0.0,148.73,03/09/2025 21:43:39,13.01039,80.00386666666667,00386666666667,2025-09-04T23:20:03.315251
TN 87 1040,7428,0.0,0.0,148.72,03/09/2025 21:43:29,13.01039,80.00386666666667,00386666666667,2025-09-04T23:20:03.315487
TN 87 1040,7428,0.0,0.0,148.72,03/09/2025 21:43:20,13.01039,80.00386666666667,00386666666667,2025-09-04T23:20:03.315700
TN 87 1040,7428,0.0,0.0,148.74,03/09/2025 21:43:12,13.01039,80.00386666666667,00386666666667,2025-09-04T23:20:03.315908
TN 87 1040,7428,0.0,0.0,148.74,03/09/2025 21:43:00,13.01039,80.00386666666667,00386666666667,2025-09-04T23:20:03.316095
TN 87 1040,7428,0.0,0.0,148.75,03/09/2025 21:42:50,13.01039,80.00386666666667,00386666666667,2025-09-04T23:20:03.316283
TN 87 1040,7428,0.0,0.0,148.76,03/09/2025 21:42:40,13.01039,80.00386666666667,00386666666667,2025-09-04T23:20:03.316456
TN 87 1040,7428,0.0,0.0,148.75,03/09/2025 21:42:30,13.01039,80.00386666666667,00386666666667,2025-09-04T23:20:03.316626
TN 87 1040,7428,0.0,0.0,148.76,03/09/2025 21:42:20,13.01039,80.00386666666667,00386666666667,2025-09-04T23:20:03.316816
TN 87 1040,7428,0.0,0.0,148.74,03/09/2025 21:42:13,13.01039,80.00386666666667,00386666666667,2025-09-04T23:20:03.316978
TN 87 1040,7428,0.0,0.0,148.74,03/09/2025 21:42:01,13.01039,80.00386666666667,00386666666667,2025-09-04T23:20:03.317130
TN 87 1040,7428,0.0,0.0,148.74,03/09/2025 21:41:51,13.01039,80.00386666666667,00386666666667,2025-09-04T23:20:03.317297
TN 87 1040,7428,0.0,0.0,148.75,03/09/2025 21:41:41,13.01039,80.00386666666667,00386666666667,2025-09-04T23:20:03.317470
TN 87 1040,7428,0.0,0.0,148.74,03/09/2025 21:41:31,13.01039,80.00386666666667,00386666666667,2025-09-04T23:20:03.317650
TN 87 1040,7428,0.0,0.0,148.74,03/09/2025 21:41:22,13.01039,80.00386666666667,00386666666667,2025-09-04T23:20:03.317852
TN 87 1040,7428,0.0,0.0,148.75,03/09/2025 21:41:14,13.01039,80.00386666666667,00386666666667,2025-09-04T23:20:03.318056
TN 87 1040,7428,0.0,0.0,148.75,03/09/2025 21:41:02,13.01039,80.00386666666667,00386666666667,2025-09-04T23:20:03.318264
TN 87 1040,7428,0.0,0.0,148.75,03/09/2025 21:40:52,13.01039,80.00386666666667,00386666666667,2025-09-04T23:20:03.318440
TN 87 1040,7428,0.0,0.0,148.77,03/09/2025 21:40:42,13.01039,80.00386666666667,00386666666667,2025-09-04T23:20:03.318604
TN 87 1040,7428,0.0,0.0,148.75,03/09/2025 21:40:32,13.01039,80.00386666666667,00386666666667,2025-09-04T23:20:03.318793
TN 87 1040,7428,0.0,0.0,148.76,03/09/2025 21:40:22,13.01039,80.00386666666667,00386666666667,2025-09-04T23:20:03.318996
TN 87 1040,7428,0.0,0.0,148.76,03/09/2025 21:40:15,13.01039,80.00386666666667,00386666666667,2025-09-04T23:20:03.319217
TN 87 1040,7428,0.0,0.0,148.77,03/09/2025 21:40:03,13.01039,80.00386666666667,00386666666667,2025-09-04T23:20:03.319407
TN 87 1040,7428,0.0,0.0,148.77,03/09/2025 21:39:53,13.01039,80.00386666666667,00386666666667,2025-09-04T23:20:03.319657
TN 87 1040,7428,0.0,0.0,148.77,03/09/2025 21:39:43,13.01039,80.00386666666667,00386666666667,2025-09-04T23:20:03.319883
TN 87 1040,7428,0.0,0.0,148.78,03/09/2025 21:39:33,13.01039,80.00386666666667,00386666666667,2025-09-04T23:20:03.320072
TN 87 1040,7428,0.0,0.0,148.77,03/09/2025 21:39:23,13.01039,80.00386666666667,00386666666667,2025-09-04T23:20:03.320258
TN 87 1040,7428,0.0,0.0,148.77,03/09/2025 21:39:17,13.01039,80.00386666666667,00386666666667,2025-09-04T23:20:03.320462
TN 87 1040,7428,0.0,0.0,148.77,03/09/2025 21:39:03,13.01039,80.00386666666667,00386666666667,2025-09-04T23:20:03.320706
TN 87 1040,7428,0.0,0.0,148.78,03/09/2025 21:38:54,13.01039,80.00386666666667,00386666666667,2025-09-04T23:20:03.320959
TN 87 1040,7428,0.0,0.0,148.77,03/09/2025 21:38:44,13.01039,80.00386666666667,00386666666667,2025-09-04T23:20:03.321155
TN 87 1040,7428,0.0,0.0,148.78,03/09/2025 21:38:34,13.01039,80.00386666666667,00386666666667,2025-09-04T23:20:03.321372
TN 87 1040,7428,0.0,0.0,148.78,03/09/2025 21:38:24,13.01039,80.00386666666667,00386666666667,2025-09-04T23:20:03.321592
TN 87 1040,7428,0.0,0.0,148.78,03/09/2025 21:38:18,13.01039,80.00386666666667,00386666666667,2025-09-04T23:20:03.321803
TN 87 1040,7428,0.0,0.0,148.79,03/09/2025 21:38:05,13.01039,80.00386666666667,00386666666667,2025-09-04T23:20:03.321963
TN 87 1040,7428,0.0,0.0,148.79,03/09/2025 21:37:55,13.01039,80.00386666666667,00386666666667,2025-09-04T23:20:03.322102
TN 87 1040,7428,0.0,0.0,148.78,03/09/2025 21:37:45,13.01039,80.00386666666667,00386666666667,2025-09-04T23:20:03.322249
TN 87 1040,7428,0.0,0.0,148.78,03/09/2025 21:37:35,13.01039,80.00386666666667,00386666666667,2025-09-04T23:20:03.322429
TN 87 1040,7428,0.0,0.0,148.79,03/09/2025 21:37:25,13.01039,80.00386666666667,00386666666667,2025-09-04T23:20:03.322573
TN 87 1040,7428,0.0,0.0,148.76,03/09/2025 21:37:18,13.01039,80.00386666666667,00386666666667,2025-09-04T23:20:03.322727
TN 87 1040,7428,0.0,0.0,148.76,03/09/2025 21:37:06,13.01039,80.00386666666667,00386666666667,2025-09-04T23:20:03.322865
TN 87 1040,7428,0.0,0.0,148.76,03/09/2025 21:36:55,13.01039,80.00386666666667,00386666666667,2025-09-04T23:20:03.323004
TN 87 1040,7428,0.0,0.0,148.77,03/09/2025 21:36:46,13.01039,80.00386666666667,00386666666667,2025-09-04T23:20:03.323131
TN 87 1040,7428,0.0,0.0,148.77,03/09/2025 21:36:36,13.01039,80.00386666666667,00386666666667,2025-09-04T23:20:03.323259
TN 87 1040,7428,0.0,0.0,148.77,03/09/2025 21:36:26,13.01039,80.00386666666667,00386666666667,2025-09-04T23:20:03.323386
TN 87 1040,7428,0.0,0.0,148.79,03/09/2025 21:36:19,13.01039,80.00386666666667,00386666666667,2025-09-04T23:20:03.323568
TN 87 1040,7428,0.0,0.0,148.79,03/09/2025 21:36:06,13.01039,80.00386666666667,00386666666667,2025-09-04T23:20:03.323733
TN 87 1040,7428,0.0,0.0,148.79,03/09/2025 21:35:56,13.01039,80.00386666666667,00386666666667,2025-09-04T23:20:03.323903
TN 87 1040,7428,0.0,0.0,148.79,03/09/2025 21:35:46,13.01039,80.00386666666667,00386666666667,2025-09-04T23:20:03.324056
TN 87 1040,7428,0.0,0.0,148.79,03/09/2025 21:35:37,13.01039,80.00386666666667,00386666666667,2025-09-04T23:20:03.324223
TN 87 1040,7428,0.0,0.0,148.79,03/09/2025 21:35:28,13.01039,80.00386666666667,00386666666667,2025-09-04T23:20:03.324391
TN 87 1040,7428,0.0,0.0,148.8,03/09/2025 21:35:20,13.01039,80.00386666666667,00386666666667,2025-09-04T23:20:03.324571
TN 87 1040,7428,0.0,0.0,148.8,03/09/2025 21:35:07,13.01039,80.00386666666667,00386666666667,2025-09-04T23:20:03.324764
TN 87 1040,7428,0.0,0.0,148.81,03/09/2025 21:34:57,13.01039,80.00386666666667,00386666666667,2025-09-04T23:20:03.324945
TN 87 1040,7428,0.0,0.0,148.8,03/09/2025 21:34:47,13.01039,80.00386666666667,00386666666667,2025-09-04T23:20:03.325149
TN 87 1040,7428,0.0,0.0,148.79,03/09/2025 21:34:38,13.01039,80.00386666666667,00386666666667,2025-09-04T23:20:03.325354
TN 87 1040,7428,0.0,0.0,148.8,03/09/2025 21:34:28,13.01039,80.00386666666667,00386666666667,2025-09-04T23:20:03.325526
TN 87 1040,7428,0.0,0.0,148.8,03/09/2025 21:34:21,13.01039,80.00386666666667,00386666666667,2025-09-04T23:20:03.325721
TN 87 1040,7428,0.0,0.0,148.81,03/09/2025 21:34:08,13.01039,80.00386666666667,00386666666667,2025-09-04T23:20:03.325905
TN 87 1040,7428,0.0,0.0,148.8,03/09/2025 21:33:58,13.01039,80.00386666666667,00386666666667,2025-09-04T23:20:03.326123
TN 87 1040,7428,0.0,0.0,148.8,03/09/2025 21:33:49,13.01039,80.00386666666667,00386666666667,2025-09-04T23:20:03.326334
TN 87 1040,7428,0.0,0.0,148.81,03/09/2025 21:33:38,13.01039,80.00386666666667,00386666666667,2025-09-04T23:20:03.326529
TN 87 1040,7428,0.0,0.0,148.81,03/09/2025 21:33:29,13.01039,80.00386666666667,00386666666667,2025-09-04T23:20:03.326693
TN 87 1040,7428,0.0,0.0,148.81,03/09/2025 21:33:23,13.01039,80.00386666666667,00386666666667,2025-09-04T23:20:03.326866
TN 87 1040,7428,0.0,0.0,148.82,03/09/2025 21:33:09,13.01039,80.00386666666667,00386666666667,2025-09-04T23:20:03.327005
TN 87 1040,7428,0.0,0.0,148.82,03/09/2025 21:33:00,13.01039,80.00386666666667,00386666666667,2025-09-04T23:20:03.327203
TN 87 1040,7428,0.0,0.0,148.81,03/09/2025 21:32:49,13.01039,80.00386666666667,00386666666667,2025-09-04T23:20:03.327389
TN 87 1040,7428,0.0,0.0,148.79,03/09/2025 21:32:39,13.01039,80.00386666666667,00386666666667,2025-09-04T23:20:03.327526
TN 87 1040,7428,0.0,0.0,148.8,03/09/2025 21:32:30,13.01039,80.00386666666667,00386666666667,2025-09-04T23:20:03.327659
TN 87 1040,7428,0.0,0.0,148.81,03/09/2025 21:32:22,13.01039,80.00386666666667,00386666666667,2025-09-04T23:20:03.327810
TN 87 1040,7428,0.0,0.0,148.8,03/09/2025 21:32:10,13.01039,80.00386666666667,00386666666667,2025-09-04T23:20:03.327971
TN 87 1040,7428,0.0,0.0,148.81,03/09/2025 21:32:00,13.01039,80.00386666666667,00386666666667,2025-09-04T23:20:03.328156
TN 87 1040,7428,0.0,0.0,148.81,03/09/2025 21:31:50,13.01039,80.00386666666667,00386666666667,2025-09-04T23:20:03.328298
TN 87 1040,7428,0.0,0.0,148.82,03/09/2025 21:31:40,13.01039,80.00386666666667,00386666666667,2025-09-04T23:20:03.328449
TN 87 1040,7428,0.0,0.0,148.82,03/09/2025 21:31:30,13.01039,80.00386666666667,00386666666667,2025-09-04T23:20:03.328618
TN 87 1040,7428,0.0,0.0,148.83,03/09/2025 21:31:23,13.01039,80.00386666666667,00386666666667,2025-09-04T23:20:03.328787
TN 87 1040,7428,0.0,0.0,148.83,03/09/2025 21:31:11,13.01039,80.00386666666667,00386666666667,2025-09-04T23:20:03.328979
TN 87 1040,7428,0.0,0.0,148.81,03/09/2025 21:31:01,13.01039,80.00386666666667,00386666666667,2025-09-04T23:20:03.329166
TN 87 1040,7428,0.0,0.0,148.81,03/09/2025 21:30:51,13.01039,80.00386666666667,00386666666667,2025-09-04T23:20:03.329342
TN 87 1040,7428,0.0,0.0,148.82,03/09/2025 21:30:41,13.01039,80.00386666666667,00386666666667,2025-09-04T23:20:03.329507
TN 87 1040,7428,0.0,0.0,148.83,03/09/2025 21:30:32,13.01039,80.00386666666667,00386666666667,2025-09-04T23:20:03.329699
TN 87 1040,7428,0.0,0.0,148.83,03/09/2025 21:30:24,13.01039,80.00386666666667,00386666666667,2025-09-04T23:20:03.329905
TN 87 1040,7428,0.0,0.0,148.83,03/09/2025 21:30:12,13.01039,80.00386666666667,00386666666667,2025-09-04T23:20:03.330105
TN 87 1040,7428,0.0,0.0,148.84,03/09/2025 21:30:02,13.01039,80.00386666666667,00386666666667,2025-09-04T23:20:03.330286
TN 87 1040,7428,0.0,0.0,148.84,03/09/2025 21:29:52,13.01039,80.00386666666667,00386666666667,2025-09-04T23:20:03.330470
TN 87 1040,7428,0.0,0.0,148.83,03/09/2025 21:29:42,13.01039,80.00386666666667,00386666666667,2025-09-04T23:20:03.330636
TN 87 1040,7428,0.0,0.0,148.84,03/09/2025 21:29:32,13.01039,80.00386666666667,00386666666667,2025-09-04T23:20:03.330809
TN 87 1040,7428,0.0,0.0,148.84,03/09/2025 21:29:25,13.01039,80.00386666666667,00386666666667,2025-09-04T23:20:03.331000
TN 87 1040,7428,0.0,0.0,148.84,03/09/2025 21:29:13,13.01039,80.00386666666667,00386666666667,2025-09-04T23:20:03.331184
TN 87 1040,7428,0.0,0.0,148.83,03/09/2025 21:29:03,13.01039,80.00386666666667,00386666666667,2025-09-04T23:20:03.331354
TN 87 1040,7428,0.0,0.0,148.84,03/09/2025 21:28:53,13.01039,80.00386666666667,00386666666667,2025-09-04T23:20:03.331529
TN 87 1040,7428,0.0,0.0,148.84,03/09/2025 21:28:43,13.01039,80.00386666666667,00386666666667,2025-09-04T23:20:03.331709
TN 87 1040,7428,0.0,0.0,148.83,03/09/2025 21:28:33,13.01039,80.00386666666667,00386666666667,2025-09-04T23:20:03.331892
TN 87 1040,7428,0.0,0.0,148.83,03/09/2025 21:28:27,13.01039,80.00386666666667,00386666666667,2025-09-04T23:20:03.332054
TN 87 1040,7428,0.0,0.0,148.85,03/09/2025 21:28:13,13.01039,80.00386666666667,00386666666667,2025-09-04T23:20:03.332249
TN 87 1040,7428,0.0,0.0,148.85,03/09/2025 21:28:04,13.01039,80.00386666666667,00386666666667,2025-09-04T23:20:03.332422
TN 87 1040,7428,0.0,0.0,148.85,03/09/2025 21:27:54,13.01039,80.00386666666667,00386666666667,2025-09-04T23:20:03.332594
TN 87 1040,7428,0.0,0.0,148.85,03/09/2025 21:27:44,13.01039,80.00386666666667,00386666666667,2025-09-04T23:20:03.332754
TN 87 1040,7428,0.0,0.0,148.86,03/09/2025 21:27:34,13.01039,80.00386666666667,00386666666667,2025-09-04T23:20:03.332941
TN 87 1040,7428,0.0,0.0,148.87,03/09/2025 21:27:28,13.01039,80.00386666666667,00386666666667,2025-09-04T23:20:03.333174
TN 87 1040,7428,0.0,0.0,148.87,03/09/2025 21:27:14,13.01039,80.00386666666667,00386666666667,2025-09-04T23:20:03.333410
TN 87 1040,7428,0.0,0.0,148.87,03/09/2025 21:27:06,13.01039,80.00386666666667,00386666666667,2025-09-04T23:20:03.333572
TN 87 1040,7428,0.0,0.0,148.86,03/09/2025 21:26:55,13.01039,80.00386666666667,00386666666667,2025-09-04T23:20:03.333768
TN 87 1040,7428,0.0,0.0,148.86,03/09/2025 21:26:45,13.01039,80.00386666666667,00386666666667,2025-09-04T23:20:03.333933
TN 87 1040,7428,0.0,0.0,148.86,03/09/2025 21:26:35,13.01039,80.00386666666667,00386666666667,2025-09-04T23:20:03.334263
TN 87 1040,7428,0.0,0.0,148.86,03/09/2025 21:26:28,13.01039,80.00386666666667,00386666666667,2025-09-04T23:20:03.334505
TN 87 1040,7428,0.0,0.0,148.86,03/09/2025 21:26:16,13.01039,80.00386666666667,00386666666667,2025-09-04T23:20:03.334758
TN 87 1040,7428,0.0,0.0,148.86,03/09/2025 21:26:05,13.01039,80.00386666666667,00386666666667,2025-09-04T23:20:03.334962
TN 87 1040,7428,0.0,0.0,148.88,03/09/2025 21:25:56,13.01039,80.00386666666667,00386666666667,2025-09-04T23:20:03.335204
TN 87 1040,7428,0.0,0.0,148.86,03/09/2025 21:25:46,13.01039,80.00386666666667,00386666666667,2025-09-04T23:20:03.335406
TN 87 1040,7428,0.0,0.0,148.86,03/09/2025 21:25:36,13.01039,80.00386666666667,00386666666667,2025-09-04T23:20:03.335604
TN 87 1040,7428,0.0,0.0,148.87,03/09/2025 21:25:29,13.01039,80.00386666666667,00386666666667,2025-09-04T23:20:03.335791
TN 87 1040,7428,0.0,0.0,148.88,03/09/2025 21:25:16,13.01039,80.00386666666667,00386666666667,2025-09-04T23:20:03.335976
TN 87 1040,7428,0.0,0.0,148.88,03/09/2025 21:25:06,13.01039,80.00386666666667,00386666666667,2025-09-04T23:20:03.336139
TN 87 1040,7428,0.0,0.0,148.88,03/09/2025 21:24:56,13.01039,80.00386666666667,00386666666667,2025-09-04T23:20:03.336283
TN 87 1040,7428,0.0,0.0,148.87,03/09/2025 21:24:47,13.01039,80.00386666666667,00386666666667,2025-09-04T23:20:03.336460
TN 87 1040,7428,0.0,0.0,148.87,03/09/2025 21:24:38,13.01039,80.00386666666667,00386666666667,2025-09-04T23:20:03.336626
TN 87 1040,7428,0.0,0.0,148.87,03/09/2025 21:24:30,13.01039,80.00386666666667,00386666666667,2025-09-04T23:20:03.336808
TN 87 1040,7428,0.0,0.0,148.87,03/09/2025 21:24:17,13.01039,80.00386666666667,00386666666667,2025-09-04T23:20:03.336983
TN 87 1040,7428,0.0,0.0,148.87,03/09/2025 21:24:07,13.01039,80.00386666666667,00386666666667,2025-09-04T23:20:03.337157
TN 87 1040,7428,0.0,0.0,148.87,03/09/2025 21:23:57,13.01039,80.00386666666667,00386666666667,2025-09-04T23:20:03.337327
TN 87 1040,7428,0.0,0.0,148.87,03/09/2025 21:23:48,13.01039,80.00386666666667,00386666666667,2025-09-04T23:20:03.337490
TN 87 1040,7428,0.0,0.0,148.89,03/09/2025 21:23:38,13.01039,80.00386666666667,00386666666667,2025-09-04T23:20:03.337657
TN 87 1040,7428,0.0,0.0,148.9,03/09/2025 21:23:31,13.01039,80.00386666666667,00386666666667,2025-09-04T23:20:03.337828
TN 87 1040,7428,0.0,0.0,148.89,03/09/2025 21:23:18,13.01039,80.00386666666667,00386666666667,2025-09-04T23:20:03.337992
TN 87 1040,7428,0.0,0.0,148.88,03/09/2025 21:23:08,13.01039,80.00386666666667,00386666666667,2025-09-04T23:20:03.338156
TN 87 1040,7428,0.0,0.0,148.88,03/09/2025 21:22:59,13.01039,80.00386666666667,00386666666667,2025-09-04T23:20:03.338319
TN 87 1040,7428,0.0,0.0,148.89,03/09/2025 21:22:48,13.01039,80.00386666666667,00386666666667,2025-09-04T23:20:03.338485
TN 87 1040,7428,0.0,0.0,148.88,03/09/2025 21:22:39,13.01039,80.00386666666667,00386666666667,2025-09-04T23:20:03.338640
TN 87 1040,7428,0.0,0.0,148.88,03/09/2025 21:22:33,13.01039,80.00386666666667,00386666666667,2025-09-04T23:20:03.338819
TN 87 1040,7428,0.0,0.0,148.88,03/09/2025 21:22:19,13.01039,80.00386666666667,00386666666667,2025-09-04T23:20:03.339080
TN 87 1040,7428,0.0,0.0,148.87,03/09/2025 21:22:10,13.01039,80.00386666666667,00386666666667,2025-09-04T23:20:03.339334
TN 87 1040,7428,0.0,0.0,148.87,03/09/2025 21:21:59,13.01039,80.00386666666667,00386666666667,2025-09-04T23:20:03.339502
TN 87 1040,7428,0.0,0.0,148.88,03/09/2025 21:21:49,13.01039,80.00386666666667,00386666666667,2025-09-04T23:20:03.339769
TN 87 1040,7428,0.0,0.0,148.88,03/09/2025 21:21:39,13.01039,80.00386666666667,00386666666667,2025-09-04T23:20:03.340005
TN 87 1040,7428,0.0,0.0,148.88,03/09/2025 21:21:32,13.01039,80.00386666666667,00386666666667,2025-09-04T23:20:03.340221
TN 87 1040,7428,0.0,0.0,148.88,03/09/2025 21:21:20,13.01039,80.00386666666667,00386666666667,2025-09-04T23:20:03.340411
TN 87 1040,7428,0.0,0.0,148.88,03/09/2025 21:21:10,13.01039,80.00386666666667,00386666666667,2025-09-04T23:20:03.340593
TN 87 1040,7428,0.0,0.0,148.88,03/09/2025 21:21:00,13.01039,80.00386666666667,00386666666667,2025-09-04T23:20:03.340781
TN 87 1040,7428,0.0,0.0,148.89,03/09/2025 21:20:50,13.01039,80.00386666666667,00386666666667,2025-09-04T23:20:03.340980
TN 87 1040,7428,0.0,0.0,148.89,03/09/2025 21:20:40,13.01039,80.00386666666667,00386666666667,2025-09-04T23:20:03.341171
TN 87 1040,7428,0.0,0.0,148.89,03/09/2025 21:20:33,13.01039,80.00386666666667,00386666666667,2025-09-04T23:20:03.341336
TN 87 1040,7428,0.0,0.0,148.89,03/09/2025 21:20:21,13.01039,80.00386666666667,00386666666667,2025-09-04T23:20:03.341511
TN 87 1040,7428,0.0,0.0,148.9,03/09/2025 21:20:11,13.01039,80.00386666666667,00386666666667,2025-09-04T23:20:03.341691
TN 87 1040,7428,0.0,0.0,148.9,03/09/2025 21:20:01,13.01039,80.00386666666667,00386666666667,2025-09-04T23:20:03.341857
TN 87 1040,7428,0.0,0.0,148.9,03/09/2025 21:19:51,13.01039,80.00386666666667,00386666666667,2025-09-04T23:20:03.342019
TN 87 1040,7428,0.0,0.0,148.91,03/09/2025 21:19:42,13.01039,80.00386666666667,00386666666667,2025-09-04T23:20:03.342173
TN 87 1040,7428,0.0,0.0,148.92,03/09/2025 21:19:34,13.01039,80.00386666666667,00386666666667,2025-09-04T23:20:03.342333
TN 87 1040,7428,0.0,0.0,148.92,03/09/2025 21:19:22,13.01039,80.00386666666667,00386666666667,2025-09-04T23:20:03.342487
TN 87 1040,7428,0.0,0.0,148.92,03/09/2025 21:19:12,13.01039,80.00386666666667,00386666666667,2025-09-04T23:20:03.342618
TN 87 1040,7428,0.0,0.0,148.92,03/09/2025 21:19:02,13.01039,80.00386666666667,00386666666667,2025-09-04T23:20:03.342794
TN 87 1040,7428,0.0,0.0,148.92,03/09/2025 21:18:52,13.01039,80.00386666666667,00386666666667,2025-09-04T23:20:03.343016
TN 87 1040,7428,0.0,0.0,148.93,03/09/2025 21:18:42,13.01039,80.00386666666667,00386666666667,2025-09-04T23:20:03.343214
TN 87 1040,7428,0.0,0.0,148.94,03/09/2025 21:18:35,13.01039,80.00386666666667,00386666666667,2025-09-04T23:20:03.343391
TN 87 1040,7428,0.0,0.0,148.92,03/09/2025 21:18:23,13.01039,80.00386666666667,00386666666667,2025-09-04T23:20:03.343565
TN 87 1040,7428,0.0,0.0,148.92,03/09/2025 21:18:13,13.01039,80.00386666666667,00386666666667,2025-09-04T23:20:03.343725
TN 87 1040,7428,0.0,0.0,148.92,03/09/2025 21:18:03,13.01039,80.00386666666667,00386666666667,2025-09-04T23:20:03.343885
TN 87 1040,7428,0.0,0.0,148.92,03/09/2025 21:17:53,13.01039,80.00386666666667,00386666666667,2025-09-04T23:20:03.344038
TN 87 1040,7428,0.0,0.0,148.93,03/09/2025 21:17:43,13.01039,80.00386666666667,00386666666667,2025-09-04T23:20:03.344199
TN 87 1040,7428,0.0,0.0,148.94,03/09/2025 21:17:36,13.01039,80.00386666666667,00386666666667,2025-09-04T23:20:03.344358
TN 87 1040,7428,0.0,0.0,148.93,03/09/2025 21:17:23,13.01039,80.00386666666667,00386666666667,2025-09-04T23:20:03.344538
TN 87 1040,7428,0.0,0.0,148.92,03/09/2025 21:17:14,13.01039,80.00386666666667,00386666666667,2025-09-04T23:20:03.344736
TN 87 1040,7428,0.0,0.0,148.92,03/09/2025 21:17:05,13.01039,80.00386666666667,00386666666667,2025-09-04T23:20:03.344951
TN 87 1040,7428,0.0,0.0,148.94,03/09/2025 21:16:54,13.01039,80.00386666666667,00386666666667,2025-09-04T23:20:03.345158
TN 87 1040,7428,0.0,0.0,148.93,03/09/2025 21:16:44,13.01039,80.00386666666667,00386666666667,2025-09-04T23:20:03.345351
TN 87 1040,7428,0.0,0.0,148.93,03/09/2025 21:16:38,13.01039,80.00386666666667,00386666666667,2025-09-04T23:20:03.345527
TN 87 1040,7428,0.0,0.0,148.93,03/09/2025 21:16:24,13.01039,80.00386666666667,00386666666667,2025-09-04T23:20:03.345681
TN 87 1040,7428,0.0,0.0,148.94,03/09/2025 21:16:15,13.01039,80.00386666666667,00386666666667,2025-09-04T23:20:03.345863
TN 87 1040,7428,0.0,0.0,148.94,03/09/2025 21:16:05,13.01039,80.00386666666667,00386666666667,2025-09-04T23:20:03.346317
TN 87 1040,7428,0.0,0.0,148.93,03/09/2025 21:15:55,13.01039,80.00386666666667,00386666666667,2025-09-04T23:20:03.346547
TN 87 1040,7428,0.0,0.0,148.94,03/09/2025 21:15:45,13.01039,80.00386666666667,00386666666667,2025-09-04T23:20:03.346825
TN 87 1040,7428,0.0,0.0,148.93,03/09/2025 21:15:38,13.01039,80.00386666666667,00386666666667,2025-09-04T23:20:03.347057
TN 87 1040,7428,0.0,0.0,148.93,03/09/2025 21:15:26,13.01039,80.00386666666667,00386666666667,2025-09-04T23:20:03.347304
TN 87 1040,7428,0.0,0.0,148.92,03/09/2025 21:15:15,13.01039,80.00386666666667,00386666666667,2025-09-04T23:20:03.347546
TN 87 1040,7428,0.0,0.0,148.93,03/09/2025 21:15:06,13.01039,80.00386666666667,00386666666667,2025-09-04T23:20:03.347760
TN 87 1040,7428,0.0,0.0,148.93,03/09/2025 21:14:56,13.01039,80.00386666666667,00386666666667,2025-09-04T23:20:03.347985
TN 87 1040,7428,0.0,0.0,148.93,03/09/2025 21:14:46,13.01039,80.00386666666667,00386666666667,2025-09-04T23:20:03.348237
TN 87 1040,7428,0.0,0.0,148.94,03/09/2025 21:14:39,13.01039,80.00386666666667,00386666666667,2025-09-04T23:20:03.348528
TN 87 1040,7428,0.0,0.0,148.94,03/09/2025 21:14:26,13.01039,80.00386666666667,00386666666667,2025-09-04T23:20:03.348728
TN 87 1040,7428,0.0,0.0,148.94,03/09/2025 21:14:16,13.01039,80.00386666666667,00386666666667,2025-09-04T23:20:03.348971
TN 87 1040,7428,0.0,0.0,148.94,03/09/2025 21:14:06,13.01039,80.00386666666667,00386666666667,2025-09-04T23:20:03.349175
TN 87 1040,7428,0.0,0.0,148.94,03/09/2025 21:13:57,13.01039,80.00386666666667,00386666666667,2025-09-04T23:20:03.349358
TN 87 1040,7428,0.0,0.0,148.96,03/09/2025 21:13:48,13.01039,80.00386666666667,00386666666667,2025-09-04T23:20:03.349541
TN 87 1040,7428,0.0,0.0,148.96,03/09/2025 21:13:40,13.01039,80.00386666666667,00386666666667,2025-09-04T23:20:03.349774
TN 87 1040,7428,0.0,0.0,148.96,03/09/2025 21:13:27,13.01039,80.00386666666667,00386666666667,2025-09-04T23:20:03.349970
TN 87 1040,7428,0.0,0.0,148.97,03/09/2025 21:13:17,13.01039,80.00386666666667,00386666666667,2025-09-04T23:20:03.350156
TN 87 1040,7428,0.0,0.0,148.94,03/09/2025 21:13:07,13.01039,80.00386666666667,00386666666667,2025-09-04T23:20:03.350329
TN 87 1040,7428,0.0,0.0,148.94,03/09/2025 21:12:58,13.01039,80.00386666666667,00386666666667,2025-09-04T23:20:03.350510
TN 87 1040,7428,0.0,0.0,148.97,03/09/2025 21:12:48,13.01039,80.00386666666667,00386666666667,2025-09-04T23:20:03.350697
TN 87 1040,7428,0.0,0.0,148.97,03/09/2025 21:12:41,13.01039,80.00386666666667,00386666666667,2025-09-04T23:20:03.350883
TN 87 1040,7428,0.0,0.0,148.97,03/09/2025 21:12:28,13.01039,80.00386666666667,00386666666667,2025-09-04T23:20:03.351065
TN 87 1040,7428,0.0,0.0,148.98,03/09/2025 21:12:18,13.01039,80.00386666666667,00386666666667,2025-09-04T23:20:03.351240
TN 87 1040,7428,0.0,0.0,148.96,03/09/2025 21:12:09,13.01039,80.00386666666667,00386666666667,2025-09-04T23:20:03.351398
TN 87 1040,7428,0.0,0.0,148.96,03/09/2025 21:11:58,13.01039,80.00386666666667,00386666666667,2025-09-04T23:20:03.351596
TN 87 1040,7428,0.0,0.0,148.98,03/09/2025 21:11:49,13.01039,80.00386666666667,00386666666667,2025-09-04T23:20:03.351772
TN 87 1040,7428,0.0,0.0,148.98,03/09/2025 21:11:43,13.01039,80.00386666666667,00386666666667,2025-09-04T23:20:03.351943
TN 87 1040,7428,0.0,0.0,148.97,03/09/2025 21:11:29,13.01039,80.00386666666667,00386666666667,2025-09-04T23:20:03.352095
TN 87 1040,7428,0.0,0.0,148.97,03/09/2025 21:11:20,13.01039,80.00386666666667,00386666666667,2025-09-04T23:20:03.352271
TN 87 1040,7428,0.0,0.0,148.98,03/09/2025 21:11:09,13.01039,80.00386666666667,00386666666667,2025-09-04T23:20:03.352436
TN 87 1040,7428,0.0,0.0,148.98,03/09/2025 21:10:59,13.01039,80.00386666666667,00386666666667,2025-09-04T23:20:03.352601
TN 87 1040,7428,0.0,0.0,148.99,03/09/2025 21:10:50,13.01039,80.00386666666667,00386666666667,2025-09-04T23:20:03.352751
TN 87 1040,7428,0.0,0.0,148.96,03/09/2025 21:10:42,13.01039,80.00386666666667,00386666666667,2025-09-04T23:20:03.352928
TN 87 1040,7428,0.0,0.0,148.96,03/09/2025 21:10:30,13.01039,80.00386666666667,00386666666667,2025-09-04T23:20:03.353086
TN 87 1040,7428,0.0,0.0,148.97,03/09/2025 21:10:20,13.01039,80.00386666666667,00386666666667,2025-09-04T23:20:03.353249
TN 87 1040,7428,0.0,0.0,148.96,03/09/2025 21:10:10,13.01039,80.00386666666667,00386666666667,2025-09-04T23:20:03.353399
TN 87 1040,7428,0.0,0.0,148.98,03/09/2025 21:10:00,13.01039,80.00386666666667,00386666666667,2025-09-04T23:20:03.353557
TN 87 1040,7428,0.0,0.0,148.98,03/09/2025 21:09:50,13.01039,80.00386666666667,00386666666667,2025-09-04T23:20:03.353723
TN 87 1040,7428,0.0,0.0,148.99,03/09/2025 21:09:43,13.01039,80.00386666666667,00386666666667,2025-09-04T23:20:03.353887
TN 87 1040,7428,0.0,0.0,148.99,03/09/2025 21:09:31,13.01039,80.00386666666667,00386666666667,2025-09-04T23:20:03.354031
TN 87 1040,7428,0.0,0.0,148.99,03/09/2025 21:09:21,13.01039,80.00386666666667,00386666666667,2025-09-04T23:20:03.354191
TN 87 1040,7428,0.0,0.0,148.99,03/09/2025 21:09:11,13.01039,80.00386666666667,00386666666667,2025-09-04T23:20:03.354345
TN 87 1040,7428,0.0,0.0,148.98,03/09/2025 21:09:01,13.01039,80.00386666666667,00386666666667,2025-09-04T23:20:03.354512
TN 87 1040,7428,0.0,0.0,148.98,03/09/2025 21:08:52,13.01039,80.00386666666667,00386666666667,2025-09-04T23:20:03.354686
TN 87 1040,7428,0.0,0.0,148.99,03/09/2025 21:08:44,13.01039,80.00386666666667,00386666666667,2025-09-04T23:20:03.354869
TN 87 1040,7428,0.0,0.0,148.98,03/09/2025 21:08:32,13.01039,80.00386666666667,00386666666667,2025-09-04T23:20:03.355070
TN 87 1040,7428,0.0,0.0,148.96,03/09/2025 21:08:22,13.01039,80.00386666666667,00386666666667,2025-09-04T23:20:03.355258
TN 87 1040,7428,0.0,0.0,148.95,03/09/2025 21:08:12,13.01039,80.00386666666667,00386666666667,2025-09-04T23:20:03.355453
TN 87 1040,7428,0.0,0.0,148.95,03/09/2025 21:08:02,13.01039,80.00386666666667,00386666666667,2025-09-04T23:20:03.355681
TN 87 1040,7428,0.0,0.0,148.98,03/09/2025 21:07:52,13.01039,80.00386666666667,00386666666667,2025-09-04T23:20:03.355859
TN 87 1040,7428,0.0,0.0,148.98,03/09/2025 21:07:45,13.01039,80.00386666666667,00386666666667,2025-09-04T23:20:03.356029
TN 87 1040,7428,0.0,0.0,148.98,03/09/2025 21:07:33,13.01039,80.00386666666667,00386666666667,2025-09-04T23:20:03.356222
TN 87 1040,7428,0.0,0.0,148.98,03/09/2025 21:07:23,13.01039,80.00386666666667,00386666666667,2025-09-04T23:20:03.356391
TN 87 1040,7428,0.0,0.0,149.01,03/09/2025 21:07:13,13.01039,80.00386666666667,00386666666667,2025-09-04T23:20:03.356542
TN 87 1040,7428,0.0,0.0,149.02,03/09/2025 21:07:04,13.01039,80.00386666666667,00386666666667,2025-09-04T23:20:03.356714
TN 87 1040,7428,0.0,0.0,148.99,03/09/2025 21:06:53,13.01039,80.00386666666667,00386666666667,2025-09-04T23:20:03.356890
TN 87 1040,7428,0.0,0.0,148.99,03/09/2025 21:06:46,13.01039,80.00386666666667,00386666666667,2025-09-04T23:20:03.357051
TN 87 1040,7428,0.0,0.0,148.99,03/09/2025 21:06:33,13.01039,80.00386666666667,00386666666667,2025-09-04T23:20:03.357218
TN 87 1040,7428,0.0,0.0,149.01,03/09/2025 21:06:24,13.01039,80.00386666666667,00386666666667,2025-09-04T23:20:03.357391
TN 87 1040,7428,0.0,0.0,149.01,03/09/2025 21:06:15,13.01039,80.00386666666667,00386666666667,2025-09-04T23:20:03.357556
TN 87 1040,7428,0.0,0.0,149.01,03/09/2025 21:06:04,13.01039,80.00386666666667,00386666666667,2025-09-04T23:20:03.357726
TN 87 1040,7428,0.0,0.0,149.01,03/09/2025 21:05:54,13.01039,80.00386666666667,00386666666667,2025-09-04T23:20:03.357900
TN 87 1040,7428,0.0,0.0,149.01,03/09/2025 21:05:48,13.01039,80.00386666666667,00386666666667,2025-09-04T23:20:03.358064
TN 87 1040,7428,0.0,0.0,149.0,03/09/2025 21:05:34,13.01039,80.00386666666667,00386666666667,2025-09-04T23:20:03.358234
TN 87 1040,7428,0.0,0.0,149.01,03/09/2025 21:05:25,13.01039,80.00386666666667,00386666666667,2025-09-04T23:20:03.358401
TN 87 1040,7428,0.0,0.0,149.0,03/09/2025 21:05:15,13.01039,80.00386666666667,00386666666667,2025-09-04T23:20:03.358533
TN 87 1040,7428,0.0,0.0,149.01,03/09/2025 21:05:05,13.01039,80.00386666666667,00386666666667,2025-09-04T23:20:03.358701
TN 87 1040,7428,0.0,0.0,149.01,03/09/2025 21:04:55,13.01039,80.00386666666667,00386666666667,2025-09-04T23:20:03.358871
TN 87 1040,7428,0.0,0.0,149.01,03/09/2025 21:04:48,13.01039,80.00386666666667,00386666666667,2025-09-04T23:20:03.359020
TN 87 1040,7428,0.0,0.0,149.01,03/09/2025 21:04:36,13.01039,80.00386666666667,00386666666667,2025-09-04T23:20:03.359194
TN 87 1040,7428,0.0,0.0,149.01,03/09/2025 21:04:25,13.01039,80.00386666666667,00386666666667,2025-09-04T23:20:03.359362
TN 87 1040,7428,0.0,0.0,149.01,03/09/2025 21:04:16,13.01039,80.00386666666667,00386666666667,2025-09-04T23:20:03.359535
TN 87 1040,7428,0.0,0.0,149.02,03/09/2025 21:04:06,13.01039,80.00386666666667,00386666666667,2025-09-04T23:20:03.359893
TN 87 1040,7428,0.0,0.0,149.03,03/09/2025 21:03:56,13.01039,80.00386666666667,00386666666667,2025-09-04T23:20:03.360109
TN 87 1040,7428,0.0,0.0,149.03,03/09/2025 21:03:49,13.01039,80.00386666666667,00386666666667,2025-09-04T23:20:03.360303
TN 87 1040,7428,0.0,0.0,149.03,03/09/2025 21:03:36,13.01039,80.00386666666667,00386666666667,2025-09-04T23:20:03.360510
TN 87 1040,7428,0.0,0.0,149.02,03/09/2025 21:03:26,13.01039,80.00386666666667,00386666666667,2025-09-04T23:20:03.360687
TN 87 1040,7428,0.0,0.0,149.03,03/09/2025 21:03:16,13.01039,80.00386666666667,00386666666667,2025-09-04T23:20:03.360894
TN 87 1040,7428,0.0,0.0,149.03,03/09/2025 21:03:07,13.01039,80.00386666666667,00386666666667,2025-09-04T23:20:03.361115
TN 87 1040,7428,0.0,0.0,149.05,03/09/2025 21:02:57,13.01039,80.00386666666667,00386666666667,2025-09-04T23:20:03.361391
TN 87 1040,7428,0.0,0.0,149.05,03/09/2025 21:02:50,13.01039,80.00386666666667,00386666666667,2025-09-04T23:20:03.361609
TN 87 1040,7428,0.0,0.0,149.05,03/09/2025 21:02:37,13.01039,80.00386666666667,00386666666667,2025-09-04T23:20:03.361842
TN 87 1040,7428,0.0,0.0,149.05,03/09/2025 21:02:27,13.01039,80.00386666666667,00386666666667,2025-09-04T23:20:03.362059
TN 87 1040,7428,0.0,0.0,149.06,03/09/2025 21:02:17,13.01039,80.00386666666667,00386666666667,2025-09-04T23:20:03.362228
TN 87 1040,7428,0.0,0.0,149.03,03/09/2025 21:02:08,13.01039,80.00386666666667,00386666666667,2025-09-04T23:20:03.362399
TN 87 1040,7428,0.0,0.0,149.01,03/09/2025 21:01:58,13.01039,80.00386666666667,00386666666667,2025-09-04T23:20:03.362589
TN 87 1040,7428,0.0,0.0,149.01,03/09/2025 21:01:51,13.01039,80.00386666666667,00386666666667,2025-09-04T23:20:03.362775
TN 87 1040,7428,0.0,0.0,149.04,03/09/2025 21:01:38,13.01039,80.00386666666667,00386666666667,2025-09-04T23:20:03.362967
TN 87 1040,7428,0.0,0.0,149.05,03/09/2025 21:01:28,13.01039,80.00386666666667,00386666666667,2025-09-04T23:20:03.363136
TN 87 1040,7428,0.0,0.0,149.05,03/09/2025 21:01:19,13.01039,80.00386666666667,00386666666667,2025-09-04T23:20:03.363297
TN 87 1040,7428,0.0,0.0,149.05,03/09/2025 21:01:08,13.01039,80.00386666666667,00386666666667,2025-09-04T23:20:03.363447
TN 87 1040,7428,0.0,0.0,149.05,03/09/2025 21:00:59,13.01039,80.00386666666667,00386666666667,2025-09-04T23:20:03.363602
TN 87 1040,7428,0.0,0.0,149.05,03/09/2025 21:00:53,13.01039,80.00386666666667,00386666666667,2025-09-04T23:20:03.363765
TN 87 1040,7428,0.0,0.0,149.05,03/09/2025 21:00:39,13.01039,80.00386666666667,00386666666667,2025-09-04T23:20:03.363934
TN 87 1040,7428,0.0,0.0,149.05,03/09/2025 21:00:29,13.01039,80.00386666666667,00386666666667,2025-09-04T23:20:03.364109
TN 87 1040,7428,0.0,0.0,149.07,03/09/2025 21:00:19,13.01039,80.00386666666667,00386666666667,2025-09-04T23:20:03.364290
TN 87 1040,7428,0.0,0.0,149.05,03/09/2025 21:00:09,13.01039,80.00386666666667,00386666666667,2025-09-04T23:20:03.364459
TN 87 1040,7428,0.0,0.0,149.05,03/09/2025 20:59:59,13.01039,80.00386666666667,00386666666667,2025-09-04T23:20:03.364635
TN 87 1040,7428,0.0,0.0,149.05,03/09/2025 20:59:52,13.01039,80.00386666666667,00386666666667,2025-09-04T23:20:03.364842
TN 87 1040,7428,0.0,0.0,149.05,03/09/2025 20:59:40,13.01039,80.00386666666667,00386666666667,2025-09-04T23:20:03.365006
TN 87 1040,7428,0.0,0.0,149.05,03/09/2025 20:59:30,13.01039,80.00386666666667,00386666666667,2025-09-04T23:20:03.365185
TN 87 1040,7428,0.0,0.0,149.05,03/09/2025 20:59:20,13.01039,80.00386666666667,00386666666667,2025-09-04T23:20:03.365361
TN 87 1040,7428,0.0,0.0,149.06,03/09/2025 20:59:10,13.01039,80.00386666666667,00386666666667,2025-09-04T23:20:03.365556
TN 87 1040,7428,0.0,0.0,149.06,03/09/2025 20:59:00,13.01039,80.00386666666667,00386666666667,2025-09-04T23:20:03.365799
TN 87 1040,7428,0.0,0.0,149.06,03/09/2025 20:58:53,13.01039,80.00386666666667,00386666666667,2025-09-04T23:20:03.366170
TN 87 1040,7428,0.0,0.0,149.05,03/09/2025 20:58:41,13.01039,80.00386666666667,00386666666667,2025-09-04T23:20:03.366370
TN 87 1040,7428,0.0,0.0,149.07,03/09/2025 20:58:31,13.01039,80.00386666666667,00386666666667,2025-09-04T23:20:03.366545
TN 87 1040,7428,0.0,0.0,149.04,03/09/2025 20:58:21,13.01039,80.00386666666667,00386666666667,2025-09-04T23:20:03.366712
TN 87 1040,7428,0.0,0.0,149.04,03/09/2025 20:58:11,13.01039,80.00386666666667,00386666666667,2025-09-04T23:20:03.366878
TN 87 1040,7428,0.0,0.0,149.03,03/09/2025 20:58:02,13.01039,80.00386666666667,00386666666667,2025-09-04T23:20:03.367046
TN 87 1040,7428,0.0,0.0,149.07,03/09/2025 20:57:54,13.01039,80.00386666666667,00386666666667,2025-09-04T23:20:03.367221
TN 87 1040,7428,0.0,0.0,149.07,03/09/2025 20:57:42,13.01039,80.00386666666667,00386666666667,2025-09-04T23:20:03.367389
TN 87 1040,7428,0.0,0.0,149.06,03/09/2025 20:57:32,13.01039,80.00386666666667,00386666666667,2025-09-04T23:20:03.367560
TN 87 1040,7428,0.0,0.0,149.07,03/09/2025 20:57:22,13.01039,80.00386666666667,00386666666667,2025-09-04T23:20:03.367720
TN 87 1040,7428,0.0,0.0,149.08,03/09/2025 20:57:12,13.01039,80.00386666666667,00386666666667,2025-09-04T23:20:03.367877
TN 87 1040,7428,0.0,0.0,149.08,03/09/2025 20:57:02,13.01039,80.00386666666667,00386666666667,2025-09-04T23:20:03.368041
TN 87 1040,7428,0.0,0.0,149.07,03/09/2025 20:56:55,13.01039,80.00386666666667,00386666666667,2025-09-04T23:20:03.368181
TN 87 1040,7428,0.0,0.0,149.08,03/09/2025 20:56:42,13.01039,80.00386666666667,00386666666667,2025-09-04T23:20:03.368343
TN 87 1040,7428,0.0,0.0,149.08,03/09/2025 20:56:33,13.01039,80.00386666666667,00386666666667,2025-09-04T23:20:03.368479
TN 87 1040,7428,0.0,0.0,149.07,03/09/2025 20:56:23,13.01039,80.00386666666667,00386666666667,2025-09-04T23:20:03.368645
TN 87 1040,7428,0.0,0.0,149.07,03/09/2025 20:56:14,13.01039,80.00386666666667,00386666666667,2025-09-04T23:20:03.368807
TN 87 1040,7428,0.0,0.0,149.08,03/09/2025 20:56:03,13.01039,80.00386666666667,00386666666667,2025-09-04T23:20:03.368963
TN 87 1040,7428,0.0,0.0,149.09,03/09/2025 20:55:56,13.01039,80.00386666666667,00386666666667,2025-09-04T23:20:03.369113
TN 87 1040,7428,0.0,0.0,149.09,03/09/2025 20:55:43,13.01039,80.00386666666667,00386666666667,2025-09-04T23:20:03.369282
TN 87 1040,7428,0.0,0.0,149.09,03/09/2025 20:55:34,13.01039,80.00386666666667,00386666666667,2025-09-04T23:20:03.369449
TN 87 1040,7428,0.0,0.0,149.09,03/09/2025 20:55:25,13.01039,80.00386666666667,00386666666667,2025-09-04T23:20:03.369615
TN 87 1040,7428,0.0,0.0,149.09,03/09/2025 20:55:14,13.01039,80.00386666666667,00386666666667,2025-09-04T23:20:03.369820
TN 87 1040,7428,0.0,0.0,149.09,03/09/2025 20:55:04,13.01039,80.00386666666667,00386666666667,2025-09-04T23:20:03.370017
TN 87 1040,7428,0.0,0.0,149.09,03/09/2025 20:54:58,13.01039,80.00386666666667,00386666666667,2025-09-04T23:20:03.370218
TN 87 1040,7428,0.0,0.0,149.09,03/09/2025 20:54:44,13.01039,80.00386666666667,00386666666667,2025-09-04T23:20:03.370396
TN 87 1040,7428,0.0,0.0,149.09,03/09/2025 20:54:35,13.01039,80.00386666666667,00386666666667,2025-09-04T23:20:03.370586
TN 87 1040,7428,0.0,0.0,149.09,03/09/2025 20:54:25,13.01039,80.00386666666667,00386666666667,2025-09-04T23:20:03.370756
TN 87 1040,7428,0.0,0.0,149.09,03/09/2025 20:54:15,13.01039,80.00386666666667,00386666666667,2025-09-04T23:20:03.370963
TN 87 1040,7428,0.0,0.0,149.09,03/09/2025 20:54:05,13.01039,80.00386666666667,00386666666667,2025-09-04T23:20:03.371133
TN 87 1040,7428,0.0,0.0,149.09,03/09/2025 20:53:58,13.01039,80.00386666666667,00386666666667,2025-09-04T23:20:03.371324
TN 87 1040,7428,0.0,0.0,149.08,03/09/2025 20:53:46,13.01039,80.00386666666667,00386666666667,2025-09-04T23:20:03.371500
TN 87 1040,7428,0.0,0.0,149.1,03/09/2025 20:53:35,13.01039,80.00386666666667,00386666666667,2025-09-04T23:20:03.371650
TN 87 1040,7428,0.0,0.0,149.11,03/09/2025 20:53:26,13.01039,80.00386666666667,00386666666667,2025-09-04T23:20:03.371829
TN 87 1040,7428,0.0,0.0,149.11,03/09/2025 20:53:16,13.01039,80.00386666666667,00386666666667,2025-09-04T23:20:03.371993
TN 87 1040,7428,0.0,0.0,149.11,03/09/2025 20:53:06,13.01039,80.00386666666667,00386666666667,2025-09-04T23:20:03.372214
TN 87 1040,7428,0.0,0.0,149.09,03/09/2025 20:52:59,13.01039,80.00386666666667,00386666666667,2025-09-04T23:20:03.372401
TN 87 1040,7428,0.0,0.0,149.09,03/09/2025 20:52:46,13.01039,80.00386666666667,00386666666667,2025-09-04T23:20:03.372562
TN 87 1040,7428,0.0,0.0,149.11,03/09/2025 20:52:36,13.01039,80.00386666666667,00386666666667,2025-09-04T23:20:03.372745
TN 87 1040,7428,0.0,0.0,149.12,03/09/2025 20:52:26,13.01039,80.00386666666667,00386666666667,2025-09-04T23:20:03.372919
TN 87 1040,7428,0.0,0.0,149.12,03/09/2025 20:52:17,13.01039,80.00386666666667,00386666666667,2025-09-04T23:20:03.373125
TN 87 1040,7428,0.0,0.0,149.11,03/09/2025 20:52:07,13.01039,80.00386666666667,00386666666667,2025-09-04T23:20:03.373292
TN 87 1040,7428,0.0,0.0,149.12,03/09/2025 20:52:00,13.01039,80.00386666666667,00386666666667,2025-09-04T23:20:03.373454
TN 87 1040,7428,0.0,0.0,149.12,03/09/2025 20:51:47,13.01039,80.00386666666667,00386666666667,2025-09-04T23:20:03.373669
TN 87 1040,7428,0.0,0.0,149.12,03/09/2025 20:51:37,13.01039,80.00386666666667,00386666666667,2025-09-04T23:20:03.373904
TN 87 1040,7428,0.0,0.0,149.12,03/09/2025 20:51:27,13.01039,80.00386666666667,00386666666667,2025-09-04T23:20:03.374119
TN 87 1040,7428,0.0,0.0,149.12,03/09/2025 20:51:18,13.01039,80.00386666666667,00386666666667,2025-09-04T23:20:03.374323
TN 87 1040,7428,0.0,0.0,149.12,03/09/2025 20:51:08,13.01039,80.00386666666667,00386666666667,2025-09-04T23:20:03.374531
TN 87 1040,7428,0.0,0.0,149.12,03/09/2025 20:51:01,13.01039,80.00386666666667,00386666666667,2025-09-04T23:20:03.374725
TN 87 1040,7428,0.0,0.0,149.13,03/09/2025 20:50:48,13.01039,80.00386666666667,00386666666667,2025-09-04T23:20:03.374942
TN 87 1040,7428,0.0,0.0,149.13,03/09/2025 20:50:38,13.01039,80.00386666666667,00386666666667,2025-09-04T23:20:03.375197
TN 87 1040,7428,0.0,0.0,149.12,03/09/2025 20:50:29,13.01039,80.00386666666667,00386666666667,2025-09-04T23:20:03.375410
TN 87 1040,7428,0.0,0.0,149.11,03/09/2025 20:50:18,13.01039,80.00386666666667,00386666666667,2025-09-04T23:20:03.375622
TN 87 1040,7428,0.0,0.0,149.11,03/09/2025 20:50:09,13.01039,80.00386666666667,00386666666667,2025-09-04T23:20:03.375825
TN 87 1040,7428,0.0,0.0,149.12,03/09/2025 20:50:03,13.01039,80.00386666666667,00386666666667,2025-09-04T23:20:03.376004
TN 87 1040,7428,0.0,0.0,149.12,03/09/2025 20:49:49,13.01039,80.00386666666667,00386666666667,2025-09-04T23:20:03.376150
TN 87 1040,7428,0.0,0.0,149.12,03/09/2025 20:49:39,13.01039,80.00386666666667,00386666666667,2025-09-04T23:20:03.376299
TN 87 1040,7428,0.0,0.0,149.13,03/09/2025 20:49:29,13.01039,80.00386666666667,00386666666667,2025-09-04T23:20:03.376491
TN 87 1040,7428,0.0,0.0,149.13,03/09/2025 20:49:19,13.01039,80.00386666666667,00386666666667,2025-09-04T23:20:03.376670
TN 87 1040,7428,0.0,0.0,149.12,03/09/2025 20:49:09,13.01039,80.00386666666667,00386666666667,2025-09-04T23:20:03.376828
TN 87 1040,7428,0.0,0.0,149.12,03/09/2025 20:49:04,13.01039,80.00386666666667,00386666666667,2025-09-04T23:20:03.377002
TN 87 1040,7428,0.0,0.0,149.12,03/09/2025 20:48:50,13.01039,80.00386666666667,00386666666667,2025-09-04T23:20:03.377144
TN 87 1040,7428,0.0,0.0,149.12,03/09/2025 20:48:40,13.01039,80.00386666666667,00386666666667,2025-09-04T23:20:03.377288
TN 87 1040,7428,0.0,0.0,149.13,03/09/2025 20:48:30,13.01039,80.00386666666667,00386666666667,2025-09-04T23:20:03.377448
TN 87 1040,7428,0.0,0.0,149.12,03/09/2025 20:48:20,13.01039,80.00386666666667,00386666666667,2025-09-04T23:20:03.377586
TN 87 1040,7428,0.0,0.0,149.13,03/09/2025 20:48:10,13.01039,80.00386666666667,00386666666667,2025-09-04T23:20:03.377746
TN 87 1040,7428,0.0,0.0,149.12,03/09/2025 20:48:03,13.01039,80.00386666666667,00386666666667,2025-09-04T23:20:03.377879
TN 87 1040,7428,0.0,0.0,149.14,03/09/2025 20:47:51,13.01039,80.00386666666667,00386666666667,2025-09-04T23:20:03.378006
TN 87 1040,7428,0.0,0.0,149.14,03/09/2025 20:47:41,13.01039,80.00386666666667,00386666666667,2025-09-04T23:20:03.378175
TN 87 1040,7428,0.0,0.0,149.16,03/09/2025 20:47:31,13.01039,80.00386666666667,00386666666667,2025-09-04T23:20:03.378339
TN 87 1040,7428,0.0,0.0,149.14,03/09/2025 20:47:21,13.01039,80.00386666666667,00386666666667,2025-09-04T23:20:03.378516
TN 87 1040,7428,0.0,0.0,149.14,03/09/2025 20:47:11,13.01039,80.00386666666667,00386666666667,2025-09-04T23:20:03.378683
TN 87 1040,7428,0.0,0.0,149.15,03/09/2025 20:47:04,13.01039,80.00386666666667,00386666666667,2025-09-04T23:20:03.378877
TN 87 1040,7428,0.0,0.0,149.15,03/09/2025 20:46:52,13.01039,80.00386666666667,00386666666667,2025-09-04T23:20:03.379105
TN 87 1040,7428,0.0,0.0,149.16,03/09/2025 20:46:42,13.01039,80.00386666666667,00386666666667,2025-09-04T23:20:03.379311
TN 87 1040,7428,0.0,0.0,149.16,03/09/2025 20:46:32,13.01039,80.00386666666667,00386666666667,2025-09-04T23:20:03.379477
TN 87 1040,7428,0.0,0.0,149.14,03/09/2025 20:46:22,13.01039,80.00386666666667,00386666666667,2025-09-04T23:20:03.379677
TN 87 1040,7428,0.0,0.0,149.14,03/09/2025 20:46:13,13.01039,80.00386666666667,00386666666667,2025-09-04T23:20:03.379902
TN 87 1040,7428,0.0,0.0,149.15,03/09/2025 20:46:05,13.01039,80.00386666666667,00386666666667,2025-09-04T23:20:03.380081
TN 87 1040,7428,0.0,0.0,149.15,03/09/2025 20:45:52,13.01039,80.00386666666667,00386666666667,2025-09-04T23:20:03.380277
TN 87 1040,7428,0.0,0.0,149.16,03/09/2025 20:45:43,13.01039,80.00386666666667,00386666666667,2025-09-04T23:20:03.380458
TN 87 1040,7428,0.0,0.0,149.16,03/09/2025 20:45:33,13.01039,80.00386666666667,00386666666667,2025-09-04T23:20:03.380628
TN 87 1040,7428,0.0,0.0,149.16,03/09/2025 20:45:24,13.01039,80.00386666666667,00386666666667,2025-09-04T23:20:03.380785
TN 87 1040,7428,0.0,0.0,149.16,03/09/2025 20:45:13,13.01039,80.00386666666667,00386666666667,2025-09-04T23:20:03.380982
TN 87 1040,7428,0.0,0.0,149.16,03/09/2025 20:45:06,13.01039,80.00386666666667,00386666666667,2025-09-04T23:20:03.381182
TN 87 1040,7428,0.0,0.0,149.16,03/09/2025 20:44:53,13.01039,80.00386666666667,00386666666667,2025-09-04T23:20:03.381409
TN 87 1040,7428,0.0,0.0,149.16,03/09/2025 20:44:44,13.01039,80.00386666666667,00386666666667,2025-09-04T23:20:03.381618
TN 87 1040,7428,0.0,0.0,149.14,03/09/2025 20:44:35,13.01039,80.00386666666667,00386666666667,2025-09-04T23:20:03.381805
TN 87 1040,7428,0.0,0.0,149.14,03/09/2025 20:44:24,13.01039,80.00386666666667,00386666666667,2025-09-04T23:20:03.382014
TN 87 1040,7428,0.0,0.0,149.16,03/09/2025 20:44:14,13.01039,80.00386666666667,00386666666667,2025-09-04T23:20:03.382258
TN 87 1040,7428,0.0,0.0,149.16,03/09/2025 20:44:08,13.01039,80.00386666666667,00386666666667,2025-09-04T23:20:03.382415
TN 87 1040,7428,0.0,0.0,149.16,03/09/2025 20:43:54,13.01039,80.00386666666667,00386666666667,2025-09-04T23:20:03.382566
TN 87 1040,7428,0.0,0.0,149.17,03/09/2025 20:43:45,13.01039,80.00386666666667,00386666666667,2025-09-04T23:20:03.382742
TN 87 1040,7428,0.0,0.0,149.16,03/09/2025 20:43:35,13.01039,80.00386666666667,00386666666667,2025-09-04T23:20:03.382890
TN 87 1040,7428,0.0,0.0,149.16,03/09/2025 20:43:25,13.01039,80.00386666666667,00386666666667,2025-09-04T23:20:03.383049
TN 87 1040,7428,0.0,0.0,149.17,03/09/2025 20:43:15,13.01039,80.00386666666667,00386666666667,2025-09-04T23:20:03.383184
TN 87 1040,7428,0.0,0.0,149.17,03/09/2025 20:43:08,13.01039,80.00386666666667,00386666666667,2025-09-04T23:20:03.383342
TN 87 1040,7428,0.0,0.0,149.17,03/09/2025 20:42:56,13.01039,80.00386666666667,00386666666667,2025-09-04T23:20:03.383517
TN 87 1040,7428,0.0,0.0,149.18,03/09/2025 20:42:45,13.01039,80.00386666666667,00386666666667,2025-09-04T23:20:03.383669
TN 87 1040,7428,0.0,0.0,149.17,03/09/2025 20:42:35,13.01039,80.00386666666667,00386666666667,2025-09-04T23:20:03.383838
TN 87 1040,7428,0.0,0.0,149.16,03/09/2025 20:42:26,13.01039,80.00386666666667,00386666666667,2025-09-04T23:20:03.383985
TN 87 1040,7428,0.0,0.0,149.18,03/09/2025 20:42:16,13.01039,80.00386666666667,00386666666667,2025-09-04T23:20:03.384126
TN 87 1040,7428,0.0,0.0,149.18,03/09/2025 20:42:09,13.01039,80.00386666666667,00386666666667,2025-09-04T23:20:03.384289
TN 87 1040,7428,0.0,0.0,149.18,03/09/2025 20:41:56,13.01039,80.00386666666667,00386666666667,2025-09-04T23:20:03.384455
TN 87 1040,7428,0.0,0.0,149.21,03/09/2025 20:41:46,13.01039,80.00386666666667,00386666666667,2025-09-04T23:20:03.384660
TN 87 1040,7428,0.0,0.0,149.18,03/09/2025 20:41:36,13.01039,80.00386666666667,00386666666667,2025-09-04T23:20:03.384846
TN 87 1040,7428,0.0,0.0,149.17,03/09/2025 20:41:27,13.01039,80.00386666666667,00386666666667,2025-09-04T23:20:03.385031
TN 87 1040,7428,0.0,0.0,149.18,03/09/2025 20:41:17,13.01039,80.00386666666667,00386666666667,2025-09-04T23:20:03.385203
TN 87 1040,7428,0.0,0.0,149.19,03/09/2025 20:41:10,13.01039,80.00386666666667,00386666666667,2025-09-04T23:20:03.385379
TN 87 1040,7428,0.0,0.0,149.19,03/09/2025 20:40:57,13.01039,80.00386666666667,00386666666667,2025-09-04T23:20:03.385557
TN 87 1040,7428,0.0,0.0,149.19,03/09/2025 20:40:47,13.01039,80.00386666666667,00386666666667,2025-09-04T23:20:03.385727
TN 87 1040,7428,0.0,0.0,149.19,03/09/2025 20:40:37,13.01039,80.00386666666667,00386666666667,2025-09-04T23:20:03.385891
TN 87 1040,7428,0.0,0.0,149.18,03/09/2025 20:40:28,13.01039,80.00386666666667,00386666666667,2025-09-04T23:20:03.386055
TN 87 1040,7428,0.0,0.0,149.19,03/09/2025 20:40:18,13.01039,80.00386666666667,00386666666667,2025-09-04T23:20:03.386249
TN 87 1040,7428,0.0,0.0,149.2,03/09/2025 20:40:11,13.01039,80.00386666666667,00386666666667,2025-09-04T23:20:03.386458
TN 87 1040,7428,0.0,0.0,149.2,03/09/2025 20:39:58,13.01039,80.00386666666667,00386666666667,2025-09-04T23:20:03.386628
TN 87 1040,7428,0.0,0.0,149.2,03/09/2025 20:39:48,13.01039,80.00386666666667,00386666666667,2025-09-04T23:20:03.386775
TN 87 1040,7428,0.0,0.0,149.2,03/09/2025 20:39:39,13.01039,80.00386666666667,00386666666667,2025-09-04T23:20:03.386974
TN 87 1040,7428,0.0,0.0,149.19,03/09/2025 20:39:28,13.01039,80.00386666666667,00386666666667,2025-09-04T23:20:03.387178
TN 87 1040,7428,0.0,0.0,149.19,03/09/2025 20:39:18,13.01039,80.00386666666667,00386666666667,2025-09-04T23:20:03.387402
TN 87 1040,7428,0.0,0.0,149.2,03/09/2025 20:39:13,13.01039,80.00386666666667,00386666666667,2025-09-04T23:20:03.387611
TN 87 1040,7428,0.0,0.0,149.19,03/09/2025 20:38:59,13.01039,80.00386666666667,00386666666667,2025-09-04T23:20:03.387819
TN 87 1040,7428,0.0,0.0,149.19,03/09/2025 20:38:49,13.01039,80.00386666666667,00386666666667,2025-09-04T23:20:03.388004
TN 87 1040,7428,0.0,0.0,149.2,03/09/2025 20:38:39,13.01039,80.00386666666667,00386666666667,2025-09-04T23:20:03.388202
TN 87 1040,7428,0.0,0.0,149.21,03/09/2025 20:38:29,13.01039,80.00386666666667,00386666666667,2025-09-04T23:20:03.388406
TN 87 1040,7428,0.0,0.0,149.21,03/09/2025 20:38:19,13.01039,80.00386666666667,00386666666667,2025-09-04T23:20:03.388609
TN 87 1040,7428,0.0,0.0,149.21,03/09/2025 20:38:14,13.01039,80.00386666666667,00386666666667,2025-09-04T23:20:03.388773
TN 87 1040,7428,0.0,0.0,149.21,03/09/2025 20:38:00,13.01039,80.00386666666667,00386666666667,2025-09-04T23:20:03.388959
TN 87 1040,7428,0.0,0.0,149.22,03/09/2025 20:37:50,13.01039,80.00386666666667,00386666666667,2025-09-04T23:20:03.389130
TN 87 1040,7428,0.0,0.0,149.22,03/09/2025 20:37:40,13.01039,80.00386666666667,00386666666667,2025-09-04T23:20:03.389309
TN 87 1040,7428,0.0,0.0,149.23,03/09/2025 20:37:30,13.01039,80.00386666666667,00386666666667,2025-09-04T23:20:03.389505
TN 87 1040,7428,0.0,0.0,149.21,03/09/2025 20:37:20,13.01039,80.00386666666667,00386666666667,2025-09-04T23:20:03.389692
TN 87 1040,7428,0.0,0.0,149.22,03/09/2025 20:37:13,13.01039,80.00386666666667,00386666666667,2025-09-04T23:20:03.389895
TN 87 1040,7428,0.0,0.0,149.22,03/09/2025 20:37:01,13.01039,80.00386666666667,00386666666667,2025-09-04T23:20:03.390093
TN 87 1040,7428,0.0,0.0,149.22,03/09/2025 20:36:51,13.01039,80.00386666666667,00386666666667,2025-09-04T23:20:03.390298
TN 87 1040,7428,0.0,0.0,149.22,03/09/2025 20:36:41,13.01039,80.00386666666667,00386666666667,2025-09-04T23:20:03.390481
TN 87 1040,7428,0.0,0.0,149.22,03/09/2025 20:36:31,13.01039,80.00386666666667,00386666666667,2025-09-04T23:20:03.390644
TN 87 1040,7428,0.0,0.0,149.21,03/09/2025 20:36:21,13.01039,80.00386666666667,00386666666667,2025-09-04T23:20:03.390812
TN 87 1040,7428,0.0,0.0,149.22,03/09/2025 20:36:14,13.01039,80.00386666666667,00386666666667,2025-09-04T23:20:03.390997
TN 87 1040,7428,0.0,0.0,149.22,03/09/2025 20:36:02,13.01039,80.00386666666667,00386666666667,2025-09-04T23:20:03.391196
TN 87 1040,7428,0.0,0.0,149.22,03/09/2025 20:35:52,13.01039,80.00386666666667,00386666666667,2025-09-04T23:20:03.391415
TN 87 1040,7428,0.0,0.0,149.22,03/09/2025 20:35:42,13.01039,80.00386666666667,00386666666667,2025-09-04T23:20:03.391607
TN 87 1040,7428,0.0,0.0,149.23,03/09/2025 20:35:32,13.01039,80.00386666666667,00386666666667,2025-09-04T23:20:03.391821
TN 87 1040,7428,0.0,0.0,149.23,03/09/2025 20:35:23,13.01039,80.00386666666667,00386666666667,2025-09-04T23:20:03.392020
TN 87 1040,7428,0.0,0.0,149.22,03/09/2025 20:35:15,13.01039,80.00386666666667,00386666666667,2025-09-04T23:20:03.392208
TN 87 1040,7428,0.0,0.0,149.22,03/09/2025 20:35:02,13.01039,80.00386666666667,00386666666667,2025-09-04T23:20:03.392380
TN 87 1040,7428,0.0,0.0,149.21,03/09/2025 20:34:53,13.01039,80.00386666666667,00386666666667,2025-09-04T23:20:03.392532
TN 87 1040,7428,0.0,0.0,149.23,03/09/2025 20:34:43,13.01039,80.00386666666667,00386666666667,2025-09-04T23:20:03.392685
TN 87 1040,7428,0.0,0.0,149.24,03/09/2025 20:34:34,13.01039,80.00386666666667,00386666666667,2025-09-04T23:20:03.392857
TN 87 1040,7428,0.0,0.0,149.23,03/09/2025 20:34:23,13.01039,80.00386666666667,00386666666667,2025-09-04T23:20:03.393024
TN 87 1040,7428,0.0,0.0,149.24,03/09/2025 20:34:16,13.01039,80.00386666666667,00386666666667,2025-09-04T23:20:03.393195
TN 87 1040,7428,0.0,0.0,149.24,03/09/2025 20:34:03,13.01039,80.00386666666667,00386666666667,2025-09-04T23:20:03.393357
TN 87 1040,7428,0.0,0.0,149.25,03/09/2025 20:33:53,13.01039,80.00386666666667,00386666666667,2025-09-04T23:20:03.393503
TN 87 1040,7428,0.0,0.0,149.27,03/09/2025 20:33:44,13.01039,80.00386666666667,00386666666667,2025-09-04T23:20:03.393662
TN 87 1040,7428,0.0,0.0,149.24,03/09/2025 20:33:34,13.01039,80.00386666666667,00386666666667,2025-09-04T23:20:03.393828
TN 87 1040,7428,0.0,0.0,149.24,03/09/2025 20:33:24,13.01039,80.00386666666667,00386666666667,2025-09-04T23:20:03.393996
TN 87 1040,7428,0.0,0.0,149.24,03/09/2025 20:33:18,13.01039,80.00386666666667,00386666666667,2025-09-04T23:20:03.394161
TN 87 1040,7428,0.0,0.0,149.25,03/09/2025 20:33:04,13.01039,80.00386666666667,00386666666667,2025-09-04T23:20:03.394322
TN 87 1040,7428,0.0,0.0,149.25,03/09/2025 20:32:55,13.01039,80.00386666666667,00386666666667,2025-09-04T23:20:03.394484
TN 87 1040,7428,0.0,0.0,149.25,03/09/2025 20:32:44,13.01039,80.00386666666667,00386666666667,2025-09-04T23:20:03.394654
TN 87 1040,7428,0.0,0.0,149.25,03/09/2025 20:32:35,13.01039,80.00386666666667,00386666666667,2025-09-04T23:20:03.394822
TN 87 1040,7428,0.0,0.0,149.25,03/09/2025 20:32:25,13.01039,80.00386666666667,00386666666667,2025-09-04T23:20:03.395013
TN 87 1040,7428,0.0,0.0,149.25,03/09/2025 20:32:18,13.01039,80.00386666666667,00386666666667,2025-09-04T23:20:03.395215
TN 87 1040,7428,0.0,0.0,149.27,03/09/2025 20:32:06,13.01039,80.00386666666667,00386666666667,2025-09-04T23:20:03.395417
TN 87 1040,7428,0.0,0.0,149.27,03/09/2025 20:31:55,13.01039,80.00386666666667,00386666666667,2025-09-04T23:20:03.395582
TN 87 1040,7428,0.0,0.0,149.27,03/09/2025 20:31:45,13.01039,80.00386666666667,00386666666667,2025-09-04T23:20:03.395760
TN 87 1040,7428,0.0,0.0,149.28,03/09/2025 20:31:35,13.01039,80.00386666666667,00386666666667,2025-09-04T23:20:03.395931
TN 87 1040,7428,0.0,0.0,149.27,03/09/2025 20:31:26,13.01039,80.00386666666667,00386666666667,2025-09-04T23:20:03.396111
TN 87 1040,7428,0.0,0.0,149.27,03/09/2025 20:31:19,13.01039,80.00386666666667,00386666666667,2025-09-04T23:20:03.396302
TN 87 1040,7428,0.0,0.0,149.25,03/09/2025 20:31:06,13.01039,80.00386666666667,00386666666667,2025-09-04T23:20:03.396471
TN 87 1040,7428,0.0,0.0,149.25,03/09/2025 20:30:56,13.01039,80.00386666666667,00386666666667,2025-09-04T23:20:03.396639
TN 87 1040,7428,0.0,0.0,149.25,03/09/2025 20:30:46,13.01039,80.00386666666667,00386666666667,2025-09-04T23:20:03.396805
TN 87 1040,7428,0.0,0.0,149.27,03/09/2025 20:30:36,13.01039,80.00386666666667,00386666666667,2025-09-04T23:20:03.397015
TN 87 1040,7428,0.0,0.0,149.26,03/09/2025 20:30:27,13.01039,80.00386666666667,00386666666667,2025-09-04T23:20:03.397185
TN 87 1040,7428,0.0,0.0,149.28,03/09/2025 20:30:19,13.01039,80.00386666666667,00386666666667,2025-09-04T23:20:03.397366
TN 87 1040,7428,0.0,0.0,149.27,03/09/2025 20:30:07,13.01039,80.00386666666667,00386666666667,2025-09-04T23:20:03.397538
TN 87 1040,7428,0.0,0.0,149.26,03/09/2025 20:29:57,13.01039,80.00386666666667,00386666666667,2025-09-04T23:20:03.397679
TN 87 1040,7428,0.0,0.0,149.25,03/09/2025 20:29:47,13.01039,80.00386666666667,00386666666667,2025-09-04T23:20:03.397858
TN 87 1040,7428,0.0,0.0,149.27,03/09/2025 20:29:38,13.01039,80.00386666666667,00386666666667,2025-09-04T23:20:03.398031
TN 87 1040,7428,0.0,0.0,149.27,03/09/2025 20:29:27,13.01039,80.00386666666667,00386666666667,2025-09-04T23:20:03.398170
TN 87 1040,7428,0.0,0.0,149.27,03/09/2025 20:29:20,13.01039,80.00386666666667,00386666666667,2025-09-04T23:20:03.398311
TN 87 1040,7428,0.0,0.0,149.27,03/09/2025 20:29:08,13.01039,80.00386666666667,00386666666667,2025-09-04T23:20:03.398505
TN 87 1040,7428,0.0,0.0,149.27,03/09/2025 20:28:58,13.01039,80.00386666666667,00386666666667,2025-09-04T23:20:03.398702
TN 87 1040,7428,0.0,0.0,149.27,03/09/2025 20:28:48,13.01039,80.00386666666667,00386666666667,2025-09-04T23:20:03.398894
TN 87 1040,7428,0.0,0.0,149.27,03/09/2025 20:28:38,13.01039,80.00386666666667,00386666666667,2025-09-04T23:20:03.399089
TN 87 1040,7428,0.0,0.0,149.29,03/09/2025 20:28:28,13.01039,80.00386666666667,00386666666667,2025-09-04T23:20:03.399262
TN 87 1040,7428,0.0,0.0,149.29,03/09/2025 20:28:22,13.01039,80.00386666666667,00386666666667,2025-09-04T23:20:03.399427
TN 87 1040,7428,0.0,0.0,149.29,03/09/2025 20:28:09,13.01039,80.00386666666667,00386666666667,2025-09-04T23:20:03.399665
TN 87 1040,7428,0.0,0.0,149.28,03/09/2025 20:27:59,13.01039,80.00386666666667,00386666666667,2025-09-04T23:20:03.399867
TN 87 1040,7428,0.0,0.0,149.3,03/09/2025 20:27:49,13.01039,80.00386666666667,00386666666667,2025-09-04T23:20:03.400065
TN 87 1040,7428,0.0,0.0,149.31,03/09/2025 20:27:39,13.01039,80.00386666666667,00386666666667,2025-09-04T23:20:03.400272
TN 87 1040,7428,0.0,0.0,149.31,03/09/2025 20:27:29,13.01039,80.00386666666667,00386666666667,2025-09-04T23:20:03.400440
TN 87 1040,7428,0.0,0.0,149.28,03/09/2025 20:27:23,13.01039,80.00386666666667,00386666666667,2025-09-04T23:20:03.400600
TN 87 1040,7428,0.0,0.0,149.27,03/09/2025 20:27:10,13.01039,80.00386666666667,00386666666667,2025-09-04T23:20:03.400769
TN 87 1040,7428,0.0,0.0,149.28,03/09/2025 20:27:00,13.01039,80.00386666666667,00386666666667,2025-09-04T23:20:03.400963
TN 87 1040,7428,0.0,0.0,149.31,03/09/2025 20:26:50,13.01039,80.00386666666667,00386666666667,2025-09-04T23:20:03.401160
TN 87 1040,7428,0.0,0.0,149.31,03/09/2025 20:26:40,13.01039,80.00386666666667,00386666666667,2025-09-04T23:20:03.401317
TN 87 1040,7428,0.0,0.0,149.31,03/09/2025 20:26:30,13.01039,80.00386666666667,00386666666667,2025-09-04T23:20:03.401502
TN 87 1040,7428,0.0,0.0,149.31,03/09/2025 20:26:23,13.01039,80.00386666666667,00386666666667,2025-09-04T23:20:03.401669
TN 87 1040,7428,0.0,0.0,149.31,03/09/2025 20:26:11,13.01039,80.00386666666667,00386666666667,2025-09-04T23:20:03.401877
TN 87 1040,7428,0.0,0.0,149.31,03/09/2025 20:26:01,13.01039,80.00386666666667,00386666666667,2025-09-04T23:20:03.402072
TN 87 1040,7428,0.0,0.0,149.29,03/09/2025 20:25:51,13.01039,80.00386666666667,00386666666667,2025-09-04T23:20:03.402237
TN 87 1040,7428,0.0,0.0,149.29,03/09/2025 20:25:41,13.01039,80.00386666666667,00386666666667,2025-09-04T23:20:03.402404
TN 87 1040,7428,0.0,0.0,149.29,03/09/2025 20:25:31,13.01039,80.00386666666667,00386666666667,2025-09-04T23:20:03.402551
TN 87 1040,7428,0.0,0.0,149.31,03/09/2025 20:25:24,13.01039,80.00386666666667,00386666666667,2025-09-04T23:20:03.402725
TN 87 1040,7428,0.0,0.0,149.31,03/09/2025 20:25:11,13.01039,80.00386666666667,00386666666667,2025-09-04T23:20:03.402874
TN 87 1040,7428,0.0,0.0,149.31,03/09/2025 20:25:01,13.01039,80.00386666666667,00386666666667,2025-09-04T23:20:03.403022
TN 87 1040,7428,0.0,0.0,149.3,03/09/2025 20:24:52,13.01039,80.00386666666667,00386666666667,2025-09-04T23:20:03.403184
TN 87 1040,7428,0.0,0.0,149.31,03/09/2025 20:24:42,13.01039,80.00386666666667,00386666666667,2025-09-04T23:20:03.403317
TN 87 1040,7428,0.0,0.0,149.31,03/09/2025 20:24:33,13.01039,80.00386666666667,00386666666667,2025-09-04T23:20:03.403453
TN 87 1040,7428,0.0,0.0,149.31,03/09/2025 20:24:25,13.01039,80.00386666666667,00386666666667,2025-09-04T23:20:03.403605
TN 87 1040,7428,0.0,0.0,149.31,03/09/2025 20:24:12,13.01039,80.00386666666667,00386666666667,2025-09-04T23:20:03.403733
TN 87 1040,7428,0.0,0.0,149.31,03/09/2025 20:24:02,13.01039,80.00386666666667,00386666666667,2025-09-04T23:20:03.403876
TN 87 1040,7428,0.0,0.0,149.3,03/09/2025 20:23:53,13.01039,80.00386666666667,00386666666667,2025-09-04T23:20:03.404007
TN 87 1040,7428,0.0,0.0,149.31,03/09/2025 20:23:44,13.01039,80.00386666666667,00386666666667,2025-09-04T23:20:03.404161
TN 87 1040,7428,0.0,0.0,149.32,03/09/2025 20:23:33,13.01039,80.00386666666667,00386666666667,2025-09-04T23:20:03.404320
TN 87 1040,7428,0.0,0.0,149.31,03/09/2025 20:23:26,13.01039,80.00386666666667,00386666666667,2025-09-04T23:20:03.404455
TN 87 1040,7428,0.0,0.0,149.32,03/09/2025 20:23:13,13.01039,80.00386666666667,00386666666667,2025-09-04T23:20:03.404642
TN 87 1040,7428,0.0,0.0,149.31,03/09/2025 20:23:03,13.01039,80.00386666666667,00386666666667,2025-09-04T23:20:03.404855
TN 87 1040,7428,0.0,0.0,149.32,03/09/2025 20:22:54,13.01039,80.00386666666667,00386666666667,2025-09-04T23:20:03.405049
TN 87 1040,7428,0.0,0.0,149.33,03/09/2025 20:22:44,13.01039,80.00386666666667,00386666666667,2025-09-04T23:20:03.405262
TN 87 1040,7428,0.0,0.0,149.33,03/09/2025 20:22:34,13.01039,80.00386666666667,00386666666667,2025-09-04T23:20:03.405463
TN 87 1040,7428,0.0,0.0,149.33,03/09/2025 20:22:28,13.01039,80.00386666666667,00386666666667,2025-09-04T23:20:03.405670
TN 87 1040,7428,0.0,0.0,149.33,03/09/2025 20:22:14,13.01039,80.00386666666667,00386666666667,2025-09-04T23:20:03.405990
TN 87 1040,7428,0.0,0.0,149.33,03/09/2025 20:22:05,13.01039,80.00386666666667,00386666666667,2025-09-04T23:20:03.406168
TN 87 1040,7428,0.0,0.0,149.33,03/09/2025 20:21:54,13.01039,80.00386666666667,00386666666667,2025-09-04T23:20:03.406301
TN 87 1040,7428,0.0,0.0,149.32,03/09/2025 20:21:44,13.01039,80.00386666666667,00386666666667,2025-09-04T23:20:03.406436
TN 87 1040,7428,0.0,0.0,149.32,03/09/2025 20:21:35,13.01039,80.00386666666667,00386666666667,2025-09-04T23:20:03.406617
TN 87 1040,7428,0.0,0.0,149.33,03/09/2025 20:21:28,13.01039,80.00386666666667,00386666666667,2025-09-04T23:20:03.406787
TN 87 1040,7428,0.0,0.0,149.33,03/09/2025 20:21:16,13.01039,80.00386666666667,00386666666667,2025-09-04T23:20:03.406966
TN 87 1040,7428,0.0,0.0,149.35,03/09/2025 20:21:05,13.01039,80.00386666666667,00386666666667,2025-09-04T23:20:03.407138
TN 87 1040,7428,0.0,0.0,149.35,03/09/2025 20:20:55,13.01039,80.00386666666667,00386666666667,2025-09-04T23:20:03.407306
TN 87 1040,7428,0.0,0.0,149.34,03/09/2025 20:20:45,13.01039,80.00386666666667,00386666666667,2025-09-04T23:20:03.407441
TN 87 1040,7428,0.0,0.0,149.35,03/09/2025 20:20:36,13.01039,80.00386666666667,00386666666667,2025-09-04T23:20:03.407612
TN 87 1040,7428,0.0,0.0,149.35,03/09/2025 20:20:29,13.01039,80.00386666666667,00386666666667,2025-09-04T23:20:03.407770
TN 87 1040,7428,0.0,0.0,149.35,03/09/2025 20:20:16,13.01039,80.00386666666667,00386666666667,2025-09-04T23:20:03.407898
TN 87 1040,7428,0.0,0.0,149.35,03/09/2025 20:20:06,13.01039,80.00386666666667,00386666666667,2025-09-04T23:20:03.408034
TN 87 1040,7428,0.0,0.0,149.35,03/09/2025 20:19:56,13.01039,80.00386666666667,00386666666667,2025-09-04T23:20:03.408206
TN 87 1040,7428,0.0,0.0,149.35,03/09/2025 20:19:46,13.01039,80.00386666666667,00386666666667,2025-09-04T23:20:03.408366
TN 87 1040,7428,0.0,0.0,149.34,03/09/2025 20:19:37,13.01039,80.00386666666667,00386666666667,2025-09-04T23:20:03.408494
TN 87 1040,7428,0.0,0.0,149.34,03/09/2025 20:19:29,13.01039,80.00386666666667,00386666666667,2025-09-04T23:20:03.408628
TN 87 1040,7428,0.0,0.0,149.34,03/09/2025 20:19:17,13.01039,80.00386666666667,00386666666667,2025-09-04T23:20:03.408799
TN 87 1040,7428,0.0,0.0,149.35,03/09/2025 20:19:07,13.01039,80.00386666666667,00386666666667,2025-09-04T23:20:03.408972
TN 87 1040,7428,0.0,0.0,149.35,03/09/2025 20:18:57,13.01039,80.00386666666667,00386666666667,2025-09-04T23:20:03.409131
TN 87 1040,7428,0.0,0.0,149.35,03/09/2025 20:18:48,13.01039,80.00386666666667,00386666666667,2025-09-04T23:20:03.409280
TN 87 1040,7428,0.0,0.0,149.35,03/09/2025 20:18:37,13.01039,80.00386666666667,00386666666667,2025-09-04T23:20:03.409466
TN 87 1040,7428,0.0,0.0,149.35,03/09/2025 20:18:30,13.01039,80.00386666666667,00386666666667,2025-09-04T23:20:03.409656
TN 87 1040,7428,0.0,0.0,149.35,03/09/2025 20:18:18,13.01039,80.00386666666667,00386666666667,2025-09-04T23:20:03.409865
TN 87 1040,7428,0.0,0.0,149.36,03/09/2025 20:18:08,13.01039,80.00386666666667,00386666666667,2025-09-04T23:20:03.410040
TN 87 1040,7428,0.0,0.0,149.37,03/09/2025 20:17:58,13.01039,80.00386666666667,00386666666667,2025-09-04T23:20:03.410219
TN 87 1040,7428,0.0,0.0,149.36,03/09/2025 20:17:48,13.01039,80.00386666666667,00386666666667,2025-09-04T23:20:03.410404
TN 87 1040,7428,0.0,0.0,149.36,03/09/2025 20:17:38,13.01039,80.00386666666667,00386666666667,2025-09-04T23:20:03.410572
TN 87 1040,7428,0.0,0.0,149.36,03/09/2025 20:17:32,13.01039,80.00386666666667,00386666666667,2025-09-04T23:20:03.410743
TN 87 1040,7428,0.0,0.0,149.36,03/09/2025 20:17:19,13.01039,80.00386666666667,00386666666667,2025-09-04T23:20:03.410985
TN 87 1040,7428,0.0,0.0,149.36,03/09/2025 20:17:09,13.01039,80.00386666666667,00386666666667,2025-09-04T23:20:03.411175
TN 87 1040,7428,0.0,0.0,149.36,03/09/2025 20:16:59,13.01039,80.00386666666667,00386666666667,2025-09-04T23:20:03.411362
TN 87 1040,7428,0.0,0.0,149.38,03/09/2025 20:16:49,13.01039,80.00386666666667,00386666666667,2025-09-04T23:20:03.411537
TN 87 1040,7428,0.0,0.0,149.38,03/09/2025 20:16:39,13.01039,80.00386666666667,00386666666667,2025-09-04T23:20:03.411701
TN 87 1040,7428,0.0,0.0,149.38,03/09/2025 20:16:33,13.01039,80.00386666666667,00386666666667,2025-09-04T23:20:03.411868
TN 87 1040,7428,0.0,0.0,149.37,03/09/2025 20:16:20,13.01039,80.00386666666667,00386666666667,2025-09-04T23:20:03.412029
TN 87 1040,7428,0.0,0.0,149.37,03/09/2025 20:16:10,13.01039,80.00386666666667,00386666666667,2025-09-04T23:20:03.412203
TN 87 1040,7428,0.0,0.0,149.36,03/09/2025 20:16:00,13.01039,80.00386666666667,00386666666667,2025-09-04T23:20:03.412373
TN 87 1040,7428,0.0,0.0,149.38,03/09/2025 20:15:50,13.01039,80.00386666666667,00386666666667,2025-09-04T23:20:03.412519
TN 87 1040,7428,0.0,0.0,149.38,03/09/2025 20:15:40,13.01039,80.00386666666667,00386666666667,2025-09-04T23:20:03.412699
TN 87 1040,7428,0.0,0.0,149.39,03/09/2025 20:15:33,13.01039,80.00386666666667,00386666666667,2025-09-04T23:20:03.413144
TN 87 1040,7428,0.0,0.0,149.4,03/09/2025 20:15:21,13.01039,80.00386666666667,00386666666667,2025-09-04T23:20:03.413346
TN 87 1040,7428,0.0,0.0,149.38,03/09/2025 20:15:10,13.01039,80.00386666666667,00386666666667,2025-09-04T23:20:03.413527
TN 87 1040,7428,0.0,0.0,149.38,03/09/2025 20:15:01,13.01039,80.00386666666667,00386666666667,2025-09-04T23:20:03.413729
TN 87 1040,7428,0.0,0.0,149.39,03/09/2025 20:14:51,13.01039,80.00386666666667,00386666666667,2025-09-04T23:20:03.413939
TN 87 1040,7428,0.0,0.0,149.39,03/09/2025 20:14:41,13.01039,80.00386666666667,00386666666667,2025-09-04T23:20:03.414144
TN 87 1040,7428,0.0,0.0,149.39,03/09/2025 20:14:34,13.01039,80.00386666666667,00386666666667,2025-09-04T23:20:03.414359
TN 87 1040,7428,0.0,0.0,149.39,03/09/2025 20:14:21,13.01039,80.00386666666667,00386666666667,2025-09-04T23:20:03.414572
TN 87 1040,7428,0.0,0.0,149.39,03/09/2025 20:14:11,13.01039,80.00386666666667,00386666666667,2025-09-04T23:20:03.414756
TN 87 1040,7428,0.0,0.0,149.39,03/09/2025 20:14:02,13.01039,80.00386666666667,00386666666667,2025-09-04T23:20:03.414990
TN 87 1040,7428,0.0,0.0,149.4,03/09/2025 20:13:52,13.01039,80.00386666666667,00386666666667,2025-09-04T23:20:03.415198
TN 87 1040,7428,0.0,0.0,149.4,03/09/2025 20:13:43,13.01039,80.00386666666667,00386666666667,2025-09-04T23:20:03.415376
TN 87 1040,7428,0.0,0.0,149.4,03/09/2025 20:13:35,13.01039,80.00386666666667,00386666666667,2025-09-04T23:20:03.415617
TN 87 1040,7428,0.0,0.0,149.4,03/09/2025 20:13:22,13.01039,80.00386666666667,00386666666667,2025-09-04T23:20:03.415820
TN 87 1040,7428,0.0,0.0,149.41,03/09/2025 20:13:12,13.01039,80.00386666666667,00386666666667,2025-09-04T23:20:03.416005
TN 87 1040,7428,0.0,0.0,149.41,03/09/2025 20:13:02,13.01039,80.00386666666667,00386666666667,2025-09-04T23:20:03.416208
TN 87 1040,7428,0.0,0.0,149.42,03/09/2025 20:12:53,13.01039,80.00386666666667,00386666666667,2025-09-04T23:20:03.416374
TN 87 1040,7428,0.0,0.0,149.39,03/09/2025 20:12:43,13.01039,80.00386666666667,00386666666667,2025-09-04T23:20:03.416519
TN 87 1040,7428,0.0,0.0,149.39,03/09/2025 20:12:36,13.01039,80.00386666666667,00386666666667,2025-09-04T23:20:03.416678
TN 87 1040,7428,0.0,0.0,149.39,03/09/2025 20:12:23,13.01039,80.00386666666667,00386666666667,2025-09-04T23:20:03.416838
TN 87 1040,7428,0.0,0.0,149.39,03/09/2025 20:12:13,13.01039,80.00386666666667,00386666666667,2025-09-04T23:20:03.416983
TN 87 1040,7428,0.0,0.0,149.41,03/09/2025 20:12:04,13.01039,80.00386666666667,00386666666667,2025-09-04T23:20:03.417127
TN 87 1040,7428,0.0,0.0,149.4,03/09/2025 20:11:53,13.01039,80.00386666666667,00386666666667,2025-09-04T23:20:03.417269
TN 87 1040,7428,0.0,0.0,149.4,03/09/2025 20:11:44,13.01039,80.00386666666667,00386666666667,2025-09-04T23:20:03.417410
TN 87 1040,7428,0.0,0.0,149.4,03/09/2025 20:11:38,13.01039,80.00386666666667,00386666666667,2025-09-04T23:20:03.417544
TN 87 1040,7428,0.0,0.0,149.4,03/09/2025 20:11:24,13.01039,80.00386666666667,00386666666667,2025-09-04T23:20:03.417681
TN 87 1040,7428,0.0,0.0,149.41,03/09/2025 20:11:15,13.01039,80.00386666666667,00386666666667,2025-09-04T23:20:03.417840
TN 87 1040,7428,0.0,0.0,149.41,03/09/2025 20:11:04,13.01039,80.00386666666667,00386666666667,2025-09-04T23:20:03.417982
TN 87 1040,7428,0.0,0.0,149.41,03/09/2025 20:10:54,13.01039,80.00386666666667,00386666666667,2025-09-04T23:20:03.418118
TN 87 1040,7428,0.0,0.0,149.43,03/09/2025 20:10:44,13.01039,80.00386666666667,00386666666667,2025-09-04T23:20:03.418263
TN 87 1040,7428,0.0,0.0,149.43,03/09/2025 20:10:37,13.01039,80.00386666666667,00386666666667,2025-09-04T23:20:03.418433
TN 87 1040,7428,0.0,0.0,149.43,03/09/2025 20:10:25,13.01039,80.00386666666667,00386666666667,2025-09-04T23:20:03.418579
TN 87 1040,7428,0.0,0.0,149.42,03/09/2025 20:10:15,13.01039,80.00386666666667,00386666666667,2025-09-04T23:20:03.418717
TN 87 1040,7428,0.0,0.0,149.43,03/09/2025 20:10:05,13.01039,80.00386666666667,00386666666667,2025-09-04T23:20:03.418920
TN 87 1040,7428,0.0,0.0,149.42,03/09/2025 20:09:55,13.01039,80.00386666666667,00386666666667,2025-09-04T23:20:03.419130
TN 87 1040,7428,0.0,0.0,149.43,03/09/2025 20:09:45,13.01039,80.00386666666667,00386666666667,2025-09-04T23:20:03.419318
TN 87 1040,7428,0.0,0.0,149.43,03/09/2025 20:09:38,13.01039,80.00386666666667,00386666666667,2025-09-04T23:20:03.419518
TN 87 1040,7428,0.0,0.0,149.44,03/09/2025 20:09:26,13.01039,80.00386666666667,00386666666667,2025-09-04T23:20:03.419715
TN 87 1040,7428,0.0,0.0,149.45,03/09/2025 20:09:16,13.01039,80.00386666666667,00386666666667,2025-09-04T23:20:03.419897
TN 87 1040,7428,0.0,0.0,149.44,03/09/2025 20:09:06,13.01039,80.00386666666667,00386666666667,2025-09-04T23:20:03.420096
TN 87 1040,7428,0.0,0.0,149.43,03/09/2025 20:08:56,13.01039,80.00386666666667,00386666666667,2025-09-04T23:20:03.420310
TN 87 1040,7428,0.0,0.0,149.44,03/09/2025 20:08:47,13.01039,80.00386666666667,00386666666667,2025-09-04T23:20:03.420495
TN 87 1040,7428,0.0,0.0,149.44,03/09/2025 20:08:39,13.01039,80.00386666666667,00386666666667,2025-09-04T23:20:03.420665
TN 87 1040,7428,0.0,0.0,149.44,03/09/2025 20:08:27,13.01039,80.00386666666667,00386666666667,2025-09-04T23:20:03.420858
TN 87 1040,7428,0.0,0.0,149.44,03/09/2025 20:08:17,13.01039,80.00386666666667,00386666666667,2025-09-04T23:20:03.421038
TN 87 1040,7428,0.0,0.0,149.46,03/09/2025 20:08:07,13.01039,80.00386666666667,00386666666667,2025-09-04T23:20:03.421220
TN 87 1040,7428,0.0,0.0,149.43,03/09/2025 20:07:57,13.01039,80.00386666666667,00386666666667,2025-09-04T23:20:03.421387
TN 87 1040,7428,0.0,0.0,149.43,03/09/2025 20:07:47,13.01039,80.00386666666667,00386666666667,2025-09-04T23:20:03.421561
TN 87 1040,7428,0.0,0.0,149.42,03/09/2025 20:07:40,13.01039,80.00386666666667,00386666666667,2025-09-04T23:20:03.421731
TN 87 1040,7428,0.0,0.0,149.42,03/09/2025 20:07:27,13.01039,80.00386666666667,00386666666667,2025-09-04T23:20:03.421887
TN 87 1040,7428,0.0,0.0,149.44,03/09/2025 20:07:18,13.01039,80.00386666666667,00386666666667,2025-09-04T23:20:03.422055
TN 87 1040,7428,0.0,0.0,149.44,03/09/2025 20:07:08,13.01039,80.00386666666667,00386666666667,2025-09-04T23:20:03.422186
TN 87 1040,7428,0.0,0.0,149.44,03/09/2025 20:06:58,13.01039,80.00386666666667,00386666666667,2025-09-04T23:20:03.422321
TN 87 1040,7428,0.0,0.0,149.44,03/09/2025 20:06:48,13.01039,80.00386666666667,00386666666667,2025-09-04T23:20:03.422498
TN 87 1040,7428,0.0,0.0,149.45,03/09/2025 20:06:42,13.01039,80.00386666666667,00386666666667,2025-09-04T23:20:03.422678
TN 87 1040,7428,0.0,0.0,149.45,03/09/2025 20:06:28,13.01039,80.00386666666667,00386666666667,2025-09-04T23:20:03.422842
TN 87 1040,7428,0.0,0.0,149.44,03/09/2025 20:06:19,13.01039,80.00386666666667,00386666666667,2025-09-04T23:20:03.422992
TN 87 1040,7428,0.0,0.0,149.44,03/09/2025 20:06:09,13.01039,80.00386666666667,00386666666667,2025-09-04T23:20:03.423165
TN 87 1040,7428,0.0,0.0,149.43,03/09/2025 20:05:59,13.01039,80.00386666666667,00386666666667,2025-09-04T23:20:03.423310
TN 87 1040,7428,0.0,0.0,149.44,03/09/2025 20:05:49,13.01039,80.00386666666667,00386666666667,2025-09-04T23:20:03.423482
TN 87 1040,7428,0.0,0.0,149.44,03/09/2025 20:05:43,13.01039,80.00386666666667,00386666666667,2025-09-04T23:20:03.423650
TN 87 1040,7428,0.0,0.0,149.44,03/09/2025 20:05:29,13.01039,80.00386666666667,00386666666667,2025-09-04T23:20:03.423809
TN 87 1040,7428,0.0,0.0,149.44,03/09/2025 20:05:20,13.01039,80.00386666666667,00386666666667,2025-09-04T23:20:03.423957
TN 87 1040,7428,0.0,0.0,149.44,03/09/2025 20:05:10,13.01039,80.00386666666667,00386666666667,2025-09-04T23:20:03.424131
TN 87 1040,7428,0.0,0.0,149.45,03/09/2025 20:05:00,13.01039,80.00386666666667,00386666666667,2025-09-04T23:20:03.424265
TN 87 1040,7428,0.0,0.0,149.48,03/09/2025 20:04:50,13.01039,80.00386666666667,00386666666667,2025-09-04T23:20:03.424396
TN 87 1040,7428,0.0,0.0,149.48,03/09/2025 20:04:43,13.01039,80.00386666666667,00386666666667,2025-09-04T23:20:03.424568
TN 87 1040,7428,0.0,0.0,149.49,03/09/2025 20:04:31,13.01039,80.00386666666667,00386666666667,2025-09-04T23:20:03.424808
TN 87 1040,7428,0.0,0.0,149.47,03/09/2025 20:04:20,13.01039,80.00386666666667,00386666666667,2025-09-04T23:20:03.425008
TN 87 1040,7428,0.0,0.0,149.47,03/09/2025 20:04:10,13.01039,80.00386666666667,00386666666667,2025-09-04T23:20:03.425209
TN 87 1040,7428,0.0,0.0,149.47,03/09/2025 20:04:01,13.01039,80.00386666666667,00386666666667,2025-09-04T23:20:03.425397
TN 87 1040,7428,0.0,0.0,149.46,03/09/2025 20:03:51,13.01039,80.00386666666667,00386666666667,2025-09-04T23:20:03.425600
TN 87 1040,7428,0.0,0.0,149.46,03/09/2025 20:03:44,13.01039,80.00386666666667,00386666666667,2025-09-04T23:20:03.425787
TN 87 1040,7428,0.0,0.0,149.46,03/09/2025 20:03:31,13.01039,80.00386666666667,00386666666667,2025-09-04T23:20:03.425971
TN 87 1040,7428,0.0,0.0,149.46,03/09/2025 20:03:21,13.01039,80.00386666666667,00386666666667,2025-09-04T23:20:03.426141
TN 87 1040,7428,0.0,0.0,149.46,03/09/2025 20:03:11,13.01039,80.00386666666667,00386666666667,2025-09-04T23:20:03.426386
TN 87 1040,7428,0.0,0.0,149.46,03/09/2025 20:03:01,13.01039,80.00386666666667,00386666666667,2025-09-04T23:20:03.426577
TN 87 1040,7428,0.0,0.0,149.47,03/09/2025 20:02:52,13.01039,80.00386666666667,00386666666667,2025-09-04T23:20:03.426813
TN 87 1040,7428,0.0,0.0,149.46,03/09/2025 20:02:45,13.01039,80.00386666666667,00386666666667,2025-09-04T23:20:03.427020
TN 87 1040,7428,0.0,0.0,149.45,03/09/2025 20:02:32,13.01039,80.00386666666667,00386666666667,2025-09-04T23:20:03.427198
TN 87 1040,7428,0.0,0.0,149.46,03/09/2025 20:02:22,13.01039,80.00386666666667,00386666666667,2025-09-04T23:20:03.427405
TN 87 1040,7428,0.0,0.0,149.46,03/09/2025 20:02:12,13.01039,80.00386666666667,00386666666667,2025-09-04T23:20:03.427610
TN 87 1040,7428,0.0,0.0,149.46,03/09/2025 20:02:03,13.01039,80.00386666666667,00386666666667,2025-09-04T23:20:03.427835
TN 87 1040,7428,0.0,0.0,149.44,03/09/2025 20:01:52,13.01039,80.00386666666667,00386666666667,2025-09-04T23:20:03.428057
TN 87 1040,7428,0.0,0.0,149.46,03/09/2025 20:01:45,13.01039,80.00386666666667,00386666666667,2025-09-04T23:20:03.428253
TN 87 1040,7428,0.0,0.0,149.46,03/09/2025 20:01:33,13.01039,80.00386666666667,00386666666667,2025-09-04T23:20:03.428456
TN 87 1040,7428,0.0,0.0,149.47,03/09/2025 20:01:23,13.01039,80.00386666666667,00386666666667,2025-09-04T23:20:03.428633
TN 87 1040,7428,0.0,0.0,149.46,03/09/2025 20:01:14,13.01039,80.00386666666667,00386666666667,2025-09-04T23:20:03.428845
TN 87 1040,7428,0.0,0.0,149.47,03/09/2025 20:01:03,13.01039,80.00386666666667,00386666666667,2025-09-04T23:20:03.429042
TN 87 1040,7428,0.0,0.0,149.47,03/09/2025 20:00:53,13.01039,80.00386666666667,00386666666667,2025-09-04T23:20:03.429208
TN 87 1040,7428,0.0,0.0,149.46,03/09/2025 20:00:47,13.01039,80.00386666666667,00386666666667,2025-09-04T23:20:03.429377
TN 87 1040,7428,0.0,0.0,149.46,03/09/2025 20:00:34,13.01039,80.00386666666667,00386666666667,2025-09-04T23:20:03.429589
TN 87 1040,7428,0.0,0.0,149.45,03/09/2025 20:00:24,13.01039,80.00386666666667,00386666666667,2025-09-04T23:20:03.429775
TN 87 1040,7428,0.0,0.0,149.46,03/09/2025 20:00:14,13.01039,80.00386666666667,00386666666667,2025-09-04T23:20:03.429962
TN 87 1040,7428,0.0,0.0,149.46,03/09/2025 20:00:04,13.01039,80.00386666666667,00386666666667,2025-09-04T23:20:03.430143
TN 87 1040,7428,0.0,0.0,149.47,03/09/2025 19:59:54,13.01039,80.00386666666667,00386666666667,2025-09-04T23:20:03.430343
TN 87 1040,7428,0.0,0.0,149.48,03/09/2025 19:59:47,13.01039,80.00386666666667,00386666666667,2025-09-04T23:20:03.430513
TN 87 1040,7428,0.0,0.0,149.43,03/09/2025 19:59:35,13.01039,80.00386666666667,00386666666667,2025-09-04T23:20:03.430684
TN 87 1040,7428,0.0,0.0,149.42,03/09/2025 19:59:25,13.01039,80.00386666666667,00386666666667,2025-09-04T23:20:03.430873
TN 87 1040,7428,0.0,0.0,149.44,03/09/2025 19:59:15,13.01039,80.00386666666667,00386666666667,2025-09-04T23:20:03.431076
TN 87 1040,7428,0.0,0.0,149.46,03/09/2025 19:59:05,13.01039,80.00386666666667,00386666666667,2025-09-04T23:20:03.431272
TN 87 1040,7428,0.0,0.0,149.46,03/09/2025 19:58:55,13.01039,80.00386666666667,00386666666667,2025-09-04T23:20:03.431453
TN 87 1040,7428,0.0,0.0,149.46,03/09/2025 19:58:48,13.01039,80.00386666666667,00386666666667,2025-09-04T23:20:03.431602
TN 87 1040,7428,0.0,0.0,149.46,03/09/2025 19:58:35,13.01039,80.00386666666667,00386666666667,2025-09-04T23:20:03.431754
TN 87 1040,7428,0.0,0.0,149.46,03/09/2025 19:58:26,13.01039,80.00386666666667,00386666666667,2025-09-04T23:20:03.431908
TN 87 1040,7428,0.0,0.0,149.46,03/09/2025 19:58:16,13.01039,80.00386666666667,00386666666667,2025-09-04T23:20:03.432070
TN 87 1040,7428,0.0,0.0,149.45,03/09/2025 19:58:06,13.01039,80.00386666666667,00386666666667,2025-09-04T23:20:03.432250
TN 87 1040,7428,0.0,0.0,149.48,03/09/2025 19:57:56,13.01039,80.00386666666667,00386666666667,2025-09-04T23:20:03.432427
TN 87 1040,7428,0.0,0.0,149.49,03/09/2025 19:57:49,13.01039,80.00386666666667,00386666666667,2025-09-04T23:20:03.432611
TN 87 1040,7428,0.0,0.0,149.48,03/09/2025 19:57:36,13.01039,80.00386666666667,00386666666667,2025-09-04T23:20:03.432794
TN 87 1040,7428,0.0,0.0,149.44,03/09/2025 19:57:26,13.01039,80.00386666666667,00386666666667,2025-09-04T23:20:03.432996
TN 87 1040,7428,0.0,0.0,149.42,03/09/2025 19:57:17,13.01039,80.00386666666667,00386666666667,2025-09-04T23:20:03.433192
TN 87 1040,7428,0.0,0.0,149.44,03/09/2025 19:57:07,13.01039,80.00386666666667,00386666666667,2025-09-04T23:20:03.433394
TN 87 1040,7428,0.0,0.0,149.41,03/09/2025 19:56:57,13.01039,80.00386666666667,00386666666667,2025-09-04T23:20:03.433563
TN 87 1040,7428,0.0,0.0,149.41,03/09/2025 19:56:50,13.01039,80.00386666666667,00386666666667,2025-09-04T23:20:03.433727
TN 87 1040,7428,0.0,0.0,149.41,03/09/2025 19:56:37,13.01039,80.00386666666667,00386666666667,2025-09-04T23:20:03.433891
TN 87 1040,7428,0.0,0.0,149.44,03/09/2025 19:56:27,13.01039,80.00386666666667,00386666666667,2025-09-04T23:20:03.434067
TN 87 1040,7428,0.0,0.0,149.44,03/09/2025 19:56:18,13.01039,80.00386666666667,00386666666667,2025-09-04T23:20:03.434249
TN 87 1040,7428,0.0,0.0,149.45,03/09/2025 19:56:08,13.01039,80.00386666666667,00386666666667,2025-09-04T23:20:03.434396
TN 87 1040,7428,0.0,0.0,149.44,03/09/2025 19:55:58,13.01039,80.00386666666667,00386666666667,2025-09-04T23:20:03.434572
TN 87 1040,7428,0.0,0.0,149.47,03/09/2025 19:55:51,13.01039,80.00386666666667,00386666666667,2025-09-04T23:20:03.434770
TN 87 1040,7428,0.0,0.0,149.44,03/09/2025 19:55:38,13.01039,80.00386666666667,00386666666667,2025-09-04T23:20:03.434965
TN 87 1040,7428,0.0,0.0,149.44,03/09/2025 19:55:28,13.01039,80.00386666666667,00386666666667,2025-09-04T23:20:03.435126
TN 87 1040,7428,0.0,0.0,149.44,03/09/2025 19:55:19,13.01039,80.00386666666667,00386666666667,2025-09-04T23:20:03.435310
TN 87 1040,7428,0.0,0.0,149.4,03/09/2025 19:55:09,13.01039,80.00386666666667,00386666666667,2025-09-04T23:20:03.435498
TN 87 1040,7428,0.0,0.0,149.38,03/09/2025 19:54:59,13.01039,80.00386666666667,00386666666667,2025-09-04T23:20:03.435671
TN 87 1040,7428,0.0,0.0,149.38,03/09/2025 19:54:53,13.01039,80.00386666666667,00386666666667,2025-09-04T23:20:03.435864
TN 87 1040,7428,0.0,0.0,149.38,03/09/2025 19:54:39,13.01039,80.00386666666667,00386666666667,2025-09-04T23:20:03.436040
TN 87 1040,7428,0.0,0.0,149.37,03/09/2025 19:54:30,13.01039,80.00386666666667,00386666666667,2025-09-04T23:20:03.436202
TN 87 1040,7428,0.0,0.0,149.36,03/09/2025 19:54:19,13.01039,80.00386666666667,00386666666667,2025-09-04T23:20:03.436369
TN 87 1040,7428,0.0,0.0,149.38,03/09/2025 19:54:09,13.01039,80.00386666666667,00386666666667,2025-09-04T23:20:03.436531
TN 87 1040,7428,0.0,0.0,149.36,03/09/2025 19:54:00,13.01039,80.00386666666667,00386666666667,2025-09-04T23:20:03.436704
TN 87 1040,7428,0.0,0.0,149.37,03/09/2025 19:53:52,13.01039,80.00386666666667,00386666666667,2025-09-04T23:20:03.436872
TN 87 1040,7428,0.0,0.0,149.4,03/09/2025 19:53:41,13.01039,80.00386666666667,00386666666667,2025-09-04T23:20:03.437035
TN 87 1040,7428,0.0,0.0,149.4,03/09/2025 19:53:30,13.01039,80.00386666666667,00386666666667,2025-09-04T23:20:03.437186
TN 87 1040,7428,0.0,0.0,149.4,03/09/2025 19:53:20,13.01039,80.00386666666667,00386666666667,2025-09-04T23:20:03.437359
TN 87 1040,7428,0.0,0.0,149.35,03/09/2025 19:53:10,13.01039,80.00386666666667,00386666666667,2025-09-04T23:20:03.437522
TN 87 1040,7428,0.0,0.0,149.33,03/09/2025 19:53:00,13.01039,80.00386666666667,00386666666667,2025-09-04T23:20:03.437652
TN 87 1040,7428,0.0,0.0,149.21,03/09/2025 19:52:53,13.01039,80.00386666666667,00386666666667,2025-09-04T23:20:03.437814
TN 87 1040,7428,0.0,0.0,149.3,03/09/2025 19:52:41,13.01039,80.00386666666667,00386666666667,2025-09-04T23:20:03.437980
TN 87 1040,7428,0.0,0.0,149.31,03/09/2025 19:52:31,13.01039,80.00386666666667,00386666666667,2025-09-04T23:20:03.438150
TN 87 1040,7428,0.0,0.0,149.27,03/09/2025 19:52:21,13.01039,80.00386666666667,00386666666667,2025-09-04T23:20:03.438288
TN 87 1040,7428,0.0,0.0,149.31,03/09/2025 19:52:11,13.01039,80.00386666666667,00386666666667,2025-09-04T23:20:03.438465
TN 87 1040,7428,0.0,0.0,149.31,03/09/2025 19:52:02,13.01039,80.00386666666667,00386666666667,2025-09-04T23:20:03.438632
TN 87 1040,7428,0.0,0.0,149.28,03/09/2025 19:51:54,13.01039,80.00386666666667,00386666666667,2025-09-04T23:20:03.438793
TN 87 1040,7428,0.0,0.0,149.27,03/09/2025 19:51:42,13.01039,80.00386666666667,00386666666667,2025-09-04T23:20:03.438934
TN 87 1040,7428,0.0,0.0,149.32,03/09/2025 19:51:32,13.01039,80.00386666666667,00386666666667,2025-09-04T23:20:03.439063
TN 87 1040,7428,0.0,0.0,149.31,03/09/2025 19:51:22,13.01039,80.00386666666667,00386666666667,2025-09-04T23:20:03.439209
TN 87 1040,7428,0.0,0.0,149.27,03/09/2025 19:51:13,13.01039,80.00386666666667,00386666666667,2025-09-04T23:20:03.439578
TN 87 1040,7428,0.0,0.0,149.25,03/09/2025 19:51:02,13.01039,80.00386666666667,00386666666667,2025-09-04T23:20:03.439874
TN 87 1040,7428,0.0,0.0,149.22,03/09/2025 19:50:55,13.01039,80.00386666666667,00386666666667,2025-09-04T23:20:03.440108
TN 87 1040,7428,0.0,0.0,149.22,03/09/2025 19:50:42,13.01039,80.00386666666667,00386666666667,2025-09-04T23:20:03.440307
TN 87 1040,7428,0.0,0.0,149.35,03/09/2025 19:50:33,13.01039,80.00386666666667,00386666666667,2025-09-04T23:20:03.440510
TN 87 1040,7428,0.0,0.0,149.34,03/09/2025 19:50:23,13.01039,80.00386666666667,00386666666667,2025-09-04T23:20:03.440707
TN 87 1040,7428,0.0,0.0,149.37,03/09/2025 19:50:13,13.01039,80.00386666666667,00386666666667,2025-09-04T23:20:03.440937
TN 87 1040,7428,0.0,0.0,149.24,03/09/2025 19:50:03,13.01039,80.00386666666667,00386666666667,2025-09-04T23:20:03.441143
TN 87 1040,7428,0.0,0.0,149.22,03/09/2025 19:49:57,13.01039,80.00386666666667,00386666666667,2025-09-04T23:20:03.441348
TN 87 1040,7428,0.0,0.0,149.21,03/09/2025 19:49:43,13.01039,80.00386666666667,00386666666667,2025-09-04T23:20:03.441561
TN 87 1040,7428,0.0,0.0,149.2,03/09/2025 19:49:34,13.01039,80.00386666666667,00386666666667,2025-09-04T23:20:03.441763
TN 87 1040,7428,0.0,0.0,149.19,03/09/2025 19:49:24,13.01039,80.00386666666667,00386666666667,2025-09-04T23:20:03.441963
TN 87 1040,7428,0.0,0.0,149.17,03/09/2025 19:49:14,13.01039,80.00386666666667,00386666666667,2025-09-04T23:20:03.442152
TN 87 1040,7428,0.0,0.0,149.22,03/09/2025 19:49:04,13.01039,80.00386666666667,00386666666667,2025-09-04T23:20:03.442341
TN 87 1040,7428,0.0,0.0,149.23,03/09/2025 19:48:57,13.01039,80.00386666666667,00386666666667,2025-09-04T23:20:03.442507
TN 87 1040,7428,0.0,0.0,149.24,03/09/2025 19:48:45,13.01039,80.00386666666667,00386666666667,2025-09-04T23:20:03.442676
TN 87 1040,7428,0.0,0.0,149.16,03/09/2025 19:48:34,13.01039,80.00386666666667,00386666666667,2025-09-04T23:20:03.442847
TN 87 1040,7428,0.0,0.0,149.18,03/09/2025 19:48:24,13.01039,80.00386666666667,00386666666667,2025-09-04T23:20:03.443015
TN 87 1040,7428,0.0,0.0,149.18,03/09/2025 19:48:15,13.01039,80.00386666666667,00386666666667,2025-09-04T23:20:03.443177
TN 87 1040,7428,0.0,0.0,149.2,03/09/2025 19:48:05,13.01039,80.00386666666667,00386666666667,2025-09-04T23:20:03.443308
TN 87 1040,7428,0.0,0.0,149.22,03/09/2025 19:47:58,13.01039,80.00386666666667,00386666666667,2025-09-04T23:20:03.443432
TN 87 1040,7428,0.0,0.0,149.2,03/09/2025 19:47:45,13.01039,80.00386666666667,00386666666667,2025-09-04T23:20:03.443556
TN 87 1040,7428,0.0,0.0,149.22,03/09/2025 19:47:35,13.01039,80.00386666666667,00386666666667,2025-09-04T23:20:03.443681
TN 87 1040,7428,0.0,0.0,149.2,03/09/2025 19:47:25,13.01039,80.00386666666667,00386666666667,2025-09-04T23:20:03.443833
TN 87 1040,7428,0.0,0.0,149.2,03/09/2025 19:47:16,13.01039,80.00386666666667,00386666666667,2025-09-04T23:20:03.443979
TN 87 1040,7428,0.0,0.0,149.22,03/09/2025 19:47:06,13.01039,80.00386666666667,00386666666667,2025-09-04T23:20:03.444189
TN 87 1040,7428,0.0,0.0,149.14,03/09/2025 19:46:59,13.01039,80.00386666666667,00386666666667,2025-09-04T23:20:03.444383
TN 87 1040,7428,0.0,0.0,149.14,03/09/2025 19:46:46,13.01039,80.00386666666667,00386666666667,2025-09-04T23:20:03.444545
TN 87 1040,7428,0.0,0.0,149.11,03/09/2025 19:46:36,13.01039,80.00386666666667,00386666666667,2025-09-04T23:20:03.444731
TN 87 1040,7428,0.0,0.0,149.1,03/09/2025 19:46:26,13.01039,80.00386666666667,00386666666667,2025-09-04T23:20:03.444918
TN 87 1040,7428,0.0,0.0,149.12,03/09/2025 19:46:17,13.01039,80.00386666666667,00386666666667,2025-09-04T23:20:03.445105
TN 87 1040,7428,0.0,0.0,149.11,03/09/2025 19:46:07,13.01039,80.00386666666667,00386666666667,2025-09-04T23:20:03.445276
TN 87 1040,7428,0.0,0.0,149.11,03/09/2025 19:45:59,13.01039,80.00386666666667,00386666666667,2025-09-04T23:20:03.445451
TN 87 1040,7428,0.0,0.0,149.11,03/09/2025 19:45:47,13.01039,80.00386666666667,00386666666667,2025-09-04T23:20:03.445617
TN 87 1040,7428,0.0,0.0,149.07,03/09/2025 19:45:37,13.01039,80.00386666666667,00386666666667,2025-09-04T23:20:03.445808
TN 87 1040,7428,0.0,0.0,149.07,03/09/2025 19:45:27,13.01039,80.00386666666667,00386666666667,2025-09-04T23:20:03.446024
TN 87 1040,7428,0.0,0.0,149.09,03/09/2025 19:45:18,13.01039,80.00386666666667,00386666666667,2025-09-04T23:20:03.446203
TN 87 1040,7428,0.0,0.0,149.11,03/09/2025 19:45:07,13.01039,80.00386666666667,00386666666667,2025-09-04T23:20:03.446403
TN 87 1040,7428,0.0,0.0,149.11,03/09/2025 19:45:00,13.01039,80.00386666666667,00386666666667,2025-09-04T23:20:03.446602
TN 87 1040,7428,0.0,0.0,149.09,03/09/2025 19:44:48,13.01039,80.00386666666667,00386666666667,2025-09-04T23:20:03.446768
TN 87 1040,7428,0.0,0.0,149.14,03/09/2025 19:44:38,13.01039,80.00386666666667,00386666666667,2025-09-04T23:20:03.446988
TN 87 1040,7428,0.0,0.0,149.16,03/09/2025 19:44:29,13.01039,80.00386666666667,00386666666667,2025-09-04T23:20:03.447160
TN 87 1040,7428,0.0,0.0,149.16,03/09/2025 19:44:18,13.01039,80.00386666666667,00386666666667,2025-09-04T23:20:03.447332
TN 87 1040,7428,0.0,0.0,149.1,03/09/2025 19:44:08,13.01039,80.00386666666667,00386666666667,2025-09-04T23:20:03.447503
TN 87 1040,7428,0.0,0.0,149.09,03/09/2025 19:44:02,13.01039,80.00386666666667,00386666666667,2025-09-04T23:20:03.447666
TN 87 1040,7428,0.0,0.0,149.08,03/09/2025 19:43:49,13.01039,80.00386666666667,00386666666667,2025-09-04T23:20:03.447803
TN 87 1040,7428,0.0,0.0,149.05,03/09/2025 19:43:40,13.01039,80.00386666666667,00386666666667,2025-09-04T23:20:03.447936
TN 87 1040,7428,0.0,0.0,149.05,03/09/2025 19:43:29,13.01039,80.00386666666667,00386666666667,2025-09-04T23:20:03.448069
TN 87 1040,7428,0.0,0.0,149.07,03/09/2025 19:43:19,13.01039,80.00386666666667,00386666666667,2025-09-04T23:20:03.448263
TN 87 1040,7428,0.0,0.0,149.06,03/09/2025 19:43:09,13.01039,80.00386666666667,00386666666667,2025-09-04T23:20:03.448499
TN 87 1040,7428,0.0,0.0,149.05,03/09/2025 19:43:02,13.01039,80.00386666666667,00386666666667,2025-09-04T23:20:03.448731
TN 87 1040,7428,0.0,0.0,149.06,03/09/2025 19:42:45,13.01039,80.00386666666667,00386666666667,2025-09-04T23:20:03.448923
TN 87 1040,7428,0.0,0.0,149.07,03/09/2025 19:42:35,13.01039,80.00386666666667,00386666666667,2025-09-04T23:20:03.449104
TN 87 1040,7428,0.0,0.0,149.07,03/09/2025 19:42:25,13.01039,80.00386666666667,00386666666667,2025-09-04T23:20:03.449272
TN 87 1040,7428,0.0,0.0,149.09,03/09/2025 19:42:15,13.010401666666667,80.00386,00386,2025-09-04T23:20:03.449448
TN 87 1040,7428,0.0,0.0,149.09,03/09/2025 19:41:26,13.01043,80.00388666666667,00388666666667,2025-09-04T23:20:03.449619
TN 87 1040,7428,0.0,0.0,149.08,03/09/2025 19:41:17,13.01043,80.00388666666667,00388666666667,2025-09-04T23:20:03.449834
TN 87 1040,7428,0.0,0.0,149.1,03/09/2025 19:41:06,13.01043,80.00388666666667,00388666666667,2025-09-04T23:20:03.450025
TN 87 1040,7428,0.0,0.0,149.1,03/09/2025 19:40:56,13.01043,80.00388666666667,00388666666667,2025-09-04T23:20:03.450229
TN 87 1040,7428,0.0,0.0,149.1,03/09/2025 19:40:51,13.01043,80.00388666666667,00388666666667,2025-09-04T23:20:03.450403
TN 87 1040,7428,0.0,0.0,149.12,03/09/2025 19:40:37,13.01043,80.00388666666667,00388666666667,2025-09-04T23:20:03.450582
TN 87 1040,7428,0.0,0.0,149.12,03/09/2025 19:40:28,13.01043,80.00388666666667,00388666666667,2025-09-04T23:20:03.450769
TN 87 1040,7428,0.0,0.0,149.09,03/09/2025 19:40:17,13.01043,80.00388666666667,00388666666667,2025-09-04T23:20:03.450962
TN 87 1040,7428,0.0,0.0,149.09,03/09/2025 19:40:07,13.01043,80.00388666666667,00388666666667,2025-09-04T23:20:03.451141
TN 87 1040,7428,0.0,0.0,149.09,03/09/2025 19:39:57,13.01043,80.00388666666667,00388666666667,2025-09-04T23:20:03.451311
TN 87 1040,7428,0.0,0.0,149.12,03/09/2025 19:39:50,13.01043,80.00388666666667,00388666666667,2025-09-04T23:20:03.451471
TN 87 1040,7428,0.0,0.0,149.12,03/09/2025 19:39:39,13.01043,80.00388666666667,00388666666667,2025-09-04T23:20:03.451624
TN 87 1040,7428,0.0,0.0,149.12,03/09/2025 19:39:28,13.01043,80.00388666666667,00388666666667,2025-09-04T23:20:03.451804
TN 87 1040,7428,0.0,0.0,149.11,03/09/2025 19:39:18,13.01043,80.00388666666667,00388666666667,2025-09-04T23:20:03.451985
TN 87 1040,7428,0.0,0.0,149.11,03/09/2025 19:39:08,13.01043,80.00388666666667,00388666666667,2025-09-04T23:20:03.452163
TN 87 1040,7428,0.0,0.0,149.1,03/09/2025 19:38:58,13.01043,80.00388666666667,00388666666667,2025-09-04T23:20:03.452328
TN 87 1040,7428,0.0,0.0,149.11,03/09/2025 19:38:51,13.01043,80.00388666666667,00388666666667,2025-09-04T23:20:03.452495
TN 87 1040,7428,0.0,0.0,149.11,03/09/2025 19:38:39,13.01043,80.00388666666667,00388666666667,2025-09-04T23:20:03.452841
TN 87 1040,7428,0.0,0.0,149.11,03/09/2025 19:38:29,13.01043,80.00388666666667,00388666666667,2025-09-04T23:20:03.453050
TN 87 1040,7428,0.0,0.0,149.11,03/09/2025 19:38:19,13.01043,80.00388666666667,00388666666667,2025-09-04T23:20:03.453251
TN 87 1040,7428,0.0,0.0,149.11,03/09/2025 19:38:09,13.01043,80.00388666666667,00388666666667,2025-09-04T23:20:03.453445
TN 87 1040,7428,0.0,0.0,149.1,03/09/2025 19:38:00,13.01043,80.00388666666667,00388666666667,2025-09-04T23:20:03.453637
TN 87 1040,7428,0.0,0.0,149.11,03/09/2025 19:37:52,13.01043,80.00388666666667,00388666666667,2025-09-04T23:20:03.453832
TN 87 1040,7428,0.0,0.0,149.12,03/09/2025 19:37:39,13.01043,80.00388666666667,00388666666667,2025-09-04T23:20:03.454049
TN 87 1040,7428,0.0,0.0,149.12,03/09/2025 19:37:30,13.01043,80.00388666666667,00388666666667,2025-09-04T23:20:03.454246
TN 87 1040,7428,0.0,0.0,149.12,03/09/2025 19:37:20,13.01043,80.00388666666667,00388666666667,2025-09-04T23:20:03.454451
TN 87 1040,7428,0.0,0.0,149.14,03/09/2025 19:37:11,13.01043,80.00388666666667,00388666666667,2025-09-04T23:20:03.454669
TN 87 1040,7428,0.0,0.0,149.14,03/09/2025 19:37:00,13.01043,80.00388666666667,00388666666667,2025-09-04T23:20:03.454875
TN 87 1040,7428,0.0,0.0,149.14,03/09/2025 19:36:53,13.01043,80.00388666666667,00388666666667,2025-09-04T23:20:03.455036
TN 87 1040,7428,0.0,0.0,149.14,03/09/2025 19:36:40,13.01043,80.00388666666667,00388666666667,2025-09-04T23:20:03.455203
TN 87 1040,7428,0.0,0.0,149.11,03/09/2025 19:36:30,13.01043,80.00388666666667,00388666666667,2025-09-04T23:20:03.455385
TN 87 1040,7428,0.0,0.0,149.11,03/09/2025 19:36:21,13.01043,80.00388666666667,00388666666667,2025-09-04T23:20:03.455556
TN 87 1040,7428,0.0,0.0,149.12,03/09/2025 19:36:11,13.01043,80.00388666666667,00388666666667,2025-09-04T23:20:03.455728
TN 87 1040,7428,0.0,0.0,149.12,03/09/2025 19:36:01,13.01043,80.00388666666667,00388666666667,2025-09-04T23:20:03.455885
TN 87 1040,7428,0.0,0.0,149.12,03/09/2025 19:35:55,13.01043,80.00388666666667,00388666666667,2025-09-04T23:20:03.456026
TN 87 1040,7428,0.0,0.0,149.13,03/09/2025 19:35:41,13.01043,80.00388666666667,00388666666667,2025-09-04T23:20:03.456203
TN 87 1040,7428,0.0,0.0,149.13,03/09/2025 19:35:32,13.01043,80.00388666666667,00388666666667,2025-09-04T23:20:03.456377
TN 87 1040,7428,0.0,0.0,149.14,03/09/2025 19:35:21,13.01043,80.00388666666667,00388666666667,2025-09-04T23:20:03.456563
TN 87 1040,7428,0.0,0.0,149.12,03/09/2025 19:35:12,13.01043,80.00388666666667,00388666666667,2025-09-04T23:20:03.456725
TN 87 1040,7428,0.0,0.0,149.12,03/09/2025 19:35:02,13.01043,80.00388666666667,00388666666667,2025-09-04T23:20:03.456874
TN 87 1040,7428,0.0,0.0,149.12,03/09/2025 19:34:55,13.01043,80.00388666666667,00388666666667,2025-09-04T23:20:03.457055
TN 87 1040,7428,0.0,0.0,149.11,03/09/2025 19:34:42,13.01043,80.00388666666667,00388666666667,2025-09-04T23:20:03.457230
TN 87 1040,7428,0.0,0.0,149.12,03/09/2025 19:34:32,13.01043,80.00388666666667,00388666666667,2025-09-04T23:20:03.457393
TN 87 1040,7428,0.0,0.0,149.13,03/09/2025 19:34:22,13.01043,80.00388666666667,00388666666667,2025-09-04T23:20:03.457529
TN 87 1040,7428,0.0,0.0,149.13,03/09/2025 19:34:12,13.01043,80.00388666666667,00388666666667,2025-09-04T23:20:03.457698
TN 87 1040,7428,0.0,0.0,149.14,03/09/2025 19:34:03,13.01043,80.00388666666667,00388666666667,2025-09-04T23:20:03.457861
TN 87 1040,7428,0.0,0.0,149.14,03/09/2025 19:33:56,13.01043,80.00388666666667,00388666666667,2025-09-04T23:20:03.458017
TN 87 1040,7428,0.0,0.0,149.14,03/09/2025 19:33:43,13.01043,80.00388666666667,00388666666667,2025-09-04T23:20:03.458206
TN 87 1040,7428,0.0,0.0,149.14,03/09/2025 19:33:33,13.01043,80.00388666666667,00388666666667,2025-09-04T23:20:03.458374
TN 87 1040,7428,0.0,0.0,149.13,03/09/2025 19:33:23,13.01043,80.00388666666667,00388666666667,2025-09-04T23:20:03.458536
TN 87 1040,7428,0.0,0.0,149.13,03/09/2025 19:33:13,13.01043,80.00388666666667,00388666666667,2025-09-04T23:20:03.458685
TN 87 1040,7428,0.0,0.0,149.14,03/09/2025 19:33:04,13.01043,80.00388666666667,00388666666667,2025-09-04T23:20:03.458864
TN 87 1040,7428,0.0,0.0,149.14,03/09/2025 19:32:56,13.01043,80.00388666666667,00388666666667,2025-09-04T23:20:03.459046
TN 87 1040,7428,0.0,0.0,149.14,03/09/2025 19:32:44,13.01043,80.00388666666667,00388666666667,2025-09-04T23:20:03.459240
TN 87 1040,7428,0.0,0.0,149.15,03/09/2025 19:32:34,13.01043,80.00388666666667,00388666666667,2025-09-04T23:20:03.459430
TN 87 1040,7428,0.0,0.0,149.14,03/09/2025 19:32:24,13.01043,80.00388666666667,00388666666667,2025-09-04T23:20:03.459638
TN 87 1040,7428,0.0,0.0,149.14,03/09/2025 19:32:14,13.01043,80.00388666666667,00388666666667,2025-09-04T23:20:03.459879
TN 87 1040,7428,0.0,0.0,149.14,03/09/2025 19:32:04,13.01043,80.00388666666667,00388666666667,2025-09-04T23:20:03.460106
TN 87 1040,7428,0.0,0.0,149.14,03/09/2025 19:31:57,13.01043,80.00388666666667,00388666666667,2025-09-04T23:20:03.460315
TN 87 1040,7428,0.0,0.0,149.16,03/09/2025 19:31:45,13.01043,80.00388666666667,00388666666667,2025-09-04T23:20:03.460510
TN 87 1040,7428,0.0,0.0,149.16,03/09/2025 19:31:35,13.01043,80.00388666666667,00388666666667,2025-09-04T23:20:03.460705
TN 87 1040,7428,0.0,0.0,149.16,03/09/2025 19:31:25,13.01043,80.00388666666667,00388666666667,2025-09-04T23:20:03.460894
TN 87 1040,7428,0.0,0.0,149.15,03/09/2025 19:31:16,13.01043,80.00388666666667,00388666666667,2025-09-04T23:20:03.461085
TN 87 1040,7428,0.0,0.0,149.15,03/09/2025 19:31:05,13.01043,80.00388666666667,00388666666667,2025-09-04T23:20:03.461261
TN 87 1040,7428,0.0,0.0,149.15,03/09/2025 19:30:58,13.01043,80.00388666666667,00388666666667,2025-09-04T23:20:03.461425
TN 87 1040,7428,0.0,0.0,149.15,03/09/2025 19:30:46,13.01043,80.00388666666667,00388666666667,2025-09-04T23:20:03.461569
TN 87 1040,7428,0.0,0.0,149.16,03/09/2025 19:30:36,13.01043,80.00388666666667,00388666666667,2025-09-04T23:20:03.461746
TN 87 1040,7428,0.0,0.0,149.16,03/09/2025 19:30:27,13.01043,80.00388666666667,00388666666667,2025-09-04T23:20:03.461936
TN 87 1040,7428,0.0,0.0,149.16,03/09/2025 19:30:16,13.01043,80.00388666666667,00388666666667,2025-09-04T23:20:03.462113
TN 87 1040,7428,0.0,0.0,149.16,03/09/2025 19:30:06,13.01043,80.00388666666667,00388666666667,2025-09-04T23:20:03.462272
TN 87 1040,7428,0.0,0.0,149.16,03/09/2025 19:30:00,13.01043,80.00388666666667,00388666666667,2025-09-04T23:20:03.462442
TN 87 1040,7428,0.0,0.0,149.16,03/09/2025 19:29:46,13.01043,80.00388666666667,00388666666667,2025-09-04T23:20:03.462611
TN 87 1040,7428,0.0,0.0,149.18,03/09/2025 19:29:37,13.01043,80.00388666666667,00388666666667,2025-09-04T23:20:03.462785
TN 87 1040,7428,0.0,0.0,149.21,03/09/2025 19:29:27,13.01043,80.00388666666667,00388666666667,2025-09-04T23:20:03.462948
TN 87 1040,7428,0.0,0.0,149.18,03/09/2025 19:29:17,13.01043,80.00388666666667,00388666666667,2025-09-04T23:20:03.463113
TN 87 1040,7428,0.0,0.0,149.18,03/09/2025 19:29:07,13.01043,80.00388666666667,00388666666667,2025-09-04T23:20:03.463273
TN 87 1040,7428,0.0,0.0,149.18,03/09/2025 19:29:00,13.01043,80.00388666666667,00388666666667,2025-09-04T23:20:03.463413
TN 87 1040,7428,0.0,0.0,149.18,03/09/2025 19:28:48,13.01043,80.00388666666667,00388666666667,2025-09-04T23:20:03.463539
TN 87 1040,7428,0.0,0.0,149.18,03/09/2025 19:28:37,13.01043,80.00388666666667,00388666666667,2025-09-04T23:20:03.463676
TN 87 1040,7428,0.0,0.0,149.2,03/09/2025 19:28:28,13.01043,80.00388666666667,00388666666667,2025-09-04T23:20:03.463855
TN 87 1040,7428,0.0,0.0,149.18,03/09/2025 19:28:18,13.01043,80.00388666666667,00388666666667,2025-09-04T23:20:03.464027
TN 87 1040,7428,0.0,0.0,149.18,03/09/2025 19:28:08,13.01043,80.00388666666667,00388666666667,2025-09-04T23:20:03.464188
TN 87 1040,7428,0.0,0.0,149.18,03/09/2025 19:28:01,13.01043,80.00388666666667,00388666666667,2025-09-04T23:20:03.464321
TN 87 1040,7428,0.0,0.0,149.18,03/09/2025 19:27:48,13.01043,80.00388666666667,00388666666667,2025-09-04T23:20:03.464457
TN 87 1040,7428,0.0,0.0,149.18,03/09/2025 19:27:38,13.01043,80.00388666666667,00388666666667,2025-09-04T23:20:03.464695
TN 87 1040,7428,0.0,0.0,149.19,03/09/2025 19:27:28,13.01043,80.00388666666667,00388666666667,2025-09-04T23:20:03.464928
TN 87 1040,7428,0.0,0.0,149.2,03/09/2025 19:27:19,13.01043,80.00388666666667,00388666666667,2025-09-04T23:20:03.465135
TN 87 1040,7428,0.0,0.0,149.22,03/09/2025 19:27:09,13.01043,80.00388666666667,00388666666667,2025-09-04T23:20:03.465328
TN 87 1040,7428,0.0,0.0,149.22,03/09/2025 19:27:02,13.01043,80.00388666666667,00388666666667,2025-09-04T23:20:03.465523
TN 87 1040,7428,0.0,0.0,149.2,03/09/2025 19:26:49,13.01043,80.00388666666667,00388666666667,2025-09-04T23:20:03.465679
TN 87 1040,7428,0.0,0.0,149.19,03/09/2025 19:26:39,13.01043,80.00388666666667,00388666666667,2025-09-04T23:20:03.465861
TN 87 1040,7428,0.0,0.0,149.19,03/09/2025 19:26:29,13.01043,80.00388666666667,00388666666667,2025-09-04T23:20:03.466034
TN 87 1040,7428,0.0,0.0,149.2,03/09/2025 19:26:20,13.01043,80.00388666666667,00388666666667,2025-09-04T23:20:03.466207
TN 87 1040,7428,0.0,0.0,149.2,03/09/2025 19:26:10,13.01043,80.00388666666667,00388666666667,2025-09-04T23:20:03.466467
TN 87 1040,7428,0.0,0.0,149.19,03/09/2025 19:26:03,13.01043,80.00388666666667,00388666666667,2025-09-04T23:20:03.466688
TN 87 1040,7428,0.0,0.0,149.19,03/09/2025 19:25:50,13.01043,80.00388666666667,00388666666667,2025-09-04T23:20:03.466926
TN 87 1040,7428,0.0,0.0,149.19,03/09/2025 19:25:40,13.01043,80.00388666666667,00388666666667,2025-09-04T23:20:03.467170
TN 87 1040,7428,0.0,0.0,149.22,03/09/2025 19:25:31,13.01043,80.00388666666667,00388666666667,2025-09-04T23:20:03.467359
TN 87 1040,7428,0.0,0.0,149.23,03/09/2025 19:25:20,13.01043,80.00388666666667,00388666666667,2025-09-04T23:20:03.467572
TN 87 1040,7428,0.0,0.0,149.22,03/09/2025 19:25:11,13.01043,80.00388666666667,00388666666667,2025-09-04T23:20:03.467842
TN 87 1040,7428,0.0,0.0,149.22,03/09/2025 19:25:05,13.01043,80.00388666666667,00388666666667,2025-09-04T23:20:03.468053
TN 87 1040,7428,0.0,0.0,149.21,03/09/2025 19:24:51,13.01043,80.00388666666667,00388666666667,2025-09-04T23:20:03.468271
TN 87 1040,7428,0.0,0.0,149.2,03/09/2025 19:24:41,13.01043,80.00388666666667,00388666666667,2025-09-04T23:20:03.468449
TN 87 1040,7428,0.0,0.0,149.25,03/09/2025 19:24:31,13.01043,80.00388666666667,00388666666667,2025-09-04T23:20:03.468626
TN 87 1040,7428,0.0,0.0,149.24,03/09/2025 19:24:21,13.01043,80.00388666666667,00388666666667,2025-09-04T23:20:03.468813
TN 87 1040,7428,0.0,0.0,149.25,03/09/2025 19:24:11,13.01043,80.00388666666667,00388666666667,2025-09-04T23:20:03.468967
TN 87 1040,7428,0.0,0.0,149.25,03/09/2025 19:24:04,13.01043,80.00388666666667,00388666666667,2025-09-04T23:20:03.469123
TN 87 1040,7428,0.0,0.0,149.25,03/09/2025 19:23:52,13.01043,80.00388666666667,00388666666667,2025-09-04T23:20:03.469264
TN 87 1040,7428,0.0,0.0,149.23,03/09/2025 19:23:42,13.01043,80.00388666666667,00388666666667,2025-09-04T23:20:03.469397
TN 87 1040,7428,0.0,0.0,149.23,03/09/2025 19:23:32,13.01043,80.00388666666667,00388666666667,2025-09-04T23:20:03.469567
TN 87 1040,7428,0.0,0.0,149.25,03/09/2025 19:23:22,13.01043,80.00388666666667,00388666666667,2025-09-04T23:20:03.469746
TN 87 1040,7428,0.0,0.0,149.24,03/09/2025 19:23:12,13.01043,80.00388666666667,00388666666667,2025-09-04T23:20:03.469946
TN 87 1040,7428,0.0,0.0,149.22,03/09/2025 19:23:05,13.01043,80.00388666666667,00388666666667,2025-09-04T23:20:03.470132
TN 87 1040,7428,0.0,0.0,149.22,03/09/2025 19:22:53,13.01043,80.00388666666667,00388666666667,2025-09-04T23:20:03.470320
TN 87 1040,7428,0.0,0.0,149.22,03/09/2025 19:22:43,13.01043,80.00388666666667,00388666666667,2025-09-04T23:20:03.470484
TN 87 1040,7428,0.0,0.0,149.22,03/09/2025 19:22:33,13.010428333333333,80.003885,003885,2025-09-04T23:20:03.470669
TN 87 1040,7428,0.0,0.0,149.25,03/09/2025 19:22:23,13.010555,80.00385166666666,00385166666666,2025-09-04T23:20:03.470859
TN 87 1040,7428,0.0,0.0,149.25,03/09/2025 19:22:13,13.010555,80.00385166666666,00385166666666,2025-09-04T23:20:03.471052
TN 87 1040,7428,0.0,0.0,149.25,03/09/2025 19:22:06,13.010555,80.00385166666666,00385166666666,2025-09-04T23:20:03.471246
TN 87 1040,7428,0.0,0.0,149.25,03/09/2025 19:21:53,13.010555,80.00385166666666,00385166666666,2025-09-04T23:20:03.471448
TN 87 1040,7428,0.0,0.0,149.24,03/09/2025 19:21:44,13.010555,80.00385166666666,00385166666666,2025-09-04T23:20:03.471631
TN 87 1040,7428,0.0,0.0,149.24,03/09/2025 19:21:34,13.010555,80.00385166666666,00385166666666,2025-09-04T23:20:03.471785
TN 87 1040,7428,0.0,0.0,149.25,03/09/2025 19:21:24,13.010555,80.00385166666666,00385166666666,2025-09-04T23:20:03.471965
TN 87 1040,7428,0.0,0.0,149.23,03/09/2025 19:21:14,13.010555,80.00385166666666,00385166666666,2025-09-04T23:20:03.472125
TN 87 1040,7428,0.0,0.0,149.23,03/09/2025 19:21:07,13.010555,80.00385166666666,00385166666666,2025-09-04T23:20:03.472274
TN 87 1040,7428,0.0,0.0,149.22,03/09/2025 19:20:54,13.010555,80.00385166666666,00385166666666,2025-09-04T23:20:03.472453
TN 87 1040,7428,0.0,0.0,149.22,03/09/2025 19:20:44,13.010555,80.00385166666666,00385166666666,2025-09-04T23:20:03.472623
TN 87 1040,7428,0.0,0.0,149.24,03/09/2025 19:20:35,13.010555,80.00385166666666,00385166666666,2025-09-04T23:20:03.472803
TN 87 1040,7428,0.0,0.0,149.24,03/09/2025 19:20:26,13.010555,80.00385166666666,00385166666666,2025-09-04T23:20:03.472975
TN 87 1040,7428,0.0,0.0,149.25,03/09/2025 19:20:15,13.010555,80.00385166666666,00385166666666,2025-09-04T23:20:03.473145
TN 87 1040,7428,0.0,0.0,149.25,03/09/2025 19:20:08,13.010555,80.00385166666666,00385166666666,2025-09-04T23:20:03.473311
TN 87 1040,7428,0.0,0.0,149.24,03/09/2025 19:19:55,13.010555,80.00385166666666,00385166666666,2025-09-04T23:20:03.473473
TN 87 1040,7428,0.0,0.0,149.23,03/09/2025 19:19:45,13.010555,80.00385166666666,00385166666666,2025-09-04T23:20:03.473600
TN 87 1040,7428,0.0,0.0,149.23,03/09/2025 19:19:36,13.010555,80.00385166666666,00385166666666,2025-09-04T23:20:03.473725
TN 87 1040,7428,0.0,0.0,149.23,03/09/2025 19:19:26,13.010555,80.00385166666666,00385166666666,2025-09-04T23:20:03.473847
TN 87 1040,7428,0.0,0.0,149.23,03/09/2025 19:19:16,13.010555,80.00385166666666,00385166666666,2025-09-04T23:20:03.473970
TN 87 1040,7428,0.0,0.0,149.24,03/09/2025 19:19:10,13.010555,80.00385166666666,00385166666666,2025-09-04T23:20:03.474098
TN 87 1040,7428,0.0,0.0,149.24,03/09/2025 19:18:56,13.010555,80.00385166666666,00385166666666,2025-09-04T23:20:03.474220
TN 87 1040,7428,0.0,0.0,149.24,03/09/2025 19:18:47,13.010555,80.00385166666666,00385166666666,2025-09-04T23:20:03.474355
TN 87 1040,7428,0.0,0.0,149.23,03/09/2025 19:18:36,13.010555,80.00385166666666,00385166666666,2025-09-04T23:20:03.474534
TN 87 1040,7428,0.0,0.0,149.25,03/09/2025 19:18:27,13.010555,80.00385166666666,00385166666666,2025-09-04T23:20:03.474717
TN 87 1040,7428,0.0,0.0,149.25,03/09/2025 19:18:17,13.010555,80.00385166666666,00385166666666,2025-09-04T23:20:03.474970
TN 87 1040,7428,0.0,0.0,149.27,03/09/2025 19:18:10,13.010555,80.00385166666666,00385166666666,2025-09-04T23:20:03.475190
TN 87 1040,7428,0.0,0.0,149.26,03/09/2025 19:17:58,13.010555,80.00385166666666,00385166666666,2025-09-04T23:20:03.475360
TN 87 1040,7428,0.0,0.0,149.27,03/09/2025 19:17:47,13.010555,80.00385166666666,00385166666666,2025-09-04T23:20:03.475509
TN 87 1040,7428,0.0,0.0,149.27,03/09/2025 19:17:37,13.010555,80.00385166666666,00385166666666,2025-09-04T23:20:03.475688
TN 87 1040,7428,0.0,0.0,149.27,03/09/2025 19:17:27,13.010555,80.00385166666666,00385166666666,2025-09-04T23:20:03.475956
TN 87 1040,7428,0.0,0.0,149.26,03/09/2025 19:17:18,13.010555,80.00385166666666,00385166666666,2025-09-04T23:20:03.476246
TN 87 1040,7428,0.0,0.0,149.27,03/09/2025 19:17:10,13.010555,80.00385166666666,00385166666666,2025-09-04T23:20:03.476456
TN 87 1040,7428,0.0,0.0,149.27,03/09/2025 19:16:58,13.010555,80.00385166666666,00385166666666,2025-09-04T23:20:03.476641
TN 87 1040,7428,0.0,0.0,149.27,03/09/2025 19:16:48,13.010555,80.00385166666666,00385166666666,2025-09-04T23:20:03.476821
TN 87 1040,7428,0.0,0.0,149.28,03/09/2025 19:16:38,13.010555,80.00385166666666,00385166666666,2025-09-04T23:20:03.476992
TN 87 1040,7428,0.0,0.0,149.28,03/09/2025 19:16:28,13.010555,80.00385166666666,00385166666666,2025-09-04T23:20:03.477152
TN 87 1040,7428,0.0,0.0,149.29,03/09/2025 19:16:19,13.010555,80.00385166666666,00385166666666,2025-09-04T23:20:03.477325
TN 87 1040,7428,0.0,0.0,149.29,03/09/2025 19:16:11,13.010555,80.00385166666666,00385166666666,2025-09-04T23:20:03.477522
TN 87 1040,7428,0.0,0.0,149.29,03/09/2025 19:15:59,13.010555,80.00385166666666,00385166666666,2025-09-04T23:20:03.477706
TN 87 1040,7428,0.0,0.0,149.29,03/09/2025 19:15:49,13.010555,80.00385166666666,00385166666666,2025-09-04T23:20:03.477849
TN 87 1040,7428,0.0,0.0,149.3,03/09/2025 19:15:39,13.010555,80.00385166666666,00385166666666,2025-09-04T23:20:03.478024
TN 87 1040,7428,0.0,0.0,149.32,03/09/2025 19:15:30,13.010555,80.00385166666666,00385166666666,2025-09-04T23:20:03.478200
TN 87 1040,7428,0.0,0.0,149.31,03/09/2025 19:15:19,13.010555,80.00385166666666,00385166666666,2025-09-04T23:20:03.478367
TN 87 1040,7428,0.0,0.0,149.3,03/09/2025 19:15:12,13.010555,80.00385166666666,00385166666666,2025-09-04T23:20:03.478539
TN 87 1040,7428,0.0,0.0,149.29,03/09/2025 19:15:00,13.010555,80.00385166666666,00385166666666,2025-09-04T23:20:03.478695
TN 87 1040,7428,0.0,0.0,149.29,03/09/2025 19:14:50,13.010555,80.00385166666666,00385166666666,2025-09-04T23:20:03.478825
TN 87 1040,7428,0.0,0.0,149.29,03/09/2025 19:14:40,13.010555,80.00385166666666,00385166666666,2025-09-04T23:20:03.479033
TN 87 1040,7428,0.0,0.0,149.29,03/09/2025 19:14:30,13.010555,80.00385166666666,00385166666666,2025-09-04T23:20:03.479203
TN 87 1040,7428,0.0,0.0,149.29,03/09/2025 19:14:20,13.010555,80.00385166666666,00385166666666,2025-09-04T23:20:03.479351
TN 87 1040,7428,0.0,0.0,149.29,03/09/2025 19:14:14,13.010555,80.00385166666666,00385166666666,2025-09-04T23:20:03.479468
TN 87 1040,7428,0.0,0.0,149.28,03/09/2025 19:14:00,13.010555,80.00385166666666,00385166666666,2025-09-04T23:20:03.479696
TN 87 1040,7428,0.0,0.0,149.28,03/09/2025 19:13:51,13.010555,80.00385166666666,00385166666666,2025-09-04T23:20:03.479902
TN 87 1040,7428,0.0,0.0,149.28,03/09/2025 19:13:41,13.010555,80.00385166666666,00385166666666,2025-09-04T23:20:03.480096
TN 87 1040,7428,0.0,0.0,149.29,03/09/2025 19:13:31,13.010555,80.00385166666666,00385166666666,2025-09-04T23:20:03.480308
TN 87 1040,7428,0.0,0.0,149.3,03/09/2025 19:13:21,13.010555,80.00385166666666,00385166666666,2025-09-04T23:20:03.480502
TN 87 1040,7428,0.0,0.0,149.3,03/09/2025 19:13:15,13.010555,80.00385166666666,00385166666666,2025-09-04T23:20:03.480779
TN 87 1040,7428,0.0,0.0,149.3,03/09/2025 19:13:02,13.010555,80.00385166666666,00385166666666,2025-09-04T23:20:03.481004
TN 87 1040,7428,0.0,0.0,149.27,03/09/2025 19:12:51,13.010555,80.00385166666666,00385166666666,2025-09-04T23:20:03.481230
TN 87 1040,7428,0.0,0.0,149.27,03/09/2025 19:12:42,13.010555,80.00385166666666,00385166666666,2025-09-04T23:20:03.481530
TN 87 1040,7428,0.0,0.0,149.28,03/09/2025 19:12:32,13.010555,80.00385166666666,00385166666666,2025-09-04T23:20:03.481794
TN 87 1040,7428,0.0,0.0,149.31,03/09/2025 19:12:22,13.010555,80.00385166666666,00385166666666,2025-09-04T23:20:03.481978
TN 87 1040,7428,0.0,0.0,149.31,03/09/2025 19:12:15,13.010555,80.00385166666666,00385166666666,2025-09-04T23:20:03.482207
TN 87 1040,7428,0.0,0.0,149.31,03/09/2025 19:12:02,13.010555,80.00385166666666,00385166666666,2025-09-04T23:20:03.482443
TN 87 1040,7428,0.0,0.0,149.31,03/09/2025 19:11:52,13.010555,80.00385166666666,00385166666666,2025-09-04T23:20:03.482633
TN 87 1040,7428,0.0,0.0,149.32,03/09/2025 19:11:42,13.010555,80.00385166666666,00385166666666,2025-09-04T23:20:03.482817
TN 87 1040,7428,0.0,0.0,149.32,03/09/2025 19:11:33,13.010555,80.00385166666666,00385166666666,2025-09-04T23:20:03.482996
TN 87 1040,7428,0.0,0.0,149.32,03/09/2025 19:11:23,13.010555,80.00385166666666,00385166666666,2025-09-04T23:20:03.483179
TN 87 1040,7428,0.0,0.0,149.3,03/09/2025 19:11:16,13.010555,80.00385166666666,00385166666666,2025-09-04T23:20:03.483358
TN 87 1040,7428,0.0,0.0,149.32,03/09/2025 19:11:03,13.010555,80.00385166666666,00385166666666,2025-09-04T23:20:03.483513
TN 87 1040,7428,0.0,0.0,149.34,03/09/2025 19:10:53,13.010555,80.00385166666666,00385166666666,2025-09-04T23:20:03.483723
TN 87 1040,7428,0.0,0.0,149.34,03/09/2025 19:10:43,13.010555,80.00385166666666,00385166666666,2025-09-04T23:20:03.483896
TN 87 1040,7428,0.0,0.0,149.33,03/09/2025 19:10:34,13.010555,80.00385166666666,00385166666666,2025-09-04T23:20:03.484062
TN 87 1040,7428,0.0,0.0,149.33,03/09/2025 19:10:25,13.010555,80.00385166666666,00385166666666,2025-09-04T23:20:03.484256
TN 87 1040,7428,0.0,0.0,149.34,03/09/2025 19:10:17,13.010555,80.00385166666666,00385166666666,2025-09-04T23:20:03.484427
TN 87 1040,7428,0.0,0.0,149.34,03/09/2025 19:10:04,13.010555,80.00385166666666,00385166666666,2025-09-04T23:20:03.484600
TN 87 1040,7428,0.0,0.0,149.34,03/09/2025 19:09:54,13.010555,80.00385166666666,00385166666666,2025-09-04T23:20:03.484796
TN 87 1040,7428,0.0,0.0,149.35,03/09/2025 19:09:44,13.010555,80.00385166666666,00385166666666,2025-09-04T23:20:03.485028
TN 87 1040,7428,0.0,0.0,149.33,03/09/2025 19:09:35,13.010555,80.00385166666666,00385166666666,2025-09-04T23:20:03.485247
TN 87 1040,7428,0.0,0.0,149.35,03/09/2025 19:09:25,13.010555,80.00385166666666,00385166666666,2025-09-04T23:20:03.485456
TN 87 1040,7428,0.0,0.0,149.34,03/09/2025 19:09:17,13.010555,80.00385166666666,00385166666666,2025-09-04T23:20:03.485656
TN 87 1040,7428,0.0,0.0,149.33,03/09/2025 19:09:05,13.010555,80.00385166666666,00385166666666,2025-09-04T23:20:03.485859
TN 87 1040,7428,0.0,0.0,149.33,03/09/2025 19:08:55,13.010555,80.00385166666666,00385166666666,2025-09-04T23:20:03.486139
TN 87 1040,7428,0.0,0.0,149.31,03/09/2025 19:08:46,13.010555,80.00385166666666,00385166666666,2025-09-04T23:20:03.486319
TN 87 1040,7428,0.0,0.0,149.34,03/09/2025 19:08:35,13.010555,80.00385166666666,00385166666666,2025-09-04T23:20:03.486492
TN 87 1040,7428,0.0,0.0,149.36,03/09/2025 19:08:25,13.010555,80.00385166666666,00385166666666,2025-09-04T23:20:03.486653
TN 87 1040,7428,0.0,0.0,149.36,03/09/2025 19:08:20,13.010555,80.00385166666666,00385166666666,2025-09-04T23:20:03.486795
TN 87 1040,7428,0.0,0.0,149.34,03/09/2025 19:08:06,13.010555,80.00385166666666,00385166666666,2025-09-04T23:20:03.486960
TN 87 1040,7428,0.0,0.0,149.34,03/09/2025 19:07:57,13.010555,80.00385166666666,00385166666666,2025-09-04T23:20:03.487098
TN 87 1040,7428,0.0,0.0,149.35,03/09/2025 19:07:46,13.010555,80.00385166666666,00385166666666,2025-09-04T23:20:03.487262
TN 87 1040,7428,0.0,0.0,149.35,03/09/2025 19:07:36,13.010555,80.00385166666666,00385166666666,2025-09-04T23:20:03.487398
TN 87 1040,7428,0.0,0.0,149.36,03/09/2025 19:07:26,13.010555,80.00385166666666,00385166666666,2025-09-04T23:20:03.487557
TN 87 1040,7428,0.0,0.0,149.35,03/09/2025 19:07:19,13.010555,80.00385166666666,00385166666666,2025-09-04T23:20:03.487715
TN 87 1040,7428,0.0,0.0,149.36,03/09/2025 19:07:07,13.010555,80.00385166666666,00385166666666,2025-09-04T23:20:03.487881
TN 87 1040,7428,0.0,0.0,149.36,03/09/2025 19:06:57,13.010555,80.00385166666666,00385166666666,2025-09-04T23:20:03.488047
TN 87 1040,7428,0.0,0.0,149.36,03/09/2025 19:06:47,13.010555,80.00385166666666,00385166666666,2025-09-04T23:20:03.488198
TN 87 1040,7428,0.0,0.0,149.37,03/09/2025 19:06:37,13.010555,80.00385166666666,00385166666666,2025-09-04T23:20:03.488385
TN 87 1040,7428,0.0,0.0,149.37,03/09/2025 19:06:27,13.010555,80.00385166666666,00385166666666,2025-09-04T23:20:03.488549
TN 87 1040,7428,0.0,0.0,149.4,03/09/2025 19:06:20,13.010555,80.00385166666666,00385166666666,2025-09-04T23:20:03.488701
TN 87 1040,7428,0.0,0.0,149.36,03/09/2025 19:06:07,13.010555,80.00385166666666,00385166666666,2025-09-04T23:20:03.488871
TN 87 1040,7428,0.0,0.0,149.36,03/09/2025 19:05:58,13.010555,80.00385166666666,00385166666666,2025-09-04T23:20:03.489027
TN 87 1040,7428,0.0,0.0,149.36,03/09/2025 19:05:48,13.010555,80.00385166666666,00385166666666,2025-09-04T23:20:03.489193
TN 87 1040,7428,0.0,0.0,149.38,03/09/2025 19:05:38,13.010555,80.00385166666666,00385166666666,2025-09-04T23:20:03.489352
TN 87 1040,7428,0.0,0.0,149.38,03/09/2025 19:05:29,13.010555,80.00385166666666,00385166666666,2025-09-04T23:20:03.489517
TN 87 1040,7428,0.0,0.0,149.38,03/09/2025 19:05:21,13.010555,80.00385166666666,00385166666666,2025-09-04T23:20:03.489714
TN 87 1040,7428,0.0,0.0,149.39,03/09/2025 19:05:08,13.010555,80.00385166666666,00385166666666,2025-09-04T23:20:03.489920
TN 87 1040,7428,0.0,0.0,149.36,03/09/2025 19:04:59,13.010555,80.00385166666666,00385166666666,2025-09-04T23:20:03.490133
TN 87 1040,7428,0.0,0.0,149.35,03/09/2025 19:04:49,13.010555,80.00385166666666,00385166666666,2025-09-04T23:20:03.490323
TN 87 1040,7428,0.0,0.0,149.35,03/09/2025 19:04:39,13.010555,80.00385166666666,00385166666666,2025-09-04T23:20:03.490502
TN 87 1040,7428,0.0,0.0,149.36,03/09/2025 19:04:29,13.010555,80.00385166666666,00385166666666,2025-09-04T23:20:03.490689
TN 87 1040,7428,0.0,0.0,149.36,03/09/2025 19:04:22,13.010555,80.00385166666666,00385166666666,2025-09-04T23:20:03.490857
TN 87 1040,7428,0.0,0.0,149.36,03/09/2025 19:04:09,13.010555,80.00385166666666,00385166666666,2025-09-04T23:20:03.491057
TN 87 1040,7428,0.0,0.0,149.35,03/09/2025 19:03:59,13.010555,80.00385166666666,00385166666666,2025-09-04T23:20:03.491248
TN 87 1040,7428,0.0,0.0,149.36,03/09/2025 19:03:50,13.010555,80.00385166666666,00385166666666,2025-09-04T23:20:03.491416
TN 87 1040,7428,0.0,0.0,149.38,03/09/2025 19:03:40,13.010555,80.00385166666666,00385166666666,2025-09-04T23:20:03.491585
TN 87 1040,7428,0.0,0.0,149.37,03/09/2025 19:03:30,13.010555,80.00385166666666,00385166666666,2025-09-04T23:20:03.491764
TN 87 1040,7428,0.0,0.0,149.37,03/09/2025 19:03:24,13.010555,80.00385166666666,00385166666666,2025-09-04T23:20:03.492003
TN 87 1040,7428,0.0,0.0,149.36,03/09/2025 19:03:10,13.010555,80.00385166666666,00385166666666,2025-09-04T23:20:03.492189
TN 87 1040,7428,0.0,0.0,149.35,03/09/2025 19:03:01,13.010555,80.00385166666666,00385166666666,2025-09-04T23:20:03.492379
TN 87 1040,7428,0.0,0.0,149.37,03/09/2025 19:02:50,13.010555,80.00385166666666,00385166666666,2025-09-04T23:20:03.492565
TN 87 1040,7428,0.0,0.0,149.38,03/09/2025 19:02:41,13.010555,80.00385166666666,00385166666666,2025-09-04T23:20:03.492752
TN 87 1040,7428,0.0,0.0,149.38,03/09/2025 19:02:31,13.010555,80.00385166666666,00385166666666,2025-09-04T23:20:03.492923
TN 87 1040,7428,0.0,0.0,149.36,03/09/2025 19:02:25,13.010555,80.00385166666666,00385166666666,2025-09-04T23:20:03.493151
TN 87 1040,7428,0.0,0.0,149.36,03/09/2025 19:02:11,13.010555,80.00385166666666,00385166666666,2025-09-04T23:20:03.493318
TN 87 1040,7428,0.0,0.0,149.36,03/09/2025 19:02:01,13.010555,80.00385166666666,00385166666666,2025-09-04T23:20:03.493468
TN 87 1040,7428,0.0,0.0,149.4,03/09/2025 19:01:51,13.010555,80.00385166666666,00385166666666,2025-09-04T23:20:03.493662
TN 87 1040,7428,0.0,0.0,149.4,03/09/2025 19:01:41,13.010555,80.00385166666666,00385166666666,2025-09-04T23:20:03.493856
TN 87 1040,7428,0.0,0.0,149.4,03/09/2025 19:01:32,13.010555,80.00385166666666,00385166666666,2025-09-04T23:20:03.494047
TN 87 1040,7428,0.0,0.0,149.41,03/09/2025 19:01:25,13.010555,80.00385166666666,00385166666666,2025-09-04T23:20:03.494245
TN 87 1040,7428,0.0,0.0,149.41,03/09/2025 19:01:12,13.010555,80.00385166666666,00385166666666,2025-09-04T23:20:03.494452
TN 87 1040,7428,0.0,0.0,149.4,03/09/2025 19:01:02,13.010555,80.00385166666666,00385166666666,2025-09-04T23:20:03.494659
TN 87 1040,7428,0.0,0.0,149.4,03/09/2025 19:00:52,13.010555,80.00385166666666,00385166666666,2025-09-04T23:20:03.494886
TN 87 1040,7428,0.0,0.0,149.38,03/09/2025 19:00:42,13.010555,80.00385166666666,00385166666666,2025-09-04T23:20:03.495097
TN 87 1040,7428,0.0,0.0,149.38,03/09/2025 19:00:33,13.010555,80.00385166666666,00385166666666,2025-09-04T23:20:03.495304
TN 87 1040,7428,0.0,0.0,149.38,03/09/2025 19:00:25,13.010555,80.00385166666666,00385166666666,2025-09-04T23:20:03.495501
TN 87 1040,7428,0.0,0.0,149.39,03/09/2025 19:00:13,13.010555,80.00385166666666,00385166666666,2025-09-04T23:20:03.495692
TN 87 1040,7428,0.0,0.0,149.4,03/09/2025 19:00:03,13.010555,80.00385166666666,00385166666666,2025-09-04T23:20:03.495882
TN 87 1040,7428,0.0,0.0,149.42,03/09/2025 18:59:53,13.010555,80.00385166666666,00385166666666,2025-09-04T23:20:03.496035
TN 87 1040,7428,0.0,0.0,149.41,03/09/2025 18:59:43,13.010555,80.00385166666666,00385166666666,2025-09-04T23:20:03.496215
TN 87 1040,7428,0.0,0.0,149.41,03/09/2025 18:59:34,13.010555,80.00385166666666,00385166666666,2025-09-04T23:20:03.496392
TN 87 1040,7428,0.0,0.0,149.41,03/09/2025 18:59:26,13.010555,80.00385166666666,00385166666666,2025-09-04T23:20:03.496559
TN 87 1040,7428,0.0,0.0,149.41,03/09/2025 18:59:14,13.010555,80.00385166666666,00385166666666,2025-09-04T23:20:03.496696
TN 87 1040,7428,0.0,0.0,149.42,03/09/2025 18:59:04,13.010555,80.00385166666666,00385166666666,2025-09-04T23:20:03.496830
TN 87 1040,7428,0.0,0.0,149.4,03/09/2025 18:58:54,13.010555,80.00385166666666,00385166666666,2025-09-04T23:20:03.497001
TN 87 1040,7428,0.0,0.0,149.4,03/09/2025 18:58:45,13.010555,80.00385166666666,00385166666666,2025-09-04T23:20:03.497185
TN 87 1040,7428,0.0,0.0,149.41,03/09/2025 18:58:34,13.010555,80.00385166666666,00385166666666,2025-09-04T23:20:03.497354
TN 87 1040,7428,0.0,0.0,149.41,03/09/2025 18:58:27,13.010555,80.00385166666666,00385166666666,2025-09-04T23:20:03.497487
TN 87 1040,7428,0.0,0.0,149.41,03/09/2025 18:58:15,13.010555,80.00385166666666,00385166666666,2025-09-04T23:20:03.497618
TN 87 1040,7428,0.0,0.0,149.41,03/09/2025 18:58:05,13.010555,80.00385166666666,00385166666666,2025-09-04T23:20:03.497785
TN 87 1040,7428,0.0,0.0,149.41,03/09/2025 18:57:56,13.010555,80.00385166666666,00385166666666,2025-09-04T23:20:03.498015
TN 87 1040,7428,0.0,0.0,149.43,03/09/2025 18:57:45,13.010555,80.00385166666666,00385166666666,2025-09-04T23:20:03.498257
TN 87 1040,7428,0.0,0.0,149.41,03/09/2025 18:57:35,13.010555,80.00385166666666,00385166666666,2025-09-04T23:20:03.498463
TN 87 1040,7428,0.0,0.0,149.41,03/09/2025 18:57:29,13.010555,80.00385166666666,00385166666666,2025-09-04T23:20:03.498662
TN 87 1040,7428,0.0,0.0,149.4,03/09/2025 18:57:15,13.010555,80.00385166666666,00385166666666,2025-09-04T23:20:03.498844
TN 87 1040,7428,0.0,0.0,149.42,03/09/2025 18:57:06,13.010555,80.00385166666666,00385166666666,2025-09-04T23:20:03.499013
TN 87 1040,7428,0.0,0.0,149.42,03/09/2025 18:56:56,13.010555,80.00385166666666,00385166666666,2025-09-04T23:20:03.499186
TN 87 1040,7428,0.0,0.0,149.42,03/09/2025 18:56:46,13.010555,80.00385166666666,00385166666666,2025-09-04T23:20:03.499351
TN 87 1040,7428,0.0,0.0,149.42,03/09/2025 18:56:36,13.010555,80.00385166666666,00385166666666,2025-09-04T23:20:03.499516
TN 87 1040,7428,0.0,0.0,149.42,03/09/2025 18:56:29,13.010555,80.00385166666666,00385166666666,2025-09-04T23:20:03.499723
TN 87 1040,7428,0.0,0.0,149.42,03/09/2025 18:56:17,13.010555,80.00385166666666,00385166666666,2025-09-04T23:20:03.499946
TN 87 1040,7428,0.0,0.0,149.42,03/09/2025 18:56:06,13.010555,80.00385166666666,00385166666666,2025-09-04T23:20:03.500153
TN 87 1040,7428,0.0,0.0,149.42,03/09/2025 18:55:57,13.010555,80.00385166666666,00385166666666,2025-09-04T23:20:03.500331
TN 87 1040,7428,0.0,0.0,149.42,03/09/2025 18:55:47,13.010555,80.00385166666666,00385166666666,2025-09-04T23:20:03.500521
TN 87 1040,7428,0.0,0.0,149.46,03/09/2025 18:55:37,13.010555,80.00385166666666,00385166666666,2025-09-04T23:20:03.500706
TN 87 1040,7428,0.0,0.0,149.46,03/09/2025 18:55:30,13.010555,80.00385166666666,00385166666666,2025-09-04T23:20:03.500895
TN 87 1040,7428,0.0,0.0,149.46,03/09/2025 18:55:17,13.010555,80.00385166666666,00385166666666,2025-09-04T23:20:03.501077
TN 87 1040,7428,0.0,0.0,149.46,03/09/2025 18:55:07,13.010555,80.00385166666666,00385166666666,2025-09-04T23:20:03.501279
TN 87 1040,7428,0.0,0.0,149.46,03/09/2025 18:54:57,13.010555,80.00385166666666,00385166666666,2025-09-04T23:20:03.501464
TN 87 1040,7428,0.0,0.0,149.44,03/09/2025 18:54:48,13.010555,80.00385166666666,00385166666666,2025-09-04T23:20:03.501619
TN 87 1040,7428,0.0,0.0,149.43,03/09/2025 18:54:38,13.010555,80.00385166666666,00385166666666,2025-09-04T23:20:03.501801
TN 87 1040,7428,0.0,0.0,149.42,03/09/2025 18:54:31,13.010555,80.00385166666666,00385166666666,2025-09-04T23:20:03.501968
TN 87 1040,7428,0.0,0.0,149.43,03/09/2025 18:54:18,13.010555,80.00385166666666,00385166666666,2025-09-04T23:20:03.502125
TN 87 1040,7428,0.0,0.0,149.44,03/09/2025 18:54:08,13.010555,80.00385166666666,00385166666666,2025-09-04T23:20:03.502277
TN 87 1040,7428,0.0,0.0,149.45,03/09/2025 18:53:58,13.010555,80.00385166666666,00385166666666,2025-09-04T23:20:03.502426
TN 87 1040,7428,0.0,0.0,149.45,03/09/2025 18:53:49,13.010555,80.00385166666666,00385166666666,2025-09-04T23:20:03.502578
TN 87 1040,7428,0.0,0.0,149.47,03/09/2025 18:53:39,13.010555,80.00385166666666,00385166666666,2025-09-04T23:20:03.502728
TN 87 1040,7428,0.0,0.0,149.46,03/09/2025 18:53:32,13.010555,80.00385166666666,00385166666666,2025-09-04T23:20:03.502877
TN 87 1040,7428,0.0,0.0,149.46,03/09/2025 18:53:19,13.010555,80.00385166666666,00385166666666,2025-09-04T23:20:03.503028
TN 87 1040,7428,0.0,0.0,149.47,03/09/2025 18:53:09,13.010555,80.00385166666666,00385166666666,2025-09-04T23:20:03.503181
TN 87 1040,7428,0.0,0.0,149.47,03/09/2025 18:53:00,13.010555,80.00385166666666,00385166666666,2025-09-04T23:20:03.503354
TN 87 1040,7428,0.0,0.0,149.46,03/09/2025 18:52:49,13.010555,80.00385166666666,00385166666666,2025-09-04T23:20:03.503494
TN 87 1040,7428,0.0,0.0,149.46,03/09/2025 18:52:39,13.010555,80.00385166666666,00385166666666,2025-09-04T23:20:03.503651
TN 87 1040,7428,0.0,0.0,149.46,03/09/2025 18:52:34,13.010555,80.00385166666666,00385166666666,2025-09-04T23:20:03.503816
TN 87 1040,7428,0.0,0.0,149.46,03/09/2025 18:52:20,13.010555,80.00385166666666,00385166666666,2025-09-04T23:20:03.503967
TN 87 1040,7428,0.0,0.0,149.47,03/09/2025 18:52:10,13.010555,80.00385166666666,00385166666666,2025-09-04T23:20:03.504116
TN 87 1040,7428,0.0,0.0,149.47,03/09/2025 18:52:00,13.010555,80.00385166666666,00385166666666,2025-09-04T23:20:03.504261
TN 87 1040,7428,0.0,0.0,149.48,03/09/2025 18:51:50,13.010555,80.00385166666666,00385166666666,2025-09-04T23:20:03.504407
TN 87 1040,7428,0.0,0.0,149.48,03/09/2025 18:51:40,13.010555,80.00385166666666,00385166666666,2025-09-04T23:20:03.504565
TN 87 1040,7428,0.0,0.0,149.48,03/09/2025 18:51:34,13.010555,80.00385166666666,00385166666666,2025-09-04T23:20:03.504731
TN 87 1040,7428,0.0,0.0,149.49,03/09/2025 18:51:21,13.010555,80.00385166666666,00385166666666,2025-09-04T23:20:03.504904
TN 87 1040,7428,0.0,0.0,149.49,03/09/2025 18:51:11,13.010555,80.00385166666666,00385166666666,2025-09-04T23:20:03.505112
TN 87 1040,7428,0.0,0.0,149.49,03/09/2025 18:51:01,13.010555,80.00385166666666,00385166666666,2025-09-04T23:20:03.505284
TN 87 1040,7428,0.0,0.0,149.48,03/09/2025 18:50:51,13.010555,80.00385166666666,00385166666666,2025-09-04T23:20:03.505483
TN 87 1040,7428,0.0,0.0,149.47,03/09/2025 18:50:41,13.010555,80.00385166666666,00385166666666,2025-09-04T23:20:03.505675
TN 87 1040,7428,0.0,0.0,149.48,03/09/2025 18:50:34,13.010555,80.00385166666666,00385166666666,2025-09-04T23:20:03.505836
TN 87 1040,7428,0.0,0.0,149.49,03/09/2025 18:50:23,13.010555,80.00385166666666,00385166666666,2025-09-04T23:20:03.506237
TN 87 1040,7428,0.0,0.0,149.49,03/09/2025 18:50:12,13.010556666666666,80.00385666666666,00385666666666,2025-09-04T23:20:03.506493
TN 87 1040,7428,0.0,0.0,149.49,03/09/2025 18:50:02,13.010523333333333,80.00382,00382,2025-09-04T23:20:03.506684
TN 87 1040,7428,0.0,0.0,149.49,03/09/2025 18:49:52,13.010525,80.00381666666667,00381666666667,2025-09-04T23:20:03.507150
TN 87 1040,7428,0.0,0.0,149.47,03/09/2025 18:49:42,13.010418333333334,80.003775,003775,2025-09-04T23:20:03.507374
TN 87 1040,7428,0.0,0.0,149.46,03/09/2025 18:49:35,13.010418333333334,80.003775,003775,2025-09-04T23:20:03.507560
TN 87 1040,7428,0.0,0.0,149.46,03/09/2025 18:49:22,13.010418333333334,80.003775,003775,2025-09-04T23:20:03.507789
TN 87 1040,7428,0.0,0.0,149.49,03/09/2025 18:49:13,13.010418333333334,80.003775,003775,2025-09-04T23:20:03.508026
TN 87 1040,7428,0.0,0.0,149.48,03/09/2025 18:49:03,13.010418333333334,80.003775,003775,2025-09-04T23:20:03.508307
TN 87 1040,7428,0.0,0.0,149.47,03/09/2025 18:48:53,13.010418333333334,80.003775,003775,2025-09-04T23:20:03.508544
TN 87 1040,7428,0.0,0.0,149.49,03/09/2025 18:48:44,13.010418333333334,80.003775,003775,2025-09-04T23:20:03.508746
TN 87 1040,7428,0.0,0.0,149.49,03/09/2025 18:48:36,13.010418333333334,80.003775,003775,2025-09-04T23:20:03.508942
TN 87 1040,7428,0.0,0.0,149.49,03/09/2025 18:48:23,13.010418333333334,80.003775,003775,2025-09-04T23:20:03.509130
TN 87 1040,7428,0.0,0.0,149.51,03/09/2025 18:48:13,13.010418333333334,80.003775,003775,2025-09-04T23:20:03.509321
TN 87 1040,7428,0.0,0.0,149.49,03/09/2025 18:48:04,13.010418333333334,80.003775,003775,2025-09-04T23:20:03.509494
TN 87 1040,7428,0.0,0.0,149.48,03/09/2025 18:47:55,13.010418333333334,80.003775,003775,2025-09-04T23:20:03.509683
TN 87 1040,7428,0.0,0.0,149.5,03/09/2025 18:47:44,13.010418333333334,80.003775,003775,2025-09-04T23:20:03.509881
TN 87 1040,7428,0.0,0.0,149.5,03/09/2025 18:47:37,13.010418333333334,80.003775,003775,2025-09-04T23:20:03.510090
TN 87 1040,7428,0.0,0.0,149.5,03/09/2025 18:47:24,13.010418333333334,80.003775,003775,2025-09-04T23:20:03.510284
TN 87 1040,7428,0.0,0.0,149.5,03/09/2025 18:47:14,13.010418333333334,80.003775,003775,2025-09-04T23:20:03.510479
TN 87 1040,7428,0.0,0.0,149.53,03/09/2025 18:47:05,13.010418333333334,80.003775,003775,2025-09-04T23:20:03.510674
TN 87 1040,7428,0.0,0.0,149.53,03/09/2025 18:46:55,13.010418333333334,80.003775,003775,2025-09-04T23:20:03.510854
TN 87 1040,7428,0.0,0.0,149.53,03/09/2025 18:46:45,13.010418333333334,80.003775,003775,2025-09-04T23:20:03.511041
TN 87 1040,7428,0.0,0.0,149.49,03/09/2025 18:46:39,13.010418333333334,80.003775,003775,2025-09-04T23:20:03.511219
TN 87 1040,7428,0.0,0.0,149.49,03/09/2025 18:46:25,13.010418333333334,80.003775,003775,2025-09-04T23:20:03.511388
TN 87 1040,7428,0.0,0.0,149.49,03/09/2025 18:46:16,13.010418333333334,80.003775,003775,2025-09-04T23:20:03.511556
TN 87 1040,7428,0.0,0.0,149.51,03/09/2025 18:46:05,13.010418333333334,80.003775,003775,2025-09-04T23:20:03.511724
TN 87 1040,7428,0.0,0.0,149.52,03/09/2025 18:45:55,13.010418333333334,80.003775,003775,2025-09-04T23:20:03.511905
TN 87 1040,7428,0.0,0.0,149.53,03/09/2025 18:45:46,13.010418333333334,80.003775,003775,2025-09-04T23:20:03.512113
TN 87 1040,7428,0.0,0.0,149.51,03/09/2025 18:45:39,13.010418333333334,80.003775,003775,2025-09-04T23:20:03.512310
TN 87 1040,7428,0.0,0.0,149.51,03/09/2025 18:45:27,13.010418333333334,80.003775,003775,2025-09-04T23:20:03.512512
TN 87 1040,7428,0.0,0.0,149.52,03/09/2025 18:45:16,13.010418333333334,80.003775,003775,2025-09-04T23:20:03.512729
TN 87 1040,7428,0.0,0.0,149.51,03/09/2025 18:45:06,13.010418333333334,80.003775,003775,2025-09-04T23:20:03.512942
TN 87 1040,7428,0.0,0.0,149.51,03/09/2025 18:44:56,13.010418333333334,80.003775,003775,2025-09-04T23:20:03.513125
TN 87 1040,7428,0.0,0.0,149.51,03/09/2025 18:44:47,13.010418333333334,80.003775,003775,2025-09-04T23:20:03.513301
TN 87 1040,7428,0.0,0.0,149.52,03/09/2025 18:44:40,13.010418333333334,80.003775,003775,2025-09-04T23:20:03.513451
TN 87 1040,7428,0.0,0.0,149.52,03/09/2025 18:44:27,13.010418333333334,80.003775,003775,2025-09-04T23:20:03.513631
TN 87 1040,7428,0.0,0.0,149.53,03/09/2025 18:44:17,13.010418333333334,80.003775,003775,2025-09-04T23:20:03.513805
TN 87 1040,7428,0.0,0.0,149.51,03/09/2025 18:44:07,13.010418333333334,80.003775,003775,2025-09-04T23:20:03.513970
TN 87 1040,7428,0.0,0.0,149.51,03/09/2025 18:43:57,13.010418333333334,80.003775,003775,2025-09-04T23:20:03.514150
TN 87 1040,7428,0.0,0.0,149.51,03/09/2025 18:43:48,13.010418333333334,80.003775,003775,2025-09-04T23:20:03.514327
TN 87 1040,7428,0.0,0.0,149.53,03/09/2025 18:43:40,13.010418333333334,80.003775,003775,2025-09-04T23:20:03.514497
TN 87 1040,7428,0.0,0.0,149.53,03/09/2025 18:43:28,13.010418333333334,80.003775,003775,2025-09-04T23:20:03.514686
TN 87 1040,7428,0.0,0.0,149.53,03/09/2025 18:43:18,13.010418333333334,80.003775,003775,2025-09-04T23:20:03.514868
TN 87 1040,7428,0.0,0.0,149.53,03/09/2025 18:43:08,13.010418333333334,80.003775,003775,2025-09-04T23:20:03.515060
TN 87 1040,7428,0.0,0.0,149.53,03/09/2025 18:42:59,13.010418333333334,80.003775,003775,2025-09-04T23:20:03.515268
TN 87 1040,7428,0.0,0.0,149.53,03/09/2025 18:42:48,13.010418333333334,80.003775,003775,2025-09-04T23:20:03.515509
TN 87 1040,7428,0.0,0.0,149.53,03/09/2025 18:42:41,13.010418333333334,80.003775,003775,2025-09-04T23:20:03.515725
TN 87 1040,7428,0.0,0.0,149.55,03/09/2025 18:42:29,13.010418333333334,80.003775,003775,2025-09-04T23:20:03.515934
TN 87 1040,7428,0.0,0.0,149.53,03/09/2025 18:42:19,13.010418333333334,80.003775,003775,2025-09-04T23:20:03.516124
TN 87 1040,7428,0.0,0.0,149.53,03/09/2025 18:42:09,13.010418333333334,80.003775,003775,2025-09-04T23:20:03.516316
TN 87 1040,7428,0.0,0.0,149.53,03/09/2025 18:41:59,13.010418333333334,80.003775,003775,2025-09-04T23:20:03.516502
TN 87 1040,7428,0.0,0.0,149.54,03/09/2025 18:41:49,13.010418333333334,80.003775,003775,2025-09-04T23:20:03.516682
TN 87 1040,7428,0.0,0.0,149.54,03/09/2025 18:41:43,13.010418333333334,80.003775,003775,2025-09-04T23:20:03.516853
TN 87 1040,7428,0.0,0.0,149.54,03/09/2025 18:41:29,13.010418333333334,80.003775,003775,2025-09-04T23:20:03.517014
TN 87 1040,7428,0.0,0.0,149.54,03/09/2025 18:41:20,13.010418333333334,80.003775,003775,2025-09-04T23:20:03.517183
TN 87 1040,7428,0.0,0.0,149.54,03/09/2025 18:41:10,13.010418333333334,80.003775,003775,2025-09-04T23:20:03.517356
TN 87 1040,7428,0.0,0.0,149.55,03/09/2025 18:41:00,13.010418333333334,80.003775,003775,2025-09-04T23:20:03.517517
TN 87 1040,7428,0.0,0.0,149.49,03/09/2025 18:40:50,13.010418333333334,80.003775,003775,2025-09-04T23:20:03.517648
TN 87 1040,7428,0.0,0.0,149.49,03/09/2025 18:40:44,13.010418333333334,80.003775,003775,2025-09-04T23:20:03.517811
TN 87 1040,7428,0.0,0.0,149.49,03/09/2025 18:40:30,13.010418333333334,80.003775,003775,2025-09-04T23:20:03.517967
TN 87 1040,7428,0.0,0.0,149.47,03/09/2025 18:40:20,13.010418333333334,80.003775,003775,2025-09-04T23:20:03.518116
TN 87 1040,7428,0.0,0.0,149.56,03/09/2025 18:40:11,13.010418333333334,80.003775,003775,2025-09-04T23:20:03.518295
TN 87 1040,7428,0.0,0.0,149.55,03/09/2025 18:40:01,13.010418333333334,80.003775,003775,2025-09-04T23:20:03.518456
TN 87 1040,7428,0.0,0.0,149.55,03/09/2025 18:39:51,13.010418333333334,80.003775,003775,2025-09-04T23:20:03.518582
TN 87 1040,7428,0.0,0.0,149.55,03/09/2025 18:39:44,13.010418333333334,80.003775,003775,2025-09-04T23:20:03.518746
TN 87 1040,7428,0.0,0.0,149.55,03/09/2025 18:39:32,13.010418333333334,80.003775,003775,2025-09-04T23:20:03.518902
TN 87 1040,7428,0.0,0.0,149.58,03/09/2025 18:39:21,13.010418333333334,80.003775,003775,2025-09-04T23:20:03.519033
TN 87 1040,7428,0.0,0.0,149.57,03/09/2025 18:39:11,13.010418333333334,80.003775,003775,2025-09-04T23:20:03.519163
TN 87 1040,7428,0.0,0.0,149.57,03/09/2025 18:39:02,13.010418333333334,80.003775,003775,2025-09-04T23:20:03.519293
TN 87 1040,7428,0.0,0.0,149.56,03/09/2025 18:38:52,13.010418333333334,80.003775,003775,2025-09-04T23:20:03.519430
TN 87 1040,7428,0.0,0.0,149.55,03/09/2025 18:38:45,13.010418333333334,80.003775,003775,2025-09-04T23:20:03.519677
TN 87 1040,7428,0.0,0.0,149.54,03/09/2025 18:38:32,13.010418333333334,80.003775,003775,2025-09-04T23:20:03.519885
TN 87 1040,7428,0.0,0.0,149.51,03/09/2025 18:38:22,13.010418333333334,80.003775,003775,2025-09-04T23:20:03.520078
TN 87 1040,7428,0.0,0.0,149.57,03/09/2025 18:38:12,13.010418333333334,80.003775,003775,2025-09-04T23:20:03.520277
TN 87 1040,7428,0.0,0.0,149.57,03/09/2025 18:38:02,13.010418333333334,80.003775,003775,2025-09-04T23:20:03.520473
TN 87 1040,7428,0.0,0.0,149.58,03/09/2025 18:37:53,13.010418333333334,80.003775,003775,2025-09-04T23:20:03.520666
TN 87 1040,7428,0.0,0.0,149.47,03/09/2025 18:37:46,13.010418333333334,80.003775,003775,2025-09-04T23:20:03.520880
TN 87 1040,7428,0.0,0.0,149.47,03/09/2025 18:37:33,13.010418333333334,80.003775,003775,2025-09-04T23:20:03.521092
TN 87 1040,7428,0.0,0.0,149.45,03/09/2025 18:37:23,13.010418333333334,80.003775,003775,2025-09-04T23:20:03.521298
TN 87 1040,7428,0.0,0.0,149.46,03/09/2025 18:37:13,13.010418333333334,80.003775,003775,2025-09-04T23:20:03.521491
TN 87 1040,7428,0.0,0.0,149.49,03/09/2025 18:37:04,13.010418333333334,80.003775,003775,2025-09-04T23:20:03.521693
TN 87 1040,7428,0.0,0.0,149.53,03/09/2025 18:36:54,13.010418333333334,80.003775,003775,2025-09-04T23:20:03.521891
TN 87 1040,7428,0.0,0.0,149.58,03/09/2025 18:36:46,13.010418333333334,80.003775,003775,2025-09-04T23:20:03.522063
TN 87 1040,7428,0.0,0.0,149.57,03/09/2025 18:36:34,13.010418333333334,80.003775,003775,2025-09-04T23:20:03.522231
TN 87 1040,7428,0.0,0.0,149.57,03/09/2025 18:36:24,13.010418333333334,80.003775,003775,2025-09-04T23:20:03.522437
TN 87 1040,7428,0.0,0.0,149.57,03/09/2025 18:36:15,13.010418333333334,80.003775,003775,2025-09-04T23:20:03.522625
TN 87 1040,7428,0.0,0.0,149.55,03/09/2025 18:36:04,13.010418333333334,80.003775,003775,2025-09-04T23:20:03.522805
TN 87 1040,7428,0.0,0.0,149.53,03/09/2025 18:35:54,13.010418333333334,80.003775,003775,2025-09-04T23:20:03.523124
TN 87 1040,7428,0.0,0.0,149.51,03/09/2025 18:35:49,13.010418333333334,80.003775,003775,2025-09-04T23:20:03.523317
TN 87 1040,7428,0.0,0.0,149.4,03/09/2025 18:35:35,13.010418333333334,80.003775,003775,2025-09-04T23:20:03.523502
TN 87 1040,7428,0.0,0.0,149.4,03/09/2025 18:35:25,13.010418333333334,80.003775,003775,2025-09-04T23:20:03.523685
TN 87 1040,7428,0.0,0.0,149.4,03/09/2025 18:35:15,13.010418333333334,80.003775,003775,2025-09-04T23:20:03.523859
TN 87 1040,7428,0.0,0.0,149.58,03/09/2025 18:35:05,13.010418333333334,80.003775,003775,2025-09-04T23:20:03.524015
TN 87 1040,7428,0.0,0.0,149.6,03/09/2025 18:34:55,13.010418333333334,80.003775,003775,2025-09-04T23:20:03.524195
TN 87 1040,7428,0.0,0.0,149.6,03/09/2025 18:34:48,13.010418333333334,80.003775,003775,2025-09-04T23:20:03.524364
TN 87 1040,7428,0.0,0.0,149.6,03/09/2025 18:34:36,13.010418333333334,80.003775,003775,2025-09-04T23:20:03.524620
TN 87 1040,7428,0.0,0.0,149.6,03/09/2025 18:34:26,13.010418333333334,80.003775,003775,2025-09-04T23:20:03.524815
TN 87 1040,7428,0.0,0.0,149.61,03/09/2025 18:34:16,13.010418333333334,80.003775,003775,2025-09-04T23:20:03.525011
TN 87 1040,7428,0.0,0.0,149.6,03/09/2025 18:34:06,13.010418333333334,80.003775,003775,2025-09-04T23:20:03.525214
TN 87 1040,7428,0.0,0.0,149.59,03/09/2025 18:33:56,13.010418333333334,80.003775,003775,2025-09-04T23:20:03.525437
TN 87 1040,7428,0.0,0.0,149.59,03/09/2025 18:33:49,13.010418333333334,80.003775,003775,2025-09-04T23:20:03.525663
TN 87 1040,7428,0.0,0.0,149.6,03/09/2025 18:33:36,13.010418333333334,80.003775,003775,2025-09-04T23:20:03.525867
TN 87 1040,7428,0.0,0.0,149.55,03/09/2025 18:33:27,13.010418333333334,80.003775,003775,2025-09-04T23:20:03.526049
TN 87 1040,7428,0.0,0.0,149.54,03/09/2025 18:33:17,13.010418333333334,80.003775,003775,2025-09-04T23:20:03.526232
TN 87 1040,7428,0.0,0.0,149.54,03/09/2025 18:33:07,13.010418333333334,80.003775,003775,2025-09-04T23:20:03.526393
TN 87 1040,7428,0.0,0.0,149.58,03/09/2025 18:32:57,13.010418333333334,80.003775,003775,2025-09-04T23:20:03.526571
TN 87 1040,7428,0.0,0.0,149.58,03/09/2025 18:32:50,13.010418333333334,80.003775,003775,2025-09-04T23:20:03.526733
TN 87 1040,7428,0.0,0.0,149.59,03/09/2025 18:32:37,13.010418333333334,80.003775,003775,2025-09-04T23:20:03.526922
TN 87 1040,7428,0.0,0.0,149.58,03/09/2025 18:32:27,13.010418333333334,80.003775,003775,2025-09-04T23:20:03.527094
TN 87 1040,7428,0.0,0.0,149.57,03/09/2025 18:32:18,13.010418333333334,80.003775,003775,2025-09-04T23:20:03.527253
TN 87 1040,7428,0.0,0.0,149.58,03/09/2025 18:32:08,13.010418333333334,80.003775,003775,2025-09-04T23:20:03.527399
TN 87 1040,7428,0.0,0.0,149.53,03/09/2025 18:31:58,13.010418333333334,80.003775,003775,2025-09-04T23:20:03.527570
TN 87 1040,7428,0.0,0.0,149.53,03/09/2025 18:31:51,13.010418333333334,80.003775,003775,2025-09-04T23:20:03.527711
TN 87 1040,7428,0.0,0.0,149.51,03/09/2025 18:31:38,13.010418333333334,80.003775,003775,2025-09-04T23:20:03.527881
TN 87 1040,7428,0.0,0.0,149.53,03/09/2025 18:31:28,13.010418333333334,80.003775,003775,2025-09-04T23:20:03.528039
TN 87 1040,7428,0.0,0.0,149.58,03/09/2025 18:31:19,13.010418333333334,80.003775,003775,2025-09-04T23:20:03.528190
TN 87 1040,7428,0.0,0.0,149.57,03/09/2025 18:31:09,13.010418333333334,80.003775,003775,2025-09-04T23:20:03.528361
TN 87 1040,7428,0.0,0.0,149.53,03/09/2025 18:30:59,13.010418333333334,80.003775,003775,2025-09-04T23:20:03.528525
TN 87 1040,7428,0.0,0.0,149.52,03/09/2025 18:30:52,13.010418333333334,80.003775,003775,2025-09-04T23:20:03.528665
TN 87 1040,7428,0.0,0.0,149.54,03/09/2025 18:30:39,13.010418333333334,80.003775,003775,2025-09-04T23:20:03.528834
TN 87 1040,7428,0.0,0.0,149.53,03/09/2025 18:30:29,13.010418333333334,80.003775,003775,2025-09-04T23:20:03.528969
TN 87 1040,7428,0.0,0.0,149.5,03/09/2025 18:30:19,13.010418333333334,80.003775,003775,2025-09-04T23:20:03.529100
TN 87 1040,7428,0.0,0.0,149.6,03/09/2025 18:30:09,13.010418333333334,80.003775,003775,2025-09-04T23:20:03.529275
TN 87 1040,7428,0.0,0.0,149.6,03/09/2025 18:30:00,13.010418333333334,80.003775,003775,2025-09-04T23:20:03.529437
TN 87 1040,7428,0.0,0.0,149.6,03/09/2025 18:29:54,13.010418333333334,80.003775,003775,2025-09-04T23:20:03.529616
TN 87 1040,7428,0.0,0.0,149.6,03/09/2025 18:29:40,13.010418333333334,80.003775,003775,2025-09-04T23:20:03.529808
TN 87 1040,7428,0.0,0.0,149.55,03/09/2025 18:29:31,13.010418333333334,80.003775,003775,2025-09-04T23:20:03.530005
TN 87 1040,7428,0.0,0.0,149.57,03/09/2025 18:29:20,13.010418333333334,80.003775,003775,2025-09-04T23:20:03.530202
TN 87 1040,7428,0.0,0.0,149.62,03/09/2025 18:29:10,13.010418333333334,80.003775,003775,2025-09-04T23:20:03.530381
TN 87 1040,7428,0.0,0.0,149.63,03/09/2025 18:29:00,13.010418333333334,80.003775,003775,2025-09-04T23:20:03.530559
TN 87 1040,7428,0.0,0.0,149.64,03/09/2025 18:28:53,13.010418333333334,80.003775,003775,2025-09-04T23:20:03.530737
TN 87 1040,7428,0.0,0.0,149.64,03/09/2025 18:28:42,13.010418333333334,80.003775,003775,2025-09-04T23:20:03.530938
TN 87 1040,7428,0.0,0.0,149.63,03/09/2025 18:28:31,13.010418333333334,80.003775,003775,2025-09-04T23:20:03.531121
TN 87 1040,7428,0.0,0.0,149.62,03/09/2025 18:28:21,13.010418333333334,80.003775,003775,2025-09-04T23:20:03.531296
TN 87 1040,7428,0.0,0.0,149.63,03/09/2025 18:28:11,13.010418333333334,80.003775,003775,2025-09-04T23:20:03.531459
TN 87 1040,7428,0.0,0.0,149.64,03/09/2025 18:28:01,13.010418333333334,80.003775,003775,2025-09-04T23:20:03.531613
TN 87 1040,7428,0.0,0.0,149.65,03/09/2025 18:27:54,13.010418333333334,80.003775,003775,2025-09-04T23:20:03.531790
TN 87 1040,7428,0.0,0.0,149.66,03/09/2025 18:27:42,13.010418333333334,80.003775,003775,2025-09-04T23:20:03.531965
TN 87 1040,7428,0.0,0.0,149.64,03/09/2025 18:27:32,13.010418333333334,80.003775,003775,2025-09-04T23:20:03.532130
TN 87 1040,7428,0.0,0.0,149.62,03/09/2025 18:27:22,13.010418333333334,80.003775,003775,2025-09-04T23:20:03.532283
TN 87 1040,7428,0.0,0.0,149.62,03/09/2025 18:27:12,13.010418333333334,80.003775,003775,2025-09-04T23:20:03.532475
TN 87 1040,7428,0.0,0.0,149.63,03/09/2025 18:27:03,13.010418333333334,80.003775,003775,2025-09-04T23:20:03.532646
TN 87 1040,7428,0.0,0.0,149.63,03/09/2025 18:26:55,13.010418333333334,80.003775,003775,2025-09-04T23:20:03.532807
TN 87 1040,7428,0.0,0.0,149.64,03/09/2025 18:26:42,13.010418333333334,80.003775,003775,2025-09-04T23:20:03.533029
TN 87 1040,7428,0.0,0.0,149.55,03/09/2025 18:26:33,13.010418333333334,80.003775,003775,2025-09-04T23:20:03.533282
TN 87 1040,7428,0.0,0.0,149.54,03/09/2025 18:26:23,13.010418333333334,80.003775,003775,2025-09-04T23:20:03.533462
TN 87 1040,7428,0.0,0.0,149.52,03/09/2025 18:26:14,13.010418333333334,80.003775,003775,2025-09-04T23:20:03.533653
TN 87 1040,7428,0.0,0.0,149.57,03/09/2025 18:26:03,13.010418333333334,80.003775,003775,2025-09-04T23:20:03.533827
TN 87 1040,7428,0.0,0.0,149.57,03/09/2025 18:25:56,13.010418333333334,80.003775,003775,2025-09-04T23:20:03.534022
TN 87 1040,7428,0.0,0.0,149.59,03/09/2025 18:25:43,13.010418333333334,80.003775,003775,2025-09-04T23:20:03.534224
TN 87 1040,7428,0.0,0.0,149.62,03/09/2025 18:25:33,13.010418333333334,80.003775,003775,2025-09-04T23:20:03.534419
TN 87 1040,7428,0.0,0.0,149.65,03/09/2025 18:25:24,13.010418333333334,80.003775,003775,2025-09-04T23:20:03.534614
TN 87 1040,7428,0.0,0.0,149.66,03/09/2025 18:25:14,13.010418333333334,80.003775,003775,2025-09-04T23:20:03.534817
TN 87 1040,7428,0.0,0.0,149.64,03/09/2025 18:25:04,13.010418333333334,80.003775,003775,2025-09-04T23:20:03.535015
TN 87 1040,7428,0.0,0.0,149.64,03/09/2025 18:24:58,13.010418333333334,80.003775,003775,2025-09-04T23:20:03.535221
TN 87 1040,7428,0.0,0.0,149.63,03/09/2025 18:24:44,13.010418333333334,80.003775,003775,2025-09-04T23:20:03.535473
TN 87 1040,7428,0.0,0.0,149.62,03/09/2025 18:24:35,13.010418333333334,80.003775,003775,2025-09-04T23:20:03.535654
TN 87 1040,7428,0.0,0.0,149.64,03/09/2025 18:24:25,13.010418333333334,80.003775,003775,2025-09-04T23:20:03.535822
TN 87 1040,7428,0.0,0.0,149.68,03/09/2025 18:24:15,13.010418333333334,80.003775,003775,2025-09-04T23:20:03.536004
TN 87 1040,7428,0.0,0.0,149.6,03/09/2025 18:24:05,13.010418333333334,80.003775,003775,2025-09-04T23:20:03.536157
TN 87 1040,7428,0.0,0.0,149.6,03/09/2025 18:23:58,13.010418333333334,80.003775,003775,2025-09-04T23:20:03.536294
TN 87 1040,7428,0.0,0.0,149.59,03/09/2025 18:23:46,13.010418333333334,80.003775,003775,2025-09-04T23:20:03.536439
TN 87 1040,7428,0.0,0.0,149.55,03/09/2025 18:23:35,13.010418333333334,80.003775,003775,2025-09-04T23:20:03.536600
TN 87 1040,7428,0.0,0.0,149.66,03/09/2025 18:23:25,13.010418333333334,80.003775,003775,2025-09-04T23:20:03.536761
TN 87 1040,7428,0.0,0.0,149.68,03/09/2025 18:23:16,13.010418333333334,80.003775,003775,2025-09-04T23:20:03.536947
TN 87 1040,7428,0.0,0.0,149.68,03/09/2025 18:23:06,13.010418333333334,80.003775,003775,2025-09-04T23:20:03.537119
TN 87 1040,7428,0.0,0.0,149.62,03/09/2025 18:22:59,13.010418333333334,80.003775,003775,2025-09-04T23:20:03.537292
TN 87 1040,7428,0.0,0.0,149.61,03/09/2025 18:22:46,13.010418333333334,80.003775,003775,2025-09-04T23:20:03.537451
TN 87 1040,7428,0.0,0.0,149.61,03/09/2025 18:22:36,13.010418333333334,80.003775,003775,2025-09-04T23:20:03.537616
TN 87 1040,7428,0.0,0.0,149.65,03/09/2025 18:22:26,13.010418333333334,80.003775,003775,2025-09-04T23:20:03.537772
TN 87 1040,7428,0.0,0.0,149.66,03/09/2025 18:22:16,13.010418333333334,80.003775,003775,2025-09-04T23:20:03.537934
TN 87 1040,7428,0.0,0.0,149.68,03/09/2025 18:22:07,13.010418333333334,80.003775,003775,2025-09-04T23:20:03.538094
TN 87 1040,7428,0.0,0.0,149.58,03/09/2025 18:21:59,13.010418333333334,80.003775,003775,2025-09-04T23:20:03.538263
TN 87 1040,7428,0.0,0.0,149.58,03/09/2025 18:21:47,13.010418333333334,80.003775,003775,2025-09-04T23:20:03.538428
TN 87 1040,7428,0.0,0.0,149.58,03/09/2025 18:21:37,13.010418333333334,80.003775,003775,2025-09-04T23:20:03.538587
TN 87 1040,7428,0.0,0.0,149.59,03/09/2025 18:21:27,13.010418333333334,80.003775,003775,2025-09-04T23:20:03.538750
TN 87 1040,7428,0.0,0.0,149.58,03/09/2025 18:21:18,13.010418333333334,80.003775,003775,2025-09-04T23:20:03.538941
TN 87 1040,7428,0.0,0.0,149.61,03/09/2025 18:21:07,13.010418333333334,80.003775,003775,2025-09-04T23:20:03.539118
TN 87 1040,7428,0.0,0.0,149.6,03/09/2025 18:21:00,13.010418333333334,80.003775,003775,2025-09-04T23:20:03.539299
TN 87 1040,7428,0.0,0.0,149.55,03/09/2025 18:20:48,13.010418333333334,80.003775,003775,2025-09-04T23:20:03.539468
TN 87 1040,7428,0.0,0.0,149.51,03/09/2025 18:20:38,13.010418333333334,80.003775,003775,2025-09-04T23:20:03.539663
TN 87 1040,7428,0.0,0.0,149.49,03/09/2025 18:20:28,13.010418333333334,80.003775,003775,2025-09-04T23:20:03.539887
TN 87 1040,7428,0.0,0.0,149.5,03/09/2025 18:20:18,13.010418333333334,80.003775,003775,2025-09-04T23:20:03.540087
TN 87 1040,7428,0.0,0.0,149.49,03/09/2025 18:20:08,13.010418333333334,80.003775,003775,2025-09-04T23:20:03.540275
TN 87 1040,7428,0.0,0.0,149.5,03/09/2025 18:20:01,13.010418333333334,80.003775,003775,2025-09-04T23:20:03.540464
TN 87 1040,7428,0.0,0.0,149.51,03/09/2025 18:19:49,13.010418333333334,80.003775,003775,2025-09-04T23:20:03.540630
TN 87 1040,7428,0.0,0.0,149.56,03/09/2025 18:19:39,13.010418333333334,80.003775,003775,2025-09-04T23:20:03.540807
TN 87 1040,7428,0.0,0.0,149.57,03/09/2025 18:19:30,13.010418333333334,80.003775,003775,2025-09-04T23:20:03.540979
TN 87 1040,7428,0.0,0.0,149.58,03/09/2025 18:19:19,13.010418333333334,80.003775,003775,2025-09-04T23:20:03.541158
TN 87 1040,7428,0.0,0.0,149.54,03/09/2025 18:19:09,13.010418333333334,80.003775,003775,2025-09-04T23:20:03.541312
TN 87 1040,7428,0.0,0.0,149.54,03/09/2025 18:19:03,13.010418333333334,80.003775,003775,2025-09-04T23:20:03.541483
TN 87 1040,7428,0.0,0.0,149.54,03/09/2025 18:18:49,13.010418333333334,80.003775,003775,2025-09-04T23:20:03.541682
TN 87 1040,7428,0.0,0.0,149.55,03/09/2025 18:18:40,13.010418333333334,80.003775,003775,2025-09-04T23:20:03.541874
TN 87 1040,7428,0.0,0.0,149.51,03/09/2025 18:18:30,13.010418333333334,80.003775,003775,2025-09-04T23:20:03.542072
TN 87 1040,7428,0.0,0.0,149.49,03/09/2025 18:18:20,13.010418333333334,80.003775,003775,2025-09-04T23:20:03.542260
TN 87 1040,7428,0.0,0.0,149.5,03/09/2025 18:18:10,13.010418333333334,80.003775,003775,2025-09-04T23:20:03.542426
TN 87 1040,7428,0.0,0.0,149.49,03/09/2025 18:18:03,13.010418333333334,80.003775,003775,2025-09-04T23:20:03.542594
TN 87 1040,7428,0.0,0.0,149.49,03/09/2025 18:17:51,13.010418333333334,80.003775,003775,2025-09-04T23:20:03.542757
TN 87 1040,7428,0.0,0.0,149.62,03/09/2025 18:17:40,13.010418333333334,80.003775,003775,2025-09-04T23:20:03.542890
TN 87 1040,7428,0.0,0.0,149.64,03/09/2025 18:17:31,13.010418333333334,80.003775,003775,2025-09-04T23:20:03.543015
TN 87 1040,7428,0.0,0.0,149.62,03/09/2025 18:17:21,13.010418333333334,80.003775,003775,2025-09-04T23:20:03.543138
TN 87 1040,7428,0.0,0.0,149.58,03/09/2025 18:17:11,13.010418333333334,80.003775,003775,2025-09-04T23:20:03.543285
TN 87 1040,7428,0.0,0.0,149.6,03/09/2025 18:17:04,13.010418333333334,80.003775,003775,2025-09-04T23:20:03.543442
TN 87 1040,7428,0.0,0.0,149.62,03/09/2025 18:16:51,13.010418333333334,80.003775,003775,2025-09-04T23:20:03.543581
TN 87 1040,7428,0.0,0.0,149.72,03/09/2025 18:16:41,13.010418333333334,80.003775,003775,2025-09-04T23:20:03.543766
TN 87 1040,7428,0.0,0.0,149.64,03/09/2025 18:16:31,13.010418333333334,80.003775,003775,2025-09-04T23:20:03.543935
TN 87 1040,7428,0.0,0.0,149.64,03/09/2025 18:16:22,13.010418333333334,80.003775,003775,2025-09-04T23:20:03.544093
TN 87 1040,7428,0.0,0.0,149.71,03/09/2025 18:16:12,13.010418333333334,80.003775,003775,2025-09-04T23:20:03.544256
TN 87 1040,7428,0.0,0.0,149.59,03/09/2025 18:16:05,13.010418333333334,80.003775,003775,2025-09-04T23:20:03.544416
TN 87 1040,7428,0.0,0.0,149.57,03/09/2025 18:15:52,13.010418333333334,80.003775,003775,2025-09-04T23:20:03.544583
TN 87 1040,7428,0.0,0.0,149.55,03/09/2025 18:15:42,13.010418333333334,80.003775,003775,2025-09-04T23:20:03.544803
TN 87 1040,7428,0.0,0.0,149.7,03/09/2025 18:15:32,13.010418333333334,80.003775,003775,2025-09-04T23:20:03.545049
TN 87 1040,7428,0.0,0.0,149.71,03/09/2025 18:15:23,13.010418333333334,80.003775,003775,2025-09-04T23:20:03.545255
TN 87 1040,7428,0.0,0.0,149.73,03/09/2025 18:15:13,13.010418333333334,80.003775,003775,2025-09-04T23:20:03.545432
TN 87 1040,7428,0.0,0.0,149.73,03/09/2025 18:15:05,13.010418333333334,80.003775,003775,2025-09-04T23:20:03.545584
TN 87 1040,7428,0.0,0.0,149.73,03/09/2025 18:14:53,13.010418333333334,80.003775,003775,2025-09-04T23:20:03.545758
TN 87 1040,7428,0.0,0.0,149.73,03/09/2025 18:14:43,13.010418333333334,80.003775,003775,2025-09-04T23:20:03.545917
TN 87 1040,7428,0.0,0.0,149.71,03/09/2025 18:14:34,13.010418333333334,80.003775,003775,2025-09-04T23:20:03.546087
TN 87 1040,7428,0.0,0.0,149.56,03/09/2025 18:14:23,13.010418333333334,80.003775,003775,2025-09-04T23:20:03.546252
TN 87 1040,7428,0.0,0.0,149.55,03/09/2025 18:14:13,13.010418333333334,80.003775,003775,2025-09-04T23:20:03.546483
TN 87 1040,7428,0.0,0.0,149.55,03/09/2025 18:14:08,13.010418333333334,80.003775,003775,2025-09-04T23:20:03.546687
TN 87 1040,7428,0.0,0.0,149.71,03/09/2025 18:13:54,13.010418333333334,80.003775,003775,2025-09-04T23:20:03.546881
TN 87 1040,7428,0.0,0.0,149.71,03/09/2025 18:13:44,13.010418333333334,80.003775,003775,2025-09-04T23:20:03.547090
TN 87 1040,7428,0.0,0.0,149.65,03/09/2025 18:13:34,13.010418333333334,80.003775,003775,2025-09-04T23:20:03.547299
TN 87 1040,7428,0.0,0.0,149.64,03/09/2025 18:13:24,13.010418333333334,80.003775,003775,2025-09-04T23:20:03.547495
TN 87 1040,7428,0.0,0.0,149.65,03/09/2025 18:13:14,13.010418333333334,80.003775,003775,2025-09-04T23:20:03.547697
TN 87 1040,7428,0.0,0.0,149.7,03/09/2025 18:13:07,13.010418333333334,80.003775,003775,2025-09-04T23:20:03.547913
TN 87 1040,7428,0.0,0.0,149.75,03/09/2025 18:12:55,13.010418333333334,80.003775,003775,2025-09-04T23:20:03.548138
TN 87 1040,7428,0.0,0.0,149.76,03/09/2025 18:12:45,13.010418333333334,80.003775,003775,2025-09-04T23:20:03.548352
TN 87 1040,7428,0.0,0.0,149.77,03/09/2025 18:12:35,13.010418333333334,80.003775,003775,2025-09-04T23:20:03.548576
TN 87 1040,7428,0.0,0.0,149.65,03/09/2025 18:12:25,13.010418333333334,80.003775,003775,2025-09-04T23:20:03.548768
TN 87 1040,7428,0.0,0.0,149.62,03/09/2025 18:12:15,13.010418333333334,80.003775,003775,2025-09-04T23:20:03.548964
TN 87 1040,7428,0.0,0.0,149.56,03/09/2025 18:12:08,13.010418333333334,80.003775,003775,2025-09-04T23:20:03.549132
TN 87 1040,7428,0.0,0.0,149.55,03/09/2025 18:11:55,13.010418333333334,80.003775,003775,2025-09-04T23:20:03.549317
TN 87 1040,7428,0.0,0.0,149.6,03/09/2025 18:11:46,13.010418333333334,80.003775,003775,2025-09-04T23:20:03.549485
TN 87 1040,7428,0.0,0.0,149.58,03/09/2025 18:11:36,13.010418333333334,80.003775,003775,2025-09-04T23:20:03.549671
TN 87 1040,7428,0.0,0.0,149.58,03/09/2025 18:11:26,13.010418333333334,80.003775,003775,2025-09-04T23:20:03.549865
TN 87 1040,7428,0.0,0.0,149.58,03/09/2025 18:11:16,13.010418333333334,80.003775,003775,2025-09-04T23:20:03.550057
TN 87 1040,7428,0.0,0.0,149.58,03/09/2025 18:11:09,13.010418333333334,80.003775,003775,2025-09-04T23:20:03.550248
TN 87 1040,7428,0.0,0.0,149.58,03/09/2025 18:10:56,13.010418333333334,80.003775,003775,2025-09-04T23:20:03.550423
TN 87 1040,7428,0.0,0.0,149.71,03/09/2025 18:10:46,13.010418333333334,80.003775,003775,2025-09-04T23:20:03.550599
TN 87 1040,7428,0.0,0.0,149.72,03/09/2025 18:10:37,13.010418333333334,80.003775,003775,2025-09-04T23:20:03.550777
TN 87 1040,7428,0.0,0.0,149.76,03/09/2025 18:10:27,13.010418333333334,80.003775,003775,2025-09-04T23:20:03.550967
TN 87 1040,7428,0.0,0.0,149.77,03/09/2025 18:10:17,13.010418333333334,80.003775,003775,2025-09-04T23:20:03.551155
TN 87 1040,7428,0.0,0.0,149.77,03/09/2025 18:10:10,13.010418333333334,80.003775,003775,2025-09-04T23:20:03.551326
TN 87 1040,7428,0.0,0.0,149.76,03/09/2025 18:09:57,13.010418333333334,80.003775,003775,2025-09-04T23:20:03.551502
TN 87 1040,7428,0.0,0.0,149.79,03/09/2025 18:09:47,13.010418333333334,80.003775,003775,2025-09-04T23:20:03.551663
TN 87 1040,7428,0.0,0.0,149.76,03/09/2025 18:09:38,13.010418333333334,80.003775,003775,2025-09-04T23:20:03.551835
TN 87 1040,7428,0.0,0.0,149.75,03/09/2025 18:09:29,13.010418333333334,80.003775,003775,2025-09-04T23:20:03.552004
TN 87 1040,7428,0.0,0.0,149.8,03/09/2025 18:09:18,13.010418333333334,80.003775,003775,2025-09-04T23:20:03.552172
TN 87 1040,7428,0.0,0.0,149.71,03/09/2025 18:09:11,13.010418333333334,80.003775,003775,2025-09-04T23:20:03.552336
TN 87 1040,7428,0.0,0.0,149.71,03/09/2025 18:08:58,13.010418333333334,80.003775,003775,2025-09-04T23:20:03.552497
TN 87 1040,7428,0.0,0.0,149.7,03/09/2025 18:08:48,13.010418333333334,80.003775,003775,2025-09-04T23:20:03.552664
TN 87 1040,7428,0.0,0.0,149.73,03/09/2025 18:08:39,13.010418333333334,80.003775,003775,2025-09-04T23:20:03.552823
TN 87 1040,7428,0.0,0.0,149.8,03/09/2025 18:08:28,13.010418333333334,80.003775,003775,2025-09-04T23:20:03.552985
TN 87 1040,7428,0.0,0.0,149.79,03/09/2025 18:08:19,13.010418333333334,80.003775,003775,2025-09-04T23:20:03.553150
TN 87 1040,7428,0.0,0.0,149.81,03/09/2025 18:08:13,13.010418333333334,80.003775,003775,2025-09-04T23:20:03.553316
TN 87 1040,7428,0.0,0.0,149.81,03/09/2025 18:07:59,13.010418333333334,80.003775,003775,2025-09-04T23:20:03.553478
TN 87 1040,7428,0.0,0.0,149.81,03/09/2025 18:07:50,13.010418333333334,80.003775,003775,2025-09-04T23:20:03.553637
TN 87 1040,7428,0.0,0.0,149.77,03/09/2025 18:07:39,13.010418333333334,80.003775,003775,2025-09-04T23:20:03.553800
TN 87 1040,7428,0.0,0.0,149.75,03/09/2025 18:07:29,13.010418333333334,80.003775,003775,2025-09-04T23:20:03.553978
TN 87 1040,7428,0.0,0.0,149.71,03/09/2025 18:07:19,13.010418333333334,80.003775,003775,2025-09-04T23:20:03.554130
TN 87 1040,7428,0.0,0.0,149.62,03/09/2025 18:07:12,13.010418333333334,80.003775,003775,2025-09-04T23:20:03.554281
TN 87 1040,7428,0.0,0.0,149.62,03/09/2025 18:07:00,13.010418333333334,80.003775,003775,2025-09-04T23:20:03.554447
TN 87 1040,7428,0.0,0.0,149.61,03/09/2025 18:06:50,13.010418333333334,80.003775,003775,2025-09-04T23:20:03.554638
TN 87 1040,7428,0.0,0.0,149.59,03/09/2025 18:06:40,13.010418333333334,80.003775,003775,2025-09-04T23:20:03.554847
TN 87 1040,7428,0.0,0.0,149.59,03/09/2025 18:06:30,13.010418333333334,80.003775,003775,2025-09-04T23:20:03.555114
TN 87 1040,7428,0.0,0.0,149.59,03/09/2025 18:06:20,13.010418333333334,80.003775,003775,2025-09-04T23:20:03.555333
TN 87 1040,7428,0.0,0.0,149.6,03/09/2025 18:06:13,13.010418333333334,80.003775,003775,2025-09-04T23:20:03.555512
TN 87 1040,7428,0.0,0.0,149.6,03/09/2025 18:06:01,13.010418333333334,80.003775,003775,2025-09-04T23:20:03.555691
TN 87 1040,7428,0.0,0.0,149.62,03/09/2025 18:05:51,13.010418333333334,80.003775,003775,2025-09-04T23:20:03.555838
TN 87 1040,7428,0.0,0.0,149.64,03/09/2025 18:05:41,13.010418333333334,80.003775,003775,2025-09-04T23:20:03.555968
TN 87 1040,7428,0.0,0.0,149.72,03/09/2025 18:05:31,13.010418333333334,80.003775,003775,2025-09-04T23:20:03.556131
TN 87 1040,7428,0.0,0.0,149.77,03/09/2025 18:05:22,13.010418333333334,80.003775,003775,2025-09-04T23:20:03.556308
TN 87 1040,7428,0.0,0.0,149.74,03/09/2025 18:05:14,13.010418333333334,80.003775,003775,2025-09-04T23:20:03.556449
TN 87 1040,7428,0.0,0.0,149.66,03/09/2025 18:05:01,13.010418333333334,80.003775,003775,2025-09-04T23:20:03.556574
TN 87 1040,7428,0.0,0.0,149.67,03/09/2025 18:04:51,13.010418333333334,80.003775,003775,2025-09-04T23:20:03.556721
TN 87 1040,7428,0.0,0.0,149.72,03/09/2025 18:04:42,13.010418333333334,80.003775,003775,2025-09-04T23:20:03.556911
TN 87 1040,7428,0.0,0.0,149.68,03/09/2025 18:04:32,13.010418333333334,80.003775,003775,2025-09-04T23:20:03.557072
TN 87 1040,7428,0.0,0.0,149.7,03/09/2025 18:04:22,13.010418333333334,80.003775,003775,2025-09-04T23:20:03.557202
TN 87 1040,7428,0.0,0.0,149.71,03/09/2025 18:04:15,13.010418333333334,80.003775,003775,2025-09-04T23:20:03.557357
TN 87 1040,7428,0.0,0.0,149.73,03/09/2025 18:04:02,13.010418333333334,80.003775,003775,2025-09-04T23:20:03.557539
TN 87 1040,7428,0.0,0.0,149.76,03/09/2025 18:03:52,13.010418333333334,80.003775,003775,2025-09-04T23:20:03.557672
TN 87 1040,7428,0.0,0.0,149.76,03/09/2025 18:03:43,13.010418333333334,80.003775,003775,2025-09-04T23:20:03.557814
TN 87 1040,7428,0.0,0.0,149.76,03/09/2025 18:03:33,13.010418333333334,80.003775,003775,2025-09-04T23:20:03.557941
TN 87 1040,7428,0.0,0.0,149.76,03/09/2025 18:03:23,13.010418333333334,80.003775,003775,2025-09-04T23:20:03.558080
TN 87 1040,7428,0.0,0.0,149.74,03/09/2025 18:03:17,13.010418333333334,80.003775,003775,2025-09-04T23:20:03.558228
TN 87 1040,7428,0.0,0.0,149.67,03/09/2025 18:03:03,13.010418333333334,80.003775,003775,2025-09-04T23:20:03.558356
TN 87 1040,7428,0.0,0.0,149.67,03/09/2025 18:02:54,13.010418333333334,80.003775,003775,2025-09-04T23:20:03.558489
TN 87 1040,7428,0.0,0.0,149.69,03/09/2025 18:02:43,13.010418333333334,80.003775,003775,2025-09-04T23:20:03.558624
TN 87 1040,7428,0.0,0.0,149.68,03/09/2025 18:02:33,13.010418333333334,80.003775,003775,2025-09-04T23:20:03.558748
TN 87 1040,7428,0.0,0.0,149.73,03/09/2025 18:02:24,13.010418333333334,80.003775,003775,2025-09-04T23:20:03.558877
TN 87 1040,7428,0.0,0.0,149.73,03/09/2025 18:02:17,13.010418333333334,80.003775,003775,2025-09-04T23:20:03.559004
TN 87 1040,7428,0.0,0.0,149.74,03/09/2025 18:02:04,13.010418333333334,80.003775,003775,2025-09-04T23:20:03.559148
TN 87 1040,7428,0.0,0.0,149.71,03/09/2025 18:01:54,13.010418333333334,80.003775,003775,2025-09-04T23:20:03.559311
TN 87 1040,7428,0.0,0.0,149.77,03/09/2025 18:01:44,13.010418333333334,80.003775,003775,2025-09-04T23:20:03.559447
TN 87 1040,7428,0.0,0.0,149.79,03/09/2025 18:01:34,13.010418333333334,80.003775,003775,2025-09-04T23:20:03.559634
TN 87 1040,7428,0.0,0.0,149.8,03/09/2025 18:01:24,13.010418333333334,80.003775,003775,2025-09-04T23:20:03.559843
TN 87 1040,7428,0.0,0.0,149.71,03/09/2025 18:01:17,13.010418333333334,80.003775,003775,2025-09-04T23:20:03.560082
TN 87 1040,7428,0.0,0.0,149.73,03/09/2025 18:01:05,13.010418333333334,80.003775,003775,2025-09-04T23:20:03.560302
TN 87 1040,7428,0.0,0.0,149.7,03/09/2025 18:00:55,13.010418333333334,80.003775,003775,2025-09-04T23:20:03.560485
TN 87 1040,7428,0.0,0.0,149.62,03/09/2025 18:00:45,13.010418333333334,80.003775,003775,2025-09-04T23:20:03.560674
TN 87 1040,7428,0.0,0.0,149.62,03/09/2025 18:00:35,13.010418333333334,80.003775,003775,2025-09-04T23:20:03.560881
TN 87 1040,7428,0.0,0.0,149.6,03/09/2025 18:00:26,13.010418333333334,80.003775,003775,2025-09-04T23:20:03.561159
TN 87 1040,7428,0.0,0.0,149.69,03/09/2025 18:00:18,13.010418333333334,80.003775,003775,2025-09-04T23:20:03.561359
TN 87 1040,7428,0.0,0.0,149.69,03/09/2025 18:00:06,13.010418333333334,80.003775,003775,2025-09-04T23:20:03.561543
TN 87 1040,7428,0.0,0.0,149.7,03/09/2025 17:59:56,13.010418333333334,80.003775,003775,2025-09-04T23:20:03.561774
TN 87 1040,7428,0.0,0.0,149.71,03/09/2025 17:59:46,13.010418333333334,80.003775,003775,2025-09-04T23:20:03.561984
TN 87 1040,7428,0.0,0.0,149.68,03/09/2025 17:59:36,13.010418333333334,80.003775,003775,2025-09-04T23:20:03.562182
TN 87 1040,7428,0.0,0.0,149.66,03/09/2025 17:59:26,13.010418333333334,80.003775,003775,2025-09-04T23:20:03.562351
TN 87 1040,7428,0.0,0.0,149.66,03/09/2025 17:59:19,13.010418333333334,80.003775,003775,2025-09-04T23:20:03.562509
TN 87 1040,7428,0.0,0.0,149.68,03/09/2025 17:59:07,13.010418333333334,80.003775,003775,2025-09-04T23:20:03.562664
TN 87 1040,7428,0.0,0.0,149.71,03/09/2025 17:58:57,13.010418333333334,80.003775,003775,2025-09-04T23:20:03.562850
TN 87 1040,7428,0.0,0.0,149.71,03/09/2025 17:58:47,13.010418333333334,80.003775,003775,2025-09-04T23:20:03.563032
TN 87 1040,7428,0.0,0.0,149.7,03/09/2025 17:58:38,13.010418333333334,80.003775,003775,2025-09-04T23:20:03.563168
TN 87 1040,7428,0.0,0.0,149.74,03/09/2025 17:58:27,13.010418333333334,80.003775,003775,2025-09-04T23:20:03.563296
TN 87 1040,7428,0.0,0.0,149.75,03/09/2025 17:58:20,13.010418333333334,80.003775,003775,2025-09-04T23:20:03.563446
TN 87 1040,7428,0.0,0.0,149.75,03/09/2025 17:58:07,13.010418333333334,80.003775,003775,2025-09-04T23:20:03.563588
TN 87 1040,7428,0.0,0.0,149.7,03/09/2025 17:57:58,13.010418333333334,80.003775,003775,2025-09-04T23:20:03.563765
TN 87 1040,7428,0.0,0.0,149.71,03/09/2025 17:57:49,13.010418333333334,80.003775,003775,2025-09-04T23:20:03.563938
TN 87 1040,7428,0.0,0.0,149.71,03/09/2025 17:57:38,13.010418333333334,80.003775,003775,2025-09-04T23:20:03.564102
TN 87 1040,7428,0.0,0.0,149.72,03/09/2025 17:57:28,13.010418333333334,80.003775,003775,2025-09-04T23:20:03.564235
TN 87 1040,7428,0.0,0.0,149.72,03/09/2025 17:57:22,13.010418333333334,80.003775,003775,2025-09-04T23:20:03.564396
TN 87 1040,7428,0.0,0.0,149.7,03/09/2025 17:57:08,13.010418333333334,80.003775,003775,2025-09-04T23:20:03.564572
TN 87 1040,7428,0.0,0.0,149.68,03/09/2025 17:56:59,13.010418333333334,80.003775,003775,2025-09-04T23:20:03.564784
TN 87 1040,7428,0.0,0.0,149.7,03/09/2025 17:56:48,13.010418333333334,80.003775,003775,2025-09-04T23:20:03.565007
TN 87 1040,7428,0.0,0.0,149.73,03/09/2025 17:56:39,13.010418333333334,80.003775,003775,2025-09-04T23:20:03.565205
TN 87 1040,7428,0.0,0.0,149.7,03/09/2025 17:56:29,13.010418333333334,80.003775,003775,2025-09-04T23:20:03.565391
TN 87 1040,7428,0.0,0.0,149.64,03/09/2025 17:56:22,13.010418333333334,80.003775,003775,2025-09-04T23:20:03.565552
TN 87 1040,7428,0.0,0.0,149.63,03/09/2025 17:56:10,13.010418333333334,80.003775,003775,2025-09-04T23:20:03.565731
TN 87 1040,7428,0.0,0.0,149.75,03/09/2025 17:55:59,13.010418333333334,80.003775,003775,2025-09-04T23:20:03.565901
TN 87 1040,7428,0.0,0.0,149.76,03/09/2025 17:55:49,13.010418333333334,80.003775,003775,2025-09-04T23:20:03.566079
TN 87 1040,7428,0.0,0.0,149.71,03/09/2025 17:55:40,13.010418333333334,80.003775,003775,2025-09-04T23:20:03.566251
TN 87 1040,7428,0.0,0.0,149.67,03/09/2025 17:55:30,13.010418333333334,80.003775,003775,2025-09-04T23:20:03.566416
TN 87 1040,7428,0.0,0.0,149.68,03/09/2025 17:55:23,13.010418333333334,80.003775,003775,2025-09-04T23:20:03.566581
TN 87 1040,7428,0.0,0.0,149.7,03/09/2025 17:55:10,13.010418333333334,80.003775,003775,2025-09-04T23:20:03.566750
TN 87 1040,7428,0.0,0.0,149.7,03/09/2025 17:55:00,13.010418333333334,80.003775,003775,2025-09-04T23:20:03.566908
TN 87 1040,7428,0.0,0.0,149.67,03/09/2025 17:54:50,13.010418333333334,80.003775,003775,2025-09-04T23:20:03.567074
TN 87 1040,7428,0.0,0.0,149.64,03/09/2025 17:54:40,13.010418333333334,80.003775,003775,2025-09-04T23:20:03.567231
TN 87 1040,7428,0.0,0.0,149.69,03/09/2025 17:54:31,13.010418333333334,80.003775,003775,2025-09-04T23:20:03.567406
TN 87 1040,7428,0.0,0.0,149.7,03/09/2025 17:54:23,13.010418333333334,80.003775,003775,2025-09-04T23:20:03.567575
TN 87 1040,7428,0.0,0.0,149.7,03/09/2025 17:54:11,13.010418333333334,80.003775,003775,2025-09-04T23:20:03.567741
TN 87 1040,7428,0.0,0.0,149.7,03/09/2025 17:54:01,13.010418333333334,80.003775,003775,2025-09-04T23:20:03.567909
TN 87 1040,7428,0.0,0.0,149.7,03/09/2025 17:53:51,13.010418333333334,80.003775,003775,2025-09-04T23:20:03.568127
TN 87 1040,7428,0.0,0.0,149.71,03/09/2025 17:53:42,13.010418333333334,80.003775,003775,2025-09-04T23:20:03.568324
TN 87 1040,7428,0.0,0.0,149.71,03/09/2025 17:53:31,13.010418333333334,80.003775,003775,2025-09-04T23:20:03.568489
TN 87 1040,7428,0.0,0.0,149.71,03/09/2025 17:53:24,13.010418333333334,80.003775,003775,2025-09-04T23:20:03.568652
TN 87 1040,7428,0.0,0.0,149.68,03/09/2025 17:53:12,13.010418333333334,80.003775,003775,2025-09-04T23:20:03.568809
TN 87 1040,7428,0.0,0.0,149.66,03/09/2025 17:53:02,13.010418333333334,80.003775,003775,2025-09-04T23:20:03.568986
TN 87 1040,7428,0.0,0.0,149.72,03/09/2025 17:52:52,13.010418333333334,80.003775,003775,2025-09-04T23:20:03.569146
TN 87 1040,7428,0.0,0.0,149.73,03/09/2025 17:52:42,13.010418333333334,80.003775,003775,2025-09-04T23:20:03.569308
TN 87 1040,7428,0.0,0.0,149.76,03/09/2025 17:52:32,13.010418333333334,80.003775,003775,2025-09-04T23:20:03.569465
TN 87 1040,7428,0.0,0.0,149.76,03/09/2025 17:52:26,13.010418333333334,80.003775,003775,2025-09-04T23:20:03.569696
TN 87 1040,7428,0.0,0.0,149.77,03/09/2025 17:52:12,13.010418333333334,80.003775,003775,2025-09-04T23:20:03.569903
TN 87 1040,7428,0.0,0.0,149.76,03/09/2025 17:52:03,13.010418333333334,80.003775,003775,2025-09-04T23:20:03.570099
TN 87 1040,7428,0.0,0.0,149.73,03/09/2025 17:51:53,13.010418333333334,80.003775,003775,2025-09-04T23:20:03.570270
TN 87 1040,7428,0.0,0.0,149.79,03/09/2025 17:51:43,13.010418333333334,80.003775,003775,2025-09-04T23:20:03.570455
TN 87 1040,7428,0.0,0.0,149.84,03/09/2025 17:51:33,13.010418333333334,80.003775,003775,2025-09-04T23:20:03.570628
TN 87 1040,7428,0.0,0.0,149.89,03/09/2025 17:51:27,13.010418333333334,80.003775,003775,2025-09-04T23:20:03.570794
TN 87 1040,7428,0.0,0.0,149.9,03/09/2025 17:51:14,13.010418333333334,80.003775,003775,2025-09-04T23:20:03.570992
TN 87 1040,7428,0.0,0.0,149.9,03/09/2025 17:51:03,13.010418333333334,80.003775,003775,2025-09-04T23:20:03.571194
TN 87 1040,7428,0.0,0.0,149.92,03/09/2025 17:50:54,13.010418333333334,80.003775,003775,2025-09-04T23:20:03.571362
TN 87 1040,7428,0.0,0.0,149.78,03/09/2025 17:50:44,13.010418333333334,80.003775,003775,2025-09-04T23:20:03.571558
TN 87 1040,7428,0.0,0.0,149.78,03/09/2025 17:50:34,13.010418333333334,80.003775,003775,2025-09-04T23:20:03.571709
TN 87 1040,7428,0.0,0.0,149.86,03/09/2025 17:50:27,13.010418333333334,80.003775,003775,2025-09-04T23:20:03.571842
TN 87 1040,7428,0.0,0.0,149.83,03/09/2025 17:50:14,13.010418333333334,80.003775,003775,2025-09-04T23:20:03.571992
TN 87 1040,7428,0.0,0.0,149.7,03/09/2025 17:50:04,13.010418333333334,80.003775,003775,2025-09-04T23:20:03.572154
TN 87 1040,7428,0.0,0.0,149.7,03/09/2025 17:49:54,13.010418333333334,80.003775,003775,2025-09-04T23:20:03.572284
TN 87 1040,7428,0.0,0.0,149.75,03/09/2025 17:49:45,13.010418333333334,80.003775,003775,2025-09-04T23:20:03.572436
TN 87 1040,7428,0.0,0.0,149.76,03/09/2025 17:49:35,13.010418333333334,80.003775,003775,2025-09-04T23:20:03.572587
TN 87 1040,7428,0.0,0.0,149.75,03/09/2025 17:49:28,13.010418333333334,80.003775,003775,2025-09-04T23:20:03.572742
TN 87 1040,7428,0.0,0.0,149.72,03/09/2025 17:49:15,13.010418333333334,80.003775,003775,2025-09-04T23:20:03.572871
TN 87 1040,7428,0.0,0.0,149.77,03/09/2025 17:49:05,13.010418333333334,80.003775,003775,2025-09-04T23:20:03.573010
TN 87 1040,7428,0.0,0.0,149.77,03/09/2025 17:48:55,13.010418333333334,80.003775,003775,2025-09-04T23:20:03.573236
TN 87 1040,7428,0.0,0.0,149.77,03/09/2025 17:48:46,13.010418333333334,80.003775,003775,2025-09-04T23:20:03.573438
TN 87 1040,7428,0.0,0.0,149.76,03/09/2025 17:48:37,13.010418333333334,80.003775,003775,2025-09-04T23:20:03.573611
TN 87 1040,7428,0.0,0.0,149.77,03/09/2025 17:48:29,13.010418333333334,80.003775,003775,2025-09-04T23:20:03.573777
TN 87 1040,7428,0.0,0.0,149.76,03/09/2025 17:48:16,13.010418333333334,80.003775,003775,2025-09-04T23:20:03.573945
TN 87 1040,7428,0.0,0.0,149.73,03/09/2025 17:48:06,13.010418333333334,80.003775,003775,2025-09-04T23:20:03.574131
TN 87 1040,7428,0.0,0.0,149.8,03/09/2025 17:47:56,13.010418333333334,80.003775,003775,2025-09-04T23:20:03.574298
TN 87 1040,7428,0.0,0.0,149.84,03/09/2025 17:47:47,13.010418333333334,80.003775,003775,2025-09-04T23:20:03.574570
TN 87 1040,7428,0.0,0.0,149.92,03/09/2025 17:47:36,13.010418333333334,80.003775,003775,2025-09-04T23:20:03.574771
TN 87 1040,7428,0.0,0.0,149.92,03/09/2025 17:47:29,13.010418333333334,80.003775,003775,2025-09-04T23:20:03.574977
TN 87 1040,7428,0.0,0.0,149.92,03/09/2025 17:47:17,13.010418333333334,80.003775,003775,2025-09-04T23:20:03.575218
TN 87 1040,7428,0.0,0.0,149.92,03/09/2025 17:47:07,13.010418333333334,80.003775,003775,2025-09-04T23:20:03.575418
TN 87 1040,7428,0.0,0.0,149.91,03/09/2025 17:46:58,13.010418333333334,80.003775,003775,2025-09-04T23:20:03.575619
TN 87 1040,7428,0.0,0.0,149.88,03/09/2025 17:46:47,13.010418333333334,80.003775,003775,2025-09-04T23:20:03.575801
TN 87 1040,7428,0.0,0.0,149.85,03/09/2025 17:46:37,13.010418333333334,80.003775,003775,2025-09-04T23:20:03.575974
TN 87 1040,7428,0.0,0.0,149.75,03/09/2025 17:46:31,13.010418333333334,80.003775,003775,2025-09-04T23:20:03.576143
TN 87 1040,7428,0.0,0.0,149.75,03/09/2025 17:46:18,13.010418333333334,80.003775,003775,2025-09-04T23:20:03.576309
TN 87 1040,7428,0.0,0.0,149.73,03/09/2025 17:46:09,13.010418333333334,80.003775,003775,2025-09-04T23:20:03.576474
TN 87 1040,7428,0.0,0.0,149.71,03/09/2025 17:45:58,13.010418333333334,80.003775,003775,2025-09-04T23:20:03.576640
TN 87 1040,7428,0.0,0.0,149.72,03/09/2025 17:45:48,13.010418333333334,80.003775,003775,2025-09-04T23:20:03.576801
TN 87 1040,7428,0.0,0.0,149.73,03/09/2025 17:45:38,13.010418333333334,80.003775,003775,2025-09-04T23:20:03.576965
TN 87 1040,7428,0.0,0.0,149.75,03/09/2025 17:45:31,13.010418333333334,80.003775,003775,2025-09-04T23:20:03.577119
TN 87 1040,7428,0.0,0.0,149.75,03/09/2025 17:45:19,13.010418333333334,80.003775,003775,2025-09-04T23:20:03.577291
TN 87 1040,7428,0.0,0.0,149.68,03/09/2025 17:45:09,13.010418333333334,80.003775,003775,2025-09-04T23:20:03.577448
TN 87 1040,7428,0.0,0.0,149.73,03/09/2025 17:44:59,13.010418333333334,80.003775,003775,2025-09-04T23:20:03.577614
TN 87 1040,7428,0.0,0.0,149.75,03/09/2025 17:44:49,13.010418333333334,80.003775,003775,2025-09-04T23:20:03.577769
TN 87 1040,7428,0.0,0.0,149.8,03/09/2025 17:44:39,13.010418333333334,80.003775,003775,2025-09-04T23:20:03.577931
TN 87 1040,7428,0.0,0.0,149.95,03/09/2025 17:44:32,13.010418333333334,80.003775,003775,2025-09-04T23:20:03.578096
TN 87 1040,7428,0.0,0.0,149.96,03/09/2025 17:44:19,13.010418333333334,80.003775,003775,2025-09-04T23:20:03.578253
TN 87 1040,7428,0.0,0.0,149.97,03/09/2025 17:44:09,13.010418333333334,80.003775,003775,2025-09-04T23:20:03.578421
TN 87 1040,7428,0.0,0.0,149.89,03/09/2025 17:44:00,13.010418333333334,80.003775,003775,2025-09-04T23:20:03.578587
TN 87 1040,7428,0.0,0.0,149.87,03/09/2025 17:43:50,13.010418333333334,80.003775,003775,2025-09-04T23:20:03.578742
TN 87 1040,7428,0.0,0.0,149.81,03/09/2025 17:43:40,13.010418333333334,80.003775,003775,2025-09-04T23:20:03.578903
TN 87 1040,7428,0.0,0.0,149.78,03/09/2025 17:43:33,13.010418333333334,80.003775,003775,2025-09-04T23:20:03.579117
TN 87 1040,7428,0.0,0.0,149.78,03/09/2025 17:43:20,13.010418333333334,80.003775,003775,2025-09-04T23:20:03.579287
TN 87 1040,7428,0.0,0.0,149.79,03/09/2025 17:43:10,13.010418333333334,80.003775,003775,2025-09-04T23:20:03.579462
TN 87 1040,7428,0.0,0.0,149.76,03/09/2025 17:43:00,13.010418333333334,80.003775,003775,2025-09-04T23:20:03.579681
TN 87 1040,7428,0.0,0.0,149.84,03/09/2025 17:42:51,13.010418333333334,80.003775,003775,2025-09-04T23:20:03.579903
TN 87 1040,7428,0.0,0.0,149.84,03/09/2025 17:42:41,13.010418333333334,80.003775,003775,2025-09-04T23:20:03.580160
TN 87 1040,7428,0.0,0.0,149.84,03/09/2025 17:42:34,13.010418333333334,80.003775,003775,2025-09-04T23:20:03.580376
TN 87 1040,7428,0.0,0.0,149.75,03/09/2025 17:42:21,13.010418333333334,80.003775,003775,2025-09-04T23:20:03.580565
TN 87 1040,7428,0.0,0.0,149.75,03/09/2025 17:42:11,13.010418333333334,80.003775,003775,2025-09-04T23:20:03.580746
TN 87 1040,7428,0.0,0.0,149.72,03/09/2025 17:42:02,13.010418333333334,80.003775,003775,2025-09-04T23:20:03.580950
TN 87 1040,7428,0.0,0.0,149.84,03/09/2025 17:41:51,13.010418333333334,80.003775,003775,2025-09-04T23:20:03.581147
TN 87 1040,7428,0.0,0.0,149.84,03/09/2025 17:41:42,13.010418333333334,80.003775,003775,2025-09-04T23:20:03.581317
TN 87 1040,7428,0.0,0.0,149.82,03/09/2025 17:41:36,13.010418333333334,80.003775,003775,2025-09-04T23:20:03.581487
TN 87 1040,7428,0.0,0.0,149.79,03/09/2025 17:41:22,13.010418333333334,80.003775,003775,2025-09-04T23:20:03.581658
TN 87 1040,7428,0.0,0.0,149.82,03/09/2025 17:41:12,13.010418333333334,80.003775,003775,2025-09-04T23:20:03.581847
TN 87 1040,7428,0.0,0.0,149.79,03/09/2025 17:41:02,13.010418333333334,80.003775,003775,2025-09-04T23:20:03.582050
TN 87 1040,7428,0.0,0.0,149.79,03/09/2025 17:40:52,13.010418333333334,80.003775,003775,2025-09-04T23:20:03.582262
TN 87 1040,7428,0.0,0.0,149.82,03/09/2025 17:40:42,13.010418333333334,80.003775,003775,2025-09-04T23:20:03.582463
TN 87 1040,7428,0.0,0.0,149.82,03/09/2025 17:40:37,13.010418333333334,80.003775,003775,2025-09-04T23:20:03.582638
TN 87 1040,7428,0.0,0.0,149.81,03/09/2025 17:40:23,13.010418333333334,80.003775,003775,2025-09-04T23:20:03.582813
TN 87 1040,7428,0.0,0.0,149.77,03/09/2025 17:40:13,13.010418333333334,80.003775,003775,2025-09-04T23:20:03.582978
TN 87 1040,7428,0.0,0.0,149.77,03/09/2025 17:40:03,13.010418333333334,80.003775,003775,2025-09-04T23:20:03.583143
TN 87 1040,7428,0.0,0.0,149.79,03/09/2025 17:39:53,13.010418333333334,80.003775,003775,2025-09-04T23:20:03.583310
TN 87 1040,7428,0.0,0.0,149.77,03/09/2025 17:39:43,13.010418333333334,80.003775,003775,2025-09-04T23:20:03.583468
TN 87 1040,7428,0.0,0.0,149.75,03/09/2025 17:39:36,13.010418333333334,80.003775,003775,2025-09-04T23:20:03.583632
TN 87 1040,7428,0.0,0.0,149.79,03/09/2025 17:39:19,13.010418333333334,80.003775,003775,2025-09-04T23:20:03.583797
TN 87 1040,7428,0.0,0.0,149.86,03/09/2025 17:39:09,13.010418333333334,80.003775,003775,2025-09-04T23:20:03.583955
TN 87 1040,7428,0.0,0.0,149.84,03/09/2025 17:38:59,13.010418333333334,80.003775,003775,2025-09-04T23:20:03.584118
TN 87 1040,7428,0.0,0.0,149.83,03/09/2025 17:38:49,13.010418333333334,80.003775,003775,2025-09-04T23:20:03.584276
TN 87 1040,7428,0.0,0.0,149.85,03/09/2025 17:38:40,13.010418333333334,80.003775,003775,2025-09-04T23:20:03.584437
TN 87 1040,7428,0.0,0.0,149.86,03/09/2025 17:38:29,13.010418333333334,80.003775,003775,2025-09-04T23:20:03.584619
TN 87 1040,7428,0.0,0.0,149.88,03/09/2025 17:38:19,13.010418333333334,80.003775,003775,2025-09-04T23:20:03.584819
TN 87 1040,7428,0.0,0.0,149.92,03/09/2025 17:38:13,13.010418333333334,80.003775,003775,2025-09-04T23:20:03.585003
TN 87 1040,7428,0.0,0.0,149.86,03/09/2025 17:37:46,13.010418333333334,80.003775,003775,2025-09-04T23:20:03.585198
TN 87 1040,7428,0.0,0.0,149.87,03/09/2025 17:37:38,13.010418333333334,80.003775,003775,2025-09-04T23:20:03.585389
TN 87 1040,7428,0.0,0.0,149.87,03/09/2025 17:37:25,13.010418333333334,80.003775,003775,2025-09-04T23:20:03.585564
TN 87 1040,7428,0.0,0.0,149.78,03/09/2025 17:37:15,13.010418333333334,80.003775,003775,2025-09-04T23:20:03.585737
TN 87 1040,7428,0.0,0.0,149.79,03/09/2025 17:37:05,13.010418333333334,80.003775,003775,2025-09-04T23:20:03.585901
TN 87 1040,7428,0.0,0.0,149.83,03/09/2025 17:36:57,13.010418333333334,80.003775,003775,2025-09-04T23:20:03.586065
TN 87 1040,7428,0.0,0.0,149.81,03/09/2025 17:36:46,13.010418333333334,80.003775,003775,2025-09-04T23:20:03.586250
TN 87 1040,7428,0.0,0.0,149.81,03/09/2025 17:36:39,13.010418333333334,80.003775,003775,2025-09-04T23:20:03.586475
TN 87 1040,7428,0.0,0.0,149.79,03/09/2025 17:36:26,13.010418333333334,80.003775,003775,2025-09-04T23:20:03.586673
TN 87 1040,7428,0.0,0.0,149.77,03/09/2025 17:36:16,13.010418333333334,80.003775,003775,2025-09-04T23:20:03.586849
TN 87 1040,7428,0.0,0.0,149.77,03/09/2025 17:36:07,13.010418333333334,80.003775,003775,2025-09-04T23:20:03.587057
TN 87 1040,7428,0.0,0.0,149.77,03/09/2025 17:35:56,13.010418333333334,80.003775,003775,2025-09-04T23:20:03.587263
TN 87 1040,7428,0.0,0.0,149.86,03/09/2025 17:35:47,13.010418333333334,80.003775,003775,2025-09-04T23:20:03.587460
TN 87 1040,7428,0.0,0.0,149.86,03/09/2025 17:35:41,13.010418333333334,80.003775,003775,2025-09-04T23:20:03.587664
TN 87 1040,7428,0.0,0.0,149.86,03/09/2025 17:35:27,13.010418333333334,80.003775,003775,2025-09-04T23:20:03.587872
TN 87 1040,7428,0.0,0.0,149.86,03/09/2025 17:35:18,13.010418333333334,80.003775,003775,2025-09-04T23:20:03.588061
TN 87 1040,7428,0.0,0.0,149.84,03/09/2025 17:35:07,13.010418333333334,80.003775,003775,2025-09-04T23:20:03.588268
TN 87 1040,7428,0.0,0.0,149.84,03/09/2025 17:34:57,13.010418333333334,80.003775,003775,2025-09-04T23:20:03.588474
TN 87 1040,7428,0.0,0.0,149.9,03/09/2025 17:34:47,13.010418333333334,80.003775,003775,2025-09-04T23:20:03.588641
TN 87 1040,7428,0.0,0.0,149.9,03/09/2025 17:34:40,13.010418333333334,80.003775,003775,2025-09-04T23:20:03.588811
TN 87 1040,7428,0.0,0.0,149.9,03/09/2025 17:34:28,13.010418333333334,80.003775,003775,2025-09-04T23:20:03.588999
TN 87 1040,7428,0.0,0.0,149.94,03/09/2025 17:34:18,13.010418333333334,80.003775,003775,2025-09-04T23:20:03.589193
TN 87 1040,7428,0.0,0.0,149.88,03/09/2025 17:34:08,13.010418333333334,80.003775,003775,2025-09-04T23:20:03.589363
TN 87 1040,7428,0.0,0.0,149.86,03/09/2025 17:33:58,13.010418333333334,80.003775,003775,2025-09-04T23:20:03.589529
TN 87 1040,7428,0.0,0.0,149.93,03/09/2025 17:33:48,13.010418333333334,80.003775,003775,2025-09-04T23:20:03.589715
TN 87 1040,7428,0.0,0.0,149.84,03/09/2025 17:33:41,13.010418333333334,80.003775,003775,2025-09-04T23:20:03.589919
TN 87 1040,7428,0.0,0.0,149.86,03/09/2025 17:33:29,13.010418333333334,80.003775,003775,2025-09-04T23:20:03.590128
TN 87 1040,7428,0.0,0.0,149.86,03/09/2025 17:33:19,13.010418333333334,80.003775,003775,2025-09-04T23:20:03.590298
TN 87 1040,7428,0.0,0.0,149.82,03/09/2025 17:33:09,13.010418333333334,80.003775,003775,2025-09-04T23:20:03.590466
TN 87 1040,7428,0.0,0.0,149.82,03/09/2025 17:32:59,13.010418333333334,80.003775,003775,2025-09-04T23:20:03.590657
TN 87 1040,7428,0.0,0.0,149.82,03/09/2025 17:32:50,13.010418333333334,80.003775,003775,2025-09-04T23:20:03.590821
TN 87 1040,7428,0.0,0.0,149.79,03/09/2025 17:32:42,13.010418333333334,80.003775,003775,2025-09-04T23:20:03.591009
TN 87 1040,7428,0.0,0.0,149.79,03/09/2025 17:32:29,13.010418333333334,80.003775,003775,2025-09-04T23:20:03.591196
TN 87 1040,7428,0.0,0.0,149.75,03/09/2025 17:32:20,13.010418333333334,80.003775,003775,2025-09-04T23:20:03.591376
TN 87 1040,7428,0.0,0.0,149.82,03/09/2025 17:32:10,13.010418333333334,80.003775,003775,2025-09-04T23:20:03.591548
TN 87 1040,7428,0.0,0.0,149.82,03/09/2025 17:32:00,13.010418333333334,80.003775,003775,2025-09-04T23:20:03.591709
TN 87 1040,7428,0.0,0.0,149.82,03/09/2025 17:31:50,13.010418333333334,80.003775,003775,2025-09-04T23:20:03.591879
TN 87 1040,7428,0.0,0.0,149.84,03/09/2025 17:31:43,13.010418333333334,80.003775,003775,2025-09-04T23:20:03.592037
TN 87 1040,7428,0.0,0.0,149.87,03/09/2025 17:31:30,13.010418333333334,80.003775,003775,2025-09-04T23:20:03.592203
TN 87 1040,7428,0.0,0.0,149.87,03/09/2025 17:31:20,13.010418333333334,80.003775,003775,2025-09-04T23:20:03.592363
TN 87 1040,7428,0.0,0.0,149.86,03/09/2025 17:31:11,13.010418333333334,80.003775,003775,2025-09-04T23:20:03.592527
TN 87 1040,7428,0.0,0.0,149.92,03/09/2025 17:31:01,13.010418333333334,80.003775,003775,2025-09-04T23:20:03.592697
TN 87 1040,7428,0.0,0.0,149.94,03/09/2025 17:30:51,13.010418333333334,80.003775,003775,2025-09-04T23:20:03.592855
TN 87 1040,7428,0.0,0.0,149.95,03/09/2025 17:30:45,13.010418333333334,80.003775,003775,2025-09-04T23:20:03.593021
TN 87 1040,7428,0.0,0.0,149.95,03/09/2025 17:30:31,13.010418333333334,80.003775,003775,2025-09-04T23:20:03.593179
TN 87 1040,7428,0.0,0.0,149.81,03/09/2025 17:30:22,13.010418333333334,80.003775,003775,2025-09-04T23:20:03.593308
TN 87 1040,7428,0.0,0.0,149.77,03/09/2025 17:30:11,13.010418333333334,80.003775,003775,2025-09-04T23:20:03.593471
TN 87 1040,7428,0.0,0.0,149.76,03/09/2025 17:30:02,13.010418333333334,80.003775,003775,2025-09-04T23:20:03.593628
TN 87 1040,7428,0.0,0.0,149.88,03/09/2025 17:29:52,13.010418333333334,80.003775,003775,2025-09-04T23:20:03.593791
TN 87 1040,7428,0.0,0.0,149.89,03/09/2025 17:29:46,13.010418333333334,80.003775,003775,2025-09-04T23:20:03.593949
TN 87 1040,7428,0.0,0.0,149.91,03/09/2025 17:29:32,13.010418333333334,80.003775,003775,2025-09-04T23:20:03.594112
TN 87 1040,7428,0.0,0.0,149.89,03/09/2025 17:29:22,13.010418333333334,80.003775,003775,2025-09-04T23:20:03.594269
TN 87 1040,7428,0.0,0.0,149.87,03/09/2025 17:29:12,13.010418333333334,80.003775,003775,2025-09-04T23:20:03.594434
TN 87 1040,7428,0.0,0.0,149.84,03/09/2025 17:29:02,13.010418333333334,80.003775,003775,2025-09-04T23:20:03.594612
TN 87 1040,7428,0.0,0.0,149.84,03/09/2025 17:28:53,13.010418333333334,80.003775,003775,2025-09-04T23:20:03.594845
TN 87 1040,7428,0.0,0.0,149.84,03/09/2025 17:28:46,13.010418333333334,80.003775,003775,2025-09-04T23:20:03.595094
TN 87 1040,7428,0.0,0.0,149.82,03/09/2025 17:28:34,13.010418333333334,80.003775,003775,2025-09-04T23:20:03.595343
TN 87 1040,7428,0.0,0.0,149.89,03/09/2025 17:28:23,13.010418333333334,80.003775,003775,2025-09-04T23:20:03.595541
TN 87 1040,7428,0.0,0.0,149.9,03/09/2025 17:28:13,13.010418333333334,80.003775,003775,2025-09-04T23:20:03.595722
TN 87 1040,7428,0.0,0.0,149.9,03/09/2025 17:28:03,13.010418333333334,80.003775,003775,2025-09-04T23:20:03.595881
TN 87 1040,7428,0.0,0.0,149.93,03/09/2025 17:27:54,13.010418333333334,80.003775,003775,2025-09-04T23:20:03.596037
TN 87 1040,7428,0.0,0.0,149.94,03/09/2025 17:27:46,13.010418333333334,80.003775,003775,2025-09-04T23:20:03.596241
TN 87 1040,7428,0.0,0.0,149.93,03/09/2025 17:27:34,13.010418333333334,80.003775,003775,2025-09-04T23:20:03.596386
TN 87 1040,7428,0.0,0.0,149.9,03/09/2025 17:27:24,13.010418333333334,80.003775,003775,2025-09-04T23:20:03.596561
TN 87 1040,7428,0.0,0.0,149.98,03/09/2025 17:27:14,13.010418333333334,80.003775,003775,2025-09-04T23:20:03.596733
TN 87 1040,7428,0.0,0.0,150.04,03/09/2025 17:27:04,13.010418333333334,80.003775,003775,2025-09-04T23:20:03.596901
TN 87 1040,7428,0.0,0.0,150.06,03/09/2025 17:26:55,13.010418333333334,80.003775,003775,2025-09-04T23:20:03.597064
TN 87 1040,7428,0.0,0.0,150.06,03/09/2025 17:26:47,13.010418333333334,80.003775,003775,2025-09-04T23:20:03.597233
TN 87 1040,7428,0.0,0.0,150.05,03/09/2025 17:26:35,13.010418333333334,80.003775,003775,2025-09-04T23:20:03.597396
TN 87 1040,7428,0.0,0.0,150.03,03/09/2025 17:26:25,13.010418333333334,80.003775,003775,2025-09-04T23:20:03.597563
TN 87 1040,7428,0.0,0.0,149.88,03/09/2025 17:26:15,13.010418333333334,80.003775,003775,2025-09-04T23:20:03.597722
TN 87 1040,7428,0.0,0.0,149.86,03/09/2025 17:26:06,13.010418333333334,80.003775,003775,2025-09-04T23:20:03.597886
TN 87 1040,7428,0.0,0.0,149.79,03/09/2025 17:25:55,13.010418333333334,80.003775,003775,2025-09-04T23:20:03.598055
TN 87 1040,7428,0.0,0.0,149.91,03/09/2025 17:25:48,13.010418333333334,80.003775,003775,2025-09-04T23:20:03.598216
TN 87 1040,7428,0.0,0.0,149.91,03/09/2025 17:25:35,13.010418333333334,80.003775,003775,2025-09-04T23:20:03.598386
TN 87 1040,7428,0.0,0.0,149.9,03/09/2025 17:25:26,13.010418333333334,80.003775,003775,2025-09-04T23:20:03.598555
TN 87 1040,7428,0.0,0.0,149.89,03/09/2025 17:25:16,13.010418333333334,80.003775,003775,2025-09-04T23:20:03.598714
TN 87 1040,7428,0.0,0.0,149.95,03/09/2025 17:25:06,13.010418333333334,80.003775,003775,2025-09-04T23:20:03.598877
TN 87 1040,7428,0.0,0.0,149.97,03/09/2025 17:24:56,13.010418333333334,80.003775,003775,2025-09-04T23:20:03.599037
TN 87 1040,7428,0.0,0.0,149.96,03/09/2025 17:24:50,13.010418333333334,80.003775,003775,2025-09-04T23:20:03.599203
TN 87 1040,7428,0.0,0.0,149.81,03/09/2025 17:24:36,13.010418333333334,80.003775,003775,2025-09-04T23:20:03.599365
TN 87 1040,7428,0.0,0.0,149.8,03/09/2025 17:24:27,13.010418333333334,80.003775,003775,2025-09-04T23:20:03.599539
TN 87 1040,7428,0.0,0.0,149.86,03/09/2025 17:24:17,13.010418333333334,80.003775,003775,2025-09-04T23:20:03.599780
TN 87 1040,7428,0.0,0.0,149.85,03/09/2025 17:24:07,13.010418333333334,80.003775,003775,2025-09-04T23:20:03.600047
TN 87 1040,7428,0.0,0.0,149.82,03/09/2025 17:23:57,13.010418333333334,80.003775,003775,2025-09-04T23:20:03.600299
TN 87 1040,7428,0.0,0.0,149.81,03/09/2025 17:23:50,13.010418333333334,80.003775,003775,2025-09-04T23:20:03.600465
TN 87 1040,7428,0.0,0.0,149.88,03/09/2025 17:23:38,13.010418333333334,80.003775,003775,2025-09-04T23:20:03.600653
TN 87 1040,7428,0.0,0.0,149.9,03/09/2025 17:23:27,13.010418333333334,80.003775,003775,2025-09-04T23:20:03.600853
TN 87 1040,7428,0.0,0.0,149.92,03/09/2025 17:23:17,13.010418333333334,80.003775,003775,2025-09-04T23:20:03.601074
TN 87 1040,7428,0.0,0.0,149.89,03/09/2025 17:23:08,13.010418333333334,80.003775,003775,2025-09-04T23:20:03.601286
TN 87 1040,7428,0.0,0.0,149.87,03/09/2025 17:22:58,13.010418333333334,80.003775,003775,2025-09-04T23:20:03.601497
TN 87 1040,7428,0.0,0.0,149.95,03/09/2025 17:22:51,13.010418333333334,80.003775,003775,2025-09-04T23:20:03.601714
TN 87 1040,7428,0.0,0.0,149.9,03/09/2025 17:22:38,13.010418333333334,80.003775,003775,2025-09-04T23:20:03.601902
TN 87 1040,7428,0.0,0.0,149.86,03/09/2025 17:22:28,13.010418333333334,80.003775,003775,2025-09-04T23:20:03.602098
TN 87 1040,7428,0.0,0.0,149.92,03/09/2025 17:22:18,13.010418333333334,80.003775,003775,2025-09-04T23:20:03.602279
TN 87 1040,7428,0.0,0.0,149.95,03/09/2025 17:22:08,13.010418333333334,80.003775,003775,2025-09-04T23:20:03.602460
TN 87 1040,7428,0.0,0.0,149.94,03/09/2025 17:21:59,13.010418333333334,80.003775,003775,2025-09-04T23:20:03.602620
TN 87 1040,7428,0.0,0.0,149.94,03/09/2025 17:21:52,13.010418333333334,80.003775,003775,2025-09-04T23:20:03.602789
TN 87 1040,7428,0.0,0.0,149.9,03/09/2025 17:21:39,13.010418333333334,80.003775,003775,2025-09-04T23:20:03.602957
TN 87 1040,7428,0.0,0.0,149.91,03/09/2025 17:21:29,13.010418333333334,80.003775,003775,2025-09-04T23:20:03.603158
TN 87 1040,7428,0.0,0.0,149.88,03/09/2025 17:21:19,13.010418333333334,80.003775,003775,2025-09-04T23:20:03.603363
TN 87 1040,7428,0.0,0.0,149.85,03/09/2025 17:21:10,13.010418333333334,80.003775,003775,2025-09-04T23:20:03.603546
TN 87 1040,7428,0.0,0.0,149.86,03/09/2025 17:20:59,13.010418333333334,80.003775,003775,2025-09-04T23:20:03.603736
TN 87 1040,7428,0.0,0.0,149.82,03/09/2025 17:20:52,13.010418333333334,80.003775,003775,2025-09-04T23:20:03.603909
TN 87 1040,7428,0.0,0.0,149.83,03/09/2025 17:20:40,13.010418333333334,80.003775,003775,2025-09-04T23:20:03.604093
TN 87 1040,7428,0.0,0.0,149.86,03/09/2025 17:20:30,13.010418333333334,80.003775,003775,2025-09-04T23:20:03.604263
TN 87 1040,7428,0.0,0.0,149.84,03/09/2025 17:20:20,13.010418333333334,80.003775,003775,2025-09-04T23:20:03.604434
TN 87 1040,7428,0.0,0.0,149.84,03/09/2025 17:20:10,13.010418333333334,80.003775,003775,2025-09-04T23:20:03.604601
TN 87 1040,7428,0.0,0.0,149.88,03/09/2025 17:20:00,13.010418333333334,80.003775,003775,2025-09-04T23:20:03.604792
TN 87 1040,7428,0.0,0.0,149.88,03/09/2025 17:19:54,13.010418333333334,80.003775,003775,2025-09-04T23:20:03.604977
TN 87 1040,7428,0.0,0.0,149.9,03/09/2025 17:19:41,13.010418333333334,80.003775,003775,2025-09-04T23:20:03.605199
TN 87 1040,7428,0.0,0.0,149.93,03/09/2025 17:19:31,13.010418333333334,80.003775,003775,2025-09-04T23:20:03.605402
TN 87 1040,7428,0.0,0.0,149.9,03/09/2025 17:19:21,13.010418333333334,80.003775,003775,2025-09-04T23:20:03.605607
TN 87 1040,7428,0.0,0.0,149.92,03/09/2025 17:19:11,13.010418333333334,80.003775,003775,2025-09-04T23:20:03.605787
TN 87 1040,7428,0.0,0.0,149.92,03/09/2025 17:19:01,13.010418333333334,80.003775,003775,2025-09-04T23:20:03.605958
TN 87 1040,7428,0.0,0.0,149.87,03/09/2025 17:18:55,13.010418333333334,80.003775,003775,2025-09-04T23:20:03.606128
TN 87 1040,7428,0.0,0.0,149.86,03/09/2025 17:18:42,13.010418333333334,80.003775,003775,2025-09-04T23:20:03.606288
TN 87 1040,7428,0.0,0.0,149.84,03/09/2025 17:18:32,13.010418333333334,80.003775,003775,2025-09-04T23:20:03.606458
TN 87 1040,7428,0.0,0.0,149.87,03/09/2025 17:18:22,13.010418333333334,80.003775,003775,2025-09-04T23:20:03.606632
TN 87 1040,7428,0.0,0.0,149.88,03/09/2025 17:18:12,13.010418333333334,80.003775,003775,2025-09-04T23:20:03.606808
TN 87 1040,7428,0.0,0.0,149.87,03/09/2025 17:18:02,13.010418333333334,80.003775,003775,2025-09-04T23:20:03.606953
TN 87 1040,7428,0.0,0.0,150.0,03/09/2025 17:17:55,13.010418333333334,80.003775,003775,2025-09-04T23:20:03.607121
TN 87 1040,7428,0.0,0.0,150.0,03/09/2025 17:17:43,13.010418333333334,80.003775,003775,2025-09-04T23:20:03.607287
TN 87 1040,7428,0.0,0.0,149.97,03/09/2025 17:17:32,13.010418333333334,80.003775,003775,2025-09-04T23:20:03.607454
TN 87 1040,7428,0.0,0.0,149.89,03/09/2025 17:17:23,13.010418333333334,80.003775,003775,2025-09-04T23:20:03.607631
TN 87 1040,7428,0.0,0.0,149.87,03/09/2025 17:17:13,13.010418333333334,80.003775,003775,2025-09-04T23:20:03.607805
TN 87 1040,7428,0.0,0.0,149.78,03/09/2025 17:17:03,13.010418333333334,80.003775,003775,2025-09-04T23:20:03.607972
TN 87 1040,7428,0.0,0.0,149.87,03/09/2025 17:16:56,13.010418333333334,80.003775,003775,2025-09-04T23:20:03.608137
TN 87 1040,7428,0.0,0.0,149.87,03/09/2025 17:16:43,13.010418333333334,80.003775,003775,2025-09-04T23:20:03.608294
TN 87 1040,7428,0.0,0.0,149.89,03/09/2025 17:16:33,13.010418333333334,80.003775,003775,2025-09-04T23:20:03.608466
TN 87 1040,7428,0.0,0.0,149.92,03/09/2025 17:16:23,13.010418333333334,80.003775,003775,2025-09-04T23:20:03.608645
TN 87 1040,7428,0.0,0.0,149.88,03/09/2025 17:16:14,13.010418333333334,80.003775,003775,2025-09-04T23:20:03.608861
TN 87 1040,7428,0.0,0.0,149.88,03/09/2025 17:16:05,13.010418333333334,80.003775,003775,2025-09-04T23:20:03.609067
TN 87 1040,7428,0.0,0.0,149.9,03/09/2025 17:15:57,13.010418333333334,80.003775,003775,2025-09-04T23:20:03.609277
TN 87 1040,7428,0.0,0.0,149.97,03/09/2025 17:15:44,13.010418333333334,80.003775,003775,2025-09-04T23:20:03.609489
TN 87 1040,7428,0.0,0.0,149.94,03/09/2025 17:15:34,13.010418333333334,80.003775,003775,2025-09-04T23:20:03.609705
TN 87 1040,7428,0.0,0.0,149.89,03/09/2025 17:15:24,13.010418333333334,80.003775,003775,2025-09-04T23:20:03.609947
TN 87 1040,7428,0.0,0.0,149.88,03/09/2025 17:15:15,13.010418333333334,80.003775,003775,2025-09-04T23:20:03.610143
TN 87 1040,7428,0.0,0.0,149.88,03/09/2025 17:15:05,13.010418333333334,80.003775,003775,2025-09-04T23:20:03.610338
TN 87 1040,7428,0.0,0.0,149.88,03/09/2025 17:14:57,13.010418333333334,80.003775,003775,2025-09-04T23:20:03.610546
TN 87 1040,7428,0.0,0.0,149.88,03/09/2025 17:14:45,13.010418333333334,80.003775,003775,2025-09-04T23:20:03.610765
TN 87 1040,7428,0.0,0.0,149.99,03/09/2025 17:14:35,13.010418333333334,80.003775,003775,2025-09-04T23:20:03.610985
TN 87 1040,7428,0.0,0.0,149.98,03/09/2025 17:14:26,13.010418333333334,80.003775,003775,2025-09-04T23:20:03.611218
TN 87 1040,7428,0.0,0.0,149.98,03/09/2025 17:14:15,13.010418333333334,80.003775,003775,2025-09-04T23:20:03.611440
TN 87 1040,7428,0.0,0.0,149.99,03/09/2025 17:14:05,13.010418333333334,80.003775,003775,2025-09-04T23:20:03.611671
TN 87 1040,7428,0.0,0.0,150.01,03/09/2025 17:14:00,13.010418333333334,80.003775,003775,2025-09-04T23:20:03.611879
TN 87 1040,7428,0.0,0.0,149.99,03/09/2025 17:13:46,13.010418333333334,80.003775,003775,2025-09-04T23:20:03.612070
TN 87 1040,7428,0.0,0.0,149.88,03/09/2025 17:13:36,13.010418333333334,80.003775,003775,2025-09-04T23:20:03.612271
TN 87 1040,7428,0.0,0.0,149.86,03/09/2025 17:13:26,13.010418333333334,80.003775,003775,2025-09-04T23:20:03.612473
TN 87 1040,7428,0.0,0.0,149.89,03/09/2025 17:13:16,13.010418333333334,80.003775,003775,2025-09-04T23:20:03.612675
TN 87 1040,7428,0.0,0.0,149.9,03/09/2025 17:13:06,13.010418333333334,80.003775,003775,2025-09-04T23:20:03.612897
TN 87 1040,7428,0.0,0.0,149.9,03/09/2025 17:12:59,13.010418333333334,80.003775,003775,2025-09-04T23:20:03.613114
TN 87 1040,7428,0.0,0.0,149.91,03/09/2025 17:12:47,13.010418333333334,80.003775,003775,2025-09-04T23:20:03.613300
TN 87 1040,7428,0.0,0.0,149.9,03/09/2025 17:12:37,13.010418333333334,80.003775,003775,2025-09-04T23:20:03.613475
TN 87 1040,7428,0.0,0.0,149.9,03/09/2025 17:12:27,13.010418333333334,80.003775,003775,2025-09-04T23:20:03.613666
TN 87 1040,7428,0.0,0.0,149.9,03/09/2025 17:12:17,13.010418333333334,80.003775,003775,2025-09-04T23:20:03.613842
TN 87 1040,7428,0.0,0.0,149.89,03/09/2025 17:12:07,13.010418333333334,80.003775,003775,2025-09-04T23:20:03.614022
TN 87 1040,7428,0.0,0.0,149.83,03/09/2025 17:12:00,13.010418333333334,80.003775,003775,2025-09-04T23:20:03.614228
TN 87 1040,7428,0.0,0.0,149.77,03/09/2025 17:11:47,13.010418333333334,80.003775,003775,2025-09-04T23:20:03.614445
TN 87 1040,7428,0.0,0.0,149.88,03/09/2025 17:11:38,13.010418333333334,80.003775,003775,2025-09-04T23:20:03.614651
TN 87 1040,7428,0.0,0.0,149.88,03/09/2025 17:11:28,13.010418333333334,80.003775,003775,2025-09-04T23:20:03.614888
TN 87 1040,7428,0.0,0.0,149.89,03/09/2025 17:11:18,13.010418333333334,80.003775,003775,2025-09-04T23:20:03.615105
TN 87 1040,7428,0.0,0.0,149.86,03/09/2025 17:11:08,13.010418333333334,80.003775,003775,2025-09-04T23:20:03.615381
TN 87 1040,7428,0.0,0.0,149.86,03/09/2025 17:11:01,13.010418333333334,80.003775,003775,2025-09-04T23:20:03.615638
TN 87 1040,7428,0.0,0.0,149.85,03/09/2025 17:10:48,13.010418333333334,80.003775,003775,2025-09-04T23:20:03.615826
TN 87 1040,7428,0.0,0.0,149.84,03/09/2025 17:10:38,13.010418333333334,80.003775,003775,2025-09-04T23:20:03.616043
TN 87 1040,7428,0.0,0.0,149.92,03/09/2025 17:10:29,13.010418333333334,80.003775,003775,2025-09-04T23:20:03.616240
TN 87 1040,7428,0.0,0.0,149.86,03/09/2025 17:10:19,13.010418333333334,80.003775,003775,2025-09-04T23:20:03.616427
TN 87 1040,7428,0.0,0.0,149.85,03/09/2025 17:10:09,13.010418333333334,80.003775,003775,2025-09-04T23:20:03.616589
TN 87 1040,7428,0.0,0.0,149.84,03/09/2025 17:10:02,13.010418333333334,80.003775,003775,2025-09-04T23:20:03.616756
TN 87 1040,7428,0.0,0.0,149.84,03/09/2025 17:09:49,13.010418333333334,80.003775,003775,2025-09-04T23:20:03.616924
TN 87 1040,7428,0.0,0.0,149.82,03/09/2025 17:09:39,13.010418333333334,80.003775,003775,2025-09-04T23:20:03.617108
TN 87 1040,7428,0.0,0.0,149.81,03/09/2025 17:09:30,13.010418333333334,80.003775,003775,2025-09-04T23:20:03.617286
TN 87 1040,7428,0.0,0.0,150.04,03/09/2025 17:09:19,13.010418333333334,80.003775,003775,2025-09-04T23:20:03.617431
TN 87 1040,7428,0.0,0.0,150.07,03/09/2025 17:09:10,13.010418333333334,80.003775,003775,2025-09-04T23:20:03.617574
TN 87 1040,7428,0.0,0.0,150.09,03/09/2025 17:09:04,13.010418333333334,80.003775,003775,2025-09-04T23:20:03.617740
TN 87 1040,7428,0.0,0.0,149.91,03/09/2025 17:08:50,13.010418333333334,80.003775,003775,2025-09-04T23:20:03.617929
TN 87 1040,7428,0.0,0.0,149.9,03/09/2025 17:08:40,13.010418333333334,80.003775,003775,2025-09-04T23:20:03.618094
TN 87 1040,7428,0.0,0.0,149.96,03/09/2025 17:08:30,13.010418333333334,80.003775,003775,2025-09-04T23:20:03.618238
TN 87 1040,7428,0.0,0.0,149.85,03/09/2025 17:08:20,13.010418333333334,80.003775,003775,2025-09-04T23:20:03.618415
TN 87 1040,7428,0.0,0.0,149.84,03/09/2025 17:08:10,13.010418333333334,80.003775,003775,2025-09-04T23:20:03.618591
TN 87 1040,7428,0.0,0.0,149.83,03/09/2025 17:08:05,13.010418333333334,80.003775,003775,2025-09-04T23:20:03.618732
TN 87 1040,7428,0.0,0.0,149.83,03/09/2025 17:07:51,13.010418333333334,80.003775,003775,2025-09-04T23:20:03.618877
TN 87 1040,7428,0.0,0.0,149.86,03/09/2025 17:07:42,13.010418333333334,80.003775,003775,2025-09-04T23:20:03.619082
TN 87 1040,7428,0.0,0.0,149.85,03/09/2025 17:07:31,13.010418333333334,80.003775,003775,2025-09-04T23:20:03.619285
TN 87 1040,7428,0.0,0.0,149.85,03/09/2025 17:07:21,13.010418333333334,80.003775,003775,2025-09-04T23:20:03.619477
TN 87 1040,7428,0.0,0.0,149.86,03/09/2025 17:07:11,13.010418333333334,80.003775,003775,2025-09-04T23:20:03.619683
TN 87 1040,7428,0.0,0.0,149.91,03/09/2025 17:07:04,13.010418333333334,80.003775,003775,2025-09-04T23:20:03.619897
TN 87 1040,7428,0.0,0.0,149.94,03/09/2025 17:06:53,13.010418333333334,80.003775,003775,2025-09-04T23:20:03.620110
TN 87 1040,7428,0.0,0.0,149.87,03/09/2025 17:06:42,13.010418333333334,80.003775,003775,2025-09-04T23:20:03.620315
TN 87 1040,7428,0.0,0.0,149.85,03/09/2025 17:06:32,13.010418333333334,80.003775,003775,2025-09-04T23:20:03.620512
TN 87 1040,7428,0.0,0.0,149.86,03/09/2025 17:06:22,13.010418333333334,80.003775,003775,2025-09-04T23:20:03.620680
TN 87 1040,7428,0.0,0.0,149.86,03/09/2025 17:06:12,13.010418333333334,80.003775,003775,2025-09-04T23:20:03.620846
TN 87 1040,7428,0.0,0.0,149.87,03/09/2025 17:06:05,13.010418333333334,80.003775,003775,2025-09-04T23:20:03.621010
TN 87 1040,7428,0.0,0.0,149.88,03/09/2025 17:05:52,13.010418333333334,80.003775,003775,2025-09-04T23:20:03.621189
TN 87 1040,7428,0.0,0.0,149.86,03/09/2025 17:05:43,13.010418333333334,80.003775,003775,2025-09-04T23:20:03.621357
TN 87 1040,7428,0.0,0.0,149.86,03/09/2025 17:05:33,13.010418333333334,80.003775,003775,2025-09-04T23:20:03.621520
TN 87 1040,7428,0.0,0.0,149.86,03/09/2025 17:05:23,13.010418333333334,80.003775,003775,2025-09-04T23:20:03.621665
TN 87 1040,7428,0.0,0.0,149.85,03/09/2025 17:05:14,13.010418333333334,80.003775,003775,2025-09-04T23:20:03.621810
TN 87 1040,7428,0.0,0.0,149.82,03/09/2025 17:05:06,13.010418333333334,80.003775,003775,2025-09-04T23:20:03.621952
TN 87 1040,7428,0.0,0.0,149.79,03/09/2025 17:04:53,13.010418333333334,80.003775,003775,2025-09-04T23:20:03.622093
TN 87 1040,7428,0.0,0.0,149.81,03/09/2025 17:04:43,13.010418333333334,80.003775,003775,2025-09-04T23:20:03.622232
TN 87 1040,7428,0.0,0.0,149.82,03/09/2025 17:04:34,13.010418333333334,80.003775,003775,2025-09-04T23:20:03.622394
TN 87 1040,7428,0.0,0.0,149.85,03/09/2025 17:04:24,13.010418333333334,80.003775,003775,2025-09-04T23:20:03.622561
TN 87 1040,7428,0.0,0.0,149.94,03/09/2025 17:04:14,13.010418333333334,80.003775,003775,2025-09-04T23:20:03.622701
TN 87 1040,7428,0.0,0.0,149.95,03/09/2025 17:04:07,13.010418333333334,80.003775,003775,2025-09-04T23:20:03.622890
TN 87 1040,7428,0.0,0.0,149.93,03/09/2025 17:03:54,13.010418333333334,80.003775,003775,2025-09-04T23:20:03.623076
TN 87 1040,7428,0.0,0.0,149.88,03/09/2025 17:03:44,13.010418333333334,80.003775,003775,2025-09-04T23:20:03.623233
TN 87 1040,7428,0.0,0.0,149.82,03/09/2025 17:03:35,13.010418333333334,80.003775,003775,2025-09-04T23:20:03.623396
TN 87 1040,7428,0.0,0.0,149.81,03/09/2025 17:03:25,13.010418333333334,80.003775,003775,2025-09-04T23:20:03.623537
TN 87 1040,7428,0.0,0.0,149.97,03/09/2025 17:03:15,13.010418333333334,80.003775,003775,2025-09-04T23:20:03.623685
TN 87 1040,7428,0.0,0.0,149.97,03/09/2025 17:03:09,13.010418333333334,80.003775,003775,2025-09-04T23:20:03.623875
TN 87 1040,7428,0.0,0.0,150.0,03/09/2025 17:02:55,13.010418333333334,80.003775,003775,2025-09-04T23:20:03.624078
TN 87 1040,7428,0.0,0.0,149.98,03/09/2025 17:02:46,13.010418333333334,80.003775,003775,2025-09-04T23:20:03.624258
TN 87 1040,7428,0.0,0.0,150.07,03/09/2025 17:02:35,13.010418333333334,80.003775,003775,2025-09-04T23:20:03.624508
TN 87 1040,7428,0.0,0.0,150.07,03/09/2025 17:02:25,13.010418333333334,80.003775,003775,2025-09-04T23:20:03.624707
TN 87 1040,7428,0.0,0.0,150.05,03/09/2025 17:02:16,13.010418333333334,80.003775,003775,2025-09-04T23:20:03.624893
TN 87 1040,7428,0.0,0.0,150.05,03/09/2025 17:02:09,13.010418333333334,80.003775,003775,2025-09-04T23:20:03.625080
TN 87 1040,7428,0.0,0.0,150.05,03/09/2025 17:01:56,13.010418333333334,80.003775,003775,2025-09-04T23:20:03.625289
TN 87 1040,7428,0.0,0.0,150.07,03/09/2025 17:01:46,13.010418333333334,80.003775,003775,2025-09-04T23:20:03.625486
TN 87 1040,7428,0.0,0.0,150.11,03/09/2025 17:01:36,13.010418333333334,80.003775,003775,2025-09-04T23:20:03.625677
TN 87 1040,7428,0.0,0.0,150.11,03/09/2025 17:01:26,13.010418333333334,80.003775,003775,2025-09-04T23:20:03.625861
TN 87 1040,7428,0.0,0.0,150.13,03/09/2025 17:01:16,13.010418333333334,80.003775,003775,2025-09-04T23:20:03.626031
TN 87 1040,7428,0.0,0.0,150.03,03/09/2025 17:01:09,13.010418333333334,80.003775,003775,2025-09-04T23:20:03.626160
TN 87 1040,7428,0.0,0.0,150.03,03/09/2025 17:00:57,13.010418333333334,80.003775,003775,2025-09-04T23:20:03.626342
TN 87 1040,7428,0.0,0.0,150.03,03/09/2025 17:00:47,13.010418333333334,80.003775,003775,2025-09-04T23:20:03.626562
TN 87 1040,7428,0.0,0.0,150.02,03/09/2025 17:00:37,13.010418333333334,80.003775,003775,2025-09-04T23:20:03.626767
TN 87 1040,7428,0.0,0.0,150.03,03/09/2025 17:00:27,13.010418333333334,80.003775,003775,2025-09-04T23:20:03.626981
TN 87 1040,7428,0.0,0.0,150.07,03/09/2025 17:00:18,13.010418333333334,80.003775,003775,2025-09-04T23:20:03.627201
TN 87 1040,7428,0.0,0.0,150.02,03/09/2025 17:00:10,13.010418333333334,80.003775,003775,2025-09-04T23:20:03.627415
TN 87 1040,7428,0.0,0.0,150.02,03/09/2025 16:59:58,13.010418333333334,80.003775,003775,2025-09-04T23:20:03.627637
TN 87 1040,7428,0.0,0.0,150.03,03/09/2025 16:59:48,13.010418333333334,80.003775,003775,2025-09-04T23:20:03.627853
TN 87 1040,7428,0.0,0.0,150.09,03/09/2025 16:59:38,13.010418333333334,80.003775,003775,2025-09-04T23:20:03.628061
TN 87 1040,7428,0.0,0.0,149.94,03/09/2025 16:59:28,13.010418333333334,80.003775,003775,2025-09-04T23:20:03.628296
TN 87 1040,7428,0.0,0.0,149.92,03/09/2025 16:59:18,13.010418333333334,80.003775,003775,2025-09-04T23:20:03.628494
TN 87 1040,7428,0.0,0.0,149.91,03/09/2025 16:59:11,13.010418333333334,80.003775,003775,2025-09-04T23:20:03.628680
TN 87 1040,7428,0.0,0.0,149.93,03/09/2025 16:58:58,13.010418333333334,80.003775,003775,2025-09-04T23:20:03.628839
TN 87 1040,7428,0.0,0.0,150.06,03/09/2025 16:58:49,13.010418333333334,80.003775,003775,2025-09-04T23:20:03.629021
TN 87 1040,7428,0.0,0.0,150.03,03/09/2025 16:58:39,13.010418333333334,80.003775,003775,2025-09-04T23:20:03.629193
TN 87 1040,7428,0.0,0.0,149.96,03/09/2025 16:58:29,13.010418333333334,80.003775,003775,2025-09-04T23:20:03.629355
TN 87 1040,7428,0.0,0.0,149.92,03/09/2025 16:58:19,13.010418333333334,80.003775,003775,2025-09-04T23:20:03.629526
TN 87 1040,7428,0.0,0.0,149.92,03/09/2025 16:58:12,13.010418333333334,80.003775,003775,2025-09-04T23:20:03.629728
TN 87 1040,7428,0.0,0.0,149.91,03/09/2025 16:57:59,13.010418333333334,80.003775,003775,2025-09-04T23:20:03.629910
TN 87 1040,7428,0.0,0.0,149.88,03/09/2025 16:57:50,13.010418333333334,80.003775,003775,2025-09-04T23:20:03.630083
TN 87 1040,7428,0.0,0.0,149.9,03/09/2025 16:57:41,13.010418333333334,80.003775,003775,2025-09-04T23:20:03.630274
TN 87 1040,7428,0.0,0.0,149.88,03/09/2025 16:57:30,13.010418333333334,80.003775,003775,2025-09-04T23:20:03.630456
TN 87 1040,7428,0.0,0.0,149.9,03/09/2025 16:57:20,13.010418333333334,80.003775,003775,2025-09-04T23:20:03.630624
TN 87 1040,7428,0.0,0.0,149.9,03/09/2025 16:57:14,13.010418333333334,80.003775,003775,2025-09-04T23:20:03.630820
TN 87 1040,7428,0.0,0.0,149.87,03/09/2025 16:57:00,13.010418333333334,80.003775,003775,2025-09-04T23:20:03.631024
TN 87 1040,7428,0.0,0.0,149.93,03/09/2025 16:56:51,13.010418333333334,80.003775,003775,2025-09-04T23:20:03.631195
TN 87 1040,7428,0.0,0.0,149.97,03/09/2025 16:56:40,13.010418333333334,80.003775,003775,2025-09-04T23:20:03.631368
TN 87 1040,7428,0.0,0.0,149.97,03/09/2025 16:56:31,13.010418333333334,80.003775,003775,2025-09-04T23:20:03.631547
TN 87 1040,7428,0.0,0.0,149.94,03/09/2025 16:56:21,13.010418333333334,80.003775,003775,2025-09-04T23:20:03.631715
TN 87 1040,7428,0.0,0.0,149.92,03/09/2025 16:56:14,13.010418333333334,80.003775,003775,2025-09-04T23:20:03.631893
TN 87 1040,7428,0.0,0.0,149.94,03/09/2025 16:56:02,13.010418333333334,80.003775,003775,2025-09-04T23:20:03.632080
TN 87 1040,7428,0.0,0.0,149.95,03/09/2025 16:55:51,13.010418333333334,80.003775,003775,2025-09-04T23:20:03.632260
TN 87 1040,7428,0.0,0.0,149.95,03/09/2025 16:55:41,13.010418333333334,80.003775,003775,2025-09-04T23:20:03.632447
TN 87 1040,7428,0.0,0.0,149.92,03/09/2025 16:55:31,13.010418333333334,80.003775,003775,2025-09-04T23:20:03.632628
TN 87 1040,7428,0.0,0.0,149.88,03/09/2025 16:55:22,13.010418333333334,80.003775,003775,2025-09-04T23:20:03.632809
TN 87 1040,7428,0.0,0.0,149.86,03/09/2025 16:55:15,13.010418333333334,80.003775,003775,2025-09-04T23:20:03.632971
TN 87 1040,7428,0.0,0.0,149.87,03/09/2025 16:55:02,13.010418333333334,80.003775,003775,2025-09-04T23:20:03.633145
TN 87 1040,7428,0.0,0.0,149.92,03/09/2025 16:54:52,13.010418333333334,80.003775,003775,2025-09-04T23:20:03.633325
TN 87 1040,7428,0.0,0.0,149.93,03/09/2025 16:54:42,13.010418333333334,80.003775,003775,2025-09-04T23:20:03.633496
TN 87 1040,7428,0.0,0.0,149.92,03/09/2025 16:54:32,13.010418333333334,80.003775,003775,2025-09-04T23:20:03.633670
TN 87 1040,7428,0.0,0.0,149.9,03/09/2025 16:54:23,13.010418333333334,80.003775,003775,2025-09-04T23:20:03.633858
TN 87 1040,7428,0.0,0.0,149.97,03/09/2025 16:54:15,13.010418333333334,80.003775,003775,2025-09-04T23:20:03.634044
TN 87 1040,7428,0.0,0.0,149.97,03/09/2025 16:54:03,13.010418333333334,80.003775,003775,2025-09-04T23:20:03.634223
TN 87 1040,7428,0.0,0.0,149.98,03/09/2025 16:53:53,13.010418333333334,80.003775,003775,2025-09-04T23:20:03.634387
TN 87 1040,7428,0.0,0.0,149.98,03/09/2025 16:53:43,13.010418333333334,80.003775,003775,2025-09-04T23:20:03.634546
TN 87 1040,7428,0.0,0.0,149.97,03/09/2025 16:53:34,13.010418333333334,80.003775,003775,2025-09-04T23:20:03.634739
TN 87 1040,7428,0.0,0.0,149.95,03/09/2025 16:53:23,13.010418333333334,80.003775,003775,2025-09-04T23:20:03.634943
TN 87 1040,7428,0.0,0.0,149.9,03/09/2025 16:53:16,13.010418333333334,80.003775,003775,2025-09-04T23:20:03.635231
TN 87 1040,7428,0.0,0.0,149.9,03/09/2025 16:53:04,13.010418333333334,80.003775,003775,2025-09-04T23:20:03.635541
TN 87 1040,7428,0.0,0.0,149.92,03/09/2025 16:52:54,13.010418333333334,80.003775,003775,2025-09-04T23:20:03.635721
TN 87 1040,7428,0.0,0.0,149.94,03/09/2025 16:52:44,13.010418333333334,80.003775,003775,2025-09-04T23:20:03.635864
TN 87 1040,7428,0.0,0.0,149.97,03/09/2025 16:52:34,13.010418333333334,80.003775,003775,2025-09-04T23:20:03.636033
TN 87 1040,7428,0.0,0.0,150.01,03/09/2025 16:52:24,13.010418333333334,80.003775,003775,2025-09-04T23:20:03.636178
TN 87 1040,7428,0.0,0.0,150.02,03/09/2025 16:52:18,13.010418333333334,80.003775,003775,2025-09-04T23:20:03.636332
TN 87 1040,7428,0.0,0.0,149.9,03/09/2025 16:52:04,13.010418333333334,80.003775,003775,2025-09-04T23:20:03.636506
TN 87 1040,7428,0.0,0.0,149.88,03/09/2025 16:51:55,13.010418333333334,80.003775,003775,2025-09-04T23:20:03.636641
TN 87 1040,7428,0.0,0.0,149.85,03/09/2025 16:51:45,13.010418333333334,80.003775,003775,2025-09-04T23:20:03.636782
TN 87 1040,7428,0.0,0.0,149.86,03/09/2025 16:51:35,13.010418333333334,80.003775,003775,2025-09-04T23:20:03.636936
TN 87 1040,7428,0.0,0.0,149.88,03/09/2025 16:51:25,13.010418333333334,80.003775,003775,2025-09-04T23:20:03.637066
TN 87 1040,7428,0.0,0.0,149.89,03/09/2025 16:51:18,13.010418333333334,80.003775,003775,2025-09-04T23:20:03.637208
TN 87 1040,7428,0.0,0.0,149.96,03/09/2025 16:51:06,13.010418333333334,80.003775,003775,2025-09-04T23:20:03.637363
TN 87 1040,7428,0.0,0.0,149.95,03/09/2025 16:50:55,13.010418333333334,80.003775,003775,2025-09-04T23:20:03.637532
TN 87 1040,7428,0.0,0.0,149.93,03/09/2025 16:50:46,13.010418333333334,80.003775,003775,2025-09-04T23:20:03.637667
TN 87 1040,7428,0.0,0.0,149.95,03/09/2025 16:50:36,13.010418333333334,80.003775,003775,2025-09-04T23:20:03.637815
TN 87 1040,7428,0.0,0.0,149.95,03/09/2025 16:50:26,13.010418333333334,80.003775,003775,2025-09-04T23:20:03.637947
TN 87 1040,7428,0.0,0.0,149.97,03/09/2025 16:50:19,13.010418333333334,80.003775,003775,2025-09-04T23:20:03.638106
TN 87 1040,7428,0.0,0.0,149.97,03/09/2025 16:50:01,13.010418333333334,80.003775,003775,2025-09-04T23:20:03.638276
TN 87 1040,7428,0.0,0.0,149.93,03/09/2025 16:49:51,13.010418333333334,80.003775,003775,2025-09-04T23:20:03.638412
TN 87 1040,7428,0.0,0.0,149.84,03/09/2025 16:49:42,13.010418333333334,80.003775,003775,2025-09-04T23:20:03.638562
TN 87 1040,7428,0.0,0.0,149.88,03/09/2025 16:49:32,13.010418333333334,80.003775,003775,2025-09-04T23:20:03.638711
TN 87 1040,7428,0.0,0.0,149.89,03/09/2025 16:49:23,13.010418333333334,80.003775,003775,2025-09-04T23:20:03.638870
TN 87 1040,7428,0.0,0.0,149.91,03/09/2025 16:49:12,13.010418333333334,80.003775,003775,2025-09-04T23:20:03.639018
TN 87 1040,7428,0.0,0.0,149.99,03/09/2025 16:49:02,13.010418333333334,80.003775,003775,2025-09-04T23:20:03.639194
TN 87 1040,7428,0.0,0.0,150.01,03/09/2025 16:48:52,13.010418333333334,80.003775,003775,2025-09-04T23:20:03.639376
TN 87 1040,7428,0.0,0.0,150.02,03/09/2025 16:48:42,13.010418333333334,80.003775,003775,2025-09-04T23:20:03.639549
TN 87 1040,7428,0.0,0.0,149.94,03/09/2025 16:48:33,13.010418333333334,80.003775,003775,2025-09-04T23:20:03.639741
TN 87 1040,7428,0.0,0.0,149.85,03/09/2025 16:48:23,13.010418333333334,80.003775,003775,2025-09-04T23:20:03.640009
TN 87 1040,7428,0.0,0.0,149.85,03/09/2025 16:48:13,13.010418333333334,80.003775,003775,2025-09-04T23:20:03.640229
TN 87 1040,7428,0.0,0.0,149.82,03/09/2025 16:48:03,13.010418333333334,80.003775,003775,2025-09-04T23:20:03.640413
TN 87 1040,7428,0.0,0.0,149.86,03/09/2025 16:47:53,13.010418333333334,80.003775,003775,2025-09-04T23:20:03.640596
TN 87 1040,7428,0.0,0.0,149.86,03/09/2025 16:47:44,13.010418333333334,80.003775,003775,2025-09-04T23:20:03.640806
TN 87 1040,7428,0.0,0.0,149.91,03/09/2025 16:47:33,13.010418333333334,80.003775,003775,2025-09-04T23:20:03.641011
TN 87 1040,7428,0.0,0.0,149.92,03/09/2025 16:47:23,13.010418333333334,80.003775,003775,2025-09-04T23:20:03.641219
TN 87 1040,7428,0.0,0.0,149.92,03/09/2025 16:47:14,13.010418333333334,80.003775,003775,2025-09-04T23:20:03.641444
TN 87 1040,7428,0.0,0.0,149.91,03/09/2025 16:47:04,13.010418333333334,80.003775,003775,2025-09-04T23:20:03.641647
TN 87 1040,7428,0.0,0.0,149.97,03/09/2025 16:46:54,13.010418333333334,80.003775,003775,2025-09-04T23:20:03.641854
TN 87 1040,7428,0.0,0.0,149.97,03/09/2025 16:46:44,13.010418333333334,80.003775,003775,2025-09-04T23:20:03.642075
TN 87 1040,7428,0.0,0.0,149.95,03/09/2025 16:46:34,13.010418333333334,80.003775,003775,2025-09-04T23:20:03.642261
TN 87 1040,7428,0.0,0.0,149.98,03/09/2025 16:46:24,13.010418333333334,80.003775,003775,2025-09-04T23:20:03.642442
TN 87 1040,7428,0.0,0.0,149.99,03/09/2025 16:46:14,13.010418333333334,80.003775,003775,2025-09-04T23:20:03.642624
TN 87 1040,7428,0.0,0.0,150.01,03/09/2025 16:46:05,13.010418333333334,80.003775,003775,2025-09-04T23:20:03.642794
TN 87 1040,7428,0.0,0.0,149.88,03/09/2025 16:45:55,13.010418333333334,80.003775,003775,2025-09-04T23:20:03.642966
TN 87 1040,7428,0.0,0.0,149.88,03/09/2025 16:45:45,13.010418333333334,80.003775,003775,2025-09-04T23:20:03.643131
TN 87 1040,7428,0.0,0.0,149.86,03/09/2025 16:45:35,13.010418333333334,80.003775,003775,2025-09-04T23:20:03.643302
TN 87 1040,7428,0.0,0.0,149.91,03/09/2025 16:45:25,13.010418333333334,80.003775,003775,2025-09-04T23:20:03.643471
TN 87 1040,7428,0.0,0.0,149.91,03/09/2025 16:45:08,13.010418333333334,80.003775,003775,2025-09-04T23:20:03.643642
TN 87 1040,7428,0.0,0.0,149.91,03/09/2025 16:44:58,13.010418333333334,80.003775,003775,2025-09-04T23:20:03.643810
TN 87 1040,7428,0.0,0.0,149.88,03/09/2025 16:44:52,13.010418333333334,80.003775,003775,2025-09-04T23:20:03.643972
TN 87 1040,7428,0.0,0.0,149.86,03/09/2025 16:44:35,13.010391666666667,80.00379333333333,00379333333333,2025-09-04T23:20:03.644166
TN 87 1040,7428,0.0,0.0,150.45,03/09/2025 15:42:23,13.010493333333333,80.00382,00382,2025-09-04T23:20:03.644383
TN 87 1040,7428,0.0,0.0,150.45,03/09/2025 15:39:46,13.010493333333333,80.00382,00382,2025-09-04T23:20:03.644560
TN 87 1040,7428,0.0,0.0,150.45,03/09/2025 15:37:02,13.010493333333333,80.00382,00382,2025-09-04T23:20:03.644759
TN 87 1040,7428,0.0,0.0,150.45,03/09/2025 15:34:25,13.010493333333333,80.00382,00382,2025-09-04T23:20:03.644972
TN 87 1040,7428,0.0,0.0,150.46,03/09/2025 15:21:05,13.010493333333333,80.00382,00382,2025-09-04T23:20:03.645178
TN 87 1040,7428,0.0,0.0,150.54,03/09/2025 15:18:28,13.010493333333333,80.00382,00382,2025-09-04T23:20:03.645420
TN 87 1040,7428,0.0,0.0,150.56,03/09/2025 15:15:43,13.010493333333333,80.00382,00382,2025-09-04T23:20:03.645623
TN 87 1040,7428,0.0,0.0,150.57,03/09/2025 15:13:06,13.010493333333333,80.00382,00382,2025-09-04T23:20:03.645791
TN 87 1040,7428,0.0,0.0,150.61,03/09/2025 15:10:29,13.010493333333333,80.00382,00382,2025-09-04T23:20:03.645962
TN 87 1040,7428,0.0,0.0,150.61,03/09/2025 15:07:45,13.010493333333333,80.00382,00382,2025-09-04T23:20:03.646123
TN 87 1040,7428,0.0,0.0,150.61,03/09/2025 15:05:08,13.010493333333333,80.00382,00382,2025-09-04T23:20:03.646293
TN 87 1040,7428,0.0,0.0,150.61,03/09/2025 15:02:31,13.010493333333333,80.00382,00382,2025-09-04T23:20:03.646465
TN 87 1040,7428,0.0,0.0,150.65,03/09/2025 14:50:36,13.010493333333333,80.00382,00382,2025-09-04T23:20:03.646621
TN 87 1040,7428,0.0,0.0,150.65,03/09/2025 14:50:23,13.010493333333333,80.00382,00382,2025-09-04T23:20:03.646765
TN 87 1040,7428,0.0,0.0,150.65,03/09/2025 14:50:13,13.010493333333333,80.00382,00382,2025-09-04T23:20:03.646939
TN 87 1040,7428,0.0,0.0,150.64,03/09/2025 14:50:03,13.010493333333333,80.00382,00382,2025-09-04T23:20:03.647103
TN 87 1040,7428,0.0,0.0,150.65,03/09/2025 14:49:54,13.010493333333333,80.00382,00382,2025-09-04T23:20:03.647277
TN 87 1040,7428,0.0,0.0,150.67,03/09/2025 14:49:43,13.010493333333333,80.00382,00382,2025-09-04T23:20:03.647439
TN 87 1040,7428,0.0,0.0,150.67,03/09/2025 14:49:36,13.010493333333333,80.00382,00382,2025-09-04T23:20:03.647603
TN 87 1040,7428,0.0,0.0,150.67,03/09/2025 14:49:24,13.010493333333333,80.00382,00382,2025-09-04T23:20:03.647761
TN 87 1040,7428,0.0,0.0,150.65,03/09/2025 14:49:14,13.010493333333333,80.00382,00382,2025-09-04T23:20:03.647923
TN 87 1040,7428,0.0,0.0,150.65,03/09/2025 14:49:05,13.010493333333333,80.00382,00382,2025-09-04T23:20:03.648080
TN 87 1040,7428,0.0,0.0,150.65,03/09/2025 14:48:54,13.010493333333333,80.00382,00382,2025-09-04T23:20:03.648259
TN 87 1040,7428,0.0,0.0,150.65,03/09/2025 14:48:44,13.010493333333333,80.00382,00382,2025-09-04T23:20:03.648438
TN 87 1040,7428,0.0,0.0,150.65,03/09/2025 14:48:38,13.010493333333333,80.00382,00382,2025-09-04T23:20:03.648658
TN 87 1040,7428,0.0,0.0,150.65,03/09/2025 14:48:21,13.010493333333333,80.00382,00382,2025-09-04T23:20:03.648907
TN 87 1040,7428,0.0,0.0,150.66,03/09/2025 14:48:12,13.010493333333333,80.00382,00382,2025-09-04T23:20:03.649123
TN 87 1040,7428,0.0,0.0,150.67,03/09/2025 14:48:00,13.010493333333333,80.00382,00382,2025-09-04T23:20:03.649302
TN 87 1040,7428,0.0,0.0,150.67,03/09/2025 14:47:42,13.0105,80.00383,00383,2025-09-04T23:20:03.649477
TN 87 1040,7428,0.0,0.0,150.98,03/09/2025 14:21:11,13.010438333333333,80.00372166666666,00372166666666,2025-09-04T23:20:03.649642
TN 87 1040,7428,0.0,0.0,150.98,03/09/2025 14:18:34,13.010438333333333,80.00372166666666,00372166666666,2025-09-04T23:20:03.649831
TN 87 1040,7428,0.0,0.0,150.98,03/09/2025 14:15:50,13.010438333333333,80.00372166666666,00372166666666,2025-09-04T23:20:03.650043
TN 87 1040,7428,0.0,0.0,150.98,03/09/2025 14:13:13,13.010438333333333,80.00372166666666,00372166666666,2025-09-04T23:20:03.650234
TN 87 1040,7428,0.0,0.0,150.98,03/09/2025 14:10:36,13.010438333333333,80.00372166666666,00372166666666,2025-09-04T23:20:03.650403
TN 87 1040,7428,0.0,0.0,151.0,03/09/2025 14:07:52,13.010438333333333,80.00372166666666,00372166666666,2025-09-04T23:20:03.650556
TN 87 1040,7428,0.0,0.0,151.02,03/09/2025 14:05:15,13.010438333333333,80.00372166666666,00372166666666,2025-09-04T23:20:03.650768
TN 87 1040,7428,0.0,0.0,151.02,03/09/2025 14:02:38,13.010438333333333,80.00372166666666,00372166666666,2025-09-04T23:20:03.650963
TN 87 1040,7428,0.0,0.0,151.02,03/09/2025 13:59:54,13.010438333333333,80.00372166666666,00372166666666,2025-09-04T23:20:03.651154
TN 87 1040,7428,0.0,0.0,151.02,03/09/2025 13:57:17,13.010438333333333,80.00372166666666,00372166666666,2025-09-04T23:20:03.651344
TN 87 1040,7428,0.0,0.0,151.02,03/09/2025 13:54:40,13.010438333333333,80.00372166666666,00372166666666,2025-09-04T23:20:03.651523
TN 87 1040,7428,0.0,0.0,151.03,03/09/2025 13:51:56,13.010438333333333,80.00372166666666,00372166666666,2025-09-04T23:20:03.651697
TN 87 1040,7428,0.0,0.0,151.04,03/09/2025 13:49:19,13.010438333333333,80.00372166666666,00372166666666,2025-09-04T23:20:03.651872
TN 87 1040,7428,0.0,0.0,151.12,03/09/2025 13:46:42,13.010438333333333,80.00372166666666,00372166666666,2025-09-04T23:20:03.652043
TN 87 1040,7428,0.0,0.0,151.12,03/09/2025 13:43:58,13.010438333333333,80.00372166666666,00372166666666,2025-09-04T23:20:03.652201
TN 87 1040,7428,0.0,0.0,151.12,03/09/2025 13:41:21,13.010438333333333,80.00372166666666,00372166666666,2025-09-04T23:20:03.652370
TN 87 1040,7428,0.0,0.0,151.12,03/09/2025 13:38:42,13.010438333333333,80.00372166666666,00372166666666,2025-09-04T23:20:03.652543
TN 87 1040,7428,0.0,0.0,151.12,03/09/2025 13:35:57,13.010438333333333,80.00372166666666,00372166666666,2025-09-04T23:20:03.652722
TN 87 1040,7428,0.0,0.0,151.12,03/09/2025 13:33:20,13.010438333333333,80.00372166666666,00372166666666,2025-09-04T23:20:03.652858
TN 87 1040,7428,0.0,0.0,151.14,03/09/2025 13:31:42,13.010438333333333,80.00372166666666,00372166666666,2025-09-04T23:20:03.653112
TN 87 1040,7428,0.0,0.0,152.56,03/09/2025 11:10:13,13.010438333333333,80.00383166666667,00383166666667,2025-09-04T23:20:03.653302
TN 87 1040,7428,0.0,0.0,152.56,03/09/2025 11:10:02,13.010438333333333,80.00383166666667,00383166666667,2025-09-04T23:20:03.653475
TN 87 1040,7428,0.0,0.0,152.56,03/09/2025 11:07:18,13.010438333333333,80.00383166666667,00383166666667,2025-09-04T23:20:03.653648
TN 87 1040,7428,0.0,0.0,152.56,03/09/2025 11:04:41,13.010438333333333,80.00383166666667,00383166666667,2025-09-04T23:20:03.653813
TN 87 1040,7428,0.0,0.0,153.89,03/09/2025 08:31:26,13.01051,80.00380833333334,00380833333334,2025-09-04T23:20:03.654015
TN 87 1040,7428,0.0,0.0,153.89,03/09/2025 08:31:16,13.01051,80.00380833333334,00380833333334,2025-09-04T23:20:03.654222
TN 87 1040,7428,0.0,0.0,153.89,03/09/2025 08:31:09,13.01051,80.00380833333334,00380833333334,2025-09-04T23:20:03.654469
TN 87 1040,7428,0.0,0.0,153.89,03/09/2025 08:30:56,13.01051,80.00380833333334,00380833333334,2025-09-04T23:20:03.654711
TN 87 1040,7428,0.0,0.0,153.89,03/09/2025 08:30:46,13.01051,80.00380833333334,00380833333334,2025-09-04T23:20:03.654927
TN 87 1040,7428,0.0,0.0,153.87,03/09/2025 08:30:36,13.01051,80.00380833333334,00380833333334,2025-09-04T23:20:03.655129
TN 87 1040,7428,0.0,0.0,153.87,03/09/2025 08:30:27,13.01051,80.00380833333334,00380833333334,2025-09-04T23:20:03.655346
TN 87 1040,7428,0.0,0.0,153.88,03/09/2025 08:30:18,13.01051,80.00380833333334,00380833333334,2025-09-04T23:20:03.655539
TN 87 1040,7428,0.0,0.0,153.87,03/09/2025 08:30:10,13.01051,80.00380833333334,00380833333334,2025-09-04T23:20:03.655721
TN 87 1040,7428,0.0,0.0,153.87,03/09/2025 08:29:57,13.01051,80.00380833333334,00380833333334,2025-09-04T23:20:03.656164
TN 87 1040,7428,0.0,0.0,153.88,03/09/2025 08:29:47,13.01051,80.00380833333334,00380833333334,2025-09-04T23:20:03.656360
TN 87 1040,7428,0.0,0.0,153.89,03/09/2025 08:29:37,13.01051,80.00380833333334,00380833333334,2025-09-04T23:20:03.656530
TN 87 1040,7428,0.0,0.0,153.87,03/09/2025 08:29:28,13.01051,80.00380833333334,00380833333334,2025-09-04T23:20:03.656676
TN 87 1040,7428,0.0,0.0,153.89,03/09/2025 08:29:18,13.01051,80.00380833333334,00380833333334,2025-09-04T23:20:03.656818
TN 87 1040,7428,0.0,0.0,153.89,03/09/2025 08:29:11,13.01051,80.00380833333334,00380833333334,2025-09-04T23:20:03.657017
TN 87 1040,7428,0.0,0.0,153.89,03/09/2025 08:28:58,13.01051,80.00380833333334,00380833333334,2025-09-04T23:20:03.657209
TN 87 1040,7428,0.0,0.0,153.88,03/09/2025 08:28:48,13.01051,80.00380833333334,00380833333334,2025-09-04T23:20:03.657381
TN 87 1040,7428,0.0,0.0,153.89,03/09/2025 08:28:39,13.01051,80.00380833333334,00380833333334,2025-09-04T23:20:03.657546
TN 87 1040,7428,0.0,0.0,153.87,03/09/2025 08:28:28,13.01051,80.00380833333334,00380833333334,2025-09-04T23:20:03.657708
TN 87 1040,7428,0.0,0.0,153.88,03/09/2025 08:28:19,13.01051,80.00380833333334,00380833333334,2025-09-04T23:20:03.657883
TN 87 1040,7428,0.0,0.0,153.88,03/09/2025 08:28:13,13.01051,80.00380833333334,00380833333334,2025-09-04T23:20:03.658061
TN 87 1040,7428,0.0,0.0,153.87,03/09/2025 08:27:59,13.01051,80.00380833333334,00380833333334,2025-09-04T23:20:03.658208
TN 87 1040,7428,0.0,0.0,153.88,03/09/2025 08:27:50,13.01051,80.00380833333334,00380833333334,2025-09-04T23:20:03.658341
TN 87 1040,7428,0.0,0.0,153.89,03/09/2025 08:27:39,13.01051,80.00380833333334,00380833333334,2025-09-04T23:20:03.658491
TN 87 1040,7428,0.0,0.0,153.89,03/09/2025 08:27:29,13.01051,80.00380833333334,00380833333334,2025-09-04T23:20:03.658656
TN 87 1040,7428,0.0,0.0,153.9,03/09/2025 08:27:20,13.01051,80.00380833333334,00380833333334,2025-09-04T23:20:03.658804
TN 87 1040,7428,0.0,0.0,153.87,03/09/2025 08:27:12,13.01051,80.00380833333334,00380833333334,2025-09-04T23:20:03.658996
TN 87 1040,7428,0.0,0.0,153.87,03/09/2025 08:27:01,13.01051,80.00380833333334,00380833333334,2025-09-04T23:20:03.659141
TN 87 1040,7428,0.0,0.0,153.87,03/09/2025 08:26:50,13.01051,80.00380833333334,00380833333334,2025-09-04T23:20:03.659285
TN 87 1040,7428,0.0,0.0,153.87,03/09/2025 08:26:40,13.01051,80.00380833333334,00380833333334,2025-09-04T23:20:03.659449
TN 87 1040,7428,0.0,0.0,153.87,03/09/2025 08:26:30,13.01051,80.00380833333334,00380833333334,2025-09-04T23:20:03.659631
TN 87 1040,7428,0.0,0.0,153.88,03/09/2025 08:26:20,13.01051,80.00380833333334,00380833333334,2025-09-04T23:20:03.659805
TN 87 1040,7428,0.0,0.0,153.89,03/09/2025 08:26:13,13.01051,80.00380833333334,00380833333334,2025-09-04T23:20:03.659990
TN 87 1040,7428,0.0,0.0,153.89,03/09/2025 08:26:01,13.01051,80.00380833333334,00380833333334,2025-09-04T23:20:03.660147
TN 87 1040,7428,0.0,0.0,153.88,03/09/2025 08:25:51,13.01051,80.00380833333334,00380833333334,2025-09-04T23:20:03.660344
TN 87 1040,7428,0.0,0.0,153.87,03/09/2025 08:25:41,13.01051,80.00380833333334,00380833333334,2025-09-04T23:20:03.660519
TN 87 1040,7428,0.0,0.0,153.88,03/09/2025 08:25:31,13.01051,80.00380833333334,00380833333334,2025-09-04T23:20:03.660713
TN 87 1040,7428,0.0,0.0,153.88,03/09/2025 08:25:22,13.01051,80.00380833333334,00380833333334,2025-09-04T23:20:03.660907
TN 87 1040,7428,0.0,0.0,153.87,03/09/2025 08:25:14,13.01051,80.00380833333334,00380833333334,2025-09-04T23:20:03.661095
TN 87 1040,7428,0.0,0.0,153.86,03/09/2025 08:25:02,13.01051,80.00380833333334,00380833333334,2025-09-04T23:20:03.661299
TN 87 1040,7428,0.0,0.0,153.85,03/09/2025 08:24:52,13.01051,80.00380833333334,00380833333334,2025-09-04T23:20:03.661499
TN 87 1040,7428,0.0,0.0,153.86,03/09/2025 08:24:42,13.01051,80.00380833333334,00380833333334,2025-09-04T23:20:03.661667
TN 87 1040,7428,0.0,0.0,153.86,03/09/2025 08:24:33,13.01051,80.00380833333334,00380833333334,2025-09-04T23:20:03.661834
TN 87 1040,7428,0.0,0.0,153.87,03/09/2025 08:24:22,13.01051,80.00380833333334,00380833333334,2025-09-04T23:20:03.662030
TN 87 1040,7428,0.0,0.0,153.87,03/09/2025 08:24:15,13.01051,80.00380833333334,00380833333334,2025-09-04T23:20:03.662200
TN 87 1040,7428,0.0,0.0,153.87,03/09/2025 08:24:03,13.01051,80.00380833333334,00380833333334,2025-09-04T23:20:03.662373
TN 87 1040,7428,0.0,0.0,153.87,03/09/2025 08:23:53,13.01051,80.00380833333334,00380833333334,2025-09-04T23:20:03.662548
TN 87 1040,7428,0.0,0.0,153.87,03/09/2025 08:23:43,13.01051,80.00380833333334,00380833333334,2025-09-04T23:20:03.662704
TN 87 1040,7428,0.0,0.0,153.87,03/09/2025 08:23:33,13.01051,80.00380833333334,00380833333334,2025-09-04T23:20:03.662857
TN 87 1040,7428,0.0,0.0,153.87,03/09/2025 08:23:23,13.01051,80.00380833333334,00380833333334,2025-09-04T23:20:03.663034
TN 87 1040,7428,0.0,0.0,153.87,03/09/2025 08:23:17,13.01051,80.00380833333334,00380833333334,2025-09-04T23:20:03.663197
TN 87 1040,7428,0.0,0.0,153.87,03/09/2025 08:23:04,13.01051,80.00380833333334,00380833333334,2025-09-04T23:20:03.663376
TN 87 1040,7428,0.0,0.0,153.87,03/09/2025 08:22:54,13.01051,80.00380833333334,00380833333334,2025-09-04T23:20:03.663534
TN 87 1040,7428,0.0,0.0,153.87,03/09/2025 08:22:44,13.01051,80.00380833333334,00380833333334,2025-09-04T23:20:03.663688
TN 87 1040,7428,0.0,0.0,153.87,03/09/2025 08:22:34,13.01051,80.00380833333334,00380833333334,2025-09-04T23:20:03.663829
TN 87 1040,7428,0.0,0.0,153.86,03/09/2025 08:22:24,13.01051,80.00380833333334,00380833333334,2025-09-04T23:20:03.664013
TN 87 1040,7428,0.0,0.0,153.86,03/09/2025 08:22:18,13.01051,80.00380833333334,00380833333334,2025-09-04T23:20:03.664175
TN 87 1040,7428,0.0,0.0,153.86,03/09/2025 08:22:05,13.01051,80.00380833333334,00380833333334,2025-09-04T23:20:03.664353
TN 87 1040,7428,0.0,0.0,153.87,03/09/2025 08:21:55,13.01051,80.00380833333334,00380833333334,2025-09-04T23:20:03.664526
TN 87 1040,7428,0.0,0.0,153.86,03/09/2025 08:21:45,13.01051,80.00380833333334,00380833333334,2025-09-04T23:20:03.664726
TN 87 1040,7428,0.0,0.0,153.86,03/09/2025 08:21:35,13.01051,80.00380833333334,00380833333334,2025-09-04T23:20:03.664951
TN 87 1040,7428,0.0,0.0,153.87,03/09/2025 08:21:25,13.01051,80.00380833333334,00380833333334,2025-09-04T23:20:03.665188
TN 87 1040,7428,0.0,0.0,153.87,03/09/2025 08:21:18,13.01051,80.00380833333334,00380833333334,2025-09-04T23:20:03.665409
TN 87 1040,7428,0.0,0.0,153.87,03/09/2025 08:21:00,13.01051,80.00380833333334,00380833333334,2025-09-04T23:20:03.665588
TN 87 1040,7428,0.0,0.0,153.86,03/09/2025 08:20:51,13.01051,80.00380833333334,00380833333334,2025-09-04T23:20:03.665787
TN 87 1040,7428,0.0,0.0,153.86,03/09/2025 08:20:41,13.01051,80.00380833333334,00380833333334,2025-09-04T23:20:03.665993
TN 87 1040,7428,0.0,0.0,153.87,03/09/2025 08:20:31,13.01051,80.00380833333334,00380833333334,2025-09-04T23:20:03.666172
TN 87 1040,7428,0.0,0.0,153.86,03/09/2025 08:20:22,13.01051,80.00380833333334,00380833333334,2025-09-04T23:20:03.666343
TN 87 1040,7428,0.0,0.0,153.86,03/09/2025 08:20:11,13.01051,80.00380833333334,00380833333334,2025-09-04T23:20:03.666567
TN 87 1040,7428,0.0,0.0,153.87,03/09/2025 08:20:01,13.01051,80.00380833333334,00380833333334,2025-09-04T23:20:03.666739
TN 87 1040,7428,0.0,0.0,153.87,03/09/2025 08:19:52,13.01051,80.00380833333334,00380833333334,2025-09-04T23:20:03.666894
TN 87 1040,7428,0.0,0.0,153.87,03/09/2025 08:19:42,13.01051,80.00380833333334,00380833333334,2025-09-04T23:20:03.667061
TN 87 1040,7428,0.0,0.0,153.87,03/09/2025 08:19:32,13.01051,80.00380833333334,00380833333334,2025-09-04T23:20:03.667254
TN 87 1040,7428,0.0,0.0,153.86,03/09/2025 08:19:22,13.01051,80.00380833333334,00380833333334,2025-09-04T23:20:03.667444
TN 87 1040,7428,0.0,0.0,153.86,03/09/2025 08:19:12,13.01051,80.00380833333334,00380833333334,2025-09-04T23:20:03.667657
TN 87 1040,7428,0.0,0.0,153.86,03/09/2025 08:19:02,13.01051,80.00380833333334,00380833333334,2025-09-04T23:20:03.667880
TN 87 1040,7428,0.0,0.0,153.86,03/09/2025 08:18:53,13.01051,80.00380833333334,00380833333334,2025-09-04T23:20:03.668077
TN 87 1040,7428,0.0,0.0,153.87,03/09/2025 08:18:43,13.01051,80.00380833333334,00380833333334,2025-09-04T23:20:03.668272
TN 87 1040,7428,0.0,0.0,153.87,03/09/2025 08:18:33,13.01051,80.00380833333334,00380833333334,2025-09-04T23:20:03.668564
TN 87 1040,7428,0.0,0.0,153.86,03/09/2025 08:18:23,13.01051,80.00380833333334,00380833333334,2025-09-04T23:20:03.668771
TN 87 1040,7428,0.0,0.0,153.86,03/09/2025 08:18:13,13.01051,80.00380833333334,00380833333334,2025-09-04T23:20:03.668947
TN 87 1040,7428,0.0,0.0,153.85,03/09/2025 08:18:03,13.01051,80.00380833333334,00380833333334,2025-09-04T23:20:03.669117
TN 87 1040,7428,0.0,0.0,153.85,03/09/2025 08:17:54,13.01051,80.00380833333334,00380833333334,2025-09-04T23:20:03.669275
TN 87 1040,7428,0.0,0.0,153.85,03/09/2025 08:17:44,13.01051,80.00380833333334,00380833333334,2025-09-04T23:20:03.669465
TN 87 1040,7428,0.0,0.0,153.84,03/09/2025 08:17:34,13.01051,80.00380833333334,00380833333334,2025-09-04T23:20:03.669641
TN 87 1040,7428,0.0,0.0,153.85,03/09/2025 08:17:24,13.01051,80.00380833333334,00380833333334,2025-09-04T23:20:03.669803
TN 87 1040,7428,0.0,0.0,153.85,03/09/2025 08:17:14,13.01051,80.00380833333334,00380833333334,2025-09-04T23:20:03.669996
TN 87 1040,7428,0.0,0.0,153.86,03/09/2025 08:17:05,13.01051,80.00380833333334,00380833333334,2025-09-04T23:20:03.670194
TN 87 1040,7428,0.0,0.0,153.87,03/09/2025 08:16:54,13.01051,80.00380833333334,00380833333334,2025-09-04T23:20:03.670383
TN 87 1040,7428,0.0,0.0,153.88,03/09/2025 08:16:45,13.01051,80.00380833333334,00380833333334,2025-09-04T23:20:03.670564
TN 87 1040,7428,0.0,0.0,153.89,03/09/2025 08:16:35,13.01051,80.00380833333334,00380833333334,2025-09-04T23:20:03.670754
TN 87 1040,7428,0.0,0.0,153.85,03/09/2025 08:16:25,13.01051,80.00380833333334,00380833333334,2025-09-04T23:20:03.670965
TN 87 1040,7428,0.0,0.0,153.85,03/09/2025 08:16:15,13.01051,80.00380833333334,00380833333334,2025-09-04T23:20:03.671143
TN 87 1040,7428,0.0,0.0,153.85,03/09/2025 08:16:05,13.01051,80.00380833333334,00380833333334,2025-09-04T23:20:03.671320
TN 87 1040,7428,0.0,0.0,153.84,03/09/2025 08:15:55,13.01051,80.00380833333334,00380833333334,2025-09-04T23:20:03.671497
TN 87 1040,7428,0.0,0.0,153.85,03/09/2025 08:15:46,13.01051,80.00380833333334,00380833333334,2025-09-04T23:20:03.671668
TN 87 1040,7428,0.0,0.0,153.85,03/09/2025 08:15:36,13.01051,80.00380833333334,00380833333334,2025-09-04T23:20:03.671844
TN 87 1040,7428,0.0,0.0,153.85,03/09/2025 08:15:26,13.01051,80.00380833333334,00380833333334,2025-09-04T23:20:03.672024
TN 87 1040,7428,0.0,0.0,153.85,03/09/2025 08:15:16,13.01051,80.00380833333334,00380833333334,2025-09-04T23:20:03.672187
TN 87 1040,7428,0.0,0.0,153.85,03/09/2025 08:15:06,13.01051,80.00380833333334,00380833333334,2025-09-04T23:20:03.672361
TN 87 1040,7428,0.0,0.0,153.84,03/09/2025 08:14:56,13.01051,80.00380833333334,00380833333334,2025-09-04T23:20:03.672529
TN 87 1040,7428,0.0,0.0,153.83,03/09/2025 08:14:46,13.01051,80.00380833333334,00380833333334,2025-09-04T23:20:03.672662
TN 87 1040,7428,0.0,0.0,153.83,03/09/2025 08:14:37,13.01051,80.00380833333334,00380833333334,2025-09-04T23:20:03.672835
TN 87 1040,7428,0.0,0.0,153.83,03/09/2025 08:14:28,13.01051,80.00380833333334,00380833333334,2025-09-04T23:20:03.672997
TN 87 1040,7428,0.0,0.0,153.85,03/09/2025 08:14:17,13.01051,80.00380833333334,00380833333334,2025-09-04T23:20:03.673164
TN 87 1040,7428,0.0,0.0,153.86,03/09/2025 08:14:07,13.01051,80.00380833333334,00380833333334,2025-09-04T23:20:03.673327
TN 87 1040,7428,0.0,0.0,153.86,03/09/2025 08:13:57,13.01051,80.00380833333334,00380833333334,2025-09-04T23:20:03.673460
TN 87 1040,7428,0.0,0.0,153.86,03/09/2025 08:13:47,13.01051,80.00380833333334,00380833333334,2025-09-04T23:20:03.673590
TN 87 1040,7428,0.0,0.0,153.86,03/09/2025 08:13:38,13.01051,80.00380833333334,00380833333334,2025-09-04T23:20:03.673757
TN 87 1040,7428,0.0,0.0,153.86,03/09/2025 08:13:28,13.01051,80.00380833333334,00380833333334,2025-09-04T23:20:03.673935
TN 87 1040,7428,0.0,0.0,153.86,03/09/2025 08:13:18,13.01051,80.00380833333334,00380833333334,2025-09-04T23:20:03.674098
TN 87 1040,7428,0.0,0.0,153.83,03/09/2025 08:13:08,13.01051,80.00380833333334,00380833333334,2025-09-04T23:20:03.674267
TN 87 1040,7428,0.0,0.0,153.83,03/09/2025 08:12:58,13.01051,80.00380833333334,00380833333334,2025-09-04T23:20:03.674427
TN 87 1040,7428,0.0,0.0,153.83,03/09/2025 08:12:49,13.01051,80.00380833333334,00380833333334,2025-09-04T23:20:03.674630
TN 87 1040,7428,0.0,0.0,153.85,03/09/2025 08:12:38,13.01051,80.00380833333334,00380833333334,2025-09-04T23:20:03.674856
TN 87 1040,7428,0.0,0.0,153.85,03/09/2025 08:12:29,13.01051,80.00380833333334,00380833333334,2025-09-04T23:20:03.675110
TN 87 1040,7428,0.0,0.0,153.85,03/09/2025 08:12:19,13.01051,80.00380833333334,00380833333334,2025-09-04T23:20:03.675317
TN 87 1040,7428,0.0,0.0,153.86,03/09/2025 08:12:09,13.01051,80.00380833333334,00380833333334,2025-09-04T23:20:03.675499
TN 87 1040,7428,0.0,0.0,153.86,03/09/2025 08:12:00,13.01051,80.00380833333334,00380833333334,2025-09-04T23:20:03.675697
TN 87 1040,7428,0.0,0.0,153.89,03/09/2025 08:11:49,13.01051,80.00380833333334,00380833333334,2025-09-04T23:20:03.675865
TN 87 1040,7428,0.0,0.0,153.84,03/09/2025 08:11:39,13.01051,80.00380833333334,00380833333334,2025-09-04T23:20:03.676035
TN 87 1040,7428,0.0,0.0,153.83,03/09/2025 08:11:30,13.01051,80.00380833333334,00380833333334,2025-09-04T23:20:03.676228
TN 87 1040,7428,0.0,0.0,153.83,03/09/2025 08:11:20,13.01051,80.00380833333334,00380833333334,2025-09-04T23:20:03.676416
TN 87 1040,7428,0.0,0.0,153.85,03/09/2025 08:11:11,13.01051,80.00380833333334,00380833333334,2025-09-04T23:20:03.676586
TN 87 1040,7428,0.0,0.0,153.84,03/09/2025 08:11:00,13.01051,80.00380833333334,00380833333334,2025-09-04T23:20:03.676747
TN 87 1040,7428,0.0,0.0,153.84,03/09/2025 08:10:50,13.01051,80.00380833333334,00380833333334,2025-09-04T23:20:03.676922
TN 87 1040,7428,0.0,0.0,153.85,03/09/2025 08:10:40,13.01051,80.00380833333334,00380833333334,2025-09-04T23:20:03.677081
TN 87 1040,7428,0.0,0.0,153.84,03/09/2025 08:10:30,13.01051,80.00380833333334,00380833333334,2025-09-04T23:20:03.677249
TN 87 1040,7428,0.0,0.0,153.85,03/09/2025 08:10:21,13.01051,80.00380833333334,00380833333334,2025-09-04T23:20:03.677421
TN 87 1040,7428,0.0,0.0,153.83,03/09/2025 08:10:11,13.01051,80.00380833333334,00380833333334,2025-09-04T23:20:03.677585
TN 87 1040,7428,0.0,0.0,153.83,03/09/2025 08:10:01,13.01051,80.00380833333334,00380833333334,2025-09-04T23:20:03.677716
TN 87 1040,7428,0.0,0.0,153.83,03/09/2025 08:09:51,13.01051,80.00380833333334,00380833333334,2025-09-04T23:20:03.677841
TN 87 1040,7428,0.0,0.0,153.83,03/09/2025 08:09:41,13.01051,80.00380833333334,00380833333334,2025-09-04T23:20:03.677964
TN 87 1040,7428,0.0,0.0,153.83,03/09/2025 08:09:32,13.01051,80.00380833333334,00380833333334,2025-09-04T23:20:03.678089
TN 87 1040,7428,0.0,0.0,153.84,03/09/2025 08:09:22,13.01051,80.00380833333334,00380833333334,2025-09-04T23:20:03.678210
TN 87 1040,7428,0.0,0.0,153.85,03/09/2025 08:09:12,13.01051,80.00380833333334,00380833333334,2025-09-04T23:20:03.678375
TN 87 1040,7428,0.0,0.0,153.85,03/09/2025 08:09:02,13.01051,80.00380833333334,00380833333334,2025-09-04T23:20:03.678543
TN 87 1040,7428,0.0,0.0,153.83,03/09/2025 08:08:52,13.01051,80.00380833333334,00380833333334,2025-09-04T23:20:03.678702
TN 87 1040,7428,0.0,0.0,153.82,03/09/2025 08:08:43,13.01051,80.00380833333334,00380833333334,2025-09-04T23:20:03.678829
TN 87 1040,7428,0.0,0.0,153.82,03/09/2025 08:08:32,13.01051,80.00380833333334,00380833333334,2025-09-04T23:20:03.678953
TN 87 1040,7428,0.0,0.0,153.82,03/09/2025 08:08:22,13.01051,80.00380833333334,00380833333334,2025-09-04T23:20:03.679077
TN 87 1040,7428,0.0,0.0,153.83,03/09/2025 08:08:13,13.01051,80.00380833333334,00380833333334,2025-09-04T23:20:03.679201
TN 87 1040,7428,0.0,0.0,153.85,03/09/2025 08:08:03,13.01051,80.00380833333334,00380833333334,2025-09-04T23:20:03.679372
TN 87 1040,7428,0.0,0.0,153.85,03/09/2025 08:07:53,13.01051,80.00380833333334,00380833333334,2025-09-04T23:20:03.679548
TN 87 1040,7428,0.0,0.0,153.83,03/09/2025 08:07:43,13.01051,80.00380833333334,00380833333334,2025-09-04T23:20:03.679737
TN 87 1040,7428,0.0,0.0,153.83,03/09/2025 08:07:33,13.01051,80.00380833333334,00380833333334,2025-09-04T23:20:03.680000
TN 87 1040,7428,0.0,0.0,153.83,03/09/2025 08:07:23,13.01051,80.00380833333334,00380833333334,2025-09-04T23:20:03.680216
TN 87 1040,7428,0.0,0.0,153.82,03/09/2025 08:07:13,13.01051,80.00380833333334,00380833333334,2025-09-04T23:20:03.680397
TN 87 1040,7428,0.0,0.0,153.82,03/09/2025 08:07:04,13.01051,80.00380833333334,00380833333334,2025-09-04T23:20:03.680602
TN 87 1040,7428,0.0,0.0,153.81,03/09/2025 08:06:54,13.01051,80.00380833333334,00380833333334,2025-09-04T23:20:03.680787
TN 87 1040,7428,0.0,0.0,153.81,03/09/2025 08:06:44,13.01051,80.00380833333334,00380833333334,2025-09-04T23:20:03.680992
TN 87 1040,7428,0.0,0.0,153.81,03/09/2025 08:06:34,13.01051,80.00380833333334,00380833333334,2025-09-04T23:20:03.681213
TN 87 1040,7428,0.0,0.0,153.82,03/09/2025 08:06:24,13.01051,80.00380833333334,00380833333334,2025-09-04T23:20:03.681435
TN 87 1040,7428,0.0,0.0,153.82,03/09/2025 08:06:15,13.01051,80.00380833333334,00380833333334,2025-09-04T23:20:03.681750
TN 87 1040,7428,0.0,0.0,153.83,03/09/2025 08:06:05,13.01051,80.00380833333334,00380833333334,2025-09-04T23:20:03.681958
TN 87 1040,7428,0.0,0.0,153.79,03/09/2025 08:05:55,13.01051,80.00380833333334,00380833333334,2025-09-04T23:20:03.682172
TN 87 1040,7428,0.0,0.0,153.79,03/09/2025 08:05:45,13.01051,80.00380833333334,00380833333334,2025-09-04T23:20:03.682366
TN 87 1040,7428,0.0,0.0,153.77,03/09/2025 08:05:35,13.01051,80.00380833333334,00380833333334,2025-09-04T23:20:03.682593
TN 87 1040,7428,0.0,0.0,153.77,03/09/2025 08:05:26,13.01051,80.00380833333334,00380833333334,2025-09-04T23:20:03.682769
TN 87 1040,7428,0.0,0.0,153.76,03/09/2025 07:58:56,13.01051,80.00380833333334,00380833333334,2025-09-04T23:20:03.682920
TN 87 1040,7428,0.0,0.0,153.77,03/09/2025 07:58:46,13.01051,80.00380833333334,00380833333334,2025-09-04T23:20:03.683066
TN 87 1040,7428,0.0,0.0,153.77,03/09/2025 07:58:39,13.01051,80.00380833333334,00380833333334,2025-09-04T23:20:03.683217
TN 87 1040,7428,0.0,0.0,153.77,03/09/2025 07:58:27,13.01051,80.00380833333334,00380833333334,2025-09-04T23:20:03.683387
TN 87 1040,7428,0.0,0.0,153.77,03/09/2025 07:58:17,13.01051,80.00380833333334,00380833333334,2025-09-04T23:20:03.683542
TN 87 1040,7428,0.0,0.0,153.77,03/09/2025 07:58:07,13.01051,80.00380833333334,00380833333334,2025-09-04T23:20:03.683705
TN 87 1040,7428,0.0,0.0,153.77,03/09/2025 07:57:57,13.01051,80.00380833333334,00380833333334,2025-09-04T23:20:03.683842
TN 87 1040,7428,0.0,0.0,153.74,03/09/2025 07:57:48,13.01051,80.00380833333334,00380833333334,2025-09-04T23:20:03.683978
TN 87 1040,7428,0.0,0.0,153.74,03/09/2025 07:57:40,13.01051,80.00380833333334,00380833333334,2025-09-04T23:20:03.684138
TN 87 1040,7428,0.0,0.0,153.74,03/09/2025 07:57:28,13.01051,80.00380833333334,00380833333334,2025-09-04T23:20:03.684280
TN 87 1040,7428,0.0,0.0,153.74,03/09/2025 07:57:18,13.01051,80.00380833333334,00380833333334,2025-09-04T23:20:03.684444
TN 87 1040,7428,0.0,0.0,153.75,03/09/2025 07:57:08,13.01051,80.00380833333334,00380833333334,2025-09-04T23:20:03.684593
TN 87 1040,7428,0.0,0.0,153.75,03/09/2025 07:56:59,13.01051,80.00380833333334,00380833333334,2025-09-04T23:20:03.684755
TN 87 1040,7428,0.0,0.0,153.73,03/09/2025 07:56:48,13.01051,80.00380833333334,00380833333334,2025-09-04T23:20:03.684911
TN 87 1040,7428,0.0,0.0,153.73,03/09/2025 07:56:41,13.01051,80.00380833333334,00380833333334,2025-09-04T23:20:03.685108
TN 87 1040,7428,0.0,0.0,153.73,03/09/2025 07:56:29,13.01051,80.00380833333334,00380833333334,2025-09-04T23:20:03.685269
TN 87 1040,7428,0.0,0.0,153.73,03/09/2025 07:56:19,13.01051,80.00380833333334,00380833333334,2025-09-04T23:20:03.685447
TN 87 1040,7428,0.0,0.0,153.72,03/09/2025 07:56:10,13.01051,80.00380833333334,00380833333334,2025-09-04T23:20:03.685644
TN 87 1040,7428,0.0,0.0,153.72,03/09/2025 07:55:59,13.01051,80.00380833333334,00380833333334,2025-09-04T23:20:03.685827
TN 87 1040,7428,0.0,0.0,153.72,03/09/2025 07:55:49,13.01051,80.00380833333334,00380833333334,2025-09-04T23:20:03.685986
TN 87 1040,7428,0.0,0.0,153.71,03/09/2025 07:55:43,13.01051,80.00380833333334,00380833333334,2025-09-04T23:20:03.686141
TN 87 1040,7428,0.0,0.0,153.71,03/09/2025 07:55:30,13.01051,80.00380833333334,00380833333334,2025-09-04T23:20:03.686279
TN 87 1040,7428,0.0,0.0,153.71,03/09/2025 07:55:20,13.01051,80.00380833333334,00380833333334,2025-09-04T23:20:03.686414
TN 87 1040,7428,0.0,0.0,153.7,03/09/2025 07:55:10,13.01051,80.00380833333334,00380833333334,2025-09-04T23:20:03.686547
TN 87 1040,7428,0.0,0.0,153.7,03/09/2025 07:55:00,13.01051,80.00380833333334,00380833333334,2025-09-04T23:20:03.686700
TN 87 1040,7428,0.0,0.0,153.69,03/09/2025 07:54:50,13.01051,80.00380833333334,00380833333334,2025-09-04T23:20:03.686859
TN 87 1040,7428,0.0,0.0,153.67,03/09/2025 07:54:43,13.01051,80.00380833333334,00380833333334,2025-09-04T23:20:03.687049
TN 87 1040,7428,0.0,0.0,153.67,03/09/2025 07:54:31,13.01051,80.00380833333334,00380833333334,2025-09-04T23:20:03.687208
TN 87 1040,7428,0.0,0.0,153.66,03/09/2025 07:54:21,13.01051,80.00380833333334,00380833333334,2025-09-04T23:20:03.687373
TN 87 1040,7428,0.0,0.0,153.64,03/09/2025 07:54:11,13.01051,80.00380833333334,00380833333334,2025-09-04T23:20:03.687509
TN 87 1040,7428,0.0,0.0,153.64,03/09/2025 07:54:01,13.01051,80.00380833333334,00380833333334,2025-09-04T23:20:03.687667
TN 87 1040,7428,0.0,0.0,153.64,03/09/2025 07:53:51,13.01051,80.00380833333334,00380833333334,2025-09-04T23:20:03.687816
TN 87 1040,7428,0.0,0.0,153.19,03/09/2025 07:53:44,13.01051,80.00380833333334,00380833333334,2025-09-04T23:20:03.687976
TN 87 1040,7428,0.0,0.0,153.09,03/09/2025 07:53:31,13.01051,80.00380833333334,00380833333334,2025-09-04T23:20:03.688129
TN 87 1040,7428,0.0,0.0,152.76,03/09/2025 07:53:22,13.01051,80.00380833333334,00380833333334,2025-09-04T23:20:03.688290
TN 87 1040,7428,0.0,0.0,149.33,03/09/2025 07:53:12,13.01051,80.00380833333334,00380833333334,2025-09-04T23:20:03.688425
TN 87 1040,7428,0.0,0.0,148.92,03/09/2025 07:53:02,13.01051,80.00380833333334,00380833333334,2025-09-04T23:20:03.688571
TN 87 1040,7428,0.0,0.0,148.16,03/09/2025 07:52:52,13.01051,80.00380833333334,00380833333334,2025-09-04T23:20:03.688735
TN 87 1040,7428,0.0,0.0,147.9,03/09/2025 07:52:45,13.01051,80.00380833333334,00380833333334,2025-09-04T23:20:03.688867
TN 87 1040,7428,0.0,0.0,147.9,03/09/2025 07:52:32,13.01051,80.00380833333334,00380833333334,2025-09-04T23:20:03.689024
TN 87 1040,7428,0.0,0.0,147.91,03/09/2025 07:52:23,13.01051,80.00380833333334,00380833333334,2025-09-04T23:20:03.689194
TN 87 1040,7428,0.0,0.0,147.92,03/09/2025 07:52:13,13.01051,80.00380833333334,00380833333334,2025-09-04T23:20:03.689343
TN 87 1040,7428,0.0,0.0,147.96,03/09/2025 07:52:03,13.01051,80.00380833333334,00380833333334,2025-09-04T23:20:03.689485
TN 87 1040,7428,0.0,0.0,147.98,03/09/2025 07:51:53,13.01051,80.00380833333334,00380833333334,2025-09-04T23:20:03.689668
TN 87 1040,7428,0.0,0.0,147.99,03/09/2025 07:51:46,13.01051,80.00380833333334,00380833333334,2025-09-04T23:20:03.689919
TN 87 1040,7428,0.0,0.0,148.01,03/09/2025 07:51:33,13.01051,80.00380833333334,00380833333334,2025-09-04T23:20:03.690157
TN 87 1040,7428,0.0,0.0,148.12,03/09/2025 07:51:23,13.01051,80.00380833333334,00380833333334,2025-09-04T23:20:03.690324
TN 87 1040,7428,0.0,0.0,148.16,03/09/2025 07:51:14,13.01051,80.00380833333334,00380833333334,2025-09-04T23:20:03.690471
TN 87 1040,7428,0.0,0.0,148.16,03/09/2025 07:51:06,13.01051,80.00380833333334,00380833333334,2025-09-04T23:20:03.690625
TN 87 1040,7428,0.0,0.0,148.15,03/09/2025 07:50:34,13.01051,80.00380833333334,00380833333334,2025-09-04T23:20:03.690767
TN 87 1040,7428,0.0,0.0,148.15,03/09/2025 07:50:25,13.01051,80.00380833333334,00380833333334,2025-09-04T23:20:03.690974
TN 87 1040,7428,0.0,0.0,148.17,03/09/2025 07:50:15,13.01051,80.00380833333334,00380833333334,2025-09-04T23:20:03.691149
TN 87 1040,7428,0.0,0.0,148.18,03/09/2025 07:50:05,13.01051,80.00380833333334,00380833333334,2025-09-04T23:20:03.691303
TN 87 1040,7428,0.0,0.0,148.18,03/09/2025 07:49:55,13.01051,80.00380833333334,00380833333334,2025-09-04T23:20:03.691497
TN 87 1040,7428,0.0,0.0,148.18,03/09/2025 07:49:49,13.01051,80.00380833333334,00380833333334,2025-09-04T23:20:03.691674
TN 87 1040,7428,0.0,0.0,148.2,03/09/2025 07:49:35,13.01051,80.00380833333334,00380833333334,2025-09-04T23:20:03.691835
TN 87 1040,7428,0.0,0.0,148.16,03/09/2025 07:49:26,13.01051,80.00380833333334,00380833333334,2025-09-04T23:20:03.692011
TN 87 1040,7428,0.0,0.0,148.13,03/09/2025 07:49:15,13.01051,80.00380833333334,00380833333334,2025-09-04T23:20:03.692181
TN 87 1040,7428,0.0,0.0,148.16,03/09/2025 07:49:06,13.01051,80.00380833333334,00380833333334,2025-09-04T23:20:03.692342
TN 87 1040,7428,0.0,0.0,148.16,03/09/2025 07:48:56,13.01051,80.00380833333334,00380833333334,2025-09-04T23:20:03.692516
TN 87 1040,7428,0.0,0.0,148.18,03/09/2025 07:48:49,13.01051,80.00380833333334,00380833333334,2025-09-04T23:20:03.692678
TN 87 1040,7428,0.0,0.0,148.19,03/09/2025 07:48:37,13.01051,80.00380833333334,00380833333334,2025-09-04T23:20:03.692835
TN 87 1040,7428,0.0,0.0,148.2,03/09/2025 07:48:26,13.01051,80.00380833333334,00380833333334,2025-09-04T23:20:03.692964
TN 87 1040,7428,0.0,0.0,148.23,03/09/2025 07:48:16,13.01051,80.00380833333334,00380833333334,2025-09-04T23:20:03.693099
TN 87 1040,7428,0.0,0.0,148.21,03/09/2025 07:48:07,13.01051,80.00380833333334,00380833333334,2025-09-04T23:20:03.693300
TN 87 1040,7428,0.0,0.0,148.21,03/09/2025 07:47:57,13.01051,80.00380833333334,00380833333334,2025-09-04T23:20:03.693469
TN 87 1040,7428,0.0,0.0,148.24,03/09/2025 07:47:50,13.01051,80.00380833333334,00380833333334,2025-09-04T23:20:03.693660
TN 87 1040,7428,0.0,0.0,148.22,03/09/2025 07:47:37,13.01051,80.00380833333334,00380833333334,2025-09-04T23:20:03.693835
TN 87 1040,7428,0.0,0.0,148.26,03/09/2025 07:47:27,13.01051,80.00380833333334,00380833333334,2025-09-04T23:20:03.694016
TN 87 1040,7428,0.0,0.0,148.26,03/09/2025 07:47:17,13.01051,80.00380833333334,00380833333334,2025-09-04T23:20:03.694210
TN 87 1040,7428,0.0,0.0,148.23,03/09/2025 07:47:07,13.01051,80.00380833333334,00380833333334,2025-09-04T23:20:03.694418
TN 87 1040,7428,0.0,0.0,148.29,03/09/2025 07:46:58,13.01051,80.00380833333334,00380833333334,2025-09-04T23:20:03.694625
TN 87 1040,7428,0.0,0.0,148.3,03/09/2025 07:46:51,13.01051,80.00380833333334,00380833333334,2025-09-04T23:20:03.694840
TN 87 1040,7428,0.0,0.0,148.31,03/09/2025 07:46:38,13.01051,80.00380833333334,00380833333334,2025-09-04T23:20:03.695050
TN 87 1040,7428,0.0,0.0,148.27,03/09/2025 07:46:28,13.01051,80.00380833333334,00380833333334,2025-09-04T23:20:03.695243
TN 87 1040,7428,0.0,0.0,148.26,03/09/2025 07:46:18,13.01051,80.00380833333334,00380833333334,2025-09-04T23:20:03.695424
TN 87 1040,7428,0.0,0.0,148.24,03/09/2025 07:46:09,13.01051,80.00380833333334,00380833333334,2025-09-04T23:20:03.695594
TN 87 1040,7428,0.0,0.0,148.39,03/09/2025 07:45:59,13.01051,80.00380833333334,00380833333334,2025-09-04T23:20:03.695770
TN 87 1040,7428,0.0,0.0,148.39,03/09/2025 07:45:52,13.01051,80.00380833333334,00380833333334,2025-09-04T23:20:03.695946
TN 87 1040,7428,0.0,0.0,148.39,03/09/2025 07:45:39,13.01051,80.00380833333334,00380833333334,2025-09-04T23:20:03.696127
TN 87 1040,7428,0.0,0.0,148.39,03/09/2025 07:45:29,13.01051,80.00380833333334,00380833333334,2025-09-04T23:20:03.696312
TN 87 1040,7428,0.0,0.0,148.33,03/09/2025 07:45:20,13.01051,80.00380833333334,00380833333334,2025-09-04T23:20:03.696500
TN 87 1040,7428,0.0,0.0,148.32,03/09/2025 07:45:09,13.01051,80.00380833333334,00380833333334,2025-09-04T23:20:03.696667
TN 87 1040,7428,0.0,0.0,148.37,03/09/2025 07:45:00,13.01051,80.00380833333334,00380833333334,2025-09-04T23:20:03.696836
TN 87 1040,7428,0.0,0.0,148.37,03/09/2025 07:44:54,13.01051,80.00380833333334,00380833333334,2025-09-04T23:20:03.697001
TN 87 1040,7428,0.0,0.0,148.38,03/09/2025 07:44:40,13.01051,80.00380833333334,00380833333334,2025-09-04T23:20:03.697192
TN 87 1040,7428,0.0,0.0,148.36,03/09/2025 07:44:31,13.01051,80.00380833333334,00380833333334,2025-09-04T23:20:03.697370
TN 87 1040,7428,0.0,0.0,148.34,03/09/2025 07:44:20,13.01051,80.00380833333334,00380833333334,2025-09-04T23:20:03.697533
TN 87 1040,7428,0.0,0.0,148.37,03/09/2025 07:44:10,13.01051,80.00380833333334,00380833333334,2025-09-04T23:20:03.697699
TN 87 1040,7428,0.0,0.0,148.39,03/09/2025 07:44:00,13.01051,80.00380833333334,00380833333334,2025-09-04T23:20:03.697858
TN 87 1040,7428,0.0,0.0,148.39,03/09/2025 07:43:53,13.01051,80.00380833333334,00380833333334,2025-09-04T23:20:03.698023
TN 87 1040,7428,0.0,0.0,148.38,03/09/2025 07:43:41,13.01051,80.00380833333334,00380833333334,2025-09-04T23:20:03.698181
TN 87 1040,7428,0.0,0.0,148.36,03/09/2025 07:43:31,13.01051,80.00380833333334,00380833333334,2025-09-04T23:20:03.698344
TN 87 1040,7428,0.0,0.0,148.42,03/09/2025 07:43:21,13.01051,80.00380833333334,00380833333334,2025-09-04T23:20:03.698506
TN 87 1040,7428,0.0,0.0,148.46,03/09/2025 07:43:11,13.01051,80.00380833333334,00380833333334,2025-09-04T23:20:03.698673
TN 87 1040,7428,0.0,0.0,148.48,03/09/2025 07:43:01,13.01051,80.00380833333334,00380833333334,2025-09-04T23:20:03.698830
TN 87 1040,7428,0.0,0.0,148.43,03/09/2025 07:42:54,13.01051,80.00380833333334,00380833333334,2025-09-04T23:20:03.698992
TN 87 1040,7428,0.0,0.0,148.42,03/09/2025 07:42:42,13.01051,80.00380833333334,00380833333334,2025-09-04T23:20:03.699160
TN 87 1040,7428,0.0,0.0,148.41,03/09/2025 07:42:32,13.01051,80.00380833333334,00380833333334,2025-09-04T23:20:03.699318
TN 87 1040,7428,0.0,0.0,148.46,03/09/2025 07:42:22,13.01051,80.00380833333334,00380833333334,2025-09-04T23:20:03.699454
TN 87 1040,7428,0.0,0.0,148.45,03/09/2025 07:42:12,13.01051,80.00380833333334,00380833333334,2025-09-04T23:20:03.699646
TN 87 1040,7428,0.0,0.0,148.44,03/09/2025 07:42:03,13.01051,80.00380833333334,00380833333334,2025-09-04T23:20:03.699851
TN 87 1040,7428,0.0,0.0,148.48,03/09/2025 07:41:55,13.01051,80.00380833333334,00380833333334,2025-09-04T23:20:03.700047
TN 87 1040,7428,0.0,0.0,148.48,03/09/2025 07:41:43,13.01051,80.00380833333334,00380833333334,2025-09-04T23:20:03.700267
TN 87 1040,7428,0.0,0.0,148.46,03/09/2025 07:41:33,13.01051,80.00380833333334,00380833333334,2025-09-04T23:20:03.700490
TN 87 1040,7428,0.0,0.0,148.44,03/09/2025 07:41:23,13.01051,80.00380833333334,00380833333334,2025-09-04T23:20:03.700677
TN 87 1040,7428,0.0,0.0,148.55,03/09/2025 07:41:13,13.01051,80.00380833333334,00380833333334,2025-09-04T23:20:03.700861
TN 87 1040,7428,0.0,0.0,148.57,03/09/2025 07:41:03,13.01051,80.00380833333334,00380833333334,2025-09-04T23:20:03.701057
TN 87 1040,7428,0.0,0.0,148.58,03/09/2025 07:40:56,13.01051,80.00380833333334,00380833333334,2025-09-04T23:20:03.701238
TN 87 1040,7428,0.0,0.0,148.59,03/09/2025 07:40:44,13.01051,80.00380833333334,00380833333334,2025-09-04T23:20:03.701412
TN 87 1040,7428,0.0,0.0,148.55,03/09/2025 07:40:34,13.01051,80.00380833333334,00380833333334,2025-09-04T23:20:03.701585
TN 87 1040,7428,0.0,0.0,148.55,03/09/2025 07:40:24,13.01051,80.00380833333334,00380833333334,2025-09-04T23:20:03.701758
TN 87 1040,7428,0.0,0.0,148.59,03/09/2025 07:40:14,13.01051,80.00380833333334,00380833333334,2025-09-04T23:20:03.701929
TN 87 1040,7428,0.0,0.0,148.53,03/09/2025 07:40:04,13.01051,80.00380833333334,00380833333334,2025-09-04T23:20:03.702108
TN 87 1040,7428,0.0,0.0,148.55,03/09/2025 07:39:57,13.01051,80.00380833333334,00380833333334,2025-09-04T23:20:03.702259
TN 87 1040,7428,0.0,0.0,148.55,03/09/2025 07:39:44,13.01051,80.00380833333334,00380833333334,2025-09-04T23:20:03.702434
TN 87 1040,7428,0.0,0.0,148.52,03/09/2025 07:39:35,13.01051,80.00380833333334,00380833333334,2025-09-04T23:20:03.702602
TN 87 1040,7428,0.0,0.0,148.53,03/09/2025 07:39:26,13.01051,80.00380833333334,00380833333334,2025-09-04T23:20:03.702742
TN 87 1040,7428,0.0,0.0,148.55,03/09/2025 07:39:15,13.01051,80.00380833333334,00380833333334,2025-09-04T23:20:03.702892
TN 87 1040,7428,0.0,0.0,148.58,03/09/2025 07:39:05,13.01051,80.00380833333334,00380833333334,2025-09-04T23:20:03.703064
TN 87 1040,7428,0.0,0.0,148.58,03/09/2025 07:38:59,13.01051,80.00380833333334,00380833333334,2025-09-04T23:20:03.703223
TN 87 1040,7428,0.0,0.0,148.59,03/09/2025 07:38:45,13.01051,80.00380833333334,00380833333334,2025-09-04T23:20:03.703405
TN 87 1040,7428,0.0,0.0,148.59,03/09/2025 07:38:37,13.01051,80.00380833333334,00380833333334,2025-09-04T23:20:03.703575
TN 87 1040,7428,0.0,0.0,148.62,03/09/2025 07:38:26,13.01051,80.00380833333334,00380833333334,2025-09-04T23:20:03.703735
TN 87 1040,7428,0.0,0.0,148.63,03/09/2025 07:38:16,13.01051,80.00380833333334,00380833333334,2025-09-04T23:20:03.703904
TN 87 1040,7428,0.0,0.0,148.62,03/09/2025 07:38:06,13.01051,80.00380833333334,00380833333334,2025-09-04T23:20:03.704063
TN 87 1040,7428,0.0,0.0,148.63,03/09/2025 07:37:59,13.01051,80.00380833333334,00380833333334,2025-09-04T23:20:03.704229
TN 87 1040,7428,0.0,0.0,148.62,03/09/2025 07:37:47,13.01051,80.00380833333334,00380833333334,2025-09-04T23:20:03.704395
TN 87 1040,7428,0.0,0.0,148.61,03/09/2025 07:37:36,13.01051,80.00380833333334,00380833333334,2025-09-04T23:20:03.704583
TN 87 1040,7428,0.0,0.0,148.61,03/09/2025 07:37:27,13.01051,80.00380833333334,00380833333334,2025-09-04T23:20:03.704777
TN 87 1040,7428,0.0,0.0,148.62,03/09/2025 07:37:17,13.01051,80.00380833333334,00380833333334,2025-09-04T23:20:03.705030
TN 87 1040,7428,0.0,0.0,148.62,03/09/2025 07:37:07,13.01051,80.00380833333334,00380833333334,2025-09-04T23:20:03.705283
TN 87 1040,7428,0.0,0.0,148.62,03/09/2025 07:37:00,13.01051,80.00380833333334,00380833333334,2025-09-04T23:20:03.705522
TN 87 1040,7428,0.0,0.0,148.63,03/09/2025 07:36:47,13.01051,80.00380833333334,00380833333334,2025-09-04T23:20:03.705712
TN 87 1040,7428,0.0,0.0,148.64,03/09/2025 07:36:37,13.01051,80.00380833333334,00380833333334,2025-09-04T23:20:03.705880
TN 87 1040,7428,0.0,0.0,148.61,03/09/2025 07:36:28,13.01051,80.00380833333334,00380833333334,2025-09-04T23:20:03.706050
TN 87 1040,7428,0.0,0.0,148.59,03/09/2025 07:36:18,13.01051,80.00380833333334,00380833333334,2025-09-04T23:20:03.706211
TN 87 1040,7428,0.0,0.0,148.63,03/09/2025 07:36:09,13.01051,80.00380833333334,00380833333334,2025-09-04T23:20:03.706376
TN 87 1040,7428,0.0,0.0,148.61,03/09/2025 07:36:01,13.01051,80.00380833333334,00380833333334,2025-09-04T23:20:03.706563
TN 87 1040,7428,0.0,0.0,148.61,03/09/2025 07:35:48,13.01051,80.00380833333334,00380833333334,2025-09-04T23:20:03.706793
TN 87 1040,7428,0.0,0.0,148.61,03/09/2025 07:35:19,13.01051,80.00380833333334,00380833333334,2025-09-04T23:20:03.706976
TN 87 1040,7428,0.0,0.0,148.61,03/09/2025 07:35:09,13.01051,80.00380833333334,00380833333334,2025-09-04T23:20:03.707161
TN 87 1040,7428,0.0,0.0,148.59,03/09/2025 07:35:02,13.01051,80.00380833333334,00380833333334,2025-09-04T23:20:03.707345
TN 87 1040,7428,0.0,0.0,148.59,03/09/2025 07:34:49,13.01051,80.00380833333334,00380833333334,2025-09-04T23:20:03.707537
TN 87 1040,7428,0.0,0.0,148.63,03/09/2025 07:34:39,13.01051,80.00380833333334,00380833333334,2025-09-04T23:20:03.707719
TN 87 1040,7428,0.0,0.0,148.64,03/09/2025 07:34:30,13.01051,80.00380833333334,00380833333334,2025-09-04T23:20:03.707926
TN 87 1040,7428,0.0,0.0,148.64,03/09/2025 07:34:20,13.01051,80.00380833333334,00380833333334,2025-09-04T23:20:03.708120
TN 87 1040,7428,0.0,0.0,148.66,03/09/2025 07:34:10,13.01051,80.00380833333334,00380833333334,2025-09-04T23:20:03.708295
TN 87 1040,7428,0.0,0.0,148.66,03/09/2025 07:34:04,13.01051,80.00380833333334,00380833333334,2025-09-04T23:20:03.708513
TN 87 1040,7428,0.0,0.0,148.64,03/09/2025 07:33:50,13.01051,80.00380833333334,00380833333334,2025-09-04T23:20:03.708707
TN 87 1040,7428,0.0,0.0,148.66,03/09/2025 07:33:41,13.01051,80.00380833333334,00380833333334,2025-09-04T23:20:03.708880
TN 87 1040,7428,0.0,0.0,148.6,03/09/2025 07:33:30,13.01051,80.00380833333334,00380833333334,2025-09-04T23:20:03.709052
TN 87 1040,7428,0.0,0.0,148.62,03/09/2025 07:33:21,13.01051,80.00380833333334,00380833333334,2025-09-04T23:20:03.709224
TN 87 1040,7428,0.0,0.0,148.67,03/09/2025 07:33:11,13.01051,80.00380833333334,00380833333334,2025-09-04T23:20:03.709391
TN 87 1040,7428,0.0,0.0,148.67,03/09/2025 07:33:04,13.01051,80.00380833333334,00380833333334,2025-09-04T23:20:03.709574
TN 87 1040,7428,0.0,0.0,148.68,03/09/2025 07:32:51,13.01051,80.00380833333334,00380833333334,2025-09-04T23:20:03.709749
TN 87 1040,7428,0.0,0.0,148.68,03/09/2025 07:32:41,13.01051,80.00380833333334,00380833333334,2025-09-04T23:20:03.709933
TN 87 1040,7428,0.0,0.0,148.66,03/09/2025 07:32:31,13.01051,80.00380833333334,00380833333334,2025-09-04T23:20:03.710116
TN 87 1040,7428,0.0,0.0,148.66,03/09/2025 07:32:21,13.01051,80.00380833333334,00380833333334,2025-09-04T23:20:03.710295
TN 87 1040,7428,0.0,0.0,148.66,03/09/2025 07:32:12,13.01051,80.00380833333334,00380833333334,2025-09-04T23:20:03.710461
TN 87 1040,7428,0.0,0.0,148.69,03/09/2025 07:32:05,13.01051,80.00380833333334,00380833333334,2025-09-04T23:20:03.710664
TN 87 1040,7428,0.0,0.0,148.69,03/09/2025 07:31:52,13.01051,80.00380833333334,00380833333334,2025-09-04T23:20:03.710842
TN 87 1040,7428,0.0,0.0,148.7,03/09/2025 07:31:42,13.01051,80.00380833333334,00380833333334,2025-09-04T23:20:03.711031
TN 87 1040,7428,0.0,0.0,148.72,03/09/2025 07:31:32,13.01051,80.00380833333334,00380833333334,2025-09-04T23:20:03.711220
TN 87 1040,7428,0.0,0.0,148.69,03/09/2025 07:31:22,13.01051,80.00380833333334,00380833333334,2025-09-04T23:20:03.711393
TN 87 1040,7428,0.0,0.0,148.7,03/09/2025 07:31:13,13.01051,80.00380833333334,00380833333334,2025-09-04T23:20:03.711563
TN 87 1040,7428,0.0,0.0,148.72,03/09/2025 07:31:05,13.01051,80.00380833333334,00380833333334,2025-09-04T23:20:03.711733
TN 87 1040,7428,0.0,0.0,148.75,03/09/2025 07:30:53,13.01051,80.00380833333334,00380833333334,2025-09-04T23:20:03.711894
TN 87 1040,7428,0.0,0.0,148.75,03/09/2025 07:30:43,13.01051,80.00380833333334,00380833333334,2025-09-04T23:20:03.712060
TN 87 1040,7428,0.0,0.0,148.75,03/09/2025 07:30:33,13.01051,80.00380833333334,00380833333334,2025-09-04T23:20:03.712217
TN 87 1040,7428,0.0,0.0,148.74,03/09/2025 07:30:24,13.01051,80.00380833333334,00380833333334,2025-09-04T23:20:03.712381
TN 87 1040,7428,0.0,0.0,148.74,03/09/2025 07:30:13,13.01051,80.00380833333334,00380833333334,2025-09-04T23:20:03.712549
TN 87 1040,7428,0.0,0.0,148.74,03/09/2025 07:30:06,13.01051,80.00380833333334,00380833333334,2025-09-04T23:20:03.712705
TN 87 1040,7428,0.0,0.0,148.74,03/09/2025 07:29:54,13.01051,80.00380833333334,00380833333334,2025-09-04T23:20:03.712836
TN 87 1040,7428,0.0,0.0,148.76,03/09/2025 07:29:44,13.01051,80.00380833333334,00380833333334,2025-09-04T23:20:03.713004
TN 87 1040,7428,0.0,0.0,148.77,03/09/2025 07:29:34,13.01051,80.00380833333334,00380833333334,2025-09-04T23:20:03.713295
TN 87 1040,7428,0.0,0.0,148.78,03/09/2025 07:29:24,13.01051,80.00380833333334,00380833333334,2025-09-04T23:20:03.713475
TN 87 1040,7428,0.0,0.0,148.77,03/09/2025 07:29:14,13.01051,80.00380833333334,00380833333334,2025-09-04T23:20:03.713650
TN 87 1040,7428,0.0,0.0,148.77,03/09/2025 07:29:07,13.01051,80.00380833333334,00380833333334,2025-09-04T23:20:03.713812
TN 87 1040,7428,0.0,0.0,148.78,03/09/2025 07:28:55,13.01051,80.00380833333334,00380833333334,2025-09-04T23:20:03.713978
TN 87 1040,7428,0.0,0.0,148.78,03/09/2025 07:28:45,13.01051,80.00380833333334,00380833333334,2025-09-04T23:20:03.714136
TN 87 1040,7428,0.0,0.0,148.8,03/09/2025 07:28:36,13.01051,80.00380833333334,00380833333334,2025-09-04T23:20:03.714267
TN 87 1040,7428,0.0,0.0,148.8,03/09/2025 07:28:25,13.01051,80.00380833333334,00380833333334,2025-09-04T23:20:03.714392
TN 87 1040,7428,0.0,0.0,148.8,03/09/2025 07:28:15,13.01051,80.00380833333334,00380833333334,2025-09-04T23:20:03.714566
TN 87 1040,7428,0.0,0.0,148.81,03/09/2025 07:28:09,13.01051,80.00380833333334,00380833333334,2025-09-04T23:20:03.714764
TN 87 1040,7428,0.0,0.0,148.81,03/09/2025 07:27:56,13.01051,80.00380833333334,00380833333334,2025-09-04T23:20:03.714931
TN 87 1040,7428,0.0,0.0,148.81,03/09/2025 07:27:47,13.01051,80.00380833333334,00380833333334,2025-09-04T23:20:03.715176
TN 87 1040,7428,0.0,0.0,148.82,03/09/2025 07:27:36,13.01051,80.00380833333334,00380833333334,2025-09-04T23:20:03.715413
TN 87 1040,7428,0.0,0.0,148.83,03/09/2025 07:27:26,13.01051,80.00380833333334,00380833333334,2025-09-04T23:20:03.715638
TN 87 1040,7428,0.0,0.0,148.84,03/09/2025 07:27:16,13.01051,80.00380833333334,00380833333334,2025-09-04T23:20:03.715827
TN 87 1040,7428,0.0,0.0,148.81,03/09/2025 07:27:09,13.01051,80.00380833333334,00380833333334,2025-09-04T23:20:03.715993
TN 87 1040,7428,0.0,0.0,148.81,03/09/2025 07:26:52,13.01051,80.00380833333334,00380833333334,2025-09-04T23:20:03.716173
TN 87 1040,7428,0.0,0.0,148.82,03/09/2025 07:26:42,13.01051,80.00380833333334,00380833333334,2025-09-04T23:20:03.716372
TN 87 1040,7428,0.0,0.0,148.81,03/09/2025 07:26:32,13.01051,80.00380833333334,00380833333334,2025-09-04T23:20:03.716544
TN 87 1040,7428,0.0,0.0,148.8,03/09/2025 07:26:22,13.01051,80.00380833333334,00380833333334,2025-09-04T23:20:03.716710
TN 87 1040,7428,0.0,0.0,148.8,03/09/2025 07:26:13,13.01051,80.00380833333334,00380833333334,2025-09-04T23:20:03.716870
TN 87 1040,7428,0.0,0.0,148.81,03/09/2025 07:26:02,13.01051,80.00380833333334,00380833333334,2025-09-04T23:20:03.717033
TN 87 1040,7428,0.0,0.0,148.83,03/09/2025 07:25:53,13.01051,80.00380833333334,00380833333334,2025-09-04T23:20:03.717194
TN 87 1040,7428,0.0,0.0,148.83,03/09/2025 07:25:43,13.01051,80.00380833333334,00380833333334,2025-09-04T23:20:03.717352
TN 87 1040,7428,0.0,0.0,148.82,03/09/2025 07:25:33,13.01051,80.00380833333334,00380833333334,2025-09-04T23:20:03.717513
TN 87 1040,7428,0.0,0.0,148.82,03/09/2025 07:25:23,13.01051,80.00380833333334,00380833333334,2025-09-04T23:20:03.717674
TN 87 1040,7428,0.0,0.0,148.83,03/09/2025 07:25:13,13.01051,80.00380833333334,00380833333334,2025-09-04T23:20:03.717829
TN 87 1040,7428,0.0,0.0,148.83,03/09/2025 07:25:03,13.01051,80.00380833333334,00380833333334,2025-09-04T23:20:03.717978
TN 87 1040,7428,0.0,0.0,148.81,03/09/2025 07:24:53,13.01051,80.00380833333334,00380833333334,2025-09-04T23:20:03.718136
TN 87 1040,7428,0.0,0.0,148.82,03/09/2025 07:24:44,13.01051,80.00380833333334,00380833333334,2025-09-04T23:20:03.718287
TN 87 1040,7428,0.0,0.0,148.83,03/09/2025 07:24:34,13.01051,80.00380833333334,00380833333334,2025-09-04T23:20:03.718444
TN 87 1040,7428,0.0,0.0,148.81,03/09/2025 07:24:24,13.01051,80.00380833333334,00380833333334,2025-09-04T23:20:03.718600
TN 87 1040,7428,0.0,0.0,148.8,03/09/2025 07:24:14,13.01051,80.00380833333334,00380833333334,2025-09-04T23:20:03.718754
TN 87 1040,7428,0.0,0.0,148.8,03/09/2025 07:24:04,13.01051,80.00380833333334,00380833333334,2025-09-04T23:20:03.718910
TN 87 1040,7428,0.0,0.0,148.81,03/09/2025 07:23:54,13.01051,80.00380833333334,00380833333334,2025-09-04T23:20:03.719077
TN 87 1040,7428,0.0,0.0,148.85,03/09/2025 07:23:45,13.01051,80.00380833333334,00380833333334,2025-09-04T23:20:03.719261
TN 87 1040,7428,0.0,0.0,148.85,03/09/2025 07:23:36,13.01051,80.00380833333334,00380833333334,2025-09-04T23:20:03.719428
TN 87 1040,7428,0.0,0.0,148.84,03/09/2025 07:23:25,13.01051,80.00380833333334,00380833333334,2025-09-04T23:20:03.719583
TN 87 1040,7428,0.0,0.0,148.84,03/09/2025 07:23:15,13.01051,80.00380833333334,00380833333334,2025-09-04T23:20:03.719823
TN 87 1040,7428,0.0,0.0,148.84,03/09/2025 07:23:05,13.01051,80.00380833333334,00380833333334,2025-09-04T23:20:03.720018
TN 87 1040,7428,0.0,0.0,148.83,03/09/2025 07:22:55,13.01051,80.00380833333334,00380833333334,2025-09-04T23:20:03.720258
TN 87 1040,7428,0.0,0.0,148.83,03/09/2025 07:22:46,13.01051,80.00380833333334,00380833333334,2025-09-04T23:20:03.720453
TN 87 1040,7428,0.0,0.0,148.84,03/09/2025 07:22:36,13.01051,80.00380833333334,00380833333334,2025-09-04T23:20:03.720652
TN 87 1040,7428,0.0,0.0,148.83,03/09/2025 07:22:26,13.01051,80.00380833333334,00380833333334,2025-09-04T23:20:03.720812
TN 87 1040,7428,0.0,0.0,148.85,03/09/2025 07:22:16,13.01051,80.00380833333334,00380833333334,2025-09-04T23:20:03.721012
TN 87 1040,7428,0.0,0.0,148.85,03/09/2025 07:22:06,13.01051,80.00380833333334,00380833333334,2025-09-04T23:20:03.721201
TN 87 1040,7428,0.0,0.0,148.85,03/09/2025 07:21:57,13.01051,80.00380833333334,00380833333334,2025-09-04T23:20:03.721411
TN 87 1040,7428,0.0,0.0,148.85,03/09/2025 07:21:46,13.01051,80.00380833333334,00380833333334,2025-09-04T23:20:03.721623
TN 87 1040,7428,0.0,0.0,148.85,03/09/2025 07:21:37,13.01051,80.00380833333334,00380833333334,2025-09-04T23:20:03.721823
TN 87 1040,7428,0.0,0.0,148.85,03/09/2025 07:21:27,13.01051,80.00380833333334,00380833333334,2025-09-04T23:20:03.722021
TN 87 1040,7428,0.0,0.0,148.85,03/09/2025 07:21:18,13.01051,80.00380833333334,00380833333334,2025-09-04T23:20:03.722256
TN 87 1040,7428,0.0,0.0,148.85,03/09/2025 07:21:10,13.01051,80.00380833333334,00380833333334,2025-09-04T23:20:03.722450
TN 87 1040,7428,0.0,0.0,148.85,03/09/2025 07:20:03,13.01051,80.00380833333334,00380833333334,2025-09-04T23:20:03.722623
TN 87 1040,7428,0.0,0.0,148.87,03/09/2025 07:19:53,13.01051,80.00380833333334,00380833333334,2025-09-04T23:20:03.722761
TN 87 1040,7428,0.0,0.0,148.87,03/09/2025 07:19:43,13.01051,80.00380833333334,00380833333334,2025-09-04T23:20:03.722934
TN 87 1040,7428,0.0,0.0,148.87,03/09/2025 07:19:34,13.01051,80.00380833333334,00380833333334,2025-09-04T23:20:03.723098
TN 87 1040,7428,0.0,0.0,148.87,03/09/2025 07:19:24,13.01051,80.00380833333334,00380833333334,2025-09-04T23:20:03.723240
TN 87 1040,7428,0.0,0.0,148.87,03/09/2025 07:19:17,13.01051,80.00380833333334,00380833333334,2025-09-04T23:20:03.723410
TN 87 1040,7428,0.0,0.0,148.87,03/09/2025 07:19:04,13.01051,80.00380833333334,00380833333334,2025-09-04T23:20:03.723570
TN 87 1040,7428,0.0,0.0,148.87,03/09/2025 07:18:54,13.01051,80.00380833333334,00380833333334,2025-09-04T23:20:03.723737
TN 87 1040,7428,0.0,0.0,148.87,03/09/2025 07:18:44,13.01051,80.00380833333334,00380833333334,2025-09-04T23:20:03.723892
TN 87 1040,7428,0.0,0.0,148.87,03/09/2025 07:18:35,13.01051,80.00380833333334,00380833333334,2025-09-04T23:20:03.724066
TN 87 1040,7428,0.0,0.0,148.87,03/09/2025 07:18:25,13.01051,80.00380833333334,00380833333334,2025-09-04T23:20:03.724252
TN 87 1040,7428,0.0,0.0,148.89,03/09/2025 07:18:18,13.01051,80.00380833333334,00380833333334,2025-09-04T23:20:03.724420
TN 87 1040,7428,0.0,0.0,148.89,03/09/2025 07:18:05,13.01051,80.00380833333334,00380833333334,2025-09-04T23:20:03.724576
TN 87 1040,7428,0.0,0.0,148.89,03/09/2025 07:17:55,13.01051,80.00380833333334,00380833333334,2025-09-04T23:20:03.724767
TN 87 1040,7428,0.0,0.0,148.88,03/09/2025 07:17:46,13.01051,80.00380833333334,00380833333334,2025-09-04T23:20:03.724949
TN 87 1040,7428,0.0,0.0,148.89,03/09/2025 07:17:35,13.01051,80.00380833333334,00380833333334,2025-09-04T23:20:03.725136
TN 87 1040,7428,0.0,0.0,148.89,03/09/2025 07:17:25,13.01051,80.00380833333334,00380833333334,2025-09-04T23:20:03.725328
TN 87 1040,7428,0.0,0.0,148.89,03/09/2025 07:17:20,13.01051,80.00380833333334,00380833333334,2025-09-04T23:20:03.725513
TN 87 1040,7428,0.0,0.0,148.9,03/09/2025 07:17:06,13.01051,80.00380833333334,00380833333334,2025-09-04T23:20:03.725655
TN 87 1040,7428,0.0,0.0,148.91,03/09/2025 07:16:57,13.01051,80.00380833333334,00380833333334,2025-09-04T23:20:03.725827
TN 87 1040,7428,0.0,0.0,148.89,03/09/2025 07:16:46,13.01051,80.00380833333334,00380833333334,2025-09-04T23:20:03.725999
TN 87 1040,7428,0.0,0.0,148.88,03/09/2025 07:16:36,13.01051,80.00380833333334,00380833333334,2025-09-04T23:20:03.726158
TN 87 1040,7428,0.0,0.0,148.88,03/09/2025 07:16:26,13.01051,80.00380833333334,00380833333334,2025-09-04T23:20:03.726287
TN 87 1040,7428,0.0,0.0,148.89,03/09/2025 07:16:19,13.01051,80.00380833333334,00380833333334,2025-09-04T23:20:03.726410
TN 87 1040,7428,0.0,0.0,148.89,03/09/2025 07:16:07,13.01051,80.00380833333334,00380833333334,2025-09-04T23:20:03.726545
TN 87 1040,7428,0.0,0.0,148.89,03/09/2025 07:15:57,13.01051,80.00380833333334,00380833333334,2025-09-04T23:20:03.726723
TN 87 1040,7428,0.0,0.0,148.89,03/09/2025 07:15:47,13.01051,80.00380833333334,00380833333334,2025-09-04T23:20:03.726895
TN 87 1040,7428,0.0,0.0,148.89,03/09/2025 07:15:37,13.01051,80.00380833333334,00380833333334,2025-09-04T23:20:03.727061
TN 87 1040,7428,0.0,0.0,148.89,03/09/2025 07:15:27,13.01051,80.00380833333334,00380833333334,2025-09-04T23:20:03.727221
TN 87 1040,7428,0.0,0.0,148.9,03/09/2025 07:15:20,13.01051,80.00380833333334,00380833333334,2025-09-04T23:20:03.727388
TN 87 1040,7428,0.0,0.0,148.9,03/09/2025 07:15:08,13.01051,80.00380833333334,00380833333334,2025-09-04T23:20:03.727549
TN 87 1040,7428,0.0,0.0,148.9,03/09/2025 07:14:58,13.01051,80.00380833333334,00380833333334,2025-09-04T23:20:03.727677
TN 87 1040,7428,0.0,0.0,148.9,03/09/2025 07:14:48,13.01051,80.00380833333334,00380833333334,2025-09-04T23:20:03.727799
TN 87 1040,7428,0.0,0.0,148.91,03/09/2025 07:14:38,13.01051,80.00380833333334,00380833333334,2025-09-04T23:20:03.727923
TN 87 1040,7428,0.0,0.0,148.92,03/09/2025 07:14:29,13.01051,80.00380833333334,00380833333334,2025-09-04T23:20:03.728090
TN 87 1040,7428,0.0,0.0,148.92,03/09/2025 07:14:21,13.01051,80.00380833333334,00380833333334,2025-09-04T23:20:03.728304
TN 87 1040,7428,0.0,0.0,148.9,03/09/2025 07:14:09,13.01051,80.00380833333334,00380833333334,2025-09-04T23:20:03.728465
TN 87 1040,7428,0.0,0.0,148.9,03/09/2025 07:13:59,13.01051,80.00380833333334,00380833333334,2025-09-04T23:20:03.728610
TN 87 1040,7428,0.0,0.0,148.9,03/09/2025 07:13:49,13.01051,80.00380833333334,00380833333334,2025-09-04T23:20:03.728779
TN 87 1040,7428,0.0,0.0,148.92,03/09/2025 07:13:40,13.01051,80.00380833333334,00380833333334,2025-09-04T23:20:03.728914
TN 87 1040,7428,0.0,0.0,148.92,03/09/2025 07:13:29,13.01051,80.00380833333334,00380833333334,2025-09-04T23:20:03.729037
TN 87 1040,7428,0.0,0.0,148.93,03/09/2025 07:13:22,13.01051,80.00380833333334,00380833333334,2025-09-04T23:20:03.729304
TN 87 1040,7428,0.0,0.0,148.94,03/09/2025 07:13:09,13.01051,80.00380833333334,00380833333334,2025-09-04T23:20:03.729554
TN 87 1040,7428,0.0,0.0,148.92,03/09/2025 07:13:00,13.01051,80.00380833333334,00380833333334,2025-09-04T23:20:03.729749
TN 87 1040,7428,0.0,0.0,148.92,03/09/2025 07:12:50,13.01051,80.00380833333334,00380833333334,2025-09-04T23:20:03.729948
TN 87 1040,7428,0.0,0.0,148.93,03/09/2025 07:12:40,13.01051,80.00380833333334,00380833333334,2025-09-04T23:20:03.730137
TN 87 1040,7428,0.0,0.0,148.92,03/09/2025 07:12:30,13.01051,80.00380833333334,00380833333334,2025-09-04T23:20:03.730329
TN 87 1040,7428,0.0,0.0,148.92,03/09/2025 07:12:24,13.01051,80.00380833333334,00380833333334,2025-09-04T23:20:03.730499
TN 87 1040,7428,0.0,0.0,148.92,03/09/2025 07:12:10,13.01051,80.00380833333334,00380833333334,2025-09-04T23:20:03.730685
TN 87 1040,7428,0.0,0.0,148.93,03/09/2025 07:12:01,13.01051,80.00380833333334,00380833333334,2025-09-04T23:20:03.730855
TN 87 1040,7428,0.0,0.0,148.94,03/09/2025 07:11:51,13.01051,80.00380833333334,00380833333334,2025-09-04T23:20:03.731036
TN 87 1040,7428,0.0,0.0,148.94,03/09/2025 07:11:41,13.01051,80.00380833333334,00380833333334,2025-09-04T23:20:03.731219
TN 87 1040,7428,0.0,0.0,148.92,03/09/2025 07:11:31,13.01051,80.00380833333334,00380833333334,2025-09-04T23:20:03.731384
TN 87 1040,7428,0.0,0.0,148.93,03/09/2025 07:11:25,13.01051,80.00380833333334,00380833333334,2025-09-04T23:20:03.731560
TN 87 1040,7428,0.0,0.0,148.93,03/09/2025 07:11:12,13.01051,80.00380833333334,00380833333334,2025-09-04T23:20:03.731740
TN 87 1040,7428,0.0,0.0,148.95,03/09/2025 07:11:01,13.01051,80.00380833333334,00380833333334,2025-09-04T23:20:03.731918
TN 87 1040,7428,0.0,0.0,148.95,03/09/2025 07:10:52,13.01051,80.00380833333334,00380833333334,2025-09-04T23:20:03.732089
TN 87 1040,7428,0.0,0.0,148.96,03/09/2025 07:10:42,13.01051,80.00380833333334,00380833333334,2025-09-04T23:20:03.732282
TN 87 1040,7428,0.0,0.0,148.94,03/09/2025 07:10:32,13.01051,80.00380833333334,00380833333334,2025-09-04T23:20:03.732449
TN 87 1040,7428,0.0,0.0,148.94,03/09/2025 07:10:25,13.01051,80.00380833333334,00380833333334,2025-09-04T23:20:03.732616
TN 87 1040,7428,0.0,0.0,148.95,03/09/2025 07:10:07,13.01051,80.00380833333334,00380833333334,2025-09-04T23:20:03.732788
TN 87 1040,7428,0.0,0.0,148.94,03/09/2025 07:09:57,13.01051,80.00380833333334,00380833333334,2025-09-04T23:20:03.732949
TN 87 1040,7428,0.0,0.0,148.93,03/09/2025 07:09:48,13.01051,80.00380833333334,00380833333334,2025-09-04T23:20:03.733140
TN 87 1040,7428,0.0,0.0,148.93,03/09/2025 07:09:38,13.01051,80.00380833333334,00380833333334,2025-09-04T23:20:03.733336
TN 87 1040,7428,0.0,0.0,148.96,03/09/2025 07:09:29,13.01051,80.00380833333334,00380833333334,2025-09-04T23:20:03.733505
TN 87 1040,7428,0.0,0.0,148.96,03/09/2025 07:09:18,13.01051,80.00380833333334,00380833333334,2025-09-04T23:20:03.733670
TN 87 1040,7428,0.0,0.0,148.97,03/09/2025 07:09:08,13.01051,80.00380833333334,00380833333334,2025-09-04T23:20:03.733835
TN 87 1040,7428,0.0,0.0,148.96,03/09/2025 07:08:58,13.01051,80.00380833333334,00380833333334,2025-09-04T23:20:03.733996
TN 87 1040,7428,0.0,0.0,148.96,03/09/2025 07:08:49,13.01051,80.00380833333334,00380833333334,2025-09-04T23:20:03.734174
TN 87 1040,7428,0.0,0.0,148.95,03/09/2025 07:08:39,13.01051,80.00380833333334,00380833333334,2025-09-04T23:20:03.734366
TN 87 1040,7428,0.0,0.0,148.96,03/09/2025 07:08:29,13.01051,80.00380833333334,00380833333334,2025-09-04T23:20:03.734593
TN 87 1040,7428,0.0,0.0,148.96,03/09/2025 07:08:19,13.01051,80.00380833333334,00380833333334,2025-09-04T23:20:03.734806
TN 87 1040,7428,0.0,0.0,148.97,03/09/2025 07:08:09,13.01051,80.00380833333334,00380833333334,2025-09-04T23:20:03.735014
TN 87 1040,7428,0.0,0.0,148.97,03/09/2025 07:07:59,13.01051,80.00380833333334,00380833333334,2025-09-04T23:20:03.735212
TN 87 1040,7428,0.0,0.0,148.96,03/09/2025 07:07:50,13.01051,80.00380833333334,00380833333334,2025-09-04T23:20:03.735410
TN 87 1040,7428,0.0,0.0,148.95,03/09/2025 07:07:40,13.01051,80.00380833333334,00380833333334,2025-09-04T23:20:03.735574
TN 87 1040,7428,0.0,0.0,148.96,03/09/2025 07:07:30,13.01051,80.00380833333334,00380833333334,2025-09-04T23:20:03.735749
TN 87 1040,7428,0.0,0.0,148.96,03/09/2025 07:07:20,13.01051,80.00380833333334,00380833333334,2025-09-04T23:20:03.735911
TN 87 1040,7428,0.0,0.0,148.96,03/09/2025 07:07:10,13.01051,80.00380833333334,00380833333334,2025-09-04T23:20:03.736079
TN 87 1040,7428,0.0,0.0,148.97,03/09/2025 07:07:01,13.01051,80.00380833333334,00380833333334,2025-09-04T23:20:03.736238
TN 87 1040,7428,0.0,0.0,148.98,03/09/2025 07:06:50,13.01051,80.00380833333334,00380833333334,2025-09-04T23:20:03.736369
TN 87 1040,7428,0.0,0.0,148.98,03/09/2025 07:06:41,13.01051,80.00380833333334,00380833333334,2025-09-04T23:20:03.736495
TN 87 1040,7428,0.0,0.0,148.98,03/09/2025 07:06:31,13.01051,80.00380833333334,00380833333334,2025-09-04T23:20:03.736621
TN 87 1040,7428,0.0,0.0,148.98,03/09/2025 07:06:21,13.01051,80.00380833333334,00380833333334,2025-09-04T23:20:03.736742
TN 87 1040,7428,0.0,0.0,148.96,03/09/2025 07:06:11,13.01051,80.00380833333334,00380833333334,2025-09-04T23:20:03.736864
TN 87 1040,7428,0.0,0.0,148.96,03/09/2025 07:06:01,13.01051,80.00380833333334,00380833333334,2025-09-04T23:20:03.736985
TN 87 1040,7428,0.0,0.0,148.97,03/09/2025 07:05:51,13.01051,80.00380833333334,00380833333334,2025-09-04T23:20:03.737113
TN 87 1040,7428,0.0,0.0,148.98,03/09/2025 07:05:41,13.01051,80.00380833333334,00380833333334,2025-09-04T23:20:03.737237
TN 87 1040,7428,0.0,0.0,148.98,03/09/2025 07:05:32,13.01051,80.00380833333334,00380833333334,2025-09-04T23:20:03.737355
TN 87 1040,7428,0.0,0.0,148.98,03/09/2025 07:05:22,13.01051,80.00380833333334,00380833333334,2025-09-04T23:20:03.737475
TN 87 1040,7428,0.0,0.0,148.99,03/09/2025 07:05:12,13.01051,80.00380833333334,00380833333334,2025-09-04T23:20:03.737596
TN 87 1040,7428,0.0,0.0,148.99,03/09/2025 07:05:02,13.01051,80.00380833333334,00380833333334,2025-09-04T23:20:03.737718
TN 87 1040,7428,0.0,0.0,148.99,03/09/2025 07:04:52,13.01051,80.00380833333334,00380833333334,2025-09-04T23:20:03.737853
TN 87 1040,7428,0.0,0.0,148.99,03/09/2025 07:04:42,13.01051,80.00380833333334,00380833333334,2025-09-04T23:20:03.738037
TN 87 1040,7428,0.0,0.0,148.99,03/09/2025 07:04:33,13.01051,80.00380833333334,00380833333334,2025-09-04T23:20:03.738208
TN 87 1040,7428,0.0,0.0,148.99,03/09/2025 07:04:23,13.01051,80.00380833333334,00380833333334,2025-09-04T23:20:03.738368
TN 87 1040,7428,0.0,0.0,148.98,03/09/2025 07:04:13,13.01051,80.00380833333334,00380833333334,2025-09-04T23:20:03.738534
TN 87 1040,7428,0.0,0.0,149.0,03/09/2025 07:04:03,13.01051,80.00380833333334,00380833333334,2025-09-04T23:20:03.738694
TN 87 1040,7428,0.0,0.0,149.0,03/09/2025 07:03:53,13.01051,80.00380833333334,00380833333334,2025-09-04T23:20:03.738821
TN 87 1040,7428,0.0,0.0,149.01,03/09/2025 07:03:45,13.01051,80.00380833333334,00380833333334,2025-09-04T23:20:03.738943
TN 87 1040,7428,0.0,0.0,149.01,03/09/2025 07:03:37,13.01051,80.00380833333334,00380833333334,2025-09-04T23:20:03.739064
TN 87 1040,7428,0.0,0.0,148.99,03/09/2025 07:03:09,13.01051,80.00380833333334,00380833333334,2025-09-04T23:20:03.739184
TN 87 1040,7428,0.0,0.0,148.99,03/09/2025 07:02:59,13.01051,80.00380833333334,00380833333334,2025-09-04T23:20:03.739304
TN 87 1040,7428,0.0,0.0,148.99,03/09/2025 07:02:50,13.01051,80.00380833333334,00380833333334,2025-09-04T23:20:03.739432
TN 87 1040,7428,0.0,0.0,148.99,03/09/2025 07:02:41,13.01051,80.00380833333334,00380833333334,2025-09-04T23:20:03.739612
TN 87 1040,7428,0.0,0.0,148.99,03/09/2025 07:02:33,13.01051,80.00380833333334,00380833333334,2025-09-04T23:20:03.739855
TN 87 1040,7428,0.0,0.0,149.02,03/09/2025 07:00:51,13.01051,80.00380833333334,00380833333334,2025-09-04T23:20:03.740079
TN 87 1040,7428,0.0,0.0,149.03,03/09/2025 07:00:41,13.01051,80.00380833333334,00380833333334,2025-09-04T23:20:03.740280
TN 87 1040,7428,0.0,0.0,149.03,03/09/2025 07:00:35,13.01051,80.00380833333334,00380833333334,2025-09-04T23:20:03.740456
TN 87 1040,7428,0.0,0.0,149.02,03/09/2025 07:00:22,13.01051,80.00380833333334,00380833333334,2025-09-04T23:20:03.740621
TN 87 1040,7428,0.0,0.0,149.02,03/09/2025 07:00:12,13.01051,80.00380833333334,00380833333334,2025-09-04T23:20:03.740788
TN 87 1040,7428,0.0,0.0,149.01,03/09/2025 07:00:02,13.01051,80.00380833333334,00380833333334,2025-09-04T23:20:03.740989
TN 87 1040,7428,0.0,0.0,149.03,03/09/2025 06:59:52,13.01051,80.00380833333334,00380833333334,2025-09-04T23:20:03.741164
TN 87 1040,7428,0.0,0.0,149.03,03/09/2025 06:59:42,13.01051,80.00380833333334,00380833333334,2025-09-04T23:20:03.741337
TN 87 1040,7428,0.0,0.0,149.02,03/09/2025 06:59:35,13.01051,80.00380833333334,00380833333334,2025-09-04T23:20:03.741499
TN 87 1040,7428,0.0,0.0,149.01,03/09/2025 06:59:17,13.01051,80.00380833333334,00380833333334,2025-09-04T23:20:03.741629
TN 87 1040,7428,0.0,0.0,149.01,03/09/2025 06:59:08,13.01051,80.00380833333334,00380833333334,2025-09-04T23:20:03.741793
TN 87 1040,7428,0.0,0.0,149.03,03/09/2025 06:58:58,13.01051,80.00380833333334,00380833333334,2025-09-04T23:20:03.741952
TN 87 1040,7428,0.0,0.0,149.03,03/09/2025 06:58:48,13.01051,80.00380833333334,00380833333334,2025-09-04T23:20:03.742117
TN 87 1040,7428,0.0,0.0,149.02,03/09/2025 06:58:39,13.01051,80.00380833333334,00380833333334,2025-09-04T23:20:03.742274
TN 87 1040,7428,0.0,0.0,149.01,03/09/2025 06:58:28,13.01051,80.00380833333334,00380833333334,2025-09-04T23:20:03.742437
TN 87 1040,7428,0.0,0.0,149.03,03/09/2025 06:58:18,13.01051,80.00380833333334,00380833333334,2025-09-04T23:20:03.742599
TN 87 1040,7428,0.0,0.0,149.04,03/09/2025 06:58:09,13.01051,80.00380833333334,00380833333334,2025-09-04T23:20:03.742765
TN 87 1040,7428,0.0,0.0,149.05,03/09/2025 06:57:59,13.01051,80.00380833333334,00380833333334,2025-09-04T23:20:03.742924
TN 87 1040,7428,0.0,0.0,149.04,03/09/2025 06:57:49,13.01051,80.00380833333334,00380833333334,2025-09-04T23:20:03.743054
TN 87 1040,7428,0.0,0.0,149.05,03/09/2025 06:57:39,13.01051,80.00380833333334,00380833333334,2025-09-04T23:20:03.743234
TN 87 1040,7428,0.0,0.0,149.05,03/09/2025 06:57:29,13.01051,80.00380833333334,00380833333334,2025-09-04T23:20:03.743393
TN 87 1040,7428,0.0,0.0,149.04,03/09/2025 06:57:19,13.01051,80.00380833333334,00380833333334,2025-09-04T23:20:03.743522
TN 87 1040,7428,0.0,0.0,149.04,03/09/2025 06:57:09,13.01051,80.00380833333334,00380833333334,2025-09-04T23:20:03.743646
TN 87 1040,7428,0.0,0.0,149.04,03/09/2025 06:57:03,13.01051,80.00380833333334,00380833333334,2025-09-04T23:20:03.743783
TN 87 1040,7428,0.0,0.0,149.04,03/09/2025 06:56:38,13.01051,80.00380833333334,00380833333334,2025-09-04T23:20:03.743960
TN 87 1040,7428,0.0,0.0,149.05,03/09/2025 06:56:25,13.01051,80.00380833333334,00380833333334,2025-09-04T23:20:03.744177
TN 87 1040,7428,0.0,0.0,149.06,03/09/2025 06:56:15,13.01051,80.00380833333334,00380833333334,2025-09-04T23:20:03.744385
TN 87 1040,7428,0.0,0.0,149.07,03/09/2025 06:56:06,13.01051,80.00380833333334,00380833333334,2025-09-04T23:20:03.744579
TN 87 1040,7428,0.0,0.0,149.05,03/09/2025 06:55:56,13.01051,80.00380833333334,00380833333334,2025-09-04T23:20:03.744773
TN 87 1040,7428,0.0,0.0,149.05,03/09/2025 06:55:46,13.01051,80.00380833333334,00380833333334,2025-09-04T23:20:03.744972
TN 87 1040,7428,0.0,0.0,149.05,03/09/2025 06:55:40,13.01051,80.00380833333334,00380833333334,2025-09-04T23:20:03.745223
TN 87 1040,7428,0.0,0.0,149.06,03/09/2025 06:55:26,13.01051,80.00380833333334,00380833333334,2025-09-04T23:20:03.745466
TN 87 1040,7428,0.0,0.0,149.07,03/09/2025 06:55:17,13.01051,80.00380833333334,00380833333334,2025-09-04T23:20:03.745665
TN 87 1040,7428,0.0,0.0,149.07,03/09/2025 06:55:06,13.01051,80.00380833333334,00380833333334,2025-09-04T23:20:03.745864
TN 87 1040,7428,0.0,0.0,149.06,03/09/2025 06:54:57,13.01051,80.00380833333334,00380833333334,2025-09-04T23:20:03.746034
TN 87 1040,7428,0.0,0.0,149.06,03/09/2025 06:54:47,13.01051,80.00380833333334,00380833333334,2025-09-04T23:20:03.749575
TN 87 1040,7428,0.0,0.0,149.06,03/09/2025 06:54:40,13.01051,80.00380833333334,00380833333334,2025-09-04T23:20:03.750621
TN 87 1040,7428,0.0,0.0,149.06,03/09/2025 06:54:28,13.01051,80.00380833333334,00380833333334,2025-09-04T23:20:03.750964
TN 87 1040,7428,0.0,0.0,149.05,03/09/2025 06:54:17,13.01051,80.00380833333334,00380833333334,2025-09-04T23:20:03.751324
TN 87 1040,7428,0.0,0.0,149.05,03/09/2025 06:54:07,13.01051,80.00380833333334,00380833333334,2025-09-04T23:20:03.751560
TN 87 1040,7428,0.0,0.0,149.05,03/09/2025 06:53:58,13.01051,80.00380833333334,00380833333334,2025-09-04T23:20:03.752298
TN 87 1040,7428,0.0,0.0,149.07,03/09/2025 06:53:48,13.01051,80.00380833333334,00380833333334,2025-09-04T23:20:03.752624
TN 87 1040,7428,0.0,0.0,149.06,03/09/2025 06:53:41,13.01051,80.00380833333334,00380833333334,2025-09-04T23:20:03.752930
TN 87 1040,7428,0.0,0.0,149.06,03/09/2025 06:53:28,13.01051,80.00380833333334,00380833333334,2025-09-04T23:20:03.753149
TN 87 1040,7428,0.0,0.0,149.07,03/09/2025 06:53:18,13.01051,80.00380833333334,00380833333334,2025-09-04T23:20:03.753394
TN 87 1040,7428,0.0,0.0,149.07,03/09/2025 06:53:08,13.01051,80.00380833333334,00380833333334,2025-09-04T23:20:03.753652
TN 87 1040,7428,0.0,0.0,149.08,03/09/2025 06:52:58,13.01051,80.00380833333334,00380833333334,2025-09-04T23:20:03.753893
TN 87 1040,7428,0.0,0.0,149.07,03/09/2025 06:52:49,13.01051,80.00380833333334,00380833333334,2025-09-04T23:20:03.754171
TN 87 1040,7428,0.0,0.0,149.07,03/09/2025 06:52:42,13.01051,80.00380833333334,00380833333334,2025-09-04T23:20:03.754403
TN 87 1040,7428,0.0,0.0,149.07,03/09/2025 06:52:29,13.01051,80.00380833333334,00380833333334,2025-09-04T23:20:03.754641
TN 87 1040,7428,0.0,0.0,149.09,03/09/2025 06:52:19,13.01051,80.00380833333334,00380833333334,2025-09-04T23:20:03.754909
TN 87 1040,7428,0.0,0.0,149.08,03/09/2025 06:52:09,13.01051,80.00380833333334,00380833333334,2025-09-04T23:20:03.755201
TN 87 1040,7428,0.0,0.0,149.07,03/09/2025 06:52:00,13.01051,80.00380833333334,00380833333334,2025-09-04T23:20:03.755427
TN 87 1040,7428,0.0,0.0,149.06,03/09/2025 06:51:50,13.01051,80.00380833333334,00380833333334,2025-09-04T23:20:03.755729
TN 87 1040,7428,0.0,0.0,149.07,03/09/2025 06:51:43,13.01051,80.00380833333334,00380833333334,2025-09-04T23:20:03.755952
TN 87 1040,7428,0.0,0.0,149.07,03/09/2025 06:51:30,13.01051,80.00380833333334,00380833333334,2025-09-04T23:20:03.756253
TN 87 1040,7428,0.0,0.0,149.07,03/09/2025 06:51:20,13.01051,80.00380833333334,00380833333334,2025-09-04T23:20:03.756484
TN 87 1040,7428,0.0,0.0,149.07,03/09/2025 06:51:11,13.01051,80.00380833333334,00380833333334,2025-09-04T23:20:03.756712
TN 87 1040,7428,0.0,0.0,149.07,03/09/2025 06:51:00,13.01051,80.00380833333334,00380833333334,2025-09-04T23:20:03.756925
TN 87 1040,7428,0.0,0.0,149.07,03/09/2025 06:50:51,13.01051,80.00380833333334,00380833333334,2025-09-04T23:20:03.757142
TN 87 1040,7428,0.0,0.0,149.08,03/09/2025 06:50:45,13.01051,80.00380833333334,00380833333334,2025-09-04T23:20:03.757376
TN 87 1040,7428,0.0,0.0,149.09,03/09/2025 06:50:31,13.01051,80.00380833333334,00380833333334,2025-09-04T23:20:03.757600
TN 87 1040,7428,0.0,0.0,149.08,03/09/2025 06:50:21,13.01051,80.00380833333334,00380833333334,2025-09-04T23:20:03.757820
TN 87 1040,7428,0.0,0.0,149.08,03/09/2025 06:50:11,13.01051,80.00380833333334,00380833333334,2025-09-04T23:20:03.758035
TN 87 1040,7428,0.0,0.0,149.1,03/09/2025 06:50:01,13.01051,80.00380833333334,00380833333334,2025-09-04T23:20:03.758295
TN 87 1040,7428,0.0,0.0,149.1,03/09/2025 06:49:52,13.01051,80.00380833333334,00380833333334,2025-09-04T23:20:03.758595
TN 87 1040,7428,0.0,0.0,149.1,03/09/2025 06:49:46,13.01051,80.00380833333334,00380833333334,2025-09-04T23:20:03.758954
TN 87 1040,7428,0.0,0.0,149.11,03/09/2025 06:49:32,13.01051,80.00380833333334,00380833333334,2025-09-04T23:20:03.759187
TN 87 1040,7428,0.0,0.0,149.1,03/09/2025 06:49:22,13.01051,80.00380833333334,00380833333334,2025-09-04T23:20:03.759435
TN 87 1040,7428,0.0,0.0,149.1,03/09/2025 06:49:12,13.01051,80.00380833333334,00380833333334,2025-09-04T23:20:03.759720
TN 87 1040,7428,0.0,0.0,149.1,03/09/2025 06:49:02,13.01051,80.00380833333334,00380833333334,2025-09-04T23:20:03.760134
TN 87 1040,7428,0.0,0.0,149.1,03/09/2025 06:48:52,13.01051,80.00380833333334,00380833333334,2025-09-04T23:20:03.760431
TN 87 1040,7428,0.0,0.0,149.11,03/09/2025 06:48:45,13.01051,80.00380833333334,00380833333334,2025-09-04T23:20:03.761250
TN 87 1040,7428,0.0,0.0,149.1,03/09/2025 06:48:33,13.01051,80.00380833333334,00380833333334,2025-09-04T23:20:03.762751
TN 87 1040,7428,0.0,0.0,149.11,03/09/2025 06:48:23,13.01051,80.00380833333334,00380833333334,2025-09-04T23:20:03.763058
TN 87 1040,7428,0.0,0.0,149.11,03/09/2025 06:48:13,13.01051,80.00380833333334,00380833333334,2025-09-04T23:20:03.763328
TN 87 1040,7428,0.0,0.0,149.11,03/09/2025 06:48:03,13.01051,80.00380833333334,00380833333334,2025-09-04T23:20:03.763574
TN 87 1040,7428,0.0,0.0,149.11,03/09/2025 06:47:54,13.01051,80.00380833333334,00380833333334,2025-09-04T23:20:03.763846
TN 87 1040,7428,0.0,0.0,149.11,03/09/2025 06:47:46,13.01051,80.00380833333334,00380833333334,2025-09-04T23:20:03.764115
TN 87 1040,7428,0.0,0.0,149.11,03/09/2025 06:47:34,13.01051,80.00380833333334,00380833333334,2025-09-04T23:20:03.764371
TN 87 1040,7428,0.0,0.0,149.12,03/09/2025 06:47:24,13.01051,80.00380833333334,00380833333334,2025-09-04T23:20:03.764594
TN 87 1040,7428,0.0,0.0,149.12,03/09/2025 06:47:14,13.01051,80.00380833333334,00380833333334,2025-09-04T23:20:03.764832
TN 87 1040,7428,0.0,0.0,149.12,03/09/2025 06:47:04,13.01051,80.00380833333334,00380833333334,2025-09-04T23:20:03.765049
TN 87 1040,7428,0.0,0.0,149.12,03/09/2025 06:46:55,13.01051,80.00380833333334,00380833333334,2025-09-04T23:20:03.765341
TN 87 1040,7428,0.0,0.0,149.11,03/09/2025 06:46:47,13.01051,80.00380833333334,00380833333334,2025-09-04T23:20:03.765577
TN 87 1040,7428,0.0,0.0,149.11,03/09/2025 06:46:35,13.01051,80.00380833333334,00380833333334,2025-09-04T23:20:03.765891
TN 87 1040,7428,0.0,0.0,149.11,03/09/2025 06:46:25,13.01051,80.00380833333334,00380833333334,2025-09-04T23:20:03.766150
TN 87 1040,7428,0.0,0.0,149.13,03/09/2025 06:46:15,13.01051,80.00380833333334,00380833333334,2025-09-04T23:20:03.766382
TN 87 1040,7428,0.0,0.0,149.13,03/09/2025 06:46:06,13.01051,80.00380833333334,00380833333334,2025-09-04T23:20:03.766636
TN 87 1040,7428,0.0,0.0,149.12,03/09/2025 06:45:55,13.01051,80.00380833333334,00380833333334,2025-09-04T23:20:03.766871
TN 87 1040,7428,0.0,0.0,149.12,03/09/2025 06:45:48,13.01051,80.00380833333334,00380833333334,2025-09-04T23:20:03.767098
TN 87 1040,7428,0.0,0.0,149.12,03/09/2025 06:45:36,13.01051,80.00380833333334,00380833333334,2025-09-04T23:20:03.767336
TN 87 1040,7428,0.0,0.0,149.13,03/09/2025 06:45:26,13.01051,80.00380833333334,00380833333334,2025-09-04T23:20:03.767557
TN 87 1040,7428,0.0,0.0,149.13,03/09/2025 06:45:17,13.01051,80.00380833333334,00380833333334,2025-09-04T23:20:03.767783
TN 87 1040,7428,0.0,0.0,149.12,03/09/2025 06:45:06,13.01051,80.00380833333334,00380833333334,2025-09-04T23:20:03.768004
TN 87 1040,7428,0.0,0.0,149.13,03/09/2025 06:44:56,13.01051,80.00380833333334,00380833333334,2025-09-04T23:20:03.768234
TN 87 1040,7428,0.0,0.0,149.13,03/09/2025 06:44:50,13.01051,80.00380833333334,00380833333334,2025-09-04T23:20:03.768452
TN 87 1040,7428,0.0,0.0,149.12,03/09/2025 06:44:37,13.01051,80.00380833333334,00380833333334,2025-09-04T23:20:03.768676
TN 87 1040,7428,0.0,0.0,149.12,03/09/2025 06:44:27,13.01051,80.00380833333334,00380833333334,2025-09-04T23:20:03.768912
TN 87 1040,7428,0.0,0.0,149.14,03/09/2025 06:44:17,13.01051,80.00380833333334,00380833333334,2025-09-04T23:20:03.769122
TN 87 1040,7428,0.0,0.0,149.14,03/09/2025 06:44:07,13.01051,80.00380833333334,00380833333334,2025-09-04T23:20:03.769343
TN 87 1040,7428,0.0,0.0,149.14,03/09/2025 06:43:57,13.01051,80.00380833333334,00380833333334,2025-09-04T23:20:03.769566
TN 87 1040,7428,0.0,0.0,149.15,03/09/2025 06:43:50,13.01051,80.00380833333334,00380833333334,2025-09-04T23:20:03.769890
TN 87 1040,7428,0.0,0.0,149.14,03/09/2025 06:43:38,13.01051,80.00380833333334,00380833333334,2025-09-04T23:20:03.770102
TN 87 1040,7428,0.0,0.0,149.14,03/09/2025 06:43:28,13.01051,80.00380833333334,00380833333334,2025-09-04T23:20:03.770751
TN 87 1040,7428,0.0,0.0,149.16,03/09/2025 06:43:18,13.01051,80.00380833333334,00380833333334,2025-09-04T23:20:03.771638
TN 87 1040,7428,0.0,0.0,149.14,03/09/2025 06:43:08,13.01051,80.00380833333334,00380833333334,2025-09-04T23:20:03.771971
TN 87 1040,7428,0.0,0.0,149.14,03/09/2025 06:42:58,13.01051,80.00380833333334,00380833333334,2025-09-04T23:20:03.772382
TN 87 1040,7428,0.0,0.0,149.13,03/09/2025 06:42:51,13.01051,80.00380833333334,00380833333334,2025-09-04T23:20:03.772619
TN 87 1040,7428,0.0,0.0,149.11,03/09/2025 06:42:38,13.01051,80.00380833333334,00380833333334,2025-09-04T23:20:03.772837
TN 87 1040,7428,0.0,0.0,149.11,03/09/2025 06:42:29,13.01051,80.00380833333334,00380833333334,2025-09-04T23:20:03.773027
TN 87 1040,7428,0.0,0.0,149.12,03/09/2025 06:42:19,13.01051,80.00380833333334,00380833333334,2025-09-04T23:20:03.775006
TN 87 1040,7428,0.0,0.0,149.14,03/09/2025 06:42:09,13.01051,80.00380833333334,00380833333334,2025-09-04T23:20:03.775434
TN 87 1040,7428,0.0,0.0,149.14,03/09/2025 06:42:00,13.01051,80.00380833333334,00380833333334,2025-09-04T23:20:03.777562
TN 87 1040,7428,0.0,0.0,149.15,03/09/2025 06:41:52,13.01051,80.00380833333334,00380833333334,2025-09-04T23:20:03.779725
TN 87 1040,7428,0.0,0.0,149.15,03/09/2025 06:41:39,13.01051,80.00380833333334,00380833333334,2025-09-04T23:20:03.780109
TN 87 1040,7428,0.0,0.0,149.15,03/09/2025 06:41:30,13.01051,80.00380833333334,00380833333334,2025-09-04T23:20:03.780349
TN 87 1040,7428,0.0,0.0,149.15,03/09/2025 06:41:20,13.01051,80.00380833333334,00380833333334,2025-09-04T23:20:03.780809
TN 87 1040,7428,0.0,0.0,149.13,03/09/2025 06:41:10,13.01051,80.00380833333334,00380833333334,2025-09-04T23:20:03.782577
TN 87 1040,7428,0.0,0.0,149.12,03/09/2025 06:41:00,13.01051,80.00380833333334,00380833333334,2025-09-04T23:20:03.782782
TN 87 1040,7428,0.0,0.0,149.11,03/09/2025 06:40:53,13.01051,80.00380833333334,00380833333334,2025-09-04T23:20:03.783041
TN 87 1040,7428,0.0,0.0,149.11,03/09/2025 06:40:40,13.01051,80.00380833333334,00380833333334,2025-09-04T23:20:03.783261
TN 87 1040,7428,0.0,0.0,149.14,03/09/2025 06:40:31,13.01051,80.00380833333334,00380833333334,2025-09-04T23:20:03.783516
TN 87 1040,7428,0.0,0.0,149.14,03/09/2025 06:40:21,13.01051,80.00380833333334,00380833333334,2025-09-04T23:20:03.783843
TN 87 1040,7428,0.0,0.0,149.16,03/09/2025 06:40:11,13.01051,80.00380833333334,00380833333334,2025-09-04T23:20:03.784112
TN 87 1040,7428,0.0,0.0,149.15,03/09/2025 06:40:01,13.01051,80.00380833333334,00380833333334,2025-09-04T23:20:03.784429
TN 87 1040,7428,0.0,0.0,149.15,03/09/2025 06:39:55,13.01051,80.00380833333334,00380833333334,2025-09-04T23:20:03.784658
TN 87 1040,7428,0.0,0.0,149.15,03/09/2025 06:39:41,13.01051,80.00380833333334,00380833333334,2025-09-04T23:20:03.784902
TN 87 1040,7428,0.0,0.0,149.16,03/09/2025 06:39:32,13.01051,80.00380833333334,00380833333334,2025-09-04T23:20:03.785124
TN 87 1040,7428,0.0,0.0,149.12,03/09/2025 06:39:22,13.01051,80.00380833333334,00380833333334,2025-09-04T23:20:03.785325
TN 87 1040,7428,0.0,0.0,149.12,03/09/2025 06:39:12,13.01051,80.00380833333334,00380833333334,2025-09-04T23:20:03.785560
TN 87 1040,7428,0.0,0.0,149.12,03/09/2025 06:39:02,13.01051,80.00380833333334,00380833333334,2025-09-04T23:20:03.785842
TN 87 1040,7428,0.0,0.0,149.14,03/09/2025 06:38:56,13.01051,80.00380833333334,00380833333334,2025-09-04T23:20:03.786069
TN 87 1040,7428,0.0,0.0,149.14,03/09/2025 06:38:42,13.01051,80.00380833333334,00380833333334,2025-09-04T23:20:03.786384
TN 87 1040,7428,0.0,0.0,149.15,03/09/2025 06:38:32,13.01051,80.00380833333334,00380833333334,2025-09-04T23:20:03.786684
TN 87 1040,7428,0.0,0.0,149.15,03/09/2025 06:38:23,13.01051,80.00380833333334,00380833333334,2025-09-04T23:20:03.787075
TN 87 1040,7428,0.0,0.0,149.16,03/09/2025 06:38:13,13.01051,80.00380833333334,00380833333334,2025-09-04T23:20:03.787274
TN 87 1040,7428,0.0,0.0,149.18,03/09/2025 06:38:03,13.01051,80.00380833333334,00380833333334,2025-09-04T23:20:03.787618
TN 87 1040,7428,0.0,0.0,149.14,03/09/2025 06:37:56,13.01051,80.00380833333334,00380833333334,2025-09-04T23:20:03.788496
TN 87 1040,7428,0.0,0.0,149.14,03/09/2025 06:37:44,13.01051,80.00380833333334,00380833333334,2025-09-04T23:20:03.788960
TN 87 1040,7428,0.0,0.0,149.13,03/09/2025 06:37:33,13.01051,80.00380833333334,00380833333334,2025-09-04T23:20:03.789313
TN 87 1040,7428,0.0,0.0,149.14,03/09/2025 06:37:24,13.01051,80.00380833333334,00380833333334,2025-09-04T23:20:03.789550
TN 87 1040,7428,0.0,0.0,149.15,03/09/2025 06:37:14,13.01051,80.00380833333334,00380833333334,2025-09-04T23:20:03.789774
TN 87 1040,7428,0.0,0.0,149.17,03/09/2025 06:37:04,13.01051,80.00380833333334,00380833333334,2025-09-04T23:20:03.790042
TN 87 1040,7428,0.0,0.0,149.16,03/09/2025 06:36:57,13.01051,80.00380833333334,00380833333334,2025-09-04T23:20:03.790244
TN 87 1040,7428,0.0,0.0,149.16,03/09/2025 06:36:44,13.01051,80.00380833333334,00380833333334,2025-09-04T23:20:03.790454
TN 87 1040,7428,0.0,0.0,149.14,03/09/2025 06:36:34,13.01051,80.00380833333334,00380833333334,2025-09-04T23:20:03.790764
TN 87 1040,7428,0.0,0.0,149.16,03/09/2025 06:36:24,13.01051,80.00380833333334,00380833333334,2025-09-04T23:20:03.790968
TN 87 1040,7428,0.0,0.0,149.16,03/09/2025 06:36:15,13.01051,80.00380833333334,00380833333334,2025-09-04T23:20:03.791252
TN 87 1040,7428,0.0,0.0,149.16,03/09/2025 06:36:06,13.01051,80.00380833333334,00380833333334,2025-09-04T23:20:03.791474
TN 87 1040,7428,0.0,0.0,149.15,03/09/2025 06:35:58,13.01051,80.00380833333334,00380833333334,2025-09-04T23:20:03.791754
TN 87 1040,7428,0.0,0.0,149.13,03/09/2025 06:35:45,13.01051,80.00380833333334,00380833333334,2025-09-04T23:20:03.791985
TN 87 1040,7428,0.0,0.0,149.12,03/09/2025 06:35:35,13.01051,80.00380833333334,00380833333334,2025-09-04T23:20:03.792167
TN 87 1040,7428,0.0,0.0,149.12,03/09/2025 06:35:25,13.01051,80.00380833333334,00380833333334,2025-09-04T23:20:03.792378
TN 87 1040,7428,0.0,0.0,149.17,03/09/2025 06:35:16,13.01051,80.00380833333334,00380833333334,2025-09-04T23:20:03.792565
TN 87 1040,7428,0.0,0.0,149.18,03/09/2025 06:35:06,13.01051,80.00380833333334,00380833333334,2025-09-04T23:20:03.792754
TN 87 1040,7428,0.0,0.0,149.18,03/09/2025 06:34:59,13.01051,80.00380833333334,00380833333334,2025-09-04T23:20:03.792934
TN 87 1040,7428,0.0,0.0,149.18,03/09/2025 06:34:46,13.01051,80.00380833333334,00380833333334,2025-09-04T23:20:03.793110
TN 87 1040,7428,0.0,0.0,149.14,03/09/2025 06:34:36,13.01051,80.00380833333334,00380833333334,2025-09-04T23:20:03.793286
TN 87 1040,7428,0.0,0.0,149.14,03/09/2025 06:34:27,13.01051,80.00380833333334,00380833333334,2025-09-04T23:20:03.793457
TN 87 1040,7428,0.0,0.0,149.16,03/09/2025 06:34:17,13.01051,80.00380833333334,00380833333334,2025-09-04T23:20:03.793624
TN 87 1040,7428,0.0,0.0,149.16,03/09/2025 06:34:07,13.01051,80.00380833333334,00380833333334,2025-09-04T23:20:03.793807
TN 87 1040,7428,0.0,0.0,149.15,03/09/2025 06:34:01,13.01051,80.00380833333334,00380833333334,2025-09-04T23:20:03.793967
TN 87 1040,7428,0.0,0.0,149.13,03/09/2025 06:33:47,13.01051,80.00380833333334,00380833333334,2025-09-04T23:20:03.794120
TN 87 1040,7428,0.0,0.0,149.16,03/09/2025 06:33:38,13.01051,80.00380833333334,00380833333334,2025-09-04T23:20:03.794269
TN 87 1040,7428,0.0,0.0,149.16,03/09/2025 06:33:27,13.01051,80.00380833333334,00380833333334,2025-09-04T23:20:03.794446
TN 87 1040,7428,0.0,0.0,149.16,03/09/2025 06:33:17,13.01051,80.00380833333334,00380833333334,2025-09-04T23:20:03.794646
TN 87 1040,7428,0.0,0.0,149.17,03/09/2025 06:33:08,13.01051,80.00380833333334,00380833333334,2025-09-04T23:20:03.794810
TN 87 1040,7428,0.0,0.0,149.17,03/09/2025 06:33:01,13.01051,80.00380833333334,00380833333334,2025-09-04T23:20:03.795007
TN 87 1040,7428,0.0,0.0,149.17,03/09/2025 06:32:49,13.01051,80.00380833333334,00380833333334,2025-09-04T23:20:03.795218
TN 87 1040,7428,0.0,0.0,149.14,03/09/2025 06:32:38,13.01051,80.00380833333334,00380833333334,2025-09-04T23:20:03.795389
TN 87 1040,7428,0.0,0.0,149.13,03/09/2025 06:32:28,13.01051,80.00380833333334,00380833333334,2025-09-04T23:20:03.795572
TN 87 1040,7428,0.0,0.0,149.13,03/09/2025 06:32:18,13.01051,80.00380833333334,00380833333334,2025-09-04T23:20:03.795763
TN 87 1040,7428,0.0,0.0,149.14,03/09/2025 06:32:09,13.01051,80.00380833333334,00380833333334,2025-09-04T23:20:03.795934
TN 87 1040,7428,0.0,0.0,149.15,03/09/2025 06:32:02,13.01051,80.00380833333334,00380833333334,2025-09-04T23:20:03.796113
TN 87 1040,7428,0.0,0.0,149.14,03/09/2025 06:31:49,13.01051,80.00380833333334,00380833333334,2025-09-04T23:20:03.796296
TN 87 1040,7428,0.0,0.0,149.18,03/09/2025 06:31:39,13.01051,80.00380833333334,00380833333334,2025-09-04T23:20:03.796475
TN 87 1040,7428,0.0,0.0,149.18,03/09/2025 06:31:29,13.01051,80.00380833333334,00380833333334,2025-09-04T23:20:03.796647
TN 87 1040,7428,0.0,0.0,149.18,03/09/2025 06:31:19,13.01051,80.00380833333334,00380833333334,2025-09-04T23:20:03.796847
TN 87 1040,7428,0.0,0.0,149.17,03/09/2025 06:31:10,13.01051,80.00380833333334,00380833333334,2025-09-04T23:20:03.797007
TN 87 1040,7428,0.0,0.0,149.15,03/09/2025 06:31:02,13.01051,80.00380833333334,00380833333334,2025-09-04T23:20:03.797191
TN 87 1040,7428,0.0,0.0,149.14,03/09/2025 06:30:50,13.01051,80.00380833333334,00380833333334,2025-09-04T23:20:03.797375
TN 87 1040,7428,0.0,0.0,149.18,03/09/2025 06:30:40,13.01051,80.00380833333334,00380833333334,2025-09-04T23:20:03.797576
TN 87 1040,7428,0.0,0.0,149.19,03/09/2025 06:30:30,13.01051,80.00380833333334,00380833333334,2025-09-04T23:20:03.797778
TN 87 1040,7428,0.0,0.0,149.21,03/09/2025 06:30:21,13.01051,80.00380833333334,00380833333334,2025-09-04T23:20:03.797964
TN 87 1040,7428,0.0,0.0,149.2,03/09/2025 06:30:10,13.01051,80.00380833333334,00380833333334,2025-09-04T23:20:03.798155
TN 87 1040,7428,0.0,0.0,149.2,03/09/2025 06:30:03,13.01051,80.00380833333334,00380833333334,2025-09-04T23:20:03.798336
TN 87 1040,7428,0.0,0.0,149.2,03/09/2025 06:29:51,13.01051,80.00380833333334,00380833333334,2025-09-04T23:20:03.798584
TN 87 1040,7428,0.0,0.0,149.2,03/09/2025 06:29:41,13.01051,80.00380833333334,00380833333334,2025-09-04T23:20:03.798791
TN 87 1040,7428,0.0,0.0,149.18,03/09/2025 06:29:31,13.01051,80.00380833333334,00380833333334,2025-09-04T23:20:03.798987
TN 87 1040,7428,0.0,0.0,149.18,03/09/2025 06:29:21,13.01051,80.00380833333334,00380833333334,2025-09-04T23:20:03.799146
TN 87 1040,7428,0.0,0.0,149.16,03/09/2025 06:29:11,13.01051,80.00380833333334,00380833333334,2025-09-04T23:20:03.799303
TN 87 1040,7428,0.0,0.0,149.16,03/09/2025 06:29:06,13.01051,80.00380833333334,00380833333334,2025-09-04T23:20:03.799442
TN 87 1040,7428,0.0,0.0,149.22,03/09/2025 06:28:52,13.01051,80.00380833333334,00380833333334,2025-09-04T23:20:03.799581
TN 87 1040,7428,0.0,0.0,149.22,03/09/2025 06:28:42,13.01051,80.00380833333334,00380833333334,2025-09-04T23:20:03.799722
TN 87 1040,7428,0.0,0.0,149.22,03/09/2025 06:28:32,13.01051,80.00380833333334,00380833333334,2025-09-04T23:20:03.799994
TN 87 1040,7428,0.0,0.0,149.22,03/09/2025 06:28:22,13.01051,80.00380833333334,00380833333334,2025-09-04T23:20:03.800188
TN 87 1040,7428,0.0,0.0,149.22,03/09/2025 06:28:12,13.01051,80.00380833333334,00380833333334,2025-09-04T23:20:03.800378
TN 87 1040,7428,0.0,0.0,149.22,03/09/2025 06:28:06,13.01051,80.00380833333334,00380833333334,2025-09-04T23:20:03.800577
TN 87 1040,7428,0.0,0.0,149.21,03/09/2025 06:27:53,13.01051,80.00380833333334,00380833333334,2025-09-04T23:20:03.800873
TN 87 1040,7428,0.0,0.0,149.21,03/09/2025 06:27:44,13.01051,80.00380833333334,00380833333334,2025-09-04T23:20:03.801078
TN 87 1040,7428,0.0,0.0,149.2,03/09/2025 06:27:33,13.01051,80.00380833333334,00380833333334,2025-09-04T23:20:03.801264
TN 87 1040,7428,0.0,0.0,149.22,03/09/2025 06:27:23,13.01051,80.00380833333334,00380833333334,2025-09-04T23:20:03.801446
TN 87 1040,7428,0.0,0.0,149.23,03/09/2025 06:27:13,13.01051,80.00380833333334,00380833333334,2025-09-04T23:20:03.801631
TN 87 1040,7428,0.0,0.0,149.24,03/09/2025 06:27:06,13.01051,80.00380833333334,00380833333334,2025-09-04T23:20:03.801795
TN 87 1040,7428,0.0,0.0,149.24,03/09/2025 06:26:55,13.01051,80.00380833333334,00380833333334,2025-09-04T23:20:03.801974
TN 87 1040,7428,0.0,0.0,149.23,03/09/2025 06:26:44,13.01051,80.00380833333334,00380833333334,2025-09-04T23:20:03.802167
TN 87 1040,7428,0.0,0.0,149.21,03/09/2025 06:26:34,13.01051,80.00380833333334,00380833333334,2025-09-04T23:20:03.802325
TN 87 1040,7428,0.0,0.0,149.23,03/09/2025 06:26:24,13.01051,80.00380833333334,00380833333334,2025-09-04T23:20:03.802491
TN 87 1040,7428,0.0,0.0,149.25,03/09/2025 06:26:14,13.01051,80.00380833333334,00380833333334,2025-09-04T23:20:03.802697
TN 87 1040,7428,0.0,0.0,149.26,03/09/2025 06:26:07,13.01051,80.00380833333334,00380833333334,2025-09-04T23:20:03.802926
TN 87 1040,7428,0.0,0.0,149.24,03/09/2025 06:25:55,13.01051,80.00380833333334,00380833333334,2025-09-04T23:20:03.803201
TN 87 1040,7428,0.0,0.0,149.23,03/09/2025 06:25:45,13.01051,80.00380833333334,00380833333334,2025-09-04T23:20:03.803415
TN 87 1040,7428,0.0,0.0,149.24,03/09/2025 06:25:35,13.01051,80.00380833333334,00380833333334,2025-09-04T23:20:03.803626
TN 87 1040,7428,0.0,0.0,149.25,03/09/2025 06:25:25,13.01051,80.00380833333334,00380833333334,2025-09-04T23:20:03.803820
TN 87 1040,7428,0.0,0.0,149.25,03/09/2025 06:25:16,13.01051,80.00380833333334,00380833333334,2025-09-04T23:20:03.804041
TN 87 1040,7428,0.0,0.0,149.25,03/09/2025 06:25:08,13.01051,80.00380833333334,00380833333334,2025-09-04T23:20:03.804309
TN 87 1040,7428,0.0,0.0,149.24,03/09/2025 06:24:56,13.01051,80.00380833333334,00380833333334,2025-09-04T23:20:03.804551
TN 87 1040,7428,0.0,0.0,149.25,03/09/2025 06:24:46,13.01051,80.00380833333334,00380833333334,2025-09-04T23:20:03.805455
TN 87 1040,7428,0.0,0.0,149.25,03/09/2025 06:24:36,13.01051,80.00380833333334,00380833333334,2025-09-04T23:20:03.806291
TN 87 1040,7428,0.0,0.0,149.24,03/09/2025 06:24:27,13.01051,80.00380833333334,00380833333334,2025-09-04T23:20:03.806647
TN 87 1040,7428,0.0,0.0,149.26,03/09/2025 06:24:16,13.01051,80.00380833333334,00380833333334,2025-09-04T23:20:03.806955
TN 87 1040,7428,0.0,0.0,149.25,03/09/2025 06:24:09,13.01051,80.00380833333334,00380833333334,2025-09-04T23:20:03.807157
TN 87 1040,7428,0.0,0.0,149.26,03/09/2025 06:23:52,13.01051,80.00380833333334,00380833333334,2025-09-04T23:20:03.807341
TN 87 1040,7428,0.0,0.0,149.25,03/09/2025 06:23:42,13.01051,80.00380833333334,00380833333334,2025-09-04T23:20:03.807564
TN 87 1040,7428,0.0,0.0,149.25,03/09/2025 06:23:32,13.010511666666666,80.003805,003805,2025-09-04T23:20:03.807776
TN 87 1040,7428,0.0,0.0,149.26,03/09/2025 06:23:22,13.010566666666668,80.00379666666667,00379666666667,2025-09-04T23:20:03.807966
TN 87 1040,7428,0.0,0.0,149.24,03/09/2025 06:18:51,13.010496666666667,80.003835,003835,2025-09-04T23:20:03.808159
TN 87 1040,7428,0.0,0.0,149.28,03/09/2025 06:18:42,13.010496666666667,80.003835,003835,2025-09-04T23:20:03.808360
TN 87 1040,7428,0.0,0.0,149.28,03/09/2025 06:18:32,13.010496666666667,80.003835,003835,2025-09-04T23:20:03.808559
TN 87 1040,7428,0.0,0.0,149.29,03/09/2025 06:18:22,13.010496666666667,80.003835,003835,2025-09-04T23:20:03.808759
TN 87 1040,7428,0.0,0.0,149.26,03/09/2025 06:18:15,13.010496666666667,80.003835,003835,2025-09-04T23:20:03.808946
TN 87 1040,7428,0.0,0.0,149.26,03/09/2025 06:18:02,13.010496666666667,80.003835,003835,2025-09-04T23:20:03.809130
TN 87 1040,7428,0.0,0.0,149.26,03/09/2025 06:17:52,13.010496666666667,80.003835,003835,2025-09-04T23:20:03.809319
TN 87 1040,7428,0.0,0.0,149.27,03/09/2025 06:17:43,13.010496666666667,80.003835,003835,2025-09-04T23:20:03.809520
TN 87 1040,7428,0.0,0.0,149.26,03/09/2025 06:17:33,13.010496666666667,80.003835,003835,2025-09-04T23:20:03.809712
TN 87 1040,7428,0.0,0.0,149.25,03/09/2025 06:17:23,13.010496666666667,80.003835,003835,2025-09-04T23:20:03.809912
TN 87 1040,7428,0.0,0.0,149.24,03/09/2025 06:17:16,13.010496666666667,80.003835,003835,2025-09-04T23:20:03.810155
TN 87 1040,7428,0.0,0.0,149.31,03/09/2025 06:17:03,13.010496666666667,80.003835,003835,2025-09-04T23:20:03.810453
TN 87 1040,7428,0.0,0.0,149.31,03/09/2025 06:16:53,13.010496666666667,80.003835,003835,2025-09-04T23:20:03.810709
TN 87 1040,7428,0.0,0.0,149.32,03/09/2025 06:16:43,13.010496666666667,80.003835,003835,2025-09-04T23:20:03.810926
TN 87 1040,7428,0.0,0.0,149.29,03/09/2025 06:16:34,13.010496666666667,80.003835,003835,2025-09-04T23:20:03.811112
TN 87 1040,7428,0.0,0.0,149.29,03/09/2025 06:16:24,13.010496666666667,80.003835,003835,2025-09-04T23:20:03.811297
TN 87 1040,7428,0.0,0.0,149.3,03/09/2025 06:16:17,13.010496666666667,80.003835,003835,2025-09-04T23:20:03.811496
TN 87 1040,7428,0.0,0.0,149.31,03/09/2025 06:16:04,13.010496666666667,80.003835,003835,2025-09-04T23:20:03.811685
TN 87 1040,7428,0.0,0.0,149.27,03/09/2025 06:15:54,13.010496666666667,80.003835,003835,2025-09-04T23:20:03.811841
TN 87 1040,7428,0.0,0.0,149.27,03/09/2025 06:15:45,13.010496666666667,80.003835,003835,2025-09-04T23:20:03.812003
TN 87 1040,7428,0.0,0.0,149.28,03/09/2025 06:15:35,13.010496666666667,80.003835,003835,2025-09-04T23:20:03.812197
TN 87 1040,7428,0.0,0.0,149.27,03/09/2025 06:15:25,13.010496666666667,80.003835,003835,2025-09-04T23:20:03.812385
TN 87 1040,7428,0.0,0.0,149.27,03/09/2025 06:15:19,13.010496666666667,80.003835,003835,2025-09-04T23:20:03.812549
TN 87 1040,7428,0.0,0.0,149.26,03/09/2025 06:15:05,13.010496666666667,80.003835,003835,2025-09-04T23:20:03.812699
TN 87 1040,7428,0.0,0.0,149.28,03/09/2025 06:14:56,13.010496666666667,80.003835,003835,2025-09-04T23:20:03.812879
TN 87 1040,7428,0.0,0.0,149.29,03/09/2025 06:14:45,13.010496666666667,80.003835,003835,2025-09-04T23:20:03.813036
TN 87 1040,7428,0.0,0.0,149.3,03/09/2025 06:14:36,13.010496666666667,80.003835,003835,2025-09-04T23:20:03.813280
TN 87 1040,7428,0.0,0.0,149.28,03/09/2025 06:14:26,13.010496666666667,80.003835,003835,2025-09-04T23:20:03.813513
TN 87 1040,7428,0.0,0.0,149.28,03/09/2025 06:14:20,13.010496666666667,80.003835,003835,2025-09-04T23:20:03.813735
TN 87 1040,7428,0.0,0.0,149.28,03/09/2025 06:14:06,13.010496666666667,80.003835,003835,2025-09-04T23:20:03.813937
TN 87 1040,7428,0.0,0.0,149.22,03/09/2025 06:13:56,13.010496666666667,80.003835,003835,2025-09-04T23:20:03.814132
TN 87 1040,7428,0.0,0.0,149.22,03/09/2025 06:13:46,13.010496666666667,80.003835,003835,2025-09-04T23:20:03.814338
TN 87 1040,7428,0.0,0.0,149.23,03/09/2025 06:13:37,13.010496666666667,80.003835,003835,2025-09-04T23:20:03.814539
TN 87 1040,7428,0.0,0.0,149.28,03/09/2025 06:13:27,13.010496666666667,80.003835,003835,2025-09-04T23:20:03.814749
TN 87 1040,7428,0.0,0.0,149.25,03/09/2025 06:13:20,13.010496666666667,80.003835,003835,2025-09-04T23:20:03.814957
TN 87 1040,7428,0.0,0.0,149.25,03/09/2025 06:13:07,13.010496666666667,80.003835,003835,2025-09-04T23:20:03.815246
TN 87 1040,7428,0.0,0.0,149.25,03/09/2025 06:12:57,13.010496666666667,80.003835,003835,2025-09-04T23:20:03.815462
TN 87 1040,7428,0.0,0.0,149.27,03/09/2025 06:12:47,13.010496666666667,80.003835,003835,2025-09-04T23:20:03.815676
TN 87 1040,7428,0.0,0.0,149.26,03/09/2025 06:12:38,13.010496666666667,80.003835,003835,2025-09-04T23:20:03.815885
TN 87 1040,7428,0.0,0.0,149.27,03/09/2025 06:12:28,13.010496666666667,80.003835,003835,2025-09-04T23:20:03.816073
TN 87 1040,7428,0.0,0.0,149.22,03/09/2025 06:12:21,13.010496666666667,80.003835,003835,2025-09-04T23:20:03.816259
TN 87 1040,7428,0.0,0.0,149.22,03/09/2025 06:12:08,13.010496666666667,80.003835,003835,2025-09-04T23:20:03.816449
TN 87 1040,7428,0.0,0.0,149.2,03/09/2025 06:11:58,13.010496666666667,80.003835,003835,2025-09-04T23:20:03.816621
TN 87 1040,7428,0.0,0.0,149.21,03/09/2025 06:11:48,13.010496666666667,80.003835,003835,2025-09-04T23:20:03.816756
TN 87 1040,7428,0.0,0.0,149.27,03/09/2025 06:11:39,13.010496666666667,80.003835,003835,2025-09-04T23:20:03.816926
TN 87 1040,7428,0.0,0.0,149.27,03/09/2025 06:11:30,13.010496666666667,80.003835,003835,2025-09-04T23:20:03.817094
TN 87 1040,7428,0.0,0.0,149.25,03/09/2025 06:11:22,13.010496666666667,80.003835,003835,2025-09-04T23:20:03.817263
TN 87 1040,7428,0.0,0.0,149.25,03/09/2025 06:11:09,13.010496666666667,80.003835,003835,2025-09-04T23:20:03.817433
TN 87 1040,7428,0.0,0.0,149.25,03/09/2025 06:10:59,13.010496666666667,80.003835,003835,2025-09-04T23:20:03.817596
TN 87 1040,7428,0.0,0.0,149.26,03/09/2025 06:10:49,13.010496666666667,80.003835,003835,2025-09-04T23:20:03.817757
TN 87 1040,7428,0.0,0.0,149.19,03/09/2025 06:10:40,13.010496666666667,80.003835,003835,2025-09-04T23:20:03.817921
TN 87 1040,7428,0.0,0.0,149.19,03/09/2025 06:10:30,13.010496666666667,80.003835,003835,2025-09-04T23:20:03.818111
TN 87 1040,7428,0.0,0.0,149.23,03/09/2025 06:10:23,13.010496666666667,80.003835,003835,2025-09-04T23:20:03.818280
TN 87 1040,7428,0.0,0.0,149.22,03/09/2025 06:10:10,13.010496666666667,80.003835,003835,2025-09-04T23:20:03.818476
TN 87 1040,7428,0.0,0.0,149.25,03/09/2025 06:10:00,13.010496666666667,80.003835,003835,2025-09-04T23:20:03.818642
TN 87 1040,7428,0.0,0.0,149.26,03/09/2025 06:09:51,13.010496666666667,80.003835,003835,2025-09-04T23:20:03.818838
TN 87 1040,7428,0.0,0.0,149.2,03/09/2025 06:09:40,13.010496666666667,80.003835,003835,2025-09-04T23:20:03.819023
TN 87 1040,7428,0.0,0.0,149.18,03/09/2025 06:09:31,13.010496666666667,80.003835,003835,2025-09-04T23:20:03.819221
TN 87 1040,7428,0.0,0.0,149.18,03/09/2025 06:09:25,13.010496666666667,80.003835,003835,2025-09-04T23:20:03.819398
TN 87 1040,7428,0.0,0.0,149.14,03/09/2025 06:09:11,13.010496666666667,80.003835,003835,2025-09-04T23:20:03.819569
TN 87 1040,7428,0.0,0.0,149.21,03/09/2025 06:09:02,13.010496666666667,80.003835,003835,2025-09-04T23:20:03.819737
TN 87 1040,7428,0.0,0.0,149.2,03/09/2025 06:08:51,13.010496666666667,80.003835,003835,2025-09-04T23:20:03.819900
TN 87 1040,7428,0.0,0.0,149.18,03/09/2025 06:08:41,13.010496666666667,80.003835,003835,2025-09-04T23:20:03.820080
TN 87 1040,7428,0.0,0.0,149.17,03/09/2025 06:08:32,13.010496666666667,80.003835,003835,2025-09-04T23:20:03.820254
TN 87 1040,7428,0.0,0.0,149.16,03/09/2025 06:08:24,13.010496666666667,80.003835,003835,2025-09-04T23:20:03.820441
TN 87 1040,7428,0.0,0.0,149.16,03/09/2025 06:08:12,13.010496666666667,80.003835,003835,2025-09-04T23:20:03.820641
TN 87 1040,7428,0.0,0.0,149.15,03/09/2025 06:08:02,13.010496666666667,80.003835,003835,2025-09-04T23:20:03.820841
TN 87 1040,7428,0.0,0.0,149.15,03/09/2025 06:07:52,13.010496666666667,80.003835,003835,2025-09-04T23:20:03.821039
TN 87 1040,7428,0.0,0.0,149.14,03/09/2025 06:07:42,13.010496666666667,80.003835,003835,2025-09-04T23:20:03.821254
TN 87 1040,7428,0.0,0.0,149.12,03/09/2025 06:07:32,13.010496666666667,80.003835,003835,2025-09-04T23:20:03.821430
TN 87 1040,7428,0.0,0.0,149.14,03/09/2025 06:07:26,13.010496666666667,80.003835,003835,2025-09-04T23:20:03.821586
TN 87 1040,7428,0.0,0.0,149.18,03/09/2025 06:07:13,13.010496666666667,80.003835,003835,2025-09-04T23:20:03.821767
TN 87 1040,7428,0.0,0.0,149.11,03/09/2025 06:07:03,13.010496666666667,80.003835,003835,2025-09-04T23:20:03.821935
TN 87 1040,7428,0.0,0.0,149.1,03/09/2025 06:06:53,13.010496666666667,80.003835,003835,2025-09-04T23:20:03.822104
TN 87 1040,7428,0.0,0.0,149.09,03/09/2025 06:06:43,13.010496666666667,80.003835,003835,2025-09-04T23:20:03.822264
TN 87 1040,7428,0.0,0.0,149.13,03/09/2025 06:06:34,13.010496666666667,80.003835,003835,2025-09-04T23:20:03.822434
TN 87 1040,7428,0.0,0.0,149.13,03/09/2025 06:06:26,13.010496666666667,80.003835,003835,2025-09-04T23:20:03.822601
TN 87 1040,7428,0.0,0.0,149.12,03/09/2025 06:06:14,13.010496666666667,80.003835,003835,2025-09-04T23:20:03.822764
TN 87 1040,7428,0.0,0.0,149.07,03/09/2025 06:06:04,13.010496666666667,80.003835,003835,2025-09-04T23:20:03.822965
TN 87 1040,7428,0.0,0.0,149.07,03/09/2025 06:05:54,13.010496666666667,80.003835,003835,2025-09-04T23:20:03.823222
TN 87 1040,7428,0.0,0.0,149.08,03/09/2025 06:05:45,13.010496666666667,80.003835,003835,2025-09-04T23:20:03.823453
TN 87 1040,7428,0.0,0.0,149.12,03/09/2025 06:05:34,13.010496666666667,80.003835,003835,2025-09-04T23:20:03.823688
TN 87 1040,7428,0.0,0.0,149.12,03/09/2025 06:05:27,13.010496666666667,80.003835,003835,2025-09-04T23:20:03.823871
TN 87 1040,7428,0.0,0.0,149.12,03/09/2025 06:05:15,13.010496666666667,80.003835,003835,2025-09-04T23:20:03.824036
TN 87 1040,7428,0.0,0.0,149.13,03/09/2025 06:05:05,13.010496666666667,80.003835,003835,2025-09-04T23:20:03.824226
TN 87 1040,7428,0.0,0.0,149.07,03/09/2025 06:04:55,13.010496666666667,80.003835,003835,2025-09-04T23:20:03.824413
TN 87 1040,7428,0.0,0.0,149.05,03/09/2025 06:04:45,13.010496666666667,80.003835,003835,2025-09-04T23:20:03.824591
TN 87 1040,7428,0.0,0.0,149.01,03/09/2025 06:04:35,13.010496666666667,80.003835,003835,2025-09-04T23:20:03.824758
TN 87 1040,7428,0.0,0.0,149.0,03/09/2025 06:04:30,13.010496666666667,80.003835,003835,2025-09-04T23:20:03.824959
TN 87 1040,7428,0.0,0.0,149.04,03/09/2025 06:04:16,13.010496666666667,80.003835,003835,2025-09-04T23:20:03.825140
TN 87 1040,7428,0.0,0.0,149.05,03/09/2025 06:04:06,13.010496666666667,80.003835,003835,2025-09-04T23:20:03.825309
TN 87 1040,7428,0.0,0.0,149.13,03/09/2025 06:03:56,13.010496666666667,80.003835,003835,2025-09-04T23:20:03.825475
TN 87 1040,7428,0.0,0.0,149.07,03/09/2025 06:03:46,13.010496666666667,80.003835,003835,2025-09-04T23:20:03.825671
TN 87 1040,7428,0.0,0.0,149.06,03/09/2025 06:03:36,13.010496666666667,80.003835,003835,2025-09-04T23:20:03.825874
TN 87 1040,7428,0.0,0.0,149.06,03/09/2025 06:03:30,13.010496666666667,80.003835,003835,2025-09-04T23:20:03.826081
TN 87 1040,7428,0.0,0.0,149.05,03/09/2025 06:03:17,13.010496666666667,80.003835,003835,2025-09-04T23:20:03.826279
TN 87 1040,7428,0.0,0.0,149.06,03/09/2025 06:03:07,13.010496666666667,80.003835,003835,2025-09-04T23:20:03.826530
TN 87 1040,7428,0.0,0.0,149.08,03/09/2025 06:02:57,13.010496666666667,80.003835,003835,2025-09-04T23:20:03.826720
TN 87 1040,7428,0.0,0.0,149.07,03/09/2025 06:02:47,13.010496666666667,80.003835,003835,2025-09-04T23:20:03.826917
TN 87 1040,7428,0.0,0.0,149.07,03/09/2025 06:02:37,13.010496666666667,80.003835,003835,2025-09-04T23:20:03.827092
TN 87 1040,7428,0.0,0.0,149.12,03/09/2025 06:02:30,13.010483333333333,80.00382833333333,00382833333333,2025-09-04T23:20:03.827301
TN 87 1040,7428,0.0,0.0,149.12,03/09/2025 06:02:19,13.010458333333334,80.00393666666666,00393666666666,2025-09-04T23:20:03.827494
TN 87 1040,7428,0.0,0.0,149.01,03/09/2025 06:02:08,13.010458333333334,80.00393666666666,00393666666666,2025-09-04T23:20:03.827694
TN 87 1040,7428,0.0,0.0,149.0,03/09/2025 06:01:58,13.010458333333334,80.00393666666666,00393666666666,2025-09-04T23:20:03.827915
TN 87 1040,7428,0.0,0.0,149.03,03/09/2025 06:01:48,13.010458333333334,80.00393666666666,00393666666666,2025-09-04T23:20:03.828138
TN 87 1040,7428,0.0,0.0,149.04,03/09/2025 06:01:38,13.010458333333334,80.00393666666666,00393666666666,2025-09-04T23:20:03.828352
TN 87 1040,7428,0.0,0.0,149.06,03/09/2025 06:01:31,13.010458333333334,80.00393666666666,00393666666666,2025-09-04T23:20:03.828569
TN 87 1040,7428,0.0,0.0,149.05,03/09/2025 06:01:19,13.010458333333334,80.00393666666666,00393666666666,2025-09-04T23:20:03.828800
TN 87 1040,7428,0.0,0.0,148.99,03/09/2025 06:01:09,13.010458333333334,80.00393666666666,00393666666666,2025-09-04T23:20:03.829007
TN 87 1040,7428,0.0,0.0,149.01,03/09/2025 06:00:59,13.010458333333334,80.00393666666666,00393666666666,2025-09-04T23:20:03.829172
TN 87 1040,7428,0.0,0.0,149.0,03/09/2025 06:00:49,13.010458333333334,80.00393666666666,00393666666666,2025-09-04T23:20:03.829327
TN 87 1040,7428,0.0,0.0,149.02,03/09/2025 06:00:40,13.010458333333334,80.00393666666666,00393666666666,2025-09-04T23:20:03.829480
TN 87 1040,7428,0.0,0.0,149.0,03/09/2025 06:00:32,13.010458333333334,80.00393666666666,00393666666666,2025-09-04T23:20:03.829631
TN 87 1040,7428,0.0,0.0,148.99,03/09/2025 06:00:20,13.010458333333334,80.00393666666666,00393666666666,2025-09-04T23:20:03.829836
TN 87 1040,7428,0.0,0.0,149.08,03/09/2025 06:00:10,13.010458333333334,80.00393666666666,00393666666666,2025-09-04T23:20:03.830040
TN 87 1040,7428,0.0,0.0,149.07,03/09/2025 06:00:00,13.010458333333334,80.00393666666666,00393666666666,2025-09-04T23:20:03.830228
TN 87 1040,7428,0.0,0.0,149.08,03/09/2025 05:59:51,13.010458333333334,80.00393666666666,00393666666666,2025-09-04T23:20:03.830414
TN 87 1040,7428,0.0,0.0,149.05,03/09/2025 05:59:40,13.010458333333334,80.00393666666666,00393666666666,2025-09-04T23:20:03.830600
TN 87 1040,7428,0.0,0.0,149.04,03/09/2025 05:59:33,13.010458333333334,80.00393666666666,00393666666666,2025-09-04T23:20:03.830810
TN 87 1040,7428,0.0,0.0,149.03,03/09/2025 05:59:20,13.010458333333334,80.00393666666666,00393666666666,2025-09-04T23:20:03.830994
TN 87 1040,7428,0.0,0.0,149.02,03/09/2025 05:59:11,13.010458333333334,80.00393666666666,00393666666666,2025-09-04T23:20:03.831203
TN 87 1040,7428,0.0,0.0,149.05,03/09/2025 05:59:02,13.010458333333334,80.00393666666666,00393666666666,2025-09-04T23:20:03.831409
TN 87 1040,7428,0.0,0.0,149.03,03/09/2025 05:58:51,13.010458333333334,80.00393666666666,00393666666666,2025-09-04T23:20:03.831581
TN 87 1040,7428,0.0,0.0,149.02,03/09/2025 05:58:41,13.010458333333334,80.00393666666666,00393666666666,2025-09-04T23:20:03.831748
TN 87 1040,7428,0.0,0.0,149.02,03/09/2025 05:58:35,13.010458333333334,80.00393666666666,00393666666666,2025-09-04T23:20:03.831918
TN 87 1040,7428,0.0,0.0,149.01,03/09/2025 05:58:21,13.010458333333334,80.00393666666666,00393666666666,2025-09-04T23:20:03.832102
TN 87 1040,7428,0.0,0.0,149.01,03/09/2025 05:58:12,13.010458333333334,80.00393666666666,00393666666666,2025-09-04T23:20:03.832269
TN 87 1040,7428,0.0,0.0,148.99,03/09/2025 05:58:02,13.010458333333334,80.00393666666666,00393666666666,2025-09-04T23:20:03.832400
TN 87 1040,7428,0.0,0.0,148.99,03/09/2025 05:57:52,13.010458333333334,80.00393666666666,00393666666666,2025-09-04T23:20:03.832567
TN 87 1040,7428,0.0,0.0,149.02,03/09/2025 05:57:42,13.010458333333334,80.00393666666666,00393666666666,2025-09-04T23:20:03.832736
TN 87 1040,7428,0.0,0.0,149.02,03/09/2025 05:57:35,13.010458333333334,80.00393666666666,00393666666666,2025-09-04T23:20:03.832937
TN 87 1040,7428,0.0,0.0,149.03,03/09/2025 05:57:23,13.010458333333334,80.00393666666666,00393666666666,2025-09-04T23:20:03.833130
TN 87 1040,7428,0.0,0.0,149.07,03/09/2025 05:57:13,13.010458333333334,80.00393666666666,00393666666666,2025-09-04T23:20:03.833317
TN 87 1040,7428,0.0,0.0,149.01,03/09/2025 05:57:03,13.010458333333334,80.00393666666666,00393666666666,2025-09-04T23:20:03.833487
TN 87 1040,7428,0.0,0.0,148.96,03/09/2025 05:56:53,13.010458333333334,80.00393666666666,00393666666666,2025-09-04T23:20:03.833662
TN 87 1040,7428,0.0,0.0,148.92,03/09/2025 05:56:43,13.010458333333334,80.00393666666666,00393666666666,2025-09-04T23:20:03.833849
TN 87 1040,7428,0.0,0.0,149.04,03/09/2025 05:56:36,13.010458333333334,80.00393666666666,00393666666666,2025-09-04T23:20:03.834042
TN 87 1040,7428,0.0,0.0,149.01,03/09/2025 05:56:23,13.010458333333334,80.00393666666666,00393666666666,2025-09-04T23:20:03.834234
TN 87 1040,7428,0.0,0.0,149.03,03/09/2025 05:56:13,13.010458333333334,80.00393666666666,00393666666666,2025-09-04T23:20:03.834416
TN 87 1040,7428,0.0,0.0,149.0,03/09/2025 05:56:04,13.010458333333334,80.00393666666666,00393666666666,2025-09-04T23:20:03.834593
TN 87 1040,7428,0.0,0.0,149.0,03/09/2025 05:55:54,13.010458333333334,80.00393666666666,00393666666666,2025-09-04T23:20:03.834756
TN 87 1040,7428,0.0,0.0,149.03,03/09/2025 05:55:44,13.010458333333334,80.00393666666666,00393666666666,2025-09-04T23:20:03.834967
TN 87 1040,7428,0.0,0.0,148.98,03/09/2025 05:55:37,13.010458333333334,80.00393666666666,00393666666666,2025-09-04T23:20:03.835144
TN 87 1040,7428,0.0,0.0,148.99,03/09/2025 05:55:24,13.010458333333334,80.00393666666666,00393666666666,2025-09-04T23:20:03.835300
TN 87 1040,7428,0.0,0.0,148.98,03/09/2025 05:55:14,13.010458333333334,80.00393666666666,00393666666666,2025-09-04T23:20:03.835473
TN 87 1040,7428,0.0,0.0,148.99,03/09/2025 05:55:05,13.010458333333334,80.00393666666666,00393666666666,2025-09-04T23:20:03.835661
TN 87 1040,7428,0.0,0.0,148.99,03/09/2025 05:54:55,13.010458333333334,80.00393666666666,00393666666666,2025-09-04T23:20:03.835836
TN 87 1040,7428,0.0,0.0,148.99,03/09/2025 05:54:45,13.010458333333334,80.00393666666666,00393666666666,2025-09-04T23:20:03.836015
TN 87 1040,7428,0.0,0.0,149.0,03/09/2025 05:54:38,13.010458333333334,80.00393666666666,00393666666666,2025-09-04T23:20:03.836224
TN 87 1040,7428,0.0,0.0,148.96,03/09/2025 05:54:25,13.010458333333334,80.00393666666666,00393666666666,2025-09-04T23:20:03.836420
TN 87 1040,7428,0.0,0.0,148.96,03/09/2025 05:54:15,13.010458333333334,80.00393666666666,00393666666666,2025-09-04T23:20:03.836586
TN 87 1040,7428,0.0,0.0,148.98,03/09/2025 05:54:06,13.010458333333334,80.00393666666666,00393666666666,2025-09-04T23:20:03.836764
TN 87 1040,7428,0.0,0.0,148.99,03/09/2025 05:53:56,13.010458333333334,80.00393666666666,00393666666666,2025-09-04T23:20:03.836938
TN 87 1040,7428,0.0,0.0,148.98,03/09/2025 05:53:46,13.010458333333334,80.00393666666666,00393666666666,2025-09-04T23:20:03.837108
TN 87 1040,7428,0.0,0.0,148.98,03/09/2025 05:53:40,13.010458333333334,80.00393666666666,00393666666666,2025-09-04T23:20:03.837274
TN 87 1040,7428,0.0,0.0,148.94,03/09/2025 05:53:26,13.010458333333334,80.00393666666666,00393666666666,2025-09-04T23:20:03.837443
TN 87 1040,7428,0.0,0.0,148.95,03/09/2025 05:53:17,13.010458333333334,80.00393666666666,00393666666666,2025-09-04T23:20:03.837602
TN 87 1040,7428,0.0,0.0,148.94,03/09/2025 05:53:07,13.010458333333334,80.00393666666666,00393666666666,2025-09-04T23:20:03.837768
TN 87 1040,7428,0.0,0.0,148.95,03/09/2025 05:52:57,13.010458333333334,80.00393666666666,00393666666666,2025-09-04T23:20:03.837970
TN 87 1040,7428,0.0,0.0,148.98,03/09/2025 05:52:47,13.010458333333334,80.00393666666666,00393666666666,2025-09-04T23:20:03.838175
TN 87 1040,7428,0.0,0.0,148.96,03/09/2025 05:52:41,13.010458333333334,80.00393666666666,00393666666666,2025-09-04T23:20:03.838340
TN 87 1040,7428,0.0,0.0,148.94,03/09/2025 05:52:27,13.010458333333334,80.00393666666666,00393666666666,2025-09-04T23:20:03.838507
TN 87 1040,7428,0.0,0.0,148.96,03/09/2025 05:52:17,13.010458333333334,80.00393666666666,00393666666666,2025-09-04T23:20:03.838667
TN 87 1040,7428,0.0,0.0,148.96,03/09/2025 05:52:07,13.010458333333334,80.00393666666666,00393666666666,2025-09-04T23:20:03.838807
TN 87 1040,7428,0.0,0.0,148.96,03/09/2025 05:51:58,13.010458333333334,80.00393666666666,00393666666666,2025-09-04T23:20:03.838987
TN 87 1040,7428,0.0,0.0,148.94,03/09/2025 05:51:48,13.010458333333334,80.00393666666666,00393666666666,2025-09-04T23:20:03.839157
TN 87 1040,7428,0.0,0.0,148.94,03/09/2025 05:51:41,13.010458333333334,80.00393666666666,00393666666666,2025-09-04T23:20:03.839316
TN 87 1040,7428,0.0,0.0,148.94,03/09/2025 05:51:29,13.010458333333334,80.00393666666666,00393666666666,2025-09-04T23:20:03.839482
TN 87 1040,7428,0.0,0.0,148.98,03/09/2025 05:51:18,13.010458333333334,80.00393666666666,00393666666666,2025-09-04T23:20:03.839639
TN 87 1040,7428,0.0,0.0,148.98,03/09/2025 05:51:08,13.010458333333334,80.00393666666666,00393666666666,2025-09-04T23:20:03.839866
TN 87 1040,7428,0.0,0.0,148.98,03/09/2025 05:50:59,13.010458333333334,80.00393666666666,00393666666666,2025-09-04T23:20:03.840119
TN 87 1040,7428,0.0,0.0,148.94,03/09/2025 05:50:49,13.010458333333334,80.00393666666666,00393666666666,2025-09-04T23:20:03.840313
TN 87 1040,7428,0.0,0.0,148.92,03/09/2025 05:50:42,13.010458333333334,80.00393666666666,00393666666666,2025-09-04T23:20:03.840498
TN 87 1040,7428,0.0,0.0,148.92,03/09/2025 05:50:29,13.010458333333334,80.00393666666666,00393666666666,2025-09-04T23:20:03.840698
TN 87 1040,7428,0.0,0.0,148.92,03/09/2025 05:50:19,13.010458333333334,80.00393666666666,00393666666666,2025-09-04T23:20:03.840886
TN 87 1040,7428,0.0,0.0,148.98,03/09/2025 05:50:09,13.010458333333334,80.00393666666666,00393666666666,2025-09-04T23:20:03.841077
TN 87 1040,7428,0.0,0.0,148.99,03/09/2025 05:50:00,13.010458333333334,80.00393666666666,00393666666666,2025-09-04T23:20:03.841255
TN 87 1040,7428,0.0,0.0,148.99,03/09/2025 05:49:51,13.010458333333334,80.00393666666666,00393666666666,2025-09-04T23:20:03.841498
TN 87 1040,7428,0.0,0.0,148.98,03/09/2025 05:49:43,13.010458333333334,80.00393666666666,00393666666666,2025-09-04T23:20:03.841714
TN 87 1040,7428,0.0,0.0,148.98,03/09/2025 05:49:30,13.010458333333334,80.00393666666666,00393666666666,2025-09-04T23:20:03.841930
TN 87 1040,7428,0.0,0.0,148.98,03/09/2025 05:49:20,13.010458333333334,80.00393666666666,00393666666666,2025-09-04T23:20:03.842144
TN 87 1040,7428,0.0,0.0,148.97,03/09/2025 05:49:10,13.010458333333334,80.00393666666666,00393666666666,2025-09-04T23:20:03.842332
TN 87 1040,7428,0.0,0.0,148.97,03/09/2025 05:49:01,13.010458333333334,80.00393666666666,00393666666666,2025-09-04T23:20:03.842521
TN 87 1040,7428,0.0,0.0,148.98,03/09/2025 05:48:51,13.010458333333334,80.00393666666666,00393666666666,2025-09-04T23:20:03.842685
TN 87 1040,7428,0.0,0.0,148.97,03/09/2025 05:48:44,13.010458333333334,80.00393666666666,00393666666666,2025-09-04T23:20:03.842857
TN 87 1040,7428,0.0,0.0,148.97,03/09/2025 05:48:31,13.010458333333334,80.00393666666666,00393666666666,2025-09-04T23:20:03.842997
TN 87 1040,7428,0.0,0.0,148.97,03/09/2025 05:48:21,13.010458333333334,80.00393666666666,00393666666666,2025-09-04T23:20:03.843147
TN 87 1040,7428,0.0,0.0,148.99,03/09/2025 05:48:12,13.010458333333334,80.00393666666666,00393666666666,2025-09-04T23:20:03.843321
TN 87 1040,7428,0.0,0.0,148.97,03/09/2025 05:48:01,13.010458333333334,80.00393666666666,00393666666666,2025-09-04T23:20:03.843469
TN 87 1040,7428,0.0,0.0,148.97,03/09/2025 05:47:52,13.010458333333334,80.00393666666666,00393666666666,2025-09-04T23:20:03.843612
TN 87 1040,7428,0.0,0.0,148.97,03/09/2025 05:47:46,13.010458333333334,80.00393666666666,00393666666666,2025-09-04T23:20:03.843795
TN 87 1040,7428,0.0,0.0,148.97,03/09/2025 05:47:32,13.010458333333334,80.00393666666666,00393666666666,2025-09-04T23:20:03.843969
TN 87 1040,7428,0.0,0.0,148.97,03/09/2025 05:47:23,13.010458333333334,80.00393666666666,00393666666666,2025-09-04T23:20:03.844120
TN 87 1040,7428,0.0,0.0,148.98,03/09/2025 05:47:12,13.010458333333334,80.00393666666666,00393666666666,2025-09-04T23:20:03.844328
TN 87 1040,7428,0.0,0.0,148.99,03/09/2025 05:47:02,13.010458333333334,80.00393666666666,00393666666666,2025-09-04T23:20:03.844487
TN 87 1040,7428,0.0,0.0,148.99,03/09/2025 05:46:52,13.010458333333334,80.00393666666666,00393666666666,2025-09-04T23:20:03.844686
TN 87 1040,7428,0.0,0.0,148.99,03/09/2025 05:46:45,13.010458333333334,80.00393666666666,00393666666666,2025-09-04T23:20:03.844873
TN 87 1040,7428,0.0,0.0,148.99,03/09/2025 05:46:33,13.010458333333334,80.00393666666666,00393666666666,2025-09-04T23:20:03.845069
TN 87 1040,7428,0.0,0.0,148.98,03/09/2025 05:46:23,13.010458333333334,80.00393666666666,00393666666666,2025-09-04T23:20:03.845259
TN 87 1040,7428,0.0,0.0,148.98,03/09/2025 05:46:13,13.010458333333334,80.00393666666666,00393666666666,2025-09-04T23:20:03.845465
TN 87 1040,7428,0.0,0.0,148.98,03/09/2025 05:46:03,13.010458333333334,80.00393666666666,00393666666666,2025-09-04T23:20:03.845666
TN 87 1040,7428,0.0,0.0,148.98,03/09/2025 05:45:53,13.010458333333334,80.00393666666666,00393666666666,2025-09-04T23:20:03.845851
TN 87 1040,7428,0.0,0.0,148.97,03/09/2025 05:45:46,13.010458333333334,80.00393666666666,00393666666666,2025-09-04T23:20:03.846053
TN 87 1040,7428,0.0,0.0,148.99,03/09/2025 05:45:34,13.010458333333334,80.00393666666666,00393666666666,2025-09-04T23:20:03.846209
TN 87 1040,7428,0.0,0.0,148.99,03/09/2025 05:45:24,13.010458333333334,80.00393666666666,00393666666666,2025-09-04T23:20:03.846347
TN 87 1040,7428,0.0,0.0,148.99,03/09/2025 05:45:14,13.010458333333334,80.00393666666666,00393666666666,2025-09-04T23:20:03.846489
TN 87 1040,7428,0.0,0.0,148.98,03/09/2025 05:45:04,13.010458333333334,80.00393666666666,00393666666666,2025-09-04T23:20:03.846630
TN 87 1040,7428,0.0,0.0,148.99,03/09/2025 05:44:55,13.010458333333334,80.00393666666666,00393666666666,2025-09-04T23:20:03.846776
TN 87 1040,7428,0.0,0.0,148.99,03/09/2025 05:44:47,13.010458333333334,80.00393666666666,00393666666666,2025-09-04T23:20:03.846926
TN 87 1040,7428,0.0,0.0,148.98,03/09/2025 05:44:35,13.010458333333334,80.00393666666666,00393666666666,2025-09-04T23:20:03.847094
TN 87 1040,7428,0.0,0.0,148.99,03/09/2025 05:44:25,13.010458333333334,80.00393666666666,00393666666666,2025-09-04T23:20:03.847234
TN 87 1040,7428,0.0,0.0,148.99,03/09/2025 05:44:15,13.010458333333334,80.00393666666666,00393666666666,2025-09-04T23:20:03.847386
TN 87 1040,7428,0.0,0.0,148.98,03/09/2025 05:44:06,13.010458333333334,80.00393666666666,00393666666666,2025-09-04T23:20:03.847521
TN 87 1040,7428,0.0,0.0,149.01,03/09/2025 05:43:55,13.010458333333334,80.00393666666666,00393666666666,2025-09-04T23:20:03.847700
TN 87 1040,7428,0.0,0.0,149.01,03/09/2025 05:43:48,13.010458333333334,80.00393666666666,00393666666666,2025-09-04T23:20:03.847909
TN 87 1040,7428,0.0,0.0,149.02,03/09/2025 05:43:36,13.010458333333334,80.00393666666666,00393666666666,2025-09-04T23:20:03.848153
TN 87 1040,7428,0.0,0.0,149.03,03/09/2025 05:43:26,13.010458333333334,80.00393666666666,00393666666666,2025-09-04T23:20:03.848351
TN 87 1040,7428,0.0,0.0,148.99,03/09/2025 05:43:16,13.010458333333334,80.00393666666666,00393666666666,2025-09-04T23:20:03.848553
TN 87 1040,7428,0.0,0.0,148.99,03/09/2025 05:43:06,13.010458333333334,80.00393666666666,00393666666666,2025-09-04T23:20:03.848807
TN 87 1040,7428,0.0,0.0,149.0,03/09/2025 05:42:56,13.010458333333334,80.00393666666666,00393666666666,2025-09-04T23:20:03.849003
TN 87 1040,7428,0.0,0.0,148.98,03/09/2025 05:42:50,13.010458333333334,80.00393666666666,00393666666666,2025-09-04T23:20:03.849257
TN 87 1040,7428,0.0,0.0,148.98,03/09/2025 05:42:37,13.010458333333334,80.00393666666666,00393666666666,2025-09-04T23:20:03.849391
TN 87 1040,7428,0.0,0.0,148.98,03/09/2025 05:42:27,13.010458333333334,80.00393666666666,00393666666666,2025-09-04T23:20:03.849516
TN 87 1040,7428,0.0,0.0,149.01,03/09/2025 05:42:17,13.010458333333334,80.00393666666666,00393666666666,2025-09-04T23:20:03.849691
TN 87 1040,7428,0.0,0.0,149.01,03/09/2025 05:42:07,13.010458333333334,80.00393666666666,00393666666666,2025-09-04T23:20:03.849904
TN 87 1040,7428,0.0,0.0,149.0,03/09/2025 05:41:57,13.010458333333334,80.00393666666666,00393666666666,2025-09-04T23:20:03.850090
TN 87 1040,7428,0.0,0.0,149.0,03/09/2025 05:41:51,13.010458333333334,80.00393666666666,00393666666666,2025-09-04T23:20:03.850280
TN 87 1040,7428,0.0,0.0,149.0,03/09/2025 05:41:38,13.010458333333334,80.00393666666666,00393666666666,2025-09-04T23:20:03.850453
TN 87 1040,7428,0.0,0.0,149.01,03/09/2025 05:41:29,13.010458333333334,80.00393666666666,00393666666666,2025-09-04T23:20:03.850632
TN 87 1040,7428,0.0,0.0,149.0,03/09/2025 05:41:18,13.010458333333334,80.00393666666666,00393666666666,2025-09-04T23:20:03.850818
TN 87 1040,7428,0.0,0.0,149.0,03/09/2025 05:41:08,13.010458333333334,80.00393666666666,00393666666666,2025-09-04T23:20:03.851023
TN 87 1040,7428,0.0,0.0,149.0,03/09/2025 05:40:58,13.010458333333334,80.00393666666666,00393666666666,2025-09-04T23:20:03.851220
TN 87 1040,7428,0.0,0.0,149.0,03/09/2025 05:40:51,13.010458333333334,80.00393666666666,00393666666666,2025-09-04T23:20:03.851421
TN 87 1040,7428,0.0,0.0,149.0,03/09/2025 05:40:39,13.010458333333334,80.00393666666666,00393666666666,2025-09-04T23:20:03.851614
TN 87 1040,7428,0.0,0.0,149.0,03/09/2025 05:40:29,13.010458333333334,80.00393666666666,00393666666666,2025-09-04T23:20:03.851785
TN 87 1040,7428,0.0,0.0,149.03,03/09/2025 05:40:19,13.010458333333334,80.00393666666666,00393666666666,2025-09-04T23:20:03.851961
TN 87 1040,7428,0.0,0.0,149.03,03/09/2025 05:40:09,13.010458333333334,80.00393666666666,00393666666666,2025-09-04T23:20:03.852143
TN 87 1040,7428,0.0,0.0,149.03,03/09/2025 05:39:59,13.010458333333334,80.00393666666666,00393666666666,2025-09-04T23:20:03.852330
TN 87 1040,7428,0.0,0.0,149.01,03/09/2025 05:39:52,13.010458333333334,80.00393666666666,00393666666666,2025-09-04T23:20:03.852506
TN 87 1040,7428,0.0,0.0,149.01,03/09/2025 05:39:39,13.010458333333334,80.00393666666666,00393666666666,2025-09-04T23:20:03.852672
TN 87 1040,7428,0.0,0.0,149.01,03/09/2025 05:39:30,13.010458333333334,80.00393666666666,00393666666666,2025-09-04T23:20:03.852844
TN 87 1040,7428,0.0,0.0,149.01,03/09/2025 05:39:20,13.010458333333334,80.00393666666666,00393666666666,2025-09-04T23:20:03.853017
TN 87 1040,7428,0.0,0.0,149.03,03/09/2025 05:39:10,13.010458333333334,80.00393666666666,00393666666666,2025-09-04T23:20:03.853243
TN 87 1040,7428,0.0,0.0,149.03,03/09/2025 05:39:01,13.010458333333334,80.00393666666666,00393666666666,2025-09-04T23:20:03.853453
TN 87 1040,7428,0.0,0.0,149.03,03/09/2025 05:38:53,13.010458333333334,80.00393666666666,00393666666666,2025-09-04T23:20:03.853666
TN 87 1040,7428,0.0,0.0,149.03,03/09/2025 05:38:40,13.010458333333334,80.00393666666666,00393666666666,2025-09-04T23:20:03.853863
TN 87 1040,7428,0.0,0.0,149.03,03/09/2025 05:38:31,13.010458333333334,80.00393666666666,00393666666666,2025-09-04T23:20:03.854466
TN 87 1040,7428,0.0,0.0,149.03,03/09/2025 05:38:21,13.010458333333334,80.00393666666666,00393666666666,2025-09-04T23:20:03.854723
TN 87 1040,7428,0.0,0.0,149.03,03/09/2025 05:38:12,13.010458333333334,80.00393666666666,00393666666666,2025-09-04T23:20:03.854965
TN 87 1040,7428,0.0,0.0,149.03,03/09/2025 05:38:01,13.010458333333334,80.00393666666666,00393666666666,2025-09-04T23:20:03.855174
TN 87 1040,7428,0.0,0.0,149.04,03/09/2025 05:37:54,13.010458333333334,80.00393666666666,00393666666666,2025-09-04T23:20:03.855372
TN 87 1040,7428,0.0,0.0,149.04,03/09/2025 05:37:41,13.010458333333334,80.00393666666666,00393666666666,2025-09-04T23:20:03.855600
TN 87 1040,7428,0.0,0.0,149.02,03/09/2025 05:37:32,13.010458333333334,80.00393666666666,00393666666666,2025-09-04T23:20:03.855805
TN 87 1040,7428,0.0,0.0,149.02,03/09/2025 05:37:22,13.010458333333334,80.00393666666666,00393666666666,2025-09-04T23:20:03.855960
TN 87 1040,7428,0.0,0.0,149.04,03/09/2025 05:37:12,13.010458333333334,80.00393666666666,00393666666666,2025-09-04T23:20:03.856123
TN 87 1040,7428,0.0,0.0,149.04,03/09/2025 05:37:02,13.010458333333334,80.00393666666666,00393666666666,2025-09-04T23:20:03.856304
TN 87 1040,7428,0.0,0.0,149.04,03/09/2025 05:36:56,13.010458333333334,80.00393666666666,00393666666666,2025-09-04T23:20:03.856500
TN 87 1040,7428,0.0,0.0,149.05,03/09/2025 05:36:42,13.010458333333334,80.00393666666666,00393666666666,2025-09-04T23:20:03.856679
TN 87 1040,7428,0.0,0.0,149.06,03/09/2025 05:36:33,13.010458333333334,80.00393666666666,00393666666666,2025-09-04T23:20:03.856859
TN 87 1040,7428,0.0,0.0,149.06,03/09/2025 05:36:23,13.010458333333334,80.00393666666666,00393666666666,2025-09-04T23:20:03.857005
TN 87 1040,7428,0.0,0.0,149.05,03/09/2025 05:36:13,13.010458333333334,80.00393666666666,00393666666666,2025-09-04T23:20:03.857156
TN 87 1040,7428,0.0,0.0,149.05,03/09/2025 05:36:03,13.010458333333334,80.00393666666666,00393666666666,2025-09-04T23:20:03.857323
TN 87 1040,7428,0.0,0.0,149.05,03/09/2025 05:35:56,13.010458333333334,80.00393666666666,00393666666666,2025-09-04T23:20:03.857463
TN 87 1040,7428,0.0,0.0,149.05,03/09/2025 05:35:44,13.010458333333334,80.00393666666666,00393666666666,2025-09-04T23:20:03.857610
TN 87 1040,7428,0.0,0.0,149.05,03/09/2025 05:35:33,13.010458333333334,80.00393666666666,00393666666666,2025-09-04T23:20:03.857820
TN 87 1040,7428,0.0,0.0,149.05,03/09/2025 05:35:24,13.010458333333334,80.00393666666666,00393666666666,2025-09-04T23:20:03.857999
TN 87 1040,7428,0.0,0.0,149.06,03/09/2025 05:35:14,13.010458333333334,80.00393666666666,00393666666666,2025-09-04T23:20:03.858170
TN 87 1040,7428,0.0,0.0,149.05,03/09/2025 05:35:04,13.010458333333334,80.00393666666666,00393666666666,2025-09-04T23:20:03.858320
TN 87 1040,7428,0.0,0.0,149.05,03/09/2025 05:34:57,13.010458333333334,80.00393666666666,00393666666666,2025-09-04T23:20:03.858487
TN 87 1040,7428,0.0,0.0,149.05,03/09/2025 05:34:44,13.010458333333334,80.00393666666666,00393666666666,2025-09-04T23:20:03.858613
TN 87 1040,7428,0.0,0.0,149.07,03/09/2025 05:34:34,13.010458333333334,80.00393666666666,00393666666666,2025-09-04T23:20:03.858762
TN 87 1040,7428,0.0,0.0,149.07,03/09/2025 05:34:25,13.010458333333334,80.00393666666666,00393666666666,2025-09-04T23:20:03.858945
TN 87 1040,7428,0.0,0.0,149.07,03/09/2025 05:34:15,13.010458333333334,80.00393666666666,00393666666666,2025-09-04T23:20:03.859131
TN 87 1040,7428,0.0,0.0,149.06,03/09/2025 05:34:05,13.010458333333334,80.00393666666666,00393666666666,2025-09-04T23:20:03.859309
TN 87 1040,7428,0.0,0.0,149.05,03/09/2025 05:33:58,13.010458333333334,80.00393666666666,00393666666666,2025-09-04T23:20:03.859479
TN 87 1040,7428,0.0,0.0,149.05,03/09/2025 05:33:45,13.010458333333334,80.00393666666666,00393666666666,2025-09-04T23:20:03.859623
TN 87 1040,7428,0.0,0.0,149.05,03/09/2025 05:33:35,13.010458333333334,80.00393666666666,00393666666666,2025-09-04T23:20:03.859796
TN 87 1040,7428,0.0,0.0,149.05,03/09/2025 05:33:26,13.010458333333334,80.00393666666666,00393666666666,2025-09-04T23:20:03.859959
TN 87 1040,7428,0.0,0.0,149.06,03/09/2025 05:33:16,13.010458333333334,80.00393666666666,00393666666666,2025-09-04T23:20:03.860105
TN 87 1040,7428,0.0,0.0,149.06,03/09/2025 05:33:06,13.010458333333334,80.00393666666666,00393666666666,2025-09-04T23:20:03.860252
TN 87 1040,7428,0.0,0.0,149.08,03/09/2025 05:32:59,13.010458333333334,80.00393666666666,00393666666666,2025-09-04T23:20:03.860416
TN 87 1040,7428,0.0,0.0,149.08,03/09/2025 05:32:46,13.010458333333334,80.00393666666666,00393666666666,2025-09-04T23:20:03.860580
TN 87 1040,7428,0.0,0.0,149.09,03/09/2025 05:32:36,13.010458333333334,80.00393666666666,00393666666666,2025-09-04T23:20:03.860776
TN 87 1040,7428,0.0,0.0,149.09,03/09/2025 05:32:27,13.010458333333334,80.00393666666666,00393666666666,2025-09-04T23:20:03.860975
TN 87 1040,7428,0.0,0.0,149.07,03/09/2025 05:32:17,13.010458333333334,80.00393666666666,00393666666666,2025-09-04T23:20:03.861157
TN 87 1040,7428,0.0,0.0,149.07,03/09/2025 05:32:07,13.010458333333334,80.00393666666666,00393666666666,2025-09-04T23:20:03.861329
TN 87 1040,7428,0.0,0.0,149.07,03/09/2025 05:32:00,13.010458333333334,80.00393666666666,00393666666666,2025-09-04T23:20:03.861523
TN 87 1040,7428,0.0,0.0,149.05,03/09/2025 05:31:47,13.010458333333334,80.00393666666666,00393666666666,2025-09-04T23:20:03.861713
TN 87 1040,7428,0.0,0.0,149.07,03/09/2025 05:31:37,13.010458333333334,80.00393666666666,00393666666666,2025-09-04T23:20:03.861872
TN 87 1040,7428,0.0,0.0,149.07,03/09/2025 05:31:28,13.010458333333334,80.00393666666666,00393666666666,2025-09-04T23:20:03.862010
TN 87 1040,7428,0.0,0.0,149.08,03/09/2025 05:31:18,13.010458333333334,80.00393666666666,00393666666666,2025-09-04T23:20:03.862174
TN 87 1040,7428,0.0,0.0,149.08,03/09/2025 05:31:08,13.010458333333334,80.00393666666666,00393666666666,2025-09-04T23:20:03.862345
TN 87 1040,7428,0.0,0.0,149.08,03/09/2025 05:31:02,13.010458333333334,80.00393666666666,00393666666666,2025-09-04T23:20:03.862480
TN 87 1040,7428,0.0,0.0,149.08,03/09/2025 05:30:48,13.010458333333334,80.00393666666666,00393666666666,2025-09-04T23:20:03.862625
TN 87 1040,7428,0.0,0.0,149.07,03/09/2025 05:30:39,13.010458333333334,80.00393666666666,00393666666666,2025-09-04T23:20:03.862754
TN 87 1040,7428,0.0,0.0,149.07,03/09/2025 05:30:28,13.010458333333334,80.00393666666666,00393666666666,2025-09-04T23:20:03.862908
TN 87 1040,7428,0.0,0.0,149.09,03/09/2025 05:30:19,13.010458333333334,80.00393666666666,00393666666666,2025-09-04T23:20:03.863052
TN 87 1040,7428,0.0,0.0,149.09,03/09/2025 05:30:09,13.010458333333334,80.00393666666666,00393666666666,2025-09-04T23:20:03.863202
TN 87 1040,7428,0.0,0.0,149.09,03/09/2025 05:30:02,13.010458333333334,80.00393666666666,00393666666666,2025-09-04T23:20:03.863332
TN 87 1040,7428,0.0,0.0,149.09,03/09/2025 05:29:50,13.010458333333334,80.00393666666666,00393666666666,2025-09-04T23:20:03.863490
TN 87 1040,7428,0.0,0.0,149.11,03/09/2025 05:29:39,13.010458333333334,80.00393666666666,00393666666666,2025-09-04T23:20:03.863631
TN 87 1040,7428,0.0,0.0,149.1,03/09/2025 05:29:29,13.010458333333334,80.00393666666666,00393666666666,2025-09-04T23:20:03.863759
TN 87 1040,7428,0.0,0.0,149.1,03/09/2025 05:29:19,13.010458333333334,80.00393666666666,00393666666666,2025-09-04T23:20:03.863915
TN 87 1040,7428,0.0,0.0,149.1,03/09/2025 05:29:10,13.010458333333334,80.00393666666666,00393666666666,2025-09-04T23:20:03.864067
TN 87 1040,7428,0.0,0.0,149.11,03/09/2025 05:29:03,13.010458333333334,80.00393666666666,00393666666666,2025-09-04T23:20:03.864229
TN 87 1040,7428,0.0,0.0,149.11,03/09/2025 05:28:50,13.010458333333334,80.00393666666666,00393666666666,2025-09-04T23:20:03.864356
TN 87 1040,7428,0.0,0.0,149.1,03/09/2025 05:28:40,13.010458333333334,80.00393666666666,00393666666666,2025-09-04T23:20:03.864515
TN 87 1040,7428,0.0,0.0,149.11,03/09/2025 05:28:30,13.010458333333334,80.00393666666666,00393666666666,2025-09-04T23:20:03.864681
TN 87 1040,7428,0.0,0.0,149.12,03/09/2025 05:28:20,13.010458333333334,80.00393666666666,00393666666666,2025-09-04T23:20:03.864833
TN 87 1040,7428,0.0,0.0,149.11,03/09/2025 05:28:11,13.010458333333334,80.00393666666666,00393666666666,2025-09-04T23:20:03.864993
TN 87 1040,7428,0.0,0.0,149.11,03/09/2025 05:28:04,13.010458333333334,80.00393666666666,00393666666666,2025-09-04T23:20:03.865136
TN 87 1040,7428,0.0,0.0,149.12,03/09/2025 05:27:51,13.010458333333334,80.00393666666666,00393666666666,2025-09-04T23:20:03.865311
TN 87 1040,7428,0.0,0.0,149.11,03/09/2025 05:27:41,13.010458333333334,80.00393666666666,00393666666666,2025-09-04T23:20:03.865485
TN 87 1040,7428,0.0,0.0,149.11,03/09/2025 05:27:31,13.010458333333334,80.00393666666666,00393666666666,2025-09-04T23:20:03.865673
TN 87 1040,7428,0.0,0.0,149.11,03/09/2025 05:27:22,13.010458333333334,80.00393666666666,00393666666666,2025-09-04T23:20:03.865873
TN 87 1040,7428,0.0,0.0,149.11,03/09/2025 05:27:12,13.010458333333334,80.00393666666666,00393666666666,2025-09-04T23:20:03.866078
TN 87 1040,7428,0.0,0.0,149.1,03/09/2025 05:27:05,13.010458333333334,80.00393666666666,00393666666666,2025-09-04T23:20:03.866265
TN 87 1040,7428,0.0,0.0,149.1,03/09/2025 05:26:52,13.010458333333334,80.00393666666666,00393666666666,2025-09-04T23:20:03.866430
TN 87 1040,7428,0.0,0.0,149.12,03/09/2025 05:26:42,13.010458333333334,80.00393666666666,00393666666666,2025-09-04T23:20:03.866651
TN 87 1040,7428,0.0,0.0,149.13,03/09/2025 05:26:33,13.010458333333334,80.00393666666666,00393666666666,2025-09-04T23:20:03.866846
TN 87 1040,7428,0.0,0.0,149.13,03/09/2025 05:26:22,13.010458333333334,80.00393666666666,00393666666666,2025-09-04T23:20:03.867067
TN 87 1040,7428,0.0,0.0,149.12,03/09/2025 05:26:13,13.010458333333334,80.00393666666666,00393666666666,2025-09-04T23:20:03.867263
TN 87 1040,7428,0.0,0.0,149.12,03/09/2025 05:26:07,13.010458333333334,80.00393666666666,00393666666666,2025-09-04T23:20:03.867447
TN 87 1040,7428,0.0,0.0,149.13,03/09/2025 05:25:53,13.010458333333334,80.00393666666666,00393666666666,2025-09-04T23:20:03.867650
TN 87 1040,7428,0.0,0.0,149.14,03/09/2025 05:25:44,13.010458333333334,80.00393666666666,00393666666666,2025-09-04T23:20:03.867871
TN 87 1040,7428,0.0,0.0,149.11,03/09/2025 05:25:33,13.010458333333334,80.00393666666666,00393666666666,2025-09-04T23:20:03.868085
TN 87 1040,7428,0.0,0.0,149.11,03/09/2025 05:25:23,13.010458333333334,80.00393666666666,00393666666666,2025-09-04T23:20:03.868293
TN 87 1040,7428,0.0,0.0,149.12,03/09/2025 05:25:13,13.010458333333334,80.00393666666666,00393666666666,2025-09-04T23:20:03.868735
TN 87 1040,7428,0.0,0.0,149.12,03/09/2025 05:25:06,13.010458333333334,80.00393666666666,00393666666666,2025-09-04T23:20:03.868984
TN 87 1040,7428,0.0,0.0,149.12,03/09/2025 05:24:54,13.010458333333334,80.00393666666666,00393666666666,2025-09-04T23:20:03.869203
TN 87 1040,7428,0.0,0.0,149.12,03/09/2025 05:24:44,13.010458333333334,80.00393666666666,00393666666666,2025-09-04T23:20:03.869408
TN 87 1040,7428,0.0,0.0,149.12,03/09/2025 05:24:34,13.010458333333334,80.00393666666666,00393666666666,2025-09-04T23:20:03.869589
TN 87 1040,7428,0.0,0.0,149.12,03/09/2025 05:24:24,13.010458333333334,80.00393666666666,00393666666666,2025-09-04T23:20:03.869758
TN 87 1040,7428,0.0,0.0,149.12,03/09/2025 05:24:14,13.010458333333334,80.00393666666666,00393666666666,2025-09-04T23:20:03.869941
TN 87 1040,7428,0.0,0.0,149.14,03/09/2025 05:24:07,13.010458333333334,80.00393666666666,00393666666666,2025-09-04T23:20:03.870149
TN 87 1040,7428,0.0,0.0,149.14,03/09/2025 05:23:55,13.010458333333334,80.00393666666666,00393666666666,2025-09-04T23:20:03.870337
TN 87 1040,7428,0.0,0.0,149.14,03/09/2025 05:23:45,13.010458333333334,80.00393666666666,00393666666666,2025-09-04T23:20:03.870500
TN 87 1040,7428,0.0,0.0,149.16,03/09/2025 05:23:35,13.010458333333334,80.00393666666666,00393666666666,2025-09-04T23:20:03.870703
TN 87 1040,7428,0.0,0.0,149.12,03/09/2025 05:23:25,13.010458333333334,80.00393666666666,00393666666666,2025-09-04T23:20:03.870899
TN 87 1040,7428,0.0,0.0,149.12,03/09/2025 05:23:16,13.010458333333334,80.00393666666666,00393666666666,2025-09-04T23:20:03.871090
TN 87 1040,7428,0.0,0.0,149.12,03/09/2025 05:23:08,13.010458333333334,80.00393666666666,00393666666666,2025-09-04T23:20:03.871277
TN 87 1040,7428,0.0,0.0,149.12,03/09/2025 05:22:56,13.010458333333334,80.00393666666666,00393666666666,2025-09-04T23:20:03.871452
TN 87 1040,7428,0.0,0.0,149.12,03/09/2025 05:22:46,13.010458333333334,80.00393666666666,00393666666666,2025-09-04T23:20:03.871611
TN 87 1040,7428,0.0,0.0,149.12,03/09/2025 05:22:36,13.010458333333334,80.00393666666666,00393666666666,2025-09-04T23:20:03.871780
TN 87 1040,7428,0.0,0.0,149.12,03/09/2025 05:22:26,13.010458333333334,80.00393666666666,00393666666666,2025-09-04T23:20:03.871958
TN 87 1040,7428,0.0,0.0,149.12,03/09/2025 05:22:16,13.010458333333334,80.00393666666666,00393666666666,2025-09-04T23:20:03.872115
TN 87 1040,7428,0.0,0.0,149.12,03/09/2025 05:22:09,13.010458333333334,80.00393666666666,00393666666666,2025-09-04T23:20:03.872272
TN 87 1040,7428,0.0,0.0,149.12,03/09/2025 05:21:57,13.010458333333334,80.00393666666666,00393666666666,2025-09-04T23:20:03.872427
TN 87 1040,7428,0.0,0.0,149.14,03/09/2025 05:21:47,13.010458333333334,80.00393666666666,00393666666666,2025-09-04T23:20:03.872596
TN 87 1040,7428,0.0,0.0,149.14,03/09/2025 05:21:37,13.010458333333334,80.00393666666666,00393666666666,2025-09-04T23:20:03.872754
TN 87 1040,7428,0.0,0.0,149.14,03/09/2025 05:21:28,13.010458333333334,80.00393666666666,00393666666666,2025-09-04T23:20:03.872897
TN 87 1040,7428,0.0,0.0,149.13,03/09/2025 05:21:17,13.010458333333334,80.00393666666666,00393666666666,2025-09-04T23:20:03.873052
TN 87 1040,7428,0.0,0.0,149.13,03/09/2025 05:21:10,13.010458333333334,80.00393666666666,00393666666666,2025-09-04T23:20:03.873222
TN 87 1040,7428,0.0,0.0,149.14,03/09/2025 05:20:58,13.010458333333334,80.00393666666666,00393666666666,2025-09-04T23:20:03.873383
TN 87 1040,7428,0.0,0.0,149.14,03/09/2025 05:20:48,13.010458333333334,80.00393666666666,00393666666666,2025-09-04T23:20:03.873586
TN 87 1040,7428,0.0,0.0,149.14,03/09/2025 05:20:39,13.010458333333334,80.00393666666666,00393666666666,2025-09-04T23:20:03.873759
TN 87 1040,7428,0.0,0.0,149.14,03/09/2025 05:20:28,13.010458333333334,80.00393666666666,00393666666666,2025-09-04T23:20:03.873979
TN 87 1040,7428,0.0,0.0,149.16,03/09/2025 05:20:18,13.010458333333334,80.00393666666666,00393666666666,2025-09-04T23:20:03.874176
TN 87 1040,7428,0.0,0.0,149.16,03/09/2025 05:20:12,13.010458333333334,80.00393666666666,00393666666666,2025-09-04T23:20:03.874347
TN 87 1040,7428,0.0,0.0,149.16,03/09/2025 05:19:59,13.010458333333334,80.00393666666666,00393666666666,2025-09-04T23:20:03.874536
TN 87 1040,7428,0.0,0.0,149.16,03/09/2025 05:19:50,13.010458333333334,80.00393666666666,00393666666666,2025-09-04T23:20:03.874711
TN 87 1040,7428,0.0,0.0,149.16,03/09/2025 05:19:39,13.010458333333334,80.00393666666666,00393666666666,2025-09-04T23:20:03.874874
TN 87 1040,7428,0.0,0.0,149.17,03/09/2025 05:19:29,13.010458333333334,80.00393666666666,00393666666666,2025-09-04T23:20:03.875041
TN 87 1040,7428,0.0,0.0,149.15,03/09/2025 05:19:19,13.010458333333334,80.00393666666666,00393666666666,2025-09-04T23:20:03.875208
TN 87 1040,7428,0.0,0.0,149.15,03/09/2025 05:19:12,13.010458333333334,80.00393666666666,00393666666666,2025-09-04T23:20:03.875375
TN 87 1040,7428,0.0,0.0,149.18,03/09/2025 05:17:37,13.010438333333333,80.00381166666666,00381166666666,2025-09-04T23:20:03.875558
TN 87 1040,7428,0.0,0.0,149.16,03/09/2025 05:17:26,13.010438333333333,80.00381166666666,00381166666666,2025-09-04T23:20:03.875721
TN 87 1040,7428,0.0,0.0,149.16,03/09/2025 05:17:16,13.010438333333333,80.00381166666666,00381166666666,2025-09-04T23:20:03.875881
TN 87 1040,7428,0.0,0.0,149.17,03/09/2025 05:17:07,13.010438333333333,80.00381166666666,00381166666666,2025-09-04T23:20:03.876074
TN 87 1040,7428,0.0,0.0,149.17,03/09/2025 05:17:00,13.010438333333333,80.00381166666666,00381166666666,2025-09-04T23:20:03.876267
TN 87 1040,7428,0.0,0.0,149.17,03/09/2025 05:16:48,13.010438333333333,80.00381166666666,00381166666666,2025-09-04T23:20:03.876465
TN 87 1040,7428,0.0,0.0,149.16,03/09/2025 05:16:37,13.010438333333333,80.00381166666666,00381166666666,2025-09-04T23:20:03.876666
TN 87 1040,7428,0.0,0.0,149.18,03/09/2025 05:16:27,13.010438333333333,80.00381166666666,00381166666666,2025-09-04T23:20:03.876880
TN 87 1040,7428,0.0,0.0,149.18,03/09/2025 05:16:17,13.010438333333333,80.00381166666666,00381166666666,2025-09-04T23:20:03.877101
TN 87 1040,7428,0.0,0.0,149.17,03/09/2025 05:16:08,13.010438333333333,80.00381166666666,00381166666666,2025-09-04T23:20:03.877287
TN 87 1040,7428,0.0,0.0,149.16,03/09/2025 05:16:01,13.010438333333333,80.00381166666666,00381166666666,2025-09-04T23:20:03.877464
TN 87 1040,7428,0.0,0.0,149.16,03/09/2025 05:15:48,13.010438333333333,80.00381166666666,00381166666666,2025-09-04T23:20:03.877652
TN 87 1040,7428,0.0,0.0,149.16,03/09/2025 05:15:38,13.010438333333333,80.00381166666666,00381166666666,2025-09-04T23:20:03.877821
TN 87 1040,7428,0.0,0.0,149.16,03/09/2025 05:15:28,13.010438333333333,80.00381166666666,00381166666666,2025-09-04T23:20:03.878009
TN 87 1040,7428,0.0,0.0,149.19,03/09/2025 05:15:18,13.010438333333333,80.00381166666666,00381166666666,2025-09-04T23:20:03.878173
TN 87 1040,7428,0.0,0.0,149.19,03/09/2025 05:15:09,13.010438333333333,80.00381166666666,00381166666666,2025-09-04T23:20:03.878341
TN 87 1040,7428,0.0,0.0,149.17,03/09/2025 05:15:02,13.010438333333333,80.00381166666666,00381166666666,2025-09-04T23:20:03.878504
TN 87 1040,7428,0.0,0.0,149.19,03/09/2025 05:14:49,13.010438333333333,80.00381166666666,00381166666666,2025-09-04T23:20:03.878691
TN 87 1040,7428,0.0,0.0,149.19,03/09/2025 05:14:39,13.010438333333333,80.00381166666666,00381166666666,2025-09-04T23:20:03.878894
TN 87 1040,7428,0.0,0.0,149.18,03/09/2025 05:14:29,13.010438333333333,80.00381166666666,00381166666666,2025-09-04T23:20:03.879086
TN 87 1040,7428,0.0,0.0,149.19,03/09/2025 05:14:20,13.010438333333333,80.00381166666666,00381166666666,2025-09-04T23:20:03.879260
TN 87 1040,7428,0.0,0.0,149.2,03/09/2025 05:14:10,13.010438333333333,80.00381166666666,00381166666666,2025-09-04T23:20:03.879431
TN 87 1040,7428,0.0,0.0,149.2,03/09/2025 05:14:02,13.010438333333333,80.00381166666666,00381166666666,2025-09-04T23:20:03.879590
TN 87 1040,7428,0.0,0.0,149.2,03/09/2025 05:13:50,13.010438333333333,80.00381166666666,00381166666666,2025-09-04T23:20:03.879758
TN 87 1040,7428,0.0,0.0,149.18,03/09/2025 05:13:40,13.010438333333333,80.00381166666666,00381166666666,2025-09-04T23:20:03.880038
TN 87 1040,7428,0.0,0.0,149.19,03/09/2025 05:13:31,13.010438333333333,80.00381166666666,00381166666666,2025-09-04T23:20:03.880244
TN 87 1040,7428,0.0,0.0,149.19,03/09/2025 05:13:20,13.010438333333333,80.00381166666666,00381166666666,2025-09-04T23:20:03.880427
TN 87 1040,7428,0.0,0.0,149.2,03/09/2025 05:13:10,13.010438333333333,80.00381166666666,00381166666666,2025-09-04T23:20:03.880622
TN 87 1040,7428,0.0,0.0,149.2,03/09/2025 05:13:05,13.010438333333333,80.00381166666666,00381166666666,2025-09-04T23:20:03.880808
TN 87 1040,7428,0.0,0.0,149.2,03/09/2025 05:12:51,13.010438333333333,80.00381166666666,00381166666666,2025-09-04T23:20:03.880972
TN 87 1040,7428,0.0,0.0,149.2,03/09/2025 05:12:41,13.010438333333333,80.00381166666666,00381166666666,2025-09-04T23:20:03.881151
TN 87 1040,7428,0.0,0.0,149.18,03/09/2025 05:12:31,13.010438333333333,80.00381166666666,00381166666666,2025-09-04T23:20:03.881307
TN 87 1040,7428,0.0,0.0,149.18,03/09/2025 05:12:21,13.010438333333333,80.00381166666666,00381166666666,2025-09-04T23:20:03.881475
TN 87 1040,7428,0.0,0.0,149.2,03/09/2025 05:12:11,13.010438333333333,80.00381166666666,00381166666666,2025-09-04T23:20:03.881662
TN 87 1040,7428,0.0,0.0,149.2,03/09/2025 05:12:06,13.010438333333333,80.00381166666666,00381166666666,2025-09-04T23:20:03.881838
TN 87 1040,7428,0.0,0.0,149.22,03/09/2025 05:11:52,13.010438333333333,80.00381166666666,00381166666666,2025-09-04T23:20:03.882010
TN 87 1040,7428,0.0,0.0,149.21,03/09/2025 05:11:42,13.010438333333333,80.00381166666666,00381166666666,2025-09-04T23:20:03.882229
TN 87 1040,7428,0.0,0.0,149.2,03/09/2025 05:11:32,13.010438333333333,80.00381166666666,00381166666666,2025-09-04T23:20:03.882437
TN 87 1040,7428,0.0,0.0,149.2,03/09/2025 05:11:22,13.010438333333333,80.00381166666666,00381166666666,2025-09-04T23:20:03.882699
TN 87 1040,7428,0.0,0.0,149.21,03/09/2025 05:11:12,13.010438333333333,80.00381166666666,00381166666666,2025-09-04T23:20:03.882924
TN 87 1040,7428,0.0,0.0,149.2,03/09/2025 05:11:05,13.010438333333333,80.00381166666666,00381166666666,2025-09-04T23:20:03.883137
TN 87 1040,7428,0.0,0.0,149.2,03/09/2025 05:10:53,13.010438333333333,80.00381166666666,00381166666666,2025-09-04T23:20:03.883363
TN 87 1040,7428,0.0,0.0,149.2,03/09/2025 05:10:43,13.010438333333333,80.00381166666666,00381166666666,2025-09-04T23:20:03.883597
TN 87 1040,7428,0.0,0.0,149.2,03/09/2025 05:10:33,13.010438333333333,80.00381166666666,00381166666666,2025-09-04T23:20:03.883791
TN 87 1040,7428,0.0,0.0,149.2,03/09/2025 05:10:23,13.010438333333333,80.00381166666666,00381166666666,2025-09-04T23:20:03.883996
TN 87 1040,7428,0.0,0.0,149.2,03/09/2025 05:10:13,13.010438333333333,80.00381166666666,00381166666666,2025-09-04T23:20:03.884198
TN 87 1040,7428,0.0,0.0,149.23,03/09/2025 05:10:06,13.010438333333333,80.00381166666666,00381166666666,2025-09-04T23:20:03.884388
TN 87 1040,7428,0.0,0.0,149.23,03/09/2025 05:09:54,13.010438333333333,80.00381166666666,00381166666666,2025-09-04T23:20:03.884568
TN 87 1040,7428,0.0,0.0,149.23,03/09/2025 05:09:44,13.010438333333333,80.00381166666666,00381166666666,2025-09-04T23:20:03.884738
TN 87 1040,7428,0.0,0.0,149.21,03/09/2025 05:09:34,13.010438333333333,80.00381166666666,00381166666666,2025-09-04T23:20:03.884900
TN 87 1040,7428,0.0,0.0,149.22,03/09/2025 05:09:24,13.010438333333333,80.00381166666666,00381166666666,2025-09-04T23:20:03.885064
TN 87 1040,7428,0.0,0.0,149.22,03/09/2025 05:09:15,13.010438333333333,80.00381166666666,00381166666666,2025-09-04T23:20:03.885234
TN 87 1040,7428,0.0,0.0,149.22,03/09/2025 05:09:07,13.010438333333333,80.00381166666666,00381166666666,2025-09-04T23:20:03.885404
TN 87 1040,7428,0.0,0.0,149.24,03/09/2025 05:08:55,13.010438333333333,80.00381166666666,00381166666666,2025-09-04T23:20:03.885614
TN 87 1040,7428,0.0,0.0,149.24,03/09/2025 05:08:45,13.010438333333333,80.00381166666666,00381166666666,2025-09-04T23:20:03.885823
TN 87 1040,7428,0.0,0.0,149.25,03/09/2025 05:08:35,13.010438333333333,80.00381166666666,00381166666666,2025-09-04T23:20:03.886037
TN 87 1040,7428,0.0,0.0,149.23,03/09/2025 05:08:26,13.010438333333333,80.00381166666666,00381166666666,2025-09-04T23:20:03.886238
TN 87 1040,7428,0.0,0.0,149.24,03/09/2025 05:08:15,13.010438333333333,80.00381166666666,00381166666666,2025-09-04T23:20:03.886415
TN 87 1040,7428,0.0,0.0,149.25,03/09/2025 05:08:08,13.010438333333333,80.00381166666666,00381166666666,2025-09-04T23:20:03.886578
TN 87 1040,7428,0.0,0.0,149.26,03/09/2025 05:07:55,13.010438333333333,80.00381166666666,00381166666666,2025-09-04T23:20:03.886758
TN 87 1040,7428,0.0,0.0,149.22,03/09/2025 05:07:46,13.010438333333333,80.00381166666666,00381166666666,2025-09-04T23:20:03.886946
TN 87 1040,7428,0.0,0.0,149.23,03/09/2025 05:07:37,13.010438333333333,80.00381166666666,00381166666666,2025-09-04T23:20:03.887123
TN 87 1040,7428,0.0,0.0,149.23,03/09/2025 05:07:26,13.010438333333333,80.00381166666666,00381166666666,2025-09-04T23:20:03.887283
TN 87 1040,7428,0.0,0.0,149.23,03/09/2025 05:07:16,13.010438333333333,80.00381166666666,00381166666666,2025-09-04T23:20:03.887453
TN 87 1040,7428,0.0,0.0,149.23,03/09/2025 05:07:10,13.010438333333333,80.00381166666666,00381166666666,2025-09-04T23:20:03.887639
TN 87 1040,7428,0.0,0.0,149.22,03/09/2025 05:06:56,13.010438333333333,80.00381166666666,00381166666666,2025-09-04T23:20:03.887803
TN 87 1040,7428,0.0,0.0,149.22,03/09/2025 05:06:47,13.010438333333333,80.00381166666666,00381166666666,2025-09-04T23:20:03.887961
TN 87 1040,7428,0.0,0.0,149.22,03/09/2025 05:06:37,13.010438333333333,80.00381166666666,00381166666666,2025-09-04T23:20:03.888125
TN 87 1040,7428,0.0,0.0,149.25,03/09/2025 05:06:27,13.010438333333333,80.00381166666666,00381166666666,2025-09-04T23:20:03.888291
TN 87 1040,7428,0.0,0.0,149.25,03/09/2025 05:06:17,13.010438333333333,80.00381166666666,00381166666666,2025-09-04T23:20:03.888472
TN 87 1040,7428,0.0,0.0,149.25,03/09/2025 05:06:10,13.010438333333333,80.00381166666666,00381166666666,2025-09-04T23:20:03.888661
TN 87 1040,7428,0.0,0.0,149.24,03/09/2025 05:05:58,13.010438333333333,80.00381166666666,00381166666666,2025-09-04T23:20:03.888845
TN 87 1040,7428,0.0,0.0,149.23,03/09/2025 05:05:48,13.010438333333333,80.00381166666666,00381166666666,2025-09-04T23:20:03.889030
TN 87 1040,7428,0.0,0.0,149.23,03/09/2025 05:05:38,13.010438333333333,80.00381166666666,00381166666666,2025-09-04T23:20:03.889177
TN 87 1040,7428,0.0,0.0,149.24,03/09/2025 05:05:28,13.010438333333333,80.00381166666666,00381166666666,2025-09-04T23:20:03.889347
TN 87 1040,7428,0.0,0.0,149.24,03/09/2025 05:05:18,13.010438333333333,80.00381166666666,00381166666666,2025-09-04T23:20:03.889504
TN 87 1040,7428,0.0,0.0,149.23,03/09/2025 05:05:11,13.010438333333333,80.00381166666666,00381166666666,2025-09-04T23:20:03.889658
TN 87 1040,7428,0.0,0.0,149.24,03/09/2025 05:04:58,13.010438333333333,80.00381166666666,00381166666666,2025-09-04T23:20:03.889862
TN 87 1040,7428,0.0,0.0,149.23,03/09/2025 05:04:48,13.010438333333333,80.00381166666666,00381166666666,2025-09-04T23:20:03.890069
TN 87 1040,7428,0.0,0.0,149.23,03/09/2025 05:04:39,13.010438333333333,80.00381166666666,00381166666666,2025-09-04T23:20:03.890275
TN 87 1040,7428,0.0,0.0,149.24,03/09/2025 05:04:29,13.010438333333333,80.00381166666666,00381166666666,2025-09-04T23:20:03.890473
TN 87 1040,7428,0.0,0.0,149.26,03/09/2025 05:04:20,13.010438333333333,80.00381166666666,00381166666666,2025-09-04T23:20:03.890675
TN 87 1040,7428,0.0,0.0,149.26,03/09/2025 05:04:12,13.010438333333333,80.00381166666666,00381166666666,2025-09-04T23:20:03.890851
TN 87 1040,7428,0.0,0.0,149.27,03/09/2025 05:03:59,13.010438333333333,80.00381166666666,00381166666666,2025-09-04T23:20:03.891055
TN 87 1040,7428,0.0,0.0,149.27,03/09/2025 05:03:49,13.010438333333333,80.00381166666666,00381166666666,2025-09-04T23:20:03.891248
TN 87 1040,7428,0.0,0.0,149.27,03/09/2025 05:03:40,13.010438333333333,80.00381166666666,00381166666666,2025-09-04T23:20:03.891424
TN 87 1040,7428,0.0,0.0,149.27,03/09/2025 05:03:30,13.010438333333333,80.00381166666666,00381166666666,2025-09-04T23:20:03.891615
TN 87 1040,7428,0.0,0.0,149.27,03/09/2025 05:03:20,13.010438333333333,80.00381166666666,00381166666666,2025-09-04T23:20:03.891781
TN 87 1040,7428,0.0,0.0,149.27,03/09/2025 05:03:13,13.010438333333333,80.00381166666666,00381166666666,2025-09-04T23:20:03.891984
TN 87 1040,7428,0.0,0.0,149.28,03/09/2025 05:03:00,13.010438333333333,80.00381166666666,00381166666666,2025-09-04T23:20:03.892169
TN 87 1040,7428,0.0,0.0,149.29,03/09/2025 05:02:50,13.010438333333333,80.00381166666666,00381166666666,2025-09-04T23:20:03.892359
TN 87 1040,7428,0.0,0.0,149.26,03/09/2025 05:02:41,13.010438333333333,80.00381166666666,00381166666666,2025-09-04T23:20:03.892539
TN 87 1040,7428,0.0,0.0,149.27,03/09/2025 05:02:31,13.010438333333333,80.00381166666666,00381166666666,2025-09-04T23:20:03.892717
TN 87 1040,7428,0.0,0.0,149.27,03/09/2025 05:02:21,13.010438333333333,80.00381166666666,00381166666666,2025-09-04T23:20:03.892894
TN 87 1040,7428,0.0,0.0,149.28,03/09/2025 05:02:15,13.010438333333333,80.00381166666666,00381166666666,2025-09-04T23:20:03.893051
TN 87 1040,7428,0.0,0.0,149.28,03/09/2025 05:02:01,13.010438333333333,80.00381166666666,00381166666666,2025-09-04T23:20:03.893276
TN 87 1040,7428,0.0,0.0,149.28,03/09/2025 05:01:52,13.010438333333333,80.00381166666666,00381166666666,2025-09-04T23:20:03.893465
TN 87 1040,7428,0.0,0.0,149.27,03/09/2025 05:01:42,13.010438333333333,80.00381166666666,00381166666666,2025-09-04T23:20:03.893676
TN 87 1040,7428,0.0,0.0,149.27,03/09/2025 05:01:32,13.010438333333333,80.00381166666666,00381166666666,2025-09-04T23:20:03.893858
TN 87 1040,7428,0.0,0.0,149.28,03/09/2025 05:01:22,13.010438333333333,80.00381166666666,00381166666666,2025-09-04T23:20:03.894049
TN 87 1040,7428,0.0,0.0,149.29,03/09/2025 05:01:16,13.010438333333333,80.00381166666666,00381166666666,2025-09-04T23:20:03.894241
TN 87 1040,7428,0.0,0.0,149.28,03/09/2025 05:01:02,13.010438333333333,80.00381166666666,00381166666666,2025-09-04T23:20:03.894442
TN 87 1040,7428,0.0,0.0,149.28,03/09/2025 05:00:52,13.010438333333333,80.00381166666666,00381166666666,2025-09-04T23:20:03.894630
TN 87 1040,7428,0.0,0.0,149.27,03/09/2025 05:00:42,13.010438333333333,80.00381166666666,00381166666666,2025-09-04T23:20:03.894841
TN 87 1040,7428,0.0,0.0,149.28,03/09/2025 05:00:33,13.010438333333333,80.00381166666666,00381166666666,2025-09-04T23:20:03.895044
TN 87 1040,7428,0.0,0.0,149.28,03/09/2025 05:00:23,13.010438333333333,80.00381166666666,00381166666666,2025-09-04T23:20:03.895247
TN 87 1040,7428,0.0,0.0,149.28,03/09/2025 05:00:16,13.010438333333333,80.00381166666666,00381166666666,2025-09-04T23:20:03.895452
TN 87 1040,7428,0.0,0.0,149.29,03/09/2025 05:00:03,13.010438333333333,80.00381166666666,00381166666666,2025-09-04T23:20:03.895650
TN 87 1040,7428,0.0,0.0,149.29,03/09/2025 04:59:53,13.010438333333333,80.00381166666666,00381166666666,2025-09-04T23:20:03.895855
TN 87 1040,7428,0.0,0.0,149.29,03/09/2025 04:59:43,13.010438333333333,80.00381166666666,00381166666666,2025-09-04T23:20:03.896040
TN 87 1040,7428,0.0,0.0,149.29,03/09/2025 04:59:34,13.010438333333333,80.00381166666666,00381166666666,2025-09-04T23:20:03.896220
TN 87 1040,7428,0.0,0.0,149.29,03/09/2025 04:59:24,13.010438333333333,80.00381166666666,00381166666666,2025-09-04T23:20:03.896414
TN 87 1040,7428,0.0,0.0,149.29,03/09/2025 04:59:17,13.010438333333333,80.00381166666666,00381166666666,2025-09-04T23:20:03.896591
TN 87 1040,7428,0.0,0.0,149.3,03/09/2025 04:59:04,13.010438333333333,80.00381166666666,00381166666666,2025-09-04T23:20:03.896782
TN 87 1040,7428,0.0,0.0,149.3,03/09/2025 04:58:54,13.010438333333333,80.00381166666666,00381166666666,2025-09-04T23:20:03.896953
TN 87 1040,7428,0.0,0.0,149.31,03/09/2025 04:58:44,13.010438333333333,80.00381166666666,00381166666666,2025-09-04T23:20:03.897143
TN 87 1040,7428,0.0,0.0,149.32,03/09/2025 04:58:35,13.010438333333333,80.00381166666666,00381166666666,2025-09-04T23:20:03.897333
TN 87 1040,7428,0.0,0.0,149.3,03/09/2025 04:58:26,13.010438333333333,80.00381166666666,00381166666666,2025-09-04T23:20:03.897507
TN 87 1040,7428,0.0,0.0,149.29,03/09/2025 04:58:18,13.010438333333333,80.00381166666666,00381166666666,2025-09-04T23:20:03.897680
TN 87 1040,7428,0.0,0.0,149.3,03/09/2025 04:58:05,13.010438333333333,80.00381166666666,00381166666666,2025-09-04T23:20:03.897843
TN 87 1040,7428,0.0,0.0,149.31,03/09/2025 04:57:55,13.010438333333333,80.00381166666666,00381166666666,2025-09-04T23:20:03.898016
TN 87 1040,7428,0.0,0.0,149.32,03/09/2025 04:57:45,13.010438333333333,80.00381166666666,00381166666666,2025-09-04T23:20:03.898186
TN 87 1040,7428,0.0,0.0,149.31,03/09/2025 04:57:36,13.010438333333333,80.00381166666666,00381166666666,2025-09-04T23:20:03.898347
TN 87 1040,7428,0.0,0.0,149.32,03/09/2025 04:57:26,13.010438333333333,80.00381166666666,00381166666666,2025-09-04T23:20:03.898514
TN 87 1040,7428,0.0,0.0,149.32,03/09/2025 04:57:19,13.010438333333333,80.00381166666666,00381166666666,2025-09-04T23:20:03.898683
TN 87 1040,7428,0.0,0.0,149.31,03/09/2025 04:57:06,13.010438333333333,80.00381166666666,00381166666666,2025-09-04T23:20:03.898855
TN 87 1040,7428,0.0,0.0,149.31,03/09/2025 04:56:56,13.010438333333333,80.00381166666666,00381166666666,2025-09-04T23:20:03.899026
TN 87 1040,7428,0.0,0.0,149.31,03/09/2025 04:56:47,13.010438333333333,80.00381166666666,00381166666666,2025-09-04T23:20:03.899192
TN 87 1040,7428,0.0,0.0,149.33,03/09/2025 04:56:36,13.010438333333333,80.00381166666666,00381166666666,2025-09-04T23:20:03.899425
TN 87 1040,7428,0.0,0.0,149.31,03/09/2025 04:56:27,13.010438333333333,80.00381166666666,00381166666666,2025-09-04T23:20:03.899592
TN 87 1040,7428,0.0,0.0,149.31,03/09/2025 04:56:21,13.010438333333333,80.00381166666666,00381166666666,2025-09-04T23:20:03.899764
TN 87 1040,7428,0.0,0.0,149.31,03/09/2025 04:56:07,13.010438333333333,80.00381166666666,00381166666666,2025-09-04T23:20:03.899933
TN 87 1040,7428,0.0,0.0,149.31,03/09/2025 04:55:58,13.010438333333333,80.00381166666666,00381166666666,2025-09-04T23:20:03.900100
TN 87 1040,7428,0.0,0.0,149.32,03/09/2025 04:55:47,13.010438333333333,80.00381166666666,00381166666666,2025-09-04T23:20:03.900297
TN 87 1040,7428,0.0,0.0,149.33,03/09/2025 04:55:37,13.010438333333333,80.00381166666666,00381166666666,2025-09-04T23:20:03.900479
TN 87 1040,7428,0.0,0.0,149.32,03/09/2025 04:55:28,13.010438333333333,80.00381166666666,00381166666666,2025-09-04T23:20:03.900709
TN 87 1040,7428,0.0,0.0,149.32,03/09/2025 04:55:20,13.010438333333333,80.00381166666666,00381166666666,2025-09-04T23:20:03.900938
TN 87 1040,7428,0.0,0.0,149.33,03/09/2025 04:55:08,13.010438333333333,80.00381166666666,00381166666666,2025-09-04T23:20:03.901144
TN 87 1040,7428,0.0,0.0,149.33,03/09/2025 04:54:58,13.010438333333333,80.00381166666666,00381166666666,2025-09-04T23:20:03.901293
TN 87 1040,7428,0.0,0.0,149.32,03/09/2025 04:54:48,13.010438333333333,80.00381166666666,00381166666666,2025-09-04T23:20:03.901482
TN 87 1040,7428,0.0,0.0,149.33,03/09/2025 04:54:38,13.010438333333333,80.00381166666666,00381166666666,2025-09-04T23:20:03.901674
TN 87 1040,7428,0.0,0.0,149.33,03/09/2025 04:54:28,13.010438333333333,80.00381166666666,00381166666666,2025-09-04T23:20:03.901861
TN 87 1040,7428,0.0,0.0,149.33,03/09/2025 04:54:22,13.010438333333333,80.00381166666666,00381166666666,2025-09-04T23:20:03.902050
TN 87 1040,7428,0.0,0.0,149.33,03/09/2025 04:54:09,13.010438333333333,80.00381166666666,00381166666666,2025-09-04T23:20:03.902212
TN 87 1040,7428,0.0,0.0,149.35,03/09/2025 04:53:59,13.010438333333333,80.00381166666666,00381166666666,2025-09-04T23:20:03.902371
TN 87 1040,7428,0.0,0.0,149.34,03/09/2025 04:53:49,13.010438333333333,80.00381166666666,00381166666666,2025-09-04T23:20:03.902551
TN 87 1040,7428,0.0,0.0,149.33,03/09/2025 04:53:39,13.010438333333333,80.00381166666666,00381166666666,2025-09-04T23:20:03.902713
TN 87 1040,7428,0.0,0.0,149.33,03/09/2025 04:53:30,13.010438333333333,80.00381166666666,00381166666666,2025-09-04T23:20:03.902884
TN 87 1040,7428,0.0,0.0,149.33,03/09/2025 04:53:22,13.010438333333333,80.00381166666666,00381166666666,2025-09-04T23:20:03.903049
TN 87 1040,7428,0.0,0.0,149.34,03/09/2025 04:53:10,13.010438333333333,80.00381166666666,00381166666666,2025-09-04T23:20:03.903214
TN 87 1040,7428,0.0,0.0,149.34,03/09/2025 04:53:00,13.010438333333333,80.00381166666666,00381166666666,2025-09-04T23:20:03.903376
TN 87 1040,7428,0.0,0.0,149.35,03/09/2025 04:52:50,13.010438333333333,80.00381166666666,00381166666666,2025-09-04T23:20:03.903545
TN 87 1040,7428,0.0,0.0,149.35,03/09/2025 04:52:41,13.010438333333333,80.00381166666666,00381166666666,2025-09-04T23:20:03.903730
TN 87 1040,7428,0.0,0.0,149.34,03/09/2025 04:52:30,13.010438333333333,80.00381166666666,00381166666666,2025-09-04T23:20:03.903923
TN 87 1040,7428,0.0,0.0,149.33,03/09/2025 04:52:23,13.010438333333333,80.00381166666666,00381166666666,2025-09-04T23:20:03.904088
TN 87 1040,7428,0.0,0.0,149.35,03/09/2025 04:52:11,13.010438333333333,80.00381166666666,00381166666666,2025-09-04T23:20:03.904257
TN 87 1040,7428,0.0,0.0,149.35,03/09/2025 04:52:01,13.010438333333333,80.00381166666666,00381166666666,2025-09-04T23:20:03.904427
TN 87 1040,7428,0.0,0.0,149.36,03/09/2025 04:51:51,13.010438333333333,80.00381166666666,00381166666666,2025-09-04T23:20:03.904588
TN 87 1040,7428,0.0,0.0,149.34,03/09/2025 04:51:41,13.010438333333333,80.00381166666666,00381166666666,2025-09-04T23:20:03.904758
TN 87 1040,7428,0.0,0.0,149.34,03/09/2025 04:51:31,13.010438333333333,80.00381166666666,00381166666666,2025-09-04T23:20:03.904930
TN 87 1040,7428,0.0,0.0,149.34,03/09/2025 04:51:25,13.010438333333333,80.00381166666666,00381166666666,2025-09-04T23:20:03.905090
TN 87 1040,7428,0.0,0.0,149.34,03/09/2025 04:51:12,13.010438333333333,80.00381166666666,00381166666666,2025-09-04T23:20:03.905257
TN 87 1040,7428,0.0,0.0,149.35,03/09/2025 04:51:02,13.010438333333333,80.00381166666666,00381166666666,2025-09-04T23:20:03.905416
TN 87 1040,7428,0.0,0.0,149.35,03/09/2025 04:50:52,13.010438333333333,80.00381166666666,00381166666666,2025-09-04T23:20:03.905573
TN 87 1040,7428,0.0,0.0,149.35,03/09/2025 04:50:42,13.010438333333333,80.00381166666666,00381166666666,2025-09-04T23:20:03.905754
TN 87 1040,7428,0.0,0.0,149.34,03/09/2025 04:50:32,13.010438333333333,80.00381166666666,00381166666666,2025-09-04T23:20:03.905953
TN 87 1040,7428,0.0,0.0,149.34,03/09/2025 04:50:26,13.010438333333333,80.00381166666666,00381166666666,2025-09-04T23:20:03.906160
TN 87 1040,7428,0.0,0.0,149.35,03/09/2025 04:50:13,13.010438333333333,80.00381166666666,00381166666666,2025-09-04T23:20:03.906634
TN 87 1040,7428,0.0,0.0,149.36,03/09/2025 04:50:03,13.010438333333333,80.00381166666666,00381166666666,2025-09-04T23:20:03.906840
TN 87 1040,7428,0.0,0.0,149.35,03/09/2025 04:49:53,13.010438333333333,80.00381166666666,00381166666666,2025-09-04T23:20:03.907017
TN 87 1040,7428,0.0,0.0,149.35,03/09/2025 04:49:43,13.010438333333333,80.00381166666666,00381166666666,2025-09-04T23:20:03.907198
TN 87 1040,7428,0.0,0.0,149.37,03/09/2025 04:49:33,13.010438333333333,80.00381166666666,00381166666666,2025-09-04T23:20:03.907403
TN 87 1040,7428,0.0,0.0,149.37,03/09/2025 04:49:26,13.010438333333333,80.00381166666666,00381166666666,2025-09-04T23:20:03.907619
TN 87 1040,7428,0.0,0.0,149.38,03/09/2025 04:49:15,13.010438333333333,80.00381166666666,00381166666666,2025-09-04T23:20:03.907852
TN 87 1040,7428,0.0,0.0,149.35,03/09/2025 04:49:04,13.010438333333333,80.00381166666666,00381166666666,2025-09-04T23:20:03.908083
TN 87 1040,7428,0.0,0.0,149.35,03/09/2025 04:48:54,13.010438333333333,80.00381166666666,00381166666666,2025-09-04T23:20:03.908323
TN 87 1040,7428,0.0,0.0,149.36,03/09/2025 04:48:44,13.010438333333333,80.00381166666666,00381166666666,2025-09-04T23:20:03.908545
TN 87 1040,7428,0.0,0.0,149.37,03/09/2025 04:48:34,13.010438333333333,80.00381166666666,00381166666666,2025-09-04T23:20:03.908762
TN 87 1040,7428,0.0,0.0,149.37,03/09/2025 04:48:27,13.010438333333333,80.00381166666666,00381166666666,2025-09-04T23:20:03.908940
TN 87 1040,7428,0.0,0.0,149.37,03/09/2025 04:48:14,13.010438333333333,80.00381166666666,00381166666666,2025-09-04T23:20:03.909125
TN 87 1040,7428,0.0,0.0,149.38,03/09/2025 04:48:05,13.010438333333333,80.00381166666666,00381166666666,2025-09-04T23:20:03.909305
TN 87 1040,7428,0.0,0.0,149.38,03/09/2025 04:47:55,13.010438333333333,80.00381166666666,00381166666666,2025-09-04T23:20:03.909479
TN 87 1040,7428,0.0,0.0,149.36,03/09/2025 04:47:45,13.010438333333333,80.00381166666666,00381166666666,2025-09-04T23:20:03.909641
TN 87 1040,7428,0.0,0.0,149.37,03/09/2025 04:47:36,13.010438333333333,80.00381166666666,00381166666666,2025-09-04T23:20:03.909818
TN 87 1040,7428,0.0,0.0,149.38,03/09/2025 04:47:28,13.010438333333333,80.00381166666666,00381166666666,2025-09-04T23:20:03.909991
TN 87 1040,7428,0.0,0.0,149.38,03/09/2025 04:47:15,13.010438333333333,80.00381166666666,00381166666666,2025-09-04T23:20:03.910162
TN 87 1040,7428,0.0,0.0,149.39,03/09/2025 04:47:06,13.010438333333333,80.00381166666666,00381166666666,2025-09-04T23:20:03.910334
TN 87 1040,7428,0.0,0.0,149.39,03/09/2025 04:46:56,13.010438333333333,80.00381166666666,00381166666666,2025-09-04T23:20:03.910498
TN 87 1040,7428,0.0,0.0,149.39,03/09/2025 04:46:47,13.010438333333333,80.00381166666666,00381166666666,2025-09-04T23:20:03.910686
TN 87 1040,7428,0.0,0.0,149.4,03/09/2025 04:46:36,13.010438333333333,80.00381166666666,00381166666666,2025-09-04T23:20:03.910880
TN 87 1040,7428,0.0,0.0,149.39,03/09/2025 04:46:29,13.010438333333333,80.00381166666666,00381166666666,2025-09-04T23:20:03.911082
TN 87 1040,7428,0.0,0.0,149.39,03/09/2025 04:46:16,13.010438333333333,80.00381166666666,00381166666666,2025-09-04T23:20:03.911275
TN 87 1040,7428,0.0,0.0,149.39,03/09/2025 04:46:07,13.010438333333333,80.00381166666666,00381166666666,2025-09-04T23:20:03.911466
TN 87 1040,7428,0.0,0.0,149.39,03/09/2025 04:45:57,13.010438333333333,80.00381166666666,00381166666666,2025-09-04T23:20:03.911671
TN 87 1040,7428,0.0,0.0,149.39,03/09/2025 04:45:47,13.010438333333333,80.00381166666666,00381166666666,2025-09-04T23:20:03.911849
TN 87 1040,7428,0.0,0.0,149.38,03/09/2025 04:45:37,13.010438333333333,80.00381166666666,00381166666666,2025-09-04T23:20:03.912030
TN 87 1040,7428,0.0,0.0,149.39,03/09/2025 04:45:31,13.010438333333333,80.00381166666666,00381166666666,2025-09-04T23:20:03.912210
TN 87 1040,7428,0.0,0.0,149.4,03/09/2025 04:45:17,13.010438333333333,80.00381166666666,00381166666666,2025-09-04T23:20:03.912384
TN 87 1040,7428,0.0,0.0,149.4,03/09/2025 04:45:08,13.010438333333333,80.00381166666666,00381166666666,2025-09-04T23:20:03.912549
TN 87 1040,7428,0.0,0.0,149.4,03/09/2025 04:44:58,13.010438333333333,80.00381166666666,00381166666666,2025-09-04T23:20:03.912716
TN 87 1040,7428,0.0,0.0,149.41,03/09/2025 04:44:48,13.010438333333333,80.00381166666666,00381166666666,2025-09-04T23:20:03.912882
TN 87 1040,7428,0.0,0.0,149.41,03/09/2025 04:44:38,13.010438333333333,80.00381166666666,00381166666666,2025-09-04T23:20:03.913045
TN 87 1040,7428,0.0,0.0,149.4,03/09/2025 04:44:31,13.010438333333333,80.00381166666666,00381166666666,2025-09-04T23:20:03.913236
TN 87 1040,7428,0.0,0.0,149.39,03/09/2025 04:44:19,13.010438333333333,80.00381166666666,00381166666666,2025-09-04T23:20:03.913437
TN 87 1040,7428,0.0,0.0,149.39,03/09/2025 04:44:08,13.010438333333333,80.00381166666666,00381166666666,2025-09-04T23:20:03.913613
TN 87 1040,7428,0.0,0.0,149.38,03/09/2025 04:43:59,13.010438333333333,80.00381166666666,00381166666666,2025-09-04T23:20:03.913813
TN 87 1040,7428,0.0,0.0,149.4,03/09/2025 04:43:49,13.010438333333333,80.00381166666666,00381166666666,2025-09-04T23:20:03.914005
TN 87 1040,7428,0.0,0.0,149.41,03/09/2025 04:43:39,13.010438333333333,80.00381166666666,00381166666666,2025-09-04T23:20:03.914191
TN 87 1040,7428,0.0,0.0,149.4,03/09/2025 04:43:32,13.010438333333333,80.00381166666666,00381166666666,2025-09-04T23:20:03.914375
TN 87 1040,7428,0.0,0.0,149.4,03/09/2025 04:43:19,13.010438333333333,80.00381166666666,00381166666666,2025-09-04T23:20:03.914557
TN 87 1040,7428,0.0,0.0,149.39,03/09/2025 04:43:09,13.010438333333333,80.00381166666666,00381166666666,2025-09-04T23:20:03.914715
TN 87 1040,7428,0.0,0.0,149.39,03/09/2025 04:43:00,13.010438333333333,80.00381166666666,00381166666666,2025-09-04T23:20:03.914886
TN 87 1040,7428,0.0,0.0,149.41,03/09/2025 04:42:50,13.010438333333333,80.00381166666666,00381166666666,2025-09-04T23:20:03.915083
TN 87 1040,7428,0.0,0.0,149.42,03/09/2025 04:42:40,13.010438333333333,80.00381166666666,00381166666666,2025-09-04T23:20:03.915294
TN 87 1040,7428,0.0,0.0,149.44,03/09/2025 04:42:33,13.010438333333333,80.00381166666666,00381166666666,2025-09-04T23:20:03.915511
TN 87 1040,7428,0.0,0.0,149.43,03/09/2025 04:42:20,13.010438333333333,80.00381166666666,00381166666666,2025-09-04T23:20:03.915715
TN 87 1040,7428,0.0,0.0,149.42,03/09/2025 04:42:10,13.010438333333333,80.00381166666666,00381166666666,2025-09-04T23:20:03.915911
TN 87 1040,7428,0.0,0.0,149.43,03/09/2025 04:42:00,13.010438333333333,80.00381166666666,00381166666666,2025-09-04T23:20:03.916099
TN 87 1040,7428,0.0,0.0,149.43,03/09/2025 04:41:51,13.010438333333333,80.00381166666666,00381166666666,2025-09-04T23:20:03.916305
TN 87 1040,7428,0.0,0.0,149.43,03/09/2025 04:41:41,13.010438333333333,80.00381166666666,00381166666666,2025-09-04T23:20:03.916499
TN 87 1040,7428,0.0,0.0,149.43,03/09/2025 04:41:34,13.010438333333333,80.00381166666666,00381166666666,2025-09-04T23:20:03.916704
TN 87 1040,7428,0.0,0.0,149.43,03/09/2025 04:41:21,13.010438333333333,80.00381166666666,00381166666666,2025-09-04T23:20:03.916892
TN 87 1040,7428,0.0,0.0,149.43,03/09/2025 04:41:11,13.010438333333333,80.00381166666666,00381166666666,2025-09-04T23:20:03.917040
TN 87 1040,7428,0.0,0.0,149.44,03/09/2025 04:41:02,13.010438333333333,80.00381166666666,00381166666666,2025-09-04T23:20:03.917187
TN 87 1040,7428,0.0,0.0,149.44,03/09/2025 04:40:52,13.010438333333333,80.00381166666666,00381166666666,2025-09-04T23:20:03.917335
TN 87 1040,7428,0.0,0.0,149.44,03/09/2025 04:40:42,13.010438333333333,80.00381166666666,00381166666666,2025-09-04T23:20:03.917480
TN 87 1040,7428,0.0,0.0,149.44,03/09/2025 04:40:36,13.010438333333333,80.00381166666666,00381166666666,2025-09-04T23:20:03.917652
TN 87 1040,7428,0.0,0.0,149.44,03/09/2025 04:40:22,13.010438333333333,80.00381166666666,00381166666666,2025-09-04T23:20:03.917793
TN 87 1040,7428,0.0,0.0,149.45,03/09/2025 04:40:12,13.010438333333333,80.00381166666666,00381166666666,2025-09-04T23:20:03.917954
TN 87 1040,7428,0.0,0.0,149.44,03/09/2025 04:40:02,13.010438333333333,80.00381166666666,00381166666666,2025-09-04T23:20:03.918115
TN 87 1040,7428,0.0,0.0,149.44,03/09/2025 04:39:53,13.010438333333333,80.00381166666666,00381166666666,2025-09-04T23:20:03.918297
TN 87 1040,7428,0.0,0.0,149.43,03/09/2025 04:39:43,13.010438333333333,80.00381166666666,00381166666666,2025-09-04T23:20:03.918437
TN 87 1040,7428,0.0,0.0,149.44,03/09/2025 04:39:37,13.010438333333333,80.00381166666666,00381166666666,2025-09-04T23:20:03.918587
TN 87 1040,7428,0.0,0.0,149.44,03/09/2025 04:39:23,13.010438333333333,80.00381166666666,00381166666666,2025-09-04T23:20:03.918722
TN 87 1040,7428,0.0,0.0,149.44,03/09/2025 04:39:13,13.010438333333333,80.00381166666666,00381166666666,2025-09-04T23:20:03.918874
TN 87 1040,7428,0.0,0.0,149.45,03/09/2025 04:39:03,13.010438333333333,80.00381166666666,00381166666666,2025-09-04T23:20:03.919016
TN 87 1040,7428,0.0,0.0,149.45,03/09/2025 04:38:53,13.010438333333333,80.00381166666666,00381166666666,2025-09-04T23:20:03.919170
TN 87 1040,7428,0.0,0.0,149.45,03/09/2025 04:38:44,13.010438333333333,80.00381166666666,00381166666666,2025-09-04T23:20:03.919305
TN 87 1040,7428,0.0,0.0,149.46,03/09/2025 04:38:37,13.010438333333333,80.00381166666666,00381166666666,2025-09-04T23:20:03.919452
TN 87 1040,7428,0.0,0.0,149.46,03/09/2025 04:38:25,13.010438333333333,80.00381166666666,00381166666666,2025-09-04T23:20:03.919777
TN 87 1040,7428,0.0,0.0,149.46,03/09/2025 04:38:14,13.010438333333333,80.00381166666666,00381166666666,2025-09-04T23:20:03.920053
TN 87 1040,7428,0.0,0.0,149.45,03/09/2025 04:38:04,13.010438333333333,80.00381166666666,00381166666666,2025-09-04T23:20:03.920278
TN 87 1040,7428,0.0,0.0,149.45,03/09/2025 04:37:54,13.010438333333333,80.00381166666666,00381166666666,2025-09-04T23:20:03.920480
TN 87 1040,7428,0.0,0.0,149.46,03/09/2025 04:37:45,13.010438333333333,80.00381166666666,00381166666666,2025-09-04T23:20:03.920698
TN 87 1040,7428,0.0,0.0,149.46,03/09/2025 04:37:38,13.010438333333333,80.00381166666666,00381166666666,2025-09-04T23:20:03.920910
TN 87 1040,7428,0.0,0.0,149.46,03/09/2025 04:37:25,13.010438333333333,80.00381166666666,00381166666666,2025-09-04T23:20:03.921125
TN 87 1040,7428,0.0,0.0,149.46,03/09/2025 04:37:15,13.010438333333333,80.00381166666666,00381166666666,2025-09-04T23:20:03.921355
TN 87 1040,7428,0.0,0.0,149.47,03/09/2025 04:37:05,13.010438333333333,80.00381166666666,00381166666666,2025-09-04T23:20:03.921552
TN 87 1040,7428,0.0,0.0,149.46,03/09/2025 04:36:55,13.010438333333333,80.00381166666666,00381166666666,2025-09-04T23:20:03.921758
TN 87 1040,7428,0.0,0.0,149.46,03/09/2025 04:36:46,13.010438333333333,80.00381166666666,00381166666666,2025-09-04T23:20:03.922046
TN 87 1040,7428,0.0,0.0,149.44,03/09/2025 04:36:38,13.010438333333333,80.00381166666666,00381166666666,2025-09-04T23:20:03.922230
TN 87 1040,7428,0.0,0.0,149.47,03/09/2025 04:36:26,13.010438333333333,80.00381166666666,00381166666666,2025-09-04T23:20:03.922490
TN 87 1040,7428,0.0,0.0,149.47,03/09/2025 04:36:16,13.010438333333333,80.00381166666666,00381166666666,2025-09-04T23:20:03.922669
TN 87 1040,7428,0.0,0.0,149.47,03/09/2025 04:36:06,13.010438333333333,80.00381166666666,00381166666666,2025-09-04T23:20:03.922851
TN 87 1040,7428,0.0,0.0,149.47,03/09/2025 04:35:57,13.010438333333333,80.00381166666666,00381166666666,2025-09-04T23:20:03.923035
TN 87 1040,7428,0.0,0.0,149.47,03/09/2025 04:35:46,13.010438333333333,80.00381166666666,00381166666666,2025-09-04T23:20:03.923212
TN 87 1040,7428,0.0,0.0,149.47,03/09/2025 04:35:39,13.010438333333333,80.00381166666666,00381166666666,2025-09-04T23:20:03.923415
TN 87 1040,7428,0.0,0.0,149.48,03/09/2025 04:35:27,13.010438333333333,80.00381166666666,00381166666666,2025-09-04T23:20:03.923627
TN 87 1040,7428,0.0,0.0,149.46,03/09/2025 04:35:17,13.010438333333333,80.00381166666666,00381166666666,2025-09-04T23:20:03.923827
TN 87 1040,7428,0.0,0.0,149.46,03/09/2025 04:35:08,13.010438333333333,80.00381166666666,00381166666666,2025-09-04T23:20:03.924019
TN 87 1040,7428,0.0,0.0,149.47,03/09/2025 04:34:57,13.010438333333333,80.00381166666666,00381166666666,2025-09-04T23:20:03.924225
TN 87 1040,7428,0.0,0.0,149.48,03/09/2025 04:34:47,13.010438333333333,80.00381166666666,00381166666666,2025-09-04T23:20:03.924444
TN 87 1040,7428,0.0,0.0,149.48,03/09/2025 04:34:42,13.010438333333333,80.00381166666666,00381166666666,2025-09-04T23:20:03.924633
TN 87 1040,7428,0.0,0.0,149.48,03/09/2025 04:34:28,13.010438333333333,80.00381166666666,00381166666666,2025-09-04T23:20:03.924806
TN 87 1040,7428,0.0,0.0,149.48,03/09/2025 04:34:18,13.010438333333333,80.00381166666666,00381166666666,2025-09-04T23:20:03.924986
TN 87 1040,7428,0.0,0.0,149.47,03/09/2025 04:34:08,13.010438333333333,80.00381166666666,00381166666666,2025-09-04T23:20:03.925160
TN 87 1040,7428,0.0,0.0,149.49,03/09/2025 04:33:58,13.010438333333333,80.00381166666666,00381166666666,2025-09-04T23:20:03.925350
TN 87 1040,7428,0.0,0.0,149.49,03/09/2025 04:33:48,13.010438333333333,80.00381166666666,00381166666666,2025-09-04T23:20:03.925531
TN 87 1040,7428,0.0,0.0,149.49,03/09/2025 04:33:41,13.010438333333333,80.00381166666666,00381166666666,2025-09-04T23:20:03.925735
TN 87 1040,7428,0.0,0.0,149.49,03/09/2025 04:33:29,13.010438333333333,80.00381166666666,00381166666666,2025-09-04T23:20:03.925938
TN 87 1040,7428,0.0,0.0,149.5,03/09/2025 04:33:19,13.010438333333333,80.00381166666666,00381166666666,2025-09-04T23:20:03.926155
TN 87 1040,7428,0.0,0.0,149.51,03/09/2025 04:33:09,13.010438333333333,80.00381166666666,00381166666666,2025-09-04T23:20:03.926354
TN 87 1040,7428,0.0,0.0,149.5,03/09/2025 04:32:59,13.010438333333333,80.00381166666666,00381166666666,2025-09-04T23:20:03.926556
TN 87 1040,7428,0.0,0.0,149.48,03/09/2025 04:32:49,13.010438333333333,80.00381166666666,00381166666666,2025-09-04T23:20:03.926747
TN 87 1040,7428,0.0,0.0,149.48,03/09/2025 04:32:42,13.010438333333333,80.00381166666666,00381166666666,2025-09-04T23:20:03.926941
TN 87 1040,7428,0.0,0.0,149.48,03/09/2025 04:32:30,13.010438333333333,80.00381166666666,00381166666666,2025-09-04T23:20:03.927115
TN 87 1040,7428,0.0,0.0,149.5,03/09/2025 04:32:20,13.010438333333333,80.00381166666666,00381166666666,2025-09-04T23:20:03.927290
TN 87 1040,7428,0.0,0.0,149.5,03/09/2025 04:32:10,13.010438333333333,80.00381166666666,00381166666666,2025-09-04T23:20:03.927464
TN 87 1040,7428,0.0,0.0,149.49,03/09/2025 04:32:00,13.010438333333333,80.00381166666666,00381166666666,2025-09-04T23:20:03.927639
TN 87 1040,7428,0.0,0.0,149.49,03/09/2025 04:31:51,13.010438333333333,80.00381166666666,00381166666666,2025-09-04T23:20:03.927809
TN 87 1040,7428,0.0,0.0,149.5,03/09/2025 04:31:43,13.010438333333333,80.00381166666666,00381166666666,2025-09-04T23:20:03.927978
TN 87 1040,7428,0.0,0.0,149.5,03/09/2025 04:31:31,13.010438333333333,80.00381166666666,00381166666666,2025-09-04T23:20:03.928149
TN 87 1040,7428,0.0,0.0,149.49,03/09/2025 04:31:21,13.010438333333333,80.00381166666666,00381166666666,2025-09-04T23:20:03.928310
TN 87 1040,7428,0.0,0.0,149.5,03/09/2025 04:31:11,13.010438333333333,80.00381166666666,00381166666666,2025-09-04T23:20:03.928478
TN 87 1040,7428,0.0,0.0,149.5,03/09/2025 04:31:01,13.010438333333333,80.00381166666666,00381166666666,2025-09-04T23:20:03.928647
TN 87 1040,7428,0.0,0.0,149.51,03/09/2025 04:30:51,13.010438333333333,80.00381166666666,00381166666666,2025-09-04T23:20:03.928814
TN 87 1040,7428,0.0,0.0,149.5,03/09/2025 04:30:44,13.010438333333333,80.00381166666666,00381166666666,2025-09-04T23:20:03.928980
TN 87 1040,7428,0.0,0.0,149.5,03/09/2025 04:30:31,13.010438333333333,80.00381166666666,00381166666666,2025-09-04T23:20:03.929141
TN 87 1040,7428,0.0,0.0,149.49,03/09/2025 04:30:22,13.010438333333333,80.00381166666666,00381166666666,2025-09-04T23:20:03.929308
TN 87 1040,7428,0.0,0.0,149.49,03/09/2025 04:30:12,13.010438333333333,80.00381166666666,00381166666666,2025-09-04T23:20:03.929494
TN 87 1040,7428,0.0,0.0,149.51,03/09/2025 04:30:02,13.010438333333333,80.00381166666666,00381166666666,2025-09-04T23:20:03.929661
TN 87 1040,7428,0.0,0.0,149.51,03/09/2025 04:29:52,13.010438333333333,80.00381166666666,00381166666666,2025-09-04T23:20:03.929821
TN 87 1040,7428,0.0,0.0,149.51,03/09/2025 04:29:46,13.010438333333333,80.00381166666666,00381166666666,2025-09-04T23:20:03.930004
TN 87 1040,7428,0.0,0.0,149.52,03/09/2025 04:29:32,13.010438333333333,80.00381166666666,00381166666666,2025-09-04T23:20:03.930170
TN 87 1040,7428,0.0,0.0,149.52,03/09/2025 04:29:23,13.010438333333333,80.00381166666666,00381166666666,2025-09-04T23:20:03.930339
TN 87 1040,7428,0.0,0.0,149.51,03/09/2025 04:29:13,13.010438333333333,80.00381166666666,00381166666666,2025-09-04T23:20:03.930512
TN 87 1040,7428,0.0,0.0,149.53,03/09/2025 04:29:03,13.010438333333333,80.00381166666666,00381166666666,2025-09-04T23:20:03.930734
TN 87 1040,7428,0.0,0.0,149.53,03/09/2025 04:28:53,13.010438333333333,80.00381166666666,00381166666666,2025-09-04T23:20:03.930988
TN 87 1040,7428,0.0,0.0,149.53,03/09/2025 04:28:44,13.010438333333333,80.00381166666666,00381166666666,2025-09-04T23:20:03.931208
TN 87 1040,7428,0.0,0.0,149.52,03/09/2025 04:27:54,13.010438333333333,80.00381166666666,00381166666666,2025-09-04T23:20:03.931413
TN 87 1040,7428,0.0,0.0,149.53,03/09/2025 04:27:47,13.010438333333333,80.00381166666666,00381166666666,2025-09-04T23:20:03.931596
TN 87 1040,7428,0.0,0.0,149.53,03/09/2025 04:27:35,13.010438333333333,80.00381166666666,00381166666666,2025-09-04T23:20:03.931776
TN 87 1040,7428,0.0,0.0,149.53,03/09/2025 04:27:24,13.010438333333333,80.00381166666666,00381166666666,2025-09-04T23:20:03.931950
TN 87 1040,7428,0.0,0.0,149.53,03/09/2025 04:27:15,13.010438333333333,80.00381166666666,00381166666666,2025-09-04T23:20:03.932140
TN 87 1040,7428,0.0,0.0,149.54,03/09/2025 04:27:05,13.010438333333333,80.00381166666666,00381166666666,2025-09-04T23:20:03.932329
TN 87 1040,7428,0.0,0.0,149.55,03/09/2025 04:26:55,13.010438333333333,80.00381166666666,00381166666666,2025-09-04T23:20:03.932509
TN 87 1040,7428,0.0,0.0,149.54,03/09/2025 04:26:48,13.010438333333333,80.00381166666666,00381166666666,2025-09-04T23:20:03.932674
TN 87 1040,7428,0.0,0.0,149.54,03/09/2025 04:26:35,13.010438333333333,80.00381166666666,00381166666666,2025-09-04T23:20:03.933156
TN 87 1040,7428,0.0,0.0,149.55,03/09/2025 04:26:25,13.010438333333333,80.00381166666666,00381166666666,2025-09-04T23:20:03.933360
TN 87 1040,7428,0.0,0.0,149.55,03/09/2025 04:26:16,13.010438333333333,80.00381166666666,00381166666666,2025-09-04T23:20:03.933570
TN 87 1040,7428,0.0,0.0,149.54,03/09/2025 04:26:06,13.010438333333333,80.00381166666666,00381166666666,2025-09-04T23:20:03.933779
TN 87 1040,7428,0.0,0.0,149.54,03/09/2025 04:25:57,13.010438333333333,80.00381166666666,00381166666666,2025-09-04T23:20:03.933958
TN 87 1040,7428,0.0,0.0,149.52,03/09/2025 04:25:49,13.010438333333333,80.00381166666666,00381166666666,2025-09-04T23:20:03.934160
TN 87 1040,7428,0.0,0.0,149.54,03/09/2025 04:25:36,13.010438333333333,80.00381166666666,00381166666666,2025-09-04T23:20:03.934363
TN 87 1040,7428,0.0,0.0,149.54,03/09/2025 04:25:26,13.010438333333333,80.00381166666666,00381166666666,2025-09-04T23:20:03.934563
TN 87 1040,7428,0.0,0.0,149.55,03/09/2025 04:25:17,13.010438333333333,80.00381166666666,00381166666666,2025-09-04T23:20:03.934776
TN 87 1040,7428,0.0,0.0,149.54,03/09/2025 04:25:07,13.010438333333333,80.00381166666666,00381166666666,2025-09-04T23:20:03.934972
TN 87 1040,7428,0.0,0.0,149.54,03/09/2025 04:24:57,13.010438333333333,80.00381166666666,00381166666666,2025-09-04T23:20:03.935191
TN 87 1040,7428,0.0,0.0,149.55,03/09/2025 04:24:50,13.010438333333333,80.00381166666666,00381166666666,2025-09-04T23:20:03.935379
TN 87 1040,7428,0.0,0.0,149.55,03/09/2025 04:24:37,13.010438333333333,80.00381166666666,00381166666666,2025-09-04T23:20:03.935571
TN 87 1040,7428,0.0,0.0,149.56,03/09/2025 04:24:27,13.010438333333333,80.00381166666666,00381166666666,2025-09-04T23:20:03.935763
TN 87 1040,7428,0.0,0.0,149.57,03/09/2025 04:24:18,13.010438333333333,80.00381166666666,00381166666666,2025-09-04T23:20:03.935972
TN 87 1040,7428,0.0,0.0,149.55,03/09/2025 04:24:08,13.010438333333333,80.00381166666666,00381166666666,2025-09-04T23:20:03.936178
TN 87 1040,7428,0.0,0.0,149.55,03/09/2025 04:23:58,13.010438333333333,80.00381166666666,00381166666666,2025-09-04T23:20:03.936353
TN 87 1040,7428,0.0,0.0,149.55,03/09/2025 04:23:52,13.010438333333333,80.00381166666666,00381166666666,2025-09-04T23:20:03.936547
TN 87 1040,7428,0.0,0.0,149.56,03/09/2025 04:23:38,13.010438333333333,80.00381166666666,00381166666666,2025-09-04T23:20:03.936727
TN 87 1040,7428,0.0,0.0,149.56,03/09/2025 04:23:29,13.010438333333333,80.00381166666666,00381166666666,2025-09-04T23:20:03.936907
TN 87 1040,7428,0.0,0.0,149.56,03/09/2025 04:23:18,13.010438333333333,80.00381166666666,00381166666666,2025-09-04T23:20:03.937082
TN 87 1040,7428,0.0,0.0,149.56,03/09/2025 04:23:09,13.010438333333333,80.00381166666666,00381166666666,2025-09-04T23:20:03.937246
TN 87 1040,7428,0.0,0.0,149.57,03/09/2025 04:22:59,13.010438333333333,80.00381166666666,00381166666666,2025-09-04T23:20:03.937422
TN 87 1040,7428,0.0,0.0,149.57,03/09/2025 04:22:52,13.010438333333333,80.00381166666666,00381166666666,2025-09-04T23:20:03.937594
TN 87 1040,7428,0.0,0.0,149.57,03/09/2025 04:22:40,13.010438333333333,80.00381166666666,00381166666666,2025-09-04T23:20:03.937759
TN 87 1040,7428,0.0,0.0,149.56,03/09/2025 04:22:29,13.010438333333333,80.00381166666666,00381166666666,2025-09-04T23:20:03.937929
TN 87 1040,7428,0.0,0.0,149.56,03/09/2025 04:22:19,13.010438333333333,80.00381166666666,00381166666666,2025-09-04T23:20:03.938091
TN 87 1040,7428,0.0,0.0,149.56,03/09/2025 04:22:10,13.010438333333333,80.00381166666666,00381166666666,2025-09-04T23:20:03.938258
TN 87 1040,7428,0.0,0.0,149.56,03/09/2025 04:22:00,13.010438333333333,80.00381166666666,00381166666666,2025-09-04T23:20:03.938417
TN 87 1040,7428,0.0,0.0,149.56,03/09/2025 04:21:53,13.010438333333333,80.00381166666666,00381166666666,2025-09-04T23:20:03.938583
TN 87 1040,7428,0.0,0.0,149.56,03/09/2025 04:21:40,13.010438333333333,80.00381166666666,00381166666666,2025-09-04T23:20:03.938743
TN 87 1040,7428,0.0,0.0,149.56,03/09/2025 04:21:30,13.010438333333333,80.00381166666666,00381166666666,2025-09-04T23:20:03.938875
TN 87 1040,7428,0.0,0.0,149.56,03/09/2025 04:21:20,13.010438333333333,80.00381166666666,00381166666666,2025-09-04T23:20:03.939004
TN 87 1040,7428,0.0,0.0,149.58,03/09/2025 04:21:10,13.010438333333333,80.00381166666666,00381166666666,2025-09-04T23:20:03.939171
TN 87 1040,7428,0.0,0.0,149.56,03/09/2025 04:21:01,13.010438333333333,80.00381166666666,00381166666666,2025-09-04T23:20:03.939333
TN 87 1040,7428,0.0,0.0,149.55,03/09/2025 04:20:54,13.010438333333333,80.00381166666666,00381166666666,2025-09-04T23:20:03.939501
TN 87 1040,7428,0.0,0.0,149.56,03/09/2025 04:20:41,13.010438333333333,80.00381166666666,00381166666666,2025-09-04T23:20:03.939661
TN 87 1040,7428,0.0,0.0,149.57,03/09/2025 04:20:31,13.010438333333333,80.00381166666666,00381166666666,2025-09-04T23:20:03.939853
TN 87 1040,7428,0.0,0.0,149.56,03/09/2025 04:20:21,13.010438333333333,80.00381166666666,00381166666666,2025-09-04T23:20:03.940057
TN 87 1040,7428,0.0,0.0,149.56,03/09/2025 04:20:12,13.010438333333333,80.00381166666666,00381166666666,2025-09-04T23:20:03.940252
TN 87 1040,7428,0.0,0.0,149.58,03/09/2025 04:20:02,13.010438333333333,80.00381166666666,00381166666666,2025-09-04T23:20:03.940416
TN 87 1040,7428,0.0,0.0,149.57,03/09/2025 04:19:54,13.010438333333333,80.00381166666666,00381166666666,2025-09-04T23:20:03.940603
TN 87 1040,7428,0.0,0.0,149.57,03/09/2025 04:19:42,13.010438333333333,80.00381166666666,00381166666666,2025-09-04T23:20:03.940856
TN 87 1040,7428,0.0,0.0,149.56,03/09/2025 04:19:32,13.010438333333333,80.00381166666666,00381166666666,2025-09-04T23:20:03.941087
TN 87 1040,7428,0.0,0.0,149.57,03/09/2025 04:19:22,13.010438333333333,80.00381166666666,00381166666666,2025-09-04T23:20:03.941269
TN 87 1040,7428,0.0,0.0,149.58,03/09/2025 04:19:12,13.010438333333333,80.00381166666666,00381166666666,2025-09-04T23:20:03.941460
TN 87 1040,7428,0.0,0.0,149.58,03/09/2025 04:19:02,13.010438333333333,80.00381166666666,00381166666666,2025-09-04T23:20:03.941643
TN 87 1040,7428,0.0,0.0,149.57,03/09/2025 04:18:55,13.010438333333333,80.00381166666666,00381166666666,2025-09-04T23:20:03.941836
TN 87 1040,7428,0.0,0.0,149.57,03/09/2025 04:18:43,13.010438333333333,80.00381166666666,00381166666666,2025-09-04T23:20:03.942022
TN 87 1040,7428,0.0,0.0,149.58,03/09/2025 04:18:33,13.010438333333333,80.00381166666666,00381166666666,2025-09-04T23:20:03.942192
TN 87 1040,7428,0.0,0.0,149.58,03/09/2025 04:18:24,13.010438333333333,80.00381166666666,00381166666666,2025-09-04T23:20:03.942331
TN 87 1040,7428,0.0,0.0,149.58,03/09/2025 04:18:13,13.010438333333333,80.00381166666666,00381166666666,2025-09-04T23:20:03.942502
TN 87 1040,7428,0.0,0.0,149.59,03/09/2025 04:18:03,13.010438333333333,80.00381166666666,00381166666666,2025-09-04T23:20:03.942676
TN 87 1040,7428,0.0,0.0,149.6,03/09/2025 04:17:58,13.010438333333333,80.00381166666666,00381166666666,2025-09-04T23:20:03.942847
TN 87 1040,7428,0.0,0.0,149.61,03/09/2025 04:17:44,13.010438333333333,80.00381166666666,00381166666666,2025-09-04T23:20:03.943017
TN 87 1040,7428,0.0,0.0,149.6,03/09/2025 04:17:35,13.010438333333333,80.00381166666666,00381166666666,2025-09-04T23:20:03.943182
TN 87 1040,7428,0.0,0.0,149.59,03/09/2025 04:17:24,13.010438333333333,80.00381166666666,00381166666666,2025-09-04T23:20:03.943351
TN 87 1040,7428,0.0,0.0,149.6,03/09/2025 04:17:14,13.010438333333333,80.00381166666666,00381166666666,2025-09-04T23:20:03.943523
TN 87 1040,7428,0.0,0.0,149.6,03/09/2025 04:17:04,13.010438333333333,80.00381166666666,00381166666666,2025-09-04T23:20:03.943683
TN 87 1040,7428,0.0,0.0,149.6,03/09/2025 04:16:57,13.010438333333333,80.00381166666666,00381166666666,2025-09-04T23:20:03.943852
TN 87 1040,7428,0.0,0.0,149.6,03/09/2025 04:16:45,13.010438333333333,80.00381166666666,00381166666666,2025-09-04T23:20:03.944011
TN 87 1040,7428,0.0,0.0,149.59,03/09/2025 04:16:35,13.010438333333333,80.00381166666666,00381166666666,2025-09-04T23:20:03.944176
TN 87 1040,7428,0.0,0.0,149.58,03/09/2025 04:16:25,13.010438333333333,80.00381166666666,00381166666666,2025-09-04T23:20:03.944336
TN 87 1040,7428,0.0,0.0,149.6,03/09/2025 04:16:15,13.010438333333333,80.00381166666666,00381166666666,2025-09-04T23:20:03.944505
TN 87 1040,7428,0.0,0.0,149.6,03/09/2025 04:16:05,13.010438333333333,80.00381166666666,00381166666666,2025-09-04T23:20:03.944663
TN 87 1040,7428,0.0,0.0,149.61,03/09/2025 04:15:58,13.010438333333333,80.00381166666666,00381166666666,2025-09-04T23:20:03.944845
TN 87 1040,7428,0.0,0.0,149.61,03/09/2025 04:15:46,13.010438333333333,80.00381166666666,00381166666666,2025-09-04T23:20:03.945021
TN 87 1040,7428,0.0,0.0,149.6,03/09/2025 04:15:36,13.010438333333333,80.00381166666666,00381166666666,2025-09-04T23:20:03.945193
TN 87 1040,7428,0.0,0.0,149.61,03/09/2025 04:15:26,13.010438333333333,80.00381166666666,00381166666666,2025-09-04T23:20:03.945365
TN 87 1040,7428,0.0,0.0,149.62,03/09/2025 04:15:16,13.010438333333333,80.00381166666666,00381166666666,2025-09-04T23:20:03.945531
TN 87 1040,7428,0.0,0.0,149.61,03/09/2025 04:15:07,13.010438333333333,80.00381166666666,00381166666666,2025-09-04T23:20:03.945710
TN 87 1040,7428,0.0,0.0,149.62,03/09/2025 04:14:59,13.010438333333333,80.00381166666666,00381166666666,2025-09-04T23:20:03.945909
TN 87 1040,7428,0.0,0.0,149.62,03/09/2025 04:14:46,13.010438333333333,80.00381166666666,00381166666666,2025-09-04T23:20:03.946096
TN 87 1040,7428,0.0,0.0,149.6,03/09/2025 04:14:37,13.010438333333333,80.00381166666666,00381166666666,2025-09-04T23:20:03.946604
TN 87 1040,7428,0.0,0.0,149.6,03/09/2025 04:14:27,13.010438333333333,80.00381166666666,00381166666666,2025-09-04T23:20:03.946805
TN 87 1040,7428,0.0,0.0,149.6,03/09/2025 04:14:18,13.010438333333333,80.00381166666666,00381166666666,2025-09-04T23:20:03.947034
TN 87 1040,7428,0.0,0.0,149.62,03/09/2025 04:14:07,13.010438333333333,80.00381166666666,00381166666666,2025-09-04T23:20:03.947252
TN 87 1040,7428,0.0,0.0,149.62,03/09/2025 04:14:00,13.010438333333333,80.00381166666666,00381166666666,2025-09-04T23:20:03.947448
TN 87 1040,7428,0.0,0.0,149.62,03/09/2025 04:13:47,13.010438333333333,80.00381166666666,00381166666666,2025-09-04T23:20:03.947657
TN 87 1040,7428,0.0,0.0,149.63,03/09/2025 04:13:38,13.010438333333333,80.00381166666666,00381166666666,2025-09-04T23:20:03.947870
TN 87 1040,7428,0.0,0.0,149.62,03/09/2025 04:13:28,13.010438333333333,80.00381166666666,00381166666666,2025-09-04T23:20:03.948087
TN 87 1040,7428,0.0,0.0,149.62,03/09/2025 04:13:18,13.010438333333333,80.00381166666666,00381166666666,2025-09-04T23:20:03.948448
TN 87 1040,7428,0.0,0.0,149.62,03/09/2025 04:13:08,13.010438333333333,80.00381166666666,00381166666666,2025-09-04T23:20:03.948722
TN 87 1040,7428,0.0,0.0,149.62,03/09/2025 04:13:02,13.010438333333333,80.00381166666666,00381166666666,2025-09-04T23:20:03.948948
TN 87 1040,7428,0.0,0.0,149.62,03/09/2025 04:12:48,13.010438333333333,80.00381166666666,00381166666666,2025-09-04T23:20:03.949157
TN 87 1040,7428,0.0,0.0,149.61,03/09/2025 04:12:39,13.010438333333333,80.00381166666666,00381166666666,2025-09-04T23:20:03.949384
TN 87 1040,7428,0.0,0.0,149.62,03/09/2025 04:12:29,13.010438333333333,80.00381166666666,00381166666666,2025-09-04T23:20:03.949563
TN 87 1040,7428,0.0,0.0,149.62,03/09/2025 04:12:19,13.010438333333333,80.00381166666666,00381166666666,2025-09-04T23:20:03.949741
TN 87 1040,7428,0.0,0.0,149.62,03/09/2025 04:12:09,13.010438333333333,80.00381166666666,00381166666666,2025-09-04T23:20:03.949926
TN 87 1040,7428,0.0,0.0,149.62,03/09/2025 04:12:02,13.010438333333333,80.00381166666666,00381166666666,2025-09-04T23:20:03.950108
TN 87 1040,7428,0.0,0.0,149.62,03/09/2025 04:11:50,13.010438333333333,80.00381166666666,00381166666666,2025-09-04T23:20:03.950309
TN 87 1040,7428,0.0,0.0,149.62,03/09/2025 04:11:39,13.010438333333333,80.00381166666666,00381166666666,2025-09-04T23:20:03.950480
TN 87 1040,7428,0.0,0.0,149.62,03/09/2025 04:11:30,13.010438333333333,80.00381166666666,00381166666666,2025-09-04T23:20:03.950692
TN 87 1040,7428,0.0,0.0,149.62,03/09/2025 04:11:20,13.010438333333333,80.00381166666666,00381166666666,2025-09-04T23:20:03.950870
TN 87 1040,7428,0.0,0.0,149.62,03/09/2025 04:11:10,13.010438333333333,80.00381166666666,00381166666666,2025-09-04T23:20:03.951045
TN 87 1040,7428,0.0,0.0,149.64,03/09/2025 04:11:03,13.010438333333333,80.00381166666666,00381166666666,2025-09-04T23:20:03.951239
TN 87 1040,7428,0.0,0.0,149.64,03/09/2025 04:10:50,13.010438333333333,80.00381166666666,00381166666666,2025-09-04T23:20:03.951425
TN 87 1040,7428,0.0,0.0,149.64,03/09/2025 04:10:40,13.010438333333333,80.00381166666666,00381166666666,2025-09-04T23:20:03.951648
TN 87 1040,7428,0.0,0.0,149.65,03/09/2025 04:10:31,13.010438333333333,80.00381166666666,00381166666666,2025-09-04T23:20:03.951852
TN 87 1040,7428,0.0,0.0,149.65,03/09/2025 04:10:21,13.010438333333333,80.00381166666666,00381166666666,2025-09-04T23:20:03.952052
TN 87 1040,7428,0.0,0.0,149.64,03/09/2025 04:10:11,13.010438333333333,80.00381166666666,00381166666666,2025-09-04T23:20:03.952284
TN 87 1040,7428,0.0,0.0,149.64,03/09/2025 04:10:04,13.010438333333333,80.00381166666666,00381166666666,2025-09-04T23:20:03.952441
TN 87 1040,7428,0.0,0.0,149.64,03/09/2025 04:09:51,13.010438333333333,80.00381166666666,00381166666666,2025-09-04T23:20:03.952628
TN 87 1040,7428,0.0,0.0,149.65,03/09/2025 04:09:41,13.010438333333333,80.00381166666666,00381166666666,2025-09-04T23:20:03.952820
TN 87 1040,7428,0.0,0.0,149.66,03/09/2025 04:09:32,13.010438333333333,80.00381166666666,00381166666666,2025-09-04T23:20:03.953028
TN 87 1040,7428,0.0,0.0,149.64,03/09/2025 04:09:22,13.010438333333333,80.00381166666666,00381166666666,2025-09-04T23:20:03.953229
TN 87 1040,7428,0.0,0.0,149.65,03/09/2025 04:09:12,13.010438333333333,80.00381166666666,00381166666666,2025-09-04T23:20:03.953415
TN 87 1040,7428,0.0,0.0,149.65,03/09/2025 04:09:05,13.010438333333333,80.00381166666666,00381166666666,2025-09-04T23:20:03.953606
TN 87 1040,7428,0.0,0.0,149.65,03/09/2025 04:08:52,13.010438333333333,80.00381166666666,00381166666666,2025-09-04T23:20:03.953785
TN 87 1040,7428,0.0,0.0,149.65,03/09/2025 04:08:42,13.010438333333333,80.00381166666666,00381166666666,2025-09-04T23:20:03.953946
TN 87 1040,7428,0.0,0.0,149.65,03/09/2025 04:08:33,13.010438333333333,80.00381166666666,00381166666666,2025-09-04T23:20:03.954123
TN 87 1040,7428,0.0,0.0,149.65,03/09/2025 04:08:24,13.010438333333333,80.00381166666666,00381166666666,2025-09-04T23:20:03.954288
TN 87 1040,7428,0.0,0.0,149.66,03/09/2025 04:08:13,13.010438333333333,80.00381166666666,00381166666666,2025-09-04T23:20:03.954456
TN 87 1040,7428,0.0,0.0,149.66,03/09/2025 04:08:06,13.010438333333333,80.00381166666666,00381166666666,2025-09-04T23:20:03.954634
TN 87 1040,7428,0.0,0.0,149.66,03/09/2025 04:07:53,13.010438333333333,80.00381166666666,00381166666666,2025-09-04T23:20:03.954844
TN 87 1040,7428,0.0,0.0,149.67,03/09/2025 04:07:43,13.010438333333333,80.00381166666666,00381166666666,2025-09-04T23:20:03.955042
TN 87 1040,7428,0.0,0.0,149.64,03/09/2025 04:07:34,13.010438333333333,80.00381166666666,00381166666666,2025-09-04T23:20:03.955218
TN 87 1040,7428,0.0,0.0,149.64,03/09/2025 04:07:24,13.010438333333333,80.00381166666666,00381166666666,2025-09-04T23:20:03.955391
TN 87 1040,7428,0.0,0.0,149.66,03/09/2025 04:07:14,13.010438333333333,80.00381166666666,00381166666666,2025-09-04T23:20:03.955578
TN 87 1040,7428,0.0,0.0,149.66,03/09/2025 04:07:08,13.010438333333333,80.00381166666666,00381166666666,2025-09-04T23:20:03.955767
TN 87 1040,7428,0.0,0.0,149.66,03/09/2025 04:06:54,13.010438333333333,80.00381166666666,00381166666666,2025-09-04T23:20:03.955935
TN 87 1040,7428,0.0,0.0,149.66,03/09/2025 04:06:45,13.010438333333333,80.00381166666666,00381166666666,2025-09-04T23:20:03.956138
TN 87 1040,7428,0.0,0.0,149.67,03/09/2025 04:06:34,13.010438333333333,80.00381166666666,00381166666666,2025-09-04T23:20:03.956331
TN 87 1040,7428,0.0,0.0,149.67,03/09/2025 04:06:24,13.010438333333333,80.00381166666666,00381166666666,2025-09-04T23:20:03.956512
TN 87 1040,7428,0.0,0.0,149.68,03/09/2025 04:06:15,13.010438333333333,80.00381166666666,00381166666666,2025-09-04T23:20:03.956688
TN 87 1040,7428,0.0,0.0,149.68,03/09/2025 04:06:08,13.010438333333333,80.00381166666666,00381166666666,2025-09-04T23:20:03.956864
TN 87 1040,7428,0.0,0.0,149.68,03/09/2025 04:05:56,13.010438333333333,80.00381166666666,00381166666666,2025-09-04T23:20:03.957041
TN 87 1040,7428,0.0,0.0,149.67,03/09/2025 04:05:45,13.010438333333333,80.00381166666666,00381166666666,2025-09-04T23:20:03.957208
TN 87 1040,7428,0.0,0.0,149.67,03/09/2025 04:05:35,13.010438333333333,80.00381166666666,00381166666666,2025-09-04T23:20:03.957381
TN 87 1040,7428,0.0,0.0,149.66,03/09/2025 04:05:25,13.010438333333333,80.00381166666666,00381166666666,2025-09-04T23:20:03.957551
TN 87 1040,7428,0.0,0.0,149.68,03/09/2025 04:05:16,13.010438333333333,80.00381166666666,00381166666666,2025-09-04T23:20:03.957734
TN 87 1040,7428,0.0,0.0,149.68,03/09/2025 04:05:09,13.010438333333333,80.00381166666666,00381166666666,2025-09-04T23:20:03.957925
TN 87 1040,7428,0.0,0.0,149.68,03/09/2025 04:04:56,13.010438333333333,80.00381166666666,00381166666666,2025-09-04T23:20:03.958126
TN 87 1040,7428,0.0,0.0,149.67,03/09/2025 04:04:46,13.010438333333333,80.00381166666666,00381166666666,2025-09-04T23:20:03.958310
TN 87 1040,7428,0.0,0.0,149.68,03/09/2025 04:04:36,13.010438333333333,80.00381166666666,00381166666666,2025-09-04T23:20:03.958485
TN 87 1040,7428,0.0,0.0,149.69,03/09/2025 04:04:26,13.010438333333333,80.00381166666666,00381166666666,2025-09-04T23:20:03.958650
TN 87 1040,7428,0.0,0.0,149.71,03/09/2025 04:04:17,13.010438333333333,80.00381166666666,00381166666666,2025-09-04T23:20:03.958820
TN 87 1040,7428,0.0,0.0,149.68,03/09/2025 04:04:09,13.010438333333333,80.00381166666666,00381166666666,2025-09-04T23:20:03.958982
TN 87 1040,7428,0.0,0.0,149.68,03/09/2025 04:03:57,13.010438333333333,80.00381166666666,00381166666666,2025-09-04T23:20:03.959157
TN 87 1040,7428,0.0,0.0,149.68,03/09/2025 04:03:47,13.010438333333333,80.00381166666666,00381166666666,2025-09-04T23:20:03.959328
TN 87 1040,7428,0.0,0.0,149.69,03/09/2025 04:03:37,13.010438333333333,80.00381166666666,00381166666666,2025-09-04T23:20:03.959487
TN 87 1040,7428,0.0,0.0,149.69,03/09/2025 04:03:28,13.010438333333333,80.00381166666666,00381166666666,2025-09-04T23:20:03.959660
TN 87 1040,7428,0.0,0.0,149.68,03/09/2025 04:03:17,13.010438333333333,80.00381166666666,00381166666666,2025-09-04T23:20:03.959951
TN 87 1040,7428,0.0,0.0,149.69,03/09/2025 04:03:10,13.010438333333333,80.00381166666666,00381166666666,2025-09-04T23:20:03.960165
TN 87 1040,7428,0.0,0.0,149.69,03/09/2025 04:02:58,13.010438333333333,80.00381166666666,00381166666666,2025-09-04T23:20:03.960378
TN 87 1040,7428,0.0,0.0,149.68,03/09/2025 04:02:48,13.010438333333333,80.00381166666666,00381166666666,2025-09-04T23:20:03.960577
TN 87 1040,7428,0.0,0.0,149.68,03/09/2025 04:02:39,13.010438333333333,80.00381166666666,00381166666666,2025-09-04T23:20:03.960818
TN 87 1040,7428,0.0,0.0,149.69,03/09/2025 04:02:28,13.010438333333333,80.00381166666666,00381166666666,2025-09-04T23:20:03.960993
TN 87 1040,7428,0.0,0.0,149.7,03/09/2025 04:02:18,13.010438333333333,80.00381166666666,00381166666666,2025-09-04T23:20:03.961175
TN 87 1040,7428,0.0,0.0,149.7,03/09/2025 04:02:13,13.010438333333333,80.00381166666666,00381166666666,2025-09-04T23:20:03.961378
TN 87 1040,7428,0.0,0.0,149.69,03/09/2025 04:01:59,13.010438333333333,80.00381166666666,00381166666666,2025-09-04T23:20:03.961600
TN 87 1040,7428,0.0,0.0,149.7,03/09/2025 04:01:49,13.010438333333333,80.00381166666666,00381166666666,2025-09-04T23:20:03.962051
TN 87 1040,7428,0.0,0.0,149.71,03/09/2025 04:01:39,13.010438333333333,80.00381166666666,00381166666666,2025-09-04T23:20:03.962236
TN 87 1040,7428,0.0,0.0,149.7,03/09/2025 04:01:29,13.010438333333333,80.00381166666666,00381166666666,2025-09-04T23:20:03.962440
TN 87 1040,7428,0.0,0.0,149.7,03/09/2025 04:01:19,13.010438333333333,80.00381166666666,00381166666666,2025-09-04T23:20:03.962630
TN 87 1040,7428,0.0,0.0,149.71,03/09/2025 04:01:12,13.010438333333333,80.00381166666666,00381166666666,2025-09-04T23:20:03.962793
TN 87 1040,7428,0.0,0.0,149.71,03/09/2025 04:01:00,13.010438333333333,80.00381166666666,00381166666666,2025-09-04T23:20:03.962959
TN 87 1040,7428,0.0,0.0,149.71,03/09/2025 04:00:50,13.010438333333333,80.00381166666666,00381166666666,2025-09-04T23:20:03.963135
TN 87 1040,7428,0.0,0.0,149.72,03/09/2025 04:00:40,13.010438333333333,80.00381166666666,00381166666666,2025-09-04T23:20:03.963342
TN 87 1040,7428,0.0,0.0,149.73,03/09/2025 04:00:30,13.010438333333333,80.00381166666666,00381166666666,2025-09-04T23:20:03.963529
TN 87 1040,7428,0.0,0.0,149.72,03/09/2025 04:00:20,13.010438333333333,80.00381166666666,00381166666666,2025-09-04T23:20:03.963718
TN 87 1040,7428,0.0,0.0,149.72,03/09/2025 04:00:13,13.010438333333333,80.00381166666666,00381166666666,2025-09-04T23:20:03.963972
TN 87 1040,7428,0.0,0.0,149.71,03/09/2025 03:59:56,13.010438333333333,80.00381166666666,00381166666666,2025-09-04T23:20:03.964220
TN 87 1040,7428,0.0,0.0,149.71,03/09/2025 03:59:46,13.010438333333333,80.00381166666666,00381166666666,2025-09-04T23:20:03.964391
TN 87 1040,7428,0.0,0.0,149.71,03/09/2025 03:59:36,13.010438333333333,80.00381166666666,00381166666666,2025-09-04T23:20:03.964540
TN 87 1040,7428,0.0,0.0,149.71,03/09/2025 03:59:26,13.010438333333333,80.00381166666666,00381166666666,2025-09-04T23:20:03.964684
TN 87 1040,7428,0.0,0.0,149.71,03/09/2025 03:59:17,13.010438333333333,80.00381166666666,00381166666666,2025-09-04T23:20:03.964853
TN 87 1040,7428,0.0,0.0,149.71,03/09/2025 03:59:06,13.010438333333333,80.00381166666666,00381166666666,2025-09-04T23:20:03.964993
TN 87 1040,7428,0.0,0.0,149.71,03/09/2025 03:58:57,13.010438333333333,80.00381166666666,00381166666666,2025-09-04T23:20:03.965154
TN 87 1040,7428,0.0,0.0,149.72,03/09/2025 03:58:47,13.010438333333333,80.00381166666666,00381166666666,2025-09-04T23:20:03.965290
TN 87 1040,7428,0.0,0.0,149.71,03/09/2025 03:58:37,13.010438333333333,80.00381166666666,00381166666666,2025-09-04T23:20:03.965441
TN 87 1040,7428,0.0,0.0,149.71,03/09/2025 03:58:28,13.010438333333333,80.00381166666666,00381166666666,2025-09-04T23:20:03.965620
TN 87 1040,7428,0.0,0.0,149.71,03/09/2025 03:58:17,13.010438333333333,80.00381166666666,00381166666666,2025-09-04T23:20:03.965803
TN 87 1040,7428,0.0,0.0,149.71,03/09/2025 03:58:07,13.010438333333333,80.00381166666666,00381166666666,2025-09-04T23:20:03.965980
TN 87 1040,7428,0.0,0.0,149.72,03/09/2025 03:57:58,13.010438333333333,80.00381166666666,00381166666666,2025-09-04T23:20:03.966192
TN 87 1040,7428,0.0,0.0,149.75,03/09/2025 03:57:49,13.010438333333333,80.00381166666666,00381166666666,2025-09-04T23:20:03.966370
TN 87 1040,7428,0.0,0.0,149.75,03/09/2025 03:57:03,13.010438333333333,80.00381166666666,00381166666666,2025-09-04T23:20:03.966529
TN 87 1040,7428,0.0,0.0,149.75,03/09/2025 03:56:54,13.010438333333333,80.00381166666666,00381166666666,2025-09-04T23:20:03.966698
TN 87 1040,7428,0.0,0.0,149.75,03/09/2025 03:56:45,13.010438333333333,80.00381166666666,00381166666666,2025-09-04T23:20:03.966862
TN 87 1040,7428,0.0,0.0,149.75,03/09/2025 03:56:34,13.010438333333333,80.00381166666666,00381166666666,2025-09-04T23:20:03.967033
TN 87 1040,7428,0.0,0.0,149.73,03/09/2025 03:56:24,13.010438333333333,80.00381166666666,00381166666666,2025-09-04T23:20:03.967197
TN 87 1040,7428,0.0,0.0,149.73,03/09/2025 03:56:18,13.010438333333333,80.00381166666666,00381166666666,2025-09-04T23:20:03.967327
TN 87 1040,7428,0.0,0.0,149.73,03/09/2025 03:56:04,13.010438333333333,80.00381166666666,00381166666666,2025-09-04T23:20:03.967494
TN 87 1040,7428,0.0,0.0,149.73,03/09/2025 03:55:55,13.010438333333333,80.00381166666666,00381166666666,2025-09-04T23:20:03.967666
TN 87 1040,7428,0.0,0.0,149.76,03/09/2025 03:55:45,13.010438333333333,80.00381166666666,00381166666666,2025-09-04T23:20:03.967824
TN 87 1040,7428,0.0,0.0,149.76,03/09/2025 03:55:35,13.010438333333333,80.00381166666666,00381166666666,2025-09-04T23:20:03.967952
TN 87 1040,7428,0.0,0.0,149.77,03/09/2025 03:55:25,13.010438333333333,80.00381166666666,00381166666666,2025-09-04T23:20:03.968081
TN 87 1040,7428,0.0,0.0,149.73,03/09/2025 03:55:18,13.010438333333333,80.00381166666666,00381166666666,2025-09-04T23:20:03.968205
TN 87 1040,7428,0.0,0.0,149.73,03/09/2025 03:55:06,13.010438333333333,80.00381166666666,00381166666666,2025-09-04T23:20:03.968342
TN 87 1040,7428,0.0,0.0,149.73,03/09/2025 03:54:55,13.010438333333333,80.00381166666666,00381166666666,2025-09-04T23:20:03.968521
TN 87 1040,7428,0.0,0.0,149.74,03/09/2025 03:54:46,13.010438333333333,80.00381166666666,00381166666666,2025-09-04T23:20:03.968693
TN 87 1040,7428,0.0,0.0,149.73,03/09/2025 03:54:36,13.010438333333333,80.00381166666666,00381166666666,2025-09-04T23:20:03.968852
TN 87 1040,7428,0.0,0.0,149.74,03/09/2025 03:54:26,13.010438333333333,80.00381166666666,00381166666666,2025-09-04T23:20:03.969018
TN 87 1040,7428,0.0,0.0,149.76,03/09/2025 03:54:19,13.010438333333333,80.00381166666666,00381166666666,2025-09-04T23:20:03.969176
TN 87 1040,7428,0.0,0.0,149.76,03/09/2025 03:54:06,13.010438333333333,80.00381166666666,00381166666666,2025-09-04T23:20:03.969415
TN 87 1040,7428,0.0,0.0,149.75,03/09/2025 03:53:56,13.010438333333333,80.00381166666666,00381166666666,2025-09-04T23:20:03.969582
TN 87 1040,7428,0.0,0.0,149.77,03/09/2025 03:53:47,13.010438333333333,80.00381166666666,00381166666666,2025-09-04T23:20:03.969752
TN 87 1040,7428,0.0,0.0,149.77,03/09/2025 03:53:37,13.010438333333333,80.00381166666666,00381166666666,2025-09-04T23:20:03.969945
TN 87 1040,7428,0.0,0.0,149.77,03/09/2025 03:53:28,13.010438333333333,80.00381166666666,00381166666666,2025-09-04T23:20:03.970119
TN 87 1040,7428,0.0,0.0,149.77,03/09/2025 03:53:20,13.010438333333333,80.00381166666666,00381166666666,2025-09-04T23:20:03.970287
TN 87 1040,7428,0.0,0.0,149.79,03/09/2025 03:53:07,13.010438333333333,80.00381166666666,00381166666666,2025-09-04T23:20:03.970433
TN 87 1040,7428,0.0,0.0,149.79,03/09/2025 03:52:57,13.010438333333333,80.00381166666666,00381166666666,2025-09-04T23:20:03.970629
TN 87 1040,7428,0.0,0.0,149.8,03/09/2025 03:52:48,13.010438333333333,80.00381166666666,00381166666666,2025-09-04T23:20:03.970812
TN 87 1040,7428,0.0,0.0,149.75,03/09/2025 03:52:38,13.010438333333333,80.00381166666666,00381166666666,2025-09-04T23:20:03.971032
TN 87 1040,7428,0.0,0.0,149.75,03/09/2025 03:52:28,13.010438333333333,80.00381166666666,00381166666666,2025-09-04T23:20:03.971221
TN 87 1040,7428,0.0,0.0,149.76,03/09/2025 03:52:21,13.010438333333333,80.00381166666666,00381166666666,2025-09-04T23:20:03.971399
TN 87 1040,7428,0.0,0.0,149.77,03/09/2025 03:52:08,13.010438333333333,80.00381166666666,00381166666666,2025-09-04T23:20:03.971582
TN 87 1040,7428,0.0,0.0,149.79,03/09/2025 03:51:58,13.010438333333333,80.00381166666666,00381166666666,2025-09-04T23:20:03.971758
TN 87 1040,7428,0.0,0.0,149.79,03/09/2025 03:51:49,13.010438333333333,80.00381166666666,00381166666666,2025-09-04T23:20:03.971894
TN 87 1040,7428,0.0,0.0,149.8,03/09/2025 03:51:39,13.010438333333333,80.00381166666666,00381166666666,2025-09-04T23:20:03.972033
TN 87 1040,7428,0.0,0.0,149.79,03/09/2025 03:51:29,13.010438333333333,80.00381166666666,00381166666666,2025-09-04T23:20:03.972251
TN 87 1040,7428,0.0,0.0,149.79,03/09/2025 03:51:23,13.010438333333333,80.00381166666666,00381166666666,2025-09-04T23:20:03.972387
TN 87 1040,7428,0.0,0.0,149.79,03/09/2025 03:51:09,13.010438333333333,80.00381166666666,00381166666666,2025-09-04T23:20:03.972515
TN 87 1040,7428,0.0,0.0,149.79,03/09/2025 03:51:00,13.010438333333333,80.00381166666666,00381166666666,2025-09-04T23:20:03.972640
TN 87 1040,7428,0.0,0.0,149.8,03/09/2025 03:50:49,13.010438333333333,80.00381166666666,00381166666666,2025-09-04T23:20:03.972786
TN 87 1040,7428,0.0,0.0,149.79,03/09/2025 03:50:40,13.010438333333333,80.00381166666666,00381166666666,2025-09-04T23:20:03.972969
TN 87 1040,7428,0.0,0.0,149.78,03/09/2025 03:50:30,13.010438333333333,80.00381166666666,00381166666666,2025-09-04T23:20:03.973156
TN 87 1040,7428,0.0,0.0,149.78,03/09/2025 03:50:24,13.010438333333333,80.00381166666666,00381166666666,2025-09-04T23:20:03.973394
TN 87 1040,7428,0.0,0.0,149.79,03/09/2025 03:50:10,13.010438333333333,80.00381166666666,00381166666666,2025-09-04T23:20:03.973587
TN 87 1040,7428,0.0,0.0,149.8,03/09/2025 03:50:00,13.010438333333333,80.00381166666666,00381166666666,2025-09-04T23:20:03.973761
TN 87 1040,7428,0.0,0.0,149.81,03/09/2025 03:49:50,13.010438333333333,80.00381166666666,00381166666666,2025-09-04T23:20:03.974008
TN 87 1040,7428,0.0,0.0,149.81,03/09/2025 03:49:41,13.010438333333333,80.00381166666666,00381166666666,2025-09-04T23:20:03.974210
TN 87 1040,7428,0.0,0.0,149.81,03/09/2025 03:49:31,13.010438333333333,80.00381166666666,00381166666666,2025-09-04T23:20:03.974402
TN 87 1040,7428,0.0,0.0,149.77,03/09/2025 03:49:24,13.010438333333333,80.00381166666666,00381166666666,2025-09-04T23:20:03.974608
TN 87 1040,7428,0.0,0.0,149.77,03/09/2025 03:49:11,13.010438333333333,80.00381166666666,00381166666666,2025-09-04T23:20:03.974819
TN 87 1040,7428,0.0,0.0,149.78,03/09/2025 03:49:01,13.010438333333333,80.00381166666666,00381166666666,2025-09-04T23:20:03.975013
TN 87 1040,7428,0.0,0.0,149.81,03/09/2025 03:48:51,13.010438333333333,80.00381166666666,00381166666666,2025-09-04T23:20:03.975310
TN 87 1040,7428,0.0,0.0,149.81,03/09/2025 03:48:41,13.010438333333333,80.00381166666666,00381166666666,2025-09-04T23:20:03.975485
TN 87 1040,7428,0.0,0.0,149.81,03/09/2025 03:48:32,13.010438333333333,80.00381166666666,00381166666666,2025-09-04T23:20:03.975677
TN 87 1040,7428,0.0,0.0,149.82,03/09/2025 03:48:25,13.010438333333333,80.00381166666666,00381166666666,2025-09-04T23:20:03.975882
TN 87 1040,7428,0.0,0.0,149.82,03/09/2025 03:48:12,13.010438333333333,80.00381166666666,00381166666666,2025-09-04T23:20:03.976087
TN 87 1040,7428,0.0,0.0,149.83,03/09/2025 03:48:02,13.010438333333333,80.00381166666666,00381166666666,2025-09-04T23:20:03.976285
TN 87 1040,7428,0.0,0.0,149.84,03/09/2025 03:47:52,13.010438333333333,80.00381166666666,00381166666666,2025-09-04T23:20:03.976464
TN 87 1040,7428,0.0,0.0,149.82,03/09/2025 03:47:42,13.010438333333333,80.00381166666666,00381166666666,2025-09-04T23:20:03.976625
TN 87 1040,7428,0.0,0.0,149.82,03/09/2025 03:47:34,13.010438333333333,80.00381166666666,00381166666666,2025-09-04T23:20:03.976799
TN 87 1040,7428,0.0,0.0,149.84,03/09/2025 03:47:25,13.010438333333333,80.00381166666666,00381166666666,2025-09-04T23:20:03.976963
TN 87 1040,7428,0.0,0.0,149.82,03/09/2025 03:47:13,13.010438333333333,80.00381166666666,00381166666666,2025-09-04T23:20:03.977137
TN 87 1040,7428,0.0,0.0,149.82,03/09/2025 03:47:03,13.010438333333333,80.00381166666666,00381166666666,2025-09-04T23:20:03.977300
TN 87 1040,7428,0.0,0.0,149.82,03/09/2025 03:46:53,13.010438333333333,80.00381166666666,00381166666666,2025-09-04T23:20:03.977466
TN 87 1040,7428,0.0,0.0,149.81,03/09/2025 03:46:44,13.010438333333333,80.00381166666666,00381166666666,2025-09-04T23:20:03.977638
TN 87 1040,7428,0.0,0.0,149.82,03/09/2025 03:46:33,13.010438333333333,80.00381166666666,00381166666666,2025-09-04T23:20:03.977800
TN 87 1040,7428,0.0,0.0,149.82,03/09/2025 03:46:26,13.010438333333333,80.00381166666666,00381166666666,2025-09-04T23:20:03.977968
TN 87 1040,7428,0.0,0.0,149.82,03/09/2025 03:46:14,13.010438333333333,80.00381166666666,00381166666666,2025-09-04T23:20:03.978134
TN 87 1040,7428,0.0,0.0,149.84,03/09/2025 03:46:04,13.010438333333333,80.00381166666666,00381166666666,2025-09-04T23:20:03.978305
TN 87 1040,7428,0.0,0.0,149.84,03/09/2025 03:45:55,13.010438333333333,80.00381166666666,00381166666666,2025-09-04T23:20:03.978467
TN 87 1040,7428,0.0,0.0,149.83,03/09/2025 03:45:44,13.010438333333333,80.00381166666666,00381166666666,2025-09-04T23:20:03.978596
TN 87 1040,7428,0.0,0.0,149.83,03/09/2025 03:45:34,13.010438333333333,80.00381166666666,00381166666666,2025-09-04T23:20:03.978722
TN 87 1040,7428,0.0,0.0,149.83,03/09/2025 03:45:29,13.010438333333333,80.00381166666666,00381166666666,2025-09-04T23:20:03.978932
TN 87 1040,7428,0.0,0.0,149.84,03/09/2025 03:45:15,13.010438333333333,80.00381166666666,00381166666666,2025-09-04T23:20:03.979148
TN 87 1040,7428,0.0,0.0,149.84,03/09/2025 03:45:06,13.010438333333333,80.00381166666666,00381166666666,2025-09-04T23:20:03.979318
TN 87 1040,7428,0.0,0.0,149.86,03/09/2025 03:44:55,13.010438333333333,80.00381166666666,00381166666666,2025-09-04T23:20:03.979475
TN 87 1040,7428,0.0,0.0,149.84,03/09/2025 03:44:45,13.010438333333333,80.00381166666666,00381166666666,2025-09-04T23:20:03.979645
TN 87 1040,7428,0.0,0.0,149.85,03/09/2025 03:44:35,13.010438333333333,80.00381166666666,00381166666666,2025-09-04T23:20:03.979862
TN 87 1040,7428,0.0,0.0,149.85,03/09/2025 03:44:28,13.010438333333333,80.00381166666666,00381166666666,2025-09-04T23:20:03.980054
TN 87 1040,7428,0.0,0.0,149.86,03/09/2025 03:44:16,13.010438333333333,80.00381166666666,00381166666666,2025-09-04T23:20:03.980277
TN 87 1040,7428,0.0,0.0,149.85,03/09/2025 03:44:06,13.010438333333333,80.00381166666666,00381166666666,2025-09-04T23:20:03.980484
TN 87 1040,7428,0.0,0.0,149.86,03/09/2025 03:43:56,13.010438333333333,80.00381166666666,00381166666666,2025-09-04T23:20:03.980694
TN 87 1040,7428,0.0,0.0,149.84,03/09/2025 03:43:46,13.010438333333333,80.00381166666666,00381166666666,2025-09-04T23:20:03.980943
TN 87 1040,7428,0.0,0.0,149.84,03/09/2025 03:43:36,13.010438333333333,80.00381166666666,00381166666666,2025-09-04T23:20:03.981175
TN 87 1040,7428,0.0,0.0,149.85,03/09/2025 03:43:29,13.010438333333333,80.00381166666666,00381166666666,2025-09-04T23:20:03.981378
TN 87 1040,7428,0.0,0.0,149.86,03/09/2025 03:43:17,13.010438333333333,80.00381166666666,00381166666666,2025-09-04T23:20:03.981565
TN 87 1040,7428,0.0,0.0,149.86,03/09/2025 03:43:07,13.010438333333333,80.00381166666666,00381166666666,2025-09-04T23:20:03.981741
TN 87 1040,7428,0.0,0.0,149.85,03/09/2025 03:42:57,13.010438333333333,80.00381166666666,00381166666666,2025-09-04T23:20:03.981958
TN 87 1040,7428,0.0,0.0,149.86,03/09/2025 03:42:47,13.010438333333333,80.00381166666666,00381166666666,2025-09-04T23:20:03.982164
TN 87 1040,7428,0.0,0.0,149.85,03/09/2025 03:42:38,13.010438333333333,80.00381166666666,00381166666666,2025-09-04T23:20:03.982335
TN 87 1040,7428,0.0,0.0,149.86,03/09/2025 03:42:30,13.010438333333333,80.00381166666666,00381166666666,2025-09-04T23:20:03.982507
TN 87 1040,7428,0.0,0.0,149.85,03/09/2025 03:42:18,13.010438333333333,80.00381166666666,00381166666666,2025-09-04T23:20:03.982736
TN 87 1040,7428,0.0,0.0,149.86,03/09/2025 03:42:08,13.010438333333333,80.00381166666666,00381166666666,2025-09-04T23:20:03.982933
TN 87 1040,7428,0.0,0.0,149.86,03/09/2025 03:41:58,13.010438333333333,80.00381166666666,00381166666666,2025-09-04T23:20:03.983133
TN 87 1040,7428,0.0,0.0,149.86,03/09/2025 03:41:49,13.010438333333333,80.00381166666666,00381166666666,2025-09-04T23:20:03.983304
TN 87 1040,7428,0.0,0.0,149.87,03/09/2025 03:41:38,13.010438333333333,80.00381166666666,00381166666666,2025-09-04T23:20:03.983476
TN 87 1040,7428,0.0,0.0,149.87,03/09/2025 03:41:31,13.010438333333333,80.00381166666666,00381166666666,2025-09-04T23:20:03.983681
TN 87 1040,7428,0.0,0.0,149.87,03/09/2025 03:41:18,13.010438333333333,80.00381166666666,00381166666666,2025-09-04T23:20:03.983850
TN 87 1040,7428,0.0,0.0,149.88,03/09/2025 03:41:09,13.010438333333333,80.00381166666666,00381166666666,2025-09-04T23:20:03.984007
TN 87 1040,7428,0.0,0.0,149.87,03/09/2025 03:40:59,13.010438333333333,80.00381166666666,00381166666666,2025-09-04T23:20:03.984166
TN 87 1040,7428,0.0,0.0,149.88,03/09/2025 03:40:49,13.010438333333333,80.00381166666666,00381166666666,2025-09-04T23:20:03.984330
TN 87 1040,7428,0.0,0.0,149.88,03/09/2025 03:40:39,13.010438333333333,80.00381166666666,00381166666666,2025-09-04T23:20:03.984470
TN 87 1040,7428,0.0,0.0,149.88,03/09/2025 03:40:33,13.010438333333333,80.00381166666666,00381166666666,2025-09-04T23:20:03.984627
TN 87 1040,7428,0.0,0.0,149.88,03/09/2025 03:40:19,13.010438333333333,80.00381166666666,00381166666666,2025-09-04T23:20:03.984763
TN 87 1040,7428,0.0,0.0,149.88,03/09/2025 03:40:10,13.010438333333333,80.00381166666666,00381166666666,2025-09-04T23:20:03.984920
TN 87 1040,7428,0.0,0.0,149.87,03/09/2025 03:40:00,13.010438333333333,80.00381166666666,00381166666666,2025-09-04T23:20:03.985097
TN 87 1040,7428,0.0,0.0,149.87,03/09/2025 03:39:50,13.010438333333333,80.00381166666666,00381166666666,2025-09-04T23:20:03.985238
TN 87 1040,7428,0.0,0.0,149.88,03/09/2025 03:39:40,13.010438333333333,80.00381166666666,00381166666666,2025-09-04T23:20:03.985389
TN 87 1040,7428,0.0,0.0,149.88,03/09/2025 03:39:34,13.010438333333333,80.00381166666666,00381166666666,2025-09-04T23:20:03.985538
TN 87 1040,7428,0.0,0.0,149.88,03/09/2025 03:39:21,13.010438333333333,80.00381166666666,00381166666666,2025-09-04T23:20:03.985800
TN 87 1040,7428,0.0,0.0,149.88,03/09/2025 03:39:11,13.010438333333333,80.00381166666666,00381166666666,2025-09-04T23:20:03.986015
TN 87 1040,7428,0.0,0.0,149.88,03/09/2025 03:39:01,13.010438333333333,80.00381166666666,00381166666666,2025-09-04T23:20:03.986238
TN 87 1040,7428,0.0,0.0,149.88,03/09/2025 03:38:51,13.010438333333333,80.00381166666666,00381166666666,2025-09-04T23:20:03.986488
TN 87 1040,7428,0.0,0.0,149.88,03/09/2025 03:38:41,13.010438333333333,80.00381166666666,00381166666666,2025-09-04T23:20:03.986724
TN 87 1040,7428,0.0,0.0,149.89,03/09/2025 03:38:34,13.010438333333333,80.00381166666666,00381166666666,2025-09-04T23:20:03.986952
TN 87 1040,7428,0.0,0.0,149.88,03/09/2025 03:38:21,13.010438333333333,80.00381166666666,00381166666666,2025-09-04T23:20:03.987153
TN 87 1040,7428,0.0,0.0,149.88,03/09/2025 03:38:12,13.010438333333333,80.00381166666666,00381166666666,2025-09-04T23:20:03.987328
TN 87 1040,7428,0.0,0.0,149.88,03/09/2025 03:38:02,13.010438333333333,80.00381166666666,00381166666666,2025-09-04T23:20:03.987528
TN 87 1040,7428,0.0,0.0,149.9,03/09/2025 03:37:52,13.010438333333333,80.00381166666666,00381166666666,2025-09-04T23:20:03.987731
TN 87 1040,7428,0.0,0.0,149.9,03/09/2025 03:37:42,13.010438333333333,80.00381166666666,00381166666666,2025-09-04T23:20:03.987936
TN 87 1040,7428,0.0,0.0,149.89,03/09/2025 03:37:35,13.010438333333333,80.00381166666666,00381166666666,2025-09-04T23:20:03.988176
TN 87 1040,7428,0.0,0.0,149.89,03/09/2025 03:37:22,13.010438333333333,80.00381166666666,00381166666666,2025-09-04T23:20:03.988376
TN 87 1040,7428,0.0,0.0,149.9,03/09/2025 03:37:12,13.010438333333333,80.00381166666666,00381166666666,2025-09-04T23:20:03.988577
TN 87 1040,7428,0.0,0.0,149.9,03/09/2025 03:37:03,13.010438333333333,80.00381166666666,00381166666666,2025-09-04T23:20:03.988768
TN 87 1040,7428,0.0,0.0,149.91,03/09/2025 03:36:53,13.010438333333333,80.00381166666666,00381166666666,2025-09-04T23:20:03.988943
TN 87 1040,7428,0.0,0.0,149.9,03/09/2025 03:36:44,13.010438333333333,80.00381166666666,00381166666666,2025-09-04T23:20:03.989118
TN 87 1040,7428,0.0,0.0,149.9,03/09/2025 03:36:36,13.010438333333333,80.00381166666666,00381166666666,2025-09-04T23:20:03.989284
TN 87 1040,7428,0.0,0.0,149.9,03/09/2025 03:36:23,13.010438333333333,80.00381166666666,00381166666666,2025-09-04T23:20:03.989445
TN 87 1040,7428,0.0,0.0,149.92,03/09/2025 03:36:13,13.010438333333333,80.00381166666666,00381166666666,2025-09-04T23:20:03.989604
TN 87 1040,7428,0.0,0.0,149.92,03/09/2025 03:36:04,13.010438333333333,80.00381166666666,00381166666666,2025-09-04T23:20:03.989767
TN 87 1040,7428,0.0,0.0,149.92,03/09/2025 03:35:55,13.010438333333333,80.00381166666666,00381166666666,2025-09-04T23:20:03.989956
TN 87 1040,7428,0.0,0.0,149.92,03/09/2025 03:35:44,13.010438333333333,80.00381166666666,00381166666666,2025-09-04T23:20:03.990141
TN 87 1040,7428,0.0,0.0,149.92,03/09/2025 03:35:37,13.010438333333333,80.00381166666666,00381166666666,2025-09-04T23:20:03.990372
TN 87 1040,7428,0.0,0.0,149.92,03/09/2025 03:35:24,13.010438333333333,80.00381166666666,00381166666666,2025-09-04T23:20:03.990594
TN 87 1040,7428,0.0,0.0,149.92,03/09/2025 03:35:14,13.010438333333333,80.00381166666666,00381166666666,2025-09-04T23:20:03.990792
TN 87 1040,7428,0.0,0.0,149.9,03/09/2025 03:35:05,13.010438333333333,80.00381166666666,00381166666666,2025-09-04T23:20:03.990995
TN 87 1040,7428,0.0,0.0,149.9,03/09/2025 03:34:55,13.010438333333333,80.00381166666666,00381166666666,2025-09-04T23:20:03.991190
TN 87 1040,7428,0.0,0.0,149.91,03/09/2025 03:34:45,13.010438333333333,80.00381166666666,00381166666666,2025-09-04T23:20:03.991368
TN 87 1040,7428,0.0,0.0,149.91,03/09/2025 03:34:39,13.010438333333333,80.00381166666666,00381166666666,2025-09-04T23:20:03.991539
TN 87 1040,7428,0.0,0.0,149.91,03/09/2025 03:34:25,13.010438333333333,80.00381166666666,00381166666666,2025-09-04T23:20:03.991705
TN 87 1040,7428,0.0,0.0,149.92,03/09/2025 03:34:16,13.010438333333333,80.00381166666666,00381166666666,2025-09-04T23:20:03.991883
TN 87 1040,7428,0.0,0.0,149.9,03/09/2025 03:34:05,13.010438333333333,80.00381166666666,00381166666666,2025-09-04T23:20:03.992065
TN 87 1040,7428,0.0,0.0,149.91,03/09/2025 03:33:56,13.010438333333333,80.00381166666666,00381166666666,2025-09-04T23:20:03.992260
TN 87 1040,7428,0.0,0.0,149.94,03/09/2025 03:33:46,13.010438333333333,80.00381166666666,00381166666666,2025-09-04T23:20:03.992422
TN 87 1040,7428,0.0,0.0,149.94,03/09/2025 03:33:39,13.010438333333333,80.00381166666666,00381166666666,2025-09-04T23:20:03.992593
TN 87 1040,7428,0.0,0.0,149.94,03/09/2025 03:33:27,13.010438333333333,80.00381166666666,00381166666666,2025-09-04T23:20:03.992760
TN 87 1040,7428,0.0,0.0,149.94,03/09/2025 03:33:16,13.010438333333333,80.00381166666666,00381166666666,2025-09-04T23:20:03.992927
TN 87 1040,7428,0.0,0.0,149.94,03/09/2025 03:33:06,13.010438333333333,80.00381166666666,00381166666666,2025-09-04T23:20:03.993097
TN 87 1040,7428,0.0,0.0,149.95,03/09/2025 03:32:57,13.010438333333333,80.00381166666666,00381166666666,2025-09-04T23:20:03.993254
TN 87 1040,7428,0.0,0.0,149.95,03/09/2025 03:32:47,13.010438333333333,80.00381166666666,00381166666666,2025-09-04T23:20:03.993419
TN 87 1040,7428,0.0,0.0,149.94,03/09/2025 03:32:40,13.010438333333333,80.00381166666666,00381166666666,2025-09-04T23:20:03.993584
TN 87 1040,7428,0.0,0.0,149.94,03/09/2025 03:32:27,13.010438333333333,80.00381166666666,00381166666666,2025-09-04T23:20:03.993745
TN 87 1040,7428,0.0,0.0,149.95,03/09/2025 03:32:17,13.010438333333333,80.00381166666666,00381166666666,2025-09-04T23:20:03.993964
TN 87 1040,7428,0.0,0.0,149.94,03/09/2025 03:32:07,13.010438333333333,80.00381166666666,00381166666666,2025-09-04T23:20:03.994146
TN 87 1040,7428,0.0,0.0,149.93,03/09/2025 03:31:58,13.010438333333333,80.00381166666666,00381166666666,2025-09-04T23:20:03.994301
TN 87 1040,7428,0.0,0.0,149.94,03/09/2025 03:31:48,13.010438333333333,80.00381166666666,00381166666666,2025-09-04T23:20:03.994506
TN 87 1040,7428,0.0,0.0,149.95,03/09/2025 03:31:41,13.010438333333333,80.00381166666666,00381166666666,2025-09-04T23:20:03.994689
TN 87 1040,7428,0.0,0.0,149.95,03/09/2025 03:31:28,13.010438333333333,80.00381166666666,00381166666666,2025-09-04T23:20:03.994856
TN 87 1040,7428,0.0,0.0,149.96,03/09/2025 03:31:18,13.010438333333333,80.00381166666666,00381166666666,2025-09-04T23:20:03.995032
TN 87 1040,7428,0.0,0.0,149.95,03/09/2025 03:31:08,13.010438333333333,80.00381166666666,00381166666666,2025-09-04T23:20:03.995227
TN 87 1040,7428,0.0,0.0,149.95,03/09/2025 03:30:59,13.010438333333333,80.00381166666666,00381166666666,2025-09-04T23:20:03.995401
TN 87 1040,7428,0.0,0.0,149.95,03/09/2025 03:30:49,13.010438333333333,80.00381166666666,00381166666666,2025-09-04T23:20:03.995609
TN 87 1040,7428,0.0,0.0,149.95,03/09/2025 03:30:42,13.010438333333333,80.00381166666666,00381166666666,2025-09-04T23:20:03.995802
TN 87 1040,7428,0.0,0.0,149.97,03/09/2025 03:30:29,13.010438333333333,80.00381166666666,00381166666666,2025-09-04T23:20:03.995981
TN 87 1040,7428,0.0,0.0,149.96,03/09/2025 03:30:19,13.010438333333333,80.00381166666666,00381166666666,2025-09-04T23:20:03.996192
TN 87 1040,7428,0.0,0.0,149.96,03/09/2025 03:30:10,13.010438333333333,80.00381166666666,00381166666666,2025-09-04T23:20:03.996392
TN 87 1040,7428,0.0,0.0,149.95,03/09/2025 03:29:59,13.010438333333333,80.00381166666666,00381166666666,2025-09-04T23:20:03.996571
TN 87 1040,7428,0.0,0.0,149.95,03/09/2025 03:29:50,13.010438333333333,80.00381166666666,00381166666666,2025-09-04T23:20:03.996731
TN 87 1040,7428,0.0,0.0,149.95,03/09/2025 03:29:44,13.010438333333333,80.00381166666666,00381166666666,2025-09-04T23:20:03.996880
TN 87 1040,7428,0.0,0.0,149.95,03/09/2025 03:29:30,13.010438333333333,80.00381166666666,00381166666666,2025-09-04T23:20:03.997031
TN 87 1040,7428,0.0,0.0,149.95,03/09/2025 03:29:20,13.010438333333333,80.00381166666666,00381166666666,2025-09-04T23:20:03.997174
TN 87 1040,7428,0.0,0.0,149.95,03/09/2025 03:29:10,13.010438333333333,80.00381166666666,00381166666666,2025-09-04T23:20:03.997316
TN 87 1040,7428,0.0,0.0,149.94,03/09/2025 03:29:00,13.010438333333333,80.00381166666666,00381166666666,2025-09-04T23:20:03.997447
TN 87 1040,7428,0.0,0.0,149.97,03/09/2025 03:28:51,13.010438333333333,80.00381166666666,00381166666666,2025-09-04T23:20:03.997594
TN 87 1040,7428,0.0,0.0,149.98,03/09/2025 03:28:45,13.010438333333333,80.00381166666666,00381166666666,2025-09-04T23:20:03.997719
TN 87 1040,7428,0.0,0.0,149.98,03/09/2025 03:28:31,13.010438333333333,80.00381166666666,00381166666666,2025-09-04T23:20:03.997840
TN 87 1040,7428,0.0,0.0,149.98,03/09/2025 03:28:21,13.010438333333333,80.00381166666666,00381166666666,2025-09-04T23:20:03.998008
TN 87 1040,7428,0.0,0.0,149.98,03/09/2025 03:28:11,13.010438333333333,80.00381166666666,00381166666666,2025-09-04T23:20:03.998180
TN 87 1040,7428,0.0,0.0,149.97,03/09/2025 03:28:01,13.010438333333333,80.00381166666666,00381166666666,2025-09-04T23:20:03.998350
TN 87 1040,7428,0.0,0.0,149.97,03/09/2025 03:27:51,13.010438333333333,80.00381166666666,00381166666666,2025-09-04T23:20:03.998506
TN 87 1040,7428,0.0,0.0,149.97,03/09/2025 03:27:44,13.010438333333333,80.00381166666666,00381166666666,2025-09-04T23:20:03.998667
TN 87 1040,7428,0.0,0.0,149.97,03/09/2025 03:27:33,13.010438333333333,80.00381166666666,00381166666666,2025-09-04T23:20:03.998834
TN 87 1040,7428,0.0,0.0,149.98,03/09/2025 03:27:22,13.010438333333333,80.00381166666666,00381166666666,2025-09-04T23:20:03.998990
TN 87 1040,7428,0.0,0.0,149.98,03/09/2025 03:27:12,13.010438333333333,80.00381166666666,00381166666666,2025-09-04T23:20:03.999153
TN 87 1040,7428,0.0,0.0,149.99,03/09/2025 03:27:02,13.010438333333333,80.00381166666666,00381166666666,2025-09-04T23:20:03.999317
TN 87 1040,7428,0.0,0.0,149.97,03/09/2025 03:26:52,13.010438333333333,80.00381166666666,00381166666666,2025-09-04T23:20:03.999494
TN 87 1040,7428,0.0,0.0,149.97,03/09/2025 03:26:45,13.010438333333333,80.00381166666666,00381166666666,2025-09-04T23:20:03.999660
TN 87 1040,7428,0.0,0.0,149.97,03/09/2025 03:26:33,13.010438333333333,80.00381166666666,00381166666666,2025-09-04T23:20:03.999809
TN 87 1040,7428,0.0,0.0,149.98,03/09/2025 03:26:23,13.010438333333333,80.00381166666666,00381166666666,2025-09-04T23:20:04.000046
TN 87 1040,7428,0.0,0.0,149.97,03/09/2025 03:26:13,13.010438333333333,80.00381166666666,00381166666666,2025-09-04T23:20:04.000233
TN 87 1040,7428,0.0,0.0,149.97,03/09/2025 03:26:03,13.010438333333333,80.00381166666666,00381166666666,2025-09-04T23:20:04.000436
TN 87 1040,7428,0.0,0.0,149.98,03/09/2025 03:25:54,13.010438333333333,80.00381166666666,00381166666666,2025-09-04T23:20:04.000659
TN 87 1040,7428,0.0,0.0,149.99,03/09/2025 03:25:46,13.010438333333333,80.00381166666666,00381166666666,2025-09-04T23:20:04.000878
TN 87 1040,7428,0.0,0.0,149.99,03/09/2025 03:25:34,13.010438333333333,80.00381166666666,00381166666666,2025-09-04T23:20:04.001097
TN 87 1040,7428,0.0,0.0,149.99,03/09/2025 03:25:24,13.010438333333333,80.00381166666666,00381166666666,2025-09-04T23:20:04.001332
TN 87 1040,7428,0.0,0.0,149.99,03/09/2025 03:25:14,13.010438333333333,80.00381166666666,00381166666666,2025-09-04T23:20:04.001574
TN 87 1040,7428,0.0,0.0,149.99,03/09/2025 03:25:05,13.010438333333333,80.00381166666666,00381166666666,2025-09-04T23:20:04.001780
TN 87 1040,7428,0.0,0.0,150.0,03/09/2025 03:24:54,13.010438333333333,80.00381166666666,00381166666666,2025-09-04T23:20:04.002002
TN 87 1040,7428,0.0,0.0,149.99,03/09/2025 03:24:47,13.010438333333333,80.00381166666666,00381166666666,2025-09-04T23:20:04.002283
TN 87 1040,7428,0.0,0.0,149.99,03/09/2025 03:24:35,13.010438333333333,80.00381166666666,00381166666666,2025-09-04T23:20:04.002467
TN 87 1040,7428,0.0,0.0,149.99,03/09/2025 03:24:25,13.010438333333333,80.00381166666666,00381166666666,2025-09-04T23:20:04.002635
TN 87 1040,7428,0.0,0.0,149.99,03/09/2025 03:24:16,13.010438333333333,80.00381166666666,00381166666666,2025-09-04T23:20:04.002796
TN 87 1040,7428,0.0,0.0,149.99,03/09/2025 03:24:05,13.010438333333333,80.00381166666666,00381166666666,2025-09-04T23:20:04.002980
TN 87 1040,7428,0.0,0.0,149.99,03/09/2025 03:23:55,13.010438333333333,80.00381166666666,00381166666666,2025-09-04T23:20:04.003146
TN 87 1040,7428,0.0,0.0,150.0,03/09/2025 03:23:49,13.010438333333333,80.00381166666666,00381166666666,2025-09-04T23:20:04.003317
TN 87 1040,7428,0.0,0.0,150.01,03/09/2025 03:23:36,13.010438333333333,80.00381166666666,00381166666666,2025-09-04T23:20:04.003476
TN 87 1040,7428,0.0,0.0,150.01,03/09/2025 03:23:26,13.010438333333333,80.00381166666666,00381166666666,2025-09-04T23:20:04.003639
TN 87 1040,7428,0.0,0.0,150.01,03/09/2025 03:23:16,13.010438333333333,80.00381166666666,00381166666666,2025-09-04T23:20:04.003795
TN 87 1040,7428,0.0,0.0,150.01,03/09/2025 03:23:06,13.010438333333333,80.00381166666666,00381166666666,2025-09-04T23:20:04.003946
TN 87 1040,7428,0.0,0.0,150.02,03/09/2025 03:22:56,13.010438333333333,80.00381166666666,00381166666666,2025-09-04T23:20:04.004121
TN 87 1040,7428,0.0,0.0,150.01,03/09/2025 03:22:49,13.010438333333333,80.00381166666666,00381166666666,2025-09-04T23:20:04.004299
TN 87 1040,7428,0.0,0.0,150.01,03/09/2025 03:22:37,13.010438333333333,80.00381166666666,00381166666666,2025-09-04T23:20:04.004460
TN 87 1040,7428,0.0,0.0,150.01,03/09/2025 03:22:27,13.010438333333333,80.00381166666666,00381166666666,2025-09-04T23:20:04.004624
TN 87 1040,7428,0.0,0.0,150.01,03/09/2025 03:22:17,13.010438333333333,80.00381166666666,00381166666666,2025-09-04T23:20:04.004789
TN 87 1040,7428,0.0,0.0,150.01,03/09/2025 03:22:07,13.010438333333333,80.00381166666666,00381166666666,2025-09-04T23:20:04.004957
TN 87 1040,7428,0.0,0.0,150.01,03/09/2025 03:21:57,13.010438333333333,80.00381166666666,00381166666666,2025-09-04T23:20:04.005129
TN 87 1040,7428,0.0,0.0,150.01,03/09/2025 03:21:50,13.010438333333333,80.00381166666666,00381166666666,2025-09-04T23:20:04.005289
TN 87 1040,7428,0.0,0.0,150.01,03/09/2025 03:21:38,13.010438333333333,80.00381166666666,00381166666666,2025-09-04T23:20:04.005464
TN 87 1040,7428,0.0,0.0,150.01,03/09/2025 03:21:28,13.010438333333333,80.00381166666666,00381166666666,2025-09-04T23:20:04.005678
TN 87 1040,7428,0.0,0.0,150.01,03/09/2025 03:21:18,13.010438333333333,80.00381166666666,00381166666666,2025-09-04T23:20:04.005863
TN 87 1040,7428,0.0,0.0,150.01,03/09/2025 03:21:08,13.010438333333333,80.00381166666666,00381166666666,2025-09-04T23:20:04.006055
TN 87 1040,7428,0.0,0.0,150.02,03/09/2025 03:20:59,13.010438333333333,80.00381166666666,00381166666666,2025-09-04T23:20:04.006243
TN 87 1040,7428,0.0,0.0,150.03,03/09/2025 03:20:51,13.010438333333333,80.00381166666666,00381166666666,2025-09-04T23:20:04.006416
TN 87 1040,7428,0.0,0.0,150.03,03/09/2025 03:20:38,13.010438333333333,80.00381166666666,00381166666666,2025-09-04T23:20:04.006560
TN 87 1040,7428,0.0,0.0,150.03,03/09/2025 03:20:29,13.010438333333333,80.00381166666666,00381166666666,2025-09-04T23:20:04.006725
TN 87 1040,7428,0.0,0.0,150.03,03/09/2025 03:20:19,13.010438333333333,80.00381166666666,00381166666666,2025-09-04T23:20:04.006897
TN 87 1040,7428,0.0,0.0,150.03,03/09/2025 03:20:09,13.010438333333333,80.00381166666666,00381166666666,2025-09-04T23:20:04.007056
TN 87 1040,7428,0.0,0.0,150.03,03/09/2025 03:19:59,13.010438333333333,80.00381166666666,00381166666666,2025-09-04T23:20:04.007215
TN 87 1040,7428,0.0,0.0,150.03,03/09/2025 03:19:52,13.010438333333333,80.00381166666666,00381166666666,2025-09-04T23:20:04.007376
TN 87 1040,7428,0.0,0.0,150.03,03/09/2025 03:19:39,13.010438333333333,80.00381166666666,00381166666666,2025-09-04T23:20:04.007541
TN 87 1040,7428,0.0,0.0,150.05,03/09/2025 03:19:30,13.010438333333333,80.00381166666666,00381166666666,2025-09-04T23:20:04.007697
TN 87 1040,7428,0.0,0.0,150.05,03/09/2025 03:19:20,13.010438333333333,80.00381166666666,00381166666666,2025-09-04T23:20:04.007847
TN 87 1040,7428,0.0,0.0,150.03,03/09/2025 03:19:10,13.010438333333333,80.00381166666666,00381166666666,2025-09-04T23:20:04.008024
TN 87 1040,7428,0.0,0.0,150.03,03/09/2025 03:19:00,13.010438333333333,80.00381166666666,00381166666666,2025-09-04T23:20:04.008186
TN 87 1040,7428,0.0,0.0,150.03,03/09/2025 03:18:54,13.010438333333333,80.00381166666666,00381166666666,2025-09-04T23:20:04.008349
TN 87 1040,7428,0.0,0.0,150.05,03/09/2025 03:18:40,13.010438333333333,80.00381166666666,00381166666666,2025-09-04T23:20:04.008522
TN 87 1040,7428,0.0,0.0,150.05,03/09/2025 03:18:31,13.010438333333333,80.00381166666666,00381166666666,2025-09-04T23:20:04.008689
TN 87 1040,7428,0.0,0.0,150.05,03/09/2025 03:18:21,13.010438333333333,80.00381166666666,00381166666666,2025-09-04T23:20:04.008855
TN 87 1040,7428,0.0,0.0,150.05,03/09/2025 03:18:11,13.010438333333333,80.00381166666666,00381166666666,2025-09-04T23:20:04.009015
TN 87 1040,7428,0.0,0.0,150.05,03/09/2025 03:18:01,13.010438333333333,80.00381166666666,00381166666666,2025-09-04T23:20:04.009193
TN 87 1040,7428,0.0,0.0,150.05,03/09/2025 03:17:55,13.010438333333333,80.00381166666666,00381166666666,2025-09-04T23:20:04.009403
TN 87 1040,7428,0.0,0.0,150.05,03/09/2025 03:17:41,13.010438333333333,80.00381166666666,00381166666666,2025-09-04T23:20:04.009625
TN 87 1040,7428,0.0,0.0,150.07,03/09/2025 03:17:31,13.010438333333333,80.00381166666666,00381166666666,2025-09-04T23:20:04.009825
TN 87 1040,7428,0.0,0.0,150.04,03/09/2025 03:17:22,13.010438333333333,80.00381166666666,00381166666666,2025-09-04T23:20:04.010076
TN 87 1040,7428,0.0,0.0,150.04,03/09/2025 03:17:12,13.010438333333333,80.00381166666666,00381166666666,2025-09-04T23:20:04.010272
TN 87 1040,7428,0.0,0.0,150.05,03/09/2025 03:17:02,13.010438333333333,80.00381166666666,00381166666666,2025-09-04T23:20:04.010490
TN 87 1040,7428,0.0,0.0,150.05,03/09/2025 03:16:55,13.010438333333333,80.00381166666666,00381166666666,2025-09-04T23:20:04.010729
TN 87 1040,7428,0.0,0.0,150.05,03/09/2025 03:16:43,13.010438333333333,80.00381166666666,00381166666666,2025-09-04T23:20:04.010974
TN 87 1040,7428,0.0,0.0,150.05,03/09/2025 03:16:32,13.010438333333333,80.00381166666666,00381166666666,2025-09-04T23:20:04.011177
TN 87 1040,7428,0.0,0.0,150.04,03/09/2025 03:16:23,13.010438333333333,80.00381166666666,00381166666666,2025-09-04T23:20:04.011366
TN 87 1040,7428,0.0,0.0,150.04,03/09/2025 03:16:13,13.010438333333333,80.00381166666666,00381166666666,2025-09-04T23:20:04.011538
TN 87 1040,7428,0.0,0.0,150.03,03/09/2025 03:16:03,13.010438333333333,80.00381166666666,00381166666666,2025-09-04T23:20:04.011711
TN 87 1040,7428,0.0,0.0,150.07,03/09/2025 03:15:56,13.010438333333333,80.00381166666666,00381166666666,2025-09-04T23:20:04.011877
TN 87 1040,7428,0.0,0.0,150.07,03/09/2025 03:15:43,13.010438333333333,80.00381166666666,00381166666666,2025-09-04T23:20:04.012042
TN 87 1040,7428,0.0,0.0,150.07,03/09/2025 03:15:33,13.010438333333333,80.00381166666666,00381166666666,2025-09-04T23:20:04.012215
TN 87 1040,7428,0.0,0.0,150.07,03/09/2025 03:15:24,13.010438333333333,80.00381166666666,00381166666666,2025-09-04T23:20:04.012364
TN 87 1040,7428,0.0,0.0,150.08,03/09/2025 03:15:14,13.010438333333333,80.00381166666666,00381166666666,2025-09-04T23:20:04.012513
TN 87 1040,7428,0.0,0.0,150.07,03/09/2025 03:15:05,13.010438333333333,80.00381166666666,00381166666666,2025-09-04T23:20:04.012677
TN 87 1040,7428,0.0,0.0,150.05,03/09/2025 03:14:57,13.010438333333333,80.00381166666666,00381166666666,2025-09-04T23:20:04.012854
TN 87 1040,7428,0.0,0.0,150.07,03/09/2025 03:14:44,13.010438333333333,80.00381166666666,00381166666666,2025-09-04T23:20:04.013432
TN 87 1040,7428,0.0,0.0,150.08,03/09/2025 03:14:34,13.010438333333333,80.00381166666666,00381166666666,2025-09-04T23:20:04.013629
TN 87 1040,7428,0.0,0.0,150.08,03/09/2025 03:14:24,13.010438333333333,80.00381166666666,00381166666666,2025-09-04T23:20:04.013814
TN 87 1040,7428,0.0,0.0,150.07,03/09/2025 03:14:15,13.010438333333333,80.00381166666666,00381166666666,2025-09-04T23:20:04.013993
TN 87 1040,7428,0.0,0.0,150.09,03/09/2025 03:14:05,13.010438333333333,80.00381166666666,00381166666666,2025-09-04T23:20:04.014164
TN 87 1040,7428,0.0,0.0,150.09,03/09/2025 03:13:58,13.010438333333333,80.00381166666666,00381166666666,2025-09-04T23:20:04.014344
TN 87 1040,7428,0.0,0.0,150.09,03/09/2025 03:13:45,13.010438333333333,80.00381166666666,00381166666666,2025-09-04T23:20:04.014542
TN 87 1040,7428,0.0,0.0,150.09,03/09/2025 03:13:35,13.010438333333333,80.00381166666666,00381166666666,2025-09-04T23:20:04.014742
TN 87 1040,7428,0.0,0.0,150.09,03/09/2025 03:13:26,13.010438333333333,80.00381166666666,00381166666666,2025-09-04T23:20:04.014961
TN 87 1040,7428,0.0,0.0,150.07,03/09/2025 03:13:16,13.010438333333333,80.00381166666666,00381166666666,2025-09-04T23:20:04.015195
TN 87 1040,7428,0.0,0.0,150.07,03/09/2025 03:13:06,13.010438333333333,80.00381166666666,00381166666666,2025-09-04T23:20:04.015417
TN 87 1040,7428,0.0,0.0,150.07,03/09/2025 03:13:00,13.010438333333333,80.00381166666666,00381166666666,2025-09-04T23:20:04.015636
TN 87 1040,7428,0.0,0.0,150.08,03/09/2025 03:12:46,13.010438333333333,80.00381166666666,00381166666666,2025-09-04T23:20:04.015836
TN 87 1040,7428,0.0,0.0,150.09,03/09/2025 03:12:37,13.010438333333333,80.00381166666666,00381166666666,2025-09-04T23:20:04.016035
TN 87 1040,7428,0.0,0.0,150.1,03/09/2025 03:12:26,13.010438333333333,80.00381166666666,00381166666666,2025-09-04T23:20:04.016260
TN 87 1040,7428,0.0,0.0,150.09,03/09/2025 03:12:17,13.010438333333333,80.00381166666666,00381166666666,2025-09-04T23:20:04.016466
TN 87 1040,7428,0.0,0.0,150.09,03/09/2025 03:12:07,13.010438333333333,80.00381166666666,00381166666666,2025-09-04T23:20:04.016644
TN 87 1040,7428,0.0,0.0,150.09,03/09/2025 03:12:00,13.010438333333333,80.00381166666666,00381166666666,2025-09-04T23:20:04.016834
TN 87 1040,7428,0.0,0.0,150.09,03/09/2025 03:11:48,13.010438333333333,80.00381166666666,00381166666666,2025-09-04T23:20:04.017007
TN 87 1040,7428,0.0,0.0,150.09,03/09/2025 03:11:37,13.010438333333333,80.00381166666666,00381166666666,2025-09-04T23:20:04.017182
TN 87 1040,7428,0.0,0.0,150.09,03/09/2025 03:11:27,13.010438333333333,80.00381166666666,00381166666666,2025-09-04T23:20:04.017346
TN 87 1040,7428,0.0,0.0,150.09,03/09/2025 03:11:17,13.010438333333333,80.00381166666666,00381166666666,2025-09-04T23:20:04.017505
TN 87 1040,7428,0.0,0.0,150.1,03/09/2025 03:11:08,13.010438333333333,80.00381166666666,00381166666666,2025-09-04T23:20:04.017667
TN 87 1040,7428,0.0,0.0,150.11,03/09/2025 03:11:01,13.010438333333333,80.00381166666666,00381166666666,2025-09-04T23:20:04.017865
TN 87 1040,7428,0.0,0.0,150.1,03/09/2025 03:10:48,13.010438333333333,80.00381166666666,00381166666666,2025-09-04T23:20:04.018045
TN 87 1040,7428,0.0,0.0,150.09,03/09/2025 03:10:38,13.010438333333333,80.00381166666666,00381166666666,2025-09-04T23:20:04.018216
TN 87 1040,7428,0.0,0.0,150.09,03/09/2025 03:10:28,13.010438333333333,80.00381166666666,00381166666666,2025-09-04T23:20:04.018388
TN 87 1040,7428,0.0,0.0,150.07,03/09/2025 03:10:18,13.010438333333333,80.00381166666666,00381166666666,2025-09-04T23:20:04.018552
TN 87 1040,7428,0.0,0.0,150.09,03/09/2025 03:10:09,13.010438333333333,80.00381166666666,00381166666666,2025-09-04T23:20:04.018713
TN 87 1040,7428,0.0,0.0,150.09,03/09/2025 03:10:02,13.010438333333333,80.00381166666666,00381166666666,2025-09-04T23:20:04.018872
TN 87 1040,7428,0.0,0.0,150.09,03/09/2025 03:09:49,13.010438333333333,80.00381166666666,00381166666666,2025-09-04T23:20:04.019037
TN 87 1040,7428,0.0,0.0,150.09,03/09/2025 03:09:39,13.010438333333333,80.00381166666666,00381166666666,2025-09-04T23:20:04.019226
TN 87 1040,7428,0.0,0.0,150.1,03/09/2025 03:09:29,13.010438333333333,80.00381166666666,00381166666666,2025-09-04T23:20:04.019398
TN 87 1040,7428,0.0,0.0,150.11,03/09/2025 03:09:20,13.010438333333333,80.00381166666666,00381166666666,2025-09-04T23:20:04.019560
TN 87 1040,7428,0.0,0.0,150.12,03/09/2025 03:09:10,13.010438333333333,80.00381166666666,00381166666666,2025-09-04T23:20:04.019727
TN 87 1040,7428,0.0,0.0,150.11,03/09/2025 03:09:02,13.010438333333333,80.00381166666666,00381166666666,2025-09-04T23:20:04.019926
TN 87 1040,7428,0.0,0.0,150.11,03/09/2025 03:08:50,13.010438333333333,80.00381166666666,00381166666666,2025-09-04T23:20:04.020124
TN 87 1040,7428,0.0,0.0,150.11,03/09/2025 03:08:40,13.010438333333333,80.00381166666666,00381166666666,2025-09-04T23:20:04.020321
TN 87 1040,7428,0.0,0.0,150.11,03/09/2025 03:08:30,13.010438333333333,80.00381166666666,00381166666666,2025-09-04T23:20:04.020496
TN 87 1040,7428,0.0,0.0,150.11,03/09/2025 03:08:20,13.010438333333333,80.00381166666666,00381166666666,2025-09-04T23:20:04.020691
TN 87 1040,7428,0.0,0.0,150.11,03/09/2025 03:08:10,13.010438333333333,80.00381166666666,00381166666666,2025-09-04T23:20:04.020895
TN 87 1040,7428,0.0,0.0,150.11,03/09/2025 03:08:03,13.010438333333333,80.00381166666666,00381166666666,2025-09-04T23:20:04.021098
TN 87 1040,7428,0.0,0.0,150.12,03/09/2025 03:07:51,13.010438333333333,80.00381166666666,00381166666666,2025-09-04T23:20:04.021291
TN 87 1040,7428,0.0,0.0,150.13,03/09/2025 03:07:41,13.010438333333333,80.00381166666666,00381166666666,2025-09-04T23:20:04.021458
TN 87 1040,7428,0.0,0.0,150.13,03/09/2025 03:07:31,13.010438333333333,80.00381166666666,00381166666666,2025-09-04T23:20:04.021637
TN 87 1040,7428,0.0,0.0,150.14,03/09/2025 03:07:21,13.010438333333333,80.00381166666666,00381166666666,2025-09-04T23:20:04.021835
TN 87 1040,7428,0.0,0.0,150.12,03/09/2025 03:07:11,13.010438333333333,80.00381166666666,00381166666666,2025-09-04T23:20:04.022025
TN 87 1040,7428,0.0,0.0,150.12,03/09/2025 03:07:06,13.010438333333333,80.00381166666666,00381166666666,2025-09-04T23:20:04.022214
TN 87 1040,7428,0.0,0.0,150.11,03/09/2025 03:06:52,13.010438333333333,80.00381166666666,00381166666666,2025-09-04T23:20:04.022381
TN 87 1040,7428,0.0,0.0,150.11,03/09/2025 03:06:43,13.010438333333333,80.00381166666666,00381166666666,2025-09-04T23:20:04.022523
TN 87 1040,7428,0.0,0.0,150.12,03/09/2025 03:06:32,13.010438333333333,80.00381166666666,00381166666666,2025-09-04T23:20:04.022650
TN 87 1040,7428,0.0,0.0,150.13,03/09/2025 03:06:22,13.010438333333333,80.00381166666666,00381166666666,2025-09-04T23:20:04.022824
TN 87 1040,7428,0.0,0.0,150.14,03/09/2025 03:06:12,13.010438333333333,80.00381166666666,00381166666666,2025-09-04T23:20:04.022990
TN 87 1040,7428,0.0,0.0,150.14,03/09/2025 03:06:05,13.010438333333333,80.00381166666666,00381166666666,2025-09-04T23:20:04.023165
TN 87 1040,7428,0.0,0.0,150.15,03/09/2025 03:05:54,13.010438333333333,80.00381166666666,00381166666666,2025-09-04T23:20:04.023325
TN 87 1040,7428,0.0,0.0,150.14,03/09/2025 03:05:43,13.010438333333333,80.00381166666666,00381166666666,2025-09-04T23:20:04.023456
TN 87 1040,7428,0.0,0.0,150.15,03/09/2025 03:05:33,13.010438333333333,80.00381166666666,00381166666666,2025-09-04T23:20:04.023623
TN 87 1040,7428,0.0,0.0,150.15,03/09/2025 03:05:23,13.010438333333333,80.00381166666666,00381166666666,2025-09-04T23:20:04.023793
TN 87 1040,7428,0.0,0.0,150.14,03/09/2025 03:05:13,13.010438333333333,80.00381166666666,00381166666666,2025-09-04T23:20:04.023954
TN 87 1040,7428,0.0,0.0,150.15,03/09/2025 03:05:06,13.010438333333333,80.00381166666666,00381166666666,2025-09-04T23:20:04.024120
TN 87 1040,7428,0.0,0.0,150.16,03/09/2025 03:04:54,13.010438333333333,80.00381166666666,00381166666666,2025-09-04T23:20:04.024282
TN 87 1040,7428,0.0,0.0,150.16,03/09/2025 03:04:44,13.010438333333333,80.00381166666666,00381166666666,2025-09-04T23:20:04.024411
TN 87 1040,7428,0.0,0.0,150.16,03/09/2025 03:04:34,13.010438333333333,80.00381166666666,00381166666666,2025-09-04T23:20:04.024535
TN 87 1040,7428,0.0,0.0,150.16,03/09/2025 03:04:24,13.010438333333333,80.00381166666666,00381166666666,2025-09-04T23:20:04.024661
TN 87 1040,7428,0.0,0.0,150.15,03/09/2025 03:04:15,13.010438333333333,80.00381166666666,00381166666666,2025-09-04T23:20:04.024798
TN 87 1040,7428,0.0,0.0,150.16,03/09/2025 03:04:07,13.010438333333333,80.00381166666666,00381166666666,2025-09-04T23:20:04.025017
TN 87 1040,7428,0.0,0.0,150.16,03/09/2025 03:03:55,13.010438333333333,80.00381166666666,00381166666666,2025-09-04T23:20:04.025244
TN 87 1040,7428,0.0,0.0,150.15,03/09/2025 03:03:45,13.010438333333333,80.00381166666666,00381166666666,2025-09-04T23:20:04.025420
TN 87 1040,7428,0.0,0.0,150.15,03/09/2025 03:03:35,13.010438333333333,80.00381166666666,00381166666666,2025-09-04T23:20:04.025586
TN 87 1040,7428,0.0,0.0,150.15,03/09/2025 03:03:26,13.010438333333333,80.00381166666666,00381166666666,2025-09-04T23:20:04.025771
TN 87 1040,7428,0.0,0.0,150.16,03/09/2025 03:03:15,13.010438333333333,80.00381166666666,00381166666666,2025-09-04T23:20:04.025987
TN 87 1040,7428,0.0,0.0,150.16,03/09/2025 03:03:08,13.010438333333333,80.00381166666666,00381166666666,2025-09-04T23:20:04.026187
TN 87 1040,7428,0.0,0.0,150.16,03/09/2025 03:02:56,13.010438333333333,80.00381166666666,00381166666666,2025-09-04T23:20:04.026397
TN 87 1040,7428,0.0,0.0,150.17,03/09/2025 03:02:46,13.010438333333333,80.00381166666666,00381166666666,2025-09-04T23:20:04.026575
TN 87 1040,7428,0.0,0.0,150.17,03/09/2025 03:02:36,13.010438333333333,80.00381166666666,00381166666666,2025-09-04T23:20:04.026795
TN 87 1040,7428,0.0,0.0,150.17,03/09/2025 03:02:26,13.010438333333333,80.00381166666666,00381166666666,2025-09-04T23:20:04.027017
TN 87 1040,7428,0.0,0.0,150.16,03/09/2025 03:02:16,13.010438333333333,80.00381166666666,00381166666666,2025-09-04T23:20:04.027226
TN 87 1040,7428,0.0,0.0,150.16,03/09/2025 03:02:10,13.010438333333333,80.00381166666666,00381166666666,2025-09-04T23:20:04.027418
TN 87 1040,7428,0.0,0.0,150.17,03/09/2025 03:01:56,13.010438333333333,80.00381166666666,00381166666666,2025-09-04T23:20:04.027632
TN 87 1040,7428,0.0,0.0,150.17,03/09/2025 03:01:47,13.010438333333333,80.00381166666666,00381166666666,2025-09-04T23:20:04.027825
TN 87 1040,7428,0.0,0.0,150.17,03/09/2025 03:01:37,13.010438333333333,80.00381166666666,00381166666666,2025-09-04T23:20:04.028035
TN 87 1040,7428,0.0,0.0,150.17,03/09/2025 03:01:27,13.010438333333333,80.00381166666666,00381166666666,2025-09-04T23:20:04.028237
TN 87 1040,7428,0.0,0.0,150.17,03/09/2025 03:01:17,13.010438333333333,80.00381166666666,00381166666666,2025-09-04T23:20:04.028417
TN 87 1040,7428,0.0,0.0,150.18,03/09/2025 03:01:10,13.010438333333333,80.00381166666666,00381166666666,2025-09-04T23:20:04.028617
TN 87 1040,7428,0.0,0.0,150.18,03/09/2025 03:00:58,13.010438333333333,80.00381166666666,00381166666666,2025-09-04T23:20:04.028801
TN 87 1040,7428,0.0,0.0,150.18,03/09/2025 03:00:48,13.010438333333333,80.00381166666666,00381166666666,2025-09-04T23:20:04.028978
TN 87 1040,7428,0.0,0.0,150.18,03/09/2025 03:00:38,13.010438333333333,80.00381166666666,00381166666666,2025-09-04T23:20:04.029147
TN 87 1040,7428,0.0,0.0,150.17,03/09/2025 03:00:28,13.010438333333333,80.00381166666666,00381166666666,2025-09-04T23:20:04.029317
TN 87 1040,7428,0.0,0.0,150.16,03/09/2025 03:00:18,13.010438333333333,80.00381166666666,00381166666666,2025-09-04T23:20:04.029488
TN 87 1040,7428,0.0,0.0,150.19,03/09/2025 03:00:11,13.010438333333333,80.00381166666666,00381166666666,2025-09-04T23:20:04.029681
TN 87 1040,7428,0.0,0.0,150.19,03/09/2025 02:59:58,13.010438333333333,80.00381166666666,00381166666666,2025-09-04T23:20:04.029896
TN 87 1040,7428,0.0,0.0,150.19,03/09/2025 02:59:49,13.010438333333333,80.00381166666666,00381166666666,2025-09-04T23:20:04.030082
TN 87 1040,7428,0.0,0.0,150.2,03/09/2025 02:59:39,13.010438333333333,80.00381166666666,00381166666666,2025-09-04T23:20:04.030269
TN 87 1040,7428,0.0,0.0,150.18,03/09/2025 02:59:29,13.010438333333333,80.00381166666666,00381166666666,2025-09-04T23:20:04.030439
TN 87 1040,7428,0.0,0.0,150.18,03/09/2025 02:59:19,13.010438333333333,80.00381166666666,00381166666666,2025-09-04T23:20:04.030652
TN 87 1040,7428,0.0,0.0,150.18,03/09/2025 02:59:12,13.010438333333333,80.00381166666666,00381166666666,2025-09-04T23:20:04.030885
TN 87 1040,7428,0.0,0.0,150.2,03/09/2025 02:58:59,13.010438333333333,80.00381166666666,00381166666666,2025-09-04T23:20:04.031112
TN 87 1040,7428,0.0,0.0,150.2,03/09/2025 02:58:49,13.010438333333333,80.00381166666666,00381166666666,2025-09-04T23:20:04.031331
TN 87 1040,7428,0.0,0.0,150.2,03/09/2025 02:58:40,13.010438333333333,80.00381166666666,00381166666666,2025-09-04T23:20:04.031532
TN 87 1040,7428,0.0,0.0,150.2,03/09/2025 02:58:30,13.010438333333333,80.00381166666666,00381166666666,2025-09-04T23:20:04.031735
TN 87 1040,7428,0.0,0.0,150.2,03/09/2025 02:58:20,13.010438333333333,80.00381166666666,00381166666666,2025-09-04T23:20:04.031930
TN 87 1040,7428,0.0,0.0,150.19,03/09/2025 02:58:13,13.010438333333333,80.00381166666666,00381166666666,2025-09-04T23:20:04.032107
TN 87 1040,7428,0.0,0.0,150.19,03/09/2025 02:58:00,13.010438333333333,80.00381166666666,00381166666666,2025-09-04T23:20:04.032275
TN 87 1040,7428,0.0,0.0,150.2,03/09/2025 02:57:50,13.010438333333333,80.00381166666666,00381166666666,2025-09-04T23:20:04.032453
TN 87 1040,7428,0.0,0.0,150.2,03/09/2025 02:57:41,13.010438333333333,80.00381166666666,00381166666666,2025-09-04T23:20:04.032612
TN 87 1040,7428,0.0,0.0,150.2,03/09/2025 02:57:31,13.010438333333333,80.00381166666666,00381166666666,2025-09-04T23:20:04.032784
TN 87 1040,7428,0.0,0.0,150.22,03/09/2025 02:57:21,13.010438333333333,80.00381166666666,00381166666666,2025-09-04T23:20:04.032942
TN 87 1040,7428,0.0,0.0,150.22,03/09/2025 02:57:14,13.010438333333333,80.00381166666666,00381166666666,2025-09-04T23:20:04.033121
TN 87 1040,7428,0.0,0.0,150.22,03/09/2025 02:57:01,13.010438333333333,80.00381166666666,00381166666666,2025-09-04T23:20:04.033291
TN 87 1040,7428,0.0,0.0,150.21,03/09/2025 02:56:51,13.010438333333333,80.00381166666666,00381166666666,2025-09-04T23:20:04.033451
TN 87 1040,7428,0.0,0.0,150.2,03/09/2025 02:56:43,13.010438333333333,80.00381166666666,00381166666666,2025-09-04T23:20:04.033603
TN 87 1040,7428,0.0,0.0,150.19,03/09/2025 02:56:32,13.010438333333333,80.00381166666666,00381166666666,2025-09-04T23:20:04.033763
TN 87 1040,7428,0.0,0.0,150.2,03/09/2025 02:56:22,13.010438333333333,80.00381166666666,00381166666666,2025-09-04T23:20:04.033934
TN 87 1040,7428,0.0,0.0,150.22,03/09/2025 02:56:16,13.010438333333333,80.00381166666666,00381166666666,2025-09-04T23:20:04.034097
TN 87 1040,7428,0.0,0.0,150.22,03/09/2025 02:56:02,13.010438333333333,80.00381166666666,00381166666666,2025-09-04T23:20:04.034269
TN 87 1040,7428,0.0,0.0,150.22,03/09/2025 02:55:53,13.010438333333333,80.00381166666666,00381166666666,2025-09-04T23:20:04.034430
TN 87 1040,7428,0.0,0.0,150.23,03/09/2025 02:55:42,13.010438333333333,80.00381166666666,00381166666666,2025-09-04T23:20:04.034603
TN 87 1040,7428,0.0,0.0,150.24,03/09/2025 02:55:33,13.010438333333333,80.00381166666666,00381166666666,2025-09-04T23:20:04.034764
TN 87 1040,7428,0.0,0.0,150.24,03/09/2025 02:55:23,13.010438333333333,80.00381166666666,00381166666666,2025-09-04T23:20:04.034944
TN 87 1040,7428,0.0,0.0,150.22,03/09/2025 02:55:16,13.010438333333333,80.00381166666666,00381166666666,2025-09-04T23:20:04.035141
TN 87 1040,7428,0.0,0.0,150.22,03/09/2025 02:55:04,13.010438333333333,80.00381166666666,00381166666666,2025-09-04T23:20:04.035288
TN 87 1040,7428,0.0,0.0,150.22,03/09/2025 02:54:53,13.010438333333333,80.00381166666666,00381166666666,2025-09-04T23:20:04.035443
TN 87 1040,7428,0.0,0.0,150.22,03/09/2025 02:54:43,13.010438333333333,80.00381166666666,00381166666666,2025-09-04T23:20:04.035630
TN 87 1040,7428,0.0,0.0,150.22,03/09/2025 02:54:34,13.010438333333333,80.00381166666666,00381166666666,2025-09-04T23:20:04.035834
TN 87 1040,7428,0.0,0.0,150.22,03/09/2025 02:54:24,13.010438333333333,80.00381166666666,00381166666666,2025-09-04T23:20:04.036032
TN 87 1040,7428,0.0,0.0,150.22,03/09/2025 02:54:17,13.010438333333333,80.00381166666666,00381166666666,2025-09-04T23:20:04.036264
TN 87 1040,7428,0.0,0.0,150.22,03/09/2025 02:54:04,13.010438333333333,80.00381166666666,00381166666666,2025-09-04T23:20:04.036441
TN 87 1040,7428,0.0,0.0,150.21,03/09/2025 02:53:54,13.010438333333333,80.00381166666666,00381166666666,2025-09-04T23:20:04.036613
TN 87 1040,7428,0.0,0.0,150.26,03/09/2025 02:53:44,13.010438333333333,80.00381166666666,00381166666666,2025-09-04T23:20:04.036770
TN 87 1040,7428,0.0,0.0,150.26,03/09/2025 02:53:34,13.010438333333333,80.00381166666666,00381166666666,2025-09-04T23:20:04.036923
TN 87 1040,7428,0.0,0.0,150.26,03/09/2025 02:53:25,13.010438333333333,80.00381166666666,00381166666666,2025-09-04T23:20:04.037082
TN 87 1040,7428,0.0,0.0,150.26,03/09/2025 02:53:18,13.010438333333333,80.00381166666666,00381166666666,2025-09-04T23:20:04.037250
TN 87 1040,7428,0.0,0.0,150.26,03/09/2025 02:53:05,13.010438333333333,80.00381166666666,00381166666666,2025-09-04T23:20:04.037391
TN 87 1040,7428,0.0,0.0,150.24,03/09/2025 02:52:55,13.010438333333333,80.00381166666666,00381166666666,2025-09-04T23:20:04.037549
TN 87 1040,7428,0.0,0.0,150.24,03/09/2025 02:52:45,13.010438333333333,80.00381166666666,00381166666666,2025-09-04T23:20:04.037705
TN 87 1040,7428,0.0,0.0,150.23,03/09/2025 02:52:36,13.010438333333333,80.00381166666666,00381166666666,2025-09-04T23:20:04.037852
TN 87 1040,7428,0.0,0.0,150.24,03/09/2025 02:52:26,13.010438333333333,80.00381166666666,00381166666666,2025-09-04T23:20:04.037999
TN 87 1040,7428,0.0,0.0,150.24,03/09/2025 02:52:19,13.010438333333333,80.00381166666666,00381166666666,2025-09-04T23:20:04.038153
TN 87 1040,7428,0.0,0.0,150.27,03/09/2025 02:52:06,13.010438333333333,80.00381166666666,00381166666666,2025-09-04T23:20:04.038293
TN 87 1040,7428,0.0,0.0,150.26,03/09/2025 02:51:56,13.010438333333333,80.00381166666666,00381166666666,2025-09-04T23:20:04.038440
TN 87 1040,7428,0.0,0.0,150.26,03/09/2025 02:51:47,13.010438333333333,80.00381166666666,00381166666666,2025-09-04T23:20:04.038571
TN 87 1040,7428,0.0,0.0,150.25,03/09/2025 02:51:36,13.010438333333333,80.00381166666666,00381166666666,2025-09-04T23:20:04.038747
TN 87 1040,7428,0.0,0.0,150.26,03/09/2025 02:51:27,13.010438333333333,80.00381166666666,00381166666666,2025-09-04T23:20:04.038923
TN 87 1040,7428,0.0,0.0,150.26,03/09/2025 02:51:21,13.010438333333333,80.00381166666666,00381166666666,2025-09-04T23:20:04.039096
TN 87 1040,7428,0.0,0.0,150.25,03/09/2025 02:51:07,13.010438333333333,80.00381166666666,00381166666666,2025-09-04T23:20:04.039256
TN 87 1040,7428,0.0,0.0,150.24,03/09/2025 02:50:58,13.010438333333333,80.00381166666666,00381166666666,2025-09-04T23:20:04.039385
TN 87 1040,7428,0.0,0.0,150.24,03/09/2025 02:50:47,13.010438333333333,80.00381166666666,00381166666666,2025-09-04T23:20:04.039509
TN 87 1040,7428,0.0,0.0,150.27,03/09/2025 02:50:37,13.010438333333333,80.00381166666666,00381166666666,2025-09-04T23:20:04.039642
TN 87 1040,7428,0.0,0.0,150.27,03/09/2025 02:50:27,13.010438333333333,80.00381166666666,00381166666666,2025-09-04T23:20:04.039820
TN 87 1040,7428,0.0,0.0,150.28,03/09/2025 02:50:20,13.010438333333333,80.00381166666666,00381166666666,2025-09-04T23:20:04.040167
TN 87 1040,7428,0.0,0.0,150.28,03/09/2025 02:50:08,13.010438333333333,80.00381166666666,00381166666666,2025-09-04T23:20:04.040371
TN 87 1040,7428,0.0,0.0,150.27,03/09/2025 02:49:58,13.010438333333333,80.00381166666666,00381166666666,2025-09-04T23:20:04.040615
TN 87 1040,7428,0.0,0.0,150.26,03/09/2025 02:49:48,13.010438333333333,80.00381166666666,00381166666666,2025-09-04T23:20:04.040839
TN 87 1040,7428,0.0,0.0,150.27,03/09/2025 02:49:38,13.010438333333333,80.00381166666666,00381166666666,2025-09-04T23:20:04.041034
TN 87 1040,7428,0.0,0.0,150.26,03/09/2025 02:49:28,13.010438333333333,80.00381166666666,00381166666666,2025-09-04T23:20:04.041260
TN 87 1040,7428,0.0,0.0,150.27,03/09/2025 02:49:21,13.010438333333333,80.00381166666666,00381166666666,2025-09-04T23:20:04.041516
TN 87 1040,7428,0.0,0.0,150.28,03/09/2025 02:49:09,13.010438333333333,80.00381166666666,00381166666666,2025-09-04T23:20:04.041731
TN 87 1040,7428,0.0,0.0,150.26,03/09/2025 02:48:59,13.010438333333333,80.00381166666666,00381166666666,2025-09-04T23:20:04.041959
TN 87 1040,7428,0.0,0.0,150.26,03/09/2025 02:48:49,13.010438333333333,80.00381166666666,00381166666666,2025-09-04T23:20:04.042184
TN 87 1040,7428,0.0,0.0,150.26,03/09/2025 02:48:39,13.010438333333333,80.00381166666666,00381166666666,2025-09-04T23:20:04.042397
TN 87 1040,7428,0.0,0.0,150.28,03/09/2025 02:48:30,13.010438333333333,80.00381166666666,00381166666666,2025-09-04T23:20:04.042619
TN 87 1040,7428,0.0,0.0,150.28,03/09/2025 02:48:22,13.010438333333333,80.00381166666666,00381166666666,2025-09-04T23:20:04.042807
TN 87 1040,7428,0.0,0.0,150.28,03/09/2025 02:48:10,13.010438333333333,80.00381166666666,00381166666666,2025-09-04T23:20:04.042989
TN 87 1040,7428,0.0,0.0,150.3,03/09/2025 02:48:00,13.010438333333333,80.00381166666666,00381166666666,2025-09-04T23:20:04.043159
TN 87 1040,7428,0.0,0.0,150.28,03/09/2025 02:47:50,13.010438333333333,80.00381166666666,00381166666666,2025-09-04T23:20:04.043330
TN 87 1040,7428,0.0,0.0,150.27,03/09/2025 02:47:40,13.010438333333333,80.00381166666666,00381166666666,2025-09-04T23:20:04.043494
TN 87 1040,7428,0.0,0.0,150.28,03/09/2025 02:47:30,13.010438333333333,80.00381166666666,00381166666666,2025-09-04T23:20:04.043649
TN 87 1040,7428,0.0,0.0,150.27,03/09/2025 02:47:23,13.010438333333333,80.00381166666666,00381166666666,2025-09-04T23:20:04.043806
TN 87 1040,7428,0.0,0.0,150.27,03/09/2025 02:47:11,13.010438333333333,80.00381166666666,00381166666666,2025-09-04T23:20:04.043982
TN 87 1040,7428,0.0,0.0,150.28,03/09/2025 02:47:01,13.010438333333333,80.00381166666666,00381166666666,2025-09-04T23:20:04.044149
TN 87 1040,7428,0.0,0.0,150.27,03/09/2025 02:46:51,13.010438333333333,80.00381166666666,00381166666666,2025-09-04T23:20:04.044330
TN 87 1040,7428,0.0,0.0,150.28,03/09/2025 02:46:42,13.010438333333333,80.00381166666666,00381166666666,2025-09-04T23:20:04.044505
TN 87 1040,7428,0.0,0.0,150.28,03/09/2025 02:46:31,13.010438333333333,80.00381166666666,00381166666666,2025-09-04T23:20:04.044666
TN 87 1040,7428,0.0,0.0,150.28,03/09/2025 02:46:24,13.010438333333333,80.00381166666666,00381166666666,2025-09-04T23:20:04.044905
TN 87 1040,7428,0.0,0.0,150.29,03/09/2025 02:46:12,13.010438333333333,80.00381166666666,00381166666666,2025-09-04T23:20:04.045140
TN 87 1040,7428,0.0,0.0,150.29,03/09/2025 02:46:02,13.010438333333333,80.00381166666666,00381166666666,2025-09-04T23:20:04.045317
TN 87 1040,7428,0.0,0.0,150.29,03/09/2025 02:45:53,13.010438333333333,80.00381166666666,00381166666666,2025-09-04T23:20:04.045490
TN 87 1040,7428,0.0,0.0,150.3,03/09/2025 02:45:42,13.010438333333333,80.00381166666666,00381166666666,2025-09-04T23:20:04.045686
TN 87 1040,7428,0.0,0.0,150.3,03/09/2025 02:45:32,13.010438333333333,80.00381166666666,00381166666666,2025-09-04T23:20:04.045892
TN 87 1040,7428,0.0,0.0,150.3,03/09/2025 02:45:26,13.010438333333333,80.00381166666666,00381166666666,2025-09-04T23:20:04.046103
TN 87 1040,7428,0.0,0.0,150.3,03/09/2025 02:45:13,13.010438333333333,80.00381166666666,00381166666666,2025-09-04T23:20:04.046301
TN 87 1040,7428,0.0,0.0,150.3,03/09/2025 02:45:04,13.010438333333333,80.00381166666666,00381166666666,2025-09-04T23:20:04.046478
TN 87 1040,7428,0.0,0.0,150.3,03/09/2025 02:44:53,13.010438333333333,80.00381166666666,00381166666666,2025-09-04T23:20:04.046627
TN 87 1040,7428,0.0,0.0,150.3,03/09/2025 02:44:43,13.010438333333333,80.00381166666666,00381166666666,2025-09-04T23:20:04.046796
TN 87 1040,7428,0.0,0.0,150.3,03/09/2025 02:44:33,13.010438333333333,80.00381166666666,00381166666666,2025-09-04T23:20:04.046958
TN 87 1040,7428,0.0,0.0,150.3,03/09/2025 02:44:26,13.010438333333333,80.00381166666666,00381166666666,2025-09-04T23:20:04.047125
TN 87 1040,7428,0.0,0.0,150.29,03/09/2025 02:44:14,13.010438333333333,80.00381166666666,00381166666666,2025-09-04T23:20:04.047302
TN 87 1040,7428,0.0,0.0,150.29,03/09/2025 02:44:04,13.010438333333333,80.00381166666666,00381166666666,2025-09-04T23:20:04.047464
TN 87 1040,7428,0.0,0.0,150.28,03/09/2025 02:43:54,13.010438333333333,80.00381166666666,00381166666666,2025-09-04T23:20:04.047631
TN 87 1040,7428,0.0,0.0,150.3,03/09/2025 02:43:44,13.010438333333333,80.00381166666666,00381166666666,2025-09-04T23:20:04.047797
TN 87 1040,7428,0.0,0.0,150.3,03/09/2025 02:43:34,13.010438333333333,80.00381166666666,00381166666666,2025-09-04T23:20:04.047968
TN 87 1040,7428,0.0,0.0,150.32,03/09/2025 02:43:27,13.010438333333333,80.00381166666666,00381166666666,2025-09-04T23:20:04.048145
TN 87 1040,7428,0.0,0.0,150.31,03/09/2025 02:43:14,13.010438333333333,80.00381166666666,00381166666666,2025-09-04T23:20:04.048344
TN 87 1040,7428,0.0,0.0,150.31,03/09/2025 02:43:05,13.010438333333333,80.00381166666666,00381166666666,2025-09-04T23:20:04.048634
TN 87 1040,7428,0.0,0.0,150.32,03/09/2025 02:42:55,13.010438333333333,80.00381166666666,00381166666666,2025-09-04T23:20:04.048876
TN 87 1040,7428,0.0,0.0,150.31,03/09/2025 02:42:45,13.010438333333333,80.00381166666666,00381166666666,2025-09-04T23:20:04.049077
TN 87 1040,7428,0.0,0.0,150.31,03/09/2025 02:42:36,13.010438333333333,80.00381166666666,00381166666666,2025-09-04T23:20:04.049251
TN 87 1040,7428,0.0,0.0,150.31,03/09/2025 02:42:28,13.010438333333333,80.00381166666666,00381166666666,2025-09-04T23:20:04.049423
TN 87 1040,7428,0.0,0.0,150.31,03/09/2025 02:42:15,13.010438333333333,80.00381166666666,00381166666666,2025-09-04T23:20:04.049599
TN 87 1040,7428,0.0,0.0,150.33,03/09/2025 02:42:05,13.010438333333333,80.00381166666666,00381166666666,2025-09-04T23:20:04.049761
TN 87 1040,7428,0.0,0.0,150.34,03/09/2025 02:41:56,13.010438333333333,80.00381166666666,00381166666666,2025-09-04T23:20:04.049940
TN 87 1040,7428,0.0,0.0,150.34,03/09/2025 02:41:46,13.010438333333333,80.00381166666666,00381166666666,2025-09-04T23:20:04.050125
TN 87 1040,7428,0.0,0.0,150.34,03/09/2025 02:41:36,13.010438333333333,80.00381166666666,00381166666666,2025-09-04T23:20:04.050295
TN 87 1040,7428,0.0,0.0,150.34,03/09/2025 02:41:29,13.010438333333333,80.00381166666666,00381166666666,2025-09-04T23:20:04.050462
TN 87 1040,7428,0.0,0.0,150.34,03/09/2025 02:41:16,13.010438333333333,80.00381166666666,00381166666666,2025-09-04T23:20:04.050680
TN 87 1040,7428,0.0,0.0,150.34,03/09/2025 02:41:06,13.010438333333333,80.00381166666666,00381166666666,2025-09-04T23:20:04.050894
TN 87 1040,7428,0.0,0.0,150.34,03/09/2025 02:40:57,13.010438333333333,80.00381166666666,00381166666666,2025-09-04T23:20:04.051094
TN 87 1040,7428,0.0,0.0,150.35,03/09/2025 02:40:47,13.010438333333333,80.00381166666666,00381166666666,2025-09-04T23:20:04.051297
TN 87 1040,7428,0.0,0.0,150.34,03/09/2025 02:40:37,13.010438333333333,80.00381166666666,00381166666666,2025-09-04T23:20:04.051489
TN 87 1040,7428,0.0,0.0,150.34,03/09/2025 02:40:31,13.010438333333333,80.00381166666666,00381166666666,2025-09-04T23:20:04.051665
TN 87 1040,7428,0.0,0.0,150.36,03/09/2025 02:40:17,13.010438333333333,80.00381166666666,00381166666666,2025-09-04T23:20:04.051843
TN 87 1040,7428,0.0,0.0,150.33,03/09/2025 02:40:08,13.010438333333333,80.00381166666666,00381166666666,2025-09-04T23:20:04.052029
TN 87 1040,7428,0.0,0.0,150.32,03/09/2025 02:39:58,13.010438333333333,80.00381166666666,00381166666666,2025-09-04T23:20:04.052228
TN 87 1040,7428,0.0,0.0,150.33,03/09/2025 02:39:48,13.010438333333333,80.00381166666666,00381166666666,2025-09-04T23:20:04.052405
TN 87 1040,7428,0.0,0.0,150.35,03/09/2025 02:39:38,13.010438333333333,80.00381166666666,00381166666666,2025-09-04T23:20:04.052582
TN 87 1040,7428,0.0,0.0,150.35,03/09/2025 02:39:31,13.010438333333333,80.00381166666666,00381166666666,2025-09-04T23:20:04.052744
TN 87 1040,7428,0.0,0.0,150.35,03/09/2025 02:39:19,13.010438333333333,80.00381166666666,00381166666666,2025-09-04T23:20:04.052911
TN 87 1040,7428,0.0,0.0,150.35,03/09/2025 02:39:08,13.010438333333333,80.00381166666666,00381166666666,2025-09-04T23:20:04.053070
TN 87 1040,7428,0.0,0.0,150.36,03/09/2025 02:38:58,13.010438333333333,80.00381166666666,00381166666666,2025-09-04T23:20:04.053247
TN 87 1040,7428,0.0,0.0,150.36,03/09/2025 02:38:49,13.010438333333333,80.00381166666666,00381166666666,2025-09-04T23:20:04.053445
TN 87 1040,7428,0.0,0.0,150.36,03/09/2025 02:38:39,13.010438333333333,80.00381166666666,00381166666666,2025-09-04T23:20:04.053633
TN 87 1040,7428,0.0,0.0,150.35,03/09/2025 02:38:32,13.010438333333333,80.00381166666666,00381166666666,2025-09-04T23:20:04.053872
TN 87 1040,7428,0.0,0.0,150.35,03/09/2025 02:38:19,13.010438333333333,80.00381166666666,00381166666666,2025-09-04T23:20:04.054065
TN 87 1040,7428,0.0,0.0,150.35,03/09/2025 02:38:09,13.010438333333333,80.00381166666666,00381166666666,2025-09-04T23:20:04.054304
TN 87 1040,7428,0.0,0.0,150.36,03/09/2025 02:37:59,13.010438333333333,80.00381166666666,00381166666666,2025-09-04T23:20:04.054514
TN 87 1040,7428,0.0,0.0,150.36,03/09/2025 02:37:50,13.010438333333333,80.00381166666666,00381166666666,2025-09-04T23:20:04.054734
TN 87 1040,7428,0.0,0.0,150.36,03/09/2025 02:37:40,13.010438333333333,80.00381166666666,00381166666666,2025-09-04T23:20:04.054943
TN 87 1040,7428,0.0,0.0,150.36,03/09/2025 02:37:33,13.010438333333333,80.00381166666666,00381166666666,2025-09-04T23:20:04.055160
TN 87 1040,7428,0.0,0.0,150.36,03/09/2025 02:37:20,13.010438333333333,80.00381166666666,00381166666666,2025-09-04T23:20:04.055349
TN 87 1040,7428,0.0,0.0,150.37,03/09/2025 02:37:10,13.010438333333333,80.00381166666666,00381166666666,2025-09-04T23:20:04.055535
TN 87 1040,7428,0.0,0.0,150.38,03/09/2025 02:37:00,13.010438333333333,80.00381166666666,00381166666666,2025-09-04T23:20:04.055722
TN 87 1040,7428,0.0,0.0,150.36,03/09/2025 02:36:51,13.010438333333333,80.00381166666666,00381166666666,2025-09-04T23:20:04.055948
TN 87 1040,7428,0.0,0.0,150.36,03/09/2025 02:36:41,13.010438333333333,80.00381166666666,00381166666666,2025-09-04T23:20:04.056132
TN 87 1040,7428,0.0,0.0,150.36,03/09/2025 02:36:34,13.010438333333333,80.00381166666666,00381166666666,2025-09-04T23:20:04.056306
TN 87 1040,7428,0.0,0.0,150.36,03/09/2025 02:36:21,13.010438333333333,80.00381166666666,00381166666666,2025-09-04T23:20:04.056500
TN 87 1040,7428,0.0,0.0,150.37,03/09/2025 02:36:11,13.010438333333333,80.00381166666666,00381166666666,2025-09-04T23:20:04.056695
TN 87 1040,7428,0.0,0.0,150.36,03/09/2025 02:36:01,13.010438333333333,80.00381166666666,00381166666666,2025-09-04T23:20:04.056877
TN 87 1040,7428,0.0,0.0,150.36,03/09/2025 02:35:52,13.010438333333333,80.00381166666666,00381166666666,2025-09-04T23:20:04.057063
TN 87 1040,7428,0.0,0.0,150.36,03/09/2025 02:35:42,13.010438333333333,80.00381166666666,00381166666666,2025-09-04T23:20:04.057236
TN 87 1040,7428,0.0,0.0,150.36,03/09/2025 02:35:35,13.010438333333333,80.00381166666666,00381166666666,2025-09-04T23:20:04.057405
TN 87 1040,7428,0.0,0.0,150.36,03/09/2025 02:35:22,13.010438333333333,80.00381166666666,00381166666666,2025-09-04T23:20:04.057565
TN 87 1040,7428,0.0,0.0,150.36,03/09/2025 02:35:12,13.010438333333333,80.00381166666666,00381166666666,2025-09-04T23:20:04.057732
TN 87 1040,7428,0.0,0.0,150.4,03/09/2025 02:35:03,13.010438333333333,80.00381166666666,00381166666666,2025-09-04T23:20:04.057890
TN 87 1040,7428,0.0,0.0,150.4,03/09/2025 02:34:52,13.010438333333333,80.00381166666666,00381166666666,2025-09-04T23:20:04.058031
TN 87 1040,7428,0.0,0.0,150.38,03/09/2025 02:34:43,13.010438333333333,80.00381166666666,00381166666666,2025-09-04T23:20:04.058206
TN 87 1040,7428,0.0,0.0,150.38,03/09/2025 02:34:37,13.010438333333333,80.00381166666666,00381166666666,2025-09-04T23:20:04.058372
TN 87 1040,7428,0.0,0.0,150.38,03/09/2025 02:34:23,13.010438333333333,80.00381166666666,00381166666666,2025-09-04T23:20:04.058538
TN 87 1040,7428,0.0,0.0,150.38,03/09/2025 02:34:14,13.010438333333333,80.00381166666666,00381166666666,2025-09-04T23:20:04.058749
TN 87 1040,7428,0.0,0.0,150.38,03/09/2025 02:34:03,13.010438333333333,80.00381166666666,00381166666666,2025-09-04T23:20:04.058976
TN 87 1040,7428,0.0,0.0,150.38,03/09/2025 02:33:53,13.010438333333333,80.00381166666666,00381166666666,2025-09-04T23:20:04.059193
TN 87 1040,7428,0.0,0.0,150.39,03/09/2025 02:33:44,13.010438333333333,80.00381166666666,00381166666666,2025-09-04T23:20:04.059389
TN 87 1040,7428,0.0,0.0,150.38,03/09/2025 02:33:37,13.010438333333333,80.00381166666666,00381166666666,2025-09-04T23:20:04.059574
TN 87 1040,7428,0.0,0.0,150.39,03/09/2025 02:33:25,13.010438333333333,80.00381166666666,00381166666666,2025-09-04T23:20:04.059752
TN 87 1040,7428,0.0,0.0,150.38,03/09/2025 02:33:14,13.010438333333333,80.00381166666666,00381166666666,2025-09-04T23:20:04.059960
TN 87 1040,7428,0.0,0.0,150.37,03/09/2025 02:33:04,13.010438333333333,80.00381166666666,00381166666666,2025-09-04T23:20:04.060133
TN 87 1040,7428,0.0,0.0,150.37,03/09/2025 02:32:54,13.010438333333333,80.00381166666666,00381166666666,2025-09-04T23:20:04.060288
TN 87 1040,7428,0.0,0.0,150.38,03/09/2025 02:32:44,13.010438333333333,80.00381166666666,00381166666666,2025-09-04T23:20:04.060451
TN 87 1040,7428,0.0,0.0,150.38,03/09/2025 02:32:37,13.010438333333333,80.00381166666666,00381166666666,2025-09-04T23:20:04.060615
TN 87 1040,7428,0.0,0.0,150.38,03/09/2025 02:32:25,13.010438333333333,80.00381166666666,00381166666666,2025-09-04T23:20:04.060799
TN 87 1040,7428,0.0,0.0,150.37,03/09/2025 02:32:15,13.010438333333333,80.00381166666666,00381166666666,2025-09-04T23:20:04.061002
TN 87 1040,7428,0.0,0.0,150.39,03/09/2025 02:32:05,13.010438333333333,80.00381166666666,00381166666666,2025-09-04T23:20:04.061174
TN 87 1040,7428,0.0,0.0,150.4,03/09/2025 02:31:55,13.010438333333333,80.00381166666666,00381166666666,2025-09-04T23:20:04.061354
TN 87 1040,7428,0.0,0.0,150.41,03/09/2025 02:31:46,13.010438333333333,80.00381166666666,00381166666666,2025-09-04T23:20:04.061523
TN 87 1040,7428,0.0,0.0,150.4,03/09/2025 02:31:38,13.010438333333333,80.00381166666666,00381166666666,2025-09-04T23:20:04.061673
TN 87 1040,7428,0.0,0.0,150.4,03/09/2025 02:31:26,13.010438333333333,80.00381166666666,00381166666666,2025-09-04T23:20:04.061804
TN 87 1040,7428,0.0,0.0,150.4,03/09/2025 02:31:16,13.010438333333333,80.00381166666666,00381166666666,2025-09-04T23:20:04.061955
TN 87 1040,7428,0.0,0.0,150.4,03/09/2025 02:31:06,13.010438333333333,80.00381166666666,00381166666666,2025-09-04T23:20:04.062134
TN 87 1040,7428,0.0,0.0,150.4,03/09/2025 02:30:57,13.010438333333333,80.00381166666666,00381166666666,2025-09-04T23:20:04.062285
TN 87 1040,7428,0.0,0.0,150.4,03/09/2025 02:30:46,13.010438333333333,80.00381166666666,00381166666666,2025-09-04T23:20:04.062465
TN 87 1040,7428,0.0,0.0,150.42,03/09/2025 02:30:39,13.010438333333333,80.00381166666666,00381166666666,2025-09-04T23:20:04.062638
TN 87 1040,7428,0.0,0.0,150.42,03/09/2025 02:30:27,13.010438333333333,80.00381166666666,00381166666666,2025-09-04T23:20:04.062802
TN 87 1040,7428,0.0,0.0,150.42,03/09/2025 02:30:17,13.010438333333333,80.00381166666666,00381166666666,2025-09-04T23:20:04.062980
TN 87 1040,7428,0.0,0.0,150.41,03/09/2025 02:30:07,13.010438333333333,80.00381166666666,00381166666666,2025-09-04T23:20:04.063149
TN 87 1040,7428,0.0,0.0,150.42,03/09/2025 02:29:57,13.010438333333333,80.00381166666666,00381166666666,2025-09-04T23:20:04.063321
TN 87 1040,7428,0.0,0.0,150.41,03/09/2025 02:29:47,13.010438333333333,80.00381166666666,00381166666666,2025-09-04T23:20:04.063480
TN 87 1040,7428,0.0,0.0,150.41,03/09/2025 02:29:41,13.010438333333333,80.00381166666666,00381166666666,2025-09-04T23:20:04.063638
TN 87 1040,7428,0.0,0.0,150.41,03/09/2025 02:29:28,13.010438333333333,80.00381166666666,00381166666666,2025-09-04T23:20:04.063791
TN 87 1040,7428,0.0,0.0,150.41,03/09/2025 02:29:18,13.010438333333333,80.00381166666666,00381166666666,2025-09-04T23:20:04.063941
TN 87 1040,7428,0.0,0.0,150.42,03/09/2025 02:29:08,13.010438333333333,80.00381166666666,00381166666666,2025-09-04T23:20:04.064105
TN 87 1040,7428,0.0,0.0,150.43,03/09/2025 02:28:58,13.010438333333333,80.00381166666666,00381166666666,2025-09-04T23:20:04.064271
TN 87 1040,7428,0.0,0.0,150.43,03/09/2025 02:28:48,13.010438333333333,80.00381166666666,00381166666666,2025-09-04T23:20:04.064436
TN 87 1040,7428,0.0,0.0,150.43,03/09/2025 02:28:42,13.010438333333333,80.00381166666666,00381166666666,2025-09-04T23:20:04.064598
TN 87 1040,7428,0.0,0.0,150.44,03/09/2025 02:28:29,13.010438333333333,80.00381166666666,00381166666666,2025-09-04T23:20:04.064758
TN 87 1040,7428,0.0,0.0,150.42,03/09/2025 02:28:19,13.010438333333333,80.00381166666666,00381166666666,2025-09-04T23:20:04.064920
TN 87 1040,7428,0.0,0.0,150.42,03/09/2025 02:28:09,13.010438333333333,80.00381166666666,00381166666666,2025-09-04T23:20:04.065136
TN 87 1040,7428,0.0,0.0,150.42,03/09/2025 02:27:59,13.010438333333333,80.00381166666666,00381166666666,2025-09-04T23:20:04.065321
TN 87 1040,7428,0.0,0.0,150.42,03/09/2025 02:27:49,13.010438333333333,80.00381166666666,00381166666666,2025-09-04T23:20:04.065484
TN 87 1040,7428,0.0,0.0,150.42,03/09/2025 02:27:42,13.010438333333333,80.00381166666666,00381166666666,2025-09-04T23:20:04.065681
TN 87 1040,7428,0.0,0.0,150.42,03/09/2025 02:27:30,13.010438333333333,80.00381166666666,00381166666666,2025-09-04T23:20:04.065855
TN 87 1040,7428,0.0,0.0,150.42,03/09/2025 02:27:20,13.010438333333333,80.00381166666666,00381166666666,2025-09-04T23:20:04.066056
TN 87 1040,7428,0.0,0.0,150.42,03/09/2025 02:27:10,13.010438333333333,80.00381166666666,00381166666666,2025-09-04T23:20:04.066241
TN 87 1040,7428,0.0,0.0,150.42,03/09/2025 02:27:00,13.010438333333333,80.00381166666666,00381166666666,2025-09-04T23:20:04.066438
TN 87 1040,7428,0.0,0.0,150.44,03/09/2025 02:26:50,13.010438333333333,80.00381166666666,00381166666666,2025-09-04T23:20:04.066625
TN 87 1040,7428,0.0,0.0,150.44,03/09/2025 02:26:43,13.010438333333333,80.00381166666666,00381166666666,2025-09-04T23:20:04.066813
TN 87 1040,7428,0.0,0.0,150.44,03/09/2025 02:26:30,13.010438333333333,80.00381166666666,00381166666666,2025-09-04T23:20:04.067011
TN 87 1040,7428,0.0,0.0,150.45,03/09/2025 02:26:21,13.010438333333333,80.00381166666666,00381166666666,2025-09-04T23:20:04.067216
TN 87 1040,7428,0.0,0.0,150.45,03/09/2025 02:26:11,13.010438333333333,80.00381166666666,00381166666666,2025-09-04T23:20:04.067419
TN 87 1040,7428,0.0,0.0,150.46,03/09/2025 02:26:02,13.010438333333333,80.00381166666666,00381166666666,2025-09-04T23:20:04.067590
TN 87 1040,7428,0.0,0.0,150.46,03/09/2025 02:25:12,13.010438333333333,80.00381166666666,00381166666666,2025-09-04T23:20:04.067795
TN 87 1040,7428,0.0,0.0,150.44,03/09/2025 02:25:03,13.010438333333333,80.00381166666666,00381166666666,2025-09-04T23:20:04.068009
TN 87 1040,7428,0.0,0.0,150.44,03/09/2025 02:24:52,13.010438333333333,80.00381166666666,00381166666666,2025-09-04T23:20:04.068225
TN 87 1040,7428,0.0,0.0,150.45,03/09/2025 02:24:45,13.010438333333333,80.00381166666666,00381166666666,2025-09-04T23:20:04.068435
TN 87 1040,7428,0.0,0.0,150.45,03/09/2025 02:24:32,13.010438333333333,80.00381166666666,00381166666666,2025-09-04T23:20:04.068614
TN 87 1040,7428,0.0,0.0,150.46,03/09/2025 02:24:23,13.010438333333333,80.00381166666666,00381166666666,2025-09-04T23:20:04.068826
TN 87 1040,7428,0.0,0.0,150.46,03/09/2025 02:24:14,13.010438333333333,80.00381166666666,00381166666666,2025-09-04T23:20:04.069018
TN 87 1040,7428,0.0,0.0,150.45,03/09/2025 02:24:03,13.010438333333333,80.00381166666666,00381166666666,2025-09-04T23:20:04.069208
TN 87 1040,7428,0.0,0.0,150.45,03/09/2025 02:23:53,13.010438333333333,80.00381166666666,00381166666666,2025-09-04T23:20:04.069408
TN 87 1040,7428,0.0,0.0,150.45,03/09/2025 02:23:47,13.010438333333333,80.00381166666666,00381166666666,2025-09-04T23:20:04.069611
TN 87 1040,7428,0.0,0.0,150.46,03/09/2025 02:23:33,13.010438333333333,80.00381166666666,00381166666666,2025-09-04T23:20:04.069798
TN 87 1040,7428,0.0,0.0,150.46,03/09/2025 02:23:24,13.010438333333333,80.00381166666666,00381166666666,2025-09-04T23:20:04.069990
TN 87 1040,7428,0.0,0.0,150.47,03/09/2025 02:23:14,13.010438333333333,80.00381166666666,00381166666666,2025-09-04T23:20:04.070184
TN 87 1040,7428,0.0,0.0,150.46,03/09/2025 02:23:04,13.010438333333333,80.00381166666666,00381166666666,2025-09-04T23:20:04.070353
TN 87 1040,7428,0.0,0.0,150.46,03/09/2025 02:22:54,13.010438333333333,80.00381166666666,00381166666666,2025-09-04T23:20:04.070506
TN 87 1040,7428,0.0,0.0,150.44,03/09/2025 02:22:47,13.010438333333333,80.00381166666666,00381166666666,2025-09-04T23:20:04.070682
TN 87 1040,7428,0.0,0.0,150.44,03/09/2025 02:22:35,13.010438333333333,80.00381166666666,00381166666666,2025-09-04T23:20:04.070869
TN 87 1040,7428,0.0,0.0,150.46,03/09/2025 02:22:24,13.010438333333333,80.00381166666666,00381166666666,2025-09-04T23:20:04.071078
TN 87 1040,7428,0.0,0.0,150.45,03/09/2025 02:22:15,13.010438333333333,80.00381166666666,00381166666666,2025-09-04T23:20:04.071253
TN 87 1040,7428,0.0,0.0,150.47,03/09/2025 02:22:05,13.010438333333333,80.00381166666666,00381166666666,2025-09-04T23:20:04.071420
TN 87 1040,7428,0.0,0.0,150.47,03/09/2025 02:21:55,13.010438333333333,80.00381166666666,00381166666666,2025-09-04T23:20:04.071610
TN 87 1040,7428,0.0,0.0,150.46,03/09/2025 02:21:48,13.010438333333333,80.00381166666666,00381166666666,2025-09-04T23:20:04.071796
TN 87 1040,7428,0.0,0.0,150.47,03/09/2025 02:21:35,13.010438333333333,80.00381166666666,00381166666666,2025-09-04T23:20:04.071956
TN 87 1040,7428,0.0,0.0,150.46,03/09/2025 02:21:25,13.010438333333333,80.00381166666666,00381166666666,2025-09-04T23:20:04.072225
TN 87 1040,7428,0.0,0.0,150.46,03/09/2025 02:21:15,13.010438333333333,80.00381166666666,00381166666666,2025-09-04T23:20:04.072432
TN 87 1040,7428,0.0,0.0,150.48,03/09/2025 02:21:06,13.010438333333333,80.00381166666666,00381166666666,2025-09-04T23:20:04.072611
TN 87 1040,7428,0.0,0.0,150.48,03/09/2025 02:20:56,13.010438333333333,80.00381166666666,00381166666666,2025-09-04T23:20:04.072815
TN 87 1040,7428,0.0,0.0,150.48,03/09/2025 02:20:49,13.010438333333333,80.00381166666666,00381166666666,2025-09-04T23:20:04.072998
TN 87 1040,7428,0.0,0.0,150.48,03/09/2025 02:20:36,13.010438333333333,80.00381166666666,00381166666666,2025-09-04T23:20:04.073173
TN 87 1040,7428,0.0,0.0,150.49,03/09/2025 02:20:26,13.010438333333333,80.00381166666666,00381166666666,2025-09-04T23:20:04.073347
TN 87 1040,7428,0.0,0.0,150.49,03/09/2025 02:20:16,13.010438333333333,80.00381166666666,00381166666666,2025-09-04T23:20:04.073498
TN 87 1040,7428,0.0,0.0,150.48,03/09/2025 02:20:07,13.010438333333333,80.00381166666666,00381166666666,2025-09-04T23:20:04.073653
TN 87 1040,7428,0.0,0.0,150.48,03/09/2025 02:19:57,13.010438333333333,80.00381166666666,00381166666666,2025-09-04T23:20:04.073806
TN 87 1040,7428,0.0,0.0,150.48,03/09/2025 02:19:50,13.010438333333333,80.00381166666666,00381166666666,2025-09-04T23:20:04.073958
TN 87 1040,7428,0.0,0.0,150.48,03/09/2025 02:19:37,13.010438333333333,80.00381166666666,00381166666666,2025-09-04T23:20:04.074134
TN 87 1040,7428,0.0,0.0,150.49,03/09/2025 02:19:27,13.010438333333333,80.00381166666666,00381166666666,2025-09-04T23:20:04.074285
TN 87 1040,7428,0.0,0.0,150.48,03/09/2025 02:19:18,13.010438333333333,80.00381166666666,00381166666666,2025-09-04T23:20:04.074453
TN 87 1040,7428,0.0,0.0,150.48,03/09/2025 02:19:08,13.010438333333333,80.00381166666666,00381166666666,2025-09-04T23:20:04.074645
TN 87 1040,7428,0.0,0.0,150.5,03/09/2025 02:18:58,13.010438333333333,80.00381166666666,00381166666666,2025-09-04T23:20:04.074873
TN 87 1040,7428,0.0,0.0,150.5,03/09/2025 02:18:52,13.010438333333333,80.00381166666666,00381166666666,2025-09-04T23:20:04.075072
TN 87 1040,7428,0.0,0.0,150.5,03/09/2025 02:18:38,13.010438333333333,80.00381166666666,00381166666666,2025-09-04T23:20:04.075262
TN 87 1040,7428,0.0,0.0,150.5,03/09/2025 02:18:28,13.010438333333333,80.00381166666666,00381166666666,2025-09-04T23:20:04.075460
TN 87 1040,7428,0.0,0.0,150.5,03/09/2025 02:18:18,13.010438333333333,80.00381166666666,00381166666666,2025-09-04T23:20:04.075656
TN 87 1040,7428,0.0,0.0,150.5,03/09/2025 02:18:08,13.010438333333333,80.00381166666666,00381166666666,2025-09-04T23:20:04.075820
TN 87 1040,7428,0.0,0.0,150.5,03/09/2025 02:17:59,13.010438333333333,80.00381166666666,00381166666666,2025-09-04T23:20:04.075993
TN 87 1040,7428,0.0,0.0,150.5,03/09/2025 02:17:53,13.010438333333333,80.00381166666666,00381166666666,2025-09-04T23:20:04.076198
TN 87 1040,7428,0.0,0.0,150.5,03/09/2025 02:17:39,13.010438333333333,80.00381166666666,00381166666666,2025-09-04T23:20:04.076388
TN 87 1040,7428,0.0,0.0,150.51,03/09/2025 02:17:29,13.010438333333333,80.00381166666666,00381166666666,2025-09-04T23:20:04.076610
TN 87 1040,7428,0.0,0.0,150.51,03/09/2025 02:17:19,13.010438333333333,80.00381166666666,00381166666666,2025-09-04T23:20:04.076810
TN 87 1040,7428,0.0,0.0,150.51,03/09/2025 02:17:09,13.010438333333333,80.00381166666666,00381166666666,2025-09-04T23:20:04.076971
TN 87 1040,7428,0.0,0.0,150.5,03/09/2025 02:17:00,13.010438333333333,80.00381166666666,00381166666666,2025-09-04T23:20:04.077156
TN 87 1040,7428,0.0,0.0,150.5,03/09/2025 02:16:53,13.010438333333333,80.00381166666666,00381166666666,2025-09-04T23:20:04.077354
TN 87 1040,7428,0.0,0.0,150.5,03/09/2025 02:16:40,13.010438333333333,80.00381166666666,00381166666666,2025-09-04T23:20:04.077514
TN 87 1040,7428,0.0,0.0,150.51,03/09/2025 02:16:30,13.010438333333333,80.00381166666666,00381166666666,2025-09-04T23:20:04.077690
TN 87 1040,7428,0.0,0.0,150.52,03/09/2025 02:16:20,13.010438333333333,80.00381166666666,00381166666666,2025-09-04T23:20:04.077864
TN 87 1040,7428,0.0,0.0,150.52,03/09/2025 02:16:10,13.010438333333333,80.00381166666666,00381166666666,2025-09-04T23:20:04.078036
TN 87 1040,7428,0.0,0.0,150.52,03/09/2025 02:16:01,13.010438333333333,80.00381166666666,00381166666666,2025-09-04T23:20:04.078200
TN 87 1040,7428,0.0,0.0,150.52,03/09/2025 02:15:53,13.010438333333333,80.00381166666666,00381166666666,2025-09-04T23:20:04.078372
TN 87 1040,7428,0.0,0.0,150.53,03/09/2025 02:15:41,13.010438333333333,80.00381166666666,00381166666666,2025-09-04T23:20:04.078548
TN 87 1040,7428,0.0,0.0,150.54,03/09/2025 02:15:31,13.010438333333333,80.00381166666666,00381166666666,2025-09-04T23:20:04.078716
TN 87 1040,7428,0.0,0.0,150.54,03/09/2025 02:15:21,13.010438333333333,80.00381166666666,00381166666666,2025-09-04T23:20:04.078872
TN 87 1040,7428,0.0,0.0,150.54,03/09/2025 02:15:11,13.010438333333333,80.00381166666666,00381166666666,2025-09-04T23:20:04.079042
TN 87 1040,7428,0.0,0.0,150.55,03/09/2025 02:15:02,13.010438333333333,80.00381166666666,00381166666666,2025-09-04T23:20:04.079203
TN 87 1040,7428,0.0,0.0,150.55,03/09/2025 02:14:54,13.010438333333333,80.00381166666666,00381166666666,2025-09-04T23:20:04.079365
TN 87 1040,7428,0.0,0.0,150.56,03/09/2025 02:14:42,13.010438333333333,80.00381166666666,00381166666666,2025-09-04T23:20:04.079535
TN 87 1040,7428,0.0,0.0,150.56,03/09/2025 02:14:32,13.010438333333333,80.00381166666666,00381166666666,2025-09-04T23:20:04.079699
TN 87 1040,7428,0.0,0.0,150.52,03/09/2025 02:14:22,13.010438333333333,80.00381166666666,00381166666666,2025-09-04T23:20:04.079874
TN 87 1040,7428,0.0,0.0,150.52,03/09/2025 02:14:13,13.010438333333333,80.00381166666666,00381166666666,2025-09-04T23:20:04.080127
TN 87 1040,7428,0.0,0.0,150.54,03/09/2025 02:14:02,13.010438333333333,80.00381166666666,00381166666666,2025-09-04T23:20:04.080344
TN 87 1040,7428,0.0,0.0,150.54,03/09/2025 02:13:55,13.010438333333333,80.00381166666666,00381166666666,2025-09-04T23:20:04.080554
TN 87 1040,7428,0.0,0.0,150.54,03/09/2025 02:13:43,13.010438333333333,80.00381166666666,00381166666666,2025-09-04T23:20:04.080755
TN 87 1040,7428,0.0,0.0,150.55,03/09/2025 02:13:33,13.010438333333333,80.00381166666666,00381166666666,2025-09-04T23:20:04.080942
TN 87 1040,7428,0.0,0.0,150.54,03/09/2025 02:13:24,13.010438333333333,80.00381166666666,00381166666666,2025-09-04T23:20:04.081145
TN 87 1040,7428,0.0,0.0,150.54,03/09/2025 02:13:13,13.010438333333333,80.00381166666666,00381166666666,2025-09-04T23:20:04.081362
TN 87 1040,7428,0.0,0.0,150.54,03/09/2025 02:13:03,13.010438333333333,80.00381166666666,00381166666666,2025-09-04T23:20:04.081572
TN 87 1040,7428,0.0,0.0,150.56,03/09/2025 02:12:57,13.010438333333333,80.00381166666666,00381166666666,2025-09-04T23:20:04.081790
TN 87 1040,7428,0.0,0.0,150.56,03/09/2025 02:12:44,13.010438333333333,80.00381166666666,00381166666666,2025-09-04T23:20:04.082163
TN 87 1040,7428,0.0,0.0,150.56,03/09/2025 02:12:34,13.010438333333333,80.00381166666666,00381166666666,2025-09-04T23:20:04.082405
TN 87 1040,7428,0.0,0.0,150.55,03/09/2025 02:12:24,13.010438333333333,80.00381166666666,00381166666666,2025-09-04T23:20:04.082612
TN 87 1040,7428,0.0,0.0,150.55,03/09/2025 02:12:14,13.010438333333333,80.00381166666666,00381166666666,2025-09-04T23:20:04.082821
TN 87 1040,7428,0.0,0.0,150.56,03/09/2025 02:12:04,13.010438333333333,80.00381166666666,00381166666666,2025-09-04T23:20:04.083014
TN 87 1040,7428,0.0,0.0,150.54,03/09/2025 02:11:57,13.010438333333333,80.00381166666666,00381166666666,2025-09-04T23:20:04.083204
TN 87 1040,7428,0.0,0.0,150.54,03/09/2025 02:11:45,13.010438333333333,80.00381166666666,00381166666666,2025-09-04T23:20:04.083404
TN 87 1040,7428,0.0,0.0,150.53,03/09/2025 02:11:35,13.010438333333333,80.00381166666666,00381166666666,2025-09-04T23:20:04.083601
TN 87 1040,7428,0.0,0.0,150.55,03/09/2025 02:11:25,13.010438333333333,80.00381166666666,00381166666666,2025-09-04T23:20:04.083804
TN 87 1040,7428,0.0,0.0,150.56,03/09/2025 02:11:15,13.010438333333333,80.00381166666666,00381166666666,2025-09-04T23:20:04.084006
TN 87 1040,7428,0.0,0.0,150.56,03/09/2025 02:11:05,13.010438333333333,80.00381166666666,00381166666666,2025-09-04T23:20:04.084209
TN 87 1040,7428,0.0,0.0,150.56,03/09/2025 02:10:58,13.010438333333333,80.00381166666666,00381166666666,2025-09-04T23:20:04.084392
TN 87 1040,7428,0.0,0.0,150.56,03/09/2025 02:10:45,13.010438333333333,80.00381166666666,00381166666666,2025-09-04T23:20:04.084569
TN 87 1040,7428,0.0,0.0,150.57,03/09/2025 02:10:36,13.010438333333333,80.00381166666666,00381166666666,2025-09-04T23:20:04.084745
TN 87 1040,7428,0.0,0.0,150.56,03/09/2025 02:10:26,13.010438333333333,80.00381166666666,00381166666666,2025-09-04T23:20:04.084921
TN 87 1040,7428,0.0,0.0,150.56,03/09/2025 02:10:16,13.010438333333333,80.00381166666666,00381166666666,2025-09-04T23:20:04.085091
TN 87 1040,7428,0.0,0.0,150.56,03/09/2025 02:10:07,13.010438333333333,80.00381166666666,00381166666666,2025-09-04T23:20:04.085263
TN 87 1040,7428,0.0,0.0,150.57,03/09/2025 02:09:59,13.010438333333333,80.00381166666666,00381166666666,2025-09-04T23:20:04.085433
TN 87 1040,7428,0.0,0.0,150.57,03/09/2025 02:09:46,13.010438333333333,80.00381166666666,00381166666666,2025-09-04T23:20:04.085597
TN 87 1040,7428,0.0,0.0,150.58,03/09/2025 02:09:37,13.010438333333333,80.00381166666666,00381166666666,2025-09-04T23:20:04.085789
TN 87 1040,7428,0.0,0.0,150.58,03/09/2025 02:09:27,13.010438333333333,80.00381166666666,00381166666666,2025-09-04T23:20:04.085967
TN 87 1040,7428,0.0,0.0,150.56,03/09/2025 02:09:17,13.010438333333333,80.00381166666666,00381166666666,2025-09-04T23:20:04.086177
TN 87 1040,7428,0.0,0.0,150.56,03/09/2025 02:09:07,13.010438333333333,80.00381166666666,00381166666666,2025-09-04T23:20:04.086382
TN 87 1040,7428,0.0,0.0,150.56,03/09/2025 02:09:00,13.010438333333333,80.00381166666666,00381166666666,2025-09-04T23:20:04.086583
TN 87 1040,7428,0.0,0.0,150.56,03/09/2025 02:08:47,13.010438333333333,80.00381166666666,00381166666666,2025-09-04T23:20:04.086757
TN 87 1040,7428,0.0,0.0,150.57,03/09/2025 02:08:37,13.010438333333333,80.00381166666666,00381166666666,2025-09-04T23:20:04.086937
TN 87 1040,7428,0.0,0.0,150.57,03/09/2025 02:08:28,13.010438333333333,80.00381166666666,00381166666666,2025-09-04T23:20:04.087101
TN 87 1040,7428,0.0,0.0,150.56,03/09/2025 02:08:18,13.010438333333333,80.00381166666666,00381166666666,2025-09-04T23:20:04.087272
TN 87 1040,7428,0.0,0.0,150.59,03/09/2025 02:08:08,13.010438333333333,80.00381166666666,00381166666666,2025-09-04T23:20:04.087434
TN 87 1040,7428,0.0,0.0,150.59,03/09/2025 02:08:02,13.010438333333333,80.00381166666666,00381166666666,2025-09-04T23:20:04.087564
TN 87 1040,7428,0.0,0.0,150.61,03/09/2025 02:07:48,13.010438333333333,80.00381166666666,00381166666666,2025-09-04T23:20:04.087689
TN 87 1040,7428,0.0,0.0,150.59,03/09/2025 02:07:39,13.010438333333333,80.00381166666666,00381166666666,2025-09-04T23:20:04.087857
TN 87 1040,7428,0.0,0.0,150.58,03/09/2025 02:07:29,13.010438333333333,80.00381166666666,00381166666666,2025-09-04T23:20:04.088017
TN 87 1040,7428,0.0,0.0,150.58,03/09/2025 02:07:19,13.010438333333333,80.00381166666666,00381166666666,2025-09-04T23:20:04.088279
TN 87 1040,7428,0.0,0.0,150.59,03/09/2025 02:07:09,13.010438333333333,80.00381166666666,00381166666666,2025-09-04T23:20:04.088447
TN 87 1040,7428,0.0,0.0,150.59,03/09/2025 02:07:03,13.010438333333333,80.00381166666666,00381166666666,2025-09-04T23:20:04.088621
TN 87 1040,7428,0.0,0.0,150.6,03/09/2025 02:06:49,13.010438333333333,80.00381166666666,00381166666666,2025-09-04T23:20:04.088779
TN 87 1040,7428,0.0,0.0,150.6,03/09/2025 02:06:39,13.010438333333333,80.00381166666666,00381166666666,2025-09-04T23:20:04.088946
TN 87 1040,7428,0.0,0.0,150.59,03/09/2025 02:06:29,13.010438333333333,80.00381166666666,00381166666666,2025-09-04T23:20:04.089116
TN 87 1040,7428,0.0,0.0,150.59,03/09/2025 02:06:20,13.010438333333333,80.00381166666666,00381166666666,2025-09-04T23:20:04.089281
TN 87 1040,7428,0.0,0.0,150.61,03/09/2025 02:06:10,13.010438333333333,80.00381166666666,00381166666666,2025-09-04T23:20:04.089451
TN 87 1040,7428,0.0,0.0,150.61,03/09/2025 02:06:03,13.010438333333333,80.00381166666666,00381166666666,2025-09-04T23:20:04.089618
TN 87 1040,7428,0.0,0.0,150.61,03/09/2025 02:05:51,13.010438333333333,80.00381166666666,00381166666666,2025-09-04T23:20:04.089798
TN 87 1040,7428,0.0,0.0,150.62,03/09/2025 02:05:40,13.010438333333333,80.00381166666666,00381166666666,2025-09-04T23:20:04.089992
TN 87 1040,7428,0.0,0.0,150.61,03/09/2025 02:05:30,13.010438333333333,80.00381166666666,00381166666666,2025-09-04T23:20:04.090158
TN 87 1040,7428,0.0,0.0,150.61,03/09/2025 02:05:21,13.010438333333333,80.00381166666666,00381166666666,2025-09-04T23:20:04.090328
TN 87 1040,7428,0.0,0.0,150.61,03/09/2025 02:05:11,13.010438333333333,80.00381166666666,00381166666666,2025-09-04T23:20:04.090495
TN 87 1040,7428,0.0,0.0,150.61,03/09/2025 02:05:04,13.010438333333333,80.00381166666666,00381166666666,2025-09-04T23:20:04.090696
TN 87 1040,7428,0.0,0.0,150.61,03/09/2025 02:04:51,13.010438333333333,80.00381166666666,00381166666666,2025-09-04T23:20:04.090876
TN 87 1040,7428,0.0,0.0,150.62,03/09/2025 02:04:41,13.010438333333333,80.00381166666666,00381166666666,2025-09-04T23:20:04.091106
TN 87 1040,7428,0.0,0.0,150.62,03/09/2025 02:04:31,13.010438333333333,80.00381166666666,00381166666666,2025-09-04T23:20:04.091291
TN 87 1040,7428,0.0,0.0,150.62,03/09/2025 02:04:21,13.010438333333333,80.00381166666666,00381166666666,2025-09-04T23:20:04.091476
TN 87 1040,7428,0.0,0.0,150.61,03/09/2025 02:04:13,13.010438333333333,80.00381166666666,00381166666666,2025-09-04T23:20:04.091633
TN 87 1040,7428,0.0,0.0,150.61,03/09/2025 02:04:05,13.010438333333333,80.00381166666666,00381166666666,2025-09-04T23:20:04.091813
TN 87 1040,7428,0.0,0.0,150.61,03/09/2025 02:03:52,13.010438333333333,80.00381166666666,00381166666666,2025-09-04T23:20:04.091995
TN 87 1040,7428,0.0,0.0,150.61,03/09/2025 02:03:42,13.010438333333333,80.00381166666666,00381166666666,2025-09-04T23:20:04.092164
TN 87 1040,7428,0.0,0.0,150.63,03/09/2025 02:03:32,13.010438333333333,80.00381166666666,00381166666666,2025-09-04T23:20:04.092337
TN 87 1040,7428,0.0,0.0,150.62,03/09/2025 02:03:23,13.010438333333333,80.00381166666666,00381166666666,2025-09-04T23:20:04.092498
TN 87 1040,7428,0.0,0.0,150.62,03/09/2025 02:03:13,13.010438333333333,80.00381166666666,00381166666666,2025-09-04T23:20:04.092715
TN 87 1040,7428,0.0,0.0,150.63,03/09/2025 02:03:06,13.010438333333333,80.00381166666666,00381166666666,2025-09-04T23:20:04.092967
TN 87 1040,7428,0.0,0.0,150.63,03/09/2025 02:02:53,13.010438333333333,80.00381166666666,00381166666666,2025-09-04T23:20:04.093161
TN 87 1040,7428,0.0,0.0,150.63,03/09/2025 02:02:43,13.010438333333333,80.00381166666666,00381166666666,2025-09-04T23:20:04.093364
TN 87 1040,7428,0.0,0.0,150.63,03/09/2025 02:02:34,13.010438333333333,80.00381166666666,00381166666666,2025-09-04T23:20:04.093640
TN 87 1040,7428,0.0,0.0,150.63,03/09/2025 02:02:23,13.010438333333333,80.00381166666666,00381166666666,2025-09-04T23:20:04.093847
TN 87 1040,7428,0.0,0.0,150.64,03/09/2025 02:02:13,13.010438333333333,80.00381166666666,00381166666666,2025-09-04T23:20:04.094057
TN 87 1040,7428,0.0,0.0,150.64,03/09/2025 02:02:08,13.010438333333333,80.00381166666666,00381166666666,2025-09-04T23:20:04.094247
TN 87 1040,7428,0.0,0.0,150.63,03/09/2025 02:01:54,13.010438333333333,80.00381166666666,00381166666666,2025-09-04T23:20:04.094456
TN 87 1040,7428,0.0,0.0,150.63,03/09/2025 02:01:45,13.010438333333333,80.00381166666666,00381166666666,2025-09-04T23:20:04.094662
TN 87 1040,7428,0.0,0.0,150.62,03/09/2025 02:01:34,13.010438333333333,80.00381166666666,00381166666666,2025-09-04T23:20:04.094874
TN 87 1040,7428,0.0,0.0,150.64,03/09/2025 02:01:24,13.010438333333333,80.00381166666666,00381166666666,2025-09-04T23:20:04.095080
TN 87 1040,7428,0.0,0.0,150.65,03/09/2025 02:01:14,13.010438333333333,80.00381166666666,00381166666666,2025-09-04T23:20:04.095282
TN 87 1040,7428,0.0,0.0,150.65,03/09/2025 02:01:07,13.010438333333333,80.00381166666666,00381166666666,2025-09-04T23:20:04.095482
TN 87 1040,7428,0.0,0.0,150.66,03/09/2025 02:00:55,13.010438333333333,80.00381166666666,00381166666666,2025-09-04T23:20:04.095682
TN 87 1040,7428,0.0,0.0,150.65,03/09/2025 02:00:45,13.010438333333333,80.00381166666666,00381166666666,2025-09-04T23:20:04.095882
TN 87 1040,7428,0.0,0.0,150.66,03/09/2025 02:00:35,13.010438333333333,80.00381166666666,00381166666666,2025-09-04T23:20:04.096070
TN 87 1040,7428,0.0,0.0,150.65,03/09/2025 02:00:25,13.010438333333333,80.00381166666666,00381166666666,2025-09-04T23:20:04.096250
TN 87 1040,7428,0.0,0.0,150.65,03/09/2025 02:00:15,13.010438333333333,80.00381166666666,00381166666666,2025-09-04T23:20:04.096431
TN 87 1040,7428,0.0,0.0,150.65,03/09/2025 02:00:08,13.010438333333333,80.00381166666666,00381166666666,2025-09-04T23:20:04.096589
TN 87 1040,7428,0.0,0.0,150.65,03/09/2025 01:59:51,13.010438333333333,80.00381166666666,00381166666666,2025-09-04T23:20:04.096763
TN 87 1040,7428,0.0,0.0,150.66,03/09/2025 01:59:41,13.010438333333333,80.00381166666666,00381166666666,2025-09-04T23:20:04.096946
TN 87 1040,7428,0.0,0.0,150.67,03/09/2025 01:59:31,13.010438333333333,80.00381166666666,00381166666666,2025-09-04T23:20:04.097143
TN 87 1040,7428,0.0,0.0,150.67,03/09/2025 01:59:21,13.010438333333333,80.00381166666666,00381166666666,2025-09-04T23:20:04.097332
TN 87 1040,7428,0.0,0.0,150.67,03/09/2025 01:59:12,13.010438333333333,80.00381166666666,00381166666666,2025-09-04T23:20:04.097500
TN 87 1040,7428,0.0,0.0,150.68,03/09/2025 01:59:01,13.010438333333333,80.00381166666666,00381166666666,2025-09-04T23:20:04.097676
TN 87 1040,7428,0.0,0.0,150.65,03/09/2025 01:58:52,13.010438333333333,80.00381166666666,00381166666666,2025-09-04T23:20:04.097841
TN 87 1040,7428,0.0,0.0,150.65,03/09/2025 01:58:42,13.010438333333333,80.00381166666666,00381166666666,2025-09-04T23:20:04.098021
TN 87 1040,7428,0.0,0.0,150.65,03/09/2025 01:58:32,13.010438333333333,80.00381166666666,00381166666666,2025-09-04T23:20:04.098181
TN 87 1040,7428,0.0,0.0,150.66,03/09/2025 01:58:23,13.010438333333333,80.00381166666666,00381166666666,2025-09-04T23:20:04.098356
TN 87 1040,7428,0.0,0.0,150.66,03/09/2025 01:58:12,13.010438333333333,80.00381166666666,00381166666666,2025-09-04T23:20:04.098527
TN 87 1040,7428,0.0,0.0,150.66,03/09/2025 01:58:02,13.010438333333333,80.00381166666666,00381166666666,2025-09-04T23:20:04.098688
TN 87 1040,7428,0.0,0.0,150.67,03/09/2025 01:57:53,13.010438333333333,80.00381166666666,00381166666666,2025-09-04T23:20:04.098857
TN 87 1040,7428,0.0,0.0,150.67,03/09/2025 01:57:43,13.010438333333333,80.00381166666666,00381166666666,2025-09-04T23:20:04.099019
TN 87 1040,7428,0.0,0.0,150.67,03/09/2025 01:57:34,13.010438333333333,80.00381166666666,00381166666666,2025-09-04T23:20:04.099190
TN 87 1040,7428,0.0,0.0,150.67,03/09/2025 01:57:23,13.010438333333333,80.00381166666666,00381166666666,2025-09-04T23:20:04.099352
TN 87 1040,7428,0.0,0.0,150.67,03/09/2025 01:57:13,13.010438333333333,80.00381166666666,00381166666666,2025-09-04T23:20:04.099524
TN 87 1040,7428,0.0,0.0,150.67,03/09/2025 01:57:03,13.010438333333333,80.00381166666666,00381166666666,2025-09-04T23:20:04.099715
TN 87 1040,7428,0.0,0.0,150.67,03/09/2025 01:56:54,13.010438333333333,80.00381166666666,00381166666666,2025-09-04T23:20:04.099918
TN 87 1040,7428,0.0,0.0,150.68,03/09/2025 01:56:44,13.010438333333333,80.00381166666666,00381166666666,2025-09-04T23:20:04.100093
TN 87 1040,7428,0.0,0.0,150.69,03/09/2025 01:56:34,13.010438333333333,80.00381166666666,00381166666666,2025-09-04T23:20:04.100269
TN 87 1040,7428,0.0,0.0,150.69,03/09/2025 01:56:24,13.010438333333333,80.00381166666666,00381166666666,2025-09-04T23:20:04.100443
TN 87 1040,7428,0.0,0.0,150.68,03/09/2025 01:56:14,13.010438333333333,80.00381166666666,00381166666666,2025-09-04T23:20:04.100629
TN 87 1040,7428,0.0,0.0,150.69,03/09/2025 01:56:04,13.010438333333333,80.00381166666666,00381166666666,2025-09-04T23:20:04.100813
TN 87 1040,7428,0.0,0.0,150.69,03/09/2025 01:55:55,13.010438333333333,80.00381166666666,00381166666666,2025-09-04T23:20:04.101015
TN 87 1040,7428,0.0,0.0,150.69,03/09/2025 01:55:45,13.010438333333333,80.00381166666666,00381166666666,2025-09-04T23:20:04.101201
TN 87 1040,7428,0.0,0.0,150.69,03/09/2025 01:55:35,13.010438333333333,80.00381166666666,00381166666666,2025-09-04T23:20:04.101367
TN 87 1040,7428,0.0,0.0,150.7,03/09/2025 01:55:25,13.010438333333333,80.00381166666666,00381166666666,2025-09-04T23:20:04.101521
TN 87 1040,7428,0.0,0.0,150.71,03/09/2025 01:55:18,13.010438333333333,80.00381166666666,00381166666666,2025-09-04T23:20:04.101699
TN 87 1040,7428,0.0,0.0,150.71,03/09/2025 01:54:21,13.010438333333333,80.00381166666666,00381166666666,2025-09-04T23:20:04.101871
TN 87 1040,7428,0.0,0.0,150.71,03/09/2025 01:54:14,13.010438333333333,80.00381166666666,00381166666666,2025-09-04T23:20:04.102033
TN 87 1040,7428,0.0,0.0,150.71,03/09/2025 01:54:01,13.010438333333333,80.00381166666666,00381166666666,2025-09-04T23:20:04.102197
TN 87 1040,7428,0.0,0.0,150.7,03/09/2025 01:53:51,13.010438333333333,80.00381166666666,00381166666666,2025-09-04T23:20:04.102359
TN 87 1040,7428,0.0,0.0,150.7,03/09/2025 01:53:42,13.010438333333333,80.00381166666666,00381166666666,2025-09-04T23:20:04.102487
TN 87 1040,7428,0.0,0.0,150.7,03/09/2025 01:53:32,13.010438333333333,80.00381166666666,00381166666666,2025-09-04T23:20:04.102612
TN 87 1040,7428,0.0,0.0,150.7,03/09/2025 01:53:23,13.010438333333333,80.00381166666666,00381166666666,2025-09-04T23:20:04.102751
TN 87 1040,7428,0.0,0.0,150.71,03/09/2025 01:53:15,13.010438333333333,80.00381166666666,00381166666666,2025-09-04T23:20:04.102926
TN 87 1040,7428,0.0,0.0,150.71,03/09/2025 01:53:02,13.010438333333333,80.00381166666666,00381166666666,2025-09-04T23:20:04.103098
TN 87 1040,7428,0.0,0.0,150.71,03/09/2025 01:52:52,13.010438333333333,80.00381166666666,00381166666666,2025-09-04T23:20:04.103288
TN 87 1040,7428,0.0,0.0,150.71,03/09/2025 01:52:42,13.010438333333333,80.00381166666666,00381166666666,2025-09-04T23:20:04.103456
TN 87 1040,7428,0.0,0.0,150.72,03/09/2025 01:52:33,13.010438333333333,80.00381166666666,00381166666666,2025-09-04T23:20:04.103626
TN 87 1040,7428,0.0,0.0,150.71,03/09/2025 01:52:23,13.010438333333333,80.00381166666666,00381166666666,2025-09-04T23:20:04.103788
TN 87 1040,7428,0.0,0.0,150.71,03/09/2025 01:52:16,13.010438333333333,80.00381166666666,00381166666666,2025-09-04T23:20:04.103954
TN 87 1040,7428,0.0,0.0,150.72,03/09/2025 01:52:03,13.010438333333333,80.00381166666666,00381166666666,2025-09-04T23:20:04.104112
TN 87 1040,7428,0.0,0.0,150.73,03/09/2025 01:51:53,13.010438333333333,80.00381166666666,00381166666666,2025-09-04T23:20:04.104275
TN 87 1040,7428,0.0,0.0,150.71,03/09/2025 01:51:44,13.010438333333333,80.00381166666666,00381166666666,2025-09-04T23:20:04.104435
TN 87 1040,7428,0.0,0.0,150.71,03/09/2025 01:51:34,13.010438333333333,80.00381166666666,00381166666666,2025-09-04T23:20:04.104599
TN 87 1040,7428,0.0,0.0,150.72,03/09/2025 01:51:24,13.010438333333333,80.00381166666666,00381166666666,2025-09-04T23:20:04.104756
TN 87 1040,7428,0.0,0.0,150.72,03/09/2025 01:51:18,13.010438333333333,80.00381166666666,00381166666666,2025-09-04T23:20:04.104920
TN 87 1040,7428,0.0,0.0,150.72,03/09/2025 01:51:04,13.010438333333333,80.00381166666666,00381166666666,2025-09-04T23:20:04.105077
TN 87 1040,7428,0.0,0.0,150.73,03/09/2025 01:50:55,13.010438333333333,80.00381166666666,00381166666666,2025-09-04T23:20:04.105245
TN 87 1040,7428,0.0,0.0,150.72,03/09/2025 01:50:44,13.010438333333333,80.00381166666666,00381166666666,2025-09-04T23:20:04.105413
TN 87 1040,7428,0.0,0.0,150.73,03/09/2025 01:50:35,13.010438333333333,80.00381166666666,00381166666666,2025-09-04T23:20:04.105610
TN 87 1040,7428,0.0,0.0,150.73,03/09/2025 01:50:25,13.010438333333333,80.00381166666666,00381166666666,2025-09-04T23:20:04.105807
TN 87 1040,7428,0.0,0.0,150.73,03/09/2025 01:50:18,13.010438333333333,80.00381166666666,00381166666666,2025-09-04T23:20:04.106013
TN 87 1040,7428,0.0,0.0,150.73,03/09/2025 01:50:06,13.010438333333333,80.00381166666666,00381166666666,2025-09-04T23:20:04.106235
TN 87 1040,7428,0.0,0.0,150.74,03/09/2025 01:49:55,13.010438333333333,80.00381166666666,00381166666666,2025-09-04T23:20:04.106429
TN 87 1040,7428,0.0,0.0,150.73,03/09/2025 01:49:45,13.010438333333333,80.00381166666666,00381166666666,2025-09-04T23:20:04.106596
TN 87 1040,7428,0.0,0.0,150.73,03/09/2025 01:49:35,13.010438333333333,80.00381166666666,00381166666666,2025-09-04T23:20:04.106821
TN 87 1040,7428,0.0,0.0,150.73,03/09/2025 01:49:26,13.010438333333333,80.00381166666666,00381166666666,2025-09-04T23:20:04.107029
TN 87 1040,7428,0.0,0.0,150.74,03/09/2025 01:49:19,13.010438333333333,80.00381166666666,00381166666666,2025-09-04T23:20:04.107242
TN 87 1040,7428,0.0,0.0,150.74,03/09/2025 01:49:06,13.010438333333333,80.00381166666666,00381166666666,2025-09-04T23:20:04.107468
TN 87 1040,7428,0.0,0.0,150.73,03/09/2025 01:48:56,13.010438333333333,80.00381166666666,00381166666666,2025-09-04T23:20:04.107668
TN 87 1040,7428,0.0,0.0,150.73,03/09/2025 01:48:46,13.010438333333333,80.00381166666666,00381166666666,2025-09-04T23:20:04.107889
TN 87 1040,7428,0.0,0.0,150.73,03/09/2025 01:48:36,13.010438333333333,80.00381166666666,00381166666666,2025-09-04T23:20:04.108114
TN 87 1040,7428,0.0,0.0,150.72,03/09/2025 01:48:27,13.010438333333333,80.00381166666666,00381166666666,2025-09-04T23:20:04.108336
TN 87 1040,7428,0.0,0.0,150.75,03/09/2025 01:48:20,13.010438333333333,80.00381166666666,00381166666666,2025-09-04T23:20:04.108535
TN 87 1040,7428,0.0,0.0,150.75,03/09/2025 01:48:07,13.010438333333333,80.00381166666666,00381166666666,2025-09-04T23:20:04.108791
TN 87 1040,7428,0.0,0.0,150.75,03/09/2025 01:47:57,13.010438333333333,80.00381166666666,00381166666666,2025-09-04T23:20:04.109001
TN 87 1040,7428,0.0,0.0,150.75,03/09/2025 01:47:47,13.010438333333333,80.00381166666666,00381166666666,2025-09-04T23:20:04.109191
TN 87 1040,7428,0.0,0.0,150.75,03/09/2025 01:47:38,13.010438333333333,80.00381166666666,00381166666666,2025-09-04T23:20:04.109387
TN 87 1040,7428,0.0,0.0,150.75,03/09/2025 01:47:27,13.010438333333333,80.00381166666666,00381166666666,2025-09-04T23:20:04.109572
TN 87 1040,7428,0.0,0.0,150.74,03/09/2025 01:47:20,13.010438333333333,80.00381166666666,00381166666666,2025-09-04T23:20:04.109764
TN 87 1040,7428,0.0,0.0,150.73,03/09/2025 01:47:08,13.010438333333333,80.00381166666666,00381166666666,2025-09-04T23:20:04.109925
TN 87 1040,7428,0.0,0.0,150.74,03/09/2025 01:46:58,13.010438333333333,80.00381166666666,00381166666666,2025-09-04T23:20:04.110072
TN 87 1040,7428,0.0,0.0,150.75,03/09/2025 01:46:48,13.010438333333333,80.00381166666666,00381166666666,2025-09-04T23:20:04.110242
TN 87 1040,7428,0.0,0.0,150.73,03/09/2025 01:46:38,13.010438333333333,80.00381166666666,00381166666666,2025-09-04T23:20:04.110389
TN 87 1040,7428,0.0,0.0,150.73,03/09/2025 01:46:28,13.010438333333333,80.00381166666666,00381166666666,2025-09-04T23:20:04.110580
TN 87 1040,7428,0.0,0.0,150.73,03/09/2025 01:46:21,13.010438333333333,80.00381166666666,00381166666666,2025-09-04T23:20:04.110776
TN 87 1040,7428,0.0,0.0,150.72,03/09/2025 01:46:09,13.010438333333333,80.00381166666666,00381166666666,2025-09-04T23:20:04.110965
TN 87 1040,7428,0.0,0.0,150.71,03/09/2025 01:45:59,13.010438333333333,80.00381166666666,00381166666666,2025-09-04T23:20:04.111160
TN 87 1040,7428,0.0,0.0,150.74,03/09/2025 01:45:49,13.010438333333333,80.00381166666666,00381166666666,2025-09-04T23:20:04.111315
TN 87 1040,7428,0.0,0.0,150.73,03/09/2025 01:45:39,13.010438333333333,80.00381166666666,00381166666666,2025-09-04T23:20:04.111475
TN 87 1040,7428,0.0,0.0,150.73,03/09/2025 01:45:29,13.010438333333333,80.00381166666666,00381166666666,2025-09-04T23:20:04.111648
TN 87 1040,7428,0.0,0.0,150.75,03/09/2025 01:45:23,13.010438333333333,80.00381166666666,00381166666666,2025-09-04T23:20:04.111814
TN 87 1040,7428,0.0,0.0,150.75,03/09/2025 01:45:10,13.010438333333333,80.00381166666666,00381166666666,2025-09-04T23:20:04.111978
TN 87 1040,7428,0.0,0.0,150.76,03/09/2025 01:45:01,13.010438333333333,80.00381166666666,00381166666666,2025-09-04T23:20:04.112130
TN 87 1040,7428,0.0,0.0,150.75,03/09/2025 01:44:50,13.010438333333333,80.00381166666666,00381166666666,2025-09-04T23:20:04.112291
TN 87 1040,7428,0.0,0.0,150.76,03/09/2025 01:44:40,13.010438333333333,80.00381166666666,00381166666666,2025-09-04T23:20:04.112431
TN 87 1040,7428,0.0,0.0,150.79,03/09/2025 01:44:30,13.010438333333333,80.00381166666666,00381166666666,2025-09-04T23:20:04.112582
TN 87 1040,7428,0.0,0.0,150.75,03/09/2025 01:44:23,13.010438333333333,80.00381166666666,00381166666666,2025-09-04T23:20:04.112710
TN 87 1040,7428,0.0,0.0,150.75,03/09/2025 01:44:11,13.010438333333333,80.00381166666666,00381166666666,2025-09-04T23:20:04.112864
TN 87 1040,7428,0.0,0.0,150.72,03/09/2025 01:44:01,13.010438333333333,80.00381166666666,00381166666666,2025-09-04T23:20:04.113001
TN 87 1040,7428,0.0,0.0,150.74,03/09/2025 01:43:51,13.010438333333333,80.00381166666666,00381166666666,2025-09-04T23:20:04.113128
TN 87 1040,7428,0.0,0.0,150.75,03/09/2025 01:43:41,13.010438333333333,80.00381166666666,00381166666666,2025-09-04T23:20:04.113288
TN 87 1040,7428,0.0,0.0,150.73,03/09/2025 01:43:31,13.010438333333333,80.00381166666666,00381166666666,2025-09-04T23:20:04.113455
TN 87 1040,7428,0.0,0.0,150.71,03/09/2025 01:43:24,13.010438333333333,80.00381166666666,00381166666666,2025-09-04T23:20:04.113599
TN 87 1040,7428,0.0,0.0,150.71,03/09/2025 01:43:11,13.010438333333333,80.00381166666666,00381166666666,2025-09-04T23:20:04.113729
TN 87 1040,7428,0.0,0.0,150.72,03/09/2025 01:43:02,13.010438333333333,80.00381166666666,00381166666666,2025-09-04T23:20:04.113879
TN 87 1040,7428,0.0,0.0,150.75,03/09/2025 01:42:52,13.010438333333333,80.00381166666666,00381166666666,2025-09-04T23:20:04.114042
TN 87 1040,7428,0.0,0.0,150.75,03/09/2025 01:42:42,13.010438333333333,80.00381166666666,00381166666666,2025-09-04T23:20:04.114215
TN 87 1040,7428,0.0,0.0,150.76,03/09/2025 01:42:33,13.010438333333333,80.00381166666666,00381166666666,2025-09-04T23:20:04.114349
TN 87 1040,7428,0.0,0.0,150.74,03/09/2025 01:42:25,13.010438333333333,80.00381166666666,00381166666666,2025-09-04T23:20:04.114499
TN 87 1040,7428,0.0,0.0,150.74,03/09/2025 01:42:12,13.010438333333333,80.00381166666666,00381166666666,2025-09-04T23:20:04.114665
TN 87 1040,7428,0.0,0.0,150.75,03/09/2025 01:42:03,13.010438333333333,80.00381166666666,00381166666666,2025-09-04T23:20:04.114842
TN 87 1040,7428,0.0,0.0,150.75,03/09/2025 01:41:53,13.010438333333333,80.00381166666666,00381166666666,2025-09-04T23:20:04.114981
TN 87 1040,7428,0.0,0.0,150.72,03/09/2025 01:41:44,13.010438333333333,80.00381166666666,00381166666666,2025-09-04T23:20:04.115223
TN 87 1040,7428,0.0,0.0,150.7,03/09/2025 01:41:33,13.010438333333333,80.00381166666666,00381166666666,2025-09-04T23:20:04.115426
TN 87 1040,7428,0.0,0.0,150.68,03/09/2025 01:41:26,13.010438333333333,80.00381166666666,00381166666666,2025-09-04T23:20:04.115645
TN 87 1040,7428,0.0,0.0,150.67,03/09/2025 01:41:13,13.010438333333333,80.00381166666666,00381166666666,2025-09-04T23:20:04.115841
TN 87 1040,7428,0.0,0.0,150.68,03/09/2025 01:41:03,13.010438333333333,80.00381166666666,00381166666666,2025-09-04T23:20:04.116048
TN 87 1040,7428,0.0,0.0,150.71,03/09/2025 01:40:54,13.010438333333333,80.00381166666666,00381166666666,2025-09-04T23:20:04.116265
TN 87 1040,7428,0.0,0.0,150.75,03/09/2025 01:40:44,13.010438333333333,80.00381166666666,00381166666666,2025-09-04T23:20:04.116471
TN 87 1040,7428,0.0,0.0,150.75,03/09/2025 01:40:34,13.010438333333333,80.00381166666666,00381166666666,2025-09-04T23:20:04.116670
TN 87 1040,7428,0.0,0.0,150.75,03/09/2025 01:40:28,13.010438333333333,80.00381166666666,00381166666666,2025-09-04T23:20:04.116832
TN 87 1040,7428,0.0,0.0,150.7,03/09/2025 01:40:14,13.010438333333333,80.00381166666666,00381166666666,2025-09-04T23:20:04.117001
TN 87 1040,7428,0.0,0.0,150.69,03/09/2025 01:40:05,13.010438333333333,80.00381166666666,00381166666666,2025-09-04T23:20:04.117150
TN 87 1040,7428,0.0,0.0,150.72,03/09/2025 01:39:55,13.010438333333333,80.00381166666666,00381166666666,2025-09-04T23:20:04.117296
TN 87 1040,7428,0.0,0.0,150.7,03/09/2025 01:39:45,13.010438333333333,80.00381166666666,00381166666666,2025-09-04T23:20:04.117458
TN 87 1040,7428,0.0,0.0,150.72,03/09/2025 01:39:35,13.010438333333333,80.00381166666666,00381166666666,2025-09-04T23:20:04.117597
TN 87 1040,7428,0.0,0.0,150.74,03/09/2025 01:39:28,13.010438333333333,80.00381166666666,00381166666666,2025-09-04T23:20:04.117763
TN 87 1040,7428,0.0,0.0,150.73,03/09/2025 01:39:16,13.010438333333333,80.00381166666666,00381166666666,2025-09-04T23:20:04.117913
TN 87 1040,7428,0.0,0.0,150.72,03/09/2025 01:39:05,13.010438333333333,80.00381166666666,00381166666666,2025-09-04T23:20:04.118052
TN 87 1040,7428,0.0,0.0,150.72,03/09/2025 01:38:55,13.010438333333333,80.00381166666666,00381166666666,2025-09-04T23:20:04.118184
TN 87 1040,7428,0.0,0.0,150.74,03/09/2025 01:38:46,13.010438333333333,80.00381166666666,00381166666666,2025-09-04T23:20:04.118336
TN 87 1040,7428,0.0,0.0,150.75,03/09/2025 01:38:36,13.010438333333333,80.00381166666666,00381166666666,2025-09-04T23:20:04.118499
TN 87 1040,7428,0.0,0.0,150.73,03/09/2025 01:38:29,13.010438333333333,80.00381166666666,00381166666666,2025-09-04T23:20:04.118720
TN 87 1040,7428,0.0,0.0,150.73,03/09/2025 01:38:16,13.010438333333333,80.00381166666666,00381166666666,2025-09-04T23:20:04.118955
TN 87 1040,7428,0.0,0.0,150.73,03/09/2025 01:38:06,13.010438333333333,80.00381166666666,00381166666666,2025-09-04T23:20:04.119188
TN 87 1040,7428,0.0,0.0,150.73,03/09/2025 01:37:56,13.010438333333333,80.00381166666666,00381166666666,2025-09-04T23:20:04.119397
TN 87 1040,7428,0.0,0.0,150.75,03/09/2025 01:37:47,13.010438333333333,80.00381166666666,00381166666666,2025-09-04T23:20:04.119593
TN 87 1040,7428,0.0,0.0,150.73,03/09/2025 01:37:37,13.010438333333333,80.00381166666666,00381166666666,2025-09-04T23:20:04.119768
TN 87 1040,7428,0.0,0.0,150.72,03/09/2025 01:37:30,13.010438333333333,80.00381166666666,00381166666666,2025-09-04T23:20:04.119986
TN 87 1040,7428,0.0,0.0,150.72,03/09/2025 01:37:17,13.010438333333333,80.00381166666666,00381166666666,2025-09-04T23:20:04.120227
TN 87 1040,7428,0.0,0.0,150.72,03/09/2025 01:37:07,13.010438333333333,80.00381166666666,00381166666666,2025-09-04T23:20:04.120425
TN 87 1040,7428,0.0,0.0,150.69,03/09/2025 01:36:57,13.010438333333333,80.00381166666666,00381166666666,2025-09-04T23:20:04.120655
TN 87 1040,7428,0.0,0.0,150.7,03/09/2025 01:36:48,13.010438333333333,80.00381166666666,00381166666666,2025-09-04T23:20:04.120864
TN 87 1040,7428,0.0,0.0,150.65,03/09/2025 01:36:38,13.010438333333333,80.00381166666666,00381166666666,2025-09-04T23:20:04.121065
TN 87 1040,7428,0.0,0.0,150.73,03/09/2025 01:36:31,13.010438333333333,80.00381166666666,00381166666666,2025-09-04T23:20:04.121283
TN 87 1040,7428,0.0,0.0,150.73,03/09/2025 01:36:18,13.010438333333333,80.00381166666666,00381166666666,2025-09-04T23:20:04.121479
TN 87 1040,7428,0.0,0.0,150.71,03/09/2025 01:36:08,13.010438333333333,80.00381166666666,00381166666666,2025-09-04T23:20:04.121682
TN 87 1040,7428,0.0,0.0,150.67,03/09/2025 01:35:58,13.010438333333333,80.00381166666666,00381166666666,2025-09-04T23:20:04.121898
TN 87 1040,7428,0.0,0.0,150.66,03/09/2025 01:35:48,13.010438333333333,80.00381166666666,00381166666666,2025-09-04T23:20:04.122100
TN 87 1040,7428,0.0,0.0,150.67,03/09/2025 01:35:39,13.010438333333333,80.00381166666666,00381166666666,2025-09-04T23:20:04.122286
TN 87 1040,7428,0.0,0.0,150.65,03/09/2025 01:35:32,13.010438333333333,80.00381166666666,00381166666666,2025-09-04T23:20:04.122487
TN 87 1040,7428,0.0,0.0,150.66,03/09/2025 01:35:19,13.010438333333333,80.00381166666666,00381166666666,2025-09-04T23:20:04.122665
TN 87 1040,7428,0.0,0.0,150.67,03/09/2025 01:35:09,13.010438333333333,80.00381166666666,00381166666666,2025-09-04T23:20:04.122829
TN 87 1040,7428,0.0,0.0,150.66,03/09/2025 01:35:00,13.010438333333333,80.00381166666666,00381166666666,2025-09-04T23:20:04.122998
TN 87 1040,7428,0.0,0.0,150.67,03/09/2025 01:34:49,13.010438333333333,80.00381166666666,00381166666666,2025-09-04T23:20:04.123189
TN 87 1040,7428,0.0,0.0,150.65,03/09/2025 01:34:39,13.010438333333333,80.00381166666666,00381166666666,2025-09-04T23:20:04.123386
TN 87 1040,7428,0.0,0.0,150.65,03/09/2025 01:34:34,13.010438333333333,80.00381166666666,00381166666666,2025-09-04T23:20:04.123565
TN 87 1040,7428,0.0,0.0,150.62,03/09/2025 01:34:20,13.010438333333333,80.00381166666666,00381166666666,2025-09-04T23:20:04.123729
TN 87 1040,7428,0.0,0.0,150.68,03/09/2025 01:34:11,13.010438333333333,80.00381166666666,00381166666666,2025-09-04T23:20:04.123902
TN 87 1040,7428,0.0,0.0,150.67,03/09/2025 01:34:00,13.010438333333333,80.00381166666666,00381166666666,2025-09-04T23:20:04.124064
TN 87 1040,7428,0.0,0.0,150.67,03/09/2025 01:33:50,13.010438333333333,80.00381166666666,00381166666666,2025-09-04T23:20:04.124257
TN 87 1040,7428,0.0,0.0,150.67,03/09/2025 01:33:40,13.010438333333333,80.00381166666666,00381166666666,2025-09-04T23:20:04.124429
TN 87 1040,7428,0.0,0.0,150.67,03/09/2025 01:33:33,13.010438333333333,80.00381166666666,00381166666666,2025-09-04T23:20:04.124562
TN 87 1040,7428,0.0,0.0,150.66,03/09/2025 01:33:22,13.010438333333333,80.00381166666666,00381166666666,2025-09-04T23:20:04.124688
TN 87 1040,7428,0.0,0.0,150.65,03/09/2025 01:33:11,13.010438333333333,80.00381166666666,00381166666666,2025-09-04T23:20:04.124809
TN 87 1040,7428,0.0,0.0,150.64,03/09/2025 01:33:01,13.010438333333333,80.00381166666666,00381166666666,2025-09-04T23:20:04.124931
TN 87 1040,7428,0.0,0.0,150.63,03/09/2025 01:32:51,13.010438333333333,80.00381166666666,00381166666666,2025-09-04T23:20:04.125052
TN 87 1040,7428,0.0,0.0,150.63,03/09/2025 01:32:41,13.010438333333333,80.00381166666666,00381166666666,2025-09-04T23:20:04.125202
TN 87 1040,7428,0.0,0.0,150.66,03/09/2025 01:32:34,13.010438333333333,80.00381166666666,00381166666666,2025-09-04T23:20:04.125377
TN 87 1040,7428,0.0,0.0,150.65,03/09/2025 01:32:22,13.010438333333333,80.00381166666666,00381166666666,2025-09-04T23:20:04.125539
TN 87 1040,7428,0.0,0.0,150.72,03/09/2025 01:32:12,13.010438333333333,80.00381166666666,00381166666666,2025-09-04T23:20:04.125740
TN 87 1040,7428,0.0,0.0,150.73,03/09/2025 01:32:02,13.010438333333333,80.00381166666666,00381166666666,2025-09-04T23:20:04.125922
TN 87 1040,7428,0.0,0.0,150.73,03/09/2025 01:31:52,13.010438333333333,80.00381166666666,00381166666666,2025-09-04T23:20:04.126088
TN 87 1040,7428,0.0,0.0,150.63,03/09/2025 01:31:43,13.010438333333333,80.00381166666666,00381166666666,2025-09-04T23:20:04.126255
TN 87 1040,7428,0.0,0.0,150.63,03/09/2025 01:31:35,13.010438333333333,80.00381166666666,00381166666666,2025-09-04T23:20:04.126435
TN 87 1040,7428,0.0,0.0,150.65,03/09/2025 01:31:23,13.010438333333333,80.00381166666666,00381166666666,2025-09-04T23:20:04.126612
TN 87 1040,7428,0.0,0.0,150.64,03/09/2025 01:31:13,13.010438333333333,80.00381166666666,00381166666666,2025-09-04T23:20:04.126812
TN 87 1040,7428,0.0,0.0,150.63,03/09/2025 01:31:03,13.010438333333333,80.00381166666666,00381166666666,2025-09-04T23:20:04.127036
TN 87 1040,7428,0.0,0.0,150.57,03/09/2025 01:30:54,13.010438333333333,80.00381166666666,00381166666666,2025-09-04T23:20:04.127295
TN 87 1040,7428,0.0,0.0,150.63,03/09/2025 01:30:43,13.010438333333333,80.00381166666666,00381166666666,2025-09-04T23:20:04.127501
TN 87 1040,7428,0.0,0.0,150.63,03/09/2025 01:30:36,13.010438333333333,80.00381166666666,00381166666666,2025-09-04T23:20:04.127709
TN 87 1040,7428,0.0,0.0,150.63,03/09/2025 01:30:23,13.010438333333333,80.00381166666666,00381166666666,2025-09-04T23:20:04.127914
TN 87 1040,7428,0.0,0.0,150.61,03/09/2025 01:30:14,13.010438333333333,80.00381166666666,00381166666666,2025-09-04T23:20:04.128083
TN 87 1040,7428,0.0,0.0,150.69,03/09/2025 01:30:04,13.010438333333333,80.00381166666666,00381166666666,2025-09-04T23:20:04.128225
TN 87 1040,7428,0.0,0.0,150.66,03/09/2025 01:29:54,13.010438333333333,80.00381166666666,00381166666666,2025-09-04T23:20:04.128359
TN 87 1040,7428,0.0,0.0,150.61,03/09/2025 01:29:44,13.010438333333333,80.00381166666666,00381166666666,2025-09-04T23:20:04.128486
TN 87 1040,7428,0.0,0.0,150.61,03/09/2025 01:29:38,13.010438333333333,80.00381166666666,00381166666666,2025-09-04T23:20:04.128658
TN 87 1040,7428,0.0,0.0,150.59,03/09/2025 01:29:24,13.010438333333333,80.00381166666666,00381166666666,2025-09-04T23:20:04.128834
TN 87 1040,7428,0.0,0.0,150.63,03/09/2025 01:29:15,13.010438333333333,80.00381166666666,00381166666666,2025-09-04T23:20:04.128997
TN 87 1040,7428,0.0,0.0,150.62,03/09/2025 01:29:05,13.010438333333333,80.00381166666666,00381166666666,2025-09-04T23:20:04.129168
TN 87 1040,7428,0.0,0.0,150.62,03/09/2025 01:28:55,13.010438333333333,80.00381166666666,00381166666666,2025-09-04T23:20:04.129345
TN 87 1040,7428,0.0,0.0,150.61,03/09/2025 01:28:45,13.010438333333333,80.00381166666666,00381166666666,2025-09-04T23:20:04.129522
TN 87 1040,7428,0.0,0.0,150.61,03/09/2025 01:28:38,13.010438333333333,80.00381166666666,00381166666666,2025-09-04T23:20:04.129692
TN 87 1040,7428,0.0,0.0,150.61,03/09/2025 01:28:26,13.010438333333333,80.00381166666666,00381166666666,2025-09-04T23:20:04.129932
TN 87 1040,7428,0.0,0.0,150.58,03/09/2025 01:28:15,13.010438333333333,80.00381166666666,00381166666666,2025-09-04T23:20:04.130108
TN 87 1040,7428,0.0,0.0,150.6,03/09/2025 01:28:06,13.010438333333333,80.00381166666666,00381166666666,2025-09-04T23:20:04.130280
TN 87 1040,7428,0.0,0.0,150.59,03/09/2025 01:27:56,13.010438333333333,80.00381166666666,00381166666666,2025-09-04T23:20:04.130454
TN 87 1040,7428,0.0,0.0,150.56,03/09/2025 01:27:46,13.010438333333333,80.00381166666666,00381166666666,2025-09-04T23:20:04.130651
TN 87 1040,7428,0.0,0.0,150.56,03/09/2025 01:27:39,13.010438333333333,80.00381166666666,00381166666666,2025-09-04T23:20:04.130855
TN 87 1040,7428,0.0,0.0,150.55,03/09/2025 01:27:21,13.010438333333333,80.00381166666666,00381166666666,2025-09-04T23:20:04.131075
TN 87 1040,7428,0.0,0.0,150.59,03/09/2025 01:27:11,13.010438333333333,80.00381166666666,00381166666666,2025-09-04T23:20:04.131263
TN 87 1040,7428,0.0,0.0,150.54,03/09/2025 01:27:02,13.010438333333333,80.00381166666666,00381166666666,2025-09-04T23:20:04.131441
TN 87 1040,7428,0.0,0.0,150.52,03/09/2025 01:26:52,13.010438333333333,80.00381166666666,00381166666666,2025-09-04T23:20:04.131597
TN 87 1040,7428,0.0,0.0,150.5,03/09/2025 01:26:43,13.010438333333333,80.00381166666666,00381166666666,2025-09-04T23:20:04.131727
TN 87 1040,7428,0.0,0.0,150.56,03/09/2025 01:26:32,13.010438333333333,80.00381166666666,00381166666666,2025-09-04T23:20:04.131851
TN 87 1040,7428,0.0,0.0,150.56,03/09/2025 01:26:22,13.010438333333333,80.00381166666666,00381166666666,2025-09-04T23:20:04.131974
TN 87 1040,7428,0.0,0.0,150.55,03/09/2025 01:26:12,13.010438333333333,80.00381166666666,00381166666666,2025-09-04T23:20:04.132098
TN 87 1040,7428,0.0,0.0,150.54,03/09/2025 01:26:02,13.010438333333333,80.00381166666666,00381166666666,2025-09-04T23:20:04.132269
TN 87 1040,7428,0.0,0.0,150.54,03/09/2025 01:25:53,13.010438333333333,80.00381166666666,00381166666666,2025-09-04T23:20:04.132463
TN 87 1040,7428,0.0,0.0,150.58,03/09/2025 01:25:43,13.010438333333333,80.00381166666666,00381166666666,2025-09-04T23:20:04.132624
TN 87 1040,7428,0.0,0.0,150.58,03/09/2025 01:25:33,13.010438333333333,80.00381166666666,00381166666666,2025-09-04T23:20:04.132792
TN 87 1040,7428,0.0,0.0,150.65,03/09/2025 01:25:23,13.010438333333333,80.00381166666666,00381166666666,2025-09-04T23:20:04.132962
TN 87 1040,7428,0.0,0.0,150.64,03/09/2025 01:25:13,13.010438333333333,80.00381166666666,00381166666666,2025-09-04T23:20:04.133151
TN 87 1040,7428,0.0,0.0,150.65,03/09/2025 01:25:04,13.010438333333333,80.00381166666666,00381166666666,2025-09-04T23:20:04.133355
TN 87 1040,7428,0.0,0.0,150.61,03/09/2025 01:24:54,13.010438333333333,80.00381166666666,00381166666666,2025-09-04T23:20:04.133595
TN 87 1040,7428,0.0,0.0,150.65,03/09/2025 01:24:44,13.010438333333333,80.00381166666666,00381166666666,2025-09-04T23:20:04.133807
TN 87 1040,7428,0.0,0.0,150.65,03/09/2025 01:24:34,13.010438333333333,80.00381166666666,00381166666666,2025-09-04T23:20:04.134030
TN 87 1040,7428,0.0,0.0,150.56,03/09/2025 01:24:24,13.010438333333333,80.00381166666666,00381166666666,2025-09-04T23:20:04.134228
TN 87 1040,7428,0.0,0.0,150.56,03/09/2025 01:24:15,13.010438333333333,80.00381166666666,00381166666666,2025-09-04T23:20:04.134451
TN 87 1040,7428,0.0,0.0,150.6,03/09/2025 01:24:04,13.010438333333333,80.00381166666666,00381166666666,2025-09-04T23:20:04.134650
TN 87 1040,7428,0.0,0.0,150.57,03/09/2025 01:23:54,13.010438333333333,80.00381166666666,00381166666666,2025-09-04T23:20:04.134857
TN 87 1040,7428,0.0,0.0,150.58,03/09/2025 01:23:45,13.010438333333333,80.00381166666666,00381166666666,2025-09-04T23:20:04.135269
TN 87 1040,7428,0.0,0.0,150.59,03/09/2025 01:23:35,13.010438333333333,80.00381166666666,00381166666666,2025-09-04T23:20:04.135673
TN 87 1040,7428,0.0,0.0,150.5,03/09/2025 01:23:25,13.010438333333333,80.00381166666666,00381166666666,2025-09-04T23:20:04.135882
TN 87 1040,7428,0.0,0.0,150.49,03/09/2025 01:23:15,13.010438333333333,80.00381166666666,00381166666666,2025-09-04T23:20:04.136043
TN 87 1040,7428,0.0,0.0,150.46,03/09/2025 01:23:05,13.010438333333333,80.00381166666666,00381166666666,2025-09-04T23:20:04.136255
TN 87 1040,7428,0.0,0.0,150.5,03/09/2025 01:22:55,13.010438333333333,80.00381166666666,00381166666666,2025-09-04T23:20:04.136435
TN 87 1040,7428,0.0,0.0,150.5,03/09/2025 01:22:46,13.010438333333333,80.00381166666666,00381166666666,2025-09-04T23:20:04.136642
TN 87 1040,7428,0.0,0.0,150.5,03/09/2025 01:22:36,13.010438333333333,80.00381166666666,00381166666666,2025-09-04T23:20:04.136858
TN 87 1040,7428,0.0,0.0,150.54,03/09/2025 01:22:26,13.010438333333333,80.00381166666666,00381166666666,2025-09-04T23:20:04.137063
TN 87 1040,7428,0.0,0.0,150.51,03/09/2025 01:22:16,13.010438333333333,80.00381166666666,00381166666666,2025-09-04T23:20:04.137230
TN 87 1040,7428,0.0,0.0,150.5,03/09/2025 01:22:06,13.010436666666667,80.00380666666666,00380666666666,2025-09-04T23:20:04.137384
TN 87 1040,7428,0.0,0.0,150.48,03/09/2025 01:21:07,13.01045,80.00384666666666,00384666666666,2025-09-04T23:20:04.137559
TN 87 1040,7428,0.0,0.0,150.46,03/09/2025 01:20:58,13.01045,80.00384666666666,00384666666666,2025-09-04T23:20:04.137743
TN 87 1040,7428,0.0,0.0,150.54,03/09/2025 01:20:47,13.01045,80.00384666666666,00384666666666,2025-09-04T23:20:04.137914
TN 87 1040,7428,0.0,0.0,150.55,03/09/2025 01:20:37,13.01045,80.00384666666666,00384666666666,2025-09-04T23:20:04.138070
TN 87 1040,7428,0.0,0.0,150.55,03/09/2025 01:20:32,13.01045,80.00384666666666,00384666666666,2025-09-04T23:20:04.138226
TN 87 1040,7428,0.0,0.0,150.52,03/09/2025 01:20:18,13.01045,80.00384666666666,00384666666666,2025-09-04T23:20:04.138382
TN 87 1040,7428,0.0,0.0,150.52,03/09/2025 01:20:08,13.01045,80.00384666666666,00384666666666,2025-09-04T23:20:04.138530
TN 87 1040,7428,0.0,0.0,150.52,03/09/2025 01:19:58,13.01045,80.00384666666666,00384666666666,2025-09-04T23:20:04.138690
TN 87 1040,7428,0.0,0.0,150.49,03/09/2025 01:19:48,13.01045,80.00384666666666,00384666666666,2025-09-04T23:20:04.138855
TN 87 1040,7428,0.0,0.0,150.5,03/09/2025 01:19:38,13.01045,80.00384666666666,00384666666666,2025-09-04T23:20:04.139019
TN 87 1040,7428,0.0,0.0,150.49,03/09/2025 01:19:33,13.01045,80.00384666666666,00384666666666,2025-09-04T23:20:04.139205
TN 87 1040,7428,0.0,0.0,150.5,03/09/2025 01:19:19,13.01045,80.00384666666666,00384666666666,2025-09-04T23:20:04.139404
TN 87 1040,7428,0.0,0.0,150.49,03/09/2025 01:19:09,13.01045,80.00384666666666,00384666666666,2025-09-04T23:20:04.139609
TN 87 1040,7428,0.0,0.0,150.5,03/09/2025 01:18:59,13.01045,80.00384666666666,00384666666666,2025-09-04T23:20:04.139835
TN 87 1040,7428,0.0,0.0,150.51,03/09/2025 01:18:49,13.01045,80.00384666666666,00384666666666,2025-09-04T23:20:04.140018
TN 87 1040,7428,0.0,0.0,150.5,03/09/2025 01:18:39,13.01045,80.00384666666666,00384666666666,2025-09-04T23:20:04.140224
TN 87 1040,7428,0.0,0.0,150.5,03/09/2025 01:18:32,13.01045,80.00384666666666,00384666666666,2025-09-04T23:20:04.140421
TN 87 1040,7428,0.0,0.0,150.5,03/09/2025 01:18:21,13.01045,80.00384666666666,00384666666666,2025-09-04T23:20:04.140601
TN 87 1040,7428,0.0,0.0,150.44,03/09/2025 01:18:10,13.01045,80.00384666666666,00384666666666,2025-09-04T23:20:04.140804
TN 87 1040,7428,0.0,0.0,150.45,03/09/2025 01:18:00,13.01045,80.00384666666666,00384666666666,2025-09-04T23:20:04.140984
TN 87 1040,7428,0.0,0.0,150.44,03/09/2025 01:17:50,13.01045,80.00384666666666,00384666666666,2025-09-04T23:20:04.141186
TN 87 1040,7428,0.0,0.0,150.51,03/09/2025 01:17:40,13.01045,80.00384666666666,00384666666666,2025-09-04T23:20:04.141379
TN 87 1040,7428,0.0,0.0,150.5,03/09/2025 01:17:33,13.01045,80.00384666666666,00384666666666,2025-09-04T23:20:04.141580
TN 87 1040,7428,0.0,0.0,150.52,03/09/2025 01:17:21,13.01045,80.00384666666666,00384666666666,2025-09-04T23:20:04.141777
TN 87 1040,7428,0.0,0.0,150.5,03/09/2025 01:17:11,13.01045,80.00384666666666,00384666666666,2025-09-04T23:20:04.141957
TN 87 1040,7428,0.0,0.0,150.49,03/09/2025 01:17:01,13.01045,80.00384666666666,00384666666666,2025-09-04T23:20:04.142137
TN 87 1040,7428,0.0,0.0,150.47,03/09/2025 01:16:51,13.01045,80.00384666666666,00384666666666,2025-09-04T23:20:04.142324
TN 87 1040,7428,0.0,0.0,150.46,03/09/2025 01:16:42,13.01045,80.00384666666666,00384666666666,2025-09-04T23:20:04.142521
TN 87 1040,7428,0.0,0.0,150.45,03/09/2025 01:16:34,13.01045,80.00384666666666,00384666666666,2025-09-04T23:20:04.142715
TN 87 1040,7428,0.0,0.0,150.46,03/09/2025 01:16:21,13.01045,80.00384666666666,00384666666666,2025-09-04T23:20:04.142881
TN 87 1040,7428,0.0,0.0,150.52,03/09/2025 01:16:12,13.01045,80.00384666666666,00384666666666,2025-09-04T23:20:04.143065
TN 87 1040,7428,0.0,0.0,150.5,03/09/2025 01:16:02,13.01045,80.00384666666666,00384666666666,2025-09-04T23:20:04.143240
TN 87 1040,7428,0.0,0.0,150.5,03/09/2025 01:15:53,13.01045,80.00384666666666,00384666666666,2025-09-04T23:20:04.143434
TN 87 1040,7428,0.0,0.0,150.48,03/09/2025 01:15:42,13.01045,80.00384666666666,00384666666666,2025-09-04T23:20:04.143627
TN 87 1040,7428,0.0,0.0,150.48,03/09/2025 01:15:35,13.01045,80.00384666666666,00384666666666,2025-09-04T23:20:04.143842
TN 87 1040,7428,0.0,0.0,150.47,03/09/2025 01:15:22,13.01045,80.00384666666666,00384666666666,2025-09-04T23:20:04.144033
TN 87 1040,7428,0.0,0.0,150.46,03/09/2025 01:15:12,13.01045,80.00384666666666,00384666666666,2025-09-04T23:20:04.144188
TN 87 1040,7428,0.0,0.0,150.46,03/09/2025 01:15:03,13.01045,80.00384666666666,00384666666666,2025-09-04T23:20:04.144355
TN 87 1040,7428,0.0,0.0,150.46,03/09/2025 01:14:53,13.01045,80.00384666666666,00384666666666,2025-09-04T23:20:04.144552
TN 87 1040,7428,0.0,0.0,150.48,03/09/2025 01:14:43,13.01045,80.00384666666666,00384666666666,2025-09-04T23:20:04.144746
TN 87 1040,7428,0.0,0.0,150.48,03/09/2025 01:14:37,13.01045,80.00384666666666,00384666666666,2025-09-04T23:20:04.144920
TN 87 1040,7428,0.0,0.0,150.48,03/09/2025 01:14:23,13.01045,80.00384666666666,00384666666666,2025-09-04T23:20:04.145119
TN 87 1040,7428,0.0,0.0,150.47,03/09/2025 01:14:14,13.01045,80.00384666666666,00384666666666,2025-09-04T23:20:04.145331
TN 87 1040,7428,0.0,0.0,150.44,03/09/2025 01:14:04,13.01045,80.00384666666666,00384666666666,2025-09-04T23:20:04.145513
TN 87 1040,7428,0.0,0.0,150.44,03/09/2025 01:13:54,13.01045,80.00384666666666,00384666666666,2025-09-04T23:20:04.145706
TN 87 1040,7428,0.0,0.0,150.44,03/09/2025 01:13:44,13.01045,80.00384666666666,00384666666666,2025-09-04T23:20:04.145911
TN 87 1040,7428,0.0,0.0,150.46,03/09/2025 01:13:37,13.01045,80.00384666666666,00384666666666,2025-09-04T23:20:04.146109
TN 87 1040,7428,0.0,0.0,150.46,03/09/2025 01:13:25,13.01045,80.00384666666666,00384666666666,2025-09-04T23:20:04.146326
TN 87 1040,7428,0.0,0.0,150.48,03/09/2025 01:13:14,13.01045,80.00384666666666,00384666666666,2025-09-04T23:20:04.146550
TN 87 1040,7428,0.0,0.0,150.48,03/09/2025 01:13:04,13.01045,80.00384666666666,00384666666666,2025-09-04T23:20:04.146848
TN 87 1040,7428,0.0,0.0,150.48,03/09/2025 01:12:55,13.01045,80.00384666666666,00384666666666,2025-09-04T23:20:04.147094
TN 87 1040,7428,0.0,0.0,150.44,03/09/2025 01:12:45,13.01045,80.00384666666666,00384666666666,2025-09-04T23:20:04.147347
TN 87 1040,7428,0.0,0.0,150.46,03/09/2025 01:12:38,13.01045,80.00384666666666,00384666666666,2025-09-04T23:20:04.147580
TN 87 1040,7428,0.0,0.0,150.46,03/09/2025 01:12:25,13.01045,80.00384666666666,00384666666666,2025-09-04T23:20:04.147805
TN 87 1040,7428,0.0,0.0,150.46,03/09/2025 01:12:15,13.01045,80.00384666666666,00384666666666,2025-09-04T23:20:04.148077
TN 87 1040,7428,0.0,0.0,150.46,03/09/2025 01:12:05,13.01045,80.00384666666666,00384666666666,2025-09-04T23:20:04.148366
TN 87 1040,7428,0.0,0.0,150.46,03/09/2025 01:11:56,13.01045,80.00384666666666,00384666666666,2025-09-04T23:20:04.148649
TN 87 1040,7428,0.0,0.0,150.46,03/09/2025 01:11:46,13.01045,80.00384666666666,00384666666666,2025-09-04T23:20:04.149044
TN 87 1040,7428,0.0,0.0,150.45,03/09/2025 01:11:39,13.01045,80.00384666666666,00384666666666,2025-09-04T23:20:04.149339
TN 87 1040,7428,0.0,0.0,150.44,03/09/2025 01:11:26,13.01045,80.00384666666666,00384666666666,2025-09-04T23:20:04.149558
TN 87 1040,7428,0.0,0.0,150.44,03/09/2025 01:11:16,13.01045,80.00384666666666,00384666666666,2025-09-04T23:20:04.149744
TN 87 1040,7428,0.0,0.0,150.44,03/09/2025 01:11:06,13.01045,80.00384666666666,00384666666666,2025-09-04T23:20:04.149950
TN 87 1040,7428,0.0,0.0,150.46,03/09/2025 01:10:57,13.01045,80.00384666666666,00384666666666,2025-09-04T23:20:04.150140
TN 87 1040,7428,0.0,0.0,150.47,03/09/2025 01:10:47,13.01045,80.00384666666666,00384666666666,2025-09-04T23:20:04.150339
TN 87 1040,7428,0.0,0.0,150.48,03/09/2025 01:10:39,13.01045,80.00384666666666,00384666666666,2025-09-04T23:20:04.150538
TN 87 1040,7428,0.0,0.0,150.48,03/09/2025 01:10:27,13.01045,80.00384666666666,00384666666666,2025-09-04T23:20:04.150750
TN 87 1040,7428,0.0,0.0,150.44,03/09/2025 01:10:17,13.01045,80.00384666666666,00384666666666,2025-09-04T23:20:04.150962
TN 87 1040,7428,0.0,0.0,150.44,03/09/2025 01:10:07,13.01045,80.00384666666666,00384666666666,2025-09-04T23:20:04.151170
TN 87 1040,7428,0.0,0.0,150.46,03/09/2025 01:09:57,13.01045,80.00384666666666,00384666666666,2025-09-04T23:20:04.151379
TN 87 1040,7428,0.0,0.0,150.46,03/09/2025 01:09:47,13.01045,80.00384666666666,00384666666666,2025-09-04T23:20:04.151589
TN 87 1040,7428,0.0,0.0,150.46,03/09/2025 01:09:40,13.01045,80.00384666666666,00384666666666,2025-09-04T23:20:04.151798
TN 87 1040,7428,0.0,0.0,150.46,03/09/2025 01:09:28,13.01045,80.00384666666666,00384666666666,2025-09-04T23:20:04.151975
TN 87 1040,7428,0.0,0.0,150.46,03/09/2025 01:09:18,13.01045,80.00384666666666,00384666666666,2025-09-04T23:20:04.152147
TN 87 1040,7428,0.0,0.0,150.45,03/09/2025 01:09:08,13.01045,80.00384666666666,00384666666666,2025-09-04T23:20:04.152316
TN 87 1040,7428,0.0,0.0,150.45,03/09/2025 01:08:58,13.01045,80.00384666666666,00384666666666,2025-09-04T23:20:04.152505
TN 87 1040,7428,0.0,0.0,150.44,03/09/2025 01:08:48,13.01045,80.00384666666666,00384666666666,2025-09-04T23:20:04.152709
TN 87 1040,7428,0.0,0.0,150.44,03/09/2025 01:08:42,13.01045,80.00384666666666,00384666666666,2025-09-04T23:20:04.152891
TN 87 1040,7428,0.0,0.0,150.44,03/09/2025 01:08:29,13.01045,80.00384666666666,00384666666666,2025-09-04T23:20:04.153048
TN 87 1040,7428,0.0,0.0,150.44,03/09/2025 01:08:20,13.01045,80.00384666666666,00384666666666,2025-09-04T23:20:04.153205
TN 87 1040,7428,0.0,0.0,150.47,03/09/2025 01:08:09,13.01045,80.00384666666666,00384666666666,2025-09-04T23:20:04.153361
TN 87 1040,7428,0.0,0.0,150.47,03/09/2025 01:07:59,13.01045,80.00384666666666,00384666666666,2025-09-04T23:20:04.153535
TN 87 1040,7428,0.0,0.0,150.48,03/09/2025 01:07:49,13.01045,80.00384666666666,00384666666666,2025-09-04T23:20:04.153698
TN 87 1040,7428,0.0,0.0,150.47,03/09/2025 01:07:42,13.01045,80.00384666666666,00384666666666,2025-09-04T23:20:04.153856
TN 87 1040,7428,0.0,0.0,150.47,03/09/2025 01:07:31,13.01045,80.00384666666666,00384666666666,2025-09-04T23:20:04.154018
TN 87 1040,7428,0.0,0.0,150.48,03/09/2025 01:07:20,13.01045,80.00384666666666,00384666666666,2025-09-04T23:20:04.154167
TN 87 1040,7428,0.0,0.0,150.46,03/09/2025 01:07:10,13.01045,80.00384666666666,00384666666666,2025-09-04T23:20:04.154311
TN 87 1040,7428,0.0,0.0,150.47,03/09/2025 01:07:00,13.01045,80.00384666666666,00384666666666,2025-09-04T23:20:04.154506
TN 87 1040,7428,0.0,0.0,150.47,03/09/2025 01:06:50,13.01045,80.00384666666666,00384666666666,2025-09-04T23:20:04.154687
TN 87 1040,7428,0.0,0.0,150.47,03/09/2025 01:06:43,13.01045,80.00384666666666,00384666666666,2025-09-04T23:20:04.154872
TN 87 1040,7428,0.0,0.0,150.47,03/09/2025 01:06:30,13.01045,80.00384666666666,00384666666666,2025-09-04T23:20:04.155041
TN 87 1040,7428,0.0,0.0,150.48,03/09/2025 01:06:21,13.01045,80.00384666666666,00384666666666,2025-09-04T23:20:04.155222
TN 87 1040,7428,0.0,0.0,150.48,03/09/2025 01:06:11,13.01045,80.00384666666666,00384666666666,2025-09-04T23:20:04.155413
TN 87 1040,7428,0.0,0.0,150.48,03/09/2025 01:06:01,13.01045,80.00384666666666,00384666666666,2025-09-04T23:20:04.155586
TN 87 1040,7428,0.0,0.0,150.48,03/09/2025 01:05:52,13.01045,80.00384666666666,00384666666666,2025-09-04T23:20:04.155775
TN 87 1040,7428,0.0,0.0,150.48,03/09/2025 01:05:44,13.01045,80.00384666666666,00384666666666,2025-09-04T23:20:04.155968
TN 87 1040,7428,0.0,0.0,150.48,03/09/2025 01:05:31,13.01045,80.00384666666666,00384666666666,2025-09-04T23:20:04.156165
TN 87 1040,7428,0.0,0.0,150.48,03/09/2025 01:05:22,13.01045,80.00384666666666,00384666666666,2025-09-04T23:20:04.156352
TN 87 1040,7428,0.0,0.0,150.49,03/09/2025 01:05:12,13.01045,80.00384666666666,00384666666666,2025-09-04T23:20:04.156532
TN 87 1040,7428,0.0,0.0,150.47,03/09/2025 01:05:03,13.01045,80.00384666666666,00384666666666,2025-09-04T23:20:04.156716
TN 87 1040,7428,0.0,0.0,150.47,03/09/2025 01:04:52,13.01045,80.00384666666666,00384666666666,2025-09-04T23:20:04.156894
TN 87 1040,7428,0.0,0.0,150.47,03/09/2025 01:04:45,13.01045,80.00384666666666,00384666666666,2025-09-04T23:20:04.157049
TN 87 1040,7428,0.0,0.0,150.48,03/09/2025 01:04:32,13.01045,80.00384666666666,00384666666666,2025-09-04T23:20:04.157217
TN 87 1040,7428,0.0,0.0,150.48,03/09/2025 01:04:22,13.01045,80.00384666666666,00384666666666,2025-09-04T23:20:04.157361
TN 87 1040,7428,0.0,0.0,150.48,03/09/2025 01:04:13,13.01045,80.00384666666666,00384666666666,2025-09-04T23:20:04.157503
TN 87 1040,7428,0.0,0.0,150.49,03/09/2025 01:04:03,13.01045,80.00384666666666,00384666666666,2025-09-04T23:20:04.157668
TN 87 1040,7428,0.0,0.0,150.5,03/09/2025 01:03:53,13.01045,80.00384666666666,00384666666666,2025-09-04T23:20:04.157822
TN 87 1040,7428,0.0,0.0,150.49,03/09/2025 01:03:47,13.01045,80.00384666666666,00384666666666,2025-09-04T23:20:04.157997
TN 87 1040,7428,0.0,0.0,150.5,03/09/2025 01:03:33,13.01045,80.00384666666666,00384666666666,2025-09-04T23:20:04.158159
TN 87 1040,7428,0.0,0.0,150.49,03/09/2025 01:03:24,13.01045,80.00384666666666,00384666666666,2025-09-04T23:20:04.158326
TN 87 1040,7428,0.0,0.0,150.48,03/09/2025 01:03:13,13.01045,80.00384666666666,00384666666666,2025-09-04T23:20:04.158516
TN 87 1040,7428,0.0,0.0,150.52,03/09/2025 01:03:04,13.01045,80.00384666666666,00384666666666,2025-09-04T23:20:04.158702
TN 87 1040,7428,0.0,0.0,150.52,03/09/2025 01:02:54,13.01045,80.00384666666666,00384666666666,2025-09-04T23:20:04.158878
TN 87 1040,7428,0.0,0.0,150.52,03/09/2025 01:02:47,13.01045,80.00384666666666,00384666666666,2025-09-04T23:20:04.159064
TN 87 1040,7428,0.0,0.0,150.52,03/09/2025 01:02:35,13.01045,80.00384666666666,00384666666666,2025-09-04T23:20:04.159251
TN 87 1040,7428,0.0,0.0,150.49,03/09/2025 01:02:24,13.01045,80.00384666666666,00384666666666,2025-09-04T23:20:04.159435
TN 87 1040,7428,0.0,0.0,150.5,03/09/2025 01:02:14,13.01045,80.00384666666666,00384666666666,2025-09-04T23:20:04.159620
TN 87 1040,7428,0.0,0.0,150.5,03/09/2025 01:02:05,13.01045,80.00384666666666,00384666666666,2025-09-04T23:20:04.159798
TN 87 1040,7428,0.0,0.0,150.5,03/09/2025 01:01:55,13.01045,80.00384666666666,00384666666666,2025-09-04T23:20:04.160252
TN 87 1040,7428,0.0,0.0,150.5,03/09/2025 01:01:48,13.01045,80.00384666666666,00384666666666,2025-09-04T23:20:04.160470
TN 87 1040,7428,0.0,0.0,150.51,03/09/2025 01:01:35,13.01045,80.00384666666666,00384666666666,2025-09-04T23:20:04.160678
TN 87 1040,7428,0.0,0.0,150.5,03/09/2025 01:01:25,13.01045,80.00384666666666,00384666666666,2025-09-04T23:20:04.160944
TN 87 1040,7428,0.0,0.0,150.5,03/09/2025 01:01:15,13.01045,80.00384666666666,00384666666666,2025-09-04T23:20:04.161148
TN 87 1040,7428,0.0,0.0,150.5,03/09/2025 01:01:05,13.01045,80.00384666666666,00384666666666,2025-09-04T23:20:04.161403
TN 87 1040,7428,0.0,0.0,150.52,03/09/2025 01:00:56,13.01045,80.00384666666666,00384666666666,2025-09-04T23:20:04.161628
TN 87 1040,7428,0.0,0.0,150.52,03/09/2025 01:00:49,13.01045,80.00384666666666,00384666666666,2025-09-04T23:20:04.161834
TN 87 1040,7428,0.0,0.0,150.52,03/09/2025 01:00:36,13.01045,80.00384666666666,00384666666666,2025-09-04T23:20:04.162038
TN 87 1040,7428,0.0,0.0,150.52,03/09/2025 01:00:26,13.01045,80.00384666666666,00384666666666,2025-09-04T23:20:04.162308
TN 87 1040,7428,0.0,0.0,150.5,03/09/2025 01:00:16,13.01045,80.00384666666666,00384666666666,2025-09-04T23:20:04.162561
TN 87 1040,7428,0.0,0.0,150.5,03/09/2025 01:00:07,13.01045,80.00384666666666,00384666666666,2025-09-04T23:20:04.162782
TN 87 1040,7428,0.0,0.0,150.52,03/09/2025 00:59:56,13.01045,80.00384666666666,00384666666666,2025-09-04T23:20:04.162948
TN 87 1040,7428,0.0,0.0,150.53,03/09/2025 00:59:49,13.01045,80.00384666666666,00384666666666,2025-09-04T23:20:04.163118
TN 87 1040,7428,0.0,0.0,150.53,03/09/2025 00:59:37,13.01045,80.00384666666666,00384666666666,2025-09-04T23:20:04.163303
TN 87 1040,7428,0.0,0.0,150.52,03/09/2025 00:59:27,13.01045,80.00384666666666,00384666666666,2025-09-04T23:20:04.163480
TN 87 1040,7428,0.0,0.0,150.52,03/09/2025 00:59:17,13.01045,80.00384666666666,00384666666666,2025-09-04T23:20:04.163656
TN 87 1040,7428,0.0,0.0,150.52,03/09/2025 00:59:07,13.01045,80.00384666666666,00384666666666,2025-09-04T23:20:04.163846
TN 87 1040,7428,0.0,0.0,150.52,03/09/2025 00:58:57,13.01045,80.00384666666666,00384666666666,2025-09-04T23:20:04.164015
TN 87 1040,7428,0.0,0.0,150.52,03/09/2025 00:58:50,13.01045,80.00384666666666,00384666666666,2025-09-04T23:20:04.164207
TN 87 1040,7428,0.0,0.0,150.53,03/09/2025 00:58:38,13.01045,80.00384666666666,00384666666666,2025-09-04T23:20:04.164395
TN 87 1040,7428,0.0,0.0,150.52,03/09/2025 00:58:28,13.01045,80.00384666666666,00384666666666,2025-09-04T23:20:04.164570
TN 87 1040,7428,0.0,0.0,150.52,03/09/2025 00:58:19,13.01045,80.00384666666666,00384666666666,2025-09-04T23:20:04.164737
TN 87 1040,7428,0.0,0.0,150.54,03/09/2025 00:58:08,13.01045,80.00384666666666,00384666666666,2025-09-04T23:20:04.164911
TN 87 1040,7428,0.0,0.0,150.55,03/09/2025 00:57:58,13.01045,80.00384666666666,00384666666666,2025-09-04T23:20:04.165079
TN 87 1040,7428,0.0,0.0,150.55,03/09/2025 00:57:52,13.01045,80.00384666666666,00384666666666,2025-09-04T23:20:04.165255
TN 87 1040,7428,0.0,0.0,150.56,03/09/2025 00:57:39,13.01045,80.00384666666666,00384666666666,2025-09-04T23:20:04.165414
TN 87 1040,7428,0.0,0.0,150.53,03/09/2025 00:57:30,13.01045,80.00384666666666,00384666666666,2025-09-04T23:20:04.165603
TN 87 1040,7428,0.0,0.0,150.54,03/09/2025 00:57:19,13.01045,80.00384666666666,00384666666666,2025-09-04T23:20:04.165800
TN 87 1040,7428,0.0,0.0,150.53,03/09/2025 00:57:09,13.01045,80.00384666666666,00384666666666,2025-09-04T23:20:04.166029
TN 87 1040,7428,0.0,0.0,150.53,03/09/2025 00:56:59,13.01045,80.00384666666666,00384666666666,2025-09-04T23:20:04.166245
TN 87 1040,7428,0.0,0.0,150.54,03/09/2025 00:56:52,13.01045,80.00384666666666,00384666666666,2025-09-04T23:20:04.166444
TN 87 1040,7428,0.0,0.0,150.54,03/09/2025 00:56:40,13.01045,80.00384666666666,00384666666666,2025-09-04T23:20:04.166647
TN 87 1040,7428,0.0,0.0,150.54,03/09/2025 00:56:30,13.01045,80.00384666666666,00384666666666,2025-09-04T23:20:04.166849
TN 87 1040,7428,0.0,0.0,150.54,03/09/2025 00:56:20,13.01045,80.00384666666666,00384666666666,2025-09-04T23:20:04.167025
TN 87 1040,7428,0.0,0.0,150.53,03/09/2025 00:56:10,13.01045,80.00384666666666,00384666666666,2025-09-04T23:20:04.167221
TN 87 1040,7428,0.0,0.0,150.53,03/09/2025 00:56:00,13.01045,80.00384666666666,00384666666666,2025-09-04T23:20:04.167429
TN 87 1040,7428,0.0,0.0,150.53,03/09/2025 00:55:53,13.01045,80.00384666666666,00384666666666,2025-09-04T23:20:04.167633
TN 87 1040,7428,0.0,0.0,150.54,03/09/2025 00:55:40,13.01045,80.00384666666666,00384666666666,2025-09-04T23:20:04.167829
TN 87 1040,7428,0.0,0.0,150.55,03/09/2025 00:55:31,13.01045,80.00384666666666,00384666666666,2025-09-04T23:20:04.167996
TN 87 1040,7428,0.0,0.0,150.55,03/09/2025 00:55:21,13.01045,80.00384666666666,00384666666666,2025-09-04T23:20:04.168188
TN 87 1040,7428,0.0,0.0,150.54,03/09/2025 00:55:11,13.01045,80.00384666666666,00384666666666,2025-09-04T23:20:04.168386
TN 87 1040,7428,0.0,0.0,150.54,03/09/2025 00:55:02,13.01045,80.00384666666666,00384666666666,2025-09-04T23:20:04.168584
TN 87 1040,7428,0.0,0.0,150.54,03/09/2025 00:54:54,13.01045,80.00384666666666,00384666666666,2025-09-04T23:20:04.168783
TN 87 1040,7428,0.0,0.0,150.54,03/09/2025 00:54:41,13.01045,80.00384666666666,00384666666666,2025-09-04T23:20:04.168975
TN 87 1040,7428,0.0,0.0,150.56,03/09/2025 00:54:31,13.01045,80.00384666666666,00384666666666,2025-09-04T23:20:04.169160
TN 87 1040,7428,0.0,0.0,150.56,03/09/2025 00:54:22,13.01045,80.00384666666666,00384666666666,2025-09-04T23:20:04.169356
TN 87 1040,7428,0.0,0.0,150.56,03/09/2025 00:54:12,13.01045,80.00384666666666,00384666666666,2025-09-04T23:20:04.169534
TN 87 1040,7428,0.0,0.0,150.55,03/09/2025 00:54:02,13.01045,80.00384666666666,00384666666666,2025-09-04T23:20:04.169718
TN 87 1040,7428,0.0,0.0,150.56,03/09/2025 00:53:55,13.01045,80.00384666666666,00384666666666,2025-09-04T23:20:04.169918
TN 87 1040,7428,0.0,0.0,150.55,03/09/2025 00:53:42,13.01045,80.00384666666666,00384666666666,2025-09-04T23:20:04.170109
TN 87 1040,7428,0.0,0.0,150.54,03/09/2025 00:53:32,13.01045,80.00384666666666,00384666666666,2025-09-04T23:20:04.170301
TN 87 1040,7428,0.0,0.0,150.56,03/09/2025 00:53:23,13.01045,80.00384666666666,00384666666666,2025-09-04T23:20:04.170501
TN 87 1040,7428,0.0,0.0,150.57,03/09/2025 00:53:13,13.01045,80.00384666666666,00384666666666,2025-09-04T23:20:04.170701
TN 87 1040,7428,0.0,0.0,150.55,03/09/2025 00:53:03,13.01045,80.00384666666666,00384666666666,2025-09-04T23:20:04.170927
TN 87 1040,7428,0.0,0.0,150.55,03/09/2025 00:52:57,13.01045,80.00384666666666,00384666666666,2025-09-04T23:20:04.171152
TN 87 1040,7428,0.0,0.0,150.56,03/09/2025 00:52:43,13.01045,80.00384666666666,00384666666666,2025-09-04T23:20:04.171359
TN 87 1040,7428,0.0,0.0,150.56,03/09/2025 00:52:34,13.01045,80.00384666666666,00384666666666,2025-09-04T23:20:04.171527
TN 87 1040,7428,0.0,0.0,150.56,03/09/2025 00:52:23,13.01045,80.00384666666666,00384666666666,2025-09-04T23:20:04.171714
TN 87 1040,7428,0.0,0.0,150.58,03/09/2025 00:52:14,13.01045,80.00384666666666,00384666666666,2025-09-04T23:20:04.171936
TN 87 1040,7428,0.0,0.0,150.56,03/09/2025 00:52:04,13.01045,80.00384666666666,00384666666666,2025-09-04T23:20:04.172099
TN 87 1040,7428,0.0,0.0,150.56,03/09/2025 00:51:57,13.01045,80.00384666666666,00384666666666,2025-09-04T23:20:04.172287
TN 87 1040,7428,0.0,0.0,150.56,03/09/2025 00:51:44,13.01045,80.00384666666666,00384666666666,2025-09-04T23:20:04.172462
TN 87 1040,7428,0.0,0.0,150.58,03/09/2025 00:51:34,13.01045,80.00384666666666,00384666666666,2025-09-04T23:20:04.172640
TN 87 1040,7428,0.0,0.0,150.58,03/09/2025 00:51:24,13.01045,80.00384666666666,00384666666666,2025-09-04T23:20:04.172807
TN 87 1040,7428,0.0,0.0,150.58,03/09/2025 00:51:14,13.01045,80.00384666666666,00384666666666,2025-09-04T23:20:04.173005
TN 87 1040,7428,0.0,0.0,150.58,03/09/2025 00:51:05,13.01045,80.00384666666666,00384666666666,2025-09-04T23:20:04.173176
TN 87 1040,7428,0.0,0.0,150.57,03/09/2025 00:50:58,13.01045,80.00384666666666,00384666666666,2025-09-04T23:20:04.173442
TN 87 1040,7428,0.0,0.0,150.57,03/09/2025 00:50:45,13.01045,80.00384666666666,00384666666666,2025-09-04T23:20:04.173662
TN 87 1040,7428,0.0,0.0,150.58,03/09/2025 00:50:35,13.01045,80.00384666666666,00384666666666,2025-09-04T23:20:04.173889
TN 87 1040,7428,0.0,0.0,150.57,03/09/2025 00:50:25,13.01045,80.00384666666666,00384666666666,2025-09-04T23:20:04.174124
TN 87 1040,7428,0.0,0.0,150.59,03/09/2025 00:50:15,13.01045,80.00384666666666,00384666666666,2025-09-04T23:20:04.174413
TN 87 1040,7428,0.0,0.0,150.59,03/09/2025 00:50:06,13.01045,80.00384666666666,00384666666666,2025-09-04T23:20:04.174647
TN 87 1040,7428,0.0,0.0,150.59,03/09/2025 00:49:58,13.01045,80.00384666666666,00384666666666,2025-09-04T23:20:04.174935
TN 87 1040,7428,0.0,0.0,150.59,03/09/2025 00:49:46,13.01045,80.00384666666666,00384666666666,2025-09-04T23:20:04.175156
TN 87 1040,7428,0.0,0.0,150.6,03/09/2025 00:49:36,13.01045,80.00384666666666,00384666666666,2025-09-04T23:20:04.175387
TN 87 1040,7428,0.0,0.0,150.61,03/09/2025 00:49:26,13.01045,80.00384666666666,00384666666666,2025-09-04T23:20:04.175653
TN 87 1040,7428,0.0,0.0,150.6,03/09/2025 00:49:17,13.01045,80.00384666666666,00384666666666,2025-09-04T23:20:04.175852
TN 87 1040,7428,0.0,0.0,150.6,03/09/2025 00:49:06,13.01045,80.00384666666666,00384666666666,2025-09-04T23:20:04.176037
TN 87 1040,7428,0.0,0.0,150.6,03/09/2025 00:48:59,13.01045,80.00384666666666,00384666666666,2025-09-04T23:20:04.176238
TN 87 1040,7428,0.0,0.0,150.61,03/09/2025 00:48:47,13.01045,80.00384666666666,00384666666666,2025-09-04T23:20:04.176466
TN 87 1040,7428,0.0,0.0,150.6,03/09/2025 00:48:37,13.01045,80.00384666666666,00384666666666,2025-09-04T23:20:04.176686
TN 87 1040,7428,0.0,0.0,150.6,03/09/2025 00:48:27,13.01045,80.00384666666666,00384666666666,2025-09-04T23:20:04.176890
TN 87 1040,7428,0.0,0.0,150.6,03/09/2025 00:48:18,13.01045,80.00384666666666,00384666666666,2025-09-04T23:20:04.177067
TN 87 1040,7428,0.0,0.0,150.61,03/09/2025 00:48:07,13.01045,80.00384666666666,00384666666666,2025-09-04T23:20:04.177266
TN 87 1040,7428,0.0,0.0,150.61,03/09/2025 00:48:00,13.01045,80.00384666666666,00384666666666,2025-09-04T23:20:04.177474
TN 87 1040,7428,0.0,0.0,150.61,03/09/2025 00:47:48,13.01045,80.00384666666666,00384666666666,2025-09-04T23:20:04.177664
TN 87 1040,7428,0.0,0.0,150.62,03/09/2025 00:47:38,13.01045,80.00384666666666,00384666666666,2025-09-04T23:20:04.177846
TN 87 1040,7428,0.0,0.0,150.62,03/09/2025 00:47:29,13.01045,80.00384666666666,00384666666666,2025-09-04T23:20:04.178025
TN 87 1040,7428,0.0,0.0,150.61,03/09/2025 00:47:18,13.01045,80.00384666666666,00384666666666,2025-09-04T23:20:04.178206
TN 87 1040,7428,0.0,0.0,150.61,03/09/2025 00:47:08,13.01045,80.00384666666666,00384666666666,2025-09-04T23:20:04.178656
TN 87 1040,7428,0.0,0.0,150.61,03/09/2025 00:47:02,13.01045,80.00384666666666,00384666666666,2025-09-04T23:20:04.178842
TN 87 1040,7428,0.0,0.0,150.61,03/09/2025 00:46:49,13.01045,80.00384666666666,00384666666666,2025-09-04T23:20:04.179030
TN 87 1040,7428,0.0,0.0,150.59,03/09/2025 00:46:40,13.01045,80.00384666666666,00384666666666,2025-09-04T23:20:04.179235
TN 87 1040,7428,0.0,0.0,150.62,03/09/2025 00:46:29,13.01045,80.00384666666666,00384666666666,2025-09-04T23:20:04.179426
TN 87 1040,7428,0.0,0.0,150.63,03/09/2025 00:46:19,13.01045,80.00384666666666,00384666666666,2025-09-04T23:20:04.179636
TN 87 1040,7428,0.0,0.0,150.61,03/09/2025 00:46:09,13.01045,80.00384666666666,00384666666666,2025-09-04T23:20:04.179848
TN 87 1040,7428,0.0,0.0,150.61,03/09/2025 00:46:02,13.01045,80.00384666666666,00384666666666,2025-09-04T23:20:04.180057
TN 87 1040,7428,0.0,0.0,150.6,03/09/2025 00:45:50,13.01045,80.00384666666666,00384666666666,2025-09-04T23:20:04.180247
TN 87 1040,7428,0.0,0.0,150.61,03/09/2025 00:45:40,13.01045,80.00384666666666,00384666666666,2025-09-04T23:20:04.180460
TN 87 1040,7428,0.0,0.0,150.61,03/09/2025 00:45:30,13.01045,80.00384666666666,00384666666666,2025-09-04T23:20:04.180672
TN 87 1040,7428,0.0,0.0,150.61,03/09/2025 00:45:20,13.01045,80.00384666666666,00384666666666,2025-09-04T23:20:04.180888
TN 87 1040,7428,0.0,0.0,150.63,03/09/2025 00:45:10,13.01045,80.00384666666666,00384666666666,2025-09-04T23:20:04.181097
TN 87 1040,7428,0.0,0.0,150.63,03/09/2025 00:45:03,13.01045,80.00384666666666,00384666666666,2025-09-04T23:20:04.181316
TN 87 1040,7428,0.0,0.0,150.63,03/09/2025 00:44:50,13.01045,80.00384666666666,00384666666666,2025-09-04T23:20:04.181747
TN 87 1040,7428,0.0,0.0,150.65,03/09/2025 00:44:40,13.01045,80.00384666666666,00384666666666,2025-09-04T23:20:04.181958
TN 87 1040,7428,0.0,0.0,150.65,03/09/2025 00:44:31,13.01045,80.00384666666666,00384666666666,2025-09-04T23:20:04.182247
TN 87 1040,7428,0.0,0.0,150.64,03/09/2025 00:44:21,13.01045,80.00384666666666,00384666666666,2025-09-04T23:20:04.182551
TN 87 1040,7428,0.0,0.0,150.65,03/09/2025 00:44:12,13.01045,80.00384666666666,00384666666666,2025-09-04T23:20:04.182821
TN 87 1040,7428,0.0,0.0,150.63,03/09/2025 00:44:04,13.01045,80.00384666666666,00384666666666,2025-09-04T23:20:04.183046
TN 87 1040,7428,0.0,0.0,150.63,03/09/2025 00:43:51,13.01045,80.00384666666666,00384666666666,2025-09-04T23:20:04.183294
TN 87 1040,7428,0.0,0.0,150.64,03/09/2025 00:43:41,13.01045,80.00384666666666,00384666666666,2025-09-04T23:20:04.183522
TN 87 1040,7428,0.0,0.0,150.65,03/09/2025 00:43:32,13.010451666666667,80.00385,00385,2025-09-04T23:20:04.183771
TN 87 1040,7428,0.0,0.0,150.65,03/09/2025 00:43:22,13.010445,80.00378333333333,00378333333333,2025-09-04T23:20:04.183998
TN 87 1040,7428,0.0,0.0,150.67,03/09/2025 00:43:12,13.010445,80.00378333333333,00378333333333,2025-09-04T23:20:04.184220
TN 87 1040,7428,0.0,0.0,150.64,03/09/2025 00:43:05,13.010445,80.00378333333333,00378333333333,2025-09-04T23:20:04.184435
TN 87 1040,7428,0.0,0.0,150.64,03/09/2025 00:42:52,13.010445,80.00378333333333,00378333333333,2025-09-04T23:20:04.184643
TN 87 1040,7428,0.0,0.0,150.64,03/09/2025 00:42:42,13.010445,80.00378333333333,00378333333333,2025-09-04T23:20:04.184884
TN 87 1040,7428,0.0,0.0,150.64,03/09/2025 00:42:33,13.010445,80.00378333333333,00378333333333,2025-09-04T23:20:04.185154
TN 87 1040,7428,0.0,0.0,150.64,03/09/2025 00:42:23,13.010445,80.00378333333333,00378333333333,2025-09-04T23:20:04.185373
TN 87 1040,7428,0.0,0.0,150.64,03/09/2025 00:42:13,13.010445,80.00378333333333,00378333333333,2025-09-04T23:20:04.185607
TN 87 1040,7428,0.0,0.0,150.64,03/09/2025 00:42:07,13.010445,80.00378333333333,00378333333333,2025-09-04T23:20:04.185829
TN 87 1040,7428,0.0,0.0,150.65,03/09/2025 00:41:53,13.010445,80.00378333333333,00378333333333,2025-09-04T23:20:04.186066
TN 87 1040,7428,0.0,0.0,150.66,03/09/2025 00:41:44,13.010445,80.00378333333333,00378333333333,2025-09-04T23:20:04.186314
TN 87 1040,7428,0.0,0.0,150.66,03/09/2025 00:41:33,13.010445,80.00378333333333,00378333333333,2025-09-04T23:20:04.186533
TN 87 1040,7428,0.0,0.0,150.65,03/09/2025 00:41:23,13.010445,80.00378333333333,00378333333333,2025-09-04T23:20:04.186838
TN 87 1040,7428,0.0,0.0,150.65,03/09/2025 00:41:14,13.010445,80.00378333333333,00378333333333,2025-09-04T23:20:04.187073
TN 87 1040,7428,0.0,0.0,150.65,03/09/2025 00:41:07,13.010445,80.00378333333333,00378333333333,2025-09-04T23:20:04.187296
TN 87 1040,7428,0.0,0.0,150.65,03/09/2025 00:40:54,13.010445,80.00378333333333,00378333333333,2025-09-04T23:20:04.187566
TN 87 1040,7428,0.0,0.0,150.65,03/09/2025 00:40:44,13.010445,80.00378333333333,00378333333333,2025-09-04T23:20:04.187807
TN 87 1040,7428,0.0,0.0,150.65,03/09/2025 00:40:34,13.010445,80.00378333333333,00378333333333,2025-09-04T23:20:04.188094
TN 87 1040,7428,0.0,0.0,150.64,03/09/2025 00:40:24,13.010445,80.00378333333333,00378333333333,2025-09-04T23:20:04.188325
TN 87 1040,7428,0.0,0.0,150.65,03/09/2025 00:40:15,13.010445,80.00378333333333,00378333333333,2025-09-04T23:20:04.188566
TN 87 1040,7428,0.0,0.0,150.66,03/09/2025 00:40:07,13.010445,80.00378333333333,00378333333333,2025-09-04T23:20:04.188809
TN 87 1040,7428,0.0,0.0,150.67,03/09/2025 00:39:55,13.010445,80.00378333333333,00378333333333,2025-09-04T23:20:04.189091
TN 87 1040,7428,0.0,0.0,150.67,03/09/2025 00:39:45,13.010445,80.00378333333333,00378333333333,2025-09-04T23:20:04.189340
TN 87 1040,7428,0.0,0.0,150.67,03/09/2025 00:39:35,13.010445,80.00378333333333,00378333333333,2025-09-04T23:20:04.189546
TN 87 1040,7428,0.0,0.0,150.67,03/09/2025 00:39:25,13.010445,80.00378333333333,00378333333333,2025-09-04T23:20:04.189730
TN 87 1040,7428,0.0,0.0,150.67,03/09/2025 00:39:16,13.010445,80.00378333333333,00378333333333,2025-09-04T23:20:04.189938
TN 87 1040,7428,0.0,0.0,150.67,03/09/2025 00:39:08,13.010445,80.00378333333333,00378333333333,2025-09-04T23:20:04.190139
TN 87 1040,7428,0.0,0.0,150.67,03/09/2025 00:38:56,13.010445,80.00378333333333,00378333333333,2025-09-04T23:20:04.190333
TN 87 1040,7428,0.0,0.0,150.68,03/09/2025 00:38:46,13.010445,80.00378333333333,00378333333333,2025-09-04T23:20:04.190532
TN 87 1040,7428,0.0,0.0,150.68,03/09/2025 00:38:36,13.010445,80.00378333333333,00378333333333,2025-09-04T23:20:04.190778
TN 87 1040,7428,0.0,0.0,150.67,03/09/2025 00:38:26,13.010445,80.00378333333333,00378333333333,2025-09-04T23:20:04.191057
TN 87 1040,7428,0.0,0.0,150.67,03/09/2025 00:38:16,13.010445,80.00378333333333,00378333333333,2025-09-04T23:20:04.191284
TN 87 1040,7428,0.0,0.0,150.69,03/09/2025 00:38:09,13.010445,80.00378333333333,00378333333333,2025-09-04T23:20:04.191498
TN 87 1040,7428,0.0,0.0,150.69,03/09/2025 00:37:57,13.010445,80.00378333333333,00378333333333,2025-09-04T23:20:04.191669
TN 87 1040,7428,0.0,0.0,150.69,03/09/2025 00:37:47,13.010445,80.00378333333333,00378333333333,2025-09-04T23:20:04.191857
TN 87 1040,7428,0.0,0.0,150.69,03/09/2025 00:37:37,13.010445,80.00378333333333,00378333333333,2025-09-04T23:20:04.192055
TN 87 1040,7428,0.0,0.0,150.7,03/09/2025 00:37:28,13.010445,80.00378333333333,00378333333333,2025-09-04T23:20:04.192253
TN 87 1040,7428,0.0,0.0,150.7,03/09/2025 00:37:17,13.010445,80.00378333333333,00378333333333,2025-09-04T23:20:04.192462
TN 87 1040,7428,0.0,0.0,150.69,03/09/2025 00:37:10,13.010445,80.00378333333333,00378333333333,2025-09-04T23:20:04.192653
TN 87 1040,7428,0.0,0.0,150.68,03/09/2025 00:36:58,13.010445,80.00378333333333,00378333333333,2025-09-04T23:20:04.192865
TN 87 1040,7428,0.0,0.0,150.67,03/09/2025 00:36:48,13.010445,80.00378333333333,00378333333333,2025-09-04T23:20:04.193052
TN 87 1040,7428,0.0,0.0,150.67,03/09/2025 00:36:39,13.010445,80.00378333333333,00378333333333,2025-09-04T23:20:04.193238
TN 87 1040,7428,0.0,0.0,150.71,03/09/2025 00:36:28,13.010445,80.00378333333333,00378333333333,2025-09-04T23:20:04.193418
TN 87 1040,7428,0.0,0.0,150.71,03/09/2025 00:36:18,13.010445,80.00378333333333,00378333333333,2025-09-04T23:20:04.193601
TN 87 1040,7428,0.0,0.0,150.71,03/09/2025 00:36:12,13.010445,80.00378333333333,00378333333333,2025-09-04T23:20:04.193781
TN 87 1040,7428,0.0,0.0,150.7,03/09/2025 00:35:58,13.010445,80.00378333333333,00378333333333,2025-09-04T23:20:04.193958
TN 87 1040,7428,0.0,0.0,150.69,03/09/2025 00:35:49,13.010445,80.00378333333333,00378333333333,2025-09-04T23:20:04.194155
TN 87 1040,7428,0.0,0.0,150.69,03/09/2025 00:35:39,13.010445,80.00378333333333,00378333333333,2025-09-04T23:20:04.194366
TN 87 1040,7428,0.0,0.0,150.71,03/09/2025 00:35:29,13.010445,80.00378333333333,00378333333333,2025-09-04T23:20:04.194555
TN 87 1040,7428,0.0,0.0,150.71,03/09/2025 00:35:19,13.010445,80.00378333333333,00378333333333,2025-09-04T23:20:04.194762
TN 87 1040,7428,0.0,0.0,150.72,03/09/2025 00:35:12,13.010445,80.00378333333333,00378333333333,2025-09-04T23:20:04.194973
TN 87 1040,7428,0.0,0.0,150.71,03/09/2025 00:35:00,13.010445,80.00378333333333,00378333333333,2025-09-04T23:20:04.195177
TN 87 1040,7428,0.0,0.0,150.71,03/09/2025 00:34:50,13.010445,80.00378333333333,00378333333333,2025-09-04T23:20:04.195386
TN 87 1040,7428,0.0,0.0,150.71,03/09/2025 00:34:40,13.010445,80.00378333333333,00378333333333,2025-09-04T23:20:04.195575
TN 87 1040,7428,0.0,0.0,150.71,03/09/2025 00:34:30,13.010445,80.00378333333333,00378333333333,2025-09-04T23:20:04.195795
TN 87 1040,7428,0.0,0.0,150.71,03/09/2025 00:34:20,13.010445,80.00378333333333,00378333333333,2025-09-04T23:20:04.195988
TN 87 1040,7428,0.0,0.0,150.71,03/09/2025 00:34:13,13.010445,80.00378333333333,00378333333333,2025-09-04T23:20:04.196241
TN 87 1040,7428,0.0,0.0,150.71,03/09/2025 00:34:00,13.010445,80.00378333333333,00378333333333,2025-09-04T23:20:04.196440
TN 87 1040,7428,0.0,0.0,150.72,03/09/2025 00:33:50,13.010445,80.00378333333333,00378333333333,2025-09-04T23:20:04.196637
TN 87 1040,7428,0.0,0.0,150.73,03/09/2025 00:33:41,13.010445,80.00378333333333,00378333333333,2025-09-04T23:20:04.196835
TN 87 1040,7428,0.0,0.0,150.73,03/09/2025 00:33:31,13.010445,80.00378333333333,00378333333333,2025-09-04T23:20:04.197024
TN 87 1040,7428,0.0,0.0,150.74,03/09/2025 00:33:21,13.010445,80.00378333333333,00378333333333,2025-09-04T23:20:04.197234
TN 87 1040,7428,0.0,0.0,150.75,03/09/2025 00:33:14,13.010445,80.00378333333333,00378333333333,2025-09-04T23:20:04.197432
TN 87 1040,7428,0.0,0.0,150.75,03/09/2025 00:33:01,13.010445,80.00378333333333,00378333333333,2025-09-04T23:20:04.197633
TN 87 1040,7428,0.0,0.0,150.73,03/09/2025 00:32:51,13.010445,80.00378333333333,00378333333333,2025-09-04T23:20:04.197820
TN 87 1040,7428,0.0,0.0,150.72,03/09/2025 00:32:41,13.010445,80.00378333333333,00378333333333,2025-09-04T23:20:04.198011
TN 87 1040,7428,0.0,0.0,150.73,03/09/2025 00:32:32,13.010445,80.00378333333333,00378333333333,2025-09-04T23:20:04.198221
TN 87 1040,7428,0.0,0.0,150.73,03/09/2025 00:32:22,13.010445,80.00378333333333,00378333333333,2025-09-04T23:20:04.198437
TN 87 1040,7428,0.0,0.0,150.73,03/09/2025 00:32:15,13.010445,80.00378333333333,00378333333333,2025-09-04T23:20:04.198648
TN 87 1040,7428,0.0,0.0,150.73,03/09/2025 00:32:02,13.010445,80.00378333333333,00378333333333,2025-09-04T23:20:04.198853
TN 87 1040,7428,0.0,0.0,150.73,03/09/2025 00:31:52,13.010445,80.00378333333333,00378333333333,2025-09-04T23:20:04.199051
TN 87 1040,7428,0.0,0.0,150.73,03/09/2025 00:31:43,13.010445,80.00378333333333,00378333333333,2025-09-04T23:20:04.199220
TN 87 1040,7428,0.0,0.0,150.73,03/09/2025 00:31:33,13.010445,80.00378333333333,00378333333333,2025-09-04T23:20:04.199411
TN 87 1040,7428,0.0,0.0,150.75,03/09/2025 00:31:23,13.010445,80.00378333333333,00378333333333,2025-09-04T23:20:04.200051
TN 87 1040,7428,0.0,0.0,150.75,03/09/2025 00:31:17,13.010445,80.00378333333333,00378333333333,2025-09-04T23:20:04.200269
TN 87 1040,7428,0.0,0.0,150.75,03/09/2025 00:31:03,13.010445,80.00378333333333,00378333333333,2025-09-04T23:20:04.200488
TN 87 1040,7428,0.0,0.0,150.75,03/09/2025 00:30:54,13.010445,80.00378333333333,00378333333333,2025-09-04T23:20:04.200702
TN 87 1040,7428,0.0,0.0,150.73,03/09/2025 00:30:43,13.010445,80.00378333333333,00378333333333,2025-09-04T23:20:04.200910
TN 87 1040,7428,0.0,0.0,150.73,03/09/2025 00:30:33,13.010445,80.00378333333333,00378333333333,2025-09-04T23:20:04.201191
TN 87 1040,7428,0.0,0.0,150.75,03/09/2025 00:30:24,13.010445,80.00378333333333,00378333333333,2025-09-04T23:20:04.201412
TN 87 1040,7428,0.0,0.0,150.76,03/09/2025 00:30:18,13.010445,80.00378333333333,00378333333333,2025-09-04T23:20:04.201642
TN 87 1040,7428,0.0,0.0,150.75,03/09/2025 00:30:04,13.010445,80.00378333333333,00378333333333,2025-09-04T23:20:04.201873
TN 87 1040,7428,0.0,0.0,150.75,03/09/2025 00:29:54,13.010445,80.00378333333333,00378333333333,2025-09-04T23:20:04.202109
TN 87 1040,7428,0.0,0.0,150.76,03/09/2025 00:29:44,13.010445,80.00378333333333,00378333333333,2025-09-04T23:20:04.202310
TN 87 1040,7428,0.0,0.0,150.77,03/09/2025 00:29:34,13.010445,80.00378333333333,00378333333333,2025-09-04T23:20:04.202501
TN 87 1040,7428,0.0,0.0,150.77,03/09/2025 00:29:24,13.010445,80.00378333333333,00378333333333,2025-09-04T23:20:04.202695
TN 87 1040,7428,0.0,0.0,150.77,03/09/2025 00:29:17,13.010445,80.00378333333333,00378333333333,2025-09-04T23:20:04.202900
TN 87 1040,7428,0.0,0.0,150.77,03/09/2025 00:29:05,13.010445,80.00378333333333,00378333333333,2025-09-04T23:20:04.203096
TN 87 1040,7428,0.0,0.0,150.77,03/09/2025 00:28:55,13.010445,80.00378333333333,00378333333333,2025-09-04T23:20:04.203280
TN 87 1040,7428,0.0,0.0,150.77,03/09/2025 00:28:45,13.010445,80.00378333333333,00378333333333,2025-09-04T23:20:04.203480
TN 87 1040,7428,0.0,0.0,150.77,03/09/2025 00:28:35,13.010445,80.00378333333333,00378333333333,2025-09-04T23:20:04.203676
TN 87 1040,7428,0.0,0.0,150.77,03/09/2025 00:28:26,13.010445,80.00378333333333,00378333333333,2025-09-04T23:20:04.203865
TN 87 1040,7428,0.0,0.0,150.77,03/09/2025 00:28:18,13.010445,80.00378333333333,00378333333333,2025-09-04T23:20:04.204052
TN 87 1040,7428,0.0,0.0,150.77,03/09/2025 00:28:06,13.010445,80.00378333333333,00378333333333,2025-09-04T23:20:04.204250
TN 87 1040,7428,0.0,0.0,150.77,03/09/2025 00:27:56,13.010445,80.00378333333333,00378333333333,2025-09-04T23:20:04.204447
TN 87 1040,7428,0.0,0.0,150.77,03/09/2025 00:27:46,13.010445,80.00378333333333,00378333333333,2025-09-04T23:20:04.204647
TN 87 1040,7428,0.0,0.0,150.77,03/09/2025 00:27:36,13.010445,80.00378333333333,00378333333333,2025-09-04T23:20:04.204850
TN 87 1040,7428,0.0,0.0,150.77,03/09/2025 00:27:27,13.010445,80.00378333333333,00378333333333,2025-09-04T23:20:04.205044
TN 87 1040,7428,0.0,0.0,150.77,03/09/2025 00:27:19,13.010445,80.00378333333333,00378333333333,2025-09-04T23:20:04.205225
TN 87 1040,7428,0.0,0.0,150.77,03/09/2025 00:27:07,13.010445,80.00378333333333,00378333333333,2025-09-04T23:20:04.205423
TN 87 1040,7428,0.0,0.0,150.78,03/09/2025 00:26:57,13.010445,80.00378333333333,00378333333333,2025-09-04T23:20:04.205611
TN 87 1040,7428,0.0,0.0,150.79,03/09/2025 00:26:47,13.010445,80.00378333333333,00378333333333,2025-09-04T23:20:04.205806
TN 87 1040,7428,0.0,0.0,150.79,03/09/2025 00:26:38,13.010445,80.00378333333333,00378333333333,2025-09-04T23:20:04.205984
TN 87 1040,7428,0.0,0.0,150.78,03/09/2025 00:26:27,13.010445,80.00378333333333,00378333333333,2025-09-04T23:20:04.206167
TN 87 1040,7428,0.0,0.0,150.78,03/09/2025 00:26:20,13.010445,80.00378333333333,00378333333333,2025-09-04T23:20:04.206372
TN 87 1040,7428,0.0,0.0,150.79,03/09/2025 00:26:07,13.010445,80.00378333333333,00378333333333,2025-09-04T23:20:04.206564
TN 87 1040,7428,0.0,0.0,150.79,03/09/2025 00:25:58,13.010445,80.00378333333333,00378333333333,2025-09-04T23:20:04.206752
TN 87 1040,7428,0.0,0.0,150.79,03/09/2025 00:25:49,13.010445,80.00378333333333,00378333333333,2025-09-04T23:20:04.206960
TN 87 1040,7428,0.0,0.0,150.79,03/09/2025 00:25:38,13.010445,80.00378333333333,00378333333333,2025-09-04T23:20:04.207162
TN 87 1040,7428,0.0,0.0,150.79,03/09/2025 00:25:28,13.010445,80.00378333333333,00378333333333,2025-09-04T23:20:04.207352
TN 87 1040,7428,0.0,0.0,150.78,03/09/2025 00:25:22,13.010445,80.00378333333333,00378333333333,2025-09-04T23:20:04.207540
TN 87 1040,7428,0.0,0.0,150.79,03/09/2025 00:25:08,13.010445,80.00378333333333,00378333333333,2025-09-04T23:20:04.207722
TN 87 1040,7428,0.0,0.0,150.79,03/09/2025 00:24:59,13.010445,80.00378333333333,00378333333333,2025-09-04T23:20:04.207916
TN 87 1040,7428,0.0,0.0,150.78,03/09/2025 00:24:49,13.010445,80.00378333333333,00378333333333,2025-09-04T23:20:04.208114
TN 87 1040,7428,0.0,0.0,150.78,03/09/2025 00:24:39,13.010445,80.00378333333333,00378333333333,2025-09-04T23:20:04.208304
TN 87 1040,7428,0.0,0.0,150.79,03/09/2025 00:24:29,13.010445,80.00378333333333,00378333333333,2025-09-04T23:20:04.208513
TN 87 1040,7428,0.0,0.0,150.79,03/09/2025 00:24:22,13.010445,80.00378333333333,00378333333333,2025-09-04T23:20:04.208707
TN 87 1040,7428,0.0,0.0,150.79,03/09/2025 00:24:10,13.010445,80.00378333333333,00378333333333,2025-09-04T23:20:04.208890
TN 87 1040,7428,0.0,0.0,150.79,03/09/2025 00:23:59,13.010445,80.00378333333333,00378333333333,2025-09-04T23:20:04.209049
TN 87 1040,7428,0.0,0.0,150.8,03/09/2025 00:23:49,13.010445,80.00378333333333,00378333333333,2025-09-04T23:20:04.209243
TN 87 1040,7428,0.0,0.0,150.8,03/09/2025 00:23:40,13.010445,80.00378333333333,00378333333333,2025-09-04T23:20:04.209413
TN 87 1040,7428,0.0,0.0,150.82,03/09/2025 00:23:30,13.010445,80.00378333333333,00378333333333,2025-09-04T23:20:04.209608
TN 87 1040,7428,0.0,0.0,150.83,03/09/2025 00:23:23,13.010445,80.00378333333333,00378333333333,2025-09-04T23:20:04.209808
TN 87 1040,7428,0.0,0.0,150.83,03/09/2025 00:23:10,13.010445,80.00378333333333,00378333333333,2025-09-04T23:20:04.209984
TN 87 1040,7428,0.0,0.0,150.81,03/09/2025 00:23:00,13.010445,80.00378333333333,00378333333333,2025-09-04T23:20:04.210162
TN 87 1040,7428,0.0,0.0,150.81,03/09/2025 00:22:50,13.010445,80.00378333333333,00378333333333,2025-09-04T23:20:04.210362
TN 87 1040,7428,0.0,0.0,150.81,03/09/2025 00:22:41,13.010445,80.00378333333333,00378333333333,2025-09-04T23:20:04.210565
TN 87 1040,7428,0.0,0.0,150.83,03/09/2025 00:22:31,13.010445,80.00378333333333,00378333333333,2025-09-04T23:20:04.210745
TN 87 1040,7428,0.0,0.0,150.83,03/09/2025 00:22:24,13.010445,80.00378333333333,00378333333333,2025-09-04T23:20:04.210938
TN 87 1040,7428,0.0,0.0,150.83,03/09/2025 00:22:11,13.010445,80.00378333333333,00378333333333,2025-09-04T23:20:04.211152
TN 87 1040,7428,0.0,0.0,150.85,03/09/2025 00:22:01,13.010445,80.00378333333333,00378333333333,2025-09-04T23:20:04.211362
TN 87 1040,7428,0.0,0.0,150.81,03/09/2025 00:21:51,13.010445,80.00378333333333,00378333333333,2025-09-04T23:20:04.211566
TN 87 1040,7428,0.0,0.0,150.81,03/09/2025 00:21:42,13.010445,80.00378333333333,00378333333333,2025-09-04T23:20:04.211766
TN 87 1040,7428,0.0,0.0,150.82,03/09/2025 00:21:32,13.010445,80.00378333333333,00378333333333,2025-09-04T23:20:04.211940
TN 87 1040,7428,0.0,0.0,150.82,03/09/2025 00:21:25,13.010445,80.00378333333333,00378333333333,2025-09-04T23:20:04.212124
TN 87 1040,7428,0.0,0.0,150.81,03/09/2025 00:21:12,13.010445,80.00378333333333,00378333333333,2025-09-04T23:20:04.212330
TN 87 1040,7428,0.0,0.0,150.81,03/09/2025 00:21:02,13.010445,80.00378333333333,00378333333333,2025-09-04T23:20:04.212530
TN 87 1040,7428,0.0,0.0,150.83,03/09/2025 00:20:53,13.010445,80.00378333333333,00378333333333,2025-09-04T23:20:04.212723
TN 87 1040,7428,0.0,0.0,150.83,03/09/2025 00:20:42,13.010445,80.00378333333333,00378333333333,2025-09-04T23:20:04.212910
TN 87 1040,7428,0.0,0.0,150.83,03/09/2025 00:20:32,13.010445,80.00378333333333,00378333333333,2025-09-04T23:20:04.213541
TN 87 1040,7428,0.0,0.0,150.84,03/09/2025 00:20:27,13.010445,80.00378333333333,00378333333333,2025-09-04T23:20:04.213744
TN 87 1040,7428,0.0,0.0,150.82,03/09/2025 00:20:13,13.010445,80.00378333333333,00378333333333,2025-09-04T23:20:04.213972
TN 87 1040,7428,0.0,0.0,150.82,03/09/2025 00:20:03,13.010445,80.00378333333333,00378333333333,2025-09-04T23:20:04.214204
TN 87 1040,7428,0.0,0.0,150.84,03/09/2025 00:19:53,13.010445,80.00378333333333,00378333333333,2025-09-04T23:20:04.214481
TN 87 1040,7428,0.0,0.0,150.84,03/09/2025 00:19:43,13.010445,80.00378333333333,00378333333333,2025-09-04T23:20:04.214741
TN 87 1040,7428,0.0,0.0,150.84,03/09/2025 00:19:33,13.010445,80.00378333333333,00378333333333,2025-09-04T23:20:04.214979
TN 87 1040,7428,0.0,0.0,150.85,03/09/2025 00:19:28,13.010445,80.00378333333333,00378333333333,2025-09-04T23:20:04.215353
TN 87 1040,7428,0.0,0.0,150.83,03/09/2025 00:19:14,13.010445,80.00378333333333,00378333333333,2025-09-04T23:20:04.215614
TN 87 1040,7428,0.0,0.0,150.83,03/09/2025 00:19:04,13.010445,80.00378333333333,00378333333333,2025-09-04T23:20:04.215830
TN 87 1040,7428,0.0,0.0,150.84,03/09/2025 00:18:54,13.010445,80.00378333333333,00378333333333,2025-09-04T23:20:04.216033
TN 87 1040,7428,0.0,0.0,150.83,03/09/2025 00:18:44,13.010445,80.00378333333333,00378333333333,2025-09-04T23:20:04.216235
TN 87 1040,7428,0.0,0.0,150.83,03/09/2025 00:18:34,13.010445,80.00378333333333,00378333333333,2025-09-04T23:20:04.216448
TN 87 1040,7428,0.0,0.0,150.85,03/09/2025 00:18:27,13.010445,80.00378333333333,00378333333333,2025-09-04T23:20:04.216645
TN 87 1040,7428,0.0,0.0,150.85,03/09/2025 00:18:15,13.010445,80.00378333333333,00378333333333,2025-09-04T23:20:04.216835
TN 87 1040,7428,0.0,0.0,150.85,03/09/2025 00:18:05,13.010445,80.00378333333333,00378333333333,2025-09-04T23:20:04.217026
TN 87 1040,7428,0.0,0.0,150.84,03/09/2025 00:17:55,13.010445,80.00378333333333,00378333333333,2025-09-04T23:20:04.217223
TN 87 1040,7428,0.0,0.0,150.84,03/09/2025 00:17:45,13.010445,80.00378333333333,00378333333333,2025-09-04T23:20:04.217418
TN 87 1040,7428,0.0,0.0,150.84,03/09/2025 00:17:35,13.010445,80.00378333333333,00378333333333,2025-09-04T23:20:04.217624
TN 87 1040,7428,0.0,0.0,150.85,03/09/2025 00:17:28,13.010445,80.00378333333333,00378333333333,2025-09-04T23:20:04.217819
TN 87 1040,7428,0.0,0.0,150.85,03/09/2025 00:17:15,13.010445,80.00378333333333,00378333333333,2025-09-04T23:20:04.217995
TN 87 1040,7428,0.0,0.0,150.86,03/09/2025 00:17:06,13.010445,80.00378333333333,00378333333333,2025-09-04T23:20:04.218203
TN 87 1040,7428,0.0,0.0,150.86,03/09/2025 00:16:56,13.010445,80.00378333333333,00378333333333,2025-09-04T23:20:04.218405
TN 87 1040,7428,0.0,0.0,150.85,03/09/2025 00:16:46,13.010445,80.00378333333333,00378333333333,2025-09-04T23:20:04.218605
TN 87 1040,7428,0.0,0.0,150.87,03/09/2025 00:16:37,13.010445,80.00378333333333,00378333333333,2025-09-04T23:20:04.218783
TN 87 1040,7428,0.0,0.0,150.87,03/09/2025 00:16:29,13.010445,80.00378333333333,00378333333333,2025-09-04T23:20:04.218989
TN 87 1040,7428,0.0,0.0,150.87,03/09/2025 00:16:16,13.010445,80.00378333333333,00378333333333,2025-09-04T23:20:04.219184
TN 87 1040,7428,0.0,0.0,150.88,03/09/2025 00:16:07,13.010445,80.00378333333333,00378333333333,2025-09-04T23:20:04.219393
TN 87 1040,7428,0.0,0.0,150.87,03/09/2025 00:15:57,13.010445,80.00378333333333,00378333333333,2025-09-04T23:20:04.219613
TN 87 1040,7428,0.0,0.0,150.87,03/09/2025 00:15:48,13.010445,80.00378333333333,00378333333333,2025-09-04T23:20:04.219815
TN 87 1040,7428,0.0,0.0,150.87,03/09/2025 00:15:37,13.010445,80.00378333333333,00378333333333,2025-09-04T23:20:04.220018
TN 87 1040,7428,0.0,0.0,150.87,03/09/2025 00:15:30,13.010445,80.00378333333333,00378333333333,2025-09-04T23:20:04.220223
TN 87 1040,7428,0.0,0.0,150.87,03/09/2025 00:15:17,13.010445,80.00378333333333,00378333333333,2025-09-04T23:20:04.220422
TN 87 1040,7428,0.0,0.0,150.87,03/09/2025 00:15:07,13.010445,80.00378333333333,00378333333333,2025-09-04T23:20:04.220615
TN 87 1040,7428,0.0,0.0,150.88,03/09/2025 00:14:58,13.010445,80.00378333333333,00378333333333,2025-09-04T23:20:04.220854
TN 87 1040,7428,0.0,0.0,150.88,03/09/2025 00:14:48,13.010445,80.00378333333333,00378333333333,2025-09-04T23:20:04.221067
TN 87 1040,7428,0.0,0.0,150.88,03/09/2025 00:14:38,13.010445,80.00378333333333,00378333333333,2025-09-04T23:20:04.221264
TN 87 1040,7428,0.0,0.0,150.87,03/09/2025 00:14:32,13.010445,80.00378333333333,00378333333333,2025-09-04T23:20:04.221447
TN 87 1040,7428,0.0,0.0,150.87,03/09/2025 00:14:18,13.010445,80.00378333333333,00378333333333,2025-09-04T23:20:04.221626
TN 87 1040,7428,0.0,0.0,150.87,03/09/2025 00:14:09,13.010445,80.00378333333333,00378333333333,2025-09-04T23:20:04.221826
TN 87 1040,7428,0.0,0.0,150.87,03/09/2025 00:13:58,13.010445,80.00378333333333,00378333333333,2025-09-04T23:20:04.222029
TN 87 1040,7428,0.0,0.0,150.87,03/09/2025 00:13:49,13.010445,80.00378333333333,00378333333333,2025-09-04T23:20:04.222214
TN 87 1040,7428,0.0,0.0,150.87,03/09/2025 00:13:39,13.010445,80.00378333333333,00378333333333,2025-09-04T23:20:04.222414
TN 87 1040,7428,0.0,0.0,150.88,03/09/2025 00:13:32,13.010445,80.00378333333333,00378333333333,2025-09-04T23:20:04.222610
TN 87 1040,7428,0.0,0.0,150.88,03/09/2025 00:13:20,13.010445,80.00378333333333,00378333333333,2025-09-04T23:20:04.222788
TN 87 1040,7428,0.0,0.0,150.88,03/09/2025 00:13:09,13.010445,80.00378333333333,00378333333333,2025-09-04T23:20:04.222974
TN 87 1040,7428,0.0,0.0,150.87,03/09/2025 00:12:59,13.010445,80.00378333333333,00378333333333,2025-09-04T23:20:04.223154
TN 87 1040,7428,0.0,0.0,150.87,03/09/2025 00:12:50,13.010445,80.00378333333333,00378333333333,2025-09-04T23:20:04.223347
TN 87 1040,7428,0.0,0.0,150.87,03/09/2025 00:12:40,13.010445,80.00378333333333,00378333333333,2025-09-04T23:20:04.223555
TN 87 1040,7428,0.0,0.0,150.89,03/09/2025 00:12:33,13.010445,80.00378333333333,00378333333333,2025-09-04T23:20:04.223747
TN 87 1040,7428,0.0,0.0,150.89,03/09/2025 00:12:15,13.010445,80.00378333333333,00378333333333,2025-09-04T23:20:04.223941
TN 87 1040,7428,0.0,0.0,150.89,03/09/2025 00:12:05,13.010445,80.00378333333333,00378333333333,2025-09-04T23:20:04.224135
TN 87 1040,7428,0.0,0.0,150.88,03/09/2025 00:11:55,13.010445,80.00378333333333,00378333333333,2025-09-04T23:20:04.224337
TN 87 1040,7428,0.0,0.0,150.88,03/09/2025 00:11:46,13.010445,80.00378333333333,00378333333333,2025-09-04T23:20:04.224546
TN 87 1040,7428,0.0,0.0,150.89,03/09/2025 00:11:37,13.010445,80.00378333333333,00378333333333,2025-09-04T23:20:04.224734
TN 87 1040,7428,0.0,0.0,150.91,03/09/2025 00:11:26,13.010445,80.00378333333333,00378333333333,2025-09-04T23:20:04.224923
TN 87 1040,7428,0.0,0.0,150.91,03/09/2025 00:11:16,13.010445,80.00378333333333,00378333333333,2025-09-04T23:20:04.225095
TN 87 1040,7428,0.0,0.0,150.9,03/09/2025 00:11:06,13.010445,80.00378333333333,00378333333333,2025-09-04T23:20:04.225290
TN 87 1040,7428,0.0,0.0,150.9,03/09/2025 00:10:56,13.010445,80.00378333333333,00378333333333,2025-09-04T23:20:04.225493
TN 87 1040,7428,0.0,0.0,150.9,03/09/2025 00:10:47,13.010445,80.00378333333333,00378333333333,2025-09-04T23:20:04.225693
TN 87 1040,7428,0.0,0.0,150.89,03/09/2025 00:10:37,13.010445,80.00378333333333,00378333333333,2025-09-04T23:20:04.225858
TN 87 1040,7428,0.0,0.0,150.89,03/09/2025 00:10:27,13.010445,80.00378333333333,00378333333333,2025-09-04T23:20:04.226033
TN 87 1040,7428,0.0,0.0,150.91,03/09/2025 00:10:17,13.010445,80.00378333333333,00378333333333,2025-09-04T23:20:04.226242
TN 87 1040,7428,0.0,0.0,150.92,03/09/2025 00:10:07,13.010445,80.00378333333333,00378333333333,2025-09-04T23:20:04.226463
TN 87 1040,7428,0.0,0.0,150.93,03/09/2025 00:09:59,13.010445,80.00378333333333,00378333333333,2025-09-04T23:20:04.226669
TN 87 1040,7428,0.0,0.0,150.93,03/09/2025 00:08:28,13.010445,80.00378333333333,00378333333333,2025-09-04T23:20:04.226940
TN 87 1040,7428,0.0,0.0,150.93,03/09/2025 00:08:19,13.010445,80.00378333333333,00378333333333,2025-09-04T23:20:04.227167
TN 87 1040,7428,0.0,0.0,150.93,03/09/2025 00:08:09,13.010445,80.00378333333333,00378333333333,2025-09-04T23:20:04.227385
TN 87 1040,7428,0.0,0.0,150.93,03/09/2025 00:08:03,13.010445,80.00378333333333,00378333333333,2025-09-04T23:20:04.227596
TN 87 1040,7428,0.0,0.0,150.93,03/09/2025 00:07:37,13.010445,80.00378333333333,00378333333333,2025-09-04T23:20:04.227807
TN 87 1040,7428,0.0,0.0,150.93,03/09/2025 00:07:25,13.010445,80.00378333333333,00378333333333,2025-09-04T23:20:04.228012
TN 87 1040,7428,0.0,0.0,150.93,03/09/2025 00:07:15,13.010445,80.00378333333333,00378333333333,2025-09-04T23:20:04.228241
TN 87 1040,7428,0.0,0.0,150.93,03/09/2025 00:07:05,13.010445,80.00378333333333,00378333333333,2025-09-04T23:20:04.228460
TN 87 1040,7428,0.0,0.0,150.91,03/09/2025 00:06:55,13.010445,80.00378333333333,00378333333333,2025-09-04T23:20:04.228680
TN 87 1040,7428,0.0,0.0,150.94,03/09/2025 00:06:47,13.010445,80.00378333333333,00378333333333,2025-09-04T23:20:04.228892
TN 87 1040,7428,0.0,0.0,150.94,03/09/2025 00:06:38,13.010445,80.00378333333333,00378333333333,2025-09-04T23:20:04.229112
TN 87 1040,7428,0.0,0.0,150.95,03/09/2025 00:06:11,13.010445,80.00378333333333,00378333333333,2025-09-04T23:20:04.229322
TN 87 1040,7428,0.0,0.0,150.95,03/09/2025 00:06:01,13.010445,80.00378333333333,00378333333333,2025-09-04T23:20:04.229528
TN 87 1040,7428,0.0,0.0,150.93,03/09/2025 00:05:51,13.010445,80.00378333333333,00378333333333,2025-09-04T23:20:04.229732
TN 87 1040,7428,0.0,0.0,150.93,03/09/2025 00:05:41,13.010445,80.00378333333333,00378333333333,2025-09-04T23:20:04.229933
TN 87 1040,7428,0.0,0.0,150.93,03/09/2025 00:05:31,13.010445,80.00378333333333,00378333333333,2025-09-04T23:20:04.230129
TN 87 1040,7428,0.0,0.0,150.93,03/09/2025 00:05:21,13.010445,80.00378333333333,00378333333333,2025-09-04T23:20:04.230325
TN 87 1040,7428,0.0,0.0,150.94,03/09/2025 00:05:11,13.010445,80.00378333333333,00378333333333,2025-09-04T23:20:04.230542
TN 87 1040,7428,0.0,0.0,150.94,03/09/2025 00:05:02,13.010445,80.00378333333333,00378333333333,2025-09-04T23:20:04.230842
TN 87 1040,7428,0.0,0.0,150.95,03/09/2025 00:04:52,13.010445,80.00378333333333,00378333333333,2025-09-04T23:20:04.231047
TN 87 1040,7428,0.0,0.0,150.95,03/09/2025 00:04:42,13.010445,80.00378333333333,00378333333333,2025-09-04T23:20:04.231269
TN 87 1040,7428,0.0,0.0,150.95,03/09/2025 00:04:32,13.010445,80.00378333333333,00378333333333,2025-09-04T23:20:04.231476
TN 87 1040,7428,0.0,0.0,150.95,03/09/2025 00:04:22,13.010445,80.00378333333333,00378333333333,2025-09-04T23:20:04.231679
TN 87 1040,7428,0.0,0.0,150.95,03/09/2025 00:04:13,13.010445,80.00378333333333,00378333333333,2025-09-04T23:20:04.231868
TN 87 1040,7428,0.0,0.0,150.93,03/09/2025 00:04:02,13.010445,80.00378333333333,00378333333333,2025-09-04T23:20:04.232071
TN 87 1040,7428,0.0,0.0,150.93,03/09/2025 00:03:53,13.010445,80.00378333333333,00378333333333,2025-09-04T23:20:04.232275
TN 87 1040,7428,0.0,0.0,150.94,03/09/2025 00:03:43,13.010445,80.00378333333333,00378333333333,2025-09-04T23:20:04.232479
TN 87 1040,7428,0.0,0.0,150.95,03/09/2025 00:03:33,13.010445,80.00378333333333,00378333333333,2025-09-04T23:20:04.232663
TN 87 1040,7428,0.0,0.0,150.98,03/09/2025 00:03:23,13.010445,80.00378333333333,00378333333333,2025-09-04T23:20:04.232838
TN 87 1040,7428,0.0,0.0,150.97,03/09/2025 00:03:13,13.010445,80.00378333333333,00378333333333,2025-09-04T23:20:04.233012
TN 87 1040,7428,0.0,0.0,150.97,03/09/2025 00:03:03,13.010445,80.00378333333333,00378333333333,2025-09-04T23:20:04.233185
TN 87 1040,7428,0.0,0.0,150.97,03/09/2025 00:02:53,13.010445,80.00378333333333,00378333333333,2025-09-04T23:20:04.233384
TN 87 1040,7428,0.0,0.0,150.97,03/09/2025 00:02:44,13.010445,80.00378333333333,00378333333333,2025-09-04T23:20:04.233580
TN 87 1040,7428,0.0,0.0,150.96,03/09/2025 00:02:34,13.010445,80.00378333333333,00378333333333,2025-09-04T23:20:04.233771
TN 87 1040,7428,0.0,0.0,150.95,03/09/2025 00:02:25,13.010445,80.00378333333333,00378333333333,2025-09-04T23:20:04.233974
TN 87 1040,7428,0.0,0.0,150.96,03/09/2025 00:02:18,13.010445,80.00378333333333,00378333333333,2025-09-04T23:20:04.234172
TN 87 1040,7428,0.0,0.0,150.96,03/09/2025 00:01:49,13.010445,80.00378333333333,00378333333333,2025-09-04T23:20:04.234368
TN 87 1040,7428,0.0,0.0,150.96,03/09/2025 00:01:42,13.010445,80.00378333333333,00378333333333,2025-09-04T23:20:04.234569
TN 87 1040,7428,0.0,0.0,150.96,03/09/2025 00:01:30,13.010445,80.00378333333333,00378333333333,2025-09-04T23:20:04.234739
TN 87 1040,7428,0.0,0.0,150.96,03/09/2025 00:01:20,13.010445,80.00378333333333,00378333333333,2025-09-04T23:20:04.234940
TN 87 1040,7428,0.0,0.0,150.98,03/09/2025 00:01:10,13.010445,80.00378333333333,00378333333333,2025-09-04T23:20:04.235120
TN 87 1040,7428,0.0,0.0,150.98,03/09/2025 00:01:00,13.010445,80.00378333333333,00378333333333,2025-09-04T23:20:04.235332
TN 87 1040,7428,0.0,0.0,150.98,03/09/2025 00:00:51,13.010445,80.00378333333333,00378333333333,2025-09-04T23:20:04.235539
TN 87 1040,7428,0.0,0.0,150.98,03/09/2025 00:00:43,13.010445,80.00378333333333,00378333333333,2025-09-04T23:20:04.235725
TN 87 1040,7428,0.0,0.0,150.98,03/09/2025 00:00:31,13.010445,80.00378333333333,00378333333333,2025-09-04T23:20:04.235910
TN 87 1040,7428,0.0,0.0,150.98,03/09/2025 00:00:21,13.010445,80.00378333333333,00378333333333,2025-09-04T23:20:04.236112
TN 87 1040,7428,0.0,0.0,150.99,03/09/2025 00:00:11,13.010445,80.00378333333333,00378333333333,2025-09-04T23:20:04.236309
TN 87 1040,7428,0.0,0.0,150.98,03/09/2025 00:00:01,13.010445,80.00378333333333,00378333333333,2025-09-04T23:20:04.236505
