vehicle_number,device_id,speed,total_distance,fuel,data_received,latitude,longitude,location_text,scraped_at
TN 87 2430,865826046640860,0.0,0.0,160.06,03/09/2025 23:58:22,13.0996835,79.655199,6551990,2025-09-04T23:21:39.051203
TN 87 2430,865826046640860,0.0,0.0,160.06,03/09/2025 23:57:24,13.0996835,79.655199,6551990,2025-09-04T23:21:39.051474
TN 87 2430,865826046640860,0.0,0.0,160.06,03/09/2025 23:56:25,13.0996835,79.655199,6551990,2025-09-04T23:21:39.051696
TN 87 2430,865826046640860,0.0,0.0,160.09,03/09/2025 23:55:27,13.0996835,79.655199,6551990,2025-09-04T23:21:39.051896
TN 87 2430,865826046640860,0.0,0.0,160.06,03/09/2025 23:54:28,13.0996835,79.655199,6551990,2025-09-04T23:21:39.052087
TN 87 2430,865826046640860,0.0,0.0,160.07,03/09/2025 23:53:29,13.0996835,79.655199,6551990,2025-09-04T23:21:39.052325
TN 87 2430,865826046640860,0.0,0.0,160.06,03/09/2025 23:52:31,13.0996835,79.655199,6551990,2025-09-04T23:21:39.052553
TN 87 2430,865826046640860,0.0,0.0,160.07,03/09/2025 23:51:32,13.0996835,79.655199,6551990,2025-09-04T23:21:39.052737
TN 87 2430,865826046640860,0.0,0.0,160.11,03/09/2025 23:50:34,13.0996835,79.655199,6551990,2025-09-04T23:21:39.052911
TN 87 2430,865826046640860,0.0,0.0,160.09,03/09/2025 23:49:35,13.0996835,79.655199,6551990,2025-09-04T23:21:39.053078
TN 87 2430,865826046640860,0.0,0.0,160.06,03/09/2025 23:48:36,13.0996835,79.655199,6551990,2025-09-04T23:21:39.053260
TN 87 2430,865826046640860,0.0,0.0,160.08,03/09/2025 23:47:38,13.0996835,79.655199,6551990,2025-09-04T23:21:39.053404
TN 87 2430,865826046640860,0.0,0.0,160.12,03/09/2025 23:46:39,13.0996835,79.655199,6551990,2025-09-04T23:21:39.053543
TN 87 2430,865826046640860,0.0,0.0,160.09,03/09/2025 23:45:41,13.0996835,79.655199,6551990,2025-09-04T23:21:39.053725
TN 87 2430,865826046640860,0.0,0.0,160.1,03/09/2025 23:44:42,13.0996835,79.655199,6551990,2025-09-04T23:21:39.053870
TN 87 2430,865826046640860,0.0,0.0,160.11,03/09/2025 23:43:44,13.0996835,79.655199,6551990,2025-09-04T23:21:39.054024
TN 87 2430,865826046640860,0.0,0.0,160.14,03/09/2025 23:42:45,13.0996835,79.655199,6551990,2025-09-04T23:21:39.054184
TN 87 2430,865826046640860,0.0,0.0,160.08,03/09/2025 23:41:46,13.0996835,79.655199,6551990,2025-09-04T23:21:39.054347
TN 87 2430,865826046640860,0.0,0.0,160.11,03/09/2025 23:40:48,13.0996835,79.655199,6551990,2025-09-04T23:21:39.054501
TN 87 2430,865826046640860,0.0,0.0,160.06,03/09/2025 23:39:49,13.0996835,79.655199,6551990,2025-09-04T23:21:39.054683
TN 87 2430,865826046640860,0.0,0.0,160.11,03/09/2025 23:38:50,13.0996835,79.655199,6551990,2025-09-04T23:21:39.054869
TN 87 2430,865826046640860,0.0,0.0,160.09,03/09/2025 23:37:52,13.0996835,79.655199,6551990,2025-09-04T23:21:39.055031
TN 87 2430,865826046640860,0.0,0.0,160.09,03/09/2025 23:36:53,13.0996835,79.655199,6551990,2025-09-04T23:21:39.055195
TN 87 2430,865826046640860,0.0,0.0,160.1,03/09/2025 23:35:55,13.0996835,79.655199,6551990,2025-09-04T23:21:39.055347
TN 87 2430,865826046640860,0.0,0.0,160.07,03/09/2025 23:34:56,13.0996835,79.655199,6551990,2025-09-04T23:21:39.055530
TN 87 2430,865826046640860,0.0,0.0,160.09,03/09/2025 23:33:57,13.0996835,79.655199,6551990,2025-09-04T23:21:39.055714
TN 87 2430,865826046640860,0.0,0.0,160.11,03/09/2025 23:32:59,13.0996835,79.655199,6551990,2025-09-04T23:21:39.055897
TN 87 2430,865826046640860,0.0,0.0,160.11,03/09/2025 23:32:00,13.0996835,79.655199,6551990,2025-09-04T23:21:39.056079
TN 87 2430,865826046640860,0.0,0.0,160.09,03/09/2025 23:31:02,13.0996835,79.655199,6551990,2025-09-04T23:21:39.056224
TN 87 2430,865826046640860,0.0,0.0,160.14,03/09/2025 23:30:03,13.0996835,79.655199,6551990,2025-09-04T23:21:39.056360
TN 87 2430,865826046640860,0.0,0.0,160.1,03/09/2025 23:29:05,13.0996835,79.655199,6551990,2025-09-04T23:21:39.056510
TN 87 2430,865826046640860,0.0,0.0,160.12,03/09/2025 23:28:06,13.0996835,79.655199,6551990,2025-09-04T23:21:39.056652
TN 87 2430,865826046640860,0.0,0.0,160.14,03/09/2025 23:27:07,13.0996835,79.655199,6551990,2025-09-04T23:21:39.056781
TN 87 2430,865826046640860,0.0,0.0,160.11,03/09/2025 23:26:09,13.0996835,79.655199,6551990,2025-09-04T23:21:39.056924
TN 87 2430,865826046640860,0.0,0.0,160.14,03/09/2025 23:25:10,13.0996835,79.655199,6551990,2025-09-04T23:21:39.057081
TN 87 2430,865826046640860,0.0,0.0,160.12,03/09/2025 23:24:12,13.0996835,79.655199,6551990,2025-09-04T23:21:39.057229
TN 87 2430,865826046640860,0.0,0.0,160.09,03/09/2025 23:23:13,13.0996835,79.655199,6551990,2025-09-04T23:21:39.057372
TN 87 2430,865826046640860,0.0,0.0,160.13,03/09/2025 23:22:14,13.0996835,79.655199,6551990,2025-09-04T23:21:39.057511
TN 87 2430,865826046640860,0.0,0.0,160.14,03/09/2025 23:21:16,13.0996835,79.655199,6551990,2025-09-04T23:21:39.057640
TN 87 2430,865826046640860,0.0,0.0,160.15,03/09/2025 23:20:17,13.0996835,79.655199,6551990,2025-09-04T23:21:39.057790
TN 87 2430,865826046640860,0.0,0.0,160.14,03/09/2025 23:19:18,13.0996835,79.655199,6551990,2025-09-04T23:21:39.057949
TN 87 2430,865826046640860,0.0,0.0,160.15,03/09/2025 23:18:20,13.0996835,79.655199,6551990,2025-09-04T23:21:39.058094
TN 87 2430,865826046640860,0.0,0.0,160.1,03/09/2025 23:17:21,13.0996835,79.655199,6551990,2025-09-04T23:21:39.058217
TN 87 2430,865826046640860,0.0,0.0,160.11,03/09/2025 23:16:23,13.0996835,79.655199,6551990,2025-09-04T23:21:39.058359
TN 87 2430,865826046640860,0.0,0.0,160.09,03/09/2025 23:15:24,13.0996835,79.655199,6551990,2025-09-04T23:21:39.058491
TN 87 2430,865826046640860,0.0,0.0,160.11,03/09/2025 23:14:26,13.0996835,79.655199,6551990,2025-09-04T23:21:39.058630
TN 87 2430,865826046640860,0.0,0.0,160.05,03/09/2025 23:13:27,13.0996835,79.655199,6551990,2025-09-04T23:21:39.058773
TN 87 2430,865826046640860,0.0,0.0,159.98,03/09/2025 23:12:28,13.0996835,79.655199,6551990,2025-09-04T23:21:39.058909
TN 87 2430,865826046640860,0.0,0.0,159.97,03/09/2025 23:11:30,13.0996835,79.655199,6551990,2025-09-04T23:21:39.059054
TN 87 2430,865826046640860,0.0,0.0,159.88,03/09/2025 23:10:31,13.0996835,79.655199,6551990,2025-09-04T23:21:39.059186
TN 87 2430,865826046640860,0.0,0.0,159.88,03/09/2025 23:09:33,13.0996835,79.655199,6551990,2025-09-04T23:21:39.059325
TN 87 2430,865826046640860,0.0,0.0,159.83,03/09/2025 23:08:34,13.0996835,79.655199,6551990,2025-09-04T23:21:39.059474
TN 87 2430,865826046640860,0.0,0.0,159.8,03/09/2025 23:07:35,13.0996835,79.655199,6551990,2025-09-04T23:21:39.059601
TN 87 2430,865826046640860,0.0,0.0,159.81,03/09/2025 23:06:37,13.0996835,79.655199,6551990,2025-09-04T23:21:39.059782
TN 87 2430,865826046640860,0.0,0.0,159.71,03/09/2025 23:05:38,13.0996835,79.655199,6551990,2025-09-04T23:21:39.059931
TN 87 2430,865826046640860,0.0,0.0,159.71,03/09/2025 23:04:40,13.0996835,79.655199,6551990,2025-09-04T23:21:39.060066
TN 87 2430,865826046640860,0.0,0.0,159.7,03/09/2025 23:03:41,13.0996835,79.655199,6551990,2025-09-04T23:21:39.060188
TN 87 2430,865826046640860,0.0,0.0,159.7,03/09/2025 23:02:43,13.0996835,79.655199,6551990,2025-09-04T23:21:39.060359
TN 87 2430,865826046640860,0.0,0.0,159.62,03/09/2025 23:01:44,13.0996835,79.655199,6551990,2025-09-04T23:21:39.060484
TN 87 2430,865826046640860,0.0,0.0,159.58,03/09/2025 23:00:45,13.0996835,79.655199,6551990,2025-09-04T23:21:39.060648
TN 87 2430,865826046640860,0.0,0.0,159.54,03/09/2025 22:59:47,13.0996835,79.655199,6551990,2025-09-04T23:21:39.060806
TN 87 2430,865826046640860,0.0,0.0,159.52,03/09/2025 22:58:48,13.0996835,79.655199,6551990,2025-09-04T23:21:39.061006
TN 87 2430,865826046640860,0.0,0.0,159.52,03/09/2025 22:57:49,13.0997157,79.6551513,6551513,2025-09-04T23:21:39.061191
TN 87 2430,865826046640860,0.0,0.0,159.47,03/09/2025 22:56:51,13.0997157,79.6551513,6551513,2025-09-04T23:21:39.061344
TN 87 2430,865826046640860,0.0,0.0,159.49,03/09/2025 22:55:52,13.0997157,79.6551513,6551513,2025-09-04T23:21:39.061501
TN 87 2430,865826046640860,0.0,0.0,159.49,03/09/2025 22:54:54,13.0997157,79.6551513,6551513,2025-09-04T23:21:39.061663
TN 87 2430,865826046640860,0.0,0.0,159.53,03/09/2025 22:53:55,13.0997157,79.6551513,6551513,2025-09-04T23:21:39.061820
TN 87 2430,865826046640860,0.0,0.0,159.37,03/09/2025 22:52:56,13.0997157,79.6551513,6551513,2025-09-04T23:21:39.061974
TN 87 2430,865826046640860,0.0,0.0,159.58,03/09/2025 22:51:58,13.0997157,79.6551513,6551513,2025-09-04T23:21:39.062143
TN 87 2430,865826046640860,0.0,0.0,159.45,03/09/2025 22:50:59,13.0997157,79.6551513,6551513,2025-09-04T23:21:39.062307
TN 87 2430,865826046640860,0.0,0.0,159.45,03/09/2025 22:50:01,13.0997157,79.6551513,6551513,2025-09-04T23:21:39.062462
TN 87 2430,865826046640860,0.0,0.0,159.47,03/09/2025 22:49:02,13.0997157,79.6551513,6551513,2025-09-04T23:21:39.062587
TN 87 2430,865826046640860,0.0,0.0,159.41,03/09/2025 22:48:03,13.0997157,79.6551513,6551513,2025-09-04T23:21:39.062716
TN 87 2430,865826046640860,0.0,0.0,159.46,03/09/2025 22:47:05,13.0997157,79.6551513,6551513,2025-09-04T23:21:39.062826
TN 87 2430,865826046640860,0.0,0.0,159.48,03/09/2025 22:46:06,13.0997157,79.6551513,6551513,2025-09-04T23:21:39.062945
TN 87 2430,865826046640860,0.0,0.0,159.47,03/09/2025 22:45:08,13.0997157,79.6551513,6551513,2025-09-04T23:21:39.063072
TN 87 2430,865826046640860,0.0,0.0,159.48,03/09/2025 22:44:09,13.0997157,79.6551513,6551513,2025-09-04T23:21:39.063219
TN 87 2430,865826046640860,0.0,0.0,159.47,03/09/2025 22:43:11,13.0997157,79.6551513,6551513,2025-09-04T23:21:39.063366
TN 87 2430,865826046640860,0.0,0.0,159.47,03/09/2025 22:42:12,13.0997157,79.6551513,6551513,2025-09-04T23:21:39.063496
TN 87 2430,865826046640860,0.0,0.0,159.55,03/09/2025 22:41:13,13.0997157,79.6551513,6551513,2025-09-04T23:21:39.063636
TN 87 2430,865826046640860,0.0,0.0,159.44,03/09/2025 22:40:15,13.0997157,79.6551513,6551513,2025-09-04T23:21:39.063765
TN 87 2430,865826046640860,0.0,0.0,159.47,03/09/2025 22:39:16,13.0997157,79.6551513,6551513,2025-09-04T23:21:39.063904
TN 87 2430,865826046640860,0.0,0.0,159.45,03/09/2025 22:38:17,13.0997157,79.6551513,6551513,2025-09-04T23:21:39.064028
TN 87 2430,865826046640860,0.0,0.0,159.53,03/09/2025 22:37:19,13.0997157,79.6551513,6551513,2025-09-04T23:21:39.064153
TN 87 2430,865826046640860,0.0,0.0,159.5,03/09/2025 22:36:20,13.0997157,79.6551513,6551513,2025-09-04T23:21:39.064295
TN 87 2430,865826046640860,0.0,0.0,159.52,03/09/2025 22:35:22,13.0997157,79.6551513,6551513,2025-09-04T23:21:39.064459
TN 87 2430,865826046640860,0.0,0.0,159.51,03/09/2025 22:34:23,13.0997157,79.6551513,6551513,2025-09-04T23:21:39.064723
TN 87 2430,865826046640860,0.0,0.0,159.47,03/09/2025 22:33:25,13.0997157,79.6551513,6551513,2025-09-04T23:21:39.064925
TN 87 2430,865826046640860,0.0,0.0,159.48,03/09/2025 22:32:26,13.0997157,79.6551513,6551513,2025-09-04T23:21:39.065087
TN 87 2430,865826046640860,0.0,0.0,159.47,03/09/2025 22:31:27,13.0997157,79.6551513,6551513,2025-09-04T23:21:39.065331
TN 87 2430,865826046640860,0.0,0.0,159.46,03/09/2025 22:30:29,13.0997157,79.6551513,6551513,2025-09-04T23:21:39.065498
TN 87 2430,865826046640860,0.0,0.0,159.49,03/09/2025 22:29:30,13.0997157,79.6551513,6551513,2025-09-04T23:21:39.065703
TN 87 2430,865826046640860,0.0,0.0,159.5,03/09/2025 22:28:32,13.0997157,79.6551513,6551513,2025-09-04T23:21:39.065873
TN 87 2430,865826046640860,0.0,0.0,159.47,03/09/2025 22:27:33,13.0997157,79.6551513,6551513,2025-09-04T23:21:39.066079
TN 87 2430,865826046640860,0.0,0.0,159.49,03/09/2025 22:26:34,13.0997157,79.6551513,6551513,2025-09-04T23:21:39.066271
TN 87 2430,865826046640860,0.0,0.0,159.52,03/09/2025 22:25:36,13.0997157,79.6551513,6551513,2025-09-04T23:21:39.066448
TN 87 2430,865826046640860,0.0,0.0,159.51,03/09/2025 22:24:37,13.0997157,79.6551513,6551513,2025-09-04T23:21:39.066625
TN 87 2430,865826046640860,0.0,0.0,159.49,03/09/2025 22:23:39,13.0997157,79.6551513,6551513,2025-09-04T23:21:39.066770
TN 87 2430,865826046640860,0.0,0.0,159.5,03/09/2025 22:22:40,13.0997157,79.6551513,6551513,2025-09-04T23:21:39.066915
TN 87 2430,865826046640860,0.0,0.0,159.53,03/09/2025 22:21:41,13.0997157,79.6551513,6551513,2025-09-04T23:21:39.067054
TN 87 2430,865826046640860,0.0,0.0,159.52,03/09/2025 22:20:43,13.0997157,79.6551513,6551513,2025-09-04T23:21:39.067186
TN 87 2430,865826046640860,0.0,0.0,159.52,03/09/2025 22:19:44,13.0997157,79.6551513,6551513,2025-09-04T23:21:39.067315
TN 87 2430,865826046640860,0.0,0.0,159.54,03/09/2025 22:18:46,13.0997157,79.6551513,6551513,2025-09-04T23:21:39.067460
TN 87 2430,865826046640860,0.0,0.0,159.57,03/09/2025 22:17:47,13.0997157,79.6551513,6551513,2025-09-04T23:21:39.067599
TN 87 2430,865826046640860,0.0,0.0,159.58,03/09/2025 22:16:48,13.0997157,79.6551513,6551513,2025-09-04T23:21:39.067735
TN 87 2430,865826046640860,0.0,0.0,159.54,03/09/2025 22:15:50,13.0997157,79.6551513,6551513,2025-09-04T23:21:39.067867
TN 87 2430,865826046640860,0.0,0.0,159.57,03/09/2025 22:14:51,13.0997157,79.6551513,6551513,2025-09-04T23:21:39.067974
TN 87 2430,865826046640860,0.0,0.0,159.56,03/09/2025 22:14:41,13.0997157,79.6551513,6551513,2025-09-04T23:21:39.068121
TN 87 2430,865826046640860,0.0,0.0,159.57,03/09/2025 22:14:32,13.0997157,79.6551513,6551513,2025-09-04T23:21:39.068277
TN 87 2430,865826046640860,0.0,0.0,159.56,03/09/2025 22:13:40,13.0997157,79.6551513,6551513,2025-09-04T23:21:39.068451
TN 87 2430,865826046640860,0.0,0.0,159.55,03/09/2025 22:12:42,13.0997157,79.6551513,6551513,2025-09-04T23:21:39.068599
TN 87 2430,865826046640860,0.0,0.0,159.6,03/09/2025 22:11:43,13.0997157,79.6551513,6551513,2025-09-04T23:21:39.068750
TN 87 2430,865826046640860,0.0,0.0,159.56,03/09/2025 22:10:44,13.0997157,79.6551513,6551513,2025-09-04T23:21:39.068879
TN 87 2430,865826046640860,0.0,0.0,159.61,03/09/2025 22:09:46,13.0997157,79.6551513,6551513,2025-09-04T23:21:39.069009
TN 87 2430,865826046640860,0.0,0.0,159.53,03/09/2025 22:08:47,13.0997157,79.6551513,6551513,2025-09-04T23:21:39.069144
TN 87 2430,865826046640860,0.0,0.0,159.43,03/09/2025 22:07:49,13.0997157,79.6551513,6551513,2025-09-04T23:21:39.069278
TN 87 2430,865826046640860,0.0,0.0,159.32,03/09/2025 22:06:50,13.0997157,79.6551513,6551513,2025-09-04T23:21:39.069429
TN 87 2430,865826046640860,0.0,0.0,159.15,03/09/2025 22:05:51,13.0997157,79.6551513,6551513,2025-09-04T23:21:39.069600
TN 87 2430,865826046640860,0.0,0.0,158.98,03/09/2025 22:04:53,13.0997157,79.6551513,6551513,2025-09-04T23:21:39.069754
TN 87 2430,865826046640860,0.0,0.0,158.95,03/09/2025 22:03:54,13.0997157,79.6551513,6551513,2025-09-04T23:21:39.069914
TN 87 2430,865826046640860,0.0,0.0,158.9,03/09/2025 22:02:56,13.0997157,79.6551513,6551513,2025-09-04T23:21:39.070073
TN 87 2430,865826046640860,0.0,0.0,158.89,03/09/2025 22:01:57,13.0997157,79.6551513,6551513,2025-09-04T23:21:39.070209
TN 87 2430,865826046640860,0.0,0.0,158.85,03/09/2025 22:00:58,13.0997157,79.6551513,6551513,2025-09-04T23:21:39.070355
TN 87 2430,865826046640860,0.0,0.0,158.88,03/09/2025 22:00:00,13.0997157,79.6551513,6551513,2025-09-04T23:21:39.070510
TN 87 2430,865826046640860,0.0,0.0,158.86,03/09/2025 21:59:01,13.0997157,79.6551513,6551513,2025-09-04T23:21:39.070706
TN 87 2430,865826046640860,0.0,0.0,158.8,03/09/2025 21:58:03,13.0997157,79.6551513,6551513,2025-09-04T23:21:39.070878
TN 87 2430,865826046640860,0.0,0.0,158.8,03/09/2025 21:57:04,13.0997157,79.6551513,6551513,2025-09-04T23:21:39.071060
TN 87 2430,865826046640860,0.0,0.0,158.81,03/09/2025 21:56:05,13.0997157,79.6551513,6551513,2025-09-04T23:21:39.071241
TN 87 2430,865826046640860,0.0,0.0,158.8,03/09/2025 21:55:07,13.0997157,79.6551513,6551513,2025-09-04T23:21:39.071377
TN 87 2430,865826046640860,0.0,0.0,158.85,03/09/2025 21:54:08,13.0997157,79.6551513,6551513,2025-09-04T23:21:39.071499
TN 87 2430,865826046640860,0.0,0.0,158.86,03/09/2025 21:53:10,13.0997157,79.6551513,6551513,2025-09-04T23:21:39.071636
TN 87 2430,865826046640860,0.0,0.0,158.88,03/09/2025 21:52:11,13.0997157,79.6551513,6551513,2025-09-04T23:21:39.071772
TN 87 2430,865826046640860,0.0,0.0,158.81,03/09/2025 21:51:13,13.0997157,79.6551513,6551513,2025-09-04T23:21:39.071906
TN 87 2430,865826046640860,0.0,0.0,158.83,03/09/2025 21:50:14,13.0997157,79.6551513,6551513,2025-09-04T23:21:39.072059
TN 87 2430,865826046640860,0.0,0.0,158.82,03/09/2025 21:49:15,13.0997157,79.6551513,6551513,2025-09-04T23:21:39.072237
TN 87 2430,865826046640860,0.0,0.0,158.84,03/09/2025 21:48:17,13.0997157,79.6551513,6551513,2025-09-04T23:21:39.072376
TN 87 2430,865826046640860,0.0,0.0,158.82,03/09/2025 21:47:18,13.0997157,79.6551513,6551513,2025-09-04T23:21:39.072505
TN 87 2430,865826046640860,0.0,0.0,158.83,03/09/2025 21:46:19,13.0997157,79.6551513,6551513,2025-09-04T23:21:39.072622
TN 87 2430,865826046640860,0.0,0.0,158.86,03/09/2025 21:45:21,13.0997157,79.6551513,6551513,2025-09-04T23:21:39.072744
TN 87 2430,865826046640860,0.0,0.0,158.89,03/09/2025 21:44:22,13.0997157,79.6551513,6551513,2025-09-04T23:21:39.072913
TN 87 2430,865826046640860,0.0,0.0,158.84,03/09/2025 21:43:24,13.0997157,79.6551513,6551513,2025-09-04T23:21:39.073060
TN 87 2430,865826046640860,0.0,0.0,158.83,03/09/2025 21:42:25,13.0997157,79.6551513,6551513,2025-09-04T23:21:39.073207
TN 87 2430,865826046640860,0.0,0.0,158.84,03/09/2025 21:41:26,13.0997157,79.6551513,6551513,2025-09-04T23:21:39.073354
TN 87 2430,865826046640860,0.0,0.0,158.89,03/09/2025 21:40:28,13.0997157,79.6551513,6551513,2025-09-04T23:21:39.073477
TN 87 2430,865826046640860,0.0,0.0,158.85,03/09/2025 21:39:29,13.0997157,79.6551513,6551513,2025-09-04T23:21:39.073595
TN 87 2430,865826046640860,0.0,0.0,158.87,03/09/2025 21:38:31,13.0997157,79.6551513,6551513,2025-09-04T23:21:39.073748
TN 87 2430,865826046640860,0.0,0.0,158.89,03/09/2025 21:37:32,13.0997157,79.6551513,6551513,2025-09-04T23:21:39.073877
TN 87 2430,865826046640860,0.0,0.0,158.87,03/09/2025 21:36:34,13.0997157,79.6551513,6551513,2025-09-04T23:21:39.074029
TN 87 2430,865826046640860,0.0,0.0,158.89,03/09/2025 21:35:35,13.0997157,79.6551513,6551513,2025-09-04T23:21:39.074173
TN 87 2430,865826046640860,0.0,0.0,158.89,03/09/2025 21:34:36,13.0997157,79.6551513,6551513,2025-09-04T23:21:39.074313
TN 87 2430,865826046640860,0.0,0.0,158.92,03/09/2025 21:33:38,13.0997157,79.6551513,6551513,2025-09-04T23:21:39.074451
TN 87 2430,865826046640860,0.0,0.0,158.9,03/09/2025 21:32:39,13.0997157,79.6551513,6551513,2025-09-04T23:21:39.074586
TN 87 2430,865826046640860,0.0,0.0,158.96,03/09/2025 21:31:41,13.0997157,79.6551513,6551513,2025-09-04T23:21:39.074704
TN 87 2430,865826046640860,0.0,0.0,158.96,03/09/2025 21:30:42,13.0997157,79.6551513,6551513,2025-09-04T23:21:39.074831
TN 87 2430,865826046640860,0.0,0.0,158.91,03/09/2025 21:29:43,13.0997157,79.6551513,6551513,2025-09-04T23:21:39.074956
TN 87 2430,865826046640860,0.0,0.0,158.93,03/09/2025 21:28:45,13.0997157,79.6551513,6551513,2025-09-04T23:21:39.075093
TN 87 2430,865826046640860,0.0,0.0,158.92,03/09/2025 21:27:46,13.0997157,79.6551513,6551513,2025-09-04T23:21:39.075224
TN 87 2430,865826046640860,0.0,0.0,158.94,03/09/2025 21:26:47,13.0997157,79.6551513,6551513,2025-09-04T23:21:39.075331
TN 87 2430,865826046640860,0.0,0.0,158.93,03/09/2025 21:25:49,13.0997157,79.6551513,6551513,2025-09-04T23:21:39.075427
TN 87 2430,865826046640860,0.0,0.0,158.87,03/09/2025 21:24:50,13.0997157,79.6551513,6551513,2025-09-04T23:21:39.075577
TN 87 2430,865826046640860,0.0,0.0,158.88,03/09/2025 21:23:52,13.0997157,79.6551513,6551513,2025-09-04T23:21:39.075725
TN 87 2430,865826046640860,0.0,0.0,158.79,03/09/2025 21:22:53,13.0997157,79.6551513,6551513,2025-09-04T23:21:39.075878
TN 87 2430,865826046640860,0.0,0.0,158.7,03/09/2025 21:21:55,13.0997157,79.6551513,6551513,2025-09-04T23:21:39.076047
TN 87 2430,865826046640860,0.0,0.0,158.73,03/09/2025 21:20:56,13.0997157,79.6551513,6551513,2025-09-04T23:21:39.076186
TN 87 2430,865826046640860,0.0,0.0,158.74,03/09/2025 21:19:57,13.0997157,79.6551513,6551513,2025-09-04T23:21:39.076317
TN 87 2430,865826046640860,0.0,0.0,158.73,03/09/2025 21:18:59,13.0997157,79.6551513,6551513,2025-09-04T23:21:39.076423
TN 87 2430,865826046640860,0.0,0.0,158.66,03/09/2025 21:18:00,13.0997157,79.6551513,6551513,2025-09-04T23:21:39.076555
TN 87 2430,865826046640860,0.0,0.0,158.49,03/09/2025 21:17:02,13.0997157,79.6551513,6551513,2025-09-04T23:21:39.076662
TN 87 2430,865826046640860,0.0,0.0,158.35,03/09/2025 21:16:03,13.0997157,79.6551513,6551513,2025-09-04T23:21:39.076814
TN 87 2430,865826046640860,0.0,0.0,158.39,03/09/2025 21:15:04,13.0997157,79.6551513,6551513,2025-09-04T23:21:39.076956
TN 87 2430,865826046640860,0.0,0.0,158.32,03/09/2025 21:14:06,13.0997157,79.6551513,6551513,2025-09-04T23:21:39.077088
TN 87 2430,865826046640860,0.0,0.0,158.29,03/09/2025 21:13:07,13.0997157,79.6551513,6551513,2025-09-04T23:21:39.077200
TN 87 2430,865826046640860,0.0,0.0,158.23,03/09/2025 21:12:09,13.0997157,79.6551513,6551513,2025-09-04T23:21:39.077320
TN 87 2430,865826046640860,0.0,0.0,158.23,03/09/2025 21:11:10,13.0997157,79.6551513,6551513,2025-09-04T23:21:39.077454
TN 87 2430,865826046640860,0.0,0.0,158.18,03/09/2025 21:10:12,13.0997157,79.6551513,6551513,2025-09-04T23:21:39.077592
TN 87 2430,865826046640860,0.0,0.0,158.17,03/09/2025 21:09:13,13.0997157,79.6551513,6551513,2025-09-04T23:21:39.077743
TN 87 2430,865826046640860,0.0,0.0,158.22,03/09/2025 21:08:14,13.0997157,79.6551513,6551513,2025-09-04T23:21:39.077854
TN 87 2430,865826046640860,0.0,0.0,158.14,03/09/2025 21:07:16,13.0997157,79.6551513,6551513,2025-09-04T23:21:39.077984
TN 87 2430,865826046640860,0.0,0.0,158.18,03/09/2025 21:06:17,13.0997157,79.6551513,6551513,2025-09-04T23:21:39.078224
TN 87 2430,865826046640860,0.0,0.0,158.19,03/09/2025 21:05:18,13.0997157,79.6551513,6551513,2025-09-04T23:21:39.078423
TN 87 2430,865826046640860,0.0,0.0,158.19,03/09/2025 21:04:20,13.0997157,79.6551513,6551513,2025-09-04T23:21:39.078582
TN 87 2430,865826046640860,0.0,0.0,158.18,03/09/2025 21:03:21,13.0997157,79.6551513,6551513,2025-09-04T23:21:39.078766
TN 87 2430,865826046640860,0.0,0.0,158.2,03/09/2025 21:02:23,13.0997157,79.6551513,6551513,2025-09-04T23:21:39.078953
TN 87 2430,865826046640860,0.0,0.0,158.2,03/09/2025 21:01:24,13.0997157,79.6551513,6551513,2025-09-04T23:21:39.079133
TN 87 2430,865826046640860,0.0,0.0,158.24,03/09/2025 21:00:26,13.0997157,79.6551513,6551513,2025-09-04T23:21:39.079336
TN 87 2430,865826046640860,0.0,0.0,158.2,03/09/2025 20:59:27,13.0997157,79.6551513,6551513,2025-09-04T23:21:39.079543
TN 87 2430,865826046640860,0.0,0.0,158.21,03/09/2025 20:58:28,13.0997157,79.6551513,6551513,2025-09-04T23:21:39.079743
TN 87 2430,865826046640860,0.0,0.0,158.23,03/09/2025 20:57:30,13.0997157,79.6551513,6551513,2025-09-04T23:21:39.079922
TN 87 2430,865826046640860,0.0,0.0,158.22,03/09/2025 20:56:31,13.0997157,79.6551513,6551513,2025-09-04T23:21:39.080083
TN 87 2430,865826046640860,0.0,0.0,158.27,03/09/2025 20:55:33,13.0997157,79.6551513,6551513,2025-09-04T23:21:39.080208
TN 87 2430,865826046640860,0.0,0.0,158.19,03/09/2025 20:54:34,13.0997157,79.6551513,6551513,2025-09-04T23:21:39.080354
TN 87 2430,865826046640860,0.0,0.0,158.31,03/09/2025 20:53:35,13.0997157,79.6551513,6551513,2025-09-04T23:21:39.080492
TN 87 2430,865826046640860,0.0,0.0,158.23,03/09/2025 20:52:37,13.0997157,79.6551513,6551513,2025-09-04T23:21:39.080666
TN 87 2430,865826046640860,0.0,0.0,158.22,03/09/2025 20:51:38,13.0997157,79.6551513,6551513,2025-09-04T23:21:39.080846
TN 87 2430,865826046640860,0.0,0.0,158.26,03/09/2025 20:50:40,13.0997157,79.6551513,6551513,2025-09-04T23:21:39.081018
TN 87 2430,865826046640860,0.0,0.0,158.23,03/09/2025 20:49:41,13.0997157,79.6551513,6551513,2025-09-04T23:21:39.081224
TN 87 2430,865826046640860,0.0,0.0,158.21,03/09/2025 20:48:42,13.0997157,79.6551513,6551513,2025-09-04T23:21:39.081447
TN 87 2430,865826046640860,0.0,0.0,158.22,03/09/2025 20:47:44,13.0997157,79.6551513,6551513,2025-09-04T23:21:39.081651
TN 87 2430,865826046640860,0.0,0.0,158.27,03/09/2025 20:46:45,13.0997157,79.6551513,6551513,2025-09-04T23:21:39.081831
TN 87 2430,865826046640860,0.0,0.0,158.19,03/09/2025 20:45:47,13.0997157,79.6551513,6551513,2025-09-04T23:21:39.082055
TN 87 2430,865826046640860,0.0,0.0,158.24,03/09/2025 20:44:48,13.0997157,79.6551513,6551513,2025-09-04T23:21:39.082296
TN 87 2430,865826046640860,0.0,0.0,158.18,03/09/2025 20:43:49,13.0997157,79.6551513,6551513,2025-09-04T23:21:39.082545
TN 87 2430,865826046640860,0.0,0.0,158.22,03/09/2025 20:42:51,13.0997157,79.6551513,6551513,2025-09-04T23:21:39.082724
TN 87 2430,865826046640860,0.0,0.0,158.2,03/09/2025 20:41:52,13.0997157,79.6551513,6551513,2025-09-04T23:21:39.082916
TN 87 2430,865826046640860,0.0,0.0,158.23,03/09/2025 20:40:54,13.0997157,79.6551513,6551513,2025-09-04T23:21:39.083074
TN 87 2430,865826046640860,0.0,0.0,158.25,03/09/2025 20:39:55,13.0997157,79.6551513,6551513,2025-09-04T23:21:39.083245
TN 87 2430,865826046640860,0.0,0.0,158.22,03/09/2025 20:38:56,13.0997157,79.6551513,6551513,2025-09-04T23:21:39.083387
TN 87 2430,865826046640860,0.0,0.0,158.24,03/09/2025 20:37:58,13.0997157,79.6551513,6551513,2025-09-04T23:21:39.083560
TN 87 2430,865826046640860,0.0,0.0,158.24,03/09/2025 20:36:59,13.0997157,79.6551513,6551513,2025-09-04T23:21:39.083705
TN 87 2430,865826046640860,0.0,0.0,158.14,03/09/2025 20:36:00,13.0997157,79.6551513,6551513,2025-09-04T23:21:39.083853
TN 87 2430,865826046640860,0.0,0.0,158.15,03/09/2025 20:35:02,13.0997157,79.6551513,6551513,2025-09-04T23:21:39.083993
TN 87 2430,865826046640860,0.0,0.0,158.14,03/09/2025 20:34:03,13.0997157,79.6551513,6551513,2025-09-04T23:21:39.084125
TN 87 2430,865826046640860,0.0,0.0,158.11,03/09/2025 20:33:05,13.0997157,79.6551513,6551513,2025-09-04T23:21:39.084254
TN 87 2430,865826046640860,0.0,0.0,158.13,03/09/2025 20:32:06,13.0997157,79.6551513,6551513,2025-09-04T23:21:39.084391
TN 87 2430,865826046640860,0.0,0.0,158.07,03/09/2025 20:31:08,13.0997157,79.6551513,6551513,2025-09-04T23:21:39.084540
TN 87 2430,865826046640860,0.0,0.0,158.19,03/09/2025 20:30:09,13.0997157,79.6551513,6551513,2025-09-04T23:21:39.084685
TN 87 2430,865826046640860,0.0,0.0,158.05,03/09/2025 20:29:10,13.0997157,79.6551513,6551513,2025-09-04T23:21:39.084811
TN 87 2430,865826046640860,0.0,0.0,158.13,03/09/2025 20:28:12,13.0997157,79.6551513,6551513,2025-09-04T23:21:39.084950
TN 87 2430,865826046640860,0.0,0.0,158.01,03/09/2025 20:27:13,13.0997157,79.6551513,6551513,2025-09-04T23:21:39.085085
TN 87 2430,865826046640860,0.0,0.0,158.06,03/09/2025 20:26:15,13.0997157,79.6551513,6551513,2025-09-04T23:21:39.085207
TN 87 2430,865826046640860,0.0,0.0,157.99,03/09/2025 20:25:16,13.0997157,79.6551513,6551513,2025-09-04T23:21:39.085343
TN 87 2430,865826046640860,0.0,0.0,158.03,03/09/2025 20:24:18,13.0997157,79.6551513,6551513,2025-09-04T23:21:39.085485
TN 87 2430,865826046640860,0.0,0.0,158.05,03/09/2025 20:23:19,13.0997157,79.6551513,6551513,2025-09-04T23:21:39.085680
TN 87 2430,865826046640860,0.0,0.0,158.01,03/09/2025 20:22:20,13.0997157,79.6551513,6551513,2025-09-04T23:21:39.085870
TN 87 2430,865826046640860,0.0,0.0,157.87,03/09/2025 20:21:22,13.0997157,79.6551513,6551513,2025-09-04T23:21:39.086046
TN 87 2430,865826046640860,0.0,0.0,157.83,03/09/2025 20:20:23,13.0997157,79.6551513,6551513,2025-09-04T23:21:39.086216
TN 87 2430,865826046640860,0.0,0.0,157.83,03/09/2025 20:19:24,13.0997157,79.6551513,6551513,2025-09-04T23:21:39.086336
TN 87 2430,865826046640860,0.0,0.0,157.78,03/09/2025 20:18:26,13.0997157,79.6551513,6551513,2025-09-04T23:21:39.086455
TN 87 2430,865826046640860,0.0,0.0,157.67,03/09/2025 20:17:27,13.0997157,79.6551513,6551513,2025-09-04T23:21:39.086611
TN 87 2430,865826046640860,0.0,0.0,157.71,03/09/2025 20:17:18,13.0997157,79.6551513,6551513,2025-09-04T23:21:39.086768
TN 87 2430,865826046640860,0.0,0.0,157.77,03/09/2025 20:17:08,13.0997157,79.6551513,6551513,2025-09-04T23:21:39.086913
TN 87 2430,865826046640860,0.0,0.0,157.69,03/09/2025 20:16:17,13.0997157,79.6551513,6551513,2025-09-04T23:21:39.087065
TN 87 2430,865826046640860,0.0,0.0,157.58,03/09/2025 20:15:18,13.0997157,79.6551513,6551513,2025-09-04T23:21:39.087223
TN 87 2430,865826046640860,0.0,0.0,157.58,03/09/2025 20:14:19,13.0997157,79.6551513,6551513,2025-09-04T23:21:39.087369
TN 87 2430,865826046640860,0.0,0.0,157.57,03/09/2025 20:13:21,13.0997157,79.6551513,6551513,2025-09-04T23:21:39.087498
TN 87 2430,865826046640860,0.0,0.0,157.54,03/09/2025 20:12:22,13.0997157,79.6551513,6551513,2025-09-04T23:21:39.087623
TN 87 2430,865826046640860,0.0,0.0,157.56,03/09/2025 20:11:23,13.0997157,79.6551513,6551513,2025-09-04T23:21:39.087759
TN 87 2430,865826046640860,0.0,0.0,157.56,03/09/2025 20:10:25,13.0997157,79.6551513,6551513,2025-09-04T23:21:39.087872
TN 87 2430,865826046640860,0.0,0.0,157.5,03/09/2025 20:09:26,13.0997157,79.6551513,6551513,2025-09-04T23:21:39.087995
TN 87 2430,865826046640860,0.0,0.0,157.52,03/09/2025 20:08:28,13.0997157,79.6551513,6551513,2025-09-04T23:21:39.088122
TN 87 2430,865826046640860,0.0,0.0,157.52,03/09/2025 20:07:29,13.0997157,79.6551513,6551513,2025-09-04T23:21:39.088246
TN 87 2430,865826046640860,0.0,0.0,157.52,03/09/2025 20:06:31,13.0997157,79.6551513,6551513,2025-09-04T23:21:39.088346
TN 87 2430,865826046640860,0.0,0.0,157.52,03/09/2025 20:05:32,13.0997157,79.6551513,6551513,2025-09-04T23:21:39.088481
TN 87 2430,865826046640860,0.0,0.0,157.5,03/09/2025 20:04:33,13.0997157,79.6551513,6551513,2025-09-04T23:21:39.088600
TN 87 2430,865826046640860,0.0,0.0,157.51,03/09/2025 20:03:35,13.0997157,79.6551513,6551513,2025-09-04T23:21:39.088728
TN 87 2430,865826046640860,0.0,0.0,157.53,03/09/2025 20:02:36,13.0997157,79.6551513,6551513,2025-09-04T23:21:39.088857
TN 87 2430,865826046640860,0.0,0.0,157.51,03/09/2025 20:01:38,13.0997157,79.6551513,6551513,2025-09-04T23:21:39.088971
TN 87 2430,865826046640860,0.0,0.0,157.52,03/09/2025 20:00:39,13.0997157,79.6551513,6551513,2025-09-04T23:21:39.089092
TN 87 2430,865826046640860,0.0,0.0,157.56,03/09/2025 19:59:40,13.0997157,79.6551513,6551513,2025-09-04T23:21:39.089215
TN 87 2430,865826046640860,0.0,0.0,157.57,03/09/2025 19:58:42,13.0997157,79.6551513,6551513,2025-09-04T23:21:39.089343
TN 87 2430,865826046640860,0.0,0.0,157.55,03/09/2025 19:57:43,13.0997157,79.6551513,6551513,2025-09-04T23:21:39.089475
TN 87 2430,865826046640860,0.0,0.0,157.55,03/09/2025 19:56:45,13.0997157,79.6551513,6551513,2025-09-04T23:21:39.089596
TN 87 2430,865826046640860,0.0,0.0,157.59,03/09/2025 19:55:46,13.0997157,79.6551513,6551513,2025-09-04T23:21:39.089724
TN 87 2430,865826046640860,0.0,0.0,157.63,03/09/2025 19:54:47,13.0997157,79.6551513,6551513,2025-09-04T23:21:39.089846
TN 87 2430,865826046640860,0.0,0.0,157.58,03/09/2025 19:53:49,13.0997157,79.6551513,6551513,2025-09-04T23:21:39.089977
TN 87 2430,865826046640860,0.0,0.0,157.63,03/09/2025 19:52:50,13.0997157,79.6551513,6551513,2025-09-04T23:21:39.090103
TN 87 2430,865826046640860,0.0,0.0,157.64,03/09/2025 19:51:52,13.0997157,79.6551513,6551513,2025-09-04T23:21:39.090220
TN 87 2430,865826046640860,0.0,0.0,157.58,03/09/2025 19:50:53,13.0997157,79.6551513,6551513,2025-09-04T23:21:39.090345
TN 87 2430,865826046640860,0.0,0.0,157.59,03/09/2025 19:49:55,13.0997157,79.6551513,6551513,2025-09-04T23:21:39.090453
TN 87 2430,865826046640860,0.0,0.0,157.6,03/09/2025 19:48:56,13.0997157,79.6551513,6551513,2025-09-04T23:21:39.090587
TN 87 2430,865826046640860,0.0,0.0,157.52,03/09/2025 19:47:57,13.0997157,79.6551513,6551513,2025-09-04T23:21:39.090733
TN 87 2430,865826046640860,0.0,0.0,157.49,03/09/2025 19:46:59,13.0997157,79.6551513,6551513,2025-09-04T23:21:39.090886
TN 87 2430,865826046640860,0.0,0.0,157.53,03/09/2025 19:46:00,13.0997157,79.6551513,6551513,2025-09-04T23:21:39.091062
TN 87 2430,865826046640860,0.0,0.0,157.47,03/09/2025 19:45:01,13.0997157,79.6551513,6551513,2025-09-04T23:21:39.091240
TN 87 2430,865826046640860,0.0,0.0,157.35,03/09/2025 19:44:03,13.0997157,79.6551513,6551513,2025-09-04T23:21:39.091476
TN 87 2430,865826046640860,0.0,0.0,157.43,03/09/2025 19:43:04,13.0997157,79.6551513,6551513,2025-09-04T23:21:39.091665
TN 87 2430,865826046640860,0.0,0.0,157.34,03/09/2025 19:42:06,13.0997157,79.6551513,6551513,2025-09-04T23:21:39.091834
TN 87 2430,865826046640860,0.0,0.0,157.28,03/09/2025 19:41:07,13.0997157,79.6551513,6551513,2025-09-04T23:21:39.091994
TN 87 2430,865826046640860,0.0,0.0,157.41,03/09/2025 19:40:08,13.0997157,79.6551513,6551513,2025-09-04T23:21:39.092166
TN 87 2430,865826046640860,0.0,0.0,157.26,03/09/2025 19:39:10,13.0997157,79.6551513,6551513,2025-09-04T23:21:39.092375
TN 87 2430,865826046640860,0.0,0.0,157.28,03/09/2025 19:38:11,13.0997157,79.6551513,6551513,2025-09-04T23:21:39.092593
TN 87 2430,865826046640860,0.0,0.0,157.33,03/09/2025 19:37:13,13.0997157,79.6551513,6551513,2025-09-04T23:21:39.092811
TN 87 2430,865826046640860,0.0,0.0,157.27,03/09/2025 19:36:14,13.0997157,79.6551513,6551513,2025-09-04T23:21:39.093002
TN 87 2430,865826046640860,0.0,0.0,157.1,03/09/2025 19:35:16,13.0997157,79.6551513,6551513,2025-09-04T23:21:39.093212
TN 87 2430,865826046640860,0.0,0.0,157.17,03/09/2025 19:34:17,13.0997157,79.6551513,6551513,2025-09-04T23:21:39.093400
TN 87 2430,865826046640860,0.0,0.0,157.1,03/09/2025 19:33:18,13.0997157,79.6551513,6551513,2025-09-04T23:21:39.093561
TN 87 2430,865826046640860,0.0,0.0,157.28,03/09/2025 19:32:20,13.0997157,79.6551513,6551513,2025-09-04T23:21:39.093732
TN 87 2430,865826046640860,0.0,0.0,157.28,03/09/2025 19:31:21,13.0997157,79.6551513,6551513,2025-09-04T23:21:39.093878
TN 87 2430,865826046640860,0.0,0.0,157.1,03/09/2025 19:30:22,13.0997157,79.6551513,6551513,2025-09-04T23:21:39.094019
TN 87 2430,865826046640860,0.0,0.0,157.15,03/09/2025 19:29:24,13.0997157,79.6551513,6551513,2025-09-04T23:21:39.094162
TN 87 2430,865826046640860,0.0,0.0,157.14,03/09/2025 19:28:25,13.0997157,79.6551513,6551513,2025-09-04T23:21:39.094326
TN 87 2430,865826046640860,0.0,0.0,157.16,03/09/2025 19:27:27,13.0997157,79.6551513,6551513,2025-09-04T23:21:39.094487
TN 87 2430,865826046640860,0.0,0.0,157.19,03/09/2025 19:26:28,13.0997157,79.6551513,6551513,2025-09-04T23:21:39.094618
TN 87 2430,865826046640860,0.0,0.0,157.15,03/09/2025 19:25:29,13.0997157,79.6551513,6551513,2025-09-04T23:21:39.094762
TN 87 2430,865826046640860,0.0,0.0,157.18,03/09/2025 19:24:31,13.0997157,79.6551513,6551513,2025-09-04T23:21:39.094876
TN 87 2430,865826046640860,0.0,0.0,157.14,03/09/2025 19:23:32,13.0997157,79.6551513,6551513,2025-09-04T23:21:39.095002
TN 87 2430,865826046640860,0.0,0.0,157.09,03/09/2025 19:22:34,13.0997157,79.6551513,6551513,2025-09-04T23:21:39.095167
TN 87 2430,865826046640860,0.0,0.0,157.09,03/09/2025 19:21:35,13.0997157,79.6551513,6551513,2025-09-04T23:21:39.095333
TN 87 2430,865826046640860,0.0,0.0,157.03,03/09/2025 19:20:37,13.0997157,79.6551513,6551513,2025-09-04T23:21:39.095474
TN 87 2430,865826046640860,0.0,0.0,156.94,03/09/2025 19:19:38,13.0997157,79.6551513,6551513,2025-09-04T23:21:39.095658
TN 87 2430,865826046640860,0.0,0.0,156.95,03/09/2025 19:18:39,13.0997157,79.6551513,6551513,2025-09-04T23:21:39.095811
TN 87 2430,865826046640860,0.0,0.0,156.93,03/09/2025 19:17:41,13.0997157,79.6551513,6551513,2025-09-04T23:21:39.095928
TN 87 2430,865826046640860,0.0,0.0,156.89,03/09/2025 19:16:42,13.0997157,79.6551513,6551513,2025-09-04T23:21:39.096092
TN 87 2430,865826046640860,0.0,0.0,156.91,03/09/2025 19:15:44,13.0997157,79.6551513,6551513,2025-09-04T23:21:39.096244
TN 87 2430,865826046640860,0.0,0.0,156.87,03/09/2025 19:14:45,13.0997157,79.6551513,6551513,2025-09-04T23:21:39.096404
TN 87 2430,865826046640860,0.0,0.0,156.92,03/09/2025 19:13:46,13.0997157,79.6551513,6551513,2025-09-04T23:21:39.096567
TN 87 2430,865826046640860,0.0,0.0,156.91,03/09/2025 19:12:48,13.0997157,79.6551513,6551513,2025-09-04T23:21:39.096715
TN 87 2430,865826046640860,0.0,0.0,156.92,03/09/2025 19:11:49,13.0997157,79.6551513,6551513,2025-09-04T23:21:39.096853
TN 87 2430,865826046640860,0.0,0.0,156.89,03/09/2025 19:10:51,13.0997157,79.6551513,6551513,2025-09-04T23:21:39.096974
TN 87 2430,865826046640860,0.0,0.0,156.94,03/09/2025 19:09:52,13.0997157,79.6551513,6551513,2025-09-04T23:21:39.097170
TN 87 2430,865826046640860,0.0,0.0,156.89,03/09/2025 19:08:53,13.0997157,79.6551513,6551513,2025-09-04T23:21:39.097330
TN 87 2430,865826046640860,0.0,0.0,156.9,03/09/2025 19:07:55,13.0997157,79.6551513,6551513,2025-09-04T23:21:39.097483
TN 87 2430,865826046640860,0.0,0.0,157.02,03/09/2025 19:06:56,13.0997157,79.6551513,6551513,2025-09-04T23:21:39.097622
TN 87 2430,865826046640860,0.0,0.0,157.01,03/09/2025 19:05:58,13.0997157,79.6551513,6551513,2025-09-04T23:21:39.097756
TN 87 2430,865826046640860,0.0,0.0,156.97,03/09/2025 19:04:59,13.0997157,79.6551513,6551513,2025-09-04T23:21:39.097897
TN 87 2430,865826046640860,0.0,0.0,157.0,03/09/2025 19:04:01,13.0997157,79.6551513,6551513,2025-09-04T23:21:39.098005
TN 87 2430,865826046640860,0.0,0.0,157.02,03/09/2025 19:03:02,13.0997157,79.6551513,6551513,2025-09-04T23:21:39.098144
TN 87 2430,865826046640860,0.0,0.0,157.0,03/09/2025 19:02:03,13.0997157,79.6551513,6551513,2025-09-04T23:21:39.098262
TN 87 2430,865826046640860,0.0,0.0,157.01,03/09/2025 19:01:05,13.0997157,79.6551513,6551513,2025-09-04T23:21:39.098387
TN 87 2430,865826046640860,0.0,0.0,156.98,03/09/2025 19:00:06,13.0997157,79.6551513,6551513,2025-09-04T23:21:39.098494
TN 87 2430,865826046640860,0.0,0.0,156.99,03/09/2025 18:59:07,13.0997157,79.6551513,6551513,2025-09-04T23:21:39.098620
TN 87 2430,865826046640860,0.0,0.0,156.92,03/09/2025 18:58:09,13.0997157,79.6551513,6551513,2025-09-04T23:21:39.098767
TN 87 2430,865826046640860,0.0,0.0,156.76,03/09/2025 18:57:10,13.0997157,79.6551513,6551513,2025-09-04T23:21:39.098902
TN 87 2430,865826046640860,0.0,0.0,156.71,03/09/2025 18:56:12,13.0997157,79.6551513,6551513,2025-09-04T23:21:39.099042
TN 87 2430,865826046640860,0.0,0.0,156.59,03/09/2025 18:55:13,13.0997157,79.6551513,6551513,2025-09-04T23:21:39.099171
TN 87 2430,865826046640860,0.0,0.0,156.45,03/09/2025 18:54:15,13.0997157,79.6551513,6551513,2025-09-04T23:21:39.099304
TN 87 2430,865826046640860,0.0,0.0,156.3,03/09/2025 18:53:16,13.0997157,79.6551513,6551513,2025-09-04T23:21:39.099422
TN 87 2430,865826046640860,0.0,0.0,156.31,03/09/2025 18:52:17,13.0997157,79.6551513,6551513,2025-09-04T23:21:39.099552
TN 87 2430,865826046640860,0.0,0.0,156.29,03/09/2025 18:51:19,13.0997157,79.6551513,6551513,2025-09-04T23:21:39.099696
TN 87 2430,865826046640860,0.0,0.0,156.28,03/09/2025 18:50:20,13.0997157,79.6551513,6551513,2025-09-04T23:21:39.099829
TN 87 2430,865826046640860,0.0,0.0,156.27,03/09/2025 18:49:22,13.0997157,79.6551513,6551513,2025-09-04T23:21:39.099970
TN 87 2430,865826046640860,0.0,0.0,156.29,03/09/2025 18:48:23,13.0997157,79.6551513,6551513,2025-09-04T23:21:39.100100
TN 87 2430,865826046640860,0.0,0.0,156.29,03/09/2025 18:47:24,13.0997157,79.6551513,6551513,2025-09-04T23:21:39.100205
TN 87 2430,865826046640860,0.0,0.0,156.28,03/09/2025 18:46:26,13.0997157,79.6551513,6551513,2025-09-04T23:21:39.100335
TN 87 2430,865826046640860,0.0,0.0,156.31,03/09/2025 18:45:27,13.0997157,79.6551513,6551513,2025-09-04T23:21:39.100438
TN 87 2430,865826046640860,0.0,0.0,156.27,03/09/2025 18:44:29,13.0997157,79.6551513,6551513,2025-09-04T23:21:39.100611
TN 87 2430,865826046640860,0.0,0.0,156.33,03/09/2025 18:43:30,13.0997157,79.6551513,6551513,2025-09-04T23:21:39.100766
TN 87 2430,865826046640860,0.0,0.0,156.3,03/09/2025 18:42:31,13.0997157,79.6551513,6551513,2025-09-04T23:21:39.100920
TN 87 2430,865826046640860,0.0,0.0,156.25,03/09/2025 18:41:33,13.0997157,79.6551513,6551513,2025-09-04T23:21:39.101074
TN 87 2430,865826046640860,0.0,0.0,156.33,03/09/2025 18:40:34,13.0997157,79.6551513,6551513,2025-09-04T23:21:39.101241
TN 87 2430,865826046640860,0.0,0.0,156.39,03/09/2025 18:39:36,13.0997157,79.6551513,6551513,2025-09-04T23:21:39.101400
TN 87 2430,865826046640860,0.0,0.0,156.3,03/09/2025 18:38:37,13.0997157,79.6551513,6551513,2025-09-04T23:21:39.101591
TN 87 2430,865826046640860,0.0,0.0,156.33,03/09/2025 18:37:38,13.0997157,79.6551513,6551513,2025-09-04T23:21:39.101760
TN 87 2430,865826046640860,0.0,0.0,156.43,03/09/2025 18:36:40,13.0997157,79.6551513,6551513,2025-09-04T23:21:39.101887
TN 87 2430,865826046640860,0.0,0.0,156.36,03/09/2025 18:35:41,13.0997157,79.6551513,6551513,2025-09-04T23:21:39.102042
TN 87 2430,865826046640860,0.0,0.0,156.37,03/09/2025 18:34:43,13.0997157,79.6551513,6551513,2025-09-04T23:21:39.102188
TN 87 2430,865826046640860,0.0,0.0,156.41,03/09/2025 18:33:44,13.0997157,79.6551513,6551513,2025-09-04T23:21:39.102337
TN 87 2430,865826046640860,0.0,0.0,156.27,03/09/2025 18:32:46,13.0997157,79.6551513,6551513,2025-09-04T23:21:39.102491
TN 87 2430,865826046640860,0.0,0.0,156.48,03/09/2025 18:31:47,13.0997157,79.6551513,6551513,2025-09-04T23:21:39.102631
TN 87 2430,865826046640860,0.0,0.0,156.35,03/09/2025 18:30:48,13.0997157,79.6551513,6551513,2025-09-04T23:21:39.102802
TN 87 2430,865826046640860,0.0,0.0,156.35,03/09/2025 18:29:50,13.0997157,79.6551513,6551513,2025-09-04T23:21:39.102961
TN 87 2430,865826046640860,0.0,0.0,156.35,03/09/2025 18:28:51,13.0997157,79.6551513,6551513,2025-09-04T23:21:39.103119
TN 87 2430,865826046640860,0.0,0.0,156.17,03/09/2025 18:27:53,13.0997157,79.6551513,6551513,2025-09-04T23:21:39.103277
TN 87 2430,865826046640860,0.0,0.0,156.18,03/09/2025 18:26:54,13.0997157,79.6551513,6551513,2025-09-04T23:21:39.103406
TN 87 2430,865826046640860,0.0,0.0,155.97,03/09/2025 18:25:55,13.0997157,79.6551513,6551513,2025-09-04T23:21:39.103517
TN 87 2430,865826046640860,0.0,0.0,155.95,03/09/2025 18:24:57,13.0997157,79.6551513,6551513,2025-09-04T23:21:39.103624
TN 87 2430,865826046640860,0.0,0.0,155.8,03/09/2025 18:23:58,13.0997157,79.6551513,6551513,2025-09-04T23:21:39.103756
TN 87 2430,865826046640860,0.0,0.0,155.77,03/09/2025 18:22:59,13.0997157,79.6551513,6551513,2025-09-04T23:21:39.103880
TN 87 2430,865826046640860,0.0,0.0,155.79,03/09/2025 18:22:01,13.0997157,79.6551513,6551513,2025-09-04T23:21:39.104015
TN 87 2430,865826046640860,0.0,0.0,155.66,03/09/2025 18:21:02,13.0997157,79.6551513,6551513,2025-09-04T23:21:39.104117
TN 87 2430,865826046640860,0.0,0.0,155.63,03/09/2025 18:20:04,13.0997157,79.6551513,6551513,2025-09-04T23:21:39.104259
TN 87 2430,865826046640860,0.0,0.0,155.64,03/09/2025 18:19:54,13.0997157,79.6551513,6551513,2025-09-04T23:21:39.104396
TN 87 2430,865826046640860,0.0,0.0,155.64,03/09/2025 18:19:44,13.0997157,79.6551513,6551513,2025-09-04T23:21:39.104508
TN 87 2430,865826046640860,0.0,0.0,155.64,03/09/2025 18:18:17,13.0997157,79.6551513,6551513,2025-09-04T23:21:39.104631
TN 87 2430,865826046640860,0.0,0.0,155.72,03/09/2025 18:17:19,13.0997157,79.6551513,6551513,2025-09-04T23:21:39.104827
TN 87 2430,865826046640860,0.0,0.0,155.67,03/09/2025 18:16:20,13.0997157,79.6551513,6551513,2025-09-04T23:21:39.105009
TN 87 2430,865826046640860,0.0,0.0,155.63,03/09/2025 18:15:22,13.0997157,79.6551513,6551513,2025-09-04T23:21:39.105172
TN 87 2430,865826046640860,0.0,0.0,155.68,03/09/2025 18:14:23,13.0997157,79.6551513,6551513,2025-09-04T23:21:39.105360
TN 87 2430,865826046640860,0.0,0.0,155.66,03/09/2025 18:13:25,13.0997157,79.6551513,6551513,2025-09-04T23:21:39.105543
TN 87 2430,865826046640860,0.0,0.0,155.69,03/09/2025 18:12:26,13.0997157,79.6551513,6551513,2025-09-04T23:21:39.105758
TN 87 2430,865826046640860,0.0,0.0,155.69,03/09/2025 18:11:27,13.0997157,79.6551513,6551513,2025-09-04T23:21:39.105951
TN 87 2430,865826046640860,0.0,0.0,155.69,03/09/2025 18:10:29,13.0997157,79.6551513,6551513,2025-09-04T23:21:39.106157
TN 87 2430,865826046640860,0.0,0.0,155.71,03/09/2025 18:09:30,13.0997157,79.6551513,6551513,2025-09-04T23:21:39.106359
TN 87 2430,865826046640860,0.0,0.0,155.75,03/09/2025 18:08:32,13.0997157,79.6551513,6551513,2025-09-04T23:21:39.106567
TN 87 2430,865826046640860,0.0,0.0,155.8,03/09/2025 18:07:33,13.0997157,79.6551513,6551513,2025-09-04T23:21:39.106731
TN 87 2430,865826046640860,0.0,0.0,155.73,03/09/2025 18:06:34,13.0997157,79.6551513,6551513,2025-09-04T23:21:39.106891
TN 87 2430,865826046640860,0.0,0.0,155.81,03/09/2025 18:05:36,13.0997157,79.6551513,6551513,2025-09-04T23:21:39.107024
TN 87 2430,865826046640860,0.0,0.0,155.77,03/09/2025 18:04:37,13.0997157,79.6551513,6551513,2025-09-04T23:21:39.107156
TN 87 2430,865826046640860,0.0,0.0,155.79,03/09/2025 18:03:39,13.0997157,79.6551513,6551513,2025-09-04T23:21:39.107272
TN 87 2430,865826046640860,0.0,0.0,155.75,03/09/2025 18:02:40,13.0997157,79.6551513,6551513,2025-09-04T23:21:39.107400
TN 87 2430,865826046640860,0.0,0.0,155.74,03/09/2025 18:01:41,13.0997157,79.6551513,6551513,2025-09-04T23:21:39.107530
TN 87 2430,865826046640860,0.0,0.0,155.66,03/09/2025 18:00:43,13.0997157,79.6551513,6551513,2025-09-04T23:21:39.107674
TN 87 2430,865826046640860,0.0,0.0,155.64,03/09/2025 17:59:44,13.0997157,79.6551513,6551513,2025-09-04T23:21:39.107799
TN 87 2430,865826046640860,0.0,0.0,155.54,03/09/2025 17:58:46,13.0997157,79.6551513,6551513,2025-09-04T23:21:39.107920
TN 87 2430,865826046640860,0.0,0.0,155.32,03/09/2025 17:57:47,13.0997157,79.6551513,6551513,2025-09-04T23:21:39.108084
TN 87 2430,865826046640860,0.0,0.0,155.28,03/09/2025 17:56:48,13.0997157,79.6551513,6551513,2025-09-04T23:21:39.108229
TN 87 2430,865826046640860,0.0,0.0,155.15,03/09/2025 17:55:50,13.0997157,79.6551513,6551513,2025-09-04T23:21:39.108352
TN 87 2430,865826046640860,0.0,0.0,155.09,03/09/2025 17:54:52,13.0997157,79.6551513,6551513,2025-09-04T23:21:39.108484
TN 87 2430,865826046640860,0.0,0.0,155.08,03/09/2025 17:53:53,13.0997157,79.6551513,6551513,2025-09-04T23:21:39.108602
TN 87 2430,865826046640860,0.0,0.0,155.04,03/09/2025 17:52:55,13.0997157,79.6551513,6551513,2025-09-04T23:21:39.108754
TN 87 2430,865826046640860,0.0,0.0,155.06,03/09/2025 17:51:55,13.0997157,79.6551513,6551513,2025-09-04T23:21:39.108889
TN 87 2430,865826046640860,0.0,0.0,155.08,03/09/2025 17:50:57,13.0997157,79.6551513,6551513,2025-09-04T23:21:39.109028
TN 87 2430,865826046640860,0.0,0.0,155.08,03/09/2025 17:49:58,13.0997157,79.6551513,6551513,2025-09-04T23:21:39.109159
TN 87 2430,865826046640860,0.0,0.0,155.12,03/09/2025 17:49:00,13.0997157,79.6551513,6551513,2025-09-04T23:21:39.109284
TN 87 2430,865826046640860,0.0,0.0,155.11,03/09/2025 17:48:01,13.0997157,79.6551513,6551513,2025-09-04T23:21:39.109406
TN 87 2430,865826046640860,0.0,0.0,155.1,03/09/2025 17:47:02,13.0997157,79.6551513,6551513,2025-09-04T23:21:39.109556
TN 87 2430,865826046640860,0.0,0.0,155.14,03/09/2025 17:46:04,13.0997157,79.6551513,6551513,2025-09-04T23:21:39.109714
TN 87 2430,865826046640860,0.0,0.0,155.11,03/09/2025 17:45:05,13.0997157,79.6551513,6551513,2025-09-04T23:21:39.109882
TN 87 2430,865826046640860,0.0,0.0,155.11,03/09/2025 17:44:07,13.0997157,79.6551513,6551513,2025-09-04T23:21:39.110006
TN 87 2430,865826046640860,0.0,0.0,155.13,03/09/2025 17:43:08,13.0997157,79.6551513,6551513,2025-09-04T23:21:39.110139
TN 87 2430,865826046640860,0.0,0.0,155.16,03/09/2025 17:42:09,13.0997157,79.6551513,6551513,2025-09-04T23:21:39.110281
TN 87 2430,865826046640860,0.0,0.0,155.13,03/09/2025 17:41:11,13.0997157,79.6551513,6551513,2025-09-04T23:21:39.110407
TN 87 2430,865826046640860,0.0,0.0,155.04,03/09/2025 17:40:12,13.0997157,79.6551513,6551513,2025-09-04T23:21:39.110560
TN 87 2430,865826046640860,0.0,0.0,154.89,03/09/2025 17:39:14,13.0997157,79.6551513,6551513,2025-09-04T23:21:39.110741
TN 87 2430,865826046640860,0.0,0.0,154.66,03/09/2025 17:38:15,13.0997157,79.6551513,6551513,2025-09-04T23:21:39.110885
TN 87 2430,865826046640860,0.0,0.0,154.54,03/09/2025 17:37:17,13.0997157,79.6551513,6551513,2025-09-04T23:21:39.111043
TN 87 2430,865826046640860,0.0,0.0,154.45,03/09/2025 17:36:18,13.0997157,79.6551513,6551513,2025-09-04T23:21:39.111200
TN 87 2430,865826046640860,0.0,0.0,154.41,03/09/2025 17:35:19,13.0997157,79.6551513,6551513,2025-09-04T23:21:39.111372
TN 87 2430,865826046640860,0.0,0.0,154.39,03/09/2025 17:34:21,13.0997157,79.6551513,6551513,2025-09-04T23:21:39.111496
TN 87 2430,865826046640860,0.0,0.0,154.44,03/09/2025 17:33:22,13.0997157,79.6551513,6551513,2025-09-04T23:21:39.111653
TN 87 2430,865826046640860,0.0,0.0,154.46,03/09/2025 17:32:24,13.0997157,79.6551513,6551513,2025-09-04T23:21:39.111797
TN 87 2430,865826046640860,0.0,0.0,154.47,03/09/2025 17:31:25,13.0997157,79.6551513,6551513,2025-09-04T23:21:39.111912
TN 87 2430,865826046640860,0.0,0.0,154.47,03/09/2025 17:30:26,13.0997157,79.6551513,6551513,2025-09-04T23:21:39.112081
TN 87 2430,865826046640860,0.0,0.0,154.42,03/09/2025 17:29:28,13.0997157,79.6551513,6551513,2025-09-04T23:21:39.112246
TN 87 2430,865826046640860,0.0,0.0,154.46,03/09/2025 17:28:29,13.0997157,79.6551513,6551513,2025-09-04T23:21:39.112387
TN 87 2430,865826046640860,0.0,0.0,154.46,03/09/2025 17:27:31,13.0997157,79.6551513,6551513,2025-09-04T23:21:39.112590
TN 87 2430,865826046640860,0.0,0.0,154.47,03/09/2025 17:26:32,13.0997157,79.6551513,6551513,2025-09-04T23:21:39.112905
TN 87 2430,865826046640860,0.0,0.0,154.49,03/09/2025 17:25:33,13.0997157,79.6551513,6551513,2025-09-04T23:21:39.113085
TN 87 2430,865826046640860,0.0,0.0,154.49,03/09/2025 17:24:35,13.0997157,79.6551513,6551513,2025-09-04T23:21:39.113254
TN 87 2430,865826046640860,0.0,0.0,154.39,03/09/2025 17:23:36,13.0997157,79.6551513,6551513,2025-09-04T23:21:39.113430
TN 87 2430,865826046640860,0.0,0.0,154.39,03/09/2025 17:22:38,13.0997157,79.6551513,6551513,2025-09-04T23:21:39.113561
TN 87 2430,865826046640860,0.0,0.0,154.44,03/09/2025 17:21:39,13.0997157,79.6551513,6551513,2025-09-04T23:21:39.113674
TN 87 2430,865826046640860,0.0,0.0,154.35,03/09/2025 17:20:40,13.0997157,79.6551513,6551513,2025-09-04T23:21:39.113798
TN 87 2430,865826046640860,0.0,0.0,154.15,03/09/2025 17:19:42,13.0997157,79.6551513,6551513,2025-09-04T23:21:39.113939
TN 87 2430,865826046640860,0.0,0.0,154.16,03/09/2025 17:18:43,13.0997157,79.6551513,6551513,2025-09-04T23:21:39.114073
TN 87 2430,865826046640860,0.0,0.0,154.14,03/09/2025 17:17:45,13.0997157,79.6551513,6551513,2025-09-04T23:21:39.114221
TN 87 2430,865826046640860,0.0,0.0,153.87,03/09/2025 17:16:46,13.0997157,79.6551513,6551513,2025-09-04T23:21:39.114327
TN 87 2430,865826046640860,0.0,0.0,153.78,03/09/2025 17:15:48,13.0997157,79.6551513,6551513,2025-09-04T23:21:39.114428
TN 87 2430,865826046640860,0.0,0.0,153.8,03/09/2025 17:14:49,13.0997157,79.6551513,6551513,2025-09-04T23:21:39.114529
TN 87 2430,865826046640860,0.0,0.0,153.68,03/09/2025 17:13:50,13.0997157,79.6551513,6551513,2025-09-04T23:21:39.114642
TN 87 2430,865826046640860,0.0,0.0,153.65,03/09/2025 17:12:52,13.0997157,79.6551513,6551513,2025-09-04T23:21:39.114808
TN 87 2430,865826046640860,0.0,0.0,153.7,03/09/2025 17:11:53,13.0997157,79.6551513,6551513,2025-09-04T23:21:39.114972
TN 87 2430,865826046640860,0.0,0.0,153.69,03/09/2025 17:10:54,13.0997157,79.6551513,6551513,2025-09-04T23:21:39.115155
TN 87 2430,865826046640860,0.0,0.0,153.66,03/09/2025 17:09:56,13.0997157,79.6551513,6551513,2025-09-04T23:21:39.115345
TN 87 2430,865826046640860,0.0,0.0,153.66,03/09/2025 17:08:57,13.0997157,79.6551513,6551513,2025-09-04T23:21:39.115490
TN 87 2430,865826046640860,0.0,0.0,153.69,03/09/2025 17:07:59,13.0997157,79.6551513,6551513,2025-09-04T23:21:39.115674
TN 87 2430,865826046640860,0.0,0.0,153.66,03/09/2025 17:07:00,13.0997157,79.6551513,6551513,2025-09-04T23:21:39.115846
TN 87 2430,865826046640860,0.0,0.0,153.68,03/09/2025 17:06:01,13.0997157,79.6551513,6551513,2025-09-04T23:21:39.116033
TN 87 2430,865826046640860,0.0,0.0,153.67,03/09/2025 17:05:03,13.0997157,79.6551513,6551513,2025-09-04T23:21:39.116216
TN 87 2430,865826046640860,0.0,0.0,153.67,03/09/2025 17:04:04,13.0997157,79.6551513,6551513,2025-09-04T23:21:39.116377
TN 87 2430,865826046640860,0.0,0.0,153.65,03/09/2025 17:03:06,13.0997157,79.6551513,6551513,2025-09-04T23:21:39.116526
TN 87 2430,865826046640860,0.0,0.0,153.64,03/09/2025 17:02:07,13.0997157,79.6551513,6551513,2025-09-04T23:21:39.116671
TN 87 2430,865826046640860,0.0,0.0,153.65,03/09/2025 17:01:09,13.0997157,79.6551513,6551513,2025-09-04T23:21:39.116779
TN 87 2430,865826046640860,0.0,0.0,153.62,03/09/2025 17:00:10,13.0997157,79.6551513,6551513,2025-09-04T23:21:39.116901
TN 87 2430,865826046640860,0.0,0.0,153.63,03/09/2025 16:59:09,13.0997157,79.6551513,6551513,2025-09-04T23:21:39.117037
TN 87 2430,865826046640860,0.0,0.0,153.63,03/09/2025 16:59:03,13.0997157,79.6551513,6551513,2025-09-04T23:21:39.117170
TN 87 2430,865826046640860,0.0,0.0,153.61,03/09/2025 16:58:53,13.0997157,79.6551513,6551513,2025-09-04T23:21:39.117289
TN 87 2430,865826046640860,0.0,0.0,153.6,03/09/2025 16:58:42,13.0997157,79.6551513,6551513,2025-09-04T23:21:39.117418
TN 87 2430,865826046640860,0.0,0.0,153.61,03/09/2025 16:58:32,13.0997157,79.6551513,6551513,2025-09-04T23:21:39.117547
TN 87 2430,865826046640860,0.0,0.0,153.59,03/09/2025 16:58:22,13.0997157,79.6551513,6551513,2025-09-04T23:21:39.117684
TN 87 2430,865826046640860,0.0,0.0,153.57,03/09/2025 16:58:12,13.0997157,79.6551513,6551513,2025-09-04T23:21:39.117783
TN 87 2430,865826046640860,0.0,0.0,153.57,03/09/2025 16:58:12,13.0997157,79.6551513,6551513,2025-09-04T23:21:39.117910
TN 87 2430,865826046640860,0.0,0.0,153.51,03/09/2025 16:58:03,13.0997157,79.6551513,6551513,2025-09-04T23:21:39.118115
TN 87 2430,865826046640860,0.0,0.0,153.49,03/09/2025 16:57:53,13.0997157,79.6551513,6551513,2025-09-04T23:21:39.118325
TN 87 2430,865826046640860,0.0,0.0,153.6,03/09/2025 16:57:43,13.0997157,79.6551513,6551513,2025-09-04T23:21:39.118494
TN 87 2430,865826046640860,0.0,0.0,153.64,03/09/2025 16:57:34,13.0997157,79.6551513,6551513,2025-09-04T23:21:39.118666
TN 87 2430,865826046640860,0.0,0.0,153.64,03/09/2025 16:57:34,13.0997157,79.6551513,6551513,2025-09-04T23:21:39.118866
TN 87 2430,865826046640860,0.0,0.0,153.7,03/09/2025 16:57:24,13.0997157,79.6551513,6551513,2025-09-04T23:21:39.119066
TN 87 2430,865826046640860,0.0,0.0,153.7,03/09/2025 16:57:24,13.0997157,79.6551513,6551513,2025-09-04T23:21:39.119279
TN 87 2430,865826046640860,0.0,0.0,154.3,03/09/2025 16:57:04,13.0997157,79.6551513,6551513,2025-09-04T23:21:39.119458
TN 87 2430,865826046640860,0.0,0.0,154.85,03/09/2025 16:56:55,13.0997157,79.6551513,6551513,2025-09-04T23:21:39.119646
TN 87 2430,865826046640860,0.0,0.0,153.24,03/09/2025 16:56:45,13.0997157,79.6551513,6551513,2025-09-04T23:21:39.119816
TN 87 2430,865826046640860,11.0,0.03,151.11,03/09/2025 16:56:25,13.09955,79.654951,6549510,2025-09-04T23:21:39.119955
TN 87 2430,865826046640860,8.0,0.06,151.44,03/09/2025 16:56:15,13.0993831,79.655199,6551990,2025-09-04T23:21:39.120095
TN 87 2430,865826046640860,10.0,0.11,151.36,03/09/2025 16:56:06,13.0992341,79.655447,6554470,2025-09-04T23:21:39.120212
TN 87 2430,865826046640860,15.0,0.15,151.25,03/09/2025 16:55:46,13.0991673,79.6558666,6558666,2025-09-04T23:21:39.120341
TN 87 2430,865826046640860,23.0,0.21,151.22,03/09/2025 16:55:37,13.0990338,79.656167,6561670,2025-09-04T23:21:39.120475
TN 87 2430,865826046640860,15.0,0.32,151.21,03/09/2025 16:55:27,13.0985164,79.6564006,6564006,2025-09-04T23:21:39.120677
TN 87 2430,865826046640860,21.0,0.36,151.32,03/09/2025 16:55:07,13.0976164,79.6567678,6567678,2025-09-04T23:21:39.120867
TN 87 2430,865826046640860,17.0,0.42,151.29,03/09/2025 16:54:57,13.097217,79.6569538,6569538,2025-09-04T23:21:39.121078
TN 87 2430,865826046640860,30.0,0.59,151.4,03/09/2025 16:54:48,13.0967164,79.6571493,6571493,2025-09-04T23:21:39.121253
TN 87 2430,865826046640860,44.0,0.71,151.75,03/09/2025 16:54:30,13.0958163,79.6583318,6583318,2025-09-04T23:21:39.121438
TN 87 2430,865826046640860,27.0,0.76,151.75,03/09/2025 16:54:18,13.0948829,79.6589183,6589183,2025-09-04T23:21:39.121605
TN 87 2430,865826046640860,10.0,0.79,151.69,03/09/2025 16:54:09,13.0944657,79.6590328,6590328,2025-09-04T23:21:39.121756
TN 87 2430,865826046640860,22.0,0.85,151.68,03/09/2025 16:53:58,13.0941498,79.6591663,6591663,2025-09-04T23:21:39.121886
TN 87 2430,865826046640860,23.0,0.92,151.88,03/09/2025 16:53:49,13.0936503,79.6593332,6593332,2025-09-04T23:21:39.122030
TN 87 2430,865826046640860,19.0,0.96,151.99,03/09/2025 16:53:39,13.0930829,79.6594142,6594142,2025-09-04T23:21:39.122234
TN 87 2430,865826046640860,16.0,0.99,152.0,03/09/2025 16:53:30,13.0926835,79.6594858,6594858,2025-09-04T23:21:39.122386
TN 87 2430,865826046640860,0.0,0.99,151.91,03/09/2025 16:53:20,13.0924499,79.6595668,6595668,2025-09-04T23:21:39.122508
TN 87 2430,865826046640860,8.0,1.03,151.85,03/09/2025 16:53:10,13.0924165,79.6595668,6595668,2025-09-04T23:21:39.122679
TN 87 2430,865826046640860,17.0,1.06,151.93,03/09/2025 16:53:00,13.0921006,79.6596813,6596813,2025-09-04T23:21:39.122815
TN 87 2430,865826046640860,0.0,1.06,151.93,03/09/2025 16:52:50,13.0918169,79.6598148,6598148,2025-09-04T23:21:39.122931
TN 87 2430,865826046640860,18.0,1.12,152.39,03/09/2025 16:52:41,13.0914998,79.6599197,6599197,2025-09-04T23:21:39.123060
TN 87 2430,865826046640860,20.0,1.17,152.65,03/09/2025 16:52:31,13.0909991,79.6601009,6601009,2025-09-04T23:21:39.123250
TN 87 2430,865826046640860,11.0,1.22,152.68,03/09/2025 16:52:21,13.0905997,79.6603679,6603679,2025-09-04T23:21:39.123403
TN 87 2430,865826046640860,14.0,1.26,152.94,03/09/2025 16:52:11,13.0901837,79.6605682,6605682,2025-09-04T23:21:39.123537
TN 87 2430,865826046640860,11.0,1.29,153.16,03/09/2025 16:52:02,13.0898332,79.6606683,6606683,2025-09-04T23:21:39.123667
TN 87 2430,865826046640860,0.0,1.29,153.17,03/09/2025 16:51:51,13.0896162,79.6608209,6608209,2025-09-04T23:21:39.123842
TN 87 2430,865826046640860,5.0,1.34,155.09,03/09/2025 16:51:42,13.0895829,79.6608352,6608352,2025-09-04T23:21:39.123995
TN 87 2430,865826046640860,19.0,1.41,155.55,03/09/2025 16:51:32,13.0892157,79.6610498,6610498,2025-09-04T23:21:39.124135
TN 87 2430,865826046640860,20.0,1.46,156.5,03/09/2025 16:51:22,13.0886673,79.6613311,6613311,2025-09-04T23:21:39.124263
TN 87 2430,865826046640860,19.0,1.53,154.29,03/09/2025 16:51:13,13.0882668,79.6614694,6614694,2025-09-04T23:21:39.124392
TN 87 2430,865826046640860,25.0,1.6,153.56,03/09/2025 16:51:03,13.0876839,79.6617507,6617507,2025-09-04T23:21:39.124529
TN 87 2430,865826046640860,30.0,1.69,153.56,03/09/2025 16:50:53,13.0870831,79.6620655,6620655,2025-09-04T23:21:39.124663
TN 87 2430,865826046640860,17.0,1.72,153.5,03/09/2025 16:50:43,13.08645,79.6624851,6624851,2025-09-04T23:21:39.124791
TN 87 2430,865826046640860,0.0,1.72,153.14,03/09/2025 16:50:34,13.0861997,79.6625804,6625804,2025-09-04T23:21:39.124920
TN 87 2430,865826046640860,7.0,1.77,153.11,03/09/2025 16:50:24,13.086133,79.6625804,6625804,2025-09-04T23:21:39.125086
TN 87 2430,865826046640860,21.0,1.82,154.48,03/09/2025 16:50:14,13.085916,79.6630334,6630334,2025-09-04T23:21:39.125270
TN 87 2430,865826046640860,9.0,1.84,154.45,03/09/2025 16:50:04,13.0857491,79.6634817,6634817,2025-09-04T23:21:39.125403
TN 87 2430,865826046640860,10.0,1.91,154.07,03/09/2025 16:49:55,13.0857157,79.6636343,6636343,2025-09-04T23:21:39.125590
TN 87 2430,865826046640860,26.0,1.98,154.22,03/09/2025 16:49:45,13.0855667,79.6642303,6642303,2025-09-04T23:21:39.125762
TN 87 2430,865826046640860,21.0,2.05,154.74,03/09/2025 16:49:35,13.0853497,79.6649026,6649026,2025-09-04T23:21:39.125885
TN 87 2430,865826046640860,20.0,2.1,154.79,03/09/2025 16:49:25,13.085134,79.6654653,6654653,2025-09-04T23:21:39.126042
TN 87 2430,865826046640860,0.0,2.1,154.95,03/09/2025 16:49:16,13.0849826,79.6659183,6659183,2025-09-04T23:21:39.126215
TN 87 2430,865826046640860,0.0,2.1,153.6,03/09/2025 16:49:06,13.0849826,79.6659851,6659851,2025-09-04T23:21:39.126371
TN 87 2430,865826046640860,0.0,2.1,153.57,03/09/2025 16:48:56,13.0849671,79.6659851,6659851,2025-09-04T23:21:39.126538
TN 87 2430,865826046640860,9.0,2.15,153.61,03/09/2025 16:48:46,13.084867,79.6659708,6659708,2025-09-04T23:21:39.126677
TN 87 2430,865826046640860,26.0,2.23,153.69,03/09/2025 16:48:37,13.0845165,79.6656656,6656656,2025-09-04T23:21:39.126815
TN 87 2430,865826046640860,28.0,2.31,156.31,03/09/2025 16:48:27,13.0841326,79.6650171,6650171,2025-09-04T23:21:39.126940
TN 87 2430,865826046640860,24.0,2.39,155.59,03/09/2025 16:48:17,13.084017,79.6643543,6643543,2025-09-04T23:21:39.127061
TN 87 2430,865826046640860,25.0,2.46,155.63,03/09/2025 16:48:07,13.0838501,79.6636199,6636199,2025-09-04T23:21:39.127191
TN 87 2430,865826046640860,15.0,2.48,155.74,03/09/2025 16:47:55,13.0841839,79.6630334,6630334,2025-09-04T23:21:39.127321
TN 87 2430,865826046640860,7.0,2.55,155.76,03/09/2025 16:47:48,13.084383,79.6630001,6630001,2025-09-04T23:21:39.127437
TN 87 2430,865826046640860,22.0,2.6,155.89,03/09/2025 16:47:38,13.0845832,79.6624517,6624517,2025-09-04T23:21:39.127604
TN 87 2430,865826046640860,19.0,2.66,155.96,03/09/2025 16:47:28,13.0846667,79.6619319,6619319,2025-09-04T23:21:39.127752
TN 87 2430,865826046640860,18.0,2.7,156.25,03/09/2025 16:47:18,13.0847167,79.6613693,6613693,2025-09-04T23:21:39.127865
TN 87 2430,865826046640860,12.0,2.74,156.43,03/09/2025 16:47:09,13.0847334,79.6610879,6610879,2025-09-04T23:21:39.128001
TN 87 2430,865826046640860,9.0,2.77,156.55,03/09/2025 16:46:49,13.0847167,79.6606683,6606683,2025-09-04T23:21:39.128220
TN 87 2430,865826046640860,11.0,2.78,156.6,03/09/2025 16:46:41,13.08465,79.6604299,6604299,2025-09-04T23:21:39.128403
TN 87 2430,865826046640860,0.0,2.78,158.9,03/09/2025 16:46:30,13.0845832,79.6602869,6602869,2025-09-04T23:21:39.128546
TN 87 2430,865826046640860,0.0,2.78,160.89,03/09/2025 16:46:20,13.0845832,79.6602869,6602869,2025-09-04T23:21:39.128702
TN 87 2430,865826046640860,0.0,2.78,162.04,03/09/2025 16:46:10,13.0845832,79.6602869,6602869,2025-09-04T23:21:39.128895
TN 87 2430,865826046640860,16.0,2.84,162.06,03/09/2025 16:46:00,13.0845665,79.6602153,6602153,2025-09-04T23:21:39.129076
TN 87 2430,865826046640860,13.0,2.89,162.14,03/09/2025 16:45:50,13.0843997,79.6597528,6597528,2025-09-04T23:21:39.129241
TN 87 2430,865826046640860,20.0,2.93,162.21,03/09/2025 16:45:41,13.0842661,79.6592998,6592998,2025-09-04T23:21:39.129391
TN 87 2430,865826046640860,24.0,3.05,162.28,03/09/2025 16:45:31,13.0841505,79.6588993,6588993,2025-09-04T23:21:39.129547
TN 87 2430,865826046640860,24.0,3.05,162.28,03/09/2025 16:45:31,13.0841505,79.6588993,6588993,2025-09-04T23:21:39.129656
TN 87 2430,865826046640860,24.0,3.05,162.28,03/09/2025 16:45:31,13.0841505,79.6588993,6588993,2025-09-04T23:21:39.129759
TN 87 2430,865826046640860,24.0,3.05,162.28,03/09/2025 16:45:31,13.0841505,79.6588993,6588993,2025-09-04T23:21:39.129901
TN 87 2430,865826046640860,24.0,3.05,162.28,03/09/2025 16:45:31,13.0841505,79.6588993,6588993,2025-09-04T23:21:39.130026
TN 87 2430,865826046640860,24.0,3.05,162.28,03/09/2025 16:45:31,13.0841505,79.6588993,6588993,2025-09-04T23:21:39.130142
TN 87 2430,865826046640860,24.0,3.05,162.28,03/09/2025 16:45:31,13.0841505,79.6588993,6588993,2025-09-04T23:21:39.130260
TN 87 2430,865826046640860,24.0,3.05,162.28,03/09/2025 16:45:31,13.0841505,79.6588993,6588993,2025-09-04T23:21:39.130361
TN 87 2430,865826046640860,24.0,3.05,162.28,03/09/2025 16:45:31,13.0841505,79.6588993,6588993,2025-09-04T23:21:39.130487
TN 87 2430,865826046640860,24.0,3.05,162.28,03/09/2025 16:45:31,13.0841505,79.6588993,6588993,2025-09-04T23:21:39.130640
TN 87 2430,865826046640860,24.0,3.05,162.28,03/09/2025 16:45:31,13.0841505,79.6588993,6588993,2025-09-04T23:21:39.130797
TN 87 2430,865826046640860,24.0,3.05,162.28,03/09/2025 16:45:31,13.0841505,79.6588993,6588993,2025-09-04T23:21:39.130960
TN 87 2430,865826046640860,24.0,3.05,162.28,03/09/2025 16:45:31,13.0841505,79.6588993,6588993,2025-09-04T23:21:39.131130
TN 87 2430,865826046640860,24.0,3.05,162.28,03/09/2025 16:45:31,13.0841505,79.6588993,6588993,2025-09-04T23:21:39.131263
TN 87 2430,865826046640860,24.0,3.05,162.28,03/09/2025 16:45:31,13.0841505,79.6588993,6588993,2025-09-04T23:21:39.131496
TN 87 2430,865826046640860,24.0,3.05,162.28,03/09/2025 16:45:31,13.0841505,79.6588993,6588993,2025-09-04T23:21:39.131679
TN 87 2430,865826046640860,24.0,3.05,162.28,03/09/2025 16:45:31,13.0841505,79.6588993,6588993,2025-09-04T23:21:39.131837
TN 87 2430,865826046640860,24.0,3.05,162.28,03/09/2025 16:45:31,13.0841505,79.6588993,6588993,2025-09-04T23:21:39.131994
TN 87 2430,865826046640860,24.0,3.05,162.28,03/09/2025 16:45:31,13.0841505,79.6588993,6588993,2025-09-04T23:21:39.132182
TN 87 2430,865826046640860,24.0,3.05,162.28,03/09/2025 16:45:31,13.0841505,79.6588993,6588993,2025-09-04T23:21:39.132378
TN 87 2430,865826046640860,24.0,3.05,162.28,03/09/2025 16:45:31,13.0841505,79.6588993,6588993,2025-09-04T23:21:39.132564
TN 87 2430,865826046640860,24.0,3.05,162.28,03/09/2025 16:45:31,13.0841505,79.6588993,6588993,2025-09-04T23:21:39.132746
TN 87 2430,865826046640860,24.0,3.05,162.28,03/09/2025 16:45:31,13.0841505,79.6588993,6588993,2025-09-04T23:21:39.132916
TN 87 2430,865826046640860,24.0,3.05,162.28,03/09/2025 16:45:31,13.0841505,79.6588993,6588993,2025-09-04T23:21:39.133101
TN 87 2430,865826046640860,24.0,3.05,162.28,03/09/2025 16:45:31,13.0841505,79.6588993,6588993,2025-09-04T23:21:39.133269
TN 87 2430,865826046640860,24.0,3.05,162.28,03/09/2025 16:45:31,13.0841505,79.6588993,6588993,2025-09-04T23:21:39.133413
TN 87 2430,865826046640860,47.0,3.17,162.63,03/09/2025 16:45:21,13.0838334,79.6578836,6578836,2025-09-04T23:21:39.133543
TN 87 2430,865826046640860,47.0,3.17,162.63,03/09/2025 16:45:21,13.0838334,79.6578836,6578836,2025-09-04T23:21:39.133699
TN 87 2430,865826046640860,47.0,3.17,162.63,03/09/2025 16:45:21,13.0838334,79.6578836,6578836,2025-09-04T23:21:39.133832
TN 87 2430,865826046640860,47.0,3.17,162.63,03/09/2025 16:45:21,13.0838334,79.6578836,6578836,2025-09-04T23:21:39.133970
TN 87 2430,865826046640860,47.0,3.17,162.63,03/09/2025 16:45:21,13.0838334,79.6578836,6578836,2025-09-04T23:21:39.134100
TN 87 2430,865826046640860,47.0,3.17,162.63,03/09/2025 16:45:21,13.0838334,79.6578836,6578836,2025-09-04T23:21:39.134244
TN 87 2430,865826046640860,47.0,3.17,162.63,03/09/2025 16:45:21,13.0838334,79.6578836,6578836,2025-09-04T23:21:39.134351
TN 87 2430,865826046640860,47.0,3.17,162.63,03/09/2025 16:45:21,13.0838334,79.6578836,6578836,2025-09-04T23:21:39.134475
TN 87 2430,865826046640860,47.0,3.17,162.63,03/09/2025 16:45:21,13.0838334,79.6578836,6578836,2025-09-04T23:21:39.134620
TN 87 2430,865826046640860,47.0,3.17,162.63,03/09/2025 16:45:21,13.0838334,79.6578836,6578836,2025-09-04T23:21:39.134760
TN 87 2430,865826046640860,47.0,3.17,162.63,03/09/2025 16:45:21,13.0838334,79.6578836,6578836,2025-09-04T23:21:39.134926
TN 87 2430,865826046640860,47.0,3.17,162.63,03/09/2025 16:45:21,13.0838334,79.6578836,6578836,2025-09-04T23:21:39.135083
TN 87 2430,865826046640860,47.0,3.17,162.63,03/09/2025 16:45:21,13.0838334,79.6578836,6578836,2025-09-04T23:21:39.135229
TN 87 2430,865826046640860,47.0,3.17,162.63,03/09/2025 16:45:21,13.0838334,79.6578836,6578836,2025-09-04T23:21:39.135368
TN 87 2430,865826046640860,47.0,3.17,162.63,03/09/2025 16:45:21,13.0838334,79.6578836,6578836,2025-09-04T23:21:39.135473
TN 87 2430,865826046640860,47.0,3.17,162.63,03/09/2025 16:45:21,13.0838334,79.6578836,6578836,2025-09-04T23:21:39.135633
TN 87 2430,865826046640860,47.0,3.17,162.63,03/09/2025 16:45:21,13.0838334,79.6578836,6578836,2025-09-04T23:21:39.135781
TN 87 2430,865826046640860,47.0,3.17,162.63,03/09/2025 16:45:21,13.0838334,79.6578836,6578836,2025-09-04T23:21:39.135954
TN 87 2430,865826046640860,47.0,3.17,162.63,03/09/2025 16:45:21,13.0838334,79.6578836,6578836,2025-09-04T23:21:39.136143
TN 87 2430,865826046640860,47.0,3.17,162.63,03/09/2025 16:45:21,13.0838334,79.6578836,6578836,2025-09-04T23:21:39.136305
TN 87 2430,865826046640860,47.0,3.17,162.63,03/09/2025 16:45:21,13.0838334,79.6578836,6578836,2025-09-04T23:21:39.136418
TN 87 2430,865826046640860,47.0,3.17,162.63,03/09/2025 16:45:21,13.0838334,79.6578836,6578836,2025-09-04T23:21:39.136580
TN 87 2430,865826046640860,47.0,3.17,162.63,03/09/2025 16:45:21,13.0838334,79.6578836,6578836,2025-09-04T23:21:39.136726
TN 87 2430,865826046640860,47.0,3.17,162.63,03/09/2025 16:45:21,13.0838334,79.6578836,6578836,2025-09-04T23:21:39.136852
TN 87 2430,865826046640860,47.0,3.17,162.63,03/09/2025 16:45:21,13.0838334,79.6578836,6578836,2025-09-04T23:21:39.136992
TN 87 2430,865826046640860,36.0,3.24,162.75,03/09/2025 16:45:11,13.0836665,79.6568155,6568155,2025-09-04T23:21:39.137130
TN 87 2430,865826046640860,36.0,3.24,162.75,03/09/2025 16:45:11,13.0836665,79.6568155,6568155,2025-09-04T23:21:39.137261
TN 87 2430,865826046640860,36.0,3.24,162.75,03/09/2025 16:45:11,13.0836665,79.6568155,6568155,2025-09-04T23:21:39.137372
TN 87 2430,865826046640860,36.0,3.24,162.75,03/09/2025 16:45:11,13.0836665,79.6568155,6568155,2025-09-04T23:21:39.137502
TN 87 2430,865826046640860,36.0,3.24,162.75,03/09/2025 16:45:11,13.0836665,79.6568155,6568155,2025-09-04T23:21:39.137630
TN 87 2430,865826046640860,36.0,3.24,162.75,03/09/2025 16:45:11,13.0836665,79.6568155,6568155,2025-09-04T23:21:39.137766
TN 87 2430,865826046640860,36.0,3.24,162.75,03/09/2025 16:45:11,13.0836665,79.6568155,6568155,2025-09-04T23:21:39.137905
TN 87 2430,865826046640860,36.0,3.24,162.75,03/09/2025 16:45:11,13.0836665,79.6568155,6568155,2025-09-04T23:21:39.138055
TN 87 2430,865826046640860,36.0,3.24,162.75,03/09/2025 16:45:11,13.0836665,79.6568155,6568155,2025-09-04T23:21:39.138193
TN 87 2430,865826046640860,36.0,3.24,162.75,03/09/2025 16:45:11,13.0836665,79.6568155,6568155,2025-09-04T23:21:39.138307
TN 87 2430,865826046640860,36.0,3.24,162.75,03/09/2025 16:45:11,13.0836665,79.6568155,6568155,2025-09-04T23:21:39.138436
TN 87 2430,865826046640860,36.0,3.24,162.75,03/09/2025 16:45:11,13.0836665,79.6568155,6568155,2025-09-04T23:21:39.138564
TN 87 2430,865826046640860,21.0,3.31,162.75,03/09/2025 16:45:02,13.0835998,79.6561527,6561527,2025-09-04T23:21:39.138688
TN 87 2430,865826046640860,21.0,3.31,162.75,03/09/2025 16:45:02,13.0835998,79.6561527,6561527,2025-09-04T23:21:39.138826
TN 87 2430,865826046640860,21.0,3.31,162.75,03/09/2025 16:45:02,13.0835998,79.6561527,6561527,2025-09-04T23:21:39.138949
TN 87 2430,865826046640860,21.0,3.31,162.75,03/09/2025 16:45:02,13.0835998,79.6561527,6561527,2025-09-04T23:21:39.139079
TN 87 2430,865826046640860,21.0,3.31,162.75,03/09/2025 16:45:02,13.0835998,79.6561527,6561527,2025-09-04T23:21:39.139193
TN 87 2430,865826046640860,21.0,3.31,162.75,03/09/2025 16:45:02,13.0835998,79.6561527,6561527,2025-09-04T23:21:39.139317
TN 87 2430,865826046640860,21.0,3.31,162.75,03/09/2025 16:45:02,13.0835998,79.6561527,6561527,2025-09-04T23:21:39.139456
TN 87 2430,865826046640860,21.0,3.31,162.75,03/09/2025 16:45:02,13.0835998,79.6561527,6561527,2025-09-04T23:21:39.139591
TN 87 2430,865826046640860,21.0,3.31,162.75,03/09/2025 16:45:02,13.0835998,79.6561527,6561527,2025-09-04T23:21:39.139710
TN 87 2430,865826046640860,21.0,3.31,162.75,03/09/2025 16:45:02,13.0835998,79.6561527,6561527,2025-09-04T23:21:39.139829
TN 87 2430,865826046640860,21.0,3.31,162.75,03/09/2025 16:45:02,13.0835998,79.6561527,6561527,2025-09-04T23:21:39.139935
TN 87 2430,865826046640860,21.0,3.31,162.75,03/09/2025 16:45:02,13.0835998,79.6561527,6561527,2025-09-04T23:21:39.140045
TN 87 2430,865826046640860,18.0,3.36,162.66,03/09/2025 16:44:52,13.0834841,79.6555185,6555185,2025-09-04T23:21:39.140176
TN 87 2430,865826046640860,18.0,3.36,162.66,03/09/2025 16:44:52,13.0834841,79.6555185,6555185,2025-09-04T23:21:39.140297
TN 87 2430,865826046640860,18.0,3.36,162.66,03/09/2025 16:44:52,13.0834841,79.6555185,6555185,2025-09-04T23:21:39.140417
TN 87 2430,865826046640860,18.0,3.36,162.66,03/09/2025 16:44:52,13.0834841,79.6555185,6555185,2025-09-04T23:21:39.140589
TN 87 2430,865826046640860,18.0,3.36,162.66,03/09/2025 16:44:52,13.0834841,79.6555185,6555185,2025-09-04T23:21:39.140730
TN 87 2430,865826046640860,18.0,3.36,162.66,03/09/2025 16:44:52,13.0834841,79.6555185,6555185,2025-09-04T23:21:39.140915
TN 87 2430,865826046640860,18.0,3.36,162.66,03/09/2025 16:44:52,13.0834841,79.6555185,6555185,2025-09-04T23:21:39.141073
TN 87 2430,865826046640860,18.0,3.36,162.66,03/09/2025 16:44:52,13.0834841,79.6555185,6555185,2025-09-04T23:21:39.141252
TN 87 2430,865826046640860,18.0,3.36,162.66,03/09/2025 16:44:52,13.0834841,79.6555185,6555185,2025-09-04T23:21:39.141415
TN 87 2430,865826046640860,18.0,3.36,162.66,03/09/2025 16:44:52,13.0834841,79.6555185,6555185,2025-09-04T23:21:39.141579
TN 87 2430,865826046640860,18.0,3.36,162.66,03/09/2025 16:44:52,13.0834841,79.6555185,6555185,2025-09-04T23:21:39.141752
TN 87 2430,865826046640860,18.0,3.36,162.66,03/09/2025 16:44:52,13.0834841,79.6555185,6555185,2025-09-04T23:21:39.141888
TN 87 2430,865826046640860,13.0,3.39,162.62,03/09/2025 16:44:42,13.0833995,79.6550655,6550655,2025-09-04T23:21:39.142034
TN 87 2430,865826046640860,13.0,3.39,162.62,03/09/2025 16:44:42,13.0833995,79.6550655,6550655,2025-09-04T23:21:39.142193
TN 87 2430,865826046640860,13.0,3.39,162.62,03/09/2025 16:44:42,13.0833995,79.6550655,6550655,2025-09-04T23:21:39.142316
TN 87 2430,865826046640860,13.0,3.39,162.62,03/09/2025 16:44:42,13.0833995,79.6550655,6550655,2025-09-04T23:21:39.142441
TN 87 2430,865826046640860,13.0,3.39,162.62,03/09/2025 16:44:42,13.0833995,79.6550655,6550655,2025-09-04T23:21:39.142586
TN 87 2430,865826046640860,13.0,3.39,162.62,03/09/2025 16:44:42,13.0833995,79.6550655,6550655,2025-09-04T23:21:39.142712
TN 87 2430,865826046640860,13.0,3.39,162.62,03/09/2025 16:44:42,13.0833995,79.6550655,6550655,2025-09-04T23:21:39.142835
TN 87 2430,865826046640860,13.0,3.39,162.62,03/09/2025 16:44:42,13.0833995,79.6550655,6550655,2025-09-04T23:21:39.142931
TN 87 2430,865826046640860,13.0,3.39,162.62,03/09/2025 16:44:42,13.0833995,79.6550655,6550655,2025-09-04T23:21:39.143059
TN 87 2430,865826046640860,13.0,3.39,162.62,03/09/2025 16:44:42,13.0833995,79.6550655,6550655,2025-09-04T23:21:39.143226
TN 87 2430,865826046640860,13.0,3.39,162.62,03/09/2025 16:44:42,13.0833995,79.6550655,6550655,2025-09-04T23:21:39.143362
TN 87 2430,865826046640860,12.0,3.46,162.51,03/09/2025 16:44:32,13.083117,79.6549987,6549987,2025-09-04T23:21:39.143501
TN 87 2430,865826046640860,12.0,3.46,162.51,03/09/2025 16:44:32,13.083117,79.6549987,6549987,2025-09-04T23:21:39.143661
TN 87 2430,865826046640860,12.0,3.46,162.51,03/09/2025 16:44:32,13.083117,79.6549987,6549987,2025-09-04T23:21:39.143778
TN 87 2430,865826046640860,12.0,3.46,162.51,03/09/2025 16:44:32,13.083117,79.6549987,6549987,2025-09-04T23:21:39.143902
TN 87 2430,865826046640860,12.0,3.46,162.51,03/09/2025 16:44:32,13.083117,79.6549987,6549987,2025-09-04T23:21:39.144035
TN 87 2430,865826046640860,12.0,3.46,162.51,03/09/2025 16:44:32,13.083117,79.6549987,6549987,2025-09-04T23:21:39.144253
TN 87 2430,865826046640860,12.0,3.46,162.51,03/09/2025 16:44:32,13.083117,79.6549987,6549987,2025-09-04T23:21:39.144416
TN 87 2430,865826046640860,12.0,3.46,162.51,03/09/2025 16:44:32,13.083117,79.6549987,6549987,2025-09-04T23:21:39.144568
TN 87 2430,865826046640860,12.0,3.46,162.51,03/09/2025 16:44:32,13.083117,79.6549987,6549987,2025-09-04T23:21:39.144714
TN 87 2430,865826046640860,41.0,3.57,160.53,03/09/2025 16:44:23,13.0825328,79.6549844,6549844,2025-09-04T23:21:39.144896
TN 87 2430,865826046640860,41.0,3.57,160.53,03/09/2025 16:44:23,13.0825328,79.6549844,6549844,2025-09-04T23:21:39.145094
TN 87 2430,865826046640860,41.0,3.57,160.53,03/09/2025 16:44:23,13.0825328,79.6549844,6549844,2025-09-04T23:21:39.145299
TN 87 2430,865826046640860,41.0,3.57,160.53,03/09/2025 16:44:23,13.0825328,79.6549844,6549844,2025-09-04T23:21:39.145499
TN 87 2430,865826046640860,41.0,3.57,160.53,03/09/2025 16:44:23,13.0825328,79.6549844,6549844,2025-09-04T23:21:39.145693
TN 87 2430,865826046640860,41.0,3.57,160.53,03/09/2025 16:44:23,13.0825328,79.6549844,6549844,2025-09-04T23:21:39.145840
TN 87 2430,865826046640860,41.0,3.57,160.53,03/09/2025 16:44:23,13.0825328,79.6549844,6549844,2025-09-04T23:21:39.146004
TN 87 2430,865826046640860,39.0,3.67,157.18,03/09/2025 16:44:13,13.0815005,79.654932,6549320,2025-09-04T23:21:39.146194
TN 87 2430,865826046640860,39.0,3.67,157.18,03/09/2025 16:44:13,13.0815005,79.654932,6549320,2025-09-04T23:21:39.146381
TN 87 2430,865826046640860,39.0,3.67,157.18,03/09/2025 16:44:13,13.0815005,79.654932,6549320,2025-09-04T23:21:39.146573
TN 87 2430,865826046640860,34.0,3.86,150.82,03/09/2025 16:44:03,13.0805838,79.6548986,6548986,2025-09-04T23:21:39.146757
TN 87 2430,865826046640860,34.0,3.86,150.82,03/09/2025 16:44:03,13.0805838,79.6548986,6548986,2025-09-04T23:21:39.146940
TN 87 2430,865826046640860,34.0,3.86,150.82,03/09/2025 16:44:03,13.0805838,79.6548986,6548986,2025-09-04T23:21:39.147107
TN 87 2430,865826046640860,33.0,3.96,152.43,03/09/2025 16:43:44,13.0788826,79.6547698,6547698,2025-09-04T23:21:39.147268
TN 87 2430,865826046640860,35.0,4.07,152.54,03/09/2025 16:43:34,13.078016,79.654684,6546840,2025-09-04T23:21:39.147432
TN 87 2430,865826046640860,41.0,4.2,152.55,03/09/2025 16:43:24,13.0769836,79.6547031,6547031,2025-09-04T23:21:39.147595
TN 87 2430,865826046640860,41.0,4.39,152.66,03/09/2025 16:43:14,13.0760169,79.6552515,6552515,2025-09-04T23:21:39.147755
TN 87 2430,865826046640860,34.0,4.47,142.36,03/09/2025 16:42:55,13.0758833,79.6570682,6570682,2025-09-04T23:21:39.147910
TN 87 2430,865826046640860,20.0,4.63,142.21,03/09/2025 16:42:45,13.0760169,79.6577835,6577835,2025-09-04T23:21:39.148049
TN 87 2430,865826046640860,30.0,4.63,142.36,03/09/2025 16:42:35,13.0761837,79.6582317,6582317,2025-09-04T23:21:39.148205
TN 87 2430,865826046640860,13.0,4.63,145.61,03/09/2025 16:42:22,13.0763328,79.6590328,6590328,2025-09-04T23:21:39.148356
TN 87 2430,865826046640860,27.0,4.73,145.61,03/09/2025 16:42:16,13.0762505,79.659233,6592330,2025-09-04T23:21:39.148552
TN 87 2430,865826046640860,31.0,4.87,157.63,03/09/2025 16:42:06,13.0758833,79.6600198,6600198,2025-09-04T23:21:39.148756
TN 87 2430,865826046640860,18.0,4.87,157.16,03/09/2025 16:41:56,13.07585,79.6606969,6606969,2025-09-04T23:21:39.148942
TN 87 2430,865826046640860,9.0,4.87,157.02,03/09/2025 16:41:43,13.0758666,79.6610164,6610164,2025-09-04T23:21:39.149126
TN 87 2430,865826046640860,33.0,4.98,151.43,03/09/2025 16:41:37,13.0758166,79.6613168,6613168,2025-09-04T23:21:39.149290
TN 87 2430,865826046640860,40.0,5.07,149.11,03/09/2025 16:41:27,13.0757498,79.6623325,6623325,2025-09-04T23:21:39.149439
TN 87 2430,865826046640860,27.0,5.33,149.08,03/09/2025 16:41:17,13.0757164,79.6632146,6632146,2025-09-04T23:21:39.149593
TN 87 2430,865826046640860,28.0,5.33,149.2,03/09/2025 16:41:07,13.0757498,79.6637344,6637344,2025-09-04T23:21:39.149770
TN 87 2430,865826046640860,35.0,5.33,149.28,03/09/2025 16:40:58,13.0758333,79.664483,6644830,2025-09-04T23:21:39.149953
TN 87 2430,865826046640860,16.0,5.66,149.38,03/09/2025 16:40:38,13.0759334,79.6656179,6656179,2025-09-04T23:21:39.150109
TN 87 2430,865826046640860,15.0,5.66,149.55,03/09/2025 16:40:28,13.0759501,79.6661281,6661281,2025-09-04T23:21:39.150261
TN 87 2430,865826046640860,9.0,5.7,153.69,03/09/2025 16:39:49,13.0763661,79.6686029,6686029,2025-09-04T23:21:39.150437
TN 87 2430,865826046640860,22.0,5.76,154.03,03/09/2025 16:39:39,13.0763995,79.6689319,6689319,2025-09-04T23:21:39.150593
TN 87 2430,865826046640860,19.0,5.8,155.06,03/09/2025 16:39:30,13.0764997,79.669466,6694660,2025-09-04T23:21:39.150789
TN 87 2430,865826046640860,10.0,5.82,155.09,03/09/2025 16:39:20,13.0765497,79.6698522,6698522,2025-09-04T23:21:39.150945
TN 87 2430,865826046640860,11.0,5.86,155.14,03/09/2025 16:39:10,13.0764508,79.6700811,6700811,2025-09-04T23:21:39.151131
TN 87 2430,865826046640860,0.0,5.86,155.84,03/09/2025 16:39:00,13.0761837,79.6701526,6701526,2025-09-04T23:21:39.151292
TN 87 2430,865826046640860,0.0,5.86,156.59,03/09/2025 16:38:50,13.0761837,79.6701526,6701526,2025-09-04T23:21:39.151432
TN 87 2430,865826046640860,0.0,5.86,156.94,03/09/2025 16:38:41,13.0761837,79.6701526,6701526,2025-09-04T23:21:39.151611
TN 87 2430,865826046640860,20.0,5.93,157.06,03/09/2025 16:38:31,13.0760169,79.6701669,6701669,2025-09-04T23:21:39.151766
TN 87 2430,865826046640860,21.0,5.96,157.1,03/09/2025 16:38:21,13.0753672,79.6703195,6703195,2025-09-04T23:21:39.151908
TN 87 2430,865826046640860,0.0,5.96,157.04,03/09/2025 16:38:12,13.0750668,79.6703815,6703815,2025-09-04T23:21:39.152070
TN 87 2430,865826046640860,0.0,5.96,158.35,03/09/2025 16:38:02,13.0749833,79.6704339,6704339,2025-09-04T23:21:39.152251
TN 87 2430,865826046640860,0.0,5.96,158.57,03/09/2025 16:37:52,13.0749833,79.6704339,6704339,2025-09-04T23:21:39.152395
TN 87 2430,865826046640860,0.0,5.96,158.51,03/09/2025 16:37:42,13.0749833,79.6704864,6704864,2025-09-04T23:21:39.152550
TN 87 2430,865826046640860,0.0,5.96,154.82,03/09/2025 16:37:32,13.0749833,79.6704864,6704864,2025-09-04T23:21:39.152703
TN 87 2430,865826046640860,0.0,5.96,154.12,03/09/2025 16:37:23,13.0749833,79.6704864,6704864,2025-09-04T23:21:39.152860
TN 87 2430,865826046640860,10.0,6.0,153.43,03/09/2025 16:37:13,13.0749833,79.6705722,6705722,2025-09-04T23:21:39.153014
TN 87 2430,865826046640860,14.0,6.04,152.82,03/09/2025 16:37:03,13.0749666,79.6708679,6708679,2025-09-04T23:21:39.153188
TN 87 2430,865826046640860,22.0,6.14,152.7,03/09/2025 16:36:53,13.074634,79.6710348,6710348,2025-09-04T23:21:39.153323
TN 87 2430,865826046640860,46.0,6.27,151.49,03/09/2025 16:36:43,13.0737328,79.6713495,6713495,2025-09-04T23:21:39.153491
TN 87 2430,865826046640860,51.0,6.41,150.39,03/09/2025 16:36:34,13.0726003,79.6716976,6716976,2025-09-04T23:21:39.153653
TN 87 2430,865826046640860,45.0,6.52,151.38,03/09/2025 16:36:24,13.0714166,79.672079,6720790,2025-09-04T23:21:39.153817
TN 87 2430,865826046640860,34.0,6.59,152.65,03/09/2025 16:36:14,13.0704498,79.6723651,6723651,2025-09-04T23:21:39.153956
TN 87 2430,865826046640860,19.0,6.65,152.74,03/09/2025 16:36:05,13.0698502,79.6725463,6725463,2025-09-04T23:21:39.154106
TN 87 2430,865826046640860,13.0,6.73,153.48,03/09/2025 16:35:55,13.0693662,79.6726989,6726989,2025-09-04T23:21:39.154260
TN 87 2430,865826046640860,36.0,6.81,159.3,03/09/2025 16:35:45,13.0686831,79.6728515,6728515,2025-09-04T23:21:39.154399
TN 87 2430,865826046640860,22.0,6.85,159.39,03/09/2025 16:35:35,13.0679166,79.6729803,6729803,2025-09-04T23:21:39.154541
TN 87 2430,865826046640860,0.0,6.85,157.32,03/09/2025 16:35:26,13.0675673,79.6730327,6730327,2025-09-04T23:21:39.154683
TN 87 2430,865826046640860,0.0,6.85,154.16,03/09/2025 16:35:16,13.0675673,79.6730327,6730327,2025-09-04T23:21:39.154825
TN 87 2430,865826046640860,13.0,6.93,153.84,03/09/2025 16:35:06,13.0675005,79.6730184,6730184,2025-09-04T23:21:39.154927
TN 87 2430,865826046640860,42.0,7.07,146.46,03/09/2025 16:34:56,13.0667829,79.6731662,6731662,2025-09-04T23:21:39.155055
TN 87 2430,865826046640860,42.0,7.17,146.3,03/09/2025 16:34:46,13.0656003,79.6733331,6733331,2025-09-04T23:21:39.155218
TN 87 2430,865826046640860,36.0,7.25,146.65,03/09/2025 16:34:37,13.0646824,79.6734714,6734714,2025-09-04T23:21:39.155363
TN 87 2430,865826046640860,19.0,7.32,146.11,03/09/2025 16:34:27,13.0640006,79.6735525,6735525,2025-09-04T23:21:39.155504
TN 87 2430,865826046640860,47.0,7.49,146.12,03/09/2025 16:34:17,13.0633497,79.6736001,6736001,2025-09-04T23:21:39.155627
TN 87 2430,865826046640860,61.0,7.63,146.3,03/09/2025 16:34:07,13.06185,79.6737957,6737957,2025-09-04T23:21:39.155811
TN 87 2430,865826046640860,51.0,7.76,153.72,03/09/2025 16:33:58,13.0605494,79.6739339,6739339,2025-09-04T23:21:39.155997
TN 87 2430,865826046640860,41.0,7.87,153.3,03/09/2025 16:33:48,13.0593836,79.6740198,6740198,2025-09-04T23:21:39.156188
TN 87 2430,865826046640860,35.0,7.97,152.68,03/09/2025 16:33:38,13.0583834,79.6740627,6740627,2025-09-04T23:21:39.156363
TN 87 2430,865826046640860,32.0,8.05,158.67,03/09/2025 16:33:28,13.0575335,79.6741199,6741199,2025-09-04T23:21:39.156478
TN 87 2430,865826046640860,20.0,8.1,160.14,03/09/2025 16:33:18,13.056817,79.6741008,6741008,2025-09-04T23:21:39.156578
TN 87 2430,865826046640860,13.0,8.11,160.11,03/09/2025 16:33:09,13.0563831,79.6741008,6741008,2025-09-04T23:21:39.156738
TN 87 2430,865826046640860,0.0,8.11,159.9,03/09/2025 16:32:59,13.0562829,79.6741008,6741008,2025-09-04T23:21:39.156884
TN 87 2430,865826046640860,13.0,8.17,153.73,03/09/2025 16:32:49,13.0560994,79.6741199,6741199,2025-09-04T23:21:39.157023
TN 87 2430,865826046640860,27.0,8.23,151.94,03/09/2025 16:32:39,13.0554997,79.6741342,6741342,2025-09-04T23:21:39.157160
TN 87 2430,865826046640860,17.0,8.28,151.81,03/09/2025 16:32:30,13.0549669,79.6741342,6741342,2025-09-04T23:21:39.157291
TN 87 2430,865826046640860,42.0,8.46,152.37,03/09/2025 16:32:20,13.0544996,79.6741342,6741342,2025-09-04T23:21:39.157407
TN 87 2430,865826046640860,66.0,8.63,152.73,03/09/2025 16:32:10,13.0529665,79.6741867,6741867,2025-09-04T23:21:39.157533
TN 87 2430,865826046640860,59.0,8.78,154.88,03/09/2025 16:32:00,13.0513668,79.6742868,6742868,2025-09-04T23:21:39.157685
TN 87 2430,865826046640860,54.0,8.92,155.14,03/09/2025 16:31:51,13.0500829,79.6743488,6743488,2025-09-04T23:21:39.157815
TN 87 2430,865826046640860,47.0,9.04,155.55,03/09/2025 16:31:41,13.0487835,79.6744155,6744155,2025-09-04T23:21:39.157966
TN 87 2430,865826046640860,43.0,9.16,160.0,03/09/2025 16:31:31,13.0476999,79.6744537,6744537,2025-09-04T23:21:39.158172
TN 87 2430,865826046640860,36.0,9.25,160.56,03/09/2025 16:31:21,13.0466675,79.6744823,6744823,2025-09-04T23:21:39.158356
TN 87 2430,865826046640860,41.0,9.37,154.58,03/09/2025 16:31:12,13.0458164,79.6745681,6745681,2025-09-04T23:21:39.158544
TN 87 2430,865826046640860,37.0,9.47,160.07,03/09/2025 16:31:02,13.0447661,79.6745967,6745967,2025-09-04T23:21:39.158722
TN 87 2430,865826046640860,34.0,9.56,160.1,03/09/2025 16:30:52,13.0438673,79.6746349,6746349,2025-09-04T23:21:39.158916
TN 87 2430,865826046640860,29.0,9.64,162.43,03/09/2025 16:30:42,13.043034,79.6746826,6746826,2025-09-04T23:21:39.159105
TN 87 2430,865826046640860,30.0,9.73,161.69,03/09/2025 16:30:33,13.0423164,79.6746969,6746969,2025-09-04T23:21:39.159300
TN 87 2430,865826046640860,33.0,9.84,158.24,03/09/2025 16:30:23,13.0414998,79.6746969,6746969,2025-09-04T23:21:39.159492
TN 87 2430,865826046640860,35.0,9.92,158.81,03/09/2025 16:30:13,13.0405163,79.674735,6747350,2025-09-04T23:21:39.159676
TN 87 2430,865826046640860,22.0,10.02,158.55,03/09/2025 16:30:03,13.0397665,79.6747493,6747493,2025-09-04T23:21:39.159820
TN 87 2430,865826046640860,46.0,10.13,158.47,03/09/2025 16:29:53,13.0389833,79.6750354,6750354,2025-09-04T23:21:39.159979
TN 87 2430,865826046640860,41.0,10.23,158.16,03/09/2025 16:29:44,13.0381333,79.6755838,6755838,2025-09-04T23:21:39.160143
TN 87 2430,865826046640860,35.0,10.32,157.58,03/09/2025 16:29:34,13.0373668,79.6761322,6761322,2025-09-04T23:21:39.160329
TN 87 2430,865826046640860,22.0,10.39,157.48,03/09/2025 16:29:24,13.0366671,79.6764659,6764659,2025-09-04T23:21:39.160458
TN 87 2430,865826046640860,44.0,10.55,157.16,03/09/2025 16:29:14,13.0360341,79.6766948,6766948,2025-09-04T23:21:39.160632
TN 87 2430,865826046640860,57.0,10.7,155.37,03/09/2025 16:29:04,13.03465,79.6771144,6771144,2025-09-04T23:21:39.160791
TN 87 2430,865826046640860,58.0,10.86,155.19,03/09/2025 16:28:55,13.0333828,79.6773529,6773529,2025-09-04T23:21:39.160969
TN 87 2430,865826046640860,55.0,11.03,154.6,03/09/2025 16:28:45,13.0318832,79.6774005,6774005,2025-09-04T23:21:39.161139
TN 87 2430,865826046640860,63.0,11.21,154.23,03/09/2025 16:28:35,13.0303502,79.6774387,6774387,2025-09-04T23:21:39.161283
TN 87 2430,865826046640860,57.0,11.35,154.23,03/09/2025 16:28:25,13.0287837,79.6774673,6774673,2025-09-04T23:21:39.161455
TN 87 2430,865826046640860,50.0,11.49,153.89,03/09/2025 16:28:16,13.0274999,79.6774816,6774816,2025-09-04T23:21:39.161625
TN 87 2430,865826046640860,45.0,11.6,155.77,03/09/2025 16:28:06,13.0262494,79.677515,6775150,2025-09-04T23:21:39.161759
TN 87 2430,865826046640860,32.0,11.66,158.4,03/09/2025 16:27:56,13.0252504,79.6775341,6775341,2025-09-04T23:21:39.161927
TN 87 2430,865826046640860,16.0,11.69,158.21,03/09/2025 16:27:47,13.0246829,79.6775674,6775674,2025-09-04T23:21:39.162125
TN 87 2430,865826046640860,0.0,11.69,158.1,03/09/2025 16:27:37,13.0244326,79.6775674,6775674,2025-09-04T23:21:39.162307
TN 87 2430,865826046640860,29.0,11.8,158.13,03/09/2025 16:27:27,13.0241668,79.6775341,6775341,2025-09-04T23:21:39.162454
TN 87 2430,865826046640860,42.0,11.91,161.55,03/09/2025 16:27:17,13.0232167,79.6774387,6774387,2025-09-04T23:21:39.162604
TN 87 2430,865826046640860,33.0,11.98,163.4,03/09/2025 16:27:07,13.0222332,79.677329,6773290,2025-09-04T23:21:39.162744
TN 87 2430,865826046640860,20.0,12.04,163.58,03/09/2025 16:26:58,13.0216002,79.6772861,6772861,2025-09-04T23:21:39.162861
TN 87 2430,865826046640860,23.0,12.09,163.7,03/09/2025 16:26:48,13.0209994,79.6772146,6772146,2025-09-04T23:21:39.162981
TN 87 2430,865826046640860,0.0,12.09,163.71,03/09/2025 16:26:38,13.0206,79.6772146,6772146,2025-09-04T23:21:39.163125
TN 87 2430,865826046640860,7.0,12.09,163.32,03/09/2025 16:26:28,13.0204665,79.6773147,6773147,2025-09-04T23:21:39.163309
TN 87 2430,865826046640860,0.0,12.09,162.69,03/09/2025 16:26:18,13.0204498,79.6773147,6773147,2025-09-04T23:21:39.163459
TN 87 2430,865826046640860,24.0,12.21,162.66,03/09/2025 16:26:09,13.0203509,79.6774148,6774148,2025-09-04T23:21:39.163616
TN 87 2430,865826046640860,61.0,12.39,162.8,03/09/2025 16:25:59,13.0203664,79.6785354,6785354,2025-09-04T23:21:39.163767
TN 87 2430,865826046640860,63.0,12.54,163.08,03/09/2025 16:25:49,13.0204665,79.6801662,6801662,2025-09-04T23:21:39.163914
TN 87 2430,865826046640860,58.0,12.7,163.16,03/09/2025 16:25:40,13.0203664,79.6815633,6815633,2025-09-04T23:21:39.164059
TN 87 2430,865826046640860,61.0,12.88,163.62,03/09/2025 16:25:30,13.019967,79.6829986,6829986,2025-09-04T23:21:39.164238
TN 87 2430,865826046640860,64.0,13.06,162.38,03/09/2025 16:25:20,13.0196499,79.6846008,6846008,2025-09-04T23:21:39.164371
TN 87 2430,865826046640860,63.0,13.22,162.44,03/09/2025 16:25:10,13.0195164,79.6863031,6863031,2025-09-04T23:21:39.164493
TN 87 2430,865826046640860,63.0,13.4,161.02,03/09/2025 16:25:01,13.0193829,79.6877527,6877527,2025-09-04T23:21:39.164632
TN 87 2430,865826046640860,63.0,13.57,160.41,03/09/2025 16:24:51,13.0195498,79.6893692,6893692,2025-09-04T23:21:39.164758
TN 87 2430,865826046640860,63.0,13.75,160.42,03/09/2025 16:24:41,13.0196499,79.6909999,6909999,2025-09-04T23:21:39.164885
TN 87 2430,865826046640860,61.0,13.92,159.1,03/09/2025 16:24:31,13.0197501,79.6926355,6926355,2025-09-04T23:21:39.165009
TN 87 2430,865826046640860,60.0,14.06,157.83,03/09/2025 16:24:21,13.0198168,79.6941852,6941852,2025-09-04T23:21:39.165132
TN 87 2430,865826046640860,56.0,14.21,156.47,03/09/2025 16:24:12,13.0197668,79.6955347,6955347,2025-09-04T23:21:39.165272
TN 87 2430,865826046640860,51.0,14.35,155.04,03/09/2025 16:24:02,13.0196499,79.6968984,6968984,2025-09-04T23:21:39.165420
TN 87 2430,865826046640860,43.0,14.45,156.45,03/09/2025 16:23:52,13.0195498,79.6981191,6981191,2025-09-04T23:21:39.165601
TN 87 2430,865826046640860,33.0,14.51,161.44,03/09/2025 16:23:42,13.0194664,79.6990823,6990823,2025-09-04T23:21:39.165798
TN 87 2430,865826046640860,17.0,14.55,161.22,03/09/2025 16:23:33,13.019433,79.6996688,6996688,2025-09-04T23:21:39.165947
TN 87 2430,865826046640860,0.0,14.55,161.16,03/09/2025 16:23:23,13.0193829,79.700036,7000360,2025-09-04T23:21:39.166093
TN 87 2430,865826046640860,29.0,14.65,160.92,03/09/2025 16:23:13,13.0193161,79.700365,7003650,2025-09-04T23:21:39.166240
TN 87 2430,865826046640860,50.0,14.83,160.78,03/09/2025 16:23:03,13.0192673,79.7012472,7012472,2025-09-04T23:21:39.166406
TN 87 2430,865826046640860,71.0,15.01,160.74,03/09/2025 16:22:53,13.0193328,79.7029018,7029018,2025-09-04T23:21:39.166538
TN 87 2430,865826046640860,70.0,15.2,161.29,03/09/2025 16:22:44,13.0194163,79.704566,7045660,2025-09-04T23:21:39.166675
TN 87 2430,865826046640860,68.0,15.39,161.73,03/09/2025 16:22:34,13.0195331,79.706335,7063350,2025-09-04T23:21:39.166804
TN 87 2430,865826046640860,68.0,15.58,162.0,03/09/2025 16:22:24,13.0195665,79.708085,7080850,2025-09-04T23:21:39.166947
TN 87 2430,865826046640860,68.0,15.76,162.0,03/09/2025 16:22:24,13.0195665,79.708085,7080850,2025-09-04T23:21:39.167089
TN 87 2430,865826046640860,63.0,15.91,162.33,03/09/2025 16:22:14,13.0196499,79.7097873,7097873,2025-09-04T23:21:39.167222
TN 87 2430,865826046640860,63.0,16.07,162.33,03/09/2025 16:22:14,13.0196499,79.7097873,7097873,2025-09-04T23:21:39.167375
TN 87 2430,865826046640860,61.0,16.75,160.16,03/09/2025 16:22:05,13.0196833,79.7112178,7112178,2025-09-04T23:21:39.167506
TN 87 2430,865826046640860,61.0,17.43,160.16,03/09/2025 16:22:05,13.0196833,79.7112178,7112178,2025-09-04T23:21:39.167632
TN 87 2430,865826046640860,15.0,17.5,162.23,03/09/2025 16:21:11,13.0193829,79.7174835,7174835,2025-09-04T23:21:39.167763
TN 87 2430,865826046640860,15.0,17.57,162.23,03/09/2025 16:21:11,13.0193829,79.7174835,7174835,2025-09-04T23:21:39.167894
TN 87 2430,865826046640860,48.0,17.71,155.85,03/09/2025 16:21:02,13.0193006,79.718132,7181320,2025-09-04T23:21:39.168026
TN 87 2430,865826046640860,48.0,17.84,155.85,03/09/2025 16:21:02,13.0193006,79.718132,7181320,2025-09-04T23:21:39.168170
TN 87 2430,865826046640860,44.0,17.95,159.87,03/09/2025 16:20:52,13.0191338,79.719367,7193670,2025-09-04T23:21:39.168292
TN 87 2430,865826046640860,44.0,18.06,159.87,03/09/2025 16:20:52,13.0191338,79.719367,7193670,2025-09-04T23:21:39.168396
TN 87 2430,865826046640860,33.0,18.13,160.12,03/09/2025 16:20:42,13.0190002,79.7203683,7203683,2025-09-04T23:21:39.168515
TN 87 2430,865826046640860,33.0,18.2,160.12,03/09/2025 16:20:42,13.0190002,79.7203683,7203683,2025-09-04T23:21:39.168640
TN 87 2430,865826046640860,18.0,18.25,159.77,03/09/2025 16:20:32,13.01885,79.7210168,7210168,2025-09-04T23:21:39.168755
TN 87 2430,865826046640860,18.0,18.3,159.77,03/09/2025 16:20:32,13.01885,79.7210168,7210168,2025-09-04T23:21:39.168892
TN 87 2430,865826046640860,34.0,18.43,159.65,03/09/2025 16:20:23,13.0187332,79.7214508,7214508,2025-09-04T23:21:39.169013
TN 87 2430,865826046640860,34.0,18.43,159.65,03/09/2025 16:20:23,13.0187332,79.7214508,7214508,2025-09-04T23:21:39.169126
TN 87 2430,865826046640860,48.0,18.56,156.07,03/09/2025 16:20:13,13.0183494,79.7226047,7226047,2025-09-04T23:21:39.169255
TN 87 2430,865826046640860,48.0,18.56,156.07,03/09/2025 16:20:13,13.0183494,79.7226047,7226047,2025-09-04T23:21:39.169358
TN 87 2430,865826046640860,41.0,18.66,156.77,03/09/2025 16:20:03,13.0179834,79.7237157,7237157,2025-09-04T23:21:39.169491
TN 87 2430,865826046640860,41.0,18.66,156.77,03/09/2025 16:20:03,13.0179834,79.7237157,7237157,2025-09-04T23:21:39.169616
TN 87 2430,865826046640860,30.0,18.76,157.39,03/09/2025 16:19:53,13.0176329,79.7246026,7246026,2025-09-04T23:21:39.169735
TN 87 2430,865826046640860,30.0,18.76,157.39,03/09/2025 16:19:53,13.0176329,79.7246026,7246026,2025-09-04T23:21:39.169872
TN 87 2430,865826046640860,41.0,18.87,163.25,03/09/2025 16:19:44,13.017317,79.7254323,7254323,2025-09-04T23:21:39.169996
TN 87 2430,865826046640860,41.0,18.87,163.25,03/09/2025 16:19:44,13.017317,79.7254323,7254323,2025-09-04T23:21:39.170118
TN 87 2430,865826046640860,34.0,18.95,164.2,03/09/2025 16:19:34,13.0171,79.726386,7263860,2025-09-04T23:21:39.170246
TN 87 2430,865826046640860,34.0,18.95,164.2,03/09/2025 16:19:34,13.0171,79.726386,7263860,2025-09-04T23:21:39.170387
TN 87 2430,865826046640860,13.0,18.97,165.23,03/09/2025 16:19:22,13.016833,79.727149,7271490,2025-09-04T23:21:39.170532
TN 87 2430,865826046640860,13.0,18.97,165.23,03/09/2025 16:19:22,13.016833,79.727149,7271490,2025-09-04T23:21:39.170705
TN 87 2430,865826046640860,0.0,18.97,165.19,03/09/2025 16:19:15,13.0167663,79.7272634,7272634,2025-09-04T23:21:39.170869
TN 87 2430,865826046640860,0.0,18.97,165.19,03/09/2025 16:19:15,13.0167663,79.7272634,7272634,2025-09-04T23:21:39.171045
TN 87 2430,865826046640860,25.0,19.05,165.02,03/09/2025 16:19:06,13.0166661,79.7274875,7274875,2025-09-04T23:21:39.171198
TN 87 2430,865826046640860,25.0,19.05,165.02,03/09/2025 16:19:06,13.0166661,79.7274875,7274875,2025-09-04T23:21:39.171399
TN 87 2430,865826046640860,26.0,19.12,165.17,03/09/2025 16:18:55,13.0164337,79.7282505,7282505,2025-09-04T23:21:39.171630
TN 87 2430,865826046640860,26.0,19.12,165.17,03/09/2025 16:18:55,13.0164337,79.7282505,7282505,2025-09-04T23:21:39.171823
TN 87 2430,865826046640860,23.0,19.21,164.34,03/09/2025 16:18:45,13.0163335,79.7288131,7288131,2025-09-04T23:21:39.171995
TN 87 2430,865826046640860,23.0,19.21,164.34,03/09/2025 16:18:45,13.0163335,79.7288131,7288131,2025-09-04T23:21:39.172206
TN 87 2430,865826046640860,21.0,19.24,162.96,03/09/2025 16:18:33,13.0161833,79.7296667,7296667,2025-09-04T23:21:39.172413
TN 87 2430,865826046640860,21.0,19.24,162.96,03/09/2025 16:18:33,13.0161833,79.7296667,7296667,2025-09-04T23:21:39.172624
TN 87 2430,865826046640860,14.0,19.31,162.82,03/09/2025 16:18:27,13.0161166,79.7299337,7299337,2025-09-04T23:21:39.172825
TN 87 2430,865826046640860,14.0,19.31,162.82,03/09/2025 16:18:27,13.0161166,79.7299337,7299337,2025-09-04T23:21:39.173024
TN 87 2430,865826046640860,30.0,19.39,163.86,03/09/2025 16:18:17,13.0159831,79.7305536,7305536,2025-09-04T23:21:39.173239
TN 87 2430,865826046640860,30.0,19.39,163.86,03/09/2025 16:18:17,13.0159831,79.7305536,7305536,2025-09-04T23:21:39.173417
TN 87 2430,865826046640860,15.0,19.44,164.27,03/09/2025 16:18:06,13.0158495,79.7313308,7313308,2025-09-04T23:21:39.173585
TN 87 2430,865826046640860,15.0,19.44,164.27,03/09/2025 16:18:06,13.0158495,79.7313308,7313308,2025-09-04T23:21:39.173747
TN 87 2430,865826046640860,22.0,19.5,164.49,03/09/2025 16:17:56,13.0158007,79.7317504,7317504,2025-09-04T23:21:39.173892
TN 87 2430,865826046640860,22.0,19.5,164.49,03/09/2025 16:17:56,13.0158007,79.7317504,7317504,2025-09-04T23:21:39.174008
TN 87 2430,865826046640860,0.0,19.5,164.66,03/09/2025 16:17:44,13.0157005,79.7323131,7323131,2025-09-04T23:21:39.174128
TN 87 2430,865826046640860,0.0,19.5,164.66,03/09/2025 16:17:44,13.0157005,79.7323131,7323131,2025-09-04T23:21:39.174270
TN 87 2430,865826046640860,0.0,19.5,164.69,03/09/2025 16:17:38,13.0156672,79.7323989,7323989,2025-09-04T23:21:39.174437
TN 87 2430,865826046640860,0.0,19.5,164.69,03/09/2025 16:17:38,13.0156672,79.7323989,7323989,2025-09-04T23:21:39.174588
TN 87 2430,865826046640860,12.0,19.56,164.95,03/09/2025 16:17:28,13.0156338,79.7324371,7324371,2025-09-04T23:21:39.174718
TN 87 2430,865826046640860,12.0,19.56,164.95,03/09/2025 16:17:28,13.0156338,79.7324371,7324371,2025-09-04T23:21:39.174856
TN 87 2430,865826046640860,15.0,19.61,165.05,03/09/2025 16:17:17,13.015567,79.7329854,7329854,2025-09-04T23:21:39.174980
TN 87 2430,865826046640860,15.0,19.61,165.05,03/09/2025 16:17:17,13.015567,79.7329854,7329854,2025-09-04T23:21:39.175108
TN 87 2430,865826046640860,25.0,19.68,165.21,03/09/2025 16:17:07,13.0155158,79.7334527,7334527,2025-09-04T23:21:39.175221
TN 87 2430,865826046640860,25.0,19.68,165.21,03/09/2025 16:17:07,13.0155158,79.7334527,7334527,2025-09-04T23:21:39.175392
TN 87 2430,865826046640860,15.0,19.71,165.31,03/09/2025 16:16:56,13.0154669,79.7340869,7340869,2025-09-04T23:21:39.175586
TN 87 2430,865826046640860,15.0,19.71,165.31,03/09/2025 16:16:56,13.0154669,79.7340869,7340869,2025-09-04T23:21:39.175763
TN 87 2430,865826046640860,10.0,19.73,165.43,03/09/2025 16:16:49,13.0154335,79.7343349,7343349,2025-09-04T23:21:39.175904
TN 87 2430,865826046640860,10.0,19.73,165.43,03/09/2025 16:16:49,13.0154335,79.7343349,7343349,2025-09-04T23:21:39.176049
TN 87 2430,865826046640860,0.0,19.73,165.36,03/09/2025 16:16:38,13.0154001,79.734497,7344970,2025-09-04T23:21:39.176175
TN 87 2430,865826046640860,0.0,19.73,165.36,03/09/2025 16:16:38,13.0154001,79.734497,7344970,2025-09-04T23:21:39.176295
TN 87 2430,865826046640860,0.0,19.73,165.34,03/09/2025 16:16:28,13.0152833,79.7345638,7345638,2025-09-04T23:21:39.176462
TN 87 2430,865826046640860,0.0,19.73,165.34,03/09/2025 16:16:28,13.0152833,79.7345638,7345638,2025-09-04T23:21:39.176636
TN 87 2430,865826046640860,0.0,19.73,165.12,03/09/2025 16:16:19,13.0152666,79.7345638,7345638,2025-09-04T23:21:39.176756
TN 87 2430,865826046640860,0.0,19.73,165.12,03/09/2025 16:16:19,13.0152666,79.7345638,7345638,2025-09-04T23:21:39.176884
TN 87 2430,865826046640860,0.0,19.73,165.09,03/09/2025 16:16:07,13.0151498,79.7345495,7345495,2025-09-04T23:21:39.177016
TN 87 2430,865826046640860,0.0,19.73,165.09,03/09/2025 16:16:07,13.0151498,79.7345495,7345495,2025-09-04T23:21:39.177159
TN 87 2430,865826046640860,0.0,19.73,164.84,03/09/2025 16:16:00,13.0151331,79.7345495,7345495,2025-09-04T23:21:39.177298
TN 87 2430,865826046640860,0.0,19.73,164.84,03/09/2025 16:16:00,13.0151331,79.7345495,7345495,2025-09-04T23:21:39.177406
TN 87 2430,865826046640860,27.0,19.82,164.76,03/09/2025 16:15:49,13.0147826,79.7346353,7346353,2025-09-04T23:21:39.177504
TN 87 2430,865826046640860,27.0,19.82,164.76,03/09/2025 16:15:49,13.0147826,79.7346353,7346353,2025-09-04T23:21:39.177620
TN 87 2430,865826046640860,37.0,19.94,164.5,03/09/2025 16:15:39,13.013966,79.734888,7348880,2025-09-04T23:21:39.177742
TN 87 2430,865826046640860,37.0,19.94,164.5,03/09/2025 16:15:39,13.013966,79.734888,7348880,2025-09-04T23:21:39.177864
TN 87 2430,865826046640860,41.0,20.06,164.29,03/09/2025 16:15:29,13.0129671,79.7350978,7350978,2025-09-04T23:21:39.177998
TN 87 2430,865826046640860,41.0,20.06,164.29,03/09/2025 16:15:29,13.0129671,79.7350978,7350978,2025-09-04T23:21:39.178104
TN 87 2430,865826046640860,34.0,20.1,164.23,03/09/2025 16:15:18,13.0119824,79.7355794,7355794,2025-09-04T23:21:39.178209
TN 87 2430,865826046640860,34.0,20.1,164.23,03/09/2025 16:15:18,13.0119824,79.7355794,7355794,2025-09-04T23:21:39.178329
TN 87 2430,865826046640860,22.0,20.15,164.0,03/09/2025 16:15:12,13.0116999,79.7358703,7358703,2025-09-04T23:21:39.178456
TN 87 2430,865826046640860,22.0,20.15,164.0,03/09/2025 16:15:12,13.0116999,79.7358703,7358703,2025-09-04T23:21:39.178575
TN 87 2430,865826046640860,35.0,20.31,163.96,03/09/2025 16:15:02,13.0114674,79.7362136,7362136,2025-09-04T23:21:39.178704
TN 87 2430,865826046640860,35.0,20.31,163.96,03/09/2025 16:15:02,13.0114674,79.7362136,7362136,2025-09-04T23:21:39.178821
TN 87 2430,865826046640860,55.0,20.45,162.63,03/09/2025 16:14:50,13.0107665,79.7375869,7375869,2025-09-04T23:21:39.178973
TN 87 2430,865826046640860,55.0,20.45,162.63,03/09/2025 16:14:50,13.0107665,79.7375869,7375869,2025-09-04T23:21:39.179132
TN 87 2430,865826046640860,54.0,20.6,161.69,03/09/2025 16:14:41,13.0104994,79.7387838,7387838,2025-09-04T23:21:39.179254
TN 87 2430,865826046640860,54.0,20.6,161.69,03/09/2025 16:14:41,13.0104994,79.7387838,7387838,2025-09-04T23:21:39.179374
TN 87 2430,865826046640860,60.0,20.77,161.08,03/09/2025 16:14:31,13.0102324,79.7401952,7401952,2025-09-04T23:21:39.179507
TN 87 2430,865826046640860,60.0,20.77,161.08,03/09/2025 16:14:31,13.0102324,79.7401952,7401952,2025-09-04T23:21:39.179636
TN 87 2430,865826046640860,56.0,20.92,160.63,03/09/2025 16:14:21,13.0097997,79.7416973,7416973,2025-09-04T23:21:39.179756
TN 87 2430,865826046640860,56.0,20.92,160.63,03/09/2025 16:14:21,13.0097997,79.7416973,7416973,2025-09-04T23:21:39.179887
TN 87 2430,865826046640860,56.0,20.92,160.63,03/09/2025 16:14:21,13.0097997,79.7416973,7416973,2025-09-04T23:21:39.180011
TN 87 2430,865826046640860,56.0,20.92,160.63,03/09/2025 16:14:21,13.0097997,79.7416973,7416973,2025-09-04T23:21:39.180116
TN 87 2430,865826046640860,56.0,20.92,160.63,03/09/2025 16:14:21,13.0097997,79.7416973,7416973,2025-09-04T23:21:39.180221
TN 87 2430,865826046640860,56.0,20.92,160.63,03/09/2025 16:14:21,13.0097997,79.7416973,7416973,2025-09-04T23:21:39.180357
TN 87 2430,865826046640860,56.0,20.92,160.63,03/09/2025 16:14:21,13.0097997,79.7416973,7416973,2025-09-04T23:21:39.180459
TN 87 2430,865826046640860,56.0,20.92,160.63,03/09/2025 16:14:21,13.0097997,79.7416973,7416973,2025-09-04T23:21:39.180633
TN 87 2430,865826046640860,56.0,20.92,160.63,03/09/2025 16:14:21,13.0097997,79.7416973,7416973,2025-09-04T23:21:39.180790
TN 87 2430,865826046640860,56.0,20.92,160.63,03/09/2025 16:14:21,13.0097997,79.7416973,7416973,2025-09-04T23:21:39.180963
TN 87 2430,865826046640860,56.0,20.92,160.63,03/09/2025 16:14:21,13.0097997,79.7416973,7416973,2025-09-04T23:21:39.181135
TN 87 2430,865826046640860,56.0,20.92,160.63,03/09/2025 16:14:21,13.0097997,79.7416973,7416973,2025-09-04T23:21:39.181260
TN 87 2430,865826046640860,56.0,20.92,160.63,03/09/2025 16:14:21,13.0097997,79.7416973,7416973,2025-09-04T23:21:39.181426
TN 87 2430,865826046640860,56.0,20.92,160.63,03/09/2025 16:14:21,13.0097997,79.7416973,7416973,2025-09-04T23:21:39.181627
TN 87 2430,865826046640860,56.0,20.92,160.63,03/09/2025 16:14:21,13.0097997,79.7416973,7416973,2025-09-04T23:21:39.181798
TN 87 2430,865826046640860,56.0,20.92,160.63,03/09/2025 16:14:21,13.0097997,79.7416973,7416973,2025-09-04T23:21:39.182010
TN 87 2430,865826046640860,56.0,20.92,160.63,03/09/2025 16:14:21,13.0097997,79.7416973,7416973,2025-09-04T23:21:39.182207
TN 87 2430,865826046640860,56.0,20.92,160.63,03/09/2025 16:14:21,13.0097997,79.7416973,7416973,2025-09-04T23:21:39.182394
TN 87 2430,865826046640860,56.0,20.92,160.63,03/09/2025 16:14:21,13.0097997,79.7416973,7416973,2025-09-04T23:21:39.182526
TN 87 2430,865826046640860,56.0,20.92,160.63,03/09/2025 16:14:21,13.0097997,79.7416973,7416973,2025-09-04T23:21:39.182644
TN 87 2430,865826046640860,56.0,20.92,160.63,03/09/2025 16:14:21,13.0097997,79.7416973,7416973,2025-09-04T23:21:39.182784
TN 87 2430,865826046640860,56.0,20.92,160.63,03/09/2025 16:14:21,13.0097997,79.7416973,7416973,2025-09-04T23:21:39.182906
TN 87 2430,865826046640860,56.0,20.92,160.63,03/09/2025 16:14:21,13.0097997,79.7416973,7416973,2025-09-04T23:21:39.183016
TN 87 2430,865826046640860,56.0,20.92,160.63,03/09/2025 16:14:21,13.0097997,79.7416973,7416973,2025-09-04T23:21:39.183150
TN 87 2430,865826046640860,56.0,20.92,160.63,03/09/2025 16:14:21,13.0097997,79.7416973,7416973,2025-09-04T23:21:39.183286
TN 87 2430,865826046640860,56.0,20.92,160.63,03/09/2025 16:14:21,13.0097997,79.7416973,7416973,2025-09-04T23:21:39.183430
TN 87 2430,865826046640860,56.0,20.92,160.63,03/09/2025 16:14:21,13.0097997,79.7416973,7416973,2025-09-04T23:21:39.183563
TN 87 2430,865826046640860,56.0,20.92,160.63,03/09/2025 16:14:21,13.0097997,79.7416973,7416973,2025-09-04T23:21:39.183685
TN 87 2430,865826046640860,56.0,20.92,160.63,03/09/2025 16:14:21,13.0097997,79.7416973,7416973,2025-09-04T23:21:39.183804
TN 87 2430,865826046640860,56.0,20.92,160.63,03/09/2025 16:14:21,13.0097997,79.7416973,7416973,2025-09-04T23:21:39.183911
TN 87 2430,865826046640860,56.0,20.92,160.63,03/09/2025 16:14:21,13.0097997,79.7416973,7416973,2025-09-04T23:21:39.184038
TN 87 2430,865826046640860,56.0,20.92,160.63,03/09/2025 16:14:21,13.0097997,79.7416973,7416973,2025-09-04T23:21:39.184157
TN 87 2430,865826046640860,56.0,20.92,160.63,03/09/2025 16:14:21,13.0097997,79.7416973,7416973,2025-09-04T23:21:39.184291
TN 87 2430,865826046640860,61.0,21.09,160.54,03/09/2025 16:14:12,13.0094993,79.7429943,7429943,2025-09-04T23:21:39.184443
TN 87 2430,865826046640860,61.0,21.09,160.54,03/09/2025 16:14:12,13.0094993,79.7429943,7429943,2025-09-04T23:21:39.184579
TN 87 2430,865826046640860,61.0,21.09,160.54,03/09/2025 16:14:12,13.0094993,79.7429943,7429943,2025-09-04T23:21:39.184801
TN 87 2430,865826046640860,61.0,21.09,160.54,03/09/2025 16:14:12,13.0094993,79.7429943,7429943,2025-09-04T23:21:39.184969
TN 87 2430,865826046640860,61.0,21.09,160.54,03/09/2025 16:14:12,13.0094993,79.7429943,7429943,2025-09-04T23:21:39.185109
TN 87 2430,865826046640860,61.0,21.09,160.54,03/09/2025 16:14:12,13.0094993,79.7429943,7429943,2025-09-04T23:21:39.185279
TN 87 2430,865826046640860,61.0,21.09,160.54,03/09/2025 16:14:12,13.0094993,79.7429943,7429943,2025-09-04T23:21:39.185476
TN 87 2430,865826046640860,61.0,21.09,160.54,03/09/2025 16:14:12,13.0094993,79.7429943,7429943,2025-09-04T23:21:39.185689
TN 87 2430,865826046640860,61.0,21.09,160.54,03/09/2025 16:14:12,13.0094993,79.7429943,7429943,2025-09-04T23:21:39.185896
TN 87 2430,865826046640860,61.0,21.09,160.54,03/09/2025 16:14:12,13.0094993,79.7429943,7429943,2025-09-04T23:21:39.186131
TN 87 2430,865826046640860,61.0,21.09,160.54,03/09/2025 16:14:12,13.0094993,79.7429943,7429943,2025-09-04T23:21:39.186320
TN 87 2430,865826046640860,61.0,21.09,160.54,03/09/2025 16:14:12,13.0094993,79.7429943,7429943,2025-09-04T23:21:39.186527
TN 87 2430,865826046640860,61.0,21.09,160.54,03/09/2025 16:14:12,13.0094993,79.7429943,7429943,2025-09-04T23:21:39.186688
TN 87 2430,865826046640860,61.0,21.09,160.54,03/09/2025 16:14:12,13.0094993,79.7429943,7429943,2025-09-04T23:21:39.186814
TN 87 2430,865826046640860,61.0,21.09,160.54,03/09/2025 16:14:12,13.0094993,79.7429943,7429943,2025-09-04T23:21:39.186941
TN 87 2430,865826046640860,61.0,21.09,160.54,03/09/2025 16:14:12,13.0094993,79.7429943,7429943,2025-09-04T23:21:39.187084
TN 87 2430,865826046640860,61.0,21.09,160.54,03/09/2025 16:14:12,13.0094993,79.7429943,7429943,2025-09-04T23:21:39.187218
TN 87 2430,865826046640860,61.0,21.09,160.54,03/09/2025 16:14:12,13.0094993,79.7429943,7429943,2025-09-04T23:21:39.187334
TN 87 2430,865826046640860,61.0,21.09,160.54,03/09/2025 16:14:12,13.0094993,79.7429943,7429943,2025-09-04T23:21:39.187447
TN 87 2430,865826046640860,61.0,21.09,160.54,03/09/2025 16:14:12,13.0094993,79.7429943,7429943,2025-09-04T23:21:39.187571
TN 87 2430,865826046640860,61.0,21.09,160.54,03/09/2025 16:14:12,13.0094993,79.7429943,7429943,2025-09-04T23:21:39.187710
TN 87 2430,865826046640860,61.0,21.09,160.54,03/09/2025 16:14:12,13.0094993,79.7429943,7429943,2025-09-04T23:21:39.187842
TN 87 2430,865826046640860,61.0,21.09,160.54,03/09/2025 16:14:12,13.0094993,79.7429943,7429943,2025-09-04T23:21:39.187993
TN 87 2430,865826046640860,61.0,21.09,160.54,03/09/2025 16:14:12,13.0094993,79.7429943,7429943,2025-09-04T23:21:39.188134
TN 87 2430,865826046640860,61.0,21.09,160.54,03/09/2025 16:14:12,13.0094993,79.7429943,7429943,2025-09-04T23:21:39.188273
TN 87 2430,865826046640860,61.0,21.09,160.54,03/09/2025 16:14:12,13.0094993,79.7429943,7429943,2025-09-04T23:21:39.188398
TN 87 2430,865826046640860,61.0,21.09,160.54,03/09/2025 16:14:12,13.0094993,79.7429943,7429943,2025-09-04T23:21:39.188524
TN 87 2430,865826046640860,61.0,21.09,160.54,03/09/2025 16:14:12,13.0094993,79.7429943,7429943,2025-09-04T23:21:39.188654
TN 87 2430,865826046640860,61.0,21.09,160.54,03/09/2025 16:14:12,13.0094993,79.7429943,7429943,2025-09-04T23:21:39.188771
TN 87 2430,865826046640860,61.0,21.26,160.31,03/09/2025 16:14:02,13.0093002,79.7446155,7446155,2025-09-04T23:21:39.188896
TN 87 2430,865826046640860,61.0,21.26,160.31,03/09/2025 16:14:02,13.0093002,79.7446155,7446155,2025-09-04T23:21:39.189003
TN 87 2430,865826046640860,61.0,21.26,160.31,03/09/2025 16:14:02,13.0093002,79.7446155,7446155,2025-09-04T23:21:39.189112
TN 87 2430,865826046640860,61.0,21.26,160.31,03/09/2025 16:14:02,13.0093002,79.7446155,7446155,2025-09-04T23:21:39.189242
TN 87 2430,865826046640860,61.0,21.26,160.31,03/09/2025 16:14:02,13.0093002,79.7446155,7446155,2025-09-04T23:21:39.189358
TN 87 2430,865826046640860,61.0,21.26,160.31,03/09/2025 16:14:02,13.0093002,79.7446155,7446155,2025-09-04T23:21:39.189486
TN 87 2430,865826046640860,61.0,21.26,160.31,03/09/2025 16:14:02,13.0093002,79.7446155,7446155,2025-09-04T23:21:39.189647
TN 87 2430,865826046640860,61.0,21.26,160.31,03/09/2025 16:14:02,13.0093002,79.7446155,7446155,2025-09-04T23:21:39.189783
TN 87 2430,865826046640860,61.0,21.26,160.31,03/09/2025 16:14:02,13.0093002,79.7446155,7446155,2025-09-04T23:21:39.189924
TN 87 2430,865826046640860,61.0,21.26,160.31,03/09/2025 16:14:02,13.0093002,79.7446155,7446155,2025-09-04T23:21:39.190062
TN 87 2430,865826046640860,61.0,21.26,160.31,03/09/2025 16:14:02,13.0093002,79.7446155,7446155,2025-09-04T23:21:39.190173
TN 87 2430,865826046640860,61.0,21.26,160.31,03/09/2025 16:14:02,13.0093002,79.7446155,7446155,2025-09-04T23:21:39.190300
TN 87 2430,865826046640860,61.0,21.26,160.31,03/09/2025 16:14:02,13.0093002,79.7446155,7446155,2025-09-04T23:21:39.190440
TN 87 2430,865826046640860,61.0,21.26,160.31,03/09/2025 16:14:02,13.0093002,79.7446155,7446155,2025-09-04T23:21:39.190646
TN 87 2430,865826046640860,61.0,21.26,160.31,03/09/2025 16:14:02,13.0093002,79.7446155,7446155,2025-09-04T23:21:39.190805
TN 87 2430,865826046640860,61.0,21.26,160.31,03/09/2025 16:14:02,13.0093002,79.7446155,7446155,2025-09-04T23:21:39.190995
TN 87 2430,865826046640860,61.0,21.26,160.31,03/09/2025 16:14:02,13.0093002,79.7446155,7446155,2025-09-04T23:21:39.191176
TN 87 2430,865826046640860,61.0,21.26,160.31,03/09/2025 16:14:02,13.0093002,79.7446155,7446155,2025-09-04T23:21:39.191377
TN 87 2430,865826046640860,61.0,21.26,160.31,03/09/2025 16:14:02,13.0093002,79.7446155,7446155,2025-09-04T23:21:39.191577
TN 87 2430,865826046640860,61.0,21.26,160.31,03/09/2025 16:14:02,13.0093002,79.7446155,7446155,2025-09-04T23:21:39.191763
TN 87 2430,865826046640860,61.0,21.26,160.31,03/09/2025 16:14:02,13.0093002,79.7446155,7446155,2025-09-04T23:21:39.191968
TN 87 2430,865826046640860,61.0,21.26,160.31,03/09/2025 16:14:02,13.0093002,79.7446155,7446155,2025-09-04T23:21:39.192144
TN 87 2430,865826046640860,61.0,21.26,160.31,03/09/2025 16:14:02,13.0093002,79.7446155,7446155,2025-09-04T23:21:39.192275
TN 87 2430,865826046640860,61.0,21.26,160.31,03/09/2025 16:14:02,13.0093002,79.7446155,7446155,2025-09-04T23:21:39.192395
TN 87 2430,865826046640860,61.0,21.26,160.31,03/09/2025 16:14:02,13.0093002,79.7446155,7446155,2025-09-04T23:21:39.192555
TN 87 2430,865826046640860,61.0,21.26,160.31,03/09/2025 16:14:02,13.0093002,79.7446155,7446155,2025-09-04T23:21:39.192738
TN 87 2430,865826046640860,61.0,21.26,160.31,03/09/2025 16:14:02,13.0093002,79.7446155,7446155,2025-09-04T23:21:39.192889
TN 87 2430,865826046640860,61.0,21.26,160.31,03/09/2025 16:14:02,13.0093002,79.7446155,7446155,2025-09-04T23:21:39.193055
TN 87 2430,865826046640860,61.0,21.26,160.31,03/09/2025 16:14:02,13.0093002,79.7446155,7446155,2025-09-04T23:21:39.193242
TN 87 2430,865826046640860,60.0,21.42,160.02,03/09/2025 16:13:52,13.0093336,79.7461843,7461843,2025-09-04T23:21:39.193399
TN 87 2430,865826046640860,60.0,21.42,160.02,03/09/2025 16:13:52,13.0093336,79.7461843,7461843,2025-09-04T23:21:39.193545
TN 87 2430,865826046640860,60.0,21.42,160.02,03/09/2025 16:13:52,13.0093336,79.7461843,7461843,2025-09-04T23:21:39.193693
TN 87 2430,865826046640860,60.0,21.42,160.02,03/09/2025 16:13:52,13.0093336,79.7461843,7461843,2025-09-04T23:21:39.193868
TN 87 2430,865826046640860,60.0,21.42,160.02,03/09/2025 16:13:52,13.0093336,79.7461843,7461843,2025-09-04T23:21:39.193999
TN 87 2430,865826046640860,60.0,21.42,160.02,03/09/2025 16:13:52,13.0093336,79.7461843,7461843,2025-09-04T23:21:39.194155
TN 87 2430,865826046640860,60.0,21.42,160.02,03/09/2025 16:13:52,13.0093336,79.7461843,7461843,2025-09-04T23:21:39.194286
TN 87 2430,865826046640860,60.0,21.42,160.02,03/09/2025 16:13:52,13.0093336,79.7461843,7461843,2025-09-04T23:21:39.194443
TN 87 2430,865826046640860,60.0,21.42,160.02,03/09/2025 16:13:52,13.0093336,79.7461843,7461843,2025-09-04T23:21:39.194589
TN 87 2430,865826046640860,60.0,21.42,160.02,03/09/2025 16:13:52,13.0093336,79.7461843,7461843,2025-09-04T23:21:39.194726
TN 87 2430,865826046640860,60.0,21.42,160.02,03/09/2025 16:13:52,13.0093336,79.7461843,7461843,2025-09-04T23:21:39.194993
TN 87 2430,865826046640860,60.0,21.42,160.02,03/09/2025 16:13:52,13.0093336,79.7461843,7461843,2025-09-04T23:21:39.195125
TN 87 2430,865826046640860,60.0,21.42,160.02,03/09/2025 16:13:52,13.0093336,79.7461843,7461843,2025-09-04T23:21:39.195245
TN 87 2430,865826046640860,60.0,21.42,160.02,03/09/2025 16:13:52,13.0093336,79.7461843,7461843,2025-09-04T23:21:39.195376
TN 87 2430,865826046640860,60.0,21.42,160.02,03/09/2025 16:13:52,13.0093336,79.7461843,7461843,2025-09-04T23:21:39.195523
TN 87 2430,865826046640860,60.0,21.42,160.02,03/09/2025 16:13:52,13.0093336,79.7461843,7461843,2025-09-04T23:21:39.195705
TN 87 2430,865826046640860,60.0,21.42,160.02,03/09/2025 16:13:52,13.0093336,79.7461843,7461843,2025-09-04T23:21:39.195817
TN 87 2430,865826046640860,60.0,21.42,160.02,03/09/2025 16:13:52,13.0093336,79.7461843,7461843,2025-09-04T23:21:39.195941
TN 87 2430,865826046640860,60.0,21.42,160.02,03/09/2025 16:13:52,13.0093336,79.7461843,7461843,2025-09-04T23:21:39.196100
TN 87 2430,865826046640860,60.0,21.42,160.02,03/09/2025 16:13:52,13.0093336,79.7461843,7461843,2025-09-04T23:21:39.196258
TN 87 2430,865826046640860,60.0,21.42,160.02,03/09/2025 16:13:52,13.0093336,79.7461843,7461843,2025-09-04T23:21:39.196380
TN 87 2430,865826046640860,60.0,21.42,160.02,03/09/2025 16:13:52,13.0093336,79.7461843,7461843,2025-09-04T23:21:39.196510
TN 87 2430,865826046640860,60.0,21.42,160.02,03/09/2025 16:13:52,13.0093336,79.7461843,7461843,2025-09-04T23:21:39.196649
TN 87 2430,865826046640860,60.0,21.42,160.02,03/09/2025 16:13:52,13.0093336,79.7461843,7461843,2025-09-04T23:21:39.196771
TN 87 2430,865826046640860,60.0,21.42,160.02,03/09/2025 16:13:52,13.0093336,79.7461843,7461843,2025-09-04T23:21:39.196871
TN 87 2430,865826046640860,60.0,21.42,160.02,03/09/2025 16:13:52,13.0093336,79.7461843,7461843,2025-09-04T23:21:39.196994
TN 87 2430,865826046640860,60.0,21.42,160.02,03/09/2025 16:13:52,13.0093336,79.7461843,7461843,2025-09-04T23:21:39.197123
TN 87 2430,865826046640860,60.0,21.42,160.02,03/09/2025 16:13:52,13.0093336,79.7461843,7461843,2025-09-04T23:21:39.197246
TN 87 2430,865826046640860,60.0,21.42,160.02,03/09/2025 16:13:52,13.0093336,79.7461843,7461843,2025-09-04T23:21:39.197353
TN 87 2430,865826046640860,60.0,21.42,160.02,03/09/2025 16:13:52,13.0093336,79.7461843,7461843,2025-09-04T23:21:39.197468
TN 87 2430,865826046640860,60.0,21.42,160.02,03/09/2025 16:13:52,13.0093336,79.7461843,7461843,2025-09-04T23:21:39.197632
TN 87 2430,865826046640860,62.0,21.59,159.8,03/09/2025 16:13:42,13.0089497,79.7475528,7475528,2025-09-04T23:21:39.197761
TN 87 2430,865826046640860,62.0,21.59,159.8,03/09/2025 16:13:42,13.0089497,79.7475528,7475528,2025-09-04T23:21:39.197855
TN 87 2430,865826046640860,62.0,21.59,159.8,03/09/2025 16:13:42,13.0089497,79.7475528,7475528,2025-09-04T23:21:39.197989
TN 87 2430,865826046640860,62.0,21.59,159.8,03/09/2025 16:13:42,13.0089497,79.7475528,7475528,2025-09-04T23:21:39.198209
TN 87 2430,865826046640860,62.0,21.59,159.8,03/09/2025 16:13:42,13.0089497,79.7475528,7475528,2025-09-04T23:21:39.198397
TN 87 2430,865826046640860,62.0,21.59,159.8,03/09/2025 16:13:42,13.0089497,79.7475528,7475528,2025-09-04T23:21:39.198570
TN 87 2430,865826046640860,62.0,21.59,159.8,03/09/2025 16:13:42,13.0089497,79.7475528,7475528,2025-09-04T23:21:39.198759
TN 87 2430,865826046640860,62.0,21.59,159.8,03/09/2025 16:13:42,13.0089497,79.7475528,7475528,2025-09-04T23:21:39.198899
TN 87 2430,865826046640860,62.0,21.59,159.8,03/09/2025 16:13:42,13.0089497,79.7475528,7475528,2025-09-04T23:21:39.199063
TN 87 2430,865826046640860,62.0,21.59,159.8,03/09/2025 16:13:42,13.0089497,79.7475528,7475528,2025-09-04T23:21:39.199279
TN 87 2430,865826046640860,62.0,21.59,159.8,03/09/2025 16:13:42,13.0089497,79.7475528,7475528,2025-09-04T23:21:39.199477
TN 87 2430,865826046640860,62.0,21.59,159.8,03/09/2025 16:13:42,13.0089497,79.7475528,7475528,2025-09-04T23:21:39.199664
TN 87 2430,865826046640860,62.0,21.59,159.8,03/09/2025 16:13:42,13.0089497,79.7475528,7475528,2025-09-04T23:21:39.199858
TN 87 2430,865826046640860,62.0,21.59,159.8,03/09/2025 16:13:42,13.0089497,79.7475528,7475528,2025-09-04T23:21:39.200021
TN 87 2430,865826046640860,62.0,21.59,159.8,03/09/2025 16:13:42,13.0089497,79.7475528,7475528,2025-09-04T23:21:39.200163
TN 87 2430,865826046640860,62.0,21.59,159.8,03/09/2025 16:13:42,13.0089497,79.7475528,7475528,2025-09-04T23:21:39.200290
TN 87 2430,865826046640860,62.0,21.59,159.8,03/09/2025 16:13:42,13.0089497,79.7475528,7475528,2025-09-04T23:21:39.200422
TN 87 2430,865826046640860,62.0,21.59,159.8,03/09/2025 16:13:42,13.0089497,79.7475528,7475528,2025-09-04T23:21:39.200585
TN 87 2430,865826046640860,62.0,21.59,159.8,03/09/2025 16:13:42,13.0089497,79.7475528,7475528,2025-09-04T23:21:39.200770
TN 87 2430,865826046640860,62.0,21.59,159.8,03/09/2025 16:13:42,13.0089497,79.7475528,7475528,2025-09-04T23:21:39.200953
TN 87 2430,865826046640860,62.0,21.59,159.8,03/09/2025 16:13:42,13.0089497,79.7475528,7475528,2025-09-04T23:21:39.201156
TN 87 2430,865826046640860,62.0,21.59,159.8,03/09/2025 16:13:42,13.0089497,79.7475528,7475528,2025-09-04T23:21:39.201343
TN 87 2430,865826046640860,62.0,21.59,159.8,03/09/2025 16:13:42,13.0089497,79.7475528,7475528,2025-09-04T23:21:39.201499
TN 87 2430,865826046640860,62.0,21.59,159.8,03/09/2025 16:13:42,13.0089497,79.7475528,7475528,2025-09-04T23:21:39.201658
TN 87 2430,865826046640860,62.0,21.59,159.8,03/09/2025 16:13:42,13.0089497,79.7475528,7475528,2025-09-04T23:21:39.201814
TN 87 2430,865826046640860,62.0,21.59,159.8,03/09/2025 16:13:42,13.0089497,79.7475528,7475528,2025-09-04T23:21:39.201988
TN 87 2430,865826046640860,62.0,21.59,159.8,03/09/2025 16:13:42,13.0089497,79.7475528,7475528,2025-09-04T23:21:39.202135
TN 87 2430,865826046640860,62.0,21.59,159.8,03/09/2025 16:13:42,13.0089497,79.7475528,7475528,2025-09-04T23:21:39.202292
TN 87 2430,865826046640860,62.0,21.59,159.8,03/09/2025 16:13:42,13.0089497,79.7475528,7475528,2025-09-04T23:21:39.202439
TN 87 2430,865826046640860,62.0,21.59,159.8,03/09/2025 16:13:42,13.0089497,79.7475528,7475528,2025-09-04T23:21:39.202581
TN 87 2430,865826046640860,62.0,21.59,159.8,03/09/2025 16:13:42,13.0089497,79.7475528,7475528,2025-09-04T23:21:39.202713
TN 87 2430,865826046640860,60.0,21.74,157.93,03/09/2025 16:13:32,13.0082499,79.7490167,7490167,2025-09-04T23:21:39.202846
TN 87 2430,865826046640860,60.0,21.74,157.93,03/09/2025 16:13:32,13.0082499,79.7490167,7490167,2025-09-04T23:21:39.202979
TN 87 2430,865826046640860,60.0,21.74,157.93,03/09/2025 16:13:32,13.0082499,79.7490167,7490167,2025-09-04T23:21:39.203146
TN 87 2430,865826046640860,60.0,21.74,157.93,03/09/2025 16:13:32,13.0082499,79.7490167,7490167,2025-09-04T23:21:39.203318
TN 87 2430,865826046640860,60.0,21.74,157.93,03/09/2025 16:13:32,13.0082499,79.7490167,7490167,2025-09-04T23:21:39.203468
TN 87 2430,865826046640860,60.0,21.74,157.93,03/09/2025 16:13:32,13.0082499,79.7490167,7490167,2025-09-04T23:21:39.203604
TN 87 2430,865826046640860,60.0,21.74,157.93,03/09/2025 16:13:32,13.0082499,79.7490167,7490167,2025-09-04T23:21:39.203755
TN 87 2430,865826046640860,60.0,21.74,157.93,03/09/2025 16:13:32,13.0082499,79.7490167,7490167,2025-09-04T23:21:39.203904
TN 87 2430,865826046640860,60.0,21.74,157.93,03/09/2025 16:13:32,13.0082499,79.7490167,7490167,2025-09-04T23:21:39.204053
TN 87 2430,865826046640860,60.0,21.74,157.93,03/09/2025 16:13:32,13.0082499,79.7490167,7490167,2025-09-04T23:21:39.204187
TN 87 2430,865826046640860,60.0,21.74,157.93,03/09/2025 16:13:32,13.0082499,79.7490167,7490167,2025-09-04T23:21:39.204297
TN 87 2430,865826046640860,60.0,21.74,157.93,03/09/2025 16:13:32,13.0082499,79.7490167,7490167,2025-09-04T23:21:39.204439
TN 87 2430,865826046640860,60.0,21.74,157.93,03/09/2025 16:13:32,13.0082499,79.7490167,7490167,2025-09-04T23:21:39.204595
TN 87 2430,865826046640860,60.0,21.74,157.93,03/09/2025 16:13:32,13.0082499,79.7490167,7490167,2025-09-04T23:21:39.204756
TN 87 2430,865826046640860,60.0,21.74,157.93,03/09/2025 16:13:32,13.0082499,79.7490167,7490167,2025-09-04T23:21:39.204905
TN 87 2430,865826046640860,60.0,21.74,157.93,03/09/2025 16:13:32,13.0082499,79.7490167,7490167,2025-09-04T23:21:39.205069
TN 87 2430,865826046640860,60.0,21.74,157.93,03/09/2025 16:13:32,13.0082499,79.7490167,7490167,2025-09-04T23:21:39.205215
TN 87 2430,865826046640860,60.0,21.74,157.93,03/09/2025 16:13:32,13.0082499,79.7490167,7490167,2025-09-04T23:21:39.205351
TN 87 2430,865826046640860,60.0,21.74,157.93,03/09/2025 16:13:32,13.0082499,79.7490167,7490167,2025-09-04T23:21:39.205496
TN 87 2430,865826046640860,60.0,21.74,157.93,03/09/2025 16:13:32,13.0082499,79.7490167,7490167,2025-09-04T23:21:39.205706
TN 87 2430,865826046640860,60.0,21.74,157.93,03/09/2025 16:13:32,13.0082499,79.7490167,7490167,2025-09-04T23:21:39.205874
TN 87 2430,865826046640860,60.0,21.74,157.93,03/09/2025 16:13:32,13.0082499,79.7490167,7490167,2025-09-04T23:21:39.206043
TN 87 2430,865826046640860,60.0,21.74,157.93,03/09/2025 16:13:32,13.0082499,79.7490167,7490167,2025-09-04T23:21:39.206213
TN 87 2430,865826046640860,60.0,21.74,157.93,03/09/2025 16:13:32,13.0082499,79.7490167,7490167,2025-09-04T23:21:39.206356
TN 87 2430,865826046640860,60.0,21.74,157.93,03/09/2025 16:13:32,13.0082499,79.7490167,7490167,2025-09-04T23:21:39.206503
TN 87 2430,865826046640860,60.0,21.74,157.93,03/09/2025 16:13:32,13.0082499,79.7490167,7490167,2025-09-04T23:21:39.206653
TN 87 2430,865826046640860,60.0,21.74,157.93,03/09/2025 16:13:32,13.0082499,79.7490167,7490167,2025-09-04T23:21:39.206807
TN 87 2430,865826046640860,60.0,21.74,157.93,03/09/2025 16:13:32,13.0082499,79.7490167,7490167,2025-09-04T23:21:39.206942
TN 87 2430,865826046640860,60.0,21.74,157.93,03/09/2025 16:13:32,13.0082499,79.7490167,7490167,2025-09-04T23:21:39.207059
TN 87 2430,865826046640860,60.0,21.74,157.93,03/09/2025 16:13:32,13.0082499,79.7490167,7490167,2025-09-04T23:21:39.207176
TN 87 2430,865826046640860,60.0,21.74,157.93,03/09/2025 16:13:32,13.0082499,79.7490167,7490167,2025-09-04T23:21:39.207315
TN 87 2430,865826046640860,63.0,21.92,157.64,03/09/2025 16:13:23,13.0079674,79.7503376,7503376,2025-09-04T23:21:39.207451
TN 87 2430,865826046640860,63.0,21.92,157.64,03/09/2025 16:13:23,13.0079674,79.7503376,7503376,2025-09-04T23:21:39.207581
TN 87 2430,865826046640860,63.0,21.92,157.64,03/09/2025 16:13:23,13.0079674,79.7503376,7503376,2025-09-04T23:21:39.207713
TN 87 2430,865826046640860,63.0,21.92,157.64,03/09/2025 16:13:23,13.0079674,79.7503376,7503376,2025-09-04T23:21:39.207843
TN 87 2430,865826046640860,63.0,21.92,157.64,03/09/2025 16:13:23,13.0079674,79.7503376,7503376,2025-09-04T23:21:39.207968
TN 87 2430,865826046640860,63.0,21.92,157.64,03/09/2025 16:13:23,13.0079674,79.7503376,7503376,2025-09-04T23:21:39.208114
TN 87 2430,865826046640860,63.0,21.92,157.64,03/09/2025 16:13:23,13.0079674,79.7503376,7503376,2025-09-04T23:21:39.208243
TN 87 2430,865826046640860,63.0,21.92,157.64,03/09/2025 16:13:23,13.0079674,79.7503376,7503376,2025-09-04T23:21:39.208368
TN 87 2430,865826046640860,63.0,21.92,157.64,03/09/2025 16:13:23,13.0079674,79.7503376,7503376,2025-09-04T23:21:39.208491
TN 87 2430,865826046640860,63.0,21.92,157.64,03/09/2025 16:13:23,13.0079674,79.7503376,7503376,2025-09-04T23:21:39.208615
TN 87 2430,865826046640860,63.0,21.92,157.64,03/09/2025 16:13:23,13.0079674,79.7503376,7503376,2025-09-04T23:21:39.208741
TN 87 2430,865826046640860,63.0,21.92,157.64,03/09/2025 16:13:23,13.0079674,79.7503376,7503376,2025-09-04T23:21:39.208872
TN 87 2430,865826046640860,63.0,21.92,157.64,03/09/2025 16:13:23,13.0079674,79.7503376,7503376,2025-09-04T23:21:39.208998
TN 87 2430,865826046640860,63.0,21.92,157.64,03/09/2025 16:13:23,13.0079674,79.7503376,7503376,2025-09-04T23:21:39.209121
TN 87 2430,865826046640860,63.0,21.92,157.64,03/09/2025 16:13:23,13.0079674,79.7503376,7503376,2025-09-04T23:21:39.209252
TN 87 2430,865826046640860,63.0,21.92,157.64,03/09/2025 16:13:23,13.0079674,79.7503376,7503376,2025-09-04T23:21:39.209388
TN 87 2430,865826046640860,63.0,21.92,157.64,03/09/2025 16:13:23,13.0079674,79.7503376,7503376,2025-09-04T23:21:39.209525
TN 87 2430,865826046640860,63.0,21.92,157.64,03/09/2025 16:13:23,13.0079674,79.7503376,7503376,2025-09-04T23:21:39.209651
TN 87 2430,865826046640860,63.0,21.92,157.64,03/09/2025 16:13:23,13.0079674,79.7503376,7503376,2025-09-04T23:21:39.209774
TN 87 2430,865826046640860,59.0,22.08,157.58,03/09/2025 16:13:13,13.0080342,79.7519969,7519969,2025-09-04T23:21:39.209901
TN 87 2430,865826046640860,59.0,22.08,157.58,03/09/2025 16:13:13,13.0080342,79.7519969,7519969,2025-09-04T23:21:39.210026
TN 87 2430,865826046640860,59.0,22.08,157.58,03/09/2025 16:13:13,13.0080342,79.7519969,7519969,2025-09-04T23:21:39.210149
TN 87 2430,865826046640860,59.0,22.08,157.58,03/09/2025 16:13:13,13.0080342,79.7519969,7519969,2025-09-04T23:21:39.210271
TN 87 2430,865826046640860,59.0,22.08,157.58,03/09/2025 16:13:13,13.0080342,79.7519969,7519969,2025-09-04T23:21:39.210399
TN 87 2430,865826046640860,59.0,22.08,157.58,03/09/2025 16:13:13,13.0080342,79.7519969,7519969,2025-09-04T23:21:39.210557
TN 87 2430,865826046640860,59.0,22.08,157.58,03/09/2025 16:13:13,13.0080342,79.7519969,7519969,2025-09-04T23:21:39.210721
TN 87 2430,865826046640860,59.0,22.08,157.58,03/09/2025 16:13:13,13.0080342,79.7519969,7519969,2025-09-04T23:21:39.210845
TN 87 2430,865826046640860,59.0,22.08,157.58,03/09/2025 16:13:13,13.0080342,79.7519969,7519969,2025-09-04T23:21:39.211015
TN 87 2430,865826046640860,59.0,22.08,157.58,03/09/2025 16:13:13,13.0080342,79.7519969,7519969,2025-09-04T23:21:39.211200
TN 87 2430,865826046640860,59.0,22.08,157.58,03/09/2025 16:13:13,13.0080342,79.7519969,7519969,2025-09-04T23:21:39.211363
TN 87 2430,865826046640860,59.0,22.08,157.58,03/09/2025 16:13:13,13.0080342,79.7519969,7519969,2025-09-04T23:21:39.211575
TN 87 2430,865826046640860,59.0,22.08,157.58,03/09/2025 16:13:13,13.0080342,79.7519969,7519969,2025-09-04T23:21:39.211776
TN 87 2430,865826046640860,59.0,22.08,157.58,03/09/2025 16:13:13,13.0080342,79.7519969,7519969,2025-09-04T23:21:39.211978
TN 87 2430,865826046640860,59.0,22.08,157.58,03/09/2025 16:13:13,13.0080342,79.7519969,7519969,2025-09-04T23:21:39.212187
TN 87 2430,865826046640860,59.0,22.08,157.58,03/09/2025 16:13:13,13.0080342,79.7519969,7519969,2025-09-04T23:21:39.212365
TN 87 2430,865826046640860,51.0,22.2,156.57,03/09/2025 16:13:03,13.0081164,79.7534322,7534322,2025-09-04T23:21:39.212548
TN 87 2430,865826046640860,51.0,22.2,156.57,03/09/2025 16:13:03,13.0081164,79.7534322,7534322,2025-09-04T23:21:39.212737
TN 87 2430,865826046640860,51.0,22.2,156.57,03/09/2025 16:13:03,13.0081164,79.7534322,7534322,2025-09-04T23:21:39.212916
TN 87 2430,865826046640860,51.0,22.2,156.57,03/09/2025 16:13:03,13.0081164,79.7534322,7534322,2025-09-04T23:21:39.213143
TN 87 2430,865826046640860,51.0,22.2,156.57,03/09/2025 16:13:03,13.0081164,79.7534322,7534322,2025-09-04T23:21:39.213353
TN 87 2430,865826046640860,51.0,22.2,156.57,03/09/2025 16:13:03,13.0081164,79.7534322,7534322,2025-09-04T23:21:39.213535
TN 87 2430,865826046640860,51.0,22.2,156.57,03/09/2025 16:13:03,13.0081164,79.7534322,7534322,2025-09-04T23:21:39.213736
TN 87 2430,865826046640860,51.0,22.2,156.57,03/09/2025 16:13:03,13.0081164,79.7534322,7534322,2025-09-04T23:21:39.213899
TN 87 2430,865826046640860,51.0,22.2,156.57,03/09/2025 16:13:03,13.0081164,79.7534322,7534322,2025-09-04T23:21:39.214034
TN 87 2430,865826046640860,51.0,22.2,156.57,03/09/2025 16:13:03,13.0081164,79.7534322,7534322,2025-09-04T23:21:39.214168
TN 87 2430,865826046640860,51.0,22.2,156.57,03/09/2025 16:13:03,13.0081164,79.7534322,7534322,2025-09-04T23:21:39.214316
TN 87 2430,865826046640860,51.0,22.2,156.57,03/09/2025 16:13:03,13.0081164,79.7534322,7534322,2025-09-04T23:21:39.214460
TN 87 2430,865826046640860,51.0,22.2,156.57,03/09/2025 16:13:03,13.0081164,79.7534322,7534322,2025-09-04T23:21:39.214619
TN 87 2430,865826046640860,51.0,22.2,156.57,03/09/2025 16:13:03,13.0081164,79.7534322,7534322,2025-09-04T23:21:39.214781
TN 87 2430,865826046640860,51.0,22.2,156.57,03/09/2025 16:13:03,13.0081164,79.7534322,7534322,2025-09-04T23:21:39.214961
TN 87 2430,865826046640860,51.0,22.2,156.57,03/09/2025 16:13:03,13.0081164,79.7534322,7534322,2025-09-04T23:21:39.215154
TN 87 2430,865826046640860,40.0,22.91,155.89,03/09/2025 16:12:53,13.0082499,79.7546005,7546005,2025-09-04T23:21:39.215360
TN 87 2430,865826046640860,40.0,22.91,155.89,03/09/2025 16:12:53,13.0082499,79.7546005,7546005,2025-09-04T23:21:39.215576
TN 87 2430,865826046640860,40.0,22.91,155.89,03/09/2025 16:12:53,13.0082499,79.7546005,7546005,2025-09-04T23:21:39.215770
TN 87 2430,865826046640860,40.0,22.91,155.89,03/09/2025 16:12:53,13.0082499,79.7546005,7546005,2025-09-04T23:21:39.215935
TN 87 2430,865826046640860,40.0,22.91,155.89,03/09/2025 16:12:53,13.0082499,79.7546005,7546005,2025-09-04T23:21:39.216083
TN 87 2430,865826046640860,40.0,22.91,155.89,03/09/2025 16:12:53,13.0082499,79.7546005,7546005,2025-09-04T23:21:39.216247
TN 87 2430,865826046640860,40.0,22.91,155.89,03/09/2025 16:12:53,13.0082499,79.7546005,7546005,2025-09-04T23:21:39.216394
TN 87 2430,865826046640860,40.0,22.91,155.89,03/09/2025 16:12:53,13.0082499,79.7546005,7546005,2025-09-04T23:21:39.216521
TN 87 2430,865826046640860,40.0,22.91,155.89,03/09/2025 16:12:53,13.0082499,79.7546005,7546005,2025-09-04T23:21:39.216690
TN 87 2430,865826046640860,40.0,22.91,155.89,03/09/2025 16:12:53,13.0082499,79.7546005,7546005,2025-09-04T23:21:39.216829
TN 87 2430,865826046640860,40.0,22.91,155.89,03/09/2025 16:12:53,13.0082499,79.7546005,7546005,2025-09-04T23:21:39.216938
TN 87 2430,865826046640860,40.0,22.91,155.89,03/09/2025 16:12:53,13.0082499,79.7546005,7546005,2025-09-04T23:21:39.217045
TN 87 2430,865826046640860,40.0,22.91,155.89,03/09/2025 16:12:53,13.0082499,79.7546005,7546005,2025-09-04T23:21:39.217171
TN 87 2430,865826046640860,40.0,22.91,155.89,03/09/2025 16:12:53,13.0082499,79.7546005,7546005,2025-09-04T23:21:39.217302
TN 87 2430,865826046640860,40.0,22.91,155.89,03/09/2025 16:12:53,13.0082499,79.7546005,7546005,2025-09-04T23:21:39.217421
TN 87 2430,865826046640860,40.0,22.91,155.89,03/09/2025 16:12:53,13.0082499,79.7546005,7546005,2025-09-04T23:21:39.217535
TN 87 2430,865826046640860,16.0,22.91,162.08,03/09/2025 16:12:34,13.0083835,79.7561359,7561359,2025-09-04T23:21:39.217675
TN 87 2430,865826046640860,11.0,22.91,162.05,03/09/2025 16:12:24,13.0084002,79.7562885,7562885,2025-09-04T23:21:39.217818
TN 87 2430,865826046640860,61.0,22.91,162.41,03/09/2025 16:12:14,13.0082666,79.757204,7572040,2025-09-04T23:21:39.217950
TN 87 2430,865826046640860,56.0,22.91,166.42,03/09/2025 16:12:05,13.0080676,79.7585964,7585964,2025-09-04T23:21:39.218071
TN 87 2430,865826046640860,66.0,23.15,165.71,03/09/2025 16:11:45,13.0081498,79.7611474,7611474,2025-09-04T23:21:39.218221
TN 87 2430,865826046640860,66.0,23.15,165.71,03/09/2025 16:11:45,13.0081498,79.7611474,7611474,2025-09-04T23:21:39.218355
TN 87 2430,865826046640860,89.0,23.37,163.09,03/09/2025 16:11:35,13.0092334,79.7629833,7629833,2025-09-04T23:21:39.218495
TN 87 2430,865826046640860,89.0,23.37,163.09,03/09/2025 16:11:35,13.0092334,79.7629833,7629833,2025-09-04T23:21:39.218622
TN 87 2430,865826046640860,89.0,23.37,163.09,03/09/2025 16:11:35,13.0092334,79.7629833,7629833,2025-09-04T23:21:39.218729
TN 87 2430,865826046640860,89.0,23.37,163.09,03/09/2025 16:11:35,13.0092334,79.7629833,7629833,2025-09-04T23:21:39.218827
TN 87 2430,865826046640860,89.0,23.61,162.34,03/09/2025 16:11:26,13.0102503,79.7647714,7647714,2025-09-04T23:21:39.218938
TN 87 2430,865826046640860,89.0,23.61,162.34,03/09/2025 16:11:26,13.0102503,79.7647714,7647714,2025-09-04T23:21:39.219064
TN 87 2430,865826046640860,89.0,23.61,162.34,03/09/2025 16:11:26,13.0102503,79.7647714,7647714,2025-09-04T23:21:39.219183
TN 87 2430,865826046640860,89.0,23.61,162.34,03/09/2025 16:11:26,13.0102503,79.7647714,7647714,2025-09-04T23:21:39.219297
TN 87 2430,865826046640860,84.0,23.83,165.14,03/09/2025 16:11:16,13.0113494,79.7667169,7667169,2025-09-04T23:21:39.219419
TN 87 2430,865826046640860,84.0,23.83,165.14,03/09/2025 16:11:16,13.0113494,79.7667169,7667169,2025-09-04T23:21:39.219551
TN 87 2430,865826046640860,84.0,23.83,165.14,03/09/2025 16:11:16,13.0113494,79.7667169,7667169,2025-09-04T23:21:39.219682
TN 87 2430,865826046640860,84.0,23.83,165.14,03/09/2025 16:11:16,13.0113494,79.7667169,7667169,2025-09-04T23:21:39.219803
TN 87 2430,865826046640860,76.0,25.05,166.81,03/09/2025 16:11:06,13.0123829,79.7684478,7684478,2025-09-04T23:21:39.219942
TN 87 2430,865826046640860,76.0,25.05,166.81,03/09/2025 16:11:06,13.0123829,79.7684478,7684478,2025-09-04T23:21:39.220046
TN 87 2430,865826046640860,76.0,25.05,166.81,03/09/2025 16:11:06,13.0123829,79.7684478,7684478,2025-09-04T23:21:39.220184
TN 87 2430,865826046640860,76.0,25.05,166.81,03/09/2025 16:11:06,13.0123829,79.7684478,7684478,2025-09-04T23:21:39.220292
TN 87 2430,865826046640860,68.0,25.05,163.62,03/09/2025 16:10:17,13.01445,79.7778177,7778177,2025-09-04T23:21:39.220402
TN 87 2430,865826046640860,61.0,25.22,162.3,03/09/2025 16:10:07,13.0148828,79.7793817,7793817,2025-09-04T23:21:39.220557
TN 87 2430,865826046640860,61.0,25.22,162.3,03/09/2025 16:10:07,13.0148828,79.7793817,7793817,2025-09-04T23:21:39.220743
TN 87 2430,865826046640860,58.0,25.36,160.39,03/09/2025 16:09:57,13.0156338,79.7807836,7807836,2025-09-04T23:21:39.220900
TN 87 2430,865826046640860,58.0,25.36,160.39,03/09/2025 16:09:57,13.0156338,79.7807836,7807836,2025-09-04T23:21:39.221062
TN 87 2430,865826046640860,52.0,25.5,160.32,03/09/2025 16:09:48,13.0162167,79.7819375,7819375,2025-09-04T23:21:39.221218
TN 87 2430,865826046640860,52.0,25.5,160.32,03/09/2025 16:09:48,13.0162167,79.7819375,7819375,2025-09-04T23:21:39.221386
TN 87 2430,865826046640860,42.0,25.67,166.24,03/09/2025 16:09:38,13.016833,79.7829818,7829818,2025-09-04T23:21:39.221512
TN 87 2430,865826046640860,42.0,25.67,166.24,03/09/2025 16:09:38,13.016833,79.7829818,7829818,2025-09-04T23:21:39.221684
TN 87 2430,865826046640860,16.0,25.71,169.02,03/09/2025 16:09:19,13.0176162,79.7843456,7843456,2025-09-04T23:21:39.221829
TN 87 2430,865826046640860,16.0,25.71,169.02,03/09/2025 16:09:19,13.0176162,79.7843456,7843456,2025-09-04T23:21:39.221968
TN 87 2430,865826046640860,19.0,25.73,168.78,03/09/2025 16:09:09,13.0178165,79.7846698,7846698,2025-09-04T23:21:39.222116
TN 87 2430,865826046640860,19.0,25.73,168.78,03/09/2025 16:09:09,13.0178165,79.7846698,7846698,2025-09-04T23:21:39.222261
TN 87 2430,865826046640860,0.0,25.73,168.64,03/09/2025 16:08:56,13.0179166,79.7848987,7848987,2025-09-04T23:21:39.222492
TN 87 2430,865826046640860,0.0,25.73,168.64,03/09/2025 16:08:56,13.0179166,79.7848987,7848987,2025-09-04T23:21:39.222713
TN 87 2430,865826046640860,14.0,25.75,168.29,03/09/2025 16:08:49,13.01795,79.7849798,7849798,2025-09-04T23:21:39.222902
TN 87 2430,865826046640860,14.0,25.75,168.29,03/09/2025 16:08:49,13.01795,79.7849798,7849798,2025-09-04T23:21:39.223058
TN 87 2430,865826046640860,22.0,25.88,168.24,03/09/2025 16:08:40,13.0180335,79.7851037,7851037,2025-09-04T23:21:39.223265
TN 87 2430,865826046640860,22.0,25.88,168.24,03/09/2025 16:08:40,13.0180335,79.7851037,7851037,2025-09-04T23:21:39.223440
TN 87 2430,865826046640860,62.0,26.06,165.24,03/09/2025 16:08:30,13.0186009,79.786148,7861480,2025-09-04T23:21:39.223590
TN 87 2430,865826046640860,62.0,26.06,165.24,03/09/2025 16:08:30,13.0186009,79.786148,7861480,2025-09-04T23:21:39.223742
TN 87 2430,865826046640860,65.0,26.24,162.77,03/09/2025 16:08:20,13.0194497,79.7875833,7875833,2025-09-04T23:21:39.223876
TN 87 2430,865826046640860,65.0,26.24,162.77,03/09/2025 16:08:20,13.0194497,79.7875833,7875833,2025-09-04T23:21:39.224025
TN 87 2430,865826046640860,59.0,26.4,162.36,03/09/2025 16:08:10,13.020333,79.7889471,7889471,2025-09-04T23:21:39.224167
TN 87 2430,865826046640860,59.0,26.4,162.36,03/09/2025 16:08:10,13.020333,79.7889471,7889471,2025-09-04T23:21:39.224317
TN 87 2430,865826046640860,53.0,26.63,161.75,03/09/2025 16:08:00,13.0211663,79.7901153,7901153,2025-09-04T23:21:39.224479
TN 87 2430,865826046640860,53.0,26.63,161.75,03/09/2025 16:08:00,13.0211663,79.7901153,7901153,2025-09-04T23:21:39.224611
TN 87 2430,865826046640860,32.0,26.71,162.73,03/09/2025 16:07:41,13.0223166,79.7919464,7919464,2025-09-04T23:21:39.224831
TN 87 2430,865826046640860,32.0,26.71,162.73,03/09/2025 16:07:41,13.0223166,79.7919464,7919464,2025-09-04T23:21:39.224999
TN 87 2430,865826046640860,17.0,26.74,162.6,03/09/2025 16:07:31,13.0226337,79.7925329,7925329,2025-09-04T23:21:39.225178
TN 87 2430,865826046640860,17.0,26.74,162.6,03/09/2025 16:07:31,13.0226337,79.7925329,7925329,2025-09-04T23:21:39.225337
TN 87 2430,865826046640860,26.0,26.83,162.58,03/09/2025 16:07:21,13.0227828,79.7927856,7927856,2025-09-04T23:21:39.225511
TN 87 2430,865826046640860,26.0,26.83,162.58,03/09/2025 16:07:21,13.0227828,79.7927856,7927856,2025-09-04T23:21:39.225732
TN 87 2430,865826046640860,40.0,26.94,162.43,03/09/2025 16:07:12,13.0231666,79.7935867,7935867,2025-09-04T23:21:39.225946
TN 87 2430,865826046640860,40.0,26.94,162.43,03/09/2025 16:07:12,13.0231666,79.7935867,7935867,2025-09-04T23:21:39.226155
TN 87 2430,865826046640860,26.0,26.98,162.37,03/09/2025 16:07:01,13.0236506,79.7944164,7944164,2025-09-04T23:21:39.226333
TN 87 2430,865826046640860,26.0,26.98,162.37,03/09/2025 16:07:01,13.0236506,79.7944164,7944164,2025-09-04T23:21:39.226501
TN 87 2430,865826046640860,9.0,27.02,162.07,03/09/2025 16:06:52,13.0238509,79.7947311,7947311,2025-09-04T23:21:39.226621
TN 87 2430,865826046640860,9.0,27.02,162.07,03/09/2025 16:06:52,13.0238509,79.7947311,7947311,2025-09-04T23:21:39.226761
TN 87 2430,865826046640860,28.0,27.12,161.92,03/09/2025 16:06:42,13.0240333,79.7950506,7950506,2025-09-04T23:21:39.226907
TN 87 2430,865826046640860,28.0,27.12,161.92,03/09/2025 16:06:42,13.0240333,79.7950506,7950506,2025-09-04T23:21:39.227040
TN 87 2430,865826046640860,39.0,27.22,161.88,03/09/2025 16:06:32,13.0245661,79.7958517,7958517,2025-09-04T23:21:39.227169
TN 87 2430,865826046640860,39.0,27.22,161.88,03/09/2025 16:06:32,13.0245661,79.7958517,7958517,2025-09-04T23:21:39.227308
TN 87 2430,865826046640860,39.0,27.47,161.92,03/09/2025 16:06:23,13.025,79.796586,7965860,2025-09-04T23:21:39.227438
TN 87 2430,865826046640860,39.0,27.47,161.92,03/09/2025 16:06:23,13.025,79.796586,7965860,2025-09-04T23:21:39.227561
TN 87 2430,865826046640860,37.0,27.56,162.68,03/09/2025 16:06:03,13.0265998,79.7982311,7982311,2025-09-04T23:21:39.227694
TN 87 2430,865826046640860,37.0,27.56,162.68,03/09/2025 16:06:03,13.0265998,79.7982311,7982311,2025-09-04T23:21:39.227831
TN 87 2430,865826046640860,24.0,27.64,162.74,03/09/2025 16:05:53,13.0272173,79.7987842,7987842,2025-09-04T23:21:39.227951
TN 87 2430,865826046640860,24.0,27.64,162.74,03/09/2025 16:05:53,13.0272173,79.7987842,7987842,2025-09-04T23:21:39.228077
TN 87 2430,865826046640860,37.0,27.71,162.78,03/09/2025 16:05:40,13.0277502,79.7993469,7993469,2025-09-04T23:21:39.228193
TN 87 2430,865826046640860,37.0,27.71,162.78,03/09/2025 16:05:40,13.0277502,79.7993469,7993469,2025-09-04T23:21:39.228325
TN 87 2430,865826046640860,34.0,27.79,166.68,03/09/2025 16:05:34,13.0280995,79.7998666,7998666,2025-09-04T23:21:39.228469
TN 87 2430,865826046640860,34.0,27.79,166.68,03/09/2025 16:05:34,13.0280995,79.7998666,7998666,2025-09-04T23:21:39.228616
TN 87 2430,865826046640860,23.0,27.84,166.95,03/09/2025 16:05:24,13.0284333,79.800539,8005390,2025-09-04T23:21:39.228767
TN 87 2430,865826046640860,23.0,27.84,166.95,03/09/2025 16:05:24,13.0284333,79.800539,8005390,2025-09-04T23:21:39.228896
TN 87 2430,865826046640860,0.0,27.84,166.63,03/09/2025 16:05:13,13.0286169,79.800949,8009490,2025-09-04T23:21:39.229013
TN 87 2430,865826046640860,0.0,27.84,166.63,03/09/2025 16:05:13,13.0286169,79.800949,8009490,2025-09-04T23:21:39.229156
TN 87 2430,865826046640860,0.0,27.84,166.15,03/09/2025 16:05:05,13.0286169,79.800949,8009490,2025-09-04T23:21:39.229302
TN 87 2430,865826046640860,0.0,27.84,166.15,03/09/2025 16:05:05,13.0286169,79.800949,8009490,2025-09-04T23:21:39.229430
TN 87 2430,865826046640860,9.0,27.9,166.02,03/09/2025 16:04:55,13.028717,79.8011016,8011016,2025-09-04T23:21:39.229554
TN 87 2430,865826046640860,9.0,27.9,166.02,03/09/2025 16:04:55,13.028717,79.8011016,8011016,2025-09-04T23:21:39.229716
TN 87 2430,865826046640860,30.0,28.0,165.68,03/09/2025 16:04:45,13.0289494,79.8015356,8015356,2025-09-04T23:21:39.229869
TN 87 2430,865826046640860,30.0,28.0,165.68,03/09/2025 16:04:45,13.0289494,79.8015356,8015356,2025-09-04T23:21:39.230008
TN 87 2430,865826046640860,46.0,28.14,165.55,03/09/2025 16:04:35,13.0293834,79.8023843,8023843,2025-09-04T23:21:39.230143
TN 87 2430,865826046640860,46.0,28.14,165.55,03/09/2025 16:04:35,13.0293834,79.8023843,8023843,2025-09-04T23:21:39.230269
TN 87 2430,865826046640860,68.0,28.32,165.4,03/09/2025 16:04:25,13.0300164,79.8035192,8035192,2025-09-04T23:21:39.230380
TN 87 2430,865826046640860,68.0,28.32,165.4,03/09/2025 16:04:25,13.0300164,79.8035192,8035192,2025-09-04T23:21:39.230495
TN 87 2430,865826046640860,69.0,28.5,165.39,03/09/2025 16:04:16,13.0307996,79.804902,8049020,2025-09-04T23:21:39.230656
TN 87 2430,865826046640860,69.0,28.5,165.39,03/09/2025 16:04:16,13.0307996,79.804902,8049020,2025-09-04T23:21:39.230811
TN 87 2430,865826046640860,63.0,28.68,165.39,03/09/2025 16:04:06,13.031584,79.8064327,8064327,2025-09-04T23:21:39.230973
TN 87 2430,865826046640860,63.0,28.68,165.39,03/09/2025 16:04:06,13.031584,79.8064327,8064327,2025-09-04T23:21:39.231156
TN 87 2430,865826046640860,56.0,28.83,164.87,03/09/2025 16:03:56,13.0322837,79.8078536,8078536,2025-09-04T23:21:39.231352
TN 87 2430,865826046640860,56.0,28.83,164.87,03/09/2025 16:03:56,13.0322837,79.8078536,8078536,2025-09-04T23:21:39.231521
TN 87 2430,865826046640860,56.0,28.96,164.71,03/09/2025 16:03:46,13.0328667,79.809165,8091650,2025-09-04T23:21:39.231666
TN 87 2430,865826046640860,56.0,28.96,164.71,03/09/2025 16:03:46,13.0328667,79.809165,8091650,2025-09-04T23:21:39.231785
TN 87 2430,865826046640860,48.0,29.09,164.33,03/09/2025 16:03:37,13.0333495,79.8102664,8102664,2025-09-04T23:21:39.231905
TN 87 2430,865826046640860,48.0,29.09,164.33,03/09/2025 16:03:37,13.0333495,79.8102664,8102664,2025-09-04T23:21:39.232037
TN 87 2430,865826046640860,39.0,29.21,164.43,03/09/2025 16:03:27,13.0336999,79.8113632,8113632,2025-09-04T23:21:39.232207
TN 87 2430,865826046640860,39.0,29.21,164.43,03/09/2025 16:03:27,13.0336999,79.8113632,8113632,2025-09-04T23:21:39.232376
TN 87 2430,865826046640860,43.0,29.32,165.55,03/09/2025 16:03:17,13.0340659,79.8124694,8124694,2025-09-04T23:21:39.232512
TN 87 2430,865826046640860,43.0,29.32,165.55,03/09/2025 16:03:17,13.0340659,79.8124694,8124694,2025-09-04T23:21:39.232634
TN 87 2430,865826046640860,35.0,29.4,168.36,03/09/2025 16:03:07,13.0344998,79.813385,8133850,2025-09-04T23:21:39.232771
TN 87 2430,865826046640860,35.0,29.4,168.36,03/09/2025 16:03:07,13.0344998,79.813385,8133850,2025-09-04T23:21:39.232894
TN 87 2430,865826046640860,23.0,29.48,168.13,03/09/2025 16:02:58,13.0348503,79.8139667,8139667,2025-09-04T23:21:39.233031
TN 87 2430,865826046640860,23.0,29.48,168.13,03/09/2025 16:02:58,13.0348503,79.8139667,8139667,2025-09-04T23:21:39.233208
TN 87 2430,865826046640860,8.0,29.52,167.68,03/09/2025 16:02:38,13.0352163,79.8146152,8146152,2025-09-04T23:21:39.233344
TN 87 2430,865826046640860,8.0,29.52,167.68,03/09/2025 16:02:38,13.0352163,79.8146152,8146152,2025-09-04T23:21:39.233496
TN 87 2430,865826046640860,18.0,29.55,167.56,03/09/2025 16:02:28,13.0353999,79.8149776,8149776,2025-09-04T23:21:39.233621
TN 87 2430,865826046640860,18.0,29.55,167.56,03/09/2025 16:02:28,13.0353999,79.8149776,8149776,2025-09-04T23:21:39.233749
TN 87 2430,865826046640860,0.0,29.55,167.01,03/09/2025 16:02:18,13.0355167,79.8151493,8151493,2025-09-04T23:21:39.233902
TN 87 2430,865826046640860,0.0,29.55,167.01,03/09/2025 16:02:18,13.0355167,79.8151493,8151493,2025-09-04T23:21:39.234025
TN 87 2430,865826046640860,38.0,29.65,165.93,03/09/2025 16:02:09,13.0357503,79.8155355,8155355,2025-09-04T23:21:39.234153
TN 87 2430,865826046640860,38.0,29.65,165.93,03/09/2025 16:02:09,13.0357503,79.8155355,8155355,2025-09-04T23:21:39.234265
TN 87 2430,865826046640860,34.0,29.72,167.79,03/09/2025 16:01:59,13.0362164,79.8163843,8163843,2025-09-04T23:21:39.234398
TN 87 2430,865826046640860,34.0,29.72,167.79,03/09/2025 16:01:59,13.0362164,79.8163843,8163843,2025-09-04T23:21:39.234523
TN 87 2430,865826046640860,16.0,29.78,167.68,03/09/2025 16:01:49,13.0364501,79.8169994,8169994,2025-09-04T23:21:39.234653
TN 87 2430,865826046640860,16.0,29.78,167.68,03/09/2025 16:01:49,13.0364501,79.8169994,8169994,2025-09-04T23:21:39.234758
TN 87 2430,865826046640860,24.0,29.85,167.65,03/09/2025 16:01:39,13.0364334,79.8175191,8175191,2025-09-04T23:21:39.234866
TN 87 2430,865826046640860,24.0,29.85,167.65,03/09/2025 16:01:39,13.0364334,79.8175191,8175191,2025-09-04T23:21:39.234990
TN 87 2430,865826046640860,12.0,29.89,167.37,03/09/2025 16:01:20,13.0364167,79.818201,8182010,2025-09-04T23:21:39.235091
TN 87 2430,865826046640860,12.0,29.89,167.37,03/09/2025 16:01:20,13.0364167,79.818201,8182010,2025-09-04T23:21:39.235201
TN 87 2430,865826046640860,8.0,29.93,167.15,03/09/2025 16:01:10,13.0364334,79.8185491,8185491,2025-09-04T23:21:39.235350
TN 87 2430,865826046640860,8.0,29.93,167.15,03/09/2025 16:01:10,13.0364334,79.8185491,8185491,2025-09-04T23:21:39.235490
TN 87 2430,865826046640860,0.0,29.93,166.84,03/09/2025 16:00:59,13.0364501,79.818902,8189020,2025-09-04T23:21:39.235658
TN 87 2430,865826046640860,0.0,29.93,166.84,03/09/2025 16:00:59,13.0364501,79.818902,8189020,2025-09-04T23:21:39.235789
TN 87 2430,865826046640860,0.0,29.93,166.78,03/09/2025 16:00:51,13.0364501,79.818902,8189020,2025-09-04T23:21:39.235968
TN 87 2430,865826046640860,0.0,29.93,166.78,03/09/2025 16:00:51,13.0364501,79.818902,8189020,2025-09-04T23:21:39.236091
TN 87 2430,865826046640860,32.0,30.02,166.62,03/09/2025 16:00:41,13.0364501,79.8191165,8191165,2025-09-04T23:21:39.236219
TN 87 2430,865826046640860,32.0,30.02,166.62,03/09/2025 16:00:41,13.0364501,79.8191165,8191165,2025-09-04T23:21:39.236369
TN 87 2430,865826046640860,32.0,30.02,166.62,03/09/2025 16:00:41,13.0364501,79.8191165,8191165,2025-09-04T23:21:39.236486
TN 87 2430,865826046640860,32.0,30.02,166.62,03/09/2025 16:00:41,13.0364501,79.8191165,8191165,2025-09-04T23:21:39.236616
TN 87 2430,865826046640860,32.0,30.02,166.62,03/09/2025 16:00:41,13.0364501,79.8191165,8191165,2025-09-04T23:21:39.236754
TN 87 2430,865826046640860,32.0,30.02,166.62,03/09/2025 16:00:41,13.0364501,79.8191165,8191165,2025-09-04T23:21:39.236873
TN 87 2430,865826046640860,32.0,30.02,166.62,03/09/2025 16:00:41,13.0364501,79.8191165,8191165,2025-09-04T23:21:39.237013
TN 87 2430,865826046640860,32.0,30.02,166.62,03/09/2025 16:00:41,13.0364501,79.8191165,8191165,2025-09-04T23:21:39.237144
TN 87 2430,865826046640860,32.0,30.02,166.62,03/09/2025 16:00:41,13.0364501,79.8191165,8191165,2025-09-04T23:21:39.237266
TN 87 2430,865826046640860,32.0,30.02,166.62,03/09/2025 16:00:41,13.0364501,79.8191165,8191165,2025-09-04T23:21:39.237419
TN 87 2430,865826046640860,32.0,30.02,166.62,03/09/2025 16:00:41,13.0364501,79.8191165,8191165,2025-09-04T23:21:39.237540
TN 87 2430,865826046640860,32.0,30.02,166.62,03/09/2025 16:00:41,13.0364501,79.8191165,8191165,2025-09-04T23:21:39.237693
TN 87 2430,865826046640860,32.0,30.02,166.62,03/09/2025 16:00:41,13.0364501,79.8191165,8191165,2025-09-04T23:21:39.237834
TN 87 2430,865826046640860,32.0,30.02,166.62,03/09/2025 16:00:41,13.0364501,79.8191165,8191165,2025-09-04T23:21:39.237939
TN 87 2430,865826046640860,32.0,30.02,166.62,03/09/2025 16:00:41,13.0364501,79.8191165,8191165,2025-09-04T23:21:39.238135
TN 87 2430,865826046640860,32.0,30.02,166.62,03/09/2025 16:00:41,13.0364501,79.8191165,8191165,2025-09-04T23:21:39.238365
TN 87 2430,865826046640860,32.0,30.02,166.62,03/09/2025 16:00:41,13.0364501,79.8191165,8191165,2025-09-04T23:21:39.238555
TN 87 2430,865826046640860,34.0,30.13,166.64,03/09/2025 16:00:31,13.0364334,79.8199701,8199701,2025-09-04T23:21:39.238755
TN 87 2430,865826046640860,34.0,30.13,166.64,03/09/2025 16:00:31,13.0364334,79.8199701,8199701,2025-09-04T23:21:39.238941
TN 87 2430,865826046640860,34.0,30.13,166.64,03/09/2025 16:00:31,13.0364334,79.8199701,8199701,2025-09-04T23:21:39.239128
TN 87 2430,865826046640860,34.0,30.13,166.64,03/09/2025 16:00:31,13.0364334,79.8199701,8199701,2025-09-04T23:21:39.239311
TN 87 2430,865826046640860,34.0,30.13,166.64,03/09/2025 16:00:31,13.0364334,79.8199701,8199701,2025-09-04T23:21:39.239515
TN 87 2430,865826046640860,34.0,30.13,166.64,03/09/2025 16:00:31,13.0364334,79.8199701,8199701,2025-09-04T23:21:39.239689
TN 87 2430,865826046640860,34.0,30.13,166.64,03/09/2025 16:00:31,13.0364334,79.8199701,8199701,2025-09-04T23:21:39.239894
TN 87 2430,865826046640860,34.0,30.13,166.64,03/09/2025 16:00:31,13.0364334,79.8199701,8199701,2025-09-04T23:21:39.240087
TN 87 2430,865826046640860,34.0,30.13,166.64,03/09/2025 16:00:31,13.0364334,79.8199701,8199701,2025-09-04T23:21:39.240271
TN 87 2430,865826046640860,34.0,30.13,166.64,03/09/2025 16:00:31,13.0364334,79.8199701,8199701,2025-09-04T23:21:39.240433
TN 87 2430,865826046640860,34.0,30.13,166.64,03/09/2025 16:00:31,13.0364334,79.8199701,8199701,2025-09-04T23:21:39.240586
TN 87 2430,865826046640860,34.0,30.13,166.64,03/09/2025 16:00:31,13.0364334,79.8199701,8199701,2025-09-04T23:21:39.240757
TN 87 2430,865826046640860,34.0,30.13,166.64,03/09/2025 16:00:31,13.0364334,79.8199701,8199701,2025-09-04T23:21:39.240918
TN 87 2430,865826046640860,34.0,30.13,166.64,03/09/2025 16:00:31,13.0364334,79.8199701,8199701,2025-09-04T23:21:39.241081
TN 87 2430,865826046640860,34.0,30.13,166.64,03/09/2025 16:00:31,13.0364334,79.8199701,8199701,2025-09-04T23:21:39.241234
TN 87 2430,865826046640860,34.0,30.13,166.64,03/09/2025 16:00:31,13.0364334,79.8199701,8199701,2025-09-04T23:21:39.241398
TN 87 2430,865826046640860,34.0,30.13,166.64,03/09/2025 16:00:31,13.0364334,79.8199701,8199701,2025-09-04T23:21:39.241542
TN 87 2430,865826046640860,34.0,30.13,166.64,03/09/2025 16:00:31,13.0364334,79.8199701,8199701,2025-09-04T23:21:39.241668
TN 87 2430,865826046640860,34.0,30.13,166.64,03/09/2025 16:00:31,13.0364334,79.8199701,8199701,2025-09-04T23:21:39.241800
TN 87 2430,865826046640860,34.0,30.13,166.64,03/09/2025 16:00:31,13.0364334,79.8199701,8199701,2025-09-04T23:21:39.241940
TN 87 2430,865826046640860,39.0,30.25,166.75,03/09/2025 16:00:21,13.0364,79.821,8210000,2025-09-04T23:21:39.242115
TN 87 2430,865826046640860,39.0,30.25,166.75,03/09/2025 16:00:21,13.0364,79.821,8210000,2025-09-04T23:21:39.242311
TN 87 2430,865826046640860,39.0,30.25,166.75,03/09/2025 16:00:21,13.0364,79.821,8210000,2025-09-04T23:21:39.242507
TN 87 2430,865826046640860,39.0,30.25,166.75,03/09/2025 16:00:21,13.0364,79.821,8210000,2025-09-04T23:21:39.242625
TN 87 2430,865826046640860,39.0,30.25,166.75,03/09/2025 16:00:21,13.0364,79.821,8210000,2025-09-04T23:21:39.242731
TN 87 2430,865826046640860,39.0,30.25,166.75,03/09/2025 16:00:21,13.0364,79.821,8210000,2025-09-04T23:21:39.242872
TN 87 2430,865826046640860,39.0,30.25,166.75,03/09/2025 16:00:21,13.0364,79.821,8210000,2025-09-04T23:21:39.243004
TN 87 2430,865826046640860,39.0,30.25,166.75,03/09/2025 16:00:21,13.0364,79.821,8210000,2025-09-04T23:21:39.243142
TN 87 2430,865826046640860,39.0,30.25,166.75,03/09/2025 16:00:21,13.0364,79.821,8210000,2025-09-04T23:21:39.243303
TN 87 2430,865826046640860,39.0,30.25,166.75,03/09/2025 16:00:21,13.0364,79.821,8210000,2025-09-04T23:21:39.243462
TN 87 2430,865826046640860,39.0,30.25,166.75,03/09/2025 16:00:21,13.0364,79.821,8210000,2025-09-04T23:21:39.243596
TN 87 2430,865826046640860,39.0,30.25,166.75,03/09/2025 16:00:21,13.0364,79.821,8210000,2025-09-04T23:21:39.243757
TN 87 2430,865826046640860,39.0,30.25,166.75,03/09/2025 16:00:21,13.0364,79.821,8210000,2025-09-04T23:21:39.243905
TN 87 2430,865826046640860,39.0,30.25,166.75,03/09/2025 16:00:21,13.0364,79.821,8210000,2025-09-04T23:21:39.244039
TN 87 2430,865826046640860,39.0,30.25,166.75,03/09/2025 16:00:21,13.0364,79.821,8210000,2025-09-04T23:21:39.244173
TN 87 2430,865826046640860,39.0,30.25,166.75,03/09/2025 16:00:21,13.0364,79.821,8210000,2025-09-04T23:21:39.244318
TN 87 2430,865826046640860,39.0,30.25,166.75,03/09/2025 16:00:21,13.0364,79.821,8210000,2025-09-04T23:21:39.244465
TN 87 2430,865826046640860,39.0,30.25,166.75,03/09/2025 16:00:21,13.0364,79.821,8210000,2025-09-04T23:21:39.244607
TN 87 2430,865826046640860,39.0,30.25,166.75,03/09/2025 16:00:21,13.0364,79.821,8210000,2025-09-04T23:21:39.244756
TN 87 2430,865826046640860,39.0,30.25,166.75,03/09/2025 16:00:21,13.0364,79.821,8210000,2025-09-04T23:21:39.244900
TN 87 2430,865826046640860,44.0,30.35,166.43,03/09/2025 16:00:11,13.0364167,79.8220348,8220348,2025-09-04T23:21:39.245033
TN 87 2430,865826046640860,44.0,30.35,166.43,03/09/2025 16:00:11,13.0364167,79.8220348,8220348,2025-09-04T23:21:39.245170
TN 87 2430,865826046640860,44.0,30.35,166.43,03/09/2025 16:00:11,13.0364167,79.8220348,8220348,2025-09-04T23:21:39.245276
TN 87 2430,865826046640860,44.0,30.35,166.43,03/09/2025 16:00:11,13.0364167,79.8220348,8220348,2025-09-04T23:21:39.245382
TN 87 2430,865826046640860,44.0,30.35,166.43,03/09/2025 16:00:11,13.0364167,79.8220348,8220348,2025-09-04T23:21:39.245567
TN 87 2430,865826046640860,44.0,30.35,166.43,03/09/2025 16:00:11,13.0364167,79.8220348,8220348,2025-09-04T23:21:39.245745
TN 87 2430,865826046640860,44.0,30.35,166.43,03/09/2025 16:00:11,13.0364167,79.8220348,8220348,2025-09-04T23:21:39.245885
TN 87 2430,865826046640860,44.0,30.35,166.43,03/09/2025 16:00:11,13.0364167,79.8220348,8220348,2025-09-04T23:21:39.246040
TN 87 2430,865826046640860,44.0,30.35,166.43,03/09/2025 16:00:11,13.0364167,79.8220348,8220348,2025-09-04T23:21:39.246222
TN 87 2430,865826046640860,44.0,30.35,166.43,03/09/2025 16:00:11,13.0364167,79.8220348,8220348,2025-09-04T23:21:39.246370
TN 87 2430,865826046640860,44.0,30.35,166.43,03/09/2025 16:00:11,13.0364167,79.8220348,8220348,2025-09-04T23:21:39.246481
TN 87 2430,865826046640860,44.0,30.35,166.43,03/09/2025 16:00:11,13.0364167,79.8220348,8220348,2025-09-04T23:21:39.246583
TN 87 2430,865826046640860,44.0,30.35,166.43,03/09/2025 16:00:11,13.0364167,79.8220348,8220348,2025-09-04T23:21:39.246681
TN 87 2430,865826046640860,44.0,30.35,166.43,03/09/2025 16:00:11,13.0364167,79.8220348,8220348,2025-09-04T23:21:39.246798
TN 87 2430,865826046640860,44.0,30.35,166.43,03/09/2025 16:00:11,13.0364167,79.8220348,8220348,2025-09-04T23:21:39.246922
TN 87 2430,865826046640860,44.0,30.35,166.43,03/09/2025 16:00:11,13.0364167,79.8220348,8220348,2025-09-04T23:21:39.247069
TN 87 2430,865826046640860,44.0,30.35,166.43,03/09/2025 16:00:11,13.0364167,79.8220348,8220348,2025-09-04T23:21:39.247191
TN 87 2430,865826046640860,44.0,30.35,166.43,03/09/2025 16:00:11,13.0364167,79.8220348,8220348,2025-09-04T23:21:39.247325
TN 87 2430,865826046640860,44.0,30.35,166.43,03/09/2025 16:00:11,13.0364167,79.8220348,8220348,2025-09-04T23:21:39.247453
TN 87 2430,865826046640860,44.0,30.35,166.43,03/09/2025 16:00:11,13.0364167,79.8220348,8220348,2025-09-04T23:21:39.247588
TN 87 2430,865826046640860,44.0,30.35,166.43,03/09/2025 16:00:11,13.0364167,79.8220348,8220348,2025-09-04T23:21:39.247692
TN 87 2430,865826046640860,44.0,30.35,166.43,03/09/2025 16:00:11,13.0364167,79.8220348,8220348,2025-09-04T23:21:39.247820
TN 87 2430,865826046640860,39.0,30.48,166.33,03/09/2025 16:00:02,13.03635,79.822998,8229980,2025-09-04T23:21:39.247926
TN 87 2430,865826046640860,39.0,30.48,166.33,03/09/2025 16:00:02,13.03635,79.822998,8229980,2025-09-04T23:21:39.248022
TN 87 2430,865826046640860,39.0,30.48,166.33,03/09/2025 16:00:02,13.03635,79.822998,8229980,2025-09-04T23:21:39.248150
TN 87 2430,865826046640860,39.0,30.48,166.33,03/09/2025 16:00:02,13.03635,79.822998,8229980,2025-09-04T23:21:39.248285
TN 87 2430,865826046640860,39.0,30.48,166.33,03/09/2025 16:00:02,13.03635,79.822998,8229980,2025-09-04T23:21:39.248471
TN 87 2430,865826046640860,39.0,30.48,166.33,03/09/2025 16:00:02,13.03635,79.822998,8229980,2025-09-04T23:21:39.248659
TN 87 2430,865826046640860,55.0,30.64,165.77,03/09/2025 15:59:52,13.0359005,79.8241186,8241186,2025-09-04T23:21:39.248825
TN 87 2430,865826046640860,55.0,30.64,165.77,03/09/2025 15:59:52,13.0359005,79.8241186,8241186,2025-09-04T23:21:39.248958
TN 87 2430,865826046640860,63.0,31.26,165.3,03/09/2025 15:59:42,13.0347335,79.8248958,8248958,2025-09-04T23:21:39.249104
TN 87 2430,865826046640860,63.0,31.26,165.3,03/09/2025 15:59:42,13.0347335,79.8248958,8248958,2025-09-04T23:21:39.249217
TN 87 2430,865826046640860,38.0,31.26,162.97,03/09/2025 15:59:13,13.0309498,79.8258352,8258352,2025-09-04T23:21:39.249333
TN 87 2430,865826046640860,25.0,31.26,168.16,03/09/2025 15:59:03,13.0301499,79.8260641,8260641,2025-09-04T23:21:39.249467
TN 87 2430,865826046640860,13.0,31.26,167.98,03/09/2025 15:58:53,13.0297672,79.826188,8261880,2025-09-04T23:21:39.249569
TN 87 2430,865826046640860,20.0,31.26,167.89,03/09/2025 15:58:44,13.0294835,79.8265981,8265981,2025-09-04T23:21:39.249688
TN 87 2430,865826046640860,42.0,31.26,166.56,03/09/2025 15:58:31,13.0296492,79.8271656,8271656,2025-09-04T23:21:39.249818
TN 87 2430,865826046640860,44.0,31.39,166.22,03/09/2025 15:58:24,13.0299329,79.8279476,8279476,2025-09-04T23:21:39.249959
TN 87 2430,865826046640860,49.0,31.84,166.34,03/09/2025 15:58:14,13.0303502,79.8290491,8290491,2025-09-04T23:21:39.250061
TN 87 2430,865826046640860,60.0,31.84,166.49,03/09/2025 15:58:05,13.0308175,79.8303508,8303508,2025-09-04T23:21:39.250188
TN 87 2430,865826046640860,51.0,31.84,166.62,03/09/2025 15:57:52,13.0320668,79.8317337,8317337,2025-09-04T23:21:39.250315
TN 87 2430,865826046640860,48.0,31.95,168.83,03/09/2025 15:57:45,13.0326831,79.8323822,8323822,2025-09-04T23:21:39.250427
TN 87 2430,865826046640860,36.0,32.32,168.67,03/09/2025 15:57:35,13.0334496,79.8331546,8331546,2025-09-04T23:21:39.250548
TN 87 2430,865826046640860,51.0,32.32,166.14,03/09/2025 15:57:26,13.0340504,79.8337841,8337841,2025-09-04T23:21:39.250698
TN 87 2430,865826046640860,49.0,32.32,164.84,03/09/2025 15:57:13,13.0351829,79.8351144,8351144,2025-09-04T23:21:39.250831
TN 87 2430,865826046640860,41.0,32.43,165.88,03/09/2025 15:57:06,13.0354332,79.8359012,8359012,2025-09-04T23:21:39.250996
TN 87 2430,865826046640860,29.0,32.59,173.57,03/09/2025 15:56:56,13.0356836,79.8368167,8368167,2025-09-04T23:21:39.251110
TN 87 2430,865826046640860,17.0,32.59,173.53,03/09/2025 15:56:47,13.0358672,79.8373508,8373508,2025-09-04T23:21:39.251250
TN 87 2430,865826046640860,14.0,32.59,172.29,03/09/2025 15:56:34,13.0360496,79.8378992,8378992,2025-09-04T23:21:39.251500
TN 87 2430,865826046640860,37.0,32.71,170.7,03/09/2025 15:56:27,13.0361008,79.8382043,8382043,2025-09-04T23:21:39.251707
TN 87 2430,865826046640860,43.0,32.98,172.39,03/09/2025 15:56:17,13.0362331,79.8393011,8393011,2025-09-04T23:21:39.251874
TN 87 2430,865826046640860,33.0,32.98,175.08,03/09/2025 15:56:07,13.0363667,79.8403024,8403024,2025-09-04T23:21:39.252023
TN 87 2430,865826046640860,32.0,32.98,175.15,03/09/2025 15:55:55,13.0365335,79.841299,8412990,2025-09-04T23:21:39.252210
TN 87 2430,865826046640860,30.0,33.06,178.14,03/09/2025 15:55:48,13.0366003,79.8418188,8418188,2025-09-04T23:21:39.252395
TN 87 2430,865826046640860,25.0,33.19,178.74,03/09/2025 15:55:38,13.0366671,79.8425531,8425531,2025-09-04T23:21:39.252567
TN 87 2430,865826046640860,16.0,33.19,178.57,03/09/2025 15:55:28,13.0367004,79.8430871,8430871,2025-09-04T23:21:39.252757
TN 87 2430,865826046640860,9.0,33.19,178.46,03/09/2025 15:55:16,13.0367004,79.8435354,8435354,2025-09-04T23:21:39.252931
TN 87 2430,865826046640860,14.0,33.23,175.92,03/09/2025 15:55:09,13.0367159,79.84375,8437500,2025-09-04T23:21:39.253117
TN 87 2430,865826046640860,16.0,33.35,173.05,03/09/2025 15:54:59,13.0368161,79.8441457,8441457,2025-09-04T23:21:39.253320
TN 87 2430,865826046640860,21.0,33.35,172.9,03/09/2025 15:54:49,13.0367827,79.844551,8445510,2025-09-04T23:21:39.253473
TN 87 2430,865826046640860,13.0,33.35,168.71,03/09/2025 15:54:37,13.0366492,79.8450994,8450994,2025-09-04T23:21:39.253672
TN 87 2430,865826046640860,5.0,33.4,167.56,03/09/2025 15:54:30,13.0366003,79.8452281,8452281,2025-09-04T23:21:39.253847
TN 87 2430,865826046640860,26.0,33.65,166.26,03/09/2025 15:54:20,13.03635,79.8455333,8455333,2025-09-04T23:21:39.253991
TN 87 2430,865826046640860,40.0,33.65,163.19,03/09/2025 15:54:10,13.0355501,79.8460483,8460483,2025-09-04T23:21:39.254188
TN 87 2430,865826046640860,36.0,33.65,163.21,03/09/2025 15:53:58,13.0357503,79.8472499,8472499,2025-09-04T23:21:39.254395
TN 87 2430,865826046640860,31.0,33.72,166.43,03/09/2025 15:53:51,13.0359494,79.847846,8478460,2025-09-04T23:21:39.254578
TN 87 2430,865826046640860,15.0,33.87,166.41,03/09/2025 15:53:41,13.0361342,79.8484516,8484516,2025-09-04T23:21:39.254748
TN 87 2430,865826046640860,27.0,33.87,166.35,03/09/2025 15:53:31,13.0362331,79.848771,8487710,2025-09-04T23:21:39.254913
TN 87 2430,865826046640860,12.0,33.87,166.32,03/09/2025 15:53:19,13.0364501,79.8494195,8494195,2025-09-04T23:21:39.255063
TN 87 2430,865826046640860,41.0,33.99,166.53,03/09/2025 15:53:12,13.0365669,79.8497867,8497867,2025-09-04T23:21:39.255242
TN 87 2430,865826046640860,41.0,34.3,167.49,03/09/2025 15:53:02,13.0362665,79.8508548,8508548,2025-09-04T23:21:39.255418
TN 87 2430,865826046640860,30.0,34.3,167.46,03/09/2025 15:52:52,13.0356001,79.8515033,8515033,2025-09-04T23:21:39.255614
TN 87 2430,865826046640860,47.0,34.3,168.0,03/09/2025 15:52:40,13.0345833,79.8519992,8519992,2025-09-04T23:21:39.255799
TN 87 2430,865826046640860,39.0,34.4,168.77,03/09/2025 15:52:33,13.0339002,79.8523998,8523998,2025-09-04T23:21:39.255987
TN 87 2430,865826046640860,24.0,34.74,168.79,03/09/2025 15:52:23,13.0333828,79.8531055,8531055,2025-09-04T23:21:39.256182
TN 87 2430,865826046640860,10.0,34.74,168.58,03/09/2025 15:52:13,13.0331337,79.8534679,8534679,2025-09-04T23:21:39.256345
TN 87 2430,865826046640860,30.0,34.74,168.55,03/09/2025 15:52:03,13.0329334,79.8537158,8537158,2025-09-04T23:21:39.256499
TN 87 2430,865826046640860,57.0,34.74,170.19,03/09/2025 15:51:51,13.0321168,79.8547983,8547983,2025-09-04T23:21:39.256638
TN 87 2430,865826046640860,52.0,34.88,171.43,03/09/2025 15:51:44,13.0315327,79.8556137,8556137,2025-09-04T23:21:39.256767
TN 87 2430,865826046640860,52.0,35.26,168.32,03/09/2025 15:51:34,13.0310499,79.8568487,8568487,2025-09-04T23:21:39.256911
TN 87 2430,865826046640860,49.0,35.26,165.66,03/09/2025 15:51:24,13.0309665,79.8581695,8581695,2025-09-04T23:21:39.257050
TN 87 2430,865826046640860,44.0,35.26,165.27,03/09/2025 15:51:11,13.0310332,79.8597192,8597192,2025-09-04T23:21:39.257189
TN 87 2430,865826046640860,39.0,35.36,167.61,03/09/2025 15:51:05,13.0310666,79.8603534,8603534,2025-09-04T23:21:39.257296
TN 87 2430,865826046640860,28.0,35.74,168.49,03/09/2025 15:50:55,13.0310833,79.8612499,8612499,2025-09-04T23:21:39.257443
TN 87 2430,865826046640860,13.0,35.74,168.11,03/09/2025 15:50:45,13.0310165,79.8618173,8618173,2025-09-04T23:21:39.257573
TN 87 2430,865826046640860,47.0,35.74,166.45,03/09/2025 15:50:31,13.0307173,79.8631381,8631381,2025-09-04T23:21:39.257710
TN 87 2430,865826046640860,35.0,35.96,171.36,03/09/2025 15:50:16,13.0302667,79.8646831,8646831,2025-09-04T23:21:39.257839
TN 87 2430,865826046640860,56.0,36.11,168.74,03/09/2025 15:49:47,13.0296826,79.8666,8666000,2025-09-04T23:21:39.257956
TN 87 2430,865826046640860,70.0,36.33,168.57,03/09/2025 15:49:39,13.0292665,79.867897,8678970,2025-09-04T23:21:39.258080
TN 87 2430,865826046640860,77.0,36.56,168.55,03/09/2025 15:49:28,13.0280327,79.8695278,8695278,2025-09-04T23:21:39.258189
TN 87 2430,865826046640860,70.0,36.73,170.19,03/09/2025 15:49:17,13.0266833,79.871149,8711490,2025-09-04T23:21:39.258319
TN 87 2430,865826046640860,58.0,36.89,169.95,03/09/2025 15:49:08,13.0257332,79.8722982,8722982,2025-09-04T23:21:39.258442
TN 87 2430,865826046640860,59.0,37.04,172.19,03/09/2025 15:48:58,13.0251836,79.8736667,8736667,2025-09-04T23:21:39.258580
TN 87 2430,865826046640860,49.0,37.16,173.73,03/09/2025 15:48:48,13.0247497,79.8750019,8750019,2025-09-04T23:21:39.258696
TN 87 2430,865826046640860,38.0,37.24,181.37,03/09/2025 15:48:38,13.0244171,79.8760843,8760843,2025-09-04T23:21:39.258822
TN 87 2430,865826046640860,38.0,37.24,181.37,03/09/2025 15:48:38,13.0244171,79.8760843,8760843,2025-09-04T23:21:39.258977
TN 87 2430,865826046640860,18.0,37.27,181.3,03/09/2025 15:48:28,13.0242002,79.8767852,8767852,2025-09-04T23:21:39.259110
TN 87 2430,865826046640860,18.0,37.27,181.3,03/09/2025 15:48:28,13.0242002,79.8767852,8767852,2025-09-04T23:21:39.259224
TN 87 2430,865826046640860,22.0,37.39,180.35,03/09/2025 15:48:19,13.0241167,79.877038,8770380,2025-09-04T23:21:39.259380
TN 87 2430,865826046640860,22.0,37.39,180.35,03/09/2025 15:48:19,13.0241167,79.877038,8770380,2025-09-04T23:21:39.259522
TN 87 2430,865826046640860,56.0,37.55,176.32,03/09/2025 15:48:09,13.0237841,79.8781204,8781204,2025-09-04T23:21:39.259627
TN 87 2430,865826046640860,56.0,37.55,176.32,03/09/2025 15:48:09,13.0237841,79.8781204,8781204,2025-09-04T23:21:39.259739
TN 87 2430,865826046640860,58.0,37.75,176.24,03/09/2025 15:47:59,13.0233335,79.8795175,8795175,2025-09-04T23:21:39.259883
TN 87 2430,865826046640860,58.0,37.75,176.24,03/09/2025 15:47:59,13.0233335,79.8795175,8795175,2025-09-04T23:21:39.260005
TN 87 2430,865826046640860,64.0,37.88,173.3,03/09/2025 15:47:47,13.0227673,79.8812866,8812866,2025-09-04T23:21:39.260146
TN 87 2430,865826046640860,65.0,38.05,173.04,03/09/2025 15:47:40,13.0224168,79.8824024,8824024,2025-09-04T23:21:39.260260
TN 87 2430,865826046640860,57.0,38.56,172.64,03/09/2025 15:47:30,13.021934,79.8838806,8838806,2025-09-04T23:21:39.260365
TN 87 2430,865826046640860,50.0,38.56,172.34,03/09/2025 15:47:20,13.02145,79.8851299,8851299,2025-09-04T23:21:39.260493
TN 87 2430,865826046640860,73.0,38.56,172.25,03/09/2025 15:47:08,13.0208504,79.8870468,8870468,2025-09-04T23:21:39.260677
TN 87 2430,865826046640860,70.0,38.75,171.98,03/09/2025 15:47:01,13.0204498,79.8882961,8882961,2025-09-04T23:21:39.260830
TN 87 2430,865826046640860,67.0,39.28,171.89,03/09/2025 15:46:51,13.0199003,79.8899555,8899555,2025-09-04T23:21:39.260987
TN 87 2430,865826046640860,68.0,39.28,171.4,03/09/2025 15:46:41,13.0193996,79.8916339,8916339,2025-09-04T23:21:39.261139
TN 87 2430,865826046640860,60.0,39.28,171.23,03/09/2025 15:46:28,13.0187666,79.8936843,8936843,2025-09-04T23:21:39.261310
TN 87 2430,865826046640860,70.0,39.47,170.19,03/09/2025 15:46:22,13.0185008,79.8946666,8946666,2025-09-04T23:21:39.261497
TN 87 2430,865826046640860,62.0,39.88,168.84,03/09/2025 15:46:12,13.0180001,79.8963165,8963165,2025-09-04T23:21:39.261641
TN 87 2430,865826046640860,53.0,39.88,167.96,03/09/2025 15:46:02,13.0175507,79.8977375,8977375,2025-09-04T23:21:39.261811
TN 87 2430,865826046640860,45.0,39.88,165.94,03/09/2025 15:45:49,13.0172324,79.8993539,8993539,2025-09-04T23:21:39.261965
TN 87 2430,865826046640860,39.0,39.98,166.04,03/09/2025 15:45:43,13.0171668,79.9000167,9000167,2025-09-04T23:21:39.262088
TN 87 2430,865826046640860,26.0,40.12,175.88,03/09/2025 15:45:33,13.0170834,79.900918,9009180,2025-09-04T23:21:39.262262
TN 87 2430,865826046640860,10.0,40.12,177.78,03/09/2025 15:45:23,13.0170333,79.9014663,9014663,2025-09-04T23:21:39.262388
TN 87 2430,865826046640860,18.0,40.12,177.23,03/09/2025 15:45:11,13.0170333,79.9015665,9015665,2025-09-04T23:21:39.262500
TN 87 2430,865826046640860,44.0,40.24,175.05,03/09/2025 15:45:03,13.0169832,79.902215,9022150,2025-09-04T23:21:39.262639
TN 87 2430,865826046640860,50.0,40.83,173.8,03/09/2025 15:44:54,13.0168664,79.9033212,9033212,2025-09-04T23:21:39.262753
TN 87 2430,865826046640860,56.0,40.83,172.89,03/09/2025 15:44:44,13.0167174,79.9046611,9046611,2025-09-04T23:21:39.262854
TN 87 2430,865826046640860,55.0,40.83,178.79,03/09/2025 15:44:34,13.0165505,79.9061346,9061346,2025-09-04T23:21:39.262946
TN 87 2430,865826046640860,53.0,40.83,178.61,03/09/2025 15:44:25,13.0162167,79.9073505,9073505,2025-09-04T23:21:39.263076
TN 87 2430,865826046640860,61.0,41.02,176.22,03/09/2025 15:44:15,13.015716,79.9086999,9086999,2025-09-04T23:21:39.263221
TN 87 2430,865826046640860,68.0,41.53,176.16,03/09/2025 15:44:05,13.0152499,79.9103307,9103307,2025-09-04T23:21:39.263360
TN 87 2430,865826046640860,59.0,41.53,175.85,03/09/2025 15:43:55,13.0149674,79.9119663,9119663,2025-09-04T23:21:39.263517
TN 87 2430,865826046640860,64.0,41.53,175.75,03/09/2025 15:43:45,13.0150341,79.9135494,9135494,2025-09-04T23:21:39.263638
TN 87 2430,865826046640860,61.0,41.71,175.15,03/09/2025 15:43:36,13.0150997,79.915018,9150180,2025-09-04T23:21:39.263776
TN 87 2430,865826046640860,61.0,41.86,170.76,03/09/2025 15:43:25,13.0151665,79.9167156,9167156,2025-09-04T23:21:39.263888
TN 87 2430,865826046640860,60.0,42.75,170.67,03/09/2025 15:43:16,13.0152332,79.9181509,9181509,2025-09-04T23:21:39.264015
TN 87 2430,865826046640860,15.0,42.82,177.23,03/09/2025 15:42:08,13.0154824,79.9263286,9263286,2025-09-04T23:21:39.264149
TN 87 2430,865826046640860,9.0,42.93,175.87,03/09/2025 15:41:29,13.0153167,79.9269866,9269866,2025-09-04T23:21:39.264277
TN 87 2430,865826046640860,41.0,43.04,174.47,03/09/2025 15:40:59,13.0155158,79.9279308,9279308,2025-09-04T23:21:39.264389
TN 87 2430,865826046640860,39.0,43.14,174.28,03/09/2025 15:40:49,13.015567,79.9289321,9289321,2025-09-04T23:21:39.264511
TN 87 2430,865826046640860,50.0,43.33,172.09,03/09/2025 15:40:40,13.0156159,79.9298858,9298858,2025-09-04T23:21:39.264615
TN 87 2430,865826046640860,69.0,44.05,172.02,03/09/2025 15:40:29,13.0156826,79.9316644,9316644,2025-09-04T23:21:39.264808
TN 87 2430,865826046640860,68.0,44.05,172.09,03/09/2025 15:40:10,13.0157494,79.9351501,9351501,2025-09-04T23:21:39.264991
TN 87 2430,865826046640860,64.0,44.05,172.55,03/09/2025 15:40:01,13.0158162,79.9366998,9366998,2025-09-04T23:21:39.265129
TN 87 2430,865826046640860,64.0,44.05,172.55,03/09/2025 15:40:01,13.0158162,79.9366998,9366998,2025-09-04T23:21:39.265291
TN 87 2430,865826046640860,64.0,44.05,172.55,03/09/2025 15:40:01,13.0158162,79.9366998,9366998,2025-09-04T23:21:39.265474
TN 87 2430,865826046640860,59.0,44.21,173.77,03/09/2025 15:39:51,13.0158662,79.9382638,9382638,2025-09-04T23:21:39.265667
TN 87 2430,865826046640860,59.0,44.21,173.77,03/09/2025 15:39:51,13.0158662,79.9382638,9382638,2025-09-04T23:21:39.265876
TN 87 2430,865826046640860,59.0,44.21,173.77,03/09/2025 15:39:51,13.0158662,79.9382638,9382638,2025-09-04T23:21:39.266067
TN 87 2430,865826046640860,59.0,44.21,173.77,03/09/2025 15:39:51,13.0158662,79.9382638,9382638,2025-09-04T23:21:39.266269
TN 87 2430,865826046640860,59.0,44.21,173.77,03/09/2025 15:39:51,13.0158662,79.9382638,9382638,2025-09-04T23:21:39.266481
TN 87 2430,865826046640860,59.0,44.21,173.77,03/09/2025 15:39:51,13.0158662,79.9382638,9382638,2025-09-04T23:21:39.266676
TN 87 2430,865826046640860,59.0,44.21,173.77,03/09/2025 15:39:51,13.0158662,79.9382638,9382638,2025-09-04T23:21:39.266839
TN 87 2430,865826046640860,59.0,44.21,173.77,03/09/2025 15:39:51,13.0158662,79.9382638,9382638,2025-09-04T23:21:39.266958
TN 87 2430,865826046640860,59.0,44.21,173.77,03/09/2025 15:39:51,13.0158662,79.9382638,9382638,2025-09-04T23:21:39.267108
TN 87 2430,865826046640860,59.0,44.21,173.77,03/09/2025 15:39:51,13.0158662,79.9382638,9382638,2025-09-04T23:21:39.267243
TN 87 2430,865826046640860,59.0,44.21,173.77,03/09/2025 15:39:51,13.0158662,79.9382638,9382638,2025-09-04T23:21:39.267381
TN 87 2430,865826046640860,59.0,44.21,173.77,03/09/2025 15:39:51,13.0158662,79.9382638,9382638,2025-09-04T23:21:39.267524
TN 87 2430,865826046640860,59.0,44.21,173.77,03/09/2025 15:39:51,13.0158662,79.9382638,9382638,2025-09-04T23:21:39.267670
TN 87 2430,865826046640860,59.0,44.21,173.77,03/09/2025 15:39:51,13.0158662,79.9382638,9382638,2025-09-04T23:21:39.267789
TN 87 2430,865826046640860,59.0,44.21,173.77,03/09/2025 15:39:51,13.0158662,79.9382638,9382638,2025-09-04T23:21:39.267928
TN 87 2430,865826046640860,59.0,44.21,173.77,03/09/2025 15:39:51,13.0158662,79.9382638,9382638,2025-09-04T23:21:39.268080
TN 87 2430,865826046640860,59.0,44.21,173.77,03/09/2025 15:39:51,13.0158662,79.9382638,9382638,2025-09-04T23:21:39.268218
TN 87 2430,865826046640860,59.0,44.21,173.77,03/09/2025 15:39:51,13.0158662,79.9382638,9382638,2025-09-04T23:21:39.268382
TN 87 2430,865826046640860,59.0,44.21,173.77,03/09/2025 15:39:51,13.0158662,79.9382638,9382638,2025-09-04T23:21:39.268545
TN 87 2430,865826046640860,56.0,44.35,174.17,03/09/2025 15:39:41,13.0158829,79.9397373,9397373,2025-09-04T23:21:39.268686
TN 87 2430,865826046640860,56.0,44.35,174.17,03/09/2025 15:39:41,13.0158829,79.9397373,9397373,2025-09-04T23:21:39.268844
TN 87 2430,865826046640860,56.0,44.35,174.17,03/09/2025 15:39:41,13.0158829,79.9397373,9397373,2025-09-04T23:21:39.268969
TN 87 2430,865826046640860,56.0,44.35,174.17,03/09/2025 15:39:41,13.0158829,79.9397373,9397373,2025-09-04T23:21:39.269099
TN 87 2430,865826046640860,56.0,44.35,174.17,03/09/2025 15:39:41,13.0158829,79.9397373,9397373,2025-09-04T23:21:39.269218
TN 87 2430,865826046640860,56.0,44.35,174.17,03/09/2025 15:39:41,13.0158829,79.9397373,9397373,2025-09-04T23:21:39.269426
TN 87 2430,865826046640860,56.0,44.35,174.17,03/09/2025 15:39:41,13.0158829,79.9397373,9397373,2025-09-04T23:21:39.269684
TN 87 2430,865826046640860,56.0,44.35,174.17,03/09/2025 15:39:41,13.0158829,79.9397373,9397373,2025-09-04T23:21:39.269864
TN 87 2430,865826046640860,56.0,44.35,174.17,03/09/2025 15:39:41,13.0158829,79.9397373,9397373,2025-09-04T23:21:39.270002
TN 87 2430,865826046640860,56.0,44.35,174.17,03/09/2025 15:39:41,13.0158829,79.9397373,9397373,2025-09-04T23:21:39.270165
TN 87 2430,865826046640860,56.0,44.35,174.17,03/09/2025 15:39:41,13.0158829,79.9397373,9397373,2025-09-04T23:21:39.270361
TN 87 2430,865826046640860,56.0,44.35,174.17,03/09/2025 15:39:41,13.0158829,79.9397373,9397373,2025-09-04T23:21:39.270535
TN 87 2430,865826046640860,56.0,44.35,174.17,03/09/2025 15:39:41,13.0158829,79.9397373,9397373,2025-09-04T23:21:39.270734
TN 87 2430,865826046640860,56.0,44.35,174.17,03/09/2025 15:39:41,13.0158829,79.9397373,9397373,2025-09-04T23:21:39.270890
TN 87 2430,865826046640860,56.0,44.35,174.17,03/09/2025 15:39:41,13.0158829,79.9397373,9397373,2025-09-04T23:21:39.271036
TN 87 2430,865826046640860,56.0,44.35,174.17,03/09/2025 15:39:41,13.0158829,79.9397373,9397373,2025-09-04T23:21:39.271195
TN 87 2430,865826046640860,56.0,44.35,174.17,03/09/2025 15:39:41,13.0158829,79.9397373,9397373,2025-09-04T23:21:39.271362
TN 87 2430,865826046640860,56.0,44.35,174.17,03/09/2025 15:39:41,13.0158829,79.9397373,9397373,2025-09-04T23:21:39.271548
TN 87 2430,865826046640860,56.0,44.35,174.17,03/09/2025 15:39:41,13.0158829,79.9397373,9397373,2025-09-04T23:21:39.271717
TN 87 2430,865826046640860,56.0,44.35,174.17,03/09/2025 15:39:41,13.0158829,79.9397373,9397373,2025-09-04T23:21:39.271868
TN 87 2430,865826046640860,42.0,44.46,173.7,03/09/2025 15:39:31,13.0158996,79.9410486,9410486,2025-09-04T23:21:39.271984
TN 87 2430,865826046640860,42.0,44.46,173.7,03/09/2025 15:39:31,13.0158996,79.9410486,9410486,2025-09-04T23:21:39.272112
TN 87 2430,865826046640860,42.0,44.46,173.7,03/09/2025 15:39:31,13.0158996,79.9410486,9410486,2025-09-04T23:21:39.272278
TN 87 2430,865826046640860,42.0,44.46,173.7,03/09/2025 15:39:31,13.0158996,79.9410486,9410486,2025-09-04T23:21:39.272426
TN 87 2430,865826046640860,42.0,44.46,173.7,03/09/2025 15:39:31,13.0158996,79.9410486,9410486,2025-09-04T23:21:39.272564
TN 87 2430,865826046640860,42.0,44.46,173.7,03/09/2025 15:39:31,13.0158996,79.9410486,9410486,2025-09-04T23:21:39.272706
TN 87 2430,865826046640860,42.0,44.46,173.7,03/09/2025 15:39:31,13.0158996,79.9410486,9410486,2025-09-04T23:21:39.272853
TN 87 2430,865826046640860,42.0,44.46,173.7,03/09/2025 15:39:31,13.0158996,79.9410486,9410486,2025-09-04T23:21:39.272962
TN 87 2430,865826046640860,42.0,44.46,173.7,03/09/2025 15:39:31,13.0158996,79.9410486,9410486,2025-09-04T23:21:39.273072
TN 87 2430,865826046640860,42.0,44.46,173.7,03/09/2025 15:39:31,13.0158996,79.9410486,9410486,2025-09-04T23:21:39.273262
TN 87 2430,865826046640860,42.0,44.46,173.7,03/09/2025 15:39:31,13.0158996,79.9410486,9410486,2025-09-04T23:21:39.273427
TN 87 2430,865826046640860,42.0,44.46,173.7,03/09/2025 15:39:31,13.0158996,79.9410486,9410486,2025-09-04T23:21:39.273571
TN 87 2430,865826046640860,42.0,44.46,173.7,03/09/2025 15:39:31,13.0158996,79.9410486,9410486,2025-09-04T23:21:39.273710
TN 87 2430,865826046640860,42.0,44.46,173.7,03/09/2025 15:39:31,13.0158996,79.9410486,9410486,2025-09-04T23:21:39.273845
TN 87 2430,865826046640860,42.0,44.46,173.7,03/09/2025 15:39:31,13.0158996,79.9410486,9410486,2025-09-04T23:21:39.273997
TN 87 2430,865826046640860,42.0,44.46,173.7,03/09/2025 15:39:31,13.0158996,79.9410486,9410486,2025-09-04T23:21:39.274149
TN 87 2430,865826046640860,42.0,44.46,173.7,03/09/2025 15:39:31,13.0158996,79.9410486,9410486,2025-09-04T23:21:39.274280
TN 87 2430,865826046640860,42.0,44.46,173.7,03/09/2025 15:39:31,13.0158996,79.9410486,9410486,2025-09-04T23:21:39.274413
TN 87 2430,865826046640860,42.0,44.46,173.7,03/09/2025 15:39:31,13.0158996,79.9410486,9410486,2025-09-04T23:21:39.274558
TN 87 2430,865826046640860,41.0,44.97,173.14,03/09/2025 15:39:22,13.0155825,79.9419641,9419641,2025-09-04T23:21:39.274688
TN 87 2430,865826046640860,41.0,44.97,173.14,03/09/2025 15:39:22,13.0155825,79.9419641,9419641,2025-09-04T23:21:39.274827
TN 87 2430,865826046640860,41.0,44.97,173.14,03/09/2025 15:39:22,13.0155825,79.9419641,9419641,2025-09-04T23:21:39.274980
TN 87 2430,865826046640860,41.0,44.97,173.14,03/09/2025 15:39:22,13.0155825,79.9419641,9419641,2025-09-04T23:21:39.275117
TN 87 2430,865826046640860,41.0,44.97,173.14,03/09/2025 15:39:22,13.0155825,79.9419641,9419641,2025-09-04T23:21:39.275264
TN 87 2430,865826046640860,41.0,44.97,173.14,03/09/2025 15:39:22,13.0155825,79.9419641,9419641,2025-09-04T23:21:39.275423
TN 87 2430,865826046640860,41.0,44.97,173.14,03/09/2025 15:39:22,13.0155825,79.9419641,9419641,2025-09-04T23:21:39.275622
TN 87 2430,865826046640860,41.0,44.97,173.14,03/09/2025 15:39:22,13.0155825,79.9419641,9419641,2025-09-04T23:21:39.275793
TN 87 2430,865826046640860,41.0,44.97,173.14,03/09/2025 15:39:22,13.0155825,79.9419641,9419641,2025-09-04T23:21:39.275937
TN 87 2430,865826046640860,41.0,44.97,173.14,03/09/2025 15:39:22,13.0155825,79.9419641,9419641,2025-09-04T23:21:39.276080
TN 87 2430,865826046640860,41.0,44.97,173.14,03/09/2025 15:39:22,13.0155825,79.9419641,9419641,2025-09-04T23:21:39.276225
TN 87 2430,865826046640860,41.0,44.97,173.14,03/09/2025 15:39:22,13.0155825,79.9419641,9419641,2025-09-04T23:21:39.276373
TN 87 2430,865826046640860,41.0,44.97,173.14,03/09/2025 15:39:22,13.0155825,79.9419641,9419641,2025-09-04T23:21:39.276532
TN 87 2430,865826046640860,41.0,44.97,173.14,03/09/2025 15:39:22,13.0155825,79.9419641,9419641,2025-09-04T23:21:39.276662
TN 87 2430,865826046640860,41.0,44.97,173.14,03/09/2025 15:39:22,13.0155825,79.9419641,9419641,2025-09-04T23:21:39.276785
TN 87 2430,865826046640860,41.0,44.97,173.14,03/09/2025 15:39:22,13.0155825,79.9419641,9419641,2025-09-04T23:21:39.276924
TN 87 2430,865826046640860,41.0,44.97,173.14,03/09/2025 15:39:22,13.0155825,79.9419641,9419641,2025-09-04T23:21:39.277057
TN 87 2430,865826046640860,48.0,44.97,172.92,03/09/2025 15:39:12,13.0148494,79.9429178,9429178,2025-09-04T23:21:39.277196
TN 87 2430,865826046640860,64.0,45.14,171.53,03/09/2025 15:38:42,13.0153834,79.9466991,9466991,2025-09-04T23:21:39.277323
TN 87 2430,865826046640860,69.0,45.33,171.32,03/09/2025 15:38:33,13.0162,79.9480342,9480342,2025-09-04T23:21:39.277448
TN 87 2430,865826046640860,69.0,45.33,171.32,03/09/2025 15:38:33,13.0162,79.9480342,9480342,2025-09-04T23:21:39.277582
TN 87 2430,865826046640860,62.0,45.49,171.24,03/09/2025 15:38:23,13.0171835,79.9494314,9494314,2025-09-04T23:21:39.277747
TN 87 2430,865826046640860,62.0,45.49,171.24,03/09/2025 15:38:23,13.0171835,79.9494314,9494314,2025-09-04T23:21:39.277898
TN 87 2430,865826046640860,57.0,45.65,171.15,03/09/2025 15:38:13,13.0182337,79.9504995,9504995,2025-09-04T23:21:39.278042
TN 87 2430,865826046640860,57.0,45.65,171.15,03/09/2025 15:38:13,13.0182337,79.9504995,9504995,2025-09-04T23:21:39.278272
TN 87 2430,865826046640860,54.0,45.78,171.41,03/09/2025 15:38:03,13.0192673,79.9515295,9515295,2025-09-04T23:21:39.278476
TN 87 2430,865826046640860,54.0,45.78,171.41,03/09/2025 15:38:03,13.0192673,79.9515295,9515295,2025-09-04T23:21:39.278621
TN 87 2430,865826046640860,45.0,45.89,173.0,03/09/2025 15:37:54,13.0199337,79.9524688,9524688,2025-09-04T23:21:39.278813
TN 87 2430,865826046640860,45.0,45.89,173.0,03/09/2025 15:37:54,13.0199337,79.9524688,9524688,2025-09-04T23:21:39.279006
TN 87 2430,865826046640860,38.0,46.01,172.9,03/09/2025 15:37:44,13.0204498,79.9533462,9533462,2025-09-04T23:21:39.279210
TN 87 2430,865826046640860,38.0,46.01,172.9,03/09/2025 15:37:44,13.0204498,79.9533462,9533462,2025-09-04T23:21:39.279393
TN 87 2430,865826046640860,46.0,46.14,172.89,03/09/2025 15:37:34,13.0210173,79.9543285,9543285,2025-09-04T23:21:39.279564
TN 87 2430,865826046640860,46.0,46.14,172.89,03/09/2025 15:37:34,13.0210173,79.9543285,9543285,2025-09-04T23:21:39.279752
TN 87 2430,865826046640860,42.0,46.33,172.84,03/09/2025 15:37:24,13.0212998,79.9554538,9554538,2025-09-04T23:21:39.279947
TN 87 2430,865826046640860,42.0,46.33,172.84,03/09/2025 15:37:24,13.0212998,79.9554538,9554538,2025-09-04T23:21:39.280115
TN 87 2430,865826046640860,40.0,46.45,172.81,03/09/2025 15:37:05,13.0220675,79.9570989,9570989,2025-09-04T23:21:39.280255
TN 87 2430,865826046640860,43.0,46.57,174.33,03/09/2025 15:36:55,13.0221498,79.9581813,9581813,2025-09-04T23:21:39.280387
TN 87 2430,865826046640860,39.0,46.69,174.34,03/09/2025 15:36:45,13.022083,79.9592351,9592351,2025-09-04T23:21:39.280558
TN 87 2430,865826046640860,46.0,46.81,175.17,03/09/2025 15:36:35,13.0220162,79.9604034,9604034,2025-09-04T23:21:39.280740
TN 87 2430,865826046640860,43.0,46.93,175.06,03/09/2025 15:36:26,13.0219674,79.9614477,9614477,2025-09-04T23:21:39.280903
TN 87 2430,865826046640860,51.0,47.33,174.87,03/09/2025 15:36:16,13.0219006,79.9626159,9626159,2025-09-04T23:21:39.281069
TN 87 2430,865826046640860,41.0,47.43,170.31,03/09/2025 15:35:47,13.0217337,79.9662685,9662685,2025-09-04T23:21:39.281248
TN 87 2430,865826046640860,33.0,47.51,173.18,03/09/2025 15:35:37,13.021667,79.9672317,9672317,2025-09-04T23:21:39.281468
TN 87 2430,865826046640860,23.0,47.55,173.32,03/09/2025 15:35:27,13.0216169,79.967947,9679470,2025-09-04T23:21:39.281659
TN 87 2430,865826046640860,0.0,47.55,173.06,03/09/2025 15:35:17,13.0216169,79.9682998,9682998,2025-09-04T23:21:39.281870
TN 87 2430,865826046640860,39.0,47.69,173.03,03/09/2025 15:35:08,13.0215835,79.9686193,9686193,2025-09-04T23:21:39.282075
TN 87 2430,865826046640860,50.0,47.83,172.9,03/09/2025 15:34:58,13.0215334,79.9699163,9699163,2025-09-04T23:21:39.282300
TN 87 2430,865826046640860,44.0,48.01,174.9,03/09/2025 15:34:48,13.0214834,79.9711847,9711847,2025-09-04T23:21:39.282465
TN 87 2430,865826046640860,37.0,48.15,174.73,03/09/2025 15:34:29,13.0213665,79.9729156,9729156,2025-09-04T23:21:39.282637
TN 87 2430,865826046640860,55.0,48.32,174.69,03/09/2025 15:34:19,13.0207991,79.9740695,9740695,2025-09-04T23:21:39.282804
TN 87 2430,865826046640860,61.0,48.5,174.65,03/09/2025 15:34:09,13.0200326,79.9753665,9753665,2025-09-04T23:21:39.282943
TN 87 2430,865826046640860,56.0,48.62,174.59,03/09/2025 15:33:58,13.0191671,79.9768161,9768161,2025-09-04T23:21:39.283083
TN 87 2430,865826046640860,48.0,48.74,174.57,03/09/2025 15:33:50,13.0186331,79.9777698,9777698,2025-09-04T23:21:39.283256
TN 87 2430,865826046640860,37.0,48.84,174.55,03/09/2025 15:33:40,13.0181169,79.9787521,9787521,2025-09-04T23:21:39.283408
TN 87 2430,865826046640860,36.0,48.93,174.8,03/09/2025 15:33:30,13.0179166,79.9796533,9796533,2025-09-04T23:21:39.283545
TN 87 2430,865826046640860,30.0,49.01,174.03,03/09/2025 15:33:20,13.0178999,79.980483,9804830,2025-09-04T23:21:39.283713
TN 87 2430,865826046640860,32.0,49.14,174.53,03/09/2025 15:33:11,13.0178499,79.981203,9812030,2025-09-04T23:21:39.283880
TN 87 2430,865826046640860,32.0,49.14,174.53,03/09/2025 15:33:11,13.0178499,79.981203,9812030,2025-09-04T23:21:39.284144
TN 87 2430,865826046640860,47.0,49.25,175.01,03/09/2025 15:33:01,13.0178332,79.9823522,9823522,2025-09-04T23:21:39.284335
TN 87 2430,865826046640860,36.0,49.36,176.13,03/09/2025 15:32:51,13.0178833,79.9834537,9834537,2025-09-04T23:21:39.284557
TN 87 2430,865826046640860,38.0,49.46,176.15,03/09/2025 15:32:41,13.0179333,79.9843835,9843835,2025-09-04T23:21:39.284709
TN 87 2430,865826046640860,33.0,49.55,176.53,03/09/2025 15:32:31,13.0180001,79.9853515,9853515,2025-09-04T23:21:39.284847
TN 87 2430,865826046640860,40.0,49.79,176.33,03/09/2025 15:32:22,13.0180001,79.9862146,9862146,2025-09-04T23:21:39.284979
TN 87 2430,865826046640860,39.0,49.91,175.99,03/09/2025 15:32:03,13.0180501,79.9884033,9884033,2025-09-04T23:21:39.285106
TN 87 2430,865826046640860,43.0,50.02,175.9,03/09/2025 15:31:52,13.0183494,79.9895,9895000,2025-09-04T23:21:39.285234
TN 87 2430,865826046640860,49.0,50.18,175.58,03/09/2025 15:31:43,13.0186998,79.9904489,9904489,2025-09-04T23:21:39.285367
TN 87 2430,865826046640860,59.0,50.34,174.59,03/09/2025 15:31:33,13.0186831,79.9918842,9918842,2025-09-04T23:21:39.285526
TN 87 2430,865826046640860,54.0,50.49,173.8,03/09/2025 15:31:23,13.018434,79.9933338,9933338,2025-09-04T23:21:39.285717
TN 87 2430,865826046640860,54.0,50.49,173.8,03/09/2025 15:31:23,13.018434,79.9933338,9933338,2025-09-04T23:21:39.285907
TN 87 2430,865826046640860,54.0,50.49,173.8,03/09/2025 15:31:23,13.018434,79.9933338,9933338,2025-09-04T23:21:39.286096
TN 87 2430,865826046640860,54.0,50.49,173.8,03/09/2025 15:31:23,13.018434,79.9933338,9933338,2025-09-04T23:21:39.286265
TN 87 2430,865826046640860,54.0,50.49,173.8,03/09/2025 15:31:23,13.018434,79.9933338,9933338,2025-09-04T23:21:39.286420
TN 87 2430,865826046640860,51.0,50.62,174.35,03/09/2025 15:31:13,13.0184006,79.9946975,9946975,2025-09-04T23:21:39.286559
TN 87 2430,865826046640860,42.0,50.72,176.97,03/09/2025 15:31:03,13.0184829,79.9959039,9959039,2025-09-04T23:21:39.286680
TN 87 2430,865826046640860,42.0,50.72,176.97,03/09/2025 15:31:03,13.0184829,79.9959039,9959039,2025-09-04T23:21:39.286821
TN 87 2430,865826046640860,42.0,50.72,176.97,03/09/2025 15:31:03,13.0184829,79.9959039,9959039,2025-09-04T23:21:39.286950
TN 87 2430,865826046640860,42.0,50.72,176.97,03/09/2025 15:31:03,13.0184829,79.9959039,9959039,2025-09-04T23:21:39.287075
TN 87 2430,865826046640860,42.0,50.72,176.97,03/09/2025 15:31:03,13.0184829,79.9959039,9959039,2025-09-04T23:21:39.287213
TN 87 2430,865826046640860,34.0,50.8,177.91,03/09/2025 15:30:54,13.0185163,79.9968194,9968194,2025-09-04T23:21:39.287348
TN 87 2430,865826046640860,34.0,50.8,177.91,03/09/2025 15:30:54,13.0185163,79.9968194,9968194,2025-09-04T23:21:39.287489
TN 87 2430,865826046640860,34.0,50.8,177.91,03/09/2025 15:30:54,13.0185163,79.9968194,9968194,2025-09-04T23:21:39.287640
TN 87 2430,865826046640860,34.0,50.8,177.91,03/09/2025 15:30:54,13.0185163,79.9968194,9968194,2025-09-04T23:21:39.287775
TN 87 2430,865826046640860,34.0,50.8,177.91,03/09/2025 15:30:54,13.0185163,79.9968194,9968194,2025-09-04T23:21:39.287884
TN 87 2430,865826046640860,34.0,50.8,177.91,03/09/2025 15:30:54,13.0185163,79.9968194,9968194,2025-09-04T23:21:39.287995
TN 87 2430,865826046640860,34.0,50.8,177.91,03/09/2025 15:30:54,13.0185163,79.9968194,9968194,2025-09-04T23:21:39.288120
TN 87 2430,865826046640860,18.0,50.82,180.36,03/09/2025 15:30:44,13.0185496,79.9975824,9975824,2025-09-04T23:21:39.288229
TN 87 2430,865826046640860,18.0,50.82,180.36,03/09/2025 15:30:44,13.0185496,79.9975824,9975824,2025-09-04T23:21:39.288367
TN 87 2430,865826046640860,18.0,50.82,180.36,03/09/2025 15:30:44,13.0185496,79.9975824,9975824,2025-09-04T23:21:39.288492
TN 87 2430,865826046640860,18.0,50.82,180.36,03/09/2025 15:30:44,13.0185496,79.9975824,9975824,2025-09-04T23:21:39.288628
TN 87 2430,865826046640860,18.0,50.82,180.36,03/09/2025 15:30:44,13.0185496,79.9975824,9975824,2025-09-04T23:21:39.288770
TN 87 2430,865826046640860,18.0,50.82,180.36,03/09/2025 15:30:44,13.0185496,79.9975824,9975824,2025-09-04T23:21:39.288919
TN 87 2430,865826046640860,18.0,50.82,180.36,03/09/2025 15:30:44,13.0185496,79.9975824,9975824,2025-09-04T23:21:39.289059
TN 87 2430,865826046640860,0.0,50.82,180.27,03/09/2025 15:30:34,13.0185675,79.997735,9977350,2025-09-04T23:21:39.289185
TN 87 2430,865826046640860,0.0,50.82,180.27,03/09/2025 15:30:34,13.0185675,79.997735,9977350,2025-09-04T23:21:39.289307
TN 87 2430,865826046640860,0.0,50.82,180.27,03/09/2025 15:30:34,13.0185675,79.997735,9977350,2025-09-04T23:21:39.289443
TN 87 2430,865826046640860,0.0,50.82,180.27,03/09/2025 15:30:34,13.0185675,79.997735,9977350,2025-09-04T23:21:39.289572
TN 87 2430,865826046640860,0.0,50.82,180.27,03/09/2025 15:30:34,13.0185675,79.997735,9977350,2025-09-04T23:21:39.289719
TN 87 2430,865826046640860,0.0,50.82,180.27,03/09/2025 15:30:34,13.0185675,79.997735,9977350,2025-09-04T23:21:39.289899
TN 87 2430,865826046640860,0.0,50.82,180.27,03/09/2025 15:30:34,13.0185675,79.997735,9977350,2025-09-04T23:21:39.290014
TN 87 2430,865826046640860,0.0,50.82,180.25,03/09/2025 15:30:24,13.0185675,79.997735,9977350,2025-09-04T23:21:39.290144
TN 87 2430,865826046640860,0.0,50.82,180.25,03/09/2025 15:30:24,13.0185675,79.997735,9977350,2025-09-04T23:21:39.290289
TN 87 2430,865826046640860,0.0,50.82,180.25,03/09/2025 15:30:24,13.0185675,79.997735,9977350,2025-09-04T23:21:39.290421
TN 87 2430,865826046640860,0.0,50.82,176.65,03/09/2025 15:29:36,13.0185675,79.997735,9977350,2025-09-04T23:21:39.290551
TN 87 2430,865826046640860,7.0,50.82,173.93,03/09/2025 15:29:26,13.0185675,79.9977493,9977493,2025-09-04T23:21:39.290699
TN 87 2430,865826046640860,13.0,50.82,173.87,03/09/2025 15:29:16,13.018583,79.9980306,9980306,2025-09-04T23:21:39.290838
TN 87 2430,865826046640860,40.0,50.82,173.5,03/09/2025 15:29:06,13.0186498,79.9988031,9988031,2025-09-04T23:21:39.290989
TN 87 2430,865826046640860,26.0,50.87,177.01,03/09/2025 15:28:47,13.0186498,80.0004482,0004482,2025-09-04T23:21:39.291148
TN 87 2430,865826046640860,13.0,50.89,176.81,03/09/2025 15:28:37,13.0186009,80.0009727,0009727,2025-09-04T23:21:39.291285
TN 87 2430,865826046640860,6.0,50.92,176.74,03/09/2025 15:28:27,13.0186164,80.0011348,0011348,2025-09-04T23:21:39.291549
TN 87 2430,865826046640860,23.0,50.98,177.26,03/09/2025 15:28:14,13.018583,80.0014209,0014209,2025-09-04T23:21:39.291763
TN 87 2430,865826046640860,42.0,51.1,178.09,03/09/2025 15:28:08,13.0185496,80.0019645,0019645,2025-09-04T23:21:39.291939
TN 87 2430,865826046640860,36.0,51.19,179.63,03/09/2025 15:27:58,13.0184829,80.0030326,0030326,2025-09-04T23:21:39.292137
TN 87 2430,865826046640860,25.0,51.27,179.7,03/09/2025 15:27:48,13.018583,80.0038528,0038528,2025-09-04T23:21:39.292339
TN 87 2430,865826046640860,27.0,51.32,180.14,03/09/2025 15:27:37,13.0186998,80.0046348,0046348,2025-09-04T23:21:39.292537
TN 87 2430,865826046640860,15.0,51.34,180.1,03/09/2025 15:27:29,13.0187332,80.005083,0050830,2025-09-04T23:21:39.292749
TN 87 2430,865826046640860,0.0,51.34,180.05,03/09/2025 15:27:19,13.0187332,80.0052452,0052452,2025-09-04T23:21:39.292932
TN 87 2430,865826046640860,24.0,51.4,179.95,03/09/2025 15:27:09,13.0187165,80.0055313,0055313,2025-09-04T23:21:39.293182
TN 87 2430,865826046640860,18.0,51.44,179.8,03/09/2025 15:26:59,13.0186998,80.0061225,0061225,2025-09-04T23:21:39.293350
TN 87 2430,865826046640860,18.0,51.44,179.8,03/09/2025 15:26:59,13.0186998,80.0061225,0061225,2025-09-04T23:21:39.293539
TN 87 2430,865826046640860,18.0,51.44,179.8,03/09/2025 15:26:59,13.0186998,80.0061225,0061225,2025-09-04T23:21:39.293700
TN 87 2430,865826046640860,21.0,51.51,179.75,03/09/2025 15:26:50,13.0186665,80.0064849,0064849,2025-09-04T23:21:39.293862
TN 87 2430,865826046640860,21.0,51.51,179.75,03/09/2025 15:26:50,13.0186665,80.0064849,0064849,2025-09-04T23:21:39.294013
TN 87 2430,865826046640860,21.0,51.51,179.75,03/09/2025 15:26:50,13.0186665,80.0064849,0064849,2025-09-04T23:21:39.294146
TN 87 2430,865826046640860,21.0,51.51,179.75,03/09/2025 15:26:50,13.0186665,80.0064849,0064849,2025-09-04T23:21:39.294291
TN 87 2430,865826046640860,21.0,51.51,179.75,03/09/2025 15:26:50,13.0186665,80.0064849,0064849,2025-09-04T23:21:39.294427
TN 87 2430,865826046640860,24.0,51.58,179.6,03/09/2025 15:26:40,13.0186164,80.0071144,0071144,2025-09-04T23:21:39.294583
TN 87 2430,865826046640860,24.0,51.58,179.6,03/09/2025 15:26:40,13.0186164,80.0071144,0071144,2025-09-04T23:21:39.294702
TN 87 2430,865826046640860,24.0,51.58,179.6,03/09/2025 15:26:40,13.0186164,80.0071144,0071144,2025-09-04T23:21:39.294857
TN 87 2430,865826046640860,24.0,51.58,179.6,03/09/2025 15:26:40,13.0186164,80.0071144,0071144,2025-09-04T23:21:39.295043
TN 87 2430,865826046640860,24.0,51.75,179.55,03/09/2025 15:26:30,13.018583,80.0077629,0077629,2025-09-04T23:21:39.295185
TN 87 2430,865826046640860,24.0,51.75,179.55,03/09/2025 15:26:30,13.018583,80.0077629,0077629,2025-09-04T23:21:39.295322
TN 87 2430,865826046640860,24.0,51.75,179.55,03/09/2025 15:26:30,13.018583,80.0077629,0077629,2025-09-04T23:21:39.295448
TN 87 2430,865826046640860,24.0,51.75,179.55,03/09/2025 15:26:30,13.018583,80.0077629,0077629,2025-09-04T23:21:39.295603
TN 87 2430,865826046640860,22.0,51.75,179.41,03/09/2025 15:26:20,13.0185341,80.0084114,0084114,2025-09-04T23:21:39.295779
TN 87 2430,865826046640860,22.0,51.75,179.41,03/09/2025 15:26:20,13.0185341,80.0084114,0084114,2025-09-04T23:21:39.295967
TN 87 2430,865826046640860,36.0,51.75,178.83,03/09/2025 15:25:31,13.017466,80.008583,0085830,2025-09-04T23:21:39.296114
TN 87 2430,865826046640860,54.0,53.65,179.04,03/09/2025 15:25:22,13.0170166,80.0077342,0077342,2025-09-04T23:21:39.296277
TN 87 2430,865826046640860,41.0,53.65,182.09,03/09/2025 15:25:02,13.0160164,80.0053596,0053596,2025-09-04T23:21:39.296408
TN 87 2430,865826046640860,41.0,53.65,182.09,03/09/2025 15:25:02,13.0160164,80.0053596,0053596,2025-09-04T23:21:39.296545
TN 87 2430,865826046640860,39.0,53.65,182.05,03/09/2025 15:24:52,13.015567,80.0045299,0045299,2025-09-04T23:21:39.296683
TN 87 2430,865826046640860,39.0,53.65,182.05,03/09/2025 15:24:52,13.015567,80.0045299,0045299,2025-09-04T23:21:39.296818
TN 87 2430,865826046640860,66.0,53.65,182.05,03/09/2025 15:24:43,13.0149829,80.0035285,0035285,2025-09-04T23:21:39.296928
TN 87 2430,865826046640860,66.0,53.65,182.05,03/09/2025 15:24:43,13.0149829,80.0035285,0035285,2025-09-04T23:21:39.297097
TN 87 2430,865826046640860,68.0,53.65,181.48,03/09/2025 15:24:33,13.0139839,80.0020503,0020503,2025-09-04T23:21:39.297235
TN 87 2430,865826046640860,68.0,53.65,181.48,03/09/2025 15:24:33,13.0139839,80.0020503,0020503,2025-09-04T23:21:39.297341
TN 87 2430,865826046640860,43.0,53.82,178.54,03/09/2025 15:23:25,13.0056166,79.9947643,9947643,2025-09-04T23:21:39.297443
TN 87 2430,865826046640860,8.0,53.91,183.17,03/09/2025 15:22:45,13.0042159,79.9941349,9941349,2025-09-04T23:21:39.297563
TN 87 2430,865826046640860,8.0,53.91,183.26,03/09/2025 15:22:36,13.0044674,79.9942684,9942684,2025-09-04T23:21:39.297694
TN 87 2430,865826046640860,0.0,53.91,183.31,03/09/2025 15:22:26,13.0045831,79.9943447,9943447,2025-09-04T23:21:39.297820
TN 87 2430,865826046640860,0.0,53.91,183.32,03/09/2025 15:22:16,13.0046331,79.9943828,9943828,2025-09-04T23:21:39.297960
TN 87 2430,865826046640860,0.0,53.91,183.31,03/09/2025 15:22:01,13.0047333,79.9944543,9944543,2025-09-04T23:21:39.298084
TN 87 2430,865826046640860,14.0,53.96,183.31,03/09/2025 15:21:47,13.0049335,79.9945974,9945974,2025-09-04T23:21:39.298213
TN 87 2430,865826046640860,0.0,53.96,183.26,03/09/2025 15:21:37,13.0052828,79.9948501,9948501,2025-09-04T23:21:39.298336
TN 87 2430,865826046640860,0.0,53.96,183.26,03/09/2025 15:21:26,13.0053162,79.9948787,9948787,2025-09-04T23:21:39.298444
TN 87 2430,865826046640860,0.0,53.96,183.01,03/09/2025 15:21:18,13.0053329,79.9948644,9948644,2025-09-04T23:21:39.298547
TN 87 2430,865826046640860,10.0,53.96,183.03,03/09/2025 15:21:08,13.0053997,79.9949026,9949026,2025-09-04T23:21:39.298710
TN 87 2430,865826046640860,0.0,53.96,183.71,03/09/2025 15:20:58,13.0056834,79.9950647,9950647,2025-09-04T23:21:39.298867
TN 87 2430,865826046640860,0.0,53.96,184.86,03/09/2025 15:20:48,13.0057168,79.9950647,9950647,2025-09-04T23:21:39.298996
TN 87 2430,865826046640860,0.0,53.96,184.86,03/09/2025 15:20:48,13.0057168,79.9950647,9950647,2025-09-04T23:21:39.299117
TN 87 2430,865826046640860,0.0,53.96,184.86,03/09/2025 15:20:48,13.0057168,79.9950647,9950647,2025-09-04T23:21:39.299253
TN 87 2430,865826046640860,9.0,53.96,184.91,03/09/2025 15:20:39,13.0057835,79.9951314,9951314,2025-09-04T23:21:39.299369
TN 87 2430,865826046640860,9.0,53.96,184.91,03/09/2025 15:20:39,13.0057835,79.9951314,9951314,2025-09-04T23:21:39.299495
TN 87 2430,865826046640860,9.0,53.96,184.91,03/09/2025 15:20:39,13.0057835,79.9951314,9951314,2025-09-04T23:21:39.299618
TN 87 2430,865826046640860,18.0,53.96,185.1,03/09/2025 15:20:29,13.0061173,79.9953699,9953699,2025-09-04T23:21:39.299751
TN 87 2430,865826046640860,18.0,53.96,185.1,03/09/2025 15:20:29,13.0061173,79.9953699,9953699,2025-09-04T23:21:39.299886
TN 87 2430,865826046640860,18.0,53.96,185.1,03/09/2025 15:20:29,13.0061173,79.9953699,9953699,2025-09-04T23:21:39.300002
TN 87 2430,865826046640860,7.0,53.96,185.81,03/09/2025 15:20:19,13.0063498,79.9954509,9954509,2025-09-04T23:21:39.300139
TN 87 2430,865826046640860,7.0,53.96,185.81,03/09/2025 15:20:19,13.0063498,79.9954509,9954509,2025-09-04T23:21:39.300265
TN 87 2430,865826046640860,44.0,53.96,178.34,03/09/2025 15:19:30,13.0105328,79.9983692,9983692,2025-09-04T23:21:39.300387
TN 87 2430,865826046640860,37.0,53.96,178.81,03/09/2025 15:19:20,13.0113673,79.999032,9990320,2025-09-04T23:21:39.300513
TN 87 2430,865826046640860,30.0,53.96,181.65,03/09/2025 15:19:11,13.0119168,79.9996185,9996185,2025-09-04T23:21:39.300644
TN 87 2430,865826046640860,18.0,53.96,181.5,03/09/2025 15:19:01,13.0123162,80.0000953,0000953,2025-09-04T23:21:39.300770
TN 87 2430,865826046640860,10.0,53.96,180.79,03/09/2025 15:18:12,13.0106496,80.0021839,0021839,2025-09-04T23:21:39.300931
TN 87 2430,865826046640860,10.0,53.96,180.79,03/09/2025 15:18:12,13.0106496,80.0021839,0021839,2025-09-04T23:21:39.301149
TN 87 2430,865826046640860,0.0,53.96,180.79,03/09/2025 15:18:02,13.0105829,80.0023841,0023841,2025-09-04T23:21:39.301342
TN 87 2430,865826046640860,0.0,53.96,180.79,03/09/2025 15:18:02,13.0105829,80.0023841,0023841,2025-09-04T23:21:39.301515
TN 87 2430,865826046640860,0.0,53.96,180.97,03/09/2025 15:17:53,13.0105829,80.0023841,0023841,2025-09-04T23:21:39.301683
TN 87 2430,865826046640860,0.0,53.96,180.97,03/09/2025 15:17:53,13.0105829,80.0023841,0023841,2025-09-04T23:21:39.301822
TN 87 2430,865826046640860,0.0,53.96,181.55,03/09/2025 15:17:43,13.0105829,80.0023841,0023841,2025-09-04T23:21:39.301978
TN 87 2430,865826046640860,0.0,53.96,181.55,03/09/2025 15:17:43,13.0105829,80.0023841,0023841,2025-09-04T23:21:39.302121
TN 87 2430,865826046640860,0.0,53.96,181.62,03/09/2025 15:16:54,13.0105829,80.0025653,0025653,2025-09-04T23:21:39.302282
TN 87 2430,865826046640860,11.0,53.96,181.6,03/09/2025 15:16:44,13.0105829,80.0027275,0027275,2025-09-04T23:21:39.302433
TN 87 2430,865826046640860,12.0,53.96,181.58,03/09/2025 15:16:34,13.0105996,80.0030517,0030517,2025-09-04T23:21:39.302570
TN 87 2430,865826046640860,0.0,53.96,181.55,03/09/2025 15:16:25,13.0106163,80.0033187,0033187,2025-09-04T23:21:39.302701
TN 87 2430,865826046640860,0.0,53.96,181.52,03/09/2025 15:16:05,13.0106163,80.0035858,0035858,2025-09-04T23:21:39.302877
TN 87 2430,865826046640860,0.0,53.96,181.51,03/09/2025 15:15:55,13.0106329,80.0036811,0036811,2025-09-04T23:21:39.303032
TN 87 2430,865826046640860,0.0,53.96,183.22,03/09/2025 15:15:46,13.0106329,80.0036811,0036811,2025-09-04T23:21:39.303192
TN 87 2430,865826046640860,0.0,53.96,184.14,03/09/2025 15:15:35,13.0106329,80.0036811,0036811,2025-09-04T23:21:39.303331
TN 87 2430,865826046640860,0.0,53.96,184.46,03/09/2025 15:15:26,13.0106329,80.003767,0037670,2025-09-04T23:21:39.303486
TN 87 2430,865826046640860,0.0,53.96,184.46,03/09/2025 15:15:16,13.010683,80.003767,0037670,2025-09-04T23:21:39.303613
TN 87 2430,865826046640860,0.0,53.96,184.46,03/09/2025 15:15:16,13.010683,80.003767,0037670,2025-09-04T23:21:39.303746
TN 87 2430,865826046640860,0.0,53.96,184.46,03/09/2025 15:15:16,13.010683,80.003767,0037670,2025-09-04T23:21:39.303878
TN 87 2430,865826046640860,0.0,53.96,184.49,03/09/2025 15:15:07,13.010683,80.003767,0037670,2025-09-04T23:21:39.304016
TN 87 2430,865826046640860,0.0,53.96,184.49,03/09/2025 15:15:07,13.010683,80.003767,0037670,2025-09-04T23:21:39.304153
TN 87 2430,865826046640860,0.0,53.96,184.49,03/09/2025 15:15:07,13.010683,80.003767,0037670,2025-09-04T23:21:39.304285
TN 87 2430,865826046640860,0.0,53.96,184.5,03/09/2025 15:14:57,13.010683,80.003767,0037670,2025-09-04T23:21:39.304429
TN 87 2430,865826046640860,0.0,53.96,184.5,03/09/2025 15:14:57,13.010683,80.003767,0037670,2025-09-04T23:21:39.304611
TN 87 2430,865826046640860,0.0,53.96,184.5,03/09/2025 15:14:57,13.010683,80.003767,0037670,2025-09-04T23:21:39.304792
TN 87 2430,865826046640860,0.0,53.96,184.5,03/09/2025 15:14:47,13.010683,80.003767,0037670,2025-09-04T23:21:39.305001
TN 87 2430,865826046640860,0.0,53.96,184.5,03/09/2025 15:14:47,13.010683,80.003767,0037670,2025-09-04T23:21:39.305176
TN 87 2430,865826046640860,0.0,53.96,184.5,03/09/2025 15:14:47,13.010683,80.003767,0037670,2025-09-04T23:21:39.305342
TN 87 2430,865826046640860,0.0,53.96,183.42,03/09/2025 15:13:58,13.0106663,80.0038146,0038146,2025-09-04T23:21:39.305540
TN 87 2430,865826046640860,0.0,53.96,183.67,03/09/2025 15:13:48,13.0106997,80.0038146,0038146,2025-09-04T23:21:39.305748
TN 87 2430,865826046640860,0.0,53.96,183.75,03/09/2025 15:13:39,13.0106997,80.0038146,0038146,2025-09-04T23:21:39.305966
TN 87 2430,865826046640860,0.0,53.96,183.75,03/09/2025 15:13:29,13.0106997,80.0038146,0038146,2025-09-04T23:21:39.306162
TN 87 2430,865826046640860,0.0,53.96,183.76,03/09/2025 15:13:19,13.0106997,80.0038146,0038146,2025-09-04T23:21:39.306363
TN 87 2430,865826046640860,0.0,53.96,183.81,03/09/2025 15:13:09,13.0106997,80.0038146,0038146,2025-09-04T23:21:39.306596
TN 87 2430,865826046640860,0.0,53.96,183.82,03/09/2025 15:13:00,13.0106997,80.0038146,0038146,2025-09-04T23:21:39.306769
TN 87 2430,865826046640860,0.0,53.96,183.78,03/09/2025 15:12:50,13.0106997,80.0038146,0038146,2025-09-04T23:21:39.306939
TN 87 2430,865826046640860,0.0,53.96,183.79,03/09/2025 15:12:01,13.0106997,80.0038146,0038146,2025-09-04T23:21:39.307088
TN 87 2430,865826046640860,0.0,53.96,183.83,03/09/2025 15:11:51,13.0106997,80.0038146,0038146,2025-09-04T23:21:39.307231
TN 87 2430,865826046640860,0.0,53.96,183.85,03/09/2025 15:11:41,13.0106997,80.0038146,0038146,2025-09-04T23:21:39.307384
TN 87 2430,865826046640860,0.0,53.96,183.86,03/09/2025 15:11:32,13.0106997,80.0038146,0038146,2025-09-04T23:21:39.307533
TN 87 2430,865826046640860,0.0,53.96,183.85,03/09/2025 15:11:12,13.0106997,80.0038146,0038146,2025-09-04T23:21:39.307665
TN 87 2430,865826046640860,0.0,53.96,183.85,03/09/2025 15:11:02,13.0106997,80.0038146,0038146,2025-09-04T23:21:39.307832
TN 87 2430,865826046640860,0.0,53.96,183.84,03/09/2025 15:10:53,13.0106997,80.0038146,0038146,2025-09-04T23:21:39.307990
TN 87 2430,865826046640860,0.0,53.96,183.85,03/09/2025 15:10:43,13.0106997,80.0038146,0038146,2025-09-04T23:21:39.308135
TN 87 2430,865826046640860,0.0,53.96,183.86,03/09/2025 15:10:33,13.0106997,80.0038146,0038146,2025-09-04T23:21:39.308263
TN 87 2430,865826046640860,0.0,53.96,183.85,03/09/2025 15:10:14,13.0106997,80.0038146,0038146,2025-09-04T23:21:39.308426
TN 87 2430,865826046640860,0.0,53.96,183.86,03/09/2025 15:10:04,13.0106997,80.0038146,0038146,2025-09-04T23:21:39.308580
TN 87 2430,865826046640860,0.0,53.96,183.92,03/09/2025 15:09:54,13.0106997,80.0038146,0038146,2025-09-04T23:21:39.308707
TN 87 2430,865826046640860,0.0,53.96,183.95,03/09/2025 15:09:44,13.0106997,80.0038146,0038146,2025-09-04T23:21:39.308874
TN 87 2430,865826046640860,0.0,53.96,183.95,03/09/2025 15:09:34,13.0106997,80.0038146,0038146,2025-09-04T23:21:39.309046
TN 87 2430,865826046640860,0.0,53.96,183.97,03/09/2025 15:08:36,13.0106997,80.0038146,0038146,2025-09-04T23:21:39.309188
TN 87 2430,865826046640860,0.0,53.96,183.97,03/09/2025 15:08:26,13.0106997,80.0038146,0038146,2025-09-04T23:21:39.309316
TN 87 2430,865826046640860,0.0,53.96,183.97,03/09/2025 15:08:26,13.0106997,80.0038146,0038146,2025-09-04T23:21:39.309436
TN 87 2430,865826046640860,0.0,53.96,183.97,03/09/2025 15:08:26,13.0106997,80.0038146,0038146,2025-09-04T23:21:39.309619
TN 87 2430,865826046640860,0.0,53.96,184.01,03/09/2025 15:08:16,13.0106997,80.0038146,0038146,2025-09-04T23:21:39.309803
TN 87 2430,865826046640860,0.0,53.96,184.01,03/09/2025 15:08:16,13.0106997,80.0038146,0038146,2025-09-04T23:21:39.309960
TN 87 2430,865826046640860,0.0,53.96,184.01,03/09/2025 15:08:16,13.0106997,80.0038146,0038146,2025-09-04T23:21:39.310090
TN 87 2430,865826046640860,0.0,53.96,184.03,03/09/2025 15:08:07,13.0106997,80.0038146,0038146,2025-09-04T23:21:39.310204
TN 87 2430,865826046640860,0.0,53.96,184.03,03/09/2025 15:08:07,13.0106997,80.0038146,0038146,2025-09-04T23:21:39.310352
TN 87 2430,865826046640860,0.0,53.96,184.03,03/09/2025 15:08:07,13.0106997,80.0038146,0038146,2025-09-04T23:21:39.310479
TN 87 2430,865826046640860,0.0,53.96,184.04,03/09/2025 15:07:57,13.0106997,80.0038146,0038146,2025-09-04T23:21:39.310656
TN 87 2430,865826046640860,0.0,53.96,184.04,03/09/2025 15:07:57,13.0106997,80.0038146,0038146,2025-09-04T23:21:39.310847
TN 87 2430,865826046640860,0.0,53.96,184.04,03/09/2025 15:07:57,13.0106997,80.0038146,0038146,2025-09-04T23:21:39.311026
TN 87 2430,865826046640860,0.0,53.96,184.22,03/09/2025 15:07:08,13.0106997,80.0038146,0038146,2025-09-04T23:21:39.311213
TN 87 2430,865826046640860,0.0,53.96,184.26,03/09/2025 15:06:58,13.0106997,80.0038146,0038146,2025-09-04T23:21:39.311377
TN 87 2430,865826046640860,0.0,53.96,184.26,03/09/2025 15:06:48,13.0106997,80.0038146,0038146,2025-09-04T23:21:39.311512
TN 87 2430,865826046640860,0.0,53.96,184.24,03/09/2025 15:06:39,13.0106997,80.0038146,0038146,2025-09-04T23:21:39.311642
TN 87 2430,865826046640860,0.0,53.96,184.34,03/09/2025 15:06:29,13.0106997,80.0038146,0038146,2025-09-04T23:21:39.311774
TN 87 2430,865826046640860,0.0,53.96,184.35,03/09/2025 15:06:19,13.0106997,80.0038146,0038146,2025-09-04T23:21:39.311921
TN 87 2430,865826046640860,0.0,53.96,184.25,03/09/2025 15:06:09,13.0106997,80.0038146,0038146,2025-09-04T23:21:39.312068
TN 87 2430,865826046640860,0.0,53.96,184.32,03/09/2025 15:06:00,13.0106997,80.0038146,0038146,2025-09-04T23:21:39.312220
TN 87 2430,865826046640860,0.0,53.96,184.32,03/09/2025 15:06:00,13.0106997,80.0038146,0038146,2025-09-04T23:21:39.312359
TN 87 2430,865826046640860,0.0,53.96,184.35,03/09/2025 15:05:50,13.0106997,80.0038146,0038146,2025-09-04T23:21:39.312501
TN 87 2430,865826046640860,0.0,53.96,184.35,03/09/2025 15:05:50,13.0106997,80.0038146,0038146,2025-09-04T23:21:39.312626
TN 87 2430,865826046640860,0.0,53.96,184.4,03/09/2025 15:05:40,13.0106997,80.0038146,0038146,2025-09-04T23:21:39.312776
TN 87 2430,865826046640860,0.0,53.96,184.4,03/09/2025 15:05:40,13.0106997,80.0038146,0038146,2025-09-04T23:21:39.312920
TN 87 2430,865826046640860,0.0,53.96,184.43,03/09/2025 15:05:30,13.0106997,80.0038146,0038146,2025-09-04T23:21:39.313047
TN 87 2430,865826046640860,0.0,53.96,184.42,03/09/2025 15:05:21,13.0106997,80.0038146,0038146,2025-09-04T23:21:39.313207
TN 87 2430,865826046640860,0.0,53.96,184.42,03/09/2025 15:05:11,13.0106997,80.0038146,0038146,2025-09-04T23:21:39.313341
TN 87 2430,865826046640860,0.0,53.96,184.38,03/09/2025 15:05:01,13.0106997,80.0038146,0038146,2025-09-04T23:21:39.313495
TN 87 2430,865826046640860,0.0,53.96,184.47,03/09/2025 15:04:12,13.0106997,80.0038146,0038146,2025-09-04T23:21:39.313633
TN 87 2430,865826046640860,0.0,53.96,184.47,03/09/2025 15:04:02,13.0106997,80.0038146,0038146,2025-09-04T23:21:39.313760
TN 87 2430,865826046640860,0.0,53.96,184.49,03/09/2025 15:03:52,13.0106997,80.0038146,0038146,2025-09-04T23:21:39.313893
TN 87 2430,865826046640860,0.0,53.96,184.51,03/09/2025 15:03:43,13.0106997,80.0038146,0038146,2025-09-04T23:21:39.314030
TN 87 2430,865826046640860,0.0,53.96,184.57,03/09/2025 15:03:23,13.0106997,80.0038146,0038146,2025-09-04T23:21:39.314163
TN 87 2430,865826046640860,0.0,53.96,184.57,03/09/2025 15:03:13,13.0106997,80.0038146,0038146,2025-09-04T23:21:39.314293
TN 87 2430,865826046640860,0.0,53.96,184.49,03/09/2025 15:03:04,13.0106997,80.0038146,0038146,2025-09-04T23:21:39.314441
TN 87 2430,865826046640860,0.0,53.96,184.49,03/09/2025 15:03:04,13.0106997,80.0038146,0038146,2025-09-04T23:21:39.314627
TN 87 2430,865826046640860,0.0,53.96,184.49,03/09/2025 15:03:04,13.0106997,80.0038146,0038146,2025-09-04T23:21:39.314759
TN 87 2430,865826046640860,0.0,53.96,184.55,03/09/2025 15:02:54,13.0106997,80.0038146,0038146,2025-09-04T23:21:39.314938
TN 87 2430,865826046640860,0.0,53.96,184.55,03/09/2025 15:02:54,13.0106997,80.0038146,0038146,2025-09-04T23:21:39.315111
TN 87 2430,865826046640860,0.0,53.96,184.55,03/09/2025 15:02:54,13.0106997,80.0038146,0038146,2025-09-04T23:21:39.315316
TN 87 2430,865826046640860,0.0,53.96,184.56,03/09/2025 15:02:44,13.0106997,80.0038146,0038146,2025-09-04T23:21:39.315496
TN 87 2430,865826046640860,0.0,53.96,184.56,03/09/2025 15:02:44,13.0106997,80.0038146,0038146,2025-09-04T23:21:39.315674
TN 87 2430,865826046640860,0.0,53.96,184.56,03/09/2025 15:02:44,13.0106997,80.0038146,0038146,2025-09-04T23:21:39.315845
TN 87 2430,865826046640860,0.0,53.96,184.56,03/09/2025 15:02:34,13.0106997,80.0038146,0038146,2025-09-04T23:21:39.316022
TN 87 2430,865826046640860,0.0,53.96,184.56,03/09/2025 15:02:34,13.0106997,80.0038146,0038146,2025-09-04T23:21:39.316185
TN 87 2430,865826046640860,0.0,53.96,184.64,03/09/2025 15:01:45,13.0106997,80.0038146,0038146,2025-09-04T23:21:39.316323
TN 87 2430,865826046640860,0.0,53.96,184.65,03/09/2025 15:01:36,13.0106997,80.0038146,0038146,2025-09-04T23:21:39.316450
TN 87 2430,865826046640860,0.0,53.96,184.64,03/09/2025 15:01:07,13.0106997,80.0038146,0038146,2025-09-04T23:21:39.316600
TN 87 2430,865826046640860,0.0,53.96,184.64,03/09/2025 15:00:57,13.0106997,80.0038146,0038146,2025-09-04T23:21:39.316730
TN 87 2430,865826046640860,0.0,53.96,184.64,03/09/2025 15:00:47,13.0106997,80.0038146,0038146,2025-09-04T23:21:39.316858
TN 87 2430,865826046640860,0.0,53.96,184.7,03/09/2025 15:00:37,13.0106997,80.0038146,0038146,2025-09-04T23:21:39.317018
TN 87 2430,865826046640860,0.0,53.96,184.68,03/09/2025 15:00:27,13.0106997,80.0038146,0038146,2025-09-04T23:21:39.317138
TN 87 2430,865826046640860,0.0,53.96,184.68,03/09/2025 15:00:18,13.0106997,80.0038146,0038146,2025-09-04T23:21:39.317249
TN 87 2430,865826046640860,0.0,53.96,184.67,03/09/2025 15:00:08,13.0106997,80.0038146,0038146,2025-09-04T23:21:39.317392
TN 87 2430,865826046640860,0.0,53.96,184.71,03/09/2025 14:59:27,13.0106997,80.0038146,0038146,2025-09-04T23:21:39.317511
TN 87 2430,865826046640860,0.0,53.96,184.71,03/09/2025 14:59:19,13.0106997,80.0038146,0038146,2025-09-04T23:21:39.317673
TN 87 2430,865826046640860,0.0,53.96,184.7,03/09/2025 14:58:20,13.0106997,80.0038146,0038146,2025-09-04T23:21:39.317837
TN 87 2430,865826046640860,0.0,53.96,184.61,03/09/2025 14:57:22,13.0106997,80.0038146,0038146,2025-09-04T23:21:39.318058
TN 87 2430,865826046640860,0.0,53.96,184.71,03/09/2025 14:52:29,13.0106997,80.0038146,0038146,2025-09-04T23:21:39.318260
TN 87 2430,865826046640860,0.0,53.96,184.71,03/09/2025 14:52:29,13.0106997,80.0038146,0038146,2025-09-04T23:21:39.318438
TN 87 2430,865826046640860,0.0,53.96,184.74,03/09/2025 14:51:30,13.0106997,80.0038146,0038146,2025-09-04T23:21:39.318594
TN 87 2430,865826046640860,0.0,53.96,184.74,03/09/2025 14:51:30,13.0106997,80.0038146,0038146,2025-09-04T23:21:39.318778
TN 87 2430,865826046640860,0.0,53.96,184.71,03/09/2025 14:50:32,13.0106997,80.0038146,0038146,2025-09-04T23:21:39.318964
TN 87 2430,865826046640860,0.0,53.96,184.71,03/09/2025 14:50:32,13.0106997,80.0038146,0038146,2025-09-04T23:21:39.319151
TN 87 2430,865826046640860,0.0,53.96,184.76,03/09/2025 14:49:33,13.0106997,80.0038146,0038146,2025-09-04T23:21:39.319357
TN 87 2430,865826046640860,0.0,53.96,184.76,03/09/2025 14:49:33,13.0106997,80.0038146,0038146,2025-09-04T23:21:39.319500
TN 87 2430,865826046640860,0.0,53.96,184.67,03/09/2025 14:45:29,13.0106997,80.0038146,0038146,2025-09-04T23:21:39.319686
TN 87 2430,865826046640860,0.0,53.96,184.68,03/09/2025 14:45:19,13.0106997,80.0038146,0038146,2025-09-04T23:21:39.319917
TN 87 2430,865826046640860,0.0,53.96,184.71,03/09/2025 14:45:10,13.0106997,80.0038146,0038146,2025-09-04T23:21:39.320099
TN 87 2430,865826046640860,0.0,53.96,184.7,03/09/2025 14:45:00,13.0106997,80.0038146,0038146,2025-09-04T23:21:39.320246
TN 87 2430,865826046640860,0.0,53.96,184.71,03/09/2025 14:44:45,13.0106997,80.0038146,0038146,2025-09-04T23:21:39.320400
TN 87 2430,865826046640860,0.0,53.96,184.71,03/09/2025 14:44:45,13.0106997,80.0038146,0038146,2025-09-04T23:21:39.320577
TN 87 2430,865826046640860,0.0,53.96,184.71,03/09/2025 14:44:45,13.0106997,80.0038146,0038146,2025-09-04T23:21:39.320753
TN 87 2430,865826046640860,0.0,53.96,184.71,03/09/2025 14:44:45,13.0106997,80.0038146,0038146,2025-09-04T23:21:39.320897
TN 87 2430,865826046640860,0.0,53.96,184.71,03/09/2025 14:44:45,13.0106997,80.0038146,0038146,2025-09-04T23:21:39.321053
TN 87 2430,865826046640860,0.0,53.96,184.71,03/09/2025 14:44:45,13.0106997,80.0038146,0038146,2025-09-04T23:21:39.321242
TN 87 2430,865826046640860,0.0,53.96,184.72,03/09/2025 14:44:40,13.0106997,80.0038146,0038146,2025-09-04T23:21:39.321437
TN 87 2430,865826046640860,0.0,53.96,184.72,03/09/2025 14:44:40,13.0106997,80.0038146,0038146,2025-09-04T23:21:39.321603
TN 87 2430,865826046640860,0.0,53.96,184.72,03/09/2025 14:44:40,13.0106997,80.0038146,0038146,2025-09-04T23:21:39.321757
TN 87 2430,865826046640860,0.0,53.96,184.72,03/09/2025 14:44:40,13.0106997,80.0038146,0038146,2025-09-04T23:21:39.321880
TN 87 2430,865826046640860,0.0,53.96,184.72,03/09/2025 14:44:40,13.0106997,80.0038146,0038146,2025-09-04T23:21:39.322000
TN 87 2430,865826046640860,0.0,53.96,184.72,03/09/2025 14:44:40,13.0106997,80.0038146,0038146,2025-09-04T23:21:39.322174
TN 87 2430,865826046640860,0.0,53.96,184.73,03/09/2025 14:44:31,13.0106997,80.0038146,0038146,2025-09-04T23:21:39.322343
TN 87 2430,865826046640860,0.0,53.96,184.73,03/09/2025 14:44:31,13.0106997,80.0038146,0038146,2025-09-04T23:21:39.322481
TN 87 2430,865826046640860,0.0,53.96,184.73,03/09/2025 14:44:31,13.0106997,80.0038146,0038146,2025-09-04T23:21:39.322615
TN 87 2430,865826046640860,0.0,53.96,184.73,03/09/2025 14:44:31,13.0106997,80.0038146,0038146,2025-09-04T23:21:39.322744
TN 87 2430,865826046640860,0.0,53.96,184.73,03/09/2025 14:44:31,13.0106997,80.0038146,0038146,2025-09-04T23:21:39.322874
TN 87 2430,865826046640860,0.0,53.96,184.73,03/09/2025 14:44:31,13.0106997,80.0038146,0038146,2025-09-04T23:21:39.323006
TN 87 2430,865826046640860,0.0,53.96,184.95,03/09/2025 14:44:21,13.0106997,80.0038146,0038146,2025-09-04T23:21:39.323152
TN 87 2430,865826046640860,0.0,53.96,184.95,03/09/2025 14:44:21,13.0106997,80.0038146,0038146,2025-09-04T23:21:39.323348
TN 87 2430,865826046640860,0.0,53.96,184.95,03/09/2025 14:44:21,13.0106997,80.0038146,0038146,2025-09-04T23:21:39.323502
TN 87 2430,865826046640860,0.0,53.96,184.95,03/09/2025 14:44:21,13.0106997,80.0038146,0038146,2025-09-04T23:21:39.323631
TN 87 2430,865826046640860,0.0,53.96,184.95,03/09/2025 14:44:21,13.0106997,80.0038146,0038146,2025-09-04T23:21:39.323803
TN 87 2430,865826046640860,0.0,53.96,184.95,03/09/2025 14:44:21,13.0106997,80.0038146,0038146,2025-09-04T23:21:39.323949
TN 87 2430,865826046640860,0.0,53.96,185.43,03/09/2025 14:43:28,13.010683,80.0041484,0041484,2025-09-04T23:21:39.324085
TN 87 2430,865826046640860,0.0,53.96,185.4,03/09/2025 14:43:03,13.010683,80.0043296,0043296,2025-09-04T23:21:39.324212
TN 87 2430,865826046640860,0.0,53.96,185.37,03/09/2025 14:42:53,13.010683,80.0044345,0044345,2025-09-04T23:21:39.324340
TN 87 2430,865826046640860,5.0,53.96,185.04,03/09/2025 14:42:43,13.010683,80.004568,0045680,2025-09-04T23:21:39.324449
TN 87 2430,865826046640860,0.0,53.96,184.92,03/09/2025 14:42:33,13.010683,80.0047302,0047302,2025-09-04T23:21:39.324567
TN 87 2430,865826046640860,0.0,53.96,184.87,03/09/2025 14:42:23,13.010683,80.0048828,0048828,2025-09-04T23:21:39.324700
TN 87 2430,865826046640860,0.0,53.96,184.73,03/09/2025 14:42:04,13.0106997,80.0050544,0050544,2025-09-04T23:21:39.324830
TN 87 2430,865826046640860,0.0,53.96,184.59,03/09/2025 14:41:54,13.0106997,80.005064,0050640,2025-09-04T23:21:39.324946
TN 87 2430,865826046640860,0.0,53.96,184.52,03/09/2025 14:41:45,13.0106663,80.005083,0050830,2025-09-04T23:21:39.325096
TN 87 2430,865826046640860,0.0,53.96,184.48,03/09/2025 14:41:35,13.0106496,80.0051498,0051498,2025-09-04T23:21:39.325281
TN 87 2430,865826046640860,0.0,53.96,184.44,03/09/2025 14:41:25,13.010683,80.0051784,0051784,2025-09-04T23:21:39.325437
TN 87 2430,865826046640860,0.0,53.96,184.43,03/09/2025 14:41:16,13.0107164,80.0050544,0050544,2025-09-04T23:21:39.325639
TN 87 2430,865826046640860,0.0,53.96,184.35,03/09/2025 14:40:56,13.0106997,80.005064,0050640,2025-09-04T23:21:39.325833
TN 87 2430,865826046640860,0.0,53.96,184.34,03/09/2025 14:40:46,13.010683,80.0049686,0049686,2025-09-04T23:21:39.326028
TN 87 2430,865826046640860,6.0,53.98,184.27,03/09/2025 14:40:36,13.0106496,80.0048351,0048351,2025-09-04T23:21:39.326206
TN 87 2430,865826046640860,0.0,53.98,184.23,03/09/2025 14:40:26,13.0106496,80.0046825,0046825,2025-09-04T23:21:39.326348
TN 87 2430,865826046640860,0.0,53.98,184.22,03/09/2025 14:40:16,13.0105662,80.0046157,0046157,2025-09-04T23:21:39.326533
TN 87 2430,865826046640860,0.0,53.98,184.18,03/09/2025 14:40:07,13.0103993,80.0046443,0046443,2025-09-04T23:21:39.326686
TN 87 2430,865826046640860,0.0,53.98,184.18,03/09/2025 14:40:07,13.0103993,80.0046443,0046443,2025-09-04T23:21:39.326810
TN 87 2430,865826046640860,0.0,53.98,184.17,03/09/2025 14:39:57,13.010317,80.0047683,0047683,2025-09-04T23:21:39.326941
TN 87 2430,865826046640860,0.0,53.98,184.17,03/09/2025 14:39:57,13.010317,80.0047683,0047683,2025-09-04T23:21:39.327076
TN 87 2430,865826046640860,0.0,53.98,184.17,03/09/2025 14:39:47,13.010317,80.0047683,0047683,2025-09-04T23:21:39.327198
TN 87 2430,865826046640860,0.0,53.98,184.17,03/09/2025 14:39:47,13.010317,80.0047683,0047683,2025-09-04T23:21:39.327331
TN 87 2430,865826046640860,0.0,53.98,184.21,03/09/2025 14:39:38,13.010317,80.0047683,0047683,2025-09-04T23:21:39.327452
TN 87 2430,865826046640860,0.0,53.98,184.21,03/09/2025 14:39:38,13.010317,80.0047683,0047683,2025-09-04T23:21:39.327594
TN 87 2430,865826046640860,0.0,53.98,184.22,03/09/2025 14:39:28,13.010317,80.0047683,0047683,2025-09-04T23:21:39.327765
TN 87 2430,865826046640860,0.0,53.98,184.22,03/09/2025 14:39:28,13.010317,80.0047683,0047683,2025-09-04T23:21:39.327886
TN 87 2430,865826046640860,0.0,53.98,184.15,03/09/2025 14:39:18,13.010317,80.0047683,0047683,2025-09-04T23:21:39.327989
TN 87 2430,865826046640860,0.0,53.98,184.21,03/09/2025 14:38:39,13.010317,80.0047683,0047683,2025-09-04T23:21:39.328116
TN 87 2430,865826046640860,0.0,53.98,184.19,03/09/2025 14:38:29,13.010317,80.0047683,0047683,2025-09-04T23:21:39.328264
TN 87 2430,865826046640860,0.0,53.98,184.2,03/09/2025 14:38:20,13.010317,80.0047683,0047683,2025-09-04T23:21:39.328398
TN 87 2430,865826046640860,0.0,53.98,184.24,03/09/2025 14:38:10,13.010317,80.0047683,0047683,2025-09-04T23:21:39.328517
TN 87 2430,865826046640860,0.0,53.98,184.3,03/09/2025 14:38:00,13.010317,80.0047683,0047683,2025-09-04T23:21:39.328654
TN 87 2430,865826046640860,0.0,53.98,185.32,03/09/2025 14:37:50,13.010317,80.0047683,0047683,2025-09-04T23:21:39.328767
TN 87 2430,865826046640860,0.0,53.98,185.32,03/09/2025 14:37:49,13.010317,80.0047683,0047683,2025-09-04T23:21:39.328903
TN 87 2430,865826046640860,0.0,53.98,185.37,03/09/2025 14:37:40,13.010317,80.0047683,0047683,2025-09-04T23:21:39.329040
TN 87 2430,865826046640860,0.0,53.98,185.5,03/09/2025 14:37:31,13.010317,80.0047683,0047683,2025-09-04T23:21:39.329173
TN 87 2430,865826046640860,0.0,53.98,186.45,03/09/2025 14:37:21,13.010317,80.0047683,0047683,2025-09-04T23:21:39.329293
TN 87 2430,865826046640860,0.0,53.98,186.45,03/09/2025 14:37:11,13.010317,80.0047683,0047683,2025-09-04T23:21:39.329418
TN 87 2430,865826046640860,0.0,53.98,186.45,03/09/2025 14:37:02,13.010317,80.0047683,0047683,2025-09-04T23:21:39.329527
TN 87 2430,865826046640860,0.0,53.98,186.41,03/09/2025 14:36:52,13.010317,80.0047683,0047683,2025-09-04T23:21:39.329661
TN 87 2430,865826046640860,0.0,53.98,186.4,03/09/2025 14:36:42,13.010317,80.0047683,0047683,2025-09-04T23:21:39.329785
TN 87 2430,865826046640860,0.0,53.98,185.94,03/09/2025 14:36:32,13.010317,80.0047683,0047683,2025-09-04T23:21:39.329934
TN 87 2430,865826046640860,0.0,53.98,185.84,03/09/2025 14:36:22,13.010317,80.0047683,0047683,2025-09-04T23:21:39.330065
TN 87 2430,865826046640860,0.0,53.98,186.52,03/09/2025 14:36:13,13.010317,80.0047683,0047683,2025-09-04T23:21:39.330210
TN 87 2430,865826046640860,0.0,53.98,186.82,03/09/2025 14:36:03,13.010317,80.0047683,0047683,2025-09-04T23:21:39.330353
TN 87 2430,865826046640860,0.0,53.98,186.86,03/09/2025 14:35:53,13.010317,80.0047683,0047683,2025-09-04T23:21:39.330483
TN 87 2430,865826046640860,0.0,53.98,187.1,03/09/2025 14:35:43,13.010317,80.0047683,0047683,2025-09-04T23:21:39.330654
TN 87 2430,865826046640860,0.0,53.98,187.1,03/09/2025 14:35:34,13.010317,80.0047683,0047683,2025-09-04T23:21:39.330801
TN 87 2430,865826046640860,0.0,53.98,187.1,03/09/2025 14:35:24,13.010317,80.0047683,0047683,2025-09-04T23:21:39.330974
TN 87 2430,865826046640860,0.0,53.98,187.12,03/09/2025 14:35:14,13.010317,80.0047683,0047683,2025-09-04T23:21:39.331134
TN 87 2430,865826046640860,0.0,53.98,187.12,03/09/2025 14:35:04,13.010317,80.0047683,0047683,2025-09-04T23:21:39.331301
TN 87 2430,865826046640860,0.0,53.98,187.13,03/09/2025 14:34:54,13.010317,80.0047683,0047683,2025-09-04T23:21:39.331504
TN 87 2430,865826046640860,0.0,53.98,187.16,03/09/2025 14:34:45,13.010317,80.0047683,0047683,2025-09-04T23:21:39.331704
TN 87 2430,865826046640860,0.0,53.98,187.18,03/09/2025 14:34:35,13.010317,80.0047683,0047683,2025-09-04T23:21:39.331850
TN 87 2430,865826046640860,0.0,53.98,187.17,03/09/2025 14:34:25,13.010317,80.0047683,0047683,2025-09-04T23:21:39.331997
TN 87 2430,865826046640860,0.0,53.98,187.16,03/09/2025 14:34:16,13.010317,80.0047683,0047683,2025-09-04T23:21:39.332255
TN 87 2430,865826046640860,0.0,53.98,187.19,03/09/2025 14:34:06,13.010317,80.0047683,0047683,2025-09-04T23:21:39.332476
TN 87 2430,865826046640860,0.0,53.98,187.19,03/09/2025 14:33:56,13.010317,80.0047683,0047683,2025-09-04T23:21:39.332697
TN 87 2430,865826046640860,0.0,53.98,187.19,03/09/2025 14:33:46,13.010317,80.0047683,0047683,2025-09-04T23:21:39.332894
TN 87 2430,865826046640860,0.0,53.98,187.2,03/09/2025 14:33:36,13.010317,80.0047683,0047683,2025-09-04T23:21:39.333070
TN 87 2430,865826046640860,0.0,53.98,187.27,03/09/2025 14:33:27,13.010317,80.0047683,0047683,2025-09-04T23:21:39.333276
TN 87 2430,865826046640860,0.0,53.98,187.28,03/09/2025 14:33:17,13.010317,80.0047683,0047683,2025-09-04T23:21:39.333457
TN 87 2430,865826046640860,0.0,53.98,187.32,03/09/2025 14:32:57,13.010317,80.0047683,0047683,2025-09-04T23:21:39.333645
TN 87 2430,865826046640860,0.0,53.98,187.37,03/09/2025 14:32:47,13.010317,80.0047683,0047683,2025-09-04T23:21:39.333800
TN 87 2430,865826046640860,0.0,53.98,187.42,03/09/2025 14:32:38,13.010317,80.0047683,0047683,2025-09-04T23:21:39.333941
TN 87 2430,865826046640860,0.0,53.98,187.41,03/09/2025 14:32:28,13.010317,80.0047683,0047683,2025-09-04T23:21:39.334088
TN 87 2430,865826046640860,0.0,53.98,186.74,03/09/2025 14:32:18,13.010317,80.0047683,0047683,2025-09-04T23:21:39.334226
TN 87 2430,865826046640860,0.0,53.98,186.74,03/09/2025 14:32:18,13.010317,80.0047683,0047683,2025-09-04T23:21:39.334369
TN 87 2430,865826046640860,0.0,53.98,186.19,03/09/2025 14:32:09,13.010317,80.0047683,0047683,2025-09-04T23:21:39.334500
TN 87 2430,865826046640860,0.0,53.98,186.19,03/09/2025 14:32:09,13.010317,80.0047683,0047683,2025-09-04T23:21:39.334622
TN 87 2430,865826046640860,0.0,53.98,185.23,03/09/2025 14:31:59,13.010317,80.0047874,0047874,2025-09-04T23:21:39.334744
TN 87 2430,865826046640860,0.0,53.98,185.23,03/09/2025 14:31:59,13.010317,80.0047874,0047874,2025-09-04T23:21:39.334889
TN 87 2430,865826046640860,0.0,53.98,185.22,03/09/2025 14:31:49,13.010317,80.0048351,0048351,2025-09-04T23:21:39.335010
TN 87 2430,865826046640860,0.0,53.98,185.22,03/09/2025 14:31:39,13.0103504,80.0048828,0048828,2025-09-04T23:21:39.335132
TN 87 2430,865826046640860,0.0,53.98,185.22,03/09/2025 14:31:29,13.0103504,80.0049114,0049114,2025-09-04T23:21:39.335265
TN 87 2430,865826046640860,0.0,53.98,185.18,03/09/2025 14:31:20,13.0103993,80.0049495,0049495,2025-09-04T23:21:39.335419
TN 87 2430,865826046640860,0.0,53.98,185.17,03/09/2025 14:31:10,13.0103993,80.0049495,0049495,2025-09-04T23:21:39.335580
TN 87 2430,865826046640860,0.0,53.98,185.18,03/09/2025 14:31:00,13.0103993,80.0049495,0049495,2025-09-04T23:21:39.335755
TN 87 2430,865826046640860,0.0,53.98,185.34,03/09/2025 14:30:50,13.0103993,80.0049495,0049495,2025-09-04T23:21:39.335889
TN 87 2430,865826046640860,0.0,53.98,185.38,03/09/2025 14:30:41,13.0103993,80.0049495,0049495,2025-09-04T23:21:39.336028
TN 87 2430,865826046640860,0.0,53.98,186.94,03/09/2025 14:30:31,13.0103993,80.0049495,0049495,2025-09-04T23:21:39.336142
TN 87 2430,865826046640860,0.0,53.98,187.1,03/09/2025 14:30:21,13.0103993,80.0049495,0049495,2025-09-04T23:21:39.336272
TN 87 2430,865826046640860,0.0,53.98,186.34,03/09/2025 14:30:11,13.0103993,80.0049495,0049495,2025-09-04T23:21:39.336394
TN 87 2430,865826046640860,0.0,53.98,184.87,03/09/2025 14:30:02,13.0103993,80.0049495,0049495,2025-09-04T23:21:39.336560
TN 87 2430,865826046640860,0.0,53.98,184.87,03/09/2025 14:29:52,13.0103993,80.0049495,0049495,2025-09-04T23:21:39.336702
TN 87 2430,865826046640860,0.0,53.98,184.88,03/09/2025 14:29:42,13.0103504,80.0048828,0048828,2025-09-04T23:21:39.336817
TN 87 2430,865826046640860,0.0,53.98,184.88,03/09/2025 14:29:32,13.0103504,80.0047969,0047969,2025-09-04T23:21:39.336920
TN 87 2430,865826046640860,0.0,53.98,184.88,03/09/2025 14:29:23,13.0103504,80.0047969,0047969,2025-09-04T23:21:39.337018
TN 87 2430,865826046640860,0.0,53.98,184.9,03/09/2025 14:29:13,13.0103504,80.0047969,0047969,2025-09-04T23:21:39.337131
TN 87 2430,865826046640860,0.0,53.98,184.91,03/09/2025 14:29:03,13.0103504,80.0047969,0047969,2025-09-04T23:21:39.337263
TN 87 2430,865826046640860,0.0,53.98,184.88,03/09/2025 14:28:53,13.0103504,80.0047969,0047969,2025-09-04T23:21:39.337376
TN 87 2430,865826046640860,0.0,53.98,184.87,03/09/2025 14:28:43,13.0103504,80.0047969,0047969,2025-09-04T23:21:39.337476
TN 87 2430,865826046640860,0.0,53.98,184.9,03/09/2025 14:27:55,13.0103504,80.0047969,0047969,2025-09-04T23:21:39.337582
TN 87 2430,865826046640860,0.0,53.98,184.93,03/09/2025 14:26:57,13.0103504,80.0047969,0047969,2025-09-04T23:21:39.337683
TN 87 2430,865826046640860,0.0,53.98,184.89,03/09/2025 14:25:58,13.0103504,80.0047969,0047969,2025-09-04T23:21:39.337827
TN 87 2430,865826046640860,0.0,53.98,184.92,03/09/2025 14:23:47,13.0103504,80.0047969,0047969,2025-09-04T23:21:39.337934
TN 87 2430,865826046640860,0.0,53.98,184.92,03/09/2025 14:22:49,13.0103504,80.0047969,0047969,2025-09-04T23:21:39.338053
TN 87 2430,865826046640860,0.0,53.98,184.87,03/09/2025 14:21:50,13.010317,80.0048542,0048542,2025-09-04T23:21:39.338221
TN 87 2430,865826046640860,0.0,53.98,184.88,03/09/2025 14:20:52,13.010317,80.0048542,0048542,2025-09-04T23:21:39.338372
TN 87 2430,865826046640860,0.0,53.98,184.88,03/09/2025 14:19:53,13.010317,80.0048542,0048542,2025-09-04T23:21:39.338521
TN 87 2430,865826046640860,0.0,53.98,184.84,03/09/2025 14:18:54,13.010317,80.0048542,0048542,2025-09-04T23:21:39.338685
TN 87 2430,865826046640860,0.0,53.98,184.85,03/09/2025 14:17:56,13.0103504,80.004816,0048160,2025-09-04T23:21:39.338835
TN 87 2430,865826046640860,0.0,53.98,184.83,03/09/2025 14:16:57,13.0103504,80.004816,0048160,2025-09-04T23:21:39.338974
TN 87 2430,865826046640860,0.0,53.98,184.89,03/09/2025 14:15:58,13.0103504,80.004816,0048160,2025-09-04T23:21:39.339083
TN 87 2430,865826046640860,0.0,53.98,184.87,03/09/2025 14:15:00,13.0103504,80.004816,0048160,2025-09-04T23:21:39.339204
TN 87 2430,865826046640860,0.0,53.98,184.82,03/09/2025 14:14:01,13.0103504,80.004816,0048160,2025-09-04T23:21:39.339326
TN 87 2430,865826046640860,0.0,53.98,184.84,03/09/2025 14:13:03,13.0103504,80.004816,0048160,2025-09-04T23:21:39.339425
TN 87 2430,865826046640860,0.0,53.98,184.84,03/09/2025 14:12:04,13.0103504,80.004816,0048160,2025-09-04T23:21:39.339558
TN 87 2430,865826046640860,0.0,53.98,184.89,03/09/2025 14:11:06,13.0103504,80.004816,0048160,2025-09-04T23:21:39.339675
TN 87 2430,865826046640860,0.0,53.98,184.85,03/09/2025 14:10:07,13.0103838,80.0048351,0048351,2025-09-04T23:21:39.339820
TN 87 2430,865826046640860,0.0,53.98,184.8,03/09/2025 14:09:08,13.0103838,80.0048351,0048351,2025-09-04T23:21:39.339963
TN 87 2430,865826046640860,0.0,53.98,184.81,03/09/2025 14:08:10,13.0103838,80.0048351,0048351,2025-09-04T23:21:39.340088
TN 87 2430,865826046640860,0.0,53.98,184.87,03/09/2025 14:07:11,13.0103993,80.0047969,0047969,2025-09-04T23:21:39.340215
TN 87 2430,865826046640860,0.0,53.98,184.86,03/09/2025 14:06:13,13.0103993,80.0047969,0047969,2025-09-04T23:21:39.340342
TN 87 2430,865826046640860,0.0,53.98,184.84,03/09/2025 14:05:14,13.0103993,80.0047969,0047969,2025-09-04T23:21:39.340441
TN 87 2430,865826046640860,0.0,53.98,184.87,03/09/2025 14:04:15,13.0103993,80.0047969,0047969,2025-09-04T23:21:39.340599
TN 87 2430,865826046640860,0.0,53.98,184.85,03/09/2025 14:03:17,13.0103838,80.0048351,0048351,2025-09-04T23:21:39.340754
TN 87 2430,865826046640860,0.0,53.98,184.85,03/09/2025 14:02:18,13.0103838,80.0048351,0048351,2025-09-04T23:21:39.340953
TN 87 2430,865826046640860,0.0,53.98,184.85,03/09/2025 14:01:20,13.0103838,80.0048351,0048351,2025-09-04T23:21:39.341151
TN 87 2430,865826046640860,0.0,53.98,184.87,03/09/2025 14:00:21,13.0103838,80.0048351,0048351,2025-09-04T23:21:39.341308
TN 87 2430,865826046640860,0.0,53.98,184.82,03/09/2025 13:59:22,13.0102837,80.0047683,0047683,2025-09-04T23:21:39.341470
TN 87 2430,865826046640860,0.0,53.98,184.81,03/09/2025 13:58:24,13.0102837,80.0047683,0047683,2025-09-04T23:21:39.341644
TN 87 2430,865826046640860,0.0,53.98,184.82,03/09/2025 13:57:25,13.0102837,80.0047683,0047683,2025-09-04T23:21:39.341805
TN 87 2430,865826046640860,0.0,53.98,184.84,03/09/2025 13:56:27,13.0103325,80.004816,0048160,2025-09-04T23:21:39.341919
TN 87 2430,865826046640860,0.0,53.98,184.82,03/09/2025 13:55:28,13.0103325,80.004816,0048160,2025-09-04T23:21:39.342052
TN 87 2430,865826046640860,0.0,53.98,184.84,03/09/2025 13:54:29,13.0103504,80.004816,0048160,2025-09-04T23:21:39.342232
TN 87 2430,865826046640860,0.0,53.98,184.84,03/09/2025 13:53:31,13.0103504,80.004816,0048160,2025-09-04T23:21:39.342402
TN 87 2430,865826046640860,0.0,53.98,184.79,03/09/2025 13:52:32,13.0103504,80.0048637,0048637,2025-09-04T23:21:39.342534
TN 87 2430,865826046640860,0.0,53.98,184.82,03/09/2025 13:51:34,13.0102658,80.004816,0048160,2025-09-04T23:21:39.342666
TN 87 2430,865826046640860,0.0,53.98,184.85,03/09/2025 13:50:35,13.0102658,80.004816,0048160,2025-09-04T23:21:39.342792
TN 87 2430,865826046640860,0.0,53.98,184.79,03/09/2025 13:49:36,13.0102658,80.004816,0048160,2025-09-04T23:21:39.342930
TN 87 2430,865826046640860,0.0,53.98,184.79,03/09/2025 13:48:38,13.0102658,80.004816,0048160,2025-09-04T23:21:39.343067
TN 87 2430,865826046640860,0.0,53.98,184.8,03/09/2025 13:47:39,13.0102658,80.004816,0048160,2025-09-04T23:21:39.343242
TN 87 2430,865826046640860,0.0,53.98,184.78,03/09/2025 13:46:41,13.0102658,80.004816,0048160,2025-09-04T23:21:39.343378
TN 87 2430,865826046640860,0.0,53.98,184.78,03/09/2025 13:45:42,13.010317,80.004816,0048160,2025-09-04T23:21:39.343507
TN 87 2430,865826046640860,0.0,53.98,184.78,03/09/2025 13:44:43,13.010317,80.004816,0048160,2025-09-04T23:21:39.343642
TN 87 2430,865826046640860,0.0,53.98,184.82,03/09/2025 13:43:45,13.010317,80.004816,0048160,2025-09-04T23:21:39.343768
TN 87 2430,865826046640860,0.0,53.98,184.79,03/09/2025 13:42:46,13.0101668,80.0047874,0047874,2025-09-04T23:21:39.343912
TN 87 2430,865826046640860,0.0,53.98,184.79,03/09/2025 13:41:48,13.0101668,80.0047874,0047874,2025-09-04T23:21:39.344063
TN 87 2430,865826046640860,0.0,53.98,184.73,03/09/2025 13:40:49,13.0101668,80.0047874,0047874,2025-09-04T23:21:39.344198
TN 87 2430,865826046640860,0.0,53.98,184.81,03/09/2025 13:39:50,13.0102658,80.0048828,0048828,2025-09-04T23:21:39.344338
TN 87 2430,865826046640860,0.0,53.98,184.79,03/09/2025 13:38:52,13.0102658,80.0048828,0048828,2025-09-04T23:21:39.344448
TN 87 2430,865826046640860,0.0,53.98,184.8,03/09/2025 13:37:53,13.0102658,80.0048828,0048828,2025-09-04T23:21:39.344572
TN 87 2430,865826046640860,0.0,53.98,184.75,03/09/2025 13:36:55,13.0102658,80.0048828,0048828,2025-09-04T23:21:39.344677
TN 87 2430,865826046640860,0.0,53.98,184.73,03/09/2025 13:35:56,13.0102658,80.0048828,0048828,2025-09-04T23:21:39.344870
TN 87 2430,865826046640860,0.0,53.98,184.77,03/09/2025 13:34:58,13.0102658,80.0048828,0048828,2025-09-04T23:21:39.345072
TN 87 2430,865826046640860,0.0,53.98,184.76,03/09/2025 13:33:59,13.010317,80.0047969,0047969,2025-09-04T23:21:39.345237
TN 87 2430,865826046640860,0.0,53.98,184.74,03/09/2025 13:33:00,13.010317,80.0047969,0047969,2025-09-04T23:21:39.345438
TN 87 2430,865826046640860,0.0,53.98,184.74,03/09/2025 13:32:02,13.0102992,80.0047111,0047111,2025-09-04T23:21:39.345641
TN 87 2430,865826046640860,0.0,53.98,184.75,03/09/2025 13:31:03,13.0102992,80.0047111,0047111,2025-09-04T23:21:39.345827
TN 87 2430,865826046640860,0.0,53.98,184.76,03/09/2025 13:30:05,13.0102992,80.0047111,0047111,2025-09-04T23:21:39.345997
TN 87 2430,865826046640860,0.0,53.98,184.76,03/09/2025 13:30:05,13.0102992,80.0047111,0047111,2025-09-04T23:21:39.346182
TN 87 2430,865826046640860,0.0,53.98,184.72,03/09/2025 13:29:06,13.0102992,80.0047111,0047111,2025-09-04T23:21:39.346381
TN 87 2430,865826046640860,0.0,53.98,184.72,03/09/2025 13:29:06,13.0102992,80.0047111,0047111,2025-09-04T23:21:39.346586
TN 87 2430,865826046640860,0.0,53.98,184.74,03/09/2025 13:28:07,13.0102503,80.0047874,0047874,2025-09-04T23:21:39.346749
TN 87 2430,865826046640860,0.0,53.98,184.74,03/09/2025 13:28:07,13.0102503,80.0047874,0047874,2025-09-04T23:21:39.346902
TN 87 2430,865826046640860,0.0,53.98,184.77,03/09/2025 13:27:09,13.0102503,80.0047874,0047874,2025-09-04T23:21:39.347041
TN 87 2430,865826046640860,0.0,53.98,184.77,03/09/2025 13:27:09,13.0102503,80.0047874,0047874,2025-09-04T23:21:39.347220
TN 87 2430,865826046640860,0.0,53.98,184.75,03/09/2025 13:26:10,13.0104327,80.0047969,0047969,2025-09-04T23:21:39.347364
TN 87 2430,865826046640860,0.0,53.98,184.75,03/09/2025 13:26:10,13.0104327,80.0047969,0047969,2025-09-04T23:21:39.347505
TN 87 2430,865826046640860,0.0,53.98,184.78,03/09/2025 13:25:12,13.0104327,80.0047969,0047969,2025-09-04T23:21:39.347655
TN 87 2430,865826046640860,0.0,53.98,184.78,03/09/2025 13:25:12,13.0104327,80.0047969,0047969,2025-09-04T23:21:39.347806
TN 87 2430,865826046640860,0.0,53.98,184.75,03/09/2025 13:24:13,13.0104327,80.0047969,0047969,2025-09-04T23:21:39.347959
TN 87 2430,865826046640860,0.0,53.98,184.75,03/09/2025 13:24:13,13.0104327,80.0047969,0047969,2025-09-04T23:21:39.348097
TN 87 2430,865826046640860,0.0,53.98,184.73,03/09/2025 13:23:14,13.0104327,80.0047969,0047969,2025-09-04T23:21:39.348298
TN 87 2430,865826046640860,0.0,53.98,184.73,03/09/2025 13:23:14,13.0104327,80.0047969,0047969,2025-09-04T23:21:39.348504
TN 87 2430,865826046640860,0.0,53.98,184.75,03/09/2025 13:22:16,13.0104327,80.0047969,0047969,2025-09-04T23:21:39.348688
TN 87 2430,865826046640860,0.0,53.98,184.75,03/09/2025 13:22:16,13.0104327,80.0047969,0047969,2025-09-04T23:21:39.348936
TN 87 2430,865826046640860,0.0,53.98,184.74,03/09/2025 13:21:17,13.0104327,80.0047969,0047969,2025-09-04T23:21:39.349128
TN 87 2430,865826046640860,0.0,53.98,184.74,03/09/2025 13:21:17,13.0104327,80.0047969,0047969,2025-09-04T23:21:39.349299
TN 87 2430,865826046640860,0.0,53.98,184.73,03/09/2025 13:20:19,13.0104327,80.0047969,0047969,2025-09-04T23:21:39.349434
TN 87 2430,865826046640860,0.0,53.98,184.74,03/09/2025 13:19:20,13.0104327,80.0047969,0047969,2025-09-04T23:21:39.349561
TN 87 2430,865826046640860,0.0,53.98,184.77,03/09/2025 13:18:21,13.0104327,80.0047969,0047969,2025-09-04T23:21:39.349727
TN 87 2430,865826046640860,0.0,53.98,184.74,03/09/2025 13:17:23,13.0104327,80.0047969,0047969,2025-09-04T23:21:39.349876
TN 87 2430,865826046640860,0.0,53.98,184.75,03/09/2025 13:16:24,13.0104327,80.0047969,0047969,2025-09-04T23:21:39.350009
TN 87 2430,865826046640860,0.0,53.98,184.78,03/09/2025 13:15:25,13.0104327,80.0047969,0047969,2025-09-04T23:21:39.350149
TN 87 2430,865826046640860,0.0,53.98,184.73,03/09/2025 13:14:27,13.0104172,80.0047969,0047969,2025-09-04T23:21:39.350326
TN 87 2430,865826046640860,0.0,53.98,184.75,03/09/2025 13:13:28,13.0103504,80.0047492,0047492,2025-09-04T23:21:39.350456
TN 87 2430,865826046640860,0.0,53.98,184.73,03/09/2025 13:12:30,13.0103504,80.0047492,0047492,2025-09-04T23:21:39.350643
TN 87 2430,865826046640860,0.0,53.98,184.73,03/09/2025 13:11:31,13.0103504,80.0047492,0047492,2025-09-04T23:21:39.350827
TN 87 2430,865826046640860,0.0,53.98,184.75,03/09/2025 13:10:33,13.0102992,80.0047683,0047683,2025-09-04T23:21:39.350975
TN 87 2430,865826046640860,0.0,53.98,184.79,03/09/2025 13:09:34,13.0102992,80.0047683,0047683,2025-09-04T23:21:39.351112
TN 87 2430,865826046640860,0.0,53.98,184.75,03/09/2025 13:08:35,13.0102992,80.0047683,0047683,2025-09-04T23:21:39.351295
TN 87 2430,865826046640860,0.0,53.98,184.75,03/09/2025 13:07:37,13.0102992,80.0048351,0048351,2025-09-04T23:21:39.351445
TN 87 2430,865826046640860,0.0,53.98,184.75,03/09/2025 13:06:38,13.0102992,80.0048351,0048351,2025-09-04T23:21:39.351608
TN 87 2430,865826046640860,0.0,53.98,184.76,03/09/2025 13:05:40,13.0102992,80.0048351,0048351,2025-09-04T23:21:39.351747
TN 87 2430,865826046640860,0.0,53.98,184.73,03/09/2025 13:04:41,13.0102992,80.0048351,0048351,2025-09-04T23:21:39.351865
TN 87 2430,865826046640860,0.0,53.98,184.71,03/09/2025 13:03:42,13.0102992,80.0048351,0048351,2025-09-04T23:21:39.351990
TN 87 2430,865826046640860,0.0,53.98,184.74,03/09/2025 13:02:44,13.0102992,80.0048351,0048351,2025-09-04T23:21:39.352178
TN 87 2430,865826046640860,0.0,53.98,184.75,03/09/2025 13:01:45,13.0102992,80.0048351,0048351,2025-09-04T23:21:39.352341
TN 87 2430,865826046640860,0.0,53.98,184.77,03/09/2025 13:00:47,13.0102992,80.0048351,0048351,2025-09-04T23:21:39.352482
TN 87 2430,865826046640860,0.0,53.98,184.75,03/09/2025 12:59:48,13.0102992,80.0048351,0048351,2025-09-04T23:21:39.352591
TN 87 2430,865826046640860,0.0,53.98,184.77,03/09/2025 12:58:49,13.0102992,80.0048351,0048351,2025-09-04T23:21:39.352691
TN 87 2430,865826046640860,0.0,53.98,184.73,03/09/2025 12:57:51,13.0102837,80.0048542,0048542,2025-09-04T23:21:39.352814
TN 87 2430,865826046640860,0.0,53.98,184.76,03/09/2025 12:56:52,13.010199,80.0047683,0047683,2025-09-04T23:21:39.352979
TN 87 2430,865826046640860,0.0,53.98,184.75,03/09/2025 12:55:54,13.010199,80.0047683,0047683,2025-09-04T23:21:39.353154
TN 87 2430,865826046640860,0.0,53.98,184.77,03/09/2025 12:54:55,13.010199,80.0047683,0047683,2025-09-04T23:21:39.353344
TN 87 2430,865826046640860,0.0,53.98,184.77,03/09/2025 12:53:56,13.010199,80.0047683,0047683,2025-09-04T23:21:39.353488
TN 87 2430,865826046640860,0.0,53.98,184.76,03/09/2025 12:52:58,13.010199,80.0047683,0047683,2025-09-04T23:21:39.353625
TN 87 2430,865826046640860,0.0,53.98,184.75,03/09/2025 12:51:59,13.010199,80.0047683,0047683,2025-09-04T23:21:39.353751
TN 87 2430,865826046640860,0.0,53.98,184.75,03/09/2025 12:51:01,13.010199,80.0047683,0047683,2025-09-04T23:21:39.353892
TN 87 2430,865826046640860,0.0,53.98,184.75,03/09/2025 12:50:02,13.010199,80.0047683,0047683,2025-09-04T23:21:39.354023
TN 87 2430,865826046640860,0.0,53.98,184.74,03/09/2025 12:49:03,13.010199,80.0047683,0047683,2025-09-04T23:21:39.354146
TN 87 2430,865826046640860,0.0,53.98,184.76,03/09/2025 12:48:05,13.010199,80.0047683,0047683,2025-09-04T23:21:39.354297
TN 87 2430,865826046640860,0.0,53.98,184.73,03/09/2025 12:47:06,13.010199,80.0047683,0047683,2025-09-04T23:21:39.354420
TN 87 2430,865826046640860,0.0,53.98,184.76,03/09/2025 12:46:08,13.010199,80.0047683,0047683,2025-09-04T23:21:39.354540
TN 87 2430,865826046640860,0.0,53.98,184.77,03/09/2025 12:45:09,13.010199,80.0047683,0047683,2025-09-04T23:21:39.354714
TN 87 2430,865826046640860,0.0,53.98,184.76,03/09/2025 12:44:10,13.010199,80.0047683,0047683,2025-09-04T23:21:39.354864
TN 87 2430,865826046640860,0.0,53.98,184.77,03/09/2025 12:43:12,13.010199,80.0047683,0047683,2025-09-04T23:21:39.355020
TN 87 2430,865826046640860,0.0,53.98,184.74,03/09/2025 12:42:13,13.010199,80.0047683,0047683,2025-09-04T23:21:39.355159
TN 87 2430,865826046640860,0.0,53.98,184.74,03/09/2025 12:42:13,13.010199,80.0047683,0047683,2025-09-04T23:21:39.355277
TN 87 2430,865826046640860,0.0,53.98,184.76,03/09/2025 12:41:15,13.010199,80.0047683,0047683,2025-09-04T23:21:39.355430
TN 87 2430,865826046640860,0.0,53.98,184.76,03/09/2025 12:41:15,13.010199,80.0047683,0047683,2025-09-04T23:21:39.355614
TN 87 2430,865826046640860,0.0,53.98,184.76,03/09/2025 12:40:16,13.010199,80.0047683,0047683,2025-09-04T23:21:39.355761
TN 87 2430,865826046640860,0.0,53.98,184.76,03/09/2025 12:40:16,13.010199,80.0047683,0047683,2025-09-04T23:21:39.355895
TN 87 2430,865826046640860,0.0,53.98,184.75,03/09/2025 12:39:17,13.010199,80.0047683,0047683,2025-09-04T23:21:39.356049
TN 87 2430,865826046640860,0.0,53.98,184.75,03/09/2025 12:39:17,13.010199,80.0047683,0047683,2025-09-04T23:21:39.356204
TN 87 2430,865826046640860,0.0,53.98,184.77,03/09/2025 12:30:30,13.0101501,80.0047016,0047016,2025-09-04T23:21:39.356316
TN 87 2430,865826046640860,0.0,53.98,184.79,03/09/2025 12:29:32,13.0101501,80.0047016,0047016,2025-09-04T23:21:39.356428
TN 87 2430,865826046640860,0.0,53.98,184.77,03/09/2025 12:28:33,13.0101501,80.0047016,0047016,2025-09-04T23:21:39.356550
TN 87 2430,865826046640860,0.0,53.98,184.75,03/09/2025 12:27:34,13.0101501,80.0047016,0047016,2025-09-04T23:21:39.356655
TN 87 2430,865826046640860,0.0,53.98,184.78,03/09/2025 12:27:25,13.0101501,80.0047016,0047016,2025-09-04T23:21:39.356752
TN 87 2430,865826046640860,0.0,53.98,184.78,03/09/2025 12:27:15,13.0101501,80.0047016,0047016,2025-09-04T23:21:39.356875
TN 87 2430,865826046640860,0.0,53.98,184.78,03/09/2025 12:26:24,13.0101501,80.0047016,0047016,2025-09-04T23:21:39.357011
TN 87 2430,865826046640860,0.0,53.98,184.79,03/09/2025 12:25:25,13.0101501,80.0047016,0047016,2025-09-04T23:21:39.357135
TN 87 2430,865826046640860,0.0,53.98,184.78,03/09/2025 12:16:38,13.0102169,80.0047683,0047683,2025-09-04T23:21:39.357257
TN 87 2430,865826046640860,0.0,53.98,184.79,03/09/2025 12:06:52,13.0102324,80.0048542,0048542,2025-09-04T23:21:39.357399
TN 87 2430,865826046640860,0.0,53.98,184.79,03/09/2025 12:05:53,13.0102324,80.0048542,0048542,2025-09-04T23:21:39.357564
TN 87 2430,865826046640860,0.0,53.98,184.78,03/09/2025 12:04:54,13.0102324,80.0048542,0048542,2025-09-04T23:21:39.357740
TN 87 2430,865826046640860,0.0,53.98,184.78,03/09/2025 12:03:56,13.0102324,80.0048542,0048542,2025-09-04T23:21:39.357844
TN 87 2430,865826046640860,0.0,53.98,184.8,03/09/2025 12:02:57,13.0102324,80.0048542,0048542,2025-09-04T23:21:39.357949
TN 87 2430,865826046640860,0.0,53.98,184.78,03/09/2025 12:01:59,13.0102324,80.0048542,0048542,2025-09-04T23:21:39.358120
TN 87 2430,865826046640860,0.0,53.98,184.79,03/09/2025 11:56:07,13.0102324,80.0048542,0048542,2025-09-04T23:21:39.358271
TN 87 2430,865826046640860,0.0,53.98,184.8,03/09/2025 11:55:09,13.0102324,80.0048542,0048542,2025-09-04T23:21:39.358415
TN 87 2430,865826046640860,0.0,53.98,184.78,03/09/2025 11:54:10,13.0102324,80.0048542,0048542,2025-09-04T23:21:39.358551
TN 87 2430,865826046640860,0.0,53.98,184.8,03/09/2025 11:53:11,13.0102324,80.0048542,0048542,2025-09-04T23:21:39.358737
TN 87 2430,865826046640860,0.0,53.98,184.81,03/09/2025 11:52:13,13.0102324,80.0048542,0048542,2025-09-04T23:21:39.358900
TN 87 2430,865826046640860,0.0,53.98,184.8,03/09/2025 11:51:14,13.0102324,80.0048542,0048542,2025-09-04T23:21:39.359115
TN 87 2430,865826046640860,0.0,53.98,184.78,03/09/2025 11:50:16,13.0102324,80.0048542,0048542,2025-09-04T23:21:39.359288
TN 87 2430,865826046640860,0.0,53.98,184.8,03/09/2025 11:49:17,13.0102324,80.0048542,0048542,2025-09-04T23:21:39.359483
TN 87 2430,865826046640860,0.0,53.98,184.82,03/09/2025 11:48:18,13.0102324,80.0048542,0048542,2025-09-04T23:21:39.359675
TN 87 2430,865826046640860,0.0,53.98,184.78,03/09/2025 11:47:20,13.0102324,80.0048542,0048542,2025-09-04T23:21:39.359870
TN 87 2430,865826046640860,0.0,53.98,184.8,03/09/2025 11:46:21,13.0102324,80.0048542,0048542,2025-09-04T23:21:39.360052
TN 87 2430,865826046640860,0.0,53.98,184.81,03/09/2025 11:45:22,13.0102324,80.0048542,0048542,2025-09-04T23:21:39.360229
TN 87 2430,865826046640860,0.0,53.98,184.81,03/09/2025 11:44:24,13.0102324,80.0048542,0048542,2025-09-04T23:21:39.360410
TN 87 2430,865826046640860,0.0,53.98,184.79,03/09/2025 11:43:25,13.0102324,80.0048542,0048542,2025-09-04T23:21:39.360589
TN 87 2430,865826046640860,0.0,53.98,184.82,03/09/2025 11:42:27,13.0102324,80.0048542,0048542,2025-09-04T23:21:39.360786
TN 87 2430,865826046640860,0.0,53.98,184.8,03/09/2025 11:41:28,13.0102324,80.0048542,0048542,2025-09-04T23:21:39.361005
TN 87 2430,865826046640860,0.0,53.98,184.81,03/09/2025 11:40:30,13.0102324,80.0048542,0048542,2025-09-04T23:21:39.361188
TN 87 2430,865826046640860,0.0,53.98,184.8,03/09/2025 11:39:31,13.0102324,80.0048542,0048542,2025-09-04T23:21:39.361373
TN 87 2430,865826046640860,0.0,53.98,184.81,03/09/2025 11:38:32,13.0102324,80.0048542,0048542,2025-09-04T23:21:39.361501
TN 87 2430,865826046640860,0.0,53.98,184.82,03/09/2025 11:37:34,13.0102324,80.0048542,0048542,2025-09-04T23:21:39.361621
TN 87 2430,865826046640860,0.0,53.98,184.79,03/09/2025 11:36:35,13.0102324,80.0048542,0048542,2025-09-04T23:21:39.361761
TN 87 2430,865826046640860,0.0,53.98,184.83,03/09/2025 11:35:37,13.0102324,80.0048542,0048542,2025-09-04T23:21:39.361900
TN 87 2430,865826046640860,0.0,53.98,184.81,03/09/2025 11:34:38,13.0102324,80.0048542,0048542,2025-09-04T23:21:39.362012
TN 87 2430,865826046640860,0.0,53.98,184.81,03/09/2025 11:33:39,13.0102992,80.0049114,0049114,2025-09-04T23:21:39.362179
TN 87 2430,865826046640860,0.0,53.98,184.83,03/09/2025 11:32:41,13.0102992,80.0049114,0049114,2025-09-04T23:21:39.362343
TN 87 2430,865826046640860,0.0,53.98,184.86,03/09/2025 11:31:42,13.0102992,80.0049114,0049114,2025-09-04T23:21:39.362487
TN 87 2430,865826046640860,0.0,53.98,184.85,03/09/2025 11:30:44,13.010317,80.004816,0048160,2025-09-04T23:21:39.362627
TN 87 2430,865826046640860,0.0,53.98,184.87,03/09/2025 11:29:45,13.010317,80.004816,0048160,2025-09-04T23:21:39.362743
TN 87 2430,865826046640860,0.0,53.98,184.94,03/09/2025 11:28:46,13.010317,80.004816,0048160,2025-09-04T23:21:39.362903
TN 87 2430,865826046640860,0.0,53.98,184.96,03/09/2025 11:27:48,13.010317,80.004816,0048160,2025-09-04T23:21:39.363050
TN 87 2430,865826046640860,0.0,53.98,184.96,03/09/2025 11:26:49,13.010317,80.004816,0048160,2025-09-04T23:21:39.363242
TN 87 2430,865826046640860,0.0,53.98,184.9,03/09/2025 11:18:03,13.010317,80.004816,0048160,2025-09-04T23:21:39.363497
TN 87 2430,865826046640860,0.0,53.98,184.93,03/09/2025 11:17:03,13.010317,80.004816,0048160,2025-09-04T23:21:39.363694
TN 87 2430,865826046640860,0.0,53.98,184.88,03/09/2025 11:16:05,13.010317,80.004816,0048160,2025-09-04T23:21:39.363895
TN 87 2430,865826046640860,0.0,53.98,184.92,03/09/2025 11:15:06,13.010317,80.004816,0048160,2025-09-04T23:21:39.364045
TN 87 2430,865826046640860,0.0,53.98,184.91,03/09/2025 11:14:08,13.010317,80.004816,0048160,2025-09-04T23:21:39.364171
TN 87 2430,865826046640860,0.0,53.98,184.9,03/09/2025 11:13:09,13.010317,80.0048351,0048351,2025-09-04T23:21:39.364314
TN 87 2430,865826046640860,0.0,53.98,184.93,03/09/2025 11:12:10,13.0102169,80.0048542,0048542,2025-09-04T23:21:39.364455
TN 87 2430,865826046640860,0.0,53.98,184.88,03/09/2025 11:11:12,13.0102169,80.0048542,0048542,2025-09-04T23:21:39.364634
TN 87 2430,865826046640860,0.0,53.98,184.87,03/09/2025 11:10:13,13.0102169,80.0048542,0048542,2025-09-04T23:21:39.364797
TN 87 2430,865826046640860,0.0,53.98,184.84,03/09/2025 11:09:14,13.0102169,80.0048542,0048542,2025-09-04T23:21:39.364990
TN 87 2430,865826046640860,0.0,53.98,184.9,03/09/2025 11:08:16,13.0102169,80.0048542,0048542,2025-09-04T23:21:39.365146
TN 87 2430,865826046640860,0.0,53.98,184.93,03/09/2025 11:07:17,13.0102169,80.0048542,0048542,2025-09-04T23:21:39.365280
TN 87 2430,865826046640860,0.0,53.98,184.86,03/09/2025 11:06:19,13.010317,80.0048542,0048542,2025-09-04T23:21:39.365454
TN 87 2430,865826046640860,0.0,53.98,184.58,03/09/2025 10:51:40,13.0102992,80.0049114,0049114,2025-09-04T23:21:39.365677
TN 87 2430,865826046640860,0.0,53.98,184.6,03/09/2025 10:50:41,13.0102992,80.0049114,0049114,2025-09-04T23:21:39.365867
TN 87 2430,865826046640860,0.0,53.98,184.62,03/09/2025 10:49:42,13.0102992,80.0049114,0049114,2025-09-04T23:21:39.366049
TN 87 2430,865826046640860,0.0,53.98,184.6,03/09/2025 10:48:44,13.0102992,80.0049114,0049114,2025-09-04T23:21:39.366195
TN 87 2430,865826046640860,0.0,53.98,184.61,03/09/2025 10:47:45,13.0102992,80.0049114,0049114,2025-09-04T23:21:39.366336
TN 87 2430,865826046640860,0.0,53.98,184.61,03/09/2025 10:46:47,13.0102992,80.0049114,0049114,2025-09-04T23:21:39.366445
TN 87 2430,865826046640860,0.0,53.98,184.59,03/09/2025 10:45:48,13.0102992,80.0049114,0049114,2025-09-04T23:21:39.366559
TN 87 2430,865826046640860,0.0,53.98,184.6,03/09/2025 10:44:50,13.0102992,80.0049114,0049114,2025-09-04T23:21:39.366712
TN 87 2430,865826046640860,0.0,53.98,184.59,03/09/2025 10:43:51,13.0102992,80.0049114,0049114,2025-09-04T23:21:39.366864
TN 87 2430,865826046640860,0.0,53.98,184.6,03/09/2025 10:42:53,13.0102992,80.0049114,0049114,2025-09-04T23:21:39.367046
TN 87 2430,865826046640860,0.0,53.98,184.58,03/09/2025 10:41:54,13.0102503,80.0049114,0049114,2025-09-04T23:21:39.367212
TN 87 2430,865826046640860,0.0,53.98,184.58,03/09/2025 10:40:55,13.0102503,80.0049114,0049114,2025-09-04T23:21:39.367383
TN 87 2430,865826046640860,0.0,53.98,184.61,03/09/2025 10:39:57,13.0102503,80.0049114,0049114,2025-09-04T23:21:39.367543
TN 87 2430,865826046640860,0.0,53.98,184.58,03/09/2025 10:38:58,13.0102503,80.0049114,0049114,2025-09-04T23:21:39.367657
TN 87 2430,865826046640860,0.0,53.98,184.57,03/09/2025 10:38:00,13.0102503,80.0049114,0049114,2025-09-04T23:21:39.367773
TN 87 2430,865826046640860,0.0,53.98,184.6,03/09/2025 10:37:01,13.0103993,80.0049781,0049781,2025-09-04T23:21:39.367942
TN 87 2430,865826046640860,0.0,53.98,184.61,03/09/2025 10:36:02,13.0103993,80.0049781,0049781,2025-09-04T23:21:39.368111
TN 87 2430,865826046640860,0.0,53.98,184.58,03/09/2025 10:35:04,13.0103993,80.0049781,0049781,2025-09-04T23:21:39.368293
TN 87 2430,865826046640860,0.0,53.98,184.57,03/09/2025 10:34:05,13.0102837,80.0049018,0049018,2025-09-04T23:21:39.368465
TN 87 2430,865826046640860,0.0,53.98,184.57,03/09/2025 10:33:06,13.0102837,80.0049018,0049018,2025-09-04T23:21:39.368601
TN 87 2430,865826046640860,0.0,53.98,184.56,03/09/2025 10:32:08,13.0102837,80.0049018,0049018,2025-09-04T23:21:39.368736
TN 87 2430,865826046640860,0.0,53.98,184.57,03/09/2025 10:31:09,13.0102992,80.0049018,0049018,2025-09-04T23:21:39.368887
TN 87 2430,865826046640860,0.0,53.98,184.53,03/09/2025 10:26:04,13.0103504,80.0048828,0048828,2025-09-04T23:21:39.369047
TN 87 2430,865826046640860,0.0,53.98,184.58,03/09/2025 10:25:05,13.0103504,80.0048828,0048828,2025-09-04T23:21:39.369193
TN 87 2430,865826046640860,0.0,53.98,184.6,03/09/2025 10:24:07,13.0103504,80.0048828,0048828,2025-09-04T23:21:39.369342
TN 87 2430,865826046640860,0.0,53.98,184.59,03/09/2025 10:23:08,13.0103838,80.0048828,0048828,2025-09-04T23:21:39.369504
TN 87 2430,865826046640860,0.0,53.98,184.61,03/09/2025 10:22:10,13.0102503,80.00494,0049400,2025-09-04T23:21:39.369638
TN 87 2430,865826046640860,0.0,53.98,184.6,03/09/2025 10:21:11,13.0102503,80.00494,0049400,2025-09-04T23:21:39.369764
TN 87 2430,865826046640860,0.0,53.98,184.6,03/09/2025 10:20:12,13.0102503,80.00494,0049400,2025-09-04T23:21:39.369924
TN 87 2430,865826046640860,0.0,53.98,184.6,03/09/2025 10:19:14,13.0102503,80.00494,0049400,2025-09-04T23:21:39.370072
TN 87 2430,865826046640860,0.0,53.98,184.6,03/09/2025 10:18:15,13.0102992,80.0049781,0049781,2025-09-04T23:21:39.370227
TN 87 2430,865826046640860,0.0,53.98,184.61,03/09/2025 10:17:17,13.0102992,80.0049781,0049781,2025-09-04T23:21:39.370394
TN 87 2430,865826046640860,0.0,53.98,184.61,03/09/2025 10:16:18,13.0103659,80.0048637,0048637,2025-09-04T23:21:39.370545
TN 87 2430,865826046640860,0.0,53.98,184.61,03/09/2025 10:15:20,13.0103659,80.0048637,0048637,2025-09-04T23:21:39.370709
TN 87 2430,865826046640860,0.0,53.98,184.6,03/09/2025 10:14:21,13.010317,80.0048637,0048637,2025-09-04T23:21:39.370852
TN 87 2430,865826046640860,0.0,53.98,184.63,03/09/2025 10:13:22,13.0103325,80.004816,0048160,2025-09-04T23:21:39.371061
TN 87 2430,865826046640860,0.0,53.98,184.62,03/09/2025 10:12:24,13.0103325,80.0048542,0048542,2025-09-04T23:21:39.371242
TN 87 2430,865826046640860,0.0,53.98,184.63,03/09/2025 10:11:25,13.0102503,80.0049114,0049114,2025-09-04T23:21:39.371451
TN 87 2430,865826046640860,0.0,53.98,184.63,03/09/2025 10:06:32,13.0102837,80.0049114,0049114,2025-09-04T23:21:39.371645
TN 87 2430,865826046640860,0.0,53.98,184.63,03/09/2025 10:05:34,13.0102837,80.0049114,0049114,2025-09-04T23:21:39.371802
TN 87 2430,865826046640860,0.0,53.98,184.63,03/09/2025 10:04:35,13.0102837,80.0049114,0049114,2025-09-04T23:21:39.372001
TN 87 2430,865826046640860,0.0,53.98,184.64,03/09/2025 10:03:36,13.0102837,80.0049114,0049114,2025-09-04T23:21:39.372213
TN 87 2430,865826046640860,0.0,53.98,184.61,03/09/2025 10:02:38,13.0102992,80.0049018,0049018,2025-09-04T23:21:39.372413
TN 87 2430,865826046640860,0.0,53.98,184.62,03/09/2025 10:01:39,13.0102169,80.00494,0049400,2025-09-04T23:21:39.372618
TN 87 2430,865826046640860,0.0,53.98,184.64,03/09/2025 10:00:40,13.0102169,80.00494,0049400,2025-09-04T23:21:39.372812
TN 87 2430,865826046640860,0.0,53.98,184.64,03/09/2025 09:59:42,13.0102169,80.00494,0049400,2025-09-04T23:21:39.373020
TN 87 2430,865826046640860,0.0,53.98,184.64,03/09/2025 09:58:43,13.0102169,80.00494,0049400,2025-09-04T23:21:39.373248
TN 87 2430,865826046640860,0.0,53.98,184.63,03/09/2025 09:57:45,13.0102169,80.00494,0049400,2025-09-04T23:21:39.373451
TN 87 2430,865826046640860,0.0,53.98,184.62,03/09/2025 09:56:46,13.0102324,80.0049972,0049972,2025-09-04T23:21:39.373656
TN 87 2430,865826046640860,0.0,53.98,184.64,03/09/2025 09:55:48,13.0104172,80.0049018,0049018,2025-09-04T23:21:39.373861
TN 87 2430,865826046640860,0.0,53.98,184.61,03/09/2025 09:54:49,13.0104172,80.0049018,0049018,2025-09-04T23:21:39.374060
TN 87 2430,865826046640860,0.0,53.98,184.64,03/09/2025 09:50:55,13.010317,80.0048351,0048351,2025-09-04T23:21:39.374263
TN 87 2430,865826046640860,0.0,53.98,184.62,03/09/2025 09:49:56,13.0103325,80.0048637,0048637,2025-09-04T23:21:39.374447
TN 87 2430,865826046640860,0.0,53.98,184.63,03/09/2025 09:48:57,13.0103325,80.0048637,0048637,2025-09-04T23:21:39.374646
TN 87 2430,865826046640860,0.0,53.98,184.63,03/09/2025 09:47:59,13.0103325,80.0048637,0048637,2025-09-04T23:21:39.374782
TN 87 2430,865826046640860,0.0,53.98,184.61,03/09/2025 09:47:00,13.0103325,80.0048637,0048637,2025-09-04T23:21:39.374969
TN 87 2430,865826046640860,0.0,53.98,184.64,03/09/2025 09:46:02,13.0103325,80.0048637,0048637,2025-09-04T23:21:39.375136
TN 87 2430,865826046640860,0.0,53.98,184.63,03/09/2025 09:45:03,13.0103325,80.0048637,0048637,2025-09-04T23:21:39.375336
TN 87 2430,865826046640860,0.0,53.98,184.63,03/09/2025 09:44:05,13.0103325,80.0048637,0048637,2025-09-04T23:21:39.375585
TN 87 2430,865826046640860,0.0,53.98,184.64,03/09/2025 09:43:06,13.010317,80.0048542,0048542,2025-09-04T23:21:39.375755
TN 87 2430,865826046640860,0.0,53.98,184.61,03/09/2025 09:42:07,13.010317,80.0048542,0048542,2025-09-04T23:21:39.375913
TN 87 2430,865826046640860,0.0,53.98,184.64,03/09/2025 09:41:09,13.0103504,80.0047969,0047969,2025-09-04T23:21:39.376106
TN 87 2430,865826046640860,0.0,53.98,184.61,03/09/2025 09:40:10,13.0103504,80.0047969,0047969,2025-09-04T23:21:39.376298
TN 87 2430,865826046640860,0.0,53.98,184.6,03/09/2025 09:39:11,13.0103504,80.0047969,0047969,2025-09-04T23:21:39.376486
TN 87 2430,865826046640860,0.0,53.98,184.58,03/09/2025 09:38:13,13.0103504,80.0047969,0047969,2025-09-04T23:21:39.376639
TN 87 2430,865826046640860,0.0,53.98,184.58,03/09/2025 09:37:14,13.0103504,80.0047969,0047969,2025-09-04T23:21:39.376757
TN 87 2430,865826046640860,0.0,53.98,184.6,03/09/2025 09:36:16,13.0103504,80.0047969,0047969,2025-09-04T23:21:39.376900
TN 87 2430,865826046640860,0.0,53.98,184.57,03/09/2025 09:35:17,13.0103504,80.0047969,0047969,2025-09-04T23:21:39.377097
TN 87 2430,865826046640860,0.0,53.98,184.52,03/09/2025 09:34:19,13.0103504,80.0047969,0047969,2025-09-04T23:21:39.377281
TN 87 2430,865826046640860,0.0,53.98,184.49,03/09/2025 09:33:20,13.0103504,80.0047969,0047969,2025-09-04T23:21:39.377480
TN 87 2430,865826046640860,0.0,53.98,184.51,03/09/2025 09:32:21,13.0103504,80.0047969,0047969,2025-09-04T23:21:39.377637
TN 87 2430,865826046640860,0.0,53.98,184.49,03/09/2025 09:31:23,13.0103504,80.0047969,0047969,2025-09-04T23:21:39.377768
TN 87 2430,865826046640860,0.0,53.98,184.5,03/09/2025 09:30:24,13.0103504,80.0047969,0047969,2025-09-04T23:21:39.377931
TN 87 2430,865826046640860,0.0,53.98,184.45,03/09/2025 09:29:26,13.0103504,80.0047969,0047969,2025-09-04T23:21:39.378096
TN 87 2430,865826046640860,0.0,53.98,184.43,03/09/2025 09:28:27,13.0103504,80.0047969,0047969,2025-09-04T23:21:39.378273
TN 87 2430,865826046640860,0.0,53.98,184.42,03/09/2025 09:27:28,13.0103504,80.0047969,0047969,2025-09-04T23:21:39.378434
TN 87 2430,865826046640860,0.0,53.98,184.39,03/09/2025 09:26:30,13.0103504,80.0047969,0047969,2025-09-04T23:21:39.378603
TN 87 2430,865826046640860,0.0,53.98,184.38,03/09/2025 09:25:31,13.0103504,80.0047969,0047969,2025-09-04T23:21:39.378738
TN 87 2430,865826046640860,0.0,53.98,184.31,03/09/2025 09:24:33,13.0103504,80.0047969,0047969,2025-09-04T23:21:39.378867
TN 87 2430,865826046640860,0.0,53.98,184.33,03/09/2025 09:23:34,13.0103504,80.0047969,0047969,2025-09-04T23:21:39.379040
TN 87 2430,865826046640860,0.0,53.98,184.34,03/09/2025 09:22:35,13.0103504,80.0047969,0047969,2025-09-04T23:21:39.379203
TN 87 2430,865826046640860,0.0,53.98,184.3,03/09/2025 09:21:37,13.0103504,80.0047969,0047969,2025-09-04T23:21:39.379379
TN 87 2430,865826046640860,0.0,53.98,184.25,03/09/2025 09:20:38,13.0103504,80.0047969,0047969,2025-09-04T23:21:39.379566
TN 87 2430,865826046640860,0.0,53.98,184.26,03/09/2025 09:19:40,13.0103504,80.0047969,0047969,2025-09-04T23:21:39.379710
TN 87 2430,865826046640860,0.0,53.98,184.29,03/09/2025 09:18:41,13.0102503,80.00494,0049400,2025-09-04T23:21:39.379906
TN 87 2430,865826046640860,0.0,53.98,184.24,03/09/2025 09:16:44,13.0102503,80.00494,0049400,2025-09-04T23:21:39.380089
TN 87 2430,865826046640860,0.0,53.98,184.24,03/09/2025 09:15:45,13.0102503,80.00494,0049400,2025-09-04T23:21:39.380280
TN 87 2430,865826046640860,0.0,53.98,184.25,03/09/2025 09:14:47,13.0102503,80.00494,0049400,2025-09-04T23:21:39.380445
TN 87 2430,865826046640860,0.0,53.98,184.26,03/09/2025 09:13:48,13.0102503,80.00494,0049400,2025-09-04T23:21:39.380616
TN 87 2430,865826046640860,0.0,53.98,184.23,03/09/2025 09:12:49,13.0102503,80.00494,0049400,2025-09-04T23:21:39.380776
TN 87 2430,865826046640860,0.0,53.98,184.25,03/09/2025 09:11:51,13.0102503,80.00494,0049400,2025-09-04T23:21:39.380971
TN 87 2430,865826046640860,0.0,53.98,184.24,03/09/2025 09:10:52,13.0102503,80.00494,0049400,2025-09-04T23:21:39.381145
TN 87 2430,865826046640860,0.0,53.98,184.25,03/09/2025 09:09:54,13.0102503,80.00494,0049400,2025-09-04T23:21:39.381309
TN 87 2430,865826046640860,0.0,53.98,184.24,03/09/2025 09:08:55,13.0102503,80.00494,0049400,2025-09-04T23:21:39.381474
TN 87 2430,865826046640860,0.0,53.98,184.24,03/09/2025 09:07:56,13.0102503,80.00494,0049400,2025-09-04T23:21:39.381658
TN 87 2430,865826046640860,0.0,53.98,184.26,03/09/2025 09:06:58,13.0102503,80.00494,0049400,2025-09-04T23:21:39.381812
TN 87 2430,865826046640860,0.0,53.98,184.29,03/09/2025 09:05:59,13.0102503,80.00494,0049400,2025-09-04T23:21:39.382008
TN 87 2430,865826046640860,0.0,53.98,184.26,03/09/2025 09:05:01,13.0102503,80.00494,0049400,2025-09-04T23:21:39.382249
TN 87 2430,865826046640860,0.0,53.98,184.28,03/09/2025 09:04:02,13.0102503,80.00494,0049400,2025-09-04T23:21:39.382449
TN 87 2430,865826046640860,0.0,53.98,184.31,03/09/2025 09:03:03,13.0102503,80.00494,0049400,2025-09-04T23:21:39.382630
TN 87 2430,865826046640860,0.0,53.98,184.29,03/09/2025 09:02:05,13.0102503,80.00494,0049400,2025-09-04T23:21:39.382812
TN 87 2430,865826046640860,0.0,53.98,184.32,03/09/2025 09:01:06,13.0102503,80.00494,0049400,2025-09-04T23:21:39.383002
TN 87 2430,865826046640860,0.0,53.98,184.31,03/09/2025 09:00:08,13.0102503,80.00494,0049400,2025-09-04T23:21:39.383187
TN 87 2430,865826046640860,0.0,53.98,184.11,03/09/2025 08:50:22,13.0103504,80.0047874,0047874,2025-09-04T23:21:39.383339
TN 87 2430,865826046640860,0.0,53.98,184.05,03/09/2025 08:49:23,13.0103504,80.0047874,0047874,2025-09-04T23:21:39.383518
TN 87 2430,865826046640860,0.0,53.98,184.0,03/09/2025 08:48:25,13.0103504,80.0047874,0047874,2025-09-04T23:21:39.383660
TN 87 2430,865826046640860,0.0,53.98,184.01,03/09/2025 08:47:26,13.0103504,80.0047874,0047874,2025-09-04T23:21:39.383823
TN 87 2430,865826046640860,0.0,53.98,183.97,03/09/2025 08:46:27,13.0103504,80.0047874,0047874,2025-09-04T23:21:39.383980
TN 87 2430,865826046640860,0.0,53.98,183.97,03/09/2025 08:45:29,13.0103504,80.0047874,0047874,2025-09-04T23:21:39.384129
TN 87 2430,865826046640860,0.0,53.98,183.96,03/09/2025 08:44:30,13.0103504,80.0047874,0047874,2025-09-04T23:21:39.384302
TN 87 2430,865826046640860,0.0,53.98,183.95,03/09/2025 08:43:32,13.0103504,80.0047874,0047874,2025-09-04T23:21:39.384464
TN 87 2430,865826046640860,0.0,53.98,183.95,03/09/2025 08:42:33,13.0103504,80.0047874,0047874,2025-09-04T23:21:39.384625
TN 87 2430,865826046640860,0.0,53.98,183.98,03/09/2025 08:41:34,13.010317,80.0049018,0049018,2025-09-04T23:21:39.384799
TN 87 2430,865826046640860,0.0,53.98,183.94,03/09/2025 08:40:36,13.010317,80.0049018,0049018,2025-09-04T23:21:39.384990
TN 87 2430,865826046640860,0.0,53.98,183.99,03/09/2025 08:39:37,13.010317,80.0049018,0049018,2025-09-04T23:21:39.385157
TN 87 2430,865826046640860,0.0,53.98,183.98,03/09/2025 08:38:39,13.010317,80.0049018,0049018,2025-09-04T23:21:39.385329
TN 87 2430,865826046640860,0.0,53.98,183.99,03/09/2025 08:37:40,13.010317,80.0049018,0049018,2025-09-04T23:21:39.385493
TN 87 2430,865826046640860,0.0,53.98,183.98,03/09/2025 08:36:41,13.010317,80.0049018,0049018,2025-09-04T23:21:39.385666
TN 87 2430,865826046640860,0.0,53.98,183.99,03/09/2025 08:35:43,13.010317,80.0049018,0049018,2025-09-04T23:21:39.385864
TN 87 2430,865826046640860,0.0,53.98,183.97,03/09/2025 08:34:44,13.010317,80.0049018,0049018,2025-09-04T23:21:39.386073
TN 87 2430,865826046640860,0.0,53.98,183.97,03/09/2025 08:34:44,13.010317,80.0049018,0049018,2025-09-04T23:21:39.386305
TN 87 2430,865826046640860,0.0,53.98,183.97,03/09/2025 08:33:46,13.010317,80.0049018,0049018,2025-09-04T23:21:39.386531
TN 87 2430,865826046640860,0.0,53.98,183.97,03/09/2025 08:33:46,13.010317,80.0049018,0049018,2025-09-04T23:21:39.386731
TN 87 2430,865826046640860,0.0,53.98,183.95,03/09/2025 08:32:47,13.010317,80.0049018,0049018,2025-09-04T23:21:39.386936
TN 87 2430,865826046640860,0.0,53.98,183.95,03/09/2025 08:32:47,13.010317,80.0049018,0049018,2025-09-04T23:21:39.387129
TN 87 2430,865826046640860,0.0,53.98,184.0,03/09/2025 08:32:37,13.010317,80.0049018,0049018,2025-09-04T23:21:39.387300
TN 87 2430,865826046640860,0.0,53.98,184.0,03/09/2025 08:32:37,13.010317,80.0049018,0049018,2025-09-04T23:21:39.387498
TN 87 2430,865826046640860,0.0,53.98,183.98,03/09/2025 08:32:27,13.010317,80.0049018,0049018,2025-09-04T23:21:39.387676
TN 87 2430,865826046640860,0.0,53.98,183.98,03/09/2025 08:32:27,13.010317,80.0049018,0049018,2025-09-04T23:21:39.387877
TN 87 2430,865826046640860,0.0,53.98,183.98,03/09/2025 08:31:09,13.010317,80.0049018,0049018,2025-09-04T23:21:39.388065
TN 87 2430,865826046640860,0.0,53.98,183.99,03/09/2025 08:30:10,13.010317,80.0049018,0049018,2025-09-04T23:21:39.388241
TN 87 2430,865826046640860,0.0,53.98,183.89,03/09/2025 08:29:12,13.010317,80.0049018,0049018,2025-09-04T23:21:39.388428
TN 87 2430,865826046640860,0.0,53.98,183.8,03/09/2025 08:28:13,13.010317,80.0049018,0049018,2025-09-04T23:21:39.388575
TN 87 2430,865826046640860,0.0,53.98,183.7,03/09/2025 08:27:15,13.010317,80.0049018,0049018,2025-09-04T23:21:39.388733
TN 87 2430,865826046640860,0.0,53.98,183.66,03/09/2025 08:26:16,13.010317,80.0049018,0049018,2025-09-04T23:21:39.388908
TN 87 2430,865826046640860,0.0,53.98,183.62,03/09/2025 08:25:18,13.010317,80.0048828,0048828,2025-09-04T23:21:39.389074
TN 87 2430,865826046640860,0.0,53.98,183.59,03/09/2025 08:24:19,13.010317,80.0048828,0048828,2025-09-04T23:21:39.389262
TN 87 2430,865826046640860,0.0,53.98,183.61,03/09/2025 08:23:20,13.010317,80.0048828,0048828,2025-09-04T23:21:39.389451
TN 87 2430,865826046640860,0.0,53.98,183.61,03/09/2025 08:22:22,13.0102992,80.0049018,0049018,2025-09-04T23:21:39.389628
TN 87 2430,865826046640860,0.0,53.98,183.6,03/09/2025 08:21:23,13.0102992,80.0049018,0049018,2025-09-04T23:21:39.389781
TN 87 2430,865826046640860,0.0,53.98,183.61,03/09/2025 08:20:24,13.0102992,80.0049018,0049018,2025-09-04T23:21:39.389967
TN 87 2430,865826046640860,0.0,53.98,183.61,03/09/2025 08:19:26,13.0102992,80.0049018,0049018,2025-09-04T23:21:39.390150
TN 87 2430,865826046640860,0.0,53.98,183.63,03/09/2025 08:18:27,13.0102992,80.0049018,0049018,2025-09-04T23:21:39.390322
TN 87 2430,865826046640860,0.0,53.98,183.62,03/09/2025 08:17:29,13.0102992,80.0049018,0049018,2025-09-04T23:21:39.390498
TN 87 2430,865826046640860,0.0,53.98,183.63,03/09/2025 08:16:30,13.0102992,80.0049018,0049018,2025-09-04T23:21:39.390691
TN 87 2430,865826046640860,0.0,53.98,183.63,03/09/2025 08:15:31,13.0102992,80.0049018,0049018,2025-09-04T23:21:39.390882
TN 87 2430,865826046640860,0.0,53.98,183.63,03/09/2025 08:14:33,13.0102992,80.0049018,0049018,2025-09-04T23:21:39.391079
TN 87 2430,865826046640860,0.0,53.98,183.62,03/09/2025 08:13:34,13.0102992,80.0049018,0049018,2025-09-04T23:21:39.391273
TN 87 2430,865826046640860,0.0,53.98,183.6,03/09/2025 08:12:36,13.0103504,80.0048542,0048542,2025-09-04T23:21:39.391459
TN 87 2430,865826046640860,0.0,53.98,183.6,03/09/2025 08:11:37,13.0103504,80.0048542,0048542,2025-09-04T23:21:39.391657
TN 87 2430,865826046640860,0.0,53.98,183.61,03/09/2025 08:10:39,13.0103504,80.0048542,0048542,2025-09-04T23:21:39.391902
TN 87 2430,865826046640860,0.0,53.98,183.6,03/09/2025 08:09:40,13.0103504,80.0048542,0048542,2025-09-04T23:21:39.392152
TN 87 2430,865826046640860,0.0,53.98,183.6,03/09/2025 08:08:41,13.0103504,80.0048542,0048542,2025-09-04T23:21:39.392357
TN 87 2430,865826046640860,0.0,53.98,183.63,03/09/2025 08:07:43,13.0103504,80.0048542,0048542,2025-09-04T23:21:39.392533
TN 87 2430,865826046640860,0.0,53.98,183.6,03/09/2025 08:06:44,13.0103504,80.0048542,0048542,2025-09-04T23:21:39.392722
TN 87 2430,865826046640860,0.0,53.98,183.6,03/09/2025 08:06:34,13.0103504,80.0048542,0048542,2025-09-04T23:21:39.392965
TN 87 2430,865826046640860,0.0,53.98,183.59,03/09/2025 08:06:25,13.0103504,80.0048542,0048542,2025-09-04T23:21:39.393154
TN 87 2430,865826046640860,0.0,53.98,183.59,03/09/2025 08:06:15,13.0103504,80.0048542,0048542,2025-09-04T23:21:39.393343
TN 87 2430,865826046640860,0.0,53.98,183.6,03/09/2025 08:06:05,13.0103504,80.0048542,0048542,2025-09-04T23:21:39.393528
TN 87 2430,865826046640860,0.0,53.98,183.63,03/09/2025 08:05:55,13.0103504,80.0048542,0048542,2025-09-04T23:21:39.393694
TN 87 2430,865826046640860,0.0,53.98,183.63,03/09/2025 08:05:55,13.0103504,80.0048542,0048542,2025-09-04T23:21:39.393867
TN 87 2430,865826046640860,0.0,53.98,183.63,03/09/2025 08:05:48,13.0103504,80.0048542,0048542,2025-09-04T23:21:39.394071
TN 87 2430,865826046640860,0.0,53.98,183.63,03/09/2025 08:05:48,13.0103504,80.0048542,0048542,2025-09-04T23:21:39.394264
TN 87 2430,865826046640860,0.0,53.98,183.63,03/09/2025 08:05:46,13.0103504,80.0048542,0048542,2025-09-04T23:21:39.394450
TN 87 2430,865826046640860,0.0,53.98,183.63,03/09/2025 08:05:46,13.0103504,80.0048542,0048542,2025-09-04T23:21:39.394623
TN 87 2430,865826046640860,0.0,53.98,183.64,03/09/2025 08:05:36,13.0103504,80.0048542,0048542,2025-09-04T23:21:39.394774
TN 87 2430,865826046640860,0.0,53.98,183.64,03/09/2025 08:05:36,13.0103504,80.0048542,0048542,2025-09-04T23:21:39.394964
TN 87 2430,865826046640860,0.0,53.98,183.64,03/09/2025 08:05:36,13.0103504,80.0048542,0048542,2025-09-04T23:21:39.395173
TN 87 2430,865826046640860,0.0,53.98,183.65,03/09/2025 08:05:26,13.0103504,80.0048542,0048542,2025-09-04T23:21:39.395346
TN 87 2430,865826046640860,0.0,53.98,183.65,03/09/2025 08:05:26,13.0103504,80.0048542,0048542,2025-09-04T23:21:39.395539
TN 87 2430,865826046640860,0.0,53.98,183.64,03/09/2025 08:05:16,13.0103504,80.0048542,0048542,2025-09-04T23:21:39.395733
TN 87 2430,865826046640860,0.0,53.98,183.61,03/09/2025 08:05:06,13.0103504,80.0048542,0048542,2025-09-04T23:21:39.395900
TN 87 2430,865826046640860,0.0,53.98,183.62,03/09/2025 08:04:57,13.0103504,80.0048542,0048542,2025-09-04T23:21:39.396097
TN 87 2430,865826046640860,0.0,53.98,183.61,03/09/2025 08:04:47,13.0103504,80.0048542,0048542,2025-09-04T23:21:39.396283
TN 87 2430,865826046640860,0.0,53.98,183.63,03/09/2025 08:04:37,13.0103659,80.0048828,0048828,2025-09-04T23:21:39.396455
TN 87 2430,865826046640860,0.0,53.98,183.64,03/09/2025 08:04:27,13.0103659,80.0048828,0048828,2025-09-04T23:21:39.396609
TN 87 2430,865826046640860,0.0,53.98,183.63,03/09/2025 08:04:18,13.0103659,80.0048828,0048828,2025-09-04T23:21:39.396774
TN 87 2430,865826046640860,0.0,53.98,183.62,03/09/2025 08:04:08,13.0103659,80.0048828,0048828,2025-09-04T23:21:39.396922
TN 87 2430,865826046640860,0.0,53.98,183.62,03/09/2025 08:03:58,13.0103659,80.0048828,0048828,2025-09-04T23:21:39.397092
TN 87 2430,865826046640860,0.0,53.98,183.61,03/09/2025 08:03:48,13.0103659,80.0048828,0048828,2025-09-04T23:21:39.397259
TN 87 2430,865826046640860,0.0,53.98,183.62,03/09/2025 08:03:37,13.0103659,80.0048828,0048828,2025-09-04T23:21:39.397432
TN 87 2430,865826046640860,0.0,53.98,183.64,03/09/2025 08:03:29,13.0103659,80.0048828,0048828,2025-09-04T23:21:39.397582
TN 87 2430,865826046640860,0.0,53.98,183.65,03/09/2025 08:03:19,13.0103659,80.0048828,0048828,2025-09-04T23:21:39.397735
TN 87 2430,865826046640860,0.0,53.98,183.65,03/09/2025 08:03:09,13.0103659,80.0048828,0048828,2025-09-04T23:21:39.397901
TN 87 2430,865826046640860,0.0,53.98,183.66,03/09/2025 08:02:59,13.0103659,80.0048828,0048828,2025-09-04T23:21:39.398044
TN 87 2430,865826046640860,0.0,53.98,183.66,03/09/2025 08:02:50,13.0103659,80.0048828,0048828,2025-09-04T23:21:39.398243
TN 87 2430,865826046640860,0.0,53.98,183.63,03/09/2025 08:02:11,13.0103659,80.0048828,0048828,2025-09-04T23:21:39.398396
TN 87 2430,865826046640860,0.0,53.98,183.63,03/09/2025 08:02:11,13.0103659,80.0048828,0048828,2025-09-04T23:21:39.398539
TN 87 2430,865826046640860,0.0,53.98,183.63,03/09/2025 08:02:11,13.0103659,80.0048828,0048828,2025-09-04T23:21:39.398718
TN 87 2430,865826046640860,0.0,53.98,183.63,03/09/2025 08:02:11,13.0103659,80.0048828,0048828,2025-09-04T23:21:39.398923
TN 87 2430,865826046640860,0.0,53.98,183.65,03/09/2025 08:02:01,13.0103659,80.0048828,0048828,2025-09-04T23:21:39.399126
TN 87 2430,865826046640860,0.0,53.98,183.65,03/09/2025 08:02:01,13.0103659,80.0048828,0048828,2025-09-04T23:21:39.399339
TN 87 2430,865826046640860,0.0,53.98,183.65,03/09/2025 08:02:01,13.0103659,80.0048828,0048828,2025-09-04T23:21:39.399556
TN 87 2430,865826046640860,0.0,53.98,183.65,03/09/2025 08:02:01,13.0103659,80.0048828,0048828,2025-09-04T23:21:39.399742
TN 87 2430,865826046640860,0.0,53.98,183.65,03/09/2025 08:01:51,13.0103659,80.0048828,0048828,2025-09-04T23:21:39.399949
TN 87 2430,865826046640860,0.0,53.98,183.65,03/09/2025 08:01:51,13.0103659,80.0048828,0048828,2025-09-04T23:21:39.400138
TN 87 2430,865826046640860,0.0,53.98,183.65,03/09/2025 08:01:51,13.0103659,80.0048828,0048828,2025-09-04T23:21:39.400322
TN 87 2430,865826046640860,0.0,53.98,183.65,03/09/2025 08:01:51,13.0103659,80.0048828,0048828,2025-09-04T23:21:39.400514
TN 87 2430,865826046640860,0.0,53.98,183.65,03/09/2025 08:01:51,13.0103659,80.0048828,0048828,2025-09-04T23:21:39.400710
TN 87 2430,865826046640860,0.0,53.98,183.73,03/09/2025 08:01:41,13.0103659,80.0048828,0048828,2025-09-04T23:21:39.400907
TN 87 2430,865826046640860,0.0,53.98,183.73,03/09/2025 08:01:41,13.0103659,80.0048828,0048828,2025-09-04T23:21:39.401116
TN 87 2430,865826046640860,0.0,53.98,183.73,03/09/2025 08:01:41,13.0103659,80.0048828,0048828,2025-09-04T23:21:39.401332
TN 87 2430,865826046640860,0.0,53.98,183.73,03/09/2025 08:01:41,13.0103659,80.0048828,0048828,2025-09-04T23:21:39.401543
TN 87 2430,865826046640860,0.0,53.98,183.73,03/09/2025 08:01:41,13.0103659,80.0048828,0048828,2025-09-04T23:21:39.401729
TN 87 2430,865826046640860,0.0,53.98,183.73,03/09/2025 08:01:41,13.0103659,80.0048828,0048828,2025-09-04T23:21:39.401922
TN 87 2430,865826046640860,0.0,53.98,183.77,03/09/2025 08:01:32,13.0103659,80.0048828,0048828,2025-09-04T23:21:39.402120
TN 87 2430,865826046640860,0.0,53.98,183.77,03/09/2025 08:01:32,13.0103659,80.0048828,0048828,2025-09-04T23:21:39.402344
TN 87 2430,865826046640860,0.0,53.98,183.77,03/09/2025 08:01:32,13.0103659,80.0048828,0048828,2025-09-04T23:21:39.402527
TN 87 2430,865826046640860,0.0,53.98,183.77,03/09/2025 08:01:32,13.0103659,80.0048828,0048828,2025-09-04T23:21:39.402710
TN 87 2430,865826046640860,0.0,53.98,183.77,03/09/2025 08:01:32,13.0103659,80.0048828,0048828,2025-09-04T23:21:39.402861
TN 87 2430,865826046640860,0.0,53.98,183.76,03/09/2025 08:01:22,13.0103993,80.00494,0049400,2025-09-04T23:21:39.403049
TN 87 2430,865826046640860,0.0,53.98,183.76,03/09/2025 08:01:22,13.0103993,80.00494,0049400,2025-09-04T23:21:39.403252
TN 87 2430,865826046640860,0.0,53.98,183.76,03/09/2025 08:01:22,13.0103993,80.00494,0049400,2025-09-04T23:21:39.403455
TN 87 2430,865826046640860,0.0,53.98,183.76,03/09/2025 08:01:22,13.0103993,80.00494,0049400,2025-09-04T23:21:39.403650
TN 87 2430,865826046640860,0.0,53.98,183.99,03/09/2025 08:01:12,13.0103993,80.00494,0049400,2025-09-04T23:21:39.403840
TN 87 2430,865826046640860,0.0,53.98,183.99,03/09/2025 08:01:12,13.0103993,80.00494,0049400,2025-09-04T23:21:39.404048
TN 87 2430,865826046640860,0.0,53.98,182.87,03/09/2025 08:00:23,13.0103838,80.0048542,0048542,2025-09-04T23:21:39.404244
TN 87 2430,865826046640860,0.0,53.98,182.83,03/09/2025 08:00:13,13.0103838,80.004816,0048160,2025-09-04T23:21:39.404432
TN 87 2430,865826046640860,0.0,53.98,182.72,03/09/2025 08:00:04,13.0103504,80.0046825,0046825,2025-09-04T23:21:39.404616
TN 87 2430,865826046640860,0.0,53.98,182.59,03/09/2025 07:59:54,13.0103325,80.0045299,0045299,2025-09-04T23:21:39.404801
TN 87 2430,865826046640860,6.0,53.98,182.55,03/09/2025 07:59:44,13.0102658,80.0043201,0043201,2025-09-04T23:21:39.405030
TN 87 2430,865826046640860,8.0,53.98,182.5,03/09/2025 07:59:35,13.0102324,80.0041675,0041675,2025-09-04T23:21:39.405240
TN 87 2430,865826046640860,11.0,53.98,182.47,03/09/2025 07:59:25,13.0102324,80.00391,0039100,2025-09-04T23:21:39.405433
TN 87 2430,865826046640860,0.0,53.98,182.46,03/09/2025 07:59:15,13.010199,80.0035858,0035858,2025-09-04T23:21:39.405640
TN 87 2430,865826046640860,0.0,53.98,182.57,03/09/2025 07:59:05,13.010199,80.0035858,0035858,2025-09-04T23:21:39.405813
TN 87 2430,865826046640860,0.0,53.98,182.59,03/09/2025 07:58:55,13.010199,80.0035858,0035858,2025-09-04T23:21:39.405998
TN 87 2430,865826046640860,0.0,53.98,182.47,03/09/2025 07:58:46,13.010199,80.0035858,0035858,2025-09-04T23:21:39.406186
TN 87 2430,865826046640860,0.0,53.98,182.53,03/09/2025 07:58:36,13.010199,80.0035858,0035858,2025-09-04T23:21:39.406368
TN 87 2430,865826046640860,6.0,53.98,187.75,03/09/2025 07:57:47,13.0105495,80.003376,0033760,2025-09-04T23:21:39.406547
TN 87 2430,865826046640860,16.0,53.98,187.75,03/09/2025 07:57:37,13.010683,80.0031471,0031471,2025-09-04T23:21:39.406714
TN 87 2430,865826046640860,14.0,53.98,187.74,03/09/2025 07:57:28,13.0106997,80.0026988,0026988,2025-09-04T23:21:39.406886
TN 87 2430,865826046640860,12.0,53.98,187.74,03/09/2025 07:57:18,13.010683,80.0023174,0023174,2025-09-04T23:21:39.407078
TN 87 2430,865826046640860,0.0,53.98,187.68,03/09/2025 07:56:58,13.0109834,80.0017738,0017738,2025-09-04T23:21:39.407262
TN 87 2430,865826046640860,0.0,53.98,187.68,03/09/2025 07:56:58,13.0109834,80.0017738,0017738,2025-09-04T23:21:39.407451
TN 87 2430,865826046640860,0.0,53.98,187.68,03/09/2025 07:56:58,13.0109834,80.0017738,0017738,2025-09-04T23:21:39.407576
TN 87 2430,865826046640860,0.0,53.98,187.63,03/09/2025 07:56:49,13.0109834,80.0017452,0017452,2025-09-04T23:21:39.407710
TN 87 2430,865826046640860,0.0,53.98,187.63,03/09/2025 07:56:49,13.0109834,80.0017452,0017452,2025-09-04T23:21:39.407864
TN 87 2430,865826046640860,0.0,53.98,187.44,03/09/2025 07:56:39,13.0109834,80.0017356,0017356,2025-09-04T23:21:39.408055
TN 87 2430,865826046640860,0.0,53.98,187.44,03/09/2025 07:56:39,13.0109834,80.0017356,0017356,2025-09-04T23:21:39.408247
TN 87 2430,865826046640860,21.0,54.05,185.22,03/09/2025 07:56:29,13.0111002,80.0015068,0015068,2025-09-04T23:21:39.408418
TN 87 2430,865826046640860,21.0,54.05,185.22,03/09/2025 07:56:29,13.0111002,80.0015068,0015068,2025-09-04T23:21:39.408583
TN 87 2430,865826046640860,27.0,54.12,183.91,03/09/2025 07:56:19,13.0115008,80.0009727,0009727,2025-09-04T23:21:39.408739
TN 87 2430,865826046640860,27.0,54.12,183.91,03/09/2025 07:56:19,13.0115008,80.0009727,0009727,2025-09-04T23:21:39.408870
TN 87 2430,865826046640860,24.0,54.17,182.43,03/09/2025 07:56:09,13.0120491,80.0006198,0006198,2025-09-04T23:21:39.409063
TN 87 2430,865826046640860,24.0,54.17,182.43,03/09/2025 07:56:09,13.0120491,80.0006198,0006198,2025-09-04T23:21:39.409239
TN 87 2430,865826046640860,15.0,54.25,182.37,03/09/2025 07:56:00,13.0124497,80.0003814,0003814,2025-09-04T23:21:39.409409
TN 87 2430,865826046640860,15.0,54.25,182.37,03/09/2025 07:56:00,13.0124497,80.0003814,0003814,2025-09-04T23:21:39.409566
TN 87 2430,865826046640860,40.0,54.44,182.99,03/09/2025 07:55:50,13.0129003,80.0008964,0008964,2025-09-04T23:21:39.409680
TN 87 2430,865826046640860,40.0,54.44,182.99,03/09/2025 07:55:50,13.0129003,80.0008964,0008964,2025-09-04T23:21:39.409813
TN 87 2430,865826046640860,27.0,54.5,187.17,03/09/2025 07:55:30,13.0138838,80.0022983,0022983,2025-09-04T23:21:39.410006
TN 87 2430,865826046640860,25.0,54.56,186.97,03/09/2025 07:55:21,13.0142164,80.0027847,0027847,2025-09-04T23:21:39.410188
TN 87 2430,865826046640860,13.0,54.61,186.84,03/09/2025 07:55:11,13.0145168,80.0032234,0032234,2025-09-04T23:21:39.410353
TN 87 2430,865826046640860,26.0,54.69,186.56,03/09/2025 07:54:59,13.0148339,80.003519,0035190,2025-09-04T23:21:39.410507
TN 87 2430,865826046640860,43.0,54.81,186.47,03/09/2025 07:54:51,13.0152666,80.0041198,0041198,2025-09-04T23:21:39.410667
TN 87 2430,865826046640860,53.0,54.96,183.38,03/09/2025 07:54:42,13.0158007,80.005083,0050830,2025-09-04T23:21:39.410835
TN 87 2430,865826046640860,52.0,55.13,181.32,03/09/2025 07:54:32,13.0163335,80.006361,0063610,2025-09-04T23:21:39.411047
TN 87 2430,865826046640860,53.0,55.25,179.99,03/09/2025 07:54:20,13.0169332,80.0078487,0078487,2025-09-04T23:21:39.411245
TN 87 2430,865826046640860,46.0,55.36,179.74,03/09/2025 07:54:12,13.0173659,80.0087928,0087928,2025-09-04T23:21:39.411510
TN 87 2430,865826046640860,35.0,55.44,181.2,03/09/2025 07:54:02,13.0178332,80.0097656,0097656,2025-09-04T23:21:39.411724
TN 87 2430,865826046640860,18.0,55.47,183.34,03/09/2025 07:53:53,13.0181503,80.0103569,0103569,2025-09-04T23:21:39.411936
TN 87 2430,865826046640860,0.0,55.47,184.67,03/09/2025 07:53:41,13.0183494,80.0105667,0105667,2025-09-04T23:21:39.412207
TN 87 2430,865826046640860,0.0,55.47,184.64,03/09/2025 07:53:33,13.018434,80.0104999,0104999,2025-09-04T23:21:39.412422
TN 87 2430,865826046640860,0.0,55.47,184.63,03/09/2025 07:53:23,13.018434,80.0104999,0104999,2025-09-04T23:21:39.412619
TN 87 2430,865826046640860,0.0,55.47,184.64,03/09/2025 07:53:14,13.018434,80.0104999,0104999,2025-09-04T23:21:39.412778
TN 87 2430,865826046640860,0.0,55.47,184.48,03/09/2025 07:53:02,13.018434,80.0104999,0104999,2025-09-04T23:21:39.412971
TN 87 2430,865826046640860,0.0,55.47,184.27,03/09/2025 07:52:54,13.018434,80.0104999,0104999,2025-09-04T23:21:39.413171
TN 87 2430,865826046640860,0.0,55.47,182.93,03/09/2025 07:52:44,13.018434,80.0104999,0104999,2025-09-04T23:21:39.413352
TN 87 2430,865826046640860,0.0,55.47,182.96,03/09/2025 07:52:34,13.0184674,80.0104522,0104522,2025-09-04T23:21:39.413547
TN 87 2430,865826046640860,0.0,55.47,182.97,03/09/2025 07:52:23,13.0184674,80.0103855,0103855,2025-09-04T23:21:39.413718
TN 87 2430,865826046640860,5.0,55.49,182.99,03/09/2025 07:52:15,13.0185163,80.0102996,0102996,2025-09-04T23:21:39.413890
TN 87 2430,865826046640860,0.0,55.49,183.01,03/09/2025 07:52:05,13.0185341,80.0100994,0100994,2025-09-04T23:21:39.414050
TN 87 2430,865826046640860,0.0,55.49,183.09,03/09/2025 07:51:55,13.0185341,80.0100994,0100994,2025-09-04T23:21:39.414228
TN 87 2430,865826046640860,0.0,55.49,185.37,03/09/2025 07:51:44,13.0185341,80.0100994,0100994,2025-09-04T23:21:39.414437
TN 87 2430,865826046640860,0.0,55.49,185.4,03/09/2025 07:51:36,13.0185341,80.0100994,0100994,2025-09-04T23:21:39.414695
TN 87 2430,865826046640860,0.0,55.49,185.47,03/09/2025 07:51:26,13.0185341,80.0100994,0100994,2025-09-04T23:21:39.414925
TN 87 2430,865826046640860,0.0,55.49,185.36,03/09/2025 07:51:16,13.0185341,80.0100994,0100994,2025-09-04T23:21:39.415754
TN 87 2430,865826046640860,0.0,55.49,183.58,03/09/2025 07:51:05,13.0185341,80.0100994,0100994,2025-09-04T23:21:39.415963
TN 87 2430,865826046640860,0.0,55.49,183.56,03/09/2025 07:50:57,13.0185341,80.0100994,0100994,2025-09-04T23:21:39.416181
TN 87 2430,865826046640860,0.0,55.49,184.01,03/09/2025 07:50:47,13.0185341,80.0100994,0100994,2025-09-04T23:21:39.416398
TN 87 2430,865826046640860,0.0,55.49,184.66,03/09/2025 07:50:37,13.0185341,80.0100994,0100994,2025-09-04T23:21:39.416586
TN 87 2430,865826046640860,0.0,55.49,184.39,03/09/2025 07:50:26,13.0185341,80.0100994,0100994,2025-09-04T23:21:39.416764
TN 87 2430,865826046640860,0.0,55.49,184.43,03/09/2025 07:50:18,13.0185341,80.0100994,0100994,2025-09-04T23:21:39.416916
TN 87 2430,865826046640860,0.0,55.49,184.96,03/09/2025 07:50:08,13.0185341,80.0100994,0100994,2025-09-04T23:21:39.417104
TN 87 2430,865826046640860,0.0,55.49,184.61,03/09/2025 07:49:58,13.0185341,80.0100994,0100994,2025-09-04T23:21:39.418781
TN 87 2430,865826046640860,0.0,55.49,184.79,03/09/2025 07:49:47,13.0185341,80.0100994,0100994,2025-09-04T23:21:39.422839
TN 87 2430,865826046640860,0.0,55.49,184.8,03/09/2025 07:49:39,13.0185341,80.0100994,0100994,2025-09-04T23:21:39.424299
TN 87 2430,865826046640860,0.0,55.49,185.1,03/09/2025 07:49:29,13.0185341,80.0100994,0100994,2025-09-04T23:21:39.425646
TN 87 2430,865826046640860,0.0,55.49,185.41,03/09/2025 07:49:19,13.0185341,80.0100994,0100994,2025-09-04T23:21:39.426641
TN 87 2430,865826046640860,0.0,55.49,186.24,03/09/2025 07:49:07,13.0185341,80.0100994,0100994,2025-09-04T23:21:39.427754
TN 87 2430,865826046640860,0.0,55.49,187.19,03/09/2025 07:49:00,13.0185341,80.0100994,0100994,2025-09-04T23:21:39.428159
TN 87 2430,865826046640860,0.0,55.49,190.62,03/09/2025 07:48:50,13.0185341,80.0100994,0100994,2025-09-04T23:21:39.428878
TN 87 2430,865826046640860,0.0,55.49,188.29,03/09/2025 07:48:40,13.0185341,80.0100994,0100994,2025-09-04T23:21:39.429296
TN 87 2430,865826046640860,28.0,55.56,186.86,03/09/2025 07:48:28,13.018583,80.0097465,0097465,2025-09-04T23:21:39.430735
TN 87 2430,865826046640860,38.0,55.67,186.26,03/09/2025 07:48:21,13.0186164,80.0091171,0091171,2025-09-04T23:21:39.431068
TN 87 2430,865826046640860,38.0,55.78,186.13,03/09/2025 07:48:11,13.0186665,80.0080776,0080776,2025-09-04T23:21:39.431304
TN 87 2430,865826046640860,35.0,55.86,187.29,03/09/2025 07:48:01,13.0186998,80.0070762,0070762,2025-09-04T23:21:39.431576
TN 87 2430,865826046640860,25.0,55.94,187.19,03/09/2025 07:47:51,13.0187499,80.0063133,0063133,2025-09-04T23:21:39.432936
TN 87 2430,865826046640860,31.0,56.02,187.16,03/09/2025 07:47:41,13.0187833,80.0055694,0055694,2025-09-04T23:21:39.433603
TN 87 2430,865826046640860,32.0,56.12,187.09,03/09/2025 07:47:32,13.0187833,80.0048542,0048542,2025-09-04T23:21:39.435369
TN 87 2430,865826046640860,32.0,56.12,187.09,03/09/2025 07:47:32,13.0187833,80.0048542,0048542,2025-09-04T23:21:39.436008
TN 87 2430,865826046640860,32.0,56.12,187.09,03/09/2025 07:47:32,13.0187833,80.0048542,0048542,2025-09-04T23:21:39.436533
TN 87 2430,865826046640860,32.0,56.12,187.09,03/09/2025 07:47:32,13.0187833,80.0048542,0048542,2025-09-04T23:21:39.436935
TN 87 2430,865826046640860,32.0,56.12,187.09,03/09/2025 07:47:32,13.0187833,80.0048542,0048542,2025-09-04T23:21:39.437796
TN 87 2430,865826046640860,32.0,56.12,187.09,03/09/2025 07:47:32,13.0187833,80.0048542,0048542,2025-09-04T23:21:39.438724
TN 87 2430,865826046640860,32.0,56.12,187.09,03/09/2025 07:47:32,13.0187833,80.0048542,0048542,2025-09-04T23:21:39.439123
TN 87 2430,865826046640860,32.0,56.12,187.09,03/09/2025 07:47:32,13.0187833,80.0048542,0048542,2025-09-04T23:21:39.439554
TN 87 2430,865826046640860,32.0,56.12,187.09,03/09/2025 07:47:32,13.0187833,80.0048542,0048542,2025-09-04T23:21:39.440678
TN 87 2430,865826046640860,32.0,56.12,187.09,03/09/2025 07:47:32,13.0187833,80.0048542,0048542,2025-09-04T23:21:39.441322
TN 87 2430,865826046640860,32.0,56.12,187.09,03/09/2025 07:47:32,13.0187833,80.0048542,0048542,2025-09-04T23:21:39.441825
TN 87 2430,865826046640860,32.0,56.12,187.09,03/09/2025 07:47:32,13.0187833,80.0048542,0048542,2025-09-04T23:21:39.443588
TN 87 2430,865826046640860,40.0,56.25,186.97,03/09/2025 07:47:22,13.0186331,80.0039005,0039005,2025-09-04T23:21:39.450870
TN 87 2430,865826046640860,40.0,56.25,186.97,03/09/2025 07:47:22,13.0186331,80.0039005,0039005,2025-09-04T23:21:39.451602
TN 87 2430,865826046640860,40.0,56.25,186.97,03/09/2025 07:47:22,13.0186331,80.0039005,0039005,2025-09-04T23:21:39.451968
TN 87 2430,865826046640860,40.0,56.25,186.97,03/09/2025 07:47:22,13.0186331,80.0039005,0039005,2025-09-04T23:21:39.452395
TN 87 2430,865826046640860,40.0,56.25,186.97,03/09/2025 07:47:22,13.0186331,80.0039005,0039005,2025-09-04T23:21:39.452761
TN 87 2430,865826046640860,40.0,56.25,186.97,03/09/2025 07:47:22,13.0186331,80.0039005,0039005,2025-09-04T23:21:39.453168
TN 87 2430,865826046640860,40.0,56.25,186.97,03/09/2025 07:47:22,13.0186331,80.0039005,0039005,2025-09-04T23:21:39.454508
TN 87 2430,865826046640860,40.0,56.25,186.97,03/09/2025 07:47:22,13.0186331,80.0039005,0039005,2025-09-04T23:21:39.454836
TN 87 2430,865826046640860,40.0,56.25,186.97,03/09/2025 07:47:22,13.0186331,80.0039005,0039005,2025-09-04T23:21:39.455239
TN 87 2430,865826046640860,40.0,56.25,186.97,03/09/2025 07:47:22,13.0186331,80.0039005,0039005,2025-09-04T23:21:39.455838
TN 87 2430,865826046640860,40.0,56.25,186.97,03/09/2025 07:47:22,13.0186331,80.0039005,0039005,2025-09-04T23:21:39.456237
TN 87 2430,865826046640860,40.0,56.25,186.97,03/09/2025 07:47:22,13.0186331,80.0039005,0039005,2025-09-04T23:21:39.456638
TN 87 2430,865826046640860,40.0,56.25,186.97,03/09/2025 07:47:22,13.0186331,80.0039005,0039005,2025-09-04T23:21:39.457033
TN 87 2430,865826046640860,48.0,56.37,186.97,03/09/2025 07:47:12,13.0185675,80.0027179,0027179,2025-09-04T23:21:39.457373
TN 87 2430,865826046640860,48.0,56.37,186.97,03/09/2025 07:47:12,13.0185675,80.0027179,0027179,2025-09-04T23:21:39.457718
TN 87 2430,865826046640860,48.0,56.37,186.97,03/09/2025 07:47:12,13.0185675,80.0027179,0027179,2025-09-04T23:21:39.458082
TN 87 2430,865826046640860,48.0,56.37,186.97,03/09/2025 07:47:12,13.0185675,80.0027179,0027179,2025-09-04T23:21:39.458560
TN 87 2430,865826046640860,48.0,56.37,186.97,03/09/2025 07:47:12,13.0185675,80.0027179,0027179,2025-09-04T23:21:39.458950
TN 87 2430,865826046640860,48.0,56.37,186.97,03/09/2025 07:47:12,13.0185675,80.0027179,0027179,2025-09-04T23:21:39.459320
TN 87 2430,865826046640860,48.0,56.37,186.97,03/09/2025 07:47:12,13.0185675,80.0027179,0027179,2025-09-04T23:21:39.459678
TN 87 2430,865826046640860,48.0,56.37,186.97,03/09/2025 07:47:12,13.0185675,80.0027179,0027179,2025-09-04T23:21:39.460077
TN 87 2430,865826046640860,48.0,56.37,186.97,03/09/2025 07:47:12,13.0185675,80.0027179,0027179,2025-09-04T23:21:39.461022
TN 87 2430,865826046640860,48.0,56.37,186.97,03/09/2025 07:47:12,13.0185675,80.0027179,0027179,2025-09-04T23:21:39.461378
TN 87 2430,865826046640860,48.0,56.37,186.97,03/09/2025 07:47:12,13.0185675,80.0027179,0027179,2025-09-04T23:21:39.461781
TN 87 2430,865826046640860,48.0,56.37,186.97,03/09/2025 07:47:12,13.0185675,80.0027179,0027179,2025-09-04T23:21:39.462303
TN 87 2430,865826046640860,48.0,56.37,186.97,03/09/2025 07:47:12,13.0185675,80.0027179,0027179,2025-09-04T23:21:39.462652
TN 87 2430,865826046640860,45.0,59.09,186.9,03/09/2025 07:47:03,13.0186331,80.0016021,0016021,2025-09-04T23:21:39.463145
TN 87 2430,865826046640860,45.0,59.09,186.9,03/09/2025 07:47:03,13.0186331,80.0016021,0016021,2025-09-04T23:21:39.463458
TN 87 2430,865826046640860,45.0,59.09,186.9,03/09/2025 07:47:03,13.0186331,80.0016021,0016021,2025-09-04T23:21:39.463746
TN 87 2430,865826046640860,45.0,59.09,186.9,03/09/2025 07:47:03,13.0186331,80.0016021,0016021,2025-09-04T23:21:39.464077
TN 87 2430,865826046640860,45.0,59.09,186.9,03/09/2025 07:47:03,13.0186331,80.0016021,0016021,2025-09-04T23:21:39.464326
TN 87 2430,865826046640860,45.0,59.09,186.9,03/09/2025 07:47:03,13.0186331,80.0016021,0016021,2025-09-04T23:21:39.464534
TN 87 2430,865826046640860,45.0,59.09,186.9,03/09/2025 07:47:03,13.0186331,80.0016021,0016021,2025-09-04T23:21:39.464764
TN 87 2430,865826046640860,45.0,59.09,186.9,03/09/2025 07:47:03,13.0186331,80.0016021,0016021,2025-09-04T23:21:39.465025
TN 87 2430,865826046640860,45.0,59.09,186.9,03/09/2025 07:47:03,13.0186331,80.0016021,0016021,2025-09-04T23:21:39.465239
TN 87 2430,865826046640860,45.0,59.09,186.9,03/09/2025 07:47:03,13.0186331,80.0016021,0016021,2025-09-04T23:21:39.465427
TN 87 2430,865826046640860,45.0,59.09,186.9,03/09/2025 07:47:03,13.0186331,80.0016021,0016021,2025-09-04T23:21:39.465618
TN 87 2430,865826046640860,45.0,59.09,186.9,03/09/2025 07:47:03,13.0186331,80.0016021,0016021,2025-09-04T23:21:39.465807
TN 87 2430,865826046640860,45.0,59.09,186.9,03/09/2025 07:47:03,13.0186331,80.0016021,0016021,2025-09-04T23:21:39.466006
TN 87 2430,865826046640860,49.0,59.09,185.55,03/09/2025 07:46:53,13.0187165,80.0003623,0003623,2025-09-04T23:21:39.466168
TN 87 2430,865826046640860,59.0,59.09,185.37,03/09/2025 07:46:33,13.0186164,79.9975967,9975967,2025-09-04T23:21:39.466319
TN 87 2430,865826046640860,55.0,59.09,185.34,03/09/2025 07:46:23,13.0185341,79.9960994,9960994,2025-09-04T23:21:39.466483
TN 87 2430,865826046640860,68.0,59.09,185.31,03/09/2025 07:46:14,13.0184495,79.9946975,9946975,2025-09-04T23:21:39.466662
TN 87 2430,865826046640860,67.0,59.09,185.32,03/09/2025 07:46:04,13.0186009,79.9929952,9929952,2025-09-04T23:21:39.466852
TN 87 2430,865826046640860,67.0,59.09,185.32,03/09/2025 07:46:04,13.0186009,79.9929952,9929952,2025-09-04T23:21:39.467040
TN 87 2430,865826046640860,67.0,59.09,185.32,03/09/2025 07:46:04,13.0186009,79.9929952,9929952,2025-09-04T23:21:39.467205
TN 87 2430,865826046640860,60.0,59.09,185.32,03/09/2025 07:45:54,13.0188667,79.9913167,9913167,2025-09-04T23:21:39.467372
TN 87 2430,865826046640860,60.0,59.09,185.32,03/09/2025 07:45:54,13.0188667,79.9913167,9913167,2025-09-04T23:21:39.467539
TN 87 2430,865826046640860,60.0,59.09,185.32,03/09/2025 07:45:54,13.0188667,79.9913167,9913167,2025-09-04T23:21:39.467695
TN 87 2430,865826046640860,64.0,59.09,185.36,03/09/2025 07:45:44,13.0184495,79.9898004,9898004,2025-09-04T23:21:39.467850
TN 87 2430,865826046640860,64.0,59.09,185.36,03/09/2025 07:45:44,13.0184495,79.9898004,9898004,2025-09-04T23:21:39.468050
TN 87 2430,865826046640860,64.0,59.09,185.36,03/09/2025 07:45:44,13.0184495,79.9898004,9898004,2025-09-04T23:21:39.468213
TN 87 2430,865826046640860,61.0,59.09,185.49,03/09/2025 07:45:35,13.0181169,79.9884033,9884033,2025-09-04T23:21:39.468370
TN 87 2430,865826046640860,61.0,59.09,185.49,03/09/2025 07:45:35,13.0181169,79.9884033,9884033,2025-09-04T23:21:39.468521
TN 87 2430,865826046640860,61.0,59.09,185.49,03/09/2025 07:45:35,13.0181169,79.9884033,9884033,2025-09-04T23:21:39.468644
TN 87 2430,865826046640860,45.0,59.09,188.67,03/09/2025 07:44:46,13.0179667,79.9806499,9806499,2025-09-04T23:21:39.468775
TN 87 2430,865826046640860,35.0,59.09,188.71,03/09/2025 07:44:36,13.0179667,79.9796009,9796009,2025-09-04T23:21:39.468951
TN 87 2430,865826046640860,35.0,59.09,188.97,03/09/2025 07:44:26,13.0182003,79.9787378,9787378,2025-09-04T23:21:39.469164
TN 87 2430,865826046640860,31.0,59.09,189.55,03/09/2025 07:44:16,13.0186331,79.9779653,9779653,2025-09-04T23:21:39.469331
TN 87 2430,865826046640860,35.0,59.19,191.75,03/09/2025 07:43:57,13.0194497,79.97653,9765300,2025-09-04T23:21:39.469489
TN 87 2430,865826046640860,36.0,59.29,191.81,03/09/2025 07:43:47,13.0199337,79.9757289,9757289,2025-09-04T23:21:39.469694
TN 87 2430,865826046640860,37.0,59.38,188.34,03/09/2025 07:43:37,13.0203831,79.9749517,9749517,2025-09-04T23:21:39.469872
TN 87 2430,865826046640860,36.0,59.48,189.12,03/09/2025 07:43:28,13.0208325,79.9742221,9742221,2025-09-04T23:21:39.470067
TN 87 2430,865826046640860,33.0,59.98,189.26,03/09/2025 07:43:18,13.0212664,79.9734354,9734354,2025-09-04T23:21:39.470260
TN 87 2430,865826046640860,33.0,59.98,189.26,03/09/2025 07:43:18,13.0212664,79.9734354,9734354,2025-09-04T23:21:39.470434
TN 87 2430,865826046640860,34.0,59.98,189.31,03/09/2025 07:43:08,13.0215167,79.97262,9726200,2025-09-04T23:21:39.470624
TN 87 2430,865826046640860,38.0,59.98,188.15,03/09/2025 07:42:58,13.0215501,79.9716663,9716663,2025-09-04T23:21:39.470815
TN 87 2430,865826046640860,36.0,59.98,188.23,03/09/2025 07:42:49,13.0215668,79.9707651,9707651,2025-09-04T23:21:39.471007
TN 87 2430,865826046640860,37.0,60.07,187.64,03/09/2025 07:42:28,13.0216503,79.9688196,9688196,2025-09-04T23:21:39.471181
TN 87 2430,865826046640860,36.0,60.19,186.97,03/09/2025 07:42:20,13.0216836,79.9680471,9680471,2025-09-04T23:21:39.471393
TN 87 2430,865826046640860,49.0,60.33,187.85,03/09/2025 07:42:10,13.0217337,79.9669027,9669027,2025-09-04T23:21:39.471585
TN 87 2430,865826046640860,44.0,60.45,187.95,03/09/2025 07:42:00,13.021816,79.9656295,9656295,2025-09-04T23:21:39.471763
TN 87 2430,865826046640860,45.0,60.57,187.99,03/09/2025 07:41:50,13.0218827,79.9644994,9644994,2025-09-04T23:21:39.471976
TN 87 2430,865826046640860,42.0,61.05,187.84,03/09/2025 07:41:40,13.0219495,79.9634027,9634027,2025-09-04T23:21:39.472154
TN 87 2430,865826046640860,40.0,61.05,186.49,03/09/2025 07:41:30,13.0220341,79.9623346,9623346,2025-09-04T23:21:39.472339
TN 87 2430,865826046640860,46.0,61.05,187.51,03/09/2025 07:41:21,13.0221009,79.9613189,9613189,2025-09-04T23:21:39.472476
TN 87 2430,865826046640860,35.0,61.15,190.74,03/09/2025 07:41:01,13.0221831,79.9589443,9589443,2025-09-04T23:21:39.472598
TN 87 2430,865826046640860,36.0,61.48,190.72,03/09/2025 07:40:51,13.0222499,79.9580526,9580526,2025-09-04T23:21:39.472717
TN 87 2430,865826046640860,40.0,62.4,189.26,03/09/2025 07:40:12,13.0213499,79.9551296,9551296,2025-09-04T23:21:39.472940
TN 87 2430,865826046640860,64.0,66.04,190.82,03/09/2025 07:39:14,13.0164504,79.9483489,9483489,2025-09-04T23:21:39.473179
TN 87 2430,865826046640860,53.0,66.04,191.3,03/09/2025 07:38:54,13.0149495,79.9456024,9456024,2025-09-04T23:21:39.473459
TN 87 2430,865826046640860,46.0,66.04,191.28,03/09/2025 07:38:44,13.0144834,79.9444198,9444198,2025-09-04T23:21:39.473829
TN 87 2430,865826046640860,54.0,66.04,191.18,03/09/2025 07:38:35,13.014816,79.9432659,9432659,2025-09-04T23:21:39.474177
TN 87 2430,865826046640860,54.0,66.04,190.8,03/09/2025 07:38:25,13.015716,79.942131,9421310,2025-09-04T23:21:39.474423
TN 87 2430,865826046640860,72.0,66.04,190.44,03/09/2025 07:38:15,13.0159664,79.9406814,9406814,2025-09-04T23:21:39.474654
TN 87 2430,865826046640860,74.0,66.04,182.53,03/09/2025 07:38:05,13.0158996,79.9387502,9387502,2025-09-04T23:21:39.475565
TN 87 2430,865826046640860,77.0,66.04,181.83,03/09/2025 07:37:56,13.0158495,79.9369335,9369335,2025-09-04T23:21:39.476100
TN 87 2430,865826046640860,75.0,66.04,181.79,03/09/2025 07:37:46,13.0158162,79.9349355,9349355,2025-09-04T23:21:39.476349
TN 87 2430,865826046640860,62.0,66.04,181.78,03/09/2025 07:37:26,13.0157339,79.9312114,9312114,2025-09-04T23:21:39.476607
TN 87 2430,865826046640860,52.0,66.04,181.65,03/09/2025 07:37:17,13.0156826,79.9298477,9298477,2025-09-04T23:21:39.476834
TN 87 2430,865826046640860,41.0,66.04,184.25,03/09/2025 07:37:07,13.0156493,79.9286365,9286365,2025-09-04T23:21:39.477090
TN 87 2430,865826046640860,34.0,66.04,187.5,03/09/2025 07:36:57,13.0156159,79.9276208,9276208,2025-09-04T23:21:39.477312
TN 87 2430,865826046640860,19.0,66.04,188.12,03/09/2025 07:36:47,13.0155825,79.9269008,9269008,2025-09-04T23:21:39.477614
TN 87 2430,865826046640860,8.0,66.04,186.83,03/09/2025 07:36:38,13.0158007,79.9267196,9267196,2025-09-04T23:21:39.477824
TN 87 2430,865826046640860,11.0,66.04,186.77,03/09/2025 07:36:28,13.0158829,79.9265384,9265384,2025-09-04T23:21:39.478027
TN 87 2430,865826046640860,22.0,66.04,186.47,03/09/2025 07:36:18,13.0156004,79.9263,9263000,2025-09-04T23:21:39.478643
TN 87 2430,865826046640860,50.0,66.04,186.4,03/09/2025 07:36:08,13.0155491,79.9254131,9254131,2025-09-04T23:21:39.478999
TN 87 2430,865826046640860,77.0,66.04,186.02,03/09/2025 07:35:58,13.0154824,79.923768,9237680,2025-09-04T23:21:39.479574
TN 87 2430,865826046640860,82.0,66.04,185.11,03/09/2025 07:35:49,13.0154168,79.9218654,9218654,2025-09-04T23:21:39.480063
TN 87 2430,865826046640860,72.0,66.04,184.53,03/09/2025 07:35:39,13.0153334,79.9198675,9198675,2025-09-04T23:21:39.480920
TN 87 2430,865826046640860,71.0,66.04,185.26,03/09/2025 07:35:29,13.0152833,79.9179697,9179697,2025-09-04T23:21:39.481370
TN 87 2430,865826046640860,64.0,66.04,185.13,03/09/2025 07:35:16,13.0151998,79.9157619,9157619,2025-09-04T23:21:39.481628
TN 87 2430,865826046640860,64.0,66.22,184.71,03/09/2025 07:35:10,13.0151665,79.9147653,9147653,2025-09-04T23:21:39.481819
TN 87 2430,865826046640860,63.0,66.39,186.5,03/09/2025 07:35:00,13.0150997,79.913063,9130630,2025-09-04T23:21:39.482166
TN 87 2430,865826046640860,63.0,66.39,186.5,03/09/2025 07:35:00,13.0150997,79.913063,9130630,2025-09-04T23:21:39.482422
TN 87 2430,865826046640860,63.0,66.39,186.5,03/09/2025 07:35:00,13.0150997,79.913063,9130630,2025-09-04T23:21:39.482633
TN 87 2430,865826046640860,63.0,66.39,186.5,03/09/2025 07:35:00,13.0150997,79.913063,9130630,2025-09-04T23:21:39.482812
TN 87 2430,865826046640860,57.0,66.54,187.4,03/09/2025 07:34:50,13.015083,79.9115276,9115276,2025-09-04T23:21:39.483010
TN 87 2430,865826046640860,57.0,66.54,187.4,03/09/2025 07:34:50,13.015083,79.9115276,9115276,2025-09-04T23:21:39.483203
TN 87 2430,865826046640860,57.0,66.54,187.4,03/09/2025 07:34:50,13.015083,79.9115276,9115276,2025-09-04T23:21:39.483418
TN 87 2430,865826046640860,49.0,66.65,196.43,03/09/2025 07:34:40,13.0154824,79.910202,9102020,2025-09-04T23:21:39.483573
TN 87 2430,865826046640860,49.0,66.65,196.43,03/09/2025 07:34:40,13.0154824,79.910202,9102020,2025-09-04T23:21:39.483716
TN 87 2430,865826046640860,49.0,66.65,196.43,03/09/2025 07:34:40,13.0154824,79.910202,9102020,2025-09-04T23:21:39.483865
TN 87 2430,865826046640860,37.0,66.87,196.64,03/09/2025 07:34:31,13.0158829,79.9092626,9092626,2025-09-04T23:21:39.484043
TN 87 2430,865826046640860,37.0,66.87,196.64,03/09/2025 07:34:31,13.0158829,79.9092626,9092626,2025-09-04T23:21:39.484197
TN 87 2430,865826046640860,37.0,66.87,196.64,03/09/2025 07:34:31,13.0158829,79.9092626,9092626,2025-09-04T23:21:39.484361
TN 87 2430,865826046640860,44.0,67.0,196.61,03/09/2025 07:34:11,13.0164003,79.907236,9072360,2025-09-04T23:21:39.484499
TN 87 2430,865826046640860,49.0,67.14,193.53,03/09/2025 07:34:01,13.0165994,79.9061203,9061203,2025-09-04T23:21:39.484648
TN 87 2430,865826046640860,58.0,67.37,187.57,03/09/2025 07:33:51,13.0167663,79.9047708,9047708,2025-09-04T23:21:39.484802
TN 87 2430,865826046640860,65.0,67.48,186.8,03/09/2025 07:33:38,13.0169999,79.9027156,9027156,2025-09-04T23:21:39.484990
TN 87 2430,865826046640860,66.0,67.66,185.52,03/09/2025 07:33:32,13.0171167,79.9017047,9017047,2025-09-04T23:21:39.485157
TN 87 2430,865826046640860,56.0,67.8,187.6,03/09/2025 07:33:22,13.0172836,79.9000692,9000692,2025-09-04T23:21:39.485337
TN 87 2430,865826046640860,46.0,67.96,187.55,03/09/2025 07:33:12,13.0174171,79.8987483,8987483,2025-09-04T23:21:39.485565
TN 87 2430,865826046640860,49.0,68.05,186.77,03/09/2025 07:33:00,13.0177998,79.8973464,8973464,2025-09-04T23:21:39.485728
TN 87 2430,865826046640860,45.0,68.17,187.19,03/09/2025 07:32:53,13.0180501,79.8965311,8965311,2025-09-04T23:21:39.485908
TN 87 2430,865826046640860,44.0,68.3,187.15,03/09/2025 07:32:43,13.0184006,79.8954677,8954677,2025-09-04T23:21:39.486090
TN 87 2430,865826046640860,57.0,68.44,187.03,03/09/2025 07:32:33,13.0188,79.8943185,8943185,2025-09-04T23:21:39.486255
TN 87 2430,865826046640860,51.0,68.7,186.98,03/09/2025 07:32:24,13.0192339,79.8931217,8931217,2025-09-04T23:21:39.486433
TN 87 2430,865826046640860,46.0,68.8,186.7,03/09/2025 07:32:04,13.0198335,79.890871,8908710,2025-09-04T23:21:39.486570
TN 87 2430,865826046640860,29.0,68.91,185.91,03/09/2025 07:31:54,13.0201327,79.8899173,8899173,2025-09-04T23:21:39.486745
TN 87 2430,865826046640860,47.0,69.05,186.02,03/09/2025 07:31:44,13.02055,79.8890018,8890018,2025-09-04T23:21:39.486940
TN 87 2430,865826046640860,34.0,69.12,186.62,03/09/2025 07:31:32,13.0209171,79.8877859,8877859,2025-09-04T23:21:39.487117
TN 87 2430,865826046640860,35.0,69.24,185.85,03/09/2025 07:31:25,13.0210995,79.8872137,8872137,2025-09-04T23:21:39.487254
TN 87 2430,865826046640860,58.0,69.4,184.68,03/09/2025 07:31:15,13.02145,79.8860836,8860836,2025-09-04T23:21:39.487385
TN 87 2430,865826046640860,55.0,69.62,184.52,03/09/2025 07:31:05,13.0218493,79.884696,8846960,2025-09-04T23:21:39.487514
TN 87 2430,865826046640860,63.0,69.73,184.75,03/09/2025 07:30:52,13.0224001,79.8827362,8827362,2025-09-04T23:21:39.487641
TN 87 2430,865826046640860,61.0,69.89,184.89,03/09/2025 07:30:46,13.0226826,79.8817968,8817968,2025-09-04T23:21:39.487818
TN 87 2430,865826046640860,55.0,70.04,183.17,03/09/2025 07:30:36,13.0231165,79.8803472,8803472,2025-09-04T23:21:39.488017
TN 87 2430,865826046640860,51.0,70.17,183.21,03/09/2025 07:30:26,13.0235326,79.8790359,8790359,2025-09-04T23:21:39.488203
TN 87 2430,865826046640860,39.0,70.26,184.85,03/09/2025 07:30:16,13.0239331,79.877882,8778820,2025-09-04T23:21:39.488394
TN 87 2430,865826046640860,26.0,70.32,186.02,03/09/2025 07:30:07,13.0241668,79.8771381,8771381,2025-09-04T23:21:39.488531
TN 87 2430,865826046640860,10.0,70.38,185.89,03/09/2025 07:29:57,13.024317,79.8766326,8766326,2025-09-04T23:21:39.488664
TN 87 2430,865826046640860,10.0,70.38,185.89,03/09/2025 07:29:57,13.024317,79.8766326,8766326,2025-09-04T23:21:39.488789
TN 87 2430,865826046640860,10.0,70.38,185.89,03/09/2025 07:29:57,13.024317,79.8766326,8766326,2025-09-04T23:21:39.488964
TN 87 2430,865826046640860,10.0,70.38,185.89,03/09/2025 07:29:57,13.024317,79.8766326,8766326,2025-09-04T23:21:39.489141
TN 87 2430,865826046640860,10.0,70.38,185.89,03/09/2025 07:29:57,13.024317,79.8766326,8766326,2025-09-04T23:21:39.489338
TN 87 2430,865826046640860,10.0,70.38,185.89,03/09/2025 07:29:57,13.024317,79.8766326,8766326,2025-09-04T23:21:39.489518
TN 87 2430,865826046640860,10.0,70.38,185.89,03/09/2025 07:29:57,13.024317,79.8766326,8766326,2025-09-04T23:21:39.489697
TN 87 2430,865826046640860,56.0,70.52,186.15,03/09/2025 07:29:47,13.0244839,79.8760986,8760986,2025-09-04T23:21:39.489865
TN 87 2430,865826046640860,56.0,70.52,186.15,03/09/2025 07:29:47,13.0244839,79.8760986,8760986,2025-09-04T23:21:39.490044
TN 87 2430,865826046640860,56.0,70.52,186.15,03/09/2025 07:29:47,13.0244839,79.8760986,8760986,2025-09-04T23:21:39.490215
TN 87 2430,865826046640860,56.0,70.52,186.15,03/09/2025 07:29:47,13.0244839,79.8760986,8760986,2025-09-04T23:21:39.490357
TN 87 2430,865826046640860,56.0,70.52,186.15,03/09/2025 07:29:47,13.0244839,79.8760986,8760986,2025-09-04T23:21:39.490493
TN 87 2430,865826046640860,56.0,70.52,186.15,03/09/2025 07:29:47,13.0244839,79.8760986,8760986,2025-09-04T23:21:39.490695
TN 87 2430,865826046640860,56.0,70.52,186.15,03/09/2025 07:29:47,13.0244839,79.8760986,8760986,2025-09-04T23:21:39.490885
TN 87 2430,865826046640860,56.0,70.52,186.15,03/09/2025 07:29:47,13.0244839,79.8760986,8760986,2025-09-04T23:21:39.491067
TN 87 2430,865826046640860,56.0,70.52,186.15,03/09/2025 07:29:47,13.0244839,79.8760986,8760986,2025-09-04T23:21:39.491278
TN 87 2430,865826046640860,56.0,70.52,186.15,03/09/2025 07:29:47,13.0244839,79.8760986,8760986,2025-09-04T23:21:39.491461
TN 87 2430,865826046640860,56.0,70.52,186.15,03/09/2025 07:29:47,13.0244839,79.8760986,8760986,2025-09-04T23:21:39.491651
TN 87 2430,865826046640860,56.0,70.52,186.15,03/09/2025 07:29:47,13.0244839,79.8760986,8760986,2025-09-04T23:21:39.491816
TN 87 2430,865826046640860,56.0,70.52,186.15,03/09/2025 07:29:47,13.0244839,79.8760986,8760986,2025-09-04T23:21:39.492139
TN 87 2430,865826046640860,56.0,70.52,186.15,03/09/2025 07:29:47,13.0244839,79.8760986,8760986,2025-09-04T23:21:39.492342
TN 87 2430,865826046640860,61.0,70.68,186.86,03/09/2025 07:29:38,13.0248832,79.8748159,8748159,2025-09-04T23:21:39.492531
TN 87 2430,865826046640860,61.0,70.68,186.86,03/09/2025 07:29:38,13.0248832,79.8748159,8748159,2025-09-04T23:21:39.492733
TN 87 2430,865826046640860,61.0,70.68,186.86,03/09/2025 07:29:38,13.0248832,79.8748159,8748159,2025-09-04T23:21:39.492950
TN 87 2430,865826046640860,61.0,70.68,186.86,03/09/2025 07:29:38,13.0248832,79.8748159,8748159,2025-09-04T23:21:39.493157
TN 87 2430,865826046640860,61.0,70.68,186.86,03/09/2025 07:29:38,13.0248832,79.8748159,8748159,2025-09-04T23:21:39.493379
TN 87 2430,865826046640860,61.0,70.68,186.86,03/09/2025 07:29:38,13.0248832,79.8748159,8748159,2025-09-04T23:21:39.493582
TN 87 2430,865826046640860,61.0,70.68,186.86,03/09/2025 07:29:38,13.0248832,79.8748159,8748159,2025-09-04T23:21:39.493784
TN 87 2430,865826046640860,61.0,70.68,186.86,03/09/2025 07:29:38,13.0248832,79.8748159,8748159,2025-09-04T23:21:39.493989
TN 87 2430,865826046640860,61.0,70.68,186.86,03/09/2025 07:29:38,13.0248832,79.8748159,8748159,2025-09-04T23:21:39.494174
TN 87 2430,865826046640860,61.0,70.68,186.86,03/09/2025 07:29:38,13.0248832,79.8748159,8748159,2025-09-04T23:21:39.494337
TN 87 2430,865826046640860,61.0,70.68,186.86,03/09/2025 07:29:38,13.0248832,79.8748159,8748159,2025-09-04T23:21:39.494508
TN 87 2430,865826046640860,61.0,70.68,186.86,03/09/2025 07:29:38,13.0248832,79.8748159,8748159,2025-09-04T23:21:39.494659
TN 87 2430,865826046640860,61.0,70.68,186.86,03/09/2025 07:29:38,13.0248832,79.8748159,8748159,2025-09-04T23:21:39.494835
TN 87 2430,865826046640860,61.0,70.68,186.86,03/09/2025 07:29:38,13.0248832,79.8748159,8748159,2025-09-04T23:21:39.495018
TN 87 2430,865826046640860,53.0,70.82,190.4,03/09/2025 07:29:28,13.0253005,79.8734521,8734521,2025-09-04T23:21:39.495202
TN 87 2430,865826046640860,53.0,70.82,190.4,03/09/2025 07:29:28,13.0253005,79.8734521,8734521,2025-09-04T23:21:39.495357
TN 87 2430,865826046640860,53.0,70.82,190.4,03/09/2025 07:29:28,13.0253005,79.8734521,8734521,2025-09-04T23:21:39.495506
TN 87 2430,865826046640860,53.0,70.82,190.4,03/09/2025 07:29:28,13.0253005,79.8734521,8734521,2025-09-04T23:21:39.495701
TN 87 2430,865826046640860,53.0,70.82,190.4,03/09/2025 07:29:28,13.0253005,79.8734521,8734521,2025-09-04T23:21:39.495882
TN 87 2430,865826046640860,53.0,70.82,190.4,03/09/2025 07:29:28,13.0253005,79.8734521,8734521,2025-09-04T23:21:39.496098
TN 87 2430,865826046640860,53.0,70.82,190.4,03/09/2025 07:29:28,13.0253005,79.8734521,8734521,2025-09-04T23:21:39.496304
TN 87 2430,865826046640860,53.0,70.82,190.4,03/09/2025 07:29:28,13.0253005,79.8734521,8734521,2025-09-04T23:21:39.496496
TN 87 2430,865826046640860,53.0,70.82,190.4,03/09/2025 07:29:28,13.0253005,79.8734521,8734521,2025-09-04T23:21:39.496679
TN 87 2430,865826046640860,53.0,70.82,190.4,03/09/2025 07:29:28,13.0253005,79.8734521,8734521,2025-09-04T23:21:39.496833
TN 87 2430,865826046640860,53.0,70.82,190.4,03/09/2025 07:29:28,13.0253005,79.8734521,8734521,2025-09-04T23:21:39.497028
TN 87 2430,865826046640860,53.0,70.82,190.4,03/09/2025 07:29:28,13.0253005,79.8734521,8734521,2025-09-04T23:21:39.497186
TN 87 2430,865826046640860,53.0,70.82,190.4,03/09/2025 07:29:28,13.0253005,79.8734521,8734521,2025-09-04T23:21:39.497326
TN 87 2430,865826046640860,53.0,70.82,190.4,03/09/2025 07:29:28,13.0253005,79.8734521,8734521,2025-09-04T23:21:39.497493
TN 87 2430,865826046640860,53.0,70.82,190.4,03/09/2025 07:29:28,13.0253005,79.8734521,8734521,2025-09-04T23:21:39.497667
TN 87 2430,865826046640860,52.0,70.98,190.36,03/09/2025 07:29:18,13.0259168,79.8722839,8722839,2025-09-04T23:21:39.497812
TN 87 2430,865826046640860,52.0,70.98,190.36,03/09/2025 07:29:18,13.0259168,79.8722839,8722839,2025-09-04T23:21:39.497935
TN 87 2430,865826046640860,52.0,70.98,190.36,03/09/2025 07:29:18,13.0259168,79.8722839,8722839,2025-09-04T23:21:39.498084
TN 87 2430,865826046640860,52.0,70.98,190.36,03/09/2025 07:29:18,13.0259168,79.8722839,8722839,2025-09-04T23:21:39.498235
TN 87 2430,865826046640860,52.0,70.98,190.36,03/09/2025 07:29:18,13.0259168,79.8722839,8722839,2025-09-04T23:21:39.498368
TN 87 2430,865826046640860,52.0,70.98,190.36,03/09/2025 07:29:18,13.0259168,79.8722839,8722839,2025-09-04T23:21:39.498495
TN 87 2430,865826046640860,52.0,70.98,190.36,03/09/2025 07:29:18,13.0259168,79.8722839,8722839,2025-09-04T23:21:39.498629
TN 87 2430,865826046640860,52.0,70.98,190.36,03/09/2025 07:29:18,13.0259168,79.8722839,8722839,2025-09-04T23:21:39.498751
TN 87 2430,865826046640860,52.0,70.98,190.36,03/09/2025 07:29:18,13.0259168,79.8722839,8722839,2025-09-04T23:21:39.498892
TN 87 2430,865826046640860,52.0,70.98,190.36,03/09/2025 07:29:18,13.0259168,79.8722839,8722839,2025-09-04T23:21:39.499064
TN 87 2430,865826046640860,61.0,71.13,188.5,03/09/2025 07:29:08,13.0268669,79.871149,8711490,2025-09-04T23:21:39.499200
TN 87 2430,865826046640860,61.0,71.13,188.5,03/09/2025 07:29:08,13.0268669,79.871149,8711490,2025-09-04T23:21:39.499322
TN 87 2430,865826046640860,61.0,71.13,188.5,03/09/2025 07:29:08,13.0268669,79.871149,8711490,2025-09-04T23:21:39.499468
TN 87 2430,865826046640860,59.0,71.98,186.57,03/09/2025 07:28:59,13.0277168,79.8701,8701000,2025-09-04T23:21:39.499604
TN 87 2430,865826046640860,59.0,71.98,186.57,03/09/2025 07:28:59,13.0277168,79.8701,8701000,2025-09-04T23:21:39.499725
TN 87 2430,865826046640860,59.0,71.98,186.57,03/09/2025 07:28:59,13.0277168,79.8701,8701000,2025-09-04T23:21:39.499884
TN 87 2430,865826046640860,52.0,71.98,186.97,03/09/2025 07:28:39,13.0294334,79.8677349,8677349,2025-09-04T23:21:39.500056
TN 87 2430,865826046640860,52.0,71.98,186.97,03/09/2025 07:28:39,13.0294334,79.8677349,8677349,2025-09-04T23:21:39.500212
TN 87 2430,865826046640860,35.0,72.07,187.58,03/09/2025 07:27:31,13.030833,79.8629283,8629283,2025-09-04T23:21:39.500350
TN 87 2430,865826046640860,23.0,72.39,187.99,03/09/2025 07:27:21,13.0309998,79.8621368,8621368,2025-09-04T23:21:39.500472
TN 87 2430,865826046640860,14.0,72.39,187.82,03/09/2025 07:27:11,13.0310666,79.8617315,8617315,2025-09-04T23:21:39.500653
TN 87 2430,865826046640860,67.0,72.39,187.81,03/09/2025 07:26:58,13.0311167,79.860382,8603820,2025-09-04T23:21:39.500855
TN 87 2430,865826046640860,67.0,72.56,187.98,03/09/2025 07:26:51,13.0310666,79.8591709,8591709,2025-09-04T23:21:39.501059
TN 87 2430,865826046640860,60.0,72.95,188.49,03/09/2025 07:26:42,13.0310165,79.8576498,8576498,2025-09-04T23:21:39.501252
TN 87 2430,865826046640860,47.0,72.95,187.92,03/09/2025 07:26:32,13.0312836,79.8562479,8562479,2025-09-04T23:21:39.501391
TN 87 2430,865826046640860,44.0,72.95,186.01,03/09/2025 07:26:20,13.0321335,79.8550653,8550653,2025-09-04T23:21:39.501553
TN 87 2430,865826046640860,37.0,73.03,188.27,03/09/2025 07:26:12,13.0326342,79.8543834,8543834,2025-09-04T23:21:39.501715
TN 87 2430,865826046640860,23.0,73.14,189.78,03/09/2025 07:26:03,13.0330669,79.8537826,8537826,2025-09-04T23:21:39.501859
TN 87 2430,865826046640860,15.0,73.14,189.78,03/09/2025 07:25:53,13.0333662,79.8533487,8533487,2025-09-04T23:21:39.502054
TN 87 2430,865826046640860,0.0,73.14,189.76,03/09/2025 07:25:40,13.0335497,79.8530673,8530673,2025-09-04T23:21:39.502237
TN 87 2430,865826046640860,7.0,73.16,189.71,03/09/2025 07:25:33,13.0335831,79.8529958,8529958,2025-09-04T23:21:39.502378
TN 87 2430,865826046640860,13.0,73.34,189.69,03/09/2025 07:25:24,13.0337166,79.8527669,8527669,2025-09-04T23:21:39.502501
TN 87 2430,865826046640860,11.0,73.34,189.46,03/09/2025 07:25:14,13.0339503,79.8524999,8524999,2025-09-04T23:21:39.502657
TN 87 2430,865826046640860,29.0,73.34,189.28,03/09/2025 07:25:02,13.0345332,79.8521327,8521327,2025-09-04T23:21:39.502795
TN 87 2430,865826046640860,24.0,73.41,189.02,03/09/2025 07:24:54,13.0350661,79.8519372,8519372,2025-09-04T23:21:39.502961
TN 87 2430,865826046640860,21.0,73.64,188.94,03/09/2025 07:24:44,13.0356335,79.8516321,8516321,2025-09-04T23:21:39.503144
TN 87 2430,865826046640860,38.0,73.64,186.82,03/09/2025 07:24:35,13.0360674,79.8512363,8512363,2025-09-04T23:21:39.503312
TN 87 2430,865826046640860,28.0,73.64,190.68,03/09/2025 07:24:23,13.0366492,79.8503017,8503017,2025-09-04T23:21:39.503477
TN 87 2430,865826046640860,19.0,73.67,190.64,03/09/2025 07:24:15,13.0365824,79.849801,8498010,2025-09-04T23:21:39.503653
TN 87 2430,865826046640860,9.0,73.79,190.57,03/09/2025 07:24:05,13.0365002,79.849534,8495340,2025-09-04T23:21:39.503794
TN 87 2430,865826046640860,22.0,73.79,190.55,03/09/2025 07:23:56,13.0363667,79.8490285,8490285,2025-09-04T23:21:39.503918
TN 87 2430,865826046640860,9.0,73.79,190.38,03/09/2025 07:23:44,13.0362498,79.8486328,8486328,2025-09-04T23:21:39.504065
TN 87 2430,865826046640860,29.0,73.89,190.35,03/09/2025 07:23:36,13.0361831,79.8483943,8483943,2025-09-04T23:21:39.504216
TN 87 2430,865826046640860,40.0,74.13,191.37,03/09/2025 07:23:27,13.0358827,79.8475646,8475646,2025-09-04T23:21:39.504371
TN 87 2430,865826046640860,37.0,74.13,186.17,03/09/2025 07:23:17,13.0355334,79.8466348,8466348,2025-09-04T23:21:39.504508
TN 87 2430,865826046640860,34.0,74.13,183.96,03/09/2025 07:23:04,13.0361676,79.8457622,8457622,2025-09-04T23:21:39.504990
TN 87 2430,865826046640860,29.0,74.2,183.46,03/09/2025 07:22:57,13.0366003,79.8454523,8454523,2025-09-04T23:21:39.505165
TN 87 2430,865826046640860,23.0,74.34,185.1,03/09/2025 07:22:47,13.0367672,79.8448038,8448038,2025-09-04T23:21:39.505319
TN 87 2430,865826046640860,19.0,74.34,188.07,03/09/2025 07:22:38,13.0368828,79.844284,8442840,2025-09-04T23:21:39.505523
TN 87 2430,865826046640860,9.0,74.34,190.68,03/09/2025 07:22:26,13.0367672,79.8438024,8438024,2025-09-04T23:21:39.505734
TN 87 2430,865826046640860,11.0,74.37,189.9,03/09/2025 07:22:18,13.0367338,79.8435831,8435831,2025-09-04T23:21:39.505939
TN 87 2430,865826046640860,10.0,74.52,189.37,03/09/2025 07:22:08,13.0367338,79.8432826,8432826,2025-09-04T23:21:39.506138
TN 87 2430,865826046640860,20.0,74.52,188.38,03/09/2025 07:21:59,13.0367493,79.8429632,8429632,2025-09-04T23:21:39.506356
TN 87 2430,865826046640860,21.0,74.52,187.18,03/09/2025 07:21:46,13.0366337,79.8422479,8422479,2025-09-04T23:21:39.506563
TN 87 2430,865826046640860,17.0,74.58,186.89,03/09/2025 07:21:39,13.0366158,79.8419332,8419332,2025-09-04T23:21:39.506773
TN 87 2430,865826046640860,37.0,74.89,186.73,03/09/2025 07:21:29,13.036549,79.8413181,8413181,2025-09-04T23:21:39.506969
TN 87 2430,865826046640860,44.0,74.89,186.08,03/09/2025 07:21:20,13.0364167,79.8402643,8402643,2025-09-04T23:21:39.507156
TN 87 2430,865826046640860,30.0,74.89,186.17,03/09/2025 07:21:09,13.0362665,79.8392009,8392009,2025-09-04T23:21:39.507312
TN 87 2430,865826046640860,26.0,74.94,187.89,03/09/2025 07:21:00,13.0361831,79.8385477,8385477,2025-09-04T23:21:39.507441
TN 87 2430,865826046640860,22.0,74.98,187.67,03/09/2025 07:20:50,13.0361163,79.8380661,8380661,2025-09-04T23:21:39.507600
TN 87 2430,865826046640860,20.0,75.44,187.64,03/09/2025 07:20:40,13.0360341,79.8376846,8376846,2025-09-04T23:21:39.507763
TN 87 2430,865826046640860,62.0,75.44,187.85,03/09/2025 07:20:31,13.035767,79.8367452,8367452,2025-09-04T23:21:39.507914
TN 87 2430,865826046640860,77.0,75.66,187.78,03/09/2025 07:20:11,13.0341327,79.8338699,8338699,2025-09-04T23:21:39.508098
TN 87 2430,865826046640860,72.0,76.22,187.66,03/09/2025 07:20:01,13.0328166,79.8324346,8324346,2025-09-04T23:21:39.508235
TN 87 2430,865826046640860,63.0,76.22,187.76,03/09/2025 07:19:52,13.0316996,79.8312997,8312997,2025-09-04T23:21:39.508361
TN 87 2430,865826046640860,52.0,76.22,186.65,03/09/2025 07:19:42,13.0308175,79.8301172,8301172,2025-09-04T23:21:39.508498
TN 87 2430,865826046640860,25.0,76.26,188.85,03/09/2025 07:19:22,13.0300831,79.8281002,8281002,2025-09-04T23:21:39.508634
TN 87 2430,865826046640860,0.0,76.26,188.8,03/09/2025 07:19:13,13.0299329,79.8277139,8277139,2025-09-04T23:21:39.508796
TN 87 2430,865826046640860,17.0,76.26,188.77,03/09/2025 07:19:03,13.0298495,79.8274993,8274993,2025-09-04T23:21:39.508980
TN 87 2430,865826046640860,19.0,76.26,188.78,03/09/2025 07:18:53,13.0297338,79.8272705,8272705,2025-09-04T23:21:39.509132
TN 87 2430,865826046640860,22.0,76.26,188.81,03/09/2025 07:18:43,13.029567,79.8269176,8269176,2025-09-04T23:21:39.509296
TN 87 2430,865826046640860,16.0,76.26,188.51,03/09/2025 07:18:33,13.0296337,79.8263168,8263168,2025-09-04T23:21:39.509458
TN 87 2430,865826046640860,35.0,76.26,188.43,03/09/2025 07:18:24,13.029983,79.8261642,8261642,2025-09-04T23:21:39.509619
TN 87 2430,865826046640860,72.0,76.26,188.47,03/09/2025 07:18:11,13.0317997,79.825716,8257160,2025-09-04T23:21:39.509812
TN 87 2430,865826046640860,68.0,76.44,188.68,03/09/2025 07:18:04,13.0330336,79.8254156,8254156,2025-09-04T23:21:39.510022
TN 87 2430,865826046640860,57.0,76.82,190.95,03/09/2025 07:17:54,13.0345833,79.8249959,8249959,2025-09-04T23:21:39.510167
TN 87 2430,865826046640860,51.0,76.82,190.86,03/09/2025 07:17:45,13.0357003,79.8245477,8245477,2025-09-04T23:21:39.510293
TN 87 2430,865826046640860,51.0,76.82,190.85,03/09/2025 07:17:32,13.0364167,79.8230123,8230123,2025-09-04T23:21:39.510410
TN 87 2430,865826046640860,52.0,76.96,190.98,03/09/2025 07:17:25,13.0364668,79.8220968,8220968,2025-09-04T23:21:39.510590
TN 87 2430,865826046640860,46.0,77.18,191.23,03/09/2025 07:17:15,13.0364668,79.8207998,8207998,2025-09-04T23:21:39.510763
TN 87 2430,865826046640860,37.0,77.18,191.27,03/09/2025 07:17:06,13.0364835,79.8198032,8198032,2025-09-04T23:21:39.510955
TN 87 2430,865826046640860,15.0,77.18,191.15,03/09/2025 07:16:55,13.0364835,79.8190307,8190307,2025-09-04T23:21:39.511157
TN 87 2430,865826046640860,18.0,77.21,191.12,03/09/2025 07:16:46,13.0364835,79.8187875,8187875,2025-09-04T23:21:39.511354
TN 87 2430,865826046640860,18.0,77.27,191.01,03/09/2025 07:16:36,13.0365002,79.8184823,8184823,2025-09-04T23:21:39.511530
TN 87 2430,865826046640860,20.0,77.44,190.83,03/09/2025 07:16:26,13.0364835,79.8179149,8179149,2025-09-04T23:21:39.511663
TN 87 2430,865826046640860,20.0,77.44,190.8,03/09/2025 07:16:17,13.0364835,79.8173999,8173999,2025-09-04T23:21:39.511796
TN 87 2430,865826046640860,34.0,77.52,190.36,03/09/2025 07:15:57,13.0361831,79.8163843,8163843,2025-09-04T23:21:39.511939
TN 87 2430,865826046640860,37.0,77.62,192.14,03/09/2025 07:15:49,13.0358004,79.8157215,8157215,2025-09-04T23:21:39.512146
TN 87 2430,865826046640860,22.0,77.66,192.83,03/09/2025 07:15:38,13.0353665,79.8149347,8149347,2025-09-04T23:21:39.512308
TN 87 2430,865826046640860,8.0,77.8,192.7,03/09/2025 07:15:28,13.0351996,79.8146677,8146677,2025-09-04T23:21:39.512441
TN 87 2430,865826046640860,8.0,77.95,192.7,03/09/2025 07:15:28,13.0351996,79.8146677,8146677,2025-09-04T23:21:39.512574
TN 87 2430,865826046640860,8.0,77.95,192.47,03/09/2025 07:15:18,13.0350172,79.8143291,8143291,2025-09-04T23:21:39.512696
TN 87 2430,865826046640860,20.0,77.95,192.07,03/09/2025 07:15:08,13.0348658,79.8140335,8140335,2025-09-04T23:21:39.512820
TN 87 2430,865826046640860,34.0,78.25,192.32,03/09/2025 07:14:58,13.0345666,79.8134851,8134851,2025-09-04T23:21:39.512982
TN 87 2430,865826046640860,34.0,78.56,192.32,03/09/2025 07:14:58,13.0345666,79.8134851,8134851,2025-09-04T23:21:39.513153
TN 87 2430,865826046640860,39.0,79.73,191.3,03/09/2025 07:14:29,13.0335664,79.810853,8108530,2025-09-04T23:21:39.513342
TN 87 2430,865826046640860,39.0,80.91,191.3,03/09/2025 07:14:29,13.0335664,79.810853,8108530,2025-09-04T23:21:39.513474
TN 87 2430,865826046640860,57.0,80.91,187.91,03/09/2025 07:13:41,13.0302,79.8038625,8038625,2025-09-04T23:21:39.513600
TN 87 2430,865826046640860,47.0,80.91,188.93,03/09/2025 07:13:31,13.0295491,79.8026657,8026657,2025-09-04T23:21:39.513737
TN 87 2430,865826046640860,27.0,80.91,192.11,03/09/2025 07:13:18,13.028934,79.8015356,8015356,2025-09-04T23:21:39.513914
TN 87 2430,865826046640860,12.0,80.95,192.27,03/09/2025 07:13:11,13.0287837,79.8011875,8011875,2025-09-04T23:21:39.514088
TN 87 2430,865826046640860,12.0,80.99,192.27,03/09/2025 07:13:11,13.0287837,79.8011875,8011875,2025-09-04T23:21:39.514235
TN 87 2430,865826046640860,26.0,81.08,192.06,03/09/2025 07:13:01,13.0286002,79.8008489,8008489,2025-09-04T23:21:39.514364
TN 87 2430,865826046640860,26.0,81.18,192.06,03/09/2025 07:13:01,13.0286002,79.8008489,8008489,2025-09-04T23:21:39.514529
TN 87 2430,865826046640860,36.0,81.29,192.82,03/09/2025 07:12:52,13.028233,79.8000621,8000621,2025-09-04T23:21:39.514704
TN 87 2430,865826046640860,36.0,81.39,192.82,03/09/2025 07:12:52,13.028233,79.8000621,8000621,2025-09-04T23:21:39.514892
TN 87 2430,865826046640860,21.0,81.43,192.87,03/09/2025 07:12:39,13.0276834,79.7992467,7992467,2025-09-04T23:21:39.515114
TN 87 2430,865826046640860,21.0,81.43,192.87,03/09/2025 07:12:39,13.0276834,79.7992467,7992467,2025-09-04T23:21:39.515305
TN 87 2430,865826046640860,31.0,81.56,192.49,03/09/2025 07:12:32,13.0274164,79.7990036,7990036,2025-09-04T23:21:39.515491
TN 87 2430,865826046640860,31.0,81.56,192.49,03/09/2025 07:12:32,13.0274164,79.7990036,7990036,2025-09-04T23:21:39.515679
TN 87 2430,865826046640860,52.0,81.7,192.28,03/09/2025 07:12:22,13.0265331,79.7982025,7982025,2025-09-04T23:21:39.515857
TN 87 2430,865826046640860,52.0,81.7,192.28,03/09/2025 07:12:22,13.0265331,79.7982025,7982025,2025-09-04T23:21:39.516049
TN 87 2430,865826046640860,54.0,81.88,188.52,03/09/2025 07:12:13,13.0256164,79.7973155,7973155,2025-09-04T23:21:39.516237
TN 87 2430,865826046640860,54.0,81.88,188.52,03/09/2025 07:12:13,13.0256164,79.7973155,7973155,2025-09-04T23:21:39.516412
TN 87 2430,865826046640860,41.0,81.96,188.49,03/09/2025 07:12:00,13.0246829,79.7959804,7959804,2025-09-04T23:21:39.516548
TN 87 2430,865826046640860,41.0,81.96,188.49,03/09/2025 07:12:00,13.0246829,79.7959804,7959804,2025-09-04T23:21:39.516703
TN 87 2430,865826046640860,32.0,82.02,188.59,03/09/2025 07:11:53,13.024317,79.7954177,7954177,2025-09-04T23:21:39.516900
TN 87 2430,865826046640860,32.0,82.02,188.59,03/09/2025 07:11:53,13.024317,79.7954177,7954177,2025-09-04T23:21:39.517072
TN 87 2430,865826046640860,13.0,82.04,188.45,03/09/2025 07:11:43,13.0239498,79.7949361,7949361,2025-09-04T23:21:39.517210
TN 87 2430,865826046640860,13.0,82.04,188.45,03/09/2025 07:11:43,13.0239498,79.7949361,7949361,2025-09-04T23:21:39.517332
TN 87 2430,865826046640860,22.0,82.18,188.43,03/09/2025 07:11:34,13.0238664,79.7947692,7947692,2025-09-04T23:21:39.517458
TN 87 2430,865826046640860,22.0,82.18,188.43,03/09/2025 07:11:34,13.0238664,79.7947692,7947692,2025-09-04T23:21:39.517599
TN 87 2430,865826046640860,35.0,82.24,190.33,03/09/2025 07:11:21,13.0232501,79.7936868,7936868,2025-09-04T23:21:39.517746
TN 87 2430,865826046640860,35.0,82.24,190.33,03/09/2025 07:11:21,13.0232501,79.7936868,7936868,2025-09-04T23:21:39.518247
TN 87 2430,865826046640860,26.0,82.28,191.09,03/09/2025 07:11:14,13.022983,79.7931814,7931814,2025-09-04T23:21:39.518442
TN 87 2430,865826046640860,26.0,82.28,191.09,03/09/2025 07:11:14,13.022983,79.7931814,7931814,2025-09-04T23:21:39.518635
TN 87 2430,865826046640860,10.0,82.39,190.9,03/09/2025 07:11:04,13.0228006,79.7928142,7928142,2025-09-04T23:21:39.518834
TN 87 2430,865826046640860,10.0,82.39,190.9,03/09/2025 07:11:04,13.0228006,79.7928142,7928142,2025-09-04T23:21:39.519027
TN 87 2430,865826046640860,64.0,82.62,190.5,03/09/2025 07:10:54,13.0223166,79.7919321,7919321,2025-09-04T23:21:39.519229
TN 87 2430,865826046640860,64.0,82.62,190.5,03/09/2025 07:10:54,13.0223166,79.7919321,7919321,2025-09-04T23:21:39.519421
TN 87 2430,865826046640860,69.0,82.76,190.06,03/09/2025 07:10:42,13.0211997,79.7901678,7901678,2025-09-04T23:21:39.519628
TN 87 2430,865826046640860,69.0,82.76,190.06,03/09/2025 07:10:42,13.0211997,79.7901678,7901678,2025-09-04T23:21:39.519807
TN 87 2430,865826046640860,67.0,82.93,190.27,03/09/2025 07:10:35,13.0204832,79.789133,7891330,2025-09-04T23:21:39.519997
TN 87 2430,865826046640860,67.0,82.93,190.27,03/09/2025 07:10:35,13.0204832,79.789133,7891330,2025-09-04T23:21:39.520140
TN 87 2430,865826046640860,55.0,83.07,190.36,03/09/2025 07:10:25,13.0196166,79.7878026,7878026,2025-09-04T23:21:39.520278
TN 87 2430,865826046640860,55.0,83.07,190.36,03/09/2025 07:10:25,13.0196166,79.7878026,7878026,2025-09-04T23:21:39.520404
TN 87 2430,865826046640860,44.0,83.2,192.87,03/09/2025 07:10:15,13.0189335,79.7866964,7866964,2025-09-04T23:21:39.520556
TN 87 2430,865826046640860,44.0,83.2,192.87,03/09/2025 07:10:15,13.0189335,79.7866964,7866964,2025-09-04T23:21:39.520760
TN 87 2430,865826046640860,27.0,83.24,193.56,03/09/2025 07:10:03,13.0183494,79.7857141,7857141,2025-09-04T23:21:39.521028
TN 87 2430,865826046640860,27.0,83.24,193.56,03/09/2025 07:10:03,13.0183494,79.7857141,7857141,2025-09-04T23:21:39.521234
TN 87 2430,865826046640860,16.0,83.28,193.5,03/09/2025 07:09:56,13.0181503,79.7853469,7853469,2025-09-04T23:21:39.521422
TN 87 2430,865826046640860,16.0,83.28,193.5,03/09/2025 07:09:56,13.0181503,79.7853469,7853469,2025-09-04T23:21:39.521599
TN 87 2430,865826046640860,23.0,83.33,193.13,03/09/2025 07:09:46,13.0180168,79.7850799,7850799,2025-09-04T23:21:39.521782
TN 87 2430,865826046640860,23.0,83.33,193.13,03/09/2025 07:09:46,13.0180168,79.7850799,7850799,2025-09-04T23:21:39.522044
TN 87 2430,865826046640860,7.0,83.39,192.99,03/09/2025 07:09:36,13.0177831,79.7846984,7846984,2025-09-04T23:21:39.522247
TN 87 2430,865826046640860,7.0,83.39,192.99,03/09/2025 07:09:36,13.0177831,79.7846984,7846984,2025-09-04T23:21:39.522431
TN 87 2430,865826046640860,47.0,83.52,192.72,03/09/2025 07:09:24,13.0174994,79.7841787,7841787,2025-09-04T23:21:39.522603
TN 87 2430,865826046640860,47.0,83.52,192.72,03/09/2025 07:09:24,13.0174994,79.7841787,7841787,2025-09-04T23:21:39.522769
TN 87 2430,865826046640860,81.0,83.75,191.83,03/09/2025 07:09:17,13.0169165,79.783163,7831630,2025-09-04T23:21:39.522949
TN 87 2430,865826046640860,81.0,83.75,191.83,03/09/2025 07:09:17,13.0169165,79.783163,7831630,2025-09-04T23:21:39.523142
TN 87 2430,865826046640860,79.0,83.96,191.82,03/09/2025 07:09:07,13.015933,79.7813034,7813034,2025-09-04T23:21:39.523325
TN 87 2430,865826046640860,79.0,83.96,191.82,03/09/2025 07:09:07,13.015933,79.7813034,7813034,2025-09-04T23:21:39.523472
TN 87 2430,865826046640860,71.0,84.19,191.79,03/09/2025 07:08:57,13.0149829,79.7795629,7795629,2025-09-04T23:21:39.523611
TN 87 2430,865826046640860,71.0,84.19,191.79,03/09/2025 07:08:57,13.0149829,79.7795629,7795629,2025-09-04T23:21:39.523749
TN 87 2430,865826046640860,82.0,84.37,191.77,03/09/2025 07:08:46,13.0144667,79.7775506,7775506,2025-09-04T23:21:39.523913
TN 87 2430,865826046640860,82.0,84.37,191.77,03/09/2025 07:08:46,13.0144667,79.7775506,7775506,2025-09-04T23:21:39.524063
TN 87 2430,865826046640860,80.0,84.59,191.63,03/09/2025 07:08:38,13.014183,79.7759008,7759008,2025-09-04T23:21:39.524255
TN 87 2430,865826046640860,80.0,84.59,191.63,03/09/2025 07:08:38,13.014183,79.7759008,7759008,2025-09-04T23:21:39.524429
TN 87 2430,865826046640860,71.0,84.79,191.28,03/09/2025 07:08:28,13.0139172,79.7739028,7739028,2025-09-04T23:21:39.524608
TN 87 2430,865826046640860,71.0,84.79,191.28,03/09/2025 07:08:28,13.0139172,79.7739028,7739028,2025-09-04T23:21:39.524778
TN 87 2430,865826046640860,71.0,84.79,191.28,03/09/2025 07:08:28,13.0139172,79.7739028,7739028,2025-09-04T23:21:39.524971
TN 87 2430,865826046640860,71.0,84.79,191.28,03/09/2025 07:08:28,13.0139172,79.7739028,7739028,2025-09-04T23:21:39.525144
TN 87 2430,865826046640860,71.0,84.79,191.28,03/09/2025 07:08:28,13.0139172,79.7739028,7739028,2025-09-04T23:21:39.525290
TN 87 2430,865826046640860,71.0,84.79,191.28,03/09/2025 07:08:28,13.0139172,79.7739028,7739028,2025-09-04T23:21:39.525427
TN 87 2430,865826046640860,71.0,84.79,191.28,03/09/2025 07:08:28,13.0139172,79.7739028,7739028,2025-09-04T23:21:39.525587
TN 87 2430,865826046640860,71.0,84.79,191.28,03/09/2025 07:08:28,13.0139172,79.7739028,7739028,2025-09-04T23:21:39.525779
TN 87 2430,865826046640860,71.0,84.79,191.28,03/09/2025 07:08:28,13.0139172,79.7739028,7739028,2025-09-04T23:21:39.526000
TN 87 2430,865826046640860,71.0,84.79,191.28,03/09/2025 07:08:28,13.0139172,79.7739028,7739028,2025-09-04T23:21:39.526216
TN 87 2430,865826046640860,71.0,84.79,191.28,03/09/2025 07:08:28,13.0139172,79.7739028,7739028,2025-09-04T23:21:39.526428
TN 87 2430,865826046640860,71.0,84.79,191.28,03/09/2025 07:08:28,13.0139172,79.7739028,7739028,2025-09-04T23:21:39.526643
TN 87 2430,865826046640860,71.0,84.79,191.28,03/09/2025 07:08:28,13.0139172,79.7739028,7739028,2025-09-04T23:21:39.526832
TN 87 2430,865826046640860,71.0,84.79,191.28,03/09/2025 07:08:28,13.0139172,79.7739028,7739028,2025-09-04T23:21:39.527037
TN 87 2430,865826046640860,71.0,84.79,191.28,03/09/2025 07:08:28,13.0139172,79.7739028,7739028,2025-09-04T23:21:39.527211
TN 87 2430,865826046640860,71.0,84.79,191.28,03/09/2025 07:08:28,13.0139172,79.7739028,7739028,2025-09-04T23:21:39.527386
TN 87 2430,865826046640860,71.0,84.79,191.28,03/09/2025 07:08:28,13.0139172,79.7739028,7739028,2025-09-04T23:21:39.527640
TN 87 2430,865826046640860,71.0,84.79,191.28,03/09/2025 07:08:28,13.0139172,79.7739028,7739028,2025-09-04T23:21:39.527817
TN 87 2430,865826046640860,71.0,84.79,191.28,03/09/2025 07:08:28,13.0139172,79.7739028,7739028,2025-09-04T23:21:39.528011
TN 87 2430,865826046640860,71.0,84.79,191.28,03/09/2025 07:08:28,13.0139172,79.7739028,7739028,2025-09-04T23:21:39.528166
TN 87 2430,865826046640860,71.0,84.79,191.28,03/09/2025 07:08:28,13.0139172,79.7739028,7739028,2025-09-04T23:21:39.528297
TN 87 2430,865826046640860,71.0,84.79,191.28,03/09/2025 07:08:28,13.0139172,79.7739028,7739028,2025-09-04T23:21:39.528447
TN 87 2430,865826046640860,71.0,84.79,191.28,03/09/2025 07:08:28,13.0139172,79.7739028,7739028,2025-09-04T23:21:39.528611
TN 87 2430,865826046640860,71.0,84.79,191.28,03/09/2025 07:08:28,13.0139172,79.7739028,7739028,2025-09-04T23:21:39.528763
TN 87 2430,865826046640860,71.0,84.79,191.28,03/09/2025 07:08:28,13.0139172,79.7739028,7739028,2025-09-04T23:21:39.528978
TN 87 2430,865826046640860,71.0,84.79,191.28,03/09/2025 07:08:28,13.0139172,79.7739028,7739028,2025-09-04T23:21:39.529169
TN 87 2430,865826046640860,71.0,84.79,191.28,03/09/2025 07:08:28,13.0139172,79.7739028,7739028,2025-09-04T23:21:39.529315
TN 87 2430,865826046640860,71.0,84.79,191.28,03/09/2025 07:08:28,13.0139172,79.7739028,7739028,2025-09-04T23:21:39.529477
TN 87 2430,865826046640860,71.0,84.79,191.28,03/09/2025 07:08:28,13.0139172,79.7739028,7739028,2025-09-04T23:21:39.529627
TN 87 2430,865826046640860,71.0,84.79,191.28,03/09/2025 07:08:28,13.0139172,79.7739028,7739028,2025-09-04T23:21:39.529838
TN 87 2430,865826046640860,71.0,84.79,191.28,03/09/2025 07:08:28,13.0139172,79.7739028,7739028,2025-09-04T23:21:39.530027
TN 87 2430,865826046640860,71.0,84.79,191.28,03/09/2025 07:08:28,13.0139172,79.7739028,7739028,2025-09-04T23:21:39.530183
TN 87 2430,865826046640860,71.0,84.79,191.28,03/09/2025 07:08:28,13.0139172,79.7739028,7739028,2025-09-04T23:21:39.530316
TN 87 2430,865826046640860,71.0,84.99,191.24,03/09/2025 07:08:18,13.0135834,79.7720623,7720623,2025-09-04T23:21:39.530475
TN 87 2430,865826046640860,71.0,84.99,191.24,03/09/2025 07:08:18,13.0135834,79.7720623,7720623,2025-09-04T23:21:39.530663
TN 87 2430,865826046640860,71.0,84.99,191.24,03/09/2025 07:08:18,13.0135834,79.7720623,7720623,2025-09-04T23:21:39.530845
TN 87 2430,865826046640860,71.0,84.99,191.24,03/09/2025 07:08:18,13.0135834,79.7720623,7720623,2025-09-04T23:21:39.531035
TN 87 2430,865826046640860,71.0,84.99,191.24,03/09/2025 07:08:18,13.0135834,79.7720623,7720623,2025-09-04T23:21:39.531499
TN 87 2430,865826046640860,71.0,84.99,191.24,03/09/2025 07:08:18,13.0135834,79.7720623,7720623,2025-09-04T23:21:39.531705
TN 87 2430,865826046640860,71.0,84.99,191.24,03/09/2025 07:08:18,13.0135834,79.7720623,7720623,2025-09-04T23:21:39.531904
TN 87 2430,865826046640860,71.0,84.99,191.24,03/09/2025 07:08:18,13.0135834,79.7720623,7720623,2025-09-04T23:21:39.532092
TN 87 2430,865826046640860,71.0,84.99,191.24,03/09/2025 07:08:18,13.0135834,79.7720623,7720623,2025-09-04T23:21:39.532278
TN 87 2430,865826046640860,71.0,84.99,191.24,03/09/2025 07:08:18,13.0135834,79.7720623,7720623,2025-09-04T23:21:39.532428
TN 87 2430,865826046640860,71.0,84.99,191.24,03/09/2025 07:08:18,13.0135834,79.7720623,7720623,2025-09-04T23:21:39.532620
TN 87 2430,865826046640860,71.0,84.99,191.24,03/09/2025 07:08:18,13.0135834,79.7720623,7720623,2025-09-04T23:21:39.532812
TN 87 2430,865826046640860,71.0,84.99,191.24,03/09/2025 07:08:18,13.0135834,79.7720623,7720623,2025-09-04T23:21:39.533022
TN 87 2430,865826046640860,71.0,84.99,191.24,03/09/2025 07:08:18,13.0135834,79.7720623,7720623,2025-09-04T23:21:39.533256
TN 87 2430,865826046640860,71.0,84.99,191.24,03/09/2025 07:08:18,13.0135834,79.7720623,7720623,2025-09-04T23:21:39.533464
TN 87 2430,865826046640860,71.0,84.99,191.24,03/09/2025 07:08:18,13.0135834,79.7720623,7720623,2025-09-04T23:21:39.533657
TN 87 2430,865826046640860,71.0,84.99,191.24,03/09/2025 07:08:18,13.0135834,79.7720623,7720623,2025-09-04T23:21:39.533828
TN 87 2430,865826046640860,71.0,84.99,191.24,03/09/2025 07:08:18,13.0135834,79.7720623,7720623,2025-09-04T23:21:39.534016
TN 87 2430,865826046640860,71.0,84.99,191.24,03/09/2025 07:08:18,13.0135834,79.7720623,7720623,2025-09-04T23:21:39.534205
TN 87 2430,865826046640860,71.0,84.99,191.24,03/09/2025 07:08:18,13.0135834,79.7720623,7720623,2025-09-04T23:21:39.534374
TN 87 2430,865826046640860,71.0,84.99,191.24,03/09/2025 07:08:18,13.0135834,79.7720623,7720623,2025-09-04T23:21:39.534547
TN 87 2430,865826046640860,71.0,84.99,191.24,03/09/2025 07:08:18,13.0135834,79.7720623,7720623,2025-09-04T23:21:39.534738
TN 87 2430,865826046640860,71.0,84.99,191.24,03/09/2025 07:08:18,13.0135834,79.7720623,7720623,2025-09-04T23:21:39.534881
TN 87 2430,865826046640860,71.0,84.99,191.24,03/09/2025 07:08:18,13.0135834,79.7720623,7720623,2025-09-04T23:21:39.535046
TN 87 2430,865826046640860,71.0,84.99,191.24,03/09/2025 07:08:18,13.0135834,79.7720623,7720623,2025-09-04T23:21:39.535204
TN 87 2430,865826046640860,71.0,84.99,191.24,03/09/2025 07:08:18,13.0135834,79.7720623,7720623,2025-09-04T23:21:39.535377
TN 87 2430,865826046640860,71.0,84.99,191.24,03/09/2025 07:08:18,13.0135834,79.7720623,7720623,2025-09-04T23:21:39.535545
TN 87 2430,865826046640860,71.0,84.99,191.24,03/09/2025 07:08:18,13.0135834,79.7720623,7720623,2025-09-04T23:21:39.535735
TN 87 2430,865826046640860,71.0,84.99,191.24,03/09/2025 07:08:18,13.0135834,79.7720623,7720623,2025-09-04T23:21:39.535915
TN 87 2430,865826046640860,71.0,84.99,191.24,03/09/2025 07:08:18,13.0135834,79.7720623,7720623,2025-09-04T23:21:39.536110
TN 87 2430,865826046640860,71.0,84.99,191.24,03/09/2025 07:08:18,13.0135834,79.7720623,7720623,2025-09-04T23:21:39.536301
TN 87 2430,865826046640860,71.0,84.99,191.24,03/09/2025 07:08:18,13.0135834,79.7720623,7720623,2025-09-04T23:21:39.536516
TN 87 2430,865826046640860,71.0,84.99,191.24,03/09/2025 07:08:18,13.0135834,79.7720623,7720623,2025-09-04T23:21:39.536711
TN 87 2430,865826046640860,71.0,84.99,191.24,03/09/2025 07:08:18,13.0135834,79.7720623,7720623,2025-09-04T23:21:39.536887
TN 87 2430,865826046640860,66.0,85.16,191.11,03/09/2025 07:08:08,13.0132663,79.7703027,7703027,2025-09-04T23:21:39.537066
TN 87 2430,865826046640860,66.0,85.16,191.11,03/09/2025 07:08:08,13.0132663,79.7703027,7703027,2025-09-04T23:21:39.537234
TN 87 2430,865826046640860,66.0,85.16,191.11,03/09/2025 07:08:08,13.0132663,79.7703027,7703027,2025-09-04T23:21:39.537394
TN 87 2430,865826046640860,66.0,85.16,191.11,03/09/2025 07:08:08,13.0132663,79.7703027,7703027,2025-09-04T23:21:39.537508
TN 87 2430,865826046640860,66.0,85.16,191.11,03/09/2025 07:08:08,13.0132663,79.7703027,7703027,2025-09-04T23:21:39.537625
TN 87 2430,865826046640860,66.0,85.16,191.11,03/09/2025 07:08:08,13.0132663,79.7703027,7703027,2025-09-04T23:21:39.537756
TN 87 2430,865826046640860,66.0,85.16,191.11,03/09/2025 07:08:08,13.0132663,79.7703027,7703027,2025-09-04T23:21:39.537897
TN 87 2430,865826046640860,66.0,85.16,191.11,03/09/2025 07:08:08,13.0132663,79.7703027,7703027,2025-09-04T23:21:39.538088
TN 87 2430,865826046640860,66.0,85.16,191.11,03/09/2025 07:08:08,13.0132663,79.7703027,7703027,2025-09-04T23:21:39.538232
TN 87 2430,865826046640860,66.0,85.16,191.11,03/09/2025 07:08:08,13.0132663,79.7703027,7703027,2025-09-04T23:21:39.538396
TN 87 2430,865826046640860,66.0,85.16,191.11,03/09/2025 07:08:08,13.0132663,79.7703027,7703027,2025-09-04T23:21:39.538523
TN 87 2430,865826046640860,66.0,85.16,191.11,03/09/2025 07:08:08,13.0132663,79.7703027,7703027,2025-09-04T23:21:39.538629
TN 87 2430,865826046640860,66.0,85.16,191.11,03/09/2025 07:08:08,13.0132663,79.7703027,7703027,2025-09-04T23:21:39.538759
TN 87 2430,865826046640860,66.0,85.16,191.11,03/09/2025 07:08:08,13.0132663,79.7703027,7703027,2025-09-04T23:21:39.538883
TN 87 2430,865826046640860,66.0,85.16,191.11,03/09/2025 07:08:08,13.0132663,79.7703027,7703027,2025-09-04T23:21:39.539036
TN 87 2430,865826046640860,66.0,85.16,191.11,03/09/2025 07:08:08,13.0132663,79.7703027,7703027,2025-09-04T23:21:39.539178
TN 87 2430,865826046640860,66.0,85.16,191.11,03/09/2025 07:08:08,13.0132663,79.7703027,7703027,2025-09-04T23:21:39.539334
TN 87 2430,865826046640860,66.0,85.16,191.11,03/09/2025 07:08:08,13.0132663,79.7703027,7703027,2025-09-04T23:21:39.539472
TN 87 2430,865826046640860,66.0,85.16,191.11,03/09/2025 07:08:08,13.0132663,79.7703027,7703027,2025-09-04T23:21:39.539610
TN 87 2430,865826046640860,66.0,85.16,191.11,03/09/2025 07:08:08,13.0132663,79.7703027,7703027,2025-09-04T23:21:39.539741
TN 87 2430,865826046640860,66.0,85.16,191.11,03/09/2025 07:08:08,13.0132663,79.7703027,7703027,2025-09-04T23:21:39.539855
TN 87 2430,865826046640860,66.0,85.16,191.11,03/09/2025 07:08:08,13.0132663,79.7703027,7703027,2025-09-04T23:21:39.540020
TN 87 2430,865826046640860,66.0,85.16,191.11,03/09/2025 07:08:08,13.0132663,79.7703027,7703027,2025-09-04T23:21:39.540173
TN 87 2430,865826046640860,66.0,85.16,191.11,03/09/2025 07:08:08,13.0132663,79.7703027,7703027,2025-09-04T23:21:39.540319
TN 87 2430,865826046640860,66.0,85.16,191.11,03/09/2025 07:08:08,13.0132663,79.7703027,7703027,2025-09-04T23:21:39.540448
TN 87 2430,865826046640860,66.0,85.16,191.11,03/09/2025 07:08:08,13.0132663,79.7703027,7703027,2025-09-04T23:21:39.540564
TN 87 2430,865826046640860,66.0,85.16,191.11,03/09/2025 07:08:08,13.0132663,79.7703027,7703027,2025-09-04T23:21:39.540725
TN 87 2430,865826046640860,66.0,85.16,191.11,03/09/2025 07:08:08,13.0132663,79.7703027,7703027,2025-09-04T23:21:39.540856
TN 87 2430,865826046640860,66.0,85.16,191.11,03/09/2025 07:08:08,13.0132663,79.7703027,7703027,2025-09-04T23:21:39.541023
TN 87 2430,865826046640860,66.0,85.16,191.11,03/09/2025 07:08:08,13.0132663,79.7703027,7703027,2025-09-04T23:21:39.541139
TN 87 2430,865826046640860,66.0,85.16,191.11,03/09/2025 07:08:08,13.0132663,79.7703027,7703027,2025-09-04T23:21:39.541244
TN 87 2430,865826046640860,66.0,85.16,191.11,03/09/2025 07:08:08,13.0132663,79.7703027,7703027,2025-09-04T23:21:39.541360
TN 87 2430,865826046640860,66.0,85.16,191.11,03/09/2025 07:08:08,13.0132663,79.7703027,7703027,2025-09-04T23:21:39.541487
TN 87 2430,865826046640860,67.0,85.74,191.09,03/09/2025 07:07:59,13.0125832,79.7688961,7688961,2025-09-04T23:21:39.541648
TN 87 2430,865826046640860,67.0,85.74,191.09,03/09/2025 07:07:59,13.0125832,79.7688961,7688961,2025-09-04T23:21:39.541793
TN 87 2430,865826046640860,67.0,85.74,191.09,03/09/2025 07:07:59,13.0125832,79.7688961,7688961,2025-09-04T23:21:39.541961
TN 87 2430,865826046640860,67.0,85.74,191.09,03/09/2025 07:07:59,13.0125832,79.7688961,7688961,2025-09-04T23:21:39.542130
TN 87 2430,865826046640860,67.0,85.74,191.09,03/09/2025 07:07:59,13.0125832,79.7688961,7688961,2025-09-04T23:21:39.542292
TN 87 2430,865826046640860,67.0,85.74,191.09,03/09/2025 07:07:59,13.0125832,79.7688961,7688961,2025-09-04T23:21:39.542441
TN 87 2430,865826046640860,67.0,85.74,191.09,03/09/2025 07:07:59,13.0125832,79.7688961,7688961,2025-09-04T23:21:39.542565
TN 87 2430,865826046640860,67.0,85.74,191.09,03/09/2025 07:07:59,13.0125832,79.7688961,7688961,2025-09-04T23:21:39.542694
TN 87 2430,865826046640860,67.0,85.74,191.09,03/09/2025 07:07:59,13.0125832,79.7688961,7688961,2025-09-04T23:21:39.542819
TN 87 2430,865826046640860,67.0,85.74,191.09,03/09/2025 07:07:59,13.0125832,79.7688961,7688961,2025-09-04T23:21:39.542987
TN 87 2430,865826046640860,67.0,85.74,191.09,03/09/2025 07:07:59,13.0125832,79.7688961,7688961,2025-09-04T23:21:39.543171
TN 87 2430,865826046640860,67.0,85.74,191.09,03/09/2025 07:07:59,13.0125832,79.7688961,7688961,2025-09-04T23:21:39.543337
TN 87 2430,865826046640860,67.0,85.74,191.09,03/09/2025 07:07:59,13.0125832,79.7688961,7688961,2025-09-04T23:21:39.543457
TN 87 2430,865826046640860,67.0,85.74,191.09,03/09/2025 07:07:59,13.0125832,79.7688961,7688961,2025-09-04T23:21:39.543576
TN 87 2430,865826046640860,67.0,85.74,191.09,03/09/2025 07:07:59,13.0125832,79.7688961,7688961,2025-09-04T23:21:39.543717
TN 87 2430,865826046640860,67.0,85.74,191.09,03/09/2025 07:07:59,13.0125832,79.7688961,7688961,2025-09-04T23:21:39.543877
TN 87 2430,865826046640860,67.0,85.74,191.09,03/09/2025 07:07:59,13.0125832,79.7688961,7688961,2025-09-04T23:21:39.544037
TN 87 2430,865826046640860,67.0,85.74,191.09,03/09/2025 07:07:59,13.0125832,79.7688961,7688961,2025-09-04T23:21:39.544182
TN 87 2430,865826046640860,67.0,85.74,191.09,03/09/2025 07:07:59,13.0125832,79.7688961,7688961,2025-09-04T23:21:39.544327
TN 87 2430,865826046640860,67.0,85.74,191.09,03/09/2025 07:07:59,13.0125832,79.7688961,7688961,2025-09-04T23:21:39.544474
TN 87 2430,865826046640860,67.0,85.74,191.09,03/09/2025 07:07:59,13.0125832,79.7688961,7688961,2025-09-04T23:21:39.544650
TN 87 2430,865826046640860,67.0,85.74,191.09,03/09/2025 07:07:59,13.0125832,79.7688961,7688961,2025-09-04T23:21:39.544843
TN 87 2430,865826046640860,67.0,85.74,191.09,03/09/2025 07:07:59,13.0125832,79.7688961,7688961,2025-09-04T23:21:39.545065
TN 87 2430,865826046640860,67.0,85.74,191.09,03/09/2025 07:07:59,13.0125832,79.7688961,7688961,2025-09-04T23:21:39.545223
TN 87 2430,865826046640860,67.0,85.74,191.09,03/09/2025 07:07:59,13.0125832,79.7688961,7688961,2025-09-04T23:21:39.545365
TN 87 2430,865826046640860,67.0,85.74,191.09,03/09/2025 07:07:59,13.0125832,79.7688961,7688961,2025-09-04T23:21:39.545516
TN 87 2430,865826046640860,67.0,85.74,191.09,03/09/2025 07:07:59,13.0125832,79.7688961,7688961,2025-09-04T23:21:39.545722
TN 87 2430,865826046640860,67.0,85.74,191.09,03/09/2025 07:07:59,13.0125832,79.7688961,7688961,2025-09-04T23:21:39.545903
TN 87 2430,865826046640860,67.0,85.74,191.09,03/09/2025 07:07:59,13.0125832,79.7688961,7688961,2025-09-04T23:21:39.546112
TN 87 2430,865826046640860,67.0,85.74,191.09,03/09/2025 07:07:59,13.0125832,79.7688961,7688961,2025-09-04T23:21:39.546303
TN 87 2430,865826046640860,67.0,85.74,191.09,03/09/2025 07:07:59,13.0125832,79.7688961,7688961,2025-09-04T23:21:39.546507
TN 87 2430,865826046640860,67.0,85.74,191.09,03/09/2025 07:07:59,13.0125832,79.7688961,7688961,2025-09-04T23:21:39.546724
TN 87 2430,865826046640860,67.0,85.74,191.09,03/09/2025 07:07:59,13.0125832,79.7688961,7688961,2025-09-04T23:21:39.546935
TN 87 2430,865826046640860,67.0,85.74,191.09,03/09/2025 07:07:59,13.0125832,79.7688961,7688961,2025-09-04T23:21:39.547140
TN 87 2430,865826046640860,67.0,85.74,191.09,03/09/2025 07:07:59,13.0125832,79.7688961,7688961,2025-09-04T23:21:39.547310
TN 87 2430,865826046640860,74.0,85.74,191.05,03/09/2025 07:07:49,13.0116832,79.7673797,7673797,2025-09-04T23:21:39.547445
TN 87 2430,865826046640860,74.0,85.74,191.05,03/09/2025 07:07:49,13.0116832,79.7673797,7673797,2025-09-04T23:21:39.547586
TN 87 2430,865826046640860,74.0,85.74,191.05,03/09/2025 07:07:49,13.0116832,79.7673797,7673797,2025-09-04T23:21:39.547728
TN 87 2430,865826046640860,71.0,85.74,191.05,03/09/2025 07:07:38,13.0106663,79.7656011,7656011,2025-09-04T23:21:39.547863
TN 87 2430,865826046640860,71.0,85.74,191.05,03/09/2025 07:07:38,13.0106663,79.7656011,7656011,2025-09-04T23:21:39.548047
TN 87 2430,865826046640860,68.0,85.9,191.35,03/09/2025 07:07:29,13.0099165,79.7642135,7642135,2025-09-04T23:21:39.548228
TN 87 2430,865826046640860,68.0,85.9,191.35,03/09/2025 07:07:29,13.0099165,79.7642135,7642135,2025-09-04T23:21:39.548412
TN 87 2430,865826046640860,59.0,86.05,192.6,03/09/2025 07:07:20,13.0091834,79.7629308,7629308,2025-09-04T23:21:39.548604
TN 87 2430,865826046640860,59.0,86.05,192.6,03/09/2025 07:07:20,13.0091834,79.7629308,7629308,2025-09-04T23:21:39.548784
TN 87 2430,865826046640860,49.0,86.18,192.49,03/09/2025 07:07:10,13.0084669,79.7617626,7617626,2025-09-04T23:21:39.549001
TN 87 2430,865826046640860,49.0,86.18,192.49,03/09/2025 07:07:10,13.0084669,79.7617626,7617626,2025-09-04T23:21:39.549198
TN 87 2430,865826046640860,43.0,86.32,192.26,03/09/2025 07:07:00,13.0079674,79.7607517,7607517,2025-09-04T23:21:39.549363
TN 87 2430,865826046640860,43.0,86.32,192.26,03/09/2025 07:07:00,13.0079674,79.7607517,7607517,2025-09-04T23:21:39.549523
TN 87 2430,865826046640860,56.0,86.95,192.38,03/09/2025 07:06:50,13.0080831,79.7594165,7594165,2025-09-04T23:21:39.549711
TN 87 2430,865826046640860,56.0,86.95,192.38,03/09/2025 07:06:50,13.0080831,79.7594165,7594165,2025-09-04T23:21:39.549899
TN 87 2430,865826046640860,71.0,87.15,192.7,03/09/2025 07:06:02,13.0081498,79.7535848,7535848,2025-09-04T23:21:39.550070
TN 87 2430,865826046640860,68.0,87.34,192.9,03/09/2025 07:05:52,13.0080497,79.7517681,7517681,2025-09-04T23:21:39.550212
TN 87 2430,865826046640860,58.0,87.49,192.76,03/09/2025 07:05:41,13.0079829,79.7499847,7499847,2025-09-04T23:21:39.550405
TN 87 2430,865826046640860,64.0,87.66,193.65,03/09/2025 07:05:32,13.0085003,79.748702,7487020,2025-09-04T23:21:39.550588
TN 87 2430,865826046640860,52.0,88.15,193.63,03/09/2025 07:05:22,13.00915,79.7473287,7473287,2025-09-04T23:21:39.550789
TN 87 2430,865826046640860,63.0,88.15,193.59,03/09/2025 07:05:13,13.0092835,79.7460651,7460651,2025-09-04T23:21:39.550985
TN 87 2430,865826046640860,65.0,88.15,193.62,03/09/2025 07:05:03,13.0093336,79.7444152,7444152,2025-09-04T23:21:39.551203
TN 87 2430,865826046640860,60.0,88.49,193.88,03/09/2025 07:04:53,13.0095505,79.7427988,7427988,2025-09-04T23:21:39.551392
TN 87 2430,865826046640860,67.0,88.63,193.63,03/09/2025 07:04:42,13.0099999,79.7410964,7410964,2025-09-04T23:21:39.551547
TN 87 2430,865826046640860,57.0,88.79,191.99,03/09/2025 07:04:34,13.0103838,79.7398138,7398138,2025-09-04T23:21:39.551703
TN 87 2430,865826046640860,53.0,88.92,192.82,03/09/2025 07:04:24,13.0105662,79.7384023,7384023,2025-09-04T23:21:39.551857
TN 87 2430,865826046640860,41.0,89.01,194.07,03/09/2025 07:04:14,13.0110168,79.7372341,7372341,2025-09-04T23:21:39.552020
TN 87 2430,865826046640860,22.0,89.09,194.89,03/09/2025 07:04:04,13.0113673,79.7365045,7365045,2025-09-04T23:21:39.552187
TN 87 2430,865826046640860,41.0,89.18,197.37,03/09/2025 07:03:53,13.0117499,79.7358989,7358989,2025-09-04T23:21:39.552358
TN 87 2430,865826046640860,41.0,89.28,197.9,03/09/2025 07:03:45,13.0124163,79.7353506,7353506,2025-09-04T23:21:39.552525
TN 87 2430,865826046640860,27.0,89.35,197.53,03/09/2025 07:03:35,13.0132329,79.7350692,7350692,2025-09-04T23:21:39.552889
TN 87 2430,865826046640860,23.0,89.41,197.75,03/09/2025 07:03:25,13.0138659,79.7349023,7349023,2025-09-04T23:21:39.553114
TN 87 2430,865826046640860,18.0,89.45,197.75,03/09/2025 07:03:15,13.0143332,79.734764,7347640,2025-09-04T23:21:39.553278
TN 87 2430,865826046640860,7.0,89.49,197.76,03/09/2025 07:03:05,13.0147337,79.7346353,7346353,2025-09-04T23:21:39.553435
TN 87 2430,865826046640860,13.0,89.52,197.77,03/09/2025 07:02:56,13.0150675,79.7345829,7345829,2025-09-04T23:21:39.553601
TN 87 2430,865826046640860,0.0,89.52,197.76,03/09/2025 07:02:46,13.0153334,79.7345209,7345209,2025-09-04T23:21:39.553803
TN 87 2430,865826046640860,0.0,89.52,197.64,03/09/2025 07:02:36,13.015449,79.734435,7344350,2025-09-04T23:21:39.554024
TN 87 2430,865826046640860,0.0,89.52,197.62,03/09/2025 07:02:27,13.015449,79.734435,7344350,2025-09-04T23:21:39.554206
TN 87 2430,865826046640860,25.0,89.59,197.67,03/09/2025 07:02:17,13.0154824,79.734168,7341680,2025-09-04T23:21:39.554382
TN 87 2430,865826046640860,21.0,89.67,197.77,03/09/2025 07:02:07,13.015567,79.7335195,7335195,2025-09-04T23:21:39.554554
TN 87 2430,865826046640860,19.0,89.71,197.81,03/09/2025 07:01:57,13.0156826,79.7328329,7328329,2025-09-04T23:21:39.554693
TN 87 2430,865826046640860,8.0,89.72,197.85,03/09/2025 07:01:48,13.0156826,79.7324514,7324514,2025-09-04T23:21:39.554843
TN 87 2430,865826046640860,0.0,89.72,197.87,03/09/2025 07:01:38,13.0157339,79.7323322,7323322,2025-09-04T23:21:39.555041
TN 87 2430,865826046640860,10.0,89.77,197.92,03/09/2025 07:01:28,13.0157673,79.7321462,7321462,2025-09-04T23:21:39.555221
TN 87 2430,865826046640860,20.0,89.83,198.32,03/09/2025 07:01:18,13.0158495,79.7316837,7316837,2025-09-04T23:21:39.555400
TN 87 2430,865826046640860,19.0,89.89,198.48,03/09/2025 07:01:08,13.0159163,79.7311639,7311639,2025-09-04T23:21:39.555552
TN 87 2430,865826046640860,25.0,89.96,198.59,03/09/2025 07:00:59,13.0160164,79.7305965,7305965,2025-09-04T23:21:39.555735
TN 87 2430,865826046640860,15.0,89.98,198.68,03/09/2025 07:00:49,13.0161499,79.7299814,7299814,2025-09-04T23:21:39.555937
TN 87 2430,865826046640860,0.0,89.98,198.7,03/09/2025 07:00:39,13.0162167,79.7298192,7298192,2025-09-04T23:21:39.556127
TN 87 2430,865826046640860,32.0,90.04,198.8,03/09/2025 07:00:28,13.0163002,79.7294855,7294855,2025-09-04T23:21:39.556278
TN 87 2430,865826046640860,18.0,90.09,198.92,03/09/2025 07:00:20,13.016417,79.7289657,7289657,2025-09-04T23:21:39.556449
TN 87 2430,865826046640860,28.0,90.18,198.98,03/09/2025 07:00:10,13.016467,79.7284984,7284984,2025-09-04T23:21:39.556602
TN 87 2430,865826046640860,25.0,90.24,198.64,03/09/2025 07:00:00,13.0166661,79.727683,7276830,2025-09-04T23:21:39.556760
TN 87 2430,865826046640860,40.0,90.39,198.53,03/09/2025 06:59:50,13.0168998,79.727149,7271490,2025-09-04T23:21:39.556946
TN 87 2430,865826046640860,59.0,90.54,193.71,03/09/2025 06:59:40,13.017317,79.7258281,7258281,2025-09-04T23:21:39.557121
TN 87 2430,865826046640860,59.0,90.7,194.2,03/09/2025 06:59:31,13.0177831,79.7245168,7245168,2025-09-04T23:21:39.557263
TN 87 2430,865826046640860,47.0,90.83,195.99,03/09/2025 06:59:21,13.0182504,79.7231388,7231388,2025-09-04T23:21:39.557433
TN 87 2430,865826046640860,35.0,90.9,198.88,03/09/2025 06:59:10,13.0186009,79.7219991,7219991,2025-09-04T23:21:39.557591
TN 87 2430,865826046640860,17.0,90.98,198.88,03/09/2025 06:59:01,13.0188,79.7214221,7214221,2025-09-04T23:21:39.557754
TN 87 2430,865826046640860,54.0,91.12,198.92,03/09/2025 06:58:52,13.0189824,79.7207355,7207355,2025-09-04T23:21:39.557897
TN 87 2430,865826046640860,48.0,91.23,198.88,03/09/2025 06:58:42,13.0192005,79.7194004,7194004,2025-09-04T23:21:39.558049
TN 87 2430,865826046640860,34.0,91.3,198.74,03/09/2025 06:58:32,13.0193161,79.7183704,7183704,2025-09-04T23:21:39.558246
TN 87 2430,865826046640860,17.0,91.41,198.71,03/09/2025 06:58:22,13.0193829,79.7177362,7177362,2025-09-04T23:21:39.560262
TN 87 2430,865826046640860,65.0,91.59,198.69,03/09/2025 06:58:13,13.0195498,79.7167682,7167682,2025-09-04T23:21:39.560513
TN 87 2430,865826046640860,60.0,91.78,198.69,03/09/2025 06:58:03,13.0198001,79.7151327,7151327,2025-09-04T23:21:39.560723
TN 87 2430,865826046640860,75.0,91.99,198.66,03/09/2025 06:57:53,13.0197668,79.7133874,7133874,2025-09-04T23:21:39.560898
TN 87 2430,865826046640860,76.0,92.2,195.4,03/09/2025 06:57:43,13.0197334,79.7114658,7114658,2025-09-04T23:21:39.561097
TN 87 2430,865826046640860,75.0,92.39,195.28,03/09/2025 06:57:33,13.0197,79.7094631,7094631,2025-09-04T23:21:39.561278
TN 87 2430,865826046640860,71.0,92.57,195.15,03/09/2025 06:57:24,13.0196166,79.7077655,7077655,2025-09-04T23:21:39.561474
TN 87 2430,865826046640860,65.0,92.75,194.8,03/09/2025 06:57:14,13.0195164,79.7060298,7060298,2025-09-04T23:21:39.561630
TN 87 2430,865826046640860,58.0,92.9,194.52,03/09/2025 06:57:04,13.0194497,79.7044515,7044515,2025-09-04T23:21:39.561762
TN 87 2430,865826046640860,55.0,93.04,195.55,03/09/2025 06:56:55,13.0193996,79.7030639,7030639,2025-09-04T23:21:39.561944
TN 87 2430,865826046640860,45.0,93.15,198.48,03/09/2025 06:56:45,13.0193328,79.7017383,7017383,2025-09-04T23:21:39.562142
TN 87 2430,865826046640860,32.0,93.21,201.19,03/09/2025 06:56:35,13.0193328,79.7007131,7007131,2025-09-04T23:21:39.562351
TN 87 2430,865826046640860,14.0,93.25,201.01,03/09/2025 06:56:25,13.0193662,79.7001504,7001504,2025-09-04T23:21:39.562527
TN 87 2430,865826046640860,8.0,93.33,200.95,03/09/2025 06:56:16,13.0193996,79.6997833,6997833,2025-09-04T23:21:39.562717
TN 87 2430,865826046640860,60.0,93.53,200.84,03/09/2025 06:56:06,13.0195164,79.699068,6990680,2025-09-04T23:21:39.562851
TN 87 2430,865826046640860,74.0,93.73,199.99,03/09/2025 06:55:56,13.0196833,79.697237,6972370,2025-09-04T23:21:39.563002
TN 87 2430,865826046640860,73.0,93.95,198.88,03/09/2025 06:55:46,13.0198669,79.6953487,6953487,2025-09-04T23:21:39.563149
TN 87 2430,865826046640860,74.0,94.13,197.61,03/09/2025 06:55:36,13.0198502,79.6933841,6933841,2025-09-04T23:21:39.563310
TN 87 2430,865826046640860,72.0,94.33,198.39,03/09/2025 06:55:27,13.0197167,79.6916961,6916961,2025-09-04T23:21:39.563480
TN 87 2430,865826046640860,65.0,94.52,198.42,03/09/2025 06:55:17,13.0195999,79.6899032,6899032,2025-09-04T23:21:39.563663
TN 87 2430,865826046640860,69.0,94.7,198.87,03/09/2025 06:55:07,13.019433,79.6881008,6881008,2025-09-04T23:21:39.563823
TN 87 2430,865826046640860,59.0,94.85,198.72,03/09/2025 06:54:57,13.0195498,79.68647,6864700,2025-09-04T23:21:39.563997
TN 87 2430,865826046640860,66.0,95.03,198.43,03/09/2025 06:54:48,13.0196332,79.6850681,6850681,2025-09-04T23:21:39.564141
TN 87 2430,865826046640860,65.0,95.22,195.11,03/09/2025 06:54:38,13.019917,79.6834039,6834039,2025-09-04T23:21:39.564271
TN 87 2430,865826046640860,61.0,95.38,194.55,03/09/2025 06:54:28,13.0203509,79.6817302,6817302,2025-09-04T23:21:39.564391
TN 87 2430,865826046640860,53.0,95.5,192.82,03/09/2025 06:54:18,13.0204832,79.680252,6802520,2025-09-04T23:21:39.564509
TN 87 2430,865826046640860,40.0,95.6,197.05,03/09/2025 06:54:09,13.0204665,79.6791315,6791315,2025-09-04T23:21:39.564629
TN 87 2430,865826046640860,29.0,95.66,199.44,03/09/2025 06:53:59,13.0203831,79.6782159,6782159,2025-09-04T23:21:39.564758
TN 87 2430,865826046640860,12.0,95.7,199.81,03/09/2025 06:53:49,13.020333,79.6776485,6776485,2025-09-04T23:21:39.564918
TN 87 2430,865826046640860,32.0,95.79,198.53,03/09/2025 06:53:39,13.0204832,79.6773147,6773147,2025-09-04T23:21:39.565111
TN 87 2430,865826046640860,36.0,95.9,198.5,03/09/2025 06:53:30,13.0212831,79.677267,6772670,2025-09-04T23:21:39.565286
TN 87 2430,865826046640860,35.0,95.99,197.87,03/09/2025 06:53:20,13.0222165,79.6774005,6774005,2025-09-04T23:21:39.565442
TN 87 2430,865826046640860,29.0,96.09,197.64,03/09/2025 06:53:10,13.0230331,79.6774959,6774959,2025-09-04T23:21:39.565643
TN 87 2430,865826046640860,27.0,96.15,197.45,03/09/2025 06:52:59,13.0238997,79.6775674,6775674,2025-09-04T23:21:39.565812
TN 87 2430,865826046640860,16.0,96.18,197.12,03/09/2025 06:52:50,13.0244326,79.6775817,6775817,2025-09-04T23:21:39.565996
TN 87 2430,865826046640860,6.0,96.2,196.96,03/09/2025 06:52:40,13.0247163,79.677596,6775960,2025-09-04T23:21:39.566188
TN 87 2430,865826046640860,22.0,96.32,196.63,03/09/2025 06:52:31,13.0249667,79.6776199,6776199,2025-09-04T23:21:39.566336
TN 87 2430,865826046640860,54.0,96.48,195.86,03/09/2025 06:52:21,13.0259668,79.6775531,6775531,2025-09-04T23:21:39.566472
TN 87 2430,865826046640860,53.0,96.63,195.98,03/09/2025 06:52:11,13.0274498,79.677515,6775150,2025-09-04T23:21:39.566605
TN 87 2430,865826046640860,48.0,96.74,197.67,03/09/2025 06:52:01,13.0287671,79.6774959,6774959,2025-09-04T23:21:39.566721
TN 87 2430,865826046640860,44.0,97.23,197.45,03/09/2025 06:51:52,13.0298161,79.6774959,6774959,2025-09-04T23:21:39.566845
TN 87 2430,865826046640860,54.0,97.23,194.97,03/09/2025 06:51:42,13.0310499,79.6774673,6774673,2025-09-04T23:21:39.566990
TN 87 2430,865826046640860,46.0,97.23,195.33,03/09/2025 06:51:32,13.0323672,79.677453,6774530,2025-09-04T23:21:39.567128
TN 87 2430,865826046640860,30.0,97.32,195.58,03/09/2025 06:51:13,13.034166,79.6772289,6772289,2025-09-04T23:21:39.567241
TN 87 2430,865826046640860,28.0,97.41,195.57,03/09/2025 06:51:03,13.0349504,79.6770334,6770334,2025-09-04T23:21:39.567354
TN 87 2430,865826046640860,27.0,97.47,195.6,03/09/2025 06:50:53,13.0357336,79.6768188,6768188,2025-09-04T23:21:39.567481
TN 87 2430,865826046640860,11.0,97.5,195.6,03/09/2025 06:50:43,13.0362331,79.6766805,6766805,2025-09-04T23:21:39.567584
TN 87 2430,865826046640860,36.0,97.62,195.62,03/09/2025 06:50:34,13.0365669,79.6765804,6765804,2025-09-04T23:21:39.567694
TN 87 2430,865826046640860,38.0,97.72,196.43,03/09/2025 06:50:24,13.0375003,79.6760463,6760463,2025-09-04T23:21:39.567823
TN 87 2430,865826046640860,36.0,97.81,197.21,03/09/2025 06:50:14,13.0382168,79.6755361,6755361,2025-09-04T23:21:39.567980
TN 87 2430,865826046640860,32.0,97.88,197.53,03/09/2025 06:50:05,13.0388832,79.6751165,6751165,2025-09-04T23:21:39.568224
TN 87 2430,865826046640860,19.0,98.0,197.25,03/09/2025 06:49:55,13.0395007,79.6748638,6748638,2025-09-04T23:21:39.568414
TN 87 2430,865826046640860,63.0,98.18,196.89,03/09/2025 06:49:45,13.0405497,79.6747493,6747493,2025-09-04T23:21:39.568581
TN 87 2430,865826046640860,66.0,98.38,196.8,03/09/2025 06:49:35,13.0421996,79.6747112,6747112,2025-09-04T23:21:39.568735
TN 87 2430,865826046640860,69.0,98.56,196.71,03/09/2025 06:49:25,13.0439829,79.6746969,6746969,2025-09-04T23:21:39.568867
TN 87 2430,865826046640860,59.0,98.73,196.7,03/09/2025 06:49:15,13.0456173,79.6746158,6746158,2025-09-04T23:21:39.569058
TN 87 2430,865826046640860,70.0,98.9,196.6,03/09/2025 06:49:05,13.0471336,79.6745538,6745538,2025-09-04T23:21:39.569211
TN 87 2430,865826046640860,66.0,99.08,196.49,03/09/2025 06:48:56,13.0487,79.6744537,6744537,2025-09-04T23:21:39.569323
TN 87 2430,865826046640860,65.0,99.28,196.46,03/09/2025 06:48:46,13.0503165,79.6743297,6743297,2025-09-04T23:21:39.569431
TN 87 2430,865826046640860,57.0,99.4,195.99,03/09/2025 06:48:35,13.0520999,79.674201,6742010,2025-09-04T23:21:39.569548
TN 87 2430,865826046640860,48.0,99.52,195.91,03/09/2025 06:48:27,13.0531835,79.6741628,6741628,2025-09-04T23:21:39.569695
TN 87 2430,865826046640860,33.0,99.58,196.02,03/09/2025 06:48:17,13.0542337,79.6741485,6741485,2025-09-04T23:21:39.569819
TN 87 2430,865826046640860,28.0,99.68,196.62,03/09/2025 06:48:07,13.0548,79.6741199,6741199,2025-09-04T23:21:39.569974
TN 87 2430,865826046640860,28.0,99.73,197.0,03/09/2025 06:47:57,13.0556499,79.6741008,6741008,2025-09-04T23:21:39.570129
TN 87 2430,865826046640860,29.0,99.85,196.77,03/09/2025 06:47:47,13.0561172,79.6741008,6741008,2025-09-04T23:21:39.570256
TN 87 2430,865826046640860,62.0,100.04,196.6,03/09/2025 06:47:38,13.0572164,79.6740818,6740818,2025-09-04T23:21:39.570415
TN 87 2430,865826046640860,67.0,100.36,196.49,03/09/2025 06:47:28,13.0589175,79.6740341,6740341,2025-09-04T23:21:39.570570
TN 87 2430,865826046640860,58.0,100.36,196.34,03/09/2025 06:47:18,13.0605161,79.6739196,6739196,2025-09-04T23:21:39.570745
TN 87 2430,865826046640860,49.0,100.49,197.84,03/09/2025 06:47:09,13.0617332,79.6737957,6737957,2025-09-04T23:21:39.570923
TN 87 2430,865826046640860,34.0,100.56,199.33,03/09/2025 06:46:58,13.0629324,79.6736812,6736812,2025-09-04T23:21:39.571149
TN 87 2430,865826046640860,18.0,100.63,199.26,03/09/2025 06:46:49,13.0635833,79.6736001,6736001,2025-09-04T23:21:39.571336
TN 87 2430,865826046640860,47.0,100.77,199.21,03/09/2025 06:46:39,13.0641829,79.6735286,6735286,2025-09-04T23:21:39.571527
TN 87 2430,865826046640860,51.0,100.9,195.87,03/09/2025 06:46:30,13.0654001,79.6733856,6733856,2025-09-04T23:21:39.571746
TN 87 2430,865826046640860,40.0,100.99,196.42,03/09/2025 06:46:20,13.0665838,79.6732187,6732187,2025-09-04T23:21:39.571947
TN 87 2430,865826046640860,22.0,101.04,196.39,03/09/2025 06:46:10,13.0673837,79.6730804,6730804,2025-09-04T23:21:39.572150
TN 87 2430,865826046640860,35.0,101.14,196.91,03/09/2025 06:46:00,13.0678665,79.6729803,6729803,2025-09-04T23:21:39.572367
TN 87 2430,865826046640860,30.0,101.2,201.03,03/09/2025 06:45:51,13.0686998,79.6728372,6728372,2025-09-04T23:21:39.572589
TN 87 2430,865826046640860,17.0,101.26,201.0,03/09/2025 06:45:41,13.0692327,79.6727132,6727132,2025-09-04T23:21:39.572787
TN 87 2430,865826046640860,28.0,101.38,200.7,03/09/2025 06:45:31,13.0697834,79.6726322,6726322,2025-09-04T23:21:39.572987
TN 87 2430,865826046640860,47.0,101.51,199.14,03/09/2025 06:45:21,13.0708503,79.6723031,6723031,2025-09-04T23:21:39.573164
TN 87 2430,865826046640860,42.0,101.62,198.61,03/09/2025 06:45:11,13.0719673,79.6719837,6719837,2025-09-04T23:21:39.573350
TN 87 2430,865826046640860,42.0,101.73,198.97,03/09/2025 06:45:02,13.0728662,79.671669,6716690,2025-09-04T23:21:39.573557
TN 87 2430,865826046640860,33.0,101.8,200.61,03/09/2025 06:44:52,13.0737996,79.6713876,6713876,2025-09-04T23:21:39.573758
TN 87 2430,865826046640860,19.0,101.85,200.5,03/09/2025 06:44:42,13.0744671,79.6711349,6711349,2025-09-04T23:21:39.573932
TN 87 2430,865826046640860,16.0,101.88,200.39,03/09/2025 06:44:32,13.0748665,79.6709537,6709537,2025-09-04T23:21:39.574092
TN 87 2430,865826046640860,12.0,101.92,200.35,03/09/2025 06:44:23,13.0749666,79.670701,6707010,2025-09-04T23:21:39.574265
TN 87 2430,865826046640860,15.0,101.99,200.12,03/09/2025 06:44:13,13.0751001,79.6704006,6704006,2025-09-04T23:21:39.574422
TN 87 2430,865826046640860,22.0,102.05,199.79,03/09/2025 06:44:02,13.0757164,79.6703052,6703052,2025-09-04T23:21:39.574538
TN 87 2430,865826046640860,25.0,102.1,199.7,03/09/2025 06:43:53,13.076266,79.6701812,6701812,2025-09-04T23:21:39.574644
TN 87 2430,865826046640860,12.0,102.3,199.5,03/09/2025 06:43:43,13.0765664,79.6698522,6698522,2025-09-04T23:21:39.574781
TN 87 2430,865826046640860,35.0,102.3,199.47,03/09/2025 06:43:34,13.0764997,79.6693515,6693515,2025-09-04T23:21:39.574955
TN 87 2430,865826046640860,17.0,102.3,199.34,03/09/2025 06:43:24,13.0763661,79.6686458,6686458,2025-09-04T23:21:39.575127
TN 87 2430,865826046640860,41.0,102.39,199.19,03/09/2025 06:43:14,13.076266,79.6680688,6680688,2025-09-04T23:21:39.575298
TN 87 2430,865826046640860,33.0,102.47,199.1,03/09/2025 06:43:05,13.076117,79.6671676,6671676,2025-09-04T23:21:39.575453
TN 87 2430,865826046640860,16.0,102.53,198.86,03/09/2025 06:42:55,13.0759835,79.666481,6664810,2025-09-04T23:21:39.575638
TN 87 2430,865826046640860,25.0,102.57,198.82,03/09/2025 06:42:45,13.0759501,79.6659469,6659469,2025-09-04T23:21:39.575822
TN 87 2430,865826046640860,6.0,102.65,198.24,03/09/2025 06:42:35,13.0759167,79.6655511,6655511,2025-09-04T23:21:39.576011
TN 87 2430,865826046640860,36.0,102.74,197.32,03/09/2025 06:42:25,13.0759,79.6648645,6648645,2025-09-04T23:21:39.576202
TN 87 2430,865826046640860,25.0,102.78,197.88,03/09/2025 06:42:15,13.0758333,79.66403,6640300,2025-09-04T23:21:39.576378
TN 87 2430,865826046640860,8.0,102.84,197.51,03/09/2025 06:42:06,13.0757498,79.6636486,6636486,2025-09-04T23:21:39.576560
TN 87 2430,865826046640860,35.0,102.96,197.08,03/09/2025 06:41:56,13.0757498,79.6630334,6630334,2025-09-04T23:21:39.576735
TN 87 2430,865826046640860,37.0,103.04,197.0,03/09/2025 06:41:46,13.0757832,79.6620035,6620035,2025-09-04T23:21:39.576899
TN 87 2430,865826046640860,24.0,103.09,196.92,03/09/2025 06:41:37,13.0758166,79.661231,6612310,2025-09-04T23:21:39.577072
TN 87 2430,865826046640860,22.0,103.17,196.91,03/09/2025 06:41:27,13.0758333,79.6607828,6607828,2025-09-04T23:21:39.577248
TN 87 2430,865826046640860,39.0,103.27,197.74,03/09/2025 06:41:17,13.0759501,79.6600818,6600818,2025-09-04T23:21:39.577430
TN 87 2430,865826046640860,29.0,103.33,200.07,03/09/2025 06:41:07,13.0763506,79.6591806,6591806,2025-09-04T23:21:39.577575
TN 87 2430,865826046640860,14.0,103.39,200.11,03/09/2025 06:40:57,13.076384,79.6586132,6586132,2025-09-04T23:21:39.577713
TN 87 2430,865826046640860,16.0,103.45,200.25,03/09/2025 06:40:48,13.0761992,79.6581649,6581649,2025-09-04T23:21:39.577865
TN 87 2430,865826046640860,39.0,103.55,203.03,03/09/2025 06:40:38,13.0760335,79.6576547,6576547,2025-09-04T23:21:39.578038
TN 87 2430,865826046640860,32.0,103.65,204.05,03/09/2025 06:40:28,13.0757999,79.6566867,6566867,2025-09-04T23:21:39.578158
TN 87 2430,865826046640860,44.0,103.75,203.84,03/09/2025 06:40:18,13.0757665,79.6558284,6558284,2025-09-04T23:21:39.578297
TN 87 2430,865826046640860,45.0,103.86,200.27,03/09/2025 06:40:09,13.076266,79.6550369,6550369,2025-09-04T23:21:39.578442
TN 87 2430,865826046640860,41.0,103.99,200.05,03/09/2025 06:39:59,13.0772662,79.6547174,6547174,2025-09-04T23:21:39.578568
TN 87 2430,865826046640860,42.0,104.1,199.85,03/09/2025 06:39:49,13.0783665,79.6547698,6547698,2025-09-04T23:21:39.578717
TN 87 2430,865826046640860,40.0,104.2,199.78,03/09/2025 06:39:39,13.0793499,79.6547985,6547985,2025-09-04T23:21:39.578861
TN 87 2430,865826046640860,41.0,104.32,196.81,03/09/2025 06:39:30,13.0803,79.6548461,6548461,2025-09-04T23:21:39.579025
TN 87 2430,865826046640860,39.0,104.63,194.23,03/09/2025 06:39:20,13.0813169,79.6548986,6548986,2025-09-04T23:21:39.579141
TN 87 2430,865826046640860,37.0,104.63,194.39,03/09/2025 06:39:10,13.0823004,79.6549844,6549844,2025-09-04T23:21:39.579290
TN 87 2430,865826046640860,36.0,104.74,199.81,03/09/2025 06:38:31,13.0836498,79.6565485,6565485,2025-09-04T23:21:39.579438
TN 87 2430,865826046640860,37.0,104.85,200.79,03/09/2025 06:38:21,13.0837333,79.6575832,6575832,2025-09-04T23:21:39.579548
TN 87 2430,865826046640860,34.0,104.93,203.42,03/09/2025 06:38:11,13.0839657,79.6585464,6585464,2025-09-04T23:21:39.579668
TN 87 2430,865826046640860,25.0,104.98,203.3,03/09/2025 06:38:02,13.084166,79.6592187,6592187,2025-09-04T23:21:39.579798
TN 87 2430,865826046640860,19.0,105.05,203.17,03/09/2025 06:37:52,13.0843496,79.6597146,6597146,2025-09-04T23:21:39.579947
TN 87 2430,865826046640860,21.0,105.09,203.16,03/09/2025 06:37:42,13.0845665,79.6603155,6603155,2025-09-04T23:21:39.580102
TN 87 2430,865826046640860,5.0,105.09,203.12,03/09/2025 06:37:33,13.0847334,79.660654,6606540,2025-09-04T23:21:39.580228
TN 87 2430,865826046640860,0.0,105.09,203.05,03/09/2025 06:37:23,13.0847501,79.6606349,6606349,2025-09-04T23:21:39.580376
TN 87 2430,865826046640860,0.0,105.09,202.6,03/09/2025 06:37:13,13.0847501,79.6606349,6606349,2025-09-04T23:21:39.580545
TN 87 2430,865826046640860,0.0,105.09,197.89,03/09/2025 06:37:03,13.0847501,79.6606349,6606349,2025-09-04T23:21:39.580729
TN 87 2430,865826046640860,0.0,105.09,197.56,03/09/2025 06:36:53,13.0847334,79.660654,6606540,2025-09-04T23:21:39.580907
TN 87 2430,865826046640860,20.0,105.19,197.53,03/09/2025 06:36:44,13.0847501,79.6607828,6607828,2025-09-04T23:21:39.581114
TN 87 2430,865826046640860,42.0,105.3,197.55,03/09/2025 06:36:34,13.0846333,79.6616506,6616506,2025-09-04T23:21:39.581317
TN 87 2430,865826046640860,32.0,105.37,201.04,03/09/2025 06:36:24,13.0844831,79.662652,6626520,2025-09-04T23:21:39.581545
TN 87 2430,865826046640860,22.0,105.43,201.1,03/09/2025 06:36:14,13.084017,79.663062,6630620,2025-09-04T23:21:39.581771
TN 87 2430,865826046640860,30.0,105.51,201.08,03/09/2025 06:36:04,13.0838668,79.6636486,6636486,2025-09-04T23:21:39.581973
TN 87 2430,865826046640860,35.0,105.61,200.88,03/09/2025 06:35:55,13.0840325,79.6643829,6643829,2025-09-04T23:21:39.582172
TN 87 2430,865826046640860,32.0,105.7,200.75,03/09/2025 06:35:45,13.0841839,79.6652507,6652507,2025-09-04T23:21:39.582342
TN 87 2430,865826046640860,22.0,105.72,200.73,03/09/2025 06:35:35,13.0847334,79.6658611,6658611,2025-09-04T23:21:39.582486
TN 87 2430,865826046640860,0.0,105.72,200.64,03/09/2025 06:35:25,13.0849003,79.6660137,6660137,2025-09-04T23:21:39.582645
TN 87 2430,865826046640860,0.0,105.72,200.56,03/09/2025 06:35:16,13.0849826,79.6659851,6659851,2025-09-04T23:21:39.582783
TN 87 2430,865826046640860,30.0,105.84,200.54,03/09/2025 06:35:06,13.085134,79.6657323,6657323,2025-09-04T23:21:39.582952
TN 87 2430,865826046640860,44.0,105.95,200.55,03/09/2025 06:34:56,13.0855,79.66475,6647500,2025-09-04T23:21:39.583127
TN 87 2430,865826046640860,31.0,106.25,200.56,03/09/2025 06:34:46,13.0857825,79.6637344,6637344,2025-09-04T23:21:39.583330
TN 87 2430,865826046640860,37.0,106.36,201.06,03/09/2025 06:33:58,13.0876326,79.6617794,6617794,2025-09-04T23:21:39.583516
TN 87 2430,865826046640860,30.0,106.41,200.99,03/09/2025 06:33:48,13.0885159,79.6613693,6613693,2025-09-04T23:21:39.583723
TN 87 2430,865826046640860,15.0,106.49,200.68,03/09/2025 06:33:39,13.0889999,79.6611309,6611309,2025-09-04T23:21:39.583912
TN 87 2430,865826046640860,36.0,106.61,200.54,03/09/2025 06:33:29,13.0895996,79.6607971,6607971,2025-09-04T23:21:39.584091
TN 87 2430,865826046640860,45.0,106.73,200.48,03/09/2025 06:33:19,13.0905663,79.660263,6602630,2025-09-04T23:21:39.584256
TN 87 2430,865826046640860,34.0,106.81,202.43,03/09/2025 06:33:09,13.0915498,79.6598958,6598958,2025-09-04T23:21:39.584409
TN 87 2430,865826046640860,19.0,106.84,202.46,03/09/2025 06:32:59,13.0922162,79.6597003,6597003,2025-09-04T23:21:39.584529
TN 87 2430,865826046640860,0.0,106.84,201.6,03/09/2025 06:32:50,13.0924832,79.6596002,6596002,2025-09-04T23:21:39.584645
TN 87 2430,865826046640860,0.0,106.84,199.75,03/09/2025 06:32:40,13.0924832,79.6596002,6596002,2025-09-04T23:21:39.584863
TN 87 2430,865826046640860,9.0,106.88,199.75,03/09/2025 06:32:30,13.0925166,79.6595668,6595668,2025-09-04T23:21:39.585062
TN 87 2430,865826046640860,19.0,106.97,200.19,03/09/2025 06:32:21,13.0928492,79.6594858,6594858,2025-09-04T23:21:39.585216
TN 87 2430,865826046640860,31.0,107.03,202.61,03/09/2025 06:32:11,13.0936503,79.6592473,6592473,2025-09-04T23:21:39.585404
TN 87 2430,865826046640860,14.0,107.09,202.61,03/09/2025 06:32:01,13.0942165,79.6590805,6590805,2025-09-04T23:21:39.585605
TN 87 2430,865826046640860,38.0,107.22,202.7,03/09/2025 06:31:51,13.0947327,79.658966,6589660,2025-09-04T23:21:39.585813
TN 87 2430,865826046640860,46.0,107.33,203.37,03/09/2025 06:31:41,13.0957162,79.6584177,6584177,2025-09-04T23:21:39.586038
TN 87 2430,865826046640860,40.0,107.42,203.53,03/09/2025 06:31:32,13.0962669,79.6575689,6575689,2025-09-04T23:21:39.586255
TN 87 2430,865826046640860,26.0,107.49,203.61,03/09/2025 06:31:22,13.09695,79.6570825,6570825,2025-09-04T23:21:39.586460
TN 87 2430,865826046640860,32.0,107.57,203.65,03/09/2025 06:31:12,13.0975174,79.6568822,6568822,2025-09-04T23:21:39.586644
TN 87 2430,865826046640860,25.0,107.64,203.66,03/09/2025 06:31:02,13.0982327,79.6565485,6565485,2025-09-04T23:21:39.586839
TN 87 2430,865826046640860,25.0,107.69,203.67,03/09/2025 06:30:53,13.0987501,79.6563196,6563196,2025-09-04T23:21:39.587028
TN 87 2430,865826046640860,9.0,107.73,203.65,03/09/2025 06:30:43,13.0992007,79.6560811,6560811,2025-09-04T23:21:39.587179
TN 87 2430,865826046640860,11.0,107.76,203.65,03/09/2025 06:30:33,13.0992496,79.655714,6557140,2025-09-04T23:21:39.587330
TN 87 2430,865826046640860,11.0,107.8,203.69,03/09/2025 06:30:23,13.0993008,79.6554327,6554327,2025-09-04T23:21:39.587484
TN 87 2430,865826046640860,17.0,107.83,203.73,03/09/2025 06:30:14,13.0994999,79.6551799,6551799,2025-09-04T23:21:39.587621
TN 87 2430,865826046640860,0.0,107.83,203.75,03/09/2025 06:30:04,13.0997669,79.6551513,6551513,2025-09-04T23:21:39.587754
TN 87 2430,865826046640860,0.0,107.83,203.8,03/09/2025 06:29:54,13.0997669,79.6551513,6551513,2025-09-04T23:21:39.587923
TN 87 2430,865826046640860,0.0,107.83,203.84,03/09/2025 06:29:44,13.0997669,79.6551513,6551513,2025-09-04T23:21:39.588103
TN 87 2430,865826046640860,0.0,107.83,203.91,03/09/2025 06:29:34,13.0997669,79.6551513,6551513,2025-09-04T23:21:39.588273
TN 87 2430,865826046640860,0.0,107.83,203.97,03/09/2025 06:29:25,13.0997669,79.6551513,6551513,2025-09-04T23:21:39.588435
TN 87 2430,865826046640860,0.0,107.83,203.97,03/09/2025 06:29:02,13.0997669,79.6551513,6551513,2025-09-04T23:21:39.588570
TN 87 2430,865826046640860,0.0,107.83,204.02,03/09/2025 06:28:04,13.0997669,79.6551513,6551513,2025-09-04T23:21:39.588709
TN 87 2430,865826046640860,0.0,107.83,203.98,03/09/2025 06:27:05,13.0997669,79.6551513,6551513,2025-09-04T23:21:39.588841
TN 87 2430,865826046640860,0.0,107.83,203.97,03/09/2025 06:26:06,13.0997669,79.6551513,6551513,2025-09-04T23:21:39.589030
TN 87 2430,865826046640860,0.0,107.83,203.95,03/09/2025 06:25:08,13.0997669,79.6551513,6551513,2025-09-04T23:21:39.589194
TN 87 2430,865826046640860,0.0,107.83,203.97,03/09/2025 06:24:09,13.0997669,79.6551513,6551513,2025-09-04T23:21:39.589333
TN 87 2430,865826046640860,0.0,107.83,203.96,03/09/2025 06:23:11,13.0997669,79.6551513,6551513,2025-09-04T23:21:39.589474
TN 87 2430,865826046640860,0.0,107.83,203.97,03/09/2025 06:22:12,13.0997669,79.6551513,6551513,2025-09-04T23:21:39.589644
TN 87 2430,865826046640860,0.0,107.83,203.95,03/09/2025 06:21:13,13.0997669,79.6551513,6551513,2025-09-04T23:21:39.589818
TN 87 2430,865826046640860,0.0,107.83,203.93,03/09/2025 06:20:15,13.0997669,79.6551513,6551513,2025-09-04T23:21:39.589996
TN 87 2430,865826046640860,0.0,107.83,203.91,03/09/2025 06:19:16,13.0997669,79.6551513,6551513,2025-09-04T23:21:39.590168
TN 87 2430,865826046640860,0.0,107.83,203.97,03/09/2025 06:18:18,13.0997669,79.6551513,6551513,2025-09-04T23:21:39.590323
TN 87 2430,865826046640860,0.0,107.83,203.91,03/09/2025 06:17:19,13.0997669,79.6551513,6551513,2025-09-04T23:21:39.590479
TN 87 2430,865826046640860,0.0,107.83,203.9,03/09/2025 06:16:20,13.0997669,79.6551513,6551513,2025-09-04T23:21:39.590655
TN 87 2430,865826046640860,0.0,107.83,203.92,03/09/2025 06:15:22,13.0997669,79.6551513,6551513,2025-09-04T23:21:39.590828
TN 87 2430,865826046640860,0.0,107.83,203.92,03/09/2025 06:14:23,13.0997669,79.6551513,6551513,2025-09-04T23:21:39.591032
TN 87 2430,865826046640860,0.0,107.83,203.93,03/09/2025 06:13:25,13.0997669,79.6551513,6551513,2025-09-04T23:21:39.591230
TN 87 2430,865826046640860,0.0,107.83,203.92,03/09/2025 06:12:26,13.0997669,79.6551513,6551513,2025-09-04T23:21:39.591423
TN 87 2430,865826046640860,0.0,107.83,203.89,03/09/2025 06:11:27,13.0997669,79.6551513,6551513,2025-09-04T23:21:39.591602
TN 87 2430,865826046640860,0.0,107.83,203.91,03/09/2025 06:10:29,13.0997669,79.6551513,6551513,2025-09-04T23:21:39.591745
TN 87 2430,865826046640860,0.0,107.83,203.91,03/09/2025 06:09:30,13.0997669,79.6551513,6551513,2025-09-04T23:21:39.591881
TN 87 2430,865826046640860,0.0,107.83,203.87,03/09/2025 06:08:32,13.0997669,79.6551513,6551513,2025-09-04T23:21:39.592066
TN 87 2430,865826046640860,0.0,107.83,203.88,03/09/2025 06:07:33,13.0997669,79.6551513,6551513,2025-09-04T23:21:39.592260
TN 87 2430,865826046640860,0.0,107.83,203.89,03/09/2025 06:06:34,13.0997669,79.6551513,6551513,2025-09-04T23:21:39.592421
TN 87 2430,865826046640860,0.0,107.83,203.9,03/09/2025 06:05:36,13.0997669,79.6551513,6551513,2025-09-04T23:21:39.592559
TN 87 2430,865826046640860,0.0,107.83,203.89,03/09/2025 06:04:37,13.0997669,79.6551513,6551513,2025-09-04T23:21:39.592696
TN 87 2430,865826046640860,0.0,107.83,203.89,03/09/2025 06:03:39,13.0997669,79.6551513,6551513,2025-09-04T23:21:39.592832
TN 87 2430,865826046640860,0.0,107.83,203.88,03/09/2025 06:02:40,13.0997669,79.6551513,6551513,2025-09-04T23:21:39.593006
TN 87 2430,865826046640860,0.0,107.83,203.9,03/09/2025 06:01:41,13.0997669,79.6551513,6551513,2025-09-04T23:21:39.593205
TN 87 2430,865826046640860,0.0,107.83,203.92,03/09/2025 06:00:43,13.0997669,79.6551513,6551513,2025-09-04T23:21:39.593412
TN 87 2430,865826046640860,0.0,107.83,203.85,03/09/2025 05:59:44,13.0997669,79.6551513,6551513,2025-09-04T23:21:39.593590
TN 87 2430,865826046640860,0.0,107.83,203.88,03/09/2025 05:58:46,13.0997669,79.6551513,6551513,2025-09-04T23:21:39.593732
TN 87 2430,865826046640860,0.0,107.83,203.86,03/09/2025 05:57:47,13.0997669,79.6551513,6551513,2025-09-04T23:21:39.593888
TN 87 2430,865826046640860,0.0,107.83,203.86,03/09/2025 05:56:49,13.0997669,79.6551513,6551513,2025-09-04T23:21:39.594088
TN 87 2430,865826046640860,0.0,107.83,203.83,03/09/2025 05:55:50,13.0997669,79.6551513,6551513,2025-09-04T23:21:39.594240
TN 87 2430,865826046640860,0.0,107.83,203.83,03/09/2025 05:54:51,13.0997669,79.6551513,6551513,2025-09-04T23:21:39.594379
TN 87 2430,865826046640860,0.0,107.83,203.78,03/09/2025 05:53:53,13.0997669,79.6551513,6551513,2025-09-04T23:21:39.594541
TN 87 2430,865826046640860,0.0,107.83,203.81,03/09/2025 05:52:54,13.0997669,79.6551513,6551513,2025-09-04T23:21:39.594736
TN 87 2430,865826046640860,0.0,107.83,203.83,03/09/2025 05:51:56,13.0997669,79.6551513,6551513,2025-09-04T23:21:39.594942
TN 87 2430,865826046640860,0.0,107.83,203.79,03/09/2025 05:50:57,13.0997669,79.6551513,6551513,2025-09-04T23:21:39.595116
TN 87 2430,865826046640860,0.0,107.83,203.8,03/09/2025 05:49:58,13.0997669,79.6551513,6551513,2025-09-04T23:21:39.595259
TN 87 2430,865826046640860,0.0,107.83,203.82,03/09/2025 05:49:00,13.0997669,79.6551513,6551513,2025-09-04T23:21:39.595406
TN 87 2430,865826046640860,0.0,107.83,203.79,03/09/2025 05:48:01,13.0997669,79.6551513,6551513,2025-09-04T23:21:39.595582
TN 87 2430,865826046640860,0.0,107.83,203.8,03/09/2025 05:47:03,13.0997669,79.6551513,6551513,2025-09-04T23:21:39.595777
TN 87 2430,865826046640860,0.0,107.83,203.79,03/09/2025 05:46:04,13.0997669,79.6551513,6551513,2025-09-04T23:21:39.595970
TN 87 2430,865826046640860,0.0,107.83,203.81,03/09/2025 05:45:05,13.0997669,79.6551513,6551513,2025-09-04T23:21:39.596148
TN 87 2430,865826046640860,0.0,107.83,203.78,03/09/2025 05:44:07,13.0997669,79.6551513,6551513,2025-09-04T23:21:39.596279
TN 87 2430,865826046640860,0.0,107.83,203.82,03/09/2025 05:43:08,13.0997669,79.6551513,6551513,2025-09-04T23:21:39.596395
TN 87 2430,865826046640860,0.0,107.83,203.85,03/09/2025 05:42:10,13.0997669,79.6551513,6551513,2025-09-04T23:21:39.596550
TN 87 2430,865826046640860,0.0,107.83,203.8,03/09/2025 05:41:11,13.0997669,79.6551513,6551513,2025-09-04T23:21:39.596695
TN 87 2430,865826046640860,0.0,107.83,203.84,03/09/2025 05:40:12,13.0997669,79.6551513,6551513,2025-09-04T23:21:39.596832
TN 87 2430,865826046640860,0.0,107.83,203.82,03/09/2025 05:39:14,13.0997669,79.6551513,6551513,2025-09-04T23:21:39.597020
TN 87 2430,865826046640860,0.0,107.83,203.85,03/09/2025 05:38:15,13.0997669,79.6551513,6551513,2025-09-04T23:21:39.597162
TN 87 2430,865826046640860,0.0,107.83,203.8,03/09/2025 05:37:17,13.0997669,79.6551513,6551513,2025-09-04T23:21:39.597313
TN 87 2430,865826046640860,0.0,107.83,203.83,03/09/2025 05:36:18,13.0997669,79.6551513,6551513,2025-09-04T23:21:39.597450
TN 87 2430,865826046640860,0.0,107.83,203.83,03/09/2025 05:35:19,13.0997669,79.6551513,6551513,2025-09-04T23:21:39.597584
TN 87 2430,865826046640860,0.0,107.83,203.83,03/09/2025 05:34:21,13.0997669,79.6551513,6551513,2025-09-04T23:21:39.597731
TN 87 2430,865826046640860,0.0,107.83,203.83,03/09/2025 05:33:22,13.0997669,79.6551513,6551513,2025-09-04T23:21:39.597873
TN 87 2430,865826046640860,0.0,107.83,203.86,03/09/2025 05:32:24,13.0997669,79.6551513,6551513,2025-09-04T23:21:39.598037
TN 87 2430,865826046640860,0.0,107.83,203.86,03/09/2025 05:31:25,13.0997669,79.6551513,6551513,2025-09-04T23:21:39.598252
TN 87 2430,865826046640860,0.0,107.83,203.84,03/09/2025 05:30:26,13.0997669,79.6551513,6551513,2025-09-04T23:21:39.598557
TN 87 2430,865826046640860,0.0,107.83,203.84,03/09/2025 05:29:28,13.0997669,79.6551513,6551513,2025-09-04T23:21:39.598761
TN 87 2430,865826046640860,0.0,107.83,203.84,03/09/2025 05:28:29,13.0997669,79.6551513,6551513,2025-09-04T23:21:39.599013
TN 87 2430,865826046640860,0.0,107.83,203.82,03/09/2025 05:27:31,13.0997669,79.6551513,6551513,2025-09-04T23:21:39.599244
TN 87 2430,865826046640860,0.0,107.83,203.84,03/09/2025 05:26:32,13.0997669,79.6551513,6551513,2025-09-04T23:21:39.599452
TN 87 2430,865826046640860,0.0,107.83,203.86,03/09/2025 05:25:33,13.0997669,79.6551513,6551513,2025-09-04T23:21:39.599647
TN 87 2430,865826046640860,0.0,107.83,203.84,03/09/2025 05:24:35,13.0997669,79.6551513,6551513,2025-09-04T23:21:39.599850
TN 87 2430,865826046640860,0.0,107.83,203.82,03/09/2025 05:23:36,13.0997669,79.6551513,6551513,2025-09-04T23:21:39.600049
TN 87 2430,865826046640860,0.0,107.83,203.84,03/09/2025 05:22:38,13.0997669,79.6551513,6551513,2025-09-04T23:21:39.600228
TN 87 2430,865826046640860,0.0,107.83,203.82,03/09/2025 05:21:39,13.0997669,79.6551513,6551513,2025-09-04T23:21:39.600377
TN 87 2430,865826046640860,0.0,107.83,203.83,03/09/2025 05:20:41,13.0997669,79.6551513,6551513,2025-09-04T23:21:39.600537
TN 87 2430,865826046640860,0.0,107.83,203.82,03/09/2025 05:19:42,13.0997669,79.6551513,6551513,2025-09-04T23:21:39.600719
TN 87 2430,865826046640860,0.0,107.83,203.81,03/09/2025 05:18:43,13.0997669,79.6551513,6551513,2025-09-04T23:21:39.600897
TN 87 2430,865826046640860,0.0,107.83,203.83,03/09/2025 05:17:45,13.0997669,79.6551513,6551513,2025-09-04T23:21:39.601099
TN 87 2430,865826046640860,0.0,107.83,203.83,03/09/2025 05:16:46,13.0997669,79.6551513,6551513,2025-09-04T23:21:39.601282
TN 87 2430,865826046640860,0.0,107.83,203.82,03/09/2025 05:15:47,13.0997669,79.6551513,6551513,2025-09-04T23:21:39.601460
TN 87 2430,865826046640860,0.0,107.83,203.83,03/09/2025 05:14:49,13.0997669,79.6551513,6551513,2025-09-04T23:21:39.601611
TN 87 2430,865826046640860,0.0,107.83,203.83,03/09/2025 05:13:50,13.0997669,79.6551513,6551513,2025-09-04T23:21:39.601748
TN 87 2430,865826046640860,0.0,107.83,203.84,03/09/2025 05:12:52,13.0997669,79.6551513,6551513,2025-09-04T23:21:39.601896
TN 87 2430,865826046640860,0.0,107.83,203.82,03/09/2025 05:11:53,13.0997669,79.6551513,6551513,2025-09-04T23:21:39.602123
TN 87 2430,865826046640860,0.0,107.83,203.84,03/09/2025 05:10:54,13.0997669,79.6551513,6551513,2025-09-04T23:21:39.602302
TN 87 2430,865826046640860,0.0,107.83,203.83,03/09/2025 05:09:56,13.0997669,79.6551513,6551513,2025-09-04T23:21:39.602482
TN 87 2430,865826046640860,0.0,107.83,203.84,03/09/2025 05:08:57,13.0997669,79.6551513,6551513,2025-09-04T23:21:39.602632
TN 87 2430,865826046640860,0.0,107.83,203.83,03/09/2025 05:07:59,13.0997669,79.6551513,6551513,2025-09-04T23:21:39.602798
TN 87 2430,865826046640860,0.0,107.83,203.82,03/09/2025 05:07:00,13.0997669,79.6551513,6551513,2025-09-04T23:21:39.602959
TN 87 2430,865826046640860,0.0,107.83,203.8,03/09/2025 05:06:01,13.0997669,79.6551513,6551513,2025-09-04T23:21:39.603131
TN 87 2430,865826046640860,0.0,107.83,203.82,03/09/2025 05:05:03,13.0997669,79.6551513,6551513,2025-09-04T23:21:39.603313
TN 87 2430,865826046640860,0.0,107.83,203.8,03/09/2025 05:04:04,13.0997669,79.6551513,6551513,2025-09-04T23:21:39.603481
TN 87 2430,865826046640860,0.0,107.83,203.82,03/09/2025 05:03:06,13.0997669,79.6551513,6551513,2025-09-04T23:21:39.603662
TN 87 2430,865826046640860,0.0,107.83,203.82,03/09/2025 05:02:07,13.0997669,79.6551513,6551513,2025-09-04T23:21:39.603854
TN 87 2430,865826046640860,0.0,107.83,203.81,03/09/2025 05:01:08,13.0997669,79.6551513,6551513,2025-09-04T23:21:39.604039
TN 87 2430,865826046640860,0.0,107.83,203.84,03/09/2025 05:00:10,13.0997669,79.6551513,6551513,2025-09-04T23:21:39.604212
TN 87 2430,865826046640860,0.0,107.83,203.83,03/09/2025 04:59:11,13.0997669,79.6551513,6551513,2025-09-04T23:21:39.604391
TN 87 2430,865826046640860,0.0,107.83,203.82,03/09/2025 04:58:13,13.0997669,79.6551513,6551513,2025-09-04T23:21:39.604559
TN 87 2430,865826046640860,0.0,107.83,203.84,03/09/2025 04:57:14,13.0997669,79.6551513,6551513,2025-09-04T23:21:39.604729
TN 87 2430,865826046640860,0.0,107.83,203.81,03/09/2025 04:56:16,13.0997669,79.6551513,6551513,2025-09-04T23:21:39.604890
TN 87 2430,865826046640860,0.0,107.83,203.82,03/09/2025 04:55:17,13.0997669,79.6551513,6551513,2025-09-04T23:21:39.605073
TN 87 2430,865826046640860,0.0,107.83,203.8,03/09/2025 04:54:18,13.0997669,79.6551513,6551513,2025-09-04T23:21:39.605194
TN 87 2430,865826046640860,0.0,107.83,203.82,03/09/2025 04:53:20,13.0997669,79.6551513,6551513,2025-09-04T23:21:39.605306
TN 87 2430,865826046640860,0.0,107.83,203.83,03/09/2025 04:52:21,13.0997669,79.6551513,6551513,2025-09-04T23:21:39.605439
TN 87 2430,865826046640860,0.0,107.83,203.84,03/09/2025 04:51:23,13.0997669,79.6551513,6551513,2025-09-04T23:21:39.605602
TN 87 2430,865826046640860,0.0,107.83,203.82,03/09/2025 04:50:24,13.0997669,79.6551513,6551513,2025-09-04T23:21:39.605794
TN 87 2430,865826046640860,0.0,107.83,203.82,03/09/2025 04:49:25,13.0997669,79.6551513,6551513,2025-09-04T23:21:39.606001
TN 87 2430,865826046640860,0.0,107.83,203.81,03/09/2025 04:48:27,13.0997669,79.6551513,6551513,2025-09-04T23:21:39.606193
TN 87 2430,865826046640860,0.0,107.83,203.82,03/09/2025 04:47:28,13.0997669,79.6551513,6551513,2025-09-04T23:21:39.606344
TN 87 2430,865826046640860,0.0,107.83,203.82,03/09/2025 04:46:30,13.0997669,79.6551513,6551513,2025-09-04T23:21:39.606515
TN 87 2430,865826046640860,0.0,107.83,203.82,03/09/2025 04:45:31,13.0997669,79.6551513,6551513,2025-09-04T23:21:39.606641
TN 87 2430,865826046640860,0.0,107.83,203.83,03/09/2025 04:44:32,13.0997669,79.6551513,6551513,2025-09-04T23:21:39.606775
TN 87 2430,865826046640860,0.0,107.83,203.82,03/09/2025 04:43:34,13.0997669,79.6551513,6551513,2025-09-04T23:21:39.606943
TN 87 2430,865826046640860,0.0,107.83,203.84,03/09/2025 04:42:35,13.0997669,79.6551513,6551513,2025-09-04T23:21:39.607116
TN 87 2430,865826046640860,0.0,107.83,203.84,03/09/2025 04:41:37,13.0997669,79.6551513,6551513,2025-09-04T23:21:39.607271
TN 87 2430,865826046640860,0.0,107.83,203.82,03/09/2025 04:40:38,13.0997669,79.6551513,6551513,2025-09-04T23:21:39.607449
TN 87 2430,865826046640860,0.0,107.83,203.82,03/09/2025 04:39:39,13.0997669,79.6551513,6551513,2025-09-04T23:21:39.607635
TN 87 2430,865826046640860,0.0,107.83,203.85,03/09/2025 04:38:41,13.0997669,79.6551513,6551513,2025-09-04T23:21:39.607809
TN 87 2430,865826046640860,0.0,107.83,203.84,03/09/2025 04:37:42,13.0997669,79.6551513,6551513,2025-09-04T23:21:39.608005
TN 87 2430,865826046640860,0.0,107.83,203.82,03/09/2025 04:37:32,13.0997669,79.6551513,6551513,2025-09-04T23:21:39.608198
TN 87 2430,865826046640860,0.0,107.83,203.84,03/09/2025 04:37:23,13.0997669,79.6551513,6551513,2025-09-04T23:21:39.608357
TN 87 2430,865826046640860,0.0,107.83,203.84,03/09/2025 04:36:32,13.0997669,79.6551513,6551513,2025-09-04T23:21:39.608525
TN 87 2430,865826046640860,0.0,107.83,203.83,03/09/2025 04:35:33,13.0997669,79.6551513,6551513,2025-09-04T23:21:39.608659
TN 87 2430,865826046640860,0.0,107.83,203.84,03/09/2025 04:34:34,13.0997669,79.6551513,6551513,2025-09-04T23:21:39.608812
TN 87 2430,865826046640860,0.0,107.83,203.82,03/09/2025 04:33:36,13.0997669,79.6551513,6551513,2025-09-04T23:21:39.608996
TN 87 2430,865826046640860,0.0,107.83,203.82,03/09/2025 04:32:37,13.0997669,79.6551513,6551513,2025-09-04T23:21:39.609166
TN 87 2430,865826046640860,0.0,107.83,203.84,03/09/2025 04:31:39,13.0997669,79.6551513,6551513,2025-09-04T23:21:39.609295
TN 87 2430,865826046640860,0.0,107.83,203.82,03/09/2025 04:30:40,13.0997669,79.6551513,6551513,2025-09-04T23:21:39.609442
TN 87 2430,865826046640860,0.0,107.83,203.85,03/09/2025 04:29:41,13.0997669,79.6551513,6551513,2025-09-04T23:21:39.609599
TN 87 2430,865826046640860,0.0,107.83,203.84,03/09/2025 04:28:43,13.0997669,79.6551513,6551513,2025-09-04T23:21:39.609780
TN 87 2430,865826046640860,0.0,107.83,203.86,03/09/2025 04:27:44,13.0997669,79.6551513,6551513,2025-09-04T23:21:39.609958
TN 87 2430,865826046640860,0.0,107.83,203.86,03/09/2025 04:26:46,13.0997669,79.6551513,6551513,2025-09-04T23:21:39.610122
TN 87 2430,865826046640860,0.0,107.83,203.84,03/09/2025 04:25:47,13.0997669,79.6551513,6551513,2025-09-04T23:21:39.610310
TN 87 2430,865826046640860,0.0,107.83,203.86,03/09/2025 04:24:48,13.0997669,79.6551513,6551513,2025-09-04T23:21:39.610511
TN 87 2430,865826046640860,0.0,107.83,203.86,03/09/2025 04:23:50,13.0997669,79.6551513,6551513,2025-09-04T23:21:39.610706
TN 87 2430,865826046640860,0.0,107.83,203.85,03/09/2025 04:22:51,13.0997669,79.6551513,6551513,2025-09-04T23:21:39.610880
TN 87 2430,865826046640860,0.0,107.83,203.84,03/09/2025 04:21:53,13.0997669,79.6551513,6551513,2025-09-04T23:21:39.611068
TN 87 2430,865826046640860,0.0,107.83,203.84,03/09/2025 04:20:54,13.0997669,79.6551513,6551513,2025-09-04T23:21:39.611264
TN 87 2430,865826046640860,0.0,107.83,203.88,03/09/2025 04:19:55,13.0997669,79.6551513,6551513,2025-09-04T23:21:39.611439
TN 87 2430,865826046640860,0.0,107.83,203.86,03/09/2025 04:18:57,13.0997669,79.6551513,6551513,2025-09-04T23:21:39.611640
TN 87 2430,865826046640860,0.0,107.83,203.85,03/09/2025 04:17:58,13.0997669,79.6551513,6551513,2025-09-04T23:21:39.611852
TN 87 2430,865826046640860,0.0,107.83,203.85,03/09/2025 04:17:00,13.0997669,79.6551513,6551513,2025-09-04T23:21:39.612059
TN 87 2430,865826046640860,0.0,107.83,203.86,03/09/2025 04:16:01,13.0997669,79.6551513,6551513,2025-09-04T23:21:39.612273
TN 87 2430,865826046640860,0.0,107.83,203.84,03/09/2025 04:15:02,13.0997669,79.6551513,6551513,2025-09-04T23:21:39.612465
TN 87 2430,865826046640860,0.0,107.83,203.84,03/09/2025 04:14:04,13.0997669,79.6551513,6551513,2025-09-04T23:21:39.612634
TN 87 2430,865826046640860,0.0,107.83,203.84,03/09/2025 04:13:05,13.0997669,79.6551513,6551513,2025-09-04T23:21:39.612833
TN 87 2430,865826046640860,0.0,107.83,203.84,03/09/2025 04:12:07,13.0997669,79.6551513,6551513,2025-09-04T23:21:39.613043
TN 87 2430,865826046640860,0.0,107.83,203.84,03/09/2025 04:11:08,13.0997669,79.6551513,6551513,2025-09-04T23:21:39.613250
TN 87 2430,865826046640860,0.0,107.83,203.84,03/09/2025 04:10:09,13.0997669,79.6551513,6551513,2025-09-04T23:21:39.613472
TN 87 2430,865826046640860,0.0,107.83,203.83,03/09/2025 04:09:11,13.0997669,79.6551513,6551513,2025-09-04T23:21:39.613723
TN 87 2430,865826046640860,0.0,107.83,203.86,03/09/2025 04:08:12,13.0997669,79.6551513,6551513,2025-09-04T23:21:39.613911
TN 87 2430,865826046640860,0.0,107.83,203.86,03/09/2025 04:07:14,13.0997669,79.6551513,6551513,2025-09-04T23:21:39.614085
TN 87 2430,865826046640860,0.0,107.83,203.85,03/09/2025 04:06:15,13.0997669,79.6551513,6551513,2025-09-04T23:21:39.614276
TN 87 2430,865826046640860,0.0,107.83,203.84,03/09/2025 04:05:17,13.0997669,79.6551513,6551513,2025-09-04T23:21:39.614494
TN 87 2430,865826046640860,0.0,107.83,203.84,03/09/2025 04:04:18,13.0997669,79.6551513,6551513,2025-09-04T23:21:39.614688
TN 87 2430,865826046640860,0.0,107.83,203.87,03/09/2025 04:03:19,13.0997669,79.6551513,6551513,2025-09-04T23:21:39.614876
TN 87 2430,865826046640860,0.0,107.83,203.85,03/09/2025 04:02:21,13.0997669,79.6551513,6551513,2025-09-04T23:21:39.615075
TN 87 2430,865826046640860,0.0,107.83,203.84,03/09/2025 04:01:22,13.0997669,79.6551513,6551513,2025-09-04T23:21:39.615308
TN 87 2430,865826046640860,0.0,107.83,203.85,03/09/2025 04:00:23,13.0997669,79.6551513,6551513,2025-09-04T23:21:39.615517
TN 87 2430,865826046640860,0.0,107.83,203.84,03/09/2025 03:59:25,13.0997669,79.6551513,6551513,2025-09-04T23:21:39.615730
TN 87 2430,865826046640860,0.0,107.83,203.85,03/09/2025 03:58:26,13.0997669,79.6551513,6551513,2025-09-04T23:21:39.615964
TN 87 2430,865826046640860,0.0,107.83,203.86,03/09/2025 03:57:28,13.0997669,79.6551513,6551513,2025-09-04T23:21:39.616161
TN 87 2430,865826046640860,0.0,107.83,203.84,03/09/2025 03:56:29,13.0997669,79.6551513,6551513,2025-09-04T23:21:39.616330
TN 87 2430,865826046640860,0.0,107.83,203.87,03/09/2025 03:55:30,13.0997669,79.6551513,6551513,2025-09-04T23:21:39.616497
TN 87 2430,865826046640860,0.0,107.83,203.85,03/09/2025 03:54:32,13.0997669,79.6551513,6551513,2025-09-04T23:21:39.616684
TN 87 2430,865826046640860,0.0,107.83,203.8,03/09/2025 03:53:33,13.0997669,79.6551513,6551513,2025-09-04T23:21:39.616865
TN 87 2430,865826046640860,0.0,107.83,203.82,03/09/2025 03:52:35,13.0997669,79.6551513,6551513,2025-09-04T23:21:39.617066
TN 87 2430,865826046640860,0.0,107.83,203.79,03/09/2025 03:51:36,13.0997669,79.6551513,6551513,2025-09-04T23:21:39.617237
TN 87 2430,865826046640860,0.0,107.83,203.8,03/09/2025 03:50:38,13.0997669,79.6551513,6551513,2025-09-04T23:21:39.617371
TN 87 2430,865826046640860,0.0,107.83,203.78,03/09/2025 03:49:39,13.0997669,79.6551513,6551513,2025-09-04T23:21:39.617528
TN 87 2430,865826046640860,0.0,107.83,203.77,03/09/2025 03:48:40,13.0997669,79.6551513,6551513,2025-09-04T23:21:39.617726
TN 87 2430,865826046640860,0.0,107.83,203.77,03/09/2025 03:47:42,13.0997669,79.6551513,6551513,2025-09-04T23:21:39.617926
TN 87 2430,865826046640860,0.0,107.83,203.74,03/09/2025 03:46:43,13.0997669,79.6551513,6551513,2025-09-04T23:21:39.618111
TN 87 2430,865826046640860,0.0,107.83,203.67,03/09/2025 03:45:45,13.0997669,79.6551513,6551513,2025-09-04T23:21:39.618278
TN 87 2430,865826046640860,0.0,107.83,203.69,03/09/2025 03:44:46,13.0997669,79.6551513,6551513,2025-09-04T23:21:39.618485
TN 87 2430,865826046640860,0.0,107.83,203.73,03/09/2025 03:43:47,13.0997669,79.6551513,6551513,2025-09-04T23:21:39.618655
TN 87 2430,865826046640860,0.0,107.83,203.69,03/09/2025 03:42:49,13.0997669,79.6551513,6551513,2025-09-04T23:21:39.618783
TN 87 2430,865826046640860,0.0,107.83,203.72,03/09/2025 03:41:50,13.0997669,79.6551513,6551513,2025-09-04T23:21:39.618943
TN 87 2430,865826046640860,0.0,107.83,203.7,03/09/2025 03:40:51,13.0997669,79.6551513,6551513,2025-09-04T23:21:39.619088
TN 87 2430,865826046640860,0.0,107.83,203.67,03/09/2025 03:39:53,13.0997669,79.6551513,6551513,2025-09-04T23:21:39.619213
TN 87 2430,865826046640860,0.0,107.83,203.68,03/09/2025 03:38:54,13.0997669,79.6551513,6551513,2025-09-04T23:21:39.619337
TN 87 2430,865826046640860,0.0,107.83,203.68,03/09/2025 03:37:56,13.0997669,79.6551513,6551513,2025-09-04T23:21:39.619472
TN 87 2430,865826046640860,0.0,107.83,203.65,03/09/2025 03:36:57,13.0997669,79.6551513,6551513,2025-09-04T23:21:39.619588
TN 87 2430,865826046640860,0.0,107.83,203.67,03/09/2025 03:35:58,13.0997669,79.6551513,6551513,2025-09-04T23:21:39.619708
TN 87 2430,865826046640860,0.0,107.83,203.69,03/09/2025 03:35:00,13.0997669,79.6551513,6551513,2025-09-04T23:21:39.619843
TN 87 2430,865826046640860,0.0,107.83,203.64,03/09/2025 03:34:01,13.0997669,79.6551513,6551513,2025-09-04T23:21:39.619989
TN 87 2430,865826046640860,0.0,107.83,203.61,03/09/2025 03:33:03,13.0997669,79.6551513,6551513,2025-09-04T23:21:39.620115
TN 87 2430,865826046640860,0.0,107.83,203.63,03/09/2025 03:32:04,13.0997669,79.6551513,6551513,2025-09-04T23:21:39.620244
TN 87 2430,865826046640860,0.0,107.83,203.52,03/09/2025 03:31:06,13.0997669,79.6551513,6551513,2025-09-04T23:21:39.620354
TN 87 2430,865826046640860,0.0,107.83,203.6,03/09/2025 03:30:07,13.0997669,79.6551513,6551513,2025-09-04T23:21:39.620477
TN 87 2430,865826046640860,0.0,107.83,203.61,03/09/2025 03:29:09,13.0997669,79.6551513,6551513,2025-09-04T23:21:39.620635
TN 87 2430,865826046640860,0.0,107.83,203.56,03/09/2025 03:28:10,13.0997669,79.6551513,6551513,2025-09-04T23:21:39.620788
TN 87 2430,865826046640860,0.0,107.83,203.58,03/09/2025 03:27:11,13.0997669,79.6551513,6551513,2025-09-04T23:21:39.620941
TN 87 2430,865826046640860,0.0,107.83,203.59,03/09/2025 03:26:13,13.0997669,79.6551513,6551513,2025-09-04T23:21:39.621130
TN 87 2430,865826046640860,0.0,107.83,203.55,03/09/2025 03:25:14,13.0997669,79.6551513,6551513,2025-09-04T23:21:39.621284
TN 87 2430,865826046640860,0.0,107.83,203.56,03/09/2025 03:24:15,13.0997669,79.6551513,6551513,2025-09-04T23:21:39.621424
TN 87 2430,865826046640860,0.0,107.83,203.55,03/09/2025 03:23:17,13.0997669,79.6551513,6551513,2025-09-04T23:21:39.621631
TN 87 2430,865826046640860,0.0,107.83,203.57,03/09/2025 03:22:18,13.0997669,79.6551513,6551513,2025-09-04T23:21:39.621819
TN 87 2430,865826046640860,0.0,107.83,203.57,03/09/2025 03:21:20,13.0997669,79.6551513,6551513,2025-09-04T23:21:39.622023
TN 87 2430,865826046640860,0.0,107.83,203.57,03/09/2025 03:20:21,13.0997669,79.6551513,6551513,2025-09-04T23:21:39.622222
TN 87 2430,865826046640860,0.0,107.83,203.59,03/09/2025 03:19:23,13.0997669,79.6551513,6551513,2025-09-04T23:21:39.622416
TN 87 2430,865826046640860,0.0,107.83,203.57,03/09/2025 03:18:24,13.0997669,79.6551513,6551513,2025-09-04T23:21:39.622562
TN 87 2430,865826046640860,0.0,107.83,203.57,03/09/2025 03:17:25,13.0997669,79.6551513,6551513,2025-09-04T23:21:39.622677
TN 87 2430,865826046640860,0.0,107.83,203.55,03/09/2025 03:16:27,13.0997669,79.6551513,6551513,2025-09-04T23:21:39.622814
TN 87 2430,865826046640860,0.0,107.83,203.59,03/09/2025 03:15:28,13.0997669,79.6551513,6551513,2025-09-04T23:21:39.622976
TN 87 2430,865826046640860,0.0,107.83,203.54,03/09/2025 03:14:30,13.0997669,79.6551513,6551513,2025-09-04T23:21:39.623125
TN 87 2430,865826046640860,0.0,107.83,203.55,03/09/2025 03:13:31,13.0997669,79.6551513,6551513,2025-09-04T23:21:39.623292
TN 87 2430,865826046640860,0.0,107.83,203.55,03/09/2025 03:12:32,13.0997669,79.6551513,6551513,2025-09-04T23:21:39.623450
TN 87 2430,865826046640860,0.0,107.83,203.55,03/09/2025 03:11:34,13.0997669,79.6551513,6551513,2025-09-04T23:21:39.623584
TN 87 2430,865826046640860,0.0,107.83,203.58,03/09/2025 03:10:35,13.0997669,79.6551513,6551513,2025-09-04T23:21:39.623747
TN 87 2430,865826046640860,0.0,107.83,203.58,03/09/2025 03:09:37,13.0997669,79.6551513,6551513,2025-09-04T23:21:39.623897
TN 87 2430,865826046640860,0.0,107.83,203.59,03/09/2025 03:08:38,13.0997669,79.6551513,6551513,2025-09-04T23:21:39.624060
TN 87 2430,865826046640860,0.0,107.83,203.55,03/09/2025 03:07:39,13.0997669,79.6551513,6551513,2025-09-04T23:21:39.624206
TN 87 2430,865826046640860,0.0,107.83,203.59,03/09/2025 03:06:41,13.0997669,79.6551513,6551513,2025-09-04T23:21:39.624355
TN 87 2430,865826046640860,0.0,107.83,203.57,03/09/2025 03:05:42,13.0997669,79.6551513,6551513,2025-09-04T23:21:39.624512
TN 87 2430,865826046640860,0.0,107.83,203.59,03/09/2025 03:04:44,13.0997669,79.6551513,6551513,2025-09-04T23:21:39.624686
TN 87 2430,865826046640860,0.0,107.83,203.55,03/09/2025 03:03:45,13.0997669,79.6551513,6551513,2025-09-04T23:21:39.624838
TN 87 2430,865826046640860,0.0,107.83,203.58,03/09/2025 03:02:46,13.0997669,79.6551513,6551513,2025-09-04T23:21:39.625043
TN 87 2430,865826046640860,0.0,107.83,203.56,03/09/2025 03:01:48,13.0997669,79.6551513,6551513,2025-09-04T23:21:39.625235
TN 87 2430,865826046640860,0.0,107.83,203.58,03/09/2025 03:00:49,13.0997669,79.6551513,6551513,2025-09-04T23:21:39.625409
TN 87 2430,865826046640860,0.0,107.83,203.56,03/09/2025 02:59:51,13.0997669,79.6551513,6551513,2025-09-04T23:21:39.625615
TN 87 2430,865826046640860,0.0,107.83,203.58,03/09/2025 02:58:52,13.0997669,79.6551513,6551513,2025-09-04T23:21:39.625835
TN 87 2430,865826046640860,0.0,107.83,203.59,03/09/2025 02:57:53,13.0997669,79.6551513,6551513,2025-09-04T23:21:39.626044
TN 87 2430,865826046640860,0.0,107.83,203.59,03/09/2025 02:56:55,13.0997669,79.6551513,6551513,2025-09-04T23:21:39.626244
TN 87 2430,865826046640860,0.0,107.83,203.58,03/09/2025 02:55:56,13.0997669,79.6551513,6551513,2025-09-04T23:21:39.626430
TN 87 2430,865826046640860,0.0,107.83,203.58,03/09/2025 02:54:57,13.0997669,79.6551513,6551513,2025-09-04T23:21:39.626653
TN 87 2430,865826046640860,0.0,107.83,203.58,03/09/2025 02:53:59,13.0997669,79.6551513,6551513,2025-09-04T23:21:39.626856
TN 87 2430,865826046640860,0.0,107.83,203.57,03/09/2025 02:53:00,13.0997669,79.6551513,6551513,2025-09-04T23:21:39.627004
TN 87 2430,865826046640860,0.0,107.83,203.58,03/09/2025 02:52:02,13.0997669,79.6551513,6551513,2025-09-04T23:21:39.627157
TN 87 2430,865826046640860,0.0,107.83,203.61,03/09/2025 02:51:03,13.0997669,79.6551513,6551513,2025-09-04T23:21:39.627293
TN 87 2430,865826046640860,0.0,107.83,203.61,03/09/2025 02:50:05,13.0997669,79.6551513,6551513,2025-09-04T23:21:39.627465
TN 87 2430,865826046640860,0.0,107.83,203.58,03/09/2025 02:49:06,13.0997669,79.6551513,6551513,2025-09-04T23:21:39.627635
TN 87 2430,865826046640860,0.0,107.83,203.6,03/09/2025 02:48:07,13.0997669,79.6551513,6551513,2025-09-04T23:21:39.627773
TN 87 2430,865826046640860,0.0,107.83,203.59,03/09/2025 02:47:09,13.0997669,79.6551513,6551513,2025-09-04T23:21:39.627930
TN 87 2430,865826046640860,0.0,107.83,203.57,03/09/2025 02:46:10,13.0997669,79.6551513,6551513,2025-09-04T23:21:39.628131
TN 87 2430,865826046640860,0.0,107.83,203.61,03/09/2025 02:45:12,13.0997669,79.6551513,6551513,2025-09-04T23:21:39.628302
TN 87 2430,865826046640860,0.0,107.83,203.6,03/09/2025 02:44:13,13.0997669,79.6551513,6551513,2025-09-04T23:21:39.628507
TN 87 2430,865826046640860,0.0,107.83,203.59,03/09/2025 02:43:15,13.0997669,79.6551513,6551513,2025-09-04T23:21:39.628703
TN 87 2430,865826046640860,0.0,107.83,203.59,03/09/2025 02:42:16,13.0997669,79.6551513,6551513,2025-09-04T23:21:39.628878
TN 87 2430,865826046640860,0.0,107.83,203.59,03/09/2025 02:41:17,13.0997669,79.6551513,6551513,2025-09-04T23:21:39.629083
TN 87 2430,865826046640860,0.0,107.83,203.6,03/09/2025 02:40:19,13.0997669,79.6551513,6551513,2025-09-04T23:21:39.629277
TN 87 2430,865826046640860,0.0,107.83,203.59,03/09/2025 02:40:09,13.0997669,79.6551513,6551513,2025-09-04T23:21:39.629433
TN 87 2430,865826046640860,0.0,107.83,203.6,03/09/2025 02:39:59,13.0997669,79.6551513,6551513,2025-09-04T23:21:39.629643
TN 87 2430,865826046640860,0.0,107.83,203.61,03/09/2025 02:39:08,13.0997669,79.6551513,6551513,2025-09-04T23:21:39.629819
TN 87 2430,865826046640860,0.0,107.83,203.63,03/09/2025 02:38:09,13.0997669,79.6551513,6551513,2025-09-04T23:21:39.629959
TN 87 2430,865826046640860,0.0,107.83,203.61,03/09/2025 02:37:11,13.0997669,79.6551513,6551513,2025-09-04T23:21:39.630155
TN 87 2430,865826046640860,0.0,107.83,203.63,03/09/2025 02:36:12,13.0997669,79.6551513,6551513,2025-09-04T23:21:39.630370
TN 87 2430,865826046640860,0.0,107.83,203.58,03/09/2025 02:35:14,13.0997669,79.6551513,6551513,2025-09-04T23:21:39.630542
TN 87 2430,865826046640860,0.0,107.83,203.65,03/09/2025 02:34:15,13.0997669,79.6551513,6551513,2025-09-04T23:21:39.630737
TN 87 2430,865826046640860,0.0,107.83,203.59,03/09/2025 02:33:16,13.0997669,79.6551513,6551513,2025-09-04T23:21:39.630932
TN 87 2430,865826046640860,0.0,107.83,203.59,03/09/2025 02:32:18,13.0997669,79.6551513,6551513,2025-09-04T23:21:39.631136
TN 87 2430,865826046640860,0.0,107.83,203.62,03/09/2025 02:31:19,13.0997669,79.6551513,6551513,2025-09-04T23:21:39.631323
TN 87 2430,865826046640860,0.0,107.83,203.59,03/09/2025 02:30:21,13.0997669,79.6551513,6551513,2025-09-04T23:21:39.631533
TN 87 2430,865826046640860,0.0,107.83,203.56,03/09/2025 02:29:22,13.0997669,79.6551513,6551513,2025-09-04T23:21:39.631739
TN 87 2430,865826046640860,0.0,107.83,203.57,03/09/2025 02:28:23,13.0997669,79.6551513,6551513,2025-09-04T23:21:39.631935
TN 87 2430,865826046640860,0.0,107.83,203.57,03/09/2025 02:27:25,13.0997669,79.6551513,6551513,2025-09-04T23:21:39.632146
TN 87 2430,865826046640860,0.0,107.83,203.56,03/09/2025 02:26:26,13.0997669,79.6551513,6551513,2025-09-04T23:21:39.632342
TN 87 2430,865826046640860,0.0,107.83,203.58,03/09/2025 02:25:28,13.0997669,79.6551513,6551513,2025-09-04T23:21:39.632535
TN 87 2430,865826046640860,0.0,107.83,203.59,03/09/2025 02:24:29,13.0997669,79.6551513,6551513,2025-09-04T23:21:39.632685
TN 87 2430,865826046640860,0.0,107.83,203.58,03/09/2025 02:23:30,13.0997669,79.6551513,6551513,2025-09-04T23:21:39.632861
TN 87 2430,865826046640860,0.0,107.83,203.52,03/09/2025 02:22:32,13.0997669,79.6551513,6551513,2025-09-04T23:21:39.633009
TN 87 2430,865826046640860,0.0,107.83,203.53,03/09/2025 02:21:33,13.0997669,79.6551513,6551513,2025-09-04T23:21:39.633169
TN 87 2430,865826046640860,0.0,107.83,203.47,03/09/2025 02:20:35,13.0997669,79.6551513,6551513,2025-09-04T23:21:39.633352
TN 87 2430,865826046640860,0.0,107.83,203.49,03/09/2025 02:19:36,13.0997669,79.6551513,6551513,2025-09-04T23:21:39.633487
TN 87 2430,865826046640860,0.0,107.83,203.49,03/09/2025 02:18:37,13.0997669,79.6551513,6551513,2025-09-04T23:21:39.633641
TN 87 2430,865826046640860,0.0,107.83,203.43,03/09/2025 02:17:39,13.0997669,79.6551513,6551513,2025-09-04T23:21:39.633782
TN 87 2430,865826046640860,0.0,107.83,203.47,03/09/2025 02:16:40,13.0997669,79.6551513,6551513,2025-09-04T23:21:39.633923
TN 87 2430,865826046640860,0.0,107.83,203.42,03/09/2025 02:15:42,13.0997669,79.6551513,6551513,2025-09-04T23:21:39.634062
TN 87 2430,865826046640860,0.0,107.83,203.4,03/09/2025 02:14:43,13.0997669,79.6551513,6551513,2025-09-04T23:21:39.634221
TN 87 2430,865826046640860,0.0,107.83,203.34,03/09/2025 02:13:44,13.0997669,79.6551513,6551513,2025-09-04T23:21:39.634377
TN 87 2430,865826046640860,0.0,107.83,203.36,03/09/2025 02:12:46,13.0997669,79.6551513,6551513,2025-09-04T23:21:39.634535
TN 87 2430,865826046640860,0.0,107.83,203.36,03/09/2025 02:11:47,13.0997669,79.6551513,6551513,2025-09-04T23:21:39.634718
TN 87 2430,865826046640860,0.0,107.83,203.31,03/09/2025 02:10:49,13.0997669,79.6551513,6551513,2025-09-04T23:21:39.634855
TN 87 2430,865826046640860,0.0,107.83,203.34,03/09/2025 02:09:50,13.0997669,79.6551513,6551513,2025-09-04T23:21:39.635033
TN 87 2430,865826046640860,0.0,107.83,203.32,03/09/2025 02:08:51,13.0997669,79.6551513,6551513,2025-09-04T23:21:39.635230
TN 87 2430,865826046640860,0.0,107.83,203.32,03/09/2025 02:07:53,13.0997669,79.6551513,6551513,2025-09-04T23:21:39.635394
TN 87 2430,865826046640860,0.0,107.83,203.34,03/09/2025 02:06:54,13.0997669,79.6551513,6551513,2025-09-04T23:21:39.635581
TN 87 2430,865826046640860,0.0,107.83,203.31,03/09/2025 02:05:56,13.0997669,79.6551513,6551513,2025-09-04T23:21:39.635787
TN 87 2430,865826046640860,0.0,107.83,203.31,03/09/2025 02:04:57,13.0997669,79.6551513,6551513,2025-09-04T23:21:39.635959
TN 87 2430,865826046640860,0.0,107.83,203.34,03/09/2025 02:03:58,13.0997669,79.6551513,6551513,2025-09-04T23:21:39.636145
TN 87 2430,865826046640860,0.0,107.83,203.3,03/09/2025 02:03:00,13.0997669,79.6551513,6551513,2025-09-04T23:21:39.636304
TN 87 2430,865826046640860,0.0,107.83,203.31,03/09/2025 02:02:01,13.0997669,79.6551513,6551513,2025-09-04T23:21:39.636483
TN 87 2430,865826046640860,0.0,107.83,203.3,03/09/2025 02:01:03,13.0997669,79.6551513,6551513,2025-09-04T23:21:39.636662
TN 87 2430,865826046640860,0.0,107.83,203.29,03/09/2025 02:00:04,13.0997669,79.6551513,6551513,2025-09-04T23:21:39.636840
TN 87 2430,865826046640860,0.0,107.83,203.28,03/09/2025 01:59:06,13.0997669,79.6551513,6551513,2025-09-04T23:21:39.636997
TN 87 2430,865826046640860,0.0,107.83,203.3,03/09/2025 01:58:07,13.0997669,79.6551513,6551513,2025-09-04T23:21:39.637126
TN 87 2430,865826046640860,0.0,107.83,203.34,03/09/2025 01:57:08,13.0997669,79.6551513,6551513,2025-09-04T23:21:39.637271
TN 87 2430,865826046640860,0.0,107.83,203.32,03/09/2025 01:56:10,13.0997669,79.6551513,6551513,2025-09-04T23:21:39.637402
TN 87 2430,865826046640860,0.0,107.83,203.32,03/09/2025 01:55:11,13.0997669,79.6551513,6551513,2025-09-04T23:21:39.637552
TN 87 2430,865826046640860,0.0,107.83,203.3,03/09/2025 01:54:12,13.0997669,79.6551513,6551513,2025-09-04T23:21:39.637716
TN 87 2430,865826046640860,0.0,107.83,203.34,03/09/2025 01:53:14,13.0997669,79.6551513,6551513,2025-09-04T23:21:39.637858
TN 87 2430,865826046640860,0.0,107.83,203.31,03/09/2025 01:52:15,13.0997669,79.6551513,6551513,2025-09-04T23:21:39.637993
TN 87 2430,865826046640860,0.0,107.83,203.32,03/09/2025 01:51:17,13.0997669,79.6551513,6551513,2025-09-04T23:21:39.638131
TN 87 2430,865826046640860,0.0,107.83,203.3,03/09/2025 01:50:18,13.0997669,79.6551513,6551513,2025-09-04T23:21:39.638366
TN 87 2430,865826046640860,0.0,107.83,203.35,03/09/2025 01:49:20,13.0997669,79.6551513,6551513,2025-09-04T23:21:39.638573
TN 87 2430,865826046640860,0.0,107.83,203.31,03/09/2025 01:48:21,13.0997669,79.6551513,6551513,2025-09-04T23:21:39.638750
TN 87 2430,865826046640860,0.0,107.83,203.32,03/09/2025 01:47:22,13.0997669,79.6551513,6551513,2025-09-04T23:21:39.638928
TN 87 2430,865826046640860,0.0,107.83,203.36,03/09/2025 01:46:24,13.0997669,79.6551513,6551513,2025-09-04T23:21:39.639143
TN 87 2430,865826046640860,0.0,107.83,203.33,03/09/2025 01:45:25,13.0997669,79.6551513,6551513,2025-09-04T23:21:39.639348
TN 87 2430,865826046640860,0.0,107.83,203.31,03/09/2025 01:44:27,13.0997669,79.6551513,6551513,2025-09-04T23:21:39.639554
TN 87 2430,865826046640860,0.0,107.83,203.34,03/09/2025 01:43:28,13.0997669,79.6551513,6551513,2025-09-04T23:21:39.639729
TN 87 2430,865826046640860,0.0,107.83,203.34,03/09/2025 01:42:29,13.0997669,79.6551513,6551513,2025-09-04T23:21:39.639892
TN 87 2430,865826046640860,0.0,107.83,203.37,03/09/2025 01:41:31,13.0997669,79.6551513,6551513,2025-09-04T23:21:39.640062
TN 87 2430,865826046640860,0.0,107.83,203.3,03/09/2025 01:40:32,13.0997669,79.6551513,6551513,2025-09-04T23:21:39.640209
TN 87 2430,865826046640860,0.0,107.83,203.32,03/09/2025 01:39:34,13.0997669,79.6551513,6551513,2025-09-04T23:21:39.640339
TN 87 2430,865826046640860,0.0,107.83,203.34,03/09/2025 01:38:35,13.0997669,79.6551513,6551513,2025-09-04T23:21:39.640459
TN 87 2430,865826046640860,0.0,107.83,203.34,03/09/2025 01:37:36,13.0997669,79.6551513,6551513,2025-09-04T23:21:39.640642
TN 87 2430,865826046640860,0.0,107.83,203.34,03/09/2025 01:36:38,13.0997669,79.6551513,6551513,2025-09-04T23:21:39.640825
TN 87 2430,865826046640860,0.0,107.83,203.34,03/09/2025 01:35:39,13.0997669,79.6551513,6551513,2025-09-04T23:21:39.640981
TN 87 2430,865826046640860,0.0,107.83,203.34,03/09/2025 01:34:41,13.0997669,79.6551513,6551513,2025-09-04T23:21:39.641161
TN 87 2430,865826046640860,0.0,107.83,203.37,03/09/2025 01:33:42,13.0997669,79.6551513,6551513,2025-09-04T23:21:39.641309
TN 87 2430,865826046640860,0.0,107.83,203.37,03/09/2025 01:32:43,13.0997669,79.6551513,6551513,2025-09-04T23:21:39.641460
TN 87 2430,865826046640860,0.0,107.83,203.36,03/09/2025 01:31:45,13.0997669,79.6551513,6551513,2025-09-04T23:21:39.641648
TN 87 2430,865826046640860,0.0,107.83,203.34,03/09/2025 01:30:46,13.0997669,79.6551513,6551513,2025-09-04T23:21:39.641821
TN 87 2430,865826046640860,0.0,107.83,203.37,03/09/2025 01:29:48,13.0997669,79.6551513,6551513,2025-09-04T23:21:39.641982
TN 87 2430,865826046640860,0.0,107.83,203.36,03/09/2025 01:28:49,13.0997669,79.6551513,6551513,2025-09-04T23:21:39.642177
TN 87 2430,865826046640860,0.0,107.83,203.31,03/09/2025 01:27:51,13.0997669,79.6551513,6551513,2025-09-04T23:21:39.642327
TN 87 2430,865826046640860,0.0,107.83,203.33,03/09/2025 01:26:52,13.0997669,79.6551513,6551513,2025-09-04T23:21:39.642478
TN 87 2430,865826046640860,0.0,107.83,203.32,03/09/2025 01:25:53,13.0997669,79.6551513,6551513,2025-09-04T23:21:39.642623
TN 87 2430,865826046640860,0.0,107.83,203.29,03/09/2025 01:24:55,13.0997669,79.6551513,6551513,2025-09-04T23:21:39.642778
TN 87 2430,865826046640860,0.0,107.83,203.28,03/09/2025 01:23:56,13.0997669,79.6551513,6551513,2025-09-04T23:21:39.642983
TN 87 2430,865826046640860,0.0,107.83,203.27,03/09/2025 01:22:57,13.0997669,79.6551513,6551513,2025-09-04T23:21:39.643172
TN 87 2430,865826046640860,0.0,107.83,203.27,03/09/2025 01:21:59,13.0997669,79.6551513,6551513,2025-09-04T23:21:39.643358
TN 87 2430,865826046640860,0.0,107.83,203.24,03/09/2025 01:21:00,13.0997669,79.6551513,6551513,2025-09-04T23:21:39.643534
TN 87 2430,865826046640860,0.0,107.83,203.19,03/09/2025 01:20:02,13.0997669,79.6551513,6551513,2025-09-04T23:21:39.643717
TN 87 2430,865826046640860,0.0,107.83,203.17,03/09/2025 01:19:03,13.0997669,79.6551513,6551513,2025-09-04T23:21:39.643906
TN 87 2430,865826046640860,0.0,107.83,203.14,03/09/2025 01:18:05,13.0997669,79.6551513,6551513,2025-09-04T23:21:39.644085
TN 87 2430,865826046640860,0.0,107.83,203.14,03/09/2025 01:17:06,13.0997669,79.6551513,6551513,2025-09-04T23:21:39.644273
TN 87 2430,865826046640860,0.0,107.83,203.1,03/09/2025 01:16:07,13.0997669,79.6551513,6551513,2025-09-04T23:21:39.644424
TN 87 2430,865826046640860,0.0,107.83,203.1,03/09/2025 01:15:09,13.0997669,79.6551513,6551513,2025-09-04T23:21:39.644588
TN 87 2430,865826046640860,0.0,107.83,203.11,03/09/2025 01:14:10,13.0997669,79.6551513,6551513,2025-09-04T23:21:39.644780
TN 87 2430,865826046640860,0.0,107.83,203.07,03/09/2025 01:13:11,13.0997669,79.6551513,6551513,2025-09-04T23:21:39.644962
TN 87 2430,865826046640860,0.0,107.83,203.07,03/09/2025 01:12:13,13.0997669,79.6551513,6551513,2025-09-04T23:21:39.645188
TN 87 2430,865826046640860,0.0,107.83,203.06,03/09/2025 01:11:14,13.0997669,79.6551513,6551513,2025-09-04T23:21:39.645370
TN 87 2430,865826046640860,0.0,107.83,203.06,03/09/2025 01:10:16,13.0997669,79.6551513,6551513,2025-09-04T23:21:39.645520
TN 87 2430,865826046640860,0.0,107.83,203.08,03/09/2025 01:09:17,13.0997669,79.6551513,6551513,2025-09-04T23:21:39.645691
TN 87 2430,865826046640860,0.0,107.83,203.03,03/09/2025 01:08:18,13.0997669,79.6551513,6551513,2025-09-04T23:21:39.645856
TN 87 2430,865826046640860,0.0,107.83,203.06,03/09/2025 01:07:20,13.0997669,79.6551513,6551513,2025-09-04T23:21:39.646045
TN 87 2430,865826046640860,0.0,107.83,203.04,03/09/2025 01:06:21,13.0997669,79.6551513,6551513,2025-09-04T23:21:39.646230
TN 87 2430,865826046640860,0.0,107.83,203.07,03/09/2025 01:05:23,13.0997669,79.6551513,6551513,2025-09-04T23:21:39.646376
TN 87 2430,865826046640860,0.0,107.83,203.05,03/09/2025 01:04:24,13.0997669,79.6551513,6551513,2025-09-04T23:21:39.646577
TN 87 2430,865826046640860,0.0,107.83,203.07,03/09/2025 01:03:25,13.0997669,79.6551513,6551513,2025-09-04T23:21:39.646738
TN 87 2430,865826046640860,0.0,107.83,203.07,03/09/2025 01:02:27,13.0997669,79.6551513,6551513,2025-09-04T23:21:39.646898
TN 87 2430,865826046640860,0.0,107.83,203.07,03/09/2025 01:01:28,13.0997669,79.6551513,6551513,2025-09-04T23:21:39.647090
TN 87 2430,865826046640860,0.0,107.83,203.04,03/09/2025 01:00:30,13.0997669,79.6551513,6551513,2025-09-04T23:21:39.647237
TN 87 2430,865826046640860,0.0,107.83,203.05,03/09/2025 00:59:31,13.0997669,79.6551513,6551513,2025-09-04T23:21:39.647378
TN 87 2430,865826046640860,0.0,107.83,203.06,03/09/2025 00:58:33,13.0997669,79.6551513,6551513,2025-09-04T23:21:39.647536
TN 87 2430,865826046640860,0.0,107.83,203.07,03/09/2025 00:57:34,13.0997669,79.6551513,6551513,2025-09-04T23:21:39.647709
TN 87 2430,865826046640860,0.0,107.83,203.05,03/09/2025 00:56:35,13.0997669,79.6551513,6551513,2025-09-04T23:21:39.647885
TN 87 2430,865826046640860,0.0,107.83,203.09,03/09/2025 00:55:37,13.0997669,79.6551513,6551513,2025-09-04T23:21:39.648060
TN 87 2430,865826046640860,0.0,107.83,203.06,03/09/2025 00:54:38,13.0997669,79.6551513,6551513,2025-09-04T23:21:39.648269
TN 87 2430,865826046640860,0.0,107.83,203.06,03/09/2025 00:53:39,13.0997669,79.6551513,6551513,2025-09-04T23:21:39.648495
TN 87 2430,865826046640860,0.0,107.83,203.06,03/09/2025 00:52:41,13.0997669,79.6551513,6551513,2025-09-04T23:21:39.648753
TN 87 2430,865826046640860,0.0,107.83,203.07,03/09/2025 00:51:42,13.0997669,79.6551513,6551513,2025-09-04T23:21:39.649008
TN 87 2430,865826046640860,0.0,107.83,203.07,03/09/2025 00:50:44,13.0997669,79.6551513,6551513,2025-09-04T23:21:39.649170
TN 87 2430,865826046640860,0.0,107.83,203.09,03/09/2025 00:49:45,13.0997669,79.6551513,6551513,2025-09-04T23:21:39.649346
TN 87 2430,865826046640860,0.0,107.83,203.09,03/09/2025 00:48:47,13.0997669,79.6551513,6551513,2025-09-04T23:21:39.649537
TN 87 2430,865826046640860,0.0,107.83,203.11,03/09/2025 00:47:48,13.0997669,79.6551513,6551513,2025-09-04T23:21:39.649692
TN 87 2430,865826046640860,0.0,107.83,203.08,03/09/2025 00:46:49,13.0997669,79.6551513,6551513,2025-09-04T23:21:39.649808
TN 87 2430,865826046640860,0.0,107.83,203.09,03/09/2025 00:45:51,13.0997669,79.6551513,6551513,2025-09-04T23:21:39.649967
TN 87 2430,865826046640860,0.0,107.83,203.09,03/09/2025 00:44:52,13.0997669,79.6551513,6551513,2025-09-04T23:21:39.650124
TN 87 2430,865826046640860,0.0,107.83,203.11,03/09/2025 00:43:54,13.0997669,79.6551513,6551513,2025-09-04T23:21:39.650277
TN 87 2430,865826046640860,0.0,107.83,203.06,03/09/2025 00:42:55,13.0997669,79.6551513,6551513,2025-09-04T23:21:39.650451
TN 87 2430,865826046640860,0.0,107.83,203.09,03/09/2025 00:42:45,13.0997669,79.6551513,6551513,2025-09-04T23:21:39.650664
TN 87 2430,865826046640860,0.0,107.83,203.1,03/09/2025 00:42:36,13.0997669,79.6551513,6551513,2025-09-04T23:21:39.650843
TN 87 2430,865826046640860,0.0,107.83,203.07,03/09/2025 00:41:44,13.0997669,79.6551513,6551513,2025-09-04T23:21:39.650995
TN 87 2430,865826046640860,0.0,107.83,203.09,03/09/2025 00:40:46,13.0997669,79.6551513,6551513,2025-09-04T23:21:39.651158
TN 87 2430,865826046640860,0.0,107.83,203.13,03/09/2025 00:39:47,13.0997669,79.6551513,6551513,2025-09-04T23:21:39.651309
TN 87 2430,865826046640860,0.0,107.83,203.11,03/09/2025 00:38:48,13.0997669,79.6551513,6551513,2025-09-04T23:21:39.651475
TN 87 2430,865826046640860,0.0,107.83,203.09,03/09/2025 00:37:50,13.0997669,79.6551513,6551513,2025-09-04T23:21:39.651674
TN 87 2430,865826046640860,0.0,107.83,203.08,03/09/2025 00:36:51,13.0997669,79.6551513,6551513,2025-09-04T23:21:39.651822
TN 87 2430,865826046640860,0.0,107.83,203.07,03/09/2025 00:35:53,13.0997669,79.6551513,6551513,2025-09-04T23:21:39.652000
TN 87 2430,865826046640860,0.0,107.83,203.11,03/09/2025 00:34:54,13.0997669,79.6551513,6551513,2025-09-04T23:21:39.652189
TN 87 2430,865826046640860,0.0,107.83,203.11,03/09/2025 00:33:55,13.0997669,79.6551513,6551513,2025-09-04T23:21:39.652366
TN 87 2430,865826046640860,0.0,107.83,203.11,03/09/2025 00:32:57,13.0997669,79.6551513,6551513,2025-09-04T23:21:39.652529
TN 87 2430,865826046640860,0.0,107.83,203.11,03/09/2025 00:31:58,13.0997669,79.6551513,6551513,2025-09-04T23:21:39.652691
TN 87 2430,865826046640860,0.0,107.83,203.12,03/09/2025 00:31:00,13.0997669,79.6551513,6551513,2025-09-04T23:21:39.652854
TN 87 2430,865826046640860,0.0,107.83,203.11,03/09/2025 00:30:01,13.0997669,79.6551513,6551513,2025-09-04T23:21:39.653033
TN 87 2430,865826046640860,0.0,107.83,203.13,03/09/2025 00:29:03,13.0997669,79.6551513,6551513,2025-09-04T23:21:39.653264
TN 87 2430,865826046640860,0.0,107.83,203.09,03/09/2025 00:28:04,13.0997669,79.6551513,6551513,2025-09-04T23:21:39.653446
TN 87 2430,865826046640860,0.0,107.83,203.12,03/09/2025 00:27:05,13.0997669,79.6551513,6551513,2025-09-04T23:21:39.653644
TN 87 2430,865826046640860,0.0,107.83,203.12,03/09/2025 00:26:07,13.0997669,79.6551513,6551513,2025-09-04T23:21:39.653834
TN 87 2430,865826046640860,0.0,107.83,203.08,03/09/2025 00:25:08,13.0997669,79.6551513,6551513,2025-09-04T23:21:39.653976
TN 87 2430,865826046640860,0.0,107.83,203.09,03/09/2025 00:24:09,13.0997669,79.6551513,6551513,2025-09-04T23:21:39.654172
TN 87 2430,865826046640860,0.0,107.83,203.11,03/09/2025 00:23:11,13.0997669,79.6551513,6551513,2025-09-04T23:21:39.654351
TN 87 2430,865826046640860,0.0,107.83,203.08,03/09/2025 00:22:12,13.0997669,79.6551513,6551513,2025-09-04T23:21:39.654556
TN 87 2430,865826046640860,0.0,107.83,203.09,03/09/2025 00:21:14,13.0997669,79.6551513,6551513,2025-09-04T23:21:39.654753
TN 87 2430,865826046640860,0.0,107.83,203.09,03/09/2025 00:20:15,13.0997669,79.6551513,6551513,2025-09-04T23:21:39.654940
TN 87 2430,865826046640860,0.0,107.83,203.08,03/09/2025 00:19:17,13.0997669,79.6551513,6551513,2025-09-04T23:21:39.655153
TN 87 2430,865826046640860,0.0,107.83,203.09,03/09/2025 00:18:18,13.0997669,79.6551513,6551513,2025-09-04T23:21:39.655344
TN 87 2430,865826046640860,0.0,107.83,203.09,03/09/2025 00:17:19,13.0997669,79.6551513,6551513,2025-09-04T23:21:39.655525
TN 87 2430,865826046640860,0.0,107.83,203.09,03/09/2025 00:16:21,13.0997669,79.6551513,6551513,2025-09-04T23:21:39.655712
TN 87 2430,865826046640860,0.0,107.83,203.07,03/09/2025 00:15:22,13.0997669,79.6551513,6551513,2025-09-04T23:21:39.655879
TN 87 2430,865826046640860,0.0,107.83,203.0,03/09/2025 00:14:23,13.0997669,79.6551513,6551513,2025-09-04T23:21:39.655999
TN 87 2430,865826046640860,0.0,107.83,203.06,03/09/2025 00:13:25,13.0997669,79.6551513,6551513,2025-09-04T23:21:39.656180
TN 87 2430,865826046640860,0.0,107.83,203.04,03/09/2025 00:12:26,13.0997669,79.6551513,6551513,2025-09-04T23:21:39.656339
TN 87 2430,865826046640860,0.0,107.83,203.01,03/09/2025 00:11:28,13.0997669,79.6551513,6551513,2025-09-04T23:21:39.656473
TN 87 2430,865826046640860,0.0,107.83,203.01,03/09/2025 00:10:29,13.0997669,79.6551513,6551513,2025-09-04T23:21:39.656653
TN 87 2430,865826046640860,0.0,107.83,202.94,03/09/2025 00:09:31,13.0997669,79.6551513,6551513,2025-09-04T23:21:39.656778
TN 87 2430,865826046640860,0.0,107.83,202.95,03/09/2025 00:08:32,13.0997669,79.6551513,6551513,2025-09-04T23:21:39.656893
TN 87 2430,865826046640860,0.0,107.83,202.94,03/09/2025 00:07:33,13.0997669,79.6551513,6551513,2025-09-04T23:21:39.657026
TN 87 2430,865826046640860,0.0,107.83,202.87,03/09/2025 00:06:35,13.0997669,79.6551513,6551513,2025-09-04T23:21:39.657133
TN 87 2430,865826046640860,0.0,107.83,202.93,03/09/2025 00:05:36,13.0997669,79.6551513,6551513,2025-09-04T23:21:39.657270
TN 87 2430,865826046640860,0.0,107.83,202.9,03/09/2025 00:04:38,13.0997669,79.6551513,6551513,2025-09-04T23:21:39.657382
TN 87 2430,865826046640860,0.0,107.83,202.93,03/09/2025 00:03:39,13.0997669,79.6551513,6551513,2025-09-04T23:21:39.657484
TN 87 2430,865826046640860,0.0,107.83,202.86,03/09/2025 00:02:40,13.0997669,79.6551513,6551513,2025-09-04T23:21:39.657596
TN 87 2430,865826046640860,0.0,107.83,202.87,03/09/2025 00:01:42,13.0997669,79.6551513,6551513,2025-09-04T23:21:39.657729
TN 87 2430,865826046640860,0.0,107.83,202.88,03/09/2025 00:00:43,13.0997669,79.6551513,6551513,2025-09-04T23:21:39.657847
