{"type": "FeatureCollection","features": [{"type": "Feature", "geometry": {"type":"Point","coordinates":[80.2115596,13.0630102]}, "properties": {"osm_id": 5318537692, "osm_type": "nodes", "public_transport": "platform", "highway": "bus_stop", "bus": "yes", "shelter": null, "operator": "Metropolitan Transport Corporation (Chennai) Ltd.", "name": "MMDA"}},{"type": "Feature", "geometry": {"type":"Point","coordinates":[80.1542326,13.0354754]}, "properties": {"osm_id": 370969664, "osm_type": "nodes", "public_transport": null, "highway": "bus_stop", "bus": "yes", "shelter": null, "operator": null, "name": "போரூர்"}},{"type": "Feature", "geometry": {"type":"Point","coordinates":[80.2198338,13.0846852]}, "properties": {"osm_id": 12169680536, "osm_type": "nodes", "public_transport": null, "highway": "bus_stop", "bus": null, "shelter": null, "operator": null, "name": null}},{"type": "Feature", "geometry": {"type":"Point","coordinates":[80.2246214,13.042286]}, "properties": {"osm_id": 3724408110, "osm_type": "nodes", "public_transport": "platform", "highway": "bus_stop", "bus": "yes", "shelter": null, "operator": null, "name": null}},{"type": "Feature", "geometry": {"type":"Point","coordinates":[80.1627648,13.1012433]}, "properties": {"osm_id": 7796477453, "osm_type": "nodes", "public_transport": "platform", "highway": "bus_stop", "bus": "yes", "shelter": null, "operator": null, "name": "Telephone Exchange Bus Stop"}},{"type": "Feature", "geometry": {"type":"Point","coordinates":[80.2116987,13.0580044]}, "properties": {"osm_id": 5400382521, "osm_type": "nodes", "public_transport": "platform", "highway": "bus_stop", "bus": "yes", "shelter": null, "operator": null, "name": "Thirunagar"}},{"type": "Feature", "geometry": {"type":"Point","coordinates":[80.136228,13.1780528]}, "properties": {"osm_id": 9864935717, "osm_type": "nodes", "public_transport": "platform", "highway": "bus_stop", "bus": "yes", "shelter": null, "operator": null, "name": null}},{"type": "Feature", "geometry": {"type":"Point","coordinates":[80.2061241,12.6513882]}, "properties": {"osm_id": 3261247746, "osm_type": "nodes", "public_transport": null, "highway": "bus_stop", "bus": null, "shelter": null, "operator": null, "name": "Salavankuppam"}},{"type": "Feature", "geometry": {"type":"Point","coordinates":[79.429586,12.2504159]}, "properties": {"osm_id": 12109926725, "osm_type": "nodes", "public_transport": "platform", "highway": "bus_stop", "bus": "yes", "shelter": null, "operator": null, "name": "uranithangal"}},{"type": "Feature", "geometry": {"type":"Point","coordinates":[80.2003039,12.9654812]}, "properties": {"osm_id": 310593525, "osm_type": "nodes", "public_transport": "platform", "highway": "bus_stop", "bus": "yes", "shelter": "no", "operator": null, "name": "Balaiah Garden"}},{"type": "Feature", "geometry": {"type":"Point","coordinates":[79.2757856,13.1164199]}, "properties": {"osm_id": 7203595488, "osm_type": "nodes", "public_transport": "platform", "highway": "bus_stop", "bus": "yes", "shelter": null, "operator": null, "name": null}},{"type": "Feature", "geometry": {"type":"Point","coordinates":[79.5521659,13.4381298]}, "properties": {"osm_id": 4711638316, "osm_type": "nodes", "public_transport": null, "highway": "bus_stop", "bus": null, "shelter": null, "operator": null, "name": null}},{"type": "Feature", "geometry": {"type":"Point","coordinates":[79.7383284,13.4000769]}, "properties": {"osm_id": 10833403763, "osm_type": "nodes", "public_transport": "platform", "highway": "bus_stop", "bus": "yes", "shelter": null, "operator": null, "name": "Pichatoor Center Bus Stop"}},{"type": "Feature", "geometry": {"type":"Point","coordinates":[80.0827219,13.05268]}, "properties": {"osm_id": 9865864106, "osm_type": "nodes", "public_transport": "platform", "highway": "bus_stop", "bus": "yes", "shelter": null, "operator": null, "name": "Varadharajapuram"}},{"type": "Feature", "geometry": {"type":"Point","coordinates":[80.0886227,12.9519772]}, "properties": {"osm_id": 9859553235, "osm_type": "nodes", "public_transport": "platform", "highway": "bus_stop", "bus": "yes", "shelter": null, "operator": null, "name": "Erumaiyur"}},{"type": "Feature", "geometry": {"type":"Point","coordinates":[80.0903851,12.9691435]}, "properties": {"osm_id": 9859553722, "osm_type": "nodes", "public_transport": "platform", "highway": "bus_stop", "bus": "yes", "shelter": null, "operator": null, "name": "Thirumudivakkam-SIDCO"}},{"type": "Feature", "geometry": {"type":"Point","coordinates":[80.2069943,13.0243263]}, "properties": {"osm_id": 5228342635, "osm_type": "nodes", "public_transport": "platform", "highway": "bus_stop", "bus": "yes", "shelter": "yes", "operator": null, "name": "Kalaimagal Nagar"}},{"type": "Feature", "geometry": {"type":"Point","coordinates":[79.2340835,12.9428526]}, "properties": {"osm_id": 7174466485, "osm_type": "nodes", "public_transport": "platform", "highway": "bus_stop", "bus": "yes", "shelter": null, "operator": null, "name": null}},{"type": "Feature", "geometry": {"type":"Point","coordinates":[79.269223,13.0116618]}, "properties": {"osm_id": 7203595485, "osm_type": "nodes", "public_transport": null, "highway": "bus_stop", "bus": null, "shelter": null, "operator": null, "name": null}},{"type": "Feature", "geometry": {"type":"Point","coordinates":[79.6124889,13.1733491]}, "properties": {"osm_id": 7203597387, "osm_type": "nodes", "public_transport": null, "highway": "bus_stop", "bus": null, "shelter": null, "operator": null, "name": null}},{"type": "Feature", "geometry": {"type":"Point","coordinates":[80.2284298,12.9801876]}, "properties": {"osm_id": 9849200501, "osm_type": "nodes", "public_transport": "platform", "highway": "bus_stop", "bus": "yes", "shelter": null, "operator": null, "name": "Baby Nagar"}},{"type": "Feature", "geometry": {"type":"Point","coordinates":[79.1249476,13.1011017]}, "properties": {"osm_id": 9457776527, "osm_type": "nodes", "public_transport": "platform", "highway": "bus_stop", "bus": "yes", "shelter": null, "operator": "NHAI", "name": "Gudipala Bus Stop"}},{"type": "Feature", "geometry": {"type":"Point","coordinates":[79.145289,13.1763997]}, "properties": {"osm_id": 7806981310, "osm_type": "nodes", "public_transport": "platform", "highway": "bus_stop", "bus": "yes", "shelter": null, "operator": "Town Bus", "name": "Gollapalle Bus Stop"}},{"type": "Feature", "geometry": {"type":"Point","coordinates":[79.9132254,13.1125301]}, "properties": {"osm_id": 5229541913, "osm_type": "nodes", "public_transport": null, "highway": "bus_stop", "bus": null, "shelter": null, "operator": null, "name": "Manavalanagar Bus stop"}},{"type": "Feature", "geometry": {"type":"Point","coordinates":[79.911827,13.1172923]}, "properties": {"osm_id": 5229541223, "osm_type": "nodes", "public_transport": null, "highway": "bus_stop", "bus": null, "shelter": null, "operator": null, "name": "Rayiladi Bus stop"}},{"type": "Feature", "geometry": {"type":"Point","coordinates":[80.2049305,13.068119]}, "properties": {"osm_id": 401880999, "osm_type": "nodes", "public_transport": "platform", "highway": "bus_stop", "bus": "yes", "shelter": null, "operator": "MTC", "name": "CMBT"}},{"type": "Feature", "geometry": {"type":"Point","coordinates":[80.2917553,13.0930674]}, "properties": {"osm_id": 10102264735, "osm_type": "nodes", "public_transport": "platform", "highway": "bus_stop", "bus": "yes", "shelter": null, "operator": null, "name": "General Post Office"}},{"type": "Feature", "geometry": {"type":"Point","coordinates":[80.0576443,13.0881139]}, "properties": {"osm_id": 9865807811, "osm_type": "nodes", "public_transport": "platform", "highway": "bus_stop", "bus": "yes", "shelter": null, "operator": null, "name": null}},{"type": "Feature", "geometry": {"type":"Point","coordinates":[79.9937353,13.1373068]}, "properties": {"osm_id": 10237564020, "osm_type": "nodes", "public_transport": "platform", "highway": "bus_stop", "bus": "yes", "shelter": null, "operator": null, "name": "Ayathur Chathiram"}},{"type": "Feature", "geometry": {"type":"Point","coordinates":[80.0101118,13.125886]}, "properties": {"osm_id": 10235135131, "osm_type": "nodes", "public_transport": "platform", "highway": "bus_stop", "bus": "yes", "shelter": null, "operator": null, "name": "Veppampattu (Madha Koil)"}},{"type": "Feature", "geometry": {"type":"Point","coordinates":[80.0520429,13.1024558]}, "properties": {"osm_id": 9865807385, "osm_type": "nodes", "public_transport": "platform", "highway": "bus_stop", "bus": "yes", "shelter": null, "operator": null, "name": "Amudurmedu"}},{"type": "Feature", "geometry": {"type":"Point","coordinates":[80.0528582,13.1032527]}, "properties": {"osm_id": 9865807392, "osm_type": "nodes", "public_transport": "platform", "highway": "bus_stop", "bus": "yes", "shelter": null, "operator": null, "name": "Amudurmedu"}},{"type": "Feature", "geometry": {"type":"Point","coordinates":[80.0577677,13.0409702]}, "properties": {"osm_id": 3264839775, "osm_type": "nodes", "public_transport": null, "highway": "bus_stop", "bus": "yes", "shelter": null, "operator": null, "name": "Main Road"}},{"type": "Feature", "geometry": {"type":"Point","coordinates":[80.0773439,12.92398]}, "properties": {"osm_id": 9859932706, "osm_type": "nodes", "public_transport": "platform", "highway": "bus_stop", "bus": "yes", "shelter": null, "operator": null, "name": "Varadharajapuram - Rayappa Nagar"}},{"type": "Feature", "geometry": {"type":"Point","coordinates":[80.0917831,13.0075983]}, "properties": {"osm_id": 9859637767, "osm_type": "nodes", "public_transport": "platform", "highway": "bus_stop", "bus": "yes", "shelter": null, "operator": null, "name": "Kundrathur - Lake View Road"}},{"type": "Feature", "geometry": {"type":"Point","coordinates":[80.0907312,12.959999]}, "properties": {"osm_id": 9859553499, "osm_type": "nodes", "public_transport": "platform", "highway": "bus_stop", "bus": "yes", "shelter": null, "operator": null, "name": "Pazhanthandalam"}},{"type": "Feature", "geometry": {"type":"Point","coordinates":[79.1317287,13.0130223]}, "properties": {"osm_id": 7186887386, "osm_type": "nodes", "public_transport": null, "highway": "bus_stop", "bus": null, "shelter": null, "operator": null, "name": null}},{"type": "Feature", "geometry": {"type":"Point","coordinates":[79.1372359,13.0556683]}, "properties": {"osm_id": 9457827832, "osm_type": "nodes", "public_transport": "platform", "highway": "bus_stop", "bus": "yes", "shelter": null, "operator": null, "name": "Panatoor Bus Stop"}},{"type": "Feature", "geometry": {"type":"Point","coordinates":[80.2852522,13.0875965]}, "properties": {"osm_id": 393765044, "osm_type": "nodes", "public_transport": "platform", "highway": "bus_stop", "bus": "yes", "shelter": null, "operator": null, "name": "Law College"}},{"type": "Feature", "geometry": {"type":"Point","coordinates":[80.2782021,13.0580016]}, "properties": {"osm_id": 4763208284, "osm_type": "nodes", "public_transport": "platform", "highway": "bus_stop", "bus": "yes", "shelter": null, "operator": null, "name": "கஸ்தூரிபாய் மருத்துவமனை"}},{"type": "Feature", "geometry": {"type":"Point","coordinates":[80.2636986,13.0627904]}, "properties": {"osm_id": 309185812, "osm_type": "nodes", "public_transport": "platform", "highway": "bus_stop", "bus": "yes", "shelter": null, "operator": null, "name": "LIC"}},{"type": "Feature", "geometry": {"type":"Point","coordinates":[80.2687218,13.0665178]}, "properties": {"osm_id": 356277093, "osm_type": "nodes", "public_transport": "platform", "highway": "bus_stop", "bus": "yes", "shelter": null, "operator": null, "name": "LIC"}},{"type": "Feature", "geometry": {"type":"Point","coordinates":[80.2657999,13.0642263]}, "properties": {"osm_id": 1311558792, "osm_type": "nodes", "public_transport": "platform", "highway": "bus_stop", "bus": "yes", "shelter": null, "operator": null, "name": "L.I.C"}},{"type": "Feature", "geometry": {"type":"Point","coordinates":[80.2659171,13.0643262]}, "properties": {"osm_id": 2481989472, "osm_type": "nodes", "public_transport": "platform", "highway": "bus_stop", "bus": "yes", "shelter": null, "operator": null, "name": "L.I.C"}},{"type": "Feature", "geometry": {"type":"Point","coordinates":[80.2637854,13.0628652]}, "properties": {"osm_id": 2482072875, "osm_type": "nodes", "public_transport": "platform", "highway": "bus_stop", "bus": "yes", "shelter": null, "operator": null, "name": "LIC"}},{"type": "Feature", "geometry": {"type":"Point","coordinates":[80.26443,13.0546528]}, "properties": {"osm_id": 414712727, "osm_type": "nodes", "public_transport": "platform", "highway": "bus_stop", "bus": "yes", "shelter": null, "operator": null, "name": "Royapettah Hospital"}},{"type": "Feature", "geometry": {"type":"Point","coordinates":[80.271371,13.0749522]}, "properties": {"osm_id": 2241832803, "osm_type": "nodes", "public_transport": "platform", "highway": "bus_stop", "bus": "yes", "shelter": null, "operator": null, "name": "Chintadripet"}},{"type": "Feature", "geometry": {"type":"Point","coordinates":[80.2705663,13.0672558]}, "properties": {"osm_id": 316244809, "osm_type": "nodes", "public_transport": "platform", "highway": "bus_stop", "bus": "yes", "shelter": null, "operator": null, "name": "Shanti Theatre"}},{"type": "Feature", "geometry": {"type":"Point","coordinates":[80.2737964,13.0652457]}, "properties": {"osm_id": 2485980398, "osm_type": "nodes", "public_transport": "platform", "highway": "bus_stop", "bus": "yes", "shelter": null, "operator": null, "name": null}},{"type": "Feature", "geometry": {"type":"Point","coordinates":[80.2622149,13.0631374]}, "properties": {"osm_id": 7056229385, "osm_type": "nodes", "public_transport": "platform", "highway": "bus_stop", "bus": "yes", "shelter": null, "operator": null, "name": null}},{"type": "Feature", "geometry": {"type":"Point","coordinates":[80.2596874,13.0594885]}, "properties": {"osm_id": 2482014623, "osm_type": "nodes", "public_transport": "platform", "highway": "bus_stop", "bus": "yes", "shelter": null, "operator": null, "name": "TVS"}},{"type": "Feature", "geometry": {"type":"Point","coordinates":[80.244405,13.0787644]}, "properties": {"osm_id": 3215509332, "osm_type": "nodes", "public_transport": "platform", "highway": "bus_stop", "bus": "yes", "shelter": null, "operator": null, "name": "KMC"}},{"type": "Feature", "geometry": {"type":"Point","coordinates":[80.254603,13.0834502]}, "properties": {"osm_id": 3216986967, "osm_type": "nodes", "public_transport": "platform", "highway": "bus_stop", "bus": "yes", "shelter": null, "operator": null, "name": "Millers Road"}},{"type": "Feature", "geometry": {"type":"Point","coordinates":[80.2421558,13.0695972]}, "properties": {"osm_id": 3215500283, "osm_type": "nodes", "public_transport": "platform", "highway": "bus_stop", "bus": "yes", "shelter": null, "operator": null, "name": "Chetpet"}},{"type": "Feature", "geometry": {"type":"Point","coordinates":[80.2511188,13.0906349]}, "properties": {"osm_id": 3216986939, "osm_type": "nodes", "public_transport": "platform", "highway": "bus_stop", "bus": "yes", "shelter": null, "operator": null, "name": "R.K. Road"}},{"type": "Feature", "geometry": {"type":"Point","coordinates":[80.2506503,13.0872089]}, "properties": {"osm_id": 3216986940, "osm_type": "nodes", "public_transport": "platform", "highway": "bus_stop", "bus": "yes", "shelter": null, "operator": null, "name": "Mekala Theatre"}},{"type": "Feature", "geometry": {"type":"Point","coordinates":[80.2465885,13.0858185]}, "properties": {"osm_id": 6185888872, "osm_type": "nodes", "public_transport": "platform", "highway": "bus_stop", "bus": "yes", "shelter": null, "operator": null, "name": "Abirami theatre bus stop"}},{"type": "Feature", "geometry": {"type":"Point","coordinates":[80.2534748,13.067506]}, "properties": {"osm_id": 1001424410, "osm_type": "nodes", "public_transport": "platform", "highway": "bus_stop", "bus": "yes", "shelter": null, "operator": null, "name": "DPI"}},{"type": "Feature", "geometry": {"type":"Point","coordinates":[80.2493071,13.055035]}, "properties": {"osm_id": 309323867, "osm_type": "nodes", "public_transport": "platform", "highway": "bus_stop", "bus": "yes", "shelter": null, "operator": null, "name": "ஜெமினி"}},{"type": "Feature", "geometry": {"type":"Point","coordinates":[80.2219649,12.9829795]}, "properties": {"osm_id": 9370267242, "osm_type": "nodes", "public_transport": "platform", "highway": "bus_stop", "bus": "yes", "shelter": null, "operator": "Metropoliton Transport Corporation (Chennai) Ltd.", "name": "Dhandeeswaram"}},{"type": "Feature", "geometry": {"type":"Point","coordinates":[80.2229117,12.9864532]}, "properties": {"osm_id": 9370267243, "osm_type": "nodes", "public_transport": "platform", "highway": "bus_stop", "bus": "yes", "shelter": null, "operator": "Metropoliton Transport Corporation (Chennai) Ltd.", "name": "Gandhi Road"}},{"type": "Feature", "geometry": {"type":"Point","coordinates":[80.2181539,12.9873344]}, "properties": {"osm_id": 9554162872, "osm_type": "nodes", "public_transport": "platform", "highway": "bus_stop", "bus": "yes", "shelter": "yes", "operator": null, "name": "Erikkarai"}},{"type": "Feature", "geometry": {"type":"Point","coordinates":[80.2334748,12.981636]}, "properties": {"osm_id": 4358666333, "osm_type": "nodes", "public_transport": "stop_position", "highway": "bus_stop", "bus": "yes", "shelter": null, "operator": "MTC", "name": "Bharathi Nagar"}},{"type": "Feature", "geometry": {"type":"Point","coordinates":[80.233499,12.9816579]}, "properties": {"osm_id": 5631301114, "osm_type": "nodes", "public_transport": "platform", "highway": "bus_stop", "bus": "yes", "shelter": "yes", "operator": "MTC", "name": "Bharathi Nagar"}},{"type": "Feature", "geometry": {"type":"Point","coordinates":[80.2301226,12.9909124]}, "properties": {"osm_id": 5632367707, "osm_type": "nodes", "public_transport": "platform", "highway": "bus_stop", "bus": "yes", "shelter": "yes", "operator": null, "name": "Campus cafe"}},{"type": "Feature", "geometry": {"type":"Point","coordinates":[80.2332146,12.9867147]}, "properties": {"osm_id": 330780590, "osm_type": "nodes", "public_transport": "platform", "highway": "bus_stop", "bus": "yes", "shelter": "yes", "operator": null, "name": "Taramani Guest House"}},{"type": "Feature", "geometry": {"type":"Point","coordinates":[80.2192719,12.9712086]}, "properties": {"osm_id": 9402008106, "osm_type": "nodes", "public_transport": "platform", "highway": "bus_stop", "bus": "yes", "shelter": "yes", "operator": "Government of Tamil Nadu", "name": "Velachery Railway Station"}},{"type": "Feature", "geometry": {"type":"Point","coordinates":[80.1856076,12.9880075]}, "properties": {"osm_id": 308917111, "osm_type": "nodes", "public_transport": "platform", "highway": "bus_stop", "bus": "yes", "shelter": null, "operator": null, "name": "Pazhavanthangal Station"}},{"type": "Feature", "geometry": {"type":"Point","coordinates":[80.2330399,13.0477362]}, "properties": {"osm_id": 410293824, "osm_type": "nodes", "public_transport": "platform", "highway": "bus_stop", "bus": "yes", "shelter": null, "operator": null, "name": null}},{"type": "Feature", "geometry": {"type":"Point","coordinates":[80.2093455,13.0316093]}, "properties": {"osm_id": 11959593357, "osm_type": "nodes", "public_transport": "platform", "highway": "bus_stop", "bus": "yes", "shelter": null, "operator": null, "name": "BSNL"}},{"type": "Feature", "geometry": {"type":"Point","coordinates":[80.2206213,13.0363098]}, "properties": {"osm_id": 1952553763, "osm_type": "nodes", "public_transport": null, "highway": "bus_stop", "bus": "yes", "shelter": null, "operator": null, "name": "Postal Colony"}},{"type": "Feature", "geometry": {"type":"Point","coordinates":[80.2208949,13.0370153]}, "properties": {"osm_id": 1952555473, "osm_type": "nodes", "public_transport": "platform", "highway": "bus_stop", "bus": "yes", "shelter": null, "operator": null, "name": "Postal Colony"}},{"type": "Feature", "geometry": {"type":"Point","coordinates":[80.2306959,13.0407196]}, "properties": {"osm_id": 4417314190, "osm_type": "nodes", "public_transport": "platform", "highway": "bus_stop", "bus": "yes", "shelter": null, "operator": null, "name": "Doraiswamy Road"}},{"type": "Feature", "geometry": {"type":"Point","coordinates":[80.2321597,13.0408309]}, "properties": {"osm_id": 10308012376, "osm_type": "nodes", "public_transport": "platform", "highway": "bus_stop", "bus": "yes", "shelter": null, "operator": null, "name": "Thyagaraya Nagar"}},{"type": "Feature", "geometry": {"type":"Point","coordinates":[80.2122277,13.0342862]}, "properties": {"osm_id": 9412862313, "osm_type": "nodes", "public_transport": "platform", "highway": "bus_stop", "bus": "yes", "shelter": null, "operator": null, "name": "Ashok Pillar"}},{"type": "Feature", "geometry": {"type":"Point","coordinates":[80.225033,13.0155768]}, "properties": {"osm_id": 3264883515, "osm_type": "nodes", "public_transport": "platform", "highway": "bus_stop", "bus": "yes", "shelter": "yes", "operator": "Metropolitan Transport Corporation Chennai", "name": "சின்ன மலை Little Mount Metro"}},{"type": "Feature", "geometry": {"type":"Point","coordinates":[80.2066739,13.0243667]}, "properties": {"osm_id": 5228340704, "osm_type": "nodes", "public_transport": "platform", "highway": "bus_stop", "bus": "yes", "shelter": "yes", "operator": null, "name": "Kalaimagal Nagar"}},{"type": "Feature", "geometry": {"type":"Point","coordinates":[80.2297489,13.0254505]}, "properties": {"osm_id": 9514055816, "osm_type": "nodes", "public_transport": "platform", "highway": "bus_stop", "bus": "yes", "shelter": "yes", "operator": null, "name": "Todhunter Nagar"}},{"type": "Feature", "geometry": {"type":"Point","coordinates":[80.2367069,13.0074031]}, "properties": {"osm_id": 3263003853, "osm_type": "nodes", "public_transport": "platform", "highway": "bus_stop", "bus": "yes", "shelter": "yes", "operator": null, "name": "Gandhi Mandapam"}},{"type": "Feature", "geometry": {"type":"Point","coordinates":[80.2334438,13.0083174]}, "properties": {"osm_id": 3263017226, "osm_type": "nodes", "public_transport": "platform", "highway": "bus_stop", "bus": "yes", "shelter": "yes", "operator": null, "name": "Anna University"}},{"type": "Feature", "geometry": {"type":"Point","coordinates":[80.2262769,13.0221248]}, "properties": {"osm_id": 3263010049, "osm_type": "nodes", "public_transport": "platform", "highway": "bus_stop", "bus": "yes", "shelter": null, "operator": null, "name": "சைதாப்பேட்டை காவல் நிலையம்"}},{"type": "Feature", "geometry": {"type":"Point","coordinates":[80.2359191,12.9960586]}, "properties": {"osm_id": 4384979890, "osm_type": "nodes", "public_transport": "platform", "highway": "bus_stop", "bus": "yes", "shelter": null, "operator": "iITM Transport Cell", "name": null}},{"type": "Feature", "geometry": {"type":"Point","coordinates":[80.2343355,12.9939545]}, "properties": {"osm_id": 4384996591, "osm_type": "nodes", "public_transport": "platform", "highway": "bus_stop", "bus": "yes", "shelter": null, "operator": "IITM Transport Cell", "name": null}},{"type": "Feature", "geometry": {"type":"Point","coordinates":[80.1873829,13.1894981]}, "properties": {"osm_id": 11953087611, "osm_type": "nodes", "public_transport": "platform", "highway": "bus_stop", "bus": "yes", "shelter": null, "operator": null, "name": "Redhills Market"}},{"type": "Feature", "geometry": {"type":"Point","coordinates":[80.2459642,13.16683]}, "properties": {"osm_id": 978213017, "osm_type": "nodes", "public_transport": "platform", "highway": "bus_stop", "bus": "yes", "shelter": null, "operator": null, "name": "Mathur Gate"}},{"type": "Feature", "geometry": {"type":"Point","coordinates":[80.1326707,12.9752812]}, "properties": {"osm_id": 11197039984, "osm_type": "nodes", "public_transport": "platform", "highway": "bus_stop", "bus": "yes", "shelter": null, "operator": null, "name": "Pammal"}},{"type": "Feature", "geometry": {"type":"Point","coordinates":[80.1332916,12.9748777]}, "properties": {"osm_id": 9331499322, "osm_type": "nodes", "public_transport": "platform", "highway": "bus_stop", "bus": "yes", "shelter": null, "operator": null, "name": "Pammal Retta Pillayar"}},{"type": "Feature", "geometry": {"type":"Point","coordinates":[80.1292081,12.9807025]}, "properties": {"osm_id": 9331504032, "osm_type": "nodes", "public_transport": "platform", "highway": "bus_stop", "bus": "yes", "shelter": null, "operator": null, "name": "Anakaputhur High School"}},{"type": "Feature", "geometry": {"type":"Point","coordinates":[80.1329593,12.9226395]}, "properties": {"osm_id": 9402032629, "osm_type": "nodes", "public_transport": "platform", "highway": "bus_stop", "bus": "yes", "shelter": "no", "operator": "Government of Tamil Nadu", "name": "Aadhi Nagar"}},{"type": "Feature", "geometry": {"type":"Point","coordinates":[80.1711286,12.9197291]}, "properties": {"osm_id": 1693497698, "osm_type": "nodes", "public_transport": "platform", "highway": "bus_stop", "bus": "yes", "shelter": null, "operator": "Government of Tamil Nadu", "name": "Santhoshpuram"}},{"type": "Feature", "geometry": {"type":"Point","coordinates":[80.1677021,12.9208501]}, "properties": {"osm_id": 9402032624, "osm_type": "nodes", "public_transport": "platform", "highway": "bus_stop", "bus": "yes", "shelter": "yes", "operator": "Government of Tamil Nadu", "name": "Gowrivakkan"}},{"type": "Feature", "geometry": {"type":"Point","coordinates":[80.2139623,13.1299942]}, "properties": {"osm_id": 11953087582, "osm_type": "nodes", "public_transport": "platform", "highway": "bus_stop", "bus": "yes", "shelter": null, "operator": null, "name": "Kolathur Metro Water"}},{"type": "Feature", "geometry": {"type":"Point","coordinates":[80.0982247,12.9090099]}, "properties": {"osm_id": 7281748789, "osm_type": "nodes", "public_transport": "platform", "highway": "bus_stop", "bus": "yes", "shelter": "yes", "operator": null, "name": "பீர்க்கன்கரணை"}},{"type": "Feature", "geometry": {"type":"Point","coordinates":[80.0749991,12.913686]}, "properties": {"osm_id": 9859933034, "osm_type": "nodes", "public_transport": "platform", "highway": "bus_stop", "bus": "yes", "shelter": "yes", "operator": null, "name": "முடிச்சூர்"}},{"type": "Feature", "geometry": {"type":"Point","coordinates":[80.0743228,12.9141132]}, "properties": {"osm_id": 9859933039, "osm_type": "nodes", "public_transport": "platform", "highway": "bus_stop", "bus": "yes", "shelter": "yes", "operator": null, "name": "முடிச்சூர்"}},{"type": "Feature", "geometry": {"type":"Point","coordinates":[80.0892532,12.9822599]}, "properties": {"osm_id": 9858326510, "osm_type": "nodes", "public_transport": "platform", "highway": "bus_stop", "bus": "yes", "shelter": null, "operator": null, "name": "Kundrathur-Natham-Murugan Temple"}},{"type": "Feature", "geometry": {"type":"Point","coordinates":[80.0895921,12.9693872]}, "properties": {"osm_id": 9858326583, "osm_type": "nodes", "public_transport": "platform", "highway": "bus_stop", "bus": "yes", "shelter": null, "operator": null, "name": "Thirumudivakkam-SIDCO"}},{"type": "Feature", "geometry": {"type":"Point","coordinates":[80.0900585,12.982084]}, "properties": {"osm_id": 9859554104, "osm_type": "nodes", "public_transport": "platform", "highway": "bus_stop", "bus": "yes", "shelter": null, "operator": null, "name": "Kundrathur-Natham-Murugan Temple"}},{"type": "Feature", "geometry": {"type":"Point","coordinates":[80.1169355,12.9254158]}, "properties": {"osm_id": 442131985, "osm_type": "nodes", "public_transport": "platform", "highway": "bus_stop", "bus": "yes", "shelter": null, "operator": null, "name": "Tambaram Railway Station"}},{"type": "Feature", "geometry": {"type":"Point","coordinates":[79.2310198,13.2205774]}, "properties": {"osm_id": 11035214130, "osm_type": "nodes", "public_transport": "platform", "highway": "bus_stop", "bus": "yes", "shelter": null, "operator": null, "name": "Vepanjeri Bus Stop"}},{"type": "Feature", "geometry": {"type":"Point","coordinates":[79.2250408,13.1487401]}, "properties": {"osm_id": 11035214206, "osm_type": "nodes", "public_transport": "platform", "highway": "bus_stop", "bus": "yes", "shelter": null, "operator": null, "name": "Thangal Bus Stop"}},{"type": "Feature", "geometry": {"type":"Point","coordinates":[79.234567,12.9803198]}, "properties": {"osm_id": 6367890904, "osm_type": "nodes", "public_transport": "platform", "highway": "bus_stop", "bus": "yes", "shelter": null, "operator": null, "name": null}},{"type": "Feature", "geometry": {"type":"Point","coordinates":[79.2104528,13.029197]}, "properties": {"osm_id": 10268821434, "osm_type": "nodes", "public_transport": "platform", "highway": "bus_stop", "bus": "yes", "shelter": null, "operator": null, "name": "Thiruvalluvar University"}},{"type": "Feature", "geometry": {"type":"Point","coordinates":[79.1596033,13.45399]}, "properties": {"osm_id": 10857440113, "osm_type": "nodes", "public_transport": "platform", "highway": "bus_stop", "bus": "yes", "shelter": null, "operator": null, "name": "Nendragunta  Bus Stop"}},{"type": "Feature", "geometry": {"type":"Point","coordinates":[79.5104616,13.434562]}, "properties": {"osm_id": 11035214186, "osm_type": "nodes", "public_transport": "platform", "highway": "bus_stop", "bus": "yes", "shelter": null, "operator": null, "name": "Chinarajakuppam Bus Stop"}},{"type": "Feature", "geometry": {"type":"Point","coordinates":[80.2866699,13.0996879]}, "properties": {"osm_id": 2486226657, "osm_type": "nodes", "public_transport": "platform", "highway": "bus_stop", "bus": "yes", "shelter": null, "operator": null, "name": null}},{"type": "Feature", "geometry": {"type":"Point","coordinates":[80.21336,13.00809]}, "properties": {"osm_id": 5486499215, "osm_type": "nodes", "public_transport": "platform", "highway": "bus_stop", "bus": "yes", "shelter": "yes", "operator": null, "name": "Race Course (Guindy)"}},{"type": "Feature", "geometry": {"type":"Point","coordinates":[80.2131366,13.0080474]}, "properties": {"osm_id": 9920341495, "osm_type": "nodes", "public_transport": "platform", "highway": "bus_stop", "bus": "yes", "shelter": "no", "operator": null, "name": "Guindy Railway Station"}},{"type": "Feature", "geometry": {"type":"Point","coordinates":[80.2098628,13.007729]}, "properties": {"osm_id": 1007625852, "osm_type": "nodes", "public_transport": "platform", "highway": "bus_stop", "bus": "yes", "shelter": "no", "operator": null, "name": "Guindy"}},{"type": "Feature", "geometry": {"type":"Point","coordinates":[80.1566688,13.0345369]}, "properties": {"osm_id": 3264825906, "osm_type": "nodes", "public_transport": "platform", "highway": "bus_stop", "bus": "yes", "shelter": null, "operator": null, "name": "போரூர்"}},{"type": "Feature", "geometry": {"type":"Point","coordinates":[80.154217,13.0357914]}, "properties": {"osm_id": 3264869197, "osm_type": "nodes", "public_transport": null, "highway": "bus_stop", "bus": "yes", "shelter": null, "operator": null, "name": "சக்தி நகர்"}},{"type": "Feature", "geometry": {"type":"Point","coordinates":[80.135238,13.0381632]}, "properties": {"osm_id": 370969655, "osm_type": "nodes", "public_transport": null, "highway": "bus_stop", "bus": "yes", "shelter": "no", "operator": null, "name": "அய்யப்பன்தாங்கல்"}},{"type": "Feature", "geometry": {"type":"Point","coordinates":[80.1839683,13.0209667]}, "properties": {"osm_id": 3264878737, "osm_type": "nodes", "public_transport": "platform", "highway": "bus_stop", "bus": "yes", "shelter": "yes", "operator": null, "name": "Ramapuram"}},{"type": "Feature", "geometry": {"type":"Point","coordinates":[80.1970414,13.0072285]}, "properties": {"osm_id": 3264719879, "osm_type": "nodes", "public_transport": "platform", "highway": "bus_stop", "bus": "yes", "shelter": "yes", "operator": null, "name": "Butt Road"}},{"type": "Feature", "geometry": {"type":"Point","coordinates":[80.2119045,13.0350618]}, "properties": {"osm_id": 1024562407, "osm_type": "nodes", "public_transport": "platform", "highway": "bus_stop", "bus": "yes", "shelter": null, "operator": null, "name": "Ashok Pillar"}},{"type": "Feature", "geometry": {"type":"Point","coordinates":[80.1768338,13.0249393]}, "properties": {"osm_id": 370969700, "osm_type": "nodes", "public_transport": "platform", "highway": "bus_stop", "bus": "yes", "shelter": null, "operator": null, "name": "Moon lite"}},{"type": "Feature", "geometry": {"type":"Point","coordinates":[80.1430003,13.0365019]}, "properties": {"osm_id": 3264826261, "osm_type": "nodes", "public_transport": null, "highway": "bus_stop", "bus": "yes", "shelter": null, "operator": null, "name": "Ramachandra Hospital"}},{"type": "Feature", "geometry": {"type":"Point","coordinates":[80.1960093,13.001675]}, "properties": {"osm_id": 4221545249, "osm_type": "nodes", "public_transport": "platform", "highway": "bus_stop", "bus": "yes", "shelter": "yes", "operator": null, "name": null}},{"type": "Feature", "geometry": {"type":"Point","coordinates":[80.1960854,13.001732]}, "properties": {"osm_id": 4221545250, "osm_type": "nodes", "public_transport": "platform", "highway": "bus_stop", "bus": "yes", "shelter": "yes", "operator": null, "name": null}},{"type": "Feature", "geometry": {"type":"Point","coordinates":[80.1961615,13.0017833]}, "properties": {"osm_id": 4221545251, "osm_type": "nodes", "public_transport": "platform", "highway": "bus_stop", "bus": "yes", "shelter": "yes", "operator": null, "name": null}},{"type": "Feature", "geometry": {"type":"Point","coordinates":[80.1882967,12.9654012]}, "properties": {"osm_id": 9522345426, "osm_type": "nodes", "public_transport": "platform", "highway": "bus_stop", "bus": "yes", "shelter": "no", "operator": null, "name": "UTI Bank"}},{"type": "Feature", "geometry": {"type":"Point","coordinates":[80.1499095,12.990514]}, "properties": {"osm_id": 4666745989, "osm_type": "nodes", "public_transport": null, "highway": "bus_stop", "bus": "yes", "shelter": "no", "operator": null, "name": "கவுல் பஜார்"}},{"type": "Feature", "geometry": {"type":"Point","coordinates":[80.138054,12.9730257]}, "properties": {"osm_id": 3729730987, "osm_type": "nodes", "public_transport": "platform", "highway": "bus_stop", "bus": "yes", "shelter": "yes", "operator": null, "name": "Krishna Nagar"}},{"type": "Feature", "geometry": {"type":"Point","coordinates":[80.1385326,12.9727402]}, "properties": {"osm_id": 3729730986, "osm_type": "nodes", "public_transport": "platform", "highway": "bus_stop", "bus": "yes", "shelter": "yes", "operator": null, "name": "Krishna Nagar"}},{"type": "Feature", "geometry": {"type":"Point","coordinates":[80.1415393,12.9717802]}, "properties": {"osm_id": 3742401976, "osm_type": "nodes", "public_transport": "platform", "highway": "bus_stop", "bus": "yes", "shelter": null, "operator": null, "name": "Muthamizh Nagar"}},{"type": "Feature", "geometry": {"type":"Point","coordinates":[80.1352459,12.9744741]}, "properties": {"osm_id": 9331589294, "osm_type": "nodes", "public_transport": "platform", "highway": "bus_stop", "bus": "yes", "shelter": null, "operator": null, "name": "Pammal CSI church"}},{"type": "Feature", "geometry": {"type":"Point","coordinates":[80.1276737,12.9832993]}, "properties": {"osm_id": 11197039986, "osm_type": "nodes", "public_transport": "platform", "highway": "bus_stop", "bus": "yes", "shelter": null, "operator": null, "name": "Anakaputhur Amman Temple"}},{"type": "Feature", "geometry": {"type":"Point","coordinates":[80.1485336,12.9681668]}, "properties": {"osm_id": 3969967347, "osm_type": "nodes", "public_transport": "platform", "highway": "bus_stop", "bus": "yes", "shelter": null, "operator": null, "name": "Pallavaram"}},{"type": "Feature", "geometry": {"type":"Point","coordinates":[80.1915348,12.9725096]}, "properties": {"osm_id": 9417619429, "osm_type": "nodes", "public_transport": "platform", "highway": "bus_stop", "bus": "yes", "shelter": null, "operator": null, "name": "Kumaran Theater"}},{"type": "Feature", "geometry": {"type":"Point","coordinates":[80.1829123,12.9798333]}, "properties": {"osm_id": 9524666195, "osm_type": "nodes", "public_transport": "platform", "highway": "bus_stop", "bus": "yes", "shelter": null, "operator": null, "name": "Vetrivel Theatre"}},{"type": "Feature", "geometry": {"type":"Point","coordinates":[80.2073255,12.9977774]}, "properties": {"osm_id": 9514055810, "osm_type": "nodes", "public_transport": "platform", "highway": "bus_stop", "bus": "yes", "shelter": "yes", "operator": null, "name": "Mahalakshmi Colony"}},{"type": "Feature", "geometry": {"type":"Point","coordinates":[80.1917198,12.9827924]}, "properties": {"osm_id": 9514055814, "osm_type": "nodes", "public_transport": "platform", "highway": "bus_stop", "bus": "yes", "shelter": null, "operator": null, "name": "Pillayar Koil"}},{"type": "Feature", "geometry": {"type":"Point","coordinates":[80.1885663,12.9661338]}, "properties": {"osm_id": 310592291, "osm_type": "nodes", "public_transport": "platform", "highway": "bus_stop", "bus": "yes", "shelter": "no", "operator": null, "name": "Axis bank"}},{"type": "Feature", "geometry": {"type":"Point","coordinates":[80.1914521,12.9726563]}, "properties": {"osm_id": 9368655291, "osm_type": "nodes", "public_transport": "platform", "highway": "bus_stop", "bus": "yes", "shelter": null, "operator": "MTC", "name": "Kumaran Theater"}},{"type": "Feature", "geometry": {"type":"Point","coordinates":[80.200193,12.9946395]}, "properties": {"osm_id": 279150540, "osm_type": "nodes", "public_transport": "platform", "highway": "bus_stop", "bus": "yes", "shelter": null, "operator": null, "name": "பரங்கிமலை ரயில் நிலையம்"}},{"type": "Feature", "geometry": {"type":"Point","coordinates":[80.2033552,12.9738315]}, "properties": {"osm_id": 402292542, "osm_type": "nodes", "public_transport": "platform", "highway": "bus_stop", "bus": "yes", "shelter": null, "operator": null, "name": "Puzhithivakkam"}},{"type": "Feature", "geometry": {"type":"Point","coordinates":[79.1505275,13.2215517]}, "properties": {"osm_id": 11035214133, "osm_type": "nodes", "public_transport": "platform", "highway": "bus_stop", "bus": "yes", "shelter": null, "operator": null, "name": "Thana Checkpost Bus Stop"}},{"type": "Feature", "geometry": {"type":"Point","coordinates":[79.1716526,12.9669331]}, "properties": {"osm_id": 6367812229, "osm_type": "nodes", "public_transport": "platform", "highway": "bus_stop", "bus": "yes", "shelter": null, "operator": null, "name": null}},{"type": "Feature", "geometry": {"type":"Point","coordinates":[79.1414844,12.9501552]}, "properties": {"osm_id": 6367890908, "osm_type": "nodes", "public_transport": "platform", "highway": "bus_stop", "bus": "yes", "shelter": null, "operator": null, "name": null}},{"type": "Feature", "geometry": {"type":"Point","coordinates":[79.1359412,13.0500625]}, "properties": {"osm_id": 9457826677, "osm_type": "nodes", "public_transport": "platform", "highway": "bus_stop", "bus": "yes", "shelter": null, "operator": null, "name": "Palloor Vlr To Ctr Bus Stop"}},{"type": "Feature", "geometry": {"type":"Point","coordinates":[79.1603327,13.4529799]}, "properties": {"osm_id": 10857440115, "osm_type": "nodes", "public_transport": "platform", "highway": "bus_stop", "bus": "yes", "shelter": null, "operator": null, "name": "Nendragunta  Bpass Bus Stop"}},{"type": "Feature", "geometry": {"type":"Point","coordinates":[80.2760763,13.1039058]}, "properties": {"osm_id": 11502813606, "osm_type": "nodes", "public_transport": "platform", "highway": "bus_stop", "bus": "yes", "shelter": null, "operator": null, "name": "Mint New Bus Stop"}},{"type": "Feature", "geometry": {"type":"Point","coordinates":[80.1986536,13.119438]}, "properties": {"osm_id": 5624538882, "osm_type": "nodes", "public_transport": "platform", "highway": "bus_stop", "bus": "yes", "shelter": "yes", "operator": null, "name": "DRJ Hospital Bus stop"}},{"type": "Feature", "geometry": {"type":"Point","coordinates":[80.2706743,13.102301]}, "properties": {"osm_id": 2495414567, "osm_type": "nodes", "public_transport": "platform", "highway": "bus_stop", "bus": null, "shelter": null, "operator": null, "name": "பேசின் பிரிட்ஜ்"}},{"type": "Feature", "geometry": {"type":"Point","coordinates":[80.2738432,13.103936]}, "properties": {"osm_id": 10893145245, "osm_type": "nodes", "public_transport": "platform", "highway": "bus_stop", "bus": "yes", "shelter": null, "operator": null, "name": "Moolakkothanam"}},{"type": "Feature", "geometry": {"type":"Point","coordinates":[80.250519,13.1062169]}, "properties": {"osm_id": 3216958497, "osm_type": "nodes", "public_transport": "platform", "highway": "bus_stop", "bus": "yes", "shelter": null, "operator": null, "name": "Jamalia"}},{"type": "Feature", "geometry": {"type":"Point","coordinates":[80.2509794,13.0936235]}, "properties": {"osm_id": 3216986182, "osm_type": "nodes", "public_transport": "platform", "highway": "bus_stop", "bus": "yes", "shelter": null, "operator": null, "name": "Saravana Theatre"}},{"type": "Feature", "geometry": {"type":"Point","coordinates":[80.2514514,13.0972157]}, "properties": {"osm_id": 3216985354, "osm_type": "nodes", "public_transport": "platform", "highway": "bus_stop", "bus": "yes", "shelter": null, "operator": null, "name": "Otteri"}},{"type": "Feature", "geometry": {"type":"Point","coordinates":[80.239926,13.0977818]}, "properties": {"osm_id": 618609725, "osm_type": "nodes", "public_transport": null, "highway": "bus_stop", "bus": null, "shelter": null, "operator": null, "name": "Sayani"}},{"type": "Feature", "geometry": {"type":"Point","coordinates":[80.2867926,13.1088932]}, "properties": {"osm_id": 4788407922, "osm_type": "nodes", "public_transport": "platform", "highway": "bus_stop", "bus": "yes", "shelter": null, "operator": null, "name": null}},{"type": "Feature", "geometry": {"type":"Point","coordinates":[79.4230606,13.1177414]}, "properties": {"osm_id": 11035214219, "osm_type": "nodes", "public_transport": "platform", "highway": "bus_stop", "bus": "yes", "shelter": null, "operator": null, "name": "Sholighur X Roads Bus Stop"}},{"type": "Feature", "geometry": {"type":"Point","coordinates":[79.3673448,13.1138819]}, "properties": {"osm_id": 7203595388, "osm_type": "nodes", "public_transport": null, "highway": "bus_stop", "bus": null, "shelter": null, "operator": null, "name": null}},{"type": "Feature", "geometry": {"type":"Point","coordinates":[80.2067223,13.1139224]}, "properties": {"osm_id": 12188084882, "osm_type": "nodes", "public_transport": "platform", "highway": "bus_stop", "bus": "yes", "shelter": null, "operator": null, "name": "Ilankali amman koil"}},{"type": "Feature", "geometry": {"type":"Point","coordinates":[80.2068779,13.1139119]}, "properties": {"osm_id": 12188084883, "osm_type": "nodes", "public_transport": "platform", "highway": "bus_stop", "bus": "yes", "shelter": null, "operator": null, "name": "Ilankali amman koil"}},{"type": "Feature", "geometry": {"type":"Point","coordinates":[80.2006237,13.0692689]}, "properties": {"osm_id": 401880712, "osm_type": "nodes", "public_transport": "platform", "highway": "bus_stop", "bus": "yes", "shelter": null, "operator": null, "name": "Koyambedu Market"}},{"type": "Feature", "geometry": {"type":"Point","coordinates":[80.1983699,13.082197]}, "properties": {"osm_id": 5320093328, "osm_type": "nodes", "public_transport": "platform", "highway": "bus_stop", "bus": "yes", "shelter": "yes", "operator": "Metropolitan Transport Corporation (Chennai) Ltd.", "name": "CPWD Quarters Bus Stop"}},{"type": "Feature", "geometry": {"type":"Point","coordinates":[80.194058,13.0573428]}, "properties": {"osm_id": 595702075, "osm_type": "nodes", "public_transport": "platform", "highway": "bus_stop", "bus": "yes", "shelter": null, "operator": null, "name": "Natesa Nagar"}},{"type": "Feature", "geometry": {"type":"Point","coordinates":[80.2118818,13.0847224]}, "properties": {"osm_id": 5338616524, "osm_type": "nodes", "public_transport": "platform", "highway": "bus_stop", "bus": "yes", "shelter": null, "operator": null, "name": "Ayyappan Kovil"}},{"type": "Feature", "geometry": {"type":"Point","coordinates":[80.2107409,13.1022099]}, "properties": {"osm_id": 5338598421, "osm_type": "nodes", "public_transport": "platform", "highway": "bus_stop", "bus": "yes", "shelter": null, "operator": null, "name": "Kallukadai Stop"}},{"type": "Feature", "geometry": {"type":"Point","coordinates":[80.2061553,13.1080663]}, "properties": {"osm_id": 5338516190, "osm_type": "nodes", "public_transport": "platform", "highway": "bus_stop", "bus": "yes", "shelter": null, "operator": null, "name": "South Redhills Road Market"}},{"type": "Feature", "geometry": {"type":"Point","coordinates":[80.1135717,13.0565716]}, "properties": {"osm_id": 11454501196, "osm_type": "nodes", "public_transport": "platform", "highway": "bus_stop", "bus": "yes", "shelter": null, "operator": null, "name": null}},{"type": "Feature", "geometry": {"type":"Point","coordinates":[80.1526301,13.1049651]}, "properties": {"osm_id": 7869208199, "osm_type": "nodes", "public_transport": "platform", "highway": "bus_stop", "bus": "yes", "shelter": null, "operator": null, "name": "Dunlop"}},{"type": "Feature", "geometry": {"type":"Point","coordinates":[80.1993985,13.0744576]}, "properties": {"osm_id": 11959664546, "osm_type": "nodes", "public_transport": "platform", "highway": "bus_stop", "bus": "yes", "shelter": "yes", "operator": null, "name": "Koyambedu"}},{"type": "Feature", "geometry": {"type":"Point","coordinates":[80.1985353,13.0949675]}, "properties": {"osm_id": 10291068730, "osm_type": "nodes", "public_transport": "platform", "highway": "bus_stop", "bus": "yes", "shelter": null, "operator": null, "name": "Annanagar"}},{"type": "Feature", "geometry": {"type":"Point","coordinates":[80.1912316,13.0154329]}, "properties": {"osm_id": 6367914551, "osm_type": "nodes", "public_transport": "platform", "highway": "bus_stop", "bus": "yes", "shelter": null, "operator": null, "name": null}},{"type": "Feature", "geometry": {"type":"Point","coordinates":[80.1637329,13.0322785]}, "properties": {"osm_id": 370969686, "osm_type": "nodes", "public_transport": "platform", "highway": "bus_stop", "bus": "yes", "shelter": null, "operator": null, "name": null}},{"type": "Feature", "geometry": {"type":"Point","coordinates":[80.1892332,13.0166571]}, "properties": {"osm_id": 365957307, "osm_type": "nodes", "public_transport": "platform", "highway": "bus_stop", "bus": "yes", "shelter": "yes", "operator": null, "name": "Nandambakkam"}},{"type": "Feature", "geometry": {"type":"Point","coordinates":[80.1964198,13.0373344]}, "properties": {"osm_id": 1015581126, "osm_type": "nodes", "public_transport": "platform", "highway": "bus_stop", "bus": "yes", "shelter": null, "operator": null, "name": "Ajantha"}},{"type": "Feature", "geometry": {"type":"Point","coordinates":[80.1768125,13.0246916]}, "properties": {"osm_id": 370969702, "osm_type": "nodes", "public_transport": "platform", "highway": "bus_stop", "bus": "yes", "shelter": null, "operator": null, "name": "Moon lite"}},{"type": "Feature", "geometry": {"type":"Point","coordinates":[80.2042343,13.0544382]}, "properties": {"osm_id": 459633603, "osm_type": "nodes", "public_transport": "platform", "highway": "bus_stop", "bus": "yes", "shelter": null, "operator": null, "name": null}},{"type": "Feature", "geometry": {"type":"Point","coordinates":[80.1817554,13.0312474]}, "properties": {"osm_id": 1015572322, "osm_type": "nodes", "public_transport": "platform", "highway": "bus_stop", "bus": "yes", "shelter": null, "operator": null, "name": "St. Johns School Bus stop"}},{"type": "Feature", "geometry": {"type":"Point","coordinates":[80.1767049,13.0250276]}, "properties": {"osm_id": 3264878136, "osm_type": "nodes", "public_transport": "platform", "highway": "bus_stop", "bus": "yes", "shelter": null, "operator": null, "name": "Moon lite"}},{"type": "Feature", "geometry": {"type":"Point","coordinates":[79.3339574,13.1918601]}, "properties": {"osm_id": 11035179582, "osm_type": "nodes", "public_transport": "platform", "highway": "bus_stop", "bus": "yes", "shelter": null, "operator": null, "name": "Lakshminarasimhapuram  Bus Stop"}},{"type": "Feature", "geometry": {"type":"Point","coordinates":[79.4202177,13.1110643]}, "properties": {"osm_id": 11035214218, "osm_type": "nodes", "public_transport": "platform", "highway": "bus_stop", "bus": "yes", "shelter": null, "operator": null, "name": "Sholinghur Bus Stand"}},{"type": "Feature", "geometry": {"type":"Point","coordinates":[80.2490952,12.9966477]}, "properties": {"osm_id": 1183430572, "osm_type": "nodes", "public_transport": "platform", "highway": "bus_stop", "bus": "yes", "shelter": "yes", "operator": "MTC", "name": "Women's polytechnic"}},{"type": "Feature", "geometry": {"type":"Point","coordinates":[80.2596367,12.9853009]}, "properties": {"osm_id": 318066696, "osm_type": "nodes", "public_transport": "stop_position", "highway": "bus_stop", "bus": "yes", "shelter": null, "operator": null, "name": "Marudeeswarar Temple"}},{"type": "Feature", "geometry": {"type":"Point","coordinates":[80.2597253,12.9858076]}, "properties": {"osm_id": 318069500, "osm_type": "nodes", "public_transport": "stop_position", "highway": "bus_stop", "bus": "yes", "shelter": null, "operator": null, "name": "Thiruvanmiyur ECR Moffusil Bus stop"}},{"type": "Feature", "geometry": {"type":"Point","coordinates":[80.2502408,12.9729954]}, "properties": {"osm_id": 7412854052, "osm_type": "nodes", "public_transport": "stop_position", "highway": "bus_stop", "bus": "yes", "shelter": null, "operator": "Metropolitan Transport Corporation (Chennai) Ltd.", "name": "IGP"}},{"type": "Feature", "geometry": {"type":"Point","coordinates":[80.2402119,13.0026838]}, "properties": {"osm_id": 4384995092, "osm_type": "nodes", "public_transport": "platform", "highway": "bus_stop", "bus": "yes", "shelter": "yes", "operator": null, "name": null}},{"type": "Feature", "geometry": {"type":"Point","coordinates":[80.2400679,13.0025534]}, "properties": {"osm_id": 4385019891, "osm_type": "nodes", "public_transport": "platform", "highway": "bus_stop", "bus": "yes", "shelter": "yes", "operator": null, "name": null}},{"type": "Feature", "geometry": {"type":"Point","coordinates":[80.2394049,12.999126]}, "properties": {"osm_id": 4384940992, "osm_type": "nodes", "public_transport": "platform", "highway": "bus_stop", "bus": "yes", "shelter": "yes", "operator": "IITM Transport Cell", "name": null}},{"type": "Feature", "geometry": {"type":"Point","coordinates":[80.259059,12.9766865]}, "properties": {"osm_id": 3247310920, "osm_type": "nodes", "public_transport": "platform", "highway": "bus_stop", "bus": "yes", "shelter": "yes", "operator": null, "name": "Thiruvanmiyur RTO"}},{"type": "Feature", "geometry": {"type":"Point","coordinates":[80.2592029,12.976764]}, "properties": {"osm_id": 5332440110, "osm_type": "nodes", "public_transport": "platform", "highway": "bus_stop", "bus": "yes", "shelter": "yes", "operator": null, "name": "Thiruvanmiyur RTO"}},{"type": "Feature", "geometry": {"type":"Point","coordinates":[80.2561546,12.9984686]}, "properties": {"osm_id": 2587530808, "osm_type": "nodes", "public_transport": "platform", "highway": "bus_stop", "bus": "yes", "shelter": null, "operator": null, "name": "Adyar Depot"}},{"type": "Feature", "geometry": {"type":"Point","coordinates":[80.244571,12.9861778]}, "properties": {"osm_id": 1676204843, "osm_type": "nodes", "public_transport": "platform", "highway": "bus_stop", "bus": "yes", "shelter": null, "operator": null, "name": "Tech Park"}},{"type": "Feature", "geometry": {"type":"Point","coordinates":[80.2502837,12.9863453]}, "properties": {"osm_id": 1676204850, "osm_type": "nodes", "public_transport": "platform", "highway": "bus_stop", "bus": "yes", "shelter": null, "operator": null, "name": "Spastic Society"}},{"type": "Feature", "geometry": {"type":"Point","coordinates":[80.2524814,12.983168]}, "properties": {"osm_id": 9370524481, "osm_type": "nodes", "public_transport": "platform", "highway": "bus_stop", "bus": "yes", "shelter": null, "operator": null, "name": "National Institute of Fashion Technology (N.I.F.T)"}},{"type": "Feature", "geometry": {"type":"Point","coordinates":[80.2528353,12.9794944]}, "properties": {"osm_id": 1457114954, "osm_type": "nodes", "public_transport": "platform", "highway": "bus_stop", "bus": "yes", "shelter": null, "operator": null, "name": "SRP Tools"}},{"type": "Feature", "geometry": {"type":"Point","coordinates":[80.2583912,13.0069536]}, "properties": {"osm_id": 5631301100, "osm_type": "nodes", "public_transport": "platform", "highway": "bus_stop", "bus": "yes", "shelter": null, "operator": null, "name": "Malar Hospital"}},{"type": "Feature", "geometry": {"type":"Point","coordinates":[80.2586412,13.0070713]}, "properties": {"osm_id": 3217004899, "osm_type": "nodes", "public_transport": "platform", "highway": "bus_stop", "bus": "yes", "shelter": null, "operator": null, "name": "Adyar Signal"}},{"type": "Feature", "geometry": {"type":"Point","coordinates":[80.2594959,12.9850797]}, "properties": {"osm_id": 3247310921, "osm_type": "nodes", "public_transport": "platform", "highway": "bus_stop", "bus": "yes", "shelter": null, "operator": null, "name": "Marundeeswarar Temple"}},{"type": "Feature", "geometry": {"type":"Point","coordinates":[80.2528146,12.9384549]}, "properties": {"osm_id": 3247421162, "osm_type": "nodes", "public_transport": "platform", "highway": "bus_stop", "bus": "yes", "shelter": null, "operator": null, "name": "Saibaba"}},{"type": "Feature", "geometry": {"type":"Point","coordinates":[80.2503942,12.9140134]}, "properties": {"osm_id": 3258044158, "osm_type": "nodes", "public_transport": "platform", "highway": "bus_stop", "bus": "yes", "shelter": null, "operator": null, "name": "Water Tank"}},{"type": "Feature", "geometry": {"type":"Point","coordinates":[80.2503116,12.9148864]}, "properties": {"osm_id": 3261264219, "osm_type": "nodes", "public_transport": "platform", "highway": "bus_stop", "bus": "yes", "shelter": null, "operator": null, "name": "Water Tank"}},{"type": "Feature", "geometry": {"type":"Point","coordinates":[80.2526055,12.9384795]}, "properties": {"osm_id": 3262960162, "osm_type": "nodes", "public_transport": "platform", "highway": "bus_stop", "bus": "yes", "shelter": null, "operator": null, "name": "Saibaba"}},{"type": "Feature", "geometry": {"type":"Point","coordinates":[80.2533063,12.9420294]}, "properties": {"osm_id": 5332423915, "osm_type": "nodes", "public_transport": null, "highway": "bus_stop", "bus": "yes", "shelter": null, "operator": null, "name": "Buhari Hotel Bus Stop"}},{"type": "Feature", "geometry": {"type":"Point","coordinates":[80.2482764,12.9669208]}, "properties": {"osm_id": 1457114931, "osm_type": "nodes", "public_transport": "platform", "highway": "bus_stop", "bus": "yes", "shelter": null, "operator": null, "name": "Kandanchavadi"}},{"type": "Feature", "geometry": {"type":"Point","coordinates":[80.2396626,12.945991]}, "properties": {"osm_id": 2082925106, "osm_type": "nodes", "public_transport": "platform", "highway": null, "bus": "yes", "shelter": null, "operator": null, "name": "D. B Jain College"}},{"type": "Feature", "geometry": {"type":"Point","coordinates":[80.2562079,12.9612601]}, "properties": {"osm_id": 3262998692, "osm_type": "nodes", "public_transport": "platform", "highway": "bus_stop", "bus": "yes", "shelter": null, "operator": null, "name": "Pallavakkam"}},{"type": "Feature", "geometry": {"type":"Point","coordinates":[79.1374884,12.9662552]}, "properties": {"osm_id": 10980515215, "osm_type": "nodes", "public_transport": "platform", "highway": "bus_stop", "bus": "yes", "shelter": null, "operator": null, "name": null}},{"type": "Feature", "geometry": {"type":"Point","coordinates":[79.1369654,12.9468759]}, "properties": {"osm_id": 4693434966, "osm_type": "nodes", "public_transport": "platform", "highway": "bus_stop", "bus": "yes", "shelter": null, "operator": null, "name": "Kangeyanallur road"}},{"type": "Feature", "geometry": {"type":"Point","coordinates":[79.1367394,12.9451347]}, "properties": {"osm_id": 6367892592, "osm_type": "nodes", "public_transport": "platform", "highway": "bus_stop", "bus": "yes", "shelter": null, "operator": null, "name": null}},{"type": "Feature", "geometry": {"type":"Point","coordinates":[80.2148572,13.0498765]}, "properties": {"osm_id": 595706156, "osm_type": "nodes", "public_transport": "platform", "highway": "bus_stop", "bus": "yes", "shelter": null, "operator": null, "name": "Vadapalani Koil bus stop"}},{"type": "Feature", "geometry": {"type":"Point","coordinates":[80.2446808,13.0627272]}, "properties": {"osm_id": 309323593, "osm_type": "nodes", "public_transport": "platform", "highway": "bus_stop", "bus": "yes", "shelter": null, "operator": null, "name": null}},{"type": "Feature", "geometry": {"type":"Point","coordinates":[80.2588399,13.0386195]}, "properties": {"osm_id": 343721497, "osm_type": "nodes", "public_transport": "stop_position", "highway": "bus_stop", "bus": "yes", "shelter": "yes", "operator": null, "name": "ஆழ்வார் பேட்டை"}},{"type": "Feature", "geometry": {"type":"Point","coordinates":[80.1969623,13.0073386]}, "properties": {"osm_id": 391823888, "osm_type": "nodes", "public_transport": "stop_position", "highway": "bus_stop", "bus": "yes", "shelter": null, "operator": null, "name": "Butt Road"}},{"type": "Feature", "geometry": {"type":"Point","coordinates":[80.199263,13.041139]}, "properties": {"osm_id": 1015577154, "osm_type": "nodes", "public_transport": "platform", "highway": "bus_stop", "bus": "yes", "shelter": null, "operator": null, "name": "PSBB School"}},{"type": "Feature", "geometry": {"type":"Point","coordinates":[80.2050136,13.0407523]}, "properties": {"osm_id": 1015583945, "osm_type": "nodes", "public_transport": "platform", "highway": "bus_stop", "bus": "yes", "shelter": null, "operator": null, "name": "Pilliayar Koil"}},{"type": "Feature", "geometry": {"type":"Point","coordinates":[80.1945516,13.0576459]}, "properties": {"osm_id": 595702076, "osm_type": "nodes", "public_transport": "platform", "highway": "bus_stop", "bus": "yes", "shelter": null, "operator": null, "name": "Natesa Nagar"}},{"type": "Feature", "geometry": {"type":"Point","coordinates":[80.1651227,13.0383858]}, "properties": {"osm_id": 2072482089, "osm_type": "nodes", "public_transport": "platform", "highway": "bus_stop", "bus": "yes", "shelter": null, "operator": null, "name": "Lakshmi Nagar"}},{"type": "Feature", "geometry": {"type":"Point","coordinates":[80.1931123,13.0397523]}, "properties": {"osm_id": 9084570182, "osm_type": "nodes", "public_transport": "platform", "highway": "bus_stop", "bus": "yes", "shelter": "no", "operator": null, "name": "Amutham"}},{"type": "Feature", "geometry": {"type":"Point","coordinates":[80.2648393,13.0447018]}, "properties": {"osm_id": 3216998093, "osm_type": "nodes", "public_transport": "platform", "highway": "bus_stop", "bus": "yes", "shelter": null, "operator": null, "name": "Woodlands"}},{"type": "Feature", "geometry": {"type":"Point","coordinates":[80.2597715,13.0440218]}, "properties": {"osm_id": 1685049528, "osm_type": "nodes", "public_transport": "platform", "highway": "bus_stop", "bus": "yes", "shelter": null, "operator": null, "name": "C.I.T. Colony"}},{"type": "Feature", "geometry": {"type":"Point","coordinates":[80.2548953,13.0356479]}, "properties": {"osm_id": 7412932328, "osm_type": "nodes", "public_transport": "stop_position", "highway": "bus_stop", "bus": "yes", "shelter": null, "operator": "MTC", "name": "ஆழ்வார் பேட்டை"}},{"type": "Feature", "geometry": {"type":"Point","coordinates":[80.2561629,13.0374839]}, "properties": {"osm_id": 418116045, "osm_type": "nodes", "public_transport": "platform", "highway": "bus_stop", "bus": "yes", "shelter": "yes", "operator": null, "name": "ஆழ்வார் பேட்டை"}},{"type": "Feature", "geometry": {"type":"Point","coordinates":[80.2587935,13.0386017]}, "properties": {"osm_id": 5631301112, "osm_type": "nodes", "public_transport": "platform", "highway": "bus_stop", "bus": "yes", "shelter": "yes", "operator": null, "name": "ஆழ்வார் பேட்டை"}},{"type": "Feature", "geometry": {"type":"Point","coordinates":[80.2649869,13.057111]}, "properties": {"osm_id": 1311558791, "osm_type": "nodes", "public_transport": "platform", "highway": "bus_stop", "bus": "yes", "shelter": null, "operator": null, "name": "Woodlands Theatre / Wesley school"}},{"type": "Feature", "geometry": {"type":"Point","coordinates":[80.2247636,13.0412747]}, "properties": {"osm_id": 3724408109, "osm_type": "nodes", "public_transport": "platform", "highway": "bus_stop", "bus": "yes", "shelter": null, "operator": null, "name": "Thambiah Road"}},{"type": "Feature", "geometry": {"type":"Point","coordinates":[80.2627298,13.0202685]}, "properties": {"osm_id": 3215420255, "osm_type": "nodes", "public_transport": null, "highway": "bus_stop", "bus": "yes", "shelter": null, "operator": null, "name": "Rani Meyammai School"}},{"type": "Feature", "geometry": {"type":"Point","coordinates":[80.0615791,13.0427079]}, "properties": {"osm_id": 3264840298, "osm_type": "nodes", "public_transport": null, "highway": "bus_stop", "bus": "yes", "shelter": null, "operator": null, "name": "Ambedkar Nagar"}},{"type": "Feature", "geometry": {"type":"Point","coordinates":[80.2681148,13.041983]}, "properties": {"osm_id": 2485153597, "osm_type": "nodes", "public_transport": "platform", "highway": "bus_stop", "bus": "yes", "shelter": null, "operator": null, "name": null}},{"type": "Feature", "geometry": {"type":"Point","coordinates":[80.2198196,13.0244589]}, "properties": {"osm_id": 2239237792, "osm_type": "nodes", "public_transport": "platform", "highway": "bus_stop", "bus": "yes", "shelter": null, "operator": null, "name": "West Saidapet"}},{"type": "Feature", "geometry": {"type":"Point","coordinates":[80.2305198,13.0666287]}, "properties": {"osm_id": 7869148874, "osm_type": "nodes", "public_transport": "platform", "highway": "bus_stop", "bus": "yes", "shelter": null, "operator": null, "name": "Choolaimedu"}},{"type": "Feature", "geometry": {"type":"Point","coordinates":[80.2526129,13.0501996]}, "properties": {"osm_id": 3216994236, "osm_type": "nodes", "public_transport": "platform", "highway": "bus_stop", "bus": "yes", "shelter": null, "operator": null, "name": "Semozhi Poonga"}},{"type": "Feature", "geometry": {"type":"Point","coordinates":[80.2486265,13.0679286]}, "properties": {"osm_id": 4421948893, "osm_type": "nodes", "public_transport": "platform", "highway": "bus_stop", "bus": "yes", "shelter": null, "operator": null, "name": null}},{"type": "Feature", "geometry": {"type":"Point","coordinates":[79.2522166,13.090078]}, "properties": {"osm_id": 7202272891, "osm_type": "nodes", "public_transport": null, "highway": "bus_stop", "bus": null, "shelter": null, "operator": null, "name": null}},{"type": "Feature", "geometry": {"type":"Point","coordinates":[80.2403201,12.8256677]}, "properties": {"osm_id": 3258059445, "osm_type": "nodes", "public_transport": "platform", "highway": "bus_stop", "bus": "yes", "shelter": null, "operator": null, "name": "MGM"}},{"type": "Feature", "geometry": {"type":"Point","coordinates":[80.245161,12.7849148]}, "properties": {"osm_id": 3259350074, "osm_type": "nodes", "public_transport": "platform", "highway": "bus_stop", "bus": "yes", "shelter": null, "operator": null, "name": "Kovalam Bye pass"}},{"type": "Feature", "geometry": {"type":"Point","coordinates":[80.2491347,12.7867733]}, "properties": {"osm_id": 3261251829, "osm_type": "nodes", "public_transport": "platform", "highway": "bus_stop", "bus": "yes", "shelter": null, "operator": null, "name": "Kovalam"}},{"type": "Feature", "geometry": {"type":"Point","coordinates":[80.2430098,12.8062686]}, "properties": {"osm_id": 3261253463, "osm_type": "nodes", "public_transport": "platform", "highway": "bus_stop", "bus": "yes", "shelter": null, "operator": null, "name": "Boat House"}},{"type": "Feature", "geometry": {"type":"Point","coordinates":[80.2402648,12.8238587]}, "properties": {"osm_id": 7170102888, "osm_type": "nodes", "public_transport": "platform", "highway": "bus_stop", "bus": "yes", "shelter": null, "operator": null, "name": "Muttukaadu"}},{"type": "Feature", "geometry": {"type":"Point","coordinates":[80.2425393,12.8128867]}, "properties": {"osm_id": 7765336946, "osm_type": "nodes", "public_transport": "platform", "highway": "bus_stop", "bus": "yes", "shelter": null, "operator": null, "name": "School for Physically Challenged"}},{"type": "Feature", "geometry": {"type":"Point","coordinates":[80.2423362,12.8127494]}, "properties": {"osm_id": 7765336956, "osm_type": "nodes", "public_transport": "platform", "highway": "bus_stop", "bus": "yes", "shelter": null, "operator": null, "name": null}},{"type": "Feature", "geometry": {"type":"Point","coordinates":[80.2405603,12.8416654]}, "properties": {"osm_id": 3261257465, "osm_type": "nodes", "public_transport": null, "highway": "bus_stop", "bus": null, "shelter": null, "operator": null, "name": "Meera Nagar"}},{"type": "Feature", "geometry": {"type":"Point","coordinates":[80.0740504,12.8629155]}, "properties": {"osm_id": 4158845697, "osm_type": "nodes", "public_transport": "platform", "highway": "bus_stop", "bus": "yes", "shelter": null, "operator": null, "name": "Tea Kadai"}},{"type": "Feature", "geometry": {"type":"Point","coordinates":[79.4883114,13.4339177]}, "properties": {"osm_id": 3115112472, "osm_type": "nodes", "public_transport": "platform", "highway": "bus_stop", "bus": "yes", "shelter": null, "operator": null, "name": "Forest Tana"}},{"type": "Feature", "geometry": {"type":"Point","coordinates":[79.4180511,13.3652888]}, "properties": {"osm_id": 11035214159, "osm_type": "nodes", "public_transport": "platform", "highway": "bus_stop", "bus": "yes", "shelter": null, "operator": null, "name": "Annur Bus Stop"}},{"type": "Feature", "geometry": {"type":"Point","coordinates":[79.4470077,13.4218974]}, "properties": {"osm_id": 11035214169, "osm_type": "nodes", "public_transport": "platform", "highway": "bus_stop", "bus": "yes", "shelter": null, "operator": null, "name": "Karvetinagar Bus Stop"}},{"type": "Feature", "geometry": {"type":"Point","coordinates":[80.096898,13.1170247]}, "properties": {"osm_id": 1185692895, "osm_type": "nodes", "public_transport": "platform", "highway": "bus_stop", "bus": "yes", "shelter": "yes", "operator": null, "name": "Ramarathna"}},{"type": "Feature", "geometry": {"type":"Point","coordinates":[80.1062634,13.1160521]}, "properties": {"osm_id": 1185703062, "osm_type": "nodes", "public_transport": null, "highway": "bus_stop", "bus": "yes", "shelter": null, "operator": null, "name": "Avadi Market"}},{"type": "Feature", "geometry": {"type":"Point","coordinates":[80.1005673,13.1167524]}, "properties": {"osm_id": 11195612557, "osm_type": "nodes", "public_transport": "platform", "highway": "bus_stop", "bus": "yes", "shelter": null, "operator": null, "name": "Kannigapuram"}},{"type": "Feature", "geometry": {"type":"Point","coordinates":[80.0793102,13.1507782]}, "properties": {"osm_id": 13892467043, "osm_type": "nodes", "public_transport": "platform", "highway": "bus_stop", "bus": "yes", "shelter": "yes", "operator": null, "name": "KV CRPF Bus Stop"}},{"type": "Feature", "geometry": {"type":"Point","coordinates":[80.0808086,13.151667]}, "properties": {"osm_id": 13892467044, "osm_type": "nodes", "public_transport": "platform", "highway": "bus_stop", "bus": "yes", "shelter": null, "operator": null, "name": null}},{"type": "Feature", "geometry": {"type":"Point","coordinates":[80.3133575,13.1914849]}, "properties": {"osm_id": 12458756398, "osm_type": "nodes", "public_transport": "platform", "highway": "bus_stop", "bus": "yes", "shelter": null, "operator": "Government", "name": "Bus Stop"}},{"type": "Feature", "geometry": {"type":"Point","coordinates":[80.3149032,13.1886341]}, "properties": {"osm_id": 12458643768, "osm_type": "nodes", "public_transport": "platform", "highway": "bus_stop", "bus": "yes", "shelter": null, "operator": null, "name": "Nethaji Nagar Bus Stop"}},{"type": "Feature", "geometry": {"type":"Point","coordinates":[80.3089189,13.1842959]}, "properties": {"osm_id": 12458688668, "osm_type": "nodes", "public_transport": "platform", "highway": "bus_stop", "bus": "yes", "shelter": "no", "operator": null, "name": "ITC"}},{"type": "Feature", "geometry": {"type":"Point","coordinates":[80.3170561,13.1854145]}, "properties": {"osm_id": 9853561301, "osm_type": "nodes", "public_transport": "platform", "highway": "bus_stop", "bus": "yes", "shelter": null, "operator": null, "name": "Barathiyar Nagar"}},{"type": "Feature", "geometry": {"type":"Point","coordinates":[80.2329094,13.0470929]}, "properties": {"osm_id": 410293823, "osm_type": "nodes", "public_transport": "platform", "highway": "bus_stop", "bus": "yes", "shelter": null, "operator": null, "name": null}},{"type": "Feature", "geometry": {"type":"Point","coordinates":[80.2670356,13.0368855]}, "properties": {"osm_id": 407981751, "osm_type": "nodes", "public_transport": "platform", "highway": "bus_stop", "bus": "yes", "shelter": null, "operator": null, "name": "Luz Corner"}},{"type": "Feature", "geometry": {"type":"Point","coordinates":[80.2664553,13.0370202]}, "properties": {"osm_id": 3215469782, "osm_type": "nodes", "public_transport": "platform", "highway": "bus_stop", "bus": "yes", "shelter": null, "operator": null, "name": "Luz Corner"}},{"type": "Feature", "geometry": {"type":"Point","coordinates":[80.2682136,13.0416655]}, "properties": {"osm_id": 3215474364, "osm_type": "nodes", "public_transport": "platform", "highway": "bus_stop", "bus": "yes", "shelter": null, "operator": null, "name": "Valluvar Statue"}},{"type": "Feature", "geometry": {"type":"Point","coordinates":[80.2626599,13.0202075]}, "properties": {"osm_id": 1334303173, "osm_type": "nodes", "public_transport": null, "highway": "bus_stop", "bus": "yes", "shelter": null, "operator": null, "name": "Narayanasamy Thottam"}},{"type": "Feature", "geometry": {"type":"Point","coordinates":[80.2439043,13.047]}, "properties": {"osm_id": 9514067019, "osm_type": "nodes", "public_transport": "platform", "highway": "bus_stop", "bus": "yes", "shelter": "yes", "operator": null, "name": "Vani Mahal"}},{"type": "Feature", "geometry": {"type":"Point","coordinates":[80.2059235,13.0186408]}, "properties": {"osm_id": 5355818030, "osm_type": "nodes", "public_transport": "platform", "highway": "bus_stop", "bus": "yes", "shelter": null, "operator": "Metropolitan Transport Corporation (Chennai) Ltd.", "name": "Ekkattuthangal"}},{"type": "Feature", "geometry": {"type":"Point","coordinates":[80.2111129,13.0351199]}, "properties": {"osm_id": 11959593360, "osm_type": "nodes", "public_transport": "platform", "highway": "bus_stop", "bus": "yes", "shelter": null, "operator": null, "name": "Udhayam Theatre"}},{"type": "Feature", "geometry": {"type":"Point","coordinates":[80.1944821,12.9486686]}, "properties": {"osm_id": 1899719039, "osm_type": "nodes", "public_transport": null, "highway": "bus_stop", "bus": "yes", "shelter": "no", "operator": null, "name": null}},{"type": "Feature", "geometry": {"type":"Point","coordinates":[80.2220062,12.9828708]}, "properties": {"osm_id": 11959583808, "osm_type": "nodes", "public_transport": "platform", "highway": "bus_stop", "bus": "yes", "shelter": null, "operator": "Metropoliton Transport Corporation (Chennai) Ltd.", "name": "Dhandeeswaram"}},{"type": "Feature", "geometry": {"type":"Point","coordinates":[80.188233,12.9648478]}, "properties": {"osm_id": 9522345425, "osm_type": "nodes", "public_transport": "platform", "highway": "bus_stop", "bus": "yes", "shelter": "no", "operator": null, "name": "UTI Bank"}},{"type": "Feature", "geometry": {"type":"Point","coordinates":[80.2041858,12.9781744]}, "properties": {"osm_id": 11898334385, "osm_type": "nodes", "public_transport": null, "highway": "bus_stop", "bus": null, "shelter": null, "operator": null, "name": "Temporary unmarked bus stop"}},{"type": "Feature", "geometry": {"type":"Point","coordinates":[80.1585784,13.1303565]}, "properties": {"osm_id": 12202926837, "osm_type": "nodes", "public_transport": "platform", "highway": "bus_stop", "bus": "yes", "shelter": null, "operator": null, "name": "Pudur"}},{"type": "Feature", "geometry": {"type":"Point","coordinates":[80.1082814,13.1142499]}, "properties": {"osm_id": 11195612555, "osm_type": "nodes", "public_transport": "platform", "highway": "bus_stop", "bus": "yes", "shelter": null, "operator": null, "name": "Avadi Mosque"}},{"type": "Feature", "geometry": {"type":"Point","coordinates":[80.0767806,13.1756293]}, "properties": {"osm_id": 9865115252, "osm_type": "nodes", "public_transport": "platform", "highway": "bus_stop", "bus": "yes", "shelter": null, "operator": null, "name": null}},{"type": "Feature", "geometry": {"type":"Point","coordinates":[80.0639365,13.1215291]}, "properties": {"osm_id": 5229995717, "osm_type": "nodes", "public_transport": null, "highway": "bus_stop", "bus": null, "shelter": null, "operator": null, "name": "pattabiram bus stop"}},{"type": "Feature", "geometry": {"type":"Point","coordinates":[80.2661449,13.0293213]}, "properties": {"osm_id": 418116038, "osm_type": "nodes", "public_transport": "platform", "highway": "bus_stop", "bus": "yes", "shelter": null, "operator": null, "name": "Mandaveli Post Office"}},{"type": "Feature", "geometry": {"type":"Point","coordinates":[80.266243,13.027196]}, "properties": {"osm_id": 418116040, "osm_type": "nodes", "public_transport": "platform", "highway": "bus_stop", "bus": "yes", "shelter": null, "operator": null, "name": "Mandaveli"}},{"type": "Feature", "geometry": {"type":"Point","coordinates":[80.2643155,13.0264662]}, "properties": {"osm_id": 3215426872, "osm_type": "nodes", "public_transport": "platform", "highway": "bus_stop", "bus": "yes", "shelter": "yes", "operator": null, "name": "Mandaveli"}},{"type": "Feature", "geometry": {"type":"Point","coordinates":[80.2677619,13.0375277]}, "properties": {"osm_id": 416412294, "osm_type": "nodes", "public_transport": "platform", "highway": "bus_stop", "bus": "yes", "shelter": null, "operator": null, "name": "Luz Corner"}},{"type": "Feature", "geometry": {"type":"Point","coordinates":[80.2677461,13.0376266]}, "properties": {"osm_id": 3216998713, "osm_type": "nodes", "public_transport": "platform", "highway": "bus_stop", "bus": "yes", "shelter": null, "operator": null, "name": "Luz Corner"}},{"type": "Feature", "geometry": {"type":"Point","coordinates":[79.2120819,13.2654183]}, "properties": {"osm_id": 11035214134, "osm_type": "nodes", "public_transport": "platform", "highway": "bus_stop", "bus": "yes", "shelter": null, "operator": null, "name": "Etteri Bus Stop"}},{"type": "Feature", "geometry": {"type":"Point","coordinates":[79.2015576,13.1718233]}, "properties": {"osm_id": 11035214205, "osm_type": "nodes", "public_transport": "platform", "highway": "bus_stop", "bus": "yes", "shelter": null, "operator": null, "name": "Narasungarayanipeta Bus Stop"}},{"type": "Feature", "geometry": {"type":"Point","coordinates":[80.2036717,13.1582106]}, "properties": {"osm_id": 11930865099, "osm_type": "nodes", "public_transport": "platform", "highway": "bus_stop", "bus": "yes", "shelter": null, "operator": null, "name": "Puzhal Camp"}},{"type": "Feature", "geometry": {"type":"Point","coordinates":[80.2193508,13.1449193]}, "properties": {"osm_id": 11953087586, "osm_type": "nodes", "public_transport": "platform", "highway": "bus_stop", "bus": "yes", "shelter": null, "operator": null, "name": "Madhavaram Rountana"}},{"type": "Feature", "geometry": {"type":"Point","coordinates":[80.220311,13.1440155]}, "properties": {"osm_id": 11953087587, "osm_type": "nodes", "public_transport": "platform", "highway": "bus_stop", "bus": "yes", "shelter": null, "operator": null, "name": "Madhavaram Rountana"}},{"type": "Feature", "geometry": {"type":"Point","coordinates":[80.2081352,13.1532668]}, "properties": {"osm_id": 11953087588, "osm_type": "nodes", "public_transport": "platform", "highway": "bus_stop", "bus": "yes", "shelter": null, "operator": null, "name": "Kathirvedu Bypas"}},{"type": "Feature", "geometry": {"type":"Point","coordinates":[80.208343,13.1534862]}, "properties": {"osm_id": 11953087589, "osm_type": "nodes", "public_transport": "platform", "highway": "bus_stop", "bus": "yes", "shelter": null, "operator": null, "name": "Kathirvedu Bypass"}},{"type": "Feature", "geometry": {"type":"Point","coordinates":[80.2040528,13.1579812]}, "properties": {"osm_id": 11953087593, "osm_type": "nodes", "public_transport": "platform", "highway": "bus_stop", "bus": "yes", "shelter": null, "operator": null, "name": "Puzhal Camp"}},{"type": "Feature", "geometry": {"type":"Point","coordinates":[80.2033313,13.1580752]}, "properties": {"osm_id": 11953087600, "osm_type": "nodes", "public_transport": "platform", "highway": "bus_stop", "bus": "yes", "shelter": null, "operator": null, "name": "Ambattur Camp"}},{"type": "Feature", "geometry": {"type":"Point","coordinates":[80.205062,13.1185173]}, "properties": {"osm_id": 12188084880, "osm_type": "nodes", "public_transport": "platform", "highway": "bus_stop", "bus": "yes", "shelter": null, "operator": null, "name": "Srinivasa nagar"}},{"type": "Feature", "geometry": {"type":"Point","coordinates":[80.2050566,13.1186322]}, "properties": {"osm_id": 12188084881, "osm_type": "nodes", "public_transport": "platform", "highway": "bus_stop", "bus": "yes", "shelter": null, "operator": null, "name": "Srinivasa nagar"}},{"type": "Feature", "geometry": {"type":"Point","coordinates":[80.2064145,13.1260395]}, "properties": {"osm_id": 11953087580, "osm_type": "nodes", "public_transport": "platform", "highway": "bus_stop", "bus": "yes", "shelter": null, "operator": null, "name": "Ambedkar nagar"}},{"type": "Feature", "geometry": {"type":"Point","coordinates":[80.2162314,13.1356937]}, "properties": {"osm_id": 11953087584, "osm_type": "nodes", "public_transport": "platform", "highway": "bus_stop", "bus": "yes", "shelter": null, "operator": null, "name": "Shastri Nagar"}},{"type": "Feature", "geometry": {"type":"Point","coordinates":[80.2165935,13.1359314]}, "properties": {"osm_id": 11953087585, "osm_type": "nodes", "public_transport": "platform", "highway": "bus_stop", "bus": "yes", "shelter": null, "operator": null, "name": "Shastri Nagar"}},{"type": "Feature", "geometry": {"type":"Point","coordinates":[80.1243046,13.0694912]}, "properties": {"osm_id": 402290952, "osm_type": "nodes", "public_transport": "platform", "highway": "bus_stop", "bus": "yes", "shelter": null, "operator": null, "name": null}},{"type": "Feature", "geometry": {"type":"Point","coordinates":[80.1057014,13.0492822]}, "properties": {"osm_id": 3264861262, "osm_type": "nodes", "public_transport": "platform", "highway": "bus_stop", "bus": "yes", "shelter": null, "operator": null, "name": "Kallarai"}},{"type": "Feature", "geometry": {"type":"Point","coordinates":[80.1744052,13.0145924]}, "properties": {"osm_id": 5631301111, "osm_type": "nodes", "public_transport": "platform", "highway": "bus_stop", "bus": "yes", "shelter": null, "operator": null, "name": null}},{"type": "Feature", "geometry": {"type":"Point","coordinates":[79.4166269,12.2526769]}, "properties": {"osm_id": 2510262572, "osm_type": "nodes", "public_transport": "platform", "highway": "bus_stop", "bus": "yes", "shelter": null, "operator": null, "name": "Chennai Bus Stop"}},{"type": "Feature", "geometry": {"type":"Point","coordinates":[79.4479543,12.2933776]}, "properties": {"osm_id": 13463687401, "osm_type": "nodes", "public_transport": "platform", "highway": "bus_stop", "bus": "yes", "shelter": null, "operator": null, "name": "Neganur Village Bus Stop"}},{"type": "Feature", "geometry": {"type":"Point","coordinates":[79.1092586,12.9756952]}, "properties": {"osm_id": 7174026686, "osm_type": "nodes", "public_transport": null, "highway": "bus_stop", "bus": null, "shelter": null, "operator": null, "name": null}},{"type": "Feature", "geometry": {"type":"Point","coordinates":[79.2274967,12.9691845]}, "properties": {"osm_id": 6367893415, "osm_type": "nodes", "public_transport": null, "highway": "bus_stop", "bus": null, "shelter": null, "operator": null, "name": null}},{"type": "Feature", "geometry": {"type":"Point","coordinates":[79.7644275,12.3172938]}, "properties": {"osm_id": 12955704396, "osm_type": "nodes", "public_transport": "platform", "highway": "bus_stop", "bus": null, "shelter": "yes", "operator": null, "name": null}},{"type": "Feature", "geometry": {"type":"Point","coordinates":[79.1347141,12.880086]}, "properties": {"osm_id": 4693433977, "osm_type": "nodes", "public_transport": "platform", "highway": "bus_stop", "bus": "yes", "shelter": null, "operator": null, "name": "Bagayam"}},{"type": "Feature", "geometry": {"type":"Point","coordinates":[79.1356592,12.8925195]}, "properties": {"osm_id": 4693434789, "osm_type": "nodes", "public_transport": "platform", "highway": "bus_stop", "bus": "yes", "shelter": null, "operator": null, "name": "Kuppam"}},{"type": "Feature", "geometry": {"type":"Point","coordinates":[79.1310977,12.8996564]}, "properties": {"osm_id": 4693434960, "osm_type": "nodes", "public_transport": "platform", "highway": "bus_stop", "bus": "yes", "shelter": null, "operator": null, "name": "Tollgate"}},{"type": "Feature", "geometry": {"type":"Point","coordinates":[79.135781,12.9053114]}, "properties": {"osm_id": 4693430387, "osm_type": "nodes", "public_transport": "platform", "highway": "bus_stop", "bus": "yes", "shelter": null, "operator": null, "name": "Velappadi"}},{"type": "Feature", "geometry": {"type":"Point","coordinates":[79.13575,12.8898868]}, "properties": {"osm_id": 4693434182, "osm_type": "nodes", "public_transport": "platform", "highway": "bus_stop", "bus": "yes", "shelter": null, "operator": null, "name": "Agaravaram"}},{"type": "Feature", "geometry": {"type":"Point","coordinates":[79.1357444,12.8847782]}, "properties": {"osm_id": 4693434183, "osm_type": "nodes", "public_transport": "platform", "highway": "bus_stop", "bus": "yes", "shelter": null, "operator": null, "name": "Otteri"}},{"type": "Feature", "geometry": {"type":"Point","coordinates":[80.1942278,13.1269583]}, "properties": {"osm_id": 12155348708, "osm_type": "nodes", "public_transport": "platform", "highway": "bus_stop", "bus": "yes", "shelter": null, "operator": null, "name": "Korattur Water Canal Road"}},{"type": "Feature", "geometry": {"type":"Point","coordinates":[80.2015899,13.1228548]}, "properties": {"osm_id": 12188084879, "osm_type": "nodes", "public_transport": "platform", "highway": "bus_stop", "bus": "yes", "shelter": "no", "operator": null, "name": "Senthil nagar"}},{"type": "Feature", "geometry": {"type":"Point","coordinates":[80.1983906,13.1182677]}, "properties": {"osm_id": 11915150830, "osm_type": "nodes", "public_transport": "platform", "highway": "bus_stop", "bus": "yes", "shelter": null, "operator": null, "name": null}},{"type": "Feature", "geometry": {"type":"Point","coordinates":[80.2463099,13.0065537]}, "properties": {"osm_id": 577376043, "osm_type": "nodes", "public_transport": "platform", "highway": "bus_stop", "bus": "yes", "shelter": "yes", "operator": null, "name": "Madya Kailash"}},{"type": "Feature", "geometry": {"type":"Point","coordinates":[80.2465371,13.0065479]}, "properties": {"osm_id": 3262998735, "osm_type": "nodes", "public_transport": "platform", "highway": "bus_stop", "bus": "yes", "shelter": "yes", "operator": null, "name": "Madhya Kailash"}},{"type": "Feature", "geometry": {"type":"Point","coordinates":[80.2678,12.9960126]}, "properties": {"osm_id": 334267136, "osm_type": "nodes", "public_transport": "platform", "highway": "bus_stop", "bus": "yes", "shelter": "yes", "operator": null, "name": "Spencers"}},{"type": "Feature", "geometry": {"type":"Point","coordinates":[80.2676685,12.9960874]}, "properties": {"osm_id": 417750654, "osm_type": "nodes", "public_transport": "platform", "highway": "bus_stop", "bus": "yes", "shelter": "yes", "operator": null, "name": "Besant Nagar"}},{"type": "Feature", "geometry": {"type":"Point","coordinates":[80.2587553,13.0079179]}, "properties": {"osm_id": 5631301101, "osm_type": "nodes", "public_transport": "platform", "highway": "bus_stop", "bus": "yes", "shelter": null, "operator": null, "name": "Malar Hospital"}},{"type": "Feature", "geometry": {"type":"Point","coordinates":[80.2558203,12.9885252]}, "properties": {"osm_id": 5631301117, "osm_type": "nodes", "public_transport": "platform", "highway": "bus_stop", "bus": "yes", "shelter": null, "operator": null, "name": "Jayanti"}},{"type": "Feature", "geometry": {"type":"Point","coordinates":[80.2598,12.9858005]}, "properties": {"osm_id": 5631301423, "osm_type": "nodes", "public_transport": "platform", "highway": "bus_stop", "bus": "yes", "shelter": null, "operator": null, "name": "Thiruvanmiyur ECR Moffusil Bus stop"}},{"type": "Feature", "geometry": {"type":"Point","coordinates":[80.2474452,13.0034788]}, "properties": {"osm_id": 1183431007, "osm_type": "nodes", "public_transport": "platform", "highway": "bus_stop", "bus": "yes", "shelter": "yes", "operator": null, "name": "VHS Hospital"}},{"type": "Feature", "geometry": {"type":"Point","coordinates":[80.2477388,13.0034222]}, "properties": {"osm_id": 5631301119, "osm_type": "nodes", "public_transport": "platform", "highway": "bus_stop", "bus": "yes", "shelter": "yes", "operator": null, "name": "VHS Hospital"}},{"type": "Feature", "geometry": {"type":"Point","coordinates":[80.2413768,13.0038121]}, "properties": {"osm_id": 4385019892, "osm_type": "nodes", "public_transport": "platform", "highway": "bus_stop", "bus": "yes", "shelter": "yes", "operator": null, "name": null}},{"type": "Feature", "geometry": {"type":"Point","coordinates":[80.2416004,13.0065151]}, "properties": {"osm_id": 325191941, "osm_type": "nodes", "public_transport": "platform", "highway": "bus_stop", "bus": "yes", "shelter": "no", "operator": null, "name": "IIT/CLRI"}},{"type": "Feature", "geometry": {"type":"Point","coordinates":[80.2547553,13.0066383]}, "properties": {"osm_id": 3262996627, "osm_type": "nodes", "public_transport": "platform", "highway": "bus_stop", "bus": "yes", "shelter": "no", "operator": null, "name": "Gandhinagar"}},{"type": "Feature", "geometry": {"type":"Point","coordinates":[80.2424924,13.0058253]}, "properties": {"osm_id": 5631301422, "osm_type": "nodes", "public_transport": "platform", "highway": "bus_stop", "bus": "yes", "shelter": "no", "operator": null, "name": "IIT Gate Bus Stop"}},{"type": "Feature", "geometry": {"type":"Point","coordinates":[80.2111984,13.0351053]}, "properties": {"osm_id": 11959593359, "osm_type": "nodes", "public_transport": "platform", "highway": "bus_stop", "bus": "yes", "shelter": null, "operator": null, "name": "Udhayam Theatre"}},{"type": "Feature", "geometry": {"type":"Point","coordinates":[80.2240205,13.0290173]}, "properties": {"osm_id": 4153840689, "osm_type": "nodes", "public_transport": "platform", "highway": "bus_stop", "bus": "yes", "shelter": null, "operator": null, "name": "Oxford School"}},{"type": "Feature", "geometry": {"type":"Point","coordinates":[80.2122049,13.0316543]}, "properties": {"osm_id": 1024558013, "osm_type": "nodes", "public_transport": "platform", "highway": "bus_stop", "bus": "yes", "shelter": null, "operator": null, "name": "Ashok Pillar (Towards K.K Nagar & Porur)"}},{"type": "Feature", "geometry": {"type":"Point","coordinates":[80.2053891,13.0411599]}, "properties": {"osm_id": 1015584175, "osm_type": "nodes", "public_transport": "platform", "highway": "bus_stop", "bus": "yes", "shelter": null, "operator": null, "name": "Sivan Park"}},{"type": "Feature", "geometry": {"type":"Point","coordinates":[80.2162105,13.0343297]}, "properties": {"osm_id": 1955951303, "osm_type": "nodes", "public_transport": "platform", "highway": "bus_stop", "bus": "yes", "shelter": null, "operator": null, "name": "Ram Colony"}},{"type": "Feature", "geometry": {"type":"Point","coordinates":[80.2240709,13.0311449]}, "properties": {"osm_id": 4153840589, "osm_type": "nodes", "public_transport": "platform", "highway": "bus_stop", "bus": "yes", "shelter": null, "operator": null, "name": "Srinivasa Theatre"}},{"type": "Feature", "geometry": {"type":"Point","coordinates":[79.2852041,12.9128509]}, "properties": {"osm_id": 13682570301, "osm_type": "nodes", "public_transport": null, "highway": "bus_stop", "bus": null, "shelter": null, "operator": null, "name": "Kilvisharam Bus Stop"}},{"type": "Feature", "geometry": {"type":"Point","coordinates":[79.2798736,12.9157817]}, "properties": {"osm_id": 13682596103, "osm_type": "nodes", "public_transport": null, "highway": "bus_stop", "bus": null, "shelter": null, "operator": null, "name": "Kathiavadi Road Bus Stop"}},{"type": "Feature", "geometry": {"type":"Point","coordinates":[79.269869,12.9232661]}, "properties": {"osm_id": 13682596104, "osm_type": "nodes", "public_transport": null, "highway": "bus_stop", "bus": null, "shelter": null, "operator": null, "name": "Puliamaram Bus Stop"}},{"type": "Feature", "geometry": {"type":"Point","coordinates":[80.1646195,13.0612345]}, "properties": {"osm_id": 11959665381, "osm_type": "nodes", "public_transport": "platform", "highway": "bus_stop", "bus": "yes", "shelter": "yes", "operator": null, "name": "Erikkarai"}},{"type": "Feature", "geometry": {"type":"Point","coordinates":[80.1921188,13.0525853]}, "properties": {"osm_id": 595714972, "osm_type": "nodes", "public_transport": "platform", "highway": "bus_stop", "bus": "yes", "shelter": null, "operator": null, "name": "Elango Nagar"}},{"type": "Feature", "geometry": {"type":"Point","coordinates":[80.2016549,13.0363277]}, "properties": {"osm_id": 5207918374, "osm_type": "nodes", "public_transport": "platform", "highway": "bus_stop", "bus": "yes", "shelter": null, "operator": null, "name": "MGR Market"}},{"type": "Feature", "geometry": {"type":"Point","coordinates":[80.1953348,13.0598825]}, "properties": {"osm_id": 595704144, "osm_type": "nodes", "public_transport": "platform", "highway": "bus_stop", "bus": "yes", "shelter": null, "operator": null, "name": "Sai Nagar"}},{"type": "Feature", "geometry": {"type":"Point","coordinates":[80.1967337,13.0414839]}, "properties": {"osm_id": 1015575816, "osm_type": "nodes", "public_transport": "platform", "highway": "bus_stop", "bus": "yes", "shelter": null, "operator": null, "name": "Amman Koil"}},{"type": "Feature", "geometry": {"type":"Point","coordinates":[80.1926862,13.0381601]}, "properties": {"osm_id": 1015580858, "osm_type": "nodes", "public_transport": "platform", "highway": "bus_stop", "bus": "yes", "shelter": null, "operator": null, "name": "Nesapakkam"}},{"type": "Feature", "geometry": {"type":"Point","coordinates":[80.1923804,13.0490005]}, "properties": {"osm_id": 411316688, "osm_type": "nodes", "public_transport": "platform", "highway": "bus_stop", "bus": "yes", "shelter": null, "operator": null, "name": "Virugambakkam"}},{"type": "Feature", "geometry": {"type":"Point","coordinates":[80.2013161,13.0546223]}, "properties": {"osm_id": 459633606, "osm_type": "nodes", "public_transport": "platform", "highway": "bus_stop", "bus": "yes", "shelter": null, "operator": null, "name": null}},{"type": "Feature", "geometry": {"type":"Point","coordinates":[80.197845,13.0473925]}, "properties": {"osm_id": 595735860, "osm_type": "nodes", "public_transport": "platform", "highway": "bus_stop", "bus": "yes", "shelter": null, "operator": null, "name": "Avichi bus stop"}},{"type": "Feature", "geometry": {"type":"Point","coordinates":[80.1902132,13.0463902]}, "properties": {"osm_id": 996517630, "osm_type": "nodes", "public_transport": "platform", "highway": "bus_stop", "bus": "yes", "shelter": null, "operator": null, "name": "Virugambakkam"}},{"type": "Feature", "geometry": {"type":"Point","coordinates":[80.2493548,13.1064019]}, "properties": {"osm_id": 3215525045, "osm_type": "nodes", "public_transport": "platform", "highway": "bus_stop", "bus": "yes", "shelter": null, "operator": null, "name": "Jamalia"}},{"type": "Feature", "geometry": {"type":"Point","coordinates":[80.2423446,13.1089416]}, "properties": {"osm_id": 675752169, "osm_type": "nodes", "public_transport": "platform", "highway": "bus_stop", "bus": "yes", "shelter": null, "operator": null, "name": null}},{"type": "Feature", "geometry": {"type":"Point","coordinates":[80.2445619,13.1080594]}, "properties": {"osm_id": 3215525982, "osm_type": "nodes", "public_transport": "platform", "highway": "bus_stop", "bus": "yes", "shelter": null, "operator": null, "name": "Perambur Railway Station"}},{"type": "Feature", "geometry": {"type":"Point","coordinates":[80.2527264,13.1029895]}, "properties": {"osm_id": 5631301103, "osm_type": "nodes", "public_transport": "platform", "highway": "bus_stop", "bus": "yes", "shelter": null, "operator": null, "name": "Binny Mills"}},{"type": "Feature", "geometry": {"type":"Point","coordinates":[80.2531768,13.105056]}, "properties": {"osm_id": 3216970886, "osm_type": "nodes", "public_transport": "platform", "highway": "bus_stop", "bus": "yes", "shelter": null, "operator": null, "name": "Mettupalayam"}},{"type": "Feature", "geometry": {"type":"Point","coordinates":[80.2401637,12.8238617]}, "properties": {"osm_id": 368390910, "osm_type": "nodes", "public_transport": "platform", "highway": "bus_stop", "bus": "yes", "shelter": null, "operator": null, "name": "Muttukaadu"}},{"type": "Feature", "geometry": {"type":"Point","coordinates":[80.2404381,12.8312622]}, "properties": {"osm_id": 3258058365, "osm_type": "nodes", "public_transport": "platform", "highway": "bus_stop", "bus": "yes", "shelter": null, "operator": null, "name": "Muthukaadu"}},{"type": "Feature", "geometry": {"type":"Point","coordinates":[80.2403223,12.8276183]}, "properties": {"osm_id": 3261257466, "osm_type": "nodes", "public_transport": "platform", "highway": "bus_stop", "bus": "yes", "shelter": null, "operator": null, "name": null}},{"type": "Feature", "geometry": {"type":"Point","coordinates":[80.2264618,12.8445841]}, "properties": {"osm_id": 1200694624, "osm_type": "nodes", "public_transport": "platform", "highway": "bus_stop", "bus": "yes", "shelter": "yes", "operator": null, "name": "Navalur"}},{"type": "Feature", "geometry": {"type":"Point","coordinates":[80.241912,12.8597978]}, "properties": {"osm_id": 3258057378, "osm_type": "nodes", "public_transport": null, "highway": "bus_stop", "bus": null, "shelter": null, "operator": null, "name": "Ragas"}},{"type": "Feature", "geometry": {"type":"Point","coordinates":[80.2418337,12.8598425]}, "properties": {"osm_id": 3261260258, "osm_type": "nodes", "public_transport": null, "highway": "bus_stop", "bus": null, "shelter": null, "operator": null, "name": "Ragas"}},{"type": "Feature", "geometry": {"type":"Point","coordinates":[80.2433625,12.8679009]}, "properties": {"osm_id": 3261262160, "osm_type": "nodes", "public_transport": null, "highway": "bus_stop", "bus": null, "shelter": null, "operator": null, "name": "Uthandi"}},{"type": "Feature", "geometry": {"type":"Point","coordinates":[80.228884,12.8330267]}, "properties": {"osm_id": 5304209965, "osm_type": "nodes", "public_transport": null, "highway": "bus_stop", "bus": null, "shelter": null, "operator": null, "name": "SIPCOT/ Egatoor"}},{"type": "Feature", "geometry": {"type":"Point","coordinates":[80.168626,13.0295066]}, "properties": {"osm_id": 3264873477, "osm_type": "nodes", "public_transport": "platform", "highway": "bus_stop", "bus": "yes", "shelter": "yes", "operator": null, "name": "Mugalivakkam"}},{"type": "Feature", "geometry": {"type":"Point","coordinates":[80.1935118,13.014377]}, "properties": {"osm_id": 4411849791, "osm_type": "nodes", "public_transport": "platform", "highway": "bus_stop", "bus": "yes", "shelter": "yes", "operator": "MTC", "name": null}},{"type": "Feature", "geometry": {"type":"Point","coordinates":[80.1845,13.0204579]}, "properties": {"osm_id": 4411798690, "osm_type": "nodes", "public_transport": "platform", "highway": "bus_stop", "bus": "yes", "shelter": null, "operator": null, "name": "மியாட் மருத்துவமனை"}},{"type": "Feature", "geometry": {"type":"Point","coordinates":[80.1833445,13.0210717]}, "properties": {"osm_id": 4411855089, "osm_type": "nodes", "public_transport": "platform", "highway": "bus_stop", "bus": "yes", "shelter": null, "operator": null, "name": null}},{"type": "Feature", "geometry": {"type":"Point","coordinates":[80.2014349,13.0073801]}, "properties": {"osm_id": 3264719874, "osm_type": "nodes", "public_transport": "platform", "highway": "bus_stop", "bus": "yes", "shelter": null, "operator": null, "name": "Kathipara"}},{"type": "Feature", "geometry": {"type":"Point","coordinates":[80.1632027,13.0323105]}, "properties": {"osm_id": 3264825519, "osm_type": "nodes", "public_transport": "platform", "highway": "bus_stop", "bus": "yes", "shelter": "yes", "operator": null, "name": "Sakthi Nagar"}},{"type": "Feature", "geometry": {"type":"Point","coordinates":[80.1789017,13.0238073]}, "properties": {"osm_id": 3264882061, "osm_type": "nodes", "public_transport": "platform", "highway": "bus_stop", "bus": "yes", "shelter": null, "operator": null, "name": "L&T"}},{"type": "Feature", "geometry": {"type":"Point","coordinates":[80.1786556,13.0242582]}, "properties": {"osm_id": 691189595, "osm_type": "nodes", "public_transport": "platform", "highway": "bus_stop", "bus": "yes", "shelter": null, "operator": null, "name": "Larsen & Toubro"}},{"type": "Feature", "geometry": {"type":"Point","coordinates":[80.1799082,13.0317215]}, "properties": {"osm_id": 1015569839, "osm_type": "nodes", "public_transport": "platform", "highway": "bus_stop", "bus": "yes", "shelter": null, "operator": null, "name": "SRM College Bus Stop"}},{"type": "Feature", "geometry": {"type":"Point","coordinates":[80.2421189,13.0704837]}, "properties": {"osm_id": 415913904, "osm_type": "nodes", "public_transport": "platform", "highway": "bus_stop", "bus": "yes", "shelter": null, "operator": null, "name": "Chetpet"}},{"type": "Feature", "geometry": {"type":"Point","coordinates":[80.2465225,13.0677838]}, "properties": {"osm_id": 3216990971, "osm_type": "nodes", "public_transport": "platform", "highway": "bus_stop", "bus": "yes", "shelter": "yes", "operator": null, "name": "College Road"}},{"type": "Feature", "geometry": {"type":"Point","coordinates":[80.2509902,13.0897099]}, "properties": {"osm_id": 3215508149, "osm_type": "nodes", "public_transport": "platform", "highway": "bus_stop", "bus": "yes", "shelter": null, "operator": null, "name": "Brick Kiln"}},{"type": "Feature", "geometry": {"type":"Point","coordinates":[80.2502683,13.0845368]}, "properties": {"osm_id": 3215513362, "osm_type": "nodes", "public_transport": "platform", "highway": "bus_stop", "bus": "yes", "shelter": null, "operator": null, "name": "Millers Road"}},{"type": "Feature", "geometry": {"type":"Point","coordinates":[80.2427912,13.0465924]}, "properties": {"osm_id": 9514067018, "osm_type": "nodes", "public_transport": "platform", "highway": "bus_stop", "bus": "yes", "shelter": "yes", "operator": null, "name": "Vani Mahal"}},{"type": "Feature", "geometry": {"type":"Point","coordinates":[80.2394822,13.0463818]}, "properties": {"osm_id": 729821770, "osm_type": "nodes", "public_transport": "platform", "highway": "bus_stop", "bus": "yes", "shelter": null, "operator": null, "name": "Thirumalai Pillai Road"}},{"type": "Feature", "geometry": {"type":"Point","coordinates":[80.2476713,13.0594652]}, "properties": {"osm_id": 360807238, "osm_type": "nodes", "public_transport": "platform", "highway": "bus_stop", "bus": "yes", "shelter": null, "operator": null, "name": null}},{"type": "Feature", "geometry": {"type":"Point","coordinates":[80.2538615,13.048023]}, "properties": {"osm_id": 3216995837, "osm_type": "nodes", "public_transport": "platform", "highway": "bus_stop", "bus": "yes", "shelter": null, "operator": null, "name": "Stella Maris College"}},{"type": "Feature", "geometry": {"type":"Point","coordinates":[80.247496,13.0606301]}, "properties": {"osm_id": 3216993078, "osm_type": "nodes", "public_transport": "platform", "highway": "bus_stop", "bus": "yes", "shelter": null, "operator": null, "name": "Sterling"}},{"type": "Feature", "geometry": {"type":"Point","coordinates":[80.2525025,13.0504157]}, "properties": {"osm_id": 3215497011, "osm_type": "nodes", "public_transport": "platform", "highway": "bus_stop", "bus": "yes", "shelter": null, "operator": null, "name": "Semozhi Poonga"}},{"type": "Feature", "geometry": {"type":"Point","coordinates":[79.1312678,13.0952827]}, "properties": {"osm_id": 9392241454, "osm_type": "nodes", "public_transport": "platform", "highway": "bus_stop", "bus": "yes", "shelter": "yes", "operator": "Public Transport Bus Stop", "name": "Vasanthapuram Bus Stop"}},{"type": "Feature", "geometry": {"type":"Point","coordinates":[79.1246953,13.1009883]}, "properties": {"osm_id": 9457756183, "osm_type": "nodes", "public_transport": "platform", "highway": "bus_stop", "bus": "yes", "shelter": null, "operator": "NHAI", "name": "Gudipala Bus Stop"}},{"type": "Feature", "geometry": {"type":"Point","coordinates":[79.1332773,13.093458]}, "properties": {"osm_id": 9457773747, "osm_type": "nodes", "public_transport": "platform", "highway": "bus_stop", "bus": "yes", "shelter": null, "operator": "NHAI", "name": "Naraharipeta Chittoor To Vellore Public Bus Stop"}},{"type": "Feature", "geometry": {"type":"Point","coordinates":[79.1344165,13.0907846]}, "properties": {"osm_id": 9457774859, "osm_type": "nodes", "public_transport": "platform", "highway": "bus_stop", "bus": "yes", "shelter": null, "operator": "NHAI", "name": "Naraharipeta Cross Bus Stop"}},{"type": "Feature", "geometry": {"type":"Point","coordinates":[79.1370053,13.0769267]}, "properties": {"osm_id": 9457772294, "osm_type": "nodes", "public_transport": "platform", "highway": "bus_stop", "bus": "yes", "shelter": null, "operator": "State", "name": "MCR Cross Bus Stop"}},{"type": "Feature", "geometry": {"type":"Point","coordinates":[79.1377984,13.0767894]}, "properties": {"osm_id": 9457766593, "osm_type": "nodes", "public_transport": "platform", "highway": "bus_stop", "bus": "yes", "shelter": null, "operator": "NHAI", "name": "MCR Bus Stop"}},{"type": "Feature", "geometry": {"type":"Point","coordinates":[79.1380791,13.0635821]}, "properties": {"osm_id": 9457791684, "osm_type": "nodes", "public_transport": "platform", "highway": "bus_stop", "bus": "yes", "shelter": null, "operator": null, "name": "Anupu Public Bus Stop"}},{"type": "Feature", "geometry": {"type":"Point","coordinates":[79.1360925,13.0500507]}, "properties": {"osm_id": 9457826676, "osm_type": "nodes", "public_transport": "platform", "highway": "bus_stop", "bus": "yes", "shelter": null, "operator": null, "name": "Palloor Public Bus Stop"}},{"type": "Feature", "geometry": {"type":"Point","coordinates":[79.1327428,13.0935305]}, "properties": {"osm_id": 9455346639, "osm_type": "nodes", "public_transport": "platform", "highway": "bus_stop", "bus": "yes", "shelter": null, "operator": "Naraharipeta NHAI", "name": "Naraharipeta Public Bus Stop"}},{"type": "Feature", "geometry": {"type":"Point","coordinates":[80.1509835,12.5036483]}, "properties": {"osm_id": 30143150, "osm_type": "nodes", "public_transport": "platform", "highway": "bus_stop", "bus": "yes", "shelter": null, "operator": null, "name": "Pudupattinam / Kalpakkam"}},{"type": "Feature", "geometry": {"type":"Point","coordinates":[80.1509037,12.503686]}, "properties": {"osm_id": 7736796042, "osm_type": "nodes", "public_transport": "platform", "highway": "bus_stop", "bus": "yes", "shelter": null, "operator": null, "name": "Pudupattinam / Kalpakkam"}},{"type": "Feature", "geometry": {"type":"Point","coordinates":[80.2881787,13.0885188]}, "properties": {"osm_id": 393765046, "osm_type": "nodes", "public_transport": "platform", "highway": "bus_stop", "bus": "yes", "shelter": null, "operator": null, "name": "உயர் நீதிமன்றம்"}},{"type": "Feature", "geometry": {"type":"Point","coordinates":[80.285738,13.0914641]}, "properties": {"osm_id": 2486226651, "osm_type": "nodes", "public_transport": "platform", "highway": "bus_stop", "bus": "yes", "shelter": null, "operator": null, "name": "Loane Square"}},{"type": "Feature", "geometry": {"type":"Point","coordinates":[80.2854922,13.0852627]}, "properties": {"osm_id": 393765035, "osm_type": "nodes", "public_transport": "platform", "highway": "bus_stop", "bus": "yes", "shelter": null, "operator": null, "name": null}},{"type": "Feature", "geometry": {"type":"Point","coordinates":[80.2833818,13.0849072]}, "properties": {"osm_id": 2482072933, "osm_type": "nodes", "public_transport": "platform", "highway": "bus_stop", "bus": "yes", "shelter": null, "operator": null, "name": "உயர் நீதிமன்றம்"}},{"type": "Feature", "geometry": {"type":"Point","coordinates":[79.1595917,13.4538312]}, "properties": {"osm_id": 10857440114, "osm_type": "nodes", "public_transport": "platform", "highway": "bus_stop", "bus": "yes", "shelter": null, "operator": null, "name": "Nendragunta  Bus Stop"}},{"type": "Feature", "geometry": {"type":"Point","coordinates":[79.1604593,13.4522871]}, "properties": {"osm_id": 10857440116, "osm_type": "nodes", "public_transport": "platform", "highway": "bus_stop", "bus": "yes", "shelter": null, "operator": null, "name": "Nendragunta  Bpass Bus Stop"}},{"type": "Feature", "geometry": {"type":"Point","coordinates":[79.1368549,12.9714292]}, "properties": {"osm_id": 10980515213, "osm_type": "nodes", "public_transport": "platform", "highway": "bus_stop", "bus": "yes", "shelter": null, "operator": null, "name": null}},{"type": "Feature", "geometry": {"type":"Point","coordinates":[79.1413895,12.9501164]}, "properties": {"osm_id": 4693434968, "osm_type": "nodes", "public_transport": "platform", "highway": "bus_stop", "bus": "yes", "shelter": null, "operator": null, "name": "DKM"}},{"type": "Feature", "geometry": {"type":"Point","coordinates":[79.137176,12.9586457]}, "properties": {"osm_id": 4693432901, "osm_type": "nodes", "public_transport": "platform", "highway": "bus_stop", "bus": "yes", "shelter": null, "operator": null, "name": "Odai Pillaiyar Bus Stop"}},{"type": "Feature", "geometry": {"type":"Point","coordinates":[79.1416183,12.9584735]}, "properties": {"osm_id": 4693434844, "osm_type": "nodes", "public_transport": "platform", "highway": "bus_stop", "bus": "yes", "shelter": null, "operator": null, "name": "Auxilium rountanna"}},{"type": "Feature", "geometry": {"type":"Point","coordinates":[79.1952866,12.9678947]}, "properties": {"osm_id": 6367893414, "osm_type": "nodes", "public_transport": null, "highway": "bus_stop", "bus": null, "shelter": null, "operator": null, "name": null}},{"type": "Feature", "geometry": {"type":"Point","coordinates":[79.21294,12.968839]}, "properties": {"osm_id": 6367899493, "osm_type": "nodes", "public_transport": null, "highway": "bus_stop", "bus": null, "shelter": null, "operator": null, "name": null}},{"type": "Feature", "geometry": {"type":"Point","coordinates":[79.2189888,12.9703025]}, "properties": {"osm_id": 6367892630, "osm_type": "nodes", "public_transport": null, "highway": "bus_stop", "bus": null, "shelter": null, "operator": null, "name": null}},{"type": "Feature", "geometry": {"type":"Point","coordinates":[80.1874205,13.1897906]}, "properties": {"osm_id": 11953087612, "osm_type": "nodes", "public_transport": "platform", "highway": "bus_stop", "bus": "yes", "shelter": null, "operator": null, "name": "Redhills Market"}},{"type": "Feature", "geometry": {"type":"Point","coordinates":[79.9072522,13.1398497]}, "properties": {"osm_id": 12174769274, "osm_type": "nodes", "public_transport": "platform", "highway": "bus_stop", "bus": "yes", "shelter": null, "operator": null, "name": null}},{"type": "Feature", "geometry": {"type":"Point","coordinates":[80.2763077,13.0825901]}, "properties": {"osm_id": 2486226649, "osm_type": "nodes", "public_transport": "platform", "highway": "bus_stop", "bus": "yes", "shelter": null, "operator": null, "name": "Chennai Central Railway Station"}},{"type": "Feature", "geometry": {"type":"Point","coordinates":[80.2736995,13.0706454]}, "properties": {"osm_id": 309062094, "osm_type": "nodes", "public_transport": "platform", "highway": "bus_stop", "bus": "yes", "shelter": null, "operator": null, "name": "P.Orr & Sons"}},{"type": "Feature", "geometry": {"type":"Point","coordinates":[80.276179,13.0768078]}, "properties": {"osm_id": 2482072922, "osm_type": "nodes", "public_transport": "platform", "highway": "bus_stop", "bus": "yes", "shelter": null, "operator": null, "name": "Pallavan Salai"}},{"type": "Feature", "geometry": {"type":"Point","coordinates":[80.2739713,13.072135]}, "properties": {"osm_id": 2489157878, "osm_type": "nodes", "public_transport": "platform", "highway": "bus_stop", "bus": "yes", "shelter": null, "operator": null, "name": null}},{"type": "Feature", "geometry": {"type":"Point","coordinates":[80.2757841,13.0867314]}, "properties": {"osm_id": 1069492323, "osm_type": "nodes", "public_transport": "platform", "highway": "bus_stop", "bus": "yes", "shelter": null, "operator": null, "name": "Chataram Bus Stop"}},{"type": "Feature", "geometry": {"type":"Point","coordinates":[80.2775047,13.0818538]}, "properties": {"osm_id": 2482072870, "osm_type": "nodes", "public_transport": "platform", "highway": "bus_stop", "bus": "yes", "shelter": null, "operator": null, "name": "General Hospital"}},{"type": "Feature", "geometry": {"type":"Point","coordinates":[80.2777397,13.0818727]}, "properties": {"osm_id": 2482072873, "osm_type": "nodes", "public_transport": "platform", "highway": "bus_stop", "bus": "yes", "shelter": null, "operator": "MTC", "name": "General Hospital (Central)"}},{"type": "Feature", "geometry": {"type":"Point","coordinates":[79.7369269,12.2992172]}, "properties": {"osm_id": 12955704212, "osm_type": "nodes", "public_transport": "platform", "highway": "bus_stop", "bus": null, "shelter": "yes", "operator": null, "name": null}},{"type": "Feature", "geometry": {"type":"Point","coordinates":[79.4432511,12.2864437]}, "properties": {"osm_id": 13463654921, "osm_type": "nodes", "public_transport": "platform", "highway": "bus_stop", "bus": "yes", "shelter": null, "operator": null, "name": "Neganur Patti Bus Stop,Gingee"}},{"type": "Feature", "geometry": {"type":"Point","coordinates":[79.4363579,12.2748613]}, "properties": {"osm_id": 13463709540, "osm_type": "nodes", "public_transport": "platform", "highway": "bus_stop", "bus": "yes", "shelter": null, "operator": null, "name": "Melkalavay Busstop"}},{"type": "Feature", "geometry": {"type":"Point","coordinates":[79.4577872,12.2872849]}, "properties": {"osm_id": 13464329221, "osm_type": "nodes", "public_transport": "platform", "highway": "bus_stop", "bus": "yes", "shelter": null, "operator": null, "name": "Neganur Pudhur Bus stop"}},{"type": "Feature", "geometry": {"type":"Point","coordinates":[79.1210489,13.2896562]}, "properties": {"osm_id": 9840993331, "osm_type": "nodes", "public_transport": "platform", "highway": "bus_stop", "bus": "yes", "shelter": null, "operator": null, "name": null}},{"type": "Feature", "geometry": {"type":"Point","coordinates":[80.1085094,13.0936827]}, "properties": {"osm_id": 11195612551, "osm_type": "nodes", "public_transport": "platform", "highway": "bus_stop", "bus": "yes", "shelter": null, "operator": null, "name": "Iyankulam"}},{"type": "Feature", "geometry": {"type":"Point","coordinates":[80.108732,13.1113894]}, "properties": {"osm_id": 11195612554, "osm_type": "nodes", "public_transport": "platform", "highway": "bus_stop", "bus": "yes", "shelter": null, "operator": null, "name": "JB Estate"}},{"type": "Feature", "geometry": {"type":"Point","coordinates":[80.1866674,13.1076464]}, "properties": {"osm_id": 9932746317, "osm_type": "nodes", "public_transport": null, "highway": "bus_stop", "bus": null, "shelter": null, "operator": null, "name": null}},{"type": "Feature", "geometry": {"type":"Point","coordinates":[80.1896425,13.1013007]}, "properties": {"osm_id": 7794498890, "osm_type": "nodes", "public_transport": "platform", "highway": "bus_stop", "bus": "yes", "shelter": null, "operator": "MTC", "name": "Lucas TVS Bus stop"}},{"type": "Feature", "geometry": {"type":"Point","coordinates":[80.1945098,13.1020714]}, "properties": {"osm_id": 10291068733, "osm_type": "nodes", "public_transport": "platform", "highway": "bus_stop", "bus": "yes", "shelter": null, "operator": null, "name": "Padi"}},{"type": "Feature", "geometry": {"type":"Point","coordinates":[80.1988058,13.0950055]}, "properties": {"osm_id": 10291068731, "osm_type": "nodes", "public_transport": "platform", "highway": "bus_stop", "bus": "yes", "shelter": null, "operator": null, "name": "Annanagar"}},{"type": "Feature", "geometry": {"type":"Point","coordinates":[80.1989924,13.1032312]}, "properties": {"osm_id": 5338328029, "osm_type": "nodes", "public_transport": "platform", "highway": "bus_stop", "bus": "yes", "shelter": null, "operator": null, "name": "SIDCO Nagar"}},{"type": "Feature", "geometry": {"type":"Point","coordinates":[80.2026581,13.1036674]}, "properties": {"osm_id": 5338328041, "osm_type": "nodes", "public_transport": "platform", "highway": "bus_stop", "bus": "yes", "shelter": null, "operator": null, "name": "Nathamuni Theatre Stop"}},{"type": "Feature", "geometry": {"type":"Point","coordinates":[79.1372912,13.0552561]}, "properties": {"osm_id": 9457830942, "osm_type": "nodes", "public_transport": "platform", "highway": "bus_stop", "bus": "yes", "shelter": null, "operator": null, "name": "Panatoor Ctr To Vlr Public Bus Stop"}},{"type": "Feature", "geometry": {"type":"Point","coordinates":[79.2695916,13.0199503]}, "properties": {"osm_id": 7203595585, "osm_type": "nodes", "public_transport": null, "highway": "bus_stop", "bus": null, "shelter": null, "operator": null, "name": null}},{"type": "Feature", "geometry": {"type":"Point","coordinates":[80.2041542,13.0574894]}, "properties": {"osm_id": 402292545, "osm_type": "nodes", "public_transport": "platform", "highway": "bus_stop", "bus": "yes", "shelter": null, "operator": null, "name": null}},{"type": "Feature", "geometry": {"type":"Point","coordinates":[80.1734513,13.1326681]}, "properties": {"osm_id": 12202926833, "osm_type": "nodes", "public_transport": "platform", "highway": "bus_stop", "bus": "yes", "shelter": null, "operator": null, "name": "Kallikuppam"}},{"type": "Feature", "geometry": {"type":"Point","coordinates":[80.1696533,13.1319864]}, "properties": {"osm_id": 12202926835, "osm_type": "nodes", "public_transport": "platform", "highway": "bus_stop", "bus": "yes", "shelter": null, "operator": null, "name": "Kallikuppam koil"}},{"type": "Feature", "geometry": {"type":"Point","coordinates":[80.1652464,13.1319368]}, "properties": {"osm_id": 12202926836, "osm_type": "nodes", "public_transport": "platform", "highway": "bus_stop", "bus": "yes", "shelter": null, "operator": null, "name": "West balaji nagar"}},{"type": "Feature", "geometry": {"type":"Point","coordinates":[80.1460547,13.3147618]}, "properties": {"osm_id": 9854621466, "osm_type": "nodes", "public_transport": "platform", "highway": "bus_stop", "bus": "yes", "shelter": null, "operator": null, "name": null}},{"type": "Feature", "geometry": {"type":"Point","coordinates":[80.2368411,13.2850358]}, "properties": {"osm_id": 4582390873, "osm_type": "nodes", "public_transport": "platform", "highway": "bus_stop", "bus": "yes", "shelter": null, "operator": null, "name": "Athiyammapuram Bus Stop"}},{"type": "Feature", "geometry": {"type":"Point","coordinates":[80.2371784,13.1415836]}, "properties": {"osm_id": 1467456714, "osm_type": "nodes", "public_transport": "platform", "highway": "bus_stop", "bus": "yes", "shelter": null, "operator": null, "name": "Thabal Petti"}},{"type": "Feature", "geometry": {"type":"Point","coordinates":[79.1664946,12.9658761]}, "properties": {"osm_id": 6367890805, "osm_type": "nodes", "public_transport": null, "highway": "bus_stop", "bus": null, "shelter": null, "operator": null, "name": null}},{"type": "Feature", "geometry": {"type":"Point","coordinates":[79.1562523,12.9681416]}, "properties": {"osm_id": 10219868365, "osm_type": "nodes", "public_transport": "platform", "highway": "bus_stop", "bus": "yes", "shelter": "yes", "operator": null, "name": "VIT"}},{"type": "Feature", "geometry": {"type":"Point","coordinates":[79.155531,12.9681282]}, "properties": {"osm_id": 6367812228, "osm_type": "nodes", "public_transport": null, "highway": "bus_stop", "bus": null, "shelter": "yes", "operator": null, "name": "VIT"}},{"type": "Feature", "geometry": {"type":"Point","coordinates":[79.1687658,12.9392676]}, "properties": {"osm_id": 7174466287, "osm_type": "nodes", "public_transport": "platform", "highway": "bus_stop", "bus": "yes", "shelter": null, "operator": null, "name": null}},{"type": "Feature", "geometry": {"type":"Point","coordinates":[79.1680602,12.9386137]}, "properties": {"osm_id": 7116471387, "osm_type": "nodes", "public_transport": "platform", "highway": "bus_stop", "bus": "yes", "shelter": null, "operator": null, "name": null}},{"type": "Feature", "geometry": {"type":"Point","coordinates":[79.145653,12.9688212]}, "properties": {"osm_id": 6367812227, "osm_type": "nodes", "public_transport": "platform", "highway": "bus_stop", "bus": "yes", "shelter": null, "operator": null, "name": null}},{"type": "Feature", "geometry": {"type":"Point","coordinates":[79.2056253,12.9683995]}, "properties": {"osm_id": 6367892629, "osm_type": "nodes", "public_transport": null, "highway": "bus_stop", "bus": null, "shelter": null, "operator": null, "name": null}},{"type": "Feature", "geometry": {"type":"Point","coordinates":[79.192663,12.9681018]}, "properties": {"osm_id": 6367892628, "osm_type": "nodes", "public_transport": null, "highway": "bus_stop", "bus": null, "shelter": null, "operator": null, "name": null}},{"type": "Feature", "geometry": {"type":"Point","coordinates":[79.1823318,12.9684668]}, "properties": {"osm_id": 6367891887, "osm_type": "nodes", "public_transport": "platform", "highway": "bus_stop", "bus": "yes", "shelter": null, "operator": null, "name": null}},{"type": "Feature", "geometry": {"type":"Point","coordinates":[79.2061296,12.9466941]}, "properties": {"osm_id": 7116471385, "osm_type": "nodes", "public_transport": "platform", "highway": "bus_stop", "bus": "yes", "shelter": null, "operator": null, "name": null}},{"type": "Feature", "geometry": {"type":"Point","coordinates":[79.2348783,12.9798576]}, "properties": {"osm_id": 6367899494, "osm_type": "nodes", "public_transport": null, "highway": "bus_stop", "bus": null, "shelter": null, "operator": null, "name": null}},{"type": "Feature", "geometry": {"type":"Point","coordinates":[79.2412465,12.9923093]}, "properties": {"osm_id": 7128659485, "osm_type": "nodes", "public_transport": null, "highway": "bus_stop", "bus": null, "shelter": null, "operator": null, "name": null}},{"type": "Feature", "geometry": {"type":"Point","coordinates":[79.2453514,12.9969805]}, "properties": {"osm_id": 7128335385, "osm_type": "nodes", "public_transport": null, "highway": "bus_stop", "bus": null, "shelter": null, "operator": null, "name": null}},{"type": "Feature", "geometry": {"type":"Point","coordinates":[79.1372387,12.9660538]}, "properties": {"osm_id": 724100869, "osm_type": "nodes", "public_transport": null, "highway": "bus_stop", "bus": null, "shelter": null, "operator": null, "name": "Chitoor Bus Stand"}},{"type": "Feature", "geometry": {"type":"Point","coordinates":[79.1369696,12.9497479]}, "properties": {"osm_id": 3502549752, "osm_type": "nodes", "public_transport": "platform", "highway": "bus_stop", "bus": "yes", "shelter": "yes", "operator": null, "name": "Silk Mill"}},{"type": "Feature", "geometry": {"type":"Point","coordinates":[79.1372013,12.9710704]}, "properties": {"osm_id": 10926091571, "osm_type": "nodes", "public_transport": "platform", "highway": "bus_stop", "bus": "yes", "shelter": "yes", "operator": null, "name": null}},{"type": "Feature", "geometry": {"type":"Point","coordinates":[79.1324304,12.9948307]}, "properties": {"osm_id": 7186887385, "osm_type": "nodes", "public_transport": null, "highway": "bus_stop", "bus": null, "shelter": null, "operator": null, "name": null}},{"type": "Feature", "geometry": {"type":"Point","coordinates":[79.7846999,13.0179635]}, "properties": {"osm_id": 5227500811, "osm_type": "nodes", "public_transport": null, "highway": "bus_stop", "bus": null, "shelter": null, "operator": null, "name": "Maarimangalam"}},{"type": "Feature", "geometry": {"type":"Point","coordinates":[79.7759854,13.0143238]}, "properties": {"osm_id": 5227501452, "osm_type": "nodes", "public_transport": null, "highway": "bus_stop", "bus": null, "shelter": null, "operator": null, "name": "Prayanguppam"}},{"type": "Feature", "geometry": {"type":"Point","coordinates":[79.8010662,13.0287252]}, "properties": {"osm_id": 5227495717, "osm_type": "nodes", "public_transport": null, "highway": "bus_stop", "bus": null, "shelter": null, "operator": null, "name": "Narasingapuram Bus Stop"}},{"type": "Feature", "geometry": {"type":"Point","coordinates":[79.398706,13.2089546]}, "properties": {"osm_id": 11035179572, "osm_type": "nodes", "public_transport": "platform", "highway": "bus_stop", "bus": "yes", "shelter": null, "operator": null, "name": "Palasamudram Bus Stop"}},{"type": "Feature", "geometry": {"type":"Point","coordinates":[79.5021697,13.172964]}, "properties": {"osm_id": 7203595389, "osm_type": "nodes", "public_transport": null, "highway": "bus_stop", "bus": null, "shelter": null, "operator": null, "name": null}},{"type": "Feature", "geometry": {"type":"Point","coordinates":[80.2210224,12.6981041]}, "properties": {"osm_id": 3259625476, "osm_type": "nodes", "public_transport": null, "highway": "bus_stop", "bus": null, "shelter": null, "operator": null, "name": "Nemmili Saibaba"}},{"type": "Feature", "geometry": {"type":"Point","coordinates":[80.2160919,12.6864076]}, "properties": {"osm_id": 3259631242, "osm_type": "nodes", "public_transport": null, "highway": "bus_stop", "bus": null, "shelter": null, "operator": null, "name": "Pattipulam Tea Kadai"}},{"type": "Feature", "geometry": {"type":"Point","coordinates":[79.6258407,13.083012]}, "properties": {"osm_id": 12460742095, "osm_type": "nodes", "public_transport": "platform", "highway": "bus_stop", "bus": "yes", "shelter": null, "operator": null, "name": null}},{"type": "Feature", "geometry": {"type":"Point","coordinates":[79.6442373,13.1145441]}, "properties": {"osm_id": 12460742096, "osm_type": "nodes", "public_transport": "platform", "highway": "bus_stop", "bus": "yes", "shelter": null, "operator": null, "name": null}},{"type": "Feature", "geometry": {"type":"Point","coordinates":[79.1338393,12.9288325]}, "properties": {"osm_id": 4693433969, "osm_type": "nodes", "public_transport": "platform", "highway": "bus_stop", "bus": "yes", "shelter": null, "operator": null, "name": "National theatre"}},{"type": "Feature", "geometry": {"type":"Point","coordinates":[79.1300117,12.8792168]}, "properties": {"osm_id": 4693434185, "osm_type": "nodes", "public_transport": null, "highway": "bus_stop", "bus": null, "shelter": null, "operator": null, "name": "Christian Medical College"}},{"type": "Feature", "geometry": {"type":"Point","coordinates":[79.1296743,12.8968267]}, "properties": {"osm_id": 4693434959, "osm_type": "nodes", "public_transport": "platform", "highway": "bus_stop", "bus": "yes", "shelter": null, "operator": null, "name": "Circuit House"}},{"type": "Feature", "geometry": {"type":"Point","coordinates":[79.1352936,12.9016131]}, "properties": {"osm_id": 4693430388, "osm_type": "nodes", "public_transport": "platform", "highway": "bus_stop", "bus": "yes", "shelter": null, "operator": null, "name": "Sankaranpalayam"}},{"type": "Feature", "geometry": {"type":"Point","coordinates":[79.1316656,12.9029978]}, "properties": {"osm_id": 4693434991, "osm_type": "nodes", "public_transport": "platform", "highway": "bus_stop", "bus": "yes", "shelter": null, "operator": null, "name": "Lakshmi theatre"}},{"type": "Feature", "geometry": {"type":"Point","coordinates":[79.1326567,12.9148917]}, "properties": {"osm_id": 4693433972, "osm_type": "nodes", "public_transport": "platform", "highway": "bus_stop", "bus": "yes", "shelter": null, "operator": null, "name": "Raja theatre"}},{"type": "Feature", "geometry": {"type":"Point","coordinates":[79.1339198,12.9076027]}, "properties": {"osm_id": 4693434177, "osm_type": "nodes", "public_transport": "platform", "highway": "bus_stop", "bus": "yes", "shelter": null, "operator": null, "name": "Thinakaran"}},{"type": "Feature", "geometry": {"type":"Point","coordinates":[79.1318875,12.9071184]}, "properties": {"osm_id": 4693434992, "osm_type": "nodes", "public_transport": "platform", "highway": "bus_stop", "bus": "yes", "shelter": null, "operator": null, "name": "Muslim high school"}},{"type": "Feature", "geometry": {"type":"Point","coordinates":[79.1319731,12.9199259]}, "properties": {"osm_id": 12369335274, "osm_type": "nodes", "public_transport": "platform", "highway": "bus_stop", "bus": "yes", "shelter": null, "operator": null, "name": null}},{"type": "Feature", "geometry": {"type":"Point","coordinates":[79.8314392,12.4301634]}, "properties": {"osm_id": 3383986104, "osm_type": "nodes", "public_transport": "platform", "highway": "bus_stop", "bus": "yes", "shelter": "yes", "operator": "TNSTC", "name": "Maruvathur bus stop ( towards Chennai)"}},{"type": "Feature", "geometry": {"type":"Point","coordinates":[79.8317129,12.4296184]}, "properties": {"osm_id": 3383988514, "osm_type": "nodes", "public_transport": "platform", "highway": "bus_stop", "bus": "yes", "shelter": "yes", "operator": "TNSTC", "name": "Maruvathur bus stop"}},{"type": "Feature", "geometry": {"type":"Point","coordinates":[80.2112943,13.0651401]}, "properties": {"osm_id": 5400382522, "osm_type": "nodes", "public_transport": "platform", "highway": "bus_stop", "bus": "yes", "shelter": null, "operator": "Metropolitan Transport Corporation (Chennai) Ltd.", "name": "MMDA"}},{"type": "Feature", "geometry": {"type":"Point","coordinates":[79.9936674,13.1373065]}, "properties": {"osm_id": 10237564021, "osm_type": "nodes", "public_transport": "platform", "highway": "bus_stop", "bus": "yes", "shelter": null, "operator": null, "name": "Ayathur Chathiram"}},{"type": "Feature", "geometry": {"type":"Point","coordinates":[80.0114855,13.1264625]}, "properties": {"osm_id": 10235135128, "osm_type": "nodes", "public_transport": "platform", "highway": "bus_stop", "bus": "yes", "shelter": null, "operator": null, "name": "Church"}},{"type": "Feature", "geometry": {"type":"Point","coordinates":[80.3134402,13.1912925]}, "properties": {"osm_id": 12458710742, "osm_type": "nodes", "public_transport": "platform", "highway": "bus_stop", "bus": "yes", "shelter": null, "operator": null, "name": "Periyakasi Temple Stop"}},{"type": "Feature", "geometry": {"type":"Point","coordinates":[80.3076209,13.1862231]}, "properties": {"osm_id": 12458688674, "osm_type": "nodes", "public_transport": "platform", "highway": "bus_stop", "bus": "yes", "shelter": "yes", "operator": null, "name": null}},{"type": "Feature", "geometry": {"type":"Point","coordinates":[79.2362537,13.2169852]}, "properties": {"osm_id": 11035214119, "osm_type": "nodes", "public_transport": "platform", "highway": "bus_stop", "bus": "yes", "shelter": null, "operator": null, "name": "Musagaripalle  Bus Stop"}},{"type": "Feature", "geometry": {"type":"Point","coordinates":[79.2533216,13.1220452]}, "properties": {"osm_id": 7203595587, "osm_type": "nodes", "public_transport": "platform", "highway": "bus_stop", "bus": "yes", "shelter": null, "operator": null, "name": null}},{"type": "Feature", "geometry": {"type":"Point","coordinates":[79.2642998,13.0958747]}, "properties": {"osm_id": 7203595487, "osm_type": "nodes", "public_transport": null, "highway": "bus_stop", "bus": null, "shelter": null, "operator": null, "name": null}},{"type": "Feature", "geometry": {"type":"Point","coordinates":[79.5067513,12.8970898]}, "properties": {"osm_id": 7115769685, "osm_type": "nodes", "public_transport": null, "highway": "bus_stop", "bus": null, "shelter": null, "operator": null, "name": null}},{"type": "Feature", "geometry": {"type":"Point","coordinates":[79.1314314,13.0948813]}, "properties": {"osm_id": 9392327304, "osm_type": "nodes", "public_transport": "platform", "highway": "bus_stop", "bus": "yes", "shelter": "yes", "operator": "Public Transport Bus Stop", "name": "Vasanthapuram Bus Stop"}},{"type": "Feature", "geometry": {"type":"Point","coordinates":[79.1505424,13.2217855]}, "properties": {"osm_id": 11035214132, "osm_type": "nodes", "public_transport": "platform", "highway": "bus_stop", "bus": "yes", "shelter": null, "operator": null, "name": "Thana Checkpost Bus Stop"}},{"type": "Feature", "geometry": {"type":"Point","coordinates":[80.1163829,13.1811273]}, "properties": {"osm_id": 9865114872, "osm_type": "nodes", "public_transport": "platform", "highway": "bus_stop", "bus": "yes", "shelter": null, "operator": null, "name": null}},{"type": "Feature", "geometry": {"type":"Point","coordinates":[80.1013557,13.1789921]}, "properties": {"osm_id": 9865114985, "osm_type": "nodes", "public_transport": "platform", "highway": "bus_stop", "bus": "yes", "shelter": null, "operator": null, "name": null}},{"type": "Feature", "geometry": {"type":"Point","coordinates":[80.1605258,13.2023788]}, "properties": {"osm_id": 9864935094, "osm_type": "nodes", "public_transport": "platform", "highway": "bus_stop", "bus": "yes", "shelter": null, "operator": null, "name": "Vijayanallur"}},{"type": "Feature", "geometry": {"type":"Point","coordinates":[79.8775986,12.8285961]}, "properties": {"osm_id": 5300479523, "osm_type": "nodes", "public_transport": null, "highway": "bus_stop", "bus": null, "shelter": null, "operator": null, "name": null}},{"type": "Feature", "geometry": {"type":"Point","coordinates":[79.286998,12.970482]}, "properties": {"osm_id": 4820821521, "osm_type": "nodes", "public_transport": "platform", "highway": "bus_stop", "bus": "yes", "shelter": null, "operator": null, "name": "பெல்"}},{"type": "Feature", "geometry": {"type":"Point","coordinates":[79.2754126,12.9197299]}, "properties": {"osm_id": 7792287788, "osm_type": "nodes", "public_transport": "platform", "highway": "bus_stop", "bus": "yes", "shelter": null, "operator": null, "name": null}},{"type": "Feature", "geometry": {"type":"Point","coordinates":[79.2667591,12.9259964]}, "properties": {"osm_id": 7174466486, "osm_type": "nodes", "public_transport": "platform", "highway": "bus_stop", "bus": "yes", "shelter": null, "operator": null, "name": null}},{"type": "Feature", "geometry": {"type":"Point","coordinates":[79.3248425,12.9364987]}, "properties": {"osm_id": 6158413916, "osm_type": "nodes", "public_transport": "platform", "highway": "bus_stop", "bus": "yes", "shelter": "yes", "operator": null, "name": "Kaarai Bus stop"}},{"type": "Feature", "geometry": {"type":"Point","coordinates":[79.2879389,12.9151629]}, "properties": {"osm_id": 7116464687, "osm_type": "nodes", "public_transport": "platform", "highway": "bus_stop", "bus": "yes", "shelter": null, "operator": null, "name": null}},{"type": "Feature", "geometry": {"type":"Point","coordinates":[79.9898641,13.1421554]}, "properties": {"osm_id": 10237557281, "osm_type": "nodes", "public_transport": "platform", "highway": "bus_stop", "bus": "yes", "shelter": null, "operator": null, "name": "Sri Chelliamman Temple"}},{"type": "Feature", "geometry": {"type":"Point","coordinates":[79.989726,13.1421791]}, "properties": {"osm_id": 10237557280, "osm_type": "nodes", "public_transport": "platform", "highway": "bus_stop", "bus": "yes", "shelter": null, "operator": null, "name": "Sri Chelliamman Temple"}},{"type": "Feature", "geometry": {"type":"Point","coordinates":[80.0562176,13.1521683]}, "properties": {"osm_id": 9865115629, "osm_type": "nodes", "public_transport": "platform", "highway": "bus_stop", "bus": "yes", "shelter": null, "operator": null, "name": null}},{"type": "Feature", "geometry": {"type":"Point","coordinates":[79.8027137,13.3792627]}, "properties": {"osm_id": 10833403768, "osm_type": "nodes", "public_transport": "platform", "highway": "bus_stop", "bus": "yes", "shelter": null, "operator": null, "name": "Nagalapuram Bypass Bus Stop"}},{"type": "Feature", "geometry": {"type":"Point","coordinates":[79.1333775,12.9255495]}, "properties": {"osm_id": 4693433970, "osm_type": "nodes", "public_transport": "platform", "highway": "bus_stop", "bus": "yes", "shelter": null, "operator": null, "name": "CMC Hospital"}},{"type": "Feature", "geometry": {"type":"Point","coordinates":[79.137884,12.9320348]}, "properties": {"osm_id": 4727143391, "osm_type": "nodes", "public_transport": "platform", "highway": "bus_stop", "bus": "yes", "shelter": null, "operator": null, "name": null}},{"type": "Feature", "geometry": {"type":"Point","coordinates":[79.1331136,12.9128067]}, "properties": {"osm_id": 4693433973, "osm_type": "nodes", "public_transport": "platform", "highway": "bus_stop", "bus": "yes", "shelter": null, "operator": null, "name": "CMC Eye Hospital"}},{"type": "Feature", "geometry": {"type":"Point","coordinates":[80.2160469,13.0416992]}, "properties": {"osm_id": 1955951301, "osm_type": "nodes", "public_transport": "platform", "highway": "bus_stop", "bus": "yes", "shelter": null, "operator": null, "name": "Pudhur High School Bus Stop"}},{"type": "Feature", "geometry": {"type":"Point","coordinates":[80.2161173,13.0418514]}, "properties": {"osm_id": 1955951298, "osm_type": "nodes", "public_transport": "platform", "highway": "bus_stop", "bus": "yes", "shelter": null, "operator": null, "name": "Pudhur High School Bus Stop"}},{"type": "Feature", "geometry": {"type":"Point","coordinates":[80.2330053,13.0466924]}, "properties": {"osm_id": 1676252666, "osm_type": "nodes", "public_transport": "platform", "highway": "bus_stop", "bus": "yes", "shelter": null, "operator": null, "name": null}},{"type": "Feature", "geometry": {"type":"Point","coordinates":[80.1839637,13.0314288]}, "properties": {"osm_id": 1015570222, "osm_type": "nodes", "public_transport": null, "highway": "bus_stop", "bus": "yes", "shelter": null, "operator": null, "name": "Arasamaram Bus Stop"}},{"type": "Feature", "geometry": {"type":"Point","coordinates":[80.1781903,13.0419272]}, "properties": {"osm_id": 597593840, "osm_type": "nodes", "public_transport": null, "highway": "bus_stop", "bus": "yes", "shelter": null, "operator": null, "name": "Kesavardhini bus stop"}},{"type": "Feature", "geometry": {"type":"Point","coordinates":[80.1757089,13.0417795]}, "properties": {"osm_id": 10606088293, "osm_type": "nodes", "public_transport": null, "highway": "bus_stop", "bus": null, "shelter": null, "operator": null, "name": "Sridevi Kuppam main road bus stop"}},{"type": "Feature", "geometry": {"type":"Point","coordinates":[80.1969563,13.0393621]}, "properties": {"osm_id": 1015575361, "osm_type": "nodes", "public_transport": "platform", "highway": "bus_stop", "bus": "yes", "shelter": null, "operator": null, "name": "Ayyapan Koil"}},{"type": "Feature", "geometry": {"type":"Point","coordinates":[80.1932226,13.0417139]}, "properties": {"osm_id": 1015578911, "osm_type": "nodes", "public_transport": "platform", "highway": "bus_stop", "bus": "yes", "shelter": null, "operator": null, "name": "Pondicherry Guest house"}},{"type": "Feature", "geometry": {"type":"Point","coordinates":[80.1936767,13.0441881]}, "properties": {"osm_id": 389964617, "osm_type": "nodes", "public_transport": "platform", "highway": "bus_stop", "bus": "yes", "shelter": null, "operator": null, "name": "KK Nagar West MTC Terminus"}},{"type": "Feature", "geometry": {"type":"Point","coordinates":[80.191524,13.0465771]}, "properties": {"osm_id": 3990598049, "osm_type": "nodes", "public_transport": "platform", "highway": "bus_stop", "bus": "yes", "shelter": null, "operator": null, "name": "Virugambakkam"}},{"type": "Feature", "geometry": {"type":"Point","coordinates":[80.0578133,13.0404738]}, "properties": {"osm_id": 3264834152, "osm_type": "nodes", "public_transport": null, "highway": "bus_stop", "bus": "yes", "shelter": null, "operator": null, "name": "Main Road"}},{"type": "Feature", "geometry": {"type":"Point","coordinates":[80.0888038,13.0326982]}, "properties": {"osm_id": 9858006769, "osm_type": "nodes", "public_transport": "platform", "highway": "bus_stop", "bus": "yes", "shelter": null, "operator": null, "name": null}},{"type": "Feature", "geometry": {"type":"Point","coordinates":[80.089621,13.0327484]}, "properties": {"osm_id": 9859637919, "osm_type": "nodes", "public_transport": "platform", "highway": "bus_stop", "bus": "yes", "shelter": null, "operator": null, "name": null}},{"type": "Feature", "geometry": {"type":"Point","coordinates":[80.2349394,13.0570031]}, "properties": {"osm_id": 2482301372, "osm_type": "nodes", "public_transport": null, "highway": "bus_stop", "bus": "yes", "shelter": null, "operator": null, "name": null}},{"type": "Feature", "geometry": {"type":"Point","coordinates":[80.2427631,13.0577143]}, "properties": {"osm_id": 7255708042, "osm_type": "nodes", "public_transport": "platform", "highway": "bus_stop", "bus": "yes", "shelter": null, "operator": null, "name": "Nungambakkam Police Station"}},{"type": "Feature", "geometry": {"type":"Point","coordinates":[80.2423007,13.05383]}, "properties": {"osm_id": 7871877992, "osm_type": "nodes", "public_transport": "platform", "highway": "bus_stop", "bus": "yes", "shelter": "yes", "operator": null, "name": "Valluvar Kottam"}},{"type": "Feature", "geometry": {"type":"Point","coordinates":[80.2403628,13.0503752]}, "properties": {"osm_id": 2482301305, "osm_type": "nodes", "public_transport": "platform", "highway": "bus_stop", "bus": "yes", "shelter": null, "operator": null, "name": null}},{"type": "Feature", "geometry": {"type":"Point","coordinates":[80.2487138,13.0573221]}, "properties": {"osm_id": 3216991543, "osm_type": "nodes", "public_transport": "platform", "highway": "bus_stop", "bus": "yes", "shelter": "yes", "operator": null, "name": "Income Tax Offrice"}},{"type": "Feature", "geometry": {"type":"Point","coordinates":[80.2493825,13.0553071]}, "properties": {"osm_id": 3215497034, "osm_type": "nodes", "public_transport": "platform", "highway": "bus_stop", "bus": "yes", "shelter": null, "operator": null, "name": "Gemini"}},{"type": "Feature", "geometry": {"type":"Point","coordinates":[80.2496516,13.0549585]}, "properties": {"osm_id": 3216995418, "osm_type": "nodes", "public_transport": "platform", "highway": "bus_stop", "bus": "yes", "shelter": "yes", "operator": null, "name": "Gemini"}},{"type": "Feature", "geometry": {"type":"Point","coordinates":[80.2479376,13.0533162]}, "properties": {"osm_id": 7255754030, "osm_type": "nodes", "public_transport": "platform", "highway": "bus_stop", "bus": "yes", "shelter": null, "operator": null, "name": "Bus stop"}},{"type": "Feature", "geometry": {"type":"Point","coordinates":[80.2479182,13.0531886]}, "properties": {"osm_id": 959609084, "osm_type": "nodes", "public_transport": "platform", "highway": "bus_stop", "bus": "yes", "shelter": null, "operator": null, "name": null}},{"type": "Feature", "geometry": {"type":"Point","coordinates":[80.2460822,13.0485705]}, "properties": {"osm_id": 9554147562, "osm_type": "nodes", "public_transport": "platform", "highway": "bus_stop", "bus": "yes", "shelter": null, "operator": null, "name": "GN Chetty Road"}},{"type": "Feature", "geometry": {"type":"Point","coordinates":[80.2487062,13.0470132]}, "properties": {"osm_id": 365279752, "osm_type": "nodes", "public_transport": "platform", "highway": "bus_stop", "bus": "yes", "shelter": "yes", "operator": null, "name": "DMS"}},{"type": "Feature", "geometry": {"type":"Point","coordinates":[80.3088046,13.1841093]}, "properties": {"osm_id": 12458713955, "osm_type": "nodes", "public_transport": "platform", "highway": "bus_stop", "bus": "yes", "shelter": "no", "operator": null, "name": "ITC bus Stop"}},{"type": "Feature", "geometry": {"type":"Point","coordinates":[80.3085916,13.1839156]}, "properties": {"osm_id": 12458713956, "osm_type": "nodes", "public_transport": "platform", "highway": "bus_stop", "bus": "yes", "shelter": "no", "operator": null, "name": "ITC Bus Stop"}},{"type": "Feature", "geometry": {"type":"Point","coordinates":[79.8171036,12.7915802]}, "properties": {"osm_id": 7266257987, "osm_type": "nodes", "public_transport": null, "highway": "bus_stop", "bus": null, "shelter": null, "operator": null, "name": null}},{"type": "Feature", "geometry": {"type":"Point","coordinates":[79.8198416,12.7988605]}, "properties": {"osm_id": 7266259286, "osm_type": "nodes", "public_transport": null, "highway": "bus_stop", "bus": null, "shelter": null, "operator": null, "name": null}},{"type": "Feature", "geometry": {"type":"Point","coordinates":[79.7848974,12.7983431]}, "properties": {"osm_id": 5300479625, "osm_type": "nodes", "public_transport": null, "highway": "bus_stop", "bus": null, "shelter": null, "operator": null, "name": null}},{"type": "Feature", "geometry": {"type":"Point","coordinates":[80.214339,13.0505119]}, "properties": {"osm_id": 1863536092, "osm_type": "nodes", "public_transport": "platform", "highway": "bus_stop", "bus": "yes", "shelter": null, "operator": null, "name": null}},{"type": "Feature", "geometry": {"type":"Point","coordinates":[80.207122,13.0489528]}, "properties": {"osm_id": 400900776, "osm_type": "nodes", "public_transport": null, "highway": "bus_stop", "bus": "yes", "shelter": null, "operator": null, "name": null}},{"type": "Feature", "geometry": {"type":"Point","coordinates":[80.211988,13.0488793]}, "properties": {"osm_id": 1007625832, "osm_type": "nodes", "public_transport": "platform", "highway": "bus_stop", "bus": "yes", "shelter": null, "operator": null, "name": "Vadapalani Junction"}},{"type": "Feature", "geometry": {"type":"Point","coordinates":[80.2119327,13.0470241]}, "properties": {"osm_id": 400900464, "osm_type": "nodes", "public_transport": "platform", "highway": "bus_stop", "bus": "yes", "shelter": null, "operator": null, "name": null}},{"type": "Feature", "geometry": {"type":"Point","coordinates":[80.2123446,13.0476117]}, "properties": {"osm_id": 5400381618, "osm_type": "nodes", "public_transport": "platform", "highway": "bus_stop", "bus": "yes", "shelter": null, "operator": null, "name": "Sivan Kovil"}},{"type": "Feature", "geometry": {"type":"Point","coordinates":[80.2071743,13.0488035]}, "properties": {"osm_id": 2271085296, "osm_type": "nodes", "public_transport": null, "highway": "bus_stop", "bus": "yes", "shelter": null, "operator": null, "name": null}},{"type": "Feature", "geometry": {"type":"Point","coordinates":[80.2114618,13.053955]}, "properties": {"osm_id": 5318530216, "osm_type": "nodes", "public_transport": "platform", "highway": "bus_stop", "bus": "yes", "shelter": "yes", "operator": "Metropolitan Transport Corporation (Chennai) Ltd.", "name": "Vadapalani (Nerkundram Pathai)"}},{"type": "Feature", "geometry": {"type":"Point","coordinates":[80.2161535,13.0343805]}, "properties": {"osm_id": 1955951295, "osm_type": "nodes", "public_transport": "platform", "highway": "bus_stop", "bus": "yes", "shelter": null, "operator": null, "name": "Ram Colony"}},{"type": "Feature", "geometry": {"type":"Point","coordinates":[80.2242183,13.031205]}, "properties": {"osm_id": 4153840489, "osm_type": "nodes", "public_transport": "platform", "highway": "bus_stop", "bus": "yes", "shelter": null, "operator": null, "name": "Srinivasa Theatre"}},{"type": "Feature", "geometry": {"type":"Point","coordinates":[80.2242622,13.0290249]}, "properties": {"osm_id": 4153840390, "osm_type": "nodes", "public_transport": "platform", "highway": "bus_stop", "bus": "yes", "shelter": null, "operator": null, "name": "Oxford School"}},{"type": "Feature", "geometry": {"type":"Point","coordinates":[80.2814746,13.0876798]}, "properties": {"osm_id": 9504474776, "osm_type": "nodes", "public_transport": "platform", "highway": "bus_stop", "bus": "yes", "shelter": null, "operator": null, "name": "Flower Bazaar"}},{"type": "Feature", "geometry": {"type":"Point","coordinates":[80.2261973,13.0220342]}, "properties": {"osm_id": 9920341481, "osm_type": "nodes", "public_transport": "platform", "highway": "bus_stop", "bus": "yes", "shelter": null, "operator": null, "name": null}},{"type": "Feature", "geometry": {"type":"Point","coordinates":[80.2246585,13.0195637]}, "properties": {"osm_id": 303512414, "osm_type": "nodes", "public_transport": "platform", "highway": "bus_stop", "bus": "yes", "shelter": null, "operator": null, "name": "சைதாப்பேட்டை பாலம்"}},{"type": "Feature", "geometry": {"type":"Point","coordinates":[80.2772514,13.033435]}, "properties": {"osm_id": 4763213172, "osm_type": "nodes", "public_transport": null, "highway": "bus_stop", "bus": "yes", "shelter": null, "operator": null, "name": null}},{"type": "Feature", "geometry": {"type":"Point","coordinates":[80.2775015,13.0326478]}, "properties": {"osm_id": 4763212995, "osm_type": "nodes", "public_transport": null, "highway": "bus_stop", "bus": "yes", "shelter": null, "operator": null, "name": null}},{"type": "Feature", "geometry": {"type":"Point","coordinates":[80.1694157,13.0890597]}, "properties": {"osm_id": 9370309976, "osm_type": "nodes", "public_transport": "platform", "highway": "bus_stop", "bus": "yes", "shelter": null, "operator": "Metropolitan Transport Corporation (Chennai) Ltd.", "name": "Mogaipair Junction"}},{"type": "Feature", "geometry": {"type":"Point","coordinates":[79.4046353,12.2543254]}, "properties": {"osm_id": 2154075182, "osm_type": "nodes", "public_transport": "platform", "highway": "bus_stop", "bus": "yes", "shelter": null, "operator": null, "name": null}},{"type": "Feature", "geometry": {"type":"Point","coordinates":[79.7347958,12.8174406]}, "properties": {"osm_id": 7266259293, "osm_type": "nodes", "public_transport": "platform", "highway": "bus_stop", "bus": "yes", "shelter": null, "operator": null, "name": null}},{"type": "Feature", "geometry": {"type":"Point","coordinates":[79.7384579,12.8166791]}, "properties": {"osm_id": 7266259292, "osm_type": "nodes", "public_transport": "platform", "highway": "bus_stop", "bus": "yes", "shelter": null, "operator": null, "name": null}},{"type": "Feature", "geometry": {"type":"Point","coordinates":[80.0901401,13.0290577]}, "properties": {"osm_id": 9858006724, "osm_type": "nodes", "public_transport": "platform", "highway": "bus_stop", "bus": "yes", "shelter": null, "operator": null, "name": "Malayambakkam-Stalin Nagar"}},{"type": "Feature", "geometry": {"type":"Point","coordinates":[80.0913118,13.0085169]}, "properties": {"osm_id": 9858326268, "osm_type": "nodes", "public_transport": "platform", "highway": "bus_stop", "bus": "yes", "shelter": null, "operator": null, "name": "South Malayambakkam"}},{"type": "Feature", "geometry": {"type":"Point","coordinates":[80.0937053,13.0146463]}, "properties": {"osm_id": 9858314115, "osm_type": "nodes", "public_transport": "platform", "highway": "bus_stop", "bus": "yes", "shelter": null, "operator": null, "name": "Chikkarayapuram"}},{"type": "Feature", "geometry": {"type":"Point","coordinates":[80.181918,13.0984444]}, "properties": {"osm_id": 8976358611, "osm_type": "nodes", "public_transport": "platform", "highway": "bus_stop", "bus": "yes", "shelter": null, "operator": null, "name": "Brittania bus stop"}},{"type": "Feature", "geometry": {"type":"Point","coordinates":[80.1834048,13.108223]}, "properties": {"osm_id": 2739929645, "osm_type": "nodes", "public_transport": null, "highway": "bus_stop", "bus": null, "shelter": "yes", "operator": "MTC", "name": "Korattur 41D Bus Stand"}},{"type": "Feature", "geometry": {"type":"Point","coordinates":[80.1896304,13.1008368]}, "properties": {"osm_id": 7794498887, "osm_type": "nodes", "public_transport": "platform", "highway": "bus_stop", "bus": "yes", "shelter": null, "operator": "MTC", "name": "Lucas TVS Bus stop"}},{"type": "Feature", "geometry": {"type":"Point","coordinates":[80.1987163,13.0941517]}, "properties": {"osm_id": 7796591115, "osm_type": "nodes", "public_transport": "platform", "highway": "bus_stop", "bus": "yes", "shelter": null, "operator": null, "name": "Anna Nagar West"}},{"type": "Feature", "geometry": {"type":"Point","coordinates":[80.1984396,13.0917305]}, "properties": {"osm_id": 6518468529, "osm_type": "nodes", "public_transport": null, "highway": "bus_stop", "bus": null, "shelter": null, "operator": null, "name": "Bus Stop"}},{"type": "Feature", "geometry": {"type":"Point","coordinates":[80.1987219,13.0906372]}, "properties": {"osm_id": 10291068729, "osm_type": "nodes", "public_transport": "platform", "highway": "bus_stop", "bus": "yes", "shelter": null, "operator": null, "name": "Thirumanglam"}},{"type": "Feature", "geometry": {"type":"Point","coordinates":[80.1974447,13.0873581]}, "properties": {"osm_id": 5373987234, "osm_type": "nodes", "public_transport": "platform", "highway": "bus_stop", "bus": null, "shelter": null, "operator": null, "name": "Thirumangalam EB Office"}},{"type": "Feature", "geometry": {"type":"Point","coordinates":[80.1981881,13.0870648]}, "properties": {"osm_id": 5239594891, "osm_type": "nodes", "public_transport": "platform", "highway": "bus_stop", "bus": "yes", "shelter": "yes", "operator": "Metropolitan Transport Corporation (Chennai) Ltd.", "name": "Thirumangalam EB Office Bus Stop"}},{"type": "Feature", "geometry": {"type":"Point","coordinates":[80.1903448,13.0878057]}, "properties": {"osm_id": 5394814347, "osm_type": "nodes", "public_transport": "platform", "highway": "bus_stop", "bus": null, "shelter": null, "operator": null, "name": "Collector Nagar"}},{"type": "Feature", "geometry": {"type":"Point","coordinates":[80.1893914,13.0875626]}, "properties": {"osm_id": 5394822729, "osm_type": "nodes", "public_transport": "platform", "highway": "bus_stop", "bus": "yes", "shelter": null, "operator": null, "name": "Collector Nagar"}},{"type": "Feature", "geometry": {"type":"Point","coordinates":[80.2651734,13.0251384]}, "properties": {"osm_id": 410613378, "osm_type": "nodes", "public_transport": null, "highway": "bus_stop", "bus": "yes", "shelter": null, "operator": null, "name": null}},{"type": "Feature", "geometry": {"type":"Point","coordinates":[80.2593497,13.0148091]}, "properties": {"osm_id": 249497892, "osm_type": "nodes", "public_transport": "platform", "highway": "bus_stop", "bus": "yes", "shelter": null, "operator": null, "name": "Sathya Studio"}},{"type": "Feature", "geometry": {"type":"Point","coordinates":[80.2591757,13.014823]}, "properties": {"osm_id": 5631301097, "osm_type": "nodes", "public_transport": "platform", "highway": "bus_stop", "bus": "yes", "shelter": null, "operator": null, "name": "Sathya Studio"}},{"type": "Feature", "geometry": {"type":"Point","coordinates":[80.2598201,13.0293892]}, "properties": {"osm_id": 303536872, "osm_type": "nodes", "public_transport": "platform", "highway": "bus_stop", "bus": "yes", "shelter": null, "operator": null, "name": null}},{"type": "Feature", "geometry": {"type":"Point","coordinates":[80.1524361,13.1060625]}, "properties": {"osm_id": 7869100700, "osm_type": "nodes", "public_transport": "platform", "highway": "bus_stop", "bus": "yes", "shelter": null, "operator": null, "name": "Dunlop"}},{"type": "Feature", "geometry": {"type":"Point","coordinates":[80.1563349,13.1037511]}, "properties": {"osm_id": 7185777641, "osm_type": "nodes", "public_transport": "platform", "highway": "bus_stop", "bus": null, "shelter": null, "operator": null, "name": "T I Miller Bus Stop"}},{"type": "Feature", "geometry": {"type":"Point","coordinates":[80.1566326,13.1034994]}, "properties": {"osm_id": 7185834751, "osm_type": "nodes", "public_transport": "platform", "highway": "bus_stop", "bus": null, "shelter": null, "operator": null, "name": "T I Miller Bus Stop"}},{"type": "Feature", "geometry": {"type":"Point","coordinates":[80.1625708,13.1015063]}, "properties": {"osm_id": 7796477452, "osm_type": "nodes", "public_transport": "platform", "highway": "bus_stop", "bus": "yes", "shelter": null, "operator": null, "name": "Telephone Exchange Bus Stop"}},{"type": "Feature", "geometry": {"type":"Point","coordinates":[80.1703579,13.0998328]}, "properties": {"osm_id": 7796477467, "osm_type": "nodes", "public_transport": "platform", "highway": "bus_stop", "bus": "yes", "shelter": null, "operator": null, "name": "Ambattur Industrial Estate Bus Stop"}},{"type": "Feature", "geometry": {"type":"Point","coordinates":[80.2585701,13.0076573]}, "properties": {"osm_id": 3215416374, "osm_type": "nodes", "public_transport": "platform", "highway": "bus_stop", "bus": "yes", "shelter": null, "operator": null, "name": "Adayar Signal"}},{"type": "Feature", "geometry": {"type":"Point","coordinates":[80.2615847,13.0073755]}, "properties": {"osm_id": 3377597538, "osm_type": "nodes", "public_transport": null, "highway": "bus_stop", "bus": "yes", "shelter": null, "operator": null, "name": "Avvaai Illam"}},{"type": "Feature", "geometry": {"type":"Point","coordinates":[80.2594022,13.0098921]}, "properties": {"osm_id": 9849242230, "osm_type": "nodes", "public_transport": "platform", "highway": "bus_stop", "bus": "yes", "shelter": null, "operator": null, "name": null}},{"type": "Feature", "geometry": {"type":"Point","coordinates":[80.2592709,13.0110148]}, "properties": {"osm_id": 334713155, "osm_type": "nodes", "public_transport": "platform", "highway": "bus_stop", "bus": "yes", "shelter": null, "operator": null, "name": "Banyan Tree"}},{"type": "Feature", "geometry": {"type":"Point","coordinates":[80.2587288,13.0078478]}, "properties": {"osm_id": 334713159, "osm_type": "nodes", "public_transport": null, "highway": "bus_stop", "bus": "yes", "shelter": null, "operator": null, "name": "Malar Hospital"}},{"type": "Feature", "geometry": {"type":"Point","coordinates":[80.2529106,13.0329132]}, "properties": {"osm_id": 9920387336, "osm_type": "nodes", "public_transport": "platform", "highway": "bus_stop", "bus": "yes", "shelter": null, "operator": "Metropolitan Transport Corporation (Chennai) Ltd.", "name": "TTK Road"}},{"type": "Feature", "geometry": {"type":"Point","coordinates":[80.2529435,13.0332207]}, "properties": {"osm_id": 303010139, "osm_type": "nodes", "public_transport": "platform", "highway": "bus_stop", "bus": "yes", "shelter": null, "operator": null, "name": "TTK Road"}},{"type": "Feature", "geometry": {"type":"Point","coordinates":[80.2505226,13.035344]}, "properties": {"osm_id": 304908971, "osm_type": "nodes", "public_transport": "platform", "highway": "bus_stop", "bus": "yes", "shelter": null, "operator": null, "name": null}},{"type": "Feature", "geometry": {"type":"Point","coordinates":[80.2516342,13.0513415]}, "properties": {"osm_id": 378688565, "osm_type": "nodes", "public_transport": "platform", "highway": "bus_stop", "bus": "yes", "shelter": null, "operator": null, "name": "Woodlands"}},{"type": "Feature", "geometry": {"type":"Point","coordinates":[80.2518854,13.0514752]}, "properties": {"osm_id": 378688568, "osm_type": "nodes", "public_transport": "platform", "highway": "bus_stop", "bus": "yes", "shelter": null, "operator": null, "name": "Woodlands"}},{"type": "Feature", "geometry": {"type":"Point","coordinates":[80.2530652,13.0536924]}, "properties": {"osm_id": 9920370156, "osm_type": "nodes", "public_transport": "platform", "highway": "bus_stop", "bus": "yes", "shelter": "yes", "operator": "Metropolitan Transport Corporation (Chennai) Ltd.", "name": "US Embassy"}},{"type": "Feature", "geometry": {"type":"Point","coordinates":[80.2449997,13.062284]}, "properties": {"osm_id": 3215503639, "osm_type": "nodes", "public_transport": "platform", "highway": "bus_stop", "bus": "yes", "shelter": "yes", "operator": null, "name": "Sterling Road"}},{"type": "Feature", "geometry": {"type":"Point","coordinates":[80.2480638,13.0594687]}, "properties": {"osm_id": 360807295, "osm_type": "nodes", "public_transport": "platform", "highway": "bus_stop", "bus": "yes", "shelter": null, "operator": null, "name": "Taj Hotel"}},{"type": "Feature", "geometry": {"type":"Point","coordinates":[80.2541619,13.0292235]}, "properties": {"osm_id": 303536869, "osm_type": "nodes", "public_transport": "platform", "highway": "bus_stop", "bus": "yes", "shelter": null, "operator": null, "name": null}},{"type": "Feature", "geometry": {"type":"Point","coordinates":[79.4372819,13.1650137]}, "properties": {"osm_id": 7203597385, "osm_type": "nodes", "public_transport": null, "highway": "bus_stop", "bus": null, "shelter": null, "operator": null, "name": "Ramakrishna Rajapet Bus Stop"}},{"type": "Feature", "geometry": {"type":"Point","coordinates":[79.3850272,13.1156164]}, "properties": {"osm_id": 11035214217, "osm_type": "nodes", "public_transport": "platform", "highway": "bus_stop", "bus": "yes", "shelter": null, "operator": null, "name": "Chinanagapudi Bus Stop"}},{"type": "Feature", "geometry": {"type":"Point","coordinates":[79.2853548,13.1121991]}, "properties": {"osm_id": 7203595387, "osm_type": "nodes", "public_transport": null, "highway": "bus_stop", "bus": null, "shelter": null, "operator": null, "name": null}},{"type": "Feature", "geometry": {"type":"Point","coordinates":[80.0755593,13.0526232]}, "properties": {"osm_id": 12076683371, "osm_type": "nodes", "public_transport": "platform", "highway": "bus_stop", "bus": "yes", "shelter": null, "operator": null, "name": "Bus stop 2"}},{"type": "Feature", "geometry": {"type":"Point","coordinates":[80.063682,13.0433402]}, "properties": {"osm_id": 3264836166, "osm_type": "nodes", "public_transport": null, "highway": "bus_stop", "bus": "yes", "shelter": null, "operator": null, "name": "Pillayar Koil"}},{"type": "Feature", "geometry": {"type":"Point","coordinates":[80.0896542,13.0511915]}, "properties": {"osm_id": 11468853773, "osm_type": "nodes", "public_transport": "platform", "highway": "bus_stop", "bus": "yes", "shelter": null, "operator": null, "name": null}},{"type": "Feature", "geometry": {"type":"Point","coordinates":[80.1054234,13.0491896]}, "properties": {"osm_id": 3264830986, "osm_type": "nodes", "public_transport": "platform", "highway": "bus_stop", "bus": "yes", "shelter": null, "operator": null, "name": "Kallarai"}},{"type": "Feature", "geometry": {"type":"Point","coordinates":[80.0812227,13.0543904]}, "properties": {"osm_id": 9865864093, "osm_type": "nodes", "public_transport": "platform", "highway": "bus_stop", "bus": "yes", "shelter": null, "operator": null, "name": "Varadharajapuram"}},{"type": "Feature", "geometry": {"type":"Point","coordinates":[80.0673127,13.0762007]}, "properties": {"osm_id": 9865807969, "osm_type": "nodes", "public_transport": "platform", "highway": "bus_stop", "bus": "yes", "shelter": null, "operator": null, "name": null}},{"type": "Feature", "geometry": {"type":"Point","coordinates":[80.0575719,13.037751]}, "properties": {"osm_id": 3264835785, "osm_type": "nodes", "public_transport": null, "highway": "bus_stop", "bus": "yes", "shelter": null, "operator": null, "name": "Bhajan Koil"}},{"type": "Feature", "geometry": {"type":"Point","coordinates":[80.0947925,13.0508174]}, "properties": {"osm_id": 5631301105, "osm_type": "nodes", "public_transport": "platform", "highway": "bus_stop", "bus": "yes", "shelter": null, "operator": null, "name": "Poonamallee"}},{"type": "Feature", "geometry": {"type":"Point","coordinates":[80.0950324,13.0509244]}, "properties": {"osm_id": 3264852764, "osm_type": "nodes", "public_transport": "platform", "highway": "bus_stop", "bus": "yes", "shelter": null, "operator": null, "name": "Poonamallee"}},{"type": "Feature", "geometry": {"type":"Point","coordinates":[80.1862757,13.0714012]}, "properties": {"osm_id": 11959664547, "osm_type": "nodes", "public_transport": "platform", "highway": "bus_stop", "bus": "yes", "shelter": "yes", "operator": null, "name": "Nerkundram"}},{"type": "Feature", "geometry": {"type":"Point","coordinates":[80.1816826,13.0697316]}, "properties": {"osm_id": 11959664548, "osm_type": "nodes", "public_transport": "platform", "highway": "bus_stop", "bus": "yes", "shelter": "no", "operator": null, "name": "Vengaya Mandi"}},{"type": "Feature", "geometry": {"type":"Point","coordinates":[80.1748903,13.0665327]}, "properties": {"osm_id": 11959664549, "osm_type": "nodes", "public_transport": "platform", "highway": "bus_stop", "bus": "yes", "shelter": null, "operator": null, "name": "Ration Shop"}},{"type": "Feature", "geometry": {"type":"Point","coordinates":[80.1672127,13.0631224]}, "properties": {"osm_id": 11959665380, "osm_type": "nodes", "public_transport": "platform", "highway": "bus_stop", "bus": "yes", "shelter": null, "operator": null, "name": "Market"}},{"type": "Feature", "geometry": {"type":"Point","coordinates":[80.1715578,13.0886781]}, "properties": {"osm_id": 7796505766, "osm_type": "nodes", "public_transport": "platform", "highway": "bus_stop", "bus": "yes", "shelter": "yes", "operator": null, "name": "Wavin"}},{"type": "Feature", "geometry": {"type":"Point","coordinates":[80.172007,13.0884416]}, "properties": {"osm_id": 7796505767, "osm_type": "nodes", "public_transport": "platform", "highway": "bus_stop", "bus": "yes", "shelter": "yes", "operator": null, "name": "Wavin"}},{"type": "Feature", "geometry": {"type":"Point","coordinates":[80.19718,13.0627931]}, "properties": {"osm_id": 401880679, "osm_type": "nodes", "public_transport": "platform", "highway": "bus_stop", "bus": null, "shelter": null, "operator": null, "name": "Chinmaya Nagar"}},{"type": "Feature", "geometry": {"type":"Point","coordinates":[79.6294659,12.7857592]}, "properties": {"osm_id": 5305816067, "osm_type": "nodes", "public_transport": null, "highway": "bus_stop", "bus": null, "shelter": null, "operator": null, "name": "Vadamavandal Bus Sop"}},{"type": "Feature", "geometry": {"type":"Point","coordinates":[79.9768407,12.696884]}, "properties": {"osm_id": 2154131531, "osm_type": "nodes", "public_transport": "platform", "highway": "bus_stop", "bus": "yes", "shelter": null, "operator": null, "name": null}},{"type": "Feature", "geometry": {"type":"Point","coordinates":[79.9886942,12.7382468]}, "properties": {"osm_id": 792531610, "osm_type": "nodes", "public_transport": "platform", "highway": "bus_stop", "bus": "yes", "shelter": null, "operator": null, "name": null}},{"type": "Feature", "geometry": {"type":"Point","coordinates":[79.9927476,12.743352]}, "properties": {"osm_id": 792525868, "osm_type": "nodes", "public_transport": "platform", "highway": "bus_stop", "bus": "yes", "shelter": "yes", "operator": null, "name": null}},{"type": "Feature", "geometry": {"type":"Point","coordinates":[79.2377626,12.9758958]}, "properties": {"osm_id": 7066488485, "osm_type": "nodes", "public_transport": null, "highway": "bus_stop", "bus": null, "shelter": null, "operator": null, "name": null}},{"type": "Feature", "geometry": {"type":"Point","coordinates":[79.2585695,13.1211575]}, "properties": {"osm_id": 11035214214, "osm_type": "nodes", "public_transport": "platform", "highway": "bus_stop", "bus": "yes", "shelter": null, "operator": null, "name": "Ponnai X  Road Bus Stop"}},{"type": "Feature", "geometry": {"type":"Point","coordinates":[79.269524,13.0279456]}, "properties": {"osm_id": 7203595586, "osm_type": "nodes", "public_transport": null, "highway": "bus_stop", "bus": null, "shelter": null, "operator": null, "name": null}},{"type": "Feature", "geometry": {"type":"Point","coordinates":[79.2707593,13.0735133]}, "properties": {"osm_id": 7203595386, "osm_type": "nodes", "public_transport": null, "highway": "bus_stop", "bus": null, "shelter": null, "operator": null, "name": null}},{"type": "Feature", "geometry": {"type":"Point","coordinates":[79.2692264,13.0804058]}, "properties": {"osm_id": 7203596185, "osm_type": "nodes", "public_transport": null, "highway": "bus_stop", "bus": null, "shelter": null, "operator": null, "name": null}},{"type": "Feature", "geometry": {"type":"Point","coordinates":[80.2413545,13.1292868]}, "properties": {"osm_id": 12581645338, "osm_type": "nodes", "public_transport": "platform", "highway": "bus_stop", "bus": "yes", "shelter": null, "operator": null, "name": null}},{"type": "Feature", "geometry": {"type":"Point","coordinates":[80.230819,13.1366014]}, "properties": {"osm_id": 12581554803, "osm_type": "nodes", "public_transport": "platform", "highway": "bus_stop", "bus": "yes", "shelter": null, "operator": null, "name": null}},{"type": "Feature", "geometry": {"type":"Point","coordinates":[80.3021668,13.1592829]}, "properties": {"osm_id": 373169886, "osm_type": "nodes", "public_transport": "platform", "highway": "bus_stop", "bus": "yes", "shelter": null, "operator": null, "name": null}},{"type": "Feature", "geometry": {"type":"Point","coordinates":[80.2984032,13.1587549]}, "properties": {"osm_id": 373169717, "osm_type": "nodes", "public_transport": "platform", "highway": "bus_stop", "bus": "yes", "shelter": null, "operator": null, "name": null}},{"type": "Feature", "geometry": {"type":"Point","coordinates":[80.2997199,13.1511559]}, "properties": {"osm_id": 2583555195, "osm_type": "nodes", "public_transport": "platform", "highway": "bus_stop", "bus": "yes", "shelter": null, "operator": null, "name": "Rajakadai"}},{"type": "Feature", "geometry": {"type":"Point","coordinates":[80.1643507,13.0318741]}, "properties": {"osm_id": 3264871280, "osm_type": "nodes", "public_transport": "platform", "highway": "bus_stop", "bus": "yes", "shelter": null, "operator": null, "name": "Sakthi Nagar"}},{"type": "Feature", "geometry": {"type":"Point","coordinates":[80.1418335,13.036954]}, "properties": {"osm_id": 3264869925, "osm_type": "nodes", "public_transport": null, "highway": "bus_stop", "bus": "yes", "shelter": null, "operator": null, "name": "Ramachandra Hospital"}},{"type": "Feature", "geometry": {"type":"Point","coordinates":[80.1635994,13.0320596]}, "properties": {"osm_id": 370969689, "osm_type": "nodes", "public_transport": "platform", "highway": "bus_stop", "bus": "yes", "shelter": null, "operator": null, "name": null}},{"type": "Feature", "geometry": {"type":"Point","coordinates":[80.1127741,13.0523107]}, "properties": {"osm_id": 11195612544, "osm_type": "nodes", "public_transport": "platform", "highway": "bus_stop", "bus": "yes", "shelter": null, "operator": null, "name": "Senneerkuppam Electricity Board"}},{"type": "Feature", "geometry": {"type":"Point","coordinates":[80.099413,13.0502738]}, "properties": {"osm_id": 3264860906, "osm_type": "nodes", "public_transport": "platform", "highway": "bus_stop", "bus": "yes", "shelter": null, "operator": null, "name": "G. H."}},{"type": "Feature", "geometry": {"type":"Point","coordinates":[80.0994727,13.0502091]}, "properties": {"osm_id": 3264831529, "osm_type": "nodes", "public_transport": "platform", "highway": "bus_stop", "bus": "yes", "shelter": null, "operator": null, "name": "G. H."}},{"type": "Feature", "geometry": {"type":"Point","coordinates":[80.1159757,13.0450211]}, "properties": {"osm_id": 3264865893, "osm_type": "nodes", "public_transport": "platform", "highway": "bus_stop", "bus": "yes", "shelter": null, "operator": null, "name": "Kumanan Savadi"}},{"type": "Feature", "geometry": {"type":"Point","coordinates":[80.1113082,13.0464643]}, "properties": {"osm_id": 3264830297, "osm_type": "nodes", "public_transport": "platform", "highway": "bus_stop", "bus": "yes", "shelter": null, "operator": null, "name": "Karayan Savadi"}},{"type": "Feature", "geometry": {"type":"Point","coordinates":[80.1111041,13.0466895]}, "properties": {"osm_id": 3264861573, "osm_type": "nodes", "public_transport": "platform", "highway": "bus_stop", "bus": null, "shelter": null, "operator": null, "name": "Karayan Savadi"}},{"type": "Feature", "geometry": {"type":"Point","coordinates":[80.1161771,13.0448932]}, "properties": {"osm_id": 3264829569, "osm_type": "nodes", "public_transport": "platform", "highway": "bus_stop", "bus": "yes", "shelter": null, "operator": null, "name": "Kumanan Savadi"}},{"type": "Feature", "geometry": {"type":"Point","coordinates":[80.1132093,13.0381183]}, "properties": {"osm_id": 11195612540, "osm_type": "nodes", "public_transport": "platform", "highway": "bus_stop", "bus": "yes", "shelter": null, "operator": null, "name": "Gangai Amman Koil"}},{"type": "Feature", "geometry": {"type":"Point","coordinates":[80.1120955,13.0350492]}, "properties": {"osm_id": 11195612539, "osm_type": "nodes", "public_transport": "platform", "highway": "bus_stop", "bus": "yes", "shelter": null, "operator": null, "name": "Maangadu Depot"}},{"type": "Feature", "geometry": {"type":"Point","coordinates":[80.2242262,13.0192595]}, "properties": {"osm_id": 306551393, "osm_type": "nodes", "public_transport": "platform", "highway": "bus_stop", "bus": "yes", "shelter": null, "operator": null, "name": "சைதாப்பேட்டை பாலம்"}},{"type": "Feature", "geometry": {"type":"Point","coordinates":[80.2093905,13.0080754]}, "properties": {"osm_id": 256039818, "osm_type": "nodes", "public_transport": "stop_position", "highway": "bus_stop", "bus": "yes", "shelter": null, "operator": null, "name": "Guindy"}},{"type": "Feature", "geometry": {"type":"Point","coordinates":[80.209398,13.008031]}, "properties": {"osm_id": 5631301427, "osm_type": "nodes", "public_transport": "platform", "highway": "bus_stop", "bus": "yes", "shelter": null, "operator": "Metropolitan Transport Corporation (Chennai) Ltd.", "name": "Guindy"}},{"type": "Feature", "geometry": {"type":"Point","coordinates":[80.2111924,13.0089182]}, "properties": {"osm_id": 5631301429, "osm_type": "nodes", "public_transport": "platform", "highway": "bus_stop", "bus": "yes", "shelter": "yes", "operator": null, "name": "கிண்டி"}},{"type": "Feature", "geometry": {"type":"Point","coordinates":[80.2202503,13.0121297]}, "properties": {"osm_id": 9514055815, "osm_type": "nodes", "public_transport": "platform", "highway": "bus_stop", "bus": "yes", "shelter": "yes", "operator": null, "name": "Chellammal College"}},{"type": "Feature", "geometry": {"type":"Point","coordinates":[80.2262688,13.0143216]}, "properties": {"osm_id": 3263015892, "osm_type": "nodes", "public_transport": "platform", "highway": "bus_stop", "bus": "yes", "shelter": null, "operator": null, "name": "Little Mount"}},{"type": "Feature", "geometry": {"type":"Point","coordinates":[80.2228615,13.0104553]}, "properties": {"osm_id": 9554156480, "osm_type": "nodes", "public_transport": null, "highway": "bus_stop", "bus": null, "shelter": null, "operator": null, "name": "Halda"}},{"type": "Feature", "geometry": {"type":"Point","coordinates":[80.1130718,13.0619783]}, "properties": {"osm_id": 11195612546, "osm_type": "nodes", "public_transport": "platform", "highway": "bus_stop", "bus": "yes", "shelter": null, "operator": null, "name": "Vetrilai Thottam"}},{"type": "Feature", "geometry": {"type":"Point","coordinates":[80.1403121,12.9426369]}, "properties": {"osm_id": 560212201, "osm_type": "nodes", "public_transport": "platform", "highway": "bus_stop", "bus": "yes", "shelter": "yes", "operator": null, "name": "Nehru nagar"}},{"type": "Feature", "geometry": {"type":"Point","coordinates":[80.1385463,12.9372768]}, "properties": {"osm_id": 13864207148, "osm_type": "nodes", "public_transport": "platform", "highway": "bus_stop", "bus": "yes", "shelter": "yes", "operator": null, "name": null}},{"type": "Feature", "geometry": {"type":"Point","coordinates":[80.1986859,13.0790989]}, "properties": {"osm_id": 11953087613, "osm_type": "nodes", "public_transport": "platform", "highway": "bus_stop", "bus": "yes", "shelter": null, "operator": null, "name": "Thirumangalam EB Office"}},{"type": "Feature", "geometry": {"type":"Point","coordinates":[80.2045927,13.0140912]}, "properties": {"osm_id": 4221779489, "osm_type": "nodes", "public_transport": "platform", "highway": "bus_stop", "bus": "yes", "shelter": "yes", "operator": "Metropolitan Transport Corporation (Chennai) Ltd.", "name": "Olympia Tech Park"}},{"type": "Feature", "geometry": {"type":"Point","coordinates":[80.2064033,13.0190177]}, "properties": {"osm_id": 5227454884, "osm_type": "nodes", "public_transport": "platform", "highway": "bus_stop", "bus": "yes", "shelter": "yes", "operator": "Metropolitan Transport Corporation (Chennai) Ltd.", "name": "Ekkattuthangal"}},{"type": "Feature", "geometry": {"type":"Point","coordinates":[80.2265266,13.013981]}, "properties": {"osm_id": 365983874, "osm_type": "nodes", "public_transport": "platform", "highway": "bus_stop", "bus": "yes", "shelter": "yes", "operator": null, "name": "Saidapet Court"}},{"type": "Feature", "geometry": {"type":"Point","coordinates":[79.733293,13.3941222]}, "properties": {"osm_id": 10833403762, "osm_type": "nodes", "public_transport": "platform", "highway": "bus_stop", "bus": "yes", "shelter": null, "operator": null, "name": "Pichatoor Bypass Bus Stop"}},{"type": "Feature", "geometry": {"type":"Point","coordinates":[79.7332502,13.3943333]}, "properties": {"osm_id": 10833403764, "osm_type": "nodes", "public_transport": "platform", "highway": "bus_stop", "bus": "yes", "shelter": null, "operator": null, "name": "Pichatoor Bypass Bus Stop"}},{"type": "Feature", "geometry": {"type":"Point","coordinates":[79.704448,13.3634355]}, "properties": {"osm_id": 13191882500, "osm_type": "nodes", "public_transport": "platform", "highway": "bus_stop", "bus": "yes", "shelter": null, "operator": null, "name": "9th Mile Bus Stop"}},{"type": "Feature", "geometry": {"type":"Point","coordinates":[79.5609953,13.4297534]}, "properties": {"osm_id": 10951352800, "osm_type": "nodes", "public_transport": "platform", "highway": "bus_stop", "bus": "yes", "shelter": null, "operator": null, "name": "Puttur Bypass Bus Stop"}},{"type": "Feature", "geometry": {"type":"Point","coordinates":[79.5615112,13.4296191]}, "properties": {"osm_id": 10951352801, "osm_type": "nodes", "public_transport": "platform", "highway": "bus_stop", "bus": "yes", "shelter": null, "operator": null, "name": "Puttur Bypass Bus Stop"}},{"type": "Feature", "geometry": {"type":"Point","coordinates":[80.2893272,13.0888432]}, "properties": {"osm_id": 9872392719, "osm_type": "nodes", "public_transport": "platform", "highway": "bus_stop", "bus": "yes", "shelter": null, "operator": null, "name": "The Esplanade"}},{"type": "Feature", "geometry": {"type":"Point","coordinates":[80.2751809,13.091953]}, "properties": {"osm_id": 2486226652, "osm_type": "nodes", "public_transport": "platform", "highway": "bus_stop", "bus": "yes", "shelter": null, "operator": null, "name": null}},{"type": "Feature", "geometry": {"type":"Point","coordinates":[79.8550195,13.3208719]}, "properties": {"osm_id": 13191878929, "osm_type": "nodes", "public_transport": "platform", "highway": "bus_stop", "bus": "yes", "shelter": null, "operator": null, "name": "Alagaripet Bus Stop"}},{"type": "Feature", "geometry": {"type":"Point","coordinates":[79.7940289,13.3875075]}, "properties": {"osm_id": 13434160332, "osm_type": "nodes", "public_transport": "platform", "highway": "bus_stop", "bus": "yes", "shelter": null, "operator": null, "name": "APSRTC Bus Station , Nagalapuram"}},{"type": "Feature", "geometry": {"type":"Point","coordinates":[79.7968684,13.3861786]}, "properties": {"osm_id": 13436982236, "osm_type": "nodes", "public_transport": "platform", "highway": "bus_stop", "bus": "yes", "shelter": null, "operator": null, "name": "APSRTC Bus Station , Nagalapuram"}},{"type": "Feature", "geometry": {"type":"Point","coordinates":[80.1989831,12.9485052]}, "properties": {"osm_id": 1899719800, "osm_type": "nodes", "public_transport": "platform", "highway": "bus_stop", "bus": "yes", "shelter": null, "operator": null, "name": "Sunnambu Kolathur Puliyamara Stop"}},{"type": "Feature", "geometry": {"type":"Point","coordinates":[80.1457925,12.9177987]}, "properties": {"osm_id": 5259141322, "osm_type": "nodes", "public_transport": "platform", "highway": "bus_stop", "bus": "yes", "shelter": null, "operator": null, "name": null}},{"type": "Feature", "geometry": {"type":"Point","coordinates":[80.1968403,12.9211296]}, "properties": {"osm_id": 9400398353, "osm_type": "nodes", "public_transport": "platform", "highway": "bus_stop", "bus": "yes", "shelter": null, "operator": null, "name": "Jeyachandran"}},{"type": "Feature", "geometry": {"type":"Point","coordinates":[80.1383932,12.9223457]}, "properties": {"osm_id": 3016138304, "osm_type": "nodes", "public_transport": "platform", "highway": "bus_stop", "bus": "yes", "shelter": null, "operator": null, "name": "சேலையூர்"}},{"type": "Feature", "geometry": {"type":"Point","coordinates":[80.1839603,12.9491156]}, "properties": {"osm_id": 2039504294, "osm_type": "nodes", "public_transport": "platform", "highway": "bus_stop", "bus": "yes", "shelter": null, "operator": null, "name": "Eachankadu junction"}},{"type": "Feature", "geometry": {"type":"Point","coordinates":[80.1550118,12.9233012]}, "properties": {"osm_id": 614009832, "osm_type": "nodes", "public_transport": "platform", "highway": "bus_stop", "bus": "yes", "shelter": null, "operator": "Government of Tamil Nadu", "name": "Kamarajapuram"}},{"type": "Feature", "geometry": {"type":"Point","coordinates":[80.2101768,12.9482196]}, "properties": {"osm_id": 9402008109, "osm_type": "nodes", "public_transport": "platform", "highway": "bus_stop", "bus": "yes", "shelter": null, "operator": "Government of Tamil Nadu", "name": "Kamatchi Memorial Hospital"}},{"type": "Feature", "geometry": {"type":"Point","coordinates":[80.1879064,12.9186199]}, "properties": {"osm_id": 9402032619, "osm_type": "nodes", "public_transport": "platform", "highway": "bus_stop", "bus": "yes", "shelter": "no", "operator": "Government of Tamil Nadu", "name": "Medavakkam"}},{"type": "Feature", "geometry": {"type":"Point","coordinates":[80.1330579,12.9227845]}, "properties": {"osm_id": 3016141192, "osm_type": "nodes", "public_transport": "platform", "highway": "bus_stop", "bus": "yes", "shelter": "yes", "operator": null, "name": "Convent Bus Stop"}},{"type": "Feature", "geometry": {"type":"Point","coordinates":[80.1974301,12.9260465]}, "properties": {"osm_id": 9400398372, "osm_type": "nodes", "public_transport": "platform", "highway": "bus_stop", "bus": "yes", "shelter": "no", "operator": null, "name": "High School"}},{"type": "Feature", "geometry": {"type":"Point","coordinates":[80.2641778,13.0264512]}, "properties": {"osm_id": 410613113, "osm_type": "nodes", "public_transport": "platform", "highway": "bus_stop", "bus": "yes", "shelter": "yes", "operator": null, "name": "Mandaveli"}},{"type": "Feature", "geometry": {"type":"Point","coordinates":[80.2638491,13.0288278]}, "properties": {"osm_id": 418116039, "osm_type": "nodes", "public_transport": "platform", "highway": "bus_stop", "bus": "yes", "shelter": "yes", "operator": null, "name": "Devanathan Street"}},{"type": "Feature", "geometry": {"type":"Point","coordinates":[80.2659968,13.029318]}, "properties": {"osm_id": 3215471512, "osm_type": "nodes", "public_transport": "platform", "highway": "bus_stop", "bus": "yes", "shelter": null, "operator": null, "name": "St Mary’s Road"}},{"type": "Feature", "geometry": {"type":"Point","coordinates":[80.2699092,13.0207736]}, "properties": {"osm_id": 362227770, "osm_type": "nodes", "public_transport": null, "highway": "bus_stop", "bus": "yes", "shelter": null, "operator": null, "name": "MRC Nagar"}},{"type": "Feature", "geometry": {"type":"Point","coordinates":[80.253739,13.0290019]}, "properties": {"osm_id": 6057945756, "osm_type": "nodes", "public_transport": "platform", "highway": "bus_stop", "bus": "yes", "shelter": "yes", "operator": null, "name": "Bus Stop"}},{"type": "Feature", "geometry": {"type":"Point","coordinates":[80.2437738,13.0295543]}, "properties": {"osm_id": 386002531, "osm_type": "nodes", "public_transport": "platform", "highway": "bus_stop", "bus": "yes", "shelter": "yes", "operator": null, "name": null}},{"type": "Feature", "geometry": {"type":"Point","coordinates":[80.2427833,13.0231055]}, "properties": {"osm_id": 7412932329, "osm_type": "nodes", "public_transport": "stop_position", "highway": "bus_stop", "bus": "yes", "shelter": null, "operator": "MTC", "name": "Kotturpuram"}},{"type": "Feature", "geometry": {"type":"Point","coordinates":[80.2449173,13.0274071]}, "properties": {"osm_id": 9920387338, "osm_type": "nodes", "public_transport": "platform", "highway": "bus_stop", "bus": "yes", "shelter": "yes", "operator": "Metropolitan Transport Corporation (Chennai) Ltd.", "name": "Kotturpuram Bridge"}},{"type": "Feature", "geometry": {"type":"Point","coordinates":[80.259525,13.0162622]}, "properties": {"osm_id": 2587520244, "osm_type": "nodes", "public_transport": "platform", "highway": "bus_stop", "bus": "yes", "shelter": "yes", "operator": null, "name": "Sathya Studio"}},{"type": "Feature", "geometry": {"type":"Point","coordinates":[80.2651335,13.0248633]}, "properties": {"osm_id": 418116041, "osm_type": "nodes", "public_transport": "platform", "highway": "bus_stop", "bus": "yes", "shelter": null, "operator": null, "name": null}},{"type": "Feature", "geometry": {"type":"Point","coordinates":[80.2667491,13.0299144]}, "properties": {"osm_id": 3216999998, "osm_type": "nodes", "public_transport": "platform", "highway": "bus_stop", "bus": "yes", "shelter": null, "operator": null, "name": "Mandaveli Market"}},{"type": "Feature", "geometry": {"type":"Point","coordinates":[80.254263,13.0272893]}, "properties": {"osm_id": 1067520553, "osm_type": "nodes", "public_transport": "platform", "highway": "bus_stop", "bus": "yes", "shelter": null, "operator": null, "name": "R.A. Puram"}},{"type": "Feature", "geometry": {"type":"Point","coordinates":[80.086004,13.0439274]}, "properties": {"osm_id": 9859638115, "osm_type": "nodes", "public_transport": "platform", "highway": "bus_stop", "bus": "yes", "shelter": "yes", "operator": null, "name": null}},{"type": "Feature", "geometry": {"type":"Point","coordinates":[80.0876747,13.0382461]}, "properties": {"osm_id": 9859638026, "osm_type": "nodes", "public_transport": "platform", "highway": "bus_stop", "bus": "yes", "shelter": "yes", "operator": null, "name": null}},{"type": "Feature", "geometry": {"type":"Point","coordinates":[80.0912245,13.0283787]}, "properties": {"osm_id": 9859637877, "osm_type": "nodes", "public_transport": "platform", "highway": "bus_stop", "bus": "yes", "shelter": "yes", "operator": null, "name": "Malayambakkam-Stalin Nagar"}},{"type": "Feature", "geometry": {"type":"Point","coordinates":[80.0950594,12.991327]}, "properties": {"osm_id": 5631301099, "osm_type": "nodes", "public_transport": "platform", "highway": "bus_stop", "bus": "yes", "shelter": "no", "operator": null, "name": "Sambandam Nagar"}},{"type": "Feature", "geometry": {"type":"Point","coordinates":[80.0683337,13.0760405]}, "properties": {"osm_id": 9865807970, "osm_type": "nodes", "public_transport": "platform", "highway": "bus_stop", "bus": "yes", "shelter": null, "operator": null, "name": null}},{"type": "Feature", "geometry": {"type":"Point","coordinates":[80.0755814,13.0644838]}, "properties": {"osm_id": 9865808125, "osm_type": "nodes", "public_transport": "platform", "highway": "bus_stop", "bus": "yes", "shelter": null, "operator": null, "name": null}},{"type": "Feature", "geometry": {"type":"Point","coordinates":[80.0870124,13.0378033]}, "properties": {"osm_id": 9858006821, "osm_type": "nodes", "public_transport": "platform", "highway": "bus_stop", "bus": "yes", "shelter": null, "operator": null, "name": null}},{"type": "Feature", "geometry": {"type":"Point","coordinates":[80.0878387,12.9962011]}, "properties": {"osm_id": 9859554219, "osm_type": "nodes", "public_transport": "platform", "highway": "bus_stop", "bus": "yes", "shelter": null, "operator": null, "name": "Kundrathur"}},{"type": "Feature", "geometry": {"type":"Point","coordinates":[80.2444663,13.2578576]}, "properties": {"osm_id": 9859922279, "osm_type": "nodes", "public_transport": "platform", "highway": "bus_stop", "bus": "yes", "shelter": null, "operator": null, "name": null}},{"type": "Feature", "geometry": {"type":"Point","coordinates":[80.1253251,12.9575161]}, "properties": {"osm_id": 3872358350, "osm_type": "nodes", "public_transport": null, "highway": "bus_stop", "bus": "yes", "shelter": null, "operator": null, "name": "Subbaraya nagar"}},{"type": "Feature", "geometry": {"type":"Point","coordinates":[80.1473638,12.9227028]}, "properties": {"osm_id": 9400398342, "osm_type": "nodes", "public_transport": "platform", "highway": "bus_stop", "bus": "yes", "shelter": "no", "operator": null, "name": "Mahalakshmi Nagar"}},{"type": "Feature", "geometry": {"type":"Point","coordinates":[80.1416469,12.9223538]}, "properties": {"osm_id": 3016127769, "osm_type": "nodes", "public_transport": "platform", "highway": "bus_stop", "bus": "yes", "shelter": "yes", "operator": "Government of Tamil Nadu", "name": "Camp Road"}},{"type": "Feature", "geometry": {"type":"Point","coordinates":[80.1436734,12.9226099]}, "properties": {"osm_id": 3016129434, "osm_type": "nodes", "public_transport": "platform", "highway": "bus_stop", "bus": "yes", "shelter": "yes", "operator": null, "name": "Camp Road"}},{"type": "Feature", "geometry": {"type":"Point","coordinates":[80.1431219,12.912176]}, "properties": {"osm_id": 7577454520, "osm_type": "nodes", "public_transport": "stop_position", "highway": "bus_stop", "bus": "yes", "shelter": null, "operator": null, "name": "Indira Nagar"}},{"type": "Feature", "geometry": {"type":"Point","coordinates":[80.2203904,13.0046861]}, "properties": {"osm_id": 9554140669, "osm_type": "nodes", "public_transport": "platform", "highway": "bus_stop", "bus": "yes", "shelter": "yes", "operator": null, "name": "Guindy Race Course"}},{"type": "Feature", "geometry": {"type":"Point","coordinates":[80.2097658,13.0072847]}, "properties": {"osm_id": 3264712469, "osm_type": "nodes", "public_transport": "platform", "highway": "bus_stop", "bus": "yes", "shelter": null, "operator": null, "name": "Guindy"}},{"type": "Feature", "geometry": {"type":"Point","coordinates":[80.2018029,13.0073565]}, "properties": {"osm_id": 391823865, "osm_type": "nodes", "public_transport": "platform", "highway": "bus_stop", "bus": "yes", "shelter": "yes", "operator": null, "name": "Kathipara"}},{"type": "Feature", "geometry": {"type":"Point","coordinates":[80.2119807,13.0036032]}, "properties": {"osm_id": 4221572806, "osm_type": "nodes", "public_transport": "platform", "highway": "bus_stop", "bus": "yes", "shelter": "no", "operator": "Metropolitan Transport Corporation (Chennai) Ltd.", "name": "Maduvankarai"}},{"type": "Feature", "geometry": {"type":"Point","coordinates":[80.2007035,13.0036646]}, "properties": {"osm_id": 304920824, "osm_type": "nodes", "public_transport": "platform", "highway": "bus_stop", "bus": "yes", "shelter": "yes", "operator": null, "name": "Aalandur Metro"}},{"type": "Feature", "geometry": {"type":"Point","coordinates":[80.2007856,13.0024998]}, "properties": {"osm_id": 304920825, "osm_type": "nodes", "public_transport": "platform", "highway": "bus_stop", "bus": "yes", "shelter": null, "operator": null, "name": null}},{"type": "Feature", "geometry": {"type":"Point","coordinates":[80.206537,12.9947061]}, "properties": {"osm_id": 401769773, "osm_type": "nodes", "public_transport": "platform", "highway": "bus_stop", "bus": "yes", "shelter": null, "operator": null, "name": "NGO Colony"}},{"type": "Feature", "geometry": {"type":"Point","coordinates":[80.197745,12.9886237]}, "properties": {"osm_id": 9514055804, "osm_type": "nodes", "public_transport": "platform", "highway": "bus_stop", "bus": "yes", "shelter": null, "operator": null, "name": null}},{"type": "Feature", "geometry": {"type":"Point","coordinates":[80.2564084,13.0002744]}, "properties": {"osm_id": 2587530809, "osm_type": "nodes", "public_transport": "platform", "highway": "bus_stop", "bus": "yes", "shelter": null, "operator": null, "name": "BSNL Office"}},{"type": "Feature", "geometry": {"type":"Point","coordinates":[80.2672903,13.0007984]}, "properties": {"osm_id": 417750649, "osm_type": "nodes", "public_transport": "platform", "highway": "bus_stop", "bus": "yes", "shelter": null, "operator": null, "name": null}},{"type": "Feature", "geometry": {"type":"Point","coordinates":[80.257895,12.9694759]}, "properties": {"osm_id": 3247388390, "osm_type": "nodes", "public_transport": "platform", "highway": "bus_stop", "bus": "yes", "shelter": null, "operator": null, "name": "Kottivakkam"}},{"type": "Feature", "geometry": {"type":"Point","coordinates":[80.2575889,12.96954]}, "properties": {"osm_id": 3247394198, "osm_type": "nodes", "public_transport": "platform", "highway": "bus_stop", "bus": "yes", "shelter": null, "operator": null, "name": "Kotivakkam"}},{"type": "Feature", "geometry": {"type":"Point","coordinates":[80.2576146,12.9694054]}, "properties": {"osm_id": 1457114942, "osm_type": "nodes", "public_transport": "platform", "highway": "bus_stop", "bus": "yes", "shelter": null, "operator": null, "name": "Kottivakkam"}},{"type": "Feature", "geometry": {"type":"Point","coordinates":[80.2577701,12.969085]}, "properties": {"osm_id": 1457114934, "osm_type": "nodes", "public_transport": "platform", "highway": "bus_stop", "bus": "yes", "shelter": null, "operator": null, "name": "Kottivakkam"}},{"type": "Feature", "geometry": {"type":"Point","coordinates":[80.2559973,12.9883854]}, "properties": {"osm_id": 5631301116, "osm_type": "nodes", "public_transport": "platform", "highway": "bus_stop", "bus": "yes", "shelter": null, "operator": null, "name": "Jayanti"}},{"type": "Feature", "geometry": {"type":"Point","coordinates":[80.1934383,12.9992711]}, "properties": {"osm_id": 9554140671, "osm_type": "nodes", "public_transport": "platform", "highway": "bus_stop", "bus": "yes", "shelter": "yes", "operator": null, "name": "Nanganallur Metro Station"}},{"type": "Feature", "geometry": {"type":"Point","coordinates":[80.1892331,12.9957148]}, "properties": {"osm_id": 9514055813, "osm_type": "nodes", "public_transport": "platform", "highway": "bus_stop", "bus": "yes", "shelter": "yes", "operator": null, "name": "Cement Road"}},{"type": "Feature", "geometry": {"type":"Point","coordinates":[80.1884954,12.9858342]}, "properties": {"osm_id": 2151931377, "osm_type": "nodes", "public_transport": "platform", "highway": "bus_stop", "bus": "yes", "shelter": null, "operator": null, "name": "Nanganallur Market"}},{"type": "Feature", "geometry": {"type":"Point","coordinates":[80.1852853,12.9878498]}, "properties": {"osm_id": 2145422466, "osm_type": "nodes", "public_transport": "platform", "highway": "bus_stop", "bus": "yes", "shelter": null, "operator": null, "name": "Pazhavanthangal"}},{"type": "Feature", "geometry": {"type":"Point","coordinates":[80.1761799,12.9873223]}, "properties": {"osm_id": 9529333083, "osm_type": "nodes", "public_transport": "platform", "highway": "bus_stop", "bus": "yes", "shelter": "yes", "operator": null, "name": "Meenambakkam Metro"}},{"type": "Feature", "geometry": {"type":"Point","coordinates":[80.1857835,12.9853446]}, "properties": {"osm_id": 9524625506, "osm_type": "nodes", "public_transport": "platform", "highway": "bus_stop", "bus": "yes", "shelter": null, "operator": null, "name": "Jai Gopal Garodia School"}},{"type": "Feature", "geometry": {"type":"Point","coordinates":[80.2493803,13.0068437]}, "properties": {"osm_id": 312031432, "osm_type": "nodes", "public_transport": null, "highway": "bus_stop", "bus": "yes", "shelter": "yes", "operator": null, "name": "Gandhinagar"}},{"type": "Feature", "geometry": {"type":"Point","coordinates":[80.2407247,13.0068649]}, "properties": {"osm_id": 310100943, "osm_type": "nodes", "public_transport": "platform", "highway": "bus_stop", "bus": "yes", "shelter": "yes", "operator": null, "name": "IIT/CLRI"}},{"type": "Feature", "geometry": {"type":"Point","coordinates":[80.2543612,13.006442]}, "properties": {"osm_id": 5631301421, "osm_type": "nodes", "public_transport": "platform", "highway": "bus_stop", "bus": "yes", "shelter": "no", "operator": null, "name": "Adyar"}},{"type": "Feature", "geometry": {"type":"Point","coordinates":[80.2525895,12.979143]}, "properties": {"osm_id": 1457114953, "osm_type": "nodes", "public_transport": "platform", "highway": "bus_stop", "bus": "yes", "shelter": null, "operator": null, "name": "SRP Tools"}},{"type": "Feature", "geometry": {"type":"Point","coordinates":[80.2475374,13.0061894]}, "properties": {"osm_id": 325191477, "osm_type": "nodes", "public_transport": "platform", "highway": "bus_stop", "bus": "yes", "shelter": "no", "operator": "MTC", "name": "Madhya Kailash"}},{"type": "Feature", "geometry": {"type":"Point","coordinates":[80.1973341,12.9220034]}, "properties": {"osm_id": 9402032617, "osm_type": "nodes", "public_transport": "platform", "highway": "bus_stop", "bus": "yes", "shelter": "yes", "operator": "Government of Tamil Nadu", "name": "Jeyachandran stores"}},{"type": "Feature", "geometry": {"type":"Point","coordinates":[80.20255,12.9290533]}, "properties": {"osm_id": 1666841444, "osm_type": "nodes", "public_transport": "platform", "highway": "bus_stop", "bus": "yes", "shelter": null, "operator": null, "name": "Oil Mill"}},{"type": "Feature", "geometry": {"type":"Point","coordinates":[80.0520493,13.1250435]}, "properties": {"osm_id": 9865807060, "osm_type": "nodes", "public_transport": "platform", "highway": "bus_stop", "bus": "yes", "shelter": null, "operator": null, "name": null}},{"type": "Feature", "geometry": {"type":"Point","coordinates":[80.1916402,13.1841966]}, "properties": {"osm_id": 12147208813, "osm_type": "nodes", "public_transport": "platform", "highway": "bus_stop", "bus": "yes", "shelter": null, "operator": null, "name": "Ayurveda Ashramam"}},{"type": "Feature", "geometry": {"type":"Point","coordinates":[80.1280794,13.0408567]}, "properties": {"osm_id": 370969649, "osm_type": "nodes", "public_transport": "platform", "highway": "bus_stop", "bus": "yes", "shelter": null, "operator": null, "name": "காட்டுப்பாக்கம்"}},{"type": "Feature", "geometry": {"type":"Point","coordinates":[80.127076,13.0410957]}, "properties": {"osm_id": 3264827350, "osm_type": "nodes", "public_transport": "platform", "highway": "bus_stop", "bus": "yes", "shelter": "no", "operator": null, "name": "காட்டுப்பாக்கம்"}},{"type": "Feature", "geometry": {"type":"Point","coordinates":[80.1156733,13.0451067]}, "properties": {"osm_id": 4311241791, "osm_type": "nodes", "public_transport": "platform", "highway": "bus_stop", "bus": "yes", "shelter": null, "operator": null, "name": "kumananchavadi"}},{"type": "Feature", "geometry": {"type":"Point","coordinates":[80.1099645,12.9960039]}, "properties": {"osm_id": 11195610936, "osm_type": "nodes", "public_transport": "platform", "highway": "bus_stop", "bus": "yes", "shelter": null, "operator": null, "name": "Govardanagiri"}},{"type": "Feature", "geometry": {"type":"Point","coordinates":[80.1144639,13.0411612]}, "properties": {"osm_id": 11195612541, "osm_type": "nodes", "public_transport": "platform", "highway": "bus_stop", "bus": "yes", "shelter": null, "operator": null, "name": "Saveetha Hospital"}},{"type": "Feature", "geometry": {"type":"Point","coordinates":[80.1084477,13.0983825]}, "properties": {"osm_id": 11195612552, "osm_type": "nodes", "public_transport": "platform", "highway": "bus_stop", "bus": "yes", "shelter": null, "operator": null, "name": "Govardanagiri"}},{"type": "Feature", "geometry": {"type":"Point","coordinates":[80.1139569,13.0557284]}, "properties": {"osm_id": 11195612545, "osm_type": "nodes", "public_transport": "platform", "highway": "bus_stop", "bus": "yes", "shelter": null, "operator": null, "name": "Senneerkuppam"}},{"type": "Feature", "geometry": {"type":"Point","coordinates":[80.108453,13.1027426]}, "properties": {"osm_id": 11195612553, "osm_type": "nodes", "public_transport": "platform", "highway": "bus_stop", "bus": "yes", "shelter": null, "operator": null, "name": "Moorthy Nagar"}},{"type": "Feature", "geometry": {"type":"Point","coordinates":[80.0857436,13.0420261]}, "properties": {"osm_id": 9858006847, "osm_type": "nodes", "public_transport": "platform", "highway": "bus_stop", "bus": "yes", "shelter": null, "operator": null, "name": null}},{"type": "Feature", "geometry": {"type":"Point","coordinates":[80.0945056,13.0145621]}, "properties": {"osm_id": 9859637814, "osm_type": "nodes", "public_transport": "platform", "highway": "bus_stop", "bus": "yes", "shelter": null, "operator": null, "name": "Chikkarayapuram"}},{"type": "Feature", "geometry": {"type":"Point","coordinates":[80.087067,12.9963722]}, "properties": {"osm_id": 9858326388, "osm_type": "nodes", "public_transport": "platform", "highway": "bus_stop", "bus": "yes", "shelter": null, "operator": null, "name": "Kundrathur"}},{"type": "Feature", "geometry": {"type":"Point","coordinates":[80.2665843,13.0369967]}, "properties": {"osm_id": 410615353, "osm_type": "nodes", "public_transport": "platform", "highway": "bus_stop", "bus": "yes", "shelter": null, "operator": null, "name": "Luz Corner"}},{"type": "Feature", "geometry": {"type":"Point","coordinates":[80.2683179,13.0417872]}, "properties": {"osm_id": 2485153591, "osm_type": "nodes", "public_transport": "platform", "highway": "bus_stop", "bus": "yes", "shelter": null, "operator": null, "name": "Valluvar Statue"}},{"type": "Feature", "geometry": {"type":"Point","coordinates":[80.2571309,13.0351077]}, "properties": {"osm_id": 301736913, "osm_type": "nodes", "public_transport": "platform", "highway": "bus_stop", "bus": "yes", "shelter": "yes", "operator": null, "name": "ஆழ்வார் பேட்டை"}},{"type": "Feature", "geometry": {"type":"Point","coordinates":[80.2392262,13.0404185]}, "properties": {"osm_id": 3732413818, "osm_type": "nodes", "public_transport": "platform", "highway": "bus_stop", "bus": "yes", "shelter": "yes", "operator": null, "name": null}},{"type": "Feature", "geometry": {"type":"Point","coordinates":[80.2542024,13.0476081]}, "properties": {"osm_id": 3215488159, "osm_type": "nodes", "public_transport": "platform", "highway": "bus_stop", "bus": "yes", "shelter": null, "operator": null, "name": "Stella Maris College"}},{"type": "Feature", "geometry": {"type":"Point","coordinates":[80.2681224,13.0344064]}, "properties": {"osm_id": 3216997832, "osm_type": "nodes", "public_transport": "platform", "highway": "bus_stop", "bus": "yes", "shelter": null, "operator": null, "name": "Kapaleeshwar Temple"}},{"type": "Feature", "geometry": {"type":"Point","coordinates":[80.2718498,13.0438295]}, "properties": {"osm_id": 9734424821, "osm_type": "nodes", "public_transport": "platform", "highway": "bus_stop", "bus": "yes", "shelter": null, "operator": null, "name": "Kalyani Hospital"}},{"type": "Feature", "geometry": {"type":"Point","coordinates":[80.2716913,13.0438575]}, "properties": {"osm_id": 9734428259, "osm_type": "nodes", "public_transport": "platform", "highway": "bus_stop", "bus": "yes", "shelter": null, "operator": null, "name": null}},{"type": "Feature", "geometry": {"type":"Point","coordinates":[80.2567561,13.0461435]}, "properties": {"osm_id": 3215494190, "osm_type": "nodes", "public_transport": "platform", "highway": "bus_stop", "bus": "yes", "shelter": null, "operator": null, "name": "Chola Hotel"}},{"type": "Feature", "geometry": {"type":"Point","coordinates":[80.2559271,13.0380814]}, "properties": {"osm_id": 301736149, "osm_type": "nodes", "public_transport": "platform", "highway": "bus_stop", "bus": "yes", "shelter": "yes", "operator": null, "name": "Alwarpet"}},{"type": "Feature", "geometry": {"type":"Point","coordinates":[80.2552101,13.036222]}, "properties": {"osm_id": 301736152, "osm_type": "nodes", "public_transport": "platform", "highway": "bus_stop", "bus": "yes", "shelter": null, "operator": null, "name": "ஆழ்வார் பேட்டை"}},{"type": "Feature", "geometry": {"type":"Point","coordinates":[80.2685481,13.0445134]}, "properties": {"osm_id": 310729808, "osm_type": "nodes", "public_transport": "stop_position", "highway": "bus_stop", "bus": "yes", "shelter": "yes", "operator": null, "name": "Yellow Pages"}},{"type": "Feature", "geometry": {"type":"Point","coordinates":[80.2796732,13.0505248]}, "properties": {"osm_id": 5631301109, "osm_type": "nodes", "public_transport": "platform", "highway": "bus_stop", "bus": "yes", "shelter": null, "operator": null, "name": null}},{"type": "Feature", "geometry": {"type":"Point","coordinates":[79.749452,13.4005754]}, "properties": {"osm_id": 10833403765, "osm_type": "nodes", "public_transport": "platform", "highway": "bus_stop", "bus": "yes", "shelter": null, "operator": null, "name": "Pichatoor Bypass Bus Stop"}},{"type": "Feature", "geometry": {"type":"Point","coordinates":[79.7857594,13.3935046]}, "properties": {"osm_id": 10833403766, "osm_type": "nodes", "public_transport": "platform", "highway": "bus_stop", "bus": "yes", "shelter": null, "operator": null, "name": "Nagalapuram Bypass Bus Stop"}},{"type": "Feature", "geometry": {"type":"Point","coordinates":[80.1005459,13.1164494]}, "properties": {"osm_id": 11195612556, "osm_type": "nodes", "public_transport": "platform", "highway": "bus_stop", "bus": "yes", "shelter": null, "operator": null, "name": "Kannigapuram"}},{"type": "Feature", "geometry": {"type":"Point","coordinates":[80.052797,13.1074508]}, "properties": {"osm_id": 9865807344, "osm_type": "nodes", "public_transport": "platform", "highway": "bus_stop", "bus": "yes", "shelter": null, "operator": null, "name": null}},{"type": "Feature", "geometry": {"type":"Point","coordinates":[80.0519066,13.1109847]}, "properties": {"osm_id": 9865807251, "osm_type": "nodes", "public_transport": "platform", "highway": "bus_stop", "bus": "yes", "shelter": null, "operator": null, "name": "Karunakaracheri"}},{"type": "Feature", "geometry": {"type":"Point","coordinates":[80.0725469,13.1738332]}, "properties": {"osm_id": 9865115352, "osm_type": "nodes", "public_transport": "platform", "highway": "bus_stop", "bus": "yes", "shelter": null, "operator": null, "name": null}},{"type": "Feature", "geometry": {"type":"Point","coordinates":[80.067719,13.1677664]}, "properties": {"osm_id": 9865115487, "osm_type": "nodes", "public_transport": "platform", "highway": "bus_stop", "bus": "yes", "shelter": null, "operator": null, "name": null}},{"type": "Feature", "geometry": {"type":"Point","coordinates":[80.0633252,13.1158343]}, "properties": {"osm_id": 5229998568, "osm_type": "nodes", "public_transport": null, "highway": "bus_stop", "bus": null, "shelter": null, "operator": null, "name": "Patabiram Bridge Stop"}},{"type": "Feature", "geometry": {"type":"Point","coordinates":[80.2014698,13.1235952]}, "properties": {"osm_id": 11915150827, "osm_type": "nodes", "public_transport": "platform", "highway": "bus_stop", "bus": "yes", "shelter": "yes", "operator": "MTC", "name": "Senthil nagar"}},{"type": "Feature", "geometry": {"type":"Point","coordinates":[80.1903386,13.1355847]}, "properties": {"osm_id": 12155348711, "osm_type": "nodes", "public_transport": "platform", "highway": "bus_stop", "bus": "yes", "shelter": null, "operator": null, "name": "Madanankuppam"}},{"type": "Feature", "geometry": {"type":"Point","coordinates":[80.1717346,13.13207]}, "properties": {"osm_id": 12202926834, "osm_type": "nodes", "public_transport": "platform", "highway": "bus_stop", "bus": "yes", "shelter": null, "operator": null, "name": "Kallikuppam"}},{"type": "Feature", "geometry": {"type":"Point","coordinates":[80.1998698,13.1210128]}, "properties": {"osm_id": 1109183357, "osm_type": "nodes", "public_transport": "platform", "highway": "bus_stop", "bus": "yes", "shelter": null, "operator": null, "name": null}},{"type": "Feature", "geometry": {"type":"Point","coordinates":[80.0375907,12.6484043]}, "properties": {"osm_id": 5314467221, "osm_type": "nodes", "public_transport": null, "highway": "bus_stop", "bus": null, "shelter": "yes", "operator": null, "name": null}},{"type": "Feature", "geometry": {"type":"Point","coordinates":[80.0556431,12.8398094]}, "properties": {"osm_id": 9325976317, "osm_type": "nodes", "public_transport": null, "highway": "bus_stop", "bus": null, "shelter": null, "operator": null, "name": null}},{"type": "Feature", "geometry": {"type":"Point","coordinates":[80.0412047,12.8207592]}, "properties": {"osm_id": 5831452933, "osm_type": "nodes", "public_transport": "platform", "highway": "bus_stop", "bus": "yes", "shelter": null, "operator": null, "name": null}},{"type": "Feature", "geometry": {"type":"Point","coordinates":[80.0412151,12.8208137]}, "properties": {"osm_id": 5831452934, "osm_type": "nodes", "public_transport": "platform", "highway": "bus_stop", "bus": "yes", "shelter": null, "operator": null, "name": null}},{"type": "Feature", "geometry": {"type":"Point","coordinates":[80.0410633,12.8209313]}, "properties": {"osm_id": 5831452925, "osm_type": "nodes", "public_transport": "platform", "highway": "bus_stop", "bus": "yes", "shelter": null, "operator": null, "name": "SRM Hospital Bus Stop"}},{"type": "Feature", "geometry": {"type":"Point","coordinates":[80.044392,12.8228618]}, "properties": {"osm_id": 5831452920, "osm_type": "nodes", "public_transport": "platform", "highway": "bus_stop", "bus": "yes", "shelter": null, "operator": null, "name": "SRM Java Bus Stop"}},{"type": "Feature", "geometry": {"type":"Point","coordinates":[80.0423236,12.8230886]}, "properties": {"osm_id": 5831452921, "osm_type": "nodes", "public_transport": "platform", "highway": "bus_stop", "bus": "yes", "shelter": null, "operator": null, "name": "University Building Bus Stop"}},{"type": "Feature", "geometry": {"type":"Point","coordinates":[80.0369231,12.819855]}, "properties": {"osm_id": 792271330, "osm_type": "nodes", "public_transport": "platform", "highway": "bus_stop", "bus": "yes", "shelter": null, "operator": null, "name": null}},{"type": "Feature", "geometry": {"type":"Point","coordinates":[80.0234545,12.7995035]}, "properties": {"osm_id": 792489925, "osm_type": "nodes", "public_transport": "platform", "highway": "bus_stop", "bus": "yes", "shelter": null, "operator": null, "name": null}},{"type": "Feature", "geometry": {"type":"Point","coordinates":[80.01984,12.7942427]}, "properties": {"osm_id": 815616656, "osm_type": "nodes", "public_transport": "platform", "highway": "bus_stop", "bus": "yes", "shelter": "yes", "operator": null, "name": null}},{"type": "Feature", "geometry": {"type":"Point","coordinates":[80.2384589,12.7438582]}, "properties": {"osm_id": 7169841061, "osm_type": "nodes", "public_transport": "stop_position", "highway": "bus_stop", "bus": "yes", "shelter": null, "operator": null, "name": "Muthalai Pannai"}},{"type": "Feature", "geometry": {"type":"Point","coordinates":[80.2092304,12.6617232]}, "properties": {"osm_id": 3261249563, "osm_type": "nodes", "public_transport": null, "highway": "bus_stop", "bus": null, "shelter": null, "operator": null, "name": "Pattipulam Kaavamaram"}},{"type": "Feature", "geometry": {"type":"Point","coordinates":[80.2088092,12.6592632]}, "properties": {"osm_id": 2154131506, "osm_type": "nodes", "public_transport": null, "highway": "bus_stop", "bus": null, "shelter": null, "operator": null, "name": null}},{"type": "Feature", "geometry": {"type":"Point","coordinates":[80.2068258,12.6545889]}, "properties": {"osm_id": 3261248252, "osm_type": "nodes", "public_transport": null, "highway": "bus_stop", "bus": null, "shelter": null, "operator": null, "name": "Ilanthoppu"}},{"type": "Feature", "geometry": {"type":"Point","coordinates":[80.2061997,12.6513085]}, "properties": {"osm_id": 3259640812, "osm_type": "nodes", "public_transport": null, "highway": "bus_stop", "bus": null, "shelter": null, "operator": null, "name": "Salavankuppam"}},{"type": "Feature", "geometry": {"type":"Point","coordinates":[80.2236869,12.7050407]}, "properties": {"osm_id": 3259616908, "osm_type": "nodes", "public_transport": null, "highway": "bus_stop", "bus": null, "shelter": null, "operator": null, "name": "Sulerikadu"}},{"type": "Feature", "geometry": {"type":"Point","coordinates":[80.1509526,12.5036572]}, "properties": {"osm_id": 5631301104, "osm_type": "nodes", "public_transport": "platform", "highway": "bus_stop", "bus": "yes", "shelter": null, "operator": null, "name": "Pudupattinam / Kalpakkam"}},{"type": "Feature", "geometry": {"type":"Point","coordinates":[80.2402306,12.8238595]}, "properties": {"osm_id": 5631301120, "osm_type": "nodes", "public_transport": "platform", "highway": "bus_stop", "bus": "yes", "shelter": null, "operator": null, "name": "Muttukaadu"}},{"type": "Feature", "geometry": {"type":"Point","coordinates":[80.2405354,12.8178381]}, "properties": {"osm_id": 3258069508, "osm_type": "nodes", "public_transport": null, "highway": "bus_stop", "bus": null, "shelter": null, "operator": null, "name": "Yellow Board"}},{"type": "Feature", "geometry": {"type":"Point","coordinates":[80.2228534,12.7960456]}, "properties": {"osm_id": 2124865776, "osm_type": "nodes", "public_transport": null, "highway": "bus_stop", "bus": null, "shelter": "no", "operator": null, "name": "Chettinadu health city"}},{"type": "Feature", "geometry": {"type":"Point","coordinates":[80.2484977,12.7787783]}, "properties": {"osm_id": 3261251830, "osm_type": "nodes", "public_transport": "platform", "highway": "bus_stop", "bus": "yes", "shelter": null, "operator": null, "name": "Chemmanchery"}},{"type": "Feature", "geometry": {"type":"Point","coordinates":[80.1844457,12.8901528]}, "properties": {"osm_id": 373156197, "osm_type": "nodes", "public_transport": "platform", "highway": "bus_stop", "bus": "yes", "shelter": null, "operator": null, "name": "Jayanagar Bus Stop"}},{"type": "Feature", "geometry": {"type":"Point","coordinates":[80.0105734,12.7769744]}, "properties": {"osm_id": 792499779, "osm_type": "nodes", "public_transport": "platform", "highway": "bus_stop", "bus": "yes", "shelter": "yes", "operator": null, "name": null}},{"type": "Feature", "geometry": {"type":"Point","coordinates":[80.023812,12.6631326]}, "properties": {"osm_id": 6941756690, "osm_type": "nodes", "public_transport": null, "highway": "bus_stop", "bus": null, "shelter": null, "operator": null, "name": null}},{"type": "Feature", "geometry": {"type":"Point","coordinates":[80.024673,12.661916]}, "properties": {"osm_id": 5835896285, "osm_type": "nodes", "public_transport": null, "highway": "bus_stop", "bus": null, "shelter": null, "operator": null, "name": "புல்லேரி"}},{"type": "Feature", "geometry": {"type":"Point","coordinates":[80.2438159,12.8778797]}, "properties": {"osm_id": 3261261651, "osm_type": "nodes", "public_transport": null, "highway": "bus_stop", "bus": null, "shelter": null, "operator": null, "name": "Nainar Depot"}},{"type": "Feature", "geometry": {"type":"Point","coordinates":[80.2438102,12.8774931]}, "properties": {"osm_id": 3258047153, "osm_type": "nodes", "public_transport": null, "highway": "bus_stop", "bus": null, "shelter": null, "operator": null, "name": "Nainar Depot"}},{"type": "Feature", "geometry": {"type":"Point","coordinates":[80.2435911,12.8689025]}, "properties": {"osm_id": 3258049393, "osm_type": "nodes", "public_transport": "platform", "highway": "bus_stop", "bus": null, "shelter": null, "operator": null, "name": "Uthandi"}},{"type": "Feature", "geometry": {"type":"Point","coordinates":[80.2086858,13.1027785]}, "properties": {"osm_id": 5336393773, "osm_type": "nodes", "public_transport": "platform", "highway": "bus_stop", "bus": "yes", "shelter": null, "operator": null, "name": "Kalpana Hotel Stop"}},{"type": "Feature", "geometry": {"type":"Point","coordinates":[80.2145485,13.1001091]}, "properties": {"osm_id": 5338600702, "osm_type": "nodes", "public_transport": "platform", "highway": "bus_stop", "bus": "yes", "shelter": null, "operator": null, "name": "ICF"}},{"type": "Feature", "geometry": {"type":"Point","coordinates":[80.2189211,13.0923311]}, "properties": {"osm_id": 2394698615, "osm_type": "nodes", "public_transport": "platform", "highway": "bus_stop", "bus": "yes", "shelter": null, "operator": null, "name": "K4 Police Station"}},{"type": "Feature", "geometry": {"type":"Point","coordinates":[80.2180699,13.0906948]}, "properties": {"osm_id": 5336309429, "osm_type": "nodes", "public_transport": "platform", "highway": "bus_stop", "bus": "yes", "shelter": null, "operator": null, "name": "S. S. Super Market Bus Stop"}},{"type": "Feature", "geometry": {"type":"Point","coordinates":[80.2198834,13.0845003]}, "properties": {"osm_id": 12169680535, "osm_type": "nodes", "public_transport": null, "highway": "bus_stop", "bus": null, "shelter": null, "operator": null, "name": null}},{"type": "Feature", "geometry": {"type":"Point","coordinates":[80.2401152,13.0589363]}, "properties": {"osm_id": 13513843701, "osm_type": "nodes", "public_transport": "platform", "highway": "bus_stop", "bus": "yes", "shelter": null, "operator": null, "name": "Pushpa nagar"}},{"type": "Feature", "geometry": {"type":"Point","coordinates":[80.259141,13.0963878]}, "properties": {"osm_id": 13738124426, "osm_type": "nodes", "public_transport": "platform", "highway": null, "bus": "yes", "shelter": "yes", "operator": null, "name": null}},{"type": "Feature", "geometry": {"type":"Point","coordinates":[80.2411932,12.8505026]}, "properties": {"osm_id": 3258057379, "osm_type": "nodes", "public_transport": null, "highway": "bus_stop", "bus": null, "shelter": null, "operator": null, "name": "Kanathur"}},{"type": "Feature", "geometry": {"type":"Point","coordinates":[80.2406239,12.8416956]}, "properties": {"osm_id": 3258057380, "osm_type": "nodes", "public_transport": null, "highway": "bus_stop", "bus": null, "shelter": null, "operator": null, "name": "Meera Nagar"}},{"type": "Feature", "geometry": {"type":"Point","coordinates":[80.2292023,12.8320778]}, "properties": {"osm_id": 4129578889, "osm_type": "nodes", "public_transport": "platform", "highway": "bus_stop", "bus": null, "shelter": null, "operator": null, "name": "SIPCOT"}},{"type": "Feature", "geometry": {"type":"Point","coordinates":[80.1675205,13.2211258]}, "properties": {"osm_id": 13414854084, "osm_type": "nodes", "public_transport": "platform", "highway": "bus_stop", "bus": "yes", "shelter": null, "operator": null, "name": null}},{"type": "Feature", "geometry": {"type":"Point","coordinates":[80.1943024,12.6280701]}, "properties": {"osm_id": 2376337518, "osm_type": "nodes", "public_transport": "platform", "highway": "bus_stop", "bus": "yes", "shelter": null, "operator": null, "name": "Mammallapuram Byepass"}},{"type": "Feature", "geometry": {"type":"Point","coordinates":[80.1945283,12.6210238]}, "properties": {"osm_id": 3247291320, "osm_type": "nodes", "public_transport": "platform", "highway": "bus_stop", "bus": "yes", "shelter": null, "operator": null, "name": "Mandapam"}},{"type": "Feature", "geometry": {"type":"Point","coordinates":[80.1944414,12.6211358]}, "properties": {"osm_id": 3247299988, "osm_type": "nodes", "public_transport": "platform", "highway": "bus_stop", "bus": "yes", "shelter": null, "operator": null, "name": "Mandapam"}},{"type": "Feature", "geometry": {"type":"Point","coordinates":[80.1946957,12.6279549]}, "properties": {"osm_id": 3259658174, "osm_type": "nodes", "public_transport": "platform", "highway": "bus_stop", "bus": "yes", "shelter": null, "operator": null, "name": "Mammallapuram Byepass"}},{"type": "Feature", "geometry": {"type":"Point","coordinates":[80.1941402,12.6277026]}, "properties": {"osm_id": 11601577569, "osm_type": "nodes", "public_transport": "platform", "highway": "bus_stop", "bus": "yes", "shelter": null, "operator": null, "name": "Bus to Pondicherry"}},{"type": "Feature", "geometry": {"type":"Point","coordinates":[80.1802665,12.6190181]}, "properties": {"osm_id": 3936181436, "osm_type": "nodes", "public_transport": "platform", "highway": "bus_stop", "bus": "yes", "shelter": null, "operator": null, "name": null}},{"type": "Feature", "geometry": {"type":"Point","coordinates":[80.2521255,13.0787415]}, "properties": {"osm_id": 3216990390, "osm_type": "nodes", "public_transport": "platform", "highway": "bus_stop", "bus": "yes", "shelter": "yes", "operator": null, "name": "KMC"}},{"type": "Feature", "geometry": {"type":"Point","coordinates":[80.2636552,13.0783875]}, "properties": {"osm_id": 303695815, "osm_type": "nodes", "public_transport": "platform", "highway": "bus_stop", "bus": "yes", "shelter": null, "operator": null, "name": null}},{"type": "Feature", "geometry": {"type":"Point","coordinates":[80.2547872,13.0799588]}, "properties": {"osm_id": 384486247, "osm_type": "nodes", "public_transport": "platform", "highway": "bus_stop", "bus": "yes", "shelter": null, "operator": null, "name": "Purasawalkam"}},{"type": "Feature", "geometry": {"type":"Point","coordinates":[80.2507551,13.0872409]}, "properties": {"osm_id": 3215513434, "osm_type": "nodes", "public_transport": "platform", "highway": "bus_stop", "bus": "yes", "shelter": null, "operator": null, "name": "Mekala Theatre"}},{"type": "Feature", "geometry": {"type":"Point","coordinates":[80.2646506,13.0716607]}, "properties": {"osm_id": 2482075369, "osm_type": "nodes", "public_transport": "platform", "highway": "bus_stop", "bus": "yes", "shelter": null, "operator": null, "name": "Egmore Court"}},{"type": "Feature", "geometry": {"type":"Point","coordinates":[80.2625412,13.0726877]}, "properties": {"osm_id": 303695785, "osm_type": "nodes", "public_transport": "platform", "highway": "bus_stop", "bus": "yes", "shelter": null, "operator": null, "name": "Egmore Court"}},{"type": "Feature", "geometry": {"type":"Point","coordinates":[80.2618156,13.0737672]}, "properties": {"osm_id": 303695784, "osm_type": "nodes", "public_transport": "platform", "highway": "bus_stop", "bus": "yes", "shelter": "yes", "operator": null, "name": "Commissioner Office"}},{"type": "Feature", "geometry": {"type":"Point","coordinates":[80.2620635,13.074166]}, "properties": {"osm_id": 2482075364, "osm_type": "nodes", "public_transport": "platform", "highway": "bus_stop", "bus": "yes", "shelter": null, "operator": null, "name": "Commissioner Office"}},{"type": "Feature", "geometry": {"type":"Point","coordinates":[80.2623857,13.0779219]}, "properties": {"osm_id": 304921944, "osm_type": "nodes", "public_transport": "platform", "highway": "bus_stop", "bus": "yes", "shelter": null, "operator": null, "name": "Egmore Station"}},{"type": "Feature", "geometry": {"type":"Point","coordinates":[80.2618805,13.0775116]}, "properties": {"osm_id": 355550113, "osm_type": "nodes", "public_transport": "platform", "highway": "bus_stop", "bus": "yes", "shelter": null, "operator": null, "name": "Egmore Station"}},{"type": "Feature", "geometry": {"type":"Point","coordinates":[80.2039738,13.0545015]}, "properties": {"osm_id": 459632401, "osm_type": "nodes", "public_transport": "platform", "highway": "bus_stop", "bus": "yes", "shelter": null, "operator": null, "name": null}},{"type": "Feature", "geometry": {"type":"Point","coordinates":[80.2663311,13.0473146]}, "properties": {"osm_id": 312686129, "osm_type": "nodes", "public_transport": "platform", "highway": "bus_stop", "bus": "yes", "shelter": null, "operator": null, "name": "Ajanta"}},{"type": "Feature", "geometry": {"type":"Point","coordinates":[80.2804835,13.049045]}, "properties": {"osm_id": 356274121, "osm_type": "nodes", "public_transport": "platform", "highway": "bus_stop", "bus": "yes", "shelter": null, "operator": null, "name": "Ice House stop"}},{"type": "Feature", "geometry": {"type":"Point","coordinates":[80.2796983,13.0505637]}, "properties": {"osm_id": 262666364, "osm_type": "nodes", "public_transport": "stop_position", "highway": "bus_stop", "bus": "yes", "shelter": null, "operator": null, "name": null}},{"type": "Feature", "geometry": {"type":"Point","coordinates":[80.2773605,13.0515688]}, "properties": {"osm_id": 604693344, "osm_type": "nodes", "public_transport": "platform", "highway": "bus_stop", "bus": "yes", "shelter": null, "operator": null, "name": null}},{"type": "Feature", "geometry": {"type":"Point","coordinates":[80.2817387,13.0563899]}, "properties": {"osm_id": 357233537, "osm_type": "nodes", "public_transport": "platform", "highway": "bus_stop", "bus": "yes", "shelter": "yes", "operator": null, "name": "Kannagi Statue"}},{"type": "Feature", "geometry": {"type":"Point","coordinates":[80.2820086,13.0567968]}, "properties": {"osm_id": 357233543, "osm_type": "nodes", "public_transport": "platform", "highway": "bus_stop", "bus": "yes", "shelter": "yes", "operator": null, "name": "Kannagi Statue"}},{"type": "Feature", "geometry": {"type":"Point","coordinates":[80.2776637,13.0602054]}, "properties": {"osm_id": 2486085724, "osm_type": "nodes", "public_transport": "platform", "highway": "bus_stop", "bus": "yes", "shelter": null, "operator": null, "name": null}},{"type": "Feature", "geometry": {"type":"Point","coordinates":[80.0808884,13.0473146]}, "properties": {"osm_id": 3264834128, "osm_type": "nodes", "public_transport": null, "highway": "bus_stop", "bus": "yes", "shelter": null, "operator": null, "name": "Nazarpet"}},{"type": "Feature", "geometry": {"type":"Point","coordinates":[80.0805504,13.0474021]}, "properties": {"osm_id": 3264851616, "osm_type": "nodes", "public_transport": null, "highway": "bus_stop", "bus": "yes", "shelter": null, "operator": null, "name": "Nazarpet"}},{"type": "Feature", "geometry": {"type":"Point","coordinates":[80.0947946,13.0508703]}, "properties": {"osm_id": 384723341, "osm_type": "nodes", "public_transport": "platform", "highway": "bus_stop", "bus": "yes", "shelter": null, "operator": null, "name": "Poonamallee"}},{"type": "Feature", "geometry": {"type":"Point","coordinates":[80.0950719,13.0515356]}, "properties": {"osm_id": 3264832443, "osm_type": "nodes", "public_transport": null, "highway": "bus_stop", "bus": "yes", "shelter": null, "operator": null, "name": "Poonamallee"}},{"type": "Feature", "geometry": {"type":"Point","coordinates":[80.2287432,12.9806227]}, "properties": {"osm_id": 13439108501, "osm_type": "nodes", "public_transport": null, "highway": "bus_stop", "bus": null, "shelter": null, "operator": null, "name": "Baby nagar"}},{"type": "Feature", "geometry": {"type":"Point","coordinates":[80.2435205,13.0067885]}, "properties": {"osm_id": 13740011786, "osm_type": "nodes", "public_transport": "platform", "highway": null, "bus": "yes", "shelter": "yes", "operator": null, "name": null}},{"type": "Feature", "geometry": {"type":"Point","coordinates":[80.2434197,13.0067884]}, "properties": {"osm_id": 13740013410, "osm_type": "nodes", "public_transport": "platform", "highway": null, "bus": "yes", "shelter": "yes", "operator": null, "name": null}},{"type": "Feature", "geometry": {"type":"Point","coordinates":[80.2436146,13.0067939]}, "properties": {"osm_id": 13740013450, "osm_type": "nodes", "public_transport": "platform", "highway": null, "bus": "yes", "shelter": "yes", "operator": null, "name": null}},{"type": "Feature", "geometry": {"type":"Point","coordinates":[80.2336686,12.9921946]}, "properties": {"osm_id": 4384985391, "osm_type": "nodes", "public_transport": "platform", "highway": "bus_stop", "bus": "yes", "shelter": "yes", "operator": "IITM Transport Cell", "name": null}},{"type": "Feature", "geometry": {"type":"Point","coordinates":[80.2276336,12.9902736]}, "properties": {"osm_id": 2245351858, "osm_type": "nodes", "public_transport": "platform", "highway": "bus_stop", "bus": "yes", "shelter": "yes", "operator": null, "name": null}},{"type": "Feature", "geometry": {"type":"Point","coordinates":[80.2015478,13.0048086]}, "properties": {"osm_id": 9514055812, "osm_type": "nodes", "public_transport": "platform", "highway": "bus_stop", "bus": "yes", "shelter": "yes", "operator": null, "name": "Aalandur Metro"}},{"type": "Feature", "geometry": {"type":"Point","coordinates":[80.2180709,12.9839239]}, "properties": {"osm_id": 9554116143, "osm_type": "nodes", "public_transport": null, "highway": "bus_stop", "bus": null, "shelter": "yes", "operator": null, "name": "Rajalakshmi Nagar"}},{"type": "Feature", "geometry": {"type":"Point","coordinates":[80.2183655,12.9871386]}, "properties": {"osm_id": 9554102404, "osm_type": "nodes", "public_transport": "platform", "highway": "bus_stop", "bus": "yes", "shelter": "yes", "operator": null, "name": "Erikkarai"}},{"type": "Feature", "geometry": {"type":"Point","coordinates":[80.2704429,13.0352016]}, "properties": {"osm_id": 413858335, "osm_type": "nodes", "public_transport": "platform", "highway": "bus_stop", "bus": "yes", "shelter": null, "operator": null, "name": null}},{"type": "Feature", "geometry": {"type":"Point","coordinates":[80.2675965,13.0378454]}, "properties": {"osm_id": 416412351, "osm_type": "nodes", "public_transport": "platform", "highway": "bus_stop", "bus": "yes", "shelter": null, "operator": null, "name": null}},{"type": "Feature", "geometry": {"type":"Point","coordinates":[80.2691671,13.044299]}, "properties": {"osm_id": 3216992158, "osm_type": "nodes", "public_transport": "platform", "highway": "bus_stop", "bus": "yes", "shelter": null, "operator": null, "name": "VM Street"}},{"type": "Feature", "geometry": {"type":"Point","coordinates":[80.2683767,13.0439822]}, "properties": {"osm_id": 334222809, "osm_type": "nodes", "public_transport": "platform", "highway": "bus_stop", "bus": "yes", "shelter": "yes", "operator": null, "name": null}},{"type": "Feature", "geometry": {"type":"Point","coordinates":[80.2685434,13.0444719]}, "properties": {"osm_id": 5631301115, "osm_type": "nodes", "public_transport": "platform", "highway": "bus_stop", "bus": "yes", "shelter": "yes", "operator": null, "name": "Yellow Pages"}},{"type": "Feature", "geometry": {"type":"Point","coordinates":[80.2770347,13.0817908]}, "properties": {"osm_id": 2482072866, "osm_type": "nodes", "public_transport": "platform", "highway": "bus_stop", "bus": "yes", "shelter": null, "operator": null, "name": "General Hospital"}},{"type": "Feature", "geometry": {"type":"Point","coordinates":[80.2772826,13.0818202]}, "properties": {"osm_id": 2482072867, "osm_type": "nodes", "public_transport": "platform", "highway": "bus_stop", "bus": "yes", "shelter": null, "operator": null, "name": "General Hospital"}},{"type": "Feature", "geometry": {"type":"Point","coordinates":[80.2767558,13.081757]}, "properties": {"osm_id": 303284240, "osm_type": "nodes", "public_transport": "platform", "highway": "bus_stop", "bus": "yes", "shelter": null, "operator": null, "name": "General Hospital"}},{"type": "Feature", "geometry": {"type":"Point","coordinates":[80.2883335,13.0810225]}, "properties": {"osm_id": 2482072880, "osm_type": "nodes", "public_transport": "platform", "highway": "bus_stop", "bus": "yes", "shelter": null, "operator": null, "name": "Secretariat"}},{"type": "Feature", "geometry": {"type":"Point","coordinates":[80.2883666,13.0803743]}, "properties": {"osm_id": 316066248, "osm_type": "nodes", "public_transport": null, "highway": "bus_stop", "bus": null, "shelter": null, "operator": null, "name": "Secretariat"}},{"type": "Feature", "geometry": {"type":"Point","coordinates":[80.2798513,13.0856683]}, "properties": {"osm_id": 10798124380, "osm_type": "nodes", "public_transport": "platform", "highway": "bus_stop", "bus": "yes", "shelter": null, "operator": null, "name": "Payaigada"}},{"type": "Feature", "geometry": {"type":"Point","coordinates":[80.28373,13.0656532]}, "properties": {"osm_id": 414713705, "osm_type": "nodes", "public_transport": "platform", "highway": "bus_stop", "bus": "yes", "shelter": null, "operator": null, "name": null}},{"type": "Feature", "geometry": {"type":"Point","coordinates":[80.2820391,13.0645078]}, "properties": {"osm_id": 414713706, "osm_type": "nodes", "public_transport": "platform", "highway": "bus_stop", "bus": "yes", "shelter": null, "operator": null, "name": null}},{"type": "Feature", "geometry": {"type":"Point","coordinates":[80.2837471,13.0645245]}, "properties": {"osm_id": 414714010, "osm_type": "nodes", "public_transport": "platform", "highway": "bus_stop", "bus": "yes", "shelter": null, "operator": null, "name": null}},{"type": "Feature", "geometry": {"type":"Point","coordinates":[80.2821764,13.0643489]}, "properties": {"osm_id": 414713529, "osm_type": "nodes", "public_transport": "platform", "highway": "bus_stop", "bus": "yes", "shelter": null, "operator": null, "name": null}},{"type": "Feature", "geometry": {"type":"Point","coordinates":[80.2714362,13.0750408]}, "properties": {"osm_id": 966556116, "osm_type": "nodes", "public_transport": "platform", "highway": "bus_stop", "bus": "yes", "shelter": null, "operator": null, "name": "Chintadripet"}},{"type": "Feature", "geometry": {"type":"Point","coordinates":[80.276459,13.0763656]}, "properties": {"osm_id": 2482072921, "osm_type": "nodes", "public_transport": "platform", "highway": "bus_stop", "bus": "yes", "shelter": null, "operator": "MTC", "name": "Pallavan Salai"}},{"type": "Feature", "geometry": {"type":"Point","coordinates":[80.2718576,13.0812612]}, "properties": {"osm_id": 303284248, "osm_type": "nodes", "public_transport": "platform", "highway": "bus_stop", "bus": "yes", "shelter": null, "operator": null, "name": "Ripon Building"}},{"type": "Feature", "geometry": {"type":"Point","coordinates":[80.2730145,13.0812054]}, "properties": {"osm_id": 966544114, "osm_type": "nodes", "public_transport": "platform", "highway": "bus_stop", "bus": "yes", "shelter": "yes", "operator": null, "name": "Ripon Building"}},{"type": "Feature", "geometry": {"type":"Point","coordinates":[80.2181648,13.0855408]}, "properties": {"osm_id": 12169834258, "osm_type": "nodes", "public_transport": null, "highway": "bus_stop", "bus": null, "shelter": null, "operator": null, "name": "Kandaswamy College"}},{"type": "Feature", "geometry": {"type":"Point","coordinates":[80.2268379,13.0740459]}, "properties": {"osm_id": 11454500629, "osm_type": "nodes", "public_transport": "platform", "highway": "bus_stop", "bus": "yes", "shelter": "yes", "operator": null, "name": null}},{"type": "Feature", "geometry": {"type":"Point","coordinates":[80.2178483,13.0855408]}, "properties": {"osm_id": 12169834259, "osm_type": "nodes", "public_transport": null, "highway": "bus_stop", "bus": null, "shelter": null, "operator": null, "name": "Kandaswamy College"}},{"type": "Feature", "geometry": {"type":"Point","coordinates":[80.2251117,13.0772379]}, "properties": {"osm_id": 12167706507, "osm_type": "nodes", "public_transport": null, "highway": "bus_stop", "bus": null, "shelter": null, "operator": null, "name": null}},{"type": "Feature", "geometry": {"type":"Point","coordinates":[80.2349783,13.0645529]}, "properties": {"osm_id": 4421948892, "osm_type": "nodes", "public_transport": "platform", "highway": "bus_stop", "bus": "yes", "shelter": "yes", "operator": null, "name": "Loyola College"}},{"type": "Feature", "geometry": {"type":"Point","coordinates":[80.2109928,13.0849958]}, "properties": {"osm_id": 5338617221, "osm_type": "nodes", "public_transport": "platform", "highway": "bus_stop", "bus": "yes", "shelter": null, "operator": null, "name": "Blue Star"}},{"type": "Feature", "geometry": {"type":"Point","coordinates":[80.2095342,13.0848336]}, "properties": {"osm_id": 5338656232, "osm_type": "nodes", "public_transport": "platform", "highway": "bus_stop", "bus": "yes", "shelter": null, "operator": null, "name": "Anna Nagar Tower Station"}},{"type": "Feature", "geometry": {"type":"Point","coordinates":[80.218134,13.0858113]}, "properties": {"osm_id": 5338606922, "osm_type": "nodes", "public_transport": "platform", "highway": "bus_stop", "bus": "yes", "shelter": null, "operator": null, "name": "Kandasamy College"}},{"type": "Feature", "geometry": {"type":"Point","coordinates":[80.2182669,13.0900917]}, "properties": {"osm_id": 5338606117, "osm_type": "nodes", "public_transport": "platform", "highway": "bus_stop", "bus": "yes", "shelter": null, "operator": null, "name": "14 Shops Stop"}},{"type": "Feature", "geometry": {"type":"Point","coordinates":[80.2862815,13.074746]}, "properties": {"osm_id": 10536304466, "osm_type": "nodes", "public_transport": "platform", "highway": "bus_stop", "bus": "yes", "shelter": null, "operator": null, "name": "Island Grounds"}},{"type": "Feature", "geometry": {"type":"Point","coordinates":[80.2864212,13.074677]}, "properties": {"osm_id": 10536304467, "osm_type": "nodes", "public_transport": "platform", "highway": "bus_stop", "bus": "yes", "shelter": null, "operator": null, "name": "Island Grounds"}},{"type": "Feature", "geometry": {"type":"Point","coordinates":[80.2639569,13.0521591]}, "properties": {"osm_id": 1311558795, "osm_type": "nodes", "public_transport": "platform", "highway": "bus_stop", "bus": "yes", "shelter": null, "operator": null, "name": "Royapettah High Road Police Station"}},{"type": "Feature", "geometry": {"type":"Point","coordinates":[80.2637555,13.0523172]}, "properties": {"osm_id": 315888034, "osm_type": "nodes", "public_transport": "platform", "highway": "bus_stop", "bus": "yes", "shelter": null, "operator": null, "name": "Royapettah High Road Police Station"}},{"type": "Feature", "geometry": {"type":"Point","coordinates":[80.2576831,13.0520086]}, "properties": {"osm_id": 316244808, "osm_type": "nodes", "public_transport": null, "highway": "bus_stop", "bus": "yes", "shelter": null, "operator": null, "name": null}},{"type": "Feature", "geometry": {"type":"Point","coordinates":[80.253785,13.054195]}, "properties": {"osm_id": 5356742026, "osm_type": "nodes", "public_transport": "platform", "highway": "bus_stop", "bus": "yes", "shelter": "yes", "operator": null, "name": "ஆயிரம் விளக்கு"}},{"type": "Feature", "geometry": {"type":"Point","coordinates":[80.2564362,13.0565217]}, "properties": {"osm_id": 316244810, "osm_type": "nodes", "public_transport": "platform", "highway": "bus_stop", "bus": "yes", "shelter": null, "operator": null, "name": "Thousand Lights"}},{"type": "Feature", "geometry": {"type":"Point","coordinates":[80.2549486,13.0565227]}, "properties": {"osm_id": 5631301098, "osm_type": "nodes", "public_transport": "platform", "highway": "bus_stop", "bus": "yes", "shelter": null, "operator": null, "name": null}},{"type": "Feature", "geometry": {"type":"Point","coordinates":[80.2566529,13.056719]}, "properties": {"osm_id": 9920370157, "osm_type": "nodes", "public_transport": "platform", "highway": "bus_stop", "bus": "yes", "shelter": null, "operator": "Metropolitan Transport Corporation (Chennai) Ltd.", "name": "Anand Theater"}},{"type": "Feature", "geometry": {"type":"Point","coordinates":[80.2647294,13.0571946]}, "properties": {"osm_id": 1311558790, "osm_type": "nodes", "public_transport": "platform", "highway": "bus_stop", "bus": "yes", "shelter": null, "operator": null, "name": "Woodlands Theatre"}},{"type": "Feature", "geometry": {"type":"Point","coordinates":[80.26254,13.0607702]}, "properties": {"osm_id": 2482014618, "osm_type": "nodes", "public_transport": "platform", "highway": "bus_stop", "bus": "yes", "shelter": null, "operator": null, "name": "TVS"}},{"type": "Feature", "geometry": {"type":"Point","coordinates":[80.2610739,13.0606236]}, "properties": {"osm_id": 9920370158, "osm_type": "nodes", "public_transport": "platform", "highway": "bus_stop", "bus": "yes", "shelter": "yes", "operator": "Metropolitan Transport Corporation (Chennai) Ltd.", "name": "Spencer Plaza"}},{"type": "Feature", "geometry": {"type":"Point","coordinates":[80.2588492,13.0387535]}, "properties": {"osm_id": 301736165, "osm_type": "nodes", "public_transport": "stop_position", "highway": "bus_stop", "bus": "yes", "shelter": "yes", "operator": null, "name": "ஆழ்வார் பேட்டை"}},{"type": "Feature", "geometry": {"type":"Point","coordinates":[80.264641,13.037429]}, "properties": {"osm_id": 407983130, "osm_type": "nodes", "public_transport": "platform", "highway": "bus_stop", "bus": "yes", "shelter": null, "operator": null, "name": null}},{"type": "Feature", "geometry": {"type":"Point","coordinates":[80.2635513,13.0397952]}, "properties": {"osm_id": 412728360, "osm_type": "nodes", "public_transport": "platform", "highway": "bus_stop", "bus": "yes", "shelter": null, "operator": null, "name": "Vivekananda College"}},{"type": "Feature", "geometry": {"type":"Point","coordinates":[80.259068,13.0417098]}, "properties": {"osm_id": 418116044, "osm_type": "nodes", "public_transport": "platform", "highway": "bus_stop", "bus": "yes", "shelter": null, "operator": null, "name": "Narada Gana Sabha"}},{"type": "Feature", "geometry": {"type":"Point","coordinates":[80.2861429,13.0936205]}, "properties": {"osm_id": 10115882552, "osm_type": "nodes", "public_transport": "platform", "highway": "bus_stop", "bus": "yes", "shelter": null, "operator": null, "name": "Loyer Square"}},{"type": "Feature", "geometry": {"type":"Point","coordinates":[80.1825361,12.9198324]}, "properties": {"osm_id": 9402032621, "osm_type": "nodes", "public_transport": "platform", "highway": "bus_stop", "bus": "yes", "shelter": null, "operator": "Government of Tamil Nadu", "name": "Medavakkam Junction"}},{"type": "Feature", "geometry": {"type":"Point","coordinates":[80.2653248,13.0446914]}, "properties": {"osm_id": 9734386075, "osm_type": "nodes", "public_transport": "platform", "highway": "bus_stop", "bus": "yes", "shelter": null, "operator": null, "name": "AVM Rajeshwari Thirumana Mandapam"}},{"type": "Feature", "geometry": {"type":"Point","coordinates":[80.2653165,13.0445256]}, "properties": {"osm_id": 3215471942, "osm_type": "nodes", "public_transport": "platform", "highway": "bus_stop", "bus": "yes", "shelter": null, "operator": null, "name": "AVM Rajeshwari"}},{"type": "Feature", "geometry": {"type":"Point","coordinates":[80.2628089,13.04479]}, "properties": {"osm_id": 3215478754, "osm_type": "nodes", "public_transport": "platform", "highway": "bus_stop", "bus": "yes", "shelter": null, "operator": null, "name": "Woodlands"}},{"type": "Feature", "geometry": {"type":"Point","coordinates":[80.2632997,13.0448129]}, "properties": {"osm_id": 334222896, "osm_type": "nodes", "public_transport": "platform", "highway": "bus_stop", "bus": "yes", "shelter": null, "operator": null, "name": "New Woodlands Hotel"}},{"type": "Feature", "geometry": {"type":"Point","coordinates":[80.2596312,13.0443128]}, "properties": {"osm_id": 1685049537, "osm_type": "nodes", "public_transport": "platform", "highway": "bus_stop", "bus": "yes", "shelter": null, "operator": null, "name": "C.I.T. Colony"}},{"type": "Feature", "geometry": {"type":"Point","coordinates":[80.2566441,13.0458825]}, "properties": {"osm_id": 301736903, "osm_type": "nodes", "public_transport": "platform", "highway": "bus_stop", "bus": "yes", "shelter": null, "operator": null, "name": "Chola Sheraton"}},{"type": "Feature", "geometry": {"type":"Point","coordinates":[80.2605344,13.0464693]}, "properties": {"osm_id": 301736912, "osm_type": "nodes", "public_transport": "platform", "highway": "bus_stop", "bus": "yes", "shelter": "yes", "operator": null, "name": "Music Academy"}},{"type": "Feature", "geometry": {"type":"Point","coordinates":[80.256558,13.0462093]}, "properties": {"osm_id": 355515114, "osm_type": "nodes", "public_transport": "platform", "highway": "bus_stop", "bus": "yes", "shelter": null, "operator": null, "name": "Chola Sheraton"}},{"type": "Feature", "geometry": {"type":"Point","coordinates":[80.2538704,13.0479032]}, "properties": {"osm_id": 301736902, "osm_type": "nodes", "public_transport": "platform", "highway": "bus_stop", "bus": "yes", "shelter": null, "operator": null, "name": "Stella Maris"}},{"type": "Feature", "geometry": {"type":"Point","coordinates":[80.2540873,13.0480237]}, "properties": {"osm_id": 405508932, "osm_type": "nodes", "public_transport": "platform", "highway": "bus_stop", "bus": "yes", "shelter": null, "operator": null, "name": "Stella Maris"}},{"type": "Feature", "geometry": {"type":"Point","coordinates":[80.2600237,13.048667]}, "properties": {"osm_id": 4763212040, "osm_type": "nodes", "public_transport": null, "highway": "bus_stop", "bus": "yes", "shelter": null, "operator": null, "name": null}},{"type": "Feature", "geometry": {"type":"Point","coordinates":[80.2625181,13.0508912]}, "properties": {"osm_id": 1311558794, "osm_type": "nodes", "public_transport": "platform", "highway": "bus_stop", "bus": "yes", "shelter": null, "operator": null, "name": "Gowdia Mutt Road"}},{"type": "Feature", "geometry": {"type":"Point","coordinates":[80.256717,13.0459666]}, "properties": {"osm_id": 3216995856, "osm_type": "nodes", "public_transport": "platform", "highway": "bus_stop", "bus": "yes", "shelter": null, "operator": null, "name": "Chola Hotel"}},{"type": "Feature", "geometry": {"type":"Point","coordinates":[80.2152668,13.076939]}, "properties": {"osm_id": 5336301540, "osm_type": "nodes", "public_transport": "platform", "highway": "bus_stop", "bus": "yes", "shelter": "yes", "operator": null, "name": "Aringar Anna Arch"}},{"type": "Feature", "geometry": {"type":"Point","coordinates":[80.2205217,13.0743151]}, "properties": {"osm_id": 941583422, "osm_type": "nodes", "public_transport": "platform", "highway": "bus_stop", "bus": "yes", "shelter": null, "operator": null, "name": "Ampa Skywalk"}},{"type": "Feature", "geometry": {"type":"Point","coordinates":[80.2178689,13.0851915]}, "properties": {"osm_id": 5336309421, "osm_type": "nodes", "public_transport": "platform", "highway": "bus_stop", "bus": "yes", "shelter": null, "operator": null, "name": "Kandhasamy College"}},{"type": "Feature", "geometry": {"type":"Point","coordinates":[80.2095483,13.0850967]}, "properties": {"osm_id": 5338658745, "osm_type": "nodes", "public_transport": "platform", "highway": "bus_stop", "bus": "yes", "shelter": null, "operator": null, "name": "Anna Nagar Tower Station"}},{"type": "Feature", "geometry": {"type":"Point","coordinates":[80.2132579,13.0848976]}, "properties": {"osm_id": 5338614518, "osm_type": "nodes", "public_transport": "platform", "highway": "bus_stop", "bus": "yes", "shelter": null, "operator": null, "name": "Ayyappan Kovil"}},{"type": "Feature", "geometry": {"type":"Point","coordinates":[80.2276191,13.0912499]}, "properties": {"osm_id": 6117608083, "osm_type": "nodes", "public_transport": "platform", "highway": "bus_stop", "bus": "yes", "shelter": null, "operator": null, "name": "VOC Nagar Bus Stop"}},{"type": "Feature", "geometry": {"type":"Point","coordinates":[80.2187163,13.0957115]}, "properties": {"osm_id": 5336311486, "osm_type": "nodes", "public_transport": "platform", "highway": "bus_stop", "bus": "yes", "shelter": null, "operator": null, "name": "Anna Peripheral Hospital Stop"}},{"type": "Feature", "geometry": {"type":"Point","coordinates":[80.2189413,13.0956228]}, "properties": {"osm_id": 5338602064, "osm_type": "nodes", "public_transport": "platform", "highway": "bus_stop", "bus": "yes", "shelter": null, "operator": null, "name": "Anna Peripheral Hospital Stop"}},{"type": "Feature", "geometry": {"type":"Point","coordinates":[80.230974,13.0666515]}, "properties": {"osm_id": 7869100704, "osm_type": "nodes", "public_transport": "platform", "highway": "bus_stop", "bus": "yes", "shelter": null, "operator": null, "name": "Choolaimedu"}},{"type": "Feature", "geometry": {"type":"Point","coordinates":[80.226057,13.2882899]}, "properties": {"osm_id": 4582390875, "osm_type": "nodes", "public_transport": "platform", "highway": "bus_stop", "bus": "yes", "shelter": null, "operator": null, "name": "Jayaramapuram Bus Stop"}},{"type": "Feature", "geometry": {"type":"Point","coordinates":[80.2634866,13.0222664]}, "properties": {"osm_id": 3217000237, "osm_type": "nodes", "public_transport": null, "highway": "bus_stop", "bus": "yes", "shelter": "yes", "operator": null, "name": "Rani Meiyammai School"}},{"type": "Feature", "geometry": {"type":"Point","coordinates":[80.259582,13.0163426]}, "properties": {"osm_id": 2587520245, "osm_type": "nodes", "public_transport": "platform", "highway": "bus_stop", "bus": "yes", "shelter": "yes", "operator": null, "name": "Sathya Studio"}},{"type": "Feature", "geometry": {"type":"Point","coordinates":[80.259639,13.0164211]}, "properties": {"osm_id": 2587520246, "osm_type": "nodes", "public_transport": "platform", "highway": "bus_stop", "bus": "yes", "shelter": "yes", "operator": null, "name": "Sathya Studio"}},{"type": "Feature", "geometry": {"type":"Point","coordinates":[80.259698,13.0165092]}, "properties": {"osm_id": 2587520247, "osm_type": "nodes", "public_transport": "platform", "highway": "bus_stop", "bus": "yes", "shelter": "yes", "operator": null, "name": "Sathya Studio"}},{"type": "Feature", "geometry": {"type":"Point","coordinates":[80.2594407,13.0160134]}, "properties": {"osm_id": 3215417205, "osm_type": "nodes", "public_transport": null, "highway": "bus_stop", "bus": "yes", "shelter": "yes", "operator": null, "name": "Andhra Mahila Sabha"}},{"type": "Feature", "geometry": {"type":"Point","coordinates":[80.2597582,13.0162141]}, "properties": {"osm_id": 3217004886, "osm_type": "nodes", "public_transport": "platform", "highway": "bus_stop", "bus": "yes", "shelter": "yes", "operator": null, "name": "Andhra Mahila Sabha"}},{"type": "Feature", "geometry": {"type":"Point","coordinates":[80.2609805,13.0471019]}, "properties": {"osm_id": 7416129840, "osm_type": "nodes", "public_transport": "platform", "highway": "bus_stop", "bus": "yes", "shelter": null, "operator": "MTC", "name": "Music Academy"}},{"type": "Feature", "geometry": {"type":"Point","coordinates":[80.2678513,13.0338433]}, "properties": {"osm_id": 410614381, "osm_type": "nodes", "public_transport": "platform", "highway": "bus_stop", "bus": "yes", "shelter": "yes", "operator": null, "name": "RK Mutt Road Mylapore Tank"}},{"type": "Feature", "geometry": {"type":"Point","coordinates":[80.2679245,13.0337179]}, "properties": {"osm_id": 410614397, "osm_type": "nodes", "public_transport": "platform", "highway": "bus_stop", "bus": "yes", "shelter": "yes", "operator": null, "name": "Mylapore Tank"}},{"type": "Feature", "geometry": {"type":"Point","coordinates":[80.2678137,13.0332722]}, "properties": {"osm_id": 13839624069, "osm_type": "nodes", "public_transport": "platform", "highway": "bus_stop", "bus": "yes", "shelter": "yes", "operator": null, "name": "மயிலாப்பூர் டேங்க்"}},{"type": "Feature", "geometry": {"type":"Point","coordinates":[80.2279555,12.9032844]}, "properties": {"osm_id": 4402620433, "osm_type": "nodes", "public_transport": "platform", "highway": "bus_stop", "bus": "yes", "shelter": null, "operator": null, "name": "சோழிங்கநல்லூர்"}},{"type": "Feature", "geometry": {"type":"Point","coordinates":[80.228228,12.9075689]}, "properties": {"osm_id": 4402620444, "osm_type": "nodes", "public_transport": "platform", "highway": "bus_stop", "bus": "yes", "shelter": null, "operator": null, "name": "Accenture"}},{"type": "Feature", "geometry": {"type":"Point","coordinates":[80.2279854,12.8988445]}, "properties": {"osm_id": 5093966251, "osm_type": "nodes", "public_transport": "platform", "highway": "bus_stop", "bus": "yes", "shelter": null, "operator": null, "name": "Sholinganallur"}},{"type": "Feature", "geometry": {"type":"Point","coordinates":[80.2275695,12.901036]}, "properties": {"osm_id": 12361399925, "osm_type": "nodes", "public_transport": "platform", "highway": "bus_stop", "bus": "yes", "shelter": null, "operator": "MTC", "name": "Sholinganallur bus stand"}},{"type": "Feature", "geometry": {"type":"Point","coordinates":[80.2293073,12.9133328]}, "properties": {"osm_id": 12986091907, "osm_type": "nodes", "public_transport": "platform", "highway": "bus_stop", "bus": "yes", "shelter": null, "operator": null, "name": "Karappakkam"}},{"type": "Feature", "geometry": {"type":"Point","coordinates":[80.2269108,12.8857366]}, "properties": {"osm_id": 12986110301, "osm_type": "nodes", "public_transport": null, "highway": "bus_stop", "bus": null, "shelter": null, "operator": null, "name": "Ponniyamman Koyil"}},{"type": "Feature", "geometry": {"type":"Point","coordinates":[80.2269472,12.8779737]}, "properties": {"osm_id": 12986110401, "osm_type": "nodes", "public_transport": null, "highway": "bus_stop", "bus": null, "shelter": null, "operator": null, "name": "Kumaran Nagar"}},{"type": "Feature", "geometry": {"type":"Point","coordinates":[80.2189545,12.6934073]}, "properties": {"osm_id": 3261249518, "osm_type": "nodes", "public_transport": null, "highway": "bus_stop", "bus": null, "shelter": null, "operator": null, "name": "Nemmili Saibaba"}},{"type": "Feature", "geometry": {"type":"Point","coordinates":[80.2236537,12.7051244]}, "properties": {"osm_id": 3261250561, "osm_type": "nodes", "public_transport": null, "highway": "bus_stop", "bus": null, "shelter": null, "operator": null, "name": "Sulerikadu"}},{"type": "Feature", "geometry": {"type":"Point","coordinates":[80.2278862,12.7181335]}, "properties": {"osm_id": 3261251123, "osm_type": "nodes", "public_transport": null, "highway": "bus_stop", "bus": null, "shelter": null, "operator": null, "name": "Peroor"}},{"type": "Feature", "geometry": {"type":"Point","coordinates":[80.2282429,12.7187693]}, "properties": {"osm_id": 3259616260, "osm_type": "nodes", "public_transport": null, "highway": "bus_stop", "bus": null, "shelter": null, "operator": null, "name": "Peroor"}},{"type": "Feature", "geometry": {"type":"Point","coordinates":[80.2172083,12.6891303]}, "properties": {"osm_id": 3259631204, "osm_type": "nodes", "public_transport": null, "highway": "bus_stop", "bus": null, "shelter": null, "operator": null, "name": "Krishnan Colony"}},{"type": "Feature", "geometry": {"type":"Point","coordinates":[80.209218,12.661715]}, "properties": {"osm_id": 3259612618, "osm_type": "nodes", "public_transport": null, "highway": "bus_stop", "bus": null, "shelter": null, "operator": null, "name": "Pattipulam Kaavamaram"}},{"type": "Feature", "geometry": {"type":"Point","coordinates":[80.2065975,12.6542022]}, "properties": {"osm_id": 3259654159, "osm_type": "nodes", "public_transport": null, "highway": "bus_stop", "bus": null, "shelter": null, "operator": null, "name": "Ilanthoppu"}},{"type": "Feature", "geometry": {"type":"Point","coordinates":[80.2430139,12.7560423]}, "properties": {"osm_id": 3259351069, "osm_type": "nodes", "public_transport": null, "highway": "bus_stop", "bus": null, "shelter": null, "operator": null, "name": "Therukupattu"}},{"type": "Feature", "geometry": {"type":"Point","coordinates":[80.2212533,12.7887581]}, "properties": {"osm_id": 13722778478, "osm_type": "nodes", "public_transport": "platform", "highway": "bus_stop", "bus": "yes", "shelter": "yes", "operator": null, "name": "Vandalur Road Junction"}},{"type": "Feature", "geometry": {"type":"Point","coordinates":[80.2433699,13.0694621]}, "properties": {"osm_id": 3216985475, "osm_type": "nodes", "public_transport": "platform", "highway": "bus_stop", "bus": "yes", "shelter": null, "operator": null, "name": "Chetpet"}},{"type": "Feature", "geometry": {"type":"Point","coordinates":[80.2420245,13.0700162]}, "properties": {"osm_id": 415913900, "osm_type": "nodes", "public_transport": "platform", "highway": "bus_stop", "bus": "yes", "shelter": null, "operator": null, "name": null}},{"type": "Feature", "geometry": {"type":"Point","coordinates":[80.2420016,13.0700086]}, "properties": {"osm_id": 5631301102, "osm_type": "nodes", "public_transport": "platform", "highway": "bus_stop", "bus": "yes", "shelter": null, "operator": null, "name": null}},{"type": "Feature", "geometry": {"type":"Point","coordinates":[80.2479405,13.067122]}, "properties": {"osm_id": 4421925892, "osm_type": "nodes", "public_transport": "platform", "highway": "bus_stop", "bus": "yes", "shelter": "yes", "operator": null, "name": null}},{"type": "Feature", "geometry": {"type":"Point","coordinates":[80.2478922,13.0666677]}, "properties": {"osm_id": 3216991399, "osm_type": "nodes", "public_transport": "platform", "highway": "bus_stop", "bus": "yes", "shelter": "yes", "operator": null, "name": "Haddows Road"}},{"type": "Feature", "geometry": {"type":"Point","coordinates":[80.2434529,13.0635006]}, "properties": {"osm_id": 344411089, "osm_type": "nodes", "public_transport": "platform", "highway": "bus_stop", "bus": "yes", "shelter": null, "operator": null, "name": "Sterling Road"}},{"type": "Feature", "geometry": {"type":"Point","coordinates":[80.2181587,13.0760536]}, "properties": {"osm_id": 7843267874, "osm_type": "nodes", "public_transport": "platform", "highway": "bus_stop", "bus": "yes", "shelter": null, "operator": null, "name": "Anna Arch"}},{"type": "Feature", "geometry": {"type":"Point","coordinates":[80.2176034,13.075358]}, "properties": {"osm_id": 5336303647, "osm_type": "nodes", "public_transport": "platform", "highway": "bus_stop", "bus": "yes", "shelter": null, "operator": null, "name": "Anna Arch"}},{"type": "Feature", "geometry": {"type":"Point","coordinates":[80.2208333,13.073815]}, "properties": {"osm_id": 7843267873, "osm_type": "nodes", "public_transport": "platform", "highway": "bus_stop", "bus": "yes", "shelter": null, "operator": null, "name": "Skywalk"}},{"type": "Feature", "geometry": {"type":"Point","coordinates":[80.2220136,13.0720107]}, "properties": {"osm_id": 7843267872, "osm_type": "nodes", "public_transport": "platform", "highway": "bus_stop", "bus": "yes", "shelter": "yes", "operator": null, "name": "Skywalk"}},{"type": "Feature", "geometry": {"type":"Point","coordinates":[80.2065633,13.0692359]}, "properties": {"osm_id": 5400380243, "osm_type": "nodes", "public_transport": "platform", "highway": "bus_stop", "bus": "yes", "shelter": null, "operator": null, "name": "Jai Nagar Park"}},{"type": "Feature", "geometry": {"type":"Point","coordinates":[80.2002264,13.073976]}, "properties": {"osm_id": 5400380933, "osm_type": "nodes", "public_transport": "platform", "highway": "bus_stop", "bus": "yes", "shelter": null, "operator": null, "name": "Vijayakanth Kalyana Mandapam"}},{"type": "Feature", "geometry": {"type":"Point","coordinates":[80.2003418,13.0735659]}, "properties": {"osm_id": 4739613829, "osm_type": "nodes", "public_transport": "platform", "highway": "bus_stop", "bus": "yes", "shelter": null, "operator": "Metropolitan Transport Corporation (Chennai) Ltd.", "name": "Marriage Hall Bus Stop"}},{"type": "Feature", "geometry": {"type":"Point","coordinates":[80.2019974,13.0726445]}, "properties": {"osm_id": 4732042730, "osm_type": "nodes", "public_transport": "platform", "highway": "bus_stop", "bus": "yes", "shelter": null, "operator": null, "name": null}},{"type": "Feature", "geometry": {"type":"Point","coordinates":[80.1968385,13.0752687]}, "properties": {"osm_id": 6253855210, "osm_type": "nodes", "public_transport": "platform", "highway": "bus_stop", "bus": "yes", "shelter": null, "operator": null, "name": "YBM Koyambedu"}},{"type": "Feature", "geometry": {"type":"Point","coordinates":[80.1972144,13.0631192]}, "properties": {"osm_id": 401880700, "osm_type": "nodes", "public_transport": null, "highway": "bus_stop", "bus": null, "shelter": null, "operator": null, "name": null}},{"type": "Feature", "geometry": {"type":"Point","coordinates":[80.2558808,12.9885068]}, "properties": {"osm_id": 317827746, "osm_type": "nodes", "public_transport": "stop_position", "highway": "bus_stop", "bus": "yes", "shelter": null, "operator": null, "name": "Jayanti"}},{"type": "Feature", "geometry": {"type":"Point","coordinates":[80.255959,12.9883987]}, "properties": {"osm_id": 317827781, "osm_type": "nodes", "public_transport": "stop_position", "highway": "bus_stop", "bus": "yes", "shelter": null, "operator": null, "name": "Jayanti"}},{"type": "Feature", "geometry": {"type":"Point","coordinates":[80.2506682,12.9911334]}, "properties": {"osm_id": 1183430887, "osm_type": "nodes", "public_transport": "platform", "highway": "bus_stop", "bus": "yes", "shelter": "yes", "operator": "MTC", "name": "Tidel Park"}},{"type": "Feature", "geometry": {"type":"Point","coordinates":[80.1987027,13.0820746]}, "properties": {"osm_id": 5400381038, "osm_type": "nodes", "public_transport": "platform", "highway": "bus_stop", "bus": "yes", "shelter": "yes", "operator": "Metropolitan Transport Corporation (Chennai) Ltd.", "name": "CPWD Quarters Bus Stop"}},{"type": "Feature", "geometry": {"type":"Point","coordinates":[80.2159694,13.0846068]}, "properties": {"osm_id": 9894539902, "osm_type": "nodes", "public_transport": "platform", "highway": "bus_stop", "bus": "yes", "shelter": null, "operator": null, "name": "Anna Nagar Roundtana"}},{"type": "Feature", "geometry": {"type":"Point","coordinates":[80.2159601,13.0848033]}, "properties": {"osm_id": 5338612406, "osm_type": "nodes", "public_transport": "platform", "highway": "bus_stop", "bus": "yes", "shelter": null, "operator": null, "name": "Anna Nagar Roundtana"}},{"type": "Feature", "geometry": {"type":"Point","coordinates":[80.2013107,13.0853785]}, "properties": {"osm_id": 5227401703, "osm_type": "nodes", "public_transport": "platform", "highway": "bus_stop", "bus": "yes", "shelter": "yes", "operator": "Government", "name": "Thirumangalam Metro"}},{"type": "Feature", "geometry": {"type":"Point","coordinates":[80.2663928,13.064682]}, "properties": {"osm_id": 2482072878, "osm_type": "nodes", "public_transport": "platform", "highway": "bus_stop", "bus": "yes", "shelter": null, "operator": null, "name": "L.I.C"}},{"type": "Feature", "geometry": {"type":"Point","coordinates":[80.2685713,13.0671092]}, "properties": {"osm_id": 309185794, "osm_type": "nodes", "public_transport": "platform", "highway": "bus_stop", "bus": "yes", "shelter": null, "operator": null, "name": "Dams Road"}},{"type": "Feature", "geometry": {"type":"Point","coordinates":[80.0530238,13.1438112]}, "properties": {"osm_id": 9865222174, "osm_type": "nodes", "public_transport": "platform", "highway": "bus_stop", "bus": "yes", "shelter": null, "operator": null, "name": null}},{"type": "Feature", "geometry": {"type":"Point","coordinates":[80.0536805,13.1422694]}, "properties": {"osm_id": 9865222187, "osm_type": "nodes", "public_transport": "platform", "highway": "bus_stop", "bus": "yes", "shelter": null, "operator": null, "name": null}},{"type": "Feature", "geometry": {"type":"Point","coordinates":[80.053203,13.1350323]}, "properties": {"osm_id": 9865222354, "osm_type": "nodes", "public_transport": "platform", "highway": "bus_stop", "bus": "yes", "shelter": null, "operator": null, "name": null}},{"type": "Feature", "geometry": {"type":"Point","coordinates":[80.0529501,13.1276162]}, "properties": {"osm_id": 9865806934, "osm_type": "nodes", "public_transport": "platform", "highway": "bus_stop", "bus": "yes", "shelter": null, "operator": null, "name": null}},{"type": "Feature", "geometry": {"type":"Point","coordinates":[80.0521881,13.1278471]}, "properties": {"osm_id": 9865806966, "osm_type": "nodes", "public_transport": "platform", "highway": "bus_stop", "bus": "yes", "shelter": null, "operator": null, "name": null}},{"type": "Feature", "geometry": {"type":"Point","coordinates":[80.0528336,13.125207]}, "properties": {"osm_id": 9865807040, "osm_type": "nodes", "public_transport": "platform", "highway": "bus_stop", "bus": "yes", "shelter": null, "operator": null, "name": null}},{"type": "Feature", "geometry": {"type":"Point","coordinates":[80.0114902,13.1265188]}, "properties": {"osm_id": 10235135129, "osm_type": "nodes", "public_transport": "platform", "highway": "bus_stop", "bus": "yes", "shelter": null, "operator": null, "name": "Church"}},{"type": "Feature", "geometry": {"type":"Point","coordinates":[80.010147,13.1258146]}, "properties": {"osm_id": 10235135130, "osm_type": "nodes", "public_transport": "platform", "highway": "bus_stop", "bus": "yes", "shelter": null, "operator": null, "name": "Veppampattu (Madha Koil)"}},{"type": "Feature", "geometry": {"type":"Point","coordinates":[80.0526312,13.1384114]}, "properties": {"osm_id": 9865222270, "osm_type": "nodes", "public_transport": "platform", "highway": "bus_stop", "bus": "yes", "shelter": null, "operator": null, "name": null}},{"type": "Feature", "geometry": {"type":"Point","coordinates":[80.2369328,13.0294407]}, "properties": {"osm_id": 9514067017, "osm_type": "nodes", "public_transport": "platform", "highway": "bus_stop", "bus": "yes", "shelter": "yes", "operator": null, "name": "Nandanam"}},{"type": "Feature", "geometry": {"type":"Point","coordinates":[80.2367701,13.0289526]}, "properties": {"osm_id": 9918041829, "osm_type": "nodes", "public_transport": null, "highway": "bus_stop", "bus": null, "shelter": "yes", "operator": null, "name": "Nandanam YMCA"}},{"type": "Feature", "geometry": {"type":"Point","coordinates":[80.2421911,13.0538791]}, "properties": {"osm_id": 13513843601, "osm_type": "nodes", "public_transport": "platform", "highway": "bus_stop", "bus": "yes", "shelter": null, "operator": null, "name": "Valluvar kottam"}},{"type": "Feature", "geometry": {"type":"Point","coordinates":[80.2511416,13.0305766]}, "properties": {"osm_id": 9920387335, "osm_type": "nodes", "public_transport": "platform", "highway": "bus_stop", "bus": "yes", "shelter": "yes", "operator": "Metropolitan Transport Corporation (Chennai) Ltd.", "name": "TTK Road Adyar Gate"}},{"type": "Feature", "geometry": {"type":"Point","coordinates":[80.2376491,13.0407738]}, "properties": {"osm_id": 3732415367, "osm_type": "nodes", "public_transport": "platform", "highway": "bus_stop", "bus": "yes", "shelter": "yes", "operator": null, "name": "T. Nagar Pondy Bazaar Big Bazaar"}},{"type": "Feature", "geometry": {"type":"Point","coordinates":[80.2416011,13.0403357]}, "properties": {"osm_id": 3725571283, "osm_type": "nodes", "public_transport": "platform", "highway": "bus_stop", "bus": "yes", "shelter": "yes", "operator": null, "name": "Holy Angels Convent"}},{"type": "Feature", "geometry": {"type":"Point","coordinates":[80.2429146,13.0399858]}, "properties": {"osm_id": 4407799419, "osm_type": "nodes", "public_transport": "platform", "highway": "bus_stop", "bus": "yes", "shelter": "yes", "operator": null, "name": "Globus"}},{"type": "Feature", "geometry": {"type":"Point","coordinates":[80.242543,13.0400117]}, "properties": {"osm_id": 4407799377, "osm_type": "nodes", "public_transport": "platform", "highway": "bus_stop", "bus": "yes", "shelter": "yes", "operator": null, "name": "Nagesh Theatre stop"}},{"type": "Feature", "geometry": {"type":"Point","coordinates":[80.2445165,13.0397224]}, "properties": {"osm_id": 13743048350, "osm_type": "nodes", "public_transport": "platform", "highway": null, "bus": "yes", "shelter": "yes", "operator": null, "name": null}},{"type": "Feature", "geometry": {"type":"Point","coordinates":[80.2446167,13.0396975]}, "properties": {"osm_id": 13743048370, "osm_type": "nodes", "public_transport": "platform", "highway": null, "bus": "yes", "shelter": "yes", "operator": null, "name": "Aalayamman Kovil Bus Stop"}},{"type": "Feature", "geometry": {"type":"Point","coordinates":[80.2066103,13.1257782]}, "properties": {"osm_id": 11953087581, "osm_type": "nodes", "public_transport": "platform", "highway": "bus_stop", "bus": "yes", "shelter": null, "operator": null, "name": "Ambedkar nagar"}},{"type": "Feature", "geometry": {"type":"Point","coordinates":[80.2076601,13.1032304]}, "properties": {"osm_id": 13645694601, "osm_type": "nodes", "public_transport": "platform", "highway": "bus_stop", "bus": "yes", "shelter": null, "operator": null, "name": null}},{"type": "Feature", "geometry": {"type":"Point","coordinates":[80.2864412,13.095673]}, "properties": {"osm_id": 10115882544, "osm_type": "nodes", "public_transport": "platform", "highway": "bus_stop", "bus": "yes", "shelter": null, "operator": null, "name": "Mannadi"}},{"type": "Feature", "geometry": {"type":"Point","coordinates":[80.286395,13.0961399]}, "properties": {"osm_id": 2486226655, "osm_type": "nodes", "public_transport": "platform", "highway": "bus_stop", "bus": "yes", "shelter": null, "operator": null, "name": "Mannadi"}},{"type": "Feature", "geometry": {"type":"Point","coordinates":[80.2509589,13.0941477]}, "properties": {"osm_id": 3215523368, "osm_type": "nodes", "public_transport": "platform", "highway": "bus_stop", "bus": "yes", "shelter": null, "operator": null, "name": "Saravana Theatre"}},{"type": "Feature", "geometry": {"type":"Point","coordinates":[80.2513821,13.0972089]}, "properties": {"osm_id": 3215523791, "osm_type": "nodes", "public_transport": "platform", "highway": "bus_stop", "bus": "yes", "shelter": null, "operator": null, "name": "Otteri"}},{"type": "Feature", "geometry": {"type":"Point","coordinates":[80.2749364,13.1010909]}, "properties": {"osm_id": 2486226658, "osm_type": "nodes", "public_transport": "platform", "highway": "bus_stop", "bus": "yes", "shelter": null, "operator": null, "name": null}},{"type": "Feature", "geometry": {"type":"Point","coordinates":[80.2526445,13.1023363]}, "properties": {"osm_id": 3216970916, "osm_type": "nodes", "public_transport": "platform", "highway": "bus_stop", "bus": "yes", "shelter": null, "operator": null, "name": "Binny Mills"}},{"type": "Feature", "geometry": {"type":"Point","coordinates":[80.2531007,13.1049521]}, "properties": {"osm_id": 3215524962, "osm_type": "nodes", "public_transport": "platform", "highway": "bus_stop", "bus": "yes", "shelter": null, "operator": null, "name": "Mettupalayam"}},{"type": "Feature", "geometry": {"type":"Point","coordinates":[80.2758378,13.1045485]}, "properties": {"osm_id": 10115681436, "osm_type": "nodes", "public_transport": "platform", "highway": "bus_stop", "bus": "yes", "shelter": null, "operator": null, "name": "Moolakothalam"}},{"type": "Feature", "geometry": {"type":"Point","coordinates":[80.2758788,13.104393]}, "properties": {"osm_id": 10115681437, "osm_type": "nodes", "public_transport": "platform", "highway": "bus_stop", "bus": "yes", "shelter": null, "operator": null, "name": "Moolakothalam"}},{"type": "Feature", "geometry": {"type":"Point","coordinates":[80.202265,13.1237598]}, "properties": {"osm_id": 11915150828, "osm_type": "nodes", "public_transport": "platform", "highway": "bus_stop", "bus": "yes", "shelter": "yes", "operator": "MTC", "name": "Senthil nagar"}},{"type": "Feature", "geometry": {"type":"Point","coordinates":[79.1226392,12.8835295]}, "properties": {"osm_id": 4693432897, "osm_type": "nodes", "public_transport": "platform", "highway": "bus_stop", "bus": "yes", "shelter": null, "operator": null, "name": "Female Prison/Jail"}},{"type": "Feature", "geometry": {"type":"Point","coordinates":[79.1247793,12.8788583]}, "properties": {"osm_id": 4693434186, "osm_type": "nodes", "public_transport": "platform", "highway": "bus_stop", "bus": "yes", "shelter": null, "operator": null, "name": "Thanthai Periyar Engineering College"}},{"type": "Feature", "geometry": {"type":"Point","coordinates":[80.3279081,13.2249322]}, "properties": {"osm_id": 371720100, "osm_type": "nodes", "public_transport": "platform", "highway": "bus_stop", "bus": "yes", "shelter": null, "operator": null, "name": "Thalankuppam"}},{"type": "Feature", "geometry": {"type":"Point","coordinates":[80.2617559,13.2689459]}, "properties": {"osm_id": 9859922278, "osm_type": "nodes", "public_transport": "platform", "highway": "bus_stop", "bus": "yes", "shelter": null, "operator": null, "name": null}},{"type": "Feature", "geometry": {"type":"Point","coordinates":[80.0610379,13.109584]}, "properties": {"osm_id": 5225868729, "osm_type": "nodes", "public_transport": null, "highway": "bus_stop", "bus": null, "shelter": null, "operator": null, "name": "Thandurai Bus Stop"}},{"type": "Feature", "geometry": {"type":"Point","coordinates":[80.0528887,13.0961125]}, "properties": {"osm_id": 9865807493, "osm_type": "nodes", "public_transport": "platform", "highway": "bus_stop", "bus": "yes", "shelter": null, "operator": null, "name": "Thirumanam Chithukkadu"}},{"type": "Feature", "geometry": {"type":"Point","coordinates":[80.0522361,13.0956181]}, "properties": {"osm_id": 9865807510, "osm_type": "nodes", "public_transport": "platform", "highway": "bus_stop", "bus": "yes", "shelter": null, "operator": null, "name": "Thirumanam Chithukkadu"}},{"type": "Feature", "geometry": {"type":"Point","coordinates":[80.2913847,13.1078822]}, "properties": {"osm_id": 4864012223, "osm_type": "nodes", "public_transport": "platform", "highway": "bus_stop", "bus": "yes", "shelter": null, "operator": null, "name": null}},{"type": "Feature", "geometry": {"type":"Point","coordinates":[80.1893475,13.016826]}, "properties": {"osm_id": 3264882332, "osm_type": "nodes", "public_transport": "platform", "highway": "bus_stop", "bus": "yes", "shelter": "yes", "operator": null, "name": "Nandambakkam"}},{"type": "Feature", "geometry": {"type":"Point","coordinates":[80.2064926,13.0195376]}, "properties": {"osm_id": 9920341482, "osm_type": "nodes", "public_transport": "platform", "highway": "bus_stop", "bus": "yes", "shelter": null, "operator": null, "name": null}},{"type": "Feature", "geometry": {"type":"Point","coordinates":[80.1975671,13.0086502]}, "properties": {"osm_id": 3264883462, "osm_type": "nodes", "public_transport": "platform", "highway": "bus_stop", "bus": "yes", "shelter": "yes", "operator": null, "name": "Butt Road"}},{"type": "Feature", "geometry": {"type":"Point","coordinates":[80.1957259,13.0107563]}, "properties": {"osm_id": 7169395980, "osm_type": "nodes", "public_transport": "platform", "highway": "bus_stop", "bus": "yes", "shelter": "yes", "operator": null, "name": "Military Quarters"}},{"type": "Feature", "geometry": {"type":"Point","coordinates":[80.1959419,13.0107616]}, "properties": {"osm_id": 7169419214, "osm_type": "nodes", "public_transport": "platform", "highway": "bus_stop", "bus": "yes", "shelter": null, "operator": null, "name": "ST Thomas Hospital"}},{"type": "Feature", "geometry": {"type":"Point","coordinates":[80.1467353,13.0229376]}, "properties": {"osm_id": 1024673452, "osm_type": "nodes", "public_transport": null, "highway": "bus_stop", "bus": "yes", "shelter": null, "operator": null, "name": "Madanandhapuram"}},{"type": "Feature", "geometry": {"type":"Point","coordinates":[80.1689077,13.0290781]}, "properties": {"osm_id": 3264823358, "osm_type": "nodes", "public_transport": "platform", "highway": "bus_stop", "bus": "yes", "shelter": "yes", "operator": null, "name": "Mugalivakkam"}},{"type": "Feature", "geometry": {"type":"Point","coordinates":[80.168324,13.0294745]}, "properties": {"osm_id": 370969697, "osm_type": "nodes", "public_transport": "platform", "highway": "bus_stop", "bus": "yes", "shelter": "yes", "operator": null, "name": "Mugalivakkam"}},{"type": "Feature", "geometry": {"type":"Point","coordinates":[80.1839234,13.0210492]}, "properties": {"osm_id": 1015556637, "osm_type": "nodes", "public_transport": "platform", "highway": "bus_stop", "bus": "yes", "shelter": "yes", "operator": null, "name": "Rampuram MIOT Hospital"}},{"type": "Feature", "geometry": {"type":"Point","coordinates":[80.1838081,13.0208127]}, "properties": {"osm_id": 1015562222, "osm_type": "nodes", "public_transport": "platform", "highway": "bus_stop", "bus": "yes", "shelter": null, "operator": null, "name": "MIOT Hospital"}},{"type": "Feature", "geometry": {"type":"Point","coordinates":[80.1785664,13.0237184]}, "properties": {"osm_id": 3264721594, "osm_type": "nodes", "public_transport": "platform", "highway": "bus_stop", "bus": "yes", "shelter": "yes", "operator": null, "name": "L&T Bus Stop"}},{"type": "Feature", "geometry": {"type":"Point","coordinates":[80.1836954,13.0289829]}, "properties": {"osm_id": 1015570839, "osm_type": "nodes", "public_transport": null, "highway": "bus_stop", "bus": "yes", "shelter": null, "operator": null, "name": "Rayala Nagar Bus Stop"}},{"type": "Feature", "geometry": {"type":"Point","coordinates":[80.1744872,13.0148049]}, "properties": {"osm_id": 2142333096, "osm_type": "nodes", "public_transport": null, "highway": "bus_stop", "bus": "yes", "shelter": null, "operator": null, "name": null}},{"type": "Feature", "geometry": {"type":"Point","coordinates":[80.1744381,13.0148178]}, "properties": {"osm_id": 5631301110, "osm_type": "nodes", "public_transport": "platform", "highway": "bus_stop", "bus": "yes", "shelter": null, "operator": null, "name": null}},{"type": "Feature", "geometry": {"type":"Point","coordinates":[80.3169358,13.1856767]}, "properties": {"osm_id": 9853561302, "osm_type": "nodes", "public_transport": "platform", "highway": "bus_stop", "bus": "yes", "shelter": null, "operator": null, "name": "Barathiyar Nagar"}},{"type": "Feature", "geometry": {"type":"Point","coordinates":[80.2422636,13.0320877]}, "properties": {"osm_id": 10036499425, "osm_type": "nodes", "public_transport": "platform", "highway": "bus_stop", "bus": "yes", "shelter": null, "operator": null, "name": "Nandanam Officers Enclave"}},{"type": "Feature", "geometry": {"type":"Point","coordinates":[80.238274,13.0303695]}, "properties": {"osm_id": 386002530, "osm_type": "nodes", "public_transport": "platform", "highway": "bus_stop", "bus": "yes", "shelter": null, "operator": null, "name": null}},{"type": "Feature", "geometry": {"type":"Point","coordinates":[80.2492676,13.0290452]}, "properties": {"osm_id": 303569588, "osm_type": "nodes", "public_transport": "platform", "highway": "bus_stop", "bus": "yes", "shelter": null, "operator": null, "name": null}},{"type": "Feature", "geometry": {"type":"Point","coordinates":[80.2413141,13.0185768]}, "properties": {"osm_id": 7412932330, "osm_type": "nodes", "public_transport": "stop_position", "highway": "bus_stop", "bus": "yes", "shelter": null, "operator": "MTC", "name": "Kottur"}},{"type": "Feature", "geometry": {"type":"Point","coordinates":[80.1117817,13.0748382]}, "properties": {"osm_id": 11195612548, "osm_type": "nodes", "public_transport": "platform", "highway": "bus_stop", "bus": "yes", "shelter": null, "operator": null, "name": "Panchayat"}},{"type": "Feature", "geometry": {"type":"Point","coordinates":[80.1126212,13.0662136]}, "properties": {"osm_id": 11195612547, "osm_type": "nodes", "public_transport": "platform", "highway": "bus_stop", "bus": "yes", "shelter": null, "operator": null, "name": "SA Engineering College"}},{"type": "Feature", "geometry": {"type":"Point","coordinates":[80.2444885,13.108164]}, "properties": {"osm_id": 3216954757, "osm_type": "nodes", "public_transport": "platform", "highway": "bus_stop", "bus": "yes", "shelter": null, "operator": null, "name": "Perambur Railway Station Bus Stand"}},{"type": "Feature", "geometry": {"type":"Point","coordinates":[80.2467397,13.1073116]}, "properties": {"osm_id": 3216957362, "osm_type": "nodes", "public_transport": "platform", "highway": "bus_stop", "bus": "yes", "shelter": null, "operator": null, "name": "Mangalapuram"}},{"type": "Feature", "geometry": {"type":"Point","coordinates":[80.2458654,13.1071652]}, "properties": {"osm_id": 3215525963, "osm_type": "nodes", "public_transport": "platform", "highway": "bus_stop", "bus": "yes", "shelter": null, "operator": null, "name": "Mangalapuram"}},{"type": "Feature", "geometry": {"type":"Point","coordinates":[80.214586,13.2607185]}, "properties": {"osm_id": 4758897024, "osm_type": "nodes", "public_transport": null, "highway": "bus_stop", "bus": null, "shelter": null, "operator": null, "name": null}},{"type": "Feature", "geometry": {"type":"Point","coordinates":[80.23239,13.2488914]}, "properties": {"osm_id": 9860073726, "osm_type": "nodes", "public_transport": "platform", "highway": "bus_stop", "bus": "yes", "shelter": null, "operator": null, "name": null}},{"type": "Feature", "geometry": {"type":"Point","coordinates":[80.2156845,13.2357685]}, "properties": {"osm_id": 9860380741, "osm_type": "nodes", "public_transport": "platform", "highway": "bus_stop", "bus": "yes", "shelter": null, "operator": null, "name": null}},{"type": "Feature", "geometry": {"type":"Point","coordinates":[80.2162664,13.2398896]}, "properties": {"osm_id": 4758897023, "osm_type": "nodes", "public_transport": null, "highway": "bus_stop", "bus": null, "shelter": null, "operator": null, "name": null}},{"type": "Feature", "geometry": {"type":"Point","coordinates":[80.1943418,13.2238468]}, "properties": {"osm_id": 4758897025, "osm_type": "nodes", "public_transport": "platform", "highway": "bus_stop", "bus": "yes", "shelter": null, "operator": null, "name": null}},{"type": "Feature", "geometry": {"type":"Point","coordinates":[80.1932741,13.2222462]}, "properties": {"osm_id": 9860380970, "osm_type": "nodes", "public_transport": "platform", "highway": "bus_stop", "bus": "yes", "shelter": null, "operator": null, "name": null}},{"type": "Feature", "geometry": {"type":"Point","coordinates":[80.1837607,13.2182216]}, "properties": {"osm_id": 9860380992, "osm_type": "nodes", "public_transport": "platform", "highway": "bus_stop", "bus": "yes", "shelter": null, "operator": null, "name": null}},{"type": "Feature", "geometry": {"type":"Point","coordinates":[80.180364,13.1103434]}, "properties": {"osm_id": 2739938120, "osm_type": "nodes", "public_transport": null, "highway": "bus_stop", "bus": null, "shelter": "no", "operator": "MTC", "name": "Korattur Aerikarai Bus Stop"}},{"type": "Feature", "geometry": {"type":"Point","coordinates":[80.1510999,13.1116502]}, "properties": {"osm_id": 7796477443, "osm_type": "nodes", "public_transport": "platform", "highway": "bus_stop", "bus": "yes", "shelter": null, "operator": null, "name": "Canara Bank Bus Stop"}},{"type": "Feature", "geometry": {"type":"Point","coordinates":[80.1522998,13.1103659]}, "properties": {"osm_id": 7796477442, "osm_type": "nodes", "public_transport": "platform", "highway": "bus_stop", "bus": "yes", "shelter": "yes", "operator": null, "name": "Canara Bank Bus Stop"}},{"type": "Feature", "geometry": {"type":"Point","coordinates":[80.1480991,13.1216328]}, "properties": {"osm_id": 7796211336, "osm_type": "nodes", "public_transport": "platform", "highway": "bus_stop", "bus": "yes", "shelter": "no", "operator": null, "name": "Ambattur OT"}},{"type": "Feature", "geometry": {"type":"Point","coordinates":[80.1483885,13.1228068]}, "properties": {"osm_id": 7843242892, "osm_type": "nodes", "public_transport": "platform", "highway": "bus_stop", "bus": "yes", "shelter": null, "operator": null, "name": "Ambattur OT"}},{"type": "Feature", "geometry": {"type":"Point","coordinates":[80.2937634,13.0990436]}, "properties": {"osm_id": 2486226656, "osm_type": "nodes", "public_transport": "platform", "highway": "bus_stop", "bus": "yes", "shelter": null, "operator": null, "name": "Clive Battery"}},{"type": "Feature", "geometry": {"type":"Point","coordinates":[80.2921033,13.0942257]}, "properties": {"osm_id": 10102275912, "osm_type": "nodes", "public_transport": "platform", "highway": "bus_stop", "bus": "yes", "shelter": null, "operator": null, "name": "Beach Station"}},{"type": "Feature", "geometry": {"type":"Point","coordinates":[80.2923716,13.0943483]}, "properties": {"osm_id": 2486226653, "osm_type": "nodes", "public_transport": "platform", "highway": "bus_stop", "bus": "yes", "shelter": null, "operator": null, "name": "Beach Station"}},{"type": "Feature", "geometry": {"type":"Point","coordinates":[80.0592936,13.087432]}, "properties": {"osm_id": 9865807745, "osm_type": "nodes", "public_transport": "platform", "highway": "bus_stop", "bus": "yes", "shelter": null, "operator": null, "name": null}},{"type": "Feature", "geometry": {"type":"Point","coordinates":[80.0720323,13.0686634]}, "properties": {"osm_id": 9865808008, "osm_type": "nodes", "public_transport": "platform", "highway": "bus_stop", "bus": "yes", "shelter": null, "operator": null, "name": null}},{"type": "Feature", "geometry": {"type":"Point","coordinates":[80.2309064,13.0294483]}, "properties": {"osm_id": 3263015762, "osm_type": "nodes", "public_transport": "platform", "highway": "bus_stop", "bus": "yes", "shelter": null, "operator": null, "name": "Halcyon Technologies"}},{"type": "Feature", "geometry": {"type":"Point","coordinates":[80.2588711,13.0643704]}, "properties": {"osm_id": 1001424418, "osm_type": "nodes", "public_transport": "platform", "highway": "bus_stop", "bus": "yes", "shelter": null, "operator": null, "name": "Ethiraj College"}},{"type": "Feature", "geometry": {"type":"Point","coordinates":[80.2615709,13.0633636]}, "properties": {"osm_id": 9920362744, "osm_type": "nodes", "public_transport": "platform", "highway": "bus_stop", "bus": "yes", "shelter": null, "operator": null, "name": "Taj Connemara"}},{"type": "Feature", "geometry": {"type":"Point","coordinates":[80.2589582,13.0644904]}, "properties": {"osm_id": 1001424417, "osm_type": "nodes", "public_transport": "platform", "highway": "bus_stop", "bus": "yes", "shelter": null, "operator": null, "name": "Ethiraj College"}},{"type": "Feature", "geometry": {"type":"Point","coordinates":[80.253857,13.0672505]}, "properties": {"osm_id": 366855005, "osm_type": "nodes", "public_transport": "platform", "highway": "bus_stop", "bus": "yes", "shelter": null, "operator": null, "name": "DPI"}},{"type": "Feature", "geometry": {"type":"Point","coordinates":[80.255043,13.0677732]}, "properties": {"osm_id": 319473140, "osm_type": "nodes", "public_transport": "platform", "highway": "bus_stop", "bus": "yes", "shelter": null, "operator": null, "name": null}},{"type": "Feature", "geometry": {"type":"Point","coordinates":[79.9926102,12.7437826]}, "properties": {"osm_id": 792525889, "osm_type": "nodes", "public_transport": "platform", "highway": "bus_stop", "bus": "yes", "shelter": "yes", "operator": null, "name": null}},{"type": "Feature", "geometry": {"type":"Point","coordinates":[79.9765648,12.6970916]}, "properties": {"osm_id": 10977621401, "osm_type": "nodes", "public_transport": "platform", "highway": "bus_stop", "bus": "yes", "shelter": null, "operator": null, "name": "Old Bus stand"}},{"type": "Feature", "geometry": {"type":"Point","coordinates":[80.1977637,12.9265939]}, "properties": {"osm_id": 9402008115, "osm_type": "nodes", "public_transport": "platform", "highway": "bus_stop", "bus": "yes", "shelter": "yes", "operator": "Government of Tamil Nadu", "name": "High School"}},{"type": "Feature", "geometry": {"type":"Point","coordinates":[80.2133106,13.0081325]}, "properties": {"osm_id": 300316947, "osm_type": "nodes", "public_transport": "platform", "highway": "bus_stop", "bus": "yes", "shelter": "yes", "operator": null, "name": "Guindy Station"}},{"type": "Feature", "geometry": {"type":"Point","coordinates":[80.2045846,13.0148569]}, "properties": {"osm_id": 9370267245, "osm_type": "nodes", "public_transport": "platform", "highway": "bus_stop", "bus": "yes", "shelter": "yes", "operator": "Metropolitan Transport Corporation (Chennai) Ltd.", "name": "Olympia Tech Park"}},{"type": "Feature", "geometry": {"type":"Point","coordinates":[80.2252558,13.0208206]}, "properties": {"osm_id": 2241072260, "osm_type": "nodes", "public_transport": "platform", "highway": "bus_stop", "bus": "yes", "shelter": null, "operator": null, "name": null}},{"type": "Feature", "geometry": {"type":"Point","coordinates":[80.211347,13.0092567]}, "properties": {"osm_id": 2241055785, "osm_type": "nodes", "public_transport": "platform", "highway": "bus_stop", "bus": "yes", "shelter": null, "operator": null, "name": "Guindy"}},{"type": "Feature", "geometry": {"type":"Point","coordinates":[80.2274463,13.0232491]}, "properties": {"osm_id": 3263015885, "osm_type": "nodes", "public_transport": "platform", "highway": "bus_stop", "bus": "yes", "shelter": null, "operator": null, "name": "சைதாப்பேட்டை"}},{"type": "Feature", "geometry": {"type":"Point","coordinates":[80.1992208,13.0388666]}, "properties": {"osm_id": 1015576952, "osm_type": "nodes", "public_transport": "platform", "highway": "bus_stop", "bus": "yes", "shelter": "no", "operator": null, "name": "PSBB"}},{"type": "Feature", "geometry": {"type":"Point","coordinates":[80.2017334,13.0364268]}, "properties": {"osm_id": 1015583032, "osm_type": "nodes", "public_transport": "platform", "highway": "bus_stop", "bus": "yes", "shelter": null, "operator": null, "name": "MGR Nagar"}},{"type": "Feature", "geometry": {"type":"Point","coordinates":[80.2082567,13.0351977]}, "properties": {"osm_id": 1024570438, "osm_type": "nodes", "public_transport": "platform", "highway": "bus_stop", "bus": "yes", "shelter": null, "operator": null, "name": "ESIC"}},{"type": "Feature", "geometry": {"type":"Point","coordinates":[80.1913595,13.031501]}, "properties": {"osm_id": 4785434123, "osm_type": "nodes", "public_transport": "platform", "highway": "bus_stop", "bus": "yes", "shelter": null, "operator": null, "name": null}},{"type": "Feature", "geometry": {"type":"Point","coordinates":[80.2119909,13.032555]}, "properties": {"osm_id": 1024560151, "osm_type": "nodes", "public_transport": "platform", "highway": "bus_stop", "bus": "yes", "shelter": null, "operator": null, "name": "Ashok Pillar"}},{"type": "Feature", "geometry": {"type":"Point","coordinates":[80.212033,13.0329587]}, "properties": {"osm_id": 7252487207, "osm_type": "nodes", "public_transport": "platform", "highway": "bus_stop", "bus": "yes", "shelter": null, "operator": null, "name": "Mofussil Bus Stop"}},{"type": "Feature", "geometry": {"type":"Point","coordinates":[80.2111736,13.0319226]}, "properties": {"osm_id": 5631301108, "osm_type": "nodes", "public_transport": "platform", "highway": "bus_stop", "bus": "yes", "shelter": null, "operator": null, "name": "Ashoknagar Moffussil"}},{"type": "Feature", "geometry": {"type":"Point","coordinates":[80.2113404,13.0318973]}, "properties": {"osm_id": 5400381616, "osm_type": "nodes", "public_transport": "platform", "highway": "bus_stop", "bus": "yes", "shelter": null, "operator": null, "name": "Pondicherry Buses Only"}},{"type": "Feature", "geometry": {"type":"Point","coordinates":[80.213001,13.0241758]}, "properties": {"osm_id": 4308329989, "osm_type": "nodes", "public_transport": "platform", "highway": "bus_stop", "bus": "yes", "shelter": null, "operator": "METRO TRANSPORT CORPORATION", "name": "West Saidapet"}},{"type": "Feature", "geometry": {"type":"Point","coordinates":[80.2867769,13.1034911]}, "properties": {"osm_id": 2486226659, "osm_type": "nodes", "public_transport": "platform", "highway": "bus_stop", "bus": "yes", "shelter": null, "operator": null, "name": null}},{"type": "Feature", "geometry": {"type":"Point","coordinates":[80.2867247,13.104527]}, "properties": {"osm_id": 4789389223, "osm_type": "nodes", "public_transport": "platform", "highway": "bus_stop", "bus": "yes", "shelter": null, "operator": null, "name": null}},{"type": "Feature", "geometry": {"type":"Point","coordinates":[80.2801183,13.1064674]}, "properties": {"osm_id": 9992430694, "osm_type": "nodes", "public_transport": "platform", "highway": "bus_stop", "bus": "yes", "shelter": null, "operator": null, "name": null}},{"type": "Feature", "geometry": {"type":"Point","coordinates":[80.27785,13.1112707]}, "properties": {"osm_id": 9992430955, "osm_type": "nodes", "public_transport": "platform", "highway": "bus_stop", "bus": "yes", "shelter": null, "operator": null, "name": null}},{"type": "Feature", "geometry": {"type":"Point","coordinates":[80.2781176,13.0581355]}, "properties": {"osm_id": 2486085722, "osm_type": "nodes", "public_transport": "platform", "highway": "bus_stop", "bus": "yes", "shelter": null, "operator": null, "name": "கஸ்தூரிபாய் மருத்துவமனை"}},{"type": "Feature", "geometry": {"type":"Point","coordinates":[80.2715829,13.0438762]}, "properties": {"osm_id": 9734416560, "osm_type": "nodes", "public_transport": "platform", "highway": "bus_stop", "bus": "yes", "shelter": null, "operator": null, "name": "Radha Krishnan Salai Kalyani Hospital"}},{"type": "Feature", "geometry": {"type":"Point","coordinates":[80.2738035,13.0702882]}, "properties": {"osm_id": 309062093, "osm_type": "nodes", "public_transport": "platform", "highway": "bus_stop", "bus": "yes", "shelter": null, "operator": "MTC", "name": "Simson"}},{"type": "Feature", "geometry": {"type":"Point","coordinates":[79.7637965,12.6167597]}, "properties": {"osm_id": 4987577873, "osm_type": "nodes", "public_transport": "platform", "highway": "bus_stop", "bus": "yes", "shelter": null, "operator": null, "name": "uttiramerur bus stop"}},{"type": "Feature", "geometry": {"type":"Point","coordinates":[80.1386033,12.9224877]}, "properties": {"osm_id": 3016138305, "osm_type": "nodes", "public_transport": "platform", "highway": "bus_stop", "bus": "yes", "shelter": null, "operator": null, "name": "சேலையூர்"}},{"type": "Feature", "geometry": {"type":"Point","coordinates":[80.1205736,12.9232126]}, "properties": {"osm_id": 3016144952, "osm_type": "nodes", "public_transport": "platform", "highway": "bus_stop", "bus": "yes", "shelter": "no", "operator": "Government of Tamil Nadu", "name": "East Tambaram"}},{"type": "Feature", "geometry": {"type":"Point","coordinates":[80.1206329,12.9293586]}, "properties": {"osm_id": 9400398392, "osm_type": "nodes", "public_transport": "stop_position", "highway": "bus_stop", "bus": "yes", "shelter": null, "operator": null, "name": "Tambaram Railway Station"}},{"type": "Feature", "geometry": {"type":"Point","coordinates":[80.1312269,12.9226722]}, "properties": {"osm_id": 3016141194, "osm_type": "nodes", "public_transport": "platform", "highway": "bus_stop", "bus": "yes", "shelter": "yes", "operator": "Government of Tamil Nadu", "name": "Christ King Covent"}},{"type": "Feature", "geometry": {"type":"Point","coordinates":[80.1276135,12.9266796]}, "properties": {"osm_id": 4910251723, "osm_type": "nodes", "public_transport": "platform", "highway": "bus_stop", "bus": "yes", "shelter": "no", "operator": null, "name": "Gandhi park bus stop"}},{"type": "Feature", "geometry": {"type":"Point","coordinates":[80.1043133,12.9256047]}, "properties": {"osm_id": 5304399879, "osm_type": "nodes", "public_transport": "platform", "highway": "bus_stop", "bus": "yes", "shelter": null, "operator": null, "name": "Tambaram Kulam Bus stop"}},{"type": "Feature", "geometry": {"type":"Point","coordinates":[80.2457574,12.8869167]}, "properties": {"osm_id": 7170102954, "osm_type": "nodes", "public_transport": null, "highway": "bus_stop", "bus": null, "shelter": null, "operator": null, "name": "Panaiyur"}},{"type": "Feature", "geometry": {"type":"Point","coordinates":[80.2474836,12.8975923]}, "properties": {"osm_id": 3258047142, "osm_type": "nodes", "public_transport": null, "highway": "bus_stop", "bus": null, "shelter": null, "operator": null, "name": null}},{"type": "Feature", "geometry": {"type":"Point","coordinates":[80.2269976,13.0678542]}, "properties": {"osm_id": 7869100703, "osm_type": "nodes", "public_transport": "platform", "highway": "bus_stop", "bus": "yes", "shelter": "yes", "operator": null, "name": "Mehtha Nagar"}},{"type": "Feature", "geometry": {"type":"Point","coordinates":[80.2268263,13.0678373]}, "properties": {"osm_id": 7869208200, "osm_type": "nodes", "public_transport": "platform", "highway": "bus_stop", "bus": "yes", "shelter": "yes", "operator": null, "name": "Mehtha Nagar"}},{"type": "Feature", "geometry": {"type":"Point","coordinates":[80.2346949,13.064739]}, "properties": {"osm_id": 4421967489, "osm_type": "nodes", "public_transport": "platform", "highway": "bus_stop", "bus": "yes", "shelter": "yes", "operator": null, "name": "Loyola College"}},{"type": "Feature", "geometry": {"type":"Point","coordinates":[80.2405691,13.0100519]}, "properties": {"osm_id": 7412932331, "osm_type": "nodes", "public_transport": "stop_position", "highway": "bus_stop", "bus": "yes", "shelter": null, "operator": "MTC", "name": "Birla planetarium / CLRI"}},{"type": "Feature", "geometry": {"type":"Point","coordinates":[80.1851648,13.0442357]}, "properties": {"osm_id": 934859082, "osm_type": "nodes", "public_transport": "platform", "highway": "bus_stop", "bus": "yes", "shelter": "yes", "operator": null, "name": "Alwarthirunagar"}},{"type": "Feature", "geometry": {"type":"Point","coordinates":[80.1306267,12.9775298]}, "properties": {"osm_id": 9331471612, "osm_type": "nodes", "public_transport": "platform", "highway": "bus_stop", "bus": "yes", "shelter": null, "operator": null, "name": "Anakaputhur Arunmathi Arch"}},{"type": "Feature", "geometry": {"type":"Point","coordinates":[80.1863409,12.9699902]}, "properties": {"osm_id": 310591980, "osm_type": "nodes", "public_transport": "platform", "highway": "bus_stop", "bus": "yes", "shelter": null, "operator": null, "name": "மூவரசம்பேட்டை"}},{"type": "Feature", "geometry": {"type":"Point","coordinates":[80.1861325,12.9693839]}, "properties": {"osm_id": 8064696884, "osm_type": "nodes", "public_transport": "platform", "highway": "bus_stop", "bus": "yes", "shelter": null, "operator": null, "name": "மூவரசம்பட்டு"}},{"type": "Feature", "geometry": {"type":"Point","coordinates":[80.1513995,12.8856231]}, "properties": {"osm_id": 5258976322, "osm_type": "nodes", "public_transport": "platform", "highway": "bus_stop", "bus": null, "shelter": "yes", "operator": null, "name": null}},{"type": "Feature", "geometry": {"type":"Point","coordinates":[80.1452887,12.8885674]}, "properties": {"osm_id": 5259036521, "osm_type": "nodes", "public_transport": "platform", "highway": "bus_stop", "bus": null, "shelter": "yes", "operator": null, "name": "பதுவஞ்சேரி"}},{"type": "Feature", "geometry": {"type":"Point","coordinates":[80.1486323,12.8870239]}, "properties": {"osm_id": 5259058521, "osm_type": "nodes", "public_transport": "platform", "highway": "bus_stop", "bus": null, "shelter": "yes", "operator": null, "name": "சடையப்பர் கோவில்"}},{"type": "Feature", "geometry": {"type":"Point","coordinates":[80.1432713,12.9121191]}, "properties": {"osm_id": 7577454519, "osm_type": "nodes", "public_transport": "stop_position", "highway": "bus_stop", "bus": "yes", "shelter": null, "operator": null, "name": "Indira Nagar"}},{"type": "Feature", "geometry": {"type":"Point","coordinates":[80.1599548,12.923213]}, "properties": {"osm_id": 7966811037, "osm_type": "nodes", "public_transport": "platform", "highway": "bus_stop", "bus": "yes", "shelter": null, "operator": null, "name": "Sembakkam"}},{"type": "Feature", "geometry": {"type":"Point","coordinates":[80.170946,12.9200019]}, "properties": {"osm_id": 1693491914, "osm_type": "nodes", "public_transport": "platform", "highway": "bus_stop", "bus": "yes", "shelter": "yes", "operator": null, "name": "Santhoshpuram"}},{"type": "Feature", "geometry": {"type":"Point","coordinates":[80.1679764,12.9209495]}, "properties": {"osm_id": 9400398345, "osm_type": "nodes", "public_transport": "platform", "highway": "bus_stop", "bus": "yes", "shelter": "no", "operator": null, "name": "Gowrivakkam"}},{"type": "Feature", "geometry": {"type":"Point","coordinates":[80.1593225,12.9235567]}, "properties": {"osm_id": 7966811036, "osm_type": "nodes", "public_transport": "platform", "highway": "bus_stop", "bus": "yes", "shelter": null, "operator": null, "name": "Sembakkam"}},{"type": "Feature", "geometry": {"type":"Point","coordinates":[80.1545664,12.923495]}, "properties": {"osm_id": 5090924222, "osm_type": "nodes", "public_transport": "platform", "highway": "bus_stop", "bus": "yes", "shelter": null, "operator": null, "name": "Kamarajapuram"}},{"type": "Feature", "geometry": {"type":"Point","coordinates":[80.2597741,13.0592806]}, "properties": {"osm_id": 2482014614, "osm_type": "nodes", "public_transport": "platform", "highway": "bus_stop", "bus": "yes", "shelter": "yes", "operator": null, "name": "TVS"}},{"type": "Feature", "geometry": {"type":"Point","coordinates":[80.2598375,13.0593336]}, "properties": {"osm_id": 2482014616, "osm_type": "nodes", "public_transport": "platform", "highway": "bus_stop", "bus": "yes", "shelter": "yes", "operator": null, "name": "TVS"}},{"type": "Feature", "geometry": {"type":"Point","coordinates":[80.2597052,13.0592286]}, "properties": {"osm_id": 309185820, "osm_type": "nodes", "public_transport": "platform", "highway": "bus_stop", "bus": "yes", "shelter": "yes", "operator": null, "name": "TVS"}},{"type": "Feature", "geometry": {"type":"Point","coordinates":[80.259461,13.0593116]}, "properties": {"osm_id": 309185827, "osm_type": "nodes", "public_transport": "platform", "highway": "bus_stop", "bus": "yes", "shelter": "yes", "operator": null, "name": "TVS"}},{"type": "Feature", "geometry": {"type":"Point","coordinates":[80.2683208,13.0413309]}, "properties": {"osm_id": 3216992157, "osm_type": "nodes", "public_transport": "platform", "highway": "bus_stop", "bus": "yes", "shelter": "yes", "operator": null, "name": "Valluvar Statue"}},{"type": "Feature", "geometry": {"type":"Point","coordinates":[80.2658589,13.0642741]}, "properties": {"osm_id": 2481989471, "osm_type": "nodes", "public_transport": "platform", "highway": "bus_stop", "bus": "yes", "shelter": null, "operator": null, "name": "L.I.C"}},{"type": "Feature", "geometry": {"type":"Point","coordinates":[80.2659784,13.0643752]}, "properties": {"osm_id": 2481989473, "osm_type": "nodes", "public_transport": "platform", "highway": "bus_stop", "bus": "yes", "shelter": null, "operator": null, "name": "L.I.C"}},{"type": "Feature", "geometry": {"type":"Point","coordinates":[80.2595362,13.0593726]}, "properties": {"osm_id": 2482014617, "osm_type": "nodes", "public_transport": "platform", "highway": "bus_stop", "bus": "yes", "shelter": null, "operator": null, "name": "TVS"}},{"type": "Feature", "geometry": {"type":"Point","coordinates":[80.2596151,13.0594322]}, "properties": {"osm_id": 2482014620, "osm_type": "nodes", "public_transport": "platform", "highway": "bus_stop", "bus": "yes", "shelter": null, "operator": null, "name": "TVS"}},{"type": "Feature", "geometry": {"type":"Point","coordinates":[80.2638825,13.0629492]}, "properties": {"osm_id": 2482072877, "osm_type": "nodes", "public_transport": "platform", "highway": "bus_stop", "bus": "yes", "shelter": null, "operator": null, "name": "LIC"}},{"type": "Feature", "geometry": {"type":"Point","coordinates":[80.2661116,13.064772]}, "properties": {"osm_id": 2482072879, "osm_type": "nodes", "public_transport": "platform", "highway": "bus_stop", "bus": "yes", "shelter": null, "operator": null, "name": "LIC"}},{"type": "Feature", "geometry": {"type":"Point","coordinates":[80.263971,13.0630453]}, "properties": {"osm_id": 9920387333, "osm_type": "nodes", "public_transport": "platform", "highway": "bus_stop", "bus": "yes", "shelter": null, "operator": null, "name": "LIC"}},{"type": "Feature", "geometry": {"type":"Point","coordinates":[80.2630248,13.0446727]}, "properties": {"osm_id": 9734354380, "osm_type": "nodes", "public_transport": "platform", "highway": "bus_stop", "bus": "yes", "shelter": null, "operator": null, "name": "New Woodlands"}},{"type": "Feature", "geometry": {"type":"Point","coordinates":[80.2631942,13.0448097]}, "properties": {"osm_id": 9734368257, "osm_type": "nodes", "public_transport": "platform", "highway": "bus_stop", "bus": "yes", "shelter": null, "operator": null, "name": "New Woodlands"}},{"type": "Feature", "geometry": {"type":"Point","coordinates":[80.2691766,13.0445686]}, "properties": {"osm_id": 9734398142, "osm_type": "nodes", "public_transport": "platform", "highway": "bus_stop", "bus": "yes", "shelter": null, "operator": null, "name": "Yellow Pages"}},{"type": "Feature", "geometry": {"type":"Point","coordinates":[80.2691337,13.0445902]}, "properties": {"osm_id": 9734417426, "osm_type": "nodes", "public_transport": "platform", "highway": "bus_stop", "bus": "yes", "shelter": null, "operator": null, "name": "Yellow Pages"}},{"type": "Feature", "geometry": {"type":"Point","coordinates":[80.2586885,13.0414805]}, "properties": {"osm_id": 418116043, "osm_type": "nodes", "public_transport": "platform", "highway": "bus_stop", "bus": "yes", "shelter": null, "operator": null, "name": "Narada Gana Sabha"}},{"type": "Feature", "geometry": {"type":"Point","coordinates":[80.261006,13.0475472]}, "properties": {"osm_id": 1311558793, "osm_type": "nodes", "public_transport": "platform", "highway": "bus_stop", "bus": "yes", "shelter": null, "operator": null, "name": "Music Academy"}},{"type": "Feature", "geometry": {"type":"Point","coordinates":[80.2641983,13.0546862]}, "properties": {"osm_id": 414712723, "osm_type": "nodes", "public_transport": "platform", "highway": "bus_stop", "bus": "yes", "shelter": null, "operator": null, "name": "Royapettah Hospital"}},{"type": "Feature", "geometry": {"type":"Point","coordinates":[80.267339,13.0689097]}, "properties": {"osm_id": 2482075367, "osm_type": "nodes", "public_transport": "platform", "highway": "bus_stop", "bus": "yes", "shelter": null, "operator": null, "name": null}},{"type": "Feature", "geometry": {"type":"Point","coordinates":[80.2041858,12.9781744]}, "properties": {"osm_id": 11898326816, "osm_type": "nodes", "public_transport": null, "highway": "bus_stop", "bus": null, "shelter": null, "operator": null, "name": "Puzhuthivakkam Railway Station (Temporary)"}},{"type": "Feature", "geometry": {"type":"Point","coordinates":[80.1888463,12.9830658]}, "properties": {"osm_id": 278747097, "osm_type": "nodes", "public_transport": "platform", "highway": "bus_stop", "bus": "yes", "shelter": null, "operator": null, "name": "Chidambaram Stores"}},{"type": "Feature", "geometry": {"type":"Point","coordinates":[80.1856214,12.9816323]}, "properties": {"osm_id": 3605047768, "osm_type": "nodes", "public_transport": "platform", "highway": "bus_stop", "bus": "yes", "shelter": null, "operator": null, "name": "Independence Day Park"}},{"type": "Feature", "geometry": {"type":"Point","coordinates":[80.1880722,12.9806753]}, "properties": {"osm_id": 1920364154, "osm_type": "nodes", "public_transport": "platform", "highway": "bus_stop", "bus": "yes", "shelter": null, "operator": null, "name": "Roja Medicals"}},{"type": "Feature", "geometry": {"type":"Point","coordinates":[80.183263,12.9754924]}, "properties": {"osm_id": 278746364, "osm_type": "nodes", "public_transport": "platform", "highway": "bus_stop", "bus": "yes", "shelter": null, "operator": null, "name": "Hindu Colony"}},{"type": "Feature", "geometry": {"type":"Point","coordinates":[80.1944768,12.9484438]}, "properties": {"osm_id": 1899719037, "osm_type": "nodes", "public_transport": null, "highway": "bus_stop", "bus": "yes", "shelter": "no", "operator": null, "name": "S.Kolathur Vinayagapuram Stop"}},{"type": "Feature", "geometry": {"type":"Point","coordinates":[80.1962538,12.9648849]}, "properties": {"osm_id": 9412787724, "osm_type": "nodes", "public_transport": "platform", "highway": "bus_stop", "bus": "yes", "shelter": "no", "operator": null, "name": "Ponniamman Koil"}},{"type": "Feature", "geometry": {"type":"Point","coordinates":[80.1964403,12.9647635]}, "properties": {"osm_id": 310592748, "osm_type": "nodes", "public_transport": "platform", "highway": "bus_stop", "bus": "yes", "shelter": "no", "operator": null, "name": "Ponniamman Koil"}},{"type": "Feature", "geometry": {"type":"Point","coordinates":[80.1825888,12.9392427]}, "properties": {"osm_id": 1711224934, "osm_type": "nodes", "public_transport": "platform", "highway": "bus_stop", "bus": "yes", "shelter": null, "operator": null, "name": "கோவிலாம்பாக்கம்"}},{"type": "Feature", "geometry": {"type":"Point","coordinates":[80.1889584,12.9658799]}, "properties": {"osm_id": 9522345424, "osm_type": "nodes", "public_transport": "platform", "highway": "bus_stop", "bus": "yes", "shelter": "no", "operator": null, "name": "UTI Bank"}},{"type": "Feature", "geometry": {"type":"Point","coordinates":[80.2505676,13.0300269]}, "properties": {"osm_id": 2486106727, "osm_type": "nodes", "public_transport": "platform", "highway": "bus_stop", "bus": "yes", "shelter": "yes", "operator": null, "name": null}},{"type": "Feature", "geometry": {"type":"Point","coordinates":[80.2378848,13.0298352]}, "properties": {"osm_id": 303510894, "osm_type": "nodes", "public_transport": "platform", "highway": "bus_stop", "bus": "yes", "shelter": "no", "operator": null, "name": "Nandanam YMCA"}},{"type": "Feature", "geometry": {"type":"Point","coordinates":[80.2455135,13.0394488]}, "properties": {"osm_id": 571352244, "osm_type": "nodes", "public_transport": "platform", "highway": "bus_stop", "bus": "yes", "shelter": null, "operator": null, "name": "Aalaiamman Koil"}},{"type": "Feature", "geometry": {"type":"Point","coordinates":[80.241303,13.031926]}, "properties": {"osm_id": 10036499426, "osm_type": "nodes", "public_transport": "platform", "highway": "bus_stop", "bus": "yes", "shelter": null, "operator": null, "name": "Nandanam Officers Enclave"}},{"type": "Feature", "geometry": {"type":"Point","coordinates":[80.2500396,13.0389089]}, "properties": {"osm_id": 301736148, "osm_type": "nodes", "public_transport": "platform", "highway": "bus_stop", "bus": "yes", "shelter": null, "operator": null, "name": "Eldams Road"}},{"type": "Feature", "geometry": {"type":"Point","coordinates":[80.2543724,13.0289852]}, "properties": {"osm_id": 4948353021, "osm_type": "nodes", "public_transport": "platform", "highway": "bus_stop", "bus": "yes", "shelter": null, "operator": null, "name": null}},{"type": "Feature", "geometry": {"type":"Point","coordinates":[80.2588606,13.0388081]}, "properties": {"osm_id": 5631301113, "osm_type": "nodes", "public_transport": "platform", "highway": "bus_stop", "bus": "yes", "shelter": "yes", "operator": null, "name": "ஆழ்வார் பேட்டை"}},{"type": "Feature", "geometry": {"type":"Point","coordinates":[80.2466823,13.0368739]}, "properties": {"osm_id": 389516314, "osm_type": "nodes", "public_transport": "platform", "highway": "bus_stop", "bus": "yes", "shelter": null, "operator": null, "name": "SIET"}},{"type": "Feature", "geometry": {"type":"Point","coordinates":[80.2463991,13.0373003]}, "properties": {"osm_id": 306551396, "osm_type": "nodes", "public_transport": "platform", "highway": "bus_stop", "bus": "yes", "shelter": null, "operator": null, "name": "SIET"}},{"type": "Feature", "geometry": {"type":"Point","coordinates":[79.2499038,12.9369211]}, "properties": {"osm_id": 7116464688, "osm_type": "nodes", "public_transport": "platform", "highway": "bus_stop", "bus": "yes", "shelter": null, "operator": null, "name": null}},{"type": "Feature", "geometry": {"type":"Point","coordinates":[79.2755005,12.9231485]}, "properties": {"osm_id": 7792296885, "osm_type": "nodes", "public_transport": "platform", "highway": "bus_stop", "bus": "yes", "shelter": null, "operator": null, "name": null}},{"type": "Feature", "geometry": {"type":"Point","coordinates":[80.2482982,13.0467908]}, "properties": {"osm_id": 308301022, "osm_type": "nodes", "public_transport": "platform", "highway": "bus_stop", "bus": "yes", "shelter": null, "operator": null, "name": "DMS"}},{"type": "Feature", "geometry": {"type":"Point","coordinates":[80.2476472,13.0414948]}, "properties": {"osm_id": 301736187, "osm_type": "nodes", "public_transport": "platform", "highway": "bus_stop", "bus": "yes", "shelter": "yes", "operator": null, "name": "Vanavil"}},{"type": "Feature", "geometry": {"type":"Point","coordinates":[80.2470139,13.0405526]}, "properties": {"osm_id": 306551395, "osm_type": "nodes", "public_transport": "platform", "highway": "bus_stop", "bus": "yes", "shelter": null, "operator": null, "name": "Vanavil"}},{"type": "Feature", "geometry": {"type":"Point","coordinates":[80.2468797,13.0379526]}, "properties": {"osm_id": 301736898, "osm_type": "nodes", "public_transport": "platform", "highway": "bus_stop", "bus": "yes", "shelter": null, "operator": null, "name": "SIET"}},{"type": "Feature", "geometry": {"type":"Point","coordinates":[80.2474418,13.0355237]}, "properties": {"osm_id": 303010141, "osm_type": "nodes", "public_transport": "platform", "highway": "bus_stop", "bus": "yes", "shelter": null, "operator": null, "name": null}},{"type": "Feature", "geometry": {"type":"Point","coordinates":[79.2791312,13.0620603]}, "properties": {"osm_id": 7203595486, "osm_type": "nodes", "public_transport": null, "highway": "bus_stop", "bus": null, "shelter": null, "operator": null, "name": null}},{"type": "Feature", "geometry": {"type":"Point","coordinates":[80.1833469,13.1941264]}, "properties": {"osm_id": 4758901321, "osm_type": "nodes", "public_transport": null, "highway": "bus_stop", "bus": null, "shelter": null, "operator": null, "name": null}},{"type": "Feature", "geometry": {"type":"Point","coordinates":[80.1528963,13.1924137]}, "properties": {"osm_id": 9864935323, "osm_type": "nodes", "public_transport": "platform", "highway": "bus_stop", "bus": "yes", "shelter": null, "operator": null, "name": null}},{"type": "Feature", "geometry": {"type":"Point","coordinates":[80.1557857,13.1962315]}, "properties": {"osm_id": 9864935220, "osm_type": "nodes", "public_transport": "platform", "highway": "bus_stop", "bus": "yes", "shelter": null, "operator": null, "name": null}},{"type": "Feature", "geometry": {"type":"Point","coordinates":[80.1296641,13.1792666]}, "properties": {"osm_id": 9864935802, "osm_type": "nodes", "public_transport": "platform", "highway": "bus_stop", "bus": "yes", "shelter": null, "operator": null, "name": "Saint Michaels Polytechnic College"}},{"type": "Feature", "geometry": {"type":"Point","coordinates":[80.1477441,13.1825577]}, "properties": {"osm_id": 9864935447, "osm_type": "nodes", "public_transport": "platform", "highway": "bus_stop", "bus": "yes", "shelter": null, "operator": null, "name": null}},{"type": "Feature", "geometry": {"type":"Point","coordinates":[80.1456597,13.1810412]}, "properties": {"osm_id": 9864935583, "osm_type": "nodes", "public_transport": "platform", "highway": "bus_stop", "bus": "yes", "shelter": null, "operator": null, "name": null}},{"type": "Feature", "geometry": {"type":"Point","coordinates":[80.184473,12.9205917]}, "properties": {"osm_id": 694064191, "osm_type": "nodes", "public_transport": "platform", "highway": "bus_stop", "bus": "yes", "shelter": null, "operator": null, "name": "Medavakkam Junction"}},{"type": "Feature", "geometry": {"type":"Point","coordinates":[80.1986767,12.9075148]}, "properties": {"osm_id": 373156202, "osm_type": "nodes", "public_transport": null, "highway": "bus_stop", "bus": "yes", "shelter": null, "operator": null, "name": null}},{"type": "Feature", "geometry": {"type":"Point","coordinates":[79.1371911,12.9497891]}, "properties": {"osm_id": 3502547169, "osm_type": "nodes", "public_transport": "platform", "highway": "bus_stop", "bus": "yes", "shelter": "yes", "operator": null, "name": "Silk Mill"}},{"type": "Feature", "geometry": {"type":"Point","coordinates":[80.2429515,12.8059508]}, "properties": {"osm_id": 3259348351, "osm_type": "nodes", "public_transport": "platform", "highway": "bus_stop", "bus": "yes", "shelter": null, "operator": null, "name": "Boat House"}},{"type": "Feature", "geometry": {"type":"Point","coordinates":[80.2496014,12.7867576]}, "properties": {"osm_id": 3259350075, "osm_type": "nodes", "public_transport": "platform", "highway": "bus_stop", "bus": "yes", "shelter": null, "operator": null, "name": "Kovalam"}},{"type": "Feature", "geometry": {"type":"Point","coordinates":[80.2455193,12.7633168]}, "properties": {"osm_id": 3261251802, "osm_type": "nodes", "public_transport": null, "highway": "bus_stop", "bus": null, "shelter": null, "operator": null, "name": "Thiruvidhanthai"}},{"type": "Feature", "geometry": {"type":"Point","coordinates":[80.2454708,12.7631944]}, "properties": {"osm_id": 3259350322, "osm_type": "nodes", "public_transport": null, "highway": "bus_stop", "bus": null, "shelter": null, "operator": null, "name": "Thiruvidhanthai"}},{"type": "Feature", "geometry": {"type":"Point","coordinates":[80.2489818,12.7770192]}, "properties": {"osm_id": 3259348641, "osm_type": "nodes", "public_transport": "platform", "highway": "bus_stop", "bus": "yes", "shelter": null, "operator": null, "name": "Chemmanchery"}},{"type": "Feature", "geometry": {"type":"Point","coordinates":[80.0897056,12.9209595]}, "properties": {"osm_id": 4640168129, "osm_type": "nodes", "public_transport": "platform", "highway": "bus_stop", "bus": "yes", "shelter": "yes", "operator": null, "name": "Gandhi Nagar"}},{"type": "Feature", "geometry": {"type":"Point","coordinates":[80.0925211,12.9216339]}, "properties": {"osm_id": 4639687854, "osm_type": "nodes", "public_transport": "platform", "highway": "bus_stop", "bus": "yes", "shelter": "no", "operator": "MTC", "name": "Bharathi Nagar Bus Stop"}},{"type": "Feature", "geometry": {"type":"Point","coordinates":[80.0962763,12.9066371]}, "properties": {"osm_id": 3016148044, "osm_type": "nodes", "public_transport": "platform", "highway": "bus_stop", "bus": "yes", "shelter": null, "operator": null, "name": "Perungalathur railway station"}},{"type": "Feature", "geometry": {"type":"Point","coordinates":[80.2418685,12.9526215]}, "properties": {"osm_id": 2099314355, "osm_type": "nodes", "public_transport": "platform", "highway": null, "bus": "yes", "shelter": null, "operator": null, "name": "Thoraipakkam Tea Shop bus stop"}},{"type": "Feature", "geometry": {"type":"Point","coordinates":[80.254723,12.9496587]}, "properties": {"osm_id": 3247421163, "osm_type": "nodes", "public_transport": "platform", "highway": "bus_stop", "bus": "yes", "shelter": "yes", "operator": null, "name": "Vettuvankeni"}},{"type": "Feature", "geometry": {"type":"Point","coordinates":[80.2550489,12.9504769]}, "properties": {"osm_id": 3247410861, "osm_type": "nodes", "public_transport": null, "highway": "bus_stop", "bus": "yes", "shelter": null, "operator": null, "name": "Vettuvankeni"}},{"type": "Feature", "geometry": {"type":"Point","coordinates":[80.2552125,12.9540502]}, "properties": {"osm_id": 3247406935, "osm_type": "nodes", "public_transport": null, "highway": "bus_stop", "bus": "yes", "shelter": null, "operator": null, "name": "Chinna Neelankarai"}},{"type": "Feature", "geometry": {"type":"Point","coordinates":[80.2550838,12.9544995]}, "properties": {"osm_id": 3262970161, "osm_type": "nodes", "public_transport": "platform", "highway": "bus_stop", "bus": "yes", "shelter": "yes", "operator": null, "name": "Chinna Neelankarai"}},{"type": "Feature", "geometry": {"type":"Point","coordinates":[80.2564812,12.9639187]}, "properties": {"osm_id": 1453592060, "osm_type": "nodes", "public_transport": "platform", "highway": "bus_stop", "bus": "yes", "shelter": null, "operator": null, "name": "Arsasi Mandi"}},{"type": "Feature", "geometry": {"type":"Point","coordinates":[80.2357344,12.9394621]}, "properties": {"osm_id": 2083090321, "osm_type": "nodes", "public_transport": "platform", "highway": null, "bus": "yes", "shelter": null, "operator": null, "name": "Mettukuppam"}},{"type": "Feature", "geometry": {"type":"Point","coordinates":[80.2356326,12.9400132]}, "properties": {"osm_id": 2083090427, "osm_type": "nodes", "public_transport": "platform", "highway": null, "bus": "yes", "shelter": null, "operator": null, "name": "Mettukuppam"}},{"type": "Feature", "geometry": {"type":"Point","coordinates":[80.2513359,12.9205379]}, "properties": {"osm_id": 3258044670, "osm_type": "nodes", "public_transport": "platform", "highway": "bus_stop", "bus": "yes", "shelter": null, "operator": null, "name": "VGP"}},{"type": "Feature", "geometry": {"type":"Point","coordinates":[80.2514507,12.9273447]}, "properties": {"osm_id": 3247422104, "osm_type": "nodes", "public_transport": "platform", "highway": "bus_stop", "bus": "yes", "shelter": null, "operator": null, "name": "Injambakkam"}},{"type": "Feature", "geometry": {"type":"Point","coordinates":[80.2514212,12.9273395]}, "properties": {"osm_id": 3247419936, "osm_type": "nodes", "public_transport": null, "highway": "bus_stop", "bus": "yes", "shelter": null, "operator": null, "name": "Injambakkam"}},{"type": "Feature", "geometry": {"type":"Point","coordinates":[80.2339915,12.9358886]}, "properties": {"osm_id": 2099361681, "osm_type": "nodes", "public_transport": "platform", "highway": null, "bus": "yes", "shelter": null, "operator": null, "name": "PTC quarters"}},{"type": "Feature", "geometry": {"type":"Point","coordinates":[79.930135,12.6306053]}, "properties": {"osm_id": 469114813, "osm_type": "nodes", "public_transport": null, "highway": "bus_stop", "bus": null, "shelter": null, "operator": null, "name": "Bukkaturai"}},{"type": "Feature", "geometry": {"type":"Point","coordinates":[79.9412929,12.6539715]}, "properties": {"osm_id": 469115303, "osm_type": "nodes", "public_transport": null, "highway": "bus_stop", "bus": null, "shelter": null, "operator": null, "name": "Mamandur"}},{"type": "Feature", "geometry": {"type":"Point","coordinates":[80.1767624,12.9184967]}, "properties": {"osm_id": 9400398348, "osm_type": "nodes", "public_transport": "platform", "highway": "bus_stop", "bus": "yes", "shelter": null, "operator": null, "name": "Vijayanagaram"}},{"type": "Feature", "geometry": {"type":"Point","coordinates":[80.1411752,12.8941183]}, "properties": {"osm_id": 5259114725, "osm_type": "nodes", "public_transport": null, "highway": "bus_stop", "bus": null, "shelter": null, "operator": null, "name": null}},{"type": "Feature", "geometry": {"type":"Point","coordinates":[80.1678369,12.9057495]}, "properties": {"osm_id": 373156194, "osm_type": "nodes", "public_transport": null, "highway": "bus_stop", "bus": "yes", "shelter": null, "operator": null, "name": null}},{"type": "Feature", "geometry": {"type":"Point","coordinates":[80.1311754,12.9228855]}, "properties": {"osm_id": 3016141193, "osm_type": "nodes", "public_transport": "platform", "highway": "bus_stop", "bus": "yes", "shelter": "yes", "operator": null, "name": "Selayur"}},{"type": "Feature", "geometry": {"type":"Point","coordinates":[80.1165783,12.9257591]}, "properties": {"osm_id": 6031412486, "osm_type": "nodes", "public_transport": "platform", "highway": "bus_stop", "bus": "yes", "shelter": null, "operator": null, "name": "அரசு போக்குவரத்து கழகம் விழுப்புரம்,காஞ்சிபுரம் மண்டலம்,தாம்பரம் பேரூந்து நிலையம்"}},{"type": "Feature", "geometry": {"type":"Point","coordinates":[80.1206459,12.9234246]}, "properties": {"osm_id": 3016144953, "osm_type": "nodes", "public_transport": "platform", "highway": "bus_stop", "bus": "yes", "shelter": "yes", "operator": null, "name": "East Tambaram"}},{"type": "Feature", "geometry": {"type":"Point","coordinates":[80.0780255,12.9235972]}, "properties": {"osm_id": 9859932681, "osm_type": "nodes", "public_transport": "platform", "highway": "bus_stop", "bus": "yes", "shelter": null, "operator": null, "name": "Varadharajapuram - Rayappa Nagar"}},{"type": "Feature", "geometry": {"type":"Point","coordinates":[80.0709524,12.8901925]}, "properties": {"osm_id": 9859933387, "osm_type": "nodes", "public_transport": "platform", "highway": "bus_stop", "bus": "yes", "shelter": null, "operator": null, "name": null}},{"type": "Feature", "geometry": {"type":"Point","coordinates":[80.0803071,12.8801424]}, "properties": {"osm_id": 842831419, "osm_type": "nodes", "public_transport": "platform", "highway": "bus_stop", "bus": "yes", "shelter": null, "operator": null, "name": "Vandalur zoo"}},{"type": "Feature", "geometry": {"type":"Point","coordinates":[80.0803767,12.8801203]}, "properties": {"osm_id": 812316994, "osm_type": "nodes", "public_transport": "platform", "highway": "bus_stop", "bus": "yes", "shelter": null, "operator": null, "name": "Otteri"}},{"type": "Feature", "geometry": {"type":"Point","coordinates":[80.0709147,12.8967659]}, "properties": {"osm_id": 9859933228, "osm_type": "nodes", "public_transport": "platform", "highway": "bus_stop", "bus": "yes", "shelter": "yes", "operator": null, "name": null}},{"type": "Feature", "geometry": {"type":"Point","coordinates":[79.9194204,12.5831759]}, "properties": {"osm_id": 1951096336, "osm_type": "nodes", "public_transport": "platform", "highway": "bus_stop", "bus": "yes", "shelter": "yes", "operator": null, "name": null}},{"type": "Feature", "geometry": {"type":"Point","coordinates":[80.1973913,12.9463536]}, "properties": {"osm_id": 1883603286, "osm_type": "nodes", "public_transport": "platform", "highway": "bus_stop", "bus": "yes", "shelter": null, "operator": null, "name": "Sunnambu Kolathur"}},{"type": "Feature", "geometry": {"type":"Point","coordinates":[80.2034407,12.9485432]}, "properties": {"osm_id": 1899720980, "osm_type": "nodes", "public_transport": null, "highway": "bus_stop", "bus": "yes", "shelter": null, "operator": null, "name": "Narayana puram"}},{"type": "Feature", "geometry": {"type":"Point","coordinates":[80.2056611,12.9404138]}, "properties": {"osm_id": 978588586, "osm_type": "nodes", "public_transport": "platform", "highway": "bus_stop", "bus": "yes", "shelter": "no", "operator": null, "name": "Narayanapuram"}},{"type": "Feature", "geometry": {"type":"Point","coordinates":[80.2037553,12.9336313]}, "properties": {"osm_id": 9400398374, "osm_type": "nodes", "public_transport": "platform", "highway": "bus_stop", "bus": "yes", "shelter": null, "operator": null, "name": "Pallikkaranai"}},{"type": "Feature", "geometry": {"type":"Point","coordinates":[80.2040466,12.9338132]}, "properties": {"osm_id": 2077234674, "osm_type": "nodes", "public_transport": "platform", "highway": "bus_stop", "bus": "yes", "shelter": null, "operator": "Government of Tamil Nadu", "name": "Pallikaranai"}},{"type": "Feature", "geometry": {"type":"Point","coordinates":[80.2033549,12.9487941]}, "properties": {"osm_id": 1899720981, "osm_type": "nodes", "public_transport": null, "highway": "bus_stop", "bus": "yes", "shelter": null, "operator": null, "name": "Narayana puram"}},{"type": "Feature", "geometry": {"type":"Point","coordinates":[80.1838235,12.9494528]}, "properties": {"osm_id": 2039504299, "osm_type": "nodes", "public_transport": "platform", "highway": "bus_stop", "bus": "yes", "shelter": null, "operator": null, "name": "Eachangadu Junction"}},{"type": "Feature", "geometry": {"type":"Point","coordinates":[79.4775928,12.2559641]}, "properties": {"osm_id": 12125984034, "osm_type": "nodes", "public_transport": "platform", "highway": "bus_stop", "bus": "yes", "shelter": null, "operator": null, "name": "Vadavaanur"}},{"type": "Feature", "geometry": {"type":"Point","coordinates":[79.416579,12.2525391]}, "properties": {"osm_id": 2154075177, "osm_type": "nodes", "public_transport": "platform", "highway": "bus_stop", "bus": "yes", "shelter": "no", "operator": null, "name": "Thiruvannamalai Bus Stop"}},{"type": "Feature", "geometry": {"type":"Point","coordinates":[79.4169085,12.2523959]}, "properties": {"osm_id": 2660612324, "osm_type": "nodes", "public_transport": "platform", "highway": "bus_stop", "bus": "yes", "shelter": "no", "operator": null, "name": "Villupuram Bus Stop"}},{"type": "Feature", "geometry": {"type":"Point","coordinates":[80.1429158,12.9418993]}, "properties": {"osm_id": 2376817233, "osm_type": "nodes", "public_transport": "platform", "highway": "bus_stop", "bus": "yes", "shelter": "yes", "operator": "Metropolitan Transport Corporation", "name": "KumaranKundram"}},{"type": "Feature", "geometry": {"type":"Point","coordinates":[79.6711282,12.2497859]}, "properties": {"osm_id": 5613200232, "osm_type": "nodes", "public_transport": null, "highway": "bus_stop", "bus": "yes", "shelter": null, "operator": null, "name": null}},{"type": "Feature", "geometry": {"type":"Point","coordinates":[79.5401437,12.654942]}, "properties": {"osm_id": 4484564344, "osm_type": "nodes", "public_transport": null, "highway": "bus_stop", "bus": null, "shelter": null, "operator": null, "name": null}},{"type": "Feature", "geometry": {"type":"Point","coordinates":[80.1649846,12.8276033]}, "properties": {"osm_id": 11013403743, "osm_type": "nodes", "public_transport": "platform", "highway": "bus_stop", "bus": "yes", "shelter": null, "operator": null, "name": "Mambakkam Bus Stop"}},{"type": "Feature", "geometry": {"type":"Point","coordinates":[80.1651199,12.827753]}, "properties": {"osm_id": 11013403744, "osm_type": "nodes", "public_transport": "platform", "highway": "bus_stop", "bus": "yes", "shelter": null, "operator": null, "name": "Mambakkam Bus Stop"}},{"type": "Feature", "geometry": {"type":"Point","coordinates":[80.2298567,12.919423]}, "properties": {"osm_id": 10297987466, "osm_type": "nodes", "public_transport": null, "highway": "bus_stop", "bus": null, "shelter": null, "operator": null, "name": "Tcs bus stop"}},{"type": "Feature", "geometry": {"type":"Point","coordinates":[80.2301533,12.9191476]}, "properties": {"osm_id": 9932032471, "osm_type": "nodes", "public_transport": null, "highway": "bus_stop", "bus": "95,570,119,102,19", "shelter": null, "operator": null, "name": "Tcs bus stop"}},{"type": "Feature", "geometry": {"type":"Point","coordinates":[80.234118,12.937124]}, "properties": {"osm_id": 2082925056, "osm_type": "nodes", "public_transport": "platform", "highway": null, "bus": "yes", "shelter": null, "operator": null, "name": "மேட்டுக்குப்பம்"}},{"type": "Feature", "geometry": {"type":"Point","coordinates":[80.2069875,12.9652457]}, "properties": {"osm_id": 442506948, "osm_type": "nodes", "public_transport": "platform", "highway": "bus_stop", "bus": "yes", "shelter": "no", "operator": null, "name": "Ram Nagar"}},{"type": "Feature", "geometry": {"type":"Point","coordinates":[80.2069929,12.9653278]}, "properties": {"osm_id": 9412787727, "osm_type": "nodes", "public_transport": "platform", "highway": "bus_stop", "bus": "yes", "shelter": "yes", "operator": null, "name": "Ram Nagar"}},{"type": "Feature", "geometry": {"type":"Point","coordinates":[80.2098257,12.948759]}, "properties": {"osm_id": 9400398379, "osm_type": "nodes", "public_transport": "platform", "highway": "bus_stop", "bus": "yes", "shelter": null, "operator": null, "name": "Kamatchi Memorial Hospital"}},{"type": "Feature", "geometry": {"type":"Point","coordinates":[80.0830781,12.9394356]}, "properties": {"osm_id": 9858405464, "osm_type": "nodes", "public_transport": "platform", "highway": "bus_stop", "bus": "yes", "shelter": null, "operator": null, "name": "Varadharajapuram-Kishkinda"}},{"type": "Feature", "geometry": {"type":"Point","coordinates":[80.2480544,12.9671399]}, "properties": {"osm_id": 10016030270, "osm_type": "nodes", "public_transport": null, "highway": "bus_stop", "bus": null, "shelter": null, "operator": null, "name": "Kanthanchavadi"}},{"type": "Feature", "geometry": {"type":"Point","coordinates":[80.2478057,12.9665741]}, "properties": {"osm_id": 1453592062, "osm_type": "nodes", "public_transport": "platform", "highway": "bus_stop", "bus": "yes", "shelter": null, "operator": null, "name": "Kandanchavadi"}},{"type": "Feature", "geometry": {"type":"Point","coordinates":[80.2474527,12.9651441]}, "properties": {"osm_id": 10016012917, "osm_type": "nodes", "public_transport": null, "highway": "bus_stop", "bus": null, "shelter": null, "operator": null, "name": "Kanthanchavadi"}},{"type": "Feature", "geometry": {"type":"Point","coordinates":[80.18948,12.9682899]}, "properties": {"osm_id": 278745849, "osm_type": "nodes", "public_transport": "platform", "highway": "bus_stop", "bus": "yes", "shelter": null, "operator": null, "name": "மூவரசம்பட்டு கூட்ரோடு"}},{"type": "Feature", "geometry": {"type":"Point","coordinates":[80.1896401,12.9682417]}, "properties": {"osm_id": 9417619443, "osm_type": "nodes", "public_transport": "platform", "highway": "bus_stop", "bus": "yes", "shelter": "yes", "operator": null, "name": "மூவரசம்பட்டு கூட்ரோடு"}},{"type": "Feature", "geometry": {"type":"Point","coordinates":[80.196993,12.9648737]}, "properties": {"osm_id": 2515095267, "osm_type": "nodes", "public_transport": "platform", "highway": "bus_stop", "bus": "yes", "shelter": "no", "operator": null, "name": null}},{"type": "Feature", "geometry": {"type":"Point","coordinates":[80.2287544,12.980629]}, "properties": {"osm_id": 3298619178, "osm_type": "nodes", "public_transport": "platform", "highway": "bus_stop", "bus": "yes", "shelter": null, "operator": null, "name": "Baby Nagar"}},{"type": "Feature", "geometry": {"type":"Point","coordinates":[80.2303946,12.9817095]}, "properties": {"osm_id": 3298619179, "osm_type": "nodes", "public_transport": "platform", "highway": null, "bus": "yes", "shelter": "yes", "operator": null, "name": "Baby Nagar Stop"}},{"type": "Feature", "geometry": {"type":"Point","coordinates":[80.2384985,12.981393]}, "properties": {"osm_id": 9536043083, "osm_type": "nodes", "public_transport": "platform", "highway": "bus_stop", "bus": "yes", "shelter": "yes", "operator": null, "name": "Pillayar Koil"}},{"type": "Feature", "geometry": {"type":"Point","coordinates":[80.2381908,12.9811706]}, "properties": {"osm_id": 9536047321, "osm_type": "nodes", "public_transport": "platform", "highway": "bus_stop", "bus": "yes", "shelter": null, "operator": null, "name": "Pillayar Koil"}},{"type": "Feature", "geometry": {"type":"Point","coordinates":[80.2427187,12.9812324]}, "properties": {"osm_id": 9399815494, "osm_type": "nodes", "public_transport": "platform", "highway": "bus_stop", "bus": "yes", "shelter": null, "operator": null, "name": "Taramani 100 Feet Road"}},{"type": "Feature", "geometry": {"type":"Point","coordinates":[80.2427068,12.9814108]}, "properties": {"osm_id": 9399815493, "osm_type": "nodes", "public_transport": "platform", "highway": "bus_stop", "bus": "yes", "shelter": null, "operator": null, "name": "Taramani 100 Feet Road"}},{"type": "Feature", "geometry": {"type":"Point","coordinates":[80.0951151,12.9912772]}, "properties": {"osm_id": 277375984, "osm_type": "nodes", "public_transport": "platform", "highway": "bus_stop", "bus": "yes", "shelter": "no", "operator": null, "name": "Sambandam Nagar"}},{"type": "Feature", "geometry": {"type":"Point","coordinates":[80.0451332,12.9741633]}, "properties": {"osm_id": 11032338300, "osm_type": "nodes", "public_transport": "platform", "highway": "bus_stop", "bus": "yes", "shelter": null, "operator": null, "name": "புதுப்பேர்"}},{"type": "Feature", "geometry": {"type":"Point","coordinates":[80.0899406,12.9601816]}, "properties": {"osm_id": 9858405332, "osm_type": "nodes", "public_transport": "platform", "highway": "bus_stop", "bus": "yes", "shelter": null, "operator": null, "name": "Pazhanthandalam"}},{"type": "Feature", "geometry": {"type":"Point","coordinates":[80.0880269,12.9526055]}, "properties": {"osm_id": 9858405398, "osm_type": "nodes", "public_transport": "platform", "highway": "bus_stop", "bus": "yes", "shelter": null, "operator": null, "name": "Erumaiyur"}},{"type": "Feature", "geometry": {"type":"Point","coordinates":[80.0835877,12.9385909]}, "properties": {"osm_id": 9859553148, "osm_type": "nodes", "public_transport": "platform", "highway": "bus_stop", "bus": "yes", "shelter": null, "operator": null, "name": "Varadharajapuram-Kishkinda"}},{"type": "Feature", "geometry": {"type":"Point","coordinates":[80.2121116,13.0462851]}, "properties": {"osm_id": 11959617427, "osm_type": "nodes", "public_transport": "platform", "highway": "bus_stop", "bus": "yes", "shelter": null, "operator": null, "name": "Jawaharlal Nehru Road"}},{"type": "Feature", "geometry": {"type":"Point","coordinates":[80.2121426,13.0468396]}, "properties": {"osm_id": 5318529343, "osm_type": "nodes", "public_transport": "platform", "highway": "bus_stop", "bus": "yes", "shelter": null, "operator": "Metropolitan Transport Corporation (Chennai) Ltd.", "name": "Vadapalani"}},{"type": "Feature", "geometry": {"type":"Point","coordinates":[80.23531,13.0470676]}, "properties": {"osm_id": 4763208285, "osm_type": "nodes", "public_transport": "platform", "highway": "bus_stop", "bus": "yes", "shelter": null, "operator": null, "name": "Bazullah road"}},{"type": "Feature", "geometry": {"type":"Point","coordinates":[80.2195223,12.9910579]}, "properties": {"osm_id": 9554098006, "osm_type": "nodes", "public_transport": null, "highway": "bus_stop", "bus": null, "shelter": null, "operator": null, "name": "Phoenix Mall"}},{"type": "Feature", "geometry": {"type":"Point","coordinates":[80.2159576,12.9976865]}, "properties": {"osm_id": 9370267244, "osm_type": "nodes", "public_transport": "platform", "highway": "bus_stop", "bus": "yes", "shelter": "yes", "operator": "Metropoliton Transport Corporation (Chennai) Ltd.", "name": "Five Furlong Road"}},{"type": "Feature", "geometry": {"type":"Point","coordinates":[80.2203974,12.9903945]}, "properties": {"osm_id": 11959599075, "osm_type": "nodes", "public_transport": "platform", "highway": "bus_stop", "bus": "yes", "shelter": null, "operator": null, "name": "Guru Nanak"}},{"type": "Feature", "geometry": {"type":"Point","coordinates":[80.2162638,12.997438]}, "properties": {"osm_id": 2157590801, "osm_type": "nodes", "public_transport": "stop_position", "highway": "bus_stop", "bus": "yes", "shelter": null, "operator": "MTC", "name": "Five Furlong Road"}},{"type": "Feature", "geometry": {"type":"Point","coordinates":[80.2165418,12.9974054]}, "properties": {"osm_id": 2158620128, "osm_type": "nodes", "public_transport": "stop_position", "highway": "bus_stop", "bus": "yes", "shelter": null, "operator": "MTC", "name": "Velachery Check Post"}},{"type": "Feature", "geometry": {"type":"Point","coordinates":[80.2164502,12.9974127]}, "properties": {"osm_id": 2158620129, "osm_type": "nodes", "public_transport": "stop_position", "highway": "bus_stop", "bus": "yes", "shelter": null, "operator": "MTC", "name": "Velachery Check Post"}},{"type": "Feature", "geometry": {"type":"Point","coordinates":[80.2337735,12.9920732]}, "properties": {"osm_id": 4384980791, "osm_type": "nodes", "public_transport": "platform", "highway": "bus_stop", "bus": "yes", "shelter": null, "operator": "IITM Transport Cell", "name": null}},{"type": "Feature", "geometry": {"type":"Point","coordinates":[80.2162966,12.9974701]}, "properties": {"osm_id": 5631301424, "osm_type": "nodes", "public_transport": "platform", "highway": "bus_stop", "bus": "yes", "shelter": "yes", "operator": "MTC", "name": "Five Furlong Road"}},{"type": "Feature", "geometry": {"type":"Point","coordinates":[80.2342733,12.981143]}, "properties": {"osm_id": 9849246448, "osm_type": "nodes", "public_transport": "platform", "highway": "bus_stop", "bus": "yes", "shelter": null, "operator": null, "name": "Bharathy Nagar"}},{"type": "Feature", "geometry": {"type":"Point","coordinates":[80.2304834,12.9817272]}, "properties": {"osm_id": 9849253327, "osm_type": "nodes", "public_transport": "platform", "highway": "bus_stop", "bus": "yes", "shelter": null, "operator": null, "name": "Baby Nagar"}},{"type": "Feature", "geometry": {"type":"Point","coordinates":[80.2202958,12.9906984]}, "properties": {"osm_id": 5631301118, "osm_type": "nodes", "public_transport": "platform", "highway": "bus_stop", "bus": "yes", "shelter": "yes", "operator": "MTC", "name": "Guru Nanak College"}},{"type": "Feature", "geometry": {"type":"Point","coordinates":[80.2072705,12.9980198]}, "properties": {"osm_id": 9514055811, "osm_type": "nodes", "public_transport": "platform", "highway": "bus_stop", "bus": "yes", "shelter": "yes", "operator": null, "name": "Mahalakshmi Apartments"}},{"type": "Feature", "geometry": {"type":"Point","coordinates":[80.221563,12.9762731]}, "properties": {"osm_id": 9370524480, "osm_type": "nodes", "public_transport": "platform", "highway": "bus_stop", "bus": "yes", "shelter": null, "operator": "Metropolitan Transport Corporation (Chennai) Ltd.", "name": "Velachery Vijaynagar"}},{"type": "Feature", "geometry": {"type":"Point","coordinates":[80.2347372,12.9941561]}, "properties": {"osm_id": 4385029489, "osm_type": "nodes", "public_transport": "platform", "highway": "bus_stop", "bus": "yes", "shelter": null, "operator": "IITM Transport Cell", "name": null}},{"type": "Feature", "geometry": {"type":"Point","coordinates":[80.2330109,12.9911913]}, "properties": {"osm_id": 4385062589, "osm_type": "nodes", "public_transport": "platform", "highway": "bus_stop", "bus": "yes", "shelter": null, "operator": null, "name": null}},{"type": "Feature", "geometry": {"type":"Point","coordinates":[80.2321166,12.9910868]}, "properties": {"osm_id": 4385062689, "osm_type": "nodes", "public_transport": "platform", "highway": "bus_stop", "bus": "yes", "shelter": null, "operator": null, "name": null}},{"type": "Feature", "geometry": {"type":"Point","coordinates":[80.2333649,12.9866789]}, "properties": {"osm_id": 5628388498, "osm_type": "nodes", "public_transport": "platform", "highway": "bus_stop", "bus": "yes", "shelter": null, "operator": null, "name": "Taramani Guest House"}},{"type": "Feature", "geometry": {"type":"Point","coordinates":[80.2300317,12.9907728]}, "properties": {"osm_id": 5632367706, "osm_type": "nodes", "public_transport": "platform", "highway": "bus_stop", "bus": "yes", "shelter": null, "operator": null, "name": null}},{"type": "Feature", "geometry": {"type":"Point","coordinates":[79.3043465,13.3032574]}, "properties": {"osm_id": 5664586244, "osm_type": "nodes", "public_transport": "platform", "highway": "bus_stop", "bus": "yes", "shelter": null, "operator": null, "name": "Tayyuru Bus Stop"}},{"type": "Feature", "geometry": {"type":"Point","coordinates":[79.3140711,13.3035027]}, "properties": {"osm_id": 5664586316, "osm_type": "nodes", "public_transport": "platform", "highway": "bus_stop", "bus": "yes", "shelter": null, "operator": null, "name": "Chinna Tayyuru Bus Stop"}},{"type": "Feature", "geometry": {"type":"Point","coordinates":[79.3518709,13.3085394]}, "properties": {"osm_id": 11035214157, "osm_type": "nodes", "public_transport": "platform", "highway": "bus_stop", "bus": "yes", "shelter": null, "operator": null, "name": "SR Puram Bus Stop"}},{"type": "Feature", "geometry": {"type":"Point","coordinates":[80.1548311,13.0603444]}, "properties": {"osm_id": 11959665382, "osm_type": "nodes", "public_transport": "platform", "highway": "bus_stop", "bus": "yes", "shelter": null, "operator": null, "name": "Vaanagaram"}},{"type": "Feature", "geometry": {"type":"Point","coordinates":[80.1386139,13.0610323]}, "properties": {"osm_id": 11959665383, "osm_type": "nodes", "public_transport": "platform", "highway": "bus_stop", "bus": "yes", "shelter": null, "operator": null, "name": "Velappanchavadi"}},{"type": "Feature", "geometry": {"type":"Point","coordinates":[80.1087025,13.0865074]}, "properties": {"osm_id": 11195612550, "osm_type": "nodes", "public_transport": "platform", "highway": "bus_stop", "bus": "yes", "shelter": null, "operator": null, "name": "Paruthipattu"}},{"type": "Feature", "geometry": {"type":"Point","coordinates":[80.1093596,13.0816886]}, "properties": {"osm_id": 11195612549, "osm_type": "nodes", "public_transport": "platform", "highway": "bus_stop", "bus": "yes", "shelter": null, "operator": null, "name": "Melpakkam"}},{"type": "Feature", "geometry": {"type":"Point","coordinates":[80.178322,12.9574911]}, "properties": {"osm_id": 9676595400, "osm_type": "nodes", "public_transport": "platform", "highway": "bus_stop", "bus": "yes", "shelter": null, "operator": null, "name": "Alamaram Bus Stop"}},{"type": "Feature", "geometry": {"type":"Point","coordinates":[80.1872291,12.9613123]}, "properties": {"osm_id": 9916421668, "osm_type": "nodes", "public_transport": "platform", "highway": "bus_stop", "bus": "yes", "shelter": null, "operator": null, "name": "Ganesh Nagar"}},{"type": "Feature", "geometry": {"type":"Point","coordinates":[80.2322807,13.2856855]}, "properties": {"osm_id": 276516531, "osm_type": "nodes", "public_transport": "platform", "highway": "bus_stop", "bus": "yes", "shelter": null, "operator": null, "name": "Yerikarai Bus Stop"}},{"type": "Feature", "geometry": {"type":"Point","coordinates":[79.9750416,12.9845117]}, "properties": {"osm_id": 454190280, "osm_type": "nodes", "public_transport": "platform", "highway": "bus_stop", "bus": "yes", "shelter": null, "operator": null, "name": "Pennalur EB"}},{"type": "Feature", "geometry": {"type":"Point","coordinates":[79.9747841,12.9846204]}, "properties": {"osm_id": 454190489, "osm_type": "nodes", "public_transport": "platform", "highway": "bus_stop", "bus": "yes", "shelter": null, "operator": null, "name": "Pennalur EB"}},{"type": "Feature", "geometry": {"type":"Point","coordinates":[80.1551858,13.0349841]}, "properties": {"osm_id": 370969671, "osm_type": "nodes", "public_transport": null, "highway": "bus_stop", "bus": "yes", "shelter": null, "operator": null, "name": "Porur Flyover"}},{"type": "Feature", "geometry": {"type":"Point","coordinates":[80.1279797,13.0407272]}, "properties": {"osm_id": 370969652, "osm_type": "nodes", "public_transport": "platform", "highway": "bus_stop", "bus": "yes", "shelter": null, "operator": null, "name": null}},{"type": "Feature", "geometry": {"type":"Point","coordinates":[80.1422989,13.0368549]}, "properties": {"osm_id": 370969661, "osm_type": "nodes", "public_transport": null, "highway": "bus_stop", "bus": "yes", "shelter": null, "operator": null, "name": null}},{"type": "Feature", "geometry": {"type":"Point","coordinates":[80.1426413,13.0365785]}, "properties": {"osm_id": 370969668, "osm_type": "nodes", "public_transport": null, "highway": "bus_stop", "bus": "yes", "shelter": null, "operator": null, "name": null}},{"type": "Feature", "geometry": {"type":"Point","coordinates":[80.135136,13.0379914]}, "properties": {"osm_id": 3264828694, "osm_type": "nodes", "public_transport": null, "highway": "bus_stop", "bus": "yes", "shelter": "yes", "operator": null, "name": "அய்யப்பன்தாங்கல்"}},{"type": "Feature", "geometry": {"type":"Point","coordinates":[80.1112908,13.0317541]}, "properties": {"osm_id": 11195612538, "osm_type": "nodes", "public_transport": "platform", "highway": "bus_stop", "bus": "yes", "shelter": null, "operator": null, "name": "Maangadu"}},{"type": "Feature", "geometry": {"type":"Point","coordinates":[80.1153383,13.0438277]}, "properties": {"osm_id": 11195612542, "osm_type": "nodes", "public_transport": "platform", "highway": "bus_stop", "bus": "yes", "shelter": null, "operator": null, "name": "Kumanan Savadi"}},{"type": "Feature", "geometry": {"type":"Point","coordinates":[80.1118353,13.0464185]}, "properties": {"osm_id": 11195612543, "osm_type": "nodes", "public_transport": "platform", "highway": "bus_stop", "bus": "yes", "shelter": null, "operator": null, "name": "Karayan Savadi"}},{"type": "Feature", "geometry": {"type":"Point","coordinates":[80.1433427,13.0198426]}, "properties": {"osm_id": 1024674757, "osm_type": "nodes", "public_transport": null, "highway": "bus_stop", "bus": "yes", "shelter": null, "operator": null, "name": "Moulivakkam (Bai kadai)"}},{"type": "Feature", "geometry": {"type":"Point","coordinates":[80.13264,12.9751633]}, "properties": {"osm_id": 9331571508, "osm_type": "nodes", "public_transport": "platform", "highway": "bus_stop", "bus": "yes", "shelter": null, "operator": null, "name": "Pammal"}},{"type": "Feature", "geometry": {"type":"Point","coordinates":[80.1418002,12.9716047]}, "properties": {"osm_id": 3742401984, "osm_type": "nodes", "public_transport": "platform", "highway": "bus_stop", "bus": "yes", "shelter": null, "operator": null, "name": "Muthamizh Nagar"}},{"type": "Feature", "geometry": {"type":"Point","coordinates":[80.1304686,12.9782314]}, "properties": {"osm_id": 11197039985, "osm_type": "nodes", "public_transport": "platform", "highway": "bus_stop", "bus": "yes", "shelter": null, "operator": null, "name": "Gerugambakkam High School"}},{"type": "Feature", "geometry": {"type":"Point","coordinates":[79.8284381,12.6190538]}, "properties": {"osm_id": 469106564, "osm_type": "nodes", "public_transport": null, "highway": "bus_stop", "bus": null, "shelter": null, "operator": null, "name": "Nelvoy village"}},{"type": "Feature", "geometry": {"type":"Point","coordinates":[80.2189421,12.9712721]}, "properties": {"osm_id": 1764308008, "osm_type": "nodes", "public_transport": "platform", "highway": "bus_stop", "bus": "yes", "shelter": "yes", "operator": null, "name": "Velachery Railway Station"}},{"type": "Feature", "geometry": {"type":"Point","coordinates":[80.251487,12.9205826]}, "properties": {"osm_id": 3261262339, "osm_type": "nodes", "public_transport": "platform", "highway": "bus_stop", "bus": "yes", "shelter": null, "operator": null, "name": "VGP"}},{"type": "Feature", "geometry": {"type":"Point","coordinates":[80.1820197,12.8972464]}, "properties": {"osm_id": 12512509201, "osm_type": "nodes", "public_transport": null, "highway": "bus_stop", "bus": null, "shelter": null, "operator": null, "name": "Bus Stop"}},{"type": "Feature", "geometry": {"type":"Point","coordinates":[80.1936779,12.9173172]}, "properties": {"osm_id": 9400398352, "osm_type": "nodes", "public_transport": "platform", "highway": "bus_stop", "bus": "yes", "shelter": null, "operator": null, "name": "Medavakkam"}},{"type": "Feature", "geometry": {"type":"Point","coordinates":[80.0711056,12.8921662]}, "properties": {"osm_id": 9859933289, "osm_type": "nodes", "public_transport": "platform", "highway": "bus_stop", "bus": "yes", "shelter": "yes", "operator": null, "name": null}},{"type": "Feature", "geometry": {"type":"Point","coordinates":[80.0755956,12.8680865]}, "properties": {"osm_id": 12404453182, "osm_type": "nodes", "public_transport": "platform", "highway": "bus_stop", "bus": "yes", "shelter": "yes", "operator": null, "name": "Urapakkam school stop"}},{"type": "Feature", "geometry": {"type":"Point","coordinates":[80.0701581,12.8966938]}, "properties": {"osm_id": 9859933249, "osm_type": "nodes", "public_transport": "platform", "highway": "bus_stop", "bus": "yes", "shelter": null, "operator": null, "name": null}},{"type": "Feature", "geometry": {"type":"Point","coordinates":[80.0251445,12.7931473]}, "properties": {"osm_id": 12571705506, "osm_type": "nodes", "public_transport": "platform", "highway": "bus_stop", "bus": "yes", "shelter": null, "operator": null, "name": null}},{"type": "Feature", "geometry": {"type":"Point","coordinates":[80.0214584,12.7953615]}, "properties": {"osm_id": 12571705511, "osm_type": "nodes", "public_transport": "platform", "highway": "bus_stop", "bus": "yes", "shelter": null, "operator": null, "name": null}},{"type": "Feature", "geometry": {"type":"Point","coordinates":[80.0310512,12.7894432]}, "properties": {"osm_id": 12571691998, "osm_type": "nodes", "public_transport": "platform", "highway": "bus_stop", "bus": "yes", "shelter": null, "operator": "MTC", "name": null}},{"type": "Feature", "geometry": {"type":"Point","coordinates":[80.0284268,12.7912498]}, "properties": {"osm_id": 12571692000, "osm_type": "nodes", "public_transport": "platform", "highway": "bus_stop", "bus": "yes", "shelter": null, "operator": null, "name": null}},{"type": "Feature", "geometry": {"type":"Point","coordinates":[80.016961,12.7904888]}, "properties": {"osm_id": 792496444, "osm_type": "nodes", "public_transport": "platform", "highway": "bus_stop", "bus": "yes", "shelter": "yes", "operator": null, "name": null}},{"type": "Feature", "geometry": {"type":"Point","coordinates":[80.0232115,12.8000492]}, "properties": {"osm_id": 792489928, "osm_type": "nodes", "public_transport": "platform", "highway": "bus_stop", "bus": "yes", "shelter": "yes", "operator": null, "name": null}},{"type": "Feature", "geometry": {"type":"Point","coordinates":[80.03265,12.8145607]}, "properties": {"osm_id": 792469356, "osm_type": "nodes", "public_transport": "platform", "highway": "bus_stop", "bus": "yes", "shelter": null, "operator": null, "name": null}},{"type": "Feature", "geometry": {"type":"Point","coordinates":[80.0410429,12.8230145]}, "properties": {"osm_id": 5831452922, "osm_type": "nodes", "public_transport": "platform", "highway": "bus_stop", "bus": "yes", "shelter": null, "operator": null, "name": "SRM Out Gate Bus Stop"}},{"type": "Feature", "geometry": {"type":"Point","coordinates":[80.0410444,12.823119]}, "properties": {"osm_id": 5831452923, "osm_type": "nodes", "public_transport": "platform", "highway": "bus_stop", "bus": "yes", "shelter": null, "operator": null, "name": "SRM In Gate Bus Stop"}},{"type": "Feature", "geometry": {"type":"Point","coordinates":[80.0443001,12.8230727]}, "properties": {"osm_id": 5831452924, "osm_type": "nodes", "public_transport": "platform", "highway": "bus_stop", "bus": "yes", "shelter": null, "operator": null, "name": "SRM Java Bus Stop"}},{"type": "Feature", "geometry": {"type":"Point","coordinates":[80.1088408,12.8802996]}, "properties": {"osm_id": 13254368531, "osm_type": "nodes", "public_transport": null, "highway": "bus_stop", "bus": null, "shelter": null, "operator": null, "name": "Nedungundram bus stop"}},{"type": "Feature", "geometry": {"type":"Point","coordinates":[80.1206916,12.9293289]}, "properties": {"osm_id": 9400398391, "osm_type": "nodes", "public_transport": "platform", "highway": "bus_stop", "bus": "yes", "shelter": "no", "operator": null, "name": "Tambaram Railway Station"}},{"type": "Feature", "geometry": {"type":"Point","coordinates":[80.0754114,12.8665865]}, "properties": {"osm_id": 4158510090, "osm_type": "nodes", "public_transport": "platform", "highway": "bus_stop", "bus": "yes", "shelter": "yes", "operator": null, "name": "Urapakkam School"}},{"type": "Feature", "geometry": {"type":"Point","coordinates":[80.2549392,13.0565054]}, "properties": {"osm_id": 313135889, "osm_type": "nodes", "public_transport": "platform", "highway": "bus_stop", "bus": "yes", "shelter": null, "operator": null, "name": null}},{"type": "Feature", "geometry": {"type":"Point","coordinates":[79.6481883,12.8692652]}, "properties": {"osm_id": 7115769785, "osm_type": "nodes", "public_transport": null, "highway": "bus_stop", "bus": null, "shelter": null, "operator": null, "name": null}},{"type": "Feature", "geometry": {"type":"Point","coordinates":[79.7686585,12.8041674]}, "properties": {"osm_id": 7266260885, "osm_type": "nodes", "public_transport": "platform", "highway": "bus_stop", "bus": "yes", "shelter": null, "operator": null, "name": null}},{"type": "Feature", "geometry": {"type":"Point","coordinates":[80.2383927,12.7438781]}, "properties": {"osm_id": 3937174679, "osm_type": "nodes", "public_transport": "stop_position", "highway": "bus_stop", "bus": "yes", "shelter": null, "operator": null, "name": "Muthalai Pannai"}},{"type": "Feature", "geometry": {"type":"Point","coordinates":[80.2430058,12.7560815]}, "properties": {"osm_id": 3261251961, "osm_type": "nodes", "public_transport": null, "highway": "bus_stop", "bus": null, "shelter": null, "operator": null, "name": "Therukupattu"}},{"type": "Feature", "geometry": {"type":"Point","coordinates":[80.2191489,12.6936729]}, "properties": {"osm_id": 3259632242, "osm_type": "nodes", "public_transport": null, "highway": "bus_stop", "bus": null, "shelter": null, "operator": null, "name": "Nemmili Saibaba"}},{"type": "Feature", "geometry": {"type":"Point","coordinates":[80.2142982,12.681216]}, "properties": {"osm_id": 3259640873, "osm_type": "nodes", "public_transport": null, "highway": "bus_stop", "bus": null, "shelter": null, "operator": null, "name": "Pattipulam Colony"}},{"type": "Feature", "geometry": {"type":"Point","coordinates":[80.2330471,12.7305006]}, "properties": {"osm_id": 3259351985, "osm_type": "nodes", "public_transport": null, "highway": "bus_stop", "bus": null, "shelter": null, "operator": null, "name": "Puthukalpakkam"}},{"type": "Feature", "geometry": {"type":"Point","coordinates":[80.2313228,12.7261873]}, "properties": {"osm_id": 3259352014, "osm_type": "nodes", "public_transport": null, "highway": "bus_stop", "bus": null, "shelter": null, "operator": null, "name": "Periya Nemmili"}},{"type": "Feature", "geometry": {"type":"Point","coordinates":[80.1702657,13.0994583]}, "properties": {"osm_id": 7796477468, "osm_type": "nodes", "public_transport": "platform", "highway": "bus_stop", "bus": "yes", "shelter": "no", "operator": null, "name": "Ambattur Industrial Estate Bus Stop"}},{"type": "Feature", "geometry": {"type":"Point","coordinates":[80.1784121,13.0883017]}, "properties": {"osm_id": 7869100702, "osm_type": "nodes", "public_transport": "platform", "highway": "bus_stop", "bus": "yes", "shelter": "yes", "operator": null, "name": "Golden Flats"}},{"type": "Feature", "geometry": {"type":"Point","coordinates":[80.1618573,13.0840455]}, "properties": {"osm_id": 13919242688, "osm_type": "nodes", "public_transport": "platform", "highway": "bus_stop", "bus": "yes", "shelter": "yes", "operator": null, "name": null}},{"type": "Feature", "geometry": {"type":"Point","coordinates":[80.152549,13.0955464]}, "properties": {"osm_id": 13928250806, "osm_type": "nodes", "public_transport": "platform", "highway": "bus_stop", "bus": "yes", "shelter": null, "operator": null, "name": "Kalaivanar Nagar"}},{"type": "Feature", "geometry": {"type":"Point","coordinates":[80.202201,12.9284375]}, "properties": {"osm_id": 1330414243, "osm_type": "nodes", "public_transport": "platform", "highway": "bus_stop", "bus": "yes", "shelter": "no", "operator": "Government of Tamil Nadu", "name": "Oil Mill"}},{"type": "Feature", "geometry": {"type":"Point","coordinates":[80.2386779,12.9448917]}, "properties": {"osm_id": 2082925057, "osm_type": "nodes", "public_transport": "platform", "highway": null, "bus": "yes", "shelter": null, "operator": null, "name": "D. B Jain College"}},{"type": "Feature", "geometry": {"type":"Point","coordinates":[80.2082021,12.9442869]}, "properties": {"osm_id": 9400398378, "osm_type": "nodes", "public_transport": "platform", "highway": "bus_stop", "bus": "yes", "shelter": "yes", "operator": null, "name": "Balaji Dental College"}},{"type": "Feature", "geometry": {"type":"Point","coordinates":[80.208506,12.9441308]}, "properties": {"osm_id": 9402008111, "osm_type": "nodes", "public_transport": "platform", "highway": "bus_stop", "bus": "yes", "shelter": "no", "operator": "Government of Tamil Nadu", "name": "Balaji Dental College"}},{"type": "Feature", "geometry": {"type":"Point","coordinates":[80.2210664,12.975951]}, "properties": {"osm_id": 278744710, "osm_type": "nodes", "public_transport": "platform", "highway": "bus_stop", "bus": "yes", "shelter": "yes", "operator": null, "name": "Velachery Vijayanagar Bus Terminus"}},{"type": "Feature", "geometry": {"type":"Point","coordinates":[80.2208286,12.9751658]}, "properties": {"osm_id": 9401706170, "osm_type": "nodes", "public_transport": "platform", "highway": "bus_stop", "bus": "yes", "shelter": "yes", "operator": "MTC", "name": "Velachery Vijaya Nagar"}},{"type": "Feature", "geometry": {"type":"Point","coordinates":[80.2159702,12.9639064]}, "properties": {"osm_id": 1949567462, "osm_type": "nodes", "public_transport": "platform", "highway": "bus_stop", "bus": "yes", "shelter": null, "operator": null, "name": "Kaiveli"}},{"type": "Feature", "geometry": {"type":"Point","coordinates":[80.2160859,12.9633783]}, "properties": {"osm_id": 1949567464, "osm_type": "nodes", "public_transport": "platform", "highway": "bus_stop", "bus": "yes", "shelter": "yes", "operator": "Government of Tamil Nadu", "name": "Kaiveli"}},{"type": "Feature", "geometry": {"type":"Point","coordinates":[80.2153047,12.9636419]}, "properties": {"osm_id": 310593794, "osm_type": "nodes", "public_transport": "platform", "highway": "bus_stop", "bus": "yes", "shelter": "yes", "operator": null, "name": "Kaiveli"}},{"type": "Feature", "geometry": {"type":"Point","coordinates":[80.2031164,12.9658462]}, "properties": {"osm_id": 9412787729, "osm_type": "nodes", "public_transport": "platform", "highway": "bus_stop", "bus": "yes", "shelter": null, "operator": null, "name": "Sadasiva Nagar"}},{"type": "Feature", "geometry": {"type":"Point","coordinates":[80.2013584,12.965438]}, "properties": {"osm_id": 9412787725, "osm_type": "nodes", "public_transport": "platform", "highway": "bus_stop", "bus": "yes", "shelter": "yes", "operator": null, "name": "Balaiah Garden"}},{"type": "Feature", "geometry": {"type":"Point","coordinates":[80.1989335,12.9485037]}, "properties": {"osm_id": 964604586, "osm_type": "nodes", "public_transport": "platform", "highway": "bus_stop", "bus": "yes", "shelter": null, "operator": null, "name": "Sunnambu Kolathur Puliyamara Stop"}},{"type": "Feature", "geometry": {"type":"Point","coordinates":[80.198932,12.9485883]}, "properties": {"osm_id": 1899719797, "osm_type": "nodes", "public_transport": "platform", "highway": "bus_stop", "bus": "yes", "shelter": "yes", "operator": null, "name": "Sunnambu Kolathur Puliyamara Stop"}},{"type": "Feature", "geometry": {"type":"Point","coordinates":[79.6699836,13.0765216]}, "properties": {"osm_id": 13917481202, "osm_type": "nodes", "public_transport": null, "highway": "bus_stop", "bus": null, "shelter": null, "operator": null, "name": "Arakkonam Railway Station Bus stop"}},{"type": "Feature", "geometry": {"type":"Point","coordinates":[80.2059605,13.1083791]}, "properties": {"osm_id": 12188084884, "osm_type": "nodes", "public_transport": "platform", "highway": "bus_stop", "bus": "yes", "shelter": null, "operator": null, "name": "South Redhills Road Market"}},{"type": "Feature", "geometry": {"type":"Point","coordinates":[80.1984558,13.0906674]}, "properties": {"osm_id": 6518463385, "osm_type": "nodes", "public_transport": "platform", "highway": "bus_stop", "bus": "yes", "shelter": null, "operator": null, "name": "திருமங்கலம்"}},{"type": "Feature", "geometry": {"type":"Point","coordinates":[80.1943128,13.1020524]}, "properties": {"osm_id": 10291068732, "osm_type": "nodes", "public_transport": "platform", "highway": "bus_stop", "bus": "yes", "shelter": null, "operator": null, "name": "Padi"}},{"type": "Feature", "geometry": {"type":"Point","coordinates":[80.180271,13.1084248]}, "properties": {"osm_id": 2739927426, "osm_type": "nodes", "public_transport": null, "highway": "bus_stop", "bus": null, "shelter": "no", "operator": "MTC", "name": "CSI Church Bus Stop"}},{"type": "Feature", "geometry": {"type":"Point","coordinates":[80.2161796,12.9022643]}, "properties": {"osm_id": 964604284, "osm_type": "nodes", "public_transport": "platform", "highway": "bus_stop", "bus": "yes", "shelter": null, "operator": null, "name": "டோல் கேட்"}},{"type": "Feature", "geometry": {"type":"Point","coordinates":[80.2385828,13.1350989]}, "properties": {"osm_id": 12581635599, "osm_type": "nodes", "public_transport": "platform", "highway": "bus_stop", "bus": "yes", "shelter": null, "operator": null, "name": null}},{"type": "Feature", "geometry": {"type":"Point","coordinates":[80.2028994,13.1238068]}, "properties": {"osm_id": 11915150829, "osm_type": "nodes", "public_transport": "platform", "highway": "bus_stop", "bus": "yes", "shelter": "yes", "operator": null, "name": "Senthil nagar"}},{"type": "Feature", "geometry": {"type":"Point","coordinates":[80.2138201,13.1307073]}, "properties": {"osm_id": 11953087583, "osm_type": "nodes", "public_transport": "platform", "highway": "bus_stop", "bus": "yes", "shelter": null, "operator": null, "name": "Kolathur Metro Water"}},{"type": "Feature", "geometry": {"type":"Point","coordinates":[79.9512179,13.1449937]}, "properties": {"osm_id": 4524178989, "osm_type": "nodes", "public_transport": null, "highway": "bus_stop", "bus": null, "shelter": null, "operator": null, "name": null}},{"type": "Feature", "geometry": {"type":"Point","coordinates":[80.2161601,12.8786189]}, "properties": {"osm_id": 12108836587, "osm_type": "nodes", "public_transport": "platform", "highway": "bus_stop", "bus": "yes", "shelter": "yes", "operator": "TNSTC", "name": "Nest Apartment"}},{"type": "Feature", "geometry": {"type":"Point","coordinates":[80.1842212,12.8871781]}, "properties": {"osm_id": 11228615338, "osm_type": "nodes", "public_transport": null, "highway": "bus_stop", "bus": null, "shelter": null, "operator": null, "name": null}},{"type": "Feature", "geometry": {"type":"Point","coordinates":[80.2037268,12.9656695]}, "properties": {"osm_id": 305478863, "osm_type": "nodes", "public_transport": "platform", "highway": "bus_stop", "bus": "yes", "shelter": "no", "operator": null, "name": "Sadasiva Nagar"}},{"type": "Feature", "geometry": {"type":"Point","coordinates":[80.211823,12.9534266]}, "properties": {"osm_id": 9400398381, "osm_type": "nodes", "public_transport": "platform", "highway": "bus_stop", "bus": "yes", "shelter": null, "operator": null, "name": "Balaji Nagar"}},{"type": "Feature", "geometry": {"type":"Point","coordinates":[80.2023309,13.1643511]}, "properties": {"osm_id": 11953087601, "osm_type": "nodes", "public_transport": "platform", "highway": "bus_stop", "bus": "yes", "shelter": null, "operator": null, "name": "Puzhal Jail"}},{"type": "Feature", "geometry": {"type":"Point","coordinates":[80.2023657,13.1651503]}, "properties": {"osm_id": 11953087602, "osm_type": "nodes", "public_transport": "platform", "highway": "bus_stop", "bus": "yes", "shelter": null, "operator": null, "name": "Puzhal Jail"}},{"type": "Feature", "geometry": {"type":"Point","coordinates":[80.1992463,13.1704729]}, "properties": {"osm_id": 11953087603, "osm_type": "nodes", "public_transport": "platform", "highway": "bus_stop", "bus": "yes", "shelter": null, "operator": null, "name": "Kavankarai"}},{"type": "Feature", "geometry": {"type":"Point","coordinates":[80.1998069,13.1700994]}, "properties": {"osm_id": 11953087604, "osm_type": "nodes", "public_transport": "platform", "highway": "bus_stop", "bus": "yes", "shelter": null, "operator": null, "name": "Kavankarai"}},{"type": "Feature", "geometry": {"type":"Point","coordinates":[80.1947536,13.1784566]}, "properties": {"osm_id": 11953087606, "osm_type": "nodes", "public_transport": "platform", "highway": "bus_stop", "bus": "yes", "shelter": null, "operator": null, "name": "Sri Nallagu Nadar Polytechnic College"}},{"type": "Feature", "geometry": {"type":"Point","coordinates":[79.1213828,13.2887679]}, "properties": {"osm_id": 9840993330, "osm_type": "nodes", "public_transport": "platform", "highway": "bus_stop", "bus": "yes", "shelter": null, "operator": null, "name": null}},{"type": "Feature", "geometry": {"type":"Point","coordinates":[79.2554836,13.2924404]}, "properties": {"osm_id": 11035214135, "osm_type": "nodes", "public_transport": "platform", "highway": "bus_stop", "bus": "yes", "shelter": null, "operator": null, "name": "Kothapalli Mitta Bus Stop"}},{"type": "Feature", "geometry": {"type":"Point","coordinates":[80.2489226,12.9981822]}, "properties": {"osm_id": 1183430650, "osm_type": "nodes", "public_transport": "platform", "highway": "bus_stop", "bus": "yes", "shelter": "yes", "operator": null, "name": "Women's polytechnic"}},{"type": "Feature", "geometry": {"type":"Point","coordinates":[80.2468241,12.9862169]}, "properties": {"osm_id": 7412932332, "osm_type": "nodes", "public_transport": "stop_position", "highway": "bus_stop", "bus": "yes", "shelter": null, "operator": "MTC", "name": "Ascendas IT park"}},{"type": "Feature", "geometry": {"type":"Point","coordinates":[80.2391518,12.9985806]}, "properties": {"osm_id": 4384940991, "osm_type": "nodes", "public_transport": "platform", "highway": "bus_stop", "bus": "yes", "shelter": "yes", "operator": "IITM Transport Cell", "name": null}},{"type": "Feature", "geometry": {"type":"Point","coordinates":[80.2523565,12.9847375]}, "properties": {"osm_id": 1676204804, "osm_type": "nodes", "public_transport": "platform", "highway": "bus_stop", "bus": "yes", "shelter": null, "operator": null, "name": "National Institute of Fashion Technology (N.I.F.T)"}},{"type": "Feature", "geometry": {"type":"Point","coordinates":[80.2362203,12.9961354]}, "properties": {"osm_id": 4384995091, "osm_type": "nodes", "public_transport": "platform", "highway": "bus_stop", "bus": "yes", "shelter": null, "operator": "IITM Transport Cell", "name": null}},{"type": "Feature", "geometry": {"type":"Point","coordinates":[80.1944102,13.1269857]}, "properties": {"osm_id": 12155348709, "osm_type": "nodes", "public_transport": "platform", "highway": "bus_stop", "bus": "yes", "shelter": null, "operator": null, "name": "Korattur Water Canal Road"}},{"type": "Feature", "geometry": {"type":"Point","coordinates":[80.190348,13.1354867]}, "properties": {"osm_id": 12155348710, "osm_type": "nodes", "public_transport": "platform", "highway": "bus_stop", "bus": "yes", "shelter": null, "operator": null, "name": "Madanankuppam"}},{"type": "Feature", "geometry": {"type":"Point","coordinates":[80.1914184,13.1505889]}, "properties": {"osm_id": 12114421266, "osm_type": "nodes", "public_transport": "platform", "highway": "bus_stop", "bus": "yes", "shelter": null, "operator": null, "name": null}},{"type": "Feature", "geometry": {"type":"Point","coordinates":[80.1873759,12.9951542]}, "properties": {"osm_id": 353719171, "osm_type": "nodes", "public_transport": "platform", "highway": "bus_stop", "bus": "yes", "shelter": null, "operator": null, "name": null}},{"type": "Feature", "geometry": {"type":"Point","coordinates":[80.1830757,12.9710697]}, "properties": {"osm_id": 9849235452, "osm_type": "nodes", "public_transport": "platform", "highway": "bus_stop", "bus": "yes", "shelter": null, "operator": null, "name": "MMDA Colony"}},{"type": "Feature", "geometry": {"type":"Point","coordinates":[80.1832874,12.9760401]}, "properties": {"osm_id": 9849133813, "osm_type": "nodes", "public_transport": "platform", "highway": "bus_stop", "bus": "yes", "shelter": null, "operator": null, "name": "JK Mahal"}},{"type": "Feature", "geometry": {"type":"Point","coordinates":[80.1857694,12.9823175]}, "properties": {"osm_id": 9524652864, "osm_type": "nodes", "public_transport": "platform", "highway": "bus_stop", "bus": "yes", "shelter": null, "operator": null, "name": "Independence Day Park"}},{"type": "Feature", "geometry": {"type":"Point","coordinates":[80.1829783,12.9796394]}, "properties": {"osm_id": 313442701, "osm_type": "nodes", "public_transport": "platform", "highway": "bus_stop", "bus": "yes", "shelter": null, "operator": null, "name": "Vetrivel Theatre"}},{"type": "Feature", "geometry": {"type":"Point","coordinates":[80.1956168,12.9816928]}, "properties": {"osm_id": 308811912, "osm_type": "nodes", "public_transport": "platform", "highway": "bus_stop", "bus": "yes", "shelter": null, "operator": null, "name": "Vanuvampet"}},{"type": "Feature", "geometry": {"type":"Point","coordinates":[80.1884958,12.9828496]}, "properties": {"osm_id": 2145429148, "osm_type": "nodes", "public_transport": "platform", "highway": "bus_stop", "bus": "yes", "shelter": null, "operator": null, "name": null}},{"type": "Feature", "geometry": {"type":"Point","coordinates":[80.1577918,12.9755085]}, "properties": {"osm_id": 1703352021, "osm_type": "nodes", "public_transport": "platform", "highway": "bus_stop", "bus": "yes", "shelter": null, "operator": null, "name": "Trisulam Airport"}},{"type": "Feature", "geometry": {"type":"Point","coordinates":[80.1632657,12.9802128]}, "properties": {"osm_id": 1703352022, "osm_type": "nodes", "public_transport": "platform", "highway": "bus_stop", "bus": "yes", "shelter": null, "operator": null, "name": "Trisulam Airport"}},{"type": "Feature", "geometry": {"type":"Point","coordinates":[80.2627793,12.9961241]}, "properties": {"osm_id": 6394588658, "osm_type": "nodes", "public_transport": "platform", "highway": "bus_stop", "bus": "yes", "shelter": "yes", "operator": null, "name": "Vannanthurai"}},{"type": "Feature", "geometry": {"type":"Point","coordinates":[80.2624567,12.9963185]}, "properties": {"osm_id": 313783576, "osm_type": "nodes", "public_transport": "platform", "highway": "bus_stop", "bus": "yes", "shelter": "yes", "operator": null, "name": "Vannanthurai"}},{"type": "Feature", "geometry": {"type":"Point","coordinates":[80.229819,12.9885153]}, "properties": {"osm_id": 330780587, "osm_type": "nodes", "public_transport": null, "highway": "bus_stop", "bus": "yes", "shelter": null, "operator": null, "name": null}},{"type": "Feature", "geometry": {"type":"Point","coordinates":[80.2353872,12.9865599]}, "properties": {"osm_id": 330780591, "osm_type": "nodes", "public_transport": null, "highway": "bus_stop", "bus": "yes", "shelter": null, "operator": null, "name": null}},{"type": "Feature", "geometry": {"type":"Point","coordinates":[80.2385165,12.9865619]}, "properties": {"osm_id": 330654132, "osm_type": "nodes", "public_transport": null, "highway": "bus_stop", "bus": "yes", "shelter": "yes", "operator": "IIT-M", "name": null}},{"type": "Feature", "geometry": {"type":"Point","coordinates":[80.2444706,12.9863612]}, "properties": {"osm_id": 1676204856, "osm_type": "nodes", "public_transport": "platform", "highway": "bus_stop", "bus": "yes", "shelter": null, "operator": null, "name": "Tech Park"}},{"type": "Feature", "geometry": {"type":"Point","coordinates":[80.2164321,12.9974859]}, "properties": {"osm_id": 5631301426, "osm_type": "nodes", "public_transport": "platform", "highway": "bus_stop", "bus": "yes", "shelter": "yes", "operator": "Metropoliton Transport Corporation (Chennai) Ltd.", "name": "Velachery Check Post"}},{"type": "Feature", "geometry": {"type":"Point","coordinates":[80.2166627,12.9973995]}, "properties": {"osm_id": 5631301425, "osm_type": "nodes", "public_transport": "platform", "highway": "bus_stop", "bus": "yes", "shelter": "yes", "operator": "Metropoliton Transport Corporation (Chennai) Ltd.", "name": "Velachery Check Post"}},{"type": "Feature", "geometry": {"type":"Point","coordinates":[80.2199873,12.9909681]}, "properties": {"osm_id": 313159416, "osm_type": "nodes", "public_transport": "platform", "highway": "bus_stop", "bus": "yes", "shelter": null, "operator": "MTC", "name": "Guru Nanak College"}},{"type": "Feature", "geometry": {"type":"Point","coordinates":[80.1953625,13.1780309]}, "properties": {"osm_id": 11953087605, "osm_type": "nodes", "public_transport": "platform", "highway": "bus_stop", "bus": "yes", "shelter": null, "operator": null, "name": "Sri Nallagu Polytechnic college"}},{"type": "Feature", "geometry": {"type":"Point","coordinates":[80.2503872,12.9861494]}, "properties": {"osm_id": 1676204841, "osm_type": "nodes", "public_transport": "platform", "highway": "bus_stop", "bus": "yes", "shelter": null, "operator": null, "name": "Spastic Society"}},{"type": "Feature", "geometry": {"type":"Point","coordinates":[80.2512974,12.9861355]}, "properties": {"osm_id": 5225963092, "osm_type": "nodes", "public_transport": "platform", "highway": "bus_stop", "bus": "yes", "shelter": null, "operator": null, "name": "SRP Tools Bus Stand"}},{"type": "Feature", "geometry": {"type":"Point","coordinates":[80.259745,12.9852935]}, "properties": {"osm_id": 5631301095, "osm_type": "nodes", "public_transport": "platform", "highway": "bus_stop", "bus": "yes", "shelter": "yes", "operator": null, "name": "Marudeeswarar Temple"}},{"type": "Feature", "geometry": {"type":"Point","coordinates":[80.2579993,12.9868818]}, "properties": {"osm_id": 3247299914, "osm_type": "nodes", "public_transport": "platform", "highway": "bus_stop", "bus": "yes", "shelter": "yes", "operator": "MTC", "name": "Thiruvanmiyur"}},{"type": "Feature", "geometry": {"type":"Point","coordinates":[80.2594187,12.9873013]}, "properties": {"osm_id": 246866326, "osm_type": "nodes", "public_transport": "stop_position", "highway": "bus_stop", "bus": "yes", "shelter": null, "operator": null, "name": "Thiruvanmiyur Moffusil bus stop"}},{"type": "Feature", "geometry": {"type":"Point","coordinates":[80.2593997,12.9872302]}, "properties": {"osm_id": 5631301107, "osm_type": "nodes", "public_transport": "platform", "highway": "bus_stop", "bus": "yes", "shelter": null, "operator": null, "name": "Thiruvanmiyur Moffusil bus stop"}},{"type": "Feature", "geometry": {"type":"Point","coordinates":[80.2553985,12.9874595]}, "properties": {"osm_id": 5486341834, "osm_type": "nodes", "public_transport": "platform", "highway": "bus_stop", "bus": "yes", "shelter": null, "operator": null, "name": "Jayanti"}},{"type": "Feature", "geometry": {"type":"Point","coordinates":[80.2560835,12.9889638]}, "properties": {"osm_id": 3217006341, "osm_type": "nodes", "public_transport": "platform", "highway": "bus_stop", "bus": "yes", "shelter": null, "operator": null, "name": "Jayanthi Theatre"}},{"type": "Feature", "geometry": {"type":"Point","coordinates":[80.2508691,12.9893849]}, "properties": {"osm_id": 1183430763, "osm_type": "nodes", "public_transport": "platform", "highway": "bus_stop", "bus": "yes", "shelter": null, "operator": "MTC", "name": "Tidel park"}},{"type": "Feature", "geometry": {"type":"Point","coordinates":[80.2559382,12.9988972]}, "properties": {"osm_id": 2587520213, "osm_type": "nodes", "public_transport": null, "highway": "bus_stop", "bus": "yes", "shelter": "yes", "operator": null, "name": "Adyar Depot"}},{"type": "Feature", "geometry": {"type":"Point","coordinates":[80.2561722,12.998741]}, "properties": {"osm_id": 3217004939, "osm_type": "nodes", "public_transport": "platform", "highway": "bus_stop", "bus": "yes", "shelter": null, "operator": null, "name": "Adyar Depot"}},{"type": "Feature", "geometry": {"type":"Point","coordinates":[80.1289666,12.9795623]}, "properties": {"osm_id": 9331603402, "osm_type": "nodes", "public_transport": "platform", "highway": "bus_stop", "bus": "yes", "shelter": null, "operator": null, "name": "Anakaputhur Ambedhkar Silai"}},{"type": "Feature", "geometry": {"type":"Point","coordinates":[79.5149934,13.1740729]}, "properties": {"osm_id": 7203597386, "osm_type": "nodes", "public_transport": "platform", "highway": "bus_stop", "bus": "yes", "shelter": null, "operator": null, "name": "K G Khandriga Bus Stop"}},{"type": "Feature", "geometry": {"type":"Point","coordinates":[79.3079001,13.1903258]}, "properties": {"osm_id": 11035179603, "osm_type": "nodes", "public_transport": "platform", "highway": "bus_stop", "bus": "yes", "shelter": null, "operator": null, "name": "Amudala  Bus Stop"}},{"type": "Feature", "geometry": {"type":"Point","coordinates":[79.2666205,13.1908425]}, "properties": {"osm_id": 11035214106, "osm_type": "nodes", "public_transport": "platform", "highway": "bus_stop", "bus": "yes", "shelter": null, "operator": null, "name": "Tugundram Bus Stop"}},{"type": "Feature", "geometry": {"type":"Point","coordinates":[79.3851012,13.1143171]}, "properties": {"osm_id": 11035214216, "osm_type": "nodes", "public_transport": "platform", "highway": "bus_stop", "bus": "yes", "shelter": null, "operator": null, "name": "Chinanagapudi"}},{"type": "Feature", "geometry": {"type":"Point","coordinates":[79.7735965,13.0138676]}, "properties": {"osm_id": 5227502189, "osm_type": "nodes", "public_transport": null, "highway": "bus_stop", "bus": null, "shelter": null, "operator": null, "name": "Kuppam"}},{"type": "Feature", "geometry": {"type":"Point","coordinates":[80.1430852,12.8897333]}, "properties": {"osm_id": 5258977225, "osm_type": "nodes", "public_transport": null, "highway": "bus_stop", "bus": null, "shelter": null, "operator": null, "name": "கஸ்பாபுரம்"}},{"type": "Feature", "geometry": {"type":"Point","coordinates":[80.1543394,12.8836322]}, "properties": {"osm_id": 5259088435, "osm_type": "nodes", "public_transport": "platform", "highway": "bus_stop", "bus": null, "shelter": "yes", "operator": null, "name": "அகரம்தென்"}},{"type": "Feature", "geometry": {"type":"Point","coordinates":[80.1420235,12.9022476]}, "properties": {"osm_id": 5259129622, "osm_type": "nodes", "public_transport": null, "highway": "bus_stop", "bus": "yes", "shelter": null, "operator": null, "name": null}},{"type": "Feature", "geometry": {"type":"Point","coordinates":[79.3179046,13.103986]}, "properties": {"osm_id": 11035214215, "osm_type": "nodes", "public_transport": "platform", "highway": "bus_stop", "bus": "yes", "shelter": null, "operator": null, "name": "Vediyangadu Bus Stop"}},{"type": "Feature", "geometry": {"type":"Point","coordinates":[79.3339515,12.9243707]}, "properties": {"osm_id": 10942485471, "osm_type": "nodes", "public_transport": "platform", "highway": "bus_stop", "bus": "yes", "shelter": null, "operator": null, "name": null}},{"type": "Feature", "geometry": {"type":"Point","coordinates":[79.3333881,12.9241264]}, "properties": {"osm_id": 10942485472, "osm_type": "nodes", "public_transport": "platform", "highway": "bus_stop", "bus": "yes", "shelter": null, "operator": null, "name": null}},{"type": "Feature", "geometry": {"type":"Point","coordinates":[80.025087,12.792982]}, "properties": {"osm_id": 12571705501, "osm_type": "nodes", "public_transport": "platform", "highway": "bus_stop", "bus": "yes", "shelter": null, "operator": null, "name": null}},{"type": "Feature", "geometry": {"type":"Point","coordinates":[80.0284339,12.7910416]}, "properties": {"osm_id": 12571691999, "osm_type": "nodes", "public_transport": "platform", "highway": "bus_stop", "bus": "yes", "shelter": null, "operator": null, "name": null}},{"type": "Feature", "geometry": {"type":"Point","coordinates":[80.010064,12.7767962]}, "properties": {"osm_id": 792499784, "osm_type": "nodes", "public_transport": "platform", "highway": "bus_stop", "bus": "yes", "shelter": "yes", "operator": null, "name": null}},{"type": "Feature", "geometry": {"type":"Point","coordinates":[80.0416894,12.8270288]}, "properties": {"osm_id": 415884492, "osm_type": "nodes", "public_transport": "platform", "highway": "bus_stop", "bus": "yes", "shelter": null, "operator": null, "name": "SRM University"}},{"type": "Feature", "geometry": {"type":"Point","coordinates":[80.0169545,12.7896377]}, "properties": {"osm_id": 792493820, "osm_type": "nodes", "public_transport": "platform", "highway": "bus_stop", "bus": "yes", "shelter": "yes", "operator": null, "name": null}},{"type": "Feature", "geometry": {"type":"Point","coordinates":[80.0471994,12.8231176]}, "properties": {"osm_id": 5831452926, "osm_type": "nodes", "public_transport": "platform", "highway": "bus_stop", "bus": "yes", "shelter": "no", "operator": "SRM", "name": "SRM Hospital Bus Stop"}},{"type": "Feature", "geometry": {"type":"Point","coordinates":[80.0384608,12.8220075]}, "properties": {"osm_id": 5831452935, "osm_type": "nodes", "public_transport": "platform", "highway": "bus_stop", "bus": "yes", "shelter": null, "operator": null, "name": "SRM Potheri Station Stop"}},{"type": "Feature", "geometry": {"type":"Point","coordinates":[80.1522879,12.5034395]}, "properties": {"osm_id": 3616510666, "osm_type": "nodes", "public_transport": "platform", "highway": "bus_stop", "bus": "yes", "shelter": null, "operator": null, "name": "Pudupattinam bus stand"}},{"type": "Feature", "geometry": {"type":"Polygon","coordinates":[[[80.2419223,13.0060353],[80.2419707,13.0060349],[80.2419721,13.0061792],[80.2419236,13.0061796],[80.2419223,13.0060353]]]}, "properties": {"osm_id": 1500746768, "osm_type": "ways_poly", "public_transport": "platform", "highway": null, "bus": "yes", "shelter": "yes", "operator": null, "name": null}},{"type": "Feature", "geometry": {"type":"Polygon","coordinates":[[[80.2050223,13.069237],[80.2053371,13.0690441],[80.2053512,13.0690658],[80.2050364,13.0692588],[80.2050223,13.069237]]]}, "properties": {"osm_id": 845261269, "osm_type": "ways_poly", "public_transport": "platform", "highway": null, "bus": "yes", "shelter": null, "operator": null, "name": null}},{"type": "Feature", "geometry": {"type":"Polygon","coordinates":[[[80.205401,13.0681772],[80.205422,13.0681772],[80.2054233,13.0685821],[80.2054022,13.0685821],[80.205401,13.0681772]]]}, "properties": {"osm_id": 845261279, "osm_type": "ways_poly", "public_transport": "platform", "highway": null, "bus": "yes", "shelter": null, "operator": null, "name": null}},{"type": "Feature", "geometry": {"type":"Polygon","coordinates":[[[80.2053125,13.0681029],[80.2053349,13.0681027],[80.2053414,13.0685771],[80.205319,13.0685774],[80.2053125,13.0681029]]]}, "properties": {"osm_id": 845261278, "osm_type": "ways_poly", "public_transport": "platform", "highway": null, "bus": "yes", "shelter": null, "operator": null, "name": null}},{"type": "Feature", "geometry": {"type":"Polygon","coordinates":[[[80.2376491,13.0407738],[80.2377405,13.0408048],[80.2376721,13.0408129],[80.237675,13.0408359],[80.2376491,13.0407738]]]}, "properties": {"osm_id": 1501132747, "osm_type": "ways_poly", "public_transport": "platform", "highway": "bus_stop", "bus": "yes", "shelter": "yes", "operator": null, "name": "T. Nagar"}},{"type": "Feature", "geometry": {"type":"Polygon","coordinates":[[[80.0794076,12.8732188],[80.0797464,12.8731056],[80.079771,12.8731756],[80.0794322,12.8732888],[80.0794076,12.8732188]]]}, "properties": {"osm_id": 1065815365, "osm_type": "ways_poly", "public_transport": null, "highway": "bus_stop", "bus": null, "shelter": null, "operator": null, "name": null}},{"type": "Feature", "geometry": {"type":"Polygon","coordinates":[[[80.0789732,12.8727399],[80.0790872,12.8726558],[80.079178,12.8725747],[80.0792812,12.8724565],[80.0793402,12.8725023],[80.0792436,12.8726108],[80.079143,12.8727101],[80.0790237,12.872803],[80.0789732,12.8727399]]]}, "properties": {"osm_id": 1065815370, "osm_type": "ways_poly", "public_transport": null, "highway": "bus_stop", "bus": null, "shelter": null, "operator": null, "name": null}},{"type": "Feature", "geometry": {"type":"Polygon","coordinates":[[[80.0788211,12.8739868],[80.0797183,12.8736625],[80.0797478,12.8737331],[80.0788506,12.8740587],[80.0788211,12.8739868]]]}, "properties": {"osm_id": 1065815372, "osm_type": "ways_poly", "public_transport": null, "highway": "bus_stop", "bus": null, "shelter": null, "operator": null, "name": null}},{"type": "Feature", "geometry": {"type":"Polygon","coordinates":[[[80.0787837,12.873889],[80.0796834,12.8735632],[80.0797062,12.8736299],[80.0788148,12.8739619],[80.0787837,12.873889]]]}, "properties": {"osm_id": 1065815373, "osm_type": "ways_poly", "public_transport": null, "highway": "bus_stop", "bus": null, "shelter": null, "operator": null, "name": null}},{"type": "Feature", "geometry": {"type":"Polygon","coordinates":[[[80.0783719,12.8731308],[80.0788599,12.8729752],[80.0788834,12.8730454],[80.0783954,12.8732009],[80.0783719,12.8731308]]]}, "properties": {"osm_id": 1065815360, "osm_type": "ways_poly", "public_transport": null, "highway": "bus_stop", "bus": null, "shelter": null, "operator": null, "name": null}},{"type": "Feature", "geometry": {"type":"Polygon","coordinates":[[[80.0793633,12.8731084],[80.079702,12.8729952],[80.0797266,12.8730652],[80.0793879,12.8731784],[80.0793633,12.8731084]]]}, "properties": {"osm_id": 1065815364, "osm_type": "ways_poly", "public_transport": null, "highway": "bus_stop", "bus": null, "shelter": null, "operator": null, "name": null}},{"type": "Feature", "geometry": {"type":"Polygon","coordinates":[[[80.0794497,12.8733269],[80.0797884,12.8732137],[80.079813,12.8732837],[80.0794743,12.8733969],[80.0794497,12.8733269]]]}, "properties": {"osm_id": 1065815366, "osm_type": "ways_poly", "public_transport": null, "highway": "bus_stop", "bus": null, "shelter": null, "operator": null, "name": null}},{"type": "Feature", "geometry": {"type":"Polygon","coordinates":[[[80.0792855,12.8728952],[80.0796242,12.8727821],[80.0796488,12.872852],[80.0793101,12.8729652],[80.0792855,12.8728952]]]}, "properties": {"osm_id": 1065815362, "osm_type": "ways_poly", "public_transport": null, "highway": "bus_stop", "bus": null, "shelter": null, "operator": null, "name": null}},{"type": "Feature", "geometry": {"type":"Polygon","coordinates":[[[80.0793236,12.8729991],[80.0796623,12.8728859],[80.0796869,12.8729559],[80.0793482,12.8730691],[80.0793236,12.8729991]]]}, "properties": {"osm_id": 1065815363, "osm_type": "ways_poly", "public_transport": null, "highway": "bus_stop", "bus": null, "shelter": null, "operator": null, "name": null}},{"type": "Feature", "geometry": {"type":"Polygon","coordinates":[[[80.2066283,12.9947234],[80.2067321,12.9946965],[80.2068108,12.9949848],[80.206707,12.9950117],[80.2066283,12.9947234]]]}, "properties": {"osm_id": 364335886, "osm_type": "ways_poly", "public_transport": "platform", "highway": null, "bus": "yes", "shelter": null, "operator": null, "name": null}},{"type": "Feature", "geometry": {"type":"Polygon","coordinates":[[[80.1913782,13.1505667],[80.1913896,13.1505484],[80.1914728,13.1506046],[80.1914567,13.1506248],[80.1913782,13.1505667]]]}, "properties": {"osm_id": 1308125577, "osm_type": "ways_poly", "public_transport": "platform", "highway": null, "bus": "yes", "shelter": null, "operator": null, "name": null}},{"type": "Feature", "geometry": {"type":"Polygon","coordinates":[[[80.2053947,13.0681673],[80.2054275,13.0681672],[80.2054289,13.0685859],[80.2053962,13.0685861],[80.2053947,13.0681673]]]}, "properties": {"osm_id": 845261281, "osm_type": "ways_poly", "public_transport": "platform", "highway": null, "bus": "yes", "shelter": null, "operator": null, "name": null}},{"type": "Feature", "geometry": {"type":"Polygon","coordinates":[[[80.2053074,13.0680936],[80.2053403,13.0680932],[80.2053471,13.0685798],[80.2053146,13.0685802],[80.2053074,13.0680936]]]}, "properties": {"osm_id": 845261282, "osm_type": "ways_poly", "public_transport": "platform", "highway": null, "bus": "yes", "shelter": null, "operator": null, "name": null}},{"type": "Feature", "geometry": {"type":"Polygon","coordinates":[[[80.2051362,13.0683148],[80.2051685,13.0683141],[80.2051779,13.0687176],[80.2051456,13.0687183],[80.2051362,13.0683148]]]}, "properties": {"osm_id": 845261280, "osm_type": "ways_poly", "public_transport": "platform", "highway": null, "bus": "yes", "shelter": null, "operator": null, "name": null}},{"type": "Feature", "geometry": {"type":"Polygon","coordinates":[[[80.2050608,13.0693208],[80.2053873,13.0691181],[80.2054074,13.0691488],[80.2050809,13.0693514],[80.2050608,13.0693208]]]}, "properties": {"osm_id": 845261274, "osm_type": "ways_poly", "public_transport": "platform", "highway": null, "bus": "yes", "shelter": null, "operator": null, "name": null}},{"type": "Feature", "geometry": {"type":"Polygon","coordinates":[[[80.2023459,13.1302557],[80.202356,13.1302531],[80.2023687,13.1303184],[80.2023566,13.1303197],[80.2023459,13.1302557]]]}, "properties": {"osm_id": 1289814511, "osm_type": "ways_poly", "public_transport": "platform", "highway": null, "bus": "yes", "shelter": null, "operator": "MTC", "name": "Teachers colony"}},{"type": "Feature", "geometry": {"type":"Polygon","coordinates":[[[80.2051438,13.0683235],[80.2051639,13.068323],[80.2051732,13.0687118],[80.2051532,13.0687123],[80.2051438,13.0683235]]]}, "properties": {"osm_id": 845261276, "osm_type": "ways_poly", "public_transport": "platform", "highway": null, "bus": "yes", "shelter": null, "operator": null, "name": null}},{"type": "Feature", "geometry": {"type":"Polygon","coordinates":[[[80.2051125,13.069397],[80.205439,13.0691943],[80.2054591,13.069225],[80.2051325,13.0694277],[80.2051125,13.069397]]]}, "properties": {"osm_id": 845261275, "osm_type": "ways_poly", "public_transport": "platform", "highway": null, "bus": "yes", "shelter": null, "operator": null, "name": null}},{"type": "Feature", "geometry": {"type":"Polygon","coordinates":[[[79.8772763,12.9147416],[79.8774004,12.9127113],[79.877673,12.9128184],[79.8775497,12.9147404],[79.8772763,12.9147416]]]}, "properties": {"osm_id": 879998973, "osm_type": "ways_poly", "public_transport": "platform", "highway": null, "bus": "yes", "shelter": null, "operator": null, "name": null}},{"type": "Feature", "geometry": {"type":"Polygon","coordinates":[[[79.9075076,13.1386259],[79.9075505,13.1384848],[79.9075908,13.1384979],[79.9075425,13.1386337],[79.9075076,13.1386259]]]}, "properties": {"osm_id": 1315459978, "osm_type": "ways_poly", "public_transport": "platform", "highway": null, "bus": "yes", "shelter": null, "operator": null, "name": null}},{"type": "Feature", "geometry": {"type":"Polygon","coordinates":[[[80.2052252,13.0681679],[80.2052581,13.0681675],[80.2052649,13.0686541],[80.2052324,13.0686545],[80.2052252,13.0681679]]]}, "properties": {"osm_id": 845261283, "osm_type": "ways_poly", "public_transport": "platform", "highway": null, "bus": "yes", "shelter": null, "operator": null, "name": null}},{"type": "Feature", "geometry": {"type":"Polygon","coordinates":[[[80.2049701,13.0691559],[80.2052849,13.068963],[80.205299,13.0689848],[80.2049842,13.0691777],[80.2049701,13.0691559]]]}, "properties": {"osm_id": 845261268, "osm_type": "ways_poly", "public_transport": "platform", "highway": null, "bus": "yes", "shelter": null, "operator": null, "name": null}},{"type": "Feature", "geometry": {"type":"Polygon","coordinates":[[[80.2050694,13.0693224],[80.2053842,13.0691295],[80.2053982,13.0691513],[80.2050834,13.0693442],[80.2050694,13.0693224]]]}, "properties": {"osm_id": 845261270, "osm_type": "ways_poly", "public_transport": "platform", "highway": null, "bus": "yes", "shelter": null, "operator": null, "name": null}},{"type": "Feature", "geometry": {"type":"Polygon","coordinates":[[[80.2049598,13.0691574],[80.2052863,13.0689547],[80.2053064,13.0689855],[80.2049798,13.0691881],[80.2049598,13.0691574]]]}, "properties": {"osm_id": 845261272, "osm_type": "ways_poly", "public_transport": "platform", "highway": null, "bus": "yes", "shelter": null, "operator": null, "name": null}},{"type": "Feature", "geometry": {"type":"Polygon","coordinates":[[[80.0784101,12.8732376],[80.078898,12.8730821],[80.0789215,12.8731523],[80.0784336,12.8733077],[80.0784101,12.8732376]]]}, "properties": {"osm_id": 1065815361, "osm_type": "ways_poly", "public_transport": null, "highway": "bus_stop", "bus": null, "shelter": null, "operator": null, "name": null}},{"type": "Feature", "geometry": {"type":"Polygon","coordinates":[[[80.2051207,13.0693975],[80.2054355,13.0692045],[80.2054496,13.0692263],[80.2051348,13.0694193],[80.2051207,13.0693975]]]}, "properties": {"osm_id": 845261271, "osm_type": "ways_poly", "public_transport": "platform", "highway": null, "bus": "yes", "shelter": null, "operator": null, "name": null}},{"type": "Feature", "geometry": {"type":"Polygon","coordinates":[[[80.2052311,13.0681717],[80.2052536,13.0681715],[80.2052601,13.0686459],[80.2052377,13.0686462],[80.2052311,13.0681717]]]}, "properties": {"osm_id": 845261277, "osm_type": "ways_poly", "public_transport": "platform", "highway": null, "bus": "yes", "shelter": null, "operator": null, "name": null}},{"type": "Feature", "geometry": {"type":"Polygon","coordinates":[[[80.2050122,13.0692385],[80.2053387,13.0690358],[80.2053588,13.0690665],[80.2050323,13.0692691],[80.2050122,13.0692385]]]}, "properties": {"osm_id": 845261273, "osm_type": "ways_poly", "public_transport": "platform", "highway": null, "bus": "yes", "shelter": null, "operator": null, "name": null}},{"type": "Feature", "geometry": {"type":"Polygon","coordinates":[[[80.0781536,12.8729303],[80.0787753,12.8727219],[80.0788464,12.8726863],[80.0789582,12.8726149],[80.0790314,12.8725495],[80.0791635,12.8724108],[80.0792245,12.8724544],[80.0790924,12.8725931],[80.0790131,12.8726605],[80.0788932,12.8727418],[80.0788119,12.8727854],[80.0781739,12.8729957],[80.0781536,12.8729303]]]}, "properties": {"osm_id": 17477947, "osm_type": "relations", "public_transport": null, "highway": "bus_stop", "bus": null, "shelter": null, "operator": null, "name": null}}]}