{
  "type": "FeatureCollection",
  "features": [
    {
      "type": "Feature",
      "properties": {
        "type": "stop",
        "index": 0,
        "label": "Stop 0"
      },
      "geometry": {
        "type": "Point",
        "coordinates": [
          80.280595703,
          13.04942918
        ]
      }
    },
    {
      "type": "Feature",
      "properties": {
        "type": "stop",
        "index": 1,
        "label": "Stop 1"
      },
      "geometry": {
        "type": "Point",
        "coordinates": [
          80.273866989,
          13.043454049
        ]
      }
    },
    {
      "type": "Feature",
      "properties": {
        "type": "stop",
        "index": 2,
        "label": "Stop 2"
      },
      "geometry": {
        "type": "Point",
        "coordinates": [
          80.262976373,
          13.044701772
        ]
      }
    },
    {
      "type": "Feature",
      "properties": {
        "type": "stop",
        "index": 3,
        "label": "Stop 3"
      },
      "geometry": {
        "type": "Point",
        "coordinates": [
          80.246989216,
          13.039176078
        ]
      }
    },
    {
      "type": "Feature",
      "properties": {
        "type": "stop",
        "index": 4,
        "label": "Stop 4"
      },
      "geometry": {
        "type": "Point",
        "coordinates": [
          80.226752706,
          13.041784193
        ]
      }
    },
    {
      "type": "Feature",
      "properties": {
        "type": "stop",
        "index": 5,
        "label": "Stop 5"
      },
      "geometry": {
        "type": "Point",
        "coordinates": [
          80.216281185,
          13.036241322
        ]
      }
    },
    {
      "type": "Feature",
      "properties": {
        "type": "stop",
        "index": 6,
        "label": "Stop 6"
      },
      "geometry": {
        "type": "Point",
        "coordinates": [
          80.201362011,
          13.036345035
        ]
      }
    },
    {
      "type": "Feature",
      "properties": {
        "type": "stop",
        "index": 7,
        "label": "Stop 7"
      },
      "geometry": {
        "type": "Point",
        "coordinates": [
          80.192757412,
          13.037894234
        ]
      }
    },
    {
      "type": "Feature",
      "properties": {
        "type": "stop",
        "index": 8,
        "label": "Stop 8"
      },
      "geometry": {
        "type": "Point",
        "coordinates": [
          80.181671693,
          13.031748652
        ]
      }
    },
    {
      "type": "Feature",
      "properties": {
        "type": "stop",
        "index": 9,
        "label": "Stop 9"
      },
      "geometry": {
        "type": "Point",
        "coordinates": [
          80.16392334,
          13.032094681
        ]
      }
    },
    {
      "type": "Feature",
      "properties": {
        "type": "stop",
        "index": 10,
        "label": "Stop 10"
      },
      "geometry": {
        "type": "Point",
        "coordinates": [
          80.151785099,
          13.028914427
        ]
      }
    },
    {
      "type": "Feature",
      "properties": {
        "type": "stop",
        "index": 11,
        "label": "Stop 11"
      },
      "geometry": {
        "type": "Point",
        "coordinates": [
          80.118417376,
          13.023124297
        ]
      }
    },
    {
      "type": "Feature",
      "properties": {
        "type": "astar_leg",
        "leg_index": 0,
        "from_stop": 0,
        "to_stop": 1,
        "nodes": 62,
        "path_m": 1886,
        "straight_m": 986,
        "ratio": 1.91,
        "stroke": "#00ff00",
        "stroke-width": 3
      },
      "geometry": {
        "type": "LineString",
        "coordinates": [
          [
            80.28067,
            13.04993
          ],
          [
            80.28068,
            13.05005
          ],
          [
            80.28053,
            13.05017
          ],
          [
            80.28025,
            13.05032
          ],
          [
            80.28012,
            13.05039
          ],
          [
            80.27984,
            13.05054
          ],
          [
            80.2797,
            13.05056
          ],
          [
            80.27963,
            13.05059
          ],
          [
            80.27941,
            13.05067
          ],
          [
            80.27918,
            13.05078
          ],
          [
            80.27914,
            13.0508
          ],
          [
            80.27909,
            13.05082
          ],
          [
            80.27881,
            13.05094
          ],
          [
            80.27868,
            13.05099
          ],
          [
            80.27861,
            13.05101
          ],
          [
            80.27837,
            13.05111
          ],
          [
            80.2774,
            13.05148
          ],
          [
            80.27705,
            13.05161
          ],
          [
            80.2765,
            13.05178
          ],
          [
            80.27627,
            13.05188
          ],
          [
            80.2762,
            13.05191
          ],
          [
            80.27615,
            13.05193
          ],
          [
            80.27571,
            13.0521
          ],
          [
            80.27567,
            13.05211
          ],
          [
            80.2754,
            13.05223
          ],
          [
            80.27509,
            13.05234
          ],
          [
            80.27493,
            13.05239
          ],
          [
            80.27375,
            13.05277
          ],
          [
            80.27393,
            13.0523
          ],
          [
            80.27395,
            13.05223
          ],
          [
            80.27405,
            13.05184
          ],
          [
            80.27406,
            13.05179
          ],
          [
            80.27417,
            13.05135
          ],
          [
            80.27421,
            13.05111
          ],
          [
            80.27427,
            13.05084
          ],
          [
            80.27429,
            13.05068
          ],
          [
            80.27437,
            13.05029
          ],
          [
            80.2744,
            13.05
          ],
          [
            80.27445,
            13.0495
          ],
          [
            80.27447,
            13.04939
          ],
          [
            80.27452,
            13.04919
          ],
          [
            80.2746,
            13.04899
          ],
          [
            80.27461,
            13.04891
          ],
          [
            80.2746,
            13.04862
          ],
          [
            80.2746,
            13.0484
          ],
          [
            80.27459,
            13.0482
          ],
          [
            80.27458,
            13.04798
          ],
          [
            80.27457,
            13.04762
          ],
          [
            80.27456,
            13.04733
          ],
          [
            80.27458,
            13.0471
          ],
          [
            80.27458,
            13.04694
          ],
          [
            80.27453,
            13.04666
          ],
          [
            80.27452,
            13.04647
          ],
          [
            80.27446,
            13.04617
          ],
          [
            80.27439,
            13.04575
          ],
          [
            80.27437,
            13.04564
          ],
          [
            80.27436,
            13.04508
          ],
          [
            80.27434,
            13.04489
          ],
          [
            80.27433,
            13.04474
          ],
          [
            80.27427,
            13.04407
          ],
          [
            80.27432,
            13.04343
          ],
          [
            80.27433,
            13.04336
          ]
        ]
      }
    },
    {
      "type": "Feature",
      "properties": {
        "type": "astar_leg",
        "leg_index": 1,
        "from_stop": 1,
        "to_stop": 2,
        "nodes": 24,
        "path_m": 1169,
        "straight_m": 1188,
        "ratio": 0.98,
        "stroke": "#00ff00",
        "stroke-width": 3
      },
      "geometry": {
        "type": "LineString",
        "coordinates": [
          [
            80.27369,
            13.04349
          ],
          [
            80.27319,
            13.04359
          ],
          [
            80.27219,
            13.04378
          ],
          [
            80.27189,
            13.04384
          ],
          [
            80.27154,
            13.04391
          ],
          [
            80.27133,
            13.04396
          ],
          [
            80.271,
            13.04403
          ],
          [
            80.27073,
            13.04409
          ],
          [
            80.27055,
            13.04413
          ],
          [
            80.27039,
            13.04417
          ],
          [
            80.27011,
            13.04423
          ],
          [
            80.26983,
            13.04429
          ],
          [
            80.26926,
            13.04441
          ],
          [
            80.26888,
            13.04447
          ],
          [
            80.26855,
            13.04451
          ],
          [
            80.26836,
            13.04451
          ],
          [
            80.26696,
            13.04456
          ],
          [
            80.26688,
            13.04456
          ],
          [
            80.26679,
            13.04456
          ],
          [
            80.26537,
            13.04457
          ],
          [
            80.26477,
            13.04457
          ],
          [
            80.26356,
            13.04457
          ],
          [
            80.26324,
            13.04464
          ],
          [
            80.26302,
            13.04469
          ]
        ]
      }
    },
    {
      "type": "Feature",
      "properties": {
        "type": "astar_leg",
        "leg_index": 2,
        "from_stop": 2,
        "to_stop": 3,
        "nodes": 56,
        "path_m": 2267,
        "straight_m": 1838,
        "ratio": 1.23,
        "stroke": "#00ff00",
        "stroke-width": 3
      },
      "geometry": {
        "type": "LineString",
        "coordinates": [
          [
            80.26239,
            13.04486
          ],
          [
            80.26232,
            13.04483
          ],
          [
            80.26159,
            13.04498
          ],
          [
            80.26079,
            13.04516
          ],
          [
            80.26057,
            13.04521
          ],
          [
            80.26016,
            13.0453
          ],
          [
            80.25986,
            13.04532
          ],
          [
            80.25986,
            13.04518
          ],
          [
            80.25984,
            13.04484
          ],
          [
            80.25976,
            13.04429
          ],
          [
            80.25965,
            13.0435
          ],
          [
            80.25958,
            13.04319
          ],
          [
            80.25957,
            13.04315
          ],
          [
            80.25955,
            13.04302
          ],
          [
            80.2595,
            13.04282
          ],
          [
            80.25945,
            13.04259
          ],
          [
            80.2594,
            13.04246
          ],
          [
            80.25912,
            13.04197
          ],
          [
            80.25894,
            13.04165
          ],
          [
            80.25845,
            13.04087
          ],
          [
            80.25836,
            13.0407
          ],
          [
            80.25831,
            13.04061
          ],
          [
            80.25804,
            13.04008
          ],
          [
            80.2577,
            13.0395
          ],
          [
            80.25728,
            13.03889
          ],
          [
            80.25723,
            13.03882
          ],
          [
            80.25677,
            13.03816
          ],
          [
            80.25673,
            13.03809
          ],
          [
            80.25673,
            13.03806
          ],
          [
            80.25664,
            13.03807
          ],
          [
            80.2565,
            13.03807
          ],
          [
            80.25615,
            13.0381
          ],
          [
            80.25549,
            13.0382
          ],
          [
            80.25501,
            13.03827
          ],
          [
            80.25477,
            13.03831
          ],
          [
            80.25419,
            13.03839
          ],
          [
            80.25391,
            13.03843
          ],
          [
            80.25366,
            13.03847
          ],
          [
            80.25346,
            13.0385
          ],
          [
            80.25283,
            13.03858
          ],
          [
            80.25237,
            13.03865
          ],
          [
            80.25172,
            13.03875
          ],
          [
            80.25157,
            13.03877
          ],
          [
            80.25137,
            13.03879
          ],
          [
            80.25064,
            13.03889
          ],
          [
            80.25028,
            13.03896
          ],
          [
            80.24993,
            13.03902
          ],
          [
            80.24962,
            13.03905
          ],
          [
            80.2494,
            13.03908
          ],
          [
            80.24909,
            13.03912
          ],
          [
            80.24837,
            13.03922
          ],
          [
            80.24772,
            13.03932
          ],
          [
            80.2476,
            13.03935
          ],
          [
            80.24751,
            13.03938
          ],
          [
            80.24705,
            13.03947
          ],
          [
            80.24699,
            13.03918
          ]
        ]
      }
    },
    {
      "type": "Feature",
      "properties": {
        "type": "astar_leg",
        "leg_index": 3,
        "from_stop": 3,
        "to_stop": 4,
        "nodes": 91,
        "path_m": 3155,
        "straight_m": 2211,
        "ratio": 1.43,
        "stroke": "#00ff00",
        "stroke-width": 3
      },
      "geometry": {
        "type": "LineString",
        "coordinates": [
          [
            80.24697,
            13.03908
          ],
          [
            80.24682,
            13.03913
          ],
          [
            80.24663,
            13.03919
          ],
          [
            80.24654,
            13.03922
          ],
          [
            80.24627,
            13.03931
          ],
          [
            80.24595,
            13.03941
          ],
          [
            80.24593,
            13.03941
          ],
          [
            80.24572,
            13.03947
          ],
          [
            80.24519,
            13.03962
          ],
          [
            80.24453,
            13.03979
          ],
          [
            80.24433,
            13.03984
          ],
          [
            80.24393,
            13.03994
          ],
          [
            80.24392,
            13.03993
          ],
          [
            80.2439,
            13.03993
          ],
          [
            80.24389,
            13.03993
          ],
          [
            80.24385,
            13.03994
          ],
          [
            80.24384,
            13.03995
          ],
          [
            80.24383,
            13.03996
          ],
          [
            80.24263,
            13.04008
          ],
          [
            80.24082,
            13.04031
          ],
          [
            80.2405,
            13.04034
          ],
          [
            80.24038,
            13.04035
          ],
          [
            80.24029,
            13.0404
          ],
          [
            80.23995,
            13.04043
          ],
          [
            80.23994,
            13.04037
          ],
          [
            80.23988,
            13.03987
          ],
          [
            80.23978,
            13.03909
          ],
          [
            80.23975,
            13.03873
          ],
          [
            80.23969,
            13.03834
          ],
          [
            80.23967,
            13.03815
          ],
          [
            80.2396,
            13.03761
          ],
          [
            80.23955,
            13.03718
          ],
          [
            80.23951,
            13.03684
          ],
          [
            80.23945,
            13.03634
          ],
          [
            80.2394,
            13.03605
          ],
          [
            80.23934,
            13.03545
          ],
          [
            80.23932,
            13.03536
          ],
          [
            80.23928,
            13.03536
          ],
          [
            80.23922,
            13.03536
          ],
          [
            80.23915,
            13.03534
          ],
          [
            80.23861,
            13.03503
          ],
          [
            80.23819,
            13.03477
          ],
          [
            80.23777,
            13.0345
          ],
          [
            80.23769,
            13.03445
          ],
          [
            80.23759,
            13.03438
          ],
          [
            80.23756,
            13.03443
          ],
          [
            80.23719,
            13.03499
          ],
          [
            80.23696,
            13.03534
          ],
          [
            80.23637,
            13.03627
          ],
          [
            80.23607,
            13.03676
          ],
          [
            80.23547,
            13.03768
          ],
          [
            80.23484,
            13.03869
          ],
          [
            80.23468,
            13.03893
          ],
          [
            80.23466,
            13.039
          ],
          [
            80.23462,
            13.03906
          ],
          [
            80.23459,
            13.0391
          ],
          [
            80.23453,
            13.03918
          ],
          [
            80.23378,
            13.04043
          ],
          [
            80.23371,
            13.04052
          ],
          [
            80.23367,
            13.04057
          ],
          [
            80.23343,
            13.04061
          ],
          [
            80.23337,
            13.04062
          ],
          [
            80.23289,
            13.04072
          ],
          [
            80.23257,
            13.0408
          ],
          [
            80.23252,
            13.0408
          ],
          [
            80.23247,
            13.04081
          ],
          [
            80.23218,
            13.04088
          ],
          [
            80.23214,
            13.04088
          ],
          [
            80.23209,
            13.04086
          ],
          [
            80.23207,
            13.04083
          ],
          [
            80.23193,
            13.04053
          ],
          [
            80.23189,
            13.04054
          ],
          [
            80.23186,
            13.04054
          ],
          [
            80.23174,
            13.04057
          ],
          [
            80.23131,
            13.04067
          ],
          [
            80.23113,
            13.04071
          ],
          [
            80.23111,
            13.04072
          ],
          [
            80.23104,
            13.04074
          ],
          [
            80.23087,
            13.04077
          ],
          [
            80.23038,
            13.04087
          ],
          [
            80.2303,
            13.04088
          ],
          [
            80.23024,
            13.04093
          ],
          [
            80.23003,
            13.04097
          ],
          [
            80.22993,
            13.04099
          ],
          [
            80.22893,
            13.04121
          ],
          [
            80.22889,
            13.04122
          ],
          [
            80.22851,
            13.0413
          ],
          [
            80.22737,
            13.0416
          ],
          [
            80.22727,
            13.04162
          ],
          [
            80.22713,
            13.04167
          ],
          [
            80.2269,
            13.04175
          ]
        ]
      }
    },
    {
      "type": "Feature",
      "properties": {
        "type": "astar_leg",
        "leg_index": 4,
        "from_stop": 4,
        "to_stop": 5,
        "nodes": 26,
        "path_m": 1876,
        "straight_m": 1291,
        "ratio": 1.45,
        "stroke": "#00ff00",
        "stroke-width": 3
      },
      "geometry": {
        "type": "LineString",
        "coordinates": [
          [
            80.22634,
            13.04188
          ],
          [
            80.22563,
            13.04203
          ],
          [
            80.22495,
            13.0422
          ],
          [
            80.22475,
            13.04148
          ],
          [
            80.22398,
            13.04165
          ],
          [
            80.22191,
            13.04234
          ],
          [
            80.22181,
            13.04193
          ],
          [
            80.22177,
            13.04176
          ],
          [
            80.22162,
            13.04105
          ],
          [
            80.22148,
            13.04036
          ],
          [
            80.22133,
            13.03968
          ],
          [
            80.22132,
            13.03961
          ],
          [
            80.22121,
            13.0391
          ],
          [
            80.22117,
            13.03889
          ],
          [
            80.2211,
            13.03854
          ],
          [
            80.22104,
            13.03829
          ],
          [
            80.22098,
            13.03801
          ],
          [
            80.22089,
            13.03756
          ],
          [
            80.22086,
            13.0374
          ],
          [
            80.22076,
            13.03693
          ],
          [
            80.22064,
            13.03638
          ],
          [
            80.22054,
            13.0359
          ],
          [
            80.22035,
            13.0359
          ],
          [
            80.21886,
            13.03599
          ],
          [
            80.21716,
            13.03616
          ],
          [
            80.21628,
            13.03622
          ]
        ]
      }
    },
    {
      "type": "Feature",
      "properties": {
        "type": "astar_leg",
        "leg_index": 5,
        "from_stop": 5,
        "to_stop": 6,
        "nodes": 67,
        "path_m": 2540,
        "straight_m": 1616,
        "ratio": 1.57,
        "stroke": "#00ff00",
        "stroke-width": 3
      },
      "geometry": {
        "type": "LineString",
        "coordinates": [
          [
            80.21628,
            13.03622
          ],
          [
            80.21626,
            13.03588
          ],
          [
            80.21623,
            13.03554
          ],
          [
            80.21622,
            13.0354
          ],
          [
            80.21621,
            13.03527
          ],
          [
            80.21619,
            13.03514
          ],
          [
            80.21618,
            13.03489
          ],
          [
            80.21613,
            13.03429
          ],
          [
            80.21552,
            13.03437
          ],
          [
            80.21539,
            13.03438
          ],
          [
            80.21527,
            13.0344
          ],
          [
            80.21517,
            13.03441
          ],
          [
            80.21503,
            13.03443
          ],
          [
            80.21498,
            13.03444
          ],
          [
            80.21482,
            13.03446
          ],
          [
            80.21422,
            13.03454
          ],
          [
            80.21338,
            13.03468
          ],
          [
            80.21337,
            13.03468
          ],
          [
            80.21263,
            13.03479
          ],
          [
            80.21252,
            13.03478
          ],
          [
            80.21223,
            13.03481
          ],
          [
            80.21218,
            13.03446
          ],
          [
            80.21215,
            13.0343
          ],
          [
            80.21211,
            13.03415
          ],
          [
            80.21205,
            13.03404
          ],
          [
            80.21203,
            13.0339
          ],
          [
            80.21196,
            13.03351
          ],
          [
            80.2119,
            13.03312
          ],
          [
            80.21185,
            13.03305
          ],
          [
            80.21177,
            13.03263
          ],
          [
            80.21168,
            13.03204
          ],
          [
            80.21121,
            13.03209
          ],
          [
            80.21073,
            13.03214
          ],
          [
            80.20976,
            13.03233
          ],
          [
            80.2099,
            13.03335
          ],
          [
            80.20985,
            13.03384
          ],
          [
            80.20991,
            13.03414
          ],
          [
            80.20997,
            13.03439
          ],
          [
            80.20991,
            13.03448
          ],
          [
            80.20997,
            13.03494
          ],
          [
            80.20995,
            13.03499
          ],
          [
            80.20993,
            13.03503
          ],
          [
            80.2099,
            13.03506
          ],
          [
            80.20984,
            13.0351
          ],
          [
            80.20959,
            13.03513
          ],
          [
            80.20918,
            13.03519
          ],
          [
            80.20856,
            13.03529
          ],
          [
            80.20816,
            13.03535
          ],
          [
            80.20803,
            13.03537
          ],
          [
            80.20709,
            13.03551
          ],
          [
            80.20698,
            13.03552
          ],
          [
            80.20686,
            13.03554
          ],
          [
            80.20614,
            13.03565
          ],
          [
            80.20604,
            13.03566
          ],
          [
            80.20575,
            13.0357
          ],
          [
            80.20527,
            13.03577
          ],
          [
            80.20509,
            13.0358
          ],
          [
            80.20442,
            13.03589
          ],
          [
            80.20435,
            13.0359
          ],
          [
            80.20412,
            13.03594
          ],
          [
            80.20403,
            13.03595
          ],
          [
            80.20391,
            13.03596
          ],
          [
            80.20372,
            13.03599
          ],
          [
            80.20342,
            13.03604
          ],
          [
            80.20278,
            13.03613
          ],
          [
            80.20255,
            13.03616
          ],
          [
            80.2014,
            13.03634
          ]
        ]
      }
    },
    {
      "type": "Feature",
      "properties": {
        "type": "astar_leg",
        "leg_index": 6,
        "from_stop": 6,
        "to_stop": 7,
        "nodes": 21,
        "path_m": 874,
        "straight_m": 948,
        "ratio": 0.92,
        "stroke": "#00ff00",
        "stroke-width": 3
      },
      "geometry": {
        "type": "LineString",
        "coordinates": [
          [
            80.20057,
            13.03645
          ],
          [
            80.19988,
            13.03655
          ],
          [
            80.1995,
            13.0366
          ],
          [
            80.19916,
            13.03665
          ],
          [
            80.19889,
            13.03669
          ],
          [
            80.19878,
            13.03671
          ],
          [
            80.19857,
            13.03674
          ],
          [
            80.19834,
            13.03677
          ],
          [
            80.19813,
            13.0368
          ],
          [
            80.19789,
            13.03684
          ],
          [
            80.19768,
            13.03687
          ],
          [
            80.19738,
            13.03691
          ],
          [
            80.1971,
            13.03695
          ],
          [
            80.19685,
            13.03699
          ],
          [
            80.19652,
            13.03703
          ],
          [
            80.19619,
            13.03708
          ],
          [
            80.19303,
            13.03757
          ],
          [
            80.1929,
            13.03763
          ],
          [
            80.19284,
            13.03769
          ],
          [
            80.19282,
            13.03772
          ],
          [
            80.19276,
            13.03788
          ]
        ]
      }
    },
    {
      "type": "Feature",
      "properties": {
        "type": "astar_leg",
        "leg_index": 7,
        "from_stop": 7,
        "to_stop": 8,
        "nodes": 97,
        "path_m": 3830,
        "straight_m": 1382,
        "ratio": 2.77,
        "stroke": "#00ff00",
        "stroke-width": 3
      },
      "geometry": {
        "type": "LineString",
        "coordinates": [
          [
            80.19274,
            13.03799
          ],
          [
            80.19276,
            13.03821
          ],
          [
            80.19281,
            13.0383
          ],
          [
            80.19304,
            13.03983
          ],
          [
            80.19316,
            13.04035
          ],
          [
            80.19335,
            13.04148
          ],
          [
            80.19336,
            13.04155
          ],
          [
            80.1934,
            13.04184
          ],
          [
            80.19352,
            13.04274
          ],
          [
            80.19354,
            13.04295
          ],
          [
            80.19366,
            13.0436
          ],
          [
            80.19368,
            13.04371
          ],
          [
            80.19372,
            13.044
          ],
          [
            80.19375,
            13.04415
          ],
          [
            80.19376,
            13.0444
          ],
          [
            80.19358,
            13.04443
          ],
          [
            80.19307,
            13.0445
          ],
          [
            80.19299,
            13.04455
          ],
          [
            80.19292,
            13.0446
          ],
          [
            80.19289,
            13.04466
          ],
          [
            80.19288,
            13.04472
          ],
          [
            80.19288,
            13.04478
          ],
          [
            80.19286,
            13.04513
          ],
          [
            80.19285,
            13.04521
          ],
          [
            80.19282,
            13.04561
          ],
          [
            80.19282,
            13.04568
          ],
          [
            80.19271,
            13.04597
          ],
          [
            80.19266,
            13.04614
          ],
          [
            80.19261,
            13.0466
          ],
          [
            80.19223,
            13.04659
          ],
          [
            80.19169,
            13.04656
          ],
          [
            80.19124,
            13.04653
          ],
          [
            80.19089,
            13.0465
          ],
          [
            80.19069,
            13.0465
          ],
          [
            80.19058,
            13.0465
          ],
          [
            80.19036,
            13.04651
          ],
          [
            80.18984,
            13.04647
          ],
          [
            80.1897,
            13.04648
          ],
          [
            80.18936,
            13.04644
          ],
          [
            80.18895,
            13.04635
          ],
          [
            80.18856,
            13.04621
          ],
          [
            80.18833,
            13.04612
          ],
          [
            80.18827,
            13.0461
          ],
          [
            80.18786,
            13.04595
          ],
          [
            80.18771,
            13.0459
          ],
          [
            80.1875,
            13.04583
          ],
          [
            80.18747,
            13.04582
          ],
          [
            80.18729,
            13.04576
          ],
          [
            80.18717,
            13.04569
          ],
          [
            80.18696,
            13.04556
          ],
          [
            80.18689,
            13.0455
          ],
          [
            80.18681,
            13.04544
          ],
          [
            80.18617,
            13.04495
          ],
          [
            80.186,
            13.04485
          ],
          [
            80.18602,
            13.04475
          ],
          [
            80.18613,
            13.04418
          ],
          [
            80.18624,
            13.04339
          ],
          [
            80.1863,
            13.043
          ],
          [
            80.18635,
            13.04256
          ],
          [
            80.18642,
            13.04213
          ],
          [
            80.18647,
            13.04171
          ],
          [
            80.18652,
            13.04133
          ],
          [
            80.18659,
            13.04077
          ],
          [
            80.18662,
            13.04038
          ],
          [
            80.18662,
            13.04035
          ],
          [
            80.18662,
            13.04033
          ],
          [
            80.1866,
            13.04032
          ],
          [
            80.18656,
            13.0403
          ],
          [
            80.18646,
            13.0403
          ],
          [
            80.18594,
            13.04026
          ],
          [
            80.18599,
            13.03961
          ],
          [
            80.18604,
            13.03908
          ],
          [
            80.1855,
            13.03901
          ],
          [
            80.18521,
            13.03898
          ],
          [
            80.18406,
            13.03891
          ],
          [
            80.18399,
            13.03814
          ],
          [
            80.18397,
            13.03791
          ],
          [
            80.18395,
            13.0376
          ],
          [
            80.18395,
            13.03748
          ],
          [
            80.18392,
            13.03721
          ],
          [
            80.18391,
            13.03708
          ],
          [
            80.1839,
            13.03691
          ],
          [
            80.18389,
            13.03653
          ],
          [
            80.18386,
            13.03619
          ],
          [
            80.18385,
            13.03577
          ],
          [
            80.18385,
            13.0357
          ],
          [
            80.18384,
            13.03538
          ],
          [
            80.1838,
            13.03405
          ],
          [
            80.1838,
            13.03347
          ],
          [
            80.1838,
            13.03233
          ],
          [
            80.18382,
            13.03177
          ],
          [
            80.18349,
            13.03177
          ],
          [
            80.18283,
            13.03175
          ],
          [
            80.18248,
            13.03176
          ],
          [
            80.1824,
            13.03176
          ],
          [
            80.18192,
            13.03176
          ],
          [
            80.1817,
            13.03175
          ]
        ]
      }
    },
    {
      "type": "Feature",
      "properties": {
        "type": "astar_leg",
        "leg_index": 8,
        "from_stop": 8,
        "to_stop": 9,
        "nodes": 135,
        "path_m": 5753,
        "straight_m": 1923,
        "ratio": 2.99,
        "stroke": "#00ff00",
        "stroke-width": 3
      },
      "geometry": {
        "type": "LineString",
        "coordinates": [
          [
            80.1817,
            13.03175
          ],
          [
            80.18192,
            13.03176
          ],
          [
            80.1824,
            13.03176
          ],
          [
            80.18248,
            13.03176
          ],
          [
            80.18283,
            13.03175
          ],
          [
            80.18349,
            13.03177
          ],
          [
            80.18382,
            13.03177
          ],
          [
            80.18378,
            13.03105
          ],
          [
            80.18377,
            13.0309
          ],
          [
            80.18377,
            13.03089
          ],
          [
            80.18377,
            13.03077
          ],
          [
            80.18377,
            13.03073
          ],
          [
            80.18377,
            13.03069
          ],
          [
            80.18363,
            13.02973
          ],
          [
            80.18354,
            13.02885
          ],
          [
            80.18353,
            13.02881
          ],
          [
            80.18352,
            13.02871
          ],
          [
            80.1835,
            13.02856
          ],
          [
            80.18344,
            13.02836
          ],
          [
            80.18336,
            13.02801
          ],
          [
            80.1833,
            13.02755
          ],
          [
            80.18328,
            13.02742
          ],
          [
            80.18323,
            13.02705
          ],
          [
            80.18317,
            13.02663
          ],
          [
            80.18311,
            13.02615
          ],
          [
            80.1831,
            13.02602
          ],
          [
            80.18311,
            13.02556
          ],
          [
            80.18311,
            13.02546
          ],
          [
            80.18309,
            13.02529
          ],
          [
            80.18309,
            13.02493
          ],
          [
            80.18309,
            13.02474
          ],
          [
            80.18309,
            13.02451
          ],
          [
            80.18308,
            13.02413
          ],
          [
            80.1831,
            13.02411
          ],
          [
            80.1832,
            13.024
          ],
          [
            80.18331,
            13.02394
          ],
          [
            80.18349,
            13.02389
          ],
          [
            80.18361,
            13.02386
          ],
          [
            80.18399,
            13.02378
          ],
          [
            80.18403,
            13.02377
          ],
          [
            80.18405,
            13.02375
          ],
          [
            80.18406,
            13.02371
          ],
          [
            80.18379,
            13.02283
          ],
          [
            80.18368,
            13.0224
          ],
          [
            80.18345,
            13.02169
          ],
          [
            80.18342,
            13.02158
          ],
          [
            80.18342,
            13.02151
          ],
          [
            80.18335,
            13.0213
          ],
          [
            80.18328,
            13.02117
          ],
          [
            80.18323,
            13.02119
          ],
          [
            80.18319,
            13.02122
          ],
          [
            80.18278,
            13.02145
          ],
          [
            80.1821,
            13.02183
          ],
          [
            80.1819,
            13.02195
          ],
          [
            80.18127,
            13.0223
          ],
          [
            80.18119,
            13.02234
          ],
          [
            80.18097,
            13.02247
          ],
          [
            80.18067,
            13.02264
          ],
          [
            80.18008,
            13.02297
          ],
          [
            80.17906,
            13.02354
          ],
          [
            80.17758,
            13.02437
          ],
          [
            80.17746,
            13.02443
          ],
          [
            80.17739,
            13.02447
          ],
          [
            80.17736,
            13.02449
          ],
          [
            80.17732,
            13.02451
          ],
          [
            80.17669,
            13.02485
          ],
          [
            80.17593,
            13.02529
          ],
          [
            80.17551,
            13.02552
          ],
          [
            80.17504,
            13.02577
          ],
          [
            80.17441,
            13.02612
          ],
          [
            80.17392,
            13.02638
          ],
          [
            80.17282,
            13.02698
          ],
          [
            80.17086,
            13.0281
          ],
          [
            80.1705,
            13.02831
          ],
          [
            80.1703,
            13.02842
          ],
          [
            80.17003,
            13.02856
          ],
          [
            80.16972,
            13.02873
          ],
          [
            80.16957,
            13.02882
          ],
          [
            80.16907,
            13.0291
          ],
          [
            80.1688,
            13.02924
          ],
          [
            80.16715,
            13.03017
          ],
          [
            80.16708,
            13.03021
          ],
          [
            80.16635,
            13.03062
          ],
          [
            80.16476,
            13.03151
          ],
          [
            80.16453,
            13.03164
          ],
          [
            80.16429,
            13.03177
          ],
          [
            80.16382,
            13.03203
          ],
          [
            80.16353,
            13.03219
          ],
          [
            80.16326,
            13.03234
          ],
          [
            80.16318,
            13.03238
          ],
          [
            80.1624,
            13.03282
          ],
          [
            80.16197,
            13.03307
          ],
          [
            80.1619,
            13.03311
          ],
          [
            80.16182,
            13.03315
          ],
          [
            80.16129,
            13.03343
          ],
          [
            80.16125,
            13.03345
          ],
          [
            80.16072,
            13.03377
          ],
          [
            80.16038,
            13.03397
          ],
          [
            80.16014,
            13.03409
          ],
          [
            80.15983,
            13.03423
          ],
          [
            80.15967,
            13.03429
          ],
          [
            80.15939,
            13.03434
          ],
          [
            80.15873,
            13.03435
          ],
          [
            80.15833,
            13.03435
          ],
          [
            80.15821,
            13.03435
          ],
          [
            80.15792,
            13.03434
          ],
          [
            80.15758,
            13.0343
          ],
          [
            80.15716,
            13.03426
          ],
          [
            80.15691,
            13.03427
          ],
          [
            80.15677,
            13.03432
          ],
          [
            80.15663,
            13.03437
          ],
          [
            80.15636,
            13.03448
          ],
          [
            80.15641,
            13.03456
          ],
          [
            80.15668,
            13.03443
          ],
          [
            80.15687,
            13.03439
          ],
          [
            80.15704,
            13.03436
          ],
          [
            80.15731,
            13.03435
          ],
          [
            80.15789,
            13.03441
          ],
          [
            80.15827,
            13.03442
          ],
          [
            80.15847,
            13.03443
          ],
          [
            80.15887,
            13.03443
          ],
          [
            80.15906,
            13.03443
          ],
          [
            80.15938,
            13.03442
          ],
          [
            80.15969,
            13.03439
          ],
          [
            80.15993,
            13.03431
          ],
          [
            80.16076,
            13.03384
          ],
          [
            80.16097,
            13.03371
          ],
          [
            80.16188,
            13.03323
          ],
          [
            80.16195,
            13.03319
          ],
          [
            80.16201,
            13.03315
          ],
          [
            80.16245,
            13.03291
          ],
          [
            80.16301,
            13.03259
          ],
          [
            80.16324,
            13.03247
          ],
          [
            80.16344,
            13.03236
          ],
          [
            80.16371,
            13.03221
          ]
        ]
      }
    },
    {
      "type": "Feature",
      "properties": {
        "type": "astar_leg",
        "leg_index": 9,
        "from_stop": 9,
        "to_stop": 10,
        "nodes": 72,
        "path_m": 2946,
        "straight_m": 1362,
        "ratio": 2.16,
        "stroke": "#00ff00",
        "stroke-width": 3
      },
      "geometry": {
        "type": "LineString",
        "coordinates": [
          [
            80.16408,
            13.03201
          ],
          [
            80.16434,
            13.03187
          ],
          [
            80.16485,
            13.03158
          ],
          [
            80.16642,
            13.03074
          ],
          [
            80.1666,
            13.03065
          ],
          [
            80.16708,
            13.03038
          ],
          [
            80.16722,
            13.0303
          ],
          [
            80.16802,
            13.02984
          ],
          [
            80.16806,
            13.02982
          ],
          [
            80.16809,
            13.0298
          ],
          [
            80.16878,
            13.02942
          ],
          [
            80.16885,
            13.02938
          ],
          [
            80.1688,
            13.02924
          ],
          [
            80.16715,
            13.03017
          ],
          [
            80.16708,
            13.03021
          ],
          [
            80.16635,
            13.03062
          ],
          [
            80.16476,
            13.03151
          ],
          [
            80.16453,
            13.03164
          ],
          [
            80.16429,
            13.03177
          ],
          [
            80.16382,
            13.03203
          ],
          [
            80.16353,
            13.03219
          ],
          [
            80.16326,
            13.03234
          ],
          [
            80.16318,
            13.03238
          ],
          [
            80.1624,
            13.03282
          ],
          [
            80.16197,
            13.03307
          ],
          [
            80.1619,
            13.03311
          ],
          [
            80.16182,
            13.03315
          ],
          [
            80.16129,
            13.03343
          ],
          [
            80.16125,
            13.03345
          ],
          [
            80.16072,
            13.03377
          ],
          [
            80.16038,
            13.03397
          ],
          [
            80.16014,
            13.03409
          ],
          [
            80.15983,
            13.03423
          ],
          [
            80.15967,
            13.03429
          ],
          [
            80.15939,
            13.03434
          ],
          [
            80.15873,
            13.03435
          ],
          [
            80.15833,
            13.03435
          ],
          [
            80.15821,
            13.03435
          ],
          [
            80.15792,
            13.03434
          ],
          [
            80.15758,
            13.0343
          ],
          [
            80.15716,
            13.03426
          ],
          [
            80.15691,
            13.03427
          ],
          [
            80.15677,
            13.03432
          ],
          [
            80.15663,
            13.03437
          ],
          [
            80.15636,
            13.03448
          ],
          [
            80.15628,
            13.03452
          ],
          [
            80.156,
            13.03467
          ],
          [
            80.15596,
            13.03463
          ],
          [
            80.15586,
            13.03449
          ],
          [
            80.15568,
            13.03426
          ],
          [
            80.15561,
            13.03419
          ],
          [
            80.15546,
            13.03396
          ],
          [
            80.15538,
            13.03385
          ],
          [
            80.15527,
            13.03371
          ],
          [
            80.15504,
            13.03342
          ],
          [
            80.15479,
            13.03313
          ],
          [
            80.1546,
            13.03291
          ],
          [
            80.15449,
            13.03281
          ],
          [
            80.15447,
            13.03279
          ],
          [
            80.15406,
            13.03237
          ],
          [
            80.15395,
            13.03224
          ],
          [
            80.15383,
            13.03208
          ],
          [
            80.15378,
            13.03199
          ],
          [
            80.15372,
            13.03185
          ],
          [
            80.15363,
            13.03171
          ],
          [
            80.15294,
            13.03065
          ],
          [
            80.15287,
            13.03051
          ],
          [
            80.15272,
            13.03023
          ],
          [
            80.15248,
            13.02989
          ],
          [
            80.15214,
            13.02942
          ],
          [
            80.15207,
            13.02931
          ],
          [
            80.15181,
            13.02895
          ]
        ]
      }
    },
    {
      "type": "Feature",
      "properties": {
        "type": "astar_leg",
        "leg_index": 10,
        "from_stop": 10,
        "to_stop": 11,
        "nodes": 92,
        "path_m": 4951,
        "straight_m": 3672,
        "ratio": 1.35,
        "stroke": "#00ff00",
        "stroke-width": 3
      },
      "geometry": {
        "type": "LineString",
        "coordinates": [
          [
            80.15167,
            13.02875
          ],
          [
            80.15158,
            13.02864
          ],
          [
            80.15141,
            13.02839
          ],
          [
            80.15131,
            13.02826
          ],
          [
            80.15032,
            13.02691
          ],
          [
            80.15019,
            13.02673
          ],
          [
            80.14967,
            13.02608
          ],
          [
            80.14957,
            13.02598
          ],
          [
            80.14937,
            13.02577
          ],
          [
            80.14905,
            13.02546
          ],
          [
            80.1488,
            13.0252
          ],
          [
            80.14838,
            13.02482
          ],
          [
            80.14798,
            13.02446
          ],
          [
            80.1477,
            13.0242
          ],
          [
            80.14763,
            13.02413
          ],
          [
            80.14758,
            13.02407
          ],
          [
            80.14738,
            13.02387
          ],
          [
            80.14713,
            13.02359
          ],
          [
            80.14693,
            13.02339
          ],
          [
            80.14681,
            13.02327
          ],
          [
            80.14668,
            13.02314
          ],
          [
            80.1465,
            13.02295
          ],
          [
            80.14634,
            13.0228
          ],
          [
            80.14614,
            13.02262
          ],
          [
            80.14584,
            13.0223
          ],
          [
            80.14558,
            13.02204
          ],
          [
            80.14489,
            13.02135
          ],
          [
            80.14456,
            13.02102
          ],
          [
            80.14358,
            13.02009
          ],
          [
            80.14356,
            13.02007
          ],
          [
            80.14347,
            13.01998
          ],
          [
            80.14345,
            13.01997
          ],
          [
            80.14323,
            13.01975
          ],
          [
            80.14315,
            13.01967
          ],
          [
            80.1431,
            13.01972
          ],
          [
            80.143,
            13.01978
          ],
          [
            80.14294,
            13.01982
          ],
          [
            80.1419,
            13.02005
          ],
          [
            80.14174,
            13.02005
          ],
          [
            80.14138,
            13.02004
          ],
          [
            80.14101,
            13.02006
          ],
          [
            80.14051,
            13.02011
          ],
          [
            80.13942,
            13.02028
          ],
          [
            80.13802,
            13.02041
          ],
          [
            80.1379,
            13.02042
          ],
          [
            80.13764,
            13.02048
          ],
          [
            80.13719,
            13.02058
          ],
          [
            80.1368,
            13.02059
          ],
          [
            80.13665,
            13.0206
          ],
          [
            80.13641,
            13.0206
          ],
          [
            80.13617,
            13.02061
          ],
          [
            80.13602,
            13.02062
          ],
          [
            80.1355,
            13.02056
          ],
          [
            80.13526,
            13.02054
          ],
          [
            80.13488,
            13.02051
          ],
          [
            80.13408,
            13.02044
          ],
          [
            80.13375,
            13.02042
          ],
          [
            80.13342,
            13.02039
          ],
          [
            80.13335,
            13.02038
          ],
          [
            80.13284,
            13.02032
          ],
          [
            80.13251,
            13.02032
          ],
          [
            80.13214,
            13.02032
          ],
          [
            80.13198,
            13.02032
          ],
          [
            80.13182,
            13.02032
          ],
          [
            80.13162,
            13.02032
          ],
          [
            80.1309,
            13.02039
          ],
          [
            80.13042,
            13.02038
          ],
          [
            80.13021,
            13.02036
          ],
          [
            80.12921,
            13.0204
          ],
          [
            80.12892,
            13.02041
          ],
          [
            80.12855,
            13.02044
          ],
          [
            80.1282,
            13.02056
          ],
          [
            80.12817,
            13.02059
          ],
          [
            80.12794,
            13.02081
          ],
          [
            80.12693,
            13.02098
          ],
          [
            80.12671,
            13.02102
          ],
          [
            80.12615,
            13.0209
          ],
          [
            80.12563,
            13.02093
          ],
          [
            80.12498,
            13.02104
          ],
          [
            80.12459,
            13.0211
          ],
          [
            80.12381,
            13.02122
          ],
          [
            80.12352,
            13.02135
          ],
          [
            80.12249,
            13.02183
          ],
          [
            80.12244,
            13.02184
          ],
          [
            80.12235,
            13.02187
          ],
          [
            80.12137,
            13.02216
          ],
          [
            80.12084,
            13.02221
          ],
          [
            80.12013,
            13.02227
          ],
          [
            80.11975,
            13.02231
          ],
          [
            80.11899,
            13.02278
          ],
          [
            80.11882,
            13.02289
          ],
          [
            80.1185,
            13.02309
          ]
        ]
      }
    },
    {
      "type": "Feature",
      "properties": {
        "type": "astar_full",
        "legs": 11,
        "failed": 0,
        "stroke": "#00ff00",
        "stroke-width": 4
      },
      "geometry": {
        "type": "LineString",
        "coordinates": [
          [
            80.28067,
            13.04993
          ],
          [
            80.28068,
            13.05005
          ],
          [
            80.28053,
            13.05017
          ],
          [
            80.28025,
            13.05032
          ],
          [
            80.28012,
            13.05039
          ],
          [
            80.27984,
            13.05054
          ],
          [
            80.2797,
            13.05056
          ],
          [
            80.27963,
            13.05059
          ],
          [
            80.27941,
            13.05067
          ],
          [
            80.27918,
            13.05078
          ],
          [
            80.27914,
            13.0508
          ],
          [
            80.27909,
            13.05082
          ],
          [
            80.27881,
            13.05094
          ],
          [
            80.27868,
            13.05099
          ],
          [
            80.27861,
            13.05101
          ],
          [
            80.27837,
            13.05111
          ],
          [
            80.2774,
            13.05148
          ],
          [
            80.27705,
            13.05161
          ],
          [
            80.2765,
            13.05178
          ],
          [
            80.27627,
            13.05188
          ],
          [
            80.2762,
            13.05191
          ],
          [
            80.27615,
            13.05193
          ],
          [
            80.27571,
            13.0521
          ],
          [
            80.27567,
            13.05211
          ],
          [
            80.2754,
            13.05223
          ],
          [
            80.27509,
            13.05234
          ],
          [
            80.27493,
            13.05239
          ],
          [
            80.27375,
            13.05277
          ],
          [
            80.27393,
            13.0523
          ],
          [
            80.27395,
            13.05223
          ],
          [
            80.27405,
            13.05184
          ],
          [
            80.27406,
            13.05179
          ],
          [
            80.27417,
            13.05135
          ],
          [
            80.27421,
            13.05111
          ],
          [
            80.27427,
            13.05084
          ],
          [
            80.27429,
            13.05068
          ],
          [
            80.27437,
            13.05029
          ],
          [
            80.2744,
            13.05
          ],
          [
            80.27445,
            13.0495
          ],
          [
            80.27447,
            13.04939
          ],
          [
            80.27452,
            13.04919
          ],
          [
            80.2746,
            13.04899
          ],
          [
            80.27461,
            13.04891
          ],
          [
            80.2746,
            13.04862
          ],
          [
            80.2746,
            13.0484
          ],
          [
            80.27459,
            13.0482
          ],
          [
            80.27458,
            13.04798
          ],
          [
            80.27457,
            13.04762
          ],
          [
            80.27456,
            13.04733
          ],
          [
            80.27458,
            13.0471
          ],
          [
            80.27458,
            13.04694
          ],
          [
            80.27453,
            13.04666
          ],
          [
            80.27452,
            13.04647
          ],
          [
            80.27446,
            13.04617
          ],
          [
            80.27439,
            13.04575
          ],
          [
            80.27437,
            13.04564
          ],
          [
            80.27436,
            13.04508
          ],
          [
            80.27434,
            13.04489
          ],
          [
            80.27433,
            13.04474
          ],
          [
            80.27427,
            13.04407
          ],
          [
            80.27432,
            13.04343
          ],
          [
            80.27433,
            13.04336
          ],
          [
            80.27319,
            13.04359
          ],
          [
            80.27219,
            13.04378
          ],
          [
            80.27189,
            13.04384
          ],
          [
            80.27154,
            13.04391
          ],
          [
            80.27133,
            13.04396
          ],
          [
            80.271,
            13.04403
          ],
          [
            80.27073,
            13.04409
          ],
          [
            80.27055,
            13.04413
          ],
          [
            80.27039,
            13.04417
          ],
          [
            80.27011,
            13.04423
          ],
          [
            80.26983,
            13.04429
          ],
          [
            80.26926,
            13.04441
          ],
          [
            80.26888,
            13.04447
          ],
          [
            80.26855,
            13.04451
          ],
          [
            80.26836,
            13.04451
          ],
          [
            80.26696,
            13.04456
          ],
          [
            80.26688,
            13.04456
          ],
          [
            80.26679,
            13.04456
          ],
          [
            80.26537,
            13.04457
          ],
          [
            80.26477,
            13.04457
          ],
          [
            80.26356,
            13.04457
          ],
          [
            80.26324,
            13.04464
          ],
          [
            80.26302,
            13.04469
          ],
          [
            80.26232,
            13.04483
          ],
          [
            80.26159,
            13.04498
          ],
          [
            80.26079,
            13.04516
          ],
          [
            80.26057,
            13.04521
          ],
          [
            80.26016,
            13.0453
          ],
          [
            80.25986,
            13.04532
          ],
          [
            80.25986,
            13.04518
          ],
          [
            80.25984,
            13.04484
          ],
          [
            80.25976,
            13.04429
          ],
          [
            80.25965,
            13.0435
          ],
          [
            80.25958,
            13.04319
          ],
          [
            80.25957,
            13.04315
          ],
          [
            80.25955,
            13.04302
          ],
          [
            80.2595,
            13.04282
          ],
          [
            80.25945,
            13.04259
          ],
          [
            80.2594,
            13.04246
          ],
          [
            80.25912,
            13.04197
          ],
          [
            80.25894,
            13.04165
          ],
          [
            80.25845,
            13.04087
          ],
          [
            80.25836,
            13.0407
          ],
          [
            80.25831,
            13.04061
          ],
          [
            80.25804,
            13.04008
          ],
          [
            80.2577,
            13.0395
          ],
          [
            80.25728,
            13.03889
          ],
          [
            80.25723,
            13.03882
          ],
          [
            80.25677,
            13.03816
          ],
          [
            80.25673,
            13.03809
          ],
          [
            80.25673,
            13.03806
          ],
          [
            80.25664,
            13.03807
          ],
          [
            80.2565,
            13.03807
          ],
          [
            80.25615,
            13.0381
          ],
          [
            80.25549,
            13.0382
          ],
          [
            80.25501,
            13.03827
          ],
          [
            80.25477,
            13.03831
          ],
          [
            80.25419,
            13.03839
          ],
          [
            80.25391,
            13.03843
          ],
          [
            80.25366,
            13.03847
          ],
          [
            80.25346,
            13.0385
          ],
          [
            80.25283,
            13.03858
          ],
          [
            80.25237,
            13.03865
          ],
          [
            80.25172,
            13.03875
          ],
          [
            80.25157,
            13.03877
          ],
          [
            80.25137,
            13.03879
          ],
          [
            80.25064,
            13.03889
          ],
          [
            80.25028,
            13.03896
          ],
          [
            80.24993,
            13.03902
          ],
          [
            80.24962,
            13.03905
          ],
          [
            80.2494,
            13.03908
          ],
          [
            80.24909,
            13.03912
          ],
          [
            80.24837,
            13.03922
          ],
          [
            80.24772,
            13.03932
          ],
          [
            80.2476,
            13.03935
          ],
          [
            80.24751,
            13.03938
          ],
          [
            80.24705,
            13.03947
          ],
          [
            80.24699,
            13.03918
          ],
          [
            80.24682,
            13.03913
          ],
          [
            80.24663,
            13.03919
          ],
          [
            80.24654,
            13.03922
          ],
          [
            80.24627,
            13.03931
          ],
          [
            80.24595,
            13.03941
          ],
          [
            80.24593,
            13.03941
          ],
          [
            80.24572,
            13.03947
          ],
          [
            80.24519,
            13.03962
          ],
          [
            80.24453,
            13.03979
          ],
          [
            80.24433,
            13.03984
          ],
          [
            80.24393,
            13.03994
          ],
          [
            80.24392,
            13.03993
          ],
          [
            80.2439,
            13.03993
          ],
          [
            80.24389,
            13.03993
          ],
          [
            80.24385,
            13.03994
          ],
          [
            80.24384,
            13.03995
          ],
          [
            80.24383,
            13.03996
          ],
          [
            80.24263,
            13.04008
          ],
          [
            80.24082,
            13.04031
          ],
          [
            80.2405,
            13.04034
          ],
          [
            80.24038,
            13.04035
          ],
          [
            80.24029,
            13.0404
          ],
          [
            80.23995,
            13.04043
          ],
          [
            80.23994,
            13.04037
          ],
          [
            80.23988,
            13.03987
          ],
          [
            80.23978,
            13.03909
          ],
          [
            80.23975,
            13.03873
          ],
          [
            80.23969,
            13.03834
          ],
          [
            80.23967,
            13.03815
          ],
          [
            80.2396,
            13.03761
          ],
          [
            80.23955,
            13.03718
          ],
          [
            80.23951,
            13.03684
          ],
          [
            80.23945,
            13.03634
          ],
          [
            80.2394,
            13.03605
          ],
          [
            80.23934,
            13.03545
          ],
          [
            80.23932,
            13.03536
          ],
          [
            80.23928,
            13.03536
          ],
          [
            80.23922,
            13.03536
          ],
          [
            80.23915,
            13.03534
          ],
          [
            80.23861,
            13.03503
          ],
          [
            80.23819,
            13.03477
          ],
          [
            80.23777,
            13.0345
          ],
          [
            80.23769,
            13.03445
          ],
          [
            80.23759,
            13.03438
          ],
          [
            80.23756,
            13.03443
          ],
          [
            80.23719,
            13.03499
          ],
          [
            80.23696,
            13.03534
          ],
          [
            80.23637,
            13.03627
          ],
          [
            80.23607,
            13.03676
          ],
          [
            80.23547,
            13.03768
          ],
          [
            80.23484,
            13.03869
          ],
          [
            80.23468,
            13.03893
          ],
          [
            80.23466,
            13.039
          ],
          [
            80.23462,
            13.03906
          ],
          [
            80.23459,
            13.0391
          ],
          [
            80.23453,
            13.03918
          ],
          [
            80.23378,
            13.04043
          ],
          [
            80.23371,
            13.04052
          ],
          [
            80.23367,
            13.04057
          ],
          [
            80.23343,
            13.04061
          ],
          [
            80.23337,
            13.04062
          ],
          [
            80.23289,
            13.04072
          ],
          [
            80.23257,
            13.0408
          ],
          [
            80.23252,
            13.0408
          ],
          [
            80.23247,
            13.04081
          ],
          [
            80.23218,
            13.04088
          ],
          [
            80.23214,
            13.04088
          ],
          [
            80.23209,
            13.04086
          ],
          [
            80.23207,
            13.04083
          ],
          [
            80.23193,
            13.04053
          ],
          [
            80.23189,
            13.04054
          ],
          [
            80.23186,
            13.04054
          ],
          [
            80.23174,
            13.04057
          ],
          [
            80.23131,
            13.04067
          ],
          [
            80.23113,
            13.04071
          ],
          [
            80.23111,
            13.04072
          ],
          [
            80.23104,
            13.04074
          ],
          [
            80.23087,
            13.04077
          ],
          [
            80.23038,
            13.04087
          ],
          [
            80.2303,
            13.04088
          ],
          [
            80.23024,
            13.04093
          ],
          [
            80.23003,
            13.04097
          ],
          [
            80.22993,
            13.04099
          ],
          [
            80.22893,
            13.04121
          ],
          [
            80.22889,
            13.04122
          ],
          [
            80.22851,
            13.0413
          ],
          [
            80.22737,
            13.0416
          ],
          [
            80.22727,
            13.04162
          ],
          [
            80.22713,
            13.04167
          ],
          [
            80.2269,
            13.04175
          ],
          [
            80.22563,
            13.04203
          ],
          [
            80.22495,
            13.0422
          ],
          [
            80.22475,
            13.04148
          ],
          [
            80.22398,
            13.04165
          ],
          [
            80.22191,
            13.04234
          ],
          [
            80.22181,
            13.04193
          ],
          [
            80.22177,
            13.04176
          ],
          [
            80.22162,
            13.04105
          ],
          [
            80.22148,
            13.04036
          ],
          [
            80.22133,
            13.03968
          ],
          [
            80.22132,
            13.03961
          ],
          [
            80.22121,
            13.0391
          ],
          [
            80.22117,
            13.03889
          ],
          [
            80.2211,
            13.03854
          ],
          [
            80.22104,
            13.03829
          ],
          [
            80.22098,
            13.03801
          ],
          [
            80.22089,
            13.03756
          ],
          [
            80.22086,
            13.0374
          ],
          [
            80.22076,
            13.03693
          ],
          [
            80.22064,
            13.03638
          ],
          [
            80.22054,
            13.0359
          ],
          [
            80.22035,
            13.0359
          ],
          [
            80.21886,
            13.03599
          ],
          [
            80.21716,
            13.03616
          ],
          [
            80.21628,
            13.03622
          ],
          [
            80.21626,
            13.03588
          ],
          [
            80.21623,
            13.03554
          ],
          [
            80.21622,
            13.0354
          ],
          [
            80.21621,
            13.03527
          ],
          [
            80.21619,
            13.03514
          ],
          [
            80.21618,
            13.03489
          ],
          [
            80.21613,
            13.03429
          ],
          [
            80.21552,
            13.03437
          ],
          [
            80.21539,
            13.03438
          ],
          [
            80.21527,
            13.0344
          ],
          [
            80.21517,
            13.03441
          ],
          [
            80.21503,
            13.03443
          ],
          [
            80.21498,
            13.03444
          ],
          [
            80.21482,
            13.03446
          ],
          [
            80.21422,
            13.03454
          ],
          [
            80.21338,
            13.03468
          ],
          [
            80.21337,
            13.03468
          ],
          [
            80.21263,
            13.03479
          ],
          [
            80.21252,
            13.03478
          ],
          [
            80.21223,
            13.03481
          ],
          [
            80.21218,
            13.03446
          ],
          [
            80.21215,
            13.0343
          ],
          [
            80.21211,
            13.03415
          ],
          [
            80.21205,
            13.03404
          ],
          [
            80.21203,
            13.0339
          ],
          [
            80.21196,
            13.03351
          ],
          [
            80.2119,
            13.03312
          ],
          [
            80.21185,
            13.03305
          ],
          [
            80.21177,
            13.03263
          ],
          [
            80.21168,
            13.03204
          ],
          [
            80.21121,
            13.03209
          ],
          [
            80.21073,
            13.03214
          ],
          [
            80.20976,
            13.03233
          ],
          [
            80.2099,
            13.03335
          ],
          [
            80.20985,
            13.03384
          ],
          [
            80.20991,
            13.03414
          ],
          [
            80.20997,
            13.03439
          ],
          [
            80.20991,
            13.03448
          ],
          [
            80.20997,
            13.03494
          ],
          [
            80.20995,
            13.03499
          ],
          [
            80.20993,
            13.03503
          ],
          [
            80.2099,
            13.03506
          ],
          [
            80.20984,
            13.0351
          ],
          [
            80.20959,
            13.03513
          ],
          [
            80.20918,
            13.03519
          ],
          [
            80.20856,
            13.03529
          ],
          [
            80.20816,
            13.03535
          ],
          [
            80.20803,
            13.03537
          ],
          [
            80.20709,
            13.03551
          ],
          [
            80.20698,
            13.03552
          ],
          [
            80.20686,
            13.03554
          ],
          [
            80.20614,
            13.03565
          ],
          [
            80.20604,
            13.03566
          ],
          [
            80.20575,
            13.0357
          ],
          [
            80.20527,
            13.03577
          ],
          [
            80.20509,
            13.0358
          ],
          [
            80.20442,
            13.03589
          ],
          [
            80.20435,
            13.0359
          ],
          [
            80.20412,
            13.03594
          ],
          [
            80.20403,
            13.03595
          ],
          [
            80.20391,
            13.03596
          ],
          [
            80.20372,
            13.03599
          ],
          [
            80.20342,
            13.03604
          ],
          [
            80.20278,
            13.03613
          ],
          [
            80.20255,
            13.03616
          ],
          [
            80.2014,
            13.03634
          ],
          [
            80.19988,
            13.03655
          ],
          [
            80.1995,
            13.0366
          ],
          [
            80.19916,
            13.03665
          ],
          [
            80.19889,
            13.03669
          ],
          [
            80.19878,
            13.03671
          ],
          [
            80.19857,
            13.03674
          ],
          [
            80.19834,
            13.03677
          ],
          [
            80.19813,
            13.0368
          ],
          [
            80.19789,
            13.03684
          ],
          [
            80.19768,
            13.03687
          ],
          [
            80.19738,
            13.03691
          ],
          [
            80.1971,
            13.03695
          ],
          [
            80.19685,
            13.03699
          ],
          [
            80.19652,
            13.03703
          ],
          [
            80.19619,
            13.03708
          ],
          [
            80.19303,
            13.03757
          ],
          [
            80.1929,
            13.03763
          ],
          [
            80.19284,
            13.03769
          ],
          [
            80.19282,
            13.03772
          ],
          [
            80.19276,
            13.03788
          ],
          [
            80.19276,
            13.03821
          ],
          [
            80.19281,
            13.0383
          ],
          [
            80.19304,
            13.03983
          ],
          [
            80.19316,
            13.04035
          ],
          [
            80.19335,
            13.04148
          ],
          [
            80.19336,
            13.04155
          ],
          [
            80.1934,
            13.04184
          ],
          [
            80.19352,
            13.04274
          ],
          [
            80.19354,
            13.04295
          ],
          [
            80.19366,
            13.0436
          ],
          [
            80.19368,
            13.04371
          ],
          [
            80.19372,
            13.044
          ],
          [
            80.19375,
            13.04415
          ],
          [
            80.19376,
            13.0444
          ],
          [
            80.19358,
            13.04443
          ],
          [
            80.19307,
            13.0445
          ],
          [
            80.19299,
            13.04455
          ],
          [
            80.19292,
            13.0446
          ],
          [
            80.19289,
            13.04466
          ],
          [
            80.19288,
            13.04472
          ],
          [
            80.19288,
            13.04478
          ],
          [
            80.19286,
            13.04513
          ],
          [
            80.19285,
            13.04521
          ],
          [
            80.19282,
            13.04561
          ],
          [
            80.19282,
            13.04568
          ],
          [
            80.19271,
            13.04597
          ],
          [
            80.19266,
            13.04614
          ],
          [
            80.19261,
            13.0466
          ],
          [
            80.19223,
            13.04659
          ],
          [
            80.19169,
            13.04656
          ],
          [
            80.19124,
            13.04653
          ],
          [
            80.19089,
            13.0465
          ],
          [
            80.19069,
            13.0465
          ],
          [
            80.19058,
            13.0465
          ],
          [
            80.19036,
            13.04651
          ],
          [
            80.18984,
            13.04647
          ],
          [
            80.1897,
            13.04648
          ],
          [
            80.18936,
            13.04644
          ],
          [
            80.18895,
            13.04635
          ],
          [
            80.18856,
            13.04621
          ],
          [
            80.18833,
            13.04612
          ],
          [
            80.18827,
            13.0461
          ],
          [
            80.18786,
            13.04595
          ],
          [
            80.18771,
            13.0459
          ],
          [
            80.1875,
            13.04583
          ],
          [
            80.18747,
            13.04582
          ],
          [
            80.18729,
            13.04576
          ],
          [
            80.18717,
            13.04569
          ],
          [
            80.18696,
            13.04556
          ],
          [
            80.18689,
            13.0455
          ],
          [
            80.18681,
            13.04544
          ],
          [
            80.18617,
            13.04495
          ],
          [
            80.186,
            13.04485
          ],
          [
            80.18602,
            13.04475
          ],
          [
            80.18613,
            13.04418
          ],
          [
            80.18624,
            13.04339
          ],
          [
            80.1863,
            13.043
          ],
          [
            80.18635,
            13.04256
          ],
          [
            80.18642,
            13.04213
          ],
          [
            80.18647,
            13.04171
          ],
          [
            80.18652,
            13.04133
          ],
          [
            80.18659,
            13.04077
          ],
          [
            80.18662,
            13.04038
          ],
          [
            80.18662,
            13.04035
          ],
          [
            80.18662,
            13.04033
          ],
          [
            80.1866,
            13.04032
          ],
          [
            80.18656,
            13.0403
          ],
          [
            80.18646,
            13.0403
          ],
          [
            80.18594,
            13.04026
          ],
          [
            80.18599,
            13.03961
          ],
          [
            80.18604,
            13.03908
          ],
          [
            80.1855,
            13.03901
          ],
          [
            80.18521,
            13.03898
          ],
          [
            80.18406,
            13.03891
          ],
          [
            80.18399,
            13.03814
          ],
          [
            80.18397,
            13.03791
          ],
          [
            80.18395,
            13.0376
          ],
          [
            80.18395,
            13.03748
          ],
          [
            80.18392,
            13.03721
          ],
          [
            80.18391,
            13.03708
          ],
          [
            80.1839,
            13.03691
          ],
          [
            80.18389,
            13.03653
          ],
          [
            80.18386,
            13.03619
          ],
          [
            80.18385,
            13.03577
          ],
          [
            80.18385,
            13.0357
          ],
          [
            80.18384,
            13.03538
          ],
          [
            80.1838,
            13.03405
          ],
          [
            80.1838,
            13.03347
          ],
          [
            80.1838,
            13.03233
          ],
          [
            80.18382,
            13.03177
          ],
          [
            80.18349,
            13.03177
          ],
          [
            80.18283,
            13.03175
          ],
          [
            80.18248,
            13.03176
          ],
          [
            80.1824,
            13.03176
          ],
          [
            80.18192,
            13.03176
          ],
          [
            80.1817,
            13.03175
          ],
          [
            80.18192,
            13.03176
          ],
          [
            80.1824,
            13.03176
          ],
          [
            80.18248,
            13.03176
          ],
          [
            80.18283,
            13.03175
          ],
          [
            80.18349,
            13.03177
          ],
          [
            80.18382,
            13.03177
          ],
          [
            80.18378,
            13.03105
          ],
          [
            80.18377,
            13.0309
          ],
          [
            80.18377,
            13.03089
          ],
          [
            80.18377,
            13.03077
          ],
          [
            80.18377,
            13.03073
          ],
          [
            80.18377,
            13.03069
          ],
          [
            80.18363,
            13.02973
          ],
          [
            80.18354,
            13.02885
          ],
          [
            80.18353,
            13.02881
          ],
          [
            80.18352,
            13.02871
          ],
          [
            80.1835,
            13.02856
          ],
          [
            80.18344,
            13.02836
          ],
          [
            80.18336,
            13.02801
          ],
          [
            80.1833,
            13.02755
          ],
          [
            80.18328,
            13.02742
          ],
          [
            80.18323,
            13.02705
          ],
          [
            80.18317,
            13.02663
          ],
          [
            80.18311,
            13.02615
          ],
          [
            80.1831,
            13.02602
          ],
          [
            80.18311,
            13.02556
          ],
          [
            80.18311,
            13.02546
          ],
          [
            80.18309,
            13.02529
          ],
          [
            80.18309,
            13.02493
          ],
          [
            80.18309,
            13.02474
          ],
          [
            80.18309,
            13.02451
          ],
          [
            80.18308,
            13.02413
          ],
          [
            80.1831,
            13.02411
          ],
          [
            80.1832,
            13.024
          ],
          [
            80.18331,
            13.02394
          ],
          [
            80.18349,
            13.02389
          ],
          [
            80.18361,
            13.02386
          ],
          [
            80.18399,
            13.02378
          ],
          [
            80.18403,
            13.02377
          ],
          [
            80.18405,
            13.02375
          ],
          [
            80.18406,
            13.02371
          ],
          [
            80.18379,
            13.02283
          ],
          [
            80.18368,
            13.0224
          ],
          [
            80.18345,
            13.02169
          ],
          [
            80.18342,
            13.02158
          ],
          [
            80.18342,
            13.02151
          ],
          [
            80.18335,
            13.0213
          ],
          [
            80.18328,
            13.02117
          ],
          [
            80.18323,
            13.02119
          ],
          [
            80.18319,
            13.02122
          ],
          [
            80.18278,
            13.02145
          ],
          [
            80.1821,
            13.02183
          ],
          [
            80.1819,
            13.02195
          ],
          [
            80.18127,
            13.0223
          ],
          [
            80.18119,
            13.02234
          ],
          [
            80.18097,
            13.02247
          ],
          [
            80.18067,
            13.02264
          ],
          [
            80.18008,
            13.02297
          ],
          [
            80.17906,
            13.02354
          ],
          [
            80.17758,
            13.02437
          ],
          [
            80.17746,
            13.02443
          ],
          [
            80.17739,
            13.02447
          ],
          [
            80.17736,
            13.02449
          ],
          [
            80.17732,
            13.02451
          ],
          [
            80.17669,
            13.02485
          ],
          [
            80.17593,
            13.02529
          ],
          [
            80.17551,
            13.02552
          ],
          [
            80.17504,
            13.02577
          ],
          [
            80.17441,
            13.02612
          ],
          [
            80.17392,
            13.02638
          ],
          [
            80.17282,
            13.02698
          ],
          [
            80.17086,
            13.0281
          ],
          [
            80.1705,
            13.02831
          ],
          [
            80.1703,
            13.02842
          ],
          [
            80.17003,
            13.02856
          ],
          [
            80.16972,
            13.02873
          ],
          [
            80.16957,
            13.02882
          ],
          [
            80.16907,
            13.0291
          ],
          [
            80.1688,
            13.02924
          ],
          [
            80.16715,
            13.03017
          ],
          [
            80.16708,
            13.03021
          ],
          [
            80.16635,
            13.03062
          ],
          [
            80.16476,
            13.03151
          ],
          [
            80.16453,
            13.03164
          ],
          [
            80.16429,
            13.03177
          ],
          [
            80.16382,
            13.03203
          ],
          [
            80.16353,
            13.03219
          ],
          [
            80.16326,
            13.03234
          ],
          [
            80.16318,
            13.03238
          ],
          [
            80.1624,
            13.03282
          ],
          [
            80.16197,
            13.03307
          ],
          [
            80.1619,
            13.03311
          ],
          [
            80.16182,
            13.03315
          ],
          [
            80.16129,
            13.03343
          ],
          [
            80.16125,
            13.03345
          ],
          [
            80.16072,
            13.03377
          ],
          [
            80.16038,
            13.03397
          ],
          [
            80.16014,
            13.03409
          ],
          [
            80.15983,
            13.03423
          ],
          [
            80.15967,
            13.03429
          ],
          [
            80.15939,
            13.03434
          ],
          [
            80.15873,
            13.03435
          ],
          [
            80.15833,
            13.03435
          ],
          [
            80.15821,
            13.03435
          ],
          [
            80.15792,
            13.03434
          ],
          [
            80.15758,
            13.0343
          ],
          [
            80.15716,
            13.03426
          ],
          [
            80.15691,
            13.03427
          ],
          [
            80.15677,
            13.03432
          ],
          [
            80.15663,
            13.03437
          ],
          [
            80.15636,
            13.03448
          ],
          [
            80.15641,
            13.03456
          ],
          [
            80.15668,
            13.03443
          ],
          [
            80.15687,
            13.03439
          ],
          [
            80.15704,
            13.03436
          ],
          [
            80.15731,
            13.03435
          ],
          [
            80.15789,
            13.03441
          ],
          [
            80.15827,
            13.03442
          ],
          [
            80.15847,
            13.03443
          ],
          [
            80.15887,
            13.03443
          ],
          [
            80.15906,
            13.03443
          ],
          [
            80.15938,
            13.03442
          ],
          [
            80.15969,
            13.03439
          ],
          [
            80.15993,
            13.03431
          ],
          [
            80.16076,
            13.03384
          ],
          [
            80.16097,
            13.03371
          ],
          [
            80.16188,
            13.03323
          ],
          [
            80.16195,
            13.03319
          ],
          [
            80.16201,
            13.03315
          ],
          [
            80.16245,
            13.03291
          ],
          [
            80.16301,
            13.03259
          ],
          [
            80.16324,
            13.03247
          ],
          [
            80.16344,
            13.03236
          ],
          [
            80.16371,
            13.03221
          ],
          [
            80.16434,
            13.03187
          ],
          [
            80.16485,
            13.03158
          ],
          [
            80.16642,
            13.03074
          ],
          [
            80.1666,
            13.03065
          ],
          [
            80.16708,
            13.03038
          ],
          [
            80.16722,
            13.0303
          ],
          [
            80.16802,
            13.02984
          ],
          [
            80.16806,
            13.02982
          ],
          [
            80.16809,
            13.0298
          ],
          [
            80.16878,
            13.02942
          ],
          [
            80.16885,
            13.02938
          ],
          [
            80.1688,
            13.02924
          ],
          [
            80.16715,
            13.03017
          ],
          [
            80.16708,
            13.03021
          ],
          [
            80.16635,
            13.03062
          ],
          [
            80.16476,
            13.03151
          ],
          [
            80.16453,
            13.03164
          ],
          [
            80.16429,
            13.03177
          ],
          [
            80.16382,
            13.03203
          ],
          [
            80.16353,
            13.03219
          ],
          [
            80.16326,
            13.03234
          ],
          [
            80.16318,
            13.03238
          ],
          [
            80.1624,
            13.03282
          ],
          [
            80.16197,
            13.03307
          ],
          [
            80.1619,
            13.03311
          ],
          [
            80.16182,
            13.03315
          ],
          [
            80.16129,
            13.03343
          ],
          [
            80.16125,
            13.03345
          ],
          [
            80.16072,
            13.03377
          ],
          [
            80.16038,
            13.03397
          ],
          [
            80.16014,
            13.03409
          ],
          [
            80.15983,
            13.03423
          ],
          [
            80.15967,
            13.03429
          ],
          [
            80.15939,
            13.03434
          ],
          [
            80.15873,
            13.03435
          ],
          [
            80.15833,
            13.03435
          ],
          [
            80.15821,
            13.03435
          ],
          [
            80.15792,
            13.03434
          ],
          [
            80.15758,
            13.0343
          ],
          [
            80.15716,
            13.03426
          ],
          [
            80.15691,
            13.03427
          ],
          [
            80.15677,
            13.03432
          ],
          [
            80.15663,
            13.03437
          ],
          [
            80.15636,
            13.03448
          ],
          [
            80.15628,
            13.03452
          ],
          [
            80.156,
            13.03467
          ],
          [
            80.15596,
            13.03463
          ],
          [
            80.15586,
            13.03449
          ],
          [
            80.15568,
            13.03426
          ],
          [
            80.15561,
            13.03419
          ],
          [
            80.15546,
            13.03396
          ],
          [
            80.15538,
            13.03385
          ],
          [
            80.15527,
            13.03371
          ],
          [
            80.15504,
            13.03342
          ],
          [
            80.15479,
            13.03313
          ],
          [
            80.1546,
            13.03291
          ],
          [
            80.15449,
            13.03281
          ],
          [
            80.15447,
            13.03279
          ],
          [
            80.15406,
            13.03237
          ],
          [
            80.15395,
            13.03224
          ],
          [
            80.15383,
            13.03208
          ],
          [
            80.15378,
            13.03199
          ],
          [
            80.15372,
            13.03185
          ],
          [
            80.15363,
            13.03171
          ],
          [
            80.15294,
            13.03065
          ],
          [
            80.15287,
            13.03051
          ],
          [
            80.15272,
            13.03023
          ],
          [
            80.15248,
            13.02989
          ],
          [
            80.15214,
            13.02942
          ],
          [
            80.15207,
            13.02931
          ],
          [
            80.15181,
            13.02895
          ],
          [
            80.15158,
            13.02864
          ],
          [
            80.15141,
            13.02839
          ],
          [
            80.15131,
            13.02826
          ],
          [
            80.15032,
            13.02691
          ],
          [
            80.15019,
            13.02673
          ],
          [
            80.14967,
            13.02608
          ],
          [
            80.14957,
            13.02598
          ],
          [
            80.14937,
            13.02577
          ],
          [
            80.14905,
            13.02546
          ],
          [
            80.1488,
            13.0252
          ],
          [
            80.14838,
            13.02482
          ],
          [
            80.14798,
            13.02446
          ],
          [
            80.1477,
            13.0242
          ],
          [
            80.14763,
            13.02413
          ],
          [
            80.14758,
            13.02407
          ],
          [
            80.14738,
            13.02387
          ],
          [
            80.14713,
            13.02359
          ],
          [
            80.14693,
            13.02339
          ],
          [
            80.14681,
            13.02327
          ],
          [
            80.14668,
            13.02314
          ],
          [
            80.1465,
            13.02295
          ],
          [
            80.14634,
            13.0228
          ],
          [
            80.14614,
            13.02262
          ],
          [
            80.14584,
            13.0223
          ],
          [
            80.14558,
            13.02204
          ],
          [
            80.14489,
            13.02135
          ],
          [
            80.14456,
            13.02102
          ],
          [
            80.14358,
            13.02009
          ],
          [
            80.14356,
            13.02007
          ],
          [
            80.14347,
            13.01998
          ],
          [
            80.14345,
            13.01997
          ],
          [
            80.14323,
            13.01975
          ],
          [
            80.14315,
            13.01967
          ],
          [
            80.1431,
            13.01972
          ],
          [
            80.143,
            13.01978
          ],
          [
            80.14294,
            13.01982
          ],
          [
            80.1419,
            13.02005
          ],
          [
            80.14174,
            13.02005
          ],
          [
            80.14138,
            13.02004
          ],
          [
            80.14101,
            13.02006
          ],
          [
            80.14051,
            13.02011
          ],
          [
            80.13942,
            13.02028
          ],
          [
            80.13802,
            13.02041
          ],
          [
            80.1379,
            13.02042
          ],
          [
            80.13764,
            13.02048
          ],
          [
            80.13719,
            13.02058
          ],
          [
            80.1368,
            13.02059
          ],
          [
            80.13665,
            13.0206
          ],
          [
            80.13641,
            13.0206
          ],
          [
            80.13617,
            13.02061
          ],
          [
            80.13602,
            13.02062
          ],
          [
            80.1355,
            13.02056
          ],
          [
            80.13526,
            13.02054
          ],
          [
            80.13488,
            13.02051
          ],
          [
            80.13408,
            13.02044
          ],
          [
            80.13375,
            13.02042
          ],
          [
            80.13342,
            13.02039
          ],
          [
            80.13335,
            13.02038
          ],
          [
            80.13284,
            13.02032
          ],
          [
            80.13251,
            13.02032
          ],
          [
            80.13214,
            13.02032
          ],
          [
            80.13198,
            13.02032
          ],
          [
            80.13182,
            13.02032
          ],
          [
            80.13162,
            13.02032
          ],
          [
            80.1309,
            13.02039
          ],
          [
            80.13042,
            13.02038
          ],
          [
            80.13021,
            13.02036
          ],
          [
            80.12921,
            13.0204
          ],
          [
            80.12892,
            13.02041
          ],
          [
            80.12855,
            13.02044
          ],
          [
            80.1282,
            13.02056
          ],
          [
            80.12817,
            13.02059
          ],
          [
            80.12794,
            13.02081
          ],
          [
            80.12693,
            13.02098
          ],
          [
            80.12671,
            13.02102
          ],
          [
            80.12615,
            13.0209
          ],
          [
            80.12563,
            13.02093
          ],
          [
            80.12498,
            13.02104
          ],
          [
            80.12459,
            13.0211
          ],
          [
            80.12381,
            13.02122
          ],
          [
            80.12352,
            13.02135
          ],
          [
            80.12249,
            13.02183
          ],
          [
            80.12244,
            13.02184
          ],
          [
            80.12235,
            13.02187
          ],
          [
            80.12137,
            13.02216
          ],
          [
            80.12084,
            13.02221
          ],
          [
            80.12013,
            13.02227
          ],
          [
            80.11975,
            13.02231
          ],
          [
            80.11899,
            13.02278
          ],
          [
            80.11882,
            13.02289
          ],
          [
            80.1185,
            13.02309
          ]
        ]
      }
    },
    {
      "type": "Feature",
      "properties": {
        "type": "mappls_polyline",
        "points": 6465,
        "stroke": "#ff0000",
        "stroke-width": 2
      },
      "geometry": {
        "type": "LineString",
        "coordinates": [
          [
            80.2806,
            13.049430000000001
          ],
          [
            80.28062000000001,
            13.04958
          ],
          [
            80.28068,
            13.050030000000001
          ],
          [
            80.28056000000001,
            13.050130000000001
          ],
          [
            80.2805,
            13.05019
          ],
          [
            80.28022,
            13.050370000000001
          ],
          [
            80.28019,
            13.050370000000001
          ],
          [
            80.28014,
            13.050390000000002
          ],
          [
            80.28012000000001,
            13.050400000000002
          ],
          [
            80.27977000000001,
            13.05056
          ],
          [
            80.27962000000001,
            13.05062
          ],
          [
            80.27917000000001,
            13.0508
          ],
          [
            80.27908000000001,
            13.05084
          ],
          [
            80.27869000000001,
            13.05099
          ],
          [
            80.27860000000001,
            13.051020000000001
          ],
          [
            80.27834,
            13.051110000000001
          ],
          [
            80.27768,
            13.051400000000001
          ],
          [
            80.27739000000001,
            13.05151
          ],
          [
            80.277,
            13.051660000000002
          ],
          [
            80.27678,
            13.05175
          ],
          [
            80.27647,
            13.051870000000001
          ],
          [
            80.27631000000001,
            13.05193
          ],
          [
            80.27622000000001,
            13.05197
          ],
          [
            80.27572,
            13.052150000000001
          ],
          [
            80.27537000000001,
            13.052280000000001
          ],
          [
            80.27506000000001,
            13.0524
          ],
          [
            80.2744,
            13.052610000000001
          ],
          [
            80.27374,
            13.05282
          ],
          [
            80.27344000000001,
            13.052890000000001
          ],
          [
            80.27310000000001,
            13.052950000000001
          ],
          [
            80.27295000000001,
            13.052990000000001
          ],
          [
            80.27256000000001,
            13.05306
          ],
          [
            80.27233000000001,
            13.0531
          ],
          [
            80.27220000000001,
            13.053130000000001
          ],
          [
            80.27196,
            13.053170000000001
          ],
          [
            80.27178,
            13.053180000000001
          ],
          [
            80.27169,
            13.0532
          ],
          [
            80.27146,
            13.053220000000001
          ],
          [
            80.27136,
            13.053230000000001
          ],
          [
            80.27124,
            13.05325
          ],
          [
            80.27103000000001,
            13.053270000000001
          ],
          [
            80.27094000000001,
            13.05328
          ],
          [
            80.27046,
            13.05334
          ],
          [
            80.2703,
            13.053360000000001
          ],
          [
            80.26959000000001,
            13.053400000000002
          ],
          [
            80.26950000000001,
            13.05339
          ],
          [
            80.26922,
            13.053410000000001
          ],
          [
            80.26893000000001,
            13.053450000000002
          ],
          [
            80.26887,
            13.053490000000002
          ],
          [
            80.26841,
            13.05352
          ],
          [
            80.26821000000001,
            13.05353
          ],
          [
            80.26806,
            13.053540000000002
          ],
          [
            80.26742,
            13.05358
          ],
          [
            80.26698,
            13.05362
          ],
          [
            80.26688,
            13.053600000000001
          ],
          [
            80.26657,
            13.053640000000001
          ],
          [
            80.26638000000001,
            13.053680000000002
          ],
          [
            80.26561000000001,
            13.05376
          ],
          [
            80.26483,
            13.053830000000001
          ],
          [
            80.26406,
            13.053910000000002
          ],
          [
            80.26329000000001,
            13.053980000000001
          ],
          [
            80.26253000000001,
            13.054050000000002
          ],
          [
            80.26177000000001,
            13.054120000000001
          ],
          [
            80.26159000000001,
            13.05408
          ],
          [
            80.26078000000001,
            13.054160000000001
          ],
          [
            80.26041000000001,
            13.05419
          ],
          [
            80.26024000000001,
            13.054250000000001
          ],
          [
            80.25961000000001,
            13.054310000000001
          ],
          [
            80.25898000000001,
            13.05437
          ],
          [
            80.25848,
            13.054400000000001
          ],
          [
            80.25798,
            13.054430000000002
          ],
          [
            80.25723,
            13.0545
          ],
          [
            80.25647000000001,
            13.054570000000002
          ],
          [
            80.25572000000001,
            13.05465
          ],
          [
            80.25555,
            13.054630000000001
          ],
          [
            80.25483000000001,
            13.054710000000002
          ],
          [
            80.25456000000001,
            13.05474
          ],
          [
            80.25446000000001,
            13.054730000000001
          ],
          [
            80.25437000000001,
            13.054710000000002
          ],
          [
            80.25422,
            13.054670000000002
          ],
          [
            80.25394,
            13.054480000000002
          ],
          [
            80.25335000000001,
            13.053980000000001
          ],
          [
            80.25314,
            13.053830000000001
          ],
          [
            80.25261,
            13.05348
          ],
          [
            80.25248,
            13.05339
          ],
          [
            80.25196000000001,
            13.05301
          ],
          [
            80.25144,
            13.05264
          ],
          [
            80.25092000000001,
            13.05226
          ],
          [
            80.25063,
            13.05202
          ],
          [
            80.25044000000001,
            13.05179
          ],
          [
            80.25027,
            13.051480000000002
          ],
          [
            80.2502,
            13.05136
          ],
          [
            80.25015,
            13.051210000000001
          ],
          [
            80.25016000000001,
            13.050970000000001
          ],
          [
            80.25018,
            13.05085
          ],
          [
            80.25023,
            13.050770000000002
          ],
          [
            80.25029,
            13.050720000000002
          ],
          [
            80.25036,
            13.0507
          ],
          [
            80.25043000000001,
            13.05071
          ],
          [
            80.25051,
            13.050740000000001
          ],
          [
            80.25056000000001,
            13.050770000000002
          ],
          [
            80.25059,
            13.050830000000001
          ],
          [
            80.25061000000001,
            13.051100000000002
          ],
          [
            80.25063,
            13.05155
          ],
          [
            80.25063,
            13.051610000000002
          ],
          [
            80.25071000000001,
            13.05202
          ],
          [
            80.25061000000001,
            13.052240000000001
          ],
          [
            80.25071000000001,
            13.052340000000001
          ],
          [
            80.25075000000001,
            13.052420000000001
          ],
          [
            80.25078,
            13.052460000000002
          ],
          [
            80.2506,
            13.05297
          ],
          [
            80.25056000000001,
            13.05305
          ],
          [
            80.25035000000001,
            13.053510000000001
          ],
          [
            80.25023,
            13.053740000000001
          ],
          [
            80.25018,
            13.0538
          ],
          [
            80.24963000000001,
            13.053690000000001
          ],
          [
            80.24914000000001,
            13.05358
          ],
          [
            80.24908,
            13.05357
          ],
          [
            80.24876,
            13.053500000000001
          ],
          [
            80.24853,
            13.053450000000002
          ],
          [
            80.24787,
            13.053300000000002
          ],
          [
            80.24721000000001,
            13.05314
          ],
          [
            80.24697,
            13.0531
          ],
          [
            80.24651,
            13.053020000000002
          ],
          [
            80.24603,
            13.052940000000001
          ],
          [
            80.24549,
            13.05287
          ],
          [
            80.24542000000001,
            13.05286
          ],
          [
            80.24536,
            13.052850000000001
          ],
          [
            80.2449,
            13.05278
          ],
          [
            80.24458000000001,
            13.052740000000002
          ],
          [
            80.24430000000001,
            13.05273
          ],
          [
            80.24394000000001,
            13.052740000000002
          ],
          [
            80.24371000000001,
            13.05277
          ],
          [
            80.24349000000001,
            13.052810000000001
          ],
          [
            80.24339,
            13.052800000000001
          ],
          [
            80.24317,
            13.052840000000002
          ],
          [
            80.24308,
            13.052810000000001
          ],
          [
            80.24293,
            13.052800000000001
          ],
          [
            80.24281,
            13.052790000000002
          ],
          [
            80.24245,
            13.052740000000002
          ],
          [
            80.24221,
            13.052690000000002
          ],
          [
            80.24204,
            13.052660000000001
          ],
          [
            80.24175000000001,
            13.052600000000002
          ],
          [
            80.24163,
            13.052560000000001
          ],
          [
            80.24161000000001,
            13.05264
          ],
          [
            80.24173,
            13.052990000000001
          ],
          [
            80.24183000000001,
            13.053260000000002
          ],
          [
            80.24195,
            13.053510000000001
          ],
          [
            80.24210000000001,
            13.05381
          ],
          [
            80.24215000000001,
            13.053920000000002
          ],
          [
            80.24219000000001,
            13.054050000000002
          ],
          [
            80.24222,
            13.054160000000001
          ],
          [
            80.24225000000001,
            13.05433
          ],
          [
            80.24228000000001,
            13.054530000000002
          ],
          [
            80.24229000000001,
            13.054640000000001
          ],
          [
            80.24229000000001,
            13.054810000000002
          ],
          [
            80.24228000000001,
            13.054860000000001
          ],
          [
            80.24220000000001,
            13.05516
          ],
          [
            80.24217,
            13.055320000000002
          ],
          [
            80.24216000000001,
            13.05545
          ],
          [
            80.24217,
            13.05559
          ],
          [
            80.24219000000001,
            13.055740000000002
          ],
          [
            80.24223,
            13.055880000000002
          ],
          [
            80.24228000000001,
            13.055990000000001
          ],
          [
            80.24234000000001,
            13.05611
          ],
          [
            80.24255000000001,
            13.05648
          ],
          [
            80.24257,
            13.05653
          ],
          [
            80.24259,
            13.05663
          ],
          [
            80.24259,
            13.056690000000001
          ],
          [
            80.24259,
            13.056730000000002
          ],
          [
            80.24258,
            13.05686
          ],
          [
            80.24246000000001,
            13.05694
          ],
          [
            80.24244,
            13.05695
          ],
          [
            80.2424,
            13.056980000000001
          ],
          [
            80.24234000000001,
            13.057020000000001
          ],
          [
            80.24199,
            13.057170000000001
          ],
          [
            80.24185000000001,
            13.057240000000002
          ],
          [
            80.2415,
            13.057440000000001
          ],
          [
            80.24134000000001,
            13.05756
          ],
          [
            80.24106,
            13.057810000000002
          ],
          [
            80.24066,
            13.058240000000001
          ],
          [
            80.24059000000001,
            13.058330000000002
          ],
          [
            80.24041000000001,
            13.058580000000001
          ],
          [
            80.24018000000001,
            13.05887
          ],
          [
            80.24008,
            13.05897
          ],
          [
            80.23994,
            13.059090000000001
          ],
          [
            80.23979000000001,
            13.059220000000002
          ],
          [
            80.23962,
            13.05934
          ],
          [
            80.23933000000001,
            13.059540000000002
          ],
          [
            80.23888000000001,
            13.05985
          ],
          [
            80.23853000000001,
            13.060110000000002
          ],
          [
            80.23847,
            13.060170000000001
          ],
          [
            80.23823,
            13.06043
          ],
          [
            80.23769,
            13.06094
          ],
          [
            80.23749000000001,
            13.061090000000002
          ],
          [
            80.23741000000001,
            13.06108
          ],
          [
            80.23739,
            13.061160000000001
          ],
          [
            80.23736000000001,
            13.061200000000001
          ],
          [
            80.23732000000001,
            13.06126
          ],
          [
            80.2372,
            13.061390000000001
          ],
          [
            80.23683000000001,
            13.06169
          ],
          [
            80.23647000000001,
            13.061990000000002
          ],
          [
            80.2363,
            13.062170000000002
          ],
          [
            80.23615000000001,
            13.06234
          ],
          [
            80.23579000000001,
            13.062890000000001
          ],
          [
            80.23554,
            13.06329
          ],
          [
            80.23530000000001,
            13.063680000000002
          ],
          [
            80.23518,
            13.063860000000002
          ],
          [
            80.23494000000001,
            13.064330000000002
          ],
          [
            80.2347,
            13.064760000000001
          ],
          [
            80.23446000000001,
            13.0652
          ],
          [
            80.23436000000001,
            13.06535
          ],
          [
            80.23427000000001,
            13.065430000000001
          ],
          [
            80.23419000000001,
            13.06548
          ],
          [
            80.23379000000001,
            13.065710000000001
          ],
          [
            80.23374000000001,
            13.06573
          ],
          [
            80.23326,
            13.065890000000001
          ],
          [
            80.23279000000001,
            13.06606
          ],
          [
            80.23221000000001,
            13.06624
          ],
          [
            80.23163000000001,
            13.06642
          ],
          [
            80.23147,
            13.066460000000001
          ],
          [
            80.23135,
            13.066490000000002
          ],
          [
            80.23061000000001,
            13.066650000000001
          ],
          [
            80.23015000000001,
            13.06676
          ],
          [
            80.23007000000001,
            13.06676
          ],
          [
            80.22954,
            13.066730000000002
          ],
          [
            80.22934000000001,
            13.0667
          ],
          [
            80.22904000000001,
            13.066680000000002
          ],
          [
            80.22874,
            13.066690000000001
          ],
          [
            80.22869,
            13.066690000000001
          ],
          [
            80.22814000000001,
            13.066930000000001
          ],
          [
            80.22775,
            13.067110000000001
          ],
          [
            80.22771,
            13.06713
          ],
          [
            80.22760000000001,
            13.06722
          ],
          [
            80.22741,
            13.06737
          ],
          [
            80.22712000000001,
            13.067620000000002
          ],
          [
            80.22703000000001,
            13.0677
          ],
          [
            80.22678,
            13.067900000000002
          ],
          [
            80.22664,
            13.068000000000001
          ],
          [
            80.22646,
            13.068140000000001
          ],
          [
            80.22598,
            13.068520000000001
          ],
          [
            80.22558000000001,
            13.06886
          ],
          [
            80.22502,
            13.069320000000001
          ],
          [
            80.22446000000001,
            13.069780000000002
          ],
          [
            80.224,
            13.070210000000001
          ],
          [
            80.22370000000001,
            13.070480000000002
          ],
          [
            80.2236,
            13.070570000000002
          ],
          [
            80.22325000000001,
            13.07084
          ],
          [
            80.22294000000001,
            13.071090000000002
          ],
          [
            80.22286000000001,
            13.07116
          ],
          [
            80.22259000000001,
            13.071370000000002
          ],
          [
            80.22253,
            13.071420000000002
          ],
          [
            80.22237000000001,
            13.07155
          ],
          [
            80.22231000000001,
            13.071600000000002
          ],
          [
            80.22191000000001,
            13.07192
          ],
          [
            80.22159,
            13.072170000000002
          ],
          [
            80.22119,
            13.07253
          ],
          [
            80.22116000000001,
            13.072560000000001
          ],
          [
            80.22103000000001,
            13.07272
          ],
          [
            80.22102000000001,
            13.072730000000002
          ],
          [
            80.22094000000001,
            13.072870000000002
          ],
          [
            80.2209,
            13.073
          ],
          [
            80.22088000000001,
            13.073200000000002
          ],
          [
            80.22088000000001,
            13.07365
          ],
          [
            80.22088000000001,
            13.07407
          ],
          [
            80.22084000000001,
            13.074200000000001
          ],
          [
            80.22079000000001,
            13.074250000000001
          ],
          [
            80.22067000000001,
            13.07436
          ],
          [
            80.22055,
            13.07431
          ],
          [
            80.21995000000001,
            13.07445
          ],
          [
            80.21946000000001,
            13.074510000000002
          ],
          [
            80.21885,
            13.074620000000001
          ],
          [
            80.21872,
            13.07468
          ],
          [
            80.21861000000001,
            13.074770000000001
          ],
          [
            80.21824000000001,
            13.07483
          ],
          [
            80.21792,
            13.07487
          ],
          [
            80.21778,
            13.074900000000001
          ],
          [
            80.21758000000001,
            13.074930000000002
          ],
          [
            80.21742,
            13.074950000000001
          ],
          [
            80.21707,
            13.07501
          ],
          [
            80.21667000000001,
            13.075080000000002
          ],
          [
            80.21616,
            13.075140000000001
          ],
          [
            80.21603,
            13.07515
          ],
          [
            80.21526,
            13.07524
          ],
          [
            80.21509,
            13.075260000000002
          ],
          [
            80.21478,
            13.075330000000001
          ],
          [
            80.21457000000001,
            13.075400000000002
          ],
          [
            80.21390000000001,
            13.075650000000001
          ],
          [
            80.21369,
            13.07576
          ],
          [
            80.21343,
            13.075920000000002
          ],
          [
            80.21273000000001,
            13.07637
          ],
          [
            80.21219,
            13.076740000000001
          ],
          [
            80.21207000000001,
            13.076810000000002
          ],
          [
            80.21197000000001,
            13.076860000000002
          ],
          [
            80.21187,
            13.0769
          ],
          [
            80.21173,
            13.076950000000002
          ],
          [
            80.21135000000001,
            13.077020000000001
          ],
          [
            80.21097,
            13.07707
          ],
          [
            80.21058000000001,
            13.07712
          ],
          [
            80.20997000000001,
            13.07718
          ],
          [
            80.20961000000001,
            13.077210000000001
          ],
          [
            80.20914,
            13.077200000000001
          ],
          [
            80.20902000000001,
            13.077190000000002
          ],
          [
            80.20857000000001,
            13.077140000000002
          ],
          [
            80.20844000000001,
            13.07712
          ],
          [
            80.20793,
            13.077100000000002
          ],
          [
            80.20750000000001,
            13.077090000000002
          ],
          [
            80.20723000000001,
            13.077090000000002
          ],
          [
            80.20691000000001,
            13.07707
          ],
          [
            80.20670000000001,
            13.077050000000002
          ],
          [
            80.20635,
            13.07699
          ],
          [
            80.20583,
            13.076910000000002
          ],
          [
            80.20540000000001,
            13.076830000000001
          ],
          [
            80.20509000000001,
            13.076770000000002
          ],
          [
            80.20451000000001,
            13.076680000000001
          ],
          [
            80.20432000000001,
            13.076630000000002
          ],
          [
            80.20366000000001,
            13.076490000000002
          ],
          [
            80.20284000000001,
            13.07629
          ],
          [
            80.20259,
            13.076260000000001
          ],
          [
            80.20234,
            13.07623
          ],
          [
            80.20218000000001,
            13.076220000000001
          ],
          [
            80.20194000000001,
            13.07623
          ],
          [
            80.20159000000001,
            13.076260000000001
          ],
          [
            80.20141000000001,
            13.07629
          ],
          [
            80.20097000000001,
            13.076360000000001
          ],
          [
            80.20071,
            13.07638
          ],
          [
            80.20047000000001,
            13.07638
          ],
          [
            80.20031,
            13.076360000000001
          ],
          [
            80.20014,
            13.07633
          ],
          [
            80.19953000000001,
            13.07618
          ],
          [
            80.19879,
            13.075990000000001
          ],
          [
            80.19806000000001,
            13.075800000000001
          ],
          [
            80.19738000000001,
            13.07563
          ],
          [
            80.19671000000001,
            13.075450000000002
          ],
          [
            80.19644000000001,
            13.075380000000001
          ],
          [
            80.19627000000001,
            13.075330000000001
          ],
          [
            80.19596,
            13.07525
          ],
          [
            80.19572000000001,
            13.075180000000001
          ],
          [
            80.19550000000001,
            13.0751
          ],
          [
            80.19523000000001,
            13.07496
          ],
          [
            80.19484000000001,
            13.074670000000001
          ],
          [
            80.19466000000001,
            13.074530000000001
          ],
          [
            80.19444,
            13.07436
          ],
          [
            80.19419,
            13.074230000000002
          ],
          [
            80.19401,
            13.074160000000001
          ],
          [
            80.19383,
            13.07412
          ],
          [
            80.19354000000001,
            13.074090000000002
          ],
          [
            80.19315,
            13.074090000000002
          ],
          [
            80.19246000000001,
            13.07413
          ],
          [
            80.19224000000001,
            13.074140000000002
          ],
          [
            80.19167,
            13.074140000000002
          ],
          [
            80.19127,
            13.07413
          ],
          [
            80.19108,
            13.074100000000001
          ],
          [
            80.19094000000001,
            13.07403
          ],
          [
            80.19078,
            13.073900000000002
          ],
          [
            80.19059,
            13.07375
          ],
          [
            80.19016,
            13.07338
          ],
          [
            80.18991000000001,
            13.073170000000001
          ],
          [
            80.18953,
            13.072930000000001
          ],
          [
            80.18928000000001,
            13.0728
          ],
          [
            80.18851000000001,
            13.07243
          ],
          [
            80.18838000000001,
            13.072370000000001
          ],
          [
            80.18814,
            13.072260000000002
          ],
          [
            80.18759,
            13.07201
          ],
          [
            80.18713000000001,
            13.071810000000001
          ],
          [
            80.18664000000001,
            13.07164
          ],
          [
            80.18616,
            13.071460000000002
          ],
          [
            80.18570000000001,
            13.071330000000001
          ],
          [
            80.18542000000001,
            13.07126
          ],
          [
            80.18524000000001,
            13.07122
          ],
          [
            80.18466000000001,
            13.071090000000002
          ],
          [
            80.18421000000001,
            13.070990000000002
          ],
          [
            80.18364000000001,
            13.07083
          ],
          [
            80.18331,
            13.070710000000002
          ],
          [
            80.18289,
            13.070530000000002
          ],
          [
            80.18267,
            13.070430000000002
          ],
          [
            80.18237,
            13.07028
          ],
          [
            80.18191,
            13.07
          ],
          [
            80.18168,
            13.06986
          ],
          [
            80.18122000000001,
            13.069540000000002
          ],
          [
            80.18075,
            13.069230000000001
          ],
          [
            80.18014000000001,
            13.068830000000002
          ],
          [
            80.17977,
            13.068560000000002
          ],
          [
            80.1795,
            13.06836
          ],
          [
            80.179,
            13.068040000000002
          ],
          [
            80.17837,
            13.067660000000002
          ],
          [
            80.17828,
            13.067620000000002
          ],
          [
            80.17815,
            13.067570000000002
          ],
          [
            80.17813000000001,
            13.06755
          ],
          [
            80.17796000000001,
            13.0675
          ],
          [
            80.17789,
            13.067490000000001
          ],
          [
            80.17782000000001,
            13.067480000000002
          ],
          [
            80.17726,
            13.067450000000001
          ],
          [
            80.17686,
            13.067450000000001
          ],
          [
            80.17636,
            13.06742
          ],
          [
            80.17623,
            13.067400000000001
          ],
          [
            80.17611000000001,
            13.06737
          ],
          [
            80.17596,
            13.06731
          ],
          [
            80.17585000000001,
            13.06727
          ],
          [
            80.17557000000001,
            13.067110000000001
          ],
          [
            80.17513000000001,
            13.066820000000002
          ],
          [
            80.17474,
            13.066550000000001
          ],
          [
            80.17435,
            13.06628
          ],
          [
            80.17393000000001,
            13.065990000000001
          ],
          [
            80.17351000000001,
            13.065710000000001
          ],
          [
            80.17307000000001,
            13.065410000000002
          ],
          [
            80.17275000000001,
            13.065190000000001
          ],
          [
            80.17251,
            13.06502
          ],
          [
            80.17241000000001,
            13.064950000000001
          ],
          [
            80.17227000000001,
            13.06484
          ],
          [
            80.17177000000001,
            13.064490000000001
          ],
          [
            80.17164000000001,
            13.06441
          ],
          [
            80.17157,
            13.06437
          ],
          [
            80.17134,
            13.064280000000002
          ],
          [
            80.17109,
            13.064190000000002
          ],
          [
            80.1709,
            13.064140000000002
          ],
          [
            80.17063,
            13.064110000000001
          ],
          [
            80.17035000000001,
            13.064100000000002
          ],
          [
            80.17022,
            13.064110000000001
          ],
          [
            80.16938,
            13.064150000000001
          ],
          [
            80.16922000000001,
            13.064150000000001
          ],
          [
            80.16896000000001,
            13.064140000000002
          ],
          [
            80.16882000000001,
            13.06412
          ],
          [
            80.16856000000001,
            13.064060000000001
          ],
          [
            80.16826,
            13.063950000000002
          ],
          [
            80.16804,
            13.063830000000001
          ],
          [
            80.16782,
            13.063680000000002
          ],
          [
            80.16747000000001,
            13.06342
          ],
          [
            80.16716000000001,
            13.06314
          ],
          [
            80.1671,
            13.06309
          ],
          [
            80.16689000000001,
            13.06291
          ],
          [
            80.16677,
            13.06281
          ],
          [
            80.16636000000001,
            13.06243
          ],
          [
            80.16623000000001,
            13.062310000000002
          ],
          [
            80.16609000000001,
            13.062180000000001
          ],
          [
            80.16606,
            13.06215
          ],
          [
            80.16590000000001,
            13.061980000000002
          ],
          [
            80.16568000000001,
            13.06173
          ],
          [
            80.16546000000001,
            13.061570000000001
          ],
          [
            80.16521,
            13.061430000000001
          ],
          [
            80.16502000000001,
            13.061370000000002
          ],
          [
            80.16460000000001,
            13.061280000000002
          ],
          [
            80.16431,
            13.061240000000002
          ],
          [
            80.16386,
            13.06122
          ],
          [
            80.16334,
            13.061240000000002
          ],
          [
            80.16281000000001,
            13.061250000000001
          ],
          [
            80.16260000000001,
            13.061090000000002
          ],
          [
            80.16246000000001,
            13.06094
          ],
          [
            80.16238000000001,
            13.060780000000001
          ],
          [
            80.16229000000001,
            13.060550000000001
          ],
          [
            80.16222,
            13.06043
          ],
          [
            80.16213,
            13.06032
          ],
          [
            80.16199,
            13.060220000000001
          ],
          [
            80.16187000000001,
            13.06014
          ],
          [
            80.16151,
            13.059980000000001
          ],
          [
            80.16136,
            13.05991
          ],
          [
            80.16124,
            13.059840000000001
          ],
          [
            80.16118,
            13.059780000000002
          ],
          [
            80.16113,
            13.059690000000002
          ],
          [
            80.16102000000001,
            13.059230000000001
          ],
          [
            80.16096,
            13.059040000000001
          ],
          [
            80.16089000000001,
            13.05882
          ],
          [
            80.16075000000001,
            13.0585
          ],
          [
            80.1607,
            13.05841
          ],
          [
            80.16048,
            13.058150000000001
          ],
          [
            80.16033,
            13.05788
          ],
          [
            80.16005000000001,
            13.057500000000001
          ],
          [
            80.15987000000001,
            13.05728
          ],
          [
            80.15952,
            13.056930000000001
          ],
          [
            80.15909,
            13.056550000000001
          ],
          [
            80.15864,
            13.056220000000001
          ],
          [
            80.15809,
            13.055840000000002
          ],
          [
            80.15762000000001,
            13.055510000000002
          ],
          [
            80.15694,
            13.055040000000002
          ],
          [
            80.15626,
            13.054580000000001
          ],
          [
            80.15582,
            13.054290000000002
          ],
          [
            80.15538000000001,
            13.054
          ],
          [
            80.15495,
            13.053730000000002
          ],
          [
            80.15451,
            13.053460000000001
          ],
          [
            80.15393,
            13.053160000000002
          ],
          [
            80.15336,
            13.05287
          ],
          [
            80.15278,
            13.052570000000001
          ],
          [
            80.15235000000001,
            13.052370000000002
          ],
          [
            80.15198000000001,
            13.052180000000002
          ],
          [
            80.15174,
            13.052050000000001
          ],
          [
            80.15150000000001,
            13.05188
          ],
          [
            80.15125,
            13.0517
          ],
          [
            80.15104000000001,
            13.051520000000002
          ],
          [
            80.15078000000001,
            13.051250000000001
          ],
          [
            80.15052,
            13.050910000000002
          ],
          [
            80.15035,
            13.05062
          ],
          [
            80.15026,
            13.050440000000002
          ],
          [
            80.15015000000001,
            13.050180000000001
          ],
          [
            80.15005000000001,
            13.04987
          ],
          [
            80.15,
            13.04967
          ],
          [
            80.14997000000001,
            13.049510000000001
          ],
          [
            80.14994,
            13.049230000000001
          ],
          [
            80.1499,
            13.048680000000001
          ],
          [
            80.14987,
            13.04813
          ],
          [
            80.14983000000001,
            13.047440000000002
          ],
          [
            80.14979000000001,
            13.046750000000001
          ],
          [
            80.14974000000001,
            13.045990000000002
          ],
          [
            80.14973,
            13.045560000000002
          ],
          [
            80.14970000000001,
            13.044770000000002
          ],
          [
            80.14970000000001,
            13.04432
          ],
          [
            80.14970000000001,
            13.0441
          ],
          [
            80.14970000000001,
            13.043550000000002
          ],
          [
            80.14966000000001,
            13.043030000000002
          ],
          [
            80.14964,
            13.042900000000001
          ],
          [
            80.14958,
            13.04259
          ],
          [
            80.14956000000001,
            13.042390000000001
          ],
          [
            80.14952000000001,
            13.041640000000001
          ],
          [
            80.14948000000001,
            13.040890000000001
          ],
          [
            80.14944000000001,
            13.040140000000001
          ],
          [
            80.1494,
            13.039380000000001
          ],
          [
            80.14936,
            13.038630000000001
          ],
          [
            80.14932,
            13.037880000000001
          ],
          [
            80.14927,
            13.037020000000002
          ],
          [
            80.14923,
            13.03616
          ],
          [
            80.14918,
            13.03527
          ],
          [
            80.14914,
            13.03438
          ],
          [
            80.14907000000001,
            13.03377
          ],
          [
            80.14896,
            13.033150000000001
          ],
          [
            80.14876000000001,
            13.03246
          ],
          [
            80.14871000000001,
            13.032280000000002
          ],
          [
            80.14854000000001,
            13.031780000000001
          ],
          [
            80.14841000000001,
            13.031450000000001
          ],
          [
            80.14823000000001,
            13.03109
          ],
          [
            80.14803,
            13.03072
          ],
          [
            80.14764000000001,
            13.030100000000001
          ],
          [
            80.14726,
            13.029560000000002
          ],
          [
            80.14683000000001,
            13.029050000000002
          ],
          [
            80.1464,
            13.0286
          ],
          [
            80.14607000000001,
            13.028310000000001
          ],
          [
            80.14541000000001,
            13.02777
          ],
          [
            80.14475,
            13.02724
          ],
          [
            80.14409,
            13.026710000000001
          ],
          [
            80.14343000000001,
            13.026180000000002
          ],
          [
            80.14277000000001,
            13.025640000000001
          ],
          [
            80.14211,
            13.025110000000002
          ],
          [
            80.14145,
            13.02458
          ],
          [
            80.14078,
            13.02405
          ],
          [
            80.14054,
            13.02386
          ],
          [
            80.14011,
            13.02349
          ],
          [
            80.13968000000001,
            13.02311
          ],
          [
            80.13941000000001,
            13.02289
          ],
          [
            80.13902,
            13.022590000000001
          ],
          [
            80.13853,
            13.022190000000002
          ],
          [
            80.13804,
            13.021790000000001
          ],
          [
            80.13757000000001,
            13.021410000000001
          ],
          [
            80.13696,
            13.02092
          ],
          [
            80.13634,
            13.02044
          ],
          [
            80.13573000000001,
            13.019950000000001
          ],
          [
            80.13510000000001,
            13.019380000000002
          ],
          [
            80.13463,
            13.018960000000002
          ],
          [
            80.13417000000001,
            13.018540000000002
          ],
          [
            80.13371000000001,
            13.018130000000001
          ],
          [
            80.13318000000001,
            13.017640000000002
          ],
          [
            80.13260000000001,
            13.01712
          ],
          [
            80.13201000000001,
            13.016630000000001
          ],
          [
            80.13164,
            13.016350000000001
          ],
          [
            80.13128,
            13.016070000000001
          ],
          [
            80.13103000000001,
            13.015880000000001
          ],
          [
            80.13049000000001,
            13.01547
          ],
          [
            80.12994,
            13.015070000000001
          ],
          [
            80.1294,
            13.014660000000001
          ],
          [
            80.12923,
            13.01453
          ],
          [
            80.12902000000001,
            13.014320000000001
          ],
          [
            80.12865000000001,
            13.01392
          ],
          [
            80.12838,
            13.013560000000002
          ],
          [
            80.12824,
            13.01336
          ],
          [
            80.12793,
            13.0128
          ],
          [
            80.12778,
            13.01247
          ],
          [
            80.12761,
            13.011870000000002
          ],
          [
            80.12754000000001,
            13.011600000000001
          ],
          [
            80.12751,
            13.01138
          ],
          [
            80.12743,
            13.01077
          ],
          [
            80.12739,
            13.01007
          ],
          [
            80.12739,
            13.00937
          ],
          [
            80.12739,
            13.008490000000002
          ],
          [
            80.12739,
            13.00786
          ],
          [
            80.12736000000001,
            13.00731
          ],
          [
            80.12734,
            13.006760000000002
          ],
          [
            80.12733,
            13.006300000000001
          ],
          [
            80.12732000000001,
            13.005840000000001
          ],
          [
            80.12731000000001,
            13.005110000000002
          ],
          [
            80.12729,
            13.004380000000001
          ],
          [
            80.12726,
            13.00406
          ],
          [
            80.12714000000001,
            13.003250000000001
          ],
          [
            80.12704000000001,
            13.002860000000002
          ],
          [
            80.1269,
            13.002460000000001
          ],
          [
            80.12675,
            13.002060000000002
          ],
          [
            80.12658,
            13.00168
          ],
          [
            80.12634000000001,
            13.001240000000001
          ],
          [
            80.12595,
            13.0006
          ],
          [
            80.12559,
            13.00004
          ],
          [
            80.12523,
            12.999480000000002
          ],
          [
            80.12487,
            12.998920000000002
          ],
          [
            80.12451,
            12.998360000000002
          ],
          [
            80.12416,
            12.997800000000002
          ],
          [
            80.12367,
            12.997050000000002
          ],
          [
            80.12319000000001,
            12.996310000000001
          ],
          [
            80.12270000000001,
            12.995560000000001
          ],
          [
            80.12243000000001,
            12.995070000000002
          ],
          [
            80.12235000000001,
            12.994940000000001
          ],
          [
            80.12211,
            12.994530000000001
          ],
          [
            80.12196,
            12.99413
          ],
          [
            80.12185000000001,
            12.993710000000002
          ],
          [
            80.12178,
            12.993200000000002
          ],
          [
            80.12169,
            12.992460000000001
          ],
          [
            80.12161,
            12.99173
          ],
          [
            80.12152,
            12.991000000000001
          ],
          [
            80.12143,
            12.990250000000001
          ],
          [
            80.12134,
            12.989500000000001
          ],
          [
            80.12126,
            12.98872
          ],
          [
            80.12118000000001,
            12.987940000000002
          ],
          [
            80.12112,
            12.987340000000001
          ],
          [
            80.12108,
            12.986790000000001
          ],
          [
            80.12104000000001,
            12.98624
          ],
          [
            80.12101000000001,
            12.985610000000001
          ],
          [
            80.12098,
            12.98497
          ],
          [
            80.12096000000001,
            12.984200000000001
          ],
          [
            80.12091000000001,
            12.983590000000001
          ],
          [
            80.12086000000001,
            12.982970000000002
          ],
          [
            80.12082000000001,
            12.982230000000001
          ],
          [
            80.12077000000001,
            12.9815
          ],
          [
            80.12073000000001,
            12.980760000000002
          ],
          [
            80.12069000000001,
            12.980020000000001
          ],
          [
            80.12061000000001,
            12.979610000000001
          ],
          [
            80.12042000000001,
            12.978900000000001
          ],
          [
            80.12022,
            12.978200000000001
          ],
          [
            80.12003,
            12.977490000000001
          ],
          [
            80.11983000000001,
            12.976790000000001
          ],
          [
            80.11964,
            12.976080000000001
          ],
          [
            80.11945,
            12.97539
          ],
          [
            80.11927,
            12.974710000000002
          ],
          [
            80.11908000000001,
            12.974020000000001
          ],
          [
            80.11890000000001,
            12.97333
          ],
          [
            80.11881000000001,
            12.973
          ],
          [
            80.11877000000001,
            12.972740000000002
          ],
          [
            80.11874,
            12.972460000000002
          ],
          [
            80.11871000000001,
            12.97212
          ],
          [
            80.11872000000001,
            12.971630000000001
          ],
          [
            80.11876000000001,
            12.9709
          ],
          [
            80.11880000000001,
            12.970170000000001
          ],
          [
            80.11884,
            12.96944
          ],
          [
            80.11888,
            12.968700000000002
          ],
          [
            80.11892,
            12.967970000000001
          ],
          [
            80.11896,
            12.96724
          ],
          [
            80.11899000000001,
            12.966500000000002
          ],
          [
            80.11903000000001,
            12.965760000000001
          ],
          [
            80.11905,
            12.965440000000001
          ],
          [
            80.11909,
            12.964670000000002
          ],
          [
            80.11913000000001,
            12.963890000000001
          ],
          [
            80.11913000000001,
            12.963890000000001
          ],
          [
            80.11917000000001,
            12.963120000000002
          ],
          [
            80.11921000000001,
            12.962340000000001
          ],
          [
            80.11925000000001,
            12.96161
          ],
          [
            80.11930000000001,
            12.960870000000002
          ],
          [
            80.11931000000001,
            12.96015
          ],
          [
            80.11931000000001,
            12.95939
          ],
          [
            80.11928,
            12.958720000000001
          ],
          [
            80.11925000000001,
            12.958060000000001
          ],
          [
            80.11924,
            12.95747
          ],
          [
            80.11922000000001,
            12.95687
          ],
          [
            80.11922000000001,
            12.956080000000002
          ],
          [
            80.11921000000001,
            12.95583
          ],
          [
            80.11917000000001,
            12.955620000000001
          ],
          [
            80.1191,
            12.955190000000002
          ],
          [
            80.11894000000001,
            12.954630000000002
          ],
          [
            80.11882,
            12.95429
          ],
          [
            80.11864000000001,
            12.95391
          ],
          [
            80.11848,
            12.953660000000001
          ],
          [
            80.11823000000001,
            12.953310000000002
          ],
          [
            80.11800000000001,
            12.953050000000001
          ],
          [
            80.11777000000001,
            12.95283
          ],
          [
            80.11753,
            12.952630000000001
          ],
          [
            80.11721,
            12.952380000000002
          ],
          [
            80.11689000000001,
            12.95218
          ],
          [
            80.11605,
            12.951810000000002
          ],
          [
            80.11545000000001,
            12.951620000000002
          ],
          [
            80.11486000000001,
            12.95143
          ],
          [
            80.11427,
            12.95124
          ],
          [
            80.11365,
            12.951070000000001
          ],
          [
            80.11288,
            12.950840000000001
          ],
          [
            80.11211,
            12.950610000000001
          ],
          [
            80.11133000000001,
            12.950380000000001
          ],
          [
            80.11056,
            12.950140000000001
          ],
          [
            80.11024,
            12.950040000000001
          ],
          [
            80.10994000000001,
            12.94992
          ],
          [
            80.10973000000001,
            12.94983
          ],
          [
            80.10952,
            12.949720000000001
          ],
          [
            80.10925,
            12.949560000000002
          ],
          [
            80.10894,
            12.94935
          ],
          [
            80.10872,
            12.949190000000002
          ],
          [
            80.10853,
            12.949010000000001
          ],
          [
            80.10834000000001,
            12.948820000000001
          ],
          [
            80.10812,
            12.948570000000002
          ],
          [
            80.10791,
            12.948290000000002
          ],
          [
            80.10775000000001,
            12.94805
          ],
          [
            80.10738,
            12.947370000000001
          ],
          [
            80.10706,
            12.946760000000001
          ],
          [
            80.10673000000001,
            12.94616
          ],
          [
            80.10650000000001,
            12.945730000000001
          ],
          [
            80.10627000000001,
            12.945290000000002
          ],
          [
            80.10603,
            12.94485
          ],
          [
            80.10575,
            12.94433
          ],
          [
            80.10531,
            12.943550000000002
          ],
          [
            80.10511000000001,
            12.94325
          ],
          [
            80.10494000000001,
            12.94303
          ],
          [
            80.10482,
            12.942900000000002
          ],
          [
            80.10448000000001,
            12.942580000000001
          ],
          [
            80.10408000000001,
            12.94228
          ],
          [
            80.10359000000001,
            12.941920000000001
          ],
          [
            80.10310000000001,
            12.94156
          ],
          [
            80.10237000000001,
            12.941040000000001
          ],
          [
            80.10181,
            12.94063
          ],
          [
            80.1015,
            12.940370000000001
          ],
          [
            80.10123,
            12.94012
          ],
          [
            80.10086000000001,
            12.939750000000002
          ],
          [
            80.10055000000001,
            12.939340000000001
          ],
          [
            80.1003,
            12.93899
          ],
          [
            80.10006000000001,
            12.93857
          ],
          [
            80.09983000000001,
            12.93809
          ],
          [
            80.09972,
            12.93781
          ],
          [
            80.09964000000001,
            12.937590000000002
          ],
          [
            80.09955000000001,
            12.937270000000002
          ],
          [
            80.09943000000001,
            12.936770000000001
          ],
          [
            80.09934000000001,
            12.936060000000001
          ],
          [
            80.09933000000001,
            12.9359
          ],
          [
            80.09934000000001,
            12.935270000000001
          ],
          [
            80.09943000000001,
            12.93438
          ],
          [
            80.09951000000001,
            12.93349
          ],
          [
            80.09959,
            12.9326
          ],
          [
            80.09968,
            12.93172
          ],
          [
            80.09977,
            12.93083
          ],
          [
            80.09986,
            12.929950000000002
          ],
          [
            80.09995,
            12.929060000000002
          ],
          [
            80.10003,
            12.928180000000001
          ],
          [
            80.10012,
            12.9273
          ],
          [
            80.10017,
            12.92678
          ],
          [
            80.10023000000001,
            12.926260000000001
          ],
          [
            80.10029,
            12.925680000000002
          ],
          [
            80.10036000000001,
            12.92509
          ],
          [
            80.10046000000001,
            12.924330000000001
          ],
          [
            80.10056,
            12.923560000000002
          ],
          [
            80.10066,
            12.92279
          ],
          [
            80.10068000000001,
            12.92266
          ],
          [
            80.10052,
            12.92265
          ],
          [
            80.10051,
            12.92275
          ],
          [
            80.10041000000001,
            12.92351
          ],
          [
            80.10032000000001,
            12.924270000000002
          ],
          [
            80.10022000000001,
            12.925040000000001
          ],
          [
            80.10013000000001,
            12.92576
          ],
          [
            80.10004,
            12.926480000000002
          ],
          [
            80.10000000000001,
            12.926990000000002
          ],
          [
            80.09995,
            12.9275
          ],
          [
            80.09988000000001,
            12.92825
          ],
          [
            80.09981,
            12.92899
          ],
          [
            80.09973000000001,
            12.92974
          ],
          [
            80.09968,
            12.930230000000002
          ],
          [
            80.09964000000001,
            12.93072
          ],
          [
            80.09956000000001,
            12.931420000000001
          ],
          [
            80.09949,
            12.93213
          ],
          [
            80.09941,
            12.93294
          ],
          [
            80.09933000000001,
            12.933750000000002
          ],
          [
            80.09926,
            12.934550000000002
          ],
          [
            80.09918,
            12.935360000000001
          ],
          [
            80.09918,
            12.93584
          ],
          [
            80.09923,
            12.936300000000001
          ],
          [
            80.09928000000001,
            12.936750000000002
          ],
          [
            80.09942000000001,
            12.93739
          ],
          [
            80.09952000000001,
            12.937700000000001
          ],
          [
            80.09968,
            12.938110000000002
          ],
          [
            80.09996000000001,
            12.938690000000001
          ],
          [
            80.10016,
            12.939050000000002
          ],
          [
            80.10044,
            12.93945
          ],
          [
            80.10072000000001,
            12.939800000000002
          ],
          [
            80.10135000000001,
            12.940430000000001
          ],
          [
            80.10164,
            12.94068
          ],
          [
            80.10220000000001,
            12.94109
          ],
          [
            80.10277,
            12.941500000000001
          ],
          [
            80.10333,
            12.941920000000001
          ],
          [
            80.10390000000001,
            12.942330000000002
          ],
          [
            80.10430000000001,
            12.94264
          ],
          [
            80.10457000000001,
            12.942870000000001
          ],
          [
            80.10478,
            12.94307
          ],
          [
            80.10498000000001,
            12.943320000000002
          ],
          [
            80.10527,
            12.943760000000001
          ],
          [
            80.10565000000001,
            12.94448
          ],
          [
            80.10604000000001,
            12.945200000000002
          ],
          [
            80.10643,
            12.945920000000001
          ],
          [
            80.10682000000001,
            12.94664
          ],
          [
            80.10721000000001,
            12.947370000000001
          ],
          [
            80.10761000000001,
            12.948110000000002
          ],
          [
            80.10786,
            12.94847
          ],
          [
            80.10802000000001,
            12.948680000000001
          ],
          [
            80.10822,
            12.948910000000001
          ],
          [
            80.10838000000001,
            12.94908
          ],
          [
            80.10857,
            12.949250000000001
          ],
          [
            80.10881,
            12.949430000000001
          ],
          [
            80.10912,
            12.949650000000002
          ],
          [
            80.10941000000001,
            12.94983
          ],
          [
            80.10969,
            12.94997
          ],
          [
            80.11004000000001,
            12.950120000000002
          ],
          [
            80.11033,
            12.950230000000001
          ],
          [
            80.11110000000001,
            12.950460000000001
          ],
          [
            80.11187000000001,
            12.950690000000002
          ],
          [
            80.11263000000001,
            12.950920000000002
          ],
          [
            80.11340000000001,
            12.951150000000002
          ],
          [
            80.114,
            12.95132
          ],
          [
            80.11471,
            12.951540000000001
          ],
          [
            80.11541000000001,
            12.95175
          ],
          [
            80.11586000000001,
            12.95189
          ],
          [
            80.11629,
            12.952060000000001
          ],
          [
            80.11682,
            12.95231
          ],
          [
            80.11715000000001,
            12.95251
          ],
          [
            80.11755000000001,
            12.95283
          ],
          [
            80.11784,
            12.953100000000001
          ],
          [
            80.11808,
            12.953360000000002
          ],
          [
            80.1183,
            12.95363
          ],
          [
            80.11848,
            12.953930000000001
          ],
          [
            80.11865,
            12.95428
          ],
          [
            80.11880000000001,
            12.954690000000001
          ],
          [
            80.11889000000001,
            12.95498
          ],
          [
            80.11895000000001,
            12.95523
          ],
          [
            80.11903000000001,
            12.95564
          ],
          [
            80.11906,
            12.95583
          ],
          [
            80.11906,
            12.956100000000001
          ],
          [
            80.11907000000001,
            12.95687
          ],
          [
            80.11909,
            12.95766
          ],
          [
            80.1191,
            12.95818
          ],
          [
            80.11913000000001,
            12.95874
          ],
          [
            80.11916000000001,
            12.9593
          ],
          [
            80.11917000000001,
            12.96014
          ],
          [
            80.11915,
            12.960730000000002
          ],
          [
            80.11913000000001,
            12.961310000000001
          ],
          [
            80.11909,
            12.961810000000002
          ],
          [
            80.11906,
            12.96231
          ],
          [
            80.11902,
            12.9631
          ],
          [
            80.11898000000001,
            12.963890000000001
          ],
          [
            80.11894000000001,
            12.964680000000001
          ],
          [
            80.11890000000001,
            12.965470000000002
          ],
          [
            80.11888,
            12.965770000000001
          ],
          [
            80.11884,
            12.966560000000001
          ],
          [
            80.11880000000001,
            12.967350000000001
          ],
          [
            80.11876000000001,
            12.968140000000002
          ],
          [
            80.11871000000001,
            12.96893
          ],
          [
            80.11867000000001,
            12.96973
          ],
          [
            80.11863000000001,
            12.97052
          ],
          [
            80.11859000000001,
            12.97131
          ],
          [
            80.11856,
            12.972130000000002
          ],
          [
            80.11858000000001,
            12.97235
          ],
          [
            80.11861,
            12.972690000000002
          ],
          [
            80.11865,
            12.97295
          ],
          [
            80.11871000000001,
            12.97324
          ],
          [
            80.11890000000001,
            12.973930000000001
          ],
          [
            80.11908000000001,
            12.974620000000002
          ],
          [
            80.11927,
            12.97531
          ],
          [
            80.11946,
            12.97601
          ],
          [
            80.11964,
            12.976640000000002
          ],
          [
            80.11982,
            12.97727
          ],
          [
            80.12,
            12.977900000000002
          ],
          [
            80.12021,
            12.978710000000001
          ],
          [
            80.12034000000001,
            12.979190000000001
          ],
          [
            80.12048,
            12.97967
          ],
          [
            80.12053,
            12.979980000000001
          ],
          [
            80.12059,
            12.980820000000001
          ],
          [
            80.12064000000001,
            12.981660000000002
          ],
          [
            80.12069000000001,
            12.98249
          ],
          [
            80.12074000000001,
            12.983340000000002
          ],
          [
            80.12078000000001,
            12.98418
          ],
          [
            80.12082000000001,
            12.984990000000002
          ],
          [
            80.12085,
            12.98553
          ],
          [
            80.12088,
            12.986250000000002
          ],
          [
            80.12093,
            12.9868
          ],
          [
            80.12098,
            12.987340000000001
          ],
          [
            80.12104000000001,
            12.987960000000001
          ],
          [
            80.12113000000001,
            12.988790000000002
          ],
          [
            80.12121,
            12.98962
          ],
          [
            80.12129,
            12.99036
          ],
          [
            80.12138,
            12.991100000000001
          ],
          [
            80.12147,
            12.991840000000002
          ],
          [
            80.12156,
            12.99258
          ],
          [
            80.12164000000001,
            12.99332
          ],
          [
            80.1217,
            12.99369
          ],
          [
            80.12175,
            12.99393
          ],
          [
            80.12188,
            12.99435
          ],
          [
            80.12198000000001,
            12.99459
          ],
          [
            80.12213000000001,
            12.994900000000001
          ],
          [
            80.12233,
            12.99524
          ],
          [
            80.12269,
            12.995780000000002
          ],
          [
            80.12313,
            12.99647
          ],
          [
            80.12357,
            12.997160000000001
          ],
          [
            80.12401000000001,
            12.997850000000001
          ],
          [
            80.12442,
            12.99848
          ],
          [
            80.12482,
            12.999120000000001
          ],
          [
            80.12523,
            12.99975
          ],
          [
            80.12564,
            13.000380000000002
          ],
          [
            80.12589000000001,
            13.00079
          ],
          [
            80.12615000000001,
            13.0012
          ],
          [
            80.1264,
            13.00163
          ],
          [
            80.12656000000001,
            13.00201
          ],
          [
            80.12673000000001,
            13.00242
          ],
          [
            80.12698,
            13.00318
          ],
          [
            80.12706,
            13.003670000000001
          ],
          [
            80.12713000000001,
            13.004150000000001
          ],
          [
            80.12716,
            13.004740000000002
          ],
          [
            80.12717,
            13.005260000000002
          ],
          [
            80.12718000000001,
            13.005770000000002
          ],
          [
            80.1272,
            13.00651
          ],
          [
            80.12723000000001,
            13.00725
          ],
          [
            80.12725,
            13.007990000000001
          ],
          [
            80.12727000000001,
            13.008730000000002
          ],
          [
            80.12727000000001,
            13.009260000000001
          ],
          [
            80.12727000000001,
            13.009780000000001
          ],
          [
            80.12728000000001,
            13.010290000000001
          ],
          [
            80.12729,
            13.010790000000002
          ],
          [
            80.12735,
            13.01135
          ],
          [
            80.12738,
            13.01157
          ],
          [
            80.12746000000001,
            13.011920000000002
          ],
          [
            80.1276,
            13.01237
          ],
          [
            80.12776000000001,
            13.012780000000001
          ],
          [
            80.12793,
            13.013100000000001
          ],
          [
            80.1282,
            13.01355
          ],
          [
            80.12849000000001,
            13.01396
          ],
          [
            80.12878,
            13.014260000000002
          ],
          [
            80.12920000000001,
            13.01467
          ],
          [
            80.12955000000001,
            13.014940000000001
          ],
          [
            80.13023000000001,
            13.015460000000001
          ],
          [
            80.13090000000001,
            13.01598
          ],
          [
            80.13112000000001,
            13.016140000000002
          ],
          [
            80.13155,
            13.016470000000002
          ],
          [
            80.13197000000001,
            13.01679
          ],
          [
            80.1324,
            13.017140000000001
          ],
          [
            80.13293,
            13.01762
          ],
          [
            80.13356,
            13.01819
          ],
          [
            80.13419,
            13.018770000000002
          ],
          [
            80.13454,
            13.01908
          ],
          [
            80.13488000000001,
            13.019390000000001
          ],
          [
            80.13548,
            13.01992
          ],
          [
            80.13605000000001,
            13.020380000000001
          ],
          [
            80.13663000000001,
            13.020850000000001
          ],
          [
            80.1372,
            13.021310000000001
          ],
          [
            80.13777,
            13.021770000000002
          ],
          [
            80.13835,
            13.02223
          ],
          [
            80.13874000000001,
            13.022570000000002
          ],
          [
            80.13924,
            13.02294
          ],
          [
            80.13966,
            13.023270000000002
          ],
          [
            80.14005,
            13.023620000000001
          ],
          [
            80.14044000000001,
            13.02396
          ],
          [
            80.14071000000001,
            13.024170000000002
          ],
          [
            80.14127,
            13.02462
          ],
          [
            80.14183000000001,
            13.025070000000001
          ],
          [
            80.14239,
            13.02551
          ],
          [
            80.14295000000001,
            13.025960000000001
          ],
          [
            80.14361000000001,
            13.02649
          ],
          [
            80.14427,
            13.027030000000002
          ],
          [
            80.14494,
            13.027560000000001
          ],
          [
            80.1456,
            13.0281
          ],
          [
            80.14613000000001,
            13.02856
          ],
          [
            80.14649,
            13.02889
          ],
          [
            80.14676,
            13.029190000000002
          ],
          [
            80.14696,
            13.029420000000002
          ],
          [
            80.14727,
            13.029810000000001
          ],
          [
            80.14762,
            13.03034
          ],
          [
            80.14786000000001,
            13.030730000000002
          ],
          [
            80.1482,
            13.031390000000002
          ],
          [
            80.14840000000001,
            13.03184
          ],
          [
            80.14857,
            13.032300000000001
          ],
          [
            80.14869,
            13.03269
          ],
          [
            80.14884,
            13.03325
          ],
          [
            80.14891,
            13.033660000000001
          ],
          [
            80.14898000000001,
            13.034250000000002
          ],
          [
            80.14901,
            13.034780000000001
          ],
          [
            80.14903000000001,
            13.035300000000001
          ],
          [
            80.14905,
            13.03579
          ],
          [
            80.14907000000001,
            13.036280000000001
          ],
          [
            80.14911000000001,
            13.036900000000001
          ],
          [
            80.14915,
            13.03752
          ],
          [
            80.14919,
            13.03813
          ],
          [
            80.14923,
            13.03898
          ],
          [
            80.14928,
            13.03983
          ],
          [
            80.14933,
            13.040680000000002
          ],
          [
            80.14937,
            13.041530000000002
          ],
          [
            80.14942,
            13.042380000000001
          ],
          [
            80.14956000000001,
            13.042390000000001
          ],
          [
            80.14952000000001,
            13.041640000000001
          ],
          [
            80.14948000000001,
            13.040890000000001
          ],
          [
            80.14944000000001,
            13.040140000000001
          ],
          [
            80.1494,
            13.039380000000001
          ],
          [
            80.14936,
            13.038630000000001
          ],
          [
            80.14932,
            13.037880000000001
          ],
          [
            80.14927,
            13.037020000000002
          ],
          [
            80.14923,
            13.03616
          ],
          [
            80.14918,
            13.03527
          ],
          [
            80.14914,
            13.03438
          ],
          [
            80.14907000000001,
            13.03377
          ],
          [
            80.14896,
            13.033150000000001
          ],
          [
            80.14876000000001,
            13.03246
          ],
          [
            80.14871000000001,
            13.032280000000002
          ],
          [
            80.14854000000001,
            13.031780000000001
          ],
          [
            80.14841000000001,
            13.031450000000001
          ],
          [
            80.14823000000001,
            13.03109
          ],
          [
            80.14803,
            13.03072
          ],
          [
            80.14764000000001,
            13.030100000000001
          ],
          [
            80.14726,
            13.029560000000002
          ],
          [
            80.14683000000001,
            13.029050000000002
          ],
          [
            80.1464,
            13.0286
          ],
          [
            80.14607000000001,
            13.028310000000001
          ],
          [
            80.14541000000001,
            13.02777
          ],
          [
            80.14475,
            13.02724
          ],
          [
            80.14409,
            13.026710000000001
          ],
          [
            80.14343000000001,
            13.026180000000002
          ],
          [
            80.14277000000001,
            13.025640000000001
          ],
          [
            80.14211,
            13.025110000000002
          ],
          [
            80.14145,
            13.02458
          ],
          [
            80.14078,
            13.02405
          ],
          [
            80.14054,
            13.02386
          ],
          [
            80.14011,
            13.02349
          ],
          [
            80.13968000000001,
            13.02311
          ],
          [
            80.13941000000001,
            13.02289
          ],
          [
            80.13902,
            13.022590000000001
          ],
          [
            80.13853,
            13.022190000000002
          ],
          [
            80.13804,
            13.021790000000001
          ],
          [
            80.13757000000001,
            13.021410000000001
          ],
          [
            80.13696,
            13.02092
          ],
          [
            80.13634,
            13.02044
          ],
          [
            80.13573000000001,
            13.019950000000001
          ],
          [
            80.13510000000001,
            13.019380000000002
          ],
          [
            80.13463,
            13.018960000000002
          ],
          [
            80.13417000000001,
            13.018540000000002
          ],
          [
            80.13371000000001,
            13.018130000000001
          ],
          [
            80.13318000000001,
            13.017640000000002
          ],
          [
            80.13260000000001,
            13.01712
          ],
          [
            80.13201000000001,
            13.016630000000001
          ],
          [
            80.13164,
            13.016350000000001
          ],
          [
            80.13128,
            13.016070000000001
          ],
          [
            80.13103000000001,
            13.015880000000001
          ],
          [
            80.13049000000001,
            13.01547
          ],
          [
            80.12994,
            13.015070000000001
          ],
          [
            80.1294,
            13.014660000000001
          ],
          [
            80.12923,
            13.01453
          ],
          [
            80.12902000000001,
            13.014320000000001
          ],
          [
            80.12865000000001,
            13.01392
          ],
          [
            80.12838,
            13.013560000000002
          ],
          [
            80.12824,
            13.01336
          ],
          [
            80.12793,
            13.0128
          ],
          [
            80.12778,
            13.01247
          ],
          [
            80.12761,
            13.011870000000002
          ],
          [
            80.12754000000001,
            13.011600000000001
          ],
          [
            80.12751,
            13.01138
          ],
          [
            80.12743,
            13.01077
          ],
          [
            80.12739,
            13.01007
          ],
          [
            80.12739,
            13.00937
          ],
          [
            80.12739,
            13.008490000000002
          ],
          [
            80.12739,
            13.00786
          ],
          [
            80.12736000000001,
            13.00731
          ],
          [
            80.12734,
            13.006760000000002
          ],
          [
            80.12733,
            13.006300000000001
          ],
          [
            80.12732000000001,
            13.005840000000001
          ],
          [
            80.12731000000001,
            13.005110000000002
          ],
          [
            80.12729,
            13.004380000000001
          ],
          [
            80.12726,
            13.00406
          ],
          [
            80.12714000000001,
            13.003250000000001
          ],
          [
            80.12704000000001,
            13.002860000000002
          ],
          [
            80.1269,
            13.002460000000001
          ],
          [
            80.12675,
            13.002060000000002
          ],
          [
            80.12658,
            13.00168
          ],
          [
            80.12634000000001,
            13.001240000000001
          ],
          [
            80.12595,
            13.0006
          ],
          [
            80.12559,
            13.00004
          ],
          [
            80.12523,
            12.999480000000002
          ],
          [
            80.12487,
            12.998920000000002
          ],
          [
            80.12451,
            12.998360000000002
          ],
          [
            80.12416,
            12.997800000000002
          ],
          [
            80.12367,
            12.997050000000002
          ],
          [
            80.12319000000001,
            12.996310000000001
          ],
          [
            80.12270000000001,
            12.995560000000001
          ],
          [
            80.12243000000001,
            12.995070000000002
          ],
          [
            80.12235000000001,
            12.994940000000001
          ],
          [
            80.12211,
            12.994530000000001
          ],
          [
            80.12196,
            12.99413
          ],
          [
            80.12185000000001,
            12.993710000000002
          ],
          [
            80.12178,
            12.993200000000002
          ],
          [
            80.12169,
            12.992460000000001
          ],
          [
            80.12161,
            12.99173
          ],
          [
            80.12152,
            12.991000000000001
          ],
          [
            80.12143,
            12.990250000000001
          ],
          [
            80.12134,
            12.989500000000001
          ],
          [
            80.12126,
            12.98872
          ],
          [
            80.12118000000001,
            12.987940000000002
          ],
          [
            80.12112,
            12.987340000000001
          ],
          [
            80.12108,
            12.986790000000001
          ],
          [
            80.12104000000001,
            12.98624
          ],
          [
            80.12101000000001,
            12.985610000000001
          ],
          [
            80.12098,
            12.98497
          ],
          [
            80.12096000000001,
            12.984200000000001
          ],
          [
            80.12091000000001,
            12.983590000000001
          ],
          [
            80.12086000000001,
            12.982970000000002
          ],
          [
            80.12082000000001,
            12.982230000000001
          ],
          [
            80.12077000000001,
            12.9815
          ],
          [
            80.12073000000001,
            12.980760000000002
          ],
          [
            80.12069000000001,
            12.980020000000001
          ],
          [
            80.12061000000001,
            12.979610000000001
          ],
          [
            80.12042000000001,
            12.978900000000001
          ],
          [
            80.12022,
            12.978200000000001
          ],
          [
            80.12003,
            12.977490000000001
          ],
          [
            80.11983000000001,
            12.976790000000001
          ],
          [
            80.11964,
            12.976080000000001
          ],
          [
            80.11964,
            12.976080000000001
          ],
          [
            80.11945,
            12.97539
          ],
          [
            80.11927,
            12.974710000000002
          ],
          [
            80.11908000000001,
            12.974020000000001
          ],
          [
            80.11890000000001,
            12.97333
          ],
          [
            80.11881000000001,
            12.973
          ],
          [
            80.11877000000001,
            12.972740000000002
          ],
          [
            80.11874,
            12.972460000000002
          ],
          [
            80.11871000000001,
            12.97212
          ],
          [
            80.11872000000001,
            12.971630000000001
          ],
          [
            80.11876000000001,
            12.9709
          ],
          [
            80.11880000000001,
            12.970170000000001
          ],
          [
            80.11884,
            12.96944
          ],
          [
            80.11888,
            12.968700000000002
          ],
          [
            80.11892,
            12.967970000000001
          ],
          [
            80.11896,
            12.96724
          ],
          [
            80.11899000000001,
            12.966500000000002
          ],
          [
            80.11903000000001,
            12.965760000000001
          ],
          [
            80.11905,
            12.965440000000001
          ],
          [
            80.11909,
            12.964670000000002
          ],
          [
            80.11913000000001,
            12.963890000000001
          ],
          [
            80.11917000000001,
            12.963120000000002
          ],
          [
            80.11921000000001,
            12.962340000000001
          ],
          [
            80.11925000000001,
            12.96161
          ],
          [
            80.11930000000001,
            12.960870000000002
          ],
          [
            80.11931000000001,
            12.96015
          ],
          [
            80.11931000000001,
            12.95939
          ],
          [
            80.11928,
            12.958720000000001
          ],
          [
            80.11925000000001,
            12.958060000000001
          ],
          [
            80.11924,
            12.95747
          ],
          [
            80.11922000000001,
            12.95687
          ],
          [
            80.11922000000001,
            12.956080000000002
          ],
          [
            80.11921000000001,
            12.95583
          ],
          [
            80.11917000000001,
            12.955620000000001
          ],
          [
            80.1191,
            12.955190000000002
          ],
          [
            80.11894000000001,
            12.954630000000002
          ],
          [
            80.11882,
            12.95429
          ],
          [
            80.11864000000001,
            12.95391
          ],
          [
            80.11848,
            12.953660000000001
          ],
          [
            80.11823000000001,
            12.953310000000002
          ],
          [
            80.11800000000001,
            12.953050000000001
          ],
          [
            80.11777000000001,
            12.95283
          ],
          [
            80.11753,
            12.952630000000001
          ],
          [
            80.11721,
            12.952380000000002
          ],
          [
            80.11689000000001,
            12.95218
          ],
          [
            80.11605,
            12.951810000000002
          ],
          [
            80.11545000000001,
            12.951620000000002
          ],
          [
            80.11486000000001,
            12.95143
          ],
          [
            80.11427,
            12.95124
          ],
          [
            80.11365,
            12.951070000000001
          ],
          [
            80.11288,
            12.950840000000001
          ],
          [
            80.11211,
            12.950610000000001
          ],
          [
            80.11133000000001,
            12.950380000000001
          ],
          [
            80.11056,
            12.950140000000001
          ],
          [
            80.11024,
            12.950040000000001
          ],
          [
            80.10994000000001,
            12.94992
          ],
          [
            80.10973000000001,
            12.94983
          ],
          [
            80.10952,
            12.949720000000001
          ],
          [
            80.10925,
            12.949560000000002
          ],
          [
            80.10894,
            12.94935
          ],
          [
            80.10872,
            12.949190000000002
          ],
          [
            80.10853,
            12.949010000000001
          ],
          [
            80.10834000000001,
            12.948820000000001
          ],
          [
            80.10812,
            12.948570000000002
          ],
          [
            80.10791,
            12.948290000000002
          ],
          [
            80.10775000000001,
            12.94805
          ],
          [
            80.10738,
            12.947370000000001
          ],
          [
            80.10706,
            12.946760000000001
          ],
          [
            80.10673000000001,
            12.94616
          ],
          [
            80.10650000000001,
            12.945730000000001
          ],
          [
            80.10627000000001,
            12.945290000000002
          ],
          [
            80.10603,
            12.94485
          ],
          [
            80.10575,
            12.94433
          ],
          [
            80.10531,
            12.943550000000002
          ],
          [
            80.10511000000001,
            12.94325
          ],
          [
            80.10494000000001,
            12.94303
          ],
          [
            80.10482,
            12.942900000000002
          ],
          [
            80.10448000000001,
            12.942580000000001
          ],
          [
            80.10408000000001,
            12.94228
          ],
          [
            80.10359000000001,
            12.941920000000001
          ],
          [
            80.10310000000001,
            12.94156
          ],
          [
            80.10237000000001,
            12.941040000000001
          ],
          [
            80.10181,
            12.94063
          ],
          [
            80.1015,
            12.940370000000001
          ],
          [
            80.10123,
            12.94012
          ],
          [
            80.10086000000001,
            12.939750000000002
          ],
          [
            80.10055000000001,
            12.939340000000001
          ],
          [
            80.1003,
            12.93899
          ],
          [
            80.10006000000001,
            12.93857
          ],
          [
            80.09983000000001,
            12.93809
          ],
          [
            80.09972,
            12.93781
          ],
          [
            80.09964000000001,
            12.937590000000002
          ],
          [
            80.09955000000001,
            12.937270000000002
          ],
          [
            80.09943000000001,
            12.936770000000001
          ],
          [
            80.09934000000001,
            12.936060000000001
          ],
          [
            80.09933000000001,
            12.9359
          ],
          [
            80.09934000000001,
            12.935270000000001
          ],
          [
            80.09943000000001,
            12.93438
          ],
          [
            80.09951000000001,
            12.93349
          ],
          [
            80.09959,
            12.9326
          ],
          [
            80.09968,
            12.93172
          ],
          [
            80.09977,
            12.93083
          ],
          [
            80.09986,
            12.929950000000002
          ],
          [
            80.09995,
            12.929060000000002
          ],
          [
            80.10003,
            12.928180000000001
          ],
          [
            80.10012,
            12.9273
          ],
          [
            80.10017,
            12.92678
          ],
          [
            80.10023000000001,
            12.926260000000001
          ],
          [
            80.10029,
            12.925680000000002
          ],
          [
            80.10036000000001,
            12.92509
          ],
          [
            80.10046000000001,
            12.924330000000001
          ],
          [
            80.10056,
            12.923560000000002
          ],
          [
            80.10066,
            12.92279
          ],
          [
            80.10068000000001,
            12.92266
          ],
          [
            80.10052,
            12.92265
          ],
          [
            80.10051,
            12.92275
          ],
          [
            80.10041000000001,
            12.92351
          ],
          [
            80.10032000000001,
            12.924270000000002
          ],
          [
            80.10022000000001,
            12.925040000000001
          ],
          [
            80.10013000000001,
            12.92576
          ],
          [
            80.10004,
            12.926480000000002
          ],
          [
            80.10000000000001,
            12.926990000000002
          ],
          [
            80.09995,
            12.9275
          ],
          [
            80.09988000000001,
            12.92825
          ],
          [
            80.09981,
            12.92899
          ],
          [
            80.09973000000001,
            12.92974
          ],
          [
            80.09968,
            12.930230000000002
          ],
          [
            80.09964000000001,
            12.93072
          ],
          [
            80.09956000000001,
            12.931420000000001
          ],
          [
            80.09949,
            12.93213
          ],
          [
            80.09941,
            12.93294
          ],
          [
            80.09933000000001,
            12.933750000000002
          ],
          [
            80.09926,
            12.934550000000002
          ],
          [
            80.09918,
            12.935360000000001
          ],
          [
            80.09918,
            12.93584
          ],
          [
            80.09923,
            12.936300000000001
          ],
          [
            80.09928000000001,
            12.936750000000002
          ],
          [
            80.09942000000001,
            12.93739
          ],
          [
            80.09952000000001,
            12.937700000000001
          ],
          [
            80.09968,
            12.938110000000002
          ],
          [
            80.09996000000001,
            12.938690000000001
          ],
          [
            80.10016,
            12.939050000000002
          ],
          [
            80.10044,
            12.93945
          ],
          [
            80.10072000000001,
            12.939800000000002
          ],
          [
            80.10135000000001,
            12.940430000000001
          ],
          [
            80.10164,
            12.94068
          ],
          [
            80.10220000000001,
            12.94109
          ],
          [
            80.10277,
            12.941500000000001
          ],
          [
            80.10333,
            12.941920000000001
          ],
          [
            80.10390000000001,
            12.942330000000002
          ],
          [
            80.10430000000001,
            12.94264
          ],
          [
            80.10457000000001,
            12.942870000000001
          ],
          [
            80.10478,
            12.94307
          ],
          [
            80.10498000000001,
            12.943320000000002
          ],
          [
            80.10527,
            12.943760000000001
          ],
          [
            80.10565000000001,
            12.94448
          ],
          [
            80.10604000000001,
            12.945200000000002
          ],
          [
            80.10643,
            12.945920000000001
          ],
          [
            80.10682000000001,
            12.94664
          ],
          [
            80.10721000000001,
            12.947370000000001
          ],
          [
            80.10761000000001,
            12.948110000000002
          ],
          [
            80.10786,
            12.94847
          ],
          [
            80.10802000000001,
            12.948680000000001
          ],
          [
            80.10822,
            12.948910000000001
          ],
          [
            80.10838000000001,
            12.94908
          ],
          [
            80.10857,
            12.949250000000001
          ],
          [
            80.10881,
            12.949430000000001
          ],
          [
            80.10912,
            12.949650000000002
          ],
          [
            80.10941000000001,
            12.94983
          ],
          [
            80.10969,
            12.94997
          ],
          [
            80.11004000000001,
            12.950120000000002
          ],
          [
            80.11033,
            12.950230000000001
          ],
          [
            80.11110000000001,
            12.950460000000001
          ],
          [
            80.11187000000001,
            12.950690000000002
          ],
          [
            80.11263000000001,
            12.950920000000002
          ],
          [
            80.11340000000001,
            12.951150000000002
          ],
          [
            80.114,
            12.95132
          ],
          [
            80.11471,
            12.951540000000001
          ],
          [
            80.11541000000001,
            12.95175
          ],
          [
            80.11586000000001,
            12.95189
          ],
          [
            80.11629,
            12.952060000000001
          ],
          [
            80.11682,
            12.95231
          ],
          [
            80.11715000000001,
            12.95251
          ],
          [
            80.11755000000001,
            12.95283
          ],
          [
            80.11784,
            12.953100000000001
          ],
          [
            80.11808,
            12.953360000000002
          ],
          [
            80.1183,
            12.95363
          ],
          [
            80.11848,
            12.953930000000001
          ],
          [
            80.11865,
            12.95428
          ],
          [
            80.11880000000001,
            12.954690000000001
          ],
          [
            80.11889000000001,
            12.95498
          ],
          [
            80.11895000000001,
            12.95523
          ],
          [
            80.11903000000001,
            12.95564
          ],
          [
            80.11906,
            12.95583
          ],
          [
            80.11906,
            12.956100000000001
          ],
          [
            80.11907000000001,
            12.95687
          ],
          [
            80.11909,
            12.95766
          ],
          [
            80.1191,
            12.95818
          ],
          [
            80.11913000000001,
            12.95874
          ],
          [
            80.11916000000001,
            12.9593
          ],
          [
            80.11917000000001,
            12.96014
          ],
          [
            80.11915,
            12.960730000000002
          ],
          [
            80.11913000000001,
            12.961310000000001
          ],
          [
            80.11909,
            12.961810000000002
          ],
          [
            80.11906,
            12.96231
          ],
          [
            80.11902,
            12.9631
          ],
          [
            80.11898000000001,
            12.963890000000001
          ],
          [
            80.11894000000001,
            12.964680000000001
          ],
          [
            80.11890000000001,
            12.965470000000002
          ],
          [
            80.11888,
            12.965770000000001
          ],
          [
            80.11884,
            12.966560000000001
          ],
          [
            80.11880000000001,
            12.967350000000001
          ],
          [
            80.11876000000001,
            12.968140000000002
          ],
          [
            80.11871000000001,
            12.96893
          ],
          [
            80.11867000000001,
            12.96973
          ],
          [
            80.11863000000001,
            12.97052
          ],
          [
            80.11859000000001,
            12.97131
          ],
          [
            80.11856,
            12.972130000000002
          ],
          [
            80.11858000000001,
            12.97235
          ],
          [
            80.11861,
            12.972690000000002
          ],
          [
            80.11865,
            12.97295
          ],
          [
            80.11871000000001,
            12.97324
          ],
          [
            80.11890000000001,
            12.973930000000001
          ],
          [
            80.11908000000001,
            12.974620000000002
          ],
          [
            80.11927,
            12.97531
          ],
          [
            80.11946,
            12.97601
          ],
          [
            80.11964,
            12.976640000000002
          ],
          [
            80.11982,
            12.97727
          ],
          [
            80.12,
            12.977900000000002
          ],
          [
            80.12021,
            12.978710000000001
          ],
          [
            80.12034000000001,
            12.979190000000001
          ],
          [
            80.12048,
            12.97967
          ],
          [
            80.12053,
            12.979980000000001
          ],
          [
            80.12059,
            12.980820000000001
          ],
          [
            80.12064000000001,
            12.981660000000002
          ],
          [
            80.12069000000001,
            12.98249
          ],
          [
            80.12074000000001,
            12.983340000000002
          ],
          [
            80.12078000000001,
            12.98418
          ],
          [
            80.12082000000001,
            12.984990000000002
          ],
          [
            80.12085,
            12.98553
          ],
          [
            80.12088,
            12.986250000000002
          ],
          [
            80.12093,
            12.9868
          ],
          [
            80.12098,
            12.987340000000001
          ],
          [
            80.12104000000001,
            12.987960000000001
          ],
          [
            80.12113000000001,
            12.988790000000002
          ],
          [
            80.12121,
            12.98962
          ],
          [
            80.12129,
            12.99036
          ],
          [
            80.12138,
            12.991100000000001
          ],
          [
            80.12147,
            12.991840000000002
          ],
          [
            80.12156,
            12.99258
          ],
          [
            80.12164000000001,
            12.99332
          ],
          [
            80.1217,
            12.99369
          ],
          [
            80.12175,
            12.99393
          ],
          [
            80.12188,
            12.99435
          ],
          [
            80.12198000000001,
            12.99459
          ],
          [
            80.12213000000001,
            12.994900000000001
          ],
          [
            80.12233,
            12.99524
          ],
          [
            80.12269,
            12.995780000000002
          ],
          [
            80.12313,
            12.99647
          ],
          [
            80.12357,
            12.997160000000001
          ],
          [
            80.12401000000001,
            12.997850000000001
          ],
          [
            80.12442,
            12.99848
          ],
          [
            80.12482,
            12.999120000000001
          ],
          [
            80.12523,
            12.99975
          ],
          [
            80.12564,
            13.000380000000002
          ],
          [
            80.12589000000001,
            13.00079
          ],
          [
            80.12615000000001,
            13.0012
          ],
          [
            80.1264,
            13.00163
          ],
          [
            80.12656000000001,
            13.00201
          ],
          [
            80.12673000000001,
            13.00242
          ],
          [
            80.12698,
            13.00318
          ],
          [
            80.12706,
            13.003670000000001
          ],
          [
            80.12713000000001,
            13.004150000000001
          ],
          [
            80.12716,
            13.004740000000002
          ],
          [
            80.12717,
            13.005260000000002
          ],
          [
            80.12718000000001,
            13.005770000000002
          ],
          [
            80.1272,
            13.00651
          ],
          [
            80.12723000000001,
            13.00725
          ],
          [
            80.12725,
            13.007990000000001
          ],
          [
            80.12727000000001,
            13.008730000000002
          ],
          [
            80.12727000000001,
            13.009260000000001
          ],
          [
            80.12727000000001,
            13.009780000000001
          ],
          [
            80.12728000000001,
            13.010290000000001
          ],
          [
            80.12729,
            13.010790000000002
          ],
          [
            80.12735,
            13.01135
          ],
          [
            80.12738,
            13.01157
          ],
          [
            80.12746000000001,
            13.011920000000002
          ],
          [
            80.1276,
            13.01237
          ],
          [
            80.12776000000001,
            13.012780000000001
          ],
          [
            80.12793,
            13.013100000000001
          ],
          [
            80.1282,
            13.01355
          ],
          [
            80.12849000000001,
            13.01396
          ],
          [
            80.12878,
            13.014260000000002
          ],
          [
            80.12920000000001,
            13.01467
          ],
          [
            80.12955000000001,
            13.014940000000001
          ],
          [
            80.13023000000001,
            13.015460000000001
          ],
          [
            80.13090000000001,
            13.01598
          ],
          [
            80.13112000000001,
            13.016140000000002
          ],
          [
            80.13155,
            13.016470000000002
          ],
          [
            80.13197000000001,
            13.01679
          ],
          [
            80.1324,
            13.017140000000001
          ],
          [
            80.13293,
            13.01762
          ],
          [
            80.13356,
            13.01819
          ],
          [
            80.13419,
            13.018770000000002
          ],
          [
            80.13454,
            13.01908
          ],
          [
            80.13488000000001,
            13.019390000000001
          ],
          [
            80.13548,
            13.01992
          ],
          [
            80.13605000000001,
            13.020380000000001
          ],
          [
            80.13663000000001,
            13.020850000000001
          ],
          [
            80.1372,
            13.021310000000001
          ],
          [
            80.13777,
            13.021770000000002
          ],
          [
            80.13835,
            13.02223
          ],
          [
            80.13874000000001,
            13.022570000000002
          ],
          [
            80.13924,
            13.02294
          ],
          [
            80.13966,
            13.023270000000002
          ],
          [
            80.14005,
            13.023620000000001
          ],
          [
            80.14044000000001,
            13.02396
          ],
          [
            80.14071000000001,
            13.024170000000002
          ],
          [
            80.14127,
            13.02462
          ],
          [
            80.14183000000001,
            13.025070000000001
          ],
          [
            80.14239,
            13.02551
          ],
          [
            80.14295000000001,
            13.025960000000001
          ],
          [
            80.14361000000001,
            13.02649
          ],
          [
            80.14427,
            13.027030000000002
          ],
          [
            80.14494,
            13.027560000000001
          ],
          [
            80.1456,
            13.0281
          ],
          [
            80.14613000000001,
            13.02856
          ],
          [
            80.14649,
            13.02889
          ],
          [
            80.14676,
            13.029190000000002
          ],
          [
            80.14696,
            13.029420000000002
          ],
          [
            80.14727,
            13.029810000000001
          ],
          [
            80.14762,
            13.03034
          ],
          [
            80.14786000000001,
            13.030730000000002
          ],
          [
            80.1482,
            13.031390000000002
          ],
          [
            80.14840000000001,
            13.03184
          ],
          [
            80.14857,
            13.032300000000001
          ],
          [
            80.14869,
            13.03269
          ],
          [
            80.14884,
            13.03325
          ],
          [
            80.14891,
            13.033660000000001
          ],
          [
            80.14898000000001,
            13.034250000000002
          ],
          [
            80.14901,
            13.034780000000001
          ],
          [
            80.14903000000001,
            13.035300000000001
          ],
          [
            80.14905,
            13.03579
          ],
          [
            80.14907000000001,
            13.036280000000001
          ],
          [
            80.14911000000001,
            13.036900000000001
          ],
          [
            80.14915,
            13.03752
          ],
          [
            80.14919,
            13.03813
          ],
          [
            80.14923,
            13.03898
          ],
          [
            80.14928,
            13.03983
          ],
          [
            80.14933,
            13.040680000000002
          ],
          [
            80.14937,
            13.041530000000002
          ],
          [
            80.14942,
            13.042380000000001
          ],
          [
            80.14956000000001,
            13.042390000000001
          ],
          [
            80.14952000000001,
            13.041640000000001
          ],
          [
            80.14948000000001,
            13.040890000000001
          ],
          [
            80.14944000000001,
            13.040140000000001
          ],
          [
            80.1494,
            13.039380000000001
          ],
          [
            80.14936,
            13.038630000000001
          ],
          [
            80.14932,
            13.037880000000001
          ],
          [
            80.14927,
            13.037020000000002
          ],
          [
            80.14923,
            13.03616
          ],
          [
            80.14918,
            13.03527
          ],
          [
            80.14914,
            13.03438
          ],
          [
            80.14907000000001,
            13.03377
          ],
          [
            80.14896,
            13.033150000000001
          ],
          [
            80.14876000000001,
            13.03246
          ],
          [
            80.14871000000001,
            13.032280000000002
          ],
          [
            80.14854000000001,
            13.031780000000001
          ],
          [
            80.14841000000001,
            13.031450000000001
          ],
          [
            80.14823000000001,
            13.03109
          ],
          [
            80.14803,
            13.03072
          ],
          [
            80.14764000000001,
            13.030100000000001
          ],
          [
            80.14726,
            13.029560000000002
          ],
          [
            80.14683000000001,
            13.029050000000002
          ],
          [
            80.1464,
            13.0286
          ],
          [
            80.14607000000001,
            13.028310000000001
          ],
          [
            80.14541000000001,
            13.02777
          ],
          [
            80.14475,
            13.02724
          ],
          [
            80.14409,
            13.026710000000001
          ],
          [
            80.14343000000001,
            13.026180000000002
          ],
          [
            80.14277000000001,
            13.025640000000001
          ],
          [
            80.14211,
            13.025110000000002
          ],
          [
            80.14145,
            13.02458
          ],
          [
            80.14078,
            13.02405
          ],
          [
            80.14054,
            13.02386
          ],
          [
            80.14011,
            13.02349
          ],
          [
            80.13968000000001,
            13.02311
          ],
          [
            80.13941000000001,
            13.02289
          ],
          [
            80.13902,
            13.022590000000001
          ],
          [
            80.13853,
            13.022190000000002
          ],
          [
            80.13804,
            13.021790000000001
          ],
          [
            80.13757000000001,
            13.021410000000001
          ],
          [
            80.13696,
            13.02092
          ],
          [
            80.13634,
            13.02044
          ],
          [
            80.13573000000001,
            13.019950000000001
          ],
          [
            80.13510000000001,
            13.019380000000002
          ],
          [
            80.13463,
            13.018960000000002
          ],
          [
            80.13417000000001,
            13.018540000000002
          ],
          [
            80.13371000000001,
            13.018130000000001
          ],
          [
            80.13318000000001,
            13.017640000000002
          ],
          [
            80.13260000000001,
            13.01712
          ],
          [
            80.13201000000001,
            13.016630000000001
          ],
          [
            80.13164,
            13.016350000000001
          ],
          [
            80.13128,
            13.016070000000001
          ],
          [
            80.13103000000001,
            13.015880000000001
          ],
          [
            80.13049000000001,
            13.01547
          ],
          [
            80.12994,
            13.015070000000001
          ],
          [
            80.1294,
            13.014660000000001
          ],
          [
            80.12923,
            13.01453
          ],
          [
            80.12902000000001,
            13.014320000000001
          ],
          [
            80.12865000000001,
            13.01392
          ],
          [
            80.12838,
            13.013560000000002
          ],
          [
            80.12824,
            13.01336
          ],
          [
            80.12793,
            13.0128
          ],
          [
            80.12778,
            13.01247
          ],
          [
            80.12761,
            13.011870000000002
          ],
          [
            80.12754000000001,
            13.011600000000001
          ],
          [
            80.12751,
            13.01138
          ],
          [
            80.12743,
            13.01077
          ],
          [
            80.12739,
            13.01007
          ],
          [
            80.12739,
            13.00937
          ],
          [
            80.12739,
            13.008490000000002
          ],
          [
            80.12739,
            13.00786
          ],
          [
            80.12736000000001,
            13.00731
          ],
          [
            80.12734,
            13.006760000000002
          ],
          [
            80.12733,
            13.006300000000001
          ],
          [
            80.12732000000001,
            13.005840000000001
          ],
          [
            80.12731000000001,
            13.005110000000002
          ],
          [
            80.12729,
            13.004380000000001
          ],
          [
            80.12726,
            13.00406
          ],
          [
            80.12714000000001,
            13.003250000000001
          ],
          [
            80.12704000000001,
            13.002860000000002
          ],
          [
            80.1269,
            13.002460000000001
          ],
          [
            80.12675,
            13.002060000000002
          ],
          [
            80.12658,
            13.00168
          ],
          [
            80.12634000000001,
            13.001240000000001
          ],
          [
            80.12595,
            13.0006
          ],
          [
            80.12559,
            13.00004
          ],
          [
            80.12523,
            12.999480000000002
          ],
          [
            80.12487,
            12.998920000000002
          ],
          [
            80.12451,
            12.998360000000002
          ],
          [
            80.12416,
            12.997800000000002
          ],
          [
            80.12367,
            12.997050000000002
          ],
          [
            80.12319000000001,
            12.996310000000001
          ],
          [
            80.12270000000001,
            12.995560000000001
          ],
          [
            80.12243000000001,
            12.995070000000002
          ],
          [
            80.12235000000001,
            12.994940000000001
          ],
          [
            80.12211,
            12.994530000000001
          ],
          [
            80.12196,
            12.99413
          ],
          [
            80.12185000000001,
            12.993710000000002
          ],
          [
            80.12178,
            12.993200000000002
          ],
          [
            80.12169,
            12.992460000000001
          ],
          [
            80.12161,
            12.99173
          ],
          [
            80.12152,
            12.991000000000001
          ],
          [
            80.12143,
            12.990250000000001
          ],
          [
            80.12134,
            12.989500000000001
          ],
          [
            80.12126,
            12.98872
          ],
          [
            80.12118000000001,
            12.987940000000002
          ],
          [
            80.12112,
            12.987340000000001
          ],
          [
            80.12108,
            12.986790000000001
          ],
          [
            80.12104000000001,
            12.98624
          ],
          [
            80.12101000000001,
            12.985610000000001
          ],
          [
            80.12098,
            12.98497
          ],
          [
            80.12096000000001,
            12.984200000000001
          ],
          [
            80.12091000000001,
            12.983590000000001
          ],
          [
            80.12086000000001,
            12.982970000000002
          ],
          [
            80.12086000000001,
            12.982970000000002
          ],
          [
            80.12082000000001,
            12.982230000000001
          ],
          [
            80.12077000000001,
            12.9815
          ],
          [
            80.12073000000001,
            12.980760000000002
          ],
          [
            80.12069000000001,
            12.980020000000001
          ],
          [
            80.12061000000001,
            12.979610000000001
          ],
          [
            80.12042000000001,
            12.978900000000001
          ],
          [
            80.12022,
            12.978200000000001
          ],
          [
            80.12003,
            12.977490000000001
          ],
          [
            80.11983000000001,
            12.976790000000001
          ],
          [
            80.11964,
            12.976080000000001
          ],
          [
            80.11945,
            12.97539
          ],
          [
            80.11927,
            12.974710000000002
          ],
          [
            80.11908000000001,
            12.974020000000001
          ],
          [
            80.11890000000001,
            12.97333
          ],
          [
            80.11881000000001,
            12.973
          ],
          [
            80.11877000000001,
            12.972740000000002
          ],
          [
            80.11874,
            12.972460000000002
          ],
          [
            80.11871000000001,
            12.97212
          ],
          [
            80.11872000000001,
            12.971630000000001
          ],
          [
            80.11876000000001,
            12.9709
          ],
          [
            80.11880000000001,
            12.970170000000001
          ],
          [
            80.11884,
            12.96944
          ],
          [
            80.11888,
            12.968700000000002
          ],
          [
            80.11892,
            12.967970000000001
          ],
          [
            80.11896,
            12.96724
          ],
          [
            80.11899000000001,
            12.966500000000002
          ],
          [
            80.11903000000001,
            12.965760000000001
          ],
          [
            80.11905,
            12.965440000000001
          ],
          [
            80.11909,
            12.964670000000002
          ],
          [
            80.11913000000001,
            12.963890000000001
          ],
          [
            80.11917000000001,
            12.963120000000002
          ],
          [
            80.11921000000001,
            12.962340000000001
          ],
          [
            80.11925000000001,
            12.96161
          ],
          [
            80.11930000000001,
            12.960870000000002
          ],
          [
            80.11931000000001,
            12.96015
          ],
          [
            80.11931000000001,
            12.95939
          ],
          [
            80.11928,
            12.958720000000001
          ],
          [
            80.11925000000001,
            12.958060000000001
          ],
          [
            80.11924,
            12.95747
          ],
          [
            80.11922000000001,
            12.95687
          ],
          [
            80.11922000000001,
            12.956080000000002
          ],
          [
            80.11921000000001,
            12.95583
          ],
          [
            80.11917000000001,
            12.955620000000001
          ],
          [
            80.1191,
            12.955190000000002
          ],
          [
            80.11894000000001,
            12.954630000000002
          ],
          [
            80.11882,
            12.95429
          ],
          [
            80.11864000000001,
            12.95391
          ],
          [
            80.11848,
            12.953660000000001
          ],
          [
            80.11823000000001,
            12.953310000000002
          ],
          [
            80.11800000000001,
            12.953050000000001
          ],
          [
            80.11777000000001,
            12.95283
          ],
          [
            80.11753,
            12.952630000000001
          ],
          [
            80.11721,
            12.952380000000002
          ],
          [
            80.11689000000001,
            12.95218
          ],
          [
            80.11605,
            12.951810000000002
          ],
          [
            80.11545000000001,
            12.951620000000002
          ],
          [
            80.11486000000001,
            12.95143
          ],
          [
            80.11427,
            12.95124
          ],
          [
            80.11365,
            12.951070000000001
          ],
          [
            80.11288,
            12.950840000000001
          ],
          [
            80.11211,
            12.950610000000001
          ],
          [
            80.11133000000001,
            12.950380000000001
          ],
          [
            80.11056,
            12.950140000000001
          ],
          [
            80.11024,
            12.950040000000001
          ],
          [
            80.10994000000001,
            12.94992
          ],
          [
            80.10973000000001,
            12.94983
          ],
          [
            80.10952,
            12.949720000000001
          ],
          [
            80.10925,
            12.949560000000002
          ],
          [
            80.10894,
            12.94935
          ],
          [
            80.10872,
            12.949190000000002
          ],
          [
            80.10853,
            12.949010000000001
          ],
          [
            80.10834000000001,
            12.948820000000001
          ],
          [
            80.10812,
            12.948570000000002
          ],
          [
            80.10791,
            12.948290000000002
          ],
          [
            80.10775000000001,
            12.94805
          ],
          [
            80.10738,
            12.947370000000001
          ],
          [
            80.10706,
            12.946760000000001
          ],
          [
            80.10673000000001,
            12.94616
          ],
          [
            80.10650000000001,
            12.945730000000001
          ],
          [
            80.10627000000001,
            12.945290000000002
          ],
          [
            80.10603,
            12.94485
          ],
          [
            80.10575,
            12.94433
          ],
          [
            80.10531,
            12.943550000000002
          ],
          [
            80.10511000000001,
            12.94325
          ],
          [
            80.10494000000001,
            12.94303
          ],
          [
            80.10482,
            12.942900000000002
          ],
          [
            80.10448000000001,
            12.942580000000001
          ],
          [
            80.10408000000001,
            12.94228
          ],
          [
            80.10359000000001,
            12.941920000000001
          ],
          [
            80.10310000000001,
            12.94156
          ],
          [
            80.10237000000001,
            12.941040000000001
          ],
          [
            80.10181,
            12.94063
          ],
          [
            80.1015,
            12.940370000000001
          ],
          [
            80.10123,
            12.94012
          ],
          [
            80.10086000000001,
            12.939750000000002
          ],
          [
            80.10055000000001,
            12.939340000000001
          ],
          [
            80.1003,
            12.93899
          ],
          [
            80.10006000000001,
            12.93857
          ],
          [
            80.09983000000001,
            12.93809
          ],
          [
            80.09972,
            12.93781
          ],
          [
            80.09964000000001,
            12.937590000000002
          ],
          [
            80.09955000000001,
            12.937270000000002
          ],
          [
            80.09943000000001,
            12.936770000000001
          ],
          [
            80.09934000000001,
            12.936060000000001
          ],
          [
            80.09933000000001,
            12.9359
          ],
          [
            80.09934000000001,
            12.935270000000001
          ],
          [
            80.09943000000001,
            12.93438
          ],
          [
            80.09951000000001,
            12.93349
          ],
          [
            80.09959,
            12.9326
          ],
          [
            80.09968,
            12.93172
          ],
          [
            80.09977,
            12.93083
          ],
          [
            80.09986,
            12.929950000000002
          ],
          [
            80.09995,
            12.929060000000002
          ],
          [
            80.10003,
            12.928180000000001
          ],
          [
            80.10012,
            12.9273
          ],
          [
            80.10017,
            12.92678
          ],
          [
            80.10023000000001,
            12.926260000000001
          ],
          [
            80.10029,
            12.925680000000002
          ],
          [
            80.10036000000001,
            12.92509
          ],
          [
            80.10046000000001,
            12.924330000000001
          ],
          [
            80.10056,
            12.923560000000002
          ],
          [
            80.10066,
            12.92279
          ],
          [
            80.10068000000001,
            12.92266
          ],
          [
            80.10052,
            12.92265
          ],
          [
            80.10051,
            12.92275
          ],
          [
            80.10041000000001,
            12.92351
          ],
          [
            80.10032000000001,
            12.924270000000002
          ],
          [
            80.10022000000001,
            12.925040000000001
          ],
          [
            80.10013000000001,
            12.92576
          ],
          [
            80.10004,
            12.926480000000002
          ],
          [
            80.10000000000001,
            12.926990000000002
          ],
          [
            80.09995,
            12.9275
          ],
          [
            80.09988000000001,
            12.92825
          ],
          [
            80.09981,
            12.92899
          ],
          [
            80.09973000000001,
            12.92974
          ],
          [
            80.09968,
            12.930230000000002
          ],
          [
            80.09964000000001,
            12.93072
          ],
          [
            80.09956000000001,
            12.931420000000001
          ],
          [
            80.09949,
            12.93213
          ],
          [
            80.09941,
            12.93294
          ],
          [
            80.09933000000001,
            12.933750000000002
          ],
          [
            80.09926,
            12.934550000000002
          ],
          [
            80.09918,
            12.935360000000001
          ],
          [
            80.09918,
            12.93584
          ],
          [
            80.09923,
            12.936300000000001
          ],
          [
            80.09928000000001,
            12.936750000000002
          ],
          [
            80.09942000000001,
            12.93739
          ],
          [
            80.09952000000001,
            12.937700000000001
          ],
          [
            80.09968,
            12.938110000000002
          ],
          [
            80.09996000000001,
            12.938690000000001
          ],
          [
            80.10016,
            12.939050000000002
          ],
          [
            80.10044,
            12.93945
          ],
          [
            80.10072000000001,
            12.939800000000002
          ],
          [
            80.10135000000001,
            12.940430000000001
          ],
          [
            80.10164,
            12.94068
          ],
          [
            80.10220000000001,
            12.94109
          ],
          [
            80.10277,
            12.941500000000001
          ],
          [
            80.10333,
            12.941920000000001
          ],
          [
            80.10390000000001,
            12.942330000000002
          ],
          [
            80.10430000000001,
            12.94264
          ],
          [
            80.10457000000001,
            12.942870000000001
          ],
          [
            80.10478,
            12.94307
          ],
          [
            80.10498000000001,
            12.943320000000002
          ],
          [
            80.10527,
            12.943760000000001
          ],
          [
            80.10565000000001,
            12.94448
          ],
          [
            80.10604000000001,
            12.945200000000002
          ],
          [
            80.10643,
            12.945920000000001
          ],
          [
            80.10682000000001,
            12.94664
          ],
          [
            80.10721000000001,
            12.947370000000001
          ],
          [
            80.10761000000001,
            12.948110000000002
          ],
          [
            80.10786,
            12.94847
          ],
          [
            80.10802000000001,
            12.948680000000001
          ],
          [
            80.10822,
            12.948910000000001
          ],
          [
            80.10838000000001,
            12.94908
          ],
          [
            80.10857,
            12.949250000000001
          ],
          [
            80.10881,
            12.949430000000001
          ],
          [
            80.10912,
            12.949650000000002
          ],
          [
            80.10941000000001,
            12.94983
          ],
          [
            80.10969,
            12.94997
          ],
          [
            80.11004000000001,
            12.950120000000002
          ],
          [
            80.11033,
            12.950230000000001
          ],
          [
            80.11110000000001,
            12.950460000000001
          ],
          [
            80.11187000000001,
            12.950690000000002
          ],
          [
            80.11263000000001,
            12.950920000000002
          ],
          [
            80.11340000000001,
            12.951150000000002
          ],
          [
            80.114,
            12.95132
          ],
          [
            80.11471,
            12.951540000000001
          ],
          [
            80.11541000000001,
            12.95175
          ],
          [
            80.11586000000001,
            12.95189
          ],
          [
            80.11629,
            12.952060000000001
          ],
          [
            80.11682,
            12.95231
          ],
          [
            80.11715000000001,
            12.95251
          ],
          [
            80.11755000000001,
            12.95283
          ],
          [
            80.11784,
            12.953100000000001
          ],
          [
            80.11808,
            12.953360000000002
          ],
          [
            80.1183,
            12.95363
          ],
          [
            80.11848,
            12.953930000000001
          ],
          [
            80.11865,
            12.95428
          ],
          [
            80.11880000000001,
            12.954690000000001
          ],
          [
            80.11889000000001,
            12.95498
          ],
          [
            80.11895000000001,
            12.95523
          ],
          [
            80.11903000000001,
            12.95564
          ],
          [
            80.11906,
            12.95583
          ],
          [
            80.11906,
            12.956100000000001
          ],
          [
            80.11907000000001,
            12.95687
          ],
          [
            80.11909,
            12.95766
          ],
          [
            80.1191,
            12.95818
          ],
          [
            80.11913000000001,
            12.95874
          ],
          [
            80.11916000000001,
            12.9593
          ],
          [
            80.11917000000001,
            12.96014
          ],
          [
            80.11915,
            12.960730000000002
          ],
          [
            80.11913000000001,
            12.961310000000001
          ],
          [
            80.11909,
            12.961810000000002
          ],
          [
            80.11906,
            12.96231
          ],
          [
            80.11902,
            12.9631
          ],
          [
            80.11898000000001,
            12.963890000000001
          ],
          [
            80.11894000000001,
            12.964680000000001
          ],
          [
            80.11890000000001,
            12.965470000000002
          ],
          [
            80.11888,
            12.965770000000001
          ],
          [
            80.11884,
            12.966560000000001
          ],
          [
            80.11880000000001,
            12.967350000000001
          ],
          [
            80.11876000000001,
            12.968140000000002
          ],
          [
            80.11871000000001,
            12.96893
          ],
          [
            80.11867000000001,
            12.96973
          ],
          [
            80.11863000000001,
            12.97052
          ],
          [
            80.11859000000001,
            12.97131
          ],
          [
            80.11856,
            12.972130000000002
          ],
          [
            80.11858000000001,
            12.97235
          ],
          [
            80.11861,
            12.972690000000002
          ],
          [
            80.11865,
            12.97295
          ],
          [
            80.11871000000001,
            12.97324
          ],
          [
            80.11890000000001,
            12.973930000000001
          ],
          [
            80.11908000000001,
            12.974620000000002
          ],
          [
            80.11927,
            12.97531
          ],
          [
            80.11946,
            12.97601
          ],
          [
            80.11964,
            12.976640000000002
          ],
          [
            80.11982,
            12.97727
          ],
          [
            80.12,
            12.977900000000002
          ],
          [
            80.12021,
            12.978710000000001
          ],
          [
            80.12034000000001,
            12.979190000000001
          ],
          [
            80.12048,
            12.97967
          ],
          [
            80.12053,
            12.979980000000001
          ],
          [
            80.12059,
            12.980820000000001
          ],
          [
            80.12064000000001,
            12.981660000000002
          ],
          [
            80.12069000000001,
            12.98249
          ],
          [
            80.12074000000001,
            12.983340000000002
          ],
          [
            80.12078000000001,
            12.98418
          ],
          [
            80.12082000000001,
            12.984990000000002
          ],
          [
            80.12085,
            12.98553
          ],
          [
            80.12088,
            12.986250000000002
          ],
          [
            80.12093,
            12.9868
          ],
          [
            80.12098,
            12.987340000000001
          ],
          [
            80.12104000000001,
            12.987960000000001
          ],
          [
            80.12113000000001,
            12.988790000000002
          ],
          [
            80.12121,
            12.98962
          ],
          [
            80.12129,
            12.99036
          ],
          [
            80.12138,
            12.991100000000001
          ],
          [
            80.12147,
            12.991840000000002
          ],
          [
            80.12156,
            12.99258
          ],
          [
            80.12164000000001,
            12.99332
          ],
          [
            80.1217,
            12.99369
          ],
          [
            80.12175,
            12.99393
          ],
          [
            80.12188,
            12.99435
          ],
          [
            80.12198000000001,
            12.99459
          ],
          [
            80.12213000000001,
            12.994900000000001
          ],
          [
            80.12233,
            12.99524
          ],
          [
            80.12269,
            12.995780000000002
          ],
          [
            80.12313,
            12.99647
          ],
          [
            80.12357,
            12.997160000000001
          ],
          [
            80.12401000000001,
            12.997850000000001
          ],
          [
            80.12442,
            12.99848
          ],
          [
            80.12482,
            12.999120000000001
          ],
          [
            80.12523,
            12.99975
          ],
          [
            80.12564,
            13.000380000000002
          ],
          [
            80.12589000000001,
            13.00079
          ],
          [
            80.12615000000001,
            13.0012
          ],
          [
            80.1264,
            13.00163
          ],
          [
            80.12656000000001,
            13.00201
          ],
          [
            80.12673000000001,
            13.00242
          ],
          [
            80.12698,
            13.00318
          ],
          [
            80.12706,
            13.003670000000001
          ],
          [
            80.12713000000001,
            13.004150000000001
          ],
          [
            80.12716,
            13.004740000000002
          ],
          [
            80.12717,
            13.005260000000002
          ],
          [
            80.12718000000001,
            13.005770000000002
          ],
          [
            80.1272,
            13.00651
          ],
          [
            80.12723000000001,
            13.00725
          ],
          [
            80.12725,
            13.007990000000001
          ],
          [
            80.12727000000001,
            13.008730000000002
          ],
          [
            80.12727000000001,
            13.009260000000001
          ],
          [
            80.12727000000001,
            13.009780000000001
          ],
          [
            80.12728000000001,
            13.010290000000001
          ],
          [
            80.12729,
            13.010790000000002
          ],
          [
            80.12735,
            13.01135
          ],
          [
            80.12738,
            13.01157
          ],
          [
            80.12746000000001,
            13.011920000000002
          ],
          [
            80.1276,
            13.01237
          ],
          [
            80.12776000000001,
            13.012780000000001
          ],
          [
            80.12793,
            13.013100000000001
          ],
          [
            80.1282,
            13.01355
          ],
          [
            80.12849000000001,
            13.01396
          ],
          [
            80.12878,
            13.014260000000002
          ],
          [
            80.12920000000001,
            13.01467
          ],
          [
            80.12955000000001,
            13.014940000000001
          ],
          [
            80.13023000000001,
            13.015460000000001
          ],
          [
            80.13090000000001,
            13.01598
          ],
          [
            80.13112000000001,
            13.016140000000002
          ],
          [
            80.13155,
            13.016470000000002
          ],
          [
            80.13197000000001,
            13.01679
          ],
          [
            80.1324,
            13.017140000000001
          ],
          [
            80.13293,
            13.01762
          ],
          [
            80.13356,
            13.01819
          ],
          [
            80.13419,
            13.018770000000002
          ],
          [
            80.13454,
            13.01908
          ],
          [
            80.13488000000001,
            13.019390000000001
          ],
          [
            80.13548,
            13.01992
          ],
          [
            80.13605000000001,
            13.020380000000001
          ],
          [
            80.13663000000001,
            13.020850000000001
          ],
          [
            80.1372,
            13.021310000000001
          ],
          [
            80.13777,
            13.021770000000002
          ],
          [
            80.13835,
            13.02223
          ],
          [
            80.13874000000001,
            13.022570000000002
          ],
          [
            80.13924,
            13.02294
          ],
          [
            80.13966,
            13.023270000000002
          ],
          [
            80.14005,
            13.023620000000001
          ],
          [
            80.14044000000001,
            13.02396
          ],
          [
            80.14071000000001,
            13.024170000000002
          ],
          [
            80.14127,
            13.02462
          ],
          [
            80.14183000000001,
            13.025070000000001
          ],
          [
            80.14239,
            13.02551
          ],
          [
            80.14295000000001,
            13.025960000000001
          ],
          [
            80.14361000000001,
            13.02649
          ],
          [
            80.14427,
            13.027030000000002
          ],
          [
            80.14494,
            13.027560000000001
          ],
          [
            80.1456,
            13.0281
          ],
          [
            80.14613000000001,
            13.02856
          ],
          [
            80.14649,
            13.02889
          ],
          [
            80.14676,
            13.029190000000002
          ],
          [
            80.14696,
            13.029420000000002
          ],
          [
            80.14727,
            13.029810000000001
          ],
          [
            80.14762,
            13.03034
          ],
          [
            80.14786000000001,
            13.030730000000002
          ],
          [
            80.1482,
            13.031390000000002
          ],
          [
            80.14840000000001,
            13.03184
          ],
          [
            80.14857,
            13.032300000000001
          ],
          [
            80.14869,
            13.03269
          ],
          [
            80.14884,
            13.03325
          ],
          [
            80.14891,
            13.033660000000001
          ],
          [
            80.14898000000001,
            13.034250000000002
          ],
          [
            80.14901,
            13.034780000000001
          ],
          [
            80.14903000000001,
            13.035300000000001
          ],
          [
            80.14905,
            13.03579
          ],
          [
            80.14907000000001,
            13.036280000000001
          ],
          [
            80.14911000000001,
            13.036900000000001
          ],
          [
            80.14915,
            13.03752
          ],
          [
            80.14919,
            13.03813
          ],
          [
            80.14923,
            13.03898
          ],
          [
            80.14928,
            13.03983
          ],
          [
            80.14933,
            13.040680000000002
          ],
          [
            80.14937,
            13.041530000000002
          ],
          [
            80.14942,
            13.042380000000001
          ],
          [
            80.14941,
            13.042610000000002
          ],
          [
            80.14941,
            13.043030000000002
          ],
          [
            80.14944000000001,
            13.04357
          ],
          [
            80.14949,
            13.0441
          ],
          [
            80.14953000000001,
            13.044770000000002
          ],
          [
            80.14956000000001,
            13.045350000000001
          ],
          [
            80.14959,
            13.046000000000001
          ],
          [
            80.14945,
            13.046000000000001
          ],
          [
            80.14909,
            13.04602
          ],
          [
            80.14851,
            13.045960000000001
          ],
          [
            80.14832000000001,
            13.045940000000002
          ],
          [
            80.14818000000001,
            13.045950000000001
          ],
          [
            80.14788,
            13.045950000000001
          ],
          [
            80.14734,
            13.04592
          ],
          [
            80.14713,
            13.045900000000001
          ],
          [
            80.14685,
            13.04588
          ],
          [
            80.14635000000001,
            13.045850000000002
          ],
          [
            80.14590000000001,
            13.045850000000002
          ],
          [
            80.14588,
            13.045850000000002
          ],
          [
            80.14566,
            13.045840000000002
          ],
          [
            80.14578,
            13.045570000000001
          ],
          [
            80.14584,
            13.0454
          ],
          [
            80.14588,
            13.045300000000001
          ],
          [
            80.14591,
            13.045190000000002
          ],
          [
            80.14592,
            13.04507
          ],
          [
            80.14596,
            13.04465
          ],
          [
            80.14598000000001,
            13.04419
          ],
          [
            80.14599000000001,
            13.04381
          ],
          [
            80.14601,
            13.043640000000002
          ],
          [
            80.14613000000001,
            13.043180000000001
          ],
          [
            80.14627,
            13.042480000000001
          ],
          [
            80.14635000000001,
            13.04217
          ],
          [
            80.14637,
            13.042110000000001
          ],
          [
            80.14645,
            13.041820000000001
          ],
          [
            80.14648000000001,
            13.041620000000002
          ],
          [
            80.14649,
            13.04128
          ],
          [
            80.14647000000001,
            13.040510000000001
          ],
          [
            80.14646,
            13.040090000000001
          ],
          [
            80.14647000000001,
            13.039670000000001
          ],
          [
            80.14649,
            13.038920000000001
          ],
          [
            80.14649,
            13.03828
          ],
          [
            80.14647000000001,
            13.03804
          ],
          [
            80.14642,
            13.03753
          ],
          [
            80.14642,
            13.03725
          ],
          [
            80.14647000000001,
            13.036890000000001
          ],
          [
            80.14646,
            13.036690000000002
          ],
          [
            80.14648000000001,
            13.036290000000001
          ],
          [
            80.14647000000001,
            13.036180000000002
          ],
          [
            80.14575,
            13.036270000000002
          ],
          [
            80.14552,
            13.0363
          ],
          [
            80.14544000000001,
            13.03631
          ],
          [
            80.14483000000001,
            13.0364
          ],
          [
            80.14422,
            13.03649
          ],
          [
            80.14361000000001,
            13.03658
          ],
          [
            80.14274,
            13.036700000000002
          ],
          [
            80.14252,
            13.03673
          ],
          [
            80.14242,
            13.036750000000001
          ],
          [
            80.14232000000001,
            13.036760000000001
          ],
          [
            80.14159000000001,
            13.03687
          ],
          [
            80.14087,
            13.036970000000002
          ],
          [
            80.14014,
            13.037080000000001
          ],
          [
            80.14009,
            13.037090000000001
          ],
          [
            80.1396,
            13.037160000000002
          ],
          [
            80.13926000000001,
            13.037220000000001
          ],
          [
            80.13917000000001,
            13.037230000000001
          ],
          [
            80.13903,
            13.03725
          ],
          [
            80.13845,
            13.03733
          ],
          [
            80.13795,
            13.03738
          ],
          [
            80.13744000000001,
            13.037440000000002
          ],
          [
            80.137,
            13.037500000000001
          ],
          [
            80.13694000000001,
            13.037510000000001
          ],
          [
            80.13631000000001,
            13.037640000000001
          ],
          [
            80.13591000000001,
            13.037770000000002
          ],
          [
            80.13583000000001,
            13.0378
          ],
          [
            80.13586000000001,
            13.0379
          ],
          [
            80.13592000000001,
            13.037880000000001
          ],
          [
            80.13632000000001,
            13.03775
          ],
          [
            80.13653000000001,
            13.037690000000001
          ],
          [
            80.13676000000001,
            13.037640000000001
          ],
          [
            80.13681000000001,
            13.037640000000001
          ],
          [
            80.13723,
            13.03757
          ],
          [
            80.13770000000001,
            13.037510000000001
          ],
          [
            80.13817,
            13.037440000000002
          ],
          [
            80.13847000000001,
            13.037400000000002
          ],
          [
            80.13901000000001,
            13.03733
          ],
          [
            80.13954000000001,
            13.03725
          ],
          [
            80.14009,
            13.037160000000002
          ],
          [
            80.14084000000001,
            13.03706
          ],
          [
            80.14159000000001,
            13.036950000000001
          ],
          [
            80.14234,
            13.036840000000002
          ],
          [
            80.14244000000001,
            13.03682
          ],
          [
            80.14253000000001,
            13.036810000000001
          ],
          [
            80.14344000000001,
            13.036690000000002
          ],
          [
            80.14418,
            13.03659
          ],
          [
            80.14493,
            13.036480000000001
          ],
          [
            80.14567000000001,
            13.036370000000002
          ],
          [
            80.14648000000001,
            13.036290000000001
          ],
          [
            80.14716,
            13.036270000000002
          ],
          [
            80.14768000000001,
            13.036270000000002
          ],
          [
            80.14814000000001,
            13.036270000000002
          ],
          [
            80.14850000000001,
            13.036280000000001
          ],
          [
            80.14880000000001,
            13.036290000000001
          ],
          [
            80.14881000000001,
            13.036330000000001
          ],
          [
            80.14882,
            13.036360000000002
          ],
          [
            80.14884,
            13.036380000000001
          ],
          [
            80.14888,
            13.036430000000001
          ],
          [
            80.14890000000001,
            13.036620000000001
          ],
          [
            80.14893000000001,
            13.036800000000001
          ],
          [
            80.14898000000001,
            13.037130000000001
          ],
          [
            80.14901,
            13.037400000000002
          ],
          [
            80.14904000000001,
            13.03771
          ],
          [
            80.14906,
            13.038110000000001
          ],
          [
            80.14909,
            13.03875
          ],
          [
            80.14913,
            13.03944
          ],
          [
            80.14917000000001,
            13.040130000000001
          ],
          [
            80.14921000000001,
            13.040820000000002
          ],
          [
            80.14924,
            13.041150000000002
          ],
          [
            80.14925000000001,
            13.041360000000001
          ],
          [
            80.14927,
            13.04166
          ],
          [
            80.14926000000001,
            13.04217
          ],
          [
            80.14927,
            13.042570000000001
          ],
          [
            80.14928,
            13.042980000000002
          ],
          [
            80.14930000000001,
            13.043370000000001
          ],
          [
            80.14930000000001,
            13.04358
          ],
          [
            80.14935000000001,
            13.04423
          ],
          [
            80.1494,
            13.044880000000001
          ],
          [
            80.14943000000001,
            13.04554
          ],
          [
            80.14945,
            13.046000000000001
          ],
          [
            80.14948000000001,
            13.04672
          ],
          [
            80.14952000000001,
            13.047540000000001
          ],
          [
            80.14955,
            13.04804
          ],
          [
            80.14958,
            13.048530000000001
          ],
          [
            80.1496,
            13.048750000000002
          ],
          [
            80.14961000000001,
            13.04892
          ],
          [
            80.14965000000001,
            13.04935
          ],
          [
            80.14971000000001,
            13.04973
          ],
          [
            80.14980000000001,
            13.0501
          ],
          [
            80.14995,
            13.050500000000001
          ],
          [
            80.14998000000001,
            13.050540000000002
          ],
          [
            80.15022,
            13.050920000000001
          ],
          [
            80.15036,
            13.05113
          ],
          [
            80.15045,
            13.051250000000001
          ],
          [
            80.15069000000001,
            13.05155
          ],
          [
            80.15092000000001,
            13.05179
          ],
          [
            80.15117000000001,
            13.05202
          ],
          [
            80.15145000000001,
            13.052190000000001
          ],
          [
            80.15215,
            13.052550000000002
          ],
          [
            80.15249,
            13.05272
          ],
          [
            80.15310000000001,
            13.053020000000002
          ],
          [
            80.1537,
            13.053320000000001
          ],
          [
            80.15441000000001,
            13.053700000000001
          ],
          [
            80.15449000000001,
            13.053270000000001
          ],
          [
            80.15406,
            13.05306
          ],
          [
            80.15350000000001,
            13.052790000000002
          ],
          [
            80.15294,
            13.052520000000001
          ],
          [
            80.15267,
            13.0524
          ],
          [
            80.15217000000001,
            13.05217
          ],
          [
            80.15180000000001,
            13.05197
          ],
          [
            80.15141000000001,
            13.051710000000002
          ],
          [
            80.15119,
            13.051530000000001
          ],
          [
            80.15096000000001,
            13.051300000000001
          ],
          [
            80.15077000000001,
            13.051070000000001
          ],
          [
            80.15061,
            13.050830000000001
          ],
          [
            80.15045,
            13.05053
          ],
          [
            80.15027,
            13.050160000000002
          ],
          [
            80.15020000000001,
            13.049890000000001
          ],
          [
            80.15015000000001,
            13.049690000000002
          ],
          [
            80.15013,
            13.049570000000001
          ],
          [
            80.15008,
            13.0493
          ],
          [
            80.15005000000001,
            13.048860000000001
          ],
          [
            80.15,
            13.048290000000001
          ],
          [
            80.14995,
            13.047720000000002
          ],
          [
            80.14992000000001,
            13.04686
          ],
          [
            80.14988000000001,
            13.045990000000002
          ],
          [
            80.14974000000001,
            13.045990000000002
          ],
          [
            80.14973,
            13.045560000000002
          ],
          [
            80.14970000000001,
            13.044770000000002
          ],
          [
            80.14970000000001,
            13.04432
          ],
          [
            80.14970000000001,
            13.0441
          ],
          [
            80.14970000000001,
            13.043550000000002
          ],
          [
            80.14966000000001,
            13.043030000000002
          ],
          [
            80.14964,
            13.042900000000001
          ],
          [
            80.14958,
            13.04259
          ],
          [
            80.14956000000001,
            13.042390000000001
          ],
          [
            80.14952000000001,
            13.041640000000001
          ],
          [
            80.14948000000001,
            13.040890000000001
          ],
          [
            80.14944000000001,
            13.040140000000001
          ],
          [
            80.1494,
            13.039380000000001
          ],
          [
            80.14936,
            13.038630000000001
          ],
          [
            80.14932,
            13.037880000000001
          ],
          [
            80.14927,
            13.037020000000002
          ],
          [
            80.14923,
            13.03616
          ],
          [
            80.14918,
            13.03527
          ],
          [
            80.14914,
            13.03438
          ],
          [
            80.14907000000001,
            13.03377
          ],
          [
            80.14896,
            13.033150000000001
          ],
          [
            80.14876000000001,
            13.03246
          ],
          [
            80.14871000000001,
            13.032280000000002
          ],
          [
            80.14854000000001,
            13.031780000000001
          ],
          [
            80.14841000000001,
            13.031450000000001
          ],
          [
            80.14823000000001,
            13.03109
          ],
          [
            80.14803,
            13.03072
          ],
          [
            80.14764000000001,
            13.030100000000001
          ],
          [
            80.14726,
            13.029560000000002
          ],
          [
            80.14683000000001,
            13.029050000000002
          ],
          [
            80.1464,
            13.0286
          ],
          [
            80.14607000000001,
            13.028310000000001
          ],
          [
            80.14541000000001,
            13.02777
          ],
          [
            80.14475,
            13.02724
          ],
          [
            80.14409,
            13.026710000000001
          ],
          [
            80.14343000000001,
            13.026180000000002
          ],
          [
            80.14277000000001,
            13.025640000000001
          ],
          [
            80.14211,
            13.025110000000002
          ],
          [
            80.14145,
            13.02458
          ],
          [
            80.14078,
            13.02405
          ],
          [
            80.14054,
            13.02386
          ],
          [
            80.14011,
            13.02349
          ],
          [
            80.13968000000001,
            13.02311
          ],
          [
            80.13941000000001,
            13.02289
          ],
          [
            80.13902,
            13.022590000000001
          ],
          [
            80.13853,
            13.022190000000002
          ],
          [
            80.13804,
            13.021790000000001
          ],
          [
            80.13757000000001,
            13.021410000000001
          ],
          [
            80.13696,
            13.02092
          ],
          [
            80.13634,
            13.02044
          ],
          [
            80.13573000000001,
            13.019950000000001
          ],
          [
            80.13510000000001,
            13.019380000000002
          ],
          [
            80.13463,
            13.018960000000002
          ],
          [
            80.13417000000001,
            13.018540000000002
          ],
          [
            80.13371000000001,
            13.018130000000001
          ],
          [
            80.13318000000001,
            13.017640000000002
          ],
          [
            80.13260000000001,
            13.01712
          ],
          [
            80.13201000000001,
            13.016630000000001
          ],
          [
            80.13164,
            13.016350000000001
          ],
          [
            80.13128,
            13.016070000000001
          ],
          [
            80.13103000000001,
            13.015880000000001
          ],
          [
            80.13049000000001,
            13.01547
          ],
          [
            80.12994,
            13.015070000000001
          ],
          [
            80.1294,
            13.014660000000001
          ],
          [
            80.12923,
            13.01453
          ],
          [
            80.12902000000001,
            13.014320000000001
          ],
          [
            80.12865000000001,
            13.01392
          ],
          [
            80.12838,
            13.013560000000002
          ],
          [
            80.12824,
            13.01336
          ],
          [
            80.12793,
            13.0128
          ],
          [
            80.12778,
            13.01247
          ],
          [
            80.12761,
            13.011870000000002
          ],
          [
            80.12754000000001,
            13.011600000000001
          ],
          [
            80.12751,
            13.01138
          ],
          [
            80.12743,
            13.01077
          ],
          [
            80.12739,
            13.01007
          ],
          [
            80.12739,
            13.00937
          ],
          [
            80.12739,
            13.008490000000002
          ],
          [
            80.12739,
            13.00786
          ],
          [
            80.12736000000001,
            13.00731
          ],
          [
            80.12734,
            13.006760000000002
          ],
          [
            80.12733,
            13.006300000000001
          ],
          [
            80.12732000000001,
            13.005840000000001
          ],
          [
            80.12731000000001,
            13.005110000000002
          ],
          [
            80.12729,
            13.004380000000001
          ],
          [
            80.12726,
            13.00406
          ],
          [
            80.12714000000001,
            13.003250000000001
          ],
          [
            80.12704000000001,
            13.002860000000002
          ],
          [
            80.1269,
            13.002460000000001
          ],
          [
            80.12675,
            13.002060000000002
          ],
          [
            80.12658,
            13.00168
          ],
          [
            80.12634000000001,
            13.001240000000001
          ],
          [
            80.12595,
            13.0006
          ],
          [
            80.12559,
            13.00004
          ],
          [
            80.12523,
            12.999480000000002
          ],
          [
            80.12487,
            12.998920000000002
          ],
          [
            80.12451,
            12.998360000000002
          ],
          [
            80.12416,
            12.997800000000002
          ],
          [
            80.12367,
            12.997050000000002
          ],
          [
            80.12319000000001,
            12.996310000000001
          ],
          [
            80.12270000000001,
            12.995560000000001
          ],
          [
            80.12243000000001,
            12.995070000000002
          ],
          [
            80.12235000000001,
            12.994940000000001
          ],
          [
            80.12211,
            12.994530000000001
          ],
          [
            80.12196,
            12.99413
          ],
          [
            80.12185000000001,
            12.993710000000002
          ],
          [
            80.12178,
            12.993200000000002
          ],
          [
            80.12169,
            12.992460000000001
          ],
          [
            80.12161,
            12.99173
          ],
          [
            80.12152,
            12.991000000000001
          ],
          [
            80.12143,
            12.990250000000001
          ],
          [
            80.12134,
            12.989500000000001
          ],
          [
            80.12126,
            12.98872
          ],
          [
            80.12118000000001,
            12.987940000000002
          ],
          [
            80.12112,
            12.987340000000001
          ],
          [
            80.12108,
            12.986790000000001
          ],
          [
            80.12104000000001,
            12.98624
          ],
          [
            80.12101000000001,
            12.985610000000001
          ],
          [
            80.12098,
            12.98497
          ],
          [
            80.12096000000001,
            12.984200000000001
          ],
          [
            80.12091000000001,
            12.983590000000001
          ],
          [
            80.12086000000001,
            12.982970000000002
          ],
          [
            80.12082000000001,
            12.982230000000001
          ],
          [
            80.12077000000001,
            12.9815
          ],
          [
            80.12073000000001,
            12.980760000000002
          ],
          [
            80.12069000000001,
            12.980020000000001
          ],
          [
            80.12061000000001,
            12.979610000000001
          ],
          [
            80.12042000000001,
            12.978900000000001
          ],
          [
            80.12022,
            12.978200000000001
          ],
          [
            80.12003,
            12.977490000000001
          ],
          [
            80.11983000000001,
            12.976790000000001
          ],
          [
            80.11964,
            12.976080000000001
          ],
          [
            80.11945,
            12.97539
          ],
          [
            80.11927,
            12.974710000000002
          ],
          [
            80.11908000000001,
            12.974020000000001
          ],
          [
            80.11890000000001,
            12.97333
          ],
          [
            80.11881000000001,
            12.973
          ],
          [
            80.11877000000001,
            12.972740000000002
          ],
          [
            80.11874,
            12.972460000000002
          ],
          [
            80.11871000000001,
            12.97212
          ],
          [
            80.11872000000001,
            12.971630000000001
          ],
          [
            80.11876000000001,
            12.9709
          ],
          [
            80.11880000000001,
            12.970170000000001
          ],
          [
            80.11884,
            12.96944
          ],
          [
            80.11888,
            12.968700000000002
          ],
          [
            80.11892,
            12.967970000000001
          ],
          [
            80.11896,
            12.96724
          ],
          [
            80.11899000000001,
            12.966500000000002
          ],
          [
            80.11903000000001,
            12.965760000000001
          ],
          [
            80.11905,
            12.965440000000001
          ],
          [
            80.11909,
            12.964670000000002
          ],
          [
            80.11913000000001,
            12.963890000000001
          ],
          [
            80.11917000000001,
            12.963120000000002
          ],
          [
            80.11921000000001,
            12.962340000000001
          ],
          [
            80.11925000000001,
            12.96161
          ],
          [
            80.11930000000001,
            12.960870000000002
          ],
          [
            80.11931000000001,
            12.96015
          ],
          [
            80.11931000000001,
            12.95939
          ],
          [
            80.11928,
            12.958720000000001
          ],
          [
            80.11925000000001,
            12.958060000000001
          ],
          [
            80.11924,
            12.95747
          ],
          [
            80.11922000000001,
            12.95687
          ],
          [
            80.11922000000001,
            12.956080000000002
          ],
          [
            80.11921000000001,
            12.95583
          ],
          [
            80.11917000000001,
            12.955620000000001
          ],
          [
            80.1191,
            12.955190000000002
          ],
          [
            80.11894000000001,
            12.954630000000002
          ],
          [
            80.11882,
            12.95429
          ],
          [
            80.11864000000001,
            12.95391
          ],
          [
            80.11848,
            12.953660000000001
          ],
          [
            80.11823000000001,
            12.953310000000002
          ],
          [
            80.11800000000001,
            12.953050000000001
          ],
          [
            80.11777000000001,
            12.95283
          ],
          [
            80.11753,
            12.952630000000001
          ],
          [
            80.11721,
            12.952380000000002
          ],
          [
            80.11689000000001,
            12.95218
          ],
          [
            80.11605,
            12.951810000000002
          ],
          [
            80.11545000000001,
            12.951620000000002
          ],
          [
            80.11486000000001,
            12.95143
          ],
          [
            80.11427,
            12.95124
          ],
          [
            80.11365,
            12.951070000000001
          ],
          [
            80.11288,
            12.950840000000001
          ],
          [
            80.11211,
            12.950610000000001
          ],
          [
            80.11133000000001,
            12.950380000000001
          ],
          [
            80.11056,
            12.950140000000001
          ],
          [
            80.11024,
            12.950040000000001
          ],
          [
            80.10994000000001,
            12.94992
          ],
          [
            80.10973000000001,
            12.94983
          ],
          [
            80.10952,
            12.949720000000001
          ],
          [
            80.10925,
            12.949560000000002
          ],
          [
            80.10894,
            12.94935
          ],
          [
            80.10872,
            12.949190000000002
          ],
          [
            80.10853,
            12.949010000000001
          ],
          [
            80.10834000000001,
            12.948820000000001
          ],
          [
            80.10812,
            12.948570000000002
          ],
          [
            80.10791,
            12.948290000000002
          ],
          [
            80.10775000000001,
            12.94805
          ],
          [
            80.10738,
            12.947370000000001
          ],
          [
            80.10706,
            12.946760000000001
          ],
          [
            80.10673000000001,
            12.94616
          ],
          [
            80.10650000000001,
            12.945730000000001
          ],
          [
            80.10627000000001,
            12.945290000000002
          ],
          [
            80.10603,
            12.94485
          ],
          [
            80.10575,
            12.94433
          ],
          [
            80.10531,
            12.943550000000002
          ],
          [
            80.10511000000001,
            12.94325
          ],
          [
            80.10494000000001,
            12.94303
          ],
          [
            80.10482,
            12.942900000000002
          ],
          [
            80.10448000000001,
            12.942580000000001
          ],
          [
            80.10408000000001,
            12.94228
          ],
          [
            80.10359000000001,
            12.941920000000001
          ],
          [
            80.10310000000001,
            12.94156
          ],
          [
            80.10237000000001,
            12.941040000000001
          ],
          [
            80.10181,
            12.94063
          ],
          [
            80.1015,
            12.940370000000001
          ],
          [
            80.10123,
            12.94012
          ],
          [
            80.10086000000001,
            12.939750000000002
          ],
          [
            80.10055000000001,
            12.939340000000001
          ],
          [
            80.1003,
            12.93899
          ],
          [
            80.10006000000001,
            12.93857
          ],
          [
            80.09983000000001,
            12.93809
          ],
          [
            80.09972,
            12.93781
          ],
          [
            80.09964000000001,
            12.937590000000002
          ],
          [
            80.09955000000001,
            12.937270000000002
          ],
          [
            80.09943000000001,
            12.936770000000001
          ],
          [
            80.09934000000001,
            12.936060000000001
          ],
          [
            80.09933000000001,
            12.9359
          ],
          [
            80.09934000000001,
            12.935270000000001
          ],
          [
            80.09943000000001,
            12.93438
          ],
          [
            80.09951000000001,
            12.93349
          ],
          [
            80.09959,
            12.9326
          ],
          [
            80.09968,
            12.93172
          ],
          [
            80.09977,
            12.93083
          ],
          [
            80.09986,
            12.929950000000002
          ],
          [
            80.09995,
            12.929060000000002
          ],
          [
            80.10003,
            12.928180000000001
          ],
          [
            80.10012,
            12.9273
          ],
          [
            80.10017,
            12.92678
          ],
          [
            80.10023000000001,
            12.926260000000001
          ],
          [
            80.10029,
            12.925680000000002
          ],
          [
            80.10036000000001,
            12.92509
          ],
          [
            80.10046000000001,
            12.924330000000001
          ],
          [
            80.10056,
            12.923560000000002
          ],
          [
            80.10066,
            12.92279
          ],
          [
            80.10068000000001,
            12.92266
          ],
          [
            80.10052,
            12.92265
          ],
          [
            80.10051,
            12.92275
          ],
          [
            80.10041000000001,
            12.92351
          ],
          [
            80.10032000000001,
            12.924270000000002
          ],
          [
            80.10022000000001,
            12.925040000000001
          ],
          [
            80.10013000000001,
            12.92576
          ],
          [
            80.10004,
            12.926480000000002
          ],
          [
            80.10000000000001,
            12.926990000000002
          ],
          [
            80.09995,
            12.9275
          ],
          [
            80.09988000000001,
            12.92825
          ],
          [
            80.09981,
            12.92899
          ],
          [
            80.09973000000001,
            12.92974
          ],
          [
            80.09968,
            12.930230000000002
          ],
          [
            80.09964000000001,
            12.93072
          ],
          [
            80.09956000000001,
            12.931420000000001
          ],
          [
            80.09949,
            12.93213
          ],
          [
            80.09941,
            12.93294
          ],
          [
            80.09933000000001,
            12.933750000000002
          ],
          [
            80.09926,
            12.934550000000002
          ],
          [
            80.09918,
            12.935360000000001
          ],
          [
            80.09918,
            12.93584
          ],
          [
            80.09923,
            12.936300000000001
          ],
          [
            80.09928000000001,
            12.936750000000002
          ],
          [
            80.09942000000001,
            12.93739
          ],
          [
            80.09952000000001,
            12.937700000000001
          ],
          [
            80.09968,
            12.938110000000002
          ],
          [
            80.09996000000001,
            12.938690000000001
          ],
          [
            80.10016,
            12.939050000000002
          ],
          [
            80.10044,
            12.93945
          ],
          [
            80.10072000000001,
            12.939800000000002
          ],
          [
            80.10135000000001,
            12.940430000000001
          ],
          [
            80.10164,
            12.94068
          ],
          [
            80.10220000000001,
            12.94109
          ],
          [
            80.10277,
            12.941500000000001
          ],
          [
            80.10333,
            12.941920000000001
          ],
          [
            80.10390000000001,
            12.942330000000002
          ],
          [
            80.10430000000001,
            12.94264
          ],
          [
            80.10457000000001,
            12.942870000000001
          ],
          [
            80.10478,
            12.94307
          ],
          [
            80.10498000000001,
            12.943320000000002
          ],
          [
            80.10527,
            12.943760000000001
          ],
          [
            80.10565000000001,
            12.94448
          ],
          [
            80.10604000000001,
            12.945200000000002
          ],
          [
            80.10643,
            12.945920000000001
          ],
          [
            80.10682000000001,
            12.94664
          ],
          [
            80.10721000000001,
            12.947370000000001
          ],
          [
            80.10761000000001,
            12.948110000000002
          ],
          [
            80.10786,
            12.94847
          ],
          [
            80.10802000000001,
            12.948680000000001
          ],
          [
            80.10822,
            12.948910000000001
          ],
          [
            80.10838000000001,
            12.94908
          ],
          [
            80.10857,
            12.949250000000001
          ],
          [
            80.10881,
            12.949430000000001
          ],
          [
            80.10912,
            12.949650000000002
          ],
          [
            80.10941000000001,
            12.94983
          ],
          [
            80.10969,
            12.94997
          ],
          [
            80.11004000000001,
            12.950120000000002
          ],
          [
            80.11033,
            12.950230000000001
          ],
          [
            80.11110000000001,
            12.950460000000001
          ],
          [
            80.11187000000001,
            12.950690000000002
          ],
          [
            80.11263000000001,
            12.950920000000002
          ],
          [
            80.11340000000001,
            12.951150000000002
          ],
          [
            80.114,
            12.95132
          ],
          [
            80.11471,
            12.951540000000001
          ],
          [
            80.11541000000001,
            12.95175
          ],
          [
            80.11586000000001,
            12.95189
          ],
          [
            80.11629,
            12.952060000000001
          ],
          [
            80.11682,
            12.95231
          ],
          [
            80.11715000000001,
            12.95251
          ],
          [
            80.11755000000001,
            12.95283
          ],
          [
            80.11784,
            12.953100000000001
          ],
          [
            80.11808,
            12.953360000000002
          ],
          [
            80.1183,
            12.95363
          ],
          [
            80.11848,
            12.953930000000001
          ],
          [
            80.11865,
            12.95428
          ],
          [
            80.11880000000001,
            12.954690000000001
          ],
          [
            80.11889000000001,
            12.95498
          ],
          [
            80.11895000000001,
            12.95523
          ],
          [
            80.11903000000001,
            12.95564
          ],
          [
            80.11906,
            12.95583
          ],
          [
            80.11906,
            12.956100000000001
          ],
          [
            80.11907000000001,
            12.95687
          ],
          [
            80.11909,
            12.95766
          ],
          [
            80.1191,
            12.95818
          ],
          [
            80.11913000000001,
            12.95874
          ],
          [
            80.11916000000001,
            12.9593
          ],
          [
            80.11917000000001,
            12.96014
          ],
          [
            80.11915,
            12.960730000000002
          ],
          [
            80.11913000000001,
            12.961310000000001
          ],
          [
            80.11909,
            12.961810000000002
          ],
          [
            80.11906,
            12.96231
          ],
          [
            80.11902,
            12.9631
          ],
          [
            80.11898000000001,
            12.963890000000001
          ],
          [
            80.11894000000001,
            12.964680000000001
          ],
          [
            80.11890000000001,
            12.965470000000002
          ],
          [
            80.11888,
            12.965770000000001
          ],
          [
            80.11884,
            12.966560000000001
          ],
          [
            80.11880000000001,
            12.967350000000001
          ],
          [
            80.11876000000001,
            12.968140000000002
          ],
          [
            80.11871000000001,
            12.96893
          ],
          [
            80.11867000000001,
            12.96973
          ],
          [
            80.11863000000001,
            12.97052
          ],
          [
            80.11859000000001,
            12.97131
          ],
          [
            80.11856,
            12.972130000000002
          ],
          [
            80.11858000000001,
            12.97235
          ],
          [
            80.11861,
            12.972690000000002
          ],
          [
            80.11865,
            12.97295
          ],
          [
            80.11871000000001,
            12.97324
          ],
          [
            80.11890000000001,
            12.973930000000001
          ],
          [
            80.11908000000001,
            12.974620000000002
          ],
          [
            80.11927,
            12.97531
          ],
          [
            80.11946,
            12.97601
          ],
          [
            80.11964,
            12.976640000000002
          ],
          [
            80.11982,
            12.97727
          ],
          [
            80.12,
            12.977900000000002
          ],
          [
            80.12021,
            12.978710000000001
          ],
          [
            80.12034000000001,
            12.979190000000001
          ],
          [
            80.12048,
            12.97967
          ],
          [
            80.12053,
            12.979980000000001
          ],
          [
            80.12059,
            12.980820000000001
          ],
          [
            80.12064000000001,
            12.981660000000002
          ],
          [
            80.12069000000001,
            12.98249
          ],
          [
            80.12074000000001,
            12.983340000000002
          ],
          [
            80.12078000000001,
            12.98418
          ],
          [
            80.12082000000001,
            12.984990000000002
          ],
          [
            80.12085,
            12.98553
          ],
          [
            80.12088,
            12.986250000000002
          ],
          [
            80.12093,
            12.9868
          ],
          [
            80.12098,
            12.987340000000001
          ],
          [
            80.12104000000001,
            12.987960000000001
          ],
          [
            80.12113000000001,
            12.988790000000002
          ],
          [
            80.12121,
            12.98962
          ],
          [
            80.12129,
            12.99036
          ],
          [
            80.12138,
            12.991100000000001
          ],
          [
            80.12147,
            12.991840000000002
          ],
          [
            80.12156,
            12.99258
          ],
          [
            80.12164000000001,
            12.99332
          ],
          [
            80.1217,
            12.99369
          ],
          [
            80.12175,
            12.99393
          ],
          [
            80.12188,
            12.99435
          ],
          [
            80.12198000000001,
            12.99459
          ],
          [
            80.12213000000001,
            12.994900000000001
          ],
          [
            80.12233,
            12.99524
          ],
          [
            80.12269,
            12.995780000000002
          ],
          [
            80.12313,
            12.99647
          ],
          [
            80.12357,
            12.997160000000001
          ],
          [
            80.12401000000001,
            12.997850000000001
          ],
          [
            80.12442,
            12.99848
          ],
          [
            80.12482,
            12.999120000000001
          ],
          [
            80.12523,
            12.99975
          ],
          [
            80.12564,
            13.000380000000002
          ],
          [
            80.12589000000001,
            13.00079
          ],
          [
            80.12615000000001,
            13.0012
          ],
          [
            80.1264,
            13.00163
          ],
          [
            80.12656000000001,
            13.00201
          ],
          [
            80.12673000000001,
            13.00242
          ],
          [
            80.12698,
            13.00318
          ],
          [
            80.12706,
            13.003670000000001
          ],
          [
            80.12713000000001,
            13.004150000000001
          ],
          [
            80.12716,
            13.004740000000002
          ],
          [
            80.12717,
            13.005260000000002
          ],
          [
            80.12718000000001,
            13.005770000000002
          ],
          [
            80.1272,
            13.00651
          ],
          [
            80.12723000000001,
            13.00725
          ],
          [
            80.12725,
            13.007990000000001
          ],
          [
            80.12727000000001,
            13.008730000000002
          ],
          [
            80.12727000000001,
            13.009260000000001
          ],
          [
            80.12727000000001,
            13.009780000000001
          ],
          [
            80.12728000000001,
            13.010290000000001
          ],
          [
            80.12729,
            13.010790000000002
          ],
          [
            80.12735,
            13.01135
          ],
          [
            80.12738,
            13.01157
          ],
          [
            80.12746000000001,
            13.011920000000002
          ],
          [
            80.1276,
            13.01237
          ],
          [
            80.12776000000001,
            13.012780000000001
          ],
          [
            80.12793,
            13.013100000000001
          ],
          [
            80.1282,
            13.01355
          ],
          [
            80.12849000000001,
            13.01396
          ],
          [
            80.12878,
            13.014260000000002
          ],
          [
            80.12920000000001,
            13.01467
          ],
          [
            80.12955000000001,
            13.014940000000001
          ],
          [
            80.13023000000001,
            13.015460000000001
          ],
          [
            80.13090000000001,
            13.01598
          ],
          [
            80.13112000000001,
            13.016140000000002
          ],
          [
            80.13155,
            13.016470000000002
          ],
          [
            80.13197000000001,
            13.01679
          ],
          [
            80.1324,
            13.017140000000001
          ],
          [
            80.13293,
            13.01762
          ],
          [
            80.13356,
            13.01819
          ],
          [
            80.13419,
            13.018770000000002
          ],
          [
            80.13454,
            13.01908
          ],
          [
            80.13488000000001,
            13.019390000000001
          ],
          [
            80.13548,
            13.01992
          ],
          [
            80.13605000000001,
            13.020380000000001
          ],
          [
            80.13663000000001,
            13.020850000000001
          ],
          [
            80.1372,
            13.021310000000001
          ],
          [
            80.13777,
            13.021770000000002
          ],
          [
            80.13835,
            13.02223
          ],
          [
            80.13874000000001,
            13.022570000000002
          ],
          [
            80.13924,
            13.02294
          ],
          [
            80.13966,
            13.023270000000002
          ],
          [
            80.14005,
            13.023620000000001
          ],
          [
            80.14044000000001,
            13.02396
          ],
          [
            80.14071000000001,
            13.024170000000002
          ],
          [
            80.14127,
            13.02462
          ],
          [
            80.14183000000001,
            13.025070000000001
          ],
          [
            80.14183000000001,
            13.025070000000001
          ],
          [
            80.14239,
            13.02551
          ],
          [
            80.14295000000001,
            13.025960000000001
          ],
          [
            80.14361000000001,
            13.02649
          ],
          [
            80.14427,
            13.027030000000002
          ],
          [
            80.14494,
            13.027560000000001
          ],
          [
            80.1456,
            13.0281
          ],
          [
            80.14613000000001,
            13.02856
          ],
          [
            80.14649,
            13.02889
          ],
          [
            80.14676,
            13.029190000000002
          ],
          [
            80.14696,
            13.029420000000002
          ],
          [
            80.14727,
            13.029810000000001
          ],
          [
            80.14762,
            13.03034
          ],
          [
            80.14786000000001,
            13.030730000000002
          ],
          [
            80.1482,
            13.031390000000002
          ],
          [
            80.14840000000001,
            13.03184
          ],
          [
            80.14857,
            13.032300000000001
          ],
          [
            80.14869,
            13.03269
          ],
          [
            80.14884,
            13.03325
          ],
          [
            80.14891,
            13.033660000000001
          ],
          [
            80.14898000000001,
            13.034250000000002
          ],
          [
            80.14901,
            13.034780000000001
          ],
          [
            80.14903000000001,
            13.035300000000001
          ],
          [
            80.14905,
            13.03579
          ],
          [
            80.14907000000001,
            13.036280000000001
          ],
          [
            80.14911000000001,
            13.036900000000001
          ],
          [
            80.14915,
            13.03752
          ],
          [
            80.14919,
            13.03813
          ],
          [
            80.14923,
            13.03898
          ],
          [
            80.14928,
            13.03983
          ],
          [
            80.14933,
            13.040680000000002
          ],
          [
            80.14937,
            13.041530000000002
          ],
          [
            80.14942,
            13.042380000000001
          ],
          [
            80.14956000000001,
            13.042390000000001
          ],
          [
            80.14952000000001,
            13.041640000000001
          ],
          [
            80.14948000000001,
            13.040890000000001
          ],
          [
            80.14944000000001,
            13.040140000000001
          ],
          [
            80.1494,
            13.039380000000001
          ],
          [
            80.14936,
            13.038630000000001
          ],
          [
            80.14932,
            13.037880000000001
          ],
          [
            80.14927,
            13.037020000000002
          ],
          [
            80.14923,
            13.03616
          ],
          [
            80.14918,
            13.03527
          ],
          [
            80.14914,
            13.03438
          ],
          [
            80.14907000000001,
            13.03377
          ],
          [
            80.14896,
            13.033150000000001
          ],
          [
            80.14876000000001,
            13.03246
          ],
          [
            80.14871000000001,
            13.032280000000002
          ],
          [
            80.14854000000001,
            13.031780000000001
          ],
          [
            80.14841000000001,
            13.031450000000001
          ],
          [
            80.14823000000001,
            13.03109
          ],
          [
            80.14803,
            13.03072
          ],
          [
            80.14764000000001,
            13.030100000000001
          ],
          [
            80.14726,
            13.029560000000002
          ],
          [
            80.14683000000001,
            13.029050000000002
          ],
          [
            80.1464,
            13.0286
          ],
          [
            80.14607000000001,
            13.028310000000001
          ],
          [
            80.14541000000001,
            13.02777
          ],
          [
            80.14475,
            13.02724
          ],
          [
            80.14409,
            13.026710000000001
          ],
          [
            80.14343000000001,
            13.026180000000002
          ],
          [
            80.14277000000001,
            13.025640000000001
          ],
          [
            80.14211,
            13.025110000000002
          ],
          [
            80.14145,
            13.02458
          ],
          [
            80.14078,
            13.02405
          ],
          [
            80.14054,
            13.02386
          ],
          [
            80.14011,
            13.02349
          ],
          [
            80.13968000000001,
            13.02311
          ],
          [
            80.13941000000001,
            13.02289
          ],
          [
            80.13902,
            13.022590000000001
          ],
          [
            80.13853,
            13.022190000000002
          ],
          [
            80.13804,
            13.021790000000001
          ],
          [
            80.13757000000001,
            13.021410000000001
          ],
          [
            80.13696,
            13.02092
          ],
          [
            80.13634,
            13.02044
          ],
          [
            80.13573000000001,
            13.019950000000001
          ],
          [
            80.13510000000001,
            13.019380000000002
          ],
          [
            80.13463,
            13.018960000000002
          ],
          [
            80.13417000000001,
            13.018540000000002
          ],
          [
            80.13371000000001,
            13.018130000000001
          ],
          [
            80.13318000000001,
            13.017640000000002
          ],
          [
            80.13260000000001,
            13.01712
          ],
          [
            80.13201000000001,
            13.016630000000001
          ],
          [
            80.13164,
            13.016350000000001
          ],
          [
            80.13128,
            13.016070000000001
          ],
          [
            80.13103000000001,
            13.015880000000001
          ],
          [
            80.13049000000001,
            13.01547
          ],
          [
            80.12994,
            13.015070000000001
          ],
          [
            80.1294,
            13.014660000000001
          ],
          [
            80.12923,
            13.01453
          ],
          [
            80.12902000000001,
            13.014320000000001
          ],
          [
            80.12865000000001,
            13.01392
          ],
          [
            80.12838,
            13.013560000000002
          ],
          [
            80.12824,
            13.01336
          ],
          [
            80.12793,
            13.0128
          ],
          [
            80.12778,
            13.01247
          ],
          [
            80.12761,
            13.011870000000002
          ],
          [
            80.12754000000001,
            13.011600000000001
          ],
          [
            80.12751,
            13.01138
          ],
          [
            80.12743,
            13.01077
          ],
          [
            80.12739,
            13.01007
          ],
          [
            80.12739,
            13.00937
          ],
          [
            80.12739,
            13.008490000000002
          ],
          [
            80.12739,
            13.00786
          ],
          [
            80.12736000000001,
            13.00731
          ],
          [
            80.12734,
            13.006760000000002
          ],
          [
            80.12733,
            13.006300000000001
          ],
          [
            80.12732000000001,
            13.005840000000001
          ],
          [
            80.12731000000001,
            13.005110000000002
          ],
          [
            80.12729,
            13.004380000000001
          ],
          [
            80.12726,
            13.00406
          ],
          [
            80.12714000000001,
            13.003250000000001
          ],
          [
            80.12704000000001,
            13.002860000000002
          ],
          [
            80.1269,
            13.002460000000001
          ],
          [
            80.12675,
            13.002060000000002
          ],
          [
            80.12658,
            13.00168
          ],
          [
            80.12634000000001,
            13.001240000000001
          ],
          [
            80.12595,
            13.0006
          ],
          [
            80.12559,
            13.00004
          ],
          [
            80.12523,
            12.999480000000002
          ],
          [
            80.12487,
            12.998920000000002
          ],
          [
            80.12451,
            12.998360000000002
          ],
          [
            80.12416,
            12.997800000000002
          ],
          [
            80.12367,
            12.997050000000002
          ],
          [
            80.12319000000001,
            12.996310000000001
          ],
          [
            80.12270000000001,
            12.995560000000001
          ],
          [
            80.12243000000001,
            12.995070000000002
          ],
          [
            80.12235000000001,
            12.994940000000001
          ],
          [
            80.12211,
            12.994530000000001
          ],
          [
            80.12196,
            12.99413
          ],
          [
            80.12185000000001,
            12.993710000000002
          ],
          [
            80.12178,
            12.993200000000002
          ],
          [
            80.12169,
            12.992460000000001
          ],
          [
            80.12161,
            12.99173
          ],
          [
            80.12152,
            12.991000000000001
          ],
          [
            80.12143,
            12.990250000000001
          ],
          [
            80.12134,
            12.989500000000001
          ],
          [
            80.12126,
            12.98872
          ],
          [
            80.12118000000001,
            12.987940000000002
          ],
          [
            80.12112,
            12.987340000000001
          ],
          [
            80.12108,
            12.986790000000001
          ],
          [
            80.12104000000001,
            12.98624
          ],
          [
            80.12101000000001,
            12.985610000000001
          ],
          [
            80.12098,
            12.98497
          ],
          [
            80.12096000000001,
            12.984200000000001
          ],
          [
            80.12091000000001,
            12.983590000000001
          ],
          [
            80.12086000000001,
            12.982970000000002
          ],
          [
            80.12082000000001,
            12.982230000000001
          ],
          [
            80.12077000000001,
            12.9815
          ],
          [
            80.12073000000001,
            12.980760000000002
          ],
          [
            80.12069000000001,
            12.980020000000001
          ],
          [
            80.12061000000001,
            12.979610000000001
          ],
          [
            80.12042000000001,
            12.978900000000001
          ],
          [
            80.12022,
            12.978200000000001
          ],
          [
            80.12003,
            12.977490000000001
          ],
          [
            80.11983000000001,
            12.976790000000001
          ],
          [
            80.11964,
            12.976080000000001
          ],
          [
            80.11945,
            12.97539
          ],
          [
            80.11927,
            12.974710000000002
          ],
          [
            80.11908000000001,
            12.974020000000001
          ],
          [
            80.11890000000001,
            12.97333
          ],
          [
            80.11881000000001,
            12.973
          ],
          [
            80.11877000000001,
            12.972740000000002
          ],
          [
            80.11874,
            12.972460000000002
          ],
          [
            80.11871000000001,
            12.97212
          ],
          [
            80.11872000000001,
            12.971630000000001
          ],
          [
            80.11876000000001,
            12.9709
          ],
          [
            80.11880000000001,
            12.970170000000001
          ],
          [
            80.11884,
            12.96944
          ],
          [
            80.11888,
            12.968700000000002
          ],
          [
            80.11892,
            12.967970000000001
          ],
          [
            80.11896,
            12.96724
          ],
          [
            80.11899000000001,
            12.966500000000002
          ],
          [
            80.11903000000001,
            12.965760000000001
          ],
          [
            80.11905,
            12.965440000000001
          ],
          [
            80.11909,
            12.964670000000002
          ],
          [
            80.11913000000001,
            12.963890000000001
          ],
          [
            80.11917000000001,
            12.963120000000002
          ],
          [
            80.11921000000001,
            12.962340000000001
          ],
          [
            80.11925000000001,
            12.96161
          ],
          [
            80.11930000000001,
            12.960870000000002
          ],
          [
            80.11931000000001,
            12.96015
          ],
          [
            80.11931000000001,
            12.95939
          ],
          [
            80.11928,
            12.958720000000001
          ],
          [
            80.11925000000001,
            12.958060000000001
          ],
          [
            80.11924,
            12.95747
          ],
          [
            80.11922000000001,
            12.95687
          ],
          [
            80.11922000000001,
            12.956080000000002
          ],
          [
            80.11921000000001,
            12.95583
          ],
          [
            80.11917000000001,
            12.955620000000001
          ],
          [
            80.1191,
            12.955190000000002
          ],
          [
            80.11894000000001,
            12.954630000000002
          ],
          [
            80.11882,
            12.95429
          ],
          [
            80.11864000000001,
            12.95391
          ],
          [
            80.11848,
            12.953660000000001
          ],
          [
            80.11823000000001,
            12.953310000000002
          ],
          [
            80.11800000000001,
            12.953050000000001
          ],
          [
            80.11777000000001,
            12.95283
          ],
          [
            80.11753,
            12.952630000000001
          ],
          [
            80.11721,
            12.952380000000002
          ],
          [
            80.11689000000001,
            12.95218
          ],
          [
            80.11605,
            12.951810000000002
          ],
          [
            80.11545000000001,
            12.951620000000002
          ],
          [
            80.11486000000001,
            12.95143
          ],
          [
            80.11427,
            12.95124
          ],
          [
            80.11365,
            12.951070000000001
          ],
          [
            80.11288,
            12.950840000000001
          ],
          [
            80.11211,
            12.950610000000001
          ],
          [
            80.11133000000001,
            12.950380000000001
          ],
          [
            80.11056,
            12.950140000000001
          ],
          [
            80.11024,
            12.950040000000001
          ],
          [
            80.10994000000001,
            12.94992
          ],
          [
            80.10973000000001,
            12.94983
          ],
          [
            80.10952,
            12.949720000000001
          ],
          [
            80.10925,
            12.949560000000002
          ],
          [
            80.10894,
            12.94935
          ],
          [
            80.10872,
            12.949190000000002
          ],
          [
            80.10853,
            12.949010000000001
          ],
          [
            80.10834000000001,
            12.948820000000001
          ],
          [
            80.10812,
            12.948570000000002
          ],
          [
            80.10791,
            12.948290000000002
          ],
          [
            80.10775000000001,
            12.94805
          ],
          [
            80.10738,
            12.947370000000001
          ],
          [
            80.10706,
            12.946760000000001
          ],
          [
            80.10673000000001,
            12.94616
          ],
          [
            80.10650000000001,
            12.945730000000001
          ],
          [
            80.10627000000001,
            12.945290000000002
          ],
          [
            80.10603,
            12.94485
          ],
          [
            80.10575,
            12.94433
          ],
          [
            80.10531,
            12.943550000000002
          ],
          [
            80.10511000000001,
            12.94325
          ],
          [
            80.10494000000001,
            12.94303
          ],
          [
            80.10482,
            12.942900000000002
          ],
          [
            80.10448000000001,
            12.942580000000001
          ],
          [
            80.10408000000001,
            12.94228
          ],
          [
            80.10359000000001,
            12.941920000000001
          ],
          [
            80.10310000000001,
            12.94156
          ],
          [
            80.10237000000001,
            12.941040000000001
          ],
          [
            80.10181,
            12.94063
          ],
          [
            80.1015,
            12.940370000000001
          ],
          [
            80.10123,
            12.94012
          ],
          [
            80.10086000000001,
            12.939750000000002
          ],
          [
            80.10055000000001,
            12.939340000000001
          ],
          [
            80.1003,
            12.93899
          ],
          [
            80.10006000000001,
            12.93857
          ],
          [
            80.09983000000001,
            12.93809
          ],
          [
            80.09972,
            12.93781
          ],
          [
            80.09964000000001,
            12.937590000000002
          ],
          [
            80.09955000000001,
            12.937270000000002
          ],
          [
            80.09943000000001,
            12.936770000000001
          ],
          [
            80.09934000000001,
            12.936060000000001
          ],
          [
            80.09933000000001,
            12.9359
          ],
          [
            80.09934000000001,
            12.935270000000001
          ],
          [
            80.09943000000001,
            12.93438
          ],
          [
            80.09951000000001,
            12.93349
          ],
          [
            80.09959,
            12.9326
          ],
          [
            80.09968,
            12.93172
          ],
          [
            80.09977,
            12.93083
          ],
          [
            80.09986,
            12.929950000000002
          ],
          [
            80.09995,
            12.929060000000002
          ],
          [
            80.10003,
            12.928180000000001
          ],
          [
            80.10012,
            12.9273
          ],
          [
            80.10017,
            12.92678
          ],
          [
            80.10023000000001,
            12.926260000000001
          ],
          [
            80.10029,
            12.925680000000002
          ],
          [
            80.10036000000001,
            12.92509
          ],
          [
            80.10046000000001,
            12.924330000000001
          ],
          [
            80.10056,
            12.923560000000002
          ],
          [
            80.10066,
            12.92279
          ],
          [
            80.10068000000001,
            12.92266
          ],
          [
            80.10052,
            12.92265
          ],
          [
            80.10051,
            12.92275
          ],
          [
            80.10041000000001,
            12.92351
          ],
          [
            80.10032000000001,
            12.924270000000002
          ],
          [
            80.10022000000001,
            12.925040000000001
          ],
          [
            80.10013000000001,
            12.92576
          ],
          [
            80.10004,
            12.926480000000002
          ],
          [
            80.10000000000001,
            12.926990000000002
          ],
          [
            80.09995,
            12.9275
          ],
          [
            80.09988000000001,
            12.92825
          ],
          [
            80.09981,
            12.92899
          ],
          [
            80.09973000000001,
            12.92974
          ],
          [
            80.09968,
            12.930230000000002
          ],
          [
            80.09964000000001,
            12.93072
          ],
          [
            80.09956000000001,
            12.931420000000001
          ],
          [
            80.09949,
            12.93213
          ],
          [
            80.09941,
            12.93294
          ],
          [
            80.09933000000001,
            12.933750000000002
          ],
          [
            80.09926,
            12.934550000000002
          ],
          [
            80.09918,
            12.935360000000001
          ],
          [
            80.09918,
            12.93584
          ],
          [
            80.09923,
            12.936300000000001
          ],
          [
            80.09928000000001,
            12.936750000000002
          ],
          [
            80.09942000000001,
            12.93739
          ],
          [
            80.09952000000001,
            12.937700000000001
          ],
          [
            80.09968,
            12.938110000000002
          ],
          [
            80.09996000000001,
            12.938690000000001
          ],
          [
            80.10016,
            12.939050000000002
          ],
          [
            80.10044,
            12.93945
          ],
          [
            80.10072000000001,
            12.939800000000002
          ],
          [
            80.10135000000001,
            12.940430000000001
          ],
          [
            80.10164,
            12.94068
          ],
          [
            80.10220000000001,
            12.94109
          ],
          [
            80.10277,
            12.941500000000001
          ],
          [
            80.10333,
            12.941920000000001
          ],
          [
            80.10390000000001,
            12.942330000000002
          ],
          [
            80.10430000000001,
            12.94264
          ],
          [
            80.10457000000001,
            12.942870000000001
          ],
          [
            80.10478,
            12.94307
          ],
          [
            80.10498000000001,
            12.943320000000002
          ],
          [
            80.10527,
            12.943760000000001
          ],
          [
            80.10565000000001,
            12.94448
          ],
          [
            80.10604000000001,
            12.945200000000002
          ],
          [
            80.10643,
            12.945920000000001
          ],
          [
            80.10682000000001,
            12.94664
          ],
          [
            80.10721000000001,
            12.947370000000001
          ],
          [
            80.10761000000001,
            12.948110000000002
          ],
          [
            80.10786,
            12.94847
          ],
          [
            80.10802000000001,
            12.948680000000001
          ],
          [
            80.10822,
            12.948910000000001
          ],
          [
            80.10838000000001,
            12.94908
          ],
          [
            80.10857,
            12.949250000000001
          ],
          [
            80.10881,
            12.949430000000001
          ],
          [
            80.10912,
            12.949650000000002
          ],
          [
            80.10941000000001,
            12.94983
          ],
          [
            80.10969,
            12.94997
          ],
          [
            80.11004000000001,
            12.950120000000002
          ],
          [
            80.11033,
            12.950230000000001
          ],
          [
            80.11110000000001,
            12.950460000000001
          ],
          [
            80.11187000000001,
            12.950690000000002
          ],
          [
            80.11263000000001,
            12.950920000000002
          ],
          [
            80.11340000000001,
            12.951150000000002
          ],
          [
            80.114,
            12.95132
          ],
          [
            80.11471,
            12.951540000000001
          ],
          [
            80.11541000000001,
            12.95175
          ],
          [
            80.11586000000001,
            12.95189
          ],
          [
            80.11629,
            12.952060000000001
          ],
          [
            80.11682,
            12.95231
          ],
          [
            80.11715000000001,
            12.95251
          ],
          [
            80.11755000000001,
            12.95283
          ],
          [
            80.11784,
            12.953100000000001
          ],
          [
            80.11808,
            12.953360000000002
          ],
          [
            80.1183,
            12.95363
          ],
          [
            80.11848,
            12.953930000000001
          ],
          [
            80.11865,
            12.95428
          ],
          [
            80.11880000000001,
            12.954690000000001
          ],
          [
            80.11889000000001,
            12.95498
          ],
          [
            80.11895000000001,
            12.95523
          ],
          [
            80.11903000000001,
            12.95564
          ],
          [
            80.11906,
            12.95583
          ],
          [
            80.11906,
            12.956100000000001
          ],
          [
            80.11907000000001,
            12.95687
          ],
          [
            80.11909,
            12.95766
          ],
          [
            80.1191,
            12.95818
          ],
          [
            80.11913000000001,
            12.95874
          ],
          [
            80.11916000000001,
            12.9593
          ],
          [
            80.11917000000001,
            12.96014
          ],
          [
            80.11915,
            12.960730000000002
          ],
          [
            80.11913000000001,
            12.961310000000001
          ],
          [
            80.11909,
            12.961810000000002
          ],
          [
            80.11906,
            12.96231
          ],
          [
            80.11902,
            12.9631
          ],
          [
            80.11898000000001,
            12.963890000000001
          ],
          [
            80.11894000000001,
            12.964680000000001
          ],
          [
            80.11890000000001,
            12.965470000000002
          ],
          [
            80.11888,
            12.965770000000001
          ],
          [
            80.11884,
            12.966560000000001
          ],
          [
            80.11880000000001,
            12.967350000000001
          ],
          [
            80.11876000000001,
            12.968140000000002
          ],
          [
            80.11871000000001,
            12.96893
          ],
          [
            80.11867000000001,
            12.96973
          ],
          [
            80.11863000000001,
            12.97052
          ],
          [
            80.11859000000001,
            12.97131
          ],
          [
            80.11856,
            12.972130000000002
          ],
          [
            80.11858000000001,
            12.97235
          ],
          [
            80.11861,
            12.972690000000002
          ],
          [
            80.11865,
            12.97295
          ],
          [
            80.11871000000001,
            12.97324
          ],
          [
            80.11890000000001,
            12.973930000000001
          ],
          [
            80.11908000000001,
            12.974620000000002
          ],
          [
            80.11927,
            12.97531
          ],
          [
            80.11946,
            12.97601
          ],
          [
            80.11964,
            12.976640000000002
          ],
          [
            80.11982,
            12.97727
          ],
          [
            80.12,
            12.977900000000002
          ],
          [
            80.12021,
            12.978710000000001
          ],
          [
            80.12034000000001,
            12.979190000000001
          ],
          [
            80.12048,
            12.97967
          ],
          [
            80.12053,
            12.979980000000001
          ],
          [
            80.12059,
            12.980820000000001
          ],
          [
            80.12064000000001,
            12.981660000000002
          ],
          [
            80.12069000000001,
            12.98249
          ],
          [
            80.12074000000001,
            12.983340000000002
          ],
          [
            80.12078000000001,
            12.98418
          ],
          [
            80.12082000000001,
            12.984990000000002
          ],
          [
            80.12085,
            12.98553
          ],
          [
            80.12088,
            12.986250000000002
          ],
          [
            80.12093,
            12.9868
          ],
          [
            80.12098,
            12.987340000000001
          ],
          [
            80.12104000000001,
            12.987960000000001
          ],
          [
            80.12113000000001,
            12.988790000000002
          ],
          [
            80.12121,
            12.98962
          ],
          [
            80.12129,
            12.99036
          ],
          [
            80.12138,
            12.991100000000001
          ],
          [
            80.12147,
            12.991840000000002
          ],
          [
            80.12156,
            12.99258
          ],
          [
            80.12164000000001,
            12.99332
          ],
          [
            80.1217,
            12.99369
          ],
          [
            80.12175,
            12.99393
          ],
          [
            80.12188,
            12.99435
          ],
          [
            80.12198000000001,
            12.99459
          ],
          [
            80.12213000000001,
            12.994900000000001
          ],
          [
            80.12233,
            12.99524
          ],
          [
            80.12269,
            12.995780000000002
          ],
          [
            80.12313,
            12.99647
          ],
          [
            80.12357,
            12.997160000000001
          ],
          [
            80.12401000000001,
            12.997850000000001
          ],
          [
            80.12442,
            12.99848
          ],
          [
            80.12482,
            12.999120000000001
          ],
          [
            80.12523,
            12.99975
          ],
          [
            80.12564,
            13.000380000000002
          ],
          [
            80.12589000000001,
            13.00079
          ],
          [
            80.12615000000001,
            13.0012
          ],
          [
            80.1264,
            13.00163
          ],
          [
            80.12656000000001,
            13.00201
          ],
          [
            80.12673000000001,
            13.00242
          ],
          [
            80.12698,
            13.00318
          ],
          [
            80.12706,
            13.003670000000001
          ],
          [
            80.12713000000001,
            13.004150000000001
          ],
          [
            80.12716,
            13.004740000000002
          ],
          [
            80.12717,
            13.005260000000002
          ],
          [
            80.12718000000001,
            13.005770000000002
          ],
          [
            80.1272,
            13.00651
          ],
          [
            80.12723000000001,
            13.00725
          ],
          [
            80.12725,
            13.007990000000001
          ],
          [
            80.12727000000001,
            13.008730000000002
          ],
          [
            80.12727000000001,
            13.009260000000001
          ],
          [
            80.12727000000001,
            13.009780000000001
          ],
          [
            80.12728000000001,
            13.010290000000001
          ],
          [
            80.12729,
            13.010790000000002
          ],
          [
            80.12735,
            13.01135
          ],
          [
            80.12738,
            13.01157
          ],
          [
            80.12746000000001,
            13.011920000000002
          ],
          [
            80.1276,
            13.01237
          ],
          [
            80.12776000000001,
            13.012780000000001
          ],
          [
            80.12793,
            13.013100000000001
          ],
          [
            80.1282,
            13.01355
          ],
          [
            80.12849000000001,
            13.01396
          ],
          [
            80.12878,
            13.014260000000002
          ],
          [
            80.12920000000001,
            13.01467
          ],
          [
            80.12955000000001,
            13.014940000000001
          ],
          [
            80.13023000000001,
            13.015460000000001
          ],
          [
            80.13090000000001,
            13.01598
          ],
          [
            80.13112000000001,
            13.016140000000002
          ],
          [
            80.13155,
            13.016470000000002
          ],
          [
            80.13197000000001,
            13.01679
          ],
          [
            80.1324,
            13.017140000000001
          ],
          [
            80.13293,
            13.01762
          ],
          [
            80.13356,
            13.01819
          ],
          [
            80.13419,
            13.018770000000002
          ],
          [
            80.13454,
            13.01908
          ],
          [
            80.13488000000001,
            13.019390000000001
          ],
          [
            80.13548,
            13.01992
          ],
          [
            80.13605000000001,
            13.020380000000001
          ],
          [
            80.13663000000001,
            13.020850000000001
          ],
          [
            80.1372,
            13.021310000000001
          ],
          [
            80.13777,
            13.021770000000002
          ],
          [
            80.13835,
            13.02223
          ],
          [
            80.13874000000001,
            13.022570000000002
          ],
          [
            80.1389,
            13.02269
          ],
          [
            80.13924,
            13.02294
          ],
          [
            80.13966,
            13.023270000000002
          ],
          [
            80.14005,
            13.023620000000001
          ],
          [
            80.14044000000001,
            13.02396
          ],
          [
            80.14071000000001,
            13.024170000000002
          ],
          [
            80.14127,
            13.02462
          ],
          [
            80.14183000000001,
            13.025070000000001
          ],
          [
            80.14239,
            13.02551
          ],
          [
            80.14295000000001,
            13.025960000000001
          ],
          [
            80.14361000000001,
            13.02649
          ],
          [
            80.14427,
            13.027030000000002
          ],
          [
            80.14494,
            13.027560000000001
          ],
          [
            80.1456,
            13.0281
          ],
          [
            80.14613000000001,
            13.02856
          ],
          [
            80.14649,
            13.02889
          ],
          [
            80.14676,
            13.029190000000002
          ],
          [
            80.14696,
            13.029420000000002
          ],
          [
            80.14727,
            13.029810000000001
          ],
          [
            80.14762,
            13.03034
          ],
          [
            80.14786000000001,
            13.030730000000002
          ],
          [
            80.1482,
            13.031390000000002
          ],
          [
            80.14840000000001,
            13.03184
          ],
          [
            80.14857,
            13.032300000000001
          ],
          [
            80.14869,
            13.03269
          ],
          [
            80.14884,
            13.03325
          ],
          [
            80.14891,
            13.033660000000001
          ],
          [
            80.14898000000001,
            13.034250000000002
          ],
          [
            80.14901,
            13.034780000000001
          ],
          [
            80.14903000000001,
            13.035300000000001
          ],
          [
            80.14905,
            13.03579
          ],
          [
            80.14907000000001,
            13.036280000000001
          ],
          [
            80.14911000000001,
            13.036900000000001
          ],
          [
            80.14915,
            13.03752
          ],
          [
            80.14919,
            13.03813
          ],
          [
            80.14923,
            13.03898
          ],
          [
            80.14928,
            13.03983
          ],
          [
            80.14933,
            13.040680000000002
          ],
          [
            80.14937,
            13.041530000000002
          ],
          [
            80.14942,
            13.042380000000001
          ],
          [
            80.14941,
            13.042610000000002
          ],
          [
            80.14941,
            13.043030000000002
          ],
          [
            80.14944000000001,
            13.04357
          ],
          [
            80.14949,
            13.0441
          ],
          [
            80.14953000000001,
            13.044770000000002
          ],
          [
            80.14956000000001,
            13.045350000000001
          ],
          [
            80.14959,
            13.046000000000001
          ],
          [
            80.14945,
            13.046000000000001
          ],
          [
            80.14948000000001,
            13.04672
          ],
          [
            80.14952000000001,
            13.047540000000001
          ],
          [
            80.14955,
            13.04804
          ],
          [
            80.14958,
            13.048530000000001
          ],
          [
            80.1496,
            13.048750000000002
          ],
          [
            80.14961000000001,
            13.04892
          ],
          [
            80.14965000000001,
            13.04935
          ],
          [
            80.14971000000001,
            13.04973
          ],
          [
            80.14980000000001,
            13.0501
          ],
          [
            80.14995,
            13.050500000000001
          ],
          [
            80.14998000000001,
            13.050540000000002
          ],
          [
            80.15022,
            13.050920000000001
          ],
          [
            80.15036,
            13.05113
          ],
          [
            80.15045,
            13.051250000000001
          ],
          [
            80.15069000000001,
            13.05155
          ],
          [
            80.15092000000001,
            13.05179
          ],
          [
            80.15117000000001,
            13.05202
          ],
          [
            80.15145000000001,
            13.052190000000001
          ],
          [
            80.15215,
            13.052550000000002
          ],
          [
            80.15249,
            13.05272
          ],
          [
            80.15310000000001,
            13.053020000000002
          ],
          [
            80.1537,
            13.053320000000001
          ],
          [
            80.15441000000001,
            13.053700000000001
          ],
          [
            80.15449000000001,
            13.053270000000001
          ],
          [
            80.15452,
            13.053180000000001
          ],
          [
            80.15458000000001,
            13.052890000000001
          ],
          [
            80.15461,
            13.05273
          ],
          [
            80.15462000000001,
            13.052320000000002
          ],
          [
            80.15463000000001,
            13.05206
          ],
          [
            80.15463000000001,
            13.05183
          ],
          [
            80.15463000000001,
            13.05174
          ],
          [
            80.1546,
            13.05132
          ],
          [
            80.15457,
            13.05114
          ],
          [
            80.15453000000001,
            13.050870000000002
          ],
          [
            80.15451,
            13.05061
          ],
          [
            80.15449000000001,
            13.05023
          ],
          [
            80.15449000000001,
            13.04982
          ],
          [
            80.15448,
            13.04968
          ],
          [
            80.15447,
            13.04948
          ],
          [
            80.15447,
            13.049270000000002
          ],
          [
            80.15451,
            13.048890000000002
          ],
          [
            80.15451,
            13.04873
          ],
          [
            80.15455,
            13.048520000000002
          ],
          [
            80.15455,
            13.048440000000001
          ],
          [
            80.15454000000001,
            13.048340000000001
          ],
          [
            80.15456,
            13.048110000000001
          ],
          [
            80.15459000000001,
            13.04776
          ],
          [
            80.15462000000001,
            13.04738
          ],
          [
            80.15463000000001,
            13.04715
          ],
          [
            80.15461,
            13.047
          ],
          [
            80.1546,
            13.046850000000001
          ],
          [
            80.1546,
            13.046560000000001
          ],
          [
            80.1546,
            13.046370000000001
          ],
          [
            80.1546,
            13.04588
          ],
          [
            80.15459000000001,
            13.0455
          ],
          [
            80.15458000000001,
            13.04512
          ],
          [
            80.15457,
            13.044690000000001
          ],
          [
            80.15400000000001,
            13.044640000000001
          ],
          [
            80.15343,
            13.044590000000001
          ],
          [
            80.15271000000001,
            13.044530000000002
          ],
          [
            80.15199000000001,
            13.04447
          ],
          [
            80.15145000000001,
            13.04442
          ],
          [
            80.15108000000001,
            13.044390000000002
          ],
          [
            80.15098,
            13.04438
          ],
          [
            80.15060000000001,
            13.04437
          ],
          [
            80.15063,
            13.04399
          ],
          [
            80.15065000000001,
            13.043590000000002
          ],
          [
            80.15066,
            13.043540000000002
          ],
          [
            80.15069000000001,
            13.04321
          ],
          [
            80.15069000000001,
            13.04282
          ],
          [
            80.1507,
            13.04212
          ],
          [
            80.15071,
            13.04184
          ],
          [
            80.15072,
            13.041710000000002
          ],
          [
            80.15072,
            13.041490000000001
          ],
          [
            80.15073000000001,
            13.041390000000002
          ],
          [
            80.15076,
            13.041030000000001
          ],
          [
            80.15077000000001,
            13.040970000000002
          ],
          [
            80.15082000000001,
            13.04057
          ],
          [
            80.15085,
            13.040130000000001
          ],
          [
            80.15090000000001,
            13.039650000000002
          ],
          [
            80.15096000000001,
            13.039150000000001
          ],
          [
            80.15097,
            13.038720000000001
          ],
          [
            80.15101000000001,
            13.038340000000002
          ],
          [
            80.15104000000001,
            13.03818
          ],
          [
            80.15108000000001,
            13.038050000000002
          ],
          [
            80.1511,
            13.038010000000002
          ],
          [
            80.15111,
            13.037980000000001
          ],
          [
            80.15116,
            13.037910000000002
          ],
          [
            80.15128,
            13.03781
          ],
          [
            80.15141000000001,
            13.037690000000001
          ],
          [
            80.15156,
            13.037550000000001
          ],
          [
            80.15158000000001,
            13.037510000000001
          ],
          [
            80.1516,
            13.037300000000002
          ],
          [
            80.15161,
            13.036880000000002
          ],
          [
            80.15163000000001,
            13.03635
          ],
          [
            80.15226000000001,
            13.036360000000002
          ],
          [
            80.15262000000001,
            13.036340000000001
          ],
          [
            80.15273,
            13.036330000000001
          ],
          [
            80.15291,
            13.0363
          ],
          [
            80.15316,
            13.036220000000002
          ],
          [
            80.15335,
            13.036140000000001
          ],
          [
            80.15372,
            13.035960000000001
          ],
          [
            80.15395000000001,
            13.03592
          ],
          [
            80.15429,
            13.03574
          ],
          [
            80.15451,
            13.035630000000001
          ],
          [
            80.15526000000001,
            13.035260000000001
          ],
          [
            80.15541,
            13.03518
          ],
          [
            80.15559,
            13.03509
          ],
          [
            80.15567,
            13.03504
          ],
          [
            80.156,
            13.034870000000002
          ],
          [
            80.15608,
            13.03495
          ],
          [
            80.15649,
            13.035470000000002
          ],
          [
            80.15667,
            13.035750000000002
          ],
          [
            80.15676,
            13.035820000000001
          ],
          [
            80.15701,
            13.036150000000001
          ],
          [
            80.15713000000001,
            13.0363
          ],
          [
            80.15727000000001,
            13.036460000000002
          ],
          [
            80.15738,
            13.036550000000002
          ],
          [
            80.15745000000001,
            13.03659
          ],
          [
            80.15757,
            13.03667
          ],
          [
            80.15769,
            13.036740000000002
          ],
          [
            80.15815,
            13.03696
          ],
          [
            80.15870000000001,
            13.0372
          ],
          [
            80.15878000000001,
            13.037270000000001
          ],
          [
            80.15897000000001,
            13.03734
          ],
          [
            80.1594,
            13.037510000000001
          ],
          [
            80.15955000000001,
            13.037550000000001
          ],
          [
            80.15941000000001,
            13.038070000000001
          ],
          [
            80.15981000000001,
            13.038160000000001
          ],
          [
            80.16057,
            13.03833
          ],
          [
            80.16055,
            13.038810000000002
          ],
          [
            80.16056,
            13.039320000000002
          ],
          [
            80.16048,
            13.039840000000002
          ],
          [
            80.16042,
            13.04034
          ],
          [
            80.16024,
            13.041
          ],
          [
            80.16019,
            13.041100000000002
          ],
          [
            80.16014000000001,
            13.041210000000001
          ],
          [
            80.15979,
            13.04189
          ],
          [
            80.15961,
            13.042190000000002
          ],
          [
            80.15948,
            13.042440000000001
          ],
          [
            80.15917,
            13.042570000000001
          ],
          [
            80.15895,
            13.04264
          ],
          [
            80.15879000000001,
            13.042650000000002
          ],
          [
            80.1586,
            13.04263
          ],
          [
            80.15815,
            13.042570000000001
          ],
          [
            80.15792,
            13.042530000000001
          ],
          [
            80.15764,
            13.04249
          ],
          [
            80.15750000000001,
            13.042480000000001
          ],
          [
            80.15701,
            13.04245
          ],
          [
            80.15652,
            13.04241
          ],
          [
            80.15574000000001,
            13.04241
          ],
          [
            80.15512000000001,
            13.042420000000002
          ],
          [
            80.15503000000001,
            13.042430000000001
          ],
          [
            80.15502000000001,
            13.04278
          ],
          [
            80.15505,
            13.043470000000001
          ],
          [
            80.15501,
            13.043870000000002
          ],
          [
            80.155,
            13.044060000000002
          ],
          [
            80.15501,
            13.044130000000001
          ],
          [
            80.15504,
            13.04424
          ],
          [
            80.15507000000001,
            13.04438
          ],
          [
            80.15509,
            13.044480000000002
          ],
          [
            80.15508000000001,
            13.04452
          ],
          [
            80.15503000000001,
            13.044590000000001
          ],
          [
            80.15468000000001,
            13.044580000000002
          ],
          [
            80.15463000000001,
            13.044590000000001
          ],
          [
            80.1546,
            13.044620000000002
          ],
          [
            80.15457,
            13.044690000000001
          ],
          [
            80.15458000000001,
            13.04512
          ],
          [
            80.15459000000001,
            13.0455
          ],
          [
            80.1546,
            13.04588
          ],
          [
            80.1546,
            13.046370000000001
          ],
          [
            80.1546,
            13.046560000000001
          ],
          [
            80.1546,
            13.046850000000001
          ],
          [
            80.15461,
            13.047
          ],
          [
            80.15463000000001,
            13.04715
          ],
          [
            80.15462000000001,
            13.04738
          ],
          [
            80.15459000000001,
            13.04776
          ],
          [
            80.15456,
            13.048110000000001
          ],
          [
            80.15454000000001,
            13.048340000000001
          ],
          [
            80.15455,
            13.048440000000001
          ],
          [
            80.15455,
            13.048520000000002
          ],
          [
            80.15451,
            13.04873
          ],
          [
            80.15451,
            13.048890000000002
          ],
          [
            80.15447,
            13.049270000000002
          ],
          [
            80.15447,
            13.04948
          ],
          [
            80.15448,
            13.04968
          ],
          [
            80.15449000000001,
            13.04982
          ],
          [
            80.15449000000001,
            13.05023
          ],
          [
            80.15451,
            13.05061
          ],
          [
            80.15453000000001,
            13.050870000000002
          ],
          [
            80.15457,
            13.05114
          ],
          [
            80.1546,
            13.05132
          ],
          [
            80.15463000000001,
            13.05174
          ],
          [
            80.15463000000001,
            13.05183
          ],
          [
            80.15463000000001,
            13.05206
          ],
          [
            80.15462000000001,
            13.052320000000002
          ],
          [
            80.15461,
            13.05273
          ],
          [
            80.15458000000001,
            13.052890000000001
          ],
          [
            80.15452,
            13.053180000000001
          ],
          [
            80.15449000000001,
            13.053270000000001
          ],
          [
            80.15406,
            13.05306
          ],
          [
            80.15350000000001,
            13.052790000000002
          ],
          [
            80.15315000000001,
            13.052620000000001
          ],
          [
            80.15350000000001,
            13.052790000000002
          ],
          [
            80.15406,
            13.05306
          ],
          [
            80.15449000000001,
            13.053270000000001
          ],
          [
            80.15452,
            13.053180000000001
          ],
          [
            80.15458000000001,
            13.052890000000001
          ],
          [
            80.15461,
            13.05273
          ],
          [
            80.15462000000001,
            13.052320000000002
          ],
          [
            80.15463000000001,
            13.05206
          ],
          [
            80.15463000000001,
            13.05183
          ],
          [
            80.15463000000001,
            13.05174
          ],
          [
            80.1546,
            13.05132
          ],
          [
            80.15457,
            13.05114
          ],
          [
            80.15453000000001,
            13.050870000000002
          ],
          [
            80.15451,
            13.05061
          ],
          [
            80.15449000000001,
            13.05023
          ],
          [
            80.15449000000001,
            13.04982
          ],
          [
            80.15448,
            13.04968
          ],
          [
            80.15447,
            13.04948
          ],
          [
            80.15447,
            13.049270000000002
          ],
          [
            80.15451,
            13.048890000000002
          ],
          [
            80.15451,
            13.04873
          ],
          [
            80.15455,
            13.048520000000002
          ],
          [
            80.15455,
            13.048440000000001
          ],
          [
            80.15454000000001,
            13.048340000000001
          ],
          [
            80.15456,
            13.048110000000001
          ],
          [
            80.15459000000001,
            13.04776
          ],
          [
            80.15462000000001,
            13.04738
          ],
          [
            80.15463000000001,
            13.04715
          ],
          [
            80.15461,
            13.047
          ],
          [
            80.1546,
            13.046850000000001
          ],
          [
            80.1546,
            13.046560000000001
          ],
          [
            80.1546,
            13.046370000000001
          ],
          [
            80.1546,
            13.04588
          ],
          [
            80.15459000000001,
            13.0455
          ],
          [
            80.15458000000001,
            13.04512
          ],
          [
            80.15457,
            13.044690000000001
          ],
          [
            80.1546,
            13.044620000000002
          ],
          [
            80.15463000000001,
            13.044590000000001
          ],
          [
            80.15468000000001,
            13.044580000000002
          ],
          [
            80.15503000000001,
            13.044590000000001
          ],
          [
            80.15508000000001,
            13.04452
          ],
          [
            80.15509,
            13.044480000000002
          ],
          [
            80.15507000000001,
            13.04438
          ],
          [
            80.15504,
            13.04424
          ],
          [
            80.15501,
            13.044130000000001
          ],
          [
            80.155,
            13.044060000000002
          ],
          [
            80.15501,
            13.043870000000002
          ],
          [
            80.15505,
            13.043470000000001
          ],
          [
            80.15502000000001,
            13.04278
          ],
          [
            80.15503000000001,
            13.042430000000001
          ],
          [
            80.15512000000001,
            13.042420000000002
          ],
          [
            80.15574000000001,
            13.04241
          ],
          [
            80.15652,
            13.04241
          ],
          [
            80.15701,
            13.04245
          ],
          [
            80.15750000000001,
            13.042480000000001
          ],
          [
            80.15764,
            13.04249
          ],
          [
            80.15792,
            13.042530000000001
          ],
          [
            80.15815,
            13.042570000000001
          ],
          [
            80.1586,
            13.04263
          ],
          [
            80.15879000000001,
            13.042650000000002
          ],
          [
            80.15895,
            13.04264
          ],
          [
            80.15917,
            13.042570000000001
          ],
          [
            80.15948,
            13.042440000000001
          ],
          [
            80.15961,
            13.042190000000002
          ],
          [
            80.15979,
            13.04189
          ],
          [
            80.16014000000001,
            13.041210000000001
          ],
          [
            80.16019,
            13.041100000000002
          ],
          [
            80.16024,
            13.041
          ],
          [
            80.16042,
            13.04034
          ],
          [
            80.16048,
            13.039840000000002
          ],
          [
            80.16056,
            13.039320000000002
          ],
          [
            80.16055,
            13.038810000000002
          ],
          [
            80.16057,
            13.03833
          ],
          [
            80.15981000000001,
            13.038160000000001
          ],
          [
            80.15941000000001,
            13.038070000000001
          ],
          [
            80.15955000000001,
            13.037550000000001
          ],
          [
            80.15983,
            13.03761
          ],
          [
            80.16032000000001,
            13.03771
          ],
          [
            80.1606,
            13.03775
          ],
          [
            80.16103000000001,
            13.037790000000001
          ],
          [
            80.16125000000001,
            13.037820000000002
          ],
          [
            80.16146,
            13.03785
          ],
          [
            80.16185,
            13.037910000000002
          ],
          [
            80.16272000000001,
            13.03804
          ],
          [
            80.16258,
            13.038580000000001
          ],
          [
            80.16252,
            13.038810000000002
          ],
          [
            80.16252,
            13.03889
          ],
          [
            80.16258,
            13.03902
          ],
          [
            80.16268000000001,
            13.03917
          ],
          [
            80.16269000000001,
            13.03921
          ],
          [
            80.1627,
            13.039240000000001
          ],
          [
            80.1627,
            13.039280000000002
          ],
          [
            80.16268000000001,
            13.039480000000001
          ],
          [
            80.16268000000001,
            13.039520000000001
          ],
          [
            80.1627,
            13.03958
          ],
          [
            80.16271,
            13.039600000000002
          ],
          [
            80.16273000000001,
            13.03963
          ],
          [
            80.16276,
            13.039670000000001
          ],
          [
            80.16281000000001,
            13.039710000000001
          ],
          [
            80.16289,
            13.039760000000001
          ],
          [
            80.16302,
            13.03983
          ],
          [
            80.16308000000001,
            13.03987
          ],
          [
            80.16312,
            13.03983
          ],
          [
            80.16296000000001,
            13.03973
          ],
          [
            80.16282000000001,
            13.03963
          ],
          [
            80.16279,
            13.039600000000002
          ],
          [
            80.16277000000001,
            13.039560000000002
          ],
          [
            80.16276,
            13.03955
          ],
          [
            80.16275,
            13.03949
          ],
          [
            80.16277000000001,
            13.0393
          ],
          [
            80.16277000000001,
            13.039250000000001
          ],
          [
            80.16275,
            13.03917
          ],
          [
            80.16271,
            13.039090000000002
          ],
          [
            80.16265000000001,
            13.039000000000001
          ],
          [
            80.16262,
            13.038950000000002
          ],
          [
            80.16260000000001,
            13.03889
          ],
          [
            80.16259000000001,
            13.038850000000002
          ],
          [
            80.16259000000001,
            13.038810000000002
          ],
          [
            80.16265000000001,
            13.038590000000001
          ],
          [
            80.16279,
            13.038050000000002
          ],
          [
            80.16321,
            13.038150000000002
          ],
          [
            80.16343,
            13.038190000000002
          ],
          [
            80.16368000000001,
            13.03823
          ],
          [
            80.16401,
            13.03827
          ],
          [
            80.16442,
            13.038300000000001
          ],
          [
            80.16496000000001,
            13.038310000000001
          ],
          [
            80.16509,
            13.03832
          ],
          [
            80.16517,
            13.03832
          ],
          [
            80.16541000000001,
            13.038340000000002
          ],
          [
            80.16554000000001,
            13.038350000000001
          ],
          [
            80.16579,
            13.03837
          ],
          [
            80.16598,
            13.038390000000001
          ],
          [
            80.16609000000001,
            13.03841
          ],
          [
            80.16636000000001,
            13.03846
          ],
          [
            80.16676000000001,
            13.03855
          ],
          [
            80.16758,
            13.03869
          ],
          [
            80.16778000000001,
            13.038730000000001
          ],
          [
            80.16812,
            13.03879
          ],
          [
            80.16862,
            13.038900000000002
          ],
          [
            80.16886000000001,
            13.038950000000002
          ],
          [
            80.16913000000001,
            13.03903
          ],
          [
            80.16944000000001,
            13.039190000000001
          ],
          [
            80.16975000000001,
            13.039370000000002
          ],
          [
            80.17030000000001,
            13.03968
          ],
          [
            80.17063,
            13.03987
          ],
          [
            80.17071,
            13.03991
          ],
          [
            80.1708,
            13.03996
          ],
          [
            80.17093000000001,
            13.040040000000001
          ],
          [
            80.171,
            13.040070000000002
          ],
          [
            80.17115000000001,
            13.04016
          ],
          [
            80.17134,
            13.040270000000001
          ],
          [
            80.17165,
            13.04044
          ],
          [
            80.17186000000001,
            13.040550000000001
          ],
          [
            80.17216,
            13.040700000000001
          ],
          [
            80.17247,
            13.04081
          ],
          [
            80.17274,
            13.040920000000002
          ],
          [
            80.17302000000001,
            13.041
          ],
          [
            80.17367,
            13.04118
          ],
          [
            80.17412,
            13.04132
          ],
          [
            80.17439,
            13.041390000000002
          ],
          [
            80.17512,
            13.041590000000001
          ],
          [
            80.17552,
            13.041690000000001
          ],
          [
            80.17569,
            13.04174
          ],
          [
            80.17630000000001,
            13.041900000000002
          ],
          [
            80.17663,
            13.04199
          ],
          [
            80.17693000000001,
            13.042040000000002
          ],
          [
            80.17704,
            13.042050000000001
          ],
          [
            80.17732000000001,
            13.042060000000001
          ],
          [
            80.17774,
            13.042050000000001
          ],
          [
            80.17816,
            13.04203
          ],
          [
            80.17873,
            13.04199
          ],
          [
            80.17916000000001,
            13.042010000000001
          ],
          [
            80.17956000000001,
            13.04208
          ],
          [
            80.17970000000001,
            13.042100000000001
          ],
          [
            80.1798,
            13.04212
          ],
          [
            80.18022,
            13.04222
          ],
          [
            80.18037000000001,
            13.04226
          ],
          [
            80.18102,
            13.042440000000001
          ],
          [
            80.18117000000001,
            13.04249
          ],
          [
            80.18154000000001,
            13.04263
          ],
          [
            80.18167000000001,
            13.04269
          ],
          [
            80.18191,
            13.04288
          ],
          [
            80.18220000000001,
            13.04315
          ],
          [
            80.18238000000001,
            13.043260000000002
          ],
          [
            80.18255,
            13.04334
          ],
          [
            80.18319000000001,
            13.043640000000002
          ],
          [
            80.1834,
            13.043740000000001
          ],
          [
            80.18402,
            13.044020000000002
          ],
          [
            80.18440000000001,
            13.04419
          ],
          [
            80.18484000000001,
            13.044390000000002
          ],
          [
            80.18564,
            13.044740000000001
          ],
          [
            80.18581,
            13.04484
          ],
          [
            80.18594,
            13.044920000000001
          ],
          [
            80.18628000000001,
            13.045150000000001
          ],
          [
            80.18675,
            13.045530000000001
          ],
          [
            80.18699000000001,
            13.045710000000001
          ],
          [
            80.1875,
            13.045910000000001
          ],
          [
            80.18765,
            13.045960000000001
          ],
          [
            80.18807000000001,
            13.04611
          ],
          [
            80.18811000000001,
            13.046130000000002
          ],
          [
            80.18821000000001,
            13.04616
          ],
          [
            80.18830000000001,
            13.046190000000001
          ],
          [
            80.18911000000001,
            13.046460000000002
          ],
          [
            80.18934,
            13.046510000000001
          ],
          [
            80.18966,
            13.04653
          ],
          [
            80.19039000000001,
            13.046550000000002
          ],
          [
            80.19053000000001,
            13.046550000000002
          ],
          [
            80.19077,
            13.046570000000001
          ],
          [
            80.19137,
            13.046600000000002
          ],
          [
            80.19143000000001,
            13.046610000000001
          ],
          [
            80.19165000000001,
            13.04662
          ],
          [
            80.19204,
            13.046650000000001
          ],
          [
            80.19256,
            13.04667
          ],
          [
            80.19290000000001,
            13.046690000000002
          ],
          [
            80.19314,
            13.046710000000001
          ],
          [
            80.19334,
            13.046730000000002
          ],
          [
            80.19364,
            13.046750000000001
          ],
          [
            80.19385000000001,
            13.046790000000001
          ],
          [
            80.19397000000001,
            13.046830000000002
          ],
          [
            80.1941,
            13.046890000000001
          ],
          [
            80.19449,
            13.04714
          ],
          [
            80.19486,
            13.04737
          ],
          [
            80.19505000000001,
            13.047450000000001
          ],
          [
            80.19511,
            13.047460000000001
          ],
          [
            80.19517,
            13.04747
          ],
          [
            80.19526,
            13.04747
          ],
          [
            80.19556,
            13.04748
          ],
          [
            80.19587000000001,
            13.04748
          ],
          [
            80.19648000000001,
            13.04747
          ],
          [
            80.19659,
            13.04747
          ],
          [
            80.19671000000001,
            13.04747
          ],
          [
            80.19717,
            13.04747
          ],
          [
            80.19765000000001,
            13.047460000000001
          ],
          [
            80.1982,
            13.047460000000001
          ],
          [
            80.19839,
            13.047460000000001
          ],
          [
            80.19871,
            13.047450000000001
          ],
          [
            80.19890000000001,
            13.047450000000001
          ],
          [
            80.19901,
            13.047450000000001
          ],
          [
            80.19909000000001,
            13.047450000000001
          ],
          [
            80.19930000000001,
            13.047440000000002
          ],
          [
            80.19935000000001,
            13.047440000000002
          ],
          [
            80.19945000000001,
            13.047440000000002
          ],
          [
            80.1995,
            13.047440000000002
          ],
          [
            80.19977,
            13.04743
          ],
          [
            80.20016000000001,
            13.04743
          ],
          [
            80.20034000000001,
            13.04742
          ],
          [
            80.2005,
            13.04742
          ],
          [
            80.20069000000001,
            13.047410000000001
          ],
          [
            80.20076,
            13.047410000000001
          ],
          [
            80.20101000000001,
            13.047410000000001
          ],
          [
            80.20110000000001,
            13.047410000000001
          ],
          [
            80.20113,
            13.047410000000001
          ],
          [
            80.20129,
            13.047410000000001
          ],
          [
            80.20138,
            13.047410000000001
          ],
          [
            80.20162,
            13.04742
          ],
          [
            80.20178000000001,
            13.047450000000001
          ],
          [
            80.20188,
            13.04747
          ],
          [
            80.20216,
            13.047540000000001
          ],
          [
            80.20251,
            13.04765
          ],
          [
            80.20267000000001,
            13.047690000000001
          ],
          [
            80.20296,
            13.047770000000002
          ],
          [
            80.20312000000001,
            13.047810000000002
          ],
          [
            80.20347000000001,
            13.04789
          ],
          [
            80.20360000000001,
            13.047910000000002
          ],
          [
            80.20368,
            13.047930000000001
          ],
          [
            80.20385,
            13.04798
          ],
          [
            80.20391000000001,
            13.048000000000002
          ],
          [
            80.20405000000001,
            13.04803
          ],
          [
            80.20422,
            13.04808
          ],
          [
            80.20434,
            13.04812
          ],
          [
            80.20450000000001,
            13.04817
          ],
          [
            80.20477000000001,
            13.048240000000002
          ],
          [
            80.20537,
            13.048430000000002
          ],
          [
            80.20552,
            13.048470000000002
          ],
          [
            80.20576000000001,
            13.04855
          ],
          [
            80.20591,
            13.0486
          ],
          [
            80.20643000000001,
            13.048750000000002
          ],
          [
            80.20671,
            13.048850000000002
          ],
          [
            80.20681,
            13.04887
          ],
          [
            80.20695,
            13.04892
          ],
          [
            80.20727000000001,
            13.04902
          ],
          [
            80.20736000000001,
            13.049050000000001
          ],
          [
            80.20764000000001,
            13.049150000000001
          ],
          [
            80.20788,
            13.049230000000001
          ],
          [
            80.20837,
            13.04939
          ],
          [
            80.20858000000001,
            13.04944
          ],
          [
            80.20891,
            13.049500000000002
          ],
          [
            80.20896,
            13.049500000000002
          ],
          [
            80.20905,
            13.049520000000001
          ],
          [
            80.20916000000001,
            13.04954
          ],
          [
            80.2095,
            13.04959
          ],
          [
            80.20986,
            13.049640000000002
          ],
          [
            80.20999,
            13.049660000000001
          ],
          [
            80.21051000000001,
            13.049740000000002
          ],
          [
            80.21083,
            13.049780000000002
          ],
          [
            80.21104000000001,
            13.04981
          ],
          [
            80.21122000000001,
            13.049840000000001
          ],
          [
            80.21140000000001,
            13.04987
          ],
          [
            80.2116,
            13.04991
          ],
          [
            80.21174,
            13.049930000000002
          ],
          [
            80.21192,
            13.04996
          ],
          [
            80.21203000000001,
            13.049970000000002
          ],
          [
            80.21216000000001,
            13.049990000000001
          ],
          [
            80.21278000000001,
            13.050070000000002
          ],
          [
            80.21296000000001,
            13.05009
          ],
          [
            80.21340000000001,
            13.050180000000001
          ],
          [
            80.21372000000001,
            13.050270000000001
          ],
          [
            80.21422000000001,
            13.050440000000002
          ],
          [
            80.2146,
            13.050600000000001
          ],
          [
            80.21465,
            13.05062
          ],
          [
            80.21474,
            13.050650000000001
          ],
          [
            80.21492,
            13.050720000000002
          ],
          [
            80.21544,
            13.05089
          ],
          [
            80.21619000000001,
            13.051120000000001
          ],
          [
            80.21668000000001,
            13.051290000000002
          ],
          [
            80.2171,
            13.051430000000002
          ],
          [
            80.2176,
            13.051610000000002
          ],
          [
            80.21785000000001,
            13.051710000000002
          ],
          [
            80.21792,
            13.05175
          ],
          [
            80.21838000000001,
            13.05193
          ],
          [
            80.21861000000001,
            13.052010000000001
          ],
          [
            80.21889,
            13.052090000000002
          ],
          [
            80.21916,
            13.05216
          ],
          [
            80.22003000000001,
            13.052380000000001
          ],
          [
            80.22017000000001,
            13.052420000000001
          ],
          [
            80.22048000000001,
            13.0525
          ],
          [
            80.22094000000001,
            13.05263
          ],
          [
            80.2214,
            13.052750000000001
          ],
          [
            80.2218,
            13.05286
          ],
          [
            80.22212,
            13.052950000000001
          ],
          [
            80.22265,
            13.053120000000002
          ],
          [
            80.22314,
            13.053230000000001
          ],
          [
            80.22363,
            13.053350000000002
          ],
          [
            80.22407000000001,
            13.053440000000002
          ],
          [
            80.22416000000001,
            13.053460000000001
          ],
          [
            80.22492000000001,
            13.05362
          ],
          [
            80.22568000000001,
            13.053790000000001
          ],
          [
            80.22599000000001,
            13.053840000000001
          ],
          [
            80.22617000000001,
            13.05386
          ],
          [
            80.22621000000001,
            13.053870000000002
          ],
          [
            80.22646,
            13.0539
          ],
          [
            80.22667000000001,
            13.053930000000001
          ],
          [
            80.22701,
            13.053970000000001
          ],
          [
            80.22789,
            13.054070000000001
          ],
          [
            80.22806000000001,
            13.05409
          ],
          [
            80.22827000000001,
            13.054060000000002
          ],
          [
            80.22892,
            13.054100000000002
          ],
          [
            80.22971000000001,
            13.054110000000001
          ],
          [
            80.23049,
            13.054120000000001
          ],
          [
            80.23127000000001,
            13.05413
          ],
          [
            80.23157,
            13.05413
          ],
          [
            80.23237,
            13.05404
          ],
          [
            80.23320000000001,
            13.05395
          ],
          [
            80.23403,
            13.053870000000002
          ],
          [
            80.23417,
            13.053880000000001
          ],
          [
            80.23429,
            13.05386
          ],
          [
            80.23452,
            13.053830000000001
          ],
          [
            80.23464000000001,
            13.05381
          ],
          [
            80.23525000000001,
            13.053690000000001
          ],
          [
            80.23556,
            13.053630000000002
          ],
          [
            80.23615000000001,
            13.053510000000001
          ],
          [
            80.23674000000001,
            13.053400000000002
          ],
          [
            80.23696000000001,
            13.053360000000001
          ],
          [
            80.23715,
            13.05333
          ],
          [
            80.23754000000001,
            13.053270000000001
          ],
          [
            80.23772000000001,
            13.05324
          ],
          [
            80.23796,
            13.053210000000002
          ],
          [
            80.23822000000001,
            13.053160000000002
          ],
          [
            80.23896,
            13.053
          ],
          [
            80.23951000000001,
            13.05287
          ],
          [
            80.24017,
            13.052700000000002
          ],
          [
            80.24083,
            13.05253
          ],
          [
            80.24097,
            13.05253
          ],
          [
            80.24094000000001,
            13.05245
          ],
          [
            80.24084,
            13.05221
          ],
          [
            80.24075,
            13.051960000000001
          ],
          [
            80.24059000000001,
            13.05122
          ],
          [
            80.24053,
            13.05099
          ],
          [
            80.24044,
            13.050510000000001
          ],
          [
            80.24035,
            13.050030000000001
          ],
          [
            80.24118,
            13.049840000000001
          ],
          [
            80.24175000000001,
            13.049700000000001
          ],
          [
            80.24184000000001,
            13.04968
          ],
          [
            80.24237000000001,
            13.049550000000002
          ],
          [
            80.24262,
            13.049500000000002
          ],
          [
            80.24287000000001,
            13.04944
          ],
          [
            80.24300000000001,
            13.049410000000002
          ],
          [
            80.24316,
            13.049370000000001
          ],
          [
            80.24346000000001,
            13.04931
          ],
          [
            80.24352,
            13.0493
          ],
          [
            80.24372000000001,
            13.049270000000002
          ],
          [
            80.24397,
            13.049230000000001
          ],
          [
            80.24416000000001,
            13.0492
          ],
          [
            80.24434000000001,
            13.04916
          ],
          [
            80.24479000000001,
            13.049000000000001
          ],
          [
            80.24488000000001,
            13.048960000000001
          ],
          [
            80.24541,
            13.048770000000001
          ],
          [
            80.24581,
            13.048300000000001
          ],
          [
            80.24612,
            13.04855
          ],
          [
            80.24631000000001,
            13.048710000000002
          ],
          [
            80.24666,
            13.04901
          ],
          [
            80.24681000000001,
            13.049130000000002
          ],
          [
            80.24692,
            13.049170000000002
          ],
          [
            80.24725000000001,
            13.04935
          ],
          [
            80.24740000000001,
            13.049430000000001
          ],
          [
            80.24746,
            13.049510000000001
          ],
          [
            80.24764,
            13.04963
          ],
          [
            80.24823,
            13.0501
          ],
          [
            80.24862,
            13.05043
          ],
          [
            80.24888,
            13.050720000000002
          ],
          [
            80.24896000000001,
            13.050830000000001
          ],
          [
            80.24925,
            13.05113
          ],
          [
            80.24962000000001,
            13.051440000000001
          ],
          [
            80.25006,
            13.051770000000001
          ],
          [
            80.25023,
            13.051900000000002
          ],
          [
            80.25061000000001,
            13.052240000000001
          ],
          [
            80.25071000000001,
            13.052340000000001
          ],
          [
            80.25075000000001,
            13.052420000000001
          ],
          [
            80.25078,
            13.052460000000002
          ],
          [
            80.25086,
            13.05249
          ],
          [
            80.25093000000001,
            13.052510000000002
          ],
          [
            80.25101000000001,
            13.05249
          ],
          [
            80.25109,
            13.052560000000001
          ],
          [
            80.25117,
            13.052470000000001
          ],
          [
            80.25120000000001,
            13.05239
          ],
          [
            80.25122,
            13.05221
          ],
          [
            80.25126,
            13.05212
          ],
          [
            80.25132,
            13.052040000000002
          ],
          [
            80.25137000000001,
            13.051990000000002
          ],
          [
            80.25187000000001,
            13.051390000000001
          ],
          [
            80.25219000000001,
            13.05099
          ],
          [
            80.25250000000001,
            13.050590000000001
          ],
          [
            80.25289000000001,
            13.05009
          ],
          [
            80.25297,
            13.049990000000001
          ],
          [
            80.25319,
            13.049660000000001
          ],
          [
            80.25331000000001,
            13.049470000000001
          ],
          [
            80.25337,
            13.04935
          ],
          [
            80.25371000000001,
            13.04859
          ],
          [
            80.25375000000001,
            13.048520000000002
          ],
          [
            80.25410000000001,
            13.04785
          ],
          [
            80.2543,
            13.047490000000002
          ],
          [
            80.25447000000001,
            13.047260000000001
          ],
          [
            80.25474000000001,
            13.046920000000002
          ],
          [
            80.25484,
            13.046830000000002
          ],
          [
            80.2549,
            13.046790000000001
          ],
          [
            80.25503,
            13.04672
          ],
          [
            80.25521,
            13.046650000000001
          ],
          [
            80.25584,
            13.04643
          ],
          [
            80.25647000000001,
            13.04621
          ],
          [
            80.25656000000001,
            13.046170000000002
          ],
          [
            80.25701000000001,
            13.04601
          ],
          [
            80.25751000000001,
            13.045840000000002
          ],
          [
            80.25773000000001,
            13.045800000000002
          ],
          [
            80.25839,
            13.045660000000002
          ],
          [
            80.25906,
            13.04554
          ],
          [
            80.25972,
            13.045470000000002
          ],
          [
            80.25994,
            13.04546
          ],
          [
            80.26026,
            13.045420000000002
          ],
          [
            80.26097,
            13.04527
          ],
          [
            80.26168000000001,
            13.045110000000001
          ],
          [
            80.26239000000001,
            13.044960000000001
          ],
          [
            80.26261000000001,
            13.044900000000002
          ],
          [
            80.26297000000001,
            13.044810000000002
          ],
          [
            80.26352,
            13.04471
          ],
          [
            80.26358,
            13.0447
          ],
          [
            80.26437,
            13.044670000000002
          ],
          [
            80.26499000000001,
            13.04465
          ],
          [
            80.2655,
            13.04465
          ],
          [
            80.26607000000001,
            13.04465
          ],
          [
            80.26663,
            13.04466
          ],
          [
            80.26672,
            13.04466
          ],
          [
            80.26683000000001,
            13.04466
          ],
          [
            80.26702,
            13.04465
          ],
          [
            80.26746,
            13.04465
          ],
          [
            80.26804000000001,
            13.044630000000002
          ],
          [
            80.26831,
            13.044640000000001
          ],
          [
            80.26889000000001,
            13.04457
          ],
          [
            80.26904,
            13.044540000000001
          ],
          [
            80.26937000000001,
            13.044490000000001
          ],
          [
            80.26986000000001,
            13.04437
          ],
          [
            80.27010000000001,
            13.04433
          ],
          [
            80.27029,
            13.044290000000002
          ],
          [
            80.27051,
            13.04424
          ],
          [
            80.27122,
            13.044080000000001
          ],
          [
            80.27186,
            13.04395
          ],
          [
            80.27206000000001,
            13.0439
          ],
          [
            80.27252,
            13.04381
          ],
          [
            80.27318000000001,
            13.043680000000002
          ],
          [
            80.27372000000001,
            13.04357
          ],
          [
            80.27425000000001,
            13.043470000000001
          ],
          [
            80.27435000000001,
            13.043460000000001
          ],
          [
            80.27497000000001,
            13.043420000000001
          ],
          [
            80.27535,
            13.043410000000002
          ],
          [
            80.27596000000001,
            13.04339
          ],
          [
            80.27643,
            13.04339
          ],
          [
            80.27715,
            13.043400000000002
          ],
          [
            80.27766000000001,
            13.04339
          ],
          [
            80.27801000000001,
            13.04339
          ],
          [
            80.27884,
            13.04339
          ],
          [
            80.27941000000001,
            13.043420000000001
          ],
          [
            80.27957,
            13.04343
          ],
          [
            80.2796,
            13.043460000000001
          ],
          [
            80.27963000000001,
            13.043470000000001
          ],
          [
            80.27967000000001,
            13.04348
          ],
          [
            80.2797,
            13.043470000000001
          ],
          [
            80.27971000000001,
            13.043470000000001
          ],
          [
            80.27976000000001,
            13.043450000000002
          ],
          [
            80.27985000000001,
            13.04353
          ],
          [
            80.27987,
            13.043560000000001
          ],
          [
            80.27989000000001,
            13.043600000000001
          ],
          [
            80.27992,
            13.04376
          ],
          [
            80.27996,
            13.0439
          ],
          [
            80.28003000000001,
            13.044350000000001
          ],
          [
            80.28007000000001,
            13.04471
          ],
          [
            80.28012000000001,
            13.04484
          ],
          [
            80.28009,
            13.04493
          ],
          [
            80.28006,
            13.045010000000001
          ],
          [
            80.28005,
            13.045160000000001
          ],
          [
            80.28005,
            13.04526
          ],
          [
            80.28011000000001,
            13.045800000000002
          ],
          [
            80.28016000000001,
            13.046140000000001
          ],
          [
            80.28018,
            13.04629
          ],
          [
            80.28024,
            13.046650000000001
          ],
          [
            80.28033,
            13.04738
          ],
          [
            80.28042,
            13.04812
          ],
          [
            80.28053000000001,
            13.048950000000001
          ],
          [
            80.28062000000001,
            13.04958
          ],
          [
            80.28068,
            13.050030000000001
          ],
          [
            80.28069,
            13.05005
          ],
          [
            80.28068,
            13.050030000000001
          ],
          [
            80.28056000000001,
            13.050130000000001
          ],
          [
            80.2805,
            13.05019
          ],
          [
            80.28022,
            13.050370000000001
          ],
          [
            80.28019,
            13.050370000000001
          ],
          [
            80.28014,
            13.050390000000002
          ],
          [
            80.28012000000001,
            13.050400000000002
          ],
          [
            80.27984000000001,
            13.05053
          ],
          [
            80.27977000000001,
            13.05056
          ],
          [
            80.27962000000001,
            13.05062
          ],
          [
            80.27917000000001,
            13.0508
          ],
          [
            80.27908000000001,
            13.05084
          ],
          [
            80.27869000000001,
            13.05099
          ],
          [
            80.27860000000001,
            13.051020000000001
          ],
          [
            80.27834,
            13.051110000000001
          ],
          [
            80.27768,
            13.051400000000001
          ],
          [
            80.27739000000001,
            13.05151
          ],
          [
            80.27706,
            13.05164
          ],
          [
            80.277,
            13.051660000000002
          ],
          [
            80.27678,
            13.05175
          ],
          [
            80.27647,
            13.051870000000001
          ],
          [
            80.27631000000001,
            13.05193
          ],
          [
            80.27622000000001,
            13.05197
          ],
          [
            80.27572,
            13.052150000000001
          ],
          [
            80.27537000000001,
            13.052280000000001
          ],
          [
            80.27506000000001,
            13.0524
          ],
          [
            80.2744,
            13.052610000000001
          ],
          [
            80.27374,
            13.05282
          ],
          [
            80.27376000000001,
            13.05277
          ],
          [
            80.27390000000001,
            13.052240000000001
          ],
          [
            80.274,
            13.05184
          ],
          [
            80.27412000000001,
            13.051380000000002
          ],
          [
            80.27423,
            13.050910000000002
          ],
          [
            80.27426000000001,
            13.050720000000002
          ],
          [
            80.27433,
            13.050300000000002
          ],
          [
            80.27434000000001,
            13.05005
          ],
          [
            80.27435000000001,
            13.049990000000001
          ],
          [
            80.27444000000001,
            13.049460000000002
          ],
          [
            80.27451,
            13.04916
          ],
          [
            80.27457000000001,
            13.04901
          ],
          [
            80.27457000000001,
            13.048940000000002
          ],
          [
            80.27456000000001,
            13.048620000000001
          ],
          [
            80.27456000000001,
            13.048390000000001
          ],
          [
            80.27457000000001,
            13.04823
          ],
          [
            80.27455,
            13.0479
          ],
          [
            80.27454,
            13.04765
          ],
          [
            80.27453000000001,
            13.04737
          ],
          [
            80.27451,
            13.04715
          ],
          [
            80.27451,
            13.0471
          ],
          [
            80.27451,
            13.046970000000002
          ],
          [
            80.27446,
            13.04654
          ],
          [
            80.27441,
            13.046180000000001
          ],
          [
            80.27435000000001,
            13.045800000000002
          ],
          [
            80.27433,
            13.045700000000002
          ],
          [
            80.27428,
            13.045110000000001
          ],
          [
            80.27426000000001,
            13.044920000000001
          ],
          [
            80.27426000000001,
            13.04443
          ],
          [
            80.27427,
            13.044070000000001
          ],
          [
            80.27427,
            13.043940000000001
          ],
          [
            80.27430000000001,
            13.043550000000002
          ],
          [
            80.27435000000001,
            13.043460000000001
          ],
          [
            80.27435000000001,
            13.04343
          ],
          [
            80.27435000000001,
            13.04339
          ],
          [
            80.27425000000001,
            13.043400000000002
          ],
          [
            80.27387,
            13.043470000000001
          ],
          [
            80.27355,
            13.04353
          ],
          [
            80.27319,
            13.043600000000001
          ],
          [
            80.2723,
            13.043780000000002
          ],
          [
            80.27154,
            13.043930000000001
          ],
          [
            80.27128,
            13.043980000000001
          ],
          [
            80.27096,
            13.044060000000002
          ],
          [
            80.27072000000001,
            13.044120000000001
          ],
          [
            80.27071000000001,
            13.04409
          ],
          [
            80.27072000000001,
            13.044120000000001
          ],
          [
            80.27049000000001,
            13.044160000000002
          ],
          [
            80.27040000000001,
            13.04418
          ],
          [
            80.27014000000001,
            13.04424
          ],
          [
            80.27007,
            13.044250000000002
          ],
          [
            80.26923000000001,
            13.04443
          ],
          [
            80.26901000000001,
            13.04447
          ],
          [
            80.26837,
            13.044550000000001
          ],
          [
            80.26831,
            13.04456
          ],
          [
            80.26767000000001,
            13.04456
          ],
          [
            80.26702,
            13.04457
          ],
          [
            80.26696000000001,
            13.04457
          ],
          [
            80.26687000000001,
            13.04457
          ],
          [
            80.26687000000001,
            13.04456
          ],
          [
            80.26695000000001,
            13.04442
          ],
          [
            80.26709000000001,
            13.04419
          ],
          [
            80.26719000000001,
            13.04404
          ],
          [
            80.26748,
            13.043560000000001
          ],
          [
            80.26780000000001,
            13.043080000000002
          ],
          [
            80.26783,
            13.043030000000002
          ],
          [
            80.26786000000001,
            13.042950000000001
          ],
          [
            80.26779,
            13.042910000000001
          ],
          [
            80.26773,
            13.04296
          ],
          [
            80.26734,
            13.043550000000002
          ],
          [
            80.26709000000001,
            13.04399
          ],
          [
            80.26694,
            13.04423
          ],
          [
            80.26675,
            13.044580000000002
          ],
          [
            80.26672,
            13.04466
          ],
          [
            80.26683000000001,
            13.04466
          ],
          [
            80.26702,
            13.04465
          ],
          [
            80.26746,
            13.04465
          ],
          [
            80.26804000000001,
            13.044630000000002
          ],
          [
            80.26831,
            13.044640000000001
          ],
          [
            80.26831,
            13.04456
          ],
          [
            80.26767000000001,
            13.04456
          ],
          [
            80.26702,
            13.04457
          ],
          [
            80.26687000000001,
            13.04457
          ],
          [
            80.26679,
            13.044580000000002
          ],
          [
            80.26675,
            13.044580000000002
          ],
          [
            80.26663,
            13.04457
          ],
          [
            80.26603,
            13.04457
          ],
          [
            80.26543000000001,
            13.04457
          ],
          [
            80.26533,
            13.04457
          ],
          [
            80.26497,
            13.044580000000002
          ],
          [
            80.26476000000001,
            13.044580000000002
          ],
          [
            80.26435000000001,
            13.044590000000001
          ],
          [
            80.26419000000001,
            13.0446
          ],
          [
            80.26393,
            13.0446
          ],
          [
            80.26357,
            13.04461
          ],
          [
            80.26356000000001,
            13.04457
          ],
          [
            80.26354,
            13.044410000000001
          ],
          [
            80.26347000000001,
            13.04443
          ],
          [
            80.26350000000001,
            13.044630000000002
          ],
          [
            80.26342000000001,
            13.044640000000001
          ],
          [
            80.26320000000001,
            13.044690000000001
          ],
          [
            80.26299,
            13.044740000000001
          ],
          [
            80.26262000000001,
            13.044830000000001
          ],
          [
            80.26239000000001,
            13.044830000000001
          ],
          [
            80.26205,
            13.04489
          ],
          [
            80.2616,
            13.045000000000002
          ],
          [
            80.2609,
            13.045150000000001
          ],
          [
            80.26025000000001,
            13.045300000000001
          ],
          [
            80.26002000000001,
            13.04532
          ],
          [
            80.25984000000001,
            13.045340000000001
          ],
          [
            80.25984000000001,
            13.04532
          ],
          [
            80.25986,
            13.04521
          ],
          [
            80.25985,
            13.045110000000001
          ],
          [
            80.25982,
            13.044860000000002
          ],
          [
            80.25973,
            13.044200000000002
          ],
          [
            80.25963,
            13.043510000000001
          ],
          [
            80.25954,
            13.043040000000001
          ],
          [
            80.25944000000001,
            13.042660000000001
          ],
          [
            80.25942,
            13.0426
          ],
          [
            80.25939000000001,
            13.042510000000002
          ],
          [
            80.25931000000001,
            13.04235
          ],
          [
            80.2592,
            13.04216
          ],
          [
            80.25892,
            13.041710000000002
          ],
          [
            80.25868000000001,
            13.041290000000002
          ],
          [
            80.25843,
            13.040870000000002
          ],
          [
            80.25839,
            13.040840000000001
          ],
          [
            80.25837000000001,
            13.040820000000002
          ],
          [
            80.25835000000001,
            13.040790000000001
          ],
          [
            80.25833,
            13.04077
          ],
          [
            80.25831000000001,
            13.04072
          ],
          [
            80.25805000000001,
            13.040220000000001
          ],
          [
            80.25777000000001,
            13.039660000000001
          ],
          [
            80.25763,
            13.03944
          ],
          [
            80.25723,
            13.03889
          ],
          [
            80.25672,
            13.03822
          ],
          [
            80.25668,
            13.03813
          ],
          [
            80.25666000000001,
            13.038060000000002
          ],
          [
            80.25668,
            13.03799
          ],
          [
            80.25673,
            13.0379
          ],
          [
            80.25684000000001,
            13.037730000000002
          ],
          [
            80.25689000000001,
            13.03762
          ],
          [
            80.25691,
            13.037560000000001
          ],
          [
            80.25697000000001,
            13.036890000000001
          ],
          [
            80.25701000000001,
            13.036180000000002
          ],
          [
            80.25706000000001,
            13.035470000000002
          ],
          [
            80.25707000000001,
            13.035300000000001
          ],
          [
            80.25711000000001,
            13.035200000000001
          ],
          [
            80.25711000000001,
            13.035010000000002
          ],
          [
            80.25711000000001,
            13.03485
          ],
          [
            80.25704,
            13.03409
          ],
          [
            80.25703,
            13.033840000000001
          ],
          [
            80.25699,
            13.033330000000001
          ],
          [
            80.25692000000001,
            13.033330000000001
          ],
          [
            80.25656000000001,
            13.033360000000002
          ],
          [
            80.25642,
            13.033370000000001
          ],
          [
            80.25635000000001,
            13.033380000000001
          ],
          [
            80.25626000000001,
            13.03339
          ],
          [
            80.25583,
            13.033430000000001
          ],
          [
            80.2553,
            13.033470000000001
          ],
          [
            80.25476,
            13.033510000000001
          ],
          [
            80.25412,
            13.033510000000001
          ],
          [
            80.25324,
            13.03353
          ],
          [
            80.25356000000001,
            13.033930000000002
          ],
          [
            80.25398000000001,
            13.034500000000001
          ],
          [
            80.25422,
            13.03484
          ],
          [
            80.25442000000001,
            13.03508
          ],
          [
            80.25410000000001,
            13.035110000000001
          ],
          [
            80.25361000000001,
            13.035150000000002
          ],
          [
            80.25349000000001,
            13.035160000000001
          ],
          [
            80.25358,
            13.035850000000002
          ],
          [
            80.25362000000001,
            13.03617
          ],
          [
            80.25364,
            13.036370000000002
          ],
          [
            80.25368,
            13.036740000000002
          ],
          [
            80.25428000000001,
            13.036750000000001
          ],
          [
            80.25512,
            13.03672
          ],
          [
            80.25564,
            13.036710000000001
          ],
          [
            80.25567000000001,
            13.036760000000001
          ],
          [
            80.25582,
            13.036970000000002
          ],
          [
            80.25598000000001,
            13.037180000000001
          ],
          [
            80.25626000000001,
            13.037600000000001
          ],
          [
            80.25655,
            13.038030000000001
          ],
          [
            80.2566,
            13.038110000000001
          ],
          [
            80.25669,
            13.03823
          ],
          [
            80.25718,
            13.038910000000001
          ],
          [
            80.25728000000001,
            13.038900000000002
          ],
          [
            80.25731,
            13.03889
          ],
          [
            80.25728000000001,
            13.038800000000002
          ],
          [
            80.25713,
            13.038620000000002
          ],
          [
            80.25678,
            13.038200000000002
          ],
          [
            80.25675000000001,
            13.038150000000002
          ],
          [
            80.25673,
            13.03809
          ],
          [
            80.2566,
            13.038110000000001
          ],
          [
            80.25669,
            13.03823
          ],
          [
            80.25679000000001,
            13.038260000000001
          ],
          [
            80.25723,
            13.038820000000001
          ],
          [
            80.25723,
            13.038820000000001
          ],
          [
            80.25731,
            13.03889
          ],
          [
            80.25728000000001,
            13.038800000000002
          ],
          [
            80.25713,
            13.038620000000002
          ],
          [
            80.25678,
            13.038200000000002
          ],
          [
            80.25675000000001,
            13.038150000000002
          ],
          [
            80.25673,
            13.03809
          ],
          [
            80.25674000000001,
            13.038070000000001
          ],
          [
            80.25674000000001,
            13.038060000000002
          ],
          [
            80.25677,
            13.038010000000002
          ],
          [
            80.25684000000001,
            13.037870000000002
          ],
          [
            80.25692000000001,
            13.03771
          ],
          [
            80.25697000000001,
            13.037580000000002
          ],
          [
            80.257,
            13.037360000000001
          ],
          [
            80.25703,
            13.036890000000001
          ],
          [
            80.25706000000001,
            13.03644
          ],
          [
            80.25709,
            13.03598
          ],
          [
            80.25710000000001,
            13.035710000000002
          ],
          [
            80.25712,
            13.03531
          ],
          [
            80.25711000000001,
            13.035200000000001
          ],
          [
            80.25711000000001,
            13.035010000000002
          ],
          [
            80.25711000000001,
            13.03485
          ],
          [
            80.25704,
            13.03409
          ],
          [
            80.25703,
            13.033840000000001
          ],
          [
            80.25699,
            13.033330000000001
          ],
          [
            80.25692000000001,
            13.033330000000001
          ],
          [
            80.25656000000001,
            13.033360000000002
          ],
          [
            80.25642,
            13.033370000000001
          ],
          [
            80.25635000000001,
            13.033380000000001
          ],
          [
            80.25626000000001,
            13.03339
          ],
          [
            80.25583,
            13.033430000000001
          ],
          [
            80.2553,
            13.033470000000001
          ],
          [
            80.25476,
            13.033510000000001
          ],
          [
            80.25412,
            13.033510000000001
          ],
          [
            80.25324,
            13.03353
          ],
          [
            80.25356000000001,
            13.033930000000002
          ],
          [
            80.25398000000001,
            13.034500000000001
          ],
          [
            80.25422,
            13.03484
          ],
          [
            80.25442000000001,
            13.03508
          ],
          [
            80.25410000000001,
            13.035110000000001
          ],
          [
            80.25361000000001,
            13.035150000000002
          ],
          [
            80.25349000000001,
            13.035160000000001
          ],
          [
            80.25358,
            13.035850000000002
          ],
          [
            80.25362000000001,
            13.03617
          ],
          [
            80.25364,
            13.036370000000002
          ],
          [
            80.25368,
            13.036740000000002
          ],
          [
            80.25428000000001,
            13.036750000000001
          ],
          [
            80.25512,
            13.03672
          ],
          [
            80.25564,
            13.036710000000001
          ],
          [
            80.25567000000001,
            13.036760000000001
          ],
          [
            80.25582,
            13.036970000000002
          ],
          [
            80.25598000000001,
            13.037180000000001
          ],
          [
            80.25626000000001,
            13.037600000000001
          ],
          [
            80.25655,
            13.038030000000001
          ],
          [
            80.2566,
            13.038110000000001
          ],
          [
            80.25669,
            13.03823
          ],
          [
            80.25718,
            13.038910000000001
          ],
          [
            80.25763,
            13.039510000000002
          ],
          [
            80.25772,
            13.039670000000001
          ],
          [
            80.25792000000001,
            13.040090000000001
          ],
          [
            80.25811,
            13.040450000000002
          ],
          [
            80.25832000000001,
            13.040870000000002
          ],
          [
            80.25863000000001,
            13.041390000000002
          ],
          [
            80.25883,
            13.041710000000002
          ],
          [
            80.25905,
            13.04207
          ],
          [
            80.25916000000001,
            13.042250000000001
          ],
          [
            80.25926000000001,
            13.04245
          ],
          [
            80.25938000000001,
            13.042710000000001
          ],
          [
            80.25942,
            13.04288
          ],
          [
            80.25945,
            13.043050000000001
          ],
          [
            80.25957000000001,
            13.043730000000002
          ],
          [
            80.25967,
            13.044400000000001
          ],
          [
            80.25969,
            13.044580000000002
          ],
          [
            80.25970000000001,
            13.044720000000002
          ],
          [
            80.25976,
            13.045230000000002
          ],
          [
            80.25986,
            13.04521
          ],
          [
            80.25985,
            13.045110000000001
          ],
          [
            80.25982,
            13.044860000000002
          ],
          [
            80.25973,
            13.044200000000002
          ],
          [
            80.25963,
            13.043510000000001
          ],
          [
            80.25954,
            13.043040000000001
          ],
          [
            80.25944000000001,
            13.042660000000001
          ],
          [
            80.25939000000001,
            13.042510000000002
          ],
          [
            80.25931000000001,
            13.04235
          ],
          [
            80.2592,
            13.04216
          ],
          [
            80.25892,
            13.041710000000002
          ],
          [
            80.25868000000001,
            13.041290000000002
          ],
          [
            80.25843,
            13.040870000000002
          ],
          [
            80.25839,
            13.040840000000001
          ],
          [
            80.25837000000001,
            13.040820000000002
          ],
          [
            80.25835000000001,
            13.040790000000001
          ],
          [
            80.25833,
            13.04077
          ],
          [
            80.25805000000001,
            13.040220000000001
          ],
          [
            80.25777000000001,
            13.039660000000001
          ],
          [
            80.25763,
            13.03944
          ],
          [
            80.25723,
            13.03889
          ],
          [
            80.25672,
            13.03822
          ],
          [
            80.25668,
            13.03813
          ],
          [
            80.25666000000001,
            13.038070000000001
          ],
          [
            80.25666000000001,
            13.038060000000002
          ],
          [
            80.25668,
            13.03799
          ],
          [
            80.25673,
            13.0379
          ],
          [
            80.25684000000001,
            13.037730000000002
          ],
          [
            80.25689000000001,
            13.03762
          ],
          [
            80.25691,
            13.037560000000001
          ],
          [
            80.25697000000001,
            13.036890000000001
          ],
          [
            80.25701000000001,
            13.036180000000002
          ],
          [
            80.25706000000001,
            13.035470000000002
          ],
          [
            80.25707000000001,
            13.035300000000001
          ],
          [
            80.25711000000001,
            13.035200000000001
          ],
          [
            80.25711000000001,
            13.035010000000002
          ],
          [
            80.25711000000001,
            13.03485
          ],
          [
            80.25704,
            13.03409
          ],
          [
            80.25703,
            13.033840000000001
          ],
          [
            80.25699,
            13.033330000000001
          ],
          [
            80.25692000000001,
            13.033330000000001
          ],
          [
            80.25656000000001,
            13.033360000000002
          ],
          [
            80.25642,
            13.033370000000001
          ],
          [
            80.25635000000001,
            13.033380000000001
          ],
          [
            80.25626000000001,
            13.03339
          ],
          [
            80.25583,
            13.033430000000001
          ],
          [
            80.2553,
            13.033470000000001
          ],
          [
            80.25476,
            13.033510000000001
          ],
          [
            80.25412,
            13.033510000000001
          ],
          [
            80.25324,
            13.03353
          ],
          [
            80.25356000000001,
            13.033930000000002
          ],
          [
            80.25398000000001,
            13.034500000000001
          ],
          [
            80.25422,
            13.03484
          ],
          [
            80.25442000000001,
            13.03508
          ],
          [
            80.25410000000001,
            13.035110000000001
          ],
          [
            80.25361000000001,
            13.035150000000002
          ],
          [
            80.25349000000001,
            13.035160000000001
          ],
          [
            80.25358,
            13.035850000000002
          ],
          [
            80.25362000000001,
            13.03617
          ],
          [
            80.25364,
            13.036370000000002
          ],
          [
            80.25368,
            13.036740000000002
          ],
          [
            80.25428000000001,
            13.036750000000001
          ],
          [
            80.25512,
            13.03672
          ],
          [
            80.25564,
            13.036710000000001
          ],
          [
            80.25567000000001,
            13.036760000000001
          ],
          [
            80.25582,
            13.036970000000002
          ],
          [
            80.25598000000001,
            13.037180000000001
          ],
          [
            80.25626000000001,
            13.037600000000001
          ],
          [
            80.25655,
            13.038030000000001
          ],
          [
            80.25616000000001,
            13.038100000000002
          ],
          [
            80.25604000000001,
            13.038160000000001
          ],
          [
            80.25578,
            13.03822
          ],
          [
            80.25549000000001,
            13.038260000000001
          ],
          [
            80.25522000000001,
            13.038300000000001
          ],
          [
            80.25495000000001,
            13.03833
          ],
          [
            80.25479,
            13.038350000000001
          ],
          [
            80.25445,
            13.038400000000001
          ],
          [
            80.25421,
            13.038430000000002
          ],
          [
            80.25392000000001,
            13.03847
          ],
          [
            80.25367,
            13.03851
          ],
          [
            80.25346,
            13.038530000000002
          ],
          [
            80.25338,
            13.03855
          ],
          [
            80.25284,
            13.038620000000002
          ],
          [
            80.25254000000001,
            13.038660000000002
          ],
          [
            80.25233,
            13.03869
          ],
          [
            80.25156000000001,
            13.038800000000002
          ],
          [
            80.25138000000001,
            13.03883
          ],
          [
            80.25137000000001,
            13.03879
          ],
          [
            80.25138000000001,
            13.03883
          ],
          [
            80.25063,
            13.038920000000001
          ],
          [
            80.25052000000001,
            13.03893
          ],
          [
            80.25024,
            13.03897
          ],
          [
            80.24992,
            13.039010000000001
          ],
          [
            80.24955000000001,
            13.039050000000001
          ],
          [
            80.24936000000001,
            13.03907
          ],
          [
            80.24908,
            13.039100000000001
          ],
          [
            80.24837000000001,
            13.03922
          ],
          [
            80.24834000000001,
            13.03922
          ],
          [
            80.24758000000001,
            13.03935
          ],
          [
            80.2475,
            13.039370000000002
          ],
          [
            80.24705,
            13.039470000000001
          ],
          [
            80.24704000000001,
            13.039470000000001
          ],
          [
            80.24697,
            13.039190000000001
          ],
          [
            80.24697,
            13.039180000000002
          ],
          [
            80.24695000000001,
            13.039100000000001
          ],
          [
            80.24689000000001,
            13.038850000000002
          ],
          [
            80.24687,
            13.038770000000001
          ],
          [
            80.24683,
            13.0386
          ],
          [
            80.24679,
            13.03841
          ],
          [
            80.24675,
            13.038200000000002
          ],
          [
            80.24664000000001,
            13.037690000000001
          ],
          [
            80.24661,
            13.03752
          ],
          [
            80.24658000000001,
            13.037500000000001
          ],
          [
            80.24656,
            13.037490000000002
          ],
          [
            80.24653,
            13.037500000000001
          ],
          [
            80.24652,
            13.03752
          ],
          [
            80.24650000000001,
            13.037550000000001
          ],
          [
            80.24657,
            13.0379
          ],
          [
            80.24659000000001,
            13.038030000000001
          ],
          [
            80.24665,
            13.03832
          ],
          [
            80.24671000000001,
            13.03865
          ],
          [
            80.24672000000001,
            13.0387
          ],
          [
            80.24681000000001,
            13.039130000000002
          ],
          [
            80.24682,
            13.039140000000002
          ],
          [
            80.24684,
            13.039230000000002
          ],
          [
            80.24596000000001,
            13.03949
          ],
          [
            80.24587000000001,
            13.039510000000002
          ],
          [
            80.24578000000001,
            13.03954
          ],
          [
            80.24521,
            13.03969
          ],
          [
            80.24505,
            13.03973
          ],
          [
            80.24457000000001,
            13.03983
          ],
          [
            80.2441,
            13.039940000000001
          ],
          [
            80.24395000000001,
            13.03997
          ],
          [
            80.24393,
            13.039940000000001
          ],
          [
            80.24391,
            13.03991
          ],
          [
            80.24384,
            13.03992
          ],
          [
            80.24385000000001,
            13.039950000000001
          ],
          [
            80.24387,
            13.039980000000002
          ],
          [
            80.24395000000001,
            13.03997
          ],
          [
            80.24391,
            13.03991
          ],
          [
            80.24384,
            13.03992
          ],
          [
            80.24329,
            13.039990000000001
          ],
          [
            80.24274000000001,
            13.04006
          ],
          [
            80.24267,
            13.040070000000002
          ],
          [
            80.24223,
            13.040130000000001
          ],
          [
            80.24201000000001,
            13.04016
          ],
          [
            80.24164,
            13.0402
          ],
          [
            80.24082000000001,
            13.0403
          ],
          [
            80.24081000000001,
            13.0403
          ],
          [
            80.24059000000001,
            13.04033
          ],
          [
            80.24051,
            13.040360000000002
          ],
          [
            80.24048,
            13.04038
          ],
          [
            80.24029,
            13.040400000000002
          ],
          [
            80.24013000000001,
            13.040420000000001
          ],
          [
            80.23994,
            13.040450000000002
          ],
          [
            80.23994,
            13.04043
          ],
          [
            80.23991000000001,
            13.04024
          ],
          [
            80.23987000000001,
            13.039900000000001
          ],
          [
            80.2398,
            13.039480000000001
          ],
          [
            80.23974000000001,
            13.03912
          ],
          [
            80.23968,
            13.03874
          ],
          [
            80.23964000000001,
            13.038380000000002
          ],
          [
            80.23962,
            13.038150000000002
          ],
          [
            80.23955000000001,
            13.03762
          ],
          [
            80.23955000000001,
            13.037590000000002
          ],
          [
            80.23951000000001,
            13.037230000000001
          ],
          [
            80.23945,
            13.036850000000001
          ],
          [
            80.2394,
            13.036370000000002
          ],
          [
            80.23937000000001,
            13.036080000000002
          ],
          [
            80.23932,
            13.035440000000001
          ],
          [
            80.23934000000001,
            13.035440000000001
          ],
          [
            80.23935,
            13.035430000000002
          ],
          [
            80.23939,
            13.03542
          ],
          [
            80.23945,
            13.035390000000001
          ],
          [
            80.23948,
            13.03537
          ],
          [
            80.23945,
            13.03531
          ],
          [
            80.23939,
            13.035350000000001
          ],
          [
            80.23932,
            13.03537
          ],
          [
            80.23931,
            13.035380000000002
          ],
          [
            80.23924000000001,
            13.035380000000002
          ],
          [
            80.23919000000001,
            13.03537
          ],
          [
            80.23915000000001,
            13.035350000000001
          ],
          [
            80.23909,
            13.035340000000001
          ],
          [
            80.23872,
            13.035120000000001
          ],
          [
            80.2386,
            13.035060000000001
          ],
          [
            80.23823,
            13.034870000000002
          ],
          [
            80.23818,
            13.034790000000001
          ],
          [
            80.23767000000001,
            13.03448
          ],
          [
            80.23762,
            13.034450000000001
          ],
          [
            80.23776000000001,
            13.034220000000001
          ],
          [
            80.23791000000001,
            13.033990000000001
          ],
          [
            80.23794000000001,
            13.03395
          ],
          [
            80.23813000000001,
            13.033650000000002
          ],
          [
            80.23821000000001,
            13.03353
          ],
          [
            80.23839000000001,
            13.03326
          ],
          [
            80.23833,
            13.033230000000001
          ],
          [
            80.23796,
            13.033800000000001
          ],
          [
            80.23759000000001,
            13.03438
          ],
          [
            80.23756,
            13.034410000000001
          ],
          [
            80.23755000000001,
            13.03443
          ],
          [
            80.23752,
            13.03447
          ],
          [
            80.23726,
            13.034880000000001
          ],
          [
            80.23714000000001,
            13.035060000000001
          ],
          [
            80.23709000000001,
            13.035140000000002
          ],
          [
            80.23695000000001,
            13.03536
          ],
          [
            80.23678000000001,
            13.035620000000002
          ],
          [
            80.23636,
            13.036270000000002
          ],
          [
            80.23605,
            13.036750000000001
          ],
          [
            80.23603,
            13.036790000000002
          ],
          [
            80.23574,
            13.03725
          ],
          [
            80.23545,
            13.03771
          ],
          [
            80.23517000000001,
            13.038170000000001
          ],
          [
            80.2351,
            13.03827
          ],
          [
            80.23496,
            13.038490000000001
          ],
          [
            80.23485000000001,
            13.038620000000002
          ],
          [
            80.23476000000001,
            13.03874
          ],
          [
            80.23463000000001,
            13.038870000000001
          ],
          [
            80.23454000000001,
            13.038950000000002
          ],
          [
            80.23453,
            13.03897
          ],
          [
            80.23452,
            13.03897
          ],
          [
            80.23450000000001,
            13.038990000000002
          ],
          [
            80.23441000000001,
            13.039130000000002
          ],
          [
            80.2343,
            13.0393
          ],
          [
            80.23421,
            13.039600000000002
          ],
          [
            80.23395000000001,
            13.040030000000002
          ],
          [
            80.23378000000001,
            13.040270000000001
          ],
          [
            80.23369000000001,
            13.04039
          ],
          [
            80.23363,
            13.04044
          ],
          [
            80.23357,
            13.040470000000001
          ],
          [
            80.23342000000001,
            13.040540000000002
          ],
          [
            80.23329000000001,
            13.04058
          ],
          [
            80.23292000000001,
            13.040690000000001
          ],
          [
            80.23266000000001,
            13.04076
          ],
          [
            80.23251,
            13.0408
          ],
          [
            80.23240000000001,
            13.0408
          ],
          [
            80.23216000000001,
            13.040840000000001
          ],
          [
            80.23215,
            13.040840000000001
          ],
          [
            80.23212000000001,
            13.040840000000001
          ],
          [
            80.23209,
            13.040820000000002
          ],
          [
            80.23205,
            13.040780000000002
          ],
          [
            80.23190000000001,
            13.040510000000001
          ],
          [
            80.23173000000001,
            13.040560000000001
          ],
          [
            80.23098,
            13.040740000000001
          ],
          [
            80.23018,
            13.040920000000002
          ],
          [
            80.23011000000001,
            13.040960000000002
          ],
          [
            80.23,
            13.04099
          ],
          [
            80.22945,
            13.041100000000002
          ],
          [
            80.22889,
            13.041220000000001
          ],
          [
            80.22817,
            13.041400000000001
          ],
          [
            80.22745,
            13.041580000000002
          ],
          [
            80.22726,
            13.041630000000001
          ],
          [
            80.22709,
            13.041670000000002
          ],
          [
            80.22685000000001,
            13.041730000000001
          ],
          [
            80.22675000000001,
            13.04175
          ],
          [
            80.22664,
            13.041780000000001
          ],
          [
            80.22643000000001,
            13.041830000000001
          ],
          [
            80.22611,
            13.041910000000001
          ],
          [
            80.22561,
            13.04202
          ],
          [
            80.22533,
            13.04208
          ],
          [
            80.22494,
            13.04216
          ],
          [
            80.22495,
            13.042200000000001
          ],
          [
            80.22494,
            13.04216
          ],
          [
            80.22472,
            13.04147
          ],
          [
            80.22475,
            13.04147
          ],
          [
            80.22472,
            13.04147
          ],
          [
            80.22402000000001,
            13.04166
          ],
          [
            80.22341,
            13.041830000000001
          ],
          [
            80.22289,
            13.04202
          ],
          [
            80.22238,
            13.042190000000002
          ],
          [
            80.22191000000001,
            13.04235
          ],
          [
            80.22187000000001,
            13.04236
          ],
          [
            80.22177,
            13.041970000000001
          ],
          [
            80.22171,
            13.04174
          ],
          [
            80.22156000000001,
            13.041030000000001
          ],
          [
            80.22141,
            13.04043
          ],
          [
            80.22124000000001,
            13.03973
          ],
          [
            80.22134000000001,
            13.039710000000001
          ],
          [
            80.22124000000001,
            13.03973
          ],
          [
            80.22122,
            13.039650000000002
          ],
          [
            80.22114,
            13.03912
          ],
          [
            80.22109,
            13.03889
          ],
          [
            80.22104,
            13.038620000000002
          ],
          [
            80.22099,
            13.038350000000001
          ],
          [
            80.22093000000001,
            13.038050000000002
          ],
          [
            80.22083,
            13.037580000000002
          ],
          [
            80.22080000000001,
            13.037460000000001
          ],
          [
            80.22069,
            13.036950000000001
          ],
          [
            80.22076000000001,
            13.036930000000002
          ],
          [
            80.22069,
            13.036950000000001
          ],
          [
            80.22061000000001,
            13.03649
          ],
          [
            80.2206,
            13.036410000000002
          ],
          [
            80.22052000000001,
            13.035900000000002
          ],
          [
            80.22052000000001,
            13.03588
          ],
          [
            80.2197,
            13.035940000000002
          ],
          [
            80.21889,
            13.035990000000002
          ],
          [
            80.21830000000001,
            13.036050000000001
          ],
          [
            80.21764,
            13.03611
          ],
          [
            80.21716,
            13.03616
          ],
          [
            80.21713000000001,
            13.03616
          ],
          [
            80.21683,
            13.036190000000001
          ],
          [
            80.21628000000001,
            13.036230000000002
          ],
          [
            80.21624000000001,
            13.036230000000002
          ],
          [
            80.21621,
            13.035900000000002
          ],
          [
            80.21618000000001,
            13.03542
          ],
          [
            80.21615000000001,
            13.034930000000001
          ],
          [
            80.21614000000001,
            13.03475
          ],
          [
            80.21614000000001,
            13.034650000000001
          ],
          [
            80.21617,
            13.034580000000002
          ],
          [
            80.21614000000001,
            13.03429
          ],
          [
            80.21614000000001,
            13.03424
          ],
          [
            80.21607,
            13.034250000000002
          ],
          [
            80.21607,
            13.034300000000002
          ],
          [
            80.21613,
            13.03429
          ],
          [
            80.21614000000001,
            13.03429
          ],
          [
            80.21614000000001,
            13.03424
          ],
          [
            80.21607,
            13.034250000000002
          ],
          [
            80.21582000000001,
            13.03428
          ],
          [
            80.21573000000001,
            13.034320000000001
          ],
          [
            80.21512000000001,
            13.034400000000002
          ],
          [
            80.21421000000001,
            13.034530000000002
          ],
          [
            80.21378,
            13.034600000000001
          ],
          [
            80.21338,
            13.03466
          ],
          [
            80.21308,
            13.03471
          ],
          [
            80.21296000000001,
            13.034720000000002
          ],
          [
            80.21289,
            13.034730000000001
          ],
          [
            80.21275,
            13.03475
          ],
          [
            80.21263,
            13.034770000000002
          ],
          [
            80.21243000000001,
            13.034790000000001
          ],
          [
            80.21222,
            13.03476
          ],
          [
            80.21218,
            13.034460000000001
          ],
          [
            80.21211000000001,
            13.034360000000001
          ],
          [
            80.212,
            13.03387
          ],
          [
            80.21191,
            13.033130000000002
          ],
          [
            80.21185000000001,
            13.03301
          ],
          [
            80.21177,
            13.0325
          ],
          [
            80.21169,
            13.03199
          ],
          [
            80.21121000000001,
            13.032060000000001
          ],
          [
            80.21072000000001,
            13.03213
          ],
          [
            80.21024000000001,
            13.032190000000002
          ],
          [
            80.21003,
            13.032240000000002
          ],
          [
            80.20994,
            13.032250000000001
          ],
          [
            80.20989,
            13.03227
          ],
          [
            80.20984,
            13.032290000000001
          ],
          [
            80.20977,
            13.032330000000002
          ],
          [
            80.20970000000001,
            13.032380000000002
          ],
          [
            80.20976,
            13.03278
          ],
          [
            80.20981,
            13.03325
          ],
          [
            80.20978000000001,
            13.03339
          ],
          [
            80.2098,
            13.03363
          ],
          [
            80.20985,
            13.03387
          ],
          [
            80.21001000000001,
            13.034690000000001
          ],
          [
            80.21009000000001,
            13.03485
          ],
          [
            80.21014000000001,
            13.034930000000001
          ],
          [
            80.2102,
            13.035000000000002
          ],
          [
            80.21032000000001,
            13.03508
          ],
          [
            80.21043,
            13.03508
          ],
          [
            80.21082000000001,
            13.035010000000002
          ],
          [
            80.21089,
            13.03499
          ],
          [
            80.21104000000001,
            13.034970000000001
          ],
          [
            80.21122000000001,
            13.03494
          ],
          [
            80.21143000000001,
            13.034910000000002
          ],
          [
            80.21197000000001,
            13.03485
          ],
          [
            80.21206000000001,
            13.0349
          ],
          [
            80.21212000000001,
            13.034970000000001
          ],
          [
            80.21216000000001,
            13.035070000000001
          ],
          [
            80.21220000000001,
            13.035670000000001
          ],
          [
            80.21222,
            13.036040000000002
          ],
          [
            80.21226,
            13.03686
          ],
          [
            80.21227,
            13.03728
          ],
          [
            80.21227,
            13.037410000000001
          ],
          [
            80.21242000000001,
            13.037410000000001
          ],
          [
            80.21242000000001,
            13.03728
          ],
          [
            80.21241,
            13.036760000000001
          ],
          [
            80.21237,
            13.03602
          ],
          [
            80.21236,
            13.035810000000001
          ],
          [
            80.21232,
            13.035430000000002
          ],
          [
            80.21223,
            13.034860000000002
          ],
          [
            80.21223,
            13.03481
          ],
          [
            80.21222,
            13.03476
          ],
          [
            80.21218,
            13.034460000000001
          ],
          [
            80.21211000000001,
            13.034360000000001
          ],
          [
            80.21204,
            13.034040000000001
          ],
          [
            80.212,
            13.03387
          ],
          [
            80.21191,
            13.033130000000002
          ],
          [
            80.21191,
            13.03312
          ],
          [
            80.21185000000001,
            13.03301
          ],
          [
            80.21177,
            13.0325
          ],
          [
            80.21170000000001,
            13.03204
          ],
          [
            80.21169,
            13.03199
          ],
          [
            80.21121000000001,
            13.032060000000001
          ],
          [
            80.21072000000001,
            13.03213
          ],
          [
            80.21024000000001,
            13.032190000000002
          ],
          [
            80.21003,
            13.032240000000002
          ],
          [
            80.20994,
            13.032250000000001
          ],
          [
            80.20989,
            13.03227
          ],
          [
            80.20984,
            13.032290000000001
          ],
          [
            80.20977,
            13.032330000000002
          ],
          [
            80.20976,
            13.032340000000001
          ],
          [
            80.20970000000001,
            13.032380000000002
          ],
          [
            80.20976,
            13.03278
          ],
          [
            80.20981,
            13.03325
          ],
          [
            80.20978000000001,
            13.03339
          ],
          [
            80.2098,
            13.03363
          ],
          [
            80.20984,
            13.033840000000001
          ],
          [
            80.20985,
            13.03387
          ],
          [
            80.20995,
            13.034390000000002
          ],
          [
            80.21001000000001,
            13.034690000000001
          ],
          [
            80.20999,
            13.034970000000001
          ],
          [
            80.20996000000001,
            13.03503
          ],
          [
            80.2099,
            13.035110000000001
          ],
          [
            80.20919,
            13.035240000000002
          ],
          [
            80.20862000000001,
            13.03532
          ],
          [
            80.20835000000001,
            13.03536
          ],
          [
            80.20819,
            13.035390000000001
          ],
          [
            80.20804000000001,
            13.03541
          ],
          [
            80.20795000000001,
            13.035430000000002
          ],
          [
            80.20745000000001,
            13.0355
          ],
          [
            80.20696000000001,
            13.035570000000002
          ],
          [
            80.20682000000001,
            13.035590000000001
          ],
          [
            80.20664000000001,
            13.035620000000002
          ],
          [
            80.20635,
            13.035660000000002
          ],
          [
            80.20622,
            13.035680000000001
          ],
          [
            80.20602000000001,
            13.0357
          ],
          [
            80.20526000000001,
            13.03583
          ],
          [
            80.20525,
            13.035770000000001
          ],
          [
            80.20526000000001,
            13.03583
          ],
          [
            80.20501,
            13.035860000000001
          ],
          [
            80.20443,
            13.035950000000001
          ],
          [
            80.20436000000001,
            13.035960000000001
          ],
          [
            80.20435,
            13.035960000000001
          ],
          [
            80.20409000000001,
            13.035990000000002
          ],
          [
            80.20408,
            13.035950000000001
          ],
          [
            80.20409000000001,
            13.035990000000002
          ],
          [
            80.20396000000001,
            13.036000000000001
          ],
          [
            80.20385,
            13.03602
          ],
          [
            80.20369000000001,
            13.036040000000002
          ],
          [
            80.20344,
            13.036080000000002
          ],
          [
            80.20297000000001,
            13.036140000000001
          ],
          [
            80.20249000000001,
            13.03621
          ],
          [
            80.20204000000001,
            13.036280000000001
          ],
          [
            80.20135,
            13.03639
          ],
          [
            80.20134,
            13.03635
          ],
          [
            80.20135,
            13.03639
          ],
          [
            80.20086,
            13.036470000000001
          ],
          [
            80.20036,
            13.036550000000002
          ],
          [
            80.19984000000001,
            13.036620000000001
          ],
          [
            80.19948000000001,
            13.03667
          ],
          [
            80.19914,
            13.036710000000001
          ],
          [
            80.19886000000001,
            13.036760000000001
          ],
          [
            80.19879,
            13.03677
          ],
          [
            80.19878000000001,
            13.03677
          ],
          [
            80.19856,
            13.036810000000001
          ],
          [
            80.1983,
            13.036840000000002
          ],
          [
            80.19807,
            13.03687
          ],
          [
            80.19785,
            13.03691
          ],
          [
            80.19763,
            13.036940000000001
          ],
          [
            80.19735,
            13.036980000000002
          ],
          [
            80.19709,
            13.037020000000002
          ],
          [
            80.19683,
            13.03706
          ],
          [
            80.19652,
            13.03711
          ],
          [
            80.1962,
            13.037160000000002
          ],
          [
            80.1957,
            13.037230000000001
          ],
          [
            80.19519000000001,
            13.037310000000002
          ],
          [
            80.19454,
            13.037400000000002
          ],
          [
            80.19388000000001,
            13.037500000000001
          ],
          [
            80.19329,
            13.03757
          ],
          [
            80.19327000000001,
            13.037580000000002
          ],
          [
            80.19304000000001,
            13.03762
          ],
          [
            80.19291000000001,
            13.037630000000002
          ],
          [
            80.19287000000001,
            13.03766
          ],
          [
            80.19282000000001,
            13.037700000000001
          ],
          [
            80.19278000000001,
            13.037770000000002
          ],
          [
            80.19273000000001,
            13.037910000000002
          ],
          [
            80.19273000000001,
            13.037970000000001
          ],
          [
            80.19279,
            13.037970000000001
          ],
          [
            80.1928,
            13.037910000000002
          ],
          [
            80.19276,
            13.037910000000002
          ],
          [
            80.19273000000001,
            13.037910000000002
          ],
          [
            80.19273000000001,
            13.037970000000001
          ],
          [
            80.19272000000001,
            13.03832
          ],
          [
            80.19279,
            13.038310000000001
          ],
          [
            80.19279,
            13.038300000000001
          ],
          [
            80.19279,
            13.037970000000001
          ],
          [
            80.1928,
            13.037910000000002
          ],
          [
            80.19273000000001,
            13.037910000000002
          ],
          [
            80.19273000000001,
            13.037970000000001
          ],
          [
            80.19272000000001,
            13.03832
          ],
          [
            80.19276,
            13.03842
          ],
          [
            80.19289,
            13.03907
          ],
          [
            80.19301,
            13.03972
          ],
          [
            80.19303000000001,
            13.03983
          ],
          [
            80.19304000000001,
            13.039850000000001
          ],
          [
            80.19305,
            13.039930000000002
          ],
          [
            80.19313000000001,
            13.04044
          ],
          [
            80.19324,
            13.041160000000001
          ],
          [
            80.19336000000001,
            13.04189
          ],
          [
            80.19341,
            13.04188
          ],
          [
            80.19336000000001,
            13.04189
          ],
          [
            80.19346,
            13.04274
          ],
          [
            80.19353000000001,
            13.043190000000001
          ],
          [
            80.1936,
            13.04363
          ],
          [
            80.19365,
            13.044
          ],
          [
            80.19374,
            13.04438
          ],
          [
            80.19374,
            13.044400000000001
          ],
          [
            80.19374,
            13.04438
          ],
          [
            80.19307,
            13.044450000000001
          ],
          [
            80.19296000000001,
            13.04451
          ],
          [
            80.19284,
            13.044550000000001
          ],
          [
            80.19281000000001,
            13.04484
          ],
          [
            80.1928,
            13.045140000000002
          ],
          [
            80.19279,
            13.04522
          ],
          [
            80.19278000000001,
            13.045620000000001
          ],
          [
            80.19278000000001,
            13.04574
          ],
          [
            80.19276,
            13.045810000000001
          ],
          [
            80.19266,
            13.04602
          ],
          [
            80.19262,
            13.046140000000001
          ],
          [
            80.19257,
            13.04635
          ],
          [
            80.19257,
            13.046560000000001
          ],
          [
            80.19256,
            13.04667
          ],
          [
            80.19290000000001,
            13.046690000000002
          ],
          [
            80.19314,
            13.046710000000001
          ],
          [
            80.19314,
            13.046600000000002
          ],
          [
            80.19261,
            13.046560000000001
          ],
          [
            80.19257,
            13.046560000000001
          ],
          [
            80.19209000000001,
            13.04653
          ],
          [
            80.19182,
            13.046520000000001
          ],
          [
            80.19161000000001,
            13.046500000000002
          ],
          [
            80.19103000000001,
            13.04649
          ],
          [
            80.19090000000001,
            13.04649
          ],
          [
            80.19066000000001,
            13.04648
          ],
          [
            80.19054000000001,
            13.04648
          ],
          [
            80.19032,
            13.04649
          ],
          [
            80.18986000000001,
            13.046470000000001
          ],
          [
            80.18984,
            13.046470000000001
          ],
          [
            80.18935,
            13.046450000000002
          ],
          [
            80.18913,
            13.0464
          ],
          [
            80.18830000000001,
            13.046120000000002
          ],
          [
            80.18817,
            13.046080000000002
          ],
          [
            80.18767000000001,
            13.045900000000001
          ],
          [
            80.18753000000001,
            13.045840000000002
          ],
          [
            80.18716,
            13.045710000000001
          ],
          [
            80.18703000000001,
            13.045660000000002
          ],
          [
            80.18679,
            13.045470000000002
          ],
          [
            80.18660000000001,
            13.04532
          ],
          [
            80.18631,
            13.045100000000001
          ],
          [
            80.18625,
            13.045060000000001
          ],
          [
            80.18597000000001,
            13.044870000000001
          ],
          [
            80.18598,
            13.04485
          ],
          [
            80.18601000000001,
            13.044730000000001
          ],
          [
            80.18603,
            13.044620000000002
          ],
          [
            80.18611000000001,
            13.04424
          ],
          [
            80.18617,
            13.043890000000001
          ],
          [
            80.18624000000001,
            13.043420000000001
          ],
          [
            80.1863,
            13.04302
          ],
          [
            80.18635,
            13.0426
          ],
          [
            80.18639,
            13.04213
          ],
          [
            80.18643,
            13.04174
          ],
          [
            80.18648,
            13.041300000000001
          ],
          [
            80.18655000000001,
            13.040780000000002
          ],
          [
            80.18658,
            13.040450000000002
          ],
          [
            80.18658,
            13.04038
          ],
          [
            80.18654000000001,
            13.04033
          ],
          [
            80.18646000000001,
            13.0403
          ],
          [
            80.18616,
            13.040280000000001
          ],
          [
            80.18592000000001,
            13.040280000000001
          ],
          [
            80.18597000000001,
            13.039610000000001
          ],
          [
            80.18597000000001,
            13.039610000000001
          ],
          [
            80.18602000000001,
            13.039090000000002
          ],
          [
            80.18578000000001,
            13.039060000000001
          ],
          [
            80.1855,
            13.03902
          ],
          [
            80.18521000000001,
            13.03898
          ],
          [
            80.18506000000001,
            13.038960000000001
          ],
          [
            80.18483,
            13.03894
          ],
          [
            80.18403,
            13.03889
          ],
          [
            80.18399000000001,
            13.038390000000001
          ],
          [
            80.18398,
            13.03814
          ],
          [
            80.18396000000001,
            13.037920000000002
          ],
          [
            80.18395000000001,
            13.037600000000001
          ],
          [
            80.18394,
            13.03748
          ],
          [
            80.18390000000001,
            13.03724
          ],
          [
            80.18389,
            13.0371
          ],
          [
            80.18388,
            13.036890000000001
          ],
          [
            80.18384,
            13.03626
          ],
          [
            80.18381000000001,
            13.03578
          ],
          [
            80.1838,
            13.03542
          ],
          [
            80.18384,
            13.03542
          ],
          [
            80.1838,
            13.03542
          ],
          [
            80.18378000000001,
            13.034770000000002
          ],
          [
            80.18376,
            13.034110000000002
          ],
          [
            80.18376,
            13.033700000000001
          ],
          [
            80.18376,
            13.03306
          ],
          [
            80.18376,
            13.03241
          ],
          [
            80.18376,
            13.032330000000002
          ],
          [
            80.18376,
            13.03179
          ],
          [
            80.18382000000001,
            13.0318
          ],
          [
            80.18376,
            13.03179
          ],
          [
            80.18347,
            13.031770000000002
          ],
          [
            80.18311000000001,
            13.031740000000001
          ],
          [
            80.18276,
            13.031740000000001
          ],
          [
            80.18245,
            13.03175
          ],
          [
            80.18236,
            13.03175
          ],
          [
            80.18190000000001,
            13.03175
          ],
          [
            80.18174,
            13.03175
          ],
          [
            80.18167000000001,
            13.03175
          ],
          [
            80.18174,
            13.03175
          ],
          [
            80.18190000000001,
            13.03175
          ],
          [
            80.18236,
            13.03175
          ],
          [
            80.18245,
            13.03175
          ],
          [
            80.18276,
            13.031740000000001
          ],
          [
            80.18311000000001,
            13.031740000000001
          ],
          [
            80.18347,
            13.031770000000002
          ],
          [
            80.18376,
            13.03179
          ],
          [
            80.18382000000001,
            13.0318
          ],
          [
            80.18376,
            13.03179
          ],
          [
            80.18377000000001,
            13.03143
          ],
          [
            80.18378000000001,
            13.03109
          ],
          [
            80.18377000000001,
            13.030920000000002
          ],
          [
            80.18375,
            13.030730000000002
          ],
          [
            80.18371,
            13.03048
          ],
          [
            80.18369000000001,
            13.030330000000001
          ],
          [
            80.18366,
            13.030130000000002
          ],
          [
            80.18360000000001,
            13.02973
          ],
          [
            80.18347,
            13.028900000000002
          ],
          [
            80.18346000000001,
            13.028830000000001
          ],
          [
            80.18354000000001,
            13.028820000000001
          ],
          [
            80.18346000000001,
            13.028830000000001
          ],
          [
            80.18345000000001,
            13.028730000000001
          ],
          [
            80.18343,
            13.0286
          ],
          [
            80.18341000000001,
            13.02842
          ],
          [
            80.18339,
            13.02833
          ],
          [
            80.18335,
            13.028070000000001
          ],
          [
            80.18334,
            13.028020000000001
          ],
          [
            80.18329,
            13.027730000000002
          ],
          [
            80.18326,
            13.027540000000002
          ],
          [
            80.18325,
            13.02744
          ],
          [
            80.18323000000001,
            13.027310000000002
          ],
          [
            80.18321,
            13.02721
          ],
          [
            80.18319000000001,
            13.027080000000002
          ],
          [
            80.18318000000001,
            13.027030000000002
          ],
          [
            80.18318000000001,
            13.02691
          ],
          [
            80.18315000000001,
            13.026610000000002
          ],
          [
            80.18313,
            13.0265
          ],
          [
            80.18310000000001,
            13.02616
          ],
          [
            80.18310000000001,
            13.026150000000001
          ],
          [
            80.18309,
            13.026040000000002
          ],
          [
            80.18307,
            13.025760000000002
          ],
          [
            80.18306000000001,
            13.025590000000001
          ],
          [
            80.18306000000001,
            13.02546
          ],
          [
            80.18304,
            13.02528
          ],
          [
            80.18302000000001,
            13.02494
          ],
          [
            80.18303,
            13.024740000000001
          ],
          [
            80.18305000000001,
            13.02457
          ],
          [
            80.18307,
            13.02453
          ],
          [
            80.18308,
            13.02447
          ],
          [
            80.18312,
            13.02424
          ],
          [
            80.18314000000001,
            13.024170000000002
          ],
          [
            80.18317,
            13.02411
          ],
          [
            80.18322,
            13.02405
          ],
          [
            80.18326,
            13.02401
          ],
          [
            80.1833,
            13.023980000000002
          ],
          [
            80.18337000000001,
            13.023950000000001
          ],
          [
            80.18354000000001,
            13.023890000000002
          ],
          [
            80.18398,
            13.02378
          ],
          [
            80.18399000000001,
            13.02378
          ],
          [
            80.18401,
            13.02377
          ],
          [
            80.18402,
            13.023740000000002
          ],
          [
            80.18403,
            13.02369
          ],
          [
            80.18396000000001,
            13.02349
          ],
          [
            80.18378000000001,
            13.02288
          ],
          [
            80.18366,
            13.0225
          ],
          [
            80.18353,
            13.02209
          ],
          [
            80.18337000000001,
            13.02162
          ],
          [
            80.18337000000001,
            13.021580000000002
          ],
          [
            80.18337000000001,
            13.021550000000001
          ],
          [
            80.18328000000001,
            13.02133
          ],
          [
            80.18334,
            13.02129
          ],
          [
            80.18352,
            13.021180000000001
          ],
          [
            80.18409000000001,
            13.020900000000001
          ],
          [
            80.18427000000001,
            13.020830000000002
          ],
          [
            80.18447,
            13.020760000000001
          ],
          [
            80.18477,
            13.020660000000001
          ],
          [
            80.18511000000001,
            13.020550000000002
          ],
          [
            80.18517000000001,
            13.020520000000001
          ],
          [
            80.18514,
            13.02044
          ],
          [
            80.18507000000001,
            13.02045
          ],
          [
            80.18422000000001,
            13.020690000000002
          ],
          [
            80.18400000000001,
            13.02078
          ],
          [
            80.18363000000001,
            13.020970000000002
          ],
          [
            80.18329,
            13.021180000000001
          ],
          [
            80.18323000000001,
            13.021220000000001
          ],
          [
            80.18320000000001,
            13.021230000000001
          ],
          [
            80.18318000000001,
            13.02125
          ],
          [
            80.18277,
            13.021450000000002
          ],
          [
            80.1821,
            13.021830000000001
          ],
          [
            80.18184000000001,
            13.021980000000001
          ],
          [
            80.1816,
            13.022120000000001
          ],
          [
            80.18131000000001,
            13.022290000000002
          ],
          [
            80.18122000000001,
            13.022340000000002
          ],
          [
            80.18093,
            13.022490000000001
          ],
          [
            80.18067,
            13.02265
          ],
          [
            80.18060000000001,
            13.02269
          ],
          [
            80.18038,
            13.022810000000002
          ],
          [
            80.18,
            13.02302
          ],
          [
            80.1795,
            13.023290000000001
          ],
          [
            80.179,
            13.023570000000001
          ],
          [
            80.17844000000001,
            13.023890000000002
          ],
          [
            80.17788,
            13.024210000000002
          ],
          [
            80.17762,
            13.02434
          ],
          [
            80.17758,
            13.024370000000001
          ],
          [
            80.17738000000001,
            13.02447
          ],
          [
            80.17727000000001,
            13.02453
          ],
          [
            80.17671,
            13.024840000000001
          ],
          [
            80.17637,
            13.025020000000001
          ],
          [
            80.17630000000001,
            13.02505
          ],
          [
            80.17603000000001,
            13.025210000000001
          ],
          [
            80.17590000000001,
            13.025290000000002
          ],
          [
            80.17542,
            13.02555
          ],
          [
            80.17504000000001,
            13.025760000000002
          ],
          [
            80.17503,
            13.025770000000001
          ],
          [
            80.1744,
            13.02613
          ],
          [
            80.17391,
            13.026390000000001
          ],
          [
            80.17337,
            13.02669
          ],
          [
            80.17283,
            13.026990000000001
          ],
          [
            80.17229,
            13.0273
          ],
          [
            80.17168000000001,
            13.027640000000002
          ],
          [
            80.17107,
            13.02799
          ],
          [
            80.1709,
            13.028080000000001
          ],
          [
            80.17086,
            13.0281
          ],
          [
            80.17084000000001,
            13.028110000000002
          ],
          [
            80.17047000000001,
            13.028310000000001
          ],
          [
            80.17029000000001,
            13.02842
          ],
          [
            80.16973,
            13.028720000000002
          ],
          [
            80.16958000000001,
            13.0288
          ],
          [
            80.16909000000001,
            13.029060000000001
          ],
          [
            80.16879,
            13.02922
          ],
          [
            80.16877000000001,
            13.029230000000002
          ],
          [
            80.16807,
            13.029630000000001
          ],
          [
            80.16737,
            13.030030000000002
          ],
          [
            80.16703000000001,
            13.030220000000002
          ],
          [
            80.16634,
            13.030610000000001
          ],
          [
            80.16633,
            13.03062
          ],
          [
            80.16563000000001,
            13.031
          ],
          [
            80.16508,
            13.031300000000002
          ],
          [
            80.16478000000001,
            13.03147
          ],
          [
            80.16474000000001,
            13.031500000000001
          ],
          [
            80.16446,
            13.03165
          ],
          [
            80.16427,
            13.031740000000001
          ],
          [
            80.16380000000001,
            13.032000000000002
          ],
          [
            80.16379,
            13.032000000000002
          ],
          [
            80.16349000000001,
            13.03217
          ],
          [
            80.16326000000001,
            13.032300000000001
          ],
          [
            80.16262,
            13.032670000000001
          ],
          [
            80.16241000000001,
            13.03279
          ],
          [
            80.16247000000001,
            13.032910000000001
          ],
          [
            80.16293,
            13.032670000000001
          ],
          [
            80.16301,
            13.032620000000001
          ],
          [
            80.16344000000001,
            13.0324
          ],
          [
            80.16382,
            13.03218
          ],
          [
            80.16394000000001,
            13.03212
          ],
          [
            80.16409,
            13.03203
          ],
          [
            80.16433,
            13.03189
          ],
          [
            80.16488000000001,
            13.031580000000002
          ],
          [
            80.16501000000001,
            13.031500000000001
          ],
          [
            80.16563000000001,
            13.031160000000002
          ],
          [
            80.16624,
            13.03082
          ],
          [
            80.16640000000001,
            13.030730000000002
          ],
          [
            80.16656,
            13.030650000000001
          ],
          [
            80.16659000000001,
            13.03063
          ],
          [
            80.1671,
            13.030330000000001
          ],
          [
            80.16743000000001,
            13.03015
          ],
          [
            80.16802000000001,
            13.02982
          ],
          [
            80.16809,
            13.02979
          ],
          [
            80.16824000000001,
            13.029700000000002
          ],
          [
            80.16883,
            13.029380000000002
          ],
          [
            80.16884,
            13.029370000000002
          ],
          [
            80.16941000000001,
            13.029040000000002
          ],
          [
            80.16957000000001,
            13.028950000000002
          ],
          [
            80.17035000000001,
            13.02856
          ],
          [
            80.17029000000001,
            13.02842
          ],
          [
            80.16973,
            13.028720000000002
          ],
          [
            80.16958000000001,
            13.0288
          ],
          [
            80.16909000000001,
            13.029060000000001
          ],
          [
            80.16879,
            13.02922
          ],
          [
            80.16877000000001,
            13.029230000000002
          ],
          [
            80.16807,
            13.029630000000001
          ],
          [
            80.16737,
            13.030030000000002
          ],
          [
            80.16703000000001,
            13.030220000000002
          ],
          [
            80.16634,
            13.030610000000001
          ],
          [
            80.16633,
            13.03062
          ],
          [
            80.16563000000001,
            13.031
          ],
          [
            80.16508,
            13.031300000000002
          ],
          [
            80.16478000000001,
            13.03147
          ],
          [
            80.16474000000001,
            13.031500000000001
          ],
          [
            80.16446,
            13.03165
          ],
          [
            80.16427,
            13.031740000000001
          ],
          [
            80.16380000000001,
            13.032000000000002
          ],
          [
            80.16379,
            13.032000000000002
          ],
          [
            80.16349000000001,
            13.03217
          ],
          [
            80.16326000000001,
            13.032300000000001
          ],
          [
            80.16262,
            13.032670000000001
          ],
          [
            80.16241000000001,
            13.03279
          ],
          [
            80.16195,
            13.03306
          ],
          [
            80.16184000000001,
            13.033130000000002
          ],
          [
            80.16133,
            13.033420000000001
          ],
          [
            80.16130000000001,
            13.03344
          ],
          [
            80.16127,
            13.033460000000002
          ],
          [
            80.16063000000001,
            13.03381
          ],
          [
            80.16033,
            13.033990000000001
          ],
          [
            80.15996000000001,
            13.03419
          ],
          [
            80.15979,
            13.03428
          ],
          [
            80.15967,
            13.034320000000001
          ],
          [
            80.15951000000001,
            13.034350000000002
          ],
          [
            80.15908,
            13.03438
          ],
          [
            80.15873,
            13.034390000000002
          ],
          [
            80.15844000000001,
            13.034390000000002
          ],
          [
            80.15833,
            13.034360000000001
          ],
          [
            80.15817000000001,
            13.034300000000002
          ],
          [
            80.15735000000001,
            13.034250000000002
          ],
          [
            80.15708000000001,
            13.03423
          ],
          [
            80.15692,
            13.03423
          ],
          [
            80.15679,
            13.034260000000002
          ],
          [
            80.15664000000001,
            13.034310000000001
          ],
          [
            80.15641000000001,
            13.034400000000002
          ],
          [
            80.1564,
            13.03443
          ],
          [
            80.15639,
            13.034490000000002
          ],
          [
            80.15639,
            13.034530000000002
          ],
          [
            80.15641000000001,
            13.03457
          ],
          [
            80.15642000000001,
            13.034590000000001
          ],
          [
            80.15647000000001,
            13.03461
          ],
          [
            80.15652,
            13.03462
          ],
          [
            80.15665000000001,
            13.03457
          ],
          [
            80.15684,
            13.034500000000001
          ],
          [
            80.15692,
            13.03448
          ],
          [
            80.15699000000001,
            13.034460000000001
          ],
          [
            80.15716,
            13.034460000000001
          ],
          [
            80.1576,
            13.034490000000002
          ],
          [
            80.15789000000001,
            13.034510000000001
          ],
          [
            80.15817000000001,
            13.03452
          ],
          [
            80.15830000000001,
            13.03452
          ],
          [
            80.1584,
            13.03447
          ],
          [
            80.15848000000001,
            13.03447
          ],
          [
            80.15882,
            13.03448
          ],
          [
            80.15907,
            13.03448
          ],
          [
            80.15925,
            13.03447
          ],
          [
            80.15938000000001,
            13.03447
          ],
          [
            80.15954,
            13.034460000000001
          ],
          [
            80.15967,
            13.03443
          ],
          [
            80.1597,
            13.03443
          ],
          [
            80.15983,
            13.03438
          ],
          [
            80.16003,
            13.03428
          ],
          [
            80.16069,
            13.03391
          ],
          [
            80.16063000000001,
            13.03381
          ],
          [
            80.16033,
            13.033990000000001
          ],
          [
            80.15996000000001,
            13.03419
          ],
          [
            80.15979,
            13.03428
          ],
          [
            80.15967,
            13.034320000000001
          ],
          [
            80.15951000000001,
            13.034350000000002
          ],
          [
            80.15908,
            13.03438
          ],
          [
            80.15844000000001,
            13.034390000000002
          ],
          [
            80.15820000000001,
            13.034390000000002
          ],
          [
            80.15767000000001,
            13.03434
          ],
          [
            80.15714000000001,
            13.034300000000002
          ],
          [
            80.15691000000001,
            13.034310000000001
          ],
          [
            80.15674000000001,
            13.034350000000002
          ],
          [
            80.15637000000001,
            13.034500000000001
          ],
          [
            80.15631,
            13.03452
          ],
          [
            80.15601000000001,
            13.034680000000002
          ],
          [
            80.15559,
            13.0349
          ],
          [
            80.15504,
            13.03518
          ],
          [
            80.15449000000001,
            13.035470000000002
          ],
          [
            80.15393,
            13.035750000000002
          ],
          [
            80.15356000000001,
            13.03592
          ],
          [
            80.15314000000001,
            13.036140000000001
          ],
          [
            80.153,
            13.036180000000002
          ],
          [
            80.15288000000001,
            13.036220000000002
          ],
          [
            80.15274000000001,
            13.036230000000002
          ],
          [
            80.1524,
            13.03625
          ],
          [
            80.15183,
            13.036230000000002
          ],
          [
            80.1511,
            13.036200000000001
          ],
          [
            80.15111,
            13.036360000000002
          ],
          [
            80.15163000000001,
            13.03635
          ],
          [
            80.15226000000001,
            13.036360000000002
          ],
          [
            80.15262000000001,
            13.036340000000001
          ],
          [
            80.15273,
            13.036330000000001
          ],
          [
            80.15291,
            13.0363
          ],
          [
            80.15316,
            13.036220000000002
          ],
          [
            80.15335,
            13.036140000000001
          ],
          [
            80.15372,
            13.035960000000001
          ],
          [
            80.15397,
            13.03583
          ],
          [
            80.15456,
            13.035530000000001
          ],
          [
            80.1551,
            13.035250000000001
          ],
          [
            80.15563,
            13.034970000000001
          ],
          [
            80.15632000000001,
            13.03461
          ],
          [
            80.15664000000001,
            13.03447
          ],
          [
            80.15678000000001,
            13.03442
          ],
          [
            80.15688,
            13.034400000000002
          ],
          [
            80.15705000000001,
            13.03438
          ],
          [
            80.1572,
            13.03438
          ],
          [
            80.15771000000001,
            13.03443
          ],
          [
            80.15820000000001,
            13.03447
          ],
          [
            80.1584,
            13.03447
          ],
          [
            80.15848000000001,
            13.03447
          ],
          [
            80.15882,
            13.03448
          ],
          [
            80.15907,
            13.03448
          ],
          [
            80.15925,
            13.03447
          ],
          [
            80.15938000000001,
            13.03447
          ],
          [
            80.15954,
            13.034460000000001
          ],
          [
            80.15967,
            13.03443
          ],
          [
            80.1597,
            13.03443
          ],
          [
            80.15983,
            13.03438
          ],
          [
            80.16003,
            13.03428
          ],
          [
            80.16069,
            13.03391
          ],
          [
            80.16063000000001,
            13.03381
          ],
          [
            80.16033,
            13.033990000000001
          ],
          [
            80.15996000000001,
            13.03419
          ],
          [
            80.15979,
            13.03428
          ],
          [
            80.15967,
            13.034320000000001
          ],
          [
            80.15951000000001,
            13.034350000000002
          ],
          [
            80.15908,
            13.03438
          ],
          [
            80.15844000000001,
            13.034390000000002
          ],
          [
            80.15817000000001,
            13.034300000000002
          ],
          [
            80.15735000000001,
            13.034250000000002
          ],
          [
            80.15708000000001,
            13.03423
          ],
          [
            80.15692,
            13.03423
          ],
          [
            80.15679,
            13.034260000000002
          ],
          [
            80.15664000000001,
            13.034310000000001
          ],
          [
            80.15641000000001,
            13.034400000000002
          ],
          [
            80.15596000000001,
            13.034630000000002
          ],
          [
            80.15591,
            13.034650000000001
          ],
          [
            80.15580000000001,
            13.034500000000001
          ],
          [
            80.15568,
            13.03433
          ],
          [
            80.15539000000001,
            13.033920000000002
          ],
          [
            80.15524,
            13.03372
          ],
          [
            80.15502000000001,
            13.03345
          ],
          [
            80.15474,
            13.03316
          ],
          [
            80.15441000000001,
            13.03284
          ],
          [
            80.15411,
            13.03251
          ],
          [
            80.15402,
            13.0324
          ],
          [
            80.15393,
            13.032290000000001
          ],
          [
            80.15389,
            13.032240000000002
          ],
          [
            80.15378000000001,
            13.03208
          ],
          [
            80.15367,
            13.0319
          ],
          [
            80.15354,
            13.03166
          ],
          [
            80.15314000000001,
            13.03104
          ],
          [
            80.1529,
            13.03068
          ],
          [
            80.15268,
            13.03034
          ],
          [
            80.15244000000001,
            13.02997
          ],
          [
            80.15249,
            13.02996
          ],
          [
            80.15244000000001,
            13.02997
          ],
          [
            80.15207000000001,
            13.029380000000002
          ],
          [
            80.15187,
            13.02907
          ],
          [
            80.15179,
            13.028960000000001
          ],
          [
            80.15177000000001,
            13.028920000000001
          ],
          [
            80.15159000000001,
            13.02865
          ],
          [
            80.1513,
            13.028250000000002
          ],
          [
            80.15102,
            13.027870000000002
          ],
          [
            80.15074000000001,
            13.027500000000002
          ],
          [
            80.15047000000001,
            13.027130000000001
          ],
          [
            80.15017,
            13.02674
          ],
          [
            80.15001000000001,
            13.02654
          ],
          [
            80.14967,
            13.026140000000002
          ],
          [
            80.14964,
            13.026110000000001
          ],
          [
            80.14937,
            13.025830000000001
          ],
          [
            80.14904000000001,
            13.02547
          ],
          [
            80.14887,
            13.02532
          ],
          [
            80.14837,
            13.024870000000002
          ],
          [
            80.14800000000001,
            13.024550000000001
          ],
          [
            80.14760000000001,
            13.024170000000002
          ],
          [
            80.14755000000001,
            13.0241
          ],
          [
            80.14763,
            13.024090000000001
          ],
          [
            80.14785,
            13.024080000000001
          ],
          [
            80.14819,
            13.024040000000001
          ],
          [
            80.14818000000001,
            13.024000000000001
          ],
          [
            80.14785,
            13.024030000000002
          ],
          [
            80.14748,
            13.024030000000002
          ],
          [
            80.14731,
            13.023850000000001
          ],
          [
            80.14677,
            13.023320000000002
          ],
          [
            80.14668,
            13.02322
          ],
          [
            80.14653000000001,
            13.023060000000001
          ],
          [
            80.14647000000001,
            13.023000000000001
          ],
          [
            80.14632,
            13.02283
          ],
          [
            80.14635000000001,
            13.022820000000001
          ],
          [
            80.14632,
            13.02283
          ],
          [
            80.1461,
            13.02261
          ],
          [
            80.14580000000001,
            13.02232
          ],
          [
            80.14534,
            13.021840000000001
          ],
          [
            80.14488,
            13.021370000000001
          ],
          [
            80.14433000000001,
            13.02081
          ],
          [
            80.14417,
            13.020650000000002
          ],
          [
            80.1439,
            13.020410000000002
          ],
          [
            80.14356000000001,
            13.02012
          ],
          [
            80.14354,
            13.02011
          ],
          [
            80.14336,
            13.019950000000001
          ],
          [
            80.14319,
            13.019800000000002
          ],
          [
            80.14324,
            13.01979
          ],
          [
            80.14319,
            13.019800000000002
          ],
          [
            80.1431,
            13.019710000000002
          ],
          [
            80.14311000000001,
            13.019710000000002
          ],
          [
            80.14287,
            13.01946
          ],
          [
            80.14254000000001,
            13.019110000000001
          ],
          [
            80.14229,
            13.018860000000002
          ],
          [
            80.14174000000001,
            13.01828
          ],
          [
            80.14169000000001,
            13.018320000000001
          ],
          [
            80.1422,
            13.018860000000002
          ],
          [
            80.14250000000001,
            13.01917
          ],
          [
            80.14281000000001,
            13.0195
          ],
          [
            80.14313000000001,
            13.01983
          ],
          [
            80.14286000000001,
            13.019860000000001
          ],
          [
            80.14204000000001,
            13.02006
          ],
          [
            80.14173000000001,
            13.020090000000001
          ],
          [
            80.14139,
            13.020050000000001
          ],
          [
            80.14099,
            13.02006
          ],
          [
            80.1405,
            13.02012
          ],
          [
            80.13980000000001,
            13.020220000000002
          ],
          [
            80.13943,
            13.0203
          ],
          [
            80.13980000000001,
            13.020220000000002
          ],
          [
            80.1405,
            13.02012
          ],
          [
            80.14099,
            13.02006
          ],
          [
            80.14139,
            13.020050000000001
          ],
          [
            80.14173000000001,
            13.020090000000001
          ],
          [
            80.14204000000001,
            13.02006
          ],
          [
            80.14286000000001,
            13.019860000000001
          ],
          [
            80.14313000000001,
            13.01983
          ],
          [
            80.14336,
            13.020040000000002
          ],
          [
            80.1435,
            13.020150000000001
          ],
          [
            80.14385,
            13.020460000000002
          ],
          [
            80.14410000000001,
            13.02068
          ],
          [
            80.14427,
            13.020850000000001
          ],
          [
            80.14449,
            13.021070000000002
          ],
          [
            80.14462,
            13.0212
          ],
          [
            80.14483000000001,
            13.021410000000001
          ],
          [
            80.14489,
            13.02147
          ],
          [
            80.14501000000001,
            13.021600000000001
          ],
          [
            80.14506,
            13.021650000000001
          ],
          [
            80.14527000000001,
            13.021870000000002
          ],
          [
            80.14550000000001,
            13.022110000000001
          ],
          [
            80.14573,
            13.022350000000001
          ],
          [
            80.14604000000001,
            13.022660000000002
          ],
          [
            80.14625000000001,
            13.02288
          ],
          [
            80.14639000000001,
            13.02303
          ],
          [
            80.14648000000001,
            13.02311
          ],
          [
            80.14661000000001,
            13.023240000000001
          ],
          [
            80.14668,
            13.023320000000002
          ],
          [
            80.1473,
            13.023940000000001
          ],
          [
            80.14747000000001,
            13.0241
          ],
          [
            80.14756000000001,
            13.0242
          ],
          [
            80.14796000000001,
            13.02458
          ],
          [
            80.14833,
            13.02491
          ],
          [
            80.14899000000001,
            13.02551
          ],
          [
            80.14934000000001,
            13.025860000000002
          ],
          [
            80.14964,
            13.026180000000002
          ],
          [
            80.14976,
            13.026320000000002
          ],
          [
            80.14984000000001,
            13.026420000000002
          ],
          [
            80.14996000000001,
            13.026560000000002
          ],
          [
            80.15013,
            13.026790000000002
          ],
          [
            80.15050000000001,
            13.027280000000001
          ],
          [
            80.15088,
            13.027780000000002
          ],
          [
            80.15126000000001,
            13.02828
          ],
          [
            80.15134,
            13.028400000000001
          ],
          [
            80.15154000000001,
            13.02871
          ],
          [
            80.15163000000001,
            13.02884
          ],
          [
            80.15182,
            13.02912
          ],
          [
            80.15202000000001,
            13.029440000000001
          ],
          [
            80.15238000000001,
            13.030000000000001
          ],
          [
            80.15264,
            13.03039
          ],
          [
            80.15285,
            13.030710000000001
          ],
          [
            80.15308,
            13.031080000000001
          ],
          [
            80.15349,
            13.031690000000001
          ],
          [
            80.15362,
            13.031920000000001
          ],
          [
            80.15376,
            13.032150000000001
          ],
          [
            80.15388,
            13.03231
          ],
          [
            80.15407,
            13.032540000000001
          ],
          [
            80.15438,
            13.03288
          ],
          [
            80.15468000000001,
            13.033180000000002
          ],
          [
            80.15495,
            13.033470000000001
          ],
          [
            80.15519,
            13.033760000000001
          ],
          [
            80.15527,
            13.033880000000002
          ],
          [
            80.15531,
            13.033930000000002
          ],
          [
            80.1555,
            13.0342
          ],
          [
            80.15563,
            13.034370000000001
          ],
          [
            80.15577,
            13.03457
          ],
          [
            80.15585,
            13.034690000000001
          ],
          [
            80.15593000000001,
            13.034780000000001
          ],
          [
            80.156,
            13.034870000000002
          ],
          [
            80.15608,
            13.03495
          ],
          [
            80.15649,
            13.035470000000002
          ],
          [
            80.15667,
            13.035750000000002
          ],
          [
            80.15676,
            13.035820000000001
          ],
          [
            80.15701,
            13.036150000000001
          ],
          [
            80.15713000000001,
            13.0363
          ],
          [
            80.15727000000001,
            13.036460000000002
          ],
          [
            80.15738,
            13.036550000000002
          ],
          [
            80.15745000000001,
            13.03659
          ],
          [
            80.15757,
            13.03667
          ],
          [
            80.15769,
            13.036740000000002
          ],
          [
            80.15815,
            13.03696
          ],
          [
            80.15870000000001,
            13.0372
          ],
          [
            80.15878000000001,
            13.037270000000001
          ],
          [
            80.15897000000001,
            13.03734
          ],
          [
            80.1594,
            13.037510000000001
          ],
          [
            80.15955000000001,
            13.037550000000001
          ],
          [
            80.15941000000001,
            13.038070000000001
          ],
          [
            80.15981000000001,
            13.038160000000001
          ],
          [
            80.16057,
            13.03833
          ],
          [
            80.16055,
            13.038810000000002
          ],
          [
            80.16056,
            13.039320000000002
          ],
          [
            80.16048,
            13.039840000000002
          ],
          [
            80.16042,
            13.04034
          ],
          [
            80.16024,
            13.041
          ],
          [
            80.16019,
            13.041100000000002
          ],
          [
            80.16014000000001,
            13.041210000000001
          ],
          [
            80.15979,
            13.04189
          ],
          [
            80.15961,
            13.042190000000002
          ],
          [
            80.15948,
            13.042440000000001
          ],
          [
            80.15917,
            13.042570000000001
          ],
          [
            80.15895,
            13.04264
          ],
          [
            80.15879000000001,
            13.042650000000002
          ],
          [
            80.1586,
            13.04263
          ],
          [
            80.15815,
            13.042570000000001
          ],
          [
            80.15792,
            13.042530000000001
          ],
          [
            80.15764,
            13.04249
          ],
          [
            80.15750000000001,
            13.042480000000001
          ],
          [
            80.15701,
            13.04245
          ],
          [
            80.15652,
            13.04241
          ],
          [
            80.15574000000001,
            13.04241
          ],
          [
            80.15512000000001,
            13.042420000000002
          ],
          [
            80.15503000000001,
            13.042430000000001
          ],
          [
            80.15502000000001,
            13.04278
          ],
          [
            80.15505,
            13.043470000000001
          ],
          [
            80.15501,
            13.043870000000002
          ],
          [
            80.155,
            13.044060000000002
          ],
          [
            80.15501,
            13.044130000000001
          ],
          [
            80.15504,
            13.04424
          ],
          [
            80.15507000000001,
            13.04438
          ],
          [
            80.15509,
            13.044480000000002
          ],
          [
            80.15508000000001,
            13.04452
          ],
          [
            80.15503000000001,
            13.044590000000001
          ],
          [
            80.15468000000001,
            13.044580000000002
          ],
          [
            80.15463000000001,
            13.044590000000001
          ],
          [
            80.1546,
            13.044620000000002
          ],
          [
            80.15457,
            13.044690000000001
          ],
          [
            80.15458000000001,
            13.04512
          ],
          [
            80.15459000000001,
            13.0455
          ],
          [
            80.1546,
            13.04588
          ],
          [
            80.1546,
            13.046370000000001
          ],
          [
            80.1546,
            13.046560000000001
          ],
          [
            80.1546,
            13.046850000000001
          ],
          [
            80.15461,
            13.047
          ],
          [
            80.15463000000001,
            13.04715
          ],
          [
            80.15462000000001,
            13.04738
          ],
          [
            80.15459000000001,
            13.04776
          ],
          [
            80.15456,
            13.048110000000001
          ],
          [
            80.15454000000001,
            13.048340000000001
          ],
          [
            80.15455,
            13.048440000000001
          ],
          [
            80.15455,
            13.048520000000002
          ],
          [
            80.15451,
            13.04873
          ],
          [
            80.15451,
            13.048890000000002
          ],
          [
            80.15447,
            13.049270000000002
          ],
          [
            80.15447,
            13.04948
          ],
          [
            80.15448,
            13.04968
          ],
          [
            80.15449000000001,
            13.04982
          ],
          [
            80.15449000000001,
            13.05023
          ],
          [
            80.15451,
            13.05061
          ],
          [
            80.15453000000001,
            13.050870000000002
          ],
          [
            80.15457,
            13.05114
          ],
          [
            80.1546,
            13.05132
          ],
          [
            80.15463000000001,
            13.05174
          ],
          [
            80.15463000000001,
            13.05183
          ],
          [
            80.15463000000001,
            13.05206
          ],
          [
            80.15462000000001,
            13.052320000000002
          ],
          [
            80.15461,
            13.05273
          ],
          [
            80.15458000000001,
            13.052890000000001
          ],
          [
            80.15452,
            13.053180000000001
          ],
          [
            80.15449000000001,
            13.053270000000001
          ],
          [
            80.15406,
            13.05306
          ],
          [
            80.15350000000001,
            13.052790000000002
          ],
          [
            80.15294,
            13.052520000000001
          ],
          [
            80.15267,
            13.0524
          ],
          [
            80.15217000000001,
            13.05217
          ],
          [
            80.15180000000001,
            13.05197
          ],
          [
            80.15141000000001,
            13.051710000000002
          ],
          [
            80.15119,
            13.051530000000001
          ],
          [
            80.15096000000001,
            13.051300000000001
          ],
          [
            80.15077000000001,
            13.051070000000001
          ],
          [
            80.15061,
            13.050830000000001
          ],
          [
            80.15045,
            13.05053
          ],
          [
            80.15027,
            13.050160000000002
          ],
          [
            80.15020000000001,
            13.049890000000001
          ],
          [
            80.15015000000001,
            13.049690000000002
          ],
          [
            80.15013,
            13.049570000000001
          ],
          [
            80.15008,
            13.0493
          ],
          [
            80.15005000000001,
            13.048860000000001
          ],
          [
            80.15,
            13.048290000000001
          ],
          [
            80.14995,
            13.047720000000002
          ],
          [
            80.14992000000001,
            13.04686
          ],
          [
            80.14988000000001,
            13.045990000000002
          ],
          [
            80.14974000000001,
            13.045990000000002
          ],
          [
            80.14973,
            13.045560000000002
          ],
          [
            80.14970000000001,
            13.044770000000002
          ],
          [
            80.14970000000001,
            13.04432
          ],
          [
            80.14970000000001,
            13.0441
          ],
          [
            80.14970000000001,
            13.043550000000002
          ],
          [
            80.14966000000001,
            13.043030000000002
          ],
          [
            80.14964,
            13.042900000000001
          ],
          [
            80.14958,
            13.04259
          ],
          [
            80.14956000000001,
            13.042390000000001
          ],
          [
            80.14952000000001,
            13.041640000000001
          ],
          [
            80.14948000000001,
            13.040890000000001
          ],
          [
            80.14944000000001,
            13.040140000000001
          ],
          [
            80.1494,
            13.039380000000001
          ],
          [
            80.14936,
            13.038630000000001
          ],
          [
            80.14932,
            13.037880000000001
          ],
          [
            80.14927,
            13.037020000000002
          ],
          [
            80.14923,
            13.03616
          ],
          [
            80.14918,
            13.03527
          ],
          [
            80.14914,
            13.03438
          ],
          [
            80.14907000000001,
            13.03377
          ],
          [
            80.14896,
            13.033150000000001
          ],
          [
            80.14876000000001,
            13.03246
          ],
          [
            80.14871000000001,
            13.032280000000002
          ],
          [
            80.14854000000001,
            13.031780000000001
          ],
          [
            80.14841000000001,
            13.031450000000001
          ],
          [
            80.14823000000001,
            13.03109
          ],
          [
            80.14803,
            13.03072
          ],
          [
            80.14764000000001,
            13.030100000000001
          ],
          [
            80.14726,
            13.029560000000002
          ],
          [
            80.14683000000001,
            13.029050000000002
          ],
          [
            80.1464,
            13.0286
          ],
          [
            80.14607000000001,
            13.028310000000001
          ],
          [
            80.14541000000001,
            13.02777
          ],
          [
            80.14475,
            13.02724
          ],
          [
            80.14409,
            13.026710000000001
          ],
          [
            80.14343000000001,
            13.026180000000002
          ],
          [
            80.14277000000001,
            13.025640000000001
          ],
          [
            80.14211,
            13.025110000000002
          ],
          [
            80.14145,
            13.02458
          ],
          [
            80.14078,
            13.02405
          ],
          [
            80.14054,
            13.02386
          ],
          [
            80.14011,
            13.02349
          ],
          [
            80.13968000000001,
            13.02311
          ],
          [
            80.13941000000001,
            13.02289
          ],
          [
            80.13902,
            13.022590000000001
          ],
          [
            80.13853,
            13.022190000000002
          ],
          [
            80.13804,
            13.021790000000001
          ],
          [
            80.13757000000001,
            13.021410000000001
          ],
          [
            80.13696,
            13.02092
          ],
          [
            80.13661,
            13.020650000000002
          ],
          [
            80.13634,
            13.02044
          ],
          [
            80.13573000000001,
            13.019950000000001
          ],
          [
            80.13510000000001,
            13.019380000000002
          ],
          [
            80.13463,
            13.018960000000002
          ],
          [
            80.13417000000001,
            13.018540000000002
          ],
          [
            80.13371000000001,
            13.018130000000001
          ],
          [
            80.13318000000001,
            13.017640000000002
          ],
          [
            80.13260000000001,
            13.01712
          ],
          [
            80.13201000000001,
            13.016630000000001
          ],
          [
            80.13164,
            13.016350000000001
          ],
          [
            80.13128,
            13.016070000000001
          ],
          [
            80.13103000000001,
            13.015880000000001
          ],
          [
            80.13049000000001,
            13.01547
          ],
          [
            80.12994,
            13.015070000000001
          ],
          [
            80.1294,
            13.014660000000001
          ],
          [
            80.12923,
            13.01453
          ],
          [
            80.12902000000001,
            13.014320000000001
          ],
          [
            80.12865000000001,
            13.01392
          ],
          [
            80.12838,
            13.013560000000002
          ],
          [
            80.12824,
            13.01336
          ],
          [
            80.12793,
            13.0128
          ],
          [
            80.12778,
            13.01247
          ],
          [
            80.12761,
            13.011870000000002
          ],
          [
            80.12754000000001,
            13.011600000000001
          ],
          [
            80.12751,
            13.01138
          ],
          [
            80.12743,
            13.01077
          ],
          [
            80.12739,
            13.01007
          ],
          [
            80.12739,
            13.00937
          ],
          [
            80.12739,
            13.008490000000002
          ],
          [
            80.12739,
            13.00786
          ],
          [
            80.12736000000001,
            13.00731
          ],
          [
            80.12734,
            13.006760000000002
          ],
          [
            80.12733,
            13.006300000000001
          ],
          [
            80.12732000000001,
            13.005840000000001
          ],
          [
            80.12731000000001,
            13.005110000000002
          ],
          [
            80.12729,
            13.004380000000001
          ],
          [
            80.12726,
            13.00406
          ],
          [
            80.12714000000001,
            13.003250000000001
          ],
          [
            80.12704000000001,
            13.002860000000002
          ],
          [
            80.1269,
            13.002460000000001
          ],
          [
            80.12675,
            13.002060000000002
          ],
          [
            80.12658,
            13.00168
          ],
          [
            80.12634000000001,
            13.001240000000001
          ],
          [
            80.12595,
            13.0006
          ],
          [
            80.12559,
            13.00004
          ],
          [
            80.12523,
            12.999480000000002
          ],
          [
            80.12487,
            12.998920000000002
          ],
          [
            80.12451,
            12.998360000000002
          ],
          [
            80.12416,
            12.997800000000002
          ],
          [
            80.12367,
            12.997050000000002
          ],
          [
            80.12319000000001,
            12.996310000000001
          ],
          [
            80.12270000000001,
            12.995560000000001
          ],
          [
            80.12243000000001,
            12.995070000000002
          ],
          [
            80.12235000000001,
            12.994940000000001
          ],
          [
            80.12211,
            12.994530000000001
          ],
          [
            80.12196,
            12.99413
          ],
          [
            80.12185000000001,
            12.993710000000002
          ],
          [
            80.12178,
            12.993200000000002
          ],
          [
            80.12169,
            12.992460000000001
          ],
          [
            80.12161,
            12.99173
          ],
          [
            80.12152,
            12.991000000000001
          ],
          [
            80.12143,
            12.990250000000001
          ],
          [
            80.12134,
            12.989500000000001
          ],
          [
            80.12126,
            12.98872
          ],
          [
            80.12118000000001,
            12.987940000000002
          ],
          [
            80.12112,
            12.987340000000001
          ],
          [
            80.12108,
            12.986790000000001
          ],
          [
            80.12104000000001,
            12.98624
          ],
          [
            80.12101000000001,
            12.985610000000001
          ],
          [
            80.12098,
            12.98497
          ],
          [
            80.12096000000001,
            12.984200000000001
          ],
          [
            80.12091000000001,
            12.983590000000001
          ],
          [
            80.12086000000001,
            12.982970000000002
          ],
          [
            80.12082000000001,
            12.982230000000001
          ],
          [
            80.12077000000001,
            12.9815
          ],
          [
            80.12073000000001,
            12.980760000000002
          ],
          [
            80.12069000000001,
            12.980020000000001
          ],
          [
            80.12061000000001,
            12.979610000000001
          ],
          [
            80.12042000000001,
            12.978900000000001
          ],
          [
            80.12022,
            12.978200000000001
          ],
          [
            80.12003,
            12.977490000000001
          ],
          [
            80.11983000000001,
            12.976790000000001
          ],
          [
            80.11964,
            12.976080000000001
          ],
          [
            80.11945,
            12.97539
          ],
          [
            80.11927,
            12.974710000000002
          ],
          [
            80.11908000000001,
            12.974020000000001
          ],
          [
            80.11890000000001,
            12.97333
          ],
          [
            80.11881000000001,
            12.973
          ],
          [
            80.11877000000001,
            12.972740000000002
          ],
          [
            80.11874,
            12.972460000000002
          ],
          [
            80.11871000000001,
            12.97212
          ],
          [
            80.11872000000001,
            12.971630000000001
          ],
          [
            80.11876000000001,
            12.9709
          ],
          [
            80.11880000000001,
            12.970170000000001
          ],
          [
            80.11884,
            12.96944
          ],
          [
            80.11888,
            12.968700000000002
          ],
          [
            80.11892,
            12.967970000000001
          ],
          [
            80.11896,
            12.96724
          ],
          [
            80.11899000000001,
            12.966500000000002
          ],
          [
            80.11903000000001,
            12.965760000000001
          ],
          [
            80.11905,
            12.965440000000001
          ],
          [
            80.11909,
            12.964670000000002
          ],
          [
            80.11913000000001,
            12.963890000000001
          ],
          [
            80.11917000000001,
            12.963120000000002
          ],
          [
            80.11921000000001,
            12.962340000000001
          ],
          [
            80.11925000000001,
            12.96161
          ],
          [
            80.11930000000001,
            12.960870000000002
          ],
          [
            80.11931000000001,
            12.96015
          ],
          [
            80.11931000000001,
            12.95939
          ],
          [
            80.11928,
            12.958720000000001
          ],
          [
            80.11925000000001,
            12.958060000000001
          ],
          [
            80.11924,
            12.95747
          ],
          [
            80.11922000000001,
            12.95687
          ],
          [
            80.11922000000001,
            12.956080000000002
          ],
          [
            80.11921000000001,
            12.95583
          ],
          [
            80.11917000000001,
            12.955620000000001
          ],
          [
            80.1191,
            12.955190000000002
          ],
          [
            80.11894000000001,
            12.954630000000002
          ],
          [
            80.11882,
            12.95429
          ],
          [
            80.11864000000001,
            12.95391
          ],
          [
            80.11848,
            12.953660000000001
          ],
          [
            80.11823000000001,
            12.953310000000002
          ],
          [
            80.11800000000001,
            12.953050000000001
          ],
          [
            80.11777000000001,
            12.95283
          ],
          [
            80.11753,
            12.952630000000001
          ],
          [
            80.11721,
            12.952380000000002
          ],
          [
            80.11689000000001,
            12.95218
          ],
          [
            80.11605,
            12.951810000000002
          ],
          [
            80.11545000000001,
            12.951620000000002
          ],
          [
            80.11486000000001,
            12.95143
          ],
          [
            80.11427,
            12.95124
          ],
          [
            80.11365,
            12.951070000000001
          ],
          [
            80.11288,
            12.950840000000001
          ],
          [
            80.11211,
            12.950610000000001
          ],
          [
            80.11133000000001,
            12.950380000000001
          ],
          [
            80.11056,
            12.950140000000001
          ],
          [
            80.11024,
            12.950040000000001
          ],
          [
            80.10994000000001,
            12.94992
          ],
          [
            80.10973000000001,
            12.94983
          ],
          [
            80.10952,
            12.949720000000001
          ],
          [
            80.10925,
            12.949560000000002
          ],
          [
            80.10894,
            12.94935
          ],
          [
            80.10872,
            12.949190000000002
          ],
          [
            80.10853,
            12.949010000000001
          ],
          [
            80.10834000000001,
            12.948820000000001
          ],
          [
            80.10812,
            12.948570000000002
          ],
          [
            80.10791,
            12.948290000000002
          ],
          [
            80.10775000000001,
            12.94805
          ],
          [
            80.10738,
            12.947370000000001
          ],
          [
            80.10706,
            12.946760000000001
          ],
          [
            80.10673000000001,
            12.94616
          ],
          [
            80.10650000000001,
            12.945730000000001
          ],
          [
            80.10627000000001,
            12.945290000000002
          ],
          [
            80.10603,
            12.94485
          ],
          [
            80.10575,
            12.94433
          ],
          [
            80.10531,
            12.943550000000002
          ],
          [
            80.10511000000001,
            12.94325
          ],
          [
            80.10494000000001,
            12.94303
          ],
          [
            80.10482,
            12.942900000000002
          ],
          [
            80.10448000000001,
            12.942580000000001
          ],
          [
            80.10408000000001,
            12.94228
          ],
          [
            80.10359000000001,
            12.941920000000001
          ],
          [
            80.10310000000001,
            12.94156
          ],
          [
            80.10237000000001,
            12.941040000000001
          ],
          [
            80.10181,
            12.94063
          ],
          [
            80.1015,
            12.940370000000001
          ],
          [
            80.10123,
            12.94012
          ],
          [
            80.10086000000001,
            12.939750000000002
          ],
          [
            80.10055000000001,
            12.939340000000001
          ],
          [
            80.1003,
            12.93899
          ],
          [
            80.10006000000001,
            12.93857
          ],
          [
            80.09983000000001,
            12.93809
          ],
          [
            80.09972,
            12.93781
          ],
          [
            80.09964000000001,
            12.937590000000002
          ],
          [
            80.09955000000001,
            12.937270000000002
          ],
          [
            80.09943000000001,
            12.936770000000001
          ],
          [
            80.09934000000001,
            12.936060000000001
          ],
          [
            80.09933000000001,
            12.9359
          ],
          [
            80.09934000000001,
            12.935270000000001
          ],
          [
            80.09943000000001,
            12.93438
          ],
          [
            80.09951000000001,
            12.93349
          ],
          [
            80.09959,
            12.9326
          ],
          [
            80.09968,
            12.93172
          ],
          [
            80.09977,
            12.93083
          ],
          [
            80.09986,
            12.929950000000002
          ],
          [
            80.09995,
            12.929060000000002
          ],
          [
            80.10003,
            12.928180000000001
          ],
          [
            80.10012,
            12.9273
          ],
          [
            80.10017,
            12.92678
          ],
          [
            80.10023000000001,
            12.926260000000001
          ],
          [
            80.10029,
            12.925680000000002
          ],
          [
            80.10036000000001,
            12.92509
          ],
          [
            80.10046000000001,
            12.924330000000001
          ],
          [
            80.10056,
            12.923560000000002
          ],
          [
            80.10066,
            12.92279
          ],
          [
            80.10068000000001,
            12.92266
          ],
          [
            80.10052,
            12.92265
          ],
          [
            80.10051,
            12.92275
          ],
          [
            80.10041000000001,
            12.92351
          ],
          [
            80.10032000000001,
            12.924270000000002
          ],
          [
            80.10022000000001,
            12.925040000000001
          ],
          [
            80.10013000000001,
            12.92576
          ],
          [
            80.10004,
            12.926480000000002
          ],
          [
            80.10000000000001,
            12.926990000000002
          ],
          [
            80.09995,
            12.9275
          ],
          [
            80.09988000000001,
            12.92825
          ],
          [
            80.09981,
            12.92899
          ],
          [
            80.09973000000001,
            12.92974
          ],
          [
            80.09968,
            12.930230000000002
          ],
          [
            80.09964000000001,
            12.93072
          ],
          [
            80.09956000000001,
            12.931420000000001
          ],
          [
            80.09949,
            12.93213
          ],
          [
            80.09941,
            12.93294
          ],
          [
            80.09933000000001,
            12.933750000000002
          ],
          [
            80.09926,
            12.934550000000002
          ],
          [
            80.09918,
            12.935360000000001
          ],
          [
            80.09918,
            12.93584
          ],
          [
            80.09923,
            12.936300000000001
          ],
          [
            80.09928000000001,
            12.936750000000002
          ],
          [
            80.09942000000001,
            12.93739
          ],
          [
            80.09952000000001,
            12.937700000000001
          ],
          [
            80.09968,
            12.938110000000002
          ],
          [
            80.09996000000001,
            12.938690000000001
          ],
          [
            80.10016,
            12.939050000000002
          ],
          [
            80.10044,
            12.93945
          ],
          [
            80.10072000000001,
            12.939800000000002
          ],
          [
            80.10135000000001,
            12.940430000000001
          ],
          [
            80.10164,
            12.94068
          ],
          [
            80.10220000000001,
            12.94109
          ],
          [
            80.10277,
            12.941500000000001
          ],
          [
            80.10333,
            12.941920000000001
          ],
          [
            80.10390000000001,
            12.942330000000002
          ],
          [
            80.10430000000001,
            12.94264
          ],
          [
            80.10457000000001,
            12.942870000000001
          ],
          [
            80.10478,
            12.94307
          ],
          [
            80.10498000000001,
            12.943320000000002
          ],
          [
            80.10527,
            12.943760000000001
          ],
          [
            80.10565000000001,
            12.94448
          ],
          [
            80.10604000000001,
            12.945200000000002
          ],
          [
            80.10643,
            12.945920000000001
          ],
          [
            80.10682000000001,
            12.94664
          ],
          [
            80.10721000000001,
            12.947370000000001
          ],
          [
            80.10761000000001,
            12.948110000000002
          ],
          [
            80.10786,
            12.94847
          ],
          [
            80.10802000000001,
            12.948680000000001
          ],
          [
            80.10822,
            12.948910000000001
          ],
          [
            80.10838000000001,
            12.94908
          ],
          [
            80.10857,
            12.949250000000001
          ],
          [
            80.10881,
            12.949430000000001
          ],
          [
            80.10912,
            12.949650000000002
          ],
          [
            80.10941000000001,
            12.94983
          ],
          [
            80.10969,
            12.94997
          ],
          [
            80.11004000000001,
            12.950120000000002
          ],
          [
            80.11033,
            12.950230000000001
          ],
          [
            80.11110000000001,
            12.950460000000001
          ],
          [
            80.11187000000001,
            12.950690000000002
          ],
          [
            80.11263000000001,
            12.950920000000002
          ],
          [
            80.11340000000001,
            12.951150000000002
          ],
          [
            80.114,
            12.95132
          ],
          [
            80.11471,
            12.951540000000001
          ],
          [
            80.11541000000001,
            12.95175
          ],
          [
            80.11586000000001,
            12.95189
          ],
          [
            80.11629,
            12.952060000000001
          ],
          [
            80.11682,
            12.95231
          ],
          [
            80.11715000000001,
            12.95251
          ],
          [
            80.11755000000001,
            12.95283
          ],
          [
            80.11784,
            12.953100000000001
          ],
          [
            80.11808,
            12.953360000000002
          ],
          [
            80.1183,
            12.95363
          ],
          [
            80.11848,
            12.953930000000001
          ],
          [
            80.11865,
            12.95428
          ],
          [
            80.11880000000001,
            12.954690000000001
          ],
          [
            80.11889000000001,
            12.95498
          ],
          [
            80.11895000000001,
            12.95523
          ],
          [
            80.11903000000001,
            12.95564
          ],
          [
            80.11906,
            12.95583
          ],
          [
            80.11906,
            12.956100000000001
          ],
          [
            80.11907000000001,
            12.95687
          ],
          [
            80.11909,
            12.95766
          ],
          [
            80.1191,
            12.95818
          ],
          [
            80.11913000000001,
            12.95874
          ],
          [
            80.11916000000001,
            12.9593
          ],
          [
            80.11917000000001,
            12.96014
          ],
          [
            80.11915,
            12.960730000000002
          ],
          [
            80.11913000000001,
            12.961310000000001
          ],
          [
            80.11909,
            12.961810000000002
          ],
          [
            80.11906,
            12.96231
          ],
          [
            80.11902,
            12.9631
          ],
          [
            80.11898000000001,
            12.963890000000001
          ],
          [
            80.11894000000001,
            12.964680000000001
          ],
          [
            80.11890000000001,
            12.965470000000002
          ],
          [
            80.11888,
            12.965770000000001
          ],
          [
            80.11884,
            12.966560000000001
          ],
          [
            80.11880000000001,
            12.967350000000001
          ],
          [
            80.11876000000001,
            12.968140000000002
          ],
          [
            80.11871000000001,
            12.96893
          ],
          [
            80.11867000000001,
            12.96973
          ],
          [
            80.11863000000001,
            12.97052
          ],
          [
            80.11859000000001,
            12.97131
          ],
          [
            80.11856,
            12.972130000000002
          ],
          [
            80.11858000000001,
            12.97235
          ],
          [
            80.11861,
            12.972690000000002
          ],
          [
            80.11865,
            12.97295
          ],
          [
            80.11871000000001,
            12.97324
          ],
          [
            80.11890000000001,
            12.973930000000001
          ],
          [
            80.11908000000001,
            12.974620000000002
          ],
          [
            80.11927,
            12.97531
          ],
          [
            80.11946,
            12.97601
          ],
          [
            80.11964,
            12.976640000000002
          ],
          [
            80.11982,
            12.97727
          ],
          [
            80.12,
            12.977900000000002
          ],
          [
            80.12021,
            12.978710000000001
          ],
          [
            80.12034000000001,
            12.979190000000001
          ],
          [
            80.12048,
            12.97967
          ],
          [
            80.12053,
            12.979980000000001
          ],
          [
            80.12059,
            12.980820000000001
          ],
          [
            80.12064000000001,
            12.981660000000002
          ],
          [
            80.12069000000001,
            12.98249
          ],
          [
            80.12074000000001,
            12.983340000000002
          ],
          [
            80.12078000000001,
            12.98418
          ],
          [
            80.12082000000001,
            12.984990000000002
          ],
          [
            80.12085,
            12.98553
          ],
          [
            80.12088,
            12.986250000000002
          ],
          [
            80.12093,
            12.9868
          ],
          [
            80.12098,
            12.987340000000001
          ],
          [
            80.12104000000001,
            12.987960000000001
          ],
          [
            80.12113000000001,
            12.988790000000002
          ],
          [
            80.12121,
            12.98962
          ],
          [
            80.12129,
            12.99036
          ],
          [
            80.12138,
            12.991100000000001
          ],
          [
            80.12147,
            12.991840000000002
          ],
          [
            80.12156,
            12.99258
          ],
          [
            80.12164000000001,
            12.99332
          ],
          [
            80.1217,
            12.99369
          ],
          [
            80.12175,
            12.99393
          ],
          [
            80.12188,
            12.99435
          ],
          [
            80.12198000000001,
            12.99459
          ],
          [
            80.12213000000001,
            12.994900000000001
          ],
          [
            80.12233,
            12.99524
          ],
          [
            80.12269,
            12.995780000000002
          ],
          [
            80.12313,
            12.99647
          ],
          [
            80.12357,
            12.997160000000001
          ],
          [
            80.12401000000001,
            12.997850000000001
          ],
          [
            80.12442,
            12.99848
          ],
          [
            80.12482,
            12.999120000000001
          ],
          [
            80.12523,
            12.99975
          ],
          [
            80.12564,
            13.000380000000002
          ],
          [
            80.12589000000001,
            13.00079
          ],
          [
            80.12615000000001,
            13.0012
          ],
          [
            80.1264,
            13.00163
          ],
          [
            80.12656000000001,
            13.00201
          ],
          [
            80.12673000000001,
            13.00242
          ],
          [
            80.12698,
            13.00318
          ],
          [
            80.12706,
            13.003670000000001
          ],
          [
            80.12713000000001,
            13.004150000000001
          ],
          [
            80.12716,
            13.004740000000002
          ],
          [
            80.12717,
            13.005260000000002
          ],
          [
            80.12718000000001,
            13.005770000000002
          ],
          [
            80.1272,
            13.00651
          ],
          [
            80.12723000000001,
            13.00725
          ],
          [
            80.12725,
            13.007990000000001
          ],
          [
            80.12727000000001,
            13.008730000000002
          ],
          [
            80.12727000000001,
            13.009260000000001
          ],
          [
            80.12727000000001,
            13.009780000000001
          ],
          [
            80.12728000000001,
            13.010290000000001
          ],
          [
            80.12729,
            13.010790000000002
          ],
          [
            80.12735,
            13.01135
          ],
          [
            80.12738,
            13.01157
          ],
          [
            80.12746000000001,
            13.011920000000002
          ],
          [
            80.1276,
            13.01237
          ],
          [
            80.12776000000001,
            13.012780000000001
          ],
          [
            80.12793,
            13.013100000000001
          ],
          [
            80.1282,
            13.01355
          ],
          [
            80.12849000000001,
            13.01396
          ],
          [
            80.12878,
            13.014260000000002
          ],
          [
            80.12920000000001,
            13.01467
          ],
          [
            80.12955000000001,
            13.014940000000001
          ],
          [
            80.13023000000001,
            13.015460000000001
          ],
          [
            80.13090000000001,
            13.01598
          ],
          [
            80.13112000000001,
            13.016140000000002
          ],
          [
            80.13155,
            13.016470000000002
          ],
          [
            80.13197000000001,
            13.01679
          ],
          [
            80.1324,
            13.017140000000001
          ],
          [
            80.13293,
            13.01762
          ],
          [
            80.13356,
            13.01819
          ],
          [
            80.13419,
            13.018770000000002
          ],
          [
            80.13454,
            13.01908
          ],
          [
            80.13488000000001,
            13.019390000000001
          ],
          [
            80.13548,
            13.01992
          ],
          [
            80.13605000000001,
            13.020380000000001
          ],
          [
            80.13637000000001,
            13.02064
          ],
          [
            80.13663000000001,
            13.020850000000001
          ],
          [
            80.1372,
            13.021310000000001
          ],
          [
            80.13777,
            13.021770000000002
          ],
          [
            80.13835,
            13.02223
          ],
          [
            80.13874000000001,
            13.022570000000002
          ],
          [
            80.13924,
            13.02294
          ],
          [
            80.13966,
            13.023270000000002
          ],
          [
            80.14005,
            13.023620000000001
          ],
          [
            80.14044000000001,
            13.02396
          ],
          [
            80.14071000000001,
            13.024170000000002
          ],
          [
            80.14127,
            13.02462
          ],
          [
            80.14183000000001,
            13.025070000000001
          ],
          [
            80.14239,
            13.02551
          ],
          [
            80.14295000000001,
            13.025960000000001
          ],
          [
            80.14361000000001,
            13.02649
          ],
          [
            80.14427,
            13.027030000000002
          ],
          [
            80.14494,
            13.027560000000001
          ],
          [
            80.1456,
            13.0281
          ],
          [
            80.14613000000001,
            13.02856
          ],
          [
            80.14649,
            13.02889
          ],
          [
            80.14676,
            13.029190000000002
          ],
          [
            80.14696,
            13.029420000000002
          ],
          [
            80.14727,
            13.029810000000001
          ],
          [
            80.14762,
            13.03034
          ],
          [
            80.14786000000001,
            13.030730000000002
          ],
          [
            80.1482,
            13.031390000000002
          ],
          [
            80.14840000000001,
            13.03184
          ],
          [
            80.14857,
            13.032300000000001
          ],
          [
            80.14869,
            13.03269
          ],
          [
            80.14884,
            13.03325
          ],
          [
            80.14891,
            13.033660000000001
          ],
          [
            80.14898000000001,
            13.034250000000002
          ],
          [
            80.14901,
            13.034780000000001
          ],
          [
            80.14903000000001,
            13.035300000000001
          ],
          [
            80.14905,
            13.03579
          ],
          [
            80.14907000000001,
            13.036280000000001
          ],
          [
            80.14911000000001,
            13.036900000000001
          ],
          [
            80.14915,
            13.03752
          ],
          [
            80.14919,
            13.03813
          ],
          [
            80.14923,
            13.03898
          ],
          [
            80.14928,
            13.03983
          ],
          [
            80.14933,
            13.040680000000002
          ],
          [
            80.14937,
            13.041530000000002
          ],
          [
            80.14942,
            13.042380000000001
          ],
          [
            80.14941,
            13.042610000000002
          ],
          [
            80.14941,
            13.043030000000002
          ],
          [
            80.14944000000001,
            13.04357
          ],
          [
            80.14949,
            13.0441
          ],
          [
            80.14953000000001,
            13.044770000000002
          ],
          [
            80.14956000000001,
            13.045350000000001
          ],
          [
            80.14959,
            13.046000000000001
          ],
          [
            80.14945,
            13.046000000000001
          ],
          [
            80.14909,
            13.04602
          ],
          [
            80.14851,
            13.045960000000001
          ],
          [
            80.14832000000001,
            13.045940000000002
          ],
          [
            80.14818000000001,
            13.045950000000001
          ],
          [
            80.14788,
            13.045950000000001
          ],
          [
            80.14734,
            13.04592
          ],
          [
            80.14713,
            13.045900000000001
          ],
          [
            80.14685,
            13.04588
          ],
          [
            80.14635000000001,
            13.045850000000002
          ],
          [
            80.14590000000001,
            13.045850000000002
          ],
          [
            80.14566,
            13.045840000000002
          ],
          [
            80.14578,
            13.045570000000001
          ],
          [
            80.14584,
            13.0454
          ],
          [
            80.14588,
            13.045300000000001
          ],
          [
            80.14591,
            13.045190000000002
          ],
          [
            80.14592,
            13.04507
          ],
          [
            80.14596,
            13.04465
          ],
          [
            80.14598000000001,
            13.04419
          ],
          [
            80.14599000000001,
            13.04381
          ],
          [
            80.14601,
            13.043640000000002
          ],
          [
            80.14613000000001,
            13.043180000000001
          ],
          [
            80.14627,
            13.042480000000001
          ],
          [
            80.14635000000001,
            13.04217
          ],
          [
            80.14637,
            13.042110000000001
          ],
          [
            80.14645,
            13.041820000000001
          ],
          [
            80.14648000000001,
            13.041620000000002
          ],
          [
            80.14649,
            13.04128
          ],
          [
            80.14647000000001,
            13.040510000000001
          ],
          [
            80.14646,
            13.040090000000001
          ],
          [
            80.14647000000001,
            13.039670000000001
          ],
          [
            80.14649,
            13.038920000000001
          ],
          [
            80.14649,
            13.03828
          ],
          [
            80.14647000000001,
            13.03804
          ],
          [
            80.14642,
            13.03753
          ],
          [
            80.14642,
            13.03725
          ],
          [
            80.14647000000001,
            13.036890000000001
          ],
          [
            80.14646,
            13.036690000000002
          ],
          [
            80.14648000000001,
            13.036290000000001
          ],
          [
            80.14647000000001,
            13.036180000000002
          ],
          [
            80.14575,
            13.036270000000002
          ],
          [
            80.14552,
            13.0363
          ],
          [
            80.14544000000001,
            13.03631
          ],
          [
            80.14483000000001,
            13.0364
          ],
          [
            80.14422,
            13.03649
          ],
          [
            80.14361000000001,
            13.03658
          ],
          [
            80.14274,
            13.036700000000002
          ],
          [
            80.14252,
            13.03673
          ],
          [
            80.14242,
            13.036750000000001
          ],
          [
            80.14232000000001,
            13.036760000000001
          ],
          [
            80.14159000000001,
            13.03687
          ],
          [
            80.14087,
            13.036970000000002
          ],
          [
            80.14014,
            13.037080000000001
          ],
          [
            80.14009,
            13.037090000000001
          ],
          [
            80.1396,
            13.037160000000002
          ],
          [
            80.13926000000001,
            13.037220000000001
          ],
          [
            80.13917000000001,
            13.037230000000001
          ],
          [
            80.13903,
            13.03725
          ],
          [
            80.13845,
            13.03733
          ],
          [
            80.13795,
            13.03738
          ],
          [
            80.13744000000001,
            13.037440000000002
          ],
          [
            80.13694000000001,
            13.037510000000001
          ],
          [
            80.13691,
            13.03701
          ],
          [
            80.13692,
            13.036930000000002
          ],
          [
            80.13693,
            13.036880000000002
          ],
          [
            80.13695000000001,
            13.036850000000001
          ],
          [
            80.13697,
            13.036810000000001
          ],
          [
            80.13701,
            13.036760000000001
          ],
          [
            80.13703000000001,
            13.036710000000001
          ],
          [
            80.13704000000001,
            13.03667
          ],
          [
            80.13704000000001,
            13.036610000000001
          ],
          [
            80.13699000000001,
            13.036180000000002
          ],
          [
            80.13694000000001,
            13.035810000000001
          ],
          [
            80.13689000000001,
            13.03536
          ],
          [
            80.13686000000001,
            13.035110000000001
          ],
          [
            80.13680000000001,
            13.034720000000002
          ],
          [
            80.13669,
            13.03429
          ],
          [
            80.13666,
            13.034180000000001
          ],
          [
            80.13661,
            13.03409
          ],
          [
            80.13657,
            13.034020000000002
          ],
          [
            80.13647,
            13.03391
          ],
          [
            80.13642,
            13.033880000000002
          ],
          [
            80.13635000000001,
            13.033840000000001
          ],
          [
            80.13588,
            13.03359
          ],
          [
            80.13541000000001,
            13.03335
          ],
          [
            80.1353,
            13.033290000000001
          ],
          [
            80.13518,
            13.033220000000002
          ],
          [
            80.13515000000001,
            13.033180000000002
          ],
          [
            80.13511000000001,
            13.03311
          ],
          [
            80.13498000000001,
            13.03283
          ],
          [
            80.1349,
            13.03264
          ],
          [
            80.13480000000001,
            13.03237
          ],
          [
            80.13466000000001,
            13.031960000000002
          ],
          [
            80.13458,
            13.031730000000001
          ],
          [
            80.13444000000001,
            13.031310000000001
          ],
          [
            80.13433,
            13.031
          ],
          [
            80.13417000000001,
            13.030520000000001
          ],
          [
            80.13406,
            13.030230000000001
          ],
          [
            80.13391,
            13.029890000000002
          ],
          [
            80.13366,
            13.029480000000001
          ],
          [
            80.13355,
            13.029290000000001
          ],
          [
            80.13348,
            13.029230000000002
          ],
          [
            80.13342,
            13.02917
          ],
          [
            80.13324,
            13.02907
          ],
          [
            80.13305000000001,
            13.028950000000002
          ],
          [
            80.13301000000001,
            13.028900000000002
          ],
          [
            80.13297,
            13.028810000000002
          ],
          [
            80.13296000000001,
            13.028590000000001
          ],
          [
            80.13296000000001,
            13.028480000000002
          ],
          [
            80.13296000000001,
            13.028260000000001
          ],
          [
            80.13296000000001,
            13.028200000000002
          ],
          [
            80.13297,
            13.027840000000001
          ],
          [
            80.13297,
            13.02767
          ],
          [
            80.13297,
            13.027270000000001
          ],
          [
            80.13298,
            13.02697
          ],
          [
            80.13298,
            13.02668
          ],
          [
            80.13297,
            13.026530000000001
          ],
          [
            80.13297,
            13.026200000000001
          ],
          [
            80.13296000000001,
            13.025900000000002
          ],
          [
            80.13296000000001,
            13.025300000000001
          ],
          [
            80.13297,
            13.024420000000001
          ],
          [
            80.13297,
            13.02425
          ],
          [
            80.13295000000001,
            13.024030000000002
          ],
          [
            80.13295000000001,
            13.023940000000001
          ],
          [
            80.13293,
            13.02372
          ],
          [
            80.13293,
            13.023560000000002
          ],
          [
            80.13292000000001,
            13.023380000000001
          ],
          [
            80.13289,
            13.02317
          ],
          [
            80.13288,
            13.023100000000001
          ],
          [
            80.13288,
            13.02294
          ],
          [
            80.13288,
            13.02283
          ],
          [
            80.13286000000001,
            13.02261
          ],
          [
            80.13284,
            13.022200000000002
          ],
          [
            80.13283000000001,
            13.02204
          ],
          [
            80.13282000000001,
            13.02161
          ],
          [
            80.13279,
            13.021160000000002
          ],
          [
            80.1328,
            13.0204
          ],
          [
            80.13332000000001,
            13.02044
          ],
          [
            80.13338,
            13.02045
          ],
          [
            80.13341000000001,
            13.02045
          ],
          [
            80.13338,
            13.02045
          ],
          [
            80.13332000000001,
            13.02044
          ],
          [
            80.1328,
            13.0204
          ],
          [
            80.13248,
            13.02039
          ],
          [
            80.13211000000001,
            13.020370000000002
          ],
          [
            80.13193000000001,
            13.020370000000002
          ],
          [
            80.13179000000001,
            13.020380000000001
          ],
          [
            80.13159,
            13.020380000000001
          ],
          [
            80.13143000000001,
            13.020380000000001
          ],
          [
            80.13063000000001,
            13.02039
          ],
          [
            80.13042,
            13.020380000000001
          ],
          [
            80.13037000000001,
            13.020370000000002
          ],
          [
            80.1302,
            13.02035
          ],
          [
            80.13007,
            13.020340000000001
          ],
          [
            80.12981,
            13.020360000000002
          ],
          [
            80.12945,
            13.0204
          ],
          [
            80.12923,
            13.020410000000002
          ],
          [
            80.12898000000001,
            13.020420000000001
          ],
          [
            80.12847000000001,
            13.02045
          ],
          [
            80.12838,
            13.020460000000002
          ],
          [
            80.12831000000001,
            13.0205
          ],
          [
            80.12824,
            13.020550000000002
          ],
          [
            80.12813000000001,
            13.02064
          ],
          [
            80.12803000000001,
            13.02078
          ],
          [
            80.12799000000001,
            13.02082
          ],
          [
            80.12793,
            13.020850000000001
          ],
          [
            80.12737000000001,
            13.02096
          ],
          [
            80.12691000000001,
            13.021040000000001
          ],
          [
            80.1269,
            13.020990000000001
          ],
          [
            80.12691000000001,
            13.021040000000001
          ],
          [
            80.12665000000001,
            13.021080000000001
          ],
          [
            80.12634000000001,
            13.02101
          ],
          [
            80.12608,
            13.020970000000002
          ],
          [
            80.12597000000001,
            13.02096
          ],
          [
            80.12578,
            13.020970000000002
          ],
          [
            80.12533,
            13.02101
          ],
          [
            80.12493,
            13.021070000000002
          ],
          [
            80.12478,
            13.0211
          ],
          [
            80.12459000000001,
            13.02114
          ],
          [
            80.12426,
            13.021180000000001
          ],
          [
            80.12382000000001,
            13.02128
          ],
          [
            80.12374000000001,
            13.02129
          ],
          [
            80.1235,
            13.02139
          ],
          [
            80.12299,
            13.021640000000001
          ],
          [
            80.12244000000001,
            13.021840000000001
          ],
          [
            80.12232,
            13.021880000000001
          ],
          [
            80.12188,
            13.022010000000002
          ],
          [
            80.12144,
            13.02213
          ],
          [
            80.12127000000001,
            13.022160000000001
          ],
          [
            80.12085,
            13.022240000000002
          ],
          [
            80.1208,
            13.022250000000001
          ],
          [
            80.12007000000001,
            13.022290000000002
          ],
          [
            80.11992000000001,
            13.02232
          ],
          [
            80.11973,
            13.02236
          ],
          [
            80.1192,
            13.02261
          ],
          [
            80.11895000000001,
            13.022780000000001
          ],
          [
            80.11877000000001,
            13.022900000000002
          ],
          [
            80.11850000000001,
            13.023090000000002
          ],
          [
            80.11842,
            13.02312
          ],
          [
            80.1179,
            13.023320000000002
          ],
          [
            80.11774000000001,
            13.023380000000001
          ],
          [
            80.11758,
            13.023460000000002
          ],
          [
            80.11743000000001,
            13.023600000000002
          ],
          [
            80.11733000000001,
            13.023760000000001
          ],
          [
            80.11728000000001,
            13.023840000000002
          ],
          [
            80.11723,
            13.023900000000001
          ],
          [
            80.11714,
            13.02396
          ],
          [
            80.11696,
            13.02405
          ],
          [
            80.11673,
            13.024080000000001
          ],
          [
            80.11639000000001,
            13.024090000000001
          ],
          [
            80.11616000000001,
            13.024140000000001
          ],
          [
            80.11604000000001,
            13.024180000000001
          ],
          [
            80.116,
            13.024220000000001
          ],
          [
            80.11597,
            13.024260000000002
          ],
          [
            80.11595000000001,
            13.024320000000001
          ],
          [
            80.11594000000001,
            13.024400000000002
          ],
          [
            80.11598000000001,
            13.024560000000001
          ],
          [
            80.11604000000001,
            13.024780000000002
          ],
          [
            80.11604000000001,
            13.02481
          ],
          [
            80.11605,
            13.024830000000001
          ],
          [
            80.11604000000001,
            13.024880000000001
          ],
          [
            80.116,
            13.02495
          ],
          [
            80.11596,
            13.025010000000002
          ],
          [
            80.11586000000001,
            13.02508
          ],
          [
            80.11573000000001,
            13.02513
          ],
          [
            80.11512,
            13.025290000000002
          ],
          [
            80.11496000000001,
            13.025310000000001
          ],
          [
            80.11466,
            13.02527
          ],
          [
            80.11457,
            13.02527
          ],
          [
            80.11436,
            13.02532
          ],
          [
            80.11410000000001,
            13.025450000000001
          ],
          [
            80.11367000000001,
            13.025590000000001
          ],
          [
            80.11355,
            13.025630000000001
          ],
          [
            80.11340000000001,
            13.025680000000001
          ],
          [
            80.11333,
            13.02569
          ],
          [
            80.11319,
            13.025670000000002
          ],
          [
            80.11305,
            13.025640000000001
          ],
          [
            80.11292,
            13.025620000000002
          ],
          [
            80.11283,
            13.025620000000002
          ],
          [
            80.11217,
            13.025830000000001
          ],
          [
            80.11197,
            13.02588
          ],
          [
            80.11178000000001,
            13.02594
          ],
          [
            80.11155000000001,
            13.026000000000002
          ],
          [
            80.11138000000001,
            13.026100000000001
          ],
          [
            80.11126,
            13.026240000000001
          ],
          [
            80.11108,
            13.02655
          ],
          [
            80.11085000000001,
            13.026940000000002
          ],
          [
            80.11081,
            13.02701
          ],
          [
            80.11079000000001,
            13.027050000000001
          ],
          [
            80.11074,
            13.027090000000001
          ],
          [
            80.11080000000001,
            13.027190000000001
          ],
          [
            80.11099,
            13.02752
          ],
          [
            80.11111000000001,
            13.02772
          ],
          [
            80.11116000000001,
            13.027840000000001
          ],
          [
            80.11120000000001,
            13.02795
          ],
          [
            80.11123,
            13.02832
          ],
          [
            80.11125000000001,
            13.0287
          ],
          [
            80.11122,
            13.02927
          ],
          [
            80.11121,
            13.02945
          ],
          [
            80.11120000000001,
            13.02974
          ],
          [
            80.11120000000001,
            13.030100000000001
          ],
          [
            80.11120000000001,
            13.030750000000001
          ],
          [
            80.11117,
            13.03115
          ],
          [
            80.11113,
            13.031400000000001
          ],
          [
            80.11111000000001,
            13.031530000000002
          ],
          [
            80.11110000000001,
            13.031720000000002
          ],
          [
            80.11110000000001,
            13.032090000000002
          ],
          [
            80.11112,
            13.032300000000001
          ],
          [
            80.11119000000001,
            13.03259
          ],
          [
            80.11128000000001,
            13.032950000000001
          ],
          [
            80.11133000000001,
            13.033130000000002
          ],
          [
            80.11137000000001,
            13.033290000000001
          ],
          [
            80.11142000000001,
            13.03345
          ],
          [
            80.11145,
            13.033550000000002
          ],
          [
            80.11158,
            13.033900000000001
          ],
          [
            80.11163,
            13.033880000000002
          ],
          [
            80.11148,
            13.03345
          ],
          [
            80.11138000000001,
            13.03311
          ],
          [
            80.11137000000001,
            13.033080000000002
          ],
          [
            80.11133000000001,
            13.032950000000001
          ],
          [
            80.11124000000001,
            13.032570000000002
          ],
          [
            80.11118,
            13.032290000000001
          ],
          [
            80.11112,
            13.032300000000001
          ],
          [
            80.11119000000001,
            13.03259
          ],
          [
            80.11128000000001,
            13.032950000000001
          ],
          [
            80.11133000000001,
            13.033130000000002
          ],
          [
            80.11137000000001,
            13.033290000000001
          ],
          [
            80.11142000000001,
            13.03345
          ],
          [
            80.11145,
            13.033550000000002
          ],
          [
            80.11158,
            13.033900000000001
          ],
          [
            80.11172,
            13.03433
          ],
          [
            80.11181,
            13.034630000000002
          ],
          [
            80.11206,
            13.035440000000001
          ],
          [
            80.11214000000001,
            13.0357
          ],
          [
            80.11233,
            13.036280000000001
          ],
          [
            80.11247,
            13.03672
          ],
          [
            80.11264000000001,
            13.037130000000001
          ],
          [
            80.11287,
            13.03766
          ],
          [
            80.1131,
            13.038190000000002
          ],
          [
            80.11329,
            13.03861
          ],
          [
            80.11347,
            13.039040000000002
          ],
          [
            80.11355,
            13.03921
          ],
          [
            80.11363,
            13.039410000000002
          ],
          [
            80.11380000000001,
            13.039790000000002
          ],
          [
            80.11392000000001,
            13.0401
          ],
          [
            80.114,
            13.0403
          ],
          [
            80.11414,
            13.040700000000001
          ],
          [
            80.1143,
            13.041160000000001
          ],
          [
            80.11437000000001,
            13.041310000000001
          ],
          [
            80.11441,
            13.041350000000001
          ],
          [
            80.11448,
            13.041390000000002
          ],
          [
            80.11473000000001,
            13.041490000000001
          ],
          [
            80.11484,
            13.04155
          ],
          [
            80.1149,
            13.041590000000001
          ],
          [
            80.11494,
            13.041540000000001
          ],
          [
            80.11488000000001,
            13.041500000000001
          ],
          [
            80.11476,
            13.041450000000001
          ],
          [
            80.11461000000001,
            13.041390000000002
          ],
          [
            80.11452000000001,
            13.041350000000001
          ],
          [
            80.11445,
            13.041310000000001
          ],
          [
            80.11442000000001,
            13.04128
          ],
          [
            80.11441,
            13.041260000000001
          ],
          [
            80.11437000000001,
            13.041310000000001
          ],
          [
            80.11441,
            13.041350000000001
          ],
          [
            80.11448,
            13.041390000000002
          ],
          [
            80.11473000000001,
            13.041490000000001
          ],
          [
            80.11484,
            13.04155
          ],
          [
            80.1149,
            13.041590000000001
          ],
          [
            80.11492000000001,
            13.041620000000002
          ],
          [
            80.11494,
            13.0417
          ],
          [
            80.11497,
            13.041870000000001
          ],
          [
            80.11510000000001,
            13.04231
          ],
          [
            80.11525,
            13.042840000000002
          ],
          [
            80.11529,
            13.043050000000001
          ],
          [
            80.11528000000001,
            13.0431
          ],
          [
            80.11526,
            13.043140000000001
          ],
          [
            80.11521,
            13.043220000000002
          ],
          [
            80.11507,
            13.043400000000002
          ],
          [
            80.11506,
            13.043510000000001
          ],
          [
            80.11507,
            13.043560000000001
          ],
          [
            80.11510000000001,
            13.043640000000002
          ],
          [
            80.11516,
            13.043780000000002
          ],
          [
            80.11537000000001,
            13.04418
          ],
          [
            80.11549000000001,
            13.04443
          ],
          [
            80.11555000000001,
            13.04456
          ],
          [
            80.11559000000001,
            13.044670000000002
          ],
          [
            80.11561,
            13.04475
          ],
          [
            80.11563000000001,
            13.044920000000001
          ],
          [
            80.11544,
            13.044950000000002
          ],
          [
            80.11518000000001,
            13.04504
          ],
          [
            80.1148,
            13.045190000000002
          ],
          [
            80.11431,
            13.045330000000002
          ],
          [
            80.11369,
            13.04555
          ],
          [
            80.11362000000001,
            13.045570000000001
          ],
          [
            80.11335000000001,
            13.045660000000002
          ],
          [
            80.11292,
            13.045800000000002
          ],
          [
            80.11288,
            13.04578
          ],
          [
            80.11292,
            13.045800000000002
          ],
          [
            80.11254000000001,
            13.04592
          ],
          [
            80.11213000000001,
            13.046100000000001
          ],
          [
            80.11173000000001,
            13.046310000000002
          ],
          [
            80.11144,
            13.04644
          ],
          [
            80.11119000000001,
            13.046550000000002
          ],
          [
            80.11115000000001,
            13.046560000000001
          ],
          [
            80.11062000000001,
            13.046790000000001
          ],
          [
            80.11008000000001,
            13.047020000000002
          ],
          [
            80.10975,
            13.04718
          ],
          [
            80.10959000000001,
            13.047260000000001
          ],
          [
            80.10926,
            13.047440000000002
          ],
          [
            80.10908,
            13.047550000000001
          ],
          [
            80.10901000000001,
            13.047590000000001
          ],
          [
            80.10894,
            13.047640000000001
          ],
          [
            80.10863,
            13.04785
          ],
          [
            80.10838000000001,
            13.048000000000002
          ],
          [
            80.10793000000001,
            13.048250000000001
          ],
          [
            80.10734000000001,
            13.04855
          ],
          [
            80.10711,
            13.048670000000001
          ],
          [
            80.10690000000001,
            13.048750000000002
          ],
          [
            80.1068,
            13.04878
          ],
          [
            80.10617,
            13.04901
          ],
          [
            80.10612,
            13.049030000000002
          ],
          [
            80.10564000000001,
            13.049190000000001
          ],
          [
            80.10485000000001,
            13.049460000000002
          ],
          [
            80.10422000000001,
            13.049660000000001
          ],
          [
            80.10413000000001,
            13.04968
          ],
          [
            80.10389,
            13.049700000000001
          ],
          [
            80.1037,
            13.049710000000001
          ],
          [
            80.10286,
            13.049690000000002
          ],
          [
            80.10247000000001,
            13.04967
          ],
          [
            80.10235,
            13.04967
          ],
          [
            80.10183,
            13.049650000000002
          ],
          [
            80.10147,
            13.04962
          ],
          [
            80.10107,
            13.049640000000002
          ],
          [
            80.1008,
            13.04967
          ],
          [
            80.10051,
            13.04973
          ],
          [
            80.1003,
            13.04981
          ],
          [
            80.09976,
            13.050030000000001
          ],
          [
            80.09922,
            13.050260000000002
          ],
          [
            80.09856,
            13.05038
          ],
          [
            80.09821000000001,
            13.05042
          ],
          [
            80.09777000000001,
            13.050490000000002
          ],
          [
            80.09727000000001,
            13.050580000000002
          ],
          [
            80.09677,
            13.05066
          ],
          [
            80.09652000000001,
            13.050690000000001
          ],
          [
            80.09585000000001,
            13.0508
          ],
          [
            80.09586,
            13.050910000000002
          ],
          [
            80.09592,
            13.0509
          ],
          [
            80.09623,
            13.05085
          ],
          [
            80.09679000000001,
            13.050770000000002
          ],
          [
            80.09728000000001,
            13.050680000000002
          ],
          [
            80.09727000000001,
            13.050580000000002
          ],
          [
            80.09677,
            13.05066
          ],
          [
            80.09652000000001,
            13.050690000000001
          ],
          [
            80.09585000000001,
            13.0508
          ],
          [
            80.09570000000001,
            13.05081
          ],
          [
            80.09540000000001,
            13.050820000000002
          ],
          [
            80.09509000000001,
            13.050830000000001
          ],
          [
            80.09469,
            13.050820000000002
          ],
          [
            80.09447,
            13.05081
          ],
          [
            80.09429,
            13.0508
          ],
          [
            80.09409000000001,
            13.050770000000002
          ],
          [
            80.09379000000001,
            13.050690000000001
          ],
          [
            80.09377,
            13.050680000000002
          ],
          [
            80.09366,
            13.050650000000001
          ],
          [
            80.09361000000001,
            13.050630000000002
          ],
          [
            80.09322,
            13.05048
          ],
          [
            80.09312000000001,
            13.05043
          ],
          [
            80.09296,
            13.050360000000001
          ],
          [
            80.09286,
            13.050320000000001
          ],
          [
            80.0926,
            13.050220000000001
          ],
          [
            80.09229,
            13.050110000000002
          ],
          [
            80.09183,
            13.050020000000002
          ],
          [
            80.09136000000001,
            13.04992
          ],
          [
            80.09082000000001,
            13.049830000000002
          ],
          [
            80.09028,
            13.049740000000002
          ],
          [
            80.08973,
            13.049610000000001
          ],
          [
            80.08926000000001,
            13.04949
          ],
          [
            80.08904000000001,
            13.04944
          ],
          [
            80.08863000000001,
            13.049330000000001
          ],
          [
            80.08833000000001,
            13.049230000000001
          ],
          [
            80.08801000000001,
            13.049130000000002
          ],
          [
            80.08769000000001,
            13.049040000000002
          ],
          [
            80.08755000000001,
            13.049030000000002
          ],
          [
            80.08754,
            13.049030000000002
          ],
          [
            80.08747000000001,
            13.04907
          ],
          [
            80.08723,
            13.049000000000001
          ],
          [
            80.087,
            13.048950000000001
          ],
          [
            80.08665,
            13.048900000000001
          ],
          [
            80.08611,
            13.04884
          ],
          [
            80.08556,
            13.04878
          ],
          [
            80.08513,
            13.04869
          ],
          [
            80.08446,
            13.04851
          ],
          [
            80.08433000000001,
            13.048470000000002
          ],
          [
            80.08405,
            13.048380000000002
          ],
          [
            80.08387,
            13.04832
          ],
          [
            80.08363000000001,
            13.04822
          ],
          [
            80.0836,
            13.048210000000001
          ],
          [
            80.08340000000001,
            13.048140000000002
          ],
          [
            80.08256,
            13.047830000000001
          ],
          [
            80.08200000000001,
            13.04765
          ],
          [
            80.08144,
            13.04748
          ],
          [
            80.08091,
            13.047340000000002
          ],
          [
            80.08037,
            13.047200000000002
          ],
          [
            80.08021000000001,
            13.047160000000002
          ],
          [
            80.0798,
            13.047080000000001
          ],
          [
            80.0794,
            13.04701
          ],
          [
            80.07906000000001,
            13.046980000000001
          ],
          [
            80.07849,
            13.046970000000002
          ],
          [
            80.07838000000001,
            13.04696
          ],
          [
            80.07826,
            13.04696
          ],
          [
            80.07817,
            13.04696
          ],
          [
            80.07768,
            13.046940000000001
          ],
          [
            80.07719,
            13.046930000000001
          ],
          [
            80.07656,
            13.04691
          ],
          [
            80.07633000000001,
            13.0469
          ],
          [
            80.07595,
            13.046890000000001
          ],
          [
            80.07560000000001,
            13.04687
          ],
          [
            80.07534000000001,
            13.04686
          ],
          [
            80.07506000000001,
            13.04682
          ],
          [
            80.07488000000001,
            13.046780000000002
          ],
          [
            80.07473,
            13.046740000000002
          ],
          [
            80.0747,
            13.04672
          ],
          [
            80.07455,
            13.04667
          ],
          [
            80.07446,
            13.04663
          ],
          [
            80.07418000000001,
            13.046510000000001
          ],
          [
            80.07371,
            13.04629
          ],
          [
            80.07349,
            13.04621
          ],
          [
            80.07328000000001,
            13.046140000000001
          ],
          [
            80.07297000000001,
            13.04606
          ],
          [
            80.07268,
            13.04601
          ],
          [
            80.07234000000001,
            13.045980000000002
          ],
          [
            80.07213,
            13.045960000000001
          ],
          [
            80.07192,
            13.045940000000002
          ],
          [
            80.07176000000001,
            13.04592
          ],
          [
            80.07159,
            13.045900000000001
          ],
          [
            80.07135000000001,
            13.045850000000002
          ],
          [
            80.07113000000001,
            13.045800000000002
          ],
          [
            80.07076,
            13.04568
          ],
          [
            80.07051000000001,
            13.0456
          ],
          [
            80.07011,
            13.045490000000001
          ],
          [
            80.07001000000001,
            13.04546
          ],
          [
            80.06996000000001,
            13.04545
          ],
          [
            80.06923,
            13.045240000000002
          ],
          [
            80.0685,
            13.04503
          ],
          [
            80.06777000000001,
            13.044810000000002
          ],
          [
            80.06704,
            13.044590000000001
          ],
          [
            80.06630000000001,
            13.04437
          ],
          [
            80.06557000000001,
            13.04414
          ],
          [
            80.06484,
            13.043920000000002
          ],
          [
            80.06465,
            13.04386
          ],
          [
            80.06414000000001,
            13.043700000000001
          ],
          [
            80.06403,
            13.043650000000001
          ],
          [
            80.06373,
            13.043540000000002
          ],
          [
            80.06322,
            13.043330000000001
          ],
          [
            80.06285000000001,
            13.04316
          ],
          [
            80.06252,
            13.043000000000001
          ],
          [
            80.06204000000001,
            13.042760000000001
          ],
          [
            80.06177000000001,
            13.042620000000001
          ],
          [
            80.06143,
            13.042440000000001
          ],
          [
            80.06077,
            13.04207
          ],
          [
            80.06046,
            13.041900000000002
          ],
          [
            80.06021000000001,
            13.041780000000001
          ],
          [
            80.05996,
            13.04166
          ],
          [
            80.05965,
            13.04151
          ],
          [
            80.05959,
            13.041480000000002
          ],
          [
            80.05892,
            13.041200000000002
          ],
          [
            80.05846000000001,
            13.041020000000001
          ],
          [
            80.0578,
            13.040750000000001
          ],
          [
            80.05738000000001,
            13.040590000000002
          ],
          [
            80.05676000000001,
            13.040360000000002
          ],
          [
            80.05614000000001,
            13.0401
          ],
          [
            80.05606,
            13.040070000000002
          ],
          [
            80.05555000000001,
            13.039850000000001
          ],
          [
            80.05502000000001,
            13.039620000000001
          ],
          [
            80.05451000000001,
            13.039390000000001
          ],
          [
            80.05371000000001,
            13.039060000000001
          ],
          [
            80.05315,
            13.03884
          ],
          [
            80.05259000000001,
            13.038620000000002
          ],
          [
            80.05213,
            13.03846
          ],
          [
            80.05147000000001,
            13.038210000000001
          ],
          [
            80.05075000000001,
            13.037960000000002
          ],
          [
            80.05073,
            13.03795
          ],
          [
            80.05026000000001,
            13.0378
          ],
          [
            80.04978000000001,
            13.037630000000002
          ],
          [
            80.04921,
            13.03747
          ],
          [
            80.04864,
            13.037300000000002
          ],
          [
            80.04778,
            13.037070000000002
          ],
          [
            80.04708000000001,
            13.036890000000001
          ],
          [
            80.04654000000001,
            13.036760000000001
          ],
          [
            80.04626,
            13.03667
          ],
          [
            80.0454,
            13.036430000000001
          ],
          [
            80.04519,
            13.036370000000002
          ],
          [
            80.04446,
            13.03616
          ],
          [
            80.04372000000001,
            13.035940000000002
          ],
          [
            80.0437,
            13.03593
          ],
          [
            80.04318,
            13.03574
          ],
          [
            80.04279000000001,
            13.035580000000001
          ],
          [
            80.04235000000001,
            13.035390000000001
          ],
          [
            80.04197,
            13.03522
          ],
          [
            80.04154000000001,
            13.035010000000002
          ],
          [
            80.04106,
            13.034770000000002
          ],
          [
            80.04058,
            13.034510000000001
          ],
          [
            80.03992000000001,
            13.034120000000001
          ],
          [
            80.03928,
            13.033710000000001
          ],
          [
            80.03875000000001,
            13.0334
          ],
          [
            80.03840000000001,
            13.033190000000001
          ],
          [
            80.03798,
            13.032950000000001
          ],
          [
            80.03759000000001,
            13.03273
          ],
          [
            80.03735,
            13.03259
          ],
          [
            80.03719000000001,
            13.0325
          ],
          [
            80.03692000000001,
            13.032340000000001
          ],
          [
            80.03674000000001,
            13.032250000000001
          ],
          [
            80.03625000000001,
            13.031960000000002
          ],
          [
            80.03563000000001,
            13.031590000000001
          ],
          [
            80.03534,
            13.031410000000001
          ],
          [
            80.03471,
            13.03104
          ],
          [
            80.03446000000001,
            13.0309
          ],
          [
            80.03419000000001,
            13.030740000000002
          ],
          [
            80.03361000000001,
            13.03039
          ],
          [
            80.03314,
            13.030120000000002
          ],
          [
            80.03267000000001,
            13.029840000000002
          ],
          [
            80.03257,
            13.02978
          ],
          [
            80.03206,
            13.029480000000001
          ],
          [
            80.03156000000001,
            13.02918
          ],
          [
            80.03106000000001,
            13.028880000000001
          ],
          [
            80.03057000000001,
            13.02857
          ],
          [
            80.03012000000001,
            13.028300000000002
          ],
          [
            80.02968000000001,
            13.028030000000001
          ],
          [
            80.02924,
            13.027750000000001
          ],
          [
            80.02885,
            13.027510000000001
          ],
          [
            80.02845,
            13.027260000000002
          ],
          [
            80.02778,
            13.026860000000001
          ],
          [
            80.02731,
            13.026560000000002
          ],
          [
            80.02683,
            13.02626
          ],
          [
            80.02669,
            13.02617
          ],
          [
            80.02655,
            13.026100000000001
          ],
          [
            80.02637,
            13.02598
          ],
          [
            80.02624,
            13.025910000000001
          ],
          [
            80.02584,
            13.02565
          ],
          [
            80.02543,
            13.025400000000001
          ],
          [
            80.02476,
            13.024980000000001
          ],
          [
            80.02408000000001,
            13.024560000000001
          ],
          [
            80.02334,
            13.02411
          ],
          [
            80.02295000000001,
            13.023890000000002
          ],
          [
            80.02232000000001,
            13.02349
          ],
          [
            80.02220000000001,
            13.023430000000001
          ],
          [
            80.02149,
            13.023050000000001
          ],
          [
            80.02126000000001,
            13.02294
          ],
          [
            80.02096,
            13.02284
          ],
          [
            80.02067000000001,
            13.02274
          ],
          [
            80.02035000000001,
            13.022660000000002
          ],
          [
            80.01993,
            13.022570000000002
          ],
          [
            80.01966,
            13.022530000000001
          ],
          [
            80.01919000000001,
            13.022480000000002
          ],
          [
            80.01878,
            13.022450000000001
          ],
          [
            80.01831,
            13.02241
          ],
          [
            80.01792,
            13.022380000000002
          ],
          [
            80.01764,
            13.022340000000002
          ],
          [
            80.01735000000001,
            13.02228
          ],
          [
            80.01700000000001,
            13.022190000000002
          ],
          [
            80.01683000000001,
            13.02213
          ],
          [
            80.01649,
            13.021980000000001
          ],
          [
            80.01617,
            13.021790000000001
          ],
          [
            80.01574000000001,
            13.021500000000001
          ],
          [
            80.01532,
            13.021220000000001
          ],
          [
            80.01491,
            13.020950000000001
          ],
          [
            80.01450000000001,
            13.020690000000002
          ],
          [
            80.01402,
            13.020380000000001
          ],
          [
            80.01355000000001,
            13.02007
          ],
          [
            80.01310000000001,
            13.019760000000002
          ],
          [
            80.01264,
            13.01946
          ],
          [
            80.01239000000001,
            13.019290000000002
          ],
          [
            80.01181000000001,
            13.018910000000002
          ],
          [
            80.01125,
            13.018580000000002
          ],
          [
            80.01069000000001,
            13.018250000000002
          ],
          [
            80.01056000000001,
            13.018180000000001
          ],
          [
            80.01006000000001,
            13.017930000000002
          ],
          [
            80.00956000000001,
            13.01767
          ],
          [
            80.00878,
            13.017290000000001
          ],
          [
            80.00831000000001,
            13.01707
          ],
          [
            80.00767,
            13.016810000000001
          ],
          [
            80.00703,
            13.01654
          ],
          [
            80.00693000000001,
            13.016490000000001
          ],
          [
            80.00631000000001,
            13.016240000000002
          ],
          [
            80.00628,
            13.01622
          ],
          [
            80.00545000000001,
            13.01589
          ],
          [
            80.00465000000001,
            13.015490000000002
          ],
          [
            80.00442000000001,
            13.015360000000001
          ],
          [
            80.00424000000001,
            13.015250000000002
          ],
          [
            80.00406000000001,
            13.015130000000001
          ],
          [
            80.00405,
            13.015060000000002
          ],
          [
            80.00374000000001,
            13.014850000000001
          ],
          [
            80.00335000000001,
            13.01458
          ],
          [
            80.00276000000001,
            13.014180000000001
          ],
          [
            80.00237000000001,
            13.013910000000001
          ],
          [
            80.00197,
            13.01364
          ],
          [
            80.00155000000001,
            13.01335
          ],
          [
            80.00113,
            13.013050000000002
          ],
          [
            80.00044000000001,
            13.01256
          ],
          [
            80.00045,
            13.01233
          ],
          [
            80.00073,
            13.01191
          ],
          [
            80.00091,
            13.01157
          ],
          [
            80.00105,
            13.011330000000001
          ],
          [
            80.00111000000001,
            13.01129
          ],
          [
            80.00162,
            13.011000000000001
          ],
          [
            80.00232000000001,
            13.010610000000002
          ]
        ]
      }
    }
  ]
}