{
  "type": "FeatureCollection",
  "features": [
    {
      "type": "Feature",
      "properties": {
        "type": "stop",
        "index": 0,
        "label": "Stop 0"
      },
      "geometry": {
        "type": "Point",
        "coordinates": [
          80.20377,
          12.82134
        ]
      }
    },
    {
      "type": "Feature",
      "properties": {
        "type": "stop",
        "index": 1,
        "label": "Stop 1"
      },
      "geometry": {
        "type": "Point",
        "coordinates": [
          80.169341742,
          12.83806957
        ]
      }
    },
    {
      "type": "Feature",
      "properties": {
        "type": "stop",
        "index": 2,
        "label": "Stop 2"
      },
      "geometry": {
        "type": "Point",
        "coordinates": [
          80.211274929,
          12.879533014
        ]
      }
    },
    {
      "type": "Feature",
      "properties": {
        "type": "stop",
        "index": 3,
        "label": "Stop 3"
      },
      "geometry": {
        "type": "Point",
        "coordinates": [
          80.18801506,
          12.904989518
        ]
      }
    },
    {
      "type": "Feature",
      "properties": {
        "type": "stop",
        "index": 4,
        "label": "Stop 4"
      },
      "geometry": {
        "type": "Point",
        "coordinates": [
          80.17476,
          12.89062
        ]
      }
    },
    {
      "type": "Feature",
      "properties": {
        "type": "stop",
        "index": 5,
        "label": "Stop 5"
      },
      "geometry": {
        "type": "Point",
        "coordinates": [
          80.153291196,
          12.923016022
        ]
      }
    },
    {
      "type": "Feature",
      "properties": {
        "type": "stop",
        "index": 6,
        "label": "Stop 6"
      },
      "geometry": {
        "type": "Point",
        "coordinates": [
          80.142720811,
          12.907667864
        ]
      }
    },
    {
      "type": "Feature",
      "properties": {
        "type": "stop",
        "index": 7,
        "label": "Stop 7"
      },
      "geometry": {
        "type": "Point",
        "coordinates": [
          80.140493582,
          12.88996099
        ]
      }
    },
    {
      "type": "Feature",
      "properties": {
        "type": "stop",
        "index": 8,
        "label": "Stop 8"
      },
      "geometry": {
        "type": "Point",
        "coordinates": [
          80.11745205,
          12.894488495
        ]
      }
    },
    {
      "type": "Feature",
      "properties": {
        "type": "stop",
        "index": 9,
        "label": "Stop 9"
      },
      "geometry": {
        "type": "Point",
        "coordinates": [
          80.101043799,
          12.920187713
        ]
      }
    },
    {
      "type": "Feature",
      "properties": {
        "type": "stop",
        "index": 10,
        "label": "Stop 10"
      },
      "geometry": {
        "type": "Point",
        "coordinates": [
          80.124046329,
          12.932766328
        ]
      }
    },
    {
      "type": "Feature",
      "properties": {
        "type": "stop",
        "index": 11,
        "label": "Stop 11"
      },
      "geometry": {
        "type": "Point",
        "coordinates": [
          80.05416,
          12.9791
        ]
      }
    },
    {
      "type": "Feature",
      "properties": {
        "type": "astar_leg",
        "leg_index": 2,
        "from_stop": 2,
        "to_stop": 3,
        "nodes": 176,
        "path_m": 10901,
        "straight_m": 3791,
        "ratio": 2.88,
        "stroke": "#00ff00",
        "stroke-width": 3
      },
      "geometry": {
        "type": "LineString",
        "coordinates": [
          [
            80.21224,
            12.87934
          ],
          [
            80.21333,
            12.87913
          ],
          [
            80.21367,
            12.87907
          ],
          [
            80.214,
            12.879
          ],
          [
            80.21459,
            12.87889
          ],
          [
            80.21508,
            12.87878
          ],
          [
            80.21541,
            12.87872
          ],
          [
            80.21613,
            12.87857
          ],
          [
            80.21642,
            12.8785
          ],
          [
            80.21674,
            12.87843
          ],
          [
            80.21721,
            12.87833
          ],
          [
            80.21724,
            12.87833
          ],
          [
            80.21733,
            12.87831
          ],
          [
            80.21738,
            12.8783
          ],
          [
            80.21744,
            12.87828
          ],
          [
            80.21811,
            12.87814
          ],
          [
            80.21941,
            12.87787
          ],
          [
            80.21946,
            12.87786
          ],
          [
            80.21955,
            12.87784
          ],
          [
            80.21974,
            12.8778
          ],
          [
            80.22122,
            12.87746
          ],
          [
            80.22393,
            12.87683
          ],
          [
            80.22401,
            12.87681
          ],
          [
            80.22494,
            12.8767
          ],
          [
            80.22592,
            12.87661
          ],
          [
            80.22669,
            12.87655
          ],
          [
            80.2268,
            12.87654
          ],
          [
            80.22685,
            12.87654
          ],
          [
            80.22684,
            12.87696
          ],
          [
            80.22679,
            12.87778
          ],
          [
            80.22676,
            12.87822
          ],
          [
            80.22673,
            12.87864
          ],
          [
            80.22671,
            12.87892
          ],
          [
            80.22669,
            12.87919
          ],
          [
            80.22667,
            12.8802
          ],
          [
            80.22667,
            12.8803
          ],
          [
            80.22664,
            12.88247
          ],
          [
            80.22664,
            12.88365
          ],
          [
            80.22662,
            12.8842
          ],
          [
            80.22663,
            12.88472
          ],
          [
            80.22665,
            12.88527
          ],
          [
            80.22665,
            12.88533
          ],
          [
            80.22673,
            12.8857
          ],
          [
            80.22713,
            12.88719
          ],
          [
            80.22726,
            12.88826
          ],
          [
            80.2273,
            12.89179
          ],
          [
            80.22731,
            12.89229
          ],
          [
            80.22732,
            12.89242
          ],
          [
            80.22748,
            12.8939
          ],
          [
            80.22758,
            12.8955
          ],
          [
            80.22764,
            12.89662
          ],
          [
            80.22764,
            12.89675
          ],
          [
            80.22773,
            12.89827
          ],
          [
            80.22775,
            12.89868
          ],
          [
            80.22783,
            12.90005
          ],
          [
            80.22786,
            12.90043
          ],
          [
            80.22786,
            12.90048
          ],
          [
            80.22787,
            12.9006
          ],
          [
            80.22787,
            12.90068
          ],
          [
            80.22788,
            12.90078
          ],
          [
            80.22789,
            12.90091
          ],
          [
            80.22772,
            12.90092
          ],
          [
            80.22761,
            12.90092
          ],
          [
            80.22758,
            12.90092
          ],
          [
            80.22432,
            12.90103
          ],
          [
            80.22385,
            12.90103
          ],
          [
            80.2236,
            12.90104
          ],
          [
            80.22296,
            12.9011
          ],
          [
            80.22288,
            12.9011
          ],
          [
            80.22057,
            12.90139
          ],
          [
            80.22035,
            12.90141
          ],
          [
            80.22001,
            12.90145
          ],
          [
            80.21991,
            12.90147
          ],
          [
            80.21839,
            12.90164
          ],
          [
            80.2182,
            12.90167
          ],
          [
            80.21742,
            12.90179
          ],
          [
            80.21733,
            12.90181
          ],
          [
            80.21678,
            12.90194
          ],
          [
            80.21484,
            12.9027
          ],
          [
            80.21476,
            12.90273
          ],
          [
            80.21309,
            12.90338
          ],
          [
            80.21291,
            12.90345
          ],
          [
            80.21095,
            12.90421
          ],
          [
            80.21082,
            12.90426
          ],
          [
            80.20941,
            12.90481
          ],
          [
            80.208,
            12.90545
          ],
          [
            80.20798,
            12.90546
          ],
          [
            80.20793,
            12.90548
          ],
          [
            80.20676,
            12.90597
          ],
          [
            80.206,
            12.90625
          ],
          [
            80.20529,
            12.90654
          ],
          [
            80.20495,
            12.90673
          ],
          [
            80.20451,
            12.90706
          ],
          [
            80.20445,
            12.9071
          ],
          [
            80.20434,
            12.90717
          ],
          [
            80.20418,
            12.90724
          ],
          [
            80.20397,
            12.9073
          ],
          [
            80.20376,
            12.90736
          ],
          [
            80.20311,
            12.90747
          ],
          [
            80.2027,
            12.90748
          ],
          [
            80.20245,
            12.9075
          ],
          [
            80.20212,
            12.9075
          ],
          [
            80.20191,
            12.90749
          ],
          [
            80.20133,
            12.90754
          ],
          [
            80.20084,
            12.90757
          ],
          [
            80.19986,
            12.90762
          ],
          [
            80.19895,
            12.90768
          ],
          [
            80.19875,
            12.9077
          ],
          [
            80.19856,
            12.9078
          ],
          [
            80.19831,
            12.90804
          ],
          [
            80.19814,
            12.90828
          ],
          [
            80.19784,
            12.90872
          ],
          [
            80.19734,
            12.90944
          ],
          [
            80.19729,
            12.90952
          ],
          [
            80.19695,
            12.91
          ],
          [
            80.19674,
            12.91027
          ],
          [
            80.19649,
            12.91065
          ],
          [
            80.19618,
            12.9111
          ],
          [
            80.1959,
            12.91148
          ],
          [
            80.19564,
            12.91184
          ],
          [
            80.1954,
            12.91219
          ],
          [
            80.19527,
            12.91239
          ],
          [
            80.19519,
            12.9125
          ],
          [
            80.19509,
            12.91274
          ],
          [
            80.19505,
            12.91289
          ],
          [
            80.19494,
            12.91332
          ],
          [
            80.19487,
            12.91363
          ],
          [
            80.19471,
            12.91439
          ],
          [
            80.19457,
            12.91506
          ],
          [
            80.19446,
            12.91559
          ],
          [
            80.19444,
            12.91565
          ],
          [
            80.19432,
            12.91627
          ],
          [
            80.19413,
            12.91697
          ],
          [
            80.19394,
            12.91694
          ],
          [
            80.19376,
            12.91694
          ],
          [
            80.19338,
            12.91697
          ],
          [
            80.19294,
            12.917
          ],
          [
            80.19241,
            12.91707
          ],
          [
            80.19233,
            12.91647
          ],
          [
            80.19229,
            12.91588
          ],
          [
            80.19227,
            12.91564
          ],
          [
            80.19226,
            12.91558
          ],
          [
            80.19226,
            12.91551
          ],
          [
            80.19223,
            12.91499
          ],
          [
            80.19221,
            12.91474
          ],
          [
            80.1922,
            12.91467
          ],
          [
            80.19217,
            12.91443
          ],
          [
            80.19216,
            12.91431
          ],
          [
            80.19212,
            12.91397
          ],
          [
            80.19204,
            12.91323
          ],
          [
            80.19201,
            12.91294
          ],
          [
            80.19195,
            12.91241
          ],
          [
            80.19195,
            12.91237
          ],
          [
            80.19194,
            12.91232
          ],
          [
            80.19182,
            12.91128
          ],
          [
            80.1918,
            12.91108
          ],
          [
            80.19177,
            12.91086
          ],
          [
            80.19169,
            12.91036
          ],
          [
            80.19167,
            12.91018
          ],
          [
            80.19167,
            12.91014
          ],
          [
            80.19165,
            12.91007
          ],
          [
            80.19163,
            12.91001
          ],
          [
            80.19162,
            12.90997
          ],
          [
            80.19154,
            12.90987
          ],
          [
            80.19151,
            12.90982
          ],
          [
            80.19124,
            12.90948
          ],
          [
            80.19106,
            12.90925
          ],
          [
            80.19039,
            12.90836
          ],
          [
            80.19038,
            12.90835
          ],
          [
            80.1898,
            12.90759
          ],
          [
            80.18968,
            12.90745
          ],
          [
            80.18962,
            12.90736
          ],
          [
            80.18899,
            12.90651
          ],
          [
            80.18896,
            12.90647
          ],
          [
            80.18877,
            12.90614
          ],
          [
            80.18825,
            12.90536
          ]
        ]
      }
    },
    {
      "type": "Feature",
      "properties": {
        "type": "astar_leg",
        "leg_index": 3,
        "from_stop": 3,
        "to_stop": 4,
        "nodes": 90,
        "path_m": 4257,
        "straight_m": 2149,
        "ratio": 1.98,
        "stroke": "#00ff00",
        "stroke-width": 3
      },
      "geometry": {
        "type": "LineString",
        "coordinates": [
          [
            80.18773,
            12.90454
          ],
          [
            80.18765,
            12.90443
          ],
          [
            80.18749,
            12.90421
          ],
          [
            80.18742,
            12.90412
          ],
          [
            80.18736,
            12.90408
          ],
          [
            80.18728,
            12.90403
          ],
          [
            80.18713,
            12.90399
          ],
          [
            80.18671,
            12.90401
          ],
          [
            80.18602,
            12.90403
          ],
          [
            80.18507,
            12.90406
          ],
          [
            80.18477,
            12.90404
          ],
          [
            80.18472,
            12.90402
          ],
          [
            80.18467,
            12.90397
          ],
          [
            80.18415,
            12.90202
          ],
          [
            80.18414,
            12.90199
          ],
          [
            80.18412,
            12.90189
          ],
          [
            80.1839,
            12.90117
          ],
          [
            80.18388,
            12.90108
          ],
          [
            80.18365,
            12.90058
          ],
          [
            80.18333,
            12.89996
          ],
          [
            80.18298,
            12.89925
          ],
          [
            80.18297,
            12.89923
          ],
          [
            80.18254,
            12.89831
          ],
          [
            80.18238,
            12.898
          ],
          [
            80.18228,
            12.89781
          ],
          [
            80.18226,
            12.89776
          ],
          [
            80.18216,
            12.89759
          ],
          [
            80.18213,
            12.89753
          ],
          [
            80.18203,
            12.89735
          ],
          [
            80.18202,
            12.89732
          ],
          [
            80.18178,
            12.8969
          ],
          [
            80.18153,
            12.89643
          ],
          [
            80.18138,
            12.89612
          ],
          [
            80.18123,
            12.89581
          ],
          [
            80.18116,
            12.89569
          ],
          [
            80.181,
            12.89536
          ],
          [
            80.18074,
            12.8948
          ],
          [
            80.18045,
            12.89424
          ],
          [
            80.18035,
            12.89407
          ],
          [
            80.18004,
            12.89345
          ],
          [
            80.17993,
            12.89334
          ],
          [
            80.17983,
            12.89327
          ],
          [
            80.17962,
            12.89314
          ],
          [
            80.17948,
            12.89306
          ],
          [
            80.17936,
            12.89299
          ],
          [
            80.17913,
            12.89288
          ],
          [
            80.17851,
            12.89255
          ],
          [
            80.17783,
            12.89218
          ],
          [
            80.17774,
            12.89213
          ],
          [
            80.17692,
            12.8917
          ],
          [
            80.17651,
            12.89146
          ],
          [
            80.17648,
            12.89144
          ],
          [
            80.17621,
            12.89129
          ],
          [
            80.17618,
            12.89128
          ],
          [
            80.17572,
            12.89103
          ],
          [
            80.17535,
            12.89084
          ],
          [
            80.1748,
            12.89055
          ],
          [
            80.17467,
            12.89043
          ],
          [
            80.17467,
            12.89042
          ],
          [
            80.17461,
            12.89036
          ],
          [
            80.17453,
            12.89024
          ],
          [
            80.17441,
            12.88983
          ],
          [
            80.17351,
            12.8881
          ],
          [
            80.17333,
            12.88776
          ],
          [
            80.17233,
            12.88585
          ],
          [
            80.17191,
            12.885
          ],
          [
            80.17155,
            12.88434
          ],
          [
            80.17142,
            12.8841
          ],
          [
            80.17102,
            12.88329
          ],
          [
            80.17077,
            12.88281
          ],
          [
            80.17073,
            12.8827
          ],
          [
            80.17073,
            12.88266
          ],
          [
            80.17065,
            12.88268
          ],
          [
            80.17068,
            12.88276
          ],
          [
            80.17096,
            12.88333
          ],
          [
            80.17134,
            12.8841
          ],
          [
            80.17149,
            12.88438
          ],
          [
            80.17172,
            12.8848
          ],
          [
            80.17183,
            12.885
          ],
          [
            80.17226,
            12.88587
          ],
          [
            80.17311,
            12.88749
          ],
          [
            80.17344,
            12.88812
          ],
          [
            80.17404,
            12.88929
          ],
          [
            80.1741,
            12.88941
          ],
          [
            80.17427,
            12.88974
          ],
          [
            80.17432,
            12.88984
          ],
          [
            80.17434,
            12.88987
          ],
          [
            80.17447,
            12.89027
          ],
          [
            80.17454,
            12.8904
          ],
          [
            80.17461,
            12.89048
          ]
        ]
      }
    },
    {
      "type": "Feature",
      "properties": {
        "type": "astar_leg",
        "leg_index": 4,
        "from_stop": 4,
        "to_stop": 5,
        "nodes": 219,
        "path_m": 8254,
        "straight_m": 4288,
        "ratio": 1.92,
        "stroke": "#00ff00",
        "stroke-width": 3
      },
      "geometry": {
        "type": "LineString",
        "coordinates": [
          [
            80.17476,
            12.89062
          ],
          [
            80.17532,
            12.8909
          ],
          [
            80.17567,
            12.89107
          ],
          [
            80.17614,
            12.89134
          ],
          [
            80.17617,
            12.89136
          ],
          [
            80.17647,
            12.89153
          ],
          [
            80.17688,
            12.89177
          ],
          [
            80.17771,
            12.8922
          ],
          [
            80.17932,
            12.89306
          ],
          [
            80.17938,
            12.8931
          ],
          [
            80.17959,
            12.89321
          ],
          [
            80.1798,
            12.89333
          ],
          [
            80.17988,
            12.89338
          ],
          [
            80.17998,
            12.89348
          ],
          [
            80.1803,
            12.89407
          ],
          [
            80.1804,
            12.89427
          ],
          [
            80.18068,
            12.89484
          ],
          [
            80.18075,
            12.89499
          ],
          [
            80.18078,
            12.89504
          ],
          [
            80.18088,
            12.89525
          ],
          [
            80.18093,
            12.89535
          ],
          [
            80.18105,
            12.89565
          ],
          [
            80.18115,
            12.89585
          ],
          [
            80.18123,
            12.89605
          ],
          [
            80.18143,
            12.8964
          ],
          [
            80.18158,
            12.8967
          ],
          [
            80.18171,
            12.89694
          ],
          [
            80.18174,
            12.897
          ],
          [
            80.18187,
            12.89722
          ],
          [
            80.18207,
            12.89756
          ],
          [
            80.1821,
            12.89763
          ],
          [
            80.18221,
            12.89784
          ],
          [
            80.18228,
            12.89798
          ],
          [
            80.18246,
            12.89835
          ],
          [
            80.18289,
            12.89926
          ],
          [
            80.18299,
            12.89946
          ],
          [
            80.18381,
            12.90108
          ],
          [
            80.18383,
            12.90113
          ],
          [
            80.18402,
            12.90191
          ],
          [
            80.18405,
            12.90201
          ],
          [
            80.18408,
            12.90211
          ],
          [
            80.18433,
            12.90307
          ],
          [
            80.18446,
            12.90354
          ],
          [
            80.18449,
            12.90362
          ],
          [
            80.18461,
            12.904
          ],
          [
            80.18468,
            12.90408
          ],
          [
            80.18475,
            12.9041
          ],
          [
            80.18488,
            12.90411
          ],
          [
            80.18498,
            12.90412
          ],
          [
            80.18507,
            12.90412
          ],
          [
            80.18602,
            12.9041
          ],
          [
            80.18671,
            12.90408
          ],
          [
            80.18713,
            12.90406
          ],
          [
            80.18725,
            12.90409
          ],
          [
            80.18737,
            12.90416
          ],
          [
            80.18769,
            12.90464
          ],
          [
            80.18795,
            12.90503
          ],
          [
            80.18818,
            12.90538
          ],
          [
            80.18819,
            12.9054
          ],
          [
            80.18853,
            12.90593
          ],
          [
            80.18869,
            12.90618
          ],
          [
            80.1889,
            12.90651
          ],
          [
            80.18893,
            12.90654
          ],
          [
            80.18956,
            12.9074
          ],
          [
            80.18963,
            12.90748
          ],
          [
            80.19034,
            12.9084
          ],
          [
            80.191,
            12.90929
          ],
          [
            80.19118,
            12.90952
          ],
          [
            80.19143,
            12.90983
          ],
          [
            80.19145,
            12.90986
          ],
          [
            80.19148,
            12.90991
          ],
          [
            80.19154,
            12.91
          ],
          [
            80.19158,
            12.91009
          ],
          [
            80.19159,
            12.91017
          ],
          [
            80.19163,
            12.91045
          ],
          [
            80.19164,
            12.91046
          ],
          [
            80.19169,
            12.91079
          ],
          [
            80.19173,
            12.91109
          ],
          [
            80.19183,
            12.91194
          ],
          [
            80.19187,
            12.91232
          ],
          [
            80.19188,
            12.91237
          ],
          [
            80.19192,
            12.91279
          ],
          [
            80.19194,
            12.91294
          ],
          [
            80.19197,
            12.91324
          ],
          [
            80.19204,
            12.91382
          ],
          [
            80.19207,
            12.91406
          ],
          [
            80.19209,
            12.91432
          ],
          [
            80.19211,
            12.91444
          ],
          [
            80.19213,
            12.91466
          ],
          [
            80.19214,
            12.91474
          ],
          [
            80.19215,
            12.91488
          ],
          [
            80.19216,
            12.91499
          ],
          [
            80.19219,
            12.91552
          ],
          [
            80.19219,
            12.91559
          ],
          [
            80.1922,
            12.91565
          ],
          [
            80.19222,
            12.91602
          ],
          [
            80.19226,
            12.91693
          ],
          [
            80.19227,
            12.91708
          ],
          [
            80.19228,
            12.91716
          ],
          [
            80.19148,
            12.91724
          ],
          [
            80.19072,
            12.91732
          ],
          [
            80.19046,
            12.91735
          ],
          [
            80.19027,
            12.91737
          ],
          [
            80.19014,
            12.91739
          ],
          [
            80.19002,
            12.91742
          ],
          [
            80.18989,
            12.91746
          ],
          [
            80.18969,
            12.91753
          ],
          [
            80.18952,
            12.91759
          ],
          [
            80.18938,
            12.91766
          ],
          [
            80.18923,
            12.91774
          ],
          [
            80.18913,
            12.9178
          ],
          [
            80.18903,
            12.91785
          ],
          [
            80.18884,
            12.91797
          ],
          [
            80.18817,
            12.91852
          ],
          [
            80.18814,
            12.91854
          ],
          [
            80.18809,
            12.91858
          ],
          [
            80.18789,
            12.91876
          ],
          [
            80.18744,
            12.91913
          ],
          [
            80.18729,
            12.91926
          ],
          [
            80.187,
            12.91949
          ],
          [
            80.18654,
            12.91984
          ],
          [
            80.18616,
            12.92014
          ],
          [
            80.18593,
            12.92033
          ],
          [
            80.18587,
            12.92038
          ],
          [
            80.18574,
            12.92045
          ],
          [
            80.18559,
            12.92048
          ],
          [
            80.18538,
            12.9205
          ],
          [
            80.18518,
            12.92049
          ],
          [
            80.18493,
            12.9205
          ],
          [
            80.18477,
            12.92049
          ],
          [
            80.18464,
            12.92048
          ],
          [
            80.18427,
            12.92038
          ],
          [
            80.18424,
            12.92036
          ],
          [
            80.18406,
            12.92023
          ],
          [
            80.18318,
            12.91995
          ],
          [
            80.18256,
            12.91981
          ],
          [
            80.18238,
            12.91977
          ],
          [
            80.18199,
            12.91968
          ],
          [
            80.18188,
            12.91966
          ],
          [
            80.1813,
            12.91955
          ],
          [
            80.18123,
            12.91953
          ],
          [
            80.18095,
            12.91948
          ],
          [
            80.18021,
            12.91933
          ],
          [
            80.17991,
            12.91925
          ],
          [
            80.17967,
            12.91919
          ],
          [
            80.1795,
            12.91912
          ],
          [
            80.17934,
            12.91907
          ],
          [
            80.17896,
            12.91882
          ],
          [
            80.17873,
            12.91866
          ],
          [
            80.1784,
            12.91842
          ],
          [
            80.17827,
            12.91833
          ],
          [
            80.17824,
            12.91832
          ],
          [
            80.1782,
            12.91829
          ],
          [
            80.17814,
            12.91825
          ],
          [
            80.17793,
            12.91819
          ],
          [
            80.1778,
            12.91817
          ],
          [
            80.17764,
            12.91818
          ],
          [
            80.17728,
            12.91824
          ],
          [
            80.17658,
            12.91837
          ],
          [
            80.17605,
            12.91847
          ],
          [
            80.17561,
            12.91861
          ],
          [
            80.17537,
            12.91866
          ],
          [
            80.17463,
            12.91884
          ],
          [
            80.17462,
            12.91884
          ],
          [
            80.17306,
            12.91922
          ],
          [
            80.17268,
            12.91931
          ],
          [
            80.17235,
            12.91941
          ],
          [
            80.17213,
            12.91948
          ],
          [
            80.17141,
            12.9197
          ],
          [
            80.17115,
            12.91978
          ],
          [
            80.17063,
            12.91995
          ],
          [
            80.17022,
            12.92009
          ],
          [
            80.16982,
            12.92022
          ],
          [
            80.16855,
            12.92063
          ],
          [
            80.16823,
            12.92073
          ],
          [
            80.16791,
            12.92084
          ],
          [
            80.16787,
            12.92085
          ],
          [
            80.16771,
            12.9209
          ],
          [
            80.16726,
            12.92104
          ],
          [
            80.16665,
            12.92123
          ],
          [
            80.16629,
            12.92133
          ],
          [
            80.16626,
            12.92134
          ],
          [
            80.16607,
            12.9214
          ],
          [
            80.16589,
            12.92146
          ],
          [
            80.16559,
            12.92156
          ],
          [
            80.16554,
            12.92158
          ],
          [
            80.16549,
            12.9216
          ],
          [
            80.16544,
            12.92161
          ],
          [
            80.16538,
            12.92163
          ],
          [
            80.16525,
            12.92167
          ],
          [
            80.16511,
            12.92172
          ],
          [
            80.16478,
            12.92183
          ],
          [
            80.16458,
            12.92189
          ],
          [
            80.16426,
            12.922
          ],
          [
            80.16421,
            12.92201
          ],
          [
            80.16383,
            12.92214
          ],
          [
            80.16346,
            12.92226
          ],
          [
            80.16297,
            12.92242
          ],
          [
            80.16267,
            12.92252
          ],
          [
            80.16238,
            12.92261
          ],
          [
            80.16092,
            12.92306
          ],
          [
            80.16049,
            12.92319
          ],
          [
            80.16013,
            12.9233
          ],
          [
            80.16,
            12.92333
          ],
          [
            80.1599,
            12.92335
          ],
          [
            80.15881,
            12.92343
          ],
          [
            80.15839,
            12.92347
          ],
          [
            80.15817,
            12.92348
          ],
          [
            80.15699,
            12.92359
          ],
          [
            80.15638,
            12.92366
          ],
          [
            80.15601,
            12.92368
          ],
          [
            80.15593,
            12.92368
          ],
          [
            80.15587,
            12.92368
          ],
          [
            80.15552,
            12.92358
          ],
          [
            80.15537,
            12.92353
          ],
          [
            80.15499,
            12.92343
          ],
          [
            80.15497,
            12.92343
          ],
          [
            80.15469,
            12.92337
          ],
          [
            80.15389,
            12.92317
          ]
        ]
      }
    },
    {
      "type": "Feature",
      "properties": {
        "type": "astar_leg",
        "leg_index": 5,
        "from_stop": 5,
        "to_stop": 6,
        "nodes": 73,
        "path_m": 2852,
        "straight_m": 2056,
        "ratio": 1.39,
        "stroke": "#00ff00",
        "stroke-width": 3
      },
      "geometry": {
        "type": "LineString",
        "coordinates": [
          [
            80.15284,
            12.9229
          ],
          [
            80.15249,
            12.92281
          ],
          [
            80.1521,
            12.92273
          ],
          [
            80.15188,
            12.92269
          ],
          [
            80.15171,
            12.92269
          ],
          [
            80.15134,
            12.92268
          ],
          [
            80.15117,
            12.92267
          ],
          [
            80.15106,
            12.92267
          ],
          [
            80.15095,
            12.92266
          ],
          [
            80.14976,
            12.92263
          ],
          [
            80.14927,
            12.92262
          ],
          [
            80.14886,
            12.9226
          ],
          [
            80.14873,
            12.92259
          ],
          [
            80.14835,
            12.92257
          ],
          [
            80.14795,
            12.92257
          ],
          [
            80.14747,
            12.92256
          ],
          [
            80.1473,
            12.92255
          ],
          [
            80.14673,
            12.92253
          ],
          [
            80.146,
            12.92252
          ],
          [
            80.1458,
            12.92252
          ],
          [
            80.1457,
            12.92252
          ],
          [
            80.14537,
            12.92251
          ],
          [
            80.14501,
            12.92249
          ],
          [
            80.1444,
            12.92247
          ],
          [
            80.14408,
            12.92245
          ],
          [
            80.14404,
            12.92245
          ],
          [
            80.14392,
            12.92245
          ],
          [
            80.1438,
            12.92244
          ],
          [
            80.14353,
            12.92243
          ],
          [
            80.14352,
            12.92243
          ],
          [
            80.143,
            12.92241
          ],
          [
            80.14314,
            12.92219
          ],
          [
            80.14339,
            12.9218
          ],
          [
            80.14347,
            12.92168
          ],
          [
            80.1436,
            12.92148
          ],
          [
            80.14391,
            12.92098
          ],
          [
            80.14405,
            12.92075
          ],
          [
            80.14428,
            12.92039
          ],
          [
            80.14443,
            12.92017
          ],
          [
            80.14454,
            12.92004
          ],
          [
            80.14496,
            12.91948
          ],
          [
            80.14513,
            12.91923
          ],
          [
            80.14516,
            12.91918
          ],
          [
            80.14521,
            12.91911
          ],
          [
            80.14583,
            12.91804
          ],
          [
            80.14585,
            12.91801
          ],
          [
            80.14587,
            12.91797
          ],
          [
            80.14596,
            12.9178
          ],
          [
            80.14557,
            12.91738
          ],
          [
            80.14537,
            12.91715
          ],
          [
            80.14515,
            12.91691
          ],
          [
            80.14466,
            12.91637
          ],
          [
            80.14455,
            12.91624
          ],
          [
            80.14446,
            12.91605
          ],
          [
            80.14439,
            12.91587
          ],
          [
            80.14427,
            12.91547
          ],
          [
            80.14411,
            12.91495
          ],
          [
            80.1441,
            12.91494
          ],
          [
            80.14385,
            12.91412
          ],
          [
            80.14364,
            12.91342
          ],
          [
            80.14342,
            12.91272
          ],
          [
            80.14331,
            12.91238
          ],
          [
            80.14327,
            12.91212
          ],
          [
            80.14326,
            12.9119
          ],
          [
            80.1432,
            12.91138
          ],
          [
            80.14313,
            12.91071
          ],
          [
            80.14307,
            12.91025
          ],
          [
            80.14301,
            12.90986
          ],
          [
            80.14294,
            12.90941
          ],
          [
            80.14287,
            12.9089
          ],
          [
            80.14282,
            12.90846
          ],
          [
            80.14277,
            12.90812
          ],
          [
            80.14276,
            12.90796
          ]
        ]
      }
    },
    {
      "type": "Feature",
      "properties": {
        "type": "astar_leg",
        "leg_index": 6,
        "from_stop": 6,
        "to_stop": 7,
        "nodes": 35,
        "path_m": 1912,
        "straight_m": 1984,
        "ratio": 0.96,
        "stroke": "#00ff00",
        "stroke-width": 3
      },
      "geometry": {
        "type": "LineString",
        "coordinates": [
          [
            80.14265,
            12.90714
          ],
          [
            80.14261,
            12.90681
          ],
          [
            80.14255,
            12.90613
          ],
          [
            80.14251,
            12.90569
          ],
          [
            80.14249,
            12.90545
          ],
          [
            80.14239,
            12.90458
          ],
          [
            80.14237,
            12.90444
          ],
          [
            80.14235,
            12.90425
          ],
          [
            80.14233,
            12.90401
          ],
          [
            80.1422,
            12.90266
          ],
          [
            80.14218,
            12.90249
          ],
          [
            80.14215,
            12.90225
          ],
          [
            80.14209,
            12.90169
          ],
          [
            80.14195,
            12.90029
          ],
          [
            80.14194,
            12.90028
          ],
          [
            80.14192,
            12.90002
          ],
          [
            80.14187,
            12.89943
          ],
          [
            80.14182,
            12.89901
          ],
          [
            80.1417,
            12.89796
          ],
          [
            80.14167,
            12.89745
          ],
          [
            80.14163,
            12.89703
          ],
          [
            80.14162,
            12.89686
          ],
          [
            80.1415,
            12.89575
          ],
          [
            80.14135,
            12.89443
          ],
          [
            80.14133,
            12.89422
          ],
          [
            80.14131,
            12.89407
          ],
          [
            80.14129,
            12.89388
          ],
          [
            80.14126,
            12.89356
          ],
          [
            80.1412,
            12.89307
          ],
          [
            80.14113,
            12.89251
          ],
          [
            80.14108,
            12.89205
          ],
          [
            80.14102,
            12.8915
          ],
          [
            80.141,
            12.89133
          ],
          [
            80.14094,
            12.8909
          ],
          [
            80.14059,
            12.89011
          ]
        ]
      }
    },
    {
      "type": "Feature",
      "properties": {
        "type": "astar_leg",
        "leg_index": 7,
        "from_stop": 7,
        "to_stop": 8,
        "nodes": 47,
        "path_m": 2536,
        "straight_m": 2548,
        "ratio": 1.0,
        "stroke": "#00ff00",
        "stroke-width": 3
      },
      "geometry": {
        "type": "LineString",
        "coordinates": [
          [
            80.14048,
            12.88994
          ],
          [
            80.14035,
            12.88982
          ],
          [
            80.14018,
            12.8897
          ],
          [
            80.14001,
            12.88963
          ],
          [
            80.13983,
            12.88959
          ],
          [
            80.13961,
            12.88959
          ],
          [
            80.13901,
            12.88967
          ],
          [
            80.13774,
            12.88979
          ],
          [
            80.13694,
            12.88993
          ],
          [
            80.13582,
            12.89011
          ],
          [
            80.13528,
            12.89019
          ],
          [
            80.13497,
            12.89022
          ],
          [
            80.1346,
            12.89026
          ],
          [
            80.13341,
            12.89038
          ],
          [
            80.13282,
            12.89047
          ],
          [
            80.13219,
            12.8906
          ],
          [
            80.13122,
            12.89077
          ],
          [
            80.13066,
            12.89087
          ],
          [
            80.1291,
            12.8911
          ],
          [
            80.12828,
            12.89124
          ],
          [
            80.12749,
            12.89147
          ],
          [
            80.12709,
            12.89158
          ],
          [
            80.1268,
            12.89167
          ],
          [
            80.12674,
            12.89169
          ],
          [
            80.12669,
            12.8917
          ],
          [
            80.12652,
            12.89176
          ],
          [
            80.12645,
            12.89178
          ],
          [
            80.12584,
            12.89197
          ],
          [
            80.12564,
            12.89204
          ],
          [
            80.12541,
            12.89211
          ],
          [
            80.12297,
            12.89287
          ],
          [
            80.12242,
            12.89305
          ],
          [
            80.12211,
            12.89313
          ],
          [
            80.12196,
            12.89317
          ],
          [
            80.12184,
            12.8932
          ],
          [
            80.12134,
            12.8933
          ],
          [
            80.12087,
            12.8934
          ],
          [
            80.12056,
            12.89347
          ],
          [
            80.12032,
            12.89353
          ],
          [
            80.12018,
            12.89357
          ],
          [
            80.11997,
            12.89363
          ],
          [
            80.11941,
            12.8938
          ],
          [
            80.119,
            12.89393
          ],
          [
            80.11865,
            12.89405
          ],
          [
            80.11839,
            12.89414
          ],
          [
            80.11806,
            12.89427
          ],
          [
            80.11781,
            12.89436
          ]
        ]
      }
    },
    {
      "type": "Feature",
      "properties": {
        "type": "astar_leg",
        "leg_index": 8,
        "from_stop": 8,
        "to_stop": 9,
        "nodes": 202,
        "path_m": 11187,
        "straight_m": 3366,
        "ratio": 3.32,
        "stroke": "#00ff00",
        "stroke-width": 3
      },
      "geometry": {
        "type": "LineString",
        "coordinates": [
          [
            80.11742,
            12.8945
          ],
          [
            80.11711,
            12.8946
          ],
          [
            80.1168,
            12.89469
          ],
          [
            80.11646,
            12.89479
          ],
          [
            80.1162,
            12.89488
          ],
          [
            80.11534,
            12.89517
          ],
          [
            80.1151,
            12.89526
          ],
          [
            80.11484,
            12.89533
          ],
          [
            80.11459,
            12.89541
          ],
          [
            80.11439,
            12.89546
          ],
          [
            80.11392,
            12.89556
          ],
          [
            80.11194,
            12.89604
          ],
          [
            80.11162,
            12.89612
          ],
          [
            80.11064,
            12.89634
          ],
          [
            80.11045,
            12.8964
          ],
          [
            80.11023,
            12.8965
          ],
          [
            80.11014,
            12.89656
          ],
          [
            80.1101,
            12.8966
          ],
          [
            80.11003,
            12.89667
          ],
          [
            80.1097,
            12.89697
          ],
          [
            80.10918,
            12.89733
          ],
          [
            80.10902,
            12.89742
          ],
          [
            80.10888,
            12.89749
          ],
          [
            80.10877,
            12.89754
          ],
          [
            80.10852,
            12.89762
          ],
          [
            80.10831,
            12.89769
          ],
          [
            80.10815,
            12.89776
          ],
          [
            80.10778,
            12.8979
          ],
          [
            80.10734,
            12.89807
          ],
          [
            80.10693,
            12.89824
          ],
          [
            80.1066,
            12.89836
          ],
          [
            80.10619,
            12.89851
          ],
          [
            80.10595,
            12.8986
          ],
          [
            80.10591,
            12.89869
          ],
          [
            80.10583,
            12.89873
          ],
          [
            80.10542,
            12.89892
          ],
          [
            80.10538,
            12.89894
          ],
          [
            80.10535,
            12.89896
          ],
          [
            80.10527,
            12.89902
          ],
          [
            80.10522,
            12.89908
          ],
          [
            80.10515,
            12.89927
          ],
          [
            80.105,
            12.89968
          ],
          [
            80.10495,
            12.89981
          ],
          [
            80.1049,
            12.89988
          ],
          [
            80.10484,
            12.89995
          ],
          [
            80.10476,
            12.9
          ],
          [
            80.1041,
            12.90039
          ],
          [
            80.10315,
            12.90096
          ],
          [
            80.10226,
            12.90153
          ],
          [
            80.10158,
            12.902
          ],
          [
            80.10092,
            12.9024
          ],
          [
            80.10048,
            12.90265
          ],
          [
            80.1001,
            12.90287
          ],
          [
            80.09981,
            12.90304
          ],
          [
            80.0992,
            12.90343
          ],
          [
            80.09851,
            12.90387
          ],
          [
            80.09818,
            12.90406
          ],
          [
            80.09795,
            12.90419
          ],
          [
            80.09758,
            12.90438
          ],
          [
            80.09728,
            12.90451
          ],
          [
            80.09658,
            12.90478
          ],
          [
            80.09648,
            12.90483
          ],
          [
            80.09596,
            12.9051
          ],
          [
            80.09587,
            12.90516
          ],
          [
            80.09581,
            12.9052
          ],
          [
            80.09564,
            12.90531
          ],
          [
            80.0955,
            12.90541
          ],
          [
            80.09599,
            12.90607
          ],
          [
            80.09662,
            12.90684
          ],
          [
            80.09687,
            12.90719
          ],
          [
            80.09736,
            12.90781
          ],
          [
            80.0977,
            12.90826
          ],
          [
            80.09795,
            12.90856
          ],
          [
            80.09823,
            12.90881
          ],
          [
            80.09856,
            12.90907
          ],
          [
            80.0987,
            12.9092
          ],
          [
            80.09878,
            12.90926
          ],
          [
            80.09911,
            12.9095
          ],
          [
            80.10038,
            12.91027
          ],
          [
            80.10071,
            12.91049
          ],
          [
            80.10094,
            12.91077
          ],
          [
            80.10113,
            12.91106
          ],
          [
            80.10128,
            12.91157
          ],
          [
            80.10137,
            12.9122
          ],
          [
            80.10148,
            12.91336
          ],
          [
            80.10151,
            12.9137
          ],
          [
            80.10162,
            12.91411
          ],
          [
            80.1017,
            12.91439
          ],
          [
            80.10181,
            12.91463
          ],
          [
            80.10198,
            12.9149
          ],
          [
            80.10218,
            12.91514
          ],
          [
            80.10239,
            12.91531
          ],
          [
            80.10264,
            12.91545
          ],
          [
            80.10293,
            12.91557
          ],
          [
            80.10321,
            12.91563
          ],
          [
            80.10357,
            12.91568
          ],
          [
            80.10406,
            12.91575
          ],
          [
            80.10422,
            12.91578
          ],
          [
            80.10433,
            12.9158
          ],
          [
            80.10437,
            12.91581
          ],
          [
            80.10463,
            12.91586
          ],
          [
            80.10499,
            12.91596
          ],
          [
            80.10548,
            12.9162
          ],
          [
            80.10687,
            12.91696
          ],
          [
            80.1071,
            12.91707
          ],
          [
            80.10756,
            12.91733
          ],
          [
            80.10792,
            12.91758
          ],
          [
            80.10823,
            12.91783
          ],
          [
            80.10964,
            12.91895
          ],
          [
            80.10986,
            12.91915
          ],
          [
            80.11032,
            12.91947
          ],
          [
            80.111,
            12.92002
          ],
          [
            80.11194,
            12.92089
          ],
          [
            80.11225,
            12.92118
          ],
          [
            80.11422,
            12.92319
          ],
          [
            80.11446,
            12.92342
          ],
          [
            80.11501,
            12.92397
          ],
          [
            80.11557,
            12.92451
          ],
          [
            80.116,
            12.92493
          ],
          [
            80.11631,
            12.92523
          ],
          [
            80.11706,
            12.92596
          ],
          [
            80.11756,
            12.92647
          ],
          [
            80.11816,
            12.92708
          ],
          [
            80.11817,
            12.9271
          ],
          [
            80.11847,
            12.92739
          ],
          [
            80.11876,
            12.92768
          ],
          [
            80.1192,
            12.92812
          ],
          [
            80.12004,
            12.929
          ],
          [
            80.12009,
            12.92905
          ],
          [
            80.1205,
            12.92946
          ],
          [
            80.121,
            12.92993
          ],
          [
            80.12113,
            12.93007
          ],
          [
            80.12103,
            12.93004
          ],
          [
            80.12094,
            12.93004
          ],
          [
            80.1208,
            12.93006
          ],
          [
            80.11944,
            12.93026
          ],
          [
            80.11926,
            12.93028
          ],
          [
            80.11823,
            12.93042
          ],
          [
            80.11783,
            12.93049
          ],
          [
            80.11753,
            12.93058
          ],
          [
            80.11724,
            12.93066
          ],
          [
            80.11711,
            12.93067
          ],
          [
            80.11681,
            12.93066
          ],
          [
            80.11674,
            12.93065
          ],
          [
            80.11669,
            12.93064
          ],
          [
            80.11611,
            12.93054
          ],
          [
            80.11554,
            12.93046
          ],
          [
            80.11537,
            12.93041
          ],
          [
            80.11501,
            12.93035
          ],
          [
            80.11461,
            12.9302
          ],
          [
            80.11433,
            12.93008
          ],
          [
            80.114,
            12.92992
          ],
          [
            80.11342,
            12.9296
          ],
          [
            80.11266,
            12.92915
          ],
          [
            80.11251,
            12.92905
          ],
          [
            80.11244,
            12.92905
          ],
          [
            80.11238,
            12.92906
          ],
          [
            80.11232,
            12.92909
          ],
          [
            80.11228,
            12.92915
          ],
          [
            80.11207,
            12.9298
          ],
          [
            80.11197,
            12.93015
          ],
          [
            80.11191,
            12.93047
          ],
          [
            80.11191,
            12.93056
          ],
          [
            80.11191,
            12.93064
          ],
          [
            80.11195,
            12.93071
          ],
          [
            80.11096,
            12.93079
          ],
          [
            80.1103,
            12.93092
          ],
          [
            80.10787,
            12.93165
          ],
          [
            80.10635,
            12.93216
          ],
          [
            80.10483,
            12.93267
          ],
          [
            80.10472,
            12.9327
          ],
          [
            80.10439,
            12.93305
          ],
          [
            80.10432,
            12.93312
          ],
          [
            80.10402,
            12.93345
          ],
          [
            80.10373,
            12.93409
          ],
          [
            80.10353,
            12.93454
          ],
          [
            80.10349,
            12.93462
          ],
          [
            80.10321,
            12.93524
          ],
          [
            80.10311,
            12.93547
          ],
          [
            80.10275,
            12.93553
          ],
          [
            80.10258,
            12.93557
          ],
          [
            80.10242,
            12.9356
          ],
          [
            80.10205,
            12.93568
          ],
          [
            80.10181,
            12.93574
          ],
          [
            80.10128,
            12.93583
          ],
          [
            80.10056,
            12.93597
          ],
          [
            80.09966,
            12.93616
          ],
          [
            80.0994,
            12.93623
          ],
          [
            80.09939,
            12.93606
          ],
          [
            80.09937,
            12.93584
          ],
          [
            80.09942,
            12.93455
          ],
          [
            80.10012,
            12.92759
          ],
          [
            80.10015,
            12.9273
          ],
          [
            80.10019,
            12.92691
          ],
          [
            80.10037,
            12.92514
          ],
          [
            80.10038,
            12.9251
          ],
          [
            80.10039,
            12.92501
          ],
          [
            80.1004,
            12.92494
          ],
          [
            80.10042,
            12.9247
          ],
          [
            80.10067,
            12.92285
          ],
          [
            80.10068,
            12.92275
          ],
          [
            80.10084,
            12.92157
          ]
        ]
      }
    },
    {
      "type": "Feature",
      "properties": {
        "type": "astar_leg",
        "leg_index": 10,
        "from_stop": 10,
        "to_stop": 11,
        "nodes": 634,
        "path_m": 33100,
        "straight_m": 9160,
        "ratio": 3.61,
        "stroke": "#00ff00",
        "stroke-width": 3
      },
      "geometry": {
        "type": "LineString",
        "coordinates": [
          [
            80.12392,
            12.93264
          ],
          [
            80.1239,
            12.93263
          ],
          [
            80.12307,
            12.9318
          ],
          [
            80.12126,
            12.92997
          ],
          [
            80.12113,
            12.93007
          ],
          [
            80.12103,
            12.93004
          ],
          [
            80.12094,
            12.93004
          ],
          [
            80.1208,
            12.93006
          ],
          [
            80.11944,
            12.93026
          ],
          [
            80.11926,
            12.93028
          ],
          [
            80.11823,
            12.93042
          ],
          [
            80.11783,
            12.93049
          ],
          [
            80.11753,
            12.93058
          ],
          [
            80.11724,
            12.93066
          ],
          [
            80.11711,
            12.93067
          ],
          [
            80.11681,
            12.93066
          ],
          [
            80.11674,
            12.93065
          ],
          [
            80.11669,
            12.93064
          ],
          [
            80.11611,
            12.93054
          ],
          [
            80.11554,
            12.93046
          ],
          [
            80.11537,
            12.93041
          ],
          [
            80.11501,
            12.93035
          ],
          [
            80.11461,
            12.9302
          ],
          [
            80.11433,
            12.93008
          ],
          [
            80.114,
            12.92992
          ],
          [
            80.11342,
            12.9296
          ],
          [
            80.11266,
            12.92915
          ],
          [
            80.11251,
            12.92905
          ],
          [
            80.11244,
            12.92905
          ],
          [
            80.11238,
            12.92906
          ],
          [
            80.11232,
            12.92909
          ],
          [
            80.11228,
            12.92915
          ],
          [
            80.11207,
            12.9298
          ],
          [
            80.11197,
            12.93015
          ],
          [
            80.11191,
            12.93047
          ],
          [
            80.11191,
            12.93056
          ],
          [
            80.11191,
            12.93064
          ],
          [
            80.11195,
            12.93071
          ],
          [
            80.11096,
            12.93079
          ],
          [
            80.1103,
            12.93092
          ],
          [
            80.10787,
            12.93165
          ],
          [
            80.10635,
            12.93216
          ],
          [
            80.10483,
            12.93267
          ],
          [
            80.10472,
            12.9327
          ],
          [
            80.10439,
            12.93305
          ],
          [
            80.10432,
            12.93312
          ],
          [
            80.10402,
            12.93345
          ],
          [
            80.10373,
            12.93409
          ],
          [
            80.10353,
            12.93454
          ],
          [
            80.10349,
            12.93462
          ],
          [
            80.10321,
            12.93524
          ],
          [
            80.10311,
            12.93547
          ],
          [
            80.10275,
            12.93553
          ],
          [
            80.10258,
            12.93557
          ],
          [
            80.10242,
            12.9356
          ],
          [
            80.10205,
            12.93568
          ],
          [
            80.10181,
            12.93574
          ],
          [
            80.10128,
            12.93583
          ],
          [
            80.10056,
            12.93597
          ],
          [
            80.09966,
            12.93616
          ],
          [
            80.0994,
            12.93623
          ],
          [
            80.09939,
            12.93606
          ],
          [
            80.09937,
            12.93584
          ],
          [
            80.09942,
            12.93455
          ],
          [
            80.10012,
            12.92759
          ],
          [
            80.10015,
            12.9273
          ],
          [
            80.10019,
            12.92691
          ],
          [
            80.10037,
            12.92514
          ],
          [
            80.10038,
            12.9251
          ],
          [
            80.10039,
            12.92501
          ],
          [
            80.10026,
            12.92496
          ],
          [
            80.10012,
            12.9249
          ],
          [
            80.09989,
            12.92482
          ],
          [
            80.09969,
            12.92473
          ],
          [
            80.0996,
            12.92469
          ],
          [
            80.09897,
            12.92443
          ],
          [
            80.09876,
            12.92431
          ],
          [
            80.09857,
            12.92422
          ],
          [
            80.09847,
            12.92415
          ],
          [
            80.0982,
            12.92397
          ],
          [
            80.09805,
            12.92386
          ],
          [
            80.09767,
            12.92361
          ],
          [
            80.09746,
            12.92346
          ],
          [
            80.09731,
            12.92336
          ],
          [
            80.09723,
            12.92332
          ],
          [
            80.09705,
            12.9232
          ],
          [
            80.09666,
            12.92297
          ],
          [
            80.09627,
            12.92272
          ],
          [
            80.09584,
            12.92247
          ],
          [
            80.09564,
            12.92238
          ],
          [
            80.09542,
            12.9223
          ],
          [
            80.09536,
            12.92228
          ],
          [
            80.0952,
            12.92223
          ],
          [
            80.09503,
            12.92219
          ],
          [
            80.0948,
            12.92213
          ],
          [
            80.09474,
            12.92211
          ],
          [
            80.09446,
            12.92204
          ],
          [
            80.09415,
            12.92196
          ],
          [
            80.09393,
            12.9219
          ],
          [
            80.0935,
            12.92179
          ],
          [
            80.09341,
            12.92177
          ],
          [
            80.09243,
            12.92151
          ],
          [
            80.09166,
            12.92132
          ],
          [
            80.09136,
            12.92125
          ],
          [
            80.08973,
            12.92086
          ],
          [
            80.08933,
            12.92078
          ],
          [
            80.08921,
            12.92074
          ],
          [
            80.08911,
            12.92069
          ],
          [
            80.08853,
            12.92037
          ],
          [
            80.08838,
            12.92028
          ],
          [
            80.08768,
            12.91992
          ],
          [
            80.08728,
            12.91975
          ],
          [
            80.08696,
            12.9197
          ],
          [
            80.08672,
            12.91968
          ],
          [
            80.08667,
            12.91968
          ],
          [
            80.08663,
            12.91968
          ],
          [
            80.08636,
            12.91965
          ],
          [
            80.08632,
            12.91965
          ],
          [
            80.08615,
            12.91963
          ],
          [
            80.08598,
            12.91961
          ],
          [
            80.0859,
            12.9196
          ],
          [
            80.08576,
            12.91958
          ],
          [
            80.0856,
            12.91955
          ],
          [
            80.08535,
            12.9195
          ],
          [
            80.08509,
            12.91945
          ],
          [
            80.08471,
            12.91935
          ],
          [
            80.08407,
            12.91914
          ],
          [
            80.08365,
            12.91899
          ],
          [
            80.08303,
            12.91878
          ],
          [
            80.08264,
            12.91864
          ],
          [
            80.08238,
            12.91855
          ],
          [
            80.08222,
            12.91849
          ],
          [
            80.08178,
            12.91832
          ],
          [
            80.08174,
            12.9183
          ],
          [
            80.08112,
            12.91806
          ],
          [
            80.08101,
            12.91801
          ],
          [
            80.08094,
            12.91797
          ],
          [
            80.08035,
            12.91738
          ],
          [
            80.0803,
            12.91733
          ],
          [
            80.08025,
            12.91727
          ],
          [
            80.07976,
            12.91675
          ],
          [
            80.07971,
            12.91671
          ],
          [
            80.07955,
            12.91652
          ],
          [
            80.07877,
            12.91577
          ],
          [
            80.07861,
            12.91566
          ],
          [
            80.07841,
            12.91555
          ],
          [
            80.07825,
            12.91551
          ],
          [
            80.07803,
            12.91547
          ],
          [
            80.07773,
            12.91545
          ],
          [
            80.07742,
            12.91545
          ],
          [
            80.07699,
            12.91546
          ],
          [
            80.07651,
            12.91548
          ],
          [
            80.07601,
            12.91548
          ],
          [
            80.07588,
            12.91548
          ],
          [
            80.07571,
            12.91547
          ],
          [
            80.07562,
            12.91547
          ],
          [
            80.07555,
            12.91547
          ],
          [
            80.07542,
            12.91548
          ],
          [
            80.07527,
            12.91548
          ],
          [
            80.07505,
            12.91549
          ],
          [
            80.07482,
            12.91547
          ],
          [
            80.07464,
            12.91548
          ],
          [
            80.07452,
            12.91549
          ],
          [
            80.07426,
            12.91551
          ],
          [
            80.07411,
            12.91551
          ],
          [
            80.07394,
            12.91551
          ],
          [
            80.07371,
            12.91552
          ],
          [
            80.07353,
            12.91551
          ],
          [
            80.07338,
            12.91549
          ],
          [
            80.07327,
            12.91547
          ],
          [
            80.07316,
            12.91544
          ],
          [
            80.07304,
            12.91541
          ],
          [
            80.07287,
            12.91535
          ],
          [
            80.07259,
            12.91523
          ],
          [
            80.07233,
            12.91511
          ],
          [
            80.07216,
            12.91502
          ],
          [
            80.07204,
            12.91491
          ],
          [
            80.072,
            12.91498
          ],
          [
            80.07168,
            12.91501
          ],
          [
            80.07164,
            12.91501
          ],
          [
            80.0716,
            12.91501
          ],
          [
            80.07108,
            12.91505
          ],
          [
            80.07093,
            12.91507
          ],
          [
            80.07027,
            12.91513
          ],
          [
            80.07001,
            12.91515
          ],
          [
            80.06975,
            12.91517
          ],
          [
            80.06971,
            12.91518
          ],
          [
            80.06937,
            12.91521
          ],
          [
            80.06894,
            12.91525
          ],
          [
            80.06878,
            12.91526
          ],
          [
            80.06844,
            12.91526
          ],
          [
            80.06833,
            12.91526
          ],
          [
            80.06828,
            12.91527
          ],
          [
            80.06791,
            12.91533
          ],
          [
            80.06767,
            12.91541
          ],
          [
            80.06751,
            12.91546
          ],
          [
            80.06729,
            12.91552
          ],
          [
            80.067,
            12.9156
          ],
          [
            80.06647,
            12.91574
          ],
          [
            80.06612,
            12.91584
          ],
          [
            80.06578,
            12.91593
          ],
          [
            80.06537,
            12.91604
          ],
          [
            80.06518,
            12.91608
          ],
          [
            80.06474,
            12.91616
          ],
          [
            80.06459,
            12.91619
          ],
          [
            80.06427,
            12.91627
          ],
          [
            80.0635,
            12.91644
          ],
          [
            80.06319,
            12.91652
          ],
          [
            80.06277,
            12.91661
          ],
          [
            80.06193,
            12.9169
          ],
          [
            80.0618,
            12.91693
          ],
          [
            80.06171,
            12.91692
          ],
          [
            80.06154,
            12.91689
          ],
          [
            80.06081,
            12.91663
          ],
          [
            80.06009,
            12.91644
          ],
          [
            80.05987,
            12.91638
          ],
          [
            80.05963,
            12.91631
          ],
          [
            80.05902,
            12.91608
          ],
          [
            80.05868,
            12.91595
          ],
          [
            80.05853,
            12.9159
          ],
          [
            80.05832,
            12.91595
          ],
          [
            80.05789,
            12.91608
          ],
          [
            80.05736,
            12.91624
          ],
          [
            80.05685,
            12.91635
          ],
          [
            80.05638,
            12.91645
          ],
          [
            80.05549,
            12.91661
          ],
          [
            80.05492,
            12.91673
          ],
          [
            80.05458,
            12.9168
          ],
          [
            80.05438,
            12.91686
          ],
          [
            80.05428,
            12.9169
          ],
          [
            80.05419,
            12.91696
          ],
          [
            80.05413,
            12.9171
          ],
          [
            80.05407,
            12.91719
          ],
          [
            80.05404,
            12.91722
          ],
          [
            80.05401,
            12.91725
          ],
          [
            80.05398,
            12.91726
          ],
          [
            80.05395,
            12.91727
          ],
          [
            80.0539,
            12.91729
          ],
          [
            80.05376,
            12.91731
          ],
          [
            80.05358,
            12.91732
          ],
          [
            80.05337,
            12.91732
          ],
          [
            80.05321,
            12.91733
          ],
          [
            80.05292,
            12.91738
          ],
          [
            80.05264,
            12.91744
          ],
          [
            80.05156,
            12.91776
          ],
          [
            80.05087,
            12.91795
          ],
          [
            80.05032,
            12.91807
          ],
          [
            80.0488,
            12.91847
          ],
          [
            80.04853,
            12.91854
          ],
          [
            80.04796,
            12.91869
          ],
          [
            80.04768,
            12.91874
          ],
          [
            80.04728,
            12.91875
          ],
          [
            80.04705,
            12.91877
          ],
          [
            80.04664,
            12.91885
          ],
          [
            80.0466,
            12.91877
          ],
          [
            80.04658,
            12.9187
          ],
          [
            80.04654,
            12.91863
          ],
          [
            80.04646,
            12.91845
          ],
          [
            80.04644,
            12.91841
          ],
          [
            80.04639,
            12.91836
          ],
          [
            80.04634,
            12.91835
          ],
          [
            80.04626,
            12.91835
          ],
          [
            80.04602,
            12.91839
          ],
          [
            80.04548,
            12.91852
          ],
          [
            80.04499,
            12.91863
          ],
          [
            80.04433,
            12.91882
          ],
          [
            80.04359,
            12.91904
          ],
          [
            80.0432,
            12.91913
          ],
          [
            80.04297,
            12.91917
          ],
          [
            80.04264,
            12.91921
          ],
          [
            80.04258,
            12.9192
          ],
          [
            80.04254,
            12.91917
          ],
          [
            80.04249,
            12.91914
          ],
          [
            80.04247,
            12.91905
          ],
          [
            80.04247,
            12.91899
          ],
          [
            80.04248,
            12.91889
          ],
          [
            80.04254,
            12.91867
          ],
          [
            80.04258,
            12.91849
          ],
          [
            80.0426,
            12.91835
          ],
          [
            80.0426,
            12.91821
          ],
          [
            80.0426,
            12.91809
          ],
          [
            80.0426,
            12.91765
          ],
          [
            80.04263,
            12.91711
          ],
          [
            80.04264,
            12.91684
          ],
          [
            80.04265,
            12.91668
          ],
          [
            80.04265,
            12.91655
          ],
          [
            80.04248,
            12.91656
          ],
          [
            80.04227,
            12.91655
          ],
          [
            80.04184,
            12.91651
          ],
          [
            80.04149,
            12.91647
          ],
          [
            80.04115,
            12.91642
          ],
          [
            80.04074,
            12.91639
          ],
          [
            80.04024,
            12.91631
          ],
          [
            80.03996,
            12.91623
          ],
          [
            80.03948,
            12.91606
          ],
          [
            80.03847,
            12.91553
          ],
          [
            80.03832,
            12.91545
          ],
          [
            80.03821,
            12.91543
          ],
          [
            80.03804,
            12.91544
          ],
          [
            80.03788,
            12.91546
          ],
          [
            80.03714,
            12.9156
          ],
          [
            80.03696,
            12.91564
          ],
          [
            80.03661,
            12.91574
          ],
          [
            80.03643,
            12.91578
          ],
          [
            80.03604,
            12.91594
          ],
          [
            80.0358,
            12.91603
          ],
          [
            80.03552,
            12.91613
          ],
          [
            80.03533,
            12.91618
          ],
          [
            80.03513,
            12.91622
          ],
          [
            80.03491,
            12.91626
          ],
          [
            80.0347,
            12.91628
          ],
          [
            80.03452,
            12.91629
          ],
          [
            80.03429,
            12.91628
          ],
          [
            80.03358,
            12.91626
          ],
          [
            80.03338,
            12.91626
          ],
          [
            80.03319,
            12.91627
          ],
          [
            80.03303,
            12.91629
          ],
          [
            80.03284,
            12.91632
          ],
          [
            80.03263,
            12.91639
          ],
          [
            80.0323,
            12.91649
          ],
          [
            80.03158,
            12.91674
          ],
          [
            80.03121,
            12.91688
          ],
          [
            80.03094,
            12.91699
          ],
          [
            80.03066,
            12.91707
          ],
          [
            80.03045,
            12.91713
          ],
          [
            80.02995,
            12.91724
          ],
          [
            80.02978,
            12.91728
          ],
          [
            80.02962,
            12.91735
          ],
          [
            80.02926,
            12.9175
          ],
          [
            80.02866,
            12.91776
          ],
          [
            80.02821,
            12.91796
          ],
          [
            80.02742,
            12.9183
          ],
          [
            80.02589,
            12.91897
          ],
          [
            80.02516,
            12.91928
          ],
          [
            80.02324,
            12.92016
          ],
          [
            80.0227,
            12.9204
          ],
          [
            80.0222,
            12.92062
          ],
          [
            80.02189,
            12.92075
          ],
          [
            80.0215,
            12.92092
          ],
          [
            80.02106,
            12.92111
          ],
          [
            80.02082,
            12.92122
          ],
          [
            80.02003,
            12.92156
          ],
          [
            80.01932,
            12.92185
          ],
          [
            80.01891,
            12.92202
          ],
          [
            80.01857,
            12.92219
          ],
          [
            80.01815,
            12.92238
          ],
          [
            80.01749,
            12.92267
          ],
          [
            80.01627,
            12.92319
          ],
          [
            80.01437,
            12.924
          ],
          [
            80.01285,
            12.92464
          ],
          [
            80.01241,
            12.92482
          ],
          [
            80.01159,
            12.92518
          ],
          [
            80.01094,
            12.92545
          ],
          [
            80.01068,
            12.92556
          ],
          [
            80.00931,
            12.92612
          ],
          [
            80.00893,
            12.92627
          ],
          [
            80.00855,
            12.92642
          ],
          [
            80.00819,
            12.92654
          ],
          [
            80.00785,
            12.92664
          ],
          [
            80.00697,
            12.92688
          ],
          [
            80.00668,
            12.92698
          ],
          [
            80.00648,
            12.92707
          ],
          [
            80.00617,
            12.92723
          ],
          [
            80.00579,
            12.92746
          ],
          [
            80.00567,
            12.92754
          ],
          [
            80.00513,
            12.92798
          ],
          [
            80.00455,
            12.92849
          ],
          [
            80.0036,
            12.92931
          ],
          [
            80.00299,
            12.92984
          ],
          [
            80.00237,
            12.93034
          ],
          [
            80.00217,
            12.93047
          ],
          [
            80.00203,
            12.93053
          ],
          [
            80.0019,
            12.93057
          ],
          [
            80.00147,
            12.93069
          ],
          [
            80.00066,
            12.93093
          ],
          [
            79.99957,
            12.93127
          ],
          [
            79.99894,
            12.93147
          ],
          [
            79.99763,
            12.93188
          ],
          [
            79.99725,
            12.932
          ],
          [
            79.9968,
            12.93214
          ],
          [
            79.99645,
            12.93224
          ],
          [
            79.99617,
            12.93234
          ],
          [
            79.99591,
            12.93242
          ],
          [
            79.99574,
            12.93248
          ],
          [
            79.99555,
            12.93258
          ],
          [
            79.99539,
            12.93266
          ],
          [
            79.99513,
            12.9329
          ],
          [
            79.99453,
            12.93352
          ],
          [
            79.99185,
            12.93624
          ],
          [
            79.99105,
            12.93709
          ],
          [
            79.99063,
            12.93751
          ],
          [
            79.9894,
            12.93877
          ],
          [
            79.98898,
            12.93921
          ],
          [
            79.98875,
            12.93945
          ],
          [
            79.98846,
            12.93974
          ],
          [
            79.98823,
            12.93998
          ],
          [
            79.98808,
            12.94013
          ],
          [
            79.98797,
            12.94024
          ],
          [
            79.9878,
            12.94041
          ],
          [
            79.98763,
            12.94055
          ],
          [
            79.98751,
            12.94064
          ],
          [
            79.98738,
            12.94073
          ],
          [
            79.98601,
            12.94151
          ],
          [
            79.98561,
            12.94173
          ],
          [
            79.98449,
            12.94234
          ],
          [
            79.98403,
            12.9426
          ],
          [
            79.98314,
            12.94309
          ],
          [
            79.98249,
            12.94345
          ],
          [
            79.9819,
            12.9438
          ],
          [
            79.98055,
            12.94453
          ],
          [
            79.97907,
            12.94523
          ],
          [
            79.97861,
            12.94548
          ],
          [
            79.97805,
            12.9458
          ],
          [
            79.97741,
            12.94617
          ],
          [
            79.97723,
            12.94626
          ],
          [
            79.97708,
            12.94631
          ],
          [
            79.97698,
            12.94632
          ],
          [
            79.97681,
            12.94631
          ],
          [
            79.97649,
            12.94627
          ],
          [
            79.97618,
            12.94624
          ],
          [
            79.97594,
            12.94622
          ],
          [
            79.9757,
            12.94623
          ],
          [
            79.97555,
            12.94624
          ],
          [
            79.97512,
            12.94635
          ],
          [
            79.97482,
            12.94646
          ],
          [
            79.97444,
            12.94663
          ],
          [
            79.97394,
            12.94688
          ],
          [
            79.97325,
            12.94726
          ],
          [
            79.972,
            12.94797
          ],
          [
            79.97091,
            12.94859
          ],
          [
            79.96887,
            12.94974
          ],
          [
            79.96861,
            12.94987
          ],
          [
            79.96589,
            12.95107
          ],
          [
            79.9658,
            12.95111
          ],
          [
            79.96327,
            12.95218
          ],
          [
            79.96195,
            12.95277
          ],
          [
            79.9599,
            12.95367
          ],
          [
            79.95972,
            12.95375
          ],
          [
            79.95957,
            12.95382
          ],
          [
            79.95944,
            12.95388
          ],
          [
            79.95931,
            12.95396
          ],
          [
            79.95924,
            12.954
          ],
          [
            79.95915,
            12.95406
          ],
          [
            79.95908,
            12.95412
          ],
          [
            79.95901,
            12.95418
          ],
          [
            79.95893,
            12.95427
          ],
          [
            79.95878,
            12.95447
          ],
          [
            79.95877,
            12.95448
          ],
          [
            79.95846,
            12.9549
          ],
          [
            79.95842,
            12.95496
          ],
          [
            79.95849,
            12.95499
          ],
          [
            79.95856,
            12.95501
          ],
          [
            79.9592,
            12.95526
          ],
          [
            79.95952,
            12.95538
          ],
          [
            79.96706,
            12.95829
          ],
          [
            79.96799,
            12.95866
          ],
          [
            79.96836,
            12.95883
          ],
          [
            79.96857,
            12.95892
          ],
          [
            79.96877,
            12.95903
          ],
          [
            79.96917,
            12.95927
          ],
          [
            79.96951,
            12.95949
          ],
          [
            79.97026,
            12.95995
          ],
          [
            79.97046,
            12.96007
          ],
          [
            79.97065,
            12.96018
          ],
          [
            79.97096,
            12.96035
          ],
          [
            79.97121,
            12.96049
          ],
          [
            79.97147,
            12.96064
          ],
          [
            79.97194,
            12.96092
          ],
          [
            79.97219,
            12.96109
          ],
          [
            79.97288,
            12.96162
          ],
          [
            79.97305,
            12.96176
          ],
          [
            79.9731,
            12.96179
          ],
          [
            79.9732,
            12.96189
          ],
          [
            79.97329,
            12.96199
          ],
          [
            79.97338,
            12.9621
          ],
          [
            79.97347,
            12.96223
          ],
          [
            79.97355,
            12.96235
          ],
          [
            79.974,
            12.96319
          ],
          [
            79.97418,
            12.96353
          ],
          [
            79.97433,
            12.96388
          ],
          [
            79.97457,
            12.96452
          ],
          [
            79.97458,
            12.96456
          ],
          [
            79.97473,
            12.96499
          ],
          [
            79.97487,
            12.96531
          ],
          [
            79.97496,
            12.96549
          ],
          [
            79.97508,
            12.96569
          ],
          [
            79.97527,
            12.96594
          ],
          [
            79.97545,
            12.9661
          ],
          [
            79.9757,
            12.96628
          ],
          [
            79.97602,
            12.96646
          ],
          [
            79.97628,
            12.9666
          ],
          [
            79.97652,
            12.96672
          ],
          [
            79.97668,
            12.96678
          ],
          [
            79.97671,
            12.96679
          ],
          [
            79.97693,
            12.96687
          ],
          [
            79.97695,
            12.96688
          ],
          [
            79.97724,
            12.96698
          ],
          [
            79.97866,
            12.96746
          ],
          [
            79.97901,
            12.96757
          ],
          [
            79.97924,
            12.96762
          ],
          [
            79.97948,
            12.96767
          ],
          [
            79.98014,
            12.96777
          ],
          [
            79.98043,
            12.9678
          ],
          [
            79.98078,
            12.96783
          ],
          [
            79.98105,
            12.96785
          ],
          [
            79.98127,
            12.96785
          ],
          [
            79.98151,
            12.96785
          ],
          [
            79.98205,
            12.96782
          ],
          [
            79.98247,
            12.96779
          ],
          [
            79.98308,
            12.96772
          ],
          [
            79.98339,
            12.96769
          ],
          [
            79.98368,
            12.9677
          ],
          [
            79.98405,
            12.96772
          ],
          [
            79.98439,
            12.96777
          ],
          [
            79.98467,
            12.96782
          ],
          [
            79.98501,
            12.96789
          ],
          [
            79.98542,
            12.96799
          ],
          [
            79.98579,
            12.96808
          ],
          [
            79.98792,
            12.96872
          ],
          [
            79.98967,
            12.96925
          ],
          [
            79.99004,
            12.96937
          ],
          [
            79.99041,
            12.9695
          ],
          [
            79.99048,
            12.96952
          ],
          [
            79.99066,
            12.96959
          ],
          [
            79.99127,
            12.9698
          ],
          [
            79.99166,
            12.96994
          ],
          [
            79.99182,
            12.96999
          ],
          [
            79.99194,
            12.97003
          ],
          [
            79.99212,
            12.97008
          ],
          [
            79.99255,
            12.97018
          ],
          [
            79.99303,
            12.97029
          ],
          [
            79.99373,
            12.97042
          ],
          [
            79.99429,
            12.97052
          ],
          [
            79.99435,
            12.97053
          ],
          [
            79.99464,
            12.97057
          ],
          [
            79.9949,
            12.9706
          ],
          [
            79.995,
            12.97062
          ],
          [
            79.9952,
            12.97064
          ],
          [
            79.99543,
            12.97066
          ],
          [
            79.99755,
            12.97091
          ],
          [
            79.99771,
            12.97094
          ],
          [
            79.99783,
            12.97094
          ],
          [
            79.99814,
            12.97096
          ],
          [
            79.99871,
            12.97097
          ],
          [
            79.99887,
            12.97096
          ],
          [
            79.99919,
            12.97093
          ],
          [
            79.99975,
            12.97088
          ],
          [
            80.00059,
            12.9708
          ],
          [
            80.00159,
            12.97069
          ],
          [
            80.00325,
            12.97045
          ],
          [
            80.00412,
            12.9703
          ],
          [
            80.00596,
            12.97003
          ],
          [
            80.00621,
            12.97001
          ],
          [
            80.00653,
            12.97
          ],
          [
            80.00691,
            12.97001
          ],
          [
            80.00892,
            12.9702
          ],
          [
            80.01138,
            12.97043
          ],
          [
            80.01168,
            12.97042
          ],
          [
            80.01208,
            12.97038
          ],
          [
            80.01352,
            12.97024
          ],
          [
            80.0143,
            12.97009
          ],
          [
            80.01574,
            12.96982
          ],
          [
            80.01699,
            12.96964
          ],
          [
            80.0176,
            12.96954
          ],
          [
            80.01823,
            12.96942
          ],
          [
            80.01943,
            12.96927
          ],
          [
            80.02047,
            12.96912
          ],
          [
            80.02197,
            12.96891
          ],
          [
            80.02272,
            12.96881
          ],
          [
            80.02321,
            12.96874
          ],
          [
            80.02347,
            12.96871
          ],
          [
            80.02363,
            12.96869
          ],
          [
            80.02469,
            12.96857
          ],
          [
            80.02595,
            12.96851
          ],
          [
            80.02617,
            12.96851
          ],
          [
            80.02636,
            12.96851
          ],
          [
            80.02652,
            12.96851
          ],
          [
            80.02872,
            12.96866
          ],
          [
            80.02954,
            12.96873
          ],
          [
            80.03059,
            12.96891
          ],
          [
            80.03098,
            12.96898
          ],
          [
            80.0323,
            12.96929
          ],
          [
            80.03233,
            12.96931
          ],
          [
            80.0324,
            12.96932
          ],
          [
            80.03329,
            12.96956
          ],
          [
            80.03397,
            12.96973
          ],
          [
            80.03427,
            12.96982
          ],
          [
            80.03507,
            12.97001
          ],
          [
            80.0362,
            12.9703
          ],
          [
            80.03645,
            12.97035
          ],
          [
            80.03767,
            12.97058
          ],
          [
            80.0389,
            12.97077
          ],
          [
            80.03937,
            12.97086
          ],
          [
            80.0396,
            12.97091
          ],
          [
            80.03977,
            12.97096
          ],
          [
            80.04008,
            12.97109
          ],
          [
            80.04061,
            12.97134
          ],
          [
            80.04082,
            12.97143
          ],
          [
            80.04103,
            12.97155
          ],
          [
            80.04153,
            12.97187
          ],
          [
            80.04183,
            12.97204
          ],
          [
            80.04238,
            12.97242
          ],
          [
            80.04267,
            12.97262
          ],
          [
            80.0432,
            12.97297
          ],
          [
            80.04371,
            12.97332
          ],
          [
            80.04426,
            12.97367
          ],
          [
            80.04494,
            12.97402
          ],
          [
            80.04532,
            12.97421
          ],
          [
            80.04544,
            12.97427
          ],
          [
            80.04555,
            12.97431
          ],
          [
            80.0458,
            12.97438
          ],
          [
            80.04664,
            12.9746
          ],
          [
            80.04719,
            12.97474
          ],
          [
            80.04779,
            12.97496
          ],
          [
            80.04797,
            12.97502
          ],
          [
            80.04803,
            12.97505
          ],
          [
            80.04861,
            12.97537
          ],
          [
            80.04909,
            12.9757
          ],
          [
            80.04973,
            12.9761
          ],
          [
            80.04977,
            12.97612
          ],
          [
            80.0501,
            12.97632
          ],
          [
            80.05011,
            12.97632
          ],
          [
            80.05131,
            12.97708
          ],
          [
            80.05132,
            12.97708
          ],
          [
            80.05173,
            12.97734
          ],
          [
            80.05174,
            12.97734
          ],
          [
            80.05198,
            12.97752
          ],
          [
            80.052,
            12.97753
          ],
          [
            80.05209,
            12.97758
          ],
          [
            80.05281,
            12.9781
          ],
          [
            80.05291,
            12.97818
          ],
          [
            80.0531,
            12.97832
          ],
          [
            80.05365,
            12.9787
          ],
          [
            80.05414,
            12.97908
          ]
        ]
      }
    },
    {
      "type": "Feature",
      "properties": {
        "type": "astar_full",
        "legs": 8,
        "failed": 3,
        "stroke": "#00ff00",
        "stroke-width": 4
      },
      "geometry": {
        "type": "LineString",
        "coordinates": [
          [
            80.21224,
            12.87934
          ],
          [
            80.21333,
            12.87913
          ],
          [
            80.21367,
            12.87907
          ],
          [
            80.214,
            12.879
          ],
          [
            80.21459,
            12.87889
          ],
          [
            80.21508,
            12.87878
          ],
          [
            80.21541,
            12.87872
          ],
          [
            80.21613,
            12.87857
          ],
          [
            80.21642,
            12.8785
          ],
          [
            80.21674,
            12.87843
          ],
          [
            80.21721,
            12.87833
          ],
          [
            80.21724,
            12.87833
          ],
          [
            80.21733,
            12.87831
          ],
          [
            80.21738,
            12.8783
          ],
          [
            80.21744,
            12.87828
          ],
          [
            80.21811,
            12.87814
          ],
          [
            80.21941,
            12.87787
          ],
          [
            80.21946,
            12.87786
          ],
          [
            80.21955,
            12.87784
          ],
          [
            80.21974,
            12.8778
          ],
          [
            80.22122,
            12.87746
          ],
          [
            80.22393,
            12.87683
          ],
          [
            80.22401,
            12.87681
          ],
          [
            80.22494,
            12.8767
          ],
          [
            80.22592,
            12.87661
          ],
          [
            80.22669,
            12.87655
          ],
          [
            80.2268,
            12.87654
          ],
          [
            80.22685,
            12.87654
          ],
          [
            80.22684,
            12.87696
          ],
          [
            80.22679,
            12.87778
          ],
          [
            80.22676,
            12.87822
          ],
          [
            80.22673,
            12.87864
          ],
          [
            80.22671,
            12.87892
          ],
          [
            80.22669,
            12.87919
          ],
          [
            80.22667,
            12.8802
          ],
          [
            80.22667,
            12.8803
          ],
          [
            80.22664,
            12.88247
          ],
          [
            80.22664,
            12.88365
          ],
          [
            80.22662,
            12.8842
          ],
          [
            80.22663,
            12.88472
          ],
          [
            80.22665,
            12.88527
          ],
          [
            80.22665,
            12.88533
          ],
          [
            80.22673,
            12.8857
          ],
          [
            80.22713,
            12.88719
          ],
          [
            80.22726,
            12.88826
          ],
          [
            80.2273,
            12.89179
          ],
          [
            80.22731,
            12.89229
          ],
          [
            80.22732,
            12.89242
          ],
          [
            80.22748,
            12.8939
          ],
          [
            80.22758,
            12.8955
          ],
          [
            80.22764,
            12.89662
          ],
          [
            80.22764,
            12.89675
          ],
          [
            80.22773,
            12.89827
          ],
          [
            80.22775,
            12.89868
          ],
          [
            80.22783,
            12.90005
          ],
          [
            80.22786,
            12.90043
          ],
          [
            80.22786,
            12.90048
          ],
          [
            80.22787,
            12.9006
          ],
          [
            80.22787,
            12.90068
          ],
          [
            80.22788,
            12.90078
          ],
          [
            80.22789,
            12.90091
          ],
          [
            80.22772,
            12.90092
          ],
          [
            80.22761,
            12.90092
          ],
          [
            80.22758,
            12.90092
          ],
          [
            80.22432,
            12.90103
          ],
          [
            80.22385,
            12.90103
          ],
          [
            80.2236,
            12.90104
          ],
          [
            80.22296,
            12.9011
          ],
          [
            80.22288,
            12.9011
          ],
          [
            80.22057,
            12.90139
          ],
          [
            80.22035,
            12.90141
          ],
          [
            80.22001,
            12.90145
          ],
          [
            80.21991,
            12.90147
          ],
          [
            80.21839,
            12.90164
          ],
          [
            80.2182,
            12.90167
          ],
          [
            80.21742,
            12.90179
          ],
          [
            80.21733,
            12.90181
          ],
          [
            80.21678,
            12.90194
          ],
          [
            80.21484,
            12.9027
          ],
          [
            80.21476,
            12.90273
          ],
          [
            80.21309,
            12.90338
          ],
          [
            80.21291,
            12.90345
          ],
          [
            80.21095,
            12.90421
          ],
          [
            80.21082,
            12.90426
          ],
          [
            80.20941,
            12.90481
          ],
          [
            80.208,
            12.90545
          ],
          [
            80.20798,
            12.90546
          ],
          [
            80.20793,
            12.90548
          ],
          [
            80.20676,
            12.90597
          ],
          [
            80.206,
            12.90625
          ],
          [
            80.20529,
            12.90654
          ],
          [
            80.20495,
            12.90673
          ],
          [
            80.20451,
            12.90706
          ],
          [
            80.20445,
            12.9071
          ],
          [
            80.20434,
            12.90717
          ],
          [
            80.20418,
            12.90724
          ],
          [
            80.20397,
            12.9073
          ],
          [
            80.20376,
            12.90736
          ],
          [
            80.20311,
            12.90747
          ],
          [
            80.2027,
            12.90748
          ],
          [
            80.20245,
            12.9075
          ],
          [
            80.20212,
            12.9075
          ],
          [
            80.20191,
            12.90749
          ],
          [
            80.20133,
            12.90754
          ],
          [
            80.20084,
            12.90757
          ],
          [
            80.19986,
            12.90762
          ],
          [
            80.19895,
            12.90768
          ],
          [
            80.19875,
            12.9077
          ],
          [
            80.19856,
            12.9078
          ],
          [
            80.19831,
            12.90804
          ],
          [
            80.19814,
            12.90828
          ],
          [
            80.19784,
            12.90872
          ],
          [
            80.19734,
            12.90944
          ],
          [
            80.19729,
            12.90952
          ],
          [
            80.19695,
            12.91
          ],
          [
            80.19674,
            12.91027
          ],
          [
            80.19649,
            12.91065
          ],
          [
            80.19618,
            12.9111
          ],
          [
            80.1959,
            12.91148
          ],
          [
            80.19564,
            12.91184
          ],
          [
            80.1954,
            12.91219
          ],
          [
            80.19527,
            12.91239
          ],
          [
            80.19519,
            12.9125
          ],
          [
            80.19509,
            12.91274
          ],
          [
            80.19505,
            12.91289
          ],
          [
            80.19494,
            12.91332
          ],
          [
            80.19487,
            12.91363
          ],
          [
            80.19471,
            12.91439
          ],
          [
            80.19457,
            12.91506
          ],
          [
            80.19446,
            12.91559
          ],
          [
            80.19444,
            12.91565
          ],
          [
            80.19432,
            12.91627
          ],
          [
            80.19413,
            12.91697
          ],
          [
            80.19394,
            12.91694
          ],
          [
            80.19376,
            12.91694
          ],
          [
            80.19338,
            12.91697
          ],
          [
            80.19294,
            12.917
          ],
          [
            80.19241,
            12.91707
          ],
          [
            80.19233,
            12.91647
          ],
          [
            80.19229,
            12.91588
          ],
          [
            80.19227,
            12.91564
          ],
          [
            80.19226,
            12.91558
          ],
          [
            80.19226,
            12.91551
          ],
          [
            80.19223,
            12.91499
          ],
          [
            80.19221,
            12.91474
          ],
          [
            80.1922,
            12.91467
          ],
          [
            80.19217,
            12.91443
          ],
          [
            80.19216,
            12.91431
          ],
          [
            80.19212,
            12.91397
          ],
          [
            80.19204,
            12.91323
          ],
          [
            80.19201,
            12.91294
          ],
          [
            80.19195,
            12.91241
          ],
          [
            80.19195,
            12.91237
          ],
          [
            80.19194,
            12.91232
          ],
          [
            80.19182,
            12.91128
          ],
          [
            80.1918,
            12.91108
          ],
          [
            80.19177,
            12.91086
          ],
          [
            80.19169,
            12.91036
          ],
          [
            80.19167,
            12.91018
          ],
          [
            80.19167,
            12.91014
          ],
          [
            80.19165,
            12.91007
          ],
          [
            80.19163,
            12.91001
          ],
          [
            80.19162,
            12.90997
          ],
          [
            80.19154,
            12.90987
          ],
          [
            80.19151,
            12.90982
          ],
          [
            80.19124,
            12.90948
          ],
          [
            80.19106,
            12.90925
          ],
          [
            80.19039,
            12.90836
          ],
          [
            80.19038,
            12.90835
          ],
          [
            80.1898,
            12.90759
          ],
          [
            80.18968,
            12.90745
          ],
          [
            80.18962,
            12.90736
          ],
          [
            80.18899,
            12.90651
          ],
          [
            80.18896,
            12.90647
          ],
          [
            80.18877,
            12.90614
          ],
          [
            80.18825,
            12.90536
          ],
          [
            80.18765,
            12.90443
          ],
          [
            80.18749,
            12.90421
          ],
          [
            80.18742,
            12.90412
          ],
          [
            80.18736,
            12.90408
          ],
          [
            80.18728,
            12.90403
          ],
          [
            80.18713,
            12.90399
          ],
          [
            80.18671,
            12.90401
          ],
          [
            80.18602,
            12.90403
          ],
          [
            80.18507,
            12.90406
          ],
          [
            80.18477,
            12.90404
          ],
          [
            80.18472,
            12.90402
          ],
          [
            80.18467,
            12.90397
          ],
          [
            80.18415,
            12.90202
          ],
          [
            80.18414,
            12.90199
          ],
          [
            80.18412,
            12.90189
          ],
          [
            80.1839,
            12.90117
          ],
          [
            80.18388,
            12.90108
          ],
          [
            80.18365,
            12.90058
          ],
          [
            80.18333,
            12.89996
          ],
          [
            80.18298,
            12.89925
          ],
          [
            80.18297,
            12.89923
          ],
          [
            80.18254,
            12.89831
          ],
          [
            80.18238,
            12.898
          ],
          [
            80.18228,
            12.89781
          ],
          [
            80.18226,
            12.89776
          ],
          [
            80.18216,
            12.89759
          ],
          [
            80.18213,
            12.89753
          ],
          [
            80.18203,
            12.89735
          ],
          [
            80.18202,
            12.89732
          ],
          [
            80.18178,
            12.8969
          ],
          [
            80.18153,
            12.89643
          ],
          [
            80.18138,
            12.89612
          ],
          [
            80.18123,
            12.89581
          ],
          [
            80.18116,
            12.89569
          ],
          [
            80.181,
            12.89536
          ],
          [
            80.18074,
            12.8948
          ],
          [
            80.18045,
            12.89424
          ],
          [
            80.18035,
            12.89407
          ],
          [
            80.18004,
            12.89345
          ],
          [
            80.17993,
            12.89334
          ],
          [
            80.17983,
            12.89327
          ],
          [
            80.17962,
            12.89314
          ],
          [
            80.17948,
            12.89306
          ],
          [
            80.17936,
            12.89299
          ],
          [
            80.17913,
            12.89288
          ],
          [
            80.17851,
            12.89255
          ],
          [
            80.17783,
            12.89218
          ],
          [
            80.17774,
            12.89213
          ],
          [
            80.17692,
            12.8917
          ],
          [
            80.17651,
            12.89146
          ],
          [
            80.17648,
            12.89144
          ],
          [
            80.17621,
            12.89129
          ],
          [
            80.17618,
            12.89128
          ],
          [
            80.17572,
            12.89103
          ],
          [
            80.17535,
            12.89084
          ],
          [
            80.1748,
            12.89055
          ],
          [
            80.17467,
            12.89043
          ],
          [
            80.17467,
            12.89042
          ],
          [
            80.17461,
            12.89036
          ],
          [
            80.17453,
            12.89024
          ],
          [
            80.17441,
            12.88983
          ],
          [
            80.17351,
            12.8881
          ],
          [
            80.17333,
            12.88776
          ],
          [
            80.17233,
            12.88585
          ],
          [
            80.17191,
            12.885
          ],
          [
            80.17155,
            12.88434
          ],
          [
            80.17142,
            12.8841
          ],
          [
            80.17102,
            12.88329
          ],
          [
            80.17077,
            12.88281
          ],
          [
            80.17073,
            12.8827
          ],
          [
            80.17073,
            12.88266
          ],
          [
            80.17065,
            12.88268
          ],
          [
            80.17068,
            12.88276
          ],
          [
            80.17096,
            12.88333
          ],
          [
            80.17134,
            12.8841
          ],
          [
            80.17149,
            12.88438
          ],
          [
            80.17172,
            12.8848
          ],
          [
            80.17183,
            12.885
          ],
          [
            80.17226,
            12.88587
          ],
          [
            80.17311,
            12.88749
          ],
          [
            80.17344,
            12.88812
          ],
          [
            80.17404,
            12.88929
          ],
          [
            80.1741,
            12.88941
          ],
          [
            80.17427,
            12.88974
          ],
          [
            80.17432,
            12.88984
          ],
          [
            80.17434,
            12.88987
          ],
          [
            80.17447,
            12.89027
          ],
          [
            80.17454,
            12.8904
          ],
          [
            80.17461,
            12.89048
          ],
          [
            80.17532,
            12.8909
          ],
          [
            80.17567,
            12.89107
          ],
          [
            80.17614,
            12.89134
          ],
          [
            80.17617,
            12.89136
          ],
          [
            80.17647,
            12.89153
          ],
          [
            80.17688,
            12.89177
          ],
          [
            80.17771,
            12.8922
          ],
          [
            80.17932,
            12.89306
          ],
          [
            80.17938,
            12.8931
          ],
          [
            80.17959,
            12.89321
          ],
          [
            80.1798,
            12.89333
          ],
          [
            80.17988,
            12.89338
          ],
          [
            80.17998,
            12.89348
          ],
          [
            80.1803,
            12.89407
          ],
          [
            80.1804,
            12.89427
          ],
          [
            80.18068,
            12.89484
          ],
          [
            80.18075,
            12.89499
          ],
          [
            80.18078,
            12.89504
          ],
          [
            80.18088,
            12.89525
          ],
          [
            80.18093,
            12.89535
          ],
          [
            80.18105,
            12.89565
          ],
          [
            80.18115,
            12.89585
          ],
          [
            80.18123,
            12.89605
          ],
          [
            80.18143,
            12.8964
          ],
          [
            80.18158,
            12.8967
          ],
          [
            80.18171,
            12.89694
          ],
          [
            80.18174,
            12.897
          ],
          [
            80.18187,
            12.89722
          ],
          [
            80.18207,
            12.89756
          ],
          [
            80.1821,
            12.89763
          ],
          [
            80.18221,
            12.89784
          ],
          [
            80.18228,
            12.89798
          ],
          [
            80.18246,
            12.89835
          ],
          [
            80.18289,
            12.89926
          ],
          [
            80.18299,
            12.89946
          ],
          [
            80.18381,
            12.90108
          ],
          [
            80.18383,
            12.90113
          ],
          [
            80.18402,
            12.90191
          ],
          [
            80.18405,
            12.90201
          ],
          [
            80.18408,
            12.90211
          ],
          [
            80.18433,
            12.90307
          ],
          [
            80.18446,
            12.90354
          ],
          [
            80.18449,
            12.90362
          ],
          [
            80.18461,
            12.904
          ],
          [
            80.18468,
            12.90408
          ],
          [
            80.18475,
            12.9041
          ],
          [
            80.18488,
            12.90411
          ],
          [
            80.18498,
            12.90412
          ],
          [
            80.18507,
            12.90412
          ],
          [
            80.18602,
            12.9041
          ],
          [
            80.18671,
            12.90408
          ],
          [
            80.18713,
            12.90406
          ],
          [
            80.18725,
            12.90409
          ],
          [
            80.18737,
            12.90416
          ],
          [
            80.18769,
            12.90464
          ],
          [
            80.18795,
            12.90503
          ],
          [
            80.18818,
            12.90538
          ],
          [
            80.18819,
            12.9054
          ],
          [
            80.18853,
            12.90593
          ],
          [
            80.18869,
            12.90618
          ],
          [
            80.1889,
            12.90651
          ],
          [
            80.18893,
            12.90654
          ],
          [
            80.18956,
            12.9074
          ],
          [
            80.18963,
            12.90748
          ],
          [
            80.19034,
            12.9084
          ],
          [
            80.191,
            12.90929
          ],
          [
            80.19118,
            12.90952
          ],
          [
            80.19143,
            12.90983
          ],
          [
            80.19145,
            12.90986
          ],
          [
            80.19148,
            12.90991
          ],
          [
            80.19154,
            12.91
          ],
          [
            80.19158,
            12.91009
          ],
          [
            80.19159,
            12.91017
          ],
          [
            80.19163,
            12.91045
          ],
          [
            80.19164,
            12.91046
          ],
          [
            80.19169,
            12.91079
          ],
          [
            80.19173,
            12.91109
          ],
          [
            80.19183,
            12.91194
          ],
          [
            80.19187,
            12.91232
          ],
          [
            80.19188,
            12.91237
          ],
          [
            80.19192,
            12.91279
          ],
          [
            80.19194,
            12.91294
          ],
          [
            80.19197,
            12.91324
          ],
          [
            80.19204,
            12.91382
          ],
          [
            80.19207,
            12.91406
          ],
          [
            80.19209,
            12.91432
          ],
          [
            80.19211,
            12.91444
          ],
          [
            80.19213,
            12.91466
          ],
          [
            80.19214,
            12.91474
          ],
          [
            80.19215,
            12.91488
          ],
          [
            80.19216,
            12.91499
          ],
          [
            80.19219,
            12.91552
          ],
          [
            80.19219,
            12.91559
          ],
          [
            80.1922,
            12.91565
          ],
          [
            80.19222,
            12.91602
          ],
          [
            80.19226,
            12.91693
          ],
          [
            80.19227,
            12.91708
          ],
          [
            80.19228,
            12.91716
          ],
          [
            80.19148,
            12.91724
          ],
          [
            80.19072,
            12.91732
          ],
          [
            80.19046,
            12.91735
          ],
          [
            80.19027,
            12.91737
          ],
          [
            80.19014,
            12.91739
          ],
          [
            80.19002,
            12.91742
          ],
          [
            80.18989,
            12.91746
          ],
          [
            80.18969,
            12.91753
          ],
          [
            80.18952,
            12.91759
          ],
          [
            80.18938,
            12.91766
          ],
          [
            80.18923,
            12.91774
          ],
          [
            80.18913,
            12.9178
          ],
          [
            80.18903,
            12.91785
          ],
          [
            80.18884,
            12.91797
          ],
          [
            80.18817,
            12.91852
          ],
          [
            80.18814,
            12.91854
          ],
          [
            80.18809,
            12.91858
          ],
          [
            80.18789,
            12.91876
          ],
          [
            80.18744,
            12.91913
          ],
          [
            80.18729,
            12.91926
          ],
          [
            80.187,
            12.91949
          ],
          [
            80.18654,
            12.91984
          ],
          [
            80.18616,
            12.92014
          ],
          [
            80.18593,
            12.92033
          ],
          [
            80.18587,
            12.92038
          ],
          [
            80.18574,
            12.92045
          ],
          [
            80.18559,
            12.92048
          ],
          [
            80.18538,
            12.9205
          ],
          [
            80.18518,
            12.92049
          ],
          [
            80.18493,
            12.9205
          ],
          [
            80.18477,
            12.92049
          ],
          [
            80.18464,
            12.92048
          ],
          [
            80.18427,
            12.92038
          ],
          [
            80.18424,
            12.92036
          ],
          [
            80.18406,
            12.92023
          ],
          [
            80.18318,
            12.91995
          ],
          [
            80.18256,
            12.91981
          ],
          [
            80.18238,
            12.91977
          ],
          [
            80.18199,
            12.91968
          ],
          [
            80.18188,
            12.91966
          ],
          [
            80.1813,
            12.91955
          ],
          [
            80.18123,
            12.91953
          ],
          [
            80.18095,
            12.91948
          ],
          [
            80.18021,
            12.91933
          ],
          [
            80.17991,
            12.91925
          ],
          [
            80.17967,
            12.91919
          ],
          [
            80.1795,
            12.91912
          ],
          [
            80.17934,
            12.91907
          ],
          [
            80.17896,
            12.91882
          ],
          [
            80.17873,
            12.91866
          ],
          [
            80.1784,
            12.91842
          ],
          [
            80.17827,
            12.91833
          ],
          [
            80.17824,
            12.91832
          ],
          [
            80.1782,
            12.91829
          ],
          [
            80.17814,
            12.91825
          ],
          [
            80.17793,
            12.91819
          ],
          [
            80.1778,
            12.91817
          ],
          [
            80.17764,
            12.91818
          ],
          [
            80.17728,
            12.91824
          ],
          [
            80.17658,
            12.91837
          ],
          [
            80.17605,
            12.91847
          ],
          [
            80.17561,
            12.91861
          ],
          [
            80.17537,
            12.91866
          ],
          [
            80.17463,
            12.91884
          ],
          [
            80.17462,
            12.91884
          ],
          [
            80.17306,
            12.91922
          ],
          [
            80.17268,
            12.91931
          ],
          [
            80.17235,
            12.91941
          ],
          [
            80.17213,
            12.91948
          ],
          [
            80.17141,
            12.9197
          ],
          [
            80.17115,
            12.91978
          ],
          [
            80.17063,
            12.91995
          ],
          [
            80.17022,
            12.92009
          ],
          [
            80.16982,
            12.92022
          ],
          [
            80.16855,
            12.92063
          ],
          [
            80.16823,
            12.92073
          ],
          [
            80.16791,
            12.92084
          ],
          [
            80.16787,
            12.92085
          ],
          [
            80.16771,
            12.9209
          ],
          [
            80.16726,
            12.92104
          ],
          [
            80.16665,
            12.92123
          ],
          [
            80.16629,
            12.92133
          ],
          [
            80.16626,
            12.92134
          ],
          [
            80.16607,
            12.9214
          ],
          [
            80.16589,
            12.92146
          ],
          [
            80.16559,
            12.92156
          ],
          [
            80.16554,
            12.92158
          ],
          [
            80.16549,
            12.9216
          ],
          [
            80.16544,
            12.92161
          ],
          [
            80.16538,
            12.92163
          ],
          [
            80.16525,
            12.92167
          ],
          [
            80.16511,
            12.92172
          ],
          [
            80.16478,
            12.92183
          ],
          [
            80.16458,
            12.92189
          ],
          [
            80.16426,
            12.922
          ],
          [
            80.16421,
            12.92201
          ],
          [
            80.16383,
            12.92214
          ],
          [
            80.16346,
            12.92226
          ],
          [
            80.16297,
            12.92242
          ],
          [
            80.16267,
            12.92252
          ],
          [
            80.16238,
            12.92261
          ],
          [
            80.16092,
            12.92306
          ],
          [
            80.16049,
            12.92319
          ],
          [
            80.16013,
            12.9233
          ],
          [
            80.16,
            12.92333
          ],
          [
            80.1599,
            12.92335
          ],
          [
            80.15881,
            12.92343
          ],
          [
            80.15839,
            12.92347
          ],
          [
            80.15817,
            12.92348
          ],
          [
            80.15699,
            12.92359
          ],
          [
            80.15638,
            12.92366
          ],
          [
            80.15601,
            12.92368
          ],
          [
            80.15593,
            12.92368
          ],
          [
            80.15587,
            12.92368
          ],
          [
            80.15552,
            12.92358
          ],
          [
            80.15537,
            12.92353
          ],
          [
            80.15499,
            12.92343
          ],
          [
            80.15497,
            12.92343
          ],
          [
            80.15469,
            12.92337
          ],
          [
            80.15389,
            12.92317
          ],
          [
            80.15249,
            12.92281
          ],
          [
            80.1521,
            12.92273
          ],
          [
            80.15188,
            12.92269
          ],
          [
            80.15171,
            12.92269
          ],
          [
            80.15134,
            12.92268
          ],
          [
            80.15117,
            12.92267
          ],
          [
            80.15106,
            12.92267
          ],
          [
            80.15095,
            12.92266
          ],
          [
            80.14976,
            12.92263
          ],
          [
            80.14927,
            12.92262
          ],
          [
            80.14886,
            12.9226
          ],
          [
            80.14873,
            12.92259
          ],
          [
            80.14835,
            12.92257
          ],
          [
            80.14795,
            12.92257
          ],
          [
            80.14747,
            12.92256
          ],
          [
            80.1473,
            12.92255
          ],
          [
            80.14673,
            12.92253
          ],
          [
            80.146,
            12.92252
          ],
          [
            80.1458,
            12.92252
          ],
          [
            80.1457,
            12.92252
          ],
          [
            80.14537,
            12.92251
          ],
          [
            80.14501,
            12.92249
          ],
          [
            80.1444,
            12.92247
          ],
          [
            80.14408,
            12.92245
          ],
          [
            80.14404,
            12.92245
          ],
          [
            80.14392,
            12.92245
          ],
          [
            80.1438,
            12.92244
          ],
          [
            80.14353,
            12.92243
          ],
          [
            80.14352,
            12.92243
          ],
          [
            80.143,
            12.92241
          ],
          [
            80.14314,
            12.92219
          ],
          [
            80.14339,
            12.9218
          ],
          [
            80.14347,
            12.92168
          ],
          [
            80.1436,
            12.92148
          ],
          [
            80.14391,
            12.92098
          ],
          [
            80.14405,
            12.92075
          ],
          [
            80.14428,
            12.92039
          ],
          [
            80.14443,
            12.92017
          ],
          [
            80.14454,
            12.92004
          ],
          [
            80.14496,
            12.91948
          ],
          [
            80.14513,
            12.91923
          ],
          [
            80.14516,
            12.91918
          ],
          [
            80.14521,
            12.91911
          ],
          [
            80.14583,
            12.91804
          ],
          [
            80.14585,
            12.91801
          ],
          [
            80.14587,
            12.91797
          ],
          [
            80.14596,
            12.9178
          ],
          [
            80.14557,
            12.91738
          ],
          [
            80.14537,
            12.91715
          ],
          [
            80.14515,
            12.91691
          ],
          [
            80.14466,
            12.91637
          ],
          [
            80.14455,
            12.91624
          ],
          [
            80.14446,
            12.91605
          ],
          [
            80.14439,
            12.91587
          ],
          [
            80.14427,
            12.91547
          ],
          [
            80.14411,
            12.91495
          ],
          [
            80.1441,
            12.91494
          ],
          [
            80.14385,
            12.91412
          ],
          [
            80.14364,
            12.91342
          ],
          [
            80.14342,
            12.91272
          ],
          [
            80.14331,
            12.91238
          ],
          [
            80.14327,
            12.91212
          ],
          [
            80.14326,
            12.9119
          ],
          [
            80.1432,
            12.91138
          ],
          [
            80.14313,
            12.91071
          ],
          [
            80.14307,
            12.91025
          ],
          [
            80.14301,
            12.90986
          ],
          [
            80.14294,
            12.90941
          ],
          [
            80.14287,
            12.9089
          ],
          [
            80.14282,
            12.90846
          ],
          [
            80.14277,
            12.90812
          ],
          [
            80.14276,
            12.90796
          ],
          [
            80.14261,
            12.90681
          ],
          [
            80.14255,
            12.90613
          ],
          [
            80.14251,
            12.90569
          ],
          [
            80.14249,
            12.90545
          ],
          [
            80.14239,
            12.90458
          ],
          [
            80.14237,
            12.90444
          ],
          [
            80.14235,
            12.90425
          ],
          [
            80.14233,
            12.90401
          ],
          [
            80.1422,
            12.90266
          ],
          [
            80.14218,
            12.90249
          ],
          [
            80.14215,
            12.90225
          ],
          [
            80.14209,
            12.90169
          ],
          [
            80.14195,
            12.90029
          ],
          [
            80.14194,
            12.90028
          ],
          [
            80.14192,
            12.90002
          ],
          [
            80.14187,
            12.89943
          ],
          [
            80.14182,
            12.89901
          ],
          [
            80.1417,
            12.89796
          ],
          [
            80.14167,
            12.89745
          ],
          [
            80.14163,
            12.89703
          ],
          [
            80.14162,
            12.89686
          ],
          [
            80.1415,
            12.89575
          ],
          [
            80.14135,
            12.89443
          ],
          [
            80.14133,
            12.89422
          ],
          [
            80.14131,
            12.89407
          ],
          [
            80.14129,
            12.89388
          ],
          [
            80.14126,
            12.89356
          ],
          [
            80.1412,
            12.89307
          ],
          [
            80.14113,
            12.89251
          ],
          [
            80.14108,
            12.89205
          ],
          [
            80.14102,
            12.8915
          ],
          [
            80.141,
            12.89133
          ],
          [
            80.14094,
            12.8909
          ],
          [
            80.14059,
            12.89011
          ],
          [
            80.14035,
            12.88982
          ],
          [
            80.14018,
            12.8897
          ],
          [
            80.14001,
            12.88963
          ],
          [
            80.13983,
            12.88959
          ],
          [
            80.13961,
            12.88959
          ],
          [
            80.13901,
            12.88967
          ],
          [
            80.13774,
            12.88979
          ],
          [
            80.13694,
            12.88993
          ],
          [
            80.13582,
            12.89011
          ],
          [
            80.13528,
            12.89019
          ],
          [
            80.13497,
            12.89022
          ],
          [
            80.1346,
            12.89026
          ],
          [
            80.13341,
            12.89038
          ],
          [
            80.13282,
            12.89047
          ],
          [
            80.13219,
            12.8906
          ],
          [
            80.13122,
            12.89077
          ],
          [
            80.13066,
            12.89087
          ],
          [
            80.1291,
            12.8911
          ],
          [
            80.12828,
            12.89124
          ],
          [
            80.12749,
            12.89147
          ],
          [
            80.12709,
            12.89158
          ],
          [
            80.1268,
            12.89167
          ],
          [
            80.12674,
            12.89169
          ],
          [
            80.12669,
            12.8917
          ],
          [
            80.12652,
            12.89176
          ],
          [
            80.12645,
            12.89178
          ],
          [
            80.12584,
            12.89197
          ],
          [
            80.12564,
            12.89204
          ],
          [
            80.12541,
            12.89211
          ],
          [
            80.12297,
            12.89287
          ],
          [
            80.12242,
            12.89305
          ],
          [
            80.12211,
            12.89313
          ],
          [
            80.12196,
            12.89317
          ],
          [
            80.12184,
            12.8932
          ],
          [
            80.12134,
            12.8933
          ],
          [
            80.12087,
            12.8934
          ],
          [
            80.12056,
            12.89347
          ],
          [
            80.12032,
            12.89353
          ],
          [
            80.12018,
            12.89357
          ],
          [
            80.11997,
            12.89363
          ],
          [
            80.11941,
            12.8938
          ],
          [
            80.119,
            12.89393
          ],
          [
            80.11865,
            12.89405
          ],
          [
            80.11839,
            12.89414
          ],
          [
            80.11806,
            12.89427
          ],
          [
            80.11781,
            12.89436
          ],
          [
            80.11711,
            12.8946
          ],
          [
            80.1168,
            12.89469
          ],
          [
            80.11646,
            12.89479
          ],
          [
            80.1162,
            12.89488
          ],
          [
            80.11534,
            12.89517
          ],
          [
            80.1151,
            12.89526
          ],
          [
            80.11484,
            12.89533
          ],
          [
            80.11459,
            12.89541
          ],
          [
            80.11439,
            12.89546
          ],
          [
            80.11392,
            12.89556
          ],
          [
            80.11194,
            12.89604
          ],
          [
            80.11162,
            12.89612
          ],
          [
            80.11064,
            12.89634
          ],
          [
            80.11045,
            12.8964
          ],
          [
            80.11023,
            12.8965
          ],
          [
            80.11014,
            12.89656
          ],
          [
            80.1101,
            12.8966
          ],
          [
            80.11003,
            12.89667
          ],
          [
            80.1097,
            12.89697
          ],
          [
            80.10918,
            12.89733
          ],
          [
            80.10902,
            12.89742
          ],
          [
            80.10888,
            12.89749
          ],
          [
            80.10877,
            12.89754
          ],
          [
            80.10852,
            12.89762
          ],
          [
            80.10831,
            12.89769
          ],
          [
            80.10815,
            12.89776
          ],
          [
            80.10778,
            12.8979
          ],
          [
            80.10734,
            12.89807
          ],
          [
            80.10693,
            12.89824
          ],
          [
            80.1066,
            12.89836
          ],
          [
            80.10619,
            12.89851
          ],
          [
            80.10595,
            12.8986
          ],
          [
            80.10591,
            12.89869
          ],
          [
            80.10583,
            12.89873
          ],
          [
            80.10542,
            12.89892
          ],
          [
            80.10538,
            12.89894
          ],
          [
            80.10535,
            12.89896
          ],
          [
            80.10527,
            12.89902
          ],
          [
            80.10522,
            12.89908
          ],
          [
            80.10515,
            12.89927
          ],
          [
            80.105,
            12.89968
          ],
          [
            80.10495,
            12.89981
          ],
          [
            80.1049,
            12.89988
          ],
          [
            80.10484,
            12.89995
          ],
          [
            80.10476,
            12.9
          ],
          [
            80.1041,
            12.90039
          ],
          [
            80.10315,
            12.90096
          ],
          [
            80.10226,
            12.90153
          ],
          [
            80.10158,
            12.902
          ],
          [
            80.10092,
            12.9024
          ],
          [
            80.10048,
            12.90265
          ],
          [
            80.1001,
            12.90287
          ],
          [
            80.09981,
            12.90304
          ],
          [
            80.0992,
            12.90343
          ],
          [
            80.09851,
            12.90387
          ],
          [
            80.09818,
            12.90406
          ],
          [
            80.09795,
            12.90419
          ],
          [
            80.09758,
            12.90438
          ],
          [
            80.09728,
            12.90451
          ],
          [
            80.09658,
            12.90478
          ],
          [
            80.09648,
            12.90483
          ],
          [
            80.09596,
            12.9051
          ],
          [
            80.09587,
            12.90516
          ],
          [
            80.09581,
            12.9052
          ],
          [
            80.09564,
            12.90531
          ],
          [
            80.0955,
            12.90541
          ],
          [
            80.09599,
            12.90607
          ],
          [
            80.09662,
            12.90684
          ],
          [
            80.09687,
            12.90719
          ],
          [
            80.09736,
            12.90781
          ],
          [
            80.0977,
            12.90826
          ],
          [
            80.09795,
            12.90856
          ],
          [
            80.09823,
            12.90881
          ],
          [
            80.09856,
            12.90907
          ],
          [
            80.0987,
            12.9092
          ],
          [
            80.09878,
            12.90926
          ],
          [
            80.09911,
            12.9095
          ],
          [
            80.10038,
            12.91027
          ],
          [
            80.10071,
            12.91049
          ],
          [
            80.10094,
            12.91077
          ],
          [
            80.10113,
            12.91106
          ],
          [
            80.10128,
            12.91157
          ],
          [
            80.10137,
            12.9122
          ],
          [
            80.10148,
            12.91336
          ],
          [
            80.10151,
            12.9137
          ],
          [
            80.10162,
            12.91411
          ],
          [
            80.1017,
            12.91439
          ],
          [
            80.10181,
            12.91463
          ],
          [
            80.10198,
            12.9149
          ],
          [
            80.10218,
            12.91514
          ],
          [
            80.10239,
            12.91531
          ],
          [
            80.10264,
            12.91545
          ],
          [
            80.10293,
            12.91557
          ],
          [
            80.10321,
            12.91563
          ],
          [
            80.10357,
            12.91568
          ],
          [
            80.10406,
            12.91575
          ],
          [
            80.10422,
            12.91578
          ],
          [
            80.10433,
            12.9158
          ],
          [
            80.10437,
            12.91581
          ],
          [
            80.10463,
            12.91586
          ],
          [
            80.10499,
            12.91596
          ],
          [
            80.10548,
            12.9162
          ],
          [
            80.10687,
            12.91696
          ],
          [
            80.1071,
            12.91707
          ],
          [
            80.10756,
            12.91733
          ],
          [
            80.10792,
            12.91758
          ],
          [
            80.10823,
            12.91783
          ],
          [
            80.10964,
            12.91895
          ],
          [
            80.10986,
            12.91915
          ],
          [
            80.11032,
            12.91947
          ],
          [
            80.111,
            12.92002
          ],
          [
            80.11194,
            12.92089
          ],
          [
            80.11225,
            12.92118
          ],
          [
            80.11422,
            12.92319
          ],
          [
            80.11446,
            12.92342
          ],
          [
            80.11501,
            12.92397
          ],
          [
            80.11557,
            12.92451
          ],
          [
            80.116,
            12.92493
          ],
          [
            80.11631,
            12.92523
          ],
          [
            80.11706,
            12.92596
          ],
          [
            80.11756,
            12.92647
          ],
          [
            80.11816,
            12.92708
          ],
          [
            80.11817,
            12.9271
          ],
          [
            80.11847,
            12.92739
          ],
          [
            80.11876,
            12.92768
          ],
          [
            80.1192,
            12.92812
          ],
          [
            80.12004,
            12.929
          ],
          [
            80.12009,
            12.92905
          ],
          [
            80.1205,
            12.92946
          ],
          [
            80.121,
            12.92993
          ],
          [
            80.12113,
            12.93007
          ],
          [
            80.12103,
            12.93004
          ],
          [
            80.12094,
            12.93004
          ],
          [
            80.1208,
            12.93006
          ],
          [
            80.11944,
            12.93026
          ],
          [
            80.11926,
            12.93028
          ],
          [
            80.11823,
            12.93042
          ],
          [
            80.11783,
            12.93049
          ],
          [
            80.11753,
            12.93058
          ],
          [
            80.11724,
            12.93066
          ],
          [
            80.11711,
            12.93067
          ],
          [
            80.11681,
            12.93066
          ],
          [
            80.11674,
            12.93065
          ],
          [
            80.11669,
            12.93064
          ],
          [
            80.11611,
            12.93054
          ],
          [
            80.11554,
            12.93046
          ],
          [
            80.11537,
            12.93041
          ],
          [
            80.11501,
            12.93035
          ],
          [
            80.11461,
            12.9302
          ],
          [
            80.11433,
            12.93008
          ],
          [
            80.114,
            12.92992
          ],
          [
            80.11342,
            12.9296
          ],
          [
            80.11266,
            12.92915
          ],
          [
            80.11251,
            12.92905
          ],
          [
            80.11244,
            12.92905
          ],
          [
            80.11238,
            12.92906
          ],
          [
            80.11232,
            12.92909
          ],
          [
            80.11228,
            12.92915
          ],
          [
            80.11207,
            12.9298
          ],
          [
            80.11197,
            12.93015
          ],
          [
            80.11191,
            12.93047
          ],
          [
            80.11191,
            12.93056
          ],
          [
            80.11191,
            12.93064
          ],
          [
            80.11195,
            12.93071
          ],
          [
            80.11096,
            12.93079
          ],
          [
            80.1103,
            12.93092
          ],
          [
            80.10787,
            12.93165
          ],
          [
            80.10635,
            12.93216
          ],
          [
            80.10483,
            12.93267
          ],
          [
            80.10472,
            12.9327
          ],
          [
            80.10439,
            12.93305
          ],
          [
            80.10432,
            12.93312
          ],
          [
            80.10402,
            12.93345
          ],
          [
            80.10373,
            12.93409
          ],
          [
            80.10353,
            12.93454
          ],
          [
            80.10349,
            12.93462
          ],
          [
            80.10321,
            12.93524
          ],
          [
            80.10311,
            12.93547
          ],
          [
            80.10275,
            12.93553
          ],
          [
            80.10258,
            12.93557
          ],
          [
            80.10242,
            12.9356
          ],
          [
            80.10205,
            12.93568
          ],
          [
            80.10181,
            12.93574
          ],
          [
            80.10128,
            12.93583
          ],
          [
            80.10056,
            12.93597
          ],
          [
            80.09966,
            12.93616
          ],
          [
            80.0994,
            12.93623
          ],
          [
            80.09939,
            12.93606
          ],
          [
            80.09937,
            12.93584
          ],
          [
            80.09942,
            12.93455
          ],
          [
            80.10012,
            12.92759
          ],
          [
            80.10015,
            12.9273
          ],
          [
            80.10019,
            12.92691
          ],
          [
            80.10037,
            12.92514
          ],
          [
            80.10038,
            12.9251
          ],
          [
            80.10039,
            12.92501
          ],
          [
            80.1004,
            12.92494
          ],
          [
            80.10042,
            12.9247
          ],
          [
            80.10067,
            12.92285
          ],
          [
            80.10068,
            12.92275
          ],
          [
            80.10084,
            12.92157
          ],
          [
            80.1239,
            12.93263
          ],
          [
            80.12307,
            12.9318
          ],
          [
            80.12126,
            12.92997
          ],
          [
            80.12113,
            12.93007
          ],
          [
            80.12103,
            12.93004
          ],
          [
            80.12094,
            12.93004
          ],
          [
            80.1208,
            12.93006
          ],
          [
            80.11944,
            12.93026
          ],
          [
            80.11926,
            12.93028
          ],
          [
            80.11823,
            12.93042
          ],
          [
            80.11783,
            12.93049
          ],
          [
            80.11753,
            12.93058
          ],
          [
            80.11724,
            12.93066
          ],
          [
            80.11711,
            12.93067
          ],
          [
            80.11681,
            12.93066
          ],
          [
            80.11674,
            12.93065
          ],
          [
            80.11669,
            12.93064
          ],
          [
            80.11611,
            12.93054
          ],
          [
            80.11554,
            12.93046
          ],
          [
            80.11537,
            12.93041
          ],
          [
            80.11501,
            12.93035
          ],
          [
            80.11461,
            12.9302
          ],
          [
            80.11433,
            12.93008
          ],
          [
            80.114,
            12.92992
          ],
          [
            80.11342,
            12.9296
          ],
          [
            80.11266,
            12.92915
          ],
          [
            80.11251,
            12.92905
          ],
          [
            80.11244,
            12.92905
          ],
          [
            80.11238,
            12.92906
          ],
          [
            80.11232,
            12.92909
          ],
          [
            80.11228,
            12.92915
          ],
          [
            80.11207,
            12.9298
          ],
          [
            80.11197,
            12.93015
          ],
          [
            80.11191,
            12.93047
          ],
          [
            80.11191,
            12.93056
          ],
          [
            80.11191,
            12.93064
          ],
          [
            80.11195,
            12.93071
          ],
          [
            80.11096,
            12.93079
          ],
          [
            80.1103,
            12.93092
          ],
          [
            80.10787,
            12.93165
          ],
          [
            80.10635,
            12.93216
          ],
          [
            80.10483,
            12.93267
          ],
          [
            80.10472,
            12.9327
          ],
          [
            80.10439,
            12.93305
          ],
          [
            80.10432,
            12.93312
          ],
          [
            80.10402,
            12.93345
          ],
          [
            80.10373,
            12.93409
          ],
          [
            80.10353,
            12.93454
          ],
          [
            80.10349,
            12.93462
          ],
          [
            80.10321,
            12.93524
          ],
          [
            80.10311,
            12.93547
          ],
          [
            80.10275,
            12.93553
          ],
          [
            80.10258,
            12.93557
          ],
          [
            80.10242,
            12.9356
          ],
          [
            80.10205,
            12.93568
          ],
          [
            80.10181,
            12.93574
          ],
          [
            80.10128,
            12.93583
          ],
          [
            80.10056,
            12.93597
          ],
          [
            80.09966,
            12.93616
          ],
          [
            80.0994,
            12.93623
          ],
          [
            80.09939,
            12.93606
          ],
          [
            80.09937,
            12.93584
          ],
          [
            80.09942,
            12.93455
          ],
          [
            80.10012,
            12.92759
          ],
          [
            80.10015,
            12.9273
          ],
          [
            80.10019,
            12.92691
          ],
          [
            80.10037,
            12.92514
          ],
          [
            80.10038,
            12.9251
          ],
          [
            80.10039,
            12.92501
          ],
          [
            80.10026,
            12.92496
          ],
          [
            80.10012,
            12.9249
          ],
          [
            80.09989,
            12.92482
          ],
          [
            80.09969,
            12.92473
          ],
          [
            80.0996,
            12.92469
          ],
          [
            80.09897,
            12.92443
          ],
          [
            80.09876,
            12.92431
          ],
          [
            80.09857,
            12.92422
          ],
          [
            80.09847,
            12.92415
          ],
          [
            80.0982,
            12.92397
          ],
          [
            80.09805,
            12.92386
          ],
          [
            80.09767,
            12.92361
          ],
          [
            80.09746,
            12.92346
          ],
          [
            80.09731,
            12.92336
          ],
          [
            80.09723,
            12.92332
          ],
          [
            80.09705,
            12.9232
          ],
          [
            80.09666,
            12.92297
          ],
          [
            80.09627,
            12.92272
          ],
          [
            80.09584,
            12.92247
          ],
          [
            80.09564,
            12.92238
          ],
          [
            80.09542,
            12.9223
          ],
          [
            80.09536,
            12.92228
          ],
          [
            80.0952,
            12.92223
          ],
          [
            80.09503,
            12.92219
          ],
          [
            80.0948,
            12.92213
          ],
          [
            80.09474,
            12.92211
          ],
          [
            80.09446,
            12.92204
          ],
          [
            80.09415,
            12.92196
          ],
          [
            80.09393,
            12.9219
          ],
          [
            80.0935,
            12.92179
          ],
          [
            80.09341,
            12.92177
          ],
          [
            80.09243,
            12.92151
          ],
          [
            80.09166,
            12.92132
          ],
          [
            80.09136,
            12.92125
          ],
          [
            80.08973,
            12.92086
          ],
          [
            80.08933,
            12.92078
          ],
          [
            80.08921,
            12.92074
          ],
          [
            80.08911,
            12.92069
          ],
          [
            80.08853,
            12.92037
          ],
          [
            80.08838,
            12.92028
          ],
          [
            80.08768,
            12.91992
          ],
          [
            80.08728,
            12.91975
          ],
          [
            80.08696,
            12.9197
          ],
          [
            80.08672,
            12.91968
          ],
          [
            80.08667,
            12.91968
          ],
          [
            80.08663,
            12.91968
          ],
          [
            80.08636,
            12.91965
          ],
          [
            80.08632,
            12.91965
          ],
          [
            80.08615,
            12.91963
          ],
          [
            80.08598,
            12.91961
          ],
          [
            80.0859,
            12.9196
          ],
          [
            80.08576,
            12.91958
          ],
          [
            80.0856,
            12.91955
          ],
          [
            80.08535,
            12.9195
          ],
          [
            80.08509,
            12.91945
          ],
          [
            80.08471,
            12.91935
          ],
          [
            80.08407,
            12.91914
          ],
          [
            80.08365,
            12.91899
          ],
          [
            80.08303,
            12.91878
          ],
          [
            80.08264,
            12.91864
          ],
          [
            80.08238,
            12.91855
          ],
          [
            80.08222,
            12.91849
          ],
          [
            80.08178,
            12.91832
          ],
          [
            80.08174,
            12.9183
          ],
          [
            80.08112,
            12.91806
          ],
          [
            80.08101,
            12.91801
          ],
          [
            80.08094,
            12.91797
          ],
          [
            80.08035,
            12.91738
          ],
          [
            80.0803,
            12.91733
          ],
          [
            80.08025,
            12.91727
          ],
          [
            80.07976,
            12.91675
          ],
          [
            80.07971,
            12.91671
          ],
          [
            80.07955,
            12.91652
          ],
          [
            80.07877,
            12.91577
          ],
          [
            80.07861,
            12.91566
          ],
          [
            80.07841,
            12.91555
          ],
          [
            80.07825,
            12.91551
          ],
          [
            80.07803,
            12.91547
          ],
          [
            80.07773,
            12.91545
          ],
          [
            80.07742,
            12.91545
          ],
          [
            80.07699,
            12.91546
          ],
          [
            80.07651,
            12.91548
          ],
          [
            80.07601,
            12.91548
          ],
          [
            80.07588,
            12.91548
          ],
          [
            80.07571,
            12.91547
          ],
          [
            80.07562,
            12.91547
          ],
          [
            80.07555,
            12.91547
          ],
          [
            80.07542,
            12.91548
          ],
          [
            80.07527,
            12.91548
          ],
          [
            80.07505,
            12.91549
          ],
          [
            80.07482,
            12.91547
          ],
          [
            80.07464,
            12.91548
          ],
          [
            80.07452,
            12.91549
          ],
          [
            80.07426,
            12.91551
          ],
          [
            80.07411,
            12.91551
          ],
          [
            80.07394,
            12.91551
          ],
          [
            80.07371,
            12.91552
          ],
          [
            80.07353,
            12.91551
          ],
          [
            80.07338,
            12.91549
          ],
          [
            80.07327,
            12.91547
          ],
          [
            80.07316,
            12.91544
          ],
          [
            80.07304,
            12.91541
          ],
          [
            80.07287,
            12.91535
          ],
          [
            80.07259,
            12.91523
          ],
          [
            80.07233,
            12.91511
          ],
          [
            80.07216,
            12.91502
          ],
          [
            80.07204,
            12.91491
          ],
          [
            80.072,
            12.91498
          ],
          [
            80.07168,
            12.91501
          ],
          [
            80.07164,
            12.91501
          ],
          [
            80.0716,
            12.91501
          ],
          [
            80.07108,
            12.91505
          ],
          [
            80.07093,
            12.91507
          ],
          [
            80.07027,
            12.91513
          ],
          [
            80.07001,
            12.91515
          ],
          [
            80.06975,
            12.91517
          ],
          [
            80.06971,
            12.91518
          ],
          [
            80.06937,
            12.91521
          ],
          [
            80.06894,
            12.91525
          ],
          [
            80.06878,
            12.91526
          ],
          [
            80.06844,
            12.91526
          ],
          [
            80.06833,
            12.91526
          ],
          [
            80.06828,
            12.91527
          ],
          [
            80.06791,
            12.91533
          ],
          [
            80.06767,
            12.91541
          ],
          [
            80.06751,
            12.91546
          ],
          [
            80.06729,
            12.91552
          ],
          [
            80.067,
            12.9156
          ],
          [
            80.06647,
            12.91574
          ],
          [
            80.06612,
            12.91584
          ],
          [
            80.06578,
            12.91593
          ],
          [
            80.06537,
            12.91604
          ],
          [
            80.06518,
            12.91608
          ],
          [
            80.06474,
            12.91616
          ],
          [
            80.06459,
            12.91619
          ],
          [
            80.06427,
            12.91627
          ],
          [
            80.0635,
            12.91644
          ],
          [
            80.06319,
            12.91652
          ],
          [
            80.06277,
            12.91661
          ],
          [
            80.06193,
            12.9169
          ],
          [
            80.0618,
            12.91693
          ],
          [
            80.06171,
            12.91692
          ],
          [
            80.06154,
            12.91689
          ],
          [
            80.06081,
            12.91663
          ],
          [
            80.06009,
            12.91644
          ],
          [
            80.05987,
            12.91638
          ],
          [
            80.05963,
            12.91631
          ],
          [
            80.05902,
            12.91608
          ],
          [
            80.05868,
            12.91595
          ],
          [
            80.05853,
            12.9159
          ],
          [
            80.05832,
            12.91595
          ],
          [
            80.05789,
            12.91608
          ],
          [
            80.05736,
            12.91624
          ],
          [
            80.05685,
            12.91635
          ],
          [
            80.05638,
            12.91645
          ],
          [
            80.05549,
            12.91661
          ],
          [
            80.05492,
            12.91673
          ],
          [
            80.05458,
            12.9168
          ],
          [
            80.05438,
            12.91686
          ],
          [
            80.05428,
            12.9169
          ],
          [
            80.05419,
            12.91696
          ],
          [
            80.05413,
            12.9171
          ],
          [
            80.05407,
            12.91719
          ],
          [
            80.05404,
            12.91722
          ],
          [
            80.05401,
            12.91725
          ],
          [
            80.05398,
            12.91726
          ],
          [
            80.05395,
            12.91727
          ],
          [
            80.0539,
            12.91729
          ],
          [
            80.05376,
            12.91731
          ],
          [
            80.05358,
            12.91732
          ],
          [
            80.05337,
            12.91732
          ],
          [
            80.05321,
            12.91733
          ],
          [
            80.05292,
            12.91738
          ],
          [
            80.05264,
            12.91744
          ],
          [
            80.05156,
            12.91776
          ],
          [
            80.05087,
            12.91795
          ],
          [
            80.05032,
            12.91807
          ],
          [
            80.0488,
            12.91847
          ],
          [
            80.04853,
            12.91854
          ],
          [
            80.04796,
            12.91869
          ],
          [
            80.04768,
            12.91874
          ],
          [
            80.04728,
            12.91875
          ],
          [
            80.04705,
            12.91877
          ],
          [
            80.04664,
            12.91885
          ],
          [
            80.0466,
            12.91877
          ],
          [
            80.04658,
            12.9187
          ],
          [
            80.04654,
            12.91863
          ],
          [
            80.04646,
            12.91845
          ],
          [
            80.04644,
            12.91841
          ],
          [
            80.04639,
            12.91836
          ],
          [
            80.04634,
            12.91835
          ],
          [
            80.04626,
            12.91835
          ],
          [
            80.04602,
            12.91839
          ],
          [
            80.04548,
            12.91852
          ],
          [
            80.04499,
            12.91863
          ],
          [
            80.04433,
            12.91882
          ],
          [
            80.04359,
            12.91904
          ],
          [
            80.0432,
            12.91913
          ],
          [
            80.04297,
            12.91917
          ],
          [
            80.04264,
            12.91921
          ],
          [
            80.04258,
            12.9192
          ],
          [
            80.04254,
            12.91917
          ],
          [
            80.04249,
            12.91914
          ],
          [
            80.04247,
            12.91905
          ],
          [
            80.04247,
            12.91899
          ],
          [
            80.04248,
            12.91889
          ],
          [
            80.04254,
            12.91867
          ],
          [
            80.04258,
            12.91849
          ],
          [
            80.0426,
            12.91835
          ],
          [
            80.0426,
            12.91821
          ],
          [
            80.0426,
            12.91809
          ],
          [
            80.0426,
            12.91765
          ],
          [
            80.04263,
            12.91711
          ],
          [
            80.04264,
            12.91684
          ],
          [
            80.04265,
            12.91668
          ],
          [
            80.04265,
            12.91655
          ],
          [
            80.04248,
            12.91656
          ],
          [
            80.04227,
            12.91655
          ],
          [
            80.04184,
            12.91651
          ],
          [
            80.04149,
            12.91647
          ],
          [
            80.04115,
            12.91642
          ],
          [
            80.04074,
            12.91639
          ],
          [
            80.04024,
            12.91631
          ],
          [
            80.03996,
            12.91623
          ],
          [
            80.03948,
            12.91606
          ],
          [
            80.03847,
            12.91553
          ],
          [
            80.03832,
            12.91545
          ],
          [
            80.03821,
            12.91543
          ],
          [
            80.03804,
            12.91544
          ],
          [
            80.03788,
            12.91546
          ],
          [
            80.03714,
            12.9156
          ],
          [
            80.03696,
            12.91564
          ],
          [
            80.03661,
            12.91574
          ],
          [
            80.03643,
            12.91578
          ],
          [
            80.03604,
            12.91594
          ],
          [
            80.0358,
            12.91603
          ],
          [
            80.03552,
            12.91613
          ],
          [
            80.03533,
            12.91618
          ],
          [
            80.03513,
            12.91622
          ],
          [
            80.03491,
            12.91626
          ],
          [
            80.0347,
            12.91628
          ],
          [
            80.03452,
            12.91629
          ],
          [
            80.03429,
            12.91628
          ],
          [
            80.03358,
            12.91626
          ],
          [
            80.03338,
            12.91626
          ],
          [
            80.03319,
            12.91627
          ],
          [
            80.03303,
            12.91629
          ],
          [
            80.03284,
            12.91632
          ],
          [
            80.03263,
            12.91639
          ],
          [
            80.0323,
            12.91649
          ],
          [
            80.03158,
            12.91674
          ],
          [
            80.03121,
            12.91688
          ],
          [
            80.03094,
            12.91699
          ],
          [
            80.03066,
            12.91707
          ],
          [
            80.03045,
            12.91713
          ],
          [
            80.02995,
            12.91724
          ],
          [
            80.02978,
            12.91728
          ],
          [
            80.02962,
            12.91735
          ],
          [
            80.02926,
            12.9175
          ],
          [
            80.02866,
            12.91776
          ],
          [
            80.02821,
            12.91796
          ],
          [
            80.02742,
            12.9183
          ],
          [
            80.02589,
            12.91897
          ],
          [
            80.02516,
            12.91928
          ],
          [
            80.02324,
            12.92016
          ],
          [
            80.0227,
            12.9204
          ],
          [
            80.0222,
            12.92062
          ],
          [
            80.02189,
            12.92075
          ],
          [
            80.0215,
            12.92092
          ],
          [
            80.02106,
            12.92111
          ],
          [
            80.02082,
            12.92122
          ],
          [
            80.02003,
            12.92156
          ],
          [
            80.01932,
            12.92185
          ],
          [
            80.01891,
            12.92202
          ],
          [
            80.01857,
            12.92219
          ],
          [
            80.01815,
            12.92238
          ],
          [
            80.01749,
            12.92267
          ],
          [
            80.01627,
            12.92319
          ],
          [
            80.01437,
            12.924
          ],
          [
            80.01285,
            12.92464
          ],
          [
            80.01241,
            12.92482
          ],
          [
            80.01159,
            12.92518
          ],
          [
            80.01094,
            12.92545
          ],
          [
            80.01068,
            12.92556
          ],
          [
            80.00931,
            12.92612
          ],
          [
            80.00893,
            12.92627
          ],
          [
            80.00855,
            12.92642
          ],
          [
            80.00819,
            12.92654
          ],
          [
            80.00785,
            12.92664
          ],
          [
            80.00697,
            12.92688
          ],
          [
            80.00668,
            12.92698
          ],
          [
            80.00648,
            12.92707
          ],
          [
            80.00617,
            12.92723
          ],
          [
            80.00579,
            12.92746
          ],
          [
            80.00567,
            12.92754
          ],
          [
            80.00513,
            12.92798
          ],
          [
            80.00455,
            12.92849
          ],
          [
            80.0036,
            12.92931
          ],
          [
            80.00299,
            12.92984
          ],
          [
            80.00237,
            12.93034
          ],
          [
            80.00217,
            12.93047
          ],
          [
            80.00203,
            12.93053
          ],
          [
            80.0019,
            12.93057
          ],
          [
            80.00147,
            12.93069
          ],
          [
            80.00066,
            12.93093
          ],
          [
            79.99957,
            12.93127
          ],
          [
            79.99894,
            12.93147
          ],
          [
            79.99763,
            12.93188
          ],
          [
            79.99725,
            12.932
          ],
          [
            79.9968,
            12.93214
          ],
          [
            79.99645,
            12.93224
          ],
          [
            79.99617,
            12.93234
          ],
          [
            79.99591,
            12.93242
          ],
          [
            79.99574,
            12.93248
          ],
          [
            79.99555,
            12.93258
          ],
          [
            79.99539,
            12.93266
          ],
          [
            79.99513,
            12.9329
          ],
          [
            79.99453,
            12.93352
          ],
          [
            79.99185,
            12.93624
          ],
          [
            79.99105,
            12.93709
          ],
          [
            79.99063,
            12.93751
          ],
          [
            79.9894,
            12.93877
          ],
          [
            79.98898,
            12.93921
          ],
          [
            79.98875,
            12.93945
          ],
          [
            79.98846,
            12.93974
          ],
          [
            79.98823,
            12.93998
          ],
          [
            79.98808,
            12.94013
          ],
          [
            79.98797,
            12.94024
          ],
          [
            79.9878,
            12.94041
          ],
          [
            79.98763,
            12.94055
          ],
          [
            79.98751,
            12.94064
          ],
          [
            79.98738,
            12.94073
          ],
          [
            79.98601,
            12.94151
          ],
          [
            79.98561,
            12.94173
          ],
          [
            79.98449,
            12.94234
          ],
          [
            79.98403,
            12.9426
          ],
          [
            79.98314,
            12.94309
          ],
          [
            79.98249,
            12.94345
          ],
          [
            79.9819,
            12.9438
          ],
          [
            79.98055,
            12.94453
          ],
          [
            79.97907,
            12.94523
          ],
          [
            79.97861,
            12.94548
          ],
          [
            79.97805,
            12.9458
          ],
          [
            79.97741,
            12.94617
          ],
          [
            79.97723,
            12.94626
          ],
          [
            79.97708,
            12.94631
          ],
          [
            79.97698,
            12.94632
          ],
          [
            79.97681,
            12.94631
          ],
          [
            79.97649,
            12.94627
          ],
          [
            79.97618,
            12.94624
          ],
          [
            79.97594,
            12.94622
          ],
          [
            79.9757,
            12.94623
          ],
          [
            79.97555,
            12.94624
          ],
          [
            79.97512,
            12.94635
          ],
          [
            79.97482,
            12.94646
          ],
          [
            79.97444,
            12.94663
          ],
          [
            79.97394,
            12.94688
          ],
          [
            79.97325,
            12.94726
          ],
          [
            79.972,
            12.94797
          ],
          [
            79.97091,
            12.94859
          ],
          [
            79.96887,
            12.94974
          ],
          [
            79.96861,
            12.94987
          ],
          [
            79.96589,
            12.95107
          ],
          [
            79.9658,
            12.95111
          ],
          [
            79.96327,
            12.95218
          ],
          [
            79.96195,
            12.95277
          ],
          [
            79.9599,
            12.95367
          ],
          [
            79.95972,
            12.95375
          ],
          [
            79.95957,
            12.95382
          ],
          [
            79.95944,
            12.95388
          ],
          [
            79.95931,
            12.95396
          ],
          [
            79.95924,
            12.954
          ],
          [
            79.95915,
            12.95406
          ],
          [
            79.95908,
            12.95412
          ],
          [
            79.95901,
            12.95418
          ],
          [
            79.95893,
            12.95427
          ],
          [
            79.95878,
            12.95447
          ],
          [
            79.95877,
            12.95448
          ],
          [
            79.95846,
            12.9549
          ],
          [
            79.95842,
            12.95496
          ],
          [
            79.95849,
            12.95499
          ],
          [
            79.95856,
            12.95501
          ],
          [
            79.9592,
            12.95526
          ],
          [
            79.95952,
            12.95538
          ],
          [
            79.96706,
            12.95829
          ],
          [
            79.96799,
            12.95866
          ],
          [
            79.96836,
            12.95883
          ],
          [
            79.96857,
            12.95892
          ],
          [
            79.96877,
            12.95903
          ],
          [
            79.96917,
            12.95927
          ],
          [
            79.96951,
            12.95949
          ],
          [
            79.97026,
            12.95995
          ],
          [
            79.97046,
            12.96007
          ],
          [
            79.97065,
            12.96018
          ],
          [
            79.97096,
            12.96035
          ],
          [
            79.97121,
            12.96049
          ],
          [
            79.97147,
            12.96064
          ],
          [
            79.97194,
            12.96092
          ],
          [
            79.97219,
            12.96109
          ],
          [
            79.97288,
            12.96162
          ],
          [
            79.97305,
            12.96176
          ],
          [
            79.9731,
            12.96179
          ],
          [
            79.9732,
            12.96189
          ],
          [
            79.97329,
            12.96199
          ],
          [
            79.97338,
            12.9621
          ],
          [
            79.97347,
            12.96223
          ],
          [
            79.97355,
            12.96235
          ],
          [
            79.974,
            12.96319
          ],
          [
            79.97418,
            12.96353
          ],
          [
            79.97433,
            12.96388
          ],
          [
            79.97457,
            12.96452
          ],
          [
            79.97458,
            12.96456
          ],
          [
            79.97473,
            12.96499
          ],
          [
            79.97487,
            12.96531
          ],
          [
            79.97496,
            12.96549
          ],
          [
            79.97508,
            12.96569
          ],
          [
            79.97527,
            12.96594
          ],
          [
            79.97545,
            12.9661
          ],
          [
            79.9757,
            12.96628
          ],
          [
            79.97602,
            12.96646
          ],
          [
            79.97628,
            12.9666
          ],
          [
            79.97652,
            12.96672
          ],
          [
            79.97668,
            12.96678
          ],
          [
            79.97671,
            12.96679
          ],
          [
            79.97693,
            12.96687
          ],
          [
            79.97695,
            12.96688
          ],
          [
            79.97724,
            12.96698
          ],
          [
            79.97866,
            12.96746
          ],
          [
            79.97901,
            12.96757
          ],
          [
            79.97924,
            12.96762
          ],
          [
            79.97948,
            12.96767
          ],
          [
            79.98014,
            12.96777
          ],
          [
            79.98043,
            12.9678
          ],
          [
            79.98078,
            12.96783
          ],
          [
            79.98105,
            12.96785
          ],
          [
            79.98127,
            12.96785
          ],
          [
            79.98151,
            12.96785
          ],
          [
            79.98205,
            12.96782
          ],
          [
            79.98247,
            12.96779
          ],
          [
            79.98308,
            12.96772
          ],
          [
            79.98339,
            12.96769
          ],
          [
            79.98368,
            12.9677
          ],
          [
            79.98405,
            12.96772
          ],
          [
            79.98439,
            12.96777
          ],
          [
            79.98467,
            12.96782
          ],
          [
            79.98501,
            12.96789
          ],
          [
            79.98542,
            12.96799
          ],
          [
            79.98579,
            12.96808
          ],
          [
            79.98792,
            12.96872
          ],
          [
            79.98967,
            12.96925
          ],
          [
            79.99004,
            12.96937
          ],
          [
            79.99041,
            12.9695
          ],
          [
            79.99048,
            12.96952
          ],
          [
            79.99066,
            12.96959
          ],
          [
            79.99127,
            12.9698
          ],
          [
            79.99166,
            12.96994
          ],
          [
            79.99182,
            12.96999
          ],
          [
            79.99194,
            12.97003
          ],
          [
            79.99212,
            12.97008
          ],
          [
            79.99255,
            12.97018
          ],
          [
            79.99303,
            12.97029
          ],
          [
            79.99373,
            12.97042
          ],
          [
            79.99429,
            12.97052
          ],
          [
            79.99435,
            12.97053
          ],
          [
            79.99464,
            12.97057
          ],
          [
            79.9949,
            12.9706
          ],
          [
            79.995,
            12.97062
          ],
          [
            79.9952,
            12.97064
          ],
          [
            79.99543,
            12.97066
          ],
          [
            79.99755,
            12.97091
          ],
          [
            79.99771,
            12.97094
          ],
          [
            79.99783,
            12.97094
          ],
          [
            79.99814,
            12.97096
          ],
          [
            79.99871,
            12.97097
          ],
          [
            79.99887,
            12.97096
          ],
          [
            79.99919,
            12.97093
          ],
          [
            79.99975,
            12.97088
          ],
          [
            80.00059,
            12.9708
          ],
          [
            80.00159,
            12.97069
          ],
          [
            80.00325,
            12.97045
          ],
          [
            80.00412,
            12.9703
          ],
          [
            80.00596,
            12.97003
          ],
          [
            80.00621,
            12.97001
          ],
          [
            80.00653,
            12.97
          ],
          [
            80.00691,
            12.97001
          ],
          [
            80.00892,
            12.9702
          ],
          [
            80.01138,
            12.97043
          ],
          [
            80.01168,
            12.97042
          ],
          [
            80.01208,
            12.97038
          ],
          [
            80.01352,
            12.97024
          ],
          [
            80.0143,
            12.97009
          ],
          [
            80.01574,
            12.96982
          ],
          [
            80.01699,
            12.96964
          ],
          [
            80.0176,
            12.96954
          ],
          [
            80.01823,
            12.96942
          ],
          [
            80.01943,
            12.96927
          ],
          [
            80.02047,
            12.96912
          ],
          [
            80.02197,
            12.96891
          ],
          [
            80.02272,
            12.96881
          ],
          [
            80.02321,
            12.96874
          ],
          [
            80.02347,
            12.96871
          ],
          [
            80.02363,
            12.96869
          ],
          [
            80.02469,
            12.96857
          ],
          [
            80.02595,
            12.96851
          ],
          [
            80.02617,
            12.96851
          ],
          [
            80.02636,
            12.96851
          ],
          [
            80.02652,
            12.96851
          ],
          [
            80.02872,
            12.96866
          ],
          [
            80.02954,
            12.96873
          ],
          [
            80.03059,
            12.96891
          ],
          [
            80.03098,
            12.96898
          ],
          [
            80.0323,
            12.96929
          ],
          [
            80.03233,
            12.96931
          ],
          [
            80.0324,
            12.96932
          ],
          [
            80.03329,
            12.96956
          ],
          [
            80.03397,
            12.96973
          ],
          [
            80.03427,
            12.96982
          ],
          [
            80.03507,
            12.97001
          ],
          [
            80.0362,
            12.9703
          ],
          [
            80.03645,
            12.97035
          ],
          [
            80.03767,
            12.97058
          ],
          [
            80.0389,
            12.97077
          ],
          [
            80.03937,
            12.97086
          ],
          [
            80.0396,
            12.97091
          ],
          [
            80.03977,
            12.97096
          ],
          [
            80.04008,
            12.97109
          ],
          [
            80.04061,
            12.97134
          ],
          [
            80.04082,
            12.97143
          ],
          [
            80.04103,
            12.97155
          ],
          [
            80.04153,
            12.97187
          ],
          [
            80.04183,
            12.97204
          ],
          [
            80.04238,
            12.97242
          ],
          [
            80.04267,
            12.97262
          ],
          [
            80.0432,
            12.97297
          ],
          [
            80.04371,
            12.97332
          ],
          [
            80.04426,
            12.97367
          ],
          [
            80.04494,
            12.97402
          ],
          [
            80.04532,
            12.97421
          ],
          [
            80.04544,
            12.97427
          ],
          [
            80.04555,
            12.97431
          ],
          [
            80.0458,
            12.97438
          ],
          [
            80.04664,
            12.9746
          ],
          [
            80.04719,
            12.97474
          ],
          [
            80.04779,
            12.97496
          ],
          [
            80.04797,
            12.97502
          ],
          [
            80.04803,
            12.97505
          ],
          [
            80.04861,
            12.97537
          ],
          [
            80.04909,
            12.9757
          ],
          [
            80.04973,
            12.9761
          ],
          [
            80.04977,
            12.97612
          ],
          [
            80.0501,
            12.97632
          ],
          [
            80.05011,
            12.97632
          ],
          [
            80.05131,
            12.97708
          ],
          [
            80.05132,
            12.97708
          ],
          [
            80.05173,
            12.97734
          ],
          [
            80.05174,
            12.97734
          ],
          [
            80.05198,
            12.97752
          ],
          [
            80.052,
            12.97753
          ],
          [
            80.05209,
            12.97758
          ],
          [
            80.05281,
            12.9781
          ],
          [
            80.05291,
            12.97818
          ],
          [
            80.0531,
            12.97832
          ],
          [
            80.05365,
            12.9787
          ],
          [
            80.05414,
            12.97908
          ]
        ]
      }
    },
    {
      "type": "Feature",
      "properties": {
        "type": "mappls_polyline",
        "points": 4286,
        "stroke": "#ff0000",
        "stroke-width": 2
      },
      "geometry": {
        "type": "LineString",
        "coordinates": [
          [
            80.20377,
            12.821320000000002
          ],
          [
            80.20373000000001,
            12.821330000000001
          ],
          [
            80.20355,
            12.82135
          ],
          [
            80.20294000000001,
            12.821340000000001
          ],
          [
            80.20263000000001,
            12.82135
          ],
          [
            80.20221000000001,
            12.82135
          ],
          [
            80.20182000000001,
            12.82135
          ],
          [
            80.20164000000001,
            12.82136
          ],
          [
            80.20143,
            12.821370000000002
          ],
          [
            80.20117,
            12.8214
          ],
          [
            80.20066000000001,
            12.821460000000002
          ],
          [
            80.20048000000001,
            12.821480000000001
          ],
          [
            80.20033000000001,
            12.82149
          ],
          [
            80.20005,
            12.82155
          ],
          [
            80.19994000000001,
            12.82159
          ],
          [
            80.19991,
            12.821600000000002
          ],
          [
            80.19988000000001,
            12.821610000000002
          ],
          [
            80.19977,
            12.821660000000001
          ],
          [
            80.19972000000001,
            12.82169
          ],
          [
            80.19951,
            12.821800000000001
          ],
          [
            80.19933,
            12.82192
          ],
          [
            80.19917000000001,
            12.822030000000002
          ],
          [
            80.19882000000001,
            12.822360000000002
          ],
          [
            80.19867,
            12.822460000000001
          ],
          [
            80.19858,
            12.82252
          ],
          [
            80.1984,
            12.82258
          ],
          [
            80.19787000000001,
            12.82271
          ],
          [
            80.19773,
            12.822750000000001
          ],
          [
            80.19761000000001,
            12.822780000000002
          ],
          [
            80.19729000000001,
            12.8229
          ],
          [
            80.19714,
            12.82305
          ],
          [
            80.19679000000001,
            12.82371
          ],
          [
            80.19669,
            12.823820000000001
          ],
          [
            80.19662000000001,
            12.82388
          ],
          [
            80.19643,
            12.823950000000002
          ],
          [
            80.1962,
            12.82403
          ],
          [
            80.19599000000001,
            12.824110000000001
          ],
          [
            80.19577000000001,
            12.824180000000002
          ],
          [
            80.19558,
            12.82426
          ],
          [
            80.19505000000001,
            12.824430000000001
          ],
          [
            80.19472,
            12.824520000000001
          ],
          [
            80.19457000000001,
            12.824560000000002
          ],
          [
            80.19448000000001,
            12.8246
          ],
          [
            80.19441,
            12.82463
          ],
          [
            80.19433000000001,
            12.82468
          ],
          [
            80.19425000000001,
            12.824750000000002
          ],
          [
            80.19416000000001,
            12.824860000000001
          ],
          [
            80.19409,
            12.82496
          ],
          [
            80.19403000000001,
            12.825080000000002
          ],
          [
            80.19399000000001,
            12.825190000000001
          ],
          [
            80.19395,
            12.825310000000002
          ],
          [
            80.19394000000001,
            12.825410000000002
          ],
          [
            80.19394000000001,
            12.825550000000002
          ],
          [
            80.19394000000001,
            12.825650000000001
          ],
          [
            80.19404,
            12.82618
          ],
          [
            80.19416000000001,
            12.82676
          ],
          [
            80.19433000000001,
            12.827560000000002
          ],
          [
            80.19449,
            12.82835
          ],
          [
            80.19465000000001,
            12.829020000000002
          ],
          [
            80.1948,
            12.8297
          ],
          [
            80.19495,
            12.83037
          ],
          [
            80.19508,
            12.83092
          ],
          [
            80.1952,
            12.831470000000001
          ],
          [
            80.19535,
            12.832040000000001
          ],
          [
            80.19551000000001,
            12.83261
          ],
          [
            80.19572000000001,
            12.83328
          ],
          [
            80.19593,
            12.833950000000002
          ],
          [
            80.19598,
            12.834060000000001
          ],
          [
            80.19602,
            12.83411
          ],
          [
            80.19607,
            12.834140000000001
          ],
          [
            80.19613000000001,
            12.83416
          ],
          [
            80.19674,
            12.83425
          ],
          [
            80.19693000000001,
            12.834280000000001
          ],
          [
            80.19757000000001,
            12.8344
          ],
          [
            80.19825,
            12.83454
          ],
          [
            80.19893,
            12.83468
          ],
          [
            80.19945000000001,
            12.83477
          ],
          [
            80.19996,
            12.834850000000001
          ],
          [
            80.20023,
            12.83491
          ],
          [
            80.20031,
            12.834940000000001
          ],
          [
            80.20041,
            12.834990000000001
          ],
          [
            80.20072,
            12.835180000000001
          ],
          [
            80.20099,
            12.835310000000002
          ],
          [
            80.20107,
            12.835420000000001
          ],
          [
            80.20110000000001,
            12.835460000000001
          ],
          [
            80.20114000000001,
            12.835550000000001
          ],
          [
            80.20116,
            12.835640000000001
          ],
          [
            80.20125,
            12.836210000000001
          ],
          [
            80.20127000000001,
            12.836340000000002
          ],
          [
            80.20128000000001,
            12.836500000000001
          ],
          [
            80.20128000000001,
            12.836780000000001
          ],
          [
            80.20122,
            12.83703
          ],
          [
            80.20116,
            12.83741
          ],
          [
            80.20115000000001,
            12.837480000000001
          ],
          [
            80.20113,
            12.837610000000002
          ],
          [
            80.20109000000001,
            12.837980000000002
          ],
          [
            80.20102,
            12.838550000000001
          ],
          [
            80.20101000000001,
            12.83866
          ],
          [
            80.20096000000001,
            12.839020000000001
          ],
          [
            80.20088000000001,
            12.839640000000001
          ],
          [
            80.20083000000001,
            12.84008
          ],
          [
            80.20082000000001,
            12.840190000000002
          ],
          [
            80.2008,
            12.84035
          ],
          [
            80.20071,
            12.840980000000002
          ],
          [
            80.20066000000001,
            12.84134
          ],
          [
            80.20061000000001,
            12.841880000000002
          ],
          [
            80.20051000000001,
            12.842630000000002
          ],
          [
            80.20042000000001,
            12.843380000000002
          ],
          [
            80.20033000000001,
            12.844130000000002
          ],
          [
            80.20030000000001,
            12.844460000000002
          ],
          [
            80.20029000000001,
            12.84453
          ],
          [
            80.20027,
            12.84476
          ],
          [
            80.20024000000001,
            12.845030000000001
          ],
          [
            80.20022,
            12.845170000000001
          ],
          [
            80.20020000000001,
            12.84534
          ],
          [
            80.20018,
            12.84561
          ],
          [
            80.20014,
            12.845910000000002
          ],
          [
            80.20012000000001,
            12.846160000000001
          ],
          [
            80.20007000000001,
            12.8465
          ],
          [
            80.20001,
            12.846990000000002
          ],
          [
            80.20018,
            12.84698
          ],
          [
            80.20030000000001,
            12.847000000000001
          ],
          [
            80.2004,
            12.84702
          ],
          [
            80.20069000000001,
            12.847080000000002
          ],
          [
            80.2009,
            12.84712
          ],
          [
            80.20097000000001,
            12.847130000000002
          ],
          [
            80.20118000000001,
            12.847180000000002
          ],
          [
            80.20143,
            12.847230000000001
          ],
          [
            80.20169000000001,
            12.847280000000001
          ],
          [
            80.20211,
            12.847370000000002
          ],
          [
            80.20241,
            12.847430000000001
          ],
          [
            80.20289000000001,
            12.84753
          ],
          [
            80.20336,
            12.84763
          ],
          [
            80.20394,
            12.847750000000001
          ],
          [
            80.20409000000001,
            12.84778
          ],
          [
            80.20474,
            12.84791
          ],
          [
            80.20538,
            12.848040000000001
          ],
          [
            80.20571000000001,
            12.8481
          ],
          [
            80.20638000000001,
            12.848220000000001
          ],
          [
            80.20704,
            12.84834
          ],
          [
            80.20709000000001,
            12.848350000000002
          ],
          [
            80.2072,
            12.848370000000001
          ],
          [
            80.20787,
            12.84848
          ],
          [
            80.20808000000001,
            12.84852
          ],
          [
            80.20819,
            12.848540000000002
          ],
          [
            80.20830000000001,
            12.848540000000002
          ],
          [
            80.20849000000001,
            12.848510000000001
          ],
          [
            80.20870000000001,
            12.84848
          ],
          [
            80.20896,
            12.84843
          ],
          [
            80.20919,
            12.84838
          ],
          [
            80.20970000000001,
            12.848310000000001
          ],
          [
            80.20970000000001,
            12.848320000000001
          ],
          [
            80.20970000000001,
            12.848320000000001
          ],
          [
            80.20981,
            12.849050000000002
          ],
          [
            80.20984,
            12.849260000000001
          ],
          [
            80.20987000000001,
            12.8495
          ],
          [
            80.20988000000001,
            12.849580000000001
          ],
          [
            80.20991000000001,
            12.849800000000002
          ],
          [
            80.20995,
            12.85007
          ],
          [
            80.20998,
            12.85031
          ],
          [
            80.21003,
            12.850530000000001
          ],
          [
            80.20997000000001,
            12.850570000000001
          ],
          [
            80.20905,
            12.85119
          ],
          [
            80.20871000000001,
            12.851370000000001
          ],
          [
            80.20858000000001,
            12.851420000000001
          ],
          [
            80.20839000000001,
            12.851460000000001
          ],
          [
            80.20815,
            12.851510000000001
          ],
          [
            80.20765,
            12.85158
          ],
          [
            80.20696000000001,
            12.851690000000001
          ],
          [
            80.20698,
            12.85204
          ],
          [
            80.20697000000001,
            12.85227
          ],
          [
            80.20692000000001,
            12.852850000000002
          ],
          [
            80.20693,
            12.853010000000001
          ],
          [
            80.20691000000001,
            12.853580000000001
          ],
          [
            80.20689,
            12.854140000000001
          ],
          [
            80.20687000000001,
            12.854500000000002
          ],
          [
            80.20689,
            12.854610000000001
          ],
          [
            80.20699,
            12.855020000000001
          ],
          [
            80.20701000000001,
            12.855070000000001
          ],
          [
            80.20728000000001,
            12.85585
          ],
          [
            80.20733000000001,
            12.856060000000001
          ],
          [
            80.20746000000001,
            12.85669
          ],
          [
            80.20748,
            12.856790000000002
          ],
          [
            80.20753,
            12.85706
          ],
          [
            80.20755000000001,
            12.857130000000002
          ],
          [
            80.20757,
            12.857310000000002
          ],
          [
            80.20768000000001,
            12.85809
          ],
          [
            80.20773000000001,
            12.858460000000001
          ],
          [
            80.20786000000001,
            12.85927
          ],
          [
            80.20791000000001,
            12.859810000000001
          ],
          [
            80.20781000000001,
            12.860380000000001
          ],
          [
            80.20769,
            12.860800000000001
          ],
          [
            80.20763000000001,
            12.861160000000002
          ],
          [
            80.20749,
            12.861670000000002
          ],
          [
            80.20732000000001,
            12.862300000000001
          ],
          [
            80.20715000000001,
            12.86293
          ],
          [
            80.20711,
            12.86306
          ],
          [
            80.20708,
            12.863140000000001
          ],
          [
            80.20695,
            12.863600000000002
          ],
          [
            80.20684,
            12.86401
          ],
          [
            80.20676,
            12.864350000000002
          ],
          [
            80.20660000000001,
            12.864930000000001
          ],
          [
            80.20645,
            12.8655
          ],
          [
            80.20629000000001,
            12.866200000000001
          ],
          [
            80.20614,
            12.866890000000001
          ],
          [
            80.20612000000001,
            12.86701
          ],
          [
            80.2061,
            12.867080000000001
          ],
          [
            80.20595,
            12.867550000000001
          ],
          [
            80.2059,
            12.867680000000002
          ],
          [
            80.20581,
            12.8678
          ],
          [
            80.20563000000001,
            12.868020000000001
          ],
          [
            80.20545000000001,
            12.86822
          ],
          [
            80.20512000000001,
            12.86861
          ],
          [
            80.20494000000001,
            12.868820000000001
          ],
          [
            80.20485000000001,
            12.86893
          ],
          [
            80.20464000000001,
            12.869250000000001
          ],
          [
            80.20456,
            12.86936
          ],
          [
            80.20452,
            12.869430000000001
          ],
          [
            80.20398,
            12.870130000000001
          ],
          [
            80.20391000000001,
            12.8702
          ],
          [
            80.20386,
            12.87025
          ],
          [
            80.20368,
            12.870460000000001
          ],
          [
            80.20354,
            12.87063
          ],
          [
            80.20351000000001,
            12.870690000000002
          ],
          [
            80.2035,
            12.87072
          ],
          [
            80.20351000000001,
            12.870750000000001
          ],
          [
            80.20358,
            12.870880000000001
          ],
          [
            80.20409000000001,
            12.871220000000001
          ],
          [
            80.20461,
            12.87156
          ],
          [
            80.20482000000001,
            12.8717
          ],
          [
            80.20489,
            12.87175
          ],
          [
            80.20556,
            12.872200000000001
          ],
          [
            80.20617,
            12.8726
          ],
          [
            80.20677,
            12.873000000000001
          ],
          [
            80.20686,
            12.87306
          ],
          [
            80.20749,
            12.87348
          ],
          [
            80.20778,
            12.87367
          ],
          [
            80.20814,
            12.87391
          ],
          [
            80.20829,
            12.874020000000002
          ],
          [
            80.20812000000001,
            12.87452
          ],
          [
            80.20818000000001,
            12.874530000000002
          ],
          [
            80.20825,
            12.874530000000002
          ],
          [
            80.20857000000001,
            12.874490000000002
          ],
          [
            80.20888000000001,
            12.87443
          ],
          [
            80.20914,
            12.87438
          ],
          [
            80.20942000000001,
            12.874340000000002
          ],
          [
            80.20967,
            12.87429
          ],
          [
            80.21001000000001,
            12.87423
          ],
          [
            80.21006000000001,
            12.874220000000001
          ],
          [
            80.21001000000001,
            12.87423
          ],
          [
            80.20967,
            12.87429
          ],
          [
            80.20942000000001,
            12.874340000000002
          ],
          [
            80.20914,
            12.87438
          ],
          [
            80.20888000000001,
            12.87443
          ],
          [
            80.20857000000001,
            12.874490000000002
          ],
          [
            80.20825,
            12.874530000000002
          ],
          [
            80.20818000000001,
            12.874530000000002
          ],
          [
            80.20812000000001,
            12.87452
          ],
          [
            80.20829,
            12.874020000000002
          ],
          [
            80.20831000000001,
            12.87395
          ],
          [
            80.2081,
            12.873800000000001
          ],
          [
            80.2078,
            12.87358
          ],
          [
            80.20754000000001,
            12.8734
          ],
          [
            80.20691000000001,
            12.873000000000001
          ],
          [
            80.2068,
            12.87292
          ],
          [
            80.20636,
            12.872620000000001
          ],
          [
            80.20593000000001,
            12.87232
          ],
          [
            80.20578,
            12.87222
          ],
          [
            80.20563000000001,
            12.87212
          ],
          [
            80.20496,
            12.871640000000001
          ],
          [
            80.20488,
            12.871590000000001
          ],
          [
            80.20475,
            12.871500000000001
          ],
          [
            80.20468000000001,
            12.87146
          ],
          [
            80.20400000000001,
            12.871030000000001
          ],
          [
            80.20377,
            12.870880000000001
          ],
          [
            80.20364000000001,
            12.870790000000001
          ],
          [
            80.20351000000001,
            12.870750000000001
          ],
          [
            80.2035,
            12.87072
          ],
          [
            80.20351000000001,
            12.870690000000002
          ],
          [
            80.20354,
            12.87063
          ],
          [
            80.20368,
            12.870460000000001
          ],
          [
            80.20386,
            12.87025
          ],
          [
            80.20391000000001,
            12.8702
          ],
          [
            80.20398,
            12.870130000000001
          ],
          [
            80.20452,
            12.869430000000001
          ],
          [
            80.20456,
            12.86936
          ],
          [
            80.20464000000001,
            12.869250000000001
          ],
          [
            80.20485000000001,
            12.86893
          ],
          [
            80.20494000000001,
            12.868820000000001
          ],
          [
            80.20512000000001,
            12.86861
          ],
          [
            80.20545000000001,
            12.86822
          ],
          [
            80.20563000000001,
            12.868020000000001
          ],
          [
            80.20581,
            12.8678
          ],
          [
            80.2059,
            12.867680000000002
          ],
          [
            80.20595,
            12.867550000000001
          ],
          [
            80.2061,
            12.867080000000001
          ],
          [
            80.20612000000001,
            12.86701
          ],
          [
            80.20614,
            12.866890000000001
          ],
          [
            80.20629000000001,
            12.866200000000001
          ],
          [
            80.20645,
            12.8655
          ],
          [
            80.20660000000001,
            12.864930000000001
          ],
          [
            80.20676,
            12.864350000000002
          ],
          [
            80.20684,
            12.86401
          ],
          [
            80.20695,
            12.863600000000002
          ],
          [
            80.20708,
            12.863140000000001
          ],
          [
            80.20711,
            12.86306
          ],
          [
            80.20715000000001,
            12.86293
          ],
          [
            80.20732000000001,
            12.862300000000001
          ],
          [
            80.20749,
            12.861670000000002
          ],
          [
            80.20763000000001,
            12.861160000000002
          ],
          [
            80.20769,
            12.860800000000001
          ],
          [
            80.20781000000001,
            12.860380000000001
          ],
          [
            80.20791000000001,
            12.859810000000001
          ],
          [
            80.20786000000001,
            12.85927
          ],
          [
            80.20773000000001,
            12.858460000000001
          ],
          [
            80.20768000000001,
            12.85809
          ],
          [
            80.20757,
            12.857310000000002
          ],
          [
            80.20755000000001,
            12.857130000000002
          ],
          [
            80.20753,
            12.85706
          ],
          [
            80.20748,
            12.856790000000002
          ],
          [
            80.20746000000001,
            12.85669
          ],
          [
            80.20733000000001,
            12.856060000000001
          ],
          [
            80.20728000000001,
            12.85585
          ],
          [
            80.20701000000001,
            12.855070000000001
          ],
          [
            80.20699,
            12.855020000000001
          ],
          [
            80.20689,
            12.854610000000001
          ],
          [
            80.20687000000001,
            12.854500000000002
          ],
          [
            80.20689,
            12.854140000000001
          ],
          [
            80.20691000000001,
            12.853580000000001
          ],
          [
            80.20693,
            12.853010000000001
          ],
          [
            80.20692000000001,
            12.852850000000002
          ],
          [
            80.20697000000001,
            12.85227
          ],
          [
            80.20698,
            12.85204
          ],
          [
            80.20696000000001,
            12.851690000000001
          ],
          [
            80.20765,
            12.85158
          ],
          [
            80.20815,
            12.851510000000001
          ],
          [
            80.20839000000001,
            12.851460000000001
          ],
          [
            80.20858000000001,
            12.851420000000001
          ],
          [
            80.20871000000001,
            12.851370000000001
          ],
          [
            80.20905,
            12.85119
          ],
          [
            80.20997000000001,
            12.850570000000001
          ],
          [
            80.21003,
            12.850530000000001
          ],
          [
            80.20998,
            12.85031
          ],
          [
            80.20995,
            12.85007
          ],
          [
            80.20991000000001,
            12.849800000000002
          ],
          [
            80.20988000000001,
            12.849580000000001
          ],
          [
            80.20987000000001,
            12.8495
          ],
          [
            80.20984,
            12.849260000000001
          ],
          [
            80.20981,
            12.849050000000002
          ],
          [
            80.20970000000001,
            12.848320000000001
          ],
          [
            80.20970000000001,
            12.848320000000001
          ],
          [
            80.20970000000001,
            12.848310000000001
          ],
          [
            80.20919,
            12.84838
          ],
          [
            80.20896,
            12.84843
          ],
          [
            80.20870000000001,
            12.84848
          ],
          [
            80.20849000000001,
            12.848510000000001
          ],
          [
            80.20830000000001,
            12.848540000000002
          ],
          [
            80.20819,
            12.848540000000002
          ],
          [
            80.20808000000001,
            12.84852
          ],
          [
            80.20787,
            12.84848
          ],
          [
            80.2072,
            12.848370000000001
          ],
          [
            80.20709000000001,
            12.848350000000002
          ],
          [
            80.20704,
            12.84834
          ],
          [
            80.20638000000001,
            12.848220000000001
          ],
          [
            80.20571000000001,
            12.8481
          ],
          [
            80.20538,
            12.848040000000001
          ],
          [
            80.20474,
            12.84791
          ],
          [
            80.20409000000001,
            12.84778
          ],
          [
            80.20394,
            12.847750000000001
          ],
          [
            80.20336,
            12.84763
          ],
          [
            80.20289000000001,
            12.84753
          ],
          [
            80.20241,
            12.847430000000001
          ],
          [
            80.20211,
            12.847370000000002
          ],
          [
            80.20169000000001,
            12.847280000000001
          ],
          [
            80.20143,
            12.847230000000001
          ],
          [
            80.20118000000001,
            12.847180000000002
          ],
          [
            80.20097000000001,
            12.847130000000002
          ],
          [
            80.2009,
            12.84712
          ],
          [
            80.20069000000001,
            12.847080000000002
          ],
          [
            80.2004,
            12.84702
          ],
          [
            80.20030000000001,
            12.847000000000001
          ],
          [
            80.20018,
            12.84698
          ],
          [
            80.20001,
            12.846990000000002
          ],
          [
            80.19921000000001,
            12.84712
          ],
          [
            80.19892,
            12.847180000000002
          ],
          [
            80.19826,
            12.847270000000002
          ],
          [
            80.19777,
            12.847330000000001
          ],
          [
            80.19745,
            12.847380000000001
          ],
          [
            80.19704,
            12.84745
          ],
          [
            80.19663000000001,
            12.847510000000002
          ],
          [
            80.1962,
            12.847570000000001
          ],
          [
            80.19529,
            12.84772
          ],
          [
            80.19521,
            12.84773
          ],
          [
            80.19472,
            12.847800000000001
          ],
          [
            80.19449,
            12.847840000000001
          ],
          [
            80.19414,
            12.847890000000001
          ],
          [
            80.19367000000001,
            12.84796
          ],
          [
            80.1932,
            12.848020000000002
          ],
          [
            80.1927,
            12.848110000000002
          ],
          [
            80.1919,
            12.848260000000002
          ],
          [
            80.19143000000001,
            12.848370000000001
          ],
          [
            80.19095,
            12.84847
          ],
          [
            80.19090000000001,
            12.84848
          ],
          [
            80.19085000000001,
            12.84847
          ],
          [
            80.19083,
            12.84856
          ],
          [
            80.19084000000001,
            12.848600000000001
          ],
          [
            80.19093000000001,
            12.84885
          ],
          [
            80.19094000000001,
            12.84894
          ],
          [
            80.19094000000001,
            12.84899
          ],
          [
            80.19093000000001,
            12.849020000000001
          ],
          [
            80.19089000000001,
            12.849060000000001
          ],
          [
            80.19082,
            12.84909
          ],
          [
            80.19077,
            12.849100000000002
          ],
          [
            80.19058000000001,
            12.84913
          ],
          [
            80.18981000000001,
            12.849250000000001
          ],
          [
            80.18904,
            12.84936
          ],
          [
            80.18896000000001,
            12.849390000000001
          ],
          [
            80.18892000000001,
            12.84942
          ],
          [
            80.18891,
            12.849440000000001
          ],
          [
            80.18889,
            12.84951
          ],
          [
            80.18886,
            12.850140000000001
          ],
          [
            80.18884000000001,
            12.850600000000002
          ],
          [
            80.18883000000001,
            12.85091
          ],
          [
            80.18879000000001,
            12.8513
          ],
          [
            80.18877,
            12.85158
          ],
          [
            80.18876,
            12.851920000000002
          ],
          [
            80.18875000000001,
            12.852210000000001
          ],
          [
            80.18876,
            12.852530000000002
          ],
          [
            80.18875000000001,
            12.852590000000001
          ],
          [
            80.18874000000001,
            12.852620000000002
          ],
          [
            80.18871,
            12.852630000000001
          ],
          [
            80.18861000000001,
            12.85266
          ],
          [
            80.18783,
            12.85275
          ],
          [
            80.18706,
            12.85283
          ],
          [
            80.18696000000001,
            12.85284
          ],
          [
            80.18693,
            12.852860000000002
          ],
          [
            80.18692,
            12.852870000000001
          ],
          [
            80.18690000000001,
            12.852900000000002
          ],
          [
            80.18689,
            12.852920000000001
          ],
          [
            80.18693,
            12.85327
          ],
          [
            80.18692,
            12.8533
          ],
          [
            80.18690000000001,
            12.853330000000001
          ],
          [
            80.18687000000001,
            12.85335
          ],
          [
            80.18674,
            12.85336
          ],
          [
            80.18655000000001,
            12.853390000000001
          ],
          [
            80.18651000000001,
            12.8534
          ],
          [
            80.18647,
            12.85341
          ],
          [
            80.18636000000001,
            12.85345
          ],
          [
            80.18618000000001,
            12.853520000000001
          ],
          [
            80.18607,
            12.85355
          ],
          [
            80.18595,
            12.853570000000001
          ],
          [
            80.18593000000001,
            12.853570000000001
          ],
          [
            80.18570000000001,
            12.853580000000001
          ],
          [
            80.1854,
            12.853610000000002
          ],
          [
            80.18518,
            12.853650000000002
          ],
          [
            80.18511000000001,
            12.853660000000001
          ],
          [
            80.18506000000001,
            12.85368
          ],
          [
            80.18497,
            12.853720000000001
          ],
          [
            80.18489000000001,
            12.853760000000001
          ],
          [
            80.18476000000001,
            12.853850000000001
          ],
          [
            80.18461,
            12.85396
          ],
          [
            80.1846,
            12.85397
          ],
          [
            80.18454000000001,
            12.853990000000001
          ],
          [
            80.18444000000001,
            12.85402
          ],
          [
            80.18423000000001,
            12.85406
          ],
          [
            80.18387000000001,
            12.854120000000002
          ],
          [
            80.18373000000001,
            12.85416
          ],
          [
            80.18365,
            12.854190000000001
          ],
          [
            80.18361,
            12.854210000000002
          ],
          [
            80.18328000000001,
            12.854410000000001
          ],
          [
            80.18320000000001,
            12.854450000000002
          ],
          [
            80.18304,
            12.854500000000002
          ],
          [
            80.18294,
            12.85452
          ],
          [
            80.18235,
            12.854610000000001
          ],
          [
            80.18206,
            12.854640000000002
          ],
          [
            80.18125,
            12.85471
          ],
          [
            80.1808,
            12.854690000000002
          ],
          [
            80.18033000000001,
            12.854700000000001
          ],
          [
            80.17986,
            12.85472
          ],
          [
            80.17908000000001,
            12.85471
          ],
          [
            80.17889000000001,
            12.85472
          ],
          [
            80.17821,
            12.854700000000001
          ],
          [
            80.17789,
            12.854750000000001
          ],
          [
            80.17719000000001,
            12.85499
          ],
          [
            80.17708,
            12.85504
          ],
          [
            80.17679000000001,
            12.855170000000001
          ],
          [
            80.17670000000001,
            12.855210000000001
          ],
          [
            80.17664,
            12.855250000000002
          ],
          [
            80.17654,
            12.85533
          ],
          [
            80.1765,
            12.855340000000002
          ],
          [
            80.17648000000001,
            12.855350000000001
          ],
          [
            80.17643000000001,
            12.855360000000001
          ],
          [
            80.17630000000001,
            12.855360000000001
          ],
          [
            80.17614,
            12.855360000000001
          ],
          [
            80.17569,
            12.855340000000002
          ],
          [
            80.17486000000001,
            12.855310000000001
          ],
          [
            80.17466,
            12.855310000000001
          ],
          [
            80.17442000000001,
            12.855310000000001
          ],
          [
            80.17374000000001,
            12.855310000000001
          ],
          [
            80.17371,
            12.85532
          ],
          [
            80.17369000000001,
            12.855340000000002
          ],
          [
            80.17367,
            12.855390000000002
          ],
          [
            80.17364,
            12.855780000000001
          ],
          [
            80.17363,
            12.855870000000001
          ],
          [
            80.17343000000001,
            12.856040000000002
          ],
          [
            80.17325000000001,
            12.85617
          ],
          [
            80.17305,
            12.856280000000002
          ],
          [
            80.17289000000001,
            12.856340000000001
          ],
          [
            80.17281000000001,
            12.85635
          ],
          [
            80.17247,
            12.856420000000002
          ],
          [
            80.17234,
            12.856480000000001
          ],
          [
            80.17214000000001,
            12.856560000000002
          ],
          [
            80.17212,
            12.856480000000001
          ],
          [
            80.1721,
            12.856420000000002
          ],
          [
            80.17185,
            12.85556
          ],
          [
            80.17160000000001,
            12.854700000000001
          ],
          [
            80.1714,
            12.85401
          ],
          [
            80.17127,
            12.85344
          ],
          [
            80.17125,
            12.853290000000001
          ],
          [
            80.17121,
            12.853010000000001
          ],
          [
            80.17117,
            12.85269
          ],
          [
            80.17108,
            12.852030000000001
          ],
          [
            80.17097000000001,
            12.851400000000002
          ],
          [
            80.17091,
            12.85105
          ],
          [
            80.17089,
            12.850930000000002
          ],
          [
            80.17082,
            12.850480000000001
          ],
          [
            80.17074000000001,
            12.85002
          ],
          [
            80.17065000000001,
            12.84942
          ],
          [
            80.17064,
            12.84941
          ],
          [
            80.17063,
            12.849310000000001
          ],
          [
            80.17052000000001,
            12.848650000000001
          ],
          [
            80.17044000000001,
            12.848160000000002
          ],
          [
            80.17043000000001,
            12.848090000000001
          ],
          [
            80.17031,
            12.84739
          ],
          [
            80.17029000000001,
            12.847240000000001
          ],
          [
            80.17023,
            12.846850000000002
          ],
          [
            80.17020000000001,
            12.846190000000002
          ],
          [
            80.17017000000001,
            12.84571
          ],
          [
            80.17014,
            12.845040000000001
          ],
          [
            80.17011000000001,
            12.844360000000002
          ],
          [
            80.17006,
            12.84393
          ],
          [
            80.16997,
            12.84332
          ],
          [
            80.16997,
            12.843240000000002
          ],
          [
            80.16995,
            12.84298
          ],
          [
            80.16993000000001,
            12.84275
          ],
          [
            80.16993000000001,
            12.84246
          ],
          [
            80.16994000000001,
            12.84237
          ],
          [
            80.16994000000001,
            12.84196
          ],
          [
            80.16996,
            12.84129
          ],
          [
            80.16997,
            12.84107
          ],
          [
            80.16996,
            12.84092
          ],
          [
            80.16994000000001,
            12.84064
          ],
          [
            80.16993000000001,
            12.840480000000001
          ],
          [
            80.16991,
            12.840240000000001
          ],
          [
            80.16997,
            12.839780000000001
          ],
          [
            80.16997,
            12.8396
          ],
          [
            80.16996,
            12.839490000000001
          ],
          [
            80.16994000000001,
            12.839340000000002
          ],
          [
            80.16975000000001,
            12.838650000000001
          ],
          [
            80.1697,
            12.83853
          ],
          [
            80.16965,
            12.83844
          ],
          [
            80.16959,
            12.838360000000002
          ],
          [
            80.16948000000001,
            12.83825
          ],
          [
            80.16936000000001,
            12.838130000000001
          ],
          [
            80.16932000000001,
            12.838090000000001
          ],
          [
            80.16936000000001,
            12.838130000000001
          ],
          [
            80.16948000000001,
            12.83825
          ],
          [
            80.16959,
            12.838360000000002
          ],
          [
            80.16965,
            12.83844
          ],
          [
            80.1697,
            12.83853
          ],
          [
            80.17015,
            12.838610000000001
          ],
          [
            80.17030000000001,
            12.83866
          ],
          [
            80.17045,
            12.838750000000001
          ],
          [
            80.17064,
            12.838920000000002
          ],
          [
            80.1709,
            12.839120000000001
          ],
          [
            80.17103,
            12.83918
          ],
          [
            80.17109,
            12.83919
          ],
          [
            80.17117,
            12.839210000000001
          ],
          [
            80.17124000000001,
            12.839210000000001
          ],
          [
            80.17146000000001,
            12.83923
          ],
          [
            80.17149,
            12.839250000000002
          ],
          [
            80.17153,
            12.83927
          ],
          [
            80.17155000000001,
            12.839310000000001
          ],
          [
            80.17163000000001,
            12.839550000000001
          ],
          [
            80.17166,
            12.839640000000001
          ],
          [
            80.17172000000001,
            12.8398
          ],
          [
            80.17179,
            12.839950000000002
          ],
          [
            80.17188,
            12.840160000000001
          ],
          [
            80.17199000000001,
            12.840330000000002
          ],
          [
            80.17205000000001,
            12.8404
          ],
          [
            80.17212,
            12.84045
          ],
          [
            80.17224,
            12.840510000000002
          ],
          [
            80.17255,
            12.840610000000002
          ],
          [
            80.1727,
            12.84068
          ],
          [
            80.17277,
            12.84073
          ],
          [
            80.17290000000001,
            12.84083
          ],
          [
            80.17312000000001,
            12.84102
          ],
          [
            80.17317000000001,
            12.84111
          ],
          [
            80.17330000000001,
            12.84148
          ],
          [
            80.17334000000001,
            12.84162
          ],
          [
            80.17335000000001,
            12.84171
          ],
          [
            80.17336,
            12.841800000000001
          ],
          [
            80.17337,
            12.84196
          ],
          [
            80.17341,
            12.84218
          ],
          [
            80.17346,
            12.842410000000001
          ],
          [
            80.17348000000001,
            12.842450000000001
          ],
          [
            80.1735,
            12.842490000000002
          ],
          [
            80.17352000000001,
            12.84251
          ],
          [
            80.17356000000001,
            12.842530000000002
          ],
          [
            80.17360000000001,
            12.842540000000001
          ],
          [
            80.17383000000001,
            12.842480000000002
          ],
          [
            80.17414000000001,
            12.84242
          ],
          [
            80.17420000000001,
            12.842410000000001
          ],
          [
            80.17431,
            12.842390000000002
          ],
          [
            80.17435,
            12.842390000000002
          ],
          [
            80.1744,
            12.842400000000001
          ],
          [
            80.17446000000001,
            12.84243
          ],
          [
            80.17450000000001,
            12.842480000000002
          ],
          [
            80.17464000000001,
            12.842730000000001
          ],
          [
            80.17500000000001,
            12.843380000000002
          ],
          [
            80.17537,
            12.844140000000001
          ],
          [
            80.17547,
            12.844370000000001
          ],
          [
            80.17562000000001,
            12.844640000000002
          ],
          [
            80.17565,
            12.84472
          ],
          [
            80.17575000000001,
            12.845
          ],
          [
            80.17588,
            12.84529
          ],
          [
            80.17601,
            12.845580000000002
          ],
          [
            80.17604,
            12.84566
          ],
          [
            80.17616000000001,
            12.845920000000001
          ],
          [
            80.17637,
            12.846380000000002
          ],
          [
            80.17644,
            12.84645
          ],
          [
            80.17648000000001,
            12.846480000000001
          ],
          [
            80.17652000000001,
            12.846490000000001
          ],
          [
            80.17660000000001,
            12.8465
          ],
          [
            80.17702000000001,
            12.846480000000001
          ],
          [
            80.17715000000001,
            12.846480000000001
          ],
          [
            80.17731,
            12.846470000000002
          ],
          [
            80.17752,
            12.84645
          ],
          [
            80.17798,
            12.84641
          ],
          [
            80.17878,
            12.846350000000001
          ],
          [
            80.17958,
            12.846290000000002
          ],
          [
            80.18038,
            12.84623
          ],
          [
            80.18045000000001,
            12.846240000000002
          ],
          [
            80.18115,
            12.846190000000002
          ],
          [
            80.18186,
            12.84613
          ],
          [
            80.18186,
            12.846160000000001
          ],
          [
            80.18187,
            12.846190000000002
          ],
          [
            80.18189000000001,
            12.84623
          ],
          [
            80.18191,
            12.846250000000001
          ],
          [
            80.18193000000001,
            12.84627
          ],
          [
            80.18197,
            12.846290000000002
          ],
          [
            80.182,
            12.846300000000001
          ],
          [
            80.18204,
            12.846300000000001
          ],
          [
            80.1821,
            12.846280000000002
          ],
          [
            80.18212000000001,
            12.846260000000001
          ],
          [
            80.18277,
            12.84673
          ],
          [
            80.18341000000001,
            12.8472
          ],
          [
            80.18354000000001,
            12.84717
          ],
          [
            80.18388,
            12.847100000000001
          ],
          [
            80.18436000000001,
            12.84702
          ],
          [
            80.1845,
            12.846990000000002
          ],
          [
            80.18463000000001,
            12.84697
          ],
          [
            80.18478,
            12.846950000000001
          ],
          [
            80.18496,
            12.84692
          ],
          [
            80.18515000000001,
            12.846890000000002
          ],
          [
            80.18522,
            12.846900000000002
          ],
          [
            80.18559,
            12.84697
          ],
          [
            80.18569000000001,
            12.84698
          ],
          [
            80.18581,
            12.84698
          ],
          [
            80.18652,
            12.846860000000001
          ],
          [
            80.18741,
            12.84669
          ],
          [
            80.18762000000001,
            12.846630000000001
          ],
          [
            80.18792,
            12.846530000000001
          ],
          [
            80.18837,
            12.846390000000001
          ],
          [
            80.18861000000001,
            12.84632
          ],
          [
            80.18912,
            12.846150000000002
          ],
          [
            80.18963000000001,
            12.845970000000001
          ],
          [
            80.18967,
            12.845960000000002
          ],
          [
            80.1897,
            12.845960000000002
          ],
          [
            80.18973000000001,
            12.845970000000001
          ],
          [
            80.18975,
            12.84599
          ],
          [
            80.18991000000001,
            12.84631
          ],
          [
            80.19011,
            12.84674
          ],
          [
            80.19038,
            12.84739
          ],
          [
            80.19065,
            12.848030000000001
          ],
          [
            80.19081000000001,
            12.84843
          ],
          [
            80.19085000000001,
            12.84847
          ],
          [
            80.19090000000001,
            12.84848
          ],
          [
            80.19095,
            12.84847
          ],
          [
            80.19143000000001,
            12.848370000000001
          ],
          [
            80.1919,
            12.848260000000002
          ],
          [
            80.1927,
            12.848110000000002
          ],
          [
            80.1932,
            12.848020000000002
          ],
          [
            80.19367000000001,
            12.84796
          ],
          [
            80.19414,
            12.847890000000001
          ],
          [
            80.19449,
            12.847840000000001
          ],
          [
            80.19472,
            12.847800000000001
          ],
          [
            80.19521,
            12.84773
          ],
          [
            80.19529,
            12.84772
          ],
          [
            80.1962,
            12.847570000000001
          ],
          [
            80.19663000000001,
            12.847510000000002
          ],
          [
            80.19704,
            12.84745
          ],
          [
            80.19745,
            12.847380000000001
          ],
          [
            80.19777,
            12.847330000000001
          ],
          [
            80.19826,
            12.847270000000002
          ],
          [
            80.19892,
            12.847180000000002
          ],
          [
            80.19921000000001,
            12.84712
          ],
          [
            80.20001,
            12.846990000000002
          ],
          [
            80.19994000000001,
            12.847700000000001
          ],
          [
            80.19989000000001,
            12.848120000000002
          ],
          [
            80.19982,
            12.84867
          ],
          [
            80.19980000000001,
            12.848780000000001
          ],
          [
            80.19971000000001,
            12.849670000000001
          ],
          [
            80.19962000000001,
            12.850550000000002
          ],
          [
            80.19957000000001,
            12.85125
          ],
          [
            80.19951,
            12.85195
          ],
          [
            80.19948000000001,
            12.852440000000001
          ],
          [
            80.19946,
            12.852950000000002
          ],
          [
            80.19943,
            12.853200000000001
          ],
          [
            80.19943,
            12.85327
          ],
          [
            80.19941,
            12.85349
          ],
          [
            80.19937,
            12.85397
          ],
          [
            80.19938,
            12.85424
          ],
          [
            80.19938,
            12.85438
          ],
          [
            80.19941,
            12.854650000000001
          ],
          [
            80.19943,
            12.854790000000001
          ],
          [
            80.19948000000001,
            12.855310000000001
          ],
          [
            80.19949000000001,
            12.855360000000001
          ],
          [
            80.19949000000001,
            12.855410000000001
          ],
          [
            80.19952,
            12.85561
          ],
          [
            80.19954000000001,
            12.855730000000001
          ],
          [
            80.19955,
            12.855830000000001
          ],
          [
            80.19959,
            12.85607
          ],
          [
            80.19964,
            12.856530000000001
          ],
          [
            80.19966000000001,
            12.856750000000002
          ],
          [
            80.19971000000001,
            12.8572
          ],
          [
            80.19978,
            12.857750000000001
          ],
          [
            80.19981000000001,
            12.858010000000002
          ],
          [
            80.19984000000001,
            12.858390000000002
          ],
          [
            80.19985000000001,
            12.858690000000001
          ],
          [
            80.19989000000001,
            12.85889
          ],
          [
            80.19995,
            12.859530000000001
          ],
          [
            80.19997000000001,
            12.85973
          ],
          [
            80.19997000000001,
            12.859820000000001
          ],
          [
            80.19997000000001,
            12.86034
          ],
          [
            80.19997000000001,
            12.860420000000001
          ],
          [
            80.19988000000001,
            12.861120000000001
          ],
          [
            80.19977,
            12.861650000000001
          ],
          [
            80.19974,
            12.861780000000001
          ],
          [
            80.19967000000001,
            12.862070000000001
          ],
          [
            80.19964,
            12.86217
          ],
          [
            80.19956,
            12.86265
          ],
          [
            80.19964,
            12.863360000000002
          ],
          [
            80.19967000000001,
            12.863620000000001
          ],
          [
            80.1997,
            12.86414
          ],
          [
            80.19971000000001,
            12.864230000000001
          ],
          [
            80.19974,
            12.864730000000002
          ],
          [
            80.19977,
            12.86523
          ],
          [
            80.19985000000001,
            12.865800000000002
          ],
          [
            80.19991,
            12.86621
          ],
          [
            80.20005,
            12.866700000000002
          ],
          [
            80.20019,
            12.8672
          ],
          [
            80.20030000000001,
            12.867700000000001
          ],
          [
            80.2004,
            12.86819
          ],
          [
            80.20038000000001,
            12.868250000000002
          ],
          [
            80.20047000000001,
            12.868870000000001
          ],
          [
            80.20057000000001,
            12.86949
          ],
          [
            80.20066000000001,
            12.87011
          ],
          [
            80.20076,
            12.870790000000001
          ],
          [
            80.20084,
            12.87127
          ],
          [
            80.20091000000001,
            12.87174
          ],
          [
            80.20095,
            12.872020000000001
          ],
          [
            80.20096000000001,
            12.87217
          ],
          [
            80.20096000000001,
            12.87226
          ],
          [
            80.20095,
            12.872330000000002
          ],
          [
            80.20093,
            12.872370000000002
          ],
          [
            80.20088000000001,
            12.87241
          ],
          [
            80.20074000000001,
            12.872440000000001
          ],
          [
            80.20034000000001,
            12.87246
          ],
          [
            80.20019,
            12.87246
          ],
          [
            80.20007000000001,
            12.872470000000002
          ],
          [
            80.19999,
            12.872480000000001
          ],
          [
            80.19991,
            12.8725
          ],
          [
            80.19986,
            12.872530000000001
          ],
          [
            80.19983,
            12.87255
          ],
          [
            80.19979000000001,
            12.8726
          ],
          [
            80.19977,
            12.87268
          ],
          [
            80.19973,
            12.87293
          ],
          [
            80.19966000000001,
            12.873800000000001
          ],
          [
            80.19964,
            12.87396
          ],
          [
            80.19955,
            12.87484
          ],
          [
            80.19947,
            12.87565
          ],
          [
            80.19943,
            12.876050000000001
          ],
          [
            80.19942,
            12.87621
          ],
          [
            80.19937,
            12.876360000000002
          ],
          [
            80.19901,
            12.87696
          ],
          [
            80.19855000000001,
            12.87767
          ],
          [
            80.19809000000001,
            12.87837
          ],
          [
            80.19781,
            12.878800000000002
          ],
          [
            80.19752000000001,
            12.879230000000002
          ],
          [
            80.19758,
            12.879280000000001
          ],
          [
            80.19775000000001,
            12.87964
          ],
          [
            80.19781,
            12.879800000000001
          ],
          [
            80.1979,
            12.880160000000002
          ],
          [
            80.19796000000001,
            12.88047
          ],
          [
            80.19808,
            12.881010000000002
          ],
          [
            80.19813,
            12.881240000000002
          ],
          [
            80.19816,
            12.881730000000001
          ],
          [
            80.19818000000001,
            12.882010000000001
          ],
          [
            80.19822,
            12.882200000000001
          ],
          [
            80.19829,
            12.88263
          ],
          [
            80.19839,
            12.88315
          ],
          [
            80.19848,
            12.88367
          ],
          [
            80.19894000000001,
            12.88362
          ],
          [
            80.19949000000001,
            12.88353
          ],
          [
            80.19958000000001,
            12.88352
          ],
          [
            80.19996,
            12.88347
          ],
          [
            80.20017,
            12.88344
          ],
          [
            80.20056000000001,
            12.883370000000001
          ],
          [
            80.20063,
            12.883360000000001
          ],
          [
            80.20106000000001,
            12.883310000000002
          ],
          [
            80.20126,
            12.883280000000001
          ],
          [
            80.20150000000001,
            12.883260000000002
          ],
          [
            80.20190000000001,
            12.883210000000002
          ],
          [
            80.20231000000001,
            12.883180000000001
          ],
          [
            80.20226000000001,
            12.88258
          ],
          [
            80.20224,
            12.8823
          ],
          [
            80.20271000000001,
            12.88225
          ],
          [
            80.20318,
            12.882200000000001
          ],
          [
            80.20322,
            12.88217
          ],
          [
            80.20325000000001,
            12.882130000000002
          ],
          [
            80.20323,
            12.881810000000002
          ],
          [
            80.20319,
            12.881570000000002
          ],
          [
            80.20318,
            12.881390000000001
          ],
          [
            80.20313,
            12.88099
          ],
          [
            80.20313,
            12.880910000000002
          ],
          [
            80.20314,
            12.88062
          ],
          [
            80.20313,
            12.88024
          ],
          [
            80.20313,
            12.880130000000001
          ],
          [
            80.20313,
            12.880070000000002
          ],
          [
            80.20263000000001,
            12.880160000000002
          ],
          [
            80.20262000000001,
            12.880160000000002
          ],
          [
            80.20198,
            12.880300000000002
          ],
          [
            80.20190000000001,
            12.880350000000002
          ],
          [
            80.20199000000001,
            12.880360000000001
          ],
          [
            80.20256,
            12.88025
          ],
          [
            80.20313,
            12.880130000000001
          ],
          [
            80.20396000000001,
            12.879970000000002
          ],
          [
            80.20478,
            12.87981
          ],
          [
            80.20508000000001,
            12.879760000000001
          ],
          [
            80.20515,
            12.879750000000001
          ],
          [
            80.20542,
            12.879740000000002
          ],
          [
            80.20566000000001,
            12.87973
          ],
          [
            80.20611000000001,
            12.87972
          ],
          [
            80.2069,
            12.879710000000001
          ],
          [
            80.20698,
            12.879710000000001
          ],
          [
            80.20736000000001,
            12.879700000000001
          ],
          [
            80.20773000000001,
            12.879700000000001
          ],
          [
            80.2081,
            12.87968
          ],
          [
            80.20887,
            12.87968
          ],
          [
            80.20933000000001,
            12.87967
          ],
          [
            80.2098,
            12.87967
          ],
          [
            80.20989,
            12.87968
          ],
          [
            80.21001000000001,
            12.879700000000001
          ],
          [
            80.21010000000001,
            12.879700000000001
          ],
          [
            80.21029,
            12.87968
          ],
          [
            80.21046000000001,
            12.87964
          ],
          [
            80.21071,
            12.879600000000002
          ],
          [
            80.21107,
            12.87954
          ],
          [
            80.21127000000001,
            12.879510000000002
          ],
          [
            80.21189000000001,
            12.87939
          ],
          [
            80.21272,
            12.879240000000001
          ],
          [
            80.21286,
            12.87921
          ],
          [
            80.21333000000001,
            12.879130000000002
          ],
          [
            80.2138,
            12.879040000000002
          ],
          [
            80.21434,
            12.87893
          ],
          [
            80.21487,
            12.878820000000001
          ],
          [
            80.21508,
            12.87878
          ],
          [
            80.21521000000001,
            12.878750000000002
          ],
          [
            80.21566,
            12.878660000000002
          ],
          [
            80.21596000000001,
            12.87859
          ],
          [
            80.21636000000001,
            12.87851
          ],
          [
            80.21688,
            12.87841
          ],
          [
            80.21736000000001,
            12.87831
          ],
          [
            80.21784000000001,
            12.878210000000001
          ],
          [
            80.21831,
            12.878120000000001
          ],
          [
            80.21853,
            12.878070000000001
          ],
          [
            80.21864000000001,
            12.878050000000002
          ],
          [
            80.21945000000001,
            12.877860000000002
          ],
          [
            80.21969,
            12.8778
          ],
          [
            80.22001,
            12.877730000000001
          ],
          [
            80.22077,
            12.877550000000001
          ],
          [
            80.22097000000001,
            12.877510000000001
          ],
          [
            80.22122,
            12.877450000000001
          ],
          [
            80.22185,
            12.877310000000001
          ],
          [
            80.22273000000001,
            12.877110000000002
          ],
          [
            80.22330000000001,
            12.876980000000001
          ],
          [
            80.22386,
            12.876850000000001
          ],
          [
            80.22396,
            12.876830000000002
          ],
          [
            80.22452000000001,
            12.876750000000001
          ],
          [
            80.22501000000001,
            12.87668
          ],
          [
            80.22547,
            12.876640000000002
          ],
          [
            80.22594000000001,
            12.876600000000002
          ],
          [
            80.22623,
            12.87658
          ],
          [
            80.22669,
            12.876560000000001
          ],
          [
            80.22677,
            12.876550000000002
          ],
          [
            80.22685000000001,
            12.876550000000002
          ],
          [
            80.22682,
            12.87701
          ],
          [
            80.22678,
            12.87748
          ],
          [
            80.22671000000001,
            12.878330000000002
          ],
          [
            80.22670000000001,
            12.878540000000001
          ],
          [
            80.22672,
            12.878570000000002
          ],
          [
            80.22675000000001,
            12.878580000000001
          ],
          [
            80.22676000000001,
            12.878580000000001
          ],
          [
            80.22678,
            12.878580000000001
          ],
          [
            80.22681,
            12.878570000000002
          ],
          [
            80.22685000000001,
            12.87855
          ],
          [
            80.22685000000001,
            12.878480000000001
          ],
          [
            80.22689000000001,
            12.877920000000001
          ],
          [
            80.22694000000001,
            12.87737
          ],
          [
            80.22697000000001,
            12.876920000000002
          ],
          [
            80.22701,
            12.87654
          ],
          [
            80.22702000000001,
            12.876460000000002
          ],
          [
            80.22702000000001,
            12.87639
          ],
          [
            80.22702000000001,
            12.87625
          ],
          [
            80.22702000000001,
            12.876050000000001
          ],
          [
            80.227,
            12.8756
          ],
          [
            80.22692,
            12.87517
          ],
          [
            80.22688000000001,
            12.87465
          ],
          [
            80.22683,
            12.874130000000001
          ],
          [
            80.22668,
            12.87414
          ],
          [
            80.22674,
            12.87461
          ],
          [
            80.22681,
            12.87508
          ],
          [
            80.22685000000001,
            12.875530000000001
          ],
          [
            80.22686,
            12.876100000000001
          ],
          [
            80.22686,
            12.876470000000001
          ],
          [
            80.22685000000001,
            12.87654
          ],
          [
            80.22685000000001,
            12.876550000000002
          ],
          [
            80.22682,
            12.87701
          ],
          [
            80.22678,
            12.87748
          ],
          [
            80.22671000000001,
            12.878330000000002
          ],
          [
            80.22670000000001,
            12.878540000000001
          ],
          [
            80.22668,
            12.878810000000001
          ],
          [
            80.22667000000001,
            12.878900000000002
          ],
          [
            80.22665,
            12.879380000000001
          ],
          [
            80.22665,
            12.87968
          ],
          [
            80.22665,
            12.880170000000001
          ],
          [
            80.22664,
            12.880650000000001
          ],
          [
            80.22664,
            12.881400000000001
          ],
          [
            80.22663,
            12.882150000000001
          ],
          [
            80.22662000000001,
            12.882900000000001
          ],
          [
            80.22661000000001,
            12.883640000000002
          ],
          [
            80.22661000000001,
            12.883650000000001
          ],
          [
            80.2266,
            12.88409
          ],
          [
            80.22661000000001,
            12.88461
          ],
          [
            80.22663,
            12.885140000000002
          ],
          [
            80.22664,
            12.88531
          ],
          [
            80.22670000000001,
            12.885610000000002
          ],
          [
            80.22692,
            12.886470000000001
          ],
          [
            80.22701,
            12.886840000000001
          ],
          [
            80.22713,
            12.887580000000002
          ],
          [
            80.22721,
            12.888190000000002
          ],
          [
            80.22725000000001,
            12.88892
          ],
          [
            80.22725000000001,
            12.889560000000001
          ],
          [
            80.22725000000001,
            12.89019
          ],
          [
            80.22725000000001,
            12.890830000000001
          ],
          [
            80.22726,
            12.891280000000002
          ],
          [
            80.22727,
            12.89173
          ],
          [
            80.22727,
            12.89179
          ],
          [
            80.22726,
            12.891960000000001
          ],
          [
            80.22729000000001,
            12.892470000000001
          ],
          [
            80.22737000000001,
            12.8932
          ],
          [
            80.22745,
            12.893930000000001
          ],
          [
            80.22752000000001,
            12.894670000000001
          ],
          [
            80.22753,
            12.895130000000002
          ],
          [
            80.22753,
            12.895230000000002
          ],
          [
            80.22755000000001,
            12.8955
          ],
          [
            80.22757,
            12.896
          ],
          [
            80.22759,
            12.896500000000001
          ],
          [
            80.22759,
            12.896590000000002
          ],
          [
            80.22761000000001,
            12.897120000000001
          ],
          [
            80.22765000000001,
            12.897620000000002
          ],
          [
            80.22768,
            12.89825
          ],
          [
            80.22773000000001,
            12.89825
          ],
          [
            80.22768,
            12.89825
          ],
          [
            80.22770000000001,
            12.898670000000001
          ],
          [
            80.22774000000001,
            12.899270000000001
          ],
          [
            80.22777,
            12.899870000000002
          ],
          [
            80.22777,
            12.90042
          ],
          [
            80.22777,
            12.900630000000001
          ],
          [
            80.22777,
            12.900720000000002
          ],
          [
            80.22760000000001,
            12.90084
          ],
          [
            80.22755000000001,
            12.900860000000002
          ],
          [
            80.22735,
            12.90089
          ],
          [
            80.22693000000001,
            12.900910000000001
          ],
          [
            80.22653000000001,
            12.900920000000001
          ],
          [
            80.22648000000001,
            12.90093
          ],
          [
            80.22561,
            12.900950000000002
          ],
          [
            80.22475,
            12.90098
          ],
          [
            80.22432,
            12.90099
          ],
          [
            80.22427,
            12.90099
          ],
          [
            80.22381,
            12.901010000000001
          ],
          [
            80.22353000000001,
            12.901010000000001
          ],
          [
            80.22282000000001,
            12.901060000000001
          ],
          [
            80.2222,
            12.901140000000002
          ],
          [
            80.22129000000001,
            12.901240000000001
          ],
          [
            80.22092,
            12.901290000000001
          ],
          [
            80.22049000000001,
            12.901340000000001
          ],
          [
            80.22009000000001,
            12.901390000000001
          ],
          [
            80.21975,
            12.901420000000002
          ],
          [
            80.21925,
            12.901480000000001
          ],
          [
            80.21836,
            12.90159
          ],
          [
            80.21817,
            12.901610000000002
          ],
          [
            80.21741,
            12.90173
          ],
          [
            80.21735000000001,
            12.90174
          ],
          [
            80.21726000000001,
            12.90177
          ],
          [
            80.21716,
            12.901790000000002
          ],
          [
            80.21688,
            12.90187
          ],
          [
            80.21637000000001,
            12.902040000000001
          ],
          [
            80.21586,
            12.902220000000002
          ],
          [
            80.21508,
            12.902510000000001
          ],
          [
            80.21430000000001,
            12.90281
          ],
          [
            80.21383,
            12.903
          ],
          [
            80.21335,
            12.90318
          ],
          [
            80.21303,
            12.903310000000001
          ],
          [
            80.2128,
            12.903390000000002
          ],
          [
            80.21223,
            12.903630000000001
          ],
          [
            80.21166000000001,
            12.903860000000002
          ],
          [
            80.21117000000001,
            12.904060000000001
          ],
          [
            80.21103000000001,
            12.90412
          ],
          [
            80.21093,
            12.904160000000001
          ],
          [
            80.21086000000001,
            12.904190000000002
          ],
          [
            80.21029,
            12.904420000000002
          ],
          [
            80.20986,
            12.9046
          ],
          [
            80.20935,
            12.904810000000001
          ],
          [
            80.20916000000001,
            12.90488
          ],
          [
            80.20862000000001,
            12.90507
          ],
          [
            80.20794000000001,
            12.905360000000002
          ],
          [
            80.20786000000001,
            12.9054
          ],
          [
            80.20731,
            12.905650000000001
          ],
          [
            80.20675,
            12.905890000000001
          ],
          [
            80.20593000000001,
            12.90623
          ],
          [
            80.20542,
            12.90643
          ],
          [
            80.20528,
            12.906500000000001
          ],
          [
            80.20527000000001,
            12.90651
          ],
          [
            80.20508000000001,
            12.90662
          ],
          [
            80.20490000000001,
            12.906730000000001
          ],
          [
            80.20447,
            12.907020000000001
          ],
          [
            80.20432000000001,
            12.907110000000001
          ],
          [
            80.20415000000001,
            12.90718
          ],
          [
            80.20402,
            12.90723
          ],
          [
            80.20396000000001,
            12.907250000000001
          ],
          [
            80.20370000000001,
            12.90731
          ],
          [
            80.2034,
            12.90737
          ],
          [
            80.20312000000001,
            12.9074
          ],
          [
            80.20265,
            12.907420000000002
          ],
          [
            80.20240000000001,
            12.907420000000002
          ],
          [
            80.20211,
            12.907440000000001
          ],
          [
            80.20189,
            12.90746
          ],
          [
            80.20190000000001,
            12.907570000000002
          ],
          [
            80.20213000000001,
            12.90755
          ],
          [
            80.20224,
            12.90755
          ],
          [
            80.20243,
            12.907540000000001
          ],
          [
            80.20245000000001,
            12.907540000000001
          ],
          [
            80.20265,
            12.907530000000001
          ],
          [
            80.20313,
            12.90751
          ],
          [
            80.20319,
            12.9075
          ],
          [
            80.20334000000001,
            12.907490000000001
          ],
          [
            80.20343000000001,
            12.907480000000001
          ],
          [
            80.20377,
            12.907430000000002
          ],
          [
            80.20398,
            12.90737
          ],
          [
            80.20419000000001,
            12.907330000000002
          ],
          [
            80.20415000000001,
            12.90718
          ],
          [
            80.20402,
            12.90723
          ],
          [
            80.20396000000001,
            12.907250000000001
          ],
          [
            80.20370000000001,
            12.90731
          ],
          [
            80.2034,
            12.90737
          ],
          [
            80.20312000000001,
            12.9074
          ],
          [
            80.20265,
            12.907420000000002
          ],
          [
            80.20240000000001,
            12.907420000000002
          ],
          [
            80.20211,
            12.907440000000001
          ],
          [
            80.20189,
            12.90746
          ],
          [
            80.20157,
            12.907480000000001
          ],
          [
            80.20126,
            12.9075
          ],
          [
            80.2008,
            12.907540000000001
          ],
          [
            80.20033000000001,
            12.907570000000002
          ],
          [
            80.19986,
            12.9076
          ],
          [
            80.19979000000001,
            12.907610000000002
          ],
          [
            80.19894000000001,
            12.907660000000002
          ],
          [
            80.19882000000001,
            12.907680000000001
          ],
          [
            80.19868000000001,
            12.907710000000002
          ],
          [
            80.19862,
            12.90774
          ],
          [
            80.19858,
            12.907760000000001
          ],
          [
            80.19851000000001,
            12.907810000000001
          ],
          [
            80.19843,
            12.907890000000002
          ],
          [
            80.19835,
            12.90798
          ],
          [
            80.19810000000001,
            12.908320000000002
          ],
          [
            80.19783000000001,
            12.908690000000002
          ],
          [
            80.19752000000001,
            12.90915
          ],
          [
            80.19731,
            12.90947
          ],
          [
            80.19693000000001,
            12.909980000000001
          ],
          [
            80.19693000000001,
            12.90999
          ],
          [
            80.19683,
            12.910120000000001
          ],
          [
            80.19672000000001,
            12.91027
          ],
          [
            80.19657000000001,
            12.910480000000002
          ],
          [
            80.19644000000001,
            12.910660000000002
          ],
          [
            80.19633,
            12.910810000000001
          ],
          [
            80.19617000000001,
            12.911050000000001
          ],
          [
            80.19592,
            12.911430000000001
          ],
          [
            80.19564000000001,
            12.911830000000002
          ],
          [
            80.19539,
            12.912180000000001
          ],
          [
            80.19523000000001,
            12.912410000000001
          ],
          [
            80.19514000000001,
            12.91252
          ],
          [
            80.19505000000001,
            12.912700000000001
          ],
          [
            80.19500000000001,
            12.91289
          ],
          [
            80.19491000000001,
            12.913310000000001
          ],
          [
            80.19484000000001,
            12.91365
          ],
          [
            80.19468,
            12.91444
          ],
          [
            80.19455,
            12.91506
          ],
          [
            80.19455,
            12.915070000000002
          ],
          [
            80.19442000000001,
            12.915650000000001
          ],
          [
            80.19430000000001,
            12.916240000000002
          ],
          [
            80.19413,
            12.91698
          ],
          [
            80.19383,
            12.91694
          ],
          [
            80.19327000000001,
            12.916960000000001
          ],
          [
            80.19289,
            12.917000000000002
          ],
          [
            80.19241000000001,
            12.917050000000001
          ],
          [
            80.19234,
            12.917060000000001
          ],
          [
            80.19229,
            12.916350000000001
          ],
          [
            80.19225,
            12.915630000000002
          ],
          [
            80.19223000000001,
            12.915420000000001
          ],
          [
            80.19218000000001,
            12.91477
          ],
          [
            80.19213,
            12.914320000000002
          ],
          [
            80.19210000000001,
            12.91398
          ],
          [
            80.19205000000001,
            12.913670000000002
          ],
          [
            80.19200000000001,
            12.91323
          ],
          [
            80.19195,
            12.912780000000001
          ],
          [
            80.19191000000001,
            12.912420000000001
          ],
          [
            80.19191000000001,
            12.912360000000001
          ],
          [
            80.19186,
            12.911940000000001
          ],
          [
            80.19175000000001,
            12.911080000000002
          ],
          [
            80.19172,
            12.91088
          ],
          [
            80.19166000000001,
            12.910400000000001
          ],
          [
            80.19164,
            12.910190000000002
          ],
          [
            80.19161000000001,
            12.91008
          ],
          [
            80.19158,
            12.910000000000002
          ],
          [
            80.19154,
            12.909930000000001
          ],
          [
            80.19121000000001,
            12.90948
          ],
          [
            80.19079,
            12.908930000000002
          ],
          [
            80.19036000000001,
            12.908370000000001
          ],
          [
            80.19007,
            12.907990000000002
          ],
          [
            80.18978000000001,
            12.907610000000002
          ],
          [
            80.18964000000001,
            12.907430000000002
          ],
          [
            80.18928000000001,
            12.906970000000001
          ],
          [
            80.18891,
            12.906500000000001
          ],
          [
            80.1885,
            12.905880000000002
          ],
          [
            80.18821000000001,
            12.90539
          ],
          [
            80.18798000000001,
            12.90501
          ],
          [
            80.18791,
            12.904910000000001
          ],
          [
            80.18769,
            12.904570000000001
          ],
          [
            80.18761,
            12.90445
          ],
          [
            80.18749000000001,
            12.90427
          ],
          [
            80.18734,
            12.904090000000002
          ],
          [
            80.18728,
            12.904050000000002
          ],
          [
            80.18719,
            12.904010000000001
          ],
          [
            80.18709000000001,
            12.904000000000002
          ],
          [
            80.18668000000001,
            12.904010000000001
          ],
          [
            80.18586,
            12.90404
          ],
          [
            80.18507000000001,
            12.90407
          ],
          [
            80.18504,
            12.90407
          ],
          [
            80.18483,
            12.90404
          ],
          [
            80.18474,
            12.904000000000002
          ],
          [
            80.18468,
            12.903960000000001
          ],
          [
            80.18463000000001,
            12.903880000000001
          ],
          [
            80.18454000000001,
            12.903620000000002
          ],
          [
            80.18449000000001,
            12.90343
          ],
          [
            80.18442,
            12.903220000000001
          ],
          [
            80.18423000000001,
            12.902550000000002
          ],
          [
            80.18407,
            12.90197
          ],
          [
            80.18394,
            12.901530000000001
          ],
          [
            80.18384,
            12.901190000000001
          ],
          [
            80.18381000000001,
            12.90108
          ],
          [
            80.18353,
            12.900430000000002
          ],
          [
            80.18320000000001,
            12.899790000000001
          ],
          [
            80.18287000000001,
            12.89916
          ],
          [
            80.18256000000001,
            12.898520000000001
          ],
          [
            80.18247000000001,
            12.898340000000001
          ],
          [
            80.18224000000001,
            12.89788
          ],
          [
            80.18212000000001,
            12.897670000000002
          ],
          [
            80.18215000000001,
            12.897590000000001
          ],
          [
            80.18217000000001,
            12.89755
          ],
          [
            80.18212000000001,
            12.897670000000002
          ],
          [
            80.18195,
            12.897350000000001
          ],
          [
            80.18186,
            12.897170000000001
          ],
          [
            80.18173,
            12.8969
          ],
          [
            80.1816,
            12.896650000000001
          ],
          [
            80.18147,
            12.89638
          ],
          [
            80.18128,
            12.895990000000001
          ],
          [
            80.18118000000001,
            12.89581
          ],
          [
            80.18107,
            12.89558
          ],
          [
            80.18094,
            12.895360000000002
          ],
          [
            80.18067,
            12.89484
          ],
          [
            80.18064000000001,
            12.89478
          ],
          [
            80.18048,
            12.894470000000002
          ],
          [
            80.18036000000001,
            12.894200000000001
          ],
          [
            80.18027000000001,
            12.89403
          ],
          [
            80.18014000000001,
            12.8937
          ],
          [
            80.18002000000001,
            12.893460000000001
          ],
          [
            80.17988000000001,
            12.893310000000001
          ],
          [
            80.17978000000001,
            12.89323
          ],
          [
            80.17956000000001,
            12.8931
          ],
          [
            80.17928,
            12.892970000000002
          ],
          [
            80.17851,
            12.892550000000002
          ],
          [
            80.17849000000001,
            12.892550000000002
          ],
          [
            80.17773000000001,
            12.892130000000002
          ],
          [
            80.17733000000001,
            12.891900000000001
          ],
          [
            80.17693000000001,
            12.891680000000001
          ],
          [
            80.17651000000001,
            12.89146
          ],
          [
            80.17638000000001,
            12.891390000000001
          ],
          [
            80.17621000000001,
            12.891300000000001
          ],
          [
            80.17616000000001,
            12.89127
          ],
          [
            80.17595,
            12.891160000000001
          ],
          [
            80.17572000000001,
            12.89103
          ],
          [
            80.17548000000001,
            12.8909
          ],
          [
            80.17528,
            12.89079
          ],
          [
            80.17499000000001,
            12.890640000000001
          ],
          [
            80.17472000000001,
            12.890480000000002
          ],
          [
            80.17462,
            12.890410000000001
          ],
          [
            80.17454000000001,
            12.890310000000001
          ],
          [
            80.17450000000001,
            12.890250000000002
          ],
          [
            80.17434,
            12.889800000000001
          ],
          [
            80.17426,
            12.889590000000002
          ],
          [
            80.17398,
            12.88907
          ],
          [
            80.17371,
            12.88855
          ],
          [
            80.17348000000001,
            12.88812
          ],
          [
            80.17343000000001,
            12.88803
          ],
          [
            80.17309,
            12.887360000000001
          ],
          [
            80.17275000000001,
            12.886690000000002
          ],
          [
            80.17237,
            12.885940000000002
          ],
          [
            80.17211,
            12.88545
          ],
          [
            80.17188,
            12.885010000000001
          ],
          [
            80.17186000000001,
            12.884970000000001
          ],
          [
            80.17152,
            12.884340000000002
          ],
          [
            80.17136,
            12.884010000000002
          ],
          [
            80.17106000000001,
            12.883410000000001
          ],
          [
            80.17070000000001,
            12.88272
          ],
          [
            80.17068,
            12.88268
          ],
          [
            80.17068,
            12.882670000000001
          ],
          [
            80.17066000000001,
            12.882620000000001
          ],
          [
            80.17059,
            12.88263
          ],
          [
            80.17063,
            12.88272
          ],
          [
            80.17092000000001,
            12.8833
          ],
          [
            80.17099,
            12.88344
          ],
          [
            80.1713,
            12.884030000000001
          ],
          [
            80.17147000000001,
            12.88437
          ],
          [
            80.17177000000001,
            12.884960000000001
          ],
          [
            80.17204000000001,
            12.885470000000002
          ],
          [
            80.17225,
            12.88587
          ],
          [
            80.17231000000001,
            12.88597
          ],
          [
            80.17268,
            12.88671
          ],
          [
            80.17309,
            12.88751
          ],
          [
            80.17337,
            12.888050000000002
          ],
          [
            80.17365000000001,
            12.888580000000001
          ],
          [
            80.17401000000001,
            12.889260000000002
          ],
          [
            80.17403,
            12.8893
          ],
          [
            80.17409,
            12.889410000000002
          ],
          [
            80.17418,
            12.889590000000002
          ],
          [
            80.17423000000001,
            12.889710000000001
          ],
          [
            80.17428000000001,
            12.889840000000001
          ],
          [
            80.1744,
            12.89023
          ],
          [
            80.17446000000001,
            12.890350000000002
          ],
          [
            80.17451000000001,
            12.89042
          ],
          [
            80.17457,
            12.890480000000002
          ],
          [
            80.17466,
            12.890540000000001
          ],
          [
            80.17477000000001,
            12.890600000000001
          ],
          [
            80.17499000000001,
            12.89071
          ],
          [
            80.17525,
            12.890860000000002
          ],
          [
            80.17569,
            12.891100000000002
          ],
          [
            80.17613,
            12.891330000000002
          ],
          [
            80.17647000000001,
            12.891530000000001
          ],
          [
            80.17689,
            12.891750000000002
          ],
          [
            80.1777,
            12.892180000000002
          ],
          [
            80.17772000000001,
            12.892190000000001
          ],
          [
            80.17814000000001,
            12.892430000000001
          ],
          [
            80.17859,
            12.89268
          ],
          [
            80.17918,
            12.89301
          ],
          [
            80.17934000000001,
            12.893080000000001
          ],
          [
            80.17952000000001,
            12.893170000000001
          ],
          [
            80.17981,
            12.89333
          ],
          [
            80.17988000000001,
            12.893410000000001
          ],
          [
            80.17994,
            12.89348
          ],
          [
            80.18006000000001,
            12.8937
          ],
          [
            80.18020000000001,
            12.894050000000002
          ],
          [
            80.18058,
            12.894820000000001
          ],
          [
            80.18071,
            12.895050000000001
          ],
          [
            80.18086000000001,
            12.895340000000001
          ],
          [
            80.18101,
            12.89564
          ],
          [
            80.18113000000001,
            12.895850000000001
          ],
          [
            80.18123000000001,
            12.89605
          ],
          [
            80.18140000000001,
            12.896400000000002
          ],
          [
            80.18154000000001,
            12.896690000000001
          ],
          [
            80.18156,
            12.89671
          ],
          [
            80.18165,
            12.8969
          ],
          [
            80.1817,
            12.89699
          ],
          [
            80.18181000000001,
            12.89722
          ],
          [
            80.18192,
            12.897430000000002
          ],
          [
            80.18207000000001,
            12.89769
          ],
          [
            80.18212000000001,
            12.897670000000002
          ],
          [
            80.1821,
            12.897630000000001
          ],
          [
            80.18195,
            12.897350000000001
          ],
          [
            80.18186,
            12.897170000000001
          ],
          [
            80.18173,
            12.8969
          ],
          [
            80.1816,
            12.896650000000001
          ],
          [
            80.18147,
            12.89638
          ],
          [
            80.18128,
            12.895990000000001
          ],
          [
            80.18118000000001,
            12.89581
          ],
          [
            80.18113000000001,
            12.895850000000001
          ],
          [
            80.18123000000001,
            12.89605
          ],
          [
            80.18140000000001,
            12.896400000000002
          ],
          [
            80.18154000000001,
            12.896690000000001
          ],
          [
            80.18165,
            12.8969
          ],
          [
            80.1817,
            12.89699
          ],
          [
            80.18181000000001,
            12.89722
          ],
          [
            80.18192,
            12.897430000000002
          ],
          [
            80.18207000000001,
            12.89769
          ],
          [
            80.18216000000001,
            12.897860000000001
          ],
          [
            80.18222,
            12.89798
          ],
          [
            80.18252000000001,
            12.89858
          ],
          [
            80.18281,
            12.89919
          ],
          [
            80.18292000000001,
            12.89939
          ],
          [
            80.18319000000001,
            12.89991
          ],
          [
            80.18345000000001,
            12.900430000000002
          ],
          [
            80.18374,
            12.901110000000001
          ],
          [
            80.18386000000001,
            12.90155
          ],
          [
            80.18399000000001,
            12.901990000000001
          ],
          [
            80.18415,
            12.90257
          ],
          [
            80.18429,
            12.903010000000002
          ],
          [
            80.18434,
            12.90324
          ],
          [
            80.18442,
            12.903450000000001
          ],
          [
            80.18448000000001,
            12.90366
          ],
          [
            80.18456,
            12.903900000000002
          ],
          [
            80.18459,
            12.903970000000001
          ],
          [
            80.18461,
            12.904000000000002
          ],
          [
            80.18463000000001,
            12.90403
          ],
          [
            80.18467000000001,
            12.904060000000001
          ],
          [
            80.18473,
            12.904090000000002
          ],
          [
            80.18486,
            12.90412
          ],
          [
            80.18504,
            12.90413
          ],
          [
            80.18586,
            12.904110000000001
          ],
          [
            80.18668000000001,
            12.90408
          ],
          [
            80.18708000000001,
            12.904060000000001
          ],
          [
            80.18714000000001,
            12.904060000000001
          ],
          [
            80.1872,
            12.90408
          ],
          [
            80.18727000000001,
            12.90412
          ],
          [
            80.18733,
            12.90417
          ],
          [
            80.18738,
            12.904230000000002
          ],
          [
            80.18764,
            12.9046
          ],
          [
            80.18785000000001,
            12.904910000000001
          ],
          [
            80.18815000000001,
            12.90539
          ],
          [
            80.18845,
            12.905880000000002
          ],
          [
            80.18886,
            12.90652
          ],
          [
            80.1889,
            12.906500000000001
          ],
          [
            80.18886,
            12.90652
          ],
          [
            80.18922,
            12.907000000000002
          ],
          [
            80.18959000000001,
            12.907470000000002
          ],
          [
            80.18994,
            12.907950000000001
          ],
          [
            80.19030000000001,
            12.908420000000001
          ],
          [
            80.19073,
            12.908970000000002
          ],
          [
            80.19116000000001,
            12.90953
          ],
          [
            80.19148000000001,
            12.909960000000002
          ],
          [
            80.19153,
            12.91009
          ],
          [
            80.19156000000001,
            12.910210000000001
          ],
          [
            80.19159,
            12.91046
          ],
          [
            80.19168,
            12.911100000000001
          ],
          [
            80.19178000000001,
            12.911950000000001
          ],
          [
            80.19182,
            12.912370000000001
          ],
          [
            80.19191000000001,
            12.912360000000001
          ],
          [
            80.19186,
            12.911940000000001
          ],
          [
            80.19186,
            12.911940000000001
          ],
          [
            80.19175000000001,
            12.911080000000002
          ],
          [
            80.19168,
            12.911100000000001
          ],
          [
            80.19178000000001,
            12.911950000000001
          ],
          [
            80.19182,
            12.912370000000001
          ],
          [
            80.19188000000001,
            12.912790000000001
          ],
          [
            80.19193000000001,
            12.913250000000001
          ],
          [
            80.19199,
            12.913680000000001
          ],
          [
            80.19204,
            12.914090000000002
          ],
          [
            80.19207,
            12.914330000000001
          ],
          [
            80.19209000000001,
            12.914620000000001
          ],
          [
            80.19211,
            12.91478
          ],
          [
            80.19216,
            12.91543
          ],
          [
            80.19217,
            12.915640000000002
          ],
          [
            80.1922,
            12.916060000000002
          ],
          [
            80.19223000000001,
            12.916570000000002
          ],
          [
            80.19226,
            12.91707
          ],
          [
            80.19226,
            12.91708
          ],
          [
            80.19228000000001,
            12.91736
          ],
          [
            80.19236000000001,
            12.91735
          ],
          [
            80.19254000000001,
            12.917340000000001
          ],
          [
            80.19329,
            12.917250000000001
          ],
          [
            80.1937,
            12.91726
          ],
          [
            80.19384000000001,
            12.917280000000002
          ],
          [
            80.19405,
            12.917320000000002
          ],
          [
            80.19413,
            12.91735
          ],
          [
            80.19429000000001,
            12.917440000000001
          ],
          [
            80.19439000000001,
            12.917520000000001
          ],
          [
            80.19470000000001,
            12.917860000000001
          ],
          [
            80.19502,
            12.9182
          ],
          [
            80.19518000000001,
            12.91835
          ],
          [
            80.19547,
            12.918650000000001
          ],
          [
            80.19562,
            12.91881
          ],
          [
            80.19605,
            12.91938
          ],
          [
            80.19613000000001,
            12.91952
          ],
          [
            80.19621000000001,
            12.91966
          ],
          [
            80.19631000000001,
            12.919880000000001
          ],
          [
            80.19648000000001,
            12.920350000000001
          ],
          [
            80.19664,
            12.920580000000001
          ],
          [
            80.1967,
            12.920750000000002
          ],
          [
            80.19685000000001,
            12.921120000000002
          ],
          [
            80.19689000000001,
            12.921230000000001
          ],
          [
            80.1971,
            12.921800000000001
          ],
          [
            80.19717,
            12.92204
          ],
          [
            80.19718,
            12.922070000000001
          ],
          [
            80.19726,
            12.922070000000001
          ],
          [
            80.19722,
            12.921930000000001
          ],
          [
            80.19716000000001,
            12.921750000000001
          ],
          [
            80.19702000000001,
            12.921360000000002
          ],
          [
            80.19691,
            12.921090000000001
          ],
          [
            80.19677,
            12.92068
          ],
          [
            80.19668,
            12.92036
          ],
          [
            80.19656,
            12.919960000000001
          ],
          [
            80.19648000000001,
            12.919760000000002
          ],
          [
            80.19632,
            12.919440000000002
          ],
          [
            80.19622000000001,
            12.91928
          ],
          [
            80.19583,
            12.918750000000001
          ],
          [
            80.19548,
            12.91838
          ],
          [
            80.19513,
            12.918000000000001
          ],
          [
            80.19492000000001,
            12.91777
          ],
          [
            80.19477,
            12.917580000000001
          ],
          [
            80.19464,
            12.91741
          ],
          [
            80.19438000000001,
            12.91716
          ],
          [
            80.19430000000001,
            12.917100000000001
          ],
          [
            80.19414,
            12.917040000000002
          ],
          [
            80.19403000000001,
            12.917010000000001
          ],
          [
            80.19384000000001,
            12.91699
          ],
          [
            80.19365,
            12.917000000000002
          ],
          [
            80.19322000000001,
            12.91702
          ],
          [
            80.19288,
            12.917060000000001
          ],
          [
            80.19213,
            12.917150000000001
          ],
          [
            80.19138000000001,
            12.917240000000001
          ],
          [
            80.19063000000001,
            12.917330000000002
          ],
          [
            80.19019,
            12.917390000000001
          ],
          [
            80.18982000000001,
            12.917470000000002
          ],
          [
            80.18960000000001,
            12.91754
          ],
          [
            80.18951000000001,
            12.917570000000001
          ],
          [
            80.18949,
            12.917580000000001
          ],
          [
            80.18926,
            12.91769
          ],
          [
            80.18909000000001,
            12.917800000000002
          ],
          [
            80.18876,
            12.91801
          ],
          [
            80.18849,
            12.91821
          ],
          [
            80.18824000000001,
            12.918420000000001
          ],
          [
            80.18798000000001,
            12.918640000000002
          ],
          [
            80.18787,
            12.91872
          ],
          [
            80.18746,
            12.919080000000001
          ],
          [
            80.1871,
            12.91938
          ],
          [
            80.18675,
            12.919680000000001
          ],
          [
            80.18654000000001,
            12.91984
          ],
          [
            80.18646000000001,
            12.919920000000001
          ],
          [
            80.18599,
            12.920290000000001
          ],
          [
            80.18588000000001,
            12.92036
          ],
          [
            80.18572,
            12.920420000000002
          ],
          [
            80.18557000000001,
            12.92046
          ],
          [
            80.18544,
            12.920470000000002
          ],
          [
            80.18521000000001,
            12.92046
          ],
          [
            80.18503000000001,
            12.920440000000001
          ],
          [
            80.185,
            12.920430000000001
          ],
          [
            80.18481000000001,
            12.920390000000001
          ],
          [
            80.18455,
            12.920340000000001
          ],
          [
            80.18404000000001,
            12.92021
          ],
          [
            80.18349,
            12.920060000000001
          ],
          [
            80.18293000000001,
            12.91993
          ],
          [
            80.18238000000001,
            12.9198
          ],
          [
            80.182,
            12.919690000000001
          ],
          [
            80.18182,
            12.91966
          ],
          [
            80.18130000000001,
            12.91956
          ],
          [
            80.18119,
            12.919530000000002
          ],
          [
            80.18079,
            12.919440000000002
          ],
          [
            80.18018000000001,
            12.919310000000001
          ],
          [
            80.17983000000001,
            12.919220000000001
          ],
          [
            80.17957000000001,
            12.91914
          ],
          [
            80.17946,
            12.91914
          ],
          [
            80.17937,
            12.9191
          ],
          [
            80.17929000000001,
            12.919060000000002
          ],
          [
            80.17923,
            12.919160000000002
          ],
          [
            80.17932,
            12.919210000000001
          ],
          [
            80.17951000000001,
            12.91928
          ],
          [
            80.17974000000001,
            12.919360000000001
          ],
          [
            80.18,
            12.91943
          ],
          [
            80.18029000000001,
            12.91951
          ],
          [
            80.18090000000001,
            12.91965
          ],
          [
            80.18165,
            12.919810000000002
          ],
          [
            80.18239000000001,
            12.919960000000001
          ],
          [
            80.18326,
            12.920150000000001
          ],
          [
            80.18413000000001,
            12.920330000000002
          ],
          [
            80.18424,
            12.92036
          ],
          [
            80.18467000000001,
            12.92045
          ],
          [
            80.18520000000001,
            12.920560000000002
          ],
          [
            80.18539000000001,
            12.920580000000001
          ],
          [
            80.18555,
            12.920570000000001
          ],
          [
            80.18567,
            12.92055
          ],
          [
            80.18587000000001,
            12.920490000000001
          ],
          [
            80.18597000000001,
            12.920420000000002
          ],
          [
            80.18665,
            12.919880000000001
          ],
          [
            80.18733,
            12.919340000000002
          ],
          [
            80.18801,
            12.918800000000001
          ],
          [
            80.18839000000001,
            12.91849
          ],
          [
            80.18878000000001,
            12.918190000000001
          ],
          [
            80.18897000000001,
            12.918040000000001
          ],
          [
            80.18929,
            12.91783
          ],
          [
            80.18949,
            12.917720000000001
          ],
          [
            80.18960000000001,
            12.917660000000001
          ],
          [
            80.18991000000001,
            12.91755
          ],
          [
            80.19018000000001,
            12.917480000000001
          ],
          [
            80.1906,
            12.917430000000001
          ],
          [
            80.19119,
            12.917380000000001
          ],
          [
            80.19167,
            12.917320000000002
          ],
          [
            80.19214000000001,
            12.91726
          ],
          [
            80.19260000000001,
            12.91721
          ],
          [
            80.19307,
            12.91716
          ],
          [
            80.19346,
            12.91713
          ],
          [
            80.19377,
            12.917110000000001
          ],
          [
            80.19395,
            12.91712
          ],
          [
            80.19407000000001,
            12.917150000000001
          ],
          [
            80.19416000000001,
            12.917190000000002
          ],
          [
            80.19430000000001,
            12.91726
          ],
          [
            80.19447000000001,
            12.91741
          ],
          [
            80.19503,
            12.918040000000001
          ],
          [
            80.19559000000001,
            12.91867
          ],
          [
            80.19595000000001,
            12.91909
          ],
          [
            80.19612000000001,
            12.919350000000001
          ],
          [
            80.19629,
            12.919620000000002
          ],
          [
            80.19645000000001,
            12.91999
          ],
          [
            80.19655,
            12.920280000000002
          ],
          [
            80.19657000000001,
            12.92036
          ],
          [
            80.19664,
            12.920580000000001
          ],
          [
            80.1967,
            12.920750000000002
          ],
          [
            80.19685000000001,
            12.921120000000002
          ],
          [
            80.19689000000001,
            12.921230000000001
          ],
          [
            80.1971,
            12.921800000000001
          ],
          [
            80.19717,
            12.92204
          ],
          [
            80.19718,
            12.922070000000001
          ],
          [
            80.19726,
            12.922070000000001
          ],
          [
            80.19722,
            12.921930000000001
          ],
          [
            80.19716000000001,
            12.921750000000001
          ],
          [
            80.19702000000001,
            12.921360000000002
          ],
          [
            80.19691,
            12.921090000000001
          ],
          [
            80.19677,
            12.92068
          ],
          [
            80.19668,
            12.92036
          ],
          [
            80.19656,
            12.919960000000001
          ],
          [
            80.19648000000001,
            12.919760000000002
          ],
          [
            80.19632,
            12.919440000000002
          ],
          [
            80.19622000000001,
            12.91928
          ],
          [
            80.19583,
            12.918750000000001
          ],
          [
            80.19548,
            12.91838
          ],
          [
            80.19513,
            12.918000000000001
          ],
          [
            80.19492000000001,
            12.91777
          ],
          [
            80.19477,
            12.917580000000001
          ],
          [
            80.19464,
            12.91741
          ],
          [
            80.19438000000001,
            12.91716
          ],
          [
            80.19430000000001,
            12.917100000000001
          ],
          [
            80.19414,
            12.917040000000002
          ],
          [
            80.19403000000001,
            12.917010000000001
          ],
          [
            80.19384000000001,
            12.91699
          ],
          [
            80.19365,
            12.917000000000002
          ],
          [
            80.19322000000001,
            12.91702
          ],
          [
            80.19288,
            12.917060000000001
          ],
          [
            80.19213,
            12.917150000000001
          ],
          [
            80.19138000000001,
            12.917240000000001
          ],
          [
            80.19063000000001,
            12.917330000000002
          ],
          [
            80.19019,
            12.917390000000001
          ],
          [
            80.18982000000001,
            12.917470000000002
          ],
          [
            80.18960000000001,
            12.91754
          ],
          [
            80.18949,
            12.917580000000001
          ],
          [
            80.18926,
            12.91769
          ],
          [
            80.18909000000001,
            12.917800000000002
          ],
          [
            80.18876,
            12.91801
          ],
          [
            80.18849,
            12.91821
          ],
          [
            80.18824000000001,
            12.918420000000001
          ],
          [
            80.18798000000001,
            12.918640000000002
          ],
          [
            80.18787,
            12.91872
          ],
          [
            80.18746,
            12.919080000000001
          ],
          [
            80.1871,
            12.91938
          ],
          [
            80.18675,
            12.919680000000001
          ],
          [
            80.18646000000001,
            12.919920000000001
          ],
          [
            80.18599,
            12.920290000000001
          ],
          [
            80.18588000000001,
            12.92036
          ],
          [
            80.18572,
            12.920420000000002
          ],
          [
            80.18557000000001,
            12.92046
          ],
          [
            80.18544,
            12.920470000000002
          ],
          [
            80.18521000000001,
            12.92046
          ],
          [
            80.18503000000001,
            12.920440000000001
          ],
          [
            80.185,
            12.920430000000001
          ],
          [
            80.18481000000001,
            12.920390000000001
          ],
          [
            80.18455,
            12.920340000000001
          ],
          [
            80.18404000000001,
            12.92021
          ],
          [
            80.18349,
            12.920060000000001
          ],
          [
            80.18293000000001,
            12.91993
          ],
          [
            80.18238000000001,
            12.9198
          ],
          [
            80.182,
            12.919690000000001
          ],
          [
            80.18182,
            12.91966
          ],
          [
            80.18130000000001,
            12.91956
          ],
          [
            80.18131000000001,
            12.919550000000001
          ],
          [
            80.18130000000001,
            12.91956
          ],
          [
            80.18119,
            12.919530000000002
          ],
          [
            80.18079,
            12.919440000000002
          ],
          [
            80.18018000000001,
            12.919310000000001
          ],
          [
            80.17983000000001,
            12.919220000000001
          ],
          [
            80.17957000000001,
            12.91914
          ],
          [
            80.17946,
            12.91914
          ],
          [
            80.17937,
            12.9191
          ],
          [
            80.17929000000001,
            12.919060000000002
          ],
          [
            80.17892,
            12.918870000000002
          ],
          [
            80.17842,
            12.918510000000001
          ],
          [
            80.17825,
            12.91839
          ],
          [
            80.17812,
            12.918310000000002
          ],
          [
            80.17803,
            12.918280000000001
          ],
          [
            80.17794,
            12.91824
          ],
          [
            80.17783,
            12.918220000000002
          ],
          [
            80.17778000000001,
            12.918220000000002
          ],
          [
            80.17773000000001,
            12.918220000000002
          ],
          [
            80.17767,
            12.918220000000002
          ],
          [
            80.17711000000001,
            12.918310000000002
          ],
          [
            80.17656000000001,
            12.918400000000002
          ],
          [
            80.17618,
            12.918460000000001
          ],
          [
            80.17585000000001,
            12.918540000000002
          ],
          [
            80.17561,
            12.91862
          ],
          [
            80.17555,
            12.918640000000002
          ],
          [
            80.17503,
            12.91876
          ],
          [
            80.17451000000001,
            12.918880000000001
          ],
          [
            80.17397000000001,
            12.919020000000002
          ],
          [
            80.17343000000001,
            12.919150000000002
          ],
          [
            80.17268,
            12.919350000000001
          ],
          [
            80.17231000000001,
            12.919450000000001
          ],
          [
            80.17207,
            12.91952
          ],
          [
            80.17141000000001,
            12.9197
          ],
          [
            80.17138000000001,
            12.91971
          ],
          [
            80.17060000000001,
            12.919950000000002
          ],
          [
            80.17019,
            12.92008
          ],
          [
            80.16979,
            12.920200000000001
          ],
          [
            80.16914000000001,
            12.9204
          ],
          [
            80.16850000000001,
            12.92059
          ],
          [
            80.16819000000001,
            12.920700000000002
          ],
          [
            80.16786,
            12.920810000000001
          ],
          [
            80.16722,
            12.920990000000002
          ],
          [
            80.16669,
            12.921170000000002
          ],
          [
            80.16626000000001,
            12.921310000000002
          ],
          [
            80.16622000000001,
            12.921320000000001
          ],
          [
            80.16608000000001,
            12.921370000000001
          ],
          [
            80.16600000000001,
            12.92139
          ],
          [
            80.16588,
            12.92143
          ],
          [
            80.16579,
            12.921460000000002
          ],
          [
            80.16556000000001,
            12.92154
          ],
          [
            80.16508,
            12.921700000000001
          ],
          [
            80.16472,
            12.921830000000002
          ],
          [
            80.16457000000001,
            12.92187
          ],
          [
            80.16418,
            12.922
          ],
          [
            80.16376000000001,
            12.922110000000002
          ],
          [
            80.16336000000001,
            12.92224
          ],
          [
            80.16292,
            12.92237
          ],
          [
            80.16263000000001,
            12.922460000000001
          ],
          [
            80.16236,
            12.922550000000001
          ],
          [
            80.16153000000001,
            12.922820000000002
          ],
          [
            80.16091,
            12.923020000000001
          ],
          [
            80.16048,
            12.923160000000001
          ],
          [
            80.16023000000001,
            12.92323
          ],
          [
            80.15997,
            12.923290000000001
          ],
          [
            80.15975,
            12.92332
          ],
          [
            80.15927,
            12.92337
          ],
          [
            80.15879000000001,
            12.923420000000002
          ],
          [
            80.15838000000001,
            12.92346
          ],
          [
            80.15816000000001,
            12.923490000000001
          ],
          [
            80.15756,
            12.923540000000001
          ],
          [
            80.15696000000001,
            12.92359
          ],
          [
            80.15634,
            12.92365
          ],
          [
            80.15610000000001,
            12.923670000000001
          ],
          [
            80.15597000000001,
            12.923670000000001
          ],
          [
            80.15579000000001,
            12.92365
          ],
          [
            80.15551,
            12.923580000000001
          ],
          [
            80.155,
            12.923430000000002
          ],
          [
            80.15498000000001,
            12.92351
          ],
          [
            80.15587000000001,
            12.92374
          ],
          [
            80.15594,
            12.923750000000002
          ],
          [
            80.15603,
            12.923760000000001
          ],
          [
            80.15613,
            12.923760000000001
          ],
          [
            80.15697,
            12.923670000000001
          ],
          [
            80.15752,
            12.923620000000001
          ],
          [
            80.15807000000001,
            12.923580000000001
          ],
          [
            80.15898,
            12.923490000000001
          ],
          [
            80.15909,
            12.923480000000001
          ],
          [
            80.15915000000001,
            12.923470000000002
          ],
          [
            80.15937000000001,
            12.92345
          ],
          [
            80.15942000000001,
            12.923440000000001
          ],
          [
            80.15956000000001,
            12.923430000000002
          ],
          [
            80.15969000000001,
            12.92341
          ],
          [
            80.15986000000001,
            12.9234
          ],
          [
            80.15991000000001,
            12.923390000000001
          ],
          [
            80.16005000000001,
            12.92336
          ],
          [
            80.16014000000001,
            12.923340000000001
          ],
          [
            80.1602,
            12.923330000000002
          ],
          [
            80.16051,
            12.923240000000002
          ],
          [
            80.16048,
            12.923160000000001
          ],
          [
            80.16023000000001,
            12.92323
          ],
          [
            80.15997,
            12.923290000000001
          ],
          [
            80.15975,
            12.92332
          ],
          [
            80.15927,
            12.92337
          ],
          [
            80.15879000000001,
            12.923420000000002
          ],
          [
            80.15838000000001,
            12.92346
          ],
          [
            80.15816000000001,
            12.923490000000001
          ],
          [
            80.15756,
            12.923540000000001
          ],
          [
            80.15696000000001,
            12.92359
          ],
          [
            80.15634,
            12.92365
          ],
          [
            80.15610000000001,
            12.923670000000001
          ],
          [
            80.15597000000001,
            12.923670000000001
          ],
          [
            80.15579000000001,
            12.92365
          ],
          [
            80.15551,
            12.923580000000001
          ],
          [
            80.155,
            12.923430000000002
          ],
          [
            80.15463000000001,
            12.923350000000001
          ],
          [
            80.15384,
            12.923140000000002
          ],
          [
            80.15333000000001,
            12.923010000000001
          ],
          [
            80.15329000000001,
            12.923000000000002
          ],
          [
            80.15283000000001,
            12.922880000000001
          ],
          [
            80.15244000000001,
            12.922780000000001
          ],
          [
            80.15225000000001,
            12.922740000000001
          ],
          [
            80.15209,
            12.922720000000002
          ],
          [
            80.15184,
            12.922690000000001
          ],
          [
            80.15133,
            12.922670000000002
          ],
          [
            80.15112,
            12.922670000000002
          ],
          [
            80.15107,
            12.92266
          ],
          [
            80.15089,
            12.92266
          ],
          [
            80.15062,
            12.92265
          ],
          [
            80.14976,
            12.922630000000002
          ],
          [
            80.14973,
            12.922630000000002
          ],
          [
            80.14928,
            12.92261
          ],
          [
            80.14876000000001,
            12.922580000000002
          ],
          [
            80.14836000000001,
            12.922580000000002
          ],
          [
            80.14791000000001,
            12.922600000000001
          ],
          [
            80.14747000000001,
            12.922590000000001
          ],
          [
            80.14743,
            12.922590000000001
          ],
          [
            80.14669,
            12.922580000000002
          ],
          [
            80.14621000000001,
            12.92256
          ],
          [
            80.14596,
            12.92257
          ],
          [
            80.14576000000001,
            12.92256
          ],
          [
            80.14534,
            12.922530000000002
          ],
          [
            80.14500000000001,
            12.92252
          ],
          [
            80.14445,
            12.922500000000001
          ],
          [
            80.1444,
            12.922500000000001
          ],
          [
            80.14410000000001,
            12.922490000000002
          ],
          [
            80.14391,
            12.922490000000002
          ],
          [
            80.14299000000001,
            12.922460000000001
          ],
          [
            80.14301,
            12.922410000000001
          ],
          [
            80.14305,
            12.922300000000002
          ],
          [
            80.1431,
            12.922200000000002
          ],
          [
            80.1434,
            12.921780000000002
          ],
          [
            80.14345,
            12.921710000000001
          ],
          [
            80.1436,
            12.921460000000002
          ],
          [
            80.14404,
            12.92078
          ],
          [
            80.14446000000001,
            12.92013
          ],
          [
            80.14454,
            12.92004
          ],
          [
            80.14455000000001,
            12.920020000000001
          ],
          [
            80.14492000000001,
            12.919480000000002
          ],
          [
            80.14508000000001,
            12.919220000000001
          ],
          [
            80.14512,
            12.919150000000002
          ],
          [
            80.14535000000001,
            12.918790000000001
          ],
          [
            80.1457,
            12.91824
          ],
          [
            80.14583,
            12.918050000000001
          ],
          [
            80.14587,
            12.91797
          ],
          [
            80.14588,
            12.91797
          ],
          [
            80.14593,
            12.917890000000002
          ],
          [
            80.14586000000001,
            12.917790000000002
          ],
          [
            80.14553000000001,
            12.91741
          ],
          [
            80.14529,
            12.917180000000002
          ],
          [
            80.14507,
            12.91694
          ],
          [
            80.14450000000001,
            12.91627
          ],
          [
            80.14441000000001,
            12.91609
          ],
          [
            80.14432000000001,
            12.915830000000001
          ],
          [
            80.14442000000001,
            12.91581
          ],
          [
            80.14437000000001,
            12.915680000000002
          ],
          [
            80.14431,
            12.915460000000001
          ],
          [
            80.14416000000001,
            12.914930000000002
          ],
          [
            80.14411000000001,
            12.914750000000002
          ],
          [
            80.14366000000001,
            12.913430000000002
          ],
          [
            80.14364,
            12.913350000000001
          ],
          [
            80.14342,
            12.91272
          ],
          [
            80.14337,
            12.912550000000001
          ],
          [
            80.14333,
            12.912410000000001
          ],
          [
            80.14333,
            12.91238
          ],
          [
            80.14328,
            12.912020000000002
          ],
          [
            80.14321000000001,
            12.911370000000002
          ],
          [
            80.14319,
            12.911140000000001
          ],
          [
            80.14314,
            12.910710000000002
          ],
          [
            80.14309,
            12.910260000000001
          ],
          [
            80.14308000000001,
            12.91013
          ],
          [
            80.14297,
            12.909400000000002
          ],
          [
            80.14294000000001,
            12.909400000000002
          ],
          [
            80.14297,
            12.909400000000002
          ],
          [
            80.14290000000001,
            12.908880000000002
          ],
          [
            80.14286000000001,
            12.90859
          ],
          [
            80.14278,
            12.907950000000001
          ],
          [
            80.14275,
            12.907670000000001
          ],
          [
            80.14278,
            12.907950000000001
          ],
          [
            80.14271000000001,
            12.907960000000001
          ],
          [
            80.1426,
            12.907150000000001
          ],
          [
            80.14255,
            12.9068
          ],
          [
            80.14253000000001,
            12.906530000000002
          ],
          [
            80.14245000000001,
            12.905690000000002
          ],
          [
            80.14242,
            12.9054
          ],
          [
            80.14234,
            12.904570000000001
          ],
          [
            80.14233,
            12.904440000000001
          ],
          [
            80.14231000000001,
            12.904240000000001
          ],
          [
            80.14229,
            12.90398
          ],
          [
            80.14223000000001,
            12.903300000000002
          ],
          [
            80.14216,
            12.902660000000001
          ],
          [
            80.14214000000001,
            12.90243
          ],
          [
            80.14208,
            12.90192
          ],
          [
            80.14206,
            12.90169
          ],
          [
            80.14206,
            12.90168
          ],
          [
            80.14196000000001,
            12.900830000000001
          ],
          [
            80.14191000000001,
            12.90027
          ],
          [
            80.1419,
            12.900060000000002
          ],
          [
            80.14185,
            12.899540000000002
          ],
          [
            80.14181,
            12.89901
          ],
          [
            80.14178000000001,
            12.89868
          ],
          [
            80.1417,
            12.897960000000001
          ],
          [
            80.1417,
            12.897920000000001
          ],
          [
            80.14165000000001,
            12.89746
          ],
          [
            80.14161,
            12.897010000000002
          ],
          [
            80.14154,
            12.89633
          ],
          [
            80.14150000000001,
            12.895750000000001
          ],
          [
            80.1414,
            12.894960000000001
          ],
          [
            80.14135,
            12.89451
          ],
          [
            80.14135,
            12.894430000000002
          ],
          [
            80.14133000000001,
            12.89423
          ],
          [
            80.14131,
            12.894060000000001
          ],
          [
            80.14129000000001,
            12.89389
          ],
          [
            80.14126,
            12.893580000000002
          ],
          [
            80.14122,
            12.89328
          ],
          [
            80.14120000000001,
            12.893070000000002
          ],
          [
            80.14118,
            12.892920000000002
          ],
          [
            80.14111000000001,
            12.892430000000001
          ],
          [
            80.14109,
            12.89221
          ],
          [
            80.14101000000001,
            12.8915
          ],
          [
            80.14099,
            12.89137
          ],
          [
            80.14095,
            12.891100000000002
          ],
          [
            80.14091,
            12.890910000000002
          ],
          [
            80.1409,
            12.890880000000001
          ],
          [
            80.14075000000001,
            12.890480000000002
          ],
          [
            80.14061000000001,
            12.890120000000001
          ],
          [
            80.1405,
            12.88996
          ],
          [
            80.14049,
            12.889930000000001
          ],
          [
            80.14037,
            12.889790000000001
          ],
          [
            80.14020000000001,
            12.889700000000001
          ],
          [
            80.14008000000001,
            12.889650000000001
          ],
          [
            80.13985000000001,
            12.88958
          ],
          [
            80.13969,
            12.889560000000001
          ],
          [
            80.13958000000001,
            12.889550000000002
          ],
          [
            80.13900000000001,
            12.88962
          ],
          [
            80.1383,
            12.88972
          ],
          [
            80.13774000000001,
            12.889800000000001
          ],
          [
            80.1376,
            12.88982
          ],
          [
            80.13735000000001,
            12.889850000000001
          ],
          [
            80.13694000000001,
            12.889920000000002
          ],
          [
            80.13695000000001,
            12.889930000000001
          ],
          [
            80.13694000000001,
            12.889920000000002
          ],
          [
            80.13636000000001,
            12.890020000000002
          ],
          [
            80.13554,
            12.890170000000001
          ],
          [
            80.13528000000001,
            12.890200000000002
          ],
          [
            80.13495,
            12.89024
          ],
          [
            80.13406,
            12.89028
          ],
          [
            80.13366,
            12.89033
          ],
          [
            80.13341000000001,
            12.89037
          ],
          [
            80.13339,
            12.89037
          ],
          [
            80.13286000000001,
            12.890490000000002
          ],
          [
            80.13271,
            12.89051
          ],
          [
            80.13218,
            12.890600000000001
          ],
          [
            80.13189000000001,
            12.89066
          ],
          [
            80.13145,
            12.890740000000001
          ],
          [
            80.13118,
            12.89079
          ],
          [
            80.13066,
            12.890870000000001
          ],
          [
            80.13064,
            12.890880000000001
          ],
          [
            80.13032000000001,
            12.890920000000001
          ],
          [
            80.12985,
            12.89099
          ],
          [
            80.12939,
            12.891050000000002
          ],
          [
            80.12919000000001,
            12.891090000000002
          ],
          [
            80.12891,
            12.89113
          ],
          [
            80.12867,
            12.89117
          ],
          [
            80.12830000000001,
            12.89123
          ],
          [
            80.12773,
            12.891390000000001
          ],
          [
            80.12749000000001,
            12.891480000000001
          ],
          [
            80.12743,
            12.8915
          ],
          [
            80.12672,
            12.89173
          ],
          [
            80.12615000000001,
            12.891910000000001
          ],
          [
            80.12557000000001,
            12.892090000000001
          ],
          [
            80.12505,
            12.89225
          ],
          [
            80.12453000000001,
            12.892410000000002
          ],
          [
            80.12374000000001,
            12.892660000000001
          ],
          [
            80.12298000000001,
            12.892900000000001
          ],
          [
            80.12296,
            12.89291
          ],
          [
            80.12222000000001,
            12.89315
          ],
          [
            80.12188,
            12.893250000000002
          ],
          [
            80.12132000000001,
            12.89337
          ],
          [
            80.12075,
            12.89348
          ],
          [
            80.12035,
            12.89357
          ],
          [
            80.12019000000001,
            12.89362
          ],
          [
            80.11974000000001,
            12.893740000000001
          ],
          [
            80.11913000000001,
            12.893910000000002
          ],
          [
            80.11862,
            12.894100000000002
          ],
          [
            80.11812,
            12.894290000000002
          ],
          [
            80.11761000000001,
            12.894470000000002
          ],
          [
            80.11747000000001,
            12.894520000000002
          ],
          [
            80.11710000000001,
            12.89465
          ],
          [
            80.11654,
            12.894820000000001
          ],
          [
            80.11598000000001,
            12.89498
          ],
          [
            80.11522000000001,
            12.895190000000001
          ],
          [
            80.11458,
            12.895370000000002
          ],
          [
            80.11445,
            12.8954
          ],
          [
            80.11368,
            12.895610000000001
          ],
          [
            80.11305,
            12.895760000000001
          ],
          [
            80.11242,
            12.89591
          ],
          [
            80.11160000000001,
            12.896130000000001
          ],
          [
            80.11078,
            12.896350000000002
          ],
          [
            80.11049000000001,
            12.89643
          ],
          [
            80.11038,
            12.896460000000001
          ],
          [
            80.11026000000001,
            12.896510000000001
          ],
          [
            80.11016000000001,
            12.896560000000001
          ],
          [
            80.11015,
            12.89657
          ],
          [
            80.11008000000001,
            12.896630000000002
          ],
          [
            80.10966,
            12.89695
          ],
          [
            80.10911,
            12.89732
          ],
          [
            80.10902,
            12.897380000000002
          ],
          [
            80.1089,
            12.897440000000001
          ],
          [
            80.10856000000001,
            12.897530000000001
          ],
          [
            80.10819000000001,
            12.897660000000002
          ],
          [
            80.10776000000001,
            12.897810000000002
          ],
          [
            80.10731000000001,
            12.89797
          ],
          [
            80.10691000000001,
            12.89812
          ],
          [
            80.1062,
            12.89836
          ],
          [
            80.10581,
            12.898510000000002
          ],
          [
            80.10551000000001,
            12.898670000000001
          ],
          [
            80.10545,
            12.89882
          ],
          [
            80.10556000000001,
            12.89882
          ],
          [
            80.10564000000001,
            12.898810000000001
          ],
          [
            80.10592000000001,
            12.898710000000001
          ],
          [
            80.10564000000001,
            12.898810000000001
          ],
          [
            80.10556000000001,
            12.89882
          ],
          [
            80.10545,
            12.89882
          ],
          [
            80.10536,
            12.898880000000002
          ],
          [
            80.1053,
            12.898950000000001
          ],
          [
            80.10514,
            12.899140000000001
          ],
          [
            80.10489000000001,
            12.899820000000002
          ],
          [
            80.10466000000001,
            12.900010000000002
          ],
          [
            80.10413000000001,
            12.90032
          ],
          [
            80.10359000000001,
            12.900620000000002
          ],
          [
            80.10311,
            12.90093
          ],
          [
            80.10246000000001,
            12.901340000000001
          ],
          [
            80.10218,
            12.901520000000001
          ],
          [
            80.10168,
            12.901860000000001
          ],
          [
            80.10117000000001,
            12.902190000000001
          ],
          [
            80.10086000000001,
            12.902370000000001
          ],
          [
            80.10045000000001,
            12.902610000000001
          ],
          [
            80.1003,
            12.902700000000001
          ],
          [
            80.09974000000001,
            12.903020000000001
          ],
          [
            80.09908,
            12.90343
          ],
          [
            80.09842,
            12.90384
          ],
          [
            80.09801,
            12.904110000000001
          ],
          [
            80.09761,
            12.904330000000002
          ],
          [
            80.09724000000001,
            12.904480000000001
          ],
          [
            80.09644,
            12.904860000000001
          ],
          [
            80.09596,
            12.905120000000002
          ],
          [
            80.09582,
            12.905220000000002
          ],
          [
            80.09566000000001,
            12.905320000000001
          ],
          [
            80.09541,
            12.904980000000002
          ],
          [
            80.09489,
            12.90427
          ],
          [
            80.09446000000001,
            12.90371
          ],
          [
            80.09403,
            12.903210000000001
          ],
          [
            80.09369000000001,
            12.902790000000001
          ],
          [
            80.09335,
            12.90238
          ],
          [
            80.093,
            12.901940000000002
          ],
          [
            80.09265,
            12.9015
          ],
          [
            80.09246,
            12.90126
          ],
          [
            80.09199000000001,
            12.9006
          ],
          [
            80.09151,
            12.89994
          ],
          [
            80.09144,
            12.899840000000001
          ],
          [
            80.09096000000001,
            12.899220000000001
          ],
          [
            80.09047000000001,
            12.89859
          ],
          [
            80.08998000000001,
            12.89797
          ],
          [
            80.08949000000001,
            12.897350000000001
          ],
          [
            80.08925,
            12.89703
          ],
          [
            80.08909000000001,
            12.896840000000001
          ],
          [
            80.08872000000001,
            12.89633
          ],
          [
            80.08841000000001,
            12.895930000000002
          ],
          [
            80.08827000000001,
            12.895750000000001
          ],
          [
            80.08802,
            12.89539
          ],
          [
            80.08787000000001,
            12.895050000000001
          ],
          [
            80.08755000000001,
            12.894610000000002
          ],
          [
            80.08717,
            12.894120000000001
          ],
          [
            80.08679000000001,
            12.89362
          ],
          [
            80.08642,
            12.893120000000001
          ],
          [
            80.08614,
            12.89272
          ],
          [
            80.08613000000001,
            12.892690000000002
          ],
          [
            80.0861,
            12.892650000000001
          ],
          [
            80.08609000000001,
            12.892640000000002
          ],
          [
            80.08605,
            12.892610000000001
          ],
          [
            80.08598,
            12.892600000000002
          ],
          [
            80.08594000000001,
            12.89259
          ],
          [
            80.08592,
            12.892600000000002
          ],
          [
            80.08587,
            12.892610000000001
          ],
          [
            80.08581000000001,
            12.892640000000002
          ],
          [
            80.08576000000001,
            12.892700000000001
          ],
          [
            80.08575,
            12.892740000000002
          ],
          [
            80.08574,
            12.892800000000001
          ],
          [
            80.08575,
            12.892840000000001
          ],
          [
            80.08577000000001,
            12.892880000000002
          ],
          [
            80.08579,
            12.892900000000001
          ],
          [
            80.08586000000001,
            12.89295
          ],
          [
            80.08590000000001,
            12.89296
          ],
          [
            80.08644000000001,
            12.893680000000002
          ],
          [
            80.08698000000001,
            12.89441
          ],
          [
            80.08730000000001,
            12.894810000000001
          ],
          [
            80.08762,
            12.895220000000002
          ],
          [
            80.08792000000001,
            12.895470000000001
          ],
          [
            80.08832000000001,
            12.896020000000002
          ],
          [
            80.08872000000001,
            12.896560000000001
          ],
          [
            80.08914,
            12.897120000000001
          ],
          [
            80.0892,
            12.897200000000002
          ],
          [
            80.08962000000001,
            12.89775
          ],
          [
            80.08999,
            12.898230000000002
          ],
          [
            80.09035,
            12.89872
          ],
          [
            80.09071,
            12.8992
          ],
          [
            80.09113,
            12.899750000000001
          ],
          [
            80.09154000000001,
            12.900290000000002
          ],
          [
            80.09196,
            12.90084
          ],
          [
            80.09248000000001,
            12.9015
          ],
          [
            80.09299,
            12.902170000000002
          ],
          [
            80.09351000000001,
            12.902840000000001
          ],
          [
            80.09370000000001,
            12.903200000000002
          ],
          [
            80.09424000000001,
            12.903860000000002
          ],
          [
            80.09464000000001,
            12.90436
          ],
          [
            80.09503000000001,
            12.904860000000001
          ],
          [
            80.09545,
            12.9054
          ],
          [
            80.09547,
            12.90543
          ],
          [
            80.09574,
            12.905790000000001
          ],
          [
            80.09591,
            12.906030000000001
          ],
          [
            80.09588000000001,
            12.906080000000001
          ],
          [
            80.09587,
            12.9061
          ],
          [
            80.09586,
            12.906120000000001
          ],
          [
            80.09584000000001,
            12.90614
          ],
          [
            80.09577,
            12.90618
          ],
          [
            80.09556,
            12.90628
          ],
          [
            80.09481000000001,
            12.90661
          ],
          [
            80.09407,
            12.90694
          ],
          [
            80.09395,
            12.907000000000002
          ],
          [
            80.09389,
            12.907050000000002
          ],
          [
            80.0938,
            12.90712
          ],
          [
            80.09359,
            12.90732
          ],
          [
            80.09339000000001,
            12.907520000000002
          ],
          [
            80.09306000000001,
            12.90793
          ],
          [
            80.09273,
            12.90834
          ],
          [
            80.09252000000001,
            12.908610000000001
          ],
          [
            80.09249000000001,
            12.908600000000002
          ],
          [
            80.09246,
            12.908600000000002
          ],
          [
            80.09281,
            12.908100000000001
          ],
          [
            80.09317,
            12.90759
          ],
          [
            80.09352000000001,
            12.90709
          ],
          [
            80.09381,
            12.906680000000001
          ],
          [
            80.09383000000001,
            12.906630000000002
          ],
          [
            80.09381,
            12.90656
          ],
          [
            80.09376,
            12.90643
          ],
          [
            80.09360000000001,
            12.906030000000001
          ],
          [
            80.09335,
            12.90548
          ],
          [
            80.09322,
            12.905190000000001
          ],
          [
            80.09315000000001,
            12.90502
          ],
          [
            80.09331,
            12.90493
          ],
          [
            80.09357,
            12.904810000000001
          ],
          [
            80.09388000000001,
            12.904670000000001
          ],
          [
            80.09410000000001,
            12.904570000000001
          ],
          [
            80.09438,
            12.9044
          ],
          [
            80.09445000000001,
            12.90436
          ],
          [
            80.0947,
            12.904230000000002
          ],
          [
            80.09492,
            12.904520000000002
          ],
          [
            80.09516,
            12.904860000000001
          ],
          [
            80.09555,
            12.905380000000001
          ],
          [
            80.09577,
            12.90567
          ],
          [
            80.09593000000001,
            12.905890000000001
          ],
          [
            80.09622,
            12.90629
          ],
          [
            80.09626,
            12.906340000000002
          ],
          [
            80.09661000000001,
            12.9068
          ],
          [
            80.09697000000001,
            12.907250000000001
          ],
          [
            80.09746000000001,
            12.90787
          ],
          [
            80.09774,
            12.908230000000001
          ],
          [
            80.09808000000001,
            12.908610000000001
          ],
          [
            80.09827000000001,
            12.90881
          ],
          [
            80.09855,
            12.90905
          ],
          [
            80.09880000000001,
            12.90924
          ],
          [
            80.09898000000001,
            12.909370000000001
          ],
          [
            80.09908,
            12.909440000000002
          ],
          [
            80.09915000000001,
            12.909490000000002
          ],
          [
            80.09974000000001,
            12.90984
          ],
          [
            80.10021,
            12.910120000000001
          ],
          [
            80.10057,
            12.910380000000002
          ],
          [
            80.10073000000001,
            12.91051
          ],
          [
            80.10085000000001,
            12.910630000000001
          ],
          [
            80.10098,
            12.910760000000002
          ],
          [
            80.1011,
            12.91089
          ],
          [
            80.10112000000001,
            12.91092
          ],
          [
            80.10130000000001,
            12.911100000000001
          ],
          [
            80.10136,
            12.911230000000002
          ],
          [
            80.10144000000001,
            12.911600000000002
          ],
          [
            80.10147,
            12.91196
          ],
          [
            80.10152000000001,
            12.912350000000002
          ],
          [
            80.10151,
            12.91322
          ],
          [
            80.10158000000001,
            12.91383
          ],
          [
            80.10159,
            12.91411
          ],
          [
            80.1016,
            12.91431
          ],
          [
            80.10162000000001,
            12.91478
          ],
          [
            80.10158000000001,
            12.915350000000002
          ],
          [
            80.10152000000001,
            12.91581
          ],
          [
            80.10148000000001,
            12.91605
          ],
          [
            80.10138,
            12.91684
          ],
          [
            80.10131000000001,
            12.91735
          ],
          [
            80.10123,
            12.91787
          ],
          [
            80.10113000000001,
            12.91863
          ],
          [
            80.10103000000001,
            12.91938
          ],
          [
            80.10093,
            12.92013
          ],
          [
            80.10084,
            12.920670000000001
          ],
          [
            80.10076000000001,
            12.92121
          ],
          [
            80.10064000000001,
            12.921930000000001
          ],
          [
            80.10052,
            12.92265
          ],
          [
            80.10068000000001,
            12.92266
          ],
          [
            80.10081000000001,
            12.92182
          ],
          [
            80.10093,
            12.920990000000002
          ],
          [
            80.10106,
            12.920150000000001
          ],
          [
            80.10119,
            12.919260000000001
          ],
          [
            80.10128,
            12.918610000000001
          ],
          [
            80.10137,
            12.917950000000001
          ],
          [
            80.10142,
            12.917710000000001
          ],
          [
            80.10142,
            12.91769
          ],
          [
            80.10152000000001,
            12.91759
          ],
          [
            80.10162000000001,
            12.91736
          ],
          [
            80.10174,
            12.917150000000001
          ],
          [
            80.10188000000001,
            12.91693
          ],
          [
            80.10198000000001,
            12.9168
          ],
          [
            80.10222,
            12.91655
          ],
          [
            80.10249,
            12.91633
          ],
          [
            80.10264000000001,
            12.91623
          ],
          [
            80.10285,
            12.916100000000002
          ],
          [
            80.10305000000001,
            12.916010000000002
          ],
          [
            80.10328000000001,
            12.91594
          ],
          [
            80.10347,
            12.915890000000001
          ],
          [
            80.10368000000001,
            12.91586
          ],
          [
            80.10376000000001,
            12.91585
          ],
          [
            80.10421000000001,
            12.915820000000002
          ],
          [
            80.10464,
            12.91581
          ],
          [
            80.10475000000001,
            12.915830000000001
          ],
          [
            80.10488000000001,
            12.915870000000002
          ],
          [
            80.10498000000001,
            12.91591
          ],
          [
            80.10527,
            12.916030000000001
          ],
          [
            80.10565000000001,
            12.916240000000002
          ],
          [
            80.10627000000001,
            12.916580000000002
          ],
          [
            80.10690000000001,
            12.916910000000001
          ],
          [
            80.10686000000001,
            12.91693
          ],
          [
            80.10690000000001,
            12.916910000000001
          ],
          [
            80.10713000000001,
            12.917040000000002
          ],
          [
            80.10741,
            12.917200000000001
          ],
          [
            80.10769,
            12.917370000000002
          ],
          [
            80.10784000000001,
            12.917480000000001
          ],
          [
            80.10794000000001,
            12.917560000000002
          ],
          [
            80.10829000000001,
            12.917840000000002
          ],
          [
            80.10866,
            12.918140000000001
          ],
          [
            80.10903,
            12.91844
          ],
          [
            80.10968000000001,
            12.91895
          ],
          [
            80.11022000000001,
            12.91937
          ],
          [
            80.11076000000001,
            12.91979
          ],
          [
            80.11096,
            12.919960000000001
          ],
          [
            80.11115000000001,
            12.92012
          ],
          [
            80.1115,
            12.92046
          ],
          [
            80.11185,
            12.92079
          ],
          [
            80.11195000000001,
            12.92088
          ],
          [
            80.11228000000001,
            12.921190000000001
          ],
          [
            80.11253,
            12.921460000000002
          ],
          [
            80.11312000000001,
            12.92204
          ],
          [
            80.11371000000001,
            12.92262
          ],
          [
            80.11409,
            12.923000000000002
          ],
          [
            80.11427,
            12.923190000000002
          ],
          [
            80.11449,
            12.92341
          ],
          [
            80.11473000000001,
            12.92365
          ],
          [
            80.11499,
            12.923910000000001
          ],
          [
            80.11531000000001,
            12.92421
          ],
          [
            80.11566,
            12.924550000000002
          ],
          [
            80.11602,
            12.924930000000002
          ],
          [
            80.11632,
            12.925220000000001
          ],
          [
            80.11635000000001,
            12.925250000000002
          ],
          [
            80.11685,
            12.925730000000001
          ],
          [
            80.11734000000001,
            12.926210000000001
          ],
          [
            80.11758,
            12.926430000000002
          ],
          [
            80.11784,
            12.926720000000001
          ],
          [
            80.11827000000001,
            12.927180000000002
          ],
          [
            80.11883,
            12.92772
          ],
          [
            80.11929,
            12.928170000000001
          ],
          [
            80.11969,
            12.92857
          ],
          [
            80.12012,
            12.92899
          ],
          [
            80.12056000000001,
            12.929450000000001
          ],
          [
            80.12051000000001,
            12.929480000000002
          ],
          [
            80.12056000000001,
            12.929450000000001
          ],
          [
            80.12115,
            12.930050000000001
          ],
          [
            80.12104000000001,
            12.93003
          ],
          [
            80.12098,
            12.93003
          ],
          [
            80.12092000000001,
            12.93002
          ],
          [
            80.12083000000001,
            12.93003
          ],
          [
            80.12067,
            12.930060000000001
          ],
          [
            80.11997000000001,
            12.93016
          ],
          [
            80.11927,
            12.930270000000002
          ],
          [
            80.11873000000001,
            12.930340000000001
          ],
          [
            80.11823000000001,
            12.93041
          ],
          [
            80.1182,
            12.930420000000002
          ],
          [
            80.11778000000001,
            12.930480000000001
          ],
          [
            80.11722,
            12.93064
          ],
          [
            80.11704,
            12.930670000000001
          ],
          [
            80.11688000000001,
            12.930670000000001
          ],
          [
            80.11674000000001,
            12.930660000000001
          ],
          [
            80.11666000000001,
            12.93064
          ],
          [
            80.11647,
            12.930610000000001
          ],
          [
            80.11625000000001,
            12.930560000000002
          ],
          [
            80.11604000000001,
            12.930530000000001
          ],
          [
            80.11586000000001,
            12.9305
          ],
          [
            80.11551,
            12.930460000000002
          ],
          [
            80.11528000000001,
            12.9304
          ],
          [
            80.11507,
            12.930330000000001
          ],
          [
            80.11495000000001,
            12.930320000000002
          ],
          [
            80.11501000000001,
            12.93036
          ],
          [
            80.11505000000001,
            12.930390000000001
          ],
          [
            80.11507,
            12.930330000000001
          ],
          [
            80.11495000000001,
            12.930320000000002
          ],
          [
            80.11455000000001,
            12.930200000000001
          ],
          [
            80.11394,
            12.929920000000001
          ],
          [
            80.11341,
            12.929620000000002
          ],
          [
            80.11299000000001,
            12.92937
          ],
          [
            80.11256,
            12.929120000000001
          ],
          [
            80.11241000000001,
            12.929020000000001
          ],
          [
            80.11231000000001,
            12.92909
          ],
          [
            80.11226,
            12.929160000000001
          ],
          [
            80.11215,
            12.929490000000001
          ],
          [
            80.11193,
            12.93036
          ],
          [
            80.11189,
            12.930520000000001
          ],
          [
            80.11187000000001,
            12.93068
          ],
          [
            80.1115,
            12.93072
          ],
          [
            80.11096,
            12.930760000000001
          ],
          [
            80.1115,
            12.93072
          ],
          [
            80.11187000000001,
            12.93068
          ],
          [
            80.11189,
            12.930520000000001
          ],
          [
            80.11193,
            12.93036
          ],
          [
            80.11215,
            12.929490000000001
          ],
          [
            80.11226,
            12.929160000000001
          ],
          [
            80.11231000000001,
            12.92909
          ],
          [
            80.11241000000001,
            12.929020000000001
          ],
          [
            80.11199,
            12.92875
          ],
          [
            80.11202,
            12.928450000000002
          ],
          [
            80.11202,
            12.928
          ],
          [
            80.11200000000001,
            12.927280000000001
          ],
          [
            80.11197,
            12.926590000000001
          ],
          [
            80.11191000000001,
            12.92589
          ],
          [
            80.11182000000001,
            12.925400000000002
          ],
          [
            80.11172,
            12.924900000000001
          ],
          [
            80.11184,
            12.924880000000002
          ],
          [
            80.11263000000001,
            12.924740000000002
          ],
          [
            80.11342,
            12.924600000000002
          ],
          [
            80.11421,
            12.924460000000002
          ],
          [
            80.11500000000001,
            12.924330000000001
          ],
          [
            80.11521,
            12.924290000000001
          ],
          [
            80.1153,
            12.924380000000001
          ],
          [
            80.11535,
            12.924420000000001
          ],
          [
            80.11540000000001,
            12.924460000000002
          ],
          [
            80.11549000000001,
            12.924470000000001
          ],
          [
            80.11555000000001,
            12.92445
          ],
          [
            80.11558000000001,
            12.92444
          ],
          [
            80.11563000000001,
            12.924380000000001
          ],
          [
            80.11566,
            12.92434
          ],
          [
            80.11566,
            12.9243
          ],
          [
            80.11566,
            12.92425
          ],
          [
            80.11563000000001,
            12.9242
          ],
          [
            80.11553,
            12.92407
          ],
          [
            80.11542,
            12.92397
          ],
          [
            80.11538,
            12.923940000000002
          ],
          [
            80.11535,
            12.92393
          ],
          [
            80.11472,
            12.923290000000001
          ],
          [
            80.11409,
            12.92265
          ],
          [
            80.11369,
            12.922260000000001
          ],
          [
            80.11329,
            12.92186
          ],
          [
            80.11289000000001,
            12.921460000000002
          ],
          [
            80.11261,
            12.921240000000001
          ],
          [
            80.11218000000001,
            12.92088
          ],
          [
            80.11202,
            12.920800000000002
          ],
          [
            80.11137000000001,
            12.92017
          ],
          [
            80.11095,
            12.919810000000002
          ],
          [
            80.11057000000001,
            12.91951
          ],
          [
            80.11013000000001,
            12.919160000000002
          ],
          [
            80.10969,
            12.91881
          ],
          [
            80.10908,
            12.918310000000002
          ],
          [
            80.10848,
            12.91782
          ],
          [
            80.10815000000001,
            12.91755
          ],
          [
            80.10793000000001,
            12.917370000000002
          ],
          [
            80.10777,
            12.91726
          ],
          [
            80.10719,
            12.916910000000001
          ],
          [
            80.10658000000001,
            12.916590000000001
          ],
          [
            80.10616,
            12.91637
          ],
          [
            80.10541,
            12.915960000000002
          ],
          [
            80.10473,
            12.915600000000001
          ],
          [
            80.10393,
            12.915180000000001
          ],
          [
            80.10314000000001,
            12.914750000000002
          ],
          [
            80.10295,
            12.914530000000001
          ],
          [
            80.10269000000001,
            12.914330000000001
          ],
          [
            80.10241,
            12.914130000000002
          ],
          [
            80.10235,
            12.91407
          ],
          [
            80.10231,
            12.91402
          ],
          [
            80.10227,
            12.913950000000002
          ],
          [
            80.10224000000001,
            12.913870000000001
          ],
          [
            80.10221,
            12.91341
          ],
          [
            80.10220000000001,
            12.913300000000001
          ],
          [
            80.10218,
            12.91322
          ],
          [
            80.10216000000001,
            12.913150000000002
          ],
          [
            80.10213,
            12.913100000000002
          ],
          [
            80.10208,
            12.91304
          ],
          [
            80.10202000000001,
            12.91299
          ],
          [
            80.10201,
            12.91299
          ],
          [
            80.10197000000001,
            12.912970000000001
          ],
          [
            80.10179000000001,
            12.912980000000001
          ],
          [
            80.10168,
            12.913
          ],
          [
            80.10154,
            12.91304
          ],
          [
            80.1015,
            12.913060000000002
          ],
          [
            80.10143000000001,
            12.91309
          ],
          [
            80.10139000000001,
            12.913120000000001
          ],
          [
            80.10134000000001,
            12.913150000000002
          ],
          [
            80.10128,
            12.913240000000002
          ],
          [
            80.10124,
            12.913300000000001
          ],
          [
            80.10121000000001,
            12.91341
          ],
          [
            80.10122000000001,
            12.913570000000002
          ],
          [
            80.10127,
            12.913860000000001
          ],
          [
            80.10134000000001,
            12.914130000000002
          ],
          [
            80.10140000000001,
            12.914470000000001
          ],
          [
            80.10142,
            12.914750000000002
          ],
          [
            80.10145,
            12.9151
          ],
          [
            80.10142,
            12.91539
          ],
          [
            80.10140000000001,
            12.915730000000002
          ],
          [
            80.10148000000001,
            12.91605
          ],
          [
            80.10138,
            12.91684
          ],
          [
            80.10131000000001,
            12.91735
          ],
          [
            80.10123,
            12.91787
          ],
          [
            80.10113000000001,
            12.91863
          ],
          [
            80.10103000000001,
            12.91938
          ],
          [
            80.10093,
            12.92013
          ],
          [
            80.10084,
            12.920670000000001
          ],
          [
            80.10076000000001,
            12.92121
          ],
          [
            80.10064000000001,
            12.921930000000001
          ],
          [
            80.10052,
            12.92265
          ],
          [
            80.10068000000001,
            12.92266
          ],
          [
            80.10081000000001,
            12.92182
          ],
          [
            80.10093,
            12.920990000000002
          ],
          [
            80.10106,
            12.920190000000002
          ],
          [
            80.10106,
            12.920150000000001
          ],
          [
            80.10119,
            12.919260000000001
          ],
          [
            80.10128,
            12.918610000000001
          ],
          [
            80.10137,
            12.917950000000001
          ],
          [
            80.10142,
            12.917710000000001
          ],
          [
            80.10142,
            12.91769
          ],
          [
            80.10152000000001,
            12.91759
          ],
          [
            80.10162000000001,
            12.91736
          ],
          [
            80.10174,
            12.917150000000001
          ],
          [
            80.10188000000001,
            12.91693
          ],
          [
            80.10198000000001,
            12.9168
          ],
          [
            80.10222,
            12.91655
          ],
          [
            80.10249,
            12.91633
          ],
          [
            80.10264000000001,
            12.91623
          ],
          [
            80.10285,
            12.916100000000002
          ],
          [
            80.10305000000001,
            12.916010000000002
          ],
          [
            80.10328000000001,
            12.91594
          ],
          [
            80.10347,
            12.915890000000001
          ],
          [
            80.10368000000001,
            12.91586
          ],
          [
            80.10376000000001,
            12.91585
          ],
          [
            80.10421000000001,
            12.915820000000002
          ],
          [
            80.10464,
            12.91581
          ],
          [
            80.10475000000001,
            12.915830000000001
          ],
          [
            80.10488000000001,
            12.915870000000002
          ],
          [
            80.10498000000001,
            12.91591
          ],
          [
            80.10527,
            12.916030000000001
          ],
          [
            80.10565000000001,
            12.916240000000002
          ],
          [
            80.10627000000001,
            12.916580000000002
          ],
          [
            80.10690000000001,
            12.916910000000001
          ],
          [
            80.10713000000001,
            12.917040000000002
          ],
          [
            80.10741,
            12.917200000000001
          ],
          [
            80.10769,
            12.917370000000002
          ],
          [
            80.10784000000001,
            12.917480000000001
          ],
          [
            80.10794000000001,
            12.917560000000002
          ],
          [
            80.10829000000001,
            12.917840000000002
          ],
          [
            80.10866,
            12.918140000000001
          ],
          [
            80.10903,
            12.91844
          ],
          [
            80.10968000000001,
            12.91895
          ],
          [
            80.11022000000001,
            12.91937
          ],
          [
            80.11076000000001,
            12.91979
          ],
          [
            80.11096,
            12.919960000000001
          ],
          [
            80.11115000000001,
            12.92012
          ],
          [
            80.1115,
            12.92046
          ],
          [
            80.11185,
            12.92079
          ],
          [
            80.11228000000001,
            12.921190000000001
          ],
          [
            80.11253,
            12.921460000000002
          ],
          [
            80.11312000000001,
            12.92204
          ],
          [
            80.11371000000001,
            12.92262
          ],
          [
            80.11409,
            12.923000000000002
          ],
          [
            80.11427,
            12.923190000000002
          ],
          [
            80.11449,
            12.92341
          ],
          [
            80.11473000000001,
            12.92365
          ],
          [
            80.11499,
            12.923910000000001
          ],
          [
            80.11531000000001,
            12.92421
          ],
          [
            80.11566,
            12.924550000000002
          ],
          [
            80.11602,
            12.924930000000002
          ],
          [
            80.11635000000001,
            12.925250000000002
          ],
          [
            80.11685,
            12.925730000000001
          ],
          [
            80.11734000000001,
            12.926210000000001
          ],
          [
            80.11758,
            12.926430000000002
          ],
          [
            80.11784,
            12.926720000000001
          ],
          [
            80.11827000000001,
            12.927180000000002
          ],
          [
            80.11883,
            12.92772
          ],
          [
            80.11929,
            12.928170000000001
          ],
          [
            80.11969,
            12.92857
          ],
          [
            80.12012,
            12.92899
          ],
          [
            80.12056000000001,
            12.929450000000001
          ],
          [
            80.12115,
            12.930050000000001
          ],
          [
            80.12163000000001,
            12.930530000000001
          ],
          [
            80.12209,
            12.931000000000001
          ],
          [
            80.12255,
            12.931460000000001
          ],
          [
            80.12274000000001,
            12.931650000000001
          ],
          [
            80.12293000000001,
            12.931840000000001
          ],
          [
            80.12324000000001,
            12.932160000000001
          ],
          [
            80.12384,
            12.932760000000002
          ],
          [
            80.12444,
            12.93336
          ],
          [
            80.12484,
            12.933760000000001
          ],
          [
            80.1252,
            12.934130000000001
          ],
          [
            80.12549000000001,
            12.93443
          ],
          [
            80.12581,
            12.93476
          ],
          [
            80.12616000000001,
            12.93514
          ],
          [
            80.12653,
            12.93557
          ],
          [
            80.12695000000001,
            12.93607
          ],
          [
            80.12704000000001,
            12.93617
          ],
          [
            80.12714000000001,
            12.936090000000002
          ],
          [
            80.12705000000001,
            12.93599
          ],
          [
            80.12663,
            12.935540000000001
          ],
          [
            80.12622,
            12.935080000000001
          ],
          [
            80.12580000000001,
            12.93463
          ],
          [
            80.12527,
            12.93406
          ],
          [
            80.12482,
            12.9336
          ],
          [
            80.12436000000001,
            12.933150000000001
          ],
          [
            80.12401000000001,
            12.9328
          ],
          [
            80.1239,
            12.9327
          ],
          [
            80.12346000000001,
            12.93223
          ],
          [
            80.12301000000001,
            12.931750000000001
          ],
          [
            80.12251,
            12.93124
          ],
          [
            80.12201,
            12.93073
          ],
          [
            80.12150000000001,
            12.93022
          ],
          [
            80.12126,
            12.92997
          ],
          [
            80.12126,
            12.92997
          ],
          [
            80.12115,
            12.930050000000001
          ],
          [
            80.12104000000001,
            12.93003
          ],
          [
            80.12098,
            12.93003
          ],
          [
            80.12092000000001,
            12.93002
          ],
          [
            80.12083000000001,
            12.93003
          ],
          [
            80.12067,
            12.930060000000001
          ],
          [
            80.11997000000001,
            12.93016
          ],
          [
            80.11927,
            12.930270000000002
          ],
          [
            80.11873000000001,
            12.930340000000001
          ],
          [
            80.1182,
            12.930420000000002
          ],
          [
            80.11778000000001,
            12.930480000000001
          ],
          [
            80.11722,
            12.93064
          ],
          [
            80.11704,
            12.930670000000001
          ],
          [
            80.11688000000001,
            12.930670000000001
          ],
          [
            80.11674000000001,
            12.930660000000001
          ],
          [
            80.11666000000001,
            12.93064
          ],
          [
            80.11647,
            12.930610000000001
          ],
          [
            80.11625000000001,
            12.930560000000002
          ],
          [
            80.11604000000001,
            12.930530000000001
          ],
          [
            80.11586000000001,
            12.9305
          ],
          [
            80.11551,
            12.930460000000002
          ],
          [
            80.11528000000001,
            12.9304
          ],
          [
            80.11507,
            12.930330000000001
          ],
          [
            80.11495000000001,
            12.930320000000002
          ],
          [
            80.11455000000001,
            12.930200000000001
          ],
          [
            80.11394,
            12.929920000000001
          ],
          [
            80.11341,
            12.929620000000002
          ],
          [
            80.11299000000001,
            12.92937
          ],
          [
            80.11256,
            12.929120000000001
          ],
          [
            80.11241000000001,
            12.929020000000001
          ],
          [
            80.11231000000001,
            12.92909
          ],
          [
            80.11226,
            12.929160000000001
          ],
          [
            80.11215,
            12.929490000000001
          ],
          [
            80.11193,
            12.93036
          ],
          [
            80.11189,
            12.930520000000001
          ],
          [
            80.11187000000001,
            12.93068
          ],
          [
            80.1115,
            12.93072
          ],
          [
            80.11096,
            12.930760000000001
          ],
          [
            80.1115,
            12.93072
          ],
          [
            80.11187000000001,
            12.93068
          ],
          [
            80.11189,
            12.930520000000001
          ],
          [
            80.11193,
            12.93036
          ],
          [
            80.11215,
            12.929490000000001
          ],
          [
            80.11226,
            12.929160000000001
          ],
          [
            80.11231000000001,
            12.92909
          ],
          [
            80.11241000000001,
            12.929020000000001
          ],
          [
            80.11199,
            12.92875
          ],
          [
            80.11202,
            12.928450000000002
          ],
          [
            80.11202,
            12.928
          ],
          [
            80.11200000000001,
            12.927280000000001
          ],
          [
            80.11197,
            12.926590000000001
          ],
          [
            80.11191000000001,
            12.92589
          ],
          [
            80.11182000000001,
            12.925400000000002
          ],
          [
            80.11172,
            12.924900000000001
          ],
          [
            80.11184,
            12.924880000000002
          ],
          [
            80.11263000000001,
            12.924740000000002
          ],
          [
            80.11342,
            12.924600000000002
          ],
          [
            80.11421,
            12.924460000000002
          ],
          [
            80.11500000000001,
            12.924330000000001
          ],
          [
            80.11521,
            12.924290000000001
          ],
          [
            80.1153,
            12.924380000000001
          ],
          [
            80.11535,
            12.924420000000001
          ],
          [
            80.11540000000001,
            12.924460000000002
          ],
          [
            80.11549000000001,
            12.924470000000001
          ],
          [
            80.11555000000001,
            12.92445
          ],
          [
            80.11558000000001,
            12.92444
          ],
          [
            80.11563000000001,
            12.924380000000001
          ],
          [
            80.11566,
            12.92434
          ],
          [
            80.11566,
            12.9243
          ],
          [
            80.11566,
            12.92425
          ],
          [
            80.11563000000001,
            12.9242
          ],
          [
            80.11553,
            12.92407
          ],
          [
            80.11542,
            12.92397
          ],
          [
            80.11538,
            12.923940000000002
          ],
          [
            80.11535,
            12.92393
          ],
          [
            80.11472,
            12.923290000000001
          ],
          [
            80.11409,
            12.92265
          ],
          [
            80.11369,
            12.922260000000001
          ],
          [
            80.11329,
            12.92186
          ],
          [
            80.11289000000001,
            12.921460000000002
          ],
          [
            80.11261,
            12.921240000000001
          ],
          [
            80.11218000000001,
            12.92088
          ],
          [
            80.11202,
            12.920800000000002
          ],
          [
            80.11137000000001,
            12.92017
          ],
          [
            80.11095,
            12.919810000000002
          ],
          [
            80.11057000000001,
            12.91951
          ],
          [
            80.11013000000001,
            12.919160000000002
          ],
          [
            80.10969,
            12.91881
          ],
          [
            80.10908,
            12.918310000000002
          ],
          [
            80.10848,
            12.91782
          ],
          [
            80.10815000000001,
            12.91755
          ],
          [
            80.10793000000001,
            12.917370000000002
          ],
          [
            80.10777,
            12.91726
          ],
          [
            80.10719,
            12.916910000000001
          ],
          [
            80.10658000000001,
            12.916590000000001
          ],
          [
            80.10616,
            12.91637
          ],
          [
            80.10541,
            12.915960000000002
          ],
          [
            80.10473,
            12.915600000000001
          ],
          [
            80.10393,
            12.915180000000001
          ],
          [
            80.10314000000001,
            12.914750000000002
          ],
          [
            80.10295,
            12.914530000000001
          ],
          [
            80.10269000000001,
            12.914330000000001
          ],
          [
            80.10241,
            12.914130000000002
          ],
          [
            80.10235,
            12.91407
          ],
          [
            80.10231,
            12.91402
          ],
          [
            80.10227,
            12.913950000000002
          ],
          [
            80.10224000000001,
            12.913870000000001
          ],
          [
            80.10221,
            12.91341
          ],
          [
            80.10220000000001,
            12.913300000000001
          ],
          [
            80.10218,
            12.91322
          ],
          [
            80.10216000000001,
            12.913150000000002
          ],
          [
            80.10213,
            12.913100000000002
          ],
          [
            80.10208,
            12.91304
          ],
          [
            80.10202000000001,
            12.91299
          ],
          [
            80.10201,
            12.91299
          ],
          [
            80.10197000000001,
            12.912970000000001
          ],
          [
            80.10179000000001,
            12.912980000000001
          ],
          [
            80.10168,
            12.913
          ],
          [
            80.10154,
            12.91304
          ],
          [
            80.1015,
            12.913060000000002
          ],
          [
            80.10143000000001,
            12.91309
          ],
          [
            80.10139000000001,
            12.913120000000001
          ],
          [
            80.10134000000001,
            12.913150000000002
          ],
          [
            80.10128,
            12.913240000000002
          ],
          [
            80.10124,
            12.913300000000001
          ],
          [
            80.10121000000001,
            12.91341
          ],
          [
            80.10122000000001,
            12.913570000000002
          ],
          [
            80.10127,
            12.913860000000001
          ],
          [
            80.10134000000001,
            12.914130000000002
          ],
          [
            80.10140000000001,
            12.914470000000001
          ],
          [
            80.10142,
            12.914750000000002
          ],
          [
            80.10145,
            12.9151
          ],
          [
            80.10142,
            12.91539
          ],
          [
            80.10140000000001,
            12.915730000000002
          ],
          [
            80.10148000000001,
            12.91605
          ],
          [
            80.10138,
            12.91684
          ],
          [
            80.10131000000001,
            12.91735
          ],
          [
            80.10123,
            12.91787
          ],
          [
            80.10113000000001,
            12.91863
          ],
          [
            80.10103000000001,
            12.91938
          ],
          [
            80.10093,
            12.92013
          ],
          [
            80.10084,
            12.920670000000001
          ],
          [
            80.10076000000001,
            12.92121
          ],
          [
            80.10064000000001,
            12.921930000000001
          ],
          [
            80.10052,
            12.92265
          ],
          [
            80.10051,
            12.92275
          ],
          [
            80.10041000000001,
            12.92351
          ],
          [
            80.10032000000001,
            12.924270000000002
          ],
          [
            80.10022000000001,
            12.925040000000001
          ],
          [
            80.10013000000001,
            12.92576
          ],
          [
            80.10004,
            12.926480000000002
          ],
          [
            80.10000000000001,
            12.926990000000002
          ],
          [
            80.09995,
            12.9275
          ],
          [
            80.09988000000001,
            12.92825
          ],
          [
            80.09981,
            12.92899
          ],
          [
            80.09973000000001,
            12.92974
          ],
          [
            80.09968,
            12.930230000000002
          ],
          [
            80.09964000000001,
            12.93072
          ],
          [
            80.09956000000001,
            12.931420000000001
          ],
          [
            80.09949,
            12.93213
          ],
          [
            80.09941,
            12.93294
          ],
          [
            80.09933000000001,
            12.933750000000002
          ],
          [
            80.09926,
            12.934550000000002
          ],
          [
            80.09918,
            12.935360000000001
          ],
          [
            80.09918,
            12.93584
          ],
          [
            80.09923,
            12.936300000000001
          ],
          [
            80.09928000000001,
            12.936750000000002
          ],
          [
            80.09942000000001,
            12.93739
          ],
          [
            80.09952000000001,
            12.937700000000001
          ],
          [
            80.09968,
            12.938110000000002
          ],
          [
            80.09996000000001,
            12.938690000000001
          ],
          [
            80.10016,
            12.939050000000002
          ],
          [
            80.10044,
            12.93945
          ],
          [
            80.10072000000001,
            12.939800000000002
          ],
          [
            80.10135000000001,
            12.940430000000001
          ],
          [
            80.10164,
            12.94068
          ],
          [
            80.10220000000001,
            12.94109
          ],
          [
            80.10277,
            12.941500000000001
          ],
          [
            80.10333,
            12.941920000000001
          ],
          [
            80.10390000000001,
            12.942330000000002
          ],
          [
            80.10430000000001,
            12.94264
          ],
          [
            80.10457000000001,
            12.942870000000001
          ],
          [
            80.10478,
            12.94307
          ],
          [
            80.10498000000001,
            12.943320000000002
          ],
          [
            80.10527,
            12.943760000000001
          ],
          [
            80.10565000000001,
            12.94448
          ],
          [
            80.10604000000001,
            12.945200000000002
          ],
          [
            80.10643,
            12.945920000000001
          ],
          [
            80.10682000000001,
            12.94664
          ],
          [
            80.10721000000001,
            12.947370000000001
          ],
          [
            80.10761000000001,
            12.948110000000002
          ],
          [
            80.10786,
            12.94847
          ],
          [
            80.10802000000001,
            12.948680000000001
          ],
          [
            80.10822,
            12.948910000000001
          ],
          [
            80.10838000000001,
            12.94908
          ],
          [
            80.10857,
            12.949250000000001
          ],
          [
            80.10881,
            12.949430000000001
          ],
          [
            80.10912,
            12.949650000000002
          ],
          [
            80.10941000000001,
            12.94983
          ],
          [
            80.10969,
            12.94997
          ],
          [
            80.11004000000001,
            12.950120000000002
          ],
          [
            80.11033,
            12.950230000000001
          ],
          [
            80.11110000000001,
            12.950460000000001
          ],
          [
            80.11187000000001,
            12.950690000000002
          ],
          [
            80.11263000000001,
            12.950920000000002
          ],
          [
            80.11340000000001,
            12.951150000000002
          ],
          [
            80.114,
            12.95132
          ],
          [
            80.11471,
            12.951540000000001
          ],
          [
            80.11541000000001,
            12.95175
          ],
          [
            80.11586000000001,
            12.95189
          ],
          [
            80.11629,
            12.952060000000001
          ],
          [
            80.11682,
            12.95231
          ],
          [
            80.11715000000001,
            12.95251
          ],
          [
            80.11755000000001,
            12.95283
          ],
          [
            80.11784,
            12.953100000000001
          ],
          [
            80.11808,
            12.953360000000002
          ],
          [
            80.1183,
            12.95363
          ],
          [
            80.11848,
            12.953930000000001
          ],
          [
            80.11865,
            12.95428
          ],
          [
            80.11880000000001,
            12.954690000000001
          ],
          [
            80.11889000000001,
            12.95498
          ],
          [
            80.11895000000001,
            12.95523
          ],
          [
            80.11903000000001,
            12.95564
          ],
          [
            80.11906,
            12.95583
          ],
          [
            80.11906,
            12.956100000000001
          ],
          [
            80.11907000000001,
            12.95687
          ],
          [
            80.11909,
            12.95766
          ],
          [
            80.1191,
            12.95818
          ],
          [
            80.11913000000001,
            12.95874
          ],
          [
            80.11916000000001,
            12.9593
          ],
          [
            80.11917000000001,
            12.96014
          ],
          [
            80.11915,
            12.960730000000002
          ],
          [
            80.11913000000001,
            12.961310000000001
          ],
          [
            80.11909,
            12.961810000000002
          ],
          [
            80.11906,
            12.96231
          ],
          [
            80.11902,
            12.9631
          ],
          [
            80.11898000000001,
            12.963890000000001
          ],
          [
            80.11894000000001,
            12.964680000000001
          ],
          [
            80.11890000000001,
            12.965470000000002
          ],
          [
            80.11888,
            12.965770000000001
          ],
          [
            80.11884,
            12.966560000000001
          ],
          [
            80.11880000000001,
            12.967350000000001
          ],
          [
            80.11876000000001,
            12.968140000000002
          ],
          [
            80.11871000000001,
            12.96893
          ],
          [
            80.11867000000001,
            12.96973
          ],
          [
            80.11863000000001,
            12.97052
          ],
          [
            80.11859000000001,
            12.97131
          ],
          [
            80.11856,
            12.972130000000002
          ],
          [
            80.11858000000001,
            12.97235
          ],
          [
            80.11861,
            12.972690000000002
          ],
          [
            80.11865,
            12.97295
          ],
          [
            80.11871000000001,
            12.97324
          ],
          [
            80.11890000000001,
            12.973930000000001
          ],
          [
            80.11908000000001,
            12.974620000000002
          ],
          [
            80.11927,
            12.97531
          ],
          [
            80.11946,
            12.97601
          ],
          [
            80.11964,
            12.976640000000002
          ],
          [
            80.11982,
            12.97727
          ],
          [
            80.12,
            12.977900000000002
          ],
          [
            80.12021,
            12.978710000000001
          ],
          [
            80.12034000000001,
            12.979190000000001
          ],
          [
            80.12048,
            12.97967
          ],
          [
            80.12053,
            12.979980000000001
          ],
          [
            80.12059,
            12.980820000000001
          ],
          [
            80.12064000000001,
            12.981660000000002
          ],
          [
            80.12069000000001,
            12.98249
          ],
          [
            80.12074000000001,
            12.983340000000002
          ],
          [
            80.12078000000001,
            12.98418
          ],
          [
            80.12082000000001,
            12.984990000000002
          ],
          [
            80.12085,
            12.98553
          ],
          [
            80.12088,
            12.986250000000002
          ],
          [
            80.12093,
            12.9868
          ],
          [
            80.12098,
            12.987340000000001
          ],
          [
            80.12104000000001,
            12.987960000000001
          ],
          [
            80.12113000000001,
            12.988790000000002
          ],
          [
            80.12121,
            12.98962
          ],
          [
            80.12129,
            12.99036
          ],
          [
            80.12138,
            12.991100000000001
          ],
          [
            80.12147,
            12.991840000000002
          ],
          [
            80.12156,
            12.99258
          ],
          [
            80.12164000000001,
            12.99332
          ],
          [
            80.1217,
            12.99369
          ],
          [
            80.12175,
            12.99393
          ],
          [
            80.12188,
            12.99435
          ],
          [
            80.12198000000001,
            12.99459
          ],
          [
            80.12213000000001,
            12.994900000000001
          ],
          [
            80.12233,
            12.99524
          ],
          [
            80.12269,
            12.995780000000002
          ],
          [
            80.12313,
            12.99647
          ],
          [
            80.12357,
            12.997160000000001
          ],
          [
            80.12401000000001,
            12.997850000000001
          ],
          [
            80.12442,
            12.99848
          ],
          [
            80.12482,
            12.999120000000001
          ],
          [
            80.12523,
            12.99975
          ],
          [
            80.12564,
            13.000380000000002
          ],
          [
            80.12589000000001,
            13.00079
          ],
          [
            80.12615000000001,
            13.0012
          ],
          [
            80.1264,
            13.00163
          ],
          [
            80.12656000000001,
            13.00201
          ],
          [
            80.12673000000001,
            13.00242
          ],
          [
            80.12698,
            13.00318
          ],
          [
            80.12706,
            13.003670000000001
          ],
          [
            80.12713000000001,
            13.004150000000001
          ],
          [
            80.12716,
            13.004740000000002
          ],
          [
            80.12717,
            13.005260000000002
          ],
          [
            80.12718000000001,
            13.005770000000002
          ],
          [
            80.1272,
            13.00651
          ],
          [
            80.12723000000001,
            13.00725
          ],
          [
            80.12725,
            13.007990000000001
          ],
          [
            80.12727000000001,
            13.008730000000002
          ],
          [
            80.12727000000001,
            13.009260000000001
          ],
          [
            80.12727000000001,
            13.009780000000001
          ],
          [
            80.12728000000001,
            13.010290000000001
          ],
          [
            80.12729,
            13.010790000000002
          ],
          [
            80.12735,
            13.01135
          ],
          [
            80.12738,
            13.01157
          ],
          [
            80.12746000000001,
            13.011920000000002
          ],
          [
            80.1276,
            13.01237
          ],
          [
            80.12776000000001,
            13.012780000000001
          ],
          [
            80.12793,
            13.013100000000001
          ],
          [
            80.1282,
            13.01355
          ],
          [
            80.12849000000001,
            13.01396
          ],
          [
            80.12878,
            13.014260000000002
          ],
          [
            80.12920000000001,
            13.01467
          ],
          [
            80.12955000000001,
            13.014940000000001
          ],
          [
            80.13023000000001,
            13.015460000000001
          ],
          [
            80.13090000000001,
            13.01598
          ],
          [
            80.13112000000001,
            13.016140000000002
          ],
          [
            80.13155,
            13.016470000000002
          ],
          [
            80.13197000000001,
            13.01679
          ],
          [
            80.1324,
            13.017140000000001
          ],
          [
            80.13293,
            13.01762
          ],
          [
            80.13356,
            13.01819
          ],
          [
            80.13419,
            13.018770000000002
          ],
          [
            80.13454,
            13.01908
          ],
          [
            80.13488000000001,
            13.019390000000001
          ],
          [
            80.13548,
            13.01992
          ],
          [
            80.13605000000001,
            13.020380000000001
          ],
          [
            80.13663000000001,
            13.020850000000001
          ],
          [
            80.1372,
            13.021310000000001
          ],
          [
            80.13777,
            13.021770000000002
          ],
          [
            80.13835,
            13.02223
          ],
          [
            80.13874000000001,
            13.022570000000002
          ],
          [
            80.13924,
            13.02294
          ],
          [
            80.13966,
            13.023270000000002
          ],
          [
            80.14005,
            13.023620000000001
          ],
          [
            80.14044000000001,
            13.02396
          ],
          [
            80.14071000000001,
            13.024170000000002
          ],
          [
            80.14127,
            13.02462
          ],
          [
            80.14183000000001,
            13.025070000000001
          ],
          [
            80.14239,
            13.02551
          ],
          [
            80.14295000000001,
            13.025960000000001
          ],
          [
            80.14361000000001,
            13.02649
          ],
          [
            80.14427,
            13.027030000000002
          ],
          [
            80.14494,
            13.027560000000001
          ],
          [
            80.1456,
            13.0281
          ],
          [
            80.14613000000001,
            13.02856
          ],
          [
            80.14649,
            13.02889
          ],
          [
            80.14676,
            13.029190000000002
          ],
          [
            80.14696,
            13.029420000000002
          ],
          [
            80.14727,
            13.029810000000001
          ],
          [
            80.14762,
            13.03034
          ],
          [
            80.14786000000001,
            13.030730000000002
          ],
          [
            80.1482,
            13.031390000000002
          ],
          [
            80.14840000000001,
            13.03184
          ],
          [
            80.14857,
            13.032300000000001
          ],
          [
            80.14869,
            13.03269
          ],
          [
            80.14884,
            13.03325
          ],
          [
            80.14891,
            13.033660000000001
          ],
          [
            80.14898000000001,
            13.034250000000002
          ],
          [
            80.14901,
            13.034780000000001
          ],
          [
            80.14903000000001,
            13.035300000000001
          ],
          [
            80.14905,
            13.03579
          ],
          [
            80.14907000000001,
            13.036280000000001
          ],
          [
            80.14911000000001,
            13.036900000000001
          ],
          [
            80.14915,
            13.03752
          ],
          [
            80.14919,
            13.03813
          ],
          [
            80.14923,
            13.03898
          ],
          [
            80.14928,
            13.03983
          ],
          [
            80.14933,
            13.040680000000002
          ],
          [
            80.14937,
            13.041530000000002
          ],
          [
            80.14942,
            13.042380000000001
          ],
          [
            80.14956000000001,
            13.042390000000001
          ],
          [
            80.14952000000001,
            13.041640000000001
          ],
          [
            80.14948000000001,
            13.040890000000001
          ],
          [
            80.14944000000001,
            13.040140000000001
          ],
          [
            80.1494,
            13.039380000000001
          ],
          [
            80.14936,
            13.038630000000001
          ],
          [
            80.14932,
            13.037880000000001
          ],
          [
            80.14927,
            13.037020000000002
          ],
          [
            80.14923,
            13.03616
          ],
          [
            80.14918,
            13.03527
          ],
          [
            80.14914,
            13.03438
          ],
          [
            80.14907000000001,
            13.03377
          ],
          [
            80.14896,
            13.033150000000001
          ],
          [
            80.14876000000001,
            13.03246
          ],
          [
            80.14871000000001,
            13.032280000000002
          ],
          [
            80.14854000000001,
            13.031780000000001
          ],
          [
            80.14841000000001,
            13.031450000000001
          ],
          [
            80.14823000000001,
            13.03109
          ],
          [
            80.14803,
            13.03072
          ],
          [
            80.14764000000001,
            13.030100000000001
          ],
          [
            80.14726,
            13.029560000000002
          ],
          [
            80.14683000000001,
            13.029050000000002
          ],
          [
            80.1464,
            13.0286
          ],
          [
            80.14607000000001,
            13.028310000000001
          ],
          [
            80.14541000000001,
            13.02777
          ],
          [
            80.14475,
            13.02724
          ],
          [
            80.14409,
            13.026710000000001
          ],
          [
            80.14343000000001,
            13.026180000000002
          ],
          [
            80.14277000000001,
            13.025640000000001
          ],
          [
            80.14211,
            13.025110000000002
          ],
          [
            80.14145,
            13.02458
          ],
          [
            80.14078,
            13.02405
          ],
          [
            80.14054,
            13.02386
          ],
          [
            80.14011,
            13.02349
          ],
          [
            80.13968000000001,
            13.02311
          ],
          [
            80.13941000000001,
            13.02289
          ],
          [
            80.13902,
            13.022590000000001
          ],
          [
            80.13853,
            13.022190000000002
          ],
          [
            80.13804,
            13.021790000000001
          ],
          [
            80.13757000000001,
            13.021410000000001
          ],
          [
            80.13696,
            13.02092
          ],
          [
            80.13634,
            13.02044
          ],
          [
            80.13573000000001,
            13.019950000000001
          ],
          [
            80.13510000000001,
            13.019380000000002
          ],
          [
            80.13463,
            13.018960000000002
          ],
          [
            80.13417000000001,
            13.018540000000002
          ],
          [
            80.13371000000001,
            13.018130000000001
          ],
          [
            80.13318000000001,
            13.017640000000002
          ],
          [
            80.13260000000001,
            13.01712
          ],
          [
            80.13201000000001,
            13.016630000000001
          ],
          [
            80.13164,
            13.016350000000001
          ],
          [
            80.13128,
            13.016070000000001
          ],
          [
            80.13103000000001,
            13.015880000000001
          ],
          [
            80.13049000000001,
            13.01547
          ],
          [
            80.12994,
            13.015070000000001
          ],
          [
            80.1294,
            13.014660000000001
          ],
          [
            80.12923,
            13.01453
          ],
          [
            80.12902000000001,
            13.014320000000001
          ],
          [
            80.12865000000001,
            13.01392
          ],
          [
            80.12838,
            13.013560000000002
          ],
          [
            80.12824,
            13.01336
          ],
          [
            80.12793,
            13.0128
          ],
          [
            80.12778,
            13.01247
          ],
          [
            80.12761,
            13.011870000000002
          ],
          [
            80.12754000000001,
            13.011600000000001
          ],
          [
            80.12751,
            13.01138
          ],
          [
            80.12743,
            13.01077
          ],
          [
            80.12739,
            13.01007
          ],
          [
            80.12739,
            13.00937
          ],
          [
            80.12739,
            13.008490000000002
          ],
          [
            80.12739,
            13.00786
          ],
          [
            80.12736000000001,
            13.00731
          ],
          [
            80.12734,
            13.006760000000002
          ],
          [
            80.12733,
            13.006300000000001
          ],
          [
            80.12732000000001,
            13.005840000000001
          ],
          [
            80.12731000000001,
            13.005110000000002
          ],
          [
            80.12729,
            13.004380000000001
          ],
          [
            80.12726,
            13.00406
          ],
          [
            80.12714000000001,
            13.003250000000001
          ],
          [
            80.12704000000001,
            13.002860000000002
          ],
          [
            80.1269,
            13.002460000000001
          ],
          [
            80.12675,
            13.002060000000002
          ],
          [
            80.12658,
            13.00168
          ],
          [
            80.12634000000001,
            13.001240000000001
          ],
          [
            80.12595,
            13.0006
          ],
          [
            80.12559,
            13.00004
          ],
          [
            80.12523,
            12.999480000000002
          ],
          [
            80.12487,
            12.998920000000002
          ],
          [
            80.12451,
            12.998360000000002
          ],
          [
            80.12416,
            12.997800000000002
          ],
          [
            80.12367,
            12.997050000000002
          ],
          [
            80.12319000000001,
            12.996310000000001
          ],
          [
            80.12270000000001,
            12.995560000000001
          ],
          [
            80.12243000000001,
            12.995070000000002
          ],
          [
            80.12235000000001,
            12.994940000000001
          ],
          [
            80.12211,
            12.994530000000001
          ],
          [
            80.12196,
            12.99413
          ],
          [
            80.12185000000001,
            12.993710000000002
          ],
          [
            80.12178,
            12.993200000000002
          ],
          [
            80.12169,
            12.992460000000001
          ],
          [
            80.12161,
            12.99173
          ],
          [
            80.12152,
            12.991000000000001
          ],
          [
            80.12143,
            12.990250000000001
          ],
          [
            80.12134,
            12.989500000000001
          ],
          [
            80.12126,
            12.98872
          ],
          [
            80.12118000000001,
            12.987940000000002
          ],
          [
            80.12112,
            12.987340000000001
          ],
          [
            80.12108,
            12.986790000000001
          ],
          [
            80.12104000000001,
            12.98624
          ],
          [
            80.12101000000001,
            12.985610000000001
          ],
          [
            80.12098,
            12.98497
          ],
          [
            80.12096000000001,
            12.984200000000001
          ],
          [
            80.12091000000001,
            12.983590000000001
          ],
          [
            80.12086000000001,
            12.982970000000002
          ],
          [
            80.12082000000001,
            12.982230000000001
          ],
          [
            80.12077000000001,
            12.9815
          ],
          [
            80.12073000000001,
            12.980760000000002
          ],
          [
            80.12069000000001,
            12.980020000000001
          ],
          [
            80.12061000000001,
            12.979610000000001
          ],
          [
            80.12042000000001,
            12.978900000000001
          ],
          [
            80.12022,
            12.978200000000001
          ],
          [
            80.12003,
            12.977490000000001
          ],
          [
            80.11983000000001,
            12.976790000000001
          ],
          [
            80.11964,
            12.976080000000001
          ],
          [
            80.11945,
            12.97539
          ],
          [
            80.11927,
            12.974710000000002
          ],
          [
            80.11908000000001,
            12.974020000000001
          ],
          [
            80.11890000000001,
            12.97333
          ],
          [
            80.11881000000001,
            12.973
          ],
          [
            80.11877000000001,
            12.972740000000002
          ],
          [
            80.11874,
            12.972460000000002
          ],
          [
            80.11871000000001,
            12.97212
          ],
          [
            80.11872000000001,
            12.971630000000001
          ],
          [
            80.11876000000001,
            12.9709
          ],
          [
            80.11880000000001,
            12.970170000000001
          ],
          [
            80.11884,
            12.96944
          ],
          [
            80.11888,
            12.968700000000002
          ],
          [
            80.11892,
            12.967970000000001
          ],
          [
            80.11896,
            12.96724
          ],
          [
            80.11899000000001,
            12.966500000000002
          ],
          [
            80.11903000000001,
            12.965760000000001
          ],
          [
            80.11905,
            12.965440000000001
          ],
          [
            80.11909,
            12.964670000000002
          ],
          [
            80.11913000000001,
            12.963890000000001
          ],
          [
            80.11917000000001,
            12.963120000000002
          ],
          [
            80.11921000000001,
            12.962340000000001
          ],
          [
            80.11925000000001,
            12.96161
          ],
          [
            80.11930000000001,
            12.960870000000002
          ],
          [
            80.11931000000001,
            12.96015
          ],
          [
            80.11931000000001,
            12.95939
          ],
          [
            80.11928,
            12.958720000000001
          ],
          [
            80.11925000000001,
            12.958060000000001
          ],
          [
            80.11924,
            12.95747
          ],
          [
            80.11922000000001,
            12.95687
          ],
          [
            80.11922000000001,
            12.956080000000002
          ],
          [
            80.11921000000001,
            12.95583
          ],
          [
            80.11917000000001,
            12.955620000000001
          ],
          [
            80.1191,
            12.955190000000002
          ],
          [
            80.11894000000001,
            12.954630000000002
          ],
          [
            80.11882,
            12.95429
          ],
          [
            80.11864000000001,
            12.95391
          ],
          [
            80.11848,
            12.953660000000001
          ],
          [
            80.11823000000001,
            12.953310000000002
          ],
          [
            80.11800000000001,
            12.953050000000001
          ],
          [
            80.11777000000001,
            12.95283
          ],
          [
            80.11753,
            12.952630000000001
          ],
          [
            80.11721,
            12.952380000000002
          ],
          [
            80.11689000000001,
            12.95218
          ],
          [
            80.11605,
            12.951810000000002
          ],
          [
            80.11545000000001,
            12.951620000000002
          ],
          [
            80.11486000000001,
            12.95143
          ],
          [
            80.11427,
            12.95124
          ],
          [
            80.11365,
            12.951070000000001
          ],
          [
            80.11288,
            12.950840000000001
          ],
          [
            80.11211,
            12.950610000000001
          ],
          [
            80.11133000000001,
            12.950380000000001
          ],
          [
            80.11056,
            12.950140000000001
          ],
          [
            80.11024,
            12.950040000000001
          ],
          [
            80.10994000000001,
            12.94992
          ],
          [
            80.10973000000001,
            12.94983
          ],
          [
            80.10952,
            12.949720000000001
          ],
          [
            80.10925,
            12.949560000000002
          ],
          [
            80.10894,
            12.94935
          ],
          [
            80.10872,
            12.949190000000002
          ],
          [
            80.10853,
            12.949010000000001
          ],
          [
            80.10834000000001,
            12.948820000000001
          ],
          [
            80.10812,
            12.948570000000002
          ],
          [
            80.10791,
            12.948290000000002
          ],
          [
            80.10775000000001,
            12.94805
          ],
          [
            80.10738,
            12.947370000000001
          ],
          [
            80.10706,
            12.946760000000001
          ],
          [
            80.10673000000001,
            12.94616
          ],
          [
            80.10650000000001,
            12.945730000000001
          ],
          [
            80.10627000000001,
            12.945290000000002
          ],
          [
            80.10603,
            12.94485
          ],
          [
            80.10575,
            12.94433
          ],
          [
            80.10531,
            12.943550000000002
          ],
          [
            80.10511000000001,
            12.94325
          ],
          [
            80.10494000000001,
            12.94303
          ],
          [
            80.10482,
            12.942900000000002
          ],
          [
            80.10448000000001,
            12.942580000000001
          ],
          [
            80.10408000000001,
            12.94228
          ],
          [
            80.10359000000001,
            12.941920000000001
          ],
          [
            80.10310000000001,
            12.94156
          ],
          [
            80.10237000000001,
            12.941040000000001
          ],
          [
            80.10181,
            12.94063
          ],
          [
            80.1015,
            12.940370000000001
          ],
          [
            80.10123,
            12.94012
          ],
          [
            80.10086000000001,
            12.939750000000002
          ],
          [
            80.10055000000001,
            12.939340000000001
          ],
          [
            80.1003,
            12.93899
          ],
          [
            80.10006000000001,
            12.93857
          ],
          [
            80.09983000000001,
            12.93809
          ],
          [
            80.09972,
            12.93781
          ],
          [
            80.09964000000001,
            12.937590000000002
          ],
          [
            80.09955000000001,
            12.937270000000002
          ],
          [
            80.09943000000001,
            12.936770000000001
          ],
          [
            80.09934000000001,
            12.936060000000001
          ],
          [
            80.09933000000001,
            12.9359
          ],
          [
            80.09934000000001,
            12.935270000000001
          ],
          [
            80.09943000000001,
            12.93438
          ],
          [
            80.09951000000001,
            12.93349
          ],
          [
            80.09959,
            12.9326
          ],
          [
            80.09968,
            12.93172
          ],
          [
            80.09977,
            12.93083
          ],
          [
            80.09986,
            12.929950000000002
          ],
          [
            80.09995,
            12.929060000000002
          ],
          [
            80.10003,
            12.928180000000001
          ],
          [
            80.10009000000001,
            12.92759
          ],
          [
            80.10012,
            12.9273
          ],
          [
            80.10017,
            12.92678
          ],
          [
            80.10023000000001,
            12.926260000000001
          ],
          [
            80.10029,
            12.925680000000002
          ],
          [
            80.10036000000001,
            12.92509
          ],
          [
            80.10046000000001,
            12.924330000000001
          ],
          [
            80.10056,
            12.923560000000002
          ],
          [
            80.10066,
            12.92279
          ],
          [
            80.10068000000001,
            12.92266
          ],
          [
            80.10081000000001,
            12.92182
          ],
          [
            80.10093,
            12.920990000000002
          ],
          [
            80.10106,
            12.920150000000001
          ],
          [
            80.10119,
            12.919260000000001
          ],
          [
            80.10128,
            12.918610000000001
          ],
          [
            80.10137,
            12.917950000000001
          ],
          [
            80.10142,
            12.917710000000001
          ],
          [
            80.10142,
            12.91769
          ],
          [
            80.10152000000001,
            12.91759
          ],
          [
            80.10162000000001,
            12.91736
          ],
          [
            80.10174,
            12.917150000000001
          ],
          [
            80.10188000000001,
            12.91693
          ],
          [
            80.10198000000001,
            12.9168
          ],
          [
            80.10222,
            12.91655
          ],
          [
            80.10249,
            12.91633
          ],
          [
            80.10264000000001,
            12.91623
          ],
          [
            80.10285,
            12.916100000000002
          ],
          [
            80.10305000000001,
            12.916010000000002
          ],
          [
            80.10328000000001,
            12.91594
          ],
          [
            80.10347,
            12.915890000000001
          ],
          [
            80.10368000000001,
            12.91586
          ],
          [
            80.10376000000001,
            12.91585
          ],
          [
            80.10421000000001,
            12.915820000000002
          ],
          [
            80.10464,
            12.91581
          ],
          [
            80.10475000000001,
            12.915830000000001
          ],
          [
            80.10488000000001,
            12.915870000000002
          ],
          [
            80.10498000000001,
            12.91591
          ],
          [
            80.10527,
            12.916030000000001
          ],
          [
            80.10565000000001,
            12.916240000000002
          ],
          [
            80.10627000000001,
            12.916580000000002
          ],
          [
            80.10690000000001,
            12.916910000000001
          ],
          [
            80.10713000000001,
            12.917040000000002
          ],
          [
            80.10741,
            12.917200000000001
          ],
          [
            80.10769,
            12.917370000000002
          ],
          [
            80.10784000000001,
            12.917480000000001
          ],
          [
            80.10794000000001,
            12.917560000000002
          ],
          [
            80.10829000000001,
            12.917840000000002
          ],
          [
            80.10866,
            12.918140000000001
          ],
          [
            80.10903,
            12.91844
          ],
          [
            80.10968000000001,
            12.91895
          ],
          [
            80.11022000000001,
            12.91937
          ],
          [
            80.11076000000001,
            12.91979
          ],
          [
            80.11096,
            12.919960000000001
          ],
          [
            80.11115000000001,
            12.92012
          ],
          [
            80.1115,
            12.92046
          ],
          [
            80.11185,
            12.92079
          ],
          [
            80.11193,
            12.92101
          ],
          [
            80.11240000000001,
            12.921460000000002
          ],
          [
            80.11257,
            12.921640000000002
          ],
          [
            80.11307000000001,
            12.92214
          ],
          [
            80.11357000000001,
            12.922640000000001
          ],
          [
            80.11407000000001,
            12.923140000000002
          ],
          [
            80.11457,
            12.92364
          ],
          [
            80.11509000000001,
            12.924140000000001
          ],
          [
            80.11510000000001,
            12.924170000000002
          ],
          [
            80.11512,
            12.9242
          ],
          [
            80.11476,
            12.924290000000001
          ],
          [
            80.11403,
            12.924420000000001
          ],
          [
            80.11330000000001,
            12.924550000000002
          ],
          [
            80.11257,
            12.92468
          ],
          [
            80.11184,
            12.92482
          ],
          [
            80.11166,
            12.924850000000001
          ],
          [
            80.11118,
            12.924930000000002
          ],
          [
            80.11088000000001,
            12.924970000000002
          ],
          [
            80.11034000000001,
            12.92506
          ],
          [
            80.10981000000001,
            12.92515
          ],
          [
            80.10950000000001,
            12.9252
          ],
          [
            80.10927000000001,
            12.92524
          ],
          [
            80.10903,
            12.925270000000001
          ],
          [
            80.10853,
            12.925360000000001
          ],
          [
            80.1084,
            12.925390000000002
          ],
          [
            80.10772,
            12.925510000000001
          ],
          [
            80.10703000000001,
            12.925630000000002
          ],
          [
            80.10635,
            12.925730000000001
          ],
          [
            80.10627000000001,
            12.925740000000001
          ],
          [
            80.10616,
            12.92576
          ],
          [
            80.10585,
            12.92576
          ],
          [
            80.10563,
            12.92575
          ],
          [
            80.10542000000001,
            12.92571
          ],
          [
            80.10535,
            12.9257
          ],
          [
            80.10486,
            12.92562
          ],
          [
            80.10438,
            12.925540000000002
          ],
          [
            80.10421000000001,
            12.92552
          ],
          [
            80.10394000000001,
            12.925510000000001
          ],
          [
            80.10371,
            12.92553
          ],
          [
            80.10321,
            12.92561
          ],
          [
            80.10289,
            12.925640000000001
          ],
          [
            80.10271,
            12.92566
          ],
          [
            80.10268,
            12.92566
          ],
          [
            80.1025,
            12.92567
          ],
          [
            80.10231,
            12.92567
          ],
          [
            80.10214,
            12.92567
          ],
          [
            80.10201,
            12.925650000000001
          ],
          [
            80.10178,
            12.925600000000001
          ],
          [
            80.10157000000001,
            12.925540000000002
          ],
          [
            80.10113000000001,
            12.925410000000001
          ],
          [
            80.10094000000001,
            12.92533
          ],
          [
            80.10056,
            12.92514
          ],
          [
            80.10031000000001,
            12.925020000000002
          ],
          [
            80.10009000000001,
            12.924930000000002
          ],
          [
            80.09985,
            12.924830000000002
          ],
          [
            80.09967,
            12.92477
          ],
          [
            80.09897000000001,
            12.92445
          ],
          [
            80.09875000000001,
            12.92435
          ],
          [
            80.09862000000001,
            12.924280000000001
          ],
          [
            80.09834000000001,
            12.92411
          ],
          [
            80.09825000000001,
            12.924050000000001
          ],
          [
            80.09805,
            12.923900000000001
          ],
          [
            80.0973,
            12.9234
          ],
          [
            80.09715000000001,
            12.923300000000001
          ],
          [
            80.09703,
            12.92323
          ],
          [
            80.09663,
            12.922960000000002
          ],
          [
            80.09628000000001,
            12.92275
          ],
          [
            80.09585000000001,
            12.92251
          ],
          [
            80.09562000000001,
            12.92242
          ],
          [
            80.09543000000001,
            12.922350000000002
          ],
          [
            80.09522000000001,
            12.92228
          ],
          [
            80.09499000000001,
            12.922220000000001
          ],
          [
            80.09477000000001,
            12.922160000000002
          ],
          [
            80.09443,
            12.922070000000001
          ],
          [
            80.09392000000001,
            12.921930000000001
          ],
          [
            80.09341,
            12.921790000000001
          ],
          [
            80.09292,
            12.921660000000001
          ],
          [
            80.09244000000001,
            12.92153
          ],
          [
            80.09243000000001,
            12.92153
          ],
          [
            80.09187,
            12.9214
          ],
          [
            80.09174,
            12.921360000000002
          ],
          [
            80.09168000000001,
            12.92135
          ],
          [
            80.09128000000001,
            12.92126
          ],
          [
            80.09065000000001,
            12.921100000000001
          ],
          [
            80.09001,
            12.920940000000002
          ],
          [
            80.08969,
            12.92087
          ],
          [
            80.08927000000001,
            12.92078
          ],
          [
            80.08905,
            12.92069
          ],
          [
            80.08863000000001,
            12.92045
          ],
          [
            80.08814000000001,
            12.920200000000001
          ],
          [
            80.08765000000001,
            12.91994
          ],
          [
            80.08726,
            12.91979
          ],
          [
            80.08702000000001,
            12.91975
          ],
          [
            80.08666000000001,
            12.91971
          ],
          [
            80.08632,
            12.919680000000001
          ],
          [
            80.08615,
            12.91966
          ],
          [
            80.08590000000001,
            12.919620000000002
          ],
          [
            80.08576000000001,
            12.9196
          ],
          [
            80.08506000000001,
            12.919480000000002
          ],
          [
            80.08483000000001,
            12.91943
          ],
          [
            80.08468,
            12.91938
          ],
          [
            80.08455000000001,
            12.919340000000002
          ],
          [
            80.0841,
            12.91918
          ],
          [
            80.08364,
            12.919030000000001
          ],
          [
            80.08357000000001,
            12.919
          ],
          [
            80.08344000000001,
            12.91895
          ],
          [
            80.08298,
            12.918800000000001
          ],
          [
            80.08236000000001,
            12.91858
          ],
          [
            80.08224000000001,
            12.918540000000002
          ],
          [
            80.08199,
            12.918450000000002
          ],
          [
            80.08171,
            12.91834
          ],
          [
            80.08112000000001,
            12.9181
          ],
          [
            80.08099,
            12.918040000000001
          ],
          [
            80.08092,
            12.917990000000001
          ],
          [
            80.08077,
            12.917850000000001
          ],
          [
            80.08034,
            12.91741
          ],
          [
            80.08022000000001,
            12.917280000000002
          ],
          [
            80.07977000000001,
            12.9168
          ],
          [
            80.07942000000001,
            12.916440000000001
          ],
          [
            80.07907,
            12.916080000000001
          ],
          [
            80.07901000000001,
            12.916030000000001
          ],
          [
            80.07887000000001,
            12.9159
          ],
          [
            80.07872,
            12.915780000000002
          ],
          [
            80.07861000000001,
            12.915700000000001
          ],
          [
            80.07842000000001,
            12.915590000000002
          ],
          [
            80.07833000000001,
            12.915550000000001
          ],
          [
            80.07821000000001,
            12.91552
          ],
          [
            80.07811000000001,
            12.915500000000002
          ],
          [
            80.07770000000001,
            12.91548
          ],
          [
            80.0771,
            12.91548
          ],
          [
            80.07651000000001,
            12.91548
          ],
          [
            80.07601000000001,
            12.915470000000001
          ],
          [
            80.07593,
            12.915470000000001
          ],
          [
            80.07567,
            12.915460000000001
          ],
          [
            80.07521000000001,
            12.915490000000002
          ],
          [
            80.07483,
            12.915510000000001
          ],
          [
            80.07447,
            12.91553
          ],
          [
            80.07392,
            12.915550000000001
          ],
          [
            80.07344,
            12.915540000000002
          ],
          [
            80.07322,
            12.915500000000002
          ],
          [
            80.07284000000001,
            12.915360000000002
          ],
          [
            80.07243000000001,
            12.9152
          ],
          [
            80.07225000000001,
            12.9151
          ],
          [
            80.07211000000001,
            12.91501
          ],
          [
            80.07203000000001,
            12.914940000000001
          ],
          [
            80.07198000000001,
            12.914990000000001
          ],
          [
            80.0716,
            12.91505
          ],
          [
            80.07127000000001,
            12.915070000000002
          ],
          [
            80.07098,
            12.915090000000001
          ],
          [
            80.07024000000001,
            12.91515
          ],
          [
            80.06991000000001,
            12.915180000000001
          ],
          [
            80.06933000000001,
            12.915230000000001
          ],
          [
            80.06891,
            12.915260000000002
          ],
          [
            80.06841,
            12.915280000000001
          ],
          [
            80.06821000000001,
            12.91529
          ],
          [
            80.06801,
            12.915320000000001
          ],
          [
            80.06723000000001,
            12.915550000000001
          ],
          [
            80.06645,
            12.91577
          ],
          [
            80.06613,
            12.91586
          ],
          [
            80.06611000000001,
            12.915870000000002
          ],
          [
            80.06574,
            12.915960000000002
          ],
          [
            80.06519,
            12.916100000000002
          ],
          [
            80.06455000000001,
            12.91623
          ],
          [
            80.06410000000001,
            12.916340000000002
          ],
          [
            80.06396000000001,
            12.916360000000001
          ],
          [
            80.06357000000001,
            12.916450000000001
          ],
          [
            80.06346,
            12.91647
          ],
          [
            80.06271000000001,
            12.916670000000002
          ],
          [
            80.06194,
            12.916910000000001
          ],
          [
            80.06183,
            12.916950000000002
          ],
          [
            80.06175,
            12.916960000000001
          ],
          [
            80.06166,
            12.916960000000001
          ],
          [
            80.06160000000001,
            12.916950000000002
          ],
          [
            80.0614,
            12.91689
          ],
          [
            80.06126,
            12.916850000000002
          ],
          [
            80.06046,
            12.916570000000002
          ],
          [
            80.05978,
            12.916400000000001
          ],
          [
            80.05967000000001,
            12.916360000000001
          ],
          [
            80.05893,
            12.916110000000002
          ],
          [
            80.05854000000001,
            12.915980000000001
          ],
          [
            80.05846000000001,
            12.915960000000002
          ],
          [
            80.05833000000001,
            12.915960000000002
          ],
          [
            80.05814000000001,
            12.916020000000001
          ],
          [
            80.05781,
            12.916120000000001
          ],
          [
            80.05754,
            12.916200000000002
          ],
          [
            80.05716000000001,
            12.916290000000002
          ],
          [
            80.05631000000001,
            12.91647
          ],
          [
            80.05547,
            12.916640000000001
          ],
          [
            80.05492000000001,
            12.91675
          ],
          [
            80.05437,
            12.916860000000002
          ],
          [
            80.05427,
            12.916900000000002
          ],
          [
            80.05421000000001,
            12.91693
          ],
          [
            80.05414,
            12.91699
          ],
          [
            80.05405,
            12.91717
          ],
          [
            80.05402000000001,
            12.917230000000002
          ],
          [
            80.05396,
            12.917280000000002
          ],
          [
            80.05392,
            12.917290000000001
          ],
          [
            80.05386,
            12.917320000000002
          ],
          [
            80.05380000000001,
            12.917330000000002
          ],
          [
            80.05316,
            12.917370000000002
          ],
          [
            80.05288,
            12.91741
          ],
          [
            80.05266,
            12.917460000000002
          ],
          [
            80.05244,
            12.917510000000002
          ],
          [
            80.05195,
            12.917660000000001
          ],
          [
            80.05147000000001,
            12.917800000000002
          ],
          [
            80.05102000000001,
            12.917940000000002
          ],
          [
            80.05085000000001,
            12.917990000000001
          ],
          [
            80.05034,
            12.918080000000002
          ],
          [
            80.04971,
            12.918220000000002
          ],
          [
            80.04932000000001,
            12.918320000000001
          ],
          [
            80.04907,
            12.91838
          ],
          [
            80.04879000000001,
            12.91844
          ],
          [
            80.04874000000001,
            12.918460000000001
          ],
          [
            80.04848000000001,
            12.918520000000001
          ],
          [
            80.04793000000001,
            12.918680000000002
          ],
          [
            80.04774,
            12.91871
          ],
          [
            80.04758000000001,
            12.918730000000002
          ],
          [
            80.04740000000001,
            12.918730000000002
          ],
          [
            80.04723000000001,
            12.918730000000002
          ],
          [
            80.04708000000001,
            12.918750000000001
          ],
          [
            80.04694,
            12.91877
          ],
          [
            80.04667,
            12.91885
          ],
          [
            80.04663000000001,
            12.91885
          ],
          [
            80.04660000000001,
            12.918840000000001
          ],
          [
            80.0464,
            12.918420000000001
          ],
          [
            80.04638000000001,
            12.91839
          ],
          [
            80.04635,
            12.918370000000001
          ],
          [
            80.04631,
            12.918360000000002
          ],
          [
            80.04599,
            12.91843
          ],
          [
            80.04579000000001,
            12.918460000000001
          ],
          [
            80.04570000000001,
            12.91848
          ],
          [
            80.04546,
            12.91853
          ],
          [
            80.04517000000001,
            12.918590000000002
          ],
          [
            80.04473,
            12.91871
          ],
          [
            80.04427000000001,
            12.91885
          ],
          [
            80.04381000000001,
            12.918980000000001
          ],
          [
            80.04367,
            12.919020000000002
          ],
          [
            80.04361,
            12.91904
          ],
          [
            80.04354000000001,
            12.91905
          ],
          [
            80.0433,
            12.9191
          ],
          [
            80.04295,
            12.919160000000002
          ],
          [
            80.04272,
            12.91918
          ],
          [
            80.04264,
            12.91919
          ],
          [
            80.04253000000001,
            12.91918
          ],
          [
            80.04248000000001,
            12.919160000000002
          ],
          [
            80.04245,
            12.91914
          ],
          [
            80.04242,
            12.919080000000001
          ],
          [
            80.04241,
            12.919
          ],
          [
            80.04242,
            12.91891
          ],
          [
            80.04248000000001,
            12.918660000000001
          ],
          [
            80.04251000000001,
            12.918520000000001
          ],
          [
            80.04252000000001,
            12.918420000000001
          ],
          [
            80.04253000000001,
            12.91829
          ],
          [
            80.04253000000001,
            12.918090000000001
          ],
          [
            80.04256000000001,
            12.91749
          ],
          [
            80.04259,
            12.91689
          ],
          [
            80.04260000000001,
            12.91652
          ],
          [
            80.04243000000001,
            12.91656
          ],
          [
            80.04219,
            12.91656
          ],
          [
            80.04177,
            12.91651
          ],
          [
            80.04141000000001,
            12.91646
          ],
          [
            80.04100000000001,
            12.91641
          ],
          [
            80.04065000000001,
            12.91637
          ],
          [
            80.04019000000001,
            12.916310000000001
          ],
          [
            80.03992000000001,
            12.916260000000001
          ],
          [
            80.03976,
            12.916210000000001
          ],
          [
            80.03964,
            12.916170000000001
          ],
          [
            80.03944000000001,
            12.916060000000002
          ],
          [
            80.03936,
            12.916020000000001
          ],
          [
            80.03904,
            12.915830000000001
          ],
          [
            80.03866000000001,
            12.915630000000002
          ],
          [
            80.03847,
            12.915540000000002
          ],
          [
            80.03840000000001,
            12.915510000000001
          ],
          [
            80.03831000000001,
            12.91548
          ],
          [
            80.03815,
            12.915470000000001
          ],
          [
            80.03805000000001,
            12.91544
          ],
          [
            80.03782000000001,
            12.915450000000002
          ],
          [
            80.03722,
            12.915540000000002
          ],
          [
            80.03713,
            12.915560000000001
          ],
          [
            80.03686,
            12.91562
          ],
          [
            80.03655,
            12.915700000000001
          ],
          [
            80.03619,
            12.915820000000002
          ],
          [
            80.03596,
            12.91591
          ],
          [
            80.0357,
            12.916010000000002
          ],
          [
            80.03529,
            12.91614
          ],
          [
            80.03506,
            12.91619
          ],
          [
            80.03483,
            12.916220000000001
          ],
          [
            80.03460000000001,
            12.916250000000002
          ],
          [
            80.03431,
            12.91627
          ],
          [
            80.03354,
            12.916290000000002
          ],
          [
            80.03309,
            12.916310000000001
          ],
          [
            80.03286,
            12.916350000000001
          ],
          [
            80.03207,
            12.91656
          ],
          [
            80.03154,
            12.91674
          ],
          [
            80.03101000000001,
            12.916920000000001
          ],
          [
            80.03047000000001,
            12.91708
          ],
          [
            80.02993000000001,
            12.917250000000001
          ],
          [
            80.02969,
            12.917320000000002
          ],
          [
            80.02918000000001,
            12.91754
          ],
          [
            80.02868000000001,
            12.917750000000002
          ],
          [
            80.02859000000001,
            12.917790000000002
          ],
          [
            80.02821,
            12.91796
          ],
          [
            80.02743000000001,
            12.918320000000001
          ],
          [
            80.02661,
            12.91867
          ],
          [
            80.02586000000001,
            12.919
          ],
          [
            80.02511000000001,
            12.91932
          ],
          [
            80.02447000000001,
            12.91961
          ],
          [
            80.02384,
            12.91989
          ],
          [
            80.02321,
            12.92017
          ],
          [
            80.02263,
            12.920420000000002
          ],
          [
            80.02206000000001,
            12.920660000000002
          ],
          [
            80.02148000000001,
            12.920910000000001
          ],
          [
            80.02105,
            12.921090000000001
          ],
          [
            80.02077000000001,
            12.921220000000002
          ],
          [
            80.02022000000001,
            12.921470000000001
          ],
          [
            80.02003,
            12.921560000000001
          ],
          [
            80.02003,
            12.921560000000001
          ],
          [
            80.01928000000001,
            12.92187
          ],
          [
            80.019,
            12.922
          ],
          [
            80.01855,
            12.922210000000002
          ],
          [
            80.01812000000001,
            12.92238
          ],
          [
            80.01748,
            12.922670000000002
          ],
          [
            80.01688,
            12.922930000000001
          ],
          [
            80.01627,
            12.923200000000001
          ],
          [
            80.01594,
            12.923350000000001
          ],
          [
            80.01535000000001,
            12.9236
          ],
          [
            80.01475,
            12.923860000000001
          ],
          [
            80.01412,
            12.92412
          ],
          [
            80.01348,
            12.924370000000001
          ],
          [
            80.01284000000001,
            12.92463
          ],
          [
            80.01249,
            12.924780000000002
          ],
          [
            80.01203000000001,
            12.924970000000002
          ],
          [
            80.01157,
            12.925160000000002
          ],
          [
            80.01088,
            12.925450000000001
          ],
          [
            80.01069000000001,
            12.92553
          ],
          [
            80.01013,
            12.925770000000002
          ],
          [
            80.00970000000001,
            12.92594
          ],
          [
            80.00927,
            12.926120000000001
          ],
          [
            80.00882,
            12.92631
          ],
          [
            80.00857,
            12.92641
          ],
          [
            80.00822000000001,
            12.926520000000002
          ],
          [
            80.00783000000001,
            12.926630000000001
          ],
          [
            80.00704,
            12.926900000000002
          ],
          [
            80.00665000000001,
            12.927040000000002
          ],
          [
            80.00648000000001,
            12.92711
          ],
          [
            80.00617000000001,
            12.927290000000001
          ],
          [
            80.0057,
            12.92759
          ],
          [
            80.00521,
            12.927950000000001
          ],
          [
            80.0047,
            12.92839
          ],
          [
            80.00419000000001,
            12.928830000000001
          ],
          [
            80.00368,
            12.929260000000001
          ],
          [
            80.00362000000001,
            12.92933
          ],
          [
            80.00303000000001,
            12.92988
          ],
          [
            80.00297,
            12.92993
          ],
          [
            80.00243,
            12.93035
          ],
          [
            80.00221,
            12.930460000000002
          ],
          [
            80.00204000000001,
            12.93055
          ],
          [
            80.00183000000001,
            12.930620000000001
          ],
          [
            80.00155000000001,
            12.930700000000002
          ],
          [
            80.00095,
            12.930860000000001
          ],
          [
            80.00025000000001,
            12.931070000000002
          ],
          [
            79.99955000000001,
            12.931280000000001
          ],
          [
            79.99885,
            12.931500000000002
          ],
          [
            79.99815000000001,
            12.93171
          ],
          [
            79.99728,
            12.932
          ],
          [
            79.99679,
            12.932160000000001
          ],
          [
            79.99629,
            12.932310000000001
          ],
          [
            79.99555000000001,
            12.9326
          ],
          [
            79.99544,
            12.932670000000002
          ],
          [
            79.99501000000001,
            12.933040000000002
          ],
          [
            79.99470000000001,
            12.93335
          ],
          [
            79.99435000000001,
            12.93374
          ],
          [
            79.99392,
            12.934190000000001
          ],
          [
            79.99354000000001,
            12.93458
          ],
          [
            79.99315,
            12.934980000000001
          ],
          [
            79.99291000000001,
            12.935220000000001
          ],
          [
            79.99252000000001,
            12.9356
          ],
          [
            79.99204,
            12.93607
          ],
          [
            79.99187,
            12.936240000000002
          ],
          [
            79.99146,
            12.936670000000001
          ],
          [
            79.99105,
            12.937100000000001
          ],
          [
            79.9906,
            12.937570000000001
          ],
          [
            79.99018000000001,
            12.937990000000001
          ],
          [
            79.98977000000001,
            12.938410000000001
          ],
          [
            79.98942000000001,
            12.938770000000002
          ],
          [
            79.98916000000001,
            12.93903
          ],
          [
            79.98904,
            12.939150000000001
          ],
          [
            79.98877,
            12.939420000000002
          ],
          [
            79.9885,
            12.9397
          ],
          [
            79.98819,
            12.940030000000002
          ],
          [
            79.98815,
            12.94006
          ],
          [
            79.98803000000001,
            12.940190000000001
          ],
          [
            79.98783,
            12.940420000000001
          ],
          [
            79.98780000000001,
            12.94045
          ],
          [
            79.9877,
            12.940550000000002
          ],
          [
            79.9876,
            12.940620000000001
          ],
          [
            79.98739,
            12.940750000000001
          ],
          [
            79.98732000000001,
            12.940790000000002
          ],
          [
            79.98676,
            12.9411
          ],
          [
            79.98620000000001,
            12.941410000000001
          ],
          [
            79.98565,
            12.941720000000002
          ],
          [
            79.98502,
            12.94209
          ],
          [
            79.98448,
            12.942380000000002
          ],
          [
            79.98418000000001,
            12.94255
          ],
          [
            79.98339,
            12.942990000000002
          ],
          [
            79.9826,
            12.943430000000001
          ],
          [
            79.98224,
            12.943620000000001
          ],
          [
            79.98199000000001,
            12.943760000000001
          ],
          [
            79.98167000000001,
            12.943950000000001
          ],
          [
            79.98109000000001,
            12.944280000000001
          ],
          [
            79.98060000000001,
            12.94453
          ],
          [
            79.98053,
            12.94457
          ],
          [
            79.97969,
            12.94495
          ],
          [
            79.97917000000001,
            12.945210000000001
          ],
          [
            79.97865,
            12.945480000000002
          ],
          [
            79.97803,
            12.94584
          ],
          [
            79.97741,
            12.946190000000001
          ],
          [
            79.97717,
            12.946280000000002
          ],
          [
            79.97703000000001,
            12.94631
          ],
          [
            79.97678,
            12.94631
          ],
          [
            79.97649000000001,
            12.946290000000001
          ],
          [
            79.97577000000001,
            12.946240000000001
          ],
          [
            79.97554000000001,
            12.946250000000001
          ],
          [
            79.97529,
            12.9463
          ],
          [
            79.97510000000001,
            12.94635
          ],
          [
            79.97486,
            12.94644
          ],
          [
            79.97457,
            12.946570000000001
          ],
          [
            79.97391,
            12.94691
          ],
          [
            79.97338,
            12.9472
          ],
          [
            79.97267000000001,
            12.947590000000002
          ],
          [
            79.97196000000001,
            12.94799
          ],
          [
            79.97145,
            12.94828
          ],
          [
            79.97094000000001,
            12.94856
          ],
          [
            79.97024,
            12.948950000000002
          ],
          [
            79.96953,
            12.949340000000001
          ],
          [
            79.96886,
            12.949710000000001
          ],
          [
            79.96883000000001,
            12.94973
          ],
          [
            79.96825000000001,
            12.949990000000001
          ],
          [
            79.96767000000001,
            12.95025
          ],
          [
            79.9671,
            12.950510000000001
          ],
          [
            79.96648,
            12.95077
          ],
          [
            79.96586,
            12.951030000000001
          ],
          [
            79.96520000000001,
            12.951340000000002
          ],
          [
            79.96454,
            12.95165
          ],
          [
            79.96404000000001,
            12.951870000000001
          ],
          [
            79.96355000000001,
            12.952090000000002
          ],
          [
            79.96309000000001,
            12.952290000000001
          ],
          [
            79.96262,
            12.952480000000001
          ],
          [
            79.96196,
            12.952750000000002
          ],
          [
            79.96133,
            12.953030000000002
          ],
          [
            79.9607,
            12.953320000000001
          ],
          [
            79.96007,
            12.953600000000002
          ],
          [
            79.9595,
            12.953850000000001
          ],
          [
            79.95930000000001,
            12.953970000000002
          ],
          [
            79.95913,
            12.954080000000001
          ],
          [
            79.95893000000001,
            12.954270000000001
          ],
          [
            79.95870000000001,
            12.95452
          ],
          [
            79.9586,
            12.954670000000002
          ],
          [
            79.95844000000001,
            12.954910000000002
          ],
          [
            79.95842,
            12.95498
          ],
          [
            79.95848000000001,
            12.955010000000001
          ],
          [
            79.95851,
            12.955020000000001
          ],
          [
            79.959,
            12.955200000000001
          ],
          [
            79.95949,
            12.955380000000002
          ],
          [
            79.96009000000001,
            12.955610000000002
          ],
          [
            79.9607,
            12.95583
          ],
          [
            79.96131000000001,
            12.95606
          ],
          [
            79.96211000000001,
            12.956370000000001
          ],
          [
            79.9629,
            12.95667
          ],
          [
            79.96364000000001,
            12.95696
          ],
          [
            79.96438,
            12.957250000000002
          ],
          [
            79.96482,
            12.95742
          ],
          [
            79.96527,
            12.957600000000001
          ],
          [
            79.96570000000001,
            12.957770000000002
          ],
          [
            79.96614000000001,
            12.95794
          ],
          [
            79.96674,
            12.95817
          ],
          [
            79.96734000000001,
            12.95841
          ],
          [
            79.96795,
            12.95865
          ],
          [
            79.96843000000001,
            12.958860000000001
          ],
          [
            79.96897000000001,
            12.959150000000001
          ],
          [
            79.96955000000001,
            12.959510000000002
          ],
          [
            79.96961,
            12.95954
          ],
          [
            79.97003000000001,
            12.959810000000001
          ],
          [
            79.97045,
            12.960070000000002
          ],
          [
            79.97065,
            12.9602
          ],
          [
            79.97092,
            12.96034
          ],
          [
            79.97143000000001,
            12.960640000000001
          ],
          [
            79.97174000000001,
            12.960820000000002
          ],
          [
            79.97210000000001,
            12.96104
          ],
          [
            79.97245000000001,
            12.961300000000001
          ],
          [
            79.97301,
            12.96174
          ],
          [
            79.97312000000001,
            12.96184
          ],
          [
            79.97331000000001,
            12.96203
          ],
          [
            79.97349000000001,
            12.962290000000001
          ],
          [
            79.97374,
            12.962750000000002
          ],
          [
            79.97404,
            12.963320000000001
          ],
          [
            79.97417,
            12.963560000000001
          ],
          [
            79.97438000000001,
            12.96405
          ],
          [
            79.97455000000001,
            12.96451
          ],
          [
            79.97462,
            12.964760000000002
          ],
          [
            79.97485,
            12.965340000000001
          ],
          [
            79.97496000000001,
            12.96554
          ],
          [
            79.97514000000001,
            12.965840000000002
          ],
          [
            79.97524,
            12.96596
          ],
          [
            79.97540000000001,
            12.966090000000001
          ],
          [
            79.97555000000001,
            12.9662
          ],
          [
            79.97577000000001,
            12.96634
          ],
          [
            79.97611,
            12.96653
          ],
          [
            79.97648000000001,
            12.966700000000001
          ],
          [
            79.9769,
            12.966870000000002
          ],
          [
            79.97734000000001,
            12.967020000000002
          ],
          [
            79.97779000000001,
            12.967170000000001
          ],
          [
            79.97833,
            12.967350000000001
          ],
          [
            79.97888,
            12.967530000000002
          ],
          [
            79.97901,
            12.96756
          ],
          [
            79.97948000000001,
            12.967670000000002
          ],
          [
            79.97991,
            12.96775
          ],
          [
            79.98059,
            12.967820000000001
          ],
          [
            79.98107,
            12.967860000000002
          ],
          [
            79.98135,
            12.967860000000002
          ],
          [
            79.98223,
            12.9678
          ],
          [
            79.98287,
            12.967740000000001
          ],
          [
            79.98324000000001,
            12.9677
          ],
          [
            79.98352000000001,
            12.967680000000001
          ],
          [
            79.98393,
            12.96771
          ],
          [
            79.98416,
            12.967740000000001
          ],
          [
            79.98455000000001,
            12.9678
          ],
          [
            79.98541,
            12.96798
          ],
          [
            79.98607000000001,
            12.968160000000001
          ],
          [
            79.9864,
            12.968250000000001
          ],
          [
            79.98685,
            12.968390000000001
          ],
          [
            79.9873,
            12.968530000000001
          ],
          [
            79.98789000000001,
            12.968720000000001
          ],
          [
            79.98848000000001,
            12.968910000000001
          ],
          [
            79.98893000000001,
            12.96907
          ],
          [
            79.98937000000001,
            12.9692
          ],
          [
            79.98982000000001,
            12.969330000000001
          ],
          [
            79.99038,
            12.969510000000001
          ],
          [
            79.99069,
            12.96962
          ],
          [
            79.99123,
            12.96981
          ],
          [
            79.99197000000001,
            12.970060000000002
          ],
          [
            79.99244,
            12.970160000000002
          ],
          [
            79.9929,
            12.970260000000001
          ],
          [
            79.99361,
            12.970390000000002
          ],
          [
            79.99431000000001,
            12.97052
          ],
          [
            79.99484000000001,
            12.970600000000001
          ],
          [
            79.99514,
            12.970630000000002
          ],
          [
            79.9958,
            12.9707
          ],
          [
            79.99645000000001,
            12.970770000000002
          ],
          [
            79.99711,
            12.97084
          ],
          [
            79.99755,
            12.970880000000001
          ],
          [
            79.99798000000001,
            12.970910000000002
          ],
          [
            79.99832,
            12.970930000000001
          ],
          [
            79.9987,
            12.970920000000001
          ],
          [
            79.99956,
            12.97085
          ],
          [
            80.00037,
            12.970770000000002
          ],
          [
            80.00119000000001,
            12.970690000000001
          ],
          [
            80.00142000000001,
            12.97066
          ],
          [
            80.00206,
            12.97057
          ],
          [
            80.0027,
            12.97048
          ],
          [
            80.00359,
            12.97034
          ],
          [
            80.0043,
            12.97023
          ],
          [
            80.00502,
            12.970120000000001
          ],
          [
            80.00573,
            12.97001
          ],
          [
            80.00623,
            12.96996
          ],
          [
            80.00659,
            12.96996
          ],
          [
            80.00701000000001,
            12.969980000000001
          ],
          [
            80.00762,
            12.970040000000001
          ],
          [
            80.00823000000001,
            12.9701
          ],
          [
            80.00895000000001,
            12.970170000000001
          ],
          [
            80.00968,
            12.97024
          ],
          [
            80.01047000000001,
            12.970320000000001
          ],
          [
            80.01102,
            12.97038
          ],
          [
            80.01134,
            12.970400000000001
          ],
          [
            80.01197,
            12.970350000000002
          ],
          [
            80.01270000000001,
            12.97029
          ],
          [
            80.01346000000001,
            12.970220000000001
          ],
          [
            80.01382000000001,
            12.970160000000002
          ],
          [
            80.01428000000001,
            12.970080000000001
          ],
          [
            80.01496,
            12.96995
          ],
          [
            80.01568,
            12.969830000000002
          ],
          [
            80.01652,
            12.969700000000001
          ],
          [
            80.01737,
            12.969560000000001
          ],
          [
            80.01821000000001,
            12.969420000000001
          ],
          [
            80.01884000000001,
            12.96934
          ],
          [
            80.01947000000001,
            12.96925
          ],
          [
            80.02011,
            12.96916
          ],
          [
            80.02098000000001,
            12.969040000000001
          ],
          [
            80.02185,
            12.96893
          ],
          [
            80.02269000000001,
            12.968800000000002
          ],
          [
            80.02345000000001,
            12.968700000000002
          ],
          [
            80.02404000000001,
            12.968630000000001
          ],
          [
            80.02469,
            12.968570000000001
          ],
          [
            80.02521,
            12.968530000000001
          ],
          [
            80.02573000000001,
            12.9685
          ],
          [
            80.02634,
            12.968480000000001
          ],
          [
            80.02693000000001,
            12.968520000000002
          ],
          [
            80.02752000000001,
            12.96855
          ],
          [
            80.02820000000001,
            12.9686
          ],
          [
            80.02887000000001,
            12.968660000000002
          ],
          [
            80.02947,
            12.968710000000002
          ],
          [
            80.0301,
            12.968800000000002
          ],
          [
            80.03081,
            12.96893
          ],
          [
            80.03138000000001,
            12.969050000000001
          ],
          [
            80.03178000000001,
            12.96915
          ],
          [
            80.03238,
            12.9693
          ],
          [
            80.03326000000001,
            12.96954
          ],
          [
            80.03394,
            12.969710000000001
          ],
          [
            80.03449,
            12.969850000000001
          ],
          [
            80.03504000000001,
            12.969990000000001
          ],
          [
            80.03593000000001,
            12.97023
          ],
          [
            80.03639000000001,
            12.97034
          ],
          [
            80.03712,
            12.97047
          ],
          [
            80.03801,
            12.97061
          ],
          [
            80.03890000000001,
            12.97075
          ],
          [
            80.03947000000001,
            12.97084
          ],
          [
            80.03972,
            12.970920000000001
          ],
          [
            80.04014000000001,
            12.97108
          ],
          [
            80.04041000000001,
            12.971200000000001
          ],
          [
            80.04074,
            12.971350000000001
          ],
          [
            80.0411,
            12.97156
          ],
          [
            80.04136000000001,
            12.971720000000001
          ],
          [
            80.04174,
            12.971960000000001
          ],
          [
            80.04217000000001,
            12.97225
          ],
          [
            80.04260000000001,
            12.97254
          ],
          [
            80.04267,
            12.97259
          ],
          [
            80.04333000000001,
            12.973020000000002
          ],
          [
            80.04373000000001,
            12.97328
          ],
          [
            80.04413000000001,
            12.973540000000002
          ],
          [
            80.04473,
            12.973880000000001
          ],
          [
            80.04529000000001,
            12.97417
          ],
          [
            80.04552000000001,
            12.974260000000001
          ],
          [
            80.04582,
            12.974350000000001
          ],
          [
            80.04610000000001,
            12.974430000000002
          ],
          [
            80.04659000000001,
            12.974540000000001
          ],
          [
            80.04712,
            12.974680000000001
          ],
          [
            80.04715,
            12.97469
          ],
          [
            80.04726000000001,
            12.974720000000001
          ],
          [
            80.04766000000001,
            12.974860000000001
          ],
          [
            80.048,
            12.975040000000002
          ],
          [
            80.04826000000001,
            12.975190000000001
          ],
          [
            80.04849,
            12.975320000000002
          ],
          [
            80.04926,
            12.975810000000001
          ],
          [
            80.05003,
            12.976300000000002
          ],
          [
            80.05033,
            12.97648
          ],
          [
            80.051,
            12.976890000000001
          ],
          [
            80.05117000000001,
            12.977
          ],
          [
            80.05130000000001,
            12.97708
          ],
          [
            80.05169000000001,
            12.97733
          ],
          [
            80.05194,
            12.977500000000001
          ],
          [
            80.05201000000001,
            12.97756
          ],
          [
            80.05254000000001,
            12.97793
          ],
          [
            80.05276,
            12.978090000000002
          ],
          [
            80.05285,
            12.978150000000001
          ],
          [
            80.05307,
            12.97831
          ],
          [
            80.05357000000001,
            12.97868
          ],
          [
            80.05413,
            12.979090000000001
          ],
          [
            80.05415,
            12.97911
          ],
          [
            80.05456000000001,
            12.979420000000001
          ],
          [
            80.05508,
            12.979790000000001
          ],
          [
            80.05529000000001,
            12.979940000000001
          ],
          [
            80.05574,
            12.980260000000001
          ],
          [
            80.05596000000001,
            12.980400000000001
          ],
          [
            80.05603,
            12.980450000000001
          ],
          [
            80.05623000000001,
            12.980590000000001
          ],
          [
            80.05632,
            12.980640000000001
          ],
          [
            80.05664,
            12.980810000000002
          ],
          [
            80.05668,
            12.980830000000001
          ],
          [
            80.05685000000001,
            12.980910000000002
          ],
          [
            80.05743000000001,
            12.98117
          ],
          [
            80.05775000000001,
            12.981300000000001
          ],
          [
            80.05811000000001,
            12.98146
          ],
          [
            80.05850000000001,
            12.98169
          ],
          [
            80.05900000000001,
            12.982030000000002
          ],
          [
            80.05908000000001,
            12.982080000000002
          ],
          [
            80.05946,
            12.982310000000002
          ],
          [
            80.06015000000001,
            12.98268
          ],
          [
            80.06057000000001,
            12.982890000000001
          ],
          [
            80.06099,
            12.983110000000002
          ],
          [
            80.06162,
            12.983410000000001
          ],
          [
            80.06204000000001,
            12.98361
          ],
          [
            80.06247,
            12.9838
          ],
          [
            80.06272000000001,
            12.983960000000002
          ],
          [
            80.06282,
            12.98403
          ],
          [
            80.06293000000001,
            12.984110000000001
          ],
          [
            80.063,
            12.984190000000002
          ],
          [
            80.06306000000001,
            12.98427
          ],
          [
            80.06313,
            12.984390000000001
          ],
          [
            80.06334000000001,
            12.984810000000001
          ],
          [
            80.06347000000001,
            12.985090000000001
          ],
          [
            80.06365000000001,
            12.985550000000002
          ],
          [
            80.0638,
            12.985940000000001
          ],
          [
            80.06384000000001,
            12.986060000000002
          ],
          [
            80.06391,
            12.98629
          ],
          [
            80.06412,
            12.987060000000001
          ],
          [
            80.06419000000001,
            12.987330000000002
          ],
          [
            80.06422,
            12.987480000000001
          ],
          [
            80.06424000000001,
            12.987620000000001
          ],
          [
            80.0643,
            12.988010000000001
          ],
          [
            80.06432000000001,
            12.988230000000001
          ],
          [
            80.06436000000001,
            12.988430000000001
          ],
          [
            80.06443,
            12.98863
          ],
          [
            80.06452,
            12.98882
          ],
          [
            80.06462,
            12.98896
          ],
          [
            80.06503000000001,
            12.989440000000002
          ],
          [
            80.06543,
            12.989930000000001
          ],
          [
            80.06583,
            12.99041
          ],
          [
            80.0661,
            12.990730000000001
          ],
          [
            80.06616000000001,
            12.99069
          ],
          [
            80.06593000000001,
            12.990400000000001
          ],
          [
            80.06552,
            12.989910000000002
          ],
          [
            80.06512000000001,
            12.989410000000001
          ],
          [
            80.06471,
            12.98892
          ],
          [
            80.06457,
            12.988700000000001
          ],
          [
            80.06450000000001,
            12.98854
          ],
          [
            80.06445000000001,
            12.988410000000002
          ],
          [
            80.06444,
            12.988380000000001
          ],
          [
            80.06442000000001,
            12.98825
          ],
          [
            80.06438,
            12.98802
          ],
          [
            80.06432000000001,
            12.987610000000002
          ],
          [
            80.06424000000001,
            12.987620000000001
          ],
          [
            80.0643,
            12.988010000000001
          ],
          [
            80.06432000000001,
            12.988230000000001
          ],
          [
            80.06436000000001,
            12.988430000000001
          ],
          [
            80.06443,
            12.98863
          ],
          [
            80.06452,
            12.98882
          ],
          [
            80.06462,
            12.98896
          ],
          [
            80.06503000000001,
            12.989440000000002
          ],
          [
            80.06543,
            12.989930000000001
          ],
          [
            80.06583,
            12.99041
          ],
          [
            80.0661,
            12.990730000000001
          ],
          [
            80.06644,
            12.99116
          ],
          [
            80.06679000000001,
            12.99159
          ],
          [
            80.06719000000001,
            12.992090000000001
          ],
          [
            80.06759000000001,
            12.992590000000002
          ],
          [
            80.06803000000001,
            12.993100000000002
          ],
          [
            80.06839000000001,
            12.99347
          ],
          [
            80.06848000000001,
            12.99355
          ],
          [
            80.06866000000001,
            12.99374
          ],
          [
            80.06889000000001,
            12.99394
          ],
          [
            80.06925000000001,
            12.99426
          ],
          [
            80.06962,
            12.994570000000001
          ],
          [
            80.06983000000001,
            12.994720000000001
          ],
          [
            80.07005000000001,
            12.99488
          ],
          [
            80.07022,
            12.99497
          ],
          [
            80.07032000000001,
            12.994980000000002
          ],
          [
            80.07044,
            12.994980000000002
          ],
          [
            80.07058,
            12.994980000000002
          ],
          [
            80.07084,
            12.99497
          ],
          [
            80.07163000000001,
            12.99488
          ],
          [
            80.07251000000001,
            12.99477
          ],
          [
            80.07294,
            12.994720000000001
          ],
          [
            80.07338,
            12.994670000000001
          ],
          [
            80.07427000000001,
            12.994530000000001
          ],
          [
            80.07488000000001,
            12.994480000000001
          ],
          [
            80.07523,
            12.99445
          ],
          [
            80.07562,
            12.994420000000002
          ],
          [
            80.07614000000001,
            12.99436
          ],
          [
            80.07665,
            12.994290000000001
          ],
          [
            80.07691000000001,
            12.994290000000001
          ],
          [
            80.07697,
            12.9943
          ],
          [
            80.0771,
            12.994330000000001
          ],
          [
            80.07719,
            12.99436
          ],
          [
            80.07731000000001,
            12.99441
          ],
          [
            80.07777,
            12.994660000000001
          ],
          [
            80.07794000000001,
            12.994760000000001
          ],
          [
            80.07837,
            12.995000000000001
          ],
          [
            80.07875000000001,
            12.995180000000001
          ],
          [
            80.07952,
            12.995560000000001
          ],
          [
            80.07962,
            12.995600000000001
          ],
          [
            80.07971,
            12.99562
          ],
          [
            80.07983,
            12.995610000000001
          ],
          [
            80.07996,
            12.995600000000001
          ],
          [
            80.08037,
            12.995510000000001
          ],
          [
            80.08084000000001,
            12.995410000000001
          ],
          [
            80.08101,
            12.995370000000001
          ],
          [
            80.08132,
            12.9953
          ],
          [
            80.08177,
            12.9952
          ],
          [
            80.08241000000001,
            12.99506
          ],
          [
            80.08262,
            12.99502
          ],
          [
            80.08346,
            12.994810000000001
          ],
          [
            80.08404,
            12.994670000000001
          ],
          [
            80.08430000000001,
            12.994610000000002
          ],
          [
            80.08449,
            12.994560000000002
          ],
          [
            80.08471,
            12.994520000000001
          ],
          [
            80.0848,
            12.9945
          ],
          [
            80.08488000000001,
            12.9945
          ],
          [
            80.08496000000001,
            12.994510000000002
          ],
          [
            80.08513,
            12.994520000000001
          ],
          [
            80.08534,
            12.99455
          ],
          [
            80.08545000000001,
            12.994570000000001
          ],
          [
            80.08602,
            12.994670000000001
          ],
          [
            80.08651,
            12.99478
          ],
          [
            80.08701,
            12.994890000000002
          ],
          [
            80.08712000000001,
            12.995000000000001
          ],
          [
            80.08717,
            12.995070000000002
          ],
          [
            80.08726,
            12.99524
          ],
          [
            80.08724000000001,
            12.995610000000001
          ],
          [
            80.08723,
            12.995980000000001
          ],
          [
            80.08723,
            12.996580000000002
          ],
          [
            80.08733000000001,
            12.9974
          ],
          [
            80.08733000000001,
            12.99745
          ],
          [
            80.08738000000001,
            12.997670000000001
          ],
          [
            80.08741,
            12.997840000000002
          ],
          [
            80.08747000000001,
            12.998090000000001
          ],
          [
            80.08757,
            12.998420000000001
          ],
          [
            80.08774000000001,
            12.998890000000001
          ],
          [
            80.08805000000001,
            12.999720000000002
          ],
          [
            80.08831,
            13.00037
          ],
          [
            80.08850000000001,
            13.000850000000002
          ],
          [
            80.08857,
            13.001030000000002
          ],
          [
            80.08883,
            13.00173
          ],
          [
            80.0891,
            13.00242
          ],
          [
            80.08941,
            13.003200000000001
          ],
          [
            80.08952000000001,
            13.00346
          ],
          [
            80.08976000000001,
            13.004090000000001
          ],
          [
            80.09001,
            13.004710000000001
          ],
          [
            80.09019,
            13.005170000000001
          ],
          [
            80.09026,
            13.00548
          ],
          [
            80.09035,
            13.005960000000002
          ],
          [
            80.09039000000001,
            13.006170000000001
          ],
          [
            80.09064000000001,
            13.006580000000001
          ],
          [
            80.09089,
            13.00698
          ],
          [
            80.09096000000001,
            13.007190000000001
          ],
          [
            80.09116,
            13.00768
          ],
          [
            80.09134,
            13.008120000000002
          ],
          [
            80.09155000000001,
            13.008680000000002
          ],
          [
            80.09171,
            13.009110000000002
          ],
          [
            80.09187,
            13.009530000000002
          ],
          [
            80.09189,
            13.009580000000001
          ],
          [
            80.09209000000001,
            13.01012
          ],
          [
            80.09228,
            13.010660000000001
          ],
          [
            80.09251,
            13.0113
          ],
          [
            80.09251,
            13.011310000000002
          ],
          [
            80.09280000000001,
            13.01199
          ],
          [
            80.09315000000001,
            13.0128
          ],
          [
            80.0935,
            13.013620000000001
          ],
          [
            80.09372,
            13.01416
          ],
          [
            80.09395,
            13.014780000000002
          ],
          [
            80.09414000000001,
            13.015310000000001
          ],
          [
            80.09434,
            13.01585
          ],
          [
            80.09449000000001,
            13.01627
          ],
          [
            80.09456,
            13.016530000000001
          ],
          [
            80.09457,
            13.01659
          ],
          [
            80.09459000000001,
            13.016850000000002
          ],
          [
            80.09461,
            13.0172
          ],
          [
            80.09458000000001,
            13.017550000000002
          ],
          [
            80.09452,
            13.017880000000002
          ],
          [
            80.09449000000001,
            13.018
          ],
          [
            80.0943,
            13.018600000000001
          ],
          [
            80.09404,
            13.019300000000001
          ],
          [
            80.09376,
            13.02003
          ],
          [
            80.09348,
            13.020760000000001
          ],
          [
            80.09320000000001,
            13.021490000000002
          ],
          [
            80.09301,
            13.02194
          ],
          [
            80.09280000000001,
            13.022530000000001
          ],
          [
            80.09277,
            13.022620000000002
          ],
          [
            80.09245,
            13.023420000000002
          ],
          [
            80.09216,
            13.02419
          ],
          [
            80.09204000000001,
            13.024490000000002
          ],
          [
            80.09186000000001,
            13.024960000000002
          ],
          [
            80.09156,
            13.025720000000002
          ],
          [
            80.0913,
            13.026420000000002
          ],
          [
            80.09105000000001,
            13.02711
          ],
          [
            80.0908,
            13.02777
          ],
          [
            80.09061000000001,
            13.028260000000001
          ],
          [
            80.09043000000001,
            13.02874
          ],
          [
            80.09022,
            13.029300000000001
          ],
          [
            80.09013,
            13.029570000000001
          ],
          [
            80.08995,
            13.030040000000001
          ],
          [
            80.08978,
            13.030510000000001
          ],
          [
            80.08956,
            13.031120000000001
          ],
          [
            80.08933,
            13.031730000000001
          ],
          [
            80.08911,
            13.032340000000001
          ],
          [
            80.08888,
            13.03297
          ],
          [
            80.08858000000001,
            13.033740000000002
          ],
          [
            80.08836000000001,
            13.034370000000001
          ],
          [
            80.08814000000001,
            13.03499
          ],
          [
            80.08806000000001,
            13.03522
          ],
          [
            80.08792000000001,
            13.035620000000002
          ],
          [
            80.08771,
            13.036220000000002
          ],
          [
            80.0875,
            13.036830000000002
          ],
          [
            80.08729000000001,
            13.037440000000002
          ],
          [
            80.08707000000001,
            13.038070000000001
          ],
          [
            80.08692,
            13.03855
          ],
          [
            80.08677,
            13.03903
          ],
          [
            80.08662000000001,
            13.03954
          ],
          [
            80.08646,
            13.040040000000001
          ],
          [
            80.08628,
            13.040700000000001
          ],
          [
            80.08609000000001,
            13.041350000000001
          ],
          [
            80.08606,
            13.041450000000001
          ],
          [
            80.08599000000001,
            13.04175
          ],
          [
            80.08587,
            13.04212
          ],
          [
            80.08581000000001,
            13.04236
          ],
          [
            80.08566,
            13.042840000000002
          ],
          [
            80.08552,
            13.043310000000002
          ],
          [
            80.08550000000001,
            13.04338
          ],
          [
            80.08550000000001,
            13.04344
          ],
          [
            80.08536000000001,
            13.043920000000002
          ],
          [
            80.08514000000001,
            13.044540000000001
          ],
          [
            80.08489,
            13.04522
          ],
          [
            80.08457000000001,
            13.045950000000001
          ],
          [
            80.08453,
            13.046030000000002
          ],
          [
            80.08445,
            13.046180000000001
          ],
          [
            80.08436,
            13.0463
          ],
          [
            80.08431,
            13.04634
          ],
          [
            80.08427,
            13.046370000000001
          ],
          [
            80.08420000000001,
            13.046420000000001
          ],
          [
            80.08412000000001,
            13.046470000000001
          ],
          [
            80.08407000000001,
            13.046500000000002
          ],
          [
            80.08402000000001,
            13.046520000000001
          ],
          [
            80.08399,
            13.04654
          ],
          [
            80.08396,
            13.046550000000002
          ],
          [
            80.08392,
            13.046550000000002
          ],
          [
            80.08388000000001,
            13.046560000000001
          ],
          [
            80.08365,
            13.046570000000001
          ],
          [
            80.08326000000001,
            13.04658
          ],
          [
            80.08315,
            13.046590000000002
          ],
          [
            80.08309000000001,
            13.046600000000002
          ],
          [
            80.08305,
            13.046610000000001
          ],
          [
            80.08296,
            13.046650000000001
          ],
          [
            80.08286000000001,
            13.046700000000001
          ],
          [
            80.08279,
            13.04676
          ],
          [
            80.08274,
            13.04681
          ],
          [
            80.08268000000001,
            13.04691
          ],
          [
            80.08259000000001,
            13.047110000000002
          ],
          [
            80.08256,
            13.04718
          ],
          [
            80.08253,
            13.047220000000001
          ],
          [
            80.08250000000001,
            13.04728
          ],
          [
            80.08247,
            13.047310000000001
          ],
          [
            80.08244,
            13.04733
          ],
          [
            80.08241000000001,
            13.047360000000001
          ],
          [
            80.08238,
            13.047390000000002
          ],
          [
            80.08233000000001,
            13.047400000000001
          ],
          [
            80.0823,
            13.04742
          ],
          [
            80.08224000000001,
            13.04743
          ],
          [
            80.08218000000001,
            13.04743
          ],
          [
            80.08210000000001,
            13.04742
          ],
          [
            80.08159,
            13.047300000000002
          ],
          [
            80.08107000000001,
            13.047170000000001
          ],
          [
            80.08102000000001,
            13.047170000000001
          ],
          [
            80.08097000000001,
            13.047160000000002
          ],
          [
            80.08092,
            13.04715
          ],
          [
            80.08085000000001,
            13.04715
          ],
          [
            80.08074,
            13.047170000000001
          ],
          [
            80.08059,
            13.047170000000001
          ],
          [
            80.08052,
            13.04718
          ],
          [
            80.08037,
            13.047200000000002
          ],
          [
            80.08021000000001,
            13.047160000000002
          ],
          [
            80.0798,
            13.047080000000001
          ],
          [
            80.0794,
            13.04701
          ],
          [
            80.07906000000001,
            13.046980000000001
          ],
          [
            80.07849,
            13.046970000000002
          ],
          [
            80.07838000000001,
            13.04696
          ],
          [
            80.07826,
            13.04696
          ],
          [
            80.07817,
            13.04696
          ],
          [
            80.07768,
            13.046940000000001
          ],
          [
            80.07719,
            13.046930000000001
          ],
          [
            80.07656,
            13.04691
          ],
          [
            80.07633000000001,
            13.0469
          ],
          [
            80.07595,
            13.046890000000001
          ],
          [
            80.07560000000001,
            13.04687
          ],
          [
            80.07534000000001,
            13.04686
          ],
          [
            80.07506000000001,
            13.04682
          ],
          [
            80.07488000000001,
            13.046780000000002
          ],
          [
            80.07473,
            13.046740000000002
          ],
          [
            80.0747,
            13.04672
          ],
          [
            80.07455,
            13.04667
          ],
          [
            80.07446,
            13.04663
          ],
          [
            80.07418000000001,
            13.046510000000001
          ],
          [
            80.07371,
            13.04629
          ],
          [
            80.07349,
            13.04621
          ],
          [
            80.07328000000001,
            13.046140000000001
          ],
          [
            80.07297000000001,
            13.04606
          ],
          [
            80.07268,
            13.04601
          ],
          [
            80.07234000000001,
            13.045980000000002
          ],
          [
            80.07213,
            13.045960000000001
          ],
          [
            80.07192,
            13.045940000000002
          ],
          [
            80.07176000000001,
            13.04592
          ],
          [
            80.07159,
            13.045900000000001
          ],
          [
            80.07135000000001,
            13.045850000000002
          ],
          [
            80.07113000000001,
            13.045800000000002
          ],
          [
            80.07076,
            13.04568
          ],
          [
            80.07051000000001,
            13.0456
          ],
          [
            80.07011,
            13.045490000000001
          ],
          [
            80.07001000000001,
            13.04546
          ],
          [
            80.06923,
            13.045240000000002
          ],
          [
            80.0685,
            13.04503
          ],
          [
            80.06777000000001,
            13.044810000000002
          ],
          [
            80.06704,
            13.044590000000001
          ],
          [
            80.06630000000001,
            13.04437
          ],
          [
            80.06621000000001,
            13.044340000000002
          ],
          [
            80.06557000000001,
            13.04414
          ],
          [
            80.06484,
            13.043920000000002
          ],
          [
            80.06465,
            13.04386
          ],
          [
            80.06414000000001,
            13.043700000000001
          ],
          [
            80.06403,
            13.043650000000001
          ],
          [
            80.06373,
            13.043540000000002
          ],
          [
            80.06322,
            13.043330000000001
          ],
          [
            80.06285000000001,
            13.04316
          ],
          [
            80.06252,
            13.043000000000001
          ],
          [
            80.06204000000001,
            13.042760000000001
          ],
          [
            80.06177000000001,
            13.042620000000001
          ],
          [
            80.06143,
            13.042440000000001
          ],
          [
            80.06077,
            13.04207
          ],
          [
            80.06046,
            13.041900000000002
          ],
          [
            80.05996,
            13.04166
          ],
          [
            80.05965,
            13.04151
          ],
          [
            80.05959,
            13.041480000000002
          ],
          [
            80.05892,
            13.041200000000002
          ],
          [
            80.05846000000001,
            13.041020000000001
          ],
          [
            80.0578,
            13.040750000000001
          ],
          [
            80.05738000000001,
            13.040590000000002
          ],
          [
            80.05676000000001,
            13.040360000000002
          ],
          [
            80.05614000000001,
            13.0401
          ],
          [
            80.05606,
            13.040070000000002
          ],
          [
            80.05555000000001,
            13.039850000000001
          ],
          [
            80.05502000000001,
            13.039620000000001
          ],
          [
            80.05451000000001,
            13.039390000000001
          ],
          [
            80.05448000000001,
            13.039380000000001
          ],
          [
            80.05371000000001,
            13.039060000000001
          ],
          [
            80.05315,
            13.03884
          ],
          [
            80.05259000000001,
            13.038620000000002
          ],
          [
            80.05213,
            13.03846
          ],
          [
            80.05147000000001,
            13.038210000000001
          ],
          [
            80.05075000000001,
            13.037960000000002
          ],
          [
            80.05026000000001,
            13.0378
          ],
          [
            80.04978000000001,
            13.037630000000002
          ],
          [
            80.04921,
            13.03747
          ],
          [
            80.04864,
            13.037300000000002
          ],
          [
            80.04778,
            13.037070000000002
          ],
          [
            80.04708000000001,
            13.036890000000001
          ],
          [
            80.04654000000001,
            13.036760000000001
          ],
          [
            80.04626,
            13.03667
          ],
          [
            80.0454,
            13.036430000000001
          ],
          [
            80.04519,
            13.036370000000002
          ],
          [
            80.04446,
            13.03616
          ],
          [
            80.04372000000001,
            13.035940000000002
          ],
          [
            80.0437,
            13.03593
          ],
          [
            80.04318,
            13.03574
          ],
          [
            80.04279000000001,
            13.035580000000001
          ],
          [
            80.04235000000001,
            13.035390000000001
          ],
          [
            80.04197,
            13.03522
          ],
          [
            80.04154000000001,
            13.035010000000002
          ],
          [
            80.04106,
            13.034770000000002
          ],
          [
            80.04058,
            13.034510000000001
          ],
          [
            80.03992000000001,
            13.034120000000001
          ],
          [
            80.03928,
            13.033710000000001
          ],
          [
            80.03875000000001,
            13.0334
          ],
          [
            80.03840000000001,
            13.033190000000001
          ],
          [
            80.03798,
            13.032950000000001
          ],
          [
            80.03759000000001,
            13.03273
          ],
          [
            80.03735,
            13.03259
          ],
          [
            80.03719000000001,
            13.0325
          ],
          [
            80.03692000000001,
            13.032340000000001
          ],
          [
            80.03674000000001,
            13.032250000000001
          ],
          [
            80.03625000000001,
            13.031960000000002
          ],
          [
            80.03563000000001,
            13.031590000000001
          ],
          [
            80.03534,
            13.031410000000001
          ],
          [
            80.03471,
            13.03104
          ],
          [
            80.03446000000001,
            13.0309
          ],
          [
            80.03419000000001,
            13.030740000000002
          ],
          [
            80.03361000000001,
            13.03039
          ],
          [
            80.03314,
            13.030120000000002
          ],
          [
            80.03267000000001,
            13.029840000000002
          ],
          [
            80.03257,
            13.02978
          ],
          [
            80.03233,
            13.02964
          ],
          [
            80.03206,
            13.029480000000001
          ],
          [
            80.03156000000001,
            13.02918
          ],
          [
            80.03106000000001,
            13.028880000000001
          ],
          [
            80.03057000000001,
            13.02857
          ],
          [
            80.03012000000001,
            13.028300000000002
          ],
          [
            80.02968000000001,
            13.028030000000001
          ],
          [
            80.02924,
            13.027750000000001
          ],
          [
            80.02885,
            13.027510000000001
          ],
          [
            80.02845,
            13.027260000000002
          ],
          [
            80.02778,
            13.026860000000001
          ],
          [
            80.02731,
            13.026560000000002
          ],
          [
            80.02683,
            13.02626
          ],
          [
            80.02669,
            13.02617
          ],
          [
            80.02655,
            13.026100000000001
          ],
          [
            80.02637,
            13.02598
          ],
          [
            80.02624,
            13.025910000000001
          ],
          [
            80.02584,
            13.02565
          ],
          [
            80.02543,
            13.025400000000001
          ],
          [
            80.02476,
            13.024980000000001
          ],
          [
            80.02408000000001,
            13.024560000000001
          ],
          [
            80.02334,
            13.02411
          ],
          [
            80.02295000000001,
            13.023890000000002
          ],
          [
            80.02232000000001,
            13.02349
          ],
          [
            80.02220000000001,
            13.023430000000001
          ],
          [
            80.02149,
            13.023050000000001
          ],
          [
            80.02126000000001,
            13.02294
          ],
          [
            80.02096,
            13.02284
          ],
          [
            80.02075,
            13.022770000000001
          ],
          [
            80.02067000000001,
            13.02274
          ],
          [
            80.02035000000001,
            13.022660000000002
          ],
          [
            80.01993,
            13.022570000000002
          ],
          [
            80.01966,
            13.022530000000001
          ],
          [
            80.01919000000001,
            13.022480000000002
          ],
          [
            80.01878,
            13.022450000000001
          ],
          [
            80.01831,
            13.02241
          ],
          [
            80.01792,
            13.022380000000002
          ],
          [
            80.01764,
            13.022340000000002
          ],
          [
            80.01735000000001,
            13.02228
          ],
          [
            80.01700000000001,
            13.022190000000002
          ],
          [
            80.01683000000001,
            13.02213
          ],
          [
            80.01649,
            13.021980000000001
          ],
          [
            80.01617,
            13.021790000000001
          ],
          [
            80.01574000000001,
            13.021500000000001
          ],
          [
            80.01532,
            13.021220000000001
          ],
          [
            80.01491,
            13.020950000000001
          ],
          [
            80.01450000000001,
            13.020690000000002
          ],
          [
            80.01402,
            13.020380000000001
          ],
          [
            80.01355000000001,
            13.02007
          ],
          [
            80.01310000000001,
            13.019760000000002
          ],
          [
            80.01264,
            13.01946
          ],
          [
            80.01239000000001,
            13.019290000000002
          ],
          [
            80.01181000000001,
            13.018910000000002
          ],
          [
            80.01125,
            13.018580000000002
          ],
          [
            80.01069000000001,
            13.018250000000002
          ],
          [
            80.01056000000001,
            13.018180000000001
          ],
          [
            80.01006000000001,
            13.017930000000002
          ],
          [
            80.00956000000001,
            13.01767
          ],
          [
            80.00878,
            13.017290000000001
          ],
          [
            80.00831000000001,
            13.01707
          ],
          [
            80.00767,
            13.016810000000001
          ],
          [
            80.00703,
            13.01654
          ],
          [
            80.00693000000001,
            13.016490000000001
          ],
          [
            80.00631000000001,
            13.016240000000002
          ],
          [
            80.00628,
            13.01622
          ],
          [
            80.00545000000001,
            13.01589
          ],
          [
            80.00465000000001,
            13.015490000000002
          ],
          [
            80.00442000000001,
            13.015360000000001
          ],
          [
            80.00424000000001,
            13.015250000000002
          ],
          [
            80.00406000000001,
            13.015130000000001
          ],
          [
            80.00405,
            13.015060000000002
          ],
          [
            80.00374000000001,
            13.014850000000001
          ],
          [
            80.00335000000001,
            13.01458
          ],
          [
            80.00276000000001,
            13.014180000000001
          ],
          [
            80.00237000000001,
            13.013910000000001
          ],
          [
            80.00197,
            13.01364
          ],
          [
            80.00155000000001,
            13.01335
          ],
          [
            80.00113,
            13.013050000000002
          ],
          [
            80.00044000000001,
            13.01256
          ],
          [
            80.00045,
            13.01233
          ],
          [
            80.00073,
            13.01191
          ],
          [
            80.00091,
            13.01157
          ],
          [
            80.00105,
            13.011330000000001
          ],
          [
            80.00111000000001,
            13.01129
          ],
          [
            80.00162,
            13.011000000000001
          ],
          [
            80.00232000000001,
            13.010610000000002
          ]
        ]
      }
    }
  ]
}